#cP2018 11 15  0  0  0.00000000      96   u+U IGS14 FIT  GFZ                    
## 2027 345600.00000000   900.00000000 58437 0.0000000000000                    
+   53   G01G02G03G05G06G07G08G09G10G11G12G13G14G15G16G17G18                    
+        G19G20G21G22G23G24G25G26G27G28G29G30G31G32R01R02R03                    
+        R04R05R07R08R09R10R11R13R14R15R16R17R18R19R20R21R22                    
+        R23R24 00 00 00 00 00 00 00 00 00 00 00 00 00 00 00                    
+         00 00 00 00 00 00 00 00 00 00 00 00 00 00 00 00 00                    
++         7  6  6  5  6  5  6  6  5  8  5  6  6  6  8  6  5                    
++         5  6  5  6  7  7  6  6  6  7  6  7  7  6  8  6  8                    
++         5  7  7  6  7  7  6  5  7  0  6  7  9  7  8  8  7                    
++        10 10  0  0  0  0  0  0  0  0  0  0  0  0  0  0  0                    
++         0  0  0  0  0  0  0  0  0  0  0  0  0  0  0  0  0                    
%c M  cc GPS ccc cccc cccc cccc cccc ccccc ccccc ccccc ccccc                    
%c cc cc ccc ccc cccc cccc cccc cccc ccccc ccccc ccccc ccccc                    
%f  1.2500000  1.025000000  0.00000000000  0.000000000000000                    
%f  0.0000000  0.000000000  0.00000000000  0.000000000000000                    
%i    0    0    0    0      0      0      0      0         0                    
%i    0    0    0    0      0      0      0      0         0                    
/* PCV:IGS14_2022 OL/AL:FES2004  NONE     YN CLK:CoN ORB:CoN                    
/*     GeoForschungsZentrum Potsdam                                             
/*                                                                              
/*                                                                              
*  2018 11 15  0  0  0.00000000                                                 
PG01 -22283.905244 -14186.699470  -4205.698863   -114.420646                    
PG02   4634.863920  17437.901397  20140.041519    -58.801770                    
PG03 -13164.597172 -15260.193470  17294.726214    160.345089                    
PG05   3184.957164  26241.074821   -993.321096     -0.196764                    
PG06 -10812.482119  11108.928386  21602.415035    333.432361                    
PG07 -24384.289841  -4594.982924  -9843.104653     88.390398                    
PG08  -6780.237453 -13477.911802 -21800.587089   -122.202886                    
PG09 -22551.858048   4076.306847  13390.192598    492.422952                    
PG10  11635.279199 -15281.111589 -18224.747664    164.185188                    
PG11 -20281.566632 -10982.702525 -13528.234269   -699.770598                    
PG12   9993.772479  19531.210964  14906.171572    292.089965                    
PG13  -2004.320022  16876.911384 -20518.704715    -84.458430                    
PG14  15925.949670 -18086.211953  11265.309363    -95.792249                    
PG15  11756.095368  11053.217592 -21360.542963   -339.765025                    
PG16    376.445435 -26323.737810     14.978660     -1.153910                    
PG17 -21741.689241  15001.100401   2458.501482    -31.392023                    
PG18 -15853.014357 -17141.604233 -13274.610980     79.372287                    
PG19 -16746.335161  17367.164138  10945.167559   -383.666864                    
PG20  15158.454471  -5359.194844 -21255.468370    518.701759                    
PG21  23319.138500    582.146903 -11835.243319   -304.268478                    
PG22 -11548.218217 -21169.771800  11403.814451   -574.018377                    
PG23 -18162.350619  -4393.217531  19327.072643   -206.185579                    
PG24  19947.690469  15544.401345  -8752.764824    -58.155465                    
PG25  14658.005045   7497.996845  20709.477888   -676.888368                    
PG26   5065.789832 -23909.250687  10204.628092     39.513484                    
PG27   4117.970547 -18179.998641 -18895.722134    -18.155438                    
PG28 -12730.282284  12936.930060 -18792.325557    754.550593                    
PG29  21867.570801  -1307.946207  14997.873971    336.040138                    
PG30 -18889.315369   4674.146098 -18132.087426     -4.863009                    
PG31   8814.945955 -12505.369912  21754.673775     79.671077                    
PG32  20300.210294 -16735.832683   3280.560057   -356.885218                    
PR01  -7951.545196  -9257.426311  22395.433370     34.981183                    
PR02 -14102.011442  11494.744897  17934.469724    339.563795                    
PR03 -10953.411525  22928.831339   2514.138168    148.869392                    
PR04  -1083.967065  20777.788000 -14761.017801    283.786537                    
PR05   8729.227549   7050.571630 -22906.314456     15.481796                    
PR07  10732.408592 -23033.962190  -1956.393266    -51.586944                    
PR08   1517.259284 -21114.670773  14270.548777     20.482266                    
PR09  13150.855529    -94.478147  21862.110985     38.715591                    
PR10   1718.677588 -14130.518271  21174.714186     35.706700                    
PR11 -11368.048213 -21472.282863   7866.095326    -47.081318                    
PR13 -13422.703010   -707.752086 -21691.006952    -16.837461                    
PR14  -1895.828865  14182.390970 -21095.339376     33.013043                    
PR15   8486.369143  20840.911921 -12095.168494    -19.155911                    
PR16  17818.164891  16172.614234   8617.611254    106.419873                    
PR17 -14944.313421  10131.290193  18007.966987    180.348593                    
PR18   2983.165041  10254.123747  23177.466354     27.221802                    
PR19  19466.287917   5157.120571  15664.259157    -61.520442                    
PR20  25118.874426  -3555.060103  -2447.999121   -359.075445                    
PR21  14581.605834 -10156.505445 -18313.049297    -14.516529                    
PR22  -5703.220427  -9747.108658 -22878.742725    -64.675139                    
PR23 -22355.112608  -2830.614906 -11954.079739    190.742616                    
PR24 -24806.990174   4595.906172   3762.223850   -173.761878                    
*  2018 11 15  0 15  0.00000000                                                 
PG01 -21647.087160 -14104.241864  -6974.704711   -114.425432                    
PG02   2510.547671  16718.352771  21112.864365    -58.811502                    
PG03 -13192.996590 -17142.923629  15417.411379    160.348615                    
PG05   2872.387809  26218.185183   1848.800779     -0.196567                    
PG06 -13003.533939  10079.112464  20888.375787    333.426691                    
PG07 -25196.127963  -5212.062107  -7249.344082     88.384163                    
PG08  -4766.421229 -14925.623998 -21373.069094   -122.204177                    
PG09 -21343.526296   2917.512762  15499.496776    492.419961                    
PG10  11998.212493 -13128.333206 -19626.982193    164.181222                    
PG11 -18682.570062 -11295.457343 -15527.626882   -699.766811                    
PG12   9914.247639  21131.106586  12650.003745    292.087191                    
PG13  -4024.080639  17885.774373 -19323.688999    -84.457894                    
PG14  16994.043239 -18466.567600   8718.012233    -95.791844                    
PG15   9931.472423  12622.240199 -21382.037822   -339.763788                    
PG16    598.133982 -26139.704954   2937.517190     -1.155568                    
PG17 -21909.021322  14873.675774   -446.626473    -31.387198                    
PG18 -14326.768777 -16745.948773 -15406.839428     79.375764                    
PG19 -17816.196852  17788.904900   8349.426460   -383.663508                    
PG20  15696.357888  -2996.124710 -21340.744080    518.701884                    
PG21  24456.605468   1320.572810  -9383.802816   -304.262986                    
PG22 -11440.060213 -22345.317827   8961.839085   -574.026868                    
PG23 -16451.590171  -5796.555441  20437.001640   -206.184450                    
PG24  18812.261484  15370.260873 -11229.176284    -58.156382                    
PG25  14813.543889   9830.085172  19625.155607   -676.893341                    
PG26   5471.822873 -22636.909811  12624.075708     39.523426                    
PG27   5856.330828 -19287.791049 -17236.056785    -18.160149                    
PG28 -12859.327762  10597.848635 -20076.910895    754.552376                    
PG29  20389.943195   -221.426346  16998.287666    336.032895                    
PG30 -20581.062488   3626.445346 -16470.812059     -4.868149                    
PG31  11021.614723 -11421.342380  21379.228941     79.668553                    
PG32  20630.395976 -16640.169639    437.156856   -356.872509                    
PR01  -7054.241152 -11811.716628  21477.191272     34.981746                    
PR02 -13185.255041   9363.094779  19775.519218    339.564638                    
PR03 -10643.900791  22511.765378   5668.031792    148.870245                    
PR04  -1569.820533  22371.290386 -12162.483006    283.787348                    
PR05   7766.863603   9669.182491 -22290.702760     15.482657                    
PR07  10448.307199 -22670.626683  -5128.657638    -51.587536                    
PR08   1978.306199 -22641.163724  11619.014135     20.482268                    
PR09  14820.006804   1926.441833  20670.935321     38.717251                    
PR10   3332.014721 -11984.954058  22269.480465     35.708540                    
PR11 -10747.991584 -20499.604848  10791.825461    -47.082216                    
PR13 -15123.114751  -2667.581250 -20379.847815    -16.836545                    
PR14  -3530.659196  12065.149589 -22174.706821     33.013218                    
PR15   7577.099196  19450.307756 -14718.291015    -19.157273                    
PR16  18482.901640  16757.979726   5575.104832    106.420559                    
PR17 -16989.087296  10570.340159  15803.168577    180.350960                    
PR18    156.587391  10687.493360  23177.261739     27.222179                    
PR19  17391.321179   5283.098516  17902.696851    -61.521297                    
PR20  25194.051417  -3776.652156    794.798979   -359.076674                    
PR21  16665.018551 -10610.396328 -16153.918427    -14.518565                    
PR22  -2881.787903 -10141.542992 -23224.263368    -64.674696                    
PR23 -20707.830137  -2907.677947 -14609.445560    190.744750                    
PR24 -25042.148660   4839.133028    537.181993   -173.761975                    
*  2018 11 15  0 30  0.00000000                                                 
PG01 -20722.970318 -13947.438778  -9626.357471   -114.430293                    
PG02    267.152721  16085.019283  21741.626933    -58.820934                    
PG03 -13283.332101 -18796.347976  13274.875908    160.352162                    
PG05   2499.271810  25895.153803   4658.656540     -0.196352                    
PG06 -15152.387263   9204.823589  19816.098097    333.421108                    
PG07 -25761.295224  -5672.981709  -4533.158350     88.377966                    
PG08  -2884.787424 -16434.707912 -20575.330602   -122.205440                    
PG09 -20024.089053   1554.748233  17341.412153    492.416964                    
PG10  12494.867482 -10860.447494 -20688.666966    164.177311                    
PG11 -16896.681686 -11689.641950 -17266.646031   -699.763181                    
PG12   9899.036100  22463.574857  10175.831459    292.084778                    
PG13  -5858.171919  18919.354334 -17798.998760    -84.456793                    
PG14  17800.193352 -18731.592572   6020.816175    -95.791540                    
PG15   8193.163280  14266.658710 -21043.057739   -339.762548                    
PG16    856.961767 -25636.361117   5808.035417     -1.157879                    
PG17 -21818.997306  14556.828113  -3343.959412    -31.383334                    
PG18 -12572.845079 -16359.844753 -17283.548163     79.378887                    
PG19 -18606.222256  18101.644921   5609.382870   -383.660196                    
PG20  16342.420754   -672.712881 -21062.929539    518.702405                    
PG21  25348.829138   1907.710010  -6764.601776   -304.256861                    
PG22 -11322.866354 -23250.837880   6367.277033   -574.035933                    
PG23 -14732.391833  -7353.773467  21207.201033   -206.183623                    
PG24  17416.262379  15169.720300 -13516.668577    -58.157173                    
PG25  15071.597752  12006.420299  18200.075874   -676.898377                    
PG26   5989.064921 -21129.486844  14824.547171     39.533387                    
PG27   7375.320326 -20358.874755 -15278.506021    -18.164850                    
PG28 -13125.430896   8137.786972 -20997.115222    754.553488                    
PG29  18804.440175   1069.281372  18705.747590    336.025546                    
PG30 -22135.432280   2745.540312 -14527.627638     -4.873337                    
PG31  13220.342054 -10480.679378  20638.662856     79.666337                    
PG32  20716.758101 -16355.037635  -2413.810872   -356.859786                    
PR01  -6380.851799 -14290.307353  20141.739105     34.981860                    
PR02 -12366.903668   6976.413087  21234.188929    339.566088                    
PR03 -10254.021405  21709.221243   8712.204459    148.871242                    
PR04  -1841.435277  23675.893455  -9327.796015    283.788560                    
PR05   7028.825931  12253.143057 -21242.232843     15.483201                    
PR07  10078.571487 -21919.603664  -8201.001324    -51.588402                    
PR08   2228.218177 -23872.287029   8742.231884     20.482065                    
PR09  16513.897668   3697.149075  19078.281152     38.718406                    
PR10   5173.921423  -9885.000730  22931.777122     35.709381                    
PR11  -9824.355451 -19319.260987  13508.661835    -47.082944                    
PR13 -16835.058092  -4362.800253 -18673.340325    -16.837248                    
PR14  -5387.145460   9994.172275 -22822.534025     33.013759                    
PR15   6360.757541  17906.256730 -17056.622785    -19.157189                    
PR16  18925.593457  17018.817199   2424.997274    106.421627                    
PR17 -18712.651535  11096.687942  13291.019713    180.353617                    
PR18  -2601.881742  11326.466307  22727.762932     27.222358                    
PR19  15083.353776   5617.173411  19793.586741    -61.521978                    
PR20  24862.118895  -3923.975882   4022.121723   -359.078167                    
PR21  18430.708221 -11156.832038 -13681.443416    -14.520221                    
PR22    -82.740447 -10751.743236 -23118.636964    -64.675078                    
PR23 -18769.641626  -3176.354426 -16981.062123    190.747133                    
PR24 -24870.646255   5013.259339  -2698.296488   -173.762484                    
*  2018 11 15  0 45  0.00000000                                                 
PG01 -19516.333266 -13755.942084 -12116.196770   -114.435173                    
PG02  -2055.673547  15558.528724  22016.042252    -58.830442                    
PG03 -13402.668414 -20193.345834  10904.131298    160.355643                    
PG05   2031.930041  25285.876164   7387.128366     -0.196334                    
PG06 -17210.769224   8488.587865  18403.959543    333.415534                    
PG07 -26055.656497  -6006.301315  -1740.697047     88.371686                    
PG08  -1165.295911 -17965.808501 -19420.776424   -122.206432                    
PG09 -18636.959185     -6.072478  18884.057371    492.414004                    
PG10  13131.006802  -8525.282893 -21391.820085    164.173318                    
PG11 -14959.626829 -12183.595620 -18717.663593   -699.759520                    
PG12   9912.185742  23506.328564   7526.769256    292.082119                    
PG13  -7482.406662  19938.139116 -15970.358327    -84.455871                    
PG14  18350.483556 -18842.559019   3219.698765    -95.791498                    
PG15   6570.171813  15951.691092 -20348.074876   -339.761321                    
PG16   1190.520526 -24827.252914   8575.591150     -1.159731                    
PG17 -21497.767969  14021.359683  -6182.920196    -31.378656                    
PG18 -10616.909378 -16017.071296 -18874.436720     79.382032                    
PG19 -19124.229971  18266.202315   2772.739352   -383.657067                    
PG20  17080.622347   1568.282414 -20427.045130    518.702723                    
PG21  25969.459014   2369.844955  -4025.489545   -304.251684                    
PG22 -11161.570605 -23877.309403   3664.044226   -574.044935                    
PG23 -13044.289822  -9043.894190  21624.100758   -206.182583                    
PG24  15776.030642  14978.430401 -15576.718749    -58.158714                    
PG25  15406.442984  13987.330599  16459.863099   -676.903465                    
PG26   6639.373580 -19423.021061  16768.077064     39.543363                    
PG27   8662.632765 -21348.849602 -13056.282757    -18.169554                    
PG28 -13536.656462   5608.956002 -21535.097292    754.554509                    
PG29  17158.023619   2558.549047  20090.781816    336.018362                    
PG30 -23511.590800   2022.048513 -12336.070272     -4.878513                    
PG31  15364.332919  -9691.892902  19546.785897     79.663916                    
PG32  20584.684350 -15853.650020  -5222.968630   -356.847110                    
PR01  -5927.259944 -16626.521331  18415.064036     34.982281                    
PR02 -11689.372314   4386.342900  22282.209661    339.567325                    
PR03  -9840.038845  20526.584510  11587.783644    148.871913                    
PR04  -1935.664456  24646.172346  -6312.021272    283.789347                    
PR05   6517.240530  14733.738567 -19781.329234     15.483871                    
PR07   9679.487083 -20784.646622 -11113.527583    -51.589267                    
PR08   2304.918925 -24763.881872   5695.864624     20.482423                    
PR09  18172.048374   5191.499955  17114.832359     38.720558                    
PR10   7206.546474  -7889.876325  23148.424295     35.710162                    
PR11  -8587.625050 -17989.615448  15964.039934    -47.084288                    
PR13 -18496.317805  -5770.339682 -16604.557531    -16.838075                    
PR14  -7427.207504   8027.551689 -23026.246173     33.013785                    
PR15   4839.576935  16272.002442 -19064.686257    -19.158679                    
PR16  19098.939508  16983.624306   -771.896672    106.422086                    
PR17 -20080.689036  11657.783082  10520.274683    180.356122                    
PR18  -5225.067831  12148.107111  21837.855092     27.222713                    
PR19  12606.075202   6180.728550  21300.215707    -61.521376                    
PR20  24141.545357  -3942.504806   7171.135093   -359.079332                    
PR21  19843.308445 -11743.497021 -10943.626531    -14.522002                    
PR22   2624.275858 -11560.731270 -22563.456689    -64.674826                    
PR23 -16597.145847  -3667.103490 -19022.916491    190.749628                    
PR24 -24307.947123   5063.243461  -5881.394257   -173.763157                    
*  2018 11 15  1  0  0.00000000                                                 
PG01 -18040.485879 -13568.552778 -14402.489232   -114.440174                    
PG02  -4415.035212  15152.573152  21931.274977    -58.840067                    
PG03 -13514.648058 -21314.690387   8346.056044    160.359124                    
PG05   1440.311113  24412.345955   9986.440751     -0.196276                    
PG06 -19131.764082   7924.633227  16676.148937    333.409837                    
PG07 -26062.387674  -6244.882314   1080.968081     88.365600                    
PG08    369.556237 -19475.813592 -17929.080746   -122.207684                    
PG09 -17225.139418  -1750.767654  20100.710732    492.411006                    
PG10  13904.268866  -6171.688042 -21724.752149    164.169372                    
PG11 -12910.535240 -12789.464609 -19857.963671   -699.755559                    
PG12   9915.018254  24245.823590   4748.691896    292.079795                    
PG13  -8880.570576  20900.071094 -13868.700298    -84.454905                    
PG14  18659.111595 -18764.058585    362.806324    -95.790431                    
PG15   5085.359625  17638.350244 -19307.536169   -339.760203                    
PG16   1633.017410 -23735.017458  11191.023993     -1.161739                    
PG17 -20978.025624  13244.939737  -8913.488174    -31.374532                    
PG18  -8490.948984 -15746.873151 -20153.888316     79.385360                    
PG19 -19386.554886  18246.926296   -111.493220   -383.653254                    
PG20  17888.346114   3687.748579 -19444.111390    518.702924                    
PG21  26299.974596   2738.070750  -1215.637934   -304.245597                    
PG22 -10920.998910 -24223.772057    898.123580   -574.053564                    
PG23 -11423.230366 -10839.132544  21679.773251   -206.181653                    
PG24  13915.374129  14829.192778 -17374.520285    -58.159937                    
PG25  15786.621617  15739.672441  14435.469532   -676.908548                    
PG26   7437.832699 -17558.575127  18421.246152     39.553302                    
PG27   9714.723942 -22213.287598 -10607.378898    -18.174206                    
PG28 -14092.275178   3065.379712 -21680.282080    754.556155                    
PG29  15497.146672   4232.031009  21129.476639    336.011397                    
PG30 -24672.701797   1439.430847  -9933.819516     -4.883655                    
PG31  17407.100513  -9055.297535  18123.216741     79.661560                    
PG32  20265.541163 -15115.808200  -7941.635127   -356.834458                    
PR01  -5677.480779 -18757.168127  16330.743278     34.982557                    
PR02 -11185.623187   1652.552059  22899.207259    339.569551                    
PR03  -9457.001439  18982.247403  14239.185273    148.873072                    
PR04  -1897.332338  25247.135471  -3173.722463    283.790923                    
PR05   6221.905690  17044.361046 -17936.410921     15.484749                    
PR07   9306.441277 -19282.726595 -13809.439865    -51.590341                    
PR08   2254.054996 -25282.381166   2538.936213     20.482694                    
PR09  19731.847887   6395.588078  14818.528884     38.722310                    
PR10   9381.782071  -6051.617470  22914.890426     35.710589                    
PR11  -7040.837457 -16571.681862  18110.445017    -47.085167                    
PR13 -20043.227036  -6879.746146 -14213.599138    -16.838858                    
PR14  -9602.827470   6216.135903 -22781.923769     33.013634                    
PR15   3028.749270  14611.027723 -20703.316403    -19.158574                    
PR16  18964.051031  16690.970436  -3953.902820    106.422642                    
PR17 -21071.453901  12196.862686   7544.767807    180.358437                    
PR18  -7651.625755  13118.273242  20524.924228     27.223020                    
PR19  10027.747743   6982.999394  22393.323741    -61.522606                    
PR20  23063.550939  -3782.939865  10180.557567   -359.080501                    
PR21  20879.958822 -12313.638268  -7993.594270    -14.523967                    
PR22   5173.916830 -12539.615877 -21569.075505    -64.674601                    
PR23 -14253.740732  -4399.136816 -20695.410898    190.751365                    
PR24 -23382.354578   4938.800988  -8950.353698   -173.763049                    
*  2018 11 15  1 15  0.00000000                                                 
PG01 -16316.898956 -13421.638642 -16446.872834   -114.445069                    
PG02  -6766.143282  14873.426575  21488.030001    -58.849385                    
PG03 -13581.034465 -22149.631266   5644.686876    160.362575                    
PG05    699.395707  23303.807437  12411.040416     -0.196124                    
PG06 -20871.479059   7499.253501  14662.258336    333.404107                    
PG07 -25772.581767  -6424.444840   3884.585506     88.359039                    
PG08   1705.437694 -20919.461183 -16125.863087   -122.208331                    
PG09 -15829.598612  -3657.233793  20970.281526    492.408074                    
PG10  14804.185160  -3847.808939 -21682.238119    164.165355                    
PG11 -10790.618193 -13512.688379 -20669.986071   -699.752340                    
PG12   9867.793978  24677.620514   1889.426324    292.077016                    
PG13 -10044.862084  21762.164678 -11529.670261    -84.453971                    
PG14  18747.740592 -18465.544744  -2500.367678    -95.790409                    
PG15   3754.698304  19284.781315 -17937.784867   -339.759158                    
PG16   2213.683052 -22390.522510  13607.911340     -1.163666                    
PG17 -20297.675569  12213.241862 -11487.137539    -31.370349                    
PG18  -6232.251977 -15572.848523 -21101.296914     79.389313                    
PG19 -19417.205185  18013.169993  -2993.849848   -383.650362                    
PG20  18737.222364   5651.499397 -18130.954792    518.703629                    
PG21  26330.257479   3046.753061   1615.431012   -304.240003                    
PG22 -10567.395630 -24297.304430  -1883.189091   -574.062578                    
PG23  -9900.333681 -12705.737058  21372.116480   -206.180806                    
PG24  11864.848667  14750.618091 -18879.538365    -58.160218                    
PG25  16176.275561  17237.891132  12162.575083   -676.913668                    
PG26   8392.002502 -15580.734883  19755.753979     39.563194                    
PG27  10536.787158 -22909.497045  -7973.930347    -18.178879                    
PG28 -14782.688050    560.852019 -21429.642739    754.557601                    
PG29  13866.028429   6067.030665  21803.892715    336.003641                    
PG30 -25587.259804    974.828067  -7362.052868     -4.888828                    
PG31  19304.074758  -8563.177683  16392.991401     79.658988                    
PG32  19795.339579 -14128.865024 -10522.684419   -356.821885                    
PR01  -5604.525413 -20625.002517  13929.290189     34.982928                    
PR02 -10877.761972  -1159.484369  23073.098535    339.570728                    
PR03  -9156.240968  17107.002735  16615.173203    148.874076                    
PR04  -1777.088996  25455.657465     26.175054    283.792220                    
PR05   6120.895493  19123.094945 -15743.337366     15.485664                    
PR07   9011.377508 -17443.488497 -16236.163217    -51.590919                    
PR08   2126.827266 -25406.209784   -667.304359     20.482284                    
PR09  21131.143349   7308.078845  12233.846219     38.724081                    
PR10  11643.065724  -4413.056708  22235.405082     35.710864                    
PR11  -5199.718566 -15126.548248  19906.320883    -47.086424                    
PR13 -21413.300198  -7693.358656 -11546.820139    -16.839184                    
PR14 -11857.863620   4601.566825 -22094.375630     33.014182                    
PR15    956.074594  12984.428007 -21940.432509    -19.156601                    
PR16  18492.233418  16187.689551  -7059.654959    106.423378                    
PR17 -21676.501330  12655.516980   4422.366362    180.361189                    
PR18  -9828.332712  14193.046912  18814.512756     27.223267                    
PR19   7418.541065   8020.506815  23051.670619    -61.522576                    
PR20  21670.782896  -3403.545081  12991.860876   -359.082198                    
PR21  21531.061050 -12808.615950  -4888.569327    -14.525985                    
PR22   7507.632725 -13648.755247 -20154.439176    -64.674666                    
PR23 -11807.115344  -5379.400214 -21966.125985    190.753098                    
PR24 -22133.790969   4596.769506 -11845.672711   -173.763539                    
*  2018 11 15  1 30  0.00000000                                                 
PG01 -14374.544089 -13347.652431 -18214.951680   -114.449936                    
PG02  -9063.744053  14719.725985  20692.585878    -58.858885                    
PG03 -13563.333341 -22696.159219   2846.459820    160.366122                    
PG05   -209.598098  21995.628452  14618.437920     -0.195795                    
PG06 -22390.604834   7191.485844  12396.783983    333.398404                    
PG07 -25185.573724  -6582.039144   6623.449255     88.353063                    
PG08   2836.561622 -22251.049811 -14042.251997   -122.209271                    
PG09 -14487.738887  -5696.103308  21477.682981    492.405153                    
PG10  15812.526076  -1599.407511 -21265.571913    164.161406                    
PG11  -8641.798973 -14351.740998 -21141.495683   -699.748597                    
PG12   9731.408807  24806.406837  -1002.071901    292.074466                    
PG13 -10976.014073  22482.178703  -8993.049349    -84.452986                    
PG14  18644.555156 -17922.713430  -5319.854543    -95.789801                    
PG15   2586.779332  20847.736330 -16260.885666   -339.757962                    
PG16   2955.386333 -20831.677886  15783.468365     -1.165749                    
PG17 -19498.287942  10920.779898 -13857.777461    -31.365554                    
PG18  -3882.211219 -15512.052997 -21701.330850     79.393157                    
PG19 -19246.746093  17540.563559  -5825.248671   -383.646749                    
PG20  19594.198463   7431.368015 -16509.924900    518.704449                    
PG21  26058.825650   3331.913837   4418.758461   -304.234011                    
PG22 -10069.915932 -24112.703766  -4632.077536   -574.071489                    
PG23  -8500.828945 -14605.063528  20704.962976   -206.179972                    
PG24   9660.792457  14765.946152 -20066.007208    -58.159757                    
PG25  16536.650086  18464.783765   9680.917472   -676.918751                    
PG26   9501.474190 -13535.987565  20748.894782     39.573201                    
PG27  11142.384490 -23398.244404  -5201.493516    -18.183516                    
PG28 -15589.754768  -1853.102637 -20787.793401    754.558863                    
PG29  12305.026977   8033.196517  22102.377488    335.997136                    
PG30 -26230.229440    600.138254  -4664.748388     -4.893973                    
PG31  21014.132607  -8200.261457  14386.098913     79.656559                    
PG32  19213.228914 -12888.399417 -12921.381213   -356.809215                    
PR01  -5671.738502 -22180.948078  11257.366240     34.983736                    
PR02 -10776.103056  -3980.943444  22800.332743    339.572093                    
PR03  -8983.042965  14942.938207  18669.834129    148.875072                    
PR04  -1629.020428  25261.434021   3225.566749    283.793629                    
PR05   6181.668120  20915.119021 -13244.711361     15.486165                    
PR07   8840.407183 -15308.186223 -18346.381929    -51.592075                    
PR08   1977.583436 -25126.704638  -3860.568740     20.482165                    
PR09  22310.836383   7940.013606   9410.942122     38.725745                    
PR10  13927.555670  -3006.196522  21122.900926     35.711161                    
PR11  -3092.294279 -13712.818756  21316.865708    -47.087345                    
PR13 -22547.837565  -8225.948561  -8655.937690    -16.839350                    
PR14 -14130.218495   3214.721292 -20977.040923     33.014753                    
PR15  -1338.919314  11448.396818 -22751.679250    -19.156031                    
PR16  17666.360785  15526.746352 -10029.254788    106.424540                    
PR17 -21900.871329  12976.341412   1213.840219    180.363721                    
PR18 -11712.041736  15320.591704  16739.821546     27.223595                    
PR19   4847.799828   9277.037145  23262.447899    -61.522800                    
PR20  20015.530062  -2772.162029  15550.413550   -359.083357                    
PR21  21800.494280 -13170.545942  -1688.764346    -14.527944                    
PR22   9575.881819 -14839.396794 -18346.748119    -64.674582                    
PR23  -9326.579535  -6602.080937 -22810.444075    190.755556                    
PR24 -20612.112062   4003.173513 -14511.253301   -173.764026                    
*  2018 11 15  1 45  0.00000000                                                 
PG01 -12248.966934 -13373.803126 -19676.835166   -114.454839                    
PG02 -11263.576626  14682.525515  19556.770203    -58.868315                    
PG03 -13424.429278 -22960.944344     -0.585805    160.369546                    
PG05  -1298.259626  20527.939448  16569.992270     -0.195490                    
PG06 -23655.811543   6974.075366   9918.543976    333.392637                    
PG07 -24308.977091  -6754.486298   9252.100486     88.346760                    
PG08   3765.724224 -23426.184240 -11714.343535   -122.210590                    
PG09 -13232.013439  -7831.689787  21614.099846    492.402125                    
PG10  16903.959439    531.713749 -20482.505327    164.157402                    
PG11  -6505.342343 -15298.130570 -21265.682682   -699.744716                    
PG12   9469.057954  24645.684330  -3876.543686    292.072087                    
PG13 -11683.091541  23020.280518  -6302.102072    -84.452284                    
PG14  18383.055013 -17118.661867  -8046.116611    -95.789769                    
PG15   1582.605236  22284.134526 -14304.349309   -339.756994                    
PG16   3873.516785 -19101.969112  17679.368956     -1.167731                    
PG17 -18623.390480   9371.398815 -15982.670705    -31.361420                    
PG18  -1484.992696 -15574.346977 -21944.133912     79.396501                    
PG19 -18910.958499  16812.043058  -8557.798191   -383.643250                    
PG20  20422.796843   9006.073281 -14608.527223    518.704680                    
PG21  25492.738148   3629.603453   7146.786603   -304.228443                    
PG22  -9402.025483 -23691.876895  -7301.023840   -574.080462                    
PG23  -7243.202307 -16494.848516  19688.108791   -206.179164                    
PG24   7344.149898  14892.071208 -20913.362949    -58.160921                    
PG25  16827.705329  19411.940080   7033.567814   -676.923852                    
PG26  10757.745474 -11471.042506  21383.929457     39.583163                    
PG27  11552.745516 -23645.363615  -2338.245467    -18.188184                    
PG28 -16487.512802  -4129.168599 -19766.887670    754.560198                    
PG29  10849.173638  10093.521251  22019.768394    335.989585                    
PG30 -26583.949360    283.292998  -1887.946654     -4.899188                    
PG31  22500.996529  -7944.478521  12136.953418     79.654060                    
PG32  18559.878427 -11398.574463 -15096.173170   -356.796582                    
PR01  -5834.552691 -23385.993728   8366.874009     34.984030                    
PR02 -10878.743117  -6742.256139  22085.973563    339.573343                    
PR03  -8974.583614  12541.876553  20363.450571    148.876832                    
PR04  -1508.115792  24667.418928   6362.373255    283.794630                    
PR05   6362.631394  22374.825177 -10489.052046     15.487104                    
PR07   8831.681646 -12928.140794 -20098.972030    -51.592825                    
PR08   1861.273283 -24448.513896  -6978.741707     20.482002                    
PR09  23217.376444   8314.090958   6404.686125     38.727242                    
PR10  16168.590677  -1851.049194  19598.784027     35.712429                    
PR11   -757.990624 -12384.178064  22314.700576    -47.088202                    
PR13 -23394.392665  -8503.838890  -5597.032861    -16.839174                    
PR14 -16354.271026   2074.619058 -19451.722427     33.015296                    
PR15  -3806.353980  10051.928398 -23120.923518    -19.159082                    
PR16  16481.786269  14764.864186 -12805.404055    106.425611                    
PR17 -21762.718147  13105.561893  -2018.329292    180.366193                    
PR18 -13271.216999  16443.356553  14341.068012     27.223911                    
PR19   2381.357282  10724.170838  23021.528504    -61.522141                    
PR20  18157.552342  -1867.816956  17806.544309   -359.083824                    
PR21  21705.281848 -13344.922954   1543.781368    -14.529835                    
PR22  11339.970996 -16055.727584 -16180.952103    -64.673970                    
PR23  -6880.342166  -8048.661853 -23212.021145    190.757355                    
PR24 -18875.027504   3134.902494 -16895.481022   -173.764609                    
*  2018 11 15  2  0  0.00000000                                                 
PG01  -9981.125777 -13520.927715 -20807.615718   -114.459752                    
PG02 -13323.814022  14745.626271  18097.872941    -58.877799                    
PG03 -13130.174287 -22958.951764  -2847.626887    160.373036                    
PG05  -2570.321166  18944.094014  18231.621211     -0.195107                    
PG06 -24640.927111   6814.689737   7270.021810    333.386966                    
PG07 -23158.434984  -6976.842674  11726.999714     88.340843                    
PG08   4504.000975 -24403.486636  -9182.564093   -122.212181                    
PG09 -12088.748961 -10023.184991  21377.145523    492.399183                    
PG10  18046.993832   2509.121548 -19347.075012    164.153468                    
PG11  -4420.526946 -16336.651892 -21041.198104   -699.741070                    
PG12   9047.804197  24217.138249  -6685.240067    292.069607                    
PG13 -12182.971245  23340.638053  -3502.858369    -84.451152                    
PG14  18000.630950 -16044.772807 -10630.969325    -95.788952                    
PG15    735.675913  23552.651469 -12100.754128   -339.755836                    
PG16   4975.183058 -17248.777035  19262.467257     -1.169389                    
PG17 -17716.672068   7578.390960 -17823.306038    -31.357074                    
PG18    913.888596 -15762.006753 -21825.464123     79.400253                    
PG19 -18449.327243  15818.601050 -11145.563400   -383.639875                    
PG20  21184.514468  10361.828612 -12458.976810    518.705344                    
PG21  24647.191012   3974.326450   9754.110004   -304.222522                    
PG22  -8542.750831 -23062.961892  -9843.639865   -574.089276                    
PG23  -6138.592190 -18330.642300  18337.256220   -206.178289                    
PG24   4959.124873  15138.809188 -21406.605499    -58.160959                    
PG25  17009.772014  20079.850417   4266.166544   -676.928925                    
PG26  12144.420574  -9431.159898  21650.348650     39.593189                    
PG27  11795.759290 -23623.185877    565.877571    -18.192830                    
PG28 -17443.252951  -6225.986788 -18386.326315    754.561430                    
PG29   9526.925008  12205.605945  21557.483246    335.982546                    
PG30 -26638.768133    -10.316972    921.016483     -4.904358                    
PG31  23734.453429  -7767.970104   9683.812102     79.651848                    
PG32  17875.811656  -9672.163927 -17009.424992   -356.783908                    
PR01  -6042.585092 -24212.684623   5313.948735     34.984738                    
PR02 -11171.661840  -9375.746051  20943.619048    339.575143                    
PR03  -9158.218936   9963.425363  21663.256572    148.878056                    
PR04  -1467.699280  23689.725315   9375.743029    283.795850                    
PR05   6615.098878  23467.566703  -7529.853931     15.487724                    
PR07   9013.615822 -10362.786237 -21459.809574    -51.593738                    
PR08   1830.874851 -23389.456390  -9961.096375     20.481779                    
PR09  23805.044937   8463.455062   3273.590300     38.729008                    
PR10  18298.332389   -954.992309  17692.535150     35.712574                    
PR11   1753.741658 -11187.179061  22880.398525    -47.088699                    
PR13 -23908.998905  -8563.540736  -2429.466130    -16.839170                    
PR14 -18463.471088   1187.842135 -17548.156498     33.015562                    
PR15  -6387.820216   8834.834088 -23040.595773    -19.157463                    
PR16  14946.749941  13960.012508 -15334.489071    106.426830                    
PR17 -21292.401031  12995.520518  -5211.177137    180.368783                    
PR18 -14486.989225  17500.535391  11664.712242     27.224406                    
PR19     79.005792  12322.338631  22333.549128    -61.521948                    
PR20  16161.617998   -681.852289  19716.504581   -359.084777                    
PR21  21274.724233 -13283.113762   4746.399881    -14.531842                    
PR22  12773.444332 -17237.250277 -13699.085511    -64.673827                    
PR23  -4532.850572  -9688.520796 -23163.099023    190.759199                    
PR24 -16985.715005   1980.931583 -18952.215082   -173.764741                    
*  2018 11 15  2 15  0.00000000                                                 
PG01  -7616.035100 -13802.604427 -21587.779382   -114.464614                    
PG02 -15206.441397  14886.176724  16338.492732    -58.887160                    
PG03 -12650.867051 -22712.750882  -5645.885827    160.376502                    
PG05  -4021.312518  17289.014095  19574.421774     -0.194822                    
PG06 -25327.852866   6677.336968   4496.646274    333.381238                    
PG07 -21757.096657  -7280.940684  14007.165002     88.334617                    
PG08   5070.112538 -25146.204285  -6490.949541   -122.213439                    
PG09 -11077.218533 -12226.061763  20770.905761    492.396168                    
PG10  19205.168004   4302.943688 -17879.323179    164.149442                    
PG11  -2423.402030 -17445.880459 -20472.128671   -699.737513                    
PG12   8439.993093  23549.716253  -9380.712807    292.066760                    
PG13 -12499.521591  23412.878011   -643.340400    -84.450432                    
PG14  17536.978722 -14701.281537 -13028.498505    -95.788733                    
PG15     32.373229  24615.276406  -9687.264165   -339.754562                    
PG16   6258.761108 -15321.556462  20505.403022     -1.171555                    
PG17 -16820.173437   5564.224408 -19346.199422    -31.352706                    
PG18   3269.039530 -16069.611816 -21346.769773     79.403723                    
PG19 -17903.418145  14559.735876 -13545.281732   -383.636697                    
PG20  21840.312353  11492.671695 -10097.678393    518.705496                    
PG21  23544.835644   4397.578314  12198.135144   -304.216950                    
PG22  -7477.728302 -22259.211076 -12215.496234   -574.098071                    
PG23  -5190.458962 -20067.353895  16673.864250   -206.177588                    
PG24   2551.709822  15508.435881 -21536.582920    -58.160993                    
PG25  17045.187531  20477.682651   1426.134129   -676.934005                    
PG26  13637.725396  -7458.552101  21544.024303     39.603168                    
PG27  11904.698708 -23311.729347   3460.086235    -18.197497                    
PG28 -18418.898279  -8109.630253 -16672.286081    754.563059                    
PG29   8359.180801  14323.141130  20723.496166    335.975388                    
PG30 -26393.389278   -316.321135   3714.294753     -4.909538                    
PG31  24691.353384  -7638.311599   7068.148068     79.649445                    
PG32  17199.759912  -7730.245561 -18628.080324   -356.771272                    
PR01  -6241.986642 -24646.145721   2157.868008     34.985228                    
PR02 -11629.346927 -11818.197537  19395.159655    339.577447                    
PR03  -9550.197405   7272.716016  22544.062838    148.880448                    
PR04  -1556.935558  22356.995503  12207.229970    283.797325                    
PR05   6885.553503  24170.963667  -4424.549963     15.488903                    
PR07   9403.539813  -7677.385389 -22402.438528    -51.594859                    
PR08   1934.901689 -21979.844987 -12749.487607     20.481294                    
PR09  24037.932010   8430.042191     78.662328     38.730846                    
PR10  20250.479695   -312.668049  15441.148158     35.713739                    
PR11   4385.223086 -10159.345299  23002.864293    -47.090000                    
PR13 -24058.061618  -8449.964574    785.272622    -16.839814                    
PR14 -20392.988151    548.488311 -15303.428359     33.016344                    
PR15  -9018.568462   7826.156670 -22511.867326    -19.157528                    
PR16  13082.266342  13168.857333 -17567.598617    106.428280                    
PR17 -20531.075008  12606.914721  -8302.493737    180.371421                    
PR18 -15353.689195  18430.680236   8762.565409     27.224769                    
PR19  -2007.771305  14022.362076  21211.823763    -61.521030                    
PR20  14094.852844    781.465441  21243.311677   -359.086068                    
PR21  20549.035417 -12944.615480   7857.004475    -14.534049                    
PR22  13862.959323 -18321.384497 -10949.454699    -64.673983                    
PR23  -2342.301072 -11480.050688 -22664.652347    190.761720                    
PR24 -15010.228161    543.033549 -20641.670865   -173.765304                    
*  2018 11 15  2 30  0.00000000                                                 
PG01  -5201.260556 -14224.540621 -22003.543573   -114.469560                    
PG02 -16878.524849  15075.530451  14306.310542    -58.897062                    
PG03 -11962.566111 -22251.545785  -8347.456016    160.379953                    
PG05  -5638.549094  15607.487798  20575.188079     -0.194443                    
PG06 -25707.181165   6523.931602   1646.019320    333.375477                    
PG07 -20134.839206  -7694.055081  16054.771981     88.328720                    
PG08   5489.486075 -25623.648829  -3686.354835   -122.214396                    
PG09 -10209.000952 -14393.628864  19805.867957    492.393194                    
PG10  20338.438673   5890.799980 -16104.919274    164.145456                    
PG11   -545.666637 -18598.889559 -19567.913817   -699.734003                    
PG12   7624.464376  22678.454643 -11917.571572    292.064404                    
PG13 -12662.512774  23213.352544   2227.253911    -84.449471                    
PG14  17032.415213 -13097.495726 -15195.950831    -95.788164                    
PG15   -547.364757  25438.775931  -7105.046169   -339.753509                    
PG16   7713.809379 -13369.952465  21387.078110     -1.173524                    
PG17 -15972.544047   3359.887997 -20523.599916    -31.348222                    
PG18   5536.659438 -16484.213222 -20515.201346     79.407258                    
PG19 -17315.204971  13043.587940 -15717.021596   -383.633385                    
PG20  22352.140362  12400.503136  -7564.639666    518.705734                    
PG21  22214.858118   4926.541640  14439.647412   -304.211236                    
PG22  -6200.005933 -21317.676278 -14374.932626   -574.106829                    
PG23  -4394.547437 -21660.854747  14724.901478   -206.176591                    
PG24    168.141981  15995.516085 -21300.191970    -58.161373                    
PG25  16899.850869  20622.742141  -1438.129848   -676.939151                    
PG26  15207.316319  -5590.918327  21067.249151     39.613148                    
PG27  11916.728416 -22699.597519   6293.669659    -18.202110                    
PG28 -19372.618146  -9754.742274 -14657.089058    754.564456                    
PG29   7358.605146  16397.547883  19532.199452    335.968397                    
PG30 -25854.913320   -669.811147   6444.322326     -4.914749                    
PG31  25356.355189  -7519.901502   4333.986552     79.646894                    
PG32  16567.100505  -5601.572964 -19924.239165   -356.758645                    
PR01  -6377.944537 -24684.595811  -1040.099185     34.985634                    
PR02 -12215.918964 -14013.248025  17470.377213    339.579525                    
PR03 -10154.849746   4537.923623  22988.740291    148.880943                    
PR04  -1818.514397  20709.266043  14801.923227    283.798427                    
PR05   7118.122793  24475.711656  -1233.398622     15.489307                    
PR07  10006.836185  -4940.511757 -22908.585127    -51.595438                    
PR08   2215.098403 -20261.300573 -15289.499164     20.481545                    
PR09  23891.520481   8262.556065  -3117.795900     38.733143                    
PR10  21962.940689     93.568722  12888.415327     35.714983                    
PR11   7072.689740  -9327.666801  22679.557412    -47.090874                    
PR13 -23819.835461  -8214.282439   3984.757355    -16.840131                    
PR14 -22082.303361    138.659099 -12761.244381     33.016808                    
PR15 -11629.980747   7043.050739 -21544.657871    -19.157130                    
PR16  10921.494455  12444.279600 -19461.457234    106.428566                    
PR17 -19528.841940  11910.693196 -11232.049952    180.373500                    
PR18 -15878.838667  19174.359149   5690.796821     27.224957                    
PR19  -3837.712985  15767.415026  19678.089677    -61.521768                    
PR20  12024.012969   2504.886888  22357.456943   -359.087433                    
PR21  19577.540278 -12298.983584  10815.288115    -14.535954                    
PR22  14608.612104 -19246.182720  -7985.692641    -64.673863                    
PR23   -358.423023 -13372.254408 -21726.367804    190.763342                    
PR24 -13014.805906  -1164.047907 -21931.178952   -173.765643                    
*  2018 11 15  2 45  0.00000000                                                 
PG01  -2785.317253 -14784.259634 -22047.116301   -114.474555                    
PG02 -18313.325422  15280.339487  12033.784837    -58.906364                    
PG03 -11048.186708 -21609.964802 -10906.110074    160.383412                    
PG05  -7401.453842  13942.489365  21216.816194     -0.193946                    
PG06 -25778.491013   6315.948683  -1232.895413    333.369723                    
PG07 -18327.261504  -8237.739695  17835.711875     88.322190                    
PG08   5793.050404 -25812.408687   -817.609997   -122.216159                    
PG09  -9487.651121 -16478.677671  18498.737300    492.390299                    
PG10  21404.712017   7258.439625 -14054.691287    164.141432                    
PG11   1186.294537 -19764.166357 -18343.206842   -699.730445                    
PG12   6587.516918  21643.097641 -14253.198548    292.061664                    
PG13 -12706.297995  22726.163400   5059.397191    -84.448615                    
PG14  16526.167158 -11251.652844 -17094.575011    -95.788138                    
PG15  -1029.100793  25996.003190  -4398.590929   -339.752452                    
PG16   9321.351457 -11441.934467  21892.995981     -1.175363                    
PG17 -15207.442900   1003.875893 -21334.078354    -31.343942                    
PG18   7675.962843 -16985.779830 -19343.557172     79.410960                    
PG19 -16725.407421  11286.762399 -17624.777899   -383.630090                    
PG20  22684.440906  13094.832501  -4902.825126    518.706738                    
PG21  20691.862984   5582.980323  16443.288417   -304.205498                    
PG22  -4710.561929 -20277.746264 -16283.832366   -574.115884                    
PG23  -3739.150767 -23069.583128  12522.497439   -206.175687                    
PG24  -2146.658330  16587.033869 -20700.488789    -58.161491                    
PG25  16544.639367  20539.639941  -4278.046631   -676.944216                    
PG26  16817.349897  -3860.167652  20228.665699     39.623085                    
PG27  11871.257292 -21784.546954   9016.932462    -18.206806                    
PG28 -20260.598318 -11145.290897 -12378.438169    754.565726                    
PG29   6529.277124  18379.715901  18004.153759    335.961206                    
PG30 -25038.575725  -1103.804255   9064.599101     -4.919992                    
PG31  25722.395254  -7375.466133   1527.212720     79.644502                    
PG32  16008.441581  -3321.650639 -20875.640377   -356.745951                    
PR01  -6397.231505 -24339.331136  -4217.881567     34.986262                    
PR02 -12886.710834 -15913.505786  15206.390542    339.581678                    
PR03 -10964.290254   1827.668652  22988.553317    148.881938                    
PR04  -2286.612508  18796.375510  17109.507563    283.799475                    
PR05   7257.160861  24385.860681   1981.683461     15.489921                    
PR07  10816.599720  -2221.403174 -22968.508945    -51.595491                    
PR08   2704.424227 -18285.105132 -17531.520824     20.481273                    
PR09  23353.807915   8014.158852  -6253.419348     38.734600                    
PR10  23380.348734    292.672189  10084.072859     35.715711                    
PR11   9748.699250  -8707.551782  21916.553854    -47.092003                    
PR13 -23185.424293  -7911.531655   7106.839015    -16.839779                    
PR14 -23477.636751    -70.540154  -9971.075798     33.017837                    
PR15 -14152.222848   6490.178027 -20157.470749    -19.155704                    
PR16   8508.613688  11833.063867 -20979.257156    106.429082                    
PR17 -18342.541009  10889.526613 -13942.782560    180.376266                    
PR18 -16082.600217  19676.748462   2508.857789     27.225267                    
PR19  -5381.260088  17495.324908  17762.090299    -61.522544                    
PR20  10012.795229   4458.672789  23037.466173   -359.088383                    
PR21  18416.508750 -11327.347965  13563.887536    -14.537878                    
PR22  15023.696707 -19953.043811  -4865.699644    -64.673985                    
PR23   1379.372595 -15306.748644 -20366.456183    190.765336                    
PR24 -11063.195099  -3112.971227 -22795.807166   -173.766096                    
*  2018 11 15  3  0  0.00000000                                                 
PG01   -416.027184 -15471.101127 -21716.871269   -114.479380                    
PG02 -19491.215424  15463.852789   9557.762791    -58.915723                    
PG03  -9898.339302 -20826.656077 -13278.077967    160.386961                    
PG05  -9282.199193  12333.589416  21488.588886     -0.193641                    
PG06 -25550.309863   6016.101261  -4090.609913    333.364060                    
PG07 -16374.484214  -8926.874105  19320.103687     88.316194                    
PG08   6015.814516 -25697.285712   2065.360283   -122.217893                    
PG09  -8908.693812 -18435.157007  16872.143068    492.387378                    
PG10  22361.459404   8400.064060 -11764.076381    164.137442                    
PG11   2752.188851 -20906.697683 -16817.681067   -699.726832                    
PG12   5323.594010  20486.561804 -16348.412583    292.059108                    
PG13 -12668.316127  21943.901264   7804.094197    -84.447910                    
PG14  16054.705421  -9190.415923 -18690.391447    -95.787942                    
PG15  -1442.719571  26266.995730  -1614.947849   -339.751489                    
PG16  11054.510298  -9582.025815  22015.460556     -1.177320                    
PG17 -14552.155489  -1459.147801 -21762.980202    -31.339422                    
PG18   9650.507363 -17547.911103 -17850.159867     79.414812                    
PG19 -16171.899291   9313.848257 -19237.000304   -383.626738                    
PG20  22805.575549  13592.240627  -2157.458786    518.706769                    
PG21  19014.607822   6382.360619  18177.949083   -304.199506                    
PG22  -3018.513940 -19179.593406 -17908.344084   -574.124594                    
PG23  -3205.673262 -24256.088396  10103.490174   -206.174651                    
PG24  -4350.610639  17262.823570 -19746.704223    -58.161945                    
PG25  15956.636541  20259.204309  -7045.645807   -676.949233                    
PG26  18427.771054  -2291.377333  19043.088020     39.633141                    
PG27  11808.203722 -20573.698916  11582.116214    -18.211441                    
PG28 -21038.882599 -12274.914913  -9878.548534    754.567026                    
PG29   5866.683449  20221.771640  16165.730942    335.953862                    
PG30 -23967.190622  -1647.786099  11530.459047     -4.925130                    
PG31  25790.865160  -7167.626070  -1305.141295     79.642184                    
PG32  15548.409286   -931.548639 -21466.040934   -356.733266                    
PR01  -6250.693741 -23634.179921  -7313.809567     34.987022                    
PR02 -13590.237064 -17482.305043  12646.956388    339.583831                    
PR03 -11958.643112   -791.594283  22543.336379    148.882327                    
PR04  -2985.218812  16675.981501  19085.234093    283.800557                    
PR05   7249.827852  23918.553205   5158.320710     15.490663                    
PR07  11813.833961    412.701845 -22581.184367    -51.595798                    
PR08   3425.412395 -16110.162287 -19431.732957     20.481229                    
PR09  22425.917538   7739.977423  -9267.014737     38.735648                    
PR10  24456.315139    323.438780   7082.823299     35.716815                    
PR11  12344.700768  -8302.278246  20728.444138    -47.092769                    
PR13 -22159.260633  -7598.061878  10090.854720    -16.840321                    
PR14 -24534.108221   -117.531869  -6987.190901     33.018474                    
PR15 -16516.966614   6159.645075 -18377.056832    -19.155087                    
PR16   5897.249335  11373.853083 -22091.373586    106.430045                    
PR17 -17033.273228   9538.789381 -16381.915797    180.378899                    
PR18 -15996.709707  19890.051190   -721.657839     27.225332                    
PR19  -6621.540276  19141.118220  15501.002484    -61.523181                    
PR20   8119.297426   6601.617738  23270.302650   -359.089261                    
PR21  17126.717850 -10023.452725  16049.490793    -14.539765                    
PR22  15133.908095 -20389.306523  -1650.491998    -64.674463                    
PR23   2843.404249 -17220.093919 -18611.300761    190.767140                    
PR24  -9214.096809  -5264.701599 -23218.834776   -173.765933                    
*  2018 11 15  3 15  0.00000000                                                 
PG01   1861.105931 -16266.538873 -21017.433408   -114.484256                    
PG02 -20400.358170  15587.380541   6919.003055    -58.925159                    
PG03  -8511.877674 -19942.743139 -15422.782690    160.390466                    
PG05 -11246.641806  10815.519070  21386.336248     -0.193723                    
PG06 -25039.742567   5589.975999  -6877.960793    333.358303                    
PG07 -14319.795576  -9768.953343  20482.756495     88.310186                    
PG08   6195.287935 -25271.918525   4912.435337   -122.219113                    
PG09  -8459.940321 -20219.811247  14954.240466    492.384449                    
PG10  23167.355420   9318.326345  -9272.501421    164.133428                    
PG11   4138.382294 -21989.191624 -15015.780875   -699.723108                    
PG12   3835.665822  19253.302149 -18168.075910    292.056588                    
PG13 -12587.473860  20868.068682  10413.743133    -84.446737                    
PG14  15650.197028  -6948.024828 -19954.869608    -95.787269                    
PG15  -1821.057368  26239.811867   1197.114689   -339.750347                    
PG16  12879.463017  -7829.700393  21753.635182     -1.179148                    
PG17 -14026.489531  -3979.948027 -21802.728413    -31.334995                    
PG18  11429.381485 -18138.796925 -16058.660069     79.418584                    
PG19 -15688.242214   7156.653720 -20527.051017   -383.623226                    
PG20  22689.120748  13915.577436    624.715034    518.707170                    
PG21  17224.635805   7333.218610  19617.085576   -304.193776                    
PG22  -1141.005829 -18062.591661 -19219.533458   -574.133438                    
PG23  -2769.477836 -25188.453653   7508.870351   -206.173921                    
PG24  -6405.901798  17996.290078 -18454.159109    -58.162631                    
PG25  15120.127992  19817.178837  -9694.330084   -676.954324                    
PG26  19995.769460   -902.023929  17531.221384     39.643020                    
PG27  11766.246123 -19083.384704  13944.284653    -18.216061                    
PG28 -21665.201068 -13146.857788  -7203.206696    754.568062                    
PG29   5358.052852  21878.808378  14048.655828    335.946899                    
PG30 -22670.320793  -2326.387958  13799.810390     -4.930425                    
PG31  25571.492894  -6860.468717  -4115.622691     79.639576                    
PG32  15204.684541   1523.496616 -21685.485815   -356.720599                    
PR01  -5895.571925 -22604.451275 -10267.810706     34.987474                    
PR02 -14270.471716 -18695.024680   9841.637300    339.585815                    
PR03 -13106.785815  -3258.094298  21661.510171    148.883757                    
PR04  -3926.894097  14411.269384  20690.783142    283.802215                    
PR05   7048.557608  23103.232789   8234.886391     15.491358                    
PR07  12968.175926   2899.133843 -21754.309669    -51.596030                    
PR08   4388.977226 -13800.650690 -20952.977892     20.481039                    
PR09  21122.170711   7494.532651 -12099.773218     38.737474                    
PR10  25155.321756    232.614907   3943.254640     35.718688                    
PR11  14793.664055  -8102.968904  19138.068545    -47.094029                    
PR13 -20759.043597  -7328.933945  12878.809076    -16.840049                    
PR14 -25217.542147    -48.393072  -3867.594933     33.018723                    
PR15 -18660.068408   6031.487646 -16237.911501    -19.157105                    
PR16   3148.509293  11095.454856 -22775.949639    106.430943                    
PR17 -15663.765855   7867.009767 -18501.996086    180.381377                    
PR18 -15662.936399  19775.640466  -3938.195404     27.225555                    
PR19  -7554.818058  20639.704140  12938.718644    -61.522580                    
PR20   6393.733248   8882.562069  23051.606294   -359.090793                    
PR21  15770.843486  -8394.174832  18223.867089    -14.541712                    
PR22  14976.023285 -20510.609890   1597.016885    -64.674225                    
PR23   4018.633031 -19046.354339 -16494.948502    190.769228                    
PR24  -7518.841338  -7569.910469 -23192.070641   -173.766456                    
*  2018 11 15  3 30  0.00000000                                                 
PG01   4004.445560 -17144.808939 -19959.669841   -114.489125                    
PG02 -21037.118089  15611.876550   4161.607375    -58.934605                    
PG03  -6896.135432 -19000.199475 -17303.522022    160.393962                    
PG05 -13255.511034   9416.944333  20912.471315     -0.193462                    
PG06 -24271.781237   5007.562834  -9546.955406    333.352583                    
PG07 -12208.187625 -10763.646577  21303.577342     88.303829                    
PG08   6369.807739 -24539.068053   7674.197107   -122.220306                    
PG09  -8122.114732 -21793.718264  12778.215347    492.381542                    
PG10  23783.876166  10024.010328  -6622.704552    164.129372                    
PG11   5338.235723 -22973.396986 -12966.416727   -699.719649                    
PG12   2135.296520  17987.639191 -19681.637418    292.053801                    
PG13 -12502.470883  19509.167094  12842.980579    -84.445573                    
PG14  15339.142679  -4565.136213 -20865.494616    -95.786974                    
PG15  -2198.394440  25911.065016   3988.007089   -339.749126                    
PG16  14756.672232  -6218.008680  21113.466401     -1.181170                    
PG17 -13641.999119  -6506.511923 -21452.967240    -31.330227                    
PG18  12988.209814 -18722.396703 -13997.763753     79.422309                    
PG19 -15302.395238   4853.186575 -21473.589697   -383.620065                    
PG20  22314.983157  14092.924258   3396.202660    518.707707                    
PG21  15364.853032   8436.784930  20738.965805   -304.187904                    
PG22    897.228067 -16963.770256 -20193.949040   -574.142387                    
PG23  -2400.991630 -25841.537113   4783.125352   -206.172923                    
PG24  -8280.263347  18755.395941 -16844.075978    -58.162743                    
PG25  14027.331360  19252.757038 -12179.608178   -676.959438                    
PG26  21477.347877    298.486086  15719.286127     39.653012                    
PG27  11781.132015 -17338.630489  16062.152833    -18.220703                    
PG28 -22100.704451 -13773.506403  -4400.789833    754.569655                    
PG29   4983.018367  23310.511487  11689.454970    335.939512                    
PG30 -21183.204397  -3158.248677  15833.836780     -4.935610                    
PG31  25081.932423  -6421.071440  -6857.090294     79.637123                    
PG32  14987.326451   3995.640530 -21530.464668   -356.707860                    
PR01  -5297.556855 -21295.423044 -13022.573064     34.987891                    
PR02 -14869.339670 -19539.914454   6844.851034    339.587619                    
PR03 -14367.580607  -5517.066133  20359.935997    148.885077                    
PR04  -5112.017825  12068.447894  21895.003099    283.803913                    
PR05   6613.309003  21980.356975  11151.695524     15.491796                    
PR07  14239.117883   5182.161423 -20504.144381    -51.596822                    
PR08   5593.721787 -11423.468938 -22065.499763     20.480942                    
PR09  19469.616993   7329.203050 -14696.435127     38.739168                    
PR10  25454.172025     72.661067    726.678550     35.720342                    
PR11  17032.659752  -8089.091315  17176.093011    -47.095158                    
PR13 -19015.137003  -7155.381123  15416.504263    -16.840559                    
PR14 -25505.840495     85.341965   -672.898767     33.018720                    
PR15 -20524.090420   6074.682784 -13781.612920    -19.158703                    
PR16    328.709857  11015.570719 -23019.339178    106.432041                    
PR17 -14295.689128   5895.768504 -20261.819139    180.384014                    
PR18 -15131.135229  19305.837954  -7078.441333     27.225827                    
PR19  -8190.391870  21928.583997  10124.997126    -61.522209                    
PR20   4876.495825  11242.328922  22385.765502   -359.092003                    
PR21  14410.791415  -6459.498878  20044.799454    -14.543471                    
PR22  14596.117972 -20282.917231   4813.276320    -64.674372                    
PR23   4903.041071 -20719.780848 -14058.453426    190.771224                    
PR24  -6019.387377  -9970.813067 -22716.009819   -173.767551                    
*  2018 11 15  3 45  0.00000000                                                 
PG01   5977.637472 -18073.829908 -18560.581881   -114.493956                    
PG02 -21406.175759  15499.583296   1332.360890    -58.944044                    
PG03  -5066.841462 -18040.204016 -18888.085757    160.397547                    
PG05 -15265.801963   8159.497652  20075.902737     -0.192786                    
PG06 -23278.322169   4244.618484 -12051.600422    333.346889                    
PG07 -10084.831342 -11902.642724  21767.919633     88.297646                    
PG08   6576.840634 -23510.554847  10302.810547   -122.221720                    
PG09  -7869.764323 -23123.667742  10381.700962    492.378584                    
PG10  24176.797882  10535.404594  -3860.009396    164.125379                    
PG11   6352.197715 -23821.479312 -10702.602635   -699.716166                    
PG12    242.394306  16732.106774 -20863.607145    292.050951                    
PG13 -12450.134665  17886.441722  15049.493657    -84.444837                    
PG14  15141.259496  -2087.399883 -21406.207746    -95.786596                    
PG15  -2608.872404  25286.127497   6708.255091   -339.747990                    
PG16  16642.339486  -4772.483967  20107.480557     -1.183076                    
PG17 -13401.571094  -8985.957366 -20720.543633    -31.325814                    
PG18  14309.937552 -19259.801977 -11700.879523     79.426147                    
PG19 -15035.643994   2446.416158 -22060.883529   -383.616620                    
PG20  21670.290906  14156.358647   6109.552698    518.708451                    
PG21  13478.095898   9686.869790  21526.854247   -304.182381                    
PG22   3064.607438 -15916.367008 -20814.087631   -574.151243                    
PG23  -2067.031349 -26197.977093   1973.490281   -206.172259                    
PG24  -9948.048267  19503.881985 -14943.285226    -58.162509                    
PG25  12678.835979  18607.007943 -14459.787656   -676.964428                    
PG26  22828.942588   1308.971035  13638.553450     39.663065                    
PG27  11884.116018 -15372.302486  17898.841772    -18.225409                    
PG28 -22311.532768 -14175.569434  -1521.275430    754.570700                    
PG29   4714.580896  24482.616272   9128.822130    335.932319                    
PG30 -19545.477746  -4155.104925  17597.648912     -4.940793                    
PG31  24347.075754  -5820.921274  -9483.445530     79.634818                    
PG32  14898.407718   6436.086819 -21003.953671   -356.695116                    
PR01  -4432.492423 -19760.432417 -15524.654323     34.988585                    
PR02 -15329.316386 -20018.392886   3714.818887    339.588890                    
PR03 -15691.544661  -7522.780969  18663.609778    148.886290                    
PR04  -6528.554553   9714.135289  22674.511564    283.804983                    
PR05   5913.505503  20599.668646  13852.159838     15.492397                    
PR07  15577.674017   7215.061520 -18855.179038    -51.597480                    
PR08   7025.777538  -9045.579783 -22747.537282     20.480744                    
PR09  17507.041315   7289.832531 -17006.382341     38.740977                    
PR10  25342.937959   -100.730636  -2504.087723     35.720630                    
PR11  19005.284277  -8229.463224  14880.432176    -47.096605                    
PR13 -16969.452006  -7122.440783  17654.596541    -16.840354                    
PR14 -25389.867570    229.109239   2534.861187     33.018656                    
PR15 -22060.557412   6248.646384 -11056.013491    -19.159819                    
PR16  -2493.118471  11140.003147 -22816.397756    106.432703                    
PR17 -12987.039427   3659.049603 -21627.231157    180.386723                    
PR18 -14456.972755  18465.252014 -10081.522648     27.226073                    
PR19  -8549.943337  22950.472886   7114.496909    -61.521691                    
PR20   3596.648902  13616.006170  21285.821344   -359.093237                    
PR21  13105.078726  -4251.947301  21476.902509    -14.545581                    
PR22  14047.396875 -19684.115251   7935.371533    -64.674198                    
PR23   5507.460454 -22177.506425 -11349.084287    190.773516                    
PR24  -4746.727244 -12403.369139 -21799.825877   -173.767723                    
*  2018 11 15  4  0  0.00000000                                                 
PG01   7750.836844 -19016.385669 -16843.094712   -114.498791                    
PG02 -21520.332060  15215.677791  -1520.015716    -58.953572                    
PG03  -3047.716829 -17101.539972 -20149.298813    160.401063                    
PG05 -17232.316221   7057.102225  18891.829305     -0.192615                    
PG06 -22096.927358   3283.809813 -14348.698293    333.341189                    
PG07  -7993.541981 -13169.792297  21866.866333     88.291538                    
PG08   6851.328955 -22206.852013  12752.868443   -122.222659                    
PG09  -7672.417416 -24183.326726   7806.117543    492.375651                    
PG10  24317.540230  10877.397297  -1031.563675    164.121368                    
PG11   7187.647571 -24497.409459  -8261.034372   -699.712457                    
PG12  -1815.346679  15525.879505 -21693.957198    292.048247                    
PG13 -12463.831684  16027.291739  16994.783253    -84.443685                    
PG14  15068.657704    436.168408 -21567.709440    -95.786405                    
PG15  -3084.903948  24378.989442   9309.453117   -339.746787                    
PG16  18490.018716  -3510.366169  18754.464017     -1.184800                    
PG17 -13299.389905 -11366.473021 -19619.328589    -31.321638                    
PG18  15385.361614 -19710.739161  -9205.682960     79.430336                    
PG19 -14901.785706    -17.139907 -22279.040783   -383.613134                    
PG20  20750.025010  14140.567502   8718.156400    518.708495                    
PG21  11605.731451  11070.004389  21969.142155   -304.176283                    
PG22   5323.732024 -14948.541787 -21068.746829   -574.159940                    
PG23  -1732.298670 -26248.912977   -870.883249   -206.171415                    
PG24 -11391.062877  20202.678139 -12783.825692    -58.163167                    
PG25  11083.738127  17921.250139 -16496.620527   -676.969411                    
PG26  24009.034566   2136.310871  11324.801834     39.672999                    
PG27  12100.591786 -13223.948428  19422.542615    -18.230101                    
PG28 -22270.158009 -14380.944774   1384.731262    754.572434                    
PG29   4520.335702  25368.142184   6410.911740    335.925129                    
PG30 -17799.741021  -5321.145316  19060.876550     -4.945985                    
PG31  23398.110686  -5037.180333 -11950.354501     79.632018                    
PG32  14931.974923   8796.778101 -20115.343165   -356.682424                    
PR01  -3287.653527 -18058.649529 -17725.515025     34.989380                    
PR02 -15596.025709 -20144.803103    512.432961    339.590803                    
PR03 -17022.891358  -9240.202564  16605.199781    148.886761                    
PR04  -8152.350822   7412.744096  23014.147675    283.805912                    
PR05   4929.580571  19018.098508  16283.882505     15.493088                    
PR07  16928.421131   8961.805921 -16839.644642    -51.598037                    
PR08   8659.184524  -6731.365753 -22985.757041     20.480705                    
PR09  15283.490377   7414.585634 -18984.635453     38.742512                    
PR10  24825.362469   -231.257623  -5685.969756     35.721012                    
PR11  20663.828489  -8483.721891  12295.529120    -47.097626                    
PR13 -14673.860335  -7266.857329  19549.558379    -16.840491                    
PR14 -24873.810086    327.869103   5693.428480     33.018996                    
PR15 -23231.852033   6505.152745  -8114.300031    -19.160061                    
PR16  -5247.844542  11462.375790 -22170.614260    106.433627                    
PR17 -11789.699645   1202.070379 -22571.788701    180.389266                    
PR18 -13699.421910  17251.618447 -12889.181344     27.226587                    
PR19  -8666.366934  23655.723054   3965.715180    -61.522577                    
PR20   2570.906548  15935.478810  19773.206719   -359.094248                    
PR21  11906.375191  -1815.488145  22492.309811    -14.547451                    
PR22  13387.732944 -18705.118380  10902.282077    -64.674395                    
PR23   5854.860834 -23362.140818  -8419.411358    190.775486                    
PR24  -3719.763398 -14799.757140 -20461.198899   -173.767875                    
*  2018 11 15  4 15  0.00000000                                                 
PG01   9301.698570 -19931.530640 -14835.742747   -114.503620                    
PG02 -21399.996990  14729.851928  -4345.695018    -58.963132                    
PG03   -869.767531 -16219.097803 -21065.481734    160.404597                    
PG05 -19109.288653   6115.612174  17381.423515     -0.192622                    
PG06 -20769.378181   2115.591415 -16398.597542    333.335499                    
PG07  -5975.287243 -14541.545601  21597.441588     88.285357                    
PG08   7224.147194 -20656.351801  14982.184642   -122.224475                    
PG09  -7495.942332 -24954.147712   5095.946898    492.372776                    
PG10  24184.304708  11080.327862   1814.445900    164.117422                    
PG11   7858.489236 -24968.318916  -5681.606803   -699.709067                    
PG12  -4003.293325  14403.335684 -22158.444755    292.045798                    
PG13 -12572.019501  13966.366747  18644.862744    -84.442966                    
PG14  15125.346393   2954.948421 -21347.617780    -95.785919                    
PG15  -3655.644272  23211.773871  11745.210558   -339.745595                    
PG16  20252.323264  -2440.166423  17079.039693     -1.186627                    
PG17 -13321.279006 -13599.205434 -18169.886363    -31.317222                    
PG18  16213.382805 -20035.162134  -6553.596270     79.434354                    
PG19 -14906.597897  -2488.955686 -22124.166238   -383.610044                    
PG20  19557.364217  14081.360563  11177.044062    518.709336                    
PG21   9786.330943  12565.828605  22059.429164   -304.170274                    
PG22   7632.649474 -14082.304405 -20953.255023   -574.168753                    
PG23  -1360.986519 -25994.384783  -3699.825692   -206.170674                    
PG24 -12599.117957  20811.452298 -10402.441929    -58.162708                    
PG25   9259.468162  17235.432689 -18255.895086   -676.974435                    
PG26  24979.690870   2794.974709   8817.703691     39.682930                    
PG27  12448.973873 -10938.383803  20607.076905    -18.234742                    
PG28 -21956.454275 -14423.336174   4266.928875    754.573651                    
PG29   4363.913197  25948.355985   3582.572899    335.918084                    
PG30 -15990.019791  -6652.654431  20198.191420     -4.951142                    
PG31  22271.356042  -4053.750650 -14215.953306     79.629747                    
PG32  15074.333602  11032.055540 -18880.253775   -356.669701                    
PR01  -1862.544364 -16252.627349 -19582.456381     34.990311                    
PR02 -15620.724531 -19945.635875  -2699.935414    339.592346                    
PR03 -18301.859205 -10646.199948  14224.435048    148.888113                    
PR04  -9947.951381   5223.972351  22907.267191    283.807598                    
PR05   3654.063022  17297.386577  18399.671644     15.493486                    
PR07  18231.826796  10398.295415 -14496.872303    -51.598888                    
PR08  10456.797380  -4540.107777 -22775.518316     20.480408                    
PR09  12856.380996   7732.142659 -20592.735420     38.744082                    
PR10  23918.700118   -264.652661  -8756.887938     35.721285                    
PR11  21971.099263  -8804.196367   9471.504270    -47.099059                    
PR13 -12188.203840  -7615.345739  21064.527317    -16.840734                    
PR14 -23974.998329    328.678267   8741.533846     33.019515                    
PR15 -24012.666936   6790.593690  -5013.941567    -19.159393                    
PR16  -7868.863070  11964.381544 -21094.078316    106.435154                    
PR17 -10747.279504  -1420.360337 -23077.264969    180.391906                    
PR18 -12918.130469  15676.107056 -15446.901271     27.226763                    
PR19  -8582.130173  24004.446677    739.848496    -61.521818                    
PR20   1803.141959  18132.107267  17877.325980   -359.094966                    
PR21  10859.307184    796.035929  23071.217677    -14.549755                    
PR22  12677.023245 -17350.430326  13656.097880    -64.674801                    
PR23   5979.126504 -24224.156334  -5326.289529    190.777558                    
PR24  -2944.702117 -17091.020753 -18725.981969   -173.768037                    
*  2018 11 15  4 30  0.00000000                                                 
PG01  10616.089424 -20776.167610 -12572.250478   -114.508474                    
PG02 -21072.371677  14017.759063  -7094.640845    -58.972738                    
PG03   1429.701183 -15422.539121 -21620.821281    160.408118                    
PG05 -20852.035494   5332.778558  15571.413344     -0.192352                    
PG06 -19340.076995    738.782000 -18165.883440    333.329742                    
PG07  -4066.791023 -15987.677685  20962.743959     88.278939                    
PG08   7720.730330 -18894.336692  16952.521209   -122.225219                    
PG09  -7304.053263 -25425.984747   2297.955380    492.369768                    
PG10  23762.966482  11178.640157   4629.590624    164.113404                    
PG11   8384.504533 -25205.775157  -3006.869393   -699.705320                    
PG12  -6280.980439  13392.807084 -22248.853122    292.043210                    
PG13 -12796.998794  11744.383511  19970.877717    -84.441828                    
PG14  15307.088237   5418.536055 -20750.480000    -95.785535                    
PG15  -4345.592122  21813.924971  13972.066280   -339.744271                    
PG16  21882.658440  -1561.581253  15111.153866     -1.188367                    
PG17 -13445.399123 -15640.012596 -16399.004360    -31.312915                    
PG18  16800.962061 -20194.878500  -3789.183297     79.437985                    
PG19 -15047.609501  -4920.111139 -21598.436823   -383.606508                    
PG20  18103.727041  14014.140914  13443.664115    518.709484                    
PG21   8054.453588  14147.709480  21796.560839   -304.164605                    
PG22   9946.314429 -13332.702276 -20469.572195   -574.177616                    
PG23   -918.429581 -25443.386751  -6463.096834   -206.169721                    
PG24 -13570.273328  21290.237952  -7839.983095    -58.163306                    
PG25   7231.316160  16586.580629 -19707.968132   -676.979428                    
PG26  25707.978754   3306.259083   6160.152524     39.692840                    
PG27  12939.874263  -8564.081614  21432.342591    -18.239420                    
PG28 -21358.463392 -14340.685998   7076.192348    754.574929                    
PG29   4206.577108  26213.426957    692.537512    335.910878                    
PG30 -14160.179324  -8137.962313  20989.752117     -4.956292                    
PG31  21006.913916  -2862.098289 -16241.528218     79.627481                    
PG32  15304.645363  13100.224158 -17320.245628   -356.656957                    
PR01   -169.182597 -14405.730255 -21059.444861     34.990985                    
PR02 -15362.567231 -19458.251962  -5859.662072    339.594467                    
PR03 -19467.232292 -11730.265854  11567.354365    148.889120                    
PR04 -11869.902074   3200.504756  22355.874731    283.808860                    
PR05   2092.155710  15501.522124  20158.453267     15.494161                    
PR07  19426.766482  11513.092217 -11872.516323    -51.600218                    
PR08  12371.679790  -2523.693101 -22120.963941     20.480150                    
PR09  10289.270888   8260.312058 -21799.492098     38.746079                    
PR10  22653.003917   -151.239485 -11656.986353     35.722775                    
PR11  22901.817038  -9138.104295   6463.188902    -47.100379                    
PR13  -9577.982983  -8183.289845  22170.025023    -16.842225                    
PR14 -22723.196769    183.170578  11620.080575     33.019833                    
PR15 -24390.950818   7048.479547  -1815.546661    -19.159538                    
PR16 -10294.626110  12616.551204 -19607.281369    106.435699                    
PR17  -9893.326209  -4145.887047 -23133.993451    180.394296                    
PR18 -12170.773610  13763.079311 -17704.965866     27.226965                    
PR19  -8347.234414  23968.248162  -2500.400060    -61.522250                    
PR20   1284.443926  20139.441177  15634.983280   -359.096172                    
PR21   9998.615925   3520.893825  23202.274965    -14.551336                    
PR22  11974.477222 -15638.139182  16143.166785    -64.674863                    
PR23   5923.375106 -24723.964615  -2129.757118    190.779903                    
PR24  -2414.989014 -19209.779272 -16627.711636   -173.768730                    
*  2018 11 15  4 45  0.00000000                                                 
PG01  11688.490246 -21506.740065 -10091.010800   -114.513312                    
PG02 -20570.346055  13062.259773  -9717.558896    -58.982247                    
PG03   3808.312787 -14735.172384 -21805.645000    160.411609                    
PG05 -22418.559985   4698.538096  13493.573036     -0.191923                    
PG06 -17854.358433   -839.184230 -19619.996675    333.323988                    
PG07  -2299.283918 -17472.280561  19971.994119     88.272759                    
PG08   8359.927599 -16961.697157  18630.236925   -122.226125                    
PG09  -7059.903312 -25597.394568   -539.620579    492.366736                    
PG10  23047.687113  11209.388531   7365.997040    164.109393                    
PG11   8790.482211 -25186.930680   -281.420042   -699.702122                    
PG12  -8603.439688  12515.560799 -21963.147113    292.040449                    
PG13 -13153.916710   9406.708506  20949.633681    -84.440543                    
PG14  15601.606964   7778.546076 -19787.639229    -95.785097                    
PG15  -5173.383273  20221.102067  15950.346883   -339.743302                    
PG16  23336.912979   -865.751190  12885.487863     -1.190276                    
PG17 -13643.267511 -17451.011342 -14339.100654    -31.308051                    
PG18  17162.773700 -20155.148989   -959.462399     79.442070                    
PG19 -15314.183511  -7262.925475 -20710.095722   -383.603102                    
PG20  16408.505987  13972.391549  15478.631216    518.709806                    
PG21   6439.574160  15783.570112  21184.625084   -304.158575                    
PG22  12218.179572 -12707.302183 -19626.258310   -574.186517                    
PG23   -372.728049 -24613.565275  -9111.359722   -206.168722                    
PG24 -14310.761909  21601.076313  -5140.711249    -58.164836                    
PG25   5031.672673  16007.360268 -20828.232108   -676.984397                    
PG26  26167.199993   3697.267434   3397.541483     39.702753                    
PG27  13575.605364  -6151.432048  21884.638685    -18.244133                    
PG28 -20472.838538 -14173.493928   9765.372739    754.576109                    
PG29   4008.916993  26162.749308  -2209.422995    335.903878                    
PG30 -12352.350854  -9757.703843  21421.562903     -4.961439                    
PG31  19647.185231  -1461.803905 -17992.161823     79.625129                    
PG32  15595.812180  14964.964548 -15462.427100   -356.644254                    
PR01   1768.143637 -12579.548465 -22127.808156     34.991226                    
PR02 -14790.551627 -18729.157593  -8905.105985    339.596094                    
PR03 -20458.947410 -12494.710211   8685.428541    148.890136                    
PR04 -13864.486478   1386.018451  21370.590451    283.810176                    
PR05    261.781999  13694.108938  21526.066346     15.495298                    
PR07  20453.123449  12307.622513  -9017.656602    -51.601235                    
PR08  14348.928973   -724.648800 -21034.935484     20.479904                    
PR09   7649.386424   9005.119207 -22581.585240     38.747970                    
PR10  21069.889768    151.712340 -14329.812644     35.723311                    
PR11  23443.529770  -9429.980494   3329.061369    -47.101633                    
PR13  -6911.820258  -8973.931125  22844.532578    -16.843079                    
PR14 -21159.394627   -150.158409  14273.285162     33.020134                    
PR15 -24368.307436   7222.073249   1418.345400    -19.160939                    
PR16 -12470.974323  13379.513548 -17738.752379    106.436150                    
PR17  -9249.979680  -6906.970090 -22741.043294    180.397064                    
PR18 -11510.501801  11549.305122 -19619.426293     27.227157                    
PR19  -8016.863340  23531.492356  -5692.044007    -61.523452                    
PR20    993.716924  21895.856765  13089.670529   -359.097409                    
PR21   9347.747093   6291.786538  22882.811069    -14.553612                    
PR22  11335.955122 -13599.346953  18315.149313    -64.674951                    
PR23   5737.889465 -24833.597010   1108.128400    190.781891                    
PR24  -2111.788755 -21092.890322 -14206.970702   -173.769251                    
*  2018 11 15  5  0  0.00000000                                                 
PG01  12522.067472 -22080.974441  -7434.465372   -114.518126                    
PG02 -19931.149037  11854.404547 -12166.878675    -58.991420                    
PG03   6220.044486 -14173.083340 -21616.595026    160.415167                    
PG05 -23771.054151   4195.608846  11184.134849     -0.191546                    
PG06 -16356.775835  -2602.342422 -20735.768793    333.318277                    
PG07   -697.448462 -18954.993223  18640.489969     88.266361                    
PG08   9153.125873 -14903.448342  19986.846907   -122.227257                    
PG09  -6727.701678 -25475.612154  -3367.911590    492.363721                    
PG10  22041.225873  11210.653216   9977.132987    164.105440                    
PG11   9105.147599 -24895.501100   2448.760909   -699.698510                    
PG12 -10922.704925  11785.050833 -21305.539329    292.038329                    
PG13 -13650.062799   7001.761632  21564.020587    -84.439753                    
PG14  15989.135388   9990.321732 -18476.962975    -95.784653                    
PG15  -6150.830863  18473.825923  17644.945654   -339.742171                    
PG16  24575.046584   -335.845766  10440.809156     -1.192053                    
PG17 -13881.048547 -19001.857270 -12027.529117    -31.303864                    
PG18  17320.559790 -19886.196979   1886.857373     79.445326                    
PG19 -15687.910246  -9472.553527 -19473.363183   -383.599564                    
PG20  14498.500763  13986.237395  17246.429414    518.710407                    
PG21   4965.184416  17436.904236  20232.908558   -304.152902                    
PG22  14401.853426 -12205.987621 -18438.309652   -574.195357                    
PG23    303.727456 -23530.567647 -11597.156625   -206.167970                    
PG24 -14834.592137  21709.606300  -2351.529828    -58.165420                    
PG25   2699.010651  15524.815410 -21597.511980   -676.989430                    
PG26  26337.899780   3999.670685    577.004606     39.712715                    
PG27  14350.027053  -3750.942906  21956.864760    -18.248820                    
PG28 -19304.962145 -13963.090992  12290.015822    754.577843                    
PG29   3732.568547  25804.919857  -5073.357466    335.896497                    
PG30 -10605.429063 -11485.380861  21485.739219     -4.966565                    
PG31  18235.300454    139.184322 -19437.335563     79.622799                    
PG32  15915.612044  16596.538090 -13338.971052   -356.631549                    
PR01   3913.637057 -10831.405850 -22766.789498     34.992293                    
PR02 -13885.061492 -17811.906405 -11776.829022    339.598418                    
PR03 -21220.678413 -12954.319766   5634.571592    148.891665                    
PR04 -15871.825281   -186.424472  19970.451344    283.811741                    
PR05  -1806.903356  11935.765675  22475.924985     15.495902                    
PR07  21254.361935  12795.843269  -5987.798475    -51.601533                    
PR08  16327.853267    825.416884 -19538.714665     20.479585                    
PR09   5005.011789   9960.409900 -22924.006954     38.749307                    
PR10  19220.832635    677.934757 -16723.424460     35.724485                    
PR11  23597.003825  -9624.234128    130.106648    -47.102796                    
PR13  -4258.803880  -9978.083084  23074.910857    -16.844521                    
PR14 -19334.147581   -703.959541  16649.751488     33.020734                    
PR15 -23959.830579   7257.042716   4624.513386    -19.161387                    
PR16 -14353.170084  14205.696582 -15524.532357    106.437037                    
PR17  -8827.127540  -9633.467338 -21906.224063    180.399526                    
PR18 -10983.591559   9082.669166 -21152.961077     27.227522                    
PR19  -7648.819461  22692.054681  -8773.042488    -61.523436                    
PR20    898.798326  23347.009097  10290.728337   -359.099014                    
PR21   8917.931032   9038.407146  22118.897249    -14.555685                    
PR22  10811.471617 -11277.059615  20129.959393    -64.674984                    
PR23   5477.750357 -24537.917565   4324.495099    190.784227                    
PR24  -2004.988856 -22683.954925 -11510.614332   -173.769840                    
*  2018 11 15  5 15  0.00000000                                                 
PG01  13128.406032 -22459.603674  -4648.394430   -114.522965                    
PG02 -19194.801814  10394.099760 -14397.741190    -59.001259                    
PG03   8616.796459 -13744.553714 -21056.697699    160.418681                    
PG05 -24877.240600   3800.365520   8683.134530     -0.191780                    
PG06 -14889.429278  -4526.616204 -21493.864656    333.312524                    
PG07    721.397971 -20392.430309  16989.462605     88.260368                    
PG08  10103.675273 -12767.104555  20999.485141   -122.228403                    
PG09  -6274.291344 -25076.202829  -6138.260105    492.360681                    
PG10  20754.938236  11219.924599  12418.571333    164.101423                    
PG11   9359.925994 -24322.530968   5137.032444   -699.695023                    
PG12 -13189.441676  11206.468235 -20286.464294    292.035362                    
PG13 -14284.486936   4579.303995  21803.325194    -84.438680                    
PG14  16443.276763  12014.481508 -16842.443749    -95.784364                    
PG15  -7282.255659  16615.935754  19026.001618   -339.741174                    
PG16  25562.516742     52.054635   7819.276027     -1.193930                    
PG17 -14121.055292 -20270.709798  -9505.804082    -31.299678                    
PG18  17302.201838 -19364.565040   4700.207846     79.449228                    
PG19 -16143.300184 -11508.489459 -17908.262294   -383.596206                    
PG20  12407.069043  14081.140057  18716.056684    518.710758                    
PG21   3648.094433  19067.947724  18955.812435   -304.146990                    
PG22  16452.756703 -11821.079465 -16926.867059   -574.204074                    
PG23   1132.899098 -22227.064721 -13875.860818   -206.167195                    
PG24 -15162.841166  21586.536156    478.853982    -58.166454                    
PG25    276.643248  15159.320033 -22002.386931   -676.994455                    
PG26  26208.613012   4248.296620  -2253.367641     39.722642                    
PG27  15248.740809  -1411.452835  21648.594649    -18.253519                    
PG28 -17868.746679 -13749.935040  14608.995023    754.579229                    
PG29   3341.894146  25157.372505  -7849.996181    335.889400                    
PG30  -8953.697906 -13288.208504  21180.673808     -4.971717                    
PG31  16813.521404   1924.609792 -20551.478629     79.620421                    
PG32  16228.040717  17972.741040 -10986.547966   -356.618879                    
PR01   6221.240535  -9212.064588 -22963.950058     34.992826                    
PR02 -12638.937799 -16764.717538 -14418.773799    339.600435                    
PR03 -21702.288417 -13135.497333   2474.059104    148.892831                    
PR04 -17828.252130  -1495.531505  18182.550321    283.812978                    
PR05  -4072.520046  10281.669464  22989.535180     15.496787                    
PR07  21779.965591  13003.389870  -2841.789953    -51.602657                    
PR08  18244.410707   2106.900781 -17661.596607     20.479430                    
PR09   2422.849200  11107.984709 -22820.338069     38.750710                    
PR10  17165.068381   1450.498512 -18791.400191     35.725271                    
PR11  23376.074434  -9667.725185  -3071.378173    -47.103888                    
PR13  -1685.821966 -11174.384177  22856.657883    -16.844624                    
PR14 -17305.540299  -1500.414838  18703.458348     33.021345                    
PR15 -23193.382719   7104.015802   7740.315682    -19.161744                    
PR16 -15907.545969  15041.400339 -13007.495433    106.437628                    
PR17  -8622.093716 -12255.327837 -20645.920838    180.401959                    
PR18 -10627.398372   6420.418538 -22275.610274     27.227799                    
PR19  -7300.858013  21461.521014 -11683.510600    -61.524043                    
PR20    958.044891  24447.998008   7292.395609   -359.099834                    
PR21   8707.792339  11690.135183  20925.239412    -14.557687                    
PR22  10442.971235  -8724.586405  21552.572713    -64.674813                    
PR23   5200.270796 -23835.317223   7456.878188    190.786215                    
PR24  -2054.685622 -23935.560845  -8590.873231   -173.769713                    
*  2018 11 15  5 30  0.00000000                                                 
PG01  13526.909270 -22608.002014  -1781.126446   -114.527808                    
PG02 -18402.437198   8690.415746 -16368.963533    -59.010829                    
PG03  10950.046922 -13449.790908 -20135.327039    160.422100                    
PG05 -25711.505315   3483.956901   6033.703680     -0.191691                    
PG06 -13490.400186  -6580.556158 -21881.123769    333.306778                    
PG07   1947.846563 -21739.761236  15045.827620     88.254099                    
PG08  11206.637466 -10600.975325  21651.264075   -122.229504                    
PG09  -5670.625390 -24422.405565  -8803.057956    492.357659                    
PG10  19208.461408  11272.516845  14648.720628    164.097404                    
PG11   9587.580857 -23466.911142   7736.863672   -699.691267                    
PG12 -15354.643466  10776.608630 -18922.457940    292.032766                    
PG13 -15047.955398   2188.677502  21663.424734    -84.437755                    
PG14  16932.138983  13818.241900 -14913.685438    -95.784163                    
PG15  -8564.135721  14692.924161  20069.461554   -339.739947                    
PG16  26271.495652    327.819370   5065.709092     -1.195661                    
PG17 -14323.394419 -21244.850399  -6818.767219    -31.295222                    
PG18  17140.538470 -18574.258034   7431.048378     79.452448                    
PG19 -16648.755141 -13335.924181 -16040.358326   -383.592709                    
PG20  10173.024695  14276.778252  19861.597554    518.711196                    
PG21   2497.955744  20634.974508  17372.725116   -304.141437                    
PG22  18329.709248 -11537.773522 -15118.803466   -574.212984                    
PG23   2129.975939 -20741.486596 -15906.577622   -206.166474                    
PG24 -15322.664726  21208.934033   3300.816559    -58.167537                    
PG25  -2188.700086  14923.785912 -22035.432036   -676.999387                    
PG26  25776.320410   4479.601850  -5045.326708     39.732557                    
PG27  16249.619587    821.572431  20966.026672    -18.258214                    
PG28 -16186.137540 -13571.988367  16685.057880    754.580223                    
PG29   2805.557806  24245.684278 -10491.598327    335.881972                    
PG30  -7425.637697 -15128.216174  20511.098592     -4.976814                    
PG31  15421.672510   3870.282312 -21314.452599     79.618135                    
PG32  16494.806722  19079.572816  -8445.686486   -356.606167                    
PR01   8636.323767  -7763.721760 -22715.411872     34.993400                    
PR02 -11058.031103 -15647.912070 -16779.374766    339.601482                    
PR03 -21862.045200 -13074.916263   -734.625525    148.894844                    
PR04 -19668.867832  -2532.433810  16041.519216    283.813508                    
PR05  -6483.944434   8779.344860  23056.856354     15.497744                    
PR07  21987.639049  12966.242808    359.322191    -51.603265                    
PR08  20033.805325   3112.774369 -15440.304025     20.479069                    
PR09    -34.539580  12418.257667 -22272.854403     38.752582                    
PR10  14967.191550   2480.610884 -20493.734300     35.725291                    
PR11  22806.961311  -9512.249576  -6213.008285    -47.104890                    
PR13    745.002212 -12530.079531  22193.998126    -16.843674                    
PR14 -15136.854877  -2550.066958  20394.642027     33.021484                    
PR15 -22108.349526   6720.926469  10704.937205 999999.999999                    
PR16 -17112.697605  15829.154845 -10236.527691    106.438381                    
PR17  -8619.871985 -14705.285795 -18984.763777    180.404939                    
PR18 -10468.698714   3627.022674 -22965.369435     27.227996                    
PR19  -7028.031906  19864.828473 -14366.886910    -61.523529                    
PR20   1122.321284  25165.158221   4152.765537   -359.101763                    
PR21   8703.505618  14178.754394  19324.903543    -14.559587                    
PR22  10262.469566  -6003.517918  22555.687985    -64.674970                    
PR23   4962.340785 -22737.859566  10444.434475    190.788278                    
PR24  -2213.089995 -24811.170520  -5504.350114   -173.770726                    
*  2018 11 15  5 45  0.00000000                                                 
PG01  13743.885579 -22497.662755   1117.318900   -114.532681                    
PG02 -17594.557601   6761.511518 -18043.949492    -59.020385                    
PG03  13172.531005 -13280.979777 -18868.061633    160.425604                    
PG05 -26255.781182   3213.619438   3281.322267     -0.191185                    
PG06 -12192.353322  -8726.370118 -21890.794136    333.301040                    
PG07   2980.639474 -22952.383658  12841.827865     88.247703                    
PG08  12448.864210  -8452.448830  21931.527558   -122.231177                    
PG09  -4893.084326 -23544.194068 -11316.562106    492.354625                    
PG10  17429.097962  11400.070301  16629.512300    164.093454                    
PG11   9820.775211 -22335.618538  10202.643822   -699.687929                    
PG12 -17371.334325  10484.065154 -17235.940684    292.030287                    
PG13 -15923.247353   -122.933927  21146.857960    -84.436857                    
PG14  17419.690229  15376.466269 -12725.291503    -95.783899                    
PG15  -9985.089849  12750.222376  20757.511965   -339.739045                    
PG16  26681.837119    525.917700   2226.841948     -1.197401                    
PG17 -14447.683256 -21920.938205  -4013.719043    -31.291132                    
PG18  16871.970171 -17507.618030  10030.791073     79.456162                    
PG19 -17167.786669 -14926.906636 -13900.410726   -383.589621                    
PG20   7839.323847  14586.160198  20662.711395    518.711872                    
PG21   1517.023517  22095.680917  15507.847872   -304.135428                    
PG22  19996.382977 -11334.874793 -13046.201304   -574.221807                    
PG23   3302.531628 -19116.524778 -17652.969070   -206.165849                    
PG24 -15346.062277  20561.281346   6064.736133    -58.167411                    
PG25  -4648.430266  14823.155450 -21695.375300   -677.004446                    
PG26  25046.597632   4730.084371  -7751.266309     39.742495                    
PG27  17323.648761   2907.595356  19921.815301    -18.262942                    
PG28 -14286.346086 -13463.231272  18485.287909    754.581776                    
PG29   2097.932975  23102.580397 -12952.771143    335.875052                    
PG30  -6042.960094 -16963.563487  19488.038960     -4.981910                    
PG31  14095.660375   5944.761142 -21711.960995     79.615725                    
PG32  16676.921186  19911.594854  -5760.072884   -356.593447                    
PR01  11097.738595  -6518.380816 -22025.936625     34.993906                    
PR02  -9161.209855 -14521.277897 -18812.579135    339.603453                    
PR03 -21668.504431 -12817.746635  -3928.994247    148.895730                    
PR04 -21330.166997  -3300.813087  13588.864776    283.814723                    
PR05  -8982.208050   7466.789983  22676.500682     15.498315                    
PR07  21845.180671  12728.971539   3553.475083    -51.603153                    
PR08  21633.131214   3848.614687 -12918.254792     20.478651                    
PR09  -2311.104378  13851.410467 -21292.462393     38.753757                    
PR10  12694.551628   3766.924081 -21797.600553     35.725555                    
PR11  21927.078020  -9116.825659  -9233.540262    -47.106187                    
PR13   2978.667610 -14002.299458  21099.801925    -16.842892                    
PR14 -12894.042105  -3851.142790  21690.557810     33.022290                    
PR15 -20753.925251   6075.050351  13460.594827 999999.999999                    
PR16 -17960.168621  16510.263606  -7265.578583    106.438948                    
PR17  -8793.892910 -16921.443642 -16955.139346    180.407591                    
PR18 -10522.492022    771.732920 -23208.631162     27.228507                    
PR19  -6880.160790  17939.361838 -16771.034955    -61.523135                    
PR20   1337.306680  25477.399556    932.667542   -359.102631                    
PR21   8879.491327  16441.081420  17348.878090    -14.561751                    
PR22  10290.637550  -3181.369845  23120.230059    -64.674651                    
PR23   4817.795317 -21270.871123  13229.125694    190.790573                    
PR24  -2426.773278 -25286.574174  -2310.928075   -173.770869                    
*  2018 11 15  6  0  0.00000000                                                 
PG01  13811.355287 -22107.455317   3996.138130   -114.537570                    
PG02 -16809.310439   4634.169157 -19391.515011    -59.030040                    
PG03  15239.880187 -13222.655394 -17276.436129    160.429122                    
PG05 -26500.151943   2954.134585    473.044381     -0.191009                    
PG06 -11021.360523 -10921.206316 -21522.654189    333.295306                    
PG07   3826.594565 -23987.628729  10414.566055     88.241415                    
PG08  13809.400964  -6366.327956  21835.995481   -122.232173                    
PG09  -3924.583272 -22477.092917 -13635.674716    492.351495                    
PG10  15450.919484  11629.198925  18327.034486    164.089502                    
PG11  10090.610606 -20943.658096  12490.518259   -699.684205                    
PG12 -19196.215292  10309.743308 -15254.903329    292.027646                    
PG13 -16885.779968  -2312.152713  20262.772392    -84.435816                    
PG14  17867.276565  16672.402867 -10316.172706    -95.783461                    
PG15 -11526.193641  10831.509685  21078.872600   -339.737569                    
PG16  26781.763098    683.911509   -649.437952     -1.199144                    
PG17 -14454.767567 -22304.902965  -1139.536245    -31.286633                    
PG18  16534.903562 -16165.885098  12452.744401     79.460120                    
PG19 -17660.441246 -16261.264541 -11523.937749   -383.585966                    
PG20   5451.588158  15015.005614  21105.025171    518.712076                    
PG21    700.169856  23408.619116  13389.968053   -304.129695                    
PG22  21422.562496 -11185.795647 -10745.733016   -574.230800                    
PG23   4650.005232 -17397.466035 -19083.978825   -206.164826                    
PG24 -15268.447441  19636.242137   8721.921573    -58.168718                    
PG25  -7053.733901  14854.200591 -20987.165653   -677.009433                    
PG26  24033.451660   5034.696802 -10325.012860     39.752493                    
PG27  18436.041408   4812.355275  18534.791470    -18.267608                    
PG28 -12204.847698 -13452.357416  19981.485726    754.583127                    
PG29   1200.288248  21766.677362 -15191.246715    335.867880                    
PG30  -4819.909387 -18750.022688  18128.658759     -4.986987                    
PG31  12866.139016   8110.327098 -21735.872894     79.613440                    
PG32  16736.320952  20471.968339  -2975.801657   -356.580687                    
PR01  13540.158836  -5496.665231 -20908.838544     34.994502                    
PR02  -6979.822978 -13441.476182 -20478.756371    339.605512                    
PR03 -21101.978980 -12415.528322  -7046.782630    148.895775                    
PR04 -22752.627684  -3816.496397  10872.169624    283.816077                    
PR05 -11502.734821   6371.017641  21855.766115     15.499287                    
PR07  21331.948547  12342.630989   6678.788196    -51.603466                    
PR08  22983.952477   4332.097698 -10144.698358     20.478776                    
PR09  -4359.392833  15358.992635 -19898.466860     38.755923                    
PR10  10414.557914   5295.382487 -22677.969636     35.724326                    
PR11  20783.385504  -8449.683195 -12074.080407    -47.107520                    
PR13   4969.347848 -15539.781764  19595.336418    -16.843349                    
PR14 -10643.100252  -5389.400036  22566.106694     33.022453                    
PR15 -19187.004246   5144.641840  15953.675837    -19.159309                    
PR16 -18454.596935  17027.423860  -4152.603090    106.439279                    
PR17  -9107.290334 -18849.637768 -14596.553243    180.410116                    
PR18 -10791.314398  -2074.058105 -23000.464792     27.228666                    
PR19  -6899.531932  15733.543299 -18849.257076    -61.521640                    
PR20   1546.022288  25377.041609  -2305.503809   -359.103281                    
PR21   9199.622878  18421.396260  15035.480783    -14.563676                    
PR22  10535.886394   -328.992376  23235.687526    -64.674665                    
PR23   4814.917548 -19471.993127  15756.847497    190.792839                    
PR24  -2639.158066 -25350.846500    927.388497   -173.770910                    
*  2018 11 15  6 15  0.00000000                                                 
PG01  13765.624153 -21424.606078   6804.682949   -114.542487                    
PG02 -16080.861530   2342.950720 -20386.598851    -59.039193                    
PG03  17112.160041 -13252.383412 -15387.590141    160.432595                    
PG05 -26443.157108   2669.373091  -2343.290117     -0.190910                    
PG06  -9995.991841 -13118.640414 -20783.020360    333.289566                    
PG07   4500.207657 -24806.431597   7805.428585     88.235245                    
PG08  15260.198012  -4383.281293  21366.800333   -122.232605                    
PG09  -2755.426179 -21260.795261 -15720.674548    492.348448                    
PG10  13313.622289  11980.333953  19712.103046    164.085587                    
PG11  10425.202370 -19313.697585  14559.233982   -699.680727                    
PG12 -20791.193323  10227.682430 -13012.496325    292.025188                    
PG13 -17904.536825  -4340.900524  19026.749288    -84.435166                    
PG14  18235.236931  17698.089199  -7728.792909    -95.783188                    
PG15 -13161.611751   8977.118513  21028.947904   -339.736404                    
PG16  26568.249890    840.847401  -3514.848341     -1.201052                    
PG17 -14308.371655 -22411.490100   1754.205897    -31.282508                    
PG18  16168.097520 -14559.409962  14653.051932     79.463867                    
PG19 -18084.883277 -17327.247344  -8950.694932   -383.582763                    
PG20   3056.521882  15561.424516  21180.421008    518.712540                    
PG21     35.154464  24534.637405  11052.173448   -304.124188                    
PG22  22585.163981 -11059.774124  -8257.960128   -574.239556                    
PG23   6163.529323 -15630.431474 -20174.437400   -206.164152                    
PG24 -15127.082907  18435.113500  11225.530197    -58.168551                    
PG25  -9357.229564  15005.638420 -19921.947896   -677.014432                    
PG26  22758.850205   5425.320413 -12722.594246     39.762594                    
PG27  19547.581193   6508.961618  16829.580489    -18.272247                    
PG28  -9982.184966 -13561.688497  21150.474446    754.584700                    
PG29    101.704802  20281.012964 -17168.603330    335.860504                    
PG30  -3762.858674 -20442.571842  16455.996185     -4.992076                    
PG31  11757.374372  10324.213079 -21384.450108     79.610770                    
PG32  16637.462430  20772.171238   -140.590014   -356.567947                    
PR01  15896.608522  -4707.123316 -19385.732632     34.995069                    
PR02  -4556.638548 -12459.600542 -21745.477564    339.606918                    
PR03 -20155.529835 -11923.781637 -10027.178004    148.896987                    
PR04 -23883.155687  -4106.536394   7944.172939    283.816795                    
PR05 -13977.825331   5507.072006  20610.502027     15.500231                    
PR07  20439.858933  11862.400383   9674.754614    -51.604272                    
PR08  24034.710173   4591.978156  -7173.739189     20.478464                    
PR09  -6142.266702  16885.899520 -18118.176877     38.758083                    
PR10   8192.005984   7039.613919 -23118.071017     35.724473                    
PR11  19430.359879  -7489.868335 -14679.247174    -47.108351                    
PR13   6682.053838 -17084.966096  17709.852580    -16.842529                    
PR14  -8447.469531  -7138.503993  23004.316087     33.022606                    
PR15 -17469.770519   3920.102723  18135.785999    -19.159208                    
PR16 -18613.314725  17327.310462   -958.415933    106.439349                    
PR17  -9514.612812 -20445.489785 -11954.857773    180.412513                    
PR18 -11265.094419  -4839.548427 -22344.727779     27.228818                    
PR19  -7118.930555  13304.974433 -20561.200842    -61.521375                    
PR20   1691.473340  24870.108114  -5498.990781   -359.104158                    
PR21   9618.894504  20073.573128  12429.620460    -14.565554                    
PR22  10993.988875   2482.145953  22900.281024    -64.674539                    
PR23   4994.183289 -17389.733625  17978.481838    190.794866                    
PR24  -2793.148941 -25006.765766   4147.678094   -173.771253                    
*  2018 11 15  6 30  0.00000000                                                 
PG01  13645.680961 -20445.358210   9493.410010   -114.547359                    
PG02 -15437.944195    -70.989356 -21010.832289    -59.048664                    
PG03  18755.247477 -13341.722737 -13233.819192    160.436093                    
PG05 -26091.789480   2323.867219  -5119.845911     -0.190679                    
PG06  -9126.709281 -15270.309356 -19684.639903    333.283870                    
PG07   5022.940751 -25374.898347   5059.405243     88.229042                    
PG08  16767.100219  -2538.466126  20532.417559   -122.233894                    
PG09  -1383.874239 -19937.635862 -17535.887790    492.345452                    
PG10  11061.176304  12466.808113  20760.760914    164.081667                    
PG11  10848.351884 -17475.398274  16370.974929   -699.676884                    
PG12 -22124.733819  10206.156793 -10546.524527    292.022598                    
PG13 -18943.261948  -6177.677339  17460.510547    -84.434215                    
PG14  18484.548973  18454.414289  -5008.371507    -95.782931                    
PG15 -14859.515988   7222.600826  20609.837382   -339.735128                    
PG16  26047.104507   1035.606934  -6321.462321     -1.202979                    
PG17 -13976.618116 -22263.485704   4618.089203    -31.278071                    
PG18  15808.980756 -12707.499030  16591.600586     79.467458                    
PG19 -18399.079680 -18121.862957  -6224.070244   -383.579504                    
PG20    700.284311  16215.908238  20887.210892    518.713222                    
PG21   -496.847673  25438.282570   8531.500806   -304.117878                    
PG22  23468.973789 -10923.259859  -5626.567855   -574.248452                    
PG23   7826.112790 -13860.598699 -20905.532120   -206.163241                    
PG24 -14959.445615  16967.935849  13531.452915    -58.169433                    
PG25 -11514.585381  15258.563105 -18516.941191   -677.019444                    
PG26  21251.961041   5929.357932 -14902.975333     39.772755                    
PG27  20616.138188   7978.693873  14836.127954    -18.276895                    
PG28  -7662.619666 -13806.337201  21974.334843    754.586273                    
PG29  -1200.310159  18691.420172 -18850.919409    335.853129                    
PG30  -2870.218297 -21997.037955  14498.592824     -4.997223                    
PG31  10786.355710  12540.051380 -20662.468252     79.608472                    
PG32  16348.825185  20831.407185   2697.030713   -356.555194                    
PR01  18101.074366  -4146.052770 -17486.122429     34.995985                    
PR02  -1944.302959 -11618.993221 -22588.149036    339.609093                    
PR03 -18835.434490 -11399.457937 -12812.021901    148.898529                    
PR04 -24677.280676  -4207.816128   4861.748202    283.817915                    
PR05 -16339.285814   4877.561633  18964.809440     15.500866                    
PR07  19173.875926  11345.064297  12483.402541    -51.604787                    
PR08  24742.854952   4666.601900  -4063.267636     20.478591                    
PR09  -7634.179156  18372.644469 -15986.358659     38.759655                    
PR10   6086.536728   8961.847204 -23109.692201     35.725679                    
PR11  17927.661240  -6228.394723 -16998.263524    -47.109355                    
PR13   8093.838079 -18576.372711  15480.016179    -16.843098                    
PR14  -6365.549454  -9060.919909  22996.665918     33.022939                    
PR15 -15667.089558   2404.633129  19964.686399    -19.159133                    
PR16 -18465.418344  17363.010949   2254.518264    106.440532                    
PR17  -9963.906940 -21676.059409  -9081.358860    180.414919                    
PR18 -11921.558681  -7457.236735 -21254.005425     27.229125                    
PR19  -7560.083222  10718.207991 -21873.640650    -61.521548                    
PR20   1719.294210  23976.068528  -8585.882507   -359.105200                    
PR21  10085.479686  21362.822476   9581.927552    -14.567642                    
PR22  11648.249859   5182.687179  22120.961887    -64.674610                    
PR23   5386.342796 -15081.580455  19850.852315    190.796672                    
PR24  -2833.791176 -24270.676785   7287.327767   -173.771547                    
*  2018 11 15  6 45  0.00000000                                                 
PG01  13491.485480 -19175.279110  12014.819413   -114.552321                    
PG02 -14902.653975  -2561.384733 -21252.946890    -59.058382                    
PG03  20141.994310 -13457.434104 -10852.034034    160.439565                    
PG05 -25461.188173   1884.351763  -7809.573116     -0.190436                    
PG06  -8415.586454 -17327.629121 -18246.470671    333.278112                    
PG07   5422.218390 -25665.702267   2224.313428     88.222895                    
PG08  18291.076446   -860.373355  19347.493097   -122.234846                    
PG09    183.593291 -18550.978477 -19050.287682    492.342414                    
PG10   8740.315991  13094.216229  21454.697507    164.077696                    
PG11  11378.375920 -15464.457953  17892.164733   -699.673510                    
PG12 -23172.982983  10209.017999  -7898.851551    292.019880                    
PG13 -19961.870992  -7798.577248  15591.514253    -84.433272                    
PG14  18578.440105  18950.844414  -2202.060488    -95.782645                    
PG15 -16583.246870   5597.512651  19830.210148   -339.734114                    
PG16  25232.732067   1305.273820  -9022.441997     -1.204672                    
PG17 -13433.362387 -21890.660319   7403.672272    -31.273631                    
PG18  15492.014599 -10637.888890  18232.871595     79.470422                    
PG19 -18562.524107 -18650.890150  -3390.400721   -383.576107                    
PG20  -1573.118337  16961.635403  20230.193049    518.713447                    
PG21   -920.469370  26089.117635   5868.511556   -304.112813                    
PG22  24067.080659 -10741.408940  -2897.553133   -574.257171                    
PG23   9613.168823 -12130.485064 -21265.131322   -206.162371                    
PG24 -14801.591476  15253.256787  15599.145628    -58.170498                    
PG25 -13486.038387  15587.182486 -16795.218565   -677.024476                    
PG26  19548.128866   6568.498896 -16828.748978     39.782846                    
PG27  21598.297460   9211.482438  12589.145006    -18.281551                    
PG28  -5292.679450 -14193.639054  22440.575627    754.587535                    
PG29  -2699.537890  17044.807578 -20209.349312    335.845935                    
PG30  -2132.661756 -23371.726302  12290.020289     -5.002312                    
PG31   9962.193347  14709.486184 -19581.223362     79.606174                    
PG32  15844.267893  20675.730174   5488.533569   -356.542482                    
PR01  20091.094407  -3797.851879 -15246.834518     34.996623                    
PR02    796.614591 -10953.411069 -22990.487858    339.611357                    
PR03 -17161.111012 -10898.339810 -15346.961552    148.900281                    
PR04 -25101.011456  -4165.237732   1684.797653    283.818871                    
PR05 -18521.093261   4472.728115  16950.580852     15.501884                    
PR07  17551.972293  10846.442036  15050.405354    -51.605695                    
PR08  25076.616136   4602.016182   -873.820428     20.478494                    
PR09  -8821.962643  19757.829540 -13544.547130     38.761177                    
PR10   4150.332437  11014.316551 -22653.311809     35.726468                    
PR11  16337.603040  -4668.890295 -18985.956642    -47.110313                    
PR13   9194.491294 -19951.165922  12949.193486    -16.843567                    
PR14  -4448.441054 -11109.285043  22543.254277     33.023359                    
PR15 -13843.814237    614.338226  21405.101300    -19.158676                    
PR16 -18050.347816  17096.205201   5423.332916    106.441133                    
PR17 -10399.084161 -22521.031654  -6031.820050    180.417612                    
PR18 -12727.171406  -9865.497794 -19749.378979     27.229242                    
PR19  -8232.580233   8042.242375 -22761.119723    -61.522094                    
PR20   1580.285092  22727.037255 -11506.310020   -359.106828                    
PR21  10543.093060  22266.970976   6547.769701    -14.569612                    
PR22  12470.215824   7708.013433  20913.243964    -64.674243                    
PR23   6010.921520 -12611.753379  21337.563859    190.799325                    
PR24  -2710.844108 -23171.802622  10285.256016   -173.771898                    
*  2018 11 15  7  0  0.00000000                                                 
PG01  13342.218814 -17629.199181  14324.359464   -114.557293                    
PG02 -14489.546714  -5078.562894 -21109.005991    -59.067620                    
PG03  21253.131830 -13562.888334  -8283.136507    160.443014                    
PG05 -24574.040781   1321.216681 -10366.968012     -0.190608                    
PG06  -7856.364650 -19243.530074 -16493.351614    333.272380                    
PG07   5730.167911 -25659.247004   -650.060340     88.216509                    
PG08  19789.641211    630.064582  17832.572736   -122.236735                    
PG09   1932.335815 -17143.579454 -20238.013651    492.339377                    
PG10   6398.928266  13860.078229  21781.580699    164.073730                    
PG11  12027.149277 -13321.396744  19094.212801   -699.670078                    
PG12 -23920.613597  10197.230081  -5114.719952    292.017136                    
PG13 -20918.022573  -9188.002548  13452.447872    -84.432162                    
PG14  18483.901773  19204.830854    641.887101    -95.782257                    
PG15 -18292.666791   4124.462293  18705.052594   -339.733143                    
PG16  24147.605052   1683.575305 -11572.748676     -1.206385                    
PG17 -12659.296629 -21328.478992  10064.262893    -31.269075                    
PG18  15247.175129  -8385.865144  19546.707482     79.473652                    
PG19 -18537.935129 -18928.560086   -498.217710   -383.572700                    
PG20  -3723.357657  17775.082587  19220.587075    518.714035                    
PG21  -1265.141117  26462.907394   3106.788462   -304.106881                    
PG22  24380.988523 -10479.625563   -118.384220   -574.265992                    
PG23  11493.362403 -10478.365974 -21247.957675   -206.161417                    
PG24 -14686.589112  13317.557612  17392.387285    -58.171331                    
PG25 -15237.758096  15959.836152 -14785.386119   -677.029554                    
PG26  17687.626991   7357.705239 -18466.771670     39.792852                    
PG27  22451.037217  10206.057120  10127.484901    -18.286185                    
PG28  -2919.646222 -14722.865624  22542.243587    754.588698                    
PG29  -4381.101816  15387.412455 -21220.611759    335.839017                    
PG30  -1533.661731 -24528.971922   9868.311188     -5.007331                    
PG31   9285.831817  16783.891186 -18158.417639     79.603639                    
PG32  15104.185155  20336.919549   8186.211327   -356.529733                    
PR01  21810.215390  -3635.882276 -12711.309915     34.996721                    
PR02   3599.909948 -10485.618733 -22944.830467    339.613040                    
PR03 -15164.499454 -10472.502825 -17582.526265    148.900428                    
PR04 -25132.271630  -4029.572129  -1524.914915    283.820427                    
PR05 -20461.986089   4271.047256  14606.887746     15.502330                    
PR07  15604.563228  10418.873082  17326.119729    -51.606124                    
PR08  25016.333729   4449.760425   2332.605817     20.478503                    
PR09  -9705.097424  20980.711233 -10840.230305     38.762499                    
PR10   2426.143642  13141.093289 -21758.066023     35.727621                    
PR11  14722.529982  -2827.711100 -20603.644644    -47.111483                    
PR13   9986.703412 -21147.794421  10166.605561    -16.843211                    
PR14  -2738.006591 -13228.204812  21652.799452     33.023585                    
PR15 -12062.119144  -1422.212419  22429.382556    -19.158938                    
PR16 -17416.037358  16498.993839   8486.018298    106.442533                    
PR17 -10762.470984 -22973.390468  -2865.382765    180.420292                    
PR18 -13638.569688 -12010.915688 -17860.025463     27.229488                    
PR19  -9133.322743   5347.843017 -23206.440521    -61.521971                    
PR20   1232.733011  21166.463442 -14203.603422   -359.107340                    
PR21  10933.555489  22777.225488   3386.171628    -14.571422                    
PR22  13420.890927  10000.670178  19300.874298    -64.673824                    
PR23   6875.203879 -10048.688866  22409.710551    190.801921                    
PR24  -2381.159013 -21751.032821  13083.108267   -173.772176                    
*  2018 11 15  7 15  0.00000000                                                 
PG01  13234.570574 -15830.782017  16381.275661   -114.562303                    
PG02 -14205.081962  -7571.296584 -20582.453120    -59.077121                    
PG03  22077.880689 -13619.619844  -5571.321818    160.446449                    
PG05 -23459.718488    609.817965 -12748.803728     -0.189820                    
PG06  -7434.842560 -20974.142775 -14455.569779    333.266631                    
PG07   5982.152163 -25344.541716  -3512.884963     88.210513                    
PG08  21218.414556   1920.071798  16013.739074   -122.237860                    
PG09   3839.923529 -15755.989956 -21078.802147    492.336371                    
PG10   4084.396687  14753.819650  21735.294661    164.069758                    
PG11  12799.409886 -11090.129714  19954.178782   -699.666545                    
PG12 -24361.357253  10130.539792  -2241.995909    292.014404                    
PG13 -21768.786533 -10339.050190  11080.630106    -84.431240                    
PG14  18173.050775  19240.929723   3474.942036    -95.781922                    
PG15 -19945.646232   2818.455054  17255.301082   -339.731762                    
PG16  22821.454651   2199.451787 -13929.823401     -1.208279                    
PG17 -11642.787853 -20616.631374  12555.634574    -31.265270                    
PG18  15098.625134  -5993.058206  20508.969952     79.477482                    
PG19 -18292.861315 -18976.913044   2402.569598   -383.569327                    
PG20  -5715.163435  18626.916633  17875.847620    518.714346                    
PG21  -1563.872793  26542.624499    292.348548   -304.100375                    
PG22  24420.410256 -10105.087727   2662.850350   -574.274955                    
PG23  13429.737169  -8936.894433 -20855.610810   -206.160361                    
PG24 -14643.088895  11194.366454  18879.947231    -58.171003                    
PG25 -16743.000992  16340.260776 -12521.162163   -677.034647                    
PG26  15714.229643   8304.456877 -19788.733512     39.802866                    
PG27  23133.392726  10969.762636   7493.463118    -18.290811                    
PG28   -590.033319 -15385.223775  22277.977383    754.590032                    
PG29  -6221.858775  13763.093231 -21867.383114    335.832026                    
PG30  -1050.316313 -25436.551659   7275.303528     -5.012399                    
PG31   8750.095538  18716.125959 -16417.920360     79.601398                    
PG32  14116.421255  19851.148912  10743.975869   -356.517026                    
PR01  23210.216487  -3623.806660  -9928.765343     34.996954                    
PR02   6396.267928 -10226.467781 -22452.269199    339.614657                    
PR03 -12888.925669 -10167.948288 -19475.106133    148.900625                    
PR04 -24761.854429  -3855.061418  -4704.969909    283.821956                    
PR05 -22107.872494   4240.337267  11979.226885     15.502969                    
PR07  13373.436397  10108.863669  19266.532983    -51.606820                    
PR08  24555.298679   4264.432911   5493.764007     20.478159                    
PR09 -10295.452595  21983.754101  -7925.922789     38.764362                    
PR10    945.726031  15280.268280 -20441.550898     35.728172                    
PR11  13142.216033   -733.516353 -21819.892480    -47.112551                    
PR13  10485.683428 -22108.597255   7186.367614    -16.844698                    
PR14  -1265.326318 -15356.399833  20342.478004     33.023651                    
PR15 -10378.975280  -3664.952673  23018.019593    -19.158979                    
PR16 -16616.717497  15555.294839  11382.663536    106.442929                    
PR17 -10997.435062 -23039.552225    356.576464    180.423116                    
PR18 -14604.434636 -13850.277128 -15622.656066     27.229521                    
PR19 -10246.518195   2704.801803 -23200.994620    -61.523941                    
PR20    644.418794  19347.365439 -16625.388982   -359.108153                    
PR21  11199.452954  22898.388787    158.660624    -14.573247                    
PR22  14452.406608  12012.485661  17315.351035    -64.673812                    
PR23   7973.743752  -7462.362067  23046.438022    190.804344                    
PR24  -1810.759406 -20059.238835  15626.400905   -173.772432                    
*  2018 11 15  7 30  0.00000000                                                 
PG01  13201.136124 -13811.742472  18149.383251   -114.567239                    
PG02 -14047.435309  -9988.714337 -19683.978447    -59.086924                    
PG03  22614.241656 -13588.964854  -2763.318789    160.449960                    
PG05 -22153.177019   -268.401089 -14914.821646     -0.189980                    
PG06  -7129.583765 -22480.369040 -12168.331534    333.260896                    
PG07   6215.154370 -24719.744650  -6313.254909     88.204268                    
PG08  22532.761480   3005.313074  13922.162783   -122.238463                    
PG09   5876.810929 -14425.057451 -21558.322818    492.333402                    
PG10   1841.963391  15757.073116  21316.077912    164.065660                    
PG11  13692.365261  -8816.382586  20455.331122   -699.663030                    
PG12 -24498.197494   9969.217609    669.650439    292.011736                    
PG13 -22472.342533 -11253.557993   8517.334070    -84.430429                    
PG14  17624.289139  19089.673670   6249.103753    -95.781622                    
PG15 -21499.620832   1686.553617  15507.373732   -339.730784                    
PG16  21290.213049   2875.804093 -16054.232005     -1.210059                    
PG17 -10380.426101 -19797.439682  14836.681126    -31.260558                    
PG18  15063.638584  -3505.965437  21102.066586     79.481138                    
PG19 -17801.127370 -18824.849442   5261.540012   -383.566046                    
PG20  -7519.504239  19483.133626  16219.359219    518.714880                    
PG21  -1851.861763  26319.230822  -2527.029884   -304.095244                    
PG22  24202.755546  -9588.196283   5398.286542   -574.283945                    
PG23  15381.069674  -7531.977079 -20096.444493   -206.159589                    
PG24 -14694.087263   8923.095658  20036.147289    -58.171865                    
PG25 -17983.008967  16689.058012 -10040.858463   -677.039678                    
PG26  13673.657551   9408.287707 -20771.652857     39.812727                    
PG27  23608.043906  11518.052684   4732.133254    -18.295440                    
PG28   1651.902149 -16164.138223  21652.007529    754.591628                    
PG29  -8191.113226  12211.726522 -22138.589392    335.824789                    
PG30   -654.433349 -26068.899435   4555.909640     -5.017522                    
PG31   8340.070568  20462.260891 -14389.402996     79.598801                    
PG32  12876.906167  19257.500044  13118.129192   -356.504273                    
PR01  24253.006371  -3717.344776  -6953.240111     34.997411                    
PR02   9115.916450 -10174.499405 -21522.615128    339.616486                    
PR03 -10387.494888 -10022.508981 -20987.812760    148.901868                    
PR04 -23993.855749  -3696.876339  -7793.512082    283.823572                    
PR05 -23413.955800   4339.327024   9118.639381     15.503647                    
PR07  10910.222173   9954.992561  20834.102578    -51.606967                    
PR08  23700.067722   4101.137773   8548.364787     20.478295                    
PR09 -10616.513195  22715.065979  -4858.146585     38.766347                    
PR10   -271.250633  17366.394362 -18729.465783     35.729009                    
PR11  11651.392907   1573.677977 -22611.122242    -47.113311                    
PR13  10718.255551 -22782.265487   4066.432351    -16.845490                    
PR14    -49.615567 -17429.116062  18637.601353     33.023655                    
PR15  -8843.869917  -6063.772702  23159.987419    -19.160333                    
PR16 -15710.464787  14261.746799  14056.654449    106.444065                    
PR17 -11050.976565 -22738.954886   3571.629886    180.425660                    
PR18 -15567.719731 -15352.141062 -13080.803335     27.229935                    
PR19 -11544.224613    179.248016 -22744.926147    -61.524746                    
PR20   -205.775401  17330.182946 -18724.605080   -359.109719                    
PR21  11286.775596  22648.518021  -3071.939180    -14.574919                    
PR22  15510.073548  13706.302274  14995.299251    -64.673533                    
PR23   9288.423267  -4921.557178  23235.349665    190.806457                    
PR24   -976.533997 -18155.186823  17865.590631   -173.772843                    
*  2018 11 15  7 45  0.00000000                                                 
PG01  13268.992358 -11610.744889  19597.744876   -114.572172                    
PG02 -14006.683849 -12282.181761 -18431.212008    -59.096370                    
PG03  22868.955106 -13433.719954     92.418920    160.453422                    
PG05 -20693.664240  -1325.019054 -16828.375071     -0.189554                    
PG06  -6912.913541 -23729.277436  -9671.147512    333.255168                    
PG07   6466.083438 -23792.345543  -9001.182496     88.198464                    
PG08  23689.449789   3889.855605  11593.575755   -122.239892                    
PG09   8007.286366 -13182.583048 -21668.415232    492.330510                    
PG10   -286.829661  16844.292244  20530.557085    164.061362                    
PG11  14695.626006  -6546.016935  20587.577414   -699.658856                    
PG12 -24343.211340   9675.800384   3569.615398    292.009312                    
PG13 -22989.641687 -11941.811794   5807.045796    -84.429867                    
PG14  16823.223118  18786.242859   8917.673674    -95.781180                    
PG15 -22913.156330    727.859561  13492.616739   -339.729604                    
PG16  19594.743262   3728.462025 -17910.269064     -1.211877                    
PG17  -8877.269259 -18914.203739  16870.005204    -31.256145                    
PG18  15151.828829   -974.263370  21315.328603     79.484755                    
PG19 -17044.059592 -18506.907321   8028.660565   -383.562564                    
PG20  -9114.520819  20306.399010  14280.017752    518.715383                    
PG21  -2164.971559  25792.192970  -5302.564852   -304.088628                    
PG22  23752.337825  -8903.891080   8041.107743   -574.292597                    
PG23  17303.390221  -6281.948707 -18985.307891   -206.158738                    
PG24 -14855.937157   6547.652787  20841.307367    -58.172503                    
PG25 -18947.613251  16965.311143  -7386.768013   -677.044714                    
PG26  11611.954590  10660.631808 -21398.286757     39.822718                    
PG27  23842.768412  11873.685591   1890.530727    -18.300126                    
PG28   3765.566863 -17035.807558  20674.103738    754.593394                    
PG29 -10251.627572  10767.769636 -22029.592490    335.818080                    
PG30   -313.830198 -26408.075666   1757.323070     -5.022669                    
PG31   8033.811760  21983.199661 -12107.851078     79.596890                    
PG32  11389.989504  18596.378535  15268.094210   -356.491540                    
PR01  24912.113973  -3866.373154  -3842.546790     34.997745                    
PR02  11691.299881 -10316.085851 -20174.189192    339.617963                    
PR03  -7721.082567 -10064.117994 -22091.204433    148.902640                    
PR04 -22845.566451  -3608.537521 -10730.460516    283.825013                    
PR05 -24346.487644   4519.617881   6080.719274     15.504039                    
PR07   8274.466569   9986.163180  21998.472849    -51.607460                    
PR08  22470.241362   4012.921096  11437.259909     20.478439                    
PR09 -10702.128203  23130.613757  -1696.338913     38.768008                    
PR10  -1217.779384  19333.087942 -16655.105731     35.730069                    
PR11  10297.513345   4043.927591 -22962.066310    -47.113946                    
PR13  10721.471132 -23126.055540    867.458293    -16.846556                    
PR14    902.353443 -19380.699012  16571.136187     33.024235                    
PR15  -7496.865025  -8560.394857  22852.928517    -19.160661                    
PR16 -14756.606142  12628.079151  16455.801119    106.445459                    
PR17 -10876.175839 -22103.121168   6717.500964    180.428244                    
PR18 -16468.142064 -16497.918528 -10283.970748     27.230196                    
PR19 -12987.421350  -2168.878139 -21847.126006    -61.525350                    
PR20  -1326.726925  15180.335823 -20460.417396   -359.110689                    
PR21  11147.423833  22058.040654  -6242.739287    -14.576743                    
PR22  16534.729727  15057.251833  12385.717476    -64.673445                    
PR23  10789.058441  -2491.199416  22972.748908    190.808091                    
PR24    132.530951 -16103.135796  19757.047594   -173.772709                    
*  2018 11 15  8  0  0.00000000                                                 
PG01  13458.512371  -9272.027917  20701.237749   -114.577119                    
PG02 -14065.349793 -14407.068764 -16848.259229    -59.105930                    
PG03  22857.130113 -13119.755366   2946.556323    160.456860                    
PG05 -19123.281685  -2564.008567 -18457.017286     -0.189344                    
PG06  -6752.165180 -24695.269308  -7007.142427    333.249432                    
PG07   6770.073451 -22578.973369 -11528.586622     88.192007                    
PG08  24648.264884   4585.811673   9067.674421   -122.240529                    
PG09  10190.661987 -12054.185193 -21407.222781    492.327539                    
PG10  -2265.560750  17983.657489  19391.673288    164.057396                    
PG11  15791.476700  -4323.338160  20347.747791   -699.655450                    
PG12 -23917.060745   9216.764753   6407.266917    292.006387                    
PG13 -23285.966088 -12421.928157   2996.672909    -84.428999                    
PG14  15763.311783  18368.988228  11435.987494    -95.781097                    
PG15 -24147.460371    -66.191665  11246.681254   -339.728319                    
PG16  17779.399817   4765.410714 -19466.515107     -1.214045                    
PG17  -7146.781617 -18009.542243  18622.438472    -31.252009                    
PG18  15364.717047   1551.015133  21145.227365     79.488238                    
PG19 -16011.435885 -18061.810826  10655.203685   -383.559473                    
PG20 -10486.175094  21057.534690  12091.706714    518.715419                    
PG21  -2538.134659  24969.697266  -7985.307170   -304.083339                    
PG22  23099.335558  -8032.784601  10546.331869   -574.301572                    
PG23  19151.604033  -5197.072591 -17543.164062   -206.157855                    
PG24 -15137.644109   4114.883820  21282.066927    -58.173568                    
PG25 -19635.515772  17128.289113  -4604.466298   -677.049866                    
PG26   9573.856253  12044.988177 -21657.449283     39.832688                    
PG27  23811.707766  12065.654812   -983.104050    -18.304719                    
PG28   5715.315992 -17970.017039  19359.469382    754.594455                    
PG29 -12360.890518   9459.043062 -21542.267801    335.810694                    
PG30      6.203159 -26444.450822  -1071.821520     -5.027852                    
PG31   7803.350166  23246.130706  -9612.959089     79.594048                    
PG32   9668.459338  17907.891290  17157.094139   -356.478812                    
PR01  25173.710140  -4017.279346   -657.146045     34.998694                    
PR02  14059.660293 -10626.102683 -18433.446952    339.619394                    
PR03  -4956.007192 -10309.514857 -22763.861219    148.904065                    
PR04 -21346.827958  -3639.410838 -13458.684017    283.825873                    
PR05 -24884.075163   4727.955619   2924.530786     15.504590                    
PR07   5531.385419  10220.274860  22737.056195    -51.608313                    
PR08  20897.716036   4048.304602  14104.578112     20.478259                    
PR09 -10594.833785  23196.127975   1498.292106     38.769190                    
PR10  -1899.557687  21115.682750 -14258.713095     35.732142                    
PR11   9118.843056   6619.210413 -22866.055137    -47.115063                    
PR13  10540.796381 -23107.660648  -2348.374395    -16.846848                    
PR14   1596.301434 -21147.225902  14183.076832     33.024402                    
PR15  -6367.072586 -11090.593565  22103.167708    -19.160556                    
PR16 -13813.090881  10676.933198  18533.371042    106.446228                    
PR17 -10434.394587 -21174.235963   9733.262608    180.430753                    
PR18 -17244.830417 -17282.417372  -7286.661365     27.230392                    
PR19 -14527.561844  -4288.085302 -20525.057227    -61.525644                    
PR20  -2714.451309  12965.590736 -21799.015626   -359.112265                    
PR21  10741.473997  21168.365793  -9292.020925    -14.578716                    
PR22  17465.286790  16053.525623   9537.109554    -64.673720                    
PR23  12434.527296   -229.859147  22263.712867    190.810297                    
PR24   1514.633714 -13970.221972  21263.912610   -173.772715                    
*  2018 11 15  8 15  0.00000000                                                 
PG01  13782.468402  -6843.814235  21440.998286   -114.581987                    
PG02 -14199.269691 -16324.326275 -14965.099808    -59.115553                    
PG03  22601.557059 -12617.518680   5749.740072    160.460371                    
PG05 -17485.452189  -3981.394894 -19773.026708     -0.189608                    
PG06  -6611.126189 -25360.970430  -4222.302284    333.243683                    
PG07   7158.852843 -21104.833404 -13850.251296     88.185786                    
PG08  25373.521751   5112.677044   6387.462222   -122.241271                    
PG09  12382.659467 -11058.412311 -20779.222008    492.324587                    
PG10  -4064.154851  19138.241944  17918.499555    164.053411                    
PG11  16955.477691  -2189.462589  19739.717471   -699.651800                    
PG12 -23248.150129   8564.061614   9132.866673    292.003817                    
PG13 -23332.325783 -12718.939887    134.718881    -84.427966                    
PG14  14446.226045  17877.863444  13762.098711    -95.780725                    
PG15 -25167.784477   -711.241966   8808.846815   -339.727468                    
PG16  15890.469142   5986.303365 -20696.341263     -1.215638                    
PG17  -5210.473401 -17123.787680  20065.492386    -31.247753                    
PG18  15695.660634   4019.357004  20595.423455     79.491725                    
PG19 -14702.115549 -17530.845488  13094.661882   -383.556087                    
PG20 -11628.589281  21697.092684   9692.679100    518.716266                    
PG21  -3003.741035  23868.538727 -10527.044838   -304.077384                    
PG22  22278.551656  -6962.071708  12871.550551   -574.310639                    
PG23  20881.144526  -4279.378725 -15796.601374   -206.157278                    
PG24 -15540.474524   1672.913417  21351.578352    -58.174297                    
PG25 -20054.231998  17139.171266  -1742.035738   -677.054959                    
PG26   7601.211594  13537.400362 -21544.230928     39.842673                    
PG27  23496.401525  12127.896438  -3840.111833    -18.309296                    
PG28   7471.575079 -18931.184894  17728.581444    754.595796                    
PG29 -14472.595586   8305.778968 -20684.972061    335.803419                    
PG30    341.336775 -26177.074672  -3882.318979     -5.033046                    
PG31   7615.961698  24225.744872  -6948.418593     79.591674                    
PG32   7733.244489  17230.247406  18752.770094   -356.466100                    
PR01  25037.116966  -4115.470375   2541.032229     34.999665                    
PR02  16165.419626 -11069.101529 -16334.445591    339.620897                    
PR03  -2161.483084 -10763.444196 -22992.798831    148.904562                    
PR04 -19538.877937  -3832.384077 -15925.118242    283.825855                    
PR05 -25018.486988   4908.715722   -288.544442     15.505575                    
PR07   2749.391203  10663.368774  23035.468368    -51.609142                    
PR08  19025.443234   4249.020643  16498.792312     20.477911                    
PR09 -10343.823488  22888.617585   4663.942270     38.771506                    
PR10  -2334.494697  22653.826954 -11586.700802     35.733461                    
PR11   8142.960764   9235.621738 -22325.134961    -47.116214                    
PR13  10227.953767 -22706.661303  -5518.576879    -16.847025                    
PR14   2049.961789 -22669.086629  11519.680568     33.024737                    
PR15  -5471.607120 -13586.666684  20925.562060    -19.162379                    
PR16 -12933.944409   8443.141949  20249.006334    106.447529                    
PR17  -9697.137836 -20003.297728  12560.508417    180.433308                    
PR18 -17839.017017 -17713.829287  -4147.305064     27.230755                    
PR19 -16108.543804  -6137.231108 -18804.414894    -61.525440                    
PR20  -4352.026771  10753.344922 -22714.276195   -359.113615                    
PR21  10039.106175  20030.050361 -12160.445534    -14.580725                    
PR22  18241.369399  16696.610615   6504.518048    -64.673605                    
PR23  14174.374123   1812.468510  21121.995856    190.812091                    
PR24   3154.985666 -11823.739367  22356.821243   -173.773044                    
*  2018 11 15  8 30  0.00000000                                                 
PG01  14245.459218  -4376.572358  21804.735904   -114.586741                    
PG02 -14378.741879 -18001.808239 -12816.874917    -59.124859                    
PG03  22131.730378 -11903.368782   8453.464941    160.463898                    
PG05 -15823.349003  -5565.214273 -20753.862405     -0.189009                    
PG06  -6451.626936 -25717.814161  -1364.672678    333.237969                    
PG07   7659.256521 -19402.795277 -15924.727489     88.179741                    
PG08  25835.418259   5496.390820   3598.540797   -122.243309                    
PG09  14536.939612 -10206.137544 -19795.146990    492.321622                    
PG10  -5659.868186  20267.394573  16135.949674    164.049463                    
PG11  18157.374315   -180.818816  18774.360598   -699.647999                    
PG12 -22371.480578   7696.446333  11698.489601    292.000958                    
PG13 -23106.639823 -12863.622932  -2729.561636    -84.426927                    
PG14  12881.909437  17352.823382  15857.407307    -95.780422                    
PG15 -25944.665802  -1229.158182   6221.306661   -339.726508                    
PG16  13974.542815   7382.280020 -21578.355190     -1.217469                    
PG17  -3097.257550 -16293.488514  21175.739305    -31.243143                    
PG18  16130.143267   6382.614305  19676.648616     79.495012                    
PG19 -13124.316267 -16956.124795  15303.638898   -383.552585                    
PG20 -12544.062726  22186.951225   7124.857915    518.716532                    
PG21  -3590.080487  22513.670409 -12881.258646   -304.071746                    
PG22  21328.021255  -5686.183614  14977.610199   -574.319358                    
PG23  22449.591668  -3522.837269 -13777.255227   -206.156217                    
PG24 -16057.888908   -730.549673  21049.571789    -58.174933                    
PG25 -20219.692663  16962.723328   1150.774264   -677.060040                    
PG26   5731.518851  15107.235336 -21060.113583     39.852697                    
PG27  22886.553203  12097.823122  -6632.199382    -18.313883                    
PG28   9011.762717 -19879.612448  15806.973135    754.597492                    
PG29 -16538.273910   7319.971579 -19472.401962    335.796558                    
PG30    726.592905 -25613.715611  -6625.277353     -5.038225                    
PG31   7435.645582  24905.165487  -4161.113624     79.589152                    
PG32   5612.810586  16598.243010  20027.727341   -356.453352                    
PR01  24514.783174  -4107.928369   5689.798036     35.000199                    
PR02  17962.264608 -11600.931895 -13918.164716    339.622749                    
PR03    593.039681 -11418.380763 -22773.713650    148.906174                    
PR04 -17472.734468  -4221.824346 -18081.802196    283.826643                    
PR05 -24754.923941   5006.495884  -3496.007188     15.506424                    
PR07     -2.506940  11309.284598  22887.809872    -51.609502                    
PR08  16905.748526   4648.043134  18573.698698     20.477647                    
PR09 -10002.651299  22197.432406   7739.394658     38.772956                    
PR10  -2551.706719  23893.917315  -8690.761772     35.734997                    
PR11   7385.728115  11825.822085 -21350.014143    -47.116820                    
PR13   9838.509572 -21915.493391  -8581.569241    -16.847617                    
PR14   2292.090443 -23893.406069   8632.579569     33.025028                    
PR15  -4815.055563 -15980.056205  19343.190765 999999.999999                    
PR16 -12166.913169   5972.500321  21569.506634    106.448652                    
PR17  -8647.498395 -18647.921683  15144.475031    180.435613                    
PR18 -18196.657616 -17813.160463   -927.106316     27.231040                    
PR19 -17669.014733  -7686.984809 -16718.627125    -61.525177                    
PR20  -6210.069813   8607.939859 -23188.277867   -359.114564                    
PR21   9022.111402  18700.598539 -14792.217031    -14.582487                    
PR22  18805.938848  17000.984813   3346.476800    -64.673496                    
PR23  15950.823526   3596.216829  19569.764398    190.814219                    
PR24   5026.195072  -9728.431036  23014.480289   -173.772986                    
*  2018 11 15  8 45  0.00000000                                                 
PG01  14843.683373  -1921.203331  21786.911696   -114.591644                    
PG02 -14569.893428 -19415.289700 -10443.089884    -59.134791                    
PG03  21482.619669 -10960.686238  11010.927619    160.467378                    
PG05 -14178.343175  -7295.775014 -21382.543661     -0.188963                    
PG06  -6235.208820 -25766.294159   1516.477251    333.232109                    
PG07   8291.947986 -17512.170529 -17715.153404     88.173665                    
PG08  26011.179610   5768.152485    748.360027   -122.244246                    
PG09  16606.718518  -9500.258102 -18471.809983    492.318639                    
PG10  -7037.991254  21328.289143  14074.380713    164.045429                    
PG11  19362.273929   1672.147364  17469.334185   -699.644544                    
PG12 -21327.244772   6600.546831  14058.920499    291.998329                    
PG13 -22594.657025 -12891.112812  -5547.011152    -84.426285                    
PG14  11088.342177  16832.246510  17687.228816    -95.780014                    
PG15 -26454.966105  -1646.954833   3528.429249   -339.725504                    
PG16  12076.879714   8936.102406 -22096.781740     -1.219501                    
PG17   -842.548331 -15550.067730  21935.124077    -31.239011                    
PG18  16646.410533   8596.737124  18406.427138     79.498514                    
PG19 -11295.520388 -16378.819373  17242.695618   -383.549324                    
PG20 -13242.767426  22491.868418   4433.070240    518.716981                    
PG21  -4319.910303  20937.413938 -15004.106324   -304.065900                    
PG22  20287.522408  -4207.164526  16829.226660   -574.328249                    
PG23  23818.192575  -2913.850672 -11521.158149   -206.155282                    
PG24 -16675.798801  -3049.873944  20382.294362    -58.175778                    
PG25 -20155.515831  16568.855313   4023.436542   -677.065156                    
PG26   3996.631216  16718.234270 -20212.977080     39.862650                    
PG27  21980.501389  12014.739328  -9312.212827    -18.318528                    
PG28  10320.981991 -20772.902242  13624.955365    754.599081                    
PG29 -18509.019512   6505.053802 -17925.345731    335.789360                    
PG30   1194.763304 -24770.568039  -9252.996680     -5.043484                    
PG31   7224.750796  25276.549064  -1300.240854     79.586624                    
PG32   3342.271510  16041.887505  20960.001622   -356.440650                    
PR01  23631.726463  -3945.704132   8727.916443     35.000280                    
PR02  19414.849121 -12170.741892 -11231.695292    339.625034                    
PR03   3240.536686 -12254.791995 -22111.054850    148.906977                    
PR04 -15207.186554  -4831.903617 -19886.813525    283.827493                    
PR05 -24111.742976   4968.704870  -6635.463422     15.507206                    
PR07  -2657.324220  12139.843140  22296.788053    -51.610120                    
PR08  14598.281076   5267.996208  20289.290457     20.477439                    
PR09  -9626.764213  21124.829513  10665.189588     38.774986                    
PR10  -2590.044215  24791.270811  -5626.880796     35.736135                    
PR11   6850.771040  14321.635558 -19959.840239    -47.117797                    
PR13   9429.310636 -20739.893183 -11477.878446    -16.847906                    
PR14   2361.007649 -24776.206248   5577.785796     33.025051                    
PR15  -4389.483125 -18204.010756  17386.892445    -19.162834                    
PR16 -11551.401293   3320.079105  22469.462830    106.449772                    
PR17  -7281.122548 -17169.886361  17435.094506    180.438136                    
PR18 -18270.867406 -17613.131151   2311.163675     27.231422                    
PR19 -19144.916597  -8920.792714 -14308.206554    -61.525004                    
PR20  -8247.744202   6588.116518 -23211.659874   -359.115885                    
PR21   7684.913396  17241.988385 -17136.172358    -14.584331                    
PR22  19107.793149  16993.286381    123.901340    -64.673362                    
PR23  17701.120572   5093.656891  17637.168580    190.816280                    
PR24   7089.191326  -7743.904723  23224.085253   -173.773152                    
*  2018 11 15  9  0  0.00000000                                                 
PG01  15565.064449    472.772899  21388.781597   -114.596487                    
PG02 -14736.200410 -20549.148405  -7886.760014    -59.144166                    
PG03  20693.237613  -9780.715136  13377.851664    160.470884                    
PG05 -12588.525610  -9146.213823 -21647.947782     -0.188736                    
PG06  -5924.806040 -25515.877626   4371.510105    333.226333                    
PG07   9070.408717 -15477.233124 -19189.971003     88.167455                    
PG08  25885.951238   5963.040648  -2114.562415   -122.245120                    
PG09  18546.409653  -8935.710269 -16831.820962    492.315638                    
PG10  -8192.241163  22277.579755  11769.093726    164.041450                    
PG11  20532.037081   3346.004959  15848.697993   -699.640831                    
PG12 -20159.218575   5271.622025  16172.507094    291.995593                    
PG13 -21790.582693 -12839.366200  -8269.406633    -84.425138                    
PG14   9091.019784  16351.436390  19221.300122    -95.779351                    
PG15 -26682.674235  -1995.537528    776.008918   -339.724230                    
PG16  10239.814465  10622.604669 -22241.771423     -1.221142                    
PG17   1512.866280 -14918.681112  22331.206323    -31.234388                    
PG18  17216.418388  10623.319287  16808.649033     79.501870                    
PG19  -9242.008413 -15837.423155  18877.129013   -383.546092                    
PG20 -13742.136594  22580.930561   1664.231176    518.717260                    
PG21  -5209.219718  19178.348440 -16855.407083   -304.060072                    
PG22  19197.046423  -2534.759997  18395.526978   -574.337063                    
PG23  24953.228010  -2432.035847  -9068.036192   -206.154403                    
PG24 -17373.132728  -5243.067997  19362.329568    -58.176457                    
PG25 -19891.974938  15933.995268   6825.567154   -677.070259                    
PG26   2421.683300  18329.797019 -19016.994987     39.872606                    
PG27  20785.379976  11918.196395 -11834.889940    -18.323157                    
PG28  11392.453913 -21567.502411  11217.272665    754.600552                    
PG29 -20337.241654   5855.912026 -16070.331557    335.782169                    
PG30   1774.916319 -23671.639466 -11719.825027     -5.048698                    
PG31   6945.681212  25341.329147   1583.624991     79.584307                    
PG32    962.248433  15585.223558  21533.438003   -356.427881                    
PR01  22424.466365  -3586.241956  11596.304358     35.000794                    
PR02  20500.045057 -12723.272107  -8327.313378    339.627572                    
PR03   5718.960782 -13241.926222 -21017.923194    148.908295                    
PR04 -12806.475340  -5675.364053 -21305.084275    283.828706                    
PR05 -23119.646125   4748.036893  -9645.845333     15.507870                    
PR07  -5152.635466  13125.548563  21273.677001    -51.611232                    
PR08  12167.678916   6120.006374  21612.511099     20.477145                    
PR09  -9270.967669  19686.020166  13384.759680     38.776132                    
PR10  -2496.212661  25311.944834  -2454.266824     35.736820                    
PR11   6529.492353  16656.690452 -18181.813152    -47.118877                    
PR13   9055.879495 -19198.800421 -14151.293066    -16.846589                    
PR14   2302.733137 -25284.217317   2414.607497     33.025128                    
PR15  -4174.971814 -20196.181312  15094.659720    -19.163281                    
PR16 -11116.785905    548.155317  22931.730475    106.450752                    
PR17  -5606.655752 -15632.525920  19387.957189    180.440484                    
PR18 -18024.068132 -17156.592211   5504.405295     27.231829                    
PR19 -20472.163306  -9835.307451 -11619.964603    -61.525938                    
PR20 -10414.263235   4744.718136 -22783.815010   -359.116893                    
PR21   6035.060846  15718.030940 -19146.778569    -14.585836                    
PR22  19103.840936  16710.992238  -3101.063239    -64.673437                    
PR23  19360.099476   6289.805334  15361.757687    190.818426                    
PR24   9294.651902  -5922.281321  22981.570619   -173.773543                    
*  2018 11 15  9 15  0.00000000                                                 
PG01  16389.719103   2758.958033  20618.307281   -114.601347                    
PG02 -14840.091890 -21396.694304  -5193.526148    -59.153433                    
PG03  19805.061331  -8363.101995  15513.268008    160.474381                    
PG05 -11087.357942 -11083.329358 -21545.020849     -0.188431                    
PG06  -5486.374698 -24984.583399   7151.279412    333.220538                    
PG07  10000.239134 -13345.548411 -20323.520445     88.161215                    
PG08  25453.406440   6118.485302  -4941.440891   -122.247032                    
PG09  20313.230084  -8499.799242 -14903.210192    492.312634                    
PG10  -9124.826010  23073.098667   9259.739453    164.037522                    
PG11  21626.818218   4825.060753  13942.382852   -699.637240                    
PG12 -18913.014765   3713.975918  18001.949484    291.993148                    
PG13 -20697.389183 -12747.528461 -10850.271887    -84.424478                    
PG14   6922.166530  15941.253834  20434.219060    -95.779512                    
PG15 -26619.447992  -2308.317242  -1989.482795   -339.723176                    
PG16   8501.269334  12409.449277 -22009.629408     -1.223240                    
PG17   3924.140200 -14417.312048  22357.333424    -31.229991                    
PG18  17807.047441  12430.892926  14913.012188     79.505586                    
PG19  -6998.034451 -15366.131036  20177.663522   -383.542882                    
PG20 -14065.973233  22428.837011  -1133.505106    518.717682                    
PG21  -6266.258262  17279.912643 -18399.593769   -304.054592                    
PG22  18095.284630   -686.216648  19650.513386   -574.346173                    
PG23  25827.176905  -2051.257628  -6460.568785   -206.153409                    
PG24 -18122.684133  -7273.185334  18008.305150    -58.177236                    
PG25 -19464.701992  15042.219157   9507.858684   -677.075313                    
PG26   1024.280816  19898.452538 -17492.419222     39.882508                    
PG27  19316.962188  11846.347632 -14157.582136    -18.327802                    
PG28  12227.672371 -22220.330111   8622.688982    754.601838                    
PG29 -21978.377658   5359.238157 -13939.178369    335.774836                    
PG30   2491.054691 -22347.842226 -13982.974447     -5.053934                    
PG31   6562.605933  25110.091805   4439.497850     79.582057                    
PG32  -1482.481889  15245.386010  21737.975784   -356.415194                    
PR01  20939.492707  -2995.436104  14239.184879     35.001314                    
PR02  21207.691836 -13201.344852  -5261.457434    339.629322                    
PR03   7973.577839 -14339.092240 -19515.799550    148.908523                    
PR04 -10337.763196  -6752.775998 -22309.081378    283.829730                    
PR05 -21820.368965   4304.725518 -12468.605883     15.508695                    
PR07  -7432.921086  14226.782508  19838.115081    -51.612398                    
PR08   9681.046191   7203.045425  22517.874779     20.476279                    
PR09  -8986.929703  17908.695115  15845.509321     38.777690                    
PR10  -2322.566063  25434.131278    765.775061     35.738572                    
PR11   6401.612930  18768.992438 -16050.642838    -47.120017                    
PR13   8769.878535 -17323.723603 -16549.952200    -16.846560                    
PR14   2168.793540 -25396.260543   -795.501910     33.025357                    
PR15  -4140.666630 -21901.044699  12510.903018    -19.164966                    
PR16 -10881.180842  -2276.152675  22947.735554    106.451635                    
PR17  -3645.648485 -14098.076591  20965.167201    180.442997                    
PR18 -17429.754435 -16494.527715   8590.433578     27.231956                    
PR19 -21589.338929 -10440.264441  -8706.103479    -61.526650                    
PR20 -12650.824447   3118.736292 -21912.913211   -359.118438                    
PR21   4093.168813  14191.673854 -20785.016910    -14.587756                    
PR22  18761.055652  16200.661417  -6266.216738    -64.673520                    
PR23  20862.873417   7182.793468  12787.751141    190.819938                    
PR24  11584.872958  -4306.174483  22291.688085   -173.773682                    
*  2018 11 15  9 30  0.00000000                                                 
PG01  17290.744424   4895.674208  19489.941339   -114.606213                    
PG02 -14844.568307 -21960.147595  -2410.764337    -59.163228                    
PG03  18860.369748  -6716.109487  17380.236251    160.477916                    
PG05  -9702.502343 -13068.665033 -21074.896657     -0.188339                    
PG06  -4890.405266 -24198.242203   9807.977445    333.214777                    
PG07  11078.800398 -11166.184456 -21096.498682     88.155163                    
PG08  24716.045219   6272.650870  -7684.029466   -122.248872                    
PG09  21868.710285  -8172.831084 -12718.959413    492.309713                    
PG10  -9846.176895  23675.529385   6589.638125    164.033491                    
PG11  22606.684221   6101.743373  11785.525911   -699.633720                    
PG12 -17634.271011   1941.007239  19515.007124    291.990190                    
PG13 -19326.800449 -12654.270715 -13245.652204    -84.423587                    
PG14   4619.712199  15626.926244  21305.815413    -95.779082                    
PG15 -26264.880946  -2619.748399  -4721.635289   -339.722026                    
PG16   6893.424602  14258.166592 -21402.957668     -1.224962                    
PG17   6343.829282 -14056.132363  22012.743747    -31.225552                    
PG18  18381.524779  13995.921662  12754.354319     79.509342                    
PG19  -4604.674541 -14993.398331  21121.036020   -383.539735                    
PG20 -14243.316969  22016.970677  -3911.609590    518.718469                    
PG21  -7490.886037  15288.772441 -19606.596886   -304.047991                    
PG22  17018.186586   1314.196875  20573.446059   -574.354878                    
PG23  26419.640673  -1740.866927  -3743.627821   -206.152719                    
PG24 -18892.203565  -9109.519323  16344.499645    -58.177442                    
PG25 -18913.177284  13886.086533  12023.005040   -677.080355                    
PG26   -186.013807  21379.459492 -15665.255094     39.892426                    
PG27  17599.193994  11834.363388 -16240.937435    -18.332320                    
PG28  12836.267448 -22690.421921   5883.499176    754.603314                    
PG29 -23392.500931   4994.205033 -11568.456077    335.767697                    
PG30   3360.978578 -20835.826811 -16003.280650     -5.059137                    
PG31   6043.100812  24602.087965   7216.955282     79.579733                    
PG32  -3944.499911  15031.936177  21569.834232   -356.402454                    
PR01  19231.334465  -2149.330782  16605.176105     35.001786                    
PR02  21540.815847 -13548.443307  -2093.629548    339.630735                    
PR03   9958.990149 -15497.375143 -17634.109595    148.909330                    
PR04  -7868.496498  -8052.320591 -22879.338941    283.832049                    
PR05 -20264.924348   3608.480480 -15048.862854     15.509125                    
PR07  -9451.627503  15395.441971  18017.742625    -51.613446                    
PR08   7205.345702   8503.791112  22987.943479     20.475543                    
PR09  -8820.827886  15832.047370  17999.818951     38.779439                    
PR10  -2124.665268  25149.067131   3971.011576     35.739171                    
PR11   6436.216559  20603.323747 -13607.862915    -47.121166                    
PR13   8616.750586 -15157.594075 -18627.347629    -16.846231                    
PR14   2013.795142 -25104.144243  -3990.140143     33.025665                    
PR15  -4246.284049 -23272.056840   9685.597537    -19.165503                    
PR16 -10850.698742  -5083.445176  22517.608989    106.452592                    
PR17  -1431.924462 -12625.087380  22136.074596    180.445436                    
PR18 -16473.803684 -15683.729942  11509.200162     27.232261                    
PR19 -22440.303482 -10757.812033  -5623.203303    -61.528439                    
PR20 -14892.897489   1739.781878 -20615.754246   -359.119860                    
PR21   1892.311260  12722.363513 -22019.136898    -14.589524                    
PR22  18058.029329  15515.815919  -9310.480046    -64.672919                    
PR23  22147.532699   7783.683366   9965.178631    190.822146                    
PR24  13896.005739  -2927.085574  21167.911360   -173.773678                    
*  2018 11 15  9 45  0.00000000                                                 
PG01  18235.288316   6847.359872  18024.295999   -114.611134                    
PG02 -14714.768501 -22250.280657    413.289208    -59.172864                    
PG03  17900.562828  -4856.495660  18946.493224    160.481438                    
PG05  -8454.874559 -15059.803811 -20244.919829     -0.188191                    
PG06  -4113.259194 -23189.468702  12295.956843    333.208934                    
PG07  12295.209866  -8987.884115 -21496.273552     88.149028                    
PG08  23685.171901   6462.790885 -10295.425558   -122.250447                    
PG09  23180.050299  -7929.022582 -10316.448696    492.306743                    
PG10 -10374.356580  24049.988059   3805.024815    164.029444                    
PG11  23433.236261   7176.636153   9417.696107   -699.629779                    
PG12 -16366.847546    -25.109614  20685.106539    291.987543                    
PG13 -17698.953064 -12596.160325 -15414.839606    -84.422512                    
PG14   2226.067801  15427.074531  21821.451125    -95.778529                    
PG15 -25626.489549  -2963.844585  -7374.817983   -339.721004                    
PG16   5441.598586  16125.446057 -20430.703014     -1.227009                    
PG17   8723.448044 -13837.150736  21302.599136    -31.221224                    
PG18  18900.987390  15303.457914  10371.897922     79.513163                    
PG19  -2108.394010 -14740.745105  21690.458385   -383.536119                    
PG20 -14307.116889  21334.212509  -6622.040514    518.718723                    
PG21  -8874.290203  13253.022252 -20452.623855   -304.042505                    
PG22  15997.641073   3435.928327  21149.142349   -574.363624                    
PG23  26717.999579  -1467.091470   -963.510067   -206.152015                    
PG24 -19645.688636 -10728.546211  14400.359247    -58.178647                    
PG25 -18279.067137  12467.143635  14326.596286   -677.085420                    
PG26  -1207.878511  22728.475484 -13566.830596     39.902325                    
PG27  15663.433159  11912.963930 -18049.535949    -18.336978                    
PG28  13235.572461 -22940.555172   3044.963104    754.604894                    
PG29 -24545.762729   4733.438952  -8998.863932    335.760320                    
PG30   4395.399635 -19176.604195 -17745.891683     -5.064401                    
PG31   5359.650272  23844.404305   9867.097548     79.577406                    
PG32  -6375.361219  14946.497807  21031.595171   -356.389756                    
PR01  17360.310577  -1035.390639  18648.292788     35.002259                    
PR02  21515.313185 -13711.271726   1114.757796    339.632016                    
PR03  11640.764584 -16661.714981 -15409.634316    148.910244                    
PR04  -5463.772064  -9550.106752 -23004.832470    283.833194                    
PR05 -18511.475928   2640.024446 -17336.469452     15.509968                    
PR07 -11172.857160  16576.954190  15847.685156    -51.613592                    
PR08   4804.812958   9997.011512  23013.653373     20.475189                    
PR09  -8811.237154  13505.331929  19805.956018     38.781206                    
PR10  -1958.702875  24461.423688   7099.467904     35.740118                    
PR11   6593.252492  22113.369333 -10901.014209    -47.122004                    
PR13   8633.635589 -12753.156826 -20343.220168    -16.845742                    
PR14   1892.865234 -24413.033927  -7107.173870     33.025922                    
PR15  -4444.018814 -24273.448827   6673.329027    -19.168629                    
PR16 -11019.239706  -7804.688973  21650.149883    106.453357                    
PR17    989.564309 -11266.002494  22877.870516    180.447558                    
PR18 -15155.273553 -14784.247198  14203.969087     27.232586                    
PR19 -22976.596828 -10821.324624  -2431.123903    -61.529179                    
PR20 -17072.770761    625.044959 -18917.451413   -359.120979                    
PR21   -523.110184  11363.576627 -22825.266288    -14.591529                    
PR22  16986.061213  14714.546333 -12175.052403    -64.673105                    
PR23  23157.737872   8115.739805   6948.906033    190.824046                    
PR24  16160.565397  -1804.280464  19632.169529   -173.774281                    
*  2018 11 15 10  0  0.00000000                                                 
PG01  19185.855867   8585.711454  16247.706846   -114.615915                    
PG02 -14419.425755 -22285.751779   3230.380405    -59.182091                    
PG03  16964.529224  -2809.062762  20185.016835    160.485056                    
PG05  -7357.957045 -17011.829485 -19068.569954     -0.188027                    
PG06  -3138.277571 -21996.385986  14572.511874    333.203159                    
PG07  13630.686451  -6857.276413 -21517.049853     88.142882                    
PG08  22380.550749   6723.636601 -12730.857422   -122.252095                    
PG09  24221.270622  -7737.654195  -7736.827405    492.303880                    
PG10 -10734.167071  24167.449033    954.233868    164.025487                    
PG11  24071.162007   8058.164266   6882.036414   -699.626015                    
PG12 -15151.109789  -2154.100509  21491.835561    291.984994                    
PG13 -15841.748188 -12606.126633 -17321.038323    -84.421563                    
PG14   -213.257963  15352.990847  21972.247578    -95.778109                    
PG15 -24719.425172  -3372.724911  -9904.873221   -339.719709                    
PG16   4163.382547  17964.636779 -19108.104244     -1.228538                    
PG17  11015.072161 -13754.161821  20237.945040    -31.216699                    
PG18  19326.117345  16347.446369   7808.432391     79.516919                    
PG19    440.606795 -14621.857725  21875.945159   -383.532952                    
PG20 -14292.765372  20377.469254  -9218.086532    518.718893                    
PG21 -10399.094135  11220.301499 -20920.798560   -304.036920                    
PG22  15060.326191   5643.111660  21368.191132   -574.372754                    
PG23  26717.784102  -1194.523809   1832.824898   -206.151215                    
PG24 -20344.818731 -12114.584916  12209.937499    -58.178031                    
PG25 -17604.478649  10796.069674  16377.962227   -677.090376                    
PG26  -2048.102413  23903.229791 -11233.266006     39.912170                    
PG27  13547.420288  12107.123992 -19552.469735    -18.341577                    
PG28  13449.899712 -22938.781426    154.660925    754.606217                    
PG29 -25411.612333   4544.251588  -6274.537094    335.753157                    
PG30   5597.341398 -17414.012882 -19180.872806     -5.069611                    
PG31   4490.945268  22870.829769  12343.467494     79.575155                    
PG32  -8727.259332  14982.709771  20132.179861   -356.376910                    
PR01  15390.057577    346.712901  20328.841135     35.002890                    
PR02  21159.111350 -13642.189121   4301.567066    339.633083                    
PR03  12996.599554 -17773.259675 -12885.778907    148.910472                    
PR04  -3183.816717 -11211.009757 -22683.188254    283.835036                    
PR05 -16622.931551   1392.163801 -19286.990332     15.511192                    
PR07 -12572.617956  17712.585721  13369.890391    -51.614969                    
PR08   2538.496701  11646.457715  22594.485160     20.474804                    
PR09  -8987.346696  10986.020702  21228.876085     38.783183                    
PR10  -1878.902147  23389.157724  10090.611492     35.741067                    
PR11   6825.430714  23263.482641  -7982.714633    -47.122724                    
PR13   8847.651065 -10170.965016 -21664.333516    -16.845376                    
PR14   1859.071287 -23341.280045 -10085.953678     33.026199                    
PR15  -4680.769135 -24881.593418   3532.255588    -19.168675                    
PR16 -11368.812256 -10373.842949  20362.620854    106.454222                    
PR17   3564.350121 -10065.015890  23176.034052    180.450081                    
PR18 -13486.653703 -13856.714120  16622.422739     27.232942                    
PR19 -23159.539503 -10673.749776    808.157402    -61.530779                    
PR20 -19122.251014   -221.212911 -16850.951417   -359.121908                    
PR21  -3098.974108  10160.624624 -23187.865846    -14.593307                    
PR22  15549.735074  13856.940725 -14804.529284    -64.672746                    
PR23  23845.098567   8213.189882   3797.566133    190.827017                    
PR24  18310.107283   -944.194172  17714.414411   -173.775016                    
*  2018 11 15 10 15  0.00000000                                                 
PG01  20101.796367  10090.531157  14191.704572   -114.620766                    
PG02 -13932.161391 -22092.168664   5993.033265    -59.191661                    
PG03  16087.126718   -605.892912  21074.495009    160.488554                    
PG05  -6417.400127 -18878.902036 -17565.284681     -0.187657                    
PG06  -1956.618754 -20661.152536  16598.606144    333.197347                    
PG07  15059.226191  -4817.202081 -21159.888960     88.136633                    
PG08  20829.750612   7085.881021 -14948.443216   -122.252915                    
PG09  24974.113669  -7564.421817  -5024.319090    492.300867                    
PG10 -10955.991013  24005.956086  -1913.162136    164.021497                    
PG11  24489.650768   8761.958396   4224.351155   -699.622226                    
PG12 -14022.367430  -4408.596951  21921.313079    291.982431                    
PG13 -13789.920199 -12712.079540 -18931.961467    -84.420755                    
PG14  -2651.154736  15408.192430  21755.237702    -95.777847                    
PG15 -23565.924532  -3875.241705 -12269.777007   -339.718704                    
PG16   3068.067940  19727.406060 -17456.532602     -1.230403                    
PG17  13172.933869 -13793.000251  18835.596159    -31.212370                    
PG18  19618.778683  17130.672086   5109.457244     79.520171                    
PG19   2990.198813 -14642.026634  21674.497890   -383.529505                    
PG20 -14236.552765  19151.895681 -11655.175286    518.719425                    
PG21 -12039.864681   9235.916156 -21001.630555   -304.030999                    
PG22  14226.768361   7895.732687  21227.081641   -574.381240                    
PG23  26422.754780   -887.650150   4598.500957   -206.150218                    
PG24 -20950.477399 -13260.154010   9811.270825    -58.179195                    
PG25 -16930.204707   8892.457519  18140.944430   -677.095414                    
PG26  -2721.134342  24865.133589  -8704.852181     39.922019                    
PG27  11294.017605  12434.997150 -20723.859090    -18.346270                    
PG28  13509.540472 -22659.812267  -2738.229197    754.608118                    
PG29 -25971.748631   4390.083451  -3442.292827    335.745788                    
PG30   6961.849289 -15593.092199 -20283.716946     -5.074756                    
PG31   3422.922960  21720.468090  14602.909644     79.572768                    
PG32 -10954.670985  15126.498616  18886.719128   -356.364186                    
PR01  13384.938079   1984.833616  21614.189406     35.003392                    
PR02  20510.847012 -13301.414537   7405.130474    339.635080                    
PR03  14016.984503 -18771.892334 -10111.715305    148.911801                    
PR04  -1081.684394 -12989.996703 -21920.724367    283.836715                    
PR05 -14664.358105   -129.652537 -20862.563999     15.512284                    
PR07 -13639.579846  18741.949996  10632.330141    -51.615791                    
PR08    458.025503  13406.228946  21738.475612     20.474577                    
PR09  -9367.580691   8337.627327  22240.899466     38.785285                    
PR10  -1934.998577  21962.829812  12886.511246     35.741476                    
PR11   7080.428689  24030.018819  -4909.633867    -47.123534                    
PR13   9274.608637  -7477.061476 -22565.111408    -16.844834                    
PR14   1960.928325 -21919.709707 -12868.501720     33.026420                    
PR15  -4900.587667 -25085.886905    323.003977    -19.169112                    
PR16 -11870.369875 -12730.353454  18680.381934    106.454908                    
PR17   6230.464931  -9056.287122  23024.622056    180.452595                    
PR18 -11493.561181 -12959.678482  18717.676041     27.233230                    
PR19 -22961.941874 -10365.559920   4031.749327    -61.531702                    
PR20 -20975.403187   -807.612728 -14456.398924   -359.123378                    
PR21  -5773.456980   9148.822216 -23100.021041    -14.594996                    
PR22  13766.959449  13002.442599 -17147.960865    -64.672830                    
PR23  24171.237678   8119.523751    572.415202    190.829456                    
PR24  20277.958648   -340.386953  15452.030608   -173.775276                    
*  2018 11 15 10 30  0.00000000                                                 
PG01  20940.909962  11350.253879  11892.408769   -114.625564                    
PG02 -13232.573700 -21700.927203   8655.289763    -59.201037                    
PG03  15297.835176   1714.699710  21599.691499    160.492157                    
PG05  -5630.928937 -20615.889410 -15760.181057     -0.187506                    
PG06   -567.792584 -19228.348991  18339.534725    333.191607                    
PG07  16548.574097  -2905.220753 -20432.588030     88.130371                    
PG08  19067.201215   7574.816892 -16909.909357   -122.253752                    
PG09  25428.660963  -7372.935306  -2225.471355    492.297983                    
PG10 -11074.413104  23551.569175  -4747.241965    164.017552                    
PG11  24663.613151   9309.931934   1492.166650   -699.618637                    
PG12 -13009.534411  -6745.429127  21966.426739    291.979728                    
PG13 -11583.857787 -12935.732298 -20220.351122    -84.419680                    
PG14  -5040.468521  15588.268149  21173.440472    -95.777290                    
PG15 -22194.519980  -4495.736588 -14430.262411   -339.717592                    
PG16   2156.393758  21365.496425 -15503.221211     -1.232220                    
PG17  15154.956633 -13932.094451  17117.945092    -31.207701                    
PG18  19743.589060  17664.366979   2322.309054     79.523778                    
PG19   5488.206110 -14797.943970  21090.142183   -383.525935                    
PG20 -14174.104943  17670.804895 -13891.633146    518.719846                    
PG21 -13764.000482   7341.058236 -20693.290222   -304.025406                    
PG22  13510.642572  10150.948797  20728.246708   -574.389913                    
PG23  25844.694082   -512.364396   7287.447541   -206.149245                    
PG24 -21424.303385 -14166.018059   7245.702905    -58.178665                    
PG25 -16294.033388   6784.236128  19584.578186   -677.100361                    
PG26  -3248.326189  25580.763476  -6025.348112     39.931960                    
PG27   8949.759474  12907.100904 -21543.297604    -18.350934                    
PG28  13449.516070 -22086.198571  -5583.726574    754.609160                    
PG29 -26216.766250   4232.102777   -550.828937    335.738817                    
PG30   8476.020800 -13758.426517 -21035.752426     -5.079793                    
PG31   2149.505961  20436.157332  16606.349517     79.570499                    
PG32 -13015.921648  15356.661970  17316.317289   -356.351368                    
PR01  11407.438826   3854.612989  22479.399597     35.003395                    
PR02  19618.116756 -12658.911897  10365.431681    339.636760                    
PR03  14705.327110 -19598.826101  -7141.415928    148.912460                    
PR04    798.734117 -14833.883741 -20732.322895    283.838213                    
PR05 -12700.326663  -1907.310563 -22032.635076     15.512681                    
PR07 -14375.306525  19605.608662   7688.081125    -51.616942                    
PR08  -1394.309176  15222.555064  20462.070010     20.474531                    
PR09  -9958.681201   5627.290000  22822.250783     38.786784                    
PR10  -2169.909673  20224.416741  15432.950705     35.743400                    
PR11   7303.315604  24402.181406  -1741.392976    -47.124623                    
PR13   9918.220439  -4740.443107 -23028.126610    -16.844485                    
PR14   2240.101349 -20190.411488 -15400.648018     33.026496                    
PR15  -5047.256492 -24889.110803  -2892.479954    -19.168020                    
PR16 -12485.125087 -14821.417795  16636.372306    106.455639                    
PR17   8920.776892  -8262.592901  22426.395870    180.455238                    
PR18  -9213.893204 -12147.038248  20449.179515     27.233762                    
PR19 -22369.349433  -9952.395858   7177.067878    -61.532815                    
PR20 -22571.215479  -1155.060609 -11780.357500   -359.124367                    
PR21  -8479.376750   8352.095818 -22563.565943    -14.596597                    
PR22  11668.466651  12207.246939 -19159.831866    -64.672839                    
PR23  24109.453661   7885.409427  -2663.861881    190.831792                    
PR24  22001.891284     25.947943  12889.100083   -173.775462                    
*  2018 11 15 10 45  0.00000000                                                 
PG01  21661.109924  12362.139492   9389.858238   -114.630402                    
PG02 -12307.090019 -21147.875986  11173.387365    -59.210839                    
PG03  14619.634568   4109.459328  21751.702482    160.495691                    
PG05  -4988.562687 -22179.994721 -13683.676012     -0.187627                    
PG06   1020.129399 -17743.287166  19765.510008    333.185815                    
PG07  18061.446344  -1152.357137 -19349.428713     88.124279                    
PG08  17132.994637   8209.182025 -18581.256031   -122.254659                    
PG09  25583.641856  -7126.305807    611.637074    492.294985                    
PG10 -11126.677193  22799.007063  -7498.635872    164.013548                    
PG11  24574.658344   9729.120557  -1266.207937   -699.614933                    
PG12 -12134.064175  -9117.152678  21626.934798    291.977039                    
PG13  -9268.221958 -13291.671911 -21164.415392    -84.418864                    
PG14  -7335.568768  15881.025157  20235.855232    -95.777019                    
PG15 -20639.038364  -5252.967133 -16350.401185   -339.716191                    
PG16   1420.630311  22832.515542 -13280.881168     -1.234374                    
PG17  16924.176110 -14143.305645  15112.691335    -31.203023                    
PG18  19669.365194  17967.501980   -504.707513     79.527073                    
PG19   7884.283749 -15077.868187  20133.818011   -383.522668                    
PG20 -14138.865466  15955.272770 -15889.383618    518.720570                    
PG21 -15532.961953   5571.212844 -20001.675153   -304.019488                    
PG22  12918.337821  12364.516067  19880.020761   -574.398804                    
PG23  25002.923137    -37.414257   9855.090776   -206.148643                    
PG24 -21730.211639 -14840.927078   4557.170586    -58.178863                    
PG25 -15729.193152   4506.757918  20683.668414   -677.105396                    
PG26  -3656.900676  26023.158587  -3241.210425     39.941832                    
PG27   6563.265706  13525.794596 -21996.218554    -18.355659                    
PG28  13308.118590 -21209.248016  -8331.908318    754.610750                    
PG29 -26146.471019   4030.897538   2350.112001    335.731414                    
PG30  10119.353416 -11952.525547 -21424.442100     -5.084940                    
PG31    673.013000  19062.764821  18319.477368     79.568047                    
PG32 -14874.611505  15645.741741  15447.712207   -356.338630                    
PR01   9515.667150   5920.263101  22907.708340     35.004113                    
PR02  18535.374958 -11695.875935  13125.252466    339.639103                    
PR03  15077.545754 -20199.157189  -4032.598156    148.913925                    
PR04   2424.307034 -16683.451867 -19141.136188    283.839118                    
PR05 -10792.299217  -3910.546524 -22774.542712     15.513572                    
PR07 -14793.951900  20247.657251   4594.301413    -51.617993                    
PR08  -2987.075806  17035.924375  18789.817595     20.474470                    
PR09 -10755.292771   2923.210429  22961.451091     38.788883                    
PR10  -2617.691089  18225.665732  17680.474394     35.743248                    
PR11   7439.091328  24382.348843   1460.589596    -47.125820                    
PR13  10769.828720  -2030.412783 -23044.433076    -16.845070                    
PR14   2729.401451 -18205.063994 -17633.092470     33.026921                    
PR15  -5066.879329 -24307.258732  -6052.106320    -19.168825                    
PR16 -13166.283521 -16603.924590  14270.451640    106.456718                    
PR17  11565.552929  -7694.470848  21392.781698    180.457922                    
PR18  -6696.473321 -11465.696854  21783.494339     27.233881                    
PR19 -21380.771613  -9492.502270  10183.051425    -61.532285                    
PR20 -23856.077323  -1295.624564  -8874.901801   -359.125749                    
PR21 -11146.765245   7782.088771 -21589.037807    -14.598252                    
PR22   9296.788157  11521.842231 -20800.944542    -64.672633                    
PR23  23645.910653   7566.310853  -5848.374178    190.833711                    
PR24  23426.623141    184.948003  10075.536042   -173.775269                    
*  2018 11 15 11  0  0.00000000                                                 
PG01  22222.076175  13132.129816   6727.292237   -114.635245                    
PG02 -11149.559724 -20471.859750  13506.370909    -59.220178                    
PG03  14068.151467   6531.671434  21528.100021    160.499250                    
PG05  -4473.141022 -23532.316686 -11371.008735     -0.187218                    
PG06   2790.635841 -16250.306342  20852.162062    333.180036                    
PG07  19556.947676    417.868923 -17930.808311     88.118195                    
PG08  15071.475427   9000.258072 -19933.358063   -122.256267                    
PG09  25446.421252  -6788.760181   3438.218939    492.292062                    
PG10 -11151.041864  21751.958679 -10119.417736    164.009434                    
PG11  24211.795325  10050.341608  -4002.595392   -699.611051                    
PG12 -11409.202167 -11473.745568  20909.432014    291.974321                    
PG13  -6890.412408 -13786.711244 -21748.177100    -84.418076                    
PG14  -9493.870551  16266.933427  18957.373150    -95.776891                    
PG15 -18937.423425  -6159.240519 -17998.139415   -339.714981                    
PG16    845.003007  24085.689459 -10827.204576     -1.235855                    
PG17  18449.996432 -14393.027818  12852.488194    -31.198621                    
PG18  19370.389286  18065.803370  -3323.166907     79.530618                    
PG19  10131.713029 -15462.146201  18823.128285   -383.519391                    
PG20 -14160.681231  14033.454276 -17614.573782    518.720523                    
PG21 -17303.783404   3954.832860 -18940.263369   -304.013530                    
PG22  12448.802677  14492.273568  18696.513282   -574.407453                    
PG23  23923.564583    564.269811  12259.008398   -206.147749                    
PG24 -21835.828142 -15301.063933   1791.463541    -58.179432                    
PG25 -15262.999103   2101.588973  21419.246626   -677.110390                    
PG26  -3978.684643  26172.878758   -400.769280     39.951669                    
PG27   4183.574118  14285.072341 -22074.175568    -18.360341                    
PG28  13125.291079 -20029.631978 -10933.821758    754.612140                    
PG29 -25769.852250   3748.194488   5210.598282    335.724244                    
PG30  11864.395205 -10214.303582 -21443.570467     -5.090097                    
PG31   -995.772313  17645.429771  19713.324169     79.565561                    
PG32 -16500.846896  15961.154657  13312.835581   -356.325841                    
PR01   7761.050170   8135.837916  22890.848230     35.004024                    
PR02  17321.567151 -10405.757445  15631.263348    339.641396                    
PR03  15161.147136 -20524.268913   -845.600588    148.916111                    
PR04   3773.797858 -18475.833037 -17178.133039    283.840314                    
PR05  -8996.166146  -6097.979156 -23073.954360     15.514401                    
PR07 -14921.433551  20618.185581   1411.121792    -51.619141                    
PR08  -4300.769617  18783.470441  16753.914650     20.474440                    
PR09 -11740.067799    292.053115  22655.554521     38.790253                    
PR10  -3301.865807  16026.057065  19585.347552     35.744020                    
PR11   7435.232822  23985.868840   4634.283390    -47.126755                    
PR13  11808.670143    586.072293 -22613.735523    -16.845280                    
PR14   3451.161837 -16022.878194 -19522.371145     33.027298                    
PR15  -4910.383324 -23368.835418  -9094.820808    -19.168766                    
PR16 -13861.123566 -18045.993721  11628.615018    106.457508                    
PR17  14095.142452  -7349.891686  19943.664304    180.460601                    
PR18  -3999.248251 -10953.535000  22694.925566     27.234371                    
PR19 -20008.862726  -9044.063919  12991.345680    -61.532909                    
PR20 -24785.965418  -1270.933629  -5796.598730   -359.126892                    
PR21 -13705.562920   7437.799356 -20195.463980    -14.599989                    
PR22   6704.745368  10988.800946 -22039.187966    -64.672820                    
PR23  22780.306055   7219.911035  -8919.250499    190.835600                    
PR24  24506.044139    176.562184   7066.103517   -173.775484                    
*  2018 11 15 11 15  0.00000000                                                 
PG01  22586.837762  13674.382133   3950.396696   -114.640077                    
PG02  -9761.575708 -19713.195680  15616.638008    -59.229632                    
PG03  13651.106535   8932.780406  20932.960693    160.502798                    
PG05  -4061.140165 -24639.282317  -8861.669817     -0.187200                    
PG06   4719.224897 -14791.122016  21580.945826    333.174268                    
PG07  20992.122689   1790.097227 -16202.768413     88.111874                    
PG08  12929.671244   9951.259870 -20942.489884   -122.257330                    
PG09  25032.666143  -6327.219459   6205.616749    492.289226                    
PG10 -11185.101730  20423.049724 -12563.970751    164.005460                    
PG11  23571.838140  10306.735664  -6669.820308   -699.607467                    
PG12 -10839.583381 -13764.404907  19827.183024    291.971860                    
PG13  -4498.938807 -14419.546486 -21961.730006    -84.416912                    
PG14 -11477.258349  16719.856054  17358.603283    -95.776224                    
PG15 -17130.421908  -7219.783927 -19345.783208   -339.713836                    
PG16    406.445926  25087.508333  -8184.257893     -1.237766                    
PG17  19709.234557 -14643.514890  10374.505811    -31.193879                    
PG18  18827.453285  17990.540483  -6085.333626     79.534182                    
PG19  12189.040142 -15924.067681  17181.954739   -383.515841                    
PG20 -14264.545477  11939.640251 -19038.120080    518.721864                    
PG21 -19030.791510   2512.346137 -17529.759833   -304.008082                    
PG22  12093.676444  16491.632761  17197.398788   -574.416156                    
PG23  22638.580140   1314.407042  14459.544218   -206.146829                    
PG24 -21713.786846 -15569.224559  -1004.530802    -58.179598                    
PG25 -14915.756395   -384.947086  21778.899598   -677.115431                    
PG26  -4248.658783  26018.780592   2446.633342     39.961593                    
PG27   1858.452562  15170.682196 -21775.030961    -18.365117                    
PG28  12940.907628 -18557.642562 -13342.431583    754.613075                    
PG29 -25104.712520   3348.537902   7981.369772    335.716773                    
PG30  13677.671166  -8577.715828 -21093.317629     -5.095244                    
PG31  -2837.872935  16227.826254  20764.721457     79.563181                    
PG32 -17872.229203  16266.537377  10948.279518   -356.313096                    
PR01   6186.332268  10446.940564  22429.203817     35.004036                    
PR02  16037.597597  -8794.785111  17835.038487    339.642818                    
PR03  14993.830314 -20533.986152   2357.786790    148.916821                    
PR04   4838.496179 -20147.067033 -14881.493677    283.841283                    
PR05  -7360.036810  -8418.616243 -22925.137215     15.515262                    
PR07 -14794.117593  20675.507856  -1799.526485    -51.619728                    
PR08  -5328.379871  20401.520606  14393.602329     20.473838                    
PR09 -12884.290422  -2203.588841  21910.223967     38.792239                    
PR10  -4234.198050  13690.457993  21110.410785     35.745891                    
PR11   7244.140768  23240.330664   7718.239978    -47.127903                    
PR13  13002.664064   3046.946885 -21744.393520    -16.845765                    
PR14   4416.063774 -13708.239892 -21031.707530     33.027707                    
PR15  -4535.826197 -22113.656070 -11961.767693    -19.169146                    
PR16 -14513.333527 -19128.055483   8762.097248    106.458045                    
PR17  16442.671793  -7214.474184  18107.016700    180.462672                    
PR18  -1187.111010 -10637.783169  23166.002736     27.234876                    
PR19 -18279.547184  -8662.555608  15547.435560    -61.532209                    
PR20 -25328.245062  -1130.168066  -2605.397871   -359.127977                    
PR21 -16088.324659   7305.765219 -18409.985787    -14.601928                    
PR22   3953.514613  10640.911391 -22850.178287    -64.672674                    
PR23  21525.987303   6903.450131 -11816.844095    190.837482                    
PR24  25205.073156     48.614555   3919.346351   -173.775686                    
*  2018 11 15 11 30  0.00000000                                                 
PG01  22723.226251  14010.502644   1106.528700   -114.644911                    
PG02  -8152.521033 -18912.135576  17470.418887    -59.239319                    
PG03  13368.083474  11264.079210  19976.779808    160.506369                    
PG05  -3723.749773 -25473.894486  -6198.744302     -0.186532                    
PG06   6774.163959 -13403.289961  21939.449078    333.168548                    
PG07  22323.576573   2957.449835 -14196.437346     88.105550                    
PG08  10755.622585  11057.041752 -21590.764115   -122.259534                    
PG09  24365.703122  -5712.779325   8866.142335    492.286297                    
PG10 -11264.143132  18833.465428 -14789.808725    164.001454                    
PG11  22659.509037  10532.254290  -9222.517504   -699.603557                    
PG12 -10421.187671 -15939.370296  18399.829973    291.968999                    
PG13  -2141.756748 -15180.732540 -21801.399452    -84.415908                    
PG14 -13253.359986  17208.043386  15465.611006    -95.776049                    
PG15 -15260.177772  -8432.374057 -20370.430261   -339.712718                    
PG16     75.660792  25807.195564  -5397.772457     -1.239514                    
PG17  20686.910758 -14854.392265   7719.909593    -31.189922                    
PG18  18028.648475  17777.137974  -8744.925483     79.537344                    
PG19  14021.492445 -16431.011752  15239.953711   -383.512505                    
PG20 -14469.545047   9713.092523 -20136.166716    518.722022                    
PG21 -20667.443411   1255.540525 -15797.552967   -304.001880                    
PG22  11837.701802  18323.019436  15407.624790   -574.425209                    
PG23  21184.617795   2228.398377  16420.378739   -206.145880                    
PG24 -21342.842863 -15673.764668  -3783.586335    -58.180486                    
PG25 -14699.965106  -2903.410477  21756.964170   -677.120423                    
PG26  -4503.382507  25558.479683   5251.525933     39.971544                    
PG27   -367.247617  16160.571130 -21103.045831    -18.369796                    
PG28  12793.022389 -16813.073117 -15513.579748    754.614980                    
PG29 -24176.968932   2800.862087  10614.688626    335.709894                    
PG30  15520.847943  -7070.603052 -20380.221181     -5.100311                    
PG31  -4826.714159  14850.516295  21456.640381     79.561100                    
PG32 -18974.562129  16523.254553   8394.677329   -356.300330                    
PR01   4823.953603  12792.795989  21531.799725     35.004147                    
PR02  14743.736207  -6881.961836  19693.976727    339.645218                    
PR03  14621.677895 -20198.390454   5515.515771    148.917910                    
PR04   5622.318324 -21634.722284 -12295.865353    283.842563                    
PR05  -5922.374699 -10813.773139 -22331.062773     15.516259                    
PR07 -14457.070353  20388.066586  -4975.124279    -51.620727                    
PR08  -6075.434167  21828.201782  11754.428922     20.473343                    
PR09 -14148.995202  -4507.557447  20739.642936     38.793648                    
PR10  -5413.965541  11286.563847  22225.812847     35.745818                    
PR11   6825.383594  22184.346957  10652.773085    -47.128588                    
PR13  14309.692333   5297.374270 -20453.260169    -16.844694                    
PR14   5622.463362 -11328.151281 -22131.731846     33.027601                    
PR15  -3910.412172 -20591.194686 -14597.415186    -19.171589                    
PR16 -15065.508270 -19843.427671   5726.383995    106.458695                    
PR17  18546.637889  -7262.234568  15918.371588    180.465002                    
PR18   1670.558992 -10533.861806  23187.800195     27.235131                    
PR19 -16231.103879  -8398.217998  17801.701820    -61.532221                    
PR20 -25463.010220   -927.727003    636.546361   -359.129238                    
PR21 -18232.825019   7360.785019 -16267.327002    -14.604010                    
PR22   1110.343128  10499.730453 -23217.756556    -64.672865                    
PR23  19909.512842   6671.091874 -14484.892371    190.839842                    
PR24  25501.068754   -145.465683    696.442164   -173.775781                    
*  2018 11 15 11 45  0.00000000                                                 
PG01  22605.148147  14168.513426  -1756.068376   -114.649797                    
PG02  -6339.345852 -18107.364613  19038.192754    -59.248844                    
PG03  13210.627117  13478.406014  18676.273789    160.509890                    
PG05  -3428.170368 -26016.743090  -3428.178166     -0.186506                    
PG06   8917.530983 -12118.843756  21921.596747    333.162805                    
PG07  23509.100666   3921.518429 -11947.403110     88.099209                    
PG08   8596.674744  12304.135388 -21866.474308   -122.260178                    
PG09  23475.591094  -4922.034096  11373.902948    492.283417                    
PG10 -11419.601437  17012.244625 -16758.336289    163.997463                    
PG11  21487.245938  10760.156462 -11617.866810   -699.600098                    
PG12 -10141.650225 -17951.700354  16652.983962    291.966355                    
PG13    135.370828 -16052.977388 -21269.805389    -84.415253                    
PG14 -14796.623011  17695.359303  13309.567320    -95.775585                    
PG15 -13368.781883  -9787.240179 -21054.342912   -339.711466                    
PG16   -181.556954  26221.936295  -2516.342779     -1.241483                    
PG17  21376.750425 -14984.301492   4933.254982    -31.185177                    
PG18  16969.878751  17463.669415 -11257.820899     79.541106                    
PG19  15602.117537 -16945.834374  13031.947238   -383.509247                    
PG20 -14788.050290   7396.702925 -20890.451763    518.722379                    
PG21 -22168.192822    187.349851 -13777.006758   -303.996805                    
PG22  11659.405124  19951.216851  13357.039714   -574.434044                    
PG23  19601.708684   3314.589514  18109.052995   -206.145103                    
PG24 -20708.763162 -15647.354016  -6498.891492    -58.181281                    
PG25 -14619.857239  -5403.003402  21354.586436   -677.125463                    
PG26  -4779.357920  24798.480024   7965.192673     39.981475                    
PG27  -2453.135068  17225.643351 -20068.866911    -18.374520                    
PG28  12716.162674 -14824.711124 -17406.932175    754.616289                    
PG29 -23019.652650   2079.895695  13065.165098    335.702638                    
PG30  17352.090665  -5713.786941 -19317.029087     -5.105432                    
PG31  -6929.014857  13549.456953  21778.408803     79.558404                    
PG32 -19802.248939  16692.011306   5696.008378   -356.287658                    
PR01   3694.876297  15108.603142  20216.121457     35.004879                    
PR02  13497.072045  -4698.534931  21172.112505    339.646764                    
PR03  14097.011955 -19499.220460   8566.473580    148.918473                    
PR04   6141.375307 -22880.471100  -9471.492939    283.843816                    
PR05  -4710.553889 -13219.323831 -21303.343043     15.516588                    
PR07 -13961.951046  19735.927857  -8053.792939    -51.621569                    
PR08  -6559.517655  23005.995974   8887.388771     20.473672                    
PR09 -15486.536246  -6572.225554  19166.263562     38.795297                    
PR10  -6827.763365   8882.231388  22909.606716     35.745967                    
PR11   6147.644768  20865.896792  13381.102650    -47.129607                    
PR13  15679.317744   7291.777333 -18765.358291    -16.845899                    
PR14   7056.248679  -8949.578868 -22801.054310     33.027593                    
PR15  -3012.131583 -18858.548292 -16950.622516    -19.170354                    
PR16 -15461.701371 -20198.369876   2580.148365    106.459346                    
PR17  20353.293257  -7456.839569  13420.143423    180.467746                    
PR18   4502.537045 -10644.736167  22760.092593     27.235396                    
PR19 -13912.747761  -8293.766165  19710.382245    -61.533196                    
PR20 -25183.905330   -720.673817   3866.096766   -359.130466                    
PR21 -20084.455589   7567.145738 -13809.117321    -14.606044                    
PR22  -1753.992356  10574.619955 -23134.332865    -64.672667                    
PR23  17969.675697   6571.430247 -16871.608850    190.841692                    
PR24  25384.735216   -349.150406  -2539.991751   -173.776717                    
*  2018 11 15 12  0  0.00000000                                                 
PG01  22213.632093  14181.595033  -4589.047748   -114.654635                    
PG02  -4346.087276 -17334.584179  20295.043412    -59.258029                    
PG03  13162.665406  15531.782565  17054.075186    160.513403                    
PG05  -3139.081464 -26256.736969   -597.980128     -0.186370                    
PG06  11106.498058 -10963.157180  21527.748765    333.157126                    
PG07  24509.240662   4692.026569  -9495.033253     88.092806                    
PG08   6497.797375  13671.121008 -21764.333694   -122.261483                    
PG09  22397.944574  -3938.191514  13685.599220    492.280454                    
PG10 -11677.682631  14995.273900 -18435.532853    163.993506                    
PG11  20074.731992  11021.572025 -13816.246136   -699.596296                    
PG12  -9980.909874 -19758.932321  14617.712286    291.964036                    
PG13   2290.426834 -17011.744996 -20375.826746    -84.414184                    
PG14 -16089.151231  18142.698882  10926.308558    -95.775058                    
PG15 -11496.826396 -11267.246702 -21385.257840   -339.710235                    
PG16   -402.776168  26317.809521    409.453028     -1.243251                    
PG17  21781.371274 -14992.619575   2061.801625    -31.180659                    
PG18  15655.086687  17089.290108 -13582.704603     79.544935                    
PG19  16912.603522 -17428.435389  10597.226961   -383.505672                    
PG20 -15225.176286   5035.527542 -21288.577802    518.723269                    
PG21 -23490.293951   -697.959038 -11506.620685   -303.990496                    
PG22  11532.021377  21346.561498  11079.943403   -574.442886                    
PG23  17931.857777   4573.789152  19497.442805   -206.144353                    
PG24 -19804.964367 -15525.585248  -9104.787478    -58.181898                    
PG25 -14671.281731  -7833.372484  20579.647255   -677.130523                    
PG26  -5111.399423  23753.965313  10540.543827     39.991462                    
PG27  -4364.659789  18330.807525 -18689.406375    -18.379223                    
PG28  12739.743874 -12629.450082 -18986.883118    754.617820                    
PG29 -21671.645242   1167.342322  15290.543865    335.695512                    
PG30  19127.558830  -4520.448347 -17922.448393     -5.110536                    
PG31  -9105.934329  12354.716978  21725.808383     79.556349                    
PG32 -20358.363216  16734.506889   2898.838607   -356.274886                    
PR01   2807.906085  17328.069198  18507.772557     35.005543                    
PR02  12349.118420  -2286.960860  22240.802317    339.648798                    
PR03  13476.005762 -18430.799778  11451.654436    148.919312                    
PR04   6423.027887 -23832.511607  -6463.241447    283.845722                    
PR05  -3739.895739 -15568.191317 -19862.000108     15.517167                    
PR07 -13364.635333  18711.802643 -10975.513237    -51.622259                    
PR08  -6809.286623  23884.139295   5847.952586     20.473228                    
PR09 -16842.543312  -8360.237600  17220.393686     38.797127                    
PR10  -8449.850752   6542.814415  23148.196429     35.746015                    
PR11   5190.291684  19340.299564  15850.441624    -47.130572                    
PR13  17054.869991   8995.481085 -16713.399977    -16.846788                    
PR14   8691.234356  -6636.818814 -23026.681249     33.027851                    
PR15  -1830.954046 -16978.099948 -18975.628856    -19.172411                    
PR16 -15649.927053 -20211.615504   -615.867455    106.460220                    
PR17  21818.722423  -7753.310923  10660.813065    180.470073                    
PR18   7238.466692 -10960.811235  21891.343984     27.235738                    
PR19 -11382.767145  -8382.427678  21236.418971    -61.533521                    
PR20 -24498.394032   -566.069201   7020.374485   -359.132185                    
PR21 -21598.315789   7880.303053 -11083.083881    -14.608111                    
PR22  -4567.881356  10862.309785 -22601.067988    -64.672802                    
PR23  15756.030573   6645.242188 -18930.686201    190.843669                    
PR24  24860.486773   -505.447838  -5727.117747   -173.777294                    
*  2018 11 15 12 15  0.00000000                                                 
PG01  21537.615459  14086.653748  -7344.729825   -114.659486                    
PG02  -2203.151565 -16625.222155  21220.956858    -59.267792                    
PG03  13201.237325  17384.931812  15138.326682    160.516929                    
PG05  -2820.222518 -26191.524299   2242.627056     -0.186472                    
PG06  13294.808793  -9954.074129  20764.690264    333.151413                    
PG07  25288.749982   5286.188775  -6881.757253     88.086603                    
PG08   4499.996764  15129.320769 -21285.603348   -122.263009                    
PG09  21172.552823  -2751.933563  15761.280624    492.277560                    
PG10 -12058.204771  12824.022780 -19792.547263    163.989488                    
PG11  18448.174365  11344.184435 -15781.798497   -699.592790                    
PG12  -9912.164321 -21324.560882  12329.935215    291.961137                    
PG13   4286.550952 -18026.145139 -19134.467122    -84.413145                    
PG14 -17121.266315  18509.548317   8355.807533    -95.774832                    
PG15  -9682.013604 -12848.352464 -21356.627180   -339.709105                    
PG16   -627.234387  26090.379473   3327.992759     -1.245149                    
PG17  21912.140592 -14841.188788   -845.247334    -31.176280                    
PG18  14096.191741  16692.666242 -15681.648501     79.548500                    
PG19  17943.753451 -17837.438179   7978.789548   -383.502335                    
PG20 -15778.533611   2675.251291 -21324.185444    518.723912                    
PG21 -24595.460133  -1414.219846  -9029.093794   -303.984979                    
PG22  11424.631622  22485.947312   8614.563711   -574.451878                    
PG23  16217.575402   5999.058796  20562.180547   -206.143248                    
PG24 -18632.876244 -15345.488589 -11557.483138    -58.181824                    
PG25 -14841.938233 -10146.382362  19446.559447   -677.135579                    
PG26  -5531.075143  22448.260706  12932.953961     40.001425                    
PG27  -6074.278116  19436.276900 -16987.612330    -18.383850                    
PG28  12886.682438 -10271.046156 -20223.386289    754.619037                    
PG29 -20176.200479     52.790498  17252.436903    335.688015                    
PG30  20802.983421  -3495.809338 -16220.796166     -5.115674                    
PG31 -11314.426006  11289.448440  21301.056210     79.553711                    
PG32 -20654.389467  16615.064082     51.509997   -356.262173                    
PR01   2159.536403  19386.020676  16439.974857     35.006029                    
PR02  11343.668260    300.594332  22879.274573    339.650955                    
PR03  12816.151979 -17000.454148  14115.287264    148.919690                    
PR04   6504.469961 -24447.734999  -3329.529476    283.847200                    
PR05  -3013.224618 -17792.974192 -18035.073739     15.517634                    
PR07 -12722.671455  17321.548952 -13683.309630    -51.623123                    
PR08  -6863.016999  24420.763831   2695.006332     20.472949                    
PR09 -18158.184705  -9845.822499  14939.629023     38.799216                    
PR10 -10243.029522   4328.612069  22936.624603     35.746479                    
PR11   3944.500250  17667.904263  18013.005523    -47.131726                    
PR13  18375.812570  10385.899445 -14337.158144    -16.846977                    
PR14  10490.077838  -4448.989724 -22804.266163     33.027933                    
PR15   -369.523017 -15014.975995 -20632.945334    -19.171210                    
PR16 -15584.508661 -19913.403048  -3800.005253    106.461037                    
PR17  22910.522348  -8100.109670   7693.989994    180.472975                    
PR18   9811.534528 -11460.369624  20598.531923     27.235911                    
PR19  -8706.293753  -8686.393139  22350.175840    -61.534537                    
PR20 -23427.463869   -518.306549  10037.993737   -359.133546                    
PR21 -22740.911157   8248.943367  -8142.126309    -14.610115                    
PR22  -7261.619247  11347.009303 -21627.886467    -64.672565                    
PR23  13326.986098   6923.581445 -20622.191115    190.846158                    
PR24  23946.255843   -559.554611  -8803.098187   -173.777600                    
*  2018 11 15 12 30  0.00000000                                                 
PG01  20574.444584  13922.767498  -9976.851312   -114.664309                    
PG02     53.616081 -16005.309332  21801.063267    -59.277275                    
PG03  13297.497071  19004.617238  12962.182086    160.520473                    
PG05  -2436.023131 -25827.581399   5044.089678     -0.185945                    
PG06  15434.393832  -9101.338566  19645.514550    333.145737                    
PG07  25817.877391   5727.798649  -4152.325703     88.080458                    
PG08   2638.883080  16643.790183 -20438.104997   -122.264511                    
PG09  19841.848181  -1361.988338  17565.044709    492.274650                    
PG10 -12573.705384  10544.071254 -20806.192422    163.985408                    
PG11  16639.366929  11751.077502 -17482.911832   -699.588956                    
PG12  -9903.089625 -22619.280934   9829.747302    291.958688                    
PG13   6093.256252 -19060.078047 -17566.622799    -84.412324                    
PG14 -17891.768213  18755.630969   5641.559037    -95.774306                    
PG15  -7957.868178 -14500.334943 -20967.785355   -339.707889                    
PG16   -894.059344  25544.916032   6187.588541     -1.247103                    
PG17  21788.699199 -14495.989312  -3737.572124    -31.172055                    
PG18  12312.749299  16310.454905 -17520.626257     79.552068                    
PG19  18695.602020 -18131.911996   5222.522795   -383.499084                    
PG20 -16438.275985    360.639670 -20997.029479    518.724136                    
PG21 -25451.305932  -1982.461723  -6390.330549   -303.979387                    
PG22  11303.473125  23353.600081   6002.463728   -574.460622                    
PG23  14500.398395   7575.782350  21285.021159   -206.142254                    
PG24 -17202.018856 -15144.006219 -13815.738643    -58.182019                    
PG25 -15111.945616 -12297.789917  17975.945017   -677.140614                    
PG26  -6065.283261  20911.987085  15101.051559     40.011412                    
PG27  -7562.354150  20499.075678 -14992.129590    -18.388553                    
PG28  13172.277059  -7798.564635 -21092.681813    754.620519                    
PG29 -18579.308723  -1265.683374  18916.989930    335.680704                    
PG30  22335.265073  -2637.128193 -14241.560375     -5.120827                    
PG31 -13508.742831  10369.147267  20512.677609     79.551281                    
PG32 -20709.643037  16302.169332  -2796.706408   -356.249463                    
PR01   1734.320022  21220.983120  14052.921462     35.006287                    
PR02  10514.988150   3004.158952  23075.032910    339.652239                    
PR03  12173.693496 -15228.400864  16505.898873    148.920045                    
PR04   6430.901298 -24693.547351   -131.194416    283.848451                    
PR05  -2520.959762 -19828.600654 -15858.074727     15.518490                    
PR07 -12092.678114  15584.131837 -16124.375202    -51.624258                    
PR08  -6766.747942  24584.691662   -510.281954     20.472710                    
PR09 -19372.643247 -11015.623177  12368.139571     38.800532                    
PR10 -12160.020592   2292.536215  22278.693479     35.747009                    
PR11   2413.887662  15911.590039  19826.926389    -47.132700                    
PR13  19580.292123  11453.217890 -11682.701503    -16.847161                    
PR14  12405.679526  -2437.757406 -22138.191092     33.028324                    
PR15   1356.680342 -13034.401940 -21890.132688    -19.172508                    
PR16 -15228.176860 -19344.048140  -6910.857976    106.461357                    
PR17  23609.015614  -8441.512162   4577.369866    180.475754                    
PR18  12160.997079 -12110.532950  18906.810776     27.235961                    
PR19  -5952.797680  -9215.744624  23030.012312    -61.535923                    
PR20 -22004.779618   -626.564095  12860.264767   -359.135083                    
PR21 -23491.389438   8617.340197  -5043.292974    -14.612237                    
PR22  -9770.077362  12001.065601 -20233.318141    -64.672583                    
PR23  10747.541844   7426.294141 -21913.334168    190.847793                    
PR24  22672.754505   -461.411987 -11708.292954   -173.777953                    
*  2018 11 15 12 45  0.00000000                                                 
PG01  19330.073089  13729.567559 -12441.284515   -114.668977                    
PG02   2384.043725 -15494.555486  22025.825063    -59.286832                    
PG03  13417.954174  20364.753528  10563.223745    160.523954                    
PG05  -1953.215849 -25179.963493   7757.422778     -0.185907                    
PG06  17477.063613  -8406.345537  18189.400823    333.140088                    
PG07  26073.445851   6046.086504  -1353.059058     88.074195                    
PG08    943.449459  18174.571237 -19236.115864   -122.266086                    
PG09  18449.283029    224.610881  19065.667307    492.271686                    
PG10 -13228.849557   8203.488893 -21459.331649    163.981430                    
PG11  14684.576944  12259.782303 -18892.613005   -699.585345                    
PG12  -9917.271715 -23621.949755   7160.678888    291.956092                    
PG13   7687.406293 -20073.592308 -15698.755337    -84.411335                    
PG14 -18407.878531  18842.577944   2829.884939    -95.774073                    
PG15  -6352.599532 -16187.758587 -20224.035726   -339.706547                    
PG16  -1240.483736  24696.230228   8937.480779     -1.249106                    
PG17  21438.161952 -13928.685871  -6564.617344    -31.167731                    
PG18  10331.347779  15975.885627 -19069.961551     79.555834                    
PG19  19177.177652 -18273.067368   2376.361305   -383.495451                    
PG20 -17187.441346  -1865.965705 -20312.958517    518.724644                    
PG21 -26032.516795  -2429.721235  -3638.424903   -303.973686                    
PG22  11133.375094  23941.591201   3287.885449   -574.469416                    
PG23  12819.450332   9282.015476  21653.148586   -206.141683                    
PG24 -15529.791116 -14956.481192 -15841.510699    -58.182890                    
PG25 -15454.717596 -14248.754244  16194.203200   -677.145707                    
PG26  -6735.020477  19181.942211  17007.444864     40.021412                    
PG27  -8817.759638  21474.695736 -12736.852512    -18.393251                    
PG28  13603.417527  -5264.579271 -21577.889810    754.621860                    
PG29 -16927.967431  -2781.243685  20255.470678    335.673870                    
PG30  23684.032838  -1934.004546 -12018.879479     -5.125955                    
PG31 -15642.035144   9601.224538  19375.278213     79.548802                    
PG32 -20550.391725  15769.861743  -5596.478197   -356.236751                    
PR01   1505.751274  22777.622035  11392.994898     35.006916                    
PR02   9886.425669   5758.187560  22824.105360    339.654167                    
PR03  11601.124045 -13147.115086  18577.293467    148.921186                    
PR04   6253.367816 -24549.269704   3069.688427    283.850396                    
PR05  -2241.737917 -21614.899976 -13373.294470     15.519046                    
PR07 -11527.795754  13531.041486 -18251.113943    -51.624308                    
PR08  -6572.098120  24356.804099  -3705.646076     20.472663                    
PR09 -20425.701657 -11869.007236   9555.822563     38.801861                    
PR10 -14145.283665    478.095655  21186.915180     35.746911                    
PR11    614.626033  14134.181514  21257.054546    -47.134015                    
PR13  20607.763888  12200.544418  -8801.507058    -16.848188                    
PR14  14383.008506   -645.385944 -21041.477020     33.028780                    
PR15   3319.714341 -11099.065848 -22722.448998    -19.170499                    
PR16 -14553.831278 -18552.116344  -9888.430448    106.462476                    
PR17  23907.944617  -8720.176636   1371.607722    180.478367                    
PR18  14234.456929 -12868.705730  16849.021074     27.236279                    
PR19  -3193.410849  -9967.907796  23262.703175    -61.535979                    
PR20 -20275.322020   -932.482989  15432.340718   -359.136421                    
PR21 -23842.263922   8927.905376  -1846.678009    -14.613802                    
PR22 -12035.191956  12786.144074 -18444.168366    -64.672608                    
PR23   8086.764174   8161.018666 -22779.100345    190.849775                    
PR24  21082.221090   -168.057991 -14386.410816   -173.779371                    
*  2018 11 15 13  0  0.00000000                                                 
PG01  17818.953041  13545.614498 -14696.719377   -114.673856                    
PG02   4744.892072 -15105.653034  21891.171719    -59.295856                    
PG03  13525.900360  21447.247283   7982.807168    160.527492                    
PG05  -1342.364691 -24271.724978  10335.107574     -0.185510                    
PG06  19376.214567  -7862.222222  16421.290189    333.134457                    
PG07  26039.688449   6274.393483   1468.902949     88.068174                    
PG08   -564.888037  19678.159882 -17700.145153   -122.266637                    
PG09  17037.678509   1992.590922  20237.152076    492.268760                    
PG10 -14020.160881   5851.130233 -21741.151243    163.977480                    
PG11  12623.299528  12881.551742 -19988.879156   -699.581548                    
PG12  -9915.790548 -24320.235970   4368.913610    291.953278                    
PG13   9053.915795 -21024.406269 -13562.472052    -84.410354                    
PG14 -18684.862687  18735.558300    -30.833293    -95.773539                    
PG15  -4888.157246 -17871.157580 -19136.651014   -339.705287                    
PG16  -1700.130928  23568.128111  11528.822717     -1.250892                    
PG17  20894.018431 -13117.981540  -9276.511692    -31.163344                    
PG18   8184.768338  15717.489073 -20304.710745     79.559599                    
PG19  19405.927071 -18225.858262   -510.570320   -383.492249                    
PG20 -18002.572255  -3966.053386 -19283.800100    518.724815                    
PG21 -26321.707306  -2787.637577   -822.655583   -303.967721                    
PG22  10879.267449  24250.068671    517.037183   -574.478473                    
PG23  11210.089649  11089.106057  21659.418190   -206.140453                    
PG24 -13640.977988 -14815.214896 -17600.552312    -58.182902                    
PG25 -15838.105811 -15967.125652  14132.982080   -677.150799                    
PG26  -7554.391701  17299.754133  18619.370586     40.031444                    
PG27  -9838.145358  22318.840462 -10260.374143    -18.397926                    
PG28  14178.165727  -2723.202964 -21669.445443    754.623196                    
PG29 -15268.424569  -4478.367404  21244.768523    335.666462                    
PG30  24813.105312  -1368.980352  -9590.950428     -5.131180                    
PG31 -17667.980322   8984.898041  17909.224482     79.546680                    
PG32 -20208.713554  14998.914782  -8299.283568   -356.224078                    
PR01   1437.620472  24008.943696   8511.865496     35.007232                    
PR02   9469.487932   8494.030981  22131.134216    339.655567                    
PR03  11144.862496 -10800.198929  20289.431029    148.922699                    
PR04   6026.361417 -24007.057782   6211.009680    283.851228                    
PR05  -2143.539353 -23098.984845 -10628.984012     15.520126                    
PR07 -11075.300762  11205.192963 -20022.078843    -51.624898                    
PR08  -6333.846553  23730.926583  -6828.933470     20.472347                    
PR09 -21260.328273 -12417.844837   6557.337407     38.803528                    
PR10 -16137.206132  -1082.217741  19682.290303     35.747361                    
PR11  -1424.969156  12395.885484  22275.633718    -47.135541                    
PR13  21401.583309  12643.523266  -5749.466613    -16.848798                    
PR14  16361.277686    896.804267 -19535.525328     33.029454                    
PR15   5480.083141  -9266.598727 -23113.353753    -19.173136                    
PR16 -13545.892660 -17592.272375 -12675.273246    106.463368                    
PR17  23814.616873  -8879.790774  -1860.870695    180.480897                    
PR18  15989.795760 -13684.440970  14465.054395     27.236846                    
PR19   -498.189344 -10927.651037  23043.696162    -61.536491                    
PR20 -18293.569942  -1468.170534  17704.285400   -359.137442                    
PR21 -23799.594761   9123.827417   1385.739802    -14.615557                    
PR22 -14008.166889  13654.884011 -16295.020809    -64.672622                    
PR23   5415.105714   9122.712167 -23202.728763    190.851831                    
PR24  19226.705419    354.323725 -16785.592770   -173.780070                    
*  2018 11 15 13 15  0.00000000                                                 
PG01  16063.624017  13406.826317 -16705.301426   -114.678702                    
PG02   7091.222493 -14843.830232  21398.580816    -59.305537                    
PG03  13582.967022  22242.537013   5265.344597    160.530995                    
PG05   -579.245374 -23133.030905  12731.967231     -0.185285                    
PG06  21088.484339  -7454.235427  14371.465028    333.128768                    
PG07  25708.816659   6448.713568   4266.341747     88.061702                    
PG08  -1872.950532  21109.131290 -15856.594356   -122.268493                    
PG09  15647.609384   3918.827284  21059.189186    492.265914                    
PG10 -14936.084078   3534.913618 -21647.316292    163.973522                    
PG11  10496.925617  13620.881220 -20754.870754   -699.578028                    
PG12  -9858.893103 -24710.935626   1502.477459    291.950926                    
PG13  10186.147855 -21869.536697 -11194.019127    -84.409357                    
PG14 -18745.339243  18404.803010  -2890.983966    -95.773404                    
PG15  -3579.517173 -19508.394967 -17722.781757   -339.704010                    
PG16  -2301.447020  22192.504058  13915.630347     -1.252893                    
PG17  20194.771213 -12050.716878 -11825.007840    -31.159092                    
PG18   5910.938099  15558.012667 -21204.981138     79.563143                    
PG19  19406.832201 -17960.430458  -3388.810214   -383.488991                    
PG20 -18854.591733  -5906.199726 -17927.154105    518.725592                    
PG21 -26309.946668  -3090.902748   2007.479312   -303.962229                    
PG22  10507.706081  24287.193080  -2262.666431   -574.487266                    
PG23   9702.692651  12962.568682  21302.530060   -206.139493                    
PG24 -11566.993001 -14748.144838 -19062.960363    -58.183517                    
PG25 -16225.760875 -17428.467222  11828.567817   -677.155916                    
PG26  -8529.899875  15310.360929  19909.254027     40.041447                    
PG27 -10629.869712  22989.187356  -7605.338621    -18.402654                    
PG28  14885.734810   -228.039486 -21365.355868    754.624867                    
PG29 -13644.462925  -6333.257267  21867.796662    335.659492                    
PG30  25691.799924   -918.411489  -6999.375442     -5.136313                    
PG31 -19542.384091   8511.401706  16140.242331     79.544244                    
PG32 -19721.135962  13977.762616 -10858.270858   -356.211397                    
PR01   1485.782396  24878.164191   5465.487433     35.007769                    
PR02   9263.430119  11142.544555  21009.303913    339.657021                    
PR03  10843.197284  -8240.799384  21609.189103    148.923311                    
PR04   5805.281444 -23072.302838   9231.829244    283.852869                    
PR05  -2185.268765 -24237.345715  -7678.418248     15.520640                    
PR07 -10774.484864   8659.353288 -21402.786648    -51.625568                    
PR08  -6107.380495  22714.189644  -9819.320884     20.472442                    
PR09 -21825.153067 -12685.762585   3431.040915     38.805285                    
PR10 -18070.570882  -2368.072447  17793.917272     35.746877                    
PR11  -3665.360376  10751.854677  22862.837182    -47.136049                    
PR13  21911.454944  12809.428275  -2585.806061    -16.849164                    
PR14  18276.377325   2169.508324 -17649.695593     33.030279                    
PR15   7788.138367  -7587.276993 -23054.856955    -19.173122                    
PR16 -12201.189322 -16522.894378 -15217.569920    106.463994                    
PR17  23349.494903  -8867.686653  -5057.095445    180.483524                    
PR18  17396.686065 -14501.649449  11801.085636     27.237140                    
PR19   2066.572415 -12067.632522  22377.202571    -61.535248                    
PR20 -16121.303694  -2254.613541  19632.041125   -359.138080                    
PR21 -23382.621441   9151.685715   4591.293983    -14.617455                    
PR22 -15651.296071  14552.961110 -13827.580316    -64.672362                    
PR23   2801.679277  10293.723784 -23176.032964    190.853943                    
PR24  17165.964915   1128.744518 -18859.406992   -173.781504                    
*  2018 11 15 13 30  0.00000000                                                 
PG01  14094.015046  13345.014527 -18433.219310   -114.683545                    
PG02   9377.832032 -14706.669477  20555.103589    -59.315216                    
PG03  13550.752453  22749.813323   2457.540177    160.534524                    
PG05    353.981077 -21799.994693  14906.001651     -0.184982                    
PG06  22575.293410  -7160.509598  12075.038249    333.123106                    
PG07  25081.305833   6606.157510   6992.682339     88.055623                    
PG08  -2976.129256  22421.859152 -13737.306110   -122.270173                    
PG09  14315.888027   5973.042146  21517.514592    492.262983                    
PG10 -15957.374735   1300.150529 -21180.009275    163.969544                    
PG11   8347.369603  14475.285366 -21179.091225   -699.574030                    
PG12  -9707.689570 -24799.948760  -1389.585777    291.948247                    
PG13  11085.991566 -22566.973807  -8633.693499    -84.408461                    
PG14 -18618.297855  17826.958676  -5700.602841    -95.773093                    
PG15  -2434.228990 -21056.152320 -16005.267722   -339.702760                    
PG16  -3066.348472  20608.111369  16055.673080     -1.255155                    
PG17  19382.362177 -10722.660960 -14164.421017    -31.154780                    
PG18   3551.713059  15513.556528 -21756.185938     79.566962                    
PG19  19211.259935 -17453.363522  -6209.393125   -383.485538                    
PG20 -19709.901619  -7659.132989 -16266.098083    518.725792                    
PG21 -25996.946645  -3375.639520   4803.166196   -303.956323                    
PG22   9988.356000  24068.777072  -5003.401217   -574.496224                    
PG23   8321.615268  14863.187594  20587.127506   -206.138703                    
PG24  -9344.881602 -14777.690576 -20203.664380    -58.184784                    
PG25 -16578.654486 -18616.774224   9321.206328   -677.161028                    
PG26  -9660.043230  13260.377344  20855.171388     40.051503                    
PG27 -11207.583871  23447.098769  -4817.706539    -18.407324                    
PG28  15706.871866   2169.847925 -20671.266833    754.626196                    
PG29 -12095.791705  -8314.581296  22113.789707    335.652281                    
PG30  26296.042302   -553.575041  -4288.458426     -5.141390                    
PG31 -21224.696128   8164.499202  14098.943711     79.541741                    
PG32 -19127.110620  12703.133219 -13229.089005   -356.198713                    
PR01   1600.263289  25360.168915   2313.011894     35.008259                    
PR02   9255.372029  13636.728605  19480.106937    339.658937                    
PR03  10724.586103  -5529.639265  22510.994620    148.924794                    
PR04   5643.865454 -21763.496875  12073.555712    283.853933                    
PR05  -2318.723586 -24997.570281  -4578.863235     15.521652                    
PR07 -10654.890478   5954.161763 -22366.392916    -51.626418                    
PR08  -5946.119112  21326.848326 -12618.509461     20.471697                    
PR09 -22076.727781 -12706.904600    237.843765     38.806797                    
PR10 -19879.200096  -3371.921237  15558.438451     35.747255                    
PR11  -6057.182893   9249.978924  23007.155017    -47.137118                    
PR13  22095.635445  12735.774548    628.061869    -16.850538                    
PR14  20063.465085   3165.995065 -15420.728240     33.030915                    
PR15  10185.921061  -6102.043629 -22547.704533    -19.173355                    
PR16 -10529.340247 -15403.551265 -17466.158486    106.464752                    
PR17  22545.247921  -8637.310581  -8154.791550    180.486121                    
PR18  18437.620525 -15261.060543   8908.686811     27.237451                    
PR19   4440.864907 -13349.473065  21276.119022    -61.534721                    
PR20 -13825.122414  -3300.569008  21178.278032   -359.139042                    
PR21 -22622.862521   8963.930316   7707.840272    -14.619373                    
PR22 -16939.327079  15421.470387 -11089.867181    -64.672420                    
PR23    311.598718  11644.411954 -22699.556157    190.855513                    
PR24  14965.059722   2166.210535 -20567.737089   -173.782039                    
*  2018 11 15 13 45  0.00000000                                                 
PG01  11946.483811  13386.580098 -19851.235931   -114.688414                    
PG02  11560.711381 -14684.199520  19373.331950    -59.324756                    
PG03  13392.455597  22976.912437   -392.410079    160.537993                    
PG05   1467.851137 -20313.288952  16819.162786     -0.184949                    
PG06  23804.214634  -6953.027605   9571.360420    333.117439                    
PG07  24165.892354   6783.393634   9602.691130     88.049558                    
PG08  -3878.377159  23572.260833 -11379.008967   -122.271495                    
PG09  13074.206751   8118.785750  21604.163143    492.260062                    
PG10 -17057.798626   -812.010548 -20347.853389    163.965572                    
PG11   6215.702095  15435.332591 -21255.478049   -699.570437                    
PG12  -9425.807782 -24601.922653  -4258.038780    291.945665                    
PG13  11763.615637 -23077.339273  -5925.181126    -84.407620                    
PG14 -18337.860163  16986.211698  -8410.282758    -95.772717                    
PG15  -1452.247513 -22471.497567 -14012.348332   -339.701682                    
PG16  -4009.144695  18859.063029  17911.282439     -1.256912                    
PG17  18500.448762  -9138.952435 -16252.542760    -31.150197                    
PG18   1151.531073  15592.956104 -21949.236746     79.570912                    
PG19  18855.593967 -16688.663238  -8924.652606   -383.482269                    
PG20 -20531.662745  -9204.566111 -14328.808958    518.726249                    
PG21 -25390.922037  -3677.777211   7517.102385   -303.950445                    
PG22   9295.373865  23617.638017  -7657.754798   -574.505141                    
PG23   7084.372873  16748.314408  19523.814675   -206.137928                    
PG24  -7016.119049 -14919.810323 -21002.849944    -58.184583                    
PG25 -16856.700838 -19524.869279   6654.372485   -677.166154                    
PG26 -10935.234722  11196.412734  21441.207325     40.061480                    
PG27 -11593.487046  23659.210722  -1945.945776    -18.412054                    
PG28  16614.627846   4423.855060 -19600.334945    754.627093                    
PG29 -10656.607559 -10384.510824  21978.491474    335.645288                    
PG30  26609.235266   -241.968919  -1504.462297     -5.146497                    
PG31 -22679.387022   7921.277744  11820.290878     79.539505                    
PG32 -18467.384784  11180.362113 -15370.672887   -356.185972                    
PR01   1727.616620  25442.501797   -884.361465     35.008349                    
PR02   9420.939032  15914.293197  17572.950458    339.661109                    
PR03  10806.381426  -2732.740971  22977.314601    148.925389                    
PR04   5591.698103 -20111.567859  14681.079088    283.854933                    
PR05  -2490.866013 -25359.616639  -1390.466494     15.522801                    
PR07 -10734.977278   3155.826627 -22894.214105    -51.626941                    
PR08  -5899.023304  19601.565444 -15171.874726     20.471711                    
PR09 -21981.472647 -12524.253424  -2959.988713     38.808749                    
PR10 -21498.663737  -4099.078640  13019.332622     35.748620                    
PR11  -8543.057493   7928.994841  22705.624988    -47.138086                    
PR13  21922.797343  12468.507363   3829.729212    -16.851929                    
PR14  21659.604069   3892.130087 -12892.023526     33.031402                    
PR15  12609.370124  -4840.931994 -21601.394213    -19.174522                    
PR16  -8552.617301 -14292.446602 -19377.469180    106.465302                    
PR17  21445.305690  -8150.441347 -11093.605232    180.488641                    
PR18  19108.417763 -15902.832049   5843.838646     27.237508                    
PR19   6573.220101 -14725.310654  19761.781547    -61.535606                    
PR20 -11473.780061  -4601.978886  22313.109095   -359.140382                    
PR21 -21562.720783   8521.122603  10674.956258    -14.621426                    
PR22 -17860.306547  16199.528228  -8135.277864    -64.672275                    
PR23  -1996.503789  13134.280480 -21782.558781    190.857877                    
PR24  12691.746951   3465.031992 -21877.547581   -173.782629                    
*  2018 11 15 14  0  0.00000000                                                 
PG01   9662.626115  13551.415927 -20935.157375   -114.693303                    
PG02  13598.480076 -14759.263097  17871.302829    -59.334105                    
PG03  13074.453162  22939.888688  -3235.639953    160.541509                    
PG05   2764.977027 -18716.586160  18438.053346     -0.184566                    
PG06  24750.118510  -6798.875717   6903.354117    333.111795                    
PG07  22979.286140   7015.119745  12053.143722     88.043263                    
PG08  -4591.858999  24519.498477  -8822.668001   -122.273374                    
PG09  11947.991402  10314.663919  21317.610739    492.257220                    
PG10 -18205.111125  -2765.967016 -19165.724599    163.961589                    
PG11   4140.831441  16484.931638 -20983.429800   -699.566844                    
PG12  -8980.944060 -24139.580077  -7054.261918    291.943166                    
PG13  12236.905797 -23365.463623  -3114.830828    -84.406701                    
PG14 -17941.830010  15875.131330 -10972.096338    -95.772618                    
PG15   -626.060271 -23713.473390 -11777.269832   -339.700347                    
PG16  -5135.782183  16993.127833  19450.058871     -1.258795                    
PG17  17592.601168  -7314.163143 -18051.505027    -31.145902                    
PG18  -1244.021451  15797.430633 -21780.673729     79.574778                    
PG19  18379.704189 -15658.471891 -11488.980739   -383.478701                    
PG20 -21281.209811 -10529.768463 -12148.106227    518.726715                    
PG21 -24508.146210  -4031.489497  10104.234933   -303.944584                    
PG22   8408.633755  22962.684959 -10179.558601   -574.513697                    
PG23   6001.071524  18573.319228  18129.087083   -206.137174                    
PG24  -4625.243789 -15183.303976 -21446.310204    -58.183948                    
PG25 -17020.413360 -20154.464146   3874.001721   -677.171297                    
PG26 -12338.045416   9163.405915  21657.703124     40.071495                    
PG27 -11816.279551  23598.833527    959.837130    -18.416726                    
PG28  17575.477777   6493.552015 -18172.910264    754.628847                    
PG29  -9354.380541 -12500.017597  21464.229596    335.638261                    
PG30  26622.856054     51.246246   1305.161309     -5.151632                    
PG31 -23877.139798   7753.189174   9343.007760     79.536953                    
PG32 -17782.334284   9423.373511 -17245.968444   -356.173319                    
PR01   1813.427435  25125.843212  -4064.572320     35.008795                    
PR02   9725.402055  17920.041565  15324.609268    339.662932                    
PR03  11094.034971     81.064825  22998.996924    148.926855                    
PR04   5691.903506 -18158.712607  17003.835054    283.856275                    
PR05  -2646.302328 -25316.587329   1824.908235     15.523592                    
PR07 -11021.276540    333.594722 -22976.086761    -51.627945                    
PR08  -6008.298903  17582.186888 -17429.547675     20.472120                    
PR09 -21517.225135 -12187.582595  -6100.066663     38.810765                    
PR10 -22868.937824  -4567.248186  10226.066965     35.749707                    
PR11 -11059.748147   6816.992161  21963.902135    -47.138871                    
PR13  21373.474436  12059.845152   6957.005450    -16.852035                    
PR14  23006.338298   4365.864417 -10112.791213     33.031799                    
PR15  14990.807240  -3821.959858 -20234.019180    -19.175906                    
PR16  -6305.289912 -13243.934048 -20914.361643    106.466160                    
PR17  20101.976307  -7379.061082 -13816.291874    180.491413                    
PR18  19418.184553 -16369.200219   2665.858072     27.237839                    
PR19   8422.608346 -16139.772292  17863.556277    -61.535397                    
PR20  -9135.451640  -6141.933381  23014.657944   -359.141631                    
PR21 -20253.652240   7793.842051  13435.107719    -14.623732                    
PR22 -18415.869976  16826.981786  -5021.530729    -64.671978                    
PR23  -4072.682062  14713.586447 -20442.838767    190.859731                    
PR24  10413.782002   5010.671071 -22763.513024   -173.783520                    
*  2018 11 15 14 15  0.00000000                                                 
PG01   7287.896294  13852.055773 -21666.233918   -114.698212                    
PG02  15453.752366 -14908.153789  16072.334738    -59.343670                    
PG03  12567.759374  22662.283688  -6023.442606    160.545026                    
PG05   4239.746803 -17054.893173  19734.533808     -0.183998                    
PG06  25396.050354  -6661.684763   4116.786121    333.106182                    
PG07  21545.610943   7332.618286  14303.458090     88.037414                    
PG08  -5136.273826  25227.567472  -6112.753539   -122.274251                    
PG09  10955.510876  12515.764673  20662.802791    492.254299                    
PG10 -19362.276686  -4532.820741 -17654.458327    163.957537                    
PG11   2158.275014  17601.857372 -20367.772885   -699.563181                    
PG12  -8346.253741 -23442.761780  -9731.039949    291.940428                    
PG13  12530.605845 -23401.821561   -250.874422    -84.405888                    
PG14 -17470.089961  14495.190608 -13340.510930    -95.772205                    
PG15     58.887113 -24744.645346  -9337.789194   -339.699274                    
PG16  -6443.441664  15059.895915  20645.460388     -1.260654                    
PG17  16700.497418  -5271.973394 -19528.569725    -31.141285                    
PG18  -3589.683245  16120.508982 -21252.732902     79.578564                    
PG19  17825.313183 -14363.474980 -13859.536575   -383.475367                    
PG20 -21919.548995 -11629.856243  -9760.922571    518.727332                    
PG21 -23372.233966  -4467.750516  12522.407300   -303.938923                    
PG22   7314.744773  22137.771934 -12524.715260   -574.522692                    
PG23   5074.116619  20293.146882  16425.169123   -206.136191                    
PG24  -2218.373443 -15569.390372 -21525.719021    -58.184881                    
PG25 -17032.533128 -20515.891732   1027.698358   -677.176429                    
PG26 -13843.760810   7203.041034  21501.393129     40.081488                    
PG27 -11909.854512  23247.104735   3848.807696    -18.421395                    
PG28  18550.735902   8346.116390 -16416.042234    754.630084                    
PG29  -8208.911702 -14614.380355  20579.875648    335.631042                    
PG30  26336.760417    361.717920   4092.558361     -5.156728                    
PG31 -24795.816282   7627.297743   6708.947423     79.534597                    
PG32 -17110.324680   7454.329067 -18822.583863   -356.160647                    
PR01   1804.858873  24423.956919  -7165.903515     35.009017                    
PR02  10125.270303  19607.973310  12778.533541    339.664186                    
PR03  11580.814776   2842.744649  22575.454707    148.928026                    
PR04   5979.118552 -15956.775870  18996.780567    283.857340                    
PR05  -2729.864382 -24874.972224   5004.879238     15.524188                    
PR07 -11508.068794  -2442.899823 -22610.557333    -51.629079                    
PR08  -6307.392574  15322.059063 -19347.404365     20.472110                    
PR09 -20674.323057 -11751.129000  -9121.110963     38.812441                    
PR10 -23936.899006  -4805.519475   7233.125079     35.751171                    
PR11 -13540.577305   5930.378723  20796.164851    -47.139603                    
PR13  20441.026931  11565.868046   9949.127424    -16.853559                    
PR14  24052.097669   4616.212241  -7137.087838     33.032024                    
PR15  17261.595675  -3050.541850 -18471.940226    -19.175896                    
PR16  -3832.476329 -12306.206716 -22046.846174    106.467028                    
PR17  18574.208341  -6306.797894 -16269.841232    180.494124                    
PR18  19388.736857 -16607.059387   -563.738627     27.238083                    
PR19   9959.897342 -17532.281188  15618.274070    -61.536011                    
PR20  -6875.043506  -7891.184130  23269.469736   -359.142396                    
PR21 -18753.975982   6764.178352  15934.759462    -14.625484                    
PR22 -18620.962719  17247.108409  -1809.518561    -64.671649                    
PR23  -5877.511375  16325.353444 -18706.387889    190.862118                    
PR24   8196.238308   6776.135291 -23208.499761   -173.784588                    
*  2018 11 15 14 30  0.00000000                                                 
PG01   4870.085829  14293.101711 -22031.487413   -114.703121                    
PG02  17094.387303 -15101.507738  14004.790884    -59.353314                    
PG03  11849.312338  22174.121280  -8708.094461    160.548543                    
PG05   5878.358886 -15372.847917  20686.225094     -0.183828                    
PG06  25733.805565  -6503.211820   1259.489249    333.100507                    
PG07  19895.593095   7762.443476  16316.289058     88.031043                    
PG08  -5537.877384  25666.707996  -3296.442406   -122.274999                    
PG09  10107.277060  14675.228997  19651.068338    492.251411                    
PG10 -20488.879596  -6091.270537 -15840.458232    163.953551                    
PG11    299.057888  18758.496685 -19418.670811   -699.559194                    
PG12  -7501.531638 -22547.222004 -12243.313994    291.938090                    
PG13  12675.193901 -23163.768391   2617.394645    -84.404725                    
PG14 -16962.909411  12856.937093 -15473.273690    -95.771943                    
PG15    623.478072 -25532.547785  -6735.577441   -339.698267                    
PG16  -7920.503303  13108.892776  21477.260984     -1.262715                    
PG17  15862.195411  -3044.465971 -20656.819797    -31.137136                    
PG18  -5841.985028  16548.236577 -20373.349042     79.582679                    
PG19  17234.321070 -12812.994198 -15996.896276   -383.472113                    
PG20 -22408.883166 -12507.790996  -7207.708586    518.727662                    
PG21 -22013.191155  -5013.056282  14732.913634   -303.933266                    
PG22   6007.816129  21180.359886 -14652.005030   -574.531546                    
PG23   4298.216163  21863.924198  14439.753410   -206.135413                    
PG24    158.344667 -16071.577499 -21238.819455    -58.184486                    
PG25 -16859.567950 -20627.523988  -1836.065879   -677.181558                    
PG26 -15421.226985   5352.304659  20975.429221     40.091548                    
PG27 -11911.780873  22593.844662   6670.337124    -18.426092                    
PG28  19498.195701   9957.421592 -14362.829323    754.631615                    
PG29  -7231.698414 -16678.843117  19340.691404    335.624031                    
PG30  25759.182951    724.343124   6810.263169     -5.161860                    
PG31 -25421.166591   7507.687663   3962.424001     79.532032                    
PG32 -16486.165818   5302.957774 -20073.354725   -356.147942                    
PR01   1653.132764  23363.108613 -10128.177408     35.009347                    
PR02  10570.271104  20943.019262   9984.022889    339.665216                    
PR03  12248.047655   5485.676195  21714.690349    148.929053                    
PR04   6477.832756 -13565.242872  20621.262399    283.858555                    
PR05  -2689.183863 -24054.350395   8087.754760     15.524879                    
PR07 -12177.597841  -5106.297096 -21804.899653    -51.630142                    
PR08  -6819.367503  12881.958254 -20887.943253     20.471645                    
PR09 -19456.174357 -11271.085457 -11964.167551     38.814806                    
PR10 -24658.548341  -4852.878228   4098.930678     35.752254                    
PR11 -15918.000458   5273.347436  19224.857969    -47.140666                    
PR13  19132.084663  11043.954328  12747.942561    -16.854146                    
PR14  24754.331670   4681.762579  -4022.760701     33.032175                    
PR15  19354.861931  -2519.446686 -16349.290695    -19.174388                    
PR16  -1188.545565 -11519.256141 -22752.675317    106.468391                    
PR17  16925.092909  -4929.877872 -18406.516927    180.497005                    
PR18  19053.504251 -16570.363236  -3782.415948     27.238191                    
PR19  11168.813084 -18839.602979  13069.519431    -61.535778                    
PR20  -4751.659081  -9809.185600  23072.758387   -359.143281                    
PR21 -17126.416149   5426.745167  18125.409408    -14.627256                    
PR22 -18503.003847  17409.187495   1437.907701    -64.671580                    
PR23  -7383.479970  17907.706582 -16606.890511    190.864057                    
PR24   6098.955657   8722.900728 -23203.891952   -173.784450                    
*  2018 11 15 14 45  0.00000000                                                 
PG01   2457.712667  14870.953121 -22023.959384   -114.708012                    
PG02  18494.577952 -15305.427280  11701.763014    -59.362950                    
PG03  10903.037777  21510.667579 -11243.660070    160.552084                    
PG05   7659.189361 -13713.047819  21276.897104     -0.183577                    
PG06  25764.180557  -6285.001155  -1619.453384    333.094860                    
PG07  18065.526718   8325.284654  18058.080273     88.024986                    
PG08  -5828.244492  25814.582456   -422.767837   -122.276529                    
PG09   9405.758215  16745.905084  18299.921333    492.248555                    
PG10 -21542.670536  -7428.207553 -13755.215903    163.949535                    
PG11  -1411.227448  19922.789676 -18151.477741   -699.555666                    
PG12  -6434.141020 -21493.223731 -14548.889836    291.935130                    
PG13  12705.536092 -22636.527562   5440.470587    -84.404390                    
PG14 -16459.235180  10979.800334 -17332.244235    -95.771332                    
PG15   1093.947291 -26050.967151  -4015.528331   -339.697114                    
PG16  -9546.878166  11187.721830  21931.871275     -1.264243                    
PG17  15110.559190   -671.064204 -21415.730317    -31.132327                    
PG18  -7960.661996  17059.659148 -19156.091964     79.586773                    
PG19  16647.149690 -11024.767558 -17865.639594   -383.468878                    
PG20 -22714.108315 -13174.086131  -4531.779156    518.727978                    
PG21 -20466.275046  -5688.348698  16700.964003   -303.927310                    
PG22   4489.934542  20130.038162 -16523.854148   -574.540342                    
PG23   3660.685735  23244.559818  12205.638112   -206.134369                    
PG24   2460.293212 -16675.834405 -20589.521610    -58.183334                    
PG25 -16473.185841 -20514.902371  -4668.750707   -677.186639                    
PG26 -17033.952450   3642.238028  20089.295118     40.101505                    
PG27 -11861.639862  21638.076934   9374.938472    -18.430743                    
PG28  20373.914744  11312.736929 -12051.638591    754.633053                    
PG29  -6425.631478 -18644.361407  17768.063909    335.616976                    
PG30  24906.434026   1171.739341   9411.982002     -5.167029                    
PG31 -25747.259441   7356.979309   1149.517267     79.529329                    
PG32 -15939.720963   3005.593326 -20976.812988   -356.135196                    
PR01   1315.839033  21980.980774 -12893.921435     35.010113                    
PR02  11005.634433  21902.334609   6995.281174    339.667397                    
PR03  13065.878344   7948.164455  20433.157810    148.929700                    
PR04   7201.164823 -11048.928388  21845.762408    283.859825                    
PR05  -2477.150253 -22886.563679  11013.727235     15.525799                    
PR07 -13000.811316  -7594.072238 -20574.960602    -51.631088                    
PR08  -7555.729846  10327.718513 -22021.031826     20.471930                    
PR09 -17879.288089 -10803.021911 -14573.775089     38.816456                    
PR10 -25000.868524  -4756.293779    884.689269     35.753189                    
PR11 -18126.234485   4837.867909  17280.276283    -47.141692                    
PR13  17466.448576  10550.173611  15299.042029    -16.854364                    
PR14  25081.282552   4608.789385   -830.319580     33.032918                    
PR15  21208.165509  -2209.302358 -13907.322231    -19.175359                    
PR16   1564.867497 -10913.186084 -23017.793875    106.469342                    
PR17  15219.212134  -3257.545161 -20184.789286    180.499785                    
PR18  18455.963648 -16222.246864  -6927.820595     27.238519                    
PR19  12046.363378 -19998.524381  10266.786932    -61.534736                    
PR20  -2816.324310 -11845.621149  22428.486615   -359.144564                    
PR21 -15435.478938   3789.171979  19964.526408    -14.629067                    
PR22 -18100.529183  17270.832292   4657.197575    -64.671561                    
PR23  -8575.879842  19396.432261 -14185.073962    190.865695                    
PR24   4174.221726  10802.327751 -22749.756261   -173.784557                    
*  2018 11 15 15  0  0.00000000                                                 
PG01     98.377530  15573.850361 -21642.874219   -114.712891                    
PG02  19635.737263 -15482.804786   9200.670609    -59.372561                    
PG03   9720.649452  20711.004041 -13586.765105    160.555614                    
PG05   9553.476300 -12114.477626  21496.736401     -0.183245                    
PG06  25496.889261  -5970.059872  -4470.548062    333.089210                    
PG07  16096.050132   9035.044477  19499.569799     88.018397                    
PG08  -6042.822300  25657.171275   2458.264574   -122.277246                    
PG09   8845.416430  18682.022021  16632.752681    492.245640                    
PG10 -22481.189009  -8538.994208 -11434.751278    163.945379                    
PG11  -2953.171259  21059.336176 -16586.537100   -699.552046                    
PG12  -5139.659181 -20323.986474 -16609.094741    291.932623                    
PG13  12659.369191 -21813.888435   8169.497760    -84.403226                    
PG14 -15995.037676   8891.539040 -18884.152843    -95.771147                    
PG15   1500.672528 -26281.006523  -1224.981799   -339.695852                    
PG16 -11294.687897   9340.312534  22002.518350     -1.266241                    
PG17  14471.910554   1802.843099 -21791.601563    -31.128046                    
PG18  -9909.965114  17627.570842 -17620.033129     79.590334                    
PG19  16101.164810  -9024.428100 -19434.868561   -383.465592                    
PG20 -22804.225361 -13646.231749  -1778.609907    518.728259                    
PG21 -18770.711984  -6508.169686  18396.066301   -303.921467                    
PG22   2771.329881  19026.963522 -18107.047911   -574.549434                    
PG23   3142.051152  24398.275518   9760.260414   -206.133503                    
PG24   4645.897943 -17361.062895 -19587.904424    -58.184106                    
PG25 -15851.413146 -20209.617136  -7422.532213   -677.191725                    
PG26 -18641.422091   2096.930270  18858.614100     40.111542                    
PG27 -11799.283928  20388.190616  11915.184460    -18.435380                    
PG28  21134.059442  12407.017413  -9525.225393    754.634457                    
PG29  -5785.035113 -20463.369200  15889.133961    335.609919                    
PG30  23802.304691   1732.802556  11853.358223     -5.172162                    
PG31 -25776.619898   7137.899719  -1682.642545     79.526841                    
PG32 -15494.725221    603.956831 -21517.551768   -356.122506                    
PR01    758.975954  20325.129492 -15409.480295     35.010498                    
PR02  11374.586116  22476.094813   3870.369331    339.669322                    
PR03  13994.515414  10175.757211  18755.464374    148.930729                    
PR04   8150.127849  -8475.457853  22646.505703    283.861145                    
PR05  -2054.148330 -21414.396716  13726.030643     15.526357                    
PR07 -13938.595572  -9850.889389 -18944.837887    -51.631780                    
PR08  -8515.757610   7727.657667 -22724.506844     20.472146                    
PR09 -15972.764456 -10399.346711 -16899.061408     38.818320                    
PR10 -24943.234420  -4568.467118  -2346.827718     35.754552                    
PR11 -20103.831379   4604.203753  14999.994868    -47.142990                    
PR13  15476.453475  10136.747437  17552.821393    -16.854214                    
PR14  25013.323947   4449.041327   2378.241445     33.033303                    
PR15  22766.003204  -2089.628793 -11193.603054    -19.175744                    
PR16   4361.155220 -10506.952425 -22836.637502    106.470119                    
PR17  13519.946638  -1311.931671 -21570.143114    180.502642                    
PR18  17647.667691 -15536.780111  -9938.981612     27.238758                    
PR19  12602.706970 -20948.551677   7264.521129    -61.534450                    
PR20  -1110.065869 -13942.350226  21349.278280   -359.145360                    
PR21 -13744.773797   1872.051925  21416.373964    -14.631245                    
PR22 -17461.373032  16799.979620   7785.374317    -64.671449                    
PR23  -9453.160774  20727.656070 -11487.922536    190.867337                    
PR24   2464.781692  12957.511728 -21854.842310   -173.784630                    
*  2018 11 15 15 15  0.00000000                                                 
PG01  -2162.854328  16382.235581 -20893.712091   -114.717766                    
PG02  20507.142431 -15594.806245   6542.771154    -59.382281                    
PG03   8302.155576  19816.468363 -15697.325313    160.559258                    
PG05  11526.292172 -10611.099382  21342.489451     -0.182831                    
PG06  24950.147908  -5524.482888  -7244.739900    333.083520                    
PG07  14030.773881   9898.164169  20616.245237     88.012439                    
PG08  -6219.333921  25189.351208   5296.576692   -122.278358                    
PG09   8413.066904  20440.818090  14678.418685    492.242754                    
PG10 -23263.399562  -9427.419392  -8918.984478    163.941378                    
PG11  -4314.082605  22130.633082 -14748.924970   -699.548232                    
PG12  -3622.217874 -19084.043646 -18389.376010    291.930074                    
PG13  12575.671135 -20698.584219  10757.130704    -84.402094                    
PG14 -15601.784448   6627.347378 -20101.263644    -95.770468                    
PG15   1876.781844 -26211.882450   1587.124796   -339.694758                    
PG16 -13129.259720   7605.344618  21689.286144     -1.268093                    
PG17  13964.967077   4327.531524 -21777.840523    -31.123161                    
PG18 -11659.826261  18219.506024 -15789.539035     79.593773                    
PG19  15629.231175  -6844.702301 -20678.655343   -383.462137                    
PG20 -22653.614039 -13947.858380   1004.906913    518.728911                    
PG21 -16968.319563  -7480.063714  19792.332015   -303.915499                    
PG22    870.217490  17910.279175 -19373.371578   -574.558243                    
PG23   2716.932881  25294.007643   7145.126793   -206.132687                    
PG24   6678.037638 -18099.856088 -18250.116855    -58.184432                    
PG25 -14979.595496 -19747.979794 -10051.063706   -677.196747                    
PG26 -20200.572006    732.788678  17304.855352     40.121493                    
PG27 -11763.090873  18861.735861  14246.586244    -18.439943                    
PG28  21736.725122  13244.782656  -6829.785325    754.635908                    
PG29  -5296.047539 -22091.498477  13736.324532    335.602670                    
PG30  22477.201455   2431.406907  14092.707778     -5.177322                    
PG31 -25520.070857   6814.851706  -4486.602255     79.524451                    
PG32 -15167.859231  -1856.267308 -21686.480083   -356.109745                    
PR01    -41.365303  18451.047996 -17626.053374     35.011054                    
PR02  11620.944043  22667.759494    670.076089    339.670586                    
PR03  14985.913754  12123.264792  16713.915875    148.931390                    
PR04   9313.414709  -5912.644390  23007.920473    283.862029                    
PR05  -1389.980319 -19689.818743  16172.038708     15.526879                    
PR07 -14943.451831 -11830.651573 -16946.397140    -51.632659                    
PR08  -9686.362080   5149.909801 -22984.615620     20.472304                    
PR09 -13777.265153 -10106.917536 -18894.745861     38.819552                    
PR10 -24478.316123  -4345.337461  -5532.530407     35.755131                    
PR11 -21796.090477   4541.934627  12428.155547    -47.144259                    
PR13  13205.817668   9849.685121  19465.447877    -16.854017                    
PR14  24543.809225   4257.305840   5540.648758     33.033517                    
PR15  23982.040657  -2120.354372  -8261.084122    -19.177132                    
PR16   7131.246740 -10307.583415 -22212.272312    106.470886                    
PR17  11886.855997    872.618557 -22535.744833    180.505478                    
PR18  16685.950096 -14500.277616 -12757.486510     27.239106                    
PR19  12860.474572 -21634.515324   4121.058399    -61.534442                    
PR20    337.579810 -16035.695864  19856.165506   -359.146821                    
PR21 -12114.390364   -291.653923  22452.704220    -14.632925                    
PR22 -16640.468459  15976.450533  10761.294816    -64.671271                    
PR23 -10026.733879  21840.526953  -8567.769783    190.869226                    
PR24   1002.257265  15125.493267 -20536.418751   -173.784764                    
*  2018 11 15 15 30  0.00000000                                                 
PG01  -4284.987151  17269.422102 -19788.186640   -114.722641                    
PG02  21106.305615 -15602.465714   3772.579064    -59.391592                    
PG03   6656.051648  18869.022743 -17539.220019    160.562787                    
PG05  13537.763732  -9230.659780  20817.480958     -0.182695                    
PG06  24149.943552  -4918.963558  -9894.257433    333.077944                    
PG07  11914.805634  10913.220687  21388.743767     88.006148                    
PG08  -6396.097926  24415.133565   8042.915063   -122.279414                    
PG09   8088.544127  21984.060638  12470.733491    492.239848                    
PG10 -23851.279920 -10105.334822  -6251.050237    163.937491                    
PG11  -5488.292886  23098.404107 -12668.137280   -699.544851                    
PG12  -1894.527542 -17817.568907 -19859.835321    291.927477                    
PG13  12492.983552 -19302.332374  13158.375566    -84.401263                    
PG14 -15305.107948   4228.655684 -20961.924724    -95.770214                    
PG15   2256.631792 -25841.415022   4371.161050   -339.693633                    
PG16 -15010.391167   6014.909323  20999.021508     -1.269961                    
PG17  13600.114157   6850.754783 -21375.082571    -31.118974                    
PG18 -13186.835291  18798.945924 -13693.987676     79.597180                    
PG19  15258.449807  -4524.358103 -21576.416910   -383.458636                    
PG20 -22243.120015 -14107.669909   3771.236853    518.729475                    
PG21 -15102.079958  -8604.238459  20868.713680   -303.909448                    
PG22  -1187.680927  16816.578361 -20300.163262   -574.567087                    
PG23   2355.184073  25907.619424   4405.143975   -206.131832                    
PG24   8525.296714 -18859.519819 -16598.175140    -58.184548                    
PG25 -13851.088859 -19169.539336 -12510.203482   -677.201812                    
PG26 -21667.368371   -441.888794  15454.945537     40.131380                    
PG27 -11788.286385  17084.861021  16328.413522    -18.444587                    
PG28  22143.651906  13839.604307  -4013.970406    754.636959                    
PG29  -4937.326534 -23489.185089  11346.777411    335.595289                    
PG30  20967.042670   3285.295421  16091.714226     -5.182441                    
PG31 -24996.284246   6355.426142  -7215.318277     79.521845                    
PG32 -14968.113634  -4327.006586 -21480.964039   -356.096969                    
PR01  -1097.743437  16419.917847 -19500.637614     35.011373                    
PR02  11691.706557  22493.791802  -2543.271264    339.672089                    
PR03  15985.825064  13756.400519  14347.912210    148.931987                    
PR04  10667.713590  -3425.869774  22922.940913    283.862606                    
PR05   -465.391064 -17771.860645  18304.282834     15.527668                    
PR07 -15961.541926 -13498.162476 -14618.638614    -51.633542                    
PR08 -11042.488949   2659.776542 -22796.289170     20.472544                    
PR09 -11343.507662  -9964.904768 -20522.027108     38.821338                    
PR10 -23612.435866  -4143.455896  -8610.262862     35.756048                    
PR11 -23157.208252   4611.440724   9614.621889    -47.145318                    
PR13  10708.026686   9726.695252  20999.715248    -16.853864                    
PR14  23679.394607   4088.851287   8595.556861     33.034146                    
PR15  24820.974970  -2253.751350  -5167.051948    -19.176348                    
PR16   9806.232380 -10309.915199 -21156.370443    106.472213                    
PR17  10373.242468   3250.742161 -23062.956545    180.508489                    
PR18  15631.403729 -13112.109241 -15328.610985     27.239399                    
PR19  12853.571179 -22008.970540    897.491308    -61.534321                    
PR20   1509.566668 -18058.977759  17978.175928   -359.147583                    
PR21 -10598.440342  -2657.732801  23053.309015    -14.634722                    
PR22 -15697.362507  14793.013849  13526.868400    -64.671215                    
PR23 -10320.233828  22679.795250  -5481.286197    190.870930                    
PR24   -193.960255  17239.737663 -18819.947591   -173.785560                    
*  2018 11 15 15 45  0.00000000                                                 
PG01  -6232.487259  18202.552464 -18344.123173   -114.727548                    
PG02  21439.046799 -15468.334245    937.193551    -59.401101                    
PG03   4799.191852  17909.611624 -19080.899729    160.566334                    
PG05  15544.489033  -7993.760304  19931.509762     -0.182142                    
PG06  23129.014099  -4130.130448 -12373.437689    333.072281                    
PG07   9793.220901  12070.812629  21803.191959     88.000322                    
PG08  -6610.332343  23347.553875  10649.727486   -122.280632                    
PG09   7845.647886  23279.398780  10047.874900    492.236909                    
PG10 -24211.301561 -10591.989131  -3476.566577    163.933576                    
PG11  -6477.214695  23924.980183 -10377.719229   -699.541090                    
PG12     22.414938 -16566.731356 -20995.693609    291.925165                    
PG13  12447.753046 -17645.533065  15331.396516    -84.400144                    
PG14 -15123.725924   1741.675130 -21450.990328    -95.769866                    
PG15   2674.219626 -25176.184549   7077.743777   -339.692396                    
PG16 -16893.828860   4593.456688  19945.114436     -1.271885                    
PG17  13379.042564   9319.662589 -20591.150720    -31.114457                    
PG18 -14474.991491  19326.703257 -11367.404527     79.600979                    
PG19  15009.120357  -2106.940094 -22113.214633   -383.455291                    
PG20 -21560.912604 -14158.184848   6472.996776    518.729349                    
PG21 -13214.709358  -9873.485624  21609.181671   -303.903889                    
PG22  -3369.922237  15778.476122 -20870.764521   -574.576065                    
PG23   2023.242198  26222.869943   1587.858058   -206.130936                    
PG24  10163.010740 -19603.322171 -14659.654363    -58.186177                    
PG25 -12467.657723 -18515.497264 -14758.701492   -677.206838                    
PG26 -22998.430147  -1427.025243  13340.793422     40.141278                    
PG27 -11905.404677  15091.414105  18124.437777    -18.449178                    
PG28  22321.765951  14213.239064  -1127.899650    754.638665                    
PG29  -4681.051678 -24623.099017   8761.708052    335.588533                    
PG30  19311.956951   4305.204439  17816.072820     -5.187527                    
PG31 -24231.057305   5731.803743  -9822.886819     79.519615                    
PG32 -14896.468053  -6759.465326 -20904.853156   -356.084214                    
PR01  -2410.590737  14296.141587 -20996.857986     35.012341                    
PR02  11539.521716  21982.844049  -5707.032139    339.673794                    
PR03  16936.131924  15052.973395  11703.202848    148.932820                    
PR04  12178.541631  -1075.577135  22393.147522    283.863683                    
PR05    726.868810 -15724.215809  20081.370386     15.528607                    
PR07 -16935.016608 -14830.332593 -12006.926639    -51.633790                    
PR08 -12548.043077    317.208646 -22163.241599     20.473235                    
PR09  -8730.347420 -10002.998837 -21749.338599     38.823507                    
PR10 -22365.363939  -4017.340244 -11520.033643     35.756638                    
PR11 -24152.075048   4765.787664   6614.017979    -47.146558                    
PR13   8044.317795   9795.461562  22125.769618    -16.854339                    
PR14  22439.824059   3996.855922  11483.735364     33.034468                    
PR15  25259.947778  -2436.706482  -1971.989809    -19.176188                    
PR16  12319.995639 -10496.856390 -19689.019333    106.473113                    
PR17   9023.999958   5767.716506 -23141.687833    180.511287                    
PR18  14545.236850 -11384.975068 -17602.380531     27.239523                    
PR19  12625.511019 -22034.292099  -2343.522131    -61.534562                    
PR20   2401.808720 -19945.186139  15751.768200   -359.148995                    
PR21  -9242.866632  -5172.312421  23206.417361    -14.636370                    
PR22 -14693.555333  13255.906925  16028.208338    -64.671413                    
PR23 -10368.271575  23198.176314  -2288.381591    190.872770                    
PR24  -1117.297722  19232.781902 -16738.602155   -173.785316                    
*  2018 11 15 16  0  0.00000000                                                 
PG01  -7976.480602  19143.814182 -16585.234163   -114.732436                    
PG02  21519.254443 -15158.120685  -1914.460924    -59.410703                    
PG03   2756.343187  16976.571259 -20295.918378    160.569859                    
PG05  17501.093916  -6913.224099  18700.627434     -0.181946                    
PG06  21925.578814  -3141.657279 -14639.517251    333.066565                    
PG07   7709.531087  13353.742960  21851.479514     87.993958                    
PG08  -6896.511891  22008.218804  13072.001725   -122.282049                    
PG09   7653.331027  24301.496789   7451.714555    492.233919                    
PG10 -24315.747789 -10913.087187   -642.869508    163.929539                    
PG11  -7289.150494  24574.686241  -7914.835191   -699.537620                    
PG12   2099.924642 -15370.138054 -21777.681784    291.922298                    
PG13  12472.757944 -15756.634978  17238.271064    -84.399220                    
PG14 -15068.661416   -784.252151 -21560.104338    -95.769703                    
PG15   3161.597396 -24231.342533   9658.690850   -339.691352                    
PG16 -18732.898549   3357.064399  18547.163530     -1.273463                    
PG17  13294.765293  11682.738432 -19440.855584    -31.110032                    
PG18 -15516.197687  19762.440471  -8848.015258 999999.999999                    
PG19  14893.963646    360.664150 -22279.977134   -383.451940                    
PG20 -20603.078392 -14134.332663   9063.755418    518.730372                    
PG21 -11347.266143 -11273.357081  22002.847295   -303.897782                    
PG22  -5638.403607  14823.349058 -21074.856636   -574.584921                    
PG23   1685.643219  26232.093322  -1257.386815   -206.130146                    
PG24  11574.061624 -20291.926522 -12467.274625    -58.186197                    
PG25 -10839.567755 -17827.079128 -16758.837819   -677.211870                    
PG26 -24152.634260  -2230.559135  10998.736390     40.151166                    
PG27 -12138.951303  12921.746465  19603.583062    -18.453884                    
PG28  22244.487559  14394.458346   1777.809212    754.639835                    
PG29  -4494.183405 -25467.343934   6025.690043    335.581038                    
PG30  17554.831443   5494.256043  19236.073672     -5.192614                    
PG31 -23256.338377   4921.996041 -12265.264158     79.517261                    
PG32 -14945.895680  -9105.814886 -19968.392725   -356.071452                    
PR01  -3967.951302  12144.759453 -22085.670004     35.012959                    
PR02  11124.930656  21174.443335  -8759.488736    339.675512                    
PR03  17777.368500  16003.582670   8831.014948    148.933450                    
PR04  13801.563071   1085.021471  21428.741891    283.864588                    
PR05   2181.487456 -13612.664672  21468.785872     15.529174                    
PR07 -17804.527606 -15816.881575  -9162.097571    -51.634697                    
PR08 -14157.298210  -1825.476306 -21097.893809     20.472959                    
PR09  -6002.529194 -10240.037831 -22552.957186     38.825468                    
PR10 -20769.563195  -4016.925777 -14205.198603     35.756709                    
PR11 -24757.642361   4952.932356   3484.668984    -47.147686                    
PR13   5281.348669  10072.356478  22821.692087    -16.854499                    
PR14  20857.185553   4029.932568  14149.212372     33.034585                    
PR15  25289.447524  -2613.228136   1261.628392    -19.177886                    
PR16  14611.743967 -10840.173454 -17838.365482    106.473816                    
PR17   7873.837682   8361.517523 -22770.579478    180.513679                    
PR18  13486.618196  -9344.631262 -19534.543427     27.239801                    
PR19  12227.356288 -21684.374306  -5538.980681    -61.533826                    
PR20   3023.101633 -21629.685908  13220.126506   -359.150213                    
PR21  -8083.610958  -7773.864668  22908.931451    -14.638195                    
PR22 -13689.778960  11384.791682  18216.691663    -64.670960                    
PR23 -10214.730797  23358.400142    948.956690    190.875794                    
PR24  -1774.044767  21038.940297 -14332.636856   -173.785253                    
*  2018 11 15 16 15  0.00000000                                                 
PG01  -9495.707361  20051.871699 -14540.790289   -114.737351                    
PG02  21368.331203 -14642.257615  -4732.473775    -59.420253                    
PG03    559.438312  16104.151464 -21163.381890    160.573343                    
PG05  19361.865526  -5993.780876  17146.807072     -0.181628                    
PG06  20581.868076  -1945.101681 -16653.375291    333.060851                    
PG07   5704.201666  14737.497338  21531.460530     87.987885                    
PG08  -7284.844495  20426.530186  15268.050518   -122.283183                    
PG09   7477.081452  25032.904766   4727.084858    492.230982                    
PG10 -24143.820761 -11099.611918   2201.774375    163.925556                    
PG11  -7938.852872  25015.188337  -5319.777589   -699.533972                    
PG12   4302.512494 -14261.419288 -22192.352960    291.919703                    
PG13  12595.684308 -13671.191345  18845.678807    -84.398238                    
PG14 -15142.795477  -3298.427167 -21287.838599    -95.769072                    
PG15   3747.357306 -23030.080206  12067.964567   -339.690065                    
PG16 -20480.219503   2313.049440  16830.539611     -1.275399                    
PG17  13332.009293  13891.673070 -17945.644679    -31.105703                    
PG18 -16310.472535  20066.270416  -6177.713638     79.608901                    
PG19  14917.631029   2829.777435 -22073.644792   -383.448803                    
PG20 -19373.925463 -14071.958015  11498.828184    518.730553                    
PG21  -9537.837536 -12782.585487  22044.038004   -303.892087                    
PG22  -7950.659737  13972.296305 -20908.673214   -574.593441                    
PG23   1306.637934  25936.552358  -4080.354829   -206.129386                    
PG24  12749.387841 -20884.954849 -10058.384413    -58.186778                    
PG25  -8985.370648 -17143.920994 -18477.006547   -677.216871                    
PG26 -25092.643035  -2867.931391   8468.918531     40.161029                    
PG27 -12506.322674  10621.268652  20740.471280    -18.458545                    
PG28  21892.761552  14417.635950   4652.964331    754.641241                    
PG29  -4339.928982 -26004.379967   3185.881937    335.574365                    
PG30  15739.763453   6847.643163  20327.114533     -5.197740                    
PG31 -22109.035069   3910.880001 -14500.969054     79.514752                    
PG32 -15101.691677 -11320.844174 -18688.025158   -356.058707                    
PR01  -5745.745893  10028.857408 -22745.921174     35.013236                    
PR02  10418.287469  20117.232639 -11641.067178    339.677627                    
PR03  18451.322286  16611.784352   5787.069570    148.934058                    
PR04  15484.338165   3011.928294  20048.356044    283.864603                    
PR05   3880.568648 -11502.430017  22439.559918     15.530227                    
PR07 -18511.817225 -16460.509823  -6139.464246    -51.635372                    
PR08 -15816.732111  -3725.544553 -19621.123293     20.472231                    
PR09  -3228.202652 -10683.113256 -22917.453683     38.826954                    
PR10 -18868.915530  -4185.221745 -16613.571410     35.756432                    
PR11 -24963.801991   5118.156240    287.463981    -47.148863                    
PR13   2488.646802  10561.647158  23073.926928    -16.854102                    
PR14  18974.670244   4229.853572  16540.352475     33.035321                    
PR15  24913.661972  -2727.080534   4470.585547    -19.177709                    
PR16  16628.332554 -11301.766566 -15640.096761    106.473915                    
PR17   6945.951659  10965.189425 -21957.016586    180.516508                    
PR18  12510.122297  -7029.075887 -21087.436102     27.240096                    
PR19  11715.347662 -20945.863696  -8626.769174    -61.533762                    
PR20   3394.501148 -23052.839234  10432.327367   -359.151469                    
PR21  -7145.216421 -10395.539200  22166.496187    -14.640461                    
PR22 -12743.333596   9212.149184  20049.905907    -64.670874                    
PR23  -9910.680467  23134.860334   4167.867140    190.878410                    
PR24  -2182.853761  22596.956919 -11648.619684   -173.785981                    
*  2018 11 15 16 30  0.00000000                                                 
PG01 -10777.193470  20883.463460 -12245.187093   -114.742242                    
PG02  21014.335087 -13897.324139  -7466.854607    -59.430057                    
PG03  -1753.445677  15321.205680 -21668.305902    160.576908                    
PG05  21082.398419  -5232.078011  15297.511713     -0.181252                    
PG06  19142.509096   -540.438842 -18380.215287    333.055090                    
PG07   3813.273070  16191.007133  20847.075382     87.981474                    
PG08  -7799.927456  18638.618700  17200.228660   -122.284017                    
PG09   7280.443288  25464.633532   1920.996089    492.228031                    
PG10 -23682.496924 -11186.454249   5008.965581    163.921549                    
PG11  -8446.845901  25218.754425  -2635.413883   -699.530536                    
PG12   6589.024474 -13268.007154 -22232.312232    291.917234                    
PG13  12837.909441 -11430.641784  20125.509317    -84.397520                    
PG14 -15340.770352  -5750.616808 -20639.684327    -95.768739                    
PG15   4455.255732 -21602.773852  14262.579804   -339.688851                    
PG16 -22089.435317   1459.929424  14825.861578     -1.277239                    
PG17  13467.960082  15903.094016 -16133.114489    -31.101427                    
PG18 -16865.865285  20200.382596  -3401.444998     79.612572                    
PG19  15076.517997   5251.553092 -21497.234222   -383.445267                    
PG20 -17885.983452 -14006.289947  13736.052813    518.730770                    
PG21  -7820.341328 -14373.733130  21732.329068   -303.886127                    
PG22 -10261.343657  13239.365679 -20375.082958   -574.602403                    
PG23    851.843101  25346.443957  -6830.870761   -206.128535                    
PG24  13688.185489 -21342.621205  -7474.346492    -58.188321                    
PG25  -6931.389197 -16502.528308 -19884.239232   -677.221871                    
PG26 -25786.296931  -3361.286739   5794.610696     40.170899                    
PG27 -13017.025361   8238.818454  21515.852036    -18.463215                    
PG28  21255.779893  14321.161211   7448.663029    754.642475                    
PG29  -4179.357496 -26225.634358    291.210165    335.567016                    
PG30  13910.472881   8352.621432  21070.134421     -5.202833                    
PG31 -20829.645312   2690.987031 -16491.758869     79.512613                    
PG32 -15342.110929 -13363.507503 -17086.085220   -356.045950                    
PR01  -7708.553624   8007.073824 -22964.760943     35.013883                    
PR02   9401.271697  18866.842209 -14295.517995    339.679516                    
PR03  18903.606955  16893.721721   2630.504114    148.935852                    
PR04  17168.430997   4671.952294  18278.699336    283.865404                    
PR05   5794.143316  -9455.572783  22974.793366     15.531319                    
PR07 -19002.276222 -16776.534660  -2997.736812    -51.636411                    
PR08 -17467.209254  -5351.383905 -17761.845412     20.472518                    
PR09   -476.306614 -11327.191013 -22835.977641     38.828689                    
PR10 -16716.985854  -4556.274169 -18698.439395     35.757265                    
PR11 -24773.738816   5206.622074  -2915.336441    -47.150257                    
PR13   -264.054702  11255.228068  22877.547045    -16.853992                    
PR14  16844.886634   4629.571918  18610.849037     33.035250                    
PR15  24150.266082  -2724.430101   7592.182892    -19.176464                    
PR16  18326.282860 -11835.384391 -13136.770784    106.475185                    
PR17   6251.198093  13509.427609 -20716.971930    180.519324                    
PR18  11663.382454  -4487.226214 -22230.723823     27.240382                    
PR19  11148.327657 -19818.871743 -11546.870323    -61.534314                    
PR20   3548.185709 -24162.438075   7442.394268   -359.152850                    
PR21  -6439.923376 -12967.731383  20993.400187    -14.642428                    
PR22 -11905.595578   6782.139947  21492.464246    -64.670789                    
PR23  -9511.992256  22514.792462   7305.835485    190.880789                    
PR24  -2373.716133  23852.494637  -8738.540988   -173.786257                    
*  2018 11 15 16 45  0.00000000                                                 
PG01 -11816.608620  21595.105006  -9737.409570   -114.747121                    
PG02  20490.840522 -12907.258916 -10068.489485    -59.439335                    
PG03  -4139.345069  14650.099199 -21801.876737    160.580452                    
PG05  22621.189393  -4617.012921  13185.173343     -0.181267                    
PG06  17652.829998   1063.732143 -19790.173160    333.049370                    
PG07   2067.135160  17677.676252  19808.386088     87.975495                    
PG08  -8459.635701  16686.030835  18835.569874   -122.285311                    
PG09   7026.616881  25596.412393   -918.181949    492.225063                    
PG10 -22927.099690 -11210.903368   7730.968090    163.917537                    
PG11  -8838.525202  25163.382540     93.427965   -699.527019                    
PG12   8913.997147 -12410.151778 -21896.360299    291.914611                    
PG13  13213.542976  -9080.866989  21055.376360    -84.396298                    
PG14 -15649.244654  -8092.848177 -19627.899378    -95.768364                    
PG15   5303.037777 -19985.841464  16203.452606   -339.687776                    
PG16 -23516.894844    787.726639  12568.399114     -1.279197                    
PG17  13673.321320  17680.079740 -14036.402725    -31.097120                    
PG18 -17198.067417  20130.633980   -566.508119     79.616122                    
PG19  15358.889802   7578.606604 -20559.820987   -383.441782                    
PG20 -16159.696026 -13970.435295  15736.532129    518.731357                    
PG21  -6223.475796 -16014.048039  21072.534363   -303.880166                    
PG22 -12523.830850  12631.077643 -19483.539863   -574.611324                    
PG23    289.855953  24480.548811  -9459.795688   -206.127676                    
PG24  14397.787879 -21627.370612  -4759.834510    -58.188103                    
PG25  -4710.920538 -15934.861908 -20956.662554   -677.226822                    
PG26 -26207.820909  -3738.421171   3021.483432     40.180803                    
PG27 -13672.225106   5824.908293  21916.910436    -18.467819                    
PG28  20331.381035  14145.747613  10118.081046    754.644022                    
PG29  -3973.100217 -26131.776879  -2608.477442    335.559891                    
PG30  12108.734740   9988.810631  21451.960097     -5.207850                    
PG31 -19460.758423   1263.014701 -18203.270385     79.510123                    
PG32 -15639.288737 -15198.311257 -15190.395767   -356.033207                    
PR01  -9810.879286   6131.307944 -22737.891477     35.014526                    
PR02   8067.926925  17483.482234 -16671.031029    339.681402                    
PR03  19086.096788  16877.234519   -577.278420    148.937280                    
PR04  18791.789178   6043.845134  16154.048893    283.867147                    
PR05   7881.195991  -7528.536360  23064.026591     15.532036                    
PR07 -19227.362368 -16792.008789    202.118678    -51.637440                    
PR08 -19046.418335  -6683.565230 -15556.435131     20.472040                    
PR09   2186.068616 -12155.262535 -22310.372182     38.830153                    
PR10 -14374.898514  -5153.521522 -20419.464900     35.758591                    
PR11 -24203.741249   5165.944611  -6061.323651    -47.151456                    
PR13  -2909.484574  12132.891925  22236.351537    -16.854245                    
PR14  14527.800058   5251.621749  20320.612398     33.035715                    
PR15  23029.655204  -2556.388459  10565.488269    -19.176902                    
PR16  19673.409510 -12388.706825 -10377.000415    106.476027                    
PR17   5787.801333  15925.267430 -19074.683470    180.522087                    
PR18  10985.050386  -1777.140312 -22942.001838     27.240734                    
PR19  10585.066600 -18317.136857 -14242.534868    -61.535231                    
PR20   3525.851960 -24915.845802   4308.257792   -359.154073                    
PR21  -5967.296586 -15420.778909  19412.309320    -14.644198                    
PR22 -11219.802612   4148.980037  22516.674191    -64.670810                    
PR23  -9076.763951  21498.931691  10301.910143    190.883532                    
PR24  -2386.457945  24760.356796  -5658.814689   -173.786315                    
*  2018 11 15 17  0  0.00000000                                                 
PG01 -12618.291738  22144.832805  -7060.399642   -114.751986                    
PG02  19835.558109 -11664.302137 -12490.125226    -59.449033                    
PG03  -6551.857562  14105.877328 -21561.611055    160.583945                    
PG05  23941.120372  -4130.369290  10846.594614     -0.181335                    
PG06  16157.147986   2850.318627 -20858.840786    333.043607                    
PG07    489.502655  19156.640950  18431.518129     87.969047                    
PG08  -9274.284824  14614.222478  20146.333537   -122.287126                    
PG09   6680.074389  25436.620855  -3741.558968    492.222008                    
PG10 -21881.568489 -11211.054338  10321.492981    163.913480                    
PG11  -9143.062665  24833.752144   2820.633414   -699.523134                    
PG12  11229.182887 -11700.211687 -21189.547549    291.911779                    
PG13  13728.765303  -6670.572782  21619.027580    -84.395465                    
PG14 -16047.486238 -10281.099868 -18271.218486    -95.768380                    
PG15   6301.515360 -18220.359153  17856.166432   -339.686632                    
PG16 -24723.221155    278.595107  10097.416763     -1.281009                    
PG17  13913.638034  19193.399056 -11693.481095    -31.092522                    
PG18 -17329.726898  19828.041206   2278.218551     79.619917                    
PG19  15745.316779   9766.602524 -19276.438765   -383.438351                    
PG20 -14222.814202 -13993.955534  17465.330003    518.731829                    
PG21  -4769.847281 -17666.502028  20074.657198   -303.874340                    
PG22 -14691.880890  12146.266750 -18249.901693   -574.620004                    
PG23   -406.239772  23365.534066 -11920.001239   -206.126719                    
PG24  14893.224407 -21705.456612  -1962.051514    -58.189602                    
PG25  -2363.184870 -15467.101609 -21675.885023   -677.231823                    
PG26 -26338.799858  -4031.516525    196.844150     40.190665                    
PG27 -14464.641161   3429.923164  21937.449455    -18.472547                    
PG28  19126.124002  13932.705942  12617.179730    754.645339                    
PG29  -3683.069440 -25732.649929  -5463.272552    335.552735                    
PG30  10372.890857  11728.797037  21465.558342     -5.212910                    
PG31 -18045.478664   -363.961689 -19605.615743     79.507579                    
PG32 -15960.407248 -16796.487492 -13033.772192   -356.020434                    
PR01 -11998.854865   4444.724770 -22069.654462     35.015156                    
PR02   6425.179413  16029.359932 -18721.261290    339.683627                    
PR03  18959.118177  16600.483765  -3773.810710    148.937635                    
PR04  20291.296679   7118.933998  13715.592534    283.867978                    
PR05  10091.164904  -5769.941106  22705.446858     15.532280                    
PR07 -19146.778244 -16544.360249   3398.061541    -51.638298                    
PR08 -20491.460982  -7715.384776 -13048.001452     20.471963                    
PR09   4696.231155 -13139.018397 -21351.118125     38.831601                    
PR10 -11908.917006  -5988.612457 -21743.455275     35.758803                    
PR11 -23282.476639   4948.664470  -9089.170436    -47.152755                    
PR13  -5385.393585  13163.128204  21162.793365    -16.854591                    
PR14  12088.383010   6106.965540  21636.537733     33.035766                    
PR15  21593.657793  -2181.341475  13332.544195    -19.174918                    
PR16  20649.985020 -12905.708071  -7414.511035    106.477127                    
PR17   5541.606625  18146.767441 -17062.173080    180.524642                    
PR18  10503.148993   1036.145098 -23207.244639     27.241031                    
PR19  10081.605028 -16467.628231 -16661.386816    -61.535282                    
PR20   3376.711123 -25281.759013   1090.640693   -359.155430                    
PR21  -5714.399436 -17687.675635  17453.836914    -14.646020                    
PR22 -10719.208993   1374.903194  23103.048584    -64.670731                    
PR23  -8662.658172  20101.620899  13097.887666    190.885287                    
PR24  -2268.817881  25286.348132  -2469.190420   -173.787364                    
*  2018 11 15 17 15  0.00000000                                                 
PG01 -13194.937788  22493.919832  -4260.334304   -114.756893                    
PG02  19088.765488 -10169.614310 -14687.355644    -59.458410                    
PG03  -8942.726803  13695.725570 -20951.410957    160.587417                    
PG05  25010.774046  -3747.728304   8322.286093     -0.180813                    
PG06  14697.108036   4794.197832 -21567.695339    333.037889                    
PG07   -903.366362  20584.222195  16738.502301     87.962829                    
PG08 -10246.099894  12470.918811  21110.453381   -122.287809                    
PG09   6208.127392  25001.898131  -6500.568896    492.219001                    
PG10 -20558.414325 -11224.192822  12736.458266    163.909462                    
PG11  -9392.150074  24221.957890   5499.530291   -699.519667                    
PG12  13485.191785 -11142.245880 -20123.135636    291.909283                    
PG13  14381.490982  -4249.567248  21806.640980    -84.394419                    
PG14 -16508.273592 -12276.821426 -16594.437325    -95.767935                    
PG15   7453.940164 -16350.497114  19191.635902   -339.685283                    
PG16 -25674.712647    -92.260283   7455.473420     -1.282927                    
PG17  14150.821920  20422.430312  -9146.370665    -31.088230                    
PG18 -17289.482942  19270.111255   5083.116907     79.623656                    
PG19  16209.406931  11775.741210 -17667.893273   -383.434733                    
PG20 -12109.510647 -14101.583888  18892.106839    518.732425                    
PG21  -3475.300957 -19290.981393  18753.800249   -303.868510                    
PG22 -16721.288250  11776.246358 -16696.121186   -574.628646                    
PG23  -1257.544953  22034.934291 -14167.316068   -206.125606                    
PG24  15196.472970 -21548.391568    870.115540    -58.189755                    
PG25     67.944523 -15118.632008 -22029.307809   -677.236792                    
PG26 -26168.887098  -4275.710803  -2631.149838     40.200551                    
PG27 -15378.786982   1102.341107  21577.946663    -18.477278                    
PG28  17655.047371  13722.247485  14905.327277    754.646347                    
PG29  -3274.128370 -25046.856660  -8224.066513    335.545422                    
PG30   8736.497459  13539.016564  21110.188081     -5.217988                    
PG31 -16625.827656  -2172.590675 -20673.923312     79.505528                    
PG32 -16269.061230 -18136.911096 -10653.445102   -356.007657                    
PR01 -14212.305786   2980.138698 -20972.952045     35.015319                    
PR02   4492.813202  14566.031683 -20406.244366    339.685346                    
PR03  18493.303468  16110.150065  -6896.788712    148.938696                    
PR04  21605.393392   7901.225331  11010.636006    283.868542                    
PR05  12365.854779  -4218.720403  21905.929532     15.533260                    
PR07 -18730.317139 -16079.612861   6528.174663    -51.638654                    
PR08 -21741.481694  -8452.866745 -10285.529908     20.471956                    
PR09   6998.244387 -14240.014654 -19977.110057     38.833304                    
PR10  -9387.829625  -7060.734552 -22644.987872     35.759165                    
PR11 -22049.761852   4514.518294 -11939.840930    -47.153852                    
PR13  -7636.901500  14304.416072  19677.738398    -16.854942                    
PR14   9594.073463   7194.336511  22533.138713     33.036568                    
PR15  19893.784441  -1566.963575  15839.510198    -19.175897                    
PR16  21249.391096 -13329.199342  -4307.087610    106.477703                    
PR17   5486.865075  20113.576105 -14718.616420    180.527373                    
PR18  10233.888378   3883.072297 -23021.093774     27.241292                    
PR19   9688.725434 -14309.607668 -18756.442008    -61.536551                    
PR20   3155.170824 -25241.516145  -2148.111097   -359.156799                    
PR21  -5656.508059 -19706.689968  15155.957967    -14.647856                    
PR22 -10425.686650  -1472.203976  23240.651353    -64.670923                    
PR23  -8324.269466  18350.364238  15639.444946    190.887334                    
PR24  -2074.188613  25408.696152    768.402838   -173.787996                    
*  2018 11 15 17 30  0.00000000                                                 
PG01 -13566.953428  22608.492912  -1385.825300   -114.761827                    
PG02  18291.613734  -8433.532633 -16619.580526    -59.467824                    
PG03 -11263.504397  13418.743032 -19981.512806    160.590915                    
PG05  25805.534385  -3439.616127   5655.752249     -0.180567                    
PG06  13310.136644   6862.996609 -21904.426549    333.032125                    
PG07  -2103.173939  21915.521235  14757.011241     87.956517                    
PG08 -11369.008747  10304.404730  21711.882600   -122.288752                    
PG09   5582.385090  24316.446747  -9147.805364    492.216040                    
PG10 -18978.363213 -11285.217378  14934.714195    163.905453                    
PG11  -9618.623773  23327.990482   8083.665580   -699.516077                    
PG12  15633.192386 -10731.925014 -18714.464128    291.906607                    
PG13  15161.371456  -1866.999166  21615.002019    -84.393443                    
PG14 -16999.063617 -14048.221280 -14627.884414    -95.767558                    
PG15   8755.698886 -14421.843285  20186.651433   -339.684331                    
PG16 -26344.528318   -355.413061   4687.690400     -1.284526                    
PG17  14344.810410  21355.730637  -6440.302548    -31.083784                    
PG18 -17110.751696  18441.950757   7798.722217     79.627212                    
PG19  16718.813146  13572.092162 -15760.489584   -383.431341                    
PG20  -9859.246369 -14312.134867  19991.681414    518.733174                    
PG21  -2348.476062 -20845.597268  17130.031980   -303.862778                    
PG22 -18571.454600  11505.288258 -14849.817840   -574.637464                    
PG23  -2278.254936  20527.851953 -16161.417997   -206.124989                    
PG24  15335.433630 -21134.207759   3686.988504    -58.189910                    
PG25   2535.386541 -14901.287939 -22010.354925   -677.241792                    
PG26 -25696.219848  -4507.558721  -5414.290587     40.210475                    
PG27 -16391.544095  -1112.954082  20845.488011    -18.481999                    
PG28  15941.133688  13551.877115  16945.833582    754.647915                    
PG29  -2715.646628 -24101.023711 -10843.394790    335.538150                    
PG30   7227.160821  15380.887704  20391.447707     -5.223060                    
PG31 -15241.184159  -4137.661575 -21388.812910     79.503118                    
PG32 -16526.769441 -19206.727271  -8090.411927   -355.994936                    
PR01 -16387.097055   1758.842527 -19469.003005     35.015793                    
PR02   2302.901568  13151.803512 -21693.182547    339.686817                    
PR03  17671.026308  15459.281914  -9885.300391    148.939382                    
PR04  22676.651720   8406.975651   8091.689155    283.869135                    
PR05  14641.684040  -2902.675429  20680.911887     15.534384                    
PR07 -17959.300076 -15450.263323   9531.856636    -51.639756                    
PR08 -22740.227483  -8914.228645  -7322.911117     20.471748                    
PR09   9044.994109 -15411.281538 -18215.270112     38.835166                    
PR10  -6880.250887  -8356.481010 -23106.879720     35.760356                    
PR11 -20554.881082   3832.406904 -14557.755845    -47.155152                    
PR13  -9618.533655  15506.957791  17810.060255    -16.856314                    
PR14   7112.145909   8500.104290  22993.035617     33.036785                    
PR15  17989.089802   -691.830842  18037.715845    -19.176638                    
PR16  21478.227095 -13603.441707  -1115.432680    106.478144                    
PR17   5587.516016  21773.276123 -12089.576535    180.529739                    
PR18  10180.996046   6692.214764 -22386.977574     27.241728                    
PR19   9449.660598 -11893.188263 -20487.020189    -61.536729                    
PR20   2918.300089 -24789.898146  -5345.229466   -359.157886                    
PR21  -5758.335463 -21423.778583  12563.277791    -14.649752                    
PR22 -10348.828184  -4321.393929  22927.274092    -64.671008                    
PR23  -8110.631455  16284.843746  17877.195847    190.889898                    
PR24  -1859.117002  25118.972226   3991.059338   -173.788674                    
*  2018 11 15 17 45  0.00000000                                                 
PG01 -13761.503165  22460.983941   1512.945837   -114.766743                    
PG02  17484.382983  -6475.441916 -18250.906313    -59.477408                    
PG03 -13467.227107  13266.038494 -18668.329544    160.594422                    
PG05  26308.433066  -3172.840624   2892.739439     -0.180591                    
PG06  12028.070741   9018.158415 -21863.155750    333.026364                    
PG07  -3109.781808  23106.101231  12519.987039     87.950116                    
PG08 -12628.765564   8161.811653  21940.831974   -122.289663                    
PG09   4780.046230  23411.058329 -11637.833493    492.213012                    
PG10 -17169.700103 -11425.158432  16878.723736    163.901485                    
PG11  -9855.019649  22159.936587  10527.619803   -699.512863                    
PG12  17626.610250 -10456.768208 -16986.720568    291.904128                    
PG13  16050.137385    430.372446  21047.557775    -84.392758                    
PG14 -17483.373124 -15571.274903 -12406.797187    -95.767185                    
PG15  10194.343037 -12479.687531  20824.292390   -339.683075                    
PG16 -26713.618318   -545.840885   1841.000192     -1.286543                    
PG17  14455.288033  21991.241625  -3622.846195    -31.079695                    
PG18 -16830.305542  17337.100176  10376.652139     79.630735                    
PG19  17236.482638  15128.724764 -13585.672027   -383.428020                    
PG20  -7515.431484 -14637.651473  20744.506769    518.733656                    
PG21  -1390.602153 -22288.079141  15228.205341   -303.857296                    
PG22 -20206.818698  11311.395255 -12743.741229   -574.646247                    
PG23  -3474.859198  18887.432612 -17866.646469   -206.123952                    
PG24  15342.663825 -20448.474209   6439.019004    -58.191154                    
PG25   4990.423118 -14818.888582 -21618.618129   -677.246768                    
PG26 -24927.526240  -4763.440860  -8105.119194     40.220399                    
PG27 -17473.042680  -3176.203289  19753.583921    -18.486742                    
PG28  14014.508374  13454.929011  18706.400922    754.648869                    
PG29  -1982.880604 -22928.767665 -13276.251071    335.531024                    
PG30   5865.606575  17212.153298  19321.214458     -5.228124                    
PG31 -13926.820039  -6226.827712 -21736.794474     79.500838                    
PG32 -16694.572650 -20001.667302  -5388.729054   -355.982154                    
PR01 -18457.662637    789.930030 -17586.938209     35.016236                    
PR02   -101.281810  11839.290780 -22557.085888    339.688806                    
PR03  16487.355363  14704.885847 -12681.029976    148.940217                    
PR04  23454.201798   8663.747955   5015.448265    283.870298                    
PR05  16852.173991  -1837.508457  19054.101317     15.534897                    
PR07 -16827.544150 -14712.905045  12350.985227    -51.641232                    
PR08 -23438.428966  -9128.834808  -4217.875732     20.471253                    
PR09  10799.881979 -16599.305802 -16100.008270     38.836862                    
PR10  -4451.951076  -9850.259458 -23120.494881     35.761380                    
PR11 -18854.522408   2881.975992 -16891.888775    -47.156197                    
PR13 -11295.862972  16714.779902  15596.078621    -16.858427                    
PR14   4707.103178   9998.670219  23007.289188     33.037285                    
PR15  15943.740164    453.435620  19884.603506    -19.174332                    
PR16  21355.869796 -13676.715615   2098.040904    106.478949                    
PR17   5798.911356  23083.409857  -9226.116288    180.532237                    
PR18  10335.590649   9393.014386 -21317.059328     27.241872                    
PR19   9398.135499  -9277.449891 -21819.533049    -61.537719                    
PR20   2723.184286 -23935.387443  -8438.734307   -359.158970                    
PR21  -5975.714054 -22794.694367   9726.168571    -14.651688                    
PR22 -10485.586297  -7101.368976  22169.442936    -64.671029                    
PR23  -8062.969913  13955.439755  19767.651722    190.891785                    
PR24  -1680.669190  24422.472473   7136.121806   -173.789271                    
*  2018 11 15 18  0  0.00000000                                                 
PG01 -13811.281359  22031.352326   4385.140690   -114.771652                    
PG02  16704.766538  -4323.255736 -19550.957414    -59.486899                    
PG03 -15510.045956  13221.146345 -17034.187894    160.597931                    
PG05  26510.712984  -2911.964197     80.458923     -0.180121                    
PG06  10876.015052  11216.257100 -21444.542571    333.020644                    
PG07  -3931.091848  24113.691766  10065.158708     87.943980                    
PG08 -14003.397823   6087.465718  21793.899615   -122.291475                    
PG09   3784.974598  22321.900202 -13927.964222    492.210059                    
PG10 -15167.336608 -11669.849602  18535.188364    163.897540                    
PG11 -10132.113526  20733.879005  12787.845328   -699.509178                    
PG12  19422.762130 -10296.700377 -14968.613357    291.901739                    
PG13  17022.266932   2599.809176  20114.347351    -84.392049                    
PG14 -17922.313667 -16830.418161  -9970.620118    -95.766916                    
PG15  11749.949982 -10567.340106  21094.201000   -339.681629                    
PG16 -26771.370856   -701.401313  -1036.613176     -1.288247                    
PG17  14443.398901  22336.133520   -743.026281    -31.075417                    
PG18 -16486.699973  15958.048444  12770.551094     79.633927                    
PG19  17722.106914  16426.592888 -11179.576818   -383.424648                    
PG20  -5123.930525 -15082.826348  21137.049168    518.733998                    
PG21   -595.547712 -23577.211817  13077.723183   -303.851771                    
PG22 -21598.086630  11167.332255 -10415.139442   -574.655098                    
PG23  -4845.668359  17159.181397 -19252.712299   -206.123319                    
PG24  15253.926496 -19485.023983   9077.716994    -58.190243                    
PG25   7384.340926 -14867.079763 -20859.912215   -677.251735                    
PG26 -23877.919736  -5077.981670 -10657.713990     40.230327                    
PG27 -18587.810711  -5054.088679  18321.875145    -18.491457                    
PG28  11911.408843  13459.289787  20159.494511    754.650870                    
PG29  -1058.124811 -21569.405703 -15480.857162    335.523895                    
PG30   4665.019875  18988.381544  17917.474402     -5.233199                    
PG31 -12712.589352  -8401.615234 -21710.579385     79.498299                    
PG32 -16734.656438 -20526.042529  -2594.756786   -355.969389                    
PR01 -20359.613437     70.139760 -15363.242411     35.016868                    
PR02  -2666.826362  10673.240716 -22981.255678    339.690632                    
PR03  14950.483774  13905.361742 -15229.412529    148.940861                    
PR04  23895.902875   8708.993956   1841.694096    283.870892                    
PR05  18930.577144  -1026.374626  17057.022838     15.535939                    
PR07 -15341.821981 -13925.698909  14931.030424    -51.641665                    
PR08 -23795.902569  -9135.685178  -1030.857877     20.471048                    
PR09  12238.077242 -17746.302670 -13672.540667     38.838867                    
PR10  -2163.324074 -11505.224262 -22685.885736     35.762764                    
PR11 -17010.421017   1654.740648 -18896.770920    -47.157269                    
PR13 -12646.689718  17868.113859  13078.851723    -16.859989                    
PR14   2438.196021  11653.376827  22575.574216     33.037345                    
PR15  13824.391207   1865.543773  21344.542916    -19.173713                    
PR16  20913.502666 -13503.734848   5270.456689    106.479566                    
PR17   6069.908183  24013.102720  -6183.806888    180.534854                    
PR18  10676.605741  11918.490058 -19832.013724     27.242063                    
PR19   9556.825551  -6528.189848 -22728.133310    -61.538127                    
PR20   2624.281541 -22699.873813 -11368.629812   -359.159709                    
PR21  -6257.665323 -23786.699905   6699.790208    -14.653675                    
PR22 -10820.461329  -9743.198926  20982.258405    -64.670562                    
PR23  -8212.797054  11421.316176  21274.067122    190.893980                    
PR24  -1593.772726  23338.041347  10142.405084   -173.790172                    
*  2018 11 15 18 15  0.00000000                                                 
PG01 -13753.058062  21308.024349   7180.205691   -114.776598                    
PG02  15986.263988  -2012.523470 -20495.568873    -59.496211                    
PG03 -17352.745347  13260.747341 -15106.963540    160.601426                    
PG05  26412.090879  -2620.855499  -2733.202477     -0.179949                    
PG06   9871.472277  13410.507297 -20655.777061    333.014934                    
PG07  -4582.604438  24899.849178   7434.451294     87.937627                    
PG08 -15463.957454   4121.359081  21274.092802   -122.293271                    
PG09   2588.516526  21089.110376 -15978.978300    492.206990                    
PG10 -13011.635903 -12038.801749  19875.609816    163.893543                    
PG11 -10477.506109  19073.489347  14823.511652   -699.505675                    
PG12  20984.364420 -10224.913236 -12693.948185    291.898931                    
PG13  18045.952899   4604.060219  18831.810427    -84.391029                    
PG14 -18276.214710 -17818.905004  -7362.243456    -95.766555                    
PG15  13395.796767  -8724.555269  20992.714057   -339.680558                    
PG16 -26515.956869   -861.214822  -3896.872437     -1.290072                    
PG17  14273.382565  22406.304569   2149.552869    -31.070968                    
PG18 -16118.611520  14316.395849  14937.026332     79.638256                    
PG19  18133.722237  17455.137255  -8582.498803   -383.421340                    
PG20  -2731.469703 -15644.722570  21162.060692    518.734383                    
PG21     49.873537 -24674.273178  10712.243901   -303.845887                    
PG22 -22723.214377  11041.870778  -7905.048313   -574.663699                    
PG23  -6380.690495  15389.195135 -20295.285338   -206.122541                    
PG24  15106.611410 -18246.358776  11556.565356    -58.189654                    
PG25   9670.085855 -15033.493543 -19746.236730   -677.256750                    
PG26 -22570.388200  -5482.536240 -13028.455495     40.240394                    
PG27 -19696.143667  -6720.789049  16575.737585    -18.496151                    
PG28   9672.964497  13586.345367  21282.638040    754.652321                    
PG29     68.410615 -20066.460578 -17419.375696    335.516925                    
PG30   3630.683511  20664.569701  16204.043498     -5.238215                    
PG31 -11621.823498 -10618.685362 -21309.294011     79.495927                    
PG32 -16611.936353 -20792.418638    243.630060   -355.956636                    
PR01 -22032.315556   -415.773904 -12841.052388     35.017082                    
PR02  -5333.156981   9688.709702 -22957.601365    339.692078                    
PR03  13081.614278  13117.893437 -17480.714529    148.942007                    
PR04  23970.168696   8588.222573  -1367.872828    283.871988                    
PR05  20812.535640   -459.970521  14728.413800     15.536756                    
PR07 -13521.793133 -13145.797025  17222.096531    -51.642294                    
PR08 -23783.285776  -8981.505943   2176.189573     20.470811                    
PR09  13347.277372 -18792.681565 -10980.079958     38.840591                    
PR10    -67.096952 -13274.692206 -21811.767617     35.764948                    
PR11 -15086.809425    154.704653 -20533.383738    -47.158278                    
PR13 -13661.710666  18905.955797  10307.336652    -16.860639                    
PR14    357.172110  13417.894825  21706.189580     33.037697                    
PR15  11697.487609   3528.447368  22389.502894    -19.175816                    
PR16  20192.656312 -13047.798977   8339.733552    106.480171                    
PR17   6345.240688  24544.218174  -3021.651682    180.537610                    
PR18  11171.746660  14207.804738 -17960.634757     27.242323                    
PR19   9936.296135  -3715.402048 -23195.212766    -61.538464                    
PR20   2670.892159 -21117.818712 -14078.064013   -359.160331                    
PR21  -6548.768722 -24379.814141   3543.014420    -14.655684                    
PR22 -11326.225735 -12182.934362  19389.073788    -64.670446                    
PR23  -8580.427967   8748.149928  22367.154371    190.895606                    
PR24  -1648.649177  21897.343812  12951.393518   -173.790478                    
*  2018 11 15 18 30  0.00000000                                                 
PG01 -13626.057561  20288.506415   9848.821670   -114.781633                    
PG02  15356.760195    414.801150 -21067.334835    -59.505766                    
PG03 -18962.094021  13355.667319 -12919.619105    160.604892                    
PG05  26020.712330  -2264.260841  -5500.472068     -0.180022                    
PG06   9023.779742  15552.413444 -19510.457169    333.009215                    
PG07  -5086.664992  25431.503969   4673.291822     87.931470                    
PG08 -16975.545848   2297.800513  20390.744007   -122.294308                    
PG09   1190.028998  19755.255556 -17755.788219    492.203965                    
PG10 -10747.037035 -12544.322991  20876.778996    163.889578                    
PG11 -10914.313267  17209.318035  16597.337545   -699.502024                    
PG12  22280.857619 -10209.001381 -10201.110392    291.896656                    
PG13  19084.329472   6412.608207  17222.478519    -84.390246                    
PG14 -18506.268526 -18538.823014  -4627.201140    -95.766459                    
PG15  15099.314612  -6986.124660  20522.854039   -339.679489                    
PG16 -25954.364382  -1064.013938  -6691.955463     -1.291829                    
PG17  13914.071497  22225.565016   5005.558844    -31.067213                    
PG18 -15763.157103  12432.647882  16836.549864     79.642055                    
PG19  18429.403441  18212.578417  -5838.275422   -383.417932                    
PG20   -384.008189 -16312.807784  20818.738090    518.734695                    
PG21    565.339906 -25544.427656   8169.320261   -303.839762                    
PG22 -23568.105776  10901.193364  -5257.518601   -574.672743                    
PG23  -8061.861857  13622.388256 -20976.445135   -206.121484                    
PG24  14938.096152 -16743.711600  13831.898877    -58.189305                    
PG25  11803.870557 -15298.223213 -18295.640835   -677.261777                    
PG26 -21034.996023  -6003.803384 -15176.756604     40.250350                    
PG27 -20755.639290  -8158.737683  14545.796603    -18.500883                    
PG28   7343.831642  13850.179432  22058.639715    754.653532                    
PG29   1398.030411 -18466.017818 -19058.553858    335.509548                    
PG30   2759.929732  22196.789133  14210.182274     -5.243401                    
PG31 -10670.479079 -12831.307027 -20538.585957     79.493715                    
PG32 -16295.544731 -20820.984370   3077.852855   -355.943888                    
PR01 -23421.331319   -694.158589 -10069.324276     35.017249                    
PR02  -8034.332174   8909.671544 -22486.785559    339.693231                    
PR03  10914.303351  12395.906874 -19391.017855    148.942897                    
PR04  23657.369079   8352.832744  -4550.836622    283.873456                    
PR05  22438.658988   -117.155427  12113.476758     15.537420                    
PR07 -11399.410139 -12426.827083  19179.874351    -51.643414                    
PR08 -23383.333244  -8718.525119   5341.003829     20.471344                    
PR09  14127.948812 -19679.602122  -8074.913938     38.841876                    
PR10   1793.626006 -15103.981607 -20515.329101     35.764881                    
PR11 -13147.783051  -1601.552738 -21769.921613    -47.159953                    
PR13 -14344.650795  19768.697357   7335.433886    -16.858956                    
PR14  -1493.653339  15238.031220  20415.904283     33.038238                    
PR15   9626.598233   5413.807192  22999.569044    -19.176628                    
PR16  19243.323505 -12282.589650  11245.829203    106.480624                    
PR17   6568.071030  24671.997451    199.054098    180.540214                    
PR18  11778.940869  16208.583484 -15739.281769     27.242589                    
PR19  10534.468122   -910.589267 -23211.740148    -61.539115                    
PR20   2904.848034 -19234.912106 -16514.429291   -359.161970                    
PR21  -6791.728708 -24567.539407    317.273358    -14.657578                    
PR22 -11965.152335 -14364.009629  17421.020304    -64.670119                    
PR23  -9173.982308   6005.598646  23025.653296    190.897559                    
PR24  -1888.447171  20143.616031  15508.388072   -173.790721                    
*  2018 11 15 18 45  0.00000000                                                 
PG01 -13470.236839  18979.642740  12343.839078   -114.786599                    
PG02  14837.358681   2911.875916 -21255.992670    -59.515393                    
PG03 -20311.975641  13472.116045 -10509.651529    160.608341                    
PG05  25352.803489  -1809.336345  -8174.469987     -0.179592                    
PG06   8333.874163  17593.493896 -18028.353544    333.003526                    
PG07  -5471.422761  25682.328605   1829.821274     87.925140                    
PG08 -18498.572504    644.294075  19159.324681   -122.295950                    
PG09   -402.901878  18363.711680 -19228.027611    492.200928                    
PG10  -8420.528449 -13190.919261  21521.183899    163.885595                    
PG11 -11460.021384  15177.800009  18076.387457   -699.498071                    
PG12  23289.493907 -10212.333707  -7532.457633    291.894105                    
PG13  20096.908791   8002.645850  15314.555976    -84.389273                    
PG14 -18576.131569 -19000.774211  -1812.845691    -95.765913                    
PG15  16823.280203  -5380.695788  19694.185435   -339.678524                    
PG16 -25102.124793  -1346.517196  -9375.226121     -1.293722                    
PG17  13340.196566  21824.545907   7776.744996    -31.062921                    
PG18 -15454.268863  10335.639546  18434.299382     79.646019                    
PG19  18568.988539  18705.883793  -2993.592999   -383.414774                    
PG20   1874.862361 -17069.302677  20112.762752    518.735267                    
PG21    976.211491 -26158.028552   5489.964502   -303.834271                    
PG22 -24127.001514  10710.398555  -2518.799063   -574.681397                    
PG23  -9863.620201  11900.790186 -21284.984819   -206.120703                    
PG24  14784.116259 -14996.763384  15863.726693    -58.189315                    
PG25  13746.675615 -15634.600418 -16531.988912   -677.266821                    
PG26 -19307.828264  -6662.618101 -17065.746776     40.260306                    
PG27 -21722.836634  -9359.058572  12267.362283    -18.505615                    
PG28   4970.729477  14257.042938  22475.754088    754.655450                    
PG29   2923.314934 -16814.998426 -20370.287619    335.502248                    
PG30   2042.409297  23543.807733  11970.108877     -5.248429                    
PG31  -9866.576614 -14990.987066 -19410.614903     79.491440                    
PG32 -15760.162544 -20638.640141   5859.447999   -355.931187                    
PR01 -24480.620854   -801.108233  -7101.885671     35.018036                    
PR02 -10701.571397   8348.114206 -21578.195355    339.694286                    
PR03   8493.291062  11786.704980 -20923.086743    148.943817                    
PR04  22950.747633   8057.703087  -7645.286037    283.874904                    
PR05  23756.913287     33.921322   9263.004383     15.537879                    
PR07  -9017.823184 -11816.542022  20766.486345    -51.643880                    
PR08 -22591.720523  -8402.028988   8402.221007     20.471196                    
PR09  14593.040601 -20351.513549  -5013.390517     38.844091                    
PR10   3386.906519 -16932.597933 -18821.883114     35.765295                    
PR11 -11254.692766  -3585.326960 -22582.409588    -47.161110                    
PR13 -14711.853280  20400.716311   4220.934838    -16.858234                    
PR14  -3082.926239  17053.884618  18729.641799     33.038469                    
PR15   7669.897952   7481.975743  23163.299754    -19.178578                    
PR16  18121.730993 -11193.531709  13931.940861    106.481798                    
PR17   6682.611462  24405.158490   3415.905777    180.542313                    
PR18  12448.220785  17878.885038 -13211.173682     27.243014                    
PR19  11336.631874   1815.980360 -22777.432786    -61.539056                    
PR20   3358.519997 -17106.276901 -18630.382732   -359.163260                    
PR21  -6930.030189 -24357.037963  -2914.644147    -14.659279                    
PR22 -12690.692829 -16239.339003  15116.389620    -64.670240                    
PR23  -9988.913933   3264.611584  23236.745246    190.899984                    
PR24  -2347.177536  18129.946073  17763.579831   -173.791249                    
*  2018 11 15 19  0  0.00000000                                                 
PG01 -13324.536537  17397.503423  14621.176397   -114.791542                    
PG02  14441.525177   5428.700953 -21058.629407    -59.524806                    
PG03 -21384.254902  13573.118720  -7918.457247    160.611821                    
PG05  24432.034684  -1227.084056 -10709.966331     -0.179336                    
PG06   7794.393238  19487.013539 -16235.065705    332.997807                    
PG07  -5769.539453  25633.864141  -1045.974075     87.919075                    
PG08 -19990.198872   -819.314332  17601.161600   -122.297644                    
PG09  -2174.560355  16957.029080 -20370.559035    492.197913                    
PG10  -6080.026378 -13974.999997  21797.329118    163.881647                    
PG11 -12125.563227  13020.008486  19232.807832   -699.494311                    
PG12  23996.142558 -10195.610240  -4733.629394    291.891528                    
PG13  21041.169350   9359.746572  13141.400018    -84.388553                    
PG14 -18453.420956 -19223.241350   1032.483280    -95.765692                    
PG15  18527.190837  -3929.859556  18522.545688   -339.677149                    
PG16 -23982.743212  -1741.884799 -11901.940824     -1.295779                    
PG17  12533.456406  21239.381204  10416.715658    -31.058230                    
PG18 -15221.198332   8061.607436  19700.911616     79.649356                    
PG19  18515.768084  18950.403904    -97.222826   -383.411407                    
PG20   4005.426368 -17889.831735  19056.219233    518.736216                    
PG21   1312.489630 -26491.781574   2718.133639   -303.828456                    
PG22 -24402.548004  10435.044075    263.506446   -574.690333                    
PG23 -11753.792970  10261.987330 -21216.563804   -206.119657                    
PG24  14677.213751 -13033.024655  17616.478860    -58.189888                    
PG25  15465.587279 -16010.249683 -14484.625797   -677.271850                    
PG26 -17429.715337  -7472.970117 -18662.899461     40.270283                    
PG27 -22554.896020 -10321.669454   9779.797651    -18.510308                    
PG28   2600.924185  14805.106065  22527.784324    754.656374                    
PG29   4628.220660 -15159.413391 -21332.097419    335.495137                    
PG30   1460.668652  24668.625907   9522.417583     -5.253396                    
PG31  -9209.957702 -17049.196937 -17943.921885     79.488882                    
PG32 -14987.145646 -20277.842358   8540.880853   -355.918439                    
PR01 -25174.411672   -780.691539  -3996.390586     35.018411                    
PR02 -13265.905617   8003.661346 -20249.741772    339.695999                    
PR03   5872.865418  11329.380757 -22047.099956    148.945115                    
PR04  21856.816007   7758.641362 -10591.025492    283.876403                    
PR05  24724.721544     34.234878   6232.392983     15.538802                    
PR07  -6429.827960 -11354.732602  21951.209686    -51.644658                    
PR08 -21417.323077  -8087.803894  11300.561243     20.471028                    
PR09  14767.185433 -20758.571454  -1854.828687     38.845315                    
PR10   4693.041826 -18696.675067 -16764.366547     35.766987                    
PR11  -9463.674412  -5756.756691 -22955.164437    -47.162168                    
PR13 -14791.346405  20752.817296   1024.393290    -16.859281                    
PR14  -4391.318918  18802.259223  16680.007913     33.038729                    
PR15   5877.899779   9683.462551  22877.916172    -19.179986                    
PR16  16887.865387  -9778.659414  16345.636924    106.482406                    
PR17   6636.707210  23765.450973   6566.591324    180.544866                    
PR18  13123.959335  19188.743898 -10425.544867     27.243223                    
PR19  12316.009236   4397.959272 -21900.759106    -61.537584                    
PR20   4053.227885 -14794.294932 -20384.766637   -359.164094                    
PR21  -6910.568583 -23768.750560  -6089.824318    -14.660998                    
PR22 -13449.535065 -17773.022671  12519.886415    -64.669860                    
PR23 -11008.088974    594.695064  22996.303478    190.902199                    
PR24  -3048.039428  15917.156672  19673.028278   -173.791344                    
*  2018 11 15 19 15  0.00000000                                                 
PG01 -13225.178893  15566.905205  16640.659856   -114.796520                    
PG02  14174.580884   7913.983611 -20479.704766    -59.534244                    
PG03 -22169.344921  13620.084776  -5190.625272    160.615278                    
PG05  23288.620994   -493.639303 -13064.106901     -0.179455                    
PG06   7390.109528  21189.657898 -14161.575625    332.992142                    
PG07  -6016.697919  25276.352122  -3903.194766     87.912826                    
PG08 -21405.912614  -2081.393043  15743.061688   -122.299222                    
PG09  -4101.514748  15575.344566 -21163.892514    492.194869                    
PG10  -3772.717804 -14884.902489  21699.960399    163.877638                    
PG11 -12914.662269  10780.202542  20044.478453   -699.490880                    
PG12  24395.777673 -10118.545832  -1852.782369    291.888658                    
PG13  21874.232384  10478.204970  10740.911053    -84.387641                    
PG14 -18111.050873 -19231.671225   3860.281970    -95.765602                    
PG15  20168.764187  -2647.537742  17029.662997   -339.676222                    
PG16 -22626.854300  -2278.309479 -14229.924626     -1.297421                    
PG17  11483.317063  20510.217656  12881.634509    -31.053996                    
PG18 -15087.219605   5652.944639  20613.123352     79.652676                    
PG19  18238.072243  18969.185628   2800.802915   -383.408104                    
PG20   5973.200576 -18744.351557  17667.392508    518.736489                    
PG21   1607.572395 -26529.722504    -99.869429   -303.822605                    
PG22 -24405.548245  10042.665571   3041.290151   -574.699254                    
PG23 -13694.758406   8737.774528 -20773.710234   -206.118744                    
PG24  14645.329643 -10886.908229  19059.660024    -58.190935                    
PG25  16934.919187 -16388.384609 -12187.942133   -677.276901                    
PG26 -15444.785052  -8441.287105 -19940.592510     40.280258                    
PG27 -23211.256160 -11055.052729   7125.832105    -18.515064                    
PG28    280.708205  15484.496273  22214.128536    754.657762                    
PG29   6488.516978 -13542.666751 -21927.507781    335.488007                    
PG30    991.013617  25539.864913   6909.412119     -5.258426                    
PG31  -8692.375966 -18959.128922 -16163.173445     79.486626                    
PG32 -13965.402700 -19775.248173  11076.341994   -355.905699                    
PR01 -25478.657333   -682.839986   -813.197498     35.018606                    
PR02 -15660.840354   7863.732467 -18527.492519    339.697444                    
PR03   3114.829898  11053.097805 -22741.233524    148.945938                    
PR04  20395.207225   7509.802749 -13330.752702    283.877698                    
PR05  25310.686535    -68.091138   3080.563733     15.539661                    
PR07  -3695.919652 -11071.489510  22711.064383    -51.645327                    
PR08 -19881.960429  -7829.572023  13979.967402     20.470822                    
PR09  14685.423758 -20858.831611   1339.623696     38.847629                    
PR10   5705.119165 -20331.571354 -14382.698527     35.767917                    
PR11  -7823.418971  -8066.270276 -22881.090710    -47.163162                    
PR13 -14621.428131  20784.419223  -2192.056773    -16.859547                    
PR14  -5412.088290  20419.237914  14306.670073     33.038814                    
PR15   4291.529472  11960.817718  22149.325087    -19.179618                    
PR16  15602.860917  -8048.949991  18439.895346    106.483023                    
PR17   6384.271495  22786.687097   9590.090320    180.547211                    
PR18  13747.362984  20121.217821  -7436.679189     27.243572                    
PR19  13434.840075   6775.438079 -20598.772169    -61.538265                    
PR20   4998.121488 -12366.144197 -21743.411388   -359.165032                    
PR21  -6686.141630 -22835.473403  -9146.463014    -14.662700                    
PR22 -14183.952642 -18941.595347   9681.765535    -64.669575                    
PR23 -12202.409829  -1938.754346  22308.975094    190.904196                    
PR24  -4002.209820  13571.378642  21199.524578   -173.792417                    
*  2018 11 15 19 30  0.00000000                                                 
PG01 -13204.085463  13520.583622  18366.784041   -114.801530                    
PG02  14033.566416  10317.050266 -19530.892964    -59.544018                    
PG03 -22666.453098  13574.452742  -2373.169933    160.618719                    
PG05  21958.193864    408.637632 -15197.098461     -0.179404                    
PG06   7098.678974  22663.083932 -11843.706709    332.986339                    
PG07  -6249.971908  24609.229967  -6691.002794     87.906692                    
PG08 -22701.173165  -3138.764911  13616.852155   -122.300026                    
PG09  -6153.329744  14254.900666 -21594.508687    492.191796                    
PG10  -1543.429599 -15901.236761  21230.188713    163.873538                    
PG11 -13823.482709   8504.226366  20495.554663   -699.487140                    
PG12  24492.624369  -9941.615472   1060.236848    291.886012                    
PG13  22554.559370  11361.036399   8154.846180    -84.386763                    
PG14 -17528.361574 -19057.315908   6622.683540    -95.765153                    
PG15  21705.500200  -1539.687715  15242.675280   -339.674956                    
PG16 -21071.133574  -2977.791287 -16320.211069     -1.299470                    
PG17  10187.519221  19679.610607  15130.870305    -31.049649                    
PG18 -15068.592830   3156.689933  21154.278521     79.655925                    
PG19  17710.690130  18791.983425   5650.062677   -383.404954                    
PG20   7750.083515 -19598.320216  15970.446948    518.737112                    
PG21   1896.841999 -26263.964197  -2916.080768   -303.816583                    
PG22 -24154.409547   9504.210681   5766.783045   -574.708098                    
PG23 -15644.826231   7353.069545 -19965.679027   -206.118062                    
PG24  14710.599320  -8598.532280  20168.396084    -58.190327                    
PG25  18137.072184 -16729.299719  -9680.842294   -677.281925                    
PG26 -13398.895490  -9566.011616 -20876.592029     40.290213                    
PG27 -23655.206805 -11575.707435   4350.832278    -18.519799                    
PG28  -1946.079119  16277.618735  21539.772550    754.658783                    
PG29   8472.542955 -12003.971882 -22146.324942    335.481003                    
PG30    604.625950  26132.951192   4176.365242     -5.263492                    
PG31  -8297.923465 -20677.411338 -14098.780129     79.484222                    
PG32 -12691.991421 -19170.212665  13422.513452   -355.893028                    
PR01 -25382.023387   -560.985392   2385.807426     35.019302                    
PR02 -17824.920356   7904.232645 -16445.146519    339.699126                    
PR03    286.159674  10975.811439 -22992.082707    148.946335                    
PR04  18597.993623   7361.187312 -15811.179187    283.878391                    
PR05  25495.863307   -220.066940   -131.187201     15.540522                    
PR07   -882.031994 -10985.887143  23031.255945    -51.645843                    
PR08 -18019.617525  -7676.529245  16388.676084     20.471186                    
PR09  14391.505999 -20620.129584   4508.163750     38.849629                    
PR10   6429.034998 -21774.513470 -11723.009673     35.768591                    
PR11  -6373.276350 -10456.449290 -22361.806868    -47.164212                    
PR13 -14248.829435  20465.396653  -5365.913321    -16.860033                    
PR14  -6151.104098  21842.807759  11655.599073     33.038730                    
PR15   2940.619749  14250.854551  20991.976696    -19.179799                    
PR16  14326.362388  -6028.110254  20174.027063    106.484051                    
PR17   5887.470150  21513.288715  12427.847023    180.549680                    
PR18  14259.115595  20672.896698  -4302.841635     27.243767                    
PR19  14645.947979   8897.191166 -18896.777523    -61.538778                    
PR20   6189.580960  -9891.149117 -22679.805016   -359.166454                    
PR21  -6217.695952 -21600.932962 -12025.077927    -14.664504                    
PR22 -14834.349008 -19734.769116   6656.869880    -64.669701                    
PR23 -13531.959622  -4276.938618  21188.092846    190.906237                    
PR24  -5208.149050  11161.416648  22313.322477   -173.792473                    
*  2018 11 15 19 45  0.00000000                                                 
PG01 -13287.482165  11298.050863  19769.375279   -114.806585                    
PG02  14007.477955  12589.716856 -18230.753029    -59.553377                    
PG03 -22883.495054  13399.346488    485.283532    160.622141                    
PG05  20480.485565   1490.305310 -17072.845115     -0.179056                    
PG06   6891.674003  23875.287524  -9321.497905    332.980625                    
PG07  -6506.126154  23641.262337  -9359.614945     87.900766                    
PG08 -23833.067301  -3996.624976  11258.843606   -122.301360                    
PG09  -8293.550532  13026.727897 -21655.081968    492.188768                    
PG10    566.914746 -16997.540783  20395.509530    163.869565                    
PG11 -14840.608906   6237.827697  20576.878610   -699.483557                    
PG12  24299.952719  -9627.791732   3954.767779    291.883172                    
PG13  23043.603504  12019.638697   5428.069970    -84.386096                    
PG14 -16692.002853 -18735.880269   9273.226328    -95.765032                    
PG15  23096.242283   -604.327996  13193.565872   -339.673990                    
PG16 -19357.001730  -3855.139011 -18137.640177     -1.301206                    
PG17   8652.281050  18790.865032  17127.576138    -31.045659                    
PG18 -15173.837368    622.816804  21314.684331     79.659333                    
PG19  16916.060451  18454.002413   8400.649189   -383.401521                    
PG20   9315.252048 -20414.060818  13994.992860    518.737307                    
PG21   2216.129637 -25695.172482  -5681.644335   -303.810724                    
PG22 -23674.314557   8795.333008   8393.373727   -574.716937                    
PG23 -17559.776133   6125.130647 -18808.175607   -206.117125                    
PG24  14888.400199  -6212.304586  20923.863088    -58.192293                    
PG25  19063.095071 -16992.002962  -7006.119656   -677.287000                    
PG26 -11338.006988 -10837.490013 -21454.450915     40.300202                    
PG27 -23855.319375 -11907.306733   1502.042300    -18.524526                    
PG28  -4039.444830  17159.748342  20515.230097    754.660305                    
PG29  10542.255626 -10576.941187 -21984.808218    335.473895                    
PG30    268.888687  26431.048757   1370.718249     -5.268631                    
PG31  -8003.779952 -22165.711886 -11786.392353     79.481928                    
PG32 -11172.410329 -18503.195719  15539.293176   -355.880318                    
PR01 -24886.358611   -469.547870   5538.418547     35.019911                    
PR02 -19704.089637   8090.740372 -14043.361628    339.701412                    
PR03  -2543.554929  11103.484356 -22794.915399    148.947139                    
PR04  16508.497604   7356.323542 -17984.071209    283.879017                    
PR05  25274.527302   -366.327676  -3340.386756     15.541329                    
PR07   1942.946946 -11105.143937  22905.464514    -51.646742                    
PR08 -15875.176944  -7671.088135  18480.201458     20.470177                    
PR09  13935.845119 -20021.568309   7589.517047     38.851577                    
PR10   6882.980581 -22967.179452  -8836.756743     35.768483                    
PR11  -5141.771181 -12864.231074 -21407.600029    -47.164956                    
PR13 -13726.535246  19777.497082  -8435.524208    -16.860683                    
PR14  -6626.346312  23015.428564   8778.186650     33.039285                    
PR15   1842.883223  16487.118800  19428.562013    -19.179504                    
PR16  13113.977026  -3751.826021  21514.465900    106.485208                    
PR17   5118.563958  19998.412041  15024.895571    180.552148                    
PR18  14602.059671  20853.851746  -1085.129377     27.244190                    
PR19  15894.719654  10722.557975 -16827.841702    -61.538416                    
PR20   7611.163691  -7438.053446 -23175.616276   -359.167236                    
PR21  -5476.231898 -20117.919518 -14669.673732    -14.666195                    
PR22 -15341.890771 -20155.642555   3503.586547    -64.669878                    
PR23 -14947.619782  -6369.866113  19655.418309    190.909393                    
PR24  -6651.453182   8756.017866  22992.722252   -173.792996                    
*  2018 11 15 20  0  0.00000000                                                 
PG01 -13494.750671   8944.187550  20824.142695   -114.811548                    
PG02  14077.858062  14688.034229 -16604.244012    -59.562964                    
PG03 -22836.679310  13061.177254   3335.346071    160.625569                    
PG05  18897.874529   2754.251757 -18659.528021     -0.179131                    
PG06   6735.859972  24801.734840  -6638.504281    332.974884                    
PG07  -6819.921003  22390.297349 -11861.288951     87.894461                    
PG08 -24761.913314  -4668.140431   8709.224530   -122.302334                    
PG09 -10480.921825  11915.539612 -21344.600569    492.185718                    
PG10   2522.691901 -18141.223921  19209.714376    163.865574                    
PG11 -15947.362305   4024.969393  20286.241320   -699.479767                    
PG12  23839.522967  -9144.203444   6780.244608    291.880421                    
PG13  23307.350478  12473.132461   2607.757521    -84.385297                    
PG14 -15596.543859 -18306.029329  11767.579859    -95.764680                    
PG15  24302.677195    168.124759  10918.532012   -339.672941                    
PG16 -17529.166131  -4917.233752 -19651.408931     -1.303194                    
PG17   6892.195209  17886.380774  18839.200107    -31.041039                    
PG18 -15403.348944  -1897.601670  21091.804911     79.662875                    
PG19  15845.179888  17994.419492  11004.087446   -383.398329                    
PG20  10655.769283 -21152.264128  11775.549176    518.737255                    
PG21   2600.112478 -24832.737426  -8347.658594   -303.804640                    
PG22 -22996.152170   7897.497373  10876.389653   -574.725914                    
PG23 -19394.487350   5063.102532 -17322.958861   -206.116119                    
PG24  15186.689480  -3775.347573  21313.591228    -58.191764                    
PG25  19712.919843 -17135.926659  -4209.746542   -677.292076                    
PG26  -9306.554285 -12238.180157 -21663.814290     40.310157                    
PG27 -23786.684065 -12079.595489  -1372.194918    -18.529233                    
PG28  -5964.507178  18099.875710  19156.429975    754.661775                    
PG29  12654.530279  -9288.402640 -21445.732515    335.466718                    
PG30    -51.132870  26425.701140  -1458.764310     -5.273780                    
PG31  -7781.257910 -23392.161163  -9266.280427     79.479252                    
PG32  -9420.574496 -17814.139101  17390.466645   -355.867602                    
PR01 -24006.631306   -461.381492   8583.326210     35.020197                    
PR02 -21253.749594   8380.141225 -11368.949723    339.702700                    
PR03  -5304.770448  11429.829421 -22153.752744    148.948597                    
PR04  14179.644838   7530.236872 -19807.190481    283.880448                    
PR05  24654.405389   -451.726768  -6484.607188     15.542211                    
PR07   4709.781411 -11424.294627  22335.974892    -51.647485                    
PR08 -13502.715396  -7846.920107  20214.214514     20.469204                    
PR09  13373.205857 -19054.551955  10524.108783     38.853219                    
PR10   7096.417129 -23858.114811  -5779.738905     35.768608                    
PR11  -4145.591220 -15223.357980 -20037.211268    -47.166252                    
PR13 -13111.356202  18715.274108 -11341.286646    -16.860626                    
PR14  -6866.892999  23886.436860   5730.255158     33.039811                    
PR15   1003.403190  18602.502595  17489.557299    -19.181279                    
PR16  12014.924127  -1266.507241  22435.409926    106.485442                    
PR17   4061.330915  18301.727967  17330.916214    180.554980                    
PR18  14723.799735  20687.028032   2153.733990     27.244393                    
PR19  17121.415184  12222.882806 -14432.150682    -61.539118                    
PR20   9234.101895  -5072.328815 -23221.060688   -359.168207                    
PR21  -4444.284895 -18446.059022 -17028.836630    -14.668166                    
PR22 -15651.121607 -20220.369685    282.739900    -64.669940                    
PR23 -16393.093469  -8178.187292  17740.721110    190.910811                    
PR24  -8305.260707   6421.158038  23224.496135   -173.793417                    
*  2018 11 15 20 15  0.00000000                                                 
PG01 -13837.573825   6507.628130  21513.105352   -114.816402                    
PG02  14219.706411  16573.833299 -14682.106781    -59.572372                    
PG03 -22549.778384  12531.127595   6127.729239    160.629035                    
PG05  17253.844296   4195.393917 -19930.121249     -0.179076                    
PG06   6594.664143  25426.214020  -3841.036805    332.969172                    
PG07  -7222.496994  20882.654061 -14151.275749     87.888425                    
PG08 -25452.754506  -5173.749208   6011.396210   -122.303787                    
PG09 -12670.796066  10938.880833 -20668.381805    492.182695                    
PG10   4294.774842 -19294.765147  17692.693405    163.861614                    
PG11 -17118.447056   1906.210592  19628.482502   -699.476042                    
PG12  23140.700116  -8463.646311   9487.119078    291.877841                    
PG13  23317.688955  12747.408758   -257.434797    -84.384282                    
PG14 -14244.791552 -17807.812197  14064.221160    -95.764294                    
PG15  25290.717749    794.228549   8457.302049   -339.671740                    
PG16 -15634.048958  -6162.582072 -20835.568382     -1.304907                    
PG17   4929.828521  17006.059050  20237.926527    -31.036972                    
PG18 -15749.378066  -4354.269701  20490.287191     79.666801                    
PG19  14498.186015  17454.739668  13414.247408   -383.394870                    
PG20  11766.880157 -21773.569135   9350.913379    518.737896                    
PG21   3080.705490 -23694.615949 -10866.089085   -303.799268                    
PG22 -22155.253087   6798.856238  13173.828941   -574.734673                    
PG23 -21104.591089   4167.900672 -15537.339320   -206.115151                    
PG24  15605.656693  -1335.829667  21331.640431    -58.191935                    
PG25  20095.257225 -17122.649648  -1340.088898   -677.297164                    
PG26  -7345.880372 -13743.172561 -21500.625214     40.320162                    
PG27 -23431.909521 -12127.071179  -4223.224269    -18.533903                    
PG28  -7692.592447  19061.783003  17484.548415    754.662998                    
PG29  14762.663662  -8157.487899 -20538.341043    335.459676                    
PG30   -391.114465  26117.156097  -4262.868095     -5.278938                    
PG31  -7597.102618 -24332.534565  -6582.609479     79.477043                    
PG32  -7458.475489 -17140.875214  18944.315328   -355.854848                    
PR01 -22770.333037   -585.286927  11461.315004     35.020763                    
PR02 -22440.430923   8722.636555  -8473.955720    339.704524                    
PR03  -7930.646414  11936.589430 -21081.276383    148.948969                    
PR04  11671.928798   7907.789787 -21245.116180    283.881312                    
PR05  23656.359880   -423.920485  -9502.687742     15.542909                    
PR07   7351.511060 -11926.388871  21333.644459    -51.648250                    
PR08 -10963.435458  -8227.377661  21557.302600     20.469432                    
PR09  12760.227529 -17723.323109  13255.201136     38.855252                    
PR10   7108.584512 -24404.882446  -2611.033470     35.769670                    
PR11  -3389.088748 -17466.970985 -18277.456673    -47.166609                    
PR13 -12461.354681  17286.496963 -14026.804558    -16.862183                    
PR14  -6911.441350  24414.184093   2570.977911     33.040161                    
PR15    414.659960  20531.895833  15212.625227    -19.183935                    
PR16  11069.981877   1372.416694  22919.302928    106.486679                    
PR17   2712.008119  16486.950357  19301.202925    180.557492                    
PR18  14579.115855  20207.107224   5350.635882     27.244492                    
PR19  18263.712375  13382.454305 -11756.230442    -61.539080                    
PR20  11018.332076  -2853.630584 -22815.101866   -359.169479                    
PR21  -3116.919747 -16649.318056 -19056.736450    -14.669837                    
PR22 -15712.449150 -19957.303882  -2943.558894    -64.669460                    
PR23 -17807.250333  -9674.582564  15481.201998    190.912772                    
PR24 -10131.197543   4217.458535  23004.146865   -173.792965                    
*  2018 11 15 20 30  0.00000000                                                 
PG01 -14319.409325   4039.008060  21824.887746   -114.821279                    
PG02  14402.661238  18216.007726 -12500.137788    -59.581894                    
PG03 -22053.114586  11786.457731   8814.110924    160.632502                    
PG05  15591.411756   5800.677920 -20862.837066     -0.179061                    
PG06   6429.778868  25741.374672   -977.355129    332.963431                    
PG07  -7739.912047  19152.165258 -16188.711518     87.882342                    
PG08 -25876.686755  -5540.184335   3211.257701   -122.304771                    
PG09 -14816.678088  10106.562843 -19637.982547    492.179706                    
PG10   5861.481131 -20417.122134  15870.129528    163.857616                    
PG11 -18322.898552    -82.767993  18615.421079   -699.472436                    
PG12  22239.270368  -7565.880961  12027.778164    291.874871                    
PG13  23053.558493  12873.924278  -3118.215419    -84.383348                    
PG14 -12647.810520 -17281.060463  16125.055486    -95.764029                    
PG15  26031.718904   1296.630055   5852.416586   -339.670690                    
PG16 -13718.155674  -7581.177091 -21669.461183     -1.306828                    
PG17   2795.041803  16185.823237  21301.047450    -31.032419                    
PG18 -16196.368930  -6699.503407  19521.820179     79.670198                    
PG19  12884.584042  16877.053136  15588.230162   -383.391540                    
PG20  12651.984032 -22240.157193   6763.452005    518.738670                    
PG21   3685.516777 -22306.834016 -13190.729409   -303.793217                    
PG22 -21189.980993   5494.866784  15247.032827   -574.743462                    
PG23 -22648.079189   3432.429387 -13483.590068   -206.114446                    
PG24  16137.701854   1058.728776  20978.647631    -58.192216                    
PG25  20227.151830 -16917.561027   1552.941464   -677.302218                    
PG26  -5492.791913 -15321.007764 -20967.225333     40.330148                    
PG27 -22781.850069 -12087.498390  -7002.862306    -18.538600                    
PG28  -9202.127957  20005.319078  15525.783645    754.664525                    
PG29  16818.023280  -7195.026363 -19278.189002    335.452572                    
PG30   -785.864631  25514.359320  -6992.813043     -5.284143                    
PG31  -7414.994242 -24971.140270  -3782.623770     79.474592                    
PG32  -5315.537368 -16517.627835  20174.152601   -355.842133                    
PR01 -21216.374801   -883.697466  14116.420744     35.021402                    
PR02 -23243.011509   9064.040919  -5414.639177    339.706837                    
PR03 -10359.584910  12594.340752 -19598.565194    148.949372                    
PR04   9051.071727   8502.464236 -22269.932388    283.882722                    
PR05  22313.538840   -235.833064 -12335.931070     15.543565                    
PR07   9805.983586 -12583.209082  19917.708669    -51.648838                    
PR08  -8323.317823  -8824.361762  22483.596542     20.469298                    
PR09  12152.883819 -16044.980657  15729.976025     38.856860                    
PR10   6966.606366 -24575.857866    608.129656     35.770586                    
PR11  -2864.313584 -19530.239505 -16162.692454    -47.167242                    
PR13 -11833.234488  15512.018976 -16439.981192    -16.863060                    
PR14  -6806.424412  24567.818406   -638.269162     33.040072                    
PR15     57.088637  22214.766794  12641.884663    -19.183347                    
PR16  10309.816990   4102.578254  22957.148460    106.487866                    
PR17   1079.712876  14619.214928  20897.524467    180.560201                    
PR18  14132.083695  19458.890489   8443.318152     27.244444                    
PR19  19259.378410  14198.906634  -8852.044458    -61.540059                    
PR20  12914.015233   -833.506736 -21965.483476   -359.170456                    
PR21  -1502.195164 -14793.347667 -20714.016647    -14.671652                    
PR22 -15484.402421 -19405.652956  -6113.085650    -64.669442                    
PR23 -19126.694414 -10844.645212  12920.770627    190.915063                    
PR24 -12080.821433   2197.842372  22335.994372   -173.793331                    
*  2018 11 15 20 45  0.00000000                                                 
PG01 -14935.311022   1589.146031  21754.879902   -114.826151                    
PG02  14592.391530  19591.487163 -10098.382138    -59.591437                    
PG03 -21382.300244  10811.581632  11347.986150    160.635962                    
PG05  13951.581512   7549.381699 -21441.494441     -0.178712                    
PG06   6202.835498  25748.934912   1903.171949    332.957736                    
PG07  -8391.897173  17238.916287 -17937.424904     87.876299                    
PG08 -26011.970928  -5799.261086    356.451097   -122.305845                    
PG09 -16871.848314   9420.404559 -18271.006207    492.176678                    
PG10   7209.235037 -21465.298369  13773.086717    163.853594                    
PG11 -19525.293214  -1912.426363  17265.616230   -699.468933                    
PG12  21176.005179  -6438.661804  14357.436047    291.872080                    
PG13  22501.831926  12888.293200  -5925.505265    -84.382365                    
PG14 -10824.647085 -16763.818225  17915.976881    -95.763532                    
PG15  26503.485871   1702.959758   3148.487710   -339.669487                    
PG16 -11826.440086  -9154.676244 -22138.092953     -1.308511                    
PG17    524.055489  15456.302302  22011.264705    -31.028131                    
PG18 -16721.640344  -8889.942207  18204.835057     79.674008                    
PG19  11023.101610  16302.265088  17487.205848   -383.388448                    
PG20  13322.287161 -22517.294948   4058.326846    518.738929                    
PG21   4436.438191 -20702.651372 -15278.187184   -303.787617                    
PG22 -20140.234334   3988.628511  17061.290703   -574.752134                    
PG23 -23986.806915   2842.115391 -11198.288487   -206.113516                    
PG24  16767.736097   3363.107071  20261.749018    -58.192319                    
PG25  20133.210362 -16491.396414   4418.781607   -677.307294                    
PG26  -3778.292014 -16934.761070 -20072.346701     40.340056                    
PG27 -21836.035337 -12000.312405  -9664.168285    -18.543289                    
PG28 -10479.299872  20887.837285  13311.068767    754.665882                    
PG29  18771.780353  -6403.267855 -17686.880673    335.445432                    
PG30  -1267.750539  24634.616997  -9601.130078     -5.289185                    
PG31  -7197.188982 -25301.373295   -915.758356     79.471740                    
PG32  -3027.691847 -15973.661696  21058.778654   -355.829353                    
PR01 -19393.522083  -1390.637481  16497.023006     35.021790                    
PR02 -23653.431635   9348.270326  -2250.378776    339.707990                    
PR03 -12537.548219  13363.785482 -17734.667856    148.950166                    
PR04   6385.479661   9315.638182 -22861.767909    283.884268                    
PR05  20670.028652    152.103166 -14929.250271     15.544144                    
PR07  12018.193143 -13356.478883  18115.426493    -51.650183                    
PR08  -5650.590212  -9637.680822  22975.255057     20.469363                    
PR09  11603.985368 -14048.976959  17900.543656     38.858466                    
PR10   6723.270889 -24351.595553   3815.534467     35.771818                    
PR11  -2551.573917 -21352.918043 -13734.135355    -47.167558                    
PR13 -11279.804704  13425.110318 -18534.025930    -16.863731                    
PR14  -6603.803350  24328.634056  -3835.102157     33.040430                    
PR15    -99.857271  23597.566956   9827.062892    -19.183777                    
PR16   9753.765529   6857.041114  22548.652705    106.488185                    
PR17   -813.676102  12762.417124  22088.862851    180.562742                    
PR18  13357.810081  18495.271623  11371.600642     27.244732                    
PR19  20048.956574  14683.066775  -5775.985432    -61.539375                    
PR20  14863.485836    946.544785 -20688.590293   -359.171047                    
PR21    378.921591 -12942.778262 -21968.555090    -14.673414                    
PR22 -14935.566544 -18613.701093  -9164.679708    -64.669681                    
PR23 -20288.447327 -11687.223466  10109.191806    190.917598                    
PR24 -14097.505661    405.526820  21233.089021   -173.793852                    
*  2018 11 15 21  0  0.00000000                                                 
PG01 -15672.101844   -792.763934  21305.262185   -114.831087                    
PG02  14752.133050  20685.870828  -7520.273564    -59.601095                    
PG03 -20576.782037   9598.869167  13685.486879    160.639386                    
PG05  12371.882590   9413.710951 -21655.805014     -0.178448                    
PG06   5877.082888  25459.548751   4750.923188    332.951922                    
PG07  -9190.886329  15187.735180 -19366.637722     87.869965                    
PG08 -25844.888579  -5986.472531  -2504.422216   -122.305860                    
PG09 -18791.003613   8874.290136 -16590.809091    492.173626                    
PG10   8332.915875 -22396.008356  11437.497281    163.849549                    
PG11 -20687.164138  -3560.357336  15603.965683   -699.465074                    
PG12  19995.030302  -5078.450776  16434.979830    291.869452                    
PG13  21657.899971  12828.732262  -8631.272446    -84.381547                    
PG14  -8801.770218 -16290.858544  19407.365012    -95.763167                    
PG15  26691.041821   2044.554429    391.449063   -339.668528                    
PG16 -10000.723497 -10856.894087 -22232.430476     -1.310487                    
PG17  -1841.706089  14841.719426  22356.922652    -31.023656                    
PG18 -17296.373814 -10888.063529  16564.059179     79.677644                    
PG19   8941.171817  15768.372821  19077.181674   -383.385013                    
PG20  13796.151148 -22574.763647   1282.673349    518.739430                    
PG21   5348.442359 -18921.408434 -17088.866110   -303.781847                    
PG22 -19045.915525   2290.931883  18586.371495   -574.760935                    
PG23 -25087.834614   2375.726645  -8721.606689   -206.112736                    
PG24  17473.788301   5535.928741  19194.383460    -58.192641                    
PG25  19844.530432 -15821.581350   7207.141386   -677.312448                    
PG26  -2226.539919 -18543.355077 -18830.992666     40.349965                    
PG27 -20602.787610 -11904.970727 -12162.192854    -18.548050                    
PG28 -11518.449847  21665.753409  10875.718456    754.667252                    
PG29  20576.660709  -5775.944132 -15791.704006    335.437995                    
PG30  -1865.222259  23502.940757 -12042.512646     -5.294431                    
PG31  -6906.229215 -25325.910217   1967.301103     79.469423                    
PG32   -636.206175 -15532.132382  21582.846999   -355.816644                    
PR01 -17358.434701  -2130.040714  18556.851523     35.022268                    
PR02 -23676.878931   9519.915782    957.478779    339.709640                    
PR03 -14420.058981  14197.476093 -15526.020678    148.951037                    
PR04   3743.597536  10336.387140 -23009.178397    283.886025                    
PR05  18779.065895    770.028529 -17232.243599     15.544503                    
PR07  13942.328374 -14199.513131  15961.571060    -51.651458                    
PR08  -3013.116044 -10654.927669  23022.798681     20.469229                    
PR09  11160.829052 -11776.114052  19724.858581     38.860472                    
PR10   6434.579900 -23725.709646   6949.165161     35.772618                    
PR11  -2420.499037 -22881.723608 -11039.052237    -47.168615                    
PR13 -10847.624726  11070.282716 -20268.356192    -16.864389                    
PR14  -6358.629089  23690.930459  -6957.346513     33.040909                    
PR15    -96.182370  24635.862386   6822.545882    -19.183871                    
PR16   9409.113410   9566.857616  21702.195959    106.488801                    
PR17  -2934.174209  10976.619174  22852.015407    180.565111                    
PR18  12243.709888  17374.888056  14078.559763     27.245084                    
PR19  20578.354936  14858.255531  -2587.780700    -61.540275                    
PR20  16803.549351   2456.589252 -19009.140070   -359.172966                    
PR21   2493.186776 -11158.579337 -22796.081375    -14.675220                    
PR22 -14046.114367 -17636.670828 -12039.402564    -64.669536                    
PR23 -21232.633775 -12214.208464   7101.116682    190.919843                    
PR24 -16118.683350  -1127.564040  19716.953281   -173.793948                    
*  2018 11 15 21 15  0.00000000                                                 
PG01 -16508.887118  -3060.877593  20484.898564   -114.835927                    
PG02  14844.298423  21493.708099  -4811.747696    -59.610581                    
PG03 -19678.247035   8149.141545  15786.155262    160.642881                    
PG05  10885.041174  11359.669040 -21501.571301     -0.178252                    
PG06   5419.004409  24892.339917   7516.883425    332.946247                    
PG07 -10141.362818  13046.500975 -20451.541400     87.864009                    
PG08 -25370.308543  -6139.446123  -5322.603129   -122.307737                    
PG09 -20531.854048   8454.540389 -14626.110446    492.170649                    
PG10   9235.876993 -23167.376059   8903.555225    163.845591                    
PG11 -21768.556817  -5011.964527  13661.154664   -699.461672                    
PG12  18742.066367  -3490.783120  18223.748999    291.866773                    
PG13  20525.937609  12734.420351 -11189.340219    -84.380666                    
PG14  -6612.250745 -15892.337241  20574.515473    -95.762729                    
PG15  26587.132370   2355.057664  -2372.191980   -339.667445                    
PG16  -8278.224889 -12654.597993 -21949.619463     -1.312414                    
PG17  -4256.952727  14359.021632  22332.171607    -31.019503                    
PG18 -17886.860023 -12663.438590  14629.941705     79.681049                    
PG19   6674.061537  15308.864332  20329.679655   -383.381663                    
PG20  14098.166011 -22388.117563  -1515.251482    518.740163                    
PG21   6428.652243 -17007.092527 -18587.910845   -303.775809                    
PG22 -17945.424291    420.019091  19796.976722   -574.769858                    
PG23 -25924.561582   2006.436585  -6096.567630   -206.111659                    
PG24  18227.889127   7541.040333  17795.985691    -58.194088                    
PG25  19397.370934 -14893.323252   9868.936854   -677.317548                    
PG26   -854.078949 -20103.051039 -17264.207680     40.359965                    
PG27 -19099.023128 -11839.312831 -14454.695244    -18.552726                    
PG28 -12322.190955  22296.175879   8259.004955    754.668443                    
PG29  22188.647049  -5298.666484 -13625.168436    335.430921                    
PG30  -2601.495616  22151.101622 -14274.625873     -5.299623                    
PG31  -6506.648848 -25056.535270   4815.587548     79.467059                    
PG32   1813.693437 -15209.180634  21737.136263   -355.803798                    
PR01 -15173.393916  -3114.500409  20255.886624     35.022983                    
PR02 -23331.437582   9526.793547   4146.803096    339.711919                    
PR03 -15973.801041  15041.898489 -13015.723154    148.951488                    
PR04   1191.274241  11541.819378 -22709.363928    283.886847                    
PR05  16700.884095   1637.139706 -19200.175582     15.545630                    
PR07  15543.445224 -15059.241828  13497.773579    -51.652269                    
PR08   -475.808814 -11851.879709  22625.287878     20.469233                    
PR09  10863.091746  -9277.078985  21167.526691     38.862659                    
PR10   6157.168290 -22705.231785   9948.390630     35.773520                    
PR11  -2431.557106 -24072.435596  -8129.835155    -47.169727                    
PR13 -10574.929552   8501.654923 -21609.377587    -16.865285                    
PR14  -6126.477228  22662.343427  -9944.252670     33.041460                    
PR15     20.569570  25296.105216   3686.343696    -19.186950                    
PR16   9270.903489  12163.707508  20434.635966    106.489950                    
PR17  -5236.857900   9315.633624  23172.049049    180.567561                    
PR18  10790.270042  16159.550892  16511.638338     27.245395                    
PR19  20801.227877  14759.072727    650.667423    -61.540807                    
PR20  18668.032950   3679.275635 -16959.711251   -359.174318                    
PR21   4796.232770  -9495.594505 -23180.639448    -14.677176                    
PR22 -12808.870656 -16534.312701 -14681.658106    -64.669178                    
PR23 -21905.056068 -12449.778150   3955.017735    190.922038                    
PR24 -18078.358296  -2381.901400  17817.157049   -173.793823                    
*  2018 11 15 21 30  0.00000000                                                 
PG01 -17417.882982  -5174.274972  19309.105273   -114.840698                    
PG02  14832.092259  22018.428918  -2020.352579    -59.620242                    
PG03 -18728.953613   6471.839495  17613.655754    160.646298                    
PG05   9517.838787  13348.171526 -20980.792493     -0.178663                    
PG06   4799.809967  24074.121148  10153.488703    332.940495                    
PG07 -11239.549241  10864.345000 -21173.736080     87.857954                    
PG08 -24591.942367  -6296.319231  -8049.982624   -122.308789                    
PG09 -22056.615287   8140.583729 -12410.511991    492.167483                    
PG10   9929.632842 -23740.599416   6215.025159    163.841515                    
PG11 -22729.652556  -6260.798698  11472.974699   -699.458087                    
PG12  17462.613750  -1690.267221  19692.230042    291.863860                    
PG13  19118.844070  12643.836383 -13556.155553    -84.379939                    
PG14  -4294.708341 -15592.629809  21398.001172    -95.762620                    
PG15  26192.453826   2668.951668  -5096.090284   -339.666193                    
PG16  -6690.256773 -14508.583790 -21293.114463     -1.314238                    
PG17  -6674.004505  14017.278863  21937.061420    -31.014871                    
PG18 -18455.944173 -14193.681086  12437.972135     79.684064                    
PG19   4263.678073  14951.307880  21222.305548   -383.378627                    
PG20  14257.987498 -21939.721769  -4286.934075    518.740485                    
PG21   7675.739652 -15006.678120 -19746.078692   -303.769320                    
PG22 -16874.229702  -1598.931851  20673.111928   -574.778821                    
PG23 -26477.615331   1703.086216  -3368.282476   -206.111017                    
PG24  18997.193362   9348.673992  16091.579689    -58.193399                    
PG25  18831.616894 -13700.403083  12357.212203   -677.322618                    
PG26    330.636070 -21569.062424 -15398.737917     40.369855                    
PG27 -17349.744346 -11837.987895 -16502.820269    -18.557421                    
PG28 -12901.230846  22738.555543   5503.659265    754.669707                    
PG29  23568.567679  -4949.643826 -11224.453259    335.423421                    
PG30  -3493.447101  20616.431485 -16258.857322     -5.304861                    
PG31  -5966.600076 -24513.605259   7578.826752     79.464390                    
PG32   4274.352217 -15013.306218  21518.722212   -355.791117                    
PR01 -12903.812256  -4344.504938  21561.136267     35.023168                    
PR02 -22647.218485   9322.364932   7255.874998    339.713219                    
PR03 -17177.756200  15839.824417 -10252.686348    148.951678                    
PR04  -1210.753170  12897.930925 -21968.218260    283.887905                    
PR05  14500.286148   2760.641214 -20794.845383     15.546497                    
PR07  16798.694752 -15878.524171  10771.731537    -51.653169                    
PR08   1901.823150 -13193.406347  21790.342427     20.469059                    
PR09  10741.056384  -6610.577097  22200.488387     38.864604                    
PR10   5945.701466 -21310.430184  12755.125439     35.775394                    
PR11  -2537.962250 -24891.631598  -5062.980261    -47.171343                    
PR13 -10489.922300   5780.926639 -22531.128002    -16.865705                    
PR14  -5960.865760  21263.633474 -12737.685589     33.041937                    
PR15    197.549762  25556.973294    478.989533    -19.187408                    
PR16   9322.273748  14582.508694  18770.949409    106.491270                    
PR17  -7667.496724   7824.883390  23042.597880    180.569980                    
PR18   9011.268309  14911.563750  18623.664701     27.245606                    
PR19  20681.049853  14429.718679   3876.483717    -61.541915                    
PR20  20390.482924   4610.321725 -14580.114818   -359.175849                    
PR21   7234.193262  -8000.354451 -23114.887484    -14.679201                    
PR22 -11229.863145 -15368.321452 -17040.254409    -64.669336                    
PR23 -22259.548830 -12429.130146    732.048569    190.924530                    
PR24 -19909.776968  -3350.923565  15570.735205   -173.794092                    
*  2018 11 15 21 45  0.00000000                                                 
PG01 -18365.521964  -7098.324318  17799.304455   -114.845557                    
PG02  14681.066266  22271.941230    805.622853    -59.629560                    
PG03 -17770.053381   4584.856707  19136.412748    160.649787                    
PG05   8290.199280  15336.366842 -20101.673927     -0.177927                    
PG06   3996.744676  23038.330186  12615.443236    332.934773                    
PG07 -12473.451582   8689.823761 -21521.524415     87.851714                    
PG08 -23522.277718  -6494.094791 -10639.903913   -122.309796                    
PG09 -23333.340067   7905.900920  -9981.934148    492.164495                    
PG10  10433.224937 -24081.514163   3418.478461    163.837551                    
PG11 -23532.385058  -7308.542616   9079.536091   -699.454045                    
PG12  16200.157370    299.783621  20814.649711    291.861350                    
PG13  17457.860560  12593.139199 -15691.506789    -84.378933                    
PG14  -1892.062871 -15409.390879  21863.962649    -95.762173                    
PG15  25515.601795   3020.074060  -7734.778826   -339.664973                    
PG16  -5261.137174 -16374.997881 -20272.713719     -1.316134                    
PG17  -9044.357812  13817.372958  21177.564135    -31.010301                    
PG18 -18964.603459 -15465.056540  10027.915134     79.687841                    
PG19   1757.102307  14716.194324  21739.193448   -383.375018                    
PG20  14308.987539 -21219.529034  -6984.464784    518.740757                    
PG21   9079.694773 -12968.311363 -20540.501552   -303.763898                    
PG22 -15863.571691  -3734.579046  21200.374351   -574.787532                    
PG23 -26735.469932   1431.591415   -583.183060   -206.110146                    
PG24  19745.293091  10936.353085  14111.284049    -58.193838                    
PG25  18189.101497 -12245.630218  14628.028769   -677.327589                    
PG26   1327.392130 -22897.228454 -13266.586806     40.379806                    
PG27 -15387.240848 -11931.007937 -18271.726717    -18.562017                    
PG28 -13273.898740  22956.298531   2655.294621    754.671224                    
PG29  24683.510951  -4700.693387  -8630.775429    335.416301                    
PG30  -4550.765304  18940.420785 -17960.994896     -5.310044                    
PG31  -5259.331374 -23725.177146  10208.392510     79.462160                    
PG32   6697.314406 -14945.046167  20931.046205   -355.778350                    
PR01 -10615.630361  -5808.191944  22447.274801     35.023935                    
PR02 -21665.008339   8867.924317  10224.569448    339.715414                    
PR03 -18023.831830  16532.833206  -7290.671564    148.952739                    
PR04  -3409.152203  14360.944726 -20800.209288    283.889109                    
PR05  12244.044457   4135.209563 -21985.325779     15.547241                    
PR07  17698.054195 -16598.656228   7836.295043    -51.654192                    
PR08   4067.902221 -14634.847145  20534.001657     20.469469                    
PR09  10814.244608  -3841.138401  22803.565246     38.866019                    
PR10   5850.359585 -19574.095960  15314.945806     35.776218                    
PR11  -2687.889203 -25317.987973  -1897.990625    -47.172126                    
PR13 -10609.505333   2975.044593 -23015.774021    -16.865689                    
PR14  -5910.766041  19527.939043 -15283.264080     33.042215                    
PR15    379.060797  25410.223476  -2737.608085    -19.187490                    
PR16   9535.308906  16763.892846  16743.720735    106.492869                    
PR17 -10164.584757   6539.627108  22465.997939    180.572570                    
PR18   6933.438290  13691.044710  20373.761548     27.246103                    
PR19  20192.793691  13921.923559   7027.040999    -61.541236                    
PR20  21906.895548   5258.443834 -11916.621877   -359.177229                    
PR21   9745.733451  -6709.258279 -22600.230134    -14.680983                    
PR22  -9328.335270 -14199.684874 -19069.387834    -64.669661                    
PR23 -22260.014171 -12196.758195  -2505.148915    190.926726                    
PR24 -21548.149424  -4041.055203  13021.459054   -173.794715                    
*  2018 11 15 22  0  0.00000000                                                 
PG01 -19313.787436  -8805.785711  15982.574515   -114.850489                    
PG02  14360.555756  22273.924904   3617.985405    -59.639564                    
PG03 -16839.970508   2514.044470  20328.161980    160.653203                    
PG05   7214.540344  17279.116589 -18878.537233     -0.177714                    
PG06   2994.163181  21823.724461  14860.494182    332.928923                    
PG07 -13823.251373   6569.141717 -21490.057278     87.845717                    
PG08 -22182.190591  -6767.039359 -13047.946750   -122.310293                    
PG09 -24337.037985   7719.207503  -7381.977620    492.161429                    
PG10  10772.290780 -24161.993442    562.470549    163.833470                    
PG11 -24141.977723  -8164.652268   6524.400984   -699.450683                    
PG12  14994.466366   2448.073481  21571.453133    291.858459                    
PG13  15571.881816  12614.650880 -17559.180237    -84.377926                    
PG14    549.867381 -15352.868457  21964.325180    -95.761737                    
PG15  24572.746086   3440.172515 -10244.357475   -339.663830                    
PG16  -4007.362060 -18206.862333 -18904.492300     -1.318091                    
PG17 -11320.289999  13751.988427  20065.524045    -31.006036                    
PG18 -19373.586619 -16472.736643   7442.985856     79.691392                    
PG19   -795.090768  14616.082876  21871.314075   -383.371793                    
PG20  14286.773642 -20225.566688  -9561.377256    518.740661                    
PG21  10621.990409 -10939.421771 -20955.303610   -303.758387                    
PG22 -14939.337514  -5950.415597  21370.155578   -574.796925                    
PG23 -26694.777850   1156.439828   2211.738629   -206.109420                    
PG24  20433.667919  12289.511192  11889.741953    -58.194702                    
PG25  17511.855061 -10540.938312  16641.299869   -677.332646                    
PG26   2144.044862 -24045.682249 -10904.471873     40.389656                    
PG27 -13250.026585 -12142.479521 -19731.159025    -18.566755                    
PG28 -13465.382594  22918.283170   -238.248819    754.672210                    
PG29  25508.011111  -4518.504763  -5888.687050    335.408941                    
PG30  -5775.392576  17167.169032 -19351.819351     -5.315282                    
PG31  -4364.453676 -22725.837303  12658.219644     79.459447                    
PG32   9034.987352 -14996.970881  19983.877718   -355.765624                    
PR01  -8372.709600  -7481.632134  22897.131478     35.024627                    
PR02 -20434.495299   8134.464047  12995.504487    339.717564                    
PR03 -18516.955770  17063.896003  -4187.238732    148.952582                    
PR04  -5359.970129  15879.077948 -19228.093323    283.890355                    
PR05   9998.237699   5742.993224 -22748.558870     15.547931                    
PR07  18244.530025 -17161.966862   4748.447922    -51.654762                    
PR08   5980.087164 -16123.805026  18880.427530     20.468853                    
PR09  11090.513769  -1036.685697  22964.859663     38.867803                    
PR10   5914.514055 -17540.324522  17578.139767     35.777040                    
PR11  -2826.901173 -25343.092275   1303.775664    -47.173250                    
PR13 -10938.502926    153.656961 -23053.950871    -16.866791                    
PR14  -6018.313592  17499.525257 -17531.426921     33.042711                    
PR15    509.133333  24861.023556  -5901.339573    -19.189367                    
PR16   9872.366654  18656.445217  14392.489952    106.493674                    
PR17 -12661.689046   5483.623593  21453.255704    180.575202                    
PR18   4595.595034  12553.364276  21728.127544     27.246429                    
PR19  19324.142415  13292.572770  10041.176034    -61.541795                    
PR20  23158.366219   5644.734444  -9021.061682   -359.178762                    
PR21  12264.400956  -5647.197971 -21646.781477    -14.683034                    
PR22  -7136.217008 -13086.074570 -20729.531157    -64.669780                    
PR23 -21882.051099 -11804.346111  -5693.666206    190.928979                    
PR24 -22933.304807  -4471.175004  10218.976314   -173.795422                    
*  2018 11 15 22 15  0.00000000                                                 
PG01 -20221.720656 -10277.616341  13891.110372   -114.855402                    
PG02  13844.947293  22050.861337   6369.426337    -59.648677                    
PG03 -15972.902369    292.406489  21168.405774    160.656682                    
PG05   6295.416133  19130.582199 -17331.629262     -0.177552                    
PG06   1784.327929  20472.885621  16850.151174    332.923198                    
PG07 -15262.024221   4544.497989 -21081.333586     87.839480                    
PG08 -20600.248978  -7145.184826 -15232.681633   -122.310697                    
PG09 -25050.540617   7545.828460  -4655.220283    492.158462                    
PG10  10977.872263 -23961.125714  -2303.325109    163.829452                    
PG11 -24528.335300  -8845.678861   3853.665366   -699.446989                    
PG12  13880.059415   4716.370686  21949.656184    291.855936                    
PG13  13496.488637  12735.500321 -19127.546817    -84.377108                    
PG14   2983.873260 -15425.497057  21696.940384    -95.761426                    
PG15  23387.046490   3957.547479 -12583.148826   -339.662554                    
PG16  -2937.074463 -19955.750301 -17210.627865     -1.319863                    
PG17 -13456.449618  13805.907968  18618.532945    -31.001562                    
PG18 -19645.045714 -17220.699239   4728.989607     79.695024                    
PG19  -3340.653346  14655.087274  21616.638940   -383.368609                    
PG20  14227.637520 -18964.116341 -11973.451166    518.741372                    
PG21  12276.143358  -8964.851713 -20982.044958   -303.752224                    
PG22 -14121.152023  -8205.958970  21179.758640   -574.805386                    
PG23 -26360.410149    842.220941   4969.673909   -206.108502                    
PG24  21023.214844  13401.806515   9465.488800    -58.194947                    
PG25  16840.354556  -8607.115637  18361.551384   -677.337573                    
PG26   2796.024635 -24976.447653  -8353.191556     40.399563                    
PG27 -10981.550370 -12489.561294 -20855.954344    -18.571356                    
PG28 -13506.693496  22600.221125  -3127.636500    754.673819                    
PG29  26024.959835  -4366.108260  -3045.314182    335.401528                    
PG30  -7161.278506  15341.750302 -20407.601105     -5.320415                    
PG31  -3268.941867 -21555.284402  14885.653527     79.457485                    
PG32  11242.279603 -15153.999584  18693.170090   -355.752898                    
PR01  -6234.329008  -9329.631520  22902.019721     35.025271                    
PR02 -19012.145879   7104.138474  15515.135123    339.718988                    
PR03 -18674.637233  17379.913482  -1002.625494    148.952774                    
PR04  -7030.210680  17394.663494 -17282.468947    283.891749                    
PR05   7825.635362   7554.148966 -23069.797594     15.549296                    
PR07  18453.823730 -17514.392049   1568.202724    -51.655360                    
PR08   7607.081596 -17602.281822  16861.455042     20.468228                    
PR09  11565.657166   1734.037051  22680.999360     38.869738                    
PR10   6172.694278 -15262.840591  19500.671643     35.778183                    
PR11  -2900.488011 -24971.735009   4480.289880    -47.174030                    
PR13 -11469.407826  -2613.539184 -22644.939979    -16.866290                    
PR14  -6316.816855  15232.080175 -19438.404284     33.042968                    
PR15    534.116128  23927.748859  -8951.074127    -19.189034                    
PR16  10287.820410  20218.618409  11762.973292    106.494362                    
PR17 -15090.019192   4668.291249  20023.849891    180.577962                    
PR18   2047.258453  11546.806872  22660.677703     27.246679                    
PR19  18076.182723  12601.128888  12860.376497    -61.541699                    
PR20  24093.544680   5801.514798  -5949.807695   -359.179583                    
PR21  14721.199970  -4826.681845 -20273.160124    -14.684769                    
PR22  -4697.072231 -12079.386687 -21988.208803    -64.669380                    
PR23 -21114.110009 -11308.369315  -8771.554344    190.931360                    
PR24 -24012.169838  -4671.556141   7217.836890   -173.795598                    
*  2018 11 15 22 30  0.00000000                                                 
PG01 -21047.038817 -11503.452258  11561.607720   -114.860215                    
PG02  13114.736636  21634.845038   9014.252899    -59.658428                    
PG03 -15197.500358  -2040.984816  21642.764189    160.660117                    
PG05   5529.467249  20845.859737 -15486.829299     -0.177205                    
PG06    367.900535  19030.592086  18550.338746    332.917442                    
PG07 -16756.748935   2652.623255 -20304.060863     87.833552                    
PG08 -18811.732129  -7652.991727 -17156.381617   -122.311886                    
PG09 -25465.078466   7349.212156  -1848.460617    492.155436                    
PG10  11085.011179 -23466.122077  -5129.009110    163.825371                    
PG11 -24667.232896  -9374.310384   1115.018198   -699.443327                    
PG12  12884.898912   7060.835773  21943.065096    291.853133                    
PG13  11272.738458  12976.477436 -20370.071172    -84.376267                    
PG14   5362.917154 -15621.785106  21065.649902    -95.761124                    
PG15  21987.832002   4595.829415 -14712.316055   -339.661275                    
PG16  -2049.856582 -21573.551421 -15219.114956     -1.321724                    
PG17 -15411.378623  13956.606355  16859.728043    -30.997112                    
PG18 -19744.093891 -17721.289680   1933.448159     79.698228                    
PG19  -5827.550818  14828.723760  20980.157035   -383.365048                    
PG20  14166.995116 -17449.581781 -14179.464298    518.742225                    
PG21  14008.652715  -7085.096553 -20619.968545   -303.746743                    
PG22 -13421.712980 -10458.088291  20632.429528   -574.814262                    
PG23 -25745.209927    455.133934   7644.715668   -206.107608                    
PG24  21475.798557  14275.125434   6880.270441    -58.195876                    
PG25  16211.847618  -6473.179419  19758.589873   -677.342565                    
PG26   3305.540753 -25656.900972  -5656.912855     40.409452                    
PG27  -8628.724681 -12981.687135 -21626.477356    -18.576119                    
PG28 -13433.385709  21985.804259  -5962.844301    754.675072                    
PG29  26226.208108  -4204.490422   -149.549692    335.394632                    
PG30  -8694.453992  13508.558607 -21110.493378     -5.325607                    
PG31  -1967.831207 -20256.728141  16852.217541     79.454966                    
PG32  13278.150946 -15394.024473  17080.810287   -355.740031                    
PR01  -4252.890439 -11307.019196  22461.901300     35.025418                    
PR02 -17458.821747   5771.266115  17734.772406    339.719941                    
PR03 -18526.014729  17434.100338   2201.420931    148.954825                    
PR04  -8398.947944  18846.536909 -15001.179194    283.892368                    
PR05   5783.238778   9527.892567 -22942.885223     15.550346                    
PR07  18353.473754 -17607.917871  -1642.568967    -51.656367                    
PR08   8929.683662 -19009.069152  14515.996953     20.468315                    
PR09  12223.525849   4404.071452  21957.221103     38.871661                    
PR10   6648.930968 -12802.934294  21045.042288     35.778246                    
PR11  -2856.607513 -24221.669816   7570.046846    -47.175113                    
PR13 -12182.662262  -5259.448487 -21796.681140    -16.866266                    
PR14  -6829.149338  12786.629695 -20967.075000     33.042883                    
PR15    405.171730  22641.251052 -11827.823966    -19.190461                    
PR16  10730.143882  21420.243802   8906.172477    106.495121                    
PR17 -17381.112524   4092.397840  18205.369054    180.580186                    
PR18   -653.167541  10710.553158  23153.531605     27.246985                    
PR19  16463.550566  11906.959558  15429.915905    -61.541980                    
PR20  24670.792030   5770.711853  -2762.671891   -359.180675                    
PR21  17047.282083  -4247.491963 -18506.120978    -14.686791                    
PR22  -2064.562362 -11223.535149 -22820.643792    -64.669081                    
PR23 -19958.123244 -10767.506288 -11679.030165    190.933004                    
PR24 -24740.966230  -4682.326149   4076.424062   -173.796115                    
*  2018 11 15 22 45  0.00000000                                                 
PG01 -21747.799896 -12481.754619   9034.585778   -114.864987                    
PG02  12157.346150  21062.228203  11509.056879    -59.667904                    
PG03 -14535.782316  -4442.308305  21743.216279    160.663636                    
PG05   4905.683046  22382.601535 -13375.255685     -0.176919                    
PG06  -1245.892692  17542.122512  19931.971167    332.911702                    
PG07 -18269.559911    923.562555 -19173.386939     87.827420                    
PG08 -16857.400401  -8308.226639 -18785.679652   -122.312793                    
PG09 -25580.547048   7092.524963    990.079974    492.152438                    
PG10  11131.188617 -22672.915010  -7865.356279    163.821399                    
PG11 -24541.257199  -9778.182988  -1643.195787   -699.439542                    
PG12  12029.366856   9433.575058  21552.359967    291.850837                    
PG13   8945.759499  13351.140212 -21265.736928    -84.375443                    
PG14   7641.697112 -15928.502729  20080.268517    -95.760246                    
PG15  20409.573078   5372.932024 -16596.438376   -339.660026                    
PG16  -1336.859579 -23014.260872 -12963.365839     -1.323367                    
PG17 -17148.913738  14175.126771  14817.509874    -30.992272                    
PG18 -19640.229146 -17994.472545   -895.267211     79.701927                    
PG19  -8205.832865  15124.125738  19973.745235   -383.361314                    
PG20  14137.879493 -15704.052731 -16141.881727    518.742191                    
PG21  15780.272789  -5334.744092 -19876.037099   -303.740452                    
PG22 -12846.394152 -12662.482336  19737.303540   -574.822788                    
PG23 -24869.473033    -35.579352  10192.544879   -206.106634                    
PG24  21755.763829  14919.280620   4178.324719    -58.196098                    
PG25  15658.821820  -4175.419521  20808.062625   -677.347463                    
PG26   3700.514977 -26061.038766  -2862.392759     40.419366                    
PG27  -6240.324625 -13620.085749 -22028.975468    -18.580758                    
PG28 -13284.072450  21067.582658  -8694.026747    754.676648                    
PG29  26112.834948  -3994.293752   2748.786149    335.387384                    
PG30 -10353.421732  11709.698133 -21448.816128     -5.330816                    
PG31   -464.582499 -18875.172914  18524.283112     79.452879                    
PG32  15107.015148 -15688.820916  15174.265226   -355.727220                    
PR01  -2471.926800 -13360.367373  21585.382659     35.025784                    
PR02 -15837.235303   4142.827933  19611.509497    339.721217                    
PR03 -18110.433216  17188.116707   5362.836360    148.956009                    
PR04  -9457.932534  20172.588708 -12428.573689    283.892745                    
PR05   3920.080427  11614.020447 -22370.368099     15.551285                    
PR07  17981.509380 -17402.787393  -4821.347737    -51.657361                    
PR08   9941.333765 -20282.296705  11889.312406     20.468224                    
PR09  13036.668840   6910.779987  20807.290662     38.873413                    
PR10   7355.547218 -10227.092041  22181.028218     35.778930                    
PR11  -2648.122848 -23122.853195  10513.246309    -47.176458                    
PR13 -13047.461765  -7722.117278 -20525.619194    -16.866817                    
PR14  -7566.594200  10229.158350 -22087.692668     33.043071                    
PR15     80.573683  21043.628161 -14475.871944    -19.191836                    
PR16  11144.249204  22243.581185   5877.389936    106.495916                    
PR17 -19469.523914   3742.294037  16032.990610    180.582663                    
PR18  -3440.584153  10073.066396  23197.341649     27.247418                    
PR19  14514.021719  11266.684232  17699.914366    -61.541558                    
PR20  24859.947653   5601.829506    478.270348   -359.182038                    
PR21  19176.642485  -3896.888073 -16380.031118    -14.688948                    
PR22    699.513819 -10552.590228 -23210.262904    -64.669506                    
PR23 -18429.584851 -10239.970205 -14359.638720    190.934932                    
PR24 -25087.034933  -4551.513118    855.812530   -173.796324                    
*  2018 11 15 23  0  0.00000000                                                 
PG01 -22284.050070 -13219.621525   6353.662951   -114.869987                    
PG02  10967.680862  20372.151662  13813.317253    -59.677290                    
PG03 -14002.318555  -6864.499018  21468.227851    160.667093                    
PG05   4405.969335  23702.562526 -11032.774909     -0.176940                    
PG06  -3039.427417  16051.555416  20971.440656    332.905945                    
PG07 -19759.186588   -620.252895 -17710.516055     87.820947                    
PG08 -14782.060368  -9121.098690 -20092.159702   -122.314136                    
PG09 -25405.451240   6740.264538   3811.582682    492.149395                    
PG10  11154.671813 -21586.423157 -10464.705310    163.817343                    
PG11 -24140.468068 -10088.520465  -4372.885893   -699.436300                    
PG12  11325.562588  11784.355171  20785.042575    291.847984                    
PG13   6563.200713  13865.207317 -21799.382996    -84.374617                    
PG14   9778.158688 -16325.166323  18756.484076    -95.760606                    
PG15  18690.682699   6300.216993 -18204.039974   -339.659114                    
PG16   -781.272810 -24235.722215 -10481.698536     -1.325340                    
PG17 -18639.416448  14427.214030  12525.177844    -30.988397                    
PG18 -19308.572529 -18066.813554  -3708.778738     79.705481                    
PG19 -10429.411404  15520.613391  18615.897984   -383.358124                    
PG20  14169.544912 -13756.583777 -17827.471720    518.742797                    
PG21  17547.558570  -3741.191616 -18764.757110   -303.735184                    
PG22 -12393.129852 -14775.107666  18509.267209   -574.831931                    
PG23 -23760.178382   -656.324972  12571.080232   -206.105966                    
PG24  21831.354254  15351.419914   1405.638374    -58.196638                    
PG25  15207.683394  -1756.151276  21491.897239   -677.352480                    
PG26   4013.286892 -26170.500263    -18.148128     40.429181                    
PG27  -3865.314159 -14397.617449 -22055.847358    -18.585459                    
PG28 -13098.788778  19847.526112 -11272.435252    754.677651                    
PG29  25695.072225  -3697.534227   5599.802917    335.379826                    
PG30 -12109.846343   9983.480702 -21417.227674     -5.335950                    
PG31   1228.895274 -17455.658969  19873.630664     79.450404                    
PG32  16699.941195 -16005.209780  13006.129034   -355.714456                    
PR01   -924.495361 -15430.072363  20289.543827     35.026527                    
PR02 -14209.349117   2238.440374  21109.038328    339.723282                    
PR03 -17475.611990  16613.857562   8420.433865    148.957118                    
PR04 -10211.666375  21312.375124  -9614.645024    283.893247                    
PR05   2275.372190  13754.839122 -21363.440050     15.552078                    
PR07  17384.673338 -16869.376175  -7906.194553    -51.658038                    
PR08  10648.137461 -21362.032854   9032.151517     20.468662                    
PR09  13967.467134   9198.205645  19253.258840     38.875176                    
PR10   8292.450252  -7604.418811  22886.284707     35.779450                    
PR11  -2235.033746 -21716.196285  13252.939329    -47.177690                    
PR13 -14023.048433  -9947.058777 -18856.388021    -16.866186                    
PR14  -8528.191086   7628.035495 -22778.466322     33.043599                    
PR15   -472.291188  19186.545039 -16843.841872    -19.191551                    
PR16  11473.980630  22683.866167   2735.168568    106.496629                    
PR17 -21295.408410   3592.681425  13548.809997    180.585204                    
PR18  -6245.664248   9650.948693  22791.456626     27.247603                    
PR19  12267.563935  10731.651932  19626.304816    -61.541440                    
PR20  24643.630740   5349.601488   3709.900718   -359.182975                    
PR21  21048.710104  -3750.347894 -13936.200077    -14.690580                    
PR22   3527.526497 -10089.341700 -23149.048672    -64.669564                    
PR23 -16557.075899  -9780.874110 -16761.349053    190.936946                    
PR24 -25030.210968  -4332.762429  -2381.423757   -173.796852                    
*  2018 11 15 23 15  0.00000000                                                 
PG01 -22619.391866 -13732.278950   3564.799309   -114.874779                    
PG02   9548.412007  19605.016103  15889.936375    -59.686751                    
PG03 -13603.722429  -9258.879481  20822.764301    160.670754                    
PG05   4006.002547  24773.010614  -8499.418319     -0.176631                    
PG06  -4987.173810  14600.129921  21651.011529    332.900270                    
PG07 -21182.518073  -1964.615566 -15942.224663     87.814854                    
PG08 -12632.978121 -10093.690880 -21052.870487   -122.314778                    
PG09 -24956.529331   6259.828692   6567.470628    492.146438                    
PG10  11192.836076 -20220.470625 -12881.819444    163.813394                    
PG11 -23462.762545 -10338.664657  -7027.077820   -699.432504                    
PG12  10776.948177  14062.407733  19655.252414    291.845547                    
PG13   4173.594681  14516.258464 -21961.946881    -84.373533                    
PG14  11734.901191 -16784.806508  17115.671667    -95.760093                    
PG15  16872.187058   7381.899026 -19508.068404   -339.657817                    
PG16   -359.120377 -25201.253217  -7816.715884     -1.327120                    
PG17 -19860.784979  14674.669693  10020.481718    -30.983655                    
PG18 -18730.879080 -17970.239866  -6459.507134     79.709527                    
PG19 -12457.672378  15990.590786  16931.325838   -383.354632                    
PG20  14286.235133 -11642.218410 -19207.839947    518.742969                    
PG21  19264.606111  -2323.702965 -17307.797805   -303.729515                    
PG22 -12052.585095 -16753.704636  16968.736918   -574.840858                    
PG23 -22449.997388  -1428.014383  14741.086816   -206.104792                    
PG24  21675.986427  15595.172196  -1390.809204    -58.197128                    
PG25  14877.699967    737.770113  21798.611885   -677.357387                    
PG26   4279.143241 -25975.302705   2826.409817     40.439111                    
PG27  -1551.160123 -15298.937821 -21705.818377    -18.590106                    
PG28 -12917.263291  18337.231290 -13651.368361    754.678902                    
PG29  24991.888134  -3279.269297   8354.400272    335.372634                    
PG30 -13929.515710   8363.087783 -21016.783183     -5.341071                    
PG31   3092.561230 -16041.533521  20877.893591     79.448198                    
PG32  18035.606142 -16306.427820  10613.577547   -355.701636                    
PR01    367.978098 -17452.710080  18599.603430     35.027361                    
PR02 -12633.826309     89.803129  22198.342472    339.724330                    
PR03 -16675.481486  15694.825674  11315.077004    148.958346                    
PR04 -10676.944638  22209.677777  -6614.056177    283.894230                    
PR05    877.078426  15887.422438 -19941.719998     15.552657                    
PR07  16616.288665 -15989.654887 -10836.970785    -51.658572                    
PR08  11068.362082 -22192.829608   5999.790592     20.468436                    
PR09  14969.716054  11219.158261  17325.056354     38.877474                    
PR10   9446.956258  -5003.957571  23146.800163     35.779877                    
PR11  -1586.407843 -20051.881172  15736.118407    -47.178832                    
PR13 -15060.439942 -11889.268229 -16821.337567    -16.865508                    
PR14  -9700.613592   5051.354480 -23025.984420     33.043879                    
PR15  -1275.300199  17129.172016 -18885.691642    -19.190808                    
PR16  11664.659962  22749.335428   -459.824372    106.497510                    
PR17 -22806.888638   3607.883048  10801.031778    180.587910                    
PR18  -8997.494516   9448.313100  21943.918934     27.248042                    
PR19   9774.889428  10345.656349  21171.686230    -61.542800                    
PR20  24018.020916   5071.427001   6869.298782   -359.184240                    
PR21  22610.724699  -3772.811258 -11222.077442    -14.692528                    
PR22   6348.574532  -9844.348875 -22637.729279    -64.669310                    
PR23 -14381.255038  -9439.741328 -18837.562041    190.938807                    
PR24 -24563.691687  -4082.821968  -5572.430190   -173.797364                    
*  2018 11 15 23 30  0.00000000                                                 
PG01 -22722.415745 -14042.275623    715.519096   -114.879762                    
PG02   7909.985967  18800.946327  17705.710836    -59.696097                    
PG03 -13338.464177 -11576.854276  19818.189281    160.674192                    
PG05   3676.339690  25567.944432  -5818.713938     -0.176613                    
PG06  -7056.496239  13224.730001  21959.114434    332.894528                    
PG07 -22496.228281  -3103.818078 -13900.293309     87.808628                    
PG08 -10458.200061 -11219.711082 -21650.751492   -122.316012                    
PG09 -24258.070615   5622.978157   9210.247490    492.143410                    
PG10  11280.530435 -18597.363658 -15074.700413    163.809352                    
PG11 -22513.936863 -10562.560745  -9560.712662   -699.428804                    
PG12  10378.352110  16218.250606  18183.458106    291.843097                    
PG13   1824.693435  15293.753508 -21750.612094    -84.372554                    
PG14  13480.427321 -17274.996101  15184.619913    -95.759626                    
PG15  14996.310740   8614.712478 -20486.318273   -339.656758                    
PG16    -40.358700 -25881.086097  -5014.582965     -1.328600                    
PG17 -20799.207198  14876.885016   7345.088537    -30.979399                    
PG18 -17896.290463 -17740.632602  -9101.427574     79.712969                    
PG19 -14256.856921  16500.728944  14950.435884   -383.351204                    
PG20  14506.161759  -9400.797209 -20259.875515    518.743459                    
PG21  20884.900053  -1092.848003 -15533.423150   -303.723530                    
PG22 -11808.605909 -18559.218817  15141.355745   -574.849819                    
PG23 -20976.118215  -2365.126217  16666.740513   -206.103772                    
PG24  21269.334571  15679.564987  -4163.804811    -58.198055                    
PG25  14680.249859   3256.611297  21723.491215   -677.362460                    
PG26   4534.730764 -25474.259496   5621.859249     40.448965                    
PG27    657.803881 -16300.986200 -20984.016982    -18.594884                    
PG28 -12777.168651  16557.749953 -15787.131478    754.680562                    
PG29  24030.245058  -2709.150839  10965.116125    335.365511                    
PG30 -15773.534842   6875.447175 -20254.881408     -5.346246                    
PG31   5098.880028 -14672.820955  21520.881083     79.445833                    
PG32  19100.961822 -16553.653451   8037.738225   -355.688837                    
PR01   1396.357475 -19363.568160  16548.426378     35.028884                    
PR02 -11163.636624  -2260.357070  22858.253940    339.726368                    
PR03 -15767.780395  14427.031211  13990.810231    148.959653                    
PR04 -10881.885670  22814.904809  -3485.077853    283.894569                    
PR05   -259.028118  17946.102938 -18132.867332     15.553095                    
PR07  15733.860796 -14758.175000 -13556.524770    -51.659500                    
PR08  11231.427367 -22726.105360   2850.975012     20.468616                    
PR09  15990.591433  12936.940595  15059.933431     38.879034                    
PR10  10794.158636  -2492.016349  22957.191613     35.780291                    
PR11   -681.931166 -18187.311936  17914.731326    -47.180161                    
PR13 -16104.522367 -13514.845346 -14459.912395    -16.865562                    
PR14 -11058.583240   2564.295833 -22825.474088     33.044378                    
PR15  -2338.421588  14935.825272 -20561.610308    -19.190157                    
PR16  11665.578234  22460.730961  -3645.949072    106.497864                    
PR17 -23962.107330   3743.563212   7843.037519    180.590239                    
PR18 -11626.284722   9456.695932  20671.296664     27.248223                    
PR19   7095.567172  10142.984520  22306.047597    -61.543376                    
PR20  22993.085056   4824.699473   9894.977611   -359.185841                    
PR21  23819.802731  -3920.374659  -8290.333162    -14.694456                    
PR22   9091.194432  -9815.519961 -21685.800132    -64.669402                    
PR23 -11953.356321  -9258.266374 -20548.010998    190.940505                    
PR24 -23694.362780  -3858.903241  -8655.292344   -173.798264                    
*  2018 11 15 23 45  0.00000000                                                 
PG01 -22567.944189 -14178.416694  -2145.874496   -114.884642                    
PG02   6070.364815  17998.298876  19231.739199    -59.706065                    
PG03 -13197.013978 -13771.602521  18472.052006    160.677690                    
PG05   3383.742526  26069.068228  -3036.943229     -0.176640                    
PG06  -9208.729835  11956.549575  21890.536462    332.888787                    
PG07 -23658.397170  -4040.595066 -11620.871324     87.802602                    
PG08  -8304.844781 -12484.575586 -21874.961961   -122.316644                    
PG09 -23340.952307   4807.135396  11694.320707    492.140443                    
PG10  11448.553778 -16747.141767 -17005.339092    163.805347                    
PG11 -21307.454589 -10793.259477 -11931.370929   -699.425184                    
PG12  10116.326639  18205.452592  16396.034137    291.840415                    
PG13   -438.161966  16179.369785 -21168.857740    -84.371939                    
PG14  14990.189087 -17759.105217  12995.167999    -95.759000                    
PG15  13105.024094   9987.852850 -21121.795756   -339.655719                    
PG16    209.765002 -26253.559046  -2124.214009     -1.330809                    
PG17 -21449.620737  14992.499422   4543.966135    -30.974961                    
PG18 -16801.809159 -17416.308623 -11590.768752     79.716095                    
PG19 -15801.158807  17013.381697  12708.709781   -383.347858                    
PG20  14840.729732  -7075.596650 -20966.104160    518.743853                    
PG21  22363.176480    -50.344439 -13475.763526   -303.718438                    
PG22 -11638.934707 -20157.126756  13057.610575   -574.858515                    
PG23 -19378.925509  -3475.002837  18316.145222   -206.102780                    
PG24  20598.187978  15637.755790  -6866.653078    -58.198188                    
PG25  14618.406608   5749.529399  21268.626704   -677.367450                    
PG26   4816.417040 -24675.064024   8319.652037     40.458892                    
PG27   2721.902357 -17373.784887 -19901.947339    -18.599599                    
PG28 -12712.426686  14539.029345 -17639.979600    754.681696                    
PG29  22844.060348  -1962.801833  13386.947851    335.358331                    
PG30 -17599.704943   5540.365421 -19145.102969     -5.351347                    
PG31   7213.750055 -13384.755021  21792.779072     79.443556                    
PG32  19891.588590 -16707.628601   5322.985595   -355.676062                    
PR01   2163.930889 -21099.249308  14175.883731     35.029588                    
PR02  -9843.916534  -4759.804910  23075.863868    339.727307                    
PR03 -14811.513951  12819.380714  16395.925748    148.960207                    
PR04 -10864.491184  23087.232618   -288.456520    283.895499                    
PR05  -1129.789754  19865.093918 -15972.042569     15.554173                    
PR07  14796.517509 -13182.533833 -16011.820244    -51.660263                    
PR08  11176.431617 -22922.264784   -353.210952     20.468602                    
PR09  16972.918387  14326.641585  12501.753102     38.880950                    
PR10  12297.827252   -129.613798  22320.833941     35.781423                    
PR11    486.987429 -16184.785359  19746.600218    -47.181301                    
PR13 -17096.419572 -14802.157547 -11817.893080    -16.866400                    
PR14 -12565.803074    226.624250 -22180.890821     33.044779                    
PR15  -3659.042294  12673.405090 -21838.801670    -19.192027                    
PR16  11432.330688  21850.305425  -6761.760063    106.498819                    
PR17 -24730.878047   3948.823817   4732.348075    180.592899                    
PR18 -14066.033135   9655.511324  18998.354638     27.248608                    
PR19   4295.772816  10146.881248  23007.349045    -61.544624                    
PR20  21592.240473   4664.143148  12728.088847   -359.187146                    
PR21  24644.606744  -4142.364065  -5197.838140    -14.696253                    
PR22  11686.107097  -9988.241355 -20311.373930    -64.669040                    
PR23  -9333.256786  -9268.420789 -21859.538041    190.942345                    
PR24 -22442.569197  -3716.030665 -11570.235106   -173.798756                    
EOF                                     
