Timestamp,R_A,R_B,Delta_H_km,GM,Error_Pct,Term_Time,Term_Kinetic,Term_Potential
1457918850,23581811.25527308,25582365.019379806,2000.554,4.06197e14,1.9059,2.66928e6,-1.32227e6,3.31614e-9
1457918880,23579215.337229207,25598880.234877337,2019.665,3.86234e14,3.1025,2.62652e6,-1.33417e6,3.34602e-9
1457918910,23576720.575338673,25615431.319070343,2038.711,4.00017e14,0.3555,2.69637e6,-1.34601e6,3.37575e-9
1457918940,23574327.070194695,25632017.849108428,2057.691,4.02168e14,0.8950,2.72730e6,-1.35779e6,3.40532e-9
1457918970,23572034.91836939,25648639.40278825,2076.604,3.89686e14,2.2365,2.70796e6,-1.36950e6,3.43473e-9
1457919000,23569844.212403234,25665295.558568154,2095.451,4.07321e14,2.1878,2.79210e6,-1.38115e6,3.46397e-9
1457919030,23567755.04079127,25681985.895582467,2114.231,4.09953e14,2.8482,2.82472e6,-1.39273e6,3.49306e-9
1457919060,23565767.48798502,25698709.993656572,2132.943,3.93089e14,1.3827,2.78869e6,-1.40424e6,3.52197e-9
1457919090,23563881.634371676,25715467.43332035,2151.586,3.90770e14,1.9644,2.80321e6,-1.41569e6,3.55073e-9
1457919120,23562097.556269087,25732257.79582221,2170.160,4.05044e14,1.6166,2.87686e6,-1.42708e6,3.57932e-9
1457919150,23560415.325917307,25749080.66314286,2188.665,4.10702e14,3.0359,2.92010e6,-1.43839e6,3.60774e-9
1457919180,23558835.01147073,25765935.61800878,2207.101,4.04712e14,1.5331,2.92117e6,-1.44964e6,3.63599e-9
1457919210,23557356.676990576,25782822.2439056,2225.466,4.18420e14,4.9724,2.99395e6,-1.46083e6,3.66407e-9
1457919240,23555980.382437825,25799740.125091102,2243.760,4.11052e14,3.1237,2.98954e6,-1.47194e6,3.69198e-9
1457919270,23554706.183666557,25816688.84660827,2261.983,3.88975e14,2.4149,2.92987e6,-1.48299e6,3.71973e-9
1457919300,23553534.13241782,25833667.99429788,2280.134,3.97076e14,0.3825,2.98193e6,-1.49397e6,3.74730e-9
1457919330,23552464.276309706,25850677.154816296,2298.213,3.90530e14,2.0246,2.97901e6,-1.50488e6,3.77470e-9
1457919360,23551496.658845007,25867715.915631935,2316.219,3.92530e14,1.5230,3.00809e6,-1.51572e6,3.80192e-9
1457919390,23550631.319393355,25884783.865053214,2334.153,4.02419e14,0.9579,3.06734e6,-1.52649e6,3.82897e-9
1457919420,23549868.293191005,25901880.5922355,2352.012,3.85434e14,3.3032,3.02337e6,-1.53719e6,3.85585e-9
1457919450,23549207.611336887,25919005.687192816,2369.798,3.85813e14,3.2081,3.04576e6,-1.54782e6,3.88255e-9
1457919480,23548649.30078911,25936158.740809504,2387.509,3.82190e14,4.1170,3.05239e6,-1.55838e6,3.90907e-9
1457919510,23548193.384361874,25953339.344851684,2405.146,3.65943e14,8.1929,3.00901e6,-1.56887e6,3.93542e-9
1457919540,23547839.880722918,25970547.09197843,2422.707,3.72658e14,6.5084,3.05561e6,-1.57929e6,3.96158e-9
1457919570,23547588.804391365,25987781.575752795,2440.193,3.90854e14,1.9434,3.14820e6,-1.58964e6,3.98757e-9
1457919600,23547440.16573603,26005042.39065272,2457.602,3.89914e14,2.1792,3.16479e6,-1.59992e6,4.01338e-9
1457919630,23547393.97098079,26022329.132072844,2474.935,3.89223e14,2.3527,3.18220e6,-1.61012e6,4.03901e-9
1457919660,23547450.222183716,26039641.396362163,2492.191,4.03399e14,1.2039,3.25985e6,-1.62025e6,4.06446e-9
1457919690,23547608.917256948,26056978.78080706,2509.370,3.98575e14,0.0065,3.26037e6,-1.63031e6,4.08972e-9
1457919720,23547870.04996042,26074340.883650146,2526.471,3.97733e14,0.2176,3.27689e6,-1.64030e6,4.11481e-9
1457919750,23548233.609902542,26091727.30410014,2543.494,4.02004e14,0.8538,3.31439e6,-1.65022e6,4.13971e-9
1457919780,23548699.58254138,26109137.642341502,2560.438,3.98871e14,0.0679,3.32112e6,-1.66006e6,4.16442e-9
1457919810,23549267.949186273,26126571.499543965,2577.304,3.92529e14,1.5233,3.31411e6,-1.66982e6,4.18896e-9
1457919840,23549938.686999958,26144028.477871805,2594.090,3.94845e14,0.9421,3.34312e6,-1.67952e6,4.21330e-9
1457919870,23550711.769001078,26161508.180493005,2610.796,4.00157e14,0.3906,3.38479e6,-1.68914e6,4.23747e-9
1457919900,23551587.164067164,26179010.211588204,2627.423,3.95666e14,0.7362,3.38479e6,-1.69868e6,4.26144e-9
1457919930,23552564.83693385,26196534.176368967,2643.969,3.97503e14,0.2754,3.41155e6,-1.70816e6,4.28523e-9
1457919960,23553644.748211954,26214079.681057185,2660.435,3.93444e14,1.2936,3.41284e6,-1.71755e6,4.30884e-9
1457919990,23554826.85437867,26231646.33292286,2676.819,3.89713e14,2.2298,3.41521e6,-1.72688e6,4.33225e-9
1457920020,23556111.107786637,26249233.740282986,2693.123,3.87713e14,2.7315,3.42480e6,-1.73612e6,4.35548e-9
1457920050,23557497.45666908,26266841.512509704,2709.344,4.03701e14,1.2796,3.51291e6,-1.74530e6,4.37852e-9
1457920080,23558985.845145516,26284469.260038346,2725.483,4.02728e14,1.0354,3.52695e6,-1.75439e6,4.40137e-9
1457920110,23560576.21322787,26302116.594375264,2741.540,3.95849e14,0.6903,3.51466e6,-1.76342e6,4.42403e-9
1457920140,23562268.49682701,26319783.12810554,2757.515,4.00979e14,0.5967,3.55531e6,-1.77236e6,4.44650e-9
1457920170,23564062.627759725,26337468.47490051,2773.406,3.95358e14,0.8134,3.54800e6,-1.78123e6,4.46878e-9
1457920200,23565958.533756163,26355172.24952507,2789.214,4.04139e14,1.3895,3.60496e6,-1.79003e6,4.49087e-9
1457920230,23567956.138465896,26372894.06783704,2804.938,4.05213e14,1.6590,3.62738e6,-1.79875e6,4.51277e-9
1457920260,23570055.361471884,26390633.546818543,2820.578,4.01427e14,0.7092,3.62765e6,-1.80739e6,4.53448e-9
1457920290,23572256.118293382,26408390.304558363,2836.134,4.02531e14,0.9861,3.64988e6,-1.81595e6,4.55600e-9
1457920320,23574558.320397027,26426163.96026654,2851.606,3.97354e14,0.3127,3.64326e6,-1.82444e6,4.57733e-9
1457920350,23576961.875206437,26443954.134280857,2866.992,4.00427e14,0.4583,3.67420e6,-1.83286e6,4.59846e-9
1457920380,23579466.68611225,26461760.448073126,2882.294,4.07370e14,2.2001,3.72300e6,-1.84119e6,4.61940e-9
1457920410,23582072.652482584,26479582.524255432,2897.510,4.05787e14,1.8028,3.73236e6,-1.84945e6,4.64015e-9
1457920440,23584779.669673964,26497419.9865861,2912.640,3.99191e14,0.1481,3.71815e6,-1.85764e6,4.66070e-9
1457920470,23587587.629042614,26515272.45997555,2927.685,3.97632e14,0.2431,3.72708e6,-1.86574e6,4.68107e-9
1457920500,23590496.417956233,26533139.570492085,2942.643,3.88378e14,2.5645,3.69963e6,-1.87377e6,4.70123e-9
1457920530,23593505.919810593,26551020.945373207,2957.515,3.87170e14,2.8676,3.70964e6,-1.88172e6,4.72121e-9
1457920560,23596616.014028464,26568916.21301318,2972.300,3.94205e14,1.1026,3.75852e6,-1.88960e6,4.74099e-9
1457920590,23599826.57608648,26586825.002986215,2986.998,4.04565e14,1.4963,3.82336e6,-1.89740e6,4.76058e-9
1457920620,23603137.47752412,26604746.9460459,3001.609,4.05827e14,1.8130,3.84496e6,-1.90512e6,4.77997e-9
1457920650,23606548.585957572,26622681.674130213,3016.133,3.98943e14,0.0859,3.82735e6,-1.91276e6,4.79917e-9
1457920680,23610059.765094023,26640628.820366442,3030.569,3.92414e14,1.5520,3.81105e6,-1.92032e6,4.81818e-9
1457920710,23613670.874746338,26658588.019075997,3044.917,3.92152e14,1.6178,3.82465e6,-1.92781e6,4.83699e-9
1457920740,23617381.770848174,26676558.905779045,3059.177,4.05536e14,1.7400,3.90434e6,-1.93522e6,4.85560e-9
1457920770,23621192.305469416,26694541.117199004,3073.349,4.04565e14,1.4963,3.91441e6,-1.94256e6,4.87402e-9
1457920800,23625102.32683209,26712534.291266903,3087.432,4.03803e14,1.3052,3.92532e6,-1.94981e6,4.89225e-9
1457920830,23629111.679324873,26730538.067122143,3101.426,4.11448e14,3.2232,3.97732e6,-1.95699e6,4.91028e-9
1457920860,23633220.20352499,26748552.085127287,3115.332,4.04491e14,1.4779,3.95747e6,-1.96409e6,4.92812e-9
1457920890,23637427.736209907,26766575.986861482,3129.148,3.91503e14,1.7807,3.90739e6,-1.97111e6,4.94576e-9
1457920920,23641734.11037637,26784609.41512759,3142.875,4.01172e14,0.6451,3.96916e6,-1.97806e6,4.96321e-9
1457920950,23646139.155258186,26802652.01395594,3156.513,4.10978e14,3.1052,4.03178e6,-1.98492e6,4.98046e-9
1457920980,23650642.696344238,26820703.428607803,3170.061,4.08506e14,2.4850,4.03323e6,-1.99171e6,4.99752e-9
1457921010,23655244.555397034,26838763.305578865,3183.519,4.01460e14,0.7173,4.01150e6,-1.99843e6,5.01438e-9
1457921040,23659944.550471403,26856831.29260246,3196.887,4.02389e14,0.9505,4.02950e6,-2.00506e6,5.03105e-9
1457921070,23664742.49593367,26874907.038652737,3210.165,4.04366e14,1.4465,4.05267e6,-2.01162e6,5.04753e-9
1457921100,23669638.202481132,26892990.193947747,3223.352,3.97125e14,0.3702,4.02906e6,-2.01810e6,5.06381e-9
1457921130,23674631.47715758,26911080.4099529,3236.449,3.98517e14,0.0210,4.04892e6,-2.02450e6,5.07989e-9
1457921160,23679722.123386785,26929177.33938194,3249.455,4.03192e14,1.1518,4.08541e6,-2.03083e6,5.09578e-9
1457921190,23684909.940979593,26947280.636201277,3262.371,3.99741e14,0.2861,4.08034e6,-2.03708e6,5.11148e-9
1457921220,23690194.726159055,26965389.955632083,3275.195,3.85200e14,3.3618,4.01816e6,-2.04325e6,5.12698e-9
1457921250,23695576.27158153,26983504.95415267,3287.929,3.85896e14,3.1872,4.03373e6,-2.04934e6,5.14229e-9
1457921280,23701054.36635815,27001625.28950084,3300.571,3.91061e14,1.8915,4.07222e6,-2.05536e6,5.15741e-9
1457921310,23706628.79607655,27019750.620676164,3313.122,4.00012e14,0.3541,4.13029e6,-2.06130e6,5.17233e-9
1457921340,23712299.342822928,27037880.607941993,3325.581,4.03933e14,1.3378,4.16238e6,-2.06716e6,5.18706e-9
1457921370,23718065.78520441,27056014.912827555,3337.949,3.93808e14,1.2024,4.12137e6,-2.07295e6,5.20160e-9
1457921400,23723927.89837174,27074153.19812978,3350.225,3.93308e14,1.3279,4.13012e6,-2.07866e6,5.21594e-9
1457921430,23729885.45404764,27092295.127916805,3362.410,3.85873e14,3.1930,4.10244e6,-2.08429e6,5.23009e-9
1457921460,23735938.220533356,27110440.367524475,3374.502,4.06659e14,2.0218,4.22238e6,-2.08984e6,5.24405e-9
1457921490,23742085.962749157,27128588.58356327,3386.503,4.16069e14,4.3824,4.28293e6,-2.09532e6,5.25782e-9
1457921520,23748328.442252647,27146739.443918046,3398.411,3.93507e14,1.2778,4.17506e6,-2.10073e6,5.27139e-9
1457921550,23754665.41726298,27164892.61774942,3410.227,3.83963e14,3.6723,4.13521e6,-2.10605e6,5.28477e-9
1457921580,23761096.642685235,27183047.775495097,3421.951,3.89680e14,2.2380,4.17581e6,-2.11130e6,5.29797e-9
1457921610,23767621.870135166,27201204.588871084,3433.583,3.90046e14,2.1462,4.18800e6,-2.11648e6,5.31097e-9
1457921640,23774240.847964127,27219362.730872754,3445.122,3.78187e14,5.1212,4.13496e6,-2.12158e6,5.32378e-9
1457921670,23780953.321284257,27237521.875775877,3456.569,3.92695e14,1.4816,4.22218e6,-2.12660e6,5.33640e-9
1457921700,23787759.031993963,27255681.699137475,3467.923,4.01485e14,0.7238,4.27903e6,-2.13155e6,5.34883e-9
1457921730,23794657.718803484,27273841.87779639,3479.184,3.96226e14,0.5958,4.26062e6,-2.13642e6,5.36107e-9
1457921760,23801649.11726138,27292002.089875024,3490.353,4.06833e14,2.0654,4.32718e6,-2.14122e6,5.37312e-9
1457921790,23808732.959779914,27310162.014778774,3501.429,3.97018e14,0.3970,4.28388e6,-2.14594e6,5.38499e-9
1457921820,23815908.97566174,27328321.333196927,3512.412,3.86310e14,3.0834,4.23537e6,-2.15059e6,5.39666e-9
1457921850,23823176.891126502,27346479.727103136,3523.303,4.07840e14,2.3181,4.36082e6,-2.15516e6,5.40815e-9
1457921880,23830536.429337643,27364636.879755724,3534.100,4.13728e14,3.7951,4.40183e6,-2.15966e6,5.41945e-9
1457921910,23837987.310429476,27382792.47569798,3544.805,3.97935e14,0.1668,4.32509e6,-2.16408e6,5.43057e-9
1457921940,23845529.251534387,27400946.200758267,3555.417,3.93604e14,1.2536,4.31022e6,-2.16843e6,5.44149e-9
1457921970,23853161.96681027,27419097.74205015,3565.936,3.97685e14,0.2297,4.34097e6,-2.17270e6,5.45223e-9
1457922000,23860885.167468105,27437246.787972298,3576.362,3.95888e14,0.6806,4.33955e6,-2.17690e6,5.46279e-9
1457922030,23868698.561795376,27455393.028201357,3586.694,3.93588e14,1.2576,4.33520e6,-2.18103e6,5.47316e-9
1457922060,23876601.8551975,27473536.15371359,3596.934,4.04887e14,1.5771,4.40522e6,-2.18508e6,5.48334e-9
1457922090,23884594.75021271,27491675.856762882,3607.081,4.09443e14,2.7201,4.43827e6,-2.18906e6,5.49334e-9
1457922120,23892676.946544543,27509811.83088729,3617.135,4.02191e14,0.9007,4.40629e6,-2.19297e6,5.50316e-9
1457922150,23900848.141090278,27527943.77090863,3627.096,4.01453e14,0.7156,4.40993e6,-2.19681e6,5.51280e-9
1457922180,23909108.02796951,27546071.372931875,3636.963,4.01423e14,0.7081,4.41732e6,-2.20057e6,5.52225e-9
1457922210,23917456.298552927,27564194.334344607,3646.738,3.95639e14,0.7431,4.39274e6,-2.20426e6,5.53152e-9
1457922240,23925892.641491093,27582312.353816267,3656.420,3.85394e14,3.3133,4.34319e6,-2.20787e6,5.54061e-9
1457922270,23934416.74274353,27600425.131297458,3666.008,3.88343e14,2.5734,4.36653e6,-2.21142e6,5.54951e-9
1457922300,23943028.285607804,27618532.36801905,3675.504,3.92638e14,1.4959,4.39727e6,-2.21489e6,5.55824e-9
1457922330,23951726.950750154,27636633.766511027,3684.907,3.86796e14,2.9614,4.37151e6,-2.21829e6,5.56679e-9
1457922360,23960512.416230936,27654729.030541066,3694.217,3.83600e14,3.7634,4.36025e6,-2.22162e6,5.57515e-9
1457922390,23969384.35753788,27672817.865173943,3703.434,3.88501e14,2.5337,4.39402e6,-2.22488e6,5.58334e-9
1457922420,23978342.447614573,27690899.976751093,3712.558,4.00072e14,0.3691,4.46501e6,-2.22807e6,5.59135e-9
1457922450,23987386.356890198,27708975.07288968,3721.589,3.86580e14,3.0156,4.39572e6,-2.23119e6,5.59919e-9
1457922480,23996515.753309418,27727042.86248144,3730.527,3.79334e14,4.8335,4.36110e6,-2.23423e6,5.60684e-9
1457922510,24005730.302362327,27745103.055691723,3739.373,3.89097e14,2.3842,4.42173e6,-2.23721e6,5.61432e-9
1457922540,24015029.667114593,27763155.363958195,3748.126,3.88082e14,2.6388,4.42177e6,-2.24012e6,5.62163e-9
1457922570,24024413.508237507,27781199.499989633,3756.786,3.93039e14,1.3952,4.45528e6,-2.24296e6,5.62876e-9
1457922600,24033881.48403837,27799235.177764613,3765.354,4.07320e14,2.1877,4.54127e6,-2.24572e6,5.63571e-9
1457922630,24043433.25049769,27817262.112498302,3773.829,4.09092e14,2.6322,4.55673e6,-2.24842e6,5.64250e-9
1457922660,24053068.461278114,27835280.020738915,3782.212,4.04791e14,1.5531,4.53776e6,-2.25105e6,5.64911e-9
1457922690,24062786.767776627,27853288.6202682,3790.502,4.00945e14,0.5882,4.52118e6,-2.25361e6,5.65554e-9
1457922720,24072587.81914817,27871287.630131263,3798.700,3.94083e14,1.1332,4.48733e6,-2.25611e6,5.66181e-9
1457922750,24082471.262336206,27889276.770634606,3806.806,3.92350e14,1.5680,4.48234e6,-2.25853e6,5.66790e-9
1457922780,24092436.74210346,27907255.763344236,3814.819,3.95983e14,0.6567,4.50763e6,-2.26089e6,5.67383e-9
1457922810,24102483.9010627,27925224.331083603,3822.740,4.04967e14,1.5972,4.56322e6,-2.26318e6,5.67958e-9
1457922840,24112612.37970748,27943182.197931506,3830.570,3.99415e14,0.2044,4.53615e6,-2.26540e6,5.68517e-9
1457922870,24122821.81644294,27961129.089219987,3838.307,3.96275e14,0.5834,4.52260e6,-2.26756e6,5.69059e-9
1457922900,24133111.84761667,27979064.73153214,3845.953,3.99986e14,0.3476,4.54790e6,-2.26965e6,5.69584e-9
1457922930,24143482.107540414,27996988.852738082,3853.507,3.94647e14,0.9919,4.52152e6,-2.27167e6,5.70092e-9
1457922960,24153932.228549063,28014901.18187514,3860.969,3.99372e14,0.1934,4.55238e6,-2.27363e6,5.70584e-9
1457922990,24164461.8410032,28032801.449263327,3868.340,4.06215e14,1.9104,4.59525e6,-2.27552e6,5.71059e-9
1457923020,24175070.573329028,28050689.38646529,3875.619,4.04648e14,1.5172,4.58998e6,-2.27735e6,5.71518e-9
1457923050,24185758.052049186,28068564.726284154,3882.807,4.09447e14,2.7212,4.62098e6,-2.27911e6,5.71960e-9
1457923080,24196523.90181348,28086427.20276152,3889.903,4.02131e14,0.8857,4.58254e6,-2.28080e6,5.72386e-9
1457923110,24207367.74542966,28104276.551175274,3896.909,3.94775e14,0.9597,4.54369e6,-2.28243e6,5.72796e-9
1457923140,24218289.203894094,28122112.508037426,3903.823,3.95738e14,0.7182,4.55233e6,-2.28400e6,5.73190e-9
1457923170,24229287.89642253,28139934.8110919,3910.647,4.01917e14,0.8320,4.59077e6,-2.28550e6,5.73568e-9
1457923200,24240363.440480754,28157743.19931223,3917.380,3.95093e14,0.8800,4.55450e6,-2.28694e6,5.73930e-9
1457923230,24251515.45181707,28175537.412861954,3924.022,3.85455e14,3.2980,4.50189e6,-2.28832e6,5.74276e-9
1457923260,24262743.544487305,28193317.193207294,3930.574,3.96182e14,0.6067,4.56612e6,-2.28963e6,5.74606e-9
1457923290,24274047.330891073,28211082.28299934,3937.035,3.95976e14,0.6585,4.56742e6,-2.29088e6,5.74920e-9
1457923320,24285426.42180051,28228832.426108595,3943.406,3.93756e14,1.2154,4.55703e6,-2.29207e6,5.75218e-9
1457923350,24296880.426390816,28246567.36762221,3949.687,3.92020e14,1.6509,4.54928e6,-2.29320e6,5.75502e-9
1457923380,24308408.95227071,28264286.853841092,3955.878,3.92055e14,1.6422,4.55159e6,-2.29426e6,5.75769e-9
1457923410,24320011.6055129,28281990.632277045,3961.979,3.96460e14,0.5369,4.57896e6,-2.29526e6,5.76021e-9
1457923440,24331687.990684494,28299678.451649807,3967.990,3.98744e14,0.0359,4.59400e6,-2.29621e6,5.76258e-9
1457923470,24343437.71087731,28317350.061884094,3973.912,3.93931e14,1.1714,4.56802e6,-2.29709e6,5.76479e-9
1457923500,24355260.367738154,28335005.21410657,3979.745,3.84471e14,3.5449,4.51509e6,-2.29791e6,5.76686e-9
1457923530,24367155.561509296,28352643.66067596,3985.488,3.84906e14,3.4355,4.51910e6,-2.29867e6,5.76877e-9
1457923560,24379122.891026996,28370265.15507786,3991.142,3.92013e14,1.6527,4.56149e6,-2.29937e6,5.77053e-9
1457923590,24391161.95378334,28387869.4520242,3996.707,3.91306e14,1.8299,4.55869e6,-2.30001e6,5.77214e-9
1457923620,24403272.34594598,28405456.307417177,4002.184,3.93288e14,1.3328,4.57128e6,-2.30059e6,5.77361e-9
1457923650,24415453.662388157,28423025.478346415,4007.572,3.95992e14,0.6545,4.58794e6,-2.30112e6,5.77492e-9
1457923680,24427705.496718537,28440576.723086026,4012.871,3.96633e14,0.4936,4.59257e6,-2.30158e6,5.77609e-9
1457923710,24440027.441311102,28458109.801091723,4018.082,3.99431e14,0.2083,4.60954e6,-2.30199e6,5.77712e-9
1457923740,24452419.087334733,28475624.472997885,4023.205,4.02604e14,1.0043,4.62858e6,-2.30234e6,5.77799e-9
1457923770,24464880.02478285,28493120.50061454,4028.240,4.04664e14,1.5212,4.64107e6,-2.30263e6,5.77873e-9
1457923800,24477409.84250285,28510597.646924354,4033.188,4.06669e14,2.0242,4.65313e6,-2.30286e6,5.77932e-9
1457923830,24490008.128205575,28528055.67604973,4038.048,4.03019e14,1.1085,4.63240e6,-2.30304e6,5.77977e-9
1457923860,24502674.468555942,28545494.353341945,4042.820,4.00038e14,0.3608,4.61541e6,-2.30316e6,5.78007e-9
1457923890,24515408.44914043,28562913.445285365,4047.505,3.96571e14,0.5092,4.59550e6,-2.30323e6,5.78024e-9
1457923920,24528209.65451581,28580312.719524056,4052.103,3.88140e14,2.6242,4.54679e6,-2.30324e6,5.78026e-9
1457923950,24541077.668237906,28597691.944858465,4056.614,3.98306e14,0.0738,4.60546e6,-2.30319e6,5.78015e-9
1457923980,24554012.072890155,28615050.89124186,4061.039,3.99075e14,0.1191,4.60970e6,-2.30309e6,5.77990e-9
1457924010,24567012.450112104,28632389.329776976,4065.377,4.01237e14,0.6613,4.62188e6,-2.30293e6,5.77951e-9
1457924040,24580078.38062767,28649707.032712515,4069.629,3.98875e14,0.0689,4.60782e6,-2.30272e6,5.77898e-9
1457924070,24593209.44427341,28667003.773439605,4073.794,3.84280e14,3.5928,4.52295e6,-2.30246e6,5.77832e-9
1457924100,24606405.22002656,28684279.32648831,4077.874,3.92387e14,1.5588,4.56917e6,-2.30214e6,5.77752e-9
1457924130,24619665.286060054,28701533.467551135,4081.868,4.02939e14,1.0885,4.62939e6,-2.30177e6,5.77659e-9
1457924160,24632989.21968688,28718765.97339616,4085.777,3.99041e14,0.1106,4.60602e6,-2.30135e6,5.77553e-9
1457924190,24646376.59747152,28735976.621947225,4089.600,3.98154e14,0.1121,4.59994e6,-2.30087e6,5.77433e-9
1457924220,24659826.995230563,28753165.19225348,4093.338,4.00255e14,0.4150,4.61101e6,-2.30034e6,5.77301e-9
1457924250,24673339.9880603,28770331.46448603,4096.991,4.07763e14,2.2986,4.65318e6,-2.29976e6,5.77155e-9
1457924280,24686915.15036421,28787475.219934557,4100.560,4.08735e14,2.5426,4.65752e6,-2.29913e6,5.76996e-9
1457924310,24700552.05588023,28804596.24100402,4104.044,3.98587e14,0.0035,4.59759e6,-2.29845e6,5.76824e-9
1457924340,24714250.2777079,28821694.31121124,4107.444,4.01981e14,0.8481,4.61570e6,-2.29771e6,5.76640e-9
1457924370,24728009.388335362,28838769.215181455,4110.760,4.10198e14,2.9096,4.66148e6,-2.29693e6,5.76443e-9
1457924400,24741828.95966607,28855820.738644984,4113.992,4.07365e14,2.1989,4.64347e6,-2.29609e6,5.76233e-9
1457924430,24755708.56301523,28872848.668414753,4117.140,4.06328e14,1.9386,4.63570e6,-2.29521e6,5.76011e-9
1457924460,24769647.769229516,28889852.792441487,4120.205,4.07347e14,2.1943,4.63968e6,-2.29427e6,5.75776e-9
1457924490,24783646.148619775,28906832.899751276,4123.187,4.06905e14,2.0834,4.63514e6,-2.29329e6,5.75529e-9
1457924520,24797703.2710171,28923788.780461017,4126.086,4.07158e14,2.1468,4.63451e6,-2.29226e6,5.75270e-9
1457924550,24811818.705798514,28940720.22577471,4128.902,4.02253e14,0.9163,4.60412e6,-2.29117e6,5.74998e-9
1457924580,24825992.02191241,28957627.027979832,4131.635,3.93465e14,1.2884,4.55135e6,-2.29005e6,5.74715e-9
1457924610,24840222.78790391,28974508.980443567,4134.286,3.88869e14,2.4414,4.52261e6,-2.28887e6,5.74419e-9
1457924640,24854510.57193984,28991365.877609055,4136.855,3.91482e14,1.7857,4.53519e6,-2.28764e6,5.74112e-9
1457924670,24868854.941833787,29008197.5149917,4139.343,3.90726e14,1.9756,4.52833e6,-2.28637e6,5.73792e-9
1457924700,24883255.465070754,29025003.689175334,4141.748,3.92804e14,1.4541,4.53764e6,-2.28505e6,5.73461e-9
1457924730,24897711.708861146,29041784.197812468,4144.072,4.00533e14,0.4849,4.57922e6,-2.28369e6,5.73119e-9
1457924760,24912223.24007463,29058538.839608125,4146.316,4.04799e14,1.5550,4.60082e6,-2.28228e6,5.72765e-9
1457924790,24926789.625355083,29075267.41432861,4148.478,4.04200e14,1.4047,4.59446e6,-2.28082e6,5.72399e-9
1457924820,24941410.43111548,29091969.722793646,4150.559,4.01518e14,0.7319,4.57609e6,-2.27932e6,5.72022e-9
1457924850,24956085.223562013,29108645.566872593,4152.560,3.97465e14,0.2849,4.54982e6,-2.27778e6,5.71633e-9
1457924880,24970813.568717975,29125294.749480672,4154.481,4.02809e14,1.0560,4.57717e6,-2.27618e6,5.71234e-9
1457924910,24985595.032447513,29141917.074575275,4156.322,4.08857e14,2.5732,4.60840e6,-2.27455e6,5.70823e-9
1457924940,25000429.180479124,29158512.347152058,4158.083,4.15022e14,4.1198,4.64016e6,-2.27287e6,5.70401e-9
1457924970,25015315.578429013,29175080.37324133,4159.765,4.06328e14,1.9388,4.58709e6,-2.27115e6,5.69968e-9
1457925000,25030253.791824207,29191620.959904186,4161.367,3.87541e14,2.7746,4.47652e6,-2.26938e6,5.69525e-9
1457925030,25045243.386102296,29208133.91524081,4162.891,3.95746e14,0.7161,4.51964e6,-2.26757e6,5.69070e-9
1457925060,25060283.926705685,29224619.04834979,4164.335,4.01130e14,0.6345,4.54656e6,-2.26572e6,5.68605e-9
1457925090,25075374.97903244,29241076.16936122,4165.701,3.97378e14,0.3066,4.52145e6,-2.26383e6,5.68129e-9
1457925120,25090516.10848164,29257505.089421153,4166.989,3.97023e14,0.3958,4.51556e6,-2.26189e6,5.67643e-9
1457925150,25105706.880475268,29273905.62068796,4168.199,4.01283e14,0.6729,4.53577e6,-2.25991e6,5.67147e-9
1457925180,25120946.860479876,29290277.57632864,4169.331,3.99192e14,0.1485,4.51988e6,-2.25789e6,5.66640e-9
1457925210,25136235.61402814,29306620.770515177,4170.385,3.92479e14,1.5358,4.47774e6,-2.25583e6,5.66122e-9
1457925240,25151572.70674011,29322935.01842087,4171.362,3.99434e14,0.2092,4.51291e6,-2.25373e6,5.65595e-9
1457925270,25166957.704344258,29339220.136216648,4172.262,3.92965e14,1.4137,4.47207e6,-2.25159e6,5.65057e-9
1457925300,25182390.17269837,29355475.941067405,4173.086,3.90984e14,1.9107,4.45656e6,-2.24941e6,5.64509e-9
1457925330,25197869.67782412,29371702.25110787,4173.833,4.01050e14,0.6144,4.50892e6,-2.24719e6,5.63952e-9
1457925360,25213395.785884663,29387898.885501657,4174.503,3.97762e14,0.2104,4.48586e6,-2.24493e6,5.63385e-9
1457925390,25228968.063247792,29404065.664374843,4175.098,3.93762e14,1.2139,4.45876e6,-2.24264e6,5.62807e-9
1457925420,25244586.07649216,29420202.40883229,4175.616,3.95915e14,0.6736,4.46622e6,-2.24030e6,5.62221e-9
1457925450,25260249.392427318,29436308.940953754,4176.060,4.00408e14,0.4534,4.48671e6,-2.23792e6,5.61624e-9
1457925480,25275957.57811342,29452385.08379002,4176.428,3.98053e14,0.1373,4.46866e6,-2.23551e6,5.61018e-9
1457925510,25291710.20088081,29468430.661358904,4176.720,3.94490e14,1.0311,4.44380e6,-2.23306e6,5.60403e-9
1457925540,25307506.82834935,29484445.498641413,4176.939,4.00612e14,0.5046,4.47311e6,-2.23057e6,5.59778e-9
1457925570,25323347.028447576,29500429.42157777,4177.082,3.90095e14,2.1339,4.40924e6,-2.22805e6,5.59144e-9
1457925600,25339230.369431637,29516382.25706347,4177.152,3.89904e14,2.1819,4.40310e6,-2.22549e6,5.58501e-9
1457925630,25355156.41989989,29532303.83296518,4177.147,4.02708e14,1.0305,4.46939e6,-2.22289e6,5.57848e-9
1457925660,25371124.748824194,29548193.97805602,4177.069,3.98351e14,0.0627,4.43982e6,-2.22026e6,5.57187e-9
1457925690,25387134.925555542,29564052.522072457,4176.918,4.06152e14,1.8945,4.47789e6,-2.21759e6,5.56517e-9
1457925720,25403186.519846182,29579879.295690846,4176.693,4.14322e14,3.9441,4.51784e6,-2.21489e6,5.55838e-9
1457925750,25419279.101867527,29595674.13052378,4176.395,4.02777e14,1.0479,4.44816e6,-2.21215e6,5.55150e-9
1457925780,25435412.24222779,29611436.85911634,4176.025,4.02122e14,0.8834,4.43895e6,-2.20937e6,5.54453e-9
1457925810,25451585.511989437,29627167.314942427,4175.582,4.18482e14,4.9878,4.52390e6,-2.20657e6,5.53748e-9
1457925840,25467798.482686438,29642865.332401015,4175.067,4.16049e14,4.3775,4.50462e6,-2.20372e6,5.53034e-9
1457925870,25484050.726341244,29658530.746812467,4174.480,3.93923e14,1.1735,4.37653e6,-2.20085e6,5.52312e-9
1457925900,25500341.815481618,29674163.394414924,4173.822,3.87218e14,2.8556,4.33376e6,-2.19794e6,5.51581e-9
1457925930,25516671.32315632,29689763.112342436,4173.092,3.94179e14,1.1093,4.36630e6,-2.19500e6,5.50842e-9
1457925960,25533038.822954312,29705329.738676984,4172.291,3.93474e14,1.2862,4.35650e6,-2.19202e6,5.50095e-9
1457925990,25549443.889018014,29720863.112389207,4171.419,3.89107e14,2.3816,4.32654e6,-2.18902e6,5.49340e-9
1457926020,25565886.096060216,29736363.073352564,4170.477,3.88219e14,2.6046,4.31565e6,-2.18598e6,5.48576e-9
1457926050,25582365.019379806,29751829.46233946,4169.464,4.03055e14,1.1176,4.39086e6,-2.18290e6,5.47805e-9
1457926080,25598880.234877337,29767262.121017523,4168.382,4.08531e14,2.4913,4.41457e6,-2.17980e6,5.47026e-9
1457926110,25615431.319070343,29782660.891945798,4167.230,3.91881e14,1.6857,4.31727e6,-2.17667e6,5.46238e-9
1457926140,25632017.849108428,29798025.618570935,4166.008,3.93520e14,1.2746,4.31993e6,-2.17350e6,5.45444e-9
1457926170,25648639.40278825,29813356.145223405,4164.717,3.99847e14,0.3127,4.34804e6,-2.17031e6,5.44641e-9
1457926200,25665295.558568154,29828652.317113776,4163.357,3.93203e14,1.3540,4.30544e6,-2.16708e6,5.43831e-9
1457926230,25681985.895582467,29843913.98035264,4161.928,3.98357e14,0.0610,4.32696e6,-2.16383e6,5.43013e-9
1457926260,25698709.993656572,29859140.98187386,4160.431,3.99957e14,0.3404,4.32906e6,-2.16054e6,5.42188e-9
1457926290,25715467.43332035,29874333.16950388,4158.866,3.98496e14,0.0261,4.31451e6,-2.15723e6,5.41355e-9
1457926320,25732257.79582221,29889490.391934607,4157.233,3.97627e14,0.2442,4.30311e6,-2.15388e6,5.40515e-9
1457926350,25749080.66314286,29904612.49871983,4155.532,3.98470e14,0.0327,4.30092e6,-2.15051e6,5.39668e-9
1457926380,25765935.61800878,29919699.34027169,4153.764,4.01935e14,0.8365,4.31279e6,-2.14711e6,5.38814e-9
1457926410,25782822.2439056,29934750.767857205,4151.929,3.91142e14,1.8711,4.24784e6,-2.14368e6,5.37952e-9
1457926440,25799740.125091102,29949766.633594707,4150.027,3.90010e14,2.1552,4.23490e6,-2.14022e6,5.37084e-9
1457926470,25816688.84660827,29964746.790450323,4148.058,4.02819e14,1.0584,4.29668e6,-2.13673e6,5.36208e-9
1457926500,25833667.99429788,29979691.0922344,4146.023,4.08434e14,2.4671,4.31968e6,-2.13322e6,5.35326e-9
1457926530,25850677.154816296,29994599.393563,4143.922,4.04754e14,1.5438,4.29284e6,-2.12968e6,5.34437e-9
1457926560,25867715.915631935,30009471.549962267,4141.756,3.94498e14,1.0292,4.23092e6,-2.12611e6,5.33541e-9
1457926590,25884783.865053214,30024307.41775679,4139.524,3.90419e14,2.0524,4.20205e6,-2.12252e6,5.32639e-9
1457926620,25901880.5922355,30039106.854100704,4137.226,3.99565e14,0.2419,4.24351e6,-2.11890e6,5.31730e-9
1457926650,25919005.687192816,30053869.71697392,4134.864,4.04590e14,1.5026,4.26288e6,-2.11526e6,5.30814e-9
1457926680,25936158.740809504,30068595.865178283,4132.437,4.07767e14,2.2997,4.27231e6,-2.11158e6,5.29892e-9
1457926710,25953339.344851684,30083285.158333786,4129.946,4.18491e14,4.9901,4.32155e6,-2.10789e6,5.28964e-9
1457926740,25970547.09197843,30097937.456874747,4127.390,4.20561e14,5.5094,4.32485e6,-2.10417e6,5.28029e-9
1457926770,25987781.575752795,30112552.622046113,4124.771,4.15553e14,4.2530,4.29075e6,-2.10042e6,5.27088e-9
1457926800,26005042.39065272,30127130.51589958,4122.088,4.14650e14,4.0266,4.27829e6,-2.09665e6,5.26141e-9
1457926830,26022329.132072844,30141671.00133362,4119.342,4.13782e14,3.8087,4.26598e6,-2.09285e6,5.25187e-9
1457926860,26039641.396362163,30156173.941955283,4116.533,4.02524e14,0.9844,4.19918e6,-2.08903e6,5.24228e-9
1457926890,26056978.78080706,30170639.20221125,4113.660,3.94253e14,1.0906,4.14817e6,-2.08519e6,5.23263e-9
1457926920,26074340.883650146,30185066.647340927,4110.726,3.95534e14,0.7694,4.14716e6,-2.08132e6,5.22292e-9
1457926950,26091727.30410014,30199456.14337313,4107.729,3.97911e14,0.1731,4.15180e6,-2.07743e6,5.21315e-9
1457926980,26109137.642341502,30213807.557122875,4104.670,4.00029e14,0.3583,4.15499e6,-2.07352e6,5.20332e-9
1457927010,26126571.499543965,30228120.756188113,4101.549,4.10286e14,2.9316,4.20037e6,-2.06958e6,5.19343e-9
1457927040,26144028.477871805,30242395.608946446,4098.367,4.01498e14,0.7270,4.14678e6,-2.06562e6,5.18349e-9
1457927070,26161508.180493005,30256631.984551977,4095.124,3.89457e14,2.2939,4.07649e6,-2.06164e6,5.17349e-9
1457927100,26179010.211588204,30270829.75293201,4091.820,3.95135e14,0.8694,4.09789e6,-2.05764e6,5.16344e-9
1457927130,26196534.176368967,30284988.784739595,4088.455,3.97579e14,0.2563,4.10247e6,-2.05361e6,5.15333e-9
1457927160,26214079.681057185,30299108.95148665,4085.029,4.06786e14,2.0537,4.14174e6,-2.04957e6,5.14317e-9
1457927190,26231646.33292286,30313190.12540411,4081.544,4.04571e14,1.4979,4.12214e6,-2.04550e6,5.13295e-9
1457927220,26249233.740282986,30327232.179482486,4077.998,4.07522e14,2.2383,4.12902e6,-2.04141e6,5.12268e-9
1457927250,26266841.512509704,30341234.987468336,4074.393,4.09545e14,2.7458,4.13105e6,-2.03730e6,5.11237e-9
1457927280,26284469.260038346,30355198.42386064,4070.729,3.99116e14,0.1294,4.06946e6,-2.03317e6,5.10199e-9
1457927310,26302116.594375264,30369122.363907218,4067.006,3.96414e14,0.5485,4.04739e6,-2.02902e6,5.09157e-9
1457927340,26319783.12810554,30383006.68360119,4063.224,4.04417e14,1.4593,4.07974e6,-2.02485e6,5.08110e-9
1457927370,26337468.47490051,30396851.25967734,4059.383,4.09954e14,2.8483,4.09937e6,-2.02066e6,5.07058e-9
1457927400,26355172.24952507,30410655.969608642,4055.484,4.06296e14,1.9306,4.07231e6,-2.01645e6,5.06001e-9
1457927430,26372894.06783704,30424420.69164121,4051.527,4.08232e14,2.4164,4.07355e6,-2.01222e6,5.04939e-9
1457927460,26390633.546818543,30438145.304672014,4047.512,4.03782e14,1.3000,4.04252e6,-2.00798e6,5.03872e-9
1457927490,26408390.304558363,30451829.688364446,4043.439,4.04622e14,1.5108,4.03815e6,-2.00371e6,5.02800e-9
1457927520,26426163.96026654,30465473.723106705,4039.310,4.06305e14,1.9329,4.03796e6,-1.99943e6,5.01724e-9
1457927550,26443954.134280857,30479077.29000858,4035.123,3.96248e14,0.5901,3.97891e6,-1.99512e6,5.00644e-9
1457927580,26461760.448073126,30492640.270898327,4030.880,3.92601e14,1.5051,3.95207e6,-1.99080e6,4.99558e-9
1457927610,26479582.524255432,30506162.548319682,4026.580,3.98533e14,0.0170,3.97302e6,-1.98646e6,4.98468e-9
1457927640,26497419.9865861,30519644.005528614,4022.224,4.03753e14,1.2926,3.99026e6,-1.98210e6,4.97374e-9
1457927670,26515272.45997555,30533084.526490405,4017.812,3.99603e14,0.2515,3.96086e6,-1.97773e6,4.96276e-9
1457927700,26533139.570492085,30546483.995876506,4013.344,4.07063e14,2.1230,3.98900e6,-1.97334e6,4.95173e-9
1457927730,26551020.945373207,30559842.299030334,4008.821,4.10842e14,3.0711,3.99875e6,-1.96893e6,4.94065e-9
1457927760,26568916.21301318,30573159.322060384,4004.243,4.07084e14,2.1283,3.97124e6,-1.96450e6,4.92954e-9
1457927790,26586825.002986215,30586434.95174078,3999.610,3.97440e14,0.2911,3.91482e6,-1.96006e6,4.91838e-9
1457927820,26604746.9460459,30599669.07553913,3994.922,3.97579e14,0.2562,3.90659e6,-1.95560e6,4.90719e-9
1457927850,26622681.674130213,30612861.58161335,3990.180,4.05645e14,1.7674,3.93714e6,-1.95112e6,4.89595e-9
1457927880,26640628.820366442,30626012.358808346,3985.384,4.01762e14,0.7931,3.90911e6,-1.94663e6,4.88467e-9
1457927910,26658588.019075997,30639121.29665278,3980.533,4.04413e14,1.4583,3.91298e6,-1.94213e6,4.87335e-9
1457927940,26676558.905779045,30652188.285355784,3975.629,4.04674e14,1.5237,3.90513e6,-1.93760e6,4.86200e-9
1457927970,26694541.117199004,30665213.21580382,3970.672,4.16819e14,4.5707,3.95489e6,-1.93307e6,4.85060e-9
1457928000,26712534.291266903,30678195.97955735,3965.662,4.07729e14,2.2901,3.90158e6,-1.92851e6,4.83917e-9
1457928030,26730538.067122143,30691136.468873683,3960.598,3.80394e14,4.5675,3.76038e6,-1.92395e6,4.82770e-9
1457928060,26748552.085127287,30704034.576623674,3955.482,3.87593e14,2.7616,3.78608e6,-1.91936e6,4.81619e-9
1457928090,26766575.986861482,30716890.196368974,3950.314,3.99857e14,0.3151,3.83594e6,-1.91477e6,4.80465e-9
1457928120,26784609.41512759,30729703.222333014,3945.094,3.89316e14,2.3293,3.77617e6,-1.91016e6,4.79307e-9
1457928150,26802652.01395594,30742473.54939814,3939.822,3.89282e14,2.3378,3.76687e6,-1.90553e6,4.78145e-9
1457928180,26820703.428607803,30755201.073102597,3934.498,3.91204e14,1.8555,3.76686e6,-1.90089e6,4.76980e-9
1457928210,26838763.305578865,30767885.689637784,3929.122,3.92037e14,1.6466,3.76160e6,-1.89624e6,4.75812e-9
1457928240,26856831.29260246,30780527.295845274,3923.696,4.09790e14,2.8071,3.83660e6,-1.89157e6,4.74640e-9
1457928270,26874907.038652737,30793125.789213974,3918.219,4.01988e14,0.8500,3.79017e6,-1.88689e6,4.73465e-9
1457928300,26892990.193947747,30805681.06787723,3912.691,3.89165e14,2.3670,3.72018e6,-1.88220e6,4.72287e-9
1457928330,26911080.4099529,30818193.030586626,3907.113,3.98732e14,0.0330,3.75594e6,-1.87749e6,4.71105e-9
1457928360,26929177.33938194,30830661.576781273,3901.484,4.03381e14,1.1993,3.76834e6,-1.87278e6,4.69920e-9
1457928390,26947280.636201277,30843086.60651257,3895.806,4.06769e14,2.0493,3.77470e6,-1.86804e6,4.68732e-9
1457928420,26965389.955632083,30855468.020464506,3890.078,4.11347e14,3.1977,3.78651e6,-1.86330e6,4.67541e-9
1457928450,26983504.95415267,30867805.719950814,3884.301,4.12620e14,3.5172,3.78278e6,-1.85854e6,4.66347e-9
1457928480,27001625.28950084,30880099.606911846,3878.474,4.14187e14,3.9102,3.78036e6,-1.85378e6,4.65149e-9
1457928510,27019750.620676164,30892349.583911654,3872.599,3.98091e14,0.1277,3.69594e6,-1.84900e6,4.63949e-9
1457928540,27037880.607941993,30904555.554135032,3866.675,3.94935e14,0.9196,3.67175e6,-1.84420e6,4.62746e-9
1457928570,27056014.912827555,30916717.421384495,3860.703,3.99327e14,0.1824,3.68246e6,-1.83940e6,4.61540e-9
1457928600,27074153.19812978,30928835.090077367,3854.682,3.93066e14,1.3884,3.64399e6,-1.83459e6,4.60331e-9
1457928630,27092295.127916805,30940908.465264022,3848.613,3.97024e14,0.3956,3.65257e6,-1.82976e6,4.59119e-9
1457928660,27110440.367524475,30952937.452559803,3842.497,3.94463e14,1.0381,3.63119e6,-1.82492e6,4.57905e-9
1457928690,27128588.58356327,30964921.95820756,3836.333,3.93223e14,1.3492,3.61588e6,-1.82008e6,4.56688e-9
1457928720,27146739.443918046,30976861.889053795,3830.122,3.96742e14,0.4663,3.62225e6,-1.81522e6,4.55468e-9
1457928750,27164892.61774942,30988757.152546007,3823.865,4.14621e14,4.0192,3.69375e6,-1.81035e6,4.54245e-9
1457928780,27183047.775495097,31000607.656729974,3817.560,4.14549e14,4.0013,3.68346e6,-1.80547e6,4.53020e-9
1457928810,27201204.588871084,31012413.3102472,3811.209,3.92649e14,1.4931,3.57454e6,-1.80058e6,4.51793e-9
1457928840,27219362.730872754,31024174.022332307,3804.811,3.98598e14,0.0006,3.59162e6,-1.79568e6,4.50562e-9
1457928870,27237521.875775877,31035889.702810355,3798.368,3.95439e14,0.7932,3.56760e6,-1.79077e6,4.49330e-9
1457928900,27255681.699137475,31047560.26209431,3791.879,3.93503e14,1.2789,3.54912e6,-1.78586e6,4.48095e-9
1457928930,27273841.87779639,31059185.611165985,3785.344,4.07489e14,2.2298,3.60182e6,-1.78093e6,4.46857e-9
1457928960,27292002.089875024,31070765.661624216,3778.764,3.93500e14,1.2795,3.52950e6,-1.77599e6,4.45618e-9
1457928990,27310162.014778774,31082300.32563142,3772.138,4.01355e14,0.6911,3.55457e6,-1.77104e6,4.44376e-9
1457929020,27328321.333196927,31093789.515927322,3765.468,4.16423e14,4.4714,3.61139e6,-1.76609e6,4.43131e-9
1457929050,27346479.727103136,31105233.14582629,3758.753,3.88549e14,2.5216,3.47806e6,-1.76112e6,4.41885e-9
1457929080,27364636.879755724,31116631.129214674,3751.994,3.88794e14,2.4602,3.46932e6,-1.75615e6,4.40636e-9
1457929110,27382792.47569798,31127983.38054811,3745.191,4.14554e14,4.0025,3.57266e6,-1.75117e6,4.39385e-9
1457929140,27400946.200758267,31139289.81484888,3738.344,4.05795e14,1.8049,3.52409e6,-1.74618e6,4.38132e-9
1457929170,27419097.74205015,31150550.347703278,3731.453,4.00039e14,0.3609,3.48886e6,-1.74118e6,4.36877e-9
1457929200,27437246.787972298,31161764.895258892,3724.518,4.10212e14,2.9132,3.52314e6,-1.73617e6,4.35620e-9
1457929230,27455393.028201357,31172933.37423217,3717.540,3.96971e14,0.4088,3.45544e6,-1.73116e6,4.34361e-9
1457929260,27473536.15371359,31184055.701874685,3710.520,3.96539e14,0.5173,3.44354e6,-1.72613e6,4.33099e-9
1457929290,27491675.856762882,31195131.79600168,3703.456,4.10426e14,2.9668,3.49347e6,-1.72110e6,4.31836e-9
1457929320,27509811.83088729,31206161.574979473,3696.350,4.09819e14,2.8144,3.48063e6,-1.71606e6,4.30571e-9
1457929350,27527943.77090863,31217144.957723,3689.201,3.98224e14,0.0944,3.42061e6,-1.71102e6,4.29304e-9
1457929380,27546071.372931875,31228081.86369341,3682.010,3.95212e14,0.8502,3.39761e6,-1.70597e6,4.28036e-9
1457929410,27564194.334344607,31238972.212895572,3674.778,3.95421e14,0.7977,3.38842e6,-1.70091e6,4.26765e-9
1457929440,27582312.353816267,31249815.92587572,3667.504,4.05928e14,1.8384,3.42303e6,-1.69584e6,4.25493e-9
1457929470,27600425.131297458,31260612.923718985,3660.188,4.02848e14,1.0657,3.39972e6,-1.69076e6,4.24219e-9
1457929500,27618532.36801905,31271363.12804707,3652.831,3.96601e14,0.5016,3.36308e6,-1.68568e6,4.22943e-9
1457929530,27636633.766511027,31282066.46100964,3645.433,4.08387e14,2.4551,3.40262e6,-1.68060e6,4.21666e-9
1457929560,27654729.030541066,31292722.845301084,3637.994,4.12420e14,3.4670,3.40926e6,-1.67550e6,4.20387e-9
1457929590,27672817.865173943,31303332.20413912,3630.514,4.18801e14,5.0678,3.42562e6,-1.67040e6,4.19106e-9
1457929620,27690899.976751093,31313894.46126863,3622.994,4.07392e14,2.2055,3.36747e6,-1.66529e6,4.17824e-9
1457929650,27708975.07288968,31324409.540959287,3615.434,4.15249e14,4.1768,3.38986e6,-1.66018e6,4.16540e-9
1457929680,27727042.86248144,31334877.368003063,3607.835,4.19137e14,5.1522,3.39555e6,-1.65506e6,4.15255e-9
1457929710,27745103.055691723,31345297.867712148,3600.195,4.04016e14,1.3586,3.32244e6,-1.64994e6,4.13968e-9
1457929740,27763155.363958195,31355670.96591641,3592.516,4.01087e14,0.6239,3.30001e6,-1.64481e6,4.12680e-9
1457929770,27781199.499989633,31365996.588961184,3584.797,4.05335e14,1.6894,3.30718e6,-1.63967e6,4.11391e-9
1457929800,27799235.177764613,31376274.663704954,3577.039,4.04014e14,1.3581,3.29139e6,-1.63453e6,4.10100e-9
1457929830,27817262.112498302,31386505.117527083,3569.243,3.94088e14,1.1320,3.24044e6,-1.62938e6,4.08807e-9
1457929860,27835280.020738915,31396687.878294814,3561.408,3.89356e14,2.3192,3.21091e6,-1.62423e6,4.07514e-9
1457929890,27853288.6202682,31406822.87439159,3553.534,3.99067e14,0.1171,3.24016e6,-1.61907e6,4.06219e-9
1457929920,27871287.630131263,31416910.034705095,3545.622,4.06765e14,2.0484,3.26099e6,-1.61391e6,4.04923e-9
1457929950,27889276.770634606,31426949.28862507,3537.673,3.95304e14,0.8270,3.20428e6,-1.60874e6,4.03625e-9
1457929980,27907255.763344236,31436940.56604109,3529.685,3.96963e14,0.4108,3.20065e6,-1.60357e6,4.02326e-9
1457930010,27925224.331083603,31446883.79734055,3521.659,4.00983e14,0.5977,3.20643e6,-1.59839e6,4.01027e-9
1457930040,27943182.197931506,31456778.913406484,3513.597,3.99715e14,0.2795,3.19097e6,-1.59321e6,3.99725e-9
1457930070,27961129.089219987,31466625.845615402,3505.497,3.95337e14,0.8187,3.16313e6,-1.58802e6,3.98423e-9
1457930100,27979064.73153214,31476424.525835257,3497.360,4.15784e14,4.3109,3.23399e6,-1.58283e6,3.97120e-9
1457930130,27996988.852738082,31486174.886401203,3489.186,4.20118e14,5.3983,3.24052e6,-1.57763e6,3.95816e-9
1457930160,28014901.18187514,31495876.86018147,3480.976,3.88999e14,2.4087,3.10707e6,-1.57243e6,3.94510e-9
1457930190,28032801.449263327,31505530.380507313,3472.729,3.95152e14,0.8650,3.12098e6,-1.56723e6,3.93204e-9
1457930220,28050689.38646529,31515135.38119272,3464.446,4.08899e14,2.5838,3.16448e6,-1.56202e6,3.91896e-9
1457930250,28068564.726284154,31524691.79653217,3456.127,3.95567e14,0.7610,3.10184e6,-1.55681e6,3.90588e-9
1457930280,28086427.20276152,31534199.561298385,3447.772,4.03570e14,1.2467,3.12260e6,-1.55159e6,3.89278e-9
1457930310,28104276.551175274,31543658.610740185,3439.382,4.00353e14,0.4397,3.09962e6,-1.54637e6,3.87968e-9
1457930340,28122112.508037426,31553068.88058021,3430.956,3.84846e14,3.4508,3.02918e6,-1.54115e6,3.86657e-9
1457930370,28139934.8110919,31562430.30701284,3422.495,3.79258e14,4.8527,2.99737e6,-1.53592e6,3.85345e-9
1457930400,28157743.19931223,31571742.826701988,3414.000,3.87560e14,2.7698,3.01905e6,-1.53069e6,3.84032e-9
1457930430,28175537.412861954,31581006.37681441,3405.469,4.06934e14,2.0907,3.08287e6,-1.52546e6,3.82718e-9
1457930460,28193317.193207294,31590220.894908633,3396.904,4.01577e14,0.7467,3.05185e6,-1.52022e6,3.81403e-9
1457930490,28211082.28299934,31599386.31904205,3388.304,4.00900e14,0.5769,3.03876e6,-1.51498e6,3.80088e-9
1457930520,28228832.426108595,31608502.58773381,3379.670,4.03884e14,1.3256,3.03954e6,-1.50974e6,3.78772e-9
1457930550,28246567.36762221,31617569.639963172,3371.002,4.10862e14,3.0761,3.05531e6,-1.50449e6,3.77455e-9
1457930580,28264286.853841092,31626587.41516765,3362.301,4.18872e14,5.0858,3.07478e6,-1.49925e6,3.76137e-9
1457930610,28281990.632277045,31635555.85324146,3353.565,4.14574e14,4.0074,3.04790e6,-1.49399e6,3.74819e-9
1457930640,28299678.451649807,31644474.89453375,3344.796,4.09684e14,2.7806,3.01891e6,-1.48874e6,3.73500e-9
1457930670,28317350.061884094,31653344.479846902,3335.994,4.04245e14,1.4161,2.98800e6,-1.48348e6,3.72180e-9
1457930700,28335005.21410657,31662164.550434858,3327.159,4.09086e14,2.6306,2.99536e6,-1.47822e6,3.70860e-9
1457930730,28352643.66067596,31670935.04796133,3318.291,4.24808e14,6.5750,3.04279e6,-1.47296e6,3.69539e-9
1457930760,28370265.15507786,31679655.914621796,3309.391,4.26308e14,6.9513,3.03744e6,-1.46770e6,3.68217e-9
1457930790,28387869.4520242,31688327.093017846,3300.458,4.21328e14,5.7018,3.00826e6,-1.46243e6,3.66895e-9
1457930820,28405456.307417177,31696948.526195236,3291.492,4.15930e14,4.3476,2.97769e6,-1.45716e6,3.65573e-9
1457930850,28423025.478346415,31705520.157641917,3282.495,4.06233e14,1.9147,2.93159e6,-1.45189e6,3.64249e-9
1457930880,28440576.723086026,31714041.931286022,3273.465,4.02656e14,1.0174,2.90796e6,-1.44662e6,3.62926e-9
1457930910,28458109.801091723,31722513.79149393,3264.404,3.91468e14,1.7894,2.85690e6,-1.44134e6,3.61602e-9
1457930940,28475624.472997885,31730935.68306814,3255.311,3.91298e14,1.8320,2.84582e6,-1.43607e6,3.60277e-9
1457930970,28493120.50061454,31739307.551245436,3246.187,4.01785e14,0.7990,2.87300e6,-1.43079e6,3.58952e-9
1457931000,28510597.646924354,31747629.34169478,3237.032,3.82152e14,4.1266,2.79218e6,-1.42551e6,3.57626e-9
1457931030,28528055.67604973,31755901.00054925,3227.845,3.92717e14,1.4760,2.81948e6,-1.42023e6,3.56300e-9
1457931060,28545494.353341945,31764122.474299967,3218.628,4.04189e14,1.4019,2.84971e6,-1.41494e6,3.54974e-9
1457931090,28562913.445285365,31772293.70989861,3209.380,3.99159e14,0.1402,2.82127e6,-1.40966e6,3.53647e-9
1457931120,28580312.719524056,31780414.654721983,3200.102,4.15291e14,4.1872,2.86752e6,-1.40437e6,3.52320e-9
1457931150,28597691.944858465,31788485.25657046,3190.793,4.10026e14,2.8665,2.83824e6,-1.39908e6,3.50993e-9
1457931180,28615050.89124186,31796505.46366637,3181.455,3.89373e14,2.3149,2.75529e6,-1.39379e6,3.49665e-9
1457931210,28632389.329776976,31804475.22465254,3172.086,3.84976e14,3.4180,2.72951e6,-1.38850e6,3.48337e-9
1457931240,28649707.032712515,31812394.48859068,3162.687,4.12014e14,3.3652,2.81293e6,-1.38321e6,3.47008e-9
1457931270,28667003.773439605,31820263.204959907,3153.259,4.19133e14,5.1511,2.82677e6,-1.37792e6,3.45680e-9
1457931300,28684279.32648831,31828081.32365526,3143.802,3.95120e14,0.8732,2.73322e6,-1.37262e6,3.44351e-9
1457931330,28701533.467551135,31835848.79496338,3134.315,3.96284e14,0.5812,2.72666e6,-1.36733e6,3.43021e-9
1457931360,28718765.97339616,31843565.569631428,3124.800,4.15607e14,4.2665,2.78213e6,-1.36203e6,3.41692e-9
1457931390,28735976.621947225,31851231.59879498,3115.255,4.27096e14,7.1490,2.81041e6,-1.35673e6,3.40362e-9
1457931420,28753165.19225348,31858846.83399923,3105.682,4.20911e14,5.5971,2.77846e6,-1.35144e6,3.39032e-9
1457931450,28770331.46448603,31866411.227197442,3096.080,3.99067e14,0.1171,2.69380e6,-1.34614e6,3.37702e-9
1457931480,28787475.219934557,31873924.730749164,3086.450,3.97496e14,0.2772,2.67790e6,-1.34084e6,3.36372e-9
1457931510,28804596.24100402,31881387.29741883,3076.791,4.07509e14,2.2350,2.70086e6,-1.33554e6,3.35042e-9
1457931540,28821694.31121124,31888798.880373955,3067.105,3.88426e14,2.5526,2.62646e6,-1.33024e6,3.33711e-9
1457931570,28838769.215181455,31896159.43318369,3057.390,3.90727e14,1.9753,2.62364e6,-1.32494e6,3.32381e-9
1457931600,28855820.738644984,31903468.90981712,3047.648,3.95101e14,0.8779,2.62762e6,-1.31963e6,3.31050e-9
1457931630,28872848.668414753,31910727.26465702,3037.879,3.72657e14,6.5085,2.54306e6,-1.31433e6,3.29719e-9
1457931660,28889852.792441487,31917934.452451248,3028.082,3.75183e14,5.8749,2.54109e6,-1.30903e6,3.28388e-9
1457931690,28906832.899751276,31925090.428358447,3018.258,3.76588e14,5.5223,2.53539e6,-1.30373e6,3.27057e-9
1457931720,28923788.780461017,31932195.14793129,3008.406,3.82922e14,3.9334,2.54570e6,-1.29843e6,3.25726e-9
1457931750,28940720.22577471,31939248.567115154,2998.528,3.98076e14,0.1315,2.58446e6,-1.29312e6,3.24395e-9
1457931780,28957627.027979832,31946250.642246686,2988.624,3.95411e14,0.8001,2.56525e6,-1.28782e6,3.23064e-9
1457931810,28974508.980443567,31953201.330052502,2978.692,3.97553e14,0.2628,2.56157e6,-1.28252e6,3.21733e-9
1457931840,28991365.877609055,31960100.5876478,2968.735,4.10525e14,2.9916,2.59254e6,-1.27721e6,3.20402e-9
1457931870,29008197.5149917,31966948.372535035,2958.751,4.08884e14,2.5799,2.57654e6,-1.27191e6,3.19070e-9
1457931900,29025003.689175334,31973744.642602585,2948.741,4.17101e14,4.6414,2.59190e6,-1.26661e6,3.17739e-9
1457931930,29041784.197812468,31980489.356111377,2938.705,4.06488e14,1.9787,2.54746e6,-1.26130e6,3.16408e-9
1457931960,29058538.839608125,31987182.471730694,2928.644,4.01109e14,0.6295,2.51980e6,-1.25600e6,3.15077e-9
1457931990,29075267.41432861,31993823.948499672,2918.557,4.12348e14,3.4490,2.54442e6,-1.25070e6,3.13746e-9
1457932020,29091969.722793646,32000413.74583795,2908.444,3.97984e14,0.1548,2.48876e6,-1.24540e6,3.12415e-9
1457932050,29108645.566872593,32006951.823544197,2898.306,3.91243e14,1.8458,2.45719e6,-1.24009e6,3.11084e-9
1457932080,29125294.749480672,32013438.141794853,2888.143,3.92516e14,1.5264,2.45062e6,-1.23479e6,3.09753e-9
1457932110,29141917.074575275,32019872.661142718,2877.956,4.03232e14,1.1620,2.47315e6,-1.22949e6,3.08423e-9
1457932140,29158512.347152058,32026255.342515547,2867.743,3.88851e14,2.4458,2.41832e6,-1.22419e6,3.07092e-9
1457932170,29175080.37324133,32032586.147214744,2857.506,3.87471e14,2.7922,2.40362e6,-1.21889e6,3.05762e-9
1457932200,29191620.959904186,32038865.03691404,2847.244,4.05031e14,1.6133,2.44663e6,-1.21359e6,3.04431e-9
1457932230,29208133.91524081,32045091.973667856,2836.958,3.92041e14,1.6455,2.39657e6,-1.20829e6,3.03101e-9
1457932260,29224619.04834979,32051266.91988012,2826.648,3.97169e14,0.3592,2.40153e6,-1.20299e6,3.01771e-9
1457932290,29241076.16936122,32057389.83833288,2816.314,4.11929e14,3.3438,2.43529e6,-1.19769e6,3.00441e-9
1457932320,29257505.089421153,32063460.69217547,2805.956,4.09819e14,2.8144,2.41821e6,-1.19239e6,2.99112e-9
1457932350,29273905.62068796,32069479.444923293,2795.574,4.12081e14,3.3820,2.41420e6,-1.18710e6,2.97782e-9
1457932380,29290277.57632864,32075446.060456663,2785.168,4.14995e14,4.1131,2.41206e6,-1.18180e6,2.96453e-9
1457932410,29306620.770515177,32081360.503019724,2774.740,3.95406e14,0.8015,2.34344e6,-1.17650e6,2.95123e-9
1457932440,29322935.01842087,32087222.737219255,2764.288,3.95354e14,0.8144,2.33274e6,-1.17121e6,2.93795e-9
1457932470,29339220.136216648,32093032.72802356,2753.813,4.15298e14,4.1890,2.38052e6,-1.16591e6,2.92466e-9
1457932500,29355475.941067405,32098790.440761372,2743.314,4.09986e14,2.8564,2.35424e6,-1.16062e6,2.91137e-9
1457932530,29371702.25110787,32104495.841114532,2732.794,4.08600e14,2.5088,2.33949e6,-1.15533e6,2.89809e-9
1457932560,29387898.885501657,32110148.89513609,2722.250,4.24145e14,6.4086,2.37362e6,-1.15004e6,2.88481e-9
1457932590,29404065.664374843,32115749.56923014,2711.684,4.37805e14,9.8354,2.40192e6,-1.14475e6,2.87153e-9
1457932620,29420202.40883229,32121297.830156818,2701.095,4.22306e14,5.9471,2.34652e6,-1.13946e6,2.85826e-9
1457932650,29436308.940953754,32126793.645031206,2690.485,3.76524e14,5.5384,2.20538e6,-1.13417e6,2.84498e-9
1457932680,29452385.08379002,32132236.98132225,2679.852,3.85296e14,3.3377,2.21993e6,-1.12888e6,2.83171e-9
1457932710,29468430.661358904,32137627.806851685,2669.197,4.24270e14,6.4399,2.31938e6,-1.12360e6,2.81845e-9
1457932740,29484445.498641413,32142966.08979288,2658.521,4.21646e14,5.7816,2.30111e6,-1.11831e6,2.80518e-9
1457932770,29500429.42157777,32148251.798669863,2647.822,4.21180e14,5.6648,2.28893e6,-1.11303e6,2.79192e-9
1457932800,29516382.25706347,32153484.90235613,2637.103,4.22258e14,5.9351,2.28106e6,-1.10775e6,2.77866e-9
1457932830,29532303.83296518,32158665.370075736,2626.362,4.17165e14,4.6574,2.25610e6,-1.10247e6,2.76541e-9
1457932860,29548193.97805602,32163793.17139601,2615.599,4.15424e14,4.2208,2.24050e6,-1.09719e6,2.75216e-9
1457932890,29564052.522072457,32168868.27623258,2604.816,4.11075e14,3.1295,2.21780e6,-1.09191e6,2.73891e-9
1457932920,29579879.295690846,32173890.65484639,2594.011,4.01452e14,0.7153,2.18085e6,-1.08663e6,2.72566e-9
1457932950,29595674.13052378,32178860.2778428,2583.186,3.95181e14,0.8580,2.15325e6,-1.08135e6,2.71242e-9
1457932980,29611436.85911634,32183777.116170496,2572.340,4.01201e14,0.6523,2.15899e6,-1.07608e6,2.69918e-9
1457933010,29627167.314942427,32188641.141120594,2561.474,3.76585e14,5.5232,2.08229e6,-1.07081e6,2.68595e-9
1457933040,29642865.332401015,32193452.32432573,2550.587,3.72283e14,6.6024,2.06054e6,-1.06553e6,2.67271e-9
1457933070,29658530.746812467,32198210.637759015,2539.680,3.91256e14,1.8425,2.10080e6,-1.06026e6,2.65949e-9
1457933100,29674163.394414924,32202916.053733226,2528.753,4.00802e14,0.5524,2.11562e6,-1.05499e6,2.64626e-9
1457933130,29689763.112342436,32207568.544903286,2517.805,4.23813e14,6.3254,2.16564e6,-1.04973e6,2.63304e-9
1457933160,29705329.738676984,32212168.08425468,2506.838,4.26810e14,7.0772,2.16263e6,-1.04446e6,2.61982e-9
1457933190,29720863.112389207,32216714.645113423,2495.852,4.06960e14,2.0972,2.09998e6,-1.03919e6,2.60661e-9
1457933220,29736363.073352564,32221208.201141793,2484.845,4.01584e14,0.7485,2.07540e6,-1.03393e6,2.59340e-9
1457933250,29751829.46233946,32225648.726337302,2473.819,3.92774e14,1.4617,2.04210e6,-1.02867e6,2.58020e-9
1457933280,29767262.121017523,32230036.195032034,2462.774,4.00767e14,0.5435,2.05218e6,-1.02341e6,2.56699e-9
1457933310,29782660.891945798,32234370.581891768,2451.710,4.26363e14,6.9651,2.10700e6,-1.01815e6,2.55380e-9
1457933340,29798025.618570935,32238651.861915145,2440.626,4.17404e14,4.7173,2.07335e6,-1.01289e6,2.54060e-9
1457933370,29813356.145223405,32242880.010432884,2429.524,4.70107e14,17.9393,2.19579e6,-1.00764e6,2.52741e-9
1457933400,29828652.317113776,32247055.00310697,2418.403,4.74115e14,18.9450,2.19442e6,-1.00239e6,2.51423e-9
1457933430,29843913.98035264,32251176.815919943,2407.263,4.03438e14,1.2137,2.00615e6,-9.97134e5,2.50105e-9
1457933460,29859140.98187386,32255245.425204724,2396.104,4.09767e14,2.8015,2.01133e6,-9.91884e5,2.48787e-9
1457933490,29874333.16950388,32259260.80761305,2384.928,4.12949e14,3.5998,2.00856e6,-9.86635e5,2.47470e-9
1457933520,29889490.391934607,32263222.940124527,2373.733,3.99577e14,0.2449,1.96496e6,-9.81388e5,2.46153e-9
1457933550,29904612.49871983,32267131.800045893,2362.519,3.87657e14,2.7454,1.92527e6,-9.76143e5,2.44837e-9
1457933580,29919699.34027169,32270987.365010064,2351.288,3.71980e14,6.6786,1.87675e6,-9.70900e5,2.43521e-9
1457933610,29934750.767857205,32274789.61297543,2340.039,3.93295e14,1.3310,1.91824e6,-9.65659e5,2.42205e-9
1457933640,29949766.633594707,32278538.52222494,2328.772,4.02288e14,0.9252,1.92949e6,-9.60419e5,2.40890e-9
1457933670,29964746.790450323,32282234.071365394,2317.487,3.81842e14,4.2042,1.86998e6,-9.55181e5,2.39576e-9
1457933700,29979691.0922344,32285876.23932661,2306.185,3.92720e14,1.4752,1.88565e6,-9.49945e5,2.38262e-9
1457933730,29994599.393563,32289465.00537512,2294.866,4.24601e14,6.5229,1.95079e6,-9.44710e5,2.36948e-9
1457933760,30009471.549962267,32293000.349068876,2283.529,4.16659e14,4.5305,1.92127e6,-9.39478e5,2.35635e-9
1457933790,30024307.41775679,32296482.250301298,2272.175,3.94367e14,1.0621,1.85834e6,-9.34247e5,2.34322e-9
1457933820,30039106.854100704,32299910.689286154,2260.804,4.12317e14,3.4412,1.88976e6,-9.29018e5,2.33010e-9
1457933850,30053869.71697392,32303285.646556992,2249.416,4.08923e14,2.5896,1.87126e6,-9.23791e5,2.31698e-9
1457933880,30068595.865178283,32306607.102966562,2238.011,3.91388e14,1.8095,1.82027e6,-9.18566e5,2.30387e-9
1457933910,30083285.158333786,32309875.03968628,2226.590,3.84741e14,3.4769,1.79469e6,-9.13343e5,2.29076e-9
1457933940,30097937.456874747,32313089.438205726,2215.152,3.77644e14,5.2575,1.76826e6,-9.08121e5,2.27766e-9
1457933970,30112552.622046113,32316250.28033203,2203.698,3.76948e14,5.4321,1.75652e6,-9.02902e5,2.26456e-9
1457934000,30127130.51589958,32319357.54818938,2192.227,3.74201e14,6.1213,1.74018e6,-8.97684e5,2.25146e-9
1457934030,30141671.00133362,32322411.224204645,2180.740,3.85172e14,3.3688,1.75463e6,-8.92469e5,2.23838e-9
1457934060,30156173.941955283,32325411.291149717,2169.237,3.89812e14,2.2049,1.75470e6,-8.87255e5,2.22529e-9
1457934090,30170639.20221125,32328357.732097924,2157.719,3.97999e14,0.1508,1.76250e6,-8.82043e5,2.21221e-9
1457934120,30185066.647340927,32331250.530437365,2146.184,3.90564e14,2.0161,1.73574e6,-8.76833e5,2.19914e-9
1457934150,30199456.14337313,32334089.66987037,2134.634,3.83116e14,3.8847,1.70914e6,-8.71625e5,2.18607e-9
1457934180,30213807.557122875,32336875.134412788,2123.068,3.91577e14,1.7621,1.71732e6,-8.66419e5,2.17300e-9
1457934210,30228120.756188113,32339606.908393472,2111.486,3.64764e14,8.4887,1.64909e6,-8.61215e5,2.15994e-9
1457934240,30242395.608946446,32342284.976453714,2099.889,3.74402e14,6.0708,1.65981e6,-8.56014e5,2.14689e-9
1457934270,30256631.984551977,32344909.323546577,2088.277,4.04839e14,1.5652,1.71468e6,-8.50814e5,2.13384e-9
1457934300,30270829.75293201,32347479.934936404,2076.650,4.00067e14,0.3680,1.69408e6,-8.45615e5,2.12079e-9
1457934330,30284988.784739595,32349996.796206746,2065.008,3.96623e14,0.4962,1.67640e6,-8.40419e5,2.10775e-9
1457934360,30299108.95148665,32352459.89323354,2053.351,3.79342e14,4.8316,1.62984e6,-8.35225e5,2.09472e-9
1457934390,30313190.12540411,32354869.212211024,2041.679,3.76710e14,5.4919,1.61423e6,-8.30033e5,2.08169e-9
1457934420,30327232.179482486,32357224.739642706,2029.993,3.84529e14,3.5302,1.62031e6,-8.24843e5,2.06867e-9
1457934450,30341234.987468336,32359526.46234093,2018.291,3.82669e14,3.9968,1.60629e6,-8.19655e5,2.05565e-9
1457934480,30355198.42386064,32361774.36742645,2006.576,3.99757e14,0.2901,1.63103e6,-8.14469e5,2.04263e-9
1457944140,32362348.607227597,30358858.6741452,2003.490,3.63565e14,8.7896,-1.55397e6,8.12588e5,-2.03921e-9
1457944170,32360114.668411896,30344906.01011665,2015.209,4.19501e14,5.2435,-1.67869e6,8.17777e5,-2.05222e-9
1457944200,32357826.90908901,30330913.94651727,2026.913,4.54682e14,14.0697,-1.76199e6,8.22967e5,-2.06524e-9
1457944230,32355485.342031896,30316882.608692553,2038.603,4.19970e14,5.3613,-1.70097e6,8.28160e5,-2.07826e-9
1457944260,32353089.98039123,30302812.122697473,2050.278,3.85098e14,3.3876,-1.63870e6,8.33354e5,-2.09129e-9
1457944290,32350640.837594617,30288702.615360405,2061.938,3.97002e14,0.4009,-1.67397e6,8.38551e5,-2.10432e-9
1457944320,32348137.92737974,30274554.214267004,2073.584,4.13679e14,3.7828,-1.71966e6,8.43750e5,-2.11736e-9
1457944350,32345581.263794713,30260367.047763646,2085.214,4.15926e14,4.3467,-1.73504e6,8.48950e5,-2.13040e-9
1457944380,32342970.861198395,30246141.24496101,2096.830,4.22269e14,5.9379,-1.75927e6,8.54153e5,-2.14345e-9
1457944410,32340306.734260753,30231876.935737558,2108.430,3.92777e14,1.4610,-1.70638e6,8.59358e5,-2.15650e-9
1457944440,32337588.89796317,30217574.25074316,2120.015,3.70358e14,7.0854,-1.66808e6,8.64565e5,-2.16956e-9
1457944470,32334817.367598787,30203233.32140257,2131.584,3.67588e14,7.7805,-1.67208e6,8.69773e5,-2.18262e-9
1457944500,32331992.158772897,30188854.27991905,2143.138,3.92651e14,1.4927,-1.73712e6,8.74984e5,-2.19569e-9
1457944530,32329113.28742766,30174437.259269048,2154.676,4.14034e14,3.8720,-1.79470e6,8.80197e5,-2.20876e-9
1457944560,32326180.76976732,30159982.393233377,2166.198,3.99818e14,0.3055,-1.77374e6,8.85411e5,-2.22184e-9
1457944590,32323194.622333985,30145489.816372942,2177.705,3.93181e14,1.3597,-1.76936e6,8.90628e5,-2.23492e-9
1457944620,32320154.86198384,30130959.664041366,2189.195,3.92671e14,1.4875,-1.77857e6,8.95846e5,-2.24801e-9
1457944650,32317061.505887702,30116392.072388463,2200.669,3.79157e14,4.8780,-1.75838e6,9.01067e5,-2.26110e-9
1457944680,32313914.571531765,30101787.17836381,2212.127,3.64078e14,8.6608,-1.73428e6,9.06289e5,-2.27420e-9
1457944710,32310714.076718114,30087145.11972025,2223.569,3.89927e14,2.1759,-1.80339e6,9.11514e5,-2.28730e-9
1457944740,32307460.039565556,30072466.03501742,2234.994,3.85743e14,3.2256,-1.80411e6,9.16740e5,-2.30041e-9
1457944770,32304152.47851014,30057750.063625287,2246.402,3.68708e14,7.4993,-1.77498e6,9.21968e5,-2.31352e-9
1457944800,32300791.412305947,30042997.345727682,2257.794,4.01968e14,0.8448,-1.86243e6,9.27198e5,-2.32663e-9
1457944830,32297376.860008992,30028208.02231718,2269.169,3.90667e14,1.9903,-1.84649e6,9.32430e5,-2.33975e-9
1457944860,32293908.84102966,30013382.23522516,2280.527,3.70414e14,7.0713,-1.80920e6,9.37664e5,-2.35288e-9
1457944890,32290387.375081554,29998520.12709892,2291.867,3.99122e14,0.1309,-1.88723e6,9.42900e5,-2.36601e-9
1457944920,32286812.482198842,29983621.84141365,2303.191,3.90253e14,2.0942,-1.87661e6,9.48137e5,-2.37914e-9
1457944950,32283184.18273691,29968687.522475913,2314.497,3.71520e14,6.7940,-1.84216e6,9.53377e5,-2.39228e-9
1457944980,32279502.497372977,29953717.31542712,2325.785,4.06527e14,1.9886,-1.93649e6,9.58618e5,-2.40543e-9
1457945010,32275767.44710674,29938711.36624712,2337.056,4.00574e14,0.4951,-1.93268e6,9.63861e5,-2.41857e-9
1457945040,32271979.053260993,29923669.82175756,2348.309,3.78059e14,5.1533,-1.88844e6,9.69106e5,-2.43173e-9
1457945070,32268137.33748232,29908592.829625536,2359.545,3.74015e14,6.1680,-1.88878e6,9.74352e5,-2.44488e-9
1457945100,32264242.321741737,29893480.538367096,2370.762,3.92348e14,1.5687,-1.94401e6,9.79601e5,-2.45805e-9
1457945130,32260294.02835193,29878333.09737,2381.961,4.18766e14,5.0590,-2.01971e6,9.84851e5,-2.47121e-9
1457945160,32256292.479917023,29863150.65683819,2393.142,4.08257e14,2.4226,-2.00437e6,9.90103e5,-2.48438e-9
1457945190,32252237.69938438,29847933.367854528,2404.304,3.99040e14,0.1103,-1.99198e6,9.95357e5,-2.49756e-9
1457945220,32248129.710029002,29832681.382365514,2415.448,3.63013e14,8.9281,-1.91204e6,1.00061e6,-2.51074e-9
1457945250,32243968.535454314,29817394.853184976,2426.574,3.71708e14,6.7467,-1.94403e6,1.00587e6,-2.52392e-9
1457945280,32239754.199593082,29802073.93399792,2437.680,3.87664e14,2.7437,-1.99467e6,1.01113e6,-2.53711e-9
1457945310,32235486.726708323,29786718.779364374,2448.768,3.96289e14,0.5800,-2.02704e6,1.01639e6,-2.55030e-9
1457945340,32231166.14139421,29771329.544723127,2459.837,3.94599e14,1.0040,-2.03320e6,1.02165e6,-2.56349e-9
1457945370,32226792.46857691,29755906.38639562,2470.886,3.84886e14,3.4406,-2.01865e6,1.02691e6,-2.57669e-9
1457945400,32222365.733515598,29740449.46158979,2481.916,4.16684e14,4.5368,-2.11135e6,1.03218e6,-2.58990e-9
1457945430,32217885.96178436,29724958.92838717,2492.927,3.93924e14,1.1731,-2.06287e6,1.03745e6,-2.60310e-9
1457945460,32213353.17933152,29709434.945798274,2503.918,3.82604e14,4.0130,-2.04373e6,1.04271e6,-2.61631e-9
1457945490,32208767.41242194,29693877.673714817,2514.890,4.09924e14,2.8409,-2.12589e6,1.04798e6,-2.62953e-9
1457945520,32204128.6876568,29678287.272930063,2525.841,4.09742e14,2.7951,-2.13610e6,1.05326e6,-2.64275e-9
1457945550,32199437.031974338,29662663.905142605,2536.773,4.04755e14,1.5442,-2.13355e6,1.05853e6,-2.65597e-9
1457945580,32194692.47265066,29647007.73296008,2547.685,4.04067e14,1.3715,-2.14234e6,1.06380e6,-2.66920e-9
1457945610,32189895.03730048,29631318.919902857,2558.576,3.97126e14,0.3700,-2.13434e6,1.06908e6,-2.68243e-9
1457945640,32185044.753877997,29615597.630407777,2569.447,3.76299e14,5.5950,-2.08873e6,1.07436e6,-2.69566e-9
1457945670,32180141.650677614,29599844.02983185,2580.298,3.76909e14,5.4419,-2.10064e6,1.07964e6,-2.70890e-9
1457945700,32175185.756334856,29584058.284455955,2591.127,3.97352e14,0.3133,-2.16656e6,1.08492e6,-2.72214e-9
1457945730,32170177.09984329,29568240.56149895,2601.937,4.01645e14,0.7637,-2.18885e6,1.09020e6,-2.73538e-9
1457945760,32165115.71050557,29552391.029089317,2612.725,4.05007e14,1.6074,-2.20869e6,1.09548e6,-2.74863e-9
1457945790,32160001.617984384,29536509.85630114,2623.492,4.05826e14,1.8128,-2.22161e6,1.10076e6,-2.76188e-9
1457945820,32154834.852287218,29520597.21314743,2634.238,3.95923e14,0.6716,-2.20479e6,1.10605e6,-2.77513e-9
1457945850,32149615.443767477,29504653.27058395,2644.962,3.63021e14,8.9261,-2.12358e6,1.11134e6,-2.78839e-9
1457945880,32144343.423125427,29488678.200512916,2655.665,3.62867e14,8.9647,-2.13325e6,1.11662e6,-2.80165e-9
1457945910,32139018.821409415,29472672.17578692,2666.347,4.14529e14,3.9962,-2.28878e6,1.12191e6,-2.81491e-9
1457945940,32133641.670016866,29456635.370212637,2677.006,4.22117e14,5.8998,-2.32102e6,1.12720e6,-2.82818e-9
1457945970,32128212.000695422,29440567.9585546,2687.644,4.31679e14,8.2987,-2.35909e6,1.13249e6,-2.84144e-9
1457946000,32122729.84554405,29424470.11653902,2698.260,4.48064e14,12.4092,-2.41688e6,1.13779e6,-2.85471e-9
1457946030,32117195.23700647,29408342.020846836,2708.853,4.12046e14,3.3732,-2.32482e6,1.14308e6,-2.86799e-9
1457946060,32111608.207896255,29392183.8491507,2719.424,3.94764e14,0.9624,-2.28579e6,1.14837e6,-2.88126e-9
1457946090,32105968.791373882,29375995.780085273,2729.973,3.98439e14,0.0404,-2.30697e6,1.15367e6,-2.89454e-9
1457946120,32100277.020955626,29359777.99326178,2740.499,3.96759e14,0.4619,-2.31267e6,1.15897e6,-2.90782e-9
1457946150,32094532.930514704,29343530.669271726,2751.002,3.85777e14,3.2171,-2.29116e6,1.16426e6,-2.92111e-9
1457946180,32088736.554282356,29327253.9896906,2761.483,3.95048e14,0.8913,-2.32879e6,1.16956e6,-2.93439e-9
1457946210,32082887.926849116,29310948.13708157,2771.940,4.06054e14,1.8699,-2.37178e6,1.17486e6,-2.94768e-9
1457946240,32076987.08316577,29294613.2949992,2782.374,3.95618e14,0.7482,-2.35158e6,1.18016e6,-2.96097e-9
1457946270,32071034.058544643,29278249.647993177,2792.784,3.80023e14,4.6607,-2.31575e6,1.18546e6,-2.97426e-9
1457946300,32065028.888660718,29261857.381612,2803.172,3.85925e14,3.1799,-2.34374e6,1.19077e6,-2.98756e-9
1457946330,32058971.609553695,29245436.68242193,2813.535,3.88510e14,2.5314,-2.36193e6,1.19607e6,-3.00085e-9
1457946360,32052862.257626325,29228987.737963904,2823.875,4.01867e14,0.8196,-2.41266e6,1.20137e6,-3.01415e-9
1457946390,32046700.869648606,29212510.736804374,2834.190,4.14300e14,3.9387,-2.46095e6,1.20667e6,-3.02745e-9
1457946420,32040487.482757922,29196005.868523862,2844.482,3.94899e14,0.9285,-2.41277e6,1.21198e6,-3.04075e-9
1457946450,32034222.13446033,29179473.323720895,2854.749,3.96170e14,0.6098,-2.42721e6,1.21728e6,-3.05405e-9
1457946480,32027904.86263172,29162913.294015825,2864.992,3.89996e14,2.1586,-2.41885e6,1.22259e6,-3.06735e-9
1457946510,32021535.70551908,29146325.972054772,2875.210,3.93095e14,1.3811,-2.43889e6,1.22790e6,-3.08066e-9
1457946540,32015114.701741733,29129711.551513407,2885.403,4.03662e14,1.2698,-2.48212e6,1.23320e6,-3.09396e-9
1457946570,32008641.89029258,29113070.22710087,2895.572,3.96321e14,0.5719,-2.46999e6,1.23851e6,-3.10727e-9
1457946600,32002117.31053931,29096402.194563583,2905.715,3.87617e14,2.7555,-2.45341e6,1.24382e6,-3.12058e-9
1457946630,31995541.00222619,29079707.650675178,2915.833,4.00166e14,0.3927,-2.50320e6,1.24912e6,-3.13389e-9
1457946660,31988913.005474005,29062986.793283284,2925.926,4.10020e14,2.8648,-2.54484e6,1.25443e6,-3.14719e-9
1457946690,31982233.36078259,29046239.82127013,2935.994,4.02396e14,0.9523,-2.53152e6,1.25974e6,-3.16050e-9
1457946720,31975502.10903168,29029466.934570298,2946.035,3.84666e14,3.4958,-2.48591e6,1.26505e6,-3.17381e-9
1457946750,31968719.29148231,29012668.334174257,2956.051,3.67855e14,7.7134,-2.44276e6,1.27036e6,-3.18712e-9
1457946780,31961884.949778102,28995844.22213208,2966.041,3.67213e14,7.8743,-2.45091e6,1.27567e6,-3.20043e-9
1457946810,31954999.125946634,28978994.801557064,2976.004,3.80141e14,4.6310,-2.50265e6,1.28097e6,-3.21375e-9
1457946840,31948061.862400837,28962120.276629295,2985.942,3.90897e14,1.9326,-2.54773e6,1.28628e6,-3.22706e-9
1457946870,31941073.201940317,28945220.85259931,2995.852,3.87409e14,2.8077,-2.54694e6,1.29159e6,-3.24037e-9
1457946900,31934033.18775274,28928296.735791605,3005.736,3.89976e14,2.1636,-2.56576e6,1.29690e6,-3.25368e-9
1457946930,31926941.86341651,28911348.133613855,3015.594,4.03682e14,1.2750,-2.62103e6,1.30221e6,-3.26699e-9
1457946960,31919799.27289839,28894375.254543174,3025.424,4.12415e14,3.4657,-2.66036e6,1.30752e6,-3.28029e-9
1457946990,31912605.46055876,28877378.308147,3035.227,3.99345e14,0.1868,-2.62811e6,1.31282e6,-3.29360e-9
1457947020,31905360.471151873,28860357.505081076,3045.003,3.86608e14,3.0087,-2.59661e6,1.31813e6,-3.30691e-9
1457947050,31898064.349827293,28843313.05709302,3054.751,3.79468e14,4.8000,-2.58335e6,1.32344e6,-3.32022e-9
1457947080,31890717.14213135,28826245.17702588,3064.472,4.01475e14,0.7212,-2.66707e6,1.32875e6,-3.33352e-9
1457947110,31883318.89400868,28809154.078821722,3074.165,4.25962e14,6.8644,-2.75967e6,1.33405e6,-3.34683e-9
1457947140,31875869.651803702,28792039.97752514,3083.830,4.01253e14,0.6655,-2.68762e6,1.33936e6,-3.36013e-9
1457947170,31868369.46226216,28774903.089286864,3093.466,3.89484e14,2.2872,-2.65856e6,1.34466e6,-3.37343e-9
1457947200,31860818.372532614,28757743.63136722,3103.075,4.21663e14,5.7860,-2.77803e6,1.34997e6,-3.38673e-9
1457947230,31853216.43016397,28740561.82214221,3112.655,4.38137e14,9.9187,-2.84495e6,1.35527e6,-3.40003e-9
1457947260,31845563.683119524,28723357.88109931,3122.206,4.00640e14,0.5116,-2.72809e6,1.36057e6,-3.41332e-9
1457947290,31837860.179765914,28706132.02884867,3131.728,3.84281e14,3.5924,-2.68266e6,1.36588e6,-3.42662e-9
1457947320,31830105.96887877,28688884.487124156,3141.221,4.04018e14,1.3591,-2.76096e6,1.37118e6,-3.43991e-9
1457947350,31822301.099644285,28671615.47878682,3150.686,4.07652e14,2.2708,-2.78418e6,1.37648e6,-3.45320e-9
1457947380,31814445.62166073,28654325.22782833,3160.120,3.97759e14,0.2111,-2.76060e6,1.38178e6,-3.46648e-9
1457947410,31806539.58494016,28637013.95937457,3169.526,3.84481e14,3.5423,-2.72498e6,1.38708e6,-3.47977e-9
1457947440,31798583.039909907,28619681.899688922,3178.901,3.91068e14,1.8897,-2.75839e6,1.39237e6,-3.49305e-9
1457947470,31790576.037414283,28602329.276175797,3188.247,3.96969e14,0.4093,-2.78957e6,1.39767e6,-3.50632e-9
1457947500,31782518.62871617,28584956.317383964,3197.562,3.93633e14,1.2462,-2.78839e6,1.40296e6,-3.51960e-9
1457947530,31774410.86550971,28567563.253004547,3206.848,4.00154e14,0.3898,-2.82195e6,1.40826e6,-3.53287e-9
1457947560,31766252.799887992,28550150.313891,3216.102,4.05115e14,1.6342,-2.85014e6,1.41355e6,-3.54614e-9
1457947590,31758044.484378878,28532717.732045848,3225.327,4.04399e14,1.4546,-2.85825e6,1.41884e6,-3.55940e-9
1457947620,31749785.97193571,28515265.740629245,3234.520,4.02136e14,0.8871,-2.86082e6,1.42413e6,-3.57266e-9
1457947650,31741477.315939102,28497794.57396227,3243.683,3.86211e14,3.1083,-2.81433e6,1.42941e6,-3.58591e-9
1457947680,31733118.570198745,28480304.46753004,3252.814,3.91095e14,1.8829,-2.84232e6,1.43470e6,-3.59917e-9
1457947710,31724709.78895518,28462795.657984942,3261.914,4.10100e14,2.8850,-2.92143e6,1.43998e6,-3.61241e-9
1457947740,31716251.026881687,28445268.38314975,3270.983,3.91952e14,1.6679,-2.86635e6,1.44526e6,-3.62565e-9
1457947770,31707742.339085937,28427722.882020738,3280.019,3.87319e14,2.8302,-2.85996e6,1.45054e6,-3.63889e-9
1457947800,31699183.781111963,28410159.39477075,3289.024,4.04840e14,1.5653,-2.93435e6,1.45582e6,-3.65212e-9
1457947830,31690575.408919316,28392578.16275746,3297.997,4.05988e14,1.8534,-2.94919e6,1.46110e6,-3.66535e-9
1457947860,31681917.278954584,28374979.42851051,3306.938,3.91956e14,1.6669,-2.90821e6,1.46637e6,-3.67857e-9
1457947890,31673209.44808326,28357363.435750265,3315.846,3.81368e14,4.3232,-2.87957e6,1.47164e6,-3.69179e-9
1457947920,31664451.973614015,28339730.429385807,3324.722,3.94754e14,0.9651,-2.93947e6,1.47691e6,-3.70499e-9
1457947950,31655644.913300443,28322080.65551782,3333.564,4.07653e14,2.2711,-2.99791e6,1.48218e6,-3.71820e-9
1457947980,31646788.325342663,28304414.361441616,3342.374,3.91148e14,1.8696,-2.94697e6,1.48744e6,-3.73139e-9
1457948010,31637882.268389113,28286731.795650057,3351.150,3.95773e14,0.7093,-2.97471e6,1.49270e6,-3.74459e-9
1457948040,31628926.801538203,28269033.207836393,3359.894,4.12639e14,3.5220,-3.04857e6,1.49796e6,-3.75777e-9
1457948070,31619921.984340064,28251318.84889717,3368.603,4.00997e14,0.6013,-3.01536e6,1.50322e6,-3.77095e-9
1457948100,31610867.876798365,28233588.97093501,3377.279,3.96989e14,0.4043,-3.01072e6,1.50847e6,-3.78412e-9
1457948130,31601764.53940615,28215843.82725684,3385.921,3.98638e14,0.0094,-3.02746e6,1.51372e6,-3.79728e-9
1457948160,31592612.033042558,28198083.672390714,3394.528,4.00551e14,0.4893,-3.04524e6,1.51897e6,-3.81043e-9
1457948190,31583410.419080205,28180308.76207455,3403.102,3.95979e14,0.6577,-3.03827e6,1.52421e6,-3.82358e-9
1457948220,31574159.759353094,28162519.35326327,3411.640,3.79799e14,4.7168,-2.98664e6,1.52945e6,-3.83672e-9
1457948250,31564860.116158843,28144715.704131383,3420.144,3.83111e14,3.8860,-3.00961e6,1.53469e6,-3.84985e-9
1457948280,31555511.55226081,28126898.074075554,3428.613,4.04567e14,1.4968,-3.10276e6,1.53993e6,-3.86297e-9
1457948310,31546114.13089031,28109066.72371715,3437.047,3.98551e14,0.0124,-3.08997e6,1.54516e6,-3.87608e-9
1457948340,31536667.91574879,28091221.914904654,3445.446,3.92302e14,1.5801,-3.07612e6,1.55038e6,-3.88919e-9
1457948370,31527172.971010044,28073363.910716143,3453.809,4.02042e14,0.8633,-3.12449e6,1.55561e6,-3.90228e-9
1457948400,31517629.36132241,28055492.975461677,3462.136,4.10847e14,3.0724,-3.16944e6,1.56083e6,-3.91537e-9
1457948430,31508037.15177026,28037609.37468543,3470.428,4.14087e14,3.8853,-3.19276e6,1.56604e6,-3.92845e-9
1457948460,31498396.408001725,28019713.375168696,3478.683,3.98164e14,0.1096,-3.14062e6,1.57125e6,-3.94151e-9
1457948490,31488707.196105003,28001805.24493134,3486.902,4.11720e14,3.2914,-3.20464e6,1.57646e6,-3.95457e-9
1457948520,31478969.582650915,27983885.253234312,3495.084,4.23866e14,6.3386,-3.26340e6,1.58167e6,-3.96761e-9
1457948550,31469183.6346948,27965953.670581814,3503.230,4.03145e14,1.1402,-3.19164e6,1.58687e6,-3.98065e-9
1457948580,31459349.41977851,27948010.76872345,3511.339,4.12348e14,3.4488,-3.23884e6,1.59206e6,-3.99367e-9
1457948610,31449467.00593223,27930056.82065636,3519.410,4.10365e14,2.9514,-3.24145e6,1.59725e6,-4.00668e-9
1457948640,31439536.461676348,27912092.10062722,3527.444,3.99414e14,0.2041,-3.20795e6,1.60244e6,-4.01968e-9
1457948670,31429557.856023505,27894116.884134322,3535.441,4.00130e14,0.3837,-3.22121e6,1.60762e6,-4.03267e-9
1457948700,31419531.25848044,27876131.44792951,3543.400,3.85280e14,3.3418,-3.17150e6,1.61279e6,-4.04565e-9
1457948730,31409456.739090588,27858136.070043437,3551.321,3.86391e14,3.0630,-3.18618e6,1.61797e6,-4.05861e-9
1457948760,31399334.368311025,27840131.02971546,3559.203,3.91851e14,1.6933,-3.21858e6,1.62313e6,-4.07156e-9
1457948790,31389164.217139956,27822116.607467704,3567.048,4.08447e14,2.4703,-3.29660e6,1.62829e6,-4.08450e-9
1457948820,31378946.357078478,27804093.085083622,3574.853,4.04320e14,1.4349,-3.29012e6,1.63345e6,-4.09743e-9
1457948850,31368680.86013301,27786060.7456098,3582.620,3.88189e14,2.6120,-3.23419e6,1.63860e6,-4.11034e-9
1457948880,31358367.798817657,27768019.873357773,3590.348,3.93019e14,1.4002,-3.26426e6,1.64375e6,-4.12324e-9
1457948910,31348007.246156793,27749970.75390569,3598.036,3.72790e14,6.4752,-3.19079e6,1.64889e6,-4.13612e-9
1457948940,31337599.275687438,27731913.67409998,3605.686,3.69807e14,7.2236,-3.18835e6,1.65402e6,-4.14899e-9
1457948970,31327143.96146175,27713848.922056817,3613.295,3.93454e14,1.2911,-3.29664e6,1.65915e6,-4.16184e-9
1457949000,31316641.37804955,27695776.787163533,3620.865,3.90440e14,2.0472,-3.29423e6,1.66427e6,-4.17468e-9
1457949030,31306091.600507468,27677697.55999977,3628.394,3.78599e14,5.0179,-3.25477e6,1.66938e6,-4.18751e-9
1457949060,31295494.704484265,27659611.53258617,3635.883,3.77064e14,5.4030,-3.25828e6,1.67449e6,-4.20032e-9
1457949090,31284850.766120225,27641518.9981374,3643.332,3.87744e14,2.7236,-3.31321e6,1.67960e6,-4.21311e-9
1457949120,31274159.862082746,27623420.25114295,3650.740,3.94868e14,0.9363,-3.35336e6,1.68469e6,-4.22589e-9
1457949150,31263422.069568604,27605315.58736761,3658.106,3.94963e14,0.9126,-3.36389e6,1.68978e6,-4.23865e-9
1457949180,31252637.46630622,27587205.303851858,3665.432,4.10450e14,2.9728,-3.43985e6,1.69487e6,-4.25139e-9
1457949210,31241806.130557884,27569089.69891225,3672.716,4.00686e14,0.5232,-3.40852e6,1.69994e6,-4.26411e-9
1457949240,31230928.14112204,27550969.072141737,3679.959,3.83390e14,3.8160,-3.34471e6,1.70501e6,-4.27682e-9
1457949270,31220003.57733553,27532843.72441007,3687.160,3.94891e14,0.9305,-3.40397e6,1.71008e6,-4.28951e-9
1457949300,31209032.519075908,27514713.95786411,3694.319,4.06293e14,1.9299,-3.46308e6,1.71513e6,-4.30218e-9
1457949330,31198015.046785485,27496580.076082975,3701.435,4.03386e14,1.2007,-3.46073e6,1.72018e6,-4.31484e-9
1457949360,31186951.241406497,27478442.383601278,3708.509,3.94426e14,1.0473,-3.43209e6,1.72522e6,-4.32747e-9
1457949390,31175841.184450846,27460301.186387748,3715.540,3.89403e14,2.3073,-3.42030e6,1.73025e6,-4.34009e-9
1457949420,31164684.957980756,27442156.791691996,3722.528,3.84421e14,3.5573,-3.40854e6,1.73528e6,-4.35268e-9
1457949450,31153482.64461135,27424009.508045953,3729.473,3.84038e14,3.6534,-3.41672e6,1.74029e6,-4.36526e-9
1457949480,31142234.327513184,27405859.64526522,3736.375,3.84587e14,3.5156,-3.42895e6,1.74530e6,-4.37781e-9
1457949510,31130940.090414904,27387707.514450453,3743.233,3.91435e14,1.7976,-3.46884e6,1.75030e6,-4.39035e-9
1457949540,31119600.01760577,27369553.42798853,3750.047,4.09519e14,2.7393,-3.55835e6,1.75529e6,-4.40286e-9
1457949570,31108214.19393837,27351397.69955363,3756.816,3.94083e14,1.1333,-3.50029e6,1.76028e6,-4.41535e-9
1457949600,31096782.704831142,27333240.644108094,3763.542,3.88644e14,2.4979,-3.48610e6,1.76525e6,-4.42782e-9
1457949630,31085305.636260428,27315082.577712297,3770.223,4.06112e14,1.8846,-3.57347e6,1.77022e6,-4.44027e-9
1457949660,31073783.07479614,27296923.81811374,3776.859,3.96139e14,0.6176,-3.53906e6,1.77518e6,-4.45270e-9
1457949690,31062215.10757128,27278764.68415742,3783.450,3.89663e14,2.2422,-3.52001e6,1.78012e6,-4.46510e-9
1457949720,31050601.822295308,27260605.495975494,3789.996,3.95611e14,0.7499,-3.55640e6,1.78506e6,-4.47748e-9
1457949750,31038943.307256676,27242446.57498581,3796.497,3.98257e14,0.0861,-3.57810e6,1.78999e6,-4.48983e-9
1457949780,31027239.651325572,27224288.243890293,3802.951,3.90345e14,2.0711,-3.55231e6,1.79491e6,-4.50216e-9
1457949810,31015490.943956498,27206130.826673232,3809.360,3.90376e14,2.0634,-3.56216e6,1.79982e6,-4.51447e-9
1457949840,31003697.275190923,27187974.648599356,3815.723,3.96446e14,0.5406,-3.59933e6,1.80472e6,-4.52675e-9
1457949870,30991858.735659953,27169820.03621185,3822.039,3.90957e14,1.9177,-3.58416e6,1.80961e6,-4.53901e-9
1457949900,30979975.41658699,27151667.3173303,3828.308,4.05006e14,1.6071,-3.65777e6,1.81449e6,-4.55124e-9
1457949930,30968047.409794245,27133516.821204647,3834.531,4.07659e14,2.2725,-3.67968e6,1.81936e6,-4.56344e-9
1457949960,30956074.807693716,27115368.87803194,3840.706,3.83918e14,3.6835,-3.58088e6,1.82421e6,-4.57562e-9
1457949990,30944057.703301612,27097223.8194363,3846.834,3.97436e14,0.2920,-3.65241e6,1.82906e6,-4.58777e-9
1457950020,30931996.190237388,27079081.9783119,3852.914,4.02042e14,0.8635,-3.68325e6,1.83390e6,-4.59989e-9
1457950050,30919890.36272644,27060943.68882182,3858.947,3.92954e14,1.4166,-3.65102e6,1.83872e6,-4.61199e-9
1457950080,30907740.31560293,27042809.286396954,3864.931,3.93420e14,1.2996,-3.66273e6,1.84354e6,-4.62405e-9
1457950110,30895546.144312594,27024679.10773487,3870.867,4.09038e14,2.6185,-3.74468e6,1.84834e6,-4.63609e-9
1457950140,30883307.944915514,27006553.490798604,3876.754,4.11803e14,3.3122,-3.76723e6,1.85313e6,-4.64810e-9
1457950170,30871025.814088993,26988432.774815325,3882.593,3.94750e14,0.9661,-3.69747e6,1.85791e6,-4.66008e-9
1457950200,30858699.84913038,26970317.300274998,3888.383,3.89657e14,2.2438,-3.68316e6,1.86268e6,-4.67203e-9
1457950230,30846330.147959452,26952207.40884108,3894.123,3.86589e14,3.0134,-3.67820e6,1.86743e6,-4.68395e-9
1457950260,30833916.809122723,26934103.443619676,3899.813,3.94532e14,1.0207,-3.72483e6,1.87218e6,-4.69583e-9
1457950290,30821459.931794915,26916005.748886503,3905.454,3.91305e14,1.8304,-3.71905e6,1.87691e6,-4.70769e-9
1457950320,30808959.615782265,26897914.670172136,3911.045,3.90750e14,1.9695,-3.72577e6,1.88162e6,-4.71951e-9
1457950350,30796415.96152549,26879830.554259386,3916.585,3.94301e14,1.0786,-3.75189e6,1.88633e6,-4.73130e-9
1457950380,30783829.070102647,26861753.74918049,3922.075,3.95583e14,0.7570,-3.76729e6,1.89102e6,-4.74306e-9
1457950410,30771199.043232124,26843684.604214195,3927.514,4.07897e14,2.3323,-3.83516e6,1.89570e6,-4.75479e-9
1457950440,30758525.98327552,26825623.469882686,3932.903,4.16543e14,4.5014,-3.88581e6,1.90036e6,-4.76648e-9
1457950470,30745809.993240677,26807570.69794838,3938.239,4.12799e14,3.5620,-3.87742e6,1.90501e6,-4.77814e-9
1457950500,30733051.17678455,26789526.64141054,3943.525,4.07171e14,2.1501,-3.85990e6,1.90965e6,-4.78976e-9
1457950530,30720249.638213437,26771491.65454168,3948.758,4.03108e14,1.1309,-3.84973e6,1.91427e6,-4.80135e-9
1457950560,30707405.482494712,26753466.09276128,3953.939,4.07226e14,2.1639,-3.87882e6,1.91888e6,-4.81290e-9
1457950590,30694518.815251,26735450.312754944,3959.069,4.11200e14,3.1608,-3.90727e6,1.92347e6,-4.82442e-9
1457950620,30681589.742766116,26717444.67243113,3964.145,4.06051e14,1.8691,-3.89167e6,1.92805e6,-4.83589e-9
1457950650,30668618.371987954,26699449.530917488,3969.169,3.99885e14,0.3222,-3.87100e6,1.93262e6,-4.84734e-9
1457950680,30655604.810531646,26681465.24855707,3974.140,4.03827e14,1.3111,-3.89926e6,1.93717e6,-4.85874e-9
1457950710,30642549.16668253,26663492.186904438,3979.057,4.04954e14,1.5939,-3.91387e6,1.94170e6,-4.87010e-9
1457950740,30629451.549399253,26645530.70872167,3983.921,4.02725e14,1.0346,-3.91209e6,1.94622e6,-4.88143e-9
1457950770,30616312.06831679,26627581.177974142,3988.731,4.00631e14,0.5095,-3.91090e6,1.95073e6,-4.89272e-9
1457950800,30603130.833749667,26609643.959826272,3993.487,3.85646e14,3.2499,-3.84641e6,1.95521e6,-4.90396e-9
1457950830,30589907.956704404,26591719.420618143,3998.189,3.86631e14,3.0029,-3.86004e6,1.95968e6,-4.91517e-9
1457950860,30576643.5488535,26573807.927919228,4002.836,3.97463e14,0.2854,-3.92218e6,1.96414e6,-4.92634e-9
1457950890,30563337.72256788,26555909.850465287,4007.428,4.06487e14,1.9784,-3.97559e6,1.96858e6,-4.93746e-9
1457950920,30549990.590910602,26538025.558172207,4011.965,4.02263e14,0.9188,-3.96361e6,1.97300e6,-4.94854e-9
1457950950,30536602.267640162,26520155.42213087,4016.447,4.06276e14,1.9256,-3.99236e6,1.97740e6,-4.95958e-9
1457950980,30523172.867213618,26502299.81460181,4020.873,4.02249e14,0.9154,-3.98120e6,1.98179e6,-4.97058e-9
1457951010,30509702.50478997,26484459.109009746,4025.243,3.84493e14,3.5393,-3.90152e6,1.98616e6,-4.98153e-9
1457951040,30496191.296233363,26466633.679937974,4029.558,3.99743e14,0.2867,-3.98621e6,1.99051e6,-4.99244e-9
1457951070,30482639.35811634,26448823.903122544,4033.815,3.96269e14,0.5849,-3.97750e6,1.99485e6,-5.00331e-9
1457951100,30469046.807723153,26431030.155446395,4038.017,3.84434e14,3.5542,-3.92676e6,1.99916e6,-5.01412e-9
1457951130,30455413.763035294,26413252.814940102,4042.161,3.96780e14,0.4568,-3.99724e6,2.00346e6,-5.02490e-9
1457951160,30441740.3427894,26395492.260754395,4046.248,4.12580e14,3.5072,-4.08534e6,2.00774e6,-5.03562e-9
1457951190,30428026.66642575,26377748.873175148,4050.278,4.05648e14,1.7680,-4.05902e6,2.01200e6,-5.04630e-9
1457951220,30414272.85410912,26360023.033609886,4054.250,3.96846e14,0.4402,-4.02307e6,2.01624e6,-5.05693e-9
1457951250,30400479.026732028,26342315.12458124,4058.164,3.93277e14,1.3355,-4.01340e6,2.02047e6,-5.06752e-9
1457951280,30386645.305917837,26324625.5297201,4062.020,3.97502e14,0.2756,-4.04320e6,2.02467e6,-5.07805e-9
1457951310,30372771.814023998,26306954.633758694,4065.817,4.11527e14,3.2429,-4.12292e6,2.02885e6,-5.08854e-9
1457951340,30358858.6741452,26289302.822523445,4069.556,4.09160e14,2.6491,-4.11931e6,2.03301e6,-5.09897e-9
1457951370,30344906.01011665,26271670.482927755,4073.236,4.03300e14,1.1790,-4.09776e6,2.03716e6,-5.10935e-9
1457951400,30330913.94651727,26254058.002964552,4076.856,3.98344e14,0.0643,-4.08068e6,2.04128e6,-5.11969e-9
1457951430,30316882.608692553,26236465.77169902,4080.417,3.92819e14,1.4505,-4.06053e6,2.04538e6,-5.12997e-9
1457951460,30302812.122697473,26218894.17926001,4083.918,3.96346e14,0.5656,-4.08676e6,2.04946e6,-5.14020e-9
1457951490,30288702.615360405,26201343.616832994,4087.359,3.96041e14,0.6421,-4.09328e6,2.05352e6,-5.15037e-9
1457951520,30274554.214267004,26183814.47665169,4090.740,3.86837e14,2.9512,-4.05383e6,2.05756e6,-5.16049e-9
1457951550,30260367.047763646,26166307.15198987,4094.060,3.99438e14,0.2100,-4.12689e6,2.06158e6,-5.17056e-9
1457951580,30246141.24496101,26148822.037152987,4097.319,4.08010e14,2.3608,-4.17930e6,2.06557e6,-5.18057e-9
1457951610,30231876.935737558,26131359.527469583,4100.517,4.01677e14,0.7717,-4.15446e6,2.06954e6,-5.19053e-9
1457951640,30217574.25074316,26113920.019282598,4103.654,3.93022e14,1.3994,-4.11738e6,2.07349e6,-5.20043e-9
1457951670,30203233.32140257,26096503.90994048,4106.729,3.97232e14,0.3433,-4.14711e6,2.07742e6,-5.21027e-9
1457951700,30188854.27991905,26079111.597788062,4109.743,3.93738e14,1.2198,-4.13666e6,2.08133e6,-5.22006e-9
1457951730,30174437.259269048,26061743.482160956,4112.694,3.83351e14,3.8257,-4.09005e6,2.08521e6,-5.22978e-9
1457951760,30159982.393233377,26044399.963365115,4115.582,3.96795e14,0.4530,-4.16805e6,2.08906e6,-5.23945e-9
1457951790,30145489.816372942,26027081.442678202,4118.408,4.01765e14,0.7940,-4.20179e6,2.09290e6,-5.24906e-9
1457951820,30130959.664041366,26009788.32233632,4121.171,4.05134e14,1.6390,-4.22715e6,2.09671e6,-5.25861e-9
1457951850,30116392.072388463,25992521.00552405,4123.871,4.07281e14,2.1779,-4.24609e6,2.10049e6,-5.26810e-9
1457951880,30101787.17836381,25975279.8963643,4126.507,4.01792e14,0.8008,-4.22472e6,2.10425e6,-5.27752e-9
1457951910,30087145.11972025,25958065.399908096,4129.080,3.97807e14,0.1990,-4.21115e6,2.10799e6,-5.28689e-9
1457951940,30072466.03501742,25940877.922123984,4131.588,4.01617e14,0.7568,-4.23874e6,2.11170e6,-5.29619e-9
1457951970,30057750.063625287,25923717.869887386,4134.032,4.00642e14,0.5122,-4.24096e6,2.11538e6,-5.30542e-9
1457952000,30042997.345727682,25906585.65096965,4136.412,3.93692e14,1.2313,-4.21136e6,2.11904e6,-5.31460e-9
1457952030,30028208.02231718,25889481.6740123,4138.726,4.01685e14,0.7738,-4.26113e6,2.12268e6,-5.32370e-9
1457952060,30013382.23522516,25872406.34856104,4140.976,4.06706e14,2.0335,-4.29515e6,2.12629e6,-5.33275e-9
1457952090,29998520.12709892,25855360.085009042,4143.160,4.04832e14,1.5634,-4.29237e6,2.12987e6,-5.34172e-9
1457952120,29983621.84141365,25838343.29459966,4145.279,4.02010e14,0.8553,-4.28443e6,2.13342e6,-5.35063e-9
1457952150,29968687.522475913,25821356.389414523,4147.331,3.92092e14,1.6328,-4.23835e6,2.13695e6,-5.35947e-9
1457952180,29953717.31542712,25804399.782361336,4149.318,3.84422e14,3.5570,-4.20412e6,2.14045e6,-5.36824e-9
1457952210,29938711.36624712,25787473.88716151,4151.237,3.92565e14,1.5142,-4.25472e6,2.14392e6,-5.37695e-9
1457952240,29923669.82175756,25770579.118337587,4153.091,4.06007e14,1.8582,-4.33395e6,2.14736e6,-5.38558e-9
1457952270,29908592.829625536,25753715.89120047,4154.877,4.14084e14,3.8844,-4.38441e6,2.15078e6,-5.39414e-9
1457952300,29893480.538367096,25736884.621836506,4156.596,4.08186e14,2.4048,-4.35945e6,2.15417e6,-5.40263e-9
1457952330,29878333.09737,25720085.727116365,4158.247,4.00911e14,0.5797,-4.32688e6,2.15753e6,-5.41105e-9
1457952360,29863150.65683819,25703319.624613848,4159.831,3.99096e14,0.1243,-4.32372e6,2.16086e6,-5.41940e-9
1457952390,29847933.367854528,25686586.732660297,4161.347,4.01608e14,0.7546,-4.34395e6,2.16416e6,-5.42767e-9
1457952420,29832681.382365514,25669887.470309123,4162.794,4.14199e14,3.9133,-4.41896e6,2.16743e6,-5.43586e-9
1457952450,29817394.853184976,25653222.257322066,4164.173,4.11541e14,3.2466,-4.41109e6,2.17067e6,-5.44399e-9
1457952480,29802073.93399792,25636591.5141553,4165.482,4.11985e14,3.3579,-4.42003e6,2.17388e6,-5.45203e-9
1457952510,29786718.779364374,25619995.661945295,4166.723,3.99397e14,0.1998,-4.35777e6,2.17706e6,-5.46000e-9
1457952540,29771329.544723127,25603435.122494556,4167.894,3.89897e14,2.1835,-4.31212e6,2.18021e6,-5.46790e-9
1457952570,29755906.38639562,25586910.31825711,4168.996,3.94679e14,0.9838,-4.34447e6,2.18332e6,-5.47571e-9
1457952600,29740449.46158979,25570421.672323726,4170.028,3.93315e14,1.3260,-4.34313e6,2.18641e6,-5.48345e-9
1457952630,29724958.92838717,25553969.608388934,4170.989,4.04268e14,1.4220,-4.40934e6,2.18946e6,-5.49110e-9
1457952660,29709434.945798274,25537554.550791815,4171.880,3.98855e14,0.0639,-4.38566e6,2.19249e6,-5.49868e-9
1457952690,29693877.673714817,25521176.92444461,4172.701,3.88935e14,2.4248,-4.33702e6,2.19547e6,-5.50617e-9
1457952720,29678287.272930063,25504837.154835127,4173.450,4.04802e14,1.5559,-4.43034e6,2.19843e6,-5.51358e-9
1457952750,29662663.905142605,25488535.668010924,4174.128,4.08163e14,2.3990,-4.45479e6,2.20136e6,-5.52091e-9
1457952780,29647007.73296008,25472272.890563034,4174.735,3.97305e14,0.3249,-4.40061e6,2.20425e6,-5.52816e-9
1457952810,29631318.919902857,25456049.2496098,4175.270,4.04128e14,1.3868,-4.44408e6,2.20710e6,-5.53532e-9
1457952840,29615597.630407777,25439865.172780238,4175.732,4.09455e14,2.7233,-4.47929e6,2.20993e6,-5.54239e-9
1457952870,29599844.02983185,25423721.088197257,4176.123,4.04768e14,1.5474,-4.45893e6,2.21271e6,-5.54938e-9
1457952900,29584058.284455955,25407617.42446075,4176.441,3.96521e14,0.5216,-4.41865e6,2.21547e6,-5.55629e-9
1457952930,29568240.56149895,25391554.610637963,4176.686,3.91981e14,1.6608,-4.39881e6,2.21819e6,-5.56310e-9
1457952960,29552391.029089317,25375533.07622262,4176.858,3.94276e14,1.0848,-4.41692e6,2.22087e6,-5.56983e-9
1457952990,29536509.85630114,25359553.251140963,4176.957,4.03446e14,1.2156,-4.47332e6,2.22352e6,-5.57647e-9
1457953020,29520597.21314743,25343615.56572629,4176.982,4.09211e14,2.6619,-4.51076e6,2.22613e6,-5.58302e-9
1457953050,29504653.27058395,25327720.450701065,4176.933,4.12041e14,3.3719,-4.53180e6,2.22871e6,-5.58947e-9
1457953080,29488678.200512916,25311868.33715869,4176.810,4.09589e14,2.7568,-4.52324e6,2.23125e6,-5.59584e-9
1457953110,29472672.17578692,25296059.656545173,4176.613,3.95429e14,0.7957,-4.44898e6,2.23375e6,-5.60211e-9
1457953140,29456635.370212637,25280294.840640552,4176.341,3.94961e14,0.9130,-4.45127e6,2.23621e6,-5.60829e-9
1457953170,29440567.9585546,25264574.321540058,4175.994,4.00151e14,0.3891,-4.48524e6,2.23864e6,-5.61438e-9
1457953200,29424470.11653902,25248898.531635206,4175.572,3.94120e14,1.1239,-4.45613e6,2.24103e6,-5.62037e-9
1457953230,29408342.020846836,25233267.903596416,4175.074,3.89446e14,2.2965,-4.43451e6,2.24338e6,-5.62626e-9
1457953260,29392183.8491507,25217682.870347943,4174.501,3.95559e14,0.7630,-4.47351e6,2.24570e6,-5.63206e-9
1457953290,29375995.780085273,25202143.86505387,4173.852,4.09997e14,2.8591,-4.55944e6,2.24797e6,-5.63776e-9
1457953320,29359777.99326178,25186651.32109654,4173.127,4.18468e14,4.9843,-4.61177e6,2.25020e6,-5.64337e-9
1457953350,29343530.669271726,25171205.672056507,4172.325,4.09278e14,2.6789,-4.56436e6,2.25240e6,-5.64887e-9
1457953380,29327253.9896906,25155807.35169241,4171.447,4.01717e14,0.7820,-4.52598e6,2.25456e6,-5.65428e-9
1457953410,29310948.13708157,25140456.79392047,4170.491,4.00962e14,0.5926,-4.52595e6,2.25667e6,-5.65958e-9
1457953440,29294613.2949992,25125154.43279393,4169.459,4.02655e14,1.0171,-4.53970e6,2.25875e6,-5.66478e-9
1457953470,29278249.647993177,25109900.70248222,4168.349,4.09445e14,2.7208,-4.58229e6,2.26078e6,-5.66988e-9
1457953500,29261857.381612,25094696.03724988,4167.161,4.09190e14,2.6567,-4.58488e6,2.26277e6,-5.67488e-9
1457953530,29245436.68242193,25079540.871431332,4165.896,4.03558e14,1.2437,-4.55684e6,2.26472e6,-5.67977e-9
1457953560,29228987.737963904,25064435.63942191,4164.552,3.94905e14,0.9271,-4.51149e6,2.26663e6,-5.68456e-9
1457953590,29212510.736804374,25049380.775643673,4163.130,3.92615e14,1.5017,-4.50218e6,2.26850e6,-5.68924e-9
1457953620,29196005.868523862,25034376.71452764,4161.629,4.00288e14,0.4233,-4.54949e6,2.27032e6,-5.69381e-9
1457953650,29179473.323720895,25019423.890491597,4160.049,4.06926e14,2.0888,-4.59089e6,2.27210e6,-5.69828e-9
1457953680,29162913.294015825,25004522.73791787,4158.391,4.10994e14,3.1092,-4.61759e6,2.27384e6,-5.70264e-9
1457953710,29146325.972054772,24989673.691130802,4156.652,4.03131e14,1.1366,-4.57616e6,2.27554e6,-5.70689e-9
1457953740,29129711.551513407,24974877.18437408,4154.834,4.02899e14,1.0785,-4.57816e6,2.27719e6,-5.71103e-9
1457953770,29113070.22710087,24960133.651787784,4152.937,4.11412e14,3.2141,-4.63004e6,2.27879e6,-5.71505e-9
1457953800,29096402.194563583,24945443.527385343,4150.959,4.14688e14,4.0359,-4.65194e6,2.28036e6,-5.71897e-9
1457953830,29079707.650675178,24930807.245031163,4148.900,3.99974e14,0.3447,-4.57083e6,2.28187e6,-5.72277e-9
1457953860,29062986.793283284,24916225.238414105,4146.762,3.89081e14,2.3882,-4.51140e6,2.28334e6,-5.72646e-9
1457953890,29046239.82127013,24901697.941026952,4144.542,3.89680e14,2.2378,-4.51765e6,2.28477e6,-5.73004e-9
1457953920,29029466.934570298,24887225.786141478,4142.241,4.01664e14,0.7687,-4.58909e6,2.28615e6,-5.73350e-9
1457953950,29012668.334174257,24872809.206784375,4139.859,4.19548e14,5.2553,-4.69436e6,2.28748e6,-5.73684e-9
1457953980,28995844.22213208,24858448.635712963,4137.396,4.21486e14,5.7415,-4.70813e6,2.28877e6,-5.74007e-9
1457954010,28978994.801557064,24844144.50539084,4134.850,4.11643e14,3.2722,-4.65415e6,2.29001e6,-5.74318e-9
1457954040,28962120.276629295,24829897.247963164,4132.223,4.01673e14,0.7709,-4.59928e6,2.29120e6,-5.74617e-9
1457954070,28945220.85259931,24815707.295231856,4129.514,3.99770e14,0.2934,-4.59063e6,2.29234e6,-5.74904e-9
1457954100,28928296.735791605,24801575.07863058,4126.722,3.99522e14,0.2312,-4.59140e6,2.29344e6,-5.75179e-9
1457954130,28911348.133613855,24787501.029202968,4123.847,3.93904e14,1.1783,-4.56117e6,2.29449e6,-5.75442e-9
1457954160,28894375.254543174,24773485.577567097,4120.890,3.91853e14,1.6927,-4.55135e6,2.29548e6,-5.75692e-9
1457954190,28877378.308147,24759529.1538999,4117.849,4.00296e14,0.4254,-4.60186e6,2.29643e6,-5.75931e-9
1457954220,28860357.505081076,24745632.187908325,4114.725,4.02521e14,0.9836,-4.61649e6,2.29733e6,-5.76157e-9
1457954250,28843313.05709302,24731795.10880347,4111.518,4.08388e14,2.4555,-4.65201e6,2.29818e6,-5.76370e-9
1457954280,28826245.17702588,24718018.34527463,4108.227,4.01150e14,0.6396,-4.61190e6,2.29898e6,-5.76571e-9
1457954310,28809154.078821722,24704302.32546303,4104.852,3.88530e14,2.5265,-4.54061e6,2.29973e6,-5.76759e-9
1457954340,28792039.97752514,24690647.476935603,4101.393,4.01058e14,0.6165,-4.61427e6,2.30043e6,-5.76934e-9
1457954370,28774903.089286864,24677054.226658374,4097.849,4.03142e14,1.1393,-4.62760e6,2.30108e6,-5.77097e-9
1457954400,28757743.63136722,24663523.000969864,4094.221,3.84660e14,3.4974,-4.52211e6,2.30167e6,-5.77247e-9
1457954430,28740561.82214221,24650054.225553077,4090.508,3.92999e14,1.4052,-4.57133e6,2.30222e6,-5.77383e-9
1457954460,28723357.88109931,24636648.325411886,4086.710,4.13746e14,3.7997,-4.69212e6,2.30271e6,-5.77507e-9
1457954490,28706132.02884867,24623305.724840805,4082.826,4.15377e14,4.2089,-4.70243e6,2.30314e6,-5.77617e-9
1457954520,28688884.487124156,24610026.84739853,4078.858,4.03061e14,1.1192,-4.63207e6,2.30353e6,-5.77714e-9
1457954550,28671615.47878682,24596812.115880575,4074.803,3.92168e14,1.6138,-4.56980e6,2.30386e6,-5.77798e-9
1457954580,28654325.22782833,24583661.952291533,4070.663,4.02821e14,1.0588,-4.63191e6,2.30414e6,-5.77868e-9
1457954610,28637013.95937457,24570576.777817346,4066.437,4.06475e14,1.9757,-4.65349e6,2.30436e6,-5.77924e-9
1457954640,28619681.899688922,24557557.01279735,4062.125,3.97529e14,0.2688,-4.60212e6,2.30453e6,-5.77967e-9
1457954670,28602329.276175797,24544603.076696128,4057.726,3.97211e14,0.3486,-4.60052e6,2.30465e6,-5.77997e-9
1457954700,28584956.317383964,24531715.38807532,4053.241,4.01223e14,0.6580,-4.62383e6,2.30471e6,-5.78012e-9
1457954730,28567563.253004547,24518894.3645567,4048.669,4.07705e14,2.2842,-4.66131e6,2.30471e6,-5.78014e-9
1457954760,28550150.313891,24506140.422820024,4044.010,4.05172e14,1.6486,-4.64656e6,2.30466e6,-5.78001e-9
1457954790,28532717.732045848,24493453.97854772,4039.264,4.04518e14,1.4845,-4.64257e6,2.30455e6,-5.77975e-9
1457954820,28515265.740629245,24480835.446404703,4034.430,4.08420e14,2.4634,-4.66479e6,2.30439e6,-5.77934e-9
1457954850,28497794.57396227,24468285.24000938,4029.509,4.06052e14,1.8695,-4.65066e6,2.30417e6,-5.77880e-9
1457954880,28480304.46753004,24455803.7719046,4024.501,3.96602e14,0.5014,-4.59550e6,2.30389e6,-5.77811e-9
1457954910,28462795.657984942,24443391.45352845,4019.404,4.03339e14,1.1888,-4.63375e6,2.30356e6,-5.77727e-9
1457954940,28445268.38314975,24431048.695184924,4014.220,4.18063e14,4.8826,-4.71801e6,2.30316e6,-5.77629e-9
1457954970,28427722.882020738,24418775.90601454,4008.947,4.10629e14,3.0176,-4.67416e6,2.30271e6,-5.77516e-9
1457955000,28410159.39477075,24406573.493964903,4003.586,3.92236e14,1.5967,-4.56693e6,2.30220e6,-5.77389e-9
1457955030,28392578.16275746,24394441.865782917,3998.136,3.89075e14,2.3897,-4.54756e6,2.30163e6,-5.77247e-9
1457955060,28374979.42851051,24382381.426917665,3992.598,3.95539e14,0.7680,-4.58363e6,2.30101e6,-5.77090e-9
1457955090,28357363.435750265,24370392.581558425,3986.971,4.00356e14,0.4404,-4.61005e6,2.30032e6,-5.76919e-9
1457955120,28339730.429385807,24358475.73258306,3981.255,3.97802e14,0.2003,-4.59382e6,2.29957e6,-5.76732e-9
1457955150,28322080.65551782,24346631.2815283,3975.449,3.89639e14,2.2481,-4.54515e6,2.29876e6,-5.76530e-9
1457955180,28304414.361441616,24334859.62855985,3969.555,3.95454e14,0.7893,-4.57695e6,2.29790e6,-5.76313e-9
1457955210,28286731.795650057,24323161.172442537,3963.571,3.99870e14,0.3184,-4.60054e6,2.29697e6,-5.76081e-9
1457955240,28269033.207836393,24311536.31051029,3957.497,4.11432e14,3.2190,-4.66514e6,2.29598e6,-5.75834e-9
1457955270,28251318.84889717,24299985.438636106,3951.333,4.12539e14,3.4970,-4.66938e6,2.29493e6,-5.75571e-9
1457955300,28233588.97093501,24288508.95120183,3945.080,4.00912e14,0.5798,-4.60023e6,2.29381e6,-5.75293e-9
1457955330,28215843.82725684,24277107.2410401,3938.737,3.98020e14,0.1456,-4.58125e6,2.29264e6,-5.74999e-9
1457955360,28198083.672390714,24265780.699490108,3932.303,4.00034e14,0.3596,-4.59035e6,2.29140e6,-5.74689e-9
1457955390,28180308.76207455,24254529.716280844,3925.779,4.03134e14,1.1374,-4.60556e6,2.29010e6,-5.74364e-9
1457955420,28162519.35326327,24243354.6795284,3919.165,4.10419e14,2.9651,-4.64464e6,2.28874e6,-5.74023e-9
1457955450,28144715.704131383,24232255.975705292,3912.460,4.24476e14,6.4916,-4.72238e6,2.28731e6,-5.73666e-9
1457955480,28126898.074075554,24221233.98960964,3905.664,4.17398e14,4.7160,-4.67873e6,2.28582e6,-5.73293e-9
1457955510,28109066.72371715,24210289.10433443,3898.778,4.11386e14,3.2077,-4.64111e6,2.28426e6,-5.72904e-9
1457955540,28091221.914904654,24199421.70123658,3891.800,4.07734e14,2.2914,-4.61692e6,2.28265e6,-5.72499e-9
1457955570,28073363.910716143,24188632.159906156,3884.732,3.97033e14,0.3931,-4.55230e6,2.28096e6,-5.72078e-9
1457955600,28055492.975461677,24177920.858135343,3877.572,3.97838e14,0.1912,-4.55342e6,2.27921e6,-5.71641e-9
1457955630,28037609.37468543,24167288.171909213,3870.321,4.05914e14,1.8349,-4.59593e6,2.27740e6,-5.71187e-9
1457955660,28019713.375168696,24156734.4753082,3862.979,4.07119e14,2.1372,-4.59902e6,2.27552e6,-5.70716e-9
1457955690,28001805.24493134,24146260.140544016,3855.545,3.96526e14,0.5203,-4.53469e6,2.27358e6,-5.70230e-9
1457955720,27983885.253234312,24135865.537907198,3848.020,3.84327e14,3.5809,-4.46118e6,2.27156e6,-5.69726e-9
1457955750,27965953.670581814,24125551.035736408,3840.403,3.87450e14,2.7973,-4.47488e6,2.26949e6,-5.69207e-9
1457955780,27948010.76872345,24115317.000387657,3832.694,3.89720e14,2.2278,-4.48357e6,2.26734e6,-5.68670e-9
1457955810,27930056.82065636,24105163.79620366,3824.893,3.92071e14,1.6381,-4.49255e6,2.26513e6,-5.68116e-9
1457955840,27912092.10062722,24095091.78548313,3817.000,3.98976e14,0.0943,-4.52723e6,2.26285e6,-5.67546e-9
1457955870,27894116.884134322,24085101.32845006,3809.016,3.98046e14,0.1390,-4.51727e6,2.26051e6,-5.66959e-9
1457955900,27876131.44792951,24075192.783223145,3800.939,4.02597e14,1.0026,-4.53822e6,2.25809e6,-5.66355e-9
1457955930,27858136.070043437,24065366.505779438,3792.770,4.06533e14,1.9901,-4.55550e6,2.25561e6,-5.65734e-9
1457955960,27840131.02971546,24055622.849941608,3784.508,4.04710e14,1.5328,-4.54006e6,2.25306e6,-5.65095e-9
1457955990,27822116.607467704,24045962.16732936,3776.154,4.01583e14,0.7482,-4.51713e6,2.25044e6,-5.64440e-9
1457956020,27804093.085083622,24036384.807334833,3767.708,4.01249e14,0.6644,-4.50986e6,2.24775e6,-5.63767e-9
1457956050,27786060.7456098,24026891.117092073,3759.170,3.93167e14,1.3631,-4.45883e6,2.24500e6,-5.63076e-9
1457956080,27768019.873357773,24017481.44144661,3750.538,3.91528e14,1.7744,-4.44400e6,2.24217e6,-5.62369e-9
1457956110,27749970.75390569,24008156.122925144,3741.815,4.03173e14,1.1472,-4.50367e6,2.23927e6,-5.61644e-9
1457956140,27731913.67409998,23998915.50170517,3732.998,4.05150e14,1.6432,-4.50880e6,2.23631e6,-5.60901e-9
1457956170,27713848.922056817,23989759.91558477,3724.089,4.02325e14,0.9344,-4.48686e6,2.23327e6,-5.60141e-9
1457956200,27695776.787163533,23980689.699952435,3715.087,3.96029e14,0.6452,-4.44540e6,2.23016e6,-5.59363e-9
1457956230,27677697.55999977,23971705.18774969,3705.992,3.97762e14,0.2102,-4.44876e6,2.22699e6,-5.58567e-9
1457956260,27659611.53258617,23962806.709463444,3696.805,4.02738e14,1.0379,-4.47002e6,2.22374e6,-5.57754e-9
1457956290,27641518.9981374,23953994.59307373,3687.524,4.06738e14,2.0416,-4.48563e6,2.22042e6,-5.56923e-9
1457956320,27623420.25114295,23945269.164031085,3678.151,4.05350e14,1.6933,-4.47107e6,2.21703e6,-5.56074e-9
1457956350,27605315.58736761,23936630.74522668,3668.685,3.99233e14,0.1588,-4.43013e6,2.21356e6,-5.55207e-9
1457956380,27587205.303851858,23928079.656962663,3659.126,3.91990e14,1.6585,-4.38291e6,2.21003e6,-5.54322e-9
1457956410,27569089.69891225,23919616.21692261,3649.473,3.95244e14,0.8422,-4.39377e6,2.20642e6,-5.53418e-9
1457956440,27550969.072141737,23911240.74014204,3639.728,4.07466e14,2.2242,-4.45398e6,2.20274e6,-5.52497e-9
1457956470,27532843.72441007,23902953.538979113,3629.890,3.97937e14,0.1663,-4.39384e6,2.19899e6,-5.51558e-9
1457956500,27514713.95786411,23894754.92308541,3619.959,3.89974e14,2.1643,-4.34236e6,2.19516e6,-5.50600e-9
1457956530,27496580.076082975,23886645.19938509,3609.935,3.92470e14,1.5380,-4.34837e6,2.19127e6,-5.49624e-9
1457956560,27478442.383601278,23878624.67202079,3599.818,4.01622e14,0.7582,-4.39071e6,2.18729e6,-5.48629e-9
1457956590,27460301.186387748,23870693.64235009,3589.608,4.00756e14,0.5409,-4.37786e6,2.18325e6,-5.47617e-9
1457956620,27442156.791691996,23862852.40890885,3579.304,4.01570e14,0.7449,-4.37405e6,2.17913e6,-5.46585e-9
1457956650,27424009.508045953,23855101.267382856,3568.908,4.04901e14,1.5808,-4.38382e6,2.17494e6,-5.45536e-9
1457956680,27405859.64526522,23847440.510579582,3558.419,4.01168e14,0.6441,-4.35490e6,2.17067e6,-5.44467e-9
1457956710,27387707.514450453,23839870.428400233,3547.837,3.94602e14,1.0032,-4.31052e6,2.16633e6,-5.43381e-9
1457956740,27369553.42798853,23832391.30781189,3537.162,3.87225e14,2.8539,-4.26174e6,2.16192e6,-5.42275e-9
1457956770,27351397.69955363,23825003.432819895,3526.394,4.01545e14,0.7386,-4.33039e6,2.15743e6,-5.41151e-9
1457956800,27333240.644108094,23817707.08444034,3515.534,4.06392e14,1.9547,-4.34742e6,2.15287e6,-5.40008e-9
1457956830,27315082.577712297,23810502.54067597,3504.580,3.97149e14,0.3643,-4.28825e6,2.14823e6,-5.38846e-9
1457956860,27296923.81811374,23803390.076479763,3493.534,3.97280e14,0.3313,-4.27955e6,2.14351e6,-5.37666e-9
1457956890,27278764.68415742,23796369.96373731,3482.395,4.05152e14,1.6436,-4.31223e6,2.13872e6,-5.36466e-9
1457956920,27260605.495975494,23789442.471237224,3471.163,4.08167e14,2.4001,-4.31857e6,2.13386e6,-5.35248e-9
1457956950,27242446.57498581,23782607.86464481,3459.839,4.06170e14,1.8991,-4.29791e6,2.12892e6,-5.34011e-9
1457956980,27224288.243890293,23775866.406475846,3448.422,4.07831e14,2.3157,-4.29664e6,2.12390e6,-5.32755e-9
1457957010,27206130.826673232,23769218.35607068,3436.912,4.02209e14,0.9052,-4.25647e6,2.11881e6,-5.31480e-9
1457957040,27187974.648599356,23762663.969568472,3425.311,3.93852e14,1.1912,-4.20179e6,2.11365e6,-5.30186e-9
1457957070,27169820.03621185,23756203.499881737,3413.617,3.99616e14,0.2547,-4.22186e6,2.10840e6,-5.28872e-9
1457957100,27151667.3173303,23749837.196671065,3401.830,3.88815e14,2.4550,-4.15424e6,2.10308e6,-5.27540e-9
1457957130,27133516.821204647,23743565.306301966,3389.952,3.91766e14,1.7145,-4.15912e6,2.09769e6,-5.26189e-9
1457957160,27115368.87803194,23737388.071875926,3377.981,4.08184e14,2.4044,-4.23444e6,2.09221e6,-5.24818e-9
1457957190,27097223.8194363,23731305.733150184,3365.918,3.91501e14,1.7810,-4.13589e6,2.08666e6,-5.23428e-9
1457957220,27079081.9783119,23725318.526531238,3353.763,3.87618e14,2.7552,-4.10448e6,2.08104e6,-5.22019e-9
1457957250,27060943.68882182,23719426.68505081,3341.517,3.93025e14,1.3988,-4.12139e6,2.07534e6,-5.20591e-9
1457957280,27042809.286396954,23713630.43834194,3329.179,4.00879e14,0.5717,-4.15070e6,2.06956e6,-5.19143e-9
1457957310,27024679.10773487,23707930.012615416,3316.749,4.00048e14,0.3632,-4.13466e6,2.06370e6,-5.17676e-9
1457957340,27006553.490798604,23702325.630636506,3304.228,3.99813e14,0.3042,-4.12156e6,2.05777e6,-5.16190e-9
1457957370,26988432.774815325,23696817.51170198,3291.615,4.04833e14,1.5637,-4.13537e6,2.05176e6,-5.14685e-9
1457957400,26970317.300274998,23691405.87161736,3278.911,3.99220e14,0.1554,-4.09431e6,2.04567e6,-5.13160e-9
1457957430,26952207.40884108,23686090.92270052,3266.116,4.02279e14,0.9230,-4.09763e6,2.03950e6,-5.11616e-9
1457957460,26934103.443619676,23680872.873679966,3253.231,4.01053e14,0.6153,-4.07884e6,2.03326e6,-5.10052e-9
1457957490,26916005.748886503,23675751.92975268,3240.254,4.08138e14,2.3928,-4.10220e6,2.02694e6,-5.08469e-9
1457957520,26897914.670172136,23670728.292537246,3227.186,4.08321e14,2.4386,-4.09019e6,2.02055e6,-5.06867e-9
1457957550,26879830.554259386,23665802.160052963,3214.028,3.97998e14,0.1512,-4.02493e6,2.01407e6,-5.05245e-9
1457957580,26861753.74918049,23660973.726699337,3200.780,3.92631e14,1.4975,-3.98482e6,2.00752e6,-5.03604e-9
1457957610,26843684.604214195,23656243.183235876,3187.441,3.89546e14,2.2717,-3.95618e6,2.00089e6,-5.01943e-9
1457957640,26825623.469882686,23651610.716762237,3174.013,3.94445e14,1.0424,-3.96744e6,1.99418e6,-5.00263e-9
1457957670,26807570.69794838,23647076.51069874,3160.494,3.88114e14,2.6308,-3.92239e6,1.98740e6,-4.98563e-9
1457957700,26789526.64141054,23642640.744767174,3146.886,3.93449e14,1.2923,-3.93536e6,1.98053e6,-4.96844e-9
1457957730,26771491.65454168,23638303.594948847,3133.188,4.06721e14,2.0373,-3.98729e6,1.97359e6,-4.95105e-9
1457957760,26753466.09276128,23634065.233537227,3119.401,3.88052e14,2.6464,-3.88102e6,1.96658e6,-4.93347e-9
1457957790,26735450.312754944,23629925.829048842,3105.524,3.78024e14,5.1622,-3.81773e6,1.95948e6,-4.91570e-9
1457957820,26717444.67243113,23625885.546228137,3091.559,3.91263e14,1.8407,-3.86861e6,1.95231e6,-4.89773e-9
1457957850,26699449.530917488,23621944.54602997,3077.505,4.03898e14,1.3291,-3.91590e6,1.94506e6,-4.87956e-9
1457957880,26681465.24855707,23618102.985602297,3063.362,4.04540e14,1.4900,-3.90428e6,1.93773e6,-4.86120e-9
1457957910,26663492.186904438,23614361.018269297,3049.131,4.04960e14,1.5956,-3.89140e6,1.93032e6,-4.84265e-9
1457957940,26645530.70872167,23610718.793514878,3034.812,4.09375e14,2.7031,-3.89762e6,1.92284e6,-4.82390e-9
1457957970,26627581.177974142,23607176.456966482,3020.405,3.95915e14,0.6737,-3.81763e6,1.91528e6,-4.80496e-9
1457958000,26609643.959826272,23603734.150379367,3005.910,3.97434e14,0.2927,-3.80968e6,1.90764e6,-4.78582e-9
1457958030,26591719.420618143,23600392.011633467,2991.327,3.96080e14,0.6324,-3.78783e6,1.89992e6,-4.76649e-9
1457958060,26573807.927919228,23597150.174680892,2976.658,3.86463e14,3.0450,-3.72665e6,1.89213e6,-4.74696e-9
1457958090,26555909.850465287,23594008.76956861,2961.901,3.85131e14,3.3791,-3.70486e6,1.88425e6,-4.72724e-9
1457958120,26538025.558172207,23590967.922412354,2947.058,3.79571e14,4.7740,-3.66307e6,1.87631e6,-4.70733e-9
1457958150,26520155.42213087,23588027.755382996,2932.128,3.87210e14,2.8577,-3.68322e6,1.86828e6,-4.68722e-9
1457958180,26502299.81460181,23585188.38669331,2917.111,4.01224e14,0.6581,-3.73266e6,1.86018e6,-4.66692e-9
1457958210,26484459.109009746,23582449.930585165,2902.009,4.07456e14,2.2218,-3.74521e6,1.85200e6,-4.64642e-9
1457958240,26466633.679937974,23579812.4973171,2886.821,4.00588e14,0.4986,-3.69676e6,1.84374e6,-4.62574e-9
1457958270,26448823.903122544,23577276.19315242,2871.548,3.94168e14,1.1119,-3.65050e6,1.83541e6,-4.60486e-9
1457958300,26431030.155446395,23574841.12034759,2856.189,3.99225e14,0.1567,-3.65696e6,1.82700e6,-4.58378e-9
1457958330,26413252.814940102,23572507.377136912,2840.745,3.98390e14,0.0528,-3.63617e6,1.81851e6,-4.56252e-9
1457958360,26395492.260754395,23570275.05773471,2825.217,3.88875e14,2.4399,-3.57585e6,1.80995e6,-4.54106e-9
1457958390,26377748.873175148,23568144.252312645,2809.605,3.96928e14,0.4196,-3.59519e6,1.80131e6,-4.51941e-9
1457958420,26360023.033609886,23566115.04699381,2793.908,3.96369e14,0.5598,-3.57529e6,1.79259e6,-4.49757e-9
1457958450,26342315.12458124,23564187.52384327,2778.128,3.96431e14,0.5443,-3.55804e6,1.78380e6,-4.47554e-9
1457958480,26324625.5297201,23562361.760859117,2762.264,3.96460e14,0.5371,-3.54049e6,1.77493e6,-4.45332e-9
1457958510,26306954.633758694,23560637.831963908,2746.317,3.96286e14,0.5807,-3.52189e6,1.76598e6,-4.43091e-9
1457958540,26289302.822523445,23559015.806996554,2730.287,4.03752e14,1.2924,-3.53683e6,1.75696e6,-4.40831e-9
1457958570,26271670.482927755,23557495.751704633,2714.175,3.86556e14,3.0217,-3.44312e6,1.74787e6,-4.38552e-9
1457958600,26254058.002964552,23556077.727737103,2697.980,3.81513e14,4.2868,-3.40306e6,1.73870e6,-4.36254e-9
1457958630,26236465.77169902,23554761.792640675,2681.704,3.96472e14,0.5341,-3.44989e6,1.72945e6,-4.33937e-9
1457958660,26218894.17926001,23553547.99984411,2665.346,4.06225e14,1.9129,-3.47341e6,1.72013e6,-4.31601e-9
1457958690,26201343.616832994,23552436.39866119,2648.907,4.05952e14,1.8444,-3.45327e6,1.71074e6,-4.29247e-9
1457958720,26183814.47665169,23551427.03428249,2632.387,4.00325e14,0.4327,-3.41015e6,1.70127e6,-4.26874e-9
1457958750,26166307.15198987,23550519.947770383,2615.787,3.80887e14,4.4440,-3.30852e6,1.69172e6,-4.24482e-9
1457958780,26148822.037152987,23549715.176054463,2599.107,3.83595e14,3.7645,-3.30115e6,1.68210e6,-4.22072e-9
1457958810,26131359.527469583,23549012.751927514,2582.347,3.96126e14,0.6208,-3.33472e6,1.67241e6,-4.19643e-9
1457958840,26113920.019282598,23548412.70404183,2565.507,4.04114e14,1.3831,-3.34859e6,1.66264e6,-4.17195e-9
1457958870,26096503.90994048,23547915.05690606,2548.589,3.99793e14,0.2992,-3.31086e6,1.65280e6,-4.14730e-9
1457958900,26079111.597788062,23547519.83088243,2531.592,3.84368e14,3.5707,-3.22743e6,1.64289e6,-4.12245e-9
1457958930,26061743.482160956,23547227.042175274,2514.516,3.97858e14,0.1864,-3.26310e6,1.63290e6,-4.09743e-9
1457958960,26044399.963365115,23547036.702857528,2497.363,3.99492e14,0.2238,-3.24966e6,1.62284e6,-4.07222e-9
1457958990,26027081.442678202,23546948.82084133,2480.133,3.93800e14,1.2042,-3.20635e6,1.61271e6,-4.04683e-9
1457959020,26009788.32233632,23546963.39988604,2462.825,3.90010e14,2.1551,-3.17084e6,1.60251e6,-4.02126e-9
1457959050,25992521.00552405,23547080.43959772,2445.441,3.85999e14,3.1615,-3.13449e6,1.59223e6,-3.99550e-9
1457959080,25975279.8963643,23547299.935429085,2427.980,3.99315e14,0.1793,-3.16700e6,1.58189e6,-3.96957e-9
1457959110,25958065.399908096,23547621.878679942,2410.444,4.02062e14,0.8683,-3.15698e6,1.57147e6,-3.94346e-9
1457959140,25940877.922123984,23548046.256498,2392.832,3.96929e14,0.4193,-3.11582e6,1.56098e6,-3.91717e-9
1457959170,25923717.869887386,23548573.051880237,2375.145,4.10188e14,2.9070,-3.14633e6,1.55042e6,-3.89070e-9
1457959200,25906585.65096965,23549202.243674625,2357.383,3.95683e14,0.7320,-3.06873e6,1.53978e6,-3.86406e-9
1457959230,25889481.6740123,23549933.80659517,2339.548,3.69264e14,7.3598,-2.94604e6,1.52908e6,-3.83724e-9
1457959260,25872406.34856104,23550767.711185567,2321.639,3.71772e14,6.7307,-2.93485e6,1.51831e6,-3.81024e-9
1457959290,25855360.085009042,23551703.92386123,2303.656,3.83852e14,3.7000,-2.95961e6,1.50747e6,-3.78307e-9
1457959320,25838343.29459966,23552742.406900488,2285.601,4.05648e14,1.7680,-3.02006e6,1.49656e6,-3.75573e-9
1457959350,25821356.389414523,23553883.118448805,2267.473,4.15313e14,4.1928,-3.03396e6,1.48558e6,-3.72821e-9
1457959380,25804399.782361336,23555126.012523454,2249.274,4.07074e14,2.1257,-2.98092e6,1.47453e6,-3.70052e-9
1457959410,25787473.88716151,23556471.039018594,2231.003,4.08878e14,2.5784,-2.96509e6,1.46342e6,-3.67266e-9
1457959440,25770579.118337587,23557918.143710896,2212.661,3.87481e14,2.7896,-2.86446e6,1.45223e6,-3.64463e-9
1457959470,25753715.89120047,23559467.268265534,2194.249,3.72630e14,6.5153,-2.78858e6,1.44098e6,-3.61643e-9
1457959500,25736884.621836506,23561118.350242667,2175.766,3.90530e14,2.0248,-2.83091e6,1.42967e6,-3.58807e-9
1457959530,25720085.727116365,23562871.323094945,2157.214,4.03500e14,1.2293,-2.85455e6,1.41828e6,-3.55953e-9
1457959560,25703319.624613848,23564726.116203804,2138.594,4.15413e14,4.2179,-2.87358e6,1.40683e6,-3.53083e-9
1457959590,25686586.732660297,23566682.65485849,2119.904,4.01645e14,0.7637,-2.80186e6,1.39531e6,-3.50196e-9
1457959620,25669887.470309123,23568740.86027347,2101.147,3.93715e14,1.2257,-2.75108e6,1.38373e6,-3.47293e-9
1457959650,25653222.257322066,23570900.649597064,2082.322,3.73063e14,6.4069,-2.65681e6,1.37208e6,-3.44373e-9
1457959680,25636591.5141553,23573161.935920432,2063.430,3.60593e14,9.5353,-2.59157e6,1.36037e6,-3.41438e-9
1457959710,25619995.661945295,23575524.628287088,2044.471,4.03415e14,1.2080,-2.71410e6,1.34860e6,-3.38486e-9
1457959740,25603435.122494556,23577988.63170273,2025.446,4.15510e14,4.2423,-2.73087e6,1.33676e6,-3.35518e-9
1457959770,25586910.31825711,23580553.847145554,2006.356,4.08863e14,2.5746,-2.68446e6,1.32485e6,-3.32534e-9
1457965440,23579812.4973171,25591984.217834372,2012.172,4.05872e14,1.8242,2.68292e6,-1.32957e6,3.33442e-9
1457965470,23577276.19315242,25608522.76901383,2031.247,4.10838e14,3.0701,2.72359e6,-1.34144e6,3.36422e-9
1457965500,23574841.12034759,25625096.93857413,2050.256,4.03607e14,1.2559,2.72303e6,-1.35324e6,3.39386e-9
1457965530,23572507.377136912,25641706.30398777,2069.199,4.02473e14,0.9716,2.74278e6,-1.36498e6,3.42334e-9
1457965560,23570275.05773471,25658350.443357486,2088.075,4.12648e14,3.5243,2.80139e6,-1.37666e6,3.45265e-9
1457965590,23568144.252312645,25675028.93546903,2106.885,4.11635e14,3.2700,2.82150e6,-1.38827e6,3.48180e-9
1457965620,23566115.04699381,25691741.359793212,2125.626,3.92152e14,1.6178,2.77657e6,-1.39981e6,3.51079e-9
1457965650,23564187.52384327,25708487.296500098,2144.300,3.93410e14,1.3022,2.80381e6,-1.41129e6,3.53962e-9
1457965680,23562361.760859117,25725266.32647316,2162.905,3.89077e14,2.3893,2.81104e6,-1.42270e6,3.56828e-9
1457965710,23560637.831963908,25742078.031323135,2181.440,3.95694e14,0.7291,2.85727e6,-1.43405e6,3.59677e-9
1457965740,23559015.806996554,25758921.99340169,2199.906,4.04323e14,1.4358,2.91104e6,-1.44533e6,3.62509e-9
1457965770,23557495.751704633,25775797.795814887,2218.302,3.77984e14,5.1722,2.83741e6,-1.45654e6,3.65325e-9
1457965800,23556077.727737103,25792705.02243645,2236.627,3.87556e14,2.7708,2.89437e6,-1.46768e6,3.68124e-9
1457965830,23554761.792640675,25809643.257914875,2254.881,4.14309e14,3.9409,3.01545e6,-1.47876e6,3.70905e-9
1457965860,23553547.99984411,25826612.0877051,2273.064,4.02791e14,1.0513,2.99488e6,-1.48977e6,3.73670e-9
1457965890,23552436.39866119,25843611.098061677,2291.175,3.94519e14,1.0240,2.98574e6,-1.50071e6,3.76417e-9
1457965920,23551427.03428249,25860639.876057643,2309.213,3.86468e14,3.0437,2.97686e6,-1.51158e6,3.79147e-9
1457965950,23550519.947770383,25877698.00959672,2327.178,3.81474e14,4.2967,2.97907e6,-1.52238e6,3.81859e-9
1457965980,23549715.176054463,25894785.087425355,2345.070,4.00322e14,0.4318,3.07256e6,-1.53311e6,3.84554e-9
1457966010,23549012.751927514,25911900.699144565,2362.888,4.03531e14,1.2371,3.10637e6,-1.54377e6,3.87232e-9
1457966040,23548412.70404183,25929044.435221538,2380.632,3.96324e14,0.5710,3.09960e6,-1.55436e6,3.89892e-9
1457966070,23547915.05690606,25946215.887001134,2398.301,3.90317e14,2.0781,3.09701e6,-1.56488e6,3.92534e-9
1457966100,23547519.83088243,25963414.646717098,2415.895,3.83708e14,3.7363,3.09158e6,-1.57533e6,3.95158e-9
1457966130,23547227.042175274,25980640.307498142,2433.413,3.95227e14,0.8464,3.15778e6,-1.58571e6,3.97765e-9
1457966160,23547036.702857528,25997892.46339393,2450.856,3.99146e14,0.1370,3.19401e6,-1.59602e6,4.00353e-9
1457966190,23546948.82084133,26015170.70937124,2468.222,4.01804e14,0.8037,3.22522e6,-1.60625e6,4.02924e-9
1457966220,23546963.39988604,26032474.641328916,2485.511,4.01384e14,0.6984,3.24393e6,-1.61641e6,4.05476e-9
1457966250,23547080.43959772,26049803.85610825,2502.723,3.85334e14,3.3282,3.19871e6,-1.62650e6,4.08010e-9
1457966280,23547299.935429085,26067157.95150304,2519.858,3.96032e14,0.6443,3.26234e6,-1.63652e6,4.10527e-9
1457966310,23547621.878679942,26084536.52626952,2536.915,3.99815e14,0.3048,3.29780e6,-1.64647e6,4.13024e-9
1457966340,23548046.256498,26101939.180136085,2553.893,3.92388e14,1.5585,3.28673e6,-1.65634e6,4.15504e-9
1457966370,23548573.051880237,26119365.513812866,2570.792,4.17296e14,4.6904,3.41029e6,-1.66614e6,4.17965e-9
1457966400,23549202.243674625,26136815.129001055,2587.613,3.95417e14,0.7987,3.33823e6,-1.67586e6,4.20407e-9
1457966430,23549933.80659517,26154287.628416926,2604.354,3.70105e14,7.1490,3.25043e6,-1.68552e6,4.22832e-9
1457966460,23550767.711185567,26171782.615755606,2621.015,3.93271e14,1.3371,3.36743e6,-1.69509e6,4.25237e-9
1457966490,23551703.92386123,26189299.695744865,2637.596,4.03448e14,1.2162,3.42984e6,-1.70460e6,4.27624e-9
1457966520,23552742.406900488,26206838.474139437,2654.096,4.09991e14,2.8576,3.47695e6,-1.71402e6,4.29992e-9
1457966550,23553883.118448805,26224398.55772968,2670.515,4.07347e14,2.1942,3.48451e6,-1.72338e6,4.32342e-9
1457966580,23555126.012523454,26241979.554350052,2686.854,4.02309e14,0.9304,3.48138e6,-1.73266e6,4.34672e-9
1457966610,23556471.039018594,26259581.072887395,2703.110,4.13056e14,3.6265,3.54685e6,-1.74186e6,4.36984e-9
1457966640,23557918.143710896,26277202.72328907,2719.285,4.01515e14,0.7312,3.51475e6,-1.75099e6,4.39277e-9
1457966670,23559467.268265534,26294844.116570935,2735.377,3.88720e14,2.4788,3.47644e6,-1.76004e6,4.41551e-9
1457966700,23561118.350242667,26312504.864825144,2751.387,4.03853e14,1.3177,3.56135e6,-1.76902e6,4.43806e-9
1457966730,23562871.323094945,26330184.581208482,2767.313,4.11217e14,3.1652,3.61213e6,-1.77793e6,4.46042e-9
1457966760,23564726.116203804,26347882.880009096,2783.157,4.07137e14,2.1416,3.61178e6,-1.78675e6,4.48260e-9
1457966790,23566682.65485849,26365599.376594692,2798.917,4.09239e14,2.6690,3.63895e6,-1.79550e6,4.50458e-9
1457966820,23568740.86027347,26383333.687438555,2814.593,4.18728e14,5.0495,3.69949e6,-1.80418e6,4.52636e-9
1457966850,23570900.649597064,26401085.430126373,2830.185,3.89460e14,2.2932,3.58402e6,-1.81277e6,4.54796e-9
1457966880,23573161.935920432,26418854.223362878,2845.692,3.66918e14,7.9484,3.49788e6,-1.82130e6,4.56937e-9
1457966910,23575524.628287088,26436639.686978403,2861.115,3.96522e14,0.5214,3.65001e6,-1.82974e6,4.59058e-9
1457966940,23577988.63170273,26454441.441935148,2876.453,4.01003e14,0.6028,3.68738e6,-1.83811e6,4.61160e-9
1457966970,23580553.847145554,26472259.110333357,2891.705,3.88733e14,2.4756,3.64718e6,-1.84640e6,4.63243e-9
1457967000,23583220.171576977,26490092.31541739,2906.872,3.89896e14,2.1839,3.66883e6,-1.85462e6,4.65307e-9
1457967030,23585987.497951627,26507940.681600496,2921.953,3.87590e14,2.7624,3.67416e6,-1.86276e6,4.67351e-9
1457967060,23588855.715232555,26525803.83441233,2936.948,3.89570e14,2.2656,3.69936e6,-1.87082e6,4.69376e-9
1457967090,23591824.708399415,26543681.40056277,2951.857,3.98931e14,0.0828,3.75929e6,-1.87880e6,4.71382e-9
1457967120,23594894.35846209,26561573.007928666,2966.679,4.01498e14,0.7268,3.78727e6,-1.88671e6,4.73368e-9
1457967150,23598064.54247351,26579478.285559308,2981.414,3.99956e14,0.3400,3.79567e6,-1.89454e6,4.75335e-9
1457967180,23601335.133542847,26597396.863681745,2996.062,3.96704e14,0.4758,3.79569e6,-1.90229e6,4.77282e-9
1457967210,23604706.000849195,26615328.37370596,3010.622,3.95213e14,0.8498,3.80386e6,-1.90996e6,4.79210e-9
1457967240,23608177.00965554,26633272.44822987,3025.095,3.95384e14,0.8070,3.81983e6,-1.91756e6,4.81119e-9
1457967270,23611748.021323282,26651228.72104426,3039.481,3.95795e14,0.7038,3.83680e6,-1.92508e6,4.83008e-9
1457967300,23615418.893327024,26669196.82713748,3053.778,3.89858e14,2.1933,3.82286e6,-1.93252e6,4.84877e-9
1457967330,23619189.47928065,26687176.40268504,3067.987,3.85448e14,3.2995,3.81597e6,-1.93989e6,4.86728e-9
1457967360,23623059.6289197,26705167.085100397,3082.107,3.90981e14,1.9115,3.85735e6,-1.94718e6,4.88558e-9
1457967390,23627029.1881509,26723168.512992945,3096.139,3.90834e14,1.9485,3.87092e6,-1.95439e6,4.90369e-9
1457967420,23631097.99905777,26741180.326187026,3110.082,4.02755e14,1.0422,3.94372e6,-1.96152e6,4.92161e-9
1457967450,23635265.89991756,26759202.165725883,3123.936,4.07760e14,2.2979,3.98264e6,-1.96857e6,4.93934e-9
1457967480,23639532.72521853,26777233.673875444,3137.701,4.03009e14,1.1060,3.97321e6,-1.97555e6,4.95686e-9
1457967510,23643898.30567762,26795274.49412803,3151.376,4.04711e14,1.5331,3.99556e6,-1.98245e6,4.97420e-9
1457967540,23648362.46825844,26813324.271205768,3164.962,3.99710e14,0.2783,3.98436e6,-1.98927e6,4.99134e-9
1457967570,23652925.036189627,26831382.65106409,3178.458,3.67106e14,7.9012,3.83459e6,-1.99602e6,5.00828e-9
1457967600,23657585.8289836,26849449.280894954,3191.863,3.74367e14,6.0797,3.88389e6,-2.00269e6,5.02503e-9
1457967630,23662344.662438422,26867523.809137587,3205.179,3.97474e14,0.2827,4.01317e6,-2.00927e6,5.04158e-9
1457967660,23667201.348710306,26885605.88545824,3218.405,3.79161e14,4.8768,3.93356e6,-2.01579e6,5.05794e-9
1457967690,23672155.696280085,26903695.160776295,3231.539,3.92544e14,1.5193,4.01403e6,-2.02222e6,5.07411e-9
1457967720,23677207.509990428,26921791.287259635,3244.584,4.10168e14,2.9021,4.11637e6,-2.02858e6,5.09008e-9
1457967750,23682356.59106613,26939893.918327406,3257.537,4.07522e14,2.2383,4.11561e6,-2.03486e6,5.10586e-9
1457967780,23687602.73713473,26958002.70865263,3270.400,4.04806e14,1.5567,4.11425e6,-2.04106e6,5.12144e-9
1457967810,23692945.742247447,26976117.31416478,3283.172,4.06817e14,2.0614,4.13694e6,-2.04719e6,5.13683e-9
1457967840,23698385.396900464,26994237.392052177,3295.852,4.07687e14,2.2795,4.15365e6,-2.05323e6,5.15202e-9
1457967870,23703921.488056522,27012362.60076428,3308.441,3.91058e14,1.8921,4.07982e6,-2.05921e6,5.16703e-9
1457967900,23709553.799166795,27030492.60001394,3320.939,3.85715e14,3.2326,4.06381e6,-2.06510e6,5.18183e-9
1457967930,23715282.110213276,27048627.05078336,3333.345,4.00399e14,0.4511,4.15157e6,-2.07092e6,5.19645e-9
1457967960,23721106.197669238,27066765.615314033,3345.659,4.09297e14,2.6836,4.20945e6,-2.07666e6,5.21087e-9
1457967990,23727025.834584303,27084907.95712094,3357.882,4.00826e14,0.5583,4.17668e6,-2.08232e6,5.22510e-9
1457968020,23733040.790587574,27103053.740990296,3370.013,3.99565e14,0.2420,4.18129e6,-2.08791e6,5.23914e-9
1457968050,23739150.83191126,27121202.632981252,3382.052,4.05426e14,1.7124,4.22312e6,-2.09342e6,5.25298e-9
1457968080,23745355.721414473,27139354.300427523,3393.999,4.02658e14,1.0181,4.21951e6,-2.09885e6,5.26664e-9
1457968110,23751655.21860744,27157508.411938835,3405.853,3.96172e14,0.6093,4.19604e6,-2.10421e6,5.28010e-9
1457968140,23758049.079675883,27175664.637402274,3417.616,3.91789e14,1.7088,4.18338e6,-2.10949e6,5.29337e-9
1457968170,23764537.05750571,27193822.647983585,3429.286,3.94668e14,0.9864,4.20899e6,-2.11470e6,5.30645e-9
1457968200,23771118.9017079,27211982.116128236,3440.863,3.89595e14,2.2592,4.19222e6,-2.11983e6,5.31934e-9
1457968230,23777794.358625453,27230142.715546284,3452.348,3.87181e14,2.8648,4.18935e6,-2.12488e6,5.33204e-9
1457968260,23784563.171415202,27248304.121263523,3463.741,3.94148e14,1.1171,4.23640e6,-2.12986e6,5.34455e-9
1457968290,23791425.08001691,27266466.00957166,3475.041,3.95039e14,0.8935,4.25093e6,-2.13476e6,5.35686e-9
1457968320,23798379.82119727,27284628.058045432,3486.248,4.00521e14,0.4818,4.28999e6,-2.13959e6,5.36899e-9
1457968350,23805427.12857592,27302789.94554302,3497.363,3.96266e14,0.5857,4.27662e6,-2.14434e6,5.38093e-9
1457968380,23812566.73265163,27320951.352206513,3508.385,3.88340e14,2.5740,4.24322e6,-2.14902e6,5.39269e-9
1457968410,23819798.360828675,27339111.959462292,3519.314,3.96597e14,0.5026,4.29694e6,-2.15362e6,5.40425e-9
1457968440,23827121.737443488,27357271.450021185,3530.150,3.92751e14,1.4675,4.28515e6,-2.15815e6,5.41563e-9
1457968470,23834536.58379144,27375429.507878717,3540.893,3.96401e14,0.5518,4.31380e6,-2.16261e6,5.42682e-9
1457968500,23842042.61815389,27393585.818315193,3551.543,4.00796e14,0.5508,4.34644e6,-2.16698e6,5.43782e-9
1457968530,23849639.555834375,27411740.067920323,3562.101,4.03491e14,1.2270,4.36977e6,-2.17129e6,5.44864e-9
1457968560,23857327.10915842,27429891.944517184,3572.565,4.03950e14,1.3422,4.38079e6,-2.17552e6,5.45927e-9
1457968590,23865104.98752884,27448041.137238525,3582.936,3.94169e14,1.1118,4.33567e6,-2.17968e6,5.46971e-9
1457968620,23872972.89744466,27466187.336502004,3593.214,3.98375e14,0.0565,4.36685e6,-2.18376e6,5.47997e-9
1457968650,23880930.542529173,27484330.234010078,3603.400,3.97868e14,0.1838,4.37208e6,-2.18777e6,5.49005e-9
1457968680,23888977.623558186,27502469.522749875,3613.492,3.94352e14,1.0657,4.36062e6,-2.19171e6,5.49994e-9
1457968710,23897113.838488452,27520604.896993008,3623.491,4.00259e14,0.4161,4.40086e6,-2.19557e6,5.50965e-9
1457968740,23905338.88248624,27538736.05229519,3633.397,4.00367e14,0.4432,4.40906e6,-2.19936e6,5.51917e-9
1457968770,23913652.4479561,27556862.685495876,3643.210,3.95936e14,0.6684,4.39202e6,-2.20308e6,5.52852e-9
1457968800,23922054.224569745,27574984.494717818,3652.930,3.96316e14,0.5732,4.40140e6,-2.20673e6,5.53768e-9
1457968830,23930543.899299238,27593101.179339945,3662.557,3.93610e14,1.2520,4.39352e6,-2.21030e6,5.54666e-9
1457968860,23939121.156433575,27611212.44007864,3672.091,3.91657e14,1.7420,4.38963e6,-2.21380e6,5.55546e-9
1457968890,23947785.67762066,27629317.978904683,3681.532,3.99643e14,0.2616,4.44088e6,-2.21723e6,5.56408e-9
1457968920,23956537.14189271,27647417.499068994,3690.880,4.03248e14,1.1661,4.46770e6,-2.22059e6,5.57252e-9
1457968950,23965375.225695875,27665510.705101486,3700.135,3.97255e14,0.3376,4.44087e6,-2.22388e6,5.58078e-9
1457968980,23974299.602919973,27683597.302809875,3709.298,4.03999e14,1.3544,4.48499e6,-2.22710e6,5.58886e-9
1457969010,23983309.944928333,27701676.999278545,3718.367,4.04590e14,1.5027,4.49464e6,-2.23024e6,5.59677e-9
1457969040,23992405.92058774,27719749.502867166,3727.344,4.04343e14,1.4406,4.49945e6,-2.23332e6,5.60449e-9
1457969070,24001587.19629845,27737814.52320939,3736.227,4.00693e14,0.5250,4.48503e6,-2.23632e6,5.61204e-9
1457969100,24010853.436024312,27755871.771211375,3745.018,3.94345e14,1.0676,4.45525e6,-2.23926e6,5.61942e-9
1457969130,24020204.30131202,27773920.959074613,3753.717,3.98872e14,0.0682,4.48643e6,-2.24212e6,5.62662e-9
1457969160,24029639.451355122,27791961.800219543,3762.322,3.95342e14,0.8174,4.47214e6,-2.24492e6,5.63365e-9
1457969190,24039158.54299053,27809994.009359147,3770.835,3.96774e14,0.4582,4.48565e6,-2.24764e6,5.64050e-9
1457969220,24048761.23073982,27828017.302473117,3779.256,3.93663e14,1.2386,4.47339e6,-2.25030e6,5.64718e-9
1457969250,24058447.166839555,27846031.396806344,3787.584,3.87505e14,2.7836,4.44372e6,-2.25289e6,5.65368e-9
1457969280,24068216.00127171,27864036.010867473,3795.820,3.98544e14,0.0142,4.51118e6,-2.25541e6,5.66002e-9
1457969310,24078067.381794207,27882030.86442718,3803.963,3.96980e14,0.4065,4.50722e6,-2.25786e6,5.66618e-9
1457969340,24088000.9539714,27900015.67851658,3812.015,4.00421e14,0.4569,4.53151e6,-2.26025e6,5.67217e-9
1457969370,24098016.361204647,27917990.175425548,3819.974,4.03096e14,1.1279,4.55134e6,-2.26257e6,5.67799e-9
1457969400,24108113.24476291,27935954.07870083,3827.841,3.87462e14,2.7945,4.46701e6,-2.26481e6,5.68365e-9
1457969430,24118291.2438219,27953907.113121312,3835.616,3.95756e14,0.7135,4.51851e6,-2.26700e6,5.68913e-9
1457969460,24128549.995468672,27971849.00476714,3843.299,3.96467e14,0.5351,4.52678e6,-2.26911e6,5.69445e-9
1457969490,24138889.134758383,27989779.48094648,3850.890,3.95332e14,0.8199,4.52440e6,-2.27116e6,5.69960e-9
1457969520,24149308.294736724,28007698.270216446,3858.390,3.96231e14,0.5943,4.53348e6,-2.27315e6,5.70458e-9
1457969550,24159807.106470667,28025605.102380842,3865.798,3.91367e14,1.8146,4.50954e6,-2.27506e6,5.70940e-9
1457969580,24170385.19907934,28043499.7084879,3873.115,4.01333e14,0.6855,4.57015e6,-2.27691e6,5.71406e-9
1457969610,24181042.199764896,28061381.820828,3880.340,4.07613e14,2.2610,4.60965e6,-2.27870e6,5.71855e-9
1457969640,24191777.733843315,28079251.172931254,3887.473,4.04777e14,1.5496,4.59691e6,-2.28042e6,5.72287e-9
1457969670,24202591.424775284,28097107.499565143,3894.516,3.92158e14,1.6161,4.52799e6,-2.28208e6,5.72704e-9
1457969700,24213482.89419705,28114950.536732014,3901.468,3.97315e14,0.3224,4.56070e6,-2.28367e6,5.73104e-9
1457969730,24224451.761950817,28132780.021694433,3908.328,3.97622e14,0.2454,4.56552e6,-2.28520e6,5.73488e-9
1457969760,24235497.646116763,28150595.692887012,3915.098,3.92828e14,1.4481,4.54094e6,-2.28666e6,5.73856e-9
1457969790,24246620.16304275,28168397.289999746,3921.777,3.99915e14,0.3298,4.58441e6,-2.28807e6,5.74208e-9
1457969820,24257818.927375462,28186184.553947803,3928.366,4.00496e14,0.4756,4.59043e6,-2.28940e6,5.74545e-9
1457969850,24269093.552091043,28203957.226869166,3934.864,4.03771e14,1.2972,4.61182e6,-2.29068e6,5.74865e-9
1457969880,24280443.64852582,28221715.052122142,3941.271,4.09217e14,2.6634,4.64558e6,-2.29189e6,5.75170e-9
1457969910,24291868.826406945,28239457.77428287,3947.589,4.07215e14,2.1612,4.63640e6,-2.29304e6,5.75459e-9
1457969940,24303368.693882942,28257185.139142826,3953.816,3.95651e14,0.7398,4.57203e6,-2.29413e6,5.75733e-9
1457969970,24314942.857554246,28274896.89370619,3959.954,3.98152e14,0.1124,4.58848e6,-2.29516e6,5.75991e-9
1457970000,24326590.92250365,28292592.786187198,3966.002,3.93658e14,1.2398,4.56452e6,-2.29612e6,5.76234e-9
1457970030,24338312.492319446,28310272.565969266,3971.960,3.88679e14,2.4891,4.53761e6,-2.29703e6,5.76462e-9
1457970060,24350107.169148285,28327935.98372012,3977.829,4.00000e14,0.3511,4.60457e6,-2.29787e6,5.76674e-9
1457970090,24361974.55370261,28345582.791270833,3983.608,3.99311e14,0.1784,4.60217e6,-2.29866e6,5.76871e-9
1457970120,24373914.245298255,28363212.74165097,3989.298,3.98410e14,0.0477,4.59842e6,-2.29938e6,5.77053e-9
1457970150,24385925.841884453,28380825.589085396,3994.900,4.02661e14,1.0187,4.62429e6,-2.30005e6,5.77220e-9
1457970180,24398008.940073807,28398421.088991098,4000.412,4.01389e14,0.6995,4.61816e6,-2.30065e6,5.77373e-9
1457970210,24410163.13517222,28415998.997974,4005.836,3.98817e14,0.0544,4.60441e6,-2.30120e6,5.77510e-9
1457970240,24422388.021208674,28433559.07382566,4011.171,4.00879e14,0.5716,4.61729e6,-2.30169e6,5.77633e-9
1457970270,24434683.19096495,28451101.075520042,4016.418,4.12042e14,3.3723,4.68265e6,-2.30212e6,5.77741e-9
1457970300,24447048.236005258,28468624.763210222,4021.577,4.04333e14,1.4382,4.63886e6,-2.30249e6,5.77834e-9
1457970330,24459482.74672215,28486129.89827393,4026.647,3.94527e14,1.0220,4.58283e6,-2.30280e6,5.77914e-9
1457970360,24471986.312315375,28503616.24315982,4031.630,4.03162e14,1.1445,4.63325e6,-2.30306e6,5.77978e-9
1457970390,24484558.520872194,28521083.56153488,4036.525,4.05535e14,1.7398,4.64737e6,-2.30326e6,5.78029e-9
1457970420,24497198.95938016,28538531.618232798,4041.333,4.05786e14,1.8027,4.64911e6,-2.30340e6,5.78065e-9
1457970450,24509907.213756356,28555960.179250937,4046.053,4.15057e14,4.1285,4.70288e6,-2.30349e6,5.78087e-9
1457970480,24522682.86887652,28573369.011747397,4050.686,4.14572e14,4.0068,4.70014e6,-2.30352e6,5.78095e-9
1457970510,24535525.508603998,28590757.884038072,4055.232,4.04372e14,1.4481,4.64113e6,-2.30350e6,5.78089e-9
1457970540,24548434.71581864,28608126.565593585,4059.692,4.05341e14,1.6911,4.64657e6,-2.30342e6,5.78069e-9
1457970570,24561410.072445452,28625474.827036273,4064.065,4.12781e14,3.5576,4.68931e6,-2.30328e6,5.78036e-9
1457970600,24574451.159483213,28642802.440137092,4068.351,3.99316e14,0.1795,4.61109e6,-2.30310e6,5.77988e-9
1457970630,24587557.557006057,28660109.17775874,4072.552,3.89116e14,2.3794,4.55166e6,-2.30285e6,5.77928e-9
1457970660,24600728.844274662,28677394.814018276,4076.666,3.93060e14,1.3901,4.57386e6,-2.30256e6,5.77853e-9
1457970690,24613964.59968087,28694659.124117795,4080.695,3.89877e14,2.1885,4.55478e6,-2.30221e6,5.77765e-9
1457970720,24627264.400802583,28711901.884394567,4084.637,3.88140e14,2.6243,4.54395e6,-2.30180e6,5.77664e-9
1457970750,24640627.82443141,28729122.872317307,4088.495,3.86716e14,2.9816,4.53482e6,-2.30135e6,5.77550e-9
1457970780,24654054.446600083,28746321.866482463,4092.267,3.98109e14,0.1234,4.59960e6,-2.30084e6,5.77422e-9
1457970810,24667543.84260989,28763498.646610525,4095.955,4.02859e14,1.0683,4.62591e6,-2.30028e6,5.77281e-9
1457970840,24681095.587057814,28780652.9935422,4099.557,3.96754e14,0.4632,4.58944e6,-2.29966e6,5.77128e-9
1457970870,24694709.253863636,28797784.68923467,4103.075,4.01026e14,0.6085,4.61277e6,-2.29900e6,5.76961e-9
1457970900,24708384.416296802,28814893.51675784,4106.509,4.06345e14,1.9429,4.64201e6,-2.29829e6,5.76782e-9
1457970930,24722120.64703767,28831979.260342143,4109.859,4.12358e14,3.4515,4.67513e6,-2.29752e6,5.76589e-9
1457970960,24735917.518097702,28849041.705215607,4113.124,4.06676e14,2.0259,4.64072e6,-2.29670e6,5.76385e-9
1457970990,24749774.60095312,28866080.63775959,4116.306,3.97651e14,0.2381,4.58698e6,-2.29584e6,5.76167e-9
1457971020,24763691.466536697,28883095.84545372,4119.404,3.94050e14,1.1415,4.56441e6,-2.29492e6,5.75937e-9
1457971050,24777667.68526421,28900087.116872642,4122.419,3.88438e14,2.5496,4.53018e6,-2.29396e6,5.75695e-9
1457971080,24791702.827060666,28917054.24168253,4125.351,3.92488e14,1.5335,4.55148e6,-2.29294e6,5.75441e-9
1457971110,24805796.461386446,28933997.010637812,4128.201,4.05107e14,1.6323,4.62195e6,-2.29188e6,5.75174e-9
1457971140,24819948.157263175,28950915.215577707,4130.967,4.08551e14,2.4963,4.63951e6,-2.29077e6,5.74895e-9
1457971170,24834157.483299464,28967808.64942287,4133.651,4.00119e14,0.3810,4.58871e6,-2.28961e6,5.74604e-9
1457971200,24848424.007716417,28984677.10617199,4136.253,4.00857e14,0.5660,4.59053e6,-2.28841e6,5.74301e-9
1457971230,24862747.29834225,29001520.380855735,4138.773,3.99479e14,0.2204,4.58011e6,-2.28715e6,5.73987e-9
1457971260,24877126.922732607,29018338.269664574,4141.211,4.02637e14,1.0128,4.59562e6,-2.28585e6,5.73660e-9
1457971290,24891562.448099535,29035130.569813825,4143.568,4.07984e14,2.3541,4.62357e6,-2.28451e6,5.73322e-9
1457971320,24906053.441367142,29051897.07958229,4145.844,4.06726e14,2.0385,4.61354e6,-2.28311e6,5.72972e-9
1457971350,24920599.46919594,29068637.598308418,4148.038,4.07405e14,2.2088,4.61452e6,-2.28168e6,5.72611e-9
1457971380,24935200.09800691,29085351.926386498,4150.152,3.91009e14,1.9044,4.51770e6,-2.28019e6,5.72238e-9
1457971410,24949854.894005477,29102039.865262676,4152.185,3.86794e14,2.9621,4.49056e6,-2.27866e6,5.71854e-9
1457971440,24964563.423205156,29118701.217431124,4154.138,4.00302e14,0.4268,4.56465e6,-2.27709e6,5.71459e-9
1457971470,24979325.251451116,29135335.786430024,4156.011,3.98751e14,0.0378,4.55255e6,-2.27547e6,5.71052e-9
1457971500,24994139.94444354,29151943.376837704,4157.803,3.96156e14,0.6132,4.53441e6,-2.27381e6,5.70635e-9
1457971530,25009007.067778587,29168523.794295616,4159.517,3.98439e14,0.0406,4.54402e6,-2.27210e6,5.70206e-9
1457971560,25023926.186915874,29185076.84542137,4161.151,4.03211e14,1.1568,4.56772e6,-2.27035e6,5.69767e-9
1457971590,25038896.867257405,29201602.337888055,4162.705,4.01282e14,0.6728,4.55312e6,-2.26856e6,5.69317e-9
1457971620,25053918.67415202,29218100.080393568,4164.181,3.98710e14,0.0275,4.53481e6,-2.26672e6,5.68856e-9
1457971650,25068991.172917824,29234569.88265693,4165.579,3.90755e14,1.9682,4.48583e6,-2.26484e6,5.68384e-9
1457971680,25084113.928864546,29251011.55541453,4166.898,3.91456e14,1.7923,4.48601e6,-2.26292e6,5.67902e-9
1457971710,25099286.507315654,29267424.910416488,4168.138,4.01953e14,0.8411,4.54168e6,-2.26096e6,5.67409e-9
1457971740,25114508.47363026,29283809.76042292,4169.301,4.01428e14,0.7095,4.53468e6,-2.25896e6,5.66906e-9
1457971770,25129779.39322479,29300165.919200234,4170.387,4.03085e14,1.1251,4.53996e6,-2.25692e6,5.66393e-9
1457971800,25145098.831594527,29316493.201517507,4171.394,3.99734e14,0.2844,4.51680e6,-2.25483e6,5.65869e-9
1457971830,25160466.35432898,29332791.42313459,4172.325,3.99336e14,0.1844,4.51029e6,-2.25271e6,5.65335e-9
1457971860,25175881.527151607,29349060.40082363,4173.179,3.98351e14,0.0627,4.50039e6,-2.25054e6,5.64791e-9
1457971890,25191343.91592152,29365299.952340055,4173.956,3.96403e14,0.5513,4.48499e6,-2.24834e6,5.64238e-9
1457971920,25206853.08666041,29381509.896427024,4174.657,3.91108e14,1.8797,4.45067e6,-2.24609e6,5.63674e-9
1457971950,25222408.605573047,29397690.052811667,4175.281,3.92322e14,1.5751,4.45298e6,-2.24381e6,5.63101e-9
1457971980,25238010.039067477,29413840.242201325,4175.830,4.01762e14,0.7932,4.50147e6,-2.24149e6,5.62517e-9
1457972010,25253656.9537751,29429960.28627975,4176.303,3.96323e14,0.5714,4.46616e6,-2.23913e6,5.61925e-9
1457972040,25269348.916570455,29446050.00770335,4176.701,3.97701e14,0.2257,4.46911e6,-2.23673e6,5.61322e-9
1457972070,25285085.494590912,29462109.230097406,4177.024,4.06196e14,1.9056,4.51188e6,-2.23429e6,5.60710e-9
1457972100,25300866.255256053,29478137.778052215,4177.272,4.04373e14,1.4483,4.49667e6,-2.23182e6,5.60089e-9
1457972130,25316690.766291276,29494135.477111407,4177.445,3.96174e14,0.6087,4.44574e6,-2.22931e6,5.59459e-9
1457972160,25332558.595732972,29510102.153792545,4177.544,3.82177e14,4.1202,4.36244e6,-2.22676e6,5.58819e-9
1457972190,25348469.31196175,29526037.635558903,4177.568,3.91294e14,1.8330,4.40826e6,-2.22418e6,5.58170e-9
1457972220,25364422.483716246,29541941.7508235,4177.519,4.03460e14,1.2192,4.47090e6,-2.22156e6,5.57512e-9
1457972250,25380417.680111565,29557814.328945134,4177.397,3.95066e14,0.8868,4.41881e6,-2.21890e6,5.56845e-9
1457972280,25396454.470657393,29573655.200224675,4177.201,3.95420e14,0.7979,4.41542e6,-2.21621e6,5.56170e-9
1457972310,25412532.425276063,29589464.19590103,4176.932,4.03375e14,1.1978,4.45417e6,-2.21349e6,5.55485e-9
1457972340,25428651.114320237,29605241.14814744,4176.590,4.04812e14,1.5585,4.45659e6,-2.21073e6,5.54792e-9
1457972370,25444810.108590424,29620985.890067518,4176.176,3.95178e14,0.8587,4.39757e6,-2.20793e6,5.54090e-9
1457972400,25461008.979352307,29636698.255691443,4175.689,3.96444e14,0.5411,4.39894e6,-2.20510e6,5.53379e-9
1457972430,25477247.29834421,29652378.0799904,4175.131,4.04440e14,1.4651,4.43742e6,-2.20224e6,5.52660e-9
1457972460,25493524.637823988,29668025.198816586,4174.501,3.96160e14,0.6122,4.38588e6,-2.19934e6,5.51933e-9
1457972490,25509840.57055506,29683639.448955618,4173.799,3.87638e14,2.7502,4.33306e6,-2.19641e6,5.51197e-9
1457972520,25526194.669832747,29699220.668104734,4173.026,3.92577e14,1.5113,4.35440e6,-2.19345e6,5.50453e-9
1457972550,25542586.509500515,29714768.694869097,4172.182,3.93092e14,1.3819,4.35128e6,-2.19045e6,5.49700e-9
1457972580,25559015.663965892,29730283.368758224,4171.268,3.85783e14,3.2156,4.30515e6,-2.18743e6,5.48940e-9
1457972610,25575481.708216246,29745764.530182295,4170.283,3.94092e14,1.1311,4.34467e6,-2.18437e6,5.48172e-9
1457972640,25591984.217834372,29761212.02044859,4169.228,4.00632e14,0.5097,4.37432e6,-2.18128e6,5.47395e-9
1457972670,25608522.76901383,29776625.681757815,4168.103,3.96887e14,0.4299,4.34758e6,-2.17815e6,5.46611e-9
1457972700,25625096.93857413,29792005.357200477,4166.908,3.96668e14,0.4847,4.34009e6,-2.17500e6,5.45819e-9
1457972730,25641706.30398777,29807350.890730567,4165.645,3.99128e14,0.1324,4.34714e6,-2.17182e6,5.45019e-9
1457972760,25658350.443357486,29822662.127231892,4164.312,3.98337e14,0.0661,4.33640e6,-2.16860e6,5.44212e-9
1457972790,25675028.93546903,29837938.912444413,4162.910,4.03561e14,1.2445,4.35830e6,-2.16536e6,5.43397e-9
1457972820,25691741.359793212,29853181.09298303,4161.440,4.09737e14,2.7938,4.38521e6,-2.16208e6,5.42575e-9
1457972850,25708487.296500098,29868388.51633377,4159.901,4.02728e14,1.0356,4.34054e6,-2.15878e6,5.41745e-9
1457972880,25725266.32647316,29883561.03085002,4158.295,4.06873e14,2.0753,4.35625e6,-2.15544e6,5.40908e-9
1457972910,25742078.031323135,29898698.48574869,4156.620,4.07374e14,2.2011,4.35216e6,-2.15208e6,5.40063e-9
1457972940,25758921.99340169,29913800.731106386,4154.879,4.02249e14,0.9154,4.31766e6,-2.14869e6,5.39211e-9
1457972970,25775797.795814887,29928867.61785566,4153.070,4.25375e14,6.7170,4.43529e6,-2.14527e6,5.38353e-9
1457973000,25792705.02243645,29943898.997781172,4151.194,4.13916e14,3.8424,4.36657e6,-2.14182e6,5.37487e-9
1457973030,25809643.257914875,29958894.72353846,4149.251,3.87678e14,2.7403,4.21868e6,-2.13835e6,5.36614e-9
1457973060,25826612.0877051,29973854.648580834,4147.243,4.12973e14,3.6057,4.34728e6,-2.13485e6,5.35734e-9
1457973090,25843611.098061677,29988778.62722504,4145.168,4.10897e14,3.0848,4.32899e6,-2.13132e6,5.34848e-9
1457973120,25860639.876057643,30003666.514625303,4143.027,4.03481e14,1.2244,4.28216e6,-2.12776e6,5.33954e-9
1457973150,25877698.00959672,30018518.1667697,4140.820,4.06606e14,2.0084,4.29161e6,-2.12417e6,5.33054e-9
1457973180,25894785.087425355,30033333.44047672,4138.548,3.98378e14,0.0558,4.24052e6,-2.12056e6,5.32148e-9
1457973210,25911900.699144565,30048112.193391714,4136.211,3.93737e14,1.2201,4.20860e6,-2.11693e6,5.31235e-9
1457973240,25929044.435221538,30062854.28398343,4133.810,3.96667e14,0.4850,4.21685e6,-2.11327e6,5.30315e-9
1457973270,25946215.887001134,30077559.571540494,4131.344,4.07071e14,2.1251,4.26457e6,-2.10958e6,5.29389e-9
1457973300,25963414.646717098,30092227.91616792,4128.813,4.08300e14,2.4334,4.26355e6,-2.10587e6,5.28456e-9
1457973330,25980640.307498142,30106859.178763736,4126.219,4.03067e14,1.1206,4.22838e6,-2.10213e6,5.27518e-9
1457973360,25997892.46339393,30121453.22107696,4123.561,4.04330e14,1.4375,4.22746e6,-2.09837e6,5.26573e-9
1457973390,26015170.70937124,30136009.90564257,4120.839,4.00890e14,0.5744,4.20174e6,-2.09458e6,5.25622e-9
1457973420,26032474.641328916,30150529.09579786,4118.054,3.89774e14,2.2143,4.13578e6,-2.09077e6,5.24665e-9
1457973450,26049803.85610825,30165010.65567874,4115.207,4.01432e14,0.7102,4.18924e6,-2.08693e6,5.23701e-9
1457973480,26067157.95150304,30179454.450216208,4112.296,4.09751e14,2.7973,4.22497e6,-2.08307e6,5.22732e-9
1457973510,26084536.52626952,30193860.345132757,4109.324,4.08124e14,2.3892,4.20861e6,-2.07919e6,5.21757e-9
1457973540,26101939.180136085,30208228.206938747,4106.289,4.08648e14,2.5208,4.20343e6,-2.07529e6,5.20777e-9
1457973570,26119365.513812866,30222557.90292887,4103.192,3.92216e14,1.6017,4.11006e6,-2.07136e6,5.19790e-9
1457973600,26136815.129001055,30236849.30117856,4100.034,4.07966e14,2.3496,4.18393e6,-2.06741e6,5.18798e-9
1457973630,26154287.628416926,30251102.27055875,4096.815,4.19206e14,5.1695,4.23409e6,-2.06344e6,5.17800e-9
1457973660,26171782.615755606,30265316.68067602,4093.534,3.94323e14,1.0732,4.09729e6,-2.05944e6,5.16797e-9
1457973690,26189299.695744865,30279492.40192551,4090.193,3.94515e14,1.0249,4.09028e6,-2.05542e6,5.15788e-9
1457973720,26206838.474139437,30293629.305469237,4086.791,4.04209e14,1.4071,4.13215e6,-2.05138e6,5.14774e-9
1457973750,26224398.55772968,30307727.263232823,4083.329,4.02212e14,0.9061,4.11371e6,-2.04732e6,5.13754e-9
1457973780,26241979.554350052,30321786.147902153,4079.807,4.03327e14,1.1858,4.11122e6,-2.04324e6,5.12729e-9
1457973810,26259581.072887395,30335805.832920015,4076.225,3.95231e14,0.8453,4.06154e6,-2.03914e6,5.11699e-9
1457973840,26277202.72328907,30349786.192482922,4072.583,3.86067e14,3.1443,4.00653e6,-2.03502e6,5.10664e-9
1457973870,26294844.116570935,30363727.101537645,4068.883,3.98637e14,0.0092,4.06243e6,-2.03088e6,5.09624e-9
1457973900,26312504.864825144,30377628.435778074,4065.124,3.98131e14,0.1177,4.05152e6,-2.02671e6,5.08578e-9
1457973930,26330184.581208482,30391490.071623985,4061.305,4.01366e14,0.6937,4.05957e6,-2.02253e6,5.07528e-9
1457973960,26347882.880009096,30405311.886272818,4057.429,4.08186e14,2.4048,4.08568e6,-2.01833e6,5.06472e-9
1457973990,26365599.376594692,30419093.757641356,4053.494,3.98103e14,0.1247,4.02617e6,-2.01411e6,5.05412e-9
1457974020,26383333.687438555,30432835.564380098,4049.502,3.97137e14,0.3670,4.01282e6,-2.00987e6,5.04347e-9
1457974050,26401085.430126373,30446537.18586988,4045.452,4.04784e14,1.5514,4.04279e6,-2.00561e6,5.03277e-9
1457974080,26418854.223362878,30460198.50221845,4041.344,4.05803e14,1.8070,4.03928e6,-2.00133e6,5.02203e-9
1457974110,26436639.686978403,30473819.394257165,4037.180,3.94700e14,0.9786,3.97496e6,-1.99703e6,5.01124e-9
1457974140,26454441.441935148,30487399.74353754,4032.958,3.95863e14,0.6867,3.97219e6,-1.99271e6,5.00040e-9
1457974170,26472259.110333357,30500939.432327934,4028.680,4.05963e14,1.8471,4.01394e6,-1.98838e6,4.98952e-9
1457974200,26490092.31541739,30514438.34361019,4024.346,4.04253e14,1.4181,3.99664e6,-1.98403e6,4.97859e-9
1457974230,26507940.681600496,30527896.361093357,4019.956,3.99842e14,0.3116,3.96593e6,-1.97966e6,4.96762e-9
1457974260,26525803.83441233,30541313.36915791,4015.510,4.04582e14,1.5005,3.98063e6,-1.97527e6,4.95661e-9
1457974290,26543681.40056277,30554689.252904944,4011.008,4.04311e14,1.4326,3.97041e6,-1.97087e6,4.94555e-9
1457974320,26561573.007928666,30568023.898136105,4006.451,4.04785e14,1.5517,3.96384e6,-1.96645e6,4.93445e-9
1457974350,26579478.285559308,30581317.1913504,4001.839,4.10724e14,3.0415,3.98413e6,-1.96201e6,4.92331e-9
1457974380,26597396.863681745,30594569.019741137,3997.172,4.08481e14,2.4787,3.96407e6,-1.95756e6,4.91212e-9
1457974410,26615328.37370596,30607779.27119282,3992.451,4.12080e14,3.3817,3.97265e6,-1.95309e6,4.90090e-9
1457974440,26633272.44822987,30620947.834278084,3987.675,4.05265e14,1.6719,3.93020e6,-1.94861e6,4.88964e-9
1457974470,26651228.72104426,30634074.59825462,3982.846,4.01805e14,0.8040,3.90424e6,-1.94410e6,4.87833e-9
1457974500,26669196.82713748,30647159.453062136,3977.963,4.01705e14,0.7790,3.89468e6,-1.93959e6,4.86699e-9
1457974530,26687176.40268504,30660202.28930491,3973.026,4.09133e14,2.6423,3.92164e6,-1.93506e6,4.85561e-9
1457974560,26705167.085100397,30673202.998293094,3968.036,4.12210e14,3.4144,3.92733e6,-1.93051e6,4.84419e-9
1457974590,26723168.512992945,30686161.47199535,3962.993,3.97936e14,0.1667,3.84906e6,-1.92595e6,4.83273e-9
1457974620,26741180.326187026,30699077.603050075,3957.897,3.93703e14,1.2286,3.81951e6,-1.92137e6,4.82124e-9
1457974650,26759202.165725883,30711951.284762226,3952.749,3.90201e14,2.1072,3.79353e6,-1.91678e6,4.80971e-9
1457974680,26777233.673875444,30724782.41110025,3947.549,3.92476e14,1.5364,3.79533e6,-1.91217e6,4.79814e-9
1457974710,26795274.49412803,30737570.87669299,3942.296,3.92788e14,1.4583,3.78764e6,-1.90755e6,4.78654e-9
1457974740,26813324.271205768,30750316.576826558,3936.992,3.96946e14,0.4149,3.79829e6,-1.90291e6,4.77490e-9
1457974770,26831382.65106409,30763019.40744129,3931.637,4.14067e14,3.8802,3.87056e6,-1.89827e6,4.76323e-9
1457974800,26849449.280894954,30775679.265128657,3926.230,4.07173e14,2.1507,3.82830e6,-1.89360e6,4.75152e-9
1457974830,26867523.809137587,30788296.04713677,3920.772,3.98507e14,0.0234,3.77777e6,-1.88893e6,4.73978e-9
1457974860,26885605.88545824,30800869.65134104,3915.264,4.08215e14,2.4122,3.81429e6,-1.88424e6,4.72801e-9
1457974890,26903695.160776295,30813399.97626745,3909.705,3.99474e14,0.2192,3.76354e6,-1.87954e6,4.71620e-9
1457974920,26921791.287259635,30825886.9210811,3904.096,3.94602e14,1.0030,3.73118e6,-1.87482e6,4.70436e-9
1457974950,26939893.918327406,30838330.385583345,3898.436,4.02724e14,1.0344,3.75988e6,-1.87010e6,4.69249e-9
1457974980,26958002.70865263,30850730.27020886,3892.728,3.92590e14,1.5079,3.70291e6,-1.86536e6,4.68059e-9
1457975010,26976117.31416478,30863086.476022806,3886.969,3.89155e14,2.3696,3.67744e6,-1.86060e6,4.66866e-9
1457975040,26994237.392052177,30875398.904717945,3881.162,3.99400e14,0.2005,3.71572e6,-1.85584e6,4.65670e-9
1457975070,27012362.60076428,30887667.458611827,3875.305,4.03512e14,1.2321,3.72526e6,-1.85106e6,4.64471e-9
1457975100,27030492.60001394,30899892.040643968,3869.399,4.04233e14,1.4132,3.71896e6,-1.84628e6,4.63268e-9
1457975130,27048627.05078336,30912072.55437415,3863.446,4.08265e14,2.4247,3.72792e6,-1.84148e6,4.62063e-9
1457975160,27066765.615314033,30924208.903976187,3857.443,4.11705e14,3.2875,3.73403e6,-1.83667e6,4.60855e-9
1457975190,27084907.95712094,30936300.994238723,3851.393,4.14263e14,3.9293,3.73598e6,-1.83184e6,4.59645e-9
1457975220,27103053.740990296,30948348.730561282,3845.295,4.06884e14,2.0782,3.69230e6,-1.82701e6,4.58431e-9
1457975250,27121202.632981252,30960352.018951554,3839.149,3.92914e14,1.4265,3.61863e6,-1.82217e6,4.57215e-9
1457975280,27139354.300427523,30972310.766022652,3832.956,3.88551e14,2.5211,3.58909e6,-1.81731e6,4.55996e-9
1457975310,27157508.411938835,30984224.878990382,3826.716,3.89589e14,2.2607,3.58420e6,-1.81245e6,4.54774e-9
1457975340,27175664.637402274,30996094.26567055,3820.430,4.05095e14,1.6293,3.64488e6,-1.80757e6,4.53550e-9
1457975370,27193822.647983585,31007918.834476203,3814.096,4.06117e14,1.8857,3.63965e6,-1.80269e6,4.52323e-9
1457975400,27211982.116128236,31019698.494414933,3807.716,3.93172e14,1.3620,3.57136e6,-1.79779e6,4.51094e-9
1457975430,27230142.715546284,31031433.15507635,3801.290,3.99631e14,0.2585,3.59067e6,-1.79288e6,4.49862e-9
1457975460,27248304.121263523,31043122.726659786,3794.819,4.01361e14,0.6925,3.58858e6,-1.78797e6,4.48628e-9
1457975490,27266466.00957166,31054767.11994102,3788.301,3.95735e14,0.7189,3.55353e6,-1.78304e6,4.47391e-9
1457975520,27284628.058045432,31066366.246279433,3781.738,3.90044e14,2.1467,3.51830e6,-1.77811e6,4.46152e-9
1457975550,27302789.94554302,31077920.017615255,3775.130,3.90705e14,1.9809,3.51145e6,-1.77316e6,4.44911e-9
1457975580,27320951.352206513,31089428.346466787,3768.477,3.99931e14,0.3339,3.54258e6,-1.76821e6,4.43667e-9
1457975610,27339111.959462292,31100891.145927753,3761.779,3.93130e14,1.3723,3.50254e6,-1.76325e6,4.42421e-9
1457975640,27357271.450021185,31112308.32966452,3755.037,3.97921e14,0.1705,3.51380e6,-1.75828e6,4.41173e-9
1457975670,27375429.507878717,31123679.811913446,3748.250,4.02953e14,1.0919,3.52598e6,-1.75330e6,4.39923e-9
1457975700,27393585.818315193,31135005.507478125,3741.420,3.97295e14,0.3276,3.49113e6,-1.74831e6,4.38671e-9
1457975730,27411740.067920323,31146285.331736106,3734.545,3.95686e14,0.7312,3.47411e6,-1.74332e6,4.37416e-9
1457975760,27429891.944517184,31157519.200607568,3727.627,4.00339e14,0.4362,3.48443e6,-1.73831e6,4.36160e-9
1457975790,27448041.137238525,31168707.030581497,3720.666,4.05019e14,1.6103,3.49473e6,-1.73330e6,4.34901e-9
1457975820,27466187.336502004,31179848.738703854,3713.661,4.00676e14,0.5208,3.46577e6,-1.72828e6,4.33641e-9
1457975850,27484330.234010078,31190944.242575012,3706.614,3.97396e14,0.3021,3.44150e6,-1.72325e6,4.32378e-9
1457975880,27502469.522749875,31201993.460347373,3699.524,3.85747e14,3.2246,3.38122e6,-1.71821e6,4.31114e-9
1457975910,27520604.896993008,31212996.31072285,3692.391,3.77162e14,5.3783,3.33439e6,-1.71317e6,4.29847e-9
1457975940,27538736.05229519,31223952.712950446,3685.217,3.88267e14,2.5924,3.37215e6,-1.70812e6,4.28579e-9
1457975970,27556862.685495876,31234862.586823884,3678.000,3.83197e14,3.8644,3.34050e6,-1.70306e6,4.27309e-9
1457976000,27574984.494717818,31245725.85267916,3670.741,3.76212e14,5.6168,3.30080e6,-1.69800e6,4.26038e-9
1457976030,27593101.179339945,31256542.43139549,3663.441,4.04940e14,1.5905,3.41296e6,-1.69292e6,4.24764e-9
1457976060,27611212.44007864,31267312.244382896,3656.100,4.13362e14,3.7032,3.43838e6,-1.68784e6,4.23489e-9
1457976090,27629317.978904683,31278035.213589802,3648.717,4.00572e14,0.4945,3.37402e6,-1.68276e6,4.22212e-9
1457976120,27647417.499068994,31288711.26149758,3641.294,3.94273e14,1.0855,3.33729e6,-1.67767e6,4.20933e-9
1457976150,27665510.705101486,31299340.311118167,3633.830,4.14022e14,3.8690,3.41003e6,-1.67257e6,4.19653e-9
1457976180,27683597.302809875,31309922.28599189,3626.325,4.06484e14,1.9778,3.36808e6,-1.66746e6,4.18372e-9
1457976210,27701676.999278545,31320457.110185087,3618.780,3.87734e14,2.7261,3.27954e6,-1.66235e6,4.17088e-9
1457976240,27719749.502867166,31330944.708287906,3611.195,3.94428e14,1.0468,3.29728e6,-1.65723e6,4.15804e-9
1457976270,27737814.52320939,31341385.00541199,3603.570,3.93514e14,1.2761,3.28329e6,-1.65211e6,4.14517e-9
1457976300,27755871.771211375,31351777.92718819,3595.906,3.93579e14,1.2597,3.27337e6,-1.64698e6,4.13229e-9
1457976330,27773920.959074613,31362123.399744812,3588.202,3.95354e14,0.8145,3.27047e6,-1.64185e6,4.11940e-9
1457976360,27791961.800219543,31372421.349765442,3580.460,3.98479e14,0.0305,3.27306e6,-1.63670e6,4.10650e-9
1457976390,27809994.009359147,31382671.7044266,3572.678,3.88007e14,2.6576,3.21990e6,-1.63156e6,4.09358e-9
1457976420,27828017.302473117,31392874.391414654,3564.857,3.85303e14,3.3362,3.19869e6,-1.62641e6,4.08064e-9
1457976450,27846031.396806344,31403029.338923562,3556.998,4.00449e14,0.4637,3.25016e6,-1.62125e6,4.06770e-9
1457976480,27864036.010867473,31413136.47565238,3549.100,3.98975e14,0.0940,3.23383e6,-1.61609e6,4.05474e-9
1457976510,27882030.86442718,31423195.73080291,3541.165,3.86603e14,3.0099,3.17348e6,-1.61092e6,4.04177e-9
1457976540,27900015.67851658,31433207.03407735,3533.191,3.84636e14,3.5033,3.15537e6,-1.60575e6,4.02878e-9
1457976570,27917990.175425548,31443170.315675918,3525.180,3.80459e14,4.5512,3.12842e6,-1.60057e6,4.01579e-9
1457976600,27935954.07870083,31453085.50629459,3517.131,3.91311e14,1.8289,3.16172e6,-1.59539e6,4.00278e-9
1457976630,27953907.113121312,31462952.53715194,3509.045,4.06671e14,2.0248,3.21273e6,-1.59021e6,3.98976e-9
1457976660,27971849.00476714,31472771.339896966,3500.922,4.16625e14,4.5220,3.24182e6,-1.58502e6,3.97673e-9
1457976690,27989779.48094648,31482541.84669689,3492.762,4.10216e14,2.9141,3.20579e6,-1.57982e6,3.96369e-9
1457976720,28007698.270216446,31492263.990205985,3484.566,3.92466e14,1.5389,3.12512e6,-1.57462e6,3.95064e-9
1457976750,28025605.102380842,31501937.703563657,3476.333,4.13854e14,3.8268,3.19900e6,-1.56942e6,3.93758e-9
1457976780,28043499.7084879,31511562.92039246,3468.063,4.10708e14,3.0376,3.17604e6,-1.56421e6,3.92450e-9
1457976810,28061381.820828,31521139.57479622,3459.758,3.89301e14,2.3329,3.08172e6,-1.55900e6,3.91142e-9
1457976840,28079251.172931254,31530667.601358056,3451.416,4.03766e14,1.2959,3.12780e6,-1.55379e6,3.89833e-9
1457976870,28097107.499565143,31540146.9351385,3443.039,4.16945e14,4.6021,3.16849e6,-1.54857e6,3.88523e-9
1457976900,28114950.536732014,31549577.511673626,3434.627,3.98452e14,0.0373,3.08620e6,-1.54335e6,3.87212e-9
1457976930,28132780.021694433,31558959.26694288,3426.179,4.00250e14,0.4138,3.08268e6,-1.53812e6,3.85900e-9
1457976960,28150595.692887012,31568292.13746035,3417.696,4.25415e14,6.7271,3.16898e6,-1.53289e6,3.84587e-9
1457976990,28168397.289999746,31577576.060179688,3409.179,4.07593e14,2.2561,3.08986e6,-1.52766e6,3.83274e-9
1457977020,28186184.553947803,31586810.972522046,3400.626,3.96637e14,0.4925,3.03741e6,-1.52242e6,3.81959e-9
1457977050,28203957.226869166,31595996.812374078,3392.040,3.99820e14,0.3060,3.03907e6,-1.51718e6,3.80644e-9
1457977080,28221715.052122142,31605133.518085755,3383.418,4.00991e14,0.5999,3.03301e6,-1.51194e6,3.79328e-9
1457977110,28239457.77428287,31614221.02846834,3374.763,4.01513e14,0.7308,3.02446e6,-1.50670e6,3.78011e-9
1457977140,28257185.139142826,31623259.28279228,3366.074,3.94992e14,0.9052,2.98936e6,-1.50145e6,3.76694e-9
1457977170,28274896.89370619,31632248.220785096,3357.351,3.99989e14,0.3483,2.99766e6,-1.49620e6,3.75375e-9
1457977200,28292592.786187198,31641187.782629423,3348.595,3.96280e14,0.5822,2.97325e6,-1.49094e6,3.74056e-9
1457977230,28310272.565969266,31650077.90898951,3339.805,4.02684e14,1.0246,2.98664e6,-1.48569e6,3.72737e-9
1457977260,28327935.98372012,31658918.540921055,3330.983,4.14349e14,3.9509,3.01939e6,-1.48043e6,3.71417e-9
1457977290,28345582.791270833,31667709.619957525,3322.127,4.06414e14,1.9603,2.97929e6,-1.47516e6,3.70096e-9
1457977320,28363212.74165097,31676451.08807988,3313.238,4.07387e14,2.2043,2.97224e6,-1.46990e6,3.68774e-9
1457977350,28380825.589085396,31685142.887714755,3304.317,4.14053e14,3.8768,2.98608e6,-1.46463e6,3.67452e-9
1457977380,28398421.088991098,31693784.96173279,3295.364,4.13510e14,3.7406,2.97335e6,-1.45937e6,3.66130e-9
1457977410,28415998.997974,31702377.25344693,3286.378,3.97015e14,0.3977,2.90243e6,-1.45410e6,3.64807e-9
1457977440,28433559.07382566,31710919.70661075,3277.361,3.98710e14,0.0275,2.89807e6,-1.44882e6,3.63483e-9
1457977470,28451101.075520042,31719412.265416715,3268.311,4.01936e14,0.8368,2.89919e6,-1.44355e6,3.62159e-9
1457977500,28468624.763210222,31727854.874494545,3259.230,3.88563e14,2.5182,2.84034e6,-1.43827e6,3.60834e-9
1457977530,28486129.89827393,31736247.478878647,3250.118,3.95390e14,0.8055,2.85446e6,-1.43299e6,3.59509e-9
1457977560,28503616.24315982,31744590.0241017,3240.974,3.88313e14,2.5810,2.81858e6,-1.42771e6,3.58184e-9
1457977590,28521083.56153488,31752882.456097584,3231.799,3.78039e14,5.1584,2.77149e6,-1.42243e6,3.56858e-9
1457977620,28538531.618232798,31761124.721230324,3222.593,3.95218e14,0.8486,2.82227e6,-1.41715e6,3.55531e-9
1457977650,28555960.179250937,31769316.766292263,3213.357,3.92438e14,1.5460,2.80189e6,-1.41186e6,3.54205e-9
1457977680,28573369.011747397,31777458.538502134,3204.090,3.88520e14,2.5289,2.77758e6,-1.40657e6,3.52878e-9
1457977710,28590757.884038072,31785549.985503253,3194.792,3.81301e14,4.3400,2.74175e6,-1.40129e6,3.51550e-9
1457977740,28608126.565593585,31793591.055361677,3185.464,3.93077e14,1.3857,2.77264e6,-1.39600e6,3.50222e-9
1457977770,28625474.827036273,31801581.69656438,3176.107,3.93947e14,1.1676,2.76516e6,-1.39071e6,3.48894e-9
1457977800,28642802.440137092,31809521.858017407,3166.719,3.88932e14,2.4256,2.73721e6,-1.38541e6,3.47566e-9
1457977830,28660109.17775874,31817411.489082597,3157.302,4.06169e14,1.8989,2.78643e6,-1.38012e6,3.46237e-9
1457977860,28677394.814018276,31825250.53945743,3147.856,4.00148e14,0.3881,2.75497e6,-1.37483e6,3.44908e-9
1457977890,28694659.124117795,31833038.959291924,3138.380,3.90517e14,2.0280,2.71126e6,-1.36953e6,3.43579e-9
1457977920,28711901.884394567,31840776.6991488,3128.875,4.02853e14,1.0669,2.74300e6,-1.36423e6,3.42249e-9
1457977950,28729122.872317307,31848463.710002184,3119.341,4.13747e14,3.8000,2.76948e6,-1.35894e6,3.40920e-9
1457977980,28746321.866482463,31856099.94323615,3109.778,3.92125e14,1.6245,2.68526e6,-1.35364e6,3.39590e-9
1457978010,28763498.646610525,31863685.350643456,3100.187,3.97005e14,0.4002,2.69125e6,-1.34834e6,3.38260e-9
1457978040,28780652.9935422,31871219.884424113,3090.567,4.14274e14,3.9322,2.73885e6,-1.34304e6,3.36929e-9
1457978070,28797784.68923467,31878703.4971841,3080.919,4.05043e14,1.6164,2.69706e6,-1.33774e6,3.35599e-9
1457978100,28814893.51675784,31886136.14193396,3071.243,4.01738e14,0.7872,2.67532e6,-1.33244e6,3.34268e-9
1457978130,28831979.260342143,31893517.772042148,3061.539,3.90266e14,2.0909,2.62648e6,-1.32714e6,3.32938e-9
1457978160,28849041.705215607,31900848.341373377,3051.807,3.96663e14,0.4859,2.63720e6,-1.32184e6,3.31607e-9
1457978190,28866080.63775959,31908127.80414729,3042.047,3.95416e14,0.7989,2.62250e6,-1.31653e6,3.30276e-9
1457978220,28883095.84545372,31915356.114981964,3032.260,4.00338e14,0.4359,2.62812e6,-1.31123e6,3.28945e-9
1457978250,28900087.116872642,31922533.228892248,3022.446,4.27964e14,7.3668,2.70800e6,-1.30593e6,3.27614e-9
1457978280,28917054.24168253,31929659.101288013,3012.605,4.10164e14,2.9011,2.63892e6,-1.30062e6,3.26283e-9
1457978310,28933997.010637812,31936733.687972475,3002.737,3.87623e14,2.7541,2.55491e6,-1.29532e6,3.24951e-9
1457978340,28950915.215577707,31943756.945140462,2992.842,3.97412e14,0.2982,2.57612e6,-1.29002e6,3.23620e-9
1457978370,28967808.64942287,31950728.829376757,2982.920,4.24599e14,6.5224,2.65315e6,-1.28471e6,3.22289e-9
1457978400,28984677.10617199,31957649.29765442,2972.972,4.01137e14,0.6362,2.56689e6,-1.27941e6,3.20958e-9
1457978430,29001520.380855735,31964518.30737633,2962.998,3.92589e14,1.5081,2.52892e6,-1.27411e6,3.19626e-9
1457978460,29018338.269664574,31971335.81624055,2952.998,4.04136e14,1.3886,2.55514e6,-1.26880e6,3.18295e-9
1457978490,29035130.569813825,31978101.78237205,2942.971,3.93756e14,1.2154,2.51156e6,-1.26350e6,3.16964e-9
1457978520,29051897.07958229,31984816.16427839,2932.919,3.87688e14,2.7377,2.48186e6,-1.25819e6,3.15633e-9
1457978550,29068637.598308418,31991478.9208485,2922.841,3.81946e14,4.1783,2.45335e6,-1.25289e6,3.14301e-9
1457978580,29085351.926386498,31998090.01135155,2912.738,4.01779e14,0.7975,2.50504e6,-1.24759e6,3.12970e-9
1457978610,29102039.865262676,32004649.395435866,2902.610,4.21114e14,5.6482,2.55464e6,-1.24228e6,3.11639e-9
1457978640,29118701.217431124,32011157.033127755,2892.456,4.20327e14,5.4506,2.54129e6,-1.23698e6,3.10308e-9
1457978670,29135335.786430024,32017612.88483047,2882.277,4.12416e14,3.4660,2.50595e6,-1.23168e6,3.08977e-9
1457978700,29151943.376837704,32024016.911323108,2872.074,3.99353e14,0.1888,2.45497e6,-1.22638e6,3.07647e-9
1457978730,29168523.794295616,32030369.073731817,2861.845,3.90792e14,1.9591,2.41813e6,-1.22108e6,3.06316e-9
1457978760,29185076.84542137,32036669.333614178,2851.592,3.92112e14,1.6278,2.41166e6,-1.21578e6,3.04986e-9
1457978790,29201602.337888055,32042917.652872577,2841.315,4.07567e14,2.2496,2.44807e6,-1.21048e6,3.03655e-9
1457978820,29218100.080393568,32049113.993780546,2831.014,4.05901e14,1.8315,2.43232e6,-1.20518e6,3.02325e-9
1457978850,29234569.88265693,32055258.31898152,2820.688,4.11974e14,3.3550,2.43990e6,-1.19988e6,3.00995e-9
1457978880,29251011.55541453,32061350.591487546,2810.339,4.10732e14,3.0435,2.42540e6,-1.19458e6,2.99665e-9
1457978910,29267424.910416488,32067390.77467796,2799.966,4.09931e14,2.8427,2.41225e6,-1.18928e6,2.98335e-9
1457978940,29283809.76042292,32073378.83229811,2789.569,4.17264e14,4.6822,2.42328e6,-1.18398e6,2.97006e-9
1457978970,29300165.919200234,32079314.728458043,2779.149,3.86630e14,3.0030,2.32186e6,-1.17869e6,2.95676e-9
1457979000,29316493.201517507,32085198.427631196,2768.705,3.88850e14,2.4462,2.31796e6,-1.17339e6,2.94347e-9
1457979030,29332791.42313459,32091029.8946571,2758.238,4.07934e14,2.3417,2.36342e6,-1.16810e6,2.93018e-9
1457979060,29349060.40082363,32096809.09472789,2747.749,4.08453e14,2.4718,2.35422e6,-1.16280e6,2.91690e-9
1457979090,29365299.952340055,32102535.993399117,2737.236,3.88945e14,2.4224,2.28685e6,-1.15751e6,2.90361e-9
1457979120,29381509.896427024,32108210.556584697,2726.701,4.02286e14,0.9247,2.31496e6,-1.15222e6,2.89033e-9
1457979150,29397690.052811667,32113832.75055563,2716.143,4.40372e14,10.4795,2.41390e6,-1.14693e6,2.87705e-9
1457979180,29413840.242201325,32119402.54193882,2705.562,4.17497e14,4.7409,2.33725e6,-1.14164e6,2.86377e-9
1457979210,29429960.28627975,32124919.89771596,2694.960,4.07558e14,2.2473,2.29809e6,-1.13635e6,2.85050e-9
1457979240,29446050.00770335,32130384.78522233,2684.335,4.03634e14,1.2629,2.27626e6,-1.13106e6,2.83722e-9
1457979270,29462109.230097406,32135797.17214569,2673.688,3.76944e14,5.4332,2.19024e6,-1.12577e6,2.82396e-9
1457979300,29478137.778052215,32141157.026525248,2663.019,4.01036e14,0.6110,2.24767e6,-1.12049e6,2.81069e-9
1457979330,29494135.477111407,32146464.31676831,2652.329,4.16544e14,4.5015,2.28045e6,-1.11520e6,2.79743e-9
1457979360,29510102.153792545,32151719.01159432,2641.617,4.28169e14,7.4180,2.30201e6,-1.10992e6,2.78416e-9
1457979390,29526037.635558903,32156921.080089048,2630.883,4.19530e14,5.2508,2.26712e6,-1.10464e6,2.77091e-9
1457979420,29541941.7508235,32162070.49168587,2620.129,4.19776e14,5.3126,2.25695e6,-1.09936e6,2.75765e-9
1457979450,29557814.328945134,32167167.216164846,2609.353,4.39669e14,10.3032,2.30070e6,-1.09408e6,2.74440e-9
1457979480,29573655.200224675,32172211.22365192,2598.556,3.98065e14,0.1344,2.17597e6,-1.08880e6,2.73115e-9
1457979510,29589464.19590103,32177202.484618086,2587.738,3.86609e14,3.0085,2.13429e6,-1.08352e6,2.71791e-9
1457979540,29605241.14814744,32182140.969878495,2576.900,3.98811e14,0.0527,2.15689e6,-1.07824e6,2.70467e-9
1457979570,29620985.890067518,32187026.650591712,2566.041,3.93797e14,1.2050,2.13285e6,-1.07297e6,2.69143e-9
1457979600,29636698.255691443,32191859.498258773,2555.161,4.08723e14,2.5394,2.16234e6,-1.06770e6,2.67820e-9
1457979630,29652378.0799904,32196639.484691862,2544.261,3.94989e14,0.9060,2.11506e6,-1.06243e6,2.66497e-9
1457979660,29668025.198816586,32201366.582107827,2533.341,3.85458e14,3.2972,2.07929e6,-1.05716e6,2.65174e-9
1457979690,29683639.448955618,32206040.763032533,2522.401,4.10178e14,2.9045,2.13415e6,-1.05189e6,2.63852e-9
1457979720,29699220.668104734,32210662.00033051,2511.441,4.09048e14,2.6211,2.12049e6,-1.04662e6,2.62530e-9
1457979750,29714768.694869097,32215230.267203897,2500.462,4.13751e14,3.8009,2.12210e6,-1.04135e6,2.61208e-9
1457979780,29730283.368758224,32219745.537191287,2489.462,4.12910e14,3.5901,2.10919e6,-1.03609e6,2.59887e-9
1457979810,29745764.530182295,32224207.784166824,2478.443,4.02566e14,0.9950,2.07173e6,-1.03083e6,2.58566e-9
1457979840,29761212.02044859,32228616.98233902,2467.405,3.97706e14,0.2243,2.04865e6,-1.02557e6,2.57246e-9
1457979870,29776625.681757815,32232973.106249828,2456.347,4.01352e14,0.6903,2.04747e6,-1.02031e6,2.55926e-9
1457979900,29792005.357200477,32237276.130773567,2445.271,4.05231e14,1.6635,2.04679e6,-1.01505e6,2.54606e-9
1457979930,29807350.890730567,32241526.03115099,2434.175,3.94006e14,1.1526,2.00776e6,-1.00979e6,2.53287e-9
1457979960,29822662.127231892,32245722.782880332,2423.061,3.91502e14,1.7808,1.99100e6,-1.00454e6,2.51968e-9
1457979990,29837938.912444413,32249866.361824773,2411.927,3.91434e14,1.7978,1.98041e6,-9.99285e5,2.50650e-9
1457980020,29853181.09298303,32253956.74417669,2400.776,4.00757e14,0.5409,1.99325e6,-9.94033e5,2.49332e-9
1457980050,29868388.51633377,32257993.906457037,2389.605,3.97633e14,0.2427,1.97497e6,-9.88784e5,2.48014e-9
1457980080,29883561.03085002,32261977.825514704,2378.417,4.09134e14,2.6425,1.99286e6,-9.83536e5,2.46697e-9
1457980110,29898698.48574869,32265908.478526004,2367.210,4.22540e14,6.0060,2.01512e6,-9.78290e5,2.45381e-9
1457980140,29913800.731106386,32269785.84299401,2355.985,4.07871e14,2.3259,1.96852e6,-9.73045e5,2.44065e-9
1457980170,29928867.61785566,32273609.896748,2344.742,3.60457e14,9.5692,1.84281e6,-9.67803e5,2.42749e-9
1457980200,29943898.997781172,32277380.61794292,2333.482,3.88926e14,2.4272,1.90156e6,-9.62562e5,2.41434e-9
1457980230,29958894.72353846,32281097.985023934,2322.203,4.26899e14,7.0995,1.98239e6,-9.57323e5,2.40119e-9
1457980260,29973854.648580834,32284761.976833273,2310.907,3.88177e14,2.6150,1.87907e6,-9.52085e5,2.38804e-9
1457980290,29988778.62722504,32288372.572501905,2299.594,3.96047e14,0.6406,1.88742e6,-9.46850e5,2.37490e-9
1457980320,30003666.514625303,32291929.751483552,2288.263,4.05342e14,1.6914,1.89894e6,-9.41616e5,2.36177e-9
1457980350,30018518.1667697,32295433.49355385,2276.915,3.88083e14,2.6385,1.84785e6,-9.36384e5,2.34864e-9
1457980380,30033333.44047672,32298883.778809488,2265.550,3.81963e14,4.1740,1.82323e6,-9.31154e5,2.33552e-9
1457980410,30048112.193391714,32302280.587667413,2254.168,4.13137e14,3.6469,1.88539e6,-9.25926e5,2.32239e-9
1457980440,30062854.28398343,32305623.900863938,2242.770,4.14211e14,3.9163,1.87723e6,-9.20700e5,2.30928e-9
1457980470,30077559.571540494,32308913.699453957,2231.354,3.82158e14,4.1251,1.79297e6,-9.15476e5,2.29617e-9
1457980500,30092227.91616792,32312149.964810144,2219.922,3.84326e14,3.5810,1.78769e6,-9.10253e5,2.28306e-9
1457980530,30106859.178763736,32315332.678653136,2208.473,4.23726e14,6.3033,1.86687e6,-9.05032e5,2.26996e-9
1457980560,30121453.22107696,32318461.822955314,2197.009,4.31125e14,8.1597,1.87280e6,-8.99814e5,2.25686e-9
1457980590,30136009.90564257,32321537.380035736,2185.527,4.00051e14,0.3640,1.79222e6,-8.94597e5,2.24377e-9
1457980620,30150529.09579786,32324559.332528785,2174.030,4.07729e14,2.2901,1.79890e6,-8.89382e5,2.23068e-9
1457980650,30165010.65567874,32327527.66338364,2162.517,4.06816e14,2.0611,1.78633e6,-8.84169e5,2.21760e-9
1457980680,30179454.450216208,32330442.355863854,2150.988,3.81731e14,4.2323,1.72049e6,-8.78958e5,2.20452e-9
1457980710,30193860.345132757,32333303.39354699,2139.443,3.89873e14,2.1894,1.72814e6,-8.73749e5,2.19145e-9
1457980740,30208228.206938747,32336110.760324195,2127.883,4.05850e14,1.8187,1.75264e6,-8.68542e5,2.17838e-9
1457980770,30222557.90292887,32338864.440399803,2116.307,4.24503e14,6.4983,1.78252e6,-8.63337e5,2.16532e-9
1457980800,30236849.30117856,32341564.41829101,2104.715,3.95039e14,0.8935,1.70836e6,-8.58134e5,2.15227e-9
1457980830,30251102.27055875,32344210.67880642,2093.108,3.73526e14,6.2905,1.65199e6,-8.52933e5,2.13921e-9
1457980860,30265316.68067602,32346803.20711051,2081.487,3.92916e14,1.4261,1.68314e6,-8.47734e5,2.12617e-9
1457980890,30279492.40192551,32349341.98865838,2069.850,4.10730e14,3.0430,1.71046e6,-8.42537e5,2.11312e-9
1457980920,30293629.305469237,32351827.00921613,2058.198,4.10291e14,2.9328,1.69899e6,-8.37342e5,2.10009e-9
1457980950,30307727.263232823,32354258.254860424,2046.531,3.99569e14,0.2429,1.66607e6,-8.32148e5,2.08705e-9
1457980980,30321786.147902153,32356635.711977914,2034.850,3.81071e14,4.3977,1.61731e6,-8.26957e5,2.07403e-9
1457981010,30335805.832920015,32358959.367264718,2023.154,3.91332e14,1.8235,1.62830e6,-8.21768e5,2.06100e-9
1457981040,30349786.192482922,32361229.20772589,2011.443,4.25566e14,6.7651,1.68813e6,-8.16581e5,2.04799e-9
1457990730,32361388.295619033,30350850.78736803,2010.538,4.04973e14,1.5987,-1.64466e6,8.15692e5,-2.04698e-9
1457990760,32359122.286797155,30336874.045238916,2022.248,4.09519e14,2.7392,-1.66449e6,8.20882e5,-2.06000e-9
1457990790,32356802.463026356,30322857.974648748,2033.944,4.20221e14,5.4242,-1.69720e6,8.26073e5,-2.07302e-9
1457990820,32354428.837305587,30308802.701356463,2045.626,4.10764e14,3.0516,-1.68814e6,8.31267e5,-2.08605e-9
1457990850,32352001.42294266,30294708.351874027,2057.293,4.04443e14,1.4659,-1.68542e6,8.36463e5,-2.09908e-9
1457990880,32349520.233554594,30280575.053469907,2068.945,4.10299e14,2.9349,-1.70826e6,8.41661e5,-2.11211e-9
1457990910,32346985.283067822,30266402.93417236,2080.582,4.36171e14,9.4256,-1.77379e6,8.46861e5,-2.12515e-9
1457990940,32344396.58571843,30252192.122772917,2092.204,4.45839e14,11.8510,-1.80535e6,8.52063e5,-2.13820e-9
1457990970,32341754.156052493,30237942.748829786,2103.811,3.82618e14,4.0096,-1.68037e6,8.57267e5,-2.15125e-9
1457991000,32339058.008926358,30223654.942671247,2115.403,3.75107e14,5.8940,-1.67432e6,8.62473e5,-2.16431e-9
1457991030,32336308.159542456,30209328.835396405,2126.979,4.14514e14,3.9924,-1.77023e6,8.67681e5,-2.17737e-9
1457991060,32333504.623340335,30194964.55888702,2138.540,4.09802e14,2.8102,-1.77053e6,8.72891e5,-2.19043e-9
1457991090,32330647.416106645,30180562.245802436,2150.085,3.97655e14,0.2372,-1.75434e6,8.78103e5,-2.20350e-9
1457991120,32327736.553940356,30166122.02958582,2161.615,3.93516e14,1.2756,-1.75558e6,8.83317e5,-2.21658e-9
1457991150,32324772.05325346,30151644.044467606,2173.128,4.02990e14,1.1012,-1.78706e6,8.88533e5,-2.22966e-9
1457991180,32321753.93077172,30137128.425468907,2184.626,4.17977e14,4.8612,-1.83117e6,8.93750e5,-2.24275e-9
1457991210,32318682.203535408,30122575.3084051,2196.107,3.92153e14,1.6175,-1.78360e6,8.98970e5,-2.25584e-9
1457991240,32315556.88890008,30107984.82988924,2207.572,3.87098e14,2.8857,-1.78249e6,9.04192e5,-2.26893e-9
