Timestamp,R_A,R_B,Delta_H_km,GM,Error_Pct,Term_Time,Term_Kinetic,Term_Potential
1473034830,32269797.662681386,29775817.20213588,2493.980,3.95392e14,0.8048,-2.06089e6,1.03462e6,-2.59557e-9
1473034860,32265323.431911174,29760215.047792926,2505.108,4.04733e14,1.5385,-2.09583e6,1.03993e6,-2.60888e-9
1473034890,32260795.759625256,29744578.892561067,2516.217,4.03213e14,1.1572,-2.10255e6,1.04524e6,-2.62220e-9
1473034920,32256214.671734177,29728908.89593113,2527.306,4.04003e14,1.3554,-2.11531e6,1.05055e6,-2.63551e-9
1473034950,32251580.194482233,29713205.21830009,2538.375,4.04030e14,1.3622,-2.12608e6,1.05587e6,-2.64884e-9
1473034980,32246892.354448464,29697468.02097499,2549.424,4.13216e14,3.6667,-2.16123e6,1.06118e6,-2.66216e-9
1473035010,32242151.17854769,29681697.46617693,2560.454,4.14990e14,4.1117,-2.17680e6,1.06650e6,-2.67550e-9
1473035040,32237356.69403148,29665893.717045046,2571.463,3.89541e14,2.2727,-2.11922e6,1.07181e6,-2.68883e-9
1473035070,32232508.928489193,29650056.937640503,2582.452,3.86163e14,3.1203,-2.12061e6,1.07713e6,-2.70217e-9
1473035100,32227607.909848936,29634187.292950418,2593.421,3.95035e14,0.8945,-2.15518e6,1.08245e6,-2.71551e-9
1473035130,32222653.66635734,29618284.94887085,2604.369,4.04554e14,1.4935,-2.19175e6,1.08778e6,-2.72886e-9
1473035160,32217646.226646293,29602350.07227582,2615.296,4.12666e14,3.5288,-2.22472e6,1.09310e6,-2.74221e-9
1473035190,32212585.61966806,29586382.830956016,2626.203,4.04908e14,1.5824,-2.21418e6,1.09843e6,-2.75557e-9
1473035220,32207471.874717474,29570383.393643737,2637.088,3.94012e14,1.1512,-2.19474e6,1.10375e6,-2.76892e-9
1473035250,32202305.021432817,29554351.930016693,2647.953,3.98323e14,0.0697,-2.21733e6,1.10908e6,-2.78229e-9
1473035280,32197085.08979671,29538288.61070187,2658.796,3.97268e14,0.3343,-2.22504e6,1.11441e6,-2.79565e-9
1473035310,32191812.110137023,29522193.607279275,2669.619,3.99318e14,0.1800,-2.24144e6,1.11974e6,-2.80902e-9
1473035340,32186486.113127735,29506067.092285804,2680.419,3.95648e14,0.7408,-2.24175e6,1.12508e6,-2.82240e-9
1473035370,32181107.129789904,29489909.239219017,2691.198,4.00363e14,0.4422,-2.26575e6,1.13041e6,-2.83577e-9
1473035400,32175675.19149255,29473720.222540937,2701.955,4.11453e14,3.2244,-2.30804e6,1.13575e6,-2.84915e-9
1473035430,32170190.329977736,29457500.21769335,2712.690,3.91963e14,1.6651,-2.26309e6,1.14108e6,-2.86253e-9
1473035460,32164652.57728733,29441249.401066225,2723.403,3.93816e14,1.2003,-2.27901e6,1.14642e6,-2.87592e-9
1473035490,32159061.965838365,29424967.950037077,2734.094,4.10698e14,3.0349,-2.33839e6,1.15176e6,-2.88931e-9
1473035520,32153418.52840017,29408656.042963445,2744.762,4.02222e14,0.9085,-2.32463e6,1.15710e6,-2.90270e-9
1473035550,32147722.29809559,29392313.8591867,2755.408,3.89060e14,2.3934,-2.29698e6,1.16245e6,-2.91610e-9
1473035580,32141973.308402196,29375941.579036023,2766.032,3.87737e14,2.7253,-2.30366e6,1.16779e6,-2.92950e-9
1473035610,32136171.593153525,29359539.383832324,2776.632,3.92895e14,1.4314,-2.32938e6,1.17313e6,-2.94290e-9
1473035640,32130317.18654037,29343107.455892198,2787.210,3.96501e14,0.5266,-2.35065e6,1.17848e6,-2.95630e-9
1473035670,32124410.123111967,29326645.97853178,2797.764,3.92841e14,1.4449,-2.35045e6,1.18382e6,-2.96971e-9
1473035700,32118450.437777344,29310155.13607075,2808.295,3.97320e14,0.3212,-2.37442e6,1.18917e6,-2.98312e-9
1473035730,32112438.1657798,29293635.113836374,2818.803,4.07861e14,2.3234,-2.41669e6,1.19452e6,-2.99653e-9
1473035760,32106373.342780508,29277086.098167177,2829.287,4.04812e14,1.5585,-2.41833e6,1.19987e6,-3.00994e-9
1473035790,32100256.00477731,29260508.276416935,2839.748,3.98073e14,0.1324,-2.40874e6,1.20522e6,-3.02336e-9
1473035820,32094086.18813248,29243901.83695865,2850.184,3.94535e14,1.0198,-2.40869e6,1.21057e6,-3.03678e-9
1473035850,32087863.929573786,29227266.969188485,2860.597,3.90143e14,2.1217,-2.40594e6,1.21592e6,-3.05020e-9
1473035880,32081589.266195543,29210603.86352961,2870.985,3.92103e14,1.6301,-2.42253e6,1.22128e6,-3.06362e-9
1473035910,32075262.235459726,29193912.71143622,2881.350,4.02391e14,0.9510,-2.46480e6,1.22663e6,-3.07704e-9
1473035940,32068882.875197105,29177193.705397375,2891.689,4.07045e14,2.1184,-2.48994e6,1.23198e6,-3.09047e-9
1473035970,32062451.22360828,29160447.038940895,2902.004,3.98457e14,0.0359,-2.47411e6,1.23734e6,-3.10390e-9
1473036000,32055967.31926489,29143672.906637296,2912.294,4.01020e14,0.6069,-2.49280e6,1.24269e6,-3.11733e-9
1473036030,32049431.201138373,29126871.504092038,2922.560,4.03545e14,1.2405,-2.51145e6,1.24805e6,-3.13076e-9
1473036060,32042842.908516,29110043.027985066,2932.800,3.93986e14,1.1576,-2.49217e6,1.25341e6,-3.14419e-9
1473036090,32036202.48108738,29093187.676039107,2943.015,3.92247e14,1.5939,-2.49733e6,1.25876e6,-3.15762e-9
1473036120,32029509.958918292,29076305.64703488,2953.204,3.86316e14,3.0819,-2.48915e6,1.26412e6,-3.17106e-9
1473036150,32022765.382452164,29059397.140814874,2963.368,3.95277e14,0.8338,-2.52824e6,1.26948e6,-3.18449e-9
1473036180,32015968.79251151,29042462.35828712,2973.506,4.08257e14,2.4226,-2.58042e6,1.27484e6,-3.19793e-9
1473036210,32009120.230299562,29025501.501428925,2983.619,3.97961e14,0.1604,-2.55820e6,1.28020e6,-3.21137e-9
1473036240,32002219.737401586,29008514.77329065,2993.705,4.06669e14,2.0242,-2.59699e6,1.28556e6,-3.22480e-9
1473036270,31995267.355786584,28991502.37799943,3003.765,4.10306e14,2.9366,-2.61959e6,1.29092e6,-3.23824e-9
1473036300,31988263.127808742,28974464.520762898,3013.799,4.03893e14,1.3279,-2.60961e6,1.29628e6,-3.25168e-9
1473036330,31981207.096185785,28957401.407894764,3023.806,4.02031e14,0.8608,-2.61432e6,1.30164e6,-3.26512e-9
1473036360,31974099.304072008,28940313.246751517,3033.786,3.95522e14,0.7723,-2.60374e6,1.30700e6,-3.27856e-9
1473036390,31966939.794988275,28923200.2458032,3043.740,3.98447e14,0.0385,-2.62405e6,1.31236e6,-3.29200e-9
1473036420,31959728.612846516,28906062.614615697,3053.666,3.98037e14,0.1413,-2.63340e6,1.31772e6,-3.30544e-9
1473036450,31952465.801951103,28888900.56385456,3063.565,3.96139e14,0.6174,-2.63782e6,1.32308e6,-3.31888e-9
1473036480,31945151.407000206,28871714.305288948,3073.437,4.00450e14,0.4639,-2.66286e6,1.32844e6,-3.33232e-9
1473036510,31937785.473087244,28854504.051795553,3083.281,4.01590e14,0.7500,-2.67742e6,1.33380e6,-3.34576e-9
1473036540,31930368.0457022,28837270.017362356,3093.098,4.04208e14,1.4068,-2.69697e6,1.33915e6,-3.35920e-9
1473036570,31922899.170733035,28820012.41709258,3102.887,3.96968e14,0.4097,-2.68334e6,1.34451e6,-3.37264e-9
1473036600,31915378.8944671,28802731.467208505,3112.647,3.92043e14,1.6452,-2.67736e6,1.34987e6,-3.38607e-9
1473036630,31907807.263605338,28785427.385027166,3122.380,4.05221e14,1.6609,-2.73278e6,1.35523e6,-3.39951e-9
1473036660,31900184.32522433,28768100.389050577,3132.084,4.02880e14,1.0735,-2.73559e6,1.36059e6,-3.41294e-9
1473036690,31892510.12681716,28750750.698882986,3141.759,4.03604e14,1.2553,-2.74885e6,1.36595e6,-3.42638e-9
1473036720,31884784.71628224,28733378.535262346,3151.406,4.04032e14,1.3626,-2.76109e6,1.37130e6,-3.43981e-9
1473036750,31877008.141924858,28715984.120063804,3161.024,3.98784e14,0.0461,-2.75376e6,1.37666e6,-3.45324e-9
1473036780,31869180.45245882,28698567.676303156,3170.613,4.00036e14,0.3600,-2.76880e6,1.38201e6,-3.46667e-9
1473036810,31861301.697008044,28681129.428140346,3180.172,4.02454e14,0.9667,-2.78795e6,1.38737e6,-3.48009e-9
1473036840,31853371.92510821,28663669.600882843,3189.702,4.05855e14,1.8199,-2.81058e6,1.39272e6,-3.49352e-9
1473036870,31845391.18670841,28646188.420989007,3199.203,4.04029e14,1.3619,-2.81498e6,1.39808e6,-3.50694e-9
1473036900,31837359.532172844,28628686.11607156,3208.673,3.99393e14,0.1988,-2.80944e6,1.40343e6,-3.52036e-9
1473036930,31829277.01228335,28611162.914929304,3218.114,3.97945e14,0.1644,-2.81503e6,1.40878e6,-3.53378e-9
1473036960,31821143.678238496,28593619.047463097,3227.525,3.97438e14,0.2916,-2.82392e6,1.41413e6,-3.54719e-9
1473036990,31812959.58165794,28576054.744766764,3236.905,4.00625e14,0.5079,-2.84595e6,1.41948e6,-3.56060e-9
1473037020,31804724.774583317,28558470.2391023,3246.255,4.03368e14,1.1961,-2.86647e6,1.42483e6,-3.57401e-9
1473037050,31796439.309480008,28540865.76390346,3255.574,3.94086e14,1.1325,-2.84392e6,1.43017e6,-3.58742e-9
1473037080,31788103.239238836,28523241.55377931,3264.862,3.92879e14,1.4353,-2.85020e6,1.43552e6,-3.60082e-9
1473037110,31779716.617177963,28505597.84451773,3274.119,4.00916e14,0.5809,-2.88986e6,1.44086e6,-3.61422e-9
1473037140,31771279.497044567,28487934.873088952,3283.345,3.97778e14,0.2063,-2.88919e6,1.44620e6,-3.62761e-9
1473037170,31762791.93301664,28470252.877648994,3292.539,3.89860e14,2.1928,-2.87102e6,1.45154e6,-3.64100e-9
1473037200,31754253.979704816,28452552.097543143,3301.702,3.97314e14,0.3227,-2.90882e6,1.45688e6,-3.65439e-9
1473037230,31745665.692140188,28434832.773286074,3310.833,3.97779e14,0.2061,-2.92118e6,1.46222e6,-3.66777e-9
1473037260,31737027.125819072,28417095.146637063,3319.932,3.93205e14,1.3537,-2.91500e6,1.46755e6,-3.68115e-9
1473037290,31728338.336661816,28399339.4605314,3328.999,3.95953e14,0.6641,-2.93574e6,1.47289e6,-3.69452e-9
1473037320,31719599.38102838,28381565.95910678,3338.033,4.03547e14,1.2409,-2.97452e6,1.47822e6,-3.70789e-9
1473037350,31710810.315720133,28363774.887706455,3347.035,4.08347e14,2.4453,-3.00311e6,1.48355e6,-3.72125e-9
1473037380,31701971.19798142,28345966.49288223,3356.005,4.01941e14,0.8380,-2.98997e6,1.48888e6,-3.73461e-9
1473037410,31693082.085501526,28328141.02239759,3364.941,4.02286e14,0.9247,-3.00195e6,1.49420e6,-3.74796e-9
1473037440,31684143.036416236,28310298.725230616,3373.844,4.01619e14,0.7574,-3.01014e6,1.49952e6,-3.76131e-9
1473037470,31675154.109309744,28292439.85157698,3382.714,3.95080e14,0.8832,-2.99613e6,1.50484e6,-3.77465e-9
1473037500,31666115.36321637,28274564.652852893,3391.551,3.99271e14,0.1683,-3.02259e6,1.51016e6,-3.78798e-9
1473037530,31657026.85764537,28256673.381713156,3400.353,3.98570e14,0.0078,-3.03056e6,1.51548e6,-3.80131e-9
1473037560,31647888.65251215,28238766.292007286,3409.122,3.96340e14,0.5671,-3.03268e6,1.52079e6,-3.81463e-9
1473037590,31638700.808210846,28220843.638829183,3417.857,3.99543e14,0.2365,-3.05553e6,1.52610e6,-3.82794e-9
1473037620,31629463.385593504,28202905.678504907,3426.558,4.00696e14,0.5256,-3.07058e6,1.53141e6,-3.84125e-9
1473037650,31620176.445972178,28184952.66859559,3435.224,4.01554e14,0.7409,-3.08452e6,1.53671e6,-3.85455e-9
1473037680,31610840.051121026,28166984.867900316,3443.855,4.01502e14,0.7279,-3.09496e6,1.54201e6,-3.86784e-9
1473037710,31601454.2632785,28149002.53645892,3452.452,4.02494e14,0.9768,-3.10944e6,1.54731e6,-3.88112e-9
1473037740,31592019.145149395,28131005.93555482,3461.013,4.01464e14,0.7184,-3.11607e6,1.55261e6,-3.89440e-9
1473037770,31582534.75990708,28112995.32771779,3469.539,4.03446e14,1.2157,-3.13443e6,1.55790e6,-3.90767e-9
1473037800,31573001.171195596,28094970.976726647,3478.030,4.07174e14,2.1508,-3.15969e6,1.56319e6,-3.92093e-9
1473037830,31563418.443105772,28076933.147604775,3486.485,4.09377e14,2.7037,-3.17903e6,1.56847e6,-3.93418e-9
1473037860,31553786.64025774,28058882.106644977,3494.905,4.09592e14,2.7575,-3.19058e6,1.57375e6,-3.94742e-9
1473037890,31544105.827722684,28040818.12138983,3503.288,4.05717e14,1.7854,-3.18594e6,1.57903e6,-3.96065e-9
1473037920,31534376.071050793,28022741.460641418,3511.635,3.98586e14,0.0036,-3.16824e6,1.58430e6,-3.97388e-9
1473037950,31524597.436273273,28004652.39446374,3519.945,3.95476e14,0.7839,-3.16637e6,1.58957e6,-3.98709e-9
1473037980,31514769.989904292,27986551.194185115,3528.219,3.95184e14,0.8570,-3.17569e6,1.59484e6,-4.00029e-9
1473038010,31504893.798943065,27968438.13240058,3536.456,3.98691e14,0.0226,-3.20024e6,1.60010e6,-4.01349e-9
1473038040,31494968.930875797,27950313.482974164,3544.655,3.96366e14,0.5605,-3.20140e6,1.60536e6,-4.02667e-9
1473038070,31484995.453677695,27932177.521041147,3552.818,3.98487e14,0.0286,-3.22044e6,1.61061e6,-4.03984e-9
1473038100,31474973.435815077,27914030.523010246,3560.943,3.99557e14,0.2399,-3.23527e6,1.61586e6,-4.05300e-9
1473038130,31464902.946273446,27895872.76656803,3569.030,3.98936e14,0.0842,-3.24324e6,1.62111e6,-4.06615e-9
1473038160,31454784.054479323,27877704.53067419,3577.080,4.06857e14,2.0714,-3.28604e6,1.62635e6,-4.07929e-9
1473038190,31444616.830382727,27859526.095570337,3585.091,4.04410e14,1.4575,-3.28660e6,1.63158e6,-4.09242e-9
1473038220,31434401.344433423,27841337.742779803,3593.064,3.96163e14,0.6116,-3.26327e6,1.63681e6,-4.10553e-9
1473038250,31424137.66758338,27823139.75510966,3600.998,4.00620e14,0.5067,-3.29205e6,1.64204e6,-4.11864e-9
1473038280,31413825.871289045,27804932.41665259,3608.893,4.03222e14,1.1596,-3.31326e6,1.64726e6,-4.13172e-9
1473038310,31403466.027513802,27786716.012788735,3616.750,4.04085e14,1.3760,-3.32733e6,1.65248e6,-4.14480e-9
1473038340,31393058.20873033,27768490.830187526,3624.567,4.04498e14,1.4796,-3.33953e6,1.65769e6,-4.15786e-9
1473038370,31382602.487923004,27750257.15680939,3632.345,4.03112e14,1.1318,-3.34423e6,1.66289e6,-4.17091e-9
1473038400,31372098.938590337,27732015.28190742,3640.084,4.03716e14,1.2833,-3.35722e6,1.66809e6,-4.18395e-9
1473038430,31361547.634723056,27713765.496029727,3647.782,3.96804e14,0.4508,-3.33866e6,1.67328e6,-4.19697e-9
1473038460,31350948.65088144,27695508.091018736,3655.441,3.93875e14,1.1855,-3.33667e6,1.67847e6,-4.20998e-9
1473038490,31340302.062122848,27677243.36001507,3663.059,3.97566e14,0.2594,-3.36256e6,1.68365e6,-4.22297e-9
1473038520,31329607.944028173,27658971.597458176,3670.636,3.98110e14,0.1231,-3.37520e6,1.68883e6,-4.23595e-9
1473038550,31318866.372704055,27640693.0990877,3678.173,3.93593e14,1.2564,-3.36634e6,1.69400e6,-4.24891e-9
1473038580,31308077.42478518,27622408.161944784,3685.669,4.02046e14,0.8644,-3.41262e6,1.69916e6,-4.26185e-9
1473038610,31297241.177436575,27604117.084373295,3693.124,4.07970e14,2.3507,-3.44830e6,1.70432e6,-4.27478e-9
1473038640,31286357.70835583,27585820.166020963,3700.538,4.05679e14,1.7758,-3.44889e6,1.70947e6,-4.28770e-9
1473038670,31275427.095775418,27567517.707840532,3707.909,3.98939e14,0.0850,-3.43029e6,1.71461e6,-4.30059e-9
1473038700,31264449.418464992,27549210.012090657,3715.239,3.94997e14,0.9040,-3.42356e6,1.71975e6,-4.31347e-9
1473038730,31253424.755752504,27530897.382331807,3722.527,4.02685e14,1.0248,-3.46703e6,1.72488e6,-4.32633e-9
1473038760,31242353.187468734,27512580.123443007,3729.773,4.06471e14,1.9745,-3.49375e6,1.73000e6,-4.33918e-9
1473038790,31231234.794007435,27494258.541606527,3736.976,4.03346e14,1.1905,-3.49048e6,1.73512e6,-4.35200e-9
1473038820,31220069.656309217,27475932.944313828,3744.137,3.96037e14,0.6432,-3.46885e6,1.74023e6,-4.36481e-9
1473038850,31208857.855864074,27457603.64036612,3751.254,3.97605e14,0.2498,-3.48588e6,1.74533e6,-4.37760e-9
1473038880,31197599.474713996,27439270.939874887,3758.329,3.97787e14,0.2040,-3.49685e6,1.75042e6,-4.39037e-9
1473038910,31186294.59545558,27420935.15426244,3765.359,3.97038e14,0.3920,-3.50371e6,1.75550e6,-4.40312e-9
1473038940,31174943.30124265,27402596.59626215,3772.347,4.00016e14,0.3551,-3.52699e6,1.76058e6,-4.41585e-9
1473038970,31163545.675788913,27384255.579918884,3779.290,4.15003e14,4.1151,-3.60352e6,1.76565e6,-4.42856e-9
1473039000,31152101.80337059,27365912.420589183,3786.189,4.09779e14,2.8045,-3.59064e6,1.77071e6,-4.44125e-9
1473039030,31140611.76881898,27347567.43495048,3793.044,3.92827e14,1.4483,-3.52539e6,1.77577e6,-4.45392e-9
1473039060,31129075.657554425,27329220.940973222,3799.855,4.00917e14,0.5812,-3.57153e6,1.78081e6,-4.46656e-9
1473039090,31117493.5555579,27310873.25794908,3806.620,3.98119e14,0.1207,-3.56910e6,1.78584e6,-4.47919e-9
1473039120,31105865.54938356,27292524.7064817,3813.341,3.97151e14,0.3637,-3.57479e6,1.79087e6,-4.49179e-9
1473039150,31094191.726161543,27274175.608486705,3820.016,4.06636e14,2.0160,-3.62753e6,1.79589e6,-4.50437e-9
1473039180,31082472.173600554,27255826.287191503,3826.646,4.05040e14,1.6156,-3.63044e6,1.80090e6,-4.51693e-9
1473039210,31070706.97999061,27237477.06713502,3833.230,4.00883e14,0.5726,-3.62168e6,1.80590e6,-4.52946e-9
1473039240,31058896.234205678,27219128.274167422,3839.768,4.00665e14,0.5179,-3.63070e6,1.81089e6,-4.54198e-9
1473039270,31047040.025706396,27200780.23544955,3846.260,4.06811e14,2.0598,-3.66867e6,1.81587e6,-4.55446e-9
1473039300,31035138.444542743,27182433.2794525,3852.705,4.01195e14,0.6510,-3.65307e6,1.82084e6,-4.56692e-9
1473039330,31023191.58136252,27164087.735952217,3859.104,3.89587e14,2.2612,-3.60986e6,1.82580e6,-4.57936e-9
1473039360,31011199.527396467,27145743.936043315,3865.456,3.93069e14,1.3876,-3.63563e6,1.83075e6,-4.59177e-9
1473039390,30999162.37447857,27127402.21212358,3871.760,3.97868e14,0.1839,-3.66753e6,1.83569e6,-4.60416e-9
1473039420,30987080.215043105,27109062.89789779,3878.017,4.03409e14,1.2063,-3.70296e6,1.84062e6,-4.61652e-9
1473039450,30974953.142127495,27090726.32837655,3884.227,3.99863e14,0.3168,-3.69645e6,1.84554e6,-4.62885e-9
1473039480,30962781.249375116,27072392.839875117,3890.388,3.98382e14,0.0548,-3.69940e6,1.85045e6,-4.64116e-9
1473039510,30950564.63103815,27054062.770012077,3896.502,4.02890e14,1.0762,-3.73017e6,1.85534e6,-4.65344e-9
1473039540,30938303.381980356,27035736.457707886,3902.567,4.06624e14,2.0129,-3.75741e6,1.86023e6,-4.66569e-9
1473039570,30925997.59767997,27017414.243183345,3908.583,4.06526e14,1.9883,-3.76680e6,1.86510e6,-4.67791e-9
1473039600,30913647.374232527,26999096.467957888,3914.551,4.02124e14,0.8841,-3.75597e6,1.86997e6,-4.69010e-9
1473039630,30901252.80834487,26980783.474838104,3920.469,4.00211e14,0.4040,-3.75672e6,1.87482e6,-4.70227e-9
1473039660,30888813.99736538,26962475.60794587,3926.338,4.01719e14,0.7825,-3.77353e6,1.87966e6,-4.71440e-9
1473039690,30876331.03925951,26944173.212686237,3932.158,4.03950e14,1.3420,-3.79376e6,1.88449e6,-4.72651e-9
1473039720,30863804.03262142,26925876.635754865,3937.927,4.02563e14,0.9941,-3.79688e6,1.88930e6,-4.73858e-9
1473039750,30851233.076676883,26907586.225135867,3943.647,3.98312e14,0.0724,-3.78634e6,1.89411e6,-4.75063e-9
1473039780,30838618.271286115,26889302.330099314,3949.316,3.96705e14,0.4755,-3.78826e6,1.89890e6,-4.76264e-9
1473039810,30825959.716946714,26871025.301198695,3954.934,4.02735e14,1.0372,-3.82658e6,1.90368e6,-4.77462e-9
1473039840,30813257.51479655,26852755.490268324,3960.502,4.01751e14,0.7905,-3.83145e6,1.90844e6,-4.78656e-9
1473039870,30800511.766616672,26834493.250420574,3966.019,4.02137e14,0.8872,-3.84284e6,1.91319e6,-4.79848e-9
1473039900,30787722.574834265,26816238.93604305,3971.484,4.01690e14,0.7750,-3.85020e6,1.91793e6,-4.81036e-9
1473039930,30774890.042539302,26797992.902820986,3976.897,3.99524e14,0.2317,-3.84924e6,1.92266e6,-4.82220e-9
1473039960,30762014.273445394,26779755.507655915,3982.259,3.99974e14,0.3446,-3.86085e6,1.92737e6,-4.83402e-9
1473039990,30749095.37193508,26761527.10874101,3987.568,3.91297e14,1.8324,-3.82821e6,1.93206e6,-4.84579e-9
1473040020,30736133.443049308,26743308.06553263,3992.825,3.88699e14,2.4841,-3.82487e6,1.93675e6,-4.85754e-9
1473040050,30723128.592490524,26725098.73874699,3998.030,3.97186e14,0.3549,-3.87541e6,1.94142e6,-4.86924e-9
1473040080,30710080.926625866,26706899.490356874,4003.181,4.05356e14,1.6949,-3.92458e6,1.94607e6,-4.88091e-9
1473040110,30696990.55249042,26688710.68358814,4008.280,3.97882e14,0.1802,-3.89737e6,1.95071e6,-4.89254e-9
1473040140,30683857.577790312,26670532.68291612,4013.325,3.94213e14,1.1006,-3.88861e6,1.95534e6,-4.90414e-9
1473040170,30670682.11090597,26652365.85406183,4018.316,3.92869e14,1.4378,-3.89117e6,1.95994e6,-4.91569e-9
1473040200,30657464.26089538,26634210.563988063,4023.254,3.93712e14,1.2264,-3.90444e6,1.96454e6,-4.92721e-9
1473040230,30644204.137484852,26616067.180862263,4028.137,4.04850e14,1.5679,-3.96855e6,1.96912e6,-4.93869e-9
1473040260,30630901.85111061,26597936.07415444,4032.966,4.00968e14,0.5939,-3.95852e6,1.97368e6,-4.95013e-9
1473040290,30617557.5128835,26579817.61453031,4037.740,3.92914e14,1.4267,-3.92768e6,1.97823e6,-4.96153e-9
1473040320,30604171.23460462,26561712.173879683,4042.459,3.94089e14,1.1317,-3.94252e6,1.98276e6,-4.97289e-9
1473040350,30590743.12876852,26543620.12531158,4047.123,3.97456e14,0.2872,-3.96827e6,1.98727e6,-4.98421e-9
1473040380,30577273.30856633,26525541.843149155,4051.731,3.95755e14,0.7138,-3.96876e6,1.99177e6,-4.99548e-9
1473040410,30563761.88788897,26507477.702924512,4056.284,3.93055e14,1.3913,-3.96416e6,1.99625e6,-5.00672e-9
1473040440,30550208.98133035,26489428.081373256,4060.781,3.95017e14,0.8990,-3.98287e6,2.00071e6,-5.01791e-9
1473040470,30536614.70419054,26471393.356429093,4065.221,4.03080e14,1.1239,-4.03227e6,2.00516e6,-5.02906e-9
1473040500,30522979.172478996,26453373.90721811,4069.605,4.04248e14,1.4168,-4.04706e6,2.00959e6,-5.04016e-9
1473040530,30509302.502924114,26435370.114085868,4073.932,3.97032e14,0.3936,-4.01949e6,2.01400e6,-5.05122e-9
1473040560,30495584.81295684,26417382.358490016,4078.202,3.96243e14,0.5914,-4.02426e6,2.01839e6,-5.06223e-9
1473040590,30481826.220733773,26399411.023096103,4082.415,3.98699e14,0.0246,-4.04544e6,2.02276e6,-5.07320e-9
1473040620,30468026.845133975,26381456.491738614,4086.570,3.98657e14,0.0142,-4.05394e6,2.02712e6,-5.08412e-9
1473040650,30454186.805762336,26363519.149414837,4090.668,4.02028e14,0.8599,-4.07979e6,2.03146e6,-5.09500e-9
1473040680,30440306.222952895,26345599.38227859,4094.707,4.05091e14,1.6284,-4.10410e6,2.03577e6,-5.10582e-9
1473040710,30426385.21777222,26327697.577633798,4098.688,3.99118e14,0.1299,-4.08220e6,2.04007e6,-5.11660e-9
1473040740,30412423.912022766,26309814.123927925,4102.610,3.99115e14,0.1292,-4.09075e6,2.04435e6,-5.12733e-9
1473040770,30398422.428246234,26291949.410745215,4106.473,4.05190e14,1.6531,-4.13048e6,2.04861e6,-5.13801e-9
1473040800,30384380.889727015,26274103.82879974,4110.277,3.98885e14,0.0714,-4.10657e6,2.05285e6,-5.14864e-9
1473040830,30370299.420494195,26256277.769898143,4114.022,4.02030e14,0.8604,-4.13124e6,2.05707e6,-5.15922e-9
1473040860,30356178.145329263,26238471.627025593,4117.707,4.03857e14,1.3188,-4.14911e6,2.06127e6,-5.16975e-9
1473040890,30342017.189765137,26220685.79424473,4121.331,3.97952e14,0.1628,-4.12693e6,2.06545e6,-5.18023e-9
1473040920,30327816.680091057,26202920.666718002,4124.896,3.99424e14,0.2065,-4.14288e6,2.06961e6,-5.19065e-9
1473040950,30313576.743356023,26185176.640699822,4128.400,3.97047e14,0.3898,-4.13880e6,2.07374e6,-5.20103e-9
1473040980,30299297.50737228,26167454.113528226,4131.843,3.96195e14,0.6035,-4.14257e6,2.07786e6,-5.21134e-9
1473041010,30284979.100718766,26149753.483616572,4135.226,3.99193e14,0.1487,-4.16638e6,2.08195e6,-5.22161e-9
1473041040,30270621.652744647,26132075.15044499,4138.547,3.95045e14,0.8921,-4.15283e6,2.08602e6,-5.23182e-9
1473041070,30256225.29357274,26114419.51455157,4141.806,3.95507e14,0.7761,-4.16331e6,2.09007e6,-5.24197e-9
1473041100,30241790.15410313,26096786.977523625,4145.003,4.01524e14,0.7335,-4.20293e6,2.09410e6,-5.25207e-9
1473041130,30227316.366014298,26079177.94201871,4148.138,4.04013e14,1.3580,-4.22407e6,2.09810e6,-5.26211e-9
1473041160,30212804.061773762,26061592.811662145,4151.211,4.08256e14,2.4224,-4.25445e6,2.10209e6,-5.27209e-9
1473041190,30198253.374634683,26044031.9911314,4154.221,3.99969e14,0.3433,-4.21868e6,2.10604e6,-5.28201e-9
1473041220,30183664.43864161,26026495.88611632,4157.169,3.92788e14,1.4581,-4.18857e6,2.10998e6,-5.29188e-9
1473041250,30169037.388634082,26008984.903309595,4160.052,3.99413e14,0.2039,-4.23145e6,2.11389e6,-5.30169e-9
1473041280,30154372.360250145,25991499.45039707,4162.873,4.02439e14,0.9630,-4.25530e6,2.11777e6,-5.31143e-9
1473041310,30139669.48993002,25974039.93604788,4165.630,3.98712e14,0.0280,-4.24323e6,2.12164e6,-5.32112e-9
1473041340,30124928.914919622,25956606.769904293,4168.322,3.93667e14,1.2377,-4.22401e6,2.12547e6,-5.33074e-9
1473041370,30110150.773274228,25939200.362571508,4170.950,3.94927e14,0.9215,-4.23832e6,2.12929e6,-5.34030e-9
1473041400,30095335.203862056,25921821.12560706,4173.514,3.98649e14,0.0123,-4.26577e6,2.13307e6,-5.34980e-9
1473041430,30080482.346377257,25904469.471477546,4176.013,4.04549e14,1.4924,-4.30491e6,2.13684e6,-5.35923e-9
1473041460,30065592.341314908,25887145.813648667,4178.447,4.10773e14,3.0539,-4.34585e6,2.14057e6,-5.36860e-9
1473041490,30050665.33000328,25869850.566472653,4180.815,3.99062e14,0.1159,-4.29040e6,2.14428e6,-5.37790e-9
1473041520,30035701.4545983,25852584.145209603,4183.117,3.90944e14,1.9208,-4.25404e6,2.14797e6,-5.38714e-9
1473041550,30020700.858087327,25835346.966015767,4185.354,3.99169e14,0.1426,-4.30566e6,2.15162e6,-5.39631e-9
1473041580,30005663.68429292,25818139.445931546,4187.524,4.03973e14,1.3478,-4.33890e6,2.15525e6,-5.40542e-9
1473041610,29990590.077876605,25800962.002869386,4189.628,4.03584e14,1.2502,-4.34404e6,2.15886e6,-5.41445e-9
1473041640,29975480.184342567,25783815.055601403,4191.665,4.00138e14,0.3857,-4.33255e6,2.16243e6,-5.42342e-9
1473041670,29960334.150041513,25766699.02374686,4193.635,4.00456e14,0.4655,-4.34139e6,2.16598e6,-5.43232e-9
1473041700,29945152.122174367,25749614.32775948,4195.538,4.04372e14,1.4480,-4.36975e6,2.16950e6,-5.44115e-9
1473041730,29929934.24877699,25732561.388946947,4197.373,4.00071e14,0.3688,-4.35334e6,2.17299e6,-5.44990e-9
1473041760,29914680.678782694,25715540.629357588,4199.140,3.95883e14,0.6817,-4.33742e6,2.17646e6,-5.45859e-9
1473041790,29899391.561967194,25698552.471867833,4200.839,3.95054e14,0.8896,-4.33973e6,2.17989e6,-5.46720e-9
1473041820,29884067.04897125,25681597.340136323,4202.470,4.01473e14,0.7207,-4.38166e6,2.18330e6,-5.47574e-9
1473041850,29868707.291304335,25664675.658590477,4204.032,4.02023e14,0.8586,-4.39145e6,2.18667e6,-5.48421e-9
1473041880,29853312.441348184,25647787.85241293,4205.525,3.94694e14,0.9802,-4.35791e6,2.19002e6,-5.49260e-9
1473041910,29837882.652360506,25630934.34752766,4206.948,3.88967e14,2.4169,-4.33301e6,2.19333e6,-5.50091e-9
1473041940,29822418.078478586,25614115.570586003,4208.303,3.92870e14,1.4377,-4.36100e6,2.19662e6,-5.50915e-9
1473041970,29806918.874723,25597331.948952433,4209.587,4.03961e14,1.3449,-4.42866e6,2.19987e6,-5.51731e-9
1473042000,29791385.197001223,25580583.91069005,4210.801,4.04368e14,1.4471,-4.43739e6,2.20310e6,-5.52540e-9
1473042030,29775817.20213588,25563871.884522926,4211.945,3.98309e14,0.0731,-4.41029e6,2.20629e6,-5.53340e-9
1473042060,29760215.047792926,25547196.299892493,4213.019,3.95116e14,0.8741,-4.39892e6,2.20945e6,-5.54133e-9
1473042090,29744578.892561067,25530557.586870737,4214.021,3.98965e14,0.0914,-4.42650e6,2.21258e6,-5.54918e-9
1473042120,29728908.89593113,25513956.17616795,4214.953,3.99251e14,0.1631,-4.43429e6,2.21567e6,-5.55694e-9
1473042150,29713205.21830009,25497392.499116972,4215.813,3.98791e14,0.0477,-4.43786e6,2.21874e6,-5.56463e-9
1473042180,29697468.02097499,25480866.987657294,4216.601,3.95741e14,0.7175,-4.42693e6,2.22177e6,-5.57223e-9
1473042210,29681697.46617693,25464380.074318852,4217.317,3.96505e14,0.5258,-4.43716e6,2.22477e6,-5.57975e-9
1473042240,29665893.717045046,25447932.192205645,4217.962,4.02185e14,0.8992,-4.47481e6,2.22773e6,-5.58718e-9
1473042270,29650056.937640503,25431523.774979107,4218.533,4.02528e14,0.9852,-4.48261e6,2.23066e6,-5.59453e-9
1473042300,29634187.292950418,25415155.25684125,4219.032,3.99650e14,0.2632,-4.47231e6,2.23356e6,-5.60179e-9
1473042330,29618284.94887085,25398827.072526053,4219.458,3.92262e14,1.5902,-4.43660e6,2.23642e6,-5.60897e-9
1473042360,29602350.07227582,25382539.65725623,4219.810,3.93542e14,1.2692,-4.44940e6,2.23924e6,-5.61606e-9
1473042390,29586382.830956016,25366293.44675192,4220.089,3.97048e14,0.3895,-4.47466e6,2.24203e6,-5.62306e-9
1473042420,29570383.393643737,25350088.877204545,4220.295,3.96108e14,0.6253,-4.47487e6,2.24479e6,-5.62997e-9
1473042450,29554351.930016693,25333926.385258954,4220.426,3.97032e14,0.3934,-4.48550e6,2.24751e6,-5.63680e-9
1473042480,29538288.61070187,25317806.4079954,4220.482,3.98317e14,0.0712,-4.49810e6,2.25019e6,-5.64353e-9
1473042510,29522193.607279275,25301729.382911265,4220.464,4.00660e14,0.5166,-4.51663e6,2.25284e6,-5.65017e-9
1473042540,29506067.092285804,25285695.747902587,4220.371,4.01557e14,0.7418,-4.52695e6,2.25545e6,-5.65672e-9
1473042570,29489909.239219017,25269705.941245344,4220.203,3.98650e14,0.0125,-4.51565e6,2.25802e6,-5.66317e-9
1473042600,29473720.222540937,25253760.401576567,4219.960,3.96024e14,0.6465,-4.50583e6,2.26056e6,-5.66953e-9
1473042630,29457500.21769335,25237859.56787641,4219.641,3.98130e14,0.1181,-4.52276e6,2.26306e6,-5.67580e-9
1473042660,29441249.401066225,25222003.87944525,4219.246,4.02579e14,0.9981,-4.55296e6,2.26552e6,-5.68197e-9
1473042690,29424967.950037077,25206193.77588767,4218.774,3.96161e14,0.6119,-4.52132e6,2.26794e6,-5.68804e-9
1473042720,29408656.042963445,25190429.697091553,4218.226,3.92214e14,1.6021,-4.50360e6,2.27032e6,-5.69402e-9
1473042750,29392313.8591867,25174712.083208192,4217.602,4.00750e14,0.5392,-4.55689e6,2.27266e6,-5.69990e-9
1473042780,29375941.579036023,25159041.374632057,4216.900,4.06019e14,1.8611,-4.59158e6,2.27497e6,-5.70568e-9
1473042810,29359539.383832324,25143418.011980478,4216.121,4.03203e14,1.1546,-4.58007e6,2.27723e6,-5.71136e-9
1473042840,29343107.455892198,25127842.436073016,4215.265,3.97849e14,0.1886,-4.55393e6,2.27945e6,-5.71694e-9
1473042870,29326645.97853178,25112315.087910704,4214.331,3.99264e14,0.1664,-4.56639e6,2.28164e6,-5.72242e-9
1473042900,29310155.13607075,25096836.408654958,4213.319,4.00641e14,0.5119,-4.57857e6,2.28378e6,-5.72779e-9
1473042930,29293635.113836374,25081406.839609854,4212.228,3.96054e14,0.6389,-4.55648e6,2.28588e6,-5.73306e-9
1473042960,29277086.098167177,25066026.82219012,4211.059,3.96317e14,0.5728,-4.56210e6,2.28794e6,-5.73823e-9
1473042990,29260508.276416935,25050696.79791,4209.811,4.00156e14,0.3901,-4.58816e6,2.28995e6,-5.74329e-9
1473043020,29243901.83695865,25035417.208357994,4208.485,3.97955e14,0.1620,-4.57947e6,2.29193e6,-5.74825e-9
1473043050,29227266.969188485,25020188.495174844,4207.078,3.99631e14,0.2587,-4.59298e6,2.29386e6,-5.75310e-9
1473043080,29210603.86352961,25005011.100031156,4205.593,3.96315e14,0.5733,-4.57767e6,2.29575e6,-5.75784e-9
1473043110,29193912.71143622,24989885.464605063,4204.027,3.94687e14,0.9818,-4.57197e6,2.29759e6,-5.76247e-9
1473043140,29177193.705397375,24974812.03055941,4202.382,3.96345e14,0.5660,-4.58511e6,2.29940e6,-5.76700e-9
1473043170,29160447.038940895,24959791.239518836,4200.656,3.97212e14,0.3484,-4.59363e6,2.30115e6,-5.77141e-9
1473043200,29143672.906637296,24944823.53304664,4198.849,3.99505e14,0.2270,-4.61029e6,2.30287e6,-5.77571e-9
1473043230,29126871.504092038,24929909.352603853,4196.962,4.00300e14,0.4263,-4.61823e6,2.30454e6,-5.77990e-9
1473043260,29110043.027985066,24915049.139579736,4194.994,4.00195e14,0.4001,-4.62088e6,2.30616e6,-5.78398e-9
1473043290,29093187.676039107,24900243.335213937,4192.944,3.99805e14,0.3023,-4.62179e6,2.30774e6,-5.78794e-9
1473043320,29076305.64703488,24885492.38058982,4190.813,4.02065e14,0.8692,-4.63795e6,2.30927e6,-5.79179e-9
1473043350,29059397.140814874,24870796.716610126,4188.600,3.96968e14,0.4096,-4.61139e6,2.31076e6,-5.79552e-9
1473043380,29042462.35828712,24856156.783972446,4186.306,3.97873e14,0.1824,-4.61952e6,2.31220e6,-5.79914e-9
1473043410,29025501.501428925,24841573.02314447,4183.928,4.02636e14,1.0123,-4.64994e6,2.31359e6,-5.80264e-9
1473043440,29008514.77329065,24827045.874339037,4181.469,3.98073e14,0.1324,-4.62615e6,2.31493e6,-5.80602e-9
1473043470,28991502.37799943,24812575.777489062,4178.927,3.95407e14,0.8012,-4.61326e6,2.31623e6,-5.80928e-9
1473043500,28974464.520762898,24798163.1722222,4176.301,3.95203e14,0.8525,-4.61456e6,2.31748e6,-5.81242e-9
1473043530,28957401.407894764,24783808.497866698,4173.593,3.96364e14,0.5610,-4.62372e6,2.31868e6,-5.81544e-9
1473043560,28940313.246751517,24769512.193329304,4170.801,3.96821e14,0.4464,-4.62868e6,2.31984e6,-5.81834e-9
1473043590,28923200.2458032,24755274.697165906,4167.926,3.97389e14,0.3039,-4.63419e6,2.32094e6,-5.82111e-9
1473043620,28906062.614615697,24741096.447524562,4164.966,4.00573e14,0.4949,-4.65484e6,2.32199e6,-5.82376e-9
1473043650,28888900.56385456,24726977.88211957,4161.923,3.97700e14,0.2260,-4.64011e6,2.32300e6,-5.82629e-9
1473043680,28871714.305288948,24712919.438205317,4158.795,3.96655e14,0.4882,-4.63593e6,2.32395e6,-5.82869e-9
1473043710,28854504.051795553,24698921.552550036,4155.582,3.97890e14,0.1783,-4.64494e6,2.32486e6,-5.83096e-9
1473043740,28837270.017362356,24684984.661409218,4152.285,3.94199e14,1.1043,-4.62511e6,2.32571e6,-5.83311e-9
1473043770,28820012.41709258,24671109.200499,4148.903,3.99527e14,0.2324,-4.65780e6,2.32651e6,-5.83513e-9
1473043800,28802731.467208505,24657295.60496935,4145.436,4.05622e14,1.7616,-4.69489e6,2.32726e6,-5.83702e-9
1473043830,28785427.385027166,24643544.309343196,4141.883,3.98954e14,0.0888,-4.65737e6,2.32796e6,-5.83878e-9
1473043860,28768100.389050577,24629855.747593213,4138.245,3.98082e14,0.1300,-4.65357e6,2.32861e6,-5.84041e-9
1473043890,28750750.698882986,24616230.35301035,4134.520,3.97741e14,0.2156,-4.65277e6,2.32920e6,-5.84190e-9
1473043920,28733378.535262346,24602668.558209546,4130.710,3.94476e14,1.0348,-4.63477e6,2.32974e6,-5.84327e-9
1473043950,28715984.120063804,24589170.795101803,4126.813,3.96871e14,0.4338,-4.64974e6,2.33023e6,-5.84450e-9
1473043980,28698567.676303156,24575737.494865917,4122.830,4.00471e14,0.4693,-4.67165e6,2.33066e6,-5.84559e-9
1473044010,28681129.428140346,24562369.08792014,4118.760,4.00959e14,0.5916,-4.67527e6,2.33104e6,-5.84655e-9
1473044040,28663669.600882843,24549066.003893647,4114.604,3.95175e14,0.8595,-4.64210e6,2.33137e6,-5.84738e-9
1473044070,28646188.420989007,24535828.67159781,4110.360,3.96612e14,0.4989,-4.65105e6,2.33164e6,-5.84807e-9
1473044100,28628686.11607156,24522657.51899745,4106.029,4.04600e14,1.5052,-4.69820e6,2.33185e6,-5.84861e-9
1473044130,28611162.914929304,24509552.97320479,4101.610,4.00808e14,0.5537,-4.67635e6,2.33201e6,-5.84902e-9
1473044160,28593619.047463097,24496515.460379336,4097.104,3.98699e14,0.0248,-4.66423e6,2.33212e6,-5.84929e-9
1473044190,28576054.744766764,24483545.40576981,4092.509,3.99299e14,0.1752,-4.66783e6,2.33217e6,-5.84942e-9
1473044220,28558470.2391023,24470643.23366194,4087.827,3.95875e14,0.6838,-4.64779e6,2.33216e6,-5.84941e-9
1473044250,28540865.76390346,24457809.367349107,4083.056,4.00950e14,0.5894,-4.67735e6,2.33209e6,-5.84926e-9
1473044280,28523241.55377931,24445044.229102872,4078.197,4.03215e14,1.1577,-4.69036e6,2.33197e6,-5.84896e-9
1473044310,28505597.84451773,24432348.240143467,4073.250,4.01850e14,0.8152,-4.68201e6,2.33179e6,-5.84852e-9
1473044340,28487934.873088952,24419721.82061006,4068.213,3.99468e14,0.2175,-4.66761e6,2.33155e6,-5.84793e-9
1473044370,28470252.877648994,24407165.389530934,4063.087,3.93787e14,1.2076,-4.63380e6,2.33125e6,-5.84719e-9
1473044400,28452552.097543143,24394679.36479368,4057.873,3.95403e14,0.8022,-4.64255e6,2.33090e6,-5.84631e-9
1473044430,28434832.773286074,24382264.163112924,4052.569,3.97549e14,0.2637,-4.65427e6,2.33048e6,-5.84528e-9
1473044460,28417095.146637063,24369920.20000689,4047.175,3.94481e14,1.0334,-4.63540e6,2.33001e6,-5.84411e-9
1473044490,28399339.4605314,24357647.889760453,4041.692,3.99399e14,0.2004,-4.66308e6,2.32947e6,-5.84278e-9
1473044520,28381565.95910678,24345447.645396948,4036.118,3.98811e14,0.0529,-4.65846e6,2.32888e6,-5.84130e-9
1473044550,28363774.887706455,24333319.878647637,4030.455,3.94928e14,0.9213,-4.63448e6,2.32823e6,-5.83968e-9
1473044580,28345966.49288223,24321264.99992126,4024.701,3.97651e14,0.2383,-4.64896e6,2.32751e6,-5.83789e-9
1473044610,28328141.02239759,24309283.418273162,4018.858,3.96873e14,0.4334,-4.64287e6,2.32674e6,-5.83596e-9
1473044640,28310298.725230616,24297375.541374706,4012.923,3.98578e14,0.0055,-4.65116e6,2.32590e6,-5.83387e-9
1473044670,28292439.85157698,24285541.775482215,4006.898,4.00182e14,0.3968,-4.65872e6,2.32500e6,-5.83163e-9
1473044700,28274564.652852893,24273782.5254061,4000.782,3.99379e14,0.1953,-4.65211e6,2.32404e6,-5.82923e-9
1473044730,28256673.381713156,24262098.19446192,3994.575,4.00720e14,0.5317,-4.65788e6,2.32302e6,-5.82668e-9
1473044760,28238766.292007286,24250489.18449412,3988.277,4.00937e14,0.5863,-4.65698e6,2.32193e6,-5.82397e-9
1473044790,28220843.638829183,24238955.895789843,3981.888,4.00357e14,0.4406,-4.65130e6,2.32078e6,-5.82110e-9
1473044820,28202905.678504907,24227498.72706521,3975.407,3.98702e14,0.0255,-4.63925e6,2.31957e6,-5.81807e-9
1473044850,28184952.66859559,24216118.07543386,3968.835,3.98533e14,0.0169,-4.63572e6,2.31829e6,-5.81489e-9
1473044880,28166984.867900316,24204814.33637535,3962.171,3.99850e14,0.3136,-4.64070e6,2.31695e6,-5.81154e-9
1473044910,28149002.53645892,24193587.90370355,3955.415,3.96696e14,0.4777,-4.61957e6,2.31555e6,-5.80803e-9
1473044940,28131005.93555482,24182439.169534955,3948.567,4.00778e14,0.5463,-4.64034e6,2.31408e6,-5.80436e-9
1473044970,28112995.32771779,24171368.524257034,3941.627,4.01988e14,0.8498,-4.64429e6,2.31255e6,-5.80052e-9
1473045000,28094970.976726647,24160376.35649642,3934.595,3.95192e14,0.8552,-4.60169e6,2.31095e6,-5.79652e-9
1473045030,28076933.147604775,24149463.05311499,3927.470,3.96598e14,0.5025,-4.60652e6,2.30928e6,-5.79236e-9
1473045060,28058882.106644977,24138628.999092612,3920.253,3.99870e14,0.3185,-4.62201e6,2.30755e6,-5.78803e-9
1473045090,28040818.12138983,24127874.577580977,3912.944,3.98241e14,0.0902,-4.60899e6,2.30575e6,-5.78354e-9
1473045120,28022741.460641418,24117200.169844422,3905.541,3.96921e14,0.4214,-4.59765e6,2.30389e6,-5.77888e-9
1473045150,28004652.39446374,24106606.155228276,3898.046,3.98350e14,0.0629,-4.60205e6,2.30196e6,-5.77405e-9
1473045180,27986551.194185115,24096092.911127347,3890.458,3.99114e14,0.1287,-4.60247e6,2.29996e6,-5.76906e-9
1473045210,27968438.13240058,24085660.812954348,3882.777,4.01726e14,0.7842,-4.61340e6,2.29789e6,-5.76389e-9
1473045240,27950313.482974164,24075310.23410836,3875.003,4.03546e14,1.2407,-4.61960e6,2.29576e6,-5.75855e-9
1473045270,27932177.521041147,24065041.545943264,3867.136,4.00166e14,0.3927,-4.59573e6,2.29356e6,-5.75305e-9
1473045300,27914030.523010246,24054855.117736187,3859.175,3.95824e14,0.6967,-4.56623e6,2.29129e6,-5.74737e-9
1473045330,27895872.76656803,24044751.316631448,3851.121,3.98113e14,0.1224,-4.57472e6,2.28895e6,-5.74152e-9
1473045360,27877704.53067419,24034730.50768484,3842.974,4.00528e14,0.4836,-4.58377e6,2.28654e6,-5.73550e-9
1473045390,27859526.095570337,24024793.053756095,3834.733,3.99155e14,0.1392,-4.57095e6,2.28407e6,-5.72930e-9
1473045420,27841337.742779803,24014939.315501794,3826.398,3.97919e14,0.1709,-4.55878e6,2.28152e6,-5.72293e-9
1473045450,27823139.75510966,24005169.651343785,3817.970,3.98070e14,0.1330,-4.55443e6,2.27890e6,-5.71639e-9
1473045480,27804932.41665259,23995484.417437587,3809.448,3.93723e14,1.2235,-4.52425e6,2.27622e6,-5.70967e-9
1473045510,27786716.012788735,23985883.96764084,3800.832,3.92153e14,1.6176,-4.50982e6,2.27346e6,-5.70277e-9
1473045540,27768490.830187526,23976368.65348185,3792.122,3.98034e14,0.1420,-4.53771e6,2.27063e6,-5.69569e-9
1473045570,27750257.15680939,23966938.82412805,3783.318,3.94356e14,1.0648,-4.51101e6,2.26774e6,-5.68844e-9
1473045600,27732015.28190742,23957594.82635471,3774.420,3.92050e14,1.6434,-4.49201e6,2.26477e6,-5.68101e-9
1473045630,27713765.496029727,23948337.00452899,3765.428,3.99733e14,0.2842,-4.52957e6,2.26172e6,-5.67340e-9
1473045660,27695508.091018736,23939165.700531192,3756.342,4.03980e14,1.3497,-4.54741e6,2.25861e6,-5.66561e-9
1473045690,27677243.36001507,23930081.253771428,3747.162,4.00273e14,0.4197,-4.52003e6,2.25543e6,-5.65764e-9
1473045720,27658971.597458176,23921084.001143206,3737.888,3.97979e14,0.1558,-4.50055e6,2.25217e6,-5.64949e-9
1473045750,27640693.0990877,23912174.276992533,3728.519,3.97867e14,0.1840,-4.49327e6,2.24884e6,-5.64116e-9
1473045780,27622408.161944784,23903352.413087275,3719.056,3.99449e14,0.2129,-4.49539e6,2.24544e6,-5.63264e-9
1473045810,27604117.084373295,23894618.738586504,3709.498,3.99338e14,0.1851,-4.48782e6,2.24197e6,-5.62395e-9
1473045840,27585820.166020963,23885973.580009997,3699.847,3.97768e14,0.2088,-4.47191e6,2.23842e6,-5.61507e-9
1473045870,27567517.707840532,23877417.261207804,3690.100,3.97539e14,0.2664,-4.46340e6,2.23480e6,-5.60600e-9
1473045900,27549210.012090657,23868950.103330053,3680.260,3.95943e14,0.6668,-4.44709e6,2.23110e6,-5.59675e-9
1473045930,27530897.382331807,23860572.424790647,3670.325,4.01469e14,0.7197,-4.47047e6,2.22733e6,-5.58732e-9
1473045960,27512580.123443007,23852284.5412564,3660.296,4.01773e14,0.7960,-4.46446e6,2.22349e6,-5.57770e-9
1473045990,27494258.541606527,23844086.765597694,3650.172,3.96488e14,0.5300,-4.42717e6,2.21957e6,-5.56789e-9
1473046020,27475932.944313828,23835979.40786512,3639.954,3.97765e14,0.2097,-4.42631e6,2.21558e6,-5.55790e-9
1473046050,27457603.64036612,23827962.775259845,3629.641,3.96903e14,0.4258,-4.41342e6,2.21151e6,-5.54771e-9
1473046080,27439270.939874887,23820037.17210416,3619.234,3.99007e14,0.1019,-4.41681e6,2.20737e6,-5.53735e-9
1473046110,27420935.15426244,23812202.899812263,3608.732,3.99409e14,0.2029,-4.41060e6,2.20315e6,-5.52679e-9
1473046140,27402596.59626215,23804460.256861083,3598.136,3.96852e14,0.4387,-4.38791e6,2.19886e6,-5.51604e-9
1473046170,27384255.579918884,23796809.538761403,3587.446,3.78809e14,4.9653,-4.27988e6,2.19449e6,-5.50511e-9
1473046200,27365912.420589183,23789251.03802907,3576.661,3.81028e14,4.4085,-4.28341e6,2.19005e6,-5.49398e-9
1473046230,27347567.43495048,23781785.0441556,3565.782,3.97710e14,0.2233,-4.36604e6,2.18553e6,-5.48266e-9
1473046260,27329220.940973222,23774411.843582254,3554.809,3.98279e14,0.0805,-4.35998e6,2.18093e6,-5.47116e-9
1473046290,27310873.25794908,23767131.719669778,3543.742,4.02063e14,0.8687,-4.37131e6,2.17626e6,-5.45946e-9
1473046320,27292524.7064817,23759944.952671044,3532.580,3.98085e14,0.1293,-4.34011e6,2.17151e6,-5.44757e-9
1473046350,27274175.608486705,23752851.819703277,3521.324,3.92031e14,1.6482,-4.29757e6,2.16669e6,-5.43549e-9
1473046380,27255826.287191503,23745852.5947205,3509.974,3.90279e14,2.0876,-4.27836e6,2.16179e6,-5.42321e-9
1473046410,27237477.06713502,23738947.548486263,3498.530,3.97689e14,0.2286,-4.30861e6,2.15681e6,-5.41075e-9
1473046440,27219128.274167422,23732136.948546473,3486.991,4.03579e14,1.2490,-4.33031e6,2.15175e6,-5.39809e-9
1473046470,27200780.23544955,23725421.059202604,3475.359,4.00358e14,0.4408,-4.30264e6,2.14662e6,-5.38523e-9
1473046500,27182433.2794525,23718800.141485002,3463.633,4.00292e14,0.4244,-4.29185e6,2.14141e6,-5.37218e-9
1473046530,27164087.735952217,23712274.45313036,3451.813,3.99947e14,0.3378,-4.27941e6,2.13612e6,-5.35894e-9
1473046560,27145743.936043315,23705844.24854407,3439.900,3.99067e14,0.1171,-4.26397e6,2.13076e6,-5.34550e-9
1473046590,27127402.21212358,23699509.778785575,3427.892,4.01697e14,0.7769,-4.26711e6,2.12531e6,-5.33187e-9
1473046620,27109062.89789779,23693271.291539185,3415.792,3.97125e14,0.3702,-4.23172e6,2.11979e6,-5.31804e-9
1473046650,27090726.32837655,23687129.031088848,3403.597,3.94912e14,0.9252,-4.20881e6,2.11419e6,-5.30402e-9
1473046680,27072392.839875117,23681083.238293074,3391.310,3.95531e14,0.7700,-4.20079e6,2.10851e6,-5.28980e-9
1473046710,27054062.770012077,23675134.150560226,3378.929,3.97668e14,0.2339,-4.20061e6,2.10276e6,-5.27538e-9
1473046740,27035736.457707886,23669282.001824077,3366.454,3.97053e14,0.3881,-4.18573e6,2.09692e6,-5.26077e-9
1473046770,27017414.243183345,23663527.022519633,3353.887,3.95359e14,0.8133,-4.16505e6,2.09101e6,-5.24596e-9
1473046800,26999096.467957888,23657869.439559314,3341.227,3.98755e14,0.0388,-4.17089e6,2.08502e6,-5.23096e-9
1473046830,26980783.474838104,23652309.476306964,3328.474,4.00140e14,0.3862,-4.16598e6,2.07895e6,-5.21575e-9
1473046860,26962475.60794587,23646847.352561936,3315.628,4.00948e14,0.5889,-4.15787e6,2.07280e6,-5.20035e-9
1473046890,26944173.212686237,23641483.284529038,3302.690,3.96103e14,0.6265,-4.12027e6,2.06657e6,-5.18475e-9
1473046920,26925876.635754865,23636217.484798186,3289.659,3.96449e14,0.5398,-4.10950e6,2.06027e6,-5.16896e-9
1473046950,26907586.225135867,23631050.16232207,3276.536,4.05649e14,1.7684,-4.14418e6,2.05388e6,-5.15296e-9
1473046980,26889302.330099314,23625981.522394195,3263.321,4.02759e14,1.0433,-4.11630e6,2.04742e6,-5.13677e-9
1473047010,26871025.301198695,23621011.7666272,3250.014,3.96864e14,0.4356,-4.07297e6,2.04088e6,-5.12038e-9
1473047040,26852755.490268324,23616141.092931554,3236.614,4.01044e14,0.6131,-4.08110e6,2.03425e6,-5.10379e-9
1473047070,26834493.250420574,23611369.695494615,3223.124,4.00204e14,0.4022,-4.06339e6,2.02755e6,-5.08701e-9
1473047100,26816238.93604305,23606697.764759883,3209.541,3.97780e14,0.2058,-4.03753e6,2.02077e6,-5.07002e-9
1473047130,26797992.902820986,23602125.48740448,3195.867,3.98495e14,0.0264,-4.02744e6,2.01391e6,-5.05284e-9
1473047160,26779755.507655915,23597653.046326414,3182.102,3.97032e14,0.3935,-4.00621e6,2.00697e6,-5.03546e-9
1473047190,26761527.10874101,23593280.62061765,3168.246,3.99612e14,0.2537,-4.00516e6,1.99995e6,-5.01787e-9
1473047220,26743308.06553263,23589008.38554726,3154.300,4.03758e14,1.2940,-4.01169e6,1.99286e6,-5.00009e-9
1473047250,26725098.73874699,23584836.51254261,3140.262,4.01305e14,0.6786,-3.98503e6,1.98568e6,-4.98211e-9
1473047280,26706899.490356874,23580765.1691708,3126.134,3.94225e14,1.0978,-3.93533e6,1.97842e6,-4.96394e-9
1473047310,26688710.68358814,23576794.51912063,3111.916,4.01206e14,0.6538,-3.95528e6,1.97109e6,-4.94556e-9
1473047340,26670532.68291612,23572924.722184837,3097.608,4.05502e14,1.7314,-3.96158e6,1.96368e6,-4.92699e-9
1473047370,26652365.85406183,23569155.934242737,3083.210,3.97278e14,0.3317,-3.90611e6,1.95618e6,-4.90821e-9
1473047400,26634210.563988063,23565488.307243384,3068.722,3.96073e14,0.6340,-3.88511e6,1.94861e6,-4.88924e-9
1473047430,26616067.180862263,23561921.989193253,3054.145,3.98798e14,0.0496,-3.88313e6,1.94096e6,-4.87007e-9
1473047460,26597936.07415444,23558457.12412689,3039.479,4.03780e14,1.2995,-3.89184e6,1.93323e6,-4.85070e-9
1473047490,26579817.61453031,23555093.85210444,3024.724,4.03062e14,1.1194,-3.87266e6,1.92542e6,-4.83113e-9
1473047520,26561712.173879683,23551832.309192147,3009.880,4.00553e14,0.4899,-3.84474e6,1.91753e6,-4.81137e-9
1473047550,26543620.12531158,23548672.627447456,2994.947,3.98336e14,0.0663,-3.81815e6,1.90956e6,-4.79140e-9
1473047580,26525541.843149155,23545614.934904534,2979.927,3.94414e14,1.0503,-3.78336e6,1.90151e6,-4.77124e-9
1473047610,26507477.702924512,23542659.35556035,2964.818,4.00545e14,0.4877,-3.79633e6,1.89339e6,-4.75088e-9
1473047640,26489428.081373256,23539806.009360965,2949.622,4.06263e14,1.9224,-3.80694e6,1.88518e6,-4.73032e-9
1473047670,26471393.356429093,23537055.012188457,2934.338,3.98823e14,0.0559,-3.75519e6,1.87690e6,-4.70957e-9
1473047700,26453373.90721811,23534406.47584814,2918.967,3.96411e14,0.5492,-3.72716e6,1.86854e6,-4.68862e-9
1473047730,26435370.114085868,23531860.50805279,2903.510,3.99042e14,0.1107,-3.72261e6,1.86010e6,-4.66747e-9
1473047760,26417382.358490016,23529417.212421518,2887.965,3.98685e14,0.0211,-3.70392e6,1.85158e6,-4.64613e-9
1473047790,26399411.023096103,23527076.688457567,2872.334,3.97892e14,0.1778,-3.68307e6,1.84298e6,-4.62459e-9
1473047820,26381456.491738614,23524839.03154084,2856.617,3.93792e14,1.2064,-3.64687e6,1.83431e6,-4.60285e-9
1473047850,26363519.149414837,23522704.3329172,2840.815,3.95608e14,0.7508,-3.63780e6,1.82556e6,-4.58092e-9
1473047880,26345599.38227859,23520672.679688442,2824.927,4.00927e14,0.5837,-3.64447e6,1.81673e6,-4.55879e-9
1473047910,26327697.577633798,23518744.15480257,2808.953,4.03941e14,1.3397,-3.64028e6,1.80782e6,-4.53646e-9
1473047940,26309814.123927925,23516918.83704455,2792.895,4.03409e14,1.2064,-3.61980e6,1.79883e6,-4.51395e-9
1473047970,26291949.410745215,23515196.801027495,2776.753,3.93873e14,1.1860,-3.55875e6,1.78977e6,-4.49124e-9
1473048000,26274103.82879974,23513578.11718441,2760.526,3.94337e14,1.0697,-3.54265e6,1.78063e6,-4.46833e-9
1473048030,26256277.769898143,23512062.85175815,2744.215,3.93916e14,1.1752,-3.52246e6,1.77141e6,-4.44523e-9
1473048060,26238471.627025593,23510651.066800468,2727.821,3.94949e14,0.9161,-3.50856e6,1.76212e6,-4.42194e-9
1473048090,26220685.79424473,23509342.820158605,2711.343,4.02138e14,0.8876,-3.52153e6,1.75275e6,-4.39845e-9
1473048120,26202920.666718002,23508138.165470827,2694.783,3.98361e14,0.0601,-3.48604e6,1.74330e6,-4.37478e-9
1473048150,26185176.640699822,23507037.152160443,2678.139,3.98608e14,0.0019,-3.46808e6,1.73377e6,-4.35091e-9
1473048180,26167454.113528226,23506039.825430166,2661.414,4.01652e14,0.7655,-3.46206e6,1.72417e6,-4.32685e-9
1473048210,26149753.483616572,23505146.226257086,2644.607,3.96543e14,0.5163,-3.42066e6,1.71450e6,-4.30260e-9
1473048240,26132075.15044499,23504356.391387977,2627.719,3.98722e14,0.0306,-3.41054e6,1.70475e6,-4.27816e-9
1473048270,26114419.51455157,23503670.353335172,2610.749,3.98953e14,0.0884,-3.39187e6,1.69492e6,-4.25353e-9
1473048300,26096786.977523625,23503088.14037288,2593.699,3.97567e14,0.2592,-3.36621e6,1.68502e6,-4.22871e-9
1473048330,26079177.94201871,23502609.776543718,2576.568,3.98329e14,0.0680,-3.34949e6,1.67504e6,-4.20370e-9
1473048360,26061592.811662145,23502235.28162605,2559.358,3.99256e14,0.1644,-3.33328e6,1.66498e6,-4.17850e-9
1473048390,26044031.9911314,23501964.671161715,2542.067,4.02924e14,1.0846,-3.32825e6,1.65486e6,-4.15312e-9
1473048420,26026495.88611632,23501797.95644464,2524.698,3.96021e14,0.6470,-3.27926e6,1.64466e6,-4.12755e-9
1473048450,26008984.903309595,23501735.144519642,2507.250,3.97632e14,0.2429,-3.26539e6,1.63438e6,-4.10180e-9
1473048480,25991499.45039707,23501776.23818168,2489.723,3.99999e14,0.3509,-3.25437e6,1.62403e6,-4.07586e-9
1473048510,25974039.93604788,23501921.235975582,2472.119,4.03359e14,1.1938,-3.24711e6,1.61361e6,-4.04973e-9
1473048540,25956606.769904293,23502170.132196262,2454.437,4.01721e14,0.7829,-3.21941e6,1.60311e6,-4.02343e-9
1473048570,25939200.362571508,23502522.916889373,2436.677,4.00974e14,0.5954,-3.19521e6,1.59254e6,-3.99693e-9
1473048600,25921821.12560706,23502979.575852457,2418.842,3.98115e14,0.1218,-3.16252e6,1.58190e6,-3.97026e-9
1473048630,25904469.471477546,23503540.090615734,2400.929,3.88831e14,2.4509,-3.10451e6,1.57119e6,-3.94341e-9
1473048660,25887145.813648667,23504204.438508313,2382.941,3.87176e14,2.8661,-3.07673e6,1.56040e6,-3.91637e-9
1473048690,25869850.566472653,23504972.592596527,2364.878,3.97818e14,0.1963,-3.09672e6,1.54955e6,-3.88915e-9
1473048720,25852584.145209603,23505844.521707498,2346.740,4.06049e14,1.8686,-3.10668e6,1.53862e6,-3.86176e-9
1473048750,25835346.966015767,23506820.19043248,2328.527,3.99216e14,0.1544,-3.05828e6,1.52762e6,-3.83418e-9
1473048780,25818139.445931546,23507899.559130665,2310.240,3.95710e14,0.7252,-3.02279e6,1.51655e6,-3.80643e-9
1473048810,25800962.002869386,23509082.58393343,2291.879,3.97719e14,0.2212,-3.00819e6,1.50541e6,-3.77851e-9
1473048840,25783815.055601403,23510369.216749087,2273.446,3.99904e14,0.3271,-2.99400e6,1.49419e6,-3.75040e-9
1473048870,25766699.02374686,23511759.405268073,2254.940,4.00888e14,0.5739,-2.97507e6,1.48291e6,-3.72213e-9
1473048900,25749614.32775948,23513253.09296865,2236.361,4.03605e14,1.2555,-2.96235e6,1.47156e6,-3.69367e-9
1473048930,25732561.388946947,23514850.219153605,2217.711,3.96508e14,0.5250,-2.91337e6,1.46015e6,-3.66505e-9
1473048960,25715540.629357588,23516550.718862783,2198.990,3.98202e14,0.0998,-2.89662e6,1.44866e6,-3.63625e-9
1473048990,25698552.471867833,23518354.522974554,2180.198,3.99924e14,0.3322,-2.87974e6,1.43710e6,-3.60728e-9
1473049020,25681597.340136323,23520261.55818303,2161.336,3.92932e14,1.4220,-2.83145e6,1.42548e6,-3.57815e-9
1473049050,25664675.658590477,23522271.74700647,2142.404,3.95174e14,0.8597,-2.81620e6,1.41379e6,-3.54884e-9
1473049080,25647787.85241293,23524385.007795908,2123.403,4.01328e14,0.6843,-2.81445e6,1.40203e6,-3.51936e-9
1473049110,25630934.34752766,23526601.254744403,2104.333,4.07258e14,2.1720,-2.81143e6,1.39021e6,-3.48972e-9
1473049140,25614115.570586003,23528920.397896715,2085.195,3.99672e14,0.2688,-2.76115e6,1.37832e6,-3.45991e-9
1473049170,25597331.948952433,23531342.34315933,2065.990,3.94342e14,1.0684,-2.71894e6,1.36637e6,-3.42994e-9
1473049200,25580583.91069005,23533866.992311034,2046.717,4.05349e14,1.6931,-2.73245e6,1.35435e6,-3.39981e-9
1473049230,25563871.884522926,23536494.242975306,2027.378,4.02021e14,0.8582,-2.69687e6,1.34226e6,-3.36951e-9
1473049260,25547196.299892493,23539223.98875067,2007.972,3.97451e14,0.2884,-2.65722e6,1.33011e6,-3.33905e-9
1473054840,23539806.009360965,25544150.05265007,2004.344,4.01990e14,0.8504,2.66883e6,-1.32887e6,3.33333e-9
1473054870,23537055.012188457,25560822.160119206,2023.767,4.06408e14,1.9588,2.70810e6,-1.34101e6,3.36383e-9
1473054900,23534406.47584814,25577530.80416822,2043.124,4.02491e14,0.9760,2.71922e6,-1.35310e6,3.39416e-9
1473054930,23531860.50805279,25594275.55491589,2062.415,3.94966e14,0.9119,2.71761e6,-1.36511e6,3.42434e-9
1473054960,23529417.212421518,25611055.983155143,2081.639,3.89089e14,2.3862,2.72112e6,-1.37706e6,3.45435e-9
1473054990,23527076.688457567,25627871.660355616,2100.795,3.99146e14,0.1368,2.77965e6,-1.38895e6,3.48420e-9
1473055020,23524839.03154084,25644722.15868252,2119.883,4.02775e14,1.0474,2.81608e6,-1.40077e6,3.51388e-9
1473055050,23522704.3329172,25661607.05101137,2138.903,3.99069e14,0.1175,2.82658e6,-1.41252e6,3.54340e-9
1473055080,23520672.679688442,25678525.91094233,2157.853,3.98095e14,0.1269,2.84650e6,-1.42421e6,3.57275e-9
1473055110,23518744.15480257,25695478.312814552,2176.734,4.03336e14,1.1881,2.88861e6,-1.43583e6,3.60192e-9
1473055140,23516918.83704455,25712463.831720095,2195.545,4.03017e14,1.1080,2.91071e6,-1.44738e6,3.63093e-9
1473055170,23515196.801027495,25729482.04351779,2214.285,3.94471e14,1.0359,2.90254e6,-1.45886e6,3.65977e-9
1473055200,23513578.11718441,25746532.524846904,2232.954,4.03588e14,1.2512,2.95889e6,-1.47028e6,3.68844e-9
1473055230,23512062.85175815,25763614.853150997,2251.552,4.09392e14,2.7073,3.00331e6,-1.48162e6,3.71693e-9
1473055260,23510651.066800468,25780728.60665889,2270.078,4.01580e14,0.7475,2.99692e6,-1.49290e6,3.74525e-9
1473055290,23509342.820158605,25797873.36443003,2288.531,3.95037e14,0.8939,2.99474e6,-1.50411e6,3.77340e-9
1473055320,23508138.165470827,25815048.706357002,2306.911,3.95926e14,0.6710,3.02031e6,-1.51525e6,3.80136e-9
1473055350,23507037.152160443,25832254.213178206,2325.217,4.03299e14,1.1788,3.07061e6,-1.52631e6,3.82916e-9
1473055380,23506039.825430166,25849489.46649037,2343.450,4.05851e14,1.8191,3.10259e6,-1.53731e6,3.85677e-9
1473055410,23505146.226257086,25866754.0487609,2361.608,3.95915e14,0.6736,3.08605e6,-1.54824e6,3.88421e-9
1473055440,23504356.391387977,25884047.543339994,2379.691,3.93067e14,1.3881,3.09656e6,-1.55909e6,3.91147e-9
1473055470,23503670.353335172,25901369.53447257,2397.699,3.96349e14,0.5649,3.13091e6,-1.56987e6,3.93855e-9
1473055500,23503088.14037288,25918719.60730998,2415.631,4.01499e14,0.7271,3.17270e6,-1.58058e6,3.96545e-9
1473055530,23502609.776543718,25936097.347908247,2433.488,4.02788e14,1.0506,3.19922e6,-1.59122e6,3.99216e-9
1473055560,23502235.28162605,25953502.343280293,2451.267,4.00592e14,0.4997,3.21165e6,-1.60179e6,4.01870e-9
1473055590,23501964.671161715,25970934.18136616,2468.970,4.02575e14,0.9971,3.24072e6,-1.61228e6,4.04505e-9
1473055620,23501797.95644464,25988392.451057028,2486.594,3.98261e14,0.0853,3.24411e6,-1.62270e6,4.07122e-9
1473055650,23501735.144519642,26005876.74220584,2504.142,3.97831e14,0.1932,3.26304e6,-1.63305e6,4.09720e-9
1473055680,23501776.23818168,26023386.645637695,2521.610,4.00521e14,0.4818,3.29467e6,-1.64332e6,4.12300e-9
1473055710,23501921.235975582,26040921.753160167,2539.001,4.01504e14,0.7283,3.31920e6,-1.65352e6,4.14861e-9
1473055740,23502170.132196262,26058481.65757326,2556.312,3.98535e14,0.0163,3.32714e6,-1.66364e6,4.17404e-9
1473055770,23502522.916889373,26076065.95267923,2573.543,3.99387e14,0.1973,3.35083e6,-1.67369e6,4.19928e-9
1473055800,23502979.575852457,26093674.23329237,2590.695,3.99673e14,0.2691,3.37202e6,-1.68367e6,4.22433e-9
1473055830,23503540.090615734,26111306.095261335,2607.766,3.96499e14,0.5272,3.37837e6,-1.69357e6,4.24920e-9
1473055860,23504204.438508313,26128961.135438662,2624.757,3.98751e14,0.0377,3.40760e6,-1.70339e6,4.27387e-9
1473055890,23504972.592596527,26146638.951729674,2641.666,3.95827e14,0.6959,3.41454e6,-1.71314e6,4.29836e-9
1473055920,23505844.521707498,26164339.143088676,2658.495,3.98750e14,0.0374,3.44647e6,-1.72281e6,4.32265e-9
1473055950,23506820.19043248,26182061.309527833,2675.241,4.00353e14,0.4398,3.47265e6,-1.73241e6,4.34676e-9
1473055980,23507899.559130665,26199805.05212582,2691.905,4.00819e14,0.5567,3.49378e6,-1.74193e6,4.37067e-9
1473056010,23509082.58393343,26217569.973036483,2708.487,4.06657e14,2.0213,3.53839e6,-1.75138e6,4.39439e-9
1473056040,23510369.216749087,26235355.675497036,2724.986,4.02990e14,1.1013,3.54112e6,-1.76075e6,4.41792e-9
1473056070,23511759.405268073,26253161.763836395,2741.402,3.97630e14,0.2436,3.53601e6,-1.77004e6,4.44126e-9
1473056100,23513253.09296865,26270987.843483064,2757.735,4.04848e14,1.5674,3.58666e6,-1.77925e6,4.46440e-9
1473056130,23514850.219153605,26288833.520962954,2773.983,4.00635e14,0.5105,3.58618e6,-1.78839e6,4.48735e-9
1473056160,23516550.718862783,26306698.403938126,2790.148,3.97064e14,0.3856,3.58825e6,-1.79745e6,4.51011e-9
1473056190,23518354.522974554,26324582.10118319,2806.228,4.02004e14,0.8540,3.62859e6,-1.80644e6,4.53267e-9
1473056220,23520261.55818303,26342484.22260267,2822.223,4.00601e14,0.5018,3.64010e6,-1.81534e6,4.55504e-9
1473056250,23522271.74700647,26360404.37923799,2838.133,3.96907e14,0.4250,3.64090e6,-1.82417e6,4.57722e-9
1473056280,23524385.007795908,26378342.183274478,2853.957,3.92390e14,1.5581,3.63760e6,-1.83292e6,4.59919e-9
1473056310,23526601.254744403,26396297.248048045,2869.696,4.00264e14,0.4174,3.69121e6,-1.84159e6,4.62098e-9
1473056340,23528920.397896715,26414269.18805181,2885.349,4.03200e14,1.1539,3.72207e6,-1.85019e6,4.64256e-9
1473056370,23531342.34315933,26432257.61894252,2900.915,4.00891e14,0.5747,3.72844e6,-1.85871e6,4.66395e-9
1473056400,23533866.992311034,26450262.15754676,2916.395,4.05697e14,1.7802,3.76789e6,-1.86714e6,4.68515e-9
1473056430,23536494.242975306,26468282.421870824,2931.788,4.03472e14,1.2222,3.77430e6,-1.87550e6,4.70614e-9
1473056460,23539223.98875067,26486318.031095278,2947.094,3.99017e14,0.1044,3.76991e6,-1.88379e6,4.72694e-9
1473056490,23542056.119103156,26504368.605592098,2962.312,4.05872e14,1.8242,3.81888e6,-1.89199e6,4.74754e-9
1473056520,23544990.51941689,26522433.76692668,2977.443,4.08444e14,2.4696,3.84755e6,-1.90011e6,4.76795e-9
1473056550,23548027.07100648,26540513.137863375,2992.486,4.00582e14,0.4970,3.82621e6,-1.90816e6,4.78816e-9
1473056580,23551165.651129838,26558606.34237085,3007.441,3.98417e14,0.0461,3.83178e6,-1.91612e6,4.80817e-9
1473056610,23554406.133001428,26576713.0056274,3022.307,3.97822e14,0.1952,3.84469e6,-1.92401e6,4.82798e-9
1473056640,23557748.38580592,26594832.754025966,3037.084,3.99284e14,0.1715,3.86739e6,-1.93182e6,4.84759e-9
1473056670,23561192.274712306,26612965.215179138,3051.773,4.03803e14,1.3052,3.90486e6,-1.93955e6,4.86700e-9
1473056700,23564737.660888407,26631110.017923933,3066.372,3.99329e14,0.1827,3.89841e6,-1.94720e6,4.88622e-9
1473056730,23568384.40155831,26649266.792334802,3080.882,3.96122e14,0.6218,3.89785e6,-1.95477e6,4.90524e-9
1473056760,23572132.34988668,26667435.169702634,3095.303,4.02387e14,0.9499,3.94364e6,-1.96227e6,4.92406e-9
1473056790,23575981.355126243,26685614.782564744,3109.633,4.02043e14,0.8638,3.95685e6,-1.96968e6,4.94268e-9
1473056820,23579931.262591645,26703805.2647009,3123.874,4.02962e14,1.0942,3.97615e6,-1.97701e6,4.96110e-9
1473056850,23583981.913676396,26722006.25113754,3138.024,4.02047e14,0.8647,3.98619e6,-1.98427e6,4.97932e-9
1473056880,23588133.145870235,26740217.378151745,3152.084,4.00579e14,0.4965,3.99328e6,-1.99145e6,4.99734e-9
1473056910,23592384.792776868,26758438.28327523,3166.053,4.03376e14,1.1981,4.02154e6,-1.99854e6,5.01517e-9
1473056940,23596736.684132073,26776668.605298046,3179.932,4.00911e14,0.5798,4.02327e6,-2.00556e6,5.03280e-9
1473056970,23601188.6458222,26794907.984272197,3193.719,3.90262e14,2.0919,3.98341e6,-2.01250e6,5.05022e-9
1473057000,23605740.499903016,26813156.06151514,3207.416,3.90886e14,1.9355,4.00015e6,-2.01936e6,5.06745e-9
1473057030,23610392.06457575,26831412.479589395,3221.020,3.99770e14,0.2934,4.05876e6,-2.02614e6,5.08448e-9
1473057060,23615143.154340066,26849676.882378872,3234.534,4.00603e14,0.5023,4.07644e6,-2.03284e6,5.10131e-9
1473057090,23619993.579879828,26867948.91501858,3247.955,4.01195e14,0.6510,4.09276e6,-2.03946e6,5.11795e-9
1473057120,23624943.14812654,26886228.223921172,3261.285,4.01688e14,0.7746,4.10843e6,-2.04601e6,5.13438e-9
1473057150,23629991.662279602,26904514.456779502,3274.523,4.05048e14,1.6175,4.13872e6,-2.05247e6,5.15062e-9
1473057180,23635138.92182695,26922807.26256919,3287.668,4.01415e14,0.7061,4.13283e6,-2.05886e6,5.16666e-9
1473057210,23640384.722566064,26941106.291551,3300.722,4.05768e14,1.7981,4.16805e6,-2.06516e6,5.18250e-9
1473057240,23645728.856625184,26959411.195273124,3313.682,4.08470e14,2.4760,4.19467e6,-2.07139e6,5.19814e-9
1473057270,23651171.112485055,26977721.62657335,3326.551,4.02263e14,0.9188,4.17477e6,-2.07754e6,5.21358e-9
1473057300,23656711.275000874,26996037.23958118,3339.326,3.93694e14,1.2310,4.14217e6,-2.08361e6,5.22883e-9
1473057330,23662349.12546264,27014357.689756066,3352.009,3.92006e14,1.6545,4.14523e6,-2.08960e6,5.24388e-9
1473057360,23668084.44150043,27032682.633777335,3364.598,3.99952e14,0.3391,4.19876e6,-2.09552e6,5.25873e-9
1473057390,23673916.997225534,27051011.72965831,3377.095,4.00302e14,0.4270,4.21230e6,-2.10135e6,5.27339e-9
1473057420,23679846.563215733,27069344.63671191,3389.498,3.99337e14,0.1848,4.21874e6,-2.10711e6,5.28785e-9
1473057450,23685872.906539287,27087681.015552472,3401.808,4.01826e14,0.8093,4.24331e6,-2.11279e6,5.30211e-9
1473057480,23691995.7907791,27106020.528097566,3414.025,4.07526e14,2.2392,4.28487e6,-2.11839e6,5.31617e-9
1473057510,23698214.976057366,27124362.837569665,3426.148,4.08200e14,2.4082,4.29963e6,-2.12391e6,5.33005e-9
1473057540,23704530.219060298,27142707.60849768,3438.177,4.02662e14,1.0188,4.28107e6,-2.12936e6,5.34372e-9
1473057570,23710941.273063328,27161054.506718364,3450.113,3.94913e14,0.9251,4.25035e6,-2.13472e6,5.35720e-9
1473057600,23717447.88795642,27179403.19937769,3461.955,3.97260e14,0.3362,4.27350e6,-2.14001e6,5.37049e-9
1473057630,23724049.810243893,27197753.35489154,3473.704,4.01127e14,0.6339,4.30473e6,-2.14523e6,5.38358e-9
1473057660,23730746.783150334,27216104.64307167,3485.358,4.05522e14,1.7365,4.33875e6,-2.15036e6,5.39647e-9
1473057690,23737538.546566084,27234456.735001545,3496.918,4.03394e14,1.2025,4.33745e6,-2.15542e6,5.40918e-9
1473057720,23744424.837099694,27252809.303077295,3508.384,4.01348e14,0.6894,4.33638e6,-2.16040e6,5.42168e-9
1473057750,23751405.388104253,27271162.021008242,3519.757,3.98733e14,0.0333,4.33202e6,-2.16530e6,5.43400e-9
1473057780,23758479.929704137,27289514.563817218,3531.035,3.96212e14,0.5991,4.32795e6,-2.17013e6,5.44612e-9
1473057810,23765648.188821845,27307866.60784084,3542.218,4.04340e14,1.4399,4.38179e6,-2.17488e6,5.45805e-9
1473057840,23772909.889205176,27326217.83072954,3553.308,4.02284e14,0.9242,4.37997e6,-2.17956e6,5.46979e-9
1473057870,23780264.75145449,27344567.911447708,3564.303,4.01550e14,0.7399,4.38518e6,-2.18415e6,5.48134e-9
1473057900,23787712.493050374,27362916.530273654,3575.204,3.99963e14,0.3418,4.38555e6,-2.18868e6,5.49270e-9
1473057930,23795252.82838987,27381263.368835792,3586.011,3.98274e14,0.0819,4.38517e6,-2.19312e6,5.50386e-9
1473057960,23802885.46878801,27399608.110000502,3596.723,3.98015e14,0.1470,4.39248e6,-2.19749e6,5.51484e-9
1473057990,23810610.12253289,27417950.4379841,3607.340,4.00333e14,0.4347,4.41388e6,-2.20179e6,5.52563e-9
1473058020,23818426.49490531,27436290.038316417,3617.864,4.00395e14,0.4502,4.42268e6,-2.20601e6,5.53622e-9
1473058050,23826334.2882075,27454626.597840756,3628.292,3.97583e14,0.2553,4.41540e6,-2.21015e6,5.54663e-9
1473058080,23834333.20179194,27472959.80471364,3638.627,4.05994e14,1.8549,4.47027e6,-2.21422e6,5.55685e-9
1473058110,23842422.932090443,27491289.34840461,3648.866,4.07464e14,2.2237,4.48653e6,-2.21822e6,5.56689e-9
1473058140,23850603.17264334,27509614.91969583,3659.012,3.98195e14,0.1017,4.44277e6,-2.22214e6,5.57673e-9
1473058170,23858873.614128925,27527936.210681766,3669.063,3.98260e14,0.0853,4.45082e6,-2.22598e6,5.58639e-9
1473058200,23867233.944392975,27546252.914768577,3679.019,3.99102e14,0.1259,4.46308e6,-2.22976e6,5.59587e-9
1473058230,23875683.848486904,27564564.726645585,3688.881,3.97285e14,0.3301,4.46030e6,-2.23346e6,5.60516e-9
1473058260,23884223.008671854,27582871.34237108,3698.648,4.02174e14,0.8966,4.49499e6,-2.23708e6,5.61426e-9
1473058290,23892851.104474436,27601172.459284976,3708.321,4.03655e14,1.2680,4.51046e6,-2.24063e6,5.62318e-9
1473058320,23901567.81270869,27619467.776035756,3717.900,4.01511e14,0.7301,4.50538e6,-2.24411e6,5.63191e-9
1473058350,23910372.807506457,27637756.99257941,3727.384,3.97946e14,0.1642,4.49212e6,-2.24752e6,5.64047e-9
1473058380,23919265.76034783,27656039.81017825,3736.774,4.00080e14,0.3713,4.51084e6,-2.25085e6,5.64884e-9
1473058410,23928246.340091817,27674315.93139959,3746.070,4.04514e14,1.4836,4.54246e6,-2.25411e6,5.65702e-9
1473058440,23937314.213007037,27692585.060114507,3755.271,3.98721e14,0.0303,4.51607e6,-2.25730e6,5.66503e-9
1473058470,23946469.04280252,27710846.90149637,3764.378,3.96643e14,0.4910,4.51052e6,-2.26042e6,5.67286e-9
1473058500,23955710.490658663,27729101.162019372,3773.391,4.00192e14,0.3993,4.53676e6,-2.26346e6,5.68050e-9
1473058530,23965038.215238992,27747347.549477704,3782.309,4.01131e14,0.6349,4.54806e6,-2.26644e6,5.68797e-9
1473058560,23974451.872780453,27765585.772920255,3791.134,4.00349e14,0.4386,4.54943e6,-2.26934e6,5.69526e-9
1473058590,23983951.117065277,27783815.542712733,3799.864,4.02652e14,1.0165,4.56824e6,-2.27217e6,5.70237e-9
1473058620,23993535.599471252,27802036.5705155,3808.501,3.98737e14,0.0342,4.55144e6,-2.27493e6,5.70930e-9
1473058650,24003204.969002854,27820248.56928199,3817.044,3.97933e14,0.1674,4.55224e6,-2.27762e6,5.71606e-9
1473058680,24012958.87232253,27838451.253256984,3825.492,4.03148e14,1.1409,4.58732e6,-2.28025e6,5.72264e-9
1473058710,24022796.95378194,27856644.33797498,3833.847,4.01522e14,0.7329,4.58313e6,-2.28280e6,5.72905e-9
1473058740,24032718.855453305,27874827.54025842,3842.109,4.08925e14,2.5901,4.63058e6,-2.28528e6,5.73528e-9
1473058770,24042724.21716084,27893000.578215797,3850.276,3.99977e14,0.3454,4.58410e6,-2.28769e6,5.74134e-9
1473058800,24052812.6765122,27911163.171239857,3858.350,3.90040e14,2.1477,4.53168e6,-2.29004e6,5.74722e-9
1473058830,24062983.868952952,27929315.039987843,3866.331,3.98734e14,0.0335,4.58620e6,-2.29231e6,5.75293e-9
1473058860,24073237.427727316,27947455.906434253,3874.218,3.99603e14,0.2515,4.59562e6,-2.29452e6,5.75847e-9
1473058890,24083572.983980734,27965585.493814066,3882.013,4.02628e14,1.0104,4.61734e6,-2.29666e6,5.76384e-9
1473058920,24093990.16676874,27983703.526638083,3889.713,4.02936e14,1.0878,4.62329e6,-2.29873e6,5.76904e-9
1473058950,24104488.60308874,28001809.730690785,3897.321,3.99463e14,0.2165,4.60726e6,-2.30073e6,5.77407e-9
1473058980,24115067.917911913,28019903.833027862,3904.836,4.00492e14,0.4746,4.61709e6,-2.30267e6,5.77893e-9
1473059010,24125727.73421507,28037985.56197393,3912.258,4.01848e14,0.8147,4.62868e6,-2.30454e6,5.78363e-9
1473059040,24136467.67301251,28056054.647120025,3919.587,3.98962e14,0.0908,4.61560e6,-2.30634e6,5.78815e-9
1473059070,24147287.353387933,28074110.81932118,3926.823,3.98704e14,0.0260,4.61758e6,-2.30808e6,5.79251e-9
1473059100,24158186.392526247,28092153.81069379,3933.967,3.97808e14,0.1989,4.61573e6,-2.30975e6,5.79671e-9
1473059130,24169164.40572561,28110183.354634576,3941.019,4.00307e14,0.4281,4.63343e6,-2.31136e6,5.80074e-9
1473059160,24180221.006490372,28128199.185751997,3947.978,3.98378e14,0.0558,4.62532e6,-2.31290e6,5.80460e-9
1473059190,24191355.80650168,28146201.039929602,3954.845,3.95789e14,0.7053,4.61324e6,-2.31437e6,5.80831e-9
1473059220,24202568.41566883,28164188.654302213,3961.620,4.00305e14,0.4276,4.64229e6,-2.31578e6,5.81185e-9
1473059250,24213858.44216087,28182161.767253343,3968.303,3.97056e14,0.3874,4.62610e6,-2.31713e6,5.81523e-9
1473059280,24225225.492438074,28200120.11841257,3974.895,3.95761e14,0.7124,4.62112e6,-2.31841e6,5.81844e-9
1473059310,24236669.17128348,28218063.44865297,3981.394,4.03307e14,1.1807,4.66748e6,-2.31963e6,5.82150e-9
1473059340,24248189.08183423,28235991.500088386,3987.802,4.06582e14,2.0024,4.68888e6,-2.32079e6,5.82440e-9
1473059370,24259784.82561304,28253904.01607071,3994.119,4.02265e14,0.9195,4.66594e6,-2.32188e6,5.82714e-9
1473059400,24271456.002559375,28271800.741187125,4000.345,3.99633e14,0.2589,4.65266e6,-2.32291e6,5.82973e-9
1473059430,24283202.211074423,28289681.421227574,4006.479,4.01397e14,0.7016,4.66489e6,-2.32388e6,5.83215e-9
1473059460,24295023.048010442,28307545.803273447,4012.523,4.02424e14,0.9591,4.67269e6,-2.32478e6,5.83442e-9
1473059490,24306918.10874364,28325393.63560296,4018.476,4.02491e14,0.9760,4.67478e6,-2.32563e6,5.83654e-9
1473059520,24318886.987191886,28343224.667717654,4024.338,3.98202e14,0.1001,4.65131e6,-2.32641e6,5.83850e-9
1473059550,24330929.275845792,28361038.65033916,4030.109,3.94360e14,1.0637,4.63032e6,-2.32713e6,5.84031e-9
1473059580,24343044.56579974,28378835.335405953,4035.791,4.00246e14,0.4127,4.66602e6,-2.32779e6,5.84197e-9
1473059610,24355232.446782872,28396614.476070143,4041.382,4.03255e14,1.1676,4.68480e6,-2.32839e6,5.84347e-9
1473059640,24367492.50718992,28414375.826694045,4046.883,4.03989e14,1.3519,4.69018e6,-2.32894e6,5.84483e-9
1473059670,24379824.334112015,28432119.142847013,4052.295,4.04893e14,1.5787,4.69643e6,-2.32942e6,5.84603e-9
1473059700,24392227.51336734,28449844.1813019,4057.617,4.02610e14,1.0059,4.68393e6,-2.32984e6,5.84709e-9
1473059730,24404701.629523683,28467550.700067528,4062.849,3.97099e14,0.3768,4.65243e6,-2.33020e6,5.84800e-9
1473059760,24417246.265953634,28485238.458275344,4067.992,3.95843e14,0.6919,4.64569e6,-2.33051e6,5.84876e-9
1473059790,24429861.004840393,28502907.216286205,4073.046,3.98286e14,0.0790,4.66047e6,-2.33075e6,5.84937e-9
1473059820,24442545.42721587,28520556.73565159,4078.011,3.94946e14,0.9169,4.64131e6,-2.33094e6,5.84984e-9
1473059850,24455299.112990797,28538186.77911051,4082.888,3.96688e14,0.4798,4.65176e6,-2.33107e6,5.85016e-9
1473059880,24468121.64098464,28555797.110586256,4087.675,4.00719e14,0.5314,4.67549e6,-2.33115e6,5.85035e-9
1473059910,24481012.588955488,28573387.495183356,4092.375,4.02016e14,0.8570,4.68311e6,-2.33116e6,5.85038e-9
1473059940,24493971.533629697,28590957.699184272,4096.986,4.06935e14,2.0910,4.71181e6,-2.33112e6,5.85028e-9
1473059970,24506998.05073157,28608507.490046166,4101.509,4.00521e14,0.4819,4.67409e6,-2.33103e6,5.85003e-9
1473060000,24520091.715012666,28626036.636397757,4105.945,3.94764e14,0.9625,4.64010e6,-2.33087e6,5.84965e-9
1473060030,24533252.100288555,28643544.908004683,4110.293,3.99802e14,0.3014,4.66916e6,-2.33067e6,5.84912e-9
1473060060,24546478.77944551,28661032.07586251,4114.553,4.00665e14,0.5179,4.67368e6,-2.33041e6,5.84846e-9
1473060090,24559771.32449181,28678497.912096836,4118.727,3.98896e14,0.0741,4.66270e6,-2.33009e6,5.84766e-9
1473060120,24573129.306579504,28695942.189990856,4122.813,3.94912e14,0.9252,4.63866e6,-2.32972e6,5.84673e-9
1473060150,24586552.296033237,28713364.683981735,4126.812,3.96783e14,0.4560,4.64875e6,-2.32929e6,5.84565e-9
1473060180,24600039.862378888,28730765.169656888,4130.725,4.00971e14,0.5947,4.67227e6,-2.32881e6,5.84445e-9
1473060210,24613591.57437209,28748143.423750244,4134.552,4.00843e14,0.5626,4.67045e6,-2.32828e6,5.84310e-9
1473060240,24627207.00002658,28765499.224138547,4138.292,3.99593e14,0.2491,4.66197e6,-2.32770e6,5.84163e-9
1473060270,24640885.70664236,28782832.349837493,4141.947,4.00320e14,0.4313,4.66493e6,-2.32706e6,5.84002e-9
1473060300,24654627.26083374,28800142.580997985,4145.515,3.96246e14,0.5908,4.63976e6,-2.32637e6,5.83829e-9
1473060330,24668431.22855034,28817429.698918037,4148.998,3.95285e14,0.8317,4.63268e6,-2.32563e6,5.83642e-9
1473060360,24682297.17512581,28834693.485990416,4152.396,4.02528e14,0.9854,4.67335e6,-2.32483e6,5.83442e-9
1473060390,24696224.66528448,28851933.725747548,4155.709,4.01039e14,0.6117,4.66297e6,-2.32399e6,5.83230e-9
1473060420,24710213.2631753,28869150.20284198,4158.937,3.98236e14,0.0915,4.64483e6,-2.32309e6,5.83004e-9
1473060450,24724262.532399032,28886342.703042675,4162.080,3.99666e14,0.2673,4.65127e6,-2.32215e6,5.82766e-9
1473060480,24738372.036035087,28903511.01323132,4165.139,4.00575e14,0.4954,4.65457e6,-2.32115e6,5.82516e-9
1473060510,24752541.336668357,28920654.921398543,4168.114,3.98713e14,0.0282,4.64162e6,-2.32011e6,5.82253e-9
1473060540,24766769.996415734,28937774.216640256,4171.004,4.01425e14,0.7085,4.65521e6,-2.31901e6,5.81977e-9
1473060570,24781057.576952465,28954868.689153828,4173.811,3.90731e14,1.9743,4.59071e6,-2.31787e6,5.81690e-9
1473060600,24795403.639538374,28971938.130234476,4176.534,3.85630e14,3.2541,4.55869e6,-2.31668e6,5.81390e-9
1473060630,24809807.74504642,28988982.332272153,4179.175,3.98760e14,0.0401,4.63254e6,-2.31544e6,5.81078e-9
1473060660,24824269.45398061,29006001.088745635,4181.732,3.99301e14,0.1758,4.63310e6,-2.31415e6,5.80753e-9
1473060690,24838788.326509483,29022994.19422097,4184.206,4.02615e14,1.0071,4.64966e6,-2.31281e6,5.80417e-9
1473060720,24853363.92248898,29039961.44434705,4186.598,4.07130e14,2.1398,4.67306e6,-2.31143e6,5.80069e-9
1473060750,24867995.801487777,29056902.635851838,4188.907,4.01144e14,0.6381,4.63547e6,-2.31000e6,5.79710e-9
1473060780,24882683.52281229,29073817.56653855,4191.134,4.00092e14,0.3742,4.62640e6,-2.30852e6,5.79338e-9
1473060810,24897426.64553162,29090706.035282042,4193.279,4.01032e14,0.6100,4.62879e6,-2.30700e6,5.78955e-9
1473060840,24912224.728502214,29107567.842024878,4195.343,3.94089e14,1.1319,4.58547e6,-2.30543e6,5.78561e-9
1473060870,24927077.330392305,29124402.787773594,4197.325,3.92849e14,1.4429,4.57509e6,-2.30381e6,5.78155e-9
1473060900,24941984.00970632,29141210.67459489,4199.227,3.93864e14,1.1883,4.57765e6,-2.30215e6,5.77738e-9
1473060930,24956944.324814394,29157991.305606417,4201.047,3.95330e14,0.8205,4.58273e6,-2.30045e6,5.77309e-9
1473060960,24971957.83395937,29174744.484989643,4202.787,3.99536e14,0.2347,4.60350e6,-2.29870e6,5.76870e-9
1473060990,24987024.09529749,29191470.017969247,4204.446,3.98226e14,0.0938,4.59236e6,-2.29691e6,5.76419e-9
1473061020,25002142.6669164,29208167.710814577,4206.025,3.98598e14,0.0007,4.59082e6,-2.29507e6,5.75957e-9
1473061050,25017313.10685853,29224837.37083591,4207.524,3.97598e14,0.2515,4.58131e6,-2.29319e6,5.75485e-9
1473061080,25032534.9731442,29241478.80638035,4208.944,3.99655e14,0.2645,4.58929e6,-2.29127e6,5.75001e-9
1473061110,25047807.823794562,29258091.82682803,4210.284,4.04846e14,1.5669,4.61518e6,-2.28930e6,5.74507e-9
1473061140,25063131.21685432,29274676.24258812,4211.545,4.01316e14,0.6813,4.59086e6,-2.28730e6,5.74003e-9
1473061170,25078504.71041416,29291231.865094922,4212.727,4.00193e14,0.3996,4.58031e6,-2.28525e6,5.73488e-9
1473061200,25093927.86263311,29307758.50680385,4213.831,4.00795e14,0.5505,4.57956e6,-2.28316e6,5.72962e-9
1473061230,25109400.231749937,29324255.981183436,4214.856,4.01947e14,0.8397,4.58188e6,-2.28102e6,5.72426e-9
1473061260,25124921.376137696,29340724.102723904,4215.803,4.00971e14,0.5946,4.57192e6,-2.27885e6,5.71880e-9
1473061290,25140490.854292646,29357162.686920743,4216.672,4.00289e14,0.4237,4.56358e6,-2.27664e6,5.71323e-9
1473061320,25156108.22486614,29373571.55027465,4217.463,4.00517e14,0.4809,4.56036e6,-2.27438e6,5.70757e-9
1473061350,25171773.04668573,29389950.51028765,4218.177,3.96574e14,0.5085,4.53327e6,-2.27209e6,5.70180e-9
1473061380,25187484.87877606,29406299.385458943,4218.815,3.92921e14,1.4248,4.50781e6,-2.26976e6,5.69594e-9
1473061410,25203243.28037949,29422617.99528114,4219.375,3.93502e14,1.2791,4.50640e6,-2.26738e6,5.68997e-9
1473061440,25219047.81097663,29438906.160236087,4219.858,3.98285e14,0.0790,4.52879e6,-2.26497e6,5.68391e-9
1473061470,25234898.030306485,29455163.701791026,4220.266,3.96902e14,0.4262,4.51603e6,-2.26252e6,5.67776e-9
1473061500,25250793.49838651,29471390.44239455,4220.597,3.99973e14,0.3444,4.52848e6,-2.26003e6,5.67150e-9
1473061530,25266733.775542274,29487586.20549086,4220.852,4.08863e14,2.5748,4.57378e6,-2.25751e6,5.66516e-9
1473061560,25282718.422396712,29503750.815459944,4221.032,4.02551e14,0.9912,4.53287e6,-2.25495e6,5.65871e-9
1473061590,25298746.999919847,29519884.097669594,4221.137,3.93829e14,1.1970,4.47834e6,-2.25234e6,5.65218e-9
1473061620,25314819.06943821,29535985.878453538,4221.167,3.96742e14,0.4662,4.48953e6,-2.24971e6,5.64555e-9
1473061650,25330934.19265388,29552055.985107668,4221.122,3.96951e14,0.4138,4.48537e6,-2.24703e6,5.63883e-9
1473061680,25347091.93166328,29568094.24588621,4221.002,3.95785e14,0.7062,4.47339e6,-2.24432e6,5.63202e-9
1473061710,25363291.848975845,29584100.4899981,4220.809,3.97326e14,0.3198,4.47658e6,-2.24158e6,5.62512e-9
1473061740,25379533.507532354,29600074.54760308,4220.541,4.00960e14,0.5920,4.49144e6,-2.23880e6,5.61813e-9
1473061770,25395816.47072314,29616016.249808006,4220.200,3.97292e14,0.3282,4.46521e6,-2.23598e6,5.61105e-9
1473061800,25412140.302406043,29631925.428663034,4219.785,3.98903e14,0.0758,4.46853e6,-2.23313e6,5.60389e-9
1473061830,25428504.56692045,29647801.91713165,4219.297,3.99151e14,0.1382,4.46414e6,-2.23024e6,5.59663e-9
1473061860,25444908.829116188,29663645.549167708,4218.737,3.94484e14,1.0328,4.43221e6,-2.22732e6,5.58929e-9
1473061890,25461352.6543596,29679456.159630593,4218.104,3.97556e14,0.2621,4.44347e6,-2.22437e6,5.58187e-9
1473061920,25477835.60855412,29695233.584307414,4217.398,3.95266e14,0.8364,4.42474e6,-2.22138e6,5.57436e-9
1473061950,25494357.258157216,29710977.6599091,4216.620,3.91769e14,1.7139,4.39925e6,-2.21836e6,5.56677e-9
1473061980,25510917.170196965,29726688.22406627,4215.771,3.91326e14,1.8249,4.39073e6,-2.21530e6,5.55910e-9
1473062010,25527514.91228849,29742365.115325347,4214.850,3.96831e14,0.4439,4.41516e6,-2.21222e6,5.55134e-9
1473062040,25544150.05265007,29758008.173144497,4213.858,3.96989e14,0.4043,4.40981e6,-2.20910e6,5.54351e-9
1473062070,25560822.160119206,29773617.23788967,4212.795,3.96723e14,0.4709,4.40205e6,-2.20595e6,5.53559e-9
1473062100,25577530.80416822,29789192.15083059,4211.661,4.04104e14,1.3806,4.43649e6,-2.20277e6,5.52759e-9
1473062130,25594275.55491589,29804732.75416316,4210.457,4.05902e14,1.8318,4.43994e6,-2.19955e6,5.51952e-9
1473062160,25611055.983155143,29820238.890924335,4209.183,4.03074e14,1.1222,4.41779e6,-2.19631e6,5.51137e-9
1473062190,25627871.660355616,29835710.405069657,4207.839,3.97985e14,0.1545,4.38320e6,-2.19303e6,5.50313e-9
1473062220,25644722.15868252,29851147.141443066,4206.425,3.97855e14,0.1870,4.37587e6,-2.18973e6,5.49483e-9
1473062250,25661607.05101137,29866548.945773296,4204.942,4.01714e14,0.7810,4.39037e6,-2.18639e6,5.48645e-9
1473062280,25678525.91094233,29881915.664670188,4203.390,3.99418e14,0.2050,4.37103e6,-2.18302e6,5.47799e-9
1473062310,25695478.312814552,29897247.145620994,4201.769,3.96832e14,0.4438,4.35008e6,-2.17963e6,5.46946e-9
1473062340,25712463.831720095,29912543.236986734,4200.079,3.96315e14,0.5734,4.34042e6,-2.17620e6,5.46085e-9
1473062370,25729482.04351779,29927803.787998553,4198.322,4.03128e14,1.1358,4.37067e6,-2.17275e6,5.45218e-9
1473062400,25746532.524846904,29943028.648754004,4196.496,3.94541e14,1.0183,4.31692e6,-2.16927e6,5.44343e-9
1473062430,25763614.853150997,29958217.670191545,4194.603,3.84879e14,3.4425,4.25742e6,-2.16576e6,5.43461e-9
1473062460,25780728.60665889,29973370.704154544,4192.642,3.98115e14,0.1217,4.32228e6,-2.16222e6,5.42572e-9
1473062490,25797873.36443003,29988487.603319712,4190.614,4.04441e14,1.4652,4.34941e6,-2.15865e6,5.41676e-9
1473062520,25815048.706357002,30003568.221215338,4188.520,3.98489e14,0.0281,4.30997e6,-2.15506e6,5.40773e-9
1473062550,25832254.213178206,30018612.412217397,4186.358,3.92267e14,1.5889,4.26914e6,-2.15144e6,5.39863e-9
1473062580,25849489.46649037,30033620.031545807,4184.131,3.96779e14,0.4571,4.28621e6,-2.14779e6,5.38946e-9
1473062610,25866754.0487609,30048590.9352606,4181.837,4.00451e14,0.4643,4.29863e6,-2.14411e6,5.38023e-9
1473062640,25884047.543339994,30063524.980258055,4179.477,3.99057e14,0.1145,4.28372e6,-2.14041e6,5.37093e-9
1473062670,25901369.53447257,30078422.024267014,4177.052,4.00378e14,0.4460,4.28334e6,-2.13669e6,5.36157e-9
1473062700,25918719.60730998,30093281.92584501,4174.562,3.96113e14,0.6240,4.25299e6,-2.13293e6,5.35214e-9
1473062730,25936097.347908247,30108104.54439109,4172.007,3.93283e14,1.3340,4.23033e6,-2.12915e6,5.34265e-9
1473062760,25953502.343280293,30122889.74009112,4169.387,3.99183e14,0.1461,4.25423e6,-2.12535e6,5.33310e-9
1473062790,25970934.18136616,30137637.373965062,4166.703,3.96132e14,0.6194,4.23032e6,-2.12152e6,5.32348e-9
1473062820,25988392.451057028,30152347.30784682,4163.955,3.96163e14,0.6114,4.22280e6,-2.11767e6,5.31380e-9
1473062850,26005876.74220584,30167019.404380754,4161.143,4.03778e14,1.2989,4.25546e6,-2.11379e6,5.30406e-9
1473062880,26023386.645637695,30181653.527018044,4158.267,3.98386e14,0.0537,4.21905e6,-2.10989e6,5.29426e-9
1473062910,26040921.753160167,30196249.54001323,4155.328,3.94574e14,1.0102,4.19105e6,-2.10597e6,5.28440e-9
1473062940,26058481.65757326,30210807.308420625,4152.326,4.01508e14,0.7295,4.21977e6,-2.10202e6,5.27448e-9
1473062970,26076065.95267923,30225326.69809084,4149.261,4.04852e14,1.5685,4.22939e6,-2.09805e6,5.26451e-9
1473063000,26093674.23329237,30239807.575667277,4146.133,4.00840e14,0.5619,4.20025e6,-2.09405e6,5.25447e-9
1473063030,26111306.095261335,30254249.808571056,4142.944,3.97955e14,0.1618,4.17706e6,-2.09003e6,5.24438e-9
1473063060,26128961.135438662,30268653.265033137,4139.692,3.99871e14,0.3187,4.17901e6,-2.08599e6,5.23423e-9
1473063090,26146638.951729674,30283017.814055305,4136.379,3.99690e14,0.2734,4.16992e6,-2.08193e6,5.22403e-9
1473063120,26164339.143088676,30297343.325418066,4133.004,3.97534e14,0.2676,4.15049e6,-2.07785e6,5.21377e-9
1473063150,26182061.309527833,30311629.66967714,4129.568,3.99891e14,0.3239,4.15456e6,-2.07374e6,5.20345e-9
1473063180,26199805.05212582,30325876.718159843,4126.072,3.96688e14,0.4798,4.12965e6,-2.06961e6,5.19308e-9
1473063210,26217569.973036483,30340084.342961684,4122.514,3.96769e14,0.4594,4.12179e6,-2.06546e6,5.18266e-9
1473063240,26235355.675497036,30354252.416942675,4118.897,3.95623e14,0.7469,4.10753e6,-2.06129e6,5.17219e-9
1473063270,26253161.763836395,30368380.813723944,4115.219,3.96525e14,0.5206,4.10383e6,-2.05710e6,5.16166e-9
1473063300,26270987.843483064,30382469.40768416,4111.482,3.96490e14,0.5294,4.09525e6,-2.05289e6,5.15109e-9
1473063330,26288833.520962954,30396518.07396542,4107.685,4.00605e14,0.5029,4.10796e6,-2.04866e6,5.14046e-9
1473063360,26306698.403938126,30410526.68844097,4103.828,4.01493e14,0.7258,4.10398e6,-2.04441e6,5.12978e-9
1473063390,26324582.10118319,30424495.12774045,4099.913,3.90712e14,1.9790,4.04022e6,-2.04014e6,5.11905e-9
1473063420,26342484.22260267,30438423.269237295,4095.939,3.93207e14,1.3531,4.04446e6,-2.03585e6,5.10828e-9
1473063450,26360404.37923799,30452310.991045255,4091.907,4.03162e14,1.1445,4.08664e6,-2.03154e6,5.09745e-9
1473063480,26378342.183274478,30466158.172015097,4087.816,4.04221e14,1.4101,4.08332e6,-2.02721e6,5.08658e-9
1473063510,26396297.248048045,30479964.69173132,4083.667,3.98492e14,0.0273,4.04548e6,-2.02287e6,5.07566e-9
1473063540,26414269.18805181,30493730.430508614,4079.461,3.96734e14,0.4684,4.02784e6,-2.01850e6,5.06470e-9
1473063570,26432257.61894252,30507455.26938879,4075.198,3.92823e14,1.4495,3.99932e6,-2.01412e6,5.05369e-9
1473063600,26450262.15754676,30521139.090137262,4070.877,3.96801e14,0.4514,4.01064e6,-2.00971e6,5.04263e-9
1473063630,26468282.421870824,30534781.77522841,4066.499,3.98155e14,0.1117,4.00862e6,-2.00529e6,5.03153e-9
1473063660,26486318.031095278,30548383.207877487,4062.065,3.93882e14,1.1836,3.97830e6,-2.00086e6,5.02039e-9
1473063690,26504368.605592098,30561943.27200205,4057.575,3.93491e14,1.2818,3.96748e6,-1.99640e6,5.00920e-9
1473063720,26522433.76692668,30575461.85223007,4053.028,3.91349e14,1.8193,3.94788e6,-1.99193e6,4.99797e-9
1473063750,26540513.137863375,30588938.83389652,4048.426,3.91581e14,1.7611,3.94013e6,-1.98744e6,4.98669e-9
1473063780,26558606.34237085,30602374.103040073,4043.768,3.87797e14,2.7104,3.91237e6,-1.98293e6,4.97537e-9
1473063810,26576713.0056274,30615767.546399847,4039.055,3.91282e14,1.8359,3.92075e6,-1.97841e6,4.96402e-9
1473063840,26594832.754025966,30629119.051411998,4034.286,4.01110e14,0.6296,3.96042e6,-1.97387e6,4.95262e-9
1473063870,26612965.215179138,30642428.50620657,4029.463,3.98252e14,0.0873,3.93716e6,-1.96932e6,4.94118e-9
1473063900,26631110.017923933,30655695.79960409,4024.586,3.98858e14,0.0647,3.93100e6,-1.96475e6,4.92970e-9
1473063930,26649266.792334802,30668920.821127158,4019.654,3.95402e14,0.8024,3.90482e6,-1.96016e6,4.91819e-9
1473063960,26667435.169702634,30682103.46095185,4014.668,3.89201e14,2.3581,3.86523e6,-1.95556e6,4.90663e-9
1473063990,26685614.782564744,30695243.60994999,4009.629,3.97700e14,0.2258,3.89770e6,-1.95095e6,4.89504e-9
1473064020,26703805.2647009,30708341.15967137,4004.536,3.97747e14,0.2141,3.88867e6,-1.94631e6,4.88340e-9
1473064050,26722006.25113754,30721396.002340693,3999.390,3.95928e14,0.6706,3.87052e6,-1.94167e6,4.87174e-9
1473064080,26740217.378151745,30734408.03085449,3994.191,3.98614e14,0.0033,3.87428e6,-1.93701e6,4.86003e-9
1473064110,26758438.28327523,30747377.138778202,3988.939,3.94066e14,1.1375,3.84288e6,-1.93233e6,4.84829e-9
1473064140,26776668.605298046,30760303.220343057,3983.635,3.94126e14,1.1226,3.83384e6,-1.92764e6,4.83651e-9
1473064170,26794907.984272197,30773186.170443144,3978.278,4.17352e14,4.7044,3.93654e6,-1.92294e6,4.82470e-9
1473064200,26813156.06151514,30786025.88463234,3972.870,4.19234e14,5.1766,3.93594e6,-1.91822e6,4.81285e-9
1473064230,26831412.479589395,30798822.259108204,3967.410,3.97344e14,0.3151,3.82113e6,-1.91349e6,4.80097e-9
1473064260,26849676.882378872,30811575.19074979,3961.898,3.96932e14,0.4185,3.80968e6,-1.90875e6,4.78906e-9
1473064290,26867948.91501858,30824284.577073626,3956.336,3.97805e14,0.1995,3.80435e6,-1.90399e6,4.77711e-9
1473064320,26886228.223921172,30836950.316243954,3950.722,3.90639e14,1.9973,3.76067e6,-1.89922e6,4.76513e-9
1473064350,26904514.456779502,30849572.30706964,3945.058,3.87380e14,2.8151,3.73570e6,-1.89444e6,4.75312e-9
1473064380,26922807.26256919,30862150.449001204,3939.343,3.99616e14,0.2549,3.78425e6,-1.88964e6,4.74108e-9
1473064410,26941106.291551,30874684.64212771,3933.578,3.97948e14,0.1638,3.76673e6,-1.88483e6,4.72901e-9
1473064440,26959411.195273124,30887174.787173767,3927.764,3.95678e14,0.7332,3.74638e6,-1.88001e6,4.71690e-9
1473064470,26977721.62657335,30899620.785496537,3921.899,3.97145e14,0.3652,3.74365e6,-1.87518e6,4.70477e-9
1473064500,26996037.23958118,30912022.539082658,3915.985,3.96947e14,0.4148,3.73305e6,-1.87033e6,4.69260e-9
1473064530,27014357.689756066,30924379.95055179,3910.022,3.99065e14,0.1165,3.73326e6,-1.86548e6,4.68041e-9
1473064560,27032682.633777335,30936692.92313365,3904.010,3.96378e14,0.5577,3.71097e6,-1.86061e6,4.66818e-9
1473064590,27051011.72965831,30948961.360685166,3897.950,3.96509e14,0.5246,3.70185e6,-1.85573e6,4.65593e-9
1473064620,27069344.63671191,30961185.167681083,3891.841,3.95168e14,0.8611,3.68586e6,-1.85084e6,4.64365e-9
1473064650,27087681.015552472,30973364.249211058,3885.683,4.00400e14,0.4514,3.70033e6,-1.84594e6,4.63135e-9
1473064680,27106020.528097566,30985498.51097679,3879.478,3.93988e14,1.1571,3.66086e6,-1.84103e6,4.61901e-9
1473064710,27124362.837569665,30997587.85928928,3873.225,3.88236e14,2.6002,3.62457e6,-1.83611e6,4.60665e-9
1473064740,27142707.60849768,31009632.20106589,3866.925,3.94775e14,0.9597,3.64487e6,-1.83117e6,4.59426e-9
1473064770,27161054.506718364,31021631.443827607,3860.577,4.00128e14,0.3832,3.65956e6,-1.82623e6,4.58185e-9
1473064800,27179403.19937769,31033585.495696247,3854.182,3.91371e14,1.8136,3.60961e6,-1.82128e6,4.56941e-9
1473064830,27197753.35489154,31045494.26539179,3847.741,3.93675e14,1.2358,3.61027e6,-1.81631e6,4.55695e-9
1473064860,27216104.64307167,31057357.662229303,3841.253,3.94704e14,0.9776,3.60505e6,-1.81134e6,4.54446e-9
1473064890,27234456.735001545,31069175.59611649,3834.719,3.89752e14,2.2200,3.57269e6,-1.80636e6,4.53195e-9
1473064920,27252809.303077295,31080947.977550853,3828.139,3.92567e14,1.5137,3.57554e6,-1.80136e6,4.51941e-9
1473064950,27271162.021008242,31092674.717617027,3821.513,3.94234e14,1.0955,3.57312e6,-1.79636e6,4.50685e-9
1473064980,27289514.563817218,31104355.72798404,3814.841,4.02680e14,1.0236,3.60111e6,-1.79135e6,4.49427e-9
1473065010,27307866.60784084,31115990.920902714,3808.124,4.02980e14,1.0987,3.59235e6,-1.78633e6,4.48167e-9
1473065040,27326217.83072954,31127580.209202934,3801.362,3.94952e14,0.9154,3.54636e6,-1.78130e6,4.46904e-9
1473065070,27344567.911447708,31139123.506291002,3794.556,3.92541e14,1.5202,3.52558e6,-1.77627e6,4.45639e-9
1473065100,27362916.530273654,31150620.726147026,3787.704,3.96086e14,0.6308,3.53132e6,-1.77122e6,4.44372e-9
1473065130,27381263.368835792,31162071.78331993,3780.808,3.93844e14,1.1933,3.51130e6,-1.76616e6,4.43103e-9
1473065160,27399608.110000502,31173476.59293209,3773.868,3.95004e14,0.9022,3.50636e6,-1.76110e6,4.41832e-9
1473065190,27417950.4379841,31184835.07066951,3766.885,4.00584e14,0.4975,3.52084e6,-1.75603e6,4.40559e-9
1473065220,27436290.038316417,31196147.132781543,3759.857,3.99666e14,0.2673,3.50662e6,-1.75095e6,4.39284e-9
1473065250,27454626.597840756,31207412.696078278,3752.786,4.00660e14,0.5168,3.50078e6,-1.74587e6,4.38006e-9
1473065280,27472959.80471364,31218631.677928016,3745.672,3.95104e14,0.8771,3.46630e6,-1.74077e6,4.36727e-9
1473065310,27491289.34840461,31229803.99625467,3738.515,3.87129e14,2.8781,3.42141e6,-1.73567e6,4.35446e-9
1473065340,27509614.91969583,31240929.569535267,3731.315,4.02468e14,0.9703,3.47793e6,-1.73056e6,4.34164e-9
1473065370,27527936.210681766,31252008.3167973,3724.072,4.01070e14,0.6195,3.46159e6,-1.72544e6,4.32879e-9
1473065400,27546252.914768577,31263040.15761636,3716.787,3.97290e14,0.3288,3.43499e6,-1.72032e6,4.31593e-9
1473065430,27564564.726645585,31274025.01211553,3709.460,3.97702e14,0.2254,3.42652e6,-1.71519e6,4.30304e-9
1473065460,27582871.34237108,31284962.800956704,3702.091,3.91222e14,1.8510,3.38845e6,-1.71005e6,4.29015e-9
1473065490,27601172.459284976,31295853.44534437,3694.681,3.96408e14,0.5500,3.40044e6,-1.70491e6,4.27723e-9
1473065520,27619467.776035756,31306696.86702111,3687.229,3.95427e14,0.7961,3.38598e6,-1.69976e6,4.26430e-9
1473065550,27637756.99257941,31317492.988265187,3679.736,4.00870e14,0.5693,3.39884e6,-1.69460e6,4.25135e-9
1473065580,27656039.81017825,31328241.731888086,3672.202,3.97091e14,0.3787,3.37246e6,-1.68944e6,4.23839e-9
1473065610,27674315.93139959,31338943.021232158,3664.627,3.89043e14,2.3977,3.32813e6,-1.68427e6,4.22541e-9
1473065640,27692585.060114507,31349596.78016815,3657.012,4.02688e14,1.0255,3.37538e6,-1.67909e6,4.21241e-9
1473065670,27710846.90149637,31360202.933092915,3649.356,4.01367e14,0.6941,3.35941e6,-1.67391e6,4.19940e-9
1473065700,27729101.162019372,31370761.404926952,3641.660,3.88687e14,2.4871,3.29591e6,-1.66872e6,4.18638e-9
1473065730,27747347.549477704,31381272.12111048,3633.925,3.91037e14,1.8975,3.29546e6,-1.66353e6,4.17334e-9
1473065760,27765585.772920255,31391735.007606067,3626.149,3.94842e14,0.9429,3.30099e6,-1.65833e6,4.16029e-9
1473065790,27783815.542712733,31402149.99089131,3618.334,3.88877e14,2.4395,3.26588e6,-1.65312e6,4.14722e-9
1473065820,27802036.5705155,31412516.997958086,3610.480,3.96641e14,0.4916,3.28768e6,-1.64791e6,4.13414e-9
1473065850,27820248.56928199,31422835.956310283,3602.587,4.03374e14,1.1976,3.30502e6,-1.64270e6,4.12105e-9
1473065880,27838451.253256984,31433106.793961454,3594.656,3.96673e14,0.4836,3.26699e6,-1.63748e6,4.10795e-9
1473065910,27856644.33797498,31443329.439432535,3586.685,3.97055e14,0.3876,3.25813e6,-1.63225e6,4.09483e-9
1473065940,27874827.54025842,31453503.821749557,3578.676,3.94283e14,1.0832,3.23637e6,-1.62702e6,4.08170e-9
1473065970,27893000.578215797,31463629.8704414,3570.629,4.09557e14,2.7487,3.28810e6,-1.62179e6,4.06856e-9
1473066000,27911163.171239857,31473707.515537485,3562.544,4.07250e14,2.1699,3.26811e6,-1.61655e6,4.05541e-9
1473066030,27929315.039987843,31483736.687565744,3554.422,3.92962e14,1.4145,3.19976e6,-1.61131e6,4.04224e-9
1473066060,27947455.906434253,31493717.31754996,3546.261,3.89036e14,2.3995,3.17351e6,-1.60606e6,4.02907e-9
1473066090,27965585.493814066,31503649.3370079,3538.064,3.87050e14,2.8978,3.15515e6,-1.60081e6,4.01588e-9
1473066120,27983703.526638083,31513532.677949067,3529.829,4.00055e14,0.3649,3.19684e6,-1.59555e6,4.00268e-9
1473066150,28001809.730690785,31523367.27287249,3521.558,4.03666e14,1.2707,3.20070e6,-1.59029e6,3.98948e-9
1473066180,28019903.833027862,31533153.05476455,3513.249,3.99759e14,0.2907,3.17457e6,-1.58502e6,3.97626e-9
1473066210,28037985.56197393,31542889.957096893,3504.904,3.97152e14,0.3634,3.15368e6,-1.57976e6,3.96303e-9
1473066240,28056054.647120025,31552577.913824264,3496.523,4.01789e14,0.7999,3.16147e6,-1.57448e6,3.94980e-9
1473066270,28074110.81932118,31562216.859382406,3488.106,4.01316e14,0.6812,3.14901e6,-1.56921e6,3.93655e-9
1473066300,28092153.81069379,31571806.728685986,3479.653,4.01107e14,0.6288,3.13759e6,-1.56393e6,3.92330e-9
1473066330,28110183.354634576,31581347.457130402,3471.164,3.97229e14,0.3442,3.11182e6,-1.55864e6,3.91004e-9
1473066360,28128199.185751997,31590838.98057771,3462.640,3.97274e14,0.3329,3.10144e6,-1.55336e6,3.89677e-9
1473066390,28146201.039929602,31600281.235366687,3454.080,3.96792e14,0.4537,3.08900e6,-1.54807e6,3.88349e-9
1473066420,28164188.654302213,31609674.158306886,3445.486,3.96952e14,0.4136,3.07906e6,-1.54277e6,3.87020e-9
1473066450,28182161.767253343,31619017.686676636,3436.856,4.03500e14,1.2291,3.09374e6,-1.53748e6,3.85690e-9
1473066480,28200120.11841257,31628311.758221097,3428.192,3.97445e14,0.2899,3.05980e6,-1.53218e6,3.84360e-9
1473066510,28218063.44865297,31637556.31115031,3419.493,3.90343e14,2.0717,3.02200e6,-1.52688e6,3.83029e-9
1473066540,28235991.500088386,31646751.28413717,3410.760,3.92459e14,1.5408,3.01957e6,-1.52157e6,3.81697e-9
1473066570,28253904.01607071,31655896.61631558,3401.993,3.97914e14,0.1722,3.02979e6,-1.51626e6,3.80365e-9
1473066600,28271800.741187125,31664992.24727841,3393.192,3.98411e14,0.0475,3.02106e6,-1.51095e6,3.79032e-9
1473066630,28289681.421227574,31674038.11706734,3384.357,3.99017e14,0.1046,3.01272e6,-1.50564e6,3.77698e-9
1473066660,28307545.803273447,31683034.16619649,3375.488,3.97903e14,0.1751,2.99788e6,-1.50032e6,3.76364e-9
1473066690,28325393.63560296,31691980.335624874,3366.587,3.93102e14,1.3794,2.96925e6,-1.49500e6,3.75029e-9
1473066720,28343224.667717654,31700876.566762745,3357.652,3.94552e14,1.0158,2.96410e6,-1.48968e6,3.73693e-9
1473066750,28361038.65033916,31709722.80146953,3348.684,3.99286e14,0.1720,2.97113e6,-1.48436e6,3.72357e-9
1473066780,28378835.335405953,31718518.98205204,3339.684,3.93981e14,1.1588,2.94079e6,-1.47904e6,3.71020e-9
1473066810,28396614.476070143,31727265.051262435,3330.651,3.94814e14,0.9498,2.93327e6,-1.47371e6,3.69683e-9
1473066840,28414375.826694045,31735960.952296298,3321.585,3.97743e14,0.2152,2.93345e6,-1.46838e6,3.68346e-9
1473066870,28432119.142847013,31744606.62879078,3312.487,3.95016e14,0.8993,2.91279e6,-1.46305e6,3.67008e-9
1473066900,28449844.1813019,31753202.024822664,3303.358,3.97803e14,0.2001,2.91236e6,-1.45772e6,3.65669e-9
1473066930,28467550.700067528,31761747.084915414,3294.196,3.97675e14,0.2322,2.90123e6,-1.45238e6,3.64330e-9
1473066960,28485238.458275344,31770241.75400993,3285.003,4.00987e14,0.5987,2.90259e6,-1.44705e6,3.62991e-9
1473066990,28502907.216286205,31778685.977490064,3275.779,3.98065e14,0.1343,2.88131e6,-1.44171e6,3.61651e-9
1473067020,28520556.73565159,31787079.70117213,3266.523,4.02277e14,0.9225,2.88582e6,-1.43637e6,3.60311e-9
1473067050,28538186.77911051,31795422.871303055,3257.236,4.04211e14,1.4076,2.88203e6,-1.43103e6,3.58970e-9
1473067080,28555797.110586256,31803715.434558727,3247.918,3.90749e14,1.9699,2.82312e6,-1.42569e6,3.57629e-9
1473067110,28573387.495183356,31811957.338042304,3238.570,3.96186e14,0.6056,2.83191e6,-1.42034e6,3.56288e-9
1473067140,28590957.699184272,31820148.529282536,3229.191,3.94796e14,0.9544,2.81631e6,-1.41500e6,3.54946e-9
1473067170,28608507.490046166,31828288.956232063,3219.781,3.94243e14,1.0931,2.80372e6,-1.40965e6,3.53605e-9
1473067200,28626036.636397757,31836378.567265816,3210.342,4.01488e14,0.7244,2.81860e6,-1.40431e6,3.52262e-9
1473067230,28643544.908004683,31844417.311176855,3200.872,3.96956e14,0.4126,2.79196e6,-1.39896e6,3.50920e-9
1473067260,28661032.07586251,31852405.13718246,3191.373,3.94261e14,1.0887,2.77186e6,-1.39361e6,3.49578e-9
1473067290,28678497.912096836,31860341.99491485,3181.844,3.92822e14,1.4496,2.75620e6,-1.38826e6,3.48235e-9
1473067320,28695942.189990856,31868227.834422044,3172.286,3.94557e14,1.0145,2.75159e6,-1.38291e6,3.46892e-9
1473067350,28713364.683981735,31876062.606166206,3162.698,3.94077e14,1.1350,2.73928e6,-1.37756e6,3.45548e-9
1473067380,28730765.169656888,31883846.261022046,3153.081,3.94768e14,0.9614,2.73102e6,-1.37220e6,3.44205e-9
1473067410,28748143.423750244,31891578.75027524,3143.435,3.96020e14,0.6474,2.72465e6,-1.36685e6,3.42861e-9
1473067440,28765499.224138547,31899260.025620803,3133.761,3.94371e14,1.0612,2.70834e6,-1.36150e6,3.41518e-9
1473067470,28782832.349837493,31906890.039161492,3124.058,4.02388e14,0.9502,2.72496e6,-1.35614e6,3.40174e-9
1473067500,28800142.580997985,31914468.743406195,3114.326,4.14685e14,4.0352,2.75587e6,-1.35079e6,3.38830e-9
1473067530,28817429.698918037,31921996.09125765,3104.566,4.02681e14,1.0237,2.70442e6,-1.34543e6,3.37486e-9
1473067560,28834693.485990416,31929472.036043987,3094.779,3.91607e14,1.7545,2.65643e6,-1.34008e6,3.36142e-9
1473067590,28851933.725747548,31936896.531483855,3084.963,4.02084e14,0.8740,2.68089e6,-1.33472e6,3.34798e-9
1473067620,28869150.20284198,31944269.531695567,3075.119,4.00809e14,0.5540,2.66588e6,-1.32937e6,3.33453e-9
1473067650,28886342.703042675,31951590.991195526,3065.248,3.95415e14,0.7991,2.63722e6,-1.32401e6,3.32109e-9
1473067680,28903511.01323132,31958860.86489652,3055.350,3.87409e14,2.8076,2.60007e6,-1.31865e6,3.30765e-9
1473067710,28920654.921398543,31966079.10810626,3045.424,3.90957e14,1.9175,2.60119e6,-1.31330e6,3.29420e-9
1473067740,28937774.216640256,31973245.676525697,3035.471,3.94093e14,1.1307,2.60087e6,-1.30794e6,3.28076e-9
1473067770,28954868.689153828,31980360.526247583,3025.492,4.01994e14,0.8514,2.61603e6,-1.30258e6,3.26732e-9
1473067800,28971938.130234476,31987423.613754887,3015.485,4.08471e14,2.4764,2.62634e6,-1.29723e6,3.25387e-9
1473067830,28988982.332272153,31994434.895946424,3005.453,3.95883e14,0.6816,2.57470e6,-1.29187e6,3.24043e-9
1473067860,29006001.088745635,32001394.330051836,2995.393,3.92093e14,1.6325,2.55179e6,-1.28652e6,3.22699e-9
1473067890,29022994.19422097,32008301.873713955,2985.308,3.92562e14,1.5150,2.54267e6,-1.28116e6,3.21354e-9
1473067920,29039961.44434705,32015157.484960478,2975.196,3.87585e14,2.7634,2.51612e6,-1.27580e6,3.20010e-9
1473067950,29056902.635851838,32021961.122202754,2965.058,3.95597e14,0.7535,2.53108e6,-1.27045e6,3.18666e-9
1473067980,29073817.56653855,32028712.74423455,2954.895,3.98324e14,0.0694,2.52906e6,-1.26509e6,3.17322e-9
1473068010,29090706.035282042,32035412.310230967,2944.706,3.95395e14,0.8041,2.50910e6,-1.25974e6,3.15978e-9
1473068040,29107567.842024878,32042059.77974718,2934.492,4.09276e14,2.6782,2.54211e6,-1.25439e6,3.14635e-9
1473068070,29124402.787773594,32048655.112717308,2924.252,4.03484e14,1.2252,2.51311e6,-1.24903e6,3.13291e-9
1473068100,29141210.67459489,32055198.269453228,2913.988,3.99900e14,0.3261,2.49116e6,-1.24368e6,3.11948e-9
1473068130,29157991.305606417,32061689.21060371,2903.698,4.06693e14,2.0301,2.50153e6,-1.23833e6,3.10604e-9
1473068160,29174744.484989643,32068127.897275526,2893.383,4.03333e14,1.1874,2.48033e6,-1.23297e6,3.09261e-9
1473068190,29191470.017969247,32074514.29090969,2883.044,4.01811e14,0.8055,2.46487e6,-1.22762e6,3.07918e-9
1473068220,29208167.710814577,32080848.353319503,2872.681,4.00422e14,0.4571,2.44987e6,-1.22227e6,3.06575e-9
1473068250,29224837.37083591,32087130.04668921,2862.293,3.99970e14,0.3437,2.43776e6,-1.21692e6,3.05233e-9
1473068280,29241478.80638035,32093359.333572388,2851.881,3.96572e14,0.5090,2.41672e6,-1.21157e6,3.03890e-9
1473068310,29258091.82682803,32099536.176890556,2841.444,3.98659e14,0.0147,2.41236e6,-1.20623e6,3.02548e-9
1473068340,29274676.24258812,32105660.539931607,2830.984,3.96585e14,0.5057,2.39542e6,-1.20088e6,3.01206e-9
1473068370,29291231.865094922,32111732.38634842,2820.501,3.86110e14,3.1336,2.35334e6,-1.19553e6,2.99864e-9
1473068400,29307758.50680385,32117751.680157382,2809.993,3.90672e14,1.9891,2.35643e6,-1.19019e6,2.98523e-9
1473068430,29324255.981183436,32123718.38577866,2799.462,4.00757e14,0.5411,2.37582e6,-1.18484e6,2.97182e-9
1473068460,29340724.102723904,32129632.467906438,2788.908,3.96966e14,0.4101,2.35388e6,-1.17950e6,2.95841e-9
1473068490,29357162.686920743,32135493.891636305,2778.331,4.00198e14,0.4008,2.35274e6,-1.17416e6,2.94500e-9
1473068520,29373571.55027465,32141302.62242255,2767.731,4.05198e14,1.6552,2.35669e6,-1.16881e6,2.93159e-9
1473068550,29389950.51028765,32147058.62607726,2757.108,4.06597e14,2.0063,2.35000e6,-1.16347e6,2.91819e-9
1473068580,29406299.385458943,32152761.868769307,2746.462,4.03004e14,1.1047,2.32878e6,-1.15813e6,2.90479e-9
1473068610,29422617.99528114,32158412.317023486,2735.794,4.01071e14,0.6197,2.31245e6,-1.15280e6,2.89140e-9
1473068640,29438906.160236087,32164009.937719543,2725.104,4.07053e14,2.1206,2.31896e6,-1.14746e6,2.87800e-9
1473068670,29455163.701791026,32169554.698091343,2714.391,3.97917e14,0.1714,2.28200e6,-1.14212e6,2.86461e-9
1473068700,29471390.44239455,32175046.56572591,2703.656,3.94146e14,1.1176,2.26059e6,-1.13679e6,2.85123e-9
1473068730,29487586.20549086,32180485.50853381,2692.899,3.88771e14,2.4660,2.23473e6,-1.13146e6,2.83784e-9
1473068760,29503750.815459944,32185871.494837027,2682.121,3.93552e14,1.2665,2.23770e6,-1.12612e6,2.82446e-9
1473068790,29519884.097669594,32191204.493279032,2671.320,4.01934e14,0.8362,2.25066e6,-1.12079e6,2.81109e-9
1473068820,29535985.878453538,32196484.472852517,2660.499,4.01074e14,0.6205,2.23755e6,-1.11546e6,2.79771e-9
1473068850,29552055.985107668,32201711.40289822,2649.655,4.07886e14,2.3295,2.24583e6,-1.11014e6,2.78434e-9
1473068880,29568094.24588621,32206885.253103822,2638.791,4.00969e14,0.5942,2.21589e6,-1.10481e6,2.77098e-9
1473068910,29584100.4899981,32212005.993502855,2627.906,3.92155e14,1.6170,2.18090e6,-1.09949e6,2.75761e-9
1473068940,29600074.54760308,32217073.594473522,2616.999,3.91430e14,1.7988,2.16835e6,-1.09416e6,2.74426e-9
1473068970,29616016.249808006,32222088.026737563,2606.072,3.98585e14,0.0039,2.17734e6,-1.08884e6,2.73090e-9
1473069000,29631925.428663034,32227049.261359133,2595.124,4.08420e14,2.4636,2.19342e6,-1.08352e6,2.71755e-9
1473069030,29647801.91713165,32231957.26974551,2584.155,4.11886e14,3.3331,2.19203e6,-1.07820e6,2.70420e-9
1473069060,29663645.549167708,32236812.023640517,2573.166,4.06733e14,2.0402,2.16735e6,-1.07289e6,2.69086e-9
1473069090,29679456.159630593,32241613.495128777,2562.157,4.02069e14,0.8702,2.14412e6,-1.06757e6,2.67752e-9
1473069120,29695233.584307414,32246361.65663299,2551.128,4.05988e14,1.8533,2.14388e6,-1.06226e6,2.66419e-9
1473069150,29710977.6599091,32251056.480912898,2540.079,4.07644e14,2.2688,2.13755e6,-1.05694e6,2.65086e-9
1473069180,29726688.22406627,32255697.94106422,2529.010,4.04317e14,1.4341,2.11803e6,-1.05163e6,2.63753e-9
1473069210,29742365.115325347,32260286.010517783,2517.921,4.06154e14,1.8951,2.11216e6,-1.04632e6,2.62421e-9
1473069240,29758008.173144497,32264820.66303855,2506.812,4.02765e14,1.0449,2.09259e6,-1.04102e6,2.61089e-9
1473069270,29773617.23788967,32269301.872724656,2495.685,3.94149e14,1.1167,2.05955e6,-1.03571e6,2.59758e-9
1473069300,29789192.15083059,32273729.614006665,2484.537,3.90646e14,1.9956,2.03994e6,-1.03041e6,2.58427e-9
1473069330,29804732.75416316,32278103.861675937,2473.371,3.88835e14,2.4499,2.02479e6,-1.02511e6,2.57096e-9
1473069360,29820238.890924335,32282424.590793286,2462.186,3.88764e14,2.4678,2.01413e6,-1.01981e6,2.55766e-9
1473069390,29835710.405069657,32286691.776779257,2450.981,3.90538e14,2.0228,2.00818e6,-1.01451e6,2.54437e-9
1473069420,29851147.141443066,32290905.39538405,2439.758,3.78570e14,5.0251,1.96740e6,-1.00921e6,2.53108e-9
1473069450,29866548.945773296,32295065.422686968,2428.516,3.88287e14,2.5873,1.98154e6,-1.00392e6,2.51779e-9
1473069480,29881915.664670188,32299171.835095853,2417.256,4.08921e14,2.5891,2.02277e6,-9.98623e5,2.50451e-9
1473069510,29897247.145620994,32303224.609346658,2405.977,4.01654e14,0.7660,1.99395e6,-9.93332e5,2.49123e-9
1473069540,29912543.236986734,32307223.722502805,2394.680,4.05702e14,1.7815,1.99336e6,-9.88043e5,2.47796e-9
1473069570,29927803.787998553,32311169.151954696,2383.365,3.87150e14,2.8727,1.93696e6,-9.82756e5,2.46469e-9
1473069600,29943028.648754004,32315060.875419073,2372.032,4.08896e14,2.5828,1.97985e6,-9.77470e5,2.45143e-9
1473069630,29958217.670191545,32318898.870892595,2360.681,4.12495e14,3.4858,1.97792e6,-9.72187e5,2.43817e-9
1473069660,29973370.704154544,32322683.11679309,2349.312,3.79396e14,4.8179,1.88691e6,-9.66905e5,2.42492e-9
1473069690,29988487.603319712,32326413.591816314,2337.926,3.95864e14,0.6865,1.91632e6,-9.61626e5,2.41167e-9
1473069720,30003568.221215338,32330090.274981257,2326.522,3.98493e14,0.0269,1.91211e6,-9.56348e5,2.39843e-9
1473069750,30018612.412217397,32333713.14562912,2315.101,3.89903e14,2.1821,1.88107e6,-9.51073e5,2.38519e-9
1473069780,30033620.031545807,32337282.18342235,2303.662,3.95371e14,0.8101,1.88360e6,-9.45799e5,2.37196e-9
1473069810,30048590.9352606,32340797.368343666,2292.206,3.99314e14,0.1789,1.88240e6,-9.40528e5,2.35873e-9
1473069840,30063524.980258055,32344258.68069504,2280.734,4.00574e14,0.4950,1.87481e6,-9.35258e5,2.34551e-9
1473069870,30078422.024267014,32347666.101096805,2269.244,3.96449e14,0.5397,1.85463e6,-9.29990e5,2.33229e-9
1473069900,30093281.92584501,32351019.610486656,2257.738,3.95746e14,0.7160,1.84249e6,-9.24725e5,2.31908e-9
1473069930,30108104.54439109,32354319.190158423,2246.215,4.08361e14,2.4487,1.86109e6,-9.19461e5,2.30587e-9
1473069960,30122889.74009112,32357564.821638756,2234.675,4.07741e14,2.2931,1.84902e6,-9.14200e5,2.29267e-9
1473069990,30137637.373965062,32360756.48680929,2223.119,4.05426e14,1.7123,1.83310e6,-9.08941e5,2.27948e-9
1473070020,30152347.30784682,32363894.16786622,2211.547,4.02421e14,0.9585,1.81568e6,-9.03683e5,2.26628e-9
1473070050,30167019.404380754,32366977.8473198,2199.958,3.91000e14,1.9069,1.77939e6,-8.98428e5,2.25310e-9
1473070080,30181653.527018044,32370007.50799394,2188.354,3.94926e14,0.9219,1.77777e6,-8.93175e5,2.23992e-9
1473070110,30196249.54001323,32372983.133025687,2176.734,4.08455e14,2.4723,1.79745e6,-8.87924e5,2.22674e-9
1473070140,30210807.308420625,32375904.70586488,2165.097,3.97565e14,0.2597,1.76271e6,-8.82675e5,2.21357e-9
1473070170,30225326.69809084,32378772.21027365,2153.446,3.86137e14,3.1267,1.72709e6,-8.77428e5,2.20040e-9
1473070200,30239807.575667277,32381585.63032616,2141.778,3.92708e14,1.4784,1.73113e6,-8.72183e5,2.18724e-9
1473070230,30254249.808571056,32384344.950384054,2130.095,3.99657e14,0.2651,1.73583e6,-8.66940e5,2.17409e-9
1473070260,30268653.265033137,32387050.155170385,2118.397,3.89928e14,2.1757,1.70431e6,-8.61700e5,2.16094e-9
1473070290,30283017.814055305,32389701.229694687,2106.683,3.99738e14,0.2854,1.71502e6,-8.56461e5,2.14780e-9
1473070320,30297343.325418066,32392298.159276616,2094.955,3.98083e14,0.1298,1.70100e6,-8.51225e5,2.13466e-9
1473070350,30311629.66967714,32394840.929545347,2083.211,3.88517e14,2.5298,1.67024e6,-8.45991e5,2.12153e-9
1473070380,30325876.718159843,32397329.526439134,2071.453,4.11962e14,3.3521,1.70934e6,-8.40759e5,2.10840e-9
1473070410,30340084.342961684,32399763.936204735,2059.680,4.03482e14,1.2248,1.68094e6,-8.35529e5,2.09528e-9
1473070440,30354252.416942675,32402144.145396903,2047.892,3.92977e14,1.4109,1.64854e6,-8.30301e5,2.08216e-9
1473070470,30368380.813723944,32404470.140877873,2036.089,3.82364e14,4.0734,1.61620e6,-8.25075e5,2.06905e-9
1473070500,30382469.40768416,32406741.909816906,2024.273,3.84592e14,3.5143,1.61055e6,-8.19852e5,2.05594e-9
1473070530,30396518.07396542,32408959.439708345,2012.441,3.90984e14,1.9108,1.61335e6,-8.14630e5,2.04284e-9
1473070560,30410526.68844097,32411122.718313847,2000.596,4.00140e14,0.3863,1.62159e6,-8.09411e5,2.02974e-9
1473080130,32410072.640839394,30403857.091428693,2006.216,3.96511e14,0.5241,-1.61874e6,8.11463e5,-2.03596e-9
1473080160,32407882.88325229,30389830.67577772,2018.052,3.99473e14,0.2188,-1.63523e6,8.16685e5,-2.04905e-9
1473080190,32405638.882300973,30375764.280105926,2029.875,3.92925e14,1.4240,-1.63218e6,8.21909e5,-2.06216e-9
1473080220,32403340.650402248,30361658.02890145,2041.683,3.88263e14,2.5933,-1.63288e6,8.27135e5,-2.07526e-9
1473080250,32400988.200279236,30347512.047403812,2053.476,3.96724e14,0.4707,-1.66087e6,8.32364e5,-2.08837e-9
1473080280,32398581.54496172,30333326.46160747,2065.255,4.01394e14,0.7008,-1.68112e6,8.37595e5,-2.10149e-9
1473080310,32396120.69778666,30319101.398265447,2077.019,4.05226e14,1.6622,-1.69972e6,8.42827e5,-2.11461e-9
1473080340,32393605.67239863,30304836.984892804,2088.769,3.99807e14,0.3027,-1.69875e6,8.48062e5,-2.12774e-9
1473080370,32391036.482750252,30290533.349770334,2100.503,3.86774e14,2.9669,-1.68134e6,8.53300e5,-2.14088e-9
1473080400,32388413.143102657,30276190.62194812,2112.223,4.09206e14,2.6607,-1.73997e6,8.58539e5,-2.15402e-9
1473080430,32385735.66802546,30261808.931224804,2123.927,4.02754e14,1.0419,-1.73661e6,8.63780e5,-2.16716e-9
1473080460,32383004.07239902,30247388.40822628,2135.616,3.86639e14,3.0009,-1.71202e6,8.69024e5,-2.18031e-9
1473080490,32380218.371413194,30232929.184334084,2147.289,4.04864e14,1.5714,-1.76232e6,8.74270e5,-2.19346e-9
1473080520,32377378.580568526,30218431.39171318,2158.947,4.15354e14,4.2031,-1.79605e6,8.79518e5,-2.20662e-9
1473080550,32374484.715676654,30203895.163315374,2170.590,4.04539e14,1.4899,-1.78276e6,8.84768e5,-2.21979e-9
1473080580,32371536.79286093,30189320.632882793,2182.216,4.00341e14,0.4367,-1.78397e6,8.90020e5,-2.23296e-9
1473080610,32368534.828556955,30174707.93495135,2193.827,4.01085e14,0.6233,-1.79617e6,8.95274e5,-2.24614e-9
1473080640,32365478.839513153,30160057.20485419,2205.422,3.94080e14,1.1340,-1.79088e6,9.00530e5,-2.25932e-9
1473080670,32362368.842791397,30145368.57872515,2217.000,3.92632e14,1.4973,-1.79805e6,9.05789e5,-2.27250e-9
1473080700,32359204.85576746,30130642.193502285,2228.563,4.02261e14,0.9184,-1.83050e6,9.11049e5,-2.28570e-9
1473080730,32355986.896134373,30115878.18694986,2240.109,4.07541e14,2.2431,-1.85321e6,9.16312e5,-2.29889e-9
1473080760,32352714.981895026,30101076.69760483,2251.638,3.96726e14,0.4703,-1.83884e6,9.21576e5,-2.31210e-9
1473080790,32349389.131370667,30086237.864837557,2263.151,3.97616e14,0.2469,-1.85142e6,9.26843e5,-2.32530e-9
1473080820,32346009.36319895,30071361.8288371,2274.648,4.10868e14,3.0776,-1.89293e6,9.32112e5,-2.33852e-9
1473080850,32342575.69633467,30056448.73061479,2286.127,3.95457e14,0.7887,-1.86739e6,9.37382e5,-2.35173e-9
1473080880,32339088.15005037,30041498.712008033,2297.589,3.97162e14,0.3608,-1.88193e6,9.42655e5,-2.36496e-9
1473080910,32335546.743937086,30026511.91568409,2309.035,4.09039e14,2.6187,-1.92070e6,9.47930e5,-2.37818e-9
1473080940,32331951.497904945,30011488.48514375,2320.463,3.99014e14,0.1036,-1.90741e6,9.53207e5,-2.39142e-9
1473080970,32328302.432183914,29996428.56472521,2331.874,3.95227e14,0.8463,-1.90887e6,9.58486e5,-2.40465e-9
1473081000,32324599.56732445,29981332.29960773,2343.267,3.87059e14,2.8954,-1.89964e6,9.63767e5,-2.41790e-9
1473081030,32320842.924189016,29966199.835807327,2354.643,3.91026e14,1.9003,-1.91969e6,9.69049e5,-2.43114e-9
1473081060,32317032.523981154,29951031.32020587,2366.001,4.05721e14,1.7864,-1.96608e6,9.74334e5,-2.44440e-9
1473081090,32313168.388217837,29935826.900529414,2377.341,4.11252e14,3.1739,-1.99034e6,9.79621e5,-2.45765e-9
1473081120,32309250.538739305,29920586.72536015,2388.664,4.05763e14,1.7969,-1.98752e6,9.84909e5,-2.47092e-9
1473081150,32305278.99770968,29905310.944140244,2399.968,3.92950e14,1.4177,-1.96636e6,9.90200e5,-2.48418e-9
1473081180,32301253.787617713,29889999.707175475,2411.254,3.92037e14,1.6466,-1.97459e6,9.95492e5,-2.49746e-9
1473081210,32297174.931277446,29874653.16563906,2422.522,3.95195e14,0.8544,-1.99302e6,1.00079e6,-2.51073e-9
1473081240,32293042.451828904,29859271.471575376,2433.771,3.97191e14,0.3537,-2.00860e6,1.00608e6,-2.52401e-9
1473081270,32288856.37273883,29843854.77790369,2445.002,4.08695e14,2.5326,-2.04836e6,1.01138e6,-2.53730e-9
1473081300,32284616.717801448,29828403.23842192,2456.213,4.00923e14,0.5826,-2.03927e6,1.01668e6,-2.55059e-9
1473081330,32280323.511156186,29812917.00780642,2467.407,3.88749e14,2.4715,-2.01869e6,1.02198e6,-2.56388e-9
1473081360,32275976.777236044,29797396.241627984,2478.581,4.00352e14,0.4395,-2.05907e6,1.02729e6,-2.57718e-9
1473081390,32271576.54082095,29781841.096343372,2489.735,4.05183e14,1.6513,-2.08221e6,1.03259e6,-2.59049e-9
1473081420,32267122.82702161,29766251.729303014,2500.871,4.11231e14,3.1686,-2.10866e6,1.03790e6,-2.60380e-9
1473081450,32262615.66128054,29750628.298754737,2511.987,4.07994e14,2.3567,-2.11097e6,1.04321e6,-2.61711e-9
1473081480,32258055.06937297,29734970.963847496,2523.084,4.00062e14,0.3668,-2.10085e6,1.04852e6,-2.63043e-9
1473081510,32253441.077407837,29719279.884635188,2534.161,4.06725e14,2.0382,-2.12911e6,1.05383e6,-2.64375e-9
1473081540,32248773.711828742,29703555.222080354,2545.218,4.10950e14,3.0983,-2.15107e6,1.05915e6,-2.65707e-9
1473081570,32244052.99941496,29687797.138058025,2556.256,4.03796e14,1.3035,-2.14276e6,1.06446e6,-2.67040e-9
1473081600,32239278.967282355,29672005.795359477,2567.273,3.95315e14,0.8242,-2.13070e6,1.06978e6,-2.68374e-9
1473081630,32234451.642860416,29656181.357709046,2578.270,3.94477e14,1.0346,-2.13903e6,1.07510e6,-2.69707e-9
1473081660,32229571.053967286,29640323.989728,2589.247,3.91472e14,1.7884,-2.14147e6,1.08042e6,-2.71042e-9
1473081690,32224637.228736512,29624433.85697832,2600.203,4.05189e14,1.6530,-2.18938e6,1.08574e6,-2.72376e-9
1473081720,32219650.195641834,29608511.1259537,2611.139,4.16819e14,4.5707,-2.23195e6,1.09106e6,-2.73711e-9
1473081750,32214609.98349805,29592555.964083567,2622.054,4.08010e14,2.3606,-2.21861e6,1.09639e6,-2.75047e-9
1473081780,32209516.62146183,29576568.539737012,2632.948,3.92884e14,1.4341,-2.18758e6,1.10172e6,-2.76382e-9
1473081810,32204370.139032587,29560549.02222677,2643.821,3.82348e14,4.0773,-2.16890e6,1.10704e6,-2.77718e-9
1473081840,32199170.566053275,29544497.58181317,2654.673,3.86686e14,2.9891,-2.19144e6,1.11237e6,-2.79055e-9
1473081870,32193917.932711314,29528414.38970818,2665.504,3.95025e14,0.8969,-2.22532e6,1.11771e6,-2.80392e-9
1473081900,32188612.26953946,29512299.6180793,2676.313,3.92717e14,1.4761,-2.22943e6,1.12304e6,-2.81729e-9
1473081930,32183253.60744649,29496153.44003738,2687.100,3.95762e14,0.7120,-2.24864e6,1.12837e6,-2.83067e-9
1473081960,32177841.97762641,29479976.0296905,2697.866,3.99814e14,0.3045,-2.27080e6,1.13371e6,-2.84404e-9
1473081990,32172377.411651384,29463767.562098023,2708.610,3.94682e14,0.9829,-2.26682e6,1.13904e6,-2.85743e-9
1473082020,32166859.941443197,29447528.21329057,2719.332,3.96579e14,0.5072,-2.28288e6,1.14438e6,-2.87081e-9
1473082050,32161289.59927443,29431258.160273828,2730.031,4.00796e14,0.5507,-2.30570e6,1.14972e6,-2.88420e-9
1473082080,32155666.417769767,29414957.581032388,2740.709,3.92834e14,1.4467,-2.29333e6,1.15506e6,-2.89759e-9
1473082110,32149990.429907274,29398626.654533617,2751.364,3.98214e14,0.0970,-2.31960e6,1.16040e6,-2.91099e-9
1473082140,32144261.669019587,29382265.56073139,2761.996,4.04501e14,1.4803,-2.34866e6,1.16575e6,-2.92438e-9
1473082170,32138480.168795317,29365874.480569948,2772.606,3.86053e14,3.1478,-2.30523e6,1.17109e6,-2.93778e-9
1473082200,32132645.963280194,29349453.595987782,2783.192,3.72462e14,6.5576,-2.27564e6,1.17644e6,-2.95119e-9
1473082230,32126759.086847015,29333003.08993719,2793.756,3.89414e14,2.3046,-2.33624e6,1.18178e6,-2.96459e-9
1473082260,32120819.574293815,29316523.146339428,2804.296,4.13933e14,3.8465,-2.41982e6,1.18713e6,-2.97800e-9
1473082290,32114827.46074797,29300013.950137258,2814.814,4.08733e14,2.5421,-2.41517e6,1.19248e6,-2.99141e-9
1473082320,32108782.78169872,29283475.687283088,2825.307,3.99440e14,0.2107,-2.39807e6,1.19783e6,-3.00483e-9
1473082350,32102685.57299815,29266908.544743046,2835.777,4.06967e14,2.0989,-2.43150e6,1.20318e6,-3.01824e-9
1473082380,32096535.87086234,29250312.71050081,2846.223,4.00978e14,0.5966,-2.42416e6,1.20853e6,-3.03166e-9
1473082410,32090333.711872246,29233688.373561677,2856.645,4.00423e14,0.4573,-2.43320e6,1.21388e6,-3.04508e-9
1473082440,32084079.132974926,29217035.723956477,2867.043,4.12567e14,3.5039,-2.48107e6,1.21923e6,-3.05850e-9
1473082470,32077772.17148449,29200354.95274552,2877.417,3.97848e14,0.1887,-2.44675e6,1.22459e6,-3.07192e-9
1473082500,32071412.86508325,29183646.2520226,2887.767,3.91777e14,1.7120,-2.43871e6,1.22994e6,-3.08535e-9
1473082530,32065001.25185001,29166909.814904217,2898.091,3.86645e14,2.9993,-2.43342e6,1.23529e6,-3.09878e-9
1473082560,32058537.370177235,29150145.835578695,2908.392,3.79340e14,4.8319,-2.42124e6,1.24065e6,-3.11221e-9
1473082590,32052021.25885641,29133354.50926502,2918.667,3.94655e14,0.9898,-2.47956e6,1.24601e6,-3.12564e-9
1473082620,32045452.95705212,29116536.032231145,2928.917,4.07786e14,2.3046,-2.53143e6,1.25136e6,-3.13907e-9
1473082650,32038832.50430348,29099690.601797916,2939.142,4.08601e14,2.5088,-2.54484e6,1.25672e6,-3.15250e-9
1473082680,32032159.940525506,29082818.41634274,2949.342,4.01438e14,0.7118,-2.53301e6,1.26208e6,-3.16594e-9
1473082710,32025435.306010593,29065919.675303493,2959.516,4.01738e14,0.7871,-2.54471e6,1.26744e6,-3.17937e-9
1473082740,32018658.641429912,29048994.57918224,2969.664,4.01816e14,0.8068,-2.55572e6,1.27280e6,-3.19281e-9
1473082770,32011829.987834923,29032043.329549044,2979.787,4.01723e14,0.7835,-2.56618e6,1.27815e6,-3.20625e-9
1473082800,32004949.38665876,29015066.129045703,2989.883,4.04579e14,1.4998,-2.58613e6,1.28351e6,-3.21969e-9
1473082830,31998016.879697934,28998063.181403644,2999.954,4.07178e14,2.1520,-2.60533e6,1.28887e6,-3.23313e-9
1473082860,31991032.509175103,28981034.6914043,3009.998,4.02616e14,1.0074,-2.60135e6,1.29423e6,-3.24656e-9
1473082890,31983996.31767903,28963980.86492623,3020.015,3.99868e14,0.3181,-2.60317e6,1.29959e6,-3.26000e-9
1473082920,31976908.34818586,28946901.90893502,3030.006,3.99952e14,0.3392,-2.61418e6,1.30495e6,-3.27344e-9
1473082950,31969768.644060425,28929798.031487074,3039.971,3.95141e14,0.8678,-2.60910e6,1.31031e6,-3.28688e-9
1473082980,31962577.249057706,28912669.441733494,3049.908,4.05023e14,1.6113,-2.65238e6,1.31567e6,-3.30033e-9
1473083010,31955334.207324166,28895516.34992393,3059.818,4.05929e14,1.8387,-2.66619e6,1.32103e6,-3.31377e-9
1473083040,31948039.563399166,28878338.96741038,3069.701,3.95791e14,0.7048,-2.64327e6,1.32639e6,-3.32721e-9
1473083070,31940693.36221629,28861137.50665101,3079.556,3.93032e14,1.3969,-2.64474e6,1.33175e6,-3.34064e-9
1473083100,31933295.649104852,28843912.181213982,3089.383,4.14191e14,3.9113,-2.72634e6,1.33711e6,-3.35408e-9
1473083130,31925846.469805036,28826663.205766857,3099.183,4.10893e14,3.0839,-2.72616e6,1.34247e6,-3.36752e-9
1473083160,31918345.87042687,28809390.79612447,3108.955,3.94363e14,1.0630,-2.68116e6,1.34783e6,-3.38096e-9
1473083190,31910793.89749444,28792095.169208642,3118.699,3.99853e14,0.3142,-2.71045e6,1.35319e6,-3.39440e-9
1473083220,31903190.597933535,28774776.543065965,3128.414,3.96078e14,0.6327,-2.70832e6,1.35855e6,-3.40783e-9
1473083250,31895536.019073315,28757435.136871412,3138.101,4.00160e14,0.3912,-2.73296e6,1.36391e6,-3.42127e-9
1473083280,31887830.208647903,28740071.170931935,3147.759,4.03453e14,1.2174,-2.75500e6,1.36926e6,-3.43470e-9
1473083310,31880073.214798015,28722684.866690043,3157.388,4.02041e14,0.8633,-2.76091e6,1.37462e6,-3.44813e-9
1473083340,31872265.08607259,28705276.446727287,3166.989,3.95213e14,0.8499,-2.74803e6,1.37998e6,-3.46156e-9
1473083370,31864405.87143047,28687846.13476779,3176.560,3.95237e14,0.8438,-2.75878e6,1.38533e6,-3.47499e-9
1473083400,31856495.620242037,28670394.15568178,3186.101,4.00490e14,0.4741,-2.78776e6,1.39069e6,-3.48841e-9
1473083430,31848534.3822815,28652920.73550254,3195.614,3.96043e14,0.6416,-2.78292e6,1.39604e6,-3.50184e-9
1473083460,31840522.207757555,28635426.101388536,3205.096,4.02745e14,1.0398,-2.81715e6,1.40139e6,-3.51526e-9
1473083490,31832459.147285946,28617910.48166811,3214.549,4.05913e14,1.8345,-2.83908e6,1.40674e6,-3.52868e-9
1473083520,31824345.251900516,28600374.105829805,3223.971,3.93667e14,1.2377,-2.80650e6,1.41210e6,-3.54209e-9
1473083550,31816180.57305486,28582817.204525847,3233.363,4.06091e14,1.8793,-2.86131e6,1.41745e6,-3.55551e-9
1473083580,31807965.16262394,28565240.009575684,3242.725,4.07264e14,2.1736,-2.87629e6,1.42279e6,-3.56892e-9
1473083610,31799699.072905798,28547642.75396958,3252.056,3.98345e14,0.0640,-2.85514e6,1.42814e6,-3.58232e-9
1473083640,31791382.35662314,28530025.67187202,3261.357,4.00066e14,0.3677,-2.87202e6,1.43349e6,-3.59573e-9
1473083670,31783015.06692514,28512388.99862527,3270.626,3.99366e14,0.1921,-2.88019e6,1.43883e6,-3.60913e-9
1473083700,31774597.257388946,28494732.970752805,3279.864,4.00340e14,0.4365,-2.89442e6,1.44417e6,-3.62252e-9
1473083730,31766128.982027143,28477057.825953864,3289.071,3.93295e14,1.3310,-2.87950e6,1.44951e6,-3.63592e-9
1473083760,31757610.295272175,28459363.80313411,3298.246,3.90560e14,2.0172,-2.88013e6,1.45485e6,-3.64930e-9
1473083790,31749041.251995403,28441651.142381955,3307.390,3.93260e14,1.3397,-2.90058e6,1.46019e6,-3.66269e-9
1473083820,31740421.90750326,28423920.084980514,3316.502,3.98062e14,0.1351,-2.92883e6,1.46553e6,-3.67607e-9
1473083850,31731752.31753912,28406170.87341089,3325.581,4.03979e14,1.3495,-2.96132e6,1.47086e6,-3.68944e-9
1473083880,31723032.53828506,28388403.751355354,3334.629,4.02338e14,0.9377,-2.96598e6,1.47620e6,-3.70281e-9
1473083910,31714262.62636375,28370618.963700537,3343.644,4.05415e14,1.7095,-2.98812e6,1.48153e6,-3.71618e-9
1473083940,31705442.638840303,28352816.75654059,3352.626,4.04945e14,1.5918,-2.99711e6,1.48685e6,-3.72954e-9
1473083970,31696572.633224115,28334997.377180234,3361.575,4.01930e14,0.8354,-2.99656e6,1.49218e6,-3.74289e-9
1473084000,31687652.6674708,28317161.074137866,3370.492,4.00785e14,0.5481,-3.00295e6,1.49750e6,-3.75624e-9
1473084030,31678682.79998166,28299308.097150225,3379.375,4.00695e14,0.5256,-3.01328e6,1.50283e6,-3.76958e-9
1473084060,31669663.089612924,28281438.697170485,3388.224,4.04120e14,1.3847,-3.03690e6,1.50814e6,-3.78292e-9
1473084090,31660593.595670387,28263553.126375876,3397.040,3.98675e14,0.0188,-3.02693e6,1.51346e6,-3.79625e-9
1473084120,31651474.37791366,28245651.638169155,3405.823,3.97780e14,0.2057,-3.03415e6,1.51878e6,-3.80957e-9
1473084150,31642305.496558107,28227734.487181544,3414.571,3.96447e14,0.5402,-3.03966e6,1.52409e6,-3.82289e-9
1473084180,31633087.01227677,28209801.92927558,3423.285,3.91333e14,1.8232,-3.03063e6,1.52940e6,-3.83620e-9
1473084210,31623818.986202367,28191854.22154797,3431.965,3.94342e14,1.0684,-3.05272e6,1.53470e6,-3.84950e-9
1473084240,31614501.479929205,28173891.622332446,3440.610,3.97484e14,0.2801,-3.07540e6,1.54000e6,-3.86280e-9
1473084270,31605134.555515148,28155914.391202495,3449.220,3.93502e14,1.2792,-3.07055e6,1.54530e6,-3.87609e-9
1473084300,31595718.275483627,28137922.788974106,3457.795,3.93285e14,1.3334,-3.08023e6,1.55060e6,-3.88937e-9
1473084330,31586252.70282603,28119917.07771089,3466.336,3.95157e14,0.8638,-3.09805e6,1.55589e6,-3.90264e-9
1473084360,31576737.90100256,28101897.520719316,3474.840,4.00678e14,0.5213,-3.13020e6,1.56118e6,-3.91590e-9
1473084390,31567173.933945373,28083864.382559057,3483.310,4.03492e14,1.2272,-3.15185e6,1.56647e6,-3.92916e-9
1473084420,31557560.866060216,28065817.929043088,3491.743,4.00786e14,0.5483,-3.15181e6,1.57175e6,-3.94240e-9
1473084450,31547898.76222852,28047758.427240245,3500.140,3.95572e14,0.7598,-3.14177e6,1.57703e6,-3.95564e-9
1473084480,31538187.687809452,28029686.14547777,3508.502,4.00477e14,0.4707,-3.17175e6,1.58231e6,-3.96887e-9
1473084510,31528427.708642054,28011601.35334385,3516.826,4.00443e14,0.4622,-3.18218e6,1.58758e6,-3.98209e-9
1473084540,31518618.891047284,27993504.321690015,3525.115,3.96069e14,0.6350,-3.17526e6,1.59285e6,-3.99529e-9
1473084570,31508761.30183015,27975395.322633594,3533.366,4.03716e14,1.2834,-3.21640e6,1.59811e6,-4.00849e-9
1473084600,31498855.00828184,27957274.629560012,3541.580,3.98131e14,0.1178,-3.20453e6,1.60337e6,-4.02168e-9
1473084630,31488900.078182872,27939142.517126363,3549.758,3.94873e14,0.9351,-3.20188e6,1.60863e6,-4.03486e-9
1473084660,31478896.579802144,27920999.261260152,3557.897,3.94364e14,1.0629,-3.21027e6,1.61388e6,-4.04802e-9
1473084690,31468844.58190226,27902845.139164694,3565.999,3.97783e14,0.2051,-3.23459e6,1.61912e6,-4.06118e-9
1473084720,31458744.15374074,27884680.42932033,3574.064,4.05411e14,1.7086,-3.27614e6,1.62437e6,-4.07432e-9
1473084750,31448595.365072165,27866505.41148648,3582.090,4.09469e14,2.7267,-3.30329e6,1.62960e6,-4.08745e-9
1473084780,31438398.28615041,27848320.366703775,3590.078,4.07044e14,2.1182,-3.30395e6,1.63484e6,-4.10057e-9
1473084810,31428152.987730924,27830125.577296015,3598.027,4.10877e14,3.0798,-3.33028e6,1.64007e6,-4.11368e-9
1473084840,31417859.541072972,27811921.32687214,3605.938,4.10798e14,3.0602,-3.34056e6,1.64529e6,-4.12677e-9
1473084870,31407518.017941825,27793707.900328126,3613.810,4.01525e14,0.7336,-3.31276e6,1.65051e6,-4.13986e-9
1473084900,31397128.490611114,27775485.58384878,3621.643,4.02595e14,1.0023,-3.32767e6,1.65572e6,-4.15292e-9
1473084930,31386691.0318621,27757254.66489953,3629.436,4.06094e14,1.8800,-3.35271e6,1.66092e6,-4.16598e-9
1473084960,31376205.714995172,27739015.432258777,3637.190,4.03725e14,1.2858,-3.35330e6,1.66613e6,-4.17902e-9
1473084990,31365672.61382294,27720768.175989132,3644.904,4.02539e14,0.9880,-3.35878e6,1.67132e6,-4.19205e-9
1473085020,31355091.8026755,27702513.18744869,3652.579,4.01098e14,0.6265,-3.36315e6,1.67651e6,-4.20506e-9
1473085050,31344463.356402736,27684250.759292502,3660.213,3.99110e14,0.1277,-3.36516e6,1.68170e6,-4.21806e-9
1473085080,31333787.350376733,27665981.18547388,3667.806,4.04549e14,1.4923,-3.39854e6,1.68688e6,-4.23104e-9
1473085110,31323063.86049405,27647704.761245783,3675.359,4.01726e14,0.7843,-3.39698e6,1.69205e6,-4.24401e-9
1473085140,31312292.96317813,27629421.78316202,3682.871,3.96362e14,0.5615,-3.38451e6,1.69721e6,-4.25696e-9
1473085170,31301474.73538164,27611132.549078457,3690.342,4.04066e14,1.3712,-3.42769e6,1.70237e6,-4.26990e-9
1473085200,31290609.2545889,27592837.358154085,3697.772,4.11082e14,3.1314,-3.46812e6,1.70753e6,-4.28282e-9
1473085230,31279696.598824557,27574536.510870874,3705.160,4.02969e14,1.0960,-3.44372e6,1.71267e6,-4.29572e-9
1473085260,31268736.84663667,27556230.30897722,3712.507,3.97109e14,0.3741,-3.42880e6,1.71781e6,-4.30861e-9
1473085290,31257730.07711857,27537919.055546187,3719.811,4.00314e14,0.4299,-3.45289e6,1.72295e6,-4.32148e-9
1473085320,31246676.369905055,27519603.054958098,3727.073,3.93251e14,1.3420,-3.43255e6,1.72807e6,-4.33433e-9
1473085350,31235575.805174984,27501282.61290141,3734.293,3.94035e14,1.1455,-3.44612e6,1.73319e6,-4.34716e-9
1473085380,31224428.4636537,27482958.036373574,3741.470,4.04393e14,1.4533,-3.50145e6,1.73830e6,-4.35998e-9
1473085410,31213234.426615685,27464629.633681912,3748.605,3.99472e14,0.2186,-3.49021e6,1.74341e6,-4.37278e-9
1473085440,31201993.77588703,27446297.714444224,3755.696,4.00731e14,0.5345,-3.50593e6,1.74850e6,-4.38555e-9
1473085470,31190706.593848072,27427962.58958953,3762.744,4.00995e14,0.6008,-3.51729e6,1.75359e6,-4.39831e-9
1473085500,31179372.963435877,27409624.571358524,3769.748,3.98494e14,0.0267,-3.51645e6,1.75867e6,-4.41105e-9
1473085530,31167992.968138102,27391283.973279215,3776.709,4.04534e14,1.4887,-3.55331e6,1.76374e6,-4.42377e-9
1473085560,31156566.692022778,27372941.110243946,3783.626,3.95246e14,0.8417,-3.52230e6,1.76881e6,-4.43647e-9
1473085590,31145094.219713565,27354596.298433058,3790.498,3.96724e14,0.4708,-3.53894e6,1.77386e6,-4.44914e-9
1473085620,31133575.636401143,27336249.855339635,3797.326,4.04185e14,1.4010,-3.58230e6,1.77891e6,-4.46180e-9
1473085650,31122011.02784578,27317902.099769436,3804.109,3.95456e14,0.7888,-3.55339e6,1.78395e6,-4.47443e-9
1473085680,31110400.480379924,27299553.351840734,3810.847,4.01331e14,0.6850,-3.58977e6,1.78898e6,-4.48704e-9
1473085710,31098744.08091078,27281203.932984076,3817.540,4.02420e14,0.9583,-3.60475e6,1.79400e6,-4.49963e-9
1473085740,31087041.916922897,27262854.16594191,3824.188,4.01831e14,0.8105,-3.61216e6,1.79902e6,-4.51220e-9
1473085770,31075294.076480784,27244504.37476815,3830.790,4.05022e14,1.6111,-3.63664e6,1.80402e6,-4.52475e-9
1473085800,31063500.64823155,27226154.884827696,3837.346,3.98240e14,0.0903,-3.61594e6,1.80901e6,-4.53727e-9
1473085830,31051661.72141417,27207806.02282404,3843.856,3.95251e14,0.8403,-3.61230e6,1.81400e6,-4.54976e-9
1473085860,31039777.385841705,27189458.116711684,3850.319,4.02103e14,0.8787,-3.65346e6,1.81897e6,-4.56223e-9
1473085890,31027847.731924564,27171111.49578229,3856.736,4.08535e14,2.4923,-3.69285e6,1.82394e6,-4.57468e-9
1473085920,31015872.850666594,27152766.490636017,3863.106,4.00172e14,0.3944,-3.66452e6,1.82889e6,-4.58710e-9
1473085950,31003852.83366784,27134423.433180682,3869.429,3.96853e14,0.4384,-3.65916e6,1.83384e6,-4.59950e-9
1473085980,30991787.773127336,27116082.656631056,3875.705,3.93171e14,1.3621,-3.65203e6,1.83877e6,-4.61187e-9
1473086010,30979677.761845954,27097744.495507885,3881.933,3.90817e14,1.9527,-3.65092e6,1.84369e6,-4.62422e-9
1473086040,30967522.89322918,27079409.285636872,3888.114,4.01223e14,0.6580,-3.70889e6,1.84861e6,-4.63653e-9
1473086070,30955323.261290006,27061077.3641476,3894.246,4.04825e14,1.5617,-3.73547e6,1.85351e6,-4.64882e-9
1473086100,30943078.960651767,27042749.06947226,3900.330,4.11013e14,3.1141,-3.77417e6,1.85840e6,-4.66108e-9
1473086130,30930790.086552963,27024424.74131778,3906.365,4.10112e14,2.8880,-3.77986e6,1.86328e6,-4.67332e-9
1473086160,30918456.734844264,27006104.72074607,3912.352,4.06700e14,2.0319,-3.77375e6,1.86815e6,-4.68552e-9
1473086190,30906079.001997244,26987789.350090757,3918.290,4.02549e14,0.9905,-3.76406e6,1.87300e6,-4.69770e-9
1473086220,30893656.985105414,26969478.97298163,3924.178,3.97911e14,0.1731,-3.75195e6,1.87785e6,-4.70985e-9
1473086250,30881190.781887215,26951173.93434262,3930.017,4.04979e14,1.6003,-3.79498e6,1.88268e6,-4.72196e-9
1473086280,30868680.49068893,26932874.58038967,3935.806,4.03208e14,1.1560,-3.79631e6,1.88750e6,-4.73405e-9
1473086310,30856126.210487682,26914581.258628454,3941.545,3.99857e14,0.3151,-3.79007e6,1.89231e6,-4.74611e-9
1473086340,30843528.04089437,26896294.31785195,3947.234,4.03737e14,1.2885,-3.81814e6,1.89711e6,-4.75813e-9
1473086370,30830886.082156666,26878014.10813796,3952.872,3.99856e14,0.3151,-3.80925e6,1.90189e6,-4.77012e-9
1473086400,30818200.435161974,26859740.980846435,3958.459,3.94679e14,0.9839,-3.79405e6,1.90666e6,-4.78208e-9
1473086430,30805471.201427136,26841475.28863372,3963.996,3.99522e14,0.2312,-3.82673e6,1.91142e6,-4.79401e-9
1473086460,30792698.48314246,26823217.385397542,3969.481,4.04424e14,1.4611,-3.85979e6,1.91616e6,-4.80590e-9
1473086490,30779882.383133654,26804967.626326066,3974.915,3.99554e14,0.2392,-3.84585e6,1.92089e6,-4.81776e-9
1473086520,30767023.00487799,26786726.367878094,3980.297,3.93580e14,1.2596,-3.82644e6,1.92561e6,-4.82959e-9
1473086550,30754120.45250724,26768493.967780083,3985.626,3.95736e14,0.7185,-3.84622e6,1.93031e6,-4.84138e-9
1473086580,30741174.830810614,26750270.78502286,3990.904,3.94063e14,1.1384,-3.84744e6,1.93500e6,-4.85314e-9
1473086610,30728186.245237764,26732057.179858435,3996.129,3.98046e14,0.1392,-3.87611e6,1.93968e6,-4.86486e-9
1473086640,30715154.801901724,26713853.513796512,4001.301,4.07348e14,2.1946,-3.93079e6,1.94434e6,-4.87654e-9
1473086670,30702080.60758187,26695660.14960099,4006.420,4.07683e14,2.2785,-3.94181e6,1.94898e6,-4.88819e-9
1473086700,30688963.76972701,26677477.451286327,4011.486,4.03243e14,1.1648,-3.92942e6,1.95361e6,-4.89980e-9
1473086730,30675804.396481004,26659305.78411292,4016.499,3.96108e14,0.6252,-3.90366e6,1.95823e6,-4.91137e-9
1473086760,30662602.596616168,26641145.514585514,4021.457,4.02070e14,0.8704,-3.94218e6,1.96283e6,-4.92291e-9
1473086790,30649358.479606126,26622997.010447152,4026.361,4.05968e14,1.8484,-3.97062e6,1.96741e6,-4.93440e-9
1473086820,30636072.15560656,26604860.6406756,4031.212,3.96008e14,0.6503,-3.93058e6,1.97198e6,-4.94586e-9
1473086850,30622743.735458475,26586736.775478926,4036.007,3.97111e14,0.3738,-3.94512e6,1.97653e6,-4.95727e-9
1473086880,30609373.330691535,26568625.786291122,4040.748,4.05498e14,1.7305,-3.99585e6,1.98107e6,-4.96865e-9
1473086910,30595961.053527452,26550528.045767393,4045.433,4.06373e14,1.9501,-4.00932e6,1.98559e6,-4.97998e-9
1473086940,30582507.016883243,26532443.927779373,4050.063,4.07835e14,2.3168,-4.02571e6,1.99010e6,-4.99127e-9
1473086970,30569011.33437466,26514373.807410184,4054.638,4.05445e14,1.7171,-4.02283e6,1.99458e6,-5.00253e-9
1473087000,30555474.12031953,26496318.060949314,4059.156,3.94834e14,0.9449,-3.97865e6,1.99905e6,-5.01373e-9
1473087030,30541895.48971426,26478277.065872353,4063.618,3.94790e14,0.9559,-3.98729e6,2.00351e6,-5.02490e-9
1473087060,30528275.55832,26460251.20088196,4068.024,4.03121e14,1.1341,-4.03807e6,2.00794e6,-5.03602e-9
1473087090,30514614.442583133,26442240.845855482,4072.374,4.05732e14,1.7891,-4.06013e6,2.01236e6,-5.04709e-9
1473087120,30500912.259665214,26424246.381854236,4076.666,4.00963e14,0.5926,-4.04488e6,2.01676e6,-5.05813e-9
1473087150,30487169.12744616,26406268.19111752,4080.901,3.95811e14,0.6999,-4.02755e6,2.02114e6,-5.06911e-9
1473087180,30473385.164527442,26388306.657056462,4085.079,3.98126e14,0.1191,-4.04800e6,2.02550e6,-5.08005e-9
1473087210,30459560.490235295,26370362.164247632,4089.198,4.00038e14,0.3608,-4.06642e6,2.02985e6,-5.09095e-9
1473087240,30445695.22462386,26352435.098426618,4093.260,3.96145e14,0.6160,-4.05522e6,2.03417e6,-5.10179e-9
1473087270,30431789.488478404,26334525.84648134,4097.264,3.93587e14,1.2578,-4.05073e6,2.03848e6,-5.11259e-9
1473087300,30417843.403318603,26316634.79644532,4101.209,3.99535e14,0.2345,-4.08972e6,2.04277e6,-5.12334e-9
1473087330,30403857.091428693,26298762.33751532,4105.095,4.00378e14,0.4460,-4.10259e6,2.04704e6,-5.13404e-9
1473087360,30389830.67577772,26280908.859968334,4108.922,4.00159e14,0.3910,-4.10998e6,2.05128e6,-5.14469e-9
1473087390,30375764.280105926,26263074.755230717,4112.690,4.00347e14,0.4382,-4.11942e6,2.05551e6,-5.15529e-9
1473087420,30361658.02890145,26245260.41584623,4116.398,3.98194e14,0.1019,-4.11673e6,2.05972e6,-5.16584e-9
1473087450,30347512.047403812,26227466.23546866,4120.046,4.01291e14,0.6751,-4.14113e6,2.06391e6,-5.17634e-9
1473087480,30333326.46160747,26209692.608854335,4123.634,4.01351e14,0.6901,-4.14979e6,2.06807e6,-5.18678e-9
1473087510,30319101.398265447,26191939.931854405,4127.161,3.95912e14,0.6743,-4.12984e6,2.07222e6,-5.19718e-9
1473087540,30304836.984892804,26174208.601406984,4130.628,3.98554e14,0.0116,-4.15182e6,2.07634e6,-5.20752e-9
1473087570,30290533.349770334,26156499.015529115,4134.034,3.93640e14,1.2446,-4.13438e6,2.08044e6,-5.21780e-9
1473087600,30276190.62194812,26138811.573308505,4137.379,3.87359e14,2.8203,-4.10965e6,2.08452e6,-5.22803e-9
1473087630,30261808.931224804,26121146.674867243,4140.662,3.99082e14,0.1209,-4.17906e6,2.08858e6,-5.23821e-9
1473087660,30247388.40822628,26103504.72143935,4143.884,4.02803e14,1.0543,-4.20666e6,2.09262e6,-5.24833e-9
1473087690,30232929.184334084,26085886.115275487,4147.043,3.98127e14,0.1187,-4.19014e6,2.09663e6,-5.25839e-9
1473087720,30218431.39171318,26068291.259661708,4150.140,3.92379e14,1.5609,-4.16783e6,2.10062e6,-5.26839e-9
1473087750,30203895.163315374,26050720.558910154,4153.175,3.93345e14,1.3186,-4.18079e6,2.10459e6,-5.27834e-9
1473087780,30189320.632882793,26033174.41834948,4156.146,4.00618e14,0.5062,-4.22709e6,2.10853e6,-5.28823e-9
1473087810,30174707.93495135,26015653.24431509,4159.055,3.96925e14,0.4203,-4.21538e6,2.11245e6,-5.29806e-9
1473087840,30160057.20485419,25998157.44413923,4161.900,3.93961e14,1.1639,-4.20743e6,2.11635e6,-5.30783e-9
1473087870,30145368.57872515,25980687.426140834,4164.681,3.99944e14,0.3371,-4.24694e6,2.12022e6,-5.31754e-9
1473087900,30130642.193502285,25963243.599615254,4167.399,4.01131e14,0.6349,-4.26097e6,2.12407e6,-5.32718e-9
1473087930,30115878.18694986,25945826.374852132,4170.052,3.95002e14,0.9028,-4.23592e6,2.12789e6,-5.33677e-9
1473087960,30101076.69760483,25928436.163037423,4172.641,3.97679e14,0.2311,-4.25780e6,2.13169e6,-5.34629e-9
1473087990,30086237.864837557,25911073.37633016,4175.164,4.07270e14,2.1749,-4.31669e6,2.13546e6,-5.35575e-9
1473088020,30071361.8288371,25893738.427823294,4177.623,4.01944e14,0.8389,-4.29569e6,2.13920e6,-5.36514e-9
1473088050,30056448.73061479,25876431.731532764,4180.017,4.03964e14,1.3455,-4.31402e6,2.14292e6,-5.37447e-9
1473088080,30041498.712008033,25859153.702386282,4182.345,4.00333e14,0.4347,-4.30191e6,2.14662e6,-5.38374e-9
1473088110,30026511.91568409,25841904.75621206,4184.607,3.96715e14,0.4729,-4.28975e6,2.15029e6,-5.39294e-9
1473088140,30011488.48514375,25824685.309727225,4186.803,4.03663e14,1.2701,-4.33454e6,2.15393e6,-5.40207e-9
1473088170,29996428.56472521,25807495.780526098,4188.933,3.98048e14,0.1386,-4.31143e6,2.15754e6,-5.41113e-9
1473088200,29981332.29960773,25790336.587068237,4190.996,3.98139e14,0.1157,-4.31909e6,2.16113e6,-5.42012e-9
1473088230,29966199.835807327,25773208.14864154,4192.992,4.04618e14,1.5097,-4.36138e6,2.16469e6,-5.42905e-9
1473088260,29951031.32020587,25756110.885426175,4194.920,4.03504e14,1.2303,-4.36244e6,2.16822e6,-5.43791e-9
1473088290,29935826.900529414,25739045.218405616,4196.782,3.96147e14,0.6155,-4.32941e6,2.17172e6,-5.44669e-9
1473088320,29920586.72536015,25722011.5693783,4198.575,3.94024e14,1.1481,-4.32476e6,2.17520e6,-5.45540e-9
1473088350,29905310.944140244,25705010.360944524,4200.301,4.04299e14,1.4297,-4.38775e6,2.17864e6,-5.46404e-9
1473088380,29889999.707175475,25688042.016492974,4201.958,4.06179e14,1.9013,-4.40492e6,2.18206e6,-5.47261e-9
1473088410,29874653.16563906,25671106.96018715,4203.546,4.01699e14,0.7773,-4.38720e6,2.18545e6,-5.48111e-9
1473088440,29859271.471575376,25654205.616951518,4205.066,4.00673e14,0.5200,-4.38831e6,2.18880e6,-5.48953e-9
1473088470,29843854.77790369,25637338.41245747,4206.516,3.95543e14,0.7670,-4.36678e6,2.19213e6,-5.49787e-9
1473088500,29828403.23842192,25620505.773109056,4207.897,3.98714e14,0.0284,-4.39080e6,2.19543e6,-5.50614e-9
1473088530,29812917.00780642,25603708.126044247,4209.209,3.98612e14,0.0029,-4.39678e6,2.19870e6,-5.51433e-9
1473088560,29797396.241627984,25586945.899072025,4210.450,4.01759e14,0.7925,-4.42063e6,2.20193e6,-5.52245e-9
1473088590,29781841.096343372,25570219.520705726,4211.622,3.97761e14,0.2107,-4.40495e6,2.20514e6,-5.53049e-9
1473088620,29766251.729303014,25553529.420132577,4212.722,3.93421e14,1.2994,-4.38725e6,2.20831e6,-5.53844e-9
1473088650,29750628.298754737,25536876.027198482,4213.752,3.98256e14,0.0864,-4.42030e6,2.21145e6,-5.54632e-9
1473088680,29734970.963847496,25520259.772392783,4214.711,3.99730e14,0.2834,-4.43471e6,2.21456e6,-5.55412e-9
1473088710,29719279.884635188,25503681.086832616,4215.599,4.03195e14,1.1527,-4.46014e6,2.21763e6,-5.56184e-9
1473088740,29703555.222080354,25487140.402247224,4216.415,3.98209e14,0.0982,-4.43849e6,2.22068e6,-5.56947e-9
1473088770,29687797.138058025,25470638.150962017,4217.159,3.99964e14,0.3422,-4.45430e6,2.22369e6,-5.57702e-9
1473088800,29672005.795359477,25454174.765882358,4217.831,4.03343e14,1.1898,-4.47913e6,2.22667e6,-5.58449e-9
1473088830,29656181.357709046,25437750.680474985,4218.431,4.02433e14,0.9616,-4.47996e6,2.22961e6,-5.59187e-9
1473088860,29640323.989728,25421366.32875837,4218.958,4.02838e14,1.0631,-4.48807e6,2.23252e6,-5.59917e-9
1473088890,29624433.85697832,25405022.145279046,4219.412,4.02350e14,0.9408,-4.49112e6,2.23539e6,-5.60638e-9
1473088920,29608511.1259537,25388718.565096844,4219.793,3.93755e14,1.2156,-4.44858e6,2.23823e6,-5.61350e-9
1473088950,29592555.964083567,25372456.023767564,4220.100,3.92800e14,1.4552,-4.44878e6,2.24104e6,-5.62054e-9
1473088980,29576568.539737012,25356234.957325578,4220.334,4.01730e14,0.7851,-4.50453e6,2.24381e6,-5.62748e-9
1473089010,29560549.02222677,25340055.80226611,4220.493,3.98692e14,0.0230,-4.49291e6,2.24654e6,-5.63434e-9
1473089040,29544497.58181317,25323918.99552735,4220.579,4.00578e14,0.4960,-4.50894e6,2.24924e6,-5.64111e-9
1473089070,29528414.38970818,25307824.974472284,4220.589,4.03601e14,1.2544,-4.53135e6,2.25190e6,-5.64779e-9
1473089100,29512299.6180793,25291774.176870346,4220.525,4.01332e14,0.6852,-4.52380e6,2.25452e6,-5.65437e-9
1473089130,29496153.44003738,25275767.04087191,4220.386,3.96217e14,0.5980,-4.50004e6,2.25711e6,-5.66086e-9
1473089160,29479976.0296905,25259804.005010866,4220.172,4.00151e14,0.3891,-4.52742e6,2.25966e6,-5.66726e-9
1473089190,29463767.562098023,25243885.508164078,4219.882,4.06234e14,1.9152,-4.56697e6,2.26217e6,-5.67356e-9
1473089220,29447528.21329057,25228011.98953898,4219.516,3.99082e14,0.1207,-4.53134e6,2.26465e6,-5.67977e-9
1473089250,29431258.160273828,25212183.888654117,4219.074,3.98905e14,0.0765,-4.53521e6,2.26708e6,-5.68588e-9
1473089280,29414957.581032388,25196401.645319317,4218.556,4.02951e14,1.0915,-4.56304e6,2.26948e6,-5.69190e-9
1473089310,29398626.654533617,25180665.699615777,4217.961,4.03989e14,1.3520,-4.57370e6,2.27184e6,-5.69781e-9
1473089340,29382265.56073139,25164976.4918758,4217.289,4.03177e14,1.1482,-4.57373e6,2.27416e6,-5.70363e-9
1473089370,29365874.480569948,25149334.462662432,4216.540,3.90115e14,2.1288,-4.50374e6,2.27644e6,-5.70935e-9
1473089400,29349453.595987782,25133740.052748796,4215.714,3.89266e14,2.3418,-4.50332e6,2.27868e6,-5.71497e-9
1473089430,29333003.08993719,25118193.703102734,4214.809,4.04499e14,1.4798,-4.59481e6,2.28088e6,-5.72049e-9
1473089460,29316523.146339428,25102695.854848955,4213.827,4.06736e14,2.0409,-4.61196e6,2.28303e6,-5.72590e-9
1473089490,29300013.950137258,25087246.949264664,4212.767,3.99588e14,0.2477,-4.57527e6,2.28515e6,-5.73121e-9
1473089520,29283475.687283088,25071847.427752655,4211.628,3.97574e14,0.2575,-4.56788e6,2.28722e6,-5.73642e-9
1473089550,29266908.544743046,25056497.731819704,4210.411,3.98123e14,0.1198,-4.57509e6,2.28926e6,-5.74152e-9
1473089580,29250312.71050081,25041198.303054728,4209.114,4.02479e14,0.9730,-4.60410e6,2.29125e6,-5.74652e-9
1473089610,29233688.373561677,25025949.58310681,4207.739,3.98671e14,0.0176,-4.58612e6,2.29320e6,-5.75141e-9
1473089640,29217035.723956477,25010752.013662875,4206.284,3.94348e14,1.0669,-4.56505e6,2.29510e6,-5.75620e-9
1473089670,29200354.95274552,24995606.036425382,4204.749,4.00197e14,0.4004,-4.60245e6,2.29697e6,-5.76087e-9
1473089700,29183646.2520226,24980512.093089566,4203.134,3.97119e14,0.3717,-4.58835e6,2.29879e6,-5.76544e-9
1473089730,29166909.814904217,24965470.625327438,4201.439,4.03017e14,1.1079,-4.62592e6,2.30056e6,-5.76989e-9
1473089760,29150145.835578695,24950482.074743938,4199.664,4.06527e14,1.9885,-4.64967e6,2.30229e6,-5.77424e-9
1473089790,29133354.50926502,24935546.882874478,4197.808,3.98557e14,0.0109,-4.60703e6,2.30398e6,-5.77847e-9
1473089820,29116536.032231145,24920665.49115485,4195.871,3.98453e14,0.0370,-4.60971e6,2.30562e6,-5.78259e-9
1473089850,29099690.601797916,24905838.34089759,4193.852,3.97987e14,0.1539,-4.61021e6,2.30721e6,-5.78660e-9
1473089880,29082818.41634274,24891065.873268172,4191.753,3.93052e14,1.3921,-4.58473e6,2.30876e6,-5.79049e-9
1473089910,29065919.675303493,24876348.529261038,4189.571,3.92133e14,1.6226,-4.58239e6,2.31027e6,-5.79427e-9
1473089940,29048994.57918224,24861686.749675293,4187.308,3.98178e14,0.1060,-4.62033e6,2.31173e6,-5.79793e-9
1473089970,29032043.329549044,24847080.975090325,4184.962,3.99444e14,0.2116,-4.63050e6,2.31314e6,-5.80148e-9
1473090000,29015066.129045703,24832531.645841118,4182.534,3.97533e14,0.2678,-4.62214e6,2.31450e6,-5.80490e-9
1473090030,28998063.181403644,24818039.201974,4180.024,4.00055e14,0.3649,-4.63942e6,2.31582e6,-5.80821e-9
1473090060,28981034.6914043,24803604.083281398,4177.431,3.99848e14,0.3129,-4.64076e6,2.31708e6,-5.81140e-9
1473090090,28963980.86492623,24789226.729216672,4174.754,3.97776e14,0.2068,-4.63116e6,2.31830e6,-5.81446e-9
1473090120,28946901.90893502,24774907.57888789,4171.994,3.98988e14,0.0973,-4.64055e6,2.31948e6,-5.81741e-9
1473090150,28929798.031487074,24760647.071031973,4169.151,4.04199e14,1.4047,-4.67313e6,2.32060e6,-5.82023e-9
1473090180,28912669.441733494,24746445.643988624,4166.224,4.03031e14,1.1114,-4.66849e6,2.32167e6,-5.82293e-9
1473090210,28895516.34992393,24732303.735674266,4163.213,3.95610e14,0.7503,-4.62732e6,2.32270e6,-5.82550e-9
1473090240,28878338.96741038,24718221.78355551,4160.117,3.97541e14,0.2659,-4.64052e6,2.32367e6,-5.82795e-9
1473090270,28861137.50665101,24704200.22462267,4156.937,4.00045e14,0.3623,-4.65696e6,2.32459e6,-5.83028e-9
1473090300,28843912.181213982,24690239.49536294,4153.673,3.93782e14,1.2088,-4.62219e6,2.32547e6,-5.83247e-9
1473090330,28826663.205766857,24676340.03175999,4150.323,3.95386e14,0.8065,-4.63318e6,2.32629e6,-5.83454e-9
1473090360,28809390.79612447,24662502.269185517,4146.889,4.00995e14,0.6007,-4.66746e6,2.32706e6,-5.83648e-9
1473090390,28792095.169208642,24648726.642453305,4143.369,3.98778e14,0.0445,-4.65596e6,2.32778e6,-5.83829e-9
1473090420,28774776.543065965,24635013.585765775,4139.763,4.00378e14,0.4461,-4.66664e6,2.32844e6,-5.83997e-9
1473090450,28757435.136871412,24621363.532686587,4136.072,4.01038e14,0.6114,-4.67173e6,2.32906e6,-5.84152e-9
1473090480,28740071.170931935,24607776.91611315,4132.294,3.98130e14,0.1179,-4.65587e6,2.32962e6,-5.84293e-9
1473090510,28722684.866690043,24594254.16824894,4128.431,3.97396e14,0.3021,-4.65260e6,2.33013e6,-5.84422e-9
1473090540,28705276.446727287,24580795.720575675,4124.481,3.98542e14,0.0146,-4.66021e6,2.33058e6,-5.84536e-9
1473090570,28687846.13476779,24567402.00382525,4120.444,4.00116e14,0.3801,-4.67021e6,2.33098e6,-5.84638e-9
1473090600,28670394.15568178,24554073.4479517,4116.321,4.02714e14,1.0321,-4.68610e6,2.33133e6,-5.84725e-9
1473090630,28652920.73550254,24540810.4820782,4112.110,4.02014e14,0.8564,-4.68260e6,2.33162e6,-5.84799e-9
1473090660,28635426.101388536,24527613.534544177,4107.813,3.95112e14,0.8752,-4.64271e6,2.33186e6,-5.84860e-9
1473090690,28617910.48166811,24514483.03280125,4103.427,3.94558e14,1.0141,-4.63983e6,2.33204e6,-5.84906e-9
1473090720,28600374.105829805,24501419.40340854,4098.955,4.02478e14,0.9727,-4.68641e6,2.33216e6,-5.84938e-9
1473090750,28582817.204525847,24488423.072003536,4094.394,4.00275e14,0.4202,-4.67367e6,2.33223e6,-5.84957e-9
1473090780,28565240.009575684,24475494.463272847,4089.746,3.97715e14,0.2222,-4.65872e6,2.33224e6,-5.84961e-9
1473090810,28547642.75396958,24462634.000922702,4085.009,4.01406e14,0.7038,-4.68023e6,2.33220e6,-5.84951e-9
1473090840,28530025.67187202,24449842.107649423,4080.184,4.00536e14,0.4855,-4.67494e6,2.33210e6,-5.84927e-9
1473090870,28512388.99862527,24437119.205109626,4075.270,3.96206e14,0.6006,-4.64930e6,2.33194e6,-5.84888e-9
1473090900,28494732.970752805,24424465.71389042,4070.267,3.99693e14,0.2741,-4.66927e6,2.33173e6,-5.84835e-9
1473090930,28477057.825953864,24411882.053494696,4065.176,4.01985e14,0.8490,-4.68212e6,2.33145e6,-5.84767e-9
1473090960,28459363.80313411,24399368.642264068,4059.995,3.98534e14,0.0166,-4.66129e6,2.33112e6,-5.84685e-9
1473090990,28441651.142381955,24386925.897395514,4054.725,4.02929e14,1.0860,-4.68620e6,2.33073e6,-5.84588e-9
1473091020,28423920.084980514,24374554.23489611,4049.366,4.03017e14,1.1080,-4.68581e6,2.33028e6,-5.84476e-9
1473091050,28406170.87341089,24362254.069552645,4043.917,4.02489e14,0.9756,-4.68171e6,2.32976e6,-5.84349e-9
1473091080,28388403.751355354,24350025.814901307,4038.378,4.01004e14,0.6030,-4.67189e6,2.32919e6,-5.84207e-9
1473091110,28370618.963700537,24337869.883197132,4032.749,3.95377e14,0.8087,-4.63776e6,2.32856e6,-5.84050e-9
1473091140,28352816.75654059,24325786.6853835,4027.030,3.99417e14,0.2048,-4.65998e6,2.32787e6,-5.83878e-9
1473091170,28334997.377180234,24313776.631061383,4021.221,3.96765e14,0.4604,-4.64300e6,2.32712e6,-5.83690e-9
1473091200,28317161.074137866,24301840.128458682,4015.321,3.92211e14,1.6030,-4.61481e6,2.32631e6,-5.83487e-9
1473091230,28299308.097150225,24289977.58440087,4009.331,3.95234e14,0.8444,-4.63071e6,2.32543e6,-5.83269e-9
1473091260,28281438.697170485,24278189.40427541,4003.249,3.97377e14,0.3069,-4.64134e6,2.32449e6,-5.83035e-9
1473091290,28263553.126375876,24266475.99200552,3997.077,4.01648e14,0.7647,-4.66425e6,2.32350e6,-5.82786e-9
1473091320,28245651.638169155,24254837.750017583,3990.814,4.03522e14,1.2347,-4.67303e6,2.32243e6,-5.82521e-9
1473091350,28227734.487181544,24243275.07921003,3984.459,4.03998e14,1.3541,-4.67355e6,2.32131e6,-5.82240e-9
1473091380,28209801.92927558,24231788.37892217,3978.014,4.05780e14,1.8013,-4.68153e6,2.32012e6,-5.81943e-9
1473091410,28191854.22154797,24220378.04690289,3971.476,4.03527e14,1.2359,-4.66591e6,2.31887e6,-5.81631e-9
1473091440,28173891.622332446,24209044.479279358,3964.847,3.96019e14,0.6476,-4.61962e6,2.31755e6,-5.81302e-9
1473091470,28155914.391202495,24197788.070525646,3958.126,3.96708e14,0.4747,-4.62088e6,2.31617e6,-5.80957e-9
1473091500,28137922.788974106,24186609.213431235,3951.314,4.02656e14,1.0174,-4.65254e6,2.31473e6,-5.80597e-9
1473091530,28119917.07771089,24175508.29905034,3944.409,4.02704e14,1.0295,-4.64979e6,2.31322e6,-5.80219e-9
1473091560,28101897.520719316,24164485.71672948,3937.412,3.95023e14,0.8975,-4.60209e6,2.31165e6,-5.79826e-9
1473091590,28083864.382559057,24153541.854016718,3930.323,3.89012e14,2.4055,-4.56400e6,2.31001e6,-5.79416e-9
1473091620,28065817.929043088,24142677.09664897,3923.141,3.94125e14,1.1227,-4.59024e6,2.30830e6,-5.78990e-9
1473091650,28047758.427240245,24131891.82852015,3915.867,4.01906e14,0.8292,-4.63174e6,2.30653e6,-5.78547e-9
1473091680,28029686.14547777,24121186.431649376,3908.500,4.01306e14,0.6787,-4.62459e6,2.30469e6,-5.78087e-9
1473091710,28011601.35334385,24110561.286149133,3901.040,3.99866e14,0.3176,-4.61245e6,2.30278e6,-5.77611e-9
1473091740,27993504.321690015,24100016.770193353,3893.488,3.96260e14,0.5872,-4.58770e6,2.30081e6,-5.77117e-9
1473091770,27975395.322633594,24089553.259985562,3885.842,4.00706e14,0.5282,-4.60927e6,2.29877e6,-5.76607e-9
1473091800,27957274.629560012,24079171.129727077,3878.103,4.04874e14,1.5738,-4.62906e6,2.29666e6,-5.76080e-9
1473091830,27939142.517126363,24068870.75161486,3870.272,4.02755e14,1.0424,-4.61249e6,2.29449e6,-5.75536e-9
1473091860,27920999.261260152,24058652.495718062,3862.347,4.00825e14,0.5580,-4.59689e6,2.29225e6,-5.74975e-9
1473091890,27902845.139164694,24048516.730038054,3854.328,3.96924e14,0.4205,-4.56985e6,2.28993e6,-5.74397e-9
1473091920,27884680.42932033,24038463.82044718,3846.217,3.96899e14,0.4269,-4.56496e6,2.28755e6,-5.73801e-9
1473091950,27866505.41148648,24028494.130657326,3838.011,3.98504e14,0.0242,-4.56928e6,2.28510e6,-5.73188e-9
1473091980,27848320.366703775,24018608.02218838,3829.712,4.04040e14,1.3646,-4.59594e6,2.28258e6,-5.72558e-9
1473092010,27830125.577296015,24008805.854336962,3821.320,3.94849e14,0.9411,-4.53817e6,2.27999e6,-5.71910e-9
1473092040,27811921.32687214,23999087.984144974,3812.833,3.89495e14,2.2843,-4.50230e6,2.27733e6,-5.71245e-9
1473092070,27793707.900328126,23989454.766368326,3804.253,3.96668e14,0.4847,-4.53784e6,2.27460e6,-5.70562e-9
1473092100,27775485.58384878,23979906.553445663,3795.579,3.97169e14,0.3592,-4.53511e6,2.27180e6,-5.69861e-9
1473092130,27757254.66489953,23970443.695440806,3786.811,3.98127e14,0.1187,-4.53484e6,2.26893e6,-5.69143e-9
1473092160,27739015.432258777,23961066.54009293,3777.949,3.97954e14,0.1622,-4.52799e6,2.26599e6,-5.68406e-9
1473092190,27720768.175989132,23951775.432703923,3768.993,3.96980e14,0.4066,-4.51644e6,2.26298e6,-5.67652e-9
1473092220,27702513.18744869,23942570.71613354,3759.942,3.97995e14,0.1520,-4.51604e6,2.25989e6,-5.66880e-9
1473092250,27684250.759292502,23933452.730768226,3750.798,3.96117e14,0.6230,-4.49911e6,2.25673e6,-5.66090e-9
1473092280,27665981.18547388,23924421.81449008,3741.559,3.95048e14,0.8913,-4.48664e6,2.25350e6,-5.65282e-9
1473092310,27647704.761245783,23915478.302645814,3732.226,4.03057e14,1.1181,-4.52528e6,2.25020e6,-5.64456e-9
1473092340,27629421.78316202,23906622.528015856,3722.799,4.00231e14,0.4090,-4.50257e6,2.24683e6,-5.63611e-9
1473092370,27611132.549078457,23897854.820783537,3713.278,3.93578e14,1.2601,-4.45823e6,2.24338e6,-5.62748e-9
1473092400,27592837.358154085,23889175.508504376,3703.662,3.95646e14,0.7413,-4.46286e6,2.23986e6,-5.61867e-9
1473092430,27574536.510870874,23880584.91608838,3693.952,3.96883e14,0.4310,-4.46265e6,2.23627e6,-5.60968e-9
1473092460,27556230.30897722,23872083.365729734,3684.147,3.95188e14,0.8560,-4.44585e6,2.23260e6,-5.60050e-9
1473092490,27537919.055546187,23863671.176916562,3674.248,3.94892e14,0.9304,-4.43675e6,2.22886e6,-5.59114e-9
1473092520,27519603.054958098,23855348.66638777,3664.254,4.00028e14,0.3581,-4.45783e6,2.22504e6,-5.58159e-9
1473092550,27501282.61290141,23847116.148103107,3654.166,4.00465e14,0.4677,-4.45248e6,2.22116e6,-5.57185e-9
1473092580,27482958.036373574,23838973.93321336,3643.984,3.98918e14,0.0797,-4.43595e6,2.21719e6,-5.56193e-9
1473092610,27464629.633681912,23830922.33003066,3633.707,4.00039e14,0.3608,-4.43410e6,2.21315e6,-5.55182e-9
1473092640,27446297.714444224,23822961.64399904,3623.336,3.95519e14,0.7731,-4.40082e6,2.20904e6,-5.54152e-9
1473092670,27427962.58958953,23815092.177665044,3612.870,4.00070e14,0.3688,-4.41766e6,2.20485e6,-5.53104e-9
1473092700,27409624.571358524,23807314.23064858,3602.310,4.00177e14,0.3955,-4.40971e6,2.20059e6,-5.52036e-9
1473092730,27391283.973279215,23799628.09961356,3591.656,3.90417e14,2.0531,-4.34725e6,2.19625e6,-5.50950e-9
1473092760,27372941.110243946,23792034.07824051,3580.907,3.95339e14,0.8182,-4.36559e6,2.19184e6,-5.49845e-9
1473092790,27354596.298433058,23784532.45719633,3570.064,4.00454e14,0.4651,-4.38472e6,2.18734e6,-5.48720e-9
1473092820,27336249.855339635,23777123.524106443,3559.126,4.00371e14,0.4442,-4.37512e6,2.18278e6,-5.47577e-9
1473092850,27317902.099769436,23769807.563526608,3548.095,4.02501e14,0.9784,-4.37746e6,2.17813e6,-5.46414e-9
1473092880,27299553.351840734,23762584.856914897,3536.968,3.99691e14,0.2736,-4.35266e6,2.17342e6,-5.45233e-9
1473092910,27281203.932984076,23755455.682603903,3525.748,3.97255e14,0.3375,-4.32981e6,2.16862e6,-5.44032e-9
1473092940,27262854.16594191,23748420.315773215,3514.434,3.94762e14,0.9631,-4.30656e6,2.16375e6,-5.42812e-9
1473092970,27244504.37476815,23741479.028421953,3503.025,3.96879e14,0.4318,-4.30819e6,2.15880e6,-5.41572e-9
1473093000,27226154.884827696,23734632.08934178,3491.523,4.01106e14,0.6287,-4.32100e6,2.15377e6,-5.40314e-9
1473093030,27207806.02282404,23727879.76408612,3479.926,3.98485e14,0.0291,-4.29664e6,2.14867e6,-5.39036e-9
1473093060,27189458.116711684,23721222.31495513,3468.236,3.97086e14,0.3800,-4.27877e6,2.14349e6,-5.37738e-9
1473093090,27171111.49578229,23714660.000957835,3456.451,3.98503e14,0.0244,-4.27588e6,2.13823e6,-5.36421e-9
1473093120,27152766.490636017,23708193.07778961,3444.573,4.01374e14,0.6959,-4.28059e6,2.13289e6,-5.35085e-9
1473093150,27134423.433180682,23701821.79780619,3432.602,3.98840e14,0.0600,-4.25620e6,2.12748e6,-5.33729e-9
1473093180,27116082.656631056,23695546.409998048,3420.536,3.99943e14,0.3369,-4.25110e6,2.12199e6,-5.32354e-9
1473093210,27097744.495507885,23689367.159964938,3408.377,4.01843e14,0.8135,-4.25004e6,2.11642e6,-5.30959e-9
1473093240,27079409.285636872,23683284.28989076,3396.125,4.02197e14,0.9023,-4.24058e6,2.11077e6,-5.29545e-9
1473093270,27061077.3641476,23677298.038518656,3383.779,4.02004e14,0.8538,-4.22807e6,2.10504e6,-5.28111e-9
1473093300,27042749.06947226,23671408.64112642,3371.340,3.91952e14,1.6679,-4.16348e6,2.09924e6,-5.26657e-9
1473093330,27024424.74131778,23665616.329504486,3358.808,3.94393e14,1.0555,-4.16464e6,2.09335e6,-5.25183e-9
1473093360,27006104.72074607,23659921.331924908,3346.183,3.96399e14,0.5522,-4.16330e6,2.08739e6,-5.23690e-9
1473093390,26987789.350090757,23654323.873124514,3333.465,3.95767e14,0.7109,-4.14796e6,2.08135e6,-5.22177e-9
1473093420,26969478.97298163,23648824.174279355,3320.655,4.01666e14,0.7690,-4.16649e6,2.07523e6,-5.20645e-9
1473093450,26951173.93434262,23643422.45298152,3307.751,3.97551e14,0.2634,-4.13269e6,2.06904e6,-5.19093e-9
1473093480,26932874.58038967,23638118.92321643,3294.756,3.95728e14,0.7207,-4.11073e6,2.06276e6,-5.17521e-9
1473093510,26914581.258628454,23632913.795340326,3281.667,3.97167e14,0.3595,-4.10551e6,2.05640e6,-5.15929e-9
1473093540,26896294.31785195,23627807.276058167,3268.487,3.97722e14,0.2204,-4.09552e6,2.04997e6,-5.14317e-9
1473093570,26878014.10813796,23622799.568401802,3255.215,4.00395e14,0.4502,-4.09622e6,2.04346e6,-5.12686e-9
1473093600,26859740.980846435,23617890.871708535,3241.850,4.03574e14,1.2478,-4.09927e6,2.03686e6,-5.11034e-9
1473093630,26841475.28863372,23613081.381596725,3228.394,4.06833e14,2.0654,-4.10245e6,2.03019e6,-5.09363e-9
1473093660,26823217.385397542,23608371.28995501,3214.846,3.98628e14,0.0070,-4.04717e6,2.02344e6,-5.07672e-9
1473093690,26804967.626326066,23603760.78491186,3201.207,3.96679e14,0.4821,-4.02365e6,2.01661e6,-5.05961e-9
1473093720,26786726.367878094,23599250.05081876,3187.476,4.01464e14,0.7184,-4.03401e6,2.00970e6,-5.04231e-9
1473093750,26768493.967780083,23594839.268230457,3173.655,3.98158e14,0.1109,-4.00338e6,2.00272e6,-5.02480e-9
1473093780,26750270.78502286,23590528.613885563,3159.742,3.99560e14,0.2407,-3.99628e6,1.99565e6,-5.00709e-9
1473093810,26732057.179858435,23586318.26068766,3145.739,3.97646e14,0.2394,-3.97244e6,1.98850e6,-4.98919e-9
1473093840,26713853.513796512,23582208.377686586,3131.645,3.94161e14,1.1138,-3.94068e6,1.98128e6,-4.97109e-9
1473093870,26695660.14960099,23578199.130060263,3117.461,3.90761e14,1.9668,-3.90933e6,1.97397e6,-4.95279e-9
1473093900,26677477.451286327,23574290.67909685,3103.187,3.96256e14,0.5882,-3.92183e6,1.96659e6,-4.93429e-9
1473093930,26659305.78411292,23570483.182183,3088.823,4.02433e14,0.9615,-3.93732e6,1.95912e6,-4.91559e-9
1473093960,26641145.514585514,23566776.792769104,3074.369,4.00842e14,0.5623,-3.91438e6,1.95158e6,-4.89669e-9
1473093990,26622997.010447152,23563171.660370458,3059.825,4.01952e14,0.8409,-3.90452e6,1.94396e6,-4.87760e-9
1473094020,26604860.6406756,23559667.930545237,3045.193,4.02475e14,0.9721,-3.89160e6,1.93626e6,-4.85830e-9
1473094050,26586736.775478926,23556265.744878735,3030.471,4.00907e14,0.5787,-3.86839e6,1.92848e6,-4.83881e-9
1473094080,26568625.786291122,23552965.240967892,3015.661,3.96662e14,0.4864,-3.83218e6,1.92062e6,-4.81912e-9
1473094110,26550528.045767393,23549766.552406352,3000.761,4.00845e14,0.5630,-3.83643e6,1.91268e6,-4.79923e-9
1473094140,26532443.927779373,23546669.808769863,2985.774,3.99836e14,0.3099,-3.81553e6,1.90466e6,-4.77914e-9
1473094170,26514373.807410184,23543675.135602083,2970.699,3.99680e14,0.2707,-3.79859e6,1.89657e6,-4.75886e-9
1473094200,26496318.060949314,23540782.654400833,2955.535,4.07557e14,2.2469,-3.81955e6,1.88839e6,-4.73838e-9
1473094230,26478277.065872353,23537992.482596967,2940.285,3.99129e14,0.1326,-3.76311e6,1.88014e6,-4.71770e-9
1473094260,26460251.20088196,23535304.733565666,2924.946,3.89872e14,2.1898,-3.70297e6,1.87181e6,-4.69682e-9
1473094290,26442240.845855482,23532719.516589567,2909.521,3.97501e14,0.2758,-3.72201e6,1.86340e6,-4.67575e-9
1473094320,26424246.381854236,23530236.936854508,2894.009,4.04662e14,1.5208,-3.73840e6,1.85491e6,-4.65448e-9
1473094350,26406268.19111752,23527857.095437955,2878.411,3.99455e14,0.2144,-3.69702e6,1.84634e6,-4.63301e-9
1473094380,26388306.657056462,23525580.08929767,2862.727,3.94536e14,1.0197,-3.65704e6,1.83770e6,-4.61135e-9
1473094410,26370362.164247632,23523406.01126102,2846.956,3.98627e14,0.0068,-3.65847e6,1.82897e6,-4.58949e-9
1473094440,26352435.098426618,23521334.95001458,2831.100,4.04683e14,1.5261,-3.66854e6,1.82017e6,-4.56744e-9
1473094470,26334525.84648134,23519366.990094204,2815.159,4.02224e14,0.9092,-3.63948e6,1.81129e6,-4.54519e-9
1473094500,26316634.79644532,23517502.21187567,2799.133,4.00658e14,0.5162,-3.61441e6,1.80234e6,-4.52274e-9
1473094530,26298762.33751532,23515740.69157092,2783.022,4.07237e14,2.1666,-3.62591e6,1.79330e6,-4.50010e-9
1473094560,26280908.859968334,23514082.50120311,2766.826,4.05959e14,1.8462,-3.60178e6,1.78419e6,-4.47727e-9
1473094590,26263074.755230717,23512527.70861525,2750.547,3.98791e14,0.0479,-3.55132e6,1.77500e6,-4.45425e-9
1473094620,26245260.41584623,23511076.37745712,2734.184,3.98303e14,0.0747,-3.53063e6,1.76574e6,-4.43103e-9
1473094650,26227466.23546866,23509728.56717822,2717.738,3.98410e14,0.0477,-3.51243e6,1.75639e6,-4.40761e-9
1473094680,26209692.608854335,23508484.33302113,2701.208,3.95498e14,0.7782,-3.48084e6,1.74697e6,-4.38401e-9
1473094710,26191939.931854405,23507343.726015378,2684.596,4.00736e14,0.5358,-3.48477e6,1.73748e6,-4.36021e-9
1473094740,26174208.601406984,23506306.792971667,2667.902,3.96537e14,0.5176,-3.44738e6,1.72791e6,-4.33623e-9
1473094770,26156499.015529115,23505373.57647673,2651.125,3.90473e14,2.0390,-3.40200e6,1.71826e6,-4.31205e-9
1473094800,26138811.573308505,23504544.11488845,2634.267,3.99488e14,0.2227,-3.42141e6,1.70854e6,-4.28768e-9
1473094830,26121146.674867243,23503818.44232949,2617.328,3.98996e14,0.0992,-3.39970e6,1.69874e6,-4.26312e-9
1473094860,26103504.72143935,23503196.58869029,2600.308,3.98404e14,0.0494,-3.37745e6,1.68886e6,-4.23837e-9
1473094890,26085886.115275487,23502678.579618677,2583.208,3.95528e14,0.7709,-3.34544e6,1.67891e6,-4.21344e-9
1473094920,26068291.259661708,23502264.436519336,2566.027,3.99310e14,0.1779,-3.34132e6,1.66889e6,-4.18831e-9
1473094950,26050720.558910154,23501954.176551275,2548.766,4.04206e14,1.4062,-3.34150e6,1.65879e6,-4.16300e-9
1473094980,26033174.41834948,23501747.812626008,2531.427,3.98608e14,0.0019,-3.29786e6,1.64862e6,-4.13750e-9
1473095010,26015653.24431509,23501645.353406005,2514.008,3.97290e14,0.3287,-3.27195e6,1.63837e6,-4.11182e-9
1473095040,25998157.44413923,23501646.80330374,2496.511,4.01556e14,0.7416,-3.26878e6,1.62805e6,-4.08595e-9
1473095070,25980687.426140834,23501752.162481096,2478.935,3.97804e14,0.1998,-3.23269e6,1.61765e6,-4.05989e-9
1473095100,25963243.599615254,23501961.426849447,2461.282,3.88999e14,2.4089,-3.17627e6,1.60718e6,-4.03365e-9
1473095130,25945826.374852132,23502274.588069744,2443.552,3.97932e14,0.1676,-3.19125e6,1.59664e6,-4.00723e-9
1473095160,25928436.163037423,23502691.6335541,2425.745,3.97571e14,0.2582,-3.16861e6,1.58603e6,-3.98062e-9
1473095190,25911073.37633016,23503212.54646664,2407.861,3.92011e14,1.6532,-3.12529e6,1.57534e6,-3.95384e-9
1473095220,25893738.427823294,23503837.30572549,2389.901,4.00383e14,0.4473,-3.13683e6,1.56458e6,-3.92687e-9
1473095250,25876431.731532764,23504565.88600507,2371.866,3.94419e14,1.0489,-3.09188e6,1.55375e6,-3.89972e-9
1473095280,25859153.702386282,23505398.257738944,2353.755,3.96552e14,0.5139,-3.07845e6,1.54285e6,-3.87239e-9
1473095310,25841904.75621206,23506334.387123067,2335.570,4.01340e14,0.6872,-3.07498e6,1.53188e6,-3.84489e-9
1473095340,25824685.309727225,23507374.236119535,2317.311,4.02623e14,1.0092,-3.05773e6,1.52083e6,-3.81720e-9
1473095370,25807495.780526098,23508517.76246073,2298.978,4.05377e14,1.7000,-3.04583e6,1.50972e6,-3.78934e-9
1473095400,25790336.587068237,23509764.91965408,2280.572,4.02685e14,1.0247,-3.01315e6,1.49853e6,-3.76130e-9
1473095430,25773208.14864154,23511115.65698454,2262.092,3.99871e14,0.3188,-2.98003e6,1.48728e6,-3.73309e-9
1473095460,25756110.885426175,23512569.919528287,2243.541,3.95464e14,0.7869,-2.94103e6,1.47595e6,-3.70470e-9
1473095490,25739045.218405616,23514127.648150668,2224.918,3.96942e14,0.4160,-2.92378e6,1.46456e6,-3.67614e-9
1473095520,25722011.5693783,23515788.779515408,2206.223,3.99896e14,0.3249,-2.91168e6,1.45310e6,-3.64741e-9
1473095550,25705010.360944524,23517553.24609154,2187.457,3.91076e14,1.8878,-2.85668e6,1.44157e6,-3.61851e-9
1473095580,25688042.016492974,23519420.976160873,2168.621,3.89894e14,2.1842,-2.82947e6,1.42997e6,-3.58943e-9
1473095610,25671106.96018715,23521391.893825922,2149.715,4.05184e14,1.6517,-2.86084e6,1.41831e6,-3.56019e-9
1473095640,25654205.616951518,23523465.919018246,2130.740,4.00986e14,0.5985,-2.82237e6,1.40658e6,-3.53078e-9
1473095670,25637338.41245747,23525642.967507306,2111.695,3.96447e14,0.5403,-2.78282e6,1.39478e6,-3.50120e-9
1473095700,25620505.773109056,23527922.950909737,2092.583,4.04669e14,1.5224,-2.78770e6,1.38291e6,-3.47145e-9
1473095730,25603708.126044247,23530305.776705667,2073.402,4.09752e14,2.7976,-2.78116e6,1.37098e6,-3.44154e-9
1473095760,25586945.899072025,23532791.348228797,2054.155,3.97584e14,0.2551,-2.71533e6,1.35898e6,-3.41147e-9
1473095790,25570219.520705726,23535379.56469712,2034.840,3.97862e14,0.1852,-2.69219e6,1.34692e6,-3.38123e-9
1473095820,25553529.420132577,23538070.321217604,2015.459,3.99563e14,0.2414,-2.67366e6,1.33480e6,-3.35083e-9
1473101430,23537992.482596967,25554418.74959693,2016.426,3.97211e14,0.3487,2.66804e6,-1.33646e6,3.35233e-9
1473101460,23535304.733565666,25571113.923032906,2035.809,3.95194e14,0.8547,2.68540e6,-1.34856e6,3.38273e-9
1473101490,23532719.516589567,25587845.366769902,2055.126,4.02714e14,1.0320,2.73506e6,-1.36061e6,3.41297e-9
1473101520,23530236.936854508,25604612.651330907,2074.376,4.00668e14,0.5188,2.75210e6,-1.37258e6,3.44305e-9
1473101550,23527857.095437955,25621415.347914204,2093.558,3.95538e14,0.7684,2.75818e6,-1.38449e6,3.47296e-9
1473101580,23525580.08929767,25638253.028408147,2112.673,3.96457e14,0.5378,2.78501e6,-1.39634e6,3.50270e-9
1473101610,23523406.01126102,25655125.265405852,2131.719,3.99481e14,0.2210,2.81920e6,-1.40812e6,3.53228e-9
1473101640,23521334.95001458,25672031.632219497,2150.697,3.98753e14,0.0382,2.84007e6,-1.41983e6,3.56170e-9
1473101670,23519366.990094204,25688971.70289455,2169.605,3.96464e14,0.5360,2.85515e6,-1.43148e6,3.59094e-9
1473101700,23517502.21187567,25705945.05222379,2188.443,4.01223e14,0.6580,2.89549e6,-1.44305e6,3.62002e-9
1473101730,23515740.69157092,25722951.25580094,2207.211,4.06524e14,1.9878,2.93794e6,-1.45456e6,3.64892e-9
1473101760,23514082.50120311,25739989.889911402,2225.907,4.05410e14,1.7084,2.95696e6,-1.46601e6,3.67765e-9
1473101790,23512527.70861525,25757060.53166899,2244.533,3.98746e14,0.0365,2.95522e6,-1.47738e6,3.70621e-9
1473101820,23511076.37745712,25774162.758989576,2263.086,3.97509e14,0.2739,2.97322e6,-1.48868e6,3.73460e-9
1473101850,23509728.56717822,25791296.150604397,2281.568,4.05824e14,1.8122,3.02695e6,-1.49992e6,3.76281e-9
1473101880,23508484.33302113,25808460.28607317,2299.976,4.00124e14,0.3822,3.02789e6,-1.51108e6,3.79085e-9
1473101910,23507343.726015378,25825654.745797135,2318.311,4.03116e14,1.1330,3.06156e6,-1.52217e6,3.81871e-9
1473101940,23506306.792971667,25842879.111031704,2336.572,4.04130e14,1.3874,3.08764e6,-1.53320e6,3.84640e-9
1473101970,23505373.57647673,25860132.96389899,2354.759,3.90376e14,2.0634,3.05643e6,-1.54415e6,3.87390e-9
1473102000,23504544.11488845,25877415.887400176,2372.872,3.92529e14,1.5233,3.08638e6,-1.55503e6,3.90123e-9
1473102030,23503818.44232949,25894727.465382174,2390.909,4.01952e14,0.8407,3.14486e6,-1.56584e6,3.92838e-9
1473102060,23503196.58869029,25912067.282689575,2408.871,4.00117e14,0.3805,3.15918e6,-1.57658e6,3.95535e-9
1473102090,23502678.579618677,25929434.925035734,2426.756,3.92887e14,1.4334,3.15177e6,-1.58725e6,3.98213e-9
1473102120,23502264.436519336,25946829.979059447,2444.566,3.93492e14,1.2816,3.17525e6,-1.59784e6,4.00874e-9
1473102150,23501954.176551275,25964252.032335833,2462.298,3.97816e14,0.1967,3.21361e6,-1.60836e6,4.03516e-9
1473102180,23501747.812626008,25981700.67338706,2479.953,4.02283e14,0.9239,3.25264e6,-1.61881e6,4.06140e-9
1473102210,23501645.353406005,25999175.491692856,2497.530,3.97597e14,0.2519,3.25434e6,-1.62918e6,4.08745e-9
1473102240,23501646.80330374,26016676.07770081,2515.029,3.98484e14,0.0292,3.27858e6,-1.63948e6,4.11332e-9
1473102270,23501752.162481096,26034202.02283656,2532.450,4.00893e14,0.5753,3.30901e6,-1.64971e6,4.13901e-9
1473102300,23501961.426849447,26051752.91951374,2549.791,3.96807e14,0.4500,3.31237e6,-1.65986e6,4.16451e-9
1473102330,23502274.588069744,26069328.36118768,2567.054,3.98363e14,0.0595,3.33901e6,-1.66994e6,4.18982e-9
1473102360,23502691.6335541,26086927.942229565,2584.236,3.97767e14,0.2091,3.35651e6,-1.67995e6,4.21494e-9
1473102390,23503212.54646664,26104551.258071885,2601.339,3.99298e14,0.1750,3.38285e6,-1.68988e6,4.23988e-9
1473102420,23503837.30572549,26122197.905174,2618.361,4.02276e14,0.9222,3.41529e6,-1.69973e6,4.26463e-9
1473102450,23504565.88600507,26139867.481031638,2635.302,4.02740e14,1.0385,3.43693e6,-1.70951e6,4.28918e-9
1473102480,23505398.257738944,26157559.584186163,2652.161,4.00036e14,0.3600,3.44478e6,-1.71921e6,4.31355e-9
1473102510,23506334.387123067,26175273.814233728,2668.939,4.00195e14,0.4000,3.46477e6,-1.72884e6,4.33773e-9
1473102540,23507374.236119535,26193009.771834187,2685.636,4.06619e14,2.0117,3.51195e6,-1.73839e6,4.36172e-9
1473102570,23508517.76246073,26210767.058719903,2702.249,4.07790e14,2.3054,3.53623e6,-1.74786e6,4.38551e-9
1473102600,23509764.91965408,26228545.2777043,2718.780,4.08030e14,2.3656,3.55631e6,-1.75726e6,4.40912e-9
1473102630,23511115.65698454,26246344.03265727,2735.228,4.06227e14,1.9133,3.56719e6,-1.76658e6,4.43253e-9
1473102660,23512569.919528287,26264162.928615253,2751.593,4.00295e14,0.4251,3.55944e6,-1.77583e6,4.45575e-9
1473102690,23514127.648150668,26282001.57168702,2767.874,3.98217e14,0.0961,3.56852e6,-1.78499e6,4.47877e-9
1473102720,23515788.779515408,26299859.569094397,2784.071,3.98247e14,0.0886,3.58684e6,-1.79408e6,4.50160e-9
1473102750,23517553.24609154,26317736.52917964,2800.183,3.96377e14,0.5579,3.59640e6,-1.80310e6,4.52424e-9
1473102780,23519420.976160873,26335632.061412662,2816.211,3.92042e14,1.6455,3.59452e6,-1.81203e6,4.54668e-9
1473102810,23521391.893825922,26353545.776398093,2832.154,4.00818e14,0.5562,3.65220e6,-1.82089e6,4.56893e-9
1473102840,23523465.919018246,26371477.28588209,2848.011,4.02368e14,0.9452,3.67694e6,-1.82967e6,4.59099e-9
1473102870,23525642.967507306,26389426.202759102,2863.783,3.95217e14,0.8487,3.66145e6,-1.83838e6,4.61284e-9
1473102900,23527922.950909737,26407392.14107834,2879.469,4.02301e14,0.9284,3.71147e6,-1.84700e6,4.63450e-9
1473102930,23530305.776705667,26425374.71606408,2895.069,4.06034e14,1.8650,3.74603e6,-1.85555e6,4.65597e-9
1473102960,23532791.348228797,26443373.544078942,2910.582,4.02897e14,1.0779,3.74846e6,-1.86401e6,4.67724e-9
1473102990,23535379.56469712,26461388.242673032,2926.009,3.99958e14,0.3406,3.75153e6,-1.87240e6,4.69831e-9
1473103020,23538070.321217604,26479418.43057598,2941.348,3.90576e14,2.0131,3.72392e6,-1.88072e6,4.71919e-9
1473103050,23540863.508797757,26497463.727702852,2956.600,3.95434e14,0.7944,3.76325e6,-1.88895e6,4.73986e-9
1473103080,23543759.014357746,26515523.75515981,2971.765,3.99746e14,0.2874,3.80003e6,-1.89710e6,4.76034e-9
1473103110,23546756.720742796,26533598.13524977,2986.841,3.97342e14,0.3157,3.80472e6,-1.90518e6,4.78063e-9
1473103140,23549856.506736133,26551686.49147783,3001.830,4.00235e14,0.4100,3.83459e6,-1.91318e6,4.80071e-9
1473103170,23553058.24707234,26569788.44855654,3016.730,3.95807e14,0.7007,3.82912e6,-1.92109e6,4.82060e-9
1473103200,23556361.812451087,26587903.632411126,3031.542,3.98507e14,0.0234,3.85782e6,-1.92893e6,4.84029e-9
1473103230,23559767.069542795,26606031.670189224,3046.265,4.04260e14,1.4198,3.90131e6,-1.93669e6,4.85978e-9
1473103260,23563273.881029442,26624172.190251246,3060.898,4.01190e14,0.6497,3.90181e6,-1.94437e6,4.87907e-9
1473103290,23566882.105593454,26642324.822189726,3075.443,3.92851e14,1.4425,3.87622e6,-1.95198e6,4.89816e-9
1473103320,23570591.597941484,26660489.196829222,3089.898,3.93945e14,1.1681,3.89655e6,-1.95950e6,4.91706e-9
1473103350,23574402.20882012,26678664.946230885,3104.263,4.00091e14,0.3739,3.94169e6,-1.96694e6,4.93576e-9
1473103380,23578313.785032053,26696851.703696843,3118.538,4.02540e14,0.9884,3.96859e6,-1.97431e6,4.95425e-9
1473103410,23582326.169452637,26715049.103774413,3132.723,4.00018e14,0.3557,3.97070e6,-1.98159e6,4.97255e-9
1473103440,23586439.201046795,26733256.782260243,3146.818,4.02270e14,0.9207,3.99639e6,-1.98880e6,4.99065e-9
1473103470,23590652.714886326,26751474.376204252,3160.822,4.00895e14,0.5756,4.00383e6,-1.99593e6,5.00855e-9
1473103500,23594966.542167637,26769701.52391347,3174.735,3.98276e14,0.0813,4.00481e6,-2.00297e6,5.02626e-9
1473103530,23599380.510234218,26787937.864944234,3188.557,4.02581e14,0.9986,4.04047e6,-2.00994e6,5.04376e-9
1473103560,23603894.442581695,26806183.040141076,3202.289,4.00172e14,0.3943,4.04213e6,-2.01683e6,5.06106e-9
1473103590,23608508.158889946,26824436.691604745,3215.929,3.95861e14,0.6872,4.03389e6,-2.02364e6,5.07817e-9
1473103620,23613221.475038096,26842698.462706808,3229.477,3.99326e14,0.1821,4.06497e6,-2.03038e6,5.09508e-9
1473103650,23618034.203124154,26860967.99809269,3242.934,4.01791e14,0.8004,4.09090e6,-2.03703e6,5.11179e-9
1473103680,23622946.15148498,26879244.943684567,3256.299,3.94155e14,1.1152,4.06495e6,-2.04360e6,5.12830e-9
1473103710,23627957.124716688,26897528.9466842,3269.572,4.00758e14,0.5413,4.11184e6,-2.05010e6,5.14461e-9
1473103740,23633066.923695344,26915819.65557552,3282.753,4.07319e14,2.1874,4.15857e6,-2.05651e6,5.16072e-9
1473103770,23638275.345598042,26934116.720127158,3295.841,4.07325e14,2.1888,4.17142e6,-2.06285e6,5.17664e-9
1473103800,23643582.18392432,26952419.79139486,3308.838,4.04001e14,1.3550,4.16683e6,-2.06911e6,5.19236e-9
1473103830,23648987.22852124,26970728.521727275,3321.741,3.97522e14,0.2705,4.14553e6,-2.07529e6,5.20788e-9
1473103860,23654490.265595157,26989042.56475729,3334.552,3.96964e14,0.4105,4.15481e6,-2.08139e6,5.22320e-9
1473103890,23660091.077744726,27007361.575414907,3347.270,3.98785e14,0.0462,4.17637e6,-2.08741e6,5.23832e-9
1473103920,23665789.44398013,27025685.209925696,3359.896,4.00271e14,0.4192,4.19608e6,-2.09335e6,5.25325e-9
1473103950,23671585.139746297,27044013.12581268,3372.428,4.05866e14,1.8227,4.23731e6,-2.09922e6,5.26798e-9
1473103980,23677477.936946176,27062344.981898066,3384.867,4.01876e14,0.8218,4.22792e6,-2.10500e6,5.28252e-9
1473104010,23683467.60396452,27080680.438304976,3397.213,3.95579e14,0.7581,4.20603e6,-2.11071e6,5.29685e-9
1473104040,23689553.905691866,27099019.15645895,3409.465,4.00445e14,0.4626,4.24310e6,-2.11634e6,5.31099e-9
1473104070,23695736.603548802,27117360.799089435,3421.624,3.99110e14,0.1279,4.24713e6,-2.12190e6,5.32494e-9
1473104100,23702015.455510546,27135705.03023116,3433.690,4.00487e14,0.4734,4.26545e6,-2.12737e6,5.33869e-9
1473104130,23708390.21611951,27154051.51523537,3445.661,3.95258e14,0.8386,4.24828e6,-2.13277e6,5.35224e-9
1473104160,23714860.636548348,27172399.920740306,3457.539,3.89570e14,2.2655,4.22836e6,-2.13809e6,5.36560e-9
1473104190,23721426.464587204,27190749.914703123,3469.323,3.97472e14,0.2830,4.28124e6,-2.14333e6,5.37877e-9
1473104220,23728087.444681622,27209101.16639103,3481.014,3.98460e14,0.0352,4.29688e6,-2.14849e6,5.39174e-9
1473104250,23734843.317958355,27227453.346382167,3492.610,4.01255e14,0.6661,4.32217e6,-2.15358e6,5.40451e-9
1473104280,23741693.82225146,27245806.12656657,3504.112,4.02137e14,0.8873,4.33701e6,-2.15859e6,5.41710e-9
1473104310,23748638.69212865,27264159.18014688,3515.520,3.99398e14,0.2002,4.33205e6,-2.16352e6,5.42949e-9
1473104340,23755677.65891783,27282512.181639105,3526.835,4.02338e14,0.9376,4.35777e6,-2.16838e6,5.44168e-9
1473104370,23762810.450733956,27300864.80687313,3538.054,4.03102e14,1.1292,4.37155e6,-2.17316e6,5.45369e-9
1473104400,23770036.7925061,27319216.73299321,3549.180,4.00525e14,0.4829,4.36693e6,-2.17786e6,5.46550e-9
1473104430,23777356.406023882,27337567.638441104,3560.211,3.94202e14,1.1036,4.34158e6,-2.18249e6,5.47712e-9
1473104460,23784769.009906057,27355917.203009583,3571.148,3.94741e14,0.9683,4.35360e6,-2.18704e6,5.48855e-9
1473104490,23792274.319687475,27374265.107789196,3581.991,4.02319e14,0.9328,4.40418e6,-2.19151e6,5.49979e-9
1473104520,23799872.047828026,27392611.035185475,3592.739,4.03329e14,1.1862,4.41859e6,-2.19591e6,5.51084e-9
1473104550,23807561.90374103,27410954.668918855,3603.393,4.00544e14,0.4875,4.41192e6,-2.20024e6,5.52170e-9
1473104580,23815343.593821708,27429295.694024358,3613.952,3.99810e14,0.3034,4.41638e6,-2.20449e6,5.53237e-9
1473104610,23823216.821476065,27447633.796851385,3624.417,3.95681e14,0.7324,4.40186e6,-2.20866e6,5.54285e-9
1473104640,23831181.287149698,27465968.66506318,3634.787,3.98766e14,0.0416,4.42716e6,-2.21276e6,5.55314e-9
1473104670,23839236.688356977,27484299.987636447,3645.063,3.98381e14,0.0550,4.43307e6,-2.21678e6,5.56324e-9
1473104700,23847382.719710283,27502627.454860702,3655.245,4.00867e14,0.5685,4.45482e6,-2.22073e6,5.57316e-9
1473104730,23855619.072929647,27520950.7583543,3665.332,3.98520e14,0.0203,4.44950e6,-2.22461e6,5.58289e-9
1473104760,23863945.436933465,27539269.59101249,3675.324,3.97342e14,0.3156,4.45052e6,-2.22841e6,5.59244e-9
1473104790,23872361.49780694,27557583.64705801,3685.222,3.99389e14,0.1978,4.46943e6,-2.23213e6,5.60179e-9
1473104820,23880866.93885167,27575892.622023676,3695.026,3.92862e14,1.4397,4.44012e6,-2.23579e6,5.61097e-9
1473104850,23889461.44061546,27594196.212751653,3704.735,4.01212e14,0.6552,4.49416e6,-2.23937e6,5.61996e-9
1473104880,23898144.68092236,27612494.117392562,3714.349,4.05435e14,1.7147,4.52497e6,-2.24287e6,5.62876e-9
1473104910,23906916.334902752,27630786.035404548,3723.870,4.01420e14,0.7074,4.50927e6,-2.24631e6,5.63738e-9
1473104940,23915776.075023618,27649071.6675523,3733.296,4.02037e14,0.8620,4.51949e6,-2.24967e6,5.64582e-9
1473104970,23924723.571118858,27667350.71590596,3742.627,4.03385e14,1.2003,4.53373e6,-2.25295e6,5.65408e-9
1473105000,23933758.490419816,27685622.883840006,3751.864,3.99965e14,0.3423,4.52084e6,-2.25617e6,5.66216e-9
1473105030,23942880.4975986,27703887.87601723,3761.007,4.00088e14,0.3731,4.52783e6,-2.25931e6,5.67005e-9
1473105060,23952089.254759513,27722145.398433056,3770.056,3.98652e14,0.0130,4.52584e6,-2.26239e6,5.67777e-9
1473105090,23961384.421509128,27740395.158368494,3779.011,3.95709e14,0.7254,4.51511e6,-2.26539e6,5.68530e-9
1473105120,23970765.654974706,27758636.86440351,3787.871,4.01762e14,0.7931,4.55541e6,-2.26832e6,5.69266e-9
1473105150,23980232.609835196,27776870.226415273,3796.638,4.02556e14,0.9925,4.56568e6,-2.27118e6,5.69984e-9
1473105180,23989784.938352466,27795094.955576614,3805.310,3.98569e14,0.0079,4.54853e6,-2.27396e6,5.70684e-9
1473105210,23999422.290402617,27813310.76435423,3813.888,4.02147e14,0.8897,4.57441e6,-2.27668e6,5.71366e-9
1473105240,24009144.313507322,27831517.366506945,3822.373,4.05148e14,1.6427,4.59690e6,-2.27933e6,5.72031e-9
1473105270,24018950.6528653,27849714.47708389,3830.764,3.98580e14,0.0051,4.56449e6,-2.28191e6,5.72678e-9
1473105300,24028840.951383736,27867901.812422544,3839.061,3.95766e14,0.7110,4.55338e6,-2.28442e6,5.73308e-9
1473105330,24038814.849708878,27886079.090161484,3847.264,3.97790e14,0.2033,4.56985e6,-2.28685e6,5.73920e-9
1473105360,24048871.9862609,27904246.02919342,3855.374,3.96748e14,0.4648,4.56860e6,-2.28922e6,5.74515e-9
1473105390,24059011.99726233,27922402.34970806,3863.390,4.01164e14,0.6432,4.59859e6,-2.29153e6,5.75093e-9
1473105420,24069234.51677078,27940547.773175668,3871.313,4.02769e14,1.0457,4.61231e6,-2.29376e6,5.75653e-9
1473105450,24079539.176710676,27958682.02234501,3879.143,4.01464e14,0.7185,4.60915e6,-2.29592e6,5.76197e-9
1473105480,24089925.606904965,27976804.821241315,3886.879,4.01133e14,0.6354,4.61145e6,-2.29802e6,5.76723e-9
1473105510,24100393.435106922,27994915.89516419,3894.522,3.98275e14,0.0817,4.59902e6,-2.30005e6,5.77233e-9
1473105540,24110942.287031915,28013014.970685456,3902.073,3.96001e14,0.6521,4.58981e6,-2.30201e6,5.77725e-9
1473105570,24121571.78638914,28031101.775646877,3909.530,4.01630e14,0.7599,4.62613e6,-2.30391e6,5.78201e-9
1473105600,24132281.554913454,28049176.039158043,3916.894,4.06610e14,2.0094,4.65862e6,-2.30574e6,5.78660e-9
1473105630,24143071.212390207,28067237.491583,3924.166,4.03075e14,1.1225,4.64171e6,-2.30750e6,5.79102e-9
1473105660,24153940.37670829,28085285.86457157,3931.345,3.98554e14,0.0116,4.61893e6,-2.30919e6,5.79528e-9
1473105690,24164888.66387052,28103320.891023446,3938.432,3.98288e14,0.0785,4.62064e6,-2.31082e6,5.79937e-9
1473105720,24175915.68803223,28121342.305096447,3945.427,4.02481e14,0.9736,4.64811e6,-2.31239e6,5.80330e-9
1473105750,24187021.06153289,28139349.842203885,3952.329,4.00913e14,0.5802,4.64202e6,-2.31389e6,5.80706e-9
1473105780,24198204.394927755,28157343.23901198,3959.139,3.99432e14,0.2087,4.63629e6,-2.31532e6,5.81067e-9
1473105810,24209465.297019456,28175322.233437087,3965.857,3.99604e14,0.2518,4.64004e6,-2.31670e6,5.81411e-9
1473105840,24220803.374889523,28193286.56464297,3972.483,3.98702e14,0.0254,4.63740e6,-2.31800e6,5.81739e-9
1473105870,24232218.233929936,28211235.973038033,3979.018,3.95852e14,0.6896,4.62330e6,-2.31925e6,5.82050e-9
1473105900,24243709.47787459,28229170.20027239,3985.461,3.95064e14,0.8871,4.62107e6,-2.32043e6,5.82346e-9
1473105930,24255276.708839152,28247088.989236142,3991.812,3.99920e14,0.3310,4.65158e6,-2.32154e6,5.82626e-9
1473105960,24266919.52732647,28264992.08405325,3998.073,4.03570e14,1.2469,4.67497e6,-2.32260e6,5.82891e-9
1473105990,24278637.53228396,28282879.23008146,4004.242,4.00784e14,0.5478,4.66071e6,-2.32359e6,5.83139e-9
1473106020,24290430.321126483,28300750.173908487,4010.320,3.98068e14,0.1337,4.64673e6,-2.32452e6,5.83372e-9
1473106050,24302297.489767693,28318604.6633489,4016.307,4.02169e14,0.8952,4.67240e6,-2.32538e6,5.83590e-9
1473106080,24314238.632651147,28336442.447441146,4022.204,3.99796e14,0.3000,4.66017e6,-2.32619e6,5.83792e-9
1473106110,24326253.34278158,28354263.276444513,4028.010,3.95852e14,0.6896,4.63862e6,-2.32693e6,5.83979e-9
1473106140,24338341.211755875,28372066.90183595,4033.726,3.98393e14,0.0521,4.65483e6,-2.32762e6,5.84150e-9
1473106170,24350501.829794098,28389853.076307043,4039.351,3.97443e14,0.2904,4.65053e6,-2.32824e6,5.84306e-9
1473106200,24362734.785770394,28407621.55376085,4044.887,3.93519e14,1.2749,4.62871e6,-2.32880e6,5.84447e-9
1473106230,24375039.66723867,28425372.08931794,4050.332,3.95956e14,0.6635,4.64396e6,-2.32931e6,5.84574e-9
1473106260,24387416.060479116,28443104.439284652,4055.688,4.03339e14,1.1889,4.68802e6,-2.32975e6,5.84685e-9
1473106290,24399863.550513018,28460818.361178868,4060.955,4.06704e14,2.0331,4.70847e6,-2.33014e6,5.84781e-9
1473106320,24412381.72113835,28478513.613717407,4066.132,4.02944e14,1.0898,4.68714e6,-2.33046e6,5.84863e-9
1473106350,24424970.154960107,28496189.95681286,4071.220,3.98339e14,0.0656,4.66074e6,-2.33073e6,5.84930e-9
1473106380,24437628.43342059,28513847.151570372,4076.219,3.99278e14,0.1700,4.66665e6,-2.33094e6,5.84982e-9
1473106410,24450356.13682956,28531484.96028443,4081.129,4.00396e14,0.4505,4.67349e6,-2.33110e6,5.85020e-9
1473106440,24463152.84439421,28549103.146435622,4085.950,3.96595e14,0.5032,4.65144e6,-2.33119e6,5.85044e-9
1473106470,24476018.134249106,28566701.474687282,4090.683,4.02300e14,0.9280,4.68489e6,-2.33123e6,5.85053e-9
1473106500,24488951.583485916,28584279.710882172,4095.328,4.00113e14,0.3794,4.67206e6,-2.33121e6,5.85048e-9
1473106530,24501952.768185563,28601837.622026097,4099.885,3.94688e14,0.9816,4.64017e6,-2.33114e6,5.85029e-9
1473106560,24515021.263440084,28619374.976324953,4104.354,4.00495e14,0.4754,4.67388e6,-2.33100e6,5.84995e-9
1473106590,24528156.643389642,28636891.543140475,4108.735,4.02221e14,0.9082,4.68360e6,-2.33082e6,5.84948e-9
1473106620,24541358.481249377,28654387.092999958,4113.029,4.04655e14,1.5189,4.69735e6,-2.33058e6,5.84887e-9
1473106650,24554626.349338397,28671861.39759268,4117.235,4.02151e14,0.8908,4.68211e6,-2.33028e6,5.84812e-9
1473106680,24567959.81910886,28689314.2297663,4121.354,3.99339e14,0.1854,4.66496e6,-2.32993e6,5.84724e-9
1473106710,24581358.4611747,28706745.363523267,4125.387,4.02868e14,1.0708,4.68478e6,-2.32952e6,5.84622e-9
1473106740,24594821.845340405,28724154.5740171,4129.333,4.01620e14,0.7576,4.67656e6,-2.32907e6,5.84506e-9
1473106770,24608349.540629417,28741541.637548808,4133.192,3.98166e14,0.1090,4.65534e6,-2.32855e6,5.84377e-9
1473106800,24621941.11531261,28758906.33156313,4136.965,4.01098e14,0.6266,4.67134e6,-2.32799e6,5.84235e-9
1473106830,24635596.13693528,28776248.434654802,4140.652,3.98147e14,0.1138,4.65286e6,-2.32737e6,5.84079e-9
1473106860,24649314.17234877,28793567.72653434,4144.254,3.96725e14,0.4705,4.64322e6,-2.32670e6,5.83910e-9
1473106890,24663094.787734747,28810863.988055017,4147.769,3.97973e14,0.1574,4.64906e6,-2.32598e6,5.83728e-9
1473106920,24676937.54863406,28828137.001199216,4151.199,3.97955e14,0.1620,4.64740e6,-2.32520e6,5.83533e-9
1473106950,24690842.019974332,28845386.54907489,4154.545,3.97877e14,0.1816,4.64530e6,-2.32438e6,5.83326e-9
1473106980,24704807.766097296,28862612.41591177,4157.805,3.97241e14,0.3411,4.63983e6,-2.32350e6,5.83105e-9
1473107010,24718834.350786034,28879814.387057815,4160.980,4.00162e14,0.3918,4.65501e6,-2.32258e6,5.82872e-9
1473107040,24732921.337291975,28896992.248975445,4164.071,3.98996e14,0.0992,4.64625e6,-2.32160e6,5.82626e-9
1473107070,24747068.288361806,28914145.78923793,4167.078,3.96026e14,0.6458,4.62690e6,-2.32057e6,5.82368e-9
1473107100,24761274.76626409,28931274.796525616,4170.000,3.98273e14,0.0823,4.63783e6,-2.31950e6,5.82097e-9
1473107130,24775540.332818173,28948379.06061782,4172.839,3.97688e14,0.2290,4.63217e6,-2.31837e6,5.81814e-9
1473107160,24789864.54941309,28965458.372402787,4175.594,3.98966e14,0.0918,4.63726e6,-2.31720e6,5.81519e-9
1473107190,24804246.977041245,28982512.523860194,4178.266,3.98079e14,0.1308,4.62965e6,-2.31597e6,5.81211e-9
1473107220,24818687.176321853,28999541.308061913,4180.854,3.95540e14,0.7677,4.61236e6,-2.31470e6,5.80892e-9
1473107250,24833184.707526762,29016544.51916807,4183.360,3.99634e14,0.2593,4.63350e6,-2.31338e6,5.80560e-9
1473107280,24847739.130605992,29033521.952423338,4185.783,3.97239e14,0.3416,4.61686e6,-2.31202e6,5.80217e-9
1473107310,24862350.005213138,29050473.40415309,4188.123,3.98219e14,0.0956,4.61972e6,-2.31061e6,5.79861e-9
1473107340,24877016.890730515,29067398.671759546,4190.382,4.01331e14,0.6850,4.63484e6,-2.30915e6,5.79494e-9
1473107370,24891739.346294142,29084297.55371797,4192.558,3.94946e14,0.9167,4.59484e6,-2.30764e6,5.79116e-9
1473107400,24906516.930818528,29101169.84957278,4194.653,3.98335e14,0.0665,4.61136e6,-2.30609e6,5.78725e-9
1473107430,24921349.203016,29118015.35993778,4196.666,4.02619e14,1.0082,4.63294e6,-2.30449e6,5.78324e-9
1473107460,24936235.721437328,29134833.886479802,4198.598,3.97442e14,0.2907,4.59971e6,-2.30285e6,5.77911e-9
1473107490,24951176.04447945,29151625.231927235,4200.449,4.00441e14,0.4618,4.61366e6,-2.30116e6,5.77487e-9
1473107520,24966169.730414785,29168389.200062174,4202.219,4.02701e14,1.0288,4.62322e6,-2.29943e6,5.77051e-9
1473107550,24981216.33741494,29185125.595716566,4203.909,3.99263e14,0.1663,4.59982e6,-2.29765e6,5.76605e-9
1473107580,24996315.423574172,29201834.22476832,4205.519,4.00546e14,0.4880,4.60357e6,-2.29583e6,5.76147e-9
1473107610,25011466.546932794,29218514.894137464,4207.048,4.01743e14,0.7885,4.60672e6,-2.29397e6,5.75679e-9
1473107640,25026669.265500184,29235167.41178222,4208.498,3.98990e14,0.0979,4.58706e6,-2.29206e6,5.75200e-9
1473107670,25041923.137277756,29251791.586695142,4209.868,3.98077e14,0.1314,4.57790e6,-2.29011e6,5.74710e-9
1473107700,25057227.720281616,29268387.228899203,4211.160,3.99249e14,0.1628,4.58065e6,-2.28812e6,5.74209e-9
1473107730,25072582.57257427,29284954.149430007,4212.372,4.02653e14,1.0168,4.59610e6,-2.28609e6,5.73698e-9
1473107760,25087987.252258558,29301492.160374556,4213.505,4.00537e14,0.4859,4.57980e6,-2.28401e6,5.73176e-9
1473107790,25103441.317528192,29318001.074824736,4214.560,3.97222e14,0.3458,4.55656e6,-2.28190e6,5.72644e-9
1473107820,25118944.326680496,29334480.706886984,4215.536,4.01734e14,0.7861,4.57807e6,-2.27974e6,5.72101e-9
1473107850,25134495.83813807,29350930.87167839,4216.435,4.03003e14,1.1045,4.58090e6,-2.27754e6,5.71549e-9
1473107880,25150095.410470385,29367351.385322507,4217.256,3.99190e14,0.1480,4.55462e6,-2.27530e6,5.70986e-9
1473107910,25165742.602415055,29383742.06494551,4217.999,4.01291e14,0.6751,4.56204e6,-2.27302e6,5.70413e-9
1473107940,25181436.9728989,29400102.728672054,4218.666,4.04300e14,1.4299,4.57453e6,-2.27070e6,5.69831e-9
1473107970,25197178.081058875,29416433.195621356,4219.255,3.94297e14,1.0795,4.51284e6,-2.26835e6,5.69238e-9
1473108000,25212965.486262623,29432733.285903156,4219.768,3.95416e14,0.7990,4.51442e6,-2.26595e6,5.68636e-9
1473108030,25228798.748116035,29449002.82064557,4220.204,4.00055e14,0.3650,4.53592e6,-2.26351e6,5.68023e-9
1473108060,25244677.426523432,29465241.621893276,4220.564,4.00196e14,0.4004,4.53176e6,-2.26104e6,5.67402e-9
1473108090,25260601.0816674,29481449.512701422,4220.848,3.96759e14,0.4621,4.50724e6,-2.25853e6,5.66771e-9
1473108120,25276569.274041504,29497626.317100417,4221.057,3.94380e14,1.0588,4.48868e6,-2.25598e6,5.66130e-9
1473108150,25292581.564469684,29513771.860092096,4221.190,4.01177e14,0.6465,4.52197e6,-2.25339e6,5.65480e-9
1473108180,25308637.51412553,29529885.9676461,4221.248,4.02762e14,1.0441,4.52565e6,-2.25077e6,5.64820e-9
1473108210,25324736.684551302,29545968.466696206,4221.232,3.98992e14,0.0983,4.49903e6,-2.24811e6,5.64152e-9
1473108240,25340878.63767672,29562019.185136586,4221.141,3.98184e14,0.1044,4.48908e6,-2.24541e6,5.63474e-9
1473108270,25357062.93583754,29578037.951818142,4220.975,3.98475e14,0.0314,4.48525e6,-2.24268e6,5.62788e-9
1473108300,25373289.141793944,29594024.596544757,4220.735,3.99069e14,0.1174,4.48304e6,-2.23991e6,5.62092e-9
1473108330,25389556.81876842,29609978.950020634,4220.422,4.00055e14,0.3648,4.48296e6,-2.23711e6,5.61387e-9
1473108360,25405865.530402984,29625900.84399734,4220.035,4.05384e14,1.7018,4.50715e6,-2.23427e6,5.60674e-9
1473108390,25422214.840837788,29641790.111119,4219.575,4.06828e14,2.0640,4.50944e6,-2.23140e6,5.59952e-9
1473108420,25438604.314709097,29657646.584966987,4219.042,3.96802e14,0.4511,4.44749e6,-2.22849e6,5.59222e-9
1473108450,25455033.51716677,29673470.100055758,4218.437,3.99553e14,0.2391,4.45698e6,-2.22555e6,5.58482e-9
1473108480,25471502.013891455,29689260.491828695,4217.758,4.00395e14,0.4501,4.45571e6,-2.22257e6,5.57735e-9
1473108510,25488009.371111654,29705017.596653957,4217.008,3.98484e14,0.0291,4.43904e6,-2.21956e6,5.56979e-9
1473108540,25504555.15562052,29720741.25182034,4216.186,4.02292e14,0.9260,4.45413e6,-2.21652e6,5.56215e-9
1473108570,25521138.934792407,29736431.295533124,4215.292,4.01097e14,0.6264,4.44131e6,-2.21345e6,5.55442e-9
1473108600,25537760.276599247,29752087.566909913,4214.327,3.97685e14,0.2297,4.41614e6,-2.21034e6,5.54661e-9
1473108630,25554418.74959693,29767709.906032946,4213.291,3.98494e14,0.0267,4.41435e6,-2.20720e6,5.53873e-9
1473108660,25571113.923032906,29783298.1537714,4212.184,3.98013e14,0.1473,4.40535e6,-2.20403e6,5.53076e-9
1473108690,25587845.366769902,29798852.15195136,4211.007,3.99313e14,0.1788,4.40612e6,-2.20083e6,5.52272e-9
1473108720,25604612.651330907,29814371.743295934,4209.759,4.00110e14,0.3788,4.40404e6,-2.19760e6,5.51459e-9
1473108750,25621415.347914204,29829856.771421675,4208.441,3.98504e14,0.0242,4.38865e6,-2.19433e6,5.50639e-9
1473108780,25638253.028408147,29845307.080835097,4207.054,3.97757e14,0.2117,4.37795e6,-2.19104e6,5.49811e-9
1473108810,25655125.265405852,29860722.51692913,4205.597,3.99556e14,0.2398,4.38118e6,-2.18771e6,5.48976e-9
1473108840,25672031.632219497,29876102.925979663,4204.071,4.00513e14,0.4798,4.37970e6,-2.18436e6,5.48133e-9
1473108870,25688971.70289455,29891448.155141946,4202.476,3.99008e14,0.1022,4.36467e6,-2.18097e6,5.47283e-9
1473108900,25705945.05222379,29906758.05244717,4200.813,3.97845e14,0.1895,4.35148e6,-2.17756e6,5.46425e-9
1473108930,25722951.25580094,29922032.46674972,4199.081,3.96880e14,0.4317,4.33933e6,-2.17411e6,5.45560e-9
1473108960,25739989.889911402,29937271.247875385,4197.281,3.97691e14,0.2281,4.33682e6,-2.17064e6,5.44688e-9
1473108990,25757060.53166899,29952474.24646569,4195.414,3.96824e14,0.4457,4.32510e6,-2.16714e6,5.43808e-9
1473109020,25774162.758989576,29967641.314023186,4193.479,3.97611e14,0.2483,4.32233e6,-2.16361e6,5.42922e-9
1473109050,25791296.150604397,29982772.302907586,4191.476,3.97155e14,0.3626,4.31275e6,-2.16006e6,5.42028e-9
1473109080,25808460.28607317,29997867.066331714,4189.407,3.97317e14,0.3220,4.30647e6,-2.15647e6,5.41128e-9
1473109110,25825654.745797135,30012925.458357662,4187.271,3.99125e14,0.1317,4.30902e6,-2.15286e6,5.40221e-9
1473109140,25842879.111031704,30027947.333892755,4185.068,3.96910e14,0.4241,4.28979e6,-2.14923e6,5.39307e-9
1473109170,25860132.96389899,30042932.548685644,4182.800,3.86389e14,3.0635,4.22583e6,-2.14556e6,5.38386e-9
1473109200,25877415.887400176,30057880.95932235,4180.465,3.89862e14,2.1923,4.23722e6,-2.14187e6,5.37459e-9
1473109230,25894727.465382174,30072792.42325157,4178.065,3.96858e14,0.4373,4.26739e6,-2.13815e6,5.36525e-9
1473109260,25912067.282689575,30087666.798690677,4175.600,3.96460e14,0.5369,4.25779e6,-2.13441e6,5.35585e-9
1473109290,25929434.925035734,30102503.944712143,4173.069,3.98483e14,0.0296,4.26108e6,-2.13064e6,5.34638e-9
1473109320,25946829.979059447,30117303.72121071,4170.474,4.01102e14,0.6276,4.26747e6,-2.12685e6,5.33685e-9
1473109350,25964252.032335833,30132065.98889972,4167.814,4.02624e14,1.0095,4.26791e6,-2.12303e6,5.32726e-9
1473109380,25981700.67338706,30146790.609307557,4165.090,4.01097e14,0.6264,4.25206e6,-2.11918e6,5.31760e-9
1473109410,25999175.491692856,30161477.444774136,4162.302,4.01486e14,0.7239,4.24636e6,-2.11532e6,5.30788e-9
1473109440,26016676.07770081,30176126.358447287,4159.450,3.97585e14,0.2548,4.21787e6,-2.11142e6,5.29811e-9
1473109470,26034202.02283656,30190737.214279298,4156.535,3.97534e14,0.2674,4.20978e6,-2.10751e6,5.28827e-9
1473109500,26051752.91951374,30205309.877023414,4153.557,3.97625e14,0.2447,4.20238e6,-2.10357e6,5.27837e-9
1473109530,26069328.36118768,30219844.212225754,4150.516,3.97640e14,0.2411,4.19453e6,-2.09960e6,5.26842e-9
1473109560,26086927.942229565,30234340.086236022,4147.412,3.96752e14,0.4637,4.18190e6,-2.09562e6,5.25840e-9
1473109590,26104551.258071885,30248797.3661899,4144.246,3.99965e14,0.3422,4.19075e6,-2.09161e6,5.24833e-9
1473109620,26122197.905174,30263215.92001017,4141.018,4.02531e14,0.9861,4.19612e6,-2.08758e6,5.23820e-9
1473109650,26139867.481031638,30277595.61640319,4137.728,3.97079e14,0.3816,4.15946e6,-2.08352e6,5.22802e-9
1473109680,26157559.584186163,30291936.324855458,4134.377,4.01479e14,0.7222,4.17428e6,-2.07945e6,5.21778e-9
1473109710,26175273.814233728,30306237.915630218,4130.964,4.01483e14,0.7232,4.16607e6,-2.07535e6,5.20749e-9
1473109740,26193009.771834187,30320500.259763837,4127.490,3.96112e14,0.6243,4.12988e6,-2.07123e6,5.19714e-9
1473109770,26210767.058719903,30334723.229062535,4123.956,3.92058e14,1.6412,4.10059e6,-2.06709e6,5.18674e-9
1473109800,26228545.2777043,30348906.696098715,4120.361,3.91648e14,1.7442,4.09021e6,-2.06293e6,5.17628e-9
1473109830,26246344.03265727,30363050.534194406,4116.707,3.95047e14,0.8916,4.09947e6,-2.05874e6,5.16578e-9
1473109860,26264162.928615253,30377154.61745867,4112.992,3.98710e14,0.0274,4.10998e6,-2.05454e6,5.15522e-9
1473109890,26282001.57168702,30391218.82074296,4109.217,4.00718e14,0.5314,4.11186e6,-2.05032e6,5.14461e-9
1473109920,26299859.569094397,30405243.019651048,4105.383,3.94454e14,1.0404,4.07118e6,-2.04607e6,5.13395e-9
1473109950,26317736.52917964,30419227.090535287,4101.491,3.95126e14,0.8718,4.06613e6,-2.04181e6,5.12324e-9
1473109980,26335632.061412662,30433170.910493143,4097.539,4.03355e14,1.1927,4.09967e6,-2.03753e6,5.11249e-9
1473110010,26353545.776398093,30447074.35736374,4093.529,4.00092e14,0.3741,4.07436e6,-2.03322e6,5.10168e-9
1473110040,26371477.28588209,30460937.309724204,4089.460,3.95303e14,0.8272,4.04132e6,-2.02890e6,5.09083e-9
1473110070,26389426.202759102,30474759.646886285,4085.333,3.98038e14,0.1411,4.04657e6,-2.02456e6,5.07992e-9
1473110100,26407392.14107834,30488541.248892795,4081.149,3.99228e14,0.1573,4.04388e6,-2.02020e6,5.06898e-9
1473110130,26425374.71606408,30502281.99653265,4076.907,3.96135e14,0.6185,4.01947e6,-2.01583e6,5.05798e-9
1473110160,26443373.544078942,30515981.771280527,4072.608,3.96494e14,0.5284,4.01251e6,-2.01143e6,5.04694e-9
1473110190,26461388.242673032,30529640.455350567,4068.252,3.99653e14,0.2640,4.01961e6,-2.00702e6,5.03586e-9
1473110220,26479418.43057598,30543257.931674585,4063.840,4.02418e14,0.9576,4.02463e6,-2.00259e6,5.02473e-9
1473110250,26497463.727702852,30556834.083898894,4059.370,3.96544e14,0.5159,3.98623e6,-1.99814e6,5.01356e-9
1473110280,26515523.75515981,30570368.796381067,4054.845,3.96647e14,0.4901,3.97784e6,-1.99367e6,5.00234e-9
1473110310,26533598.13524977,30583861.954186793,4050.264,4.00775e14,0.5456,3.98949e6,-1.98919e6,4.99108e-9
1473110340,26551686.49147783,30597313.44308665,4045.627,3.97778e14,0.2062,3.96554e6,-1.98469e6,4.97978e-9
1473110370,26569788.44855654,30610723.149553034,4040.935,3.99363e14,0.1914,3.96439e6,-1.98017e6,4.96844e-9
1473110400,26587903.632411126,30624090.960756924,4036.187,3.97912e14,0.1728,3.94811e6,-1.97564e6,4.95706e-9
1473110430,26606031.670189224,30637416.764550235,4031.385,3.96201e14,0.6020,3.93056e6,-1.97109e6,4.94563e-9
1473110460,26624172.190251246,30650700.449507643,4026.528,3.99909e14,0.3284,3.93975e6,-1.96653e6,4.93417e-9
1473110490,26642324.822189726,30663941.90487836,4021.617,4.03138e14,1.1384,3.94646e6,-1.96195e6,4.92267e-9
1473110520,26660489.196829222,30677141.020597603,4016.652,4.03533e14,1.2375,3.93916e6,-1.95735e6,4.91113e-9
1473110550,26678664.946230885,30690297.687283244,4011.633,4.02503e14,0.9790,3.92482e6,-1.95274e6,4.89955e-9
1473110580,26696851.703696843,30703411.796232697,4006.560,3.95467e14,0.7860,3.88113e6,-1.94812e6,4.88793e-9
1473110610,26715049.103774413,30716483.239419714,4001.434,3.98429e14,0.0429,3.88633e6,-1.94348e6,4.87628e-9
1473110640,26733256.782260243,30729511.9094912,3996.255,3.98457e14,0.0360,3.87715e6,-1.93882e6,4.86458e-9
1473110670,26751474.376204252,30742497.69976403,3991.023,3.97230e14,0.3439,3.86185e6,-1.93415e6,4.85286e-9
1473110700,26769701.52391347,30755440.504221875,3985.739,3.97070e14,0.3840,3.85172e6,-1.92947e6,4.84109e-9
1473110730,26787937.864944234,30768340.217521224,3980.402,3.92274e14,1.5873,3.81917e6,-1.92477e6,4.82929e-9
1473110760,26806183.040141076,30781196.7349601,3975.014,3.96280e14,0.5820,3.82912e6,-1.92006e6,4.81746e-9
1473110790,26824436.691604745,30794009.95250311,3969.573,3.92415e14,1.5517,3.80112e6,-1.91533e6,4.80559e-9
1473110820,26842698.462706808,30806779.766769312,3964.081,3.90240e14,2.0974,3.78128e6,-1.91059e6,4.79369e-9
1473110850,26860967.99809269,30819506.075029187,3958.538,3.97605e14,0.2498,3.80709e6,-1.90584e6,4.78176e-9
1473110880,26879244.943684567,30832188.77520165,3952.944,4.06578e14,2.0015,3.84037e6,-1.90107e6,4.76979e-9
1473110910,26897528.9466842,30844827.765851077,3947.299,4.04224e14,1.4107,3.81951e6,-1.89629e6,4.75779e-9
1473110940,26915819.65557552,30857422.946184378,3941.603,3.93675e14,1.2356,3.75979e6,-1.89150e6,4.74576e-9
1473110970,26934116.720127158,30869974.216047958,3935.857,3.96563e14,0.5110,3.76391e6,-1.88670e6,4.73370e-9
1473111000,26952419.79139486,30882481.475924853,3930.062,4.00589e14,0.4988,3.77330e6,-1.88188e6,4.72160e-9
1473111030,26970728.521727275,30894944.626928117,3924.216,4.00093e14,0.3745,3.76129e6,-1.87706e6,4.70948e-9
1473111060,26989042.56475729,30907363.570809193,3918.321,3.98968e14,0.0922,3.74630e6,-1.87222e6,4.69732e-9
1473111090,27007361.575414907,30919738.20994381,3912.377,4.01260e14,0.6671,3.74732e6,-1.86736e6,4.68514e-9
1473111120,27025685.209925696,30932068.44733259,3906.383,3.97896e14,0.1767,3.72184e6,-1.86250e6,4.67293e-9
1473111150,27044013.12581268,30944354.18659822,3900.341,3.92489e14,1.5331,3.68690e6,-1.85763e6,4.66069e-9
1473111180,27062344.981898066,30956595.331982527,3894.250,3.97094e14,0.3780,3.69860e6,-1.85274e6,4.64842e-9
1473111210,27080680.438304976,30968791.788343623,3888.111,3.97196e14,0.3525,3.68929e6,-1.84784e6,4.63612e-9
1473111240,27099019.15645895,30980943.461152993,3881.924,3.96326e14,0.5707,3.67546e6,-1.84293e6,4.62380e-9
