Timestamp,R_A,R_B,Delta_H_km,GM,Error_Pct,Term_Time,Term_Kinetic,Term_Potential
1480724430,30730135.01391041,26704155.195560094,4025.980,4.03225e14,1.1601,-3.93427e6,1.95605e6,-4.90601e-9
1480724460,30716982.234449092,26685843.765304327,4031.138,4.01590e14,0.7499,-3.93567e6,1.96074e6,-4.91777e-9
1480724490,30703786.577022333,26667543.017030664,4036.244,3.94748e14,0.9666,-3.91132e6,1.96542e6,-4.92949e-9
1480724520,30690548.14980541,26649253.318854246,4041.295,4.00386e14,0.4479,-3.94846e6,1.97008e6,-4.94118e-9
1480724550,30677267.061652903,26630975.04015454,4046.292,4.00060e14,0.3663,-3.95616e6,1.97473e6,-4.95283e-9
1480724580,30663943.42210179,26612708.551571228,4051.235,3.96635e14,0.4932,-3.94843e6,1.97936e6,-4.96444e-9
1480724610,30650577.341374736,26594454.22499999,4056.123,4.03535e14,1.2380,-3.99197e6,1.98397e6,-4.97601e-9
1480724640,30637168.930383306,26576212.43358815,4060.956,4.02228e14,0.9102,-3.99470e6,1.98857e6,-4.98754e-9
1480724670,30623718.30073118,26557983.551730115,4065.735,4.02981e14,1.0989,-4.00767e6,1.99316e6,-4.99903e-9
1480724700,30610225.564717367,26539767.955062747,4070.458,4.02803e14,1.0542,-4.01596e6,1.99772e6,-5.01048e-9
1480724730,30596690.83533426,26521566.020458482,4075.125,3.96842e14,0.4412,-3.99517e6,2.00227e6,-5.02189e-9
1480724760,30583114.226286996,26503378.12602689,4079.736,3.96994e14,0.4031,-4.00498e6,2.00681e6,-5.03326e-9
1480724790,30569495.85198068,26485204.651102975,4084.291,3.96133e14,0.6191,-4.00965e6,2.01133e6,-5.04458e-9
1480724820,30555835.827528797,26467045.976244055,4088.790,3.94973e14,0.9100,-4.01276e6,2.01583e6,-5.05586e-9
1480724850,30542134.268756423,26448902.483224332,4093.232,4.01000e14,0.6019,-4.05221e6,2.02031e6,-5.06710e-9
1480724880,30528391.29220355,26430774.555029374,4097.617,3.99053e14,0.1135,-4.05128e6,2.02477e6,-5.07829e-9
1480724910,30514607.015128314,26412662.575850405,4101.944,3.95967e14,0.6608,-4.04447e6,2.02922e6,-5.08944e-9
1480724940,30500781.55551034,26394566.931078386,4106.215,3.99382e14,0.1960,-4.07071e6,2.03365e6,-5.10054e-9
1480724970,30486915.032053974,26376488.00729805,4110.427,3.94052e14,1.1412,-4.05229e6,2.03806e6,-5.11160e-9
1480725000,30473007.564191684,26358426.192281686,4114.581,3.99105e14,0.1266,-4.08691e6,2.04245e6,-5.12260e-9
1480725030,30459059.27209861,26340381.874984115,4118.677,4.05634e14,1.7646,-4.12917e6,2.04682e6,-5.13357e-9
1480725060,30445070.276661355,26322355.44553204,4122.715,3.97259e14,0.3366,-4.09487e6,2.05118e6,-5.14448e-9
1480725090,30431040.69951591,26304347.295221627,4126.693,3.95989e14,0.6553,-4.09697e6,2.05551e6,-5.15535e-9
1480725120,30416970.66303995,26286357.816510268,4130.613,4.00914e14,0.5805,-4.13101e6,2.05982e6,-5.16616e-9
1480725150,30402860.29035637,26268387.40300958,4134.473,4.01404e14,0.7033,-4.14216e6,2.06412e6,-5.17693e-9
1480725180,30388709.705336753,26250436.449478257,4138.273,4.02226e14,0.9096,-4.15500e6,2.06839e6,-5.18765e-9
1480725210,30374519.03260501,26232505.35181474,4142.014,4.04942e14,1.5908,-4.17766e6,2.07265e6,-5.19831e-9
1480725240,30360288.39754082,26214594.5070497,4145.694,3.95197e14,0.8539,-4.13543e6,2.07688e6,-5.20893e-9
1480725270,30346017.926283244,26196704.313338332,4149.314,3.96765e14,0.4606,-4.15200e6,2.08109e6,-5.21949e-9
1480725300,30331707.74573432,26178835.16995251,4152.873,4.06182e14,1.9022,-4.20962e6,2.08529e6,-5.23000e-9
1480725330,30317357.983551104,26160987.477264974,4156.371,4.02426e14,0.9596,-4.19835e6,2.08946e6,-5.24045e-9
1480725360,30302968.768184647,26143161.636765074,4159.807,3.96689e14,0.4795,-4.17656e6,2.09361e6,-5.25085e-9
1480725390,30288540.22884825,26125358.051026333,4163.182,3.98082e14,0.1301,-4.19212e6,2.09773e6,-5.26120e-9
1480725420,30274072.49553246,26107577.123705648,4166.495,4.01501e14,0.7277,-4.21835e6,2.10184e6,-5.27149e-9
1480725450,30259565.6990085,26089819.25953437,4169.746,3.94258e14,1.0895,-4.18828e6,2.10592e6,-5.28173e-9
1480725480,30245019.970831838,26072084.864309408,4172.935,3.89321e14,2.3281,-4.17023e6,2.10998e6,-5.29190e-9
1480725510,30230435.443345796,26054374.344883997,4176.061,3.98102e14,0.1250,-4.22476e6,2.11402e6,-5.30203e-9
1480725540,30215812.249684934,26036688.109158363,4179.124,3.99845e14,0.3123,-4.24204e6,2.11803e6,-5.31209e-9
1480725570,30201150.523778755,26019026.566070233,4182.124,3.98050e14,0.1381,-4.24048e6,2.12202e6,-5.32209e-9
1480725600,30186450.400355145,26001390.12558506,4185.060,3.97495e14,0.2774,-4.24544e6,2.12599e6,-5.33204e-9
1480725630,30171712.014949653,25983779.198703602,4187.933,3.96316e14,0.5732,-4.24702e6,2.12993e6,-5.34192e-9
1480725660,30156935.503891803,25966194.19739821,4190.741,4.00297e14,0.4257,-4.27614e6,2.13385e6,-5.35174e-9
1480725690,30142121.00432583,25948635.53465627,4193.485,4.04295e14,1.4286,-4.30537e6,2.13774e6,-5.36151e-9
1480725720,30127268.654208884,25931103.624452583,4196.165,4.03746e14,1.2909,-4.31021e6,2.14161e6,-5.37121e-9
1480725750,30112378.5923146,25913598.88173881,4198.780,4.00151e14,0.3891,-4.29860e6,2.14545e6,-5.38084e-9
1480725780,30097450.958236847,25896121.722432856,4201.329,3.96847e14,0.4399,-4.28844e6,2.14927e6,-5.39042e-9
1480725810,30082485.89239343,25878672.563407943,4203.813,3.96620e14,0.4969,-4.29478e6,2.15306e6,-5.39992e-9
1480725840,30067483.53602977,25861251.82248159,4206.232,4.04981e14,1.6007,-4.34752e6,2.15683e6,-5.40937e-9
1480725870,30052444.031222705,25843859.918404292,4208.584,4.01641e14,0.7628,-4.33696e6,2.16057e6,-5.41875e-9
1480725900,30037367.520884145,25826497.27084807,4210.870,3.94383e14,1.0579,-4.30502e6,2.16429e6,-5.42806e-9
1480725930,30022254.14876986,25809164.300371736,4213.090,3.95256e14,0.8390,-4.31710e6,2.16797e6,-5.43730e-9
1480725960,30007104.05946802,25791861.42847989,4215.243,3.96758e14,0.4622,-4.33257e6,2.17163e6,-5.44648e-9
1480725990,29991917.398418244,25774589.077539872,4217.328,4.01495e14,0.7261,-4.36565e6,2.17526e6,-5.45559e-9
1480726020,29976694.31191051,25757347.670792148,4219.347,3.99379e14,0.1954,-4.36133e6,2.17887e6,-5.46462e-9
1480726050,29961434.947089005,25740137.63233763,4221.297,3.95213e14,0.8498,-4.34568e6,2.18245e6,-5.47359e-9
1480726080,29946139.45195592,25722959.387124684,4223.180,3.99465e14,0.2168,-4.37605e6,2.18599e6,-5.48249e-9
1480726110,29930807.975375414,25705813.36093609,4224.995,3.99447e14,0.2124,-4.38300e6,2.18951e6,-5.49132e-9
1480726140,29915440.66707738,25688699.98037559,4226.741,3.95895e14,0.6788,-4.37045e6,2.19301e6,-5.50007e-9
1480726170,29900037.677661367,25671619.672854397,4228.418,3.97349e14,0.3141,-4.38536e6,2.19647e6,-5.50875e-9
1480726200,29884599.158600397,25654572.86657738,4230.026,3.97150e14,0.3640,-4.39111e6,2.19990e6,-5.51735e-9
1480726230,29869125.26222933,25637559.990551725,4231.565,3.95254e14,0.8395,-4.38743e6,2.20330e6,-5.52589e-9
1480726260,29853616.141796604,25620581.474503197,4233.035,4.01745e14,0.7889,-4.43007e6,2.20667e6,-5.53434e-9
1480726290,29838071.951420065,25603637.748931352,4234.434,3.99081e14,0.1206,-4.42201e6,2.21002e6,-5.54272e-9
1480726320,29822492.846106306,25586729.245072633,4235.764,3.98695e14,0.0237,-4.42649e6,2.21333e6,-5.55102e-9
1480726350,29806878.98175436,25569856.39488577,4237.023,4.02990e14,1.1012,-4.45693e6,2.21661e6,-5.55925e-9
1480726380,29791230.51515948,25553019.63103698,4238.211,3.97649e14,0.2388,-4.43372e6,2.21985e6,-5.56739e-9
1480726410,29775547.60401691,25536219.38688493,4239.328,3.90735e14,1.9733,-4.40160e6,2.22307e6,-5.57546e-9
1480726440,29759830.40692566,25519456.096465528,4240.374,3.95642e14,0.7421,-4.43530e6,2.22626e6,-5.58345e-9
1480726470,29744079.083392233,25502730.194476474,4241.349,4.04662e14,1.5206,-4.49201e6,2.22941e6,-5.59135e-9
1480726500,29728293.793834507,25486042.11626156,4242.252,4.01665e14,0.7689,-4.48152e6,2.23253e6,-5.59918e-9
1480726530,29712474.699605793,25469392.2977763,4243.082,3.97347e14,0.3144,-4.46351e6,2.23561e6,-5.60692e-9
1480726560,29696621.962936036,25452781.175628874,4243.841,3.96416e14,0.5481,-4.46437e6,2.23867e6,-5.61457e-9
1480726590,29680735.74699852,25436209.187006805,4244.527,3.99371e14,0.1933,-4.48701e6,2.24169e6,-5.62215e-9
1480726620,29664816.215893485,25419676.769678656,4245.139,3.94321e14,1.0737,-4.46456e6,2.24467e6,-5.62964e-9
1480726650,29648863.534652166,25403184.361977097,4245.679,3.92180e14,1.6108,-4.45836e6,2.24763e6,-5.63704e-9
1480726680,29632877.869240828,25386732.402781785,4246.145,3.97605e14,0.2497,-4.49477e6,2.25054e6,-5.64435e-9
1480726710,29616859.386564825,25370321.33150198,4246.538,4.01477e14,0.7216,-4.52240e6,2.25343e6,-5.65158e-9
1480726740,29600808.254472632,25353951.588058945,4246.857,3.98348e14,0.0634,-4.51041e6,2.25627e6,-5.65872e-9
1480726770,29584724.641759936,25337623.612868126,4247.101,4.03811e14,1.3072,-4.54698e6,2.25908e6,-5.66577e-9
1480726800,29568608.718173597,25321337.846821107,4247.271,4.05133e14,1.6390,-4.56007e6,2.26186e6,-5.67273e-9
1480726830,29552460.65439774,25305094.731281307,4247.366,3.98699e14,0.0246,-4.52905e6,2.26460e6,-5.67960e-9
1480726860,29536280.622113552,25288894.708022643,4247.386,3.98913e14,0.0783,-4.53567e6,2.26730e6,-5.68638e-9
1480726890,29520068.793947347,25272738.21925355,4247.331,3.98366e14,0.0589,-4.53789e6,2.26997e6,-5.69307e-9
1480726920,29503825.343492594,25256625.70758443,4247.200,3.99297e14,0.1748,-4.54845e6,2.27259e6,-5.69966e-9
1480726950,29487550.445313852,25240557.616008587,4246.993,3.94509e14,1.0264,-4.52632e6,2.27518e6,-5.70616e-9
1480726980,29471244.27495064,25224534.387883034,4246.710,3.95964e14,0.6613,-4.53971e6,2.27774e6,-5.71256e-9
1480727010,29454907.008921415,25208556.466909032,4246.351,3.99496e14,0.2247,-4.56492e6,2.28025e6,-5.71887e-9
1480727040,29438538.82472743,25192624.297112398,4245.915,3.95781e14,0.7074,-4.54860e6,2.28273e6,-5.72508e-9
1480727070,29422139.900856614,25176738.32282369,4245.402,3.95915e14,0.6736,-4.55423e6,2.28516e6,-5.73119e-9
1480727100,29405710.416787576,25160898.988658004,4244.811,3.99131e14,0.1330,-4.57746e6,2.28756e6,-5.73721e-9
1480727130,29389250.553007208,25145106.73948871,4244.144,4.03735e14,1.2881,-4.60862e6,2.28992e6,-5.74312e-9
1480727160,29372760.490972158,25129362.020445377,4243.398,4.04434e14,1.4634,-4.61730e6,2.29224e6,-5.74894e-9
1480727190,29356240.41315544,25113665.27687463,4242.575,4.02719e14,1.0332,-4.61202e6,2.29451e6,-5.75465e-9
1480727220,29339690.50303661,25098016.954324998,4241.674,4.05772e14,1.7991,-4.63410e6,2.29675e6,-5.76026e-9
1480727250,29323110.945105825,25082417.4985257,4240.693,4.01770e14,0.7952,-4.61546e6,2.29895e6,-5.76577e-9
1480727280,29306501.924867842,25066867.35536508,4239.635,3.98067e14,0.1338,-4.59842e6,2.30110e6,-5.77118e-9
1480727310,29289863.628846105,25051366.970869016,4238.497,3.96274e14,0.5836,-4.59228e6,2.30321e6,-5.77648e-9
1480727340,29273196.244586755,25035916.79117884,4237.279,3.95915e14,0.6738,-4.59433e6,2.30528e6,-5.78167e-9
1480727370,29256499.960662644,25020517.26252928,4235.983,3.96105e14,0.6261,-4.59947e6,2.30731e6,-5.78676e-9
1480727400,29239774.966677368,25005168.831226002,4234.606,3.96481e14,0.5318,-4.60561e6,2.30930e6,-5.79174e-9
1480727430,29223021.453258354,24989871.943618257,4233.150,3.96838e14,0.4423,-4.61155e6,2.31124e6,-5.79662e-9
1480727460,29206239.612094723,24974627.046090707,4231.613,3.95531e14,0.7700,-4.60776e6,2.31314e6,-5.80138e-9
1480727490,29189429.635907207,24959434.585025676,4229.995,4.02749e14,1.0407,-4.65336e6,2.31499e6,-5.80603e-9
1480727520,29172591.718463175,24944295.00678457,4228.297,4.02125e14,0.8843,-4.65338e6,2.31680e6,-5.81058e-9
1480727550,29155726.054580476,24929208.757684346,4226.517,3.95241e14,0.8428,-4.61690e6,2.31857e6,-5.81501e-9
1480727580,29138832.840131365,24914176.283973783,4224.657,3.94388e14,1.0568,-4.61536e6,2.32029e6,-5.81933e-9
1480727610,29121912.27204643,24899198.031809594,4222.714,3.99941e14,0.3362,-4.65103e6,2.32196e6,-5.82353e-9
1480727640,29104964.548318416,24884274.447232183,4220.690,4.01126e14,0.6336,-4.66120e6,2.32359e6,-5.82762e-9
1480727670,29087989.868006244,24869405.976141337,4218.584,3.97828e14,0.1938,-4.64515e6,2.32517e6,-5.83160e-9
1480727700,29070988.431238744,24854593.06427168,4216.395,3.97342e14,0.3157,-4.64538e6,2.32671e6,-5.83546e-9
1480727730,29053960.439227402,24839836.15718432,4214.124,3.97968e14,0.1587,-4.65201e6,2.32820e6,-5.83920e-9
1480727760,29036906.09424317,24825135.70019144,4211.770,3.98467e14,0.0335,-4.65782e6,2.32964e6,-5.84282e-9
1480727790,29019825.599647537,24810492.138381563,4209.333,3.95245e14,0.8417,-4.64177e6,2.33104e6,-5.84633e-9
1480727820,29002719.15988769,24795905.916578103,4206.813,3.96599e14,0.5022,-4.65238e6,2.33239e6,-5.84971e-9
1480727850,28985586.98050044,24781377.47931389,4204.210,4.01136e14,0.6362,-4.68153e6,2.33369e6,-5.85298e-9
1480727880,28968429.268116113,24766907.270805642,4201.522,3.99881e14,0.3212,-4.67669e6,2.33494e6,-5.85612e-9
1480727910,28951246.230462555,24752495.73492811,4198.750,3.98867e14,0.0668,-4.67316e6,2.33614e6,-5.85914e-9
1480727940,28934038.07636899,24738143.315188117,4195.895,4.02244e14,0.9141,-4.69526e6,2.33729e6,-5.86204e-9
1480727970,28916805.015769944,24723850.454698373,4192.955,3.97856e14,0.1867,-4.67174e6,2.33839e6,-5.86481e-9
1480728000,28899547.259709157,24709617.59615103,4189.930,3.96148e14,0.6153,-4.66383e6,2.33945e6,-5.86745e-9
1480728030,28882265.020337474,24695445.181768175,4186.820,3.98983e14,0.0961,-4.68247e6,2.34045e6,-5.86997e-9
1480728060,28864958.510935273,24681333.653345596,4183.625,3.96927e14,0.4199,-4.67230e6,2.34140e6,-5.87237e-9
1480728090,28847627.9458976,24667283.452155348,4180.344,3.97121e14,0.3713,-4.67524e6,2.34230e6,-5.87463e-9
1480728120,28830273.540744055,24653295.018941153,4176.979,3.97664e14,0.2350,-4.68013e6,2.34315e6,-5.87677e-9
1480728150,28812895.5121226,24639368.793890815,4173.527,3.93813e14,1.2010,-4.65909e6,2.34395e6,-5.87877e-9
1480728180,28795494.07781329,24625505.216608446,4169.989,3.95375e14,0.8091,-4.66976e6,2.34469e6,-5.88065e-9
1480728210,28778069.456732117,24611704.726086553,4166.365,3.99344e14,0.1864,-4.69448e6,2.34538e6,-5.88239e-9
1480728240,28760621.86893466,24597967.76067795,4162.654,3.95175e14,0.8593,-4.67124e6,2.34602e6,-5.88400e-9
1480728270,28743151.535619862,24584294.7580674,4158.857,3.92134e14,1.6222,-4.65451e6,2.34661e6,-5.88548e-9
1480728300,28725658.679133773,24570686.155243173,4154.973,3.91670e14,1.7387,-4.65283e6,2.34714e6,-5.88682e-9
1480728330,28708143.522977337,24557142.388489604,4151.001,3.96383e14,0.5564,-4.68153e6,2.34762e6,-5.88803e-9
1480728360,28690606.291797306,24543663.89329343,4146.942,3.98562e14,0.0096,-4.69522e6,2.34804e6,-5.88910e-9
1480728390,28673047.21140291,24530251.104379404,4142.796,4.03224e14,1.1599,-4.72341e6,2.34841e6,-5.89003e-9
1480728420,28655466.508765187,24516904.45566062,4138.562,4.05087e14,1.6273,-4.73502e6,2.34873e6,-5.89083e-9
1480728450,28637864.412020802,24503624.380209483,4134.240,3.96052e14,0.6393,-4.68232e6,2.34898e6,-5.89148e-9
1480728480,28620241.1504756,24490411.31022843,4129.830,3.95172e14,0.8600,-4.67754e6,2.34919e6,-5.89200e-9
1480728510,28602596.954608265,24477265.6770207,4125.331,4.00874e14,0.5705,-4.71144e6,2.34933e6,-5.89238e-9
1480728540,28584932.056073945,24464187.91096083,4120.744,4.03012e14,1.1068,-4.72421e6,2.34942e6,-5.89261e-9
1480728570,28567246.687707786,24451178.441465076,4116.068,4.01319e14,0.6820,-4.71431e6,2.34945e6,-5.89270e-9
1480728600,28549541.083528526,24438237.696961667,4111.303,4.00144e14,0.3874,-4.70734e6,2.34943e6,-5.89265e-9
1480728630,28531815.478738595,24425366.10484835,4106.449,3.98934e14,0.0837,-4.70005e6,2.34935e6,-5.89245e-9
1480728660,28514070.10973826,24412564.09150112,4101.506,4.00343e14,0.4371,-4.70807e6,2.34921e6,-5.89211e-9
1480728690,28496305.214118294,24399832.082205664,4096.473,4.03671e14,1.2721,-4.72728e6,2.34901e6,-5.89162e-9
1480728720,28478521.030667,24387170.50113939,4091.351,3.96839e14,0.4419,-4.68652e6,2.34875e6,-5.89098e-9
1480728750,28460717.799373556,24374579.771340948,4086.138,3.94807e14,0.9517,-4.67393e6,2.34843e6,-5.89020e-9
1480728780,28442895.761431377,24362060.314679615,4080.835,3.97963e14,0.1599,-4.69177e6,2.34806e6,-5.88927e-9
1480728810,28425055.159241572,24349612.55182464,4075.443,3.94376e14,1.0598,-4.66978e6,2.34762e6,-5.88818e-9
1480728840,28407196.23641614,24337236.902214337,4069.959,3.94922e14,0.9227,-4.67201e6,2.34713e6,-5.88695e-9
1480728870,28389319.237781342,24324933.784025174,4064.385,3.97118e14,0.3718,-4.68383e6,2.34657e6,-5.88557e-9
1480728900,28371424.40938095,24312703.614140637,4058.721,4.01021e14,0.6072,-4.70557e6,2.34595e6,-5.88403e-9
1480728930,28353511.998481333,24300546.8081315,4052.965,4.01266e14,0.6688,-4.70566e6,2.34527e6,-5.88234e-9
1480728960,28335582.253569014,24288463.780189637,4047.118,3.97339e14,0.3164,-4.68108e6,2.34453e6,-5.88049e-9
1480728990,28317635.424359642,24276454.94313127,4041.180,3.98542e14,0.0146,-4.68656e6,2.34373e6,-5.87849e-9
1480729020,28299671.761799198,24264520.70835449,4035.151,4.00773e14,0.5450,-4.69794e6,2.34287e6,-5.87634e-9
1480729050,28281691.51806725,24252661.48580773,4029.030,4.00427e14,0.4583,-4.69406e6,2.34194e6,-5.87402e-9
1480729080,28263694.946579956,24240877.683958158,4022.817,3.99166e14,0.1419,-4.68467e6,2.34095e6,-5.87155e-9
1480729110,28245682.301993255,24229169.70976004,4016.513,3.98547e14,0.0135,-4.67894e6,2.33990e6,-5.86892e-9
1480729140,28227653.840205837,24217537.96862301,4010.116,3.95797e14,0.7033,-4.66058e6,2.33878e6,-5.86614e-9
1480729170,28209609.8183622,24205982.86438022,4003.627,3.97416e14,0.2972,-4.66772e6,2.33760e6,-5.86319e-9
1480729200,28191550.49485563,24194504.79925644,3997.046,3.97293e14,0.3280,-4.66452e6,2.33635e6,-5.86008e-9
1480729230,28173476.129331023,24183104.173816193,3990.372,3.96436e14,0.5429,-4.65689e6,2.33504e6,-5.85681e-9
1480729260,28155386.982688203,24171781.38699307,3983.606,4.03573e14,1.2475,-4.69593e6,2.33367e6,-5.85337e-9
1480729290,28137283.317084365,24160536.835996196,3976.746,3.97959e14,0.1609,-4.66020e6,2.33223e6,-5.84977e-9
1480729320,28119165.395937007,24149370.91629787,3969.794,3.92294e14,1.5821,-4.62408e6,2.33072e6,-5.84601e-9
1480729350,28101033.483926807,24138284.021601155,3962.749,3.92175e14,1.6119,-4.62027e6,2.32915e6,-5.84209e-9
1480729380,28082887.847000323,24127276.543807525,3955.611,3.95674e14,0.7342,-4.63746e6,2.32751e6,-5.83799e-9
1480729410,28064728.752372783,24116348.872984514,3948.380,3.99039e14,0.1100,-4.65370e6,2.32581e6,-5.83373e-9
1480729440,28046556.468530707,24105501.397333242,3941.055,4.00898e14,0.5765,-4.66100e6,2.32404e6,-5.82931e-9
1480729470,28028371.26523456,24094734.503156,3933.637,4.01470e14,0.7198,-4.66064e6,2.32220e6,-5.82471e-9
1480729500,28010173.41352137,24084048.574823815,3926.125,3.99859e14,0.3157,-4.64745e6,2.32030e6,-5.81994e-9
1480729530,27991963.185710393,24073443.994771488,3918.519,4.03488e14,1.2261,-4.66461e6,2.31832e6,-5.81501e-9
1480729560,27973740.855395947,24062921.14338045,3910.820,4.05347e14,1.6926,-4.67131e6,2.31628e6,-5.80990e-9
1480729590,27955506.69745957,24052480.399031334,3903.026,4.01114e14,0.6307,-4.64249e6,2.31417e6,-5.80463e-9
1480729620,27937260.988069367,24042122.13804423,3895.139,3.94846e14,0.9418,-4.60177e6,2.31199e6,-5.79918e-9
1480729650,27919004.004682273,24031846.734646548,3887.157,3.92889e14,1.4328,-4.58597e6,2.30974e6,-5.79355e-9
1480729680,27900736.02604648,24021654.560940873,3879.081,3.94036e14,1.1451,-4.58801e6,2.30743e6,-5.78776e-9
1480729710,27882457.332203645,24011545.986872844,3870.911,3.96284e14,0.5811,-4.59627e6,2.30504e6,-5.78179e-9
1480729740,27864168.204491068,24001521.38019902,3862.647,3.99654e14,0.2644,-4.61084e6,2.30258e6,-5.77564e-9
1480729770,27845868.925543897,23991581.106454894,3854.288,3.99737e14,0.2852,-4.60627e6,2.30006e6,-5.76932e-9
1480729800,27827559.779297184,23981725.528922793,3845.834,3.97286e14,0.3298,-4.58694e6,2.29746e6,-5.76282e-9
1480729830,27809241.05097662,23971955.00857474,3837.286,3.99688e14,0.2728,-4.59545e6,2.29479e6,-5.75614e-9
1480729860,27790913.027135268,23962269.90411817,3828.643,3.97661e14,0.2357,-4.57832e6,2.29205e6,-5.74929e-9
1480729890,27772575.995620586,23952670.571886025,3819.905,3.96406e14,0.5504,-4.56551e6,2.28924e6,-5.74226e-9
1480729920,27754230.2455875,23943157.365830045,3811.073,4.00098e14,0.3757,-4.58094e6,2.28636e6,-5.73504e-9
1480729950,27735876.067500055,23933730.63748861,3802.145,4.00232e14,0.4094,-4.57579e6,2.28340e6,-5.72765e-9
1480729980,27717513.75313303,23924390.735954948,3793.123,3.94341e14,1.0685,-4.53604e6,2.28037e6,-5.72008e-9
1480730010,27699143.595573545,23915138.00784519,3784.006,3.89181e14,2.3630,-4.50040e6,2.27728e6,-5.71232e-9
1480730040,27680765.8892226,23905972.797266625,3774.793,3.93180e14,1.3599,-4.51695e6,2.27410e6,-5.70438e-9
1480730070,27662380.92979647,23896895.445785962,3765.485,3.96577e14,0.5077,-4.52986e6,2.27086e6,-5.69626e-9
1480730100,27643989.01432813,23887906.292397782,3756.083,3.95443e14,0.7922,-4.51680e6,2.26754e6,-5.68796e-9
1480730130,27625590.44118453,23879005.673511043,3746.585,3.96297e14,0.5780,-4.51490e6,2.26415e6,-5.67947e-9
1480730160,27607185.51001879,23870193.922861986,3736.992,3.93487e14,1.2828,-4.49207e6,2.26068e6,-5.67080e-9
1480730190,27588774.52182069,23861471.371538825,3727.303,3.95558e14,0.7634,-4.49677e6,2.25715e6,-5.66194e-9
1480730220,27570357.778901998,23852838.34793264,3717.519,3.97695e14,0.2270,-4.50166e6,2.25353e6,-5.65289e-9
1480730250,27551935.58489769,23844295.177706417,3707.640,3.94954e14,0.9148,-4.47883e6,2.24984e6,-5.64366e-9
1480730280,27533508.244767148,23835842.183764398,3697.666,3.90066e14,2.1411,-4.44381e6,2.24608e6,-5.63424e-9
1480730310,27515076.064795297,23827479.686221406,3687.596,3.94312e14,1.0760,-4.46010e6,2.24224e6,-5.62464e-9
1480730340,27496639.35259358,23819208.002372418,3677.431,4.01399e14,0.7022,-4.49213e6,2.23833e6,-5.61484e-9
1480730370,27478198.41710098,23811027.44666225,3667.171,4.06810e14,2.0596,-4.51446e6,2.23434e6,-5.60486e-9
1480730400,27459753.568584844,23802938.330655407,3656.815,4.05965e14,1.8476,-4.50153e6,2.23028e6,-5.59469e-9
1480730430,27441305.118632175,23794940.96299478,3646.364,3.96117e14,0.6229,-4.43819e6,2.22614e6,-5.58432e-9
1480730460,27422853.380179916,23787035.64940672,3635.818,3.98474e14,0.0317,-4.44293e6,2.22193e6,-5.57377e-9
1480730490,27404398.66748589,23779222.692636233,3625.176,3.97892e14,0.1778,-4.43112e6,2.21763e6,-5.56303e-9
1480730520,27385941.296138883,23771502.392428856,3614.439,3.97725e14,0.2196,-4.42147e6,2.21327e6,-5.55209e-9
1480730550,27367481.583059087,23763875.045501202,3603.607,4.00759e14,0.5414,-4.42941e6,2.20882e6,-5.54096e-9
1480730580,27349019.846498337,23756340.94551178,3592.679,4.02157e14,0.8923,-4.42809e6,2.20430e6,-5.52964e-9
1480730610,27330556.4060404,23748900.38303202,3581.656,4.02731e14,1.0363,-4.42203e6,2.19970e6,-5.51813e-9
1480730640,27312091.582601007,23741553.645517435,3570.538,4.01820e14,0.8077,-4.40762e6,2.19503e6,-5.50642e-9
1480730670,27293625.698427957,23734301.017279036,3559.325,4.01398e14,0.7020,-4.39577e6,2.19027e6,-5.49452e-9
1480730700,27275159.07710097,23727142.77945496,3548.016,4.00180e14,0.3962,-4.37940e6,2.18544e6,-5.48243e-9
1480730730,27256692.043527663,23720079.209985226,3536.613,3.99416e14,0.2046,-4.36540e6,2.18054e6,-5.47014e-9
1480730760,27238224.923955202,23713110.583574664,3525.114,4.02104e14,0.8790,-4.37010e6,2.17555e6,-5.45765e-9
1480730790,27219758.045958105,23706237.171674572,3513.521,4.01386e14,0.6987,-4.35602e6,2.17049e6,-5.44497e-9
1480730820,27201291.73844153,23699459.24245226,3501.832,3.97037e14,0.3921,-4.32209e6,2.16534e6,-5.43210e-9
1480730850,27182826.331640717,23692777.06076384,3490.049,4.00848e14,0.5638,-4.33233e6,2.16012e6,-5.41902e-9
1480730880,27164362.157120302,23686190.888127252,3478.171,4.04749e14,1.5425,-4.34280e6,2.15483e6,-5.40575e-9
1480730910,27145899.54777355,23679700.982695725,3466.199,3.99736e14,0.2848,-4.30494e6,2.14945e6,-5.39229e-9
1480730940,27127438.83782151,23673307.59923125,3454.131,3.97878e14,0.1814,-4.28402e6,2.14399e6,-5.37862e-9
1480730970,27108980.362812005,23667010.989078525,3441.969,3.98794e14,0.0485,-4.27789e6,2.13846e6,-5.36476e-9
1480731000,27090524.459618624,23660811.400139064,3429.713,4.00387e14,0.4481,-4.27519e6,2.13284e6,-5.35070e-9
1480731030,27072071.466453385,23654709.076853976,3417.362,3.96194e14,0.6036,-4.24142e6,2.12715e6,-5.33644e-9
1480731060,27053621.72282293,23648704.260153152,3404.917,3.94578e14,1.0092,-4.22131e6,2.12138e6,-5.32199e-9
1480731090,27035175.56956977,23642797.187455676,3392.378,3.96217e14,0.5979,-4.21838e6,2.11553e6,-5.30733e-9
1480731120,27016733.34885718,23636988.092636965,3379.745,3.92177e14,1.6115,-4.18518e6,2.10960e6,-5.29248e-9
1480731150,26998295.404167734,23631277.206004534,3367.018,3.93725e14,1.2232,-4.18144e6,2.10358e6,-5.27742e-9
1480731180,26979862.080301836,23625664.754273847,3354.197,3.97485e14,0.2799,-4.18913e6,2.09749e6,-5.26217e-9
1480731210,26961433.723376025,23620150.960544735,3341.283,3.97527e14,0.2693,-4.17704e6,2.09133e6,-5.24672e-9
1480731240,26943010.68082123,23614736.044277873,3328.275,3.98540e14,0.0151,-4.16986e6,2.08508e6,-5.23106e-9
1480731270,26924593.30138091,23609420.22127177,3315.173,4.00855e14,0.5655,-4.16929e6,2.07875e6,-5.21521e-9
1480731300,26906181.93510904,23604203.703639936,3301.978,4.01599e14,0.7522,-4.16031e6,2.07234e6,-5.19916e-9
1480731330,26887776.933353554,23599086.699772224,3288.690,3.99455e14,0.2143,-4.13618e6,2.06585e6,-5.18290e-9
1480731360,26869378.648798786,23594069.414362684,3275.309,3.94403e14,1.0530,-4.09694e6,2.05928e6,-5.16645e-9
1480731390,26850987.435418326,23589152.04833782,3261.835,3.96809e14,0.4493,-4.09611e6,2.05263e6,-5.14979e-9
1480731420,26832603.64848693,23584334.798851155,3248.269,4.01064e14,0.6181,-4.10453e6,2.04590e6,-5.13293e-9
1480731450,26814227.644577827,23579617.859261982,3234.610,4.01976e14,0.8470,-4.09555e6,2.03909e6,-5.11587e-9
1480731480,26795859.781559814,23575001.419114474,3220.858,4.01142e14,0.6375,-4.07747e6,2.03220e6,-5.09861e-9
1480731510,26777500.418594368,23570485.66411718,3207.015,4.02288e14,0.9251,-4.06932e6,2.02523e6,-5.08115e-9
1480731540,26759149.916132435,23566070.776122842,3193.079,3.99916e14,0.3300,-4.04315e6,2.01818e6,-5.06349e-9
1480731570,26740808.635911297,23561756.93310861,3179.052,3.93956e14,1.1652,-3.99881e6,2.01105e6,-5.04563e-9
1480731600,26722476.940951146,23557544.30915661,3164.933,3.98885e14,0.0714,-4.00926e6,2.00384e6,-5.02757e-9
1480731630,26704155.195560094,23553433.07444637,3150.722,3.99876e14,0.3199,-3.99964e6,1.99655e6,-5.00930e-9
1480731660,26685843.765304327,23549423.39520104,3136.420,4.00759e14,0.5416,-3.98930e6,1.98918e6,-4.99083e-9
1480731690,26667543.017030664,23545515.433704223,3122.028,4.09012e14,2.6121,-4.01540e6,1.98173e6,-4.97216e-9
1480731720,26649253.318854246,23541709.348270874,3107.544,3.97660e14,0.2360,-3.94392e6,1.97419e6,-4.95330e-9
1480731750,26630975.04015454,23538005.293230012,3092.970,3.97158e14,0.3619,-3.92625e6,1.96658e6,-4.93422e-9
1480731780,26612708.551571228,23534403.418907776,3078.305,4.06252e14,1.9196,-3.95560e6,1.95889e6,-4.91495e-9
1480731810,26594454.22499999,23530903.871610977,3063.550,4.00594e14,0.5002,-3.91222e6,1.95112e6,-4.89548e-9
1480731840,26576212.43358815,23527506.793610994,3048.706,3.96666e14,0.4852,-3.87733e6,1.94327e6,-4.87581e-9
1480731870,26557983.551730115,23524212.32312817,3033.771,3.94132e14,1.1211,-3.84921e6,1.93533e6,-4.85593e-9
1480731900,26539767.955062747,23521020.594316583,3018.747,3.97235e14,0.3426,-3.84829e6,1.92732e6,-4.83586e-9
1480731930,26521566.020458482,23517931.737246018,3003.634,4.01347e14,0.6890,-3.85195e6,1.91923e6,-4.81558e-9
1480731960,26503378.12602689,23514945.877897568,2988.432,3.97425e14,0.2948,-3.81675e6,1.91106e6,-4.79511e-9
1480731990,26485204.651102975,23512063.13813998,2973.142,4.00052e14,0.3641,-3.81282e6,1.90280e6,-4.77443e-9
1480732020,26467045.976244055,23509283.635719337,2957.762,4.03883e14,1.3253,-3.81435e6,1.89447e6,-4.75355e-9
1480732050,26448902.483224332,23506607.48424593,2942.295,3.95126e14,0.8717,-3.75599e6,1.88606e6,-4.73248e-9
1480732080,26430774.555029374,23504034.79318172,2926.740,3.96124e14,0.6214,-3.74379e6,1.87757e6,-4.71120e-9
1480732110,26412662.575850405,23501565.667828176,2911.097,4.00615e14,0.5055,-3.74778e6,1.86900e6,-4.68973e-9
1480732140,26394566.931078386,23499200.20931457,2895.367,3.99665e14,0.2670,-3.72601e6,1.86035e6,-4.66805e-9
1480732170,26376488.00729805,23496938.514586695,2879.549,4.08954e14,2.5975,-3.75170e6,1.85162e6,-4.64618e-9
1480732200,26358426.192281686,23494780.676396083,2863.646,4.02527e14,0.9851,-3.70415e6,1.84282e6,-4.62411e-9
1480732230,26340381.874984115,23492726.783289686,2847.655,3.95205e14,0.8518,-3.65260e6,1.83393e6,-4.60184e-9
1480732260,26322355.44553204,23490776.91960002,2831.579,4.03179e14,1.1487,-3.67127e6,1.82496e6,-4.57938e-9
1480732290,26304347.295221627,23488931.1654355,2815.416,4.00564e14,0.4927,-3.64118e6,1.81592e6,-4.55671e-9
1480732320,26286357.816510268,23487189.59667156,2799.168,3.99334e14,0.1841,-3.61732e6,1.80680e6,-4.53385e-9
1480732350,26268387.40300958,23485552.284942206,2782.835,3.98391e14,0.0526,-3.59466e6,1.79760e6,-4.51080e-9
1480732380,26250436.449478257,23484019.297631927,2766.417,4.00078e14,0.3707,-3.58369e6,1.78832e6,-4.48754e-9
1480732410,26232505.35181474,23482590.697868157,2749.915,4.02541e14,0.9886,-3.57594e6,1.77896e6,-4.46410e-9
1480732440,26214594.5070497,23481266.544514183,2733.328,3.99373e14,0.1938,-3.54292e6,1.76953e6,-4.44045e-9
1480732470,26196704.313338332,23480046.892162524,2716.657,3.92244e14,1.5947,-3.49240e6,1.76001e6,-4.41661e-9
1480732500,26178835.16995251,23478931.79112877,2699.903,3.89964e14,2.1667,-3.46337e6,1.75042e6,-4.39258e-9
1480732530,26160987.477264974,23477921.287447266,2683.066,3.94564e14,1.0125,-3.46435e6,1.74076e6,-4.36835e-9
1480732560,26143161.636765074,23477015.42286174,2666.146,4.04510e14,1.4826,-3.48818e6,1.73101e6,-4.34393e-9
1480732590,26125358.051026333,23476214.23482488,2649.144,4.04237e14,1.4142,-3.46722e6,1.72119e6,-4.31932e-9
1480732620,26107577.123705648,23475517.756492697,2632.059,3.97537e14,0.2669,-3.41852e6,1.71130e6,-4.29451e-9
1480732650,26089819.25953437,23474926.01672077,2614.893,3.99620e14,0.2558,-3.40751e6,1.70132e6,-4.26952e-9
1480732680,26072084.864309408,23474439.04006099,2597.646,3.98548e14,0.0131,-3.38284e6,1.69127e6,-4.24433e-9
1480732710,26054374.344883997,23474056.84675876,2580.317,3.95500e14,0.7778,-3.34974e6,1.68115e6,-4.21895e-9
1480732740,26036688.109158363,23473779.4527507,2562.909,3.99574e14,0.2442,-3.34651e6,1.67095e6,-4.19338e-9
1480732770,26019026.566070233,23473606.869662784,2545.420,4.04125e14,1.3859,-3.34491e6,1.66067e6,-4.16762e-9
1480732800,26001390.12558506,23473539.104809005,2527.851,3.96121e14,0.6219,-3.29092e6,1.65032e6,-4.14168e-9
1480732830,25983779.198703602,23473576.161178548,2510.203,3.93116e14,1.3759,-3.25778e6,1.63989e6,-4.11554e-9
1480732860,25966194.19739821,23473718.037472248,2492.476,3.97178e14,0.3568,-3.25354e6,1.62939e6,-4.08922e-9
1480732890,25948635.53465627,23473964.72806577,2474.671,3.96655e14,0.4881,-3.23031e6,1.61881e6,-4.06272e-9
1480732920,25931103.624452583,23474316.223021954,2456.787,3.99498e14,0.2251,-3.22055e6,1.60817e6,-4.03602e-9
1480732950,25913598.88173881,23474772.508091882,2438.826,4.03235e14,1.1626,-3.21407e6,1.59744e6,-4.00914e-9
1480732980,25896121.722432856,23475333.56471628,2420.788,4.02967e14,1.0955,-3.19129e6,1.58665e6,-3.98208e-9
1480733010,25878672.563407943,23475999.37002758,2402.673,4.01529e14,0.7348,-3.16376e6,1.57578e6,-3.95484e-9
1480733040,25861251.82248159,23476769.896852262,2384.482,3.96265e14,0.5858,-3.12113e6,1.56483e6,-3.92741e-9
1480733070,25843859.918404292,23477645.113713883,2366.215,3.98586e14,0.0036,-3.10823e6,1.55382e6,-3.89980e-9
1480733100,25826497.27084807,23478624.984836493,2347.872,4.01300e14,0.6772,-3.09657e6,1.54273e6,-3.87201e-9
1480733130,25809164.300371736,23479709.47017359,2329.455,3.99684e14,0.2718,-3.06798e6,1.53158e6,-3.84404e-9
1480733160,25791861.42847989,23480898.525335502,2310.963,3.94747e14,0.9667,-3.02666e6,1.52035e6,-3.81589e-9
1480733190,25774589.077539872,23482192.101671595,2292.397,3.93142e14,1.3694,-2.99809e6,1.50905e6,-3.78756e-9
1480733220,25757347.670792148,23483590.14625089,2273.758,3.93209e14,1.3525,-2.97577e6,1.49767e6,-3.75905e-9
1480733250,25740137.63233763,23485092.601868108,2255.045,4.02324e14,0.9343,-2.98705e6,1.48623e6,-3.73037e-9
1480733280,25722959.387124684,23486699.407050326,2236.260,4.02351e14,0.9409,-2.96403e6,1.47472e6,-3.70151e-9
1480733310,25705813.36093609,23488410.496064004,2217.403,3.94897e14,0.9292,-2.91339e6,1.46314e6,-3.67248e-9
1480733340,25688699.98037559,23490225.798922513,2198.474,4.03387e14,1.2008,-2.92114e6,1.45149e6,-3.64328e-9
1480733370,25671619.672854397,23492145.24139412,2179.474,4.02565e14,0.9945,-2.89460e6,1.43977e6,-3.61390e-9
1480733400,25654572.86657738,23494168.745010424,2160.404,4.01767e14,0.7944,-2.86806e6,1.42799e6,-3.58435e-9
1480733430,25637559.990551725,23496296.22704372,2141.264,4.03160e14,1.1438,-2.84921e6,1.41613e6,-3.55463e-9
1480733460,25620581.474503197,23498527.600613654,2122.054,3.96213e14,0.5990,-2.80076e6,1.40421e6,-3.52474e-9
1480733490,25603637.748931352,23500862.774599455,2102.775,3.94427e14,1.0470,-2.77062e6,1.39222e6,-3.49468e-9
1480733520,25586729.245072633,23503301.6536815,2083.428,3.93458e14,1.2902,-2.74328e6,1.38016e6,-3.46445e-9
1480733550,25569856.39488577,23505844.138351776,2064.012,3.91917e14,1.6768,-2.71391e6,1.36804e6,-3.43406e-9
1480733580,25553019.63103698,23508490.124924753,2044.530,3.97385e14,0.3049,-2.70836e6,1.35585e6,-3.40351e-9
1480733610,25536219.38688493,23511239.50554873,2024.980,3.98450e14,0.0379,-2.68749e6,1.34360e6,-3.37278e-9
1480733640,25519456.096465528,23514092.16821763,2005.364,4.01304e14,0.6782,-2.67240e6,1.33128e6,-3.34190e-9
1480739160,23514945.877897568,25514951.488079347,2000.006,4.00396e14,0.4504,2.66361e6,-1.32891e6,3.33344e-9
1480739190,23512063.13813998,25531707.739064142,2019.645,4.00772e14,0.5449,2.68958e6,-1.34123e6,3.36437e-9
1480739220,23509283.635719337,25548501.075887583,2039.217,4.03799e14,1.3041,2.72444e6,-1.35349e6,3.39515e-9
1480739250,23506607.48424593,25565331.06401715,2058.724,4.04405e14,1.4562,2.75107e6,-1.36568e6,3.42576e-9
1480739280,23504034.79318172,25582197.269593243,2078.162,3.99332e14,0.1834,2.75797e6,-1.37780e6,3.45620e-9
1480739310,23501565.667828176,25599099.2594448,2097.534,3.99017e14,0.1045,2.78103e6,-1.38986e6,3.48648e-9
1480739340,23499200.20931457,25616036.6011046,2116.836,4.04446e14,1.4665,2.82412e6,-1.40185e6,3.51659e-9
1480739370,23496938.514586695,25633008.86282442,2136.070,3.99334e14,0.1839,2.83003e6,-1.41378e6,3.54654e-9
1480739400,23494780.676396083,25650015.613589928,2155.235,3.95505e14,0.7767,2.84008e6,-1.42564e6,3.57631e-9
1480739430,23492726.783289686,25667056.423112277,2174.330,4.00682e14,0.5221,2.88225e6,-1.43743e6,3.60592e-9
1480739460,23490776.91960002,25684130.86191366,2193.354,4.08956e14,2.5980,2.93585e6,-1.44915e6,3.63535e-9
1480739490,23488931.1654355,25701238.501270555,2212.307,3.99023e14,0.1061,2.92307e6,-1.46080e6,3.66461e-9
1480739520,23487189.59667156,25718378.913250457,2231.189,3.94605e14,1.0024,2.92994e6,-1.47238e6,3.69370e-9
1480739550,23485552.284942206,25735551.67072559,2249.999,4.01948e14,0.8398,2.98019e6,-1.48390e6,3.72262e-9
1480739580,23484019.297631927,25752756.347386274,2268.737,4.02666e14,1.0199,3.00588e6,-1.49534e6,3.75135e-9
1480739610,23482590.697868157,25769992.51775414,2287.402,4.01257e14,0.6664,3.02343e6,-1.50672e6,3.77992e-9
1480739640,23481266.544514183,25787259.757195164,2305.993,3.95680e14,0.7328,3.02489e6,-1.51802e6,3.80830e-9
1480739670,23480046.892162524,25804557.641932413,2324.511,3.95463e14,0.7870,3.04645e6,-1.52925e6,3.83651e-9
1480739700,23478931.79112877,25821885.749058615,2342.954,3.98739e14,0.0347,3.08136e6,-1.54042e6,3.86454e-9
1480739730,23477921.287447266,25839243.656571075,2361.322,3.93428e14,1.2977,3.08288e6,-1.55151e6,3.89239e-9
1480739760,23477015.42286174,25856630.94331475,2379.616,3.96144e14,0.6164,3.11543e6,-1.56252e6,3.92005e-9
1480739790,23476214.23482488,25874047.1890632,2397.833,4.01675e14,0.7713,3.15910e6,-1.57347e6,3.94754e-9
1480739820,23475517.756492697,25891491.974508315,2415.974,4.03629e14,1.2615,3.18870e6,-1.58434e6,3.97484e-9
1480739850,23474926.01672077,25908964.881272104,2434.039,3.98209e14,0.0982,3.18876e6,-1.59514e6,4.00196e-9
1480739880,23474439.04006099,25926465.49191822,2452.026,3.88798e14,2.4592,3.17230e6,-1.60587e6,4.02890e-9
1480739910,23474056.84675876,25943993.389963448,2469.937,3.96128e14,0.6202,3.22308e6,-1.61652e6,4.05565e-9
1480739940,23473779.4527507,25961548.15988884,2487.769,3.99972e14,0.3440,3.25987e6,-1.62710e6,4.08222e-9
1480739970,23473606.869662784,25979129.387150735,2505.523,3.95916e14,0.6734,3.26427e6,-1.63761e6,4.10860e-9
1480740000,23473539.104809005,25996736.65819157,2523.198,3.93296e14,1.3307,3.27423e6,-1.64804e6,4.13479e-9
1480740030,23473576.161178548,26014369.56043032,2540.793,3.95716e14,0.7236,3.30489e6,-1.65839e6,4.16080e-9
1480740060,23473718.037472248,26032027.682334848,2558.310,4.00178e14,0.3958,3.34407e6,-1.66867e6,4.18662e-9
1480740090,23473964.72806577,26049710.61337039,2575.746,4.00439e14,0.4612,3.36562e6,-1.67888e6,4.21225e-9
1480740120,23474316.223021954,26067417.9440293,2593.102,4.03110e14,1.1315,3.39726e6,-1.68901e6,4.23768e-9
1480740150,23474772.508091882,26085149.265840694,2610.377,4.03077e14,1.1230,3.41735e6,-1.69906e6,4.26293e-9
1480740180,23475333.56471628,26102904.171379924,2627.571,4.03103e14,1.1295,3.43754e6,-1.70904e6,4.28799e-9
1480740210,23475999.37002758,26120682.254277878,2644.683,4.04778e14,1.5499,3.46469e6,-1.71894e6,4.31286e-9
1480740240,23476769.896852262,26138483.109230004,2661.713,3.97805e14,0.1995,3.45426e6,-1.72877e6,4.33753e-9
1480740270,23477645.113713883,26156306.332005236,2678.661,3.95890e14,0.6800,3.46539e6,-1.73852e6,4.36201e-9
1480740300,23478624.984836493,26174151.519454643,2695.527,4.00296e14,0.4254,3.50401e6,-1.74819e6,4.38630e-9
1480740330,23479709.47017359,26192018.26953612,2712.309,4.02277e14,0.9223,3.53198e6,-1.75778e6,4.41039e-9
1480740360,23480898.525335502,26209906.18127336,2729.008,3.96855e14,0.4380,3.52707e6,-1.76730e6,4.43429e-9
1480740390,23482192.101671595,26227814.854813073,2745.623,3.99491e14,0.2235,3.55767e6,-1.77674e6,4.45800e-9
1480740420,23483590.14625089,26245743.891417343,2762.154,3.96739e14,0.4671,3.56409e6,-1.78610e6,4.48151e-9
1480740450,23485092.601868108,26263692.89347164,2778.600,3.96914e14,0.4232,3.58341e6,-1.79538e6,4.50483e-9
1480740480,23486699.407050326,26281661.46449255,2794.962,4.03614e14,1.2578,3.63213e6,-1.80459e6,4.52794e-9
1480740510,23488410.496064004,26299649.209135458,2811.239,3.97443e14,0.2904,3.62243e6,-1.81372e6,4.55087e-9
1480740540,23490225.798922513,26317655.733202033,2827.430,3.99259e14,0.1652,3.64881e6,-1.82277e6,4.57359e-9
1480740570,23492145.24139412,26335680.64364753,2843.535,4.00197e14,0.4005,3.67109e6,-1.83174e6,4.59612e-9
1480740600,23494168.745010424,26353723.548587948,2859.555,4.00529e14,0.4838,3.69045e6,-1.84063e6,4.61845e-9
1480740630,23496296.22704372,26371784.057294797,2875.488,3.98921e14,0.0804,3.70067e6,-1.84944e6,4.64058e-9
1480740660,23498527.600613654,26389861.780239355,2891.334,3.96753e14,0.4635,3.70805e6,-1.85818e6,4.66252e-9
1480740690,23500862.774599455,26407956.3290622,2907.094,3.99741e14,0.2862,3.73932e6,-1.86683e6,4.68425e-9
1480740720,23503301.6536815,26426067.31659157,2922.766,3.98923e14,0.0810,3.75266e6,-1.87541e6,4.70579e-9
1480740750,23505844.138351776,26444194.35684954,2938.350,3.98800e14,0.0501,3.76908e6,-1.88390e6,4.72713e-9
1480740780,23508490.124924753,26462337.065058142,2953.847,4.02401e14,0.9534,3.80303e6,-1.89232e6,4.74827e-9
1480740810,23511239.50554873,26480495.057645306,2969.256,3.97584e14,0.2551,3.79682e6,-1.90066e6,4.76920e-9
1480740840,23514092.16821763,26498667.952250544,2984.576,4.00742e14,0.5373,3.82845e6,-1.90892e6,4.78994e-9
1480740870,23517047.996783197,26516855.36773057,2999.807,4.01289e14,0.6745,3.84749e6,-1.91710e6,4.81048e-9
1480740900,23520106.870967682,26535056.92416475,3014.950,3.94582e14,1.0082,3.83135e6,-1.92519e6,4.83082e-9
1480740930,23523268.666402046,26553272.242872994,3030.004,3.99772e14,0.2940,3.87249e6,-1.93321e6,4.85096e-9
1480740960,23526533.25456228,26571500.946382187,3044.968,3.98376e14,0.0563,3.88160e6,-1.94115e6,4.87089e-9
1480740990,23529900.50286083,26589742.658469655,3059.842,3.93895e14,1.1806,3.87540e6,-1.94901e6,4.89063e-9
1480741020,23533370.274636243,26607997.00415567,3074.627,4.01410e14,0.7049,3.92778e6,-1.95679e6,4.91017e-9
1480741050,23536942.429168202,26626263.609708324,3089.321,4.04020e14,1.3596,3.95610e6,-1.96449e6,4.92950e-9
1480741080,23540616.82169309,26644542.102648072,3103.925,3.97964e14,0.1596,3.94148e6,-1.97211e6,4.94863e-9
1480741110,23544393.303419974,26662832.111752328,3118.439,3.94651e14,0.9909,3.94010e6,-1.97964e6,4.96756e-9
1480741140,23548271.721546963,26681133.26705972,3132.862,3.95201e14,0.8527,3.95769e6,-1.98710e6,4.98629e-9
1480741170,23552251.919278022,26699445.199874386,3147.193,3.92423e14,1.5499,3.95849e6,-1.99448e6,5.00482e-9
1480741200,23556333.735840198,26717767.542769983,3161.434,3.86858e14,2.9459,3.94503e6,-2.00178e6,5.02315e-9
1480741230,23560517.006489288,26736099.929577515,3175.583,3.93702e14,1.2288,3.99376e6,-2.00900e6,5.04128e-9
1480741260,23564801.562564705,26754441.99543871,3189.640,3.93812e14,1.2012,4.00851e6,-2.01613e6,5.05920e-9
1480741290,23569187.231471006,26772793.37676019,3203.606,3.95075e14,0.8845,4.02896e6,-2.02319e6,5.07693e-9
1480741320,23573673.836708505,26791153.711232763,3217.480,4.03967e14,1.3465,4.08816e6,-2.03017e6,5.09445e-9
1480741350,23578261.197892413,26809522.63783474,3231.261,4.02230e14,0.9105,4.09317e6,-2.03707e6,5.11177e-9
1480741380,23582949.130772237,26827899.796834983,3244.951,4.03223e14,1.1597,4.11197e6,-2.04388e6,5.12889e-9
1480741410,23587737.447251678,26846284.829795953,3258.547,4.01176e14,0.6462,4.11500e6,-2.05062e6,5.14581e-9
1480741440,23592625.955408767,26864677.3795765,3272.051,3.94408e14,1.0518,4.09342e6,-2.05728e6,5.16253e-9
1480741470,23597614.45951648,26883077.09033466,3285.463,3.97296e14,0.3271,4.12147e6,-2.06385e6,5.17904e-9
1480741500,23602702.7600636,26901483.607530214,3298.781,4.00657e14,0.5159,4.15191e6,-2.07035e6,5.19536e-9
1480741530,23607890.653775368,26919896.57794325,3312.006,3.98538e14,0.0156,4.15374e6,-2.07677e6,5.21147e-9
1480741560,23613177.933637135,26938315.649627183,3325.138,3.96994e14,0.4030,4.15835e6,-2.08311e6,5.22739e-9
1480741590,23618564.388914216,26956740.471960377,3338.176,3.95982e14,0.6569,4.16554e6,-2.08936e6,5.24310e-9
1480741620,23624049.805174865,26975170.69563242,3351.121,3.95509e14,0.7757,4.17537e6,-2.09554e6,5.25862e-9
1480741650,23629633.964312922,26993605.972646378,3363.972,3.96009e14,0.6502,4.19016e6,-2.10164e6,5.27393e-9
1480741680,23635316.64457078,27012045.956320815,3376.729,3.97438e14,0.2916,4.20973e6,-2.10766e6,5.28905e-9
1480741710,23641097.620562695,27030490.301291816,3389.393,4.02316e14,0.9321,4.24746e6,-2.11360e6,5.30396e-9
1480741740,23646976.66329838,27048938.66351479,3401.962,4.01049e14,0.6143,4.25251e6,-2.11946e6,5.31868e-9
1480741770,23652953.540206965,27067390.70026624,3414.437,3.97383e14,0.3055,4.24456e6,-2.12524e6,5.33319e-9
1480741800,23659028.015161265,27085846.070145376,3426.818,4.01201e14,0.6524,4.27637e6,-2.13094e6,5.34751e-9
1480741830,23665199.848509658,27104304.43306688,3439.105,4.00579e14,0.4963,4.28432e6,-2.13656e6,5.36163e-9
1480741860,23671468.797078352,27122765.45028946,3451.297,4.02713e14,1.0319,4.30691e6,-2.14211e6,5.37555e-9
1480741890,23677834.61421928,27141228.784390103,3463.394,4.03106e14,1.1302,4.32002e6,-2.14757e6,5.38928e-9
1480741920,23684297.049828257,27159694.099273857,3475.397,3.98480e14,0.0302,4.30587e6,-2.15296e6,5.40280e-9
1480741950,23690855.850370772,27178161.06017501,3487.305,4.01649e14,0.7649,4.33365e6,-2.15826e6,5.41613e-9
1480741980,23697510.758908074,27196629.333657853,3499.119,4.01092e14,0.6251,4.34113e6,-2.16349e6,5.42926e-9
1480742010,23704261.51512354,27215098.587617643,3510.837,3.99379e14,0.1953,4.34215e6,-2.16864e6,5.44220e-9
1480742040,23711107.8553493,27233568.491281208,3522.461,3.96825e14,0.4454,4.33837e6,-2.17372e6,5.45494e-9
1480742070,23718049.512593098,27252038.71520759,3533.989,3.93584e14,1.2584,4.33063e6,-2.17871e6,5.46748e-9
1480742100,23725086.216565415,27270508.93128852,3545.423,3.98392e14,0.0522,4.36675e6,-2.18363e6,5.47983e-9
1480742130,23732217.693698183,27288978.812748678,3556.761,3.99016e14,0.1044,4.37986e6,-2.18847e6,5.49198e-9
1480742160,23739443.66719911,27307448.03414656,3568.004,3.94867e14,0.9367,4.36656e6,-2.19323e6,5.50394e-9
1480742190,23746763.857052777,27325916.271373995,3579.152,3.94415e14,1.0501,4.37339e6,-2.19792e6,5.51570e-9
1480742220,23754177.98005722,27344383.2016565,3590.205,3.93975e14,1.1604,4.38013e6,-2.20253e6,5.52728e-9
1480742250,23761685.749852266,27362848.503553268,3601.163,3.93578e14,1.2601,4.38695e6,-2.20706e6,5.53865e-9
1480742280,23769286.876947798,27381311.856957134,3612.025,3.91076e14,1.8876,4.38192e6,-2.21151e6,5.54984e-9
1480742310,23776981.068752583,27399772.943094417,3622.792,3.93727e14,1.2226,4.40534e6,-2.21589e6,5.56083e-9
1480742340,23784768.02960298,27418231.444524672,3633.463,4.03309e14,1.1812,4.46728e6,-2.22019e6,5.57163e-9
1480742370,23792647.460792027,27436687.04514037,3644.040,4.04168e14,1.3967,4.48058e6,-2.22442e6,5.58224e-9
1480742400,23800619.060598668,27455139.430166487,3654.520,3.98162e14,0.1100,4.45535e6,-2.22856e6,5.59266e-9
1480742430,23808682.524323493,27473588.286164556,3664.906,3.97658e14,0.2363,4.46067e6,-2.23264e6,5.60289e-9
1480742460,23816837.54429905,27492033.301018234,3675.196,3.99030e14,0.1078,4.47636e6,-2.23664e6,5.61293e-9
1480742490,23825083.809938837,27510474.1639466,3685.390,3.97962e14,0.1602,4.47821e6,-2.24056e6,5.62278e-9
1480742520,23833421.007761154,27528910.565499,3695.490,3.97113e14,0.3732,4.48112e6,-2.24441e6,5.63244e-9
1480742550,23841848.821419265,27547342.197554264,3705.493,4.00119e14,0.3810,4.50562e6,-2.24818e6,5.64191e-9
1480742580,23850366.931731753,27565768.753319927,3715.402,4.02877e14,1.0728,4.52862e6,-2.25188e6,5.65120e-9
1480742610,23858975.01671302,27584189.927331377,3725.215,3.99949e14,0.3383,4.51933e6,-2.25550e6,5.66030e-9
1480742640,23867672.75160394,27602605.415450837,3734.933,3.93918e14,1.1747,4.49226e6,-2.25905e6,5.66921e-9
1480742670,23876459.808902673,27621014.914866377,3744.555,3.98838e14,0.0596,4.52711e6,-2.26253e6,5.67794e-9
1480742700,23885335.858395573,27639418.124090806,3754.082,4.01298e14,0.6768,4.54791e6,-2.26593e6,5.68648e-9
1480742730,23894300.567186847,27657814.742956642,3763.514,3.97002e14,0.4010,4.53012e6,-2.26926e6,5.69484e-9
1480742760,23903353.599734,27676204.472626735,3772.851,3.99689e14,0.2732,4.55195e6,-2.27251e6,5.70301e-9
1480742790,23912494.617875062,27694587.015581165,3782.092,3.97708e14,0.2239,4.54701e6,-2.27570e6,5.71100e-9
1480742820,23921723.280861225,27712962.07561955,3791.239,3.96452e14,0.5390,4.54604e6,-2.27881e6,5.71881e-9
1480742850,23931039.245388377,27731329.357859686,3800.290,3.97243e14,0.3407,4.55663e6,-2.28185e6,5.72644e-9
1480742880,23940442.16562865,27749688.56873589,3809.246,3.98243e14,0.0898,4.56829e6,-2.28481e6,5.73388e-9
1480742910,23949931.69326215,27768039.415997487,3818.108,3.97593e14,0.2526,4.57035e6,-2.28770e6,5.74115e-9
1480742940,23959507.47750867,27786381.608707033,3826.874,3.95995e14,0.6537,4.56680e6,-2.29053e6,5.74823e-9
1480742970,23969169.165159523,27804714.857238647,3835.546,3.95212e14,0.8501,4.56778e6,-2.29328e6,5.75514e-9
1480743000,23978916.40060947,27823038.873276148,3844.122,3.94275e14,1.0852,4.56772e6,-2.29596e6,5.76187e-9
1480743030,23988748.825885713,27841353.369813867,3852.605,3.98450e14,0.0378,4.59699e6,-2.29857e6,5.76841e-9
1480743060,23998666.080689058,27859658.061146703,3860.992,4.01355e14,0.6911,4.61885e6,-2.30111e6,5.77479e-9
1480743090,24008667.802416697,27877952.66287599,3869.285,3.96665e14,0.4856,4.59669e6,-2.30357e6,5.78098e-9
1480743120,24018753.626197323,27896236.891904987,3877.483,3.98867e14,0.0668,4.61422e6,-2.30597e6,5.78700e-9
1480743150,24028923.184923314,27914510.466436807,3885.587,3.97454e14,0.2876,4.61069e6,-2.30830e6,5.79285e-9
1480743180,24039176.109282844,27932773.10597225,3893.597,3.96484e14,0.5310,4.60958e6,-2.31056e6,5.79852e-9
1480743210,24049512.027792227,27951024.53130776,3901.513,3.99812e14,0.3040,4.63327e6,-2.31275e6,5.80402e-9
1480743240,24059930.566828057,27969264.46453304,3909.334,3.97616e14,0.2469,4.62476e6,-2.31487e6,5.80935e-9
1480743270,24070431.35065953,27987492.629028916,3917.061,3.94381e14,1.0586,4.61006e6,-2.31693e6,5.81450e-9
1480743300,24081014.001480788,28005708.749464914,3924.695,3.95612e14,0.7497,4.62117e6,-2.31891e6,5.81948e-9
1480743330,24091678.13944821,28023912.55179407,3932.234,3.99199e14,0.1501,4.64588e6,-2.32083e6,5.82430e-9
1480743360,24102423.382697165,28042103.76325928,3939.680,3.98537e14,0.0158,4.64573e6,-2.32268e6,5.82894e-9
1480743390,24113249.34739012,28060282.112382226,3947.033,4.00807e14,0.5535,4.66254e6,-2.32446e6,5.83342e-9
1480743420,24124155.647743855,28078447.32896355,3954.292,4.01507e14,0.7293,4.67007e6,-2.32618e6,5.83772e-9
1480743450,24135141.89606186,28096599.144080345,3961.457,3.95774e14,0.7092,4.63989e6,-2.32783e6,5.84186e-9
1480743480,24146207.702766705,28114737.290083423,3968.530,3.93656e14,1.2406,4.63066e6,-2.32941e6,5.84584e-9
1480743510,24157352.67643235,28132861.500594728,3975.509,3.99747e14,0.2877,4.66931e6,-2.33093e6,5.84964e-9
1480743540,24168576.423816506,28150971.51050457,3982.395,4.01734e14,0.7862,4.68385e6,-2.33238e6,5.85329e-9
1480743570,24179878.549892917,28169067.05596886,3989.189,4.01841e14,0.8131,4.68726e6,-2.33377e6,5.85677e-9
1480743600,24191258.65788361,28187147.874406293,3995.889,4.01915e14,0.8316,4.69035e6,-2.33509e6,5.86008e-9
1480743630,24202716.349288248,28205213.70449854,4002.497,3.97543e14,0.2652,4.66724e6,-2.33635e6,5.86324e-9
1480743660,24214251.223925143,28223264.28617819,4009.013,3.96588e14,0.5049,4.66402e6,-2.33754e6,5.86623e-9
1480743690,24225862.879954547,28241299.360634796,4015.436,3.98145e14,0.1143,4.67541e6,-2.33867e6,5.86906e-9
1480743720,24237550.91391355,28259318.670309093,4021.768,3.98195e14,0.1018,4.67783e6,-2.33974e6,5.87174e-9
1480743750,24249314.920748044,28277321.958890017,4028.007,3.96656e14,0.4878,4.67080e6,-2.34074e6,5.87425e-9
1480743780,24261154.493844613,28295308.971311677,4034.154,3.93857e14,1.1901,4.65622e6,-2.34168e6,5.87661e-9
1480743810,24273069.22506248,28313279.453750372,4040.210,3.95136e14,0.8691,4.66549e6,-2.34256e6,5.87881e-9
1480743840,24285058.704765145,28331233.1536215,4046.174,4.02780e14,1.0486,4.71206e6,-2.34337e6,5.88085e-9
1480743870,24297122.52185217,28349169.81957643,4052.047,4.03363e14,1.1948,4.71700e6,-2.34413e6,5.88274e-9
1480743900,24309260.26379071,28367089.201499425,4057.829,4.02492e14,0.9763,4.71327e6,-2.34482e6,5.88447e-9
1480743930,24321471.51664396,28384991.050502453,4063.520,4.00991e14,0.5997,4.70570e6,-2.34545e6,5.88605e-9
1480743960,24333755.86511231,28402875.11892809,4069.119,4.00467e14,0.4683,4.70376e6,-2.34602e6,5.88747e-9
1480743990,24346112.892554775,28420741.160340343,4074.628,3.96418e14,0.5475,4.68093e6,-2.34653e6,5.88875e-9
1480744020,24358542.181023516,28438588.9295233,4080.047,3.93830e14,1.1967,4.66658e6,-2.34697e6,5.88987e-9
1480744050,24371043.311294887,28456418.182477817,4085.375,3.97898e14,0.1762,4.69132e6,-2.34736e6,5.89084e-9
1480744080,24383615.86290048,28474228.676418226,4090.613,3.95982e14,0.6569,4.68069e6,-2.34769e6,5.89167e-9
1480744110,24396259.41415811,28492020.169768974,4095.761,3.99629e14,0.2580,4.70271e6,-2.34796e6,5.89234e-9
1480744140,24408973.54220252,28509792.422161233,4100.819,4.00313e14,0.4296,4.70717e6,-2.34818e6,5.89287e-9
1480744170,24421757.823016174,28527545.194429502,4105.787,4.00428e14,0.4585,4.70815e6,-2.34833e6,5.89325e-9
1480744200,24434611.831459824,28545278.248608187,4110.666,3.99631e14,0.2585,4.70364e6,-2.34842e6,5.89349e-9
1480744230,24447535.141317748,28562991.347931053,4115.456,3.95044e14,0.8923,4.67668e6,-2.34846e6,5.89358e-9
1480744260,24460527.32528257,28580684.256818768,4120.157,3.98625e14,0.0063,4.69775e6,-2.34844e6,5.89353e-9
1480744290,24473587.95503125,28598356.740884304,4124.769,4.00964e14,0.5931,4.71138e6,-2.34837e6,5.89333e-9
1480744320,24486716.601240437,28616008.566926546,4129.292,3.92999e14,1.4053,4.66417e6,-2.34823e6,5.89299e-9
1480744350,24499912.833616555,28633639.50292678,4133.727,3.93538e14,1.2701,4.66697e6,-2.34804e6,5.89251e-9
1480744380,24513176.220925763,28651249.318045102,4138.073,3.98025e14,0.1444,4.69292e6,-2.34780e6,5.89190e-9
1480744410,24526506.331023693,28668837.782616872,4142.331,4.00604e14,0.5026,4.70751e6,-2.34750e6,5.89114e-9
1480744440,24539902.73088509,28686404.668149028,4146.502,4.00465e14,0.4677,4.70597e6,-2.34714e6,5.89024e-9
1480744470,24553364.986633297,28703949.747316554,4150.585,3.96268e14,0.5850,4.68044e6,-2.34673e6,5.88920e-9
1480744500,24566892.66356949,28721472.793958765,4154.580,3.96248e14,0.5902,4.67939e6,-2.34627e6,5.88803e-9
1480744530,24580485.32617269,28738973.58306688,4158.488,3.96121e14,0.6221,4.67760e6,-2.34575e6,5.88673e-9
1480744560,24594142.53821869,28756451.890807327,4162.309,3.98386e14,0.0539,4.68979e6,-2.34518e6,5.88528e-9
1480744590,24607863.862718552,28773907.494490985,4166.044,3.99198e14,0.1499,4.69331e6,-2.34455e6,5.88371e-9
1480744620,24621648.861976232,28791340.172578175,4169.691,3.97156e14,0.3624,4.67994e6,-2.34387e6,5.88200e-9
1480744650,24635497.097616754,28808749.70467481,4173.253,3.96993e14,0.4033,4.67752e6,-2.34314e6,5.88016e-9
1480744680,24649408.130614348,28826135.87152858,4176.728,3.95563e14,0.7621,4.66755e6,-2.34236e6,5.87818e-9
1480744710,24663381.52132025,28843498.455025125,4180.117,3.93354e14,1.3161,4.65290e6,-2.34152e6,5.87608e-9
1480744740,24677416.829490427,28860837.2381842,4183.420,4.00496e14,0.4755,4.69309e6,-2.34063e6,5.87385e-9
1480744770,24691513.614313178,28878152.005155753,4186.638,3.96565e14,0.5106,4.66812e6,-2.33970e6,5.87149e-9
1480744800,24705671.43443644,28895442.541216154,4189.771,3.92782e14,1.4597,4.64394e6,-2.33871e6,5.86900e-9
1480744830,24719889.848036703,28912708.632781085,4192.819,3.95386e14,0.8064,4.65716e6,-2.33767e6,5.86639e-9
1480744860,24734168.412717607,28929950.067349877,4195.782,3.92112e14,1.6277,4.63579e6,-2.33658e6,5.86365e-9
1480744890,24748506.68566567,28947166.633553598,4198.660,3.95008e14,0.9014,4.65049e6,-2.33544e6,5.86078e-9
1480744920,24762904.223635633,28964358.121134423,4201.454,3.94456e14,1.0398,4.64489e6,-2.33425e6,5.85779e-9
1480744950,24777360.582977265,28981524.32094196,4204.164,3.99256e14,0.1645,4.67053e6,-2.33301e6,5.85468e-9
1480744980,24791875.319662023,28998665.024929415,4206.790,4.02369e14,0.9455,4.68617e6,-2.33173e6,5.85145e-9
1480745010,24806447.989309546,29015780.026149847,4209.332,4.01354e14,0.6909,4.67755e6,-2.33039e6,5.84809e-9
1480745040,24821078.147213906,29032869.118752398,4211.791,4.01884e14,0.8237,4.67787e6,-2.32901e6,5.84462e-9
1480745070,24835765.348369706,29049932.09797842,4214.167,4.03147e14,1.1407,4.68237e6,-2.32758e6,5.84102e-9
1480745100,24850509.14749786,29066968.76015773,4216.460,3.98346e14,0.0638,4.65137e6,-2.32610e6,5.83731e-9
1480745130,24865309.099027682,29083978.902683064,4218.670,3.92124e14,1.6248,4.61203e6,-2.32458e6,5.83348e-9
1480745160,24880164.75725691,29100962.32407307,4220.798,3.96840e14,0.4417,4.63640e6,-2.32301e6,5.82954e-9
1480745190,24895075.67624171,29117918.82390139,4222.843,3.97402e14,0.3008,4.63645e6,-2.32139e6,5.82547e-9
1480745220,24910041.40986512,29134848.202814326,4224.807,3.97779e14,0.2061,4.63532e6,-2.31973e6,5.82130e-9
1480745250,24925061.511861466,29151750.262526773,4226.689,3.99732e14,0.2840,4.64327e6,-2.31803e6,5.81700e-9
1480745280,24940135.535840534,29168624.80581816,4228.489,3.94803e14,0.9527,4.61111e6,-2.31627e6,5.81260e-9
1480745310,24955263.03531162,29185471.63652837,4230.209,3.94351e14,1.0661,4.60490e6,-2.31448e6,5.80808e-9
1480745340,24970443.563707262,29202290.55955366,4231.847,3.94316e14,1.0748,4.60103e6,-2.31264e6,5.80346e-9
1480745370,24985676.67440682,29219081.380842548,4233.405,3.95070e14,0.8858,4.60165e6,-2.31075e6,5.79872e-9
1480745400,25000961.920759775,29235843.907391798,4234.882,4.00229e14,0.4086,4.62770e6,-2.30882e6,5.79387e-9
1480745430,25016298.85614142,29252577.947264344,4236.279,4.00367e14,0.4433,4.62454e6,-2.30685e6,5.78892e-9
1480745460,25031687.033875495,29269283.30951715,4237.596,3.96859e14,0.4368,4.60021e6,-2.30484e6,5.78385e-9
1480745490,25047126.007357825,29285959.80426546,4238.834,3.97407e14,0.2994,4.59927e6,-2.30278e6,5.77869e-9
1480745520,25062615.330046315,29302607.242656812,4239.992,3.97289e14,0.3291,4.59439e6,-2.30068e6,5.77341e-9
1480745550,25078154.55548363,29319225.436867096,4241.071,3.96576e14,0.5080,4.58600e6,-2.29854e6,5.76803e-9
1480745580,25093743.23731954,29335814.20009665,4242.071,3.98289e14,0.0782,4.59151e6,-2.29636e6,5.76255e-9
1480745610,25109380.9293331,29352373.346566476,4242.992,3.96511e14,0.5242,4.57683e6,-2.29413e6,5.75696e-9
1480745640,25125067.18545458,29368902.691514194,4243.836,4.00610e14,0.5042,4.59589e6,-2.29187e6,5.75127e-9
1480745670,25140801.559787303,29385402.051190272,4244.600,3.97098e14,0.3770,4.57108e6,-2.28956e6,5.74548e-9
1480745700,25156583.60662906,29401871.242854044,4245.288,3.96052e14,0.6394,4.56039e6,-2.28722e6,5.73958e-9
1480745730,25172412.880482014,29418310.084747665,4245.897,4.04142e14,1.3902,4.60202e6,-2.28484e6,5.73359e-9
1480745760,25188288.93610943,29434718.396160647,4246.429,4.00240e14,0.4113,4.57479e6,-2.28241e6,5.72750e-9
1480745790,25204211.32852041,29451095.997357227,4246.885,3.96301e14,0.5769,4.54731e6,-2.27995e6,5.72132e-9
1480745820,25220179.613002222,29467442.709594555,4247.263,3.98303e14,0.0747,4.55376e6,-2.27745e6,5.71503e-9
1480745850,25236193.345140595,29483758.355118606,4247.565,3.96977e14,0.4073,4.54111e6,-2.27491e6,5.70865e-9
1480745880,25252252.080839813,29500042.757160027,4247.791,3.97718e14,0.2214,4.54019e6,-2.27233e6,5.70217e-9
1480745910,25268355.376342617,29516295.73993011,4247.940,3.98837e14,0.0593,4.54133e6,-2.26971e6,5.69560e-9
1480745940,25284502.788249783,29532517.12861668,4248.014,3.96243e14,0.5915,4.52126e6,-2.26706e6,5.68894e-9
1480745970,25300693.87353953,29548706.749380015,4248.013,3.93590e14,1.2570,4.50082e6,-2.26437e6,5.68218e-9
1480746000,25316928.18958675,29564864.429348752,4247.936,3.92834e14,1.4467,4.49111e6,-2.26165e6,5.67533e-9
1480746030,25333205.294173397,29580989.99664143,4247.785,3.95474e14,0.7844,4.50058e6,-2.25888e6,5.66839e-9
1480746060,25349524.745533176,29597083.28028363,4247.559,3.97655e14,0.2372,4.50735e6,-2.25609e6,5.66136e-9
1480746090,25365886.10234437,29613144.110282894,4247.258,3.98750e14,0.0376,4.50788e6,-2.25325e6,5.65424e-9
1480746120,25382288.923756205,29629172.317599423,4246.883,3.98694e14,0.0235,4.50182e6,-2.25038e6,5.64703e-9
1480746150,25398732.769406896,29645167.73414217,4246.435,4.00744e14,0.5377,4.50757e6,-2.24748e6,5.63973e-9
1480746180,25415217.199441347,29661130.19276504,4245.913,3.98712e14,0.0279,4.49022e6,-2.24454e6,5.63235e-9
1480746210,25431741.774528734,29677059.5272631,4245.318,3.99617e14,0.2550,4.48936e6,-2.24157e6,5.62488e-9
1480746240,25448306.05587977,29692955.572368808,4244.650,4.02335e14,0.9369,4.49860e6,-2.23856e6,5.61732e-9
1480746270,25464909.605263826,29708818.1637481,4243.909,3.95274e14,0.8346,4.45288e6,-2.23552e6,5.60969e-9
1480746300,25481551.9850258,29724647.13799663,4243.095,3.93528e14,1.2726,4.43697e6,-2.23244e6,5.60196e-9
1480746330,25498232.758122932,29740442.332606148,4242.210,3.91541e14,1.7710,4.41968e6,-2.22934e6,5.59416e-9
1480746360,25514951.488079347,29756203.586052574,4241.252,3.92807e14,1.4535,4.42052e6,-2.22620e6,5.58627e-9
1480746390,25531707.739064142,29771930.73770004,4240.223,3.95894e14,0.6790,4.43144e6,-2.22302e6,5.57830e-9
1480746420,25548501.075887583,29787623.627826586,4239.123,3.97207e14,0.3496,4.43236e6,-2.21982e6,5.57025e-9
1480746450,25565331.06401715,29803282.097620152,4237.951,4.01128e14,0.6341,4.44771e6,-2.21658e6,5.56212e-9
1480746480,25582197.269593243,29818905.989174433,4236.709,4.00740e14,0.5367,4.43899e6,-2.21332e6,5.55391e-9
1480746510,25599099.2594448,29834495.145484954,4235.396,3.93865e14,1.1879,4.39425e6,-2.21002e6,5.54563e-9
1480746540,25616036.6011046,29850049.41044485,4234.013,3.91780e14,1.7111,4.37608e6,-2.20669e6,5.53726e-9
1480746570,25633008.86282442,29865568.62884095,4232.560,4.00037e14,0.3604,4.41506e6,-2.20333e6,5.52882e-9
1480746600,25650015.613589928,29881052.646349676,4231.037,4.04359e14,1.4446,4.43212e6,-2.19994e6,5.52031e-9
1480746630,25667056.423112277,29896501.30956168,4229.445,4.00282e14,0.4220,4.40276e6,-2.19652e6,5.51172e-9
1480746660,25684130.86191366,29911914.46588956,4227.784,3.93087e14,1.3831,4.35625e6,-2.19307e6,5.50305e-9
1480746690,25701238.501270555,29927291.96365248,4226.053,3.96240e14,0.5921,4.36666e6,-2.18959e6,5.49431e-9
1480746720,25718378.913250457,29942633.65204369,4224.255,3.98090e14,0.1280,4.36981e6,-2.18608e6,5.48550e-9
1480746750,25735551.67072559,29957939.381126877,4222.388,3.99344e14,0.1866,4.36960e6,-2.18255e6,5.47662e-9
1480746780,25752756.347386274,29973209.00183245,4220.453,4.01295e14,0.6761,4.37313e6,-2.17898e6,5.46767e-9
1480746810,25769992.51775414,29988442.36595385,4218.450,4.00089e14,0.3734,4.35933e6,-2.17539e6,5.45864e-9
1480746840,25787259.757195164,30003639.326143924,4216.380,4.03856e14,1.3186,4.37260e6,-2.17177e6,5.44955e-9
1480746870,25804557.641932413,30018799.735911176,4214.242,3.96715e14,0.4731,4.32640e6,-2.16812e6,5.44039e-9
1480746900,25821885.749058615,30033923.44961626,4212.038,3.95828e14,0.6955,4.31425e6,-2.16444e6,5.43116e-9
1480746930,25839243.656571075,30049010.32244984,4209.767,4.01481e14,0.7226,4.33751e6,-2.16074e6,5.42186e-9
1480746960,25856630.94331475,30064060.210485775,4207.429,3.98773e14,0.0432,4.31537e6,-2.15701e6,5.41249e-9
1480746990,25874047.1890632,30079072.970620442,4205.026,3.98900e14,0.0751,4.30854e6,-2.15326e6,5.40306e-9
1480747020,25891491.974508315,30094048.46058751,4202.556,3.98550e14,0.0128,4.29908e6,-2.14948e6,5.39356e-9
1480747050,25908964.881272104,30108986.53895403,4200.022,4.00299e14,0.4261,4.30088e6,-2.14567e6,5.38400e-9
1480747080,25926465.49191822,30123887.06511679,4197.422,4.05694e14,1.7797,4.32219e6,-2.14184e6,5.37438e-9
1480747110,25943993.389963448,30138749.89929849,4194.757,4.03852e14,1.3176,4.30452e6,-2.13798e6,5.36469e-9
1480747140,25961548.15988884,30153574.902544007,4192.027,3.95276e14,0.8339,4.25078e6,-2.13410e6,5.35494e-9
1480747170,25979129.387150735,30168361.936716594,4189.233,3.95600e14,0.7527,4.24473e6,-2.13019e6,5.34513e-9
1480747200,25996736.65819157,30183110.86449418,4186.374,3.97323e14,0.3204,4.24608e6,-2.12626e6,5.33526e-9
1480747230,26014369.56043032,30197821.54936875,4183.452,3.96747e14,0.4651,4.23511e6,-2.12231e6,5.32532e-9
1480747260,26032027.682334848,30212493.855632745,4180.466,3.96421e14,0.5467,4.22544e6,-2.11833e6,5.31533e-9
1480747290,26049710.61337039,30227127.648385353,4177.417,3.98221e14,0.0953,4.22699e6,-2.11432e6,5.30528e-9
1480747320,26067417.9440293,30241722.79352559,4174.305,3.95942e14,0.6670,4.20688e6,-2.11030e6,5.29517e-9
1480747350,26085149.265840694,30256279.157748576,4171.130,3.95593e14,0.7545,4.19696e6,-2.10625e6,5.28500e-9
1480747380,26102904.171379924,30270796.60854188,4167.892,3.99318e14,0.1801,4.20849e6,-2.10218e6,5.27477e-9
1480747410,26120682.254277878,30285275.014181904,4164.593,3.93335e14,1.3209,4.16880e6,-2.09808e6,5.26449e-9
1480747440,26138483.109230004,30299714.2437302,4161.231,3.97524e14,0.2701,4.18262e6,-2.09397e6,5.25416e-9
1480747470,26156306.332005236,30314114.167029873,4157.808,4.02886e14,1.0751,4.20247e6,-2.08983e6,5.24376e-9
1480747500,26174151.519454643,30328474.654702015,4154.323,3.99016e14,0.1041,4.17385e6,-2.08567e6,5.23332e-9
1480747530,26192018.26953612,30342795.578149416,4150.777,3.93156e14,1.3658,4.13487e6,-2.08149e6,5.22282e-9
1480747560,26209906.18127336,30357076.8095305,4147.171,3.92765e14,1.4639,4.12449e6,-2.07729e6,5.21227e-9
1480747590,26227814.854813073,30371318.22177828,4143.503,3.98302e14,0.0748,4.14490e6,-2.07306e6,5.20166e-9
1480747620,26245743.891417343,30385519.688589588,4139.776,4.00984e14,0.5981,4.15033e6,-2.06882e6,5.19100e-9
1480747650,26263692.89347164,30399681.08442168,4135.988,3.96695e14,0.4781,4.11955e6,-2.06456e6,5.18029e-9
1480747680,26281661.46449255,30413802.284488726,4132.141,3.94998e14,0.9037,4.10223e6,-2.06027e6,5.16954e-9
1480747710,26299649.209135458,30427883.164758515,4128.234,3.98036e14,0.1416,4.10933e6,-2.05597e6,5.15873e-9
1480747740,26317655.733202033,30441923.601948917,4124.268,3.98320e14,0.0705,4.10214e6,-2.05164e6,5.14787e-9
1480747770,26335680.64364753,30455923.473524574,4120.243,4.02100e14,0.8781,4.11288e6,-2.04730e6,5.13696e-9
1480747800,26353723.548587948,30469882.657693505,4116.159,3.98551e14,0.0124,4.08592e6,-2.04294e6,5.12601e-9
1480747830,26371784.057294797,30483801.033398416,4112.017,3.98196e14,0.1014,4.07533e6,-2.03856e6,5.11501e-9
1480747860,26389861.780239355,30497678.480329696,4107.817,3.99636e14,0.2598,4.07388e6,-2.03416e6,5.10396e-9
1480747890,26407956.3290622,30511514.87890572,4103.559,3.97005e14,0.4002,4.05163e6,-2.02974e6,5.09286e-9
1480747920,26426067.31659157,30525310.11027474,4099.243,3.96341e14,0.5669,4.03940e6,-2.02530e6,5.08172e-9
1480747950,26444194.35684954,30539064.05631146,4094.870,3.96826e14,0.4452,4.03297e6,-2.02085e6,5.07054e-9
1480747980,26462337.065058142,30552776.59961373,4090.440,3.96354e14,0.5636,4.02165e6,-2.01638e6,5.05931e-9
1480748010,26480495.057645306,30566447.623499155,4085.953,3.90191e14,2.1097,3.98159e6,-2.01189e6,5.04803e-9
1480748040,26498667.952250544,30580077.01200177,4081.409,3.89919e14,2.1780,3.97129e6,-2.00738e6,5.03672e-9
1480748070,26516855.36773057,30593664.649868608,4076.809,3.99178e14,0.1449,4.00887e6,-2.00286e6,5.02536e-9
1480748100,26535056.92416475,30607210.422556393,4072.153,4.01243e14,0.6630,4.01013e6,-1.99831e6,5.01395e-9
1480748130,26553272.242872994,30620714.21622149,4067.442,3.94745e14,0.9672,3.96847e6,-1.99376e6,5.00251e-9
1480748160,26571500.946382187,30634175.917737253,4062.675,3.98736e14,0.0341,3.97929e6,-1.98918e6,4.99103e-9
1480748190,26589742.658469655,30647595.414670005,4057.853,4.00872e14,0.5699,3.98074e6,-1.98459e6,4.97950e-9
1480748220,26607997.00415567,30660972.59528238,4052.976,3.95944e14,0.6664,3.94701e6,-1.97999e6,4.96793e-9
1480748250,26626263.609708324,30674307.34852992,4048.044,4.00187e14,0.3980,3.95882e6,-1.97537e6,4.95633e-9
1480748280,26644542.102648072,30687599.5640578,4043.057,4.01711e14,0.7804,3.95706e6,-1.97073e6,4.94469e-9
1480748310,26662832.111752328,30700849.132197477,4038.017,3.97707e14,0.2242,3.92797e6,-1.96608e6,4.93300e-9
1480748340,26681133.26705972,30714055.94396345,4032.923,3.97184e14,0.3553,3.91606e6,-1.96141e6,4.92128e-9
1480748370,26699445.199874386,30727219.89104989,4027.775,3.97992e14,0.1527,3.91068e6,-1.95673e6,4.90953e-9
1480748400,26717767.542769983,30740340.865827497,4022.573,4.02617e14,1.0077,3.92394e6,-1.95203e6,4.89773e-9
1480748430,26736099.929577515,30753418.761357214,4017.319,4.08719e14,2.5385,3.94428e6,-1.94732e6,4.88590e-9
1480748460,26754441.99543871,30766453.47133463,4012.011,4.05679e14,1.7760,3.91989e6,-1.94259e6,4.87404e-9
1480748490,26772793.37676019,30779444.89013933,4006.652,3.99122e14,0.1309,3.87844e6,-1.93785e6,4.86214e-9
1480748520,26791153.711232763,30792392.91281485,4001.239,3.95948e14,0.6654,3.85353e6,-1.93310e6,4.85020e-9
1480748550,26809522.63783474,30805297.435065698,3995.775,3.92648e14,1.4934,3.82805e6,-1.92833e6,4.83823e-9
1480748580,26827899.796834983,30818158.353254363,3990.259,3.94656e14,0.9895,3.82825e6,-1.92355e6,4.82623e-9
1480748610,26846284.829795953,30830975.564398374,3984.691,4.01563e14,0.7433,3.85196e6,-1.91875e6,4.81419e-9
1480748640,26864677.3795765,30843748.966167334,3979.072,4.03670e14,1.2718,3.85242e6,-1.91395e6,4.80212e-9
1480748670,26883077.09033466,30856478.456879973,3973.401,3.97841e14,0.1904,3.81479e6,-1.90913e6,4.79002e-9
1480748700,26901483.607530214,30869163.935501255,3967.680,3.93811e14,1.2016,3.78588e6,-1.90429e6,4.77788e-9
1480748730,26919896.57794325,30881805.301622923,3961.909,4.00880e14,0.5718,3.80993e6,-1.89945e6,4.76572e-9
1480748760,26938315.649627183,30894402.455511525,3956.087,4.01226e14,0.6587,3.80183e6,-1.89459e6,4.75352e-9
1480748790,26956740.471960377,30906955.29805448,3950.215,3.97100e14,0.3763,3.77249e6,-1.88972e6,4.74130e-9
1480748820,26975170.69563242,30919463.73077355,3944.293,4.02665e14,1.0196,3.78906e6,-1.88484e6,4.72904e-9
1480748850,26993605.972646378,30931927.65582182,3938.322,4.03755e14,1.2932,3.78436e6,-1.87995e6,4.71675e-9
1480748880,27012045.956320815,30944346.97598073,3932.301,3.96200e14,0.6022,3.73894e6,-1.87504e6,4.70444e-9
1480748910,27030490.301291816,30956721.594657026,3926.231,3.93483e14,1.2838,3.71639e6,-1.87013e6,4.69210e-9
1480748940,27048938.66351479,30969051.4158798,3920.113,3.98124e14,0.1196,3.72831e6,-1.86520e6,4.67973e-9
1480748970,27067390.70026624,30981336.344297502,3913.946,3.96309e14,0.5748,3.70996e6,-1.86026e6,4.66733e-9
1480749000,27085846.070145376,30993576.285174906,3907.730,3.95257e14,0.8387,3.69519e6,-1.85531e6,4.65490e-9
1480749030,27104304.43306688,31005771.14439852,3901.467,4.04202e14,1.4054,3.72684e6,-1.85035e6,4.64245e-9
1480749060,27122765.45028946,31017920.82844801,3895.155,3.97870e14,0.1833,3.68751e6,-1.84538e6,4.62997e-9
1480749090,27141228.784390103,31030025.244418956,3888.796,3.89262e14,2.3429,3.63780e6,-1.84040e6,4.61746e-9
1480749120,27159694.099273857,31042084.300011687,3882.390,4.01070e14,0.6196,3.68231e6,-1.83541e6,4.60493e-9
1480749150,27178161.06017501,31054097.903528407,3875.937,3.99994e14,0.3497,3.66733e6,-1.83041e6,4.59238e-9
1480749180,27196629.333657853,31066065.963870432,3869.437,3.94007e14,1.1525,3.62987e6,-1.82540e6,4.57980e-9
1480749210,27215098.587617643,31077988.39053538,3862.890,3.96467e14,0.5353,3.63112e6,-1.82037e6,4.56719e-9
1480749240,27233568.491281208,31089865.09361432,3856.297,4.02434e14,0.9617,3.64826e6,-1.81534e6,4.55457e-9
1480749270,27252038.71520759,31101695.983789112,3849.657,4.02056e14,0.8669,3.63641e6,-1.81030e6,4.54191e-9
1480749300,27270508.93128852,31113480.972329564,3842.972,4.01126e14,0.6337,3.62205e6,-1.80526e6,4.52924e-9
1480749330,27288978.812748678,31125219.97108889,3836.241,4.04679e14,1.5251,3.62795e6,-1.80020e6,4.51654e-9
1480749360,27307448.03414656,31136912.89250677,3829.465,3.97197e14,0.3521,3.58404e6,-1.79513e6,4.50382e-9
1480749390,27325916.271373995,31148559.649600778,3822.643,3.97257e14,0.3371,3.57417e6,-1.79006e6,4.49108e-9
1480749420,27344383.2016565,31160160.15596565,3815.777,4.02414e14,0.9568,3.58711e6,-1.78497e6,4.47832e-9
1480749450,27362848.503553268,31171714.325770557,3808.866,4.00946e14,0.5885,3.57032e6,-1.77988e6,4.46554e-9
1480749480,27381311.856957134,31183222.073756464,3801.910,4.05102e14,1.6310,3.57859e6,-1.77478e6,4.45273e-9
1480749510,27399772.943094417,31194683.315233465,3794.910,4.05141e14,1.6409,3.56846e6,-1.76967e6,4.43991e-9
1480749540,27418231.444524672,31206097.966078185,3787.867,3.95788e14,0.7055,3.51673e6,-1.76455e6,4.42706e-9
1480749570,27436687.04514037,31217465.942731127,3780.779,3.92088e14,1.6337,3.49019e6,-1.75943e6,4.41420e-9
1480749600,27455139.430166487,31228787.162194062,3773.648,4.01378e14,0.6968,3.52089e6,-1.75430e6,4.40132e-9
1480749630,27473588.286164556,31240061.542029478,3766.473,4.04506e14,1.4817,3.52430e6,-1.74916e6,4.38841e-9
1480749660,27492033.301018234,31251289.000351913,3759.256,3.97520e14,0.2710,3.48336e6,-1.74401e6,4.37549e-9
1480749690,27510474.1639466,31262469.455831405,3751.995,3.97810e14,0.1984,3.47432e6,-1.73886e6,4.36256e-9
1480749720,27528910.565499,31273602.827689175,3744.692,3.96654e14,0.4883,3.45898e6,-1.73370e6,4.34960e-9
1480749750,27547342.197554264,31284689.035694905,3737.347,3.94718e14,0.9740,3.44027e6,-1.72853e6,4.33662e-9
1480749780,27565768.753319927,31295728.000164386,3729.959,3.99547e14,0.2374,3.45085e6,-1.72335e6,4.32363e-9
1480749810,27584189.927331377,31306719.64195698,3722.530,4.00996e14,0.6010,3.44672e6,-1.71817e6,4.31063e-9
1480749840,27602605.415450837,31317663.882473107,3715.058,3.96780e14,0.4568,3.41818e6,-1.71298e6,4.29760e-9
1480749870,27621014.914866377,31328560.643651836,3707.546,3.92398e14,1.5561,3.38904e6,-1.70779e6,4.28456e-9
1480749900,27639418.124090806,31339409.847968366,3699.992,3.96542e14,0.5163,3.39642e6,-1.70259e6,4.27151e-9
1480749930,27657814.742956642,31350211.418425843,3692.397,4.02351e14,0.9410,3.41077e6,-1.69738e6,4.25843e-9
1480749960,27676204.472626735,31360965.278570727,3684.761,3.98179e14,0.1058,3.38257e6,-1.69217e6,4.24535e-9
1480749990,27694587.015581165,31371671.35247252,3677.084,3.99099e14,0.1250,3.37603e6,-1.68695e6,4.23225e-9
1480750020,27712962.07561955,31382329.56472707,3669.367,4.04689e14,1.5276,3.38916e6,-1.68172e6,4.21913e-9
1480750050,27731329.357859686,31392939.840454124,3661.610,3.97764e14,0.2098,3.34949e6,-1.67649e6,4.20600e-9
1480750080,27749688.56873589,31403502.105294872,3653.814,3.97355e14,0.3124,3.33731e6,-1.67126e6,4.19286e-9
1480750110,27768039.415997487,31414016.2854096,3645.977,4.01330e14,0.6849,3.34346e6,-1.66601e6,4.17970e-9
1480750140,27786381.608707033,31424482.307475213,3638.101,3.95832e14,0.6945,3.31001e6,-1.66077e6,4.16653e-9
1480750170,27804714.857238647,31434900.098682884,3630.185,3.92337e14,1.5714,3.28503e6,-1.65552e6,4.15335e-9
1480750200,27823038.873276148,31445269.58673565,3622.231,3.94905e14,0.9271,3.28522e6,-1.65026e6,4.14015e-9
1480750230,27841353.369813867,31455590.699854862,3614.237,3.94898e14,0.9289,3.27472e6,-1.64500e6,4.12694e-9
1480750260,27859658.061146703,31465863.366750844,3606.205,3.98091e14,0.1277,3.27737e6,-1.63973e6,4.11372e-9
1480750290,27877952.66287599,31476087.516647574,3598.135,4.03742e14,1.2899,3.29000e6,-1.63446e6,4.10049e-9
1480750320,27896236.891904987,31486263.07927178,3590.026,3.96009e14,0.6502,3.24777e6,-1.62918e6,4.08725e-9
1480750350,27914510.466436807,31496389.984850667,3581.880,4.01564e14,0.7436,3.25987e6,-1.62390e6,4.07399e-9
1480750380,27932773.10597225,31506468.164109707,3573.695,4.06172e14,1.8995,3.26797e6,-1.61862e6,4.06073e-9
1480750410,27951024.53130776,31516497.548270524,3565.473,3.98026e14,0.1441,3.22432e6,-1.61333e6,4.04745e-9
1480750440,27969264.46453304,31526478.069048677,3557.214,3.99024e14,0.1063,3.21776e6,-1.60803e6,4.03416e-9
1480750470,27987492.629028916,31536409.658651512,3548.917,4.04935e14,1.5893,3.23093e6,-1.60274e6,4.02087e-9
1480750500,28005708.749464914,31546292.24977603,3540.584,4.05679e14,1.7759,3.22322e6,-1.59743e6,4.00756e-9
1480750530,28023912.55179407,31556125.77559693,3532.213,4.04673e14,1.5234,3.20849e6,-1.59213e6,3.99424e-9
1480750560,28042103.76325928,31565910.169794798,3523.806,3.97436e14,0.2920,3.16898e6,-1.58682e6,3.98092e-9
1480750590,28060282.112382226,31575645.366523594,3515.363,3.97079e14,0.3817,3.15695e6,-1.58151e6,3.96758e-9
1480750620,28078447.32896355,31585331.30041838,3506.884,3.94340e14,1.0689,3.13551e6,-1.57619e6,3.95424e-9
1480750650,28096599.144080345,31594967.90659311,3498.369,3.95882e14,0.6821,3.13100e6,-1.57087e6,3.94089e-9
1480750680,28114737.290083423,31604555.1206385,3489.818,4.10985e14,3.1069,3.17970e6,-1.56555e6,3.92753e-9
1480750710,28132861.500594728,31614092.878619906,3481.231,4.08128e14,2.3902,3.15770e6,-1.56022e6,3.91416e-9
1480750740,28150971.51050457,31623581.11707522,3472.610,4.00178e14,0.3958,3.11590e6,-1.55489e6,3.90078e-9
1480750770,28169067.05596886,31633019.77301274,3463.953,3.98524e14,0.0191,3.09878e6,-1.54956e6,3.88740e-9
1480750800,28187147.874406293,31642408.7839091,3455.261,3.96071e14,0.6346,3.07861e6,-1.54423e6,3.87400e-9
1480750830,28205213.70449854,31651748.08771769,3446.534,3.96564e14,0.5109,3.06986e6,-1.53889e6,3.86061e-9
1480750860,28223264.28617819,31661037.622834258,3437.773,3.96582e14,0.5064,3.05928e6,-1.53355e6,3.84720e-9
1480750890,28241299.360634796,31670277.32812733,3428.978,3.99074e14,0.1187,3.05817e6,-1.52820e6,3.83379e-9
1480750920,28259318.670309093,31679467.14292576,3420.148,3.91133e14,1.8734,3.01713e6,-1.52286e6,3.82037e-9
1480750950,28277321.958890017,31688607.007016838,3411.285,3.88114e14,2.6308,2.99504e6,-1.51751e6,3.80694e-9
1480750980,28295308.971311677,31697696.860644262,3402.388,3.89248e14,2.3464,2.98877e6,-1.51216e6,3.79351e-9
1480751010,28313279.453750372,31706736.644506402,3393.457,3.89307e14,2.3314,2.97841e6,-1.50680e6,3.78008e-9
1480751040,28331233.1536215,31715726.299754288,3384.493,3.98395e14,0.0516,3.00205e6,-1.50145e6,3.76663e-9
1480751070,28349169.81957643,31724665.767989773,3375.496,3.96181e14,0.6069,2.98303e6,-1.49609e6,3.75319e-9
1480751100,28367089.201499425,31733554.991263658,3366.466,3.95610e14,0.7503,2.97020e6,-1.49073e6,3.73973e-9
1480751130,28384991.050502453,31742393.912065104,3357.403,3.96034e14,0.6438,2.96110e6,-1.48537e6,3.72628e-9
1480751160,28402875.11892809,31751182.473346777,3348.307,3.92771e14,1.4624,2.93829e6,-1.48000e6,3.71281e-9
1480751190,28420741.160340343,31759920.618495837,3339.179,3.99936e14,0.3350,2.95414e6,-1.47464e6,3.69935e-9
1480751220,28438588.9295233,31768608.291340865,3330.019,4.01320e14,0.6823,2.94848e6,-1.46927e6,3.68587e-9
1480751250,28456418.182477817,31777245.436149895,3320.827,3.99113e14,0.1287,2.92960e6,-1.46390e6,3.67240e-9
1480751280,28474228.676418226,31785831.997628625,3311.603,4.06691e14,2.0297,2.94658e6,-1.45853e6,3.65892e-9
1480751310,28492020.169768974,31794367.920918506,3302.348,4.03345e14,1.1904,2.92353e6,-1.45316e6,3.64544e-9
1480751340,28509792.422161233,31802853.15159484,3293.061,4.01476e14,0.7215,2.90592e6,-1.44778e6,3.63195e-9
1480751370,28527545.194429502,31811287.635665026,3283.742,3.96277e14,0.5828,2.87632e6,-1.44241e6,3.61846e-9
1480751400,28545278.248608187,31819671.31956661,3274.393,3.94754e14,0.9650,2.86011e6,-1.43703e6,3.60496e-9
1480751430,28562991.347931053,31828004.150165725,3265.013,4.01474e14,0.7208,2.87353e6,-1.43165e6,3.59147e-9
1480751460,28580684.256818768,31836286.074754562,3255.602,4.02462e14,0.9689,2.86627e6,-1.42627e6,3.57797e-9
1480751490,28598356.740884304,31844517.041050445,3246.160,3.98533e14,0.0169,2.84145e6,-1.42089e6,3.56446e-9
1480751520,28616008.566926546,31852696.99719372,3236.688,3.99729e14,0.2831,2.83493e6,-1.41551e6,3.55096e-9
1480751550,28633639.50292678,31860825.891746044,3227.186,4.01260e14,0.6673,2.82957e6,-1.41013e6,3.53745e-9
1480751580,28651249.318045102,31868903.67368856,3217.654,4.00342e14,0.4369,2.81553e6,-1.40475e6,3.52394e-9
1480751610,28668837.782616872,31876930.292420246,3208.093,3.94979e14,0.9086,2.78591e6,-1.39936e6,3.51043e-9
1480751640,28686404.668149028,31884905.6977562,3198.501,3.94993e14,0.9050,2.77524e6,-1.39398e6,3.49692e-9
1480751670,28703949.747316554,31892829.839925934,3188.880,4.04949e14,1.5928,2.79920e6,-1.38860e6,3.48340e-9
1480751700,28721472.793958765,31900702.669571716,3179.230,4.08331e14,2.4412,2.80007e6,-1.38321e6,3.46988e-9
1480751730,28738973.58306688,31908524.137760192,3169.551,4.11267e14,3.1778,2.79931e6,-1.37782e6,3.45637e-9
1480751760,28756451.890807327,31916294.195940036,3159.842,4.01373e14,0.6956,2.75430e6,-1.37244e6,3.44285e-9
1480751790,28773907.494490985,31924012.79598099,3150.105,3.98561e14,0.0098,2.73385e6,-1.36705e6,3.42933e-9
1480751820,28791340.172578175,31931679.890159268,3140.340,4.01528e14,0.7346,2.73320e6,-1.36166e6,3.41580e-9
1480751850,28808749.70467481,31939295.431156095,3130.546,4.01137e14,0.6365,2.72106e6,-1.35627e6,3.40228e-9
1480751880,28826135.87152858,31946859.37205619,3120.724,4.04037e14,1.3640,2.72007e6,-1.35088e6,3.38876e-9
1480751910,28843498.455025125,31954371.666346427,3110.873,3.99899e14,0.3258,2.69525e6,-1.34550e6,3.37524e-9
1480751940,28860837.2381842,31961832.26791431,3100.995,3.97479e14,0.2815,2.67632e6,-1.34011e6,3.36171e-9
1480751970,28878152.005155753,31969241.13104661,3091.089,3.99639e14,0.2605,2.67278e6,-1.33472e6,3.34819e-9
1480752000,28895442.541216154,31976598.21042788,3081.156,3.98770e14,0.0425,2.65909e6,-1.32933e6,3.33466e-9
1480752030,28912708.632781085,31983903.461117167,3071.195,4.00969e14,0.5943,2.65562e6,-1.32394e6,3.32114e-9
1480752060,28929950.067349877,31991156.838614043,3061.207,4.03197e14,1.1531,2.65217e6,-1.31855e6,3.30762e-9
1480752090,28947166.633553598,31998358.29878969,3051.192,3.99390e14,0.1980,2.62879e6,-1.31316e6,3.29409e-9
1480752120,28964358.121134423,32005507.797907114,3041.150,4.00264e14,0.4173,2.62087e6,-1.30777e6,3.28057e-9
1480752150,28981524.32094196,32012605.292619586,3031.081,4.02057e14,0.8672,2.61593e6,-1.30239e6,3.26705e-9
1480752180,28998665.024929415,32019650.739969052,3020.986,3.91011e14,1.9040,2.56916e6,-1.29700e6,3.25352e-9
1480752210,29015780.026149847,32026644.09738459,3010.864,3.87224e14,2.8541,2.54622e6,-1.29161e6,3.24000e-9
1480752240,29032869.118752398,32033585.3226808,3000.716,3.98962e14,0.0908,2.57347e6,-1.28622e6,3.22648e-9
1480752270,29049932.09797842,32040474.374056313,2990.542,3.98906e14,0.0767,2.56251e6,-1.28084e6,3.21296e-9
1480752300,29066968.76015773,32047311.210092198,2980.342,3.92731e14,1.4726,2.53197e6,-1.27545e6,3.19945e-9
1480752330,29083978.902683064,32054095.78977046,2970.117,3.93321e14,1.3245,2.52316e6,-1.27006e6,3.18593e-9
1480752360,29100962.32407307,32060828.072411034,2959.866,3.99398e14,0.2000,2.53173e6,-1.26468e6,3.17241e-9
1480752390,29117918.82390139,32067508.01773186,2949.589,4.07906e14,2.3347,2.54783e6,-1.25929e6,3.15890e-9
1480752420,29134848.202814326,32074135.5858277,2939.287,4.01107e14,0.6288,2.51555e6,-1.25391e6,3.14539e-9
1480752450,29151750.262526773,32080710.737168822,2928.960,3.94292e14,1.0809,2.48340e6,-1.24853e6,3.13188e-9
1480752480,29168624.80581816,32087233.432599746,2918.609,4.02174e14,0.8964,2.49727e6,-1.24314e6,3.11837e-9
1480752510,29185471.63652837,32093703.63333802,2908.232,4.05054e14,1.6189,2.49540e6,-1.23776e6,3.10486e-9
1480752540,29202290.55955366,32100121.300972976,2897.831,4.05323e14,1.6866,2.48538e6,-1.23238e6,3.09136e-9
1480752570,29219081.380842548,32106486.397464518,2887.405,4.05026e14,1.6119,2.47361e6,-1.22700e6,3.07786e-9
1480752600,29235843.907391798,32112798.885141917,2876.955,4.00145e14,0.3876,2.44781e6,-1.22162e6,3.06436e-9
1480752630,29252577.947264344,32119058.726690963,2866.481,4.01280e14,0.6722,2.44049e6,-1.21624e6,3.05086e-9
1480752660,29269283.30951715,32125265.885188796,2855.983,4.02459e14,0.9681,2.43328e6,-1.21086e6,3.03736e-9
1480752690,29285959.80426546,32131420.324066684,2845.461,3.98756e14,0.0389,2.41127e6,-1.20549e6,3.02387e-9
1480752720,29302607.242656812,32137522.007120416,2834.915,3.97879e14,0.1810,2.39788e6,-1.20011e6,3.01038e-9
1480752750,29319225.436867096,32143570.898509104,2824.345,3.94736e14,0.9695,2.37772e6,-1.19474e6,2.99689e-9
1480752780,29335814.20009665,32149566.962753866,2813.753,3.93041e14,1.3948,2.36196e6,-1.18936e6,2.98341e-9
1480752810,29352373.346566476,32155510.16473675,2803.137,3.93766e14,1.2129,2.35345e6,-1.18399e6,2.96993e-9
1480752840,29368902.691514194,32161400.469699416,2792.498,3.91372e14,1.8135,2.33569e6,-1.17862e6,2.95645e-9
1480752870,29385402.051190272,32167237.843241937,2781.836,3.93048e14,1.3931,2.32998e6,-1.17325e6,2.94297e-9
1480752900,29401871.242854044,32173022.251321632,2771.151,4.01044e14,0.6130,2.34274e6,-1.16788e6,2.92950e-9
1480752930,29418310.084747665,32178753.660257425,2760.444,4.11041e14,3.1210,2.36112e6,-1.16251e6,2.91603e-9
1480752960,29434718.396160647,32184432.036711577,2749.714,4.05054e14,1.6191,2.33284e6,-1.15715e6,2.90256e-9
1480752990,29451095.997357227,32190057.347705625,2738.961,4.04129e14,1.3871,2.31935e6,-1.15178e6,2.88910e-9
1480753020,29467442.709594555,32195629.560613737,2728.187,4.08416e14,2.4624,2.32088e6,-1.14642e6,2.87564e-9
1480753050,29483758.355118606,32201148.643161647,2717.390,4.06980e14,2.1023,2.30591e6,-1.14106e6,2.86219e-9
1480753080,29500042.757160027,32206614.563425507,2706.572,4.02460e14,0.9682,2.28220e6,-1.13570e6,2.84873e-9
1480753110,29516295.73993011,32212027.289830845,2695.732,3.96233e14,0.5940,2.25377e6,-1.13034e6,2.83529e-9
1480753140,29532517.12861668,32217386.791151527,2684.870,3.99071e14,0.1182,2.25109e6,-1.12498e6,2.82184e-9
1480753170,29548706.749380015,32222693.036508653,2673.986,4.03047e14,1.1155,2.25154e6,-1.11962e6,2.80840e-9
1480753200,29564864.429348752,32227945.995369546,2663.082,4.06171e14,1.8992,2.24950e6,-1.11427e6,2.79496e-9
1480753230,29580989.99664143,32233145.637541838,2652.156,3.97089e14,0.3792,2.21343e6,-1.10891e6,2.78153e-9
1480753260,29597083.28028363,32238291.93318747,2641.209,3.93563e14,1.2637,2.19299e6,-1.10356e6,2.76810e-9
1480753290,29613144.110282894,32243384.852806613,2630.241,4.02940e14,1.0887,2.20818e6,-1.09821e6,2.75467e-9
1480753320,29629172.317599423,32248424.36724155,2619.252,4.11419e14,3.2160,2.22067e6,-1.09286e6,2.74125e-9
1480753350,29645167.73414217,32253410.44767562,2608.243,4.03350e14,1.1915,2.18779e6,-1.08752e6,2.72784e-9
1480753380,29661130.19276504,32258343.06563217,2597.213,4.08124e14,2.3892,2.18999e6,-1.08217e6,2.71442e-9
1480753410,29677059.5272631,32263222.19297364,2586.163,4.14537e14,3.9980,2.19650e6,-1.07683e6,2.70102e-9
1480753440,29692955.572368808,32268047.80190055,2575.092,4.03552e14,1.2423,2.15608e6,-1.07149e6,2.68761e-9
1480753470,29708818.1637481,32272819.864950467,2564.002,4.01112e14,0.6301,2.13881e6,-1.06615e6,2.67421e-9
1480753500,29724647.13799663,32277538.354997154,2552.891,4.06646e14,2.0186,2.14282e6,-1.06081e6,2.66082e-9
1480753530,29740442.332606148,32282203.2452563,2541.761,4.11666e14,3.2779,2.14533e6,-1.05547e6,2.64743e-9
1480753560,29756203.586052574,32286814.509263787,2530.611,4.01167e14,0.6438,2.10683e6,-1.05014e6,2.63404e-9
1480753590,29771930.73770004,32291372.120895725,2519.441,4.03489e14,1.2264,2.10221e6,-1.04481e6,2.62066e-9
1480753620,29787623.627826586,32295876.05436077,2508.252,4.04639e14,1.5150,2.09449e6,-1.03948e6,2.60728e-9
1480753650,29803282.097620152,32300326.284199324,2497.044,3.95713e14,0.7243,2.06059e6,-1.03415e6,2.59391e-9
1480753680,29818905.989174433,32304722.785282716,2485.817,3.97696e14,0.2270,2.05509e6,-1.02882e6,2.58054e-9
1480753710,29834495.145484954,32309065.53281235,2474.570,3.98473e14,0.0321,2.04645e6,-1.02350e6,2.56718e-9
1480753740,29850049.41044485,32313354.50231896,2463.305,4.00724e14,0.5327,2.04155e6,-1.01817e6,2.55382e-9
1480753770,29865568.62884095,32317589.669661727,2452.021,3.93960e14,1.1641,2.01370e6,-1.01285e6,2.54047e-9
1480753800,29881052.646349676,32321771.011027552,2440.718,3.86835e14,2.9517,1.98511e6,-1.00753e6,2.52712e-9
1480753830,29896501.30956168,32325898.502923645,2429.397,3.96324e14,0.5711,1.99849e6,-1.00221e6,2.51378e-9
1480753860,29911914.46588956,32329972.122197226,2418.058,4.02200e14,0.9032,2.00258e6,-9.96899e5,2.50044e-9
1480753890,29927291.96365248,32333991.84601413,2406.700,4.00913e14,0.5801,1.98870e6,-9.91586e5,2.48711e-9
1480753920,29942633.65204369,32337957.651864722,2395.324,3.99938e14,0.3355,1.97563e6,-9.86274e5,2.47378e-9
1480753950,29957939.381126877,32341869.51756304,2383.930,3.92932e14,1.4222,1.94776e6,-9.80965e5,2.46046e-9
1480753980,29973209.00183245,32345727.42124608,2372.518,4.00582e14,0.4972,1.95594e6,-9.75658e5,2.44714e-9
1480754010,29988442.36595385,32349531.341372933,2361.089,4.13124e14,3.6436,1.97583e6,-9.70353e5,2.43383e-9
1480754040,30003639.326143924,32353281.2567241,2349.642,4.04720e14,1.5352,1.94468e6,-9.65050e5,2.42052e-9
1480754070,30018799.735911176,32356977.146400653,2338.177,4.04834e14,1.5638,1.93427e6,-9.59748e5,2.40722e-9
1480754100,30033923.44961626,32360618.989823535,2326.696,4.01815e14,0.8064,1.91636e6,-9.54449e5,2.39393e-9
1480754130,30049010.32244984,32364206.76673498,2315.196,3.91231e14,1.8489,1.88053e6,-9.49153e5,2.38063e-9
1480754160,30064060.210485775,32367740.45719104,2303.680,3.90101e14,2.1323,1.86736e6,-9.43858e5,2.36735e-9
1480754190,30079072.970620442,32371220.041567728,2292.147,3.85937e14,3.1770,1.84709e6,-9.38565e5,2.35407e-9
1480754220,30094048.46058751,32374645.500558108,2280.597,3.87561e14,2.7696,1.84047e6,-9.33275e5,2.34079e-9
1480754250,30108986.53895403,32378016.81517162,2269.030,3.96643e14,0.4910,1.85118e6,-9.27986e5,2.32752e-9
1480754280,30123887.06511679,32381333.96673341,2257.447,4.01228e14,0.6591,1.85124e6,-9.22700e5,2.31426e-9
1480754310,30138749.89929849,32384596.936883762,2245.847,4.00520e14,0.4817,1.83901e6,-9.17416e5,2.30100e-9
1480754340,30153574.902544007,32387805.70757741,2234.231,4.01194e14,0.6506,1.82996e6,-9.12134e5,2.28775e-9
1480754370,30168361.936716594,32390960.261082932,2222.598,4.06734e14,2.0406,1.83197e6,-9.06854e5,2.27450e-9
1480754400,30183110.86449418,32394060.579982214,2210.950,4.08796e14,2.5578,1.82597e6,-9.01577e5,2.26125e-9
1480754430,30197821.54936875,32397106.64717575,2199.285,4.06831e14,2.0649,1.81086e6,-8.96301e5,2.24802e-9
1480754460,30212493.855632745,32400098.44586381,2187.605,4.00848e14,0.5638,1.78684e6,-8.91028e5,2.23479e-9
1480754490,30227127.648385353,32403035.95956418,2175.908,3.94577e14,1.0093,1.76233e6,-8.85757e5,2.22156e-9
1480754520,30241722.79352559,32405919.17210573,2164.196,3.99329e14,0.1828,1.76234e6,-8.80488e5,2.20834e-9
1480754550,30256279.157748576,32408748.06762797,2152.469,4.07741e14,2.2932,1.77026e6,-8.75222e5,2.19512e-9
1480754580,30270796.60854188,32411522.63058049,2140.726,3.99408e14,0.2026,1.74143e6,-8.69957e5,2.18191e-9
1480754610,30285275.014181904,32414242.845722564,2128.968,4.02646e14,1.0149,1.73792e6,-8.64695e5,2.16871e-9
1480754640,30299714.2437302,32416908.698122613,2117.194,4.10392e14,2.9583,1.74404e6,-8.59435e5,2.15551e-9
1480754670,30314114.167029873,32419520.17315777,2105.406,3.94670e14,0.9860,1.69969e6,-8.54178e5,2.14232e-9
1480754700,30328474.654702015,32422077.256513387,2093.603,4.01660e14,0.7677,1.70411e6,-8.48922e5,2.12913e-9
1480754730,30342795.578149416,32424579.93416976,2081.784,4.10600e14,3.0103,1.71248e6,-8.43669e5,2.11595e-9
1480754760,30357076.8095305,32427028.19244127,2069.951,4.18077e14,4.8862,1.71754e6,-8.38418e5,2.10278e-9
1480754790,30371318.22177828,32429422.017936226,2058.104,4.00250e14,0.4138,1.66953e6,-8.33169e5,2.08961e-9
1480754820,30385519.688589588,32431761.397569116,2046.242,3.81556e14,4.2761,1.62020e6,-8.27923e5,2.07644e-9
1480754850,30399681.08442168,32434046.3185601,2034.365,3.96258e14,0.5876,1.64027e6,-8.22678e5,2.06328e-9
1480754880,30413802.284488726,32436276.768434487,2022.474,4.06991e14,2.1050,1.65182e6,-8.17436e5,2.05013e-9
1480754910,30427883.164758515,32438452.735022184,2010.570,4.05318e14,1.6853,1.63782e6,-8.12197e5,2.03698e-9
1480764450,32439814.011120502,30437006.740756955,2002.807,4.20876e14,5.5884,-1.66207e6,8.08357e5,-2.02842e-9
1480764480,32437672.871816013,30422953.289959203,2014.720,4.04477e14,1.4743,-1.63936e6,8.13597e5,-2.04157e-9
1480764510,32435477.243327476,30408859.45099032,2026.618,3.98656e14,0.0138,-1.63796e6,8.18840e5,-2.05471e-9
1480764540,32433227.137674112,30394725.34741098,2038.502,3.85259e14,3.3472,-1.62075e6,8.24084e5,-2.06787e-9
1480764570,32430922.56717962,30380551.103532393,2050.371,4.02219e14,0.9079,-1.66636e6,8.29331e5,-2.08103e-9
1480764600,32428563.544472713,30366336.84441961,2062.227,4.05040e14,1.6156,-1.68281e6,8.34580e5,-2.09419e-9
1480764630,32426150.08247982,30352082.695918,2074.067,4.02317e14,0.9324,-1.68766e6,8.39832e5,-2.10736e-9
1480764660,32423682.19444965,30337788.784585815,2085.893,4.12343e14,3.4477,-1.71947e6,8.45085e5,-2.12054e-9
1480764690,32421159.893929694,30323455.23776857,2097.705,4.06653e14,2.0202,-1.71802e6,8.50341e5,-2.13372e-9
1480764720,32418583.19477437,30309082.1835798,2109.501,4.06523e14,1.9875,-1.72837e6,8.55599e5,-2.14691e-9
1480764750,32415952.111145638,30294669.750904683,2121.282,4.05195e14,1.6544,-1.73612e6,8.60860e5,-2.16010e-9
1480764780,32413266.657513376,30280218.06940369,2133.049,4.21928e14,5.8525,-1.78310e6,8.66122e5,-2.17330e-9
1480764810,32410526.848655913,30265727.269516405,2144.800,4.13543e14,3.7487,-1.77560e6,8.71387e5,-2.18650e-9
1480764840,32407732.699660502,30251197.482465092,2156.535,4.01431e14,0.7101,-1.75969e6,8.76655e5,-2.19971e-9
1480764870,32404884.22592376,30236628.84025853,2168.255,3.96267e14,0.5855,-1.75883e6,8.81924e5,-2.21292e-9
1480764900,32401981.443152208,30222021.47569562,2179.960,3.92320e14,1.5755,-1.76056e6,8.87195e5,-2.22614e-9
1480764930,32399024.36735589,30207375.522346802,2191.649,3.95499e14,0.7781,-1.77814e6,8.92469e5,-2.23937e-9
1480764960,32396013.014869936,30192691.1146268,2203.322,3.93193e14,1.3565,-1.78345e6,8.97745e5,-2.25260e-9
1480764990,32392947.402333952,30177968.387729112,2214.979,4.05564e14,1.7471,-1.82197e6,9.03024e5,-2.26584e-9
1480765020,32389827.54669933,30163207.47765201,2226.620,4.02741e14,1.0388,-1.82618e6,9.08304e5,-2.27908e-9
1480765050,32386653.46522968,30148408.52120204,2238.245,3.96069e14,0.6352,-1.82151e6,9.13587e5,-2.29233e-9
1480765080,32383425.17550139,30133571.655997608,2249.854,4.07521e14,2.2381,-1.85845e6,9.18871e5,-2.30558e-9
1480765110,32380142.695404045,30118697.02047252,2261.446,4.03631e14,1.2620,-1.86011e6,9.24158e5,-2.31884e-9
1480765140,32376806.04314103,30103784.75387957,2273.021,4.03124e14,1.1348,-1.86958e6,9.29448e5,-2.33211e-9
1480765170,32373415.237230048,30088834.99629408,2284.580,4.12688e14,3.5343,-1.90265e6,9.34739e5,-2.34538e-9
1480765200,32369970.29650367,30073847.88861748,2296.122,3.93535e14,1.2708,-1.86824e6,9.40032e5,-2.35865e-9
1480765230,32366471.24013181,30058823.572592795,2307.648,3.79781e14,4.7215,-1.84614e6,9.45328e5,-2.37193e-9
1480765260,32362918.087554988,30043762.19077156,2319.156,3.92330e14,1.5731,-1.88642e6,9.50626e5,-2.38522e-9
1480765290,32359310.85855252,30028663.886554267,2330.647,4.07988e14,2.3552,-1.93449e6,9.55926e5,-2.39851e-9
1480765320,32355649.573221423,30013528.804182194,2342.121,4.11026e14,3.1174,-1.95254e6,9.61227e5,-2.41180e-9
1480765350,32351934.251977306,29998357.08874106,2353.577,3.98405e14,0.0491,-1.93270e6,9.66532e5,-2.42511e-9
1480765380,32348164.91555521,29983148.886164874,2365.016,4.06002e14,1.8568,-1.96184e6,9.71838e5,-2.43841e-9
1480765410,32344341.58501047,29967904.34323968,2376.437,4.09809e14,2.8119,-1.98188e6,9.77146e5,-2.45172e-9
1480765440,32340464.281719577,29952623.607607357,2387.841,4.01645e14,0.7638,-1.97253e6,9.82456e5,-2.46504e-9
1480765470,32336533.02738107,29937306.82776944,2399.226,4.10131e14,2.8927,-2.00422e6,9.87769e5,-2.47836e-9
1480765500,32332547.844016396,29921954.15309095,2410.594,4.11443e14,3.2220,-2.01827e6,9.93083e5,-2.49169e-9
1480765530,32328508.75394536,29906565.73380671,2421.943,4.04560e14,1.4952,-2.01183e6,9.98399e5,-2.50502e-9
1480765560,32324415.77986547,29891141.72101768,2433.274,4.08696e14,2.5326,-2.03296e6,1.00372e6,-2.51836e-9
1480765590,32320268.944774035,29875682.26670229,2444.587,4.00380e14,0.4465,-2.02268e6,1.00904e6,-2.53170e-9
1480765620,32316068.27199438,29860187.52371795,2455.881,3.94794e14,0.9549,-2.01913e6,1.01436e6,-2.54505e-9
1480765650,32311813.785176475,29844657.64580495,2467.156,4.14051e14,3.8761,-2.07899e6,1.01969e6,-2.55840e-9
1480765680,32307505.508297615,29829092.78759044,2478.413,4.07590e14,2.2553,-2.07323e6,1.02501e6,-2.57176e-9
1480765710,32303143.46566317,29813493.10459235,2489.650,4.00321e14,0.4317,-2.06522e6,1.03034e6,-2.58512e-9
1480765740,32298727.681907117,29797858.75322329,2500.869,3.96580e14,0.5069,-2.06618e6,1.03567e6,-2.59849e-9
1480765770,32294258.18199288,29782189.890794568,2512.068,3.97654e14,0.2374,-2.07962e6,1.04100e6,-2.61186e-9
1480765800,32289734.991213907,29766486.675520074,2523.248,4.09856e14,2.8238,-2.12230e6,1.04634e6,-2.62523e-9
1480765830,32285158.135205228,29750749.266511258,2534.409,4.06101e14,1.8816,-2.12321e6,1.05167e6,-2.63861e-9
1480765860,32280527.639910914,29734977.823808756,2545.550,4.07246e14,2.1690,-2.13703e6,1.05701e6,-2.65200e-9
1480765890,32275843.531618293,29719172.508358732,2556.671,4.13186e14,3.6591,-2.16365e6,1.06235e6,-2.66539e-9
1480765920,32271105.836947925,29703333.482025642,2567.772,4.04980e14,1.6004,-2.15254e6,1.06769e6,-2.67878e-9
1480765950,32266314.58285454,29687460.907596085,2578.854,3.96611e14,0.4991,-2.14078e6,1.07303e6,-2.69218e-9
1480765980,32261469.796627883,29671554.948782705,2589.915,4.02249e14,0.9153,-2.16670e6,1.07838e6,-2.70558e-9
1480766010,32256571.505893726,29655615.770228095,2600.956,4.01821e14,0.8080,-2.17627e6,1.08372e6,-2.71899e-9
1480766040,32251619.73861476,29639643.53750861,2611.976,3.95789e14,0.7053,-2.17053e6,1.08907e6,-2.73240e-9
1480766070,32246614.52309164,29623638.417138275,2622.976,3.96968e14,0.4095,-2.18442e6,1.09442e6,-2.74582e-9
1480766100,32241555.887963954,29607600.576572623,2633.955,3.96957e14,0.4122,-2.19507e6,1.09977e6,-2.75924e-9
1480766130,32236443.862229854,29591530.18421788,2644.914,4.02982e14,1.0992,-2.22246e6,1.10513e6,-2.77266e-9
1480766160,32231278.475190066,29575427.409418605,2655.851,4.05072e14,1.6235,-2.23905e6,1.11048e6,-2.78609e-9
1480766190,32226059.75650598,29559292.42247774,2666.767,3.93203e14,1.3542,-2.21662e6,1.11584e6,-2.79952e-9
1480766220,32220787.73618244,29543125.394655343,2677.662,3.96326e14,0.5707,-2.23604e6,1.12120e6,-2.81296e-9
1480766250,32215462.44456904,29526926.498172536,2688.536,3.91384e14,1.8104,-2.23276e6,1.12656e6,-2.82640e-9
1480766280,32210083.912361328,29510695.906215373,2699.388,3.92640e14,1.4953,-2.24695e6,1.13192e6,-2.83984e-9
1480766310,32204652.170602128,29494433.7929389,2710.218,4.12894e14,3.5859,-2.31539e6,1.13728e6,-2.85329e-9
1480766340,32199167.25068271,29478140.333471008,2721.027,4.11779e14,3.3063,-2.32311e6,1.14264e6,-2.86674e-9
1480766370,32193629.184344098,29461815.703916483,2731.813,4.04585e14,1.5015,-2.31329e6,1.14801e6,-2.88019e-9
1480766400,32188038.00367827,29445460.081360918,2742.578,4.05073e14,1.6238,-2.32552e6,1.15338e6,-2.89365e-9
1480766430,32182393.74108347,29429073.643874254,2753.320,4.05922e14,1.8368,-2.33880e6,1.15874e6,-2.90711e-9
1480766460,32176696.4294068,29412656.570516255,2764.040,3.97346e14,0.3147,-2.32459e6,1.16411e6,-2.92058e-9
1480766490,32170946.1018039,29396209.04133897,2774.737,3.94945e14,0.9172,-2.32827e6,1.16949e6,-2.93404e-9
1480766520,32165142.79178548,29379731.237391308,2785.412,4.04183e14,1.4005,-2.36619e6,1.17486e6,-2.94752e-9
1480766550,32159286.533218235,29363223.340722937,2796.063,4.02435e14,0.9620,-2.37184e6,1.18023e6,-2.96099e-9
1480766580,32153377.360325582,29346685.534388356,2806.692,4.00486e14,0.4732,-2.37684e6,1.18561e6,-2.97447e-9
1480766610,32147415.307688568,29330118.002450865,2817.297,4.07328e14,2.1897,-2.40806e6,1.19098e6,-2.98795e-9
1480766640,32141400.41024671,29313520.92998659,2827.879,3.92485e14,1.5343,-2.37437e6,1.19636e6,-3.00143e-9
1480766670,32135332.703298822,29296894.5030885,2838.438,3.83149e14,3.8765,-2.35690e6,1.20174e6,-3.01491e-9
1480766700,32129212.222503945,29280238.90887039,2848.973,4.07318e14,2.1870,-2.44064e6,1.20712e6,-3.02840e-9
1480766730,32123039.003938563,29263554.335472893,2859.485,4.08741e14,2.5439,-2.45584e6,1.21250e6,-3.04189e-9
1480766760,32116813.083924115,29246840.972061414,2869.972,4.02875e14,1.0723,-2.44882e6,1.21788e6,-3.05539e-9
1480766790,32110534.499201734,29230099.008836213,2880.435,4.08144e14,2.3943,-2.47581e6,1.22326e6,-3.06888e-9
1480766820,32104203.28687748,29213328.637034476,2890.875,4.00738e14,0.5363,-2.46387e6,1.22864e6,-3.08238e-9
1480766850,32097819.48442388,29196530.04893429,2901.289,3.86589e14,3.0133,-2.43086e6,1.23403e6,-3.09588e-9
1480766880,32091383.129681405,29179703.437858652,2911.680,3.92989e14,1.4078,-2.46136e6,1.23941e6,-3.10938e-9
1480766910,32084894.260860063,29162848.99817952,2922.045,4.00772e14,0.5447,-2.49636e6,1.24480e6,-3.12289e-9
1480766940,32078352.916540902,29145966.92532175,2932.386,4.00202e14,0.4017,-2.50537e6,1.25018e6,-3.13639e-9
1480766970,32071759.135677658,29129057.415767122,2942.702,4.03827e14,1.3112,-2.52759e6,1.25557e6,-3.14990e-9
1480767000,32065112.95759827,29112120.667058226,2952.992,4.03121e14,1.1340,-2.53620e6,1.26096e6,-3.16341e-9
1480767030,32058414.42195724,29095156.877795324,2963.258,3.94635e14,0.9948,-2.52007e6,1.26635e6,-3.17692e-9
1480767060,32051663.568889048,29078166.24766244,2973.497,3.89711e14,2.2303,-2.51508e6,1.27174e6,-3.19044e-9
1480767090,32044860.4388576,29061148.977409076,2983.711,4.01453e14,0.7157,-2.56336e6,1.27713e6,-3.20395e-9
1480767120,32038005.07270661,29044105.26886125,2993.900,3.94414e14,1.0503,-2.55153e6,1.28252e6,-3.21746e-9
1480767150,32031097.511660773,29027035.324925408,3004.062,4.01750e14,0.7901,-2.58595e6,1.28791e6,-3.23098e-9
1480767180,32024137.797327023,29009939.3495922,3014.198,4.05802e14,1.8067,-2.60992e6,1.29330e6,-3.24450e-9
1480767210,32017125.97169569,28992817.547940455,3024.308,3.91117e14,1.8773,-2.57296e6,1.29869e6,-3.25802e-9
1480767240,32010062.07714165,28975670.12614086,3034.392,3.97245e14,0.3401,-2.60368e6,1.30408e6,-3.27154e-9
1480767270,32002946.15642559,28958497.291459925,3044.449,3.97430e14,0.2936,-2.61505e6,1.30947e6,-3.28506e-9
1480767300,31995778.252695154,28941299.252263706,3054.479,3.99690e14,0.2734,-2.63327e6,1.31486e6,-3.29858e-9
1480767330,31988558.40951773,28924076.218032975,3064.482,4.06160e14,1.8966,-2.66550e6,1.32026e6,-3.31210e-9
1480767360,31981286.67078463,28906828.399332352,3074.458,4.08389e14,2.4557,-2.68379e6,1.32565e6,-3.32562e-9
1480767390,31973963.080809645,28889556.007848725,3084.407,4.04813e14,1.5585,-2.68277e6,1.33104e6,-3.33914e-9
1480767420,31966587.68429908,28872259.25638403,3094.328,3.95685e14,0.7315,-2.66303e6,1.33643e6,-3.35266e-9
1480767450,31959160.526353396,28854938.35885905,3104.222,4.02810e14,1.0560,-2.69776e6,1.34183e6,-3.36618e-9
1480767480,31951681.652468756,28837593.53031737,3114.088,3.96892e14,0.4286,-2.68859e6,1.34722e6,-3.37970e-9
1480767510,31944151.10853872,28820224.986929197,3123.926,3.89357e14,2.3189,-2.67379e6,1.35261e6,-3.39322e-9
1480767540,31936568.94085583,28802832.945995267,3133.736,3.94079e14,1.1343,-2.70053e6,1.35800e6,-3.40674e-9
1480767570,31928935.196113374,28785417.625950646,3143.518,3.90955e14,1.9181,-2.70056e6,1.36340e6,-3.42026e-9
1480767600,31921249.921407014,28767979.246368557,3153.271,3.96104e14,0.6262,-2.72892e6,1.36879e6,-3.43378e-9
1480767630,31913513.16423023,28750518.0279506,3162.995,4.05911e14,1.8341,-2.77347e6,1.37418e6,-3.44729e-9
1480767660,31905724.972495496,28733034.19257249,3172.691,4.07140e14,2.1425,-2.78860e6,1.37957e6,-3.46081e-9
1480767690,31897885.394516528,28715527.963245854,3182.357,4.01569e14,0.7448,-2.78014e6,1.38496e6,-3.47432e-9
1480767720,31889994.479016278,28697999.56413552,3191.995,4.02230e14,0.9107,-2.79326e6,1.39035e6,-3.48784e-9
1480767750,31882052.27512862,28680449.220563084,3201.603,4.01783e14,0.7983,-2.80252e6,1.39574e6,-3.50135e-9
1480767780,31874058.83240006,28662877.15901046,3211.182,3.93211e14,1.3521,-2.78321e6,1.40113e6,-3.51486e-9
1480767810,31866014.200791415,28645283.607123613,3220.731,3.90089e14,2.1355,-2.78289e6,1.40651e6,-3.52837e-9
1480767840,31857918.43067953,28627668.793716013,3230.250,3.96437e14,0.5426,-2.81603e6,1.41190e6,-3.54187e-9
1480767870,31849771.57285893,28610032.94877222,3239.739,4.01841e14,0.8130,-2.84598e6,1.41728e6,-3.55537e-9
1480767900,31841573.678543504,28592376.303451408,3249.197,3.97135e14,0.3677,-2.83999e6,1.42267e6,-3.56887e-9
1480767930,31833324.79934828,28574699.090106115,3258.626,3.91752e14,1.7181,-2.83146e6,1.42805e6,-3.58237e-9
1480767960,31825024.987352513,28557001.542238925,3268.023,3.97562e14,0.2604,-2.86302e6,1.43344e6,-3.59587e-9
1480767990,31816674.29503982,28539283.894552737,3277.390,3.92568e14,1.5135,-2.85574e6,1.43882e6,-3.60936e-9
1480768020,31808272.775319543,28521546.382939227,3286.726,3.94556e14,1.0146,-2.87362e6,1.44420e6,-3.62285e-9
1480768050,31799820.481528398,28503789.244482383,3296.031,4.00493e14,0.4748,-2.90590e6,1.44958e6,-3.63634e-9
1480768080,31791317.46743197,28486012.717462096,3305.305,3.94886e14,0.9319,-2.89622e6,1.45495e6,-3.64982e-9
1480768110,31782763.78722633,28468217.04135764,3314.547,3.96354e14,0.5637,-2.91229e6,1.46033e6,-3.66330e-9
1480768140,31774159.495539628,28450402.456851188,3323.757,3.94722e14,0.9730,-2.91701e6,1.46570e6,-3.67677e-9
1480768170,31765504.647433702,28432569.20583128,3332.935,3.95871e14,0.6848,-2.93194e6,1.47108e6,-3.69024e-9
1480768200,31756799.298405733,28414717.531396244,3342.082,3.90925e14,1.9257,-2.92432e6,1.47645e6,-3.70371e-9
1480768230,31748043.504425317,28396847.67784235,3351.196,3.96810e14,0.4492,-2.95683e6,1.48182e6,-3.71717e-9
1480768260,31739237.321827188,28378959.89071418,3360.277,4.01995e14,0.8515,-2.98688e6,1.48719e6,-3.73063e-9
1480768290,31730380.807422243,28361054.41676096,3369.326,3.97196e14,0.3523,-2.97969e6,1.49255e6,-3.74408e-9
1480768320,31721474.01846423,28343131.503954966,3378.343,3.94569e14,1.0115,-2.98052e6,1.49792e6,-3.75753e-9
1480768350,31712517.0126518,28325191.40149466,3387.326,3.98399e14,0.0506,-3.00563e6,1.50328e6,-3.77097e-9
1480768380,31703509.84813067,28307234.35980779,3396.275,3.98647e14,0.0117,-3.01728e6,1.50864e6,-3.78441e-9
1480768410,31694452.58349573,28289260.63055453,3405.192,3.98985e14,0.0964,-3.02927e6,1.51399e6,-3.79784e-9
1480768440,31685345.27779315,28271270.4666305,3414.075,4.01981e14,0.8481,-3.05140e6,1.51935e6,-3.81127e-9
1480768470,31676187.990522604,28253264.122169755,3422.924,3.98036e14,0.1417,-3.04706e6,1.52470e6,-3.82469e-9
1480768500,31666980.781639352,28235241.85254781,3431.739,4.08078e14,2.3777,-3.09629e6,1.53005e6,-3.83810e-9
1480768530,31657723.71152391,28217203.914398424,3440.520,4.04788e14,1.5522,-3.09444e6,1.53540e6,-3.85150e-9
1480768560,31648416.84108455,28199150.56557399,3449.266,3.83754e14,3.7246,-3.02392e6,1.54074e6,-3.86490e-9
1480768590,31639060.231658857,28181082.06519089,3457.978,3.87913e14,2.6812,-3.05053e6,1.54608e6,-3.87830e-9
1480768620,31629653.94504819,28162998.67361877,3466.655,4.02240e14,0.9130,-3.11681e6,1.55142e6,-3.89168e-9
1480768650,31620198.04351961,28144900.652483486,3475.297,3.99295e14,0.1743,-3.11603e6,1.55676e6,-3.90506e-9
1480768680,31610692.58980775,28126788.264669966,3483.904,3.97617e14,0.2467,-3.12013e6,1.56209e6,-3.91843e-9
1480768710,31601137.64711676,28108661.774325117,3492.476,3.92879e14,1.4353,-3.11214e6,1.56742e6,-3.93179e-9
1480768740,31591533.279122125,28090521.44686062,3501.012,3.95509e14,0.7756,-3.13309e6,1.57275e6,-3.94515e-9
1480768770,31581879.54997274,28072367.548955765,3509.512,4.08834e14,2.5673,-3.19644e6,1.57807e6,-3.95849e-9
1480768800,31572176.52429259,28054200.348560132,3517.976,4.02500e14,0.9782,-3.18205e6,1.58339e6,-3.97183e-9
1480768830,31562424.26719961,28036020.114883758,3526.404,3.92149e14,1.6186,-3.15148e6,1.58871e6,-3.98516e-9
1480768860,31552622.844256073,28017827.11843844,3534.796,3.90505e14,2.0309,-3.15545e6,1.59402e6,-3.99848e-9
1480768890,31542772.321522124,27999621.631001845,3543.151,3.97972e14,0.1576,-3.19591e6,1.59933e6,-4.01178e-9
1480768920,31532872.76554118,27981403.92563224,3551.469,4.00436e14,0.4606,-3.21642e6,1.60463e6,-4.02508e-9
1480768950,31522924.243342094,27963174.276671078,3559.750,4.02803e14,1.0543,-3.23660e6,1.60993e6,-4.03837e-9
1480768980,31512926.82244136,27944932.959745232,3567.994,4.08296e14,2.4324,-3.26951e6,1.61523e6,-4.05165e-9
1480769010,31502880.570845257,27926680.251769412,3576.200,4.07349e14,2.1948,-3.27637e6,1.62052e6,-4.06492e-9
1480769040,31492785.557052113,27908416.430948306,3584.369,3.97163e14,0.3606,-3.24552e6,1.62581e6,-4.07818e-9
1480769070,31482641.850054476,27890141.77677882,3592.500,3.93945e14,1.1680,-3.24289e6,1.63110e6,-4.09143e-9
1480769100,31472449.519341465,27871856.570052274,3600.593,3.97400e14,0.3013,-3.26757e6,1.63638e6,-4.10466e-9
1480769130,31462208.63490113,27853561.09286829,3608.648,3.86202e14,3.1105,-3.23199e6,1.64165e6,-4.11789e-9
1480769160,31451919.267222285,27835255.62860046,3616.664,3.93728e14,1.2225,-3.27345e6,1.64692e6,-4.13110e-9
1480769190,31441581.48729745,27816940.461934645,3624.641,4.10704e14,3.0365,-3.35427e6,1.65219e6,-4.14430e-9
1480769220,31431195.366624925,27798615.878859274,3632.579,4.06867e14,2.0739,-3.34899e6,1.65745e6,-4.15749e-9
1480769250,31420760.977211196,27780282.16666736,3640.479,3.93558e14,1.2651,-3.30410e6,1.66270e6,-4.17066e-9
1480769280,31410278.391573247,27761939.613958426,3648.339,3.91718e14,1.7267,-3.30683e6,1.66795e6,-4.18383e-9
1480769310,31399747.682741016,27743588.51064036,3656.159,3.99990e14,0.3485,-3.35194e6,1.67320e6,-4.19697e-9
1480769340,31389168.92425969,27725229.147931274,3663.940,4.08195e14,2.4071,-3.39698e6,1.67844e6,-4.21011e-9
1480769370,31378542.190192178,27706861.81836122,3671.680,4.05110e14,1.6332,-3.39454e6,1.68367e6,-4.22323e-9
1480769400,31367867.555121467,27688486.81577392,3679.381,3.97540e14,0.2661,-3.37301e6,1.68890e6,-4.23634e-9
1480769430,31357145.09414383,27670104.43531931,3687.041,4.03964e14,1.3456,-3.41074e6,1.69412e6,-4.24943e-9
1480769460,31346374.88289971,27651714.973482978,3694.660,4.06125e14,1.8878,-3.43045e6,1.69934e6,-4.26251e-9
1480769490,31335556.997547477,27633318.728059925,3702.238,3.98316e14,0.0714,-3.40757e6,1.70455e6,-4.27557e-9
1480769520,31324691.514775164,27614915.998164866,3709.776,3.97006e14,0.4001,-3.41236e6,1.70975e6,-4.28862e-9
1480769550,31313778.511802748,27596507.084233455,3717.271,4.02024e14,0.8588,-3.44431e6,1.71495e6,-4.30165e-9
1480769580,31302818.06638458,27578092.28802355,3724.726,4.04289e14,1.4272,-3.46451e6,1.72014e6,-4.31466e-9
1480769610,31291810.256811757,27559671.912616387,3732.138,3.97058e14,0.3871,-3.44365e6,1.72533e6,-4.32766e-9
1480769640,31280755.161914565,27541246.262417533,3739.509,3.95014e14,0.8997,-3.44512e6,1.73050e6,-4.34064e-9
1480769670,31269652.861064836,27522815.643157974,3746.837,3.92529e14,1.5231,-3.44459e6,1.73567e6,-4.35360e-9
1480769700,31258503.434178434,27504380.361894935,3754.123,3.90248e14,2.0955,-3.44488e6,1.74084e6,-4.36655e-9
1480769730,31247306.96172854,27485940.72701324,3761.366,3.94280e14,1.0839,-3.47274e6,1.74600e6,-4.37948e-9
1480769760,31236063.524714682,27467497.048224725,3768.566,4.01009e14,0.6043,-3.51253e6,1.75115e6,-4.39239e-9
1480769790,31224773.2046988,27449049.636570096,3775.724,4.00420e14,0.4564,-3.52025e6,1.75629e6,-4.40528e-9
1480769820,31213436.083796985,27430598.804419186,3782.837,3.99535e14,0.2344,-3.52663e6,1.76142e6,-4.41815e-9
1480769850,31202052.244682048,27412144.865471557,3789.907,4.03422e14,1.2096,-3.55411e6,1.76655e6,-4.43101e-9
1480769880,31190621.77058616,27393688.134756852,3796.934,3.96153e14,0.6141,-3.53211e6,1.77167e6,-4.44384e-9
1480769910,31179144.745303527,27375228.928635303,3803.916,3.94085e14,1.1328,-3.53308e6,1.77678e6,-4.45665e-9
1480769940,31167621.253192995,27356767.564797983,3810.854,4.04171e14,1.3976,-3.58831e6,1.78188e6,-4.46945e-9
1480769970,31156051.379180744,27338304.36226709,3817.747,4.04211e14,1.4076,-3.59874e6,1.78698e6,-4.48222e-9
1480770000,31144435.20876297,27319839.64139611,3824.596,3.99155e14,0.1392,-3.58626e6,1.79206e6,-4.49497e-9
1480770030,31132772.827998407,27301373.723883674,3831.399,3.99804e14,0.3018,-3.59934e6,1.79714e6,-4.50770e-9
1480770060,31121064.323542394,27282906.93273111,3838.157,3.98411e14,0.0476,-3.60319e6,1.80221e6,-4.52041e-9
1480770090,31109309.782618113,27264439.59228504,3844.870,3.96040e14,0.6422,-3.60256e6,1.80727e6,-4.53309e-9
1480770120,31097509.29302944,27245972.028223485,3851.537,3.94669e14,0.9863,-3.60639e6,1.81232e6,-4.54576e-9
1480770150,31085662.943163555,27227504.567555744,3858.158,3.93003e14,1.4043,-3.60883e6,1.81736e6,-4.55840e-9
1480770180,31073770.82199369,27209037.53862214,3864.733,3.93325e14,1.3235,-3.62029e6,1.82240e6,-4.57101e-9
1480770210,31061833.01908181,27190571.271093756,3871.262,3.93946e14,1.1677,-3.63311e6,1.82742e6,-4.58360e-9
1480770240,31049849.62458129,27172106.09597188,3877.744,3.94121e14,1.1239,-3.64388e6,1.83243e6,-4.59617e-9
1480770270,31037820.72923966,27153642.34558755,3884.178,4.00327e14,0.4330,-3.68243e6,1.83744e6,-4.60872e-9
1480770300,31025746.42440137,27135180.353600923,3890.566,4.00794e14,0.5503,-3.69459e6,1.84243e6,-4.62123e-9
1480770330,31013626.802019335,27116720.45497439,3896.906,3.95589e14,0.7555,-3.68046e6,1.84741e6,-4.63372e-9
1480770360,31001461.954630468,27098262.98605196,3903.199,3.98433e14,0.0419,-3.70358e6,1.85239e6,-4.64619e-9
1480770390,30989251.975385923,27079808.284477822,3909.444,4.01757e14,0.7920,-3.72899e6,1.85735e6,-4.65863e-9
1480770420,30976996.958045073,27061356.68922106,3915.640,3.96236e14,0.5933,-3.71313e6,1.86230e6,-4.67104e-9
1480770450,30964696.996978376,27042908.540574227,3921.788,3.95835e14,0.6939,-3.72110e6,1.86724e6,-4.68343e-9
1480770480,30952352.187170353,27024464.180151787,3927.888,3.96568e14,0.5099,-3.73437e6,1.87217e6,-4.69579e-9
1480770510,30939962.62422252,27006023.950888533,3933.939,3.99407e14,0.2025,-3.75754e6,1.87709e6,-4.70812e-9
1480770540,30927528.404356305,26987588.19703773,3939.940,3.97164e14,0.3604,-3.75677e6,1.88199e6,-4.72042e-9
1480770570,30915049.62441607,26969157.264169347,3945.892,3.94201e14,1.1036,-3.75252e6,1.88689e6,-4.73269e-9
1480770600,30902526.381871987,26950731.499168027,3951.795,3.99114e14,0.1289,-3.78554e6,1.89177e6,-4.74493e-9
1480770630,30889958.774818882,26932311.25025783,3957.648,4.00025e14,0.3573,-3.79962e6,1.89664e6,-4.75714e-9
1480770660,30877346.90199244,26913896.86691746,3963.450,4.02675e14,1.0221,-3.82199e6,1.90150e6,-4.76932e-9
1480770690,30864690.862758834,26895488.69996085,3969.202,4.01357e14,0.6915,-3.82543e6,1.90635e6,-4.78147e-9
1480770720,30851990.75712205,26877087.101508196,3974.904,3.93699e14,1.2297,-3.79842e6,1.91119e6,-4.79359e-9
1480770750,30839246.68572692,26858692.424983643,3980.554,3.94496e14,1.0297,-3.81183e6,1.91601e6,-4.80568e-9
1480770780,30826458.7498621,26840305.025112897,3986.154,3.96426e14,0.5454,-3.83069e6,1.92082e6,-4.81774e-9
1480770810,30813627.051463183,26821925.25792081,3991.702,3.95584e14,0.7567,-3.83619e6,1.92561e6,-4.82976e-9
1480770840,30800751.693115618,26803553.480728664,3997.198,4.03502e14,1.2296,-3.88405e6,1.93039e6,-4.84175e-9
1480770870,30787832.77805783,26785190.052151546,4002.643,3.98480e14,0.0303,-3.86926e6,1.93516e6,-4.85370e-9
1480770900,30774870.41018423,26766835.332095407,4008.035,3.93393e14,1.3063,-3.85402e6,1.93992e6,-4.86562e-9
1480770930,30761864.694044918,26748489.681738384,4013.375,3.95770e14,0.7101,-3.87503e6,1.94466e6,-4.87751e-9
1480770960,30748815.734859165,26730153.463576335,4018.662,3.91719e14,1.7263,-3.86464e6,1.94938e6,-4.88936e-9
1480770990,30735723.63850818,26711827.04137069,4023.897,3.90333e14,2.0742,-3.86718e6,1.95410e6,-4.90117e-9
1480771020,30722588.511541493,26693510.78016083,4029.078,3.96443e14,0.5412,-3.90650e6,1.95880e6,-4.91295e-9
1480771050,30709410.461180013,26675205.046260383,4034.205,3.96505e14,0.5256,-3.91614e6,1.96348e6,-4.92469e-9
1480771080,30696189.595319178,26656910.207253512,4039.279,3.92310e14,1.5782,-3.90474e6,1.96815e6,-4.93639e-9
1480771110,30682926.02253206,26638626.6319909,4044.299,3.99977e14,0.3453,-3.95191e6,1.97280e6,-4.94806e-9
1480771140,30669619.8520725,26620354.69058577,4049.265,3.99740e14,0.2859,-3.96002e6,1.97744e6,-4.95968e-9
1480771170,30656271.193878222,26602094.75440959,4054.176,4.01505e14,0.7288,-3.97805e6,1.98206e6,-4.97127e-9
1480771200,30642880.158574075,26583847.19608774,4059.033,4.00458e14,0.4660,-3.98208e6,1.98667e6,-4.98282e-9
1480771230,30629446.857486274,26565612.389499128,4063.834,3.98614e14,0.0035,-3.98207e6,1.99126e6,-4.99433e-9
1480771260,30615971.402611423,26547390.709758714,4068.581,3.94329e14,1.0717,-3.96976e6,1.99583e6,-5.00579e-9
1480771290,30602453.90665392,26529182.53322571,4073.271,3.89997e14,2.1585,-3.95709e6,2.00039e6,-5.01722e-9
1480771320,30588894.48301821,26510988.237494353,4077.906,4.03828e14,1.3115,-4.03562e6,2.00493e6,-5.02861e-9
1480771350,30575293.24581219,26492808.201388855,4082.485,4.01292e14,0.6754,-4.03195e6,2.00945e6,-5.03995e-9
1480771380,30561650.30985049,26474642.80495822,4087.008,3.94258e14,1.0895,-4.00545e6,2.01396e6,-5.05125e-9
1480771410,30547965.79065794,26456492.429470807,4091.473,4.01975e14,0.8465,-4.05345e6,2.01845e6,-5.06250e-9
1480771440,30534239.804472834,26438357.457408816,4095.882,4.00260e14,0.4164,-4.05373e6,2.02292e6,-5.07371e-9
1480771470,30520472.468250457,26420238.272462558,4100.234,3.97575e14,0.2572,-4.04900e6,2.02738e6,-5.08488e-9
1480771500,30506663.899666354,26402135.25952469,4104.529,3.99693e14,0.2742,-4.06865e6,2.03181e6,-5.09600e-9
1480771530,30492814.21710214,26384048.804681733,4108.765,3.96414e14,0.5485,-4.06075e6,2.03623e6,-5.10708e-9
1480771560,30478923.53970343,26365979.295215398,4112.944,3.95122e14,0.8727,-4.06291e6,2.04063e6,-5.11811e-9
1480771590,30464991.987328637,26347927.119588755,4117.065,4.03063e14,1.1197,-4.11236e6,2.04501e6,-5.12909e-9
1480771620,30451019.680570036,26329892.66744208,4121.127,3.99574e14,0.2441,-4.10319e6,2.04937e6,-5.14002e-9
1480771650,30437006.740756955,26311876.329586357,4125.130,3.96168e14,0.6101,-4.09434e6,2.05372e6,-5.15091e-9
1480771680,30422953.289959203,26293878.49799628,4129.075,3.96443e14,0.5412,-4.10438e6,2.05804e6,-5.16175e-9
1480771710,30408859.45099032,26275899.56580349,4132.960,3.92914e14,1.4265,-4.09471e6,2.06234e6,-5.17254e-9
1480771740,30394725.34741098,26257939.927289315,4136.785,4.04696e14,1.5293,-4.16428e6,2.06663e6,-5.18327e-9
1480771770,30380551.103532393,26239999.97787752,4140.551,4.01600e14,0.7525,-4.15678e6,2.07089e6,-5.19396e-9
1480771800,30366336.84441961,26222080.114126835,4144.257,3.97245e14,0.3401,-4.14263e6,2.07513e6,-5.20460e-9
1480771830,30352082.695918,26204180.733732205,4147.902,4.03247e14,1.1658,-4.18236e6,2.07935e6,-5.21518e-9
1480771860,30337788.784585815,26186302.235489797,4151.487,3.99001e14,0.1004,-4.16862e6,2.08355e6,-5.22571e-9
1480771890,30323455.23776857,26168445.01931634,4155.010,3.92388e14,1.5584,-4.14235e6,2.08773e6,-5.23619e-9
1480771920,30309082.1835798,26150609.486232225,4158.473,3.93619e14,1.2496,-4.15706e6,2.09189e6,-5.24662e-9
1480771950,30294669.750904683,26132796.038353316,4161.874,3.97354e14,0.3128,-4.18491e6,2.09603e6,-5.25699e-9
1480771980,30280218.06940369,26115005.078882534,4165.213,3.93573e14,1.2612,-4.17321e6,2.10014e6,-5.26730e-9
1480772010,30265727.269516405,26097237.01210132,4168.490,3.91746e14,1.7196,-4.17170e6,2.10423e6,-5.27756e-9
1480772040,30251197.482465092,26079492.243360832,4171.705,3.96110e14,0.6247,-4.20284e6,2.10830e6,-5.28776e-9
1480772070,30236628.84025853,26061771.17907306,4174.858,3.99414e14,0.2042,-4.22841e6,2.11235e6,-5.29791e-9
1480772100,30222021.47569562,26044074.226701684,4177.947,3.94993e14,0.9049,-4.21300e6,2.11637e6,-5.30800e-9
1480772130,30207375.522346802,26026401.794739876,4180.974,4.00825e14,0.5580,-4.25197e6,2.12037e6,-5.31802e-9
1480772160,30192691.1146268,26008754.292740338,4183.937,4.02159e14,0.8927,-4.26705e6,2.12435e6,-5.32799e-9
1480772190,30177968.387729112,25991132.131266095,4186.836,3.90989e14,1.9096,-4.21536e6,2.12830e6,-5.33790e-9
1480772220,30163207.47765201,25973535.721893188,4189.672,3.94232e14,1.0959,-4.24049e6,2.13223e6,-5.34775e-9
1480772250,30148408.52120204,25955965.47720056,4192.443,3.98372e14,0.0572,-4.27043e6,2.13614e6,-5.35754e-9
1480772280,30133571.655997608,25938421.81075957,4195.150,3.94770e14,0.9611,-4.25885e6,2.14002e6,-5.36727e-9
1480772310,30118697.02047252,25920905.1371235,4197.792,3.95191e14,0.8553,-4.26879e6,2.14387e6,-5.37693e-9
1480772340,30103784.75387957,25903415.87181662,4200.369,4.00962e14,0.5925,-4.30749e6,2.14770e6,-5.38653e-9
1480772370,30088834.99629408,25885954.43132329,4202.881,3.96688e14,0.4797,-4.29206e6,2.15150e6,-5.39607e-9
1480772400,30073847.88861748,25868521.23307673,4205.327,3.99485e14,0.2219,-4.31471e6,2.15528e6,-5.40554e-9
1480772430,30058823.572592795,25851116.695458543,4207.707,4.03525e14,1.2355,-4.34410e6,2.15903e6,-5.41495e-9
1480772460,30043762.19077156,25833741.237753652,4210.021,3.99407e14,0.2024,-4.32926e6,2.16276e6,-5.42429e-9
1480772490,30028663.886554267,25816395.28017189,4212.269,3.99285e14,0.1716,-4.33599e6,2.16646e6,-5.43356e-9
1480772520,30013528.804182194,25799079.243825376,4214.450,3.93746e14,1.2179,-4.31319e6,2.17013e6,-5.44277e-9
1480772550,29998357.08874106,25781793.550716363,4216.564,3.95628e14,0.7457,-4.33070e6,2.17377e6,-5.45190e-9
1480772580,29983148.886164874,25764538.62372499,4218.610,3.97251e14,0.3385,-4.34677e6,2.17739e6,-5.46097e-9
1480772610,29967904.34323968,25747314.886596818,4220.589,3.96468e14,0.5350,-4.34964e6,2.18098e6,-5.46997e-9
1480772640,29952623.607607357,25730122.763930105,4222.501,4.01193e14,0.6504,-4.38263e6,2.18454e6,-5.47890e-9
1480772670,29937306.82776944,25712962.681162924,4224.344,3.97594e14,0.2525,-4.36997e6,2.18807e6,-5.48775e-9
1480772700,29921954.15309095,25695835.064560115,4226.119,3.95426e14,0.7963,-4.36505e6,2.19157e6,-5.49654e-9
1480772730,29906565.73380671,25678740.341192316,4227.825,4.01562e14,0.7430,-4.40574e6,2.19505e6,-5.50525e-9
1480772760,29891141.72101768,25661678.938945793,4229.463,3.99137e14,0.1346,-4.39929e6,2.19849e6,-5.51388e-9
1480772790,29875682.26670229,25644651.28648559,4231.031,3.97395e14,0.3024,-4.39650e6,2.20191e6,-5.52245e-9
1480772820,29860187.52371795,25627657.813248962,4232.530,4.02015e14,0.8566,-4.42881e6,2.20529e6,-5.53094e-9
1480772850,29844657.64580495,25610698.949431207,4233.959,3.93024e14,1.3990,-4.38574e6,2.20865e6,-5.53935e-9
1480772880,29829092.78759044,25593775.125971228,4235.318,3.93646e14,1.2431,-4.39579e6,2.21197e6,-5.54768e-9
1480772910,29813493.10459235,25576886.774536885,4236.606,3.98175e14,0.1069,-4.42750e6,2.21526e6,-5.55594e-9
1480772940,29797858.75322329,25560034.327510234,4237.824,3.99287e14,0.1724,-4.44021e6,2.21852e6,-5.56412e-9
1480772970,29782189.890794568,25543218.21797236,4238.972,4.02247e14,0.9147,-4.46316e6,2.22176e6,-5.57222e-9
1480773000,29766486.675520074,25526438.87968815,4240.048,3.97515e14,0.2724,-4.44318e6,2.22495e6,-5.58024e-9
1480773030,29750749.266511258,25509696.747099303,4241.053,3.96206e14,0.6008,-4.44219e6,2.22812e6,-5.58818e-9
1480773060,29734977.823808756,25492992.255282648,4241.986,3.95754e14,0.7140,-4.44591e6,2.23125e6,-5.59604e-9
1480773090,29719172.508358732,25476325.839959975,4242.847,3.93767e14,1.2125,-4.44095e6,2.23435e6,-5.60382e-9
1480773120,29703333.482025642,25459697.93747365,4243.636,3.95117e14,0.8739,-4.45463e6,2.23742e6,-5.61151e-9
1480773150,29687460.907596085,25443108.984770473,4244.352,4.00337e14,0.4356,-4.48999e6,2.24046e6,-5.61912e-9
1480773180,29671554.948782705,25426559.41938496,4244.996,4.03061e14,1.1190,-4.51134e6,2.24346e6,-5.62664e-9
1480773210,29655615.770228095,25410049.679422833,4245.566,4.04207e14,1.4065,-4.52376e6,2.24642e6,-5.63408e-9
1480773240,29639643.53750861,25393580.20354395,4246.063,4.03714e14,1.2829,-4.52688e6,2.24935e6,-5.64143e-9
1480773270,29623638.417138275,25377151.43094523,4246.487,3.98285e14,0.0792,-4.50204e6,2.25225e6,-5.64870e-9
1480773300,29607600.576572623,25360763.801343195,4246.837,3.92621e14,1.5001,-4.47573e6,2.25511e6,-5.65588e-9
1480773330,29591530.18421788,25344417.75494283,4247.112,3.91317e14,1.8272,-4.47396e6,2.25794e6,-5.66297e-9
1480773360,29575427.409418605,25328113.73246152,4247.314,3.92677e14,1.4861,-4.48719e6,2.26073e6,-5.66997e-9
1480773390,29559292.42247774,25311852.175069395,4247.440,3.94257e14,1.0896,-4.50163e6,2.26349e6,-5.67687e-9
1480773420,29543125.394655343,25295633.524384383,4247.492,3.94817e14,0.9492,-4.51022e6,2.26620e6,-5.68369e-9
1480773450,29526926.498172536,25279458.22245354,4247.468,4.00442e14,0.4621,-4.54757e6,2.26888e6,-5.69042e-9
1480773480,29510695.906215373,25263326.711734284,4247.369,4.00038e14,0.3607,-4.55057e6,2.27153e6,-5.69705e-9
1480773510,29494433.7929389,25247239.43507537,4247.194,3.92881e14,1.4349,-4.51497e6,2.27414e6,-5.70359e-9
1480773540,29478140.333471008,25231196.835697602,4246.943,3.93701e14,1.2290,-4.52475e6,2.27670e6,-5.71003e-9
1480773570,29461815.703916483,25215199.357174348,4246.616,4.04535e14,1.4889,-4.59171e6,2.27924e6,-5.71638e-9
1480773600,29445460.081360918,25199247.4434118,4246.213,4.02365e14,0.9445,-4.58432e6,2.28173e6,-5.72263e-9
1480773630,29429073.643874254,25183341.538651757,4245.732,3.94217e14,1.0997,-4.54257e6,2.28418e6,-5.72879e-9
1480773660,29412656.570516255,25167482.087381892,4245.174,3.96751e14,0.4640,-4.56190e6,2.28659e6,-5.73484e-9
1480773690,29396209.04133897,25151669.534384895,4244.540,3.96569e14,0.5098,-4.56559e6,2.28897e6,-5.74080e-9
1480773720,29379731.237391308,25135904.324695658,4243.827,3.98944e14,0.0861,-4.58390e6,2.29130e6,-5.74666e-9
1480773750,29363223.340722937,25120186.90358066,4243.036,3.98660e14,0.0150,-4.58686e6,2.29360e6,-5.75241e-9
1480773780,29346685.534388356,25104517.716517076,4242.168,3.98721e14,0.0303,-4.59172e6,2.29585e6,-5.75807e-9
1480773810,29330118.002450865,25088897.209171858,4241.221,3.92568e14,1.5134,-4.56068e6,2.29807e6,-5.76362e-9
1480773840,29313520.92998659,25073325.827380262,4240.195,3.93390e14,1.3072,-4.56973e6,2.30024e6,-5.76907e-9
1480773870,29296894.5030885,25057804.01712456,4239.090,3.98664e14,0.0160,-4.60442e6,2.30237e6,-5.77442e-9
1480773900,29280238.90887039,25042332.224512096,4237.907,3.94464e14,1.0376,-4.58433e6,2.30446e6,-5.77966e-9
1480773930,29263554.335472893,25026910.89572232,4236.643,3.97007e14,0.3997,-4.60310e6,2.30650e6,-5.78479e-9
1480773960,29246840.972061414,25011540.4770805,4235.300,3.96337e14,0.5678,-4.60322e6,2.30851e6,-5.78982e-9
1480773990,29230099.008836213,24996221.414939202,4233.878,3.95348e14,0.8160,-4.60140e6,2.31047e6,-5.79474e-9
1480774020,29213328.637034476,24980954.155686542,4232.374,3.98092e14,0.1275,-4.62114e6,2.31238e6,-5.79955e-9
1480774050,29196530.04893429,24965739.14572299,4230.791,4.00042e14,0.3618,-4.63620e6,2.31426e6,-5.80425e-9
1480774080,29179703.437858652,24950576.831438083,4229.127,3.98431e14,0.0425,-4.63050e6,2.31608e6,-5.80884e-9
1480774110,29162848.99817952,24935467.659186915,4227.381,3.98337e14,0.0660,-4.63353e6,2.31787e6,-5.81332e-9
1480774140,29145966.92532175,24920412.075266365,4225.555,3.98066e14,0.1341,-4.63543e6,2.31961e6,-5.81768e-9
1480774170,29129057.415767122,24905410.52589107,4223.647,3.99545e14,0.2369,-4.64743e6,2.32130e6,-5.82194e-9
1480774200,29112120.667058226,24890463.45716939,4221.657,3.98800e14,0.0501,-4.64639e6,2.32295e6,-5.82608e-9
1480774230,29095156.877795324,24875571.315114602,4219.586,3.97378e14,0.3067,-4.64131e6,2.32455e6,-5.83010e-9
1480774260,29078166.24766244,24860734.545510553,4217.432,4.05607e14,1.7577,-4.69242e6,2.32611e6,-5.83401e-9
1480774290,29061148.977409076,24845953.593996946,4215.195,4.00369e14,0.4437,-4.66490e6,2.32762e6,-5.83780e-9
1480774320,29044105.26886125,24831228.906009078,4212.876,3.95820e14,0.6974,-4.64126e6,2.32908e6,-5.84147e-9
1480774350,29027035.324925408,24816560.92675299,4210.474,3.96505e14,0.5256,-4.64809e6,2.33050e6,-5.84503e-9
1480774380,29009939.3495922,24801950.101180397,4207.989,3.95038e14,0.8937,-4.64224e6,2.33187e6,-5.84847e-9
1480774410,28992817.547940455,24787396.8739635,4205.421,3.98237e14,0.0913,-4.66358e6,2.33319e6,-5.85178e-9
1480774440,28975670.12614086,24772901.689469505,4202.768,3.99502e14,0.2262,-4.67353e6,2.33446e6,-5.85498e-9
1480774470,28958497.291459925,24758464.991735045,4200.032,3.93602e14,1.2541,-4.64142e6,2.33568e6,-5.85805e-9
1480774500,28941299.252263706,24744087.224440195,4197.212,3.95377e14,0.8087,-4.65416e6,2.33686e6,-5.86100e-9
1480774530,28924076.218032975,24729768.830852594,4194.307,3.97687e14,0.2291,-4.66995e6,2.33798e6,-5.86382e-9
1480774560,28906828.399332352,24715510.25389349,4191.318,3.92123e14,1.6249,-4.63945e6,2.33905e6,-5.86652e-9
1480774590,28889556.007848725,24701311.936018784,4188.244,3.96702e14,0.4763,-4.66836e6,2.34008e6,-5.86909e-9
1480774620,28872259.25638403,24687174.31922206,4185.085,3.98046e14,0.1390,-4.67820e6,2.34105e6,-5.87154e-9
1480774650,28854938.35885905,24673097.84500746,4181.841,3.93453e14,1.2913,-4.65306e6,2.34197e6,-5.87386e-9
1480774680,28837593.53031737,24659082.954362396,4178.511,3.99104e14,0.1263,-4.68800e6,2.34284e6,-5.87605e-9
1480774710,28820224.986929197,24645130.08773007,4175.095,4.01588e14,0.7494,-4.70424e6,2.34366e6,-5.87811e-9
1480774740,28802832.945995267,24631239.684981707,4171.593,3.95006e14,0.9018,-4.66708e6,2.34443e6,-5.88004e-9
1480774770,28785417.625950646,24617412.185388748,4168.005,3.99382e14,0.1961,-4.69425e6,2.34514e6,-5.88184e-9
1480774800,28767979.246368557,24603648.027594727,4164.331,4.00820e14,0.5568,-4.70403e6,2.34581e6,-5.88351e-9
1480774830,28750518.0279506,24589947.649600513,4160.570,3.96375e14,0.5584,-4.67910e6,2.34641e6,-5.88504e-9
1480774860,28733034.19257249,24576311.48869459,4156.723,3.93812e14,1.2012,-4.66512e6,2.34697e6,-5.88644e-9
1480774890,28715527.963245854,24562739.981465753,4152.788,3.94085e14,1.1327,-4.66773e6,2.34747e6,-5.88771e-9
1480774920,28697999.56413552,24549233.56376114,4148.766,3.99639e14,0.2605,-4.70132e6,2.34792e6,-5.88883e-9
1480774950,28680449.220563084,24535792.670657545,4144.657,3.97571e14,0.2584,-4.68993e6,2.34831e6,-5.88983e-9
1480774980,28662877.15901046,24522417.73643236,4140.459,3.97743e14,0.2150,-4.69163e6,2.34865e6,-5.89068e-9
1480775010,28645283.607123613,24509109.19453469,4136.174,3.98951e14,0.0880,-4.69931e6,2.34893e6,-5.89140e-9
1480775040,28627668.793716013,24495867.47755605,4131.801,3.97044e14,0.3904,-4.68853e6,2.34915e6,-5.89197e-9
1480775070,28610032.94877222,24482693.017201055,4127.340,3.93602e14,1.2540,-4.66859e6,2.34932e6,-5.89241e-9
1480775100,28592376.303451408,24469586.24425798,4122.790,3.98915e14,0.0789,-4.70012e6,2.34944e6,-5.89270e-9
1480775130,28574699.090106115,24456547.588574447,4118.152,4.03607e14,1.2561,-4.72789e6,2.34949e6,-5.89285e-9
1480775160,28557001.542238925,24443577.479011387,4113.424,4.00689e14,0.5240,-4.71070e6,2.34949e6,-5.89286e-9
1480775190,28539283.894552737,24430676.3434296,4108.608,4.02074e14,0.8715,-4.71875e6,2.34944e6,-5.89272e-9
1480775220,28521546.382939227,24417844.608654555,4103.702,3.98645e14,0.0113,-4.69832e6,2.34932e6,-5.89244e-9
1480775250,28503789.244482383,24405082.700446233,4098.707,3.96327e14,0.5704,-4.68431e6,2.34915e6,-5.89202e-9
1480775280,28486012.717462096,24392391.04346902,4093.622,3.96723e14,0.4710,-4.68619e6,2.34891e6,-5.89144e-9
1480775310,28468217.04135764,24379770.06126134,4088.447,3.98897e14,0.0744,-4.69841e6,2.34862e6,-5.89072e-9
1480775340,28450402.456851188,24367220.176205292,4083.182,3.98852e14,0.0631,-4.69745e6,2.34827e6,-5.88985e-9
1480775370,28432569.20583128,24354741.80949597,4077.827,4.01159e14,0.6419,-4.71022e6,2.34786e6,-5.88883e-9
1480775400,28414717.531396244,24342335.381110884,4072.382,4.02971e14,1.0965,-4.71995e6,2.34739e6,-5.88766e-9
1480775430,28396847.67784235,24330001.309772555,4066.846,3.96272e14,0.5841,-4.67945e6,2.34686e6,-5.88634e-9
1480775460,28378959.89071418,24317740.012937836,4061.220,3.93770e14,1.2119,-4.66355e6,2.34627e6,-5.88487e-9
1480775490,28361054.41676096,24305551.906746563,4055.503,3.97598e14,0.2515,-4.68478e6,2.34561e6,-5.88324e-9
1480775520,28343131.503954966,24293437.40599692,4049.694,4.02824e14,1.0597,-4.71410e6,2.34490e6,-5.88146e-9
1480775550,28325191.40149466,24281396.92411415,4043.794,4.01937e14,0.8371,-4.70733e6,2.34412e6,-5.87953e-9
1480775580,28307234.35980779,24269430.873119067,4037.803,4.01398e14,0.7020,-4.70248e6,2.34329e6,-5.87744e-9
1480775610,28289260.63055453,24257539.663596604,4031.721,3.97025e14,0.3952,-4.67499e6,2.34239e6,-5.87519e-9
1480775640,28271270.4666305,24245723.70466412,4025.547,3.93829e14,1.1971,-4.65430e6,2.34142e6,-5.87279e-9
1480775670,28253264.122169755,24233983.403939728,4019.281,3.98594e14,0.0017,-4.68023e6,2.34040e6,-5.87023e-9
1480775700,28235241.85254781,24222319.1675104,4012.923,3.94091e14,1.1312,-4.65164e6,2.33931e6,-5.86751e-9
1480775730,28217203.914398424,24210731.399890948,4006.473,3.96572e14,0.5088,-4.66390e6,2.33815e6,-5.86463e-9
1480775760,28199150.56557399,24199220.504020456,3999.930,4.07775e14,2.3018,-4.72715e6,2.33694e6,-5.86158e-9
1480775790,28181082.06519089,24187786.881201692,3993.295,3.99454e14,0.2140,-4.67581e6,2.33565e6,-5.85838e-9
1480775820,28162998.67361877,24176430.931078132,3986.568,3.93535e14,1.2709,-4.63846e6,2.33431e6,-5.85502e-9
1480775850,28144900.652483486,24165153.051601797,3979.748,3.95255e14,0.8392,-4.64573e6,2.33289e6,-5.85149e-9
1480775880,28126788.264669966,24153953.639000967,3972.835,3.96038e14,0.6429,-4.64736e6,2.33142e6,-5.84779e-9
1480775910,28108661.774325117,24142833.08774786,3965.829,4.03976e14,1.3485,-4.69068e6,2.32987e6,-5.84394e-9
1480775940,28090521.44686062,24131791.790526338,3958.730,4.02141e14,0.8883,-4.67673e6,2.32826e6,-5.83991e-9
1480775970,28072367.548955765,24120830.138199523,3951.537,3.97748e14,0.2139,-4.64773e6,2.32659e6,-5.83572e-9
1480776000,28054200.348560132,24109948.51977743,3944.252,4.00540e14,0.4867,-4.66054e6,2.32485e6,-5.83137e-9
1480776030,28036020.114883758,24099147.322408624,3936.873,4.00556e14,0.4905,-4.65701e6,2.32304e6,-5.82684e-9
1480776060,28017827.11843844,24088426.93127375,3929.400,3.98999e14,0.1000,-4.64419e6,2.32116e6,-5.82215e-9
1480776090,27999621.631001845,24077787.72962752,3921.834,4.00187e14,0.3981,-4.64722e6,2.31921e6,-5.81729e-9
1480776120,27981403.92563224,24067230.098742444,3914.174,4.02035e14,0.8617,-4.65393e6,2.31720e6,-5.81225e-9
1480776150,27963174.276671078,24056754.417876616,3906.420,3.97172e14,0.3584,-4.62152e6,2.31512e6,-5.80705e-9
1480776180,27944932.959745232,24046361.064241577,3898.572,3.95852e14,0.6894,-4.60958e6,2.31297e6,-5.80167e-9
1480776210,27926680.251769412,24036050.412970155,3890.630,3.99311e14,0.1783,-4.62521e6,2.31075e6,-5.79612e-9
1480776240,27908416.430948306,24025822.837084323,3882.594,3.99075e14,0.1191,-4.61927e6,2.30846e6,-5.79040e-9
1480776270,27890141.77677882,24015678.70746304,3874.463,3.98499e14,0.0254,-4.61123e6,2.30611e6,-5.78450e-9
1480776300,27871856.570052274,24005618.392810162,3866.238,3.99657e14,0.2650,-4.61307e6,2.30368e6,-5.77843e-9
1480776330,27853561.09286829,23995642.25959712,3857.919,4.03957e14,1.3438,-4.63289e6,2.30118e6,-5.77218e-9
1480776360,27835255.62860046,23985750.67210864,3849.505,4.01364e14,0.6932,-4.61278e6,2.29861e6,-5.76576e-9
1480776390,27816940.461934645,23975943.99233266,3840.996,3.95027e14,0.8964,-4.57100e6,2.29598e6,-5.75916e-9
1480776420,27798615.878859274,23966222.57995342,3832.393,3.95001e14,0.9030,-4.56546e6,2.29327e6,-5.75238e-9
1480776450,27780282.16666736,23956586.792319264,3823.695,3.95168e14,0.8612,-4.56089e6,2.29049e6,-5.74542e-9
1480776480,27761939.613958426,23947036.98441053,3814.903,3.97008e14,0.3996,-4.56578e6,2.28763e6,-5.73828e-9
1480776510,27743588.51064036,23937573.50880759,3806.015,3.98463e14,0.0344,-4.56829e6,2.28471e6,-5.73096e-9
1480776540,27725229.147931274,23928196.71565873,3797.032,3.94398e14,1.0544,-4.53903e6,2.28171e6,-5.72347e-9
1480776570,27706861.81836122,23918906.95264834,3787.955,3.96425e14,0.5458,-4.54452e6,2.27864e6,-5.71579e-9
1480776600,27688486.81577392,23909704.564965013,3778.782,3.99344e14,0.1866,-4.55493e6,2.27550e6,-5.70793e-9
1480776630,27670104.43531931,23900589.895287566,3769.515,3.94535e14,1.0200,-4.52109e6,2.27229e6,-5.69988e-9
1480776660,27651714.973482978,23891563.28369875,3760.152,3.93223e14,1.3492,-4.50709e6,2.26900e6,-5.69166e-9
1480776690,27633318.728059925,23882625.067708433,3750.694,3.95367e14,0.8111,-4.51261e6,2.26564e6,-5.68325e-9
1480776720,27614915.998164866,23873775.582204655,3741.140,3.94934e14,0.9199,-4.50332e6,2.26221e6,-5.67465e-9
1480776750,27596507.084233455,23865015.159422413,3731.492,3.97394e14,0.3027,-4.51028e6,2.25870e6,-5.66587e-9
1480776780,27578092.28802355,23856344.128912624,3721.748,3.98882e14,0.0706,-4.51156e6,2.25512e6,-5.65690e-9
1480776810,27559671.912616387,23847762.817511186,3711.909,3.97285e14,0.3301,-4.49523e6,2.25146e6,-5.64775e-9
1480776840,27541246.262417533,23839271.54930822,3701.975,3.96020e14,0.6474,-4.48066e6,2.24773e6,-5.63841e-9
1480776870,27522815.643157974,23830870.6456174,3691.945,4.00129e14,0.3834,-4.49621e6,2.24393e6,-5.62889e-9
1480776900,27504380.361894935,23822560.42494544,3681.820,3.99627e14,0.2575,-4.48562e6,2.24004e6,-5.61917e-9
1480776930,27485940.72701324,23814341.20295486,3671.600,3.95011e14,0.9006,-4.45181e6,2.23609e6,-5.60927e-9
1480776960,27467497.048224725,23806213.29245497,3661.284,3.97556e14,0.2621,-4.45804e6,2.23206e6,-5.59917e-9
1480776990,27449049.636570096,23798177.00335063,3650.873,4.00617e14,0.5058,-4.46695e6,2.22795e6,-5.58889e-9
1480777020,27430598.804419186,23790232.642619133,3640.366,3.93995e14,1.1553,-4.42164e6,2.22377e6,-5.57842e-9
1480777050,27412144.865471557,23782380.51428041,3629.764,3.92377e14,1.5613,-4.40417e6,2.21951e6,-5.56775e-9
1480777080,27393688.134756852,23774620.9193674,3619.067,3.97297e14,0.3269,-4.42291e6,2.21517e6,-5.55690e-9
1480777110,27375228.928635303,23766954.155896656,3608.275,3.97775e14,0.2071,-4.41676e6,2.21076e6,-5.54585e-9
1480777140,27356767.564797983,23759380.518839013,3597.387,3.97153e14,0.3632,-4.40436e6,2.20627e6,-5.53461e-9
1480777170,27338304.36226709,23751900.30009056,3586.404,4.02519e14,0.9831,-4.42489e6,2.20171e6,-5.52318e-9
1480777200,27319839.64139611,23744513.788443707,3575.326,4.02136e14,0.8869,-4.41345e6,2.19706e6,-5.51156e-9
1480777230,27301373.723883674,23737221.26955211,3564.152,3.96764e14,0.4608,-4.37444e6,2.19234e6,-5.49974e-9
1480777260,27282906.93273111,23730023.025922064,3552.884,4.02480e14,0.9734,-4.39625e6,2.18754e6,-5.48772e-9
1480777290,27264439.59228504,23722919.336864218,3541.520,4.03881e14,1.3248,-4.39413e6,2.18267e6,-5.47552e-9
1480777320,27245972.028223485,23715910.478471998,3530.062,3.99840e14,0.3110,-4.36209e6,2.17772e6,-5.46311e-9
1480777350,27227504.567555744,23708996.723593764,3518.508,4.00607e14,0.5033,-4.35620e6,2.17269e6,-5.45051e-9
1480777380,27209037.53862214,23702178.341805134,3506.859,4.02892e14,1.0766,-4.35839e6,2.16758e6,-5.43772e-9
1480777410,27190571.271093756,23695455.59938171,3495.116,4.03876e14,1.3236,-4.35331e6,2.16239e6,-5.42473e-9
1480777440,27172106.09597188,23688828.75927192,3483.277,4.01763e14,0.7934,-4.33128e6,2.15712e6,-5.41154e-9
1480777470,27153642.34558755,23682298.08107016,3471.344,3.97952e14,0.1626,-4.29999e6,2.15178e6,-5.39816e-9
1480777500,27135180.353600923,23675863.820990283,3459.317,3.93402e14,1.3041,-4.26466e6,2.14636e6,-5.38458e-9
1480777530,27116720.45497439,23669526.23185628,3447.194,3.98322e14,0.0699,-4.28016e6,2.14085e6,-5.37080e-9
1480777560,27098262.98605196,23663285.5630238,3434.977,4.02814e14,1.0572,-4.29308e6,2.13527e6,-5.35682e-9
1480777590,27079808.284477822,23657142.06040707,3422.666,4.01558e14,0.7420,-4.27500e6,2.12961e6,-5.34265e-9
1480777620,27061356.68922106,23651095.966436505,3410.261,3.99823e14,0.3066,-4.25424e6,2.12388e6,-5.32828e-9
1480777650,27042908.540574227,23645147.520033784,3397.761,3.95735e14,0.7188,-4.22088e6,2.11806e6,-5.31370e-9
1480777680,27024464.180151787,23639296.956587076,3385.167,3.96736e14,0.4677,-4.21444e6,2.11216e6,-5.29893e-9
1480777710,27006023.950888533,23633544.5079267,3372.479,3.97663e14,0.2352,-4.20742e6,2.10618e6,-5.28396e-9
1480777740,26987588.19703773,23627890.40230098,3359.698,4.01387e14,0.6991,-4.21495e6,2.10013e6,-5.26879e-9
1480777770,26969157.264169347,23622334.86435249,3346.822,4.02378e14,0.9478,-4.20786e6,2.09399e6,-5.25342e-9
1480777800,26950731.499168027,23616878.11509454,3333.853,3.98966e14,0.0918,-4.17750e6,2.08778e6,-5.23785e-9
1480777830,26932311.25025783,23611520.37187222,3320.791,3.97978e14,0.1562,-4.15975e6,2.08148e6,-5.22209e-9
1480777860,26913896.86691746,23606261.848388165,3307.635,3.98919e14,0.0800,-4.15192e6,2.07510e6,-5.20612e-9
1480777890,26895488.69996085,23601102.75463139,3294.386,3.96383e14,0.5563,-4.12585e6,2.06865e6,-5.18994e-9
1480777920,26877087.101508196,23596043.296870667,3281.044,3.97311e14,0.3235,-4.11763e6,2.06211e6,-5.17357e-9
1480777950,26858692.424983643,23591083.6776325,3267.609,4.01510e14,0.7299,-4.12608e6,2.05550e6,-5.15700e-9
1480777980,26840305.025112897,23586224.095679395,3254.081,4.00336e14,0.4355,-4.10662e6,2.04880e6,-5.14023e-9
1480778010,26821925.25792081,23581464.74598858,3240.461,3.97365e14,0.3099,-4.07783e6,2.04203e6,-5.12326e-9
1480778040,26803553.480728664,23576805.819730915,3226.748,3.96809e14,0.4493,-4.06131e6,2.03517e6,-5.10608e-9
1480778070,26785190.052151546,23572247.504250277,3212.943,3.99741e14,0.2861,-4.06240e6,2.02823e6,-5.08870e-9
1480778100,26766835.332095407,23567789.98304322,3199.045,4.04217e14,1.4091,-4.07105e6,2.02122e6,-5.07113e-9
1480778130,26748489.681738384,23563433.43574107,3185.056,4.02502e14,0.9789,-4.04811e6,2.01412e6,-5.05335e-9
1480778160,26730153.463576335,23559178.038084358,3170.975,3.99714e14,0.2793,-4.01965e6,2.00694e6,-5.03537e-9
1480778190,26711827.04137069,23555023.9619093,3156.803,3.99712e14,0.2788,-4.00512e6,1.99969e6,-5.01719e-9
1480778220,26693510.78016083,23550971.375127263,3142.539,3.96803e14,0.4509,-3.97589e6,1.99235e6,-4.99881e-9
1480778250,26675205.046260383,23547020.441706378,3128.185,4.00589e14,0.4989,-3.97995e6,1.98493e6,-4.98022e-9
1480778280,26656910.207253512,23543171.321653537,3113.739,4.03341e14,1.1892,-3.97858e6,1.97743e6,-4.96144e-9
1480778310,26638626.6319909,23539424.17099685,3099.202,3.98034e14,0.1422,-3.93712e6,1.96985e6,-4.94245e-9
1480778340,26620354.69058577,23535779.141768467,3084.576,3.94538e14,1.0191,-3.90461e6,1.96220e6,-4.92326e-9
1480778370,26602094.75440959,23532236.381987847,3069.858,3.99073e14,0.1186,-3.91146e6,1.95446e6,-4.90387e-9
1480778400,26583847.19608774,23528796.035645477,3055.051,3.99406e14,0.2021,-3.89745e6,1.94664e6,-4.88428e-9
1480778430,26565612.389499128,23525458.24269243,3040.154,3.96016e14,0.6485,-3.86516e6,1.93874e6,-4.86449e-9
1480778460,26547390.709758714,23522223.139007803,3025.168,4.02198e14,0.9025,-3.87921e6,1.93076e6,-4.84450e-9
1480778490,26529182.53322571,23519090.856401302,3010.092,4.03318e14,1.1835,-3.86843e6,1.92270e6,-4.82431e-9
1480778520,26510988.237494353,23516061.52259291,2994.927,3.93983e14,1.1584,-3.80723e6,1.91456e6,-4.80392e-9
1480778550,26492808.201388855,23513135.26119881,2979.673,3.96966e14,0.4100,-3.80516e6,1.90635e6,-4.78333e-9
1480778580,26474642.80495822,23510312.191717725,2964.331,4.00415e14,0.4553,-3.80504e6,1.89805e6,-4.76253e-9
1480778610,26456492.429470807,23507592.429517705,2948.900,3.92455e14,1.5417,-3.75051e6,1.88967e6,-4.74154e-9
1480778640,26438357.457408816,23504976.085823387,2933.381,3.98891e14,0.0730,-3.76412e6,1.88121e6,-4.72035e-9
1480778670,26420238.272462558,23502463.267703626,2917.775,4.03977e14,1.3488,-3.77095e6,1.87268e6,-4.69896e-9
1480778700,26402135.25952469,23500054.07805968,2902.081,4.05887e14,1.8281,-3.76254e6,1.86406e6,-4.67737e-9
1480778730,26384048.804681733,23497748.61561243,2886.300,4.07250e14,2.1699,-3.75135e6,1.85537e6,-4.65558e-9
1480778760,26365979.295215398,23495546.974895768,2870.432,4.01225e14,0.6585,-3.70571e6,1.84659e6,-4.63359e-9
1480778790,26347927.119588755,23493449.246241365,2854.478,3.97498e14,0.2765,-3.67076e6,1.83774e6,-4.61141e-9
1480778820,26329892.66744208,23491455.51577018,2838.437,3.93840e14,1.1943,-3.63615e6,1.82881e6,-4.58902e-9
1480778850,26311876.329586357,23489565.865382932,2822.310,3.94236e14,1.0950,-3.62005e6,1.81979e6,-4.56644e-9
1480778880,26293878.49799628,23487780.37275088,2806.098,3.99092e14,0.1234,-3.62405e6,1.81070e6,-4.54366e-9
1480778910,26275899.56580349,23486099.111307245,2789.800,3.99627e14,0.2577,-3.60813e6,1.80154e6,-4.52069e-9
1480778940,26257939.927289315,23484522.150238913,2773.418,3.94583e14,1.0079,-3.56693e6,1.79229e6,-4.49752e-9
1480778970,26239999.97787752,23483049.55447877,2756.950,3.95890e14,0.6799,-3.55424e6,1.78297e6,-4.47415e-9
1480779000,26222080.114126835,23481681.38469839,2740.399,4.00193e14,0.3996,-3.55466e6,1.77356e6,-4.45059e-9
1480779030,26204180.733732205,23480417.697299488,2723.763,3.97058e14,0.3871,-3.52179e6,1.76409e6,-4.42683e-9
1480779060,26186302.235489797,23479258.544412907,2707.044,4.05377e14,1.7000,-3.53935e6,1.75453e6,-4.40288e-9
1480779090,26168445.01931634,23478203.97388771,2690.241,4.08773e14,2.5520,-3.53480e6,1.74489e6,-4.37873e-9
1480779120,26150609.486232225,23477254.02928732,2673.355,4.01556e14,0.7416,-3.48372e6,1.73518e6,-4.35439e-9
1480779150,26132796.038353316,23476408.749884598,2656.387,4.00911e14,0.5797,-3.46128e6,1.72539e6,-4.32986e-9
1480779180,26115005.078882534,23475668.170657426,2639.337,3.98794e14,0.0486,-3.43239e6,1.71553e6,-4.30513e-9
1480779210,26097237.01210132,23475032.322284713,2622.205,4.04114e14,1.3832,-3.43528e6,1.70559e6,-4.28022e-9
1480779240,26079492.243360832,23474501.231142864,2604.991,4.04839e14,1.5651,-3.41820e6,1.69557e6,-4.25511e-9
1480779270,26061771.17907306,23474074.91930277,2587.696,3.92098e14,1.6314,-3.34397e6,1.68547e6,-4.22981e-9
1480779300,26044074.226701684,23473753.404527195,2570.321,3.96482e14,0.5314,-3.34224e6,1.67530e6,-4.20432e-9
1480779330,26026401.794739876,23473536.70025848,2552.865,3.97328e14,0.3192,-3.32535e6,1.66506e6,-4.17864e-9
1480779360,26008754.292740338,23473424.81564866,2535.329,3.90321e14,2.0771,-3.27566e6,1.65474e6,-4.15277e-9
1480779390,25991132.131266095,23473417.75552642,2517.714,4.01360e14,0.6924,-3.30065e6,1.64434e6,-4.12672e-9
1480779420,25973535.721893188,23473515.5204067,2500.020,4.01914e14,0.8312,-3.28191e6,1.63387e6,-4.10048e-9
1480779450,25955965.47720056,23473718.106490508,2482.247,3.94940e14,0.9183,-3.23233e6,1.62333e6,-4.07405e-9
1480779480,25938421.81075957,23474025.505665198,2464.396,3.98031e14,0.1429,-3.22371e6,1.61271e6,-4.04743e-9
1480779510,25920905.1371235,23474437.70550521,2446.467,4.00753e14,0.5399,-3.21330e6,1.60202e6,-4.02063e-9
1480779540,25903415.87181662,23474954.689273372,2428.461,3.96820e14,0.4468,-3.17601e6,1.59125e6,-3.99364e-9
1480779570,25885954.43132329,23475576.43592266,2410.378,3.97319e14,0.3214,-3.15637e6,1.58041e6,-3.96647e-9
1480779600,25868521.23307673,23476302.92009844,2392.218,3.95168e14,0.8612,-3.12612e6,1.56950e6,-3.93912e-9
1480779630,25851116.695458543,23477134.112168018,2373.983,3.93196e14,1.3559,-3.09654e6,1.55852e6,-3.91159e-9
1480779660,25833741.237753652,23478069.978141516,2355.671,4.02635e14,1.0123,-3.11125e6,1.54746e6,-3.88387e-9
1480779690,25816395.28017189,23479110.47975825,2337.285,4.05599e14,1.7558,-3.10031e6,1.53633e6,-3.85598e-9
1480779720,25799079.243825376,23480255.57446445,2318.824,4.03762e14,1.2949,-3.07070e6,1.52513e6,-3.82790e-9
1480779750,25781793.550716363,23481505.215418275,2300.288,3.99056e14,0.1142,-3.03013e6,1.51386e6,-3.79965e-9
1480779780,25764538.62372499,23482859.35149518,2281.679,3.96101e14,0.6269,-2.99631e6,1.50252e6,-3.77121e-9
1480779810,25747314.886596818,23484317.927293975,2262.997,3.95019e14,0.8985,-2.96951e6,1.49111e6,-3.74261e-9
1480779840,25730122.763930105,23485880.88314313,2244.242,3.94630e14,0.9961,-2.94521e6,1.47963e6,-3.71382e-9
1480779870,25712962.681162924,23487548.1551077,2225.415,3.98133e14,0.1173,-2.93514e6,1.46808e6,-3.68486e-9
1480779900,25695835.064560115,23489319.674996633,2206.515,4.03096e14,1.1279,-2.93006e6,1.45645e6,-3.65573e-9
1480779930,25678740.341192316,23491195.37033617,2187.545,4.01746e14,0.7892,-2.90167e6,1.44476e6,-3.62642e-9
1480779960,25661678.938945793,23493175.164484117,2168.504,3.96485e14,0.5308,-2.85914e6,1.43301e6,-3.59694e-9
1480779990,25644651.28648559,23495258.97653231,2149.392,3.99903e14,0.3267,-2.84775e6,1.42118e6,-3.56729e-9
1480780020,25627657.813248962,23497446.72134987,2130.211,3.97163e14,0.3607,-2.81424e6,1.40929e6,-3.53747e-9
1480780050,25610698.949431207,23499738.309592493,2110.961,3.99406e14,0.2022,-2.79824e6,1.39732e6,-3.50748e-9
1480780080,25593775.125971228,23502133.647712246,2091.641,4.05730e14,1.7885,-2.79615e6,1.38530e6,-3.47733e-9
1480780110,25576886.774536885,23504632.63796779,2072.254,4.00492e14,0.4745,-2.75370e6,1.37320e6,-3.44700e-9
1480780140,25560034.327510234,23507235.178435046,2052.799,3.92104e14,1.6297,-2.70067e6,1.36104e6,-3.41652e-9
1480780170,25543218.21797236,23509941.1630183,2033.277,3.96263e14,0.5865,-2.69051e6,1.34882e6,-3.38586e-9
1480780200,25526438.87968815,23512750.481461763,2013.688,3.95577e14,0.7586,-2.66370e6,1.33652e6,-3.35505e-9
1480785750,23513135.26119881,25524604.921704322,2011.470,3.96358e14,0.5627,2.66452e6,-1.33611e6,3.35154e-9
1480785780,23510312.191717725,25541383.38148792,2031.071,4.01663e14,0.7683,2.70697e6,-1.34840e6,3.38238e-9
1480785810,23507592.429517705,25558198.676454112,2050.606,4.02629e14,1.0106,2.73481e6,-1.36061e6,3.41306e-9
1480785840,23504976.085823387,25575050.372437116,2070.074,4.02429e14,0.9606,2.75856e6,-1.37277e6,3.44358e-9
1480785870,23502463.267703626,25591938.0359533,2089.475,4.03609e14,1.2564,2.78696e6,-1.38485e6,3.47393e-9
1480785900,23500054.07805968,25608861.234216496,2108.807,4.13642e14,3.7736,2.84632e6,-1.39688e6,3.50411e-9
1480785930,23497748.61561243,25625819.535150956,2128.071,3.98457e14,0.0361,2.81702e6,-1.40883e6,3.53413e-9
1480785960,23495546.974895768,25642812.507412944,2147.266,3.89902e14,2.1823,2.81031e6,-1.42072e6,3.56397e-9
1480785990,23493449.246241365,25659839.72039864,2166.390,3.99858e14,0.3154,2.86948e6,-1.43253e6,3.59365e-9
1480786020,23491455.51577018,25676900.744260803,2185.445,3.92655e14,1.4916,2.86694e6,-1.44429e6,3.62316e-9
1480786050,23489565.865382932,25693995.149922993,2204.429,4.04761e14,1.5455,2.93435e6,-1.45597e6,3.65249e-9
1480786080,23487780.37275088,25711122.509093575,2223.342,4.07561e14,2.2481,2.96808e6,-1.46758e6,3.68166e-9
1480786110,23486099.111307245,25728282.394279573,2242.183,3.96528e14,0.5199,2.95050e6,-1.47913e6,3.71065e-9
1480786140,23484522.150238913,25745474.37880024,2260.952,3.98312e14,0.0725,2.98007e6,-1.49060e6,3.73946e-9
1480786170,23483049.55447877,25762698.036800474,2279.648,3.94145e14,1.1178,2.98718e6,-1.50200e6,3.76810e-9
1480786200,23481681.38469839,25779952.94326395,2298.272,3.95718e14,0.7232,3.01570e6,-1.51334e6,3.79656e-9
1480786230,23480417.697299488,25797238.674029198,2316.821,4.02123e14,0.8838,3.06266e6,-1.52460e6,3.82484e-9
1480786260,23479258.544412907,25814554.805793088,2335.296,4.07880e14,2.3280,3.10733e6,-1.53579e6,3.85295e-9
1480786290,23478203.97388771,25831900.916132618,2353.697,3.99731e14,0.2837,3.09822e6,-1.54691e6,3.88087e-9
1480786320,23477254.02928732,25849276.583514363,2372.023,3.92266e14,1.5891,3.09118e6,-1.55796e6,3.90862e-9
1480786350,23476408.749884598,25866681.387306653,2390.273,3.97247e14,0.3395,3.13258e6,-1.56894e6,3.93618e-9
1480786380,23475668.170657426,25884114.907791533,2408.447,3.97662e14,0.2356,3.15600e6,-1.57984e6,3.96356e-9
1480786410,23475032.322284713,25901576.726176605,2426.544,4.00746e14,0.5384,3.18996e6,-1.59068e6,3.99076e-9
1480786440,23474501.231142864,25919066.424606595,2444.565,3.98965e14,0.0916,3.20439e6,-1.60143e6,4.01778e-9
1480786470,23474074.91930277,25936583.586174745,2462.509,3.97264e14,0.3354,3.21889e6,-1.61212e6,4.04461e-9
1480786500,23473753.404527195,25954127.794933967,2480.374,3.97365e14,0.3100,3.24050e6,-1.62273e6,4.07125e-9
1480786530,23473536.70025848,25971698.635900214,2498.162,3.91517e14,1.7771,3.23759e6,-1.63327e6,4.09771e-9
1480786560,23473424.81564866,25989295.69508686,2515.871,3.87792e14,2.7115,3.24298e6,-1.64373e6,4.12399e-9
1480786590,23473417.75552642,26006918.55949173,2533.501,3.92798e14,1.4556,3.28426e6,-1.65412e6,4.15007e-9
1480786620,23473515.5204067,26024566.817115042,2551.051,3.99603e14,0.2516,3.33316e6,-1.66443e6,4.17597e-9
1480786650,23473718.106490508,26042240.056969553,2568.522,3.94866e14,0.9368,3.33377e6,-1.67467e6,4.20168e-9
1480786680,23474025.505665198,26059937.869090557,2585.912,3.94042e14,1.1435,3.35052e6,-1.68483e6,4.22720e-9
1480786710,23474437.70550521,26077659.844545636,2603.222,4.03601e14,1.2546,3.41124e6,-1.69491e6,4.25253e-9
1480786740,23474954.689273372,26095405.575444262,2620.451,4.04479e14,1.4748,3.43515e6,-1.70493e6,4.27767e-9
1480786770,23475576.43592266,26113174.65494721,2637.598,3.98544e14,0.0142,3.42964e6,-1.71486e6,4.30262e-9
1480786800,23476302.92009844,26130966.67727574,2654.664,3.96931e14,0.4187,3.44239e6,-1.72472e6,4.32737e-9
1480786830,23477134.112168018,26148781.23773664,2671.647,3.96111e14,0.6245,3.45835e6,-1.73450e6,4.35194e-9
1480786860,23478069.978141516,26166617.932682004,2688.548,4.02700e14,1.0284,3.50654e6,-1.74420e6,4.37631e-9
1480786890,23479110.47975825,26184476.359567035,2705.366,4.03215e14,1.1577,3.52817e6,-1.75383e6,4.40048e-9
1480786920,23480255.57446445,26202356.116942804,2722.101,3.99763e14,0.2918,3.53212e6,-1.76338e6,4.42447e-9
1480786950,23481505.215418275,26220256.80446469,2738.752,3.97437e14,0.2919,3.54075e6,-1.77285e6,4.44826e-9
1480786980,23482859.35149518,26238178.022900667,2755.319,3.93426e14,1.2981,3.54159e6,-1.78225e6,4.47185e-9
1480787010,23484317.927293975,26256119.374139454,2771.801,3.93429e14,1.2973,3.56013e6,-1.79157e6,4.49525e-9
1480787040,23485880.88314313,26274080.461198334,2788.200,3.96754e14,0.4632,3.59352e6,-1.80081e6,4.51845e-9
1480787070,23487548.1551077,26292060.88823098,2804.513,4.01974e14,0.8464,3.63551e6,-1.80997e6,4.54146e-9
1480787100,23489319.674996633,26310060.260534987,2820.741,3.99394e14,0.1990,3.64199e6,-1.81905e6,4.56427e-9
1480787130,23491195.37033617,26328078.184534032,2836.883,3.98044e14,0.1397,3.65383e6,-1.82805e6,4.58688e-9
1480787160,23493175.164484117,26346114.267862845,2852.939,3.95101e14,0.8778,3.65812e6,-1.83698e6,4.60929e-9
1480787190,23495258.97653231,26364168.119296264,2868.909,3.97229e14,0.3440,3.68560e6,-1.84583e6,4.63151e-9
1480787220,23497446.72134987,26382239.34878112,2884.793,3.97728e14,0.2190,3.70543e6,-1.85459e6,4.65353e-9
1480787250,23499738.309592493,26400327.56744275,2900.589,3.98490e14,0.0277,3.72636e6,-1.86328e6,4.67535e-9
1480787280,23502133.647712246,26418432.38759134,2916.299,4.04061e14,1.3700,3.76975e6,-1.87189e6,4.69697e-9
1480787310,23504632.63796779,26436553.422728095,2931.921,3.95213e14,0.8498,3.74519e6,-1.88042e6,4.71839e-9
1480787340,23507235.178435046,26454690.28755121,2947.455,3.91173e14,1.8635,3.74288e6,-1.88887e6,4.73961e-9
1480787370,23509941.1630183,26472842.597961813,2962.901,3.95622e14,0.7473,3.78066e6,-1.89724e6,4.76064e-9
1480787400,23512750.481461763,26491009.97106965,2978.259,3.92642e14,1.4948,3.78294e6,-1.90554e6,4.78146e-9
1480787430,23515663.019388445,26509192.025229983,2993.529,3.95998e14,0.6529,3.81536e6,-1.91375e6,4.80208e-9
1480787460,23518678.65823,26527388.379952356,3008.710,4.01130e14,0.6345,3.85633e6,-1.92188e6,4.82251e-9
1480787490,23521797.275322404,26545598.65600294,3023.801,4.00509e14,0.4787,3.86949e6,-1.92993e6,4.84273e-9
1480787520,23525018.74389278,26563822.47537852,3038.804,4.01679e14,0.7724,3.89117e6,-1.93791e6,4.86275e-9
1480787550,23528342.933073446,26582059.46131169,3053.717,4.02405e14,0.9544,3.91057e6,-1.94580e6,4.88257e-9
1480787580,23531769.70791633,26600309.238276005,3068.540,3.91232e14,1.8486,3.87151e6,-1.95361e6,4.90219e-9
1480787610,23535298.929408025,26618571.43199092,3083.273,3.96068e14,0.6352,3.91064e6,-1.96134e6,4.92161e-9
1480787640,23538930.45448502,26636845.669426627,3097.915,4.02904e14,1.0797,3.95968e6,-1.96900e6,4.94083e-9
1480787670,23542664.136049576,26655131.578808684,3112.467,3.95870e14,0.6849,3.94003e6,-1.97657e6,4.95985e-9
1480787700,23546499.822985884,26673428.78962253,3126.929,3.98560e14,0.0102,3.96836e6,-1.98406e6,4.97866e-9
1480787730,23550437.360161018,26691736.932587143,3141.300,3.95324e14,0.8220,3.96702e6,-1.99147e6,4.99728e-9
1480787760,23554476.588490423,26710055.639754113,3155.579,3.96227e14,0.5955,3.98616e6,-1.99881e6,5.01569e-9
1480787790,23558617.344906803,26728384.544416387,3169.767,4.03348e14,1.1912,4.03647e6,-2.00606e6,5.03390e-9
1480787820,23562859.462393556,26746723.28114281,3183.864,3.96551e14,0.5140,4.01657e6,-2.01323e6,5.05191e-9
1480787850,23567202.77000296,26765071.48578168,3197.869,3.96099e14,0.6276,4.02843e6,-2.02032e6,5.06972e-9
1480787880,23571647.092874594,26783428.795464125,3211.782,3.94836e14,0.9444,4.03599e6,-2.02733e6,5.08733e-9
1480787910,23576192.25225435,26801794.84860735,3225.603,3.95657e14,0.7385,4.05399e6,-2.03426e6,5.10474e-9
1480787940,23580838.065513667,26820169.28491779,3239.331,4.02476e14,0.9722,4.10257e6,-2.04111e6,5.12194e-9
1480787970,23585584.346169222,26838551.74539404,3252.967,4.03650e14,1.2668,4.12222e6,-2.04789e6,5.13895e-9
1480788000,23590430.90390299,26856941.872329783,3266.511,4.02582e14,0.9989,4.13019e6,-2.05458e6,5.15575e-9
1480788030,23595377.544594873,26875339.309340406,3279.962,3.99040e14,0.1102,4.12516e6,-2.06119e6,5.17235e-9
1480788060,23600424.070305653,26893743.701291833,3293.320,3.98580e14,0.0051,4.13585e6,-2.06772e6,5.18875e-9
1480788090,23605570.27933617,26912154.694377247,3306.584,3.98727e14,0.0318,4.14952e6,-2.07417e6,5.20495e-9
1480788120,23610815.966236573,26930571.93609556,3319.756,4.00365e14,0.4428,4.17083e6,-2.08054e6,5.22095e-9
1480788150,23616160.92182825,26948995.075253993,3332.834,4.01393e14,0.7006,4.18883e6,-2.08683e6,5.23675e-9
1480788180,23621604.933226068,26967423.761970345,3345.819,4.00199e14,0.4010,4.19503e6,-2.09304e6,5.25235e-9
1480788210,23627147.783861026,26985857.647675313,3358.710,3.94877e14,0.9342,4.17929e6,-2.09918e6,5.26775e-9
1480788240,23632789.253503125,27004296.38511465,3371.507,3.94950e14,0.9158,4.19173e6,-2.10523e6,5.28295e-9
1480788270,23638529.118284646,27022739.62835113,3384.211,3.97166e14,0.3599,4.21536e6,-2.11120e6,5.29795e-9
1480788300,23644367.1507237,27041187.032766476,3396.820,4.00249e14,0.4135,4.24351e6,-2.11709e6,5.31275e-9
1480788330,23650303.11973138,27059638.255046252,3409.335,3.97997e14,0.1513,4.24318e6,-2.12291e6,5.32735e-9
1480788360,23656336.79068757,27078092.953233875,3421.756,3.92623e14,1.4995,4.22594e6,-2.12864e6,5.34175e-9
1480788390,23662467.925413474,27096550.786679626,3434.083,3.95478e14,0.7834,4.25246e6,-2.13430e6,5.35595e-9
1480788420,23668696.282213118,27115011.41605901,3446.315,4.01656e14,0.7666,4.29675e6,-2.13988e6,5.36996e-9
1480788450,23675021.615898266,27133474.503373973,3458.453,3.98173e14,0.1073,4.28904e6,-2.14537e6,5.38376e-9
1480788480,23681443.67781365,27151939.711954024,3470.496,3.93175e14,1.3610,4.27291e6,-2.15079e6,5.39737e-9
1480788510,23687962.21586249,27170406.706457257,3482.444,3.97042e14,0.3910,4.30444e6,-2.15614e6,5.41079e-9
1480788540,23694576.97453225,27188875.152871232,3494.298,3.99636e14,0.2597,4.32902e6,-2.16140e6,5.42400e-9
1480788570,23701287.694920782,27207344.718513805,3506.057,4.03661e14,1.2695,4.36129e6,-2.16658e6,5.43702e-9
1480788600,23708094.114762593,27225815.07203383,3517.721,4.04231e14,1.4125,4.37468e6,-2.17169e6,5.44984e-9
1480788630,23714995.968471184,27244285.883430358,3529.290,4.01116e14,0.6310,4.36780e6,-2.17672e6,5.46247e-9
1480788660,23721992.98711749,27262756.82399588,3540.764,3.98521e14,0.0200,4.36353e6,-2.18167e6,5.47490e-9
1480788690,23729084.898505814,27281227.566374153,3552.143,3.95012e14,0.9002,4.35402e6,-2.18654e6,5.48713e-9
1480788720,23736271.427185524,27299697.784542087,3563.426,3.96738e14,0.4672,4.37307e6,-2.19133e6,5.49917e-9
1480788750,23743552.2944788,27318167.15381018,3574.615,3.94039e14,1.1443,4.36761e6,-2.19605e6,5.51102e-9
1480788780,23750927.21850868,27336635.35082271,3585.708,3.95627e14,0.7461,4.38561e6,-2.20069e6,5.52267e-9
1480788810,23758395.914227318,27355102.05355805,3596.706,3.98715e14,0.0287,4.41180e6,-2.20526e6,5.53413e-9
1480788840,23765958.093444377,27373566.941328716,3607.609,3.95326e14,0.8215,4.40198e6,-2.20974e6,5.54540e-9
1480788870,23773613.464855865,27392029.694781356,3618.416,3.97124e14,0.3704,4.42076e6,-2.21415e6,5.55647e-9
1480788900,23781361.734072894,27410489.995896656,3629.128,4.01006e14,0.6034,4.45103e6,-2.21849e6,5.56735e-9
1480788930,23789202.60364842,27428947.527958833,3639.745,4.00121e14,0.3815,4.45464e6,-2.22274e6,5.57804e-9
1480788960,23797135.773114264,27447401.97564888,3650.266,3.98297e14,0.0761,4.45283e6,-2.22693e6,5.58854e-9
1480788990,23805160.939002603,27465853.024950515,3660.692,3.97480e14,0.2811,4.45646e6,-2.23103e6,5.59885e-9
1480789020,23813277.7948783,27484300.363179773,3671.023,3.96949e14,0.4143,4.46154e6,-2.23506e6,5.60897e-9
1480789050,23821486.031368673,27502743.678984176,3681.258,3.97636e14,0.2420,4.47329e6,-2.23902e6,5.61890e-9
1480789080,23829785.336193494,27521182.66234194,3691.397,3.96704e14,0.4757,4.47580e6,-2.24290e6,5.62864e-9
1480789110,23838175.39419517,27539617.004561074,3701.442,3.97838e14,0.1914,4.48979e6,-2.24670e6,5.63819e-9
1480789140,23846655.887368992,27558046.39827829,3711.391,3.96612e14,0.4990,4.49032e6,-2.25043e6,5.64756e-9
1480789170,23855226.494893618,27576470.537457965,3721.244,4.00254e14,0.4148,4.51822e6,-2.25409e6,5.65674e-9
1480789200,23863886.8931616,27594889.11739107,3731.002,4.05215e14,1.6593,4.55350e6,-2.25767e6,5.66573e-9
1480789230,23872636.75579535,27613301.834737144,3740.665,3.99295e14,0.1743,4.52699e6,-2.26117e6,5.67453e-9
1480789260,23881475.753723502,27631708.387389902,3750.233,3.98022e14,0.1451,4.52663e6,-2.26461e6,5.68315e-9
1480789290,23890403.555166304,27650108.474609386,3759.705,3.97684e14,0.2300,4.53142e6,-2.26797e6,5.69159e-9
1480789320,23899419.82568135,27668501.796977844,3769.082,3.95247e14,0.8413,4.52410e6,-2.27125e6,5.69984e-9
1480789350,23908524.228194654,27686888.05639856,3778.364,3.94507e14,1.0269,4.52628e6,-2.27447e6,5.70791e-9
1480789380,23917716.423031732,27705266.956094828,3787.551,3.96518e14,0.5224,4.54402e6,-2.27761e6,5.71579e-9
1480789410,23926996.067949105,27723638.200608704,3796.642,4.05318e14,1.6852,4.60051e6,-2.28068e6,5.72349e-9
1480789440,23936362.818165522,27742001.495799754,3805.639,3.99888e14,0.3231,4.57544e6,-2.28367e6,5.73102e-9
1480789470,23945816.32639354,27760356.54884379,3814.540,3.93357e14,1.3156,4.54382e6,-2.28660e6,5.73836e-9
1480789500,23955356.242871135,27778703.068231385,3823.347,4.03286e14,1.1755,4.60653e6,-2.28945e6,5.74552e-9
1480789530,23964982.215418182,27797040.763720915,3832.059,4.04298e14,1.4295,4.61795e6,-2.29223e6,5.75250e-9
1480789560,23974693.889391784,27815369.346477352,3840.675,3.99241e14,0.1607,4.59429e6,-2.29494e6,5.75930e-9
1480789590,23984490.907794766,27833688.52892989,3849.198,3.99718e14,0.2803,4.60232e6,-2.29758e6,5.76592e-9
1480789620,23994372.911283057,27851998.024815485,3857.625,4.00832e14,0.5600,4.61390e6,-2.30015e6,5.77237e-9
1480789650,24004339.538197797,27870297.54917664,3865.958,3.99073e14,0.1184,4.60874e6,-2.30264e6,5.77864e-9
1480789680,24014390.424597695,27888586.818359215,3874.196,3.94571e14,1.0108,4.58756e6,-2.30507e6,5.78474e-9
1480789710,24024525.204291254,27906865.550010197,3882.340,3.97788e14,0.2038,4.61088e6,-2.30743e6,5.79066e-9
1480789740,24034743.50886922,27925133.463075288,3890.390,3.98841e14,0.0602,4.62156e6,-2.30972e6,5.79640e-9
1480789770,24045044.96773686,27943390.27779663,3898.345,3.91500e14,1.7814,4.58341e6,-2.31194e6,5.80197e-9
1480789800,24055429.20814647,27961635.715710174,3906.207,3.94630e14,0.9962,4.60585e6,-2.31409e6,5.80737e-9
1480789830,24065895.855205122,27979869.49967657,3913.974,3.98890e14,0.0727,4.63476e6,-2.31617e6,5.81260e-9
1480789860,24076444.53198311,27998091.35377622,3921.647,3.95231e14,0.8453,4.61750e6,-2.31819e6,5.81765e-9
1480789890,24087074.859470207,28016301.003409415,3929.226,4.01259e14,0.6669,4.65647e6,-2.32013e6,5.82254e-9
1480789920,24097786.45663256,28034498.175260667,3936.712,4.04726e14,1.5368,4.68045e6,-2.32201e6,5.82725e-9
1480789950,24108578.940444987,28052682.59729644,3944.104,3.97901e14,0.1754,4.64430e6,-2.32382e6,5.83180e-9
1480789980,24119451.925923202,28070853.99876267,3951.402,3.97629e14,0.2436,4.64620e6,-2.32557e6,5.83617e-9
1480790010,24130405.026156113,28089012.110182427,3958.607,3.97627e14,0.2443,4.64954e6,-2.32724e6,5.84038e-9
1480790040,24141437.852337986,28107156.66335333,3965.719,3.95643e14,0.7419,4.64116e6,-2.32886e6,5.84443e-9
1480790070,24152550.013800673,28125287.391345125,3972.737,3.99899e14,0.3258,4.66913e6,-2.33040e6,5.84830e-9
1480790100,24163741.11804583,28143404.028497145,3979.663,3.99078e14,0.1199,4.66729e6,-2.33188e6,5.85202e-9
1480790130,24175010.770799175,28161506.31040464,3986.496,3.97885e14,0.1795,4.66314e6,-2.33330e6,5.85556e-9
1480790160,24186358.575974498,28179593.973950297,3993.235,3.97823e14,0.1950,4.66547e6,-2.33464e6,5.85895e-9
1480790190,24197784.135774095,28197666.757267304,3999.883,3.97779e14,0.2060,4.66778e6,-2.33593e6,5.86217e-9
1480790220,24209287.050698902,28215724.399747618,4006.437,3.98351e14,0.0626,4.67357e6,-2.33715e6,5.86523e-9
1480790250,24220866.919580717,28233766.642039195,4012.900,3.96425e14,0.5457,4.66458e6,-2.33831e6,5.86813e-9
1480790280,24232523.339614328,28251793.226043,4019.270,3.93422e14,1.2991,4.64913e6,-2.33940e6,5.87087e-9
1480790310,24244255.906389672,28269803.89491022,4025.548,3.95668e14,0.7358,4.66436e6,-2.34043e6,5.87345e-9
1480790340,24256064.213923816,28287798.39303914,4031.734,4.03338e14,1.1886,4.71136e6,-2.34139e6,5.87587e-9
1480790370,24267947.854693,28305776.46607217,4037.829,4.01424e14,0.7084,4.70192e6,-2.34230e6,5.87814e-9
1480790400,24279906.4196645,28323737.86089275,4043.831,3.96490e14,0.5294,4.67460e6,-2.34314e6,5.88025e-9
1480790430,24291939.4983068,28341682.325612336,4049.743,4.00584e14,0.4977,4.70023e6,-2.34392e6,5.88220e-9
1480790460,24304046.678688087,28359609.60959773,4055.563,3.98052e14,0.1376,4.68677e6,-2.34463e6,5.88400e-9
1480790490,24316227.547441028,28377519.463437434,4061.292,3.95267e14,0.8364,4.67169e6,-2.34529e6,5.88564e-9
1480790520,24328481.689815756,28395411.63894808,4066.930,3.98960e14,0.0903,4.69462e6,-2.34588e6,5.88713e-9
1480790550,24340808.689711235,28413285.889171124,4072.477,3.96573e14,0.5087,4.68162e6,-2.34642e6,5.88847e-9
1480790580,24353208.129706375,28431141.968369473,4077.934,3.94000e14,1.1541,4.66742e6,-2.34689e6,5.88965e-9
1480790610,24365679.591091204,28448979.632024053,4083.300,3.96715e14,0.4729,4.68423e6,-2.34731e6,5.89069e-9
1480790640,24378222.653897807,28466798.636830404,4088.576,3.98723e14,0.0307,4.69677e6,-2.34766e6,5.89157e-9
1480790670,24390836.896931197,28484598.740695175,4093.762,3.98409e14,0.0481,4.69551e6,-2.34796e6,5.89231e-9
1480790700,24403521.897800177,28502379.702732675,4098.858,4.00723e14,0.5324,4.70961e6,-2.34819e6,5.89290e-9
1480790730,24416277.232971307,28520141.283280656,4103.864,4.03883e14,1.3252,4.72859e6,-2.34837e6,5.89334e-9
1480790760,24429102.477727532,28537883.243837394,4108.781,4.03301e14,1.1793,4.72540e6,-2.34849e6,5.89364e-9
1480790790,24441997.206270717,28555605.34711768,4113.608,3.99375e14,0.1944,4.70239e6,-2.34855e6,5.89379e-9
1480790820,24454960.991728857,28573307.35703017,4118.346,3.98809e14,0.0524,4.69906e6,-2.34856e6,5.89380e-9
1480790850,24467993.406186443,28590989.03867396,4122.996,3.94708e14,0.9766,4.67478e6,-2.34851e6,5.89366e-9
1480790880,24481094.020714775,28608650.158335224,4127.556,3.98099e14,0.1258,4.69455e6,-2.34840e6,5.89338e-9
1480790910,24494262.405402053,28626290.483483754,4132.028,3.98837e14,0.0594,4.69856e6,-2.34823e6,5.89296e-9
1480790940,24507498.12938345,28643909.782769505,4136.412,3.95431e14,0.7951,4.67805e6,-2.34801e6,5.89240e-9
1480790970,24520800.76087088,28661507.82601917,4140.707,4.02204e14,0.9041,4.71740e6,-2.34773e6,5.89170e-9
1480791000,24534169.86718275,28679084.384232625,4144.915,4.01407e14,0.7041,4.71203e6,-2.34740e6,5.89086e-9
1480791030,24547605.014749885,28696639.22956316,4149.034,3.97573e14,0.2578,4.68867e6,-2.34701e6,5.88989e-9
1480791060,24561105.769217715,28714172.13536419,4153.066,3.97861e14,0.1856,4.68948e6,-2.34657e6,5.88877e-9
1480791090,24574671.695402585,28731682.87613535,4157.011,3.99734e14,0.2843,4.69951e6,-2.34607e6,5.88752e-9
1480791120,24588302.35734426,28749171.227535106,4160.869,3.97744e14,0.2148,4.68670e6,-2.34552e6,5.88613e-9
1480791150,24601997.31833457,28766636.966377005,4164.640,3.96235e14,0.5935,4.67661e6,-2.34492e6,5.88461e-9
1480791180,24615756.14094599,28784079.8706259,4168.324,4.00634e14,0.5103,4.70118e6,-2.34426e6,5.88296e-9
1480791210,24629578.387060054,28801499.7193942,4171.921,4.00269e14,0.4185,4.69760e6,-2.34355e6,5.88117e-9
1480791240,24643463.617895532,28818896.29293806,4175.433,3.99304e14,0.1765,4.69040e6,-2.34279e6,5.87926e-9
1480791270,24657411.394036446,28836269.372653604,4178.858,3.98532e14,0.0171,4.68423e6,-2.34198e6,5.87721e-9
1480791300,24671421.275459975,28853618.741072964,4182.197,3.93655e14,1.2407,4.65385e6,-2.34111e6,5.87503e-9
1480791330,24685492.82158693,28870944.181872282,4185.451,3.90493e14,2.0340,4.63345e6,-2.34019e6,5.87272e-9
1480791360,24699625.59123906,28888245.4798318,4188.620,3.92097e14,1.6315,4.64095e6,-2.33923e6,5.87029e-9
1480791390,24713819.142736793,28905522.420867946,4191.703,3.92340e14,1.5707,4.64035e6,-2.33821e6,5.86773e-9
1480791420,24728073.033903763,28922774.792017877,4194.702,3.96372e14,0.5590,4.66188e6,-2.33714e6,5.86504e-9
1480791450,24742386.822094053,28940002.381435756,4197.616,3.99486e14,0.2222,4.67790e6,-2.33602e6,5.86223e-9
1480791480,24756760.064219106,28957204.97838887,4200.445,3.97516e14,0.2722,4.66401e6,-2.33485e6,5.85929e-9
1480791510,24771192.316774596,28974382.373253845,4203.190,3.97275e14,0.3326,4.66017e6,-2.33364e6,5.85623e-9
1480791540,24785683.135867048,28991534.35751274,4205.851,3.96355e14,0.5633,4.65226e6,-2.33237e6,5.85304e-9
1480791570,24800232.07724022,29008660.72374927,4208.429,3.95301e14,0.8277,4.64347e6,-2.33106e6,5.84974e-9
1480791600,24814838.696301326,29025761.26564486,4210.923,3.95008e14,0.9014,4.63903e6,-2.32969e6,5.84631e-9
1480791630,24829502.54812966,29042835.777961086,4213.333,3.96459e14,0.5372,4.64470e6,-2.32828e6,5.84277e-9
1480791660,24844223.18755615,29059884.056578085,4215.661,3.98335e14,0.0666,4.65275e6,-2.32683e6,5.83911e-9
1480791690,24859000.16913509,29076905.89844834,4217.906,4.05017e14,1.6097,4.68873e6,-2.32532e6,5.83532e-9
1480791720,24873833.047186833,29093901.101606328,4220.068,4.03385e14,1.2003,4.67608e6,-2.32377e6,5.83143e-9
1480791750,24888721.3758228,29110869.46516453,4222.148,3.99167e14,0.1422,4.64829e6,-2.32218e6,5.82741e-9
1480791780,24903664.708970368,29127810.789309315,4224.146,4.00253e14,0.4146,4.65132e6,-2.32053e6,5.82328e-9
1480791810,24918662.600397516,29144724.875297025,4226.062,3.97273e14,0.3329,4.63059e6,-2.31884e6,5.81904e-9
1480791840,24933714.60373718,29161611.525449812,4227.897,3.91597e14,1.7570,4.59412e6,-2.31711e6,5.81468e-9
1480791870,24948820.272511486,29178470.543151684,4229.650,3.92473e14,1.5373,4.59568e6,-2.31533e6,5.81021e-9
1480791900,24963979.16015572,29195301.732844424,4231.323,3.99930e14,0.3335,4.63535e6,-2.31351e6,5.80563e-9
1480791930,24979190.820048925,29212104.900041107,4232.914,3.99869e14,0.3182,4.63126e6,-2.31164e6,5.80094e-9
1480791960,24994454.805516504,29228879.85126803,4234.425,3.97202e14,0.3508,4.61197e6,-2.30973e6,5.79614e-9
1480791990,25009770.669874597,29245626.394114777,4235.856,4.00064e14,0.3673,4.62464e6,-2.30778e6,5.79123e-9
1480792020,25025137.966446463,29262344.33721283,4237.206,3.98093e14,0.1274,4.60923e6,-2.30578e6,5.78621e-9
1480792050,25040556.248585485,29279033.49023172,4238.477,3.92894e14,1.4315,4.57510e6,-2.30374e6,5.78108e-9
1480792080,25056025.069697898,29295693.663875084,4239.669,3.96709e14,0.4745,4.59299e6,-2.30166e6,5.77585e-9
1480792110,25071543.983265482,29312324.669876844,4240.781,3.99544e14,0.2368,4.60511e6,-2.29954e6,5.77051e-9
1480792140,25087112.542867813,29328926.32099729,4241.814,4.01241e14,0.6626,4.61056e6,-2.29737e6,5.76507e-9
1480792170,25102730.3022045,29345498.431019217,4242.768,4.02838e14,1.0631,4.61532e6,-2.29517e6,5.75953e-9
1480792200,25118396.815117046,29362040.814744037,4243.644,3.99723e14,0.2816,4.59288e6,-2.29292e6,5.75388e-9
1480792230,25134111.635615367,29378553.2879751,4244.442,3.97905e14,0.1746,4.57784e6,-2.29063e6,5.74813e-9
1480792260,25149874.317884743,29395035.66755324,4245.161,3.99169e14,0.1426,4.58044e6,-2.28830e6,5.74228e-9
1480792290,25165684.416321743,29411487.771313358,4245.803,3.99200e14,0.1505,4.57588e6,-2.28594e6,5.73633e-9
1480792320,25181541.4855506,29427909.418093126,4246.368,4.01153e14,0.6404,4.58225e6,-2.28353e6,5.73028e-9
1480792350,25197445.08044412,29444300.42772904,4246.855,4.02898e14,1.0782,4.58733e6,-2.28108e6,5.72413e-9
1480792380,25213394.756144326,29460660.621052407,4247.266,3.99544e14,0.2367,4.56314e6,-2.27860e6,5.71789e-9
1480792410,25229390.06808301,29476989.819885284,4247.600,3.95736e14,0.7185,4.53634e6,-2.27607e6,5.71155e-9
1480792440,25245430.572001882,29493287.847036466,4247.857,3.97851e14,0.1879,4.54330e6,-2.27351e6,5.70511e-9
1480792470,25261515.823972613,29509554.526297454,4248.039,3.96297e14,0.5780,4.52924e6,-2.27091e6,5.69858e-9
1480792500,25277645.380416613,29525789.682438377,4248.144,3.94480e14,1.0337,4.51364e6,-2.26827e6,5.69195e-9
1480792530,25293818.798116215,29541993.141202565,4248.174,3.99267e14,0.1673,4.53553e6,-2.26560e6,5.68523e-9
1480792560,25310035.634259887,29558164.72930679,4248.129,3.98220e14,0.0953,4.52415e6,-2.26289e6,5.67842e-9
1480792590,25326295.44643528,29574304.274433043,4248.009,3.96941e14,0.4163,4.51140e6,-2.26014e6,5.67152e-9
1480792620,25342597.79265651,29590411.605225764,4247.814,3.99924e14,0.3320,4.52274e6,-2.25736e6,5.66452e-9
1480792650,25358942.231382698,29606486.551287875,4247.544,4.03049e14,1.1161,4.53477e6,-2.25454e6,5.65744e-9
1480792680,25375328.32153633,29622528.943176687,4247.201,4.01559e14,0.7423,4.52060e6,-2.25168e6,5.65027e-9
1480792710,25391755.622521415,29638538.612399887,4246.783,3.94831e14,0.9457,4.47683e6,-2.24879e6,5.64301e-9
1480792740,25408223.694241367,29654515.391411535,4246.292,3.97021e14,0.3963,4.48334e6,-2.24587e6,5.63566e-9
1480792770,25424732.09711668,29670459.11360802,4245.727,3.99836e14,0.3101,4.49328e6,-2.24291e6,5.62822e-9
1480792800,25441280.3921024,29686369.613324143,4245.089,3.98252e14,0.0875,4.47837e6,-2.23992e6,5.62070e-9
1480792830,25457868.140710738,29702246.725846086,4244.379,4.00645e14,0.5128,4.48575e6,-2.23689e6,5.61310e-9
1480792860,25474494.905011438,29718090.287355047,4243.595,4.00037e14,0.3605,4.47620e6,-2.23383e6,5.60541e-9
1480792890,25491160.24766538,29733900.13497575,4242.740,3.96073e14,0.6341,4.44781e6,-2.23074e6,5.59764e-9
1480792920,25507863.731935725,29749676.106755693,4241.812,4.00533e14,0.4849,4.46650e6,-2.22761e6,5.58979e-9
1480792950,25524604.921704322,29765418.041661326,4240.813,4.02932e14,1.0867,4.47356e6,-2.22445e6,5.58185e-9
1480792980,25541383.38148792,29781125.779574256,4239.742,3.95147e14,0.8664,4.42374e6,-2.22126e6,5.57383e-9
1480793010,25558198.676454112,29796799.161287487,4238.600,3.97456e14,0.2871,4.43017e6,-2.21804e6,5.56574e-9
1480793040,25575050.372437116,29812438.028501578,4237.388,4.01847e14,0.8144,4.44807e6,-2.21478e6,5.55756e-9
1480793070,25591938.0359533,29828042.223820973,4236.104,3.96021e14,0.6472,4.40913e6,-2.21150e6,5.54931e-9
1480793100,25608861.234216496,29843611.59075005,4234.750,3.89396e14,2.3093,4.36581e6,-2.20818e6,5.54097e-9
1480793130,25625819.535150956,29859145.97366132,4233.326,3.99288e14,0.1724,4.41392e6,-2.20483e6,5.53257e-9
1480793160,25642812.507412944,29874645.217878338,4231.833,4.00134e14,0.3847,4.41183e6,-2.20145e6,5.52408e-9
1480793190,25659839.72039864,29890109.16958504,4230.269,3.98050e14,0.1381,4.39350e6,-2.19805e6,5.51552e-9
1480793220,25676900.744260803,29905537.67584977,4228.637,4.04334e14,1.4385,4.42123e6,-2.19461e6,5.50689e-9
1480793250,25693995.149922993,29920930.584621333,4226.935,3.94614e14,1.0001,4.36080e6,-2.19114e6,5.49818e-9
1480793280,25711122.509093575,29936287.744724967,4225.165,3.91712e14,1.7282,4.33791e6,-2.18765e6,5.48940e-9
1480793310,25728282.394279573,29951609.005858388,4223.327,3.98814e14,0.0537,4.36984e6,-2.18412e6,5.48054e-9
1480793340,25745474.37880024,29966894.218587775,4221.420,3.99652e14,0.2637,4.36731e6,-2.18057e6,5.47162e-9
1480793370,25762698.036800474,29982143.234343838,4219.445,4.05820e14,1.8112,4.39383e6,-2.17699e6,5.46262e-9
1480793400,25779952.94326395,29997355.905417822,4217.403,4.06897e14,2.0814,4.39241e6,-2.17338e6,5.45356e-9
1480793430,25797238.674029198,30012532.084992792,4215.293,3.94122e14,1.1235,4.31551e6,-2.16974e6,5.44442e-9
1480793460,25814554.805793088,30027671.62703131,4213.117,3.88908e14,2.4316,4.27988e6,-2.16608e6,5.43522e-9
1480793490,25831900.916132618,30042774.3863802,4210.873,3.95337e14,0.8187,4.30746e6,-2.16239e6,5.42595e-9
1480793520,25849276.583514363,30057840.218731835,4208.564,4.01777e14,0.7969,4.33494e6,-2.15867e6,5.41661e-9
1480793550,25866681.387306653,30072868.98062052,4206.188,4.03103e14,1.1297,4.33459e6,-2.15492e6,5.40721e-9
1480793580,25884114.907791533,30087860.529418904,4203.746,4.05575e14,1.7497,4.34034e6,-2.15115e6,5.39774e-9
1480793610,25901576.726176605,30102814.72333449,4201.238,4.00144e14,0.3871,4.30341e6,-2.14736e6,5.38820e-9
1480793640,25919066.424606595,30117731.421406012,4198.665,3.97984e14,0.1546,4.28414e6,-2.14354e6,5.37860e-9
1480793670,25936583.586174745,30132610.483499967,4196.027,3.96359e14,0.5624,4.26772e6,-2.13969e6,5.36894e-9
1480793700,25954127.794933967,30147451.77030701,4193.324,3.97229e14,0.3440,4.26465e6,-2.13582e6,5.35922e-9
1480793730,25971698.635900214,30162255.14329901,4190.557,4.02042e14,0.8635,4.28262e6,-2.13192e6,5.34943e-9
1480793760,25989295.69508686,30177020.46484703,4187.725,4.01220e14,0.6573,4.27035e6,-2.12800e6,5.33958e-9
1480793790,26006918.55949173,30191747.59809595,4184.829,4.00719e14,0.5314,4.25975e6,-2.12405e6,5.32967e-9
1480793820,26024566.817115042,30206436.406999934,4181.870,3.98295e14,0.0767,4.23889e6,-2.12008e6,5.31970e-9
1480793850,26042240.056969553,30221086.756318714,4178.847,3.98307e14,0.0735,4.23097e6,-2.11609e6,5.30968e-9
1480793880,26059937.869090557,30235698.511613633,4175.761,4.00209e14,0.4035,4.23302e6,-2.11207e6,5.29959e-9
1480793910,26077659.844545636,30250271.539243866,4172.612,3.95238e14,0.8435,4.19863e6,-2.10803e6,5.28944e-9
1480793940,26095405.575444262,30264805.70636255,4169.400,3.90101e14,2.1323,4.16341e6,-2.10397e6,5.27924e-9
1480793970,26113174.65494721,30279300.880912982,4166.126,3.96759e14,0.4620,4.19040e6,-2.09989e6,5.26898e-9
1480794000,26130966.67727574,30293756.931624826,4162.790,4.00121e14,0.3816,4.19989e6,-2.09578e6,5.25867e-9
1480794030,26148781.23773664,30308173.728050258,4159.392,3.96445e14,0.5407,4.17231e6,-2.09165e6,5.24830e-9
1480794060,26166617.932682004,30322551.14043716,4155.933,3.95620e14,0.7478,4.15971e6,-2.08750e6,5.23788e-9
1480794090,26184476.359567035,30336889.03984884,4152.413,4.00619e14,0.5065,4.17752e6,-2.08333e6,5.22740e-9
1480794120,26202356.116942804,30351187.29812066,4148.831,4.01673e14,0.7709,4.17461e6,-2.07914e6,5.21687e-9
1480794150,26220256.80446469,30365445.7878567,4145.189,3.98578e14,0.0058,4.15003e6,-2.07492e6,5.20628e-9
1480794180,26238178.022900667,30379664.382426426,4141.486,3.96429e14,0.5447,4.13039e6,-2.07069e6,5.19565e-9
1480794210,26256119.374139454,30393842.955961376,4137.724,3.95474e14,0.7844,4.11695e6,-2.06643e6,5.18496e-9
1480794240,26274080.461198334,30407981.3833518,4133.901,4.00487e14,0.4732,4.13436e6,-2.06215e6,5.17422e-9
1480794270,26292060.88823098,30422079.54024349,4130.019,4.01485e14,0.7237,4.13090e6,-2.05786e6,5.16343e-9
1480794300,26310060.260534987,30436137.303034313,4126.077,3.95473e14,0.7845,4.09125e6,-2.05354e6,5.15259e-9
1480794330,26328078.184534032,30450154.548837155,4122.076,3.97613e14,0.2477,4.09362e6,-2.04921e6,5.14171e-9
1480794360,26346114.267862845,30464131.155581195,4118.017,4.04845e14,1.5666,4.12202e6,-2.04485e6,5.13077e-9
1480794390,26364168.119296264,30478067.0019037,4113.899,4.02099e14,0.8777,4.09914e6,-2.04048e6,5.11979e-9
1480794420,26382239.34878112,30491961.967180382,4109.723,3.99520e14,0.2306,4.07714e6,-2.03609e6,5.10876e-9
1480794450,26400327.56744275,30505815.931521945,4105.488,3.98916e14,0.0792,4.06522e6,-2.03167e6,5.09768e-9
1480794480,26418432.38759134,30519628.775770426,4101.196,3.95483e14,0.7822,4.03889e6,-2.02725e6,5.08656e-9
1480794510,26436553.422728095,30533400.3814958,4096.847,3.99831e14,0.3088,4.05210e6,-2.02280e6,5.07539e-9
1480794540,26454690.28755121,30547130.630992275,4092.440,3.99044e14,0.1113,4.03916e6,-2.01833e6,5.06418e-9
1480794570,26472842.597961813,30560819.407274906,4087.977,3.96113e14,0.6241,4.01538e6,-2.01385e6,5.05292e-9
1480794600,26491009.97106965,30574466.594076,4083.457,3.98255e14,0.0867,4.01720e6,-2.00935e6,5.04163e-9
1480794630,26509192.025229983,30588072.07586085,4078.880,3.97012e14,0.3985,4.00191e6,-2.00483e6,5.03028e-9
1480794660,26527388.379952356,30601635.73776501,4074.247,3.97581e14,0.2558,3.99572e6,-2.00030e6,5.01890e-9
1480794690,26545598.65600294,30615157.46565035,4069.559,3.99636e14,0.2598,3.99691e6,-1.99575e6,5.00747e-9
1480794720,26563822.47537852,30628637.146082465,4064.815,3.97108e14,0.3745,3.97513e6,-1.99118e6,4.99600e-9
1480794750,26582059.46131169,30642074.66632742,4060.015,3.91592e14,1.7582,3.93849e6,-1.98660e6,4.98449e-9
1480794780,26600309.238276005,30655469.914348558,4055.161,4.02733e14,1.0367,3.98476e6,-1.98200e6,4.97294e-9
1480794810,26618571.43199092,30668822.778803267,4050.251,4.00743e14,0.5376,3.96561e6,-1.97738e6,4.96135e-9
1480794840,26636845.669426627,30682133.149039842,4045.287,3.92849e14,1.4428,3.91725e6,-1.97275e6,4.94972e-9
1480794870,26655131.578808684,30695400.91509426,4040.269,3.94158e14,1.1145,3.91448e6,-1.96810e6,4.93806e-9
1480794900,26673428.78962253,30708625.967687123,4035.197,3.97869e14,0.1835,3.92349e6,-1.96344e6,4.92635e-9
1480794930,26691736.932587143,30721808.19822454,4030.071,4.02826e14,1.0601,3.93850e6,-1.95877e6,4.91461e-9
1480794960,26710055.639754113,30734947.498782653,4024.892,3.98024e14,0.1446,3.90552e6,-1.95407e6,4.90283e-9
1480794990,26728384.544416387,30748043.76211688,4019.659,3.94963e14,0.9126,3.88114e6,-1.94937e6,4.89102e-9
1480795020,26746723.28114281,30761096.881654866,4014.374,3.97631e14,0.2433,3.88475e6,-1.94465e6,4.87916e-9
1480795050,26765071.48578168,30774106.75149355,4009.035,4.00174e14,0.3947,3.88767e6,-1.93991e6,4.86728e-9
1480795080,26783428.795464125,30787073.266396,4003.644,4.02862e14,1.0690,3.89120e6,-1.93517e6,4.85535e-9
1480795110,26801794.84860735,30799996.321788535,3998.201,4.04063e14,1.3704,3.88744e6,-1.93040e6,4.84340e-9
1480795140,26820169.28491779,30812875.813757583,3992.707,3.97804e14,0.1999,3.84758e6,-1.92563e6,4.83141e-9
1480795170,26838551.74539404,30825711.63904673,3987.160,4.00295e14,0.4251,3.85001e6,-1.92084e6,4.81938e-9
1480795200,26856941.872329783,30838503.695053656,3981.562,4.02677e14,1.0226,3.85184e6,-1.91604e6,4.80733e-9
1480795230,26875339.309340406,30851251.879796993,3975.913,3.98800e14,0.0501,3.82356e6,-1.91122e6,4.79524e-9
1480795260,26893743.701291833,30863956.09200606,3970.212,3.95174e14,0.8596,3.79656e6,-1.90639e6,4.78312e-9
1480795290,26912154.694377247,30876616.231025007,3964.462,3.98072e14,0.1325,3.80074e6,-1.90155e6,4.77096e-9
1480795320,26930571.93609556,30889232.196839523,3958.660,3.97038e14,0.3919,3.78612e6,-1.89670e6,4.75878e-9
1480795350,26948995.075253993,30901803.89007366,3952.809,3.98085e14,0.1293,3.78137e6,-1.89184e6,4.74656e-9
1480795380,26967423.761970345,30914331.211986516,3946.907,4.02653e14,1.0166,3.79325e6,-1.88696e6,4.73432e-9
1480795410,26985857.647675313,30926814.064469136,3940.956,4.00271e14,0.4191,3.77217e6,-1.88207e6,4.72205e-9
1480795440,27004296.38511465,30939252.350041177,3934.956,4.00342e14,0.4370,3.76268e6,-1.87717e6,4.70974e-9
1480795470,27022739.62835113,30951645.971847914,3928.906,4.01131e14,0.6348,3.75653e6,-1.87226e6,4.69741e-9
1480795500,27041187.032766476,30963994.83365694,3922.808,3.97038e14,0.3919,3.72748e6,-1.86733e6,4.68505e-9
1480795530,27059638.255046252,30976298.83990486,3916.661,3.99340e14,0.1855,3.72838e6,-1.86240e6,4.67266e-9
1480795560,27078092.953233875,30988557.895541266,3910.465,4.00757e14,0.5409,3.72508e6,-1.85746e6,4.66025e-9
1480795590,27096550.786679626,31000771.906178795,3904.221,3.98297e14,0.0762,3.70370e6,-1.85250e6,4.64780e-9
1480795620,27115011.41605901,31012940.778041065,3897.929,4.00439e14,0.4611,3.70370e6,-1.84753e6,4.63534e-9
1480795650,27133474.503373973,31025064.417960063,3891.590,3.99822e14,0.3063,3.69087e6,-1.84256e6,4.62284e-9
1480795680,27151939.711954024,31037142.7333736,3885.203,4.00319e14,0.4311,3.68317e6,-1.83757e6,4.61032e-9
1480795710,27170406.706457257,31049175.63232281,3878.769,4.02390e14,0.9506,3.68267e6,-1.83257e6,4.59777e-9
1480795740,27188875.152871232,31061163.02344963,3872.288,3.99783e14,0.2968,3.66065e6,-1.82756e6,4.58520e-9
1480795770,27207344.718513805,31073104.81599429,3865.760,3.94297e14,1.0796,3.62551e6,-1.82255e6,4.57261e-9
1480795800,27225815.07203383,31085000.91979277,3859.186,3.93898e14,1.1797,3.61369e6,-1.81752e6,4.55999e-9
1480795830,27244285.883430358,31096851.245218784,3852.565,3.97521e14,0.2708,3.62015e6,-1.81248e6,4.54735e-9
1480795860,27262756.82399588,31108655.70335238,3845.899,4.00851e14,0.5647,3.62517e6,-1.80744e6,4.53468e-9
1480795890,27281227.566374153,31120414.205806136,3839.187,4.02521e14,0.9835,3.62258e6,-1.80239e6,4.52199e-9
1480795920,27299697.784542087,31132126.6647775,3832.429,3.96579e14,0.5071,3.58561e6,-1.79732e6,4.50928e-9
1480795950,27318167.15381018,31143792.993045866,3825.626,3.96737e14,0.4675,3.57620e6,-1.79225e6,4.49655e-9
1480795980,27336635.35082271,31155413.103969626,3818.778,4.05388e14,1.7028,3.60484e6,-1.78717e6,4.48380e-9
1480796010,27355102.05355805,31166986.91148317,3811.885,4.07826e14,2.3146,3.60548e6,-1.78208e6,4.47102e-9
1480796040,27373566.941328716,31178514.330093924,3804.947,4.04926e14,1.5871,3.58224e6,-1.77698e6,4.45822e-9
1480796070,27392029.694781356,31189995.2748794,3797.966,3.97784e14,0.2048,3.54019e6,-1.77188e6,4.44541e-9
1480796100,27410489.995896656,31201429.661484223,3790.940,3.91409e14,1.8042,3.50171e6,-1.76676e6,4.43257e-9
1480796130,27428947.527958833,31212817.406165887,3783.870,3.96191e14,0.6044,3.51269e6,-1.76164e6,4.41971e-9
1480796160,27447401.97564888,31224158.42564217,3776.756,4.01440e14,0.7123,3.52559e6,-1.75651e6,4.40684e-9
1480796190,27465853.024950515,31235452.63723804,3769.600,3.97706e14,0.2245,3.49887e6,-1.75138e6,4.39394e-9
1480796220,27484300.363179773,31246699.95883483,3762.400,3.96695e14,0.4780,3.48416e6,-1.74623e6,4.38103e-9
1480796250,27502743.678984176,31257900.3088678,3755.157,4.02040e14,0.8628,3.49723e6,-1.74108e6,4.36810e-9
1480796280,27521182.66234194,31269053.606323767,3747.871,4.03657e14,1.2685,3.49391e6,-1.73592e6,4.35515e-9
1480796310,27539617.004561074,31280159.770738777,3740.543,4.00885e14,0.5732,3.47147e6,-1.73076e6,4.34218e-9
1480796340,27558046.39827829,31291218.722195707,3733.172,4.01315e14,0.6810,3.46295e6,-1.72558e6,4.32919e-9
1480796370,27576470.537457965,31302230.381322064,3725.760,3.99659e14,0.2655,3.44541e6,-1.72040e6,4.31619e-9
1480796400,27594889.11739107,31313194.669287615,3718.306,3.97793e14,0.2025,3.42699e6,-1.71522e6,4.30318e-9
1480796430,27613301.834737144,31324111.507766,3710.810,3.97131e14,0.3687,3.41377e6,-1.71003e6,4.29014e-9
1480796460,27631708.387389902,31334980.819043737,3703.272,3.94724e14,0.9724,3.39310e6,-1.70483e6,4.27709e-9
1480796490,27650108.474609386,31345802.525906656,3695.694,3.99649e14,0.2631,3.40374e6,-1.69962e6,4.26403e-9
1480796520,27668501.796977844,31356576.5516733,3688.075,4.05414e14,1.7095,3.41780e6,-1.69441e6,4.25094e-9
1480796550,27686888.05639856,31367302.820192438,3680.415,4.05362e14,1.6962,3.40706e6,-1.68919e6,4.23785e-9
1480796580,27705266.956094828,31377981.25584047,3672.714,4.04110e14,1.3823,3.39123e6,-1.68397e6,4.22474e-9
1480796610,27723638.200608704,31388611.783519,3664.974,3.99800e14,0.3009,3.36254e6,-1.67874e6,4.21161e-9
1480796640,27742001.495799754,31399194.328652237,3657.193,4.04617e14,1.5095,3.37228e6,-1.67351e6,4.19847e-9
1480796670,27760356.54884379,31409728.817184515,3649.372,4.06530e14,1.9892,3.36973e6,-1.66827e6,4.18532e-9
1480796700,27778703.068231385,31420215.175577767,3641.512,3.91778e14,1.7116,3.29758e6,-1.66302e6,4.17216e-9
1480796730,27797040.763720915,31430653.330835678,3633.613,3.91405e14,1.8052,3.28562e6,-1.65777e6,4.15898e-9
1480796760,27815369.346477352,31441043.210419387,3625.674,4.01633e14,0.7609,3.31760e6,-1.65252e6,4.14579e-9
1480796790,27833688.52892989,31451384.742326878,3617.696,4.01470e14,0.7200,3.30637e6,-1.64726e6,4.13258e-9
1480796820,27851998.024815485,31461677.8550643,3609.680,3.98750e14,0.0374,3.28459e6,-1.64199e6,4.11937e-9
1480796850,27870297.54917664,31471922.477643777,3601.625,3.97923e14,0.1700,3.27065e6,-1.63672e6,4.10614e-9
1480796880,27888586.818359215,31482118.539581235,3593.532,4.05084e14,1.6267,3.28942e6,-1.63145e6,4.09290e-9
1480796910,27906865.550010197,31492265.970894214,3585.400,4.03983e14,1.3504,3.27428e6,-1.62617e6,4.07965e-9
1480796940,27925133.463075288,31502364.702099793,3577.231,3.99957e14,0.3403,3.24726e6,-1.62089e6,4.06639e-9
1480796970,27943390.27779663,31512414.664212365,3569.024,4.11675e14,3.2801,3.28416e6,-1.61560e6,4.05311e-9
1480797000,27961635.715710174,31522415.788741533,3560.780,4.08075e14,2.3769,3.25886e6,-1.61031e6,4.03983e-9
1480797030,27979869.49967657,31532368.00766759,3552.499,3.96920e14,0.4216,3.20322e6,-1.60501e6,4.02654e-9
1480797060,27998091.35377622,31542271.253508583,3544.180,4.03067e14,1.1205,3.21731e6,-1.59971e6,4.01323e-9
1480797090,28016301.003409415,31552125.459248938,3535.824,4.01420e14,0.7073,3.20005e6,-1.59440e6,3.99992e-9
1480797120,28034498.175260667,31561930.55835961,3527.432,3.98515e14,0.0214,3.17782e6,-1.58910e6,3.98660e-9
1480797150,28052682.59729644,31571686.4847958,3519.004,4.00812e14,0.5548,3.17632e6,-1.58379e6,3.97327e-9
1480797180,28070853.99876267,31581393.172994737,3510.539,4.00745e14,0.5379,3.16539e6,-1.57847e6,3.95992e-9
1480797210,28089012.110182427,31591050.557873487,3502.038,4.00749e14,0.5391,3.15474e6,-1.57315e6,3.94658e-9
1480797240,28107156.66335333,31600658.57482669,3493.502,3.95255e14,0.8394,3.12245e6,-1.56783e6,3.93322e-9
1480797270,28125287.391345125,31610217.15972432,3484.930,3.92615e14,1.5015,3.10150e6,-1.56250e6,3.91985e-9
1480797300,28143404.028497145,31619726.24890964,3476.322,3.99882e14,0.3215,3.11931e6,-1.55718e6,3.90648e-9
1480797330,28161506.31040464,31629185.779218018,3467.679,4.02781e14,1.0489,3.11991e6,-1.55184e6,3.89310e-9
1480797360,28179593.973950297,31638595.687909707,3459.002,4.00963e14,0.5928,3.10213e6,-1.54651e6,3.87971e-9
1480797390,28197666.757267304,31647955.912733007,3450.289,3.96281e14,0.5818,3.07332e6,-1.54117e6,3.86631e-9
1480797420,28215724.399747618,31657266.39190119,3441.542,3.89436e14,2.2992,3.03629e6,-1.53583e6,3.85291e-9
1480797450,28233766.642039195,31666527.064090595,3432.760,3.91212e14,1.8536,3.03255e6,-1.53049e6,3.83950e-9
1480797480,28251793.226043,31675737.868438672,3423.945,3.96446e14,0.5406,3.04198e6,-1.52514e6,3.82608e-9
1480797510,28269803.89491022,31684898.744542133,3415.095,3.98451e14,0.0374,3.03895e6,-1.51980e6,3.81266e-9
1480797540,28287798.39303914,31694009.632455092,3406.211,3.88166e14,2.6177,2.98918e6,-1.51445e6,3.79923e-9
1480797570,28305776.46607217,31703070.472687125,3397.294,3.83493e14,3.7901,2.96092e6,-1.50909e6,3.78579e-9
1480797600,28323737.86089275,31712081.20620144,3388.343,3.92912e14,1.4272,2.98594e6,-1.50374e6,3.77235e-9
1480797630,28341682.325612336,31721041.774393484,3379.359,3.88119e14,2.6295,2.95728e6,-1.49838e6,3.75890e-9
1480797660,28359609.60959773,31729952.119149525,3370.343,3.89971e14,2.1650,2.95364e6,-1.49302e6,3.74545e-9
1480797690,28377519.463437434,31738812.182784144,3361.293,3.96922e14,0.4212,2.96897e6,-1.48766e6,3.73200e-9
1480797720,28395411.63894808,31747621.908057917,3352.210,3.98661e14,0.0153,2.96473e6,-1.48229e6,3.71854e-9
1480797750,28413285.889171124,31756381.238175437,3343.095,4.02007e14,0.8546,2.96639e6,-1.47693e6,3.70507e-9
1480797780,28431141.968369473,31765090.11678338,3333.948,3.96654e14,0.4884,2.93585e6,-1.47156e6,3.69160e-9
1480797810,28448979.632024053,31773748.487968538,3324.769,3.94445e14,1.0425,2.91701e6,-1.46619e6,3.67812e-9
1480797840,28466798.636830404,31782356.296255935,3315.558,3.95196e14,0.8542,2.90907e6,-1.46082e6,3.66464e-9
1480797870,28484598.740695175,31790913.486606847,3306.315,3.95041e14,0.8929,2.89781e6,-1.45545e6,3.65116e-9
1480797900,28502379.702732675,31799420.004416987,3297.040,3.95780e14,0.7076,2.88980e6,-1.45008e6,3.63768e-9
1480797930,28520141.283280656,31807875.795531686,3287.735,3.96487e14,0.5303,2.88164e6,-1.44470e6,3.62419e-9
1480797960,28537883.243837394,31816280.806191195,3278.398,3.99119e14,0.1302,2.88042e6,-1.43933e6,3.61069e-9
1480797990,28555605.34711768,31824634.983081948,3269.030,3.99769e14,0.2932,2.87200e6,-1.43395e6,3.59720e-9
1480798020,28573307.35703017,31832938.27331765,3259.631,3.97510e14,0.2736,2.85312e6,-1.42857e6,3.58370e-9
1480798050,28590989.03867396,31841190.62443764,3250.202,4.06764e14,2.0480,2.87541e6,-1.42319e6,3.57019e-9
1480798080,28608650.158335224,31849391.98440518,3240.742,4.00724e14,0.5327,2.84306e6,-1.41781e6,3.55669e-9
1480798110,28626290.483483754,31857542.30160588,3231.252,3.93559e14,1.2647,2.80688e6,-1.41243e6,3.54318e-9
1480798140,28643909.782769505,31865641.524846047,3221.732,4.03919e14,1.3343,2.83274e6,-1.40704e6,3.52967e-9
1480798170,28661507.82601917,31873689.60335102,3212.182,3.96631e14,0.4940,2.79628e6,-1.40166e6,3.51616e-9
1480798200,28679084.384232625,31881686.486763638,3202.602,3.97990e14,0.1531,2.79029e6,-1.39628e6,3.50265e-9
1480798230,28696639.22956316,31889632.12512914,3192.993,4.05147e14,1.6423,2.80450e6,-1.39089e6,3.48913e-9
1480798260,28714172.13536419,31897526.46893514,3183.354,4.01244e14,0.6633,2.78007e6,-1.38550e6,3.47562e-9
1480798290,28731682.87613535,31905369.46906831,3173.687,3.96995e14,0.4027,2.75455e6,-1.38012e6,3.46210e-9
1480798320,28749171.227535106,31913161.076826226,3163.990,3.98524e14,0.0191,2.74907e6,-1.37473e6,3.44858e-9
1480798350,28766636.966377005,31920901.243915707,3154.264,3.95064e14,0.8871,2.72641e6,-1.36934e6,3.43506e-9
1480798380,28784079.8706259,31928589.92245108,3144.510,3.94856e14,0.9394,2.71497e6,-1.36395e6,3.42153e-9
1480798410,28801499.7193942,31936227.064952627,3134.727,4.06333e14,1.9399,2.74335e6,-1.35857e6,3.40801e-9
1480798440,28818896.29293806,31943812.624344848,3124.916,4.05435e14,1.7147,2.72942e6,-1.35318e6,3.39449e-9
1480798470,28836269.372653604,31951346.553954903,3115.077,3.98718e14,0.0294,2.69584e6,-1.34779e6,3.38096e-9
1480798500,28853618.741072964,31958828.807510927,3105.210,4.02871e14,1.0714,2.69904e6,-1.34240e6,3.36744e-9
1480798530,28870944.181872282,31966259.33914967,3095.315,4.12694e14,3.5359,2.72115e6,-1.33701e6,3.35392e-9
1480798560,28888245.4798318,31973638.103386465,3085.393,4.06485e14,1.9781,2.68944e6,-1.33162e6,3.34039e-9
1480798590,28905522.420867946,31980965.055142157,3075.443,4.02918e14,1.0832,2.66669e6,-1.32623e6,3.32687e-9
1480798620,28922774.792017877,31988240.149732433,3065.465,3.94503e14,1.0281,2.62796e6,-1.32084e6,3.31334e-9
1480798650,28940002.381435756,31995463.3428663,3055.461,3.89268e14,2.3412,2.59997e6,-1.31545e6,3.29982e-9
1480798680,28957204.97838887,32002634.590644572,3045.430,4.05633e14,1.7642,2.64309e6,-1.31006e6,3.28629e-9
1480798710,28974382.373253845,32009753.84955858,3035.371,4.01656e14,0.7665,2.61920e6,-1.30468e6,3.27277e-9
1480798740,28991534.35751274,32016821.076488573,3025.287,3.95062e14,0.8876,2.58689e6,-1.29929e6,3.25925e-9
1480798770,29008660.72374927,32023836.228702392,3015.176,3.97234e14,0.3429,2.58321e6,-1.29390e6,3.24572e-9
1480798800,29025761.26564486,32030799.26385404,3005.038,4.02653e14,1.0167,2.58997e6,-1.28851e6,3.23220e-9
1480798830,29042835.777961086,32037710.13997478,2994.874,4.04944e14,1.5915,2.58651e6,-1.28312e6,3.21868e-9
1480798860,29059884.056578085,32044568.815494962,2984.685,3.97843e14,0.1901,2.55289e6,-1.27774e6,3.20516e-9
1480798890,29076905.89844834,32051375.249219358,2974.469,3.88188e14,2.6121,2.51131e6,-1.27235e6,3.19165e-9
1480798920,29093901.101606328,32058129.400333323,2964.228,3.95213e14,0.8499,2.52300e6,-1.26696e6,3.17813e-9
1480798950,29110869.46516453,32064831.22840136,2953.962,4.02463e14,0.9689,2.53522e6,-1.26158e6,3.16461e-9
1480798980,29127810.789309315,32071480.69336572,2943.670,4.04289e14,1.4271,2.53015e6,-1.25619e6,3.15110e-9
1480799010,29144724.875297025,32078077.755545117,2933.353,4.04369e14,1.4472,2.51955e6,-1.25081e6,3.13759e-9
1480799040,29161611.525449812,32084622.375633262,2923.011,4.05783e14,1.8020,2.51312e6,-1.24543e6,3.12408e-9
1480799070,29178470.543151684,32091114.514697608,2912.644,4.04836e14,1.5643,2.49931e6,-1.24004e6,3.11057e-9
1480799100,29195301.732844424,32097554.134177987,2902.252,3.97732e14,0.2178,2.46646e6,-1.23466e6,3.09706e-9
1480799130,29212104.900041107,32103941.19589665,2891.836,4.03993e14,1.3530,2.47502e6,-1.22928e6,3.08356e-9
1480799160,29228879.85126803,32110275.662021972,2881.396,4.04358e14,1.4444,2.46530e6,-1.22390e6,3.07006e-9
1480799190,29245626.394114777,32116557.4951023,2870.931,4.02015e14,0.8565,2.44730e6,-1.21852e6,3.05656e-9
1480799220,29262344.33721283,32122786.658053376,2860.442,3.98568e14,0.0082,2.42601e6,-1.21314e6,3.04306e-9
1480799250,29279033.49023172,32128963.1141572,2849.930,4.03590e14,1.2518,2.43047e6,-1.20776e6,3.02957e-9
1480799280,29295693.663875084,32135086.82706081,2839.393,3.98709e14,0.0272,2.40492e6,-1.20239e6,3.01608e-9
1480799310,29312324.669876844,32141157.760775197,2828.833,3.93899e14,1.1795,2.37973e6,-1.19701e6,3.00259e-9
1480799340,29328926.32099729,32147175.879674163,2818.250,4.03323e14,1.1847,2.39721e6,-1.19164e6,2.98910e-9
1480799370,29345498.431019217,32153141.148493055,2807.643,4.02120e14,0.8829,2.38282e6,-1.18626e6,2.97562e-9
1480799400,29362040.814744037,32159053.532327775,2797.013,3.89998e14,2.1581,2.33612e6,-1.18089e6,2.96214e-9
1480799430,29378553.2879751,32164912.99661553,2786.360,3.92756e14,1.4661,2.33363e6,-1.17552e6,2.94866e-9
1480799460,29395035.66755324,32170719.507189326,2775.684,3.96510e14,0.5245,2.33398e6,-1.17015e6,2.93518e-9
1480799490,29411487.771313358,32176473.03022108,2764.985,3.95812e14,0.6995,2.32123e6,-1.16478e6,2.92171e-9
1480799520,29427909.418093126,32182173.532238364,2754.264,4.02550e14,0.9910,2.33013e6,-1.15942e6,2.90824e-9
1480799550,29444300.42772904,32187820.980123196,2743.521,4.05315e14,1.6846,2.32735e6,-1.15405e6,2.89478e-9
1480799580,29460660.621052407,32193415.341110755,2732.755,4.00423e14,0.4572,2.30243e6,-1.14869e6,2.88132e-9
1480799610,29476989.819885284,32198956.58278819,2721.967,3.94277e14,1.0846,2.27405e6,-1.14332e6,2.86786e-9
1480799640,29493287.847036466,32204444.67309338,2711.157,4.00044e14,0.3621,2.27985e6,-1.13796e6,2.85441e-9
1480799670,29509554.526297454,32209879.580313724,2700.325,4.00350e14,0.4389,2.26998e6,-1.13260e6,2.84095e-9
1480799700,29525789.682438377,32215261.27308497,2689.472,4.04972e14,1.5984,2.27230e6,-1.12724e6,2.82751e-9
1480799730,29541993.141202565,32220589.720412046,2678.597,4.02803e14,1.0543,2.25540e6,-1.12189e6,2.81406e-9
1480799760,29558164.72930679,32225864.891600106,2667.700,4.05839e14,1.8159,2.25313e6,-1.11653e6,2.80063e-9
1480799790,29574304.274433043,32231086.756321404,2656.782,4.13258e14,3.6772,2.26300e6,-1.11118e6,2.78719e-9
1480799820,29590411.605225764,32236255.284592364,2645.844,4.06032e14,1.8645,2.23206e6,-1.10582e6,2.77376e-9
1480799850,29606486.551287875,32241370.44677265,2634.884,3.98698e14,0.0244,2.20101e6,-1.10047e6,2.76033e-9
1480799880,29622528.943176687,32246432.213564295,2623.903,3.98441e14,0.0400,2.18960e6,-1.09512e6,2.74691e-9
1480799910,29638538.612399887,32251440.556010813,2612.902,4.08347e14,2.4453,2.20599e6,-1.08977e6,2.73349e-9
1480799940,29654515.391411535,32256395.44549632,2601.880,4.01929e14,0.8352,2.17771e6,-1.08443e6,2.72007e-9
1480799970,29670459.11360802,32261296.853744686,2590.838,4.06207e14,1.9084,2.17855e6,-1.07908e6,2.70666e-9
1480800000,29686369.613324143,32266144.752818678,2579.775,4.13597e14,3.7623,2.18766e6,-1.07374e6,2.69326e-9
1480800030,29702246.725846086,32270939.115097005,2568.692,3.96181e14,0.6071,2.13011e6,-1.06840e6,2.67985e-9
1480800060,29718090.287355047,32275679.91334165,2557.590,3.93893e14,1.1811,2.11336e6,-1.06306e6,2.66646e-9
1480800090,29733900.13497575,32280367.120628722,2546.467,4.03388e14,1.2010,2.12794e6,-1.05772e6,2.65306e-9
1480800120,29749676.106755693,32285000.710369535,2535.325,4.00824e14,0.5577,2.11043e6,-1.05239e6,2.63968e-9
1480800150,29765418.041661326,32289580.65630961,2524.163,3.96585e14,0.5057,2.08860e6,-1.04706e6,2.62629e-9
1480800180,29781125.779574256,32294106.93252769,2512.981,3.97278e14,0.3317,2.07978e6,-1.04172e6,2.61291e-9
1480800210,29796799.161287487,32298579.513434783,2501.780,3.84928e14,3.4301,2.03703e6,-1.03639e6,2.59954e-9
1480800240,29812438.028501578,32302998.373773154,2490.560,3.82812e14,3.9609,2.02108e6,-1.03107e6,2.58617e-9
1480800270,29828042.223820973,32307363.488615368,2479.321,4.09808e14,2.8117,2.08009e6,-1.02574e6,2.57280e-9
1480800300,29843611.59075005,32311674.833363358,2468.063,4.16146e14,4.4018,2.08552e6,-1.02041e6,2.55944e-9
1480800330,29859145.97366132,32315932.383768827,2456.786,3.96829e14,0.4444,2.02545e6,-1.01509e6,2.54609e-9
1480800360,29874645.217878338,32320136.11586657,2445.491,4.08997e14,2.6082,2.04565e6,-1.00977e6,2.53274e-9
1480800390,29890109.16958504,32324286.006039515,2434.177,4.08071e14,2.3759,2.03254e6,-1.00445e6,2.51939e-9
1480800420,29905537.67584977,32328382.030996583,2422.844,3.93028e14,1.3981,1.98408e6,-9.99137e5,2.50605e-9
1480800450,29920930.584621333,32332424.167772103,2411.494,4.07083e14,2.1282,2.00857e6,-9.93822e5,2.49272e-9
1480800480,29936287.744724967,32336412.39372504,2400.125,4.13750e14,3.8008,2.01436e6,-9.88510e5,2.47939e-9
1480800510,29951609.005858388,32340346.686538436,2388.738,3.98634e14,0.0085,1.96626e6,-9.83199e5,2.46606e-9
1480800540,29966894.218587775,32344227.024218626,2377.333,3.92625e14,1.4991,1.94090e6,-9.77891e5,2.45274e-9
1480800570,29982143.234343838,32348053.38509469,2365.910,3.95208e14,0.8510,1.93667e6,-9.72584e5,2.43942e-9
1480800600,29997355.905417822,32351825.74781774,2354.470,3.90566e14,2.0158,1.91484e6,-9.67280e5,2.42611e-9
1480800630,30012532.084992792,32355544.091342077,2343.012,4.07233e14,2.1656,1.94455e6,-9.61978e5,2.41281e-9
1480800660,30027671.62703131,32359208.394980825,2331.537,4.18329e14,4.9494,1.96046e6,-9.56677e5,2.39951e-9
1480800690,30042774.3863802,32362818.63834886,2320.044,4.08326e14,2.4399,1.92573e6,-9.51379e5,2.38622e-9
1480800720,30057840.218731835,32366374.801380306,2308.535,3.87221e14,2.8550,1.86493e6,-9.46083e5,2.37293e-9
1480800750,30072868.98062052,32369876.864327814,2297.008,3.83030e14,3.9063,1.84460e6,-9.40789e5,2.35964e-9
1480800780,30087860.529418904,32373324.807761744,2285.464,3.85578e14,3.2671,1.84020e6,-9.35497e5,2.34637e-9
1480800810,30102814.72333449,32376718.612569444,2273.904,3.90061e14,2.1423,1.84026e6,-9.30208e5,2.33309e-9
1480800840,30117731.421406012,32380058.25995446,2262.327,4.01797e14,0.8018,1.85702e6,-9.24920e5,2.31983e-9
