Timestamp,R_A,R_B,Delta_H_km,GM,Error_Pct,Term_Time,Term_Kinetic,Term_Potential
1457482830,31469451.714389674,27969918.10641757,3499.534,3.96299e14,0.5775,-3.16060e6,1.58497e6,-3.97585e-9
1457482860,31459632.509535536,27951989.074878834,3507.643,4.01222e14,0.6577,-3.19058e6,1.59017e6,-3.98886e-9
1457482890,31449765.11713953,27934048.958063368,3515.716,4.06342e14,1.9422,-3.22148e6,1.59535e6,-4.00187e-9
1457482920,31439849.60568119,27916098.029741783,3523.752,3.91916e14,1.6770,-3.17402e6,1.60053e6,-4.01486e-9
1457482950,31429886.044131596,27898136.564934146,3531.749,3.92518e14,1.5260,-3.18671e6,1.60571e6,-4.02784e-9
1457482980,31419874.501955606,27880164.83991173,3539.710,4.07024e14,2.1134,-3.25559e6,1.61088e6,-4.04080e-9
1457483010,31409815.04911429,27862183.132198896,3547.632,3.98266e14,0.0839,-3.23052e6,1.61605e6,-4.05376e-9
1457483040,31399707.75606717,27844191.72057479,3555.516,3.91899e14,1.6814,-3.21494e6,1.62121e6,-4.06670e-9
1457483070,31389552.69377466,27826190.88507501,3563.362,4.05734e14,1.7896,-3.28161e6,1.62637e6,-4.07963e-9
1457483100,31379349.933700316,27808180.90699329,3571.169,4.09800e14,2.8097,-3.30864e6,1.63152e6,-4.09255e-9
1457483130,31369099.547791827,27790162.068893176,3578.937,4.02259e14,0.9178,-3.28812e6,1.63666e6,-4.10545e-9
1457483160,31358801.60854962,27772134.65457831,3586.667,3.98218e14,0.0960,-3.28180e6,1.64180e6,-4.11834e-9
1457483190,31348456.188962847,27754098.949125364,3594.357,3.96801e14,0.4514,-3.28621e6,1.64694e6,-4.13122e-9
1457483220,31338063.362533003,27736055.23887536,3602.008,3.96138e14,0.6178,-3.29369e6,1.65207e6,-4.14408e-9
1457483250,31327623.203276265,27718003.811435126,3609.619,4.12891e14,3.5852,-3.37355e6,1.65719e6,-4.15692e-9
1457483280,31317135.785725575,27699944.955678657,3617.191,4.13142e14,3.6481,-3.38501e6,1.66231e6,-4.16975e-9
1457483310,31306601.184932988,27681878.961748593,3624.722,4.07714e14,2.2864,-3.37271e6,1.66742e6,-4.18257e-9
1457483340,31296019.476471763,27663806.12105737,3632.213,4.12296e14,3.4358,-3.40226e6,1.67253e6,-4.19537e-9
1457483370,31285390.73643868,27645726.726288565,3639.664,3.47018e14,12.9410,-3.13793e6,1.67762e6,-4.20815e-9
1457483400,31274715.041456196,27627641.071398072,3647.074,3.43579e14,13.8037,-3.13294e6,1.68272e6,-4.22092e-9
1457483430,31263992.468681157,27609549.451621108,3654.443,3.98642e14,0.0104,-3.37552e6,1.68780e6,-4.23367e-9
1457483460,31253223.09578735,27591452.16345508,3661.771,4.02360e14,0.9431,-3.40147e6,1.69288e6,-4.24641e-9
1457483490,31242407.000987377,27573349.50467883,3669.057,4.06667e14,2.0238,-3.43000e6,1.69795e6,-4.25913e-9
1457483520,31231544.263028756,27555241.774347663,3676.302,4.10763e14,3.0514,-3.45773e6,1.70302e6,-4.27183e-9
1457483550,31220634.961196166,27537129.27279424,3683.506,4.07340e14,2.1925,-3.45333e6,1.70808e6,-4.28451e-9
1457483580,31209679.175313905,27519012.301629465,3690.667,4.09175e14,2.6530,-3.47142e6,1.71313e6,-4.29717e-9
1457483610,31198676.985748257,27500891.163743168,3697.786,4.06242e14,1.9172,-3.46900e6,1.71817e6,-4.30982e-9
1457483640,31187628.473409973,27482766.16330477,3704.862,4.03104e14,1.1299,-3.46560e6,1.72321e6,-4.32244e-9
1457483670,31176533.719756614,27464637.605763845,3711.896,4.04756e14,1.5443,-3.48287e6,1.72824e6,-4.33505e-9
1457483700,31165392.80679519,27446505.79785063,3718.887,3.84707e14,3.4855,-3.40582e6,1.73326e6,-4.34764e-9
1457483730,31154205.81709521,27428371.047556113,3725.835,3.86867e14,2.9436,-3.42509e6,1.73827e6,-4.36020e-9
1457483760,31142972.83375832,27410233.66419493,3732.739,3.91248e14,1.8446,-3.45410e6,1.74327e6,-4.37275e-9
1457483790,31131693.940453935,27392093.958342798,3739.600,3.91505e14,1.7802,-3.46513e6,1.74827e6,-4.38528e-9
1457483820,31120369.22141112,27373952.24185678,3746.417,4.00064e14,0.3671,-3.51265e6,1.75326e6,-4.39778e-9
1457483850,31108998.761421286,27355808.827875238,3753.190,3.95389e14,0.8056,-3.50201e6,1.75824e6,-4.41027e-9
1457483880,31097582.64584086,27337664.03081756,3759.919,4.08320e14,2.4383,-3.56909e6,1.76321e6,-4.42273e-9
1457483910,31086120.96059397,27319518.166383963,3766.603,4.22484e14,5.9919,-3.64196e6,1.76817e6,-4.43517e-9
1457483940,31074613.792175133,27301371.55155509,3773.242,4.03752e14,1.2925,-3.56884e6,1.77312e6,-4.44759e-9
1457483970,31063061.227651946,27283224.50459158,3779.837,3.76174e14,5.6262,-3.45580e6,1.77807e6,-4.45998e-9
1457484000,31051463.3546678,27265077.345033552,3786.386,3.85444e14,3.3007,-3.50684e6,1.78300e6,-4.47235e-9
1457484030,31039820.26142381,27246930.393725548,3792.890,4.03927e14,1.3362,-3.59941e6,1.78792e6,-4.48470e-9
1457484060,31028132.03674552,27228783.972737122,3799.348,3.95238e14,0.8436,-3.57023e6,1.79284e6,-4.49702e-9
1457484090,31016398.770021476,27210638.405441105,3805.760,3.93427e14,1.2980,-3.57183e6,1.79775e6,-4.50932e-9
1457484120,31004620.551226515,27192494.016487453,3812.127,4.05615e14,1.7598,-3.63667e6,1.80264e6,-4.52160e-9
1457484150,30992797.47092431,27174351.13180242,3818.446,4.12359e14,3.4517,-3.67710e6,1.80753e6,-4.53385e-9
1457484180,30980929.62026993,27156210.078587852,3824.720,4.05725e14,1.7875,-3.65686e6,1.81240e6,-4.54607e-9
1457484210,30969017.09101246,27138071.18532024,3830.946,4.00451e14,0.4644,-3.64263e6,1.81727e6,-4.55827e-9
1457484240,30957059.9754975,27119934.781749744,3837.125,3.98303e14,0.0747,-3.64254e6,1.82212e6,-4.57044e-9
1457484270,30945058.366669774,27101801.198899116,3843.257,3.94057e14,1.1399,-3.63276e6,1.82696e6,-4.58258e-9
1457484300,30933012.35807579,27083670.769062467,3849.342,3.89984e14,2.1617,-3.62365e6,1.83180e6,-4.59470e-9
1457484330,30920922.04388526,27065543.825781994,3855.378,3.95635e14,0.7439,-3.65922e6,1.83662e6,-4.60678e-9
1457484360,30908787.51883572,27047420.703914497,3861.367,3.98821e14,0.0553,-3.68352e6,1.84143e6,-4.61884e-9
1457484390,30896608.878293358,27029301.739561677,3867.307,3.88081e14,2.6391,-3.64338e6,1.84623e6,-4.63087e-9
1457484420,30884386.21823702,27011187.270090338,3873.199,3.71006e14,6.9229,-3.57355e6,1.85101e6,-4.64288e-9
1457484450,30872119.635261122,26993077.634130515,3879.042,3.78143e14,5.1322,-3.61599e6,1.85579e6,-4.65485e-9
1457484480,30859809.226578493,26974973.171573486,3884.836,3.92967e14,1.4133,-3.69445e6,1.86055e6,-4.66679e-9
1457484510,30847455.09002336,26956874.223569557,3890.581,3.89886e14,2.1864,-3.68946e6,1.86531e6,-4.67870e-9
1457484540,30835057.32405422,26938781.132525858,3896.276,4.10505e14,2.9867,-3.79555e6,1.87004e6,-4.69059e-9
1457484570,30822616.027756847,26920694.24210392,3901.922,3.99846e14,0.3124,-3.75502e6,1.87477e6,-4.70244e-9
1457484600,30810131.300847244,26902613.897217218,3907.517,3.75090e14,5.8982,-3.64775e6,1.87948e6,-4.71425e-9
1457484630,30797603.243667595,26884540.444046173,3913.063,3.76711e14,5.4915,-3.66454e6,1.88419e6,-4.72604e-9
1457484660,30785031.95721102,26866474.229981158,3918.558,3.89390e14,2.3107,-3.73372e6,1.88887e6,-4.73779e-9
1457484690,30772417.54310282,26848415.60367414,3924.002,4.08973e14,2.6022,-3.83597e6,1.89355e6,-4.74951e-9
1457484720,30759760.103610467,26830364.91501827,3929.395,4.08249e14,2.4206,-3.84196e6,1.89821e6,-4.76120e-9
1457484750,30747059.741646662,26812322.51514493,3934.737,3.95546e14,0.7664,-3.79074e6,1.90286e6,-4.77285e-9
1457484780,30734316.56077224,26794288.75642068,3940.028,3.82726e14,3.9825,-3.73863e6,1.90749e6,-4.78447e-9
1457484810,30721530.665199228,26776263.99244414,3945.267,3.81650e14,4.2526,-3.74252e6,1.91211e6,-4.79605e-9
1457484840,30708702.159793813,26758248.57804267,3950.454,3.82391e14,4.0666,-3.75510e6,1.91672e6,-4.80759e-9
1457484870,30695831.1500794,26740242.869268995,3955.588,3.88025e14,2.6532,-3.79124e6,1.92131e6,-4.81910e-9
1457484900,30682917.74223954,26722247.223397583,3960.671,4.00742e14,0.5372,-3.86170e6,1.92588e6,-4.83058e-9
1457484930,30669962.043114625,26704261.998902913,3965.700,4.02887e14,1.0754,-3.88123e6,1.93045e6,-4.84201e-9
1457484960,30656964.1602246,26686287.55551156,3970.677,4.06034e14,1.8649,-3.90564e6,1.93499e6,-4.85341e-9
1457484990,30643924.20175227,26668324.25414211,3975.600,3.94984e14,0.9073,-3.86103e6,1.93952e6,-4.86477e-9
1457485020,30630842.276552606,26650372.456919163,3980.470,3.72662e14,6.5073,-3.76118e6,1.94404e6,-4.87609e-9
1457485050,30617718.494155843,26632432.52716891,3985.286,3.89821e14,2.2026,-3.85374e6,1.94854e6,-4.88738e-9
1457485080,30604552.964770395,26614504.82941469,3990.048,4.02996e14,1.1027,-3.92715e6,1.95302e6,-4.89862e-9
1457485110,30591345.799286008,26596589.72937237,3994.756,3.92952e14,1.4172,-3.88682e6,1.95749e6,-4.90982e-9
1457485140,30578097.109276664,26578687.593945503,3999.410,3.90590e14,2.0096,-3.88403e6,1.96195e6,-4.92098e-9
1457485170,30564807.00700375,26560798.791220553,4004.008,3.88285e14,2.5880,-3.88144e6,1.96638e6,-4.93210e-9
1457485200,30551475.605419066,26542923.69046179,4008.552,3.93302e14,1.3293,-3.91496e6,1.97080e6,-4.94318e-9
1457485230,30538103.018183447,26525062.662126645,4013.040,3.98910e14,0.0777,-3.95149e6,1.97520e6,-4.95422e-9
1457485260,30524689.35962216,26507216.07779721,4017.473,3.91229e14,1.8495,-3.92212e6,1.97959e6,-4.96521e-9
1457485290,30511234.74477585,26489384.310238265,4021.850,3.84460e14,3.5476,-3.89709e6,1.98395e6,-4.97616e-9
1457485320,30497739.28938834,26471567.733371258,4026.172,3.92351e14,1.5678,-3.94498e6,1.98830e6,-4.98706e-9
1457485350,30484203.109909873,26453766.722268812,4030.436,3.83766e14,3.7216,-3.91067e6,1.99264e6,-4.99792e-9
1457485380,30470626.323500477,26435981.653149057,4034.645,3.84205e14,3.6115,-3.92133e6,1.99695e6,-5.00874e-9
1457485410,30457009.048033264,26418212.90336975,4038.796,3.98909e14,0.0775,-4.00357e6,2.00125e6,-5.01951e-9
1457485440,30443351.40209774,26400460.851422314,4042.891,3.89129e14,2.3761,-3.96293e6,2.00552e6,-5.03023e-9
1457485470,30429653.50500315,26382725.87692572,4046.928,3.93574e14,1.2610,-3.99375e6,2.00978e6,-5.04091e-9
1457485500,30415915.47678178,26365008.36062016,4050.907,4.01377e14,0.6967,-4.04159e6,2.01402e6,-5.05154e-9
1457485530,30402137.438171614,26347308.684343323,4054.829,3.97971e14,0.1578,-4.03282e6,2.01824e6,-5.06212e-9
1457485560,30388319.510683633,26329627.23107698,4058.692,3.91866e14,1.6895,-4.01024e6,2.02244e6,-5.07265e-9
1457485590,30374461.816541065,26311964.38488695,4062.497,3.88485e14,2.5376,-4.00135e6,2.02662e6,-5.08313e-9
1457485620,30360564.47870328,26294320.530933097,4066.244,3.99017e14,0.1044,-4.06320e6,2.03079e6,-5.09356e-9
1457485650,30346627.620869078,26276696.055462196,4069.932,3.96794e14,0.4531,-4.06014e6,2.03493e6,-5.10394e-9
1457485680,30332651.36747985,26259091.34580045,4073.560,3.87856e14,2.6955,-4.02265e6,2.03905e6,-5.11427e-9
1457485710,30318635.843722884,26241506.7903459,4077.129,3.98091e14,0.1278,-4.08319e6,2.04315e6,-5.12455e-9
1457485740,30304581.17553459,26223942.778560627,4080.638,4.05969e14,1.8485,-4.13179e6,2.04723e6,-5.13478e-9
1457485770,30290487.48960373,26206399.700962804,4084.088,3.98000e14,0.1507,-4.09898e6,2.05128e6,-5.14495e-9
1457485800,30276354.913374793,26188877.94911862,4087.477,3.88811e14,2.4561,-4.05967e6,2.05532e6,-5.15507e-9
1457485830,30262183.57507539,26171377.915641017,4090.806,3.89686e14,2.2366,-4.07212e6,2.05934e6,-5.16514e-9
1457485860,30247973.60364514,26153899.994159505,4094.074,3.85975e14,3.1674,-4.06081e6,2.06333e6,-5.17515e-9
1457485890,30233725.128813673,26136444.57933328,4097.281,3.75108e14,5.8936,-4.01228e6,2.06730e6,-5.18510e-9
1457485920,30219438.281080104,26119012.06683548,4100.426,3.87624e14,2.7538,-4.08496e6,2.07125e6,-5.19500e-9
1457485950,30205113.191716492,26101602.853344254,4103.510,4.07966e14,2.3496,-4.19858e6,2.07518e6,-5.20485e-9
1457485980,30190749.992771477,26084217.33653374,4106.533,4.05013e14,1.6088,-4.19107e6,2.07908e6,-5.21463e-9
1457486010,30176348.817073897,26066855.915064804,4109.493,3.95184e14,0.8570,-4.14754e6,2.08296e6,-5.22436e-9
1457486040,30161909.798236366,26049518.98857568,4112.391,3.98244e14,0.0893,-4.17124e6,2.08682e6,-5.23403e-9
1457486070,30147433.07065887,26032206.95767236,4115.226,4.01931e14,0.8355,-4.19823e6,2.09065e6,-5.24363e-9
1457486100,30132918.769532442,26014920.223918892,4117.999,3.98586e14,0.0036,-4.18830e6,2.09446e6,-5.25318e-9
1457486130,30118367.03081989,25997659.189832833,4120.708,4.00886e14,0.5734,-4.20797e6,2.09824e6,-5.26267e-9
1457486160,30103777.99132984,25980424.25885849,4123.354,4.03843e14,1.3152,-4.23110e6,2.10200e6,-5.27210e-9
1457486190,30089151.788649715,25963215.83537349,4125.936,3.97101e14,0.3763,-4.20301e6,2.10574e6,-5.28146e-9
1457486220,30074488.561172083,25946034.324672952,4128.454,3.92228e14,1.5986,-4.18463e6,2.10945e6,-5.29076e-9
1457486250,30059788.44809801,25928880.1329588,4130.908,3.97092e14,0.3783,-4.21772e6,2.11313e6,-5.30000e-9
1457486280,30045051.589440588,25911753.667329036,4133.298,3.93741e14,1.2192,-4.20723e6,2.11679e6,-5.30917e-9
1457486310,30030278.12602829,25894655.33576677,4135.623,4.01411e14,0.7050,-4.25524e6,2.12042e6,-5.31828e-9
1457486340,30015468.199508466,25877585.547129,4137.883,4.00478e14,0.4712,-4.25751e6,2.12403e6,-5.32733e-9
1457486370,30000621.95235076,25860544.711135324,4140.077,3.88619e14,2.5042,-4.20140e6,2.12761e6,-5.33630e-9
1457486400,29985739.527850572,25843533.238356244,4142.206,3.88518e14,2.5295,-4.20788e6,2.13117e6,-5.34521e-9
1457486430,29970821.07014641,25826551.540186934,4144.270,3.92835e14,1.4464,-4.23796e6,2.13469e6,-5.35406e-9
1457486460,29955866.72418058,25809600.028880324,4146.267,4.03269e14,1.1713,-4.30086e6,2.13819e6,-5.36283e-9
1457486490,29940876.635745578,25792679.11748952,4148.198,3.96098e14,0.6277,-4.26932e6,2.14167e6,-5.37154e-9
1457486520,29925850.95147384,25775789.219870135,4150.062,3.96473e14,0.5336,-4.27821e6,2.14511e6,-5.38017e-9
1457486550,29910789.81884135,25758930.750667557,4151.859,4.04547e14,1.4918,-4.32852e6,2.14853e6,-5.38874e-9
1457486580,29895693.38617131,25742104.125304032,4153.589,3.99237e14,0.1597,-4.30669e6,2.15192e6,-5.39723e-9
1457486610,29880561.802637815,25725309.759965677,4155.252,3.90392e14,2.0594,-4.26560e6,2.15527e6,-5.40565e-9
1457486640,29865395.21826955,25708548.071589164,4156.847,3.88789e14,2.4614,-4.26351e6,2.15861e6,-5.41400e-9
1457486670,29850193.783953454,25691819.477848284,4158.374,3.80849e14,4.4534,-4.22697e6,2.16191e6,-5.42228e-9
1457486700,29834957.65143844,25675124.397140305,4159.833,3.78482e14,5.0472,-4.22052e6,2.16518e6,-5.43048e-9
1457486730,29819686.973338656,25658463.24859049,4161.224,3.90138e14,2.1230,-4.29023e6,2.16842e6,-5.43860e-9
1457486760,29804381.90313876,25641836.45198145,4162.545,3.96983e14,0.4058,-4.33386e6,2.17163e6,-5.44665e-9
1457486790,29789042.595196124,25625244.427795712,4163.798,3.96053e14,0.6392,-4.33513e6,2.17481e6,-5.45463e-9
1457486820,29773669.204745058,25608687.597183134,4164.982,3.90471e14,2.0394,-4.31092e6,2.17796e6,-5.46252e-9
1457486850,29758261.88790056,25592166.38194637,4166.096,4.00511e14,0.4794,-4.37201e6,2.18108e6,-5.47034e-9
1457486880,29742820.801662106,25575681.204526223,4167.140,4.10050e14,2.8724,-4.43045e6,2.18417e6,-5.47808e-9
1457486910,29727346.103917368,25559232.48798684,4168.114,3.96556e14,0.5128,-4.36263e6,2.18722e6,-5.48574e-9
1457486940,29711837.953445997,25542820.656000614,4169.017,4.01422e14,0.7078,-4.39539e6,2.19025e6,-5.49333e-9
1457486970,29696296.509923372,25526446.132832926,4169.850,4.39224e14,10.1915,-4.60933e6,2.19324e6,-5.50082e-9
1457487000,29680721.933924317,25510109.343326658,4170.613,4.15166e14,4.1558,-4.48303e6,2.19620e6,-5.50824e-9
1457487030,29665114.386915404,25493810.71287217,4171.304,3.84532e14,3.5295,-4.32004e6,2.19912e6,-5.51558e-9
1457487060,29649474.031294156,25477550.667435687,4171.923,4.00437e14,0.4608,-4.41356e6,2.20201e6,-5.52283e-9
1457487090,29633801.030357197,25461329.633498814,4172.471,4.06213e14,1.9099,-4.45123e6,2.20487e6,-5.53000e-9
1457487120,29618095.548315432,25445148.03805643,4172.948,4.10695e14,3.0343,-4.48175e6,2.20770e6,-5.53708e-9
1457487150,29602357.75029775,25429006.308600105,4173.351,4.00017e14,0.3554,-4.42821e6,2.21049e6,-5.54408e-9
1457487180,29586587.802354623,25412904.873101115,4173.683,4.01220e14,0.6572,-4.44041e6,2.21325e6,-5.55099e-9
1457487210,29570785.87146185,25396844.159993444,4173.942,4.05853e14,1.8196,-4.47162e6,2.21597e6,-5.55781e-9
1457487240,29554952.125524152,25380824.598156445,4174.128,3.98400e14,0.0503,-4.43557e6,2.21865e6,-5.56455e-9
1457487270,29539086.733378954,25364846.616897337,4174.240,4.01431e14,0.7102,-4.45775e6,2.22130e6,-5.57119e-9
1457487300,29523189.86479997,25348910.645933397,4174.279,4.06129e14,1.8888,-4.48920e6,2.22392e6,-5.57775e-9
1457487330,29507261.690521818,25333017.115377724,4174.245,4.00489e14,0.4737,-4.46291e6,2.22650e6,-5.58421e-9
1457487360,29491302.38217953,25317166.455709994,4174.136,3.96346e14,0.5657,-4.44484e6,2.22904e6,-5.59059e-9
1457487390,29475312.11237661,25301359.09776907,4173.953,4.11243e14,3.1718,-4.53322e6,2.23155e6,-5.59687e-9
1457487420,29459291.054668132,25285595.47273095,4173.696,4.11370e14,3.2035,-4.53894e6,2.23401e6,-5.60306e-9
1457487450,29443239.383564554,25269876.01209004,4173.363,4.01298e14,0.6766,-4.48739e6,2.23645e6,-5.60916e-9
1457487480,29427157.274535723,25254201.14764016,4172.956,4.10334e14,2.9437,-4.54293e6,2.23884e6,-5.61516e-9
1457487510,29411044.904014707,25238571.31145547,4172.474,4.15608e14,4.2667,-4.57735e6,2.24119e6,-5.62106e-9
1457487540,29394902.449401665,25222986.935871102,4171.916,4.02430e14,0.9608,-4.50793e6,2.24351e6,-5.62687e-9
1457487570,29378730.08906783,25207448.453463614,4171.282,3.91460e14,1.7913,-4.45072e6,2.24579e6,-5.63258e-9
1457487600,29362528.00235926,25191956.297031265,4170.572,4.00380e14,0.4464,-4.50545e6,2.24803e6,-5.63820e-9
1457487630,29346296.369572487,25176510.899585824,4169.785,4.02935e14,1.0876,-4.52428e6,2.25023e6,-5.64371e-9
1457487660,29330035.372045603,25161112.69429625,4168.923,3.95628e14,0.7458,-4.48734e6,2.25239e6,-5.64913e-9
1457487690,29313745.192074638,25145762.114504643,4167.983,4.00355e14,0.4402,-4.51829e6,2.25451e6,-5.65444e-9
1457487720,29297426.012945436,25130459.593694083,4166.966,4.06768e14,2.0491,-4.55875e6,2.25658e6,-5.65966e-9
1457487750,29281078.0189373,25115205.565467957,4165.872,4.02706e14,1.0300,-4.53986e6,2.25862e6,-5.66477e-9
1457487780,29264701.395326577,25100000.463529088,4164.701,3.95827e14,0.6958,-4.50487e6,2.26062e6,-5.66978e-9
1457487810,29248296.328390263,25084844.7216587,4163.452,3.89356e14,2.3192,-4.47205e6,2.26258e6,-5.67468e-9
1457487840,29231863.005409624,25069738.77369514,4162.124,4.05269e14,1.6731,-4.56621e6,2.26449e6,-5.67948e-9
1457487870,29215401.614673786,25054683.05351235,4160.719,4.03115e14,1.1326,-4.55774e6,2.26636e6,-5.68418e-9
1457487900,29198912.34548331,25039677.994998205,4159.234,3.87496e14,2.7858,-4.47257e6,2.26819e6,-5.68876e-9
1457487930,29182395.388185907,25024724.032006044,4157.671,4.03857e14,1.3186,-4.56923e6,2.26998e6,-5.69325e-9
1457487960,29165850.934081268,25009821.598414306,4156.029,4.11702e14,3.2869,-4.61744e6,2.27172e6,-5.69762e-9
1457487990,29149279.175523784,24994971.1280223,4154.308,4.07002e14,2.1079,-4.59410e6,2.27342e6,-5.70188e-9
1457488020,29132680.30589431,24980173.05455389,4152.507,4.05904e14,1.8322,-4.59118e6,2.27508e6,-5.70604e-9
1457488050,29116054.519604143,24965427.81163456,4150.627,3.97755e14,0.2120,-4.54790e6,2.27669e6,-5.71008e-9
1457488080,29099402.012098823,24950735.83276832,4148.666,3.95651e14,0.7401,-4.53901e6,2.27826e6,-5.71401e-9
1457488110,29082722.979862135,24936097.551314257,4146.625,3.93585e14,1.2583,-4.53023e6,2.27978e6,-5.71783e-9
1457488140,29066017.620419897,24921513.400463086,4144.504,3.87181e14,2.8648,-4.49653e6,2.28126e6,-5.72154e-9
1457488170,29049286.13234394,24906983.813213337,4142.302,3.97756e14,0.2118,-4.55989e6,2.28269e6,-5.72513e-9
1457488200,29032528.715255886,24892509.222347528,4140.019,4.21219e14,5.6745,-4.69707e6,2.28407e6,-5.72860e-9
1457488230,29015745.569802266,24878090.060446963,4137.656,4.10313e14,2.9384,-4.63731e6,2.28541e6,-5.73197e-9
1457488260,28998936.897747137,24863726.759747494,4135.210,3.88095e14,2.6355,-4.51251e6,2.28671e6,-5.73521e-9
1457488290,28982102.90188683,24849419.75223532,4132.683,3.91218e14,1.8522,-4.53289e6,2.28795e6,-5.73834e-9
1457488320,28965243.786082324,24835169.469583806,4130.074,3.96705e14,0.4755,-4.56677e6,2.28915e6,-5.74134e-9
1457488350,28948359.755262822,24820976.343128942,4127.383,4.06480e14,1.9767,-4.62522e6,2.29030e6,-5.74423e-9
1457488380,28931451.015429243,24806840.803844687,4124.610,4.00601e14,0.5018,-4.59366e6,2.29141e6,-5.74700e-9
1457488410,28914517.773657832,24792763.28231817,4121.754,3.94196e14,1.1050,-4.55895e6,2.29246e6,-5.74965e-9
1457488440,28897560.23810353,24778744.208724592,4118.816,3.88081e14,2.6391,-4.52578e6,2.29347e6,-5.75217e-9
1457488470,28880578.618003577,24764784.012802053,4115.795,3.82207e14,4.1127,-4.49386e6,2.29442e6,-5.75458e-9
1457488500,28863573.123680893,24750883.12382611,4112.690,3.91222e14,1.8512,-4.54754e6,2.29533e6,-5.75685e-9
1457488530,28846543.966567706,24737041.970538925,4109.502,3.93813e14,1.2011,-4.56416e6,2.29619e6,-5.75901e-9
1457488560,28829491.35914701,24723260.981263,4106.230,3.87413e14,2.8066,-4.52890e6,2.29700e6,-5.76104e-9
1457488590,28812415.515018165,24709540.583735403,4102.875,3.88595e14,2.5102,-4.53720e6,2.29775e6,-5.76294e-9
1457488620,28795316.648880474,24695881.2051264,4099.435,3.95552e14,0.7648,-4.57870e6,2.29846e6,-5.76471e-9
1457488650,28778194.97653661,24682283.272012863,4095.912,3.97597e14,0.2517,-4.59181e6,2.29912e6,-5.76636e-9
1457488680,28761050.714896385,24668747.210351374,4092.304,4.04659e14,1.5200,-4.63374e6,2.29972e6,-5.76788e-9
1457488710,28743884.081980154,24655273.445451174,4088.611,4.07133e14,2.1405,-4.64913e6,2.30027e6,-5.76926e-9
1457488740,28726695.296922546,24641862.401947044,4084.833,4.02212e14,0.9061,-4.62175e6,2.30077e6,-5.77052e-9
1457488770,28709484.579975903,24628514.50377187,4080.970,4.30031e14,7.8853,-4.78321e6,2.30122e6,-5.77165e-9
1457488800,28692252.15251384,24615230.17412923,4077.022,4.26547e14,7.0112,-4.76392e6,2.30161e6,-5.77264e-9
1457488830,28674998.237023048,24602009.835510187,4072.988,4.00204e14,0.4023,-4.61253e6,2.30196e6,-5.77350e-9
1457488860,28657723.057142995,24588853.909528572,4068.869,3.99226e14,0.1569,-4.60746e6,2.30224e6,-5.77423e-9
1457488890,28640426.83763312,24575762.817030348,4064.664,3.92913e14,1.4268,-4.57148e6,2.30248e6,-5.77482e-9
1457488920,28623109.804387912,24562736.978021562,4060.373,3.99074e14,0.1189,-4.60742e6,2.30266e6,-5.77527e-9
1457488950,28605772.18444023,24549776.81164054,4055.995,4.07042e14,2.1179,-4.65369e6,2.30278e6,-5.77559e-9
1457488980,28588414.20596467,24536882.736129954,4051.531,4.05313e14,1.6840,-4.64384e6,2.30285e6,-5.77577e-9
1457489010,28571036.09828088,24524055.16880881,4046.981,4.01247e14,0.6640,-4.62039e6,2.30287e6,-5.77581e-9
1457489040,28553638.091856766,24511294.52604428,4042.344,3.96759e14,0.4620,-4.59439e6,2.30282e6,-5.77571e-9
1457489070,28536220.4183118,24498601.22322337,4037.619,3.91829e14,1.6988,-4.56573e6,2.30273e6,-5.77547e-9
1457489100,28518783.310420208,24485975.67472453,4032.808,3.93894e14,1.1807,-4.57735e6,2.30257e6,-5.77509e-9
1457489130,28501327.00212341,24473418.293854285,4027.909,3.90141e14,2.1222,-4.55526e6,2.30236e6,-5.77457e-9
1457489160,28483851.728504807,24460929.492925722,4022.922,3.84450e14,3.5501,-4.52188e6,2.30210e6,-5.77391e-9
1457489190,28466357.725821387,24448509.683122363,4017.848,3.98297e14,0.0762,-4.60118e6,2.30177e6,-5.77310e-9
1457489220,28448845.23149768,24436159.27450356,4012.686,4.08850e14,2.5713,-4.66133e6,2.30139e6,-5.77215e-9
1457489250,28431314.484129008,24423878.67597527,4007.436,4.01733e14,0.7859,-4.61937e6,2.30095e6,-5.77105e-9
1457489280,28413765.723484576,24411668.295260463,4002.097,3.88739e14,2.4741,-4.54340e6,2.30045e6,-5.76981e-9
1457489310,28396199.19051059,24399528.538869645,3996.671,3.95702e14,0.7271,-4.58247e6,2.29990e6,-5.76842e-9
1457489340,28378615.127333418,24387459.812071085,3991.155,4.02727e14,1.0351,-4.62176e6,2.29928e6,-5.76688e-9
1457489370,28361013.77726254,24375462.518861018,3985.551,4.06354e14,1.9452,-4.64131e6,2.29861e6,-5.76519e-9
1457489400,28343395.38479365,24363537.06193377,3979.858,4.07140e14,2.1424,-4.64436e6,2.29787e6,-5.76336e-9
1457489430,28325760.195598386,24351683.842672296,3974.076,3.88602e14,2.5084,-4.53595e6,2.29708e6,-5.76137e-9
1457489460,28308108.45656811,24339903.26105486,3968.205,3.86769e14,2.9683,-4.52371e6,2.29622e6,-5.75923e-9
1457489490,28290440.415775876,24328195.715688203,3962.245,3.98003e14,0.1498,-4.58658e6,2.29530e6,-5.75694e-9
1457489520,28272756.32249255,24316561.603756975,3956.195,3.95896e14,0.6784,-4.57251e6,2.29433e6,-5.75450e-9
1457489550,28255056.42718944,24305001.320993673,3950.055,3.93378e14,1.3101,-4.55596e6,2.29329e6,-5.75190e-9
1457489580,28237340.981541086,24293515.261648394,3943.826,3.90996e14,1.9077,-4.54008e6,2.29219e6,-5.74915e-9
1457489610,28219610.238427974,24282103.818458684,3937.506,3.93716e14,1.2254,-4.55341e6,2.29103e6,-5.74624e-9
1457489640,28201864.45193912,24270767.38261917,3931.097,4.02612e14,1.0064,-4.60207e6,2.28980e6,-5.74318e-9
1457489670,28184103.877374776,24259506.343751274,3924.598,4.01731e14,0.7854,-4.59444e6,2.28852e6,-5.73996e-9
1457489700,28166328.771248963,24248321.08987283,3918.008,3.94630e14,0.9960,-4.55100e6,2.28717e6,-5.73658e-9
1457489730,28148539.391311128,24237212.007362388,3911.327,3.88717e14,2.4795,-4.51429e6,2.28575e6,-5.73305e-9
1457489760,28130735.996489912,24226179.480944928,3904.557,4.07498e14,2.2322,-4.61898e6,2.28428e6,-5.72935e-9
1457489790,28112918.84695464,24215223.893645197,3897.695,4.06541e14,1.9921,-4.61039e6,2.28274e6,-5.72550e-9
1457489820,28095088.20409879,24204345.62676236,3890.743,3.96249e14,0.5899,-4.54827e6,2.28113e6,-5.72148e-9
1457489850,28077244.33054264,24193545.059839375,3883.699,3.94599e14,1.0038,-4.53551e6,2.27946e6,-5.71731e-9
1457489880,28059387.490135767,24182822.570632357,3876.565,3.93812e14,1.2013,-4.52756e6,2.27773e6,-5.71297e-9
1457489910,28041517.947959527,24172178.53507995,3869.339,3.99728e14,0.2829,-4.55776e6,2.27593e6,-5.70847e-9
1457489940,28023635.97032953,24161613.327272598,3862.023,3.86558e14,3.0211,-4.47892e6,2.27407e6,-5.70380e-9
1457489970,28005741.82479806,24151127.319421876,3854.615,3.87889e14,2.6874,-4.48270e6,2.27214e6,-5.69897e-9
1457490000,27987835.780156367,24140720.88182973,3847.115,3.99710e14,0.2783,-4.54608e6,2.27014e6,-5.69398e-9
1457490030,27969918.10641757,24130394.38285123,3839.524,3.92801e14,1.4549,-4.50265e6,2.26808e6,-5.68881e-9
1457490060,27951989.074878834,24120148.188884035,3831.841,3.88800e14,2.4586,-4.47569e6,2.26595e6,-5.68349e-9
1457490090,27934048.958063368,24109982.664317463,3824.066,3.92772e14,1.4622,-4.49391e6,2.26376e6,-5.67799e-9
1457490120,27916098.029741783,24099898.171508253,3816.200,4.04034e14,1.3632,-4.55331e6,2.26149e6,-5.67233e-9
1457490150,27898136.564934146,24089895.07074981,3808.241,4.09351e14,2.6971,-4.57875e6,2.25916e6,-5.66649e-9
1457490180,27880164.83991173,24079973.720241465,3800.191,4.00053e14,0.3644,-4.52126e6,2.25677e6,-5.66049e-9
1457490210,27862183.132198896,24070134.476057768,3792.049,3.97512e14,0.2731,-4.50196e6,2.25430e6,-5.65432e-9
1457490240,27844191.72057479,24060377.69211785,3783.814,4.06900e14,2.0821,-4.54992e6,2.25177e6,-5.64797e-9
1457490270,27826190.88507501,24050703.720154747,3775.487,4.01291e14,0.6750,-4.51303e6,2.24916e6,-5.64146e-9
1457490300,27808180.90699329,24041112.909684867,3767.068,3.90114e14,2.1291,-4.44469e6,2.24649e6,-5.63477e-9
1457490330,27790162.068893176,24031605.607991528,3758.556,3.87291e14,2.8374,-4.42339e6,2.24375e6,-5.62791e-9
1457490360,27772134.65457831,24022182.160051085,3749.952,3.89974e14,2.1642,-4.43294e6,2.24094e6,-5.62088e-9
1457490390,27754098.949125364,24012842.908545956,3741.256,3.97488e14,0.2790,-4.46943e6,2.23806e6,-5.61367e-9
1457490420,27736055.23887536,24003588.19382036,3732.467,4.01375e14,0.6962,-4.48534e6,2.23512e6,-5.60628e-9
1457490450,27718003.811435126,23994418.353850186,3723.585,3.92733e14,1.4721,-4.43090e6,2.23210e6,-5.59873e-9
1457490480,27699944.955678657,23985333.724212892,3714.611,3.84948e14,3.4252,-4.38125e6,2.22901e6,-5.59099e-9
1457490510,27681878.961748593,23976334.638057537,3705.544,3.81299e14,4.3405,-4.35467e6,2.22585e6,-5.58308e-9
1457490540,27663806.12105737,23967421.42607491,3696.385,3.97058e14,0.3870,-4.43621e6,2.22262e6,-5.57499e-9
1457490570,27645726.726288565,23958594.41646762,3687.132,4.42449e14,11.0005,-4.68230e6,2.21932e6,-5.56672e-9
1457490600,27627641.071398072,23949853.934920475,3677.787,4.32760e14,8.5700,-4.62134e6,2.21594e6,-5.55827e-9
1457490630,27609549.451621108,23941200.304553363,3668.349,4.07616e14,2.2617,-4.47462e6,2.21250e6,-5.54965e-9
1457490660,27591452.16345508,23932633.84594557,3658.818,4.07136e14,2.1415,-4.46486e6,2.20898e6,-5.54084e-9
1457490690,27573349.50467883,23924154.877052438,3649.195,3.96884e14,0.4307,-4.40090e6,2.20539e6,-5.53186e-9
1457490720,27555241.774347663,23915763.713193364,3639.478,3.83559e14,3.7735,-4.32001e6,2.20173e6,-5.52269e-9
1457490750,27537129.27279424,23907460.66702256,3629.669,3.88934e14,2.4252,-4.34232e6,2.19800e6,-5.51334e-9
1457490780,27519012.301629465,23899246.048499808,3619.766,3.98449e14,0.0379,-4.38718e6,2.19419e6,-5.50381e-9
1457490810,27500891.163743168,23891120.164861463,3609.771,3.95323e14,0.8222,-4.36226e6,2.19032e6,-5.49410e-9
1457490840,27482766.16330477,23883083.320591573,3599.683,4.00847e14,0.5637,-4.38469e6,2.18637e6,-5.48420e-9
1457490870,27464637.605763845,23875135.817393072,3589.502,3.95345e14,0.8167,-4.34651e6,2.18234e6,-5.47412e-9
1457490900,27446505.79785063,23867277.954159252,3579.228,4.02076e14,0.8720,-4.37513e6,2.17824e6,-5.46386e-9
1457490930,27428371.047556113,23859510.026964463,3568.861,4.13796e14,3.8123,-4.43067e6,2.17407e6,-5.45341e-9
1457490960,27410233.66419493,23851832.328976747,3558.401,4.10613e14,3.0138,-4.40470e6,2.16983e6,-5.44278e-9
1457490990,27392093.958342798,23844245.150489118,3547.849,4.02920e14,1.0838,-4.35415e6,2.16551e6,-5.43196e-9
1457491020,27373952.24185678,23836748.778872527,3537.203,4.01607e14,0.7544,-4.33821e6,2.16111e6,-5.42095e-9
1457491050,27355808.827875238,23829343.498548336,3526.465,4.04429e14,1.4622,-4.34451e6,2.15664e6,-5.40976e-9
1457491080,27337664.03081756,23822029.59096092,3515.634,3.97417e14,0.2968,-4.29751e6,2.15210e6,-5.39838e-9
1457491110,27319518.166383963,23814807.334550474,3504.711,3.90267e14,2.0906,-4.24978e6,2.14748e6,-5.38682e-9
1457491140,27301371.55155509,23807677.00472602,3493.695,3.98904e14,0.0762,-4.28692e6,2.14279e6,-5.37506e-9
1457491170,27283224.50459158,23800638.873838596,3482.586,4.11316e14,3.1901,-4.34396e6,2.13802e6,-5.36312e-9
1457491200,27265077.345033552,23793693.211154625,3471.384,3.96051e14,0.6395,-4.25245e6,2.13318e6,-5.35099e-9
1457491230,27246930.393725548,23786840.282808866,3460.090,3.96643e14,0.4912,-4.24581e6,2.12826e6,-5.33867e-9
1457491260,27228783.972737122,23780080.351842158,3448.704,4.05829e14,1.8134,-4.28478e6,2.12327e6,-5.32616e-9
1457491290,27210638.405441105,23773413.678111233,3437.225,3.93788e14,1.2073,-4.21058e6,2.11820e6,-5.31346e-9
1457491320,27192494.016487453,23766840.51828359,3425.653,3.92801e14,1.4549,-4.19512e6,2.11305e6,-5.30057e-9
1457491350,27174351.13180242,23760361.12581188,3413.990,3.89594e14,2.2596,-4.16781e6,2.10783e6,-5.28750e-9
1457491380,27156210.078587852,23753975.750908427,3402.234,3.93498e14,1.2800,-4.17793e6,2.10253e6,-5.27423e-9
1457491410,27138071.18532024,23747684.64052013,3390.387,3.96563e14,0.5111,-4.18339e6,2.09716e6,-5.26077e-9
1457491440,27119934.781749744,23741488.038303442,3378.447,3.92267e14,1.5889,-4.14998e6,2.09171e6,-5.24711e-9
1457491470,27101801.198899116,23735386.184599787,3366.415,4.00428e14,0.4584,-4.18173e6,2.08619e6,-5.23327e-9
1457491500,27083670.769062467,23729379.316411108,3354.291,4.10627e14,3.0172,-4.22374e6,2.08058e6,-5.21924e-9
1457491530,27065543.825781994,23723467.667394374,3342.076,4.13880e14,3.8332,-4.22915e6,2.07490e6,-5.20501e-9
1457491560,27047420.703914497,23717651.467780355,3329.769,3.99080e14,0.1204,-4.14061e6,2.06915e6,-5.19059e-9
1457491590,27029301.739561677,23711930.944407746,3317.371,4.06687e14,2.0287,-4.16832e6,2.06331e6,-5.17598e-9
1457491620,27011187.270090338,23706306.320681334,3304.881,4.22748e14,6.0581,-4.23928e6,2.05740e6,-5.16117e-9
1457491650,26993077.634130515,23700777.81654925,3292.300,4.14788e14,4.0610,-4.18599e6,2.05142e6,-5.14617e-9
1457491680,26974973.171573486,23695345.648480356,3279.628,4.09817e14,2.8140,-4.14812e6,2.04535e6,-5.13098e-9
1457491710,26956874.223569557,23690010.029442187,3266.864,4.04071e14,1.3724,-4.10628e6,2.03921e6,-5.11560e-9
1457491740,26938781.132525858,23684771.16887893,3254.010,3.92642e14,1.4949,-4.03547e6,2.03299e6,-5.10002e-9
1457491770,26920694.24210392,23679629.2726899,3241.065,4.02749e14,1.0409,-4.07438e6,2.02670e6,-5.08425e-9
1457491800,26902613.897217218,23674584.543208264,3228.029,4.17123e14,4.6470,-4.13442e6,2.02033e6,-5.06828e-9
1457491830,26884540.444046173,23669637.179169435,3214.903,4.15312e14,4.1926,-4.11208e6,2.01388e6,-5.05212e-9
1457491860,26866474.229981158,23664787.37572331,3201.687,4.07680e14,2.2780,-4.06033e6,2.00735e6,-5.03577e-9
1457491890,26848415.60367414,23660035.324380893,3188.380,3.95922e14,0.6718,-3.98796e6,2.00074e6,-5.01922e-9
1457491920,26830364.91501827,23655381.213004958,3174.984,3.98229e14,0.0933,-3.98619e6,1.99406e6,-5.00248e-9
1457491950,26812322.51514493,23650825.225790348,3161.497,3.94583e14,1.0078,-3.95451e6,1.98730e6,-4.98554e-9
1457491980,26794288.75642068,23646367.543244455,3147.921,3.94314e14,1.0755,-3.93957e6,1.98046e6,-4.96841e-9
1457492010,26776263.99244414,23642008.34216833,3134.256,4.04882e14,1.5759,-3.97815e6,1.97355e6,-4.95108e-9
1457492040,26758248.57804267,23637747.795637853,3120.501,4.09988e14,2.8568,-3.98925e6,1.96655e6,-4.93356e-9
1457492070,26740242.869268995,23633586.072985373,3106.657,4.04618e14,1.5096,-3.94852e6,1.95948e6,-4.91585e-9
1457492100,26722247.223397583,23629523.339781757,3092.724,4.06766e14,2.0485,-3.94465e6,1.95234e6,-4.89794e-9
1457492130,26704261.998902913,23625559.75781648,3078.702,4.10539e14,2.9950,-3.94847e6,1.94511e6,-4.87983e-9
1457492160,26686287.55551156,23621695.485087126,3064.592,3.98626e14,0.0065,-3.87574e6,1.93781e6,-4.86154e-9
1457492190,26668324.25414211,23617930.67577579,3050.394,4.02289e14,0.9254,-3.87873e6,1.93043e6,-4.84304e-9
1457492220,26650372.456919163,23614265.48023466,3036.107,4.29435e14,7.7356,-3.99471e6,1.92297e6,-4.82436e-9
1457492250,26632432.52716891,23610700.04496987,3021.732,4.19208e14,5.1699,-3.92993e6,1.91543e6,-4.80547e-9
1457492280,26614504.82941469,23607234.512625705,3007.270,3.96677e14,0.4826,-3.80647e6,1.90782e6,-4.78640e-9
1457492310,26596589.72937237,23603869.021969188,2992.721,4.06766e14,2.0485,-3.83923e6,1.90013e6,-4.76713e-9
1457492340,26578687.593945503,23600603.707875136,2978.084,4.10987e14,3.1074,-3.84359e6,1.89236e6,-4.74767e-9
1457492370,26560798.791220553,23597438.701311532,2963.360,4.17195e14,4.6650,-3.85702e6,1.88452e6,-4.72801e-9
1457492400,26542923.69046179,23594374.12932535,2948.550,4.17109e14,4.6433,-3.84041e6,1.87659e6,-4.70816e-9
1457492430,26525062.662126645,23591410.115039844,2933.653,4.12444e14,3.4730,-3.80218e6,1.86860e6,-4.68812e-9
1457492460,26507216.07779721,23588546.77760719,2918.669,4.10297e14,2.9345,-3.77574e6,1.86052e6,-4.66788e-9
1457492490,26489384.310238265,23585784.232229456,2903.600,4.00990e14,0.5995,-3.71595e6,1.85237e6,-4.64745e-9
1457492520,26471567.733371258,23583122.590135247,2888.445,3.93050e14,1.3924,-3.66271e6,1.84414e6,-4.62683e-9
1457492550,26453766.722268812,23580561.958567694,2873.205,4.04162e14,1.3952,-3.69740e6,1.83583e6,-4.60601e-9
1457492580,26435981.653149057,23578102.440772798,2857.879,4.13545e14,3.7492,-3.72355e6,1.82745e6,-4.58500e-9
1457492610,26418212.90336975,23575744.135988332,2842.469,4.10711e14,3.0382,-3.69339e6,1.81899e6,-4.56380e-9
1457492640,26400460.851422314,23573487.139433015,2826.974,4.06901e14,2.0823,-3.65876e6,1.81045e6,-4.54241e-9
1457492670,26382725.87692572,23571331.542296257,2811.394,3.95567e14,0.7611,-3.59013e6,1.80184e6,-4.52083e-9
1457492700,26365008.36062016,23569277.43172822,2795.731,3.89187e14,2.3615,-3.54412e6,1.79315e6,-4.49905e-9
1457492730,26347308.684343323,23567324.890816994,2779.984,4.06524e14,1.9877,-3.60442e6,1.78438e6,-4.47709e-9
1457492760,26329627.23107698,23565473.998620655,2764.153,4.07714e14,2.2864,-3.59188e6,1.77554e6,-4.45493e-9
1457492790,26311964.38488695,23563724.830117606,2748.240,3.91439e14,1.7966,-3.50171e6,1.76662e6,-4.43259e-9
1457492820,26294320.530933097,23562077.456211552,2732.243,3.94851e14,0.9406,-3.49895e6,1.75763e6,-4.41005e-9
1457492850,26276696.055462196,23560531.943723645,2716.164,4.14229e14,3.9209,-3.56592e6,1.74856e6,-4.38733e-9
1457492880,26259091.34580045,23559088.35538501,2700.003,4.09549e14,2.7467,-3.52686e6,1.73942e6,-4.36442e-9
1457492910,26241506.7903459,23557746.749829836,2683.760,3.87326e14,2.8286,-3.41171e6,1.73020e6,-4.34131e-9
1457492940,26223942.778560627,23556507.181588802,2667.436,3.90479e14,2.0376,-3.40701e6,1.72091e6,-4.31802e-9
1457492970,26206399.700962804,23555369.70108294,2651.030,4.01308e14,0.6792,-3.43498e6,1.71154e6,-4.29455e-9
1457493000,26188877.94911862,23554334.354618005,2634.544,4.05845e14,1.8175,-3.43542e6,1.70210e6,-4.27088e-9
1457493030,26171377.915641017,23553401.184387725,2617.977,3.96671e14,0.4842,-3.37726e6,1.69258e6,-4.24703e-9
1457493060,26153899.994159505,23552570.228443116,2601.330,4.02950e14,1.0912,-3.38465e6,1.68299e6,-4.22300e-9
1457493090,26136444.57933328,23551841.520713978,2584.603,4.09826e14,2.8163,-3.39410e6,1.67333e6,-4.19877e-9
1457493120,26119012.06683548,23551215.090996798,2567.797,3.96509e14,0.5248,-3.31876e6,1.66359e6,-4.17437e-9
1457493150,26101602.853344254,23550690.96495141,2550.912,3.98757e14,0.0393,-3.30853e6,1.65378e6,-4.14978e-9
1457493180,26084217.33653374,23550269.164098207,2533.948,4.09149e14,2.6463,-3.33163e6,1.64389e6,-4.12500e-9
1457493210,26066855.915064804,23549949.705815647,2516.906,3.97388e14,0.3042,-3.26324e6,1.63393e6,-4.10004e-9
1457493240,26049518.98857568,23549732.6033384,2499.786,3.86917e14,2.9312,-3.20055e6,1.62390e6,-4.07490e-9
1457493270,26032206.95767236,23549617.86575584,2482.589,3.91650e14,1.7437,-3.19982e6,1.61380e6,-4.04958e-9
1457493300,26014920.223918892,23549605.498011038,2465.315,4.13603e14,3.7638,-3.26799e6,1.60362e6,-4.02408e-9
1457493330,25997659.189832833,23549695.500895575,2447.964,4.17724e14,4.7977,-3.26360e6,1.59338e6,-3.99839e-9
1457493360,25980424.25885849,23549887.87106367,2430.536,4.11029e14,3.1180,-3.21588e6,1.58306e6,-3.97253e-9
1457493390,25963215.83537349,23550182.60101845,2413.033,4.09446e14,2.7210,-3.18854e6,1.57267e6,-3.94649e-9
1457493420,25946034.324672952,23550579.679117277,2395.455,3.86396e14,3.0619,-3.07698e6,1.56221e6,-3.92026e-9
1457493450,25928880.1329588,23551079.08957299,2377.801,3.94712e14,0.9755,-3.08863e6,1.55167e6,-3.89387e-9
1457493480,25911753.667329036,23551680.812455617,2360.073,4.08414e14,2.4620,-3.12053e6,1.54107e6,-3.86729e-9
1457493510,25894655.33576677,23552384.823694605,2342.271,3.82082e14,4.1440,-2.99780e6,1.53040e6,-3.84054e-9
1457493540,25877585.547129,23553191.095081367,2324.394,3.78793e14,4.9692,-2.96423e6,1.51965e6,-3.81361e-9
1457493570,25860544.711135324,23554099.594272383,2306.445,3.95592e14,0.7546,-3.00676e6,1.50884e6,-3.78651e-9
1457493600,25843533.238356244,23555110.284792755,2288.423,4.07247e14,2.1693,-3.02890e6,1.49796e6,-3.75923e-9
1457493630,25826551.540186934,23556223.12604483,2270.328,4.07814e14,2.3114,-3.00888e6,1.48701e6,-3.73178e-9
1457493660,25809600.028880324,23557438.073298287,2252.162,3.92598e14,1.5059,-2.93024e6,1.47599e6,-3.70416e-9
1457493690,25792679.11748952,23558755.07770942,2233.924,4.05421e14,1.7111,-2.95538e6,1.46490e6,-3.67637e-9
1457493720,25775789.219870135,23560174.08632183,2215.615,4.08410e14,2.4609,-2.94380e6,1.45375e6,-3.64841e-9
1457493750,25758930.750667557,23561695.042072244,2197.236,4.01181e14,0.6473,-2.89491e6,1.44253e6,-3.62028e-9
1457493780,25742104.125304032,23563317.883796766,2178.786,4.08587e14,2.5055,-2.89888e6,1.43124e6,-3.59198e-9
1457493810,25725309.759965677,23565042.54623761,2160.267,4.06150e14,1.8941,-2.86721e6,1.41988e6,-3.56352e-9
1457493840,25708548.071589164,23566868.960050184,2141.679,4.13141e14,3.6480,-2.86887e6,1.40846e6,-3.53488e-9
1457493870,25691819.477848284,23568797.0518107,2123.022,4.29834e14,7.8358,-2.90401e6,1.39697e6,-3.50608e-9
1457493900,25675124.397140305,23570826.744024172,2104.298,4.25770e14,6.8163,-2.86587e6,1.38542e6,-3.47712e-9
1457493930,25658463.24859049,23572957.95512196,2085.505,4.02503e14,0.9790,-2.76163e6,1.37380e6,-3.44799e-9
1457493960,25641836.45198145,23575190.599504378,2066.646,4.08711e14,2.5365,-2.75938e6,1.36212e6,-3.41871e-9
1457493990,25625244.427795712,23577524.58751607,2047.720,4.19597e14,5.2675,-2.77249e6,1.35037e6,-3.38926e-9
1457494020,25608687.597183134,23579959.82546663,2028.728,4.10366e14,2.9518,-2.71724e6,1.33856e6,-3.35965e-9
1457494050,25592166.38194637,23582496.215640783,2009.670,3.90976e14,1.9127,-2.62858e6,1.32668e6,-3.32988e-9
1457499720,23583122.590135247,25588774.352879513,2005.652,3.87856e14,2.6955,2.61421e6,-1.32515e6,3.32357e-9
1457499750,23580561.958567694,25605292.725878417,2024.731,3.92262e14,1.5901,2.65243e6,-1.33702e6,3.35338e-9
1457499780,23578102.440772798,25621846.8258916,2043.744,4.07590e14,2.2553,2.72772e6,-1.34883e6,3.38304e-9
1457499810,23575744.135988332,25638436.230529845,2062.692,4.19325e14,5.1994,2.79154e6,-1.36058e6,3.41254e-9
1457499840,23573487.139433015,25655060.518053163,2081.573,4.10414e14,2.9638,2.78485e6,-1.37226e6,3.44187e-9
1457499870,23571331.542296257,25671719.267385542,2100.388,4.01818e14,0.8073,2.77861e6,-1.38388e6,3.47105e-9
1457499900,23569277.43172822,25688412.058129314,2119.135,4.02374e14,0.9468,2.80376e6,-1.39543e6,3.50006e-9
1457499930,23567324.890816994,25705138.470580265,2137.814,4.05179e14,1.6505,2.83676e6,-1.40692e6,3.52890e-9
1457499960,23565473.998620655,25721898.08573941,2156.424,3.91232e14,1.8485,2.81018e6,-1.41834e6,3.55758e-9
1457499990,23563724.830117606,25738690.485329237,2174.966,3.79028e14,4.9102,2.78893e6,-1.42970e6,3.58610e-9
1457500020,23562077.456211552,25755515.251806587,2193.438,3.94367e14,1.0621,2.86640e6,-1.44099e6,3.61444e-9
1457500050,23560531.943723645,25772371.968376163,2211.840,4.11951e14,3.3495,2.95279e6,-1.45221e6,3.64262e-9
1457500080,23559088.35538501,25789260.2190038,2230.172,3.94286e14,1.0823,2.91064e6,-1.46336e6,3.67063e-9
1457500110,23557746.749829836,25806179.58842962,2248.433,3.93777e14,1.2101,2.93082e6,-1.47445e6,3.69847e-9
1457500140,23556507.181588802,25823129.662180826,2266.622,4.13355e14,3.7016,3.02569e6,-1.48547e6,3.72614e-9
1457500170,23555369.70108294,25840110.02658448,2284.740,4.07346e14,2.1940,3.02545e6,-1.49642e6,3.75364e-9
1457500200,23554334.354618005,25857120.268779907,2302.786,4.01690e14,0.7750,3.02607e6,-1.50730e6,3.78096e-9
1457500230,23553401.184387725,25874159.976726174,2320.759,3.86627e14,3.0040,2.99043e6,-1.51811e6,3.80812e-9
1457500260,23552570.228443116,25891228.739229318,2338.659,3.76033e14,5.6617,2.97097e6,-1.52885e6,3.83509e-9
1457500290,23551841.520713978,25908326.145938966,2356.485,3.85891e14,3.1885,3.02980e6,-1.53953e6,3.86189e-9
1457500320,23551215.090996798,25925451.787364922,2374.237,3.98941e14,0.0855,3.10142e6,-1.55013e6,3.88852e-9
1457500350,23550690.96495141,25942605.2548887,2391.914,4.18369e14,4.9596,3.19856e6,-1.56066e6,3.91497e-9
1457500380,23550269.164098207,25959786.14077482,2409.517,4.14939e14,4.0991,3.20650e6,-1.57112e6,3.94124e-9
1457500410,23549949.705815647,25976994.038181916,2427.044,3.91552e14,1.7683,3.13493e6,-1.58151e6,3.96733e-9
1457500440,23549732.6033384,25994228.541173674,2444.496,3.84337e14,3.5785,3.12658e6,-1.59183e6,3.99325e-9
1457500470,23549617.86575584,26011489.24472956,2461.871,3.85483e14,3.2908,3.15133e6,-1.60208e6,4.01898e-9
1457500500,23549605.498011038,26028775.744755417,2479.170,3.98074e14,0.1321,3.22228e6,-1.61226e6,4.04454e-9
1457500530,23549695.500895575,26046087.638103895,2496.392,4.11946e14,3.3482,3.29894e6,-1.62236e6,4.06991e-9
1457500560,23549887.87106367,26063424.522553444,2513.537,4.11543e14,3.2471,3.31770e6,-1.63239e6,4.09510e-9
1457500590,23550182.60101845,26080785.996849794,2530.603,3.95123e14,0.8724,3.27030e6,-1.64235e6,4.12011e-9
1457500620,23550579.679117277,26098171.660705715,2547.592,3.81134e14,4.3820,3.23201e6,-1.65223e6,4.14494e-9
1457500650,23551079.08957299,26115581.114810657,2564.502,3.94714e14,0.9751,3.30784e6,-1.66205e6,4.16958e-9
1457500680,23551680.812455617,26133013.96084031,2581.333,4.05405e14,1.7072,3.37207e6,-1.67179e6,4.19404e-9
1457500710,23552384.823694605,26150469.801466048,2598.085,3.94064e14,1.1381,3.34374e6,-1.68145e6,4.21831e-9
1457500740,23553191.095081367,26167948.240363996,2614.757,3.93300e14,1.3298,3.35958e6,-1.69104e6,4.24240e-9
1457500770,23554099.594272383,26185448.882224094,2631.349,3.93583e14,1.2588,3.37971e6,-1.70056e6,4.26631e-9
1457500800,23555110.284792755,26202971.332758877,2647.861,3.97410e14,0.2985,3.41490e6,-1.71000e6,4.29002e-9
1457500830,23556223.12604483,26220515.19869162,2664.292,4.08523e14,2.4894,3.48156e6,-1.71937e6,4.31355e-9
1457500860,23557438.073298287,26238080.08782802,2680.642,3.97027e14,0.3947,3.45053e6,-1.72867e6,4.33689e-9
1457500890,23558755.07770942,26255665.609000932,2696.911,4.04914e14,1.5840,3.50333e6,-1.73789e6,4.36005e-9
1457500920,23560174.08632183,26273271.37209891,2713.097,4.15538e14,4.2492,3.56834e6,-1.74703e6,4.38301e-9
1457500950,23561695.042072244,26290896.988073938,2729.202,4.03221e14,1.1593,3.53261e6,-1.75610e6,4.40579e-9
1457500980,23563317.883796766,26308542.0689491,2745.224,3.98510e14,0.0227,3.52985e6,-1.76509e6,4.42838e-9
1457501010,23565042.54623761,26326206.227825996,2761.164,4.03839e14,1.3142,3.57141e6,-1.77401e6,4.45078e-9
1457501040,23566868.960050184,26343889.07889204,2777.020,4.09359e14,2.6991,3.61391e6,-1.78285e6,4.47298e-9
1457501070,23568797.0518107,26361590.237427637,2792.793,4.06628e14,2.0138,3.61941e6,-1.79162e6,4.49500e-9
1457501100,23570826.744024172,26379309.319813147,2808.483,4.07249e14,2.1698,3.63978e6,-1.80031e6,4.51683e-9
1457501130,23572957.95512196,26397045.943567503,2824.088,4.04271e14,1.4227,3.64370e6,-1.80892e6,4.53846e-9
1457501160,23575190.599504378,26414799.727257043,2839.609,3.97767e14,0.2090,3.63125e6,-1.81746e6,4.55991e-9
1457501190,23577524.58751607,26432570.29060034,2855.046,4.04311e14,1.4327,3.67814e6,-1.82592e6,4.58116e-9
1457501220,23579959.82546663,26450357.25444308,2870.397,4.07612e14,2.2609,3.71023e6,-1.83431e6,4.60222e-9
1457501250,23582496.215640783,26468160.240764502,2885.664,4.00068e14,0.3682,3.69217e6,-1.84262e6,4.62309e-9
1457501280,23585133.656308852,26485978.872683898,2900.845,4.01072e14,0.6200,3.71333e6,-1.85085e6,4.64376e-9
1457501310,23587872.04173773,26503812.774466805,2915.941,4.09003e14,2.6099,3.76670e6,-1.85901e6,4.66425e-9
1457501340,23590711.262202326,26521661.571531076,2930.950,4.06756e14,2.0460,3.77255e6,-1.86708e6,4.68454e-9
1457501370,23593651.2039973,26539524.890452832,2945.874,3.67053e14,7.9146,3.60193e6,-1.87508e6,4.70463e-9
1457501400,23596691.749449372,26557402.35897221,2960.711,3.55034e14,10.9300,3.56038e6,-1.88301e6,4.72454e-9
1457501430,23599832.77694633,26575293.605967946,2975.461,3.89068e14,2.3916,3.73669e6,-1.89086e6,4.74425e-9
1457501460,23603074.160899527,26593198.261558615,2990.124,4.05165e14,1.6470,3.82874e6,-1.89863e6,4.76376e-9
1457501490,23606415.771808367,26611115.95701177,3004.700,4.13623e14,3.7688,3.88471e6,-1.90632e6,4.78308e-9
1457501520,23609857.47625779,26629046.324779946,3019.189,4.07306e14,2.1841,3.86990e6,-1.91393e6,4.80221e-9
1457501550,23613399.136932705,26646988.998505395,3033.590,4.01543e14,0.7381,3.85737e6,-1.92147e6,4.82115e-9
1457501580,23617040.612632856,26664943.61302467,3047.903,4.14744e14,4.0500,3.93624e6,-1.92893e6,4.83988e-9
1457501610,23620781.75828809,26682909.804373052,3062.128,4.16643e14,4.5265,3.96055e6,-1.93632e6,4.85843e-9
1457501640,23624622.424973935,26700887.20978883,3076.265,3.91941e14,1.6706,3.85503e6,-1.94362e6,4.87678e-9
1457501670,23628562.459927633,26718875.46771741,3090.313,4.03059e14,1.1185,3.92380e6,-1.95085e6,4.89494e-9
1457501700,23632601.706564534,26736874.217815332,3104.273,4.24264e14,6.4383,4.04236e6,-1.95800e6,4.91290e-9
1457501730,23636740.004478637,26754883.100966398,3118.143,4.09887e14,2.8314,3.98609e6,-1.96507e6,4.93066e-9
1457501760,23640977.18950983,26772901.75924749,3131.925,4.01098e14,0.6265,3.95680e6,-1.97207e6,4.94824e-9
1457501790,23645313.093710907,26790929.835970365,3145.617,4.03110e14,1.1313,3.98068e6,-1.97899e6,4.96561e-9
1457501820,23649747.545381658,26808966.97567284,3159.219,4.02075e14,0.8717,3.98929e6,-1.98583e6,4.98280e-9
1457501850,23654280.36908693,26827012.824122265,3172.732,4.01048e14,0.6140,3.99775e6,-1.99259e6,4.99979e-9
1457501880,23658911.38567508,26845067.028318886,3186.156,4.09735e14,2.7933,4.05475e6,-1.99928e6,5.01658e-9
1457501910,23663640.41229675,26863129.236499146,3199.489,4.08540e14,2.4936,4.06214e6,-2.00589e6,5.03318e-9
1457501940,23668467.262423977,26881199.098138746,3212.732,4.00056e14,0.3652,4.03254e6,-2.01242e6,5.04959e-9
1457501970,23673391.745869674,26899276.263955764,3225.885,4.01586e14,0.7489,4.05322e6,-2.01887e6,5.06580e-9
1457502000,23678413.66880743,26917360.38591354,3238.947,4.09355e14,2.6980,4.10551e6,-2.02525e6,5.08181e-9
1457502030,23683532.833800357,26935451.117239513,3251.918,4.07917e14,2.3372,4.11096e6,-2.03155e6,5.09764e-9
1457502060,23688749.039794605,26953548.112378746,3264.799,4.05345e14,1.6920,4.11041e6,-2.03777e6,5.11327e-9
1457502090,23694062.082167454,26971651.02704571,3277.589,4.17868e14,4.8339,4.18704e6,-2.04392e6,5.12870e-9
1457502120,23699471.75273963,26989759.518211044,3290.288,4.11999e14,3.3613,4.16928e6,-2.04998e6,5.14394e-9
1457502150,23704977.839796837,27007873.24410401,3302.895,3.99218e14,0.1550,4.11554e6,-2.05598e6,5.15899e-9
1457502180,23710580.12811159,27025991.864214953,3315.412,3.94865e14,0.9373,4.10486e6,-2.06189e6,5.17385e-9
1457502210,23716278.398965392,27044115.039297573,3327.837,4.06980e14,2.1022,4.17935e6,-2.06773e6,5.18851e-9
1457502240,23722072.430171177,27062242.43137102,3340.170,4.16143e14,4.4009,4.23867e6,-2.07349e6,5.20298e-9
1457502270,23727961.996096056,27080373.703722008,3352.412,4.02456e14,0.9674,4.17889e6,-2.07917e6,5.21726e-9
1457502300,23733946.867684413,27098508.52090666,3364.562,4.10363e14,2.9509,4.23153e6,-2.08478e6,5.23134e-9
1457502330,23740026.812479716,27116646.54871336,3376.620,4.08634e14,2.5172,4.23369e6,-2.09031e6,5.24524e-9
1457502360,23746201.59465293,27134787.45428448,3388.586,3.95679e14,0.7330,4.17661e6,-2.09576e6,5.25894e-9
1457502390,23752470.97502144,27152930.90599766,3400.460,3.92461e14,1.5404,4.17037e6,-2.10114e6,5.27245e-9
1457502420,23758834.711074896,27171076.57350582,3412.242,3.92546e14,1.5190,4.18135e6,-2.10644e6,5.28576e-9
1457502450,23765292.556999613,27189224.12773817,3423.932,3.98140e14,0.1155,4.22137e6,-2.11167e6,5.29889e-9
1457502480,23771844.263703357,27207373.240901146,3435.529,3.90272e14,2.0894,4.18988e6,-2.11682e6,5.31183e-9
1457502510,23778489.57884025,27225523.586479183,3447.034,3.97586e14,0.2545,4.23887e6,-2.12189e6,5.32458e-9
1457502540,23785228.24683604,27243674.83923548,3458.447,4.07899e14,2.3327,4.30390e6,-2.12689e6,5.33713e-9
1457502570,23792060.008913532,27261826.67521256,3469.767,4.09413e14,2.7126,4.32197e6,-2.13182e6,5.34950e-9
1457502600,23798984.603118334,27279978.771732863,3480.994,4.05811e14,1.8090,4.31249e6,-2.13667e6,5.36168e-9
1457502630,23806001.76434445,27298130.807448894,3492.129,3.97298e14,0.3268,4.27639e6,-2.14144e6,5.37367e-9
1457502660,23813111.2243614,27316282.462190546,3503.171,4.02442e14,0.9639,4.31348e6,-2.14614e6,5.38547e-9
1457502690,23820312.711839877,27334433.417118747,3514.121,4.06321e14,1.9370,4.34371e6,-2.15076e6,5.39708e-9
1457502720,23827605.952378567,27352583.35467654,3524.977,3.96923e14,0.4208,4.30207e6,-2.15531e6,5.40851e-9
1457502750,23834990.66853094,27370731.958589643,3535.741,3.91693e14,1.7328,4.28266e6,-2.15978e6,5.41975e-9
1457502780,23842466.579832304,27388878.91386686,3546.412,4.06614e14,2.0104,4.37242e6,-2.16418e6,5.43080e-9
1457502810,23850033.402827024,27407023.90680062,3556.991,4.07907e14,2.3348,4.38820e6,-2.16851e6,5.44167e-9
1457502840,23857690.851095956,27425166.624967203,3567.476,3.92288e14,1.5836,4.31165e6,-2.17276e6,5.45235e-9
1457502870,23865438.635283966,27443306.757227015,3577.868,3.93621e14,1.2493,4.32722e6,-2.17694e6,5.46284e-9
1457502900,23873276.4631278,27461443.993724767,3588.168,4.06095e14,1.8802,4.40366e6,-2.18104e6,5.47315e-9
1457502930,23881204.039483838,27479578.025838837,3598.374,4.01410e14,0.7050,4.38612e6,-2.18507e6,5.48327e-9
1457502960,23889221.066356774,27497708.546337277,3608.487,4.04455e14,1.4688,4.41079e6,-2.18903e6,5.49322e-9
1457502990,23897327.2429272,27515835.249221403,3618.508,4.08638e14,2.5181,4.44164e6,-2.19291e6,5.50297e-9
1457503020,23905522.26558029,27533957.829775684,3628.436,4.03928e14,1.3366,4.42340e6,-2.19673e6,5.51255e-9
1457503050,23913805.82793443,27552075.984567076,3638.270,4.05328e14,1.6877,4.43866e6,-2.20047e6,5.52194e-9
1457503080,23922177.620869916,27570189.41144417,3648.012,3.98043e14,0.1398,4.40577e6,-2.20413e6,5.53115e-9
1457503110,23930637.332557894,27588297.809536353,3657.660,3.99321e14,0.1809,4.42004e6,-2.20773e6,5.54018e-9
1457503140,23939184.648489337,27606400.87925279,3667.216,4.05940e14,1.8413,4.46382e6,-2.21125e6,5.54903e-9
1457503170,23947819.251504257,27624498.322281446,3676.679,3.95487e14,0.7810,4.41270e6,-2.21470e6,5.55770e-9
1457503200,23956540.821820926,27642589.841587942,3686.049,3.96742e14,0.4664,4.42642e6,-2.21808e6,5.56619e-9
1457503230,23965349.03706235,27660675.141461086,3695.326,4.06067e14,1.8731,4.48501e6,-2.22139e6,5.57450e-9
1457503260,23974243.572295006,27678753.92736796,3704.510,4.00414e14,0.4549,4.45999e6,-2.22463e6,5.58264e-9
1457503290,23983224.10004934,27696825.906096477,3713.602,4.04053e14,1.3679,4.48669e6,-2.22779e6,5.59059e-9
1457503320,23992290.290352393,27714890.78570805,3722.600,4.12169e14,3.4040,4.53837e6,-2.23089e6,5.59837e-9
1457503350,24001441.81075771,27732948.27553643,3731.506,4.08990e14,2.6066,4.52670e6,-2.23392e6,5.60597e-9
1457503380,24010678.326375216,27750998.086186744,3740.320,4.06327e14,1.9385,4.51775e6,-2.23687e6,5.61340e-9
1457503410,24019999.499901284,27769039.929534417,3749.040,4.09742e14,2.7952,4.54277e6,-2.23976e6,5.62065e-9
1457503440,24029404.99164888,27787073.518723924,3757.669,3.96210e14,0.5998,4.47233e6,-2.24258e6,5.62772e-9
1457503470,24038894.459577695,27805098.56816764,3766.204,3.89120e14,2.3783,4.43787e6,-2.24532e6,5.63462e-9
1457503500,24048467.55932453,27823114.79354455,3774.647,4.04325e14,1.4362,4.52894e6,-2.24800e6,5.64135e-9
1457503530,24058123.94424513,27841121.911758598,3782.998,4.06278e14,1.9262,4.54524e6,-2.25061e6,5.64791e-9
1457503560,24067863.265409056,27859119.64106127,3791.256,3.94526e14,1.0222,4.48392e6,-2.25315e6,5.65429e-9
1457503590,24077685.171665803,27877107.700926058,3799.423,3.91371e14,1.8138,4.47098e6,-2.25563e6,5.66050e-9
1457503620,24087589.309663933,27895085.812086646,3807.497,3.96171e14,0.6095,4.50295e6,-2.25803e6,5.66655e-9
1457503650,24097575.323881716,27913053.69653496,3815.478,4.03858e14,1.3189,4.55122e6,-2.26037e6,5.67242e-9
1457503680,24107642.85665786,27931011.07751923,3823.368,4.07279e14,2.1773,4.57522e6,-2.26264e6,5.67812e-9
1457503710,24117791.548222285,27948957.679541837,3831.166,4.02368e14,0.9453,4.55177e6,-2.26484e6,5.68366e-9
1457503740,24128021.036726873,27966893.22835725,3838.872,3.91027e14,1.9001,4.49154e6,-2.26698e6,5.68902e-9
1457503770,24138330.95827628,27984817.45096978,3846.486,3.92554e14,1.5170,4.50434e6,-2.26905e6,5.69422e-9
1457503800,24148720.94695872,28002730.075631376,3854.009,4.01408e14,0.7044,4.55878e6,-2.27106e6,5.69926e-9
1457503830,24159190.63485662,28020630.831872284,3861.440,4.02275e14,0.9218,4.56762e6,-2.27299e6,5.70412e-9
1457503860,24169739.652139585,28038519.450397357,3868.780,3.98551e14,0.0125,4.55012e6,-2.27487e6,5.70883e-9
1457503890,24180367.627032954,28056395.663185056,3876.028,3.98844e14,0.0611,4.55542e6,-2.27667e6,5.71337e-9
1457503920,24191074.18586862,28074259.203452595,3883.185,4.08199e14,2.4080,4.61239e6,-2.27842e6,5.71774e-9
1457503950,24201858.95311556,28092109.80565377,3890.251,3.99748e14,0.2880,4.56744e6,-2.28009e6,5.72196e-9
1457503980,24212721.551410556,28109947.205476686,3897.226,4.02724e14,1.0345,4.58771e6,-2.28171e6,5.72601e-9
1457504010,24223661.60158875,28127771.139841575,3904.110,4.13528e14,3.7450,4.65273e6,-2.28326e6,5.72990e-9
1457504040,24234678.722714256,28145581.346898474,3910.903,3.98577e14,0.0060,4.57003e6,-2.28474e6,5.73363e-9
1457504070,24245772.532110672,28163377.566024974,3917.605,4.03560e14,1.2444,4.60147e6,-2.28616e6,5.73720e-9
1457504100,24256942.64539167,28181159.537823737,3924.217,4.08225e14,2.4146,4.63098e6,-2.28752e6,5.74061e-9
1457504130,24268188.67651702,28198927.00409377,3930.738,4.02836e14,1.0625,4.60265e6,-2.28882e6,5.74386e-9
1457504160,24279510.23774451,28216679.707909264,3937.169,4.08189e14,2.4055,4.63589e6,-2.29005e6,5.74696e-9
1457504190,24290906.939739075,28234417.39353581,3943.510,4.00190e14,0.3989,4.59228e6,-2.29122e6,5.74990e-9
1457504220,24302378.391577974,28252139.8064538,3949.761,4.02964e14,1.0948,4.61046e6,-2.29233e6,5.75269e-9
1457504250,24313924.200781364,28269846.693355776,3955.922,4.10098e14,2.8844,4.65362e6,-2.29338e6,5.75532e-9
1457504280,24325543.973342847,28287537.80214348,3961.994,3.98260e14,0.0855,4.58746e6,-2.29436e6,5.75779e-9
1457504310,24337237.313759964,28305212.881925106,3967.976,3.99320e14,0.1805,4.59542e6,-2.29529e6,5.76012e-9
1457504340,24349003.825064547,28322871.68301231,3973.868,4.00941e14,0.5871,4.60649e6,-2.29615e6,5.76229e-9
1457504370,24360843.10885316,28340513.956917204,3979.671,3.99792e14,0.2990,4.60148e6,-2.29696e6,5.76431e-9
1457504400,24372754.765317306,28358139.45634953,3985.385,4.11733e14,3.2946,4.67182e6,-2.29770e6,5.76618e-9
1457504430,24384738.39324828,28375747.93523418,3991.010,4.04703e14,1.5309,4.63267e6,-2.29839e6,5.76790e-9
1457504460,24396793.59014551,28393339.14864455,3996.546,3.97212e14,0.3483,4.59071e6,-2.29901e6,5.76947e-9
1457504490,24408919.952168155,28410912.852863222,4001.993,4.06678e14,2.0264,4.64647e6,-2.29958e6,5.77089e-9
1457504520,24421117.074190207,28428468.80535837,4007.352,4.06555e14,1.9956,4.64679e6,-2.30009e6,5.77216e-9
1457504550,24433384.549830142,28446006.764780898,4012.622,4.02606e14,1.0048,4.62489e6,-2.30054e6,5.77329e-9
1457504580,24445721.971480414,28463526.490961403,4017.805,4.09989e14,2.8572,4.66832e6,-2.30093e6,5.77427e-9
1457504610,24458128.930336986,28481027.74490717,4022.899,4.14507e14,3.9906,4.69508e6,-2.30126e6,5.77511e-9
1457504640,24470605.01642856,28498510.288799237,4027.905,4.03362e14,1.1946,4.63128e6,-2.30154e6,5.77580e-9
1457504670,24483149.81864585,28515973.885989256,4032.824,3.96727e14,0.4701,4.59339e6,-2.30176e6,5.77635e-9
1457504700,24495762.92477072,28533418.30099643,4037.655,4.06312e14,1.9346,4.64908e6,-2.30192e6,5.77676e-9
1457504730,24508443.92152798,28550843.299490947,4042.399,4.03123e14,1.1346,4.63088e6,-2.30203e6,5.77703e-9
1457504760,24521192.394543827,28568248.64833252,4047.056,3.95539e14,0.7679,4.58717e6,-2.30208e6,5.77716e-9
1457504790,24534007.928445492,28585634.115525436,4051.626,3.94182e14,1.1086,4.57931e6,-2.30207e6,5.77714e-9
1457504820,24546890.10686706,28602999.4702288,4056.109,4.03773e14,1.2977,4.63461e6,-2.30201e6,5.77699e-9
1457504850,24559838.51247823,28620344.482753184,4060.506,4.08634e14,2.5171,4.66245e6,-2.30190e6,5.77670e-9
1457504880,24572852.72701288,28637668.9245573,4064.816,4.03161e14,1.1441,4.63049e6,-2.30173e6,5.77627e-9
1457504910,24585932.331297606,28654972.568244636,4069.040,3.98864e14,0.0662,4.60523e6,-2.30150e6,5.77571e-9
1457504940,24599076.905279938,28672255.187560055,4073.178,3.99236e14,0.1595,4.60682e6,-2.30123e6,5.77501e-9
1457504970,24612286.028056607,28689516.557386335,4077.231,4.08685e14,2.5299,4.66071e6,-2.30089e6,5.77418e-9
1457505000,24625559.277901515,28706756.45374077,4081.197,4.08183e14,2.4041,4.65704e6,-2.30051e6,5.77321e-9
1457505030,24638896.232274335,28723974.65377758,4085.078,4.00380e14,0.4464,4.61111e6,-2.30007e6,5.77211e-9
1457505060,24652296.46790802,28741170.93576616,4088.874,4.01904e14,0.8289,4.61892e6,-2.29958e6,5.77088e-9
1457505090,24665759.56077618,28758345.079105943,4092.586,3.94485e14,1.0324,4.57503e6,-2.29904e6,5.76952e-9
1457505120,24679285.086139876,28775496.86431694,4096.212,3.83873e14,3.6947,4.51264e6,-2.29845e6,5.76802e-9
1457505150,24692872.61857478,28792626.073036257,4099.753,3.87028e14,2.9032,4.52956e6,-2.29780e6,5.76640e-9
1457505180,24706521.73199808,28809732.48801457,4103.211,3.89733e14,2.2247,4.54378e6,-2.29711e6,5.76465e-9
1457505210,24720231.999695342,28826815.893112674,4106.584,3.94022e14,1.1487,4.56702e6,-2.29636e6,5.76277e-9
1457505240,24734002.99434711,28843876.07329783,4109.873,3.98826e14,0.0565,4.59310e6,-2.29556e6,5.76077e-9
1457505270,24747834.288055398,28860912.81464026,4113.079,4.09288e14,2.6813,4.65165e6,-2.29471e6,5.75864e-9
1457505300,24761725.452370044,28877925.90430964,4116.200,4.02920e14,1.0836,4.61317e6,-2.29382e6,5.75638e-9
1457505330,24775676.058331884,28894915.130568843,4119.239,3.91306e14,1.8301,4.54444e6,-2.29287e6,5.75400e-9
1457505360,24789685.676446117,28911880.282778423,4122.195,3.93024e14,1.3990,4.55235e6,-2.29187e6,5.75150e-9
1457505390,24803753.876761146,28928821.15138492,4125.067,3.93063e14,1.3892,4.55050e6,-2.29083e6,5.74888e-9
1457505420,24817880.22887717,28945737.52791986,4127.857,4.00876e14,0.5708,4.59322e6,-2.28974e6,5.74613e-9
1457505450,24832064.30197181,28962629.20499609,4130.565,4.02872e14,1.0717,4.60240e6,-2.28859e6,5.74326e-9
1457505480,24846305.66482562,28979495.976304185,4133.190,4.01919e14,0.8326,4.59453e6,-2.28741e6,5.74028e-9
1457505510,24860603.885847315,28996337.636608753,4135.734,4.02266e14,0.9195,4.59404e6,-2.28617e6,5.73717e-9
1457505540,24874958.53309893,29013153.981744822,4138.195,3.89203e14,2.3576,4.51656e6,-2.28489e6,5.73395e-9
1457505570,24889369.174320687,29029944.808614124,4140.576,3.91424e14,1.8003,4.52666e6,-2.28356e6,5.73061e-9
1457505600,24903835.376955736,29046709.91518142,4142.875,3.96863e14,0.4360,4.55508e6,-2.28218e6,5.72715e-9
1457505630,24918356.708161015,29063449.100475796,4145.092,3.99157e14,0.1395,4.56537e6,-2.28076e6,5.72358e-9
1457505660,24932932.734873816,29080162.164571706,4147.229,3.99254e14,0.1639,4.56298e6,-2.27929e6,5.71989e-9
1457505690,24947563.023793537,29096848.908600677,4149.286,3.99553e14,0.2389,4.56166e6,-2.27778e6,5.71609e-9
1457505720,24962247.141419243,29113509.13474258,4151.262,3.95722e14,0.7222,4.53666e6,-2.27623e6,5.71218e-9
1457505750,24976984.654073317,29130142.64622202,4153.158,3.94371e14,1.0612,4.52575e6,-2.27462e6,5.70816e-9
1457505780,24991775.127924833,29146749.247304637,4154.974,4.01988e14,0.8499,4.56593e6,-2.27298e6,5.70402e-9
1457505810,25006618.129012905,29163328.743293416,4156.711,4.02103e14,0.8788,4.56319e6,-2.27129e6,5.69978e-9
1457505840,25021513.22326963,29179880.940524943,4158.368,3.98245e14,0.0893,4.53773e6,-2.26956e6,5.69542e-9
1457505870,25036459.97654298,29196405.646365773,4159.946,3.98220e14,0.0953,4.53403e6,-2.26778e6,5.69096e-9
1457505900,25051457.95461936,29212902.66920862,4161.445,4.01252e14,0.6651,4.54763e6,-2.26596e6,5.68639e-9
1457505930,25066506.723254103,29229371.81846111,4162.865,3.93784e14,1.2083,4.50147e6,-2.26410e6,5.68171e-9
1457505960,25081605.848169193,29245812.90456546,4164.207,3.91632e14,1.7483,4.48546e6,-2.26219e6,5.67693e-9
1457505990,25096754.895099785,29262225.73897108,4165.471,4.00488e14,0.4736,4.53183e6,-2.26025e6,5.67204e-9
1457506020,25111953.42980822,29278610.134138454,4166.657,4.04060e14,1.3697,4.54809e6,-2.25826e6,5.66705e-9
1457506050,25127201.018105756,29294965.903535306,4167.765,3.89529e14,2.2757,4.46173e6,-2.25623e6,5.66195e-9
1457506080,25142497.225874025,29311292.861632783,4168.796,3.94324e14,1.0729,4.48476e6,-2.25417e6,5.65675e-9
1457506110,25157841.619086415,29327590.8239016,4169.749,4.08672e14,2.5266,4.56165e6,-2.25206e6,5.65145e-9
1457506140,25173233.763829168,29343859.60680824,4170.626,3.97859e14,0.1861,4.49624e6,-2.24991e6,5.64605e-9
1457506170,25188673.226322323,29360099.027811073,4171.426,3.89322e14,2.3277,4.44371e6,-2.24772e6,5.64055e-9
1457506200,25204159.572940387,29376308.90535658,4172.149,3.95493e14,0.7797,4.47407e6,-2.24549e6,5.63495e-9
1457506230,25219692.370233275,29392489.058881283,4172.797,3.96077e14,0.6332,4.47284e6,-2.24322e6,5.62926e-9
1457506260,25235271.184945457,29408639.308790002,4173.368,3.92528e14,1.5235,4.44828e6,-2.24091e6,5.62346e-9
1457506290,25250895.584037263,29424759.4764701,4173.864,3.92982e14,1.4096,4.44617e6,-2.23857e6,5.61757e-9
1457506320,25266565.134704378,29440849.38428184,4174.284,4.01205e14,0.6533,4.48758e6,-2.23619e6,5.61158e-9
1457506350,25282279.404397566,29456908.8555546,4174.629,4.06297e14,1.9309,4.51127e6,-2.23377e6,5.60550e-9
1457506380,25298037.96084209,29472937.714583114,4174.900,4.09408e14,2.7113,4.52372e6,-2.23131e6,5.59933e-9
1457506410,25313840.372057088,29488935.78662377,4175.095,4.10641e14,3.0206,4.52555e6,-2.22881e6,5.59306e-9
1457506440,25329686.206374567,29504902.89789074,4175.217,3.99880e14,0.3210,4.46029e6,-2.22628e6,5.58670e-9
1457506470,25345575.03245822,29520838.875552326,4175.264,3.99631e14,0.2584,4.45375e6,-2.22371e6,5.58024e-9
1457506500,25361506.41932213,29536743.54772714,4175.237,3.97610e14,0.2485,4.43726e6,-2.22111e6,5.57370e-9
1457506530,25377479.936343577,29552616.74347933,4175.137,3.91831e14,1.6984,4.39981e6,-2.21847e6,5.56706e-9
1457506560,25393495.15329845,29568458.29281813,4174.963,4.00744e14,0.5377,4.44406e6,-2.21579e6,5.56034e-9
1457506590,25409551.640361957,29584268.02669078,4174.716,3.98107e14,0.1237,4.42398e6,-2.21308e6,5.55353e-9
1457506620,25425648.968131997,29600045.776979823,4174.397,3.94865e14,0.9371,4.40050e6,-2.21033e6,5.54663e-9
1457506650,25441786.70764662,29615791.376499407,4174.005,3.98258e14,0.0858,4.41376e6,-2.20755e6,5.53965e-9
1457506680,25457964.430401333,29631504.658991493,4173.540,4.07305e14,2.1838,4.45818e6,-2.20474e6,5.53257e-9
1457506710,25474181.708366282,29647185.459122133,4173.004,4.08600e14,2.5087,4.45957e6,-2.20189e6,5.52542e-9
1457506740,25490438.11400307,29662833.612477694,4172.395,3.99657e14,0.2650,4.40438e6,-2.19900e6,5.51818e-9
1457506770,25506733.220281396,29678448.9555611,4171.716,3.93628e14,1.2474,4.36531e6,-2.19609e6,5.51085e-9
1457506800,25523066.60069563,29694031.325788137,4170.965,3.94067e14,1.1374,4.36186e6,-2.19314e6,5.50344e-9
1457506830,25539437.82928542,29709580.5614827,4170.143,4.03168e14,1.1459,4.40595e6,-2.19016e6,5.49595e-9
1457506860,25555846.480638154,29725096.501876023,4169.250,3.99513e14,0.2289,4.37982e6,-2.18714e6,5.48838e-9
1457506890,25572292.12991847,29740578.987099953,4168.287,4.03806e14,1.3061,4.39725e6,-2.18410e6,5.48073e-9
1457506920,25588774.352879513,29756027.858184155,4167.254,4.08961e14,2.5991,4.41926e6,-2.18102e6,5.47300e-9
1457506950,25605292.725878417,29771442.95705239,4166.150,4.07823e14,2.3137,4.40674e6,-2.17791e6,5.46519e-9
1457506980,25621846.8258916,29786824.12651871,4164.977,4.11129e14,3.1430,4.41843e6,-2.17477e6,5.45730e-9
1457507010,25638436.230529845,29802171.210283846,4163.735,4.02088e14,0.8750,4.36271e6,-2.17160e6,5.44934e-9
1457507040,25655060.518053163,29817484.052931335,4162.424,3.96437e14,0.5427,4.32553e6,-2.16840e6,5.44129e-9
1457507070,25671719.267385542,29832762.499923877,4161.043,4.00072e14,0.3692,4.33883e6,-2.16517e6,5.43318e-9
1457507100,25688412.058129314,29848006.39759958,4159.594,4.00341e14,0.4366,4.33375e6,-2.16191e6,5.42498e-9
1457507130,25705138.470580265,29863215.593164843,4158.077,4.04631e14,1.5129,4.35039e6,-2.15861e6,5.41672e-9
1457507160,25721898.08573941,29878389.934701145,4156.492,4.09128e14,2.6412,4.36801e6,-2.15529e6,5.40837e-9
1457507190,25738690.485329237,29893529.271150853,4154.839,4.04372e14,1.4479,4.33554e6,-2.15194e6,5.39996e-9
1457507220,25755515.251806587,29908633.452316828,4153.118,4.03468e14,1.2212,4.32385e6,-2.14857e6,5.39147e-9
1457507250,25772371.968376163,29923702.328858837,4151.330,4.01468e14,0.7194,4.30623e6,-2.14516e6,5.38292e-9
1457507280,25789260.2190038,29938735.752289746,4149.476,4.02215e14,0.9069,4.30334e6,-2.14172e6,5.37429e-9
1457507310,25806179.58842962,29953733.57497192,4147.554,3.97211e14,0.3486,4.26953e6,-2.13826e6,5.36559e-9
1457507340,25823129.662180826,29968695.650113508,4145.566,3.91947e14,1.6691,4.23436e6,-2.13477e6,5.35682e-9
1457507370,25840110.02658448,29983621.831764832,4143.512,4.05304e14,1.6817,4.29881e6,-2.13125e6,5.34798e-9
1457507400,25857120.268779907,29998511.97481472,4141.392,4.04452e14,1.4679,4.28711e6,-2.12771e6,5.33908e-9
1457507430,25874159.976726174,30013365.934998963,4139.206,4.04055e14,1.3685,4.27779e6,-2.12414e6,5.33011e-9
1457507460,25891228.739229318,30028183.568859417,4136.955,4.10310e14,2.9376,4.30382e6,-2.12054e6,5.32107e-9
1457507490,25908326.145938966,30042964.73377789,4134.639,4.06583e14,2.0027,4.27667e6,-2.11691e6,5.31197e-9
1457507520,25925451.787364922,30057709.287960436,4132.258,3.97211e14,0.3485,4.21959e6,-2.11326e6,5.30280e-9
1457507550,25942605.2548887,30072417.09043396,4129.812,3.97219e14,0.3466,4.21229e6,-2.10959e6,5.29357e-9
1457507580,25959786.14077482,30087088.001042664,4127.302,4.12766e14,3.5537,4.28705e6,-2.10589e6,5.28427e-9
1457507610,25976994.038181916,30101721.880444612,4124.728,4.09552e14,2.7474,4.26251e6,-2.10216e6,5.27491e-9
1457507640,25994228.541173674,30116318.590108298,4122.090,4.05783e14,1.8020,4.23505e6,-2.09841e6,5.26549e-9
1457507670,26011489.24472956,30130877.99230904,4119.389,4.09736e14,2.7937,4.24821e6,-2.09463e6,5.25601e-9
1457507700,26028775.744755417,30145399.95012568,4116.624,4.00452e14,0.4646,4.19179e6,-2.09083e6,5.24646e-9
1457507730,26046087.638103895,30159884.327418916,4113.797,4.01292e14,0.6752,4.18852e6,-2.08701e6,5.23686e-9
1457507760,26063424.522553444,30174330.988883715,4110.906,4.07058e14,2.1217,4.21093e6,-2.08316e6,5.22719e-9
1457507790,26080785.996849794,30188739.799989723,4107.954,4.07040e14,2.1173,4.20301e6,-2.07929e6,5.21747e-9
1457507820,26098171.660705715,30203110.62699587,4104.939,4.12255e14,3.4256,4.22229e6,-2.07539e6,5.20769e-9
1457507850,26115581.114810657,30217443.33694678,4101.862,4.12947e14,3.5993,4.21791e6,-2.07148e6,5.19785e-9
1457507880,26133013.96084031,30231737.7976691,4098.724,4.00739e14,0.5365,4.14655e6,-2.06754e6,5.18795e-9
1457507910,26150469.801466048,30245993.87776802,4095.524,4.01505e14,0.7287,4.14257e6,-2.06357e6,5.17800e-9
1457507940,26167948.240363996,30260211.446623623,4092.263,3.98938e14,0.0846,4.12130e6,-2.05959e6,5.16799e-9
1457507970,26185448.882224094,30274390.37438735,4088.941,3.97821e14,0.1955,4.10752e6,-2.05558e6,5.15793e-9
1457508000,26202971.332758877,30288530.53197845,4085.559,3.95723e14,0.7220,4.08866e6,-2.05155e6,5.14781e-9
1457508030,26220515.19869162,30302631.79109498,4082.117,3.91173e14,1.8635,4.05721e6,-2.04751e6,5.13764e-9
1457508060,26238080.08782802,30316694.024165474,4078.614,4.00189e14,0.3985,4.09537e6,-2.04343e6,5.12742e-9
1457508090,26255665.609000932,30330717.10439046,4075.051,4.04490e14,1.4777,4.10918e6,-2.03934e6,5.11714e-9
1457508120,26273271.37209891,30344700.90572462,4071.430,4.02306e14,0.9297,4.08973e6,-2.03523e6,5.10681e-9
1457508150,26290896.988073938,30358645.30287331,4067.748,4.00398e14,0.4511,4.07170e6,-2.03110e6,5.09643e-9
1457508180,26308542.0689491,30372550.171289314,4064.008,4.04765e14,1.5466,4.08558e6,-2.02694e6,5.08600e-9
1457508210,26326206.227825996,30386415.38716964,4060.209,3.99349e14,0.1877,4.04967e6,-2.02277e6,5.07552e-9
1457508240,26343889.07889204,30400240.82745208,4056.352,3.96686e14,0.4802,4.02779e6,-2.01858e6,5.06499e-9
1457508270,26361590.237427637,30414026.369812112,4052.436,3.96855e14,0.4378,4.02024e6,-2.01437e6,5.05441e-9
1457508300,26379309.319813147,30427771.89265952,4048.463,3.96820e14,0.4467,4.01161e6,-2.01013e6,5.04378e-9
1457508330,26397045.943567503,30441477.27513495,4044.431,3.89642e14,2.2476,3.96699e6,-2.00588e6,5.03311e-9
1457508360,26414799.727257043,30455142.397107676,4040.343,3.98064e14,0.1347,4.00084e6,-2.00161e6,5.02239e-9
1457508390,26432570.29060034,30468767.139171332,4036.197,4.04442e14,1.4655,4.02423e6,-1.99733e6,5.01162e-9
1457508420,26450357.25444308,30482351.382641066,4031.994,3.85150e14,3.3744,3.91908e6,-1.99302e6,5.00080e-9
1457508450,26468160.240764502,30495895.00955032,4027.735,3.89685e14,2.2368,3.93320e6,-1.98869e6,4.98994e-9
1457508480,26485978.872683898,30509397.90264763,4023.419,3.97247e14,0.3395,3.96226e6,-1.98435e6,4.97904e-9
1457508510,26503812.774466805,30522859.945393447,4019.047,3.90473e14,2.0389,3.91990e6,-1.97999e6,4.96809e-9
1457508540,26521661.571531076,30536281.02195697,4014.619,3.90353e14,2.0690,3.91063e6,-1.97562e6,4.95710e-9
1457508570,26539524.890452832,30549661.01721289,4010.136,3.95999e14,0.6526,3.92986e6,-1.97122e6,4.94606e-9
1457508600,26557402.35897221,30562999.816738233,4005.597,4.15520e14,4.2448,4.01740e6,-1.96681e6,4.93498e-9
1457508630,26575293.605967946,30576297.306791667,4001.004,4.17467e14,4.7331,4.01793e6,-1.96238e6,4.92386e-9
1457508660,26593198.261558615,30589553.374364298,3996.355,4.01594e14,0.7511,3.93085e6,-1.95794e6,4.91270e-9
1457508690,26611115.95701177,30602767.90712235,3991.652,3.95609e14,0.7504,3.89255e6,-1.95348e6,4.90150e-9
1457508720,26629046.324779946,30615940.7934213,3986.894,4.04020e14,1.3597,3.92476e6,-1.94900e6,4.89026e-9
1457508750,26646988.998505395,30629071.92230267,3982.083,4.08099e14,2.3829,3.93561e6,-1.94450e6,4.87897e-9
1457508780,26664943.61302467,30642161.183490716,3977.218,3.88707e14,2.4820,3.83209e6,-1.94000e6,4.86765e-9
1457508810,26682909.804373052,30655208.46738915,3972.299,3.85008e14,3.4101,3.80518e6,-1.93547e6,4.85629e-9
1457508840,26700887.20978883,30668213.665077936,3967.326,4.00720e14,0.5318,3.87238e6,-1.93093e6,4.84489e-9
1457508870,26718875.46771741,30681176.668309994,3962.301,4.09996e14,2.8588,3.90807e6,-1.92638e6,4.83345e-9
1457508900,26736874.217815332,30694097.3695081,3957.223,4.03090e14,1.1263,3.86550e6,-1.92181e6,4.82198e-9
1457508930,26754883.100966398,30706975.66178981,3952.093,3.95778e14,0.7082,3.82110e6,-1.91722e6,4.81046e-9
1457508960,26772901.75924749,30719811.43887746,3946.910,3.93777e14,1.2100,3.80233e6,-1.91262e6,4.79892e-9
1457508990,26790929.835970365,30732604.595182307,3941.675,4.01861e14,0.8181,3.83186e6,-1.90801e6,4.78733e-9
1457509020,26808966.97567284,30745355.025773376,3936.388,3.98919e14,0.0798,3.80851e6,-1.90338e6,4.77571e-9
1457509050,26827012.824122265,30758062.626374606,3931.050,3.89594e14,2.2594,3.75480e6,-1.89874e6,4.76406e-9
1457509080,26845067.028318886,30770727.293362048,3925.660,3.90241e14,2.0971,3.74866e6,-1.89409e6,4.75237e-9
1457509110,26863129.236499146,30783348.92376104,3920.220,3.91675e14,1.7373,3.74622e6,-1.88942e6,4.74065e-9
1457509140,26881199.098138746,30795927.41524341,3914.728,3.92106e14,1.6294,3.73897e6,-1.88474e6,4.72890e-9
1457509170,26899276.263955764,30808462.666124724,3909.186,3.98667e14,0.0167,3.76060e6,-1.88005e6,4.71711e-9
1457509200,26917360.38591354,30820954.575361438,3903.594,3.92203e14,1.6051,3.72076e6,-1.87534e6,4.70529e-9
1457509230,26935451.117239513,30833403.042523548,3897.952,3.84591e14,3.5146,3.67567e6,-1.87062e6,4.69343e-9
1457509260,26953548.112378746,30845807.96786782,3892.260,4.08298e14,2.4328,3.77735e6,-1.86589e6,4.68155e-9
1457509290,26971651.02704571,30858169.252258673,3886.518,4.14601e14,4.0141,3.79717e6,-1.86114e6,4.66964e-9
1457509320,26989759.518211044,30870486.79718992,3880.727,4.01081e14,0.6222,3.72449e6,-1.85638e6,4.65769e-9
1457509350,27007873.24410401,30882760.504781842,3874.887,4.00859e14,0.5666,3.71389e6,-1.85161e6,4.64572e-9
1457509380,27025991.864214953,30894990.277778167,3868.998,4.07690e14,2.2803,3.73595e6,-1.84683e6,4.63371e-9
1457509410,27044115.039297573,30907176.01954323,3863.061,3.92216e14,1.6018,3.65473e6,-1.84204e6,4.62168e-9
1457509440,27062242.43137102,30919317.634058915,3857.075,3.95027e14,0.8966,3.65816e6,-1.83724e6,4.60961e-9
1457509470,27080373.703722008,30931415.025921736,3851.041,4.20242e14,5.4294,3.76449e6,-1.83242e6,4.59752e-9
1457509500,27098508.52090666,30943468.100339957,3844.960,4.00680e14,0.5218,3.66487e6,-1.82759e6,4.58540e-9
1457509530,27116646.54871336,30955476.763140224,3838.830,3.81978e14,4.1703,3.56964e6,-1.82276e6,4.57326e-9
1457509560,27134787.45428448,30967440.92073503,3832.653,3.89655e14,2.2441,3.59516e6,-1.81791e6,4.56108e-9
1457509590,27152930.90599766,30979360.48014966,3826.430,3.91351e14,1.8186,3.59326e6,-1.81305e6,4.54888e-9
1457509620,27171076.57350582,30991235.349009726,3820.159,3.93129e14,1.3726,3.59167e6,-1.80818e6,4.53665e-9
1457509650,27189224.12773817,31003065.435538426,3813.841,3.96290e14,0.5796,3.59628e6,-1.80330e6,4.52440e-9
1457509680,27207373.240901146,31014850.648553718,3807.477,4.04133e14,1.3880,3.62191e6,-1.79841e6,4.51212e-9
1457509710,27225523.586479183,31026590.897465743,3801.067,4.05158e14,1.6452,3.61665e6,-1.79351e6,4.49982e-9
1457509740,27243674.83923548,31038286.092273965,3794.611,3.96808e14,0.4496,3.56927e6,-1.78860e6,4.48749e-9
1457509770,27261826.67521256,31049936.14356462,3788.109,3.94739e14,0.9687,3.55019e6,-1.78368e6,4.47514e-9
1457509800,27279978.771732863,31061540.962507978,3781.562,3.96774e14,0.4582,3.54946e6,-1.77875e6,4.46277e-9
1457509830,27298130.807448894,31073100.460862983,3774.970,3.90041e14,2.1473,3.50964e6,-1.77381e6,4.45037e-9
1457509860,27316282.462190546,31084614.550952405,3768.332,3.87797e14,2.7103,3.48989e6,-1.76887e6,4.43795e-9
1457509890,27334433.417118747,31096083.14568247,3761.650,3.96612e14,0.4988,3.51912e6,-1.76391e6,4.42550e-9
1457509920,27352583.35467654,31107506.158533186,3754.923,3.89530e14,2.2755,3.47796e6,-1.75894e6,4.41304e-9
1457509950,27370731.958589643,31118883.503555782,3748.152,3.94591e14,1.0059,3.49039e6,-1.75397e6,4.40055e-9
1457509980,27388878.91386686,31130215.095370233,3741.336,4.00998e14,0.6016,3.50858e6,-1.74899e6,4.38804e-9
1457510010,27407023.90680062,31141500.849162813,3734.477,4.02362e14,0.9437,3.50453e6,-1.74400e6,4.37551e-9
1457510040,27425166.624967203,31152740.680683494,3727.574,4.06562e14,1.9974,3.51281e6,-1.73900e6,4.36296e-9
1457510070,27443306.757227015,31163934.50624362,3720.628,4.00619e14,0.5063,3.47683e6,-1.73399e6,4.35038e-9
1457510100,27461443.993724767,31175082.24271331,3713.638,3.94345e14,1.0677,3.43956e6,-1.72897e6,4.33779e-9
1457510130,27479578.025838837,31186183.80750276,3706.606,3.95466e14,0.7864,3.43441e6,-1.72395e6,4.32518e-9
1457510160,27497708.546337277,31197239.118610114,3699.531,3.92359e14,1.5658,3.41099e6,-1.71892e6,4.31255e-9
1457510190,27515835.249221403,31208248.094568405,3692.413,3.93091e14,1.3822,3.40413e6,-1.71388e6,4.29990e-9
1457510220,27533957.829775684,31219210.654459428,3685.253,3.96999e14,0.4016,3.41086e6,-1.70883e6,4.28723e-9
1457510250,27552075.984567076,31230126.717911135,3678.051,3.91491e14,1.7837,3.37722e6,-1.70378e6,4.27454e-9
1457510280,27570189.41144417,31240996.205095045,3670.807,3.99990e14,0.3486,3.40341e6,-1.69872e6,4.26184e-9
1457510310,27588297.809536353,31251819.036723852,3663.521,4.12961e14,3.6029,3.44837e6,-1.69365e6,4.24912e-9
1457510340,27606400.87925279,31262595.134048693,3656.194,3.99460e14,0.2156,3.38084e6,-1.68858e6,4.23638e-9
1457510370,27624498.322281446,31273324.41885676,3648.826,3.99389e14,0.1978,3.37036e6,-1.68350e6,4.22362e-9
1457510400,27642589.841587942,31284006.813468788,3641.417,4.07461e14,2.2228,3.39416e6,-1.67841e6,4.21085e-9
1457510430,27660675.141461086,31294642.24075223,3633.967,4.00070e14,0.3687,3.35283e6,-1.67332e6,4.19806e-9
1457510460,27678753.92736796,31305230.62407039,3626.477,4.01550e14,0.7400,3.34880e6,-1.66821e6,4.18525e-9
1457510490,27696825.906096477,31315771.88732871,3618.946,4.07423e14,2.2134,3.36305e6,-1.66311e6,4.17243e-9
1457510520,27714890.78570805,31326265.954956636,3611.375,4.04365e14,1.4463,3.33999e6,-1.65799e6,4.15959e-9
1457510550,27732948.27553643,31336712.75190535,3603.764,4.01451e14,0.7151,3.31759e6,-1.65288e6,4.14674e-9
1457510580,27750998.086186744,31347112.20364551,3596.114,4.05287e14,1.6776,3.32316e6,-1.64775e6,4.13387e-9
1457510610,27769039.929534417,31357464.23616503,3588.424,3.99341e14,0.1858,3.28830e6,-1.64262e6,4.12099e-9
1457510640,27787073.518723924,31367768.775966812,3580.695,4.05470e14,1.7234,3.30319e6,-1.63748e6,4.10810e-9
1457510670,27805098.56816764,31378025.75006656,3572.927,4.12614e14,3.5157,3.32207e6,-1.63234e6,4.09519e-9
1457510700,27823114.79354455,31388235.085990533,3565.120,4.01813e14,0.8061,3.26750e6,-1.62719e6,4.08227e-9
1457510730,27841121.911758598,31398396.711762756,3557.275,4.05495e14,1.7297,3.27213e6,-1.62204e6,4.06933e-9
1457510760,27859119.64106127,31408510.55593578,3549.391,4.22139e14,5.9054,3.32924e6,-1.61688e6,4.05638e-9
1457510790,27877107.700926058,31418576.54755528,3541.469,4.20830e14,5.5770,3.31332e6,-1.61172e6,4.04342e-9
1457510820,27895085.812086646,31428594.616168614,3533.509,4.04561e14,1.4955,3.23712e6,-1.60655e6,4.03045e-9
1457510850,27913053.69653496,31438564.691822562,3525.511,3.95298e14,0.8285,3.18948e6,-1.60138e6,4.01746e-9
1457510880,27931011.07751923,31448486.705061175,3517.476,3.97107e14,0.3748,3.18640e6,-1.59620e6,4.00447e-9
1457510910,27948957.679541837,31458360.58692355,3509.403,4.01306e14,0.6788,3.19282e6,-1.59102e6,3.99146e-9
1457510940,27966893.22835725,31468186.268941622,3501.293,4.13056e14,3.6267,3.22915e6,-1.58583e6,3.97844e-9
1457510970,27984817.45096978,31477963.683138017,3493.146,4.12655e14,3.5261,3.21699e6,-1.58064e6,3.96541e-9
1457511000,28002730.075631376,31487692.762023836,3484.963,4.03421e14,1.2095,3.16991e6,-1.57545e6,3.95236e-9
1457511030,28020630.831872284,31497373.43860395,3476.743,4.04020e14,1.3597,3.16181e6,-1.57025e6,3.93931e-9
1457511060,28038519.450397357,31507005.646352086,3468.486,3.98843e14,0.0610,3.13100e6,-1.56504e6,3.92625e-9
1457511090,28056395.663185056,31516589.319231696,3460.194,3.98842e14,0.0606,3.12057e6,-1.55984e6,3.91318e-9
1457511120,28074259.203452595,31526124.391686406,3451.865,3.97649e14,0.2386,3.10549e6,-1.55462e6,3.90009e-9
1457511150,28092109.80565377,31535610.798638035,3443.501,4.02942e14,1.0893,3.11565e6,-1.54941e6,3.88700e-9
1457511180,28109947.205476686,31545048.47548454,3435.101,4.08395e14,2.4573,3.12627e6,-1.54419e6,3.87390e-9
1457511210,28127771.139841575,31554437.358098067,3426.666,4.00658e14,0.5162,3.08582e6,-1.53897e6,3.86079e-9
1457511240,28145581.346898474,31563777.382822897,3418.196,4.14946e14,4.1008,3.13032e6,-1.53374e6,3.84767e-9
1457511270,28163377.566024974,31573068.486473516,3409.691,4.06804e14,2.0581,3.08842e6,-1.52851e6,3.83454e-9
1457511300,28181159.537823737,31582310.606332593,3401.151,3.88379e14,2.5643,3.00743e6,-1.52328e6,3.82141e-9
1457511330,28198927.00409377,31591503.68014281,3392.577,3.97490e14,0.2785,3.03179e6,-1.51804e6,3.80826e-9
1457511360,28216679.707909264,31600647.646124236,3383.968,3.94129e14,1.1218,3.00856e6,-1.51280e6,3.79511e-9
1457511390,28234417.39353581,31609742.4429529,3375.325,3.97553e14,0.2628,3.01108e6,-1.50756e6,3.78195e-9
1457511420,28252139.8064538,31618788.009765062,3366.648,4.07201e14,2.1576,3.03697e6,-1.50231e6,3.76878e-9
1457511450,28269846.693355776,31627784.28615533,3357.938,4.09470e14,2.7269,3.03487e6,-1.49707e6,3.75561e-9
1457511480,28287537.80214348,31636731.21217462,3349.193,4.10382e14,2.9558,3.02764e6,-1.49181e6,3.74243e-9
1457511510,28305212.881925106,31645628.728328317,3340.416,3.94073e14,1.1358,2.95615e6,-1.48656e6,3.72924e-9
1457511540,28322871.68301231,31654476.775574226,3331.605,4.00807e14,0.5535,2.97072e6,-1.48130e6,3.71605e-9
1457511570,28340513.956917204,31663275.295320746,3322.761,4.17539e14,4.7514,3.02213e6,-1.47604e6,3.70285e-9
1457511600,28358139.45634953,31672024.22942491,3313.885,3.99810e14,0.3035,2.94594e6,-1.47078e6,3.68964e-9
1457511630,28375747.93523418,31680723.520197093,3304.976,4.09640e14,2.7695,2.97153e6,-1.46552e6,3.67643e-9
1457511660,28393339.14864455,31689373.110378813,3296.034,4.24259e14,6.4371,3.01440e6,-1.46025e6,3.66321e-9
1457511690,28410912.852863222,31697972.94316136,3287.060,3.99175e14,0.1442,2.91197e6,-1.45499e6,3.64998e-9
1457511720,28428468.80535837,31706522.962177314,3278.054,3.99463e14,0.2164,2.90246e6,-1.44971e6,3.63675e-9
1457511750,28446006.764780898,31715023.111498788,3269.016,3.99166e14,0.1419,2.89083e6,-1.44444e6,3.62352e-9
1457511780,28463526.490961403,31723473.335635677,3259.947,3.95937e14,0.6681,2.86861e6,-1.43917e6,3.61028e-9
1457511810,28481027.74490717,31731873.57953385,3250.846,4.03213e14,1.1571,2.88426e6,-1.43389e6,3.59704e-9
1457511840,28498510.288799237,31740223.78857347,3241.713,4.09255e14,2.6729,2.89530e6,-1.42861e6,3.58379e-9
1457511870,28515973.885989256,31748523.908567246,3232.550,4.11292e14,3.1841,2.89187e6,-1.42333e6,3.57054e-9
1457511900,28533418.30099643,31756773.88575864,3223.356,4.03513e14,1.2325,2.85346e6,-1.41805e6,3.55728e-9
1457511930,28550843.299490947,31764973.66680883,3214.130,3.92235e14,1.5969,2.80286e6,-1.41277e6,3.54402e-9
1457511960,28568248.64833252,31773123.198830176,3204.875,4.11271e14,3.1786,2.85958e6,-1.40748e6,3.53075e-9
1457511990,28585634.115525436,31781222.429349203,3195.588,4.29312e14,7.7049,2.91230e6,-1.40220e6,3.51749e-9
1457512020,28602999.4702288,31789271.30631625,3186.272,4.02620e14,1.0083,2.80778e6,-1.39691e6,3.50421e-9
1457512050,28620344.482753184,31797269.778103758,3176.925,3.86777e14,2.9662,2.74184e6,-1.39162e6,3.49094e-9
1457512080,28637668.9245573,31805217.793504503,3167.549,3.95293e14,0.8298,2.76103e6,-1.38633e6,3.47766e-9
1457512110,28654972.568244636,31813115.301729936,3158.143,4.04703e14,1.5311,2.78309e6,-1.38104e6,3.46438e-9
1457512140,28672255.187560055,31820962.25240848,3148.707,4.11083e14,3.1315,2.79443e6,-1.37575e6,3.45110e-9
1457512170,28689516.557386335,31828758.595583804,3139.242,4.23734e14,6.3054,2.82717e6,-1.37045e6,3.43781e-9
1457512200,28706756.45374077,31836504.28171323,3129.748,4.17727e14,4.7984,2.79567e6,-1.36516e6,3.42452e-9
1457512230,28723974.65377758,31844199.26168992,3120.225,4.02509e14,0.9806,2.73291e6,-1.35986e6,3.41123e-9
1457512260,28741170.93576616,31851843.48676779,3110.673,4.01962e14,0.8433,2.72041e6,-1.35457e6,3.39794e-9
1457512290,28758345.079105943,31859436.908633616,3101.092,4.17706e14,4.7931,2.76305e6,-1.34927e6,3.38464e-9
1457512320,28775496.86431694,31866979.479381833,3091.483,4.16433e14,4.4737,2.74791e6,-1.34397e6,3.37134e-9
1457512350,28792626.073036257,31874471.151513036,3081.845,4.16532e14,4.4987,2.73741e6,-1.33867e6,3.35805e-9
1457512380,28809732.48801457,31881911.877932765,3072.179,4.39364e14,10.2268,2.80294e6,-1.33337e6,3.34474e-9
1457512410,28826815.893112674,31889301.61195005,3062.486,4.32339e14,8.4643,2.76839e6,-1.32807e6,3.33144e-9
1457512440,28843876.07329783,31896640.307276066,3052.764,4.19660e14,5.2835,2.71527e6,-1.32277e6,3.31814e-9
1457512470,28860912.81464026,31903927.918022808,3043.015,4.20305e14,5.4453,2.70651e6,-1.31747e6,3.30484e-9
1457512500,28877925.90430964,31911164.398701645,3033.238,4.07320e14,2.1876,2.65288e6,-1.31217e6,3.29153e-9
1457512530,28894915.130568843,31918349.704184216,3023.435,3.93082e14,1.3844,2.59548e6,-1.30687e6,3.27822e-9
1457512560,28911880.282778423,31925483.789817613,3013.604,3.92397e14,1.5563,2.58271e6,-1.30157e6,3.26492e-9
1457512590,28928821.15138492,31932566.611306097,3003.745,4.02024e14,0.8589,2.60349e6,-1.29627e6,3.25161e-9
1457512620,28945737.52791986,31939598.12474722,2993.861,4.01337e14,0.6865,2.59061e6,-1.29096e6,3.23830e-9
1457512650,28962629.20499609,31946578.2866302,2983.949,4.09558e14,2.7489,2.60648e6,-1.28566e6,3.22500e-9
1457512680,28979495.976304185,31953507.05383422,2974.011,3.96737e14,0.4675,2.55455e6,-1.28036e6,3.21169e-9
1457512710,28996337.636608753,31960384.38362682,2964.047,3.77899e14,5.1935,2.48372e6,-1.27506e6,3.19838e-9
1457512740,29013153.981744822,31967210.233662218,2954.056,4.02806e14,1.0550,2.55272e6,-1.26975e6,3.18507e-9
1457512770,29029944.808614124,31973984.561979707,2944.040,4.07727e14,2.2897,2.55766e6,-1.26445e6,3.17176e-9
1457512800,29046709.91518142,31980707.327002063,2933.997,4.12193e14,3.4100,2.56104e6,-1.25915e6,3.15846e-9
1457512830,29063449.100475796,31987378.48757549,2923.929,4.25964e14,6.8649,2.59357e6,-1.25385e6,3.14515e-9
1457512860,29080162.164571706,31993998.002840046,2913.836,4.26217e14,6.9284,2.58339e6,-1.24854e6,3.13184e-9
1457512890,29096848.908600677,32000565.83235658,2903.717,4.09189e14,2.6565,2.51931e6,-1.24324e6,3.11854e-9
1457512920,29113509.13474258,32007081.93606401,2893.573,3.96844e14,0.4407,2.47023e6,-1.23794e6,3.10523e-9
1457512950,29130142.64622202,32013546.27427818,2883.404,4.01131e14,0.6349,2.47291e6,-1.23264e6,3.09193e-9
1457512980,29146749.247304637,32019958.80769075,2873.210,4.02531e14,0.9861,2.46658e6,-1.22734e6,3.07862e-9
1457513010,29163328.743293416,32026319.497368187,2862.991,3.94727e14,0.9718,2.43200e6,-1.22204e6,3.06532e-9
1457513040,29179880.940524943,32032628.304750603,2852.747,3.95002e14,0.9028,2.42229e6,-1.21674e6,3.05202e-9
1457513070,29196405.646365773,32038885.191650838,2842.480,3.99962e14,0.3417,2.42681e6,-1.21144e6,3.03872e-9
1457513100,29212902.66920862,32045090.120253254,2832.187,3.80449e14,4.5539,2.35716e6,-1.20614e6,3.02542e-9
1457513130,29229371.81846111,32051243.05308292,2821.871,3.84443e14,3.5517,2.35883e6,-1.20084e6,3.01212e-9
1457513160,29245812.90456546,32057343.953096934,2811.531,4.04673e14,1.5234,2.40909e6,-1.19554e6,2.99883e-9
1457513190,29262225.73897108,32063392.783590656,2801.167,3.92771e14,1.4624,2.36288e6,-1.19025e6,2.98554e-9
1457513220,29278610.134138454,32069389.50822641,2790.779,4.01884e14,0.8239,2.37945e6,-1.18495e6,2.97224e-9
1457513250,29294965.903535306,32075334.09103236,2780.368,4.24687e14,6.5446,2.43628e6,-1.17965e6,2.95895e-9
1457513280,29311292.861632783,32081226.496401064,2769.934,4.07182e14,2.1528,2.37378e6,-1.17436e6,2.94567e-9
1457513310,29327590.8239016,32087066.689088438,2759.476,4.00368e14,0.4434,2.34310e6,-1.16907e6,2.93238e-9
1457513340,29343859.60680824,32092854.634212248,2748.995,4.12612e14,3.5151,2.36823e6,-1.16377e6,2.91910e-9
1457513370,29360099.027811073,32098590.29725102,2738.491,4.09456e14,2.7235,2.34828e6,-1.15848e6,2.90581e-9
1457513400,29376308.90535658,32104273.644042682,2727.965,3.85941e14,3.1760,2.26954e6,-1.15319e6,2.89254e-9
1457513430,29392489.058881283,32109904.640794065,2717.416,3.96675e14,0.4831,2.29003e6,-1.14790e6,2.87926e-9
1457513460,29408639.308790002,32115483.254046615,2706.844,4.03672e14,1.2723,2.29953e6,-1.14261e6,2.86598e-9
1457513490,29424759.4764701,32121009.45070839,2696.250,3.86602e14,3.0102,2.24018e6,-1.13732e6,2.85271e-9
1457513520,29440849.38428184,32126483.19804213,2685.634,4.00670e14,0.5192,2.26971e6,-1.13203e6,2.83944e-9
1457513550,29456908.8555546,32131904.463664174,2674.996,4.07853e14,2.3214,2.27941e6,-1.12675e6,2.82618e-9
1457513580,29472937.714583114,32137273.215543307,2664.336,4.09385e14,2.7057,2.27303e6,-1.12146e6,2.81291e-9
1457513610,29488935.78662377,32142589.42199977,2653.654,3.96464e14,0.5361,2.22614e6,-1.11618e6,2.79965e-9
1457513640,29504902.89789074,32147853.051704124,2642.950,3.99676e14,0.2699,2.22455e6,-1.11089e6,2.78640e-9
1457513670,29520838.875552326,32153064.073676232,2632.225,4.00182e14,0.3967,2.21537e6,-1.10561e6,2.77314e-9
1457513700,29536743.54772714,32158222.45728423,2621.479,3.90830e14,1.9494,2.17898e6,-1.10033e6,2.75989e-9
1457513730,29552616.74347933,32163328.172248207,2610.711,4.17905e14,4.8431,2.24289e6,-1.09505e6,2.74664e-9
1457513760,29568458.29281813,32168381.18862485,2599.923,3.99944e14,0.3370,2.18298e6,-1.08977e6,2.73340e-9
1457513790,29584268.02669078,32173381.47682082,2589.113,3.93224e14,1.3487,2.15413e6,-1.08450e6,2.72015e-9
1457513820,29600045.776979823,32178329.007587127,2578.283,3.96643e14,0.4911,2.15290e6,-1.07922e6,2.70692e-9
1457513850,29615791.376499407,32183223.752018336,2567.432,3.74414e14,6.0678,2.08250e6,-1.07395e6,2.69368e-9
1457513880,29631504.658991493,32188065.68155153,2556.561,3.65396e14,8.3303,2.04810e6,-1.06867e6,2.68045e-9
1457513910,29647185.459122133,32192854.767965574,2545.669,3.94567e14,1.0120,2.11580e6,-1.06340e6,2.66722e-9
1457513940,29662833.612477694,32197590.98338015,2534.757,4.12673e14,3.5304,2.15336e6,-1.05813e6,2.65400e-9
1457513970,29678448.9555611,32202274.3002549,2523.825,3.85797e14,3.2121,2.07167e6,-1.05286e6,2.64078e-9
1457514000,29694031.325788137,32206904.69138856,2512.873,3.80217e14,4.6120,2.04664e6,-1.04760e6,2.62756e-9
1457514030,29709580.5614827,32211482.12990832,2501.902,3.82699e14,3.9893,2.04284e6,-1.04233e6,2.61435e-9
1457514060,29725096.501876023,32216006.589299228,2490.910,4.08893e14,2.5822,2.10065e6,-1.03707e6,2.60114e-9
1457514090,29740578.987099953,32220478.043373033,2479.899,4.12358e14,3.4515,2.09896e6,-1.03180e6,2.58793e-9
1457514120,29756027.858184155,32224896.46627705,2468.869,3.87374e14,2.8165,2.02393e6,-1.02654e6,2.57473e-9
1457514150,29771442.95705239,32229261.832493298,2457.819,3.75010e14,5.9184,1.98188e6,-1.02128e6,2.56153e-9
1457514180,29786824.12651871,32233574.116837543,2446.750,3.75555e14,5.7816,1.97307e6,-1.01603e6,2.54834e-9
1457514210,29802171.210283846,32237833.294458497,2435.662,3.90623e14,2.0013,2.00106e6,-1.01077e6,2.53515e-9
1457514240,29817484.052931335,32242039.340836868,2424.555,3.86035e14,3.1523,1.97908e6,-1.00552e6,2.52196e-9
1457514270,29832762.499923877,32246192.23178449,2413.430,3.97042e14,0.3910,1.99635e6,-1.00026e6,2.50878e-9
1457514300,29848006.39759958,32250291.943443466,2402.286,4.19917e14,5.3478,2.04296e6,-9.95012e5,2.49560e-9
1457514330,29863215.593164843,32254338.45229044,2391.123,4.15641e14,4.2750,2.02156e6,-9.89762e5,2.48243e-9
1457514360,29878389.934701145,32258331.735120032,2379.942,4.09256e14,2.6733,1.99508e6,-9.84514e5,2.46926e-9
1457514390,29893529.271150853,32262271.769059803,2368.742,4.00577e14,0.4959,1.96312e6,-9.79268e5,2.45610e-9
1457514420,29908633.452316828,32266158.531564333,2357.525,3.87990e14,2.6619,1.92186e6,-9.74023e5,2.44294e-9
1457514450,29923702.328858837,32269992.000414517,2346.290,3.92788e14,1.4582,1.92317e6,-9.68781e5,2.42978e-9
1457514480,29938735.752289746,32273772.15371676,2335.036,3.96262e14,0.5867,1.92116e6,-9.63540e5,2.41663e-9
1457514510,29953733.57497192,32277498.969902407,2323.765,3.98240e14,0.0904,1.91546e6,-9.58300e5,2.40349e-9
1457514540,29968695.650113508,32281172.427726828,2312.477,4.03236e14,1.1630,1.91694e6,-9.53063e5,2.39034e-9
1457514570,29983621.831764832,32284792.50626895,2301.171,3.92516e14,1.5265,1.88092e6,-9.47827e5,2.37721e-9
1457514600,29998511.97481472,32288359.184930395,2289.847,4.15853e14,4.3284,1.92570e6,-9.42593e5,2.36407e-9
1457514630,30013365.934998963,32291872.44344229,2278.507,4.17075e14,4.6348,1.91788e6,-9.37361e5,2.35094e-9
1457514660,30028183.568859417,32295332.261841986,2267.149,3.94564e14,1.0128,1.85455e6,-9.32131e5,2.33782e-9
1457514690,30042964.73377789,32298738.62049504,2255.774,3.91058e14,1.8921,1.83600e6,-9.26903e5,2.32470e-9
1457514720,30057709.287960436,32302091.500087332,2244.382,3.95219e14,0.8484,1.83526e6,-9.21676e5,2.31159e-9
1457514750,30072417.09043396,32305390.881624483,2232.974,3.96219e14,0.5974,1.82715e6,-9.16452e5,2.29848e-9
1457514780,30087088.001042664,32308636.74643135,2221.549,3.79312e14,4.8391,1.77810e6,-9.11229e5,2.28537e-9
1457514810,30101721.880444612,32311829.076151464,2210.107,4.01163e14,0.6429,1.81756e6,-9.06008e5,2.27227e-9
1457514840,30116318.590108298,32314967.85274642,2198.649,4.03051e14,1.1165,1.81135e6,-9.00789e5,2.25918e-9
1457514870,30130877.99230904,32318053.05849544,2187.175,3.80806e14,4.4641,1.75090e6,-8.95572e5,2.24609e-9
1457514900,30145399.95012568,32321084.675994698,2175.685,4.05560e14,1.7460,1.79597e6,-8.90357e5,2.23300e-9
1457514930,30159884.327418916,32324062.688134868,2164.178,3.88674e14,2.4902,1.74797e6,-8.85144e5,2.21992e-9
1457514960,30174330.988883715,32326987.078168344,2152.656,3.66220e14,8.1235,1.68812e6,-8.79933e5,2.20684e-9
1457514990,30188739.799989723,32329857.82964073,2141.118,3.86543e14,3.0250,1.72271e6,-8.74724e5,2.19377e-9
1457515020,30203110.62699587,32332674.926412184,2129.564,3.72166e14,6.6318,1.68110e6,-8.69516e5,2.18071e-9
1457515050,30217443.33694678,32335438.352656577,2117.995,3.72259e14,6.6085,1.67124e6,-8.64311e5,2.16765e-9
1457515080,30231737.7976691,32338148.092860915,2106.410,3.98890e14,0.0728,1.71855e6,-8.59107e5,2.15459e-9
1457515110,30245993.87776802,32340804.13182459,2094.810,3.85026e14,3.4055,1.67845e6,-8.53906e5,2.14154e-9
1457515140,30260211.446623623,32343406.454658706,2083.195,3.98571e14,0.0074,1.69706e6,-8.48706e5,2.12849e-9
1457515170,30274390.37438735,32345955.046785433,2071.565,4.05493e14,1.7291,1.70131e6,-8.43509e5,2.11545e-9
1457515200,30288530.53197845,32348449.893937405,2059.919,3.87358e14,2.8205,1.65270e6,-8.38313e5,2.10242e-9
1457515230,30302631.79109498,32350890.982187737,2048.259,4.03874e14,1.3230,1.67697e6,-8.33120e5,2.08938e-9
1457515260,30316694.024165474,32353278.29785488,2036.584,4.12784e14,3.5584,1.68502e6,-8.27928e5,2.07636e-9
1457515290,30330717.10439046,32355611.827596862,2024.895,3.79840e14,4.7066,1.60648e6,-8.22738e5,2.06334e-9
1457515320,30344700.90572462,32357891.558380324,2013.191,3.56106e14,10.6610,1.54768e6,-8.17551e5,2.05032e-9
1457515350,30358645.30287331,32360117.477480188,2001.472,3.90093e14,2.1342,1.60711e6,-8.12365e5,2.03731e-9
1457525010,32358924.673945006,30351517.24021768,2007.407,3.83021e14,3.9084,-1.59746e6,8.14600e5,-2.04391e-9
1457525040,32356669.82286275,30337555.447436202,2019.114,3.98570e14,0.0075,-1.63961e6,8.19787e5,-2.05692e-9
1457525070,32354361.171709538,30323554.339688256,2030.807,4.09539e14,2.7443,-1.67269e6,8.24976e5,-2.06993e-9
1457525100,32351998.733485658,30309514.042649433,2042.485,4.21457e14,5.7343,-1.70804e6,8.30167e5,-2.08295e-9
1457525130,32349582.521470692,30295434.682743594,2054.148,4.06804e14,2.0582,-1.68801e6,8.35360e5,-2.09597e-9
1457525160,32347112.549317688,30281316.387156345,2065.796,3.68213e14,7.6236,-1.61712e6,8.40555e5,-2.10900e-9
1457525190,32344588.830959473,30267159.283828367,2077.430,3.60470e14,9.5661,-1.61068e6,8.45752e5,-2.12204e-9
1457525220,32342011.380639497,30252963.501462054,2089.048,3.95779e14,0.7078,-1.69597e6,8.50951e5,-2.13508e-9
1457525250,32339380.212912116,30238729.169524994,2100.651,4.32982e14,8.6255,-1.78625e6,8.56152e5,-2.14812e-9
1457525280,32336695.34264286,30224456.41825334,2112.239,4.00168e14,0.3933,-1.72619e6,8.61355e5,-2.16117e-9
1457525310,32333956.785008736,30210145.378655355,2123.811,4.04435e14,1.4637,-1.74589e6,8.66560e5,-2.17422e-9
1457525340,32331164.555498615,30195796.182514768,2135.368,4.45446e14,11.7525,-1.84608e6,8.71767e5,-2.18728e-9
1457525370,32328318.669913493,30181408.962394256,2146.910,4.17689e14,4.7889,-1.79604e6,8.76976e5,-2.20035e-9
1457525400,32325419.144366924,30166983.85163898,2158.435,3.60964e14,9.4421,-1.68115e6,8.82186e5,-2.21342e-9
1457525430,32322465.995322894,30152520.984381985,2169.945,3.58579e14,10.0404,-1.68577e6,8.87399e5,-2.22649e-9
1457525460,32319459.23948057,30138020.495541587,2181.439,4.03269e14,1.1712,-1.79576e6,8.92614e5,-2.23957e-9
1457525490,32316398.893890865,30123482.520831015,2192.916,4.16552e14,4.5037,-1.83618e6,8.97831e5,-2.25265e-9
1457525520,32313284.975919586,30108907.19675998,2204.378,3.99535e14,0.2344,-1.80829e6,9.03049e5,-2.26574e-9
1457525550,32310117.503248222,30094294.66063807,2215.823,3.85072e14,3.3939,-1.78579e6,9.08270e5,-2.27883e-9
1457525580,32306896.493874706,30079645.050578445,2227.251,3.91121e14,1.8765,-1.80991e6,9.13492e5,-2.29193e-9
1457525610,32303621.966114335,30064958.5055013,2238.663,4.01975e14,0.8466,-1.84528e6,9.18716e5,-2.30503e-9
1457525640,32300293.938600462,30050235.165137418,2250.059,4.02238e14,0.9125,-1.85639e6,9.23942e5,-2.31814e-9
1457525670,32296912.430285446,30035475.170031745,2261.437,3.75273e14,5.8523,-1.80403e6,9.29170e5,-2.33125e-9
1457525700,32293477.46044135,30020678.66154691,2272.799,3.98295e14,0.0766,-1.86815e6,9.34400e5,-2.34437e-9
1457525730,32289989.04862163,30005845.78185821,2284.143,4.33837e14,8.8401,-1.96240e6,9.39632e5,-2.35749e-9
1457525760,32286447.214782976,29990976.673983745,2295.471,4.08321e14,2.4386,-1.91284e6,9.44866e5,-2.37061e-9
1457525790,32282851.97916468,29976071.48176134,2306.780,3.86340e14,3.0759,-1.87104e6,9.50101e5,-2.38374e-9
1457525820,32279203.36232842,29961130.349860754,2318.073,3.88617e14,2.5047,-1.88681e6,9.55338e5,-2.39688e-9
1457525850,32275501.385158826,29946153.42378713,2329.348,3.96133e14,0.6190,-1.91527e6,9.60577e5,-2.41002e-9
1457525880,32271746.06886392,29931140.84988454,2340.605,3.97671e14,0.2332,-1.92944e6,9.65818e5,-2.42316e-9
1457525910,32267937.434975717,29916092.775339648,2351.845,3.91888e14,1.6840,-1.92582e6,9.71061e5,-2.43631e-9
1457525940,32264075.50535066,29901009.34818515,2363.066,3.97951e14,0.1630,-1.95107e6,9.76305e5,-2.44946e-9
1457525970,32260160.302170206,29885890.717303444,2374.270,4.21047e14,5.6313,-2.01843e6,9.81551e5,-2.46262e-9
1457526000,32256191.84794133,29870737.03243018,2385.455,4.27732e14,7.3084,-2.04577e6,9.86799e5,-2.47578e-9
1457526030,32252170.16552974,29855548.444178823,2396.622,4.21148e14,5.6566,-2.04026e6,9.92049e5,-2.48895e-9
1457526060,32248095.278059866,29840325.10397978,2407.770,4.18206e14,4.9186,-2.04370e6,9.97300e5,-2.50212e-9
1457526090,32243967.20901642,29825067.164148767,2418.900,4.18994e14,5.1163,-2.05644e6,1.00255e6,-2.51529e-9
1457526120,32239785.98221257,29809774.7778696,2430.011,4.01421e14,0.7076,-2.02279e6,1.00781e6,-2.52847e-9
1457526150,32235551.621790837,29794448.09919805,2441.104,4.10491e14,2.9832,-2.05639e6,1.01306e6,-2.54165e-9
1457526180,32231264.15222405,29779087.283065703,2452.177,4.17873e14,4.8351,-2.08592e6,1.01832e6,-2.55484e-9
1457526210,32226923.59831631,29763692.48528376,2463.231,3.99730e14,0.2833,-2.05010e6,1.02358e6,-2.56803e-9
1457526240,32222529.985203918,29748263.862546824,2474.266,4.20810e14,5.5720,-2.11505e6,1.02884e6,-2.58122e-9
1457526270,32218083.33835636,29732801.572436772,2485.282,4.14274e14,3.9323,-2.10891e6,1.03410e6,-2.59442e-9
1457526300,32213583.68357731,29717305.773426533,2496.278,3.95431e14,0.7951,-2.07050e6,1.03937e6,-2.60762e-9
1457526330,32209031.04698624,29701776.62484801,2507.254,4.15243e14,4.1752,-2.13291e6,1.04463e6,-2.62083e-9
1457526360,32204425.45507919,29686214.287006557,2518.211,4.01838e14,0.8122,-2.10836e6,1.04990e6,-2.63404e-9
1457526390,32199766.934669796,29670618.921073727,2529.148,3.92964e14,1.4141,-2.09544e6,1.05517e6,-2.64725e-9
1457526420,32195055.51290955,29654990.689126723,2540.065,3.97291e14,0.3286,-2.11742e6,1.06044e6,-2.66047e-9
1457526450,32190291.21728866,29639329.754151914,2550.961,3.92157e14,1.6165,-2.11422e6,1.06571e6,-2.67369e-9
1457526480,32185474.075636894,29623636.280048363,2561.838,3.86294e14,3.0875,-2.10892e6,1.07099e6,-2.68691e-9
1457526510,32180604.11612447,29607910.431631315,2572.694,3.96808e14,0.4496,-2.14770e6,1.07626e6,-2.70014e-9
1457526540,32175681.36726286,29592152.374635782,2583.529,4.08208e14,2.4103,-2.18916e6,1.08154e6,-2.71337e-9
1457526570,32170705.85790573,29576362.275720045,2594.344,3.92304e14,1.5796,-2.15647e6,1.08681e6,-2.72660e-9
1457526600,32165677.617249712,29560540.3024693,2605.137,3.90112e14,2.1295,-2.16094e6,1.09209e6,-2.73984e-9
1457526630,32160596.674838457,29544686.623447455,2615.910,3.97299e14,0.3265,-2.19117e6,1.09737e6,-2.75308e-9
1457526660,32155463.060553968,29528801.40805191,2626.662,3.97551e14,0.2632,-2.20241e6,1.10265e6,-2.76633e-9
1457526690,32150276.804627035,29512884.826666564,2637.392,4.03734e14,1.2879,-2.23014e6,1.10793e6,-2.77957e-9
1457526720,32145037.937635124,29496937.05061751,2648.101,4.02275e14,0.9218,-2.23670e6,1.11322e6,-2.79282e-9
1457526750,32139746.490503278,29480958.252177045,2658.788,4.08511e14,2.4863,-2.26482e6,1.11850e6,-2.80608e-9
1457526780,32134402.49450512,29464948.604567774,2669.454,4.19613e14,5.2716,-2.30682e6,1.12379e6,-2.81933e-9
1457526810,32129005.981263876,29448908.28196663,2680.098,4.01976e14,0.8469,-2.26771e6,1.12908e6,-2.83259e-9
1457526840,32123556.982753348,29432837.45950897,2690.720,3.81956e14,4.1758,-2.22135e6,1.13436e6,-2.84585e-9
1457526870,32118055.531298973,29416736.31329261,2701.319,3.78655e14,5.0038,-2.22227e6,1.13965e6,-2.85912e-9
1457526900,32112501.659578852,29400605.020381834,2711.897,3.65890e14,8.2063,-2.19592e6,1.14494e6,-2.87239e-9
1457526930,32106895.40063501,29384443.75876212,2722.452,3.73882e14,6.2014,-2.22913e6,1.15023e6,-2.88565e-9
1457526960,32101236.78784312,29368252.707496293,2732.984,3.98624e14,0.0059,-2.31111e6,1.15553e6,-2.89893e-9
1457526990,32095525.854945105,29352032.046575822,2743.494,4.01609e14,0.7549,-2.33039e6,1.16082e6,-2.91220e-9
1457527020,32089762.636040185,29335781.956973806,2753.981,4.01147e14,0.6389,-2.33966e6,1.16611e6,-2.92548e-9
1457527050,32083947.165586043,29319502.62064853,2764.445,3.86729e14,2.9784,-2.30791e6,1.17141e6,-2.93876e-9
1457527080,32078079.478400066,29303194.220546987,2774.885,3.82684e14,3.9931,-2.30640e6,1.17670e6,-2.95204e-9
1457527110,32072159.60966063,29286856.940608405,2785.303,3.87339e14,2.8251,-2.33059e6,1.18200e6,-2.96532e-9
1457527140,32066187.59490829,29270490.965767767,2795.697,3.92818e14,1.4506,-2.35735e6,1.18730e6,-2.97860e-9
1457527170,32060163.470047075,29254096.481959254,2806.067,4.15737e14,4.2991,-2.43643e6,1.19260e6,-2.99189e-9
1457527200,32054087.27134572,29237673.676119823,2816.414,4.07947e14,2.3449,-2.42385e6,1.19790e6,-3.00518e-9
1457527230,32047959.03542765,29221222.736227058,2826.736,3.91268e14,1.8396,-2.38422e6,1.20319e6,-3.01847e-9
1457527260,32041778.799307194,29204743.851196572,2837.035,3.91638e14,1.7467,-2.39585e6,1.20849e6,-3.03176e-9
1457527290,32035546.60035564,29188237.21099208,2847.309,3.89270e14,2.3408,-2.39914e6,1.21380e6,-3.04505e-9
1457527320,32029262.47631392,29171703.00659464,2857.559,3.93181e14,1.3596,-2.42158e6,1.21910e6,-3.05835e-9
1457527350,32022926.465293672,29155141.43000652,2867.785,4.07431e14,2.2155,-2.47588e6,1.22440e6,-3.07164e-9
1457527380,32016538.605778508,29138552.674255017,2877.986,4.26958e14,7.1143,-2.54684e6,1.22970e6,-3.08494e-9
1457527410,32010098.936625205,29121936.933396325,2888.162,3.92066e14,1.6393,-2.44972e6,1.23500e6,-3.09823e-9
1457527440,32003607.497064874,29105294.40251936,2898.313,3.90320e14,2.0774,-2.45480e6,1.24031e6,-3.11153e-9
1457527470,31997064.326704197,29088625.27774962,2908.439,4.13903e14,3.8390,-2.53899e6,1.24561e6,-3.12483e-9
1457527500,31990469.465526585,29071929.75625305,2918.540,3.82201e14,4.1141,-2.45031e6,1.25091e6,-3.13813e-9
1457527530,31983822.953889143,29055208.036229562,2928.615,3.77025e14,5.4128,-2.44438e6,1.25622e6,-3.15143e-9
1457527560,31977124.832537074,29038460.316948827,2938.665,3.91648e14,1.7441,-2.50098e6,1.26152e6,-3.16473e-9
1457527590,31970375.142591856,29021686.79872205,2948.688,3.93809e14,1.2020,-2.51836e6,1.26682e6,-3.17803e-9
1457527620,31963573.925556667,29004887.68291608,2958.686,3.96196e14,0.6032,-2.53652e6,1.27213e6,-3.19133e-9
1457527650,31956721.223317668,28988063.171957202,2968.658,3.98101e14,0.1254,-2.55320e6,1.27743e6,-3.20464e-9
1457527680,31949817.07814523,28971213.46933482,2978.604,3.88692e14,2.4858,-2.53352e6,1.28274e6,-3.21794e-9
1457527710,31942861.53269527,28954338.77960514,2988.523,3.85809e14,3.2091,-2.53468e6,1.28804e6,-3.23124e-9
1457527740,31935854.630010616,28937439.308394954,2998.415,3.81107e14,4.3886,-2.52986e6,1.29335e6,-3.24454e-9
1457527770,31928796.413522247,28920515.262405157,3008.281,3.99613e14,0.2540,-2.60052e6,1.29865e6,-3.25784e-9
1457527800,31921686.927050788,28903566.84941451,3018.120,4.30543e14,8.0137,-2.71232e6,1.30395e6,-3.27114e-9
1457527830,31914526.214838617,28886594.27827324,3027.932,4.18676e14,5.0366,-2.68437e6,1.30926e6,-3.28444e-9
1457527860,31907314.321456563,28869597.758937325,3037.717,4.03121e14,1.1342,-2.64395e6,1.31456e6,-3.29774e-9
1457527890,31900051.291900296,28852577.50244133,3047.474,4.06773e14,2.0504,-2.66670e6,1.31986e6,-3.31104e-9
1457527920,31892737.17156122,28835533.720911868,3057.203,4.08797e14,2.5581,-2.68414e6,1.32517e6,-3.32433e-9
1457527950,31885372.006228335,28818466.627571013,3066.905,4.23900e14,6.3472,-2.74529e6,1.33047e6,-3.33763e-9
1457527980,31877955.842089854,28801376.436739814,3076.579,4.15625e14,4.2712,-2.72850e6,1.33577e6,-3.35092e-9
1457528010,31870488.72573506,28784263.363841686,3086.225,3.98221e14,0.0951,-2.68077e6,1.34107e6,-3.36422e-9
1457528040,31862970.704155948,28767127.62540588,3095.843,3.98898e14,0.0747,-2.69365e6,1.34637e6,-3.37751e-9
1457528070,31855401.824748993,28749969.439070884,3105.432,3.96849e14,0.4394,-2.69730e6,1.35167e6,-3.39080e-9
1457528100,31847782.135316893,28732789.023587827,3114.993,4.08932e14,2.5919,-2.74901e6,1.35697e6,-3.40408e-9
1457528130,31840111.684016306,28715586.598843195,3124.525,4.11360e14,3.2010,-2.76803e6,1.36227e6,-3.41737e-9
1457528160,31832390.519525792,28698362.385802727,3134.028,4.05644e14,1.7670,-2.75919e6,1.36756e6,-3.43065e-9
1457528190,31824618.690880932,28681116.60657454,3143.502,4.09584e14,2.7555,-2.78344e6,1.37286e6,-3.44393e-9
1457528220,31816796.2475295,28663849.484393228,3152.947,4.09959e14,2.8496,-2.79547e6,1.37815e6,-3.45721e-9
1457528250,31808923.239332695,28646561.24362349,3162.362,4.00671e14,0.5195,-2.77397e6,1.38345e6,-3.47048e-9
1457528280,31800999.716566436,28629252.10976352,3171.748,3.86518e14,3.0312,-2.73528e6,1.38874e6,-3.48376e-9
1457528310,31793025.729922663,28611922.309448566,3181.103,3.76755e14,5.4804,-2.71156e6,1.39403e6,-3.49703e-9
1457528340,31785001.33051057,28594572.070454378,3190.429,3.88889e14,2.4364,-2.76444e6,1.39932e6,-3.51029e-9
1457528370,31776926.569857996,28577201.621700592,3199.725,3.98372e14,0.0573,-2.80830e6,1.40461e6,-3.52356e-9
1457528400,31768801.49991268,28559811.1932542,3208.990,3.87832e14,2.7015,-2.78159e6,1.40990e6,-3.53681e-9
1457528430,31760626.17310606,28542401.016314216,3218.225,3.97224e14,0.3453,-2.82536e6,1.41519e6,-3.55007e-9
1457528460,31752400.64216255,28524971.32327275,3227.429,3.98769e14,0.0423,-2.84141e6,1.42047e6,-3.56332e-9
1457528490,31744124.96029355,28507522.34766032,3236.603,3.90971e14,1.9140,-2.82409e6,1.42575e6,-3.57657e-9
1457528520,31735799.1811371,28490054.324167825,3245.745,3.93287e14,1.3331,-2.84286e6,1.43104e6,-3.58981e-9
1457528550,31727423.35875991,28472567.488649614,3254.856,3.86593e14,3.0124,-2.82923e6,1.43631e6,-3.60305e-9
1457528580,31718997.547659345,28455062.07812664,3263.935,3.88547e14,2.5221,-2.84669e6,1.44159e6,-3.61628e-9
1457528610,31710521.802765604,28437538.33078945,3272.983,4.11168e14,3.1530,-2.93921e6,1.44687e6,-3.62951e-9
1457528640,31701996.179443654,28419996.48600129,3282.000,4.09389e14,2.7065,-2.94344e6,1.45214e6,-3.64274e-9
1457528670,31693420.73349545,28402436.784301065,3290.984,3.92376e14,1.5615,-2.89192e6,1.45741e6,-3.65596e-9
1457528700,31684795.52116192,28384859.467406325,3299.936,4.00099e14,0.3759,-2.93071e6,1.46268e6,-3.66917e-9
1457528730,31676120.59907025,28367264.778228026,3308.856,3.89944e14,2.1717,-2.90387e6,1.46795e6,-3.68238e-9
1457528760,31667396.024405174,28349652.960836947,3317.743,4.05629e14,1.7634,-2.97225e6,1.47322e6,-3.69558e-9
1457528790,31658621.854741406,28332024.260503408,3326.598,4.20319e14,5.4487,-3.03735e6,1.47848e6,-3.70878e-9
1457528820,31649798.148100205,28314378.923688293,3335.419,3.91463e14,1.7907,-2.94075e6,1.48374e6,-3.72197e-9
1457528850,31640924.962951068,28296717.19804594,3344.208,3.86656e14,2.9966,-2.93321e6,1.48900e6,-3.73515e-9
1457528880,31632002.358213242,28279039.3324271,3352.963,3.85372e14,3.3188,-2.93875e6,1.49425e6,-3.74833e-9
1457528910,31623030.393257525,28261345.576881863,3361.685,3.96063e14,0.6365,-2.98929e6,1.49950e6,-3.76150e-9
1457528940,31614009.127907787,28243636.182662442,3370.373,4.08049e14,2.3704,-3.04500e6,1.50475e6,-3.77466e-9
1457528970,31604938.622442704,28225911.40222602,3379.027,3.90003e14,2.1570,-2.98726e6,1.51000e6,-3.78782e-9
1457529000,31595818.937597368,28208171.48923754,3387.647,3.87815e14,2.7059,-2.98931e6,1.51524e6,-3.80096e-9
1457529030,31586650.134604618,28190416.698570494,3396.233,3.88882e14,2.4383,-3.00372e6,1.52048e6,-3.81410e-9
1457529060,31577432.275074624,28172647.286315843,3404.785,3.91749e14,1.7189,-3.02504e6,1.52572e6,-3.82724e-9
1457529090,31568165.421119053,28154863.509778287,3413.302,3.93064e14,1.3890,-3.04046e6,1.53096e6,-3.84036e-9
1457529120,31558849.63531344,28137065.627480976,3421.784,3.85406e14,3.3102,-3.02134e6,1.53619e6,-3.85348e-9
1457529150,31549484.98069939,28119253.899168115,3430.231,3.95442e14,0.7923,-3.07042e6,1.54141e6,-3.86658e-9
1457529180,31540071.520786572,28101428.58580746,3438.643,3.97195e14,0.3527,-3.08763e6,1.54664e6,-3.87968e-9
1457529210,31530609.319554977,28083589.94959288,3447.019,3.94783e14,0.9576,-3.08866e6,1.55186e6,-3.89277e-9
1457529240,31521098.441456985,28065738.253946707,3455.360,3.88400e14,2.5591,-3.07411e6,1.55707e6,-3.90585e-9
1457529270,31511538.951419614,28047873.76352223,3463.665,3.83355e14,3.8248,-3.06462e6,1.56229e6,-3.91892e-9
1457529300,31501930.91484666,28029996.744205967,3471.934,4.02732e14,1.0364,-3.15103e6,1.56749e6,-3.93198e-9
1457529330,31492274.397595733,28012107.46311254,3480.167,4.08133e14,2.3914,-3.18280e6,1.57270e6,-3.94503e-9
1457529360,31482569.466058128,27994206.18860989,3488.363,4.01899e14,0.8275,-3.16864e6,1.57790e6,-3.95807e-9
1457529390,31472816.18708323,27976293.190298572,3496.523,4.02816e14,1.0577,-3.18272e6,1.58310e6,-3.97110e-9
1457529420,31463014.628005713,27958368.739021268,3504.646,3.90520e14,2.0273,-3.14416e6,1.58829e6,-3.98412e-9
1457529450,31453164.856647592,27940433.106864803,3512.732,4.12758e14,3.5518,-3.24332e6,1.59348e6,-3.99712e-9
1457529480,31443266.94132023,27922486.56716218,3520.780,4.16208e14,4.4174,-3.26770e6,1.59866e6,-4.01012e-9
1457529510,31433320.95082646,27904529.39449455,3528.792,3.93782e14,1.2087,-3.18806e6,1.60384e6,-4.02310e-9
1457529540,31423326.95446257,27886561.86469309,3536.765,3.90009e14,2.1554,-3.18311e6,1.60901e6,-4.03607e-9
1457529570,31413285.02202043,27868584.254840933,3544.701,3.86670e14,2.9931,-3.17982e6,1.61418e6,-4.04903e-9
1457529600,31403195.22378956,27850596.84327488,3552.598,3.85388e14,3.3147,-3.18478e6,1.61934e6,-4.06198e-9
1457529630,31393057.630575784,27832599.909600776,3560.458,3.87173e14,2.8670,-3.20220e6,1.62450e6,-4.07491e-9
1457529660,31382872.31365228,27814593.73465359,3568.279,3.97388e14,0.3041,-3.25411e6,1.62965e6,-4.08783e-9
1457529690,31372639.344812904,27796578.600540716,3576.061,3.99299e14,0.1753,-3.27223e6,1.63480e6,-4.10074e-9
1457529720,31362358.79635786,27778554.790630277,3583.804,4.07294e14,2.1809,-3.31540e6,1.63994e6,-4.11364e-9
1457529750,31352030.741096046,27760522.58955273,3591.508,4.04442e14,1.4656,-3.31402e6,1.64508e6,-4.12652e-9
1457529780,31341655.252347313,27742482.28320254,3599.173,3.90351e14,2.0695,-3.26603e6,1.65021e6,-4.13938e-9
1457529810,31331232.403944843,27724434.158739742,3606.798,3.99713e14,0.2791,-3.31504e6,1.65534e6,-4.15223e-9
1457529840,31320762.270237442,27706378.504591394,3614.384,4.05101e14,1.6308,-3.34773e6,1.66046e6,-4.16507e-9
1457529870,31310244.92609194,27688315.610453077,3621.929,4.15457e14,4.2290,-3.40131e6,1.66557e6,-4.17789e-9
1457529900,31299680.446895503,27670245.767290164,3629.435,4.26740e14,7.0596,-3.45902e6,1.67068e6,-4.19070e-9
1457529930,31289068.90854323,27652169.267324433,3636.900,3.99957e14,0.3402,-3.35699e6,1.67578e6,-4.20348e-9
1457529960,31278410.387486182,27634086.40408083,3644.324,3.97828e14,0.1938,-3.35822e6,1.68087e6,-4.21626e-9
1457529990,31267704.960688066,27615997.472342998,3651.707,4.00352e14,0.4395,-3.37906e6,1.68596e6,-4.22902e-9
1457530020,31256952.70564231,27597902.768169034,3659.050,3.96752e14,0.4637,-3.37397e6,1.69104e6,-4.24176e-9
1457530050,31246153.700374395,27579802.588892333,3666.351,4.10732e14,3.0435,-3.44357e6,1.69612e6,-4.25448e-9
1457530080,31235308.023444105,27561697.233122427,3673.611,4.14097e14,3.8878,-3.46821e6,1.70119e6,-4.26718e-9
1457530110,31224415.753947947,27543587.000745784,3680.829,3.97479e14,0.2812,-3.40741e6,1.70625e6,-4.27987e-9
1457530140,31213476.971521433,27525472.192926366,3688.005,3.88546e14,2.5225,-3.37915e6,1.71130e6,-4.29254e-9
1457530170,31202491.756341457,27507353.112106364,3695.139,4.28852e14,7.5895,-3.56264e6,1.71635e6,-4.30519e-9
1457530200,31191460.1891287,27489230.062006585,3702.230,4.28240e14,7.4359,-3.57045e6,1.72138e6,-4.31783e-9
1457530230,31180382.351168238,27471103.34763867,3709.279,3.98084e14,0.1295,-3.45029e6,1.72641e6,-4.33044e-9
1457530260,31169258.324255805,27452973.275269605,3716.285,3.94257e14,1.0897,-3.44371e6,1.73144e6,-4.34303e-9
1457530290,31158088.1907565,27434840.15245782,3723.248,3.86521e14,3.0304,-3.41999e6,1.73645e6,-4.35561e-9
1457530320,31146872.03358915,27416704.288041927,3730.168,3.92184e14,1.6098,-3.45458e6,1.74146e6,-4.36816e-9
1457530350,31135609.93622895,27398565.99214105,3737.044,3.94493e14,1.0305,-3.47461e6,1.74646e6,-4.38069e-9
1457530380,31124301.982710067,27380425.57615492,3743.876,3.95616e14,0.7487,-3.48947e6,1.75145e6,-4.39321e-9
1457530410,31112948.257628337,27362283.352764104,3750.665,3.89056e14,2.3945,-3.47049e6,1.75643e6,-4.40570e-9
1457530440,31101548.84614386,27344139.63592989,3757.409,3.89259e14,2.3436,-3.48122e6,1.76141e6,-4.41817e-9
1457530470,31090103.833983682,27325994.740894385,3764.109,3.92629e14,1.4981,-3.50596e6,1.76637e6,-4.43062e-9
1457530500,31078613.30744448,27307848.98418027,3770.764,4.00221e14,0.4066,-3.54952e6,1.77133e6,-4.44304e-9
1457530530,31067077.353372242,27289702.683584902,3777.375,4.09055e14,2.6228,-3.59879e6,1.77627e6,-4.45544e-9
1457530560,31055496.05923573,27271556.15819762,3783.940,4.09847e14,2.8216,-3.61233e6,1.78121e6,-4.46782e-9
1457530590,31043869.513058282,27253409.728381872,3790.460,4.15855e14,4.3287,-3.64924e6,1.78614e6,-4.48018e-9
1457530620,31032197.80344325,27235263.715780288,3796.934,4.05988e14,1.8533,-3.61496e6,1.79106e6,-4.49251e-9
1457530650,31020481.019576512,27217118.443314075,3803.363,4.01781e14,0.7979,-3.60591e6,1.79597e6,-4.50482e-9
1457530680,31008719.251229014,27198974.23518227,3809.745,3.98453e14,0.0371,-3.60071e6,1.80086e6,-4.51710e-9
1457530710,30996912.588759333,27180831.416860953,3816.081,4.02055e14,0.8666,-3.62680e6,1.80575e6,-4.52936e-9
1457530740,30985061.123116214,27162690.315102313,3822.371,4.18002e14,4.8674,-3.70902e6,1.81063e6,-4.54159e-9
1457530770,30973164.945841122,27144551.257933594,3828.614,4.05884e14,1.8273,-3.66381e6,1.81550e6,-4.55379e-9
1457530800,30961224.14907087,27126414.574656025,3834.810,3.90879e14,1.9372,-3.60510e6,1.82036e6,-4.56597e-9
1457530830,30949238.825566236,27108280.59584311,3840.958,3.92290e14,1.5832,-3.62116e6,1.82521e6,-4.57812e-9
1457530860,30937209.068634488,27090149.653340835,3847.059,4.10339e14,2.9450,-3.71360e6,1.83004e6,-4.59025e-9
1457530890,30925134.97221228,27072022.0802645,3853.113,4.15418e14,4.2192,-3.74677e6,1.83487e6,-4.60235e-9
1457530920,30913016.630842585,27053898.210997798,3859.118,4.04360e14,1.4449,-3.70557e6,1.83968e6,-4.61442e-9
1457530950,30900854.139677607,27035778.381191146,3865.076,4.00596e14,0.5005,-3.69782e6,1.84448e6,-4.62646e-9
1457530980,30888647.594481684,27017662.92776003,3870.985,3.95740e14,0.7177,-3.68490e6,1.84928e6,-4.63847e-9
1457531010,30876397.091634274,26999552.188883077,3876.845,3.94349e14,1.0666,-3.68796e6,1.85405e6,-4.65045e-9
1457531040,30864102.728132825,26981446.504000176,3882.656,3.91668e14,1.7393,-3.68494e6,1.85882e6,-4.66241e-9
1457531070,30851764.601595826,26963346.21381041,3888.418,4.06888e14,2.0791,-3.76550e6,1.86358e6,-4.67433e-9
1457531100,30839382.81026574,26945251.660269942,3894.131,4.11479e14,3.2310,-3.79660e6,1.86832e6,-4.68622e-9
1457531130,30826957.452985153,26927163.186593454,3899.794,3.92354e14,1.5670,-3.71636e6,1.87305e6,-4.69808e-9
1457531160,30814488.62928244,26909081.137240194,3905.407,4.02630e14,1.0109,-3.77412e6,1.87777e6,-4.70991e-9
1457531190,30801976.43929195,26891005.857923355,3910.971,4.13323e14,3.6936,-3.83407e6,1.88248e6,-4.72171e-9
1457531220,30789420.98378355,26872937.695603628,3916.483,3.95650e14,0.7401,-3.75997e6,1.88717e6,-4.73347e-9
1457531250,30776822.364165436,26854876.99848659,3921.945,3.93792e14,1.2063,-3.76047e6,1.89185e6,-4.74520e-9
1457531280,30764180.68248695,26836824.11601985,3927.357,4.01018e14,0.6064,-3.80411e6,1.89651e6,-4.75690e-9
1457531310,30751496.041441385,26818779.398890227,3932.717,4.06126e14,1.8879,-3.83780e6,1.90116e6,-4.76856e-9
1457531340,30738768.54436881,26800743.199020714,3938.025,4.01360e14,0.6923,-3.82438e6,1.90580e6,-4.78019e-9
1457531370,30725998.29525891,26782715.8695673,3943.282,3.91375e14,1.8128,-3.78581e6,1.91043e6,-4.79178e-9
1457531400,30713185.39875386,26764697.764915735,3948.488,3.98421e14,0.0450,-3.82879e6,1.91504e6,-4.80334e-9
1457531430,30700329.960176643,26746689.240677636,3953.641,4.01184e14,0.6481,-3.85128e6,1.91963e6,-4.81487e-9
1457531460,30687432.08545549,26728690.65368856,3958.741,4.00392e14,0.4496,-3.85665e6,1.92422e6,-4.82635e-9
1457531490,30674491.88120548,26710702.36200263,3963.790,4.14092e14,3.8866,-3.93208e6,1.92878e6,-4.83780e-9
1457531520,30661509.45470617,26692724.724889316,3968.785,4.05092e14,1.6285,-3.89771e6,1.93333e6,-4.84921e-9
1457531550,30648484.91390482,26674758.102829482,3973.727,3.90731e14,1.9744,-3.83705e6,1.93787e6,-4.86058e-9
1457531580,30635418.367419515,26656802.85751134,3978.616,3.98856e14,0.0642,-3.88559e6,1.94239e6,-4.87192e-9
1457531610,30622309.92454243,26638859.351826265,3983.451,4.01175e14,0.6459,-3.90592e6,1.94690e6,-4.88322e-9
1457531640,30609159.695242975,26620927.949864417,3988.232,3.89573e14,2.2648,-3.85814e6,1.95139e6,-4.89447e-9
1457531670,30595967.790171057,26603009.016910214,3992.959,3.96638e14,0.4924,-3.90164e6,1.95586e6,-4.90569e-9
1457531700,30582734.32066029,26585102.919437785,3997.631,4.13161e14,3.6528,-3.99177e6,1.96032e6,-4.91686e-9
1457531730,30569459.39871104,26567210.02509652,4002.249,3.99732e14,0.2838,-3.93464e6,1.96476e6,-4.92800e-9
1457531760,30556143.137056023,26549330.702735756,4006.812,3.91904e14,1.6799,-3.90484e6,1.96919e6,-4.93909e-9
1457531790,30542785.649101026,26531465.322370157,4011.320,4.01315e14,0.6811,-3.96016e6,1.97359e6,-4.95014e-9
1457531820,30529387.04894818,26513614.25518393,4015.773,3.93423e14,1.2990,-3.92981e6,1.97798e6,-4.96115e-9
1457531850,30515947.451399192,26495777.87352553,4020.170,3.79651e14,4.7540,-3.87002e6,1.98236e6,-4.97211e-9
1457531880,30502466.971958295,26477956.550901916,4024.510,3.94368e14,1.0618,-3.95186e6,1.98671e6,-4.98303e-9
1457531910,30488945.726835527,26460150.661972985,4028.795,4.06441e14,1.9671,-4.02078e6,1.99105e6,-4.99391e-9
1457531940,30475383.832949705,26442360.582545683,4033.023,4.03949e14,1.3418,-4.01703e6,1.99537e6,-5.00474e-9
1457531970,30461781.40793166,26424586.689568,4037.195,4.09961e14,2.8502,-4.05584e6,1.99967e6,-5.01552e-9
1457532000,30448138.570127327,26406829.36112287,4041.309,4.08477e14,2.4778,-4.05707e6,2.00396e6,-5.02626e-9
1457532030,30434455.438612185,26389088.97644354,4045.366,3.97562e14,0.2605,-4.01072e6,2.00822e6,-5.03695e-9
1457532060,30420732.133159664,26371365.915840525,4049.366,3.99069e14,0.1176,-4.02681e6,2.01247e6,-5.04760e-9
1457532090,30406968.77427924,26353660.56076169,4053.308,4.03143e14,1.1396,-4.05587e6,2.01669e6,-5.05819e-9
1457532120,30393165.483208377,26335973.29376423,4057.192,4.00686e14,0.5233,-4.05188e6,2.02090e6,-5.06874e-9
1457532150,30379322.381915864,26318304.49850793,4061.018,3.98158e14,0.1111,-4.04743e6,2.02509e6,-5.07924e-9
1457532180,30365439.593105156,26300654.559748355,4064.785,3.96999e14,0.4017,-4.04986e6,2.02926e6,-5.08969e-9
1457532210,30351517.24021768,26283023.863329895,4068.493,3.95131e14,0.8703,-4.04861e6,2.03341e6,-5.10009e-9
1457532240,30337555.447436202,26265412.79617853,4072.143,3.97058e14,0.3869,-4.06668e6,2.03753e6,-5.11044e-9
1457532270,30323554.339688256,26247821.746294595,4075.733,3.94376e14,1.0598,-4.06114e6,2.04164e6,-5.12074e-9
1457532300,30309514.042649433,26230251.102745228,4079.263,3.92376e14,1.5617,-4.05900e6,2.04573e6,-5.13098e-9
1457532330,30295434.682743594,26212701.255626738,4082.733,4.08451e14,2.4712,-4.14971e6,2.04979e6,-5.14117e-9
1457532360,30281316.387156345,26195172.59614902,4086.144,4.12465e14,3.4783,-4.17857e6,2.05384e6,-5.15131e-9
1457532390,30267159.283828367,26177665.5165353,4089.494,4.05899e14,1.8311,-4.15287e6,2.05786e6,-5.16139e-9
1457532420,30252963.501462054,26160180.410043474,4092.783,4.00150e14,0.3887,-4.13120e6,2.06186e6,-5.17142e-9
1457532450,30238729.169524994,26142717.67095753,4096.011,3.95527e14,0.7709,-4.11522e6,2.06584e6,-5.18140e-9
1457532480,30224456.41825334,26125277.694578696,4099.179,4.01567e14,0.7442,-4.15446e6,2.06979e6,-5.19132e-9
1457532510,30210145.378655355,26107860.87721649,4102.285,4.02336e14,0.9372,-4.16635e6,2.07373e6,-5.20118e-9
1457532540,30195796.182514768,26090467.61617958,4105.329,3.87330e14,2.8275,-4.09601e6,2.07764e6,-5.21098e-9
1457532570,30181408.962394256,26073098.309766445,4108.311,3.81662e14,4.2495,-4.07408e6,2.08153e6,-5.22073e-9
1457532600,30166983.85163898,26055753.357255835,4111.230,3.96488e14,0.5299,-4.15919e6,2.08539e6,-5.23042e-9
1457532630,30152520.984381985,26038433.158931985,4114.088,4.02238e14,0.9125,-4.19698e6,2.08923e6,-5.24005e-9
1457532660,30138020.495541587,26021138.11596762,4116.882,3.88658e14,2.4944,-4.13335e6,2.09305e6,-5.24961e-9
1457532690,30123482.520831015,26003868.630521033,4119.614,3.84540e14,3.5274,-4.11919e6,2.09684e6,-5.25912e-9
1457532720,30108907.19675998,25986625.10569154,4122.282,3.91611e14,1.7536,-4.16384e6,2.10061e6,-5.26857e-9
1457532750,30094294.66063807,25969407.94550952,4124.887,4.01000e14,0.6021,-4.22082e6,2.10435e6,-5.27796e-9
1457532780,30079645.050578445,25952217.554925963,4127.427,4.05974e14,1.8500,-4.25457e6,2.10807e6,-5.28728e-9
1457532810,30064958.5055013,25935054.33980223,4129.904,4.07093e14,2.1305,-4.26795e6,2.11177e6,-5.29654e-9
1457532840,30050235.165137418,25917918.706899293,4132.316,4.02956e14,1.0928,-4.25341e6,2.11543e6,-5.30574e-9
1457532870,30035475.170031745,25900811.063867003,4134.664,3.95661e14,0.7375,-4.22196e6,2.11908e6,-5.31487e-9
1457532900,30020678.66154691,25883731.819233052,4136.947,3.87225e14,2.8538,-4.18425e6,2.12269e6,-5.32393e-9
1457532930,30005845.78185821,25866681.38235302,4139.164,3.82916e14,3.9348,-4.16835e6,2.12628e6,-5.33293e-9
1457532960,29990976.673983745,25849660.163518265,4141.317,3.88355e14,2.5703,-4.20439e6,2.12985e6,-5.34187e-9
1457532990,29976071.48176134,25832668.573825046,4143.403,3.97902e14,0.1752,-4.26245e6,2.13338e6,-5.35073e-9
1457533020,29961130.349860754,25815707.02520091,4145.423,3.95972e14,0.6594,-4.25912e6,2.13689e6,-5.35953e-9
1457533050,29946153.42378713,25798775.93039248,4147.377,3.94012e14,1.1510,-4.25553e6,2.14037e6,-5.36826e-9
1457533080,29931140.84988454,25781875.70295284,4149.265,3.93413e14,1.3014,-4.25918e6,2.14383e6,-5.37692e-9
1457533110,29916092.775339648,25765006.75722893,4151.086,3.97630e14,0.2435,-4.28869e6,2.14725e6,-5.38551e-9
1457533140,29901009.34818515,25748169.50834861,4152.840,4.05160e14,1.6457,-4.33610e6,2.15065e6,-5.39403e-9
1457533170,29885890.717303444,25731364.37220755,4154.526,3.97127e14,0.3697,-4.29949e6,2.15402e6,-5.40247e-9
1457533200,29870737.03243018,25714591.765455987,4156.145,3.94347e14,1.0670,-4.29111e6,2.15736e6,-5.41085e-9
1457533230,29855548.444178823,25697852.10552617,4157.696,3.97433e14,0.2928,-4.31442e6,2.16067e6,-5.41915e-9
1457533260,29840325.10397978,25681145.810492653,4159.179,4.00684e14,0.5227,-4.33862e6,2.16395e6,-5.42737e-9
1457533290,29825067.164148767,25664473.29918464,4160.594,3.93847e14,1.1925,-4.30797e6,2.16721e6,-5.43553e-9
1457533320,29809774.7778696,25647834.99113154,4161.940,3.98109e14,0.1233,-4.33757e6,2.17043e6,-5.44360e-9
1457533350,29794448.09919805,25631231.30654899,4163.217,3.92159e14,1.6161,-4.31151e6,2.17362e6,-5.45160e-9
1457533380,29779087.283065703,25614662.666324798,4164.425,3.92215e14,1.6019,-4.31809e6,2.17678e6,-5.45953e-9
1457533410,29763692.48528376,25598129.492004693,4165.563,4.03628e14,1.2613,-4.38669e6,2.17991e6,-5.46737e-9
1457533440,29748263.862546824,25581632.205777764,4166.632,3.85198e14,3.3624,-4.29202e6,2.18301e6,-5.47514e-9
1457533470,29732801.572436772,25565171.230461873,4167.630,3.81035e14,4.4068,-4.27522e6,2.18607e6,-5.48283e-9
1457533500,29717305.773426533,25548746.98948866,4168.559,3.95492e14,0.7798,-4.36053e6,2.18911e6,-5.49044e-9
1457533530,29701776.62484801,25532359.906852834,4169.417,3.97464e14,0.2850,-4.37735e6,2.19211e6,-5.49796e-9
1457533560,29686214.287006557,25516010.407206796,4170.204,3.96174e14,0.6087,-4.37618e6,2.19508e6,-5.50541e-9
1457533590,29670618.921073727,25499698.91573479,4170.920,4.06637e14,2.0161,-4.43971e6,2.19802e6,-5.51277e-9
1457533620,29654990.689126723,25483425.858172618,4171.565,4.00415e14,0.4553,-4.41124e6,2.20092e6,-5.52005e-9
1457533650,29639329.754151914,25467191.66079134,4172.138,3.85077e14,3.3926,-4.33221e6,2.20379e6,-5.52725e-9
1457533680,29623636.280048363,25450996.75038083,4172.640,3.86933e14,2.9270,-4.34806e6,2.20663e6,-5.53436e-9
1457533710,29607910.431631315,25434841.554233097,4173.069,4.00249e14,0.4135,-4.42736e6,2.20943e6,-5.54139e-9
1457533740,29592152.374635782,25418726.500125334,4173.426,4.05172e14,1.6487,-4.46023e6,2.21220e6,-5.54833e-9
1457533770,29576362.275720045,25402652.016302884,4173.710,4.04970e14,1.5981,-4.46462e6,2.21493e6,-5.55518e-9
1457533800,29560540.3024693,25386618.531461857,4173.922,3.94326e14,1.0725,-4.41085e6,2.21763e6,-5.56195e-9
1457533830,29544686.623447455,25370626.474755157,4174.060,3.80541e14,4.5308,-4.33938e6,2.22029e6,-5.56863e-9
1457533860,29528801.40805191,25354676.27570211,4174.125,3.91769e14,1.7137,-4.40712e6,2.22292e6,-5.57521e-9
1457533890,29512884.826666564,25338768.364243563,4174.116,4.08782e14,2.5544,-4.50722e6,2.22551e6,-5.58171e-9
1457533920,29496937.05061751,25322903.170700274,4174.034,4.12297e14,3.4361,-4.53203e6,2.22807e6,-5.58812e-9
1457533950,29480958.252177045,25307081.125754733,4173.877,4.02456e14,0.9672,-4.48209e6,2.23058e6,-5.59443e-9
1457533980,29464948.604567774,25291302.660432804,4173.646,3.93878e14,1.1848,-4.43904e6,2.23307e6,-5.60065e-9
1457534010,29448908.28196663,25275568.206085183,4173.340,3.94560e14,1.0136,-4.44772e6,2.23551e6,-5.60678e-9
1457534040,29432837.45950897,25259878.19436858,4172.959,4.02812e14,1.0567,-4.49883e6,2.23792e6,-5.61282e-9
1457534070,29416736.31329261,25244233.05722681,4172.503,4.06576e14,2.0010,-4.52474e6,2.24028e6,-5.61875e-9
1457534100,29400605.020381834,25228633.22687153,4171.972,4.15384e14,4.2107,-4.57898e6,2.24261e6,-5.62460e-9
1457534130,29384443.75876212,25213079.135750145,4171.365,4.12508e14,3.4892,-4.56747e6,2.24491e6,-5.63034e-9
1457534160,29368252.707496293,25197571.21656574,4170.681,3.98098e14,0.1260,-4.49084e6,2.24716e6,-5.63599e-9
1457534190,29352032.046575822,25182109.90221732,4169.922,3.98350e14,0.0629,-4.49668e6,2.24937e6,-5.64154e-9
1457534220,29335781.956973806,25166695.62579271,4169.086,3.97784e14,0.2049,-4.49782e6,2.25154e6,-5.64699e-9
1457534250,29319502.62064853,25151328.820548166,4168.174,3.94542e14,1.0181,-4.48376e6,2.25368e6,-5.65234e-9
1457534280,29303194.220546987,25136009.919887953,4167.184,4.05008e14,1.6075,-4.54714e6,2.25577e6,-5.65759e-9
1457534310,29286856.940608405,25120739.357343577,4166.118,3.99168e14,0.1424,-4.51821e6,2.25782e6,-5.66274e-9
1457534340,29270490.965767767,25105517.566552833,4164.973,3.99378e14,0.1951,-4.52342e6,2.25983e6,-5.66778e-9
1457534370,29254096.481959254,25090344.981238723,4163.752,4.00981e14,0.5973,-4.53646e6,2.26180e6,-5.67272e-9
1457534400,29237673.676119823,25075222.03518814,4162.452,3.94907e14,0.9265,-4.50584e6,2.26373e6,-5.67756e-9
1457534430,29221222.736227058,25060149.16224398,4161.074,4.08246e14,2.4198,-4.58539e6,2.26562e6,-5.68229e-9
1457534460,29204743.851196572,25045126.796241216,4159.617,4.03385e14,1.2003,-4.56148e6,2.26746e6,-5.68691e-9
1457534490,29188237.21099208,25030155.37102749,4158.082,4.02951e14,1.0915,-4.56263e6,2.26926e6,-5.69143e-9
1457534520,29171703.00659464,25015235.32042734,4156.468,3.97211e14,0.3485,-4.53348e6,2.27102e6,-5.69584e-9
1457534550,29155141.43000652,25000367.078219973,4154.774,3.85615e14,3.2579,-4.47080e6,2.27274e6,-5.70015e-9
1457534580,29138552.674255017,24985551.07811679,4153.002,3.88178e14,2.6147,-4.48871e6,2.27441e6,-5.70434e-9
1457534610,29121936.933396325,24970787.753738895,4151.149,4.00387e14,0.4482,-4.56161e6,2.27604e6,-5.70842e-9
1457534640,29105294.40251936,24956077.538594134,4149.217,3.95429e14,0.7957,-4.53646e6,2.27762e6,-5.71239e-9
1457534670,29088625.27774962,24941420.866054155,4147.204,3.87212e14,2.8570,-4.49256e6,2.27916e6,-5.71625e-9
1457534700,29071929.75625305,24926818.169331092,4145.112,4.05999e14,1.8560,-4.60296e6,2.28065e6,-5.71999e-9
1457534730,29055208.036229562,24912269.88143019,4142.938,4.03661e14,1.2697,-4.59250e6,2.28210e6,-5.72362e-9
1457534760,29038460.316948827,24897776.435200136,4140.684,3.96489e14,0.5298,-4.55425e6,2.28350e6,-5.72714e-9
1457534790,29021686.79872205,24883338.263234936,4138.349,4.00502e14,0.4770,-4.57995e6,2.28485e6,-5.73054e-9
1457534820,29004887.68291608,24868955.79787375,4135.932,3.95367e14,0.8112,-4.55313e6,2.28616e6,-5.73383e-9
1457534850,28988063.171957202,24854629.471176427,4133.434,3.98363e14,0.0596,-4.57283e6,2.28743e6,-5.73700e-9
1457534880,28971213.46933482,24840359.714898888,4130.854,4.01390e14,0.6998,-4.59264e6,2.28864e6,-5.74004e-9
1457534910,28954338.77960514,24826146.960468363,4128.192,3.95631e14,0.7449,-4.56191e6,2.28981e6,-5.74297e-9
1457534940,28937439.308394954,24811991.638958357,4125.448,4.08694e14,2.5322,-4.63920e6,2.29093e6,-5.74578e-9
1457534970,28920515.262405157,24797894.181063473,4122.621,3.99379e14,0.1952,-4.58782e6,2.29200e6,-5.74847e-9
1457535000,28903566.84941451,24783855.017074168,4119.712,3.84271e14,3.5949,-4.50298e6,2.29302e6,-5.75104e-9
1457535030,28886594.27827324,24769874.576887086,4116.720,3.91181e14,1.8614,-4.54465e6,2.29400e6,-5.75349e-9
1457535060,28869597.758937325,24755953.289868824,4113.644,3.92693e14,1.4819,-4.55519e6,2.29492e6,-5.75581e-9
1457535090,28852577.50244133,24742091.584940903,4110.486,3.92383e14,1.5597,-4.55514e6,2.29580e6,-5.75801e-9
1457535120,28835533.720911868,24728289.890518297,4107.244,3.99461e14,0.2160,-4.59755e6,2.29662e6,-5.76008e-9
1457535150,28818466.627571013,24714548.634483505,4103.918,3.92203e14,1.6051,-4.55728e6,2.29740e6,-5.76202e-9
1457535180,28801376.436739814,24700868.24416056,4100.508,3.82732e14,3.9811,-4.50413e6,2.29812e6,-5.76384e-9
1457535210,28784263.363841686,24687249.146288816,4097.014,3.97130e14,0.3690,-4.58846e6,2.29879e6,-5.76554e-9
1457535240,28767127.62540588,24673691.766996674,4093.436,4.03621e14,1.2596,-4.62714e6,2.29942e6,-5.76710e-9
1457535270,28749969.439070884,24660196.531774975,4089.773,3.99125e14,0.1315,-4.60235e6,2.29999e6,-5.76853e-9
1457535300,28732789.023587827,24646763.865450345,4086.025,3.89885e14,2.1865,-4.55008e6,2.30050e6,-5.76983e-9
1457535330,28715586.598843195,24633394.192117088,4082.192,3.93106e14,1.3785,-4.56959e6,2.30097e6,-5.77101e-9
1457535360,28698362.385802727,24620087.935237266,4078.274,4.01583e14,0.7482,-4.61934e6,2.30138e6,-5.77205e-9
1457535390,28681116.60657454,24606845.517486207,4074.271,3.98910e14,0.0778,-4.60463e6,2.30174e6,-5.77295e-9
1457535420,28663849.484393228,24593667.36076597,4070.182,3.94114e14,1.1256,-4.57755e6,2.30205e6,-5.77372e-9
1457535450,28646561.24362349,24580553.886177447,4066.007,3.99894e14,0.3246,-4.61143e6,2.30230e6,-5.77436e-9
1457535480,28629252.10976352,24567505.513992473,4061.747,3.95275e14,0.8343,-4.58516e6,2.30250e6,-5.77486e-9
1457535510,28611922.309448566,24554522.663625587,4057.400,3.97483e14,0.2804,-4.59820e6,2.30264e6,-5.77523e-9
1457535540,28594572.070454378,24541605.75360578,4052.966,4.02977e14,1.0980,-4.63011e6,2.30273e6,-5.77546e-9
1457535570,28577201.621700592,24528755.20154808,4048.446,4.03660e14,1.2693,-4.63412e6,2.30277e6,-5.77555e-9
1457535600,28559811.1932542,24515971.42412499,4043.840,4.08687e14,2.5304,-4.66311e6,2.30274e6,-5.77550e-9
1457535630,28542401.016314216,24503254.837078538,4039.146,3.97260e14,0.3363,-4.59697e6,2.30267e6,-5.77531e-9
1457535660,28524971.32327275,24490605.855065987,4034.365,3.96698e14,0.4773,-4.59345e6,2.30253e6,-5.77498e-9
1457535690,28507522.34766032,24478024.891756624,4029.497,3.96976e14,0.4076,-4.59468e6,2.30234e6,-5.77451e-9
1457535720,28490054.324167825,24465512.359762467,4024.542,3.95223e14,0.8474,-4.58407e6,2.30210e6,-5.77389e-9
1457535750,28472567.488649614,24453068.67060941,4019.499,4.04735e14,1.5390,-4.63838e6,2.30179e6,-5.77314e-9
1457535780,28455062.07812664,24440694.234708346,4014.368,4.06437e14,1.9659,-4.64748e6,2.30143e6,-5.77224e-9
1457535810,28437538.33078945,24428389.461326208,4009.149,3.93884e14,1.1832,-4.57419e6,2.30101e6,-5.77119e-9
1457535840,28419996.48600129,24416154.758556806,4003.842,4.04038e14,1.3641,-4.63183e6,2.30053e6,-5.77000e-9
1457535870,28402436.784301065,24403990.533291645,3998.446,4.10633e14,3.0186,-4.66880e6,2.30000e6,-5.76866e-9
1457535900,28384859.467406325,24391897.19119062,3992.962,4.04008e14,1.3567,-4.62939e6,2.29940e6,-5.76717e-9
1457535930,28367264.778228026,24379875.136617858,3987.390,4.09909e14,2.8371,-4.66209e6,2.29875e6,-5.76554e-9
1457535960,28349652.960836947,24367924.772719152,3981.728,3.95420e14,0.7979,-4.57713e6,2.29803e6,-5.76375e-9
1457535990,28332024.260503408,24356046.50128527,3975.978,3.89308e14,2.3313,-4.54038e6,2.29726e6,-5.76182e-9
1457536020,28314378.923688293,24344240.722756572,3970.138,4.00539e14,0.4862,-4.60342e6,2.29642e6,-5.75973e-9
1457536050,28296717.19804594,24332507.836192925,3964.209,4.01592e14,0.7504,-4.60769e6,2.29553e6,-5.75750e-9
1457536080,28279039.3324271,24320848.23924351,3958.191,4.08289e14,2.4306,-4.64432e6,2.29457e6,-5.75511e-9
1457536110,28261345.576881863,24309262.328116562,3952.083,4.06985e14,2.1034,-4.63476e6,2.29356e6,-5.75256e-9
1457536140,28243636.182662442,24297750.49754903,3945.886,3.98128e14,0.1186,-4.58166e6,2.29248e6,-5.74987e-9
1457536170,28225911.40222602,24286313.140776165,3939.598,4.02941e14,1.0889,-4.60704e6,2.29134e6,-5.74702e-9
1457536200,28208171.48923754,24274950.649501003,3933.221,4.05104e14,1.6316,-4.61705e6,2.29013e6,-5.74401e-9
1457536230,28190416.698570494,24263663.41388894,3926.753,4.03256e14,1.1681,-4.60390e6,2.28887e6,-5.74084e-9
1457536260,28172647.286315843,24252451.822459985,3920.195,4.06114e14,1.8851,-4.61763e6,2.28754e6,-5.73752e-9
1457536290,28154863.509778287,24241316.262135338,3913.547,4.09671e14,2.7774,-4.63522e6,2.28615e6,-5.73404e-9
1457536320,28137065.627480976,24230257.118181955,3906.809,4.12443e14,3.4728,-4.64816e6,2.28470e6,-5.73040e-9
1457536350,28119253.899168115,24219274.774182115,3899.979,4.09668e14,2.7767,-4.62919e6,2.28318e6,-5.72661e-9
1457536380,28101428.58580746,24208369.61200277,3893.059,4.01082e14,0.6225,-4.57685e6,2.28160e6,-5.72265e-9
1457536410,28083589.94959288,24197542.011765223,3886.048,3.94155e14,1.1153,-4.53394e6,2.27995e6,-5.71853e-9
1457536440,28065738.253946707,24186792.351814352,3878.946,4.02975e14,1.0974,-4.58094e6,2.27824e6,-5.71425e-9
1457536470,28047873.76352223,24176121.008688185,3871.753,4.02563e14,0.9941,-4.57502e6,2.27646e6,-5.70980e-9
1457536500,28029996.744205967,24165528.357087217,3864.468,3.89745e14,2.2216,-4.49819e6,2.27462e6,-5.70519e-9
1457536530,28012107.46311254,24155014.76983316,3857.093,3.91372e14,1.8135,-4.50370e6,2.27272e6,-5.70042e-9
1457536560,27994206.18860989,24144580.617871318,3849.626,3.96788e14,0.4547,-4.53064e6,2.27074e6,-5.69548e-9
1457536590,27976293.190298572,24134226.270206984,3842.067,4.02256e14,0.9172,-4.55770e6,2.26870e6,-5.69038e-9
1457536620,27958368.739021268,24123952.093885332,3834.417,4.06020e14,1.8613,-4.57487e6,2.26660e6,-5.68511e-9
1457536650,27940433.106864803,24113758.45396077,3826.675,3.96933e14,0.4183,-4.51888e6,2.26443e6,-5.67968e-9
1457536680,27922486.56716218,24103645.713466268,3818.841,3.97451e14,0.2883,-4.51735e6,2.26219e6,-5.67407e-9
1457536710,27904529.39449455,24093614.2333826,3810.915,4.01647e14,0.7642,-4.53653e6,2.25988e6,-5.66830e-9
1457536740,27886561.86469309,24083664.37260775,3802.897,4.02986e14,1.1001,-4.53936e6,2.25751e6,-5.66235e-9
1457536770,27868584.254840933,24073796.48792619,3794.788,4.02574e14,0.9970,-4.53212e6,2.25507e6,-5.65624e-9
1457536800,27850596.84327488,24064010.933978226,3786.586,3.94170e14,1.1116,-4.47960e6,2.25256e6,-5.64996e-9
1457536830,27832599.909600776,24054308.063223362,3778.292,3.88915e14,2.4300,-4.44482e6,2.24998e6,-5.64350e-9
1457536860,27814593.73465359,24044688.225928463,3769.906,3.96748e14,0.4647,-4.48375e6,2.24733e6,-5.63688e-9
1457536890,27796578.600540716,24035151.770118434,3761.427,4.00008e14,0.3532,-4.49669e6,2.24462e6,-5.63008e-9
1457536920,27778554.790630277,24025699.04155178,3752.856,3.98710e14,0.0275,-4.48382e6,2.24183e6,-5.62310e-9
1457536950,27760522.58955273,24016330.383690137,3744.192,4.03453e14,1.2174,-4.50475e6,2.23898e6,-5.61596e-9
1457536980,27742482.28320254,24007046.137667824,3735.436,3.95026e14,0.8968,-4.45161e6,2.23605e6,-5.60864e-9
1457537010,27724434.158739742,23997846.64226159,3726.588,3.85621e14,3.2562,-4.39298e6,2.23306e6,-5.60114e-9
1457537040,27706378.504591394,23988732.23386032,3717.646,3.89833e14,2.1996,-4.41051e6,2.22999e6,-5.59347e-9
1457537070,27688315.610453077,23979703.24643485,3708.612,3.92106e14,1.6293,-4.41701e6,2.22686e6,-5.58562e-9
1457537100,27670245.767290164,23970760.011507966,3699.486,3.84371e14,3.5699,-4.36751e6,2.22365e6,-5.57759e-9
1457537130,27652169.267324433,23961902.85814649,3690.266,3.99116e14,0.1293,-4.44321e6,2.22038e6,-5.56938e-9
1457537160,27634086.40408083,23953132.112863302,3680.954,4.12615e14,3.5160,-4.51158e6,2.21703e6,-5.56100e-9
1457537190,27615997.472342998,23944448.09965585,3671.549,4.09611e14,2.7623,-4.48795e6,2.21361e6,-5.55244e-9
1457537220,27597902.768169034,23935851.139954578,3662.052,3.99804e14,0.3020,-4.42651e6,2.21012e6,-5.54370e-9
1457537250,27579802.588892333,23927341.552593548,3652.461,3.91994e14,1.6574,-4.37615e6,2.20655e6,-5.53478e-9
1457537280,27561697.233122427,23918919.65378131,3642.778,3.89981e14,2.1625,-4.35783e6,2.20292e6,-5.52567e-9
1457537310,27543587.000745784,23910585.75707164,3633.001,3.91113e14,1.8784,-4.35674e6,2.19921e6,-5.51639e-9
1457537340,27525472.192926366,23902340.173334736,3623.132,4.02787e14,1.0503,-4.41355e6,2.19543e6,-5.50692e-9
1457537370,27507353.112106364,23894183.210728183,3613.170,4.08931e14,2.5918,-4.43959e6,2.19158e6,-5.49727e-9
1457537400,27489230.062006585,23886115.17466833,3603.115,4.02591e14,1.0011,-4.39685e6,2.18765e6,-5.48744e-9
1457537430,27471103.34763867,23878136.367770106,3592.967,3.93397e14,1.3054,-4.33846e6,2.18366e6,-5.47743e-9
1457537460,27452973.275269605,23870247.089915827,3582.726,4.02677e14,1.0227,-4.38111e6,2.17958e6,-5.46723e-9
1457537490,27434840.15245782,23862447.638129443,3572.393,4.07929e14,2.3404,-4.40145e6,2.17544e6,-5.45685e-9
1457537520,27416704.288041927,23854738.30657954,3561.966,4.03081e14,1.1240,-4.36651e6,2.17122e6,-5.44628e-9
1457537550,27398565.99214105,23847119.386551235,3551.447,3.96419e14,0.5472,-4.32167e6,2.16692e6,-5.43553e-9
1457537580,27380425.57615492,23839591.166418016,3540.834,3.95110e14,0.8756,-4.30587e6,2.16256e6,-5.42459e-9
1457537610,27362283.352764104,23832153.931613903,3530.129,3.97246e14,0.3397,-4.30859e6,2.15811e6,-5.41346e-9
1457537640,27344139.63592989,23824807.964605667,3519.332,4.00767e14,0.5435,-4.31860e6,2.15360e6,-5.40215e-9
1457537670,27325994.740894385,23817553.544865318,3508.441,4.11166e14,3.1524,-4.36546e6,2.14901e6,-5.39065e-9
1457537700,27307848.98418027,23810390.94884282,3497.458,4.03208e14,1.1560,-4.31318e6,2.14434e6,-5.37896e-9
1457537730,27289702.683584902,23803320.44996854,3486.382,3.92347e14,1.5690,-4.24536e6,2.13960e6,-5.36709e-9
1457537760,27271556.15819762,23796342.31853506,3475.214,3.89512e14,2.2801,-4.22063e6,2.13478e6,-5.35502e-9
1457537790,27253409.728381872,23789456.82176219,3463.953,3.85551e14,3.2738,-4.18980e6,2.12989e6,-5.34277e-9
1457537820,27235263.715780288,23782664.223741032,3452.599,3.95119e14,0.8733,-4.23104e6,2.12493e6,-5.33033e-9
1457537850,27217118.443314075,23775964.78540801,3441.154,4.06874e14,2.0755,-4.28351e6,2.11988e6,-5.31770e-9
1457537880,27198974.23518227,23769358.76451917,3429.615,4.06430e14,1.9642,-4.27083e6,2.11476e6,-5.30488e-9
1457537910,27180831.416860953,23762846.415624674,3417.985,4.01365e14,0.6934,-4.23354e6,2.10957e6,-5.29187e-9
1457537940,27162690.315102313,23756427.990043513,3406.262,3.81544e14,4.2792,-4.11834e6,2.10430e6,-5.27867e-9
1457537970,27144551.257933594,23750103.73583857,3394.448,3.94515e14,1.0250,-4.17618e6,2.09895e6,-5.26527e-9
1457538000,27126414.574656025,23743873.897791803,3382.541,4.11255e14,3.1748,-4.25332e6,2.09353e6,-5.25169e-9
1457538030,27108280.59584311,23737738.71736331,3370.542,3.99580e14,0.2459,-4.18100e6,2.08803e6,-5.23791e-9
1457538060,27090149.653340835,23731698.432718072,3358.451,3.88838e14,2.4491,-4.11373e6,2.08246e6,-5.22395e-9
1457538090,27072022.0802645,23725753.278650574,3346.269,3.92989e14,1.4078,-4.12419e6,2.07680e6,-5.20979e-9
1457538120,27053898.210997798,23719903.486577686,3333.995,3.95421e14,0.7977,-4.12546e6,2.07107e6,-5.19544e-9
1457538150,27035778.381191146,23714149.284515083,3321.629,3.92312e14,1.5776,-4.09780e6,2.06527e6,-5.18089e-9
1457538180,27017662.92776003,23708490.897053868,3309.172,4.06334e14,1.9401,-4.15857e6,2.05939e6,-5.16616e-9
1457538210,26999552.188883077,23702928.54533766,3296.624,4.12683e14,3.5331,-4.17925e6,2.05343e6,-5.15123e-9
1457538240,26981446.504000176,23697462.447039753,3283.984,4.08927e14,2.5908,-4.14768e6,2.04739e6,-5.13611e-9
1457538270,26963346.21381041,23692092.816340726,3271.253,3.97851e14,0.1880,-4.07859e6,2.04128e6,-5.12079e-9
1457538300,26945251.660269942,23686819.863906264,3258.432,3.91640e14,1.7461,-4.03452e6,2.03509e6,-5.10528e-9
1457538330,26927163.186593454,23681643.796862308,3245.519,3.86306e14,3.0843,-3.99495e6,2.02882e6,-5.08958e-9
1457538360,26909081.137240194,23676564.818782605,3232.516,3.79474e14,4.7983,-3.94780e6,2.02247e6,-5.07368e-9
1457538390,26891005.857923355,23671583.129658654,3219.423,4.00146e14,0.3878,-4.03983e6,2.01605e6,-5.05759e-9
1457538420,26872937.695603628,23666698.92588151,3206.239,4.22373e14,5.9641,-4.13886e6,2.00955e6,-5.04131e-9
1457538450,26854876.99848659,23661912.40022126,3192.965,4.15991e14,4.3630,-4.09326e6,2.00297e6,-5.02483e-9
1457538480,26836824.11601985,23657223.74180673,3179.600,4.07645e14,2.2691,-4.03787e6,1.99632e6,-5.00815e-9
1457538510,26818779.398890227,23652633.136105586,3166.146,3.99972e14,0.3441,-3.98596e6,1.98958e6,-4.99129e-9
1457538540,26800743.199020714,23648140.76490471,3152.602,3.96878e14,0.4321,-3.95694e6,1.98277e6,-4.97422e-9
1457538570,26782715.8695673,23643746.806291044,3138.969,4.02457e14,0.9676,-3.97085e6,1.97589e6,-4.95697e-9
1457538600,26764697.764915735,23639451.434632666,3125.246,3.92018e14,1.6514,-3.90530e6,1.96892e6,-4.93952e-9
1457538630,26746689.240677636,23635254.82057865,3111.434,3.96319e14,0.5723,-3.91251e6,1.96188e6,-4.92187e-9
1457538660,26728690.65368856,23631157.13098468,3097.534,4.05930e14,1.8388,-3.94545e6,1.95476e6,-4.90403e-9
1457538690,26710702.36200263,23627158.528951433,3083.544,3.92057e14,1.6416,-3.86315e6,1.94756e6,-4.88600e-9
1457538720,26692724.724889316,23623259.173789177,3069.466,3.99948e14,0.3380,-3.88714e6,1.94028e6,-4.86777e-9
1457538750,26674758.102829482,23619459.22100101,3055.299,3.98035e14,0.1418,-3.86314e6,1.93293e6,-4.84935e-9
1457538780,26656802.85751134,23615758.822266318,3041.044,3.89044e14,2.3975,-3.80487e6,1.92550e6,-4.83073e-9
1457538810,26638859.351826265,23612158.125424694,3026.701,3.95709e14,0.7253,-3.82211e6,1.91799e6,-4.81192e-9
1457538840,26620927.949864417,23608657.274460256,3012.271,3.94952e14,0.9154,-3.80338e6,1.91041e6,-4.79291e-9
1457538870,26603009.016910214,23605256.409486283,2997.753,3.93384e14,1.3087,-3.78065e6,1.90275e6,-4.77371e-9
1457538900,26585102.919437785,23601955.666730292,2983.147,3.85068e14,3.3951,-3.72574e6,1.89501e6,-4.75432e-9
1457538930,26567210.02509652,23598755.17849567,2968.455,3.90467e14,2.0406,-3.73594e6,1.88719e6,-4.73473e-9
1457538960,26549330.702735756,23595655.07322077,2953.676,3.92676e14,1.4862,-3.73074e6,1.87929e6,-4.71495e-9
1457538990,26531465.322370157,23592655.475391936,2938.810,3.93666e14,1.2379,-3.71958e6,1.87132e6,-4.69498e-9
1457539020,26513614.25518393,23589756.50555352,2923.858,4.13627e14,3.7700,-3.79690e6,1.86327e6,-4.67481e-9
1457539050,26495777.87352553,23586958.280294754,2908.820,4.11515e14,3.2401,-3.77052e6,1.85515e6,-4.65445e-9
1457539080,26477956.550901916,23584260.91223694,2893.696,3.89560e14,2.2681,-3.65212e6,1.84695e6,-4.63389e-9
1457539110,26460150.661972985,23581664.5100211,2878.486,3.82019e14,4.1599,-3.60098e6,1.83867e6,-4.61315e-9
1457539140,26442360.582545683,23579169.178296067,2863.191,3.87858e14,2.6950,-3.61144e6,1.83031e6,-4.59221e-9
1457539170,26424586.689568,23576775.017706808,2847.812,3.98329e14,0.0682,-3.64267e6,1.82188e6,-4.57108e-9
1457539200,26406829.36112287,23574482.124883432,2832.347,4.09993e14,2.8582,-3.67874e6,1.81337e6,-4.54976e-9
1457539230,26389088.97644354,23572290.592445828,2816.798,4.05410e14,1.7085,-3.64058e6,1.80478e6,-4.52824e-9
1457539260,26371365.915840525,23570200.508946057,2801.165,3.93684e14,1.2334,-3.57027e6,1.79612e6,-4.50654e-9
1457539290,26353660.56076169,23568211.958905846,2785.449,3.98080e14,0.1305,-3.57263e6,1.78738e6,-4.48464e-9
1457539320,26335973.29376423,23566325.022792023,2769.648,4.03590e14,1.2519,-3.57961e6,1.77857e6,-4.46255e-9
1457539350,26318304.49850793,23564539.777007718,2753.765,3.96640e14,0.4918,-3.53087e6,1.76968e6,-4.44028e-9
1457539380,26300654.559748355,23562856.293883998,2737.798,3.97489e14,0.2788,-3.51675e6,1.76071e6,-4.41781e-9
1457539410,26283023.863329895,23561274.64167192,2721.749,4.16846e14,4.5775,-3.58378e6,1.75167e6,-4.39515e-9
1457539440,26265412.79617853,23559794.884535108,2705.618,4.07967e14,2.3498,-3.52631e6,1.74256e6,-4.37231e-9
1457539470,26247821.746294595,23558417.08254272,2689.405,4.00533e14,0.4849,-3.47540e6,1.73337e6,-4.34927e-9
1457539500,26230251.102745228,23557141.291662887,2673.110,4.10684e14,3.0314,-3.50074e6,1.72410e6,-4.32605e-9
1457539530,26212701.255626738,23555967.563757464,2656.734,3.93723e14,1.2237,-3.40881e6,1.71476e6,-4.30264e-9
1457539560,26195172.59614902,23554895.946573652,2640.277,3.77191e14,5.3711,-3.31936e6,1.70534e6,-4.27905e-9
1457539590,26177665.5165353,23553926.483741663,2623.739,3.79453e14,4.8038,-3.31052e6,1.69585e6,-4.25526e-9
1457539620,26160180.410043474,23553059.214769013,2607.121,3.89024e14,2.4025,-3.33236e6,1.68629e6,-4.23129e-9
1457539650,26142717.67095753,23552294.175036207,2590.423,3.92206e14,1.6041,-3.32672e6,1.67665e6,-4.20714e-9
1457539680,26125277.694578696,23551631.395792864,2573.646,3.97911e14,0.1730,-3.33132e6,1.66694e6,-4.18280e-9
1457539710,26107860.87721649,23551070.904154375,2556.790,3.98250e14,0.0878,-3.31319e6,1.65715e6,-4.15827e-9
1457539740,26090467.61617958,23550612.72309887,2539.855,3.94488e14,1.0317,-3.27794e6,1.64730e6,-4.13357e-9
1457539770,26073098.309766445,23550256.871464692,2522.841,4.00676e14,0.5207,-3.28361e6,1.63736e6,-4.10867e-9
1457539800,26055753.357255835,23550003.363948334,2505.750,4.03863e14,1.3203,-3.27657e6,1.62736e6,-4.08360e-9
1457539830,26038433.158931985,23549852.211083535,2488.581,3.98254e14,0.0868,-3.23353e6,1.61728e6,-4.05834e-9
1457539860,26021138.11596762,23549803.41929956,2471.335,4.01321e14,0.6826,-3.22562e6,1.60713e6,-4.03291e-9
1457539890,26003868.630521033,23549856.99086066,2454.012,4.07781e14,2.3031,-3.23101e6,1.59691e6,-4.00729e-9
1457539920,25986625.10569154,23550012.923885114,2436.612,3.88936e14,2.4245,-3.13516e6,1.58662e6,-3.98149e-9
1457539950,25969407.94550952,23550271.212345097,2419.137,3.86761e14,2.9702,-3.10609e6,1.57625e6,-3.95551e-9
1457539980,25952217.554925963,23550631.846067272,2401.586,4.02252e14,0.9161,-3.14641e6,1.56582e6,-3.92935e-9
1457540010,25935054.33980223,23551094.81073369,2383.960,3.97408e14,0.2991,-3.10640e6,1.55531e6,-3.90302e-9
1457540040,25917918.706899293,23551660.08788315,2366.259,3.89886e14,2.1863,-3.05613e6,1.54473e6,-3.87651e-9
1457540070,25900811.063867003,23552327.654913127,2348.483,3.99998e14,0.3506,-3.07401e6,1.53409e6,-3.84982e-9
1457540100,25883731.819233052,23553097.48508207,2330.634,4.03676e14,1.2735,-3.06661e6,1.52337e6,-3.82296e-9
1457540130,25866681.38235302,23553969.547542535,2312.712,4.02758e14,1.0432,-3.04142e6,1.51258e6,-3.79592e-9
1457540160,25849660.163518265,23554943.80725093,2294.716,4.16148e14,4.4023,-3.07006e6,1.50173e6,-3.76870e-9
1457540190,25832668.573825046,23556020.225065134,2276.648,3.99005e14,0.1016,-2.98361e6,1.49080e6,-3.74132e-9
1457540220,25815707.02520091,23557198.75771857,2258.508,3.96650e14,0.4892,-2.95287e6,1.47981e6,-3.71376e-9
1457540250,25798775.93039248,23558479.357825063,2240.297,4.03622e14,1.2599,-2.95651e6,1.46874e6,-3.68603e-9
1457540280,25781875.70295284,23559861.973884173,2222.014,4.05443e14,1.7166,-2.94078e6,1.45761e6,-3.65813e-9
1457540310,25765006.75722893,23561346.550287068,2203.660,4.01763e14,0.7933,-2.90484e6,1.44642e6,-3.63006e-9
1457540340,25748169.50834861,23562933.02732272,2185.236,3.89416e14,2.3042,-2.83776e6,1.43515e6,-3.60183e-9
1457540370,25731364.37220755,23564621.341184624,2166.743,3.85604e14,3.2605,-2.80174e6,1.42382e6,-3.57342e-9
1457540400,25714591.765455987,23566411.42397787,2148.180,3.96115e14,0.6235,-2.81659e6,1.41242e6,-3.54485e-9
1457540430,25697852.10552617,23568303.20369239,2129.549,4.16895e14,4.5896,-2.86680e6,1.40096e6,-3.51611e-9
1457540460,25681145.810492653,23570296.60431706,2110.849,4.02619e14,1.0083,-2.79344e6,1.38943e6,-3.48721e-9
1457540490,25664473.29918464,23572391.545741543,2092.082,3.97751e14,0.2131,-2.75331e6,1.37783e6,-3.45814e-9
1457540520,25647834.99113154,23574587.94379936,2073.247,3.98640e14,0.0099,-2.73307e6,1.36617e6,-3.42891e-9
1457540550,25631231.30654899,23576885.710276924,2054.346,4.16099e14,4.3900,-2.76898e6,1.35445e6,-3.39952e-9
1457540580,25614662.666324798,23579284.752922956,2035.378,4.05644e14,1.7670,-2.70967e6,1.34266e6,-3.36997e-9
1457540610,25598129.492004693,23581784.97545838,2016.345,3.69334e14,7.3422,-2.56448e6,1.33081e6,-3.34026e-9
1457546310,23581664.5100211,25599473.051168848,2017.809,3.95390e14,0.8054,2.65430e6,-1.33270e6,3.34252e-9
1457546340,23579169.178296067,25616013.447783343,2036.844,4.09917e14,2.8391,2.72686e6,-1.34453e6,3.37223e-9
1457546370,23576775.017706808,25632589.29907485,2055.814,4.26495e14,6.9981,2.80714e6,-1.35630e6,3.40179e-9
1457546400,23574482.124883432,25649200.183108933,2074.718,4.18206e14,4.9186,2.80294e6,-1.36800e6,3.43118e-9
1457546430,23572290.592445828,25665845.6785798,2093.555,4.01834e14,0.8111,2.77015e6,-1.37964e6,3.46041e-9
1457546460,23570200.508946057,25682525.36491899,2112.325,4.03000e14,1.1038,2.79748e6,-1.39122e6,3.48947e-9
1457546490,23568211.958905846,25699238.822215997,2131.027,4.03922e14,1.3351,2.82388e6,-1.40273e6,3.51837e-9
1457546520,23566325.022792023,25715985.63126259,2149.661,3.92098e14,1.6314,2.80499e6,-1.41417e6,3.54711e-9
1457546550,23564539.777007718,25732765.37356671,2168.226,3.84672e14,3.4943,2.80102e6,-1.42555e6,3.57568e-9
1457546580,23562856.293883998,25749577.631366074,2186.721,3.90214e14,2.1039,2.84323e6,-1.43686e6,3.60409e-9
1457546610,23561274.64167192,25766421.987641636,2205.147,4.12705e14,3.5386,2.94719e6,-1.44811e6,3.63233e-9
1457546640,23559794.884535108,25783298.02613078,2223.503,4.10060e14,2.8750,2.96027e6,-1.45928e6,3.66039e-9
1457546670,23558417.08254272,25800205.33134031,2241.788,4.06709e14,2.0341,2.97045e6,-1.47039e6,3.68829e-9
1457546700,23557141.291662887,25817143.488559272,2260.002,4.10518e14,2.9899,3.00693e6,-1.48144e6,3.71602e-9
1457546730,23555967.563757464,25834112.083892915,2278.145,4.01364e14,0.6933,2.99495e6,-1.49241e6,3.74358e-9
1457546760,23554895.946573652,25851110.704209417,2296.215,3.87362e14,2.8195,2.96404e6,-1.50331e6,3.77096e-9
1457546790,23553926.483741663,25868138.937217757,2314.212,3.95200e14,0.8530,3.01519e6,-1.51415e6,3.79817e-9
1457546820,23553059.214769013,25885196.371458728,2332.137,4.04185e14,1.4010,3.07101e6,-1.52492e6,3.82521e-9
1457546850,23552294.175036207,25902282.59631694,2349.988,3.89498e14,2.2837,3.03599e6,-1.53561e6,3.85207e-9
1457546880,23551631.395792864,25919397.20203258,2367.766,4.03950e14,1.3422,3.11307e6,-1.54624e6,3.87876e-9
1457546910,23551070.904154375,25936539.779713154,2385.469,3.97521e14,0.2709,3.10922e6,-1.55680e6,3.90527e-9
1457546940,23550612.72309887,25953709.921344887,2403.097,3.80341e14,4.5808,3.06263e6,-1.56728e6,3.93160e-9
1457546970,23550256.871464692,25970907.219803967,2420.650,3.89209e14,2.3560,3.11809e6,-1.57770e6,3.95776e-9
1457547000,23550003.363948334,25988131.26886768,2438.128,3.96641e14,0.4916,3.16815e6,-1.58804e6,3.98374e-9
1457547030,23549852.211083535,26005381.663211156,2455.529,3.90729e14,1.9748,3.16495e6,-1.59831e6,4.00953e-9
1457547060,23549803.41929956,26022657.998461552,2472.855,3.87272e14,2.8421,3.17121e6,-1.60851e6,4.03515e-9
1457547090,23549856.99086066,26039959.871165086,2490.103,3.93256e14,1.3407,3.21549e6,-1.61864e6,4.06059e-9
1457547120,23550012.923885114,26057286.878811322,2507.274,3.76605e14,5.5181,3.16745e6,-1.62870e6,4.08584e-9
1457547150,23550271.212345097,26074638.619843196,2524.367,3.89096e14,2.3843,3.23822e6,-1.63868e6,4.11091e-9
1457547180,23550631.846067272,26092014.693666894,2541.383,4.05695e14,1.7799,3.32647e6,-1.64859e6,4.13580e-9
1457547210,23551094.81073369,26109414.70066157,2558.320,3.98327e14,0.0687,3.31567e6,-1.65843e6,4.16051e-9
1457547240,23551660.08788315,26126838.242188793,2575.178,3.96869e14,0.4345,3.32910e6,-1.66820e6,4.18503e-9
1457547270,23552327.654913127,26144284.920601875,2591.957,4.01715e14,0.7815,3.36886e6,-1.67789e6,4.20937e-9
1457547300,23553097.48508207,26161754.339255035,2608.657,4.05388e14,1.7030,3.40373e6,-1.68750e6,4.23352e-9
1457547330,23553969.547542535,26179246.102524206,2625.277,3.97484e14,0.2802,3.38933e6,-1.69705e6,4.25749e-9
1457547360,23554943.80725093,26196759.815779332,2641.816,4.05282e14,1.6763,3.44164e6,-1.70652e6,4.28127e-9
1457547390,23556020.225065134,26214295.085429616,2658.275,4.02998e14,1.1033,3.45076e6,-1.71591e6,4.30487e-9
1457547420,23557198.75771857,26231851.518920206,2674.653,3.97074e14,0.3829,3.44388e6,-1.72523e6,4.32827e-9
1457547450,23558479.357825063,26249428.724740554,2690.949,4.00384e14,0.4475,3.47674e6,-1.73448e6,4.35149e-9
1457547480,23559861.973884173,26267026.312432628,2707.164,4.03440e14,1.2141,3.50850e6,-1.74365e6,4.37453e-9
1457547510,23561346.550287068,26284643.892598953,2723.297,3.99276e14,0.1695,3.50851e6,-1.75274e6,4.39737e-9
1457547540,23562933.02732272,26302281.076910507,2739.348,3.98039e14,0.1407,3.52110e6,-1.76176e6,4.42002e-9
1457547570,23564621.341184624,26319937.478114355,2755.316,4.01694e14,0.7762,3.55523e6,-1.77070e6,4.44249e-9
1457547600,23566411.42397787,26337612.710041218,2771.201,4.09315e14,2.6881,3.60707e6,-1.77957e6,4.46476e-9
1457547630,23568303.20369239,26355306.387597732,2787.003,4.14571e14,4.0067,3.64848e6,-1.78837e6,4.48685e-9
1457547660,23570296.60431706,26373018.12682026,2802.722,4.08627e14,2.5154,3.63948e6,-1.79708e6,4.50874e-9
1457547690,23572391.545741543,26390747.544835106,2818.356,4.11386e14,3.2077,3.66949e6,-1.80572e6,4.53044e-9
1457547720,23574587.94379936,26408494.25988045,2833.906,4.05219e14,1.6604,3.65882e6,-1.81429e6,4.55195e-9
1457547750,23576885.710276924,26426257.89131296,2849.372,4.06541e14,1.9920,3.68200e6,-1.82278e6,4.57327e-9
1457547780,23579284.752922956,26444038.05961423,2864.753,4.04848e14,1.5675,3.69122e6,-1.83119e6,4.59440e-9
1457547810,23581784.97545838,26461834.386397086,2880.049,3.84578e14,3.5179,3.61448e6,-1.83952e6,4.61534e-9
1457547840,23584386.277586572,26479646.49441179,2895.260,3.93597e14,1.2552,3.67253e6,-1.84778e6,4.63608e-9
1457547870,23587088.555004127,26497474.00755197,2910.385,4.09453e14,2.7226,3.76263e6,-1.85596e6,4.65663e-9
1457547900,23589891.699411955,26515316.550860565,2925.425,4.02590e14,1.0009,3.74698e6,-1.86407e6,4.67699e-9
1457547930,23592795.59855802,26533173.75055911,2940.378,3.88561e14,2.5188,3.69723e6,-1.87210e6,4.69715e-9
1457547960,23595800.136153255,26551045.233980548,2955.245,4.02598e14,1.0028,3.77915e6,-1.88005e6,4.71712e-9
1457547990,23598905.191980544,26568930.62964774,2970.025,4.16521e14,4.4958,3.86094e6,-1.88792e6,4.73690e-9
1457548020,23602110.641876556,26586829.56725533,2984.719,4.01290e14,0.6747,3.80445e6,-1.89572e6,4.75648e-9
1457548050,23605416.357745197,26604741.677675016,2999.325,4.07125e14,2.1386,3.84782e6,-1.90344e6,4.77587e-9
1457548080,23608822.20757158,26622666.592960846,3013.844,4.01418e14,0.7068,3.83591e6,-1.91108e6,4.79507e-9
1457548110,23612328.055436376,26640603.946354248,3028.276,3.83593e14,3.7650,3.76529e6,-1.91865e6,4.81407e-9
1457548140,23615933.76153049,26658553.372288927,3042.620,4.00367e14,0.4432,3.86106e6,-1.92613e6,4.83288e-9
1457548170,23619639.182170212,26676514.506395638,3056.875,4.16082e14,4.3857,3.95216e6,-1.93354e6,4.85149e-9
1457548200,23623444.169812746,26694486.985506814,3071.043,4.12482e14,3.4825,3.94963e6,-1.94088e6,4.86991e-9
1457548230,23627348.573049173,26712470.44762999,3085.122,3.93053e14,1.3917,3.86943e6,-1.94813e6,4.88814e-9
1457548260,23631352.23669156,26730464.53204779,3099.112,3.94640e14,0.9937,3.89148e6,-1.95531e6,4.90617e-9
1457548290,23635455.001718305,26748468.87922615,3113.014,4.04601e14,1.5055,3.95467e6,-1.96241e6,4.92400e-9
1457548320,23639656.705314066,26766483.130849127,3126.826,3.85135e14,3.3783,3.87263e6,-1.96943e6,4.94164e-9
1457548350,23643957.180887025,26784506.92982256,3140.550,3.86296e14,3.0868,3.89206e6,-1.97638e6,4.95909e-9
1457548380,23648356.258086413,26802539.920277543,3154.184,3.92880e14,1.4352,3.93835e6,-1.98325e6,4.97634e-9
1457548410,23652853.762820464,26820581.747573867,3167.728,3.88507e14,2.5322,3.93001e6,-1.99004e6,4.99340e-9
1457548440,23657449.517274667,26838632.058303166,3181.183,4.00927e14,0.5837,4.00550e6,-1.99675e6,5.01026e-9
1457548470,23662143.339930438,26856690.500292107,3194.547,4.00219e14,0.4059,4.01526e6,-2.00339e6,5.02693e-9
1457548500,23666935.045584083,26874756.722605333,3207.822,3.88748e14,2.4716,3.97056e6,-2.00995e6,5.04340e-9
1457548530,23671824.445375904,26892830.375575747,3221.006,3.81725e14,4.2337,3.94783e6,-2.01643e6,5.05968e-9
1457548560,23676811.346779548,26910911.110723004,3234.100,3.91971e14,1.6632,4.01239e6,-2.02283e6,5.07577e-9
1457548590,23681895.553652834,26928998.58084068,3247.103,4.00643e14,0.5125,4.06910e6,-2.02916e6,5.09166e-9
1457548620,23687076.866248127,26947092.439971715,3260.016,3.91820e14,1.7009,4.03657e6,-2.03541e6,5.10736e-9
1457548650,23692355.081233088,26965192.34341111,3272.837,3.92946e14,1.4186,4.05459e6,-2.04158e6,5.12286e-9
1457548680,23697729.991711814,26983297.94770849,3285.568,3.99533e14,0.2340,4.10054e6,-2.04767e6,5.13817e-9
1457548710,23703201.38724624,27001408.91067063,3298.208,3.98103e14,0.1249,4.10523e6,-2.05369e6,5.15329e-9
1457548740,23708769.053877853,27019524.891363792,3310.756,3.88121e14,2.6289,4.06553e6,-2.05963e6,5.16821e-9
1457548770,23714432.77414976,27037645.550116077,3323.213,3.88492e14,2.5361,4.07903e6,-2.06550e6,5.18294e-9
1457548800,23720192.327129044,27055770.548519533,3335.578,3.96304e14,0.5762,4.13107e6,-2.07129e6,5.19748e-9
1457548830,23726047.488431044,27073899.549421795,3347.852,3.97349e14,0.3139,4.14791e6,-2.07700e6,5.21183e-9
1457548860,23731998.030237507,27092032.216960292,3360.034,4.07825e14,2.3143,4.21392e6,-2.08263e6,5.22598e-9
1457548890,23738043.721324295,27110168.21653178,3372.124,4.06997e14,2.1065,4.22083e6,-2.08819e6,5.23994e-9
1457548920,23744184.327083588,27128307.21480446,3384.123,3.95290e14,0.8306,4.17041e6,-2.09367e6,5.25371e-9
1457548950,23750419.60954771,27146448.87971953,3396.029,4.02921e14,1.0840,4.22138e6,-2.09907e6,5.26729e-9
1457548980,23756749.327413186,27164592.880492583,3407.844,4.10078e14,2.8794,4.26989e6,-2.10440e6,5.28067e-9
1457549010,23763173.23606519,27182738.88761496,3419.566,4.12348e14,3.4490,4.29257e6,-2.10966e6,5.29387e-9
1457549040,23769691.08760213,27200886.57285497,3431.195,4.03073e14,1.1220,4.25389e6,-2.11483e6,5.30688e-9
1457549070,23776302.63086057,27219035.609258924,3442.733,4.00352e14,0.4394,4.24968e6,-2.11993e6,5.31969e-9
1457549100,23783007.611440364,27237185.67115215,3454.178,4.09912e14,2.8377,4.31074e6,-2.12496e6,5.33231e-9
1457549130,23789805.771724977,27255336.434130568,3465.531,4.01745e14,0.7889,4.27714e6,-2.12991e6,5.34475e-9
1457549160,23796696.850922704,27273487.575090207,3476.791,3.95325e14,0.8217,4.25254e6,-2.13479e6,5.35699e-9
1457549190,23803680.58507712,27291638.772198968,3487.958,4.01338e14,0.6868,4.29439e6,-2.13958e6,5.36905e-9
1457549220,23810756.707098138,27309789.704906527,3499.033,4.07505e14,2.2339,4.33706e6,-2.14431e6,5.38092e-9
1457549250,23817924.946788177,27327940.053944733,3510.015,4.10767e14,3.0524,4.36406e6,-2.14896e6,5.39260e-9
1457549280,23825185.030868743,27346089.5013279,3520.904,4.14878e14,4.0838,4.39557e6,-2.15353e6,5.40409e-9
1457549310,23832536.68300713,27364237.730353113,3531.701,4.06631e14,2.0146,4.36010e6,-2.15803e6,5.41540e-9
1457549340,23839979.623843253,27382384.425600316,3542.405,4.03549e14,1.2414,4.35232e6,-2.16246e6,5.42652e-9
1457549370,23847513.571016826,27400529.272932436,3553.016,4.06033e14,1.8646,4.37459e6,-2.16681e6,5.43745e-9
1457549400,23855138.23919462,27418671.959495354,3563.534,4.02805e14,1.0549,4.36565e6,-2.17109e6,5.44819e-9
1457549430,23862853.34009902,27436812.17373855,3573.959,3.97585e14,0.2548,4.34561e6,-2.17529e6,5.45875e-9
1457549460,23870658.58253249,27454949.605351113,3584.291,3.93778e14,1.2098,4.33305e6,-2.17942e6,5.46913e-9
1457549490,23878553.67240849,27473083.945325635,3594.530,3.98651e14,0.0128,4.36782e6,-2.18348e6,5.47932e-9
1457549520,23886538.312778573,27491214.885937314,3604.677,4.05229e14,1.6629,4.41190e6,-2.18747e6,5.48933e-9
1457549550,23894612.203860547,27509342.120743744,3614.730,4.12480e14,3.4820,4.45966e6,-2.19138e6,5.49915e-9
1457549580,23902775.04306685,27527465.344584674,3624.690,4.09403e14,2.7101,4.45053e6,-2.19521e6,5.50879e-9
1457549610,23911026.525033146,27545584.253581643,3634.558,4.03457e14,1.2183,4.42535e6,-2.19898e6,5.51825e-9
1457549640,23919366.341646913,27563698.54513757,3644.332,4.03325e14,1.1852,4.43206e6,-2.20267e6,5.52753e-9
1457549670,23927794.182076365,27581807.917936295,3654.014,4.01254e14,0.6657,4.42788e6,-2.20629e6,5.53662e-9
1457549700,23936309.732799374,27599912.071941916,3663.602,4.02287e14,0.9249,4.44074e6,-2.20984e6,5.54553e-9
1457549730,23944912.677635692,27618010.708376862,3673.098,3.95720e14,0.7226,4.41125e6,-2.21332e6,5.55427e-9
1457549760,23953602.697766766,27636103.529787064,3682.501,3.95774e14,0.7091,4.41834e6,-2.21672e6,5.56282e-9
1457549790,23962379.471774653,27654190.239974894,3691.811,3.99710e14,0.2783,4.44692e6,-2.22006e6,5.57120e-9
1457549820,23971242.675668463,27672270.544019584,3701.028,4.00060e14,0.3662,4.45541e6,-2.22332e6,5.57939e-9
1457549850,23980191.982914,27690344.14827619,3710.152,4.00155e14,0.3900,4.46234e6,-2.22651e6,5.58741e-9
1457549880,23989227.064463533,27708410.760374233,3719.184,3.96255e14,0.5884,4.44678e6,-2.22963e6,5.59525e-9
1457549910,23998347.58878569,27726470.08921656,3728.123,3.94125e14,1.1227,4.44094e6,-2.23268e6,5.60292e-9
1457549940,24007553.221895356,27744521.844977964,3736.969,3.88648e14,2.4969,4.41614e6,-2.23566e6,5.61041e-9
1457549970,24016843.627383776,27762565.73910377,3745.722,3.91426e14,1.8000,4.43750e6,-2.23858e6,5.61772e-9
1457550000,24026218.46644871,27780601.484308384,3754.383,3.97009e14,0.3993,4.47454e6,-2.24142e6,5.62486e-9
1457550030,24035677.397923388,27798628.794587463,3762.951,4.00565e14,0.4928,4.50010e6,-2.24419e6,5.63182e-9
1457550060,24045220.078310564,27816647.38517415,3771.427,4.04861e14,1.5705,4.52974e6,-2.24689e6,5.63861e-9
1457550090,24054846.161809128,27834656.972579855,3779.811,4.10203e14,2.9107,4.56522e6,-2.24953e6,5.64523e-9
1457550120,24064555.300345693,27852657.27457893,3788.102,3.90868e14,1.9399,4.46115e6,-2.25209e6,5.65168e-9
1457550150,24074347.143605094,27870648.01020708,3796.301,3.81393e14,4.3169,4.41249e6,-2.25459e6,5.65795e-9
1457550180,24084221.33906087,27888628.89975963,3804.408,4.03394e14,1.2026,4.54187e6,-2.25702e6,5.66405e-9
1457550210,24094177.53200588,27906599.664789926,3812.422,4.04874e14,1.5738,4.55501e6,-2.25938e6,5.66999e-9
1457550240,24104215.36558282,27924560.028107427,3820.345,4.00375e14,0.4452,4.53411e6,-2.26168e6,5.67575e-9
1457550270,24114334.480814893,27942509.713776015,3828.175,4.10023e14,2.8657,4.59339e6,-2.26390e6,5.68134e-9
1457550300,24124534.516636487,27960448.44711201,3835.914,4.13665e14,3.7795,4.61849e6,-2.26606e6,5.68677e-9
1457550330,24134815.10992071,27978375.954683,3843.561,4.09538e14,2.7440,4.59926e6,-2.26816e6,5.69203e-9
1457550360,24145175.895519745,27996291.96430396,3851.116,4.04509e14,1.4823,4.57472e6,-2.27019e6,5.69712e-9
1457550390,24155616.50628582,28014196.20503698,3858.580,4.03284e14,1.1751,4.57170e6,-2.27215e6,5.70205e-9
1457550420,24166136.57310516,28032088.407188684,3865.952,4.06419e14,1.9615,4.59340e6,-2.27404e6,5.70681e-9
1457550450,24176735.724928617,28049968.302308083,3873.233,4.03966e14,1.3460,4.58309e6,-2.27587e6,5.71141e-9
1457550480,24187413.588802397,28067835.6231844,3880.422,3.91461e14,1.7912,4.51517e6,-2.27764e6,5.71585e-9
1457550510,24198169.789898857,28085690.103844892,3887.520,3.95935e14,0.6686,4.54414e6,-2.27934e6,5.72012e-9
1457550540,24209003.951547135,28103531.47955251,3894.528,3.98600e14,0.0000,4.56266e6,-2.28098e6,5.72423e-9
1457550570,24219915.695263878,28121359.486803606,3901.444,3.91673e14,1.7380,4.52612e6,-2.28255e6,5.72818e-9
1457550600,24230904.64078397,28139173.863325536,3908.269,3.84707e14,3.4855,4.48918e6,-2.28406e6,5.73196e-9
1457550630,24241970.406095013,28156974.34805738,3915.004,3.85679e14,3.2418,4.49760e6,-2.28550e6,5.73559e-9
1457550660,24253112.607456017,28174760.681199353,3921.648,3.96074e14,0.6339,4.55997e6,-2.28688e6,5.73906e-9
1457550690,24264330.85944021,28192532.604158245,3928.202,4.00446e14,0.4631,4.58771e6,-2.28820e6,5.74237e-9
1457550720,24275624.774961628,28210289.859561607,3934.665,4.07124e14,2.1383,4.62860e6,-2.28946e6,5.74553e-9
1457550750,24286993.965305753,28228032.19125493,3941.038,4.12682e14,3.5327,4.66296e6,-2.29065e6,5.74852e-9
1457550780,24298438.040160023,28245759.344298914,3947.321,4.05556e14,1.7449,4.62428e6,-2.29178e6,5.75136e-9
1457550810,24309956.607644375,28263471.06496661,3953.514,3.93345e14,1.3185,4.55618e6,-2.29285e6,5.75405e-9
1457550840,24321549.2743416,28281167.100740608,3959.618,3.98904e14,0.0762,4.59018e6,-2.29386e6,5.75658e-9
1457550870,24333215.6453278,28298847.20031015,3965.632,4.10870e14,3.0782,4.66099e6,-2.29481e6,5.75896e-9
1457550900,24344955.32420272,28316511.11356818,3971.556,4.13337e14,3.6970,4.67700e6,-2.29569e6,5.76119e-9
1457550930,24356767.91312256,28334158.591635205,3977.391,4.07818e14,2.3124,4.64688e6,-2.29652e6,5.76326e-9
1457550960,24368653.012822315,28351789.38677395,3983.136,4.02357e14,0.9425,4.61695e6,-2.29728e6,5.76518e-9
1457550990,24380610.222653594,28369403.25246904,3988.793,3.99430e14,0.2081,4.60149e6,-2.29799e6,5.76696e-9
1457551020,24392639.14061224,28386999.943397444,3994.361,4.04264e14,1.4208,4.63066e6,-2.29864e6,5.76858e-9
1457551050,24404739.363368284,28404579.2154257,3999.840,4.06288e14,1.9287,4.64353e6,-2.29922e6,5.77006e-9
1457551080,24416910.48629585,28422140.825607024,4005.230,4.00212e14,0.4043,4.60953e6,-2.29975e6,5.77138e-9
1457551110,24429152.103502985,28439684.532178536,4010.532,4.00501e14,0.4768,4.61214e6,-2.30022e6,5.77257e-9
1457551140,24441463.807861328,28457210.094558295,4015.746,4.07639e14,2.2676,4.65418e6,-2.30064e6,5.77360e-9
1457551170,24453845.19103574,28474717.273342405,4020.872,4.04757e14,1.5445,4.63826e6,-2.30099e6,5.77449e-9
1457551200,24466295.843513742,28492205.83030203,4025.910,4.03409e14,1.2062,4.63107e6,-2.30129e6,5.77524e-9
1457551230,24478815.35462394,28509675.52835578,4030.860,4.01920e14,0.8328,4.62295e6,-2.30153e6,5.77584e-9
1457551260,24491403.31259918,28527126.131642856,4035.723,4.00909e14,0.5793,4.61748e6,-2.30171e6,5.77630e-9
1457551290,24504059.304571956,28544557.40544336,4040.498,3.93663e14,1.2388,4.57588e6,-2.30184e6,5.77662e-9
1457551320,24516782.91661422,28561969.116199903,4045.186,3.81606e14,4.2635,4.50637e6,-2.30191e6,5.77679e-9
1457551350,24529573.733766224,28579361.03151423,4049.787,3.90929e14,1.9246,4.56025e6,-2.30192e6,5.77683e-9
1457551380,24542431.340065226,28596732.920143846,4054.302,4.07634e14,2.2663,4.65668e6,-2.30188e6,5.77673e-9
1457551410,24555355.31857409,28614084.55199867,4058.729,4.04780e14,1.5503,4.64000e6,-2.30179e6,5.77649e-9
1457551440,24568345.251409728,28631415.698137604,4063.070,3.98127e14,0.1189,4.60126e6,-2.30164e6,5.77611e-9
1457551470,24581400.719771434,28648726.130765058,4067.325,4.00412e14,0.4546,4.61406e6,-2.30144e6,5.77560e-9
1457551500,24594521.303969063,28666015.623227503,4071.494,3.92048e14,1.6439,4.56523e6,-2.30118e6,5.77495e-9
1457551530,24607706.583468586,28683283.95002257,4075.577,3.96912e14,0.4237,4.59270e6,-2.30087e6,5.77416e-9
1457551560,24620956.136866353,28700530.886756767,4079.575,4.08282e14,2.4288,4.65761e6,-2.30050e6,5.77325e-9
1457551590,24634269.541970428,28717756.210180968,4083.487,4.02780e14,1.0485,4.62500e6,-2.30008e6,5.77219e-9
1457551620,24647646.37581109,28734959.69817435,4087.313,3.97276e14,0.3323,4.59229e6,-2.29961e6,5.77101e-9
1457551650,24661086.214668535,28752141.129741,4091.055,4.00469e14,0.4689,4.60967e6,-2.29909e6,5.76970e-9
1457551680,24674588.634100363,28769300.285006333,4094.712,4.01345e14,0.6886,4.61357e6,-2.29851e6,5.76825e-9
1457551710,24688153.208968904,28786436.94521382,4098.284,3.96601e14,0.5017,4.58495e6,-2.29789e6,5.76668e-9
1457551740,24701779.513468456,28803550.892721385,4101.771,4.06316e14,1.9356,4.63961e6,-2.29721e6,5.76497e-9
1457551770,24715467.121152345,28820641.91099799,4105.175,4.17552e14,4.7545,4.70289e6,-2.29648e6,5.76314e-9
1457551800,24729215.604959782,28837709.78462011,4108.494,4.04714e14,1.5338,4.62733e6,-2.29570e6,5.76118e-9
1457551830,24743024.537223406,28854754.299271166,4111.730,4.12382e14,3.4575,4.66982e6,-2.29487e6,5.75910e-9
1457551860,24756893.48975485,28871775.241729192,4114.882,4.18044e14,4.8780,4.70063e6,-2.29399e6,5.75689e-9
1457551890,24770822.033812188,28888772.39987203,4117.950,4.02028e14,0.8599,4.60656e6,-2.29306e6,5.75455e-9
1457551920,24784809.74014497,28905745.562671013,4120.936,3.86519e14,3.0308,4.51538e6,-2.29209e6,5.75210e-9
1457551950,24798856.17902016,28922694.520187475,4123.838,3.83552e14,3.7753,4.49630e6,-2.29106e6,5.74952e-9
1457551980,24812960.92024776,28939619.063569114,4126.658,3.96760e14,0.4617,4.57009e6,-2.28998e6,5.74681e-9
1457552010,24827123.533206403,28956518.985046566,4129.395,3.98376e14,0.0563,4.57713e6,-2.28886e6,5.74399e-9
1457552040,24841343.586868636,28973394.077929698,4132.050,4.00336e14,0.4353,4.58603e6,-2.28769e6,5.74105e-9
1457552070,24855620.649826072,28990244.136604115,4134.623,4.06127e14,1.8882,4.61682e6,-2.28647e6,5.73799e-9
1457552100,24869954.290314388,29007068.956527438,4137.115,4.00910e14,0.5794,4.58434e6,-2.28520e6,5.73481e-9
1457552130,24884344.076256856,29023868.3342118,4139.524,4.00087e14,0.3731,4.57700e6,-2.28389e6,5.73151e-9
1457552160,24898789.57523127,29040642.067263238,4141.852,4.02886e14,1.0752,4.59030e6,-2.28253e6,5.72809e-9
1457552190,24913290.354552064,29057389.95433482,4144.100,3.97912e14,0.1727,4.55900e6,-2.28113e6,5.72457e-9
1457552220,24927845.98127607,29074111.79513686,4146.266,4.03572e14,1.2472,4.58848e6,-2.27968e6,5.72092e-9
1457552250,24942456.022226706,29090807.390433095,4148.351,4.00043e14,0.3620,4.56530e6,-2.27818e6,5.71716e-9
1457552280,24957120.044018026,29107476.54203691,4150.356,3.86044e14,3.1502,4.48222e6,-2.27664e6,5.71329e-9
1457552310,24971837.613078568,29124119.05280751,4152.281,3.87406e14,2.8083,4.48688e6,-2.27506e6,5.70931e-9
1457552340,24986608.295674946,29140734.726646066,4154.126,3.97863e14,0.1849,4.54332e6,-2.27343e6,5.70521e-9
1457552370,25001431.65793535,29157323.368491966,4155.892,4.02300e14,0.9282,4.56527e6,-2.27175e6,5.70101e-9
1457552400,25016307.2658728,29173884.784318924,4157.578,3.96797e14,0.4525,4.53047e6,-2.27004e6,5.69669e-9
1457552430,25031234.68538952,29190418.781149164,4159.184,3.96748e14,0.4649,4.52667e6,-2.26828e6,5.69227e-9
1457552460,25046213.482357245,29206925.166994102,4160.712,3.89848e14,2.1957,4.48383e6,-2.26647e6,5.68774e-9
1457552490,25061243.22258239,29223403.75090625,4162.161,3.82202e14,4.1139,4.43672e6,-2.26463e6,5.68310e-9
1457552520,25076323.471846938,29239854.34295745,4163.531,3.92563e14,1.5146,4.49185e6,-2.26274e6,5.67836e-9
1457552550,25091453.795930542,29256276.754235238,4164.823,4.04650e14,1.5176,4.55659e6,-2.26081e6,5.67351e-9
1457552580,25106633.76063242,29272670.79683909,4166.037,4.08803e14,2.5597,4.57616e6,-2.25884e6,5.66855e-9
1457552610,25121862.931793086,29289036.283876874,4167.173,4.00256e14,0.4153,4.52367e6,-2.25682e6,5.66350e-9
1457552640,25137140.875315826,29305373.02946101,4168.232,4.06687e14,2.0287,4.55594e6,-2.25477e6,5.65834e-9
1457552670,25152467.157187995,29321680.848704908,4169.214,4.10873e14,3.0788,4.57537e6,-2.25268e6,5.65307e-9
1457552700,25167841.34350212,29337959.557719156,4170.118,4.22509e14,5.9981,4.63675e6,-2.25054e6,5.64771e-9
1457552730,25183263.000500195,29354208.973589405,4170.946,3.95741e14,0.7174,4.48124e6,-2.24837e6,5.64225e-9
1457552760,25198731.694522373,29370428.914429694,4171.697,3.81068e14,4.3984,4.39412e6,-2.24615e6,5.63669e-9
1457552790,25214246.99209955,29386619.19932147,4172.372,4.14648e14,4.0259,4.57879e6,-2.24390e6,5.63102e-9
1457552820,25229808.45995055,29402779.648328256,4172.971,4.05007e14,1.6074,4.51988e6,-2.24161e6,5.62527e-9
1457552850,25245415.665002394,29418910.082491785,4173.494,3.92490e14,1.5330,4.44484e6,-2.23928e6,5.61941e-9
1457552880,25261068.174410317,29435010.32382814,4173.942,4.01009e14,0.6041,4.48795e6,-2.23691e6,5.61346e-9
1457552910,25276765.555577725,29451080.195323855,4174.315,4.08741e14,2.5441,4.52648e6,-2.23450e6,5.60741e-9
1457552940,25292507.376175772,29467119.520932116,4174.612,3.97948e14,0.1638,4.46107e6,-2.23206e6,5.60127e-9
1457552970,25308293.20416278,29483128.12556878,4174.835,3.96880e14,0.4316,4.45013e6,-2.22957e6,5.59504e-9
1457553000,25324122.607803475,29499105.835108615,4174.983,3.96255e14,0.5883,4.44161e6,-2.22706e6,5.58871e-9
1457553030,25339995.155656807,29515052.476402406,4175.057,3.91274e14,1.8379,4.40871e6,-2.22450e6,5.58229e-9
1457553060,25355910.41669064,29530967.877208408,4175.057,3.94551e14,1.0160,4.42184e6,-2.22191e6,5.57578e-9
1457553090,25371867.96020429,29546851.86625335,4174.984,3.97264e14,0.3352,4.43172e6,-2.21928e6,5.56918e-9
1457553120,25387867.355877653,29562704.273207843,4174.837,3.94760e14,0.9635,4.41247e6,-2.21662e6,5.56249e-9
1457553150,25403908.173789002,29578524.928682636,4174.617,4.01508e14,0.7295,4.44458e6,-2.21392e6,5.55571e-9
1457553180,25419989.984432727,29594313.664225016,4174.324,3.98571e14,0.0073,4.42280e6,-2.21119e6,5.54884e-9
1457553210,25436112.358736668,29610070.312315118,4173.958,3.93078e14,1.3855,4.38681e6,-2.20842e6,5.54189e-9
1457553240,25452274.86807945,29625794.70636232,4173.520,3.99825e14,0.3072,4.41859e6,-2.20562e6,5.53485e-9
1457553270,25468477.08430736,29641486.680701517,4173.010,4.02186e14,0.8996,4.42595e6,-2.20278e6,5.52772e-9
1457553300,25484718.57975131,29657146.070589487,4172.427,3.96540e14,0.5168,4.38902e6,-2.19991e6,5.52052e-9
1457553330,25500998.927278608,29672772.712174915,4171.774,3.94952e14,0.9153,4.37447e6,-2.19701e6,5.51322e-9
1457553360,25517317.700200975,29688366.442575797,4171.049,4.07678e14,2.2775,4.43869e6,-2.19407e6,5.50584e-9
1457553390,25533674.47239921,29703927.099794548,4170.253,4.01075e14,0.6208,4.39637e6,-2.19110e6,5.49839e-9
1457553420,25550068.818304557,29719454.52274036,4169.386,3.90157e14,2.1183,4.33039e6,-2.18810e6,5.49084e-9
1457553450,25566500.312914766,29734948.55122534,4168.448,3.95845e14,0.6913,4.35557e6,-2.18507e6,5.48322e-9
1457553480,25582968.531810053,29750409.025960587,4167.440,3.83912e14,3.6849,4.28412e6,-2.18200e6,5.47552e-9
1457553510,25599473.051168848,29765835.788552336,4166.363,3.79249e14,4.8548,4.25254e6,-2.17890e6,5.46774e-9
1457553540,25616013.447783343,29781228.681498025,4165.215,3.85958e14,3.1717,4.28306e6,-2.17577e6,5.45988e-9
1457553570,25632589.29907485,29796587.548182487,4163.998,3.78303e14,5.0923,4.23510e6,-2.17261e6,5.45195e-9
1457553600,25649200.183108933,29811912.232874032,4162.712,3.92580e14,1.5105,4.30660e6,-2.16942e6,5.44393e-9
1457553630,25665845.6785798,29827202.580750916,4161.357,4.05816e14,1.8102,4.37216e6,-2.16620e6,5.43584e-9
1457553660,25682525.36491899,29842458.437804304,4159.933,3.97207e14,0.3497,4.31886e6,-2.16295e6,5.42768e-9
1457553690,25699238.822215997,29857679.6509277,4158.441,3.95407e14,0.8012,4.30256e6,-2.15967e6,5.41944e-9
1457553720,25715985.63126259,29872866.06788332,4156.880,3.93471e14,1.2869,4.28548e6,-2.15636e6,5.41112e-9
1457553750,25732765.37356671,29888017.53729848,4155.252,3.94784e14,0.9574,4.28594e6,-2.15302e6,5.40274e-9
1457553780,25749577.631366074,29903133.908662137,4153.556,3.96601e14,0.5016,4.28903e6,-2.14966e6,5.39428e-9
1457553810,25766421.987641636,29918215.032321338,4151.793,3.93788e14,1.2074,4.26710e6,-2.14626e6,5.38575e-9
1457553840,25783298.02613078,29933260.7594778,4149.963,4.02559e14,0.9932,4.30746e6,-2.14284e6,5.37714e-9
1457553870,25800205.33134031,29948270.942184363,4148.066,3.95078e14,0.8836,4.26035e6,-2.13938e6,5.36847e-9
1457553900,25817143.488559272,29963245.433341544,4146.102,3.89199e14,2.3585,4.22191e6,-2.13590e6,5.35973e-9
1457553930,25834112.083892915,29978184.08666617,4144.072,3.97306e14,0.3248,4.25835e6,-2.13240e6,5.35092e-9
1457553960,25851110.704209417,29993086.75677371,4141.976,3.96517e14,0.5226,4.24707e6,-2.12886e6,5.34204e-9
1457553990,25868138.937217757,30007953.299088962,4139.814,3.92203e14,1.6049,4.21696e6,-2.12530e6,5.33309e-9
1457554020,25885196.371458728,30022783.56987016,4137.587,3.96631e14,0.4942,4.23341e6,-2.12171e6,5.32408e-9
1457554050,25902282.59631694,30037577.42620513,4135.295,4.00140e14,0.3863,4.24484e6,-2.11810e6,5.31500e-9
1457554080,25919397.20203258,30052334.726007693,4132.938,3.89526e14,2.2765,4.18123e6,-2.11446e6,5.30586e-9
1457554110,25936539.779713154,30067055.32801388,4130.516,3.97170e14,0.3589,4.21446e6,-2.11079e6,5.29665e-9
1457554140,25953709.921344887,30081739.091778282,4128.029,4.06976e14,2.1014,4.25894e6,-2.10710e6,5.28738e-9
1457554170,25970907.219803967,30096385.877670273,4125.479,3.99880e14,0.3211,4.21397e6,-2.10338e6,5.27804e-9
1457554200,25988131.26886768,30110995.54687035,4122.864,3.90104e14,2.1317,4.15496e6,-2.09964e6,5.26864e-9
1457554230,26005381.663211156,30125567.961384296,4120.186,3.93952e14,1.1663,4.16774e6,-2.09587e6,5.25918e-9
1457554260,26022657.998461552,30140102.983984534,4117.445,3.94712e14,0.9756,4.16419e6,-2.09208e6,5.24966e-9
1457554290,26039959.871165086,30154600.478261378,4114.641,3.91976e14,1.6618,4.14226e6,-2.08827e6,5.24008e-9
1457554320,26057286.878811322,30169060.308601756,4111.773,3.95373e14,0.8096,4.15241e6,-2.08443e6,5.23044e-9
1457554350,26074638.619843196,30183482.340185825,4108.844,3.94763e14,0.9627,4.14152e6,-2.08057e6,5.22074e-9
1457554380,26092014.693666894,30197866.43898334,4105.852,4.00423e14,0.4571,4.16328e6,-2.07668e6,5.21098e-9
1457554410,26109414.70066157,30212212.47175039,4102.798,4.00422e14,0.4569,4.15543e6,-2.07277e6,5.20116e-9
1457554440,26126838.242188793,30226520.306025818,4099.682,3.98689e14,0.0223,4.13855e6,-2.06884e6,5.19129e-9
1457554470,26144284.920601875,30240789.810127947,4096.505,3.88942e14,2.4230,4.08014e6,-2.06489e6,5.18136e-9
1457554500,26161754.339255035,30255020.853151064,4093.267,3.82535e14,4.0305,4.03914e6,-2.06091e6,5.17137e-9
1457554530,26179246.102524206,30269213.304958098,4089.967,3.92976e14,1.4111,4.08519e6,-2.05691e6,5.16133e-9
1457554560,26196759.815779332,30283367.036189653,4086.607,3.94097e14,1.1297,4.08298e6,-2.05289e6,5.15123e-9
1457554590,26214295.085429616,30297481.918248314,4083.187,3.94398e14,1.0542,4.07649e6,-2.04885e6,5.14108e-9
1457554620,26231851.518920206,30311557.823299244,4079.706,3.98741e14,0.0353,4.09068e6,-2.04479e6,5.13088e-9
1457554650,26249428.724740554,30325594.62426685,4076.166,3.94273e14,1.0858,4.05963e6,-2.04071e6,5.12062e-9
1457554680,26267026.312432628,30339592.19483144,4072.566,3.92149e14,1.6186,4.04060e6,-2.03660e6,5.11031e-9
1457554710,26284643.892598953,30353550.40942583,4068.907,3.94434e14,1.0454,4.04407e6,-2.03248e6,5.09995e-9
1457554740,26302281.076910507,30367469.143232074,4065.188,3.99462e14,0.2161,4.06141e6,-2.02833e6,5.08954e-9
1457554770,26319937.478114355,30381348.27217812,4061.411,4.05254e14,1.6692,4.08248e6,-2.02416e6,5.07908e-9
1457554800,26337612.710041218,30395187.6729344,4057.575,4.07474e14,2.2261,4.08529e6,-2.01998e6,5.06857e-9
1457554830,26355306.387597732,30408987.222905546,4053.681,4.04161e14,1.3951,4.06003e6,-2.01577e6,5.05801e-9
1457554860,26373018.12682026,30422746.80024261,4049.729,3.98355e14,0.0617,4.02220e6,-2.01155e6,5.04740e-9
1457554890,26390747.544835106,30436466.28382409,4045.719,3.95009e14,0.9009,3.99687e6,-2.00731e6,5.03674e-9
1457554920,26408494.25988045,30450145.553257685,4041.651,4.00197e14,0.4006,4.01445e6,-2.00305e6,5.02604e-9
1457554950,26426257.89131296,30463784.488876916,4037.527,4.04772e14,1.5482,4.02881e6,-1.99876e6,5.01529e-9
1457554980,26444038.05961423,30477382.971737765,4033.345,3.94906e14,0.9270,3.97077e6,-1.99447e6,5.00449e-9
1457555010,26461834.386397086,30490940.883615375,4029.106,3.99089e14,0.1226,3.98306e6,-1.99015e6,4.99365e-9
1457555040,26479646.49441179,30504458.10700067,4024.812,3.99942e14,0.3366,3.97863e6,-1.98581e6,4.98276e-9
1457555070,26497474.00755197,30517934.525097083,4020.461,3.90877e14,1.9376,3.92483e6,-1.98146e6,4.97183e-9
1457555100,26515316.550860565,30531370.02181722,4016.053,3.93509e14,1.2772,3.92923e6,-1.97709e6,4.96085e-9
1457555130,26533173.75055911,30544764.48178076,4011.591,3.99776e14,0.2948,3.95152e6,-1.97270e6,4.94983e-9
1457555160,26551045.233980548,30558117.790307578,4007.073,4.01593e14,0.7507,3.95167e6,-1.96830e6,4.93877e-9
1457555190,26568930.62964774,30571429.83341804,4002.499,3.91943e14,1.6702,3.89524e6,-1.96388e6,4.92767e-9
1457555220,26586829.56725533,30584700.497828625,3997.871,3.97906e14,0.1741,3.91575e6,-1.95944e6,4.91652e-9
1457555250,26604741.677675016,30597929.6709487,3993.188,3.97384e14,0.3052,3.90428e6,-1.95498e6,4.90533e-9
1457555280,26622666.592960846,30611117.24087737,3988.451,3.92607e14,1.5035,3.87197e6,-1.95051e6,4.89411e-9
1457555310,26640603.946354248,30624263.096400343,3983.659,3.96420e14,0.5471,3.88168e6,-1.94602e6,4.88284e-9
1457555340,26658553.372288927,30637367.12698675,3978.814,3.94015e14,1.1505,3.86098e6,-1.94152e6,4.87153e-9
1457555370,26676514.506395638,30650429.22278606,3973.915,3.87893e14,2.6863,3.82224e6,-1.93700e6,4.86019e-9
1457555400,26694486.985506814,30663449.27462504,3968.962,3.83578e14,3.7688,3.79236e6,-1.93247e6,4.84880e-9
1457555430,26712470.44762999,30676427.17401985,3963.957,3.95689e14,0.7305,3.84202e6,-1.92792e6,4.83738e-9
1457555460,26730464.53204779,30689362.81312603,3958.898,3.93507e14,1.2778,3.82239e6,-1.92336e6,4.82592e-9
1457555490,26748468.87922615,30702256.084782735,3953.787,3.83752e14,3.7253,3.76632e6,-1.91878e6,4.81442e-9
1457555520,26766483.130849127,30715106.88249455,3948.624,3.99866e14,0.3175,3.83470e6,-1.91419e6,4.80289e-9
1457555550,26784506.92982256,30727915.100428544,3943.408,4.11910e14,3.3390,3.88317e6,-1.90958e6,4.79132e-9
1457555580,26802539.920277543,30740680.633411445,3938.141,4.09264e14,2.6752,3.86112e6,-1.90496e6,4.77971e-9
1457555610,26820581.747573867,30753403.376926783,3932.822,4.02958e14,1.0931,3.82165e6,-1.90032e6,4.76807e-9
1457555640,26838632.058303166,30766083.227112014,3927.451,3.92961e14,1.4148,3.76475e6,-1.89567e6,4.75640e-9
1457555670,26856690.500292107,30778720.080755603,3922.030,3.96746e14,0.4651,3.77345e6,-1.89101e6,4.74469e-9
1457555700,26874756.722605333,30791313.835294224,3916.557,4.04760e14,1.5452,3.80204e6,-1.88633e6,4.73295e-9
1457555730,26892830.375575747,30803864.38877646,3911.034,3.99566e14,0.2422,3.76807e6,-1.88165e6,4.72117e-9
1457555760,26910911.110723004,30816371.639962878,3905.461,3.93001e14,1.4047,3.72773e6,-1.87694e6,4.70936e-9
1457555790,26928998.58084068,30828835.48821984,3899.837,3.98855e14,0.0640,3.74586e6,-1.87223e6,4.69753e-9
1457555820,26947092.439971715,30841255.83354978,3894.163,4.24294e14,6.4460,3.85560e6,-1.86750e6,4.68565e-9
1457555850,26965192.34341111,30853632.576588094,3888.440,4.31553e14,8.2669,3.87973e6,-1.86276e6,4.67375e-9
1457555880,26983297.94770849,30865965.61860005,3882.668,4.13094e14,3.6362,3.78378e6,-1.85801e6,4.66182e-9
1457555910,27001408.91067063,30878254.861477617,3876.846,4.02286e14,0.9246,3.72382e6,-1.85324e6,4.64985e-9
1457555940,27019524.891363792,30890500.20773645,3870.975,4.07581e14,2.2529,3.73877e6,-1.84847e6,4.63786e-9
1457555970,27037645.550116077,30902701.560512707,3865.056,4.07203e14,2.1582,3.72733e6,-1.84368e6,4.62584e-9
1457556000,27055770.548519533,30914858.823560156,3859.088,3.96006e14,0.6508,3.66597e6,-1.83888e6,4.61379e-9
1457556030,27073899.549421795,30926971.90128876,3853.072,3.97573e14,0.2577,3.66359e6,-1.83407e6,4.60171e-9
1457556060,27092032.216960292,30939040.698633097,3847.008,3.90763e14,1.9661,3.62269e6,-1.82925e6,4.58960e-9
1457556090,27110168.21653178,30951065.121178493,3840.897,4.00341e14,0.4368,3.65696e6,-1.82441e6,4.57746e-9
1457556120,27128307.21480446,30963045.075116705,3834.738,4.01922e14,0.8334,3.65447e6,-1.81957e6,4.56530e-9
1457556150,27146448.87971953,30974980.467243243,3828.532,3.99607e14,0.2524,3.63417e6,-1.81471e6,4.55311e-9
1457556180,27164592.880492583,30986871.204954885,3822.278,4.02312e14,0.9312,3.63671e6,-1.80985e6,4.54089e-9
1457556210,27182738.88761496,30998717.19624714,3815.978,3.84135e14,3.6292,3.54459e6,-1.80497e6,4.52865e-9
1457556240,27200886.57285497,31010518.34971177,3809.632,3.96086e14,0.6308,3.58897e6,-1.80009e6,4.51638e-9
1457556270,27219035.609258924,31022274.574534245,3803.239,4.08159e14,2.3981,3.63358e6,-1.79519e6,4.50409e-9
1457556300,27237185.67115215,31033985.78049127,3796.800,3.90419e14,2.0524,3.54396e6,-1.79029e6,4.49177e-9
1457556330,27255336.434130568,31045651.877911814,3790.315,3.95761e14,0.7123,3.55816e6,-1.78537e6,4.47943e-9
1457556360,27273487.575090207,31057272.777787197,3783.785,4.07772e14,2.3011,3.60199e6,-1.78045e6,4.46707e-9
1457556390,27291638.772198968,31068848.391655624,3777.210,3.89167e14,2.3666,3.50913e6,-1.77551e6,4.45468e-9
1457556420,27309789.704906527,31080378.63163592,3770.589,3.84199e14,3.6130,3.47728e6,-1.77057e6,4.44227e-9
1457556450,27327940.053944733,31091863.41042485,3763.923,3.91636e14,1.7472,3.50050e6,-1.76562e6,4.42983e-9
1457556480,27346089.5013279,31103302.64129427,3757.213,3.79400e14,4.8170,3.43661e6,-1.76065e6,4.41737e-9
1457556510,27364237.730353113,31114696.23808842,3750.459,3.87844e14,2.6984,3.46410e6,-1.75568e6,4.40489e-9
1457556540,27382384.425600316,31126044.11522116,3743.660,3.99147e14,0.1372,3.50392e6,-1.75071e6,4.39239e-9
1457556570,27400529.272932436,31137346.187673148,3736.817,3.85309e14,3.3344,3.43332e6,-1.74572e6,4.37987e-9
1457556600,27418671.959495354,31148602.37098919,3729.930,3.89039e14,2.3988,3.43978e6,-1.74072e6,4.36733e-9
1457556630,27436812.17373855,31159812.581296336,3723.000,4.04673e14,1.5235,3.49797e6,-1.73572e6,4.35476e-9
1457556660,27454949.605351113,31170976.73523675,3716.027,4.00031e14,0.3589,3.46771e6,-1.73071e6,4.34218e-9
1457556690,27473083.945325635,31182094.750029795,3709.011,3.91200e14,1.8565,3.41942e6,-1.72569e6,4.32958e-9
1457556720,27491214.885937314,31193166.543448564,3701.952,3.97901e14,0.1754,3.43838e6,-1.72066e6,4.31695e-9
1457556750,27509342.120743744,31204192.033817396,3694.850,3.96226e14,0.5956,3.42111e6,-1.71562e6,4.30431e-9
1457556780,27527465.344584674,31215171.140009392,3687.706,4.00036e14,0.3600,3.42739e6,-1.71058e6,4.29165e-9
1457556810,27545584.253581643,31226103.7814441,3680.520,3.99422e14,0.2060,3.41464e6,-1.70553e6,4.27897e-9
1457556840,27563698.54513757,31236989.87808503,3673.291,3.90757e14,1.9679,3.36755e6,-1.70047e6,4.26627e-9
1457556870,27581807.917936295,31247829.35043729,3666.021,4.02912e14,1.0816,3.40922e6,-1.69541e6,4.25356e-9
1457556900,27599912.071941916,31258622.11954527,3658.710,4.01729e14,0.7848,3.39400e6,-1.69034e6,4.24083e-9
1457556930,27618010.708376862,31269368.10698917,3651.357,3.90257e14,2.0931,3.33530e6,-1.68526e6,4.22808e-9
1457556960,27636103.529787064,31280067.234886184,3643.964,3.86442e14,3.0504,3.30915e6,-1.68017e6,4.21531e-9
1457556990,27654190.239974894,31290719.425884575,3636.529,3.94358e14,1.0643,3.33238e6,-1.67508e6,4.20253e-9
1457557020,27672270.544019584,31301324.603162598,3629.054,3.91311e14,1.8287,3.30947e6,-1.66998e6,4.18973e-9
1457557050,27690344.14827619,31311882.690426126,3621.539,3.90630e14,1.9995,3.29651e6,-1.66488e6,4.17691e-9
1457557080,27708410.760374233,31322393.611906413,3613.983,4.01787e14,0.7995,3.33285e6,-1.65977e6,4.16408e-9
1457557110,27726470.08921656,31332857.292357855,3606.387,4.04209e14,1.4071,3.33262e6,-1.65465e6,4.15124e-9
1457557140,27744521.844977964,31343273.65705563,3598.752,4.14728e14,4.0461,3.36583e6,-1.64953e6,4.13838e-9
1457557170,27762565.73910377,31353642.63179353,3591.077,4.04512e14,1.4831,3.31322e6,-1.64440e6,4.12550e-9
1457557200,27780601.484308384,31363964.142881595,3583.363,4.00508e14,0.4784,3.28640e6,-1.63927e6,4.11262e-9
1457557230,27798628.794587463,31374238.11713009,3575.609,4.03675e14,1.2731,3.28908e6,-1.63413e6,4.09971e-9
1457557260,27816647.38517415,31384464.481889825,3567.817,3.98264e14,0.0844,3.25661e6,-1.62898e6,4.08680e-9
1457557290,27834656.972579855,31394643.165007263,3559.986,3.88535e14,2.5252,3.20667e6,-1.62383e6,4.07387e-9
1457557320,27852657.27457893,31404774.094835922,3552.117,3.99630e14,0.2582,3.24154e6,-1.61868e6,4.06092e-9
1457557350,27870648.01020708,31414857.200234074,3544.209,4.15975e14,4.3590,3.29737e6,-1.61352e6,4.04797e-9
1457557380,27888628.89975963,31424892.41056242,3536.264,3.97879e14,0.1810,3.21380e6,-1.60835e6,4.03500e-9
1457557410,27906599.664789926,31434879.655681696,3528.280,3.84322e14,3.5822,3.14893e6,-1.60318e6,4.02202e-9
1457557440,27924560.028107427,31444818.865950454,3520.259,3.87113e14,2.8820,3.14995e6,-1.59801e6,4.00903e-9
1457557470,27942509.713776015,31454709.9722227,3512.200,3.98476e14,0.0312,3.18515e6,-1.59283e6,3.99602e-9
1457557500,27960448.44711201,31464552.905845672,3504.104,3.90459e14,2.0425,3.14284e6,-1.58764e6,3.98301e-9
1457557530,27978375.954683,31474347.59867293,3495.972,3.74345e14,6.0851,3.06860e6,-1.58245e6,3.96998e-9
1457557560,27996291.96430396,31484093.98301474,3487.802,3.83916e14,3.6840,3.09639e6,-1.57726e6,3.95695e-9
1457557590,28014196.20503698,31493791.991683405,3479.596,4.02073e14,0.8713,3.15780e6,-1.57206e6,3.94390e-9
1457557620,28032088.407188684,31503441.557975817,3471.353,4.14277e14,3.9329,3.19532e6,-1.56686e6,3.93084e-9
1457557650,28049968.302308083,31513042.615671422,3463.074,4.04554e14,1.4936,3.14661e6,-1.56165e6,3.91777e-9
1457557680,28067835.6231844,31522595.09903015,3454.759,4.05814e14,1.8098,3.14103e6,-1.55645e6,3.90469e-9
1457557710,28085690.103844892,31532098.942790527,3446.409,4.02935e14,1.0874,3.11929e6,-1.55123e6,3.89161e-9
1457557740,28103531.47955251,31541554.082167566,3438.023,4.06697e14,2.0313,3.12339e6,-1.54601e6,3.87851e-9
1457557770,28121359.486803606,31550960.452850904,3429.601,4.17181e14,4.6615,3.15337e6,-1.54079e6,3.86540e-9
1457557800,28139173.863325536,31560317.991002858,3421.144,4.07226e14,2.1640,3.10432e6,-1.53557e6,3.85229e-9
1457557830,28156974.34805738,31569626.63325327,3412.652,4.05575e14,1.7499,3.08741e6,-1.53034e6,3.83916e-9
1457557860,28174760.681199353,31578886.316707496,3404.126,3.98335e14,0.0667,3.04915e6,-1.52511e6,3.82603e-9
1457557890,28192532.604158245,31588096.97893459,3395.564,3.96144e14,0.6163,3.03033e6,-1.51987e6,3.81289e-9
1457557920,28210289.859561607,31597258.557968516,3386.969,3.91544e14,1.7703,3.00240e6,-1.51464e6,3.79974e-9
1457557950,28228032.19125493,31606370.992306344,3378.339,3.91106e14,1.8803,2.99035e6,-1.50940e6,3.78659e-9
1457557980,28245759.344298914,31615434.220906295,3369.675,4.07607e14,2.2596,3.04223e6,-1.50415e6,3.77342e-9
1457558010,28263471.06496661,31624448.183185894,3360.977,4.20539e14,5.5040,3.08024e6,-1.49891e6,3.76025e-9
1457558040,28281167.100740608,31633412.81902001,3352.246,3.93606e14,1.2529,2.96853e6,-1.49366e6,3.74708e-9
1457558070,28298847.20031015,31642328.068739038,3343.481,3.77263e14,5.3530,2.89706e6,-1.48840e6,3.73389e-9
1457558100,28316511.11356818,31651193.873126954,3334.683,3.94445e14,1.0426,2.95076e6,-1.48315e6,3.72070e-9
1457558130,28334158.591635205,31660010.173408743,3325.852,3.93671e14,1.2366,2.93743e6,-1.47789e6,3.70750e-9
1457558160,28351789.38677395,31668776.91128156,3316.988,3.88121e14,2.6290,2.90647e6,-1.47263e6,3.69430e-9
1457558190,28369403.25246904,31677494.028879773,3308.091,3.80125e14,4.6350,2.86664e6,-1.46737e6,3.68109e-9
1457558220,28386999.943397444,31686161.468783706,3299.162,3.66637e14,8.0190,2.80688e6,-1.46210e6,3.66787e-9
1457558250,28404579.2154257,31694779.174017686,3290.200,3.90160e14,2.1175,2.88274e6,-1.45684e6,3.65465e-9
1457558280,28422140.825607024,31703347.088048123,3281.206,4.17704e14,4.7927,2.97261e6,-1.45157e6,3.64143e-9
1457558310,28439684.532178536,31711865.1547816,3272.181,4.09353e14,2.6976,2.93151e6,-1.44630e6,3.62820e-9
1457558340,28457210.094558295,31720333.318562932,3263.123,3.80591e14,4.5181,2.81685e6,-1.44102e6,3.61496e-9
1457558370,28474717.273342405,31728751.5241733,3254.034,3.76584e14,5.5234,2.79210e6,-1.43575e6,3.60172e-9
1457558400,28492205.83030203,31737119.71682841,3244.914,4.07853e14,2.3213,2.89404e6,-1.43047e6,3.58847e-9
1457558430,28509675.52835578,31745437.842189033,3235.762,4.11522e14,3.2418,2.89648e6,-1.42519e6,3.57522e-9
1457558460,28527126.131642856,31753705.84632076,3226.580,3.97691e14,0.2282,2.83647e6,-1.41991e6,3.56197e-9
1457558490,28544557.40544336,31761923.67573078,3217.366,4.14287e14,3.9353,2.88481e6,-1.41463e6,3.54871e-9
1457558520,28561969.116199903,31770091.277353637,3208.122,4.15135e14,4.1482,2.87703e6,-1.40935e6,3.53545e-9
1457558550,28579361.03151423,31778208.598549634,3198.848,3.84834e14,3.4537,2.75952e6,-1.40406e6,3.52218e-9
1457558580,28596732.920143846,31786275.58710314,3189.543,3.85279e14,3.3420,2.75068e6,-1.39877e6,3.50891e-9
1457558610,28614084.55199867,31794292.19122098,3180.208,3.90433e14,2.0490,2.75830e6,-1.39349e6,3.49564e-9
1457558640,28631415.698137604,31802258.359530825,3170.843,3.76528e14,5.5376,2.69940e6,-1.38820e6,3.48236e-9
1457558670,28648726.130765058,31810174.041079633,3161.448,3.86234e14,3.1026,2.72278e6,-1.38291e6,3.46908e-9
1457558700,28666015.623227503,31818039.185332015,3152.024,4.06409e14,1.9590,2.78208e6,-1.37761e6,3.45580e-9
1457558730,28683283.95002257,31825853.74216787,3142.570,3.95602e14,0.7521,2.73419e6,-1.37232e6,3.44252e-9
1457558760,28700530.886756767,31833617.661883652,3133.087,3.80544e14,4.5299,2.67200e6,-1.36703e6,3.42923e-9
1457558790,28717756.210180968,31841330.89518791,3123.575,3.89146e14,2.3720,2.69103e6,-1.36173e6,3.41594e-9
1457558820,28734959.69817435,31848993.39320082,3114.034,3.91189e14,1.8595,2.68751e6,-1.35644e6,3.40265e-9
1457558850,28752141.129741,31856605.107452534,3104.464,3.86844e14,2.9495,2.66229e6,-1.35114e6,3.38935e-9
1457558880,28769300.285006333,31864165.989881784,3094.866,4.06313e14,1.9350,2.71758e6,-1.34584e6,3.37606e-9
1457558910,28786436.94521382,31871675.992834367,3085.239,4.13683e14,3.7838,2.73166e6,-1.34055e6,3.36276e-9
1457558940,28803550.892721385,31879135.069061566,3075.584,3.78772e14,4.9744,2.60393e6,-1.33525e6,3.34946e-9
1457558970,28820641.91099799,31886543.171718773,3065.901,3.65226e14,8.3730,2.54840e6,-1.32995e6,3.33616e-9
1457559000,28837709.78462011,31893900.254363917,3056.190,3.97781e14,0.2055,2.64642e6,-1.32465e6,3.32286e-9
1457559030,28854754.299271166,31901206.270944767,3046.452,3.95372e14,0.8100,2.62785e6,-1.31935e6,3.30956e-9
1457559060,28871775.241729192,31908461.175832048,3036.686,3.82882e14,3.9433,2.57612e6,-1.31405e6,3.29625e-9
1457559090,28888772.39987203,31915664.92378333,3026.893,4.06488e14,1.9788,2.64322e6,-1.30875e6,3.28295e-9
1457559120,28905745.562671013,31922817.4699526,3017.072,4.06545e14,1.9931,2.63270e6,-1.30345e6,3.26964e-9
1457559150,28922694.520187475,31929918.76988878,3007.224,3.92641e14,1.4950,2.57672e6,-1.29814e6,3.25634e-9
1457559180,28939619.063569114,31936968.779534113,2997.350,3.95095e14,0.8795,2.57415e6,-1.29284e6,3.24303e-9
1457559210,28956518.985046566,31943967.455222696,2987.448,4.11431e14,3.2190,2.61635e6,-1.28754e6,3.22972e-9
1457559240,28973394.077929698,31950914.753678862,2977.521,4.06466e14,1.9734,2.58960e6,-1.28224e6,3.21642e-9
