Timestamp,R_A,R_B,Delta_H_km,GM,Error_Pct,Term_Time,Term_Kinetic,Term_Potential
1489541280,23502633.34543435,25518908.01014255,2016.275,3.94763e14,0.9626,2.66707e6,-1.33995e6,3.36179e-9
1489541310,23499794.451643914,25535731.039106313,2035.937,3.97191e14,0.3536,2.69985e6,-1.35228e6,3.39275e-9
1489541340,23497059.19310484,25552590.980297238,2055.532,4.03429e14,1.2114,2.74570e6,-1.36454e6,3.42354e-9
1489541370,23494427.68186748,25569487.398086153,2075.060,3.98025e14,0.1443,2.75159e6,-1.37674e6,3.45417e-9
1489541400,23491900.02580655,25586419.85753264,2094.520,3.85852e14,3.1983,2.73342e6,-1.38887e6,3.48463e-9
1489541430,23489476.32858437,25603387.92443319,2113.912,3.90138e14,2.1230,2.77224e6,-1.40093e6,3.51492e-9
1489541460,23487156.689715978,25620391.16523483,2133.234,3.98039e14,0.1408,2.82400e6,-1.41293e6,3.54505e-9
1489541490,23484941.20448139,25637429.147151295,2152.488,3.99334e14,0.1841,2.85248e6,-1.42486e6,3.57501e-9
1489541520,23482829.963939592,25654501.438145105,2171.671,3.96855e14,0.4379,2.86730e6,-1.43672e6,3.60479e-9
1489541550,23480823.054918215,25671607.606942154,2190.785,3.93786e14,1.2079,2.87969e6,-1.44851e6,3.63440e-9
1489541580,23478920.560003653,25688747.223046135,2209.827,3.99205e14,0.1516,2.92286e6,-1.46024e6,3.66385e-9
1489541610,23477122.557531655,25705919.856752735,2228.797,4.04918e14,1.5850,2.96730e6,-1.47189e6,3.69311e-9
1489541640,23475429.12157835,25723125.079163697,2247.696,3.99935e14,0.3347,2.97211e6,-1.48348e6,3.72221e-9
1489541670,23473840.321951758,25740362.462200556,2266.522,3.98506e14,0.0236,2.98984e6,-1.49499e6,3.75112e-9
1489541700,23472356.22418378,25757631.578618262,2285.275,4.01713e14,0.7808,3.02485e6,-1.50643e6,3.77986e-9
1489541730,23470976.88954271,25774932.001995705,2303.955,4.03561e14,1.2444,3.05474e6,-1.51781e6,3.80842e-9
1489541760,23469702.37496446,25792263.306819297,2322.561,4.01790e14,0.8001,3.07070e6,-1.52911e6,3.83681e-9
1489541790,23468532.733107734,25809625.068425402,2341.092,3.99599e14,0.2506,3.08480e6,-1.54034e6,3.86501e-9
1489541820,23467468.01232818,25827016.863035683,2359.549,3.96879e14,0.4319,3.09657e6,-1.55150e6,3.89304e-9
1489541850,23466508.25667293,25844438.26776944,2377.930,3.94285e14,1.0827,3.10853e6,-1.56259e6,3.92088e-9
1489541880,23465653.50587564,25861888.860655766,2396.235,3.96006e14,0.6509,3.13725e6,-1.57360e6,3.94854e-9
1489541910,23464903.795352116,25879368.22064545,2414.464,3.94105e14,1.1277,3.15152e6,-1.58455e6,3.97602e-9
1489541940,23464259.15619629,25896875.927622665,2432.617,3.93503e14,1.2788,3.17073e6,-1.59542e6,4.00331e-9
1489541970,23463719.61517679,25914411.562416494,2450.692,3.96848e14,0.4398,3.20567e6,-1.60621e6,4.03042e-9
1489542000,23463285.194733962,25931974.706812203,2468.690,3.97013e14,0.3982,3.22775e6,-1.61693e6,4.05735e-9
1489542030,23462955.91296227,25949564.94357188,2486.609,3.98871e14,0.0679,3.25660e6,-1.62758e6,4.08408e-9
1489542060,23462731.783654805,25967181.85641589,2504.450,4.01394e14,0.7008,3.28814e6,-1.63815e6,4.11064e-9
1489542090,23462612.81625529,25984825.030063123,2522.212,4.03874e14,1.3229,3.31947e6,-1.64865e6,4.13700e-9
1489542120,23462599.015871976,26002494.05023198,2539.895,4.04973e14,1.5986,3.34505e6,-1.65907e6,4.16317e-9
1489542150,23462690.383276954,26020188.50365078,2557.498,3.96779e14,0.4569,3.33159e6,-1.66942e6,4.18916e-9
1489542180,23462886.914906047,26037907.978067927,2575.021,3.93730e14,1.2220,3.33925e6,-1.67969e6,4.21496e-9
1489542210,23463188.602859106,26055652.062261984,2592.463,3.95231e14,0.8453,3.36589e6,-1.68989e6,4.24056e-9
1489542240,23463595.434900843,26073420.34605143,2609.825,4.03357e14,1.1934,3.42073e6,-1.70001e6,4.26598e-9
1489542270,23464107.39446212,26091212.420304324,2627.105,4.08756e14,2.5479,3.46411e6,-1.71006e6,4.29120e-9
1489542300,23464724.46064175,26109027.876947813,2644.303,3.98413e14,0.0470,3.43967e6,-1.72002e6,4.31624e-9
1489542330,23465446.60822166,26126866.3089786,2661.420,3.95097e14,0.8789,3.44506e6,-1.72991e6,4.34107e-9
1489542360,23466273.807630118,26144727.310468268,2678.454,3.95795e14,0.7039,3.46766e6,-1.73973e6,4.36572e-9
1489542390,23467206.024984557,26162610.476575945,2695.404,3.99197e14,0.1498,3.50201e6,-1.74947e6,4.39017e-9
1489542420,23468243.22208263,26180515.403555796,2712.272,3.99213e14,0.1537,3.52142e6,-1.75912e6,4.41443e-9
1489542450,23469385.356406584,26198441.688765656,2729.056,3.93920e14,1.1743,3.51712e6,-1.76871e6,4.43849e-9
1489542480,23470632.38112809,26216388.93067541,2745.757,3.98341e14,0.0651,3.55575e6,-1.77821e6,4.46236e-9
1489542510,23471984.245113574,26234356.7288752,2762.372,4.00555e14,0.4903,3.58454e6,-1.78764e6,4.48603e-9
1489542540,23473440.89293003,26252344.684083503,2778.904,3.93557e14,1.2652,3.57173e6,-1.79698e6,4.50950e-9
1489542570,23475002.264851265,26270352.39815494,2795.350,3.96797e14,0.4525,3.60485e6,-1.80625e6,4.53278e-9
1489542600,23476668.29686469,26288379.474088036,2811.711,3.99487e14,0.2225,3.63545e6,-1.81544e6,4.55586e-9
1489542630,23478438.920664642,26306425.51602667,2827.987,3.95065e14,0.8870,3.63346e6,-1.82456e6,4.57874e-9
1489542660,23480314.063703,26324490.129285827,2844.176,3.99856e14,0.3151,3.67350e6,-1.83359e6,4.60143e-9
1489542690,23482293.64915435,26342572.92034056,2860.279,4.00914e14,0.5805,3.69634e6,-1.84254e6,4.62391e-9
1489542720,23484377.595938463,26360673.496838763,2876.296,4.04790e14,1.5527,3.73215e6,-1.85142e6,4.64620e-9
1489542750,23486565.81872927,26378791.467607938,2892.226,4.01899e14,0.8276,3.73640e6,-1.86022e6,4.66829e-9
1489542780,23488858.227964345,26396926.442661818,2908.068,3.99784e14,0.2969,3.74399e6,-1.86893e6,4.69018e-9
1489542810,23491254.729854867,26415078.033206835,2923.823,4.07247e14,2.1693,3.79646e6,-1.87757e6,4.71187e-9
1489542840,23493755.226396006,26433245.85164833,2939.491,4.01276e14,0.6712,3.78551e6,-1.88613e6,4.73336e-9
1489542870,23496359.615377776,26451429.511596736,2955.070,3.89760e14,2.2180,3.74777e6,-1.89460e6,4.75464e-9
1489542900,23499067.790396355,26469628.62787343,2970.561,3.97644e14,0.2399,3.80204e6,-1.90300e6,4.77573e-9
1489542930,23501879.640878584,26487842.81652428,2985.963,4.03342e14,1.1896,3.84600e6,-1.91132e6,4.79662e-9
1489542960,23504795.052055053,26506071.694801822,3001.277,3.99007e14,0.1020,3.84169e6,-1.91956e6,4.81731e-9
1489542990,23507813.905012038,26524314.88119391,3016.501,4.03954e14,1.3432,3.88196e6,-1.92771e6,4.83779e-9
1489543020,23510936.076692093,26542571.995421723,3031.636,4.00652e14,0.5147,3.88219e6,-1.93579e6,4.85807e-9
1489543050,23514161.439907685,26560842.658444937,3046.681,3.97669e14,0.2337,3.88368e6,-1.94379e6,4.87816e-9
1489543080,23517489.86335531,26579126.492466856,3061.637,4.01918e14,0.8324,3.92032e6,-1.95171e6,4.89804e-9
1489543110,23520921.2116301,26597423.12093939,3076.502,3.97724e14,0.2200,3.91543e6,-1.95954e6,4.91771e-9
1489543140,23524455.345240787,26615732.168567747,3091.277,3.95537e14,0.7685,3.92014e6,-1.96730e6,4.93719e-9
1489543170,23528092.12062513,26634053.26131522,3105.961,4.02044e14,0.8640,3.96769e6,-1.97497e6,4.95646e-9
1489543200,23531831.390165787,26652386.02640761,3120.555,4.00475e14,0.4704,3.97515e6,-1.98257e6,4.97554e-9
1489543230,23535673.002195947,26670730.092327833,3135.057,3.99272e14,0.1685,3.98421e6,-1.99008e6,4.99441e-9
1489543260,23539616.80104877,26689085.088850133,3149.468,3.99820e14,0.3059,4.00184e6,-1.99752e6,5.01307e-9
1489543290,23543662.627041552,26707450.647014417,3163.788,3.95609e14,0.7504,3.99540e6,-2.00487e6,5.03154e-9
1489543320,23547810.31650382,26725826.39913963,3178.016,3.97872e14,0.1828,4.02132e6,-2.01214e6,5.04980e-9
1489543350,23552059.701795153,26744211.978827555,3192.152,4.03278e14,1.1734,4.06309e6,-2.01934e6,5.06786e-9
1489543380,23556410.611323386,26762607.0209663,3206.196,3.99100e14,0.1253,4.05616e6,-2.02645e6,5.08572e-9
1489543410,23560862.869563237,26781011.161733866,3220.148,3.94120e14,1.1240,4.04483e6,-2.03348e6,5.10338e-9
1489543440,23565416.297075327,26799424.03860141,3234.008,3.94343e14,1.0680,4.05980e6,-2.04043e6,5.12083e-9
1489543470,23570070.710525528,26817845.290336397,3247.775,3.98594e14,0.0017,4.09531e6,-2.04730e6,5.13808e-9
1489543500,23574825.922704782,26836274.55700573,3261.449,4.03516e14,1.2332,4.13427e6,-2.05409e6,5.15513e-9
1489543530,23579681.742557567,26854711.479989536,3275.030,4.00520e14,0.4815,4.13228e6,-2.06080e6,5.17198e-9
1489543560,23584637.97517674,26873155.701950565,3288.518,3.94618e14,0.9990,4.11496e6,-2.06743e6,5.18863e-9
1489543590,23589694.421850268,26891606.866870143,3301.912,3.96306e14,0.5757,4.13678e6,-2.07398e6,5.20507e-9
1489543620,23594850.88007421,26910064.6200401,3315.214,4.01749e14,0.7900,4.17811e6,-2.08045e6,5.22131e-9
1489543650,23600107.143574428,26928528.608065348,3328.421,3.99397e14,0.1999,4.17862e6,-2.08684e6,5.23735e-9
1489543680,23605463.00232856,26946998.47886626,3341.535,3.95679e14,0.7329,4.17172e6,-2.09315e6,5.25319e-9
1489543710,23610918.24258849,26965473.881681047,3354.556,3.99247e14,0.1621,4.20294e6,-2.09937e6,5.26883e-9
1489543740,23616472.646903083,26983954.467067905,3367.482,3.97912e14,0.1727,4.20820e6,-2.10552e6,5.28427e-9
1489543770,23622125.994141225,27002439.886907145,3380.314,4.01246e14,0.6638,4.23800e6,-2.11159e6,5.29950e-9
1489543800,23627878.05951525,27020929.794403136,3393.052,4.04178e14,1.3994,4.26560e6,-2.11758e6,5.31454e-9
1489543830,23633728.614596255,27039423.844079033,3405.695,4.01441e14,0.7127,4.26292e6,-2.12349e6,5.32937e-9
1489543860,23639677.42736407,27057921.691800386,3418.244,3.97545e14,0.2648,4.25380e6,-2.12932e6,5.34401e-9
1489543890,23645724.26220558,27076422.994755108,3430.699,3.99023e14,0.1061,4.27321e6,-2.13507e6,5.35844e-9
1489543920,23651868.879947804,27094927.41146186,3443.059,4.02663e14,1.0192,4.30412e6,-2.14074e6,5.37268e-9
1489543950,23658111.03788274,27113434.60177146,3455.324,3.96701e14,0.4766,4.28324e6,-2.14633e6,5.38672e-9
1489543980,23664450.48979257,27131944.226868015,3467.494,3.96419e14,0.5472,4.29272e6,-2.15184e6,5.40055e-9
1489544010,23670886.985975213,27150455.94927018,3479.569,3.96501e14,0.5266,4.30401e6,-2.15727e6,5.41419e-9
1489544040,23677420.273270026,27168969.43283205,3491.549,3.97069e14,0.3843,4.31777e6,-2.16263e6,5.42763e-9
1489544070,23684050.0950839,27187484.342744067,3503.434,4.00031e14,0.3589,4.34442e6,-2.16790e6,5.44088e-9
1489544100,23690776.19141762,27206000.345533866,3515.224,4.04237e14,1.4141,4.37778e6,-2.17310e6,5.45392e-9
1489544130,23697598.298902836,27224517.109067615,3526.919,4.04031e14,1.3624,4.38696e6,-2.17821e6,5.46677e-9
1489544160,23704516.150796957,27243034.30254859,3538.518,4.01748e14,0.7897,4.38460e6,-2.18325e6,5.47942e-9
1489544190,23711529.477042366,27261551.596519478,3550.022,3.99645e14,0.2621,4.38302e6,-2.18822e6,5.49188e-9
1489544220,23718638.004283514,27280068.662862215,3561.431,3.97138e14,0.3669,4.37900e6,-2.19310e6,5.50414e-9
1489544250,23725841.455894668,27298585.174798258,3572.744,3.96923e14,0.4209,4.38741e6,-2.19790e6,5.51620e-9
1489544280,23733139.552007835,27317100.80688881,3583.961,3.97218e14,0.3469,4.39848e6,-2.20263e6,5.52807e-9
1489544310,23740532.009541016,27335615.235034995,3595.083,3.92533e14,1.5221,4.38182e6,-2.20728e6,5.53974e-9
1489544340,23748018.542226624,27354128.136477772,3606.110,3.93446e14,1.2932,4.39596e6,-2.21186e6,5.55122e-9
1489544370,23755598.860640068,27372639.189797983,3617.040,4.00203e14,0.4021,4.44249e6,-2.21635e6,5.56251e-9
1489544400,23763272.672228694,27391148.074916165,3627.875,4.00131e14,0.3841,4.45094e6,-2.22077e6,5.57360e-9
1489544430,23771039.681327466,27409654.473093715,3638.615,3.98378e14,0.0557,4.44986e6,-2.22511e6,5.58450e-9
1489544460,23778899.589229364,27428158.066928335,3649.258,3.96010e14,0.6498,4.44514e6,-2.22938e6,5.59521e-9
1489544490,23786852.094173573,27446658.540358037,3659.806,3.95621e14,0.7475,4.45131e6,-2.23357e6,5.60572e-9
1489544520,23794896.891388457,27465155.578659315,3670.259,3.99367e14,0.1923,4.48055e6,-2.23768e6,5.61605e-9
1489544550,23803033.673121188,27483648.868446548,3680.615,4.00203e14,0.4019,4.49333e6,-2.24172e6,5.62618e-9
1489544580,23811262.128667664,27502138.097671445,3690.876,3.97370e14,0.3086,4.48531e6,-2.24568e6,5.63612e-9
1489544610,23819581.944402613,27520622.955622386,3701.041,3.96543e14,0.5162,4.48840e6,-2.24957e6,5.64588e-9
1489544640,23827992.803809788,27539103.13292368,3711.110,3.97893e14,0.1775,4.50364e6,-2.25338e6,5.65544e-9
1489544670,23836494.387512393,27557578.321534723,3721.084,3.99569e14,0.2429,4.52060e6,-2.25711e6,5.66482e-9
1489544700,23845086.37330362,27576048.214749113,3730.962,3.98887e14,0.0719,4.52406e6,-2.26078e6,5.67401e-9
1489544730,23853768.436192095,27594512.507197477,3740.744,3.99109e14,0.1275,4.53250e6,-2.26436e6,5.68301e-9
1489544760,23862540.24838729,27612970.89483484,3750.431,3.97837e14,0.1915,4.53229e6,-2.26787e6,5.69182e-9
1489544790,23871401.47937614,27631423.07495107,3760.022,3.95682e14,0.7322,4.52688e6,-2.27131e6,5.70045e-9
1489544820,23880351.795939546,27649868.746166017,3769.517,3.96477e14,0.5328,4.53812e6,-2.27468e6,5.70889e-9
1489544850,23889390.862183675,27668307.60842823,3778.917,3.98849e14,0.0623,4.55825e6,-2.27797e6,5.71715e-9
1489544880,23898518.339571543,27686739.363013707,3788.221,3.99683e14,0.2717,4.56946e6,-2.28118e6,5.72522e-9
1489544910,23907733.886954594,27705163.712524522,3797.430,3.98619e14,0.0046,4.56966e6,-2.28433e6,5.73311e-9
1489544940,23917037.160604414,27723580.36088736,3806.543,4.00101e14,0.3766,4.58431e6,-2.28740e6,5.74082e-9
1489544970,23926427.81424456,27741989.01335199,3815.561,3.98831e14,0.0578,4.58302e6,-2.29040e6,5.74835e-9
1489545000,23935905.499082472,27760389.37648974,3824.484,3.98620e14,0.0049,4.58766e6,-2.29333e6,5.75569e-9
1489545030,23945469.863828387,27778781.158181887,3833.311,3.99863e14,0.3166,4.60053e6,-2.29618e6,5.76285e-9
1489545060,23955120.554767817,27797164.06764841,3842.044,3.96198e14,0.6027,4.58496e6,-2.29896e6,5.76984e-9
1489545090,23964857.21575307,27815537.815415695,3850.681,3.94832e14,0.9454,4.58248e6,-2.30168e6,5.77664e-9
1489545120,23974679.488248553,27833902.11332441,3859.223,3.97103e14,0.3757,4.60087e6,-2.30432e6,5.78326e-9
1489545150,23984587.011362895,27852256.674527586,3867.670,3.98742e14,0.0356,4.61549e6,-2.30689e6,5.78971e-9
1489545180,23994579.42188125,27870601.213488497,3876.022,3.97292e14,0.3282,4.61208e6,-2.30939e6,5.79598e-9
1489545210,24004656.354297593,27888935.44597859,3884.279,3.94033e14,1.1458,4.59802e6,-2.31182e6,5.80207e-9
1489545240,24014817.440846987,27907259.089075297,3892.442,3.98497e14,0.0260,4.62864e6,-2.31417e6,5.80799e-9
1489545270,24025062.311538048,27925571.861159828,3900.510,4.01950e14,0.8402,4.65329e6,-2.31646e6,5.81373e-9
1489545300,24035390.594185308,27943873.481914822,3908.483,3.98688e14,0.0218,4.63876e6,-2.31868e6,5.81930e-9
1489545330,24045801.914451648,27962163.672331452,3916.362,3.93063e14,1.3892,4.61030e6,-2.32083e6,5.82469e-9
1489545360,24056295.89584997,27980442.154678296,3924.146,3.99830e14,0.3086,4.65389e6,-2.32292e6,5.82991e-9
1489545390,24066872.1598068,27998708.652527705,3931.836,4.03536e14,1.2382,4.67955e6,-2.32493e6,5.83496e-9
1489545420,24077530.32568481,28016962.89074414,3939.433,3.98381e14,0.0550,4.65336e6,-2.32687e6,5.83984e-9
1489545450,24088270.010815382,28035204.59548175,3946.935,3.99740e14,0.2858,4.66505e6,-2.32875e6,5.84454e-9
1489545480,24099090.830531254,28053433.494181838,3954.343,3.96350e14,0.5646,4.64885e6,-2.33056e6,5.84908e-9
1489545510,24109992.398199122,28071649.315570466,3961.657,3.97385e14,0.3049,4.65838e6,-2.33230e6,5.85345e-9
1489545540,24120974.325252276,28089851.78965584,3968.877,4.01306e14,0.6788,4.68469e6,-2.33398e6,5.85765e-9
1489545570,24132036.22122314,28108040.647725716,3976.004,4.02914e14,1.0821,4.69734e6,-2.33559e6,5.86168e-9
1489545600,24143177.693775866,28126215.622344855,3983.038,4.02198e14,0.9025,4.69624e6,-2.33713e6,5.86555e-9
1489545630,24154398.348734647,28144376.44735004,3989.978,3.97367e14,0.3096,4.67085e6,-2.33861e6,5.86925e-9
1489545660,24165697.79012948,28162522.857854277,3996.825,3.96398e14,0.5526,4.66798e6,-2.34002e6,5.87279e-9
1489545690,24177075.6202151,28180654.590237156,4003.579,3.98116e14,0.1214,4.68076e6,-2.34137e6,5.87616e-9
1489545720,24188531.439507816,28198771.382144284,4010.240,3.96567e14,0.5101,4.67421e6,-2.34265e6,5.87937e-9
1489545750,24200064.846817885,28216872.97248442,4016.808,3.98320e14,0.0705,4.68695e6,-2.34387e6,5.88242e-9
1489545780,24211675.439281806,28234959.10142657,4023.284,3.99951e14,0.3387,4.69885e6,-2.34502e6,5.88530e-9
1489545810,24223362.812394578,28253029.510397106,4029.667,3.98379e14,0.0554,4.69177e6,-2.34611e6,5.88803e-9
1489545840,24235126.560041882,28271083.942076746,4035.957,3.97621e14,0.2457,4.68935e6,-2.34713e6,5.89059e-9
1489545870,24246966.27453222,28289122.14039756,4042.156,3.97207e14,0.3497,4.68883e6,-2.34809e6,5.89300e-9
1489545900,24258881.546628993,28307143.850539878,4048.262,3.96317e14,0.5729,4.68538e6,-2.34899e6,5.89524e-9
1489545930,24270871.965577334,28325148.818925362,4054.277,3.93602e14,1.2541,4.67103e6,-2.34983e6,5.89734e-9
1489545960,24282937.119151726,28343136.793225832,4060.200,3.98689e14,0.0221,4.70257e6,-2.35060e6,5.89927e-9
1489545990,24295076.59367234,28361107.522348065,4066.031,4.00779e14,0.5467,4.71633e6,-2.35131e6,5.90105e-9
1489546020,24307289.97404172,28379060.756434444,4071.771,3.98776e14,0.0439,4.70580e6,-2.35196e6,5.90267e-9
1489546050,24319576.84377641,28396996.246859714,4077.419,4.00952e14,0.5898,4.71983e6,-2.35255e6,5.90414e-9
1489546080,24331936.78503845,28414913.746227615,4082.977,4.03712e14,1.2825,4.73719e6,-2.35308e6,5.90546e-9
1489546110,24344369.378666937,28432813.008367643,4088.444,4.02838e14,1.0631,4.73296e6,-2.35355e6,5.90663e-9
1489546140,24356874.204209264,28450693.788331587,4093.820,3.95711e14,0.7248,4.69168e6,-2.35396e6,5.90764e-9
1489546170,24369450.839952443,28468555.842390217,4099.105,3.96246e14,0.5908,4.69553e6,-2.35430e6,5.90851e-9
1489546200,24382098.86295422,28486398.92802979,4104.300,3.97226e14,0.3449,4.70189e6,-2.35459e6,5.90922e-9
1489546230,24394817.849092383,28504222.803951636,4109.405,3.95481e14,0.7826,4.69203e6,-2.35482e6,5.90979e-9
1489546260,24407607.37303965,28522027.230059445,4114.420,3.97571e14,0.2583,4.70472e6,-2.35499e6,5.91021e-9
1489546290,24420467.0083505,28539811.967465047,4119.345,4.00175e14,0.3951,4.72033e6,-2.35511e6,5.91048e-9
1489546320,24433396.327473924,28557576.778481968,4124.180,3.98387e14,0.0535,4.70987e6,-2.35516e6,5.91061e-9
1489546350,24446394.90178416,28575321.426621873,4128.927,3.97753e14,0.2127,4.70611e6,-2.35516e6,5.91060e-9
1489546380,24459462.301611297,28593045.67659098,4133.583,3.98370e14,0.0579,4.70963e6,-2.35510e6,5.91043e-9
1489546410,24472598.096271712,28610749.294286627,4138.151,3.99177e14,0.1446,4.71417e6,-2.35498e6,5.91013e-9
1489546440,24485801.854098465,28628432.046793614,4142.630,3.97949e14,0.1634,4.70656e6,-2.35480e6,5.90968e-9
1489546470,24499073.142471373,28646093.702380646,4147.021,4.00462e14,0.4671,4.72094e6,-2.35457e6,5.90910e-9
1489546500,24512411.527847093,28663734.030496724,4151.323,4.02249e14,0.9152,4.73092e6,-2.35429e6,5.90837e-9
1489546530,24525816.575760435,28681352.80177175,4155.536,4.01203e14,0.6529,4.72406e6,-2.35395e6,5.90750e-9
1489546560,24539287.85094196,28698949.78799993,4159.662,4.00152e14,0.3894,4.71705e6,-2.35355e6,5.90650e-9
1489546590,24552824.917259555,28716524.762149006,4163.700,3.96583e14,0.5063,4.69506e6,-2.35310e6,5.90536e-9
1489546620,24566427.337775946,28734077.49835249,4167.650,3.98697e14,0.0242,4.70653e6,-2.35259e6,5.90408e-9
1489546650,24580094.674777765,28751607.77190599,4171.513,4.02573e14,0.9967,4.72829e6,-2.35203e6,5.90266e-9
1489546680,24593826.489804313,28769115.35926347,4175.289,3.96417e14,0.5477,4.69072e6,-2.35142e6,5.90111e-9
1489546710,24607622.343676273,28786600.0380337,4178.978,3.94899e14,0.9286,4.68043e6,-2.35075e6,5.89943e-9
1489546740,24621481.796524156,28804061.586976375,4182.580,3.99342e14,0.1859,4.70520e6,-2.35003e6,5.89761e-9
1489546770,24635404.407816604,28821499.785998512,4186.095,3.94976e14,0.9094,4.67791e6,-2.34926e6,5.89567e-9
1489546800,24649389.736388586,28838914.416150596,4189.525,3.98892e14,0.0731,4.69934e6,-2.34844e6,5.89359e-9
1489546830,24663437.34050308,28856305.259609655,4192.868,3.99790e14,0.2985,4.70288e6,-2.34756e6,5.89138e-9
1489546860,24677546.777774937,28873672.099716052,4196.125,3.96218e14,0.5977,4.67998e6,-2.34663e6,5.88904e-9
1489546890,24691717.605302762,28891014.7209291,4199.297,3.95282e14,0.8326,4.67251e6,-2.34566e6,5.88657e-9
1489546920,24705949.3796629,28908332.908836234,4202.384,3.97781e14,0.2055,4.68516e6,-2.34463e6,5.88398e-9
1489546950,24720241.656937044,28925626.45014902,4205.385,4.04141e14,1.3901,4.72041e6,-2.34355e6,5.88126e-9
1489546980,24734593.99273954,28942895.132699214,4208.301,4.04127e14,1.3865,4.71804e6,-2.34242e6,5.87841e-9
1489547010,24749005.94224466,28960138.745434824,4211.133,3.98532e14,0.0171,4.68279e6,-2.34124e6,5.87544e-9
1489547040,24763477.06021353,28977357.078416057,4213.880,4.00191e14,0.3991,4.69007e6,-2.34001e6,5.87235e-9
1489547070,24778006.901021007,28994549.92281135,4216.543,4.01101e14,0.6274,4.69285e6,-2.33873e6,5.86913e-9
1489547100,24792595.01868217,29011717.070893392,4219.122,4.00299e14,0.4262,4.68548e6,-2.33741e6,5.86579e-9
1489547130,24807240.96684471,29028858.316054694,4221.617,4.00335e14,0.4351,4.68293e6,-2.33603e6,5.86233e-9
1489547160,24821944.29892028,29045973.45274325,4224.029,3.99582e14,0.2464,4.67567e6,-2.33461e6,5.85875e-9
1489547190,24836704.56800494,29063062.276518963,4226.358,4.00254e14,0.4149,4.67665e6,-2.33314e6,5.85505e-9
1489547220,24851521.326938808,29080124.58403017,4228.603,3.97870e14,0.1832,4.65966e6,-2.33162e6,5.85124e-9
1489547250,24866394.128331333,29097160.173009876,4230.766,3.98468e14,0.0333,4.66002e6,-2.33006e6,5.84730e-9
1489547280,24881322.524586376,29114168.842271872,4232.846,3.97905e14,0.1746,4.65351e6,-2.32845e6,5.84325e-9
1489547310,24896306.067927103,29131150.391706876,4234.844,3.99516e14,0.2297,4.65960e6,-2.32680e6,5.83909e-9
1489547340,24911344.310420603,29148104.622278694,4236.760,4.02144e14,0.8889,4.67153e6,-2.32510e6,5.83481e-9
1489547370,24926436.804002326,29165031.336020324,4238.595,4.01395e14,0.7011,4.66365e6,-2.32335e6,5.83041e-9
1489547400,24941583.10050041,29181930.33603007,4240.347,4.00714e14,0.5302,4.65608e6,-2.32156e6,5.82590e-9
1489547430,24956782.75169329,29198801.426447097,4242.019,3.99067e14,0.1170,4.64280e6,-2.31972e6,5.82129e-9
1489547460,24972035.30922985,29215644.412510943,4243.609,3.98929e14,0.0824,4.63823e6,-2.31784e6,5.81656e-9
1489547490,24987340.32475705,29232459.100494113,4245.119,3.98169e14,0.1081,4.62997e6,-2.31592e6,5.81172e-9
1489547520,25002697.34991003,29249245.297718503,4246.548,3.99294e14,0.1741,4.63256e6,-2.31395e6,5.80677e-9
1489547550,25018105.93633551,29266002.812551342,4247.897,3.99293e14,0.1738,4.62853e6,-2.31194e6,5.80171e-9
1489547580,25033565.635715146,29282731.454401053,4249.166,3.95139e14,0.8683,4.60033e6,-2.30989e6,5.79655e-9
1489547610,25049075.99978862,29299431.033713218,4250.355,3.98807e14,0.0518,4.61740e6,-2.30779e6,5.79128e-9
1489547640,25064636.580376424,29316101.361966357,4251.465,4.01715e14,0.7814,4.62994e6,-2.30566e6,5.78590e-9
1489547670,25080246.929402538,29332742.25166794,4252.495,4.01848e14,0.8148,4.62633e6,-2.30348e6,5.78042e-9
1489547700,25095906.598916825,29349353.516350146,4253.447,4.03639e14,1.2641,4.63221e6,-2.30126e6,5.77484e-9
1489547730,25111615.141083613,29365934.970581833,4254.320,3.99815e14,0.3048,4.60559e6,-2.29900e6,5.76915e-9
1489547760,25127372.10830717,29382486.429915037,4255.114,3.96501e14,0.5267,4.58187e6,-2.29669e6,5.76336e-9
1489547790,25143177.053149696,29399007.710930437,4255.831,3.95464e14,0.7868,4.57122e6,-2.29435e6,5.75747e-9
1489547820,25159029.528386105,29415498.631217223,4256.469,3.94819e14,0.9488,4.56276e6,-2.29197e6,5.75148e-9
1489547850,25174929.087024983,29431959.009369187,4257.030,3.96645e14,0.4905,4.56843e6,-2.28955e6,5.74539e-9
1489547880,25190875.282329354,29448388.664980803,4257.513,3.97061e14,0.3861,4.56590e6,-2.28709e6,5.73920e-9
1489547910,25206867.66783724,29464787.41864318,4257.920,3.98182e14,0.1050,4.56733e6,-2.28459e6,5.73291e-9
1489547940,25222905.79738191,29481155.09194013,4258.249,3.97280e14,0.3314,4.55708e6,-2.28205e6,5.72653e-9
1489547970,25238989.22511202,29497491.50744426,4258.502,3.95066e14,0.8867,4.53927e6,-2.27947e6,5.72005e-9
1489548000,25255117.505511407,29513796.488712925,4258.679,3.98542e14,0.0147,4.55392e6,-2.27686e6,5.71348e-9
1489548030,25271290.19345416,29530069.860275127,4258.780,4.01624e14,0.7585,4.56619e6,-2.27420e6,5.70681e-9
1489548060,25287506.84411519,29546311.447656088,4258.805,4.01176e14,0.6461,4.55824e6,-2.27151e6,5.70005e-9
1489548090,25303767.01309839,29562521.077344608,4258.754,4.00517e14,0.4808,4.54901e6,-2.26879e6,5.69319e-9
1489548120,25320070.2564207,29578698.576798283,4258.628,4.00114e14,0.3797,4.54117e6,-2.26603e6,5.68625e-9
1489548150,25336416.130531214,29594843.774439584,4258.428,3.99587e14,0.2474,4.53256e6,-2.26323e6,5.67921e-9
1489548180,25352804.192329984,29610956.499651786,4258.152,3.96432e14,0.5439,4.50899e6,-2.26039e6,5.67209e-9
1489548210,25369233.999186702,29627036.58277499,4257.803,3.98403e14,0.0496,4.51442e6,-2.25752e6,5.66487e-9
1489548240,25385705.108959086,29643083.855102137,4257.379,4.02314e14,0.9317,4.53074e6,-2.25462e6,5.65757e-9
1489548270,25402217.080011103,29659098.148874998,4256.881,4.00416e14,0.4554,4.51410e6,-2.25168e6,5.65018e-9
1489548300,25418769.47123085,29675079.29728014,4256.310,3.99787e14,0.2977,4.50458e6,-2.24870e6,5.64270e-9
1489548330,25435361.8420121,29691027.134451125,4255.665,3.98466e14,0.0338,4.49110e6,-2.24569e6,5.63513e-9
1489548360,25451993.752383407,29706941.495445512,4254.948,4.01554e14,0.7410,4.50239e6,-2.24265e6,5.62749e-9
1489548390,25468664.762913637,29722822.216260083,4254.157,4.01807e14,0.8044,4.49763e6,-2.23957e6,5.61975e-9
1489548420,25485374.434764814,29738669.133820623,4253.295,3.97472e14,0.2832,4.46705e6,-2.23646e6,5.61194e-9
1489548450,25502122.329708584,29754482.08597807,4252.360,3.98431e14,0.0426,4.46614e6,-2.23332e6,5.60404e-9
1489548480,25518908.01014255,29770260.91150449,4251.353,3.96418e14,0.5475,4.44853e6,-2.23015e6,5.59606e-9
1489548510,25535731.039106313,29786005.450089313,4250.274,3.97987e14,0.1540,4.45089e6,-2.22694e6,5.58800e-9
1489548540,25552590.980297238,29801715.54233524,4249.125,4.01154e14,0.6408,4.46209e6,-2.22370e6,5.57986e-9
1489548570,25569487.398086153,29817391.029754467,4247.904,3.95285e14,0.8318,4.42282e6,-2.22043e6,5.57164e-9
1489548600,25586419.85753264,29833031.75476465,4246.612,3.94871e14,0.9356,4.41393e6,-2.21713e6,5.56334e-9
1489548630,25603387.92443319,29848637.56067536,4245.250,4.00108e14,0.3782,4.43638e6,-2.21380e6,5.55496e-9
1489548660,25620391.16523483,29864208.29171431,4243.817,3.99947e14,0.3377,4.42874e6,-2.21043e6,5.54651e-9
1489548690,25637429.147151295,29879743.792993017,4242.315,4.00431e14,0.4592,4.42462e6,-2.20704e6,5.53798e-9
1489548720,25654501.438145105,29895243.910512723,4240.742,3.98793e14,0.0482,4.40869e6,-2.20361e6,5.52938e-9
1489548750,25671607.606942154,29910708.491160482,4239.101,3.96989e14,0.4042,4.39182e6,-2.20016e6,5.52070e-9
1489548780,25688747.223046135,29926137.38270516,4237.390,3.99420e14,0.2055,4.39826e6,-2.19668e6,5.51194e-9
1489548810,25705919.856752735,29941530.433793504,4235.611,4.00301e14,0.4266,4.39607e6,-2.19317e6,5.50312e-9
1489548840,25723125.079163697,29956887.49394629,4233.762,3.98120e14,0.1204,4.37699e6,-2.18962e6,5.49422e-9
1489548870,25740362.462200556,29972208.41355434,4231.846,3.98918e14,0.0795,4.37422e6,-2.18606e6,5.48525e-9
1489548900,25757631.578618262,29987493.04387466,4229.861,4.03296e14,1.1779,4.39099e6,-2.18246e6,5.47621e-9
1489548930,25774932.001995705,30002741.237044446,4227.809,3.98384e14,0.0544,4.35683e6,-2.17883e6,5.46710e-9
1489548960,25792263.306819297,30017952.846022204,4225.690,3.95607e14,0.7511,4.33437e6,-2.17518e6,5.45792e-9
1489548990,25809625.068425402,30033127.724639136,4223.503,3.98005e14,0.1493,4.34010e6,-2.17150e6,5.44867e-9
1489549020,25827016.863035683,30048265.72757761,4221.249,4.00527e14,0.4834,4.34640e6,-2.16779e6,5.43935e-9
1489549050,25844438.26776944,30063366.710367486,4218.928,3.99500e14,0.2256,4.33333e6,-2.16406e6,5.42997e-9
1489549080,25861888.860655766,30078430.529382415,4216.542,3.97626e14,0.2445,4.31563e6,-2.16029e6,5.42052e-9
1489549110,25879368.22064545,30093457.041836254,4214.089,3.98926e14,0.0818,4.31510e6,-2.15651e6,5.41100e-9
1489549140,25896875.927622665,30108446.105779387,4211.570,3.95672e14,0.7347,4.28989e6,-2.15270e6,5.40142e-9
1489549170,25914411.562416494,30123397.58009512,4208.986,3.93787e14,1.2076,4.27207e6,-2.14886e6,5.39178e-9
1489549200,25931974.706812203,30138311.32449597,4206.337,3.94456e14,1.0399,4.26798e6,-2.14499e6,5.38207e-9
1489549230,25949564.94357188,30153187.199495263,4203.622,3.97173e14,0.3581,4.27484e6,-2.14110e6,5.37230e-9
1489549260,25967181.85641589,30168025.06648011,4200.843,3.98450e14,0.0376,4.27387e6,-2.13719e6,5.36247e-9
1489549290,25984825.030063123,30182824.78763085,4198.000,3.95490e14,0.7803,4.25014e6,-2.13325e6,5.35257e-9
1489549320,26002494.05023198,30197586.225942157,4195.092,3.96197e14,0.6029,4.24602e6,-2.12929e6,5.34262e-9
1489549350,26020188.50365078,30212309.245219167,4192.121,3.99244e14,0.1615,4.25432e6,-2.12530e6,5.33261e-9
1489549380,26037907.978067927,30226993.7100737,4189.086,4.01053e14,0.6153,4.25591e6,-2.12129e6,5.32253e-9
1489549410,26055652.062261984,30241639.48592047,4185.987,4.03859e14,1.3192,4.26272e6,-2.11726e6,5.31240e-9
1489549440,26073420.34605143,30256246.43897323,4182.826,3.97847e14,0.1891,4.22267e6,-2.11320e6,5.30221e-9
1489549470,26091212.420304324,30270814.436241046,4179.602,3.99210e14,0.1530,4.22173e6,-2.10913e6,5.29196e-9
1489549500,26109027.876947813,30285343.345524516,4176.315,4.02570e14,0.9959,4.23126e6,-2.10502e6,5.28166e-9
1489549530,26126866.3089786,30299833.0354406,4172.967,3.96566e14,0.5103,4.19132e6,-2.10090e6,5.27130e-9
1489549560,26144727.310468268,30314283.37533083,4169.556,3.96313e14,0.5740,4.18171e6,-2.09675e6,5.26088e-9
1489549590,26162610.476575945,30328694.235345956,4166.084,4.00597e14,0.5009,4.19589e6,-2.09259e6,5.25041e-9
1489549620,26180515.403555796,30343065.486413836,4162.550,3.98901e14,0.0755,4.17859e6,-2.08840e6,5.23989e-9
1489549650,26198441.688765656,30357397.000236068,4158.955,3.93850e14,1.1918,4.14375e6,-2.08419e6,5.22931e-9
1489549680,26216388.93067541,30371688.649284545,4155.300,4.01189e14,0.6495,4.17363e6,-2.07996e6,5.21868e-9
1489549710,26234356.7288752,30385940.306798093,4151.584,4.03255e14,1.1677,4.17585e6,-2.07570e6,5.20800e-9
1489549740,26252344.684083503,30400151.846778996,4147.807,4.02283e14,0.9239,4.16220e6,-2.07143e6,5.19726e-9
1489549770,26270352.39815494,30414323.14398974,4143.971,4.04178e14,1.3992,4.16340e6,-2.06714e6,5.18648e-9
1489549800,26288379.474088036,30428454.073949534,4140.075,3.98104e14,0.1245,4.12327e6,-2.06282e6,5.17564e-9
1489549830,26306425.51602667,30442544.51289961,4136.119,3.96187e14,0.6056,4.10470e6,-2.05849e6,5.16476e-9
1489549860,26324490.129285827,30456594.337896552,4132.104,3.98409e14,0.0480,4.10747e6,-2.05414e6,5.15383e-9
1489549890,26342572.92034056,30470603.426712047,4128.031,4.01212e14,0.6551,4.11314e6,-2.04977e6,5.14285e-9
1489549920,26360673.496838763,30484571.65786066,4123.898,4.01791e14,0.8003,4.10729e6,-2.04538e6,5.13182e-9
1489549950,26378791.467607938,30498498.91059615,4119.707,4.00324e14,0.4324,4.09093e6,-2.04097e6,5.12074e-9
1489549980,26396926.442661818,30512385.064907998,4115.459,3.99910e14,0.3285,4.07993e6,-2.03654e6,5.10962e-9
1489550010,26415078.033206835,30526230.001517728,4111.152,3.98233e14,0.0921,4.06247e6,-2.03209e6,5.09845e-9
1489550040,26433245.85164833,30540033.601875436,4106.788,3.98737e14,0.0343,4.05610e6,-2.02763e6,5.08724e-9
1489550070,26451429.511596736,30553795.748156197,4102.366,4.02675e14,1.0222,4.06712e6,-2.02315e6,5.07598e-9
1489550100,26469628.62787343,30567516.323256545,4097.888,3.96921e14,0.4213,4.02893e6,-2.01865e6,5.06468e-9
1489550130,26487842.81652428,30581195.210827515,4093.352,3.94325e14,1.0726,4.00679e6,-2.01413e6,5.05333e-9
1489550160,26506071.694801822,30594832.295158718,4088.761,4.01845e14,0.8140,4.03568e6,-2.00960e6,5.04195e-9
1489550190,26524314.88119391,30608427.461287472,4084.113,3.96833e14,0.4434,4.00132e6,-2.00505e6,5.03052e-9
1489550220,26542571.995421723,30621980.594959285,4079.409,3.92957e14,1.4159,3.97274e6,-2.00048e6,5.01904e-9
1489550250,26560842.658444937,30635491.58262471,4074.649,3.97184e14,0.3554,3.98480e6,-1.99589e6,5.00753e-9
1489550280,26579126.492466856,30648960.311436262,4069.834,3.98669e14,0.0172,3.98303e6,-1.99129e6,4.99597e-9
1489550310,26597423.12093939,30662386.66924529,4064.964,4.02145e14,0.8892,3.99112e6,-1.98668e6,4.98438e-9
1489550340,26615732.168567747,30675770.54459897,4060.038,4.00169e14,0.3935,3.97198e6,-1.98204e6,4.97275e-9
1489550370,26634053.26131522,30689111.826737203,4055.059,3.94251e14,1.0913,3.93330e6,-1.97740e6,4.96107e-9
1489550400,26652386.02640761,30702410.405589513,4050.024,3.94768e14,0.9614,3.92658e6,-1.97273e6,4.94936e-9
1489550430,26670730.092327833,30715666.17172973,4044.936,3.95139e14,0.8683,3.91910e6,-1.96805e6,4.93761e-9
1489550460,26689085.088850133,30728879.016503267,4039.794,3.94582e14,1.0081,3.90700e6,-1.96336e6,4.92582e-9
1489550490,26707450.647014417,30742048.831893485,4034.598,3.99594e14,0.2493,3.92226e6,-1.95865e6,4.91400e-9
1489550520,26725826.39913963,30755175.510560516,4029.349,3.98666e14,0.0165,3.90825e6,-1.95393e6,4.90214e-9
1489550550,26744211.978827555,30768258.945837874,4024.047,3.93329e14,1.3226,3.87267e6,-1.94919e6,4.89024e-9
1489550580,26762607.0209663,30781299.0317291,4018.692,4.03392e14,1.2020,3.91231e6,-1.94444e6,4.87831e-9
1489550610,26781011.161733866,30794295.662904363,4013.285,4.04710e14,1.5327,3.90914e6,-1.93968e6,4.86634e-9
1489550640,26799424.03860141,30807248.734697104,4007.825,3.99021e14,0.1055,3.87188e6,-1.93490e6,4.85434e-9
1489550670,26817845.290336397,30820158.14310071,4002.313,3.98383e14,0.0546,3.85920e6,-1.93011e6,4.84231e-9
1489550700,26836274.55700573,30833023.78476514,3996.749,3.94706e14,0.9771,3.83182e6,-1.92530e6,4.83024e-9
1489550730,26854711.479989536,30845845.557036694,3991.134,3.96308e14,0.5751,3.82995e6,-1.92048e6,4.81814e-9
1489550760,26873155.701950565,30858623.35782228,3985.468,3.97314e14,0.3228,3.82514e6,-1.91565e6,4.80600e-9
1489550790,26891606.866870143,30871357.085718848,3979.750,3.98447e14,0.0386,3.82090e6,-1.91081e6,4.79384e-9
1489550820,26910064.6200401,30884046.639967617,3973.982,3.99018e14,0.1048,3.81391e6,-1.90595e6,4.78164e-9
1489550850,26928528.608065348,30896691.920451235,3968.163,4.01897e14,0.8271,3.81789e6,-1.90108e6,4.76941e-9
1489550880,26946998.47886626,30909292.827690944,3962.294,4.03838e14,1.3139,3.81732e6,-1.89620e6,4.75715e-9
1489550910,26965473.881681047,30921849.26284386,3956.375,3.97214e14,0.3478,3.77603e6,-1.89131e6,4.74487e-9
1489550940,26983954.467067905,30934361.12770013,3950.407,3.98953e14,0.0884,3.77446e6,-1.88640e6,4.73255e-9
1489550970,27002439.886907145,30946828.32468022,3944.388,3.98115e14,0.1219,3.76066e6,-1.88148e6,4.72020e-9
1489551000,27020929.794403136,30959250.75683214,3938.321,3.95201e14,0.8529,3.73709e6,-1.87655e6,4.70783e-9
1489551030,27039423.844079033,30971628.32779426,3932.204,3.99612e14,0.2537,3.74796e6,-1.87162e6,4.69542e-9
1489551060,27057921.691800386,30983960.941898823,3926.039,4.02482e14,0.9738,3.75148e6,-1.86666e6,4.68299e-9
1489551090,27076422.994755108,30996248.504062805,3919.826,3.95900e14,0.6774,3.71077e6,-1.86170e6,4.67053e-9
1489551120,27094927.41146186,31008490.919819247,3913.564,3.95837e14,0.6934,3.70056e6,-1.85673e6,4.65805e-9
1489551150,27113434.60177146,31020688.095314346,3907.253,4.01690e14,0.7750,3.71781e6,-1.85175e6,4.64553e-9
1489551180,27131944.226868015,31032839.937304422,3900.896,3.99834e14,0.3096,3.69919e6,-1.84675e6,4.63300e-9
1489551210,27150455.94927018,31044946.353152934,3894.490,3.99609e14,0.2531,3.68812e6,-1.84175e6,4.62043e-9
1489551240,27168969.43283205,31057007.250827476,3888.038,3.99133e14,0.1335,3.67588e6,-1.83674e6,4.60784e-9
1489551270,27187484.342744067,31069022.538896814,3881.538,3.99553e14,0.2390,3.66775e6,-1.83171e6,4.59523e-9
1489551300,27206000.345533866,31080992.12652789,3874.992,3.95933e14,0.6693,3.64108e6,-1.82668e6,4.58259e-9
1489551330,27224517.109067615,31092915.923502643,3868.399,3.93511e14,1.2768,3.61996e6,-1.82164e6,4.56993e-9
1489551360,27243034.30254859,31104793.84015424,3861.760,3.98617e14,0.0041,3.63318e6,-1.81659e6,4.55725e-9
1489551390,27261551.596519478,31116625.787425082,3855.074,3.99364e14,0.1915,3.62645e6,-1.81153e6,4.54454e-9
1489551420,27280068.662862215,31128411.676844276,3848.343,3.95735e14,0.7188,3.59985e6,-1.80645e6,4.53181e-9
1489551450,27298585.174798258,31140151.42052502,3841.566,3.92010e14,1.6534,3.57289e6,-1.80138e6,4.51905e-9
1489551480,27317100.80688881,31151844.931161873,3834.744,3.91415e14,1.8027,3.56011e6,-1.79629e6,4.50628e-9
1489551510,27335615.235034995,31163492.122028098,3827.877,4.02011e14,0.8556,3.59762e6,-1.79119e6,4.49348e-9
1489551540,27354128.136477772,31175092.90697301,3820.965,4.02634e14,1.0120,3.59015e6,-1.78609e6,4.48066e-9
1489551570,27372639.189797983,31186647.200419404,3814.008,3.94759e14,0.9637,3.54469e6,-1.78097e6,4.46783e-9
1489551600,27391148.074916165,31198154.917360883,3807.007,3.99424e14,0.2065,3.55527e6,-1.77585e6,4.45497e-9
1489551630,27409654.473093715,31209615.97335409,3799.962,4.02281e14,0.9233,3.55769e6,-1.77072e6,4.44209e-9
1489551660,27428158.066928335,31221030.284532234,3792.872,4.04617e14,1.5095,3.55771e6,-1.76558e6,4.42919e-9
1489551690,27446658.540358037,31232397.767586533,3785.739,4.00926e14,0.5835,3.53104e6,-1.76044e6,4.41627e-9
1489551720,27465155.578659315,31243718.339768797,3778.563,3.95444e14,0.7918,3.49656e6,-1.75529e6,4.40334e-9
1489551750,27483648.868446548,31254991.91888887,3771.343,4.00064e14,0.3672,3.50656e6,-1.75013e6,4.39038e-9
1489551780,27502138.097671445,31266218.42331202,3764.080,4.01439e14,0.7122,3.50222e6,-1.74496e6,4.37741e-9
1489551810,27520622.955622386,31277397.77195649,3756.775,4.02136e14,0.8871,3.49488e6,-1.73979e6,4.36442e-9
1489551840,27539103.13292368,31288529.884290848,3749.427,4.00465e14,0.4679,3.47719e6,-1.73460e6,4.35141e-9
1489551870,27557578.321534723,31299614.680331588,3742.036,3.93906e14,1.1776,3.43833e6,-1.72942e6,4.33838e-9
1489551900,27576048.214749113,31310652.080640458,3734.604,3.95155e14,0.8643,3.43340e6,-1.72422e6,4.32534e-9
1489551930,27594512.507197477,31321642.006317828,3727.129,3.94445e14,1.0425,3.41998e6,-1.71902e6,4.31228e-9
1489551960,27612970.89483484,31332584.379013237,3719.613,3.95463e14,0.7872,3.41399e6,-1.71381e6,4.29921e-9
1489551990,27631423.07495107,31343479.12090971,3712.056,4.04088e14,1.3766,3.44056e6,-1.70860e6,4.28612e-9
1489552020,27649868.746166017,31354326.15472541,3704.457,4.01043e14,0.6127,3.41704e6,-1.70338e6,4.27301e-9
1489552050,27668307.60842823,31365125.40371124,3696.818,3.99748e14,0.2879,3.40103e6,-1.69815e6,4.25989e-9
1489552080,27686739.363013707,31375876.791648354,3689.137,4.01750e14,0.7902,3.39905e6,-1.69292e6,4.24675e-9
1489552110,27705163.712524522,31386580.242845666,3681.417,3.97828e14,0.1938,3.37193e6,-1.68768e6,4.23360e-9
1489552140,27723580.36088736,31397235.68213738,3673.655,3.96912e14,0.4235,3.35758e6,-1.68244e6,4.22044e-9
1489552170,27741989.01335199,31407843.03488059,3665.854,3.93203e14,1.3541,3.33149e6,-1.67719e6,4.20726e-9
1489552200,27760389.37648974,31418402.22695278,3658.013,3.93567e14,1.2628,3.32258e6,-1.67193e6,4.19407e-9
1489552230,27778781.158181887,31428913.18475848,3650.132,3.96621e14,0.4967,3.32489e6,-1.66667e6,4.18086e-9
1489552260,27797164.06764841,31439375.835199203,3642.212,3.97831e14,0.1929,3.31943e6,-1.66141e6,4.16765e-9
1489552290,27815537.815415695,31449790.10569887,3634.252,3.98466e14,0.0337,3.31153e6,-1.65614e6,4.15441e-9
1489552320,27833902.11332441,31460155.92419253,3626.254,4.05189e14,1.6529,3.32882e6,-1.65086e6,4.14117e-9
1489552350,27852256.674527586,31470473.219124094,3618.217,4.07328e14,2.1896,3.32700e6,-1.64558e6,4.12792e-9
1489552380,27870601.213488497,31480741.919444088,3610.141,4.01596e14,0.7516,3.29272e6,-1.64030e6,4.11465e-9
1489552410,27888935.44597859,31490961.954607427,3602.027,4.03906e14,1.3310,3.29157e6,-1.63501e6,4.10137e-9
1489552440,27907259.089075297,31501133.254571162,3593.874,4.00646e14,0.5133,3.26759e6,-1.62971e6,4.08808e-9
1489552470,27925571.861159828,31511255.74979234,3585.684,3.95763e14,0.7119,3.23706e6,-1.62441e6,4.07478e-9
1489552500,27943873.481914822,31521329.371225726,3577.456,3.93197e14,1.3557,3.21607e6,-1.61911e6,4.06147e-9
1489552530,27962163.672331452,31531354.05030981,3569.190,3.98221e14,0.0951,3.22586e6,-1.61381e6,4.04815e-9
1489552560,27980442.154678296,31541329.71900119,3560.888,3.93664e14,1.2385,3.19686e6,-1.60849e6,4.03482e-9
1489552590,27998708.652527705,31551256.309735678,3552.548,3.92413e14,1.5522,3.18126e6,-1.60318e6,4.02147e-9
1489552620,28016962.89074414,31561133.755437914,3544.171,3.98636e14,0.0090,3.19564e6,-1.59786e6,4.00812e-9
1489552650,28035204.59548175,31570961.98951918,3535.757,3.97278e14,0.3317,3.17957e6,-1.59254e6,3.99476e-9
1489552680,28053433.494181838,31580740.945875127,3527.307,3.99177e14,0.1445,3.17649e6,-1.58721e6,3.98139e-9
1489552710,28071649.315570466,31590470.558883663,3518.821,4.02046e14,0.8645,3.17721e6,-1.58188e6,3.96801e-9
1489552740,28089851.78965584,31600150.76340265,3510.299,4.04879e14,1.5752,3.17770e6,-1.57655e6,3.95463e-9
1489552770,28108040.647725716,31609781.494767796,3501.741,3.98385e14,0.0541,3.14134e6,-1.57121e6,3.94123e-9
1489552800,28126215.622344855,31619362.68879048,3493.147,3.92640e14,1.4954,3.10809e6,-1.56587e6,3.92783e-9
1489552830,28144376.44735004,31628894.281770464,3484.518,3.95978e14,0.6578,3.11055e6,-1.56053e6,3.91442e-9
1489552860,28162522.857854277,31638376.21044801,3475.853,3.96637e14,0.4927,3.10246e6,-1.55518e6,3.90100e-9
1489552890,28180654.590237156,31647808.412047755,3467.154,3.96263e14,0.5864,3.09034e6,-1.54984e6,3.88757e-9
1489552920,28198771.382144284,31657190.824261807,3458.419,3.98488e14,0.0281,3.08828e6,-1.54448e6,3.87414e-9
1489552950,28216872.97248442,31666523.38524781,3449.650,3.94153e14,1.1157,3.06084e6,-1.53913e6,3.86070e-9
1489552980,28234959.10142657,31675806.033627063,3440.847,3.90286e14,2.0859,3.03530e6,-1.53377e6,3.84725e-9
1489553010,28253029.510397106,31685038.70848256,3432.009,3.97387e14,0.3045,3.05191e6,-1.52841e6,3.83380e-9
1489553040,28271083.942076746,31694221.3493571,3423.137,4.02334e14,0.9366,3.06010e6,-1.52305e6,3.82034e-9
1489553070,28289122.14039756,31703353.89625136,3414.232,3.99403e14,0.2013,3.03816e6,-1.51769e6,3.80687e-9
1489553100,28307143.850539878,31712436.28962205,3405.292,3.98465e14,0.0339,3.02386e6,-1.51232e6,3.79340e-9
1489553130,28325148.818925362,31721468.4703639,3396.320,4.01456e14,0.7163,3.02442e6,-1.50695e6,3.77992e-9
1489553160,28343136.793225832,31730450.37985746,3387.314,3.98040e14,0.1405,3.00077e6,-1.50158e6,3.76644e-9
1489553190,28361107.522348065,31739381.95991743,3378.274,3.98700e14,0.0251,2.99251e6,-1.49620e6,3.75295e-9
1489553220,28379060.756434444,31748263.15280675,3369.202,4.01095e14,0.6259,2.99071e6,-1.49083e6,3.73946e-9
1489553250,28396996.246859714,31757093.90123464,3360.098,3.92536e14,1.5215,2.94803e6,-1.48545e6,3.72596e-9
1489553280,28414913.746227615,31765874.148354657,3350.960,3.89963e14,2.1669,2.92780e6,-1.48007e6,3.71246e-9
1489553310,28432813.008367643,31774603.83776271,3341.791,3.94244e14,1.0929,2.93298e6,-1.47469e6,3.69896e-9
1489553340,28450693.788331587,31783282.91349512,3332.589,4.00925e14,0.5832,2.94690e6,-1.46931e6,3.68545e-9
1489553370,28468555.842390217,31791911.3200267,3323.355,4.02899e14,1.0783,2.94334e6,-1.46392e6,3.67193e-9
1489553400,28486398.92802979,31800489.002268795,3314.090,3.97116e14,0.3723,2.91135e6,-1.45854e6,3.65841e-9
1489553430,28504222.803951636,31809015.90558081,3304.793,3.94332e14,1.0708,2.89045e6,-1.45315e6,3.64489e-9
1489553460,28522027.230059445,31817491.97572703,3295.465,3.96072e14,0.6342,2.88605e6,-1.44776e6,3.63137e-9
1489553490,28539811.967465047,31825917.158916168,3286.105,3.96501e14,0.5267,2.87685e6,-1.44237e6,3.61784e-9
1489553520,28557576.778481968,31834291.40178621,3276.715,4.00860e14,0.5669,2.88181e6,-1.43698e6,3.60431e-9
1489553550,28575321.426621873,31842614.651402716,3267.293,4.04122e14,1.3852,2.88270e6,-1.43159e6,3.59078e-9
1489553580,28593045.67659098,31850886.855257064,3257.841,3.98904e14,0.0761,2.85317e6,-1.42620e6,3.57724e-9
1489553610,28610749.294286627,31859107.96126483,3248.359,3.95432e14,0.7948,2.83000e6,-1.42080e6,3.56370e-9
1489553640,28628432.046793614,31867277.91776405,3238.846,3.94845e14,0.9421,2.81717e6,-1.41541e6,3.55016e-9
1489553670,28646093.702380646,31875396.673513636,3229.303,3.96673e14,0.4836,2.81289e6,-1.41001e6,3.53662e-9
1489553700,28663734.030496724,31883464.177691646,3219.730,3.94891e14,0.9305,2.79584e6,-1.40461e6,3.52307e-9
1489553730,28681352.80177175,31891480.379886173,3210.128,3.93033e14,1.3968,2.77857e6,-1.39921e6,3.50952e-9
1489553760,28698949.78799993,31899445.230117057,3200.495,3.93461e14,1.2895,2.76934e6,-1.39382e6,3.49597e-9
1489553790,28716524.762149006,31907358.678810798,3190.834,3.87848e14,2.6977,2.73907e6,-1.38842e6,3.48242e-9
1489553820,28734077.49835249,31915220.676806558,3181.143,3.92879e14,1.4355,2.74586e6,-1.38302e6,3.46887e-9
1489553850,28751607.77190599,31923031.17535449,3171.423,3.94139e14,1.1194,2.73949e6,-1.37762e6,3.45532e-9
1489553880,28769115.35926347,31930790.126114033,3161.675,3.99535e14,0.2343,2.74732e6,-1.37222e6,3.44176e-9
1489553910,28786600.0380337,31938497.481152453,3151.897,4.01972e14,0.8457,2.74486e6,-1.36682e6,3.42821e-9
1489553940,28804061.586976375,31946153.192943066,3142.092,3.93702e14,1.2290,2.70577e6,-1.36141e6,3.41465e-9
1489553970,28821499.785998512,31953757.214363743,3132.257,4.06392e14,1.9547,2.73819e6,-1.35601e6,3.40110e-9
1489554000,28838914.416150596,31961309.498695225,3122.395,4.03637e14,1.2636,2.71795e6,-1.35061e6,3.38754e-9
1489554030,28856305.259609655,31968809.999622438,3112.505,3.98009e14,0.1483,2.68808e6,-1.34521e6,3.37398e-9
1489554060,28873672.099716052,31976258.671224225,3102.587,4.04978e14,1.5999,2.70070e6,-1.33981e6,3.36043e-9
1489554090,28891014.7209291,31983655.467980474,3092.641,4.03061e14,1.1190,2.68340e6,-1.33440e6,3.34687e-9
1489554120,28908332.908836234,31991000.34476781,3082.667,3.96176e14,0.6084,2.64958e6,-1.32900e6,3.33331e-9
1489554150,28925626.45014902,31998293.25685805,3072.667,3.92555e14,1.5166,2.62679e6,-1.32360e6,3.31975e-9
1489554180,28942895.132699214,32005534.159916688,3062.639,3.93930e14,1.1718,2.62061e6,-1.31820e6,3.30620e-9
1489554210,28960138.745434824,32012723.010001477,3052.584,3.95093e14,0.8800,2.61370e6,-1.31280e6,3.29264e-9
1489554240,28977357.078416057,32019859.76356088,3042.503,3.97055e14,0.3876,2.60937e6,-1.30740e6,3.27909e-9
1489554270,28994549.92281135,32026944.377432667,3032.394,4.00522e14,0.4820,2.60991e6,-1.30199e6,3.26553e-9
1489554300,29011717.070893392,32033976.808842406,3022.260,3.97521e14,0.2708,2.58932e6,-1.29659e6,3.25198e-9
1489554330,29028858.316054694,32040957.015399676,3012.099,3.93246e14,1.3434,2.56469e6,-1.29119e6,3.23842e-9
1489554360,29045973.45274325,32047884.955104012,3001.912,3.96168e14,0.6104,2.56338e6,-1.28579e6,3.22487e-9
1489554390,29063062.276518963,32054760.58633612,2991.698,3.99277e14,0.1698,2.56260e6,-1.28039e6,3.21132e-9
1489554420,29080124.58403017,32061583.867858794,2981.459,4.02137e14,0.8873,2.56094e6,-1.27499e6,3.19777e-9
1489554450,29097160.173009876,32068354.758815523,2971.195,4.03694e14,1.2779,2.55505e6,-1.26960e6,3.18423e-9
1489554480,29114168.842271872,32075073.218729157,2960.904,4.02373e14,0.9465,2.53999e6,-1.26420e6,3.17068e-9
1489554510,29131150.391706876,32081739.207500488,2950.589,3.95856e14,0.6886,2.50857e6,-1.25880e6,3.15713e-9
1489554540,29148104.622278694,32088352.68540689,2940.248,3.92284e14,1.5846,2.48659e6,-1.25340e6,3.14359e-9
1489554570,29165031.336020324,32094913.61310099,2929.882,3.99257e14,0.1647,2.49770e6,-1.24801e6,3.13005e-9
1489554600,29181930.33603007,32101421.95160931,2919.492,3.98524e14,0.0192,2.48462e6,-1.24261e6,3.11651e-9
1489554630,29198801.426447097,32107877.66233803,2909.076,3.97978e14,0.1562,2.47214e6,-1.23722e6,3.10298e-9
1489554660,29215644.412510943,32114280.707049944,2898.636,4.01713e14,0.7808,2.47289e6,-1.23183e6,3.08944e-9
1489554690,29232459.100494113,32120631.047884986,2888.172,4.04467e14,1.4718,2.47054e6,-1.22643e6,3.07591e-9
1489554720,29249245.297718503,32126928.64735188,2877.683,3.96794e14,0.4531,2.43618e6,-1.22104e6,3.06238e-9
1489554750,29266002.812551342,32133173.468327016,2867.171,4.01291e14,0.6749,2.43913e6,-1.21565e6,3.04885e-9
1489554780,29282731.454401053,32139365.47405317,2856.634,4.08985e14,2.6054,2.45167e6,-1.21026e6,3.03533e-9
1489554810,29299431.033713218,32145504.628138382,2846.074,3.94339e14,1.0690,2.39649e6,-1.20487e6,3.02181e-9
1489554840,29316101.361966357,32151590.894554734,2835.490,3.97661e14,0.2358,2.39576e6,-1.19949e6,3.00829e-9
1489554870,29332742.25166794,32157624.237637155,2824.882,3.96616e14,0.4979,2.38187e6,-1.19410e6,2.99477e-9
1489554900,29349353.516350146,32163604.622082286,2814.251,3.89597e14,2.2587,2.35020e6,-1.18871e6,2.98126e-9
1489554930,29365934.970581833,32169532.012932885,2803.597,3.89913e14,2.1794,2.34049e6,-1.18333e6,2.96775e-9
1489554960,29382486.429915037,32175406.375621106,2792.920,3.95237e14,0.8437,2.34557e6,-1.17795e6,2.95424e-9
1489554990,29399007.710930437,32181227.675922774,2782.220,4.04090e14,1.3771,2.36089e6,-1.17257e6,2.94074e-9
1489555020,29415498.631217223,32186995.879970584,2771.497,4.01750e14,0.7902,2.34320e6,-1.16719e6,2.92724e-9
1489555050,29431959.009369187,32192710.954252817,2760.752,3.97122e14,0.3709,2.31892e6,-1.16181e6,2.91374e-9
1489555080,29448388.664980803,32198372.86561212,2749.984,4.06571e14,1.9998,2.33559e6,-1.15643e6,2.90025e-9
1489555110,29464787.41864318,32203981.58124431,2739.194,4.09913e14,2.8382,2.33437e6,-1.15105e6,2.88676e-9
1489555140,29481155.09194013,32209537.068697136,2728.382,4.08616e14,2.5126,2.31974e6,-1.14568e6,2.87327e-9
1489555170,29497491.50744426,32215039.295869127,2717.548,4.12260e14,3.4270,2.31928e6,-1.14031e6,2.85979e-9
1489555200,29513796.488712925,32220488.23100838,2706.692,4.07141e14,2.1426,2.29378e6,-1.13493e6,2.84631e-9
1489555230,29530069.860275127,32225883.842731737,2695.814,4.00830e14,0.5594,2.26505e6,-1.12956e6,2.83283e-9
1489555260,29546311.447656088,32231226.09996108,2684.915,3.98168e14,0.1085,2.24677e6,-1.12419e6,2.81936e-9
1489555290,29562521.077344608,32236514.971985012,2673.994,3.92005e14,1.6546,2.21875e6,-1.11883e6,2.80589e-9
1489555320,29578698.576798283,32241750.428437527,2663.052,3.89307e14,2.3316,2.20057e6,-1.11346e6,2.79243e-9
1489555350,29594843.774439584,32246932.439297188,2652.089,4.02494e14,0.9768,2.22662e6,-1.10810e6,2.77897e-9
1489555380,29610956.499651786,32252060.974886168,2641.104,4.08119e14,2.3879,2.23139e6,-1.10274e6,2.76551e-9
1489555410,29627036.58277499,32257136.005869355,2630.099,3.96631e14,0.4940,2.18893e6,-1.09737e6,2.75206e-9
1489555440,29643083.855102137,32262157.503253542,2619.074,3.94373e14,1.0606,2.17205e6,-1.09202e6,2.73861e-9
1489555470,29659098.148874998,32267125.438386515,2608.027,4.04383e14,1.4508,2.18867e6,-1.08666e6,2.72517e-9
1489555500,29675079.29728014,32272039.782956123,2596.960,4.04522e14,1.4856,2.17826e6,-1.08130e6,2.71173e-9
1489555530,29691027.134451125,32276900.5089694,2585.873,4.00753e14,0.5402,2.15730e6,-1.07595e6,2.69830e-9
1489555560,29706941.495445512,32281707.588813744,2574.766,3.93299e14,1.3301,2.12655e6,-1.07060e6,2.68487e-9
1489555590,29722822.216260083,32286460.99519379,2563.639,3.96025e14,0.6462,2.12320e6,-1.06525e6,2.67145e-9
1489555620,29738669.133820623,32291160.701150518,2552.492,4.05901e14,1.8317,2.13879e6,-1.05990e6,2.65803e-9
1489555650,29754482.08597807,32295806.680060316,2541.325,4.08487e14,2.4803,2.13484e6,-1.05455e6,2.64461e-9
1489555680,29770260.91150449,32300398.905633897,2530.138,4.02684e14,1.0245,2.10875e6,-1.04921e6,2.63120e-9
1489555710,29786005.450089313,32304937.35191539,2518.932,3.89652e14,2.2450,2.06389e6,-1.04386e6,2.61779e-9
1489555740,29801715.54233524,32309421.99328128,2507.706,3.92504e14,1.5294,2.06076e6,-1.03852e6,2.60439e-9
1489555770,29817391.029754467,32313852.80443944,2496.462,4.07740e14,2.2930,2.08964e6,-1.03318e6,2.59099e-9
1489555800,29833031.75476465,32318229.76042819,2485.198,4.07247e14,2.1693,2.07757e6,-1.02785e6,2.57760e-9
1489555830,29848637.56067536,32322552.83662846,2473.915,3.98133e14,0.1174,2.04341e6,-1.02251e6,2.56422e-9
1489555860,29864208.29171431,32326822.008722305,2462.614,4.00055e14,0.3650,2.03765e6,-1.01718e6,2.55083e-9
1489555890,29879743.792993017,32331037.252732683,2451.293,3.94927e14,0.9217,2.01396e6,-1.01185e6,2.53746e-9
1489555920,29895243.910512723,32335198.545009464,2439.955,3.93091e14,1.3823,1.99871e6,-1.00652e6,2.52409e-9
1489555950,29910708.491160482,32339305.86222861,2428.597,3.96527e14,0.5201,1.99676e6,-1.00119e6,2.51072e-9
1489555980,29926137.38270516,32343359.18139146,2417.222,3.93978e14,1.1595,1.97977e6,-9.95863e5,2.49736e-9
1489556010,29941530.433793504,32347358.479823932,2405.828,3.90365e14,2.0661,1.96021e6,-9.90540e5,2.48400e-9
1489556040,29956887.49394629,32351303.73517585,2394.416,3.94656e14,0.9897,1.96027e6,-9.85219e5,2.47065e-9
1489556070,29972208.41355434,32355194.925420154,2382.987,4.03766e14,1.2958,1.97207e6,-9.79900e5,2.45730e-9
1489556100,29987493.04387466,32359032.028852243,2371.539,3.97719e14,0.2211,1.94659e6,-9.74582e5,2.44396e-9
1489556130,30002741.237044446,32362815.024085306,2360.074,3.95784e14,0.7065,1.93127e6,-9.69267e5,2.43063e-9
1489556160,30017952.846022204,32366543.890061893,2348.591,4.00025e14,0.3574,1.93093e6,-9.63954e5,2.41730e-9
1489556190,30033127.724639136,32370218.60604095,2337.091,4.00008e14,0.3531,1.92025e6,-9.58643e5,2.40397e-9
1489556220,30048265.72757761,32373839.151601132,2325.573,3.94476e14,1.0347,1.89639e6,-9.53335e5,2.39065e-9
1489556250,30063366.710367486,32377405.506640125,2314.039,3.96450e14,0.5395,1.89052e6,-9.48028e5,2.37734e-9
1489556280,30078430.529382415,32380917.651373945,2302.487,4.05802e14,1.8068,1.90205e6,-9.42724e5,2.36403e-9
1489556310,30093457.041836254,32384375.566336334,2290.919,4.13661e14,3.7784,1.90983e6,-9.37421e5,2.35073e-9
1489556340,30108446.105779387,32387779.232378107,2279.333,4.14944e14,4.1003,1.90202e6,-9.32121e5,2.33743e-9
1489556370,30123397.58009512,32391128.630666465,2267.731,3.97603e14,0.2502,1.85091e6,-9.26823e5,2.32414e-9
1489556400,30138311.32449597,32394423.74268441,2256.112,4.00987e14,0.5988,1.84815e6,-9.21527e5,2.31085e-9
1489556430,30153187.199495263,32397664.550229564,2244.477,4.15794e14,4.3134,1.87155e6,-9.16234e5,2.29757e-9
1489556460,30168025.06648011,32400851.03541515,2232.826,4.00935e14,0.5858,1.82680e6,-9.10942e5,2.28429e-9
1489556490,30182824.78763085,32403983.18066781,2221.158,3.83892e14,3.6899,1.77748e6,-9.05653e5,2.27102e-9
1489556520,30197586.225942157,32407060.968727496,2209.475,3.95933e14,0.6691,1.79429e6,-9.00366e5,2.25776e-9
1489556550,30212309.245219167,32410084.382646903,2197.775,4.07963e14,2.3488,1.81075e6,-8.95081e5,2.24450e-9
1489556580,30226993.7100737,32413053.4057908,2186.060,3.99324e14,0.1815,1.78079e6,-8.89799e5,2.23124e-9
1489556610,30241639.48592047,32415968.02183549,2174.329,3.93763e14,1.2135,1.75788e6,-8.84518e5,2.21800e-9
1489556640,30256246.43897323,32418828.21476825,2162.582,3.97837e14,0.1914,1.75637e6,-8.79240e5,2.20475e-9
1489556670,30270814.436241046,32421633.96888669,2150.820,3.92118e14,1.6262,1.73330e6,-8.73964e5,2.19152e-9
1489556700,30285343.345524516,32424385.268798217,2139.042,3.87829e14,2.7023,1.71349e6,-8.68691e5,2.17829e-9
1489556730,30299833.0354406,32427082.099416852,2127.249,3.99247e14,0.1622,1.72781e6,-8.63419e5,2.16506e-9
1489556760,30314283.37533083,32429724.4459709,2115.441,4.02230e14,0.9105,1.72368e6,-8.58150e5,2.15184e-9
1489556790,30328694.235345956,32432312.29399408,2103.618,3.87864e14,2.6934,1.68238e6,-8.52883e5,2.13863e-9
1489556820,30343065.486413836,32434845.629327703,2091.780,3.94662e14,0.9882,1.68644e6,-8.47618e5,2.12542e-9
1489556850,30357397.000236068,32437324.4381202,2079.927,4.07075e14,2.1262,1.70219e6,-8.42356e5,2.11222e-9
1489556880,30371688.649284545,32439748.706826475,2068.060,3.93269e14,1.3375,1.66258e6,-8.37096e5,2.09902e-9
1489556910,30385940.306798093,32442118.42220757,2056.178,3.87684e14,2.7388,1.64048e6,-8.31838e5,2.08583e-9
1489556940,30400151.846778996,32444433.571330134,2044.282,4.01475e14,0.7211,1.65870e6,-8.26582e5,2.07264e-9
1489556970,30414323.14398974,32446694.141565885,2032.371,3.95171e14,0.8602,1.63517e6,-8.21329e5,2.05946e-9
1489557000,30428454.073949534,32448900.120591283,2020.446,3.95867e14,0.6858,1.62614e6,-8.16078e5,2.04629e-9
1489557030,30442544.51289961,32451051.496398587,2008.507,4.05235e14,1.6645,1.63472e6,-8.10829e5,2.03312e-9
1489566540,32452257.851746008,30450707.161085162,2001.551,4.00306e14,0.4280,-1.61816e6,8.07357e5,-2.02546e-9
1489566570,32450137.740240976,30436641.208396696,2013.497,4.03932e14,1.3376,-1.63607e6,8.12606e5,-2.03863e-9
1489566600,32447963.02011781,30422534.70240221,2025.428,3.91799e14,1.7062,-1.62175e6,8.17858e5,-2.05180e-9
1489566630,32445733.70324991,30408387.7664596,2037.346,3.97701e14,0.2257,-1.64435e6,8.23112e5,-2.06497e-9
1489566660,32443449.80182591,30394200.524560686,2049.249,4.02700e14,1.0285,-1.66524e6,8.28368e5,-2.07815e-9
1489566690,32441111.3283341,30379973.10150548,2061.138,3.98733e14,0.0332,-1.66751e6,8.33626e5,-2.09134e-9
1489566720,32438718.29556798,30365705.62285063,2073.013,4.04189e14,1.4021,-1.68952e6,8.38887e5,-2.10453e-9
1489566750,32436270.716626678,30351398.214913327,2084.873,3.96789e14,0.4544,-1.68444e6,8.44150e5,-2.11773e-9
1489566780,32433768.604915395,30337051.00477507,2096.718,3.86599e14,3.0109,-1.67323e6,8.49415e5,-2.13093e-9
1489566810,32431211.974145845,30322664.120285615,2108.548,3.92491e14,1.5327,-1.69624e6,8.54683e5,-2.14414e-9
1489566840,32428600.838336695,30308237.69006678,2120.363,4.00240e14,0.4114,-1.72341e6,8.59952e5,-2.15735e-9
1489566870,32425935.211814016,30293771.843516357,2132.163,4.19895e14,5.3424,-1.77664e6,8.65225e5,-2.17057e-9
1489566900,32423215.109211747,30279266.710811935,2143.948,4.14771e14,4.0569,-1.77628e6,8.70499e5,-2.18380e-9
1489566930,32420440.545480784,30264722.4228517,2155.718,4.03805e14,1.3058,-1.76295e6,8.75775e5,-2.19703e-9
1489566960,32417611.53586305,30250139.11145274,2167.472,4.05426e14,1.7124,-1.77716e6,8.81054e5,-2.21027e-9
1489566990,32414728.095918313,30235516.90915989,2179.211,3.98729e14,0.0322,-1.77291e6,8.86335e5,-2.22351e-9
1489567020,32411790.241516337,30220855.949312154,2190.934,4.08510e14,2.4862,-1.80536e6,8.91619e5,-2.23676e-9
1489567050,32408797.98883739,30206156.366046023,2202.642,4.11939e14,3.3462,-1.82377e6,8.96904e5,-2.25002e-9
1489567080,32405751.35437287,30191418.294298757,2214.333,4.02739e14,1.0382,-1.81370e6,9.02192e5,-2.26328e-9
1489567110,32402650.35492598,30176641.869811717,2226.008,3.86869e14,2.9431,-1.78821e6,9.07482e5,-2.27654e-9
1489567140,32399495.007612277,30161827.229133658,2237.668,3.79453e14,4.8038,-1.78165e6,9.12775e5,-2.28981e-9
1489567170,32396285.329860266,30146974.509624057,2249.311,3.79075e14,4.8986,-1.79111e6,9.18069e5,-2.30309e-9
1489567200,32393021.339412134,30132083.849456444,2260.937,3.91684e14,1.7351,-1.83065e6,9.23366e5,-2.31637e-9
1489567230,32389703.05430982,30117155.387677655,2272.548,4.16045e14,4.3764,-1.89791e6,9.28665e5,-2.32966e-9
1489567260,32386330.492940262,30102189.26403909,2284.141,4.09020e14,2.6140,-1.89228e6,9.33966e5,-2.34295e-9
1489567290,32382903.673991513,30087185.619172662,2295.718,3.96353e14,0.5639,-1.87317e6,9.39269e5,-2.35625e-9
1489567320,32379422.616467703,30072144.59453891,2307.278,3.94575e14,1.0100,-1.87954e6,9.44575e5,-2.36955e-9
1489567350,32375887.339689527,30057066.33243088,2318.821,3.93331e14,1.3219,-1.88714e6,9.49882e5,-2.38286e-9
1489567380,32372297.86329481,30041950.97597815,2330.347,3.99241e14,0.1608,-1.91184e6,9.55192e5,-2.39618e-9
1489567410,32368654.207239173,30026798.669150785,2341.856,4.03836e14,1.3135,-1.93355e6,9.60504e5,-2.40950e-9
1489567440,32364956.391796548,30011609.556763366,2353.347,3.96467e14,0.5353,-1.92639e6,9.65818e5,-2.42282e-9
1489567470,32361204.437559776,29996383.78447903,2364.821,3.92534e14,1.5219,-1.92741e6,9.71134e5,-2.43615e-9
1489567500,32357398.365441255,29981121.498813502,2376.277,3.90773e14,1.9637,-1.93365e6,9.76452e5,-2.44949e-9
1489567530,32353538.196693096,29965822.84710273,2387.715,3.98545e14,0.0140,-1.96332e6,9.81773e5,-2.46283e-9
1489567560,32349623.95284774,29950487.97761924,2399.136,4.09130e14,2.6416,-2.00017e6,9.87095e5,-2.47618e-9
1489567590,32345655.65577863,29935117.039463617,2410.539,4.08554e14,2.4972,-2.00953e6,9.92420e5,-2.48953e-9
1489567620,32341633.32768174,29919710.182604708,2421.923,4.04729e14,1.5375,-2.01074e6,9.97746e5,-2.50289e-9
1489567650,32337556.99107635,29904267.55788337,2433.289,3.96544e14,0.5158,-2.00088e6,1.00308e6,-2.51625e-9
1489567680,32333426.668806013,29888789.31701625,2444.637,3.96441e14,0.5418,-2.01125e6,1.00841e6,-2.52961e-9
1489567710,32329242.384039406,29873275.612599526,2455.967,4.07089e14,2.1296,-2.04896e6,1.01374e6,-2.54299e-9
1489567740,32325004.160271253,29857726.598112658,2467.278,4.06175e14,1.9003,-2.05740e6,1.01907e6,-2.55636e-9
1489567770,32320712.02132324,29842142.42792215,2478.570,3.97303e14,0.3254,-2.04538e6,1.02441e6,-2.56975e-9
1489567800,32316365.99134498,29826523.2572853,2489.843,3.95528e14,0.7707,-2.05145e6,1.02975e6,-2.58313e-9
1489567830,32311966.094797987,29810869.242370814,2501.097,3.94024e14,1.1480,-2.05818e6,1.03509e6,-2.59652e-9
1489567860,32307512.356508724,29795180.54021056,2512.332,3.85414e14,3.3083,-2.04633e6,1.04043e6,-2.60992e-9
1489567890,32303004.80161745,29779457.30875553,2523.547,3.85131e14,3.3793,-2.05610e6,1.04578e6,-2.62332e-9
1489567920,32298443.455595866,29763699.706862807,2534.744,4.02201e14,0.9032,-2.11162e6,1.05112e6,-2.63673e-9
1489567950,32293828.344247926,29747907.89429955,2545.920,4.01355e14,0.6911,-2.12012e6,1.05647e6,-2.65014e-9
1489567980,32289159.49371062,29732082.031746883,2557.077,3.96008e14,0.6505,-2.11661e6,1.06182e6,-2.66356e-9
1489568010,32284436.930454876,29716222.280803867,2568.215,3.94508e14,1.0268,-2.12326e6,1.06717e6,-2.67698e-9
1489568040,32279660.681286316,29700328.80399148,2579.332,3.99776e14,0.2950,-2.14808e6,1.07253e6,-2.69040e-9
1489568070,32274830.773346055,29684401.76475657,2590.429,4.13330e14,3.6954,-2.19546e6,1.07788e6,-2.70383e-9
1489568100,32269947.234111615,29668441.327475782,2601.506,3.96982e14,0.4059,-2.16195e6,1.08324e6,-2.71726e-9
1489568130,32265010.091401394,29652447.657453977,2612.562,3.91541e14,1.7710,-2.15778e6,1.08860e6,-2.73070e-9
1489568160,32260019.37336418,29636420.92094564,2623.598,4.07071e14,2.1250,-2.21102e6,1.09396e6,-2.74414e-9
1489568190,32254975.108491335,29620361.285141353,2634.614,3.98471e14,0.0324,-2.19814e6,1.09932e6,-2.75759e-9
1489568220,32249877.32561406,29604268.918177407,2645.608,3.88389e14,2.5619,-2.18093e6,1.10469e6,-2.77104e-9
1489568250,32244726.05390434,29588143.989139847,2656.582,4.05613e14,1.7592,-2.23948e6,1.11005e6,-2.78450e-9
1489568280,32239521.32287585,29571986.668068394,2667.535,4.12060e14,3.3768,-2.26835e6,1.11542e6,-2.79796e-9
1489568310,32234263.162384994,29555797.125960402,2678.466,4.06405e14,1.9579,-2.26336e6,1.12079e6,-2.81142e-9
1489568340,32228951.6026318,29539575.53477492,2689.376,4.10294e14,2.9337,-2.28519e6,1.12616e6,-2.82489e-9
1489568370,32223586.674161065,29523322.06743661,2700.265,4.03783e14,1.3001,-2.27761e6,1.13153e6,-2.83836e-9
1489568400,32218168.40786329,29507036.89783973,2711.132,4.01792e14,0.8006,-2.28275e6,1.13691e6,-2.85183e-9
1489568430,32212696.834992487,29490720.200855505,2721.977,3.91293e14,1.8333,-2.26346e6,1.14228e6,-2.86531e-9
1489568460,32207171.98711582,29474372.15232583,2732.800,3.86517e14,3.0315,-2.26036e6,1.14766e6,-2.87879e-9
1489568490,32201593.89616625,29457992.929077584,2743.601,3.94154e14,1.1156,-2.29304e6,1.15304e6,-2.89228e-9
1489568520,32195962.59442712,29441582.708923377,2754.380,3.99750e14,0.2884,-2.32000e6,1.15842e6,-2.90577e-9
1489568550,32190278.114533428,29425141.670665484,2765.136,4.01143e14,0.6379,-2.33484e6,1.16380e6,-2.91926e-9
1489568580,32184540.48947299,29408669.9940999,2775.870,3.94909e14,0.9262,-2.32735e6,1.16918e6,-2.93276e-9
1489568610,32178749.752587866,29392167.860020343,2786.582,4.05946e14,1.8428,-2.37059e6,1.17456e6,-2.94626e-9
1489568640,32172905.937575527,29375635.450222313,2797.270,4.08167e14,2.4001,-2.38803e6,1.17995e6,-2.95976e-9
1489568670,32167009.078490105,29359072.947507046,2807.936,3.94348e14,1.0668,-2.35784e6,1.18533e6,-2.97327e-9
1489568700,32161059.209743727,29342480.535685543,2818.579,3.84751e14,3.4745,-2.33989e6,1.19072e6,-2.98678e-9
1489568730,32155056.36607103,29325858.39957525,2829.198,3.83677e14,3.7438,-2.34725e6,1.19611e6,-3.00029e-9
1489568760,32149000.58264351,29309206.725026727,2839.794,3.91963e14,1.6652,-2.38280e6,1.20150e6,-3.01381e-9
1489568790,32142891.89495746,29292525.69890479,2850.366,4.01842e14,0.8132,-2.42340e6,1.20689e6,-3.02732e-9
1489568820,32136730.33887157,29275815.509099912,2860.915,3.99062e14,0.1158,-2.42577e6,1.21228e6,-3.04084e-9
1489568850,32130515.95060792,29259076.34453213,2871.440,3.95134e14,0.8697,-2.42456e6,1.21768e6,-3.05437e-9
1489568880,32124248.766752936,29242308.395154983,2881.940,3.97051e14,0.3888,-2.44118e6,1.22307e6,-3.06789e-9
1489568910,32117928.82425843,29225511.851959508,2892.417,3.99540e14,0.2356,-2.45962e6,1.22847e6,-3.08142e-9
1489568940,32111556.160442535,29208686.906978153,2902.869,4.01039e14,0.6117,-2.47506e6,1.23386e6,-3.09495e-9
1489568970,32105130.812990785,29191833.75328873,2913.297,4.01579e14,0.7473,-2.48756e6,1.23926e6,-3.10849e-9
1489569000,32098652.81995714,29174952.58501841,2923.700,3.99837e14,0.3101,-2.49296e6,1.24466e6,-3.12202e-9
1489569030,32092122.219814263,29158043.597361505,2934.079,3.96294e14,0.5786,-2.49266e6,1.25006e6,-3.13556e-9
1489569060,32085539.05130314,29141106.9865407,2944.432,3.98652e14,0.0129,-2.51085e6,1.25546e6,-3.14910e-9
1489569090,32078903.353586063,29124142.949854024,2954.760,4.06123e14,1.8873,-2.54528e6,1.26086e6,-3.16264e-9
1489569120,32072215.166199006,29107151.685664903,2965.063,4.06089e14,1.8787,-2.55607e6,1.26626e6,-3.17618e-9
1489569150,32065474.529053256,29090133.393406376,2975.341,3.95494e14,0.7794,-2.53318e6,1.27166e6,-3.18973e-9
1489569180,32058681.48243703,29073088.273585033,2985.593,3.95117e14,0.8740,-2.54273e6,1.27706e6,-3.20327e-9
1489569210,32051836.067017097,29056016.52778522,2995.820,3.97937e14,0.1665,-2.56255e6,1.28246e6,-3.21682e-9
1489569240,32044938.323840432,29038918.35867296,3006.020,3.92646e14,1.4937,-2.55626e6,1.28787e6,-3.23037e-9
1489569270,32037988.294335816,29021793.97000011,3016.194,3.98959e14,0.0899,-2.58746e6,1.29327e6,-3.24392e-9
1489569300,32030986.020315547,29004643.56660834,3026.342,4.03494e14,1.2276,-2.61304e6,1.29867e6,-3.25747e-9
1489569330,32023931.543925896,28987467.35441595,3036.464,3.92718e14,1.4757,-2.58867e6,1.30408e6,-3.27102e-9
1489569360,32016824.90780645,28970265.540474944,3046.559,3.90852e14,1.9439,-2.59327e6,1.30948e6,-3.28457e-9
1489569390,32009666.15493373,28953038.33292172,3056.628,3.96395e14,0.5532,-2.62225e6,1.31489e6,-3.29813e-9
1489569420,32002455.328673527,28935785.940998193,3066.669,4.06606e14,2.0085,-2.66685e6,1.32029e6,-3.31168e-9
1489569450,31995192.472782183,28918508.575055584,3076.684,4.12432e14,3.4699,-2.69713e6,1.32570e6,-3.32523e-9
1489569480,31987877.631407764,28901206.446558177,3086.671,4.01085e14,0.6234,-2.67025e6,1.33111e6,-3.33879e-9
1489569510,31980510.849091362,28883879.76808724,3096.631,4.02069e14,0.8703,-2.68439e6,1.33651e6,-3.35234e-9
1489569540,31973092.17076827,28866528.753344633,3106.563,4.01679e14,0.7724,-2.69393e6,1.34192e6,-3.36590e-9
1489569570,31965621.64176927,28849153.617156684,3116.468,3.92653e14,1.4921,-2.67428e6,1.34732e6,-3.37945e-9
1489569600,31958099.30782192,28831754.575477883,3126.345,3.94780e14,0.9585,-2.69222e6,1.35273e6,-3.39301e-9
1489569630,31950525.21509768,28814331.845408466,3136.193,3.93162e14,1.3644,-2.69747e6,1.35813e6,-3.40656e-9
1489569660,31942899.4100719,28796885.6451555,3146.014,3.96282e14,0.5816,-2.71887e6,1.36354e6,-3.42012e-9
1489569690,31935221.93966681,28779416.19407946,3155.806,4.00651e14,0.5145,-2.74465e6,1.36895e6,-3.43367e-9
1489569720,31927492.85120741,28761923.712684155,3165.569,3.93910e14,1.1767,-2.73224e6,1.37435e6,-3.44722e-9
1489569750,31919712.192423258,28744408.42262057,3175.304,3.93714e14,1.2258,-2.74231e6,1.37975e6,-3.46077e-9
1489569780,31911880.011450168,28726870.54669062,3185.009,4.04522e14,1.4857,-2.79060e6,1.38516e6,-3.47432e-9
1489569810,31903996.35683213,28709310.308851015,3194.686,4.01237e14,0.6614,-2.79002e6,1.39056e6,-3.48787e-9
1489569840,31896061.27752304,28691727.934217017,3204.333,3.93605e14,1.2532,-2.77414e6,1.39596e6,-3.50142e-9
1489569870,31888074.822888564,28674123.649066184,3213.951,3.95046e14,0.8917,-2.78994e6,1.40137e6,-3.51496e-9
1489569900,31880037.042707942,28656497.680842128,3223.539,3.92583e14,1.5097,-2.79200e6,1.40677e6,-3.52851e-9
1489569930,31871947.987137076,28638850.258151982,3233.098,3.96895e14,0.4278,-2.81799e6,1.41217e6,-3.54205e-9
1489569960,31863807.706829958,28621181.610789604,3242.626,4.03619e14,1.2590,-2.85267e6,1.41757e6,-3.55559e-9
1489569990,31855616.252820663,28603491.96971962,3252.124,4.03950e14,1.3420,-2.86472e6,1.42297e6,-3.56913e-9
1489570020,31847373.676563736,28585781.5670874,3261.592,3.94323e14,1.0731,-2.84109e6,1.42837e6,-3.58266e-9
1489570050,31839080.02993562,28568050.63622271,3271.029,3.92987e14,1.4082,-2.84702e6,1.43376e6,-3.59620e-9
1489570080,31830735.36523636,28550299.411643222,3280.436,3.97948e14,0.1637,-2.87564e6,1.43916e6,-3.60973e-9
1489570110,31822339.73519107,28532528.12905814,3289.812,3.95666e14,0.7361,-2.87815e6,1.44455e6,-3.62325e-9
1489570140,31813893.192951515,28514737.025371697,3299.156,3.93479e14,1.2848,-2.88094e6,1.44995e6,-3.63678e-9
1489570170,31805395.792097762,28496926.3386866,3308.469,3.91952e14,1.6679,-2.88608e6,1.45534e6,-3.65030e-9
1489570200,31796847.58663968,28479096.308307607,3317.751,3.92215e14,1.6019,-2.89774e6,1.46073e6,-3.66382e-9
1489570230,31788248.631052557,28461247.17474532,3327.001,3.88750e14,2.4712,-2.89568e6,1.46612e6,-3.67733e-9
1489570260,31779598.980174266,28443379.17971836,3336.220,3.95472e14,0.7848,-2.93113e6,1.47151e6,-3.69084e-9
1489570290,31770898.68931154,28425492.56615812,3345.406,3.94115e14,1.1254,-2.93683e6,1.47689e6,-3.70434e-9
1489570320,31762147.814208105,28407587.5782116,3354.560,3.90059e14,2.1429,-2.93246e6,1.48228e6,-3.71785e-9
1489570350,31753346.41104663,28389664.461244848,3363.682,3.99646e14,0.2623,-2.97888e6,1.48766e6,-3.73134e-9
1489570380,31744494.536450732,28371723.461846236,3372.771,3.99104e14,0.1263,-2.98762e6,1.49304e6,-3.74484e-9
1489570410,31735592.247487016,28353764.827829782,3381.827,4.02041e14,0.8632,-3.00942e6,1.49842e6,-3.75832e-9
1489570440,31726639.60166708,28335788.808238387,3390.851,4.03349e14,1.1913,-3.02515e6,1.50380e6,-3.77181e-9
1489570470,31717636.656949524,28317795.653347086,3399.841,3.94394e14,1.0552,-3.00207e6,1.50917e6,-3.78528e-9
1489570500,31708583.471742086,28299785.61466625,3408.798,3.97723e14,0.2202,-3.02540e6,1.51455e6,-3.79875e-9
1489570530,31699480.104871776,28281758.94494475,3417.721,4.02124e14,0.8840,-3.05290e6,1.51992e6,-3.81222e-9
1489570560,31690326.615685046,28263715.89817304,3426.611,3.99056e14,0.1142,-3.05195e6,1.52529e6,-3.82568e-9
1489570590,31681123.063951667,28245656.72958642,3435.466,3.97529e14,0.2687,-3.05682e6,1.53065e6,-3.83914e-9
1489570620,31671869.50989829,28227581.695668004,3444.288,3.96897e14,0.4274,-3.06509e6,1.53601e6,-3.85258e-9
1489570650,31662566.01421027,28209491.054151796,3453.075,3.93255e14,1.3411,-3.06171e6,1.54138e6,-3.86602e-9
1489570680,31653212.63803349,28191385.064025685,3461.828,3.99039e14,0.1100,-3.09479e6,1.54673e6,-3.87946e-9
1489570710,31643809.442976266,28173263.98553441,3470.545,4.00281e14,0.4217,-3.11034e6,1.55209e6,-3.89289e-9
1489570740,31634356.491111133,28155128.08018251,3479.228,3.93904e14,1.1782,-3.09615e6,1.55744e6,-3.90631e-9
1489570770,31624853.84497674,28136977.610737223,3487.876,3.99398e14,0.2000,-3.12832e6,1.56279e6,-3.91972e-9
1489570800,31615301.567579772,28118812.841231268,3496.489,4.05109e14,1.6329,-3.16148e6,1.56814e6,-3.93313e-9
1489570830,31605699.722428005,28100634.0369707,3505.066,4.00818e14,0.5564,-3.15532e6,1.57348e6,-3.94652e-9
1489570860,31596048.37343621,28082441.464522593,3513.607,4.01523e14,0.7333,-3.16882e6,1.57882e6,-3.95991e-9
1489570890,31586347.585024256,28064235.391732726,3522.112,3.96331e14,0.5693,-3.15890e6,1.58416e6,-3.97329e-9
1489570920,31576597.42208825,28046016.08772348,3530.581,3.89344e14,2.3223,-3.14167e6,1.58949e6,-3.98666e-9
1489570950,31566797.950002782,28027783.822896592,3539.014,3.91409e14,1.8041,-3.16047e6,1.59482e6,-4.00003e-9
1489570980,31556949.23462319,28009538.86893578,3547.410,3.93697e14,1.2303,-3.18020e6,1.60014e6,-4.01338e-9
1489571010,31547051.342287872,27991281.498809356,3555.770,3.99384e14,0.1965,-3.21367e6,1.60547e6,-4.02673e-9
1489571040,31537104.339820545,27973011.98677279,3564.092,4.03301e14,1.1793,-3.24015e6,1.61078e6,-4.04006e-9
1489571070,31527108.294532567,27954730.608371217,3572.378,4.00098e14,0.3757,-3.23785e6,1.61610e6,-4.05339e-9
1489571100,31517063.274225328,27936437.640441906,3580.626,3.99498e14,0.2251,-3.24605e6,1.62141e6,-4.06670e-9
1489571130,31506969.347163174,27918133.361106,3588.836,4.00858e14,0.5663,-3.26222e6,1.62671e6,-4.08000e-9
1489571160,31496826.58216606,27899818.049803577,3597.009,4.00288e14,0.4234,-3.27051e6,1.63202e6,-4.09330e-9
1489571190,31486635.048521575,27881491.987263378,3605.143,4.01065e14,0.6182,-3.28432e6,1.63731e6,-4.10658e-9
1489571220,31476394.816016212,27863155.455515403,3613.239,3.98582e14,0.0047,-3.28470e6,1.64261e6,-4.11985e-9
1489571250,31466105.954937514,27844808.737893052,3621.297,4.01265e14,0.6684,-3.30636e6,1.64789e6,-4.13311e-9
1489571280,31455768.53607619,27826452.119035166,3629.316,4.04661e14,1.5203,-3.33104e6,1.65318e6,-4.14636e-9
1489571310,31445382.630728323,27808085.884888038,3637.297,3.97231e14,0.3435,-3.31078e6,1.65845e6,-4.15959e-9
1489571340,31434948.31069739,27789710.322707295,3645.238,3.91127e14,1.8749,-3.29583e6,1.66373e6,-4.17281e-9
1489571370,31424465.648296524,27771325.721059833,3653.140,3.95872e14,0.6846,-3.32612e6,1.66900e6,-4.18602e-9
1489571400,31413934.716350645,27752932.369825557,3661.002,3.96452e14,0.5390,-3.33905e6,1.67426e6,-4.19922e-9
1489571430,31403355.588222835,27734530.56021047,3668.825,3.96126e14,0.6209,-3.34816e6,1.67952e6,-4.21241e-9
1489571460,31392728.337742142,27716120.584713697,3676.608,3.96769e14,0.4594,-3.36135e6,1.68477e6,-4.22557e-9
1489571490,31382053.03928027,27697702.73716379,3684.350,4.01508e14,0.7294,-3.39190e6,1.69002e6,-4.23873e-9
1489571520,31371329.76772996,27679277.312709212,3692.052,3.98146e14,0.1141,-3.38812e6,1.69526e6,-4.25187e-9
1489571550,31360558.59850746,27660844.60781995,3699.714,3.94959e14,0.9134,-3.38499e6,1.70049e6,-4.26500e-9
1489571580,31349739.607555047,27642404.9202891,3707.335,3.99405e14,0.2018,-3.41442e6,1.70572e6,-4.27811e-9
1489571610,31338872.871343467,27623958.549234353,3714.914,3.99264e14,0.1664,-3.42427e6,1.71094e6,-4.29121e-9
1489571640,31327958.46687459,27605505.795099407,3722.453,4.02294e14,0.9266,-3.44775e6,1.71616e6,-4.30429e-9
1489571670,31316996.47168383,27587046.959655415,3729.950,3.94116e14,1.1250,-3.42291e6,1.72137e6,-4.31735e-9
1489571700,31305986.96384278,27568582.34600224,3737.405,3.91436e14,1.7973,-3.42165e6,1.72658e6,-4.33040e-9
1489571730,31294930.021945864,27550112.258563988,3744.818,3.95794e14,0.7041,-3.45088e6,1.73177e6,-4.34344e-9
1489571760,31283825.725161977,27531637.003107794,3752.189,3.95903e14,0.6767,-3.46170e6,1.73696e6,-4.35645e-9
1489571790,31272674.153188013,27513156.88672729,3759.517,3.90479e14,2.0376,-3.44832e6,1.74215e6,-4.36945e-9
1489571820,31261475.38626718,27494672.21784926,3766.803,3.87465e14,2.7937,-3.44536e6,1.74732e6,-4.38243e-9
1489571850,31250229.505191553,27476183.306234576,3774.046,3.95466e14,0.7863,-3.49072e6,1.75249e6,-4.39539e-9
1489571880,31238936.591304496,27457690.46297896,3781.246,3.97934e14,0.1673,-3.51188e6,1.75766e6,-4.40834e-9
1489571910,31227596.726503238,27439194.000513814,3788.403,4.03469e14,1.2214,-3.54665e6,1.76281e6,-4.42126e-9
1489571940,31216209.993241377,27420694.232606813,3795.516,4.00915e14,0.5807,-3.54568e6,1.76796e6,-4.43417e-9
1489571970,31204776.474531386,27402191.474362507,3802.585,3.91781e14,1.7107,-3.51537e6,1.77310e6,-4.44706e-9
1489572000,31193296.253947172,27383686.042222787,3809.610,3.98449e14,0.0381,-3.55528e6,1.77823e6,-4.45992e-9
1489572030,31181769.415634718,27365178.253967192,3816.591,4.02904e14,1.0798,-3.58545e6,1.78335e6,-4.47277e-9
1489572060,31170196.04428971,27346668.428713653,3823.528,3.97871e14,0.1830,-3.57316e6,1.78847e6,-4.48560e-9
1489572090,31158576.22518508,27328156.88691831,3830.419,3.99006e14,0.1017,-3.58847e6,1.79358e6,-4.49840e-9
1489572120,31146910.044165537,27309643.95037578,3837.266,4.01739e14,0.7873,-3.61099e6,1.79867e6,-4.51119e-9
1489572150,31135197.587650277,27291129.942219194,3844.068,3.96800e14,0.4516,-3.59887e6,1.80376e6,-4.52395e-9
1489572180,31123438.942635655,27272615.186920226,3850.824,3.91718e14,1.7266,-3.58595e6,1.80885e6,-4.53669e-9
1489572210,31111634.196697958,27254100.01028888,3857.534,3.93632e14,1.2465,-3.60471e6,1.81392e6,-4.54941e-9
1489572240,31099783.437996052,27235584.739473365,3864.199,3.99744e14,0.2869,-3.64266e6,1.81898e6,-4.56211e-9
1489572270,31087886.755274124,27217069.70295972,3870.817,3.99434e14,0.2091,-3.65136e6,1.82403e6,-4.57478e-9
1489572300,31075944.23786449,27198555.230571434,3877.389,3.97621e14,0.2458,-3.65313e6,1.82908e6,-4.58743e-9
1489572330,31063955.97568481,27180041.653468877,3883.914,3.92951e14,1.4172,-3.64171e6,1.83411e6,-4.60005e-9
1489572360,31051922.059257846,27161529.304148927,3890.393,3.92468e14,1.5386,-3.64946e6,1.83914e6,-4.61265e-9
1489572390,31039842.57969737,27143018.516444117,3896.824,3.99869e14,0.3184,-3.69364e6,1.84415e6,-4.62523e-9
1489572420,31027717.628716394,27124509.625521835,3903.208,3.97289e14,0.3289,-3.69170e6,1.84916e6,-4.63778e-9
1489572450,31015547.298629917,27106002.96788349,3909.544,3.90984e14,1.9109,-3.67235e6,1.85415e6,-4.65030e-9
1489572480,31003331.68235779,27087498.881363526,3915.833,3.97729e14,0.2187,-3.71367e6,1.85914e6,-4.66280e-9
1489572510,30991070.87342751,27068997.705128323,3922.073,4.04633e14,1.5135,-3.75588e6,1.86411e6,-4.67527e-9
1489572540,30978764.965977054,27050499.779675066,3928.265,4.02251e14,0.9158,-3.75471e6,1.86907e6,-4.68772e-9
1489572570,30966414.054757774,27032005.446830384,3934.409,4.03992e14,1.3525,-3.77284e6,1.87403e6,-4.70013e-9
1489572600,30954018.23513721,27013515.04974903,3940.503,4.02437e14,0.9624,-3.77546e6,1.87897e6,-4.71252e-9
1489572630,30941577.603112034,26995028.93291831,3946.549,3.94812e14,0.9503,-3.74934e6,1.88390e6,-4.72488e-9
1489572660,30929092.2552802,26976547.442138202,3952.545,3.97720e14,0.2210,-3.77290e6,1.88881e6,-4.73722e-9
1489572690,30916562.2888746,26958070.924537964,3958.491,4.02971e14,1.0965,-3.80764e6,1.89372e6,-4.74952e-9
1489572720,30903987.801756114,26939599.72856838,3964.388,3.92697e14,1.4811,-3.76856e6,1.89862e6,-4.76179e-9
1489572750,30891368.892416667,26921134.203999933,3970.235,3.92854e14,1.4417,-3.77900e6,1.90350e6,-4.77404e-9
1489572780,30878705.659982283,26902674.70192081,3976.031,4.01050e14,0.6146,-3.82789e6,1.90837e6,-4.78625e-9
1489572810,30865998.204216145,26884221.57473477,3981.777,3.96837e14,0.4425,-3.81742e6,1.91323e6,-4.79843e-9
1489572840,30853246.62552168,26865775.17615892,3987.471,3.99134e14,0.1339,-3.83814e6,1.91807e6,-4.81058e-9
1489572870,30840451.024945594,26847335.861221366,3993.115,4.01305e14,0.6785,-3.85828e6,1.92290e6,-4.82270e-9
1489572900,30827611.50418101,26828903.986258697,3998.708,3.98963e14,0.0910,-3.85662e6,1.92772e6,-4.83478e-9
1489572930,30814728.16555225,26810479.90890239,4004.248,3.99680e14,0.2709,-3.86971e6,1.93253e6,-4.84683e-9
1489572960,30801801.112074256,26792063.988110013,4009.737,3.99395e14,0.1993,-3.87792e6,1.93732e6,-4.85885e-9
1489572990,30788830.447399363,26773656.584128354,4015.174,3.96377e14,0.5578,-3.87279e6,1.94210e6,-4.87084e-9
1489573020,30775816.275838476,26755258.05850137,4020.558,3.92453e14,1.5421,-3.86313e6,1.94686e6,-4.88279e-9
1489573050,30762758.702364083,26736868.774066906,4025.890,3.95233e14,0.8448,-3.88616e6,1.95162e6,-4.89470e-9
1489573080,30749657.83261324,26718489.094953384,4031.169,3.97477e14,0.2818,-3.90661e6,1.95635e6,-4.90658e-9
1489573110,30736513.772890653,26700119.386576317,4036.394,3.97152e14,0.3634,-3.91444e6,1.96108e6,-4.91842e-9
1489573140,30723326.6301716,26681760.015634656,4041.567,3.98848e14,0.0622,-3.93220e6,1.96578e6,-4.93023e-9
1489573170,30710096.512105163,26663411.350107074,4046.685,3.98924e14,0.0813,-3.94196e6,1.97048e6,-4.94200e-9
1489573200,30696823.527017113,26645073.75924803,4051.750,4.01625e14,0.7589,-3.96470e6,1.97516e6,-4.95373e-9
1489573230,30683507.783941265,26626747.61359465,4056.760,4.01496e14,0.7263,-3.97341e6,1.97982e6,-4.96542e-9
1489573260,30670149.392535925,26608433.284929063,4061.716,3.97460e14,0.2862,-3.96265e6,1.98447e6,-4.97708e-9
1489573290,30656748.46317381,26590131.146307662,4066.617,4.01727e14,0.7845,-3.99319e6,1.98910e6,-4.98869e-9
1489573320,30643305.106917404,26571841.57204589,4071.464,4.00239e14,0.4110,-3.99501e6,1.99371e6,-5.00027e-9
1489573350,30629819.4355223,26553564.937713776,4076.254,3.97304e14,0.3253,-3.98952e6,1.99831e6,-5.01180e-9
1489573380,30616291.561440587,26535301.62013125,4080.990,4.00809e14,0.5540,-4.01628e6,2.00290e6,-5.02330e-9
1489573410,30602721.59782435,26517051.997363437,4085.670,4.03649e14,1.2665,-4.03973e6,2.00746e6,-5.03475e-9
1489573440,30589109.658529036,26498816.448715713,4090.293,4.01495e14,0.7263,-4.03802e6,2.01201e6,-5.04616e-9
1489573470,30575455.85811688,26480595.354728613,4094.861,3.92824e14,1.4491,-4.00327e6,2.01655e6,-5.05753e-9
1489573500,30561760.31186034,26462389.097172633,4099.371,3.94617e14,0.9993,-4.02132e6,2.02106e6,-5.06885e-9
1489573530,30548023.135704793,26444198.05903635,4103.825,3.98610e14,0.0025,-4.05056e6,2.02556e6,-5.08014e-9
1489573560,30534244.446397655,26426022.624541093,4108.222,3.98164e14,0.1095,-4.05724e6,2.03004e6,-5.09137e-9
1489573590,30520424.361365743,26407863.179114927,4112.561,3.95225e14,0.8469,-4.05116e6,2.03450e6,-5.10256e-9
1489573620,30506562.998759285,26389720.10939341,4116.843,3.94852e14,0.9403,-4.05811e6,2.03895e6,-5.11371e-9
1489573650,30492660.477454934,26371593.803213514,4121.067,3.99965e14,0.3423,-4.09312e6,2.04338e6,-5.12481e-9
1489573680,30478716.917059034,26353484.649607398,4125.232,3.99001e14,0.1004,-4.09700e6,2.04778e6,-5.13587e-9
1489573710,30464732.43791073,26335393.038796086,4129.339,3.98625e14,0.0063,-4.10385e6,2.05217e6,-5.14687e-9
1489573740,30450707.161085162,26317319.36218291,4133.388,3.98708e14,0.0269,-4.11301e6,2.05654e6,-5.15783e-9
1489573770,30436641.208396696,26299264.012346845,4137.377,3.97138e14,0.3670,-4.11359e6,2.06089e6,-5.16874e-9
1489573800,30422534.70240221,26281227.383035596,4141.307,4.00069e14,0.3683,-4.13742e6,2.06522e6,-5.17960e-9
1489573830,30408387.7664596,26263209.869160637,4145.178,3.98041e14,0.1403,-4.13553e6,2.06953e6,-5.19041e-9
1489573860,30394200.524560686,26245211.866783723,4148.989,3.93286e14,1.3333,-4.11937e6,2.07382e6,-5.20117e-9
1489573890,30379973.10150548,26227233.773115907,4152.739,3.94876e14,0.9343,-4.13614e6,2.07809e6,-5.21188e-9
1489573920,30365705.62285063,26209275.986507896,4156.430,3.96138e14,0.6177,-4.15119e6,2.08234e6,-5.22254e-9
1489573950,30351398.214913327,26191338.906442404,4160.059,3.99013e14,0.1035,-4.17467e6,2.08657e6,-5.23315e-9
1489573980,30337051.00477507,26173422.933526263,4163.628,4.01804e14,0.8038,-4.19772e6,2.09078e6,-5.24370e-9
1489574010,30322664.120285615,26155528.469482385,4167.136,4.01702e14,0.7782,-4.20559e6,2.09497e6,-5.25420e-9
1489574040,30308237.69006678,26137655.917141587,4170.582,4.00659e14,0.5165,-4.20846e6,2.09913e6,-5.26465e-9
1489574070,30293771.843516357,26119805.680434097,4173.966,3.96866e14,0.4351,-4.19676e6,2.10327e6,-5.27504e-9
1489574100,30279266.710811935,26101978.164381083,4177.289,3.94654e14,0.9900,-4.19329e6,2.10739e6,-5.28537e-9
1489574130,30264722.4228517,26084173.775087558,4180.549,3.97972e14,0.1576,-4.21902e6,2.11149e6,-5.29565e-9
1489574160,30250139.11145274,26066392.919728186,4183.746,3.99291e14,0.1732,-4.23415e6,2.11557e6,-5.30588e-9
1489574190,30235516.90915989,26048636.0065434,4186.881,3.98355e14,0.0616,-4.23729e6,2.11962e6,-5.31604e-9
1489574220,30220855.949312154,26030903.44482843,4189.953,3.96844e14,0.4408,-4.23730e6,2.12365e6,-5.32615e-9
1489574250,30206156.366046023,26013195.644923814,4192.961,3.93769e14,1.2121,-4.22888e6,2.12766e6,-5.33619e-9
1489574280,30191418.294298757,25995513.018205702,4195.905,4.00607e14,0.5035,-4.27336e6,2.13164e6,-5.34618e-9
1489574310,30176641.869811717,25977855.977076024,4198.786,4.10030e14,2.8673,-4.33176e6,2.13560e6,-5.35611e-9
1489574340,30161827.229133658,25960224.934952438,4201.602,4.05390e14,1.7033,-4.31484e6,2.13953e6,-5.36598e-9
1489574370,30146974.509624057,25942620.30625803,4204.354,4.00054e14,0.3646,-4.29404e6,2.14344e6,-5.37578e-9
1489574400,30132083.849456444,25925042.506410927,4207.041,3.99176e14,0.1445,-4.29710e6,2.14732e6,-5.38553e-9
1489574430,30117155.387677655,25907491.951808654,4209.663,3.96051e14,0.6396,-4.28796e6,2.15118e6,-5.39521e-9
1489574460,30102189.26403909,25889969.05983267,4212.220,3.99901e14,0.3264,-4.31641e6,2.15502e6,-5.40482e-9
1489574490,30087185.619172662,25872474.2488219,4214.711,4.02280e14,0.9231,-4.33692e6,2.15882e6,-5.41437e-9
1489574520,30072144.59453891,25855007.938066468,4217.137,4.01949e14,0.8401,-4.34272e6,2.16261e6,-5.42386e-9
1489574550,30057066.33243088,25837570.547796197,4219.496,4.00845e14,0.5631,-4.34426e6,2.16636e6,-5.43328e-9
1489574580,30041950.97597815,25820162.499169003,4221.788,3.93957e14,1.1650,-4.31425e6,2.17009e6,-5.44264e-9
1489574610,30026798.669150785,25802784.214259002,4224.014,3.93268e14,1.3377,-4.31786e6,2.17379e6,-5.45192e-9
1489574640,30011609.556763366,25785436.116044443,4226.173,4.02478e14,0.9729,-4.37546e6,2.17747e6,-5.46114e-9
1489574670,29996383.78447903,25768118.62839546,4228.265,4.02737e14,1.0378,-4.38420e6,2.18111e6,-5.47029e-9
1489574700,29981121.498813502,25750832.1760616,4230.289,3.99750e14,0.2883,-4.37511e6,2.18473e6,-5.47937e-9
1489574730,29965822.84710273,25733577.18466603,4232.246,4.01875e14,0.8215,-4.39397e6,2.18833e6,-5.48838e-9
1489574760,29950487.97761924,25716354.080671433,4234.134,3.99531e14,0.2334,-4.38824e6,2.19189e6,-5.49732e-9
1489574790,29935117.039463617,25699163.291388378,4235.954,3.95303e14,0.8272,-4.37204e6,2.19542e6,-5.50619e-9
1489574820,29919710.182604708,25682005.24495505,4237.705,3.94745e14,0.9672,-4.37594e6,2.19893e6,-5.51499e-9
1489574850,29904267.55788337,25664880.370323915,4239.387,4.00467e14,0.4683,-4.41447e6,2.20241e6,-5.52371e-9
1489574880,29888789.31701625,25647789.09724803,4241.000,4.02865e14,1.0699,-4.43464e6,2.20585e6,-5.53235e-9
1489574910,29873275.612599526,25630731.85626724,4242.544,3.97905e14,0.1745,-4.41403e6,2.20927e6,-5.54093e-9
1489574940,29857726.598112658,25613709.078694034,4244.018,3.94998e14,0.9038,-4.40467e6,2.21266e6,-5.54942e-9
1489574970,29842142.42792215,25596721.196599364,4245.421,3.97754e14,0.2124,-4.42667e6,2.21601e6,-5.55785e-9
1489575000,29826523.2572853,25579768.642798077,4246.755,3.99630e14,0.2583,-4.44375e6,2.21934e6,-5.56619e-9
1489575030,29810869.242370814,25562851.850829713,4248.017,3.96358e14,0.5627,-4.43211e6,2.22263e6,-5.57445e-9
1489575060,29795180.54021056,25545971.254957587,4249.209,4.02419e14,0.9580,-4.47246e6,2.22589e6,-5.58264e-9
1489575090,29779457.30875553,25529127.290139485,4250.330,4.07334e14,2.1912,-4.50643e6,2.22913e6,-5.59075e-9
1489575120,29763699.706862807,25512320.392016843,4251.379,3.96106e14,0.6259,-4.45003e6,2.23232e6,-5.59877e-9
1489575150,29747907.89429955,25495550.996899147,4252.357,3.92659e14,1.4905,-4.43702e6,2.23549e6,-5.60672e-9
1489575180,29732082.031746883,25478819.541748036,4253.262,3.96429e14,0.5448,-4.46441e6,2.23863e6,-5.61458e-9
1489575210,29716222.280803867,25462126.464161284,4254.096,4.01309e14,0.6796,-4.49803e6,2.24173e6,-5.62236e-9
1489575240,29700328.80399148,25445472.20235653,4254.857,4.00331e14,0.4342,-4.49868e6,2.24479e6,-5.63006e-9
1489575270,29684401.76475657,25428857.195154633,4255.545,3.97735e14,0.2171,-4.49013e6,2.24783e6,-5.63767e-9
1489575300,29668441.327475782,25412281.881963108,4256.159,4.02241e14,0.9134,-4.52156e6,2.25083e6,-5.64520e-9
1489575330,29652447.657453977,25395746.702759527,4256.701,3.98998e14,0.0997,-4.50918e6,2.25379e6,-5.65264e-9
1489575360,29636420.92094564,25379252.098072883,4257.169,3.92762e14,1.4648,-4.47975e6,2.25672e6,-5.66000e-9
1489575390,29620361.285141353,25362798.50896773,4257.563,3.96596e14,0.5029,-4.50723e6,2.25962e6,-5.66727e-9
1489575420,29604268.918177407,25346386.37702603,4257.883,4.05573e14,1.7493,-4.56388e6,2.26248e6,-5.67444e-9
1489575450,29588143.989139847,25330016.14432935,4258.128,4.01834e14,0.8111,-4.54833e6,2.26530e6,-5.68153e-9
1489575480,29571986.668068394,25313688.25344078,4258.298,3.92695e14,1.4817,-4.50195e6,2.26809e6,-5.68853e-9
1489575510,29555797.125960402,25297403.14738668,4258.394,3.93845e14,1.1929,-4.51397e6,2.27084e6,-5.69544e-9
1489575540,29539575.53477492,25281161.269638173,4258.414,3.94487e14,1.0321,-4.52302e6,2.27356e6,-5.70226e-9
1489575570,29523322.06743661,25264963.064092364,4258.359,4.00004e14,0.3521,-4.55985e6,2.27624e6,-5.70898e-9
1489575600,29507036.89783973,25248808.975053478,4258.228,3.98623e14,0.0057,-4.55725e6,2.27888e6,-5.71561e-9
1489575630,29490720.200855505,25232699.44721435,4258.021,4.00657e14,0.5159,-4.57410e6,2.28148e6,-5.72214e-9
1489575660,29474372.15232583,25216634.92563482,4257.737,4.04885e14,1.5768,-4.60347e6,2.28405e6,-5.72858e-9
1489575690,29457992.929077584,25200615.85572447,4257.377,4.00488e14,0.4735,-4.58334e6,2.28657e6,-5.73493e-9
1489575720,29441582.708923377,25184642.683221973,4256.940,4.02231e14,0.9108,-4.59834e6,2.28906e6,-5.74117e-9
1489575750,29425141.670665484,25168715.854175072,4256.426,3.95810e14,0.7000,-4.56636e6,2.29151e6,-5.74732e-9
1489575780,29408669.9940999,25152835.814920314,4255.834,3.96086e14,0.6307,-4.57275e6,2.29392e6,-5.75337e-9
1489575810,29392167.860020343,25137003.012062535,4255.165,4.01400e14,0.7024,-4.60808e6,2.29629e6,-5.75932e-9
1489575840,29375635.450222313,25121217.892454136,4254.418,3.98355e14,0.0616,-4.59520e6,2.29862e6,-5.76517e-9
1489575870,29359072.947507046,25105480.903174166,4253.592,4.02051e14,0.8657,-4.62111e6,2.30091e6,-5.77092e-9
1489575900,29342480.535685543,25089792.491507128,4252.688,4.05066e14,1.6222,-4.64305e6,2.30316e6,-5.77656e-9
1489575930,29325858.39957525,25074153.10492556,4251.705,4.00565e14,0.4930,-4.62148e6,2.30536e6,-5.78211e-9
1489575960,29309206.725026727,25058563.191056367,4250.644,3.97999e14,0.1509,-4.61097e6,2.30753e6,-5.78755e-9
1489575990,29292525.69890479,25043023.19767091,4249.503,3.96950e14,0.4141,-4.60913e6,2.30965e6,-5.79288e-9
1489576020,29275815.509099912,25027533.5726592,4248.282,3.95375e14,0.8091,-4.60416e6,2.31173e6,-5.79811e-9
1489576050,29259076.34453213,25012094.764007606,4246.982,3.96339e14,0.5674,-4.61382e6,2.31377e6,-5.80323e-9
1489576080,29242308.395154983,24996707.219776437,4245.601,4.02012e14,0.8559,-4.65075e6,2.31577e6,-5.80824e-9
1489576110,29225511.851959508,24981371.388077233,4244.140,4.00497e14,0.4758,-4.64587e6,2.31772e6,-5.81315e-9
1489576140,29208686.906978153,24966087.717049893,4242.599,3.99206e14,0.1519,-4.64219e6,2.31963e6,-5.81794e-9
1489576170,29191833.75328873,24950856.654839527,4240.977,4.04443e14,1.4658,-4.67642e6,2.32149e6,-5.82263e-9
1489576200,29174952.58501841,24935678.649573114,4239.274,4.05794e14,1.8047,-4.68796e6,2.32332e6,-5.82720e-9
1489576230,29158043.597361505,24920554.14932589,4237.489,4.02188e14,0.9000,-4.67052e6,2.32509e6,-5.83166e-9
1489576260,29141106.9865407,24905483.602128524,4235.623,3.97355e14,0.3124,-4.64579e6,2.32682e6,-5.83601e-9
1489576290,29124142.949854024,24890467.455912247,4233.675,3.90096e14,2.1337,-4.60676e6,2.32851e6,-5.84025e-9
1489576320,29107151.685664903,24875506.158494487,4231.646,3.91368e14,1.8144,-4.61745e6,2.33015e6,-5.84437e-9
1489576350,29090133.393406376,24860600.15755439,4229.533,4.00021e14,0.3563,-4.67121e6,2.33174e6,-5.84837e-9
1489576380,29073088.273585033,24845749.90060811,4227.338,4.00120e14,0.3813,-4.67489e6,2.33329e6,-5.85226e-9
1489576410,29056016.52778522,24830955.834983896,4225.061,3.98936e14,0.0841,-4.67097e6,2.33478e6,-5.85603e-9
1489576440,29038918.35867296,24816218.407796938,4222.700,4.00105e14,0.3773,-4.68072e6,2.33624e6,-5.85968e-9
1489576470,29021793.97000011,24801538.065924086,4220.256,3.95705e14,0.7263,-4.65775e6,2.33764e6,-5.86322e-9
1489576500,29004643.56660834,24786915.255978275,4217.728,3.98419e14,0.0454,-4.67638e6,2.33900e6,-5.86663e-9
1489576530,28987467.35441595,24772350.424297307,4215.117,4.04095e14,1.3785,-4.71231e6,2.34031e6,-5.86992e-9
1489576560,28970265.540474944,24757844.01687338,4212.422,4.01288e14,0.6742,-4.69836e6,2.34157e6,-5.87309e-9
1489576590,28953038.33292172,24743396.479371484,4209.642,3.97869e14,0.1836,-4.68071e6,2.34278e6,-5.87613e-9
1489576620,28935785.940998193,24729008.257088847,4206.778,3.97816e14,0.1967,-4.68272e6,2.34394e6,-5.87906e-9
1489576650,28918508.575055584,24714679.794928532,4203.829,3.96272e14,0.5842,-4.67586e6,2.34505e6,-5.88185e-9
1489576680,28901206.446558177,24700411.537372876,4200.795,3.96070e14,0.6348,-4.67679e6,2.34611e6,-5.88452e-9
1489576710,28883879.76808724,24686203.928456757,4197.676,3.92569e14,1.5132,-4.65820e6,2.34712e6,-5.88707e-9
1489576740,28866528.753344633,24672057.4117406,4194.471,3.93175e14,1.3611,-4.66368e6,2.34808e6,-5.88948e-9
1489576770,28849153.617156684,24657972.430283315,4191.181,4.02379e14,0.9480,-4.71971e6,2.34898e6,-5.89177e-9
1489576800,28831754.575477883,24643949.426614884,4187.805,4.01853e14,0.8159,-4.71833e6,2.34984e6,-5.89393e-9
1489576830,28814331.845408466,24629988.84269607,4184.343,3.99371e14,0.1932,-4.70532e6,2.35064e6,-5.89596e-9
1489576860,28796885.6451555,24616091.119930167,4180.795,4.01894e14,0.8262,-4.72171e6,2.35140e6,-5.89786e-9
1489576890,28779416.19407946,24602256.69909574,4177.159,4.02826e14,1.0601,-4.72862e6,2.35210e6,-5.89962e-9
1489576920,28761923.712684155,24588486.02033117,4173.438,4.03575e14,1.2480,-4.73434e6,2.35274e6,-5.90125e-9
1489576950,28744408.42262057,24574779.52310627,4169.629,4.05602e14,1.7567,-4.74750e6,2.35333e6,-5.90275e-9
1489576980,28726870.54669062,24561137.646193746,4165.733,3.98580e14,0.0052,-4.70713e6,2.35387e6,-5.90411e-9
1489577010,28709310.308851015,24547560.827640545,4161.749,3.96265e14,0.5858,-4.69444e6,2.35436e6,-5.90534e-9
1489577040,28691727.934217017,24534049.50473887,4157.678,3.98007e14,0.1489,-4.70558e6,2.35478e6,-5.90643e-9
1489577070,28674123.649066184,24520604.113997206,4153.520,3.96411e14,0.5492,-4.69691e6,2.35516e6,-5.90738e-9
1489577100,28656497.680842128,24507225.091111023,4149.273,3.98434e14,0.0418,-4.70950e6,2.35548e6,-5.90819e-9
1489577130,28638850.258151982,24493912.870937936,4144.937,3.99193e14,0.1487,-4.71452e6,2.35574e6,-5.90887e-9
1489577160,28621181.610789604,24480667.88745442,4140.514,3.97965e14,0.1593,-4.70769e6,2.35595e6,-5.90940e-9
1489577190,28603491.96971962,24467490.573739674,4136.001,3.97476e14,0.2822,-4.70510e6,2.35610e6,-5.90979e-9
1489577220,28585781.5670874,24454381.36194152,4131.400,4.02184e14,0.8990,-4.73312e6,2.35619e6,-5.91004e-9
1489577250,28568050.63622271,24441340.683246367,4126.710,4.00700e14,0.5268,-4.72443e6,2.35623e6,-5.91015e-9
1489577280,28550299.411643222,24428368.96784925,4121.930,4.00880e14,0.5718,-4.72545e6,2.35621e6,-5.91011e-9
1489577310,28532528.12905814,24415466.64492354,4117.061,4.03477e14,1.2234,-4.74065e6,2.35613e6,-5.90993e-9
1489577340,28514737.025371697,24402634.14259063,4112.103,3.98668e14,0.0170,-4.71196e6,2.35599e6,-5.90960e-9
1489577370,28496926.3386866,24389871.887889534,4107.054,3.96234e14,0.5937,-4.69719e6,2.35580e6,-5.90912e-9
1489577400,28479096.308307607,24377180.306746237,4101.916,3.95103e14,0.8775,-4.69001e6,2.35554e6,-5.90850e-9
1489577430,28461247.17474532,24364559.823953897,4096.687,3.96397e14,0.5528,-4.69704e6,2.35523e6,-5.90773e-9
1489577460,28443379.17971836,24352010.863108557,4091.368,4.00372e14,0.4446,-4.71978e6,2.35486e6,-5.90680e-9
1489577490,28425492.56615812,24339533.84661187,4085.959,4.02224e14,0.9091,-4.72985e6,2.35442e6,-5.90573e-9
1489577520,28407587.5782116,24327129.19562925,4080.458,4.02506e14,0.9798,-4.73053e6,2.35393e6,-5.90451e-9
1489577550,28389664.461244848,24314797.330058794,4074.867,3.99817e14,0.3051,-4.71355e6,2.35338e6,-5.90313e-9
1489577580,28371723.461846236,24302538.668500144,4069.185,3.99997e14,0.3503,-4.71338e6,2.35276e6,-5.90160e-9
1489577610,28353764.827829782,24290353.628223196,4063.411,3.97306e14,0.3248,-4.69615e6,2.35208e6,-5.89992e-9
1489577640,28335788.808238387,24278242.6251367,4057.546,3.94862e14,0.9380,-4.68027e6,2.35134e6,-5.89808e-9
1489577670,28317795.653347086,24266206.07375679,4051.590,3.99741e14,0.2860,-4.70745e6,2.35054e6,-5.89609e-9
1489577700,28299785.61466625,24254244.38717535,4045.541,3.95540e14,0.7679,-4.68097e6,2.34968e6,-5.89394e-9
1489577730,28281758.94494475,24242357.977002237,4039.401,3.99401e14,0.2007,-4.70187e6,2.34875e6,-5.89163e-9
1489577760,28263715.89817304,24230547.253413953,4033.169,4.05093e14,1.6289,-4.73342e6,2.34776e6,-5.88917e-9
1489577790,28245656.72958642,24218812.625041086,4026.844,4.03063e14,1.1195,-4.71936e6,2.34671e6,-5.88654e-9
1489577820,28227581.695668004,24207154.49896224,4020.427,3.98304e14,0.0743,-4.68912e6,2.34559e6,-5.88376e-9
1489577850,28209491.054151796,24195573.280671753,4013.918,3.94338e14,1.0693,-4.66344e6,2.34441e6,-5.88081e-9
1489577880,28191385.064025685,24184069.374047432,4007.316,3.93625e14,1.2482,-4.65678e6,2.34317e6,-5.87770e-9
1489577910,28173263.98553441,24172643.18131814,4000.621,3.98294e14,0.0769,-4.68161e6,2.34186e6,-5.87443e-9
1489577940,28155128.08018251,24161295.10303137,3993.833,4.01437e14,0.7117,-4.69732e6,2.34048e6,-5.87100e-9
1489577970,28136977.610737223,24150025.538020756,3986.952,3.95177e14,0.8589,-4.65770e6,2.33904e6,-5.86740e-9
1489578000,28118812.841231268,24138834.88337356,3979.978,3.93446e14,1.2932,-4.64456e6,2.33753e6,-5.86364e-9
1489578030,28100634.0369707,24127723.534433525,3972.911,4.01331e14,0.6850,-4.68764e6,2.33596e6,-5.85971e-9
1489578060,28082441.464522593,24116691.884659283,3965.750,4.02804e14,1.0546,-4.69299e6,2.33432e6,-5.85562e-9
1489578090,28064235.391732726,24105740.325701024,3958.495,4.02813e14,1.0567,-4.68961e6,2.33261e6,-5.85135e-9
1489578120,28046016.08772348,24094869.24733283,3951.147,4.04919e14,1.5853,-4.69837e6,2.33084e6,-5.84692e-9
1489578150,28027783.822896592,24084079.03742034,3943.705,3.97502e14,0.2755,-4.65133e6,2.32900e6,-5.84232e-9
1489578180,28009538.86893578,24073370.081888407,3936.169,3.95316e14,0.8241,-4.63476e6,2.32709e6,-5.83755e-9
1489578210,27991281.498809356,24062742.764688753,3928.539,3.92401e14,1.5553,-4.61383e6,2.32511e6,-5.83261e-9
1489578240,27973011.98677279,24052197.467767607,3920.815,3.92072e14,1.6378,-4.60787e6,2.32306e6,-5.82750e-9
1489578270,27954730.608371217,24041734.571033373,3912.996,4.00758e14,0.5412,-4.65425e6,2.32095e6,-5.82222e-9
1489578300,27936437.640441906,24031354.45232421,3905.083,4.00649e14,0.5141,-4.64925e6,2.31877e6,-5.81676e-9
1489578330,27918133.361106,24021057.48733942,3897.076,3.96964e14,0.4107,-4.62332e6,2.31651e6,-5.81113e-9
1489578360,27899818.049803577,24010844.049719006,3888.974,3.95211e14,0.8505,-4.60852e6,2.31419e6,-5.80532e-9
1489578390,27881491.987263378,24000714.51089913,3880.777,3.99134e14,0.1338,-4.62651e6,2.31180e6,-5.79934e-9
1489578420,27863155.455515403,23990669.24011575,3872.486,3.99714e14,0.2795,-4.62496e6,2.30934e6,-5.79318e-9
1489578450,27844808.737893052,23980708.6043721,3864.100,3.96843e14,0.4408,-4.60328e6,2.30680e6,-5.78685e-9
1489578480,27826452.119035166,23970832.96840604,3855.619,3.99283e14,0.1713,-4.61219e6,2.30420e6,-5.78034e-9
1489578510,27808085.884888038,23961042.694657646,3847.043,4.01752e14,0.7907,-4.62110e6,2.30153e6,-5.77365e-9
1489578540,27789710.322707295,23951338.143236607,3838.372,4.04731e14,1.5380,-4.63277e6,2.29878e6,-5.76678e-9
1489578570,27771325.721059833,23941719.671889897,3829.606,4.00162e14,0.3919,-4.60079e6,2.29596e6,-5.75973e-9
1489578600,27752932.369825557,23932187.635969363,3820.745,3.95851e14,0.6899,-4.57020e6,2.29307e6,-5.75250e-9
1489578630,27734530.56021047,23922742.388433926,3811.788,4.00692e14,0.5248,-4.59212e6,2.29011e6,-5.74509e-9
1489578660,27716120.584713697,23913384.279711176,3802.736,4.00336e14,0.4354,-4.58400e6,2.28707e6,-5.73750e-9
1489578690,27697702.73716379,23904113.65777169,3793.589,3.98784e14,0.0460,-4.56889e6,2.28397e6,-5.72973e-9
1489578720,27679277.312709212,23894930.86806283,3784.346,4.00856e14,0.5659,-4.57439e6,2.28079e6,-5.72177e-9
1489578750,27660844.60781995,23885836.253477138,3775.008,4.00313e14,0.4295,-4.56477e6,2.27753e6,-5.71363e-9
1489578780,27642404.9202891,23876830.154320706,3765.575,3.98331e14,0.0675,-4.54681e6,2.27420e6,-5.70530e-9
1489578810,27623958.549234353,23867912.908281818,3756.046,3.96875e14,0.4328,-4.53172e6,2.27080e6,-5.69679e-9
1489578840,27605505.795099407,23859084.850399572,3746.421,3.94575e14,1.0099,-4.51171e6,2.26733e6,-5.68810e-9
1489578870,27587046.959655415,23850346.31303263,3736.701,3.94989e14,0.9059,-4.50701e6,2.26378e6,-5.67922e-9
1489578900,27568582.34600224,23841697.625828132,3726.885,4.02575e14,0.9971,-4.54281e6,2.26016e6,-5.67015e-9
1489578930,27550112.258563988,23833139.11565745,3716.973,4.01030e14,0.6094,-4.52664e6,2.25646e6,-5.66089e-9
1489578960,27531637.003107794,23824671.106687672,3706.966,3.98827e14,0.0569,-4.50663e6,2.25268e6,-5.65145e-9
1489578990,27513156.88672729,23816293.9202484,3696.863,4.07803e14,2.3087,-4.54958e6,2.24883e6,-5.64181e-9
1489579020,27494672.21784926,23808007.87483391,3686.664,4.09760e14,2.7996,-4.55267e6,2.24491e6,-5.63199e-9
1489579050,27476183.306234576,23799813.286072463,3676.370,3.99385e14,0.1967,-4.48624e6,2.24091e6,-5.62198e-9
1489579080,27457690.46297896,23791710.466695722,3665.980,3.94287e14,1.0823,-4.44948e6,2.23683e6,-5.61178e-9
1489579110,27439194.000513814,23783699.726508293,3655.494,3.95256e14,0.8390,-4.44666e6,2.23268e6,-5.60138e-9
1489579140,27420694.232606813,23775781.37235747,3644.913,4.00155e14,0.3899,-4.46564e6,2.22845e6,-5.59080e-9
1489579170,27402191.474362507,23767955.708103076,3634.236,4.03107e14,1.1306,-4.47349e6,2.22415e6,-5.58002e-9
1489579200,27383686.042222787,23760223.03458762,3623.463,3.97717e14,0.2217,-4.43467e6,2.21977e6,-5.56905e-9
1489579230,27365178.253967192,23752583.64963659,3612.595,3.96514e14,0.5233,-4.41909e6,2.21531e6,-5.55789e-9
1489579260,27346668.428713653,23745037.84793647,3601.631,3.96506e14,0.5254,-4.41001e6,2.21077e6,-5.54654e-9
1489579290,27328156.88691831,23737585.921097934,3590.571,3.96344e14,0.5661,-4.39992e6,2.20616e6,-5.53499e-9
1489579320,27309643.95037578,23730228.15759711,3579.416,3.96064e14,0.6362,-4.38903e6,2.20147e6,-5.52324e-9
1489579350,27291129.942219194,23722964.842746966,3568.165,3.96118e14,0.6228,-4.37982e6,2.19670e6,-5.51131e-9
1489579380,27272615.186920226,23715796.258668832,3556.819,4.01322e14,0.6828,-4.39879e6,2.19185e6,-5.49917e-9
1489579410,27254100.01028888,23708722.68426437,3545.377,3.98557e14,0.0110,-4.37374e6,2.18693e6,-5.48684e-9
1489579440,27235584.739473365,23701744.39518751,3533.840,3.95283e14,0.8323,-4.34583e6,2.18192e6,-5.47432e-9
1489579470,27217069.70295972,23694861.66381684,3522.208,3.99937e14,0.3353,-4.36114e6,2.17684e6,-5.46159e-9
1489579500,27198555.230571434,23688074.759228125,3510.480,3.96588e14,0.5049,-4.33256e6,2.17168e6,-5.44868e-9
1489579530,27180041.653468877,23681383.94714599,3498.658,3.99969e14,0.3434,-4.34050e6,2.16645e6,-5.43556e-9
1489579560,27161529.304148927,23674789.489981886,3486.740,4.03121e14,1.1342,-4.34695e6,2.16113e6,-5.42225e-9
1489579590,27143018.516444117,23668291.646742545,3474.727,3.97579e14,0.2562,-4.30613e6,2.15573e6,-5.40873e-9
1489579620,27124509.625521835,23661890.67302426,3462.619,4.02515e14,0.9821,-4.32184e6,2.15026e6,-5.39502e-9
1489579650,27106002.96788349,23655586.82098651,3450.416,4.05027e14,1.6123,-4.32420e6,2.14470e6,-5.38111e-9
1489579680,27087498.881363526,23649380.339325916,3438.119,3.97072e14,0.3834,-4.27016e6,2.13907e6,-5.36701e-9
1489579710,27068997.705128323,23643271.473250356,3425.726,3.92330e14,1.5731,-4.23338e6,2.13336e6,-5.35270e-9
1489579740,27050499.779675066,23637260.464453436,3413.239,3.95845e14,0.6913,-4.24066e6,2.12757e6,-5.33819e-9
1489579770,27032005.446830384,23631347.55108921,3400.658,3.94278e14,1.0844,-4.22063e6,2.12169e6,-5.32349e-9
1489579800,27013515.04974903,23625532.967747156,3387.982,3.96032e14,0.6445,-4.21811e6,2.11574e6,-5.30858e-9
1489579830,26995028.93291831,23619816.945434846,3375.212,4.03398e14,1.2036,-4.24509e6,2.10971e6,-5.29347e-9
1489579860,26976547.442138202,23614199.7115313,3362.348,4.03985e14,1.3508,-4.23590e6,2.10360e6,-5.27817e-9
1489579890,26958070.924537964,23608681.489784937,3349.389,4.01453e14,0.7155,-4.21011e6,2.09741e6,-5.26266e-9
1489579920,26939599.72856838,23603262.50028287,3336.337,4.01018e14,0.6065,-4.19526e6,2.09114e6,-5.24695e-9
1489579950,26921134.203999933,23597942.95942751,3323.191,4.01051e14,0.6147,-4.18269e6,2.08478e6,-5.23104e-9
1489579980,26902674.70192081,23592723.079913642,3309.952,3.98395e14,0.0515,-4.15595e6,2.07835e6,-5.21493e-9
1489580010,26884221.57473477,23587603.070705716,3296.619,4.00858e14,0.5663,-4.15574e6,2.07184e6,-5.19861e-9
1489580040,26865775.17615892,23582583.13701556,3283.192,3.97346e14,0.3146,-4.12433e6,2.06524e6,-5.18210e-9
1489580070,26847335.861221366,23577663.480280448,3269.672,3.94253e14,1.0906,-4.09504e6,2.05857e6,-5.16538e-9
1489580100,26828903.986258697,23572844.298141535,3256.060,3.95935e14,0.6687,-4.09027e6,2.05182e6,-5.14846e-9
1489580130,26810479.90890239,23568125.784427173,3242.354,3.98223e14,0.0947,-4.08840e6,2.04498e6,-5.13134e-9
1489580160,26792063.988110013,23563508.12911783,3228.556,4.02427e14,0.9600,-4.09609e6,2.03807e6,-5.11402e-9
1489580190,26773656.584128354,23558991.518340196,3214.665,4.02875e14,1.0723,-4.08432e6,2.03107e6,-5.09649e-9
1489580220,26755258.05850137,23554576.134342328,3200.682,3.99845e14,0.3123,-4.05472e6,2.02400e6,-5.07876e-9
1489580250,26736868.774066906,23550262.15547399,3186.607,3.99231e14,0.1581,-4.03728e6,2.01684e6,-5.06083e-9
1489580280,26718489.094953384,23546049.75616733,3172.439,4.01945e14,0.8390,-4.03649e6,2.00960e6,-5.04270e-9
1489580310,26700119.386576317,23541939.106917985,3158.180,4.00126e14,0.3827,-4.01266e6,2.00228e6,-5.02437e-9
1489580340,26681760.015634656,23537930.37426652,3143.830,3.96660e14,0.4868,-3.98050e6,1.99488e6,-5.00583e-9
1489580370,26663411.350107074,23534023.72078029,3129.388,3.95426e14,0.7963,-3.95943e6,1.98740e6,-4.98709e-9
1489580400,26645073.75924803,23530219.30503571,3114.854,3.98408e14,0.0484,-3.95919e6,1.97984e6,-4.96815e-9
1489580430,26626747.61359465,23526517.281587824,3100.230,3.98827e14,0.0569,-3.94600e6,1.97220e6,-4.94901e-9
1489580460,26608433.284929063,23522917.80099377,3085.515,3.97962e14,0.1602,-3.92630e6,1.96448e6,-4.92966e-9
1489580490,26590131.146307662,23519421.00975545,3070.710,3.94179e14,1.1092,-3.89215e6,1.95668e6,-4.91012e-9
1489580520,26571841.57204589,23516027.05031654,3055.815,3.95518e14,0.7734,-3.88303e6,1.94880e6,-4.89037e-9
1489580550,26553564.937713776,23512736.061046712,3040.829,4.00924e14,0.5828,-3.89350e6,1.94084e6,-4.87042e-9
1489580580,26535301.62013125,23509548.176226217,3025.753,4.00003e14,0.3519,-3.87291e6,1.93279e6,-4.85026e-9
1489580610,26517051.997363437,23506463.52603098,3010.588,3.97118e14,0.3718,-3.84272e6,1.92467e6,-4.82991e-9
1489580640,26498816.448715713,23503482.23651803,2995.334,3.96358e14,0.5627,-3.82269e6,1.91647e6,-4.80935e-9
1489580670,26480595.354728613,23500604.429611456,2979.991,4.03348e14,1.1911,-3.83966e6,1.90818e6,-4.78860e-9
1489580700,26462389.097172633,23497830.22308881,2964.559,4.11054e14,3.1242,-3.85958e6,1.89982e6,-4.76764e-9
1489580730,26444198.05903635,23495159.730584294,2949.038,4.07198e14,2.1570,-3.82414e6,1.89138e6,-4.74648e-9
1489580760,26426022.624541093,23492593.061525244,2933.430,4.00129e14,0.3836,-3.77351e6,1.88285e6,-4.72512e-9
1489580790,26407863.179114927,23490130.321171165,2917.733,3.99696e14,0.2749,-3.75425e6,1.87425e6,-4.70356e-9
1489580820,26389720.10939341,23487771.610585373,2901.948,4.02750e14,1.0410,-3.75116e6,1.86557e6,-4.68180e-9
1489580850,26371593.803213514,23485517.02662375,2886.077,4.02955e14,1.0925,-3.73451e6,1.85681e6,-4.65984e-9
1489580880,26353484.649607398,23483366.661923975,2870.118,3.96470e14,0.5345,-3.68667e6,1.84796e6,-4.63769e-9
1489580910,26335393.038796086,23481320.604895268,2854.072,3.98157e14,0.1113,-3.67667e6,1.83904e6,-4.61533e-9
1489580940,26317319.36218291,23479378.93970847,2837.940,4.00753e14,0.5401,-3.67061e6,1.83004e6,-4.59277e-9
1489580970,26299264.012346845,23477541.746286698,2821.722,3.98010e14,0.1482,-3.63988e6,1.82096e6,-4.57002e-9
1489581000,26281227.383035596,23475809.10029638,2805.418,3.99564e14,0.2418,-3.62865e6,1.81181e6,-4.54707e-9
1489581030,26263209.869160637,23474181.0731218,2789.029,4.00327e14,0.4331,-3.61362e6,1.80257e6,-4.52392e-9
1489581060,26245211.866783723,23472657.73190985,2772.554,3.99310e14,0.1780,-3.59038e6,1.79325e6,-4.50057e-9
1489581090,26227233.773115907,23471239.13950918,2755.995,4.02736e14,1.0374,-3.58692e6,1.78386e6,-4.47703e-9
1489581120,26209275.986507896,23469925.354480322,2739.351,4.03702e14,1.2799,-3.57219e6,1.77439e6,-4.45329e-9
1489581150,26191338.906442404,23468716.43108904,2722.622,3.98764e14,0.0411,-3.53111e6,1.76484e6,-4.42935e-9
1489581180,26173422.933526263,23467612.419300023,2705.811,3.98554e14,0.0118,-3.51093e6,1.75521e6,-4.40522e-9
1489581210,26155528.469482385,23466613.36477119,2688.915,4.00477e14,0.4709,-3.49996e6,1.74551e6,-4.38090e-9
1489581240,26137655.917141587,23465719.308848385,2671.937,4.02894e14,1.0772,-3.49088e6,1.73572e6,-4.35638e-9
1489581270,26119805.680434097,23464930.288560618,2654.875,4.02593e14,1.0015,-3.46976e6,1.72587e6,-4.33167e-9
1489581300,26101978.164381083,23464246.336615816,2637.732,4.01071e14,0.6197,-3.44324e6,1.71593e6,-4.30676e-9
1489581330,26084173.775087558,23463667.48140947,2620.506,3.95343e14,0.8173,-3.39864e6,1.70592e6,-4.28166e-9
1489581360,26066392.919728186,23463193.746982545,2603.199,3.95829e14,0.6953,-3.38062e6,1.69583e6,-4.25637e-9
1489581390,26048636.0065434,23462825.153058056,2585.811,4.00000e14,0.3510,-3.37801e6,1.68566e6,-4.23089e-9
1489581420,26030903.44482843,23462561.71502601,2568.342,3.97225e14,0.3451,-3.34583e6,1.67542e6,-4.20521e-9
1489581450,26013195.644923814,23462403.44394174,2550.792,3.97638e14,0.2414,-3.32697e6,1.66510e6,-4.17935e-9
1489581480,25995513.018205702,23462350.346524555,2533.163,3.97707e14,0.2242,-3.30650e6,1.65471e6,-4.15330e-9
1489581510,25977855.977076024,23462402.42515716,2515.454,3.92117e14,1.6265,-3.26253e6,1.64424e6,-4.12706e-9
1489581540,25960224.934952438,23462559.677885287,2497.665,3.93703e14,1.2286,-3.24813e6,1.63370e6,-4.10063e-9
1489581570,25942620.30625803,23462822.09841801,2479.798,4.00579e14,0.4963,-3.25504e6,1.62308e6,-4.07401e-9
1489581600,25925042.506410927,23463189.67612844,2461.853,3.98388e14,0.0533,-3.22475e6,1.61239e6,-4.04721e-9
1489581630,25907491.951808654,23463662.396048676,2443.830,3.99678e14,0.2703,-3.20842e6,1.60162e6,-4.02022e-9
1489581660,25889969.05983267,23464240.238891147,2425.729,3.96915e14,0.4228,-3.17568e6,1.59078e6,-3.99305e-9
1489581690,25872474.2488219,23464923.181030676,2407.551,3.99270e14,0.1680,-3.16325e6,1.57987e6,-3.96569e-9
1489581720,25855007.938066468,23465711.19451371,2389.297,3.96375e14,0.5584,-3.12987e6,1.56888e6,-3.93814e-9
1489581750,25837570.547796197,23466604.247061454,2370.966,3.90738e14,1.9726,-3.08577e6,1.55783e6,-3.91042e-9
1489581780,25820162.499169003,23467602.302073453,2352.560,4.03438e14,1.2137,-3.11305e6,1.54670e6,-3.88251e-9
1489581810,25802784.214259002,23468705.31863171,2334.079,4.07871e14,2.3258,-3.10760e6,1.53549e6,-3.85443e-9
1489581840,25785436.116044443,23469913.25150524,2315.523,3.99665e14,0.2671,-3.05340e6,1.52422e6,-3.82616e-9
1489581870,25768118.62839546,23471226.05115518,2296.893,3.96575e14,0.5082,-3.01895e6,1.51287e6,-3.79771e-9
1489581900,25750832.1760616,23472643.663740274,2278.189,4.00515e14,0.4804,-3.01103e6,1.50145e6,-3.76909e-9
1489581930,25733577.18466603,23474166.031120434,2259.411,4.01177e14,0.6464,-2.99048e6,1.48997e6,-3.74029e-9
1489581960,25716354.080671433,23475793.09087079,2240.561,3.93857e14,1.1900,-2.94014e6,1.47841e6,-3.71131e-9
1489581990,25699163.291388378,23477524.776281483,2221.639,3.94269e14,1.0867,-2.91854e6,1.46678e6,-3.68216e-9
1489582020,25682005.24495505,23479361.016367413,2202.644,3.99341e14,0.1858,-2.91381e6,1.45509e6,-3.65283e-9
1489582050,25664880.370323915,23481301.73587611,2183.579,4.01779e14,0.7975,-2.89910e6,1.44332e6,-3.62333e-9
1489582080,25647789.09724803,23483346.855296176,2164.442,3.96459e14,0.5371,-2.85622e6,1.43149e6,-3.59365e-9
1489582110,25630731.85626724,23485496.290866166,2145.236,3.93900e14,1.1792,-2.82337e6,1.41958e6,-3.56381e-9
1489582140,25613709.078694034,23487749.954583928,2125.959,4.06939e14,2.0919,-2.84565e6,1.40761e6,-3.53379e-9
1489582170,25596721.196599364,23490107.75421638,2106.613,4.01856e14,0.8167,-2.80352e6,1.39557e6,-3.50361e-9
1489582200,25579768.642798077,23492569.59330984,2087.199,4.01476e14,0.7213,-2.77790e6,1.38347e6,-3.47326e-9
1489582230,25562851.850829713,23495135.3712104,2067.716,4.16452e14,4.4786,-2.80503e6,1.37130e6,-3.44274e-9
1489582260,25545971.254957587,23497804.98304557,2048.166,4.00682e14,0.5223,-2.72621e6,1.35906e6,-3.41205e-9
1489582290,25529127.290139485,23500578.31976529,2028.549,3.84692e14,3.4894,-2.64748e6,1.34676e6,-3.38120e-9
1489582320,25512320.392016843,23503455.268144667,2008.865,3.99708e14,0.2778,-2.67349e6,1.33439e6,-3.35019e-9
1489587840,23503482.23651803,25512522.438168343,2009.040,3.92079e14,1.6361,2.64909e6,-1.33545e6,3.35045e-9
1489587870,23500604.429611456,25529332.497277863,2028.728,3.96895e14,0.4277,2.68989e6,-1.34780e6,3.38147e-9
1489587900,23497830.22308881,25546179.63160591,2048.349,4.09672e14,2.7775,2.75802e6,-1.36009e6,3.41232e-9
1489587930,23495159.730584294,25563063.405276366,2067.904,4.07593e14,2.2560,2.77566e6,-1.37231e6,3.44302e-9
1489587960,23492593.061525244,25579983.383017078,2087.390,4.03826e14,1.3111,2.78718e6,-1.38447e6,3.47354e-9
1489587990,23490130.321171165,25596939.13029212,2106.809,4.01352e14,0.6904,2.80286e6,-1.39656e6,3.50390e-9
1489588020,23487771.610585373,25613930.213279393,2126.159,4.00701e14,0.5270,2.82470e6,-1.40858e6,3.53409e-9
1489588050,23485517.02662375,25630956.198885743,2145.439,4.01851e14,0.8156,2.85278e6,-1.42054e6,3.56411e-9
1489588080,23483366.661923975,25648016.65476197,2164.650,3.96660e14,0.4869,2.85800e6,-1.43242e6,3.59396e-9
1489588110,23481320.604895268,25665111.14931754,2183.791,3.95621e14,0.7475,2.87783e6,-1.44424e6,3.62364e-9
1489588140,23479378.93970847,25682239.251735188,2202.860,3.98240e14,0.0905,2.91082e6,-1.45599e6,3.65315e-9
1489588170,23477541.746286698,25699400.531985227,2221.859,4.14163e14,3.9044,2.99282e6,-1.46767e6,3.68248e-9
1489588200,23475809.10029638,25716594.56083965,2240.785,4.17184e14,4.6623,3.02772e6,-1.47928e6,3.71164e-9
1489588230,23474181.0731218,25733820.90985473,2259.640,4.04081e14,1.3750,3.00234e6,-1.49083e6,3.74063e-9
1489588260,23472657.73190985,25751079.15148124,2278.421,3.98483e14,0.0295,3.00435e6,-1.50230e6,3.76944e-9
1489588290,23471239.13950918,25768368.858981237,2297.130,4.05053e14,1.6189,3.05212e6,-1.51370e6,3.79807e-9
1489588320,23469925.354480322,25785689.60647229,2315.764,4.04684e14,1.5262,3.07356e6,-1.52503e6,3.82652e-9
1489588350,23468716.43108904,25803040.968940284,2334.325,3.97337e14,0.3170,3.06794e6,-1.53629e6,3.85479e-9
1489588380,23467612.419300023,25820422.522251952,2352.810,3.96655e14,0.4882,3.08764e6,-1.54747e6,3.88289e-9
1489588410,23466613.36477119,25837833.843167264,2371.220,3.95963e14,0.6617,3.10712e6,-1.55859e6,3.91080e-9
1489588440,23465719.308848385,25855274.50935149,2389.555,4.02739e14,1.0382,3.15583e6,-1.56963e6,3.93853e-9
1489588470,23464930.288560618,25872744.099387176,2407.814,4.03567e14,1.2459,3.18118e6,-1.58060e6,3.96608e-9
1489588500,23464246.336615816,25890242.192785803,2425.996,3.98524e14,0.0192,3.18298e6,-1.59150e6,3.99344e-9
1489588530,23463667.48140947,25907768.37001718,2444.101,3.97108e14,0.3744,3.19894e6,-1.60232e6,4.02062e-9
1489588560,23463193.746982545,25925322.212465722,2462.128,3.97739e14,0.2162,3.22297e6,-1.61307e6,4.04762e-9
1489588590,23462825.153058056,25942903.302496735,2480.078,3.96265e14,0.5858,3.23830e6,-1.62375e6,4.07443e-9
1489588620,23462561.71502601,25960511.223449644,2497.950,3.92013e14,1.6526,3.24201e6,-1.63435e6,4.10105e-9
1489588650,23462403.44394174,25978145.55964884,2515.742,3.96348e14,0.5652,3.28079e6,-1.64487e6,4.12748e-9
1489588680,23462350.346524555,25995805.896414343,2533.456,3.99466e14,0.2171,3.31460e6,-1.65533e6,4.15373e-9
1489588710,23462402.42515716,26013491.82007242,2551.089,4.01212e14,0.6551,3.34268e6,-1.66570e6,4.17979e-9
1489588740,23462559.677885287,26031202.91796577,2568.643,4.05020e14,1.6105,3.37938e6,-1.67600e6,4.20566e-9
1489588770,23462822.09841801,26048938.77846377,2586.117,4.05185e14,1.6519,3.40070e6,-1.68623e6,4.23134e-9
1489588800,23463189.67612844,26066698.99097234,2603.509,4.00232e14,0.4092,3.40010e6,-1.69638e6,4.25683e-9
1489588830,23463662.396048676,26084483.14594226,2620.821,3.96090e14,0.6299,3.40256e6,-1.70645e6,4.28212e-9
1489588860,23464240.238891147,26102290.83488346,2638.051,4.00739e14,0.5365,3.44252e6,-1.71645e6,4.30723e-9
1489588890,23464923.181030676,26120121.6503696,2655.198,4.04373e14,1.4482,3.47817e6,-1.72637e6,4.33214e-9
1489588920,23465711.19451371,26137975.18604885,2672.264,3.97054e14,0.3881,3.46612e6,-1.73621e6,4.35686e-9
1489588950,23466604.247061454,26155851.03665292,2689.247,3.94380e14,1.0587,3.47391e6,-1.74598e6,4.38139e-9
1489588980,23467602.302073453,26173748.798005853,2706.146,3.99917e14,0.3303,3.51759e6,-1.75567e6,4.40572e-9
1489589010,23468705.31863171,26191668.067032773,2722.963,4.01843e14,0.8134,3.54538e6,-1.76528e6,4.42985e-9
1489589040,23469913.25150524,26209608.441768255,2739.695,4.04655e14,1.5190,3.57706e6,-1.77481e6,4.45380e-9
1489589070,23471226.05115518,26227569.521364648,2756.343,4.02732e14,1.0364,3.58752e6,-1.78427e6,4.47754e-9
1489589100,23472643.663740274,26245550.906100173,2772.907,4.01600e14,0.7526,3.60128e6,-1.79364e6,4.50109e-9
1489589130,23474166.031120434,26263552.197378542,2789.386,3.96196e14,0.6031,3.59551e6,-1.80294e6,4.52444e-9
1489589160,23475793.09087079,26281572.997762274,2805.780,3.90677e14,1.9879,3.58880e6,-1.81216e6,4.54760e-9
1489589190,23477524.776281483,26299612.910954636,2822.088,3.92874e14,1.4366,3.61696e6,-1.82131e6,4.57055e-9
1489589220,23479361.016367413,26317671.541815322,2838.311,3.95409e14,0.8008,3.64661e6,-1.83037e6,4.59331e-9
1489589250,23481301.73587611,26335748.49636749,2854.447,4.02899e14,1.0785,3.69909e6,-1.83935e6,4.61588e-9
1489589280,23483346.855296176,26353843.381804798,2870.497,4.01172e14,0.6450,3.70899e6,-1.84826e6,4.63824e-9
1489589310,23485496.290866166,26371955.80649817,2886.460,3.95706e14,0.7261,3.70123e6,-1.85708e6,4.66040e-9
1489589340,23487749.954583928,26390085.38000245,2902.335,4.00865e14,0.5681,3.74283e6,-1.86583e6,4.68237e-9
1489589370,23490107.75421638,26408231.71306286,2918.124,4.01168e14,0.6441,3.76164e6,-1.87450e6,4.70413e-9
1489589400,23492569.59330984,26426394.417621266,2933.825,4.01965e14,0.8442,3.78265e6,-1.88308e6,4.72570e-9
1489589430,23495135.3712104,26444573.10682962,2949.438,4.05965e14,1.8477,3.81873e6,-1.89159e6,4.74706e-9
1489589460,23497804.98304557,26462767.395033624,2964.962,3.99330e14,0.1831,3.80412e6,-1.90002e6,4.76822e-9
1489589490,23500578.31976529,26480976.897800863,2980.399,3.94627e14,0.9969,3.79831e6,-1.90837e6,4.78919e-9
1489589520,23503455.268144667,26499201.231919352,2995.746,3.95607e14,0.7509,3.81949e6,-1.91664e6,4.80995e-9
1489589550,23506435.710796643,26517440.015403107,3011.004,3.96430e14,0.5445,3.83978e6,-1.92482e6,4.83051e-9
1489589580,23509519.5261851,26535692.867497563,3026.173,3.99275e14,0.1692,3.86976e6,-1.93293e6,4.85087e-9
1489589610,23512706.588638395,26553959.408684902,3041.253,3.96970e14,0.4091,3.87461e6,-1.94096e6,4.87103e-9
1489589640,23515996.76836331,26572239.260689136,3056.242,3.96958e14,0.4120,3.89042e6,-1.94890e6,4.89098e-9
1489589670,23519389.9314595,26590532.046481136,3071.142,4.00010e14,0.3536,3.92112e6,-1.95677e6,4.91074e-9
1489589700,23522885.939934354,26608837.390283514,3085.951,4.02806e14,1.0551,3.95051e6,-1.96456e6,4.93029e-9
1489589730,23526484.651705306,26627154.917575043,3100.670,4.02379e14,0.9479,3.96389e6,-1.97226e6,4.94964e-9
1489589760,23530185.920655303,26645484.25509598,3115.298,4.01876e14,0.8218,3.97673e6,-1.97989e6,4.96879e-9
1489589790,23533989.596609224,26663825.030851748,3129.835,4.01405e14,0.7035,3.98953e6,-1.98743e6,4.98774e-9
1489589820,23537895.525363144,26682176.874117434,3144.281,3.98492e14,0.0271,3.98994e6,-1.99490e6,5.00648e-9
1489589850,23541903.548701126,26700539.41544198,3158.636,3.98917e14,0.0793,4.00685e6,-2.00228e6,5.02502e-9
1489589880,23546013.504412487,26718912.286652125,3172.899,3.99058e14,0.1149,4.02218e6,-2.00959e6,5.04336e-9
1489589910,23550225.22630947,26737295.120856356,3187.070,4.03224e14,1.1599,4.05772e6,-2.01681e6,5.06150e-9
1489589940,23554538.54424523,26755687.55244853,3201.149,4.04066e14,1.3711,4.07637e6,-2.02395e6,5.07943e-9
1489589970,23558953.2841323,26774089.217111543,3215.136,3.91052e14,1.8938,4.02427e6,-2.03101e6,5.09716e-9
1489590000,23563469.26796144,26792499.751820754,3229.030,3.87651e14,2.7470,4.02071e6,-2.03799e6,5.11469e-9
1489590030,23568086.313827783,26810918.79484416,3242.832,3.99395e14,0.1994,4.09460e6,-2.04489e6,5.13202e-9
1489590060,23572804.235929046,26829345.98575524,3256.542,3.98485e14,0.0289,4.10357e6,-2.05171e6,5.14915e-9
1489590090,23577622.844606925,26847780.965426352,3270.158,3.99639e14,0.2606,4.12302e6,-2.05845e6,5.16607e-9
1489590120,23582541.946360618,26866223.37603474,3283.681,4.04957e14,1.5946,4.16392e6,-2.06511e6,5.18279e-9
1489590150,23587561.343867615,26884672.86106534,3297.112,3.99940e14,0.3362,4.15111e6,-2.07169e6,5.19931e-9
1489590180,23592680.836004872,26903129.06531334,3310.448,4.00143e14,0.3869,4.16519e6,-2.07819e6,5.21563e-9
1489590210,23597900.217870366,26921591.634886727,3323.691,4.00822e14,0.5574,4.18161e6,-2.08461e6,5.23175e-9
1489590240,23603219.28080498,26940060.21720867,3336.841,3.98072e14,0.1326,4.17989e6,-2.09095e6,5.24766e-9
1489590270,23608637.812414788,26958534.461019736,3349.897,4.00142e14,0.3866,4.20330e6,-2.09720e6,5.26337e-9
1489590300,23614155.596593622,26977014.01638007,3362.858,4.01280e14,0.6723,4.22170e6,-2.10338e6,5.27889e-9
1489590330,23619772.41355172,26995498.534669217,3375.726,3.95658e14,0.7381,4.20418e6,-2.10948e6,5.29420e-9
1489590360,23625488.039821632,27013987.668594737,3388.500,3.93550e14,1.2670,4.20498e6,-2.11550e6,5.30931e-9
1489590390,23631302.248299245,27032481.0721872,3401.179,3.96073e14,0.6340,4.23022e6,-2.12144e6,5.32422e-9
1489590420,23637214.808262132,27050978.40080408,3413.764,3.94960e14,0.9133,4.23596e6,-2.12730e6,5.33893e-9
1489590450,23643225.48539389,27069479.31113127,3426.254,4.02082e14,0.8734,4.28560e6,-2.13308e6,5.35344e-9
1489590480,23649334.04180871,27087983.461184565,3438.649,4.03163e14,1.1446,4.30285e6,-2.13878e6,5.36775e-9
1489590510,23655540.23607635,27106490.510310985,3450.950,3.95042e14,0.8926,4.27046e6,-2.14440e6,5.38186e-9
1489590540,23661843.823247302,27125000.119190026,3463.156,3.97249e14,0.3390,4.29340e6,-2.14994e6,5.39577e-9
1489590570,23668244.5548783,27143511.94983482,3475.267,3.98434e14,0.0418,4.31072e6,-2.15540e6,5.40949e-9
1489590600,23674742.179058086,27162025.665593177,3487.283,3.93365e14,1.3135,4.29400e6,-2.16078e6,5.42300e-9
1489590630,23681336.4404153,27180540.93116196,3499.204,3.96468e14,0.5349,4.32142e6,-2.16609e6,5.43632e-9
1489590660,23688027.080200776,27199057.412546556,3511.030,3.95598e14,0.7531,4.32710e6,-2.17131e6,5.44944e-9
1489590690,23694813.836258013,27217574.77710322,3522.761,3.93167e14,1.3633,4.32408e6,-2.17646e6,5.46236e-9
1489590720,23701696.443068042,27236092.693526335,3534.396,3.98756e14,0.0391,4.36475e6,-2.18153e6,5.47509e-9
1489590750,23708674.63177634,27254610.831849188,3545.936,4.00712e14,0.5298,4.38547e6,-2.18652e6,5.48762e-9
1489590780,23715748.13022005,27273128.863444414,3557.381,3.94949e14,0.9162,4.36363e6,-2.19143e6,5.49995e-9
1489590810,23722916.662955433,27291646.461024616,3568.730,3.96611e14,0.4992,4.38242e6,-2.19627e6,5.51208e-9
1489590840,23730179.951285545,27310163.298642665,3579.983,4.00814e14,0.5553,4.41513e6,-2.20102e6,5.52403e-9
1489590870,23737537.71328817,27328679.051692,3591.141,4.00938e14,0.5864,4.42520e6,-2.20570e6,5.53577e-9
1489590900,23744989.663843982,27347193.396906808,3602.204,3.99762e14,0.2915,4.42791e6,-2.21030e6,5.54732e-9
1489590930,23752535.514688153,27365706.012337875,3613.170,3.98634e14,0.0085,4.43071e6,-2.21483e6,5.55868e-9
1489590960,23760174.97436748,27384216.577427335,3624.042,3.99415e14,0.2044,4.44396e6,-2.21927e6,5.56985e-9
1489590990,23767907.74834094,27402724.77293348,3634.817,3.94020e14,1.1492,4.42260e6,-2.22365e6,5.58082e-9
1489591020,23775733.538985666,27421230.280954752,3645.497,3.94029e14,1.1467,4.43119e6,-2.22794e6,5.59160e-9
1489591050,23783652.045626465,27439732.784929164,3656.081,3.94740e14,0.9686,4.44356e6,-2.23216e6,5.60218e-9
1489591080,23791662.964565467,27458231.969633766,3666.569,4.00491e14,0.4744,4.48409e6,-2.23630e6,5.61258e-9
1489591110,23799765.989111964,27476727.521184016,3676.962,4.03885e14,1.3258,4.51132e6,-2.24036e6,5.62278e-9
1489591140,23807960.80961239,27495219.12703303,3687.258,3.98085e14,0.1294,4.48668e6,-2.24435e6,5.63280e-9
1489591170,23816247.11348064,27513706.47597075,3697.459,3.94330e14,1.0714,4.47332e6,-2.24827e6,5.64262e-9
1489591200,23824624.585228324,27532189.258123122,3707.565,3.96813e14,0.4485,4.49499e6,-2.25211e6,5.65226e-9
1489591230,23833092.906474408,27550667.164981034,3717.574,3.94930e14,0.9207,4.49185e6,-2.25587e6,5.66170e-9
1489591260,23841651.756040644,27569139.88930709,3727.488,3.92615e14,1.5015,4.48607e6,-2.25956e6,5.67096e-9
1489591290,23850300.809917357,27587607.125227075,3737.306,4.00606e14,0.5030,4.53863e6,-2.26317e6,5.68003e-9
1489591320,23859039.74131537,27606068.56819915,3747.029,4.05069e14,1.6228,4.57111e6,-2.26671e6,5.68892e-9
1489591350,23867868.220696885,27624523.915012836,3756.656,4.02515e14,0.9820,4.56355e6,-2.27018e6,5.69761e-9
1489591380,23876785.91580663,27642972.863787975,3766.187,4.01543e14,0.7383,4.56483e6,-2.27357e6,5.70612e-9
1489591410,23885792.49170302,27661415.113973726,3775.623,4.00588e14,0.4985,4.56603e6,-2.27689e6,5.71445e-9
1489591440,23894887.610789496,27679850.366347272,3784.963,3.96764e14,0.4608,4.55065e6,-2.28013e6,5.72259e-9
1489591470,23904070.932845954,27698278.323012695,3794.207,4.00975e14,0.5958,4.58111e6,-2.28330e6,5.73055e-9
1489591500,23913342.11506029,27716698.687399566,3803.357,3.99926e14,0.3324,4.58131e6,-2.28640e6,5.73833e-9
1489591530,23922700.812078875,27735111.164233632,3812.410,3.98735e14,0.0338,4.58053e6,-2.28943e6,5.74592e-9
1489591560,23932146.675980184,27753515.459621746,3821.369,4.01870e14,0.8202,4.60447e6,-2.29238e6,5.75333e-9
1489591590,23941679.356365062,27771911.28096357,3830.232,3.97919e14,0.1711,4.58750e6,-2.29526e6,5.76056e-9
1489591620,23951298.50036993,27790298.336977813,3839.000,3.97681e14,0.2308,4.59174e6,-2.29807e6,5.76761e-9
1489591650,23961003.752698828,27808676.33770038,3847.673,3.97757e14,0.2117,4.59765e6,-2.30081e6,5.77448e-9
1489591680,23970794.755655717,27827044.99448235,3856.250,3.99475e14,0.2195,4.61291e6,-2.30348e6,5.78117e-9
1489591710,23980671.149176717,27845404.019987997,3864.733,3.99713e14,0.2790,4.61948e6,-2.30607e6,5.78768e-9
1489591740,23990632.57086248,27863753.128192704,3873.121,3.94965e14,0.9121,4.59703e6,-2.30860e6,5.79402e-9
1489591770,24000678.65601057,27882092.034380745,3881.413,3.82879e14,3.9441,4.53182e6,-2.31105e6,5.80017e-9
1489591800,24010809.037647873,27900420.455143105,3889.611,3.85377e14,3.3174,4.55100e6,-2.31344e6,5.80616e-9
1489591830,24021023.34654268,27918738.108392525,3897.715,3.96120e14,0.6223,4.61799e6,-2.31575e6,5.81196e-9
1489591860,24031321.21130031,27937044.71330783,3905.724,3.95890e14,0.6799,4.62113e6,-2.31800e6,5.81759e-9
1489591890,24041702.2583321,27955339.990385287,3913.638,3.99625e14,0.2571,4.64721e6,-2.32017e6,5.82305e-9
1489591920,24052166.111908372,27973623.66141882,3921.458,3.98820e14,0.0550,4.64674e6,-2.32228e6,5.82834e-9
1489591950,24062712.394190885,27991895.449497823,3929.183,4.01233e14,0.6604,4.66489e6,-2.32432e6,5.83345e-9
1489591980,24073340.725265287,28010155.07900478,3936.814,3.96684e14,0.4808,4.64229e6,-2.32629e6,5.83839e-9
1489592010,24084050.723173536,28028402.27561288,3944.352,3.91832e14,1.6979,4.61773e6,-2.32819e6,5.84316e-9
1489592040,24094842.003946353,28046636.76628363,3951.795,3.98423e14,0.0445,4.65991e6,-2.33003e6,5.84776e-9
1489592070,24105714.18163572,28064858.27926437,3959.144,4.00752e14,0.5398,4.67707e6,-2.33179e6,5.85219e-9
1489592100,24116666.868347343,28083066.54408577,3966.400,3.98832e14,0.0580,4.66923e6,-2.33350e6,5.85645e-9
1489592130,24127699.67429633,28101261.291561108,3973.562,3.99306e14,0.1771,4.67528e6,-2.33513e6,5.86055e-9
1489592160,24138812.207767967,28119442.253778223,3980.630,4.00902e14,0.5773,4.68777e6,-2.33670e6,5.86448e-9
1489592190,24150004.075222302,28137609.164102197,3987.605,3.99281e14,0.1708,4.68127e6,-2.33820e6,5.86824e-9
1489592220,24161274.88130343,28155761.757171012,3994.487,3.98982e14,0.0956,4.68239e6,-2.33963e6,5.87184e-9
1489592250,24172624.22887204,28173899.768892772,4001.276,4.00709e14,0.5291,4.69528e6,-2.34100e6,5.87527e-9
1489592280,24184051.719037987,28192022.936443064,4007.971,3.98557e14,0.0110,4.68524e6,-2.34231e6,5.87854e-9
1489592310,24195556.951192882,28210130.998262096,4014.574,3.97891e14,0.1779,4.68380e6,-2.34355e6,5.88164e-9
1489592340,24207139.523042493,28228223.694051806,4021.084,3.94449e14,1.0415,4.66590e6,-2.34472e6,5.88459e-9
1489592370,24218799.030639235,28246300.76477303,4027.502,3.92585e14,1.5090,4.65713e6,-2.34584e6,5.88737e-9
1489592400,24230535.06841452,28264361.95264249,4033.827,4.00606e14,0.5031,4.70645e6,-2.34688e6,5.89000e-9
1489592430,24242347.22918989,28282407.0011051,4040.060,3.99755e14,0.2896,4.70341e6,-2.34787e6,5.89246e-9
1489592460,24254235.10427463,28300435.65490704,4046.201,3.97042e14,0.3909,4.68926e6,-2.34879e6,5.89477e-9
1489592490,24266198.283432167,28318447.660016492,4052.249,3.97260e14,0.3362,4.69226e6,-2.34965e6,5.89692e-9
1489592520,24278236.354933277,28336442.763644923,4058.206,4.00444e14,0.4625,4.71263e6,-2.35045e6,5.89891e-9
1489592550,24290348.905587908,28354420.714243766,4064.072,4.00120e14,0.3812,4.71219e6,-2.35118e6,5.90074e-9
1489592580,24302535.52077692,28372381.261500996,4069.846,3.94424e14,1.0478,4.67991e6,-2.35185e6,5.90243e-9
1489592610,24314795.784483705,28390324.15633775,4075.528,3.94931e14,0.9205,4.68412e6,-2.35246e6,5.90395e-9
1489592640,24327129.27932577,28408249.150904875,4081.120,3.97772e14,0.2079,4.70199e6,-2.35301e6,5.90533e-9
1489592670,24339535.58658614,28426155.998579465,4086.620,4.00710e14,0.5293,4.72032e6,-2.35350e6,5.90655e-9
1489592700,24352014.28624477,28444044.45396144,4092.030,4.00886e14,0.5734,4.72222e6,-2.35393e6,5.90762e-9
1489592730,24364564.957025826,28461914.272914425,4097.349,3.97145e14,0.3650,4.70085e6,-2.35430e6,5.90854e-9
1489592760,24377187.176379118,28479765.212425478,4102.578,3.98133e14,0.1173,4.70731e6,-2.35461e6,5.90931e-9
1489592790,24389880.52056126,28497597.030738622,4107.717,4.04091e14,1.3774,4.74301e6,-2.35487e6,5.90993e-9
1489592820,24402644.564650387,28515409.487307392,4112.765,4.02475e14,0.9720,4.73385e6,-2.35506e6,5.91041e-9
1489592850,24415478.882577177,28533202.342791647,4117.723,3.99232e14,0.1585,4.71495e6,-2.35519e6,5.91073e-9
1489592880,24428383.047155645,28550975.35905431,4122.592,4.00166e14,0.3927,4.72061e6,-2.35527e6,5.91092e-9
1489592910,24441356.630113803,28568728.299158216,4127.372,3.95953e14,0.6642,4.69574e6,-2.35528e6,5.91095e-9
1489592940,24454399.202124327,28586460.92736284,4132.062,3.94644e14,0.9926,4.68792e6,-2.35524e6,5.91084e-9
1489592970,24467510.33283485,28604173.00912096,4136.663,3.99113e14,0.1287,4.71414e6,-2.35515e6,5.91059e-9
1489593000,24480689.59089839,28621864.311075415,4141.175,4.01228e14,0.6592,4.72633e6,-2.35499e6,5.91020e-9
1489593030,24493936.543992728,28639534.601000838,4145.598,3.96322e14,0.5716,4.69691e6,-2.35479e6,5.90966e-9
1489593060,24507250.75888357,28657183.64796927,4149.933,3.95304e14,0.8270,4.69036e6,-2.35452e6,5.90899e-9
1489593090,24520631.801421,28674811.222177368,4154.179,3.99166e14,0.1418,4.71254e6,-2.35420e6,5.90817e-9
1489593120,24534079.23657994,28692417.094997257,4158.338,4.00239e14,0.4112,4.71812e6,-2.35382e6,5.90722e-9
1489593150,24547592.628489636,28710001.03897259,4162.408,4.01407e14,0.7042,4.72415e6,-2.35339e6,5.90612e-9
1489593180,24561171.540462997,28727562.827814594,4166.391,4.05762e14,1.7967,4.74889e6,-2.35290e6,5.90490e-9
1489593210,24574815.535025712,28745102.236398052,4170.287,4.01677e14,0.7718,4.72368e6,-2.35236e6,5.90353e-9
1489593240,24588524.173945323,28762619.040757265,4174.095,3.92050e14,1.6435,4.66566e6,-2.35177e6,5.90203e-9
1489593270,24602297.01825999,28780113.01808205,4177.816,3.96930e14,0.4190,4.69317e6,-2.35112e6,5.90040e-9
1489593300,24616133.628307205,28797583.946713682,4181.450,3.98947e14,0.0870,4.70366e6,-2.35042e6,5.89863e-9
1489593330,24630033.563759834,28815031.60619545,4184.998,3.94455e14,1.0401,4.67566e6,-2.34967e6,5.89673e-9
1489593360,24643996.383631106,28832455.777100388,4188.459,4.02832e14,1.0617,4.72344e6,-2.34886e6,5.89470e-9
1489593390,24658021.646326404,28849856.241195858,4191.835,4.01434e14,0.7109,4.71347e6,-2.34801e6,5.89254e-9
1489593420,24672108.90966361,28867232.78138536,4195.124,3.90084e14,2.1366,4.64479e6,-2.34710e6,5.89025e-9
1489593450,24686257.730900988,28884585.181704998,4198.327,3.97706e14,0.2244,4.68776e6,-2.34614e6,5.88783e-9
1489593480,24700467.666764874,28901913.227319825,4201.446,4.03836e14,1.3134,4.72181e6,-2.34513e6,5.88528e-9
1489593510,24714738.2734772,28919216.704520244,4204.478,3.99854e14,0.3145,4.69625e6,-2.34407e6,5.88260e-9
1489593540,24729069.106782775,28936495.400718424,4207.426,3.99478e14,0.2202,4.69181e6,-2.34295e6,5.87980e-9
1489593570,24743459.721976455,28953749.104444716,4210.289,3.86521e14,3.0304,4.61333e6,-2.34179e6,5.87688e-9
1489593600,24757909.673930023,28970977.6053439,4213.068,3.86572e14,3.0176,4.61124e6,-2.34058e6,5.87383e-9
1489593630,24772418.51711185,28988180.694125026,4215.762,3.98663e14,0.0157,4.67974e6,-2.33932e6,5.87066e-9
1489593660,24786985.805635493,29005358.162701342,4218.372,3.96790e14,0.4542,4.66613e6,-2.33801e6,5.86736e-9
1489593690,24801611.09326375,29022509.804042645,4220.899,3.98059e14,0.1358,4.67086e6,-2.33666e6,5.86395e-9
1489593720,24816293.933442023,29039635.412217736,4223.341,3.98499e14,0.0254,4.67062e6,-2.33525e6,5.86041e-9
1489593750,24831033.879324146,29056734.78239031,4225.701,3.94988e14,0.9062,4.64715e6,-2.33380e6,5.85676e-9
1489593780,24845830.48379817,29073807.710814845,4227.977,4.00394e14,0.4500,4.67580e6,-2.33230e6,5.85298e-9
1489593810,24860683.299511775,29090853.994832408,4230.171,3.97041e14,0.3911,4.65309e6,-2.33076e6,5.84909e-9
1489593840,24875591.87889759,29107873.432866506,4232.282,3.90893e14,1.9337,4.61396e6,-2.32916e6,5.84508e-9
1489593870,24890555.774198275,29124865.824418865,4234.310,3.99871e14,0.3189,4.66316e6,-2.32752e6,5.84096e-9
1489593900,24905574.53749145,29141830.97006533,4236.256,4.01603e14,0.7532,4.66988e6,-2.32584e6,5.83672e-9
1489593930,24920647.720727496,29158768.67148586,4238.121,3.98162e14,0.1100,4.64634e6,-2.32411e6,5.83237e-9
1489593960,24935774.875713393,29175678.73135479,4239.904,3.93826e14,1.1978,4.61751e6,-2.32234e6,5.82790e-9
1489593990,24950955.554177806,29192560.953442466,4241.605,3.94042e14,1.1437,4.61515e6,-2.32052e6,5.82332e-9
1489594020,24966189.30778206,29209415.1425771,4243.226,3.98093e14,0.1272,4.63501e6,-2.31865e6,5.81863e-9
1489594050,24981475.688144024,29226241.104640894,4244.765,4.00446e14,0.4630,4.64487e6,-2.31674e6,5.81383e-9
1489594080,24996814.24686187,29243038.64656611,4246.224,4.01544e14,0.7385,4.64733e6,-2.31479e6,5.80893e-9
1489594110,25012204.535537634,29259807.576331303,4247.603,3.96615e14,0.4981,4.61472e6,-2.31280e6,5.80391e-9
1489594140,25027646.105800442,29276547.70295734,4248.902,3.96462e14,0.5366,4.60975e6,-2.31076e6,5.79878e-9
1489594170,25043138.50932959,29293258.836503603,4250.120,4.01388e14,0.6994,4.63414e6,-2.30868e6,5.79355e-9
1489594200,25058681.29787738,29309940.788064092,4251.259,3.99831e14,0.3087,4.62087e6,-2.30656e6,5.78821e-9
1489594230,25074274.023267914,29326593.369744476,4252.319,4.02542e14,0.9889,4.63220e6,-2.30439e6,5.78277e-9
1489594260,25089916.23749289,29343216.39471707,4253.300,3.95445e14,0.7916,4.58676e6,-2.30219e6,5.77722e-9
1489594290,25105607.492660172,29359809.67715807,4254.202,3.92894e14,1.4316,4.56756e6,-2.29994e6,5.77157e-9
1489594320,25121347.341039322,29376373.032262415,4255.026,4.01886e14,0.8242,4.61485e6,-2.29765e6,5.76582e-9
1489594350,25137135.335083123,29392906.27623991,4255.771,3.97763e14,0.2102,4.58642e6,-2.29533e6,5.75997e-9
1489594380,25152971.027448855,29409409.226311073,4256.438,3.98298e14,0.0758,4.58477e6,-2.29296e6,5.75401e-9
1489594410,25168853.97101937,29425881.700703155,4257.028,4.01739e14,0.7873,4.59973e6,-2.29055e6,5.74796e-9
1489594440,25184783.718923926,29442323.51864599,4257.540,3.97738e14,0.2163,4.57184e6,-2.28810e6,5.74180e-9
1489594470,25200759.824558813,29458734.50036798,4257.975,3.97558e14,0.2616,4.56583e6,-2.28562e6,5.73555e-9
1489594500,25216781.84160781,29475114.467091992,4258.333,3.95860e14,0.6874,4.55106e6,-2.28309e6,5.72921e-9
1489594530,25232849.32409614,29491463.241034113,4258.614,3.99229e14,0.1577,4.56522e6,-2.28053e6,5.72276e-9
1489594560,25248961.826306373,29507780.645390745,4258.819,3.99482e14,0.2211,4.56146e6,-2.27793e6,5.71622e-9
1489594590,25265118.90290251,29524066.50434342,4258.948,3.96582e14,0.5065,4.53961e6,-2.27529e6,5.70959e-9
1489594620,25281320.10891608,29540320.64305187,4259.001,4.00136e14,0.3853,4.55454e6,-2.27261e6,5.70286e-9
1489594650,25297564.99976579,29556542.88764994,4258.978,3.97249e14,0.3392,4.53264e6,-2.26990e6,5.69604e-9
1489594680,25313853.13127686,29572733.06524153,4258.880,3.97300e14,0.3262,4.52744e6,-2.26715e6,5.68913e-9
1489594710,25330184.05970027,29588891.00389659,4258.707,4.03170e14,1.1464,4.55523e6,-2.26437e6,5.68212e-9
1489594740,25346557.3417317,29605016.532647043,4258.459,4.03892e14,1.3274,4.55364e6,-2.26154e6,5.67503e-9
1489594770,25362972.534530252,29621109.4814828,4258.137,3.99400e14,0.2007,4.52243e6,-2.25869e6,5.66785e-9
1489594800,25379429.195736937,29637169.68134774,4257.740,3.97539e14,0.2663,4.50609e6,-2.25579e6,5.66058e-9
1489594830,25395926.883454558,29653196.96414739,4257.270,4.02379e14,0.9481,4.52760e6,-2.25287e6,5.65322e-9
1489594860,25412465.15638399,29669191.162708953,4256.726,3.99241e14,0.1607,4.50393e6,-2.24990e6,5.64577e-9
1489594890,25429043.573723547,29685152.110813323,4256.109,3.96246e14,0.5908,4.48103e6,-2.24691e6,5.63824e-9
1489594920,25445661.6952245,29701079.643179525,4255.418,4.03463e14,1.2200,4.51563e6,-2.24388e6,5.63062e-9
1489594950,25462319.081208114,29716973.59546092,4254.655,4.04105e14,1.3809,4.51306e6,-2.24081e6,5.62292e-9
1489594980,25479015.292582415,29732833.80424129,4253.819,3.99455e14,0.2145,4.48071e6,-2.23772e6,5.61513e-9
1489595010,25495749.89085881,29748660.10703104,4252.910,3.98808e14,0.0521,4.47081e6,-2.23458e6,5.60726e-9
1489595040,25512522.438168343,29764452.342263285,4251.930,4.04724e14,1.5362,4.49760e6,-2.23142e6,5.59931e-9
1489595070,25529332.497277863,29780210.34929005,4250.878,4.04131e14,1.3875,4.48784e6,-2.22823e6,5.59128e-9
1489595100,25546179.63160591,29795933.968378376,4249.754,3.99554e14,0.2393,4.45578e6,-2.22500e6,5.58317e-9
1489595130,25563063.405276366,29811623.04068464,4248.560,3.97428e14,0.2942,4.43739e6,-2.22174e6,5.57498e-9
1489595160,25579983.383017078,29827277.408317953,4247.294,3.95234e14,0.8446,4.41860e6,-2.21845e6,5.56671e-9
1489595190,25596939.13029212,29842896.914269067,4245.958,3.97466e14,0.2846,4.42439e6,-2.21513e6,5.55836e-9
1489595220,25613930.213279393,29858481.40242803,4244.551,3.95265e14,0.8368,4.40547e6,-2.21177e6,5.54993e-9
1489595250,25630956.198885743,29874030.717580244,4243.075,3.94347e14,1.0671,4.39364e6,-2.20839e6,5.54143e-9
1489595280,25648016.65476197,29889544.70540231,4241.528,3.99395e14,0.1995,4.41477e6,-2.20498e6,5.53285e-9
1489595310,25665111.14931754,29905023.212458212,4239.912,3.97985e14,0.1545,4.40008e6,-2.20153e6,5.52420e-9
1489595340,25682239.251735188,29920466.086195115,4238.227,3.97555e14,0.2622,4.39077e6,-2.19806e6,5.51548e-9
1489595370,25699400.531985227,29935873.17493952,4236.473,3.80920e14,4.4357,4.29216e6,-2.19456e6,5.50668e-9
1489595400,25716594.56083965,29951244.327893186,4234.650,3.81301e14,4.3401,4.28735e6,-2.19103e6,5.49780e-9
1489595430,25733820.90985473,29966579.395155326,4232.758,3.97918e14,0.1713,4.37158e6,-2.18747e6,5.48886e-9
1489595460,25751079.15148124,29981878.22763826,4230.799,3.96753e14,0.4635,4.35803e6,-2.18388e6,5.47984e-9
1489595490,25768368.858981237,29997140.677143957,4228.772,3.96250e14,0.5898,4.34805e6,-2.18027e6,5.47076e-9
1489595520,25785689.60647229,30012366.596334297,4226.677,3.97258e14,0.3367,4.34629e6,-2.17662e6,5.46160e-9
1489595550,25803040.968940284,30027555.838727377,4224.515,4.00751e14,0.5396,4.35800e6,-2.17295e6,5.45238e-9
1489595580,25820422.522251952,30042708.258693874,4222.286,3.97041e14,0.3913,4.33038e6,-2.16925e6,5.44309e-9
1489595610,25837833.843167264,30057823.711453367,4219.990,3.96410e14,0.5494,4.31951e6,-2.16553e6,5.43373e-9
1489595640,25855274.50935149,30072902.0530707,4217.628,4.00160e14,0.3913,4.33237e6,-2.16178e6,5.42430e-9
1489595670,25872744.099387176,30087943.140452288,4215.199,4.00606e14,0.5032,4.32721e6,-2.15800e6,5.41481e-9
1489595700,25890242.192785803,30102946.831342574,4212.705,4.00470e14,0.4690,4.31884e6,-2.15420e6,5.40525e-9
1489595730,25907768.37001718,30117912.984295506,4210.145,3.97855e14,0.1869,4.29705e6,-2.15037e6,5.39563e-9
1489595760,25925322.212465722,30132841.45874743,4207.519,3.98494e14,0.0266,4.29278e6,-2.14651e6,5.38594e-9
1489595790,25942903.302496735,30147732.114936877,4204.829,3.99830e14,0.3084,4.29219e6,-2.14263e6,5.37620e-9
1489595820,25960511.223449644,30162584.813925523,4202.074,4.03646e14,1.2657,4.30485e6,-2.13873e6,5.36639e-9
1489595850,25978145.55964884,30177399.417594373,4199.254,4.01623e14,0.7582,4.28610e6,-2.13480e6,5.35651e-9
1489595880,25995805.896414343,30192175.788639907,4196.370,3.99133e14,0.1336,4.26484e6,-2.13084e6,5.34658e-9
1489595910,26013491.82007242,30206913.79057036,4193.422,3.91472e14,1.7884,4.21599e6,-2.12687e6,5.33659e-9
1489595940,26031202.91796577,30221613.287701864,4190.410,3.85272e14,3.3437,4.17503e6,-2.12287e6,5.32653e-9
1489595970,26048938.77846377,30236274.145154707,4187.335,3.93759e14,1.2145,4.21223e6,-2.11884e6,5.31642e-9
1489596000,26066698.99097234,30250896.2288495,4184.197,4.00755e14,0.5405,4.24130e6,-2.11479e6,5.30625e-9
1489596030,26084483.14594226,30265479.405524224,4180.996,4.02675e14,1.0221,4.24330e6,-2.11072e6,5.29602e-9
1489596060,26102290.83488346,30280023.542666584,4177.733,3.99456e14,0.2145,4.21805e6,-2.10663e6,5.28574e-9
1489596090,26120121.6503696,30294528.508574232,4174.407,3.96196e14,0.6033,4.19260e6,-2.10251e6,5.27540e-9
1489596120,26137975.18604885,30308994.172330547,4171.019,3.99663e14,0.2665,4.20260e6,-2.09837e6,5.26500e-9
1489596150,26155851.03665292,30323420.403801132,4167.569,3.97978e14,0.1561,4.18541e6,-2.09421e6,5.25455e-9
1489596180,26173748.798005853,30337807.073630214,4164.058,3.96130e14,0.6198,4.16736e6,-2.09003e6,5.24405e-9
1489596210,26191668.067032773,30352154.0532373,4160.486,4.01384e14,0.6983,4.18647e6,-2.08583e6,5.23349e-9
1489596240,26209608.441768255,30366461.214813594,4156.853,3.96976e14,0.4075,4.15496e6,-2.08160e6,5.22288e-9
1489596270,26227569.521364648,30380728.431318544,4153.159,3.95209e14,0.8507,4.13728e6,-2.07736e6,5.21221e-9
1489596300,26245550.906100173,30394955.57647643,4149.405,3.96819e14,0.4469,4.13715e6,-2.07309e6,5.20150e-9
1489596330,26263552.197378542,30409142.52475658,4145.590,4.02447e14,0.9649,4.15780e6,-2.06881e6,5.19073e-9
1489596360,26281572.997762274,30423289.151420213,4141.716,4.07114e14,2.1359,4.17332e6,-2.06450e6,5.17992e-9
1489596390,26299612.910954636,30437395.332466666,4137.782,4.00236e14,0.4104,4.12902e6,-2.06018e6,5.16905e-9
1489596420,26317671.541815322,30451460.94464618,4133.789,3.96800e14,0.4518,4.10258e6,-2.05583e6,5.15814e-9
1489596450,26335748.49636749,30465485.865456283,4129.737,4.00298e14,0.4258,4.11187e6,-2.05147e6,5.14717e-9
1489596480,26353843.381804798,30479469.97313834,4125.627,4.00434e14,0.4599,4.10377e6,-2.04708e6,5.13616e-9
1489596510,26371955.80649817,30493413.146673996,4121.457,4.00430e14,0.4590,4.09492e6,-2.04268e6,5.12510e-9
1489596540,26390085.38000245,30507315.26578168,4117.230,4.00420e14,0.4565,4.08601e6,-2.03826e6,5.11400e-9
1489596570,26408231.71306286,30521176.21091311,4112.944,3.97493e14,0.2778,4.06216e6,-2.03382e6,5.10284e-9
1489596600,26426394.417621266,30534995.863249797,4108.601,3.98521e14,0.0198,4.05849e6,-2.02936e6,5.09165e-9
1489596630,26444573.10682962,30548774.10471019,4104.201,4.02090e14,0.8754,4.06766e6,-2.02488e6,5.08040e-9
1489596660,26462767.395033624,30562510.81791361,4099.743,4.00512e14,0.4795,4.05063e6,-2.02039e6,5.06912e-9
1489596690,26480976.897800863,30576205.88620943,4095.229,3.94434e14,1.0452,4.01085e6,-2.01588e6,5.05779e-9
1489596720,26499201.231919352,30589859.193663295,4090.658,3.96323e14,0.5714,4.01136e6,-2.01135e6,5.04641e-9
1489596750,26517440.015403107,30603470.625053726,4086.031,4.00172e14,0.3942,4.02167e6,-2.00681e6,5.03500e-9
1489596780,26535692.867497563,30617040.06586879,4081.347,3.95179e14,0.8584,3.98744e6,-2.00225e6,5.02354e-9
1489596810,26553959.408684902,30630567.40230294,4076.608,3.98457e14,0.0360,3.99475e6,-1.99767e6,5.01204e-9
1489596840,26572239.260689136,30644052.521253664,4071.813,4.03430e14,1.2117,4.01043e6,-1.99307e6,5.00050e-9
1489596870,26590532.046481136,30657495.31031827,4066.963,3.97441e14,0.2909,3.97126e6,-1.98846e6,4.98892e-9
1489596900,26608837.390283514,30670895.65779066,4062.058,3.91965e14,1.6647,3.93476e6,-1.98383e6,4.97730e-9
1489596930,26627154.917575043,30684253.45265728,4057.099,3.95390e14,0.8055,3.94255e6,-1.97919e6,4.96564e-9
1489596960,26645484.25509598,30697568.584596604,4052.084,3.95263e14,0.8374,3.93264e6,-1.97453e6,4.95394e-9
1489596990,26663825.030851748,30710840.943973172,4047.016,3.95192e14,0.8550,3.92298e6,-1.96986e6,4.94220e-9
1489597020,26682176.874117434,30724070.42183539,4041.894,4.07116e14,2.1364,3.97243e6,-1.96517e6,4.93043e-9
1489597050,26700539.41544198,30737256.909912266,4036.717,4.06161e14,1.8967,3.95822e6,-1.96047e6,4.91862e-9
1489597080,26718912.286652125,30750400.300610326,4031.488,3.99406e14,0.2021,3.91555e6,-1.95575e6,4.90677e-9
1489597110,26737295.120856356,30763500.487010464,4026.205,3.99651e14,0.2636,3.90727e6,-1.95102e6,4.89489e-9
1489597140,26755687.55244853,30776557.362864807,4020.870,3.98008e14,0.1486,3.88973e6,-1.94627e6,4.88297e-9
1489597170,26774089.217111543,30789570.822593547,4015.482,4.07132e14,2.1403,3.92466e6,-1.94151e6,4.87101e-9
1489597200,26792499.751820754,30802540.761281867,4010.041,4.08727e14,2.5405,3.92275e6,-1.93674e6,4.85902e-9
1489597230,26810918.79484416,30815467.074665535,4004.548,3.97180e14,0.3565,3.85708e6,-1.93195e6,4.84700e-9
1489597260,26829345.98575524,30828349.65916248,3999.004,3.97379e14,0.3065,3.84846e6,-1.92715e6,4.83494e-9
1489597290,26847780.965426352,30841188.41183508,3993.407,4.00592e14,0.4996,3.85433e6,-1.92234e6,4.82285e-9
1489597320,26866223.37603474,30853983.230398092,3987.760,3.95454e14,0.7893,3.81994e6,-1.91751e6,4.81073e-9
1489597350,26884672.86106534,30866734.013215575,3982.061,3.98776e14,0.0440,3.82623e6,-1.91267e6,4.79858e-9
1489597380,26903129.06531334,30879440.659297686,3976.312,3.99432e14,0.2086,3.81965e6,-1.90782e6,4.78639e-9
1489597410,26921591.634886727,30892103.068297632,3970.511,3.96615e14,0.4982,3.79646e6,-1.90295e6,4.77417e-9
1489597440,26940060.21720867,30904721.140508436,3964.661,4.01626e14,0.7589,3.81059e6,-1.89808e6,4.76193e-9
1489597470,26958534.461019736,30917294.77685997,3958.760,3.99560e14,0.2407,3.79095e6,-1.89319e6,4.74965e-9
1489597500,26977014.01638007,30929823.878915787,3952.810,4.00307e14,0.4281,3.78467e6,-1.88828e6,4.73734e-9
1489597530,26995498.534669217,30942308.348890707,3946.810,4.01848e14,0.8146,3.78210e6,-1.88337e6,4.72500e-9
1489597560,27013987.668594737,30954748.08958434,3940.760,3.97243e14,0.3407,3.75051e6,-1.87845e6,4.71264e-9
1489597590,27032481.0721872,30967143.004441645,3934.662,3.98203e14,0.0997,3.74516e6,-1.87351e6,4.70024e-9
1489597620,27050978.40080408,30979492.997529525,3928.515,4.04850e14,1.5679,3.76643e6,-1.86857e6,4.68782e-9
1489597650,27069479.31113127,30991797.97353401,3922.319,4.02751e14,1.0412,3.74662e6,-1.86361e6,4.67537e-9
1489597680,27087983.461184565,31004057.837757483,3916.074,3.99182e14,0.1459,3.71998e6,-1.85864e6,4.66290e-9
1489597710,27106490.510310985,31016272.496115915,3909.782,4.00673e14,0.5201,3.71695e6,-1.85366e6,4.65039e-9
1489597740,27125000.119190026,31028441.855136078,3903.442,4.04221e14,1.4100,3.72339e6,-1.84867e6,4.63786e-9
1489597770,27143511.94983482,31040565.821952835,3897.054,3.99698e14,0.2753,3.69240e6,-1.84367e6,4.62531e-9
1489597800,27162025.665593177,31052644.304306343,3890.619,3.94559e14,1.0140,3.65865e6,-1.83866e6,4.61273e-9
1489597830,27180540.93116196,31064677.21051586,3884.136,3.94048e14,1.1422,3.64631e6,-1.83364e6,4.60012e-9
1489597860,27199057.412546556,31076664.449549526,3877.607,3.97560e14,0.2610,3.65241e6,-1.82861e6,4.58749e-9
1489597890,27217574.77710322,31088605.930948846,3871.031,4.04075e14,1.3734,3.67215e6,-1.82357e6,4.57484e-9
1489597920,27236092.693526335,31100501.56484943,3864.409,4.03915e14,1.3332,3.66125e6,-1.81852e6,4.56216e-9
1489597950,27254610.831849188,31112351.261978026,3857.740,3.99226e14,0.1570,3.62973e6,-1.81346e6,4.54946e-9
1489597980,27273128.863444414,31124154.933649678,3851.026,4.00683e14,0.5225,3.62619e6,-1.80840e6,4.53674e-9
1489598010,27291646.461024616,31135912.491764933,3844.266,4.04207e14,1.4065,3.63195e6,-1.80332e6,4.52399e-9
1489598040,27310163.298642665,31147623.848806866,3837.461,3.97972e14,0.1576,3.59358e6,-1.79824e6,4.51123e-9
1489598070,27328679.051692,31159288.917838365,3830.610,3.93397e14,1.3055,3.56281e6,-1.79314e6,4.49844e-9
1489598100,27347193.396906808,31170907.61249923,3823.714,3.97101e14,0.3762,3.56929e6,-1.78804e6,4.48563e-9
1489598130,27365706.012337875,31182479.847023405,3816.774,4.02987e14,1.1004,3.58541e6,-1.78293e6,4.47280e-9
1489598160,27384216.577427335,31194005.536174547,3809.789,4.03747e14,1.2911,3.57850e6,-1.77781e6,4.45994e-9
1489598190,27402724.77293348,31205484.59530526,3802.760,4.04350e14,1.4424,3.57086e6,-1.77268e6,4.44707e-9
1489598220,27421230.280954752,31216916.940334365,3795.687,4.06646e14,2.0184,3.57069e6,-1.76755e6,4.43418e-9
1489598250,27439732.784929164,31228302.48774443,3788.570,4.01437e14,0.7117,3.53727e6,-1.76241e6,4.42127e-9
1489598280,27458231.969633766,31239641.154579155,3781.409,3.94991e14,0.9055,3.49851e6,-1.75726e6,4.40834e-9
1489598310,27476727.521184016,31250932.858440943,3774.205,3.99495e14,0.2245,3.50804e6,-1.75210e6,4.39539e-9
1489598340,27495219.12703303,31262177.51748831,3766.958,4.04241e14,1.4151,3.51849e6,-1.74694e6,4.38242e-9
1489598370,27513706.47597075,31273375.050433464,3759.669,3.99934e14,0.3345,3.48925e6,-1.74176e6,4.36944e-9
1489598400,27532189.258123122,31284525.37653979,3752.336,3.97630e14,0.2436,3.46883e6,-1.73658e6,4.35644e-9
1489598430,27550667.164981034,31295628.415607095,3744.961,4.02353e14,0.9415,3.47899e6,-1.73140e6,4.34342e-9
1489598460,27569139.88930709,31306684.088007268,3737.544,4.02851e14,1.0665,3.47071e6,-1.72621e6,4.33038e-9
1489598490,27587607.125227075,31317692.314643387,3730.085,3.95848e14,0.6906,3.43001e6,-1.72101e6,4.31733e-9
1489598520,27606068.56819915,31328653.016959727,3722.584,3.92072e14,1.6378,3.40338e6,-1.71580e6,4.30426e-9
1489598550,27624523.915012836,31339566.11693918,3715.042,3.94439e14,1.0441,3.40319e6,-1.71059e6,4.29117e-9
1489598580,27642972.863787975,31350431.537100784,3707.459,3.94978e14,0.9087,3.39512e6,-1.70537e6,4.27807e-9
1489598610,27661415.113973726,31361249.20049729,3699.834,3.93266e14,1.3383,3.37741e6,-1.70015e6,4.26496e-9
1489598640,27679850.366347272,31372019.03071257,3692.169,3.99850e14,0.3136,3.39501e6,-1.69492e6,4.25182e-9
1489598670,27698278.323012695,31382740.951859236,3684.463,4.03182e14,1.1494,3.39864e6,-1.68968e6,4.23868e-9
1489598700,27716698.687399566,31393414.88857616,3676.716,4.07534e14,2.2413,3.40648e6,-1.68444e6,4.22552e-9
1489598730,27735111.164233632,31404040.766031962,3668.930,4.05161e14,1.6459,3.38587e6,-1.67919e6,4.21235e-9
1489598760,27753515.459621746,31414618.509904236,3661.103,3.97008e14,0.3995,3.34104e6,-1.67394e6,4.19916e-9
1489598790,27771911.28096357,31425148.04639575,3653.237,4.03053e14,1.1170,3.35584e6,-1.66868e6,4.18596e-9
1489598820,27790298.336977813,31435629.302226,3645.331,4.00119e14,0.3810,3.33301e6,-1.66342e6,4.17274e-9
1489598850,27808676.33770038,31446062.204628915,3637.386,3.93594e14,1.2560,3.29531e6,-1.65815e6,4.15952e-9
1489598880,27827044.99448235,31456446.6813505,3629.402,3.97627e14,0.2442,3.30154e6,-1.65287e6,4.14628e-9
1489598910,27845404.019987997,31466782.660646576,3621.379,3.97543e14,0.2653,3.29065e6,-1.64759e6,4.13303e-9
1489598940,27863753.128192704,31477070.07128043,3613.317,3.95659e14,0.7380,3.27233e6,-1.64231e6,4.11976e-9
1489598970,27882092.034380745,31487308.84252057,3605.217,4.21132e14,5.6525,3.36639e6,-1.63702e6,4.10649e-9
1489599000,27900420.455143105,31497498.904138412,3597.078,4.24377e14,6.4667,3.36879e6,-1.63173e6,4.09320e-9
1489599030,27918738.108392525,31507640.186401226,3588.902,4.00444e14,0.4625,3.26021e6,-1.62643e6,4.07990e-9
1489599060,27937044.71330783,31517732.620084893,3580.688,4.00217e14,0.4056,3.24865e6,-1.62113e6,4.06660e-9
1489599090,27955339.990385287,31527776.13645638,3572.436,3.98640e14,0.0099,3.23163e6,-1.61583e6,4.05328e-9
1489599120,27973623.66141882,31537770.667276584,3564.147,3.93737e14,1.2201,3.20120e6,-1.61052e6,4.03995e-9
1489599150,27991895.449497823,31547716.144797955,3555.821,3.95525e14,0.7717,3.19783e6,-1.60520e6,4.02661e-9
1489599180,28010155.07900478,31557612.501762316,3547.457,4.01806e14,0.8043,3.21244e6,-1.59989e6,4.01326e-9
1489599210,28028402.27561288,31567459.671398733,3539.057,4.03145e14,1.1402,3.20711e6,-1.59457e6,3.99990e-9
1489599240,28046636.76628363,31577257.58742119,3530.621,3.96130e14,0.6199,3.16843e6,-1.58924e6,3.98654e-9
1489599270,28064858.27926437,31587006.184026465,3522.148,3.93821e14,1.1991,3.14863e6,-1.58391e6,3.97316e-9
1489599300,28083066.54408577,31596705.395892024,3513.639,3.99277e14,0.1698,3.15963e6,-1.57858e6,3.95978e-9
1489599330,28101261.291561108,31606355.158180345,3505.094,4.01526e14,0.7339,3.15782e6,-1.57324e6,3.94638e-9
1489599360,28119442.253778223,31615955.40651668,3496.513,3.94976e14,0.9092,3.12134e6,-1.56791e6,3.93298e-9
1489599390,28137609.164102197,31625506.077007264,3487.897,3.93262e14,1.3392,3.10399e6,-1.56256e6,3.91957e-9
1489599420,28155761.757171012,31635007.106230684,3479.245,3.94808e14,0.9515,3.09940e6,-1.55722e6,3.90616e-9
1489599450,28173899.768892772,31644458.431235883,3470.559,3.94652e14,0.9907,3.08815e6,-1.55187e6,3.89273e-9
1489599480,28192022.936443064,31653859.989540108,3461.837,3.99541e14,0.2360,3.09646e6,-1.54652e6,3.87930e-9
1489599510,28210130.998262096,31663211.71912699,3453.081,3.98633e14,0.0082,3.08223e6,-1.54117e6,3.86586e-9
1489599540,28228223.694051806,31672513.55844452,3444.290,4.01152e14,0.6402,3.08122e6,-1.53581e6,3.85242e-9
1489599570,28246300.76477303,31681765.446403123,3435.465,4.01297e14,0.6764,3.07102e6,-1.53045e6,3.83897e-9
1489599600,28264361.95264249,31690967.322373655,3426.605,3.96614e14,0.4983,3.04234e6,-1.52509e6,3.82551e-9
1489599630,28282407.0011051,31700119.126180876,3417.712,3.99334e14,0.1840,3.04201e6,-1.51973e6,3.81205e-9
1489599660,28300435.65490704,31709220.79811588,3408.785,3.99825e14,0.3072,3.03313e6,-1.51436e6,3.79858e-9
1489599690,28318447.660016492,31718272.278919637,3399.825,4.03695e14,1.2781,3.03702e6,-1.50899e6,3.78510e-9
1489599720,28336442.763644923,31727273.5097858,3390.831,4.00150e14,0.3887,3.01284e6,-1.50362e6,3.77162e-9
1489599750,28354420.714243766,31736224.43235871,3381.804,3.98605e14,0.0010,2.99626e6,-1.49825e6,3.75813e-9
1489599780,28372381.261500996,31745124.98873148,3372.744,4.01788e14,0.7996,2.99743e6,-1.49287e6,3.74464e-9
1489599810,28390324.15633775,31753975.121444155,3363.651,3.97390e14,0.3036,2.97022e6,-1.48750e6,3.73115e-9
1489599840,28408249.150904875,31762774.773481708,3354.526,4.00009e14,0.3533,2.96921e6,-1.48212e6,3.71765e-9
1489599870,28426155.998579465,31771523.888272207,3345.368,3.95129e14,0.8710,2.94035e6,-1.47674e6,3.70414e-9
1489599900,28444044.45396144,31780222.409684878,3336.178,3.92176e14,1.6116,2.91873e6,-1.47136e6,3.69063e-9
1489599930,28461914.272914425,31788870.282027684,3326.956,3.99749e14,0.2881,2.93590e6,-1.46597e6,3.67712e-9
1489599960,28479765.212425478,31797467.450047214,3317.702,3.95496e14,0.7788,2.90953e6,-1.46059e6,3.66360e-9
1489599990,28497597.030738622,31806013.8589252,3308.417,3.90904e14,1.9308,2.88203e6,-1.45520e6,3.65008e-9
1489600020,28515409.487307392,31814509.454277083,3299.100,3.98763e14,0.0407,2.89994e6,-1.44981e6,3.63656e-9
1489600050,28533202.342791647,31822954.18215029,3289.752,3.99110e14,0.1278,2.89041e6,-1.44442e6,3.62303e-9
1489600080,28550975.35905431,31831347.989022337,3280.373,3.92081e14,1.6356,2.85425e6,-1.43903e6,3.60950e-9
1489600110,28568728.299158216,31839690.82179913,3270.963,3.96467e14,0.5352,2.85932e6,-1.43364e6,3.59597e-9
1489600140,28586460.92736284,31847982.627813105,3261.522,4.00267e14,0.4182,2.86218e6,-1.42825e6,3.58243e-9
1489600170,28604173.00912096,31856223.354821444,3252.050,3.94346e14,1.0673,2.83023e6,-1.42285e6,3.56889e-9
1489600200,28621864.311075415,31864412.95100441,3242.549,3.97388e14,0.3041,2.83031e6,-1.41746e6,3.55535e-9
1489600230,28639534.601000838,31872551.364965685,3233.017,4.07081e14,2.1276,2.85386e6,-1.41206e6,3.54181e-9
1489600260,28657183.64796927,31880638.54572397,3223.455,4.05258e14,1.6701,2.83652e6,-1.40666e6,3.52826e-9
1489600290,28674811.222177368,31888674.442718077,3213.863,3.95374e14,0.8094,2.79089e6,-1.40127e6,3.51472e-9
1489600320,28692417.094997257,31896659.005802974,3204.242,3.90882e14,1.9364,2.76441e6,-1.39587e6,3.50117e-9
1489600350,28710001.03897259,31904592.185248148,3194.591,3.95520e14,0.7728,2.76989e6,-1.39047e6,3.48762e-9
1489600380,28727562.827814594,31912473.93173601,3184.911,4.00354e14,0.4399,2.77593e6,-1.38507e6,3.47407e-9
1489600410,28745102.236398052,31920304.196360238,3175.202,3.99638e14,0.2603,2.76262e6,-1.37967e6,3.46051e-9
1489600440,28762619.040757265,31928082.930624142,3165.464,4.00193e14,0.3997,2.75372e6,-1.37427e6,3.44696e-9
1489600470,28780113.01808205,31935810.08643912,3155.697,3.97756e14,0.2118,2.73453e6,-1.36887e6,3.43340e-9
1489600500,28797583.946713682,31943485.616123024,3145.902,3.97993e14,0.1523,2.72454e6,-1.36347e6,3.41985e-9
1489600530,28815031.60619545,31951109.472402975,3136.078,4.05048e14,1.6176,2.73778e6,-1.35806e6,3.40629e-9
1489600560,28832455.777100388,31958681.60840048,3126.226,3.98451e14,0.0376,2.70450e6,-1.35266e6,3.39273e-9
1489600590,28849856.241195858,31966201.977643114,3116.346,3.96818e14,0.4471,2.68818e6,-1.34726e6,3.37918e-9
1489600620,28867232.78138536,31973670.534058847,3106.438,4.05650e14,1.7686,2.70712e6,-1.34186e6,3.36562e-9
1489600650,28884585.181704998,31981087.23197448,3096.502,4.06544e14,1.9930,2.69922e6,-1.33646e6,3.35206e-9
1489600680,28901913.227319825,31988452.026114203,3086.539,3.96261e14,0.5869,2.65397e6,-1.33105e6,3.33850e-9
1489600710,28919216.704520244,31995764.871598125,3076.548,3.89336e14,2.3243,2.62017e6,-1.32565e6,3.32495e-9
1489600740,28936495.400718424,32003025.72394085,3066.530,3.89917e14,2.1784,2.61142e6,-1.32025e6,3.31139e-9
1489600770,28953749.104444716,32010234.53904997,3056.485,4.18255e14,4.9310,2.69418e6,-1.31485e6,3.29783e-9
1489600800,28970977.6053439,32017391.27322465,3046.414,4.20119e14,5.3985,2.68923e6,-1.30945e6,3.28428e-9
1489600830,28988180.694125026,32024495.883139856,3036.315,3.95830e14,0.6951,2.59870e6,-1.30405e6,3.27072e-9
1489600860,29005358.162701342,32031548.32588907,3026.190,3.99097e14,0.1246,2.59857e6,-1.29864e6,3.25717e-9
1489600890,29022509.804042645,32038548.558938686,3016.039,3.97602e14,0.2504,2.58291e6,-1.29324e6,3.24361e-9
1489600920,29039635.412217736,32045496.540140737,3005.861,3.97769e14,0.2085,2.57266e6,-1.28784e6,3.23006e-9
1489600950,29056734.78239031,32052392.22773143,2995.657,4.05492e14,1.7288,2.58671e6,-1.28244e6,3.21651e-9
1489600980,29073807.710814845,32059235.580329552,2985.428,3.99497e14,0.2248,2.55662e6,-1.27704e6,3.20296e-9
1489601010,29090853.994832408,32066026.55693506,2975.173,3.97959e14,0.1608,2.54090e6,-1.27165e6,3.18941e-9
1489601040,29107873.432866506,32072765.11692756,2964.892,4.09206e14,2.6606,2.56583e6,-1.26625e6,3.17586e-9
1489601070,29124865.824418865,32079451.22006484,2954.585,4.06599e14,2.0066,2.54664e6,-1.26085e6,3.16232e-9
1489601100,29141830.97006533,32086084.826481417,2944.254,3.99316e14,0.1794,2.51281e6,-1.25545e6,3.14878e-9
1489601130,29158768.67148586,32092665.896707267,2933.897,3.99657e14,0.2651,2.50308e6,-1.25006e6,3.13523e-9
1489601160,29175678.73135479,32099194.39160436,2923.516,4.05698e14,1.7807,2.51113e6,-1.24466e6,3.12169e-9
1489601190,29192560.953442466,32105670.27242745,2913.109,3.95406e14,0.8014,2.46825e6,-1.23927e6,3.10816e-9
1489601220,29209415.1425771,32112093.500802748,2902.678,3.90541e14,2.0218,2.44245e6,-1.23387e6,3.09462e-9
1489601250,29226241.104640894,32118464.038726762,2892.223,3.96894e14,0.4282,2.45134e6,-1.22848e6,3.08109e-9
1489601280,29243038.64656611,32124781.848565023,2881.743,3.96075e14,0.6335,2.43807e6,-1.22309e6,3.06756e-9
1489601310,29259807.576331303,32131046.893051036,2871.239,4.02739e14,1.0384,2.44768e6,-1.21770e6,3.05403e-9
1489601340,29276547.70295734,32137259.13528507,2860.711,4.07265e14,2.1738,2.45060e6,-1.21231e6,3.04050e-9
1489601370,29293258.836503603,32143418.538733024,2850.160,3.97184e14,0.3555,2.40919e6,-1.20692e6,3.02698e-9
1489601400,29309940.788064092,32149525.067225296,2839.584,3.88637e14,2.4995,2.37267e6,-1.20153e6,3.01346e-9
1489601430,29326593.369744476,32155578.68493671,2828.985,3.94004e14,1.1531,2.37813e6,-1.19614e6,2.99994e-9
1489601460,29343216.39471707,32161579.356443904,2818.363,4.12180e14,3.4069,2.42170e6,-1.19076e6,2.98643e-9
1489601490,29359809.67715807,32167527.046665523,2807.717,4.05087e14,1.6274,2.38966e6,-1.18537e6,2.97291e-9
1489601520,29376373.032262415,32173421.72087993,2797.049,3.93470e14,1.2871,2.34443e6,-1.17999e6,2.95941e-9
1489601550,29392906.27623991,32179263.34472399,2786.357,4.02009e14,0.8552,2.35889e6,-1.17461e6,2.94590e-9
1489601580,29409409.226311073,32185051.88419182,2775.643,4.00594e14,0.5000,2.34393e6,-1.16923e6,2.93240e-9
1489601610,29425881.700703155,32190787.305633586,2764.906,3.98339e14,0.0655,2.32656e6,-1.16385e6,2.91890e-9
1489601640,29442323.51864599,32196469.57575427,2754.146,4.05128e14,1.6376,2.33553e6,-1.15847e6,2.90540e-9
1489601670,29458734.50036798,32202098.661612425,2743.364,4.08634e14,2.5172,2.33483e6,-1.15309e6,2.89191e-9
1489601700,29475114.467091992,32207674.530619048,2732.560,4.05230e14,1.6633,2.31414e6,-1.14772e6,2.87842e-9
1489601730,29491463.241034113,32213197.1505498,2721.734,3.91202e14,1.8561,2.26312e6,-1.14235e6,2.86494e-9
1489601760,29507780.645390745,32218666.48950228,2710.886,3.97019e14,0.3967,2.26906e6,-1.13697e6,2.85146e-9
1489601790,29524066.50434342,32224082.515936688,2700.016,4.03720e14,1.2843,2.27735e6,-1.13160e6,2.83798e-9
1489601820,29540320.64305187,32229445.198661238,2689.125,3.99814e14,0.3044,2.25551e6,-1.12623e6,2.82451e-9
1489601850,29556542.88764994,32234754.50683111,2678.212,4.04941e14,1.5906,2.25917e6,-1.12087e6,2.81104e-9
1489601880,29572733.06524153,32240010.40994748,2667.277,3.96934e14,0.4180,2.22595e6,-1.11550e6,2.79757e-9
1489601910,29588891.00389659,32245212.877856534,2656.322,3.87360e14,2.8200,2.18859e6,-1.11013e6,2.78411e-9
1489601940,29605016.532647043,32250361.88074847,2645.345,3.87543e14,2.7742,2.17852e6,-1.10477e6,2.77066e-9
1489601970,29621109.4814828,32255457.38915655,2634.348,3.95703e14,0.7270,2.19044e6,-1.09941e6,2.75720e-9
1489602000,29637169.68134774,32260499.37395612,2623.330,4.03747e14,1.2912,2.20183e6,-1.09405e6,2.74375e-9
1489602030,29653196.96414739,32265487.80635727,2612.291,3.95795e14,0.7039,2.16933e6,-1.08869e6,2.73031e-9
1489602060,29669191.162708953,32270422.657923855,2601.231,3.91409e14,1.8043,2.14674e6,-1.08334e6,2.71687e-9
1489602090,29685152.110813323,32275303.900552392,2590.152,3.97778e14,0.2064,2.15335e6,-1.07798e6,2.70343e-9
1489602120,29701079.643179525,32280131.506477665,2579.052,3.96286e14,0.5806,2.13864e6,-1.07263e6,2.69000e-9
1489602150,29716973.59546092,32284905.448271748,2567.932,3.94769e14,0.9612,2.12391e6,-1.06728e6,2.67657e-9
1489602180,29732833.80424129,32289625.698843066,2556.792,3.98574e14,0.0066,2.12339e6,-1.06193e6,2.66315e-9
1489602210,29748660.10703104,32294292.23143551,2545.632,3.96443e14,0.5414,2.10705e6,-1.05658e6,2.64974e-9
1489602240,29764452.342263285,32298905.019627426,2534.453,3.89460e14,2.2932,2.07798e6,-1.05124e6,2.63632e-9
1489602270,29780210.34929005,32303464.037330765,2523.254,3.97082e14,0.3809,2.08740e6,-1.04589e6,2.62291e-9
1489602300,29795933.968378376,32307969.258790143,2512.035,3.96179e14,0.6075,2.07438e6,-1.04055e6,2.60951e-9
1489602330,29811623.04068464,32312420.65858249,2500.798,3.96922e14,0.4210,2.06567e6,-1.03521e6,2.59611e-9
1489602360,29827277.408317953,32316818.211614396,2489.541,3.99309e14,0.1777,2.06117e6,-1.02987e6,2.58272e-9
1489602390,29842896.914269067,32321161.89312317,2478.265,3.90013e14,2.1543,2.02661e6,-1.02454e6,2.56933e-9
1489602420,29858481.40242803,32325451.6786753,2466.970,3.99158e14,0.1399,2.03943e6,-1.01920e6,2.55595e-9
1489602450,29874030.717580244,32329687.544165593,2455.657,4.04881e14,1.5757,2.04331e6,-1.01387e6,2.54257e-9
1489602480,29889544.70540231,32333869.465816364,2444.325,3.96871e14,0.4338,2.01230e6,-1.00854e6,2.52919e-9
1489602510,29905023.212458212,32337997.420176573,2432.974,3.99779e14,0.2957,2.00899e6,-1.00321e6,2.51582e-9
1489602540,29920466.086195115,32342071.38412104,2421.605,3.98792e14,0.0480,1.99585e6,-9.97886e5,2.50246e-9
1489602570,29935873.17493952,32346091.334849615,2410.218,4.31055e14,8.1422,2.06550e6,-9.92562e5,2.48910e-9
1489602600,29951244.327893186,32350057.249886326,2398.813,4.37172e14,9.6766,2.06957e6,-9.87240e5,2.47575e-9
1489602630,29966579.395155326,32353969.107079808,2387.390,4.06660e14,2.0221,1.98328e6,-9.81920e5,2.46240e-9
1489602660,29981878.22763826,32357826.884599138,2375.949,4.11407e14,3.2129,1.98416e6,-9.76602e5,2.44906e-9
1489602690,29997140.677143957,32361630.560936294,2364.490,4.08335e14,2.4421,1.96587e6,-9.71286e5,2.43572e-9
1489602720,30012366.596334297,32365380.114904407,2353.014,4.06879e14,2.0770,1.95159e6,-9.65972e5,2.42239e-9
1489602750,30027555.838727377,32369075.52563704,2341.520,4.02759e14,1.0432,1.93093e6,-9.60661e5,2.40906e-9
1489602780,30042708.258693874,32372716.772587474,2330.009,4.07264e14,2.1736,1.93105e6,-9.55351e5,2.39574e-9
1489602810,30057823.711453367,32376303.83552801,2318.480,4.06872e14,2.0752,1.91938e6,-9.50044e5,2.38242e-9
1489602840,30072902.0530707,32379836.694549344,2306.935,3.89772e14,2.2149,1.86815e6,-9.44738e5,2.36911e-9
1489602870,30087943.140452288,32383315.33005981,2295.372,3.93409e14,1.3023,1.86623e6,-9.39435e5,2.35580e-9
1489602900,30102946.831342574,32386739.72278483,2283.793,3.91096e14,1.8827,1.85028e6,-9.34134e5,2.34250e-9
1489602930,30117912.984295506,32390109.853769027,2272.197,3.90887e14,1.9353,1.83929e6,-9.28836e5,2.32921e-9
1489602960,30132841.45874743,32393425.704366855,2260.584,3.99044e14,0.1112,1.84769e6,-9.23539e5,2.31592e-9
1489602990,30147732.114936877,32396687.25625088,2248.955,4.05493e14,1.7293,1.85195e6,-9.18245e5,2.30264e-9
1489603020,30162584.813925523,32399894.491408333,2237.310,4.00816e14,0.5558,1.83056e6,-9.12952e5,2.28936e-9
1489603050,30177399.417594373,32403047.392140504,2225.648,3.91378e14,1.8120,1.79847e6,-9.07662e5,2.27609e-9
1489603080,30192175.788639907,32406145.941062167,2213.970,3.92931e14,1.4224,1.79151e6,-9.02375e5,2.26282e-9
1489603110,30206913.79057036,32409190.121101003,2202.276,4.08519e14,2.4883,1.81608e6,-8.97089e5,2.24956e-9
1489603140,30221613.287701864,32412179.915497117,2190.567,4.18578e14,5.0119,1.82787e6,-8.91806e5,2.23630e-9
1489603170,30236274.145154707,32415115.307802383,2178.841,4.03442e14,1.2146,1.78340e6,-8.86524e5,2.22305e-9
1489603200,30250896.2288495,32417996.281879958,2167.100,3.98299e14,0.0757,1.76141e6,-8.81245e5,2.20981e-9
1489603230,30265479.405524224,32420822.82189525,2155.343,4.04270e14,1.4224,1.76398e6,-8.75969e5,2.19657e-9
1489603260,30280023.542666584,32423594.912341606,2143.571,3.95338e14,0.8185,1.73385e6,-8.70694e5,2.18334e-9
1489603290,30294528.508574232,32426312.53801333,2131.784,3.97043e14,0.3907,1.72705e6,-8.65422e5,2.17011e-9
1489603320,30308994.172330547,32428975.684013687,2119.982,3.97749e14,0.2137,1.71805e6,-8.60152e5,2.15689e-9
1489603350,30323420.403801132,32431584.33575432,2108.164,4.00895e14,0.5756,1.71427e6,-8.54884e5,2.14367e-9
1489603380,30337807.073630214,32434138.47895468,2096.331,4.09507e14,2.7363,1.72206e6,-8.49619e5,2.13046e-9
1489603410,30352154.0532373,32436638.099641457,2084.484,4.00774e14,0.5454,1.69290e6,-8.44356e5,2.11726e-9
1489603440,30366461.214813594,32439083.1841481,2072.622,3.98730e14,0.0325,1.67805e6,-8.39095e5,2.10406e-9
1489603470,30380728.431318544,32441473.719114162,2060.745,3.98816e14,0.0541,1.66771e6,-8.33836e5,2.09086e-9
1489603500,30394955.57647643,32443809.691484913,2048.854,3.94902e14,0.9278,1.64906e6,-8.28580e5,2.07768e-9
1489603530,30409142.52475658,32446091.088520147,2036.949,3.94545e14,1.0174,1.63786e6,-8.23326e5,2.06449e-9
1489603560,30423289.151420213,32448317.897764727,2025.029,3.92416e14,1.5515,1.62304e6,-8.18074e5,2.05132e-9
1489603590,30437395.332466666,32450490.107077338,2013.095,3.94588e14,1.0065,1.61705e6,-8.12824e5,2.03815e-9
1489603620,30451460.94464618,32452607.704620637,2001.147,4.05887e14,1.8282,1.62949e6,-8.07577e5,2.02498e-9
1489613130,32451201.626435004,30442162.50870139,2009.039,4.08913e14,2.5871,-1.64223e6,8.10630e5,-2.03368e-9
1489613160,32449047.61975028,30428070.68679062,2020.977,3.93688e14,1.2324,-1.62170e6,8.15881e5,-2.04685e-9
1489613190,32446839.009970598,30413938.384293243,2032.901,3.94933e14,0.9202,-1.63470e6,8.21135e5,-2.06002e-9
1489613220,32444575.80915507,30399765.724972397,2044.810,4.00374e14,0.4449,-1.65644e6,8.26390e5,-2.07320e-9
1489613250,32442258.02966689,30385552.833343636,2056.705,4.01797e14,0.8020,-1.66995e6,8.31648e5,-2.08638e-9
1489613280,32439885.684173755,30371299.834678374,2068.586,4.02774e14,1.0471,-1.68256e6,8.36908e5,-2.09957e-9
1489613310,32437458.78564844,30357006.855007544,2080.452,3.87376e14,2.8159,-1.66061e6,8.42171e5,-2.11277e-9
1489613340,32434977.347369213,30342674.02112502,2092.303,3.94075e14,1.1354,-1.68523e6,8.47435e5,-2.12597e-9
1489613370,32432441.38292033,30328301.460591223,2104.140,4.26732e14,7.0575,-1.76556e6,8.52702e5,-2.13918e-9
1489613400,32429850.90619264,30313889.301736716,2115.962,4.17573e14,4.7598,-1.75675e6,8.57971e5,-2.15239e-9
1489613430,32427205.931387756,30299437.673666846,2127.768,3.92583e14,1.5097,-1.71342e6,8.63243e5,-2.16561e-9
1489613460,32424506.47300722,30284946.706262056,2139.560,3.92047e14,1.6440,-1.72272e6,8.68517e5,-2.17883e-9
1489613490,32421752.545864683,30270416.530184805,2151.336,3.96780e14,0.4567,-1.74356e6,8.73793e5,-2.19206e-9
1489613520,32418944.165082715,30255847.276882082,2163.097,3.99479e14,0.2205,-1.76004e6,8.79071e5,-2.20530e-9
1489613550,32416081.346093453,30241239.07858914,2174.842,3.91053e14,1.8934,-1.75192e6,8.84352e5,-2.21854e-9
1489613580,32413164.104639154,30226592.068333052,2186.572,3.85553e14,3.2734,-1.75011e6,8.89635e5,-2.23179e-9
1489613610,32410192.456772923,30211906.379936457,2198.286,3.85127e14,3.3801,-1.75955e6,8.94920e5,-2.24504e-9
1489613640,32407166.418859236,30197182.148021195,2209.984,3.89761e14,2.2176,-1.78040e6,9.00207e5,-2.25830e-9
