Timestamp,R_A,R_B,Delta_H_km,GM,Error_Pct,Term_Time,Term_Kinetic,Term_Potential
1496881230,32049825.783324867,28968190.61796442,3081.635,3.91639e14,1.7465,-2.62315e6,1.32322e6,-3.31921e-9
1496881260,32042560.101196747,28950783.316631455,3091.777,4.07914e14,2.3365,-2.68821e6,1.32868e6,-3.33289e-9
1496881290,32035241.99574408,28933350.638360284,3101.891,4.05847e14,1.8180,-2.69233e6,1.33414e6,-3.34657e-9
1496881320,32027871.5108479,28915892.795410983,3111.979,3.93968e14,1.1622,-2.66343e6,1.33960e6,-3.36025e-9
1496881350,32020448.69078108,28898410.001175374,3122.039,3.91628e14,1.7491,-2.66638e6,1.34505e6,-3.37394e-9
1496881380,32012973.580209758,28880902.47018099,3132.071,4.00269e14,0.4185,-2.70647e6,1.35051e6,-3.38762e-9
1496881410,32005446.224194854,28863370.418095063,3142.076,4.04789e14,1.5525,-2.73278e6,1.35597e6,-3.40131e-9
1496881440,31997866.668193564,28845814.061728477,3152.053,4.01938e14,0.8374,-2.73404e6,1.36143e6,-3.41499e-9
1496881470,31990234.958060835,28828233.619039744,3162.001,3.94506e14,1.0273,-2.71952e6,1.36689e6,-3.42868e-9
1496881500,31982551.14005091,28810629.30913892,3171.922,3.96305e14,0.5759,-2.73657e6,1.37235e6,-3.44236e-9
1496881530,31974815.26082641,28793001.35230764,3181.814,4.08159e14,2.3979,-2.78842e6,1.37780e6,-3.45605e-9
1496881560,31967027.36743665,28775349.969953556,3191.677,4.04718e14,1.5348,-2.78753e6,1.38326e6,-3.46973e-9
1496881590,31959187.50734262,28757675.384663843,3201.512,4.08576e14,2.5026,-2.81196e6,1.38872e6,-3.48342e-9
1496881620,31951295.728411,28739977.820193224,3211.318,4.01353e14,0.6905,-2.79775e6,1.39418e6,-3.49710e-9
1496881650,31943352.078915834,28722257.50146795,3221.095,3.85755e14,3.2226,-2.75394e6,1.39964e6,-3.51079e-9
1496881680,31935356.6075402,28704514.654589813,3230.842,4.01729e14,0.7848,-2.82098e6,1.40509e6,-3.52447e-9
1496881710,31927309.36337796,28686749.506840162,3240.560,4.08481e14,2.4788,-2.85582e6,1.41055e6,-3.53815e-9
1496881740,31919210.39593536,28668962.286683783,3250.248,4.05187e14,1.6523,-2.85516e6,1.41601e6,-3.55183e-9
1496881770,31911059.755132843,28651153.22377289,3259.907,3.84201e14,3.6126,-2.79134e6,1.42146e6,-3.56551e-9
1496881800,31902857.49130672,28633322.548951022,3269.535,3.78743e14,4.9818,-2.78251e6,1.42692e6,-3.57919e-9
1496881830,31894603.655205373,28615470.494230233,3279.133,3.96624e14,0.4957,-2.85739e6,1.43237e6,-3.59287e-9
1496881860,31886298.298008144,28597597.292877097,3288.701,3.91967e14,1.6642,-2.85147e6,1.43783e6,-3.60654e-9
1496881890,31877941.471309822,28579703.179334152,3298.238,3.94643e14,0.9928,-2.87197e6,1.44328e6,-3.62021e-9
1496881920,31869533.22712796,28561788.389250137,3307.745,3.94900e14,0.9283,-2.88376e6,1.44873e6,-3.63388e-9
1496881950,31861073.617904615,28543853.15948352,3317.220,3.98683e14,0.0208,-2.90840e6,1.45419e6,-3.64755e-9
1496881980,31852562.69650811,28525897.728106003,3326.665,4.09189e14,2.6563,-2.95776e6,1.45964e6,-3.66122e-9
1496882010,31844000.5162348,28507922.334406063,3336.078,4.03955e14,1.3434,-2.94957e6,1.46509e6,-3.67488e-9
1496882040,31835387.13081082,28489927.218892407,3345.460,3.95601e14,0.7524,-2.92973e6,1.47053e6,-3.68854e-9
1496882070,31826722.5943939,28471912.623297453,3354.810,4.01903e14,0.8286,-2.96391e6,1.47598e6,-3.70220e-9
1496882100,31818006.96157513,28453878.790580705,3364.128,4.02483e14,0.9740,-2.97699e6,1.48143e6,-3.71585e-9
1496882130,31809240.28738249,28435825.964963213,3373.414,4.03805e14,1.3057,-2.99286e6,1.48687e6,-3.72950e-9
1496882160,31800422.627277378,28417754.391835596,3382.668,4.08031e14,2.3659,-3.01963e6,1.49231e6,-3.74315e-9
1496882190,31791554.037161864,28399664.31785706,3391.890,4.02238e14,0.9125,-3.00888e6,1.49776e6,-3.75679e-9
1496882220,31782634.573378768,28381555.99092812,3401.079,4.07337e14,2.1918,-3.03903e6,1.50320e6,-3.77043e-9
1496882250,31773664.292713568,28363429.66019421,3410.235,4.04890e14,1.5779,-3.04076e6,1.50863e6,-3.78406e-9
1496882280,31764643.252396267,28345285.57604925,3419.358,3.94721e14,0.9732,-3.01310e6,1.51407e6,-3.79769e-9
1496882310,31755571.510103334,28327123.990139306,3428.448,3.94970e14,0.9108,-3.02486e6,1.51951e6,-3.81132e-9
1496882340,31746449.123959616,28308945.155366085,3437.504,3.98252e14,0.0874,-3.04823e6,1.52494e6,-3.82494e-9
1496882370,31737276.152540274,28290749.325890493,3446.527,3.95840e14,0.6924,-3.04982e6,1.53037e6,-3.83855e-9
1496882400,31728052.654872738,28272536.757136095,3455.516,3.90829e14,1.9497,-3.04133e6,1.53580e6,-3.85216e-9
1496882430,31718778.69044216,28254307.70576778,3464.471,4.01697e14,0.7770,-3.09409e6,1.54122e6,-3.86577e-9
1496882460,31709454.31918277,28236062.429771733,3473.392,4.06841e14,2.0673,-3.12493e6,1.54665e6,-3.87937e-9
1496882490,31700079.601490412,28217801.188381992,3482.278,4.04267e14,1.4217,-3.12587e6,1.55207e6,-3.89296e-9
1496882520,31690654.598221242,28199524.242108434,3491.130,4.03492e14,1.2271,-3.13375e6,1.55749e6,-3.90655e-9
1496882550,31681179.370693717,28181231.852739923,3499.948,4.01108e14,0.6292,-3.13530e6,1.56291e6,-3.92013e-9
1496882580,31671653.980690658,28162924.28334724,3508.730,3.95090e14,0.8808,-3.12249e6,1.56832e6,-3.93370e-9
1496882610,31662078.490461394,28144601.79828621,3517.477,3.92376e14,1.5616,-3.12255e6,1.57373e6,-3.94727e-9
1496882640,31652452.962723754,28126264.663200542,3526.188,4.04430e14,1.4626,-3.18102e6,1.57914e6,-3.96083e-9
1496882670,31642777.460666247,28107913.14502479,3534.864,4.04275e14,1.4235,-3.19129e6,1.58455e6,-3.97438e-9
1496882700,31633052.04795009,28089547.511987165,3543.505,3.95848e14,0.6905,-3.16856e6,1.58995e6,-3.98793e-9
1496882730,31623276.788699873,28071168.033627763,3552.109,3.95242e14,0.8426,-3.17689e6,1.59535e6,-4.00146e-9
1496882760,31613451.747541122,28052774.980753984,3560.677,3.96734e14,0.4684,-3.19363e6,1.60074e6,-4.01499e-9
1496882790,31603576.989566956,28034368.62549074,3569.208,3.99193e14,0.1487,-3.21429e6,1.60614e6,-4.02851e-9
1496882820,31593652.580351625,28015949.24126788,3577.703,3.92664e14,1.4893,-3.19868e6,1.61153e6,-4.04203e-9
1496882850,31583678.585952573,27997517.10282296,3586.161,3.93521e14,1.2743,-3.21285e6,1.61691e6,-4.05553e-9
1496882880,31573655.072912544,27979072.486204002,3594.583,4.03668e14,1.2713,-3.26483e6,1.62229e6,-4.06902e-9
1496882910,31563582.10826173,27960615.66877214,3602.966,4.01067e14,0.6189,-3.26503e6,1.62767e6,-4.08251e-9
1496882940,31553459.759519856,27942146.92920431,3611.313,4.05022e14,1.6111,-3.29201e6,1.63305e6,-4.09598e-9
1496882970,31543288.094698403,27923666.54749576,3619.622,4.05062e14,1.6211,-3.30300e6,1.63842e6,-4.10945e-9
1496883000,31533067.182302684,27905174.804962646,3627.892,3.99841e14,0.3113,-3.29229e6,1.64379e6,-4.12291e-9
1496883030,31522797.091357373,27886671.984233104,3636.125,4.04595e14,1.5039,-3.32270e6,1.64915e6,-4.13635e-9
1496883060,31512477.89133713,27868158.36928477,3644.320,4.00012e14,0.3542,-3.31447e6,1.65451e6,-4.14979e-9
1496883090,31502109.652240563,27849634.24541205,3652.475,4.01306e14,0.6788,-3.33058e6,1.65986e6,-4.16321e-9
1496883120,31491692.444569428,27831099.899239648,3660.593,4.04571e14,1.4978,-3.35495e6,1.66521e6,-4.17662e-9
1496883150,31481226.339331158,27812555.61872481,3668.671,3.97955e14,0.1620,-3.33799e6,1.67056e6,-4.19002e-9
1496883180,31470711.40804127,27794001.693159375,3676.710,3.94118e14,1.1245,-3.33254e6,1.67590e6,-4.20341e-9
1496883210,31460147.72272589,27775438.41317192,3684.709,4.00568e14,0.4937,-3.37034e6,1.68123e6,-4.21679e-9
1496883240,31449535.355924275,27756866.070729733,3692.669,4.03727e14,1.2861,-3.39439e6,1.68656e6,-4.23015e-9
1496883270,31438874.380691256,27738284.959140725,3700.589,3.98761e14,0.0404,-3.38403e6,1.69189e6,-4.24350e-9
1496883300,31428164.870599724,27719695.3730554,3708.469,3.99288e14,0.1725,-3.39691e6,1.69721e6,-4.25684e-9
1496883330,31417406.89970844,27701097.60847933,3716.309,3.94885e14,0.9320,-3.38875e6,1.70252e6,-4.27016e-9
1496883360,31406600.542671677,27682491.962742053,3724.109,3.98176e14,0.1064,-3.41341e6,1.70783e6,-4.28347e-9
1496883390,31395745.87463427,27663878.73453179,3731.867,4.04563e14,1.4959,-3.45145e6,1.71313e6,-4.29677e-9
1496883420,31384842.971268676,27645258.22388646,3739.585,4.02570e14,0.9958,-3.45353e6,1.71843e6,-4.31005e-9
1496883450,31373891.908777125,27626630.732195433,3747.261,3.94581e14,1.0084,-3.42962e6,1.72372e6,-4.32332e-9
1496883480,31362892.763894014,27607996.562201153,3754.896,3.90755e14,1.9684,-3.42355e6,1.72901e6,-4.33658e-9
1496883510,31351845.613888007,27589356.01800071,3762.490,4.00544e14,0.4875,-3.47658e6,1.73429e6,-4.34981e-9
1496883540,31340750.536564518,27570709.405047365,3770.041,4.03994e14,1.3531,-3.50220e6,1.73956e6,-4.36304e-9
1496883570,31329607.610267825,27552057.03015195,3777.551,3.71518e14,6.7945,-3.37068e6,1.74483e6,-4.37624e-9
1496883600,31318416.913883563,27533399.201484267,3785.018,3.70858e14,6.9601,-3.37795e6,1.75009e6,-4.38943e-9
1496883630,31307178.526881773,27514736.22857038,3792.442,3.96985e14,0.4053,-3.50311e6,1.75535e6,-4.40260e-9
1496883660,31295892.52919366,27496068.422306187,3799.824,3.96324e14,0.5711,-3.51067e6,1.76059e6,-4.41576e-9
1496883690,31284559.00133998,27477396.09494615,3807.163,3.94791e14,0.9556,-3.51433e6,1.76583e6,-4.42890e-9
1496883720,31273178.024393078,27458719.560108356,3814.458,3.93601e14,1.2542,-3.51945e6,1.77107e6,-4.44202e-9
1496883750,31261749.679979645,27440039.132775493,3821.711,4.00484e14,0.4726,-3.56050e6,1.77629e6,-4.45512e-9
1496883780,31250274.05028356,27421355.129295602,3828.919,4.05258e14,1.6703,-3.59229e6,1.78151e6,-4.46821e-9
1496883810,31238751.21804873,27402667.867383014,3836.083,3.99974e14,0.3445,-3.57912e6,1.78672e6,-4.48127e-9
1496883840,31227181.266581964,27383977.666118864,3843.204,3.92043e14,1.6450,-3.55390e6,1.79193e6,-4.49432e-9
1496883870,31215564.279755816,27365284.8459518,3850.279,3.96671e14,0.4840,-3.58506e6,1.79712e6,-4.50735e-9
1496883900,31203900.342011496,27346589.728698425,3857.311,4.00629e14,0.5090,-3.61330e6,1.80231e6,-4.52036e-9
1496883930,31192189.538323846,27327892.63753328,3864.297,4.01379e14,0.6971,-3.62708e6,1.80749e6,-4.53334e-9
1496883960,31180431.954321027,27309193.897021227,3871.238,4.03041e14,1.1140,-3.64501e6,1.81266e6,-4.54631e-9
1496883990,31168627.676170286,27290493.833085634,3878.134,3.99042e14,0.1108,-3.63716e6,1.81783e6,-4.55925e-9
1496884020,31156776.79061847,27271792.773018774,3884.984,4.00128e14,0.3832,-3.65244e6,1.82298e6,-4.57218e-9
1496884050,31144879.3849946,27253091.045481775,3891.788,4.02194e14,0.9015,-3.67222e6,1.82813e6,-4.58508e-9
1496884080,31132935.547212478,27234388.98050441,3898.547,3.96925e14,0.4203,-3.65831e6,1.83326e6,-4.59796e-9
1496884110,31120945.36577331,27215686.909484986,3905.258,4.00187e14,0.3981,-3.68358e6,1.83839e6,-4.61082e-9
1496884140,31108908.929768246,27196985.165189948,3911.924,4.08534e14,2.4921,-3.73243e6,1.84351e6,-4.62365e-9
1496884170,31096826.32888107,27178284.08175348,3918.542,4.04622e14,1.5107,-3.72463e6,1.84862e6,-4.63646e-9
1496884200,31084697.653390817,27159583.99467705,3925.114,3.99682e14,0.2713,-3.71194e6,1.85372e6,-4.64925e-9
1496884230,31072522.994200427,27140885.24085291,3931.638,3.95367e14,0.8113,-3.70201e6,1.85881e6,-4.66201e-9
1496884260,31060302.44275922,27122188.158489253,3938.114,3.96711e14,0.4741,-3.71841e6,1.86389e6,-4.67474e-9
1496884290,31048036.09114606,27103493.087183658,3944.543,4.01876e14,0.8217,-3.75274e6,1.86896e6,-4.68746e-9
1496884320,31035724.032046273,27084800.367898382,3950.924,4.00719e14,0.5315,-3.75746e6,1.87402e6,-4.70014e-9
1496884350,31023366.358754538,27066110.3429597,3957.256,4.00550e14,0.4892,-3.76679e6,1.87907e6,-4.71280e-9
1496884380,31010963.165177926,27047423.356056992,3963.540,3.99774e14,0.2945,-3.77322e6,1.88411e6,-4.72544e-9
1496884410,30998514.54583889,27028739.7522419,3969.775,3.96290e14,0.5797,-3.76678e6,1.88914e6,-4.73805e-9
1496884440,30986020.59587828,27010059.87792712,3975.961,3.99514e14,0.2292,-3.79210e6,1.89415e6,-4.75062e-9
1496884470,30973481.411058404,26991384.080885347,3982.097,4.02146e14,0.8895,-3.81465e6,1.89916e6,-4.76318e-9
1496884500,30960897.08776609,26972712.710247982,3988.184,3.98878e14,0.0696,-3.80908e6,1.90416e6,-4.77570e-9
1496884530,30948267.723007634,26954046.116474755,3994.222,4.00797e14,0.5511,-3.82823e6,1.90914e6,-4.78820e-9
1496884560,30935593.414437167,26935384.651441228,4000.209,4.03936e14,1.3385,-3.85327e6,1.91411e6,-4.80066e-9
1496884590,30922874.260334276,26916728.668348163,4006.146,3.97943e14,0.1649,-3.83441e6,1.91907e6,-4.81310e-9
1496884620,30910110.35961536,26898078.521748252,4012.032,3.94247e14,1.0922,-3.82646e6,1.92402e6,-4.82550e-9
1496884650,30897301.81183671,26879434.56754399,4017.867,4.00174e14,0.3949,-3.86495e6,1.92895e6,-4.83788e-9
1496884680,30884448.717197563,26860797.162985366,4023.652,4.04175e14,1.3986,-3.89422e6,1.93388e6,-4.85022e-9
1496884710,30871551.176543258,26842166.66666756,4029.385,4.02978e14,1.0982,-3.89828e6,1.93879e6,-4.86253e-9
1496884740,30858609.291368257,26823543.438528296,4035.066,4.02622e14,1.0090,-3.90639e6,1.94369e6,-4.87481e-9
1496884770,30845623.163819313,26804927.839845292,4040.695,3.98474e14,0.0318,-3.89594e6,1.94857e6,-4.88706e-9
1496884800,30832592.89669853,26786320.233233377,4046.273,4.03742e14,1.2898,-3.93148e6,1.95344e6,-4.89928e-9
1496884830,30819518.593457628,26767720.982667014,4051.798,4.04683e14,1.5259,-3.94588e6,1.95830e6,-4.91146e-9
1496884860,30806400.35822838,26749130.45339917,4057.270,4.02449e14,0.9655,-3.94464e6,1.96314e6,-4.92361e-9
1496884890,30793238.295798544,26730549.012036286,4062.689,4.04190e14,1.4023,-3.96294e6,1.96798e6,-4.93572e-9
1496884920,30780032.51162366,26711977.02650992,4068.055,3.97537e14,0.2669,-3.93972e6,1.97279e6,-4.94780e-9
1496884950,30766783.1118302,26693414.866073567,4073.368,4.03524e14,1.2353,-3.97901e6,1.97759e6,-4.95984e-9
1496884980,30753490.20321863,26674862.901299257,4078.627,4.09522e14,2.7401,-4.01846e6,1.98238e6,-4.97184e-9
1496885010,30740153.89326656,26656321.504074134,4083.832,4.01723e14,0.7834,-3.98927e6,1.98716e6,-4.98381e-9
1496885040,30726774.290131874,26637791.04759683,4088.983,3.99997e14,0.3504,-3.99020e6,1.99191e6,-4.99574e-9
1496885070,30713351.50265586,26619271.906373695,4094.080,4.01184e14,0.6481,-4.00564e6,1.99666e6,-5.00764e-9
1496885100,30699885.640366398,26600764.456214953,4099.121,3.96250e14,0.5897,-3.99036e6,2.00139e6,-5.01949e-9
1496885130,30686376.813498236,26582269.07420929,4104.108,4.01891e14,0.8255,-4.02814e6,2.00610e6,-5.03131e-9
1496885160,30672825.132943694,26563786.138785474,4109.039,4.07134e14,2.1410,-4.06401e6,2.01080e6,-5.04309e-9
1496885190,30659230.71030843,26545316.029642142,4113.915,4.03555e14,1.2430,-4.05538e6,2.01548e6,-5.05483e-9
1496885220,30645593.65789781,26526859.127764378,4118.735,4.02597e14,1.0027,-4.05991e6,2.02014e6,-5.06652e-9
1496885250,30631914.088720422,26508415.81541903,4123.498,3.96018e14,0.6478,-4.03584e6,2.02479e6,-5.07818e-9
1496885280,30618192.11649143,26489986.476149753,4128.206,3.91645e14,1.7450,-4.02281e6,2.02942e6,-5.08979e-9
1496885310,30604427.8556361,26471571.494771935,4132.856,4.01303e14,0.6781,-4.08123e6,2.03404e6,-5.10136e-9
1496885340,30590621.421293296,26453171.257367413,4137.450,3.98757e14,0.0392,-4.07743e6,2.03863e6,-5.11289e-9
1496885370,30576772.929318875,26434786.15127915,4141.987,3.77619e14,5.2638,-3.97828e6,2.04321e6,-5.12438e-9
1496885400,30562882.496289328,26416416.56510569,4146.466,3.84175e14,3.6190,-4.02083e6,2.04778e6,-5.13582e-9
1496885430,30548950.23949232,26398062.88871893,4150.887,4.02738e14,1.0381,-4.12531e6,2.05232e6,-5.14722e-9
1496885460,30534976.276970014,26379725.513185818,4155.251,3.97854e14,0.1874,-4.10921e6,2.05685e6,-5.15857e-9
1496885490,30520960.727482814,26361404.83083514,4159.556,3.99356e14,0.1894,-4.12598e6,2.06136e6,-5.16988e-9
1496885520,30506903.710525647,26343101.235227976,4163.802,4.01938e14,0.8374,-4.14835e6,2.06585e6,-5.18114e-9
1496885550,30492805.34633148,26324815.12115156,4167.990,3.99274e14,0.1689,-4.14349e6,2.07032e6,-5.19235e-9
1496885580,30478665.75587472,26306546.884612948,4172.119,4.04474e14,1.4735,-4.17946e6,2.07477e6,-5.20352e-9
1496885610,30464485.060874745,26288296.92283257,4176.188,4.05840e14,1.8162,-4.19551e6,2.07921e6,-5.21463e-9
1496885640,30450263.383799374,26270065.634237614,4180.198,4.03554e14,1.2427,-4.19247e6,2.08362e6,-5.22570e-9
1496885670,30436000.847868297,26251853.418455064,4184.147,3.96949e14,0.4142,-4.16673e6,2.08801e6,-5.23672e-9
1496885700,30421697.57705662,26233660.67630481,4188.037,3.98931e14,0.0829,-4.18585e6,2.09239e6,-5.24769e-9
1496885730,30407353.696100686,26215487.809763152,4191.866,4.06467e14,1.9736,-4.23419e6,2.09674e6,-5.25861e-9
1496885760,30392969.330494355,26197335.22204564,4195.634,4.01908e14,0.8298,-4.21892e6,2.10108e6,-5.26948e-9
1496885790,30378544.606499765,26179203.31750888,4199.341,3.96543e14,0.5163,-4.19925e6,2.10539e6,-5.28029e-9
1496885820,30364079.65114863,26161092.50167188,4202.987,3.98766e14,0.0416,-4.21957e6,2.10968e6,-5.29105e-9
1496885850,30349574.592245683,26143003.181207847,4206.571,3.99746e14,0.2874,-4.23331e6,2.11395e6,-5.30176e-9
1496885880,30335029.5583723,26124935.763935924,4210.094,4.00516e14,0.4806,-4.24591e6,2.11820e6,-5.31242e-9
1496885910,30320444.678890143,26106890.65881253,4213.554,4.05307e14,1.6826,-4.27988e6,2.12243e6,-5.32302e-9
1496885940,30305820.083944682,26088868.27592266,4216.952,4.01286e14,0.6738,-4.26692e6,2.12663e6,-5.33356e-9
1496885970,30291155.904468846,26070869.026470993,4220.287,3.99058e14,0.1148,-4.26340e6,2.13081e6,-5.34405e-9
1496886000,30276452.272186704,26052893.322772805,4223.559,3.96357e14,0.5627,-4.25726e6,2.13497e6,-5.35448e-9
1496886030,30261709.31962211,26034941.57827449,4226.768,3.93268e14,1.3378,-4.24894e6,2.13911e6,-5.36486e-9
1496886060,30246927.180086993,26017014.20745214,4229.913,3.99774e14,0.2944,-4.29208e6,2.14322e6,-5.37518e-9
1496886090,30232105.98770036,25999111.62589439,4232.994,4.01285e14,0.6735,-4.30841e6,2.14731e6,-5.38543e-9
1496886120,30217245.87738711,25981234.25026282,4236.012,3.93320e14,1.3247,-4.27359e6,2.15138e6,-5.39563e-9
1496886150,30202346.984881856,25963382.498282276,4238.964,3.96627e14,0.4950,-4.29950e6,2.15542e6,-5.40577e-9
1496886180,30187409.446732633,25945556.788730904,4241.853,4.03051e14,1.1165,-4.34230e6,2.15944e6,-5.41585e-9
1496886210,30172433.40030474,25927757.541430086,4244.676,3.99177e14,0.1448,-4.32932e6,2.16343e6,-5.42587e-9
1496886240,30157418.983784582,25909985.17723409,4247.434,4.01593e14,0.7508,-4.35039e6,2.16740e6,-5.43582e-9
1496886270,30142366.33618346,25892240.118019536,4250.126,3.99863e14,0.3167,-4.34889e6,2.17135e6,-5.44571e-9
1496886300,30127275.597341385,25874522.786674768,4252.753,3.99155e14,0.1391,-4.35287e6,2.17527e6,-5.45554e-9
1496886330,30112146.90792571,25856833.607068885,4255.313,4.04491e14,1.4777,-4.38982e6,2.17916e6,-5.46531e-9
1496886360,30096980.40945118,25839173.004102312,4257.807,4.04757e14,1.5444,-4.39907e6,2.18303e6,-5.47500e-9
1496886390,30081776.24426768,25821541.403633453,4260.235,4.01731e14,0.7853,-4.39021e6,2.18687e6,-5.48464e-9
1496886420,30066534.555569284,25803939.23248713,4262.595,3.97633e14,0.2427,-4.37536e6,2.19068e6,-5.49420e-9
1496886450,30051255.487398066,25786366.91844256,4264.889,4.00759e14,0.5416,-4.40012e6,2.19447e6,-5.50370e-9
1496886480,30035939.184647977,25768824.890221275,4267.114,3.99729e14,0.2830,-4.40198e6,2.19823e6,-5.51313e-9
1496886510,30020585.793068644,25751313.57747476,4269.272,3.95854e14,0.6891,-4.38806e6,2.20196e6,-5.52249e-9
1496886540,30005195.459269315,25733833.41077185,4271.362,4.04532e14,1.4880,-4.44345e6,2.20566e6,-5.53179e-9
1496886570,29989768.33072262,25716384.821585912,4273.384,4.02486e14,0.9749,-4.43952e6,2.20934e6,-5.54101e-9
1496886600,29974304.55576852,25698968.242281884,4275.336,3.95849e14,0.6902,-4.41001e6,2.21299e6,-5.55016e-9
1496886630,29958804.283619966,25681584.10610834,4277.220,4.00933e14,0.5852,-4.44549e6,2.21661e6,-5.55924e-9
1496886660,29943267.664361328,25664232.847167466,4279.035,4.00448e14,0.4635,-4.44999e6,2.22020e6,-5.56825e-9
1496886690,29927694.848957583,25646914.900418214,4280.780,4.02148e14,0.8900,-4.46661e6,2.22376e6,-5.57718e-9
1496886720,29912085.989256524,25629630.70165696,4282.455,4.00408e14,0.4534,-4.46398e6,2.22729e6,-5.58604e-9
1496886750,29896441.237992745,25612380.687503476,4284.061,3.99144e14,0.1365,-4.46393e6,2.23079e6,-5.59482e-9
1496886780,29880760.748791546,25595165.29538657,4285.595,4.00007e14,0.3529,-4.47571e6,2.23426e6,-5.60353e-9
1496886810,29865044.676172934,25577984.96352977,4287.060,4.00537e14,0.4857,-4.48558e6,2.23770e6,-5.61216e-9
1496886840,29849293.17555554,25560840.13093652,4288.453,3.99338e14,0.1849,-4.48567e6,2.24111e6,-5.62071e-9
1496886870,29833506.40326066,25543731.23737519,4289.775,3.93916e14,1.1752,-4.46192e6,2.24449e6,-5.62919e-9
1496886900,29817684.516516216,25526658.7233641,4291.026,4.01188e14,0.6491,-4.50957e6,2.24784e6,-5.63759e-9
1496886930,29801827.673462134,25509623.030160766,4292.205,4.01745e14,0.7888,-4.51936e6,2.25115e6,-5.64590e-9
1496886960,29785936.033150032,25492624.599731926,4293.311,3.99001e14,0.1005,-4.51044e6,2.25443e6,-5.65414e-9
1496886990,29770009.755551822,25475663.8747521,4294.346,4.05123e14,1.6363,-4.55161e6,2.25768e6,-5.66230e-9
1496887020,29754049.00156219,25458741.298582967,4295.308,4.04350e14,1.4426,-4.55372e6,2.26090e6,-5.67037e-9
1496887050,29738053.933002684,25441857.31525725,4296.197,3.93881e14,1.1841,-4.50068e6,2.26409e6,-5.67836e-9
1496887080,29722024.71262578,25425012.369462162,4297.012,3.87644e14,2.7486,-4.47149e6,2.26724e6,-5.68626e-9
1496887110,29705961.504118916,25408206.906522904,4297.755,3.98864e14,0.0662,-4.54152e6,2.27035e6,-5.69409e-9
1496887140,29689864.472108595,25391441.37238569,4298.423,4.03961e14,1.3448,-4.57675e6,2.27344e6,-5.70182e-9
1496887170,29673733.782164425,25374716.213600703,4299.018,4.15044e14,4.1254,-4.64617e6,2.27648e6,-5.70947e-9
1496887200,29657569.600803223,25358031.877304755,4299.538,4.11897e14,3.3359,-4.63433e6,2.27950e6,-5.71703e-9
1496887230,29641372.095489666,25341388.811198227,4299.983,3.98072e14,0.1325,-4.56124e6,2.28248e6,-5.72451e-9
1496887260,29625141.434650924,25324787.463544168,4300.354,3.98505e14,0.0239,-4.56961e6,2.28542e6,-5.73189e-9
1496887290,29608877.78767008,25308228.283133473,4300.650,3.96050e14,0.6399,-4.56133e6,2.28833e6,-5.73919e-9
1496887320,29592581.324893598,25291711.71927194,4300.870,3.98845e14,0.0615,-4.58312e6,2.29120e6,-5.74639e-9
1496887350,29576252.21763547,25275238.22176179,4301.014,3.97646e14,0.2395,-4.58189e6,2.29403e6,-5.75350e-9
1496887380,29559890.63818122,25258808.240882896,4301.082,4.01478e14,0.7219,-4.60955e6,2.29683e6,-5.76053e-9
1496887410,29543496.75979201,25242422.22737378,4301.075,3.95873e14,0.6842,-4.58277e6,2.29959e6,-5.76745e-9
1496887440,29527070.75670875,25226080.632412378,4300.990,3.96399e14,0.5524,-4.59123e6,2.30231e6,-5.77429e-9
1496887470,29510612.804156106,25209783.907596525,4300.829,4.01675e14,0.7713,-4.62709e6,2.30500e6,-5.78102e-9
1496887500,29494123.078346696,25193532.504924335,4300.591,3.98590e14,0.0026,-4.61455e6,2.30764e6,-5.78767e-9
1496887530,29477601.756490093,25177326.876777858,4300.275,3.97957e14,0.1613,-4.61610e6,2.31025e6,-5.79421e-9
1496887560,29461049.016781613,25161167.475891557,4299.882,3.96443e14,0.5412,-4.61245e6,2.31282e6,-5.80066e-9
1496887590,29444465.0384218,25145054.75534333,4299.410,3.97956e14,0.1617,-4.62628e6,2.31535e6,-5.80701e-9
1496887620,29427850.00161572,25128989.16853012,4298.861,3.98104e14,0.1245,-4.63212e6,2.31784e6,-5.81326e-9
1496887650,29411204.08757701,25112971.169147152,4298.233,3.95313e14,0.8248,-4.62078e6,2.32029e6,-5.81941e-9
1496887680,29394527.478532057,25097001.21116675,4297.526,3.97549e14,0.2637,-4.63860e6,2.32270e6,-5.82546e-9
1496887710,29377820.35772425,25081079.748817153,4296.741,4.00344e14,0.4374,-4.65963e6,2.32506e6,-5.83141e-9
1496887740,29361082.909418058,25065207.236560848,4295.876,3.98511e14,0.0224,-4.65360e6,2.32739e6,-5.83725e-9
1496887770,29344315.318903264,25049384.129072808,4294.931,4.01437e14,0.7117,-4.67527e6,2.32968e6,-5.84299e-9
1496887800,29327517.772499092,25033610.881218553,4293.907,4.02511e14,0.9811,-4.68606e6,2.33192e6,-5.84863e-9
1496887830,29310690.457552627,25017887.94802548,4292.803,3.99837e14,0.3103,-4.67483e6,2.33412e6,-5.85416e-9
1496887860,29293833.56246079,25002215.784680024,4291.618,3.99007e14,0.1019,-4.67429e6,2.33628e6,-5.85958e-9
1496887890,29276947.27665664,24986594.846485272,4290.352,3.99462e14,0.2162,-4.68120e6,2.33840e6,-5.86489e-9
1496887920,29260031.790619317,24971025.58884437,4289.006,3.99491e14,0.2234,-4.68552e6,2.34047e6,-5.87010e-9
1496887950,29243087.295878056,24955508.46723732,4287.579,4.02176e14,0.8970,-4.70536e6,2.34250e6,-5.87520e-9
1496887980,29226113.98501637,24940043.937197562,4286.070,3.99831e14,0.3086,-4.69556e6,2.34449e6,-5.88018e-9
1496888010,29209112.051676117,24924632.454288393,4284.480,3.98703e14,0.0258,-4.69282e6,2.34643e6,-5.88506e-9
1496888040,29192081.69056158,24909274.47407903,4282.807,3.97794e14,0.2022,-4.69126e6,2.34832e6,-5.88982e-9
1496888070,29175023.09744358,24893970.452120606,4281.053,3.92406e14,1.5540,-4.66320e6,2.35017e6,-5.89448e-9
1496888100,29157936.46916355,24878720.843921866,4279.216,3.96275e14,0.5835,-4.68961e6,2.35198e6,-5.89901e-9
1496888130,29140822.003643356,24863526.104939077,4277.296,3.97714e14,0.2224,-4.70162e6,2.35374e6,-5.90343e-9
1496888160,29123679.899871737,24848386.690506764,4275.293,4.00104e14,0.3773,-4.71917e6,2.35545e6,-5.90774e-9
1496888190,29106510.357925966,24833303.055857595,4273.207,4.05446e14,1.7174,-4.75409e6,2.35712e6,-5.91193e-9
1496888220,29089313.578970335,24818275.656082824,4271.038,4.00136e14,0.3852,-4.72594e6,2.35874e6,-5.91600e-9
1496888250,29072089.765260257,24803304.946107,4268.785,3.98603e14,0.0006,-4.72002e6,2.36031e6,-5.91996e-9
1496888280,29054839.12014635,24788391.380662523,4266.448,3.97810e14,0.1982,-4.71838e6,2.36184e6,-5.92379e-9
1496888310,29037561.848078523,24773535.414263982,4264.026,3.98275e14,0.0817,-4.72409e6,2.36331e6,-5.92750e-9
1496888340,29020258.154610157,24758737.50118218,4261.521,4.01977e14,0.8470,-4.74890e6,2.36474e6,-5.93109e-9
1496888370,29002928.246402107,24743998.095418077,4258.930,3.99205e14,0.1517,-4.73523e6,2.36612e6,-5.93456e-9
1496888400,28985572.331226837,24729317.65067636,4256.255,3.96767e14,0.4600,-4.72342e6,2.36745e6,-5.93791e-9
1496888430,28968190.61796442,24714696.620318983,4253.494,3.96661e14,0.4865,-4.72535e6,2.36873e6,-5.94113e-9
1496888460,28950783.316631455,24700135.45740001,4250.648,3.95379e14,0.8083,-4.72018e6,2.36996e6,-5.94423e-9
1496888490,28933350.638360284,24685634.614576627,4247.716,3.97196e14,0.3524,-4.73334e6,2.37114e6,-5.94720e-9
1496888520,28915892.795410983,24671194.544101875,4244.698,3.97943e14,0.1648,-4.74005e6,2.37227e6,-5.95004e-9
1496888550,28898410.001175374,24656815.697797112,4241.594,4.01171e14,0.6450,-4.76142e6,2.37335e6,-5.95276e-9
1496888580,28880902.47018099,24642498.52702414,4238.404,3.99882e14,0.3215,-4.75581e6,2.37438e6,-5.95534e-9
1496888610,28863370.418095063,24628243.48265733,4235.127,3.97819e14,0.1960,-4.74548e6,2.37535e6,-5.95780e-9
1496888640,28845814.061728477,24614051.015055355,4231.763,3.99247e14,0.1621,-4.75583e6,2.37627e6,-5.96013e-9
1496888670,28828233.619039744,24599921.574032918,4228.312,3.99766e14,0.2923,-4.76067e6,2.37714e6,-5.96232e-9
1496888700,28810629.30913892,24585855.60883214,4224.774,4.01754e14,0.7912,-4.77417e6,2.37796e6,-5.96438e-9
1496888730,28793001.35230764,24571853.56811422,4221.148,3.93965e14,1.1630,-4.72924e6,2.37872e6,-5.96631e-9
1496888760,28775349.969953556,24557915.899867725,4217.434,3.95976e14,0.6585,-4.74266e6,2.37943e6,-5.96810e-9
1496888790,28757675.384663843,24544043.051442537,4213.632,3.94761e14,0.9631,-4.73672e6,2.38009e6,-5.96976e-9
1496888820,28739977.820193224,24530235.46950036,4209.742,3.96656e14,0.4878,-4.74924e6,2.38069e6,-5.97128e-9
1496888850,28722257.50146795,24516493.59998545,4205.764,4.05702e14,1.7817,-4.80436e6,2.38124e6,-5.97266e-9
1496888880,28704514.654589813,24502817.88809518,4201.697,4.00673e14,0.5200,-4.77531e6,2.38173e6,-5.97391e-9
1496888910,28686749.506840162,24489208.77825047,4197.541,3.97085e14,0.3801,-4.75475e6,2.38216e6,-5.97501e-9
1496888940,28668962.286683783,24475666.714066003,4193.296,3.97895e14,0.1771,-4.76035e6,2.38254e6,-5.97598e-9
1496888970,28651153.22377289,24462192.138320293,4188.961,4.06559e14,1.9965,-4.81279e6,2.38287e6,-5.97680e-9
1496889000,28633322.548951022,24448785.49292563,4184.537,4.04142e14,1.3902,-4.79888e6,2.38313e6,-5.97748e-9
1496889030,28615470.494230233,24435447.218880013,4180.023,3.99004e14,0.1013,-4.76860e6,2.38334e6,-5.97802e-9
1496889060,28597597.292877097,24422177.756291423,4175.420,4.02173e14,0.8964,-4.78785e6,2.38349e6,-5.97842e-9
1496889090,28579703.179334152,24408977.54429254,4170.726,3.97393e14,0.3030,-4.75947e6,2.38359e6,-5.97867e-9
1496889120,28561788.389250137,24395847.021027494,4165.941,4.00003e14,0.3520,-4.77515e6,2.38362e6,-5.97877e-9
1496889150,28543853.15948352,24382786.623620898,4161.067,4.02992e14,1.1018,-4.79298e6,2.38360e6,-5.97873e-9
1496889180,28525897.728106003,24369796.788146622,4156.101,3.96583e14,0.5061,-4.75450e6,2.38352e6,-5.97854e-9
1496889210,28507922.334406063,24356877.949596494,4151.044,3.99487e14,0.2225,-4.77159e6,2.38338e6,-5.97820e-9
1496889240,28489927.218892407,24344030.541848842,4145.897,4.02843e14,1.0642,-4.79125e6,2.38318e6,-5.97771e-9
1496889270,28471912.623297453,24331254.997636847,4140.658,3.94315e14,1.0752,-4.73976e6,2.38292e6,-5.97707e-9
1496889300,28453878.790580705,24318551.748516873,4135.327,3.97623e14,0.2453,-4.75890e6,2.38259e6,-5.97628e-9
1496889330,28435825.964963213,24305921.224854786,4129.905,3.96271e14,0.5843,-4.75006e6,2.38221e6,-5.97533e-9
1496889360,28417754.391835596,24293363.855737977,4124.391,3.92448e14,1.5436,-4.72634e6,2.38177e6,-5.97424e-9
1496889390,28399664.31785706,24280880.068999253,4118.784,4.00286e14,0.4229,-4.77216e6,2.38126e6,-5.97298e-9
1496889420,28381555.99092812,24268470.291166756,4113.086,3.98217e14,0.0962,-4.75868e6,2.38070e6,-5.97158e-9
1496889450,28363429.66019421,24256134.947431754,4107.295,3.93668e14,1.2374,-4.73027e6,2.38007e6,-5.97002e-9
1496889480,28345285.57604925,24243874.461616375,4101.411,4.01136e14,0.6362,-4.77347e6,2.37937e6,-5.96830e-9
1496889510,28327123.990139306,24231689.25614129,4095.435,4.00854e14,0.5653,-4.77028e6,2.37862e6,-5.96642e-9
1496889540,28308945.155366085,24219579.751993183,4089.365,3.96191e14,0.6044,-4.74084e6,2.37780e6,-5.96438e-9
1496889570,28290749.325890493,24207546.368692264,4083.203,4.01833e14,0.8111,-4.77273e6,2.37692e6,-5.96219e-9
1496889600,28272536.757136095,24195589.524259526,4076.947,3.98005e14,0.1495,-4.74801e6,2.37597e6,-5.95983e-9
1496889630,28254307.70576778,24183709.63516394,4070.598,3.93114e14,1.3764,-4.71687e6,2.37496e6,-5.95732e-9
1496889660,28236062.429771733,24171907.116351638,4064.155,3.98526e14,0.0187,-4.74696e6,2.37389e6,-5.95464e-9
1496889690,28217801.188381992,24160182.381150935,4057.619,3.96402e14,0.5515,-4.73205e6,2.37275e6,-5.95179e-9
1496889720,28199524.242108434,24148535.84125924,4050.988,3.94238e14,1.0943,-4.71678e6,2.37154e6,-5.94879e-9
1496889750,28181231.852739923,24136967.906709842,4044.264,3.95196e14,0.8540,-4.71996e6,2.37027e6,-5.94562e-9
1496889780,28162924.28334724,24125478.98583864,4037.445,4.01419e14,0.7071,-4.75428e6,2.36893e6,-5.94228e-9
1496889810,28144601.79828621,24114069.48525078,4030.532,4.03444e14,1.2152,-4.76349e6,2.36753e6,-5.93877e-9
1496889840,28126264.663200542,24102739.80978729,4023.525,3.95791e14,0.7049,-4.71511e6,2.36606e6,-5.93510e-9
1496889870,28107913.14502479,24091490.362491645,4016.423,4.00398e14,0.4510,-4.73939e6,2.36452e6,-5.93126e-9
1496889900,28089547.511987165,24080321.544576246,4009.226,4.00630e14,0.5091,-4.73755e6,2.36291e6,-5.92725e-9
1496889930,28071168.033627763,24069233.755409256,4001.934,3.94798e14,0.9540,-4.69966e6,2.36124e6,-5.92307e-9
1496889960,28052774.980753984,24058227.392418653,3994.548,3.97964e14,0.1596,-4.71494e6,2.35950e6,-5.91872e-9
1496889990,28034368.62549074,24047302.8511211,3987.066,3.99471e14,0.2185,-4.72024e6,2.35769e6,-5.91420e-9
1496890020,28015949.24126788,24036460.525068376,3979.489,4.03911e14,1.3324,-4.74273e6,2.35581e6,-5.90951e-9
1496890050,27997517.10282296,24025700.805813976,3971.816,4.02498e14,0.9779,-4.73047e6,2.35386e6,-5.90464e-9
1496890080,27979072.486204002,24015024.082879663,3964.048,3.98366e14,0.0587,-4.70205e6,2.35184e6,-5.89960e-9
1496890110,27960615.66877214,24004430.743722174,3956.185,3.97274e14,0.3327,-4.69144e6,2.34976e6,-5.89438e-9
1496890140,27942146.92920431,23993921.173699748,3948.226,3.91286e14,1.8350,-4.65188e6,2.34760e6,-5.88899e-9
1496890170,27923666.54749576,23983495.7560387,3940.171,3.96879e14,0.4319,-4.68038e6,2.34537e6,-5.88342e-9
1496890200,27905174.804962646,23973154.87180014,3932.020,4.00683e14,0.5225,-4.69816e6,2.34307e6,-5.87768e-9
1496890230,27886671.984233104,23962898.899832115,3923.773,3.97326e14,0.3197,-4.67370e6,2.34070e6,-5.87175e-9
1496890260,27868158.36928477,23952728.216780677,3915.430,3.98638e14,0.0095,-4.67653e6,2.33826e6,-5.86565e-9
1496890290,27849634.24541205,23942643.19701219,3906.991,4.02589e14,1.0007,-4.69467e6,2.33575e6,-5.85937e-9
1496890320,27831099.899239648,23932644.212594263,3898.456,4.03137e14,1.1382,-4.69269e6,2.33316e6,-5.85291e-9
1496890350,27812555.61872481,23922731.63326241,3889.824,4.04199e14,1.4046,-4.69356e6,2.33051e6,-5.84626e-9
1496890380,27794001.693159375,23912905.82638666,3881.096,4.00682e14,0.5222,-4.66753e6,2.32778e6,-5.83944e-9
1496890410,27775438.41317192,23903167.156938273,3872.271,3.91486e14,1.7848,-4.60829e6,2.32497e6,-5.83243e-9
1496890440,27756866.070729733,23893515.98745654,3863.350,3.96953e14,0.4133,-4.63444e6,2.32210e6,-5.82524e-9
1496890470,27738284.959140725,23883952.678015556,3854.332,3.98425e14,0.0441,-4.63713e6,2.31915e6,-5.81786e-9
1496890500,27719695.3730554,23874477.586191084,3845.218,3.96080e14,0.6324,-4.61747e6,2.31613e6,-5.81030e-9
1496890530,27701097.60847933,23865091.067031987,3836.007,4.02524e14,0.9842,-4.64870e6,2.31303e6,-5.80255e-9
1496890560,27682491.962742053,23855793.47301372,3826.698,3.98893e14,0.0734,-4.62129e6,2.30986e6,-5.79462e-9
1496890590,27663878.73453179,23846585.154018834,3817.294,3.95967e14,0.6607,-4.59788e6,2.30661e6,-5.78650e-9
1496890620,27645258.22388646,23837466.45729999,3807.792,3.94992e14,0.9052,-4.58564e6,2.30329e6,-5.77820e-9
1496890650,27626630.732195433,23828437.727447256,3798.193,3.96777e14,0.4575,-4.58918e6,2.29990e6,-5.76970e-9
1496890680,27607996.562201153,23819499.306355618,3788.497,4.02709e14,1.0307,-4.61644e6,2.29643e6,-5.76102e-9
1496890710,27589356.01800071,23810651.533192556,3778.704,4.00084e14,0.3722,-4.59422e6,2.29288e6,-5.75215e-9
1496890740,27570709.405047365,23801894.744365785,3768.815,3.96204e14,0.6012,-4.56470e6,2.28926e6,-5.74309e-9
1496890770,27552057.03015195,23793229.273491126,3758.828,4.19821e14,5.3237,-4.69274e6,2.28556e6,-5.73383e-9
1496890800,27533399.201484267,23784655.451360438,3748.744,4.15495e14,4.2384,-4.66024e6,2.28179e6,-5.72439e-9
1496890830,27514736.22857038,23776173.605914596,3738.563,3.94639e14,0.9938,-4.53320e6,2.27794e6,-5.71475e-9
1496890860,27496068.422306187,23767784.062197115,3728.284,3.92972e14,1.4121,-4.51588e6,2.27401e6,-5.70492e-9
1496890890,27477396.09494615,23759487.142337322,3717.909,3.91556e14,1.7673,-4.49988e6,2.27001e6,-5.69490e-9
1496890920,27458719.560108356,23751283.165514175,3707.436,4.00991e14,0.5998,-4.54543e6,2.26592e6,-5.68468e-9
1496890950,27440039.132775493,23743172.44792519,3696.867,3.99786e14,0.2973,-4.53026e6,2.26177e6,-5.67427e-9
1496890980,27421355.129295602,23735155.302755408,3686.200,3.93513e14,1.2763,-4.48626e6,2.25753e6,-5.66367e-9
1496891010,27402667.867383014,23727232.04014655,3675.436,3.94453e14,1.0404,-4.48301e6,2.25321e6,-5.65287e-9
1496891040,27383977.666118864,23719402.96716645,3664.575,4.03145e14,1.1400,-4.52331e6,2.24882e6,-5.64187e-9
1496891070,27365284.8459518,23711668.387778554,3653.616,4.01631e14,0.7603,-4.50580e6,2.24435e6,-5.63068e-9
1496891100,27346589.728698425,23704028.602811698,3642.561,3.97437e14,0.2918,-4.47312e6,2.23980e6,-5.61929e-9
1496891130,27327892.63753328,23696483.909922477,3631.409,3.97920e14,0.1708,-4.46659e6,2.23517e6,-5.60770e-9
1496891160,27309193.897021227,23689034.60358862,3620.159,3.94697e14,0.9793,-4.43916e6,2.23046e6,-5.59592e-9
1496891190,27290493.833085634,23681680.975056242,3608.813,3.97099e14,0.3766,-4.44305e6,2.22568e6,-5.58394e-9
1496891220,27271792.773018774,23674423.312317774,3597.369,4.01955e14,0.8417,-4.46041e6,2.22081e6,-5.57175e-9
1496891250,27253091.045481775,23667261.90008275,3585.829,3.98704e14,0.0260,-4.43241e6,2.21587e6,-5.55937e-9
1496891280,27234388.98050441,23660197.01974869,3574.192,3.98887e14,0.0719,-4.42338e6,2.21084e6,-5.54679e-9
1496891310,27215686.909484986,23653228.94937238,3562.458,4.02172e14,0.8961,-4.43136e6,2.20574e6,-5.53401e-9
1496891340,27196985.165189948,23646357.963641245,3550.627,3.97055e14,0.3878,-4.39270e6,2.20055e6,-5.52103e-9
1496891370,27178284.08175348,23639584.33384505,3538.700,3.93239e14,1.3449,-4.36119e6,2.19529e6,-5.50785e-9
1496891400,27159583.99467705,23632908.32784784,3526.676,3.96759e14,0.4621,-4.36992e6,2.18994e6,-5.49446e-9
1496891430,27140885.24085291,23626330.210063696,3514.555,4.00875e14,0.5705,-4.38166e6,2.18452e6,-5.48088e-9
1496891460,27122188.158489253,23619850.241418455,3502.338,3.97950e14,0.1631,-4.35464e6,2.17901e6,-5.46709e-9
1496891490,27103493.087183658,23613468.67933291,3490.024,3.95541e14,0.7675,-4.33035e6,2.17342e6,-5.45310e-9
1496891520,27084800.367898382,23607185.77769259,3477.615,3.97909e14,0.1735,-4.33194e6,2.16776e6,-5.43891e-9
1496891550,27066110.3429597,23601001.78682115,3465.109,4.00703e14,0.5276,-4.33563e6,2.16201e6,-5.42451e-9
1496891580,27047423.356056992,23594916.953453917,3452.506,4.00630e14,0.5093,-4.32355e6,2.15618e6,-5.40991e-9
1496891610,27028739.7522419,23588931.520712078,3439.808,3.98419e14,0.0454,-4.29978e6,2.15027e6,-5.39511e-9
1496891640,27010059.87792712,23583045.728076756,3427.014,3.96889e14,0.4293,-4.27958e6,2.14427e6,-5.38010e-9
1496891670,26991384.080885347,23577259.811363805,3414.124,3.97314e14,0.3228,-4.26974e6,2.13820e6,-5.36489e-9
1496891700,26972712.710247982,23571574.002698638,3401.139,3.97113e14,0.3732,-4.25639e6,2.13205e6,-5.34947e-9
1496891730,26954046.116474755,23565988.530492894,3388.058,3.93976e14,1.1602,-4.22722e6,2.12581e6,-5.33385e-9
1496891760,26935384.651441228,23560503.619415652,3374.881,3.97366e14,0.3096,-4.23270e6,2.11949e6,-5.31803e-9
1496891790,26916728.668348163,23555119.49037416,3361.609,4.01430e14,0.7098,-4.24147e6,2.11309e6,-5.30200e-9
1496891820,26898078.521748252,23549836.360488538,3348.242,3.99626e14,0.2574,-4.21894e6,2.10661e6,-5.28576e-9
1496891850,26879434.56754399,23544654.443068407,3334.780,3.96570e14,0.5095,-4.18970e6,2.10004e6,-5.26932e-9
1496891880,26860797.162985366,23539573.947589833,3321.223,3.94163e14,1.1131,-4.16381e6,2.09340e6,-5.25268e-9
1496891910,26842166.66666756,23534595.07967281,3307.572,3.97478e14,0.2815,-4.16780e6,2.08667e6,-5.23582e-9
1496891940,26823543.438528296,23529718.041058805,3293.825,3.96730e14,0.4693,-4.15030e6,2.07986e6,-5.21876e-9
1496891970,26804927.839845292,23524943.029588968,3279.985,3.95850e14,0.6901,-4.13198e6,2.07297e6,-5.20150e-9
1496892000,26786320.233233377,23520270.239182472,3266.050,3.97564e14,0.2599,-4.12698e6,2.06599e6,-5.18403e-9
1496892030,26767720.982667014,23515699.859809544,3252.021,4.00294e14,0.4248,-4.12700e6,2.05894e6,-5.16635e-9
1496892060,26749130.45339917,23511232.07748898,3237.898,3.98748e14,0.0370,-4.10474e6,2.05180e6,-5.14847e-9
1496892090,26730549.012036286,23506867.074248925,3223.682,3.95217e14,0.8488,-4.07219e6,2.04458e6,-5.13038e-9
1496892120,26711977.02650992,23502605.028112937,3209.372,3.95643e14,0.7419,-4.05984e6,2.03728e6,-5.11208e-9
1496892150,26693414.866073567,23498446.113080416,3194.969,3.98346e14,0.0639,-4.05890e6,2.02989e6,-5.09358e-9
1496892180,26674862.901299257,23494390.49910726,3180.472,3.94338e14,1.0694,-4.02364e6,2.02242e6,-5.07487e-9
1496892210,26656321.504074134,23490438.35208714,3165.883,3.97402e14,0.3007,-4.02412e6,2.01487e6,-5.05596e-9
1496892240,26637791.04759683,23486589.833832987,3151.201,4.04269e14,1.4221,-4.04348e6,2.00724e6,-5.03684e-9
1496892270,26619271.906373695,23482845.102059074,3136.427,3.96375e14,0.5583,-3.98834e6,1.99953e6,-5.01751e-9
1496892300,26600764.456214953,23479204.310363457,3121.560,3.97630e14,0.2435,-3.97907e6,1.99173e6,-4.99798e-9
1496892330,26582269.07420929,23475667.60822071,3106.601,3.94892e14,0.9303,-3.94972e6,1.98385e6,-4.97824e-9
1496892360,26563786.138785474,23472235.140934534,3091.551,3.93997e14,1.1550,-3.92944e6,1.97589e6,-4.95829e-9
1496892390,26545316.029642142,23468907.0496527,3076.409,3.98211e14,0.0977,-3.93427e6,1.96785e6,-4.93814e-9
1496892420,26526859.127764378,23465683.471341223,3061.176,3.95256e14,0.8390,-3.90351e6,1.95972e6,-4.91778e-9
1496892450,26508415.81541903,23462564.53876895,3045.851,3.99694e14,0.2744,-3.90891e6,1.95152e6,-4.89722e-9
1496892480,26489986.476149753,23459550.380492836,3030.436,4.02748e14,1.0404,-3.90721e6,1.94323e6,-4.87645e-9
1496892510,26471571.494771935,23456641.12084351,3014.930,3.96970e14,0.4090,-3.86234e6,1.93486e6,-4.85548e-9
1496892540,26453171.257367413,23453836.87991134,2999.334,3.98743e14,0.0357,-3.85405e6,1.92641e6,-4.83430e-9
1496892570,26434786.15127915,23451137.773532934,2983.648,4.02722e14,1.0341,-3.85614e6,1.91787e6,-4.81291e-9
1496892600,26416416.56510569,23448543.9132781,2967.873,3.98281e14,0.0801,-3.81755e6,1.90926e6,-4.79132e-9
1496892630,26398062.88871893,23446055.406420927,2952.007,3.97907e14,0.1739,-3.79839e6,1.90056e6,-4.76953e-9
1496892660,26379725.513185818,23443672.35597827,2936.053,4.03490e14,1.2268,-3.80737e6,1.89178e6,-4.74753e-9
1496892690,26361404.83083514,23441394.860647,2920.010,3.94360e14,1.0638,-3.74641e6,1.88292e6,-4.72533e-9
1496892720,26343101.235227976,23439223.014809337,2903.878,3.90197e14,2.1082,-3.70905e6,1.87398e6,-4.70293e-9
1496892750,26324815.12115156,23437156.90852196,2887.658,3.98489e14,0.0280,-3.73002e6,1.86496e6,-4.68032e-9
1496892780,26306546.884612948,23435196.62750567,2871.350,3.95299e14,0.8282,-3.69697e6,1.85586e6,-4.65751e-9
1496892810,26288296.92283257,23433342.253135525,2854.955,3.92559e14,1.5156,-3.66599e6,1.84668e6,-4.63450e-9
1496892840,26270065.634237614,23431593.862431463,2838.472,3.95489e14,0.7805,-3.66113e6,1.83741e6,-4.61128e-9
1496892870,26251853.418455064,23429951.52804936,2821.902,3.99181e14,0.1456,-3.65946e6,1.82807e6,-4.58786e-9
1496892900,26233660.67630481,23428415.318272725,2805.245,3.97856e14,0.1868,-3.63456e6,1.81865e6,-4.56425e-9
1496892930,26215487.809763152,23426985.297025904,2788.503,3.95510e14,0.7752,-3.60493e6,1.80914e6,-4.54043e-9
1496892960,26197335.22204564,23425661.523801394,2771.674,3.99555e14,0.2394,-3.60411e6,1.79956e6,-4.51641e-9
1496892990,26179203.31750888,23424444.053718675,2754.759,4.04652e14,1.5183,-3.60767e6,1.78990e6,-4.49219e-9
1496893020,26161092.50167188,23423332.93749672,2737.760,3.98135e14,0.1168,-3.55893e6,1.78016e6,-4.46777e-9
1496893050,26143003.181207847,23422328.221448258,2720.675,3.93491e14,1.2819,-3.51867e6,1.77033e6,-4.44315e-9
1496893080,26124935.763935924,23421429.94747456,2703.506,3.95979e14,0.6577,-3.51000e6,1.76043e6,-4.41834e-9
1496893110,26106890.65881253,23420638.153060816,2686.253,3.95787e14,0.7057,-3.48927e6,1.75045e6,-4.39332e-9
1496893140,26088868.27592266,23419952.871271845,2668.915,3.94445e14,1.0426,-3.46337e6,1.74039e6,-4.36811e-9
1496893170,26070869.026470993,23419374.13074849,2651.495,3.92717e14,1.4761,-3.43571e6,1.73026e6,-4.34270e-9
1496893200,26052893.322772805,23418901.955704316,2633.991,4.02797e14,1.0528,-3.45896e6,1.72004e6,-4.31710e-9
1496893230,26034941.57827449,23418536.365897547,2616.405,4.06171e14,1.8992,-3.45275e6,1.70975e6,-4.29130e-9
1496893260,26017014.20745214,23418277.37670736,2598.737,3.98477e14,0.0309,-3.39901e6,1.69938e6,-4.26530e-9
1496893290,25999111.62589439,23418124.999053314,2580.987,3.99997e14,0.3502,-3.38456e6,1.68893e6,-4.23911e-9
1496893320,25981234.25026282,23418079.239419457,2563.155,4.05546e14,1.7424,-3.38687e6,1.67841e6,-4.21273e-9
1496893350,25963382.498282276,23418140.099853493,2545.242,3.98294e14,0.0768,-3.33513e6,1.66781e6,-4.18616e-9
1496893380,25945556.788730904,23418307.577966314,2527.249,3.98394e14,0.0519,-3.31420e6,1.65713e6,-4.15939e-9
1496893410,25927757.541430086,23418581.666932188,2509.176,4.05490e14,1.7285,-3.32204e6,1.64638e6,-4.13243e-9
1496893440,25909985.17723409,23418962.355489355,2491.023,3.98932e14,0.0831,-3.27327e6,1.63555e6,-4.10528e-9
1496893470,25892240.118019536,23419449.627941143,2472.790,3.95192e14,0.8552,-3.23621e6,1.62464e6,-4.07794e-9
1496893500,25874522.786674768,23420043.46415765,2454.479,3.92517e14,1.5262,-3.20352e6,1.61366e6,-4.05041e-9
1496893530,25856833.607068885,23420743.8396047,2436.090,3.89053e14,2.3953,-3.16765e6,1.60260e6,-4.02270e-9
1496893560,25839173.004102312,23421550.725263968,2417.622,3.85450e14,3.2991,-3.13127e6,1.59147e6,-3.99479e-9
1496893590,25821541.403633453,23422464.087719012,2399.077,3.89556e14,2.2690,-3.12552e6,1.58027e6,-3.96670e-9
1496893620,25803939.23248713,23423483.88913242,2380.455,3.94671e14,0.9857,-3.12337e6,1.56899e6,-3.93842e-9
1496893650,25786366.91844256,23424610.087250203,2361.757,3.91118e14,1.8772,-3.08690e6,1.55764e6,-3.90996e-9
1496893680,25768824.890221275,23425842.63540679,2342.982,3.89754e14,2.2194,-3.05897e6,1.54621e6,-3.88132e-9
1496893710,25751313.57747476,23427181.48253051,2324.132,3.97405e14,0.2998,-3.06571e6,1.53471e6,-3.85249e-9
1496893740,25733833.41077185,23428626.573149484,2305.207,3.96930e14,0.4191,-3.04080e6,1.52314e6,-3.82348e-9
1496893770,25716384.821585912,23430177.84739816,2286.207,3.96604e14,0.5008,-3.01633e6,1.51150e6,-3.79429e-9
1496893800,25698968.242281884,23431835.241024196,2267.133,3.98545e14,0.0138,-3.00027e6,1.49979e6,-3.76491e-9
1496893830,25681584.10610834,23433598.68536835,2247.985,3.93652e14,1.2413,-2.95843e6,1.48800e6,-3.73536e-9
1496893860,25664232.847167466,23435468.107457384,2228.765,3.95839e14,0.6927,-2.94298e6,1.47614e6,-3.70563e-9
1496893890,25646914.900418214,23437443.42992733,2209.471,3.91031e14,1.8989,-2.90154e6,1.46421e6,-3.67573e-9
1496893920,25629630.70165696,23439524.571059667,2190.106,3.93988e14,1.1571,-2.88856e6,1.45222e6,-3.64564e-9
1496893950,25612380.687503476,23441711.444790494,2170.669,3.98850e14,0.0627,-2.88215e6,1.44015e6,-3.61538e-9
1496893980,25595165.29538657,23444003.960720118,2151.161,3.92918e14,1.4256,-2.83660e6,1.42801e6,-3.58495e-9
1496894010,25577984.96352977,23446402.0241232,2131.583,3.94924e14,0.9222,-2.81951e6,1.41581e6,-3.55435e-9
1496894040,25560840.13093652,23448905.53595929,2111.935,3.98466e14,0.0337,-2.80756e6,1.40353e6,-3.52357e-9
1496894070,25543731.23737519,23451514.392883882,2092.217,3.99468e14,0.2176,-2.78638e6,1.39119e6,-3.49262e-9
1496894100,25526658.7233641,23454228.48725998,2072.430,4.03351e14,1.1919,-2.77498e6,1.37878e6,-3.46150e-9
1496894130,25509623.030160766,23457047.707197364,2052.575,4.01183e14,0.6479,-2.74245e6,1.36631e6,-3.43022e-9
1496894160,25492624.599731926,23459971.936481174,2032.653,3.92430e14,1.5480,-2.68754e6,1.35376e6,-3.39876e-9
1496894190,25475663.8747521,23463001.05466876,2012.663,3.87286e14,2.8386,-2.64520e6,1.34115e6,-3.36715e-9
1496899650,23462564.53876895,25478311.12111294,2015.747,3.85296e14,3.3377,2.64329e6,-1.34407e6,3.37202e-9
1496899680,23459550.380492836,25495279.501126256,2035.729,3.97584e14,0.2551,2.70987e6,-1.35665e6,3.40362e-9
1496899710,23456641.12084351,25512285.524478223,2055.644,4.01587e14,0.7493,2.74864e6,-1.36917e6,3.43505e-9
1496899740,23453836.87991134,25529328.74840683,2075.492,3.92598e14,1.5060,2.74248e6,-1.38162e6,3.46631e-9
1496899770,23451137.773532934,25546408.730856307,2095.271,3.85129e14,3.3796,2.74096e6,-1.39400e6,3.49741e-9
1496899800,23448543.9132781,25563525.03049267,2114.981,3.87153e14,2.8718,2.77232e6,-1.40632e6,3.52834e-9
1496899830,23446055.406420927,25580677.20674498,2134.622,3.98397e14,0.0510,2.83650e6,-1.41857e6,3.55909e-9
1496899860,23443672.35597827,25597864.81974166,2154.192,3.99734e14,0.2843,2.86566e6,-1.43074e6,3.58967e-9
1496899890,23441394.860647,25615087.430404555,2173.693,3.87542e14,2.7743,2.84579e6,-1.44285e6,3.62009e-9
1496899920,23439223.014809337,25632344.60043851,2193.122,3.92344e14,1.5696,2.88708e6,-1.45490e6,3.65032e-9
1496899950,23437156.90852196,25649635.892346118,2212.479,4.00388e14,0.4485,2.94045e6,-1.46687e6,3.68038e-9
1496899980,23435196.62750567,25666960.86944244,2231.764,4.01907e14,0.8297,2.96995e6,-1.47877e6,3.71027e-9
1496900010,23433342.253135525,25684319.095869336,2250.977,4.10139e14,2.8948,3.02451e6,-1.49060e6,3.73998e-9
1496900040,23431593.862431463,25701710.1366097,2270.116,4.01147e14,0.6388,3.01448e6,-1.50236e6,3.76950e-9
1496900070,23429951.52804936,25719133.55750134,2289.182,3.94353e14,1.0657,3.01213e6,-1.51405e6,3.79885e-9
1496900100,23428415.318272725,25736588.925250784,2308.174,3.97460e14,0.2861,3.04715e6,-1.52566e6,3.82802e-9
1496900130,23426985.297025904,25754075.807409197,2327.091,3.96504e14,0.5260,3.06653e6,-1.53721e6,3.85701e-9
1496900160,23425661.523801394,25771593.77250123,2345.932,3.96692e14,0.4788,3.09015e6,-1.54868e6,3.88582e-9
1496900190,23424444.053718675,25789142.389922366,2364.698,4.02250e14,0.9155,3.13466e6,-1.56007e6,3.91444e-9
1496900220,23423332.93749672,25806721.229988847,2383.388,4.02636e14,1.0124,3.15894e6,-1.57140e6,3.94288e-9
1496900250,23422328.221448258,25824329.863949973,2402.002,3.96099e14,0.6274,3.15561e6,-1.58265e6,3.97113e-9
1496900280,23421429.94747456,25841967.86400018,2420.538,3.97974e14,0.1572,3.18540e6,-1.59383e6,3.99920e-9
1496900310,23420638.153060816,25859634.80329091,2438.997,4.01194e14,0.6507,3.22057e6,-1.60493e6,4.02708e-9
1496900340,23419952.871271845,25877330.255942274,2457.377,4.00207e14,0.4031,3.23871e6,-1.61596e6,4.05477e-9
1496900370,23419374.13074849,25895053.797054518,2475.680,3.99420e14,0.2057,3.25745e6,-1.62691e6,4.08228e-9
1496900400,23418901.955704316,25912805.002719253,2493.903,4.05880e14,1.8262,3.30579e6,-1.63779e6,4.10959e-9
1496900430,23418536.365897547,25930583.45007602,2512.047,4.07116e14,2.1364,3.33271e6,-1.64859e6,4.13672e-9
1496900460,23418277.37670736,25948388.717183128,2530.111,3.99494e14,0.2242,3.32267e6,-1.65932e6,4.16365e-9
1496900490,23418124.999053314,25966220.383168615,2548.095,4.01996e14,0.8520,3.35449e6,-1.66997e6,4.19039e-9
1496900520,23418079.239419457,25984078.028195698,2565.999,4.00844e14,0.5628,3.37087e6,-1.68054e6,4.21694e-9
1496900550,23418140.099853493,26001961.233473472,2583.821,3.96151e14,0.6145,3.37202e6,-1.69103e6,4.24330e-9
1496900580,23418307.577966314,26019869.58126741,2601.562,3.99925e14,0.3324,3.40892e6,-1.70145e6,4.26947e-9
1496900610,23418581.666932188,26037802.654909644,2619.221,4.04578e14,1.4997,3.44964e6,-1.71180e6,4.29544e-9
1496900640,23418962.355489355,26055760.038809042,2636.798,4.01889e14,0.8251,3.45871e6,-1.72206e6,4.32121e-9
1496900670,23419449.627941143,26073741.318461157,2654.292,3.93229e14,1.3475,3.44153e6,-1.73225e6,4.34679e-9
1496900700,23420043.46415765,26091746.080457855,2671.703,3.90055e14,2.1439,3.44774e6,-1.74235e6,4.37217e-9
1496900730,23420743.8396047,26109773.912448928,2689.030,3.95174e14,0.8597,3.49010e6,-1.75238e6,4.39736e-9
1496900760,23421550.725263968,26127824.403299112,2706.274,3.98067e14,0.1339,3.52272e6,-1.76233e6,4.42235e-9
1496900790,23422464.087719012,26145897.142949086,2723.433,3.95700e14,0.7278,3.53194e6,-1.77221e6,4.44714e-9
1496900820,23423483.88913242,26163991.722471904,2740.508,3.91764e14,1.7151,3.53386e6,-1.78200e6,4.47173e-9
1496900850,23424610.087250203,26182107.73408135,2757.498,3.95523e14,0.7719,3.57004e6,-1.79171e6,4.49612e-9
1496900880,23425842.63540679,26200244.771140005,2774.402,3.96661e14,0.4866,3.59438e6,-1.80135e6,4.52032e-9
1496900910,23427181.48253051,26218402.42816727,2791.221,3.94849e14,0.9411,3.60522e6,-1.81090e6,4.54431e-9
1496900940,23428626.573149484,26236580.30084699,2807.954,4.00083e14,0.3720,3.64800e6,-1.82038e6,4.56810e-9
1496900970,23430177.84739816,26254777.986035198,2824.600,3.98869e14,0.0674,3.66126e6,-1.82977e6,4.59170e-9
1496901000,23431835.241024196,26272995.081767384,2841.160,3.91312e14,1.8284,3.64503e6,-1.83909e6,4.61509e-9
1496901030,23433598.68536835,26291231.187311526,2857.633,3.88847e14,2.4469,3.65190e6,-1.84832e6,4.63827e-9
1496901060,23435468.107457384,26309485.903034307,2874.018,3.91030e14,1.8993,3.68017e6,-1.85748e6,4.66126e-9
1496901090,23437443.42992733,26327758.83054926,2890.315,3.86491e14,3.0381,3.67689e6,-1.86655e6,4.68405e-9
1496901120,23439524.571059667,26346049.572678167,2906.525,3.94955e14,0.9146,3.73445e6,-1.87554e6,4.70663e-9
1496901150,23441711.444790494,26364357.733458072,2922.646,4.05289e14,1.6781,3.80107e6,-1.88445e6,4.72900e-9
1496901180,23444003.960720118,26382682.918148052,2938.679,3.96670e14,0.4842,3.77793e6,-1.89328e6,4.75118e-9
1496901210,23446402.0241232,26401024.73323591,2954.623,3.95098e14,0.8787,3.78789e6,-1.90203e6,4.77315e-9
1496901240,23448905.53595929,26419382.78644466,2970.477,3.98566e14,0.0086,3.82179e6,-1.91070e6,4.79492e-9
1496901270,23451514.392883882,26437756.686738797,2986.242,3.97960e14,0.1606,3.83605e6,-1.91929e6,4.81648e-9
1496901300,23454228.48725998,26456146.044330485,3001.918,4.04162e14,1.3952,3.88306e6,-1.92779e6,4.83783e-9
1496901330,23457047.707197364,26474550.470648147,3017.503,4.06755e14,2.0457,3.91263e6,-1.93622e6,4.85899e-9
1496901360,23459971.936481174,26492969.57845756,3032.998,3.95602e14,0.7523,3.87507e6,-1.94456e6,4.87993e-9
1496901390,23463001.05466876,26511402.981751908,3048.402,3.93099e14,1.3803,3.87927e6,-1.95282e6,4.90068e-9
1496901420,23466134.93707626,26529850.295794338,3063.715,3.99154e14,0.1389,3.92532e6,-1.96100e6,4.92121e-9
1496901450,23469373.454792693,26548311.137122933,3078.938,3.99724e14,0.2820,3.94435e6,-1.96909e6,4.94154e-9
1496901480,23472716.474694546,26566785.123555616,3094.069,4.00987e14,0.5988,3.96667e6,-1.97711e6,4.96167e-9
1496901510,23476163.85946086,26585271.87419476,3109.108,4.00457e14,0.4658,3.97995e6,-1.98504e6,4.98159e-9
1496901540,23479715.46758867,26603771.00943171,3124.056,3.96469e14,0.5348,3.97575e6,-1.99289e6,5.00130e-9
1496901570,23483371.153408978,26622282.150951136,3138.911,3.75771e14,5.7274,3.88733e6,-2.00066e6,5.02080e-9
1496901600,23487130.767103136,26640804.92173525,3153.674,3.77142e14,5.3835,3.90918e6,-2.00834e6,5.04010e-9
1496901630,23490994.15469063,26659338.946091324,3168.345,3.96065e14,0.6361,4.01972e6,-2.01595e6,5.05920e-9
1496901660,23494961.15813551,26677883.849583328,3182.923,4.03395e14,1.2028,4.07194e6,-2.02347e6,5.07809e-9
1496901690,23499031.615274977,26696439.259108115,3197.408,4.02471e14,0.9712,4.08221e6,-2.03091e6,5.09677e-9
1496901720,23503205.35986595,26715004.80287588,3211.799,3.97645e14,0.2397,4.07232e6,-2.03827e6,5.11524e-9
1496901750,23507482.221603326,26733580.110413823,3226.098,4.02270e14,0.9205,4.11060e6,-2.04554e6,5.13351e-9
1496901780,23511862.026138674,26752164.81256977,3240.303,4.02872e14,1.0717,4.12816e6,-2.05274e6,5.15157e-9
1496901810,23516344.595099248,26770758.541515633,3254.414,3.99518e14,0.2303,4.12513e6,-2.05985e6,5.16943e-9
1496901840,23520929.74610749,26789360.930750754,3268.431,3.92569e14,1.5131,4.10316e6,-2.06688e6,5.18707e-9
1496901870,23525617.29280089,26807971.615105107,3282.354,3.96543e14,0.5162,4.13764e6,-2.07382e6,5.20452e-9
1496901900,23530407.044852227,26826590.230742376,3296.183,4.03892e14,1.3276,4.18971e6,-2.08069e6,5.22175e-9
1496901930,23535298.80801885,26845216.41515261,3309.918,3.98378e14,0.0558,4.17449e6,-2.08747e6,5.23878e-9
1496901960,23540292.384075772,26863849.807186823,3323.557,3.92968e14,1.4132,4.15945e6,-2.09417e6,5.25561e-9
1496901990,23545387.57092505,26882490.047027975,3337.102,3.97402e14,0.3007,4.19598e6,-2.10079e6,5.27223e-9
1496902020,23550584.162589412,26901136.776203718,3350.553,3.99135e14,0.1340,4.21821e6,-2.10733e6,5.28864e-9
1496902050,23555881.949234743,26919789.63758877,3363.908,3.98016e14,0.1466,4.22520e6,-2.11378e6,5.30485e-9
1496902080,23561280.71719284,26938448.275407128,3377.168,3.98461e14,0.0350,4.24031e6,-2.12016e6,5.32085e-9
1496902110,23566780.248984616,26957112.335234288,3390.332,4.03243e14,1.1646,4.27841e6,-2.12645e6,5.33665e-9
1496902140,23572380.323343642,26975781.46399914,3403.401,4.04660e14,1.5202,4.29850e6,-2.13266e6,5.35224e-9
1496902170,23578080.71524,26994455.30998589,3416.375,4.00661e14,0.5170,4.28939e6,-2.13879e6,5.36763e-9
1496902200,23583881.19590455,27013133.52283583,3429.252,3.98447e14,0.0385,4.28960e6,-2.14483e6,5.38281e-9
1496902230,23589781.532831907,27031815.753555737,3442.034,4.01836e14,0.8118,4.31983e6,-2.15080e6,5.39779e-9
1496902260,23595781.489871792,27050501.654498577,3454.720,4.02836e14,1.0626,4.33706e6,-2.15668e6,5.41257e-9
1496902290,23601880.827187665,27069190.879385646,3467.310,3.97324e14,0.3201,4.31882e6,-2.16249e6,5.42714e-9
1496902320,23608079.301303618,27087883.08330122,3479.804,3.96338e14,0.5677,4.32488e6,-2.16821e6,5.44151e-9
1496902350,23614376.66513003,27106577.922693845,3492.201,3.97280e14,0.3312,4.34128e6,-2.17385e6,5.45567e-9
1496902380,23620772.667989522,27125275.05537735,3504.502,3.99029e14,0.1074,4.36195e6,-2.17941e6,5.46963e-9
1496902410,23627267.055643238,27143974.140531994,3516.707,4.00088e14,0.3732,4.37873e6,-2.18489e6,5.48339e-9
1496902440,23633859.570317365,27162674.838705223,3528.815,3.98447e14,0.0385,4.38054e6,-2.19030e6,5.49695e-9
1496902470,23640549.95072996,27181376.811812583,3540.827,3.97844e14,0.1897,4.38786e6,-2.19562e6,5.51031e-9
1496902500,23647337.932118084,27200079.723138306,3552.742,4.01106e14,0.6286,4.41635e6,-2.20086e6,5.52346e-9
1496902530,23654223.24627107,27218783.237321828,3564.560,3.98830e14,0.0577,4.41410e6,-2.20601e6,5.53641e-9
1496902560,23661205.62153993,27237487.020401742,3576.281,3.96306e14,0.5756,4.41026e6,-2.21110e6,5.54917e-9
1496902590,23668284.782883678,27256190.739772644,3587.906,3.97047e14,0.3898,4.42436e6,-2.21610e6,5.56172e-9
1496902620,23675460.451891605,27274894.064199377,3599.434,3.95158e14,0.8636,4.42366e6,-2.22102e6,5.57407e-9
1496902650,23682732.346811756,27293596.6638171,3610.864,3.93428e14,1.2977,4.42364e6,-2.22586e6,5.58623e-9
1496902680,23690100.1825797,27312298.21013127,3622.198,3.92532e14,1.5225,4.42809e6,-2.23062e6,5.59818e-9
1496902710,23697563.670847528,27330998.37601752,3633.435,3.92905e14,1.4289,4.43948e6,-2.23530e6,5.60994e-9
1496902740,23705122.52001307,27349696.83572149,3644.574,3.91339e14,1.8218,4.43982e6,-2.23991e6,5.62150e-9
1496902770,23712776.435249407,27368393.264858533,3655.617,3.91928e14,1.6741,4.45211e6,-2.24443e6,5.63286e-9
1496902800,23720525.11853457,27387087.34041335,3666.562,3.99512e14,0.2288,4.50374e6,-2.24888e6,5.64402e-9
1496902830,23728368.268693272,27405778.740764905,3677.410,4.00808e14,0.5539,4.51982e6,-2.25325e6,5.65499e-9
1496902860,23736305.581390657,27424467.145607926,3688.162,3.99305e14,0.1766,4.51991e6,-2.25754e6,5.66577e-9
1496902890,23744336.749199133,27443152.23603045,3698.815,4.01989e14,0.8501,4.54358e6,-2.26176e6,5.67634e-9
1496902920,23752461.46161717,27461833.694488052,3709.372,4.01374e14,0.6958,4.54840e6,-2.26589e6,5.68673e-9
1496902950,23760679.405100245,27480511.204803362,3719.832,4.01834e14,0.8112,4.55917e6,-2.26995e6,5.69691e-9
1496902980,23768990.263091724,27499184.45216543,3730.194,4.00163e14,0.3921,4.55763e6,-2.27394e6,5.70691e-9
1496903010,23777393.716054156,27517853.123128984,3740.459,3.92818e14,1.4507,4.52347e6,-2.27784e6,5.71671e-9
1496903040,23785889.4415006,27536516.90561374,3750.627,3.96772e14,0.4588,4.55371e6,-2.28167e6,5.72632e-9
1496903070,23794477.1140261,27555175.488903463,3760.698,4.02081e14,0.8731,4.59165e6,-2.28542e6,5.73574e-9
1496903100,23803156.405339383,27573828.563645072,3770.672,3.95352e14,0.8149,4.56038e6,-2.28910e6,5.74496e-9
1496903130,23811926.98427161,27592475.82181583,3780.549,3.92566e14,1.5139,4.55152e6,-2.29270e6,5.75400e-9
1496903160,23820788.516879454,27611116.956820063,3790.328,3.95288e14,0.8311,4.57420e6,-2.29622e6,5.76284e-9
1496903190,23829740.666405745,27629751.663389903,3800.011,3.98564e14,0.0090,4.59998e6,-2.29967e6,5.77150e-9
1496903220,23838783.09333459,27648379.637615446,3809.597,3.98322e14,0.0698,4.60533e6,-2.30304e6,5.77997e-9
1496903250,23847915.45542357,27667000.576943196,3819.085,3.97313e14,0.3231,4.60609e6,-2.30634e6,5.78824e-9
1496903280,23857137.40773595,27685614.180174284,3828.477,3.99138e14,0.1348,4.62310e6,-2.30957e6,5.79634e-9
1496903310,23866448.602673143,27704220.147462793,3837.772,3.92232e14,1.5977,4.58933e6,-2.31272e6,5.80424e-9
1496903340,23875848.6900071,27722818.180313915,3846.969,3.92610e14,1.5028,4.59763e6,-2.31579e6,5.81196e-9
1496903370,23885337.316912994,27741407.981581975,3856.071,4.03538e14,1.2388,4.66718e6,-2.31880e6,5.81949e-9
1496903400,23894914.128001872,27759989.255468566,3865.075,4.03248e14,1.1659,4.67139e6,-2.32173e6,5.82684e-9
1496903430,23904578.765377257,27778561.707549177,3873.983,3.97769e14,0.2085,4.64517e6,-2.32458e6,5.83401e-9
1496903460,23914330.868594572,27797125.044682637,3882.794,3.98733e14,0.0333,4.65636e6,-2.32736e6,5.84099e-9
1496903490,23924170.074768063,27815678.975097828,3891.509,4.01270e14,0.6697,4.67661e6,-2.33007e6,5.84779e-9
1496903520,23934096.01858002,27834223.208362978,3900.127,4.00285e14,0.4227,4.67614e6,-2.33271e6,5.85440e-9
1496903550,23944108.33231419,27852757.455383684,3908.649,4.01685e14,0.7739,4.68949e6,-2.33528e6,5.86084e-9
1496903580,23954206.645889044,27871281.428400826,3917.075,3.97876e14,0.1817,4.67215e6,-2.33777e6,5.86710e-9
1496903610,23964390.586891312,27889794.840988584,3925.404,3.95383e14,0.8071,4.66235e6,-2.34019e6,5.87317e-9
1496903640,23974659.78060947,27908297.40805217,3933.638,3.96361e14,0.5619,4.67278e6,-2.34254e6,5.87907e-9
1496903670,23985013.850067183,27926788.845825735,3941.775,3.95901e14,0.6773,4.67462e6,-2.34482e6,5.88479e-9
1496903700,23995452.416056976,27945268.871870082,3949.816,4.00873e14,0.5701,4.70831e6,-2.34703e6,5.89033e-9
1496903730,24005975.097159065,27963737.205053426,3957.762,3.99449e14,0.2128,4.70420e6,-2.34917e6,5.89570e-9
1496903760,24016581.50982043,27982193.565601483,3965.612,3.93458e14,1.2901,4.67299e6,-2.35124e6,5.90089e-9
1496903790,24027271.268342566,28000637.67504229,3973.366,3.97409e14,0.2988,4.70030e6,-2.35324e6,5.90590e-9
1496903820,24038043.9849299,28019069.256220687,3981.025,3.99312e14,0.1784,4.71540e6,-2.35517e6,5.91074e-9
1496903850,24048899.269723333,28037488.033295773,3988.589,3.98471e14,0.0324,4.71415e6,-2.35703e6,5.91541e-9
1496903880,24059836.73083366,28055893.73173807,3996.057,4.00962e14,0.5923,4.73248e6,-2.35883e6,5.91991e-9
1496903910,24070855.97437511,28074286.07832691,4003.430,3.97923e14,0.1698,4.71794e6,-2.36055e6,5.92423e-9
1496903940,24081956.604498804,28092664.801147547,4010.708,3.98154e14,0.1119,4.72262e6,-2.36221e6,5.92838e-9
1496903970,24093138.22342617,28111029.629588317,4017.891,3.97420e14,0.2961,4.72144e6,-2.36380e6,5.93237e-9
1496904000,24104400.43148242,28129380.29433777,4024.980,3.95365e14,0.8117,4.71228e6,-2.36532e6,5.93618e-9
1496904030,24115742.82713217,28147716.527383555,4031.974,3.94187e14,1.1072,4.70818e6,-2.36677e6,5.93983e-9
1496904060,24127165.007005766,28166038.06200353,4038.873,3.98031e14,0.1429,4.73378e6,-2.36816e6,5.94331e-9
1496904090,24138666.565939896,28184344.632768955,4045.678,3.98971e14,0.0930,4.74201e6,-2.36948e6,5.94662e-9
1496904120,24150247.09700845,28202635.975539386,4052.389,3.98364e14,0.0592,4.74091e6,-2.37074e6,5.94977e-9
1496904150,24161906.19155585,28220911.827459484,4059.006,4.02021e14,0.8581,4.76506e6,-2.37193e6,5.95275e-9
1496904180,24173643.439230204,28239171.926956005,4065.528,4.00269e14,0.4186,4.75688e6,-2.37306e6,5.95556e-9
1496904210,24185458.428016555,28257416.01373455,4071.958,3.97239e14,0.3415,4.74095e6,-2.37412e6,5.95822e-9
1496904240,24197350.744269893,28275643.82877639,4078.293,3.95689e14,0.7304,4.73370e6,-2.37511e6,5.96071e-9
1496904270,24209319.97274829,28293855.114335205,4084.535,3.97597e14,0.2518,4.74693e6,-2.37604e6,5.96304e-9
1496904300,24221365.69664581,28312049.613933854,4090.684,4.00525e14,0.4829,4.76613e6,-2.37691e6,5.96521e-9
1496904330,24233487.49763165,28330227.072372105,4096.740,4.05949e14,1.8437,4.80010e6,-2.37771e6,5.96722e-9
1496904360,24245684.95586401,28348387.23568948,4102.702,4.04529e14,1.4873,4.79312e6,-2.37845e6,5.96908e-9
1496904390,24257957.650041748,28366529.85119546,4108.572,3.98341e14,0.0652,4.75753e6,-2.37913e6,5.97077e-9
1496904420,24270305.157430988,28384654.667455424,4114.350,3.97962e14,0.1602,4.75650e6,-2.37975e6,5.97231e-9
1496904450,24282727.053897757,28402761.434287332,4120.034,3.98614e14,0.0034,4.76150e6,-2.38030e6,5.97369e-9
1496904480,24295222.913940553,28420849.902758356,4125.627,3.98769e14,0.0424,4.76341e6,-2.38079e6,5.97492e-9
1496904510,24307792.3107228,28438919.825181536,4131.128,3.98639e14,0.0096,4.76348e6,-2.38122e6,5.97599e-9
1496904540,24320434.816105157,28456970.955112293,4136.536,3.95669e14,0.7355,4.74647e6,-2.38159e6,5.97691e-9
1496904570,24333150.000677764,28475003.04734517,4141.853,3.97040e14,0.3916,4.75528e6,-2.38190e6,5.97768e-9
1496904600,24345937.43379238,28493015.857910153,4147.078,4.01299e14,0.6771,4.78123e6,-2.38215e6,5.97829e-9
1496904630,24358796.683589756,28511009.144051168,4152.212,3.99630e14,0.2583,4.77163e6,-2.38234e6,5.97876e-9
1496904660,24371727.317045543,28528982.664278273,4157.255,4.01719e14,0.7823,4.78437e6,-2.38247e6,5.97908e-9
1496904690,24384728.899988174,28546936.17830855,4162.207,4.00722e14,0.5321,4.77855e6,-2.38254e6,5.97924e-9
1496904720,24397800.99713481,28564869.447080214,4167.068,3.96415e14,0.5484,4.75281e6,-2.38255e6,5.97926e-9
1496904750,24410943.17212282,28582782.232748922,4171.839,3.96637e14,0.4925,4.75405e6,-2.38250e6,5.97914e-9
1496904780,24424154.987541053,28600674.298683915,4176.519,3.91478e14,1.7868,4.72299e6,-2.38239e6,5.97886e-9
1496904810,24437436.004960973,28618545.40946429,4181.109,3.91367e14,1.8147,4.72200e6,-2.38223e6,5.97845e-9
1496904840,24450785.78496763,28636395.330874994,4185.610,3.99179e14,0.1451,4.76825e6,-2.38201e6,5.97788e-9
1496904870,24464203.887190454,28654223.829903115,4190.020,3.99657e14,0.2651,4.77055e6,-2.38173e6,5.97718e-9
1496904900,24477689.87033397,28672030.67473384,4194.341,3.97825e14,0.1946,4.75893e6,-2.38140e6,5.97633e-9
1496904930,24491243.29220644,28689815.63476395,4198.572,3.94806e14,0.9520,4.74011e6,-2.38101e6,5.97535e-9
1496904960,24504863.709755965,28707578.480544783,4202.715,3.94664e14,0.9875,4.73837e6,-2.38056e6,5.97422e-9
1496904990,24518550.679094728,28725318.983831186,4206.768,3.99731e14,0.2837,4.76764e6,-2.38006e6,5.97295e-9
1496905020,24532303.75553091,28743036.91756064,4210.733,3.97539e14,0.2664,4.75342e6,-2.37950e6,5.97155e-9
1496905050,24546122.49359858,28760732.055849485,4214.610,3.97041e14,0.3912,4.74923e6,-2.37889e6,5.97000e-9
1496905080,24560006.447087336,28778404.17398907,4218.398,3.95351e14,0.8152,4.73781e6,-2.37823e6,5.96832e-9
1496905110,24573955.169071805,28796053.048441924,4222.098,3.94421e14,1.0486,4.73082e6,-2.37751e6,5.96651e-9
1496905140,24587968.211940978,28813678.45683799,4225.710,3.95735e14,0.7190,4.73712e6,-2.37673e6,5.96456e-9
1496905170,24602045.127427354,28831280.17797071,4229.235,3.89724e14,2.2270,4.69963e6,-2.37591e6,5.96248e-9
1496905200,24616185.46663596,28848857.99179324,4232.673,3.92929e14,1.4228,4.71699e6,-2.37503e6,5.96026e-9
1496905230,24630388.780078683,28866411.679405034,4236.023,3.98312e14,0.0725,4.74720e6,-2.37410e6,5.95791e-9
1496905260,24644654.617685582,28883941.023077056,4239.286,3.99563e14,0.2416,4.75269e6,-2.37311e6,5.95544e-9
1496905290,24658982.52885096,28901445.80621914,4242.463,4.00804e14,0.5528,4.75799e6,-2.37208e6,5.95283e-9
1496905320,24673372.06245583,28918925.81338516,4245.554,3.98863e14,0.0659,4.74426e6,-2.37099e6,5.95009e-9
1496905350,24687822.76689613,28936380.83026913,4248.558,3.97790e14,0.2034,4.73560e6,-2.36985e6,5.94723e-9
1496905380,24702334.190110527,28953810.64370112,4251.476,4.00454e14,0.4651,4.74906e6,-2.36866e6,5.94424e-9
1496905410,24716905.879608266,28971215.041643262,4254.309,4.05364e14,1.6968,4.77574e6,-2.36743e6,5.94112e-9
1496905440,24731537.382496614,28988593.81318567,4257.056,4.01611e14,0.7552,4.75085e6,-2.36614e6,5.93788e-9
1496905470,24746228.24550818,29005946.74854236,4259.719,3.97921e14,0.1704,4.72627e6,-2.36480e6,5.93451e-9
1496905500,24760978.015028037,29023273.639047194,4262.296,4.02810e14,1.0560,4.75249e6,-2.36341e6,5.93102e-9
1496905530,24775786.237117708,29040574.277151655,4264.788,4.04808e14,1.5573,4.76144e6,-2.36198e6,5.92741e-9
1496905560,24790652.457551036,29057848.45641508,4267.196,4.03445e14,1.2155,4.75037e6,-2.36049e6,5.92367e-9
1496905590,24805576.22183134,29075095.971505824,4269.520,4.02102e14,0.8784,4.73933e6,-2.35896e6,5.91982e-9
1496905620,24820557.075220663,29092316.61819556,4271.760,3.98999e14,0.1000,4.71780e6,-2.35738e6,5.91585e-9
1496905650,24835594.56276588,29109510.193355106,4273.916,4.00719e14,0.5314,4.72471e6,-2.35576e6,5.91176e-9
1496905680,24850688.22932444,29126676.4949503,4275.988,3.99584e14,0.2466,4.71464e6,-2.35408e6,5.90755e-9
1496905710,24865837.619590055,29143815.322037846,4277.978,3.98416e14,0.0462,4.70430e6,-2.35236e6,5.90322e-9
1496905740,24881042.278118018,29160926.474761248,4279.884,4.00073e14,0.3695,4.71054e6,-2.35060e6,5.89878e-9
1496905770,24896301.749350406,29178009.754346583,4281.708,4.00478e14,0.4710,4.70929e6,-2.34879e6,5.89422e-9
1496905800,24911615.577641014,29195064.96309841,4283.449,4.00067e14,0.3679,4.70314e6,-2.34693e6,5.88955e-9
1496905830,24926983.30727968,29212091.90439453,4285.109,3.97247e14,0.3396,4.68273e6,-2.34503e6,5.88477e-9
1496905860,24942404.48251787,29229090.382685017,4286.686,3.98610e14,0.0024,4.68686e6,-2.34308e6,5.87987e-9
1496905890,24957878.647592016,29246060.203485254,4288.182,4.03931e14,1.3372,4.71413e6,-2.34109e6,5.87487e-9
1496905920,24973405.34674781,29263001.17337258,4289.596,4.00987e14,0.5987,4.69275e6,-2.33906e6,5.86975e-9
1496905950,24988984.124264,29279913.09998222,4290.929,3.99162e14,0.1409,4.67787e6,-2.33698e6,5.86453e-9
1496905980,25004614.524476018,29296795.792003013,4292.181,4.06614e14,2.0104,4.71728e6,-2.33486e6,5.85919e-9
1496906010,25020296.09179936,29313649.059173364,4293.353,4.04960e14,1.5954,4.70323e6,-2.33269e6,5.85375e-9
1496906040,25036028.370752677,29330472.712277055,4294.444,3.98982e14,0.0957,4.66381e6,-2.33049e6,5.84820e-9
1496906070,25051810.905980695,29347266.56313906,4295.456,3.96792e14,0.4538,4.64651e6,-2.32824e6,5.84255e-9
1496906100,25067643.242276914,29364030.424621373,4296.387,4.00192e14,0.3993,4.66178e6,-2.32595e6,5.83679e-9
1496906130,25083524.924606416,29380764.11062404,4297.239,4.01922e14,0.8332,4.66719e6,-2.32361e6,5.83093e-9
1496906160,25099455.498126984,29397467.436065383,4298.012,3.98294e14,0.0770,4.64129e6,-2.32124e6,5.82497e-9
1496906190,25115434.508212123,29414140.216893155,4298.706,4.00246e14,0.4129,4.64782e6,-2.31883e6,5.81890e-9
1496906220,25131461.50047252,29430782.27007552,4299.321,4.05548e14,1.7429,4.67372e6,-2.31638e6,5.81273e-9
1496906250,25147536.020777557,29447393.413597,4299.857,4.04959e14,1.5951,4.66526e6,-2.31388e6,5.80646e-9
1496906280,25163657.615276672,29463973.46645432,4300.316,3.97098e14,0.3768,4.61456e6,-2.31135e6,5.80010e-9
1496906310,25179825.830420386,29480522.24865235,4300.696,3.98766e14,0.0416,4.61908e6,-2.30878e6,5.79363e-9
1496906340,25196040.212981224,29497039.581199966,4300.999,4.01491e14,0.7251,4.62962e6,-2.30617e6,5.78707e-9
1496906370,25212300.31007426,29513525.286106013,4301.225,3.96798e14,0.4522,4.59717e6,-2.30352e6,5.78041e-9
1496906400,25228605.669177603,29529979.186375167,4301.374,3.99545e14,0.2370,4.60767e6,-2.30083e6,5.77365e-9
1496906430,25244955.83815714,29546401.10599622,4301.445,4.02808e14,1.0555,4.62102e6,-2.29810e6,5.76680e-9
1496906460,25261350.36527216,29562790.869961463,4301.441,3.99920e14,0.3311,4.59882e6,-2.29534e6,5.75986e-9
1496906490,25277788.799209546,29579148.304239284,4301.360,4.00650e14,0.5142,4.59741e6,-2.29254e6,5.75282e-9
1496906520,25294270.689098515,29595473.235777546,4301.203,4.02664e14,1.0196,4.60329e6,-2.28970e6,5.74569e-9
1496906550,25310795.584529955,29611765.492499378,4300.970,3.98907e14,0.0770,4.57595e6,-2.28683e6,5.73847e-9
1496906580,25327363.035575405,29628024.90329913,4300.662,3.93648e14,1.2424,4.53998e6,-2.28392e6,5.73116e-9
1496906610,25343972.592805956,29644251.298038185,4300.279,3.99804e14,0.3020,4.56936e6,-2.28098e6,5.72376e-9
1496906640,25360623.807310726,29660444.50754082,4299.821,4.00206e14,0.4028,4.56568e6,-2.27800e6,5.71627e-9
1496906670,25377316.23071522,29676604.36359009,4299.288,3.96295e14,0.5784,4.53731e6,-2.27498e6,5.70869e-9
1496906700,25394049.415199436,29692730.698923685,4298.681,4.00776e14,0.5458,4.55677e6,-2.27193e6,5.70103e-9
1496906730,25410822.913502276,29708823.347237058,4298.000,3.99626e14,0.2573,4.54403e6,-2.26885e6,5.69328e-9
1496906760,25427636.27898057,29724882.143157095,4297.246,4.01740e14,0.7876,4.54979e6,-2.26573e6,5.68544e-9
1496906790,25444489.06558498,29740906.922260117,4296.418,4.02049e14,0.8653,4.54522e6,-2.26257e6,5.67752e-9
1496906820,25461380.827890422,29756897.521060735,4295.517,4.02183e14,0.8988,4.53957e6,-2.25939e6,5.66951e-9
1496906850,25478311.12111294,29772853.77700779,4294.543,4.02997e14,1.1031,4.53771e6,-2.25617e6,5.66143e-9
1496906880,25495279.501126256,29788775.528480317,4293.496,3.97645e14,0.2396,4.50091e6,-2.25292e6,5.65326e-9
1496906910,25512285.524478223,29804662.614783533,4292.377,3.99517e14,0.2299,4.50491e6,-2.24963e6,5.64500e-9
1496906940,25529328.74840683,29820514.876144838,4291.186,4.03150e14,1.1414,4.51874e6,-2.24632e6,5.63667e-9
1496906970,25546408.730856307,29836332.15370979,4289.923,4.00713e14,0.5300,4.49829e6,-2.24297e6,5.62826e-9
1496907000,25563525.03049267,29852114.289538138,4288.589,3.96523e14,0.5212,4.46796e6,-2.23959e6,5.61977e-9
1496907030,25580677.20674498,29867861.126593467,4287.184,3.97352e14,0.3133,4.46580e6,-2.23618e6,5.61120e-9
1496907060,25597864.81974166,29883572.50875871,4285.708,4.03600e14,1.2543,4.49393e6,-2.23274e6,5.60256e-9
1496907090,25615087.430404555,29899248.280812684,4284.161,4.03666e14,1.2709,4.48731e6,-2.22927e6,5.59384e-9
1496907120,25632344.60043851,29914888.288432416,4282.544,3.97427e14,0.2943,4.44541e6,-2.22577e6,5.58504e-9
1496907150,25649635.892346118,29930492.378189087,4280.856,3.96068e14,0.6354,4.43078e6,-2.22224e6,5.57616e-9
1496907180,25666960.86944244,29946060.39754401,4279.100,3.96141e14,0.6170,4.42408e6,-2.21868e6,5.56722e-9
1496907210,25684319.095869336,29961592.19484477,4277.273,3.92496e14,1.5315,4.39665e6,-2.21508e6,5.55820e-9
1496907240,25701710.1366097,29977087.619321086,4275.377,3.97290e14,0.3287,4.41607e6,-2.21147e6,5.54911e-9
1496907270,25719133.55750134,29992546.521080915,4273.413,4.01900e14,0.8278,4.43432e6,-2.20782e6,5.53994e-9
1496907300,25736588.925250784,30007968.751106493,4271.380,4.00749e14,0.5389,4.42056e6,-2.20414e6,5.53071e-9
1496907330,25754075.807409197,30023354.16125744,4269.278,3.98893e14,0.0735,4.40289e6,-2.20044e6,5.52140e-9
1496907360,25771593.77250123,30038702.60424498,4267.109,3.99361e14,0.1908,4.39799e6,-2.19671e6,5.51203e-9
1496907390,25789142.389922366,30054013.933649987,4264.872,4.01006e14,0.6036,4.39952e6,-2.19295e6,5.50258e-9
1496907420,25806721.229988847,30069288.003911905,4262.567,4.00358e14,0.4409,4.38836e6,-2.18916e6,5.49307e-9
1496907450,25824329.863949973,30084524.670325033,4260.195,4.01560e14,0.7425,4.38730e6,-2.18535e6,5.48349e-9
1496907480,25841967.86400018,30099723.78903451,4257.756,3.99053e14,0.1135,4.36586e6,-2.18151e6,5.47385e-9
1496907510,25859634.80329091,30114885.217032652,4255.250,3.97633e14,0.2427,4.35036e6,-2.17764e6,5.46414e-9
1496907540,25877330.255942274,30130008.81215501,4252.679,3.99158e14,0.1399,4.35090e6,-2.17375e6,5.45436e-9
1496907570,25895053.797054518,30145094.43307654,4250.041,3.97632e14,0.2430,4.33475e6,-2.16983e6,5.44452e-9
1496907600,25912805.002719253,30160141.939307887,4247.337,3.97748e14,0.2137,4.32750e6,-2.16589e6,5.43462e-9
1496907630,25930583.45007602,30175151.19117987,4244.568,3.98608e14,0.0018,4.32423e6,-2.16192e6,5.42465e-9
1496907660,25948388.717183128,30190122.049875587,4241.733,3.96851e14,0.4390,4.30673e6,-2.15793e6,5.41462e-9
1496907690,25966220.383168615,30205054.377390627,4238.834,3.94915e14,0.9245,4.28825e6,-2.15391e6,5.40453e-9
1496907720,25984078.028195698,30219948.03654079,4235.870,4.01711e14,0.7804,4.31686e6,-2.14987e6,5.39438e-9
1496907750,26001961.233473472,30234802.890958346,4232.842,4.01900e14,0.8279,4.30971e6,-2.14581e6,5.38417e-9
1496907780,26019869.58126741,30249618.805088162,4229.749,3.95964e14,0.6615,4.26959e6,-2.14172e6,5.37390e-9
1496907810,26037802.654909644,30264395.644183893,4226.593,3.95849e14,0.6902,4.26077e6,-2.13761e6,5.36357e-9
1496907840,26055760.038809042,30279133.274304215,4223.373,3.97075e14,0.3828,4.25909e6,-2.13347e6,5.35319e-9
1496907870,26073741.318461157,30293831.562309027,4220.090,4.04924e14,1.5865,4.29272e6,-2.12931e6,5.34274e-9
1496907900,26091746.080457855,30308490.37585574,4216.744,4.05103e14,1.6313,4.28524e6,-2.12513e6,5.33224e-9
1496907930,26109773.912448928,30323109.58341634,4213.336,3.96196e14,0.6033,4.22936e6,-2.12093e6,5.32169e-9
1496907960,26127824.403299112,30337689.054209415,4209.865,3.95689e14,0.7305,4.21824e6,-2.11671e6,5.31107e-9
1496907990,26145897.142949086,30352228.658261057,4206.332,3.98597e14,0.0009,4.22519e6,-2.11246e6,5.30041e-9
1496908020,26163991.722471904,30366728.266380433,4202.737,4.00777e14,0.5461,4.22818e6,-2.10819e6,5.28969e-9
1496908050,26182107.73408135,30381187.750156242,4199.080,4.02819e14,1.0583,4.23035e6,-2.10390e6,5.27892e-9
1496908080,26200244.771140005,30395606.981953286,4195.362,3.98508e14,0.0231,4.19897e6,-2.09959e6,5.26809e-9
1496908110,26218402.42816727,30409985.83490894,4191.583,3.99927e14,0.3329,4.19777e6,-2.09526e6,5.25721e-9
1496908140,26236580.30084699,30424324.182929724,4187.744,4.00221e14,0.4067,4.19059e6,-2.09091e6,5.24629e-9
1496908170,26254777.986035198,30438621.900687825,4183.844,3.97316e14,0.3224,4.16661e6,-2.08654e6,5.23531e-9
1496908200,26272995.081767384,30452878.863617517,4179.884,4.03010e14,1.1063,4.18758e6,-2.08215e6,5.22428e-9
1496908230,26291231.187311526,30467094.947881807,4175.864,4.08507e14,2.4853,4.20736e6,-2.07774e6,5.21320e-9
1496908260,26309485.903034307,30481270.030461524,4171.784,4.07644e14,2.2689,4.19390e6,-2.07331e6,5.20207e-9
1496908290,26327758.83054926,30495403.989058852,4167.645,4.00903e14,0.5776,4.14990e6,-2.06886e6,5.19090e-9
1496908320,26346049.572678167,30509496.702123772,4163.447,3.94765e14,0.9623,4.10914e6,-2.06439e6,5.17967e-9
1496908350,26364357.733458072,30523548.048850264,4159.190,3.97087e14,0.3797,4.11221e6,-2.05990e6,5.16841e-9
1496908380,26382682.918148052,30537557.90917273,4154.875,4.00453e14,0.4648,4.12057e6,-2.05539e6,5.15709e-9
1496908410,26401024.73323591,30551526.16376223,4150.501,4.00521e14,0.4819,4.11184e6,-2.05087e6,5.14573e-9
1496908440,26419382.78644466,30565452.69402281,4146.070,3.95793e14,0.7043,4.07846e6,-2.04633e6,5.13432e-9
1496908470,26437756.686738797,30579337.38208789,4141.581,3.99463e14,0.2163,4.08816e6,-2.04177e6,5.12287e-9
1496908500,26456146.044330485,30593180.11081662,4137.034,4.01710e14,0.7800,4.09048e6,-2.03719e6,5.11138e-9
1496908530,26474550.470648147,30606980.76382199,4132.430,3.90603e14,2.0065,4.02461e6,-2.03260e6,5.09984e-9
1496908560,26492969.57845756,30620739.22536944,4127.770,3.94824e14,0.9474,4.03695e6,-2.02799e6,5.08826e-9
1496908590,26511402.981751908,30634455.38047144,4123.052,3.97212e14,0.3483,4.03986e6,-2.02336e6,5.07664e-9
1496908620,26529850.295794338,30648129.11485245,4118.279,3.94568e14,1.0116,4.01719e6,-2.01871e6,5.06497e-9
1496908650,26548311.137122933,30661760.314945698,4113.449,4.00903e14,0.5776,4.03992e6,-2.01405e6,5.05327e-9
1496908680,26566785.123555616,30675348.867889903,4108.564,3.95412e14,0.7999,4.00285e6,-2.00937e6,5.04152e-9
1496908710,26585271.87419476,30688894.661526192,4103.623,3.94780e14,0.9585,3.99032e6,-2.00468e6,5.02973e-9
1496908740,26603771.00943171,30702397.584394816,4098.627,4.01151e14,0.6398,4.01291e6,-1.99997e6,5.01791e-9
1496908770,26622282.150951136,30715857.52573209,4093.575,3.96152e14,0.6144,3.97840e6,-1.99525e6,5.00605e-9
1496908800,26640804.92173525,30729274.375467192,4088.469,3.93663e14,1.2387,3.95652e6,-1.99051e6,4.99414e-9
1496908830,26659338.946091324,30742648.024194192,4083.309,3.96559e14,0.5122,3.96149e6,-1.98575e6,4.98221e-9
1496908860,26677883.849583328,30755978.363245554,4078.095,3.96138e14,0.6177,3.94988e6,-1.98098e6,4.97023e-9
1496908890,26696439.259108115,30769265.284612287,4072.826,4.00221e14,0.4064,3.96058e6,-1.97620e6,4.95822e-9
1496908920,26715004.80287588,30782508.680965353,4067.504,4.00029e14,0.3583,3.95001e6,-1.97140e6,4.94617e-9
1496908950,26733580.110413823,30795708.44565252,4062.128,3.95567e14,0.7611,3.91835e6,-1.96659e6,4.93408e-9
1496908980,26752164.81256977,30808864.47269492,4056.700,3.97608e14,0.2490,3.91877e6,-1.96176e6,4.92196e-9
1496909010,26770758.541515633,30821976.656783946,4051.218,4.01335e14,0.6859,3.92740e6,-1.95692e6,4.90981e-9
1496909040,26789360.930750754,30835044.893277805,4045.684,4.01810e14,0.8053,3.91998e6,-1.95207e6,4.89762e-9
1496909070,26807971.615105107,30848069.078198366,4040.097,4.00589e14,0.4989,3.90424e6,-1.94720e6,4.88540e-9
1496909100,26826590.230742376,30861049.10822783,4034.459,3.97558e14,0.2616,3.87968e6,-1.94232e6,4.87314e-9
1496909130,26845216.41515261,30873984.8807222,4028.768,3.96740e14,0.4668,3.86592e6,-1.93743e6,4.86086e-9
1496909160,26863849.807186823,30886876.29365679,4023.026,3.97202e14,0.3508,3.85837e6,-1.93252e6,4.84854e-9
1496909190,26882490.047027975,30899723.24567434,4017.233,3.91250e14,1.8441,3.81976e6,-1.92760e6,4.83619e-9
1496909220,26901136.776203718,30912525.63606535,4011.389,3.96961e14,0.4113,3.83753e6,-1.92267e6,4.82380e-9
1496909250,26919789.63758877,30925283.36476505,4005.494,4.04644e14,1.5163,3.86463e6,-1.91773e6,4.81139e-9
1496909280,26938448.275407128,30937996.3323504,3999.548,4.00503e14,0.4774,3.83477e6,-1.91277e6,4.79895e-9
1496909310,26957112.335234288,30950664.440037012,3993.552,3.93349e14,1.3175,3.79056e6,-1.90780e6,4.78648e-9
1496909340,26975781.46399914,30963287.58967629,3987.506,3.90475e14,2.0385,3.76694e6,-1.90283e6,4.77398e-9
1496909370,26994455.30998589,30975865.683752336,3981.410,3.99046e14,0.1119,3.79787e6,-1.89784e6,4.76145e-9
1496909400,27013133.52283583,30988398.62537903,3975.265,3.99294e14,0.1741,3.78904e6,-1.89283e6,4.74889e-9
1496909430,27031815.753555737,31000886.31828383,3969.071,3.93111e14,1.3771,3.74972e6,-1.88782e6,4.73630e-9
1496909460,27050501.654498577,31013328.66684574,3962.827,3.97093e14,0.3781,3.75854e6,-1.88280e6,4.72369e-9
1496909490,27069190.879385646,31025725.57605138,3956.535,3.98098e14,0.1260,3.75322e6,-1.87776e6,4.71105e-9
1496909520,27087883.08330122,31038076.951505244,3950.194,3.96227e14,0.5955,3.73434e6,-1.87272e6,4.69838e-9
1496909550,27106577.922693845,31050382.699426744,3943.805,3.96161e14,0.6121,3.72395e6,-1.86766e6,4.68569e-9
1496909580,27125275.05537735,31062642.726647135,3937.368,4.00342e14,0.4369,3.73339e6,-1.86260e6,4.67297e-9
1496909610,27143974.140531994,31074856.94060665,3930.883,4.00901e14,0.5771,3.72581e6,-1.85752e6,4.66023e-9
1496909640,27162674.838705223,31087025.24935143,3924.350,3.95809e14,0.7002,3.69195e6,-1.85244e6,4.64746e-9
1496909670,27181376.811812583,31099147.56153072,3917.771,3.96042e14,0.6418,3.68287e6,-1.84734e6,4.63467e-9
1496909700,27200079.723138306,31111223.78639382,3911.144,4.00820e14,0.5569,3.69477e6,-1.84224e6,4.62186e-9
1496909730,27218783.237321828,31123253.83380474,3904.471,3.99986e14,0.3476,3.68067e6,-1.83712e6,4.60902e-9
1496909760,27237487.020401742,31135237.614185408,3897.751,3.97198e14,0.3518,3.65759e6,-1.83200e6,4.59616e-9
1496909790,27256190.739772644,31147175.038566824,3890.984,4.02546e14,0.9899,3.67185e6,-1.82687e6,4.58327e-9
1496909820,27274894.064199377,31159066.018568832,3884.172,4.02805e14,1.0548,3.66269e6,-1.82173e6,4.57037e-9
1496909850,27293596.6638171,31170910.466397483,3877.314,3.98036e14,0.1416,3.63060e6,-1.81658e6,4.55744e-9
1496909880,27312298.21013127,31182708.294842213,3870.410,4.03488e14,1.2261,3.64507e6,-1.81142e6,4.54449e-9
1496909910,27330998.37601752,31194459.417273317,3863.461,4.06475e14,1.9756,3.64820e6,-1.80625e6,4.53152e-9
1496909940,27349696.83572149,31206163.747639187,3856.467,3.98600e14,0.0001,3.60216e6,-1.80108e6,4.51853e-9
1496909970,27368393.264858533,31217821.20046361,3849.428,3.99200e14,0.1505,3.59450e6,-1.79590e6,4.50551e-9
1496910000,27387087.34041335,31229431.690843202,3842.344,3.99877e14,0.3204,3.58715e6,-1.79071e6,4.49248e-9
1496910030,27405778.740764905,31240995.13441639,3835.216,3.95772e14,0.7095,3.55834e6,-1.78551e6,4.47943e-9
1496910060,27424467.145607926,31252511.447447963,3828.044,3.91423e14,1.8007,3.52854e6,-1.78030e6,4.46636e-9
1496910090,27443152.23603045,31263980.54673907,3820.828,3.89379e14,2.3135,3.50910e6,-1.77509e6,4.45327e-9
1496910120,27461833.694488052,31275402.349652555,3813.569,3.96070e14,0.6348,3.52848e6,-1.76987e6,4.44017e-9
1496910150,27480511.204803362,31286776.77411019,3806.266,3.95195e14,0.8544,3.51418e6,-1.76464e6,4.42704e-9
1496910180,27499184.45216543,31298103.738589823,3798.919,3.95841e14,0.6922,3.50661e6,-1.75940e6,4.41390e-9
1496910210,27517853.123128984,31309383.16212263,3791.530,4.02367e14,0.9449,3.52487e6,-1.75416e6,4.40074e-9
1496910240,27536516.90561374,31320614.964290228,3784.098,4.02865e14,1.0699,3.51651e6,-1.74891e6,4.38756e-9
1496910270,27555175.488903463,31331799.065222066,3776.624,3.96938e14,0.4170,3.48001e6,-1.74366e6,4.37437e-9
1496910300,27573828.563645072,31342935.385592595,3769.107,3.96118e14,0.6228,3.46593e6,-1.73839e6,4.36116e-9
1496910330,27592475.82181583,31354023.846653707,3761.548,4.02938e14,1.0882,3.48507e6,-1.73313e6,4.34793e-9
1496910360,27611116.956820063,31365064.37012394,3753.947,4.04273e14,1.4232,3.48025e6,-1.72785e6,4.33469e-9
1496910390,27629751.663389903,31376056.878294326,3746.305,4.02314e14,0.9316,3.46114e6,-1.72257e6,4.32143e-9
1496910420,27648379.637615446,31387001.293991003,3738.622,4.02950e14,1.0913,3.45326e6,-1.71728e6,4.30816e-9
1496910450,27667000.576943196,31397897.54057285,3730.897,3.98889e14,0.0723,3.42517e6,-1.71199e6,4.29488e-9
1496910480,27685614.180174284,31408745.541929353,3723.131,3.95530e14,0.7702,3.40019e6,-1.70669e6,4.28158e-9
1496910510,27704220.147462793,31419545.22247831,3715.325,4.03350e14,1.1914,3.42299e6,-1.70139e6,4.26826e-9
1496910540,27722818.180313915,31430296.507163655,3707.478,3.98635e14,0.0087,3.39225e6,-1.69608e6,4.25493e-9
1496910570,27741407.981581975,31440999.321453243,3699.591,3.82507e14,4.0376,3.31320e6,-1.69077e6,4.24159e-9
1496910600,27759989.255468566,31451653.591336723,3691.664,3.86242e14,3.1005,3.31857e6,-1.68545e6,4.22824e-9
1496910630,27778561.707549177,31462259.24329732,3683.698,3.94670e14,0.9860,3.34361e6,-1.68012e6,4.21487e-9
1496910660,27797125.044682637,31472816.204389945,3675.691,3.98867e14,0.0670,3.35063e6,-1.67479e6,4.20149e-9
1496910690,27815678.975097828,31483324.402158447,3667.645,3.98577e14,0.0058,3.33874e6,-1.66946e6,4.18810e-9
1496910720,27834223.208362978,31493783.76465941,3659.561,3.92128e14,1.6237,3.30114e6,-1.66412e6,4.17470e-9
1496910750,27852757.455383684,31504194.220459733,3651.437,3.89299e14,2.3335,3.27876e6,-1.65877e6,4.16128e-9
1496910780,27871281.428400826,31514555.69863426,3643.274,3.95096e14,0.8791,3.29223e6,-1.65342e6,4.14786e-9
1496910810,27889794.840988584,31524868.128763508,3635.073,4.01185e14,0.6485,3.30674e6,-1.64807e6,4.13442e-9
1496910840,27908297.40805217,31535131.440931164,3626.834,3.99095e14,0.1242,3.28738e6,-1.64271e6,4.12097e-9
1496910870,27926788.845825735,31545345.56572183,3618.557,3.96751e14,0.4640,3.26701e6,-1.63735e6,4.10751e-9
1496910900,27945268.871870082,31555510.434218626,3610.242,3.94630e14,0.9962,3.24762e6,-1.63199e6,4.09405e-9
1496910930,27963737.205053426,31565625.978010777,3601.889,3.95313e14,0.8248,3.23972e6,-1.62662e6,4.08057e-9
1496910960,27982193.565601483,31575692.12916053,3593.499,4.06615e14,2.0107,3.27498e6,-1.62125e6,4.06708e-9
1496910990,28000637.67504229,31585708.82023176,3585.071,4.00903e14,0.5776,3.24096e6,-1.61587e6,4.05358e-9
1496911020,28019069.256220687,31595675.984277666,3576.607,3.90877e14,1.9377,3.18966e6,-1.61049e6,4.04008e-9
1496911050,28037488.033295773,31605593.554838542,3568.106,4.01285e14,0.6734,3.22090e6,-1.60510e6,4.02656e-9
1496911080,28055893.73173807,31615461.46593952,3559.568,3.99841e14,0.3112,3.20429e6,-1.59972e6,4.01304e-9
1496911110,28074286.07832691,31625279.65208842,3550.994,3.92867e14,1.4383,3.16560e6,-1.59433e6,3.99951e-9
1496911140,28092664.801147547,31635048.04827344,3542.383,3.94016e14,1.1502,3.15947e6,-1.58893e6,3.98597e-9
1496911170,28111029.629588317,31644766.5899611,3533.737,4.01669e14,0.7699,3.17914e6,-1.58354e6,3.97242e-9
1496911200,28129380.29433777,31654435.213093918,3525.055,4.02387e14,0.9499,3.17113e6,-1.57814e6,3.95887e-9
1496911230,28147716.527383555,31664053.85408231,3516.337,3.99403e14,0.2014,3.14850e6,-1.57273e6,3.94531e-9
1496911260,28166038.06200353,31673622.449821115,3507.584,3.94533e14,1.0204,3.11853e6,-1.56733e6,3.93174e-9
1496911290,28184344.632768955,31683140.937668644,3498.796,3.98192e14,0.1025,3.12210e6,-1.56192e6,3.91816e-9
1496911320,28202635.975539386,31692609.25545058,3489.973,4.05368e14,1.6977,3.13930e6,-1.55651e6,3.90458e-9
1496911350,28220911.827459484,31702027.341457896,3481.116,3.96579e14,0.5072,3.09418e6,-1.55109e6,3.89099e-9
1496911380,28239171.926956005,31711395.134444706,3472.223,3.94659e14,0.9889,3.07593e6,-1.54568e6,3.87740e-9
1496911410,28257416.01373455,31720712.573626235,3463.297,3.99960e14,0.3410,3.08562e6,-1.54026e6,3.86380e-9
1496911440,28275643.82877639,31729979.598676667,3454.336,3.95871e14,0.6847,3.05902e6,-1.53484e6,3.85019e-9
1496911470,28293855.114335205,31739196.149727177,3445.341,3.92460e14,1.5404,3.03512e6,-1.52941e6,3.83658e-9
1496911500,28312049.613933854,31748362.16736385,3436.313,3.96141e14,0.6171,3.03842e6,-1.52399e6,3.82296e-9
1496911530,28330227.072372105,31757477.59263992,3427.251,3.93887e14,1.1826,3.01901e6,-1.51856e6,3.80934e-9
1496911560,28348387.23568948,31766542.36703003,3418.155,3.95582e14,0.7572,3.01465e6,-1.51313e6,3.79571e-9
1496911590,28366529.85119546,31775556.43247223,3409.027,4.00146e14,0.3876,3.02109e6,-1.50770e6,3.78208e-9
1496911620,28384654.667455424,31784519.731351893,3399.865,3.91752e14,1.7182,2.97856e6,-1.50227e6,3.76845e-9
1496911650,28402761.434287332,31793432.206499945,3390.671,3.88064e14,2.6433,2.95394e6,-1.49684e6,3.75481e-9
1496911680,28420849.902758356,31802293.801191058,3381.444,3.96097e14,0.6279,2.97326e6,-1.49140e6,3.74116e-9
1496911710,28438919.825181536,31811104.459141918,3372.185,3.98813e14,0.0533,2.97254e6,-1.48596e6,3.72752e-9
1496911740,28456970.955112293,31819864.12450938,3362.893,3.94627e14,0.9969,2.94611e6,-1.48052e6,3.71386e-9
1496911770,28475003.04734517,31828572.741888776,3353.570,3.96053e14,0.6391,2.94056e6,-1.47508e6,3.70021e-9
1496911800,28493015.857910153,31837230.256312136,3344.214,3.94743e14,0.9677,2.92488e6,-1.46964e6,3.68655e-9
1496911830,28511009.144051168,31845836.613227345,3334.827,3.96691e14,0.4791,2.92120e6,-1.46420e6,3.67289e-9
1496911860,28528982.664278273,31854391.75855533,3325.409,4.00290e14,0.4239,2.92351e6,-1.45875e6,3.65923e-9
1496911890,28546936.17830855,31862895.638629157,3315.959,3.93524e14,1.2735,2.88793e6,-1.45331e6,3.64556e-9
1496911920,28564869.447080214,31871348.20021133,3306.479,3.90226e14,2.1009,2.86512e6,-1.44786e6,3.63189e-9
1496911950,28582782.232748922,31879749.39049184,3296.967,3.91259e14,1.8418,2.85808e6,-1.44242e6,3.61822e-9
1496911980,28600674.298683915,31888099.157086357,3287.425,3.99700e14,0.2759,2.87771e6,-1.43697e6,3.60455e-9
1496912010,28618545.40946429,31896397.448034387,3277.852,4.00251e14,0.4140,2.86877e6,-1.43152e6,3.59087e-9
1496912040,28636395.330874994,31904644.211797245,3268.249,3.91790e14,1.7085,2.82758e6,-1.42607e6,3.57720e-9
1496912070,28654223.829903115,31912839.397256434,3258.616,3.89776e14,2.2139,2.80959e6,-1.42062e6,3.56352e-9
1496912100,28672030.67473384,31920982.953711644,3248.952,3.96219e14,0.5974,2.82168e6,-1.41517e6,3.54984e-9
1496912130,28689815.63476395,31929074.830893625,3239.259,4.02136e14,0.8871,2.83174e6,-1.40972e6,3.53616e-9
1496912160,28707578.480544783,31937114.97891729,3229.536,3.98948e14,0.0873,2.80955e6,-1.40427e6,3.52248e-9
1496912190,28725318.983831186,31945103.34832518,3219.784,3.91961e14,1.6657,2.77413e6,-1.39882e6,3.50879e-9
1496912220,28743036.91756064,31953039.89007116,3210.003,3.92762e14,1.4646,2.76611e6,-1.39336e6,3.49511e-9
1496912250,28760732.055849485,31960924.555518776,3200.192,3.95364e14,0.8118,2.76434e6,-1.38791e6,3.48142e-9
1496912280,28778404.17398907,31968757.29643967,3190.353,3.96634e14,0.4932,2.75788e6,-1.38246e6,3.46774e-9
1496912310,28796053.048441924,31976538.065012038,3180.485,3.96801e14,0.4516,2.74757e6,-1.37700e6,3.45405e-9
1496912340,28813678.45683799,31984266.813818954,3170.588,3.87612e14,2.7569,2.70508e6,-1.37155e6,3.44037e-9
1496912370,28831280.17797071,31991943.49584691,3160.663,3.99589e14,0.2480,2.73536e6,-1.36610e6,3.42668e-9
1496912400,28848857.99179324,31999568.06448427,3150.710,4.09727e14,2.7914,2.75904e6,-1.36065e6,3.41300e-9
1496912430,28866411.679405034,32007140.473513898,3140.729,3.97125e14,0.3701,2.70514e6,-1.35519e6,3.39931e-9
1496912460,28883941.023077056,32014660.677129615,3130.720,3.95244e14,0.8421,2.68789e6,-1.34974e6,3.38562e-9
1496912490,28901445.80621914,32022128.629916742,3120.683,3.99473e14,0.2190,2.69129e6,-1.34429e6,3.37194e-9
1496912520,28918925.81338516,32029544.286856312,3110.618,3.97229e14,0.3440,2.67283e6,-1.33883e6,3.35826e-9
1496912550,28936380.83026913,32036907.60332366,3100.527,3.98747e14,0.0367,2.66702e6,-1.33338e6,3.34457e-9
1496912580,28953810.64370112,32044218.53508683,3090.408,3.95748e14,0.7155,2.64613e6,-1.32793e6,3.33089e-9
1496912610,28971215.041643262,32051477.03830513,3080.262,3.89514e14,2.2795,2.61458e6,-1.32248e6,3.31721e-9
1496912640,28988593.81318567,32058683.06952761,3070.089,3.92534e14,1.5220,2.61377e6,-1.31703e6,3.30353e-9
1496912670,29005946.74854236,32065836.585691575,3059.890,3.96471e14,0.5343,2.61591e6,-1.31158e6,3.28985e-9
1496912700,29023273.639047194,32072937.54412115,3049.664,4.01971e14,0.8457,2.62306e6,-1.30613e6,3.27617e-9
1496912730,29040574.277151655,32079985.90252374,3039.412,4.02110e14,0.8805,2.61256e6,-1.30068e6,3.26250e-9
1496912760,29057848.45641508,32086981.61899493,3029.133,3.94094e14,1.1306,2.57557e6,-1.29523e6,3.24882e-9
1496912790,29075095.971505824,32093924.65201069,3018.829,3.86681e14,2.9904,2.54075e6,-1.28978e6,3.23515e-9
1496912820,29092316.61819556,32100814.960427966,3008.498,3.92462e14,1.5400,2.54864e6,-1.28433e6,3.22148e-9
1496912850,29109510.193355106,32107652.503483273,2998.142,4.05974e14,1.8499,2.58118e6,-1.27889e6,3.20781e-9
1496912880,29126676.4949503,32114437.24079127,2987.761,4.09870e14,2.8274,2.58263e6,-1.27344e6,3.19414e-9
1496912910,29143815.322037846,32121169.132343378,2977.354,3.96436e14,0.5431,2.52885e6,-1.26800e6,3.18048e-9
1496912940,29160926.474761248,32127848.13850637,2966.922,3.87232e14,2.8521,2.48885e6,-1.26255e6,3.16682e-9
1496912970,29178009.754346583,32134474.220021,2956.464,3.91663e14,1.7404,2.49209e6,-1.25711e6,3.15316e-9
1496913000,29195064.96309841,32141047.33800069,2945.982,4.00613e14,0.5049,2.50939e6,-1.25167e6,3.13950e-9
1496913030,29212091.90439453,32147567.45393649,2935.476,4.04174e14,1.3982,2.50961e6,-1.24623e6,3.12585e-9
1496913060,29229090.382685017,32154034.529676244,2924.944,4.01205e14,0.6535,2.48942e6,-1.24079e6,3.11220e-9
1496913090,29246060.203485254,32160448.527442846,2914.388,3.92337e14,1.5712,2.45102e6,-1.23535e6,3.09855e-9
1496913120,29263001.17337258,32166809.409826677,2903.808,3.94680e14,0.9835,2.44746e6,-1.22991e6,3.08490e-9
1496913150,29279913.09998222,32173117.13978441,2893.204,4.05281e14,1.6761,2.46920e6,-1.22447e6,3.07126e-9
1496913180,29296795.792003013,32179371.680637762,2882.576,4.01192e14,0.6502,2.44573e6,-1.21904e6,3.05762e-9
1496913210,29313649.059173364,32185572.99607231,2871.924,4.01210e14,0.6546,2.43488e6,-1.21360e6,3.04398e-9
1496913240,29330472.712277055,32191721.050136298,2861.248,4.03481e14,1.2245,2.43086e6,-1.20817e6,3.03035e-9
1496913270,29347266.56313906,32197815.80723949,2850.549,4.04979e14,1.6003,2.42445e6,-1.20274e6,3.01672e-9
1496913300,29364030.424621373,32203857.232152,2839.827,3.97004e14,0.4006,2.38955e6,-1.19731e6,3.00309e-9
1496913330,29380764.11062404,32209845.290001336,2829.081,3.90308e14,2.0804,2.35869e6,-1.19188e6,2.98947e-9
1496913360,29397467.436065383,32215779.94627669,2818.313,3.94791e14,0.9557,2.36129e6,-1.18645e6,2.97585e-9
1496913390,29414140.216893155,32221661.166822445,2807.521,3.99336e14,0.1846,2.36396e6,-1.18103e6,2.96223e-9
1496913420,29430782.27007552,32227488.917838655,2796.707,3.94444e14,1.0428,2.33867e6,-1.17560e6,2.94862e-9
1496913450,29447393.413597,32233263.16587992,2785.870,3.96870e14,0.4341,2.33500e6,-1.17018e6,2.93501e-9
1496913480,29463973.46645432,32238983.877854284,2775.010,4.04846e14,1.5669,2.34748e6,-1.16476e6,2.92141e-9
1496913510,29480522.24865235,32244651.02102205,2764.129,4.03712e14,1.2824,2.33326e6,-1.15934e6,2.90781e-9
1496913540,29497039.581199966,32250264.562994618,2753.225,3.94556e14,1.0146,2.29585e6,-1.15392e6,2.89421e-9
1496913570,29513525.286106013,32255824.471733343,2742.299,4.01766e14,0.7942,2.30584e6,-1.14851e6,2.88062e-9
1496913600,29529979.186375167,32261330.71554838,2731.352,4.05460e14,1.7209,2.30556e6,-1.14309e6,2.86703e-9
1496913630,29546401.10599622,32266783.263084833,2720.382,3.93677e14,1.2351,2.26102e6,-1.13768e6,2.85345e-9
1496913660,29562790.869961463,32272182.083360773,2709.391,3.87774e14,2.7161,2.23350e6,-1.13227e6,2.83987e-9
1496913690,29579148.304239284,32277527.145726882,2698.379,3.88540e14,2.5240,2.22499e6,-1.12686e6,2.82629e-9
1496913720,29595473.235777546,32282818.419877846,2687.345,3.93221e14,1.3496,2.22747e6,-1.12145e6,2.81272e-9
1496913750,29611765.492499378,32288055.875851188,2676.290,3.98740e14,0.0349,2.23218e6,-1.11604e6,2.79916e-9
1496913780,29628024.90329913,32293239.48402611,2665.215,4.10745e14,3.0468,2.25481e6,-1.11064e6,2.78559e-9
1496913810,29644251.298038185,32298369.215122256,2654.118,4.01852e14,0.8157,2.21919e6,-1.10524e6,2.77204e-9
1496913840,29660444.50754082,32303445.04019858,2643.001,3.97410e14,0.2986,2.19609e6,-1.09984e6,2.75849e-9
1496913870,29676604.36359009,32308466.93065221,2631.863,3.96680e14,0.4817,2.18330e6,-1.09444e6,2.74494e-9
1496913900,29692730.698923685,32313434.858217355,2620.704,3.85858e14,3.1968,2.14297e6,-1.08904e6,2.73140e-9
1496913930,29708823.347237058,32318348.794990163,2609.525,3.86711e14,2.9829,2.13467e6,-1.08365e6,2.71786e-9
1496913960,29724882.143157095,32323208.71334772,2598.327,3.90541e14,2.0220,2.13441e6,-1.07826e6,2.70433e-9
1496913990,29740906.922260117,32328014.586027138,2587.108,3.91710e14,1.7286,2.12688e6,-1.07286e6,2.69080e-9
1496914020,29756897.521060735,32332766.38609887,2575.869,4.02817e14,1.0579,2.14593e6,-1.06748e6,2.67728e-9
1496914050,29772853.77700779,32337464.08696592,2564.610,4.05629e14,1.7634,2.14259e6,-1.06209e6,2.66376e-9
1496914080,29788775.528480317,32342107.662363037,2553.332,3.96522e14,0.5215,2.10758e6,-1.05670e6,2.65025e-9
1496914110,29804662.614783533,32346697.08635614,2542.034,3.93355e14,1.3160,2.08850e6,-1.05132e6,2.63674e-9
1496914140,29820514.876144838,32351232.333341412,2530.717,3.94072e14,1.1361,2.07969e6,-1.04594e6,2.62324e-9
1496914170,29836332.15370979,32355713.3780447,2519.381,3.93987e14,1.1573,2.06877e6,-1.04056e6,2.60974e-9
1496914200,29852114.289538138,32360140.195520807,2508.026,3.97496e14,0.2770,2.06719e6,-1.03519e6,2.59625e-9
1496914230,29867861.126593467,32364512.761123884,2496.652,4.07375e14,2.2013,2.08196e6,-1.02981e6,2.58276e-9
1496914260,29883572.50875871,32368831.050595716,2485.259,4.02532e14,0.9862,2.05866e6,-1.02444e6,2.56928e-9
1496914290,29899248.280812684,32373095.03997592,2473.847,3.94396e14,1.0549,2.02707e6,-1.01907e6,2.55581e-9
1496914320,29914888.288432416,32377304.705629867,2462.416,4.06147e14,1.8933,2.04626e6,-1.01370e6,2.54234e-9
1496914350,29930492.378189087,32381460.02424773,2450.968,4.08695e14,2.5325,2.04187e6,-1.00834e6,2.52887e-9
1496914380,29946060.39754401,32385560.972843602,2439.501,3.96317e14,0.5728,1.99987e6,-1.00297e6,2.51542e-9
1496914410,29961592.19484477,32389607.528754573,2428.015,3.92553e14,1.5171,1.97976e6,-9.97611e5,2.50196e-9
1496914440,29977087.619321086,32393599.66963983,2416.512,3.97939e14,0.1658,1.98253e6,-9.92251e5,2.48852e-9
1496914470,29992546.521080915,32397537.3734798,2404.991,3.95795e14,0.7037,1.96652e6,-9.86895e5,2.47507e-9
1496914500,30007968.751106493,32401420.618575197,2393.452,3.95423e14,0.7971,1.95493e6,-9.81540e5,2.46164e-9
1496914530,30023354.16125744,32405249.38357178,2381.895,3.98816e14,0.0541,1.95257e6,-9.76188e5,2.44821e-9
1496914560,30038702.60424498,32409023.647380814,2370.321,3.97829e14,0.1935,1.93946e6,-9.70838e5,2.43478e-9
1496914590,30054013.933649987,32412743.38925696,2358.729,4.01891e14,0.8255,1.93861e6,-9.65490e5,2.42136e-9
1496914620,30069288.003911905,32416408.588772252,2347.121,3.95549e14,0.7657,1.91261e6,-9.60144e5,2.40795e-9
1496914650,30084524.670325033,32420019.225815505,2335.495,3.88421e14,2.5538,1.88489e6,-9.54801e5,2.39454e-9
1496914680,30099723.78903451,32423575.280591633,2323.851,4.04917e14,1.5847,1.91362e6,-9.49460e5,2.38114e-9
1496914710,30114885.217032652,32427076.733621247,2312.192,4.16817e14,4.5702,1.93104e6,-9.44121e5,2.36774e-9
1496914740,30130008.81215501,32430523.56574,2300.515,4.01176e14,0.6462,1.88330e6,-9.38785e5,2.35435e-9
1496914770,30145094.43307654,32433915.758098077,2288.821,3.91135e14,1.8729,1.84909e6,-9.33451e5,2.34097e-9
1496914800,30160141.939307887,32437253.29215967,2277.111,3.82960e14,3.9239,1.81949e6,-9.28119e5,2.32759e-9
1496914830,30175151.19117987,32440536.14968359,2265.385,3.84127e14,3.6310,1.81174e6,-9.22790e5,2.31422e-9
1496914860,30190122.049875587,32443764.312780753,2253.642,4.06630e14,2.0145,1.85306e6,-9.17463e5,2.30085e-9
1496914890,30205054.377390627,32446937.76385567,2241.883,4.00039e14,0.3610,1.82723e6,-9.12139e5,2.28749e-9
1496914920,30219948.03654079,32450056.485624444,2230.108,3.85724e14,3.2305,1.78401e6,-9.06816e5,2.27414e-9
1496914950,30234802.890958346,32453120.461114217,2218.318,3.89314e14,2.3297,1.78165e6,-9.01497e5,2.26079e-9
1496914980,30249618.805088162,32456129.673662372,2206.511,4.02718e14,1.0331,1.80127e6,-8.96179e5,2.24745e-9
1496915010,30264395.644183893,32459084.106915995,2194.688,4.05722e14,1.7867,1.79729e6,-8.90864e5,2.23411e-9
1496915040,30279133.274304215,32461983.744831126,2182.850,4.02840e14,1.0637,1.78017e6,-8.85551e5,2.22078e-9
1496915070,30293831.562309027,32464828.571672086,2170.997,3.87363e14,2.8192,1.73533e6,-8.80241e5,2.20746e-9
1496915100,30308490.37585574,32467618.572010882,2159.128,3.81781e14,4.2197,1.71261e6,-8.74933e5,2.19414e-9
1496915130,30323109.58341634,32470353.730731517,2147.244,3.93824e14,1.1982,1.72849e6,-8.69627e5,2.18082e-9
1496915160,30337689.054209415,32473034.033014007,2135.345,3.88961e14,2.4184,1.70740e6,-8.64324e5,2.16752e-9
1496915190,30352228.658261057,32475659.4643491,2123.431,4.02226e14,0.9095,1.72551e6,-8.59024e5,2.15422e-9
1496915220,30366728.266380433,32478230.010532696,2111.502,4.12746e14,3.5487,1.73738e6,-8.53725e5,2.14092e-9
1496915250,30381187.750156242,32480745.657665394,2099.558,3.92258e14,1.5911,1.68301e6,-8.48429e5,2.12763e-9
1496915280,30395606.981953286,32483206.392151877,2087.599,3.90549e14,2.0199,1.66889e6,-8.43136e5,2.11435e-9
1496915310,30409985.83490894,32485612.20070048,2075.626,4.00040e14,0.3612,1.67836e6,-8.37845e5,2.10108e-9
1496915340,30424324.182929724,32487963.070322715,2063.639,3.94570e14,1.0111,1.65634e6,-8.32556e5,2.08781e-9
1496915370,30438621.900687825,32490258.98833278,2051.637,3.95384e14,0.8069,1.64751e6,-8.27270e5,2.07454e-9
1496915400,30452878.863617517,32492499.942347113,2039.621,3.95367e14,0.8111,1.63695e6,-8.21986e5,2.06128e-9
1496915430,30467094.947881807,32494685.920296162,2027.591,3.85908e14,3.1843,1.60706e6,-8.16704e5,2.04803e-9
1496915460,30481270.030461524,32496816.910386585,2015.547,3.90988e14,1.9098,1.60700e6,-8.11425e5,2.03479e-9
1496915490,30495403.989058852,32498892.901138436,2003.489,4.18633e14,5.0256,1.65243e6,-8.06149e5,2.02155e-9
1496924910,32499488.58744917,30499375.774142694,2000.113,3.74673e14,6.0028,-1.56025e6,8.04214e5,-2.01784e-9
1496924940,32497428.629134204,30485252.53252744,2012.176,3.91849e14,1.6938,-1.60537e6,8.09494e5,-2.03108e-9
1496924970,32495313.666090854,30471088.126958728,2024.226,3.35340e14,15.8706,-1.50032e6,8.14776e5,-2.04433e-9
1496925000,32493143.70965198,30456882.679568034,2036.261,3.45291e14,13.3742,-1.53052e6,8.20060e5,-2.05758e-9
1496925030,32490918.77144332,30442636.313242316,2048.282,4.27173e14,7.1682,-1.70995e6,8.25347e5,-2.07084e-9
1496925060,32488638.863411497,30428349.151610963,2060.290,4.22605e14,6.0223,-1.71139e6,8.30637e5,-2.08410e-9
1496925090,32486303.997796934,30414021.31906587,2072.283,4.07476e14,2.2266,-1.69056e6,8.35929e5,-2.09737e-9
1496925120,32483914.18714316,30399652.940759704,2084.261,4.07149e14,2.1446,-1.70057e6,8.41223e5,-2.11064e-9
1496925150,32481469.444297306,30385244.14260944,2096.225,4.08011e14,2.3609,-1.71311e6,8.46520e5,-2.12393e-9
1496925180,32478969.78241049,30370795.05130003,2108.175,4.17049e14,4.6283,-1.74314e6,8.51819e5,-2.13721e-9
1496925210,32476415.214938316,30356305.79428807,2120.109,4.03992e14,1.3526,-1.72591e6,8.57121e5,-2.15051e-9
1496925240,32473805.755641297,30341776.49980537,2132.029,3.93829e14,1.1970,-1.71460e6,8.62425e5,-2.16381e-9
1496925270,32471141.418585267,30327207.296862677,2143.934,3.92522e14,1.5250,-1.72230e6,8.67731e5,-2.17712e-9
1496925300,32468422.2181419,30312598.315253302,2155.824,3.93194e14,1.3563,-1.73430e6,8.73040e5,-2.19043e-9
1496925330,32465648.168988436,30297949.685553424,2167.698,4.07139e14,2.1422,-1.77558e6,8.78351e5,-2.20375e-9
1496925360,32462819.286110263,30283261.53913622,2179.558,3.96243e14,0.5915,-1.76216e6,8.83665e5,-2.21707e-9
1496925390,32459935.58479934,30268534.008165218,2191.402,3.89258e14,2.3439,-1.75718e6,8.88981e5,-2.23040e-9
1496925420,32456997.08065535,30253767.225601256,2203.230,3.94680e14,0.9836,-1.77986e6,8.94300e5,-2.24374e-9
1496925450,32454003.78958615,30238961.325206257,2215.042,3.99593e14,0.2489,-1.80153e6,8.99621e5,-2.25708e-9
1496925480,32450955.72780832,30224116.441546854,2226.839,4.00945e14,0.5881,-1.81526e6,9.04944e5,-2.27043e-9
1496925510,32447852.911847644,30209232.709998164,2238.620,3.89071e14,2.3906,-1.79882e6,9.10270e5,-2.28378e-9
1496925540,32444695.358539667,30194310.266747452,2250.385,4.04006e14,1.3562,-1.84366e6,9.15598e5,-2.29714e-9
1496925570,32441483.08503021,30179349.24879784,2262.134,4.03345e14,1.1902,-1.85286e6,9.20928e5,-2.31051e-9
1496925600,32438216.10877596,30164349.793972135,2273.866,3.91256e14,1.8425,-1.83549e6,9.26261e5,-2.32388e-9
1496925630,32434894.44755042,30149312.040913504,2285.582,3.98757e14,0.0392,-1.86359e6,9.31597e5,-2.33726e-9
1496925660,32431518.119427968,30134236.129098494,2297.282,4.07383e14,2.2034,-1.89455e6,9.36934e5,-2.35064e-9
1496925690,32428087.142800946,30119122.198831372,2308.965,4.05267e14,1.6726,-1.90034e6,9.42274e5,-2.36403e-9
1496925720,32424601.536375053,30103970.39125102,2320.631,4.00793e14,0.5500,-1.90047e6,9.47617e5,-2.37743e-9
1496925750,32421061.319170035,30088780.848334633,2332.280,4.12984e14,3.6086,-1.94034e6,9.52961e5,-2.39083e-9
1496925780,32417466.510520335,30073553.71290157,2343.913,3.95315e14,0.8243,-1.90874e6,9.58308e5,-2.40424e-9
1496925810,32413817.130075872,30058289.12861711,2355.528,3.77723e14,5.2376,-1.87686e6,9.63658e5,-2.41765e-9
1496925840,32410113.197802823,30042987.239996377,2367.126,3.92478e14,1.5361,-1.92315e6,9.69009e5,-2.43107e-9
1496925870,32406354.733984243,30027648.192408074,2378.707,3.93282e14,1.3342,-1.93574e6,9.74363e5,-2.44450e-9
1496925900,32402541.759220973,30012272.132078398,2390.270,3.91787e14,1.7094,-1.94270e6,9.79719e5,-2.45793e-9
1496925930,32398674.294434365,29996859.206107933,2401.815,3.95853e14,0.6892,-1.96338e6,9.85078e5,-2.47136e-9
1496925960,32394752.360860836,29981409.562435433,2413.343,3.91918e14,1.6764,-1.96428e6,9.90439e5,-2.48480e-9
1496925990,32390775.98005905,29965923.349882104,2424.853,3.97991e14,0.1528,-1.99008e6,9.95802e5,-2.49825e-9
1496926020,32386745.173908576,29950400.718142584,2436.344,3.95572e14,0.7597,-1.99473e6,1.00117e6,-2.51171e-9
1496926050,32382659.9646108,29934841.817788903,2447.818,4.08448e14,2.4705,-2.03793e6,1.00653e6,-2.52516e-9
1496926080,32378520.374689687,29919246.80027458,2459.274,4.05072e14,1.6236,-2.04023e6,1.01190e6,-2.53863e-9
1496926110,32374326.42699264,29903615.817938708,2470.711,3.93498e14,1.2801,-2.02152e6,1.01728e6,-2.55210e-9
1496926140,32370078.144691322,29887949.024009917,2482.129,4.07624e14,2.2637,-2.06844e6,1.02265e6,-2.56557e-9
1496926170,32365775.551282458,29872246.572610505,2493.529,4.01959e14,0.8426,-2.06470e6,1.02803e6,-2.57905e-9
1496926200,32361418.670588657,29856508.618760396,2504.910,3.88513e14,2.5307,-2.04064e6,1.03341e6,-2.59254e-9
1496926230,32357007.526740063,29840735.318359576,2516.272,3.92766e14,1.4638,-2.06235e6,1.03879e6,-2.60603e-9
1496926260,32352542.144234344,29824926.828259133,2527.615,4.02373e14,0.9464,-2.09820e6,1.04417e6,-2.61953e-9
1496926290,32348022.547878157,29809083.306197904,2538.939,4.00765e14,0.5431,-2.10478e6,1.04955e6,-2.63303e-9
1496926320,32343448.76280705,29793204.91082819,2550.244,3.92507e14,1.5288,-2.09372e6,1.05494e6,-2.64654e-9
1496926350,32338820.814486105,29777291.80171962,2561.529,3.92384e14,1.5595,-2.10409e6,1.06033e6,-2.66005e-9
1496926380,32334138.728710756,29761344.13936304,2572.795,4.01682e14,0.7730,-2.13964e6,1.06572e6,-2.67357e-9
1496926410,32329402.531607438,29745362.0851744,2584.040,4.01704e14,0.7787,-2.15053e6,1.07111e6,-2.68709e-9
1496926440,32324612.24963439,29729345.80149868,2595.266,3.98587e14,0.0033,-2.15294e6,1.07651e6,-2.70062e-9
1496926470,32319767.90958239,29713295.451613706,2606.472,3.99259e14,0.1653,-2.16556e6,1.08191e6,-2.71415e-9
1496926500,32314869.53857559,29697211.199734196,2617.658,4.12973e14,3.6057,-2.21377e6,1.08731e6,-2.72769e-9
1496926530,32309917.16410681,29681093.211040214,2628.824,4.07142e14,2.1429,-2.20878e6,1.09271e6,-2.74123e-9
1496926560,32304910.81393215,29664941.65160529,2639.969,3.90938e14,1.9223,-2.17506e6,1.09811e6,-2.75478e-9
1496926590,32299850.516178455,29648756.688476566,2651.094,3.90293e14,2.0842,-2.18397e6,1.10351e6,-2.76833e-9
1496926620,32294736.29930998,29632538.489654303,2662.198,3.88879e14,2.4389,-2.19074e6,1.10892e6,-2.78189e-9
1496926650,32289568.192129623,29616287.224096097,2673.281,3.93571e14,1.2618,-2.21454e6,1.11433e6,-2.79545e-9
1496926680,32284346.22378011,29600003.061721046,2684.343,4.01913e14,0.8310,-2.24872e6,1.11974e6,-2.80902e-9
1496926710,32279070.423745282,29583686.173414044,2695.384,4.09772e14,2.8026,-2.28177e6,1.12515e6,-2.82259e-9
1496926740,32273740.821851324,29567336.731030006,2706.404,4.05022e14,1.6111,-2.27928e6,1.13057e6,-2.83616e-9
1496926770,32268357.448268015,29550954.907398008,2717.403,3.76196e14,5.6207,-2.20805e6,1.13598e6,-2.84974e-9
1496926800,32262920.333510004,29534540.876325656,2728.379,3.80775e14,4.4721,-2.23168e6,1.14140e6,-2.86333e-9
1496926830,32257429.508402757,29518094.81258136,2739.335,4.05678e14,1.7756,-2.31392e6,1.14682e6,-2.87691e-9
1496926860,32251885.00419261,29501616.891966045,2750.268,4.04825e14,1.5616,-2.32239e6,1.15224e6,-2.89051e-9
1496926890,32246286.852438897,29485107.29124972,2761.180,4.00581e14,0.4968,-2.32099e6,1.15766e6,-2.90410e-9
1496926920,32240635.085050236,29468566.188197456,2772.069,3.95005e14,0.9020,-2.31560e6,1.16309e6,-2.91771e-9
1496926950,32234929.73428551,29451993.761573397,2782.936,4.03764e14,1.2955,-2.35207e6,1.16852e6,-2.93131e-9
1496926980,32229170.832754742,29435390.191144824,2793.781,4.05011e14,1.6083,-2.36667e6,1.17394e6,-2.94492e-9
1496927010,32223358.413420163,29418755.65768622,2804.603,3.98175e14,0.1066,-2.35739e6,1.17937e6,-2.95853e-9
1496927040,32217492.509597078,29402090.342983257,2815.402,4.01508e14,0.7294,-2.37814e6,1.18480e6,-2.97215e-9
1496927070,32211573.154954825,29385394.429836854,2826.179,3.99166e14,0.1418,-2.38205e6,1.19024e6,-2.98577e-9
1496927100,32205600.38351782,29368668.102067277,2836.932,4.06584e14,2.0028,-2.41517e6,1.19567e6,-2.99939e-9
1496927130,32199574.229686417,29351911.544536974,2847.663,4.21277e14,5.6890,-2.47042e6,1.20110e6,-3.01302e-9
1496927160,32193494.72817641,29335124.943096448,2858.370,4.19427e14,5.2248,-2.47600e6,1.20654e6,-3.02665e-9
1496927190,32187361.914081797,29318308.4846467,2869.053,4.04414e14,1.4584,-2.44151e6,1.21198e6,-3.04029e-9
1496927220,32181175.822855953,29301462.357124493,2879.713,4.00345e14,0.4377,-2.44004e6,1.21742e6,-3.05392e-9
1496927250,32174936.490312867,29284586.74950656,2890.350,3.95248e14,0.8410,-2.43531e6,1.22286e6,-3.06756e-9
1496927280,32168643.95262841,29267681.85181385,2900.962,3.94727e14,0.9718,-2.44454e6,1.22830e6,-3.08121e-9
1496927310,32162298.24634157,29250747.85511571,2911.550,3.98034e14,0.1420,-2.46560e6,1.23374e6,-3.09485e-9
1496927340,32155899.408355802,29233784.95153408,2922.114,3.97819e14,0.1959,-2.47581e6,1.23919e6,-3.10850e-9
1496927370,32149447.47594027,29216793.334247697,2932.654,3.95533e14,0.7696,-2.47955e6,1.24463e6,-3.12216e-9
1496927400,32142942.48673127,29199773.197496317,2943.169,3.90534e14,2.0236,-2.47472e6,1.25008e6,-3.13581e-9
1496927430,32136384.478733093,29182724.736564588,2953.660,4.11168e14,3.1529,-2.55049e6,1.25553e6,-3.14947e-9
1496927460,32129773.490320873,29165648.147848748,2964.125,4.10052e14,2.8729,-2.55802e6,1.26097e6,-3.16313e-9
1496927490,32123109.560240477,29148543.628798146,2974.566,3.93310e14,1.3273,-2.51589e6,1.26642e6,-3.17679e-9
1496927520,32116392.727610447,29131411.377939537,2984.981,3.93167e14,1.3630,-2.52626e6,1.27187e6,-3.19046e-9
1496927550,32109623.031923383,29114251.594881047,2995.371,3.95906e14,0.6760,-2.54586e6,1.27733e6,-3.20413e-9
1496927580,32102800.5130474,29097064.480316244,3005.736,4.01451e14,0.7152,-2.57457e6,1.28278e6,-3.21780e-9
1496927610,32095925.21122759,29079850.236028075,3016.075,3.96660e14,0.4869,-2.57003e6,1.28823e6,-3.23147e-9
1496927640,32088997.167087425,29062609.064892914,3026.388,3.89125e14,2.3773,-2.55645e6,1.29368e6,-3.24514e-9
1496927670,32082016.421630297,29045341.17088452,3036.675,3.98839e14,0.0599,-2.59888e6,1.29914e6,-3.25882e-9
1496927700,32074983.01624088,29028046.759078052,3046.936,4.08353e14,2.4468,-2.64093e6,1.30459e6,-3.27250e-9
1496927730,32067896.9926788,29010726.035677936,3057.171,4.00644e14,0.5128,-2.62664e6,1.31005e6,-3.28617e-9
1496927760,32060758.393104356,28993379.207948346,3067.379,3.98801e14,0.0504,-2.63149e6,1.31551e6,-3.29985e-9
1496927790,32053567.260055717,28976006.48429093,3077.561,3.99632e14,0.2587,-2.64516e6,1.32096e6,-3.31354e-9
1496927820,32046323.636458106,28958608.07422519,3087.716,4.01503e14,0.7283,-2.66231e6,1.32642e6,-3.32722e-9
1496927850,32039027.56562534,28941184.18839262,3097.843,3.99396e14,0.1997,-2.66622e6,1.33188e6,-3.34090e-9
1496927880,32031679.09126116,28923735.038560875,3107.944,3.96356e14,0.5632,-2.66695e6,1.33734e6,-3.35459e-9
1496927910,32024278.257460725,28906260.83762805,3118.017,3.97903e14,0.1751,-2.68304e6,1.34280e6,-3.36827e-9
1496927940,32016825.10871206,28888761.799626745,3128.063,4.00341e14,0.4366,-2.70219e6,1.34825e6,-3.38196e-9
1496927970,32009319.689897403,28871238.13972826,3138.082,4.03733e14,1.2877,-2.72465e6,1.35371e6,-3.39565e-9
1496928000,32001762.046294797,28853690.074246693,3148.072,3.96664e14,0.4858,-2.71153e6,1.35917e6,-3.40933e-9
1496928030,31994152.223581165,28836117.820619136,3158.034,3.92090e14,1.6334,-2.70676e6,1.36463e6,-3.42302e-9
1496928060,31986490.26782856,28818521.597483713,3167.969,4.04528e14,1.4871,-2.76033e6,1.37009e6,-3.43671e-9
1496928090,31978776.225510973,28800901.624609385,3177.875,4.01430e14,0.7099,-2.76064e6,1.37555e6,-3.45040e-9
1496928120,31971010.143504035,28783258.12292391,3187.752,3.93141e14,1.3696,-2.74288e6,1.38101e6,-3.46408e-9
1496928150,31963192.06908666,28765591.31451764,3197.601,3.93825e14,1.1980,-2.75610e6,1.38647e6,-3.47777e-9
1496928180,31955322.049942557,28747901.42264731,3207.421,3.99150e14,0.1378,-2.78554e6,1.39193e6,-3.49146e-9
1496928210,31947400.13416184,28730188.67173989,3217.211,3.99933e14,0.3343,-2.79921e6,1.39739e6,-3.50514e-9
1496928240,31939426.37024262,28712453.287396334,3226.973,3.94973e14,0.9102,-2.79268e6,1.40284e6,-3.51883e-9
1496928270,31931400.807092607,28694695.49639536,3236.705,3.98505e14,0.0239,-2.81603e6,1.40830e6,-3.53251e-9
1496928300,31923323.494030766,28676915.526697148,3246.408,4.01841e14,0.8131,-2.83877e6,1.41376e6,-3.54619e-9
1496928330,31915194.480798624,28659113.607467733,3256.081,3.95260e14,0.8381,-2.82629e6,1.41922e6,-3.55988e-9
1496928360,31907013.817532238,28641289.96901915,3265.724,3.94865e14,0.9371,-2.83575e6,1.42467e6,-3.57356e-9
1496928390,31898781.554793745,28623444.84287688,3275.337,4.00774e14,0.5454,-2.86780e6,1.43013e6,-3.58724e-9
1496928420,31890497.74356346,28605578.461763088,3284.919,3.99962e14,0.3417,-2.87582e6,1.43558e6,-3.60091e-9
1496928450,31882162.435241688,28587691.05960046,3294.471,3.99111e14,0.1282,-2.88366e6,1.44104e6,-3.61459e-9
1496928480,31873775.68165056,28569782.87151598,3303.993,3.93225e14,1.3486,-2.87322e6,1.44649e6,-3.62826e-9
1496928510,31865337.53503589,28551854.133844826,3313.483,4.00092e14,0.3743,-2.90906e6,1.45195e6,-3.64193e-9
1496928540,31856848.048068978,28533905.084134087,3322.943,4.03450e14,1.2167,-2.93225e6,1.45740e6,-3.65560e-9
1496928570,31848307.2738485,28515935.961146533,3332.371,4.23733e14,6.3051,-3.01764e6,1.46285e6,-3.66927e-9
1496928600,31839715.26590234,28497947.00486438,3341.768,4.26543e14,7.0101,-3.03923e6,1.46830e6,-3.68293e-9
1496928630,31831072.078172192,28479938.45647294,3351.134,4.00391e14,0.4493,-2.95383e6,1.47375e6,-3.69659e-9
1496928660,31822377.765068732,28461910.558426097,3360.467,3.94566e14,1.0122,-2.94313e6,1.47919e6,-3.71025e-9
1496928690,31813632.381420024,28443863.554388035,3369.769,4.05690e14,1.7786,-2.99539e6,1.48464e6,-3.72390e-9
1496928720,31804835.982490577,28425797.68925675,3379.038,4.06048e14,1.8684,-3.00771e6,1.49008e6,-3.73755e-9
1496928750,31795988.623983115,28407713.209167484,3388.275,3.99055e14,0.1142,-2.99246e6,1.49553e6,-3.75120e-9
1496928780,31787090.36204035,28389610.36149614,3397.480,3.94820e14,0.9485,-2.98740e6,1.50097e6,-3.76484e-9
1496928810,31778141.25324677,28371489.394862715,3406.652,3.93350e14,1.3172,-2.99267e6,1.50641e6,-3.77848e-9
1496928840,31769141.35463045,28353350.55913461,3415.791,3.98523e14,0.0195,-3.02309e6,1.51185e6,-3.79211e-9
1496928870,31760090.72366486,28335194.10543002,3424.897,3.93992e14,1.1562,-3.01672e6,1.51728e6,-3.80574e-9
1496928900,31750989.41827069,28317020.28612121,3433.969,4.03965e14,1.3459,-3.06561e6,1.52272e6,-3.81937e-9
1496928930,31741837.496838655,28298829.35486297,3443.008,4.05571e14,1.7486,-3.08270e6,1.52815e6,-3.83299e-9
1496928960,31732635.01816689,28280621.566518504,3452.013,3.92776e14,1.4611,-3.04444e6,1.53358e6,-3.84660e-9
1496928990,31723382.041527502,28262397.17724019,3460.985,3.95617e14,0.7484,-3.06618e6,1.53901e6,-3.86021e-9
1496929020,31714078.62664771,28244156.44444794,3469.922,4.01887e14,0.8244,-3.10127e6,1.54444e6,-3.87382e-9
1496929050,31704724.833711952,28225899.626832604,3478.825,4.01196e14,0.6513,-3.10948e6,1.54986e6,-3.88741e-9
1496929080,31695320.72336399,28207626.984359276,3487.694,3.90458e14,2.0427,-3.07846e6,1.55528e6,-3.90101e-9
1496929110,31685866.35670912,28189338.778270673,3496.528,3.87845e14,2.6983,-3.07895e6,1.56070e6,-3.91459e-9
1496929140,31676361.795316186,28171035.27109042,3505.327,3.96503e14,0.5262,-3.12365e6,1.56612e6,-3.92817e-9
1496929170,31666807.101219848,28152716.72662622,3514.090,4.05307e14,1.6824,-3.16914e6,1.57153e6,-3.94174e-9
1496929200,31657202.336922698,28134383.409973133,3522.819,4.03037e14,1.1130,-3.17108e6,1.57694e6,-3.95531e-9
1496929230,31647547.56537603,28116035.58748685,3531.512,3.96096e14,0.6284,-3.15440e6,1.58235e6,-3.96887e-9
1496929260,31637842.850047946,28097673.526878655,3540.169,3.95576e14,0.7587,-3.16310e6,1.58775e6,-3.98242e-9
1496929290,31628088.25485952,28079297.49712647,3548.791,3.99226e14,0.1568,-3.18844e6,1.59315e6,-3.99596e-9
1496929320,31618283.844208114,28060907.76850729,3557.376,4.02152e14,0.8910,-3.21098e6,1.59855e6,-4.00950e-9
1496929350,31608429.682969477,28042504.612599924,3565.925,3.97608e14,0.2491,-3.20353e6,1.60395e6,-4.02302e-9
1496929380,31598525.836499695,28024088.30228766,3574.438,3.96311e14,0.5743,-3.20907e6,1.60934e6,-4.03654e-9
1496929410,31588572.370637294,28005659.111760836,3582.913,3.93278e14,1.3353,-3.20752e6,1.61473e6,-4.05005e-9
1496929440,31578569.351705246,27987217.316519413,3591.352,3.96701e14,0.4766,-3.23213e6,1.62011e6,-4.06355e-9
1496929470,31568516.846513048,27968763.19337543,3599.754,4.01313e14,0.6806,-3.26167e6,1.62550e6,-4.07704e-9
1496929500,31558414.922358807,27950297.020455528,3608.118,4.04625e14,1.5115,-3.28600e6,1.63087e6,-4.09053e-9
1496929530,31548263.647048585,27931819.07722911,3616.445,4.01568e14,0.7444,-3.28428e6,1.63625e6,-4.10400e-9
1496929560,31538063.08884534,27913329.644431274,3624.733,3.87100e14,2.8853,-3.23548e6,1.64162e6,-4.11746e-9
1496929590,31527813.316524304,27894829.0041448,3632.984,3.87473e14,2.7915,-3.24760e6,1.64698e6,-4.13091e-9
1496929620,31517514.399358056,27876317.439776916,3641.197,4.01026e14,0.6086,-3.31434e6,1.65234e6,-4.14435e-9
1496929650,31507166.407118812,27857795.2360617,3649.371,4.00837e14,0.5612,-3.32430e6,1.65770e6,-4.15778e-9
1496929680,31496769.41008083,27839262.679062527,3657.507,3.96229e14,0.5948,-3.31581e6,1.66305e6,-4.17120e-9
1496929710,31486323.47902273,27820720.056174524,3665.603,3.95317e14,0.8239,-3.32265e6,1.66840e6,-4.18461e-9
1496929740,31475828.685229883,27802167.656126756,3673.661,3.96981e14,0.4062,-3.34027e6,1.67374e6,-4.19801e-9
1496929770,31465285.10049681,27783605.76898462,3681.679,3.97089e14,0.3792,-3.35138e6,1.67908e6,-4.21139e-9
1496929800,31454692.79712962,27765034.686152037,3689.658,4.01589e14,0.7497,-3.38103e6,1.68442e6,-4.22476e-9
1496929830,31444051.84793772,27746454.70036275,3697.597,4.04975e14,1.5992,-3.40608e6,1.68974e6,-4.23812e-9
1496929860,31433362.326269235,27727866.10571598,3705.496,4.03742e14,1.2899,-3.41157e6,1.69507e6,-4.25147e-9
1496929890,31422624.305980597,27709269.1976448,3713.355,4.06468e14,1.9739,-3.43389e6,1.70039e6,-4.26480e-9
1496929920,31411837.86144948,27690664.272928935,3721.174,3.99672e14,0.2687,-3.41554e6,1.70570e6,-4.27812e-9
1496929950,31401003.06757727,27672051.629696578,3728.951,3.96069e14,0.6351,-3.41071e6,1.71101e6,-4.29143e-9
1496929980,31390119.99979147,27653431.56742608,3736.688,3.99301e14,0.1758,-3.43519e6,1.71631e6,-4.30472e-9
1496930010,31379188.734048147,27634804.386947736,3744.384,3.99794e14,0.2995,-3.44791e6,1.72160e6,-4.31800e-9
1496930040,31368209.34683436,27616170.390445236,3752.039,4.00392e14,0.4493,-3.46109e6,1.72689e6,-4.33126e-9
1496930070,31357181.915170565,27597529.881457273,3759.652,4.01906e14,0.8293,-3.47826e6,1.73218e6,-4.34451e-9
1496930100,31346106.516613215,27578883.16487891,3767.223,3.98898e14,0.0746,-3.47575e6,1.73745e6,-4.35774e-9
1496930130,31334983.22926545,27560230.54695312,3774.753,3.93296e14,1.3307,-3.46181e6,1.74273e6,-4.37095e-9
1496930160,31323812.131753977,27541572.335302427,3782.240,3.91911e14,1.6783,-3.46619e6,1.74799e6,-4.38415e-9
1496930190,31312593.303257216,27522908.8388997,3789.684,3.97960e14,0.1607,-3.50321e6,1.75325e6,-4.39734e-9
1496930220,31301326.82349957,27504240.36807897,3797.086,3.99255e14,0.1642,-3.51941e6,1.75850e6,-4.41050e-9
1496930250,31290012.772754066,27485567.2345365,3804.446,4.07270e14,2.1751,-3.56537e6,1.76375e6,-4.42365e-9
1496930280,31278651.231844943,27466889.751331624,3811.761,4.05411e14,1.7086,-3.56770e6,1.76898e6,-4.43678e-9
1496930310,31267242.282150306,27448208.232887644,3819.034,3.92514e14,1.5269,-3.52086e6,1.77421e6,-4.44990e-9
1496930340,31255786.005604714,27429522.994992547,3826.263,3.97398e14,0.3017,-3.55302e6,1.77944e6,-4.46299e-9
1496930370,31244282.484701905,27410834.354799747,3833.448,4.30475e14,7.9967,-3.71149e6,1.78465e6,-4.47607e-9
1496930400,31232731.80249738,27392142.630828694,3840.589,4.29277e14,7.6961,-3.71694e6,1.78986e6,-4.48913e-9
1496930430,31221134.04259936,27373448.142994087,3847.686,3.95829e14,0.6953,-3.57715e6,1.79506e6,-4.50217e-9
1496930460,31209489.289207663,27354751.212518167,3854.738,3.98793e14,0.0482,-3.60087e6,1.80025e6,-4.51518e-9
1496930490,31197797.627080213,27336052.162019517,3861.745,4.02321e14,0.9333,-3.62722e6,1.80544e6,-4.52818e-9
1496930520,31186059.141547326,27317351.315485064,3868.708,3.96293e14,0.5790,-3.61024e6,1.81061e6,-4.54116e-9
1496930550,31174273.91851437,27298648.998270605,3875.625,3.98755e14,0.0389,-3.63176e6,1.81578e6,-4.55412e-9
1496930580,31162442.04446435,27279945.537101105,3882.497,3.95199e14,0.8534,-3.62584e6,1.82094e6,-4.56705e-9
1496930610,31150563.606460664,27261241.26007111,3889.322,3.96693e14,0.4786,-3.64293e6,1.82609e6,-4.57997e-9
1496930640,31138638.692149676,27242536.49664493,3896.102,4.02861e14,1.0689,-3.68152e6,1.83123e6,-4.59286e-9
1496930670,31126667.389763486,27223831.577656757,3902.836,3.99170e14,0.1428,-3.67484e6,1.83637e6,-4.60573e-9
1496930700,31114649.78812257,27205126.835310686,3909.523,3.98444e14,0.0392,-3.68174e6,1.84149e6,-4.61858e-9
1496930730,31102585.97665354,27186422.6031419,3916.163,3.93483e14,1.2838,-3.66898e6,1.84661e6,-4.63140e-9
1496930760,31090476.045345824,27167719.216135737,3922.757,3.91732e14,1.7231,-3.67099e6,1.85171e6,-4.64420e-9
1496930790,31078320.084800515,27149017.01060783,3929.303,3.98885e14,0.0714,-3.71440e6,1.85681e6,-4.65697e-9
1496930820,31066118.186218414,27130316.32424198,3935.802,4.01539e14,0.7373,-3.73697e6,1.86189e6,-4.66973e-9
1496930850,31053870.441402934,27111617.496089406,3942.253,3.99864e14,0.3170,-3.73931e6,1.86697e6,-4.68245e-9
1496930880,31041576.942763068,27092920.86656766,3948.656,3.97317e14,0.3219,-3.73750e6,1.87203e6,-4.69515e-9
1496930910,31029237.78331637,27074226.77745969,3955.011,4.03910e14,1.3320,-3.77863e6,1.87709e6,-4.70783e-9
1496930940,31016853.056691904,27055535.571912553,3961.317,4.06551e14,1.9946,-3.80125e6,1.88213e6,-4.72048e-9
1496930970,31004422.857133336,27036847.59443617,3967.575,4.04377e14,1.4493,-3.80113e6,1.88717e6,-4.73310e-9
1496931000,30991947.27950183,27018163.190901965,3973.784,4.05700e14,1.7811,-3.81752e6,1.89219e6,-4.74569e-9
1496931030,30979426.419266768,26999482.708577283,3979.944,4.02951e14,1.0914,-3.81455e6,1.89720e6,-4.75826e-9
1496931060,30966860.37254699,26980806.49601304,3986.054,3.98367e14,0.0585,-3.80274e6,1.90221e6,-4.77080e-9
1496931090,30954249.236075517,26962134.9031532,3992.114,4.01032e14,0.6101,-3.82546e6,1.90720e6,-4.78331e-9
1496931120,30941593.107214972,26943468.28129726,3998.125,4.03793e14,1.3026,-3.84868e6,1.91217e6,-4.79579e-9
1496931150,30928892.083960507,26924806.98309866,4004.085,3.96408e14,0.5501,-3.82316e6,1.91714e6,-4.80824e-9
1496931180,30916146.264942717,26906151.362563144,4009.995,3.99654e14,0.2642,-3.84869e6,1.92209e6,-4.82066e-9
1496931210,30903355.74943079,26887501.7750469,4015.854,3.97003e14,0.4007,-3.84578e6,1.92704e6,-4.83306e-9
1496931240,30890520.63733535,26868858.57725469,4021.662,3.89779e14,2.2130,-3.82061e6,1.93197e6,-4.84542e-9
1496931270,30877641.029211536,26850222.127237752,4027.419,4.03236e14,1.1630,-3.89570e6,1.93688e6,-4.85775e-9
1496931300,30864717.026262008,26831592.784391742,4033.124,4.12426e14,3.4686,-3.95032e6,1.94179e6,-4.87004e-9
1496931330,30851748.730345394,26812970.909433745,4038.778,4.03221e14,1.1591,-3.91533e6,1.94668e6,-4.88231e-9
1496931360,30838736.243962713,26794356.8644636,4044.379,4.01871e14,0.8206,-3.91853e6,1.95156e6,-4.89454e-9
1496931390,30825679.670277026,26775751.0128974,4049.929,4.02067e14,0.8697,-3.92926e6,1.95642e6,-4.90674e-9
1496931420,30812579.113111254,26757153.719485294,4055.425,3.99802e14,0.3013,-3.92786e6,1.96128e6,-4.91891e-9
1496931450,30799434.67695127,26738565.350308605,4060.869,3.96830e14,0.4441,-3.92290e6,1.96611e6,-4.93104e-9
1496931480,30786246.466949083,26719986.272776656,4066.260,3.96249e14,0.5898,-3.92965e6,1.97094e6,-4.94313e-9
1496931510,30773014.588926025,26701416.85562349,4071.598,4.04099e14,1.3795,-3.97814e6,1.97575e6,-4.95519e-9
1496931540,30759739.149375923,26682857.468904518,4076.882,3.97517e14,0.2718,-3.95510e6,1.98054e6,-4.96722e-9
1496931570,30746420.255468354,26664308.483992852,4082.112,3.98260e14,0.0855,-3.96834e6,1.98532e6,-4.97921e-9
1496931600,30733058.01505185,26645770.27357568,4087.288,4.06180e14,1.9016,-4.01740e6,1.99009e6,-4.99116e-9
1496931630,30719652.536658403,26627243.211649917,4092.409,4.05105e14,1.6318,-4.02161e6,1.99484e6,-5.00307e-9
1496931660,30706203.92950293,26608727.673519604,4097.476,4.00561e14,0.4918,-4.00837e6,1.99958e6,-5.01495e-9
1496931690,30692712.30349044,26590224.035790525,4102.488,3.93219e14,1.3500,-3.98093e6,2.00430e6,-5.02678e-9
1496931720,30679177.769218057,26571732.676366217,4107.445,3.95488e14,0.7808,-4.00170e6,2.00900e6,-5.03858e-9
1496931750,30665600.43797835,26553253.97444367,4112.346,4.03085e14,1.1251,-4.04941e6,2.01369e6,-5.05034e-9
1496931780,30651980.42176271,26534788.310508635,4117.192,3.99437e14,0.2100,-4.04034e6,2.01837e6,-5.06206e-9
1496931810,30638317.833264682,26516336.066331,4121.982,3.95632e14,0.7446,-4.03036e6,2.02302e6,-5.07373e-9
1496931840,30624612.785883352,26497897.62495989,4126.715,4.01607e14,0.7542,-4.06998e6,2.02766e6,-5.08537e-9
1496931870,30610865.393726703,26479473.370718688,4131.392,4.04086e14,1.3762,-4.09190e6,2.03229e6,-5.09696e-9
1496931900,30597075.771615017,26461063.689199887,4136.012,4.02050e14,0.8654,-4.09077e6,2.03689e6,-5.10851e-9
1496931930,30583244.03507967,26442668.967277117,4140.575,3.96814e14,0.4483,-4.07318e6,2.04148e6,-5.12002e-9
1496931960,30569370.300380804,26424289.593046445,4145.081,3.93571e14,1.2617,-4.06566e6,2.04606e6,-5.13149e-9
1496931990,30555454.684496444,26405925.955874108,4149.529,3.94476e14,1.0346,-4.07937e6,2.05061e6,-5.14291e-9
1496932020,30541497.305130504,26387578.446373675,4153.919,4.01274e14,0.6707,-4.12343e6,2.05515e6,-5.15428e-9
1496932050,30527498.28071621,26369247.45640033,4158.251,4.01984e14,0.8489,-4.13616e6,2.05966e6,-5.16561e-9
1496932080,30513457.730419543,26350933.379044894,4162.524,4.01433e14,0.7105,-4.14234e6,2.06416e6,-5.17690e-9
1496932110,30499375.774142694,26332636.60862783,4166.739,4.03883e14,1.3253,-4.16404e6,2.06865e6,-5.18813e-9
1496932140,30485252.53252744,26314357.540692966,4170.895,4.02468e14,0.9704,-4.16567e6,2.07311e6,-5.19932e-9
1496932170,30471088.126958728,26296096.57200104,4174.992,4.32887e14,8.6017,-4.33309e6,2.07755e6,-5.21046e-9
1496932200,30456882.679568034,26277854.100523185,4179.029,4.32840e14,8.5899,-4.34207e6,2.08197e6,-5.22156e-9
1496932230,30442636.313242316,26259630.525411446,4183.006,3.91336e14,1.8225,-4.13408e6,2.08638e6,-5.23260e-9
1496932260,30428349.151610963,26241426.247061778,4186.923,3.88371e14,2.5662,-4.12723e6,2.09076e6,-5.24359e-9
1496932290,30414021.31906587,26223241.667036843,4190.780,3.93461e14,1.2893,-4.16259e6,2.09513e6,-5.25454e-9
1496932320,30399652.940759704,26205077.18808108,4194.576,3.95739e14,0.7178,-4.18321e6,2.09947e6,-5.26543e-9
1496932350,30385244.14260944,26186933.214113183,4198.311,3.98311e14,0.0725,-4.20539e6,2.10379e6,-5.27627e-9
1496932380,30370795.05130003,26168810.150218148,4201.985,3.94416e14,1.0497,-4.19340e6,2.10810e6,-5.28706e-9
1496932410,30356305.79428807,26150708.402639315,4205.597,3.99848e14,0.3129,-4.23069e6,2.11238e6,-5.29780e-9
1496932440,30341776.49980537,26132628.378770065,4209.148,3.99961e14,0.3413,-4.23982e6,2.11664e6,-5.30848e-9
1496932470,30327207.296862677,26114570.487145472,4212.637,3.98874e14,0.0686,-4.24253e6,2.12087e6,-5.31911e-9
1496932500,30312598.315253302,26096535.137433685,4216.063,3.99042e14,0.1108,-4.25186e6,2.12509e6,-5.32968e-9
1496932530,30297949.685553424,26078522.7404451,4219.427,3.94564e14,1.0126,-4.23633e6,2.12928e6,-5.34020e-9
1496932560,30283261.53913622,26060533.70806805,4222.728,3.99410e14,0.2030,-4.27056e6,2.13345e6,-5.35066e-9
1496932590,30268534.008165218,26042568.453315333,4225.966,4.00224e14,0.4073,-4.28323e6,2.13760e6,-5.36106e-9
1496932620,30253767.225601256,26024627.390296962,4229.140,3.97672e14,0.2330,-4.27779e6,2.14173e6,-5.37141e-9
1496932650,30238961.325206257,26006710.934210815,4232.250,3.98397e14,0.0510,-4.28988e6,2.14583e6,-5.38169e-9
1496932680,30224116.441546854,25988819.50133308,4235.297,4.01209e14,0.6545,-4.31320e6,2.14991e6,-5.39192e-9
1496932710,30209232.709998164,25970953.50900855,4238.279,4.01443e14,0.7131,-4.32259e6,2.15396e6,-5.40209e-9
1496932740,30194310.266747452,25953113.375640634,4241.197,3.96995e14,0.4027,-4.30661e6,2.15799e6,-5.41220e-9
1496932770,30179349.24879784,25935299.520681318,4244.050,3.97391e14,0.3035,-4.31675e6,2.16200e6,-5.42225e-9
1496932800,30164349.793972135,25917512.364620708,4246.837,4.01502e14,0.7279,-4.34703e6,2.16598e6,-5.43223e-9
1496932830,30149312.040913504,25899752.328967262,4249.560,4.04343e14,1.4406,-4.37043e6,2.16994e6,-5.44216e-9
1496932860,30134236.129098494,25882019.836266156,4252.216,3.97634e14,0.2424,-4.34178e6,2.17387e6,-5.45201e-9
1496932890,30119122.198831372,25864315.310058843,4254.807,3.97340e14,0.3163,-4.34797e6,2.17777e6,-5.46181e-9
1496932920,30103970.39125102,25846639.17488154,4257.331,4.00592e14,0.4996,-4.37351e6,2.18165e6,-5.47154e-9
1496932950,30088780.848334633,25828991.856253743,4259.789,3.94210e14,1.1015,-4.34625e6,2.18551e6,-5.48120e-9
1496932980,30073553.71290157,25811373.78066667,4262.180,3.97134e14,0.3679,-4.36992e6,2.18933e6,-5.49080e-9
1496933010,30058289.12861711,25793785.37557148,4264.504,4.02085e14,0.8743,-4.40474e6,2.19313e6,-5.50034e-9
1496933040,30042987.239996377,25776227.069367167,4266.760,3.99747e14,0.2877,-4.39943e6,2.19691e6,-5.50980e-9
1496933070,30027648.192408074,25758699.291388452,4268.949,3.96171e14,0.6096,-4.38720e6,2.20065e6,-5.51919e-9
1496933100,30012272.132078398,25741202.471893243,4271.070,3.93030e14,1.3976,-4.37724e6,2.20437e6,-5.52852e-9
1496933130,29996859.206107933,25723737.04205468,4273.122,3.98460e14,0.0353,-4.41464e6,2.20806e6,-5.53778e-9
1496933160,29981409.562435433,25706303.43393381,4275.106,4.02768e14,1.0454,-4.44586e6,2.21172e6,-5.54696e-9
1496933190,29965923.349882104,25688902.08048136,4277.021,3.98833e14,0.0584,-4.43130e6,2.21536e6,-5.55608e-9
1496933220,29950400.718142584,25671533.415519573,4278.867,3.94658e14,0.9890,-4.41528e6,2.21896e6,-5.56512e-9
1496933250,29934841.817788903,25654197.87372877,4280.644,3.96350e14,0.5646,-4.43182e6,2.22253e6,-5.57409e-9
1496933280,29919246.80027458,25636895.890633643,4282.351,3.98678e14,0.0194,-4.45189e6,2.22608e6,-5.58298e-9
1496933310,29903615.817938708,25619627.902589377,4283.988,3.97775e14,0.2070,-4.45388e6,2.22960e6,-5.59180e-9
1496933340,29887949.024009917,25602394.346767467,4285.555,3.96041e14,0.6421,-4.45113e6,2.23308e6,-5.60055e-9
1496933370,29872246.572610505,25585195.66114135,4287.051,3.95439e14,0.7930,-4.45464e6,2.23654e6,-5.60921e-9
1496933400,29856508.618760396,25568032.284471855,4288.476,3.99834e14,0.3094,-4.48615e6,2.23996e6,-5.61781e-9
1496933430,29840735.318359576,25550904.65628599,4289.831,3.97207e14,0.3495,-4.47817e6,2.24336e6,-5.62632e-9
1496933460,29824926.828259133,25533813.216881823,4291.114,3.92922e14,1.4246,-4.46074e6,2.24672e6,-5.63475e-9
1496933490,29809083.306197904,25516758.407292884,4292.325,3.93263e14,1.3392,-4.46927e6,2.25005e6,-5.64311e-9
1496933520,29793204.91082819,25499740.669279266,4293.464,3.95834e14,0.6941,-4.49036e6,2.25335e6,-5.65138e-9
1496933550,29777291.80171962,25482760.44531191,4294.531,4.01103e14,0.6278,-4.52669e6,2.25661e6,-5.65958e-9
1496933580,29761344.13936304,25465818.178556595,4295.526,4.00315e14,0.4302,-4.52871e6,2.25985e6,-5.66769e-9
1496933610,29745362.0851744,25448914.312857784,4296.448,3.99371e14,0.1933,-4.52976e6,2.26305e6,-5.67572e-9
1496933640,29729345.80149868,25432049.292722225,4297.297,3.99378e14,0.1952,-4.53615e6,2.26621e6,-5.68367e-9
1496933670,29713295.451613706,25415223.56330224,4298.072,3.99078e14,0.1198,-4.54071e6,2.26935e6,-5.69153e-9
1496933700,29697211.199734196,25398437.570379023,4298.774,3.97793e14,0.2026,-4.53959e6,2.27245e6,-5.69931e-9
1496933730,29681093.211040214,25381691.760359544,4299.401,4.01480e14,0.7223,-4.56675e6,2.27551e6,-5.70700e-9
1496933760,29664941.65160529,25364986.580215685,4299.955,4.06014e14,1.8599,-4.59875e6,2.27854e6,-5.71460e-9
1496933790,29648756.688476566,25348322.477510817,4300.434,4.01466e14,0.7189,-4.57877e6,2.28154e6,-5.72212e-9
1496933820,29632538.489654303,25331699.900367826,4300.839,4.01863e14,0.8185,-4.58699e6,2.28449e6,-5.72954e-9
1496933850,29616287.224096097,25315119.297451273,4301.168,4.04664e14,1.5212,-4.60893e6,2.28742e6,-5.73688e-9
1496933880,29600003.061721046,25298581.117949292,4301.422,3.97228e14,0.3444,-4.57203e6,2.29031e6,-5.74413e-9
1496933910,29583686.173414044,25282085.8115553,4301.600,3.96623e14,0.4960,-4.57425e6,2.29316e6,-5.75128e-9
1496933940,29567336.731030006,25265633.82844938,4301.703,3.98674e14,0.0184,-4.59168e6,2.29597e6,-5.75835e-9
1496933970,29550954.907398008,25249225.619279515,4301.729,4.18366e14,4.9588,-4.71077e6,2.29875e6,-5.76532e-9
1496934000,29534540.876325656,25232861.635142516,4301.679,4.19346e14,5.2045,-4.72204e6,2.30149e6,-5.77220e-9
1496934030,29518094.81258136,25216542.32754364,4301.552,3.97743e14,0.2150,-4.60275e6,2.30419e6,-5.77898e-9
1496934060,29501616.891966045,25200268.148442246,4301.349,3.97712e14,0.2230,-4.60789e6,2.30686e6,-5.78567e-9
1496934090,29485107.29124972,25184039.550166372,4301.068,3.94804e14,0.9523,-4.59630e6,2.30948e6,-5.79226e-9
1496934120,29468566.188197456,25167856.98541388,4300.709,3.92457e14,1.5413,-4.58783e6,2.31207e6,-5.79876e-9
1496934150,29451993.761573397,25151720.907231957,4300.273,3.92498e14,1.5310,-4.59313e6,2.31462e6,-5.80515e-9
1496934180,29435390.191144824,25135631.768996537,4299.758,3.94101e14,1.1288,-4.60743e6,2.31713e6,-5.81145e-9
1496934210,29418755.65768622,25119590.02439133,4299.166,3.95273e14,0.8347,-4.61916e6,2.31960e6,-5.81765e-9
1496934240,29402090.342983257,25103596.127386745,4298.494,3.97549e14,0.2637,-4.63725e6,2.32202e6,-5.82374e-9
1496934270,29385394.429836854,25087650.532218575,4297.744,3.97433e14,0.2928,-4.64134e6,2.32441e6,-5.82974e-9
1496934300,29368668.102067277,25071753.693366278,4296.914,3.95151e14,0.8653,-4.63272e6,2.32676e6,-5.83563e-9
1496934330,29351911.544536974,25055906.065553088,4296.005,3.91035e14,1.8980,-4.61326e6,2.32906e6,-5.84142e-9
1496934360,29335124.943096448,25040108.10365678,4295.017,3.92683e14,1.4845,-4.62739e6,2.33133e6,-5.84710e-9
1496934390,29318308.4846467,25024360.262755003,4293.948,4.01026e14,0.6085,-4.68063e6,2.33355e6,-5.85268e-9
1496934420,29301462.357124493,25008662.99808101,4292.799,4.01375e14,0.6961,-4.68705e6,2.33573e6,-5.85815e-9
1496934450,29284586.74950656,24993016.765001267,4291.570,4.03295e14,1.1778,-4.70259e6,2.33786e6,-5.86352e-9
1496934480,29267681.85181385,24977422.018992636,4290.260,4.02200e14,0.9030,-4.70038e6,2.33996e6,-5.86878e-9
1496934510,29250747.85511571,24961879.2156195,4288.869,4.01010e14,0.6044,-4.69751e6,2.34201e6,-5.87393e-9
1496934540,29233784.95153408,24946388.810510553,4287.396,4.01425e14,0.7085,-4.70397e6,2.34401e6,-5.87897e-9
1496934570,29216793.334247697,24930951.259335447,4285.842,4.01133e14,0.6354,-4.70620e6,2.34598e6,-5.88389e-9
1496934600,29199773.197496317,24915567.01778113,4284.206,4.03119e14,1.1337,-4.72175e6,2.34789e6,-5.88871e-9
1496934630,29182724.736564588,24900236.541514315,4282.488,3.95009e14,0.9010,-4.67772e6,2.34976e6,-5.89341e-9
1496934660,29165648.147848748,24884960.286199797,4280.688,3.97594e14,0.2526,-4.69660e6,2.35159e6,-5.89800e-9
1496934690,29148543.628798146,24869738.707433484,4278.805,4.05105e14,1.6319,-4.74450e6,2.35337e6,-5.90248e-9
1496934720,29131411.377939537,24854572.260731544,4276.839,4.02026e14,0.8594,-4.72981e6,2.35511e6,-5.90684e-9
1496934750,29114251.594881047,24839461.401505634,4274.790,4.00368e14,0.4434,-4.72340e6,2.35680e6,-5.91108e-9
1496934780,29097064.480316244,24824406.585037727,4272.658,3.97484e14,0.2801,-4.70964e6,2.35844e6,-5.91521e-9
1496934810,29079850.236028075,24809408.266454887,4270.442,3.97739e14,0.2160,-4.71434e6,2.36003e6,-5.91922e-9
1496934840,29062609.064892914,24794466.900703687,4268.142,4.00946e14,0.5884,-4.73642e6,2.36158e6,-5.92311e-9
1496934870,29045341.17088452,24779582.94252448,4265.758,3.97650e14,0.2384,-4.71990e6,2.36308e6,-5.92687e-9
1496934900,29028046.759078052,24764756.846425414,4263.290,3.94644e14,0.9925,-4.70498e6,2.36453e6,-5.93052e-9
1496934930,29010726.035677936,24749989.06665921,4260.737,3.98546e14,0.0136,-4.73092e6,2.36593e6,-5.93405e-9
1496934960,28993379.207948346,24735280.057187553,4258.099,3.98296e14,0.0764,-4.73214e6,2.36728e6,-5.93745e-9
1496934990,28976006.48429093,24720630.271663975,4255.376,3.96702e14,0.4763,-4.72528e6,2.36859e6,-5.94073e-9
1496935020,28958608.07422519,24706040.16340391,4252.568,3.96904e14,0.4257,-4.72899e6,2.36984e6,-5.94389e-9
1496935050,28941184.18839262,24691510.185357723,4249.674,3.98949e14,0.0875,-4.74356e6,2.37104e6,-5.94691e-9
1496935080,28923735.038560875,24677040.79008351,4246.694,4.03369e14,1.1964,-4.77217e6,2.37220e6,-5.94982e-9
1496935110,28906260.83762805,24662632.429719713,4243.628,4.01087e14,0.6238,-4.76080e6,2.37330e6,-5.95259e-9
1496935140,28888761.799626745,24648285.55595746,4240.476,3.97697e14,0.2266,-4.74273e6,2.37435e6,-5.95524e-9
1496935170,28871238.13972826,24634000.62001288,4237.238,3.97245e14,0.3401,-4.74203e6,2.37535e6,-5.95775e-9
1496935200,28853690.074246693,24619778.072598975,4233.912,3.98046e14,0.1390,-4.74870e6,2.37629e6,-5.96014e-9
1496935230,28836117.820619136,24605618.363904238,4230.499,3.97536e14,0.2671,-4.74745e6,2.37719e6,-5.96239e-9
1496935260,28818521.597483713,24591521.943543766,4227.000,3.95175e14,0.8593,-4.73506e6,2.37803e6,-5.96451e-9
1496935290,28800901.624609385,24577489.26055098,4223.412,3.95665e14,0.7363,-4.73956e6,2.37882e6,-5.96650e-9
1496935320,28783258.12292391,24563520.763342414,4219.737,3.96489e14,0.5297,-4.74594e6,2.37955e6,-5.96836e-9
1496935350,28765591.31451764,24549616.89968888,4215.974,3.99673e14,0.2692,-4.76631e6,2.38023e6,-5.97008e-9
1496935380,28747901.42264731,24535778.116686396,4212.123,3.96946e14,0.4150,-4.75129e6,2.38086e6,-5.97166e-9
1496935410,28730188.67173989,24522004.860726945,4208.184,3.96269e14,0.5849,-4.74839e6,2.38143e6,-5.97311e-9
1496935440,28712453.287396334,24508297.577469084,4204.156,3.99250e14,0.1631,-4.76723e6,2.38195e6,-5.97441e-9
1496935470,28694695.49639536,24494656.71180837,4200.039,3.98099e14,0.1257,-4.76128e6,2.38241e6,-5.97558e-9
1496935500,28676915.526697148,24481082.707847554,4195.833,4.01160e14,0.6420,-4.78039e6,2.38281e6,-5.97661e-9
1496935530,28659113.607467733,24467576.008855272,4191.538,4.03998e14,1.3542,-4.79806e6,2.38316e6,-5.97750e-9
1496935560,28641289.96901915,24454137.05727117,4187.153,4.03434e14,1.2126,-4.79528e6,2.38345e6,-5.97825e-9
1496935590,28623444.84287688,24440766.294640433,4182.679,3.99044e14,0.1113,-4.76951e6,2.38369e6,-5.97885e-9
1496935620,28605578.461763088,24427464.16159471,4178.114,3.95787e14,0.7058,-4.75040e6,2.38387e6,-5.97931e-9
1496935650,28587691.05960046,24414231.09782132,4173.460,3.98305e14,0.0742,-4.76570e6,2.38399e6,-5.97963e-9
1496935680,28569782.87151598,24401067.54203258,4168.715,4.04560e14,1.4950,-4.80323e6,2.38405e6,-5.97980e-9
1496935710,28551854.133844826,24387973.93193471,4163.880,4.00727e14,0.5336,-4.78033e6,2.38405e6,-5.97982e-9
1496935740,28533905.084134087,24374950.704196785,4158.954,3.99142e14,0.1358,-4.77074e6,2.38400e6,-5.97970e-9
1496935770,28515935.961146533,24361998.294419467,4153.938,3.94189e14,1.1066,-4.74091e6,2.38388e6,-5.97943e-9
1496935800,28497947.00486438,24349117.13710356,4148.830,3.86420e14,3.0558,-4.69412e6,2.38371e6,-5.97900e-9
1496935830,28479938.45647294,24336307.665631793,4143.631,3.93993e14,1.1559,-4.73894e6,2.38348e6,-5.97843e-9
1496935860,28461910.558426097,24323570.312196244,4138.340,4.01458e14,0.7168,-4.78298e6,2.38318e6,-5.97771e-9
1496935890,28443863.554388035,24310905.507807508,4132.958,3.96704e14,0.4758,-4.75386e6,2.38283e6,-5.97684e-9
1496935920,28425797.68925675,24298313.6822497,4127.484,3.93012e14,1.4021,-4.73097e6,2.38241e6,-5.97581e-9
1496935950,28407713.209167484,24285795.264048453,4121.918,3.99813e14,0.3041,-4.77067e6,2.38193e6,-5.97463e-9
1496935980,28389610.36149614,24273350.68043891,4116.260,4.01255e14,0.6660,-4.77821e6,2.38140e6,-5.97329e-9
1496936010,28371489.394862715,24260980.357333526,4110.509,3.97902e14,0.1751,-4.75699e6,2.38079e6,-5.97180e-9
1496936040,28353350.55913461,24248684.719289873,4104.666,3.97963e14,0.1600,-4.75603e6,2.38013e6,-5.97015e-9
1496936070,28335194.10543002,24236464.189478174,4098.730,4.01810e14,0.8053,-4.77755e6,2.37940e6,-5.96834e-9
1496936100,28317020.28612121,24224319.18964888,4092.701,3.96068e14,0.6354,-4.74170e6,2.37861e6,-5.96638e-9
1496936130,28298829.35486297,24212250.140086316,4086.579,3.94003e14,1.1534,-4.72770e6,2.37776e6,-5.96426e-9
1496936160,28280621.566518504,24200257.459618565,4080.364,4.03190e14,1.1513,-4.78065e6,2.37684e6,-5.96197e-9
1496936190,28262397.17724019,24188341.565541897,4074.056,4.00988e14,0.5989,-4.76556e6,2.37586e6,-5.95953e-9
1496936220,28244156.44444794,24176502.87360173,4067.654,4.00243e14,0.4120,-4.75903e6,2.37482e6,-5.95692e-9
1496936250,28225899.626832604,24164741.79795952,4061.158,4.04400e14,1.4550,-4.78156e6,2.37371e6,-5.95415e-9
1496936280,28207626.984359276,24153058.75115976,4054.568,4.02488e14,0.9753,-4.76782e6,2.37253e6,-5.95122e-9
1496936310,28189338.778270673,24141454.144096814,4047.885,4.03209e14,1.1561,-4.76962e6,2.37129e6,-5.94812e-9
1496936340,28171035.27109042,24129928.385981612,4041.107,4.00574e14,0.4950,-4.75133e6,2.36998e6,-5.94486e-9
1496936370,28152716.72662622,24118481.884308476,4034.235,3.93950e14,1.1667,-4.70923e6,2.36860e6,-5.94143e-9
1496936400,28134383.409973133,24107115.04482173,4027.268,4.00060e14,0.3663,-4.74266e6,2.36716e6,-5.93783e-9
1496936430,28116035.58748685,24095828.271498296,4020.207,4.02369e14,0.9454,-4.75334e6,2.36566e6,-5.93407e-9
1496936460,28097673.526878655,24084621.966465067,4013.052,3.98457e14,0.0360,-4.72698e6,2.36408e6,-5.93013e-9
1496936490,28079297.49712647,24073496.53001508,4005.801,3.97932e14,0.1677,-4.72059e6,2.36244e6,-5.92603e-9
1496936520,28060907.76850729,24062452.36055799,3998.455,3.99748e14,0.2879,-4.72794e6,2.36073e6,-5.92176e-9
1496936550,28042504.612599924,24051489.8545868,3991.015,3.99201e14,0.1506,-4.72114e6,2.35895e6,-5.91731e-9
1496936580,28024088.30228766,24040609.4066444,3983.479,3.97319e14,0.3214,-4.70633e6,2.35710e6,-5.91270e-9
1496936610,28005659.111760836,24029811.4092902,3975.848,3.97570e14,0.2584,-4.70399e6,2.35518e6,-5.90791e-9
1496936640,27987217.316519413,24019096.253066707,3968.121,3.98783e14,0.0459,-4.70719e6,2.35319e6,-5.90294e-9
1496936670,27968763.19337543,24008464.326466035,3960.299,4.01260e14,0.6673,-4.71769e6,2.35114e6,-5.89780e-9
1496936700,27950297.020455528,23997916.015896507,3952.381,3.95374e14,0.8095,-4.67875e6,2.34901e6,-5.89249e-9
1496936730,27931819.07722911,23987451.70563285,3944.367,3.95084e14,0.8821,-4.67268e6,2.34681e6,-5.88700e-9
1496936760,27913329.644431274,23977071.77783324,3936.258,3.99656e14,0.2649,-4.69506e6,2.34455e6,-5.88133e-9
1496936790,27894829.0041448,23966776.612454973,3928.052,4.02272e14,0.9210,-4.70575e6,2.34221e6,-5.87549e-9
1496936820,27876317.439776916,23956566.58723749,3919.751,4.00643e14,0.5125,-4.69136e6,2.33980e6,-5.86946e-9
1496936850,27857795.2360617,23946442.077668753,3911.353,3.95494e14,0.7794,-4.65620e6,2.33732e6,-5.86326e-9
1496936880,27839262.679062527,23936403.456951782,3902.859,3.98634e14,0.0085,-4.66952e6,2.33477e6,-5.85688e-9
1496936910,27820720.056174524,23926451.095971197,3894.269,4.03925e14,1.3359,-4.69523e6,2.33214e6,-5.85032e-9
1496936940,27802167.656126756,23916585.36325976,3885.582,4.02190e14,0.9005,-4.67967e6,2.32944e6,-5.84357e-9
1496936970,27783605.76898462,23906806.624965,3876.799,4.00168e14,0.3933,-4.66231e6,2.32667e6,-5.83664e-9
1496937000,27765034.686152037,23897115.244815934,3867.919,3.93531e14,1.2717,-4.61793e6,2.32383e6,-5.82953e-9
1496937030,27746454.70036275,23887511.584103156,3858.943,3.91463e14,1.7907,-4.60010e6,2.32091e6,-5.82224e-9
1496937060,27727866.10571598,23877996.00160436,3849.870,3.95891e14,0.6798,-4.61993e6,2.31792e6,-5.81476e-9
1496937090,27709269.1976448,23868568.853592847,3840.700,3.97797e14,0.2015,-4.62491e6,2.31486e6,-5.80710e-9
1496937120,27690664.272928935,23859230.4937911,3831.434,4.02757e14,1.0427,-4.64741e6,2.31172e6,-5.79925e-9
1496937150,27672051.629696578,23849981.273337997,3822.070,3.97782e14,0.2053,-4.61215e6,2.30851e6,-5.79121e-9
1496937180,27653431.56742608,23840821.540756095,3812.610,3.97358e14,0.3118,-4.60314e6,2.30522e6,-5.78299e-9
1496937210,27634804.386947736,23831751.641919065,3803.053,3.94410e14,1.0512,-4.57941e6,2.30186e6,-5.77457e-9
1496937240,27616170.390445236,23822771.920019142,3793.398,3.90467e14,2.0405,-4.54985e6,2.29842e6,-5.76597e-9
1496937270,27597529.881457273,23813882.71553478,3783.647,3.96000e14,0.6523,-4.57476e6,2.29491e6,-5.75719e-9
1496937300,27578883.16487891,23805084.36619835,3773.799,3.99438e14,0.2100,-4.58737e6,2.29132e6,-5.74821e-9
1496937330,27560230.54695312,23796377.206954785,3763.853,4.02977e14,1.0980,-4.60036e6,2.28766e6,-5.73904e-9
1496937360,27541572.335302427,23787761.569958128,3753.811,4.02531e14,0.9860,-4.59029e6,2.28392e6,-5.72968e-9
1496937390,27522908.8388997,23779237.784510985,3743.671,3.92205e14,1.6044,-4.52356e6,2.28010e6,-5.72012e-9
1496937420,27504240.36807897,23770806.17704191,3733.434,3.93526e14,1.2732,-4.52339e6,2.27621e6,-5.71038e-9
1496937450,27485567.2345365,23762467.071073834,3723.100,3.97859e14,0.1859,-4.54021e6,2.27224e6,-5.70044e-9
1496937480,27466889.751331624,23754220.787192516,3712.669,3.95343e14,0.8172,-4.51781e6,2.26819e6,-5.69031e-9
1496937510,27448208.232887644,23746067.64301523,3702.141,4.02121e14,0.8833,-4.54811e6,2.26406e6,-5.67999e-9
1496937540,27429522.994992547,23738007.953159556,3691.515,4.02724e14,1.0345,-4.54309e6,2.25986e6,-5.66947e-9
1496937570,27410834.354799747,23730042.02921239,3680.792,3.74004e14,6.1707,-4.37197e6,2.25558e6,-5.65875e-9
1496937600,27392142.630828694,23722170.179699097,3669.972,3.73192e14,6.3744,-4.35895e6,2.25122e6,-5.64784e-9
1496937630,27373448.142994087,23714392.710061602,3659.055,4.02195e14,0.9017,-4.51385e6,2.24678e6,-5.63673e-9
1496937660,27354751.212518167,23706709.922601085,3648.041,3.97613e14,0.2478,-4.47901e6,2.24227e6,-5.62543e-9
1496937690,27336052.162019517,23699122.116474733,3636.930,3.92017e14,1.6516,-4.43843e6,2.23767e6,-5.61393e-9
1496937720,27317351.315485064,23691629.587657016,3625.722,3.99893e14,0.3242,-4.47329e6,2.23300e6,-5.60223e-9
1496937750,27298648.998270605,23684232.628909916,3614.416,4.04975e14,1.5992,-4.49219e6,2.22825e6,-5.59033e-9
1496937780,27279945.537101105,23676931.529753372,3603.014,4.02976e14,1.0978,-4.47131e6,2.22342e6,-5.57824e-9
1496937810,27261241.26007111,23669726.57643605,3591.515,3.96868e14,0.4347,-4.42745e6,2.21850e6,-5.56594e-9
1496937840,27242536.49664493,23662618.05190611,3579.918,3.94694e14,0.9800,-4.40543e6,2.21351e6,-5.55345e-9
1496937870,27223831.577656757,23655606.235782474,3568.225,3.98153e14,0.1122,-4.41451e6,2.20844e6,-5.54075e-9
1496937900,27205126.835310686,23648691.404326104,3556.435,3.98978e14,0.0947,-4.40879e6,2.20329e6,-5.52786e-9
1496937930,27186422.6031419,23641873.830399957,3544.549,4.01892e14,0.8257,-4.41440e6,2.19806e6,-5.51476e-9
1496937960,27167719.216135737,23635153.783477202,3532.565,4.03829e14,1.3117,-4.41441e6,2.19275e6,-5.50147e-9
1496937990,27149017.01060783,23628531.5295767,3520.485,4.00814e14,0.5553,-4.38702e6,2.18736e6,-5.48797e-9
1496938020,27130316.32424198,23622007.331247237,3508.309,3.96572e14,0.5089,-4.35283e6,2.18189e6,-5.47427e-9
1496938050,27111617.496089406,23615581.447540138,3496.036,3.92747e14,1.4685,-4.32088e6,2.17634e6,-5.46037e-9
1496938080,27092920.86656766,23609254.133982107,3483.667,3.99136e14,0.1344,-4.34451e6,2.17071e6,-5.44626e-9
1496938110,27074226.77745969,23603025.642548427,3471.201,4.00165e14,0.3926,-4.33867e6,2.16499e6,-5.43195e-9
1496938140,27055535.571912553,23596896.22163641,3458.639,3.96524e14,0.5209,-4.30735e6,2.15920e6,-5.41744e-9
1496938170,27036847.59443617,23590866.11603919,3445.981,3.94690e14,0.9810,-4.28573e6,2.15332e6,-5.40273e-9
1496938200,27018163.190901965,23584935.56691978,3433.228,3.94423e14,1.0481,-4.27244e6,2.14737e6,-5.38781e-9
1496938230,26999482.708577283,23579104.81179769,3420.378,3.99147e14,0.1371,-4.28582e6,2.14133e6,-5.37268e-9
1496938260,26980806.49601304,23573374.08448592,3407.432,3.98803e14,0.0509,-4.27174e6,2.13521e6,-5.35736e-9
1496938290,26962134.9031532,23567743.615104087,3394.391,3.93823e14,1.1986,-4.23274e6,2.12901e6,-5.34182e-9
1496938320,26943468.28129726,23562213.630041584,3381.255,3.93723e14,1.2235,-4.21973e6,2.12272e6,-5.32609e-9
1496938350,26924806.98309866,23556784.35193331,3368.023,4.00182e14,0.3967,-4.24138e6,2.11636e6,-5.31015e-9
1496938380,26906151.362563144,23551455.999635916,3354.695,3.98966e14,0.0917,-4.22204e6,2.10991e6,-5.29400e-9
1496938410,26887501.7750469,23546228.788204342,3341.273,3.98781e14,0.0454,-4.20801e6,2.10338e6,-5.27764e-9
1496938440,26868858.57725469,23541102.92886863,3327.756,4.03231e14,1.1617,-4.21820e6,2.09677e6,-5.26109e-9
1496938470,26850222.127237752,23536078.62901116,3314.143,3.96684e14,0.4808,-4.17042e6,2.09008e6,-5.24432e-9
1496938500,26831592.784391742,23531156.092144303,3300.437,3.91636e14,1.7472,-4.13052e6,2.08330e6,-5.22735e-9
1496938530,26812970.909433745,23526335.517881844,3286.635,3.98849e14,0.0623,-4.15452e6,2.07645e6,-5.21017e-9
1496938560,26794356.8644636,23521617.10193733,3272.740,3.95681e14,0.7324,-4.12420e6,2.06951e6,-5.19279e-9
1496938590,26775751.0128974,23517001.03608253,3258.750,3.92576e14,1.5115,-4.09414e6,2.06249e6,-5.17520e-9
1496938620,26757153.719485294,23512487.508132976,3244.666,4.00358e14,0.4409,-4.12019e6,2.05538e6,-5.15741e-9
1496938650,26738565.350308605,23508076.70192744,3230.489,4.03062e14,1.1193,-4.11970e6,2.04820e6,-5.13941e-9
1496938680,26719986.272776656,23503768.797307696,3216.217,4.03773e14,1.2976,-4.10873e6,2.04093e6,-5.12120e-9
1496938710,26701416.85562349,23499563.970098708,3201.853,4.01204e14,0.6531,-4.08083e6,2.03358e6,-5.10278e-9
1496938740,26682857.468904518,23495462.392089248,3187.395,3.93139e14,1.3701,-4.02493e6,2.02615e6,-5.08416e-9
1496938770,26664308.483992852,23491464.231012803,3172.844,3.90944e14,1.9208,-3.99889e6,2.01863e6,-5.06534e-9
1496938800,26645770.27357568,23487569.650529042,3158.201,3.89059e14,2.3938,-3.97434e6,2.01103e6,-5.04630e-9
1496938830,26627243.211649917,23483778.81019892,3143.464,3.92603e14,1.5047,-3.97699e6,2.00335e6,-5.02706e-9
1496938860,26608727.673519604,23480091.86548743,3128.636,3.98025e14,0.1444,-3.98875e6,1.99559e6,-5.00762e-9
1496938890,26590224.035790525,23476508.967725884,3113.715,4.00099e14,0.3761,-3.98343e6,1.98775e6,-4.98796e-9
1496938920,26571732.676366217,23473030.264101446,3098.702,3.98609e14,0.0021,-3.96015e6,1.97982e6,-4.96811e-9
1496938950,26553253.97444367,23469655.897640653,3083.598,3.92498e14,1.5309,-3.91391e6,1.97182e6,-4.94804e-9
1496938980,26534788.310508635,23466386.007193323,3068.402,3.94536e14,1.0198,-3.90791e6,1.96373e6,-4.92777e-9
1496939010,26516336.066331,23463220.72741695,3053.115,3.98531e14,0.0174,-3.91126e6,1.95555e6,-4.90729e-9
1496939040,26497897.62495989,23460160.18876148,3037.737,3.93364e14,1.3137,-3.86952e6,1.94730e6,-4.88661e-9
1496939070,26479473.370718688,23457204.517454624,3022.269,3.87919e14,2.6798,-3.82647e6,1.93896e6,-4.86572e-9
1496939100,26461063.689199887,23454353.835487574,3006.710,3.95443e14,0.7922,-3.84632e6,1.93055e6,-4.84463e-9
1496939130,26442668.967277117,23451608.260620758,2991.061,4.01076e14,0.6211,-3.85657e6,1.92205e6,-4.82333e-9
1496939160,26424289.593046445,23448967.906310372,2975.322,4.01042e14,0.6125,-3.83920e6,1.91347e6,-4.80183e-9
1496939190,26405925.955874108,23446432.881755743,2959.493,4.05595e14,1.7549,-3.84360e6,1.90480e6,-4.78012e-9
1496939220,26387578.446373675,23444003.291867673,2943.575,3.98870e14,0.0676,-3.79397e6,1.89606e6,-4.75821e-9
1496939250,26369247.45640033,23441679.23725663,2927.568,3.96731e14,0.4689,-3.76619e6,1.88723e6,-4.73610e-9
1496939280,26350933.379044894,23439460.814221505,2911.473,3.97839e14,0.1910,-3.75365e6,1.87833e6,-4.71378e-9
1496939310,26332636.60862783,23437348.11473881,2895.288,3.92508e14,1.5285,-3.71070e6,1.86934e6,-4.69125e-9
1496939340,26314357.540692966,23435341.22645234,2879.016,4.02009e14,0.8551,-3.73706e6,1.86027e6,-4.66853e-9
1496939370,26296096.57200104,23433440.232663326,2862.656,3.86679e14,2.9909,-3.64748e6,1.85112e6,-4.64560e-9
1496939400,26277854.100523185,23431645.21232104,2846.209,3.76173e14,5.6265,-3.58074e6,1.84189e6,-4.62247e-9
1496939430,26259630.525411446,23429956.239988126,2829.674,3.98618e14,0.0045,-3.66588e6,1.83258e6,-4.59914e-9
1496939460,26241426.247061778,23428373.385911785,2813.053,4.06309e14,1.9340,-3.68231e6,1.82319e6,-4.57560e-9
1496939490,26223241.667036843,23426896.715935893,2796.345,4.02586e14,0.9999,-3.64624e6,1.81372e6,-4.55187e-9
1496939520,26205077.18808108,23425526.29151924,2779.551,3.93564e14,1.2636,-3.58620e6,1.80417e6,-4.52793e-9
1496939550,26186933.214113183,23424262.16972835,2762.671,3.95463e14,0.7870,-3.57563e6,1.79454e6,-4.50380e-9
1496939580,26168810.150218148,23423104.403230797,2745.706,3.97705e14,0.2247,-3.56634e6,1.78483e6,-4.47946e-9
1496939610,26150708.402639315,23422053.04028904,2728.655,3.94046e14,1.1427,-3.53049e6,1.77505e6,-4.45492e-9
1496939640,26132628.378770065,23421108.12475473,2711.520,3.99289e14,0.1728,-3.53410e6,1.76518e6,-4.43019e-9
1496939670,26114570.487145472,23420269.696063474,2694.301,3.96295e14,0.5784,-3.50101e6,1.75523e6,-4.40526e-9
1496939700,26096535.137433685,23419537.789230213,2676.997,3.93697e14,1.2301,-3.46965e6,1.74520e6,-4.38013e-9
1496939730,26078522.7404451,23418912.434863344,2659.610,4.01233e14,0.6605,-3.48239e6,1.73510e6,-4.35480e-9
1496939760,26060533.70806805,23418393.65910444,2642.140,4.01872e14,0.8208,-3.46473e6,1.72492e6,-4.32928e-9
1496939790,26042568.453315333,23417981.48368212,2624.587,3.94802e14,0.9528,-3.41371e6,1.71466e6,-4.30356e-9
1496939820,26024627.390296962,23417675.925891057,2606.951,3.92711e14,1.4776,-3.38420e6,1.70432e6,-4.27764e-9
1496939850,26006710.934210815,23417476.998590026,2589.234,3.95215e14,0.8493,-3.37418e6,1.69390e6,-4.25153e-9
1496939880,25988819.50133308,23417384.71020041,2571.435,3.92181e14,1.6104,-3.34047e6,1.68341e6,-4.22523e-9
1496939910,25970953.50900855,23417399.06470534,2553.554,3.93337e14,1.3206,-3.32436e6,1.67284e6,-4.19874e-9
1496939940,25953113.375640634,23417520.061649192,2535.593,3.94887e14,0.9317,-3.30968e6,1.66219e6,-4.17205e-9
1496939970,25935299.520681318,23417747.696137745,2517.552,3.98383e14,0.0547,-3.30283e6,1.65147e6,-4.14517e-9
1496940000,25917512.364620708,23418081.95883873,2499.430,3.97996e14,0.1516,-3.27966e6,1.64067e6,-4.11810e-9
1496940030,25899752.328967262,23418522.835978564,2481.229,3.92587e14,1.5085,-3.23581e6,1.62980e6,-4.09083e-9
1496940060,25882019.836266156,23419070.30935788,2462.950,3.94556e14,1.0147,-3.22208e6,1.61885e6,-4.06338e-9
1496940090,25864315.310058843,23419724.356339384,2444.591,3.92405e14,1.5542,-3.19147e6,1.60782e6,-4.03574e-9
1496940120,25846639.17488154,23420484.94985515,2426.154,4.00286e14,0.4228,-3.20103e6,1.59672e6,-4.00791e-9
1496940150,25828991.856253743,23421352.058409754,2407.640,3.96857e14,0.4373,-3.16500e6,1.58555e6,-3.97990e-9
1496940180,25811373.78066667,23422325.64608387,2389.048,3.92656e14,1.4912,-3.12596e6,1.57430e6,-3.95170e-9
1496940210,25793785.37557148,23423405.672538478,2370.380,3.98035e14,0.1419,-3.12459e6,1.56298e6,-3.92331e-9
1496940240,25776227.069367167,23424592.09301942,2351.635,4.04872e14,1.5735,-3.12845e6,1.55158e6,-3.89474e-9
1496940270,25758699.291388452,23425884.858362563,2332.814,4.06616e14,2.0109,-3.11208e6,1.54011e6,-3.86599e-9
1496940300,25741202.471893243,23427283.914999444,2313.919,4.01761e14,0.7929,-3.07015e6,1.52857e6,-3.83705e-9
1496940330,25723737.04205468,23428789.20495713,2294.948,4.04554e14,1.4936,-3.05747e6,1.51696e6,-3.80793e-9
1496940360,25706303.43393381,23430400.665883902,2275.903,4.01297e14,0.6766,-3.02163e6,1.50527e6,-3.77863e-9
1496940390,25688902.08048136,23432118.2310376,2256.784,3.93431e14,1.2969,-2.96855e6,1.49351e6,-3.74915e-9
1496940420,25671533.415519573,23433941.829299197,2237.592,3.96494e14,0.5284,-2.95644e6,1.48169e6,-3.71949e-9
1496940450,25654197.87372877,23435871.385180794,2218.326,3.97824e14,0.1947,-2.93762e6,1.46979e6,-3.68966e-9
1496940480,25636895.890633643,23437906.81883415,2198.989,4.00813e14,0.5551,-2.92465e6,1.45782e6,-3.65964e-9
1496940510,25619627.902589377,23440048.046059776,2179.580,4.00310e14,0.4290,-2.89869e6,1.44578e6,-3.62946e-9
1496940540,25602394.346767467,23442294.978316307,2160.099,4.05381e14,1.7010,-2.89267e6,1.43367e6,-3.59909e-9
1496940570,25585195.66114135,23444647.522730537,2140.548,4.06827e14,2.0639,-2.87328e6,1.42149e6,-3.56856e-9
1496940600,25568032.284471855,23447105.582107857,2120.927,3.89872e14,2.1898,-2.78855e6,1.40924e6,-3.53785e-9
1496940630,25550904.65628599,23449669.054947663,2101.236,4.00779e14,0.5467,-2.80245e6,1.39693e6,-3.50697e-9
1496940660,25533813.216881823,23452337.835441098,2081.475,4.07727e14,2.2897,-2.80177e6,1.38455e6,-3.47592e-9
1496940690,25516758.407292884,23455111.81349636,2061.647,3.99711e14,0.2787,-2.74898e6,1.37210e6,-3.44470e-9
1496940720,25499740.669279266,23457990.874746867,2041.750,4.00589e14,0.4989,-2.72691e6,1.35958e6,-3.41331e-9
1496940750,25482760.44531191,23460974.900564022,2021.786,3.97930e14,0.1682,-2.69270e6,1.34700e6,-3.38176e-9
1496940780,25465818.178556595,23464063.768070634,2001.754,3.94917e14,0.9242,-2.65733e6,1.33435e6,-3.35004e-9
1496946210,23463220.72741695,25470627.30686537,2007.407,3.96051e14,0.6397,2.66920e6,-1.33887e6,3.35899e-9
1496946240,23460160.18876148,25487582.180544935,2027.422,3.93746e14,1.2178,2.68655e6,-1.35149e6,3.39066e-9
1496946270,23457204.517454624,25504574.892877884,2047.370,3.85934e14,3.1777,2.68477e6,-1.36403e6,3.42217e-9
1496946300,23454353.835487574,25521605.000692934,2067.251,3.92681e14,1.4851,2.73265e6,-1.37652e6,3.45352e-9
1496946330,23451608.260620758,25538672.061517924,2087.064,4.08079e14,2.3780,2.81096e6,-1.38893e6,3.48470e-9
1496946360,23448967.906310372,25555775.633599557,2106.808,4.02461e14,0.9685,2.81621e6,-1.40128e6,3.51570e-9
1496946390,23446432.881755743,25572915.275915124,2126.482,4.00400e14,0.4514,2.83360e6,-1.41356e6,3.54654e-9
1496946420,23444003.291867673,25590090.54818928,2146.087,4.00225e14,0.4076,2.85746e6,-1.42577e6,3.57720e-9
1496946450,23441679.23725663,25607301.01090917,2165.622,3.97981e14,0.1553,2.87371e6,-1.43792e6,3.60770e-9
1496946480,23439460.814221505,25624546.225339398,2185.085,3.91979e14,1.6612,2.87602e6,-1.44999e6,3.63802e-9
1496946510,23437348.11473881,25641825.753536753,2204.478,3.87827e14,2.7029,2.88461e6,-1.46199e6,3.66816e-9
1496946540,23435341.22645234,25659139.158364836,2223.798,4.01361e14,0.6926,2.95821e6,-1.47393e6,3.69813e-9
1496946570,23433440.232663326,25676486.003508203,2243.046,4.17483e14,4.7372,3.04214e6,-1.48579e6,3.72792e-9
1496946600,23431645.21232104,25693865.853486612,2262.221,4.09393e14,2.7076,3.03589e6,-1.49759e6,3.75753e-9
1496946630,23429956.239988126,25711278.273670323,2281.322,3.98020e14,0.1457,3.01659e6,-1.50931e6,3.78697e-9
1496946660,23428373.385911785,25728722.830288976,2300.349,4.01371e14,0.6952,3.05268e6,-1.52096e6,3.81622e-9
1496946690,23426896.715935893,25746199.090449966,2319.302,3.96356e14,0.5631,3.05664e6,-1.53253e6,3.84529e-9
1496946720,23425526.29151924,25763706.622150034,2338.180,3.89389e14,2.3110,3.05260e6,-1.54404e6,3.87418e-9
1496946750,23424262.16972835,25781244.994288318,2356.983,3.94672e14,0.9856,3.09583e6,-1.55547e6,3.90289e-9
1496946780,23423104.403230797,25798813.77667916,2375.709,3.95176e14,0.8591,3.12043e6,-1.56683e6,3.93142e-9
1496946810,23422053.04028904,25816412.540064685,2394.359,3.93769e14,1.2120,3.13735e6,-1.57812e6,3.95976e-9
1496946840,23421108.12475473,25834040.85612724,2412.933,4.02596e14,1.0024,3.19484e6,-1.58933e6,3.98791e-9
1496946870,23420269.696063474,25851698.297501516,2431.429,3.96901e14,0.4263,3.19437e6,-1.60047e6,4.01588e-9
1496946900,23419537.789230213,25869384.437786568,2449.847,3.97090e14,0.3790,3.21722e6,-1.61153e6,4.04366e-9
1496946930,23418912.434863344,25887098.85155969,2468.186,4.02485e14,0.9746,3.26113e6,-1.62252e6,4.07125e-9
1496946960,23418393.65910444,25904841.114381522,2486.447,3.98939e14,0.0848,3.26854e6,-1.63343e6,4.09865e-9
1496946990,23417981.48368212,25922610.80281379,2504.629,3.99095e14,0.1240,3.29088e6,-1.64427e6,4.12587e-9
1496947020,23417675.925891057,25940407.494428392,2522.732,3.98109e14,0.1233,3.30833e6,-1.65503e6,4.15289e-9
1496947050,23417476.998590026,25958230.767818425,2540.754,4.00258e14,0.4157,3.33868e6,-1.66571e6,4.17972e-9
1496947080,23417384.71020041,25976080.20260891,2558.695,3.98383e14,0.0545,3.35207e6,-1.67632e6,4.20636e-9
1496947110,23417399.06470534,25993955.37946739,2576.556,3.91850e14,1.6935,3.34548e6,-1.68685e6,4.23281e-9
1496947140,23417520.061649192,26011855.88011432,2594.336,3.95298e14,0.8285,3.38091e6,-1.69731e6,4.25906e-9
1496947170,23417747.696137745,26029781.287333194,2612.034,3.99732e14,0.2838,3.42058e6,-1.70769e6,4.28512e-9
1496947200,23418081.95883873,26047731.184980545,2629.649,3.95953e14,0.6641,3.42493e6,-1.71799e6,4.31099e-9
1496947230,23418522.835978564,26065705.15799242,2647.182,3.95732e14,0.7196,3.44436e6,-1.72821e6,4.33666e-9
1496947260,23419070.30935788,26083702.792404115,2664.632,3.96705e14,0.4755,3.46883e6,-1.73835e6,4.36213e-9
1496947290,23419724.356339384,26101723.6753495,2681.999,3.98715e14,0.0287,3.49774e6,-1.74842e6,4.38740e-9
1496947320,23420484.94985515,26119767.39507338,2699.282,4.02582e14,0.9990,3.53479e6,-1.75840e6,4.41248e-9
1496947350,23421352.058409754,26137833.540940505,2716.481,3.92880e14,1.4352,3.51166e6,-1.76831e6,4.43737e-9
1496947380,23422325.64608387,26155921.703444354,2733.596,3.91523e14,1.7756,3.52514e6,-1.77814e6,4.46205e-9
1496947410,23423405.672538478,26174031.474215746,2750.626,3.98941e14,0.0856,3.57776e6,-1.78789e6,4.48653e-9
1496947440,23424592.09301942,26192162.446031217,2767.570,4.01235e14,0.6611,3.60746e6,-1.79756e6,4.51082e-9
1496947470,23425884.858362563,26210314.212821286,2784.429,4.02263e14,0.9189,3.63138e6,-1.80715e6,4.53490e-9
1496947500,23427283.914999444,26228486.36967843,2801.202,3.96814e14,0.4483,3.62565e6,-1.81667e6,4.55879e-9
1496947530,23428789.20495713,26246678.51286448,2817.889,3.96716e14,0.4728,3.64404e6,-1.82610e6,4.58247e-9
1496947560,23430400.665883902,26264890.239819996,2834.490,4.00635e14,0.5105,3.68076e6,-1.83545e6,4.60595e-9
1496947590,23432118.2310376,26283121.149169914,2851.003,3.90818e14,1.9524,3.65391e6,-1.84472e6,4.62923e-9
1496947620,23433941.829299197,26301370.84073156,2867.429,3.93685e14,1.2333,3.68545e6,-1.85391e6,4.65231e-9
1496947650,23435871.385180794,26319638.915521737,2883.768,4.03331e14,1.1868,3.74867e6,-1.86302e6,4.67519e-9
1496947680,23437906.81883415,26337924.97576372,2900.018,4.00037e14,0.3604,3.75137e6,-1.87205e6,4.69786e-9
1496947710,23440048.046059776,26356228.62489414,2916.181,3.95766e14,0.7112,3.74914e6,-1.88100e6,4.72033e-9
1496947740,23442294.978316307,26374549.467569526,2932.254,3.99124e14,0.1315,3.78275e6,-1.88987e6,4.74260e-9
1496947770,23444647.522730537,26392887.109672874,2948.240,4.00311e14,0.4291,3.80600e6,-1.89865e6,4.76466e-9
1496947800,23447105.582107857,26411241.158319984,2964.136,3.91068e14,1.8897,3.77921e6,-1.90736e6,4.78652e-9
1496947830,23449669.054947663,26429611.22187212,2979.942,3.97062e14,0.3860,3.82512e6,-1.91598e6,4.80818e-9
1496947860,23452337.835441098,26447996.90992181,2995.659,3.99612e14,0.2539,3.85450e6,-1.92452e6,4.82963e-9
1496947890,23455111.81349636,26466397.833319068,3011.286,3.93237e14,1.3455,3.84053e6,-1.93298e6,4.85087e-9
1496947920,23457990.874746867,26484813.604170498,3026.823,3.97347e14,0.3145,3.87720e6,-1.94136e6,4.87191e-9
1496947950,23460974.900564022,26503243.835844915,3042.269,4.01366e14,0.6938,3.91344e6,-1.94966e6,4.89274e-9
1496947980,23464063.768070634,26521688.142978746,3057.624,4.03415e14,1.2078,3.94000e6,-1.95787e6,4.91337e-9
1496948010,23467257.35015467,26540146.1414813,3072.889,3.96087e14,0.6305,3.92022e6,-1.96601e6,4.93380e-9
1496948040,23470555.51548355,26558617.44853988,3088.062,3.93170e14,1.3623,3.92183e6,-1.97406e6,4.95401e-9
1496948070,23473958.12851888,26577101.68262476,3103.144,4.02669e14,1.0207,3.98491e6,-1.98203e6,4.97402e-9
1496948100,23477465.049531605,26595598.463493902,3118.133,3.97592e14,0.2529,3.97542e6,-1.98992e6,4.99383e-9
1496948130,23481076.13462198,26614107.412189312,3133.031,3.90801e14,1.9566,3.95698e6,-1.99772e6,5.01343e-9
1496948160,23484791.235722434,26632628.151067343,3147.837,3.98581e14,0.0049,4.01143e6,-2.00544e6,5.03282e-9
1496948190,23488610.20062745,26651160.303777017,3162.550,4.04048e14,1.3666,4.05434e6,-2.01309e6,5.05201e-9
1496948220,23492532.873006202,26669703.49527263,3177.171,3.95904e14,0.6766,4.02827e6,-2.02064e6,5.07099e-9
1496948250,23496559.09242004,26688257.35181765,3191.698,3.91068e14,1.8896,4.01857e6,-2.02812e6,5.08976e-9
1496948280,23500688.69434032,26706821.500988554,3206.133,3.96936e14,0.4176,4.06319e6,-2.03551e6,5.10833e-9
1496948310,23504921.51016669,26725395.571678527,3220.474,3.99799e14,0.3007,4.09247e6,-2.04283e6,5.12669e-9
1496948340,23509257.36724581,26743979.19410098,3234.722,4.01465e14,0.7186,4.11553e6,-2.05006e6,5.14484e-9
1496948370,23513696.088890396,26762571.999792937,3248.876,4.31402e14,8.2291,4.28444e6,-2.05720e6,5.16279e-9
1496948400,23518237.494398765,26781173.621618308,3262.936,4.25737e14,6.8079,4.26981e6,-2.06427e6,5.18053e-9
1496948430,23522881.399061818,26799783.693773042,3276.902,3.98153e14,0.1123,4.14088e6,-2.07125e6,5.19806e-9
1496948460,23527627.61422304,26818401.85178181,3290.774,3.99115e14,0.1291,4.15970e6,-2.07816e6,5.21539e-9
1496948490,23532475.947259367,26837027.732507214,3304.552,3.92196e14,1.6068,4.13715e6,-2.08497e6,5.23252e-9
1496948520,23537426.201615043,26855660.974150535,3318.235,3.93910e14,1.1767,4.15952e6,-2.09171e6,5.24943e-9
1496948550,23542478.17682286,26874301.21625431,3331.823,4.03120e14,1.1338,4.22125e6,-2.09837e6,5.26614e-9
1496948580,23547631.668525945,26892948.099704895,3345.316,4.04630e14,1.5126,4.24246e6,-2.10494e6,5.28265e-9
1496948610,23552886.468499806,26911601.266734872,3358.715,3.94693e14,0.9802,4.20289e6,-2.11143e6,5.29895e-9
1496948640,23558242.36467477,26930260.360925272,3372.018,3.92508e14,1.5284,4.20404e6,-2.11784e6,5.31504e-9
1496948670,23563699.141158734,26948925.027207833,3385.226,3.98307e14,0.0735,4.24752e6,-2.12417e6,5.33093e-9
1496948700,23569256.578260437,26967594.91186701,3398.338,4.00643e14,0.5125,4.27250e6,-2.13042e6,5.34661e-9
1496948730,23574914.452526875,26986269.662551127,3411.355,3.96504e14,0.5260,4.26267e6,-2.13658e6,5.36209e-9
1496948760,23580672.53672412,27004948.928245835,3424.276,3.93307e14,1.3280,4.25762e6,-2.14267e6,5.37736e-9
1496948790,23586530.59990469,27023632.359304305,3437.102,3.94220e14,1.0989,4.27447e6,-2.14867e6,5.39243e-9
1496948820,23592488.40741829,27042319.607439745,3449.831,3.94732e14,0.9706,4.28902e6,-2.15459e6,5.40730e-9
1496948850,23598545.720936786,27061010.325726908,3462.465,3.95041e14,0.8929,4.30232e6,-2.16043e6,5.42196e-9
1496948880,23604702.29847957,27079704.168603525,3475.002,3.97421e14,0.2959,4.32673e6,-2.16619e6,5.43641e-9
1496948910,23610957.894439198,27098400.791871764,3487.443,3.99862e14,0.3166,4.35138e6,-2.17186e6,5.45067e-9
1496948940,23617312.259607434,27117099.852699324,3499.788,3.99292e14,0.1735,4.35948e6,-2.17746e6,5.46472e-9
1496948970,23623765.14120143,27135801.009620614,3512.036,3.98577e14,0.0058,4.36661e6,-2.18298e6,5.47857e-9
1496949000,23630316.2828904,27154503.92253773,3524.188,3.99527e14,0.2324,4.38270e6,-2.18841e6,5.49222e-9
1496949030,23636965.424814712,27173208.25270529,3536.243,3.98989e14,0.0975,4.39047e6,-2.19377e6,5.50566e-9
1496949060,23643712.303637035,27191913.66278078,3548.201,3.95620e14,0.7477,4.38243e6,-2.19904e6,5.51890e-9
1496949090,23650556.652545728,27210619.81677541,3560.063,3.95338e14,0.8185,4.39123e6,-2.20424e6,5.53195e-9
1496949120,23657498.20129032,27229326.380070623,3571.828,3.98798e14,0.0495,4.42060e6,-2.20935e6,5.54479e-9
1496949150,23664536.67620937,27248033.01941856,3583.496,4.01738e14,0.7871,4.44702e6,-2.21439e6,5.55743e-9
1496949180,23671671.80025873,27266739.402942054,3595.068,3.97710e14,0.2233,4.43454e6,-2.21935e6,5.56987e-9
1496949210,23678903.293039896,27285445.200135008,3606.542,3.94197e14,1.1047,4.42467e6,-2.22422e6,5.58211e-9
1496949240,23686230.870828796,27304150.08186223,3617.919,3.91403e14,1.8057,4.41859e6,-2.22902e6,5.59415e-9
1496949270,23693654.246604577,27322853.72035943,3629.199,3.94034e14,1.1457,4.44269e6,-2.23374e6,5.60600e-9
1496949300,23701173.130078886,27341555.789233107,3640.383,3.98571e14,0.0075,4.47740e6,-2.23838e6,5.61764e-9
1496949330,23708787.227723766,27360255.963473186,3651.469,4.00758e14,0.5413,4.49884e6,-2.24294e6,5.62909e-9
1496949360,23716496.24280552,27378953.91941265,3662.458,3.98661e14,0.0151,4.49600e6,-2.24742e6,5.64034e-9
1496949390,23724299.87541039,27397649.334767494,3673.349,3.95779e14,0.7078,4.48852e6,-2.25182e6,5.65139e-9
1496949420,23732197.822475873,27416341.88862326,3684.144,3.97395e14,0.3024,4.50630e6,-2.25615e6,5.66225e-9
1496949450,23740189.777820945,27435031.261434514,3694.841,3.93418e14,1.3002,4.49222e6,-2.26040e6,5.67291e-9
1496949480,23748275.432176467,27453717.13502428,3705.442,3.94194e14,1.1056,4.50492e6,-2.26457e6,5.68338e-9
1496949510,23756454.473215867,27472399.192583498,3715.945,3.95672e14,0.7348,4.52148e6,-2.26866e6,5.69365e-9
1496949540,23764726.58558587,27491077.118670188,3726.351,3.95766e14,0.7112,4.53002e6,-2.27267e6,5.70373e-9
1496949570,23773091.4509375,27509750.599208776,3736.659,3.97975e14,0.1570,4.55049e6,-2.27661e6,5.71362e-9
1496949600,23781548.747957263,27528419.321489133,3746.871,3.97242e14,0.3408,4.55401e6,-2.28047e6,5.72331e-9
1496949630,23790098.152406007,27547082.974160645,3756.985,3.95767e14,0.7108,4.55312e6,-2.28426e6,5.73281e-9
1496949660,23798739.337127313,27565741.24724691,3767.002,3.98129e14,0.1182,4.57407e6,-2.28797e6,5.74212e-9
1496949690,23807471.972102202,27584393.83212861,3776.922,3.98030e14,0.1431,4.58077e6,-2.29160e6,5.75124e-9
1496949720,23816295.72447359,27603040.42154759,3786.745,3.91758e14,1.7167,4.55175e6,-2.29516e6,5.76016e-9
1496949750,23825210.258578304,27621680.709605496,3796.470,3.98406e14,0.0487,4.59701e6,-2.29864e6,5.76890e-9
1496949780,23834215.235979225,27640314.391762502,3806.099,3.99442e14,0.2112,4.60981e6,-2.30205e6,5.77745e-9
1496949810,23843310.315497626,27658941.16483592,3815.631,3.94034e14,1.1455,4.58519e6,-2.30538e6,5.78581e-9
1496949840,23852495.15324555,27677560.726998594,3825.066,3.94541e14,1.0184,4.59460e6,-2.30864e6,5.79398e-9
1496949870,23861769.402658384,27696172.777777504,3834.403,3.93281e14,1.3346,4.59362e6,-2.31182e6,5.80197e-9
1496949900,23871132.71452745,27714777.018052038,3843.644,3.92877e14,1.4360,4.59745e6,-2.31493e6,5.80977e-9
1496949930,23880584.73702427,27733373.1500539,3852.788,3.95045e14,0.8919,4.61609e6,-2.31796e6,5.81738e-9
1496949960,23890125.115759633,27751960.877360404,3861.836,3.97361e14,0.3110,4.63547e6,-2.32092e6,5.82481e-9
1496949990,23899753.493790362,27770539.904897943,3870.786,3.95512e14,0.7749,4.63045e6,-2.32381e6,5.83205e-9
1496950020,23909469.511660688,27789109.938938268,3879.640,3.97936e14,0.1668,4.65021e6,-2.32662e6,5.83911e-9
1496950050,23919272.807435285,27807670.687096603,3888.398,3.96951e14,0.4138,4.64993e6,-2.32936e6,5.84599e-9
1496950080,23929163.01673232,27826221.85832965,3897.059,3.98182e14,0.1049,4.66247e6,-2.33203e6,5.85269e-9
1496950110,23939139.7727567,27844763.162933555,3905.623,3.98695e14,0.0237,4.67066e6,-2.33463e6,5.85920e-9
1496950140,23949202.70633322,27863294.312541712,3914.092,3.96811e14,0.4489,4.66466e6,-2.33715e6,5.86553e-9
1496950170,23959351.445939828,27881815.020122636,3922.464,3.98962e14,0.0907,4.68219e6,-2.33961e6,5.87169e-9
1496950200,23969585.61774098,27900324.99997766,3930.739,3.99462e14,0.2161,4.68989e6,-2.34199e6,5.87766e-9
1496950230,23979904.84562885,27918823.96773451,3938.919,3.98950e14,0.0877,4.69150e6,-2.34430e6,5.88346e-9
1496950260,23990308.75123266,27937311.64035784,3947.003,3.97671e14,0.2332,4.68845e6,-2.34654e6,5.88907e-9
1496950290,24000796.95397607,27955787.736133687,3954.991,3.99614e14,0.2543,4.70424e6,-2.34871e6,5.89452e-9
1496950320,24011369.071102988,27974251.974671166,3962.883,3.97435e14,0.2923,4.69559e6,-2.35081e6,5.89978e-9
1496950350,24022024.71771116,27992704.0769,3970.679,3.96468e14,0.5350,4.69393e6,-2.35284e6,5.90487e-9
1496950380,24032763.50678569,28011143.765067883,3978.380,3.95702e14,0.7271,4.69331e6,-2.35480e6,5.90979e-9
1496950410,24043585.049232706,28029570.76273777,3985.986,3.95042e14,0.8928,4.69317e6,-2.35669e6,5.91453e-9
1496950440,24054488.9539129,28047984.79478531,3993.496,4.01483e14,0.7231,4.73492e6,-2.35851e6,5.91910e-9
1496950470,24065474.82767516,28066385.587395944,4000.911,3.98697e14,0.0242,4.72194e6,-2.36026e6,5.92349e-9
1496950500,24076542.275390115,28084772.868062243,4008.231,3.95607e14,0.7510,4.70700e6,-2.36195e6,5.92772e-9
1496950530,24087690.899977423,28103146.365587328,4015.455,4.00922e14,0.5825,4.74175e6,-2.36357e6,5.93178e-9
1496950560,24098920.302458685,28121505.81006253,4022.586,4.01423e14,0.7082,4.74783e6,-2.36512e6,5.93566e-9
1496950590,24110230.08197183,28139850.93288423,4029.621,3.95926e14,0.6709,4.71816e6,-2.36660e6,5.93938e-9
1496950620,24121619.83581064,28158181.466744475,4036.562,3.98819e14,0.0549,4.73817e6,-2.36802e6,5.94293e-9
1496950650,24133089.1594582,28176497.14562812,4043.408,4.00328e14,0.4335,4.74984e6,-2.36937e6,5.94631e-9
1496950680,24144637.646620296,28194797.70480991,4050.160,4.02727e14,1.0352,4.76669e6,-2.37065e6,5.94953e-9
1496950710,24156264.88925865,28213082.88085142,4056.818,4.06130e14,1.8890,4.78939e6,-2.37187e6,5.95258e-9
1496950740,24167970.477624226,28231352.411598068,4063.382,4.00714e14,0.5301,4.75946e6,-2.37302e6,5.95547e-9
1496950770,24179754.000290453,28249606.036176026,4069.852,3.97331e14,0.3184,4.74148e6,-2.37411e6,5.95819e-9
1496950800,24191615.044186264,28267843.49498911,4076.228,3.95844e14,0.6915,4.73466e6,-2.37513e6,5.96075e-9
1496950830,24203553.194632124,28286064.529713262,4082.511,4.00696e14,0.5257,4.76550e6,-2.37609e6,5.96315e-9
1496950860,24215568.035364382,28304268.88330083,4088.701,3.97022e14,0.3961,4.74537e6,-2.37698e6,5.96539e-9
1496950890,24227659.148576587,28322456.29996978,4094.797,3.94248e14,1.0918,4.73048e6,-2.37782e6,5.96747e-9
1496950920,24239826.114949632,28340626.52520291,4100.800,3.98041e14,0.1403,4.75464e6,-2.37858e6,5.96939e-9
1496950950,24252068.513684686,28358779.305744488,4106.711,3.95660e14,0.7376,4.74183e6,-2.37929e6,5.97115e-9
1496950980,24264385.922535814,28376914.389596917,4112.528,3.98786e14,0.0466,4.76178e6,-2.37993e6,5.97275e-9
1496951010,24276777.91784266,28395031.52601742,4118.254,3.97379e14,0.3063,4.75453e6,-2.38051e6,5.97420e-9
1496951040,24289244.074563,28413130.46551451,4123.886,3.97966e14,0.1592,4.75907e6,-2.38103e6,5.97549e-9
1496951070,24301783.9663052,28431210.95984459,4129.427,4.00452e14,0.4646,4.77484e6,-2.38148e6,5.97663e-9
1496951100,24314397.16536056,28449272.762008462,4134.876,3.92907e14,1.4285,4.73052e6,-2.38188e6,5.97761e-9
1496951130,24327083.242741134,28467315.62624203,4140.232,3.91837e14,1.6968,4.72479e6,-2.38221e6,5.97844e-9
1496951160,24339841.768194646,28485339.3080305,4145.498,3.96307e14,0.5754,4.75205e6,-2.38248e6,5.97912e-9
1496951190,24352672.310254034,28503343.564087015,4150.671,3.97446e14,0.2895,4.75929e6,-2.38270e6,5.97965e-9
1496951220,24365574.436263714,28521328.152354736,4155.754,3.97546e14,0.2645,4.76019e6,-2.38285e6,5.98003e-9
1496951250,24378547.712411363,28539292.832003184,4160.745,3.97185e14,0.3551,4.75822e6,-2.38295e6,5.98026e-9
1496951280,24391591.70375965,28557237.36342451,4165.646,3.98432e14,0.0423,4.76574e6,-2.38298e6,5.98034e-9
1496951310,24404705.97427782,28575161.508229814,4170.456,3.94577e14,1.0094,4.74264e6,-2.38296e6,5.98028e-9
1496951340,24417890.086873066,28593065.029245373,4175.175,3.96951e14,0.4138,4.75667e6,-2.38288e6,5.98006e-9
1496951370,24431143.603421822,28610947.6905089,4179.804,4.02103e14,0.8787,4.78720e6,-2.38274e6,5.97971e-9
1496951400,24444466.08480085,28628809.257265728,4184.343,3.98002e14,0.1502,4.76228e6,-2.38254e6,5.97921e-9
1496951430,24457857.09090521,28646649.495978195,4188.792,3.98828e14,0.0571,4.76671e6,-2.38229e6,5.97856e-9
1496951460,24471316.180719286,28664468.1742814,4193.152,3.98975e14,0.0941,4.76696e6,-2.38198e6,5.97777e-9
1496951490,24484842.912306882,28682265.061019912,4197.422,3.95236e14,0.8441,4.74387e6,-2.38161e6,5.97684e-9
1496951520,24498436.84285473,28700039.92623091,4201.603,3.97398e14,0.3017,4.75595e6,-2.38119e6,5.97577e-9
1496951550,24512097.52870274,28717792.54114046,4205.695,4.01015e14,0.6057,4.77660e6,-2.38071e6,5.97456e-9
1496951580,24525824.52537397,28735522.678159755,4209.698,3.99375e14,0.1943,4.76573e6,-2.38017e6,5.97322e-9
1496951610,24539617.38760457,28753230.110881295,4213.613,3.99462e14,0.2162,4.76507e6,-2.37959e6,5.97173e-9
1496951640,24553475.669373408,28770914.61407516,4217.439,3.98413e14,0.0470,4.75751e6,-2.37894e6,5.97011e-9
1496951670,24567398.92393166,28788575.963685118,4221.177,3.95833e14,0.6944,4.74071e6,-2.37825e6,5.96835e-9
1496951700,24581386.703832123,28806213.936824843,4224.827,4.01329e14,0.6846,4.77201e6,-2.37749e6,5.96646e-9
1496951730,24595438.56097196,28823828.311757155,4228.390,4.06204e14,1.9075,4.79946e6,-2.37669e6,5.96443e-9
1496951760,24609554.046579953,28841418.867942154,4231.865,3.96777e14,0.4574,4.74152e6,-2.37583e6,5.96227e-9
1496951790,24623732.711287353,28858985.385981213,4235.253,3.94071e14,1.1362,4.72358e6,-2.37492e6,5.95997e-9
1496951820,24637974.105143048,28876527.64762971,4238.554,3.95414e14,0.7995,4.72966e6,-2.37396e6,5.95755e-9
1496951850,24652277.777642127,28894045.43579305,4241.768,3.95135e14,0.8694,4.72597e6,-2.37295e6,5.95500e-9
1496951880,24666643.27775431,28911538.534522515,4244.895,3.99731e14,0.2835,4.75120e6,-2.37188e6,5.95231e-9
1496951910,24681070.153952118,28929006.72901123,4247.937,3.94043e14,1.1435,4.71512e6,-2.37076e6,5.94950e-9
1496951940,24695557.954239015,28946449.805590034,4250.892,3.90180e14,2.1124,4.68983e6,-2.36960e6,5.94656e-9
1496951970,24710106.22617711,28963867.55172328,4253.761,4.01806e14,0.8042,4.75651e6,-2.36838e6,5.94350e-9
1496952000,24724714.516914885,28981259.756004855,4256.545,4.01308e14,0.6792,4.75100e6,-2.36711e6,5.94030e-9
1496952030,24739382.373207234,28998626.208171297,4259.244,3.93555e14,1.2657,4.70233e6,-2.36579e6,5.93699e-9
1496952060,24754109.34146556,29015966.699044187,4261.857,4.00110e14,0.3788,4.73850e6,-2.36443e6,5.93355e-9
1496952090,24768894.967761736,29033281.020579647,4264.386,3.97478e14,0.2816,4.72005e6,-2.36301e6,5.92999e-9
1496952120,24783738.79786236,29050568.96584706,4266.830,4.00778e14,0.5462,4.73668e6,-2.36155e6,5.92630e-9
1496952150,24798640.377255343,29067830.329024903,4269.190,4.03290e14,1.1764,4.74852e6,-2.36003e6,5.92250e-9
1496952180,24813599.251176197,29085064.905396905,4271.466,4.00075e14,0.3700,4.72635e6,-2.35847e6,5.91857e-9
1496952210,24828614.964634277,29102272.49134794,4273.658,3.92435e14,1.5469,4.67793e6,-2.35687e6,5.91453e-9
1496952240,24843687.062438592,29119452.884359993,4275.766,3.91783e14,1.7104,4.67080e6,-2.35521e6,5.91037e-9
1496952270,24858815.08922362,29136605.88300821,4277.791,3.98285e14,0.0791,4.70582e6,-2.35351e6,5.90609e-9
1496952300,24873998.58947468,29153731.286956757,4279.733,3.96342e14,0.5665,4.69086e6,-2.35177e6,5.90170e-9
1496952330,24889237.107557993,29170828.89693937,4281.592,4.00579e14,0.4964,4.71226e6,-2.34997e6,5.89719e-9
1496952360,24904530.18773116,29187898.514803067,4283.368,3.98795e14,0.0488,4.69806e6,-2.34813e6,5.89256e-9
1496952390,24919877.37418273,29204939.94345612,4285.063,3.94762e14,0.9630,4.67054e6,-2.34625e6,5.88783e-9
1496952420,24935278.211052004,29221952.986879405,4286.675,3.93925e14,1.1729,4.66177e6,-2.34432e6,5.88298e-9
1496952450,24950732.24245347,29238937.4501222,4288.205,3.95396e14,0.8040,4.66649e6,-2.34235e6,5.87801e-9
1496952480,24966239.01250105,29255893.139297962,4289.654,4.00332e14,0.4345,4.69146e6,-2.34033e6,5.87294e-9
1496952510,24981798.065331955,29272819.86158013,4291.022,4.00244e14,0.4123,4.68681e6,-2.33827e6,5.86776e-9
1496952540,24997408.9451305,29289717.425197937,4292.308,3.98052e14,0.1376,4.66974e6,-2.33617e6,5.86247e-9
1496952570,25013071.196151573,29306585.639432095,4293.514,3.98920e14,0.0801,4.67052e6,-2.33402e6,5.85707e-9
1496952600,25028784.362743877,29323424.314610716,4294.640,3.96165e14,0.6110,4.65002e6,-2.33183e6,5.85157e-9
1496952630,25044547.989365738,29340233.262116853,4295.685,3.95168e14,0.8612,4.63973e6,-2.32960e6,5.84596e-9
1496952660,25060361.620630346,29357012.294347722,4296.651,4.01732e14,0.7856,4.67354e6,-2.32733e6,5.84024e-9
1496952690,25076224.80130568,29373761.22474723,4297.536,4.01945e14,0.8390,4.67012e6,-2.32501e6,5.83442e-9
1496952720,25092137.07634415,29390479.867790006,4298.343,3.97206e14,0.3500,4.63777e6,-2.32265e6,5.82850e-9
1496952750,25108097.990904637,29407168.038977202,4299.070,3.98762e14,0.0406,4.64204e6,-2.32026e6,5.82247e-9
1496952780,25124107.090374265,29423825.554832462,4299.718,3.98638e14,0.0093,4.63643e6,-2.31782e6,5.81635e-9
1496952810,25140163.920390084,29440452.23289781,4300.288,3.99978e14,0.3455,4.63926e6,-2.31534e6,5.81012e-9
1496952840,25156268.02686036,29457047.89172956,4300.780,4.02025e14,0.8591,4.64609e6,-2.31282e6,5.80379e-9
1496952870,25172418.955985725,29473612.350894213,4301.193,4.00454e14,0.4651,4.63185e6,-2.31027e6,5.79737e-9
1496952900,25188616.254280083,29490145.430964347,4301.529,3.95191e14,0.8552,4.59616e6,-2.30767e6,5.79084e-9
1496952930,25204859.46860009,29506646.95350689,4301.787,3.96585e14,0.5057,4.59897e6,-2.30504e6,5.78422e-9
1496952960,25221148.14613845,29523116.74110275,4301.969,4.00398e14,0.4510,4.61567e6,-2.30237e6,5.77750e-9
1496952990,25237481.83447143,29539554.617318887,4302.073,4.02076e14,0.8720,4.61991e6,-2.29966e6,5.77069e-9
1496953020,25253860.081570167,29555960.40671189,4302.100,3.98394e14,0.0517,4.59317e6,-2.29691e6,5.76378e-9
1496953050,25270282.43582039,29572333.934823822,4302.051,4.01229e14,0.6595,4.60391e6,-2.29412e6,5.75678e-9
1496953080,25286748.446042124,29588675.028178133,4301.927,4.02112e14,0.8810,4.60332e6,-2.29130e6,5.74969e-9
1496953110,25303257.661509037,29604983.514275476,4301.726,3.94874e14,0.9348,4.55601e6,-2.28844e6,5.74251e-9
1496953140,25319809.63196758,29621259.221589576,4301.450,3.98460e14,0.0353,4.57081e6,-2.28555e6,5.73523e-9
1496953170,25336403.90765597,29637501.97956314,4301.098,3.96806e14,0.4502,4.55547e6,-2.28262e6,5.72787e-9
1496953200,25353040.0393228,29653711.61860368,4300.672,3.96771e14,0.4589,4.54934e6,-2.27965e6,5.72041e-9
1496953230,25369717.57824144,29669887.970085334,4300.170,4.01155e14,0.6408,4.56839e6,-2.27665e6,5.71287e-9
1496953260,25386436.076241016,29686030.866326477,4299.595,4.01360e14,0.6922,4.56346e6,-2.27361e6,5.70524e-9
1496953290,25403195.085711505,29702140.140604015,4298.945,3.98967e14,0.0920,4.54366e6,-2.27054e6,5.69752e-9
1496953320,25419994.15962568,29718215.62714327,4298.221,3.99085e14,0.1216,4.53812e6,-2.26743e6,5.68972e-9
1496953350,25436832.851556573,29734257.16111405,4297.424,3.98439e14,0.0404,4.52816e6,-2.26430e6,5.68183e-9
1496953380,25453710.71569476,29750264.578626454,4296.554,3.96374e14,0.5586,4.51009e6,-2.26112e6,5.67386e-9
1496953410,25470627.30686537,29766237.716726974,4295.610,3.95672e14,0.7347,4.49971e6,-2.25792e6,5.66580e-9
1496953440,25487582.180544935,29782176.41339437,4294.594,3.96495e14,0.5281,4.49791e6,-2.25468e6,5.65766e-9
1496953470,25504574.892877884,29798080.507535644,4293.506,4.00363e14,0.4421,4.51323e6,-2.25141e6,5.64944e-9
1496953500,25521605.000692934,29813949.83898199,4292.345,4.00954e14,0.5904,4.50994e6,-2.24810e6,5.64114e-9
1496953530,25538672.061517924,29829784.2484755,4291.112,3.95792e14,0.7045,4.47417e6,-2.24477e6,5.63276e-9
1496953560,25555775.633599557,29845583.577693816,4289.808,3.96107e14,0.6256,4.46923e6,-2.24140e6,5.62430e-9
1496953590,25572915.275915124,29861347.669217315,4288.432,4.00813e14,0.5551,4.48887e6,-2.23800e6,5.61576e-9
1496953620,25590090.54818928,29877076.366534363,4286.986,4.01489e14,0.7246,4.48578e6,-2.23457e6,5.60715e-9
1496953650,25607301.01090917,29892769.51403722,4285.469,4.02410e14,0.9557,4.48399e6,-2.23111e6,5.59846e-9
1496953680,25624546.225339398,29908426.957017995,4283.881,4.01563e14,0.7432,4.47224e6,-2.22762e6,5.58969e-9
1496953710,25641825.753536753,29924048.541664567,4282.223,3.98521e14,0.0200,4.44819e6,-2.22410e6,5.58085e-9
1496953740,25659139.158364836,29939634.115056615,4280.495,3.97264e14,0.3352,4.43408e6,-2.22055e6,5.57193e-9
1496953770,25676486.003508203,29955183.525161486,4278.698,3.98567e14,0.0083,4.43418e6,-2.21697e6,5.56294e-9
1496953800,25693865.853486612,29970696.620830316,4276.831,3.97078e14,0.3820,4.41869e6,-2.21337e6,5.55387e-9
1496953830,25711278.273670323,29986173.251811042,4274.895,3.98363e14,0.0595,4.41855e6,-2.20973e6,5.54473e-9
1496953860,25728722.830288976,30001613.268691756,4272.890,4.04846e14,1.5669,4.44710e6,-2.20606e6,5.53553e-9
1496953890,25746199.090449966,30017016.522949573,4270.817,3.99592e14,0.2487,4.41062e6,-2.20237e6,5.52625e-9
1496953920,25763706.622150034,30032382.86692976,4268.676,3.96351e14,0.5643,4.38528e6,-2.19865e6,5.51690e-9
1496953950,25781244.994288318,30047712.153841827,4266.467,4.02113e14,0.8811,4.40953e6,-2.19490e6,5.50748e-9
1496953980,25798813.77667916,30063004.237755883,4264.190,4.03960e14,1.3445,4.41210e6,-2.19113e6,5.49800e-9
1496954010,25816412.540064685,30078258.973598838,4261.846,3.97075e14,0.3828,4.36664e6,-2.18732e6,5.48844e-9
1496954040,25834040.85612724,30093476.217150554,4259.435,3.92191e14,1.6080,4.33224e6,-2.18349e6,5.47882e-9
1496954070,25851698.297501516,30108655.825040136,4256.958,4.00086e14,0.3728,4.36776e6,-2.17964e6,5.46914e-9
1496954100,25869384.437786568,30123797.654742215,4254.413,3.97825e14,0.1945,4.34764e6,-2.17576e6,5.45939e-9
1496954130,25887098.85155969,30138901.564548455,4251.803,3.98095e14,0.1268,4.34129e6,-2.17185e6,5.44957e-9
1496954160,25904841.114381522,30153967.41363981,4249.126,4.04925e14,1.5868,4.37058e6,-2.16791e6,5.43969e-9
1496954190,25922610.80281379,30168995.0620067,4246.384,3.97105e14,0.3753,4.32013e6,-2.16396e6,5.42975e-9
1496954220,25940407.494428392,30183984.37046962,4243.577,3.93876e14,1.1853,4.29468e6,-2.15997e6,5.41974e-9
1496954250,25958230.767818425,30198935.200675268,4240.704,3.97256e14,0.3374,4.30499e6,-2.15597e6,5.40968e-9
1496954280,25976080.20260891,30213847.415092535,4237.767,3.96365e14,0.5608,4.29213e6,-2.15193e6,5.39955e-9
1496954310,25993955.37946739,30228720.877008643,4234.765,3.98979e14,0.0949,4.29812e6,-2.14788e6,5.38936e-9
1496954340,26011855.88011432,30243555.450525235,4231.700,3.96097e14,0.6281,4.27445e6,-2.14380e6,5.37911e-9
1496954370,26029781.287333194,30258351.000554398,4228.570,3.95399e14,0.8031,4.26252e6,-2.13969e6,5.36881e-9
1496954400,26047731.184980545,30273107.39281487,4225.376,4.01973e14,0.8461,4.28952e6,-2.13557e6,5.35844e-9
1496954430,26065705.15799242,30287824.49385602,4222.119,3.99372e14,0.1935,4.26727e6,-2.13142e6,5.34802e-9
1496954460,26083702.792404115,30302502.170968138,4218.799,4.00005e14,0.3523,4.26229e6,-2.12725e6,5.33754e-9
1496954490,26101723.6753495,30317140.2922646,4215.417,3.98458e14,0.0358,4.24564e6,-2.12305e6,5.32700e-9
1496954520,26119767.39507338,30331738.726650566,4211.971,3.96817e14,0.4474,4.22848e6,-2.11883e6,5.31641e-9
1496954550,26137833.540940505,30346297.343819316,4208.464,4.01867e14,0.8196,4.24681e6,-2.11460e6,5.30577e-9
1496954580,26155921.703444354,30360816.014248706,4204.894,4.01631e14,0.7602,4.23700e6,-2.11034e6,5.29507e-9
1496954610,26174031.474215746,30375294.609197773,4201.263,3.96942e14,0.4161,4.20362e6,-2.10605e6,5.28432e-9
1496954640,26192162.446031217,30389733.0007031,4197.571,3.99171e14,0.1431,4.20678e6,-2.10175e6,5.27351e-9
1496954670,26210314.212821286,30404131.06157539,4193.817,3.97240e14,0.3414,4.18796e6,-2.09743e6,5.26265e-9
1496954700,26228486.36967843,30418488.665395916,4190.002,3.99119e14,0.1301,4.18916e6,-2.09308e6,5.25174e-9
1496954730,26246678.51286448,30432805.686485175,4186.127,4.04267e14,1.4217,4.20740e6,-2.08872e6,5.24078e-9
1496954760,26264890.239819996,30447081.999985494,4182.192,3.99402e14,0.2010,4.17312e6,-2.08434e6,5.22977e-9
1496954790,26283121.149169914,30461317.481771257,4178.196,4.02084e14,0.8740,4.17829e6,-2.07993e6,5.21871e-9
1496954820,26301370.84073156,30475512.0084732,4174.141,3.98076e14,0.1316,4.14853e6,-2.07551e6,5.20760e-9
1496954850,26319638.915521737,30489665.45747469,4170.027,3.96043e14,0.6417,4.12908e6,-2.07107e6,5.19644e-9
1496954880,26337924.97576372,30503777.706908062,4165.853,4.00939e14,0.5867,4.14557e6,-2.06660e6,5.18524e-9
1496954910,26356228.62489414,30517848.63565105,4161.620,3.97531e14,0.2684,4.11894e6,-2.06212e6,5.17399e-9
1496954940,26374549.467569526,30531878.12332305,4157.329,3.98881e14,0.0703,4.11692e6,-2.05762e6,5.16269e-9
1496954970,26392887.109672874,30545866.0502816,4152.979,3.97142e14,0.3659,4.09892e6,-2.05311e6,5.15134e-9
1496955000,26411241.158319984,30559812.297618713,4148.571,3.96673e14,0.4836,4.08745e6,-2.04857e6,5.13995e-9
1496955030,26429611.22187212,30573716.74718675,4144.106,3.98144e14,0.1146,4.08591e6,-2.04402e6,5.12852e-9
1496955060,26447996.90992181,30587579.281504225,4139.582,4.04176e14,1.3988,4.10763e6,-2.03945e6,5.11704e-9
1496955090,26466397.833319068,30601399.78384314,4135.002,4.04999e14,1.6052,4.10259e6,-2.03486e6,5.10552e-9
1496955120,26484813.604170498,30615178.138196208,4130.365,3.96768e14,0.4597,4.05137e6,-2.03025e6,5.09395e-9
1496955150,26503243.835844915,30628914.229273748,4125.670,4.01907e14,0.8295,4.06826e6,-2.02563e6,5.08234e-9
1496955180,26521688.142978746,30642607.94250027,4120.920,3.96627e14,0.4951,4.03216e6,-2.02099e6,5.07069e-9
1496955210,26540146.1414813,30656259.16401139,4116.113,3.93309e14,1.3274,4.00609e6,-2.01634e6,5.05900e-9
1496955240,26558617.44853988,30669867.780650493,4111.250,4.02901e14,1.0790,4.04522e6,-2.01166e6,5.04727e-9
1496955270,26577101.68262476,30683433.6799656,4106.332,3.96555e14,0.5132,4.00383e6,-2.00698e6,5.03550e-9
1496955300,26595598.463493902,30696956.750206098,4101.358,3.97054e14,0.3879,3.99695e6,-2.00227e6,5.02369e-9
1496955330,26614107.412189312,30710436.880287662,4096.329,4.09774e14,2.8031,4.05127e6,-1.99755e6,5.01184e-9
1496955360,26632628.151067343,30723873.95988743,4091.246,3.99420e14,0.2056,3.98990e6,-1.99282e6,4.99995e-9
1496955390,26651160.303777017,30737267.87934215,4086.108,3.91128e14,1.8747,3.93903e6,-1.98807e6,4.98802e-9
1496955420,26669703.49527263,30750618.529676672,4080.915,4.03892e14,1.3275,3.99310e6,-1.98331e6,4.97606e-9
1496955450,26688257.35181765,30763925.802600473,4075.668,4.05133e14,1.6389,3.98963e6,-1.97853e6,4.96406e-9
1496955480,26706821.500988554,30777189.590504304,4070.368,4.02415e14,0.9570,3.96650e6,-1.97373e6,4.95202e-9
1496955510,26725395.571678527,30790409.786456738,4065.014,4.05266e14,1.6723,3.97092e6,-1.96893e6,4.93995e-9
1496955540,26743979.19410098,30803586.284200717,4059.607,3.98088e14,0.1286,3.92582e6,-1.96410e6,4.92784e-9
1496955570,26762571.999792937,30816718.97815022,4054.147,3.74392e14,6.0734,3.79966e6,-1.95927e6,4.91570e-9
1496955600,26781173.621618308,30829807.76338685,4048.634,3.83185e14,3.8674,3.83337e6,-1.95442e6,4.90352e-9
1496955630,26799783.693773042,30842852.535686173,4043.069,4.03433e14,1.2123,3.92287e6,-1.94956e6,4.89131e-9
1496955660,26818401.85178181,30855853.191423025,4037.451,3.96274e14,0.5837,3.87813e6,-1.94468e6,4.87907e-9
1496955690,26837027.732507214,30868809.627659857,4031.782,4.00913e14,0.5803,3.89095e6,-1.93979e6,4.86679e-9
1496955720,26855660.974150535,30881721.742114004,4026.061,3.99365e14,0.1917,3.87360e6,-1.93489e6,4.85448e-9
1496955750,26874301.21625431,30894589.433154706,4020.288,3.89684e14,2.2368,3.81688e6,-1.92997e6,4.84214e-9
1496955780,26892948.099704895,30907412.599800132,4014.465,3.94519e14,1.0238,3.83048e6,-1.92505e6,4.82977e-9
1496955810,26911601.266734872,30920191.14171438,4008.590,4.04796e14,1.5543,3.87016e6,-1.92011e6,4.81737e-9
1496955840,26930260.360925272,30932924.959204566,4002.665,4.05726e14,1.7876,3.86464e6,-1.91515e6,4.80494e-9
1496955870,26948925.027207833,30945613.95321794,3996.689,3.97635e14,0.2423,3.81585e6,-1.91019e6,4.79247e-9
1496955900,26967594.91186701,30958258.025338896,3990.663,3.91923e14,1.6751,3.77860e6,-1.90522e6,4.77998e-9
1496955930,26986269.662551127,30970857.0777658,3984.587,3.98725e14,0.0312,3.80113e6,-1.90023e6,4.76746e-9
1496955960,27004948.928245835,30983411.013370816,3978.462,4.01265e14,0.6685,3.80321e6,-1.89523e6,4.75491e-9
1496955990,27023632.359304305,30995919.735634115,3972.287,3.97192e14,0.3533,3.77384e6,-1.89022e6,4.74234e-9
1496956020,27042319.607439745,31008383.148661144,3966.064,3.98367e14,0.0585,3.76937e6,-1.88520e6,4.72973e-9
1496956050,27061010.325726908,31020801.15717968,3959.791,4.00174e14,0.3949,3.76783e6,-1.88017e6,4.71710e-9
1496956080,27079704.168603525,31033173.666536793,3953.469,3.99094e14,0.1238,3.75265e6,-1.87513e6,4.70444e-9
1496956110,27098400.791871764,31045500.58269588,3947.100,3.97551e14,0.2632,3.73529e6,-1.87008e6,4.69176e-9
1496956140,27117099.852699324,31057781.812233616,3940.682,3.97847e14,0.1890,3.72656e6,-1.86502e6,4.67905e-9
1496956170,27135801.009620614,31070017.262336984,3934.216,3.95817e14,0.6982,3.70695e6,-1.85994e6,4.66632e-9
1496956200,27154503.92253773,31082206.840800375,3927.703,3.96461e14,0.5367,3.69981e6,-1.85486e6,4.65356e-9
1496956230,27173208.25270529,31094350.456031214,3921.142,3.98293e14,0.0771,3.69816e6,-1.84977e6,4.64077e-9
1496956260,27191913.66278078,31106448.01702027,3914.534,4.00320e14,0.4313,3.69733e6,-1.84467e6,4.62796e-9
1496956290,27210619.81677541,31118499.433365718,3907.880,4.01497e14,0.7268,3.69252e6,-1.83956e6,4.61513e-9
1496956320,27229326.380070623,31130504.615261465,3901.178,3.96898e14,0.4271,3.66107e6,-1.83444e6,4.60228e-9
1496956350,27248033.01941856,31142463.47349439,3894.430,3.95713e14,0.7244,3.64539e6,-1.82931e6,4.58940e-9
1496956380,27266739.402942054,31154375.91944155,3887.637,3.97844e14,0.1898,3.64490e6,-1.82417e6,4.57650e-9
1496956410,27285445.200135008,31166241.865067393,3880.797,4.06870e14,2.0746,3.67580e6,-1.81902e6,4.56358e-9
1496956440,27304150.08186223,31178061.22292095,3873.911,4.13053e14,3.6259,3.69352e6,-1.81387e6,4.55063e-9
1496956470,27322853.72035943,31189833.90613312,3866.980,4.00238e14,0.4109,3.62485e6,-1.80870e6,4.53767e-9
1496956500,27341555.789233107,31201559.82841395,3860.004,3.94352e14,1.0659,3.58785e6,-1.80353e6,4.52468e-9
1496956530,27360255.963473186,31213238.904054597,3852.983,3.94955e14,0.9145,3.58026e6,-1.79835e6,4.51168e-9
1496956560,27378953.91941265,31224871.04791015,3845.917,4.00097e14,0.3755,3.59306e6,-1.79316e6,4.49865e-9
1496956590,27397649.334767494,31236456.175411426,3838.807,4.01155e14,0.6409,3.58739e6,-1.78796e6,4.48561e-9
1496956620,27416341.88862326,31247994.202557646,3831.652,3.98753e14,0.0382,3.56620e6,-1.78276e6,4.47254e-9
1496956650,27435031.261434514,31259485.04591377,3824.454,4.04284e14,1.4258,3.58043e6,-1.77755e6,4.45946e-9
1496956680,27453717.13502428,31270928.622607917,3817.211,4.00960e14,0.5921,3.55514e6,-1.77233e6,4.44636e-9
1496956710,27472399.192583498,31282324.85032871,3809.926,3.99188e14,0.1475,3.53680e6,-1.76710e6,4.43324e-9
1496956740,27491077.118670188,31293673.647322662,3802.597,4.00137e14,0.3855,3.53052e6,-1.76187e6,4.42010e-9
1496956770,27509750.599208776,31304974.932391606,3795.224,3.98414e14,0.0468,3.51242e6,-1.75663e6,4.40694e-9
1496956800,27528419.321489133,31316228.624890015,3787.809,4.01531e14,0.7352,3.51562e6,-1.75138e6,4.39377e-9
1496956830,27547082.974160645,31327434.64469901,3780.352,4.01326e14,0.6838,3.50417e6,-1.74613e6,4.38058e-9
1496956860,27565741.24724691,31338592.91229604,3772.852,3.96486e14,0.5304,3.47247e6,-1.74087e6,4.36738e-9
1496956890,27584393.83212861,31349703.348679844,3765.310,3.98529e14,0.0180,3.47086e6,-1.73560e6,4.35415e-9
1496956920,27603040.42154759,31360765.87539114,3757.725,4.07681e14,2.2782,3.50004e6,-1.73033e6,4.34092e-9
1496956950,27621680.709605496,31371780.4145099,3750.100,4.01336e14,0.6863,3.46189e6,-1.72505e6,4.32766e-9
1496956980,27640314.391762502,31382746.888652604,3742.432,3.99250e14,0.1629,3.44228e6,-1.71976e6,4.31440e-9
1496957010,27658941.16483592,31393665.220969647,3734.724,4.01876e14,0.8217,3.44299e6,-1.71447e6,4.30111e-9
1496957040,27677560.726998594,31404535.335142605,3726.975,3.97007e14,0.3996,3.41147e6,-1.70917e6,4.28782e-9
1496957070,27696172.777777504,31415357.155381575,3719.184,3.98287e14,0.0787,3.40635e6,-1.70387e6,4.27451e-9
1496957100,27714777.018052038,31426130.6064227,3711.354,3.98812e14,0.0531,3.39797e6,-1.69856e6,4.26118e-9
1496957130,27733373.1500539,31436855.613565072,3703.482,3.97049e14,0.3893,3.37985e6,-1.69325e6,4.24784e-9
1496957160,27751960.877360404,31447532.10254637,3695.571,3.90806e14,1.9554,3.34280e6,-1.68793e6,4.23449e-9
1496957190,27770539.904897943,31458159.999662578,3687.620,3.95205e14,0.8517,3.35082e6,-1.68261e6,4.22113e-9
1496957220,27789109.938938268,31468739.231726296,3679.629,3.99832e14,0.3090,3.35967e6,-1.67728e6,4.20775e-9
1496957250,27807670.687096603,31479269.726064634,3671.599,3.99635e14,0.2596,3.34816e6,-1.67195e6,4.19436e-9
1496957280,27826221.85832965,31489751.410517123,3663.530,3.94965e14,0.9119,3.31794e6,-1.66661e6,4.18096e-9
1496957310,27844763.162933555,31500184.213433713,3655.421,3.93260e14,1.3398,3.30019e6,-1.66126e6,4.16755e-9
1496957340,27863294.312541712,31510568.063672636,3647.274,3.97320e14,0.3212,3.30643e6,-1.65592e6,4.15413e-9
1496957370,27881815.020122636,31520902.890598476,3639.088,4.09807e14,2.8114,3.34745e6,-1.65056e6,4.14069e-9
1496957400,27900324.99997766,31531188.624080077,3630.864,4.14089e14,3.8857,3.35425e6,-1.64521e6,4.12725e-9
1496957430,27918823.96773451,31541425.194451477,3622.601,4.03946e14,1.3412,3.30160e6,-1.63985e6,4.11379e-9
1496957460,27937311.64035784,31551612.53262418,3614.301,4.04226e14,1.4113,3.29194e6,-1.63448e6,4.10032e-9
1496957490,27955787.736133687,31561750.569970503,3605.963,3.98580e14,0.0050,3.25805e6,-1.62911e6,4.08685e-9
1496957520,27974251.974671166,31571839.238358304,3597.587,3.96612e14,0.4988,3.23929e6,-1.62374e6,4.07336e-9
1496957550,27992704.0769,31581878.47014872,3589.174,3.94332e14,1.0708,3.21930e6,-1.61836e6,4.05987e-9
1496957580,28011143.765067883,31591868.19819379,3580.724,3.92414e14,1.5521,3.20083e6,-1.61298e6,4.04636e-9
1496957610,28029570.76273777,31601808.355834138,3572.238,4.01856e14,0.8168,3.22823e6,-1.60760e6,4.03285e-9
1496957640,28047984.79478531,31611698.87689663,3563.714,3.98971e14,0.0929,3.20581e6,-1.60221e6,4.01933e-9
