Timestamp,R_A,R_B,Delta_H_km,GM,Error_Pct,Term_Time,Term_Kinetic,Term_Potential
1490833230,29403541.725471415,25144161.378490344,4259.380,4.02250e14,0.9156,-4.61451e6,2.29708e6,-5.76116e-9
1490833260,29387014.174540173,25128332.287105385,4258.682,3.96433e14,0.5437,-4.58570e6,2.29944e6,-5.76708e-9
1490833290,29370456.3844423,25112551.100935683,4257.905,3.90436e14,2.0482,-4.55571e6,2.30176e6,-5.77291e-9
1490833320,29353868.538461395,25096818.267771337,4257.050,3.99136e14,0.1343,-4.61050e6,2.30404e6,-5.77863e-9
1490833350,29337250.820893716,25081134.235601194,4256.117,4.00067e14,0.3680,-4.62037e6,2.30628e6,-5.78425e-9
1490833380,29320603.417052194,25065499.45259116,4255.104,4.00891e14,0.5747,-4.62954e6,2.30847e6,-5.78976e-9
1490833410,29303926.513270635,25049914.367062528,4254.012,4.00985e14,0.5982,-4.63440e6,2.31063e6,-5.79518e-9
1490833440,29287220.296907682,25034379.42746987,4252.841,4.00562e14,0.4920,-4.63619e6,2.31274e6,-5.80048e-9
1490833470,29270484.95635091,25018895.08237885,4251.590,3.96878e14,0.4321,-4.61896e6,2.31481e6,-5.80568e-9
1490833500,29253720.68102086,25003461.78044372,4250.259,3.92654e14,1.4917,-4.59846e6,2.31684e6,-5.81078e-9
1490833530,29236927.66135937,24988079.970400825,4248.848,3.94539e14,1.0188,-4.61337e6,2.31882e6,-5.81576e-9
1490833560,29220106.08888208,24972750.10099595,4247.356,3.92425e14,1.5493,-4.60492e6,2.32076e6,-5.82064e-9
1490833590,29203256.1561339,24957472.621011086,4245.784,3.98496e14,0.0262,-4.64406e6,2.32266e6,-5.82540e-9
1490833620,29186378.056708638,24942247.9792251,4244.130,4.01032e14,0.6100,-4.66255e6,2.32451e6,-5.83006e-9
1490833650,29169471.98525287,24927076.624390244,4242.395,3.95703e14,0.7269,-4.63509e6,2.32632e6,-5.83460e-9
1490833680,29152538.13746983,24911959.00520863,4240.579,3.94720e14,0.9734,-4.63287e6,2.32808e6,-5.83903e-9
1490833710,29135576.71012333,24896895.570308335,4238.681,3.96692e14,0.4788,-4.64781e6,2.32980e6,-5.84335e-9
1490833740,29118587.9010416,24881886.768219307,4236.701,3.94045e14,1.1429,-4.63567e6,2.33147e6,-5.84755e-9
1490833770,29101571.90912121,24866933.047349136,4234.639,3.99337e14,0.1847,-4.66987e6,2.33310e6,-5.85164e-9
1490833800,29084528.93433095,24852034.85595849,4232.494,4.03097e14,1.1281,-4.69506e6,2.33468e6,-5.85561e-9
1490833830,29067459.177737694,24837192.642120253,4230.267,3.97465e14,0.2848,-4.66514e6,2.33621e6,-5.85947e-9
1490833860,29050362.841442563,24822406.85374459,4227.956,3.98759e14,0.0398,-4.67570e6,2.33769e6,-5.86320e-9
1490833890,29033240.128652778,24807677.93850358,4225.562,3.97912e14,0.1727,-4.67361e6,2.33913e6,-5.86682e-9
1490833920,29016091.24366375,24793006.343821988,4223.085,3.97612e14,0.2481,-4.67463e6,2.34052e6,-5.87032e-9
1490833950,28998916.39186313,24778392.516851578,4220.524,4.02086e14,0.8744,-4.70359e6,2.34186e6,-5.87370e-9
1490833980,28981715.77973484,24763836.904445216,4217.879,3.97030e14,0.3939,-4.67648e6,2.34316e6,-5.87695e-9
1490834010,28964489.614863243,24749339.95313079,4215.150,3.94229e14,1.0966,-4.66250e6,2.34440e6,-5.88008e-9
1490834040,28947238.105937112,24734902.109084908,4212.336,3.98143e14,0.1147,-4.68791e6,2.34560e6,-5.88309e-9
1490834070,28929961.462753672,24720523.818106346,4209.438,3.96716e14,0.4726,-4.68181e6,2.34674e6,-5.88598e-9
1490834100,28912659.896222692,24706205.52558942,4206.454,3.98305e14,0.0740,-4.69335e6,2.34784e6,-5.88874e-9
1490834130,28895333.618352618,24691947.67650956,4203.386,3.98705e14,0.0263,-4.69780e6,2.34888e6,-5.89137e-9
1490834160,28877982.84230963,24677750.715357706,4200.232,4.00701e14,0.5269,-4.71156e6,2.34988e6,-5.89387e-9
1490834190,28860607.782366302,24663615.086151876,4196.993,4.02515e14,0.9820,-4.72415e6,2.35082e6,-5.89625e-9
1490834220,28843208.653923344,24649541.232397165,4193.667,3.94946e14,0.9168,-4.68130e6,2.35171e6,-5.89850e-9
1490834250,28825785.673513394,24635529.59705838,4190.256,3.92113e14,1.6276,-4.66626e6,2.35255e6,-5.90062e-9
1490834280,28808339.05880481,24621580.62253222,4186.758,3.98067e14,0.1339,-4.70297e6,2.35334e6,-5.90261e-9
1490834310,28790869.028605424,24607694.75061943,4183.174,3.97821e14,0.1955,-4.70299e6,2.35407e6,-5.90446e-9
1490834340,28773375.80286623,24593872.422496855,4179.503,3.94269e14,1.0866,-4.68338e6,2.35475e6,-5.90618e-9
1490834370,28755859.60268519,24580114.07868911,4175.746,3.90034e14,2.1490,-4.65962e6,2.35538e6,-5.90777e-9
1490834400,28738320.650310855,24566420.159040254,4171.900,3.95173e14,0.8598,-4.69112e6,2.35596e6,-5.90923e-9
1490834430,28720759.16915243,24552791.10268288,4167.968,4.02147e14,0.8897,-4.73338e6,2.35648e6,-5.91055e-9
1490834460,28703175.38376378,24539227.3480168,4163.948,3.93973e14,1.1609,-4.68600e6,2.35694e6,-5.91173e-9
1490834490,28685569.519866932,24525729.33267248,4159.840,3.89572e14,2.2650,-4.66080e6,2.35735e6,-5.91277e-9
1490834520,28667941.804349344,24512297.49348453,4155.644,3.92530e14,1.5228,-4.67901e6,2.35771e6,-5.91368e-9
1490834550,28650292.46526756,24498932.266462434,4151.360,3.93310e14,1.3273,-4.68422e6,2.35801e6,-5.91445e-9
1490834580,28632621.731850836,24485634.08676118,4146.988,3.93914e14,1.1757,-4.68829e6,2.35825e6,-5.91508e-9
1490834610,28614929.834504824,24472403.38865171,4142.526,4.03948e14,1.3417,-4.74802e6,2.35844e6,-5.91556e-9
1490834640,28597217.00481521,24459240.605491176,4137.976,4.06003e14,1.8571,-4.76045e6,2.35857e6,-5.91591e-9
1490834670,28579483.475551292,24446146.16969317,4133.337,3.96934e14,0.4180,-4.70695e6,2.35865e6,-5.91611e-9
1490834700,28561729.480669584,24433120.51269758,4128.609,3.95396e14,0.8039,-4.69789e6,2.35867e6,-5.91617e-9
1490834730,28543955.25532097,24420164.06493426,4123.791,4.02105e14,0.8792,-4.73751e6,2.35862e6,-5.91608e-9
1490834760,28526161.0358435,24407277.255811945,4118.884,3.98615e14,0.0035,-4.71667e6,2.35853e6,-5.91585e-9
1490834790,28508347.059776522,24394460.513668742,4113.887,3.94471e14,1.0361,-4.69185e6,2.35837e6,-5.91547e-9
1490834820,28490513.56586087,24381714.26574757,4108.799,4.00228e14,0.4084,-4.72548e6,2.35815e6,-5.91494e-9
1490834850,28472660.79404238,24369038.938165516,4103.622,3.98604e14,0.0009,-4.71533e6,2.35788e6,-5.91427e-9
1490834880,28454788.985475436,24356434.95588281,4098.354,3.99229e14,0.1576,-4.71836e6,2.35754e6,-5.91344e-9
1490834910,28436898.38252645,24343902.742671955,4092.996,4.01298e14,0.6767,-4.72981e6,2.35715e6,-5.91247e-9
1490834940,28418989.22877732,24331442.72108647,4087.547,4.02676e14,1.0224,-4.73705e6,2.35669e6,-5.91134e-9
1490834970,28401061.76902892,24319055.312429726,4082.006,4.01949e14,0.8400,-4.73172e6,2.35618e6,-5.91007e-9
1490835000,28383116.249304447,24306740.936723538,4076.375,3.96916e14,0.4225,-4.70083e6,2.35560e6,-5.90864e-9
1490835030,28365152.916848965,24294500.01268675,4070.653,3.96045e14,0.6411,-4.69442e6,2.35496e6,-5.90705e-9
1490835060,28347172.020144705,24282332.957672942,4064.839,3.97490e14,0.2787,-4.70156e6,2.35426e6,-5.90532e-9
1490835090,28329173.808902554,24270240.187669344,4058.934,3.96697e14,0.4776,-4.69537e6,2.35350e6,-5.90342e-9
1490835120,28311158.534069065,24258222.117255364,4052.936,3.93946e14,1.1676,-4.67750e6,2.35268e6,-5.90137e-9
1490835150,28293126.44782972,24246279.159570806,4046.847,3.94414e14,1.0503,-4.67850e6,2.35179e6,-5.89917e-9
1490835180,28275077.803612083,24234411.72628399,4040.666,3.98608e14,0.0019,-4.70135e6,2.35084e6,-5.89680e-9
1490835210,28257012.856088974,24222620.227559928,4034.393,4.00229e14,0.4085,-4.70889e6,2.34983e6,-5.89428e-9
1490835240,28238931.86118154,24210905.072028264,4028.027,3.95635e14,0.7440,-4.67967e6,2.34875e6,-5.89160e-9
1490835270,28220835.0760623,24199266.666751254,4021.568,3.93816e14,1.2002,-4.66670e6,2.34761e6,-5.88875e-9
1490835300,28202722.759158205,24187705.417191625,4015.017,3.96094e14,0.6289,-4.67771e6,2.34640e6,-5.88575e-9
1490835330,28184595.170150027,24176221.72717184,4008.373,3.99792e14,0.2989,-4.69694e6,2.34513e6,-5.88258e-9
1490835360,28166452.569986273,24164815.998868152,4001.637,3.99385e14,0.1967,-4.69188e6,2.34380e6,-5.87925e-9
1490835390,28148295.220874995,24153488.63275203,3994.807,3.97259e14,0.3366,-4.67659e6,2.34240e6,-5.87576e-9
1490835420,28130123.386290226,24142240.027566206,3987.883,4.01464e14,0.7183,-4.69837e6,2.34093e6,-5.87210e-9
1490835450,28111937.33097472,24131070.58029224,3980.867,4.00602e14,0.5022,-4.69024e6,2.33940e6,-5.86827e-9
1490835480,28093737.320942756,24119980.686117973,3973.757,4.02364e14,0.9441,-4.69737e6,2.33780e6,-5.86428e-9
1490835510,28075523.623482823,24108970.738405008,3966.553,4.02024e14,0.8588,-4.69204e6,2.33613e6,-5.86012e-9
1490835540,28057296.507160343,24098041.128656153,3959.255,3.92991e14,1.4073,-4.63568e6,2.33440e6,-5.85580e-9
1490835570,28039056.241820198,24087192.24648274,3951.864,3.93273e14,1.3365,-4.63376e6,2.33260e6,-5.85130e-9
1490835600,28020803.098589458,24076424.47957206,3944.379,3.96384e14,0.5560,-4.64825e6,2.33073e6,-5.84664e-9
1490835630,28002537.349889345,24065738.21366151,3936.799,3.96931e14,0.4188,-4.64759e6,2.32880e6,-5.84180e-9
1490835660,27984259.269408546,24055133.832484957,3929.125,3.95859e14,0.6877,-4.63734e6,2.32679e6,-5.83679e-9
1490835690,27965969.13213511,24044611.71776116,3921.357,3.94344e14,1.0678,-4.62438e6,2.32472e6,-5.83161e-9
1490835720,27947667.21434935,24034172.249154337,3913.495,3.93219e14,1.3500,-4.61358e6,2.32258e6,-5.82626e-9
1490835750,27929353.79362647,24023815.80424152,3905.538,3.92952e14,1.4171,-4.60764e6,2.32037e6,-5.82074e-9
1490835780,27911029.148838837,24013542.75848,3897.486,3.94667e14,0.9868,-4.61309e6,2.31809e6,-5.81504e-9
1490835810,27892693.560158532,24003353.485174794,3889.340,4.01118e14,0.6315,-4.64589e6,2.31574e6,-5.80916e-9
1490835840,27874347.309059598,23993248.355446037,3881.099,4.00976e14,0.5960,-4.64022e6,2.31332e6,-5.80311e-9
1490835870,27855990.678320322,23983227.73819648,3872.763,3.95568e14,0.7608,-4.60389e6,2.31082e6,-5.79688e-9
1490835900,27837623.95202553,23973292.000078976,3864.332,3.97745e14,0.2145,-4.61140e6,2.30826e6,-5.79048e-9
1490835930,27819247.415560268,23963441.50545518,3855.806,3.99454e14,0.2141,-4.61603e6,2.30563e6,-5.78390e-9
1490835960,27800861.355637968,23953676.616390597,3847.185,3.96404e14,0.5512,-4.59300e6,2.30293e6,-5.77714e-9
1490835990,27782466.06027642,23943997.692594524,3838.468,3.94709e14,0.9764,-4.57770e6,2.30015e6,-5.77020e-9
1490836020,27764061.818808172,23934405.09139672,3829.657,3.98104e14,0.1246,-4.59160e6,2.29730e6,-5.76307e-9
1490836050,27745648.92188235,23924899.16771504,3820.750,3.99402e14,0.2012,-4.59325e6,2.29438e6,-5.75577e-9
1490836080,27727227.661466446,23915480.27402325,3811.747,3.97304e14,0.3253,-4.57521e6,2.29139e6,-5.74829e-9
1490836110,27708798.330848143,23906148.76031888,3802.650,3.97276e14,0.3322,-4.56894e6,2.28832e6,-5.74062e-9
1490836140,27690361.224636868,23896904.974091128,3793.456,4.00207e14,0.4030,-4.57948e6,2.28519e6,-5.73277e-9
1490836170,27671916.63876544,23887749.26028893,3784.167,4.01120e14,0.6321,-4.57828e6,2.28198e6,-5.72474e-9
1490836200,27653464.870491628,23878681.961289115,3774.783,3.97605e14,0.2497,-4.55161e6,2.27869e6,-5.71652e-9
1490836230,27635006.21840533,23869703.41688151,3765.303,3.99053e14,0.1135,-4.55317e6,2.27533e6,-5.70812e-9
1490836260,27616540.98241231,23860813.964185,3755.727,3.97151e14,0.3635,-4.53548e6,2.27190e6,-5.69954e-9
1490836290,27598069.463753168,23852013.937668633,3746.056,3.94607e14,1.0018,-4.51401e6,2.26839e6,-5.69076e-9
1490836320,27579591.96499893,23843303.66910327,3736.288,3.97209e14,0.3491,-4.52167e6,2.26481e6,-5.68180e-9
1490836350,27561108.7900523,23834683.487530425,3726.425,3.99312e14,0.1785,-4.52631e6,2.26116e6,-5.67265e-9
1490836380,27542620.244148828,23826153.719231203,3716.467,3.99192e14,0.1484,-4.51818e6,2.25742e6,-5.66332e-9
1490836410,27524126.633858006,23817714.68769538,3706.412,3.97591e14,0.2532,-4.50152e6,2.25362e6,-5.65379e-9
1490836440,27505628.267084286,23809366.713590663,3696.262,3.98875e14,0.0688,-4.50102e6,2.24974e6,-5.64408e-9
1490836470,27487125.453068025,23801110.11473199,3686.015,4.01627e14,0.7594,-4.50862e6,2.24578e6,-5.63418e-9
1490836500,27468618.502386313,23792945.20605104,3675.673,4.04428e14,1.4620,-4.51628e6,2.24175e6,-5.62409e-9
1490836530,27450107.726944048,23784872.299540617,3665.235,3.94420e14,1.0487,-4.45183e6,2.23764e6,-5.61380e-9
1490836560,27431593.440004762,23776891.704302453,3654.702,3.93170e14,1.3623,-4.43651e6,2.23345e6,-5.60333e-9
1490836590,27413075.956161134,23769003.726438724,3644.072,3.97511e14,0.2734,-4.45233e6,2.22919e6,-5.59266e-9
1490836620,27394555.59134519,23761208.66904737,3633.347,3.97477e14,0.2817,-4.44349e6,2.22485e6,-5.58180e-9
1490836650,27376032.662828736,23753506.83219222,3622.526,4.02359e14,0.9430,-4.46187e6,2.22043e6,-5.57074e-9
1490836680,27357507.48922366,23745898.51287326,3611.609,3.95996e14,0.6535,-4.41748e6,2.21594e6,-5.55950e-9
1490836710,27338980.39048221,23738384.004997086,3600.596,3.95924e14,0.6714,-4.40798e6,2.21137e6,-5.54806e-9
1490836740,27320451.68789715,23730963.599347644,3589.488,3.99280e14,0.1705,-4.41731e6,2.20672e6,-5.53642e-9
1490836770,27301921.704101823,23723637.58355704,3578.284,3.96254e14,0.5887,-4.39114e6,2.20200e6,-5.52459e-9
1490836800,27283390.76307021,23716406.242076736,3566.985,3.95647e14,0.7410,-4.37822e6,2.19719e6,-5.51257e-9
1490836830,27264859.190136626,23709269.8561749,3555.589,3.99296e14,0.1746,-4.38858e6,2.19231e6,-5.50035e-9
1490836860,27246327.311934594,23702228.703827605,3544.099,4.00476e14,0.4705,-4.38513e6,2.18735e6,-5.48793e-9
1490836890,27227795.45645772,23695283.059771445,3532.512,3.96826e14,0.4451,-4.35506e6,2.18231e6,-5.47532e-9
1490836920,27209263.953039717,23688433.19544965,3520.831,3.98636e14,0.0089,-4.35475e6,2.17720e6,-5.46251e-9
1490836950,27190733.13235419,23681679.378984574,3509.054,4.01950e14,0.8402,-4.36243e6,2.17200e6,-5.44950e-9
1490836980,27172203.3264142,23675021.87515058,3497.181,4.00270e14,0.4189,-4.34271e6,2.16673e6,-5.43629e-9
1490837010,27153674.868571933,23668460.945347026,3485.214,3.97848e14,0.1888,-4.31886e6,2.16137e6,-5.42289e-9
1490837040,27135148.093517993,23661996.847571652,3473.151,3.98996e14,0.0993,-4.31423e6,2.15594e6,-5.40929e-9
1490837070,27116623.337280802,23655629.83639412,3460.994,3.95962e14,0.6620,-4.28684e6,2.15043e6,-5.39549e-9
1490837100,27098100.937225834,23649360.162929934,3448.741,3.99274e14,0.1690,-4.29353e6,2.14484e6,-5.38149e-9
1490837130,27079581.232028283,23643188.074795388,3436.393,3.97586e14,0.2545,-4.27313e6,2.13917e6,-5.36729e-9
1490837160,27061064.561753463,23637113.816141054,3423.951,3.99166e14,0.1418,-4.27011e6,2.13342e6,-5.35289e-9
1490837190,27042551.267774068,23631137.627567258,3411.414,3.99769e14,0.2933,-4.26167e6,2.12759e6,-5.33829e-9
1490837220,27024041.692795094,23625259.746118054,3398.782,4.00247e14,0.4131,-4.25239e6,2.12168e6,-5.32349e-9
1490837250,27005536.1808523,23619480.40525635,3386.056,4.02299e14,0.9279,-4.25129e6,2.11569e6,-5.30849e-9
1490837280,26987035.077310517,23613799.834839392,3373.235,3.97291e14,0.3285,-4.21259e6,2.10962e6,-5.29329e-9
1490837310,26968538.728861894,23608218.26109444,3360.320,3.98523e14,0.0193,-4.20683e6,2.10347e6,-5.27789e-9
1490837340,26950047.483523916,23602735.90659489,3347.312,3.95917e14,0.6732,-4.18067e6,2.09724e6,-5.26228e-9
1490837370,26931561.690637473,23597352.99023655,3334.209,3.98686e14,0.0214,-4.18262e6,2.09093e6,-5.24648e-9
1490837400,26913081.700864643,23592069.727214392,3321.012,4.00160e14,0.3912,-4.17756e6,2.08454e6,-5.23047e-9
1490837430,26894607.866209473,23586886.329008285,3307.722,3.96920e14,0.4215,-4.14771e6,2.07807e6,-5.21427e-9
1490837460,26876140.53994484,23581803.00333351,3294.338,3.93441e14,1.2944,-4.11656e6,2.07151e6,-5.19786e-9
1490837490,26857680.076680996,23576819.954145376,3280.860,3.95077e14,0.8839,-4.11187e6,2.06488e6,-5.18124e-9
1490837520,26839226.832340226,23571937.381608646,3267.289,4.00558e14,0.4912,-4.12682e6,2.05817e6,-5.16443e-9
1490837550,26820781.164154325,23567155.48207608,3253.626,3.97170e14,0.3588,-4.09578e6,2.05138e6,-5.14741e-9
1490837580,26802343.430661984,23562474.448067218,3239.869,3.98464e14,0.0343,-4.08870e6,2.04450e6,-5.13019e-9
1490837610,26783913.991706133,23557894.46824774,3226.020,4.02262e14,0.9186,-4.09422e6,2.03755e6,-5.11277e-9
1490837640,26765493.20843104,23553415.727408983,3212.077,4.02435e14,0.9621,-4.08098e6,2.03051e6,-5.09515e-9
1490837670,26747081.44327934,23549038.406447977,3198.043,4.01560e14,0.7424,-4.06224e6,2.02340e6,-5.07732e-9
1490837700,26728679.05998901,23544762.682347827,3183.916,3.97978e14,0.1562,-4.02968e6,2.01620e6,-5.05929e-9
1490837730,26710286.42357795,23540588.72815815,3169.698,3.96911e14,0.4239,-4.00977e6,2.00892e6,-5.04106e-9
1490837760,26691903.90037802,23536516.71297729,3155.387,4.03059e14,1.1185,-4.02598e6,2.00156e6,-5.02263e-9
1490837790,26673531.857994113,23532546.801932845,3140.985,4.02500e14,0.9782,-4.00823e6,1.99412e6,-5.00399e-9
1490837820,26655170.665312536,23528679.156163953,3126.492,3.93769e14,1.2120,-3.94960e6,1.98660e6,-4.98515e-9
1490837850,26636820.692497116,23524913.93280366,3111.907,3.98639e14,0.0097,-3.95869e6,1.97900e6,-4.96611e-9
1490837880,26618482.310985178,23521251.28496169,3097.231,4.02381e14,0.9484,-3.96184e6,1.97132e6,-4.94686e-9
1490837910,26600155.893483397,23517691.36170764,3082.465,3.95785e14,0.7062,-3.91376e6,1.96356e6,-4.92742e-9
1490837940,26581841.81396347,23514234.308054578,3067.608,3.94882e14,0.9329,-3.89370e6,1.95571e6,-4.90777e-9
1490837970,26563540.447657663,23510880.264943022,3052.660,4.01896e14,0.8267,-3.91222e6,1.94779e6,-4.88791e-9
1490838000,26545252.171054136,23507629.36922542,3037.623,4.01517e14,0.7318,-3.89432e6,1.93979e6,-4.86786e-9
1490838030,26526977.361894354,23504481.75364318,3022.496,3.99789e14,0.2981,-3.86972e6,1.93170e6,-4.84761e-9
1490838060,26508716.399161767,23501437.546835937,3007.279,4.01282e14,0.6728,-3.86059e6,1.92354e6,-4.82715e-9
1490838090,26490469.66308298,23498496.873303287,2991.973,3.94097e14,1.1299,-3.80951e6,1.91529e6,-4.80649e-9
1490838120,26472237.53512061,23495659.853398655,2976.578,3.93669e14,1.2373,-3.79092e6,1.90697e6,-4.78563e-9
1490838150,26454020.397967834,23492926.603315774,2961.094,4.04455e14,1.4687,-3.82561e6,1.89856e6,-4.76457e-9
1490838180,26435818.635543015,23490297.23507571,2945.521,4.08301e14,2.4336,-3.82677e6,1.89008e6,-4.74330e-9
1490838210,26417632.632984027,23487771.85651425,2929.861,4.01672e14,0.7706,-3.77814e6,1.88151e6,-4.72184e-9
1490838240,26399462.776642367,23485350.571269788,2914.112,3.97048e14,0.3895,-3.73906e6,1.87287e6,-4.70018e-9
1490838270,26381309.454077344,23483033.4787717,2898.276,3.96095e14,0.6286,-3.71720e6,1.86414e6,-4.67831e-9
1490838300,26363173.05404985,23480820.674229097,2882.352,3.96439e14,0.5423,-3.70125e6,1.85534e6,-4.65625e-9
1490838330,26345053.96651974,23478712.248633917,2866.342,3.99517e14,0.2301,-3.69781e6,1.84645e6,-4.63398e-9
1490838360,26326952.582628205,23476708.288708143,2850.244,3.98059e14,0.1359,-3.67315e6,1.83749e6,-4.61152e-9
1490838390,26308869.294702653,23474808.876936536,2834.060,3.92440e14,1.5455,-3.62930e6,1.82845e6,-4.58886e-9
1490838420,26290804.496246185,23473014.091543704,2817.790,3.94078e14,1.1346,-3.61868e6,1.81932e6,-4.56600e-9
1490838450,26272758.581930764,23471324.00648533,2801.435,4.00134e14,0.3846,-3.62791e6,1.81012e6,-4.54294e-9
1490838480,26254731.947590083,23469738.691439923,2784.993,4.07074e14,2.1257,-3.64069e6,1.80084e6,-4.51969e-9
1490838510,26236724.99021243,23468258.211801045,2768.467,4.04071e14,1.3725,-3.60829e6,1.79149e6,-4.49623e-9
1490838540,26218738.107933182,23466882.628669973,2751.855,3.99333e14,0.1837,-3.56810e6,1.78205e6,-4.47258e-9
1490838570,26200771.70002732,23465611.9988489,2735.160,4.05383e14,1.7015,-3.57597e6,1.77253e6,-4.44874e-9
1490838600,26182826.166901536,23464446.374834545,2718.380,3.98214e14,0.0970,-3.52492e6,1.76294e6,-4.42469e-9
1490838630,26164901.910077404,23463385.804794908,2701.516,3.96692e14,0.4788,-3.49890e6,1.75327e6,-4.40046e-9
1490838660,26146999.332211185,23462430.33261746,2684.569,4.06336e14,1.9407,-3.52166e6,1.74352e6,-4.37602e-9
1490838690,26129118.83705728,23461579.99785055,2667.539,3.99841e14,0.3113,-3.47357e6,1.73370e6,-4.35140e-9
1490838720,26111260.829468787,23460834.835716106,2650.426,3.93774e14,1.2109,-3.42749e6,1.72379e6,-4.32658e-9
1490838750,26093425.71538891,23460194.87710564,2633.231,4.04801e14,1.5555,-3.45509e6,1.71382e6,-4.30156e-9
1490838780,26075613.901841953,23459660.148576595,2615.954,4.04121e14,1.3850,-3.43192e6,1.70376e6,-4.27636e-9
1490838810,26057825.796924345,23459230.672349248,2598.595,3.99279e14,0.1702,-3.39094e6,1.69363e6,-4.25096e-9
1490838840,26040061.809795305,23458906.46630409,2581.155,4.01121e14,0.6323,-3.37830e6,1.68342e6,-4.22537e-9
1490838870,26022322.350667518,23458687.54397964,2563.635,3.94062e14,1.1387,-3.32803e6,1.67313e6,-4.19959e-9
1490838900,26004607.830797415,23458573.914570864,2546.034,3.96049e14,0.6402,-3.31572e6,1.66277e6,-4.17361e-9
1490838930,25986918.662494894,23458565.582942035,2528.353,4.01571e14,0.7452,-3.31783e6,1.65233e6,-4.14745e-9
1490838960,25969255.259053316,23458662.54958268,2510.593,4.05201e14,1.6559,-3.31170e6,1.64182e6,-4.12110e-9
1490838990,25951618.034799747,23458864.810651094,2492.753,4.01843e14,0.8135,-3.27661e6,1.63124e6,-4.09457e-9
1490839020,25934007.40506521,23459172.357960653,2474.835,3.91423e14,1.8007,-3.21282e6,1.62058e6,-4.06784e-9
1490839050,25916423.78617423,23459585.178980686,2456.839,3.96325e14,0.5707,-3.21136e6,1.60984e6,-4.04093e-9
1490839080,25898867.595434323,23460103.256837964,2438.764,4.09627e14,2.7663,-3.24320e6,1.59903e6,-4.01383e-9
1490839110,25881339.25112515,23460726.570318647,2420.613,4.08464e14,2.4745,-3.21651e6,1.58815e6,-3.98655e-9
1490839140,25863839.172487576,23461455.093870666,2402.384,4.00206e14,0.4029,-3.16164e6,1.57719e6,-3.95908e-9
1490839170,25846367.77971239,23462288.79760668,2384.079,3.99949e14,0.3383,-3.13853e6,1.56616e6,-3.93143e-9
1490839200,25828925.493928947,23463227.64730745,2365.698,4.04457e14,1.4693,-3.13390e6,1.55506e6,-3.90360e-9
1490839230,25811512.737161484,23464271.604416497,2347.241,3.96801e14,0.4513,-3.08172e6,1.54389e6,-3.87558e-9
1490839260,25794129.93241605,23465420.626073174,2328.709,3.94812e14,0.9505,-3.05163e6,1.53264e6,-3.84739e-9
1490839290,25776777.50356925,23466674.66508854,2310.103,4.03139e14,1.1387,-3.06092e6,1.52132e6,-3.81901e-9
1490839320,25759455.875387758,23468033.66996006,2291.422,3.98017e14,0.1463,-3.01860e6,1.50993e6,-3.79046e-9
1490839350,25742165.47351566,23469497.584877357,2272.668,3.91244e14,1.8454,-2.97023e6,1.49847e6,-3.76173e-9
1490839380,25724906.724461466,23471066.349728506,2253.840,3.94941e14,0.9181,-2.96118e6,1.48694e6,-3.73282e-9
1490839410,25707680.055584963,23472739.900106754,2234.940,4.04563e14,1.4959,-2.97373e6,1.47534e6,-3.70373e-9
1490839440,25690485.89508383,23474518.167317744,2215.968,3.98497e14,0.0261,-2.92793e6,1.46367e6,-3.67447e-9
1490839470,25673324.671980128,23476401.07838721,2196.924,3.96019e14,0.6477,-2.89543e6,1.45193e6,-3.64503e-9
1490839500,25656196.81610648,23478388.556069132,2177.808,4.00763e14,0.5425,-2.88905e6,1.44012e6,-3.61542e-9
1490839530,25639102.758132175,23480480.518860355,2158.622,4.01759e14,0.7925,-2.86881e6,1.42824e6,-3.58564e-9
1490839560,25622042.929425623,23482676.88099126,2139.366,4.04429e14,1.4621,-2.85432e6,1.41630e6,-3.55569e-9
1490839590,25605017.762163877,23484977.55245412,2120.040,3.99296e14,0.1745,-2.81203e6,1.40428e6,-3.52557e-9
1490839620,25588027.689278267,23487382.439007096,2100.645,4.02380e14,0.9481,-2.79863e6,1.39220e6,-3.49527e-9
1490839650,25571073.144440066,23489891.442184776,2081.182,4.05297e14,1.6801,-2.78434e6,1.38006e6,-3.46481e-9
1490839680,25554154.562045712,23492504.45930923,2061.650,3.99003e14,0.1009,-2.73809e6,1.36784e6,-3.43419e-9
1490839710,25537272.377202086,23495221.38350154,2042.051,4.04112e14,1.3828,-2.73092e6,1.35556e6,-3.40340e-9
1490839740,25520427.025711387,23498042.10369366,2022.385,4.06895e14,2.0809,-2.71545e6,1.34322e6,-3.37244e-9
1490839770,25503618.944055878,23500966.504640877,2002.652,3.99235e14,0.1593,-2.66478e6,1.33081e6,-3.34132e-9
1490845290,23498496.873303287,25518055.280179046,2019.558,3.93150e14,1.3675,2.66656e6,-1.34244e6,3.36797e-9
1490845320,23495659.853398655,25534897.46928006,2039.238,3.89161e14,2.3681,2.67752e6,-1.35478e6,3.39896e-9
1490845350,23492926.603315774,25551776.56218983,2058.850,3.99334e14,0.1839,2.73668e6,-1.36705e6,3.42978e-9
1490845380,23490297.23507571,25568692.122777387,2078.395,4.06962e14,2.0976,2.78753e6,-1.37926e6,3.46044e-9
1490845410,23487771.85651425,25585643.71560566,2097.872,4.03905e14,1.3309,2.80141e6,-1.39140e6,3.49093e-9
1490845440,23485350.571269788,25602630.90594682,2117.280,3.96844e14,0.4408,2.80086e6,-1.40348e6,3.52125e-9
1490845470,23483033.4787717,25619653.25979735,2136.620,3.90459e14,2.0425,2.80216e6,-1.41548e6,3.55140e-9
1490845500,23480820.674229097,25636710.34389299,2155.890,3.96632e14,0.4938,2.84792e6,-1.42742e6,3.58138e-9
1490845530,23478712.248633917,25653801.725715008,2175.089,4.03951e14,1.3424,2.89804e6,-1.43929e6,3.61120e-9
1490845560,23476708.288708143,25670926.973530583,2194.219,3.98558e14,0.0106,2.90218e6,-1.45110e6,3.64084e-9
1490845590,23474808.876936536,25688085.65638091,2213.277,3.96345e14,0.5659,2.91754e6,-1.46283e6,3.67030e-9
1490845620,23473014.091543704,25705277.34410365,2232.263,3.98653e14,0.0132,2.94935e6,-1.47449e6,3.69960e-9
1490845650,23471324.00648533,25722501.607346646,2251.178,3.98165e14,0.1092,2.97073e6,-1.48609e6,3.72871e-9
1490845680,23469738.691439923,25739758.017581463,2270.019,4.03429e14,1.2114,3.01356e6,-1.49761e6,3.75765e-9
1490845710,23468258.211801045,25757046.14711668,2288.788,3.99601e14,0.2510,3.02212e6,-1.50907e6,3.78642e-9
1490845740,23466882.628669973,25774365.56911106,2307.483,3.99058e14,0.1147,3.04286e6,-1.52045e6,3.81501e-9
1490845770,23465611.9988489,25791715.85758641,2326.104,4.07311e14,2.1854,3.09723e6,-1.53176e6,3.84341e-9
1490845800,23464446.374834545,25809096.587440327,2344.650,3.97555e14,0.2623,3.08219e6,-1.54300e6,3.87164e-9
1490845830,23463385.804794908,25826507.33447593,2363.122,3.89279e14,2.3384,3.07224e6,-1.55417e6,3.89969e-9
1490845860,23462430.33261746,25843947.675361168,2381.517,3.94909e14,0.9262,3.11629e6,-1.56527e6,3.92755e-9
1490845890,23461579.99785055,25861417.187694177,2399.837,3.97936e14,0.1667,3.15022e6,-1.57629e6,3.95523e-9
1490845920,23460834.835716106,25878915.449998032,2418.081,4.04920e14,1.5854,3.19993e6,-1.58724e6,3.98273e-9
1490845950,23460194.87710564,25896442.041732788,2436.247,4.11401e14,3.2114,3.24785e6,-1.59812e6,4.01005e-9
1490845980,23459660.148576595,25913996.543307032,2454.336,4.04342e14,1.4403,3.24132e6,-1.60892e6,4.03718e-9
1490846010,23459230.672349248,25931578.536089476,2472.348,3.97767e14,0.2090,3.23622e6,-1.61965e6,4.06412e-9
1490846040,23458906.46630409,25949187.60242024,2490.281,3.96998e14,0.4019,3.25438e6,-1.63030e6,4.09088e-9
1490846070,23458687.54397964,25966823.32562189,2508.136,3.93275e14,1.3361,3.26017e6,-1.64088e6,4.11745e-9
1490846100,23458573.914570864,25984485.29001046,2525.911,3.95447e14,0.7911,3.29006e6,-1.65139e6,4.14383e-9
1490846130,23458565.582942035,26002173.080894154,2543.607,4.01586e14,0.7490,3.33644e6,-1.66182e6,4.17003e-9
1490846160,23458662.54958268,26019886.284620613,2561.224,4.08745e14,2.5449,3.38728e6,-1.67217e6,4.19603e-9
1490846190,23458864.810651094,26037624.488550372,2578.760,4.02319e14,0.9329,3.38098e6,-1.68245e6,4.22185e-9
1490846220,23459172.357960653,26055387.28107883,2596.215,3.91380e14,1.8114,3.35503e6,-1.69265e6,4.24747e-9
1490846250,23459585.178980686,26073174.251646005,2613.589,3.99779e14,0.2956,3.41100e6,-1.70278e6,4.27290e-9
1490846280,23460103.256837964,26090984.99074616,2630.882,4.03756e14,1.2935,3.44824e6,-1.71283e6,4.29814e-9
1490846310,23460726.570318647,26108819.08993725,2648.093,4.00249e14,0.4137,3.45316e6,-1.72281e6,4.32319e-9
1490846340,23461455.093870666,26126676.14185007,2665.221,3.98209e14,0.0983,3.46413e6,-1.73270e6,4.34805e-9
1490846370,23462288.79760668,26144555.740197282,2682.267,3.97582e14,0.2555,3.48103e6,-1.74252e6,4.37271e-9
1490846400,23463227.64730745,26162457.479782265,2699.230,3.97807e14,0.1990,3.50149e6,-1.75226e6,4.39717e-9
1490846430,23464271.604416497,26180380.95650207,2716.109,3.94692e14,0.9804,3.50704e6,-1.76193e6,4.42144e-9
1490846460,23465420.626073174,26198325.767373323,2732.905,3.97791e14,0.2030,3.53991e6,-1.77152e6,4.44552e-9
1490846490,23466674.66508854,26216291.51052296,2749.617,4.01413e14,0.7057,3.57510e6,-1.78103e6,4.46940e-9
1490846520,23468033.66996006,26234277.78520194,2766.244,3.99006e14,0.1017,3.58322e6,-1.79046e6,4.49309e-9
1490846550,23469497.584877357,26252284.19179316,2782.787,3.96209e14,0.6000,3.58931e6,-1.79981e6,4.51657e-9
1490846580,23471066.349728506,26270310.331819057,2799.244,3.93553e14,1.2663,3.59576e6,-1.80908e6,4.53986e-9
1490846610,23472739.900106754,26288355.807949305,2815.616,3.94689e14,0.9813,3.61923e6,-1.81828e6,4.56296e-9
1490846640,23474518.167317744,26306420.224008027,2831.902,3.96457e14,0.5378,3.64549e6,-1.82739e6,4.58585e-9
1490846670,23476401.07838721,26324503.18498114,2848.102,3.97892e14,0.1777,3.67013e6,-1.83643e6,4.60855e-9
1490846700,23478388.556069132,26342604.29702335,2864.216,3.97686e14,0.2294,3.68709e6,-1.84539e6,4.63104e-9
1490846730,23480480.518860355,26360723.167489354,2880.243,3.95480e14,0.7829,3.69457e6,-1.85427e6,4.65334e-9
1490846760,23482676.88099126,26378859.404865693,2896.183,4.00167e14,0.3929,3.73402e6,-1.86307e6,4.67544e-9
1490846790,23484977.55245412,26397012.618852552,2912.035,4.00791e14,0.5497,3.75444e6,-1.87179e6,4.69734e-9
1490846820,23487382.439007096,26415182.420346037,2927.800,4.01909e14,0.8300,3.77705e6,-1.88043e6,4.71903e-9
1490846850,23489891.442184776,26433368.421444643,2943.477,4.05863e14,1.8221,3.81300e6,-1.88899e6,4.74053e-9
1490846880,23492504.45930923,26451570.235455543,2959.066,3.96913e14,0.4232,3.78750e6,-1.89747e6,4.76183e-9
1490846910,23495221.38350154,26469787.476900794,2974.566,3.99013e14,0.1035,3.81432e6,-1.90587e6,4.78293e-9
1490846940,23498042.10369366,26488019.761523243,2989.978,4.02988e14,1.1007,3.85007e6,-1.91419e6,4.80382e-9
1490846970,23500966.504640877,26506266.706292424,3005.300,3.95620e14,0.7477,3.83111e6,-1.92243e6,4.82451e-9
1490847000,23503994.466934588,26524527.929410126,3020.533,3.91834e14,1.6977,3.82903e6,-1.93059e6,4.84501e-9
1490847030,23507125.86700974,26542803.050281808,3035.677,3.97274e14,0.3327,3.87153e6,-1.93867e6,4.86530e-9
1490847060,23510360.577176813,26561091.689627204,3050.731,3.97866e14,0.1843,3.89040e6,-1.94667e6,4.88538e-9
1490847090,23513698.4656174,26579393.46937973,3065.695,3.98535e14,0.0165,3.90951e6,-1.95459e6,4.90527e-9
1490847120,23517139.39640485,26597708.012725417,3080.569,3.99724e14,0.2819,3.93105e6,-1.96243e6,4.92495e-9
1490847150,23520683.22951914,26616034.944107518,3095.352,3.97087e14,0.3796,3.93356e6,-1.97018e6,4.94444e-9
1490847180,23524329.820862383,26634373.88923093,3110.044,4.02250e14,0.9157,3.97452e6,-1.97786e6,4.96371e-9
1490847210,23528079.022274606,26652724.47506642,3124.645,4.05856e14,1.8202,4.00775e6,-1.98546e6,4.98279e-9
1490847240,23531930.68155002,26671086.329854805,3139.156,3.98659e14,0.0146,3.98693e6,-1.99297e6,5.00166e-9
1490847270,23535884.64245364,26689459.083110888,3153.574,3.97480e14,0.2812,3.99589e6,-2.00041e6,5.02034e-9
1490847300,23539940.744738452,26707842.36562734,3167.902,3.93648e14,1.2424,3.99128e6,-2.00776e6,5.03880e-9
1490847330,23544098.824166495,26726235.809512075,3182.137,3.89656e14,2.2440,3.98555e6,-2.01504e6,5.05707e-9
1490847360,23548358.712515496,26744639.04808803,3196.280,3.99241e14,0.1608,4.04843e6,-2.02223e6,5.07513e-9
1490847390,23552720.237608682,26763051.7160009,3210.331,4.02215e14,0.9068,4.07782e6,-2.02934e6,5.09299e-9
1490847420,23557183.22332975,26781473.449189063,3224.290,3.99828e14,0.3080,4.07976e6,-2.03637e6,5.11065e-9
1490847450,23561747.48964203,26799903.884886973,3238.156,3.93368e14,1.3126,4.06056e6,-2.04333e6,5.12811e-9
1490847480,23566412.852608,26818342.66162856,3251.930,3.98835e14,0.0589,4.10235e6,-2.05020e6,5.14536e-9
1490847510,23571179.124409214,26836789.419250574,3265.610,4.05331e14,1.6884,4.14947e6,-2.05699e6,5.16241e-9
1490847540,23576046.11336661,26855243.798895553,3279.198,3.99639e14,0.2607,4.13353e6,-2.06370e6,5.17926e-9
1490847570,23581013.623961173,26873705.443014994,3292.692,3.99186e14,0.1469,4.14446e6,-2.07032e6,5.19590e-9
1490847600,23586081.45685493,26892173.995372064,3306.093,3.98879e14,0.0699,4.15597e6,-2.07687e6,5.21235e-9
1490847630,23591249.408911146,26910649.101016477,3319.400,3.97542e14,0.2655,4.16192e6,-2.08334e6,5.22859e-9
1490847660,23596517.273220096,26929130.406373322,3332.613,4.03942e14,1.3402,4.20826e6,-2.08973e6,5.24463e-9
1490847690,23601884.839117043,26947617.559158985,3345.733,4.03954e14,1.3430,4.22102e6,-2.09604e6,5.26047e-9
1490847720,23607351.89220605,26966110.208411224,3358.758,3.96865e14,0.4354,4.19616e6,-2.10226e6,5.27610e-9
1490847750,23612918.2143828,26984608.004491266,3371.690,4.01345e14,0.6885,4.23214e6,-2.10841e6,5.29154e-9
1490847780,23618583.583857708,27003110.59908564,3384.527,3.99950e14,0.3385,4.23692e6,-2.11448e6,5.30677e-9
1490847810,23624347.7751794,27021617.64520795,3397.270,3.95103e14,0.8773,4.22313e6,-2.12046e6,5.32180e-9
1490847840,23630210.55925854,27040128.79720051,3409.918,4.00445e14,0.4628,4.26340e6,-2.12637e6,5.33664e-9
1490847870,23636171.7033919,27058643.710735895,3422.472,3.97861e14,0.1855,4.26126e6,-2.13220e6,5.35127e-9
1490847900,23642230.971286815,27077162.04281835,3434.931,4.00034e14,0.3596,4.28441e6,-2.13795e6,5.36570e-9
1490847930,23648388.123090368,27095683.451809037,3447.295,4.04147e14,1.3914,4.31790e6,-2.14362e6,5.37993e-9
1490847960,23654642.91540081,27114207.597353503,3459.565,4.00115e14,0.3801,4.30741e6,-2.14920e6,5.39397e-9
1490847990,23660995.101306573,27132734.14045675,3471.739,4.01102e14,0.6275,4.32379e6,-2.15471e6,5.40780e-9
1490848020,23667444.43040749,27151262.74346052,3483.818,3.99823e14,0.3068,4.32776e6,-2.16014e6,5.42143e-9
1490848050,23673990.648840785,27169793.070044424,3495.802,3.94949e14,0.9161,4.31199e6,-2.16550e6,5.43487e-9
1490848080,23680633.499307234,27188324.785226874,3507.691,3.95374e14,0.8094,4.32481e6,-2.17077e6,5.44811e-9
1490848110,23687372.72109778,27206857.555366065,3519.485,4.00973e14,0.5953,4.36574e6,-2.17596e6,5.46115e-9
1490848140,23694208.0501202,27225391.048160795,3531.183,4.00884e14,0.5729,4.37551e6,-2.18108e6,5.47399e-9
1490848170,23701139.218926165,27243924.93265111,3542.786,4.02111e14,0.8808,4.39235e6,-2.18611e6,5.48663e-9
1490848200,23708165.95673851,27262458.87921898,3554.293,4.02832e14,1.0616,4.40628e6,-2.19107e6,5.49908e-9
1490848230,23715287.989463206,27280992.55956434,3565.705,4.00891e14,0.5747,4.40540e6,-2.19595e6,5.51133e-9
1490848260,23722505.039765067,27299525.64678079,3577.021,4.01112e14,0.6301,4.41625e6,-2.20075e6,5.52339e-9
1490848290,23729816.827047642,27318057.81528047,3588.241,3.96586e14,0.5054,4.40068e6,-2.20548e6,5.53525e-9
1490848320,23737223.06749691,27336588.74081847,3599.366,3.94695e14,0.9798,4.39947e6,-2.21013e6,5.54692e-9
1490848350,23744723.474109616,27355118.10049278,3610.395,3.99418e14,0.2050,4.43481e6,-2.21470e6,5.55839e-9
1490848380,23752317.756721802,27373645.572744116,3621.328,4.02413e14,0.9564,4.46049e6,-2.21919e6,5.56967e-9
1490848410,23760005.62203763,27392170.837355666,3632.165,3.99035e14,0.1089,4.45052e6,-2.22360e6,5.58075e-9
1490848440,23767786.773658376,27410693.57545275,3642.907,3.96254e14,0.5887,4.44365e6,-2.22794e6,5.59164e-9
1490848470,23775660.91211162,27429213.469502397,3653.553,4.01147e14,0.6388,4.47956e6,-2.23220e6,5.60234e-9
1490848500,23783627.734880716,27447730.203312863,3664.102,4.03048e14,1.1158,4.49863e6,-2.23639e6,5.61285e-9
1490848530,23791686.9364612,27466243.462060757,3674.557,3.98570e14,0.0075,4.48172e6,-2.24050e6,5.62316e-9
1490848560,23799838.208307862,27484752.932204958,3684.915,3.97436e14,0.2922,4.48340e6,-2.24453e6,5.63328e-9
1490848590,23808081.238947917,27503258.301571563,3695.177,4.01199e14,0.6520,4.51254e6,-2.24849e6,5.64322e-9
1490848620,23816415.713984422,27521759.25932557,3705.344,4.01346e14,0.6889,4.52117e6,-2.25237e6,5.65296e-9
1490848650,23824841.3161269,27540255.495970245,3715.414,4.03755e14,1.2931,4.54244e6,-2.25618e6,5.66251e-9
1490848680,23833357.72522206,27558746.70334635,3725.389,4.05170e14,1.6482,4.55798e6,-2.25991e6,5.67188e-9
1490848710,23841964.618284717,27577232.57463144,3735.268,3.98679e14,0.0197,4.52848e6,-2.26356e6,5.68106e-9
1490848740,23850661.66952879,27595712.804338902,3745.051,3.96562e14,0.5113,4.52360e6,-2.26715e6,5.69005e-9
1490848770,23859448.550398547,27614187.08831707,3754.739,3.96169e14,0.6101,4.52836e6,-2.27065e6,5.69885e-9
1490848800,23868324.92959983,27632655.12374811,3764.330,4.00238e14,0.4108,4.55843e6,-2.27409e6,5.70746e-9
1490848830,23877290.473103974,27651116.60911702,3773.826,4.02028e14,0.8599,4.57540e6,-2.27745e6,5.71589e-9
1490848860,23886344.844264537,27669571.244302783,3783.226,3.99247e14,0.1622,4.56608e6,-2.28073e6,5.72414e-9
1490848890,23895487.70376318,27688018.730484467,3792.531,3.97493e14,0.2779,4.56245e6,-2.28394e6,5.73220e-9
1490848920,23904718.70966904,27706458.770169646,3801.740,3.95798e14,0.7031,4.55899e6,-2.28708e6,5.74008e-9
1490848950,23914037.517470352,27724891.0671927,3810.854,3.97886e14,0.1791,4.57711e6,-2.29015e6,5.74777e-9
1490848980,23923443.780106127,27743315.326713134,3819.872,3.97471e14,0.2834,4.58070e6,-2.29314e6,5.75528e-9
1490849010,23932937.14799805,27761731.25521374,3828.794,3.95655e14,0.7389,4.57607e6,-2.29606e6,5.76261e-9
1490849040,23942517.26908226,27780138.560498796,3837.621,3.98738e14,0.0345,4.59953e6,-2.29891e6,5.76976e-9
1490849070,23952183.788841423,27798536.951692093,3846.353,3.96738e14,0.4672,4.59354e6,-2.30169e6,5.77673e-9
1490849100,23961936.350336727,27816926.139234953,3854.990,3.96491e14,0.5291,4.59751e6,-2.30439e6,5.78352e-9
1490849130,23971774.594257668,27835305.834911335,3863.531,3.99513e14,0.2289,4.62026e6,-2.30703e6,5.79013e-9
1490849160,23981698.158899613,27853675.75176231,3871.978,3.99850e14,0.3135,4.62735e6,-2.30959e6,5.79656e-9
1490849190,23991706.680251237,27872035.604167573,3880.329,3.95321e14,0.8228,4.60606e6,-2.31209e6,5.80281e-9
1490849220,24001799.79200907,27890385.107816435,3888.585,3.95767e14,0.7108,4.61348e6,-2.31451e6,5.80889e-9
1490849250,24011977.12560995,27908723.979705796,3896.747,4.01501e14,0.7278,4.65151e6,-2.31686e6,5.81479e-9
1490849280,24022238.310263608,27927051.938138135,3904.814,3.98744e14,0.0361,4.64004e6,-2.31914e6,5.82052e-9
1490849310,24032582.97298526,27945368.702719476,3912.786,3.94404e14,1.0528,4.61918e6,-2.32136e6,5.82607e-9
1490849340,24043010.73862823,27963673.99435714,3920.663,4.02478e14,0.9728,4.67053e6,-2.32350e6,5.83145e-9
1490849370,24053521.229916584,27981967.53525769,3928.446,4.05076e14,1.6247,4.68987e6,-2.32558e6,5.83665e-9
1490849400,24064114.067477796,28000249.04892461,3936.135,3.98945e14,0.0863,4.65809e6,-2.32758e6,5.84169e-9
1490849430,24074788.869868968,28018518.260139763,3943.729,3.96902e14,0.4262,4.65003e6,-2.32952e6,5.84655e-9
1490849460,24085545.25362983,28036774.89501131,3951.230,3.97435e14,0.2924,4.65688e6,-2.33139e6,5.85124e-9
1490849490,24096382.83329464,28055018.680920936,3958.636,3.96954e14,0.4130,4.65766e6,-2.33320e6,5.85576e-9
1490849520,24107301.22143163,28073249.346537612,3965.948,3.97136e14,0.3674,4.66219e6,-2.33493e6,5.86011e-9
1490849550,24118300.028675657,28091466.621814903,3973.167,3.99624e14,0.2569,4.68011e6,-2.33660e6,5.86429e-9
1490849580,24129378.86376081,28109670.237988304,3980.291,3.99740e14,0.2859,4.68400e6,-2.33820e6,5.86831e-9
1490849610,24140537.33355309,28127859.92757258,3987.323,3.97348e14,0.3141,4.67303e6,-2.33974e6,5.87216e-9
1490849640,24151775.04308296,28146035.4243588,3994.260,3.98641e14,0.0101,4.68356e6,-2.34121e6,5.87584e-9
1490849670,24163091.59557795,28164196.463411685,4001.105,4.01358e14,0.6919,4.70234e6,-2.34261e6,5.87936e-9
1490849700,24174486.592495173,28182342.78106659,4007.856,3.97101e14,0.3762,4.67998e6,-2.34395e6,5.88271e-9
1490849730,24185959.633557778,28200474.114926975,4014.514,3.96660e14,0.4867,4.67993e6,-2.34522e6,5.88591e-9
1490849760,24197510.316775065,28218590.203860268,4021.080,4.01198e14,0.6517,4.70906e6,-2.34643e6,5.88893e-9
1490849790,24209138.238487694,28236690.78799597,4027.553,4.02912e14,1.0817,4.72146e6,-2.34758e6,5.89180e-9
1490849820,24220842.993395835,28254775.608722232,4033.933,4.00340e14,0.4364,4.70847e6,-2.34866e6,5.89451e-9
1490849850,24232624.174591538,28272844.40868281,4040.220,4.01852e14,0.8157,4.71942e6,-2.34968e6,5.89705e-9
1490849880,24244481.37359096,28290896.931773867,4046.416,4.01377e14,0.6966,4.71853e6,-2.35063e6,5.89944e-9
1490849910,24256414.180366635,28308932.923140936,4052.519,3.94499e14,1.0289,4.67973e6,-2.35152e6,5.90167e-9
1490849940,24268422.183379486,28326952.129175574,4058.530,3.94956e14,0.9143,4.68407e6,-2.35235e6,5.90374e-9
1490849970,24280504.969610963,28344954.29751235,4064.449,3.96843e14,0.4409,4.69673e6,-2.35312e6,5.90566e-9
1490850000,24292662.124594893,28362939.17702549,4070.277,3.98912e14,0.0781,4.71036e6,-2.35382e6,5.90742e-9
1490850030,24304893.23244373,28380906.5178373,4076.013,3.98601e14,0.0002,4.70981e6,-2.35446e6,5.90902e-9
1490850060,24317197.875897944,28398856.071279045,4081.658,3.91129e14,1.8745,4.66680e6,-2.35504e6,5.91047e-9
1490850090,24329575.636339705,28416787.589923687,4087.212,3.92682e14,1.4847,4.67701e6,-2.35556e6,5.91177e-9
1490850120,24342026.093830224,28434700.82757093,4092.675,3.96163e14,0.6115,4.69850e6,-2.35602e6,5.91292e-9
1490850150,24354548.8271412,28452595.53924405,4098.047,3.95638e14,0.7433,4.69619e6,-2.35642e6,5.91391e-9
1490850180,24367143.41378612,28470471.481186546,4103.328,3.99340e14,0.1854,4.71876e6,-2.35676e6,5.91476e-9
1490850210,24379809.430051427,28488328.41085891,4108.519,3.99602e14,0.2511,4.72087e6,-2.35704e6,5.91545e-9
1490850240,24392546.451027658,28506166.086935274,4113.620,3.93759e14,1.2147,4.68674e6,-2.35726e6,5.91600e-9
1490850270,24405354.050640326,28523984.269300085,4118.630,3.96368e14,0.5600,4.70250e6,-2.35743e6,5.91640e-9
1490850300,24418231.801680844,28541782.719044667,4123.551,3.99056e14,0.1142,4.71860e6,-2.35753e6,5.91665e-9
1490850330,24431179.2758406,28559561.1984518,4128.382,4.01441e14,0.7127,4.73281e6,-2.35758e6,5.91676e-9
1490850360,24444196.043731082,28577319.4710295,4133.123,3.98984e14,0.0962,4.71824e6,-2.35756e6,5.91672e-9
1490850390,24457281.67492504,28595057.301470157,4137.776,3.90030e14,2.1500,4.66513e6,-2.35750e6,5.91654e-9
1490850420,24470435.737983435,28612774.45565902,4142.339,3.94393e14,1.0555,4.69068e6,-2.35737e6,5.91621e-9
1490850450,24483657.800485607,28630470.700670578,4146.813,3.97602e14,0.2505,4.70930e6,-2.35719e6,5.91575e-9
1490850480,24496947.429059457,28648145.80476492,4151.198,3.97872e14,0.1829,4.71041e6,-2.35695e6,5.91514e-9
1490850510,24510304.189411398,28665799.53738407,4155.495,3.97356e14,0.3123,4.70677e6,-2.35665e6,5.91439e-9
1490850540,24523727.646356214,28683431.669148285,4159.704,3.96439e14,0.5422,4.70065e6,-2.35630e6,5.91350e-9
1490850570,24537217.363846734,28701041.97185227,4163.825,3.98160e14,0.1105,4.71001e6,-2.35590e6,5.91248e-9
1490850600,24550772.905003402,28718630.218461473,4167.857,3.95118e14,0.8737,4.69110e6,-2.35544e6,5.91131e-9
1490850630,24564393.83215093,28736196.18311262,4171.802,3.95115e14,0.8744,4.69006e6,-2.35492e6,5.91001e-9
1490850660,24578079.706825044,28753739.641096603,4175.660,3.99476e14,0.2196,4.71469e6,-2.35436e6,5.90858e-9
1490850690,24591830.08982409,28771260.36886808,4179.430,3.97451e14,0.2885,4.70148e6,-2.35373e6,5.90701e-9
1490850720,24605644.541230667,28788758.14403737,4183.114,3.97793e14,0.2025,4.70215e6,-2.35306e6,5.90530e-9
1490850750,24619522.620440446,28806232.745366614,4186.710,3.97959e14,0.1609,4.70166e6,-2.35233e6,5.90346e-9
1490850780,24633463.886190716,28823683.95276594,4190.220,3.98396e14,0.0513,4.70268e6,-2.35155e6,5.90149e-9
1490850810,24647467.89658888,28841111.547289733,4193.644,4.01421e14,0.7076,4.71885e6,-2.35072e6,5.89939e-9
1490850840,24661534.20914067,28858515.31113263,4196.981,4.00983e14,0.5978,4.71449e6,-2.34983e6,5.89716e-9
1490850870,24675662.380778134,28875895.02762584,4200.233,4.00197e14,0.4006,4.70798e6,-2.34889e6,5.89480e-9
1490850900,24689851.967887565,28893250.481233127,4203.399,3.97656e14,0.2369,4.69102e6,-2.34791e6,5.89231e-9
1490850930,24704102.526317213,28910581.457547337,4206.479,3.97059e14,0.3867,4.68542e6,-2.34687e6,5.88970e-9
1490850960,24718413.611466184,28927887.743285637,4209.474,4.00031e14,0.3590,4.70074e6,-2.34578e6,5.88695e-9
1490850990,24732784.778250106,28945169.126286384,4212.384,4.01456e14,0.7163,4.70684e6,-2.34464e6,5.88408e-9
1490851020,24747215.581147943,28962425.395505052,4215.210,3.99535e14,0.2344,4.69315e6,-2.34345e6,5.88109e-9
1490851050,24761705.57422878,28979656.34101028,4217.951,4.00094e14,0.3747,4.69396e6,-2.34221e6,5.87797e-9
1490851080,24776254.3111783,28996861.753979966,4220.607,4.01480e14,0.7225,4.69952e6,-2.34093e6,5.87474e-9
1490851110,24790861.345325176,29014041.4266974,4223.180,4.01590e14,0.7500,4.69748e6,-2.33959e6,5.87137e-9
1490851140,24805526.229667187,29031195.1525473,4225.669,4.00668e14,0.5187,4.68929e6,-2.33821e6,5.86789e-9
1490851170,24820248.516897142,29048322.726011883,4228.074,3.98956e14,0.0893,4.67637e6,-2.33678e6,5.86429e-9
1490851200,24835027.759428676,29065423.94266696,4230.396,3.99202e14,0.1510,4.67485e6,-2.33530e6,5.86057e-9
1490851230,24849863.509449076,29082498.59918304,4232.635,3.98641e14,0.0101,4.66851e6,-2.33378e6,5.85673e-9
1490851260,24864755.318860613,29099546.493305884,4234.791,4.01751e14,0.7904,4.68356e6,-2.33220e6,5.85277e-9
1490851290,24879702.739390038,29116567.423868038,4236.865,4.01137e14,0.6363,4.67671e6,-2.33058e6,5.84870e-9
1490851320,24894705.322586544,29133561.19077994,4238.856,3.99927e14,0.3328,4.66630e6,-2.32892e6,5.84451e-9
1490851350,24909762.61984669,29150527.595025938,4240.765,3.98379e14,0.0555,4.65383e6,-2.32721e6,5.84021e-9
1490851380,24924874.18243926,29167466.438660458,4242.592,3.96521e14,0.5217,4.63947e6,-2.32545e6,5.83579e-9
1490851410,24940039.56152983,29184377.52480399,4244.338,4.00471e14,0.4692,4.65890e6,-2.32365e6,5.83126e-9
1490851440,24955258.308205176,29201260.65763917,4246.002,3.97519e14,0.2713,4.63800e6,-2.32181e6,5.82662e-9
1490851470,24970529.973497394,29218115.642406806,4247.586,4.00339e14,0.4361,4.65064e6,-2.31992e6,5.82187e-9
1490851500,24985854.108407907,29234942.285401918,4249.088,4.00070e14,0.3688,4.64520e6,-2.31799e6,5.81700e-9
1490851530,25001230.263907973,29251740.39395391,4250.510,3.95291e14,0.8302,4.61346e6,-2.31601e6,5.81203e-9
1490851560,25016657.991033744,29268509.77647125,4251.852,3.97894e14,0.1772,4.62454e6,-2.31399e6,5.80695e-9
1490851590,25032136.840837624,29285250.242388863,4253.113,3.96598e14,0.5023,4.61290e6,-2.31193e6,5.80176e-9
1490851620,25047666.36443448,29301961.602179628,4254.295,3.99284e14,0.1716,4.62426e6,-2.30982e6,5.79647e-9
1490851650,25063246.113024242,29318643.667350285,4255.398,4.01106e14,0.6287,4.63051e6,-2.30768e6,5.79107e-9
1490851680,25078875.63791432,29335296.250437234,4256.421,3.97389e14,0.3040,4.60461e6,-2.30549e6,5.78557e-9
1490851710,25094554.490541738,29351919.165002476,4257.365,3.96149e14,0.6149,4.59299e6,-2.30326e6,5.77996e-9
1490851740,25110282.22249517,29368512.225629322,4258.230,3.95307e14,0.8262,4.58359e6,-2.30099e6,5.77425e-9
1490851770,25126058.385536537,29385075.24791837,4259.017,3.97486e14,0.2797,4.59155e6,-2.29868e6,5.76844e-9
1490851800,25141882.531622626,29401608.048483282,4259.726,4.00014e14,0.3546,4.60142e6,-2.29633e6,5.76252e-9
1490851830,25157754.212936543,29418110.444970455,4260.356,3.99457e14,0.2148,4.59341e6,-2.29393e6,5.75651e-9
1490851860,25173672.981877,29434582.255981755,4260.909,3.98328e14,0.0684,4.58205e6,-2.29150e6,5.75040e-9
1490851890,25189638.391111236,29451023.301143534,4261.385,4.00977e14,0.5963,4.59232e6,-2.28903e6,5.74419e-9
1490851920,25205649.993585303,29467433.401079047,4261.783,4.00378e14,0.4458,4.58384e6,-2.28652e6,5.73788e-9
1490851950,25221707.34254445,29483812.37740464,4262.105,3.97458e14,0.2866,4.56200e6,-2.28398e6,5.73147e-9
1490851980,25237809.99155347,29500160.052725714,4262.350,3.99234e14,0.1589,4.56699e6,-2.28139e6,5.72497e-9
1490852010,25253957.49451667,29516476.25063296,4262.519,4.01347e14,0.6890,4.57381e6,-2.27877e6,5.71837e-9
1490852040,25270149.405697692,29532760.795698397,4262.611,3.99564e14,0.2418,4.55829e6,-2.27610e6,5.71168e-9
1490852070,25286385.2797391,29549013.51347152,4262.628,4.02870e14,1.0710,4.57173e6,-2.27341e6,5.70490e-9
1490852100,25302664.671681732,29565234.230475403,4262.570,4.00822e14,0.5574,4.55456e6,-2.27067e6,5.69802e-9
1490852130,25318987.13698589,29581422.77417629,4262.436,3.96261e14,0.5869,4.52304e6,-2.26790e6,5.69105e-9
1490852160,25335352.231544267,29597578.97306135,4262.227,3.99569e14,0.2429,4.53623e6,-2.26509e6,5.68399e-9
1490852190,25351759.511706416,29613702.65655315,4261.943,3.95758e14,0.7132,4.50890e6,-2.26225e6,5.67684e-9
1490852220,25368208.53429543,29629793.65503187,4261.585,3.99530e14,0.2332,4.52454e6,-2.25937e6,5.66960e-9
1490852250,25384698.856626257,29645851.79983127,4261.153,4.02132e14,0.8860,4.53344e6,-2.25645e6,5.66228e-9
1490852280,25401230.036523733,29661876.923234515,4260.647,4.00617e14,0.5058,4.51894e6,-2.25350e6,5.65486e-9
1490852310,25417801.63234049,29677868.858470134,4260.067,4.02928e14,1.0856,4.52600e6,-2.25052e6,5.64736e-9
1490852340,25434413.20297453,29693827.43970788,4259.414,3.97837e14,0.1915,4.49121e6,-2.24750e6,5.63978e-9
1490852370,25451064.307886634,29709752.502054602,4258.688,3.98549e14,0.0129,4.48912e6,-2.24445e6,5.63211e-9
1490852400,25467754.507117584,29725643.88155024,4257.889,3.98715e14,0.0287,4.48388e6,-2.24136e6,5.62435e-9
1490852430,25484483.361302823,29741501.4151909,4257.018,3.99526e14,0.2323,4.48219e6,-2.23825e6,5.61651e-9
1490852460,25501250.431696054,29757324.940840993,4256.075,4.00052e14,0.3641,4.47882e6,-2.23509e6,5.60859e-9
1490852490,25518055.280179046,29773114.29731303,4255.059,3.96008e14,0.6504,4.44979e6,-2.23191e6,5.60059e-9
1490852520,25534897.46928006,29788869.32433676,4253.972,4.00480e14,0.4716,4.46838e6,-2.22869e6,5.59251e-9
1490852550,25551776.56218983,29804589.862555273,4252.813,3.98477e14,0.0309,4.45068e6,-2.22545e6,5.58434e-9
1490852580,25568692.122777387,29820275.753521245,4251.584,3.95765e14,0.7115,4.42899e6,-2.22217e6,5.57610e-9
1490852610,25585643.71560566,29835926.8396931,4250.283,3.97238e14,0.3418,4.43059e6,-2.21885e6,5.56778e-9
1490852640,25602630.90594682,29851542.964431297,4248.912,3.97652e14,0.2380,4.42621e6,-2.21551e6,5.55938e-9
1490852670,25619653.25979735,29867123.97199446,4247.471,4.01151e14,0.6398,4.43889e6,-2.21214e6,5.55090e-9
1490852700,25636710.34389299,29882669.707535636,4245.959,4.01447e14,0.7142,4.43370e6,-2.20874e6,5.54235e-9
1490852730,25653801.725715008,29898180.01707203,4244.378,3.99490e14,0.2232,4.41597e6,-2.20530e6,5.53373e-9
1490852760,25670926.973530583,29913654.747562815,4242.728,3.97602e14,0.2504,4.39860e6,-2.20184e6,5.52502e-9
1490852790,25688085.65638091,29929093.746823654,4241.008,3.96149e14,0.6151,4.38360e6,-2.19835e6,5.51625e-9
1490852820,25705277.34410365,29944496.86354913,4239.220,3.98493e14,0.0270,4.38949e6,-2.19483e6,5.50740e-9
1490852850,25722501.607346646,29959863.947308704,4237.362,3.99408e14,0.2027,4.38742e6,-2.19128e6,5.49848e-9
1490852880,25739758.017581463,29975194.848542824,4235.437,3.98412e14,0.0474,4.37478e6,-2.18770e6,5.48949e-9
1490852910,25757046.14711668,29990489.41855886,4233.443,4.02113e14,0.8812,4.38784e6,-2.18409e6,5.48042e-9
1490852940,25774365.56911106,30005747.509527143,4231.382,4.00236e14,0.4103,4.37027e6,-2.18046e6,5.47129e-9
1490852970,25791715.85758641,30020968.974477023,4229.253,3.97612e14,0.2480,4.34859e6,-2.17680e6,5.46209e-9
1490853000,25809096.587440327,30036153.667292874,4227.057,3.99798e14,0.3003,4.35313e6,-2.17311e6,5.45282e-9
1490853030,25826507.33447593,30051301.442730382,4224.794,4.00923e14,0.5827,4.35181e6,-2.16939e6,5.44348e-9
1490853060,25843947.675361168,30066412.156350415,4222.464,4.00159e14,0.3909,4.34014e6,-2.16565e6,5.43407e-9
1490853090,25861417.187694177,30081485.664577395,4220.068,3.96366e14,0.5607,4.31200e6,-2.16188e6,5.42460e-9
1490853120,25878915.449998032,30096521.82467537,4217.606,3.92869e14,1.4380,4.28549e6,-2.15808e6,5.41506e-9
1490853150,25896442.041732788,30111520.494744435,4215.078,3.93075e14,1.3862,4.27901e6,-2.15426e6,5.40546e-9
1490853180,25913996.543307032,30126481.533716924,4212.485,3.97241e14,0.3410,4.29385e6,-2.15041e6,5.39580e-9
1490853210,25931578.536089476,30141404.801353876,4209.826,3.95579e14,0.7579,4.27716e6,-2.14654e6,5.38607e-9
1490853240,25949187.60242024,30156290.158241306,4207.103,3.96227e14,0.5955,4.27287e6,-2.14264e6,5.37627e-9
1490853270,25966823.32562189,30171137.465786602,4204.314,3.99966e14,0.3426,4.28511e6,-2.13872e6,5.36642e-9
1490853300,25984485.29001046,30185946.586214967,4201.461,3.95968e14,0.6605,4.25578e6,-2.13477e6,5.35650e-9
1490853330,26002173.080894154,30200717.382560637,4198.544,3.95622e14,0.7472,4.24601e6,-2.13080e6,5.34653e-9
1490853360,26019886.284620613,30215449.718679104,4195.563,3.96726e14,0.4702,4.24394e6,-2.12681e6,5.33649e-9
1490853390,26037624.488550372,30230143.459227804,4192.519,3.99443e14,0.2113,4.25038e6,-2.12279e6,5.32640e-9
1490853420,26055387.28107883,30244798.46966761,4189.411,4.01719e14,0.7824,4.25439e6,-2.11875e6,5.31624e-9
1490853450,26073174.251646005,30259414.616259165,4186.240,3.96814e14,0.4482,4.22019e6,-2.11468e6,5.30603e-9
1490853480,26090984.99074616,30273991.76605933,4183.007,3.98444e14,0.0394,4.22066e6,-2.11060e6,5.29576e-9
1490853510,26108819.08993725,30288529.786917575,4179.711,4.01428e14,0.7095,4.22821e6,-2.10649e6,5.28544e-9
1490853540,26126676.14185007,30303028.547472354,4176.352,4.01875e14,0.8215,4.22227e6,-2.10235e6,5.27505e-9
1490853570,26144555.740197282,30317487.917147495,4172.932,4.00904e14,0.5779,4.20881e6,-2.09820e6,5.26462e-9
1490853600,26162457.479782265,30331907.76614861,4169.450,4.00610e14,0.5042,4.19888e6,-2.09402e6,5.25413e-9
1490853630,26180380.95650207,30346287.965444583,4165.907,4.00441e14,0.4617,4.18957e6,-2.08983e6,5.24358e-9
1490853660,26198325.767373323,30360628.386809856,4162.303,3.98774e14,0.0435,4.17238e6,-2.08561e6,5.23298e-9
1490853690,26216291.51052296,30374928.902774833,4158.637,3.97912e14,0.1728,4.15940e6,-2.08137e6,5.22233e-9
1490853720,26234277.78520194,30389189.386637,4154.912,3.95675e14,0.7339,4.13922e6,-2.07711e6,5.21163e-9
1490853750,26252284.19179316,30403409.71245728,4151.126,3.95878e14,0.6831,4.13174e6,-2.07283e6,5.20088e-9
1490853780,26270310.331819057,30417589.755056307,4147.279,3.97688e14,0.2288,4.13256e6,-2.06853e6,5.19007e-9
1490853810,26288355.807949305,30431729.390010823,4143.374,3.97511e14,0.2733,4.12300e6,-2.06420e6,5.17922e-9
1490853840,26306420.224008027,30445828.49364995,4139.408,3.96008e14,0.6503,4.10656e6,-2.05986e6,5.16831e-9
1490853870,26324503.18498114,30459886.94305166,4135.384,3.99063e14,0.1159,4.11361e6,-2.05550e6,5.15736e-9
1490853900,26342604.29702335,30473904.616039075,4131.300,4.00729e14,0.5341,4.11342e6,-2.05112e6,5.14636e-9
1490853930,26360723.167489354,30487881.39120778,4127.158,4.01327e14,0.6841,4.10766e6,-2.04672e6,5.13531e-9
1490853960,26378859.404865693,30501817.147827424,4122.958,3.99510e14,0.2283,4.08948e6,-2.04231e6,5.12421e-9
1490853990,26397012.618852552,30515711.765933223,4118.699,3.97553e14,0.2627,4.07059e6,-2.03787e6,5.11307e-9
1490854020,26415182.420346037,30529565.126291987,4114.383,3.97696e14,0.2268,4.06242e6,-2.03342e6,5.10188e-9
1490854050,26433368.421444643,30543377.110398896,4110.009,3.96754e14,0.4632,4.04868e6,-2.02895e6,5.09065e-9
1490854080,26451570.235455543,30557147.600474246,4105.577,3.99444e14,0.2115,4.05338e6,-2.02446e6,5.07937e-9
1490854110,26469787.476900794,30570876.479460467,4101.089,3.97428e14,0.2941,4.03413e6,-2.01995e6,5.06805e-9
1490854140,26488019.761523243,30584563.631018717,4096.544,3.96831e14,0.4438,4.02207e6,-2.01542e6,5.05668e-9
1490854170,26506266.706292424,30598208.939525895,4091.942,4.00421e14,0.4567,4.03112e6,-2.01088e6,5.04528e-9
1490854200,26524527.929410126,30611812.290071387,4087.284,4.04197e14,1.4040,4.04098e6,-2.00632e6,5.03383e-9
1490854230,26542803.050281808,30625373.568418287,4082.571,3.99862e14,0.3166,4.00999e6,-2.00175e6,5.02233e-9
1490854260,26561091.689627204,30638892.661110207,4077.801,3.95305e14,0.8268,3.97795e6,-1.99715e6,5.01080e-9
1490854290,26579393.46937973,30652369.455358002,4072.976,3.98723e14,0.0309,3.98585e6,-1.99255e6,4.99923e-9
1490854320,26597708.012725417,30665803.83907189,4068.096,4.00614e14,0.5052,3.98603e6,-1.98792e6,4.98761e-9
1490854350,26616034.944107518,30679195.700858112,4063.161,4.02757e14,1.0429,3.98739e6,-1.98328e6,4.97596e-9
1490854380,26634373.88923093,30692544.930015437,4058.171,3.99848e14,0.3129,3.96358e6,-1.97863e6,4.96426e-9
1490854410,26652724.47506642,30705851.4165318,4053.127,3.95076e14,0.8841,3.93058e6,-1.97396e6,4.95253e-9
1490854440,26671086.329854805,30719115.051080804,4048.029,3.98908e14,0.0771,3.94018e6,-1.96927e6,4.94076e-9
1490854470,26689459.083110888,30732335.72501841,4042.877,4.00457e14,0.4657,3.93840e6,-1.96457e6,4.92896e-9
1490854500,26707842.36562734,30745513.33037946,4037.671,4.01428e14,0.7094,3.93372e6,-1.95985e6,4.91712e-9
1490854530,26726235.809512075,30758647.759905018,4032.412,4.03400e14,1.2041,3.93390e6,-1.95512e6,4.90524e-9
1490854560,26744639.04808803,30771738.906944614,4027.100,3.94239e14,1.0941,3.87952e6,-1.95038e6,4.89332e-9
1490854590,26763051.7160009,30784786.66554741,4021.735,3.92711e14,1.4775,3.86259e6,-1.94562e6,4.88137e-9
1490854620,26781473.449189063,30797790.93042857,4016.317,3.94082e14,1.1335,3.85979e6,-1.94085e6,4.86938e-9
1490854650,26799903.884886973,30810751.5969663,4010.848,3.96210e14,0.5998,3.86060e6,-1.93606e6,4.85736e-9
1490854680,26818342.66162856,30823668.561198693,4005.326,3.96765e14,0.4605,3.85371e6,-1.93126e6,4.84531e-9
1490854710,26836789.419250574,30836541.71982096,3999.752,3.94320e14,1.0739,3.83229e6,-1.92645e6,4.83322e-9
1490854740,26855243.798895553,30849370.97018223,3994.127,3.99391e14,0.1983,3.84713e6,-1.92162e6,4.82110e-9
1490854770,26873705.443014994,30862156.21028279,3988.451,3.94703e14,0.9777,3.81489e6,-1.91678e6,4.80895e-9
1490854800,26892173.995372064,30874897.338771056,3982.723,3.94245e14,1.0926,3.80304e6,-1.91193e6,4.79677e-9
1490854830,26910649.101016477,30887594.25491864,3976.945,4.02376e14,0.9472,3.83226e6,-1.90707e6,4.78455e-9
1490854860,26929130.406373322,30900246.858685307,3971.116,3.97701e14,0.2257,3.80014e6,-1.90219e6,4.77231e-9
1490854890,26947617.559158985,30912855.050648183,3965.237,3.96351e14,0.5644,3.78395e6,-1.89730e6,4.76003e-9
1490854920,26966110.208411224,30925418.732020654,3959.309,4.04130e14,1.3873,3.81110e6,-1.89240e6,4.74772e-9
1490854950,26984608.004491266,30937937.80464927,3953.330,3.99316e14,0.1795,3.77841e6,-1.88749e6,4.73539e-9
1490854980,27003110.59908564,30950412.171010733,3947.302,4.02304e14,0.9291,3.78266e6,-1.88257e6,4.72302e-9
1490855010,27021617.64520795,30962841.734208878,3941.224,4.09448e14,2.7214,3.80639e6,-1.87763e6,4.71063e-9
1490855040,27040128.79720051,30975226.397971593,3935.098,3.97063e14,0.3856,3.73817e6,-1.87268e6,4.69821e-9
1490855070,27058643.710735895,30987566.066647906,3928.922,3.94513e14,1.0254,3.71632e6,-1.86773e6,4.68576e-9
1490855100,27077162.04281835,30999860.645204846,3922.699,3.97742e14,0.2154,3.72152e6,-1.86276e6,4.67328e-9
1490855130,27095683.451809037,31012110.03924057,3916.427,3.93705e14,1.2282,3.69275e6,-1.85778e6,4.66078e-9
1490855160,27114207.597353503,31024314.154932167,3910.107,3.98708e14,0.0269,3.70608e6,-1.85279e6,4.64825e-9
1490855190,27132734.14045675,31036472.89908186,3903.739,4.02190e14,0.9006,3.71222e6,-1.84779e6,4.63569e-9
1490855220,27151262.74346052,31048586.179098397,3897.323,3.98145e14,0.1143,3.68345e6,-1.84278e6,4.62311e-9
1490855250,27169793.070044424,31060653.902994152,3890.861,3.95056e14,0.8892,3.65917e6,-1.83776e6,4.61051e-9
1490855280,27188324.785226874,31072675.97938241,3884.351,4.00020e14,0.3561,3.67197e6,-1.83273e6,4.59788e-9
1490855310,27206857.555366065,31084652.317474656,3877.795,3.99389e14,0.1978,3.65898e6,-1.82769e6,4.58522e-9
1490855340,27225391.048160795,31096582.82707773,3871.192,3.95842e14,0.6921,3.63264e6,-1.82264e6,4.57254e-9
1490855370,27243924.93265111,31108467.418591175,3864.542,3.92492e14,1.5325,3.60728e6,-1.81758e6,4.55984e-9
1490855400,27262458.87921898,31120306.003004506,3857.847,3.90705e14,1.9808,3.58910e6,-1.81251e6,4.54712e-9
1490855430,27280992.55956434,31132098.491881672,3851.106,3.96661e14,0.4866,3.60604e6,-1.80744e6,4.53437e-9
1490855460,27299525.64678079,31143844.79739789,3844.319,3.95959e14,0.6628,3.59272e6,-1.80235e6,4.52160e-9
1490855490,27318057.81528047,31155544.83229739,3837.487,3.96674e14,0.4833,3.58578e6,-1.79726e6,4.50881e-9
1490855520,27336588.74081847,31167198.509903476,3830.610,4.01418e14,0.7070,3.59693e6,-1.79215e6,4.49600e-9
1490855550,27355118.10049278,31178805.744115736,3823.688,4.04139e14,1.3894,3.59886e6,-1.78704e6,4.48316e-9
1490855580,27373645.572744116,31190366.449407272,3816.721,3.99774e14,0.2944,3.56903e6,-1.78192e6,4.47031e-9
1490855610,27392170.837355666,31201880.540822014,3809.710,3.95095e14,0.8794,3.53790e6,-1.77680e6,4.45743e-9
1490855640,27410693.57545275,31213347.93397199,3802.654,3.97130e14,0.3690,3.53672e6,-1.77166e6,4.44454e-9
1490855670,27429213.469502397,31224768.545034554,3795.555,3.96161e14,0.6120,3.52215e6,-1.76652e6,4.43162e-9
1490855700,27447730.203312863,31236142.2907498,3788.412,3.94105e14,1.1278,3.50279e6,-1.76136e6,4.41869e-9
1490855730,27466243.462060757,31247469.08842587,3781.226,3.97613e14,0.2477,3.50798e6,-1.75621e6,4.40574e-9
1490855760,27484752.932204958,31258748.855911408,3773.996,4.01060e14,0.6171,3.51280e6,-1.75104e6,4.39277e-9
1490855790,27503258.301571563,31269981.51161793,3766.723,3.95693e14,0.7294,3.47891e6,-1.74587e6,4.37978e-9
1490855820,27521759.25932557,31281166.974509154,3759.408,3.96147e14,0.6156,3.47057e6,-1.74069e6,4.36677e-9
1490855850,27540255.495970245,31292305.164098423,3752.050,3.97494e14,0.2776,3.46609e6,-1.73550e6,4.35375e-9
1490855880,27558746.70334635,31303396.000446253,3744.649,3.93721e14,1.2242,3.43933e6,-1.73030e6,4.34070e-9
1490855910,27577232.57463144,31314439.40415778,3737.207,4.00538e14,0.4861,3.45849e6,-1.72510e6,4.32765e-9
1490855940,27595712.804338902,31325435.296380337,3729.722,4.01814e14,0.8062,3.45355e6,-1.71990e6,4.31457e-9
1490855970,27614187.08831707,31336383.59880093,3722.197,4.01857e14,0.8170,3.44326e6,-1.71468e6,4.30148e-9
1490856000,27632655.12374811,31347284.23364382,3714.629,3.99012e14,0.1033,3.42058e6,-1.70946e6,4.28838e-9
1490856030,27651116.60911702,31358137.123669334,3707.021,3.94914e14,0.9249,3.39259e6,-1.70424e6,4.27526e-9
1490856060,27669571.244302783,31368942.192167684,3699.371,4.01512e14,0.7305,3.41030e6,-1.69900e6,4.26212e-9
1490856090,27688018.730484467,31379699.36296035,3691.681,4.03057e14,1.1181,3.40634e6,-1.69377e6,4.24897e-9
1490856120,27706458.770169646,31390408.560396414,3683.950,3.99945e14,0.3372,3.38261e6,-1.68852e6,4.23580e-9
1490856150,27724891.0671927,31401069.709350273,3676.179,4.02261e14,0.9183,3.38187e6,-1.68327e6,4.22262e-9
1490856180,27743315.326713134,31411682.735219244,3668.367,4.03339e14,1.1888,3.37584e6,-1.67802e6,4.20943e-9
1490856210,27761731.25521374,31422247.56392128,3660.516,4.01058e14,0.6165,3.35568e6,-1.67276e6,4.19622e-9
1490856240,27780138.560498796,31432764.12189258,3652.626,4.00399e14,0.4512,3.34236e6,-1.66749e6,4.18300e-9
1490856270,27798536.951692093,31443232.33608525,3644.695,3.99718e14,0.2803,3.32895e6,-1.66222e6,4.16977e-9
1490856300,27816926.139234953,31453652.133965064,3636.726,3.99414e14,0.2042,3.31712e6,-1.65694e6,4.15652e-9
1490856330,27835305.834911335,31464023.443496894,3628.718,3.97883e14,0.1800,3.30020e6,-1.65166e6,4.14327e-9
1490856360,27853675.75176231,31474346.193179984,3620.670,3.98018e14,0.1462,3.29019e6,-1.64638e6,4.13000e-9
1490856390,27872035.604167573,31484620.312008016,3612.585,3.98422e14,0.0447,3.28128e6,-1.64109e6,4.11672e-9
1490856420,27890385.107816435,31494845.72947897,3604.461,3.96439e14,0.5423,3.26255e6,-1.63579e6,4.10342e-9
1490856450,27908723.979705796,31505022.375592638,3596.298,3.95882e14,0.6820,3.24970e6,-1.63049e6,4.09012e-9
1490856480,27927051.938138135,31515150.180848386,3588.098,3.96927e14,0.4199,3.24338e6,-1.62519e6,4.07680e-9
1490856510,27945368.702719476,31525229.076242793,3579.860,4.01067e14,0.6189,3.24961e6,-1.61988e6,4.06348e-9
1490856540,27963673.99435714,31535258.99326728,3571.585,3.96688e14,0.4797,3.22121e6,-1.61457e6,4.05014e-9
1490856570,27981967.53525769,31545239.863905877,3563.272,3.92536e14,1.5213,3.19384e6,-1.60925e6,4.03680e-9
1490856600,28000249.04892461,31555171.620632876,3554.923,3.94306e14,1.0773,3.19040e6,-1.60393e6,4.02344e-9
1490856630,28018518.260139763,31565054.196430977,3546.536,3.97702e14,0.2254,3.19342e6,-1.59861e6,4.01008e-9
1490856660,28036774.89501131,31574887.524726346,3538.113,3.99872e14,0.3190,3.19145e6,-1.59328e6,3.99670e-9
1490856690,28055018.680920936,31584671.539449275,3529.653,4.04359e14,1.4446,3.19864e6,-1.58795e6,3.98332e-9
1490856720,28073249.346537612,31594406.175011728,3521.157,4.04442e14,1.4654,3.18822e6,-1.58261e6,3.96993e-9
1490856750,28091466.621814903,31604091.366305415,3512.625,3.97173e14,0.3582,3.14870e6,-1.57727e6,3.95653e-9
1490856780,28109670.237988304,31613727.048699692,3504.057,4.03743e14,1.2901,3.16394e6,-1.57193e6,3.94312e-9
1490856810,28127859.92757258,31623313.15803967,3495.453,3.98916e14,0.0790,3.13421e6,-1.56659e6,3.92970e-9
1490856840,28146035.4243588,31632849.630644195,3486.814,3.93072e14,1.3870,3.10062e6,-1.56124e6,3.91628e-9
1490856870,28164196.463411685,31642336.403303836,3478.140,4.00912e14,0.5800,3.12059e6,-1.55589e6,3.90284e-9
1490856900,28182342.78106659,31651773.413278982,3469.431,4.01602e14,0.7529,3.11253e6,-1.55054e6,3.88940e-9
1490856930,28200474.114926975,31661160.59827392,3460.686,4.00854e14,0.5654,3.09887e6,-1.54518e6,3.87596e-9
1490856960,28218590.203860268,31670497.896508794,3451.908,3.94858e14,0.9388,3.06496e6,-1.53982e6,3.86250e-9
1490856990,28236690.78799597,31679785.24664349,3443.094,3.96203e14,0.6015,3.05946e6,-1.53446e6,3.84904e-9
1490857020,28254775.608722232,31689022.58779952,3434.247,3.99662e14,0.2662,3.06203e6,-1.52909e6,3.83558e-9
1490857050,28272844.40868281,31698209.85955796,3425.365,3.97733e14,0.2177,3.04390e6,-1.52373e6,3.82211e-9
1490857080,28290896.931773867,31707347.00195724,3416.450,4.01887e14,0.8244,3.04899e6,-1.51836e6,3.80863e-9
1490857110,28308932.923140936,31716433.955491133,3407.501,4.02004e14,0.8539,3.03865e6,-1.51298e6,3.79514e-9
1490857140,28326952.129175574,31725470.661106702,3398.519,4.00392e14,0.4494,3.02175e6,-1.50761e6,3.78165e-9
1490857170,28344954.29751235,31734457.060202155,3389.503,4.04107e14,1.3814,3.02497e6,-1.50223e6,3.76816e-9
1490857200,28362939.17702549,31743393.094624817,3380.454,4.02758e14,1.0430,3.00907e6,-1.49686e6,3.75466e-9
1490857230,28380906.5178373,31752278.706691958,3371.372,3.99261e14,0.1657,2.98517e6,-1.49148e6,3.74115e-9
1490857260,28398856.071279045,31761113.839118462,3362.258,4.05636e14,1.7651,2.99816e6,-1.48609e6,3.72764e-9
1490857290,28416787.589923687,31769898.43508539,3353.111,4.08799e14,2.5587,2.99904e6,-1.48071e6,3.71413e-9
1490857320,28434700.82757093,31778632.43821536,3343.932,4.02525e14,0.9847,2.96491e6,-1.47532e6,3.70061e-9
1490857350,28452595.53924405,31787315.792570796,3334.720,4.01613e14,0.7559,2.95072e6,-1.46994e6,3.68709e-9
1490857380,28470471.481186546,31795948.442652162,3325.477,3.99141e14,0.1357,2.93082e6,-1.46455e6,3.67356e-9
1490857410,28488328.41085891,31804530.333396338,3316.202,3.93397e14,1.3055,2.89900e6,-1.45916e6,3.66003e-9
1490857440,28506166.086935274,31813061.410174806,3306.895,3.98224e14,0.0944,2.90589e6,-1.45376e6,3.64650e-9
1490857470,28523984.269300085,31821541.618792053,3297.557,3.97699e14,0.2261,2.89320e6,-1.44837e6,3.63296e-9
1490857500,28541782.719044667,31829970.90548382,3288.188,3.95630e14,0.7452,2.87493e6,-1.44298e6,3.61942e-9
1490857530,28559561.1984518,31838349.21690098,3278.788,4.00362e14,0.4420,2.88124e6,-1.43758e6,3.60588e-9
1490857560,28577319.4710295,31846676.500152662,3269.357,3.96696e14,0.4779,2.85725e6,-1.43219e6,3.59233e-9
1490857590,28595057.301470157,31854952.70275959,3259.895,3.93850e14,1.1917,2.83629e6,-1.42679e6,3.57879e-9
1490857620,28612774.45565902,31863177.77266692,3250.403,3.99571e14,0.2436,2.84595e6,-1.42139e6,3.56524e-9
1490857650,28630470.700670578,31871351.658242483,3240.881,3.99992e14,0.3492,2.83663e6,-1.41599e6,3.55168e-9
1490857680,28648145.80476492,31879474.308274977,3231.329,3.99544e14,0.2368,2.82423e6,-1.41059e6,3.53813e-9
1490857710,28665799.53738407,31887545.671972316,3221.746,4.00500e14,0.4765,2.81678e6,-1.40519e6,3.52457e-9
1490857740,28683431.669148285,31895565.698959764,3212.134,4.01501e14,0.7276,2.80946e6,-1.39978e6,3.51101e-9
1490857770,28701041.97185227,31903534.339278292,3202.492,4.00617e14,0.5059,2.79552e6,-1.39438e6,3.49745e-9
1490857800,28718630.218461473,31911451.543382745,3192.821,3.99460e14,0.2156,2.78065e6,-1.38898e6,3.48389e-9
1490857830,28736196.18311262,31919317.26213928,3183.121,4.01073e14,0.6202,2.77543e6,-1.38357e6,3.47033e-9
1490857860,28753739.641096603,31927131.446826443,3173.392,4.02053e14,0.8661,2.76797e6,-1.37817e6,3.45676e-9
1490857890,28771260.36886808,31934894.04913068,3163.634,4.07452e14,2.2206,2.77570e6,-1.37277e6,3.44320e-9
1490857920,28788758.14403737,31942605.021145556,3153.847,4.05190e14,1.6531,2.75701e6,-1.36736e6,3.42963e-9
1490857950,28806232.745366614,31950264.315370027,3144.032,3.95981e14,0.6571,2.71465e6,-1.36195e6,3.41606e-9
1490857980,28823683.95276594,31957871.884706832,3134.188,3.96908e14,0.4246,2.70703e6,-1.35655e6,3.40250e-9
1490858010,28841111.547289733,31965427.68246084,3124.316,4.01153e14,0.6404,2.71062e6,-1.35114e6,3.38893e-9
1490858040,28858515.31113263,31972931.662337445,3114.416,3.97844e14,0.1898,2.68860e6,-1.34574e6,3.37536e-9
1490858070,28875895.02762584,31980383.77844093,3104.489,3.93318e14,1.3252,2.66259e6,-1.34033e6,3.36179e-9
1490858100,28893250.481233127,31987783.985272974,3094.534,3.96420e14,0.5471,2.66223e6,-1.33493e6,3.34822e-9
1490858130,28910581.457547337,31995132.237748403,3084.551,4.01896e14,0.8267,2.66970e6,-1.32952e6,3.33466e-9
1490858160,28927887.743285637,32002428.491140235,3074.541,4.05801e14,1.8066,2.67182e6,-1.32411e6,3.32109e-9
1490858190,28945169.126286384,32009672.701131728,3064.504,3.99020e14,0.1052,2.63847e6,-1.31871e6,3.30752e-9
1490858220,28962425.395505052,32016864.823797673,3054.439,3.98949e14,0.0874,2.62742e6,-1.31330e6,3.29396e-9
1490858250,28979656.34101028,32024004.815603133,3044.348,3.99608e14,0.2528,2.61877e6,-1.30790e6,3.28039e-9
1490858280,28996861.753979966,32031092.633402076,3034.231,3.87448e14,2.7980,2.56821e6,-1.30249e6,3.26683e-9
1490858310,29014041.4266974,32038128.234436102,3024.087,3.85619e14,3.2567,2.55161e6,-1.29709e6,3.25326e-9
1490858340,29031195.1525473,32045111.576333124,3013.916,3.93929e14,1.1719,2.56789e6,-1.29168e6,3.23970e-9
1490858370,29048322.726011883,32052042.617106117,3003.720,4.03057e14,1.1180,2.58659e6,-1.28628e6,3.22614e-9
1490858400,29065423.94266696,32058921.315151785,2993.497,4.04974e14,1.5989,2.58188e6,-1.28088e6,3.21258e-9
1490858430,29082498.59918304,32065747.629223775,2983.249,4.03989e14,1.3518,2.56784e6,-1.27547e6,3.19902e-9
1490858460,29099546.493305884,32072521.518510066,2972.975,4.00974e14,0.5955,2.54736e6,-1.27007e6,3.18546e-9
1490858490,29116567.423868038,32079242.94255287,2962.676,3.97924e14,0.1697,2.52684e6,-1.26467e6,3.17190e-9
1490858520,29133561.19077994,32085911.861272614,2952.351,4.00634e14,0.5101,2.52461e6,-1.25927e6,3.15835e-9
1490858550,29150527.595025938,32092528.23496648,2942.001,4.08326e14,2.4399,2.53797e6,-1.25387e6,3.14480e-9
1490858580,29167466.438660458,32099092.02430692,2931.626,4.06119e14,1.8864,2.52013e6,-1.24847e6,3.13124e-9
1490858610,29184377.52480399,32105603.190340232,2921.226,4.01819e14,0.8074,2.49582e6,-1.24307e6,3.11770e-9
1490858640,29201260.65763917,32112061.69448503,2910.801,4.00675e14,0.5204,2.48143e6,-1.23767e6,3.10415e-9
1490858670,29218115.642406806,32118467.49853084,2900.352,3.92051e14,1.6431,2.44395e6,-1.23227e6,3.09061e-9
1490858700,29234942.285401918,32124820.56463662,2889.878,3.94929e14,0.9212,2.44210e6,-1.22688e6,3.07706e-9
1490858730,29251740.39395391,32131120.855352487,2879.380,4.01534e14,0.7359,2.45159e6,-1.22148e6,3.06353e-9
1490858760,29268509.77647125,32137368.333547138,2868.859,3.95556e14,0.7639,2.42253e6,-1.21609e6,3.04999e-9
1490858790,29285250.242388863,32143562.962477747,2858.313,3.98640e14,0.0098,2.42115e6,-1.21070e6,3.03645e-9
1490858820,29301961.602179628,32149704.70576578,2847.743,3.96718e14,0.4723,2.40455e6,-1.20530e6,3.02292e-9
1490858850,29318643.667350285,32155793.52739577,2837.150,4.02330e14,0.9356,2.41068e6,-1.19991e6,3.00939e-9
1490858880,29335296.250437234,32161829.39171422,2826.533,4.07771e14,2.3008,2.41615e6,-1.19452e6,2.99587e-9
1490858910,29351919.165002476,32167812.263428465,2815.893,4.03901e14,1.3297,2.39371e6,-1.18914e6,2.98235e-9
1490858940,29368512.225629322,32173742.107605595,2805.230,4.03552e14,1.2423,2.38183e6,-1.18375e6,2.96883e-9
1490858970,29385075.24791837,32179618.889671315,2794.544,3.97417e14,0.2969,2.35285e6,-1.17836e6,2.95531e-9
1490859000,29401608.048483282,32185442.575408943,2783.835,4.01252e14,0.6652,2.35338e6,-1.17298e6,2.94180e-9
1490859030,29418110.444970455,32191213.130940776,2773.103,4.07274e14,2.1760,2.36021e6,-1.16759e6,2.92829e-9
1490859060,29434582.255981755,32196930.522781048,2762.348,4.00556e14,0.4906,2.32975e6,-1.16221e6,2.91478e-9
1490859090,29451023.301143534,32202594.71778076,2751.571,3.87220e14,2.8552,2.28026e6,-1.15683e6,2.90128e-9
1490859120,29467433.401079047,32208205.68314404,2740.772,3.94159e14,1.1142,2.28970e6,-1.15145e6,2.88778e-9
1490859150,29483812.37740464,32213763.386426978,2729.951,4.03644e14,1.2653,2.30626e6,-1.14607e6,2.87428e-9
1490859180,29500160.052725714,32219267.795536444,2719.108,4.02239e14,0.9127,2.29142e6,-1.14070e6,2.86079e-9
1490859210,29516476.25063296,32224718.878729012,2708.243,3.93865e14,1.1880,2.25678e6,-1.13532e6,2.84730e-9
1490859240,29532760.795698397,32230116.60460979,2697.356,4.01370e14,0.6949,2.26736e6,-1.12995e6,2.83382e-9
1490859270,29549013.51347152,32235460.942131292,2686.447,4.06052e14,1.8693,2.26978e6,-1.12458e6,2.82034e-9
1490859300,29565234.230475403,32240751.86059236,2675.518,4.01706e14,0.7792,2.24674e6,-1.11921e6,2.80686e-9
1490859330,29581422.77417629,32245989.329656035,2664.567,4.01840e14,0.8128,2.23634e6,-1.11384e6,2.79339e-9
1490859360,29597578.97306135,32251173.319290012,2653.594,3.96899e14,0.4268,2.21182e6,-1.10847e6,2.77992e-9
1490859390,29613702.65655315,32256303.799824204,2642.601,4.04044e14,1.3657,2.22088e6,-1.10311e6,2.76646e-9
1490859420,29629793.65503187,32261380.741930887,2631.587,4.05236e14,1.6646,2.21336e6,-1.09774e6,2.75300e-9
1490859450,29645851.79983127,32266404.11662372,2620.552,3.99872e14,0.3191,2.18785e6,-1.09238e6,2.73954e-9
1490859480,29661876.923234515,32271373.895256963,2609.497,4.02511e14,0.9810,2.18430e6,-1.08702e6,2.72609e-9
1490859510,29677868.858470134,32276290.04952454,2598.421,4.00504e14,0.4775,2.16809e6,-1.08166e6,2.71265e-9
1490859540,29693827.43970788,32281152.55145915,2587.325,3.95836e14,0.6936,2.14475e6,-1.07630e6,2.69920e-9
1490859570,29709752.502054602,32285961.37343144,2576.209,3.98690e14,0.0225,2.14174e6,-1.07095e6,2.68577e-9
1490859600,29725643.88155024,32290716.48814903,2565.073,4.02486e14,0.9747,2.14117e6,-1.06560e6,2.67233e-9
1490859630,29741501.4151909,32295417.868625816,2553.916,4.02274e14,0.9216,2.12985e6,-1.06024e6,2.65891e-9
1490859660,29757324.940840993,32300065.488273334,2542.741,4.06828e14,2.0642,2.13115e6,-1.05489e6,2.64548e-9
1490859690,29773114.29731303,32304659.320807356,2531.545,4.01823e14,0.8084,2.10717e6,-1.04955e6,2.63206e-9
1490859720,29788869.32433676,32309199.340276685,2520.330,3.85119e14,3.3821,2.05269e6,-1.04420e6,2.61865e-9
1490859750,29804589.862555273,32313685.52106209,2509.096,3.99338e14,0.1850,2.07923e6,-1.03886e6,2.60524e-9
1490859780,29820275.753521245,32318117.837875284,2497.842,4.07775e14,2.3016,2.09040e6,-1.03352e6,2.59183e-9
1490859810,29835926.8396931,32322496.265757844,2486.569,3.98272e14,0.0824,2.05509e6,-1.02818e6,2.57843e-9
1490859840,29851542.964431297,32326820.780080114,2475.278,4.05663e14,1.7719,2.06338e6,-1.02284e6,2.56504e-9
1490859870,29867123.97199446,32331091.356540255,2463.967,4.10948e14,3.0978,2.06610e6,-1.01750e6,2.55165e-9
1490859900,29882669.707535636,32335307.97116325,2452.638,3.95387e14,0.8062,2.01576e6,-1.01217e6,2.53827e-9
1490859930,29898180.01707203,32339470.6003427,2441.291,3.83263e14,3.8478,1.97453e6,-1.00683e6,2.52489e-9
1490859960,29913654.747562815,32343579.220708005,2429.924,3.93966e14,1.1627,1.99095e6,-1.00150e6,2.51151e-9
1490859990,29929093.746823654,32347633.809255794,2418.540,3.98919e14,0.0799,1.99273e6,-9.96176e5,2.49814e-9
1490860020,29944496.86354913,32351634.343306538,2407.137,3.93308e14,1.3276,1.96813e6,-9.90850e5,2.48478e-9
1490860050,29959863.947308704,32355580.800504014,2395.717,4.00942e14,0.5874,1.97642e6,-9.85526e5,2.47142e-9
1490860080,29975194.848542824,32359473.158814784,2384.278,4.08865e14,2.5753,1.98522e6,-9.80204e5,2.45807e-9
1490860110,29990489.41855886,32363311.396527775,2372.822,3.96478e14,0.5325,1.94416e6,-9.74885e5,2.44472e-9
1490860140,30005747.509527143,32367095.492253713,2361.348,3.91268e14,1.8396,1.92089e6,-9.69567e5,2.43137e-9
1490860170,30020968.974477023,32370825.42492469,2349.856,3.94636e14,0.9945,1.91850e6,-9.64251e5,2.41804e-9
1490860200,30036153.667292874,32374501.17379362,2338.348,4.01455e14,0.7160,1.92432e6,-9.58938e5,2.40470e-9
1490860230,30051301.442730382,32378122.71838636,2326.821,4.07659e14,2.2726,1.92849e6,-9.53626e5,2.39138e-9
1490860260,30066412.156350415,32381690.038647596,2315.278,4.02299e14,0.9279,1.90501e6,-9.48317e5,2.37806e-9
1490860290,30081485.664577395,32385203.114793353,2303.717,3.99064e14,0.1164,1.88669e6,-9.43010e5,2.36474e-9
1490860320,30096521.82467537,32388661.92735778,2292.140,3.92513e14,1.5272,1.86067e6,-9.37705e5,2.35143e-9
1490860350,30111520.494744435,32392066.45719221,2280.546,3.98847e14,0.0618,1.86496e6,-9.32403e5,2.33812e-9
1490860380,30126481.533716924,32395416.685464278,2268.935,4.03855e14,1.3182,1.86599e6,-9.27102e5,2.32482e-9
1490860410,30141404.801353876,32398712.593657095,2257.308,4.06795e14,2.0559,1.86212e6,-9.21804e5,2.31153e-9
1490860440,30156290.158241306,32401954.163568318,2245.664,3.97412e14,0.2981,1.82986e6,-9.16508e5,2.29824e-9
1490860470,30171137.465786602,32405141.377309315,2234.004,3.83395e14,3.8147,1.78726e6,-9.11214e5,2.28496e-9
1490860500,30185946.586214967,32408274.217304293,2222.328,3.99265e14,0.1666,1.81292e6,-9.05922e5,2.27168e-9
1490860530,30200717.382560637,32411352.66633185,2210.635,4.08715e14,2.5375,1.82368e6,-9.00633e5,2.25841e-9
1490860560,30215449.718679104,32414376.707393534,2198.927,4.07741e14,2.2932,1.81078e6,-8.95345e5,2.24514e-9
1490860590,30230143.459227804,32417346.323844224,2187.203,4.02783e14,1.0493,1.78902e6,-8.90060e5,2.23188e-9
1490860620,30244798.46966761,32420261.49934924,2175.463,3.99966e14,0.3426,1.77215e6,-8.84778e5,2.21863e-9
1490860650,30259414.616259165,32423122.217883877,2163.708,4.01313e14,0.6804,1.76454e6,-8.79497e5,2.20538e-9
1490860680,30273991.76605933,32425928.463733055,2151.937,4.00893e14,0.5751,1.75303e6,-8.74219e5,2.19214e-9
1490860710,30288529.786917575,32428680.22149098,2140.150,3.97306e14,0.3247,1.73463e6,-8.68943e5,2.17890e-9
1490860740,30303028.547472354,32431377.476060756,2128.349,3.97907e14,0.1739,1.72540e6,-8.63669e5,2.16567e-9
1490860770,30317487.917147495,32434020.21265405,2116.532,4.07070e14,2.1247,1.73459e6,-8.58397e5,2.15244e-9
1490860800,30331907.76614861,32436608.416790742,2104.701,4.03964e14,1.3457,1.71730e6,-8.53128e5,2.13922e-9
1490860830,30346287.965444583,32439142.074264325,2092.854,3.94135e14,1.1204,1.68579e6,-8.47861e5,2.12600e-9
1490860860,30360628.386809856,32441621.171247408,2080.993,4.00468e14,0.4684,1.68870e6,-8.42597e5,2.11279e-9
1490860890,30374928.902774833,32444045.69418506,2069.117,4.02399e14,0.9529,1.68221e6,-8.37334e5,2.09959e-9
1490860920,30389189.386637,32446415.62982866,2057.226,3.97829e14,0.1936,1.66210e6,-8.32074e5,2.08639e-9
1490860950,30403409.71245728,32448730.965235308,2045.321,4.02991e14,1.1014,1.66230e6,-8.26816e5,2.07320e-9
1490860980,30417589.755056307,32450991.687767264,2033.402,4.15076e14,4.1332,1.67662e6,-8.21561e5,2.06002e-9
1490861010,30431729.390010823,32453197.785091378,2021.468,4.13515e14,3.7417,1.66270e6,-8.16307e5,2.04683e-9
1490861040,30445828.49364995,32455349.24517852,2009.521,3.99212e14,0.1534,1.62292e6,-8.11056e5,2.03366e-9
1490870550,32456458.461339135,30453149.812928803,2003.309,4.23052e14,6.1343,-1.66530e6,8.07855e5,-2.02682e-9
1490870580,32454335.716688532,30439071.438413013,2015.264,3.71045e14,6.9129,-1.57004e6,8.13108e5,-2.03999e-9
1490870610,32452158.32744592,30424952.46648281,2027.206,3.67764e14,7.7362,-1.57345e6,8.18364e5,-2.05317e-9
1490870640,32449926.30545689,30410793.02044857,2039.133,3.97341e14,0.3159,-1.64467e6,8.23622e5,-2.06635e-9
1490870670,32447639.662871126,30396593.2243726,2051.046,3.94682e14,0.9829,-1.64964e6,8.28882e5,-2.07954e-9
1490870700,32445298.412142854,30382353.20307274,2062.945,3.96589e14,0.5045,-1.66410e6,8.34144e5,-2.09274e-9
1490870730,32442902.566035956,30368073.0820932,2074.829,4.12215e14,3.4156,-1.70751e6,8.39409e5,-2.10594e-9
1490870760,32440452.137609426,30353752.987809084,2086.699,4.03146e14,1.1403,-1.69900e6,8.44676e5,-2.11914e-9
1490870790,32437947.14023273,30339393.047328744,2098.554,3.98031e14,0.1428,-1.69869e6,8.49945e5,-2.13236e-9
1490870820,32435387.58758128,30324993.388529934,2110.394,4.07704e14,2.2838,-1.72998e6,8.55217e5,-2.14558e-9
1490870850,32432773.49363699,30310554.140063033,2122.219,4.06447e14,1.9685,-1.73793e6,8.60491e5,-2.15880e-9
1490870880,32430104.872688666,30296075.43135446,2134.029,3.95054e14,0.8897,-1.72384e6,8.65767e5,-2.17203e-9
1490870910,32427381.739332497,30281557.392609973,2145.824,3.95301e14,0.8277,-1.73488e6,8.71046e5,-2.18526e-9
1490870940,32424604.108472552,30267000.154818077,2157.604,3.95655e14,0.7390,-1.74618e6,8.76326e5,-2.19851e-9
1490870970,32421771.995321285,30252403.849753387,2169.368,3.96269e14,0.5850,-1.75806e6,8.81609e5,-2.21175e-9
1490871000,32418885.41540011,30237768.609980054,2181.117,3.97407e14,0.2995,-1.77113e6,8.86895e5,-2.22501e-9
1490871030,32415944.384552952,30223094.568900056,2192.850,4.02050e14,0.8655,-1.79208e6,8.92182e5,-2.23826e-9
1490871060,32412948.91890662,30208381.86061844,2204.567,4.03626e14,1.2608,-1.80625e6,8.97472e5,-2.25153e-9
1490871090,32409899.03491173,30193630.62008539,2216.268,4.06175e14,1.9004,-1.82267e6,9.02764e5,-2.26480e-9
1490871120,32406794.749330346,30178840.983055227,2227.954,3.97648e14,0.2389,-1.81393e6,9.08059e5,-2.27807e-9
1490871150,32403636.079236686,30164013.086090345,2239.623,3.88906e14,2.4320,-1.80448e6,9.13355e5,-2.29135e-9
1490871180,32400423.04201783,30149147.06656513,2251.276,4.01954e14,0.8414,-1.84501e6,9.18654e5,-2.30464e-9
1490871210,32397155.65537446,30134243.06266987,2262.913,4.02600e14,1.0033,-1.85715e6,9.23955e5,-2.31793e-9
1490871240,32393833.937321562,30119301.213414766,2274.533,3.97905e14,0.1746,-1.85687e6,9.29258e5,-2.33123e-9
1490871270,32390457.906189132,30104321.658633832,2286.136,4.13338e14,3.6972,-1.90365e6,9.34564e5,-2.34453e-9
1490871300,32387027.580622904,30089304.538988866,2297.723,4.15623e14,4.2706,-1.91984e6,9.39872e5,-2.35784e-9
1490871330,32383542.97955664,30074249.995925434,2309.293,3.90119e14,2.1278,-1.87021e6,9.45182e5,-2.37115e-9
1490871360,32380004.12230048,30059158.171824697,2320.846,3.95311e14,0.8253,-1.89310e6,9.50494e5,-2.38447e-9
1490871390,32376411.028453764,30044029.209859144,2332.382,4.01457e14,0.7166,-1.91842e6,9.55808e5,-2.39780e-9
1490871420,32372763.717933934,30028863.254044153,2343.900,3.91146e14,1.8702,-1.90423e6,9.61124e5,-2.41113e-9
1490871450,32369062.210977066,30013660.449241508,2355.402,3.92546e14,1.5190,-1.91816e6,9.66443e5,-2.42446e-9
1490871480,32365306.528138313,29998420.94116295,2366.886,3.98335e14,0.0665,-1.94283e6,9.71764e5,-2.43781e-9
1490871510,32361496.69029252,29983144.876373846,2378.352,4.01355e14,0.6911,-1.96087e6,9.77086e5,-2.45115e-9
1490871540,32357632.718634628,29967832.402296647,2389.800,3.98689e14,0.0223,-1.96498e6,9.82411e5,-2.46450e-9
1490871570,32353714.634680297,29952483.667214535,2401.231,3.96101e14,0.6271,-1.96922e6,9.87739e5,-2.47786e-9
1490871600,32349742.46026646,29937098.82027503,2412.644,3.95892e14,0.6796,-1.97932e6,9.93068e5,-2.49122e-9
1490871630,32345716.217586912,29921678.011539087,2424.038,3.99338e14,0.1850,-1.99858e6,9.98399e5,-2.50459e-9
1490871660,32341635.929084968,29906221.39184458,2435.415,4.11814e14,3.3150,-2.04067e6,1.00373e6,-2.51796e-9
1490871690,32337501.617562413,29890729.112950377,2446.773,4.09637e14,2.7688,-2.04600e6,1.00907e6,-2.53134e-9
1490871720,32333313.306145396,29875201.327495057,2458.112,3.95969e14,0.6602,-2.02204e6,1.01441e6,-2.54472e-9
1490871750,32329071.018285338,29859638.18900089,2469.433,3.90507e14,2.0305,-2.01870e6,1.01974e6,-2.55811e-9
1490871780,32324774.777759954,29844039.851877924,2480.735,4.02501e14,0.9787,-2.06012e6,1.02509e6,-2.57150e-9
1490871810,32320424.60867426,29828406.47142815,2492.018,4.06659e14,2.0216,-2.08160e6,1.03043e6,-2.58490e-9
1490871840,32316020.535461586,29812738.203849558,2503.282,3.91904e14,1.6800,-2.05406e6,1.03577e6,-2.59830e-9
1490871870,32311562.582884572,29797035.206240293,2514.527,3.94903e14,0.9277,-2.07249e6,1.04112e6,-2.61171e-9
1490871900,32307050.7760362,29781297.636602756,2525.753,4.08895e14,2.5827,-2.11987e6,1.04647e6,-2.62512e-9
1490871930,32302485.14030887,29765525.653808787,2536.959,4.08745e14,2.5452,-2.13031e6,1.05182e6,-2.63854e-9
1490871960,32297865.70149406,29749719.417723767,2548.146,3.96945e14,0.4154,-2.10986e6,1.05718e6,-2.65196e-9
1490871990,32293192.48568445,29733879.089090552,2559.313,3.89326e14,2.3267,-2.10024e6,1.06253e6,-2.66539e-9
1490872020,32288465.519306637,29718004.829572055,2570.461,4.00309e14,0.4288,-2.14025e6,1.06789e6,-2.67882e-9
1490872050,32283684.82912201,29702096.801755194,2581.588,4.07922e14,2.3387,-2.17148e6,1.07325e6,-2.69226e-9
1490872080,32278850.442227516,29686155.169154536,2592.695,3.96316e14,0.5731,-2.15092e6,1.07861e6,-2.70570e-9
1490872110,32273962.38605649,29670180.096216135,2603.782,3.96222e14,0.5968,-2.16135e6,1.08397e6,-2.71914e-9
1490872140,32269020.688379418,29654171.74832131,2614.849,4.03381e14,1.1992,-2.19161e6,1.08933e6,-2.73259e-9
1490872170,32264025.377304778,29638130.291790415,2625.895,4.04339e14,1.4396,-2.20503e6,1.09470e6,-2.74605e-9
1490872200,32258976.481279857,29622055.893886607,2636.921,3.97828e14,0.1937,-2.19788e6,1.10007e6,-2.75951e-9
1490872230,32253874.029116638,29605948.72284799,2647.925,3.91484e14,1.7854,-2.19101e6,1.10544e6,-2.77297e-9
1490872260,32248718.04991549,29589808.947804235,2658.909,3.98081e14,0.1303,-2.22003e6,1.11081e6,-2.78643e-9
1490872290,32243508.573143505,29573636.73886764,2669.872,3.97463e14,0.2855,-2.22904e6,1.11618e6,-2.79991e-9
1490872320,32238245.628610495,29557432.267108988,2680.813,3.95976e14,0.6583,-2.23559e6,1.12155e6,-2.81338e-9
1490872350,32232929.246470097,29541195.704561666,2691.734,4.06464e14,1.9727,-2.27595e6,1.12693e6,-2.82686e-9
1490872380,32227559.457220905,29524927.22422568,2702.632,3.97629e14,0.2438,-2.26171e6,1.13231e6,-2.84034e-9
1490872410,32222136.291707654,29508627.000071805,2713.509,3.85954e14,3.1727,-2.23913e6,1.13769e6,-2.85383e-9
1490872440,32216659.781122323,29492295.207045685,2724.365,3.91749e14,1.7189,-2.26634e6,1.14307e6,-2.86732e-9
1490872470,32211129.957005337,29475932.021071963,2735.198,4.02605e14,1.0047,-2.30828e6,1.14845e6,-2.88081e-9
1490872500,32205546.851246715,29459537.619058404,2746.009,4.07156e14,2.1463,-2.33227e6,1.15383e6,-2.89431e-9
1490872530,32199910.496070974,29443112.178882357,2756.798,4.05436e14,1.7148,-2.33815e6,1.15922e6,-2.90781e-9
1490872560,32194220.924088616,29426655.879449286,2767.565,4.04152e14,1.3927,-2.34526e6,1.16460e6,-2.92132e-9
1490872590,32188478.16824679,29410168.900642507,2778.309,4.06983e14,2.1031,-2.36442e6,1.16999e6,-2.93483e-9
1490872620,32182682.261846773,29393651.423344817,2789.031,3.93222e14,1.3494,-2.33473e6,1.17538e6,-2.94834e-9
1490872650,32176833.23854496,29377103.62944239,2799.730,3.87510e14,2.7823,-2.32852e6,1.18077e6,-2.96186e-9
1490872680,32170931.132353984,29360525.70182881,2810.405,4.07974e14,2.3516,-2.40004e6,1.18616e6,-2.97537e-9
1490872710,32164975.97764384,29343917.82440908,2821.058,4.01982e14,0.8483,-2.39304e6,1.19156e6,-2.98890e-9
1490872740,32158967.809142906,29327280.18210355,2831.688,3.94347e14,1.0670,-2.38095e6,1.19695e6,-3.00242e-9
1490872770,32152906.66193906,29310612.960851904,2842.294,3.97842e14,0.1903,-2.40222e6,1.20235e6,-3.01595e-9
1490872800,32146792.571480777,29293916.34761716,2852.876,3.93671e14,1.2367,-2.40036e6,1.20774e6,-3.02948e-9
1490872830,32140625.573581733,29277190.530403327,2863.435,3.92146e14,1.6192,-2.40645e6,1.21314e6,-3.04301e-9
1490872860,32134405.704411224,29260435.698217195,2873.970,3.98505e14,0.0238,-2.43659e6,1.21854e6,-3.05655e-9
1490872890,32128133.000506055,29243652.0411144,2884.481,4.04603e14,1.5060,-2.46611e6,1.22394e6,-3.07009e-9
1490872920,32121807.498768322,29226839.75018996,2894.968,4.00136e14,0.3853,-2.46321e6,1.22934e6,-3.08363e-9
1490872950,32115429.236466497,29209999.01758232,2905.430,3.99471e14,0.2184,-2.47197e6,1.23474e6,-3.09717e-9
1490872980,32108998.251236744,29193130.036477346,2915.868,4.02047e14,0.8646,-2.49080e6,1.24014e6,-3.11072e-9
1490873010,32102514.581084143,29176233.001112532,2926.282,3.94594e14,1.0050,-2.47837e6,1.24555e6,-3.12426e-9
1490873040,32095978.26438395,29159308.106780883,2936.670,3.90935e14,1.9231,-2.47763e6,1.25095e6,-3.13782e-9
1490873070,32089389.339882914,29142355.549835097,2947.034,3.95297e14,0.8288,-2.50208e6,1.25636e6,-3.15137e-9
1490873100,32082747.846700575,29125375.52769153,2957.372,3.99125e14,0.1316,-2.52496e6,1.26176e6,-3.16492e-9
1490873130,32076053.824340515,29108368.238815654,2967.686,3.99626e14,0.2573,-2.53737e6,1.26717e6,-3.17848e-9
1490873160,32069307.312661115,29091333.882783387,2977.973,4.06871e14,2.0748,-2.57132e6,1.27258e6,-3.19203e-9
1490873190,32062508.351907652,29074272.660227742,2988.236,4.08410e14,2.4609,-2.58718e6,1.27799e6,-3.20559e-9
1490873220,32055656.98270378,29057184.772861205,2998.472,4.03789e14,1.3016,-2.58325e6,1.28339e6,-3.21915e-9
1490873250,32048753.246053047,29040070.423479635,3008.683,4.01495e14,0.7263,-2.58672e6,1.28880e6,-3.23272e-9
1490873280,32041797.183340356,29022929.815966107,3018.867,3.98926e14,0.0816,-2.58924e6,1.29421e6,-3.24628e-9
1490873310,32034788.836333532,29005763.15529475,3029.026,4.04870e14,1.5729,-2.61944e6,1.29962e6,-3.25984e-9
1490873340,32027728.24718477,28988570.64753462,3039.158,4.00523e14,0.4823,-2.61611e6,1.30503e6,-3.27341e-9
1490873370,32020615.458432194,28971352.49985352,3049.263,3.96982e14,0.4059,-2.61532e6,1.31044e6,-3.28698e-9
1490873400,32013450.513001367,28954108.92052185,3059.342,4.02534e14,0.9868,-2.64444e6,1.31586e6,-3.30054e-9
1490873430,32006233.454195056,28936840.118944447,3069.393,3.98688e14,0.0219,-2.64256e6,1.32127e6,-3.31411e-9
1490873460,31998964.325731125,28919546.305578206,3079.418,3.98403e14,0.0496,-2.65243e6,1.32668e6,-3.32768e-9
1490873490,31991643.171707556,28902227.69202235,3089.415,3.98967e14,0.0920,-2.66514e6,1.33209e6,-3.34125e-9
1490873520,31984270.03661567,28884884.490994584,3099.386,3.97103e14,0.3758,-2.66971e6,1.33750e6,-3.35481e-9
1490873550,31976844.965341665,28867516.91633505,3109.328,3.99513e14,0.2289,-2.68863e6,1.34291e6,-3.36838e-9
1490873580,31969368.003167935,28850125.183010448,3119.243,4.05842e14,1.8167,-2.72086e6,1.34833e6,-3.38195e-9
1490873610,31961839.195774656,28832709.507118,3129.130,4.10744e14,3.0464,-2.74843e6,1.35374e6,-3.39552e-9
1490873640,31954258.589241177,28815270.1058895,3138.988,3.97872e14,0.1826,-2.71553e6,1.35915e6,-3.40909e-9
1490873670,31946626.23004746,28797807.197695248,3148.819,3.95808e14,0.7006,-2.71928e6,1.36456e6,-3.42266e-9
1490873700,31938942.165075578,28780321.002048023,3158.621,4.06084e14,1.8774,-2.76537e6,1.36997e6,-3.43622e-9
1490873730,31931206.441608097,28762811.73957146,3168.395,4.01772e14,0.7957,-2.76141e6,1.37538e6,-3.44979e-9
1490873760,31923419.107339017,28745279.632113725,3178.139,3.94112e14,1.1262,-2.74574e6,1.38079e6,-3.46336e-9
1490873790,31915580.210365888,28727724.90264117,3187.855,3.93624e14,1.2485,-2.75480e6,1.38620e6,-3.47692e-9
1490873820,31907689.79919439,28710147.775277603,3197.542,3.91050e14,1.8943,-2.75657e6,1.39161e6,-3.49048e-9
1490873850,31899747.92273973,28692548.475307822,3207.199,3.95639e14,0.7429,-2.78336e6,1.39702e6,-3.50404e-9
1490873880,31891754.630328264,28674927.22918119,3216.827,3.98703e14,0.0257,-2.80491e6,1.40243e6,-3.51760e-9
1490873910,31883709.971699055,28657284.2645151,3226.426,3.89309e14,2.3310,-2.78255e6,1.40784e6,-3.53116e-9
1490873940,31875613.9970054,28639619.810098458,3235.994,3.97972e14,0.1576,-2.82395e6,1.41325e6,-3.54472e-9
1490873970,31867466.7568165,28621934.095895212,3245.533,4.05888e14,1.8283,-2.86291e6,1.41865e6,-3.55827e-9
1490874000,31859268.302119065,28604227.353047792,3255.041,4.01091e14,0.6248,-2.85669e6,1.42406e6,-3.57183e-9
1490874030,31851018.684343252,28586499.813916385,3264.519,3.96083e14,0.6315,-2.84957e6,1.42946e6,-3.58538e-9
1490874060,31842717.95528969,28568751.71197198,3273.966,3.98335e14,0.0666,-2.86844e6,1.43487e6,-3.59893e-9
1490874090,31834366.167205915,28550983.281910677,3283.383,4.05964e14,1.8474,-2.90680e6,1.44027e6,-3.61247e-9
1490874120,31825963.37276411,28533194.759621494,3292.769,4.00483e14,0.4722,-2.89782e6,1.44567e6,-3.62601e-9
1490874150,31817509.625063166,28515386.382190123,3302.123,4.01112e14,0.6302,-2.91094e6,1.45107e6,-3.63955e-9
1490874180,31809004.977630466,28497558.387902595,3311.447,3.97239e14,0.3416,-2.90762e6,1.45647e6,-3.65309e-9
1490874210,31800449.484424077,28479711.016249053,3320.738,3.88917e14,2.4295,-2.88788e6,1.46187e6,-3.66662e-9
1490874240,31791843.19983454,28461844.507927373,3329.999,3.92891e14,1.4323,-2.91316e6,1.46726e6,-3.68015e-9
1490874270,31783186.178687017,28443959.104846824,3339.227,3.94789e14,0.9563,-2.93088e6,1.47266e6,-3.69367e-9
1490874300,31774478.476243123,28426055.05013169,3348.423,3.99355e14,0.1893,-2.95854e6,1.47805e6,-3.70719e-9
1490874330,31765720.148166213,28408132.588100363,3357.588,4.05015e14,1.6093,-2.99039e6,1.48344e6,-3.72071e-9
1490874360,31756911.250636782,28390191.964344487,3366.719,4.06535e14,1.9905,-3.00692e6,1.48883e6,-3.73422e-9
1490874390,31748051.840240836,28372233.42565662,3375.818,3.98930e14,0.0828,-2.98930e6,1.49422e6,-3.74773e-9
1490874420,31739141.97400829,28354257.220058,3384.885,3.98159e14,0.1107,-2.99717e6,1.49960e6,-3.76123e-9
1490874450,31730181.7094147,28336263.59680188,3393.918,4.01838e14,0.8123,-3.02182e6,1.50499e6,-3.77473e-9
1490874480,31721171.10438296,28318252.806376588,3402.918,4.01505e14,0.7286,-3.03136e6,1.51037e6,-3.78823e-9
1490874510,31712110.21728496,28300225.100508787,3411.885,3.95756e14,0.7135,-3.02030e6,1.51575e6,-3.80171e-9
1490874540,31702999.106943373,28282180.732166518,3420.818,3.90500e14,2.0322,-3.01096e6,1.52113e6,-3.81520e-9
1490874570,31693837.832633317,28264119.95556224,3429.718,3.86477e14,3.0414,-3.00620e6,1.52650e6,-3.82867e-9
1490874600,31684626.454084113,28246043.026155837,3438.583,3.92850e14,1.4427,-3.04126e6,1.53187e6,-3.84214e-9
1490874630,31675365.03151736,28227950.200661987,3447.415,4.03716e14,1.2834,-3.09382e6,1.53725e6,-3.85561e-9
1490874660,31666053.625536904,28209841.737039596,3456.212,4.03132e14,1.1368,-3.10235e6,1.54261e6,-3.86906e-9
1490874690,31656692.297242656,28191717.894508302,3464.974,4.00838e14,0.5614,-3.10424e6,1.54798e6,-3.88251e-9
1490874720,31647281.108196452,28173578.933546882,3473.702,4.01648e14,0.7646,-3.11814e6,1.55334e6,-3.89596e-9
1490874750,31637820.12042428,28155425.115896225,3482.395,3.99579e14,0.2455,-3.12081e6,1.55870e6,-3.90939e-9
1490874780,31628309.396418355,28137256.70456206,3491.053,4.07268e14,2.1745,-3.16170e6,1.56406e6,-3.92282e-9
1490874810,31618748.99913944,28119073.96381793,3499.675,3.99798e14,0.3004,-3.14311e6,1.56941e6,-3.93624e-9
1490874840,31609138.992018923,28100877.15920781,3508.262,3.87114e14,2.8817,-3.10373e6,1.57476e6,-3.94966e-9
1490874870,31599479.438961226,28082666.557548936,3516.813,3.99065e14,0.1166,-3.16163e6,1.58011e6,-3.96306e-9
1490874900,31589770.404345863,28064442.426934544,3525.328,4.01292e14,0.6754,-3.18117e6,1.58545e6,-3.97646e-9
1490874930,31580011.953003496,28046205.03675082,3533.807,3.99888e14,0.3231,-3.18628e6,1.59079e6,-3.98985e-9
1490874960,31570204.150299262,28027954.65763557,3542.249,3.99493e14,0.2240,-3.19539e6,1.59613e6,-4.00323e-9
1490874990,31560347.062053826,28009691.56152494,3550.656,4.04804e14,1.5562,-3.22739e6,1.60146e6,-4.01660e-9
1490875020,31550440.754571695,27991416.02164182,3559.025,4.03179e14,1.1487,-3.23158e6,1.60679e6,-4.02996e-9
1490875050,31540485.294643335,27973128.312498584,3567.357,3.95986e14,0.6558,-3.21321e6,1.61211e6,-4.04331e-9
1490875080,31530480.749547135,27954828.7098996,3575.652,3.98542e14,0.0148,-3.23418e6,1.61743e6,-4.05665e-9
1490875110,31520427.18705166,27936517.490943875,3583.910,3.94992e14,0.9052,-3.23036e6,1.62275e6,-4.06998e-9
1490875140,31510324.67541757,27918194.93402757,3592.130,4.02310e14,0.9306,-3.27082e6,1.62806e6,-4.08330e-9
1490875170,31500173.283399764,27899861.318846416,3600.312,4.04497e14,1.4794,-3.29044e6,1.63337e6,-4.09661e-9
1490875200,31489973.080249492,27881516.926398184,3608.456,3.92347e14,1.5689,-3.25119e6,1.63868e6,-4.10991e-9
1490875230,31479724.13572673,27863162.038961288,3616.562,3.88587e14,2.5120,-3.24620e6,1.64398e6,-4.12320e-9
1490875260,31469426.52007073,27844796.94017007,3624.630,3.97929e14,0.1685,-3.29530e6,1.64927e6,-4.13648e-9
1490875290,31459080.30403371,27826421.914943874,3632.658,4.03362e14,1.1945,-3.32841e6,1.65456e6,-4.14974e-9
1490875320,31448685.558872957,27808037.249512695,3640.648,4.02805e14,1.0549,-3.33673e6,1.65985e6,-4.16300e-9
1490875350,31438242.35635305,27789643.23141905,3648.599,4.03637e14,1.2636,-3.35081e6,1.66513e6,-4.17623e-9
1490875380,31427750.768748175,27771240.149519876,3656.511,3.91764e14,1.7152,-3.31168e6,1.67041e6,-4.18946e-9
1490875410,31417210.86884449,27752828.293988276,3664.383,3.86495e14,3.0371,-3.29999e6,1.67568e6,-4.20268e-9
1490875440,31406622.729942422,27734407.95631528,3672.215,3.90052e14,2.1446,-3.32535e6,1.68094e6,-4.21588e-9
1490875470,31395986.42585906,27715979.429311484,3680.007,4.03869e14,1.3218,-3.39419e6,1.68620e6,-4.22906e-9
1490875500,31385302.030930568,27697543.0071087,3687.759,4.08015e14,2.3618,-3.42235e6,1.69146e6,-4.24224e-9
1490875530,31374569.620022833,27679098.985187992,3695.471,3.96713e14,0.4735,-3.38487e6,1.69670e6,-4.25540e-9
1490875560,31363789.268508494,27660647.66029937,3703.142,3.96075e14,0.6335,-3.39261e6,1.70195e6,-4.26854e-9
1490875590,31352961.05229497,27642189.330545343,3710.772,3.97607e14,0.2494,-3.40960e6,1.70718e6,-4.28167e-9
1490875620,31342085.04781873,27623724.295355897,3718.361,3.99383e14,0.1964,-3.42768e6,1.71241e6,-4.29478e-9
1490875650,31331161.332047846,27605252.855490044,3725.908,3.98927e14,0.0820,-3.43617e6,1.71764e6,-4.30788e-9
1490875680,31320189.98248453,27586775.3130372,3733.415,3.93046e14,1.3935,-3.42119e6,1.72286e6,-4.32097e-9
1490875710,31309171.077167775,27568291.97141868,3740.879,3.92159e14,1.6160,-3.42770e6,1.72807e6,-4.33403e-9
1490875740,31298104.694675863,27549803.135388914,3748.302,4.04016e14,1.3587,-3.48957e6,1.73327e6,-4.34708e-9
1490875770,31286990.914128978,27531309.11103671,3755.682,4.09688e14,2.7816,-3.52476e6,1.73847e6,-4.36012e-9
1490875800,31275829.815191794,27512810.205786414,3763.020,3.98138e14,0.1161,-3.48477e6,1.74366e6,-4.37313e-9
1490875830,31264621.478054427,27494306.72837085,3770.315,3.95170e14,0.8607,-3.48211e6,1.74885e6,-4.38613e-9
1490875860,31253365.983501766,27475798.98891909,3777.567,3.96700e14,0.4767,-3.49915e6,1.75402e6,-4.39911e-9
1490875890,31242063.412849035,27457287.298870217,3784.776,3.99380e14,0.1955,-3.52129e6,1.75919e6,-4.41207e-9
1490875920,31230713.847965956,27438771.97100213,3791.942,4.03181e14,1.1491,-3.54844e6,1.76436e6,-4.42502e-9
1490875950,31219317.371279147,27420253.319432095,3799.064,3.99068e14,0.1174,-3.54055e6,1.76951e6,-4.43794e-9
1490875980,31207874.06577455,27401731.659617092,3806.142,3.98288e14,0.0784,-3.54738e6,1.77466e6,-4.45085e-9
1490876010,31196384.014999952,27383207.30835429,3813.177,4.02767e14,1.0453,-3.57764e6,1.77980e6,-4.46373e-9
1490876040,31184847.30306738,27364680.583781235,3820.167,3.95054e14,0.8896,-3.55343e6,1.78493e6,-4.47660e-9
1490876070,31173264.01465562,27346151.805376034,3827.112,3.97652e14,0.2379,-3.57529e6,1.79005e6,-4.48945e-9
1490876100,31161634.235012725,27327621.293957546,3834.013,4.03203e14,1.1546,-3.61050e6,1.79517e6,-4.50227e-9
1490876130,31149958.049983438,27309089.371711567,3840.869,3.94858e14,0.9390,-3.58309e6,1.80027e6,-4.51507e-9
1490876160,31138235.545934968,27290556.362109914,3847.679,3.94579e14,1.0089,-3.59197e6,1.80537e6,-4.52785e-9
1490876190,31126466.80983663,27272022.589991618,3854.444,3.91131e14,1.8739,-3.58644e6,1.81046e6,-4.54061e-9
1490876220,31114651.929237686,27253488.381536596,3861.164,3.94786e14,0.9570,-3.61314e6,1.81554e6,-4.55335e-9
1490876250,31102790.992270164,27234954.064265605,3867.837,3.99729e14,0.2831,-3.64580e6,1.82061e6,-4.56607e-9
1490876280,31090884.08765173,27216419.967040025,3874.464,3.94136e14,1.1199,-3.63033e6,1.82567e6,-4.57876e-9
1490876310,31078931.304688536,27197886.420061763,3881.045,3.92819e14,1.4504,-3.63433e6,1.83073e6,-4.59142e-9
1490876340,31066932.733278085,27179353.75487278,3887.579,3.94073e14,1.1358,-3.65011e6,1.83577e6,-4.60407e-9
1490876370,31054888.463912163,27160822.304354817,3894.066,3.96855e14,0.4378,-3.67296e6,1.84080e6,-4.61669e-9
1490876400,31042798.58767972,27142292.40272871,3900.506,3.98451e14,0.0376,-3.69037e6,1.84583e6,-4.62928e-9
1490876430,31030663.196248416,27123764.38553658,3906.899,4.00250e14,0.4138,-3.70874e6,1.85084e6,-4.64185e-9
1490876460,31018482.381933574,27105238.589694653,3913.244,4.03842e14,1.3149,-3.73548e6,1.85584e6,-4.65439e-9
1490876490,31006256.237634834,27086715.353438474,3919.541,4.02424e14,0.9591,-3.73891e6,1.86083e6,-4.66691e-9
1490876520,30993984.856860377,27068195.01633934,3925.790,3.98286e14,0.0790,-3.72955e6,1.86582e6,-4.67940e-9
1490876550,30981668.333729785,27049677.919303093,3931.990,3.95466e14,0.7864,-3.72626e6,1.87079e6,-4.69187e-9
1490876580,30969306.762976747,27031164.404568814,3938.142,3.96167e14,0.6105,-3.73943e6,1.87575e6,-4.70430e-9
1490876610,30956900.239951953,27012654.81570744,3944.245,3.97934e14,0.1672,-3.75763e6,1.88069e6,-4.71671e-9
1490876640,30944448.860625934,26994149.49762021,3950.299,4.02670e14,1.0209,-3.78989e6,1.88563e6,-4.72909e-9
1490876670,30931952.721591793,26975648.796537008,3956.304,4.04860e14,1.5703,-3.81018e6,1.89056e6,-4.74144e-9
1490876700,30919411.920068234,26957153.0600146,3962.259,3.99094e14,0.1239,-3.79267e6,1.89547e6,-4.75376e-9
1490876730,30906826.55392003,26938662.63694092,3968.164,3.98916e14,0.0791,-3.80163e6,1.90037e6,-4.76606e-9
1490876760,30894196.72160627,26920177.877514012,3974.019,3.98365e14,0.0591,-3.80878e6,1.90527e6,-4.77832e-9
1490876790,30881522.5222382,26901699.13325923,3979.823,3.97667e14,0.2343,-3.81519e6,1.91014e6,-4.79055e-9
1490876820,30868804.055564553,26883226.757020798,3985.577,3.93651e14,1.2418,-3.80561e6,1.91501e6,-4.80275e-9
1490876850,30856041.421974562,26864761.102959443,3991.280,3.90675e14,1.9883,-3.80093e6,1.91986e6,-4.81492e-9
1490876880,30843234.72250112,26846302.526550032,3996.932,3.92878e14,1.4356,-3.82115e6,1.92470e6,-4.82706e-9
1490876910,30830384.0588239,26827851.384578984,4002.533,3.98652e14,0.0128,-3.85867e6,1.92953e6,-4.83916e-9
1490876940,30817489.533272486,26809408.035141677,4008.081,3.99999e14,0.3509,-3.87483e6,1.93434e6,-4.85123e-9
1490876970,30804551.24882951,26790972.837639567,4013.578,4.03324e14,1.1851,-3.90062e6,1.93915e6,-4.86327e-9
1490877000,30791569.309133798,26772546.152777355,4019.023,4.07053e14,2.1207,-3.92843e6,1.94393e6,-4.87527e-9
1490877030,30778543.818469614,26754128.34255992,4024.415,3.96895e14,0.4278,-3.88843e6,1.94871e6,-4.88724e-9
1490877060,30765474.88181289,26735719.77028926,4029.755,3.94889e14,0.9311,-3.88810e6,1.95347e6,-4.89918e-9
1490877090,30752362.604791127,26717320.80056086,4035.042,3.95925e14,0.6713,-3.90263e6,1.95821e6,-4.91108e-9
1490877120,30739207.093700524,26698931.79926041,4040.275,3.94585e14,1.0075,-3.90546e6,1.96294e6,-4.92294e-9
1490877150,30726008.455509007,26680553.13356033,4045.455,3.96393e14,0.5539,-3.92376e6,1.96766e6,-4.93476e-9
1490877180,30712766.797859356,26662185.171915945,4050.582,4.01087e14,0.6239,-3.95636e6,1.97236e6,-4.94655e-9
1490877210,30699482.229072332,26643828.28406184,4055.654,4.00146e14,0.3879,-3.96109e6,1.97705e6,-4.95830e-9
1490877240,30686154.858149733,26625482.8410078,4060.672,3.98719e14,0.0297,-3.96336e6,1.98172e6,-4.97002e-9
1490877270,30672784.794777557,26607149.215034775,4065.636,3.98627e14,0.0066,-3.97221e6,1.98637e6,-4.98169e-9
1490877300,30659372.149329122,26588827.77969063,4070.544,4.00152e14,0.3893,-3.98910e6,1.99101e6,-4.99333e-9
1490877330,30645917.032872476,26570518.90978583,4075.398,4.03469e14,1.2215,-4.01497e6,1.99564e6,-5.00492e-9
1490877360,30632419.557160467,26552222.981388777,4080.197,4.02182e14,0.8985,-4.01778e6,2.00024e6,-5.01648e-9
1490877390,30618879.83464712,26533940.37182154,4084.939,4.03775e14,1.2981,-4.03501e6,2.00484e6,-5.02799e-9
1490877420,30605297.9784866,26515671.459654924,4089.627,3.99410e14,0.2031,-4.02222e6,2.00941e6,-5.03946e-9
1490877450,30591674.102536503,26497416.624703474,4094.257,3.95510e14,0.7753,-4.01165e6,2.01397e6,-5.05090e-9
1490877480,30578008.321361106,26479176.248020492,4098.832,3.99383e14,0.1963,-4.04030e6,2.01851e6,-5.06228e-9
1490877510,30564300.750234738,26460950.711892687,4103.350,3.96366e14,0.5607,-4.03405e6,2.02303e6,-5.07363e-9
1490877540,30550551.50514509,26442740.399834786,4107.811,3.97144e14,0.3653,-4.04699e6,2.02754e6,-5.08493e-9
1490877570,30536760.70279657,26424545.696584042,4112.215,3.98266e14,0.0840,-4.06167e6,2.03203e6,-5.09619e-9
1490877600,30522928.460613683,26406366.988094408,4116.561,3.99822e14,0.3066,-4.07855e6,2.03650e6,-5.10740e-9
1490877630,30509054.896758046,26388204.661528252,4120.850,4.08083e14,2.3789,-4.12975e6,2.04095e6,-5.11857e-9
1490877660,30495140.130090002,26370059.105258137,4125.081,4.02472e14,0.9713,-4.10994e6,2.04539e6,-5.12969e-9
1490877690,30481184.280213907,26351930.708852496,4129.254,3.93211e14,1.3521,-4.07121e6,2.04980e6,-5.14076e-9
1490877720,30467187.46746817,26333819.863071963,4133.368,3.91669e14,1.7390,-4.07199e6,2.05420e6,-5.15179e-9
1490877750,30453149.812928803,26315726.959862772,4137.423,3.91003e14,1.9059,-4.07724e6,2.05858e6,-5.16276e-9
1490877780,30439071.438413013,26297652.392350066,4141.419,4.00822e14,0.5572,-4.13667e6,2.06294e6,-5.17369e-9
1490877810,30424952.46648281,26279596.554831073,4145.356,4.04418e14,1.4596,-4.16401e6,2.06728e6,-5.18458e-9
1490877840,30410793.02044857,26261559.84276795,4149.233,3.97710e14,0.2233,-4.13786e6,2.07160e6,-5.19541e-9
1490877870,30396593.2243726,26243542.652780734,4153.051,3.99000e14,0.1003,-4.15317e6,2.07589e6,-5.20619e-9
1490877900,30382353.20307274,26225545.3826398,4156.808,3.97120e14,0.3714,-4.15192e6,2.08017e6,-5.21692e-9
1490877930,30368073.0820932,26207568.431265175,4160.505,3.95153e14,0.8648,-4.15013e6,2.08443e6,-5.22760e-9
1490877960,30353752.987809084,26189612.19869804,4164.141,3.98957e14,0.0893,-4.17849e6,2.08867e6,-5.23822e-9
1490877990,30339393.047328744,26171677.086113755,4167.716,4.00941e14,0.5871,-4.19734e6,2.09288e6,-5.24880e-9
1490878020,30324993.388529934,26153763.495807074,4171.230,3.97440e14,0.2911,-4.18734e6,2.09708e6,-5.25932e-9
1490878050,30310554.140063033,26135871.831183936,4174.682,3.97043e14,0.3906,-4.19358e6,2.10125e6,-5.26978e-9
1490878080,30296075.43135446,26118002.496753175,4178.073,4.00205e14,0.4027,-4.21856e6,2.10540e6,-5.28019e-9
1490878110,30281557.392609973,26100155.898117904,4181.401,4.01478e14,0.7219,-4.23357e6,2.10953e6,-5.29055e-9
1490878140,30267000.154818077,26082332.44196684,4184.668,4.03808e14,1.3065,-4.25416e6,2.11364e6,-5.30085e-9
1490878170,30252403.849753387,26064532.53606535,4187.871,4.02138e14,0.8875,-4.25351e6,2.11772e6,-5.31109e-9
1490878200,30237768.609980054,26046756.589246348,4191.012,3.98170e14,0.1081,-4.24055e6,2.12178e6,-5.32127e-9
1490878230,30223094.568900056,26029005.011386923,4194.090,3.98622e14,0.0055,-4.25103e6,2.12582e6,-5.33140e-9
1490878260,30208381.86061844,26011278.213442355,4197.104,3.98338e14,0.0659,-4.25754e6,2.12983e6,-5.34147e-9
1490878290,30193630.62008539,25993576.607392736,4200.054,3.97086e14,0.3799,-4.25882e6,2.13382e6,-5.35147e-9
1490878320,30178840.983055227,25975900.60624717,4202.940,3.98764e14,0.0411,-4.27573e6,2.13779e6,-5.36142e-9
1490878350,30164013.086090345,25958250.62403357,4205.762,3.99853e14,0.3143,-4.28947e6,2.14173e6,-5.37131e-9
1490878380,30149147.06656513,25940627.07578829,4208.520,3.97963e14,0.1599,-4.28714e6,2.14565e6,-5.38114e-9
1490878410,30134243.06266987,25923030.3775456,4211.213,3.97685e14,0.2296,-4.29342e6,2.14954e6,-5.39090e-9
1490878440,30119301.213414766,25905460.946326904,4213.840,3.99603e14,0.2514,-4.31150e6,2.15341e6,-5.40060e-9
1490878470,30104321.658633832,25887919.200129803,4216.402,3.95932e14,0.6695,-4.29933e6,2.15725e6,-5.41023e-9
1490878500,30089304.538988866,25870405.55791705,4218.899,3.93763e14,1.2136,-4.29519e6,2.16107e6,-5.41981e-9
1490878530,30074249.995925434,25852920.43962991,4221.330,3.96659e14,0.4872,-4.31844e6,2.16486e6,-5.42931e-9
1490878560,30059158.171824697,25835464.2661004,4223.694,3.96055e14,0.6386,-4.32266e6,2.16862e6,-5.43875e-9
1490878590,30044029.209859144,25818037.459116027,4225.992,3.97673e14,0.2327,-4.33893e6,2.17236e6,-5.44813e-9
1490878620,30028863.254044153,25800640.44138344,4228.223,4.01096e14,0.6261,-4.36502e6,2.17607e6,-5.45743e-9
1490878650,30013660.449241508,25783273.636516448,4230.387,4.02052e14,0.8660,-4.37764e6,2.17975e6,-5.46667e-9
1490878680,29998420.94116295,25765937.469024,4232.483,4.01682e14,0.7731,-4.38295e6,2.18340e6,-5.47584e-9
1490878710,29983144.876373846,25748632.364297826,4234.513,3.97074e14,0.3829,-4.36496e6,2.18703e6,-5.48494e-9
1490878740,29967832.402296647,25731358.74859991,4236.474,3.98093e14,0.1274,-4.37774e6,2.19063e6,-5.49397e-9
1490878770,29952483.667214535,25714117.0490499,4238.367,4.01244e14,0.6633,-4.40222e6,2.19420e6,-5.50293e-9
1490878800,29937098.82027503,25696907.693611953,4240.191,3.99532e14,0.2338,-4.39989e6,2.19774e6,-5.51182e-9
1490878830,29921678.011539087,25679731.111049037,4241.947,3.99954e14,0.3396,-4.40926e6,2.20126e6,-5.52063e-9
1490878860,29906221.39184458,25662587.7310103,4243.634,4.00398e14,0.4510,-4.41869e6,2.20474e6,-5.52937e-9
1490878890,29890729.112950377,25645477.983916353,4245.251,3.99548e14,0.2377,-4.42091e6,2.20820e6,-5.53804e-9
1490878920,29875201.327495057,25628402.300977934,4246.799,4.00029e14,0.3585,-4.43044e6,2.21162e6,-5.54663e-9
1490878950,29859638.18900089,25611361.11418154,4248.277,4.01863e14,0.8185,-4.44742e6,2.21502e6,-5.55515e-9
1490878980,29844039.851877924,25594354.856274974,4249.685,3.97146e14,0.3650,-4.42793e6,2.21838e6,-5.56359e-9
1490879010,29828406.47142815,25577383.960752543,4251.023,3.91789e14,1.7087,-4.40474e6,2.22171e6,-5.57195e-9
1490879040,29812738.203849558,25560448.861840073,4252.289,3.94752e14,0.9656,-4.42782e6,2.22501e6,-5.58023e-9
1490879070,29797035.206240293,25543549.994479805,4253.485,3.99193e14,0.1487,-4.45915e6,2.22828e6,-5.58844e-9
1490879100,29781297.636602756,25526687.79431493,4254.610,3.98121e14,0.1202,-4.45964e6,2.23152e6,-5.59657e-9
1490879130,29765525.653808787,25509862.69770563,4255.663,3.95868e14,0.6855,-4.45342e6,2.23473e6,-5.60461e-9
1490879160,29749719.417723767,25493075.141615793,4256.644,3.96656e14,0.4879,-4.46416e6,2.23790e6,-5.61258e-9
1490879190,29733879.089090552,25476325.56369486,4257.554,3.97180e14,0.3563,-4.47338e6,2.24104e6,-5.62046e-9
1490879220,29718004.829572055,25459614.40223012,4258.390,3.97935e14,0.1670,-4.48383e6,2.24415e6,-5.62826e-9
1490879250,29702096.801755194,25442942.096130595,4259.155,4.00117e14,0.3805,-4.50228e6,2.24723e6,-5.63597e-9
1490879280,29686155.169154536,25426309.0849106,4259.846,3.97760e14,0.2108,-4.49507e6,2.25027e6,-5.64361e-9
1490879310,29670180.096216135,25409715.808673173,4260.464,3.96891e14,0.4288,-4.49617e6,2.25328e6,-5.65115e-9
1490879340,29654171.74832131,25393162.708093252,4261.009,3.97256e14,0.3374,-4.50416e6,2.25625e6,-5.65861e-9
1490879370,29638130.291790415,25376650.2244006,4261.480,3.95263e14,0.8372,-4.49874e6,2.25919e6,-5.66598e-9
1490879400,29622055.893886607,25360178.79936262,4261.877,4.01556e14,0.7416,-4.54023e6,2.26209e6,-5.67327e-9
1490879430,29605948.72284799,25343748.875246353,4262.200,4.01756e14,0.7915,-4.54711e6,2.26496e6,-5.68047e-9
1490879460,29589808.947804235,25327360.89486394,4262.448,3.94811e14,0.9506,-4.51331e6,2.26779e6,-5.68757e-9
1490879490,29573636.73886764,25311015.301491205,4262.621,3.97957e14,0.1615,-4.53678e6,2.27058e6,-5.69459e-9
1490879520,29557432.267108988,25294712.53886988,4262.720,4.04115e14,1.3836,-4.57741e6,2.27334e6,-5.70152e-9
1490879550,29541195.704561666,25278453.051188994,4262.743,3.98246e14,0.0889,-4.54939e6,2.27606e6,-5.70835e-9
1490879580,29524927.22422568,25262237.2830662,4262.690,3.96045e14,0.6412,-4.54218e6,2.27875e6,-5.71509e-9
1490879610,29508627.000071805,25246065.6795286,4262.561,3.99715e14,0.2797,-4.56846e6,2.28140e6,-5.72174e-9
1490879640,29492295.207045685,25229938.685993597,4262.357,4.01612e14,0.7555,-4.58456e6,2.28401e6,-5.72829e-9
1490879670,29475932.021071963,25213856.748249345,4262.075,4.01515e14,0.7311,-4.58917e6,2.28658e6,-5.73475e-9
1490879700,29459537.619058404,25197820.31243507,4261.717,3.95411e14,0.8001,-4.55921e6,2.28911e6,-5.74111e-9
1490879730,29443112.178882357,25181829.825029615,4261.282,3.93108e14,1.3780,-4.55095e6,2.29161e6,-5.74737e-9
1490879760,29426655.879449286,25165885.732804935,4260.770,3.95980e14,0.6574,-4.57235e6,2.29406e6,-5.75354e-9
1490879790,29410168.900642507,25149988.482832313,4260.180,3.96105e14,0.6260,-4.57789e6,2.29648e6,-5.75960e-9
1490879820,29393651.423344817,25134138.52245314,4259.513,3.98586e14,0.0036,-4.59693e6,2.29886e6,-5.76557e-9
1490879850,29377103.62944239,25118336.299258187,4258.767,3.98664e14,0.0159,-4.60206e6,2.30119e6,-5.77144e-9
1490879880,29360525.70182881,25102582.261066556,4257.943,3.97290e14,0.3288,-4.59871e6,2.30349e6,-5.77720e-9
1490879910,29343917.82440908,25086876.85590454,4257.041,3.99503e14,0.2264,-4.61602e6,2.30574e6,-5.78287e-9
1490879940,29327280.18210355,25071220.531984083,4256.060,3.98472e14,0.0322,-4.61448e6,2.30796e6,-5.78843e-9
1490879970,29310612.960851904,25055613.73768119,4254.999,4.00197e14,0.4005,-4.62882e6,2.31013e6,-5.79388e-9
1490880000,29293916.34761716,25040056.921514038,4253.859,3.97261e14,0.3360,-4.61607e6,2.31226e6,-5.79923e-9
1490880030,29277190.530403327,25024550.53211786,4252.640,3.94973e14,0.9099,-4.60696e6,2.31435e6,-5.80447e-9
1490880060,29260435.698217195,25009095.018231872,4251.341,3.94105e14,1.1277,-4.60599e6,2.31639e6,-5.80961e-9
1490880090,29243652.0411144,24993690.82866734,4249.961,3.95485e14,0.7816,-4.61800e6,2.31839e6,-5.81464e-9
1490880120,29226839.75018996,24978338.412287857,4248.501,3.99393e14,0.1987,-4.64464e6,2.32035e6,-5.81956e-9
1490880150,29209999.01758232,24963038.217986345,4246.961,3.99402e14,0.2012,-4.64854e6,2.32227e6,-5.82437e-9
1490880180,29193130.036477346,24947790.694661766,4245.339,4.00055e14,0.3649,-4.65609e6,2.32414e6,-5.82908e-9
1490880210,29176233.001112532,24932596.2911958,4243.637,4.04103e14,1.3805,-4.68337e6,2.32597e6,-5.83366e-9
1490880240,29159308.106780883,24917455.45642909,4241.853,4.02919e14,1.0835,-4.68005e6,2.32775e6,-5.83814e-9
1490880270,29142355.549835097,24902368.639137417,4239.987,3.92705e14,1.4791,-4.62386e6,2.32948e6,-5.84251e-9
1490880300,29125375.52769153,24887336.28800763,4238.039,3.88684e14,2.4878,-4.60372e6,2.33117e6,-5.84676e-9
1490880330,29108368.238815654,24872358.851618096,4236.009,3.93773e14,1.2110,-4.63674e6,2.33282e6,-5.85089e-9
1490880360,29091333.882783387,24857436.778399564,4233.897,3.97047e14,0.3897,-4.65909e6,2.33442e6,-5.85491e-9
1490880390,29074272.660227742,24842570.51662518,4231.702,3.95998e14,0.6530,-4.65605e6,2.33597e6,-5.85881e-9
1490880420,29057184.772861205,24827760.514380895,4229.424,3.94934e14,0.9198,-4.65281e6,2.33747e6,-5.86260e-9
1490880450,29040070.423479635,24813007.219540305,4227.063,3.93964e14,1.1632,-4.65003e6,2.33893e6,-5.86626e-9
1490880480,29022929.815966107,24798311.079739403,4224.619,3.95136e14,0.8691,-4.65972e6,2.34034e6,-5.86981e-9
1490880510,29005763.15529475,24783672.542351164,4222.091,3.95386e14,0.8065,-4.66390e6,2.34170e6,-5.87324e-9
1490880540,28988570.64753462,24769092.05445967,4219.479,3.99449e14,0.2128,-4.69040e6,2.34302e6,-5.87654e-9
1490880570,28971352.49985352,24754570.062834356,4216.782,4.05095e14,1.6292,-4.72613e6,2.34428e6,-5.87973e-9
1490880600,28954108.92052185,24740107.01390386,4214.002,3.99197e14,0.1497,-4.69389e6,2.34550e6,-5.88278e-9
1490880630,28936840.118944447,24725703.353720542,4211.137,3.92644e14,1.4943,-4.65766e6,2.34666e6,-5.88572e-9
1490880660,28919546.305578206,24711359.52796226,4208.187,3.95337e14,0.8188,-4.67573e6,2.34778e6,-5.88853e-9
1490880690,28902227.69202235,24697075.981877264,4205.152,3.97630e14,0.2435,-4.69137e6,2.34885e6,-5.89121e-9
1490880720,28884884.490994584,24682853.160266407,4202.031,4.00173e14,0.3944,-4.70839e6,2.34986e6,-5.89377e-9
1490880750,28867516.91633505,24668691.507456064,4198.825,4.00772e14,0.5449,-4.71386e6,2.35082e6,-5.89620e-9
1490880780,28850125.183010448,24654591.46727067,4195.534,3.95127e14,0.8714,-4.68239e6,2.35174e6,-5.89850e-9
1490880810,28832709.507118,24640553.483005267,4192.156,3.88422e14,2.5534,-4.64455e6,2.35260e6,-5.90067e-9
1490880840,28815270.1058895,24626577.997397777,4188.692,3.95900e14,0.6774,-4.69029e6,2.35341e6,-5.90271e-9
1490880870,28797807.197695248,24612665.452601105,4185.142,4.00108e14,0.3783,-4.71665e6,2.35416e6,-5.90462e-9
1490880900,28780321.002048023,24598816.290155068,4181.505,3.93350e14,1.3171,-4.67815e6,2.35486e6,-5.90640e-9
1490880930,28762811.73957146,24585030.950973846,4177.781,3.96633e14,0.4935,-4.69884e6,2.35551e6,-5.90804e-9
1490880960,28745279.632113725,24571309.87526914,4173.970,4.01765e14,0.7939,-4.73036e6,2.35611e6,-5.90955e-9
1490880990,28727724.90264117,24557653.50257025,4170.071,4.00397e14,0.4507,-4.72337e6,2.35665e6,-5.91092e-9
1490881020,28710147.775277603,24544062.271679714,4166.086,3.96182e14,0.6068,-4.69943e6,2.35714e6,-5.91216e-9
1490881050,28692548.475307822,24530536.620644495,4162.012,3.94909e14,0.9261,-4.69278e6,2.35758e6,-5.91326e-9
1490881080,28674927.22918119,24517076.986726966,4157.850,4.01313e14,0.6806,-4.73141e6,2.35795e6,-5.91422e-9
1490881110,28657284.2645151,24503683.806375857,4153.600,4.03880e14,1.3244,-4.74724e6,2.35828e6,-5.91505e-9
1490881140,28639619.810098458,24490357.51519695,4149.262,3.94456e14,1.0398,-4.69204e6,2.35854e6,-5.91573e-9
1490881170,28621934.095895212,24477098.54792355,4144.836,3.91477e14,1.7871,-4.67484e6,2.35875e6,-5.91628e-9
1490881200,28604227.353047792,24463907.33838696,4140.320,3.99778e14,0.2953,-4.72426e6,2.35891e6,-5.91668e-9
1490881230,28586499.813916385,24450784.319467068,4135.715,4.03164e14,1.1449,-4.74450e6,2.35901e6,-5.91694e-9
1490881260,28568751.71197198,24437729.923122935,4131.022,3.99181e14,0.1456,-4.72102e6,2.35905e6,-5.91705e-9
1490881290,28550983.281910677,24424744.580301795,4126.239,3.99709e14,0.2780,-4.72411e6,2.35903e6,-5.91702e-9
1490881320,28533194.759621494,24411828.720928505,4121.366,4.01930e14,0.8354,-4.73711e6,2.35895e6,-5.91685e-9
1490881350,28515386.382190123,24398982.773874927,4116.404,3.99287e14,0.1721,-4.72121e6,2.35882e6,-5.91653e-9
1490881380,28497558.387902595,24386207.166929297,4111.351,3.98301e14,0.0752,-4.71500e6,2.35863e6,-5.91606e-9
1490881410,28479711.016249053,24373502.326765414,4106.209,4.04157e14,1.3940,-4.74914e6,2.35838e6,-5.91545e-9
1490881440,28461844.507927373,24360868.678911753,4100.976,4.04321e14,1.4352,-4.74950e6,2.35806e6,-5.91468e-9
1490881470,28443959.104846824,24348306.647720367,4095.652,4.01652e14,0.7655,-4.73297e6,2.35769e6,-5.91377e-9
1490881500,28426055.05013169,24335816.656335775,4090.238,3.99067e14,0.1171,-4.71683e6,2.35726e6,-5.91270e-9
1490881530,28408132.588100363,24323399.126680117,4084.733,3.94262e14,1.0884,-4.68745e6,2.35677e6,-5.91149e-9
1490881560,28390191.964344487,24311054.479371034,4079.137,3.94760e14,0.9636,-4.68930e6,2.35622e6,-5.91012e-9
1490881590,28372233.42565662,24298783.133741267,4073.450,3.93992e14,1.1561,-4.68355e6,2.35561e6,-5.90860e-9
1490881620,28354257.220058,24286585.507790722,4067.672,3.95007e14,0.9015,-4.68821e6,2.35493e6,-5.90692e-9
1490881650,28336263.59680188,24274462.018154882,4061.802,3.96971e14,0.4088,-4.69834e6,2.35419e6,-5.90509e-9
1490881680,28318252.806376588,24262413.080073237,4055.840,3.95990e14,0.6548,-4.69097e6,2.35340e6,-5.90310e-9
1490881710,28300225.100508787,24250439.107357588,4049.786,3.95585e14,0.7565,-4.68686e6,2.35253e6,-5.90096e-9
1490881740,28282180.732166518,24238540.512360226,4043.640,3.97584e14,0.2550,-4.69682e6,2.35161e6,-5.89866e-9
1490881770,28264119.95556224,24226717.705942128,4037.402,4.04686e14,1.5268,-4.73673e6,2.35062e6,-5.89620e-9
1490881800,28246043.026155837,24214971.09744098,4031.072,4.00396e14,0.4504,-4.70933e6,2.34957e6,-5.89358e-9
1490881830,28227950.200661987,24203301.09463439,4024.649,3.93746e14,1.2178,-4.66793e6,2.34845e6,-5.89080e-9
1490881860,28209841.737039596,24191708.103722736,4018.134,3.95028e14,0.8962,-4.67314e6,2.34727e6,-5.88786e-9
1490881890,28191717.894508302,24180192.52928183,4011.525,3.95120e14,0.8731,-4.67121e6,2.34603e6,-5.88475e-9
1490881920,28173578.933546882,24168754.77423566,4004.824,3.95543e14,0.7671,-4.67110e6,2.34472e6,-5.88149e-9
1490881950,28155425.115896225,24157395.239824016,3998.030,3.97154e14,0.3629,-4.67784e6,2.34335e6,-5.87806e-9
1490881980,28137256.70456206,24146114.32557016,3991.142,3.96569e14,0.5097,-4.67153e6,2.34191e6,-5.87446e-9
1490882010,28119073.96381793,24134912.429248355,3984.162,3.96006e14,0.6509,-4.66523e6,2.34040e6,-5.87070e-9
1490882040,28100877.15920781,24123789.94685142,3977.087,3.99006e14,0.1019,-4.67971e6,2.33883e6,-5.86678e-9
1490882070,28082666.557548936,24112747.27255822,3969.919,3.96068e14,0.6353,-4.65921e6,2.33719e6,-5.86269e-9
1490882100,28064442.426934544,24101784.79870105,3962.658,3.95946e14,0.6660,-4.65510e6,2.33548e6,-5.85843e-9
1490882130,28046205.03675082,24090902.915725634,3955.302,3.97999e14,0.1510,-4.66359e6,2.33371e6,-5.85400e-9
1490882160,28027954.65763557,24080102.012181506,3947.853,3.99002e14,0.1007,-4.66579e6,2.33187e6,-5.84940e-9
1490882190,28009691.56152494,24069382.474666364,3940.309,3.94076e14,1.1350,-4.63319e6,2.32996e6,-5.84463e-9
1490882220,27991416.02164182,24058744.687800743,3932.671,3.92056e14,1.6418,-4.61747e6,2.32798e6,-5.83969e-9
1490882250,27973128.312498584,24048189.034195367,3924.939,3.97575e14,0.2572,-4.64562e6,2.32593e6,-5.83458e-9
1490882280,27954828.7098996,24037715.894418407,3917.113,3.97030e14,0.3941,-4.63822e6,2.32382e6,-5.82930e-9
1490882310,27936517.490943875,24027325.646962788,3909.192,3.94140e14,1.1191,-4.61704e6,2.32164e6,-5.82384e-9
1490882340,27918194.93402757,24017018.668213516,3901.176,3.93459e14,1.2900,-4.60861e6,2.31938e6,-5.81821e-9
1490882370,27899861.318846416,24006795.33241499,3893.066,3.96977e14,0.4074,-4.62445e6,2.31706e6,-5.81240e-9
1490882400,27881516.926398184,23996656.011638295,3884.861,4.01529e14,0.7346,-4.64611e6,2.31467e6,-5.80642e-9
1490882430,27863162.038961288,23986601.075763855,3876.561,4.05021e14,1.6107,-4.66143e6,2.31220e6,-5.80026e-9
1490882460,27844796.94017007,23976630.892402105,3868.166,4.01082e14,0.6227,-4.63351e6,2.30967e6,-5.79393e-9
1490882490,27826421.914943874,23966745.826907832,3859.676,3.96830e14,0.4441,-4.60368e6,2.30706e6,-5.78741e-9
1490882520,27808037.249512695,23956946.24233266,3851.091,3.97342e14,0.3158,-4.60131e6,2.30439e6,-5.78072e-9
1490882550,27789643.23141905,23947232.499392692,3842.411,3.98772e14,0.0431,-4.60409e6,2.30164e6,-5.77385e-9
1490882580,27771240.149519876,23937604.95643628,3833.635,4.00750e14,0.5392,-4.60986e6,2.29882e6,-5.76680e-9
1490882610,27752828.293988276,23928063.969411824,3824.764,4.01294e14,0.6756,-4.60721e6,2.29593e6,-5.75957e-9
1490882640,27734407.95631528,23918609.89183564,3815.798,3.97789e14,0.2035,-4.58111e6,2.29296e6,-5.75215e-9
1490882670,27715979.429311484,23909243.074759882,3806.736,3.94336e14,1.0698,-4.55522e6,2.28993e6,-5.74456e-9
1490882700,27697543.0071087,23899963.866740543,3797.579,3.95227e14,0.8463,-4.55415e6,2.28682e6,-5.73678e-9
1490882730,27679098.985187992,23890772.61378939,3788.326,3.98128e14,0.1186,-4.56444e6,2.28364e6,-5.72882e-9
1490882760,27660647.66029937,23881669.65939215,3778.978,3.98819e14,0.0547,-4.56189e6,2.28038e6,-5.72068e-9
1490882790,27642189.330545343,23872655.34442638,3769.534,3.99971e14,0.3438,-4.56182e6,2.27705e6,-5.71235e-9
1490882820,27623724.295355897,23863730.00714606,3759.994,4.00963e14,0.5928,-4.56067e6,2.27365e6,-5.70383e-9
1490882850,27605252.855490044,23854893.98314995,3750.359,4.00363e14,0.4421,-4.55029e6,2.27017e6,-5.69513e-9
1490882880,27586775.3130372,23846147.605349973,3740.628,4.01004e14,0.6029,-4.54682e6,2.26662e6,-5.68624e-9
1490882910,27568291.97141868,23837491.20393987,3730.801,3.98338e14,0.0659,-4.52442e6,2.26299e6,-5.67717e-9
1490882940,27549803.135388914,23828925.10636382,3720.878,3.93941e14,1.1690,-4.49210e6,2.25929e6,-5.66790e-9
1490882970,27531309.11103671,23820449.637285326,3710.859,3.91464e14,1.7904,-4.47059e6,2.25551e6,-5.65845e-9
1490883000,27512810.205786414,23812065.118556168,3700.745,3.98008e14,0.1487,-4.49993e6,2.25166e6,-5.64881e-9
1490883030,27494306.72837085,23803771.869198974,3690.535,3.98676e14,0.0191,-4.49586e6,2.24773e6,-5.63898e-9
1490883060,27475798.98891909,23795570.205334775,3680.229,3.95540e14,0.7678,-4.47020e6,2.24372e6,-5.62896e-9
1490883090,27457287.298870217,23787460.440194566,3669.827,3.97172e14,0.3583,-4.47126e6,2.23964e6,-5.61875e-9
1490883120,27438771.97100213,23779442.884075325,3659.329,3.97288e14,0.3293,-4.46362e6,2.23549e6,-5.60835e-9
1490883150,27420253.319432095,23771517.844309863,3648.735,3.98145e14,0.1143,-4.45997e6,2.23126e6,-5.59776e-9
1490883180,27401731.659617092,23763685.625236906,3638.046,3.94721e14,0.9732,-4.43224e6,2.22695e6,-5.58697e-9
1490883210,27383207.30835429,23755946.52817129,3627.261,3.94207e14,1.1023,-4.42065e6,2.22256e6,-5.57599e-9
1490883240,27364680.583781235,23748300.851374403,3616.380,4.00778e14,0.5462,-4.44835e6,2.21810e6,-5.56482e-9
1490883270,27346151.805376034,23740748.890024774,3605.403,4.02277e14,0.9224,-4.44758e6,2.21356e6,-5.55345e-9
1490883300,27327621.293957546,23733290.93618884,3594.330,3.97688e14,0.2289,-4.41288e6,2.20894e6,-5.54189e-9
1490883330,27309089.371711567,23725927.27878093,3583.162,3.97891e14,0.1781,-4.40463e6,2.20424e6,-5.53014e-9
1490883360,27290556.362109914,23718658.203568764,3571.898,3.98400e14,0.0502,-4.39792e6,2.19947e6,-5.51819e-9
1490883390,27272022.589991618,23711483.993110206,3560.539,4.03004e14,1.1048,-4.41357e6,2.19462e6,-5.50604e-9
1490883420,27253488.381536596,23704404.926736064,3549.083,4.01889e14,0.8251,-4.39754e6,2.18969e6,-5.49370e-9
1490883450,27234954.064265605,23697421.280521918,3537.533,3.93095e14,1.3811,-4.33930e6,2.18468e6,-5.48116e-9
1490883480,27216419.967040025,23690533.327260092,3525.887,3.98351e14,0.0625,-4.35795e6,2.17959e6,-5.46843e-9
1490883510,27197886.420061763,23683741.33643194,3514.145,4.01735e14,0.7863,-4.36609e6,2.17443e6,-5.45550e-9
1490883540,27179353.75487278,23677045.57418037,3502.308,4.03635e14,1.2629,-4.36591e6,2.16918e6,-5.44237e-9
1490883570,27160822.304354817,23670446.30328259,3490.376,4.03872e14,1.3224,-4.35649e6,2.16386e6,-5.42904e-9
1490883600,27142292.40272871,23663943.783123124,3478.349,3.96935e14,0.4178,-4.30806e6,2.15846e6,-5.41551e-9
1490883630,27123764.38553658,23657538.26967792,3466.226,3.98665e14,0.0162,-4.30648e6,2.15297e6,-5.40179e-9
1490883660,27105238.589694653,23651230.015454657,3454.009,4.03971e14,1.3474,-4.32395e6,2.14741e6,-5.38786e-9
1490883690,27086715.353438474,23645019.269500062,3441.696,3.99033e14,0.1086,-4.28607e6,2.14177e6,-5.37374e-9
1490883720,27068195.01633934,23638906.277363367,3429.289,3.96051e14,0.6396,-4.25865e6,2.13605e6,-5.35941e-9
1490883750,27049677.919303093,23632891.281070728,3416.787,3.96353e14,0.5637,-4.24872e6,2.13025e6,-5.34489e-9
1490883780,27031164.404568814,23626974.519100122,3404.190,3.91866e14,1.6895,-4.21309e6,2.12437e6,-5.33017e-9
1490883810,27012654.81570744,23621156.226356428,3391.499,3.98080e14,0.1306,-4.23430e6,2.11841e6,-5.31524e-9
1490883840,26994149.49762021,23615436.634146854,3378.713,3.99987e14,0.3479,-4.23235e6,2.11237e6,-5.30012e-9
1490883870,26975648.796537008,23609815.970156677,3365.833,3.94301e14,1.0786,-4.19005e6,2.10625e6,-5.28479e-9
1490883900,26957153.0600146,23604294.458425283,3352.859,3.95885e14,0.6814,-4.18608e6,2.10006e6,-5.26927e-9
1490883930,26938662.63694092,23598872.319310132,3339.790,3.98242e14,0.0900,-4.18595e6,2.09378e6,-5.25354e-9
1490883960,26920177.877514012,23593549.7695017,3326.628,4.01491e14,0.7252,-4.19027e6,2.08741e6,-5.23761e-9
1490883990,26901699.13325923,23588327.021962035,3313.372,4.03119e14,1.1337,-4.18585e6,2.08097e6,-5.22148e-9
1490884020,26883226.757020798,23583204.28591448,3300.022,4.01860e14,0.8178,-4.16619e6,2.07445e6,-5.20514e-9
1490884050,26864761.102959443,23578181.766821224,3286.579,3.95509e14,0.7755,-4.11999e6,2.06785e6,-5.18861e-9
1490884080,26846302.526550032,23573259.666361306,3273.043,3.96625e14,0.4957,-4.11246e6,2.06117e6,-5.17187e-9
1490884110,26827851.384578984,23568438.182408813,3259.413,3.99386e14,0.1971,-4.11321e6,2.05440e6,-5.15493e-9
1490884140,26809408.035141677,23563717.509011608,3245.691,3.97719e14,0.2211,-4.09096e6,2.04756e6,-5.13779e-9
1490884170,26790972.837639567,23559097.836370286,3231.875,3.95983e14,0.6566,-4.06825e6,2.04064e6,-5.12044e-9
1490884200,26772546.152777355,23554579.35081759,3217.967,3.94805e14,0.9522,-4.04828e6,2.03363e6,-5.10289e-9
1490884230,26754128.34255992,23550162.234810248,3203.966,3.99574e14,0.2442,-4.05844e6,2.02654e6,-5.08514e-9
1490884260,26735719.77028926,23545846.666871913,3189.873,3.99068e14,0.1172,-4.04153e6,2.01938e6,-5.06719e-9
1490884290,26717320.80056086,23541632.821611047,3175.688,4.00257e14,0.4157,-4.03304e6,2.01213e6,-5.04903e-9
1490884320,26698931.79926041,23537520.86968983,3161.411,4.02016e14,0.8569,-4.02721e6,2.00480e6,-5.03068e-9
1490884350,26680553.13356033,23533510.97780563,3147.042,4.02514e14,0.9819,-4.01484e6,1.99739e6,-5.01211e-9
1490884380,26662185.171915945,23529603.30867282,3132.582,3.99708e14,0.2778,-3.98578e6,1.98990e6,-4.99335e-9
1490884410,26643828.28406184,23525798.02100499,3118.030,3.94321e14,1.0737,-3.94383e6,1.98233e6,-4.97438e-9
1490884440,26625482.8410078,23522095.26949764,3103.388,3.94989e14,0.9061,-3.93194e6,1.97468e6,-4.95522e-9
1490884470,26607149.215034775,23518495.204811234,3088.654,3.98017e14,0.1463,-3.93150e6,1.96695e6,-4.93584e-9
1490884500,26588827.77969063,23514997.973554563,3073.830,3.97645e14,0.2398,-3.91406e6,1.95914e6,-4.91627e-9
1490884530,26570518.90978583,23511603.718258295,3058.915,3.92402e14,1.5550,-3.87264e6,1.95124e6,-4.89649e-9
1490884560,26552222.981388777,23508312.577391513,3043.910,3.92864e14,1.4392,-3.85907e6,1.94327e6,-4.87651e-9
1490884590,26533940.37182154,23505124.68531404,3028.816,3.96648e14,0.4898,-3.86147e6,1.93521e6,-4.85633e-9
1490884620,26515671.459654924,23502040.17227201,3013.631,4.01387e14,0.6990,-3.86816e6,1.92708e6,-4.83595e-9
1490884650,26497416.624703474,23499059.16438337,2998.357,4.01562e14,0.7430,-3.85253e6,1.91886e6,-4.81537e-9
1490884680,26479176.248020492,23496181.78362377,2982.994,3.94531e14,1.0208,-3.80218e6,1.91057e6,-4.79458e-9
1490884710,26460950.711892687,23493408.147812996,2967.543,4.00738e14,0.5363,-3.81515e6,1.90219e6,-4.77359e-9
1490884740,26442740.399834786,23490738.370601717,2952.002,4.03942e14,1.3401,-3.81343e6,1.89374e6,-4.75241e-9
1490884770,26424545.696584042,23488172.56145878,2936.373,3.96752e14,0.4638,-3.76224e6,1.88520e6,-4.73102e-9
1490884800,26406366.988094408,23485710.82565891,2920.656,3.95836e14,0.6936,-3.74074e6,1.87658e6,-4.70943e-9
1490884830,26388204.661528252,23483353.264277305,2904.851,3.93648e14,1.2423,-3.71317e6,1.86789e6,-4.68764e-9
1490884860,26370059.105258137,23481099.97415841,2888.959,3.96603e14,0.5012,-3.70952e6,1.85911e6,-4.66565e-9
1490884890,26351930.708852496,23478951.047924936,2872.980,4.01514e14,0.7310,-3.71467e6,1.85026e6,-4.64346e-9
1490884920,26333819.863071963,23476906.573960923,2856.913,3.96152e14,0.6142,-3.67197e6,1.84132e6,-4.62107e-9
1490884950,26315726.959862772,23474966.636401933,2840.760,3.96989e14,0.4043,-3.65785e6,1.83231e6,-4.59848e-9
1490884980,26297652.392350066,23473131.315125495,2824.521,3.99814e14,0.3045,-3.65264e6,1.82322e6,-4.57569e-9
1490885010,26279596.554831073,23471400.68574218,2808.196,3.97262e14,0.3357,-3.62266e6,1.81404e6,-4.55271e-9
1490885040,26261559.84276795,23469774.81958708,2791.785,3.98782e14,0.0454,-3.61108e6,1.80479e6,-4.52952e-9
1490885070,26243542.652780734,23468253.783711772,2775.289,3.98438e14,0.0407,-3.59088e6,1.79546e6,-4.50614e-9
1490885100,26225545.3826398,23466837.640876748,2758.708,3.96508e14,0.5250,-3.56343e6,1.78606e6,-4.48257e-9
1490885130,26207568.431265175,23465526.449540723,2742.042,3.95715e14,0.7238,-3.54098e6,1.77657e6,-4.45879e-9
1490885160,26189612.19869804,23464320.263865307,2725.292,3.96704e14,0.4757,-3.52632e6,1.76701e6,-4.43482e-9
1490885190,26171677.086113755,23463219.133697577,2708.458,3.95514e14,0.7744,-3.50184e6,1.75736e6,-4.41065e-9
1490885220,26153763.495807074,23462223.104568075,2691.540,3.96946e14,0.4150,-3.48876e6,1.74764e6,-4.38629e-9
1490885250,26135871.831183936,23461332.21768567,2674.540,3.97632e14,0.2430,-3.47221e6,1.73785e6,-4.36174e-9
1490885280,26118002.496753175,23460546.509932835,2657.456,3.97607e14,0.2492,-3.45239e6,1.72797e6,-4.33699e-9
1490885310,26100155.898117904,23459866.01386147,2640.290,3.98739e14,0.0347,-3.43740e6,1.71802e6,-4.31204e-9
1490885340,26082332.44196684,23459290.757689208,2623.042,3.93724e14,1.2235,-3.39585e6,1.70799e6,-4.28691e-9
1490885370,26064532.53606535,23458820.765296157,2605.712,3.91355e14,1.8177,-3.36567e6,1.69788e6,-4.26158e-9
1490885400,26046756.589246348,23458456.056222193,2588.301,3.95620e14,0.7478,-3.36357e6,1.68770e6,-4.23606e-9
1490885430,26029005.011386923,23458196.64566618,2570.808,4.00957e14,0.5913,-3.36561e6,1.67745e6,-4.21034e-9
1490885460,26011278.213442355,23458042.544479642,2553.236,3.96835e14,0.4429,-3.32764e6,1.66711e6,-4.18444e-9
1490885490,25993576.607392736,23457993.759170152,2535.583,3.90547e14,2.0205,-3.28073e6,1.65670e6,-4.15835e-9
1490885520,25975900.60624717,23458050.291899078,2517.850,3.95713e14,0.7243,-3.28133e6,1.64622e6,-4.13207e-9
1490885550,25958250.62403357,23458212.140481252,2500.038,4.00432e14,0.4594,-3.27967e6,1.63566e6,-4.10560e-9
1490885580,25940627.07578829,23458479.29838527,2482.148,4.00353e14,0.4396,-3.25804e6,1.62502e6,-4.07894e-9
1490885610,25923030.3775456,23458851.75473416,2464.179,3.99737e14,0.2852,-3.23409e6,1.61431e6,-4.05210e-9
1490885640,25905460.946326904,23459329.494306598,2446.131,3.95429e14,0.7956,-3.19516e6,1.60353e6,-4.02506e-9
1490885670,25887919.200129803,23459912.49753861,2428.007,3.94603e14,1.0029,-3.17024e6,1.59268e6,-3.99785e-9
1490885700,25870405.55791705,23460600.74052574,2409.805,3.95116e14,0.8742,-3.15053e6,1.58175e6,-3.97045e-9
1490885730,25852920.43962991,23461394.1950224,2391.526,3.98281e14,0.0802,-3.14111e6,1.57074e6,-3.94286e-9
1490885760,25835464.2661004,23462292.828455403,2373.171,4.00074e14,0.3696,-3.12599e6,1.55967e6,-3.91510e-9
1490885790,25818037.459116027,23463296.603917126,2354.741,3.93892e14,1.1811,-3.07963e6,1.54852e6,-3.88715e-9
1490885820,25800640.44138344,23464405.48017307,2336.235,3.92229e14,1.5985,-3.05091e6,1.53730e6,-3.85902e-9
1490885850,25783273.636516448,23465619.41166643,2317.654,3.92171e14,1.6129,-3.02830e6,1.52600e6,-3.83070e-9
1490885880,25765937.469024,23466938.348523233,2298.999,3.97214e14,0.3479,-3.02493e6,1.51464e6,-3.80221e-9
1490885910,25748632.364297826,23468362.236557905,2280.270,4.07620e14,2.2629,-3.04138e6,1.50320e6,-3.77354e-9
1490885940,25731358.74859991,23469891.01727936,2261.468,4.00903e14,0.5775,-2.99296e6,1.49170e6,-3.74470e-9
1490885970,25714117.0490499,23471524.627897553,2242.592,3.88848e14,2.4468,-2.92495e6,1.48012e6,-3.71567e-9
1490886000,25696907.693611953,23473263.00133054,2223.645,3.95622e14,0.7473,-2.92692e6,1.46848e6,-3.68647e-9
1490886030,25679731.111049037,23475106.066219263,2204.625,3.98527e14,0.0185,-2.91421e6,1.45676e6,-3.65710e-9
1490886060,25662587.7310103,23477053.746913154,2185.534,3.97924e14,0.1697,-2.88846e6,1.44497e6,-3.62755e-9
1490886090,25645477.983916353,23479105.963501118,2166.372,3.96628e14,0.4949,-2.86012e6,1.43312e6,-3.59783e-9
1490886120,25628402.300977934,23481262.631813273,2147.140,3.95134e14,0.8698,-2.83101e6,1.42120e6,-3.56794e-9
1490886150,25611361.11418154,23483523.663430434,2127.837,4.01608e14,0.7545,-2.83005e6,1.40921e6,-3.53788e-9
1490886180,25594354.856274974,23485888.965694077,2108.466,4.02988e14,1.1007,-2.81069e6,1.39715e6,-3.50764e-9
1490886210,25577383.960752543,23488358.441716757,2089.026,4.01476e14,0.7213,-2.78106e6,1.38503e6,-3.47724e-9
1490886240,25560448.861840073,23490931.990393,2069.517,4.00741e14,0.5370,-2.75406e6,1.37284e6,-3.44667e-9
1490886270,25543549.994479805,23493609.50641064,2049.940,4.01413e14,0.7056,-2.73178e6,1.36058e6,-3.41594e-9
1490886300,25526687.79431493,23496390.880262557,2030.297,4.00673e14,0.5200,-2.70455e6,1.34826e6,-3.38504e-9
1490886330,25509862.69770563,23499275.998243857,2010.587,3.98518e14,0.0208,-2.67249e6,1.33587e6,-3.35398e-9
1490891850,23499059.16438337,25511364.074021187,2012.305,4.03841e14,1.3148,2.69353e6,-1.33797e6,3.35668e-9
1490891880,23496181.78362377,25528194.37121902,2032.013,3.95435e14,0.7942,2.68996e6,-1.35033e6,3.38773e-9
1490891910,23493408.147812996,25545061.74084481,2051.654,3.93350e14,1.3171,2.70735e6,-1.36263e6,3.41862e-9
1490891940,23490738.370601717,25561965.746428583,2071.227,4.00779e14,0.5464,2.75729e6,-1.37487e6,3.44935e-9
1490891970,23488172.56145878,25578905.952188827,2090.733,3.94521e14,1.0235,2.75993e6,-1.38704e6,3.47991e-9
1490892000,23485710.82565891,25595881.923047885,2110.171,3.94934e14,0.9198,2.78547e6,-1.39914e6,3.51030e-9
1490892030,23483353.264277305,25612893.224647325,2129.540,4.02199e14,0.9028,2.83517e6,-1.41117e6,3.54052e-9
1490892060,23481099.97415841,25629939.4233621,2148.839,4.02969e14,1.0959,2.86197e6,-1.42314e6,3.57057e-9
1490892090,23478951.047924936,25647020.08631596,2168.069,4.03010e14,1.1063,2.88606e6,-1.43504e6,3.60046e-9
1490892120,23476906.573960923,25664134.78139575,2187.228,3.93832e14,1.1962,2.87655e6,-1.44687e6,3.63017e-9
1490892150,23474966.636401933,25681283.077265657,2206.316,3.95675e14,0.7340,2.90668e6,-1.45863e6,3.65971e-9
1490892180,23473131.315125495,25698464.543381292,2225.333,3.99700e14,0.2759,2.94485e6,-1.47032e6,3.68907e-9
1490892210,23471400.68574218,25715678.75000361,2244.278,3.90835e14,1.9482,2.93517e6,-1.48195e6,3.71826e-9
1490892240,23469774.81958708,25732925.268212512,2263.150,3.97273e14,0.3329,2.98219e6,-1.49350e6,3.74727e-9
1490892270,23468253.783711772,25750203.669920348,2281.950,3.94997e14,0.9040,2.99654e6,-1.50498e6,3.77611e-9
1490892300,23466837.640876748,25767513.527885176,2300.676,3.95728e14,0.7207,3.02205e6,-1.51640e6,3.80477e-9
1490892330,23465526.449540723,25784854.41573755,2319.328,3.99378e14,0.1950,3.05865e6,-1.52774e6,3.83325e-9
1490892360,23464320.263865307,25802225.907950986,2337.906,3.95068e14,0.8861,3.06458e6,-1.53901e6,3.86155e-9
1490892390,23463219.133697577,25819627.579897247,2356.408,3.92740e14,1.4704,3.07783e6,-1.55020e6,3.88967e-9
1490892420,23462223.104568075,25837059.007845126,2374.836,3.96588e14,0.5049,3.11501e6,-1.56133e6,3.91761e-9
1490892450,23461332.21768567,25854519.768972766,2393.188,4.04653e14,1.5185,3.16889e6,-1.57238e6,3.94537e-9
1490892480,23460546.509932835,25872009.44137987,2411.463,4.02479e14,0.9731,3.18239e6,-1.58336e6,3.97294e-9
1490892510,23459866.01386147,25889527.604099646,2429.662,3.98108e14,0.1236,3.18683e6,-1.59427e6,4.00033e-9
1490892540,23459290.757689208,25907073.837110557,2447.783,3.93884e14,1.1832,3.19148e6,-1.60510e6,4.02754e-9
1490892570,23458820.765296157,25924647.721347846,2465.827,3.96818e14,0.4472,3.22478e6,-1.61586e6,4.05456e-9
1490892600,23458456.056222193,25942248.838714913,2483.793,3.95261e14,0.8379,3.23976e6,-1.62654e6,4.08139e-9
1490892630,23458196.64566618,25959876.772074044,2501.680,3.94019e14,1.1495,3.25580e6,-1.63715e6,4.10804e-9
1490892660,23458042.544479642,25977531.10532024,2519.489,3.97314e14,0.3227,3.29038e6,-1.64769e6,4.13450e-9
1490892690,23457993.759170152,25995211.42332878,2537.218,3.93324e14,1.3237,3.29468e6,-1.65815e6,4.16077e-9
1490892720,23458050.291899078,26012917.311986014,2554.867,3.98625e14,0.0062,3.33752e6,-1.66854e6,4.18685e-9
1490892750,23458212.140481252,26030648.358199567,2572.436,3.95910e14,0.6750,3.34671e6,-1.67885e6,4.21274e-9
1490892780,23458479.29838527,26048404.149908256,2589.925,3.88739e14,2.4739,3.33673e6,-1.68908e6,4.23844e-9
1490892810,23458851.75473416,26066184.276091877,2607.333,4.00614e14,0.5052,3.40744e6,-1.69924e6,4.26395e-9
1490892840,23459329.494306598,26083988.326780807,2624.659,4.03663e14,1.2701,3.44074e6,-1.70932e6,4.28927e-9
1490892870,23459912.49753861,26101815.893065337,2641.903,3.96562e14,0.5113,3.43025e6,-1.71932e6,4.31439e-9
1490892900,23460600.74052574,26119666.567104943,2659.066,3.90714e14,1.9786,3.42469e6,-1.72925e6,4.33933e-9
1490892930,23461394.1950224,26137539.942158435,2676.146,3.92679e14,1.4856,3.45278e6,-1.73910e6,4.36407e-9
1490892960,23462292.828455403,26155435.612527613,2693.143,3.96338e14,0.5676,3.48825e6,-1.74887e6,4.38861e-9
1490892990,23463296.603917126,26173353.17363138,2710.057,3.91824e14,1.7002,3.48767e6,-1.75857e6,4.41296e-9
1490893020,23464405.48017307,26191292.22199324,2726.887,3.90005e14,2.1564,3.49868e6,-1.76819e6,4.43711e-9
1490893050,23465619.41166643,26209252.355249736,2743.633,3.93239e14,1.3451,3.53200e6,-1.77773e6,4.46107e-9
1490893080,23466938.348523233,26227233.172158875,2760.295,4.04948e14,1.5925,3.60332e6,-1.78719e6,4.48484e-9
1490893110,23468362.236557905,26245234.272608176,2776.872,4.07514e14,2.2363,3.63381e6,-1.79657e6,4.50840e-9
1490893140,23469891.01727936,26263255.257622767,2793.364,4.02290e14,0.9256,3.62896e6,-1.80588e6,4.53177e-9
1490893170,23471524.627897553,26281295.729373075,2809.771,4.00059e14,0.3659,3.63735e6,-1.81511e6,4.55494e-9
1490893200,23473263.00133054,26299355.291182514,2826.092,3.96280e14,0.5822,3.63839e6,-1.82425e6,4.57792e-9
1490893230,23475106.066219263,26317433.547517024,2842.327,3.92795e14,1.4565,3.64045e6,-1.83332e6,4.60069e-9
1490893260,23477053.746913154,26335530.104047563,2858.476,4.05120e14,1.6356,3.71529e6,-1.84231e6,4.62327e-9
1490893290,23479105.963501118,26353644.567601826,2874.539,4.07146e14,2.1439,3.74268e6,-1.85122e6,4.64564e-9
1490893320,23481262.631813273,26371776.546188932,2890.514,3.94851e14,0.9408,3.70314e6,-1.86005e6,4.66782e-9
1490893350,23483523.663430434,26389925.649006072,2906.402,3.97536e14,0.2671,3.73317e6,-1.86880e6,4.68980e-9
1490893380,23485888.965694077,26408091.48644495,2922.203,3.97916e14,0.1716,3.75229e6,-1.87748e6,4.71158e-9
1490893410,23488358.441716757,26426273.670098055,2937.915,3.93983e14,1.1584,3.75085e6,-1.88607e6,4.73315e-9
1490893440,23490931.990393,26444471.812764775,2953.540,3.94732e14,0.9705,3.77134e6,-1.89458e6,4.75453e-9
1490893470,23493609.50641064,26462685.528457355,2969.076,4.02782e14,1.0490,3.82658e6,-1.90301e6,4.77571e-9
1490893500,23496390.880262557,26480914.432406683,2984.524,3.99338e14,0.1851,3.82686e6,-1.91136e6,4.79668e-9
1490893530,23499275.998243857,26499158.14108038,2999.882,3.94059e14,1.1394,3.81800e6,-1.91964e6,4.81745e-9
1490893560,23502264.742511112,26517416.272149965,3015.152,4.02197e14,0.9022,3.87366e6,-1.92783e6,4.83803e-9
1490893590,23505356.991048884,26535688.44453462,3030.331,4.07790e14,2.3055,3.91714e6,-1.93594e6,4.85840e-9
1490893620,23508552.6176982,26553974.278394043,3045.422,3.98120e14,0.1205,3.88622e6,-1.94397e6,4.87856e-9
1490893650,23511851.492170468,26572273.395133562,3060.422,3.99199e14,0.1501,3.90741e6,-1.95192e6,4.89853e-9
1490893680,23515253.48006179,26590585.41740917,3075.332,4.03445e14,1.2153,3.94405e6,-1.95979e6,4.91829e-9
1490893710,23518758.44286775,26608909.969132368,3090.152,3.93679e14,1.2348,3.91151e6,-1.96758e6,4.93785e-9
1490893740,23522366.23799856,26627246.675474856,3104.880,3.93302e14,1.3292,3.92497e6,-1.97529e6,4.95721e-9
1490893770,23526076.718794722,26645595.16287309,3119.518,4.01817e14,0.8069,3.98250e6,-1.98292e6,4.97637e-9
1490893800,23529889.73454307,26663955.05903273,3134.065,4.03571e14,1.2469,4.00643e6,-1.99046e6,4.99532e-9
1490893830,23533805.130516287,26682325.992927082,3148.521,3.98784e14,0.0460,3.99746e6,-1.99793e6,5.01407e-9
1490893860,23537822.747918952,26700707.59481915,3162.885,3.97750e14,0.2134,4.00704e6,-2.00532e6,5.03262e-9
1490893890,23541942.423975747,26719099.496247705,3177.157,3.97032e14,0.3935,4.01802e6,-2.01262e6,5.05097e-9
1490893920,23546163.99192647,26737501.33003687,3191.337,3.99788e14,0.2980,4.04642e6,-2.01985e6,5.06911e-9
1490893950,23550487.281044364,26755912.73029977,3205.425,3.97001e14,0.4013,4.04655e6,-2.02699e6,5.08705e-9
1490893980,23554912.11665491,26774333.332442105,3219.421,3.94711e14,0.9758,4.04897e6,-2.03405e6,5.10479e-9
1490894010,23559438.320154876,26792762.77316549,3233.324,4.00432e14,0.4595,4.09218e6,-2.04104e6,5.12232e-9
1490894040,23564065.70903192,26811200.690470733,3247.135,4.03022e14,1.1093,4.11933e6,-2.04794e6,5.13965e-9
1490894070,23568794.09688446,26829646.723660942,3260.853,3.99579e14,0.2455,4.11530e6,-2.05476e6,5.15678e-9
1490894100,23573623.293441977,26848100.513344485,3274.477,3.95368e14,0.8109,4.10702e6,-2.06150e6,5.17371e-9
1490894130,23578553.10455934,26866561.701437056,3288.009,3.97987e14,0.1540,4.13388e6,-2.06816e6,5.19043e-9
1490894160,23583583.3323188,26885029.931167044,3301.447,4.01262e14,0.6676,4.16409e6,-2.07474e6,5.20696e-9
1490894190,23588713.774970364,26903504.847075354,3314.791,4.00983e14,0.5977,4.17568e6,-2.08124e6,5.22328e-9
1490894220,23593944.22697944,26921986.095018826,3328.042,4.02076e14,0.8718,4.19429e6,-2.08766e6,5.23939e-9
1490894250,23599274.479048714,26940473.322172552,3341.199,4.00248e14,0.4134,4.19743e6,-2.09400e6,5.25531e-9
1490894280,23604704.31814033,26958966.177032195,3354.262,3.99012e14,0.1033,4.20346e6,-2.10025e6,5.27103e-9
1490894310,23610233.527498472,26977464.30941605,3367.231,3.98939e14,0.0849,4.21544e6,-2.10643e6,5.28654e-9
1490894340,23615861.88667215,26995967.370467078,3380.105,3.97592e14,0.2530,4.22050e6,-2.11253e6,5.30185e-9
1490894370,23621589.17153848,27014475.01265482,3392.886,3.97971e14,0.1578,4.23455e6,-2.11855e6,5.31696e-9
1490894400,23627415.154326145,27032986.889777236,3405.572,3.97654e14,0.2373,4.24473e6,-2.12449e6,5.33187e-9
1490894430,23633339.60365754,27051502.656969223,3418.163,3.98502e14,0.0248,4.26097e6,-2.13034e6,5.34658e-9
1490894460,23639362.28451669,27070021.97068287,3430.660,3.99649e14,0.2631,4.27868e6,-2.13612e6,5.36109e-9
1490894490,23645482.958330072,27088544.488710497,3443.062,4.00492e14,0.4746,4.29463e6,-2.14182e6,5.37540e-9
1490894520,23651701.382973425,27107069.87017907,3455.368,3.98343e14,0.0646,4.29432e6,-2.14744e6,5.38951e-9
1490894550,23658017.312796924,27125597.775551487,3467.580,3.98944e14,0.0861,4.30864e6,-2.15298e6,5.40342e-9
1490894580,23664430.49865081,27144127.866627812,3479.697,4.02483e14,0.9742,4.33875e6,-2.15844e6,5.41713e-9
1490894610,23670940.68791123,27162659.806546386,3491.719,3.96432e14,0.5441,4.31670e6,-2.16382e6,5.43065e-9
1490894640,23677547.624506462,27181193.259784788,3503.646,3.96034e14,0.6439,4.32512e6,-2.16913e6,5.44396e-9
1490894670,23684251.0489433,27199727.892160725,3515.477,3.99999e14,0.3509,4.35718e6,-2.17435e6,5.45708e-9
1490894700,23691050.698333837,27218263.370832827,3527.213,3.98964e14,0.0913,4.36183e6,-2.17950e6,5.46999e-9
1490894730,23697946.306421433,27236799.364290148,3538.853,4.01549e14,0.7398,4.38614e6,-2.18456e6,5.48272e-9
1490894760,23704937.603611235,27255335.54238719,3550.398,4.01271e14,0.6699,4.39463e6,-2.18955e6,5.49524e-9
1490894790,23712024.31699438,27273871.576309796,3561.847,3.97314e14,0.3228,4.38269e6,-2.19446e6,5.50757e-9
1490894820,23719206.170376804,27292407.13858652,3573.201,3.91032e14,1.8987,4.35767e6,-2.19929e6,5.51970e-9
1490894850,23726482.88430729,27310941.903088935,3584.459,3.96352e14,0.5642,4.39652e6,-2.20405e6,5.53164e-9
1490894880,23733854.17610571,27329475.545031663,3595.621,4.00697e14,0.5259,4.42994e6,-2.20872e6,5.54338e-9
1490894910,23741319.75989149,27348007.74097238,3606.688,3.99952e14,0.3390,4.43502e6,-2.21332e6,5.55492e-9
1490894940,23748879.346612267,27366538.16881174,3617.659,4.03308e14,1.1810,4.46277e6,-2.21785e6,5.56627e-9
1490894970,23756532.64407278,27385066.507793196,3628.534,3.99724e14,0.2819,4.45172e6,-2.22229e6,5.57743e-9
1490895000,23764279.356963966,27403592.438502688,3639.313,3.96115e14,0.6236,4.44030e6,-2.22666e6,5.58840e-9
1490895030,23772119.18687544,27422115.642879985,3649.996,4.01899e14,0.8275,4.48125e6,-2.23095e6,5.59917e-9
1490895060,23780051.832376532,27440635.804182477,3660.584,4.04780e14,1.5502,4.50588e6,-2.23516e6,5.60975e-9
1490895090,23788076.988994572,27459152.60702057,3671.076,4.02874e14,1.0720,4.50351e6,-2.23930e6,5.62014e-9
1490895120,23796194.34926106,27477665.737345528,3681.471,3.96939e14,0.4168,4.47826e6,-2.24336e6,5.63033e-9
1490895150,23804403.602741595,27496174.882449023,3691.771,3.95774e14,0.7091,4.47965e6,-2.24735e6,5.64034e-9
1490895180,23812704.436065894,27514679.73096241,3701.975,4.00996e14,0.6011,4.51695e6,-2.25126e6,5.65015e-9
1490895210,23821096.532958064,27533179.972856104,3712.083,3.99233e14,0.1586,4.51466e6,-2.25509e6,5.65978e-9
1490895240,23829579.574266914,27551675.299438775,3722.096,3.95179e14,0.8585,4.49921e6,-2.25885e6,5.66922e-9
1490895270,23838153.2379965,27570165.403356507,3732.012,4.01373e14,0.6956,4.54172e6,-2.26254e6,5.67847e-9
1490895300,23846817.199336812,27588649.97859188,3741.833,4.03750e14,1.2918,4.56249e6,-2.26615e6,5.68753e-9
1490895330,23855571.130722538,27607128.720456198,3751.558,4.01825e14,0.8089,4.55864e6,-2.26968e6,5.69640e-9
1490895360,23864414.701778363,27625601.325609308,3761.187,4.01103e14,0.6278,4.56147e6,-2.27314e6,5.70509e-9
1490895390,23873347.579435617,27644067.492037542,3770.720,3.94694e14,0.9799,4.53165e6,-2.27653e6,5.71359e-9
1490895420,23882369.42793618,27662526.919059176,3780.157,3.96085e14,0.6311,4.54620e6,-2.27984e6,5.72190e-9
1490895450,23891479.908864122,27680979.30732315,3789.499,3.96661e14,0.4866,4.55596e6,-2.28308e6,5.73004e-9
1490895480,23900678.681177504,27699424.358807556,3798.746,3.96021e14,0.6471,4.55861e6,-2.28625e6,5.73798e-9
1490895510,23909965.401240185,27717861.776818264,3807.896,3.95607e14,0.7509,4.56240e6,-2.28934e6,5.74575e-9
1490895540,23919339.722853873,27736291.26598726,3816.952,3.99232e14,0.1585,4.58928e6,-2.29237e6,5.75333e-9
1490895570,23928801.29729018,27754712.53227107,3825.911,4.03922e14,1.3351,4.62220e6,-2.29531e6,5.76073e-9
1490895600,23938349.77332278,27773125.282949015,3834.776,4.02905e14,1.0799,4.62212e6,-2.29819e6,5.76794e-9
1490895630,23947984.79722779,27791529.226621542,3843.544,4.00946e14,0.5885,4.61645e6,-2.30099e6,5.77498e-9
1490895660,23957706.012914103,27809924.073208235,3852.218,4.01518e14,0.7320,4.62524e6,-2.30373e6,5.78184e-9
1490895690,23967513.061857976,27828309.533946067,3860.796,4.02159e14,0.8927,4.63429e6,-2.30639e6,5.78851e-9
1490895720,23977405.583166722,27846685.321387354,3869.280,3.98218e14,0.0960,4.61666e6,-2.30898e6,5.79501e-9
1490895750,23987383.21361102,27865051.149397794,3877.668,3.98873e14,0.0684,4.62549e6,-2.31150e6,5.80133e-9
1490895780,23997445.58765714,27883406.733154338,3885.961,4.02509e14,0.9806,4.65151e6,-2.31395e6,5.80748e-9
1490895810,24007592.33749931,27901751.789143197,3894.159,3.99225e14,0.1566,4.63720e6,-2.31633e6,5.81345e-9
1490895840,24017823.093092084,27920086.03515747,3902.263,4.00518e14,0.4811,4.64934e6,-2.31863e6,5.81924e-9
1490895870,24028137.482182734,27938409.19029506,3910.272,4.00289e14,0.4237,4.65250e6,-2.32087e6,5.82486e-9
1490895900,24038535.130343653,27956720.974956322,3918.186,3.93605e14,1.2533,4.61788e6,-2.32304e6,5.83030e-9
1490895930,24049015.66103843,27975021.110845488,3926.005,3.96163e14,0.6116,4.63698e6,-2.32514e6,5.83557e-9
1490895960,24059578.695551112,27993309.32095687,3933.731,4.02929e14,1.0860,4.68055e6,-2.32718e6,5.84067e-9
1490895990,24070223.85312188,28011585.32958381,3941.361,4.05590e14,1.7534,4.70005e6,-2.32914e6,5.84559e-9
1490896020,24080950.750946492,28029848.8623126,3948.898,4.01930e14,0.8352,4.68246e6,-2.33104e6,5.85035e-9
1490896050,24091759.00420913,28048099.64601994,3956.341,4.00015e14,0.3549,4.67493e6,-2.33287e6,5.85493e-9
1490896080,24102648.22611517,28066337.408870474,3963.689,3.97352e14,0.3133,4.66285e6,-2.33463e6,5.85935e-9
1490896110,24113618.027924072,28084561.880314197,3970.944,3.95528e14,0.7709,4.65553e6,-2.33632e6,5.86359e-9
1490896140,24124668.018982116,28102772.791083794,3978.105,3.97025e14,0.3952,4.66756e6,-2.33795e6,5.86767e-9
1490896170,24135797.806755207,28120969.87319208,3985.172,3.91897e14,1.6817,4.64056e6,-2.33951e6,5.87158e-9
1490896200,24147006.996861685,28139152.859929193,3992.146,3.94715e14,0.9748,4.66008e6,-2.34100e6,5.87533e-9
1490896230,24158295.193072237,28157321.485855527,3999.026,4.00961e14,0.5923,4.69964e6,-2.34243e6,5.87891e-9
1490896260,24169661.99744353,28175475.486812502,4005.813,4.00460e14,0.4665,4.69943e6,-2.34379e6,5.88232e-9
1490896290,24181107.01024981,28193614.599906143,4012.508,4.00552e14,0.4896,4.70257e6,-2.34509e6,5.88558e-9
1490896320,24192629.83004788,28211738.56350859,4019.109,3.99385e14,0.1968,4.69817e6,-2.34632e6,5.88866e-9
1490896350,24204230.053709477,28229847.11725518,4025.617,3.94964e14,0.9122,4.67446e6,-2.34749e6,5.89159e-9
1490896380,24215907.276453394,28247940.00204144,4032.033,3.93646e14,1.2429,4.66889e6,-2.34860e6,5.89436e-9
1490896410,24227661.09187779,28266016.960020103,4038.356,3.92712e14,1.4772,4.66545e6,-2.34964e6,5.89696e-9
1490896440,24239491.091992185,28284077.734598044,4044.587,3.96390e14,0.5545,4.68908e6,-2.35061e6,5.89941e-9
1490896470,24251396.867249604,28302122.070433196,4050.725,4.02189e14,0.9004,4.72513e6,-2.35153e6,5.90170e-9
1490896500,24263378.0065785,28320149.713431414,4056.772,4.01712e14,0.7807,4.72402e6,-2.35238e6,5.90383e-9
1490896530,24275434.097443555,28338160.410749953,4062.726,3.97659e14,0.2361,4.70167e6,-2.35317e6,5.90580e-9
1490896560,24287564.725788478,28356153.910773948,4068.589,3.93510e14,1.2771,4.67860e6,-2.35389e6,5.90762e-9
1490896590,24299769.476157185,28374129.96313355,4074.360,3.97029e14,0.3944,4.70071e6,-2.35456e6,5.90928e-9
1490896620,24312047.93169679,28392088.31869419,4080.040,4.01673e14,0.7708,4.72937e6,-2.35516e6,5.91079e-9
1490896650,24324399.67418937,28410028.729553223,4085.629,4.00282e14,0.4219,4.72223e6,-2.35571e6,5.91215e-9
1490896680,24336824.284083728,28427950.949036792,4091.127,3.98168e14,0.1085,4.71069e6,-2.35619e6,5.91335e-9
1490896710,24349321.340527035,28445854.73169643,4096.533,4.03346e14,1.1905,4.74216e6,-2.35661e6,5.91440e-9
1490896740,24361890.42139636,28463739.833305784,4101.849,4.06147e14,1.8931,4.75945e6,-2.35697e6,5.91530e-9
1490896770,24374531.103330106,28481606.010857213,4107.075,3.96236e14,0.5931,4.70143e6,-2.35727e6,5.91605e-9
1490896800,24387242.96175928,28499453.0225584,4112.210,3.93947e14,1.1676,4.68836e6,-2.35752e6,5.91665e-9
1490896830,24400025.570917718,28517280.627816573,4117.255,3.99393e14,0.1989,4.72095e6,-2.35770e6,5.91711e-9
1490896860,24412878.503938094,28535088.587273225,4122.210,4.01738e14,0.7872,4.73508e6,-2.35783e6,5.91741e-9
1490896890,24425801.332817465,28552876.662762202,4127.075,4.03121e14,1.1341,4.74339e6,-2.35789e6,5.91757e-9
1490896920,24438793.62846906,28570644.617318563,4131.851,4.03365e14,1.1953,4.74485e6,-2.35790e6,5.91759e-9
1490896950,24451854.960752856,28588392.215174966,4136.537,3.99817e14,0.3052,4.72375e6,-2.35785e6,5.91746e-9
1490896980,24464984.8985059,28606119.221758038,4141.134,3.96590e14,0.5043,4.70445e6,-2.35775e6,5.91719e-9
1490897010,24478183.009572584,28623825.403684705,4145.642,3.96882e14,0.4311,4.70585e6,-2.35759e6,5.91677e-9
1490897040,24491448.86083469,28641510.528758522,4150.062,3.97192e14,0.3535,4.70724e6,-2.35737e6,5.91622e-9
1490897070,24504782.018241413,28659174.365965955,4154.392,4.01550e14,0.7400,4.73247e6,-2.35709e6,5.91552e-9
1490897100,24518182.046839062,28676816.685472764,4158.635,4.01381e14,0.6977,4.73081e6,-2.35676e6,5.91468e-9
1490897130,24531648.510812353,28694437.258639745,4162.789,3.95390e14,0.8055,4.69460e6,-2.35638e6,5.91371e-9
1490897160,24545180.973478004,28712035.857958626,4166.855,3.94828e14,0.9465,4.69039e6,-2.35594e6,5.91260e-9
1490897190,24558778.997350458,28729612.257109243,4170.833,3.97521e14,0.2708,4.70533e6,-2.35544e6,5.91134e-9
1490897220,24572442.144159276,28747166.230936095,4174.724,4.01012e14,0.6050,4.72486e6,-2.35490e6,5.90996e-9
1490897250,24586169.974878326,28764697.55544478,4178.528,4.00950e14,0.5894,4.72328e6,-2.35429e6,5.90844e-9
1490897280,24599962.049754716,28782206.007798344,4182.244,3.99503e14,0.2264,4.71341e6,-2.35364e6,5.90678e-9
1490897310,24613817.928337652,28799691.366313707,4185.873,4.00410e14,0.4539,4.71734e6,-2.35293e6,5.90499e-9
1490897340,24627737.16950701,28817153.41045785,4189.416,4.00916e14,0.5809,4.71880e6,-2.35217e6,5.90307e-9
1490897370,24641719.331501868,28834591.920844242,4192.873,3.95960e14,0.6625,4.68792e6,-2.35135e6,5.90102e-9
1490897400,24655763.971948724,28852006.67922898,4196.243,3.91889e14,1.6838,4.66217e6,-2.35048e6,5.89883e-9
1490897430,24669870.647890247,28869397.468483467,4199.527,3.95494e14,0.7794,4.68160e6,-2.34957e6,5.89652e-9
1490897460,24684038.915811606,28886764.072663877,4202.725,3.99044e14,0.1112,4.70059e6,-2.34860e6,5.89408e-9
1490897490,24698268.331669517,28904106.276933517,4205.838,4.02123e14,0.8838,4.71669e6,-2.34758e6,5.89151e-9
1490897520,24712558.45091941,28921423.86758284,4208.865,4.02349e14,0.9405,4.71587e6,-2.34651e6,5.88881e-9
1490897550,24726908.82854286,28938716.632025305,4211.808,3.98130e14,0.1181,4.68877e6,-2.34539e6,5.88599e-9
1490897580,24741319.019074704,28955984.35879347,4214.665,3.98919e14,0.0800,4.69107e6,-2.34422e6,5.88304e-9
1490897610,24755788.576630093,28973226.837534845,4217.438,4.03004e14,1.1046,4.71264e6,-2.34300e6,5.87997e-9
1490897640,24770317.054931235,28990443.85900794,4220.127,3.99570e14,0.2433,4.68991e6,-2.34173e6,5.87678e-9
1490897670,24784904.007333986,29007635.215078037,4222.731,3.94190e14,1.1065,4.65567e6,-2.34041e6,5.87346e-9
1490897700,24799548.986854233,29024800.698713303,4225.252,3.96255e14,0.5884,4.66507e6,-2.33904e6,5.87002e-9
1490897730,24814251.546180606,29041940.104001984,4227.689,4.00452e14,0.4645,4.68687e6,-2.33763e6,5.86646e-9
1490897760,24829011.237741932,29059053.22608234,4230.042,3.98131e14,0.1178,4.67032e6,-2.33617e6,5.86278e-9
1490897790,24843827.6136916,29076139.8612051,4232.312,3.93123e14,1.3742,4.63796e6,-2.33466e6,5.85899e-9
1490897820,24858700.225946356,29093199.806707945,4234.500,3.93997e14,1.1548,4.63999e6,-2.33310e6,5.85507e-9
1490897850,24873628.62621162,29110232.861011643,4236.604,3.98208e14,0.0983,4.66144e6,-2.33150e6,5.85104e-9
1490897880,24888612.366006438,29127238.823616143,4238.626,3.96146e14,0.6157,4.64608e6,-2.32985e6,5.84689e-9
1490897910,24903650.996688433,29144217.495096732,4240.566,3.95530e14,0.7703,4.63909e6,-2.32816e6,5.84263e-9
1490897940,24918744.06947837,29161168.6771001,4242.425,3.99307e14,0.1773,4.65768e6,-2.32642e6,5.83825e-9
1490897970,24933891.13548466,29178092.172340453,4244.201,3.93223e14,1.3491,4.61861e6,-2.32464e6,5.83377e-9
1490898000,24949091.745727487,29194987.784595583,4245.896,3.92112e14,1.6279,4.60849e6,-2.32281e6,5.82916e-9
1490898030,24964345.45118827,29211855.318689585,4247.510,3.97392e14,0.3033,4.63552e6,-2.32093e6,5.82445e-9
1490898060,24979651.802755382,29228694.580530412,4249.043,3.98179e14,0.1058,4.63627e6,-2.31902e6,5.81963e-9
1490898090,24995010.35132598,29245505.377064154,4250.495,3.99487e14,0.2225,4.63995e6,-2.31706e6,5.81470e-9
1490898120,25010420.647804264,29262287.516284544,4251.867,3.97447e14,0.2895,4.62408e6,-2.31505e6,5.80966e-9
1490898150,25025882.24312488,29279040.807228927,4253.159,4.02713e14,1.0318,4.65055e6,-2.31300e6,5.80451e-9
1490898180,25041394.68827609,29295765.059974145,4254.370,4.03308e14,1.1811,4.64980e6,-2.31091e6,5.79925e-9
1490898210,25056957.534322742,29312460.08563257,4255.503,3.98706e14,0.0265,4.61884e6,-2.30878e6,5.79389e-9
1490898240,25072570.332428988,29329125.696347974,4256.555,3.98704e14,0.0260,4.61448e6,-2.30661e6,5.78842e-9
1490898270,25088232.633880723,29345761.70529141,4257.529,4.00067e14,0.3678,4.61792e6,-2.30439e6,5.78285e-9
1490898300,25103943.990107935,29362367.9266572,4258.424,3.98266e14,0.0838,4.60299e6,-2.30214e6,5.77718e-9
1490898330,25119703.952674918,29378944.175663803,4259.240,3.93027e14,1.3983,4.56816e6,-2.29984e6,5.77140e-9
1490898360,25135512.073400006,29395490.26853442,4259.978,3.96929e14,0.4194,4.58601e6,-2.29750e6,5.76553e-9
1490898390,25151367.904278997,29412006.022508364,4260.638,4.00394e14,0.4501,4.60122e6,-2.29513e6,5.75955e-9
1490898420,25167270.997537978,29428491.255831916,4261.220,3.97850e14,0.1882,4.58173e6,-2.29271e6,5.75347e-9
1490898450,25183220.905654162,29444945.78775444,4261.725,4.00349e14,0.4388,4.59118e6,-2.29025e6,5.74729e-9
1490898480,25199217.181376528,29461369.438524216,4262.152,4.03107e14,1.1307,4.60200e6,-2.28776e6,5.74102e-9
1490898510,25215259.377746228,29477762.029384572,4262.503,3.95914e14,0.6741,4.55565e6,-2.28522e6,5.73465e-9
1490898540,25231347.048116736,29494123.382569727,4262.776,3.92797e14,1.4560,4.53266e6,-2.28265e6,5.72818e-9
1490898570,25247479.746173788,29510453.321300905,4262.974,4.04784e14,1.5512,4.59606e6,-2.28004e6,5.72162e-9
1490898600,25263657.02595513,29526751.669782218,4263.095,4.10421e14,2.9656,4.62293e6,-2.27739e6,5.71496e-9
1490898630,25279878.44189988,29543018.253197856,4263.140,3.99729e14,0.2831,4.55644e6,-2.27470e6,5.70821e-9
1490898660,25296143.54877584,29559252.897704586,4263.109,3.95272e14,0.8350,4.52557e6,-2.27198e6,5.70136e-9
1490898690,25312451.901790813,29575455.43043127,4263.004,3.99717e14,0.2800,4.54538e6,-2.26922e6,5.69443e-9
1490898720,25328803.056581855,29591625.67947382,4262.823,4.04211e14,1.4077,4.56534e6,-2.26643e6,5.68740e-9
1490898750,25345196.569234196,29607763.473891076,4262.567,4.03744e14,1.2904,4.55698e6,-2.26360e6,5.68028e-9
1490898780,25361631.99629991,29623868.64370092,4262.237,3.95154e14,0.8646,4.50247e6,-2.26073e6,5.67308e-9
1490898810,25378108.89481644,29639941.019876257,4261.832,3.93046e14,1.3936,4.48474e6,-2.25783e6,5.66578e-9
1490898840,25394626.822324783,29655980.434341025,4261.354,3.97682e14,0.2304,4.50513e6,-2.25489e6,5.65840e-9
1490898870,25411185.336887583,29671986.719966207,4260.801,4.00082e14,0.3718,4.51275e6,-2.25192e6,5.65093e-9
1490898900,25427783.99710692,29687959.71056583,4260.176,3.96045e14,0.6411,4.48394e6,-2.24891e6,5.64337e-9
1490898930,25444422.36212445,29703899.240888856,4259.477,3.98594e14,0.0017,4.49224e6,-2.24587e6,5.63573e-9
1490898960,25461099.99169257,29719805.146628175,4258.705,4.03233e14,1.1622,4.51220e6,-2.24280e6,5.62800e-9
1490898990,25477816.446137615,29735677.26440344,4257.861,4.02126e14,0.8845,4.49972e6,-2.23969e6,5.62020e-9
1490899020,25494571.2863941,29751515.431761295,4256.944,4.02297e14,0.9273,4.49436e6,-2.23655e6,5.61230e-9
1490899050,25511364.074021187,29767319.487171493,4255.955,3.97379e14,0.3064,4.46042e6,-2.23338e6,5.60433e-9
1490899080,25528194.37121902,29783089.270022802,4254.895,3.98028e14,0.1435,4.45765e6,-2.23017e6,5.59627e-9
1490899110,25545061.74084481,29798824.620619144,4253.763,3.99572e14,0.2437,4.45980e6,-2.22693e6,5.58814e-9
1490899140,25561965.746428583,29814525.380175475,4252.560,3.95837e14,0.6933,4.43241e6,-2.22367e6,5.57992e-9
1490899170,25578905.952188827,29830191.390813988,4251.285,3.98753e14,0.0383,4.44207e6,-2.22037e6,5.57163e-9
1490899200,25595881.923047885,29845822.495560024,4249.941,4.02351e14,0.9410,4.45542e6,-2.21703e6,5.56326e-9
1490899230,25612893.224647325,29861418.538341735,4248.525,3.99750e14,0.2883,4.43421e6,-2.21367e6,5.55481e-9
1490899260,25629939.4233621,29876979.36397517,4247.040,3.97435e14,0.2925,4.41457e6,-2.21028e6,5.54628e-9
1490899290,25647020.08631596,29892504.81817154,4245.485,4.00008e14,0.3532,4.42198e6,-2.20686e6,5.53768e-9
1490899320,25664134.78139575,29907994.74752977,4243.860,4.02539e14,0.9881,4.42905e6,-2.20340e6,5.52901e-9
1490899350,25681283.077265657,29923448.999532465,4242.166,3.97838e14,0.1913,4.39609e6,-2.19992e6,5.52026e-9
1490899380,25698464.543381292,29938867.422542177,4240.403,3.96701e14,0.4765,4.38280e6,-2.19641e6,5.51143e-9
1490899410,25715678.75000361,29954249.86579753,4238.571,4.00099e14,0.3759,4.39443e6,-2.19287e6,5.50254e-9
1490899440,25732925.268212512,29969596.179409333,4236.671,3.99818e14,0.3055,4.38573e6,-2.18930e6,5.49357e-9
1490899470,25750203.669920348,29984906.21435678,4234.703,4.00640e14,0.5117,4.38303e6,-2.18571e6,5.48453e-9
1490899500,25767513.527885176,30000179.822483614,4232.666,4.00871e14,0.5697,4.37702e6,-2.18208e6,5.47542e-9
1490899530,25784854.41573755,30015416.856495082,4230.562,4.02251e14,0.9159,4.37723e6,-2.17843e6,5.46624e-9
1490899560,25802225.907950986,30030617.16995194,4228.391,3.98610e14,0.0023,4.34996e6,-2.17475e6,5.45700e-9
1490899590,25819627.579897247,30045780.61726861,4226.153,3.98239e14,0.0906,4.34052e6,-2.17104e6,5.44768e-9
1490899620,25837059.007845126,30060907.05370876,4223.848,3.98228e14,0.0933,4.33299e6,-2.16731e6,5.43830e-9
1490899650,25854519.768972766,30075996.33538161,4221.477,3.94617e14,0.9995,4.30586e6,-2.16355e6,5.42885e-9
1490899680,25872009.44137987,30091048.31923815,4219.039,3.95069e14,0.8860,4.30077e6,-2.15976e6,5.41934e-9
1490899710,25889527.604099646,30106062.86306737,4216.535,3.92948e14,1.4181,4.28170e6,-2.15595e6,5.40976e-9
1490899740,25907073.837110557,30121039.825492542,4213.966,3.99227e14,0.1571,4.30797e6,-2.15211e6,5.40011e-9
1490899770,25924647.721347846,30135979.065967526,4211.331,4.02313e14,0.9314,4.31687e6,-2.14824e6,5.39040e-9
1490899800,25942248.838714913,30150880.444772955,4208.632,4.00355e14,0.4402,4.29852e6,-2.14435e6,5.38063e-9
1490899830,25959876.772074044,30165743.823007263,4205.867,4.00295e14,0.4251,4.29034e6,-2.14044e6,5.37080e-9
1490899860,25977531.10532024,30180569.06259934,4203.038,3.98955e14,0.0889,4.27526e6,-2.13650e6,5.36090e-9
1490899890,25995211.42332878,30195356.02628865,4200.145,4.00843e14,0.5626,4.27743e6,-2.13254e6,5.35095e-9
1490899920,26012917.311986014,30210104.577626675,4197.187,3.95645e14,0.7414,4.24167e6,-2.12855e6,5.34093e-9
1490899950,26030648.358199567,30224814.580973223,4194.166,3.98386e14,0.0538,4.24828e6,-2.12454e6,5.33086e-9
1490899980,26048404.149908256,30239485.901492715,4191.082,4.08470e14,2.4762,4.29387e6,-2.12051e6,5.32072e-9
1490900010,26066184.276091877,30254118.405150477,4187.934,3.96189e14,0.6049,4.22042e6,-2.11645e6,5.31053e-9
1490900040,26083988.326780807,30268711.9587091,4184.724,3.88159e14,2.6195,4.16972e6,-2.11237e6,5.30028e-9
1490900070,26101815.893065337,30283266.429724723,4181.451,3.95052e14,0.8903,4.19808e6,-2.10827e6,5.28997e-9
1490900100,26119666.567104943,30297781.686543345,4178.115,4.02425e14,0.9596,4.22879e6,-2.10414e6,5.27961e-9
1490900130,26137539.942158435,30312257.598306943,4174.718,4.02524e14,0.9844,4.22097e6,-2.10000e6,5.26919e-9
1490900160,26155435.612527613,30326694.034919936,4171.258,3.99069e14,0.1176,4.19442e6,-2.09583e6,5.25872e-9
1490900190,26173353.17363138,30341090.86707535,4167.738,3.97127e14,0.3695,4.17584e6,-2.09164e6,5.24819e-9
1490900220,26191292.22199324,30355447.966241635,4164.156,3.98718e14,0.0296,4.17576e6,-2.08742e6,5.23761e-9
1490900250,26209252.355249736,30369765.20465919,4160.513,4.01955e14,0.8415,4.18420e6,-2.08319e6,5.22698e-9
1490900280,26227233.172158875,30384042.455336783,4156.809,3.96739e14,0.4670,4.14845e6,-2.07894e6,5.21629e-9
1490900310,26245234.272608176,30398279.592048105,4153.045,3.97559e14,0.2612,4.14418e6,-2.07466e6,5.20556e-9
1490900340,26263255.257622767,30412476.489328206,4149.221,3.97670e14,0.2333,4.13617e6,-2.07037e6,5.19477e-9
1490900370,26281295.729373075,30426633.022470012,4145.337,3.97551e14,0.2633,4.12693e6,-2.06605e6,5.18393e-9
1490900400,26299355.291182514,30440749.0675209,4141.394,4.02484e14,0.9743,4.14379e6,-2.06172e6,5.17304e-9
1490900430,26317433.547517024,30454824.50126057,4137.391,4.03787e14,1.3013,4.14176e6,-2.05737e6,5.16211e-9
1490900460,26335530.104047563,30468859.201254863,4133.329,3.94424e14,1.0478,4.08472e6,-2.05299e6,5.15112e-9
1490900490,26353644.567601826,30482853.045794982,4129.208,3.93373e14,1.3115,4.07057e6,-2.04860e6,5.14009e-9
1490900520,26371776.546188932,30496805.913912494,4125.029,4.06198e14,1.9061,4.12758e6,-2.04419e6,5.12901e-9
1490900550,26389925.649006072,30510717.685375717,4120.792,4.04840e14,1.5654,4.11168e6,-2.03976e6,5.11788e-9
1490900580,26408091.48644495,30524588.240686134,4116.497,4.02670e14,1.0208,4.09163e6,-2.03531e6,5.10671e-9
1490900610,26426273.670098055,30538417.461075004,4112.144,4.01351e14,0.6900,4.07592e6,-2.03084e6,5.09549e-9
1490900640,26444471.812764775,30552205.22849969,4107.733,3.99676e14,0.2698,4.05840e6,-2.02636e6,5.08423e-9
1490900670,26462685.528457355,30565951.425640296,4103.266,3.95371e14,0.8102,4.02754e6,-2.02186e6,5.07292e-9
1490900700,26480914.432406683,30579655.935896147,4098.742,3.93240e14,1.3447,4.00775e6,-2.01734e6,5.06157e-9
1490900730,26499158.14108038,30593318.643415492,4094.161,3.98601e14,0.0002,4.02581e6,-2.01280e6,5.05017e-9
1490900760,26517416.272149965,30606939.4329902,4089.523,3.97886e14,0.1793,4.01309e6,-2.00825e6,5.03874e-9
1490900790,26535688.44453462,30620518.19015437,4084.830,3.89146e14,2.3718,3.96002e6,-2.00368e6,5.02726e-9
1490900820,26553974.278394043,30634054.80114838,4080.081,3.93146e14,1.3685,3.97101e6,-1.99909e6,5.01574e-9
1490900850,26572273.395133562,30647549.15291565,4075.276,3.98109e14,0.1232,3.98670e6,-1.99449e6,5.00418e-9
1490900880,26590585.41740917,30661001.13309965,4070.416,3.95295e14,0.8292,3.96341e6,-1.98987e6,4.99257e-9
1490900910,26608909.969132368,30674410.630040914,4065.501,4.01310e14,0.6797,3.98413e6,-1.98523e6,4.98093e-9
1490900940,26627246.675474856,30687777.532773912,4060.531,4.01643e14,0.7633,3.97645e6,-1.98058e6,4.96925e-9
1490900970,26645595.16287309,30701101.73102406,4055.507,3.96107e14,0.6255,3.93963e6,-1.97592e6,4.95753e-9
1490901000,26663955.05903273,30714383.115204625,4050.428,3.96796e14,0.4527,3.93370e6,-1.97124e6,4.94578e-9
1490901030,26682325.992927082,30727621.576370165,4045.296,3.99058e14,0.1147,3.93548e6,-1.96654e6,4.93398e-9
1490901060,26700707.59481915,30740817.0063477,4040.109,3.99757e14,0.2902,3.92949e6,-1.96183e6,4.92215e-9
1490901090,26719099.496247705,30753969.297599193,4034.870,3.99566e14,0.2422,3.91909e6,-1.95710e6,4.91028e-9
1490901120,26737501.33003687,30767078.34326162,4029.577,3.97661e14,0.2356,3.90026e6,-1.95236e6,4.89838e-9
1490901150,26755912.73029977,30780144.037143573,4024.231,3.98369e14,0.0581,3.89421e6,-1.94761e6,4.88644e-9
1490901180,26774333.332442105,30793166.273721844,4018.833,4.00696e14,0.5257,3.89602e6,-1.94284e6,4.87446e-9
1490901210,26792762.77316549,30806144.948138066,4013.382,4.00792e14,0.5498,3.88689e6,-1.93806e6,4.86246e-9
1490901240,26811200.690470733,30819079.95619527,4007.879,3.91234e14,1.8480,3.83091e6,-1.93326e6,4.85041e-9
1490901270,26829646.723660942,30831971.194354508,4002.324,3.94146e14,1.1176,3.83547e6,-1.92846e6,4.83834e-9
1490901300,26848100.513344485,30844818.559731543,3996.718,3.96939e14,0.4168,3.83935e6,-1.92363e6,4.82623e-9
1490901330,26866561.701437056,30857621.950132716,3991.060,3.93856e14,1.1902,3.81486e6,-1.91880e6,4.81408e-9
1490901360,26885029.931167044,30870381.26393081,3985.351,3.96984e14,0.4055,3.82023e6,-1.91395e6,4.80191e-9
1490901390,26903504.847075354,30883096.400182784,3979.592,4.00146e14,0.3878,3.82567e6,-1.90909e6,4.78971e-9
1490901420,26921986.095018826,30895767.258587763,3973.781,3.93956e14,1.1651,3.78633e6,-1.90422e6,4.77747e-9
1490901450,26940473.322172552,30908393.73948404,3967.920,3.89803e14,2.2071,3.75682e6,-1.89933e6,4.76520e-9
1490901480,26958966.177032195,30920975.74384626,3962.010,3.95256e14,0.8390,3.77305e6,-1.89444e6,4.75290e-9
1490901510,26977464.30941605,30933513.173282657,3956.049,3.95866e14,0.6860,3.76616e6,-1.88953e6,4.74058e-9
1490901540,26995967.370467078,30946005.930032123,3950.039,4.00299e14,0.4262,3.77731e6,-1.88461e6,4.72822e-9
1490901570,27014475.01265482,30958453.91696152,3943.979,4.01363e14,0.6930,3.77244e6,-1.87967e6,4.71584e-9
1490901600,27032986.889777236,30970857.037562862,3937.870,4.01910e14,0.8304,3.76509e6,-1.87473e6,4.70342e-9
1490901630,27051502.656969223,30983215.19592963,3931.713,4.00350e14,0.4389,3.74781e6,-1.86978e6,4.69098e-9
1490901660,27070021.97068287,30995528.29681863,3925.506,3.95912e14,0.6744,3.71709e6,-1.86481e6,4.67852e-9
1490901690,27088544.488710497,31007796.24558261,3919.252,3.94552e14,1.0157,3.70082e6,-1.85984e6,4.66602e-9
1490901720,27107069.87017907,31020018.948188264,3912.949,3.99777e14,0.2952,3.71521e6,-1.85485e6,4.65350e-9
1490901750,27125597.775551487,31032196.31121337,3906.599,3.98782e14,0.0455,3.70058e6,-1.84985e6,4.64095e-9
1490901780,27144127.866627812,31044328.241843864,3900.200,3.97130e14,0.3689,3.68291e6,-1.84484e6,4.62838e-9
1490901810,27162659.806546386,31056414.64787109,3893.755,4.02599e14,1.0033,3.69814e6,-1.83983e6,4.61578e-9
1490901840,27181193.259784788,31068455.43768879,3887.262,3.97864e14,0.1846,3.66623e6,-1.83480e6,4.60316e-9
1490901870,27199727.892160725,31080450.520290315,3880.723,3.98374e14,0.0569,3.65850e6,-1.82976e6,4.59051e-9
1490901900,27218263.370832827,31092399.805265743,3874.136,3.98908e14,0.0773,3.65085e6,-1.82472e6,4.57784e-9
1490901930,27236799.364290148,31104303.20279933,3867.504,3.96775e14,0.4580,3.63099e6,-1.81966e6,4.56514e-9
1490901960,27255335.54238719,31116160.62366568,3860.825,4.01155e14,0.6409,3.64082e6,-1.81460e6,4.55242e-9
1490901990,27273871.576309796,31127971.979227893,3854.100,4.00950e14,0.5894,3.62971e6,-1.80952e6,4.53968e-9
1490902020,27292407.13858652,31139737.181434374,3847.330,4.02451e14,0.9659,3.62630e6,-1.80444e6,4.52692e-9
1490902050,27310941.903088935,31151456.14281609,3840.514,3.95057e14,0.8889,3.58269e6,-1.79935e6,4.51413e-9
1490902080,27329475.545031663,31163128.7764837,3833.653,3.91688e14,1.7341,3.55736e6,-1.79425e6,4.50133e-9
1490902110,27348007.74097238,31174754.996124834,3826.747,3.96567e14,0.5103,3.56912e6,-1.78914e6,4.48850e-9
1490902140,27366538.16881174,31186334.716001313,3819.797,3.93892e14,1.1812,3.54694e6,-1.78402e6,4.47565e-9
1490902170,27385066.507793196,31197867.850946423,3812.801,4.04783e14,1.5509,3.58535e6,-1.77889e6,4.46278e-9
1490902200,27403592.438502688,31209354.316362195,3805.762,4.04005e14,1.3558,3.57154e6,-1.77376e6,4.44989e-9
1490902230,27422115.642879985,31220794.028230503,3798.678,3.91437e14,1.7971,3.50542e6,-1.76862e6,4.43698e-9
1490902260,27440635.804182477,31232186.903067905,3791.551,3.95076e14,0.8843,3.51130e6,-1.76347e6,4.42405e-9
1490902290,27459152.60702057,31243532.857965577,3784.380,3.99764e14,0.2919,3.52171e6,-1.75831e6,4.41111e-9
1490902320,27477665.737345528,31254831.81057303,3777.166,4.00549e14,0.4890,3.51482e6,-1.75315e6,4.39814e-9
1490902350,27496174.882449023,31266083.679095563,3769.909,3.98870e14,0.0676,3.49708e6,-1.74798e6,4.38516e-9
1490902380,27514679.73096241,31277288.382291827,3762.609,3.99771e14,0.2936,3.49066e6,-1.74280e6,4.37215e-9
1490902410,27533179.972856104,31288445.839471366,3755.266,3.97323e14,0.3204,3.46960e6,-1.73761e6,4.35914e-9
1490902440,27551675.299438775,31299555.970492147,3747.881,3.97353e14,0.3129,3.45936e6,-1.73242e6,4.34610e-9
1490902470,27570165.403356507,31310618.695758134,3740.453,3.93366e14,1.3132,3.43170e6,-1.72722e6,4.33305e-9
1490902500,27588649.97859188,31321633.936216827,3732.984,3.89591e14,2.2604,3.40504e6,-1.72202e6,4.31998e-9
1490902530,27607128.720456198,31332601.613335676,3725.473,3.93301e14,1.3296,3.41071e6,-1.71680e6,4.30689e-9
1490902560,27625601.325609308,31343521.64916496,3717.920,3.96134e14,0.6189,3.41250e6,-1.71159e6,4.29379e-9
1490902590,27644067.492037542,31354393.966269996,3710.326,4.04062e14,1.3701,3.43601e6,-1.70636e6,4.28067e-9
1490902620,27662526.919059176,31365218.48774976,3702.692,4.04720e14,1.5352,3.42829e6,-1.70113e6,4.26754e-9
1490902650,27680979.30732315,31375995.13723423,3695.016,3.97777e14,0.2066,3.38819e6,-1.69589e6,4.25439e-9
1490902680,27699424.358807556,31386723.83888192,3687.299,3.97537e14,0.2668,3.37669e6,-1.69065e6,4.24123e-9
1490902710,27717861.776818264,31397404.517377347,3679.543,4.01830e14,0.8103,3.38436e6,-1.68540e6,4.22805e-9
1490902740,27736291.26598726,31408037.097928498,3671.746,3.97539e14,0.2662,3.35572e6,-1.68015e6,4.21486e-9
1490902770,27754712.53227107,31418621.506264318,3663.909,3.90084e14,2.1366,3.31389e6,-1.67489e6,4.20166e-9
1490902800,27773125.282949015,31429157.668632228,3656.032,3.91998e14,1.6564,3.31149e6,-1.66962e6,4.18844e-9
1490902830,27791529.226621542,31439645.511820342,3648.116,3.99500e14,0.2256,3.33235e6,-1.66435e6,4.17521e-9
1490902860,27809924.073208235,31450084.963079173,3640.161,4.02601e14,1.0037,3.33469e6,-1.65908e6,4.16197e-9
1490902890,27828309.533946067,31460475.95019504,3632.166,3.99833e14,0.3091,3.31259e6,-1.65380e6,4.14872e-9
1490902920,27846685.321387354,31470818.401463524,3624.133,3.99386e14,0.1972,3.30016e6,-1.64852e6,4.13545e-9
1490902950,27865051.149397794,31481112.2456871,3616.061,4.02172e14,0.8961,3.30105e6,-1.64323e6,4.12217e-9
1490902980,27883406.733154338,31491357.412173066,3607.951,3.95428e14,0.7959,3.26270e6,-1.63793e6,4.10888e-9
1490903010,27901751.789143197,31501553.830731403,3599.802,4.00358e14,0.4409,3.27233e6,-1.63263e6,4.09558e-9
1490903040,27920086.03515747,31511701.431672648,3591.615,4.03750e14,1.2919,3.27555e6,-1.62733e6,4.08227e-9
1490903070,27938409.19029506,31521800.14580575,3583.391,3.98797e14,0.0492,3.24470e6,-1.62202e6,4.06894e-9
1490903100,27956720.974956322,31531849.90443599,3575.129,4.05980e14,1.8514,3.26321e6,-1.61671e6,4.05561e-9
1490903130,27975021.110845488,31541850.639341377,3566.830,4.04581e14,1.5003,3.24682e6,-1.61140e6,4.04226e-9
1490903160,27993309.32095687,31551802.28283678,3558.493,3.97108e14,0.3744,3.20599e6,-1.60608e6,4.02891e-9
1490903190,28011585.32958381,31561704.767705552,3550.119,3.92078e14,1.6363,3.17516e6,-1.60075e6,4.01555e-9
1490903220,28029848.8623126,31571558.02721869,3541.709,3.88743e14,2.4729,3.15125e6,-1.59543e6,4.00218e-9
1490903250,28048099.64601994,31581361.995132558,3533.262,3.95499e14,0.7781,3.16766e6,-1.59010e6,3.98879e-9
1490903280,28066337.408870474,31591116.6056867,3524.779,4.00367e14,0.4433,3.17638e6,-1.58476e6,3.97540e-9
1490903310,28084561.880314197,31600821.793601595,3516.260,4.03602e14,1.2547,3.17850e6,-1.57942e6,3.96200e-9
1490903340,28102772.791083794,31610477.49407633,3507.705,4.02290e14,0.9256,3.16256e6,-1.57408e6,3.94860e-9
1490903370,28120969.87319208,31620083.64278648,3499.114,4.00189e14,0.3986,3.14356e6,-1.56874e6,3.93518e-9
1490903400,28139152.859929193,31629640.175881796,3490.487,4.05163e14,1.6465,3.15234e6,-1.56339e6,3.92176e-9
1490903430,28157321.485855527,31639147.029992472,3481.826,4.00023e14,0.3569,3.12146e6,-1.55804e6,3.90833e-9
1490903460,28175475.486812502,31648604.14220108,3473.129,3.97374e14,0.3077,3.10041e6,-1.55269e6,3.89489e-9
1490903490,28193614.599906143,31658011.45006622,3464.397,3.97149e14,0.3641,3.08884e6,-1.54733e6,3.88144e-9
1490903520,28211738.56350859,31667368.891612154,3455.630,4.01624e14,0.7586,3.09545e6,-1.54197e6,3.86799e-9
1490903550,28229847.11725518,31676676.40532666,3446.829,4.01090e14,0.6246,3.08263e6,-1.53661e6,3.85453e-9
1490903580,28247940.00204144,31685933.930159062,3437.994,3.98107e14,0.1238,3.06040e6,-1.53125e6,3.84107e-9
1490903610,28266016.960020103,31695141.405518178,3429.124,4.04946e14,1.5919,3.07585e6,-1.52588e6,3.82759e-9
1490903640,28284077.734598044,31704298.771270346,3420.221,4.03487e14,1.2259,3.05946e6,-1.52051e6,3.81412e-9
1490903670,28302122.070433196,31713405.967737496,3411.284,3.97785e14,0.2045,3.02698e6,-1.51514e6,3.80063e-9
1490903700,28320149.713431414,31722462.935695168,3402.313,3.92395e14,1.5568,2.99582e6,-1.50977e6,3.78714e-9
1490903730,28338160.410749953,31731469.61637947,3393.309,3.97184e14,0.3555,3.00322e6,-1.50439e6,3.77365e-9
1490903760,28356153.910773948,31740425.95145793,3384.272,4.01672e14,0.7706,3.00936e6,-1.49901e6,3.76015e-9
1490903790,28374129.96313355,31749331.883054957,3375.202,3.95382e14,0.8075,2.97499e6,-1.49363e6,3.74665e-9
1490903820,28392088.31869419,31758187.353741307,3366.099,3.95478e14,0.7833,2.96462e6,-1.48825e6,3.73314e-9
1490903850,28410028.729553223,31766992.306532186,3356.964,4.01245e14,0.6636,2.97535e6,-1.48287e6,3.71962e-9
1490903880,28427950.949036792,31775746.684885573,3347.796,4.01319e14,0.6821,2.96481e6,-1.47748e6,3.70610e-9
1490903910,28445854.73169643,31784450.432700474,3338.596,3.98721e14,0.0302,2.94440e6,-1.47209e6,3.69258e-9
1490903940,28463739.833305784,31793103.494315132,3329.364,3.92610e14,1.5029,2.91114e6,-1.46670e6,3.67906e-9
1490903970,28481606.010857213,31801705.81450537,3320.100,4.06461e14,1.9721,2.95121e6,-1.46131e6,3.66553e-9
1490904000,28499453.0225584,31810257.338482782,3310.804,4.10350e14,2.9476,2.95452e6,-1.45592e6,3.65199e-9
1490904030,28517280.627816573,31818758.011876326,3301.477,3.98240e14,0.0905,2.89950e6,-1.45053e6,3.63845e-9
1490904060,28535088.587273225,31827207.780782226,3292.119,3.97164e14,0.3603,2.88482e6,-1.44513e6,3.62491e-9
1490904090,28552876.662762202,31835606.591710396,3282.730,3.91762e14,1.7156,2.85454e6,-1.43974e6,3.61137e-9
1490904120,28570644.617318563,31843954.39159932,3273.310,4.00679e14,0.5214,2.87591e6,-1.43434e6,3.59783e-9
1490904150,28588392.215174966,31852251.127814326,3263.859,4.01661e14,0.7678,2.86861e6,-1.42894e6,3.58428e-9
1490904180,28606119.221758038,31860496.74814565,3254.378,3.97561e14,0.2608,2.84313e6,-1.42354e6,3.57073e-9
1490904210,28623825.403684705,31868691.200806614,3244.866,4.02871e14,1.0714,2.85123e6,-1.41814e6,3.55717e-9
1490904240,28641510.528758522,31876834.434431788,3235.324,4.02545e14,0.9896,2.83921e6,-1.41274e6,3.54362e-9
1490904270,28659174.365965955,31884926.398075223,3225.752,3.97943e14,0.1649,2.81210e6,-1.40734e6,3.53006e-9
1490904300,28676816.685472764,31892967.041208584,3216.150,3.91048e14,1.8947,2.77706e6,-1.40194e6,3.51650e-9
1490904330,28694437.258639745,31900956.313728217,3206.519,3.98763e14,0.0408,2.79338e6,-1.39654e6,3.50294e-9
1490904360,28712035.857958626,31908894.165926054,3196.858,4.09723e14,2.7904,2.82081e6,-1.39113e6,3.48938e-9
1490904390,28729612.257109243,31916780.548515346,3187.168,4.03009e14,1.1060,2.78651e6,-1.38573e6,3.47581e-9
1490904420,28747166.230936095,31924615.41262012,3177.449,3.98665e14,0.0162,2.76060e6,-1.38032e6,3.46225e-9
1490904450,28764697.55544478,31932398.70977346,3167.701,3.94656e14,0.9896,2.73596e6,-1.37492e6,3.44868e-9
1490904480,28782206.007798344,31940130.391915884,3157.924,3.92543e14,1.5197,2.71794e6,-1.36951e6,3.43511e-9
1490904510,28799691.366313707,31947810.411393825,3148.119,3.93583e14,1.2588,2.71077e6,-1.36411e6,3.42154e-9
1490904540,28817153.41045785,31955438.720957935,3138.285,3.87642e14,2.7492,2.67978e6,-1.35870e6,3.40798e-9
1490904570,28834591.920844242,31963015.27376158,3128.423,3.99182e14,0.1458,2.70828e6,-1.35329e6,3.39441e-9
1490904600,28852006.67922898,31970540.023359317,3118.533,4.07966e14,2.3496,2.72715e6,-1.34789e6,3.38084e-9
1490904630,28869397.468483467,31978012.923713494,3108.615,4.01754e14,0.7912,2.69530e6,-1.34248e6,3.36727e-9
1490904660,28886764.072663877,31985433.92916766,3098.670,3.97224e14,0.3453,2.66925e6,-1.33708e6,3.35370e-9
1490904690,28904106.276933517,31992802.99447014,3088.697,3.90142e14,2.1220,2.63479e6,-1.33167e6,3.34013e-9
1490904720,28921423.86758284,32000120.07476454,3078.696,3.89194e14,2.3598,2.62094e6,-1.32626e6,3.32656e-9
1490904750,28938716.632025305,32007385.12558832,3068.668,3.92728e14,1.4734,2.62196e6,-1.32086e6,3.31299e-9
1490904780,28955984.35879347,32014598.102871463,3058.614,3.98923e14,0.0809,2.63167e6,-1.31545e6,3.29942e-9
1490904810,28973226.837534845,32021758.962935068,3048.532,4.00360e14,0.4415,2.62557e6,-1.31004e6,3.28586e-9
1490904840,28990443.85900794,32028867.662489958,3038.424,4.00107e14,0.3780,2.61391e6,-1.30464e6,3.27229e-9
1490904870,29007635.215078037,32035924.158635356,3028.289,4.00809e14,0.5540,2.60536e6,-1.29923e6,3.25873e-9
1490904900,29024800.698713303,32042928.40885746,3018.128,3.99429e14,0.2078,2.59004e6,-1.29383e6,3.24516e-9
1490904930,29041940.104001984,32049880.37100448,3007.940,3.97212e14,0.3484,2.57205e6,-1.28842e6,3.23160e-9
1490904960,29059053.22608234,32056780.00335811,2997.727,4.00227e14,0.4080,2.57096e6,-1.28302e6,3.21803e-9
1490904990,29076139.8612051,32063627.26455927,2987.487,4.03711e14,1.2821,2.57130e6,-1.27762e6,3.20447e-9
1490905020,29093199.806707945,32070422.11363002,2977.222,3.98471e14,0.0326,2.54370e6,-1.27221e6,3.19091e-9
1490905050,29110232.861011643,32077164.50997216,2966.932,4.01417e14,0.7066,2.54226e6,-1.26681e6,3.17736e-9
1490905080,29127238.823616143,32083854.413365655,2956.616,4.01026e14,0.6086,2.53018e6,-1.26141e6,3.16380e-9
1490905110,29144217.495096732,32090491.783967167,2946.274,3.99701e14,0.2762,2.51517e6,-1.25601e6,3.15025e-9
1490905140,29161168.6771001,32097076.582308497,2935.908,4.05766e14,1.7977,2.52337e6,-1.25061e6,3.13669e-9
1490905170,29178092.172340453,32103608.769295182,2925.517,4.03768e14,1.2964,2.50623e6,-1.24521e6,3.12314e-9
1490905200,29194987.784595583,32110088.306204997,2915.101,4.09701e14,2.7850,2.51382e6,-1.23981e6,3.10959e-9
1490905230,29211855.318689585,32116515.154719472,2904.660,4.12683e14,3.5330,2.51210e6,-1.23441e6,3.09605e-9
1490905260,29228694.580530412,32122889.276820965,2894.195,4.00732e14,0.5349,2.46428e6,-1.22902e6,3.08250e-9
1490905290,29245505.377064154,32129210.634893086,2883.705,3.91991e14,1.6582,2.42663e6,-1.22362e6,3.06896e-9
1490905320,29262287.516284544,32135479.191686586,2873.192,3.91996e14,1.6569,2.41594e6,-1.21823e6,3.05542e-9
1490905350,29279040.807228927,32141694.910318296,2862.654,3.93341e14,1.3195,2.40933e6,-1.21283e6,3.04189e-9
1490905380,29295765.059974145,32147857.75427008,2852.093,3.97770e14,0.2083,2.41203e6,-1.20744e6,3.02835e-9
1490905410,29312460.08563257,32153967.687387742,2841.508,4.04206e14,1.4063,2.42066e6,-1.20205e6,3.01482e-9
1490905440,29329125.696347974,32160024.67388003,2830.899,4.06677e14,2.0262,2.41722e6,-1.19666e6,3.00130e-9
1490905470,29345761.70529141,32166028.67831749,2820.267,3.98648e14,0.0119,2.38234e6,-1.19127e6,2.98777e-9
1490905500,29362367.9266572,32171979.66563154,2809.612,3.91044e14,1.8958,2.34894e6,-1.18588e6,2.97425e-9
1490905530,29378944.175663803,32177877.601075947,2798.933,3.94232e14,1.0960,2.34771e6,-1.18049e6,2.96073e-9
1490905560,29395490.26853442,32183722.4503412,2788.232,3.94365e14,1.0626,2.33739e6,-1.17511e6,2.94722e-9
1490905590,29412006.022508364,32189514.17943772,2777.508,4.00289e14,0.4235,2.34405e6,-1.16972e6,2.93370e-9
1490905620,29428491.255831916,32195252.754732057,2766.761,4.04093e14,1.3779,2.34437e6,-1.16434e6,2.92020e-9
1490905650,29444945.78775444,32200938.142945476,2755.992,4.02351e14,0.9410,2.32847e6,-1.15896e6,2.90669e-9
1490905680,29461369.438524216,32206570.311152726,2745.201,3.99604e14,0.2518,2.30971e6,-1.15358e6,2.89319e-9
1490905710,29477762.029384572,32212149.22678068,2734.387,4.04140e14,1.3898,2.31200e6,-1.14820e6,2.87969e-9
1490905740,29494123.382569727,32217674.85760706,2723.551,4.08086e14,2.3797,2.31248e6,-1.14282e6,2.86620e-9
1490905770,29510453.321300905,32223147.171759166,2712.694,4.05574e14,1.7494,2.29443e6,-1.13745e6,2.85271e-9
1490905800,29526751.669782218,32228566.13771259,2701.814,4.00860e14,0.5668,2.27020e6,-1.13207e6,2.83922e-9
1490905830,29543018.253197856,32233931.72433064,2690.913,3.98888e14,0.0721,2.25385e6,-1.12670e6,2.82574e-9
1490905860,29559252.897704586,32239243.9007379,2679.991,4.00189e14,0.3987,2.24676e6,-1.12133e6,2.81226e-9
1490905890,29575455.43043127,32244502.636444606,2669.047,3.97282e14,0.3308,2.22786e6,-1.11596e6,2.79878e-9
1490905920,29591625.67947382,32249707.90130517,2658.082,3.88833e14,2.4505,2.19361e6,-1.11059e6,2.78531e-9
1490905950,29607763.473891076,32254859.665517334,2647.096,3.95308e14,0.8259,2.20096e6,-1.10522e6,2.77185e-9
1490905980,29623868.64370092,32259957.899621334,2636.089,4.02086e14,0.8745,2.20897e6,-1.09986e6,2.75838e-9
1490906010,29639941.019876257,32265002.5744992,2625.062,3.98999e14,0.1000,2.18972e6,-1.09450e6,2.74492e-9
1490906040,29655980.434341025,32269993.661373846,2614.013,4.07293e14,2.1809,2.20164e6,-1.08913e6,2.73147e-9
1490906070,29671986.719966207,32274931.131808314,2602.944,3.96696e14,0.4778,2.16200e6,-1.08377e6,2.71802e-9
1490906100,29687959.71056583,32279814.957705054,2591.855,3.95513e14,0.7745,2.14811e6,-1.07842e6,2.70458e-9
1490906130,29703899.240888856,32284645.111261744,2580.746,4.02956e14,1.0928,2.15747e6,-1.07306e6,2.69114e-9
1490906160,29719805.146628175,32289421.565104093,2569.616,3.86521e14,3.0305,2.10269e6,-1.06771e6,2.67770e-9
1490906190,29735677.26440344,32294144.292151105,2558.467,3.82767e14,3.9723,2.08215e6,-1.06235e6,2.66427e-9
1490906220,29751515.431761295,32298813.26565731,2547.298,3.92904e14,1.4291,2.09853e6,-1.05700e6,2.65084e-9
1490906250,29767319.487171493,32303428.459211558,2536.109,3.93182e14,1.3594,2.08864e6,-1.05165e6,2.63742e-9
1490906280,29783089.270022802,32307989.846736003,2524.901,3.96026e14,0.6459,2.08548e6,-1.04631e6,2.62400e-9
1490906310,29798824.620619144,32312497.402484935,2513.673,4.03151e14,1.1418,2.09343e6,-1.04096e6,2.61059e-9
1490906340,29814525.380175475,32316951.101043683,2502.426,4.06371e14,1.9495,2.09104e6,-1.03562e6,2.59719e-9
1490906370,29830191.390813988,32321350.917327486,2491.160,3.96741e14,0.4664,2.05537e6,-1.03028e6,2.58378e-9
1490906400,29845822.495560024,32325696.8265805,2479.874,3.87210e14,2.8576,2.02022e6,-1.02494e6,2.57039e-9
1490906430,29861418.538341735,32329988.804415915,2468.570,3.93361e14,1.3144,2.02542e6,-1.01960e6,2.55699e-9
1490906460,29876979.36397517,32334226.826687913,2457.247,4.01585e14,0.7489,2.03574e6,-1.01427e6,2.54361e-9
1490906490,29892504.81817154,32338410.86961808,2445.906,3.93160e14,1.3648,2.00372e6,-1.00893e6,2.53022e-9
1490906520,29907994.74752977,32342540.9097536,2434.546,3.92096e14,1.6318,1.99045e6,-1.00360e6,2.51685e-9
1490906550,29923448.999532465,32346616.92396652,2423.168,4.04268e14,1.4220,2.01035e6,-9.98274e5,2.50347e-9
1490906580,29938867.422542177,32350638.889453273,2411.771,4.06231e14,1.9143,2.00451e6,-9.92947e5,2.49011e-9
1490906610,29954249.86579753,32354606.78373405,2400.357,4.05832e14,1.8141,1.99276e6,-9.87622e5,2.47674e-9
1490906640,29969596.179409333,32358520.58465228,2388.924,3.96434e14,0.5435,1.95887e6,-9.82299e5,2.46339e-9
1490906670,29984906.21435678,32362380.270374063,2377.474,3.98301e14,0.0751,1.95283e6,-9.76978e5,2.45004e-9
1490906700,30000179.822483614,32366185.819387656,2366.006,3.95614e14,0.7493,1.93565e6,-9.71660e5,2.43669e-9
1490906730,30015416.856495082,32369937.210474916,2354.520,3.83865e14,3.6967,1.89658e6,-9.66343e5,2.42335e-9
1490906760,30030617.16995194,32373634.422797207,2343.017,3.94383e14,1.0580,1.91150e6,-9.61028e5,2.41002e-9
1490906790,30045780.61726861,32377277.43580815,2331.497,4.03079e14,1.1235,1.92177e6,-9.55716e5,2.39669e-9
1490906820,30060907.05370876,32380866.229280956,2319.959,3.91024e14,1.9008,1.88236e6,-9.50406e5,2.38336e-9
1490906850,30075996.33538161,32384400.78330761,2308.404,3.84384e14,3.5665,1.85610e6,-9.45098e5,2.37004e-9
1490906880,30091048.31923815,32387881.07829822,2296.833,4.02026e14,0.8593,1.88726e6,-9.39792e5,2.35673e-9
1490906910,30106062.86306737,32391307.094980128,2285.244,4.15585e14,4.2609,1.90838e6,-9.34488e5,2.34342e-9
1490906940,30121039.825492542,32394678.814397242,2273.639,3.93234e14,1.3463,1.84547e6,-9.29187e5,2.33012e-9
1490906970,30135979.065967526,32397996.217909195,2262.017,3.88736e14,2.4748,1.82452e6,-9.23887e5,2.31682e-9
1490907000,30150880.444772955,32401259.287190575,2250.379,4.07257e14,2.1718,1.85672e6,-9.18590e5,2.30353e-9
1490907030,30165743.823007263,32404468.004236672,2238.724,4.08441e14,2.4687,1.84872e6,-9.13295e5,2.29024e-9
1490907060,30180569.06259934,32407622.351342812,2227.053,3.98881e14,0.0705,1.81624e6,-9.08002e5,2.27696e-9
1490907090,30195356.02628865,32410722.311123576,2215.366,3.95331e14,0.8203,1.79762e6,-9.02712e5,2.26369e-9
1490907120,30210104.577626675,32413767.86650566,2203.663,3.99838e14,0.3106,1.79723e6,-8.97423e5,2.25042e-9
1490907150,30224814.580973223,32416759.000727233,2191.944,3.91611e14,1.7536,1.76823e6,-8.92137e5,2.23716e-9
1490907180,30239485.901492715,32419695.697337214,2180.210,3.92452e14,1.5424,1.75963e6,-8.86854e5,2.22390e-9
1490907210,30254118.405150477,32422577.940194797,2168.460,4.01883e14,0.8234,1.76999e6,-8.81572e5,2.21065e-9
1490907240,30268711.9587091,32425405.713468682,2156.694,4.03329e14,1.1862,1.76257e6,-8.76293e5,2.19740e-9
1490907270,30283266.429724723,32428179.001636647,2144.913,4.07569e14,2.2500,1.76121e6,-8.71016e5,2.18416e-9
1490907300,30297781.686543345,32430897.78948487,2133.116,4.05306e14,1.6823,1.74563e6,-8.65741e5,2.17092e-9
1490907330,30312257.598306943,32433562.0621176,2121.304,3.97219e14,0.3465,1.71755e6,-8.60468e5,2.15770e-9
1490907360,30326694.034919936,32436171.80492542,2109.478,3.87496e14,2.7859,1.68617e6,-8.55198e5,2.14447e-9
1490907390,30341090.86707535,32438727.003616013,2097.636,4.00494e14,0.4751,1.70348e6,-8.49930e5,2.13125e-9
1490907420,30355447.966241635,32441227.644203648,2085.780,4.07480e14,2.2277,1.70772e6,-8.44664e5,2.11804e-9
1490907450,30369765.20465919,32443673.7130088,2073.909,3.97474e14,0.2826,1.67602e6,-8.39401e5,2.10484e-9
1490907480,30384042.455336783,32446065.196657818,2062.023,4.01987e14,0.8497,1.67495e6,-8.34140e5,2.09163e-9
1490907510,30398279.592048105,32448402.082082514,2050.122,4.04287e14,1.4266,1.66917e6,-8.28881e5,2.07844e-9
1490907540,30412476.489328206,32450684.35651993,2038.208,3.99146e14,0.1369,1.64796e6,-8.23624e5,2.06525e-9
1490907570,30426633.022470012,32452912.00751192,2026.279,4.02903e14,1.0794,1.64515e6,-8.18370e5,2.05207e-9
1490907600,30440749.0675209,32455085.022904858,2014.336,4.13636e14,3.7722,1.65648e6,-8.13118e5,2.03889e-9
1490907630,30454824.50126057,32457203.39083852,2002.379,4.08264e14,2.4243,1.63489e6,-8.07868e5,2.02572e-9
