Timestamp,R_A,R_B,Delta_H_km,GM,Error_Pct,Term_Time,Term_Kinetic,Term_Potential
1512606030,28148392.965727385,31687682.925205436,3539.290,3.97853e14,0.1876,3.16055e6,-1.58187e6,3.96800e-9
1512606060,28166839.853294723,31697314.173445262,3530.474,4.00178e14,0.3959,3.15885e6,-1.57641e6,3.95433e-9
1512606090,28185271.58913386,31706895.036848977,3521.623,3.96343e14,0.5663,3.13281e6,-1.57096e6,3.94064e-9
1512606120,28203687.907654826,31716425.453335736,3512.738,3.92271e14,1.5880,3.10593e6,-1.56551e6,3.92695e-9
1512606150,28222088.544568747,31725905.361290876,3503.817,3.98299e14,0.0757,3.11869e6,-1.56005e6,3.91326e-9
1512606180,28240473.23688476,31735334.69956386,3494.861,3.98039e14,0.1408,3.10676e6,-1.55459e6,3.89955e-9
1512606210,28258841.72290677,31744713.407466125,3485.872,4.03359e14,1.1938,3.11652e6,-1.54913e6,3.88585e-9
1512606240,28277193.74223017,31754041.424769048,3476.848,3.96086e14,0.6309,3.07736e6,-1.54366e6,3.87213e-9
1512606270,28295529.03573857,31763318.691701896,3467.790,3.89988e14,2.1606,3.04293e6,-1.53819e6,3.85842e-9
1512606300,28313847.345600538,31772545.148949746,3458.698,4.04146e14,1.3912,3.08654e6,-1.53273e6,3.84469e-9
1512606330,28332148.415271174,31781720.73765803,3449.572,4.06408e14,1.9588,3.08419e6,-1.52726e6,3.83097e-9
1512606360,28350431.98947344,31790845.39941036,3440.413,4.01816e14,0.8068,3.05561e6,-1.52178e6,3.81723e-9
1512606390,28368697.814210173,31799919.076246884,3431.221,4.03914e14,1.3330,3.05260e6,-1.51631e6,3.80350e-9
1512606420,28386945.63675568,31808941.71065579,3421.996,3.98540e14,0.0151,3.02121e6,-1.51083e6,3.78976e-9
1512606450,28405175.205652352,31817913.24557134,3412.738,3.97559e14,0.2613,3.00654e6,-1.50536e6,3.77602e-9
1512606480,28423386.2707071,31826833.624371953,3403.447,3.94699e14,0.9788,2.98484e6,-1.49988e6,3.76227e-9
1512606510,28441578.58298801,31835702.79087842,3394.124,3.97013e14,0.3982,2.98261e6,-1.49440e6,3.74852e-9
1512606540,28459751.894820623,31844520.689351913,3384.769,3.99682e14,0.2712,2.98163e6,-1.48892e6,3.73476e-9
1512606570,28477905.959784504,31853287.26449219,3375.381,3.90703e14,1.9813,2.93724e6,-1.48343e6,3.72101e-9
1512606600,28496040.532709576,31862002.46143571,3365.962,3.95375e14,0.8091,2.94370e6,-1.47795e6,3.70725e-9
1512606630,28514155.369656887,31870666.225746524,3356.511,3.95731e14,0.7198,2.93409e6,-1.47247e6,3.69349e-9
1512606660,28532250.227962874,31879278.50343697,3347.028,4.01826e14,0.8091,2.94559e6,-1.46698e6,3.67972e-9
1512606690,28550324.866187595,31887839.240943056,3337.514,4.05653e14,1.7693,2.94860e6,-1.46149e6,3.66595e-9
1512606720,28568379.044126403,31896348.385130044,3327.969,4.01671e14,0.7705,2.92298e6,-1.45601e6,3.65218e-9
1512606750,28586412.522806026,31904805.883290533,3318.393,3.98290e14,0.0780,2.89966e6,-1.45052e6,3.63841e-9
1512606780,28604425.06448062,31913211.683142662,3308.787,3.95035e14,0.8945,2.87689e6,-1.44503e6,3.62464e-9
1512606810,28622416.43262783,31921565.732828267,3299.149,3.95560e14,0.7628,2.86785e6,-1.43954e6,3.61087e-9
1512606840,28640386.391944826,31929867.98091108,3289.482,3.97825e14,0.1946,2.86506e6,-1.43405e6,3.59709e-9
1512606870,28658334.708344243,31938118.376374908,3279.784,3.97846e14,0.1893,2.85417e6,-1.42856e6,3.58331e-9
1512606900,28676261.148950186,31946316.868621875,3270.056,3.95618e14,0.7482,2.83524e6,-1.42307e6,3.56954e-9
1512606930,28694165.482112013,31954463.407478094,3260.298,4.01903e14,0.8286,2.84665e6,-1.41758e6,3.55576e-9
1512606960,28712047.477345556,31962557.943168916,3250.510,3.98659e14,0.0147,2.82413e6,-1.41208e6,3.54198e-9
1512606990,28729906.905383926,31970600.426340427,3240.694,3.95610e14,0.7503,2.80238e6,-1.40659e6,3.52820e-9
1512607020,28747743.538155783,31978590.808050256,3230.847,3.92635e14,1.4966,2.78098e6,-1.40110e6,3.51442e-9
1512607050,28765557.148781493,31986529.039765947,3220.972,3.92345e14,1.5693,2.76907e6,-1.39561e6,3.50064e-9
1512607080,28783347.51156918,31994415.0733633,3211.068,3.95975e14,0.6586,2.77083e6,-1.39012e6,3.48686e-9
1512607110,28801114.402010832,32002248.861124795,3201.134,3.94808e14,0.9513,2.75582e6,-1.38462e6,3.47307e-9
1512607140,28818857.596778348,32010030.355738025,3191.173,4.01123e14,0.6328,2.76673e6,-1.37913e6,3.45929e-9
1512607170,28836576.873719554,32017759.510294057,3181.183,4.07988e14,2.3552,2.77937e6,-1.37364e6,3.44551e-9
1512607200,28854272.011854317,32025436.27828587,3171.164,4.00321e14,0.4316,2.74194e6,-1.36815e6,3.43173e-9
1512607230,28871942.79136077,32033060.6136008,3161.118,3.99336e14,0.1846,2.72757e6,-1.36266e6,3.41795e-9
1512607260,28889588.993601438,32040632.47053767,3151.043,4.07792e14,2.3059,2.74536e6,-1.35716e6,3.40418e-9
1512607290,28907210.401089095,32048151.803786337,3140.941,4.01038e14,0.6114,2.71135e6,-1.35167e6,3.39040e-9
1512607320,28924806.797492456,32055618.56843227,3130.812,4.00115e14,0.3800,2.69722e6,-1.34618e6,3.37662e-9
1512607350,28942377.96763205,32063032.719955035,3120.655,4.05092e14,1.6286,2.70295e6,-1.34069e6,3.36285e-9
1512607380,28959923.69747612,32070394.214226652,3110.471,4.07372e14,2.2006,2.69952e6,-1.33520e6,3.34907e-9
1512607410,28977443.77413648,32077703.007510122,3100.259,4.03532e14,1.2371,2.67561e6,-1.32971e6,3.33530e-9
1512607440,28994937.985864416,32084959.056457862,3090.021,3.99380e14,0.1956,2.65078e6,-1.32422e6,3.32153e-9
1512607470,29012406.122046422,32092162.318110224,3079.756,3.93930e14,1.1717,2.62176e6,-1.31874e6,3.30776e-9
1512607500,29029847.973200142,32099312.749893915,3069.465,3.97143e14,0.3656,2.62143e6,-1.31325e6,3.29399e-9
1512607530,29047263.33097065,32106410.309625834,3059.147,4.04325e14,1.4360,2.63404e6,-1.30776e6,3.28022e-9
1512607560,29064651.98812456,32113454.955495335,3048.803,3.95035e14,0.8946,2.59264e6,-1.30228e6,3.26646e-9
1512607590,29082013.738547564,32120446.646079183,3038.433,3.93670e14,1.2370,2.57728e6,-1.29679e6,3.25270e-9
1512607620,29099348.377239622,32127385.34033472,3028.037,4.05247e14,1.6675,2.60388e6,-1.29131e6,3.23894e-9
1512607650,29116655.700310767,32134270.997598525,3017.615,4.05317e14,1.6850,2.59304e6,-1.28582e6,3.22518e-9
1512607680,29133935.50497685,32141103.577585034,3007.168,3.98348e14,0.0633,2.55961e6,-1.28034e6,3.21142e-9
1512607710,29151187.58955529,32147883.040385194,2996.695,3.95555e14,0.7641,2.53972e6,-1.27486e6,3.19767e-9
1512607740,29168411.75346088,32154609.346465,2986.198,3.92347e14,1.5689,2.51858e6,-1.26938e6,3.18392e-9
1512607770,29185607.797201492,32161282.456664275,2975.675,3.95075e14,0.8846,2.51636e6,-1.26390e6,3.17018e-9
1512607800,29202775.522373848,32167902.332195196,2965.127,4.05608e14,1.7581,2.53870e6,-1.25842e6,3.15643e-9
1512607830,29219914.731661163,32174468.93463323,2954.554,4.11520e14,3.2412,2.54623e6,-1.25295e6,3.14269e-9
1512607860,29237025.228823118,32180982.225939967,2943.957,4.08446e14,2.4699,2.52548e6,-1.24747e6,3.12895e-9
1512607890,29254106.818697345,32187442.16843744,2933.335,4.03680e14,1.2744,2.49955e6,-1.24200e6,3.11522e-9
1512607920,29271159.307193343,32193848.724814713,2922.689,3.99433e14,0.2089,2.47536e6,-1.23652e6,3.10149e-9
1512607950,29288182.50128826,32200201.858126502,2912.019,3.98335e14,0.0665,2.46101e6,-1.23105e6,3.08776e-9
1512607980,29305176.20902266,32206501.53179183,2901.325,4.02963e14,1.0945,2.46430e6,-1.22558e6,3.07403e-9
1512608010,29322140.23949631,32212747.709592767,2890.607,4.04745e14,1.5414,2.45876e6,-1.22011e6,3.06031e-9
1512608040,29339074.402863957,32218940.355673097,2879.866,4.00592e14,0.4997,2.43509e6,-1.21464e6,3.04659e-9
1512608070,29355978.510331113,32225079.434537016,2869.101,3.99940e14,0.3359,2.42215e6,-1.20918e6,3.03288e-9
1512608100,29372852.374149848,32231164.911047924,2858.313,4.00844e14,0.5628,2.41393e6,-1.20371e6,3.01917e-9
1512608130,29389695.80761778,32237196.75044157,2847.501,4.05409e14,1.7081,2.41669e6,-1.19825e6,3.00546e-9
1512608160,29406508.625063967,32243174.91828028,2836.666,4.03132e14,1.1369,2.39886e6,-1.19279e6,2.99176e-9
1512608190,29423290.641854707,32249099.38049655,2825.809,3.98324e14,0.0693,2.37356e6,-1.18733e6,2.97806e-9
1512608220,29440041.67438613,32254970.103377394,2814.928,4.01370e14,0.6948,2.37168e6,-1.18187e6,2.96437e-9
1512608250,29456761.54007991,32260787.05356332,2804.026,3.98591e14,0.0024,2.35253e6,-1.17641e6,2.95068e-9
1512608280,29473450.057379227,32266550.198047206,2793.100,3.93052e14,1.3920,2.32535e6,-1.17096e6,2.93699e-9
1512608310,29490107.045744505,32272259.504173305,2782.152,3.96182e14,0.6066,2.32367e6,-1.16551e6,2.92331e-9
1512608340,29506732.325649228,32277914.93963614,2771.183,3.97505e14,0.2749,2.31665e6,-1.16006e6,2.90964e-9
1512608370,29523325.71857578,32283516.47247949,2760.191,4.01523e14,0.7333,2.31740e6,-1.15461e6,2.89596e-9
1512608400,29539887.047011178,32289064.07109531,2749.177,3.94012e14,1.1511,2.28482e6,-1.14916e6,2.88229e-9
1512608430,29556416.134431906,32294557.704199005,2738.142,3.88247e14,2.5975,2.25745e6,-1.14371e6,2.86863e-9
1512608460,29572912.80533376,32299997.340901565,2727.085,3.98140e14,0.1156,2.27495e6,-1.13827e6,2.85497e-9
1512608490,29589376.885193456,32305382.95063503,2716.006,3.94706e14,0.9770,2.25431e6,-1.13283e6,2.84132e-9
1512608520,29605808.200475384,32310714.503175106,2704.906,3.90163e14,2.1167,2.23064e6,-1.12738e6,2.82767e-9
1512608550,29622206.578627307,32315991.96863992,2693.785,4.02216e14,0.9071,2.25379e6,-1.12195e6,2.81403e-9
1512608580,29638571.84807614,32321215.317488875,2682.643,4.11525e14,3.2426,2.26894e6,-1.11651e6,2.80039e-9
1512608610,29654903.83822364,32326384.520521432,2671.481,4.08058e14,2.3726,2.24823e6,-1.11108e6,2.78675e-9
1512608640,29671202.37944213,32331499.548875995,2660.297,4.01169e14,0.6443,2.21813e6,-1.10564e6,2.77312e-9
1512608670,29687467.303070225,32336560.374028713,2649.093,4.02880e14,1.0737,2.21196e6,-1.10021e6,2.75950e-9
1512608700,29703698.4414086,32341566.967792407,2637.869,4.02471e14,0.9710,2.19992e6,-1.09478e6,2.74588e-9
1512608730,29719895.627731845,32346519.30235083,2626.624,3.96252e14,0.5891,2.17202e6,-1.08936e6,2.73227e-9
1512608760,29736058.696234696,32351417.35014855,2615.359,4.04478e14,1.4745,2.18357e6,-1.08393e6,2.71866e-9
1512608790,29752187.48207749,32356261.083999302,2604.074,4.06130e14,1.8890,2.17712e6,-1.07851e6,2.70505e-9
1512608820,29768281.82136602,32361050.477049835,2592.769,3.99224e14,0.1563,2.14758e6,-1.07309e6,2.69146e-9
1512608850,29784341.551147502,32365785.50277909,2581.444,4.02421e14,0.9585,2.14530e6,-1.06767e6,2.67786e-9
1512608880,29800366.50940646,32370466.134997584,2570.100,3.96852e14,0.4386,2.11958e6,-1.06226e6,2.66428e-9
1512608910,29816356.535060827,32375092.347846653,2558.736,3.97505e14,0.2747,2.11051e6,-1.05684e6,2.65070e-9
1512608940,29832311.46795782,32379664.115797725,2547.353,4.04577e14,1.4995,2.11835e6,-1.05143e6,2.63712e-9
1512608970,29848231.14886994,32384181.41365163,2535.950,3.96804e14,0.4506,2.08706e6,-1.04602e6,2.62355e-9
1512609000,29864115.419490993,32388644.216537867,2524.529,3.90644e14,1.9962,2.06019e6,-1.04062e6,2.60998e-9
1512609030,29879964.122415397,32393052.4998646,2513.088,3.98713e14,0.0284,2.07044e6,-1.03521e6,2.59643e-9
1512609060,29895777.101185568,32397406.23946994,2501.629,4.03743e14,1.2901,2.07262e6,-1.02981e6,2.58287e-9
1512609090,29911554.20023639,32401705.41146882,2490.151,3.95742e14,0.7171,2.04120e6,-1.02441e6,2.56932e-9
1512609120,29927295.264907803,32405949.992301136,2478.655,3.93653e14,1.2413,2.02510e6,-1.01901e6,2.55578e-9
1512609150,29943000.141440682,32410139.95873069,2467.140,3.98429e14,0.0429,2.02652e6,-1.01362e6,2.54225e-9
1512609180,29958668.676972713,32414275.28784414,2455.607,3.98897e14,0.0745,2.01692e6,-1.00822e6,2.52872e-9
1512609210,29974300.719534285,32418355.957049835,2444.055,3.94725e14,0.9724,1.99564e6,-1.00283e6,2.51519e-9
1512609240,29989896.118044425,32422381.944076788,2432.486,3.97488e14,0.2790,1.99183e6,-9.97443e5,2.50167e-9
1512609270,30005454.72230669,32426353.226973608,2420.899,4.04664e14,1.5213,1.99893e6,-9.92057e5,2.48816e-9
1512609300,30020976.3830051,32430269.784107503,2409.293,4.06756e14,2.0461,1.99325e6,-9.86673e5,2.47465e-9
1512609330,30036460.951716747,32434131.594226494,2397.671,4.05835e14,1.8151,1.98011e6,-9.81292e5,2.46115e-9
1512609360,30051908.28085645,32437938.63626371,2386.030,3.98875e14,0.0689,1.95222e6,-9.75913e5,2.44766e-9
1512609390,30067318.223724116,32441690.889531728,2374.373,3.99161e14,0.1405,1.94216e6,-9.70536e5,2.43417e-9
1512609420,30082690.634484258,32445388.33365895,2362.698,4.02977e14,1.0980,1.94064e6,-9.65162e5,2.42069e-9
1512609450,30098025.36816209,32449030.94858929,2351.006,4.00022e14,0.3566,1.92273e6,-9.59790e5,2.40721e-9
1512609480,30113322.28063968,32452618.71458178,2339.296,4.01220e14,0.6572,1.91484e6,-9.54420e5,2.39374e-9
1512609510,30128581.228652105,32456151.612210236,2327.570,3.97435e14,0.2924,1.89506e6,-9.49053e5,2.38027e-9
1512609540,30143802.06978361,32459629.62236299,2315.828,4.03366e14,1.1956,1.89838e6,-9.43689e5,2.36682e-9
1512609570,30158984.662463754,32463052.72624243,2304.068,4.06813e14,2.0604,1.89571e6,-9.38327e5,2.35336e-9
1512609600,30174128.86596359,32466420.90536478,2292.292,3.91274e14,1.8381,1.84852e6,-9.32967e5,2.33992e-9
1512609630,30189234.540372737,32469734.141488694,2280.500,3.88908e14,2.4316,1.83240e6,-9.27610e5,2.32648e-9
1512609660,30204301.546654485,32472992.416833747,2268.691,3.91099e14,1.8819,1.82689e6,-9.22255e5,2.31305e-9
1512609690,30219329.746582933,32476195.713860635,2256.866,3.94424e14,1.0477,1.82393e6,-9.16903e5,2.29962e-9
1512609720,30234319.002758145,32479344.015341222,2245.025,4.10053e14,2.8733,1.84902e6,-9.11553e5,2.28620e-9
1512609750,30249269.178602193,32482437.30435763,2233.168,4.02556e14,0.9924,1.82113e6,-9.06206e5,2.27278e-9
1512609780,30264180.138355207,32485475.564301215,2221.295,3.96654e14,0.4883,1.79705e6,-9.00861e5,2.25937e-9
1512609810,30279051.747071512,32488458.778871644,2209.407,4.12396e14,3.4611,1.82175e6,-8.95519e5,2.24597e-9
1512609840,30293883.870615628,32491386.932075944,2197.503,4.04603e14,1.5060,1.79349e6,-8.90179e5,2.23258e-9
1512609870,30308676.375658445,32494260.00822754,2185.584,3.96696e14,0.4779,1.76518e6,-8.84842e5,2.21919e-9
1512609900,30323429.129673325,32497077.99194537,2173.649,4.05398e14,1.7053,1.77373e6,-8.79507e5,2.20580e-9
1512609930,30338142.00095339,32499840.868221186,2161.699,3.98650e14,0.0125,1.74819e6,-8.74175e5,2.19243e-9
1512609960,30352814.858542573,32502548.62220852,2149.734,3.98886e14,0.0716,1.73804e6,-8.68845e5,2.17906e-9
1512609990,30367447.572297025,32505201.239432566,2137.754,4.08738e14,2.5434,1.74872e6,-8.63518e5,2.16569e-9
1512610020,30382040.01286038,32507798.705721788,2125.759,4.01857e14,0.8171,1.72312e6,-8.58193e5,2.15233e-9
1512610050,30396592.051660184,32510341.007207666,2113.749,4.04267e14,1.4216,1.71759e6,-8.52871e5,2.13898e-9
1512610080,30411103.56090428,32512828.130324494,2101.725,4.07109e14,2.1347,1.71292e6,-8.47551e5,2.12564e-9
1512610110,30425574.41357731,32515260.061809327,2089.686,3.99825e14,0.3072,1.68678e6,-8.42234e5,2.11230e-9
1512610140,30440004.483437154,32517636.788701713,2077.632,3.98686e14,0.0214,1.67375e6,-8.36919e5,2.09896e-9
1512610170,30454393.64501136,32519958.298343644,2065.565,4.01232e14,0.6601,1.66843e6,-8.31607e5,2.08564e-9
1512610200,30468741.773593694,32522224.578379393,2053.483,4.08847e14,2.5706,1.67356e6,-8.26297e5,2.07232e-9
1512610230,30483048.745224193,32524435.616699904,2041.387,4.04113e14,1.3829,1.65306e6,-8.20990e5,2.05900e-9
1512610260,30497314.436736193,32526591.401613757,2029.277,3.96945e14,0.4153,1.62771e6,-8.15686e5,2.04570e-9
1512610290,30511538.725702304,32528691.92167553,2017.153,4.04822e14,1.5609,1.63314e6,-8.10383e5,2.03240e-9
1512610320,30525721.490447123,32530737.16574071,2005.016,4.10458e14,2.9749,1.63384e6,-8.05084e5,2.01910e-9
1512619710,32530366.289127965,30523296.14480101,2007.070,3.83779e14,3.7183,-1.58147e6,8.05719e5,-2.02135e-9
1512619740,32528310.932551377,30509107.587884337,2019.203,3.86663e14,2.9949,-1.59774e6,8.11020e5,-2.03465e-9
1512619770,32526200.303959068,30494877.54074596,2031.323,4.07003e14,2.1080,-1.64984e6,8.16323e5,-2.04795e-9
1512619800,32524034.414606858,30480606.12521083,2043.428,4.11938e14,3.3460,-1.67074e6,8.21629e5,-2.06125e-9
1512619830,32521813.276070274,30466293.46384295,2055.520,3.97574e14,0.2575,-1.65173e6,8.26937e5,-2.07457e-9
1512619860,32519536.90018183,30451939.679988787,2067.597,3.92030e14,1.6483,-1.65076e6,8.32248e5,-2.08789e-9
1512619890,32517205.299094636,30437544.897740755,2079.660,4.02263e14,0.9189,-1.68280e6,8.37561e5,-2.10121e-9
1512619920,32514818.485262405,30423109.241953623,2091.709,4.05962e14,1.8469,-1.70130e6,8.42877e5,-2.11454e-9
1512619950,32512376.47144007,30408632.838247966,2103.744,4.02872e14,1.0717,-1.70546e6,8.48195e5,-2.12788e-9
1512619980,32509879.270684287,30394115.813013654,2115.763,4.04808e14,1.5573,-1.72030e6,8.53516e5,-2.14122e-9
1512620010,32507326.896354094,30379558.293413397,2127.769,4.02409e14,0.9554,-1.72586e6,8.58839e5,-2.15458e-9
1512620040,32504719.36211145,30364960.40738619,2139.759,3.91043e14,1.8959,-1.71192e6,8.64165e5,-2.16793e-9
1512620070,32502056.68192191,30350322.28365097,2151.734,4.02919e14,1.0834,-1.74838e6,8.69494e5,-2.18130e-9
1512620100,32499338.870055217,30335644.05171009,2163.695,4.04111e14,1.3824,-1.76171e6,8.74825e5,-2.19467e-9
1512620130,32496565.941071007,30320925.841886174,2175.640,3.94019e14,1.1493,-1.75017e6,8.80158e5,-2.20804e-9
1512620160,32493737.90986552,30306167.785223592,2187.570,3.94339e14,1.0690,-1.76149e6,8.85494e5,-2.22142e-9
1512620190,32490854.79162609,30291370.013594545,2199.485,3.99355e14,0.1892,-1.78332e6,8.90833e5,-2.23481e-9
1512620220,32487916.601846553,30276532.65966986,2211.384,3.99520e14,0.2307,-1.79438e6,8.96174e5,-2.24821e-9
1512620250,32484923.35632778,30261655.856923033,2223.267,3.93669e14,1.2372,-1.79184e6,9.01517e5,-2.26161e-9
1512620280,32481875.07117831,30246739.73963409,2235.135,4.06224e14,1.9127,-1.83103e6,9.06863e5,-2.27501e-9
1512620310,32478771.76281477,30231784.44289377,2246.987,4.01417e14,0.7066,-1.83083e6,9.12212e5,-2.28843e-9
1512620340,32475613.4479625,30216790.102607403,2258.823,3.98195e14,0.1017,-1.83415e6,9.17563e5,-2.30185e-9
1512620370,32472400.143656023,30201756.855499,2270.643,4.17493e14,4.7396,-1.88953e6,9.22916e5,-2.31527e-9
1512620400,32469131.867239602,30186684.839115225,2282.447,4.08111e14,2.3859,-1.87864e6,9.28272e5,-2.32871e-9
1512620430,32465808.636370122,30171574.19178808,2294.234,3.98883e14,0.0708,-1.86787e6,9.33631e5,-2.34214e-9
1512620460,32462430.469010524,30156425.05276647,2306.005,4.00639e14,0.5115,-1.88273e6,9.38992e5,-2.35559e-9
1512620490,32458997.383437533,30141237.56209224,2317.760,4.01756e14,0.7916,-1.89613e6,9.44355e5,-2.36904e-9
1512620520,32455509.398239844,30126011.86064531,2329.498,4.10065e14,2.8762,-1.92670e6,9.49721e5,-2.38250e-9
1512620550,32451966.532318827,30110748.09014731,2341.218,3.99032e14,0.1082,-1.91115e6,9.55089e5,-2.39596e-9
1512620580,32448368.804889083,30095446.393165242,2352.922,3.94152e14,1.1160,-1.91014e6,9.60460e5,-2.40943e-9
1512620610,32444716.235479087,30080106.91311524,2364.609,4.05493e14,1.7293,-1.94830e6,9.65833e5,-2.42290e-9
1512620640,32441008.843931846,30064729.794266164,2376.279,3.98289e14,0.0781,-1.94159e6,9.71209e5,-2.43638e-9
1512620670,32437246.65040553,30049315.181743324,2387.931,3.89967e14,2.1661,-1.93195e6,9.76587e5,-2.44987e-9
1512620700,32433429.67537416,30033863.22153224,2399.566,3.94195e14,1.1053,-1.95301e6,9.81967e5,-2.46336e-9
1512620730,32429557.939633317,30018374.060518242,2411.184,3.97384e14,0.3053,-1.97162e6,9.87350e5,-2.47686e-9
1512620760,32425631.464285392,30002847.846379448,2422.784,4.00334e14,0.4349,-1.98971e6,9.92735e5,-2.49037e-9
1512620790,32421650.270755798,29987284.72770169,2434.366,3.99239e14,0.1602,-1.99777e6,9.98123e5,-2.50388e-9
1512620820,32417614.380788743,29971684.853946645,2445.930,3.95192e14,0.8551,-1.99837e6,1.00351e6,-2.51740e-9
1512620850,32413523.816448033,29956048.375455882,2457.475,3.94793e14,0.9553,-2.00809e6,1.00891e6,-2.53092e-9
1512620880,32409378.600117825,29940375.44345505,2469.003,3.93862e14,1.1887,-2.01646e6,1.01430e6,-2.54445e-9
1512620910,32405178.75450351,29924666.210057992,2480.513,4.02299e14,0.9278,-2.04877e6,1.01970e6,-2.55798e-9
1512620940,32400924.302632544,29908920.828270953,2492.003,4.00977e14,0.5962,-2.05622e6,1.02510e6,-2.57152e-9
1512620970,32396615.267855275,29893139.451996736,2503.476,3.88503e14,2.5332,-2.03481e6,1.03050e6,-2.58507e-9
1512621000,32392251.673845798,29877322.236038886,2514.929,3.94986e14,0.9069,-2.06232e6,1.03590e6,-2.59862e-9
1512621030,32387833.544599462,29861469.336081423,2526.364,3.94600e14,1.0036,-2.07207e6,1.04131e6,-2.61218e-9
1512621060,32383360.904444255,29845580.908768576,2537.780,3.95821e14,0.6973,-2.08604e6,1.04672e6,-2.62574e-9
1512621090,32378833.778031103,29829657.111633275,2549.177,4.00486e14,0.4731,-2.10913e6,1.05213e6,-2.63931e-9
1512621120,32374252.190338224,29813698.103125617,2560.554,3.96008e14,0.6505,-2.10810e6,1.05754e6,-2.65288e-9
1512621150,32369616.166671954,29797704.04261692,2571.912,3.97647e14,0.2392,-2.12327e6,1.06295e6,-2.66646e-9
1512621180,32364925.732667696,29781675.090403777,2583.251,4.01265e14,0.6685,-2.14378e6,1.06837e6,-2.68005e-9
1512621210,32360180.914290823,29765611.40771208,2594.570,4.00270e14,0.4189,-2.15197e6,1.07379e6,-2.69364e-9
1512621240,32355381.737837564,29749513.156701036,2605.869,4.03899e14,1.3294,-2.17266e6,1.07921e6,-2.70724e-9
1512621270,32350528.229935963,29733380.50046721,2617.148,4.15381e14,4.2099,-2.21482e6,1.08464e6,-2.72084e-9
1512621300,32345620.417546786,29717213.6030486,2628.407,4.01277e14,0.6716,-2.18733e6,1.09006e6,-2.73444e-9
1512621330,32340658.32796415,29701012.629446633,2639.646,3.88582e14,2.5134,-2.16334e6,1.09549e6,-2.74806e-9
1512621360,32335641.988817416,29684777.745574836,2650.864,3.90679e14,1.9874,-2.17985e6,1.10092e6,-2.76167e-9
1512621390,32330571.428071275,29668509.118318472,2662.062,3.92431e14,1.5477,-2.19546e6,1.10635e6,-2.77529e-9
1512621420,32325446.674026977,29652206.915520735,2673.240,3.97722e14,0.2203,-2.22100e6,1.11179e6,-2.78892e-9
1512621450,32320267.75532327,29635871.305987075,2684.396,3.94083e14,1.1332,-2.22166e6,1.11722e6,-2.80255e-9
1512621480,32315034.700937435,29619502.459489316,2695.532,3.95820e14,0.6975,-2.23737e6,1.12266e6,-2.81619e-9
1512621510,32309747.540186245,29603100.546769973,2706.647,4.04517e14,1.4844,-2.27282e6,1.12810e6,-2.82983e-9
1512621540,32304406.302726988,29586665.739546463,2717.741,4.05229e14,1.6629,-2.28580e6,1.13354e6,-2.84348e-9
1512621570,32299011.018558435,29570198.210515354,2728.813,3.97084e14,0.3805,-2.27351e6,1.13899e6,-2.85713e-9
1512621600,32293561.71802188,29553698.1333566,2739.864,3.99280e14,0.1705,-2.29068e6,1.14443e6,-2.87079e-9
1512621630,32288058.431801986,29537165.682716656,2750.893,4.00536e14,0.4855,-2.30520e6,1.14988e6,-2.88445e-9
1512621660,32282501.190928485,29520601.034277815,2761.900,4.00730e14,0.5344,-2.31669e6,1.15533e6,-2.89811e-9
1512621690,32276890.02677654,29504004.36469728,2772.886,4.09947e14,2.8466,-2.35446e6,1.16078e6,-2.91179e-9
1512621720,32271224.971067976,29487375.851632215,2783.849,4.06425e14,1.9630,-2.35521e6,1.16623e6,-2.92546e-9
1512621750,32265506.05587244,29470715.673743907,2794.790,3.99521e14,0.2309,-2.34593e6,1.17169e6,-2.93914e-9
1512621780,32259733.313608445,29454024.010701843,2805.709,3.98647e14,0.0116,-2.35428e6,1.17714e6,-2.95282e-9
1512621810,32253906.7770445,29437301.043187737,2816.606,4.05183e14,1.6513,-2.38458e6,1.18260e6,-2.96651e-9
1512621840,32248026.47930027,29420546.952899706,2827.480,4.08608e14,2.5106,-2.40579e6,1.18806e6,-2.98020e-9
1512621870,32242092.453847673,29403761.92255628,2838.331,3.96057e14,0.6381,-2.37928e6,1.19352e6,-2.99390e-9
1512621900,32236104.734512065,29386946.135900587,2849.159,4.00981e14,0.5974,-2.40498e6,1.19899e6,-3.00760e-9
1512621930,32230063.355477754,29370099.77773485,2859.964,4.02242e14,0.9135,-2.41974e6,1.20445e6,-3.02130e-9
1512621960,32223968.351275753,29353223.033830844,2870.745,3.97761e14,0.2106,-2.41713e6,1.20992e6,-3.03501e-9
1512621990,32217819.7567985,29336316.091027938,2881.504,3.99742e14,0.2865,-2.43409e6,1.21538e6,-3.04872e-9
1512622020,32211617.607296742,29319379.137207076,2892.238,4.05364e14,1.6969,-2.46226e6,1.22085e6,-3.06243e-9
1512622050,32205361.93838081,29302412.36129523,2902.950,4.05151e14,1.6435,-2.47263e6,1.22632e6,-3.07615e-9
1512622080,32199052.786021814,29285415.95326973,2913.637,3.98377e14,0.0562,-2.46273e6,1.23180e6,-3.08988e-9
1512622110,32192690.186553054,29268390.10416277,2924.300,4.02825e14,1.0598,-2.48748e6,1.23727e6,-3.10360e-9
1512622140,32186274.176671218,29251335.006065734,2934.939,4.09425e14,2.7157,-2.51906e6,1.24274e6,-3.11733e-9
1512622170,32179804.793437738,29234250.85213361,2945.554,4.08892e14,2.5819,-2.52849e6,1.24822e6,-3.13106e-9
1512622200,32173282.074280083,29217137.836589344,2956.144,3.99947e14,0.3377,-2.51145e6,1.25370e6,-3.14480e-9
1512622230,32166706.05698428,29199996.154688396,2966.710,4.01869e14,0.8199,-2.52849e6,1.25918e6,-3.15854e-9
1512622260,32160076.779723436,29182826.002845936,2977.251,3.91455e14,1.7927,-2.50646e6,1.26466e6,-3.17228e-9
1512622290,32153394.281031813,29165627.578518033,2987.767,3.92724e14,1.4742,-2.52136e6,1.27014e6,-3.18602e-9
1512622320,32146658.599814884,29148401.080245513,2998.258,4.03584e14,1.2503,-2.56699e6,1.27562e6,-3.19977e-9
1512622350,32139869.775350712,29131146.70765796,3008.723,3.92206e14,1.6043,-2.54146e6,1.28110e6,-3.21352e-9
1512622380,32133027.84729116,29113864.6614777,3019.163,3.90003e14,2.1570,-2.54523e6,1.28659e6,-3.22727e-9
1512622410,32126132.855663296,29096555.14352382,3029.578,3.99614e14,0.2542,-2.58723e6,1.29207e6,-3.24102e-9
1512622440,32119184.84087072,29079218.356716152,3039.966,4.00256e14,0.4153,-2.60030e6,1.29756e6,-3.25478e-9
1512622470,32112183.84369484,29061854.505079232,3050.329,3.95733e14,0.7194,-2.59651e6,1.30304e6,-3.26854e-9
1512622500,32105129.90529635,29044463.79374637,3060.666,4.02346e14,0.9397,-2.62915e6,1.30853e6,-3.28230e-9
1512622530,32098023.06723014,29027046.42900897,3070.977,4.01664e14,0.7685,-2.63793e6,1.31402e6,-3.29606e-9
1512622560,32090863.371404726,29009602.61818065,3081.261,3.94073e14,1.1359,-2.62382e6,1.31951e6,-3.30983e-9
1512622590,32083650.860125847,28992132.56974158,3091.518,3.93278e14,1.3352,-2.63209e6,1.32500e6,-3.32359e-9
1512622620,32076385.576084282,28974636.493297473,3101.749,3.92140e14,1.6209,-2.63920e6,1.33049e6,-3.33736e-9
1512622650,32069067.56235749,28957114.59958394,3111.953,3.92267e14,1.5890,-2.65052e6,1.33598e6,-3.35113e-9
1512622680,32061696.862411097,28939567.100470867,3122.130,3.92322e14,1.5752,-2.66159e6,1.34147e6,-3.36490e-9
1512622710,32054273.520100504,28921994.208966877,3132.279,3.90709e14,1.9799,-2.66704e6,1.34696e6,-3.37867e-9
1512622740,32046797.579672508,28904396.139223594,3142.401,3.94655e14,0.9898,-2.69130e6,1.35246e6,-3.39245e-9
1512622770,32039269.0857668,28886773.106540065,3152.496,4.02083e14,0.8737,-2.72753e6,1.35795e6,-3.40622e-9
1512622800,32031688.083417647,28869125.32736711,3162.563,3.99951e14,0.3389,-2.73127e6,1.36344e6,-3.42000e-9
1512622830,32024054.618036892,28851453.019269127,3172.602,3.97287e14,0.3295,-2.73313e6,1.36894e6,-3.43377e-9
1512622860,32016368.735472817,28833756.401059337,3182.612,4.00345e14,0.4375,-2.75464e6,1.37443e6,-3.44755e-9
1512622890,32008630.481954325,28816035.692672692,3192.595,4.00509e14,0.4787,-2.76621e6,1.37992e6,-3.46133e-9
1512622920,32000839.904110998,28798291.11521228,3202.549,3.97482e14,0.2807,-2.76671e6,1.38542e6,-3.47510e-9
1512622950,31992997.04897461,28780522.89095322,3212.474,3.92169e14,1.6135,-2.75914e6,1.39091e6,-3.48888e-9
1512622980,31985101.963980585,28762731.24334646,3222.371,3.94103e14,1.1282,-2.77681e6,1.39641e6,-3.50266e-9
1512623010,31977154.69696955,28744916.39702263,3232.238,4.01821e14,0.8079,-2.81488e6,1.40190e6,-3.51643e-9
1512623040,31969155.296188828,28727078.57779583,3242.077,4.03033e14,1.1120,-2.83018e6,1.40739e6,-3.53021e-9
1512623070,31961103.810293995,28709218.012667403,3251.886,4.01720e14,0.7826,-2.83658e6,1.41289e6,-3.54399e-9
1512623100,31953000.288350444,28691334.929829653,3261.665,4.03327e14,1.1857,-2.85332e6,1.41838e6,-3.55776e-9
1512623130,31944844.77985435,28673429.558697846,3271.415,3.97175e14,0.3576,-2.84240e6,1.42387e6,-3.57154e-9
1512623160,31936637.334674466,28655502.129827026,3281.135,3.88342e14,2.5736,-2.82169e6,1.42937e6,-3.58531e-9
1512623190,31928378.0031138,28637552.875003025,3290.825,3.95305e14,0.8268,-2.85759e6,1.43486e6,-3.59908e-9
1512623220,31920066.835891936,28619582.02721805,3300.485,3.95734e14,0.7191,-2.87008e6,1.44035e6,-3.61286e-9
1512623250,31911703.88414689,28601589.82067477,3310.114,3.98291e14,0.0775,-2.89030e6,1.44584e6,-3.62663e-9
1512623280,31903289.199436944,28583576.49079016,3319.713,3.99233e14,0.1587,-2.90470e6,1.45133e6,-3.64039e-9
1512623310,31894822.833742484,28565542.274199508,3329.281,3.95322e14,0.8224,-2.90139e6,1.45682e6,-3.65416e-9
1512623340,31886304.83946794,28547487.40876031,3338.817,3.96913e14,0.4234,-2.91816e6,1.46231e6,-3.66793e-9
1512623370,31877735.269443586,28529412.133556228,3348.323,3.98720e14,0.0299,-2.93576e6,1.46780e6,-3.68169e-9
1512623400,31869114.176927514,28511316.688900955,3357.797,3.94907e14,0.9265,-2.93265e6,1.47329e6,-3.69545e-9
1512623430,31860441.615595646,28493201.316334635,3367.240,3.94664e14,0.9875,-2.94267e6,1.47877e6,-3.70921e-9
1512623460,31851717.639580313,28475066.25865091,3376.651,3.98230e14,0.0930,-2.96685e6,1.48426e6,-3.72296e-9
1512623490,31842942.30343538,28456911.759877384,3386.031,3.98991e14,0.0979,-2.98066e6,1.48974e6,-3.73671e-9
1512623520,31834115.662149988,28438738.06528701,3395.378,3.99666e14,0.2673,-2.99416e6,1.49523e6,-3.75046e-9
1512623550,31825237.771150418,28420545.421401747,3404.692,3.93783e14,1.2085,-2.98299e6,1.50071e6,-3.76421e-9
1512623580,31816308.686301947,28402334.07599636,3413.975,3.90532e14,2.0243,-2.98160e6,1.50619e6,-3.77795e-9
1512623610,31807328.463910673,28384104.27810197,3423.224,3.97796e14,0.2017,-3.01999e6,1.51167e6,-3.79169e-9
1512623640,31798297.160725422,28365856.278009787,3432.441,4.00293e14,0.4246,-3.04043e6,1.51715e6,-3.80543e-9
1512623670,31789214.833939575,28347590.327274602,3441.625,3.98316e14,0.0713,-3.04385e6,1.52262e6,-3.81916e-9
1512623700,31780081.54119296,28329306.67871842,3450.775,4.03740e14,1.2894,-3.07558e6,1.52810e6,-3.83288e-9
1512623730,31770897.340572406,28311005.586426117,3459.892,4.02150e14,0.8906,-3.08048e6,1.53357e6,-3.84661e-9
1512623760,31761662.290617708,28292687.30577293,3468.975,3.95714e14,0.7241,-3.06662e6,1.53904e6,-3.86032e-9
1512623790,31752376.4503195,28274352.09340397,3478.024,3.96933e14,0.4184,-3.08224e6,1.54451e6,-3.87404e-9
1512623820,31743039.87912244,28256000.207245234,3487.040,3.99615e14,0.2545,-3.10357e6,1.54997e6,-3.88774e-9
1512623850,31733652.636927187,28237631.90650693,3496.021,3.98035e14,0.1417,-3.10835e6,1.55544e6,-3.90145e-9
1512623880,31724214.7840923,28219247.451686747,3504.967,3.97125e14,0.3701,-3.11570e6,1.56090e6,-3.91514e-9
1512623910,31714726.381436244,28200847.10457302,3513.879,3.98070e14,0.1330,-3.13031e6,1.56636e6,-3.92883e-9
1512623940,31705187.490239337,28182431.12824795,3522.756,4.02371e14,0.9461,-3.15817e6,1.57182e6,-3.94252e-9
1512623970,31695598.172245808,28163999.78709077,3531.598,3.97506e14,0.2745,-3.14989e6,1.57727e6,-3.95620e-9
1512624000,31685958.48966579,28145553.346780747,3540.405,3.99365e14,0.1918,-3.16815e6,1.58272e6,-3.96987e-9
1512624030,31676268.505187448,28127092.074310027,3549.176,4.01681e14,0.7728,-3.18828e6,1.58817e6,-3.98354e-9
1512624060,31666528.281948105,28108616.237956937,3557.912,3.97985e14,0.1543,-3.18445e6,1.59362e6,-3.99719e-9
1512624090,31656737.88356737,28090126.107318636,3566.612,3.96316e14,0.5730,-3.18863e6,1.59906e6,-4.01085e-9
1512624120,31646897.37413923,28071621.95330457,3575.275,3.94983e14,0.9076,-3.19411e6,1.60451e6,-4.02449e-9
1512624150,31637006.818234388,28053104.04813954,3583.903,4.01192e14,0.6501,-3.23001e6,1.60994e6,-4.03813e-9
1512624180,31627066.280902427,28034572.66536664,3592.494,3.97876e14,0.1817,-3.22748e6,1.61538e6,-4.05175e-9
1512624210,31617075.827674143,28016028.079850186,3601.048,3.95902e14,0.6769,-3.23030e6,1.62081e6,-4.06538e-9
1512624240,31607035.52456375,27997470.56777866,3609.565,3.95785e14,0.7063,-3.24064e6,1.62624e6,-4.07899e-9
1512624270,31596945.438071232,27978900.4066676,3618.045,3.95665e14,0.7364,-3.25096e6,1.63166e6,-4.09259e-9
1512624300,31586805.635184646,27960317.87536234,3626.488,3.96465e14,0.5358,-3.26504e6,1.63708e6,-4.10618e-9
1512624330,31576616.183378335,27941723.25403908,3634.893,3.94852e14,0.9404,-3.26920e6,1.64250e6,-4.11977e-9
1512624360,31566377.150627863,27923116.82421314,3643.260,3.92482e14,1.5350,-3.27018e6,1.64792e6,-4.13334e-9
1512624390,31556088.605399746,27904498.86873615,3651.590,3.91359e14,1.8167,-3.27626e6,1.65333e6,-4.14691e-9
1512624420,31545750.616657868,27885869.671800464,3659.881,3.96897e14,0.4272,-3.31001e6,1.65873e6,-4.16047e-9
1512624450,31535363.25386574,27867229.51894172,3668.134,3.99335e14,0.1842,-3.33096e6,1.66413e6,-4.17401e-9
1512624480,31524926.586988814,27848578.697041314,3676.348,4.00629e14,0.5089,-3.34718e6,1.66953e6,-4.18754e-9
1512624510,31514440.686496858,27829917.494329005,3684.523,4.01634e14,0.7610,-3.36221e6,1.67492e6,-4.20107e-9
1512624540,31503905.62336623,27811246.20038523,3692.659,4.01004e14,0.6031,-3.37038e6,1.68031e6,-4.21458e-9
1512624570,31493321.469082177,27792565.106143415,3700.756,3.94533e14,1.0204,-3.35381e6,1.68570e6,-4.22808e-9
1512624600,31482688.29564119,27773874.50389234,3708.814,3.94544e14,1.0176,-3.36456e6,1.69107e6,-4.24157e-9
1512624630,31472006.17553797,27755174.687275596,3716.831,3.99182e14,0.1459,-3.39499e6,1.69645e6,-4.25505e-9
1512624660,31461275.181815088,27736465.951302066,3724.809,3.95105e14,0.8770,-3.38833e6,1.70182e6,-4.26851e-9
1512624690,31450495.388017844,27717748.59233971,3732.747,3.98581e14,0.0049,-3.41389e6,1.70718e6,-4.28196e-9
1512624720,31439666.868211884,27699022.90812024,3740.644,4.03988e14,1.3517,-3.44783e6,1.71254e6,-4.29540e-9
1512624750,31428789.696985424,27680289.197741,3748.500,3.95790e14,0.7050,-3.42329e6,1.71790e6,-4.30883e-9
1512624780,31417863.949451543,27661547.761666868,3756.316,3.90925e14,1.9256,-3.41292e6,1.72324e6,-4.32224e-9
1512624810,31406889.70125051,27642798.901731998,3764.091,3.95201e14,0.8530,-3.44203e6,1.72859e6,-4.33564e-9
1512624840,31395867.028552093,27624042.921141554,3771.824,3.93688e14,1.2325,-3.44608e6,1.73393e6,-4.34902e-9
1512624870,31384796.00805788,27605280.12447328,3779.516,3.91061e14,1.8916,-3.44522e6,1.73926e6,-4.36239e-9
1512624900,31373676.717003763,27586510.817679137,3787.166,3.96152e14,0.6142,-3.47804e6,1.74458e6,-4.37575e-9
1512624930,31362509.23319679,27567735.308080755,3794.774,3.98909e14,0.0775,-3.50075e6,1.74990e6,-4.38909e-9
1512624960,31351293.634911288,27548953.90438942,3802.340,3.99013e14,0.1035,-3.51183e6,1.75521e6,-4.40241e-9
1512624990,31340030.000998024,27530166.91668871,3809.863,3.98726e14,0.0315,-3.52118e6,1.76052e6,-4.41572e-9
1512625020,31328718.410852488,27511374.65644181,3817.344,3.99560e14,0.2407,-3.53547e6,1.76582e6,-4.42901e-9
1512625050,31317358.94441768,27492577.436492715,3824.782,4.02328e14,0.9351,-3.55837e6,1.77111e6,-4.44228e-9
1512625080,31305951.68218695,27473775.57106725,3832.176,4.00752e14,0.5399,-3.56197e6,1.77640e6,-4.45554e-9
1512625110,31294496.7052069,27454969.375774246,3839.527,3.96706e14,0.4752,-3.55447e6,1.78168e6,-4.46878e-9
1512625140,31282994.09508018,27436159.167606413,3846.835,3.95243e14,0.8422,-3.55844e6,1.78695e6,-4.48200e-9
1512625170,31271443.933968466,27417345.26494128,3854.099,3.95033e14,0.8950,-3.56797e6,1.79222e6,-4.49520e-9
1512625200,31259846.304595202,27398527.98754209,3861.318,3.97079e14,0.3817,-3.58767e6,1.79748e6,-4.50839e-9
1512625230,31248201.29020927,27379707.65658145,3868.494,3.99865e14,0.3173,-3.61074e6,1.80273e6,-4.52156e-9
1512625260,31236508.974709038,27360884.59457134,3875.624,3.99487e14,0.2224,-3.61953e6,1.80797e6,-4.53471e-9
1512625290,31224769.44252375,27342059.125434816,3882.710,3.94704e14,0.9775,-3.60825e6,1.81321e6,-4.54783e-9
1512625320,31212982.77865535,27323231.574483708,3889.751,3.97956e14,0.1617,-3.63349e6,1.81843e6,-4.56094e-9
1512625350,31201149.068681102,27304402.268419273,3896.747,3.99771e14,0.2936,-3.65222e6,1.82365e6,-4.57403e-9
1512625380,31189268.39875611,27285571.535332777,3903.697,3.96380e14,0.5570,-3.64710e6,1.82886e6,-4.58710e-9
1512625410,31177340.85561588,27266739.704705965,3910.601,3.98665e14,0.0161,-3.66798e6,1.83407e6,-4.60014e-9
1512625440,31165366.52657893,27247907.107411467,3917.459,3.94426e14,1.0472,-3.65881e6,1.83926e6,-4.61317e-9
1512625470,31153345.49954929,27229074.07571302,3924.271,3.92031e14,1.6482,-3.65804e6,1.84444e6,-4.62617e-9
1512625500,31141277.863019172,27210240.943265636,3931.037,4.01283e14,0.6729,-3.71123e6,1.84962e6,-4.63915e-9
1512625530,31129163.706099384,27191408.0450831,3937.756,4.00477e14,0.4707,-3.71785e6,1.85479e6,-4.65211e-9
1512625560,31117003.118436214,27172575.71763844,3944.427,3.99010e14,0.1027,-3.72134e6,1.85994e6,-4.66504e-9
1512625590,31104796.190299954,27153744.29876276,3951.052,4.04916e14,1.5843,-3.75927e6,1.86509e6,-4.67795e-9
1512625620,31092543.01256008,27134914.127677456,3957.629,4.00213e14,0.4045,-3.74757e6,1.87023e6,-4.69084e-9
1512625650,31080243.676688142,27116085.54499348,3964.158,3.98979e14,0.0949,-3.75204e6,1.87536e6,-4.70370e-9
1512625680,31067898.274760768,27097258.89271061,3970.639,4.00228e14,0.4084,-3.76817e6,1.88048e6,-4.71654e-9
1512625710,31055506.899462666,27078434.514216542,3977.072,3.99720e14,0.2808,-3.77600e6,1.88559e6,-4.72935e-9
1512625740,31043069.64408961,27059612.75428589,3983.457,3.96652e14,0.4888,-3.77167e6,1.89069e6,-4.74213e-9
1512625770,31030586.60255156,27040793.959079076,3989.793,3.97227e14,0.3445,-3.78455e6,1.89578e6,-4.75489e-9
1512625800,31018057.8693757,27021978.47614114,3996.079,4.04680e14,1.5252,-3.83022e6,1.90085e6,-4.76763e-9
1512625830,31005483.53970161,27003166.654427756,4002.317,4.00934e14,0.5854,-3.82252e6,1.90592e6,-4.78033e-9
1512625860,30992863.709308747,26984358.844219442,4008.505,3.96774e14,0.4583,-3.81272e6,1.91098e6,-4.79301e-9
1512625890,30980198.474595312,26965555.397204775,4014.643,3.98514e14,0.0216,-3.83115e6,1.91602e6,-4.80566e-9
1512625920,30967487.93258915,26946756.666451544,4020.731,3.98530e14,0.0178,-3.84128e6,1.92105e6,-4.81829e-9
1512625950,30954732.18095085,26927963.00640519,4026.769,3.96560e14,0.5119,-3.84181e6,1.92607e6,-4.83088e-9
1512625980,30941931.317976743,26909174.772887312,4032.757,3.97545e14,0.2647,-3.85657e6,1.93108e6,-4.84344e-9
1512626010,30929085.442602184,26890392.323093846,4038.693,4.01058e14,0.6166,-3.88361e6,1.93608e6,-4.85598e-9
1512626040,30916194.65440447,26871616.01559332,4044.579,4.00987e14,0.5986,-3.89326e6,1.94107e6,-4.86848e-9
1512626070,30903259.053605992,26852846.210324794,4050.413,3.98353e14,0.0621,-3.89038e6,1.94604e6,-4.88095e-9
1512626100,30890278.741077382,26834083.268595923,4056.195,3.97964e14,0.1596,-3.89840e6,1.95100e6,-4.89340e-9
1512626130,30877253.81833037,26815327.55306527,4061.926,4.00307e14,0.4282,-3.91978e6,1.95595e6,-4.90580e-9
1512626160,30864184.387552444,26796579.42778762,4067.605,3.99563e14,0.2414,-3.92601e6,1.96089e6,-4.91818e-9
1512626190,30851070.551578227,26777839.258163754,4073.231,4.00073e14,0.3695,-3.93838e6,1.96581e6,-4.93053e-9
1512626220,30837912.41390279,26759107.410953224,4078.805,3.98157e14,0.1113,-3.93874e6,1.97072e6,-4.94284e-9
1512626250,30824710.078684717,26740384.25427149,4084.326,3.96930e14,0.4190,-3.94245e6,1.97561e6,-4.95511e-9
1512626280,30811463.65074921,26721670.157587025,4089.793,3.98062e14,0.1351,-3.95781e6,1.98049e6,-4.96736e-9
1512626310,30798173.23559118,26702965.491718184,4095.208,3.95022e14,0.8979,-3.95240e6,1.98536e6,-4.97957e-9
1512626340,30784838.939378373,26684270.628829945,4100.568,3.94118e14,1.1245,-3.95755e6,1.99022e6,-4.99174e-9
1512626370,30771460.868954476,26665585.94243057,4105.875,3.96954e14,0.4130,-3.98136e6,1.99506e6,-5.00388e-9
1512626400,30758039.13184231,26646911.807368055,4111.127,3.96143e14,0.6166,-3.98692e6,1.99988e6,-5.01598e-9
1512626430,30744573.8362643,26628248.599833522,4116.325,3.93387e14,1.3080,-3.98265e6,2.00469e6,-5.02804e-9
1512626460,30731065.0910924,26609596.697335694,4121.468,3.95076e14,0.8843,-4.00069e6,2.00948e6,-5.04006e-9
1512626490,30717513.00590487,26590956.478718802,4126.557,4.01749e14,0.7899,-4.04392e6,2.01426e6,-5.05205e-9
1512626520,30703917.690972332,26572328.32415148,4131.589,4.03868e14,1.3215,-4.06422e6,2.01903e6,-5.06400e-9
1512626550,30690279.257261228,26553712.61512254,4136.567,3.99515e14,0.2294,-4.05168e6,2.02378e6,-5.07591e-9
1512626580,30676597.816437263,26535109.73443674,4141.488,4.01323e14,0.6831,-4.07035e6,2.02851e6,-5.08778e-9
1512626610,30662873.480868917,26516520.06621021,4146.353,3.99463e14,0.2165,-4.07033e6,2.03323e6,-5.09961e-9
1512626640,30649106.363630895,26497943.995865908,4151.162,3.94489e14,1.0316,-4.05432e6,2.03793e6,-5.11140e-9
1512626670,30635296.57850771,26479381.91012881,4155.915,3.99647e14,0.2625,-4.09006e6,2.04261e6,-5.12315e-9
1512626700,30621444.239997152,26460834.19702095,4160.610,4.00091e14,0.3739,-4.10168e6,2.04728e6,-5.13485e-9
1512626730,30607549.46330588,26442301.24585513,4165.248,3.96321e14,0.5718,-4.09160e6,2.05193e6,-5.14651e-9
1512626760,30593612.36437765,26423783.447233636,4169.829,3.95598e14,0.7534,-4.09710e6,2.05656e6,-5.15813e-9
1512626790,30579633.059872083,26405281.19303868,4174.352,3.97125e14,0.3700,-4.11420e6,2.06117e6,-5.16971e-9
1512626820,30565611.667176187,26386794.876428198,4178.817,3.98487e14,0.0283,-4.13043e6,2.06577e6,-5.18124e-9
1512626850,30551548.304407857,26368324.89183011,4183.223,3.97603e14,0.2504,-4.13499e6,2.07035e6,-5.19272e-9
1512626880,30537443.09041938,26349871.63493642,4187.571,3.96655e14,0.4880,-4.13917e6,2.07491e6,-5.20416e-9
1512626910,30523296.14480101,26331435.50269713,4191.861,4.00718e14,0.5311,-4.16942e6,2.07946e6,-5.21556e-9
1512626940,30509107.587884337,26313016.89331398,4196.091,4.04060e14,1.3698,-4.19597e6,2.08398e6,-5.22691e-9
1512626970,30494877.54074596,26294616.20623408,4200.261,3.98155e14,0.1117,-4.17410e6,2.08848e6,-5.23821e-9
1512627000,30480606.12521083,26276233.842143245,4204.372,3.94142e14,1.1186,-4.16200e6,2.09297e6,-5.24946e-9
1512627030,30466293.46384295,26257870.20295317,4208.423,3.98852e14,0.0632,-4.19566e6,2.09744e6,-5.26066e-9
1512627060,30451939.679988787,26239525.691813156,4212.414,3.97505e14,0.2748,-4.19746e6,2.10188e6,-5.27181e-9
1512627090,30437544.897740755,26221200.713084493,4216.344,3.94015e14,1.1505,-4.18786e6,2.10631e6,-5.28292e-9
1512627120,30423109.241953623,26202895.672339022,4220.214,3.96517e14,0.5226,-4.20987e6,2.11072e6,-5.29397e-9
1512627150,30408632.838247966,26184610.976351667,4224.022,3.96855e14,0.4379,-4.22041e6,2.11510e6,-5.30497e-9
1512627180,30394115.813013654,26166347.033092637,4227.769,4.00615e14,0.5055,-4.24911e6,2.11947e6,-5.31592e-9
1512627210,30379558.293413397,26148104.25171964,4231.454,4.01720e14,0.7825,-4.26370e6,2.12381e6,-5.32682e-9
1512627240,30364960.40738619,26129883.042569727,4235.077,4.00367e14,0.4431,-4.26516e6,2.12813e6,-5.33766e-9
1512627270,30350322.28365097,26111683.81715111,4238.638,3.96064e14,0.6363,-4.25077e6,2.13244e6,-5.34845e-9
1512627300,30335644.05171009,26093506.988134652,4242.137,3.95156e14,0.8641,-4.25443e6,2.13672e6,-5.35919e-9
1512627330,30320925.841886174,26075352.969357647,4245.573,3.99884e14,0.3219,-4.28830e6,2.14097e6,-5.36987e-9
1512627360,30306167.785223592,26057222.175777137,4248.946,3.97551e14,0.2632,-4.28423e6,2.14521e6,-5.38049e-9
1512627390,30291370.013594545,26039115.02349868,4252.255,3.93928e14,1.1722,-4.27311e6,2.14942e6,-5.39106e-9
1512627420,30276532.65966986,26021031.92975506,4255.501,3.96020e14,0.6473,-4.29274e6,2.15361e6,-5.40157e-9
1512627450,30261655.856923033,26002973.312897075,4258.683,4.01844e14,0.8137,-4.33257e6,2.15778e6,-5.41202e-9
1512627480,30246739.73963409,25984939.592384074,4261.800,3.99681e14,0.2710,-4.32916e6,2.16192e6,-5.42242e-9
1512627510,30231784.44289377,25966931.188774344,4264.853,4.01323e14,0.6830,-4.34633e6,2.16604e6,-5.43275e-9
1512627540,30216790.102607403,25948948.52371524,4267.842,4.00276e14,0.4202,-4.34884e6,2.17014e6,-5.44302e-9
1512627570,30201756.855499,25930992.019933183,4270.765,3.90744e14,1.9709,-4.30503e6,2.17421e6,-5.45324e-9
1512627600,30186684.839115225,25913062.101223454,4273.623,3.95010e14,0.9009,-4.33634e6,2.17825e6,-5.46339e-9
1512627630,30171574.19178808,25895159.192427374,4276.415,3.96935e14,0.4178,-4.35489e6,2.18227e6,-5.47348e-9
1512627660,30156425.05276647,25877283.71945965,4279.141,3.96193e14,0.6039,-4.35880e6,2.18627e6,-5.48350e-9
1512627690,30141237.56209224,25859436.10925966,4281.801,4.00820e14,0.5569,-4.39213e6,2.19024e6,-5.49347e-9
1512627720,30126011.86064531,25841616.789792497,4284.395,3.96854e14,0.4381,-4.37822e6,2.19419e6,-5.50336e-9
1512627750,30110748.09014731,25823826.190037664,4286.922,3.95823e14,0.6968,-4.38036e6,2.19811e6,-5.51320e-9
1512627780,30095446.393165242,25806064.73997742,4289.382,3.97190e14,0.3538,-4.39567e6,2.20200e6,-5.52296e-9
1512627810,30080106.91311524,25788332.87058508,4291.774,3.96861e14,0.4365,-4.40156e6,2.20586e6,-5.53266e-9
1512627840,30064729.794266164,25770631.013813,4294.099,3.97862e14,0.1853,-4.41477e6,2.20970e6,-5.54230e-9
1512627870,30049315.181743324,25752959.60258028,4296.356,4.00872e14,0.5699,-4.43910e6,2.21352e6,-5.55186e-9
1512627900,30033863.22153224,25735319.070760403,4298.544,4.01993e14,0.8510,-4.45292e6,2.21730e6,-5.56136e-9
1512627930,30018374.060518242,25717709.853178844,4300.664,4.00012e14,0.3541,-4.44943e6,2.22106e6,-5.57078e-9
1512627960,30002847.846379448,25700132.38556859,4302.715,3.96969e14,0.4092,-4.43993e6,2.22479e6,-5.58014e-9
1512627990,29987284.72770169,25682587.104588676,4304.698,3.98538e14,0.0156,-4.45608e6,2.22849e6,-5.58942e-9
1512628020,29971684.853946645,25665074.447800703,4306.610,4.03203e14,1.1547,-4.48954e6,2.23216e6,-5.59863e-9
1512628050,29956048.375455882,25647594.85365543,4308.454,4.01265e14,0.6686,-4.48600e6,2.23580e6,-5.60777e-9
1512628080,29940375.44345505,25630148.761479087,4310.227,3.97465e14,0.2850,-4.47190e6,2.23941e6,-5.61684e-9
1512628110,29924666.210057992,25612736.611459468,4311.930,3.93205e14,1.3536,-4.45510e6,2.24299e6,-5.62583e-9
1512628140,29908920.828270953,25595358.844631888,4313.562,4.00204e14,0.4023,-4.50159e6,2.24655e6,-5.63474e-9
1512628170,29893139.451996736,25578015.90286473,4315.124,4.04731e14,1.5379,-4.53420e6,2.25007e6,-5.64358e-9
1512628200,29877322.236038886,25560708.228844967,4316.614,4.00226e14,0.4077,-4.51578e6,2.25356e6,-5.65234e-9
1512628230,29861469.336081423,25543436.266050626,4318.033,3.99653e14,0.2640,-4.51947e6,2.25702e6,-5.66103e-9
1512628260,29845580.908768576,25526200.458774827,4319.380,3.97798e14,0.2013,-4.51582e6,2.26045e6,-5.66964e-9
1512628290,29829657.111633275,25509001.252071463,4320.656,3.98434e14,0.0418,-4.52622e6,2.26385e6,-5.67816e-9
1512628320,29813698.103125617,25491839.09175217,4321.859,4.01568e14,0.7444,-4.55078e6,2.26722e6,-5.68661e-9
1512628350,29797704.04261692,25474714.424370628,4322.990,4.01801e14,0.8031,-4.55880e6,2.27055e6,-5.69498e-9
1512628380,29781675.090403777,25457627.69720643,4324.047,3.98523e14,0.0194,-4.54673e6,2.27385e6,-5.70326e-9
1512628410,29765611.40771208,25440579.358248852,4325.032,3.98016e14,0.1467,-4.55037e6,2.27712e6,-5.71147e-9
1512628440,29749513.156701036,25423569.856180333,4325.943,3.97455e14,0.2873,-4.55363e6,2.28035e6,-5.71958e-9
1512628470,29733380.50046721,25406599.640359756,4326.781,3.92027e14,1.6492,-4.52893e6,2.28356e6,-5.72762e-9
1512628500,29717213.6030486,25389669.160805568,4327.544,3.94686e14,0.9821,-4.55047e6,2.28672e6,-5.73557e-9
1512628530,29701012.629446633,25372778.868196666,4328.234,4.00357e14,0.4408,-4.58928e6,2.28986e6,-5.74343e-9
1512628560,29684777.745574836,25355929.2137992,4328.849,4.00919e14,0.5817,-4.59872e6,2.29295e6,-5.75121e-9
1512628590,29668509.118318472,25339120.649504833,4329.388,4.00840e14,0.5618,-4.60441e6,2.29602e6,-5.75890e-9
1512628620,29652206.915520735,25322353.627794977,4329.853,3.99966e14,0.3425,-4.60545e6,2.29904e6,-5.76650e-9
1512628650,29635871.305987075,25305628.601722863,4330.243,4.00041e14,0.3614,-4.61188e6,2.30204e6,-5.77401e-9
1512628680,29619502.459489316,25288946.024895433,4330.556,3.99681e14,0.2711,-4.61572e6,2.30499e6,-5.78143e-9
1512628710,29603100.546769973,25272306.351454884,4330.794,3.96160e14,0.6124,-4.60118e6,2.30791e6,-5.78876e-9
1512628740,29586665.739546463,25255710.036060106,4330.956,3.93327e14,1.3230,-4.59052e6,2.31079e6,-5.79600e-9
1512628770,29570198.210515354,25239157.53386786,4331.041,3.95127e14,0.8715,-4.60662e6,2.31364e6,-5.80314e-9
1512628800,29553698.1333566,25222649.300513543,4331.049,3.97030e14,0.3939,-4.62327e6,2.31645e6,-5.81019e-9
1512628830,29537165.682716656,25206185.792076115,4330.980,3.97585e14,0.2547,-4.63203e6,2.31922e6,-5.81715e-9
1512628860,29520601.034277815,25189767.46510726,4330.834,3.96912e14,0.4236,-4.63357e6,2.32195e6,-5.82401e-9
1512628890,29504004.36469728,25173394.77656289,4330.610,3.96461e14,0.5366,-4.63632e6,2.32465e6,-5.83077e-9
1512628920,29487375.851632215,25157068.183798518,4330.308,3.94823e14,0.9476,-4.63206e6,2.32730e6,-5.83744e-9
1512628950,29470715.673743907,25140788.144548997,4329.928,3.93761e14,1.2141,-4.63106e6,2.32992e6,-5.84401e-9
1512628980,29454024.010701843,25124555.116907574,4329.469,3.98014e14,0.1472,-4.66107e6,2.33249e6,-5.85048e-9
1512629010,29437301.043187737,25108369.55930513,4328.931,3.98689e14,0.0222,-4.67009e6,2.33503e6,-5.85685e-9
1512629040,29420546.952899706,25092231.930488862,4328.315,3.98443e14,0.0394,-4.67365e6,2.33753e6,-5.86312e-9
1512629070,29403761.92255628,25076142.689500835,4327.619,3.99893e14,0.3242,-4.68707e6,2.33998e6,-5.86929e-9
1512629100,29386946.135900587,25060102.29565626,4326.844,3.95641e14,0.7424,-4.66693e6,2.34240e6,-5.87535e-9
1512629130,29370099.77773485,25044111.208525974,4325.989,3.97890e14,0.1781,-4.68489e6,2.34477e6,-5.88131e-9
1512629160,29353223.033830844,25028169.887900848,4325.053,3.99858e14,0.3155,-4.70113e6,2.34710e6,-5.88717e-9
1512629190,29336316.091027938,25012278.793782543,4324.037,3.98992e14,0.0983,-4.70062e6,2.34939e6,-5.89292e-9
1512629220,29319379.137207076,24996438.38635661,4322.941,3.97664e14,0.2350,-4.69728e6,2.35164e6,-5.89857e-9
1512629250,29302412.36129523,24980649.125969715,4321.763,3.97007e14,0.3996,-4.69781e6,2.35384e6,-5.90410e-9
1512629280,29285415.95326973,24964911.47310647,4320.504,3.98608e14,0.0020,-4.71159e6,2.35600e6,-5.90953e-9
1512629310,29268390.10416277,24949225.88836624,4319.164,3.97403e14,0.3004,-4.70870e6,2.35812e6,-5.91485e-9
1512629340,29251335.006065734,24933592.832439505,4317.742,3.96114e14,0.6239,-4.70521e6,2.36019e6,-5.92006e-9
1512629370,29234250.85213361,24918012.7660842,4316.238,3.95471e14,0.7850,-4.70545e6,2.36222e6,-5.92516e-9
1512629400,29217137.836589344,24902486.150101684,4314.652,3.97515e14,0.2723,-4.72153e6,2.36421e6,-5.93015e-9
1512629430,29199996.154688396,24887013.445318684,4312.983,3.95666e14,0.7362,-4.71443e6,2.36615e6,-5.93502e-9
1512629460,29182826.002845936,24871595.11254385,4311.231,3.99282e14,0.1710,-4.73969e6,2.36804e6,-5.93978e-9
1512629490,29165627.578518033,24856231.61256254,4309.396,3.97636e14,0.2419,-4.73361e6,2.36989e6,-5.94442e-9
1512629520,29148401.080245513,24840923.40610561,4307.478,3.93337e14,1.3206,-4.71163e6,2.37169e6,-5.94895e-9
1512629550,29131146.70765796,24825670.95382445,4305.476,4.02157e14,0.8922,-4.76763e6,2.37344e6,-5.95337e-9
1512629580,29113864.6614777,24810474.71626567,4303.390,4.02258e14,0.9176,-4.77167e6,2.37515e6,-5.95766e-9
1512629610,29096555.14352382,24795335.153845698,4301.220,3.95125e14,0.8719,-4.73248e6,2.37681e6,-5.96184e-9
1512629640,29079218.356716152,24780252.726825025,4298.966,3.95775e14,0.7087,-4.73958e6,2.37843e6,-5.96589e-9
1512629670,29061854.505079232,24765227.895282302,4296.627,3.95722e14,0.7221,-4.74238e6,2.37999e6,-5.96983e-9
1512629700,29044463.79374637,24750261.119088154,4294.203,3.95286e14,0.8316,-4.74280e6,2.38151e6,-5.97364e-9
1512629730,29027046.42900897,24735352.857875008,4291.694,4.00732e14,0.5347,-4.77828e6,2.38297e6,-5.97734e-9
1512629760,29009602.61818065,24720503.571022574,4289.099,4.01139e14,0.6369,-4.78357e6,2.38439e6,-5.98091e-9
1512629790,28992132.56974158,24705713.71761859,4286.419,4.00868e14,0.5688,-4.78469e6,2.38576e6,-5.98435e-9
1512629820,28974636.493297473,24690983.756435774,4283.653,3.99869e14,0.3183,-4.78136e6,2.38708e6,-5.98767e-9
1512629850,28957114.59958394,24676314.14590464,4280.800,3.96509e14,0.5248,-4.76378e6,2.38835e6,-5.99086e-9
1512629880,28939567.100470867,24661705.34408593,4277.862,3.98782e14,0.0456,-4.77984e6,2.38957e6,-5.99393e-9
1512629910,28921994.208966877,24647157.80864294,4274.836,4.02042e14,0.8635,-4.80173e6,2.39073e6,-5.99687e-9
1512629940,28904396.139223594,24632671.996813573,4271.724,3.98639e14,0.0096,-4.78355e6,2.39185e6,-5.99968e-9
1512629970,28886773.106540065,24618248.365382187,4268.525,3.97494e14,0.2776,-4.77881e6,2.39291e6,-6.00235e-9
1512630000,28869125.32736711,24603887.3706513,4265.238,3.98660e14,0.0150,-4.78784e6,2.39392e6,-6.00490e-9
1512630030,28851453.019269127,24589589.468408156,4261.864,3.98471e14,0.0324,-4.78862e6,2.39488e6,-6.00732e-9
1512630060,28833756.401059337,24575355.11391062,4258.401,3.98113e14,0.1222,-4.78829e6,2.39578e6,-6.00960e-9
1512630090,28816035.692672692,24561184.761843916,4254.851,3.96884e14,0.4307,-4.78260e6,2.39663e6,-6.01175e-9
1512630120,28798291.11521228,24547078.866295975,4251.212,3.98223e14,0.0948,-4.79225e6,2.39743e6,-6.01376e-9
1512630150,28780522.89095322,24533037.88072807,4247.485,4.00582e14,0.4970,-4.80793e6,2.39817e6,-6.01564e-9
1512630180,28762731.24334646,24519062.25794515,4243.669,4.00766e14,0.5434,-4.81043e6,2.39886e6,-6.01738e-9
1512630210,28744916.39702263,24505152.450066153,4239.764,3.97472e14,0.2832,-4.79187e6,2.39950e6,-6.01898e-9
1512630240,28727078.57779583,24491308.90849399,4235.770,3.95950e14,0.6649,-4.78387e6,2.40008e6,-6.02045e-9
1512630270,28709218.012667403,24477532.08388541,4231.686,3.93574e14,1.2610,-4.77061e6,2.40060e6,-6.02177e-9
1512630300,28691334.929829653,24463822.42612063,4227.513,3.92390e14,1.5581,-4.76441e6,2.40106e6,-6.02296e-9
1512630330,28673429.558697846,24450180.384282395,4223.249,3.98733e14,0.0331,-4.80344e6,2.40147e6,-6.02400e-9
1512630360,28655502.129827026,24436606.406596303,4218.896,4.04226e14,1.4113,-4.83725e6,2.40183e6,-6.02490e-9
1512630390,28637552.875003025,24423100.940428622,4214.452,3.98124e14,0.1196,-4.80108e6,2.40212e6,-6.02566e-9
1512630420,28619582.02721805,24409664.43224624,4209.918,3.97183e14,0.3557,-4.79589e6,2.40236e6,-6.02627e-9
1512630450,28601589.82067477,24396297.32758553,4205.292,3.98723e14,0.0307,-4.80554e6,2.40254e6,-6.02674e-9
1512630480,28583576.49079016,24383000.071021132,4200.576,4.00377e14,0.4456,-4.81576e6,2.40266e6,-6.02706e-9
1512630510,28565542.274199508,24369773.106134653,4195.769,3.99285e14,0.1716,-4.80930e6,2.40273e6,-6.02723e-9
1512630540,28547487.40876031,24356616.875483047,4190.871,3.96637e14,0.4926,-4.79336e6,2.40273e6,-6.02725e-9
1512630570,28529412.133556228,24343531.820567038,4185.880,3.97130e14,0.3689,-4.79623e6,2.40267e6,-6.02713e-9
1512630600,28511316.688900955,24330518.38179924,4180.798,3.97937e14,0.1665,-4.80086e6,2.40256e6,-6.02685e-9
1512630630,28493201.316334635,24317576.998462833,4175.624,4.01639e14,0.7624,-4.82283e6,2.40238e6,-6.02643e-9
1512630660,28475066.25865091,24304708.10870847,4170.358,4.02290e14,0.9256,-4.82628e6,2.40214e6,-6.02585e-9
1512630690,28456911.759877384,24291912.149493292,4165.000,3.96763e14,0.4610,-4.79239e6,2.40185e6,-6.02512e-9
1512630720,28438738.06528701,24279189.556557726,4159.549,3.94653e14,0.9903,-4.77897e6,2.40149e6,-6.02423e-9
1512630750,28420545.421401747,24266540.764393024,4154.005,4.02570e14,0.9958,-4.82582e6,2.40107e6,-6.02319e-9
1512630780,28402334.07599636,24253966.20620853,4148.368,4.03147e14,1.1405,-4.82833e6,2.40058e6,-6.02200e-9
1512630810,28384104.27810197,24241466.313898984,4142.638,3.97034e14,0.3930,-4.79044e6,2.40004e6,-6.02064e-9
1512630840,28365856.278009787,24229041.51801157,4136.815,3.98459e14,0.0356,-4.79780e6,2.39943e6,-6.01913e-9
1512630870,28347590.327274602,24216692.24771297,4130.898,3.98580e14,0.0052,-4.79720e6,2.39876e6,-6.01746e-9
1512630900,28329306.67871842,24204418.930756215,4124.888,3.97727e14,0.2190,-4.79060e6,2.39802e6,-6.01564e-9
1512630930,28311005.586426117,24192221.99346109,4118.784,4.00506e14,0.4781,-4.80572e6,2.39722e6,-6.01365e-9
1512630960,28292687.30577293,24180101.86063913,4112.585,3.99041e14,0.1105,-4.79519e6,2.39636e6,-6.01150e-9
1512630990,28274352.09340397,24168058.95560184,4106.293,3.96443e14,0.5413,-4.77773e6,2.39543e6,-6.00918e-9
1512631020,28256000.207245234,24156093.700113885,4099.907,3.98623e14,0.0057,-4.78885e6,2.39443e6,-6.00671e-9
1512631050,28237631.90650693,24144206.514359668,4093.425,3.99877e14,0.3204,-4.79427e6,2.39337e6,-6.00407e-9
1512631080,28219247.451686747,24132397.816909775,4086.850,3.99201e14,0.1507,-4.78796e6,2.39225e6,-6.00126e-9
1512631110,28200847.10457302,24120668.024687383,4080.179,3.98287e14,0.0787,-4.78010e6,2.39106e6,-5.99829e-9
1512631140,28182431.12824795,24109017.552934606,4073.414,3.99125e14,0.1317,-4.78262e6,2.38980e6,-5.99516e-9
1512631170,28163999.78709077,24097446.8151787,4066.553,4.00283e14,0.4220,-4.78691e6,2.38848e6,-5.99185e-9
1512631200,28145553.346780747,24085956.22319828,4059.597,3.98577e14,0.0059,-4.77391e6,2.38708e6,-5.98838e-9
1512631230,28127092.074310027,24074546.186971527,4052.546,3.97470e14,0.2835,-4.76438e6,2.38562e6,-5.98474e-9
1512631260,28108616.237956937,24063217.11469753,4045.399,3.94942e14,0.9178,-4.74622e6,2.38410e6,-5.98092e-9
1512631290,28090126.107318636,24051969.41270688,4038.157,3.96669e14,0.4847,-4.75337e6,2.38250e6,-5.97694e-9
1512631320,28071621.95330457,24040803.48544548,4030.818,3.98109e14,0.1233,-4.75865e6,2.38084e6,-5.97278e-9
1512631350,28053104.04813954,24029719.735440288,4023.384,3.95634e14,0.7443,-4.74042e6,2.37910e6,-5.96845e-9
1512631380,28034572.66536664,24018718.563265122,4015.854,3.99075e14,0.1189,-4.75736e6,2.37730e6,-5.96395e-9
1512631410,28016028.079850186,24007800.367506392,4008.228,4.00093e14,0.3744,-4.75969e6,2.37543e6,-5.95928e-9
1512631440,27997470.56777866,23996965.544728834,4000.505,3.98260e14,0.0855,-4.74489e6,2.37349e6,-5.95442e-9
1512631470,27978900.4066676,23986214.4894412,3992.686,3.96033e14,0.6440,-4.72763e6,2.37147e6,-5.94939e-9
1512631500,27960317.87536234,23975547.594061997,3984.770,3.96381e14,0.5567,-4.72556e6,2.36939e6,-5.94419e-9
1512631530,27941723.25403908,23964965.248903498,3976.758,3.99249e14,0.1628,-4.73830e6,2.36724e6,-5.93881e-9
1512631560,27923116.82421314,23954467.842080753,3968.649,4.00734e14,0.5353,-4.74267e6,2.36501e6,-5.93324e-9
1512631590,27904498.86873615,23944055.759534426,3960.443,3.99447e14,0.2124,-4.73044e6,2.36272e6,-5.92750e-9
1512631620,27885869.671800464,23933729.38497818,3952.140,3.99438e14,0.2101,-4.72565e6,2.36035e6,-5.92158e-9
1512631650,27867229.51894172,23923489.099864516,3943.740,4.00826e14,0.5584,-4.72899e6,2.35791e6,-5.91548e-9
1512631680,27848578.697041314,23913335.28335077,3935.243,3.94603e14,1.0029,-4.68718e6,2.35539e6,-5.90920e-9
1512631710,27829917.494329005,23903268.31226506,3926.649,3.91751e14,1.7184,-4.66521e6,2.35281e6,-5.90273e-9
1512631740,27811246.20038523,23893288.561072297,3917.958,3.94789e14,0.9562,-4.67786e6,2.35015e6,-5.89608e-9
1512631770,27792565.106143415,23883396.4018402,3909.169,3.98872e14,0.0681,-4.69647e6,2.34742e6,-5.88925e-9
1512631800,27773874.50389234,23873592.204205405,3900.282,3.97383e14,0.3055,-4.68211e6,2.34461e6,-5.88223e-9
1512631830,27755174.687275596,23863876.335322823,3891.298,3.98064e14,0.1345,-4.68037e6,2.34173e6,-5.87502e-9
1512631860,27736465.951302066,23854249.159883972,3882.217,3.99782e14,0.2963,-4.68455e6,2.33878e6,-5.86763e-9
1512631890,27717748.59233971,23844711.0400305,3873.038,3.96547e14,0.5151,-4.65954e6,2.33575e6,-5.86006e-9
1512631920,27699022.90812024,23835262.3353376,3863.761,3.97003e14,0.4009,-4.65602e6,2.33264e6,-5.85229e-9
1512631950,27680289.197741,23825903.402780335,3854.386,4.00222e14,0.4068,-4.66850e6,2.32946e6,-5.84434e-9
1512631980,27661547.761666868,23816634.596699957,3844.913,4.00535e14,0.4853,-4.66381e6,2.32621e6,-5.83619e-9
1512632010,27642798.901731998,23807456.268770527,3835.343,3.97525e14,0.2697,-4.63960e6,2.32288e6,-5.82786e-9
1512632040,27624042.921141554,23798368.767965473,3825.674,3.94381e14,1.0586,-4.61451e6,2.31947e6,-5.81934e-9
1512632070,27605280.12447328,23789372.440524302,3815.908,3.97638e14,0.2414,-4.62652e6,2.31599e6,-5.81062e-9
1512632100,27586510.817679137,23780467.62991956,3806.043,3.99000e14,0.1003,-4.62732e6,2.31243e6,-5.80172e-9
1512632130,27567735.308080755,23771654.67684023,3796.081,3.97351e14,0.3135,-4.61050e6,2.30880e6,-5.79262e-9
1512632160,27548953.90438942,23762933.91910767,3786.020,3.98279e14,0.0807,-4.60846e6,2.30509e6,-5.78333e-9
1512632190,27530166.91668871,23754305.691694815,3775.861,3.98024e14,0.1446,-4.59942e6,2.30130e6,-5.77384e-9
1512632220,27511374.65644181,23745770.3266768,3765.604,3.98236e14,0.0914,-4.59293e6,2.29743e6,-5.76416e-9
1512632250,27492577.436492715,23737328.153198652,3755.249,3.96885e14,0.4305,-4.57727e6,2.29348e6,-5.75429e-9
1512632280,27473775.57106725,23728979.49744314,3744.796,3.96097e14,0.6282,-4.56472e6,2.28946e6,-5.74422e-9
1512632310,27454969.375774246,23720724.68259886,3734.245,3.96787e14,0.4549,-4.56052e6,2.28536e6,-5.73395e-9
1512632340,27436159.167606413,23712564.028828315,3723.595,3.99817e14,0.3053,-4.56953e6,2.28118e6,-5.72349e-9
1512632370,27417345.26494128,23704497.85323635,3712.847,4.04364e14,1.4458,-4.58698e6,2.27692e6,-5.71283e-9
1512632400,27398527.98754209,23696526.469838582,3702.002,4.03757e14,1.2937,-4.57479e6,2.27258e6,-5.70197e-9
1512632430,27379707.65658145,23688650.18950966,3691.057,3.98314e14,0.0720,-4.53493e6,2.26817e6,-5.69091e-9
1512632460,27360884.59457134,23680869.320015777,3680.015,3.97825e14,0.1945,-4.52318e6,2.26367e6,-5.67965e-9
1512632490,27342059.125434816,23673184.165919416,3668.875,4.01952e14,0.8408,-4.53744e6,2.25910e6,-5.66820e-9
1512632520,27323231.574483708,23665595.028569426,3657.637,3.99703e14,0.2766,-4.51538e6,2.25444e6,-5.65654e-9
1512632550,27304402.268419273,23658102.20607037,3646.300,3.98190e14,0.1030,-4.49736e6,2.24971e6,-5.64469e-9
1512632580,27285571.535332777,23650705.993252132,3634.866,3.97886e14,0.1792,-4.48604e6,2.24489e6,-5.63263e-9
1512632610,27266739.704705965,23643406.681639716,3623.333,3.95774e14,0.7091,-4.46439e6,2.24000e6,-5.62037e-9
1512632640,27247907.107411467,23636204.559423324,3611.703,3.97314e14,0.3227,-4.46312e6,2.23502e6,-5.60791e-9
1512632670,27229074.07571302,23629099.911428656,3599.974,3.98851e14,0.0629,-4.46164e6,2.22996e6,-5.59525e-9
1512632700,27210240.943265636,23622093.019087534,3588.148,3.98007e14,0.1489,-4.44665e6,2.22483e6,-5.58238e-9
1512632730,27191408.0450831,23615184.16044314,3576.224,3.97080e14,0.3815,-4.43107e6,2.21961e6,-5.56931e-9
1512632760,27172575.71763844,23608373.610014714,3564.202,3.98788e14,0.0471,-4.42999e6,2.21431e6,-5.55604e-9
1512632790,27153744.29876276,23601661.638876095,3552.083,3.97243e14,0.3406,-4.41067e6,2.20893e6,-5.54256e-9
1512632820,27134914.127677456,23595048.51459286,3539.866,3.97735e14,0.2171,-4.40250e6,2.20347e6,-5.52888e-9
1512632850,27116085.54499348,23588534.50119457,3527.551,3.99977e14,0.3452,-4.40379e6,2.19792e6,-5.51500e-9
1512632880,27097258.89271061,23582119.85914718,3515.139,3.98422e14,0.0446,-4.38398e6,2.19230e6,-5.50091e-9
1512632910,27078434.514216542,23575804.845325887,3502.630,3.96178e14,0.6078,-4.36026e6,2.18659e6,-5.48661e-9
1512632940,27059612.75428589,23569589.712988116,3490.023,3.94211e14,1.1011,-4.33796e6,2.18080e6,-5.47211e-9
1512632970,27040793.959079076,23563474.711746827,3477.319,3.96768e14,0.4597,-4.34025e6,2.17493e6,-5.45740e-9
1512633000,27021978.47614114,23557460.087544113,3464.518,3.96397e14,0.5528,-4.32636e6,2.16897e6,-5.44249e-9
1512633030,27003166.654427756,23551546.08257396,3451.621,3.96066e14,0.6359,-4.31253e6,2.16294e6,-5.42736e-9
1512633060,26984358.844219442,23545732.935414284,3438.626,3.97097e14,0.3773,-4.30592e6,2.15682e6,-5.41204e-9
1512633090,26965555.397204775,23540020.880842786,3425.535,3.96690e14,0.4794,-4.29135e6,2.15061e6,-5.39650e-9
1512633120,26946756.666451544,23534410.14986272,3412.347,3.97737e14,0.2167,-4.28445e6,2.14433e6,-5.38076e-9
1512633150,26927963.00640519,23528900.969677646,3399.062,3.99853e14,0.3143,-4.28310e6,2.13796e6,-5.36481e-9
1512633180,26909174.772887312,23523493.56366643,3385.681,3.97709e14,0.2236,-4.25872e6,2.13151e6,-5.34865e-9
1512633210,26890392.323093846,23518188.1513587,3372.204,3.97083e14,0.3808,-4.24234e6,2.12498e6,-5.33228e-9
1512633240,26871616.01559332,23512984.948410552,3358.631,3.99910e14,0.3285,-4.24417e6,2.11836e6,-5.31570e-9
1512633270,26852846.210324794,23507884.166580714,3344.962,3.99951e14,0.3389,-4.23098e6,2.11167e6,-5.29892e-9
1512633300,26834083.268595923,23502886.01370705,3331.197,4.01087e14,0.6238,-4.22340e6,2.10488e6,-5.28193e-9
1512633330,26815327.55306527,23497990.69373272,3317.337,3.97456e14,0.2872,-4.19051e6,2.09802e6,-5.26473e-9
1512633360,26796579.42778762,23493198.40653157,3303.381,3.97352e14,0.3133,-4.17610e6,2.09107e6,-5.24732e-9
1512633390,26777839.258163754,23488509.348038416,3289.330,3.98748e14,0.0370,-4.16937e6,2.08404e6,-5.22970e-9
1512633420,26759107.410953224,23483923.710178226,3275.184,3.96532e14,0.5189,-4.14360e6,2.07692e6,-5.21187e-9
1512633450,26740384.25427149,23479441.680845015,3260.943,3.97742e14,0.2155,-4.13553e6,2.06972e6,-5.19383e-9
1512633480,26721670.157587025,23475063.44388126,3246.607,3.97394e14,0.3027,-4.11919e6,2.06244e6,-5.17558e-9
1512633510,26702965.491718184,23470789.17905774,3232.176,3.99634e14,0.2594,-4.11604e6,2.05508e6,-5.15713e-9
1512633540,26684270.628829945,23466619.062053755,3217.652,4.04672e14,1.5232,-4.12702e6,2.04763e6,-5.13846e-9
1512633570,26665585.94243057,23462553.2644378,3203.033,4.02727e14,1.0353,-4.10189e6,2.04010e6,-5.11959e-9
1512633600,26646911.807368055,23458591.953648675,3188.320,4.03112e14,1.1319,-4.08856e6,2.03248e6,-5.10050e-9
1512633630,26628248.599833522,23454735.292948004,3173.513,4.03990e14,1.3521,-4.07754e6,2.02478e6,-5.08121e-9
1512633660,26609596.697335694,23450983.441491704,3158.613,3.99855e14,0.3148,-4.04095e6,2.01700e6,-5.06171e-9
1512633690,26590956.478718802,23447336.55422248,3143.620,3.94744e14,0.9676,-3.99943e6,2.00914e6,-5.04200e-9
1512633720,26572328.32415148,23443794.781881515,3128.534,3.93037e14,1.3959,-3.97505e6,2.00119e6,-5.02208e-9
1512633750,26553712.61512254,23440358.270991474,3113.354,3.96835e14,0.4430,-3.97810e6,1.99315e6,-5.00195e-9
1512633780,26535109.73443674,23437027.163839985,3098.083,3.95735e14,0.7189,-3.95644e6,1.98504e6,-4.98161e-9
1512633810,26516520.06621021,23433801.59846354,3082.718,4.00475e14,0.4703,-3.96362e6,1.97684e6,-4.96106e-9
1512633840,26497943.995865908,23430681.708631758,3067.262,4.03653e14,1.2677,-3.96273e6,1.96856e6,-4.94031e-9
1512633870,26479381.91012881,23427667.623832285,3051.714,3.95492e14,0.7798,-3.90576e6,1.96020e6,-4.91934e-9
1512633900,26460834.19702095,23424759.46925593,3036.075,3.97741e14,0.2156,-3.89995e6,1.95175e6,-4.89817e-9
1512633930,26442301.24585513,23421957.365791935,3020.344,4.02844e14,1.0646,-3.90780e6,1.94322e6,-4.87679e-9
1512633960,26423783.447233636,23419261.429984793,3004.522,3.94060e14,1.1391,-3.84784e6,1.93461e6,-4.85520e-9
1512633990,26405281.19303868,23416671.77405037,2988.609,3.96834e14,0.4433,-3.84397e6,1.92591e6,-4.83341e-9
1512634020,26386794.876428198,23414188.505853556,2972.606,4.00766e14,0.5433,-3.84538e6,1.91713e6,-4.81140e-9
1512634050,26368324.89183011,23411811.7288959,2956.513,3.96806e14,0.4503,-3.80865e6,1.90827e6,-4.78919e-9
1512634080,26349871.63493642,23409541.542303804,2940.330,3.98640e14,0.0100,-3.79956e6,1.89933e6,-4.76678e-9
1512634110,26331435.50269713,23407378.04081716,2924.057,3.98835e14,0.0589,-3.78244e6,1.89030e6,-4.74415e-9
1512634140,26313016.89331398,23405321.314778443,2907.696,3.98996e14,0.0993,-3.76499e6,1.88120e6,-4.72132e-9
1512634170,26294616.20623408,23403371.450122386,2891.245,3.99354e14,0.1890,-3.74829e6,1.87201e6,-4.69829e-9
1512634200,26276233.842143245,23401528.52836608,2874.705,4.04954e14,1.5940,-3.75591e6,1.86273e6,-4.67505e-9
1512634230,26257870.20295317,23399792.626593947,2858.078,4.02273e14,0.9213,-3.72459e6,1.85338e6,-4.65160e-9
1512634260,26239525.691813156,23398163.817466315,2841.362,4.00264e14,0.4173,-3.69635e6,1.84395e6,-4.62795e-9
1512634290,26221200.713084493,23396642.169193473,2824.559,4.03179e14,1.1487,-3.69071e6,1.83443e6,-4.60410e-9
1512634320,26202895.672339022,23395227.74553344,2807.668,3.97112e14,0.3735,-3.64362e6,1.82484e6,-4.58004e-9
1512634350,26184610.976351667,23393920.60578461,2790.690,3.94373e14,1.0606,-3.61183e6,1.81516e6,-4.55578e-9
1512634380,26166347.033092637,23392720.80477879,2773.626,3.94169e14,1.1117,-3.59150e6,1.80540e6,-4.53131e-9
1512634410,26148104.25171964,23391628.392874904,2756.476,3.97995e14,0.1518,-3.58919e6,1.79556e6,-4.50665e-9
1512634440,26129883.042569727,23390643.415953122,2739.240,4.00660e14,0.5168,-3.58131e6,1.78564e6,-4.48178e-9
1512634470,26111683.81715111,23389765.915409476,2721.918,3.99433e14,0.2089,-3.55580e6,1.77564e6,-4.45671e-9
1512634500,26093506.988134652,23388995.928151105,2704.511,4.01551e14,0.7403,-3.54501e6,1.76556e6,-4.43144e-9
1512634530,26075352.969357647,23388333.486603297,2687.019,3.99087e14,0.1222,-3.51377e6,1.75540e6,-4.40597e-9
1512634560,26057222.175777137,23387778.618670583,2669.444,3.99529e14,0.2330,-3.49522e6,1.74517e6,-4.38030e-9
1512634590,26039115.02349868,23387331.347768854,2651.784,4.03729e14,1.2866,-3.49286e6,1.73485e6,-4.35443e-9
1512634620,26021031.92975506,23386991.692811247,2634.040,4.00334e14,0.4350,-3.45724e6,1.72445e6,-4.32836e-9
1512634650,26002973.312897075,23386759.66820601,2616.214,3.95238e14,0.8436,-3.41433e6,1.71398e6,-4.30210e-9
1512634680,25984939.592384074,23386635.283854876,2598.304,3.95263e14,0.8372,-3.39342e6,1.70342e6,-4.27563e-9
1512634710,25966931.188774344,23386618.54515199,2580.313,3.97182e14,0.3559,-3.38041e6,1.69279e6,-4.24898e-9
1512634740,25948948.52371524,23386709.452983323,2562.239,3.97649e14,0.2387,-3.36100e6,1.68208e6,-4.22212e-9
1512634770,25930992.019933183,23386908.00372658,2544.084,3.99778e14,0.2955,-3.34839e6,1.67129e6,-4.19507e-9
1512634800,25913062.101223454,23387214.18925165,2525.848,3.98428e14,0.0433,-3.32101e6,1.66043e6,-4.16783e-9
1512634830,25895159.192427374,23387627.996899616,2507.531,4.02081e14,0.8733,-3.31426e6,1.64949e6,-4.14039e-9
1512634860,25877283.71945965,23388149.409551986,2489.134,4.00429e14,0.4589,-3.28534e6,1.63847e6,-4.11276e-9
1512634890,25859436.10925966,23388778.40556458,2470.658,3.93060e14,1.3899,-3.23300e6,1.62737e6,-4.08494e-9
1512634920,25841616.789792497,23389514.958791904,2452.102,3.97194e14,0.3528,-3.22759e6,1.61620e6,-4.05693e-9
1512634950,25823826.190037664,23390359.038590003,2433.467,3.98489e14,0.0278,-3.21036e6,1.60496e6,-4.02873e-9
1512634980,25806064.73997742,23391310.609819844,2414.754,3.97425e14,0.2948,-3.18347e6,1.59363e6,-4.00034e-9
1512635010,25788332.87058508,23392369.63285118,2395.963,3.94501e14,1.0284,-3.14910e6,1.58224e6,-3.97176e-9
1512635040,25770631.013813,23393536.063566968,2377.095,3.97966e14,0.1592,-3.13994e6,1.57077e6,-3.94299e-9
1512635070,25752959.60258028,23394809.853368342,2358.150,3.97988e14,0.1537,-3.11696e6,1.55922e6,-3.91404e-9
1512635100,25735319.070760403,23396190.949180037,2339.128,3.96413e14,0.5488,-3.08762e6,1.54760e6,-3.88490e-9
1512635130,25717709.853178844,23397679.293484874,2320.031,3.97919e14,0.1710,-3.07011e6,1.53591e6,-3.85557e-9
1512635160,25700132.38556859,23399274.82424248,2300.858,3.98061e14,0.1353,-3.04715e6,1.52414e6,-3.82606e-9
1512635190,25682587.104588676,23400977.474984426,2281.610,4.00932e14,0.5850,-3.03439e6,1.51230e6,-3.79637e-9
1512635220,25665074.447800703,23402787.17479361,2262.287,3.95604e14,0.7516,-2.99043e6,1.50039e6,-3.76650e-9
1512635250,25647594.85365543,23404703.848312367,2242.891,3.95591e14,0.7549,-2.96651e6,1.48841e6,-3.73644e-9
1512635280,25630148.761479087,23406727.415751427,2223.421,4.01548e14,0.7394,-2.96457e6,1.47635e6,-3.70621e-9
1512635310,25612736.611459468,23408857.792899217,2203.879,4.02662e14,1.0190,-2.94433e6,1.46422e6,-3.67580e-9
1512635340,25595358.844631888,23411094.89113162,2184.264,3.98869e14,0.0674,-2.90599e6,1.45203e6,-3.64521e-9
1512635370,25578015.90286473,23413438.61742237,2164.577,3.98186e14,0.1040,-2.87898e6,1.43976e6,-3.61444e-9
1512635400,25560708.228844967,23415888.87435378,2144.819,3.97641e14,0.2407,-2.85237e6,1.42742e6,-3.58350e-9
1512635430,25543436.266050626,23418445.560100347,2124.991,3.97648e14,0.2390,-2.82761e6,1.41502e6,-3.55238e-9
1512635460,25526200.458774827,23421108.56852595,2105.092,4.06129e14,1.8886,-2.83256e6,1.40254e6,-3.52109e-9
1512635490,25509001.252071463,23423877.78911042,2085.123,4.03554e14,1.2428,-2.79825e6,1.39000e6,-3.48963e-9
1512635520,25491839.09175217,23426753.10698968,2065.086,3.94526e14,1.0221,-2.74166e6,1.37739e6,-3.45800e-9
1512635550,25474714.424370628,23429734.40296881,2044.980,3.96353e14,0.5638,-2.72269e6,1.36471e6,-3.42620e-9
1512635580,25457627.69720643,23432821.553535327,2024.806,4.02556e14,0.9924,-2.71833e6,1.35196e6,-3.39423e-9
1512635610,25440579.358248852,23436014.430873185,2004.565,3.99477e14,0.2199,-2.68223e6,1.33915e6,-3.36209e-9
1512641010,23433801.59846354,25452669.53639512,2018.868,4.06093e14,1.8798,2.72346e6,-1.34892e6,3.38479e-9
1512641040,23430681.708631758,25469747.803514242,2039.066,4.03399e14,1.2038,2.74001e6,-1.36167e6,3.41682e-9
1512641070,23427667.623832285,25486864.15497996,2059.197,3.93870e14,1.1868,2.73269e6,-1.37436e6,3.44868e-9
1512641100,23424759.46925593,25504018.14302285,2079.259,4.00560e14,0.4915,2.78108e6,-1.38698e6,3.48036e-9
1512641130,23421957.365791935,25521209.320576265,2099.252,4.05845e14,1.8174,2.82481e6,-1.39954e6,3.51188e-9
1512641160,23419261.429984793,25538437.241350774,2119.176,3.94312e14,1.0758,2.80916e6,-1.41202e6,3.54323e-9
1512641190,23416671.77405037,25555701.4597917,2139.030,3.96517e14,0.5226,2.84175e6,-1.42444e6,3.57441e-9
1512641220,23414188.505853556,25573001.53111356,2158.813,3.98975e14,0.0940,2.87525e6,-1.43678e6,3.60541e-9
1512641250,23411811.7288959,25590337.011315417,2178.525,3.94858e14,0.9390,2.88486e6,-1.44906e6,3.63623e-9
1512641280,23409541.542303804,25607707.457195822,2198.166,3.98096e14,0.1265,2.92104e6,-1.46127e6,3.66688e-9
1512641310,23407378.04081716,25625112.42636778,2217.734,4.01391e14,0.7000,2.95749e6,-1.47341e6,3.69735e-9
1512641340,23405321.314778443,25642551.47727327,2237.230,3.99267e14,0.1673,2.97380e6,-1.48547e6,3.72765e-9
1512641370,23403371.450122386,25660024.169197585,2256.653,3.98776e14,0.0440,2.99597e6,-1.49747e6,3.75776e-9
1512641400,23401528.52836608,25677530.06228355,2276.002,3.99420e14,0.2056,3.02227e6,-1.50939e6,3.78770e-9
1512641430,23399792.626593947,25695068.717551243,2295.276,3.97146e14,0.3649,3.03732e6,-1.52124e6,3.81745e-9
1512641460,23398163.817466315,25712639.696893636,2314.476,4.00187e14,0.3979,3.07254e6,-1.53302e6,3.84702e-9
1512641490,23396642.169193473,25730242.563108183,2333.600,3.99437e14,0.2098,3.09310e6,-1.54472e6,3.87640e-9
1512641520,23395227.74553344,25747876.87990424,2352.649,3.99458e14,0.2151,3.11648e6,-1.55635e6,3.90561e-9
1512641550,23393920.60578461,25765542.211916212,2371.622,3.97769e14,0.2086,3.13298e6,-1.56791e6,3.93462e-9
1512641580,23392720.80477879,25783238.12471641,2390.517,3.96834e14,0.4432,3.15222e6,-1.57939e6,3.96345e-9
1512641610,23391628.392874904,25800964.184827775,2409.336,3.97815e14,0.1972,3.17892e6,-1.59080e6,3.99210e-9
1512641640,23390643.415953122,25818719.95973632,2428.077,3.96199e14,0.6024,3.19507e6,-1.60213e6,4.02055e-9
1512641670,23389765.915409476,25836505.01790345,2446.739,3.97067e14,0.3846,3.22105e6,-1.61339e6,4.04882e-9
1512641700,23388995.928151105,25854318.928777993,2465.323,3.94807e14,0.9517,3.23416e6,-1.62458e6,4.07689e-9
1512641730,23388333.486603297,25872161.262821354,2483.828,3.93946e14,1.1678,3.25274e6,-1.63568e6,4.10478e-9
1512641760,23387778.618670583,25890031.591478452,2502.253,3.99113e14,0.1285,3.29603e6,-1.64671e6,4.13247e-9
1512641790,23387331.347768854,25907929.487229954,2520.598,3.99995e14,0.3498,3.32163e6,-1.65767e6,4.15997e-9
1512641820,23386991.692811247,25925854.52359048,2538.863,3.98261e14,0.0852,3.33617e6,-1.66854e6,4.18728e-9
1512641850,23386759.66820601,25943806.275119748,2557.047,3.96539e14,0.5172,3.35051e6,-1.67934e6,4.21439e-9
1512641880,23386635.283854876,25961784.317433517,2575.149,3.97120e14,0.3715,3.37437e6,-1.69006e6,4.24131e-9
1512641910,23386618.54515199,25979788.227214374,2593.170,3.98894e14,0.0735,3.40320e6,-1.70071e6,4.26803e-9
1512641940,23386709.452983323,25997817.582222216,2611.108,3.98155e14,0.1118,3.42118e6,-1.71128e6,4.29456e-9
1512641970,23386908.00372658,26015871.961304624,2628.964,3.96292e14,0.5792,3.43410e6,-1.72176e6,4.32089e-9
1512642000,23387214.18925165,26033950.944406874,2646.737,3.98403e14,0.0495,3.46404e6,-1.73217e6,4.34703e-9
1512642030,23387627.996899616,26052054.112551834,2664.426,4.04018e14,1.3591,3.50926e6,-1.74250e6,4.37296e-9
1512642060,23388149.409551986,26070181.047942206,2682.032,3.98812e14,0.0532,3.50701e6,-1.75275e6,4.39870e-9
1512642090,23388778.40556458,26088331.333877333,2699.553,3.95495e14,0.7791,3.51269e6,-1.76293e6,4.42423e-9
1512642120,23389514.958791904,26106504.554792102,2716.990,3.99935e14,0.3348,3.55256e6,-1.77302e6,4.44957e-9
1512642150,23390359.038590003,26124700.29626587,2734.341,3.99163e14,0.1411,3.56917e6,-1.78303e6,4.47471e-9
1512642180,23391310.609819844,26142918.14503097,2751.608,3.99105e14,0.1266,3.58879e6,-1.79296e6,4.49964e-9
1512642210,23392369.63285118,26161157.688981254,2768.788,3.95863e14,0.6867,3.59385e6,-1.80281e6,4.52437e-9
1512642240,23393536.063566968,26179418.517180223,2785.882,3.92830e14,1.4477,3.59953e6,-1.81259e6,4.54891e-9
1512642270,23394809.853368342,26197700.21986913,2802.890,3.96740e14,0.4667,3.63666e6,-1.82228e6,4.57323e-9
1512642300,23396190.949180037,26216002.38847485,2819.811,3.97374e14,0.3077,3.65876e6,-1.83189e6,4.59736e-9
1512642330,23397679.293484874,26234324.615652416,2836.645,3.97508e14,0.2740,3.67841e6,-1.84142e6,4.62128e-9
1512642360,23399274.82424248,26252666.495185453,2853.392,3.97854e14,0.1873,3.69889e6,-1.85086e6,4.64500e-9
1512642390,23400977.474984426,26271027.62210067,2870.050,3.99306e14,0.1770,3.72439e6,-1.86023e6,4.66851e-9
1512642420,23402787.17479361,26289407.592640728,2886.620,4.00115e14,0.3799,3.74678e6,-1.86951e6,4.69182e-9
1512642450,23404703.848312367,26307806.0042716,2903.102,3.98625e14,0.0061,3.75820e6,-1.87872e6,4.71492e-9
1512642480,23406727.415751427,26326222.455689743,2919.495,4.00067e14,0.3680,3.78329e6,-1.88784e6,4.73782e-9
1512642510,23408857.792899217,26344656.54682911,2935.799,3.98428e14,0.0432,3.79360e6,-1.89688e6,4.76051e-9
1512642540,23411094.89113162,26363107.878868025,2952.013,3.99482e14,0.2213,3.81656e6,-1.90583e6,4.78300e-9
1512642570,23413438.61742237,26381576.05423586,2968.137,4.00826e14,0.5582,3.84078e6,-1.91471e6,4.80527e-9
1512642600,23415888.87435378,26400060.676619556,2984.172,3.96804e14,0.4506,3.83901e6,-1.92350e6,4.82734e-9
1512642630,23418445.560100347,26418561.350947477,3000.116,3.97601e14,0.2508,3.86026e6,-1.93221e6,4.84921e-9
1512642660,23421108.56852595,26437077.683464836,3015.969,4.04048e14,1.3667,3.90890e6,-1.94084e6,4.87086e-9
1512642690,23423877.78911042,26455609.28167054,3031.731,4.03703e14,1.2802,3.92443e6,-1.94938e6,4.89231e-9
1512642720,23426753.10698968,26474155.754345186,3047.403,3.98612e14,0.0029,3.91644e6,-1.95784e6,4.91355e-9
1512642750,23429734.40296881,26492716.711556524,3062.982,4.00273e14,0.4195,3.94140e6,-1.96622e6,4.93458e-9
1512642780,23432821.553535327,26511291.764664747,3078.470,4.02155e14,0.8918,3.96736e6,-1.97452e6,4.95541e-9
1512642810,23436014.430873185,26529880.52632763,3093.866,3.98589e14,0.0030,3.96612e6,-1.98273e6,4.97602e-9
1512642840,23439312.902876996,26548482.610505443,3109.170,3.96955e14,0.4129,3.97422e6,-1.99086e6,4.99643e-9
1512642870,23442716.833166905,26567097.632465757,3124.381,3.98087e14,0.1288,3.99596e6,-1.99891e6,5.01663e-9
1512642900,23446226.0811038,26585725.208788034,3139.499,4.00441e14,0.4619,4.02374e6,-2.00687e6,5.03662e-9
1512642930,23449840.50182414,26604364.957368664,3154.524,3.96980e14,0.4066,4.02204e6,-2.01475e6,5.05640e-9
1512642960,23453559.94619747,26623016.497423552,3169.457,3.94283e14,1.0832,4.02391e6,-2.02255e6,5.07597e-9
1512642990,23457384.26090169,26641679.449493766,3184.295,3.99861e14,0.3162,4.06768e6,-2.03026e6,5.09533e-9
1512643020,23461313.288421374,26660353.435448986,3199.040,4.00629e14,0.5089,4.08690e6,-2.03789e6,5.11448e-9
1512643050,23465346.867065445,26679038.07849146,3213.691,4.00335e14,0.4351,4.10053e6,-2.04544e6,5.13342e-9
1512643080,23469484.830985345,26697733.00315967,3228.248,3.99130e14,0.1328,4.10928e6,-2.05290e6,5.15216e-9
1512643110,23473727.010193586,26716437.83533194,3242.711,3.98962e14,0.0908,4.12319e6,-2.06028e6,5.17068e-9
1512643140,23478073.23058279,26735152.20222987,3257.079,3.98210e14,0.0980,4.13389e6,-2.06758e6,5.18899e-9
1512643170,23482523.31394513,26753875.732421685,3271.352,3.93372e14,1.3118,4.12312e6,-2.07479e6,5.20710e-9
1512643200,23487077.077992205,26772608.055825446,3285.531,3.93449e14,1.2924,4.13769e6,-2.08192e6,5.22500e-9
1512643230,23491734.336363688,26791348.803728104,3299.614,3.94765e14,0.9621,4.15860e6,-2.08897e6,5.24268e-9
1512643260,23496494.89868376,26810097.608739093,3313.603,3.97326e14,0.3197,4.18593e6,-2.09593e6,5.26016e-9
1512643290,23501358.5705466,26828854.104842905,3327.496,4.00406e14,0.4530,4.21593e6,-2.10281e6,5.27743e-9
1512643320,23506325.15354929,26847617.927385785,3341.293,3.97666e14,0.2344,4.21505e6,-2.10961e6,5.29449e-9
1512643350,23511394.445313577,26866388.71307849,3354.994,3.98260e14,0.0854,4.23162e6,-2.11632e6,5.31134e-9
1512643380,23516566.23950806,26885166.09999885,3368.600,3.98544e14,0.0142,4.24639e6,-2.12296e6,5.32798e-9
1512643410,23521840.325870764,26903949.727594305,3382.109,4.00661e14,0.5171,4.27081e6,-2.12950e6,5.34442e-9
1512643440,23527216.490232076,26922739.23668421,3395.523,4.01562e14,0.7430,4.28860e6,-2.13597e6,5.36064e-9
1512643470,23532694.514537983,26941534.269462112,3408.840,3.98295e14,0.0766,4.28385e6,-2.14235e6,5.37666e-9
1512643500,23538274.176873833,26960334.46949778,3422.060,3.99556e14,0.2396,4.30324e6,-2.14865e6,5.39247e-9
1512643530,23543955.25149866,26979139.481722943,3435.184,4.00244e14,0.4122,4.31942e6,-2.15487e6,5.40807e-9
1512643560,23549737.50883773,26997948.95248341,3448.211,4.00464e14,0.4674,4.33291e6,-2.16100e6,5.42347e-9
1512643590,23555620.71553898,27016762.529490225,3461.142,3.98906e14,0.0766,4.33657e6,-2.16706e6,5.43866e-9
1512643620,23561604.63448797,27035579.861837473,3473.975,3.98931e14,0.0828,4.34865e6,-2.17303e6,5.45364e-9
1512643650,23567689.024833348,27054400.600003652,3486.712,4.00862e14,0.5674,4.37099e6,-2.17891e6,5.46841e-9
1512643680,23573873.642012678,27073224.395852853,3499.351,3.97322e14,0.3208,4.36323e6,-2.18472e6,5.48298e-9
1512643710,23580158.237778578,27092050.902635846,3511.893,3.97080e14,0.3814,4.37333e6,-2.19044e6,5.49734e-9
1512643740,23586542.56022522,27110879.77499104,3524.337,3.98332e14,0.0673,4.39149e6,-2.19608e6,5.51150e-9
1512643770,23593026.35381506,27129710.668945357,3536.684,3.98360e14,0.0602,4.40276e6,-2.20164e6,5.52545e-9
1512643800,23599609.35940593,27148543.24191488,3548.934,4.00252e14,0.4143,4.42420e6,-2.20712e6,5.53919e-9
1512643830,23606291.31426139,27167377.15270765,3561.086,4.00904e14,0.5778,4.43863e6,-2.21252e6,5.55274e-9
1512643860,23613071.952130854,27186212.061517775,3573.140,4.02206e14,0.9047,4.45655e6,-2.21784e6,5.56607e-9
1512643890,23619951.0032251,27205047.629932333,3585.097,3.99922e14,0.3314,4.45431e6,-2.22307e6,5.57921e-9
1512643920,23626928.194261316,27223883.520929523,3596.955,3.99080e14,0.1204,4.45993e6,-2.22822e6,5.59214e-9
1512643950,23634003.2484915,27242719.398879014,3608.716,3.97505e14,0.2748,4.46126e6,-2.23330e6,5.60486e-9
1512643980,23641175.885731086,27261554.929542046,3620.379,3.96980e14,0.4066,4.46828e6,-2.23829e6,5.61739e-9
1512644010,23648445.822387885,27280389.780071594,3631.944,3.99966e14,0.3426,4.49489e6,-2.24320e6,5.62971e-9
1512644040,23655812.771491274,27299223.619012248,3643.411,3.99727e14,0.2826,4.50322e6,-2.24803e6,5.64183e-9
1512644070,23663276.442721613,27318056.116300263,3654.780,3.97178e14,0.3568,4.49833e6,-2.25278e6,5.65375e-9
1512644100,23670836.542439952,27336886.94326323,3666.050,3.94656e14,0.9896,4.49336e6,-2.25745e6,5.66547e-9
1512644130,23678492.773746412,27355715.772636857,3677.223,3.98688e14,0.0219,4.52539e6,-2.26204e6,5.67699e-9
1512644160,23686244.83642267,27374542.278512515,3688.297,3.98969e14,0.0925,4.53601e6,-2.26656e6,5.68830e-9
1512644190,23694092.427050248,27393366.136389095,3699.274,3.96749e14,0.4644,4.53223e6,-2.27099e6,5.69942e-9
1512644220,23702035.239012934,27412187.023155574,3710.152,3.96341e14,0.5669,4.53859e6,-2.27534e6,5.71035e-9
1512644250,23710072.962527823,27431004.617090777,3720.932,3.96963e14,0.4109,4.55067e6,-2.27962e6,5.72107e-9
1512644280,23718205.284676574,27449818.59786269,3731.613,3.96286e14,0.5807,4.55516e6,-2.28381e6,5.73159e-9
1512644310,23726431.889436886,27468628.646527942,3742.197,3.96675e14,0.4830,4.56561e6,-2.28793e6,5.74192e-9
1512644340,23734752.457714133,27487434.445531026,3752.682,3.99412e14,0.2037,4.58941e6,-2.29197e6,5.75205e-9
1512644370,23743166.66737316,27506235.678703528,3763.069,3.96007e14,0.6506,4.57772e6,-2.29593e6,5.76199e-9
1512644400,23751674.193270266,27525032.03126323,3773.358,3.96356e14,0.5631,4.58747e6,-2.29982e6,5.77173e-9
1512644430,23760274.707244005,27543823.18978209,3783.548,3.97463e14,0.2854,4.60146e6,-2.30362e6,5.78127e-9
1512644460,23768967.878274996,27562608.84228076,3793.641,3.97081e14,0.3812,4.60670e6,-2.30735e6,5.79063e-9
1512644490,23777753.372390382,27581388.67813158,3803.635,3.96628e14,0.4950,4.61136e6,-2.31100e6,5.79979e-9
1512644520,23786630.852737553,27600162.38808817,3813.532,3.95668e14,0.7357,4.61291e6,-2.31458e6,5.80875e-9
1512644550,23795599.979616515,27618929.664283723,3823.330,3.96838e14,0.4422,4.62669e6,-2.31808e6,5.81752e-9
1512644580,23804660.410512444,27637690.200229447,3833.030,3.95757e14,0.7134,4.62722e6,-2.32150e6,5.82611e-9
1512644610,23813811.800128333,27656443.690812808,3842.632,3.97767e14,0.2091,4.64562e6,-2.32485e6,5.83450e-9
1512644640,23823053.800417814,27675189.832295693,3852.136,3.99964e14,0.3421,4.66499e6,-2.32812e6,5.84270e-9
1512644670,23832386.060618117,27693928.3223126,3861.542,3.98584e14,0.0042,4.66331e6,-2.33131e6,5.85071e-9
1512644700,23841808.227283083,27712658.859868687,3870.851,3.98925e14,0.0814,4.67155e6,-2.33443e6,5.85853e-9
1512644730,23851319.944369245,27731381.145374984,3880.061,4.00994e14,0.6005,4.68978e6,-2.33748e6,5.86617e-9
1512644760,23860920.85310612,27750094.88053181,3889.174,3.98429e14,0.0430,4.68067e6,-2.34045e6,5.87362e-9
1512644790,23870610.59219325,27768799.76844146,3898.189,3.96217e14,0.5980,4.67345e6,-2.34335e6,5.88088e-9
1512644820,23880388.797781136,27787495.5135693,3907.107,3.96386e14,0.5555,4.68007e6,-2.34617e6,5.88795e-9
1512644850,23890255.10350528,27806181.82174175,3915.927,3.95625e14,0.7465,4.68107e6,-2.34892e6,5.89485e-9
1512644880,23900209.140520267,27824858.400144495,3924.649,3.95858e14,0.6881,4.68777e6,-2.35159e6,5.90155e-9
1512644910,23910250.537534,27843524.95732044,3933.274,3.94650e14,0.9912,4.68581e6,-2.35419e6,5.90807e-9
1512644940,23920378.92084185,27862181.203167606,3941.802,3.95893e14,0.6791,4.69820e6,-2.35672e6,5.91441e-9
1512644970,23930593.91436104,27880826.848937098,3950.233,3.97946e14,0.1641,4.71525e6,-2.35918e6,5.92057e-9
1512645000,23940895.139664833,27899461.607230905,3958.566,3.99320e14,0.1805,4.72815e6,-2.36157e6,5.92655e-9
1512645030,23951282.215958487,27918085.19196282,3966.803,3.96520e14,0.5220,4.71617e6,-2.36388e6,5.93234e-9
1512645060,23961754.76029391,27936697.31846967,3974.943,3.95357e14,0.8138,4.71373e6,-2.36612e6,5.93796e-9
1512645090,23972312.387423024,27955297.70339524,3982.985,3.99773e14,0.2943,4.74430e6,-2.36829e6,5.94340e-9
1512645120,23982954.709890313,27973886.064724337,3990.931,4.00770e14,0.5444,4.75444e6,-2.37039e6,5.94865e-9
1512645150,23993681.33806666,27992462.121780045,3998.781,3.99129e14,0.1325,4.74873e6,-2.37242e6,5.95374e-9
1512645180,24004491.88018336,28011025.595220797,4006.534,4.01172e14,0.6452,4.76482e6,-2.37438e6,5.95864e-9
1512645210,24015385.94236596,28029576.20703759,4014.190,4.01623e14,0.7583,4.77129e6,-2.37627e6,5.96337e-9
1512645240,24026363.128668208,28048113.68055095,4021.751,3.99081e14,0.1205,4.75977e6,-2.37809e6,5.96793e-9
1512645270,24037423.041105982,28066637.740408033,4029.215,4.01009e14,0.6044,4.77479e6,-2.37983e6,5.97231e-9
1512645300,24048565.2796912,28085148.112579435,4036.583,3.96900e14,0.4265,4.75360e6,-2.38152e6,5.97651e-9
1512645330,24059789.442520745,28103644.524388265,4043.855,3.95840e14,0.6926,4.75047e6,-2.38313e6,5.98055e-9
1512645360,24071095.125640795,28122126.70440849,4051.032,3.98595e14,0.0014,4.77003e6,-2.38467e6,5.98441e-9
1512645390,24082481.923250936,28140594.38256038,4058.112,3.98580e14,0.0051,4.77289e6,-2.38615e6,5.98811e-9
1512645420,24093949.42768345,28159047.290075723,4065.098,4.00140e14,0.3863,4.78505e6,-2.38756e6,5.99163e-9
1512645450,24105497.22943759,28177485.15949485,4071.988,3.98430e14,0.0427,4.77748e6,-2.38890e6,5.99499e-9
1512645480,24117124.91721386,28195907.72466368,4078.783,3.98141e14,0.1153,4.77829e6,-2.39017e6,5.99817e-9
1512645510,24128832.077948373,28214314.720730703,4085.483,3.96384e14,0.5561,4.77016e6,-2.39138e6,6.00119e-9
1512645540,24140618.296846997,28232705.8841439,4092.088,3.97765e14,0.2097,4.78072e6,-2.39252e6,6.00405e-9
1512645570,24152483.157419514,28251080.9526477,4098.598,3.98884e14,0.0713,4.78959e6,-2.39360e6,6.00673e-9
1512645600,24164426.241513755,28269439.665279835,4105.013,3.98476e14,0.0313,4.78915e6,-2.39461e6,6.00926e-9
1512645630,24176447.129307233,28287781.762343623,4111.335,4.00093e14,0.3744,4.80076e6,-2.39555e6,6.01162e-9
1512645660,24188545.399471793,28306106.985480487,4117.562,3.98642e14,0.0105,4.79379e6,-2.39643e6,6.01382e-9
1512645690,24200720.629076295,28324415.077590864,4123.694,3.95485e14,0.7817,4.77643e6,-2.39725e6,6.01585e-9
1512645720,24212972.393662468,28342705.78285528,4129.733,3.96927e14,0.4199,4.78660e6,-2.39800e6,6.01773e-9
1512645750,24225300.26727826,28360978.846730832,4135.679,3.98445e14,0.0390,4.79710e6,-2.39869e6,6.01944e-9
1512645780,24237703.82251107,28379234.015947614,4141.530,3.96850e14,0.4391,4.78875e6,-2.39931e6,6.02100e-9
1512645810,24250182.63052082,28397471.03850519,4147.288,3.98007e14,0.1489,4.79683e6,-2.39987e6,6.02240e-9
1512645840,24262736.261072993,28415689.66366891,4152.953,3.99705e14,0.2771,4.80805e6,-2.40037e6,6.02364e-9
1512645870,24275364.2825715,28433889.641966302,4158.525,3.97688e14,0.2289,4.79677e6,-2.40081e6,6.02473e-9
1512645900,24288066.26209145,28452070.725183338,4164.004,3.97437e14,0.2920,4.79600e6,-2.40119e6,6.02566e-9
1512645930,24300841.76543978,28470232.66637984,4169.391,4.00665e14,0.5180,4.81608e6,-2.40150e6,6.02643e-9
1512645960,24313690.357101787,28488375.219826955,4174.685,3.99569e14,0.2429,4.80997e6,-2.40175e6,6.02705e-9
1512645990,24326611.60035987,28506498.141062345,4179.887,3.94816e14,0.9493,4.78171e6,-2.40194e6,6.02752e-9
1512646020,24339605.057298098,28524601.186867375,4184.996,3.97216e14,0.3472,4.79643e6,-2.40208e6,6.02784e-9
1512646050,24352670.288834732,28542684.115263596,4190.014,3.97305e14,0.3249,4.79711e6,-2.40215e6,6.02801e-9
1512646080,24365806.854754437,28560746.685508903,4194.940,3.96418e14,0.5475,4.79178e6,-2.40216e6,6.02803e-9
1512646110,24379014.313740566,28578788.65809399,4199.774,3.99394e14,0.1991,4.80962e6,-2.40211e6,6.02790e-9
1512646140,24392292.22340716,28596809.794738468,4204.518,3.97898e14,0.1763,4.80038e6,-2.40201e6,6.02762e-9
1512646170,24405640.14033082,28614809.858387236,4209.170,3.98073e14,0.1322,4.80111e6,-2.40184e6,6.02720e-9
1512646200,24419057.62008256,28632788.613206606,4213.731,3.99074e14,0.1189,4.80669e6,-2.40162e6,6.02663e-9
1512646230,24432544.217244722,28650745.824560996,4218.202,4.01607e14,0.7542,4.82139e6,-2.40134e6,6.02591e-9
1512646260,24446099.48548742,28668681.25906941,4222.582,3.99513e14,0.2289,4.80809e6,-2.40100e6,6.02505e-9
1512646290,24459722.977554817,28686594.684541065,4226.872,3.98239e14,0.0906,4.79962e6,-2.40061e6,6.02405e-9
1512646320,24473414.245310638,28704485.86999094,4231.072,3.99855e14,0.3148,4.80845e6,-2.40016e6,6.02291e-9
1512646350,24487172.83976908,28722354.585635766,4235.182,3.97812e14,0.1978,4.79512e6,-2.39965e6,6.02162e-9
1512646380,24500998.31112531,28740200.602889936,4239.202,3.96814e14,0.4483,4.78798e6,-2.39909e6,6.02020e-9
1512646410,24514890.20878609,28758023.69436148,4243.133,3.98602e14,0.0003,4.79751e6,-2.39847e6,6.01863e-9
1512646440,24528848.081399985,28775823.633847937,4246.976,4.00640e14,0.5117,4.80842e6,-2.39780e6,6.01693e-9
1512646470,24542871.47688746,28793600.196332313,4250.729,3.99317e14,0.1798,4.79900e6,-2.39707e6,6.01509e-9
1512646500,24556959.942470785,28811353.157978926,4254.393,3.97536e14,0.2672,4.78671e6,-2.39628e6,6.01311e-9
1512646530,24571113.02470614,28829082.29615507,4257.969,3.99179e14,0.1452,4.79492e6,-2.39545e6,6.01100e-9
1512646560,24585330.269506086,28846787.389347643,4261.457,3.98702e14,0.0256,4.79026e6,-2.39456e6,6.00876e-9
1512646590,24599611.22217584,28864468.21723852,4264.857,3.99430e14,0.2081,4.79274e6,-2.39362e6,6.00638e-9
1512646620,24613955.427440297,28882124.5606749,4268.169,4.02106e14,0.8795,4.80681e6,-2.39262e6,6.00387e-9
1512646650,24628362.429472998,28899756.201665416,4271.394,3.98293e14,0.0772,4.78182e6,-2.39157e6,6.00122e-9
1512646680,24642831.77192495,28917362.923376188,4274.531,3.95465e14,0.7866,4.76265e6,-2.39047e6,5.99845e-9
1512646710,24657362.997953277,28934944.510126863,4277.582,4.00584e14,0.4977,4.79105e6,-2.38932e6,5.99555e-9
1512646740,24671955.650249623,28952500.74738667,4280.545,3.98207e14,0.0986,4.77438e6,-2.38812e6,5.99252e-9
1512646770,24686609.27106844,28970031.421770453,4283.422,3.95540e14,0.7677,4.75590e6,-2.38687e6,5.98936e-9
1512646800,24701323.40225497,28987536.321034662,4286.213,4.00049e14,0.3635,4.78029e6,-2.38556e6,5.98608e-9
1512646830,24716097.585284136,29005015.234041378,4288.918,3.98965e14,0.0914,4.77108e6,-2.38421e6,5.98267e-9
1512646860,24730931.361254267,29022467.950852714,4291.537,3.98909e14,0.0773,4.76793e6,-2.38280e6,5.97913e-9
1512646890,24745824.270948626,29039894.26262811,4294.070,3.98622e14,0.0054,4.76330e6,-2.38135e6,5.97547e-9
1512646920,24760775.85485164,29057293.961651906,4296.518,3.98109e14,0.1233,4.75723e6,-2.37985e6,5.97169e-9
1512646950,24775785.653176077,29074666.841328993,4298.881,3.99039e14,0.1100,4.75968e6,-2.37830e6,5.96779e-9
1512646980,24790853.20588987,29092012.696180414,4301.159,4.00319e14,0.4312,4.76411e6,-2.37670e6,5.96376e-9
1512647010,24805978.052742805,29109331.321839076,4303.353,3.97881e14,0.1805,4.74627e6,-2.37505e6,5.95962e-9
1512647040,24821159.733292952,29126622.51504527,4305.463,3.98981e14,0.0955,4.74943e6,-2.37336e6,5.95535e-9
1512647070,24836397.7869329,29143886.073642362,4307.488,4.01915e14,0.8316,4.76340e6,-2.37162e6,5.95097e-9
1512647100,24851691.752915714,29161121.796572357,4309.430,4.00823e14,0.5576,4.75332e6,-2.36983e6,5.94648e-9
1512647130,24867041.170359377,29178329.48390485,4311.288,3.98870e14,0.0677,4.73803e6,-2.36800e6,5.94186e-9
1512647160,24882445.578337975,29195508.936730094,4313.063,3.97371e14,0.3085,4.72536e6,-2.36612e6,5.93713e-9
1512647190,24897904.515841093,29212659.95725738,4314.755,3.96725e14,0.4705,4.71768e6,-2.36419e6,5.93229e-9
1512647220,24913417.52182002,29229782.348777656,4316.365,3.97832e14,0.1929,4.72030e6,-2.36222e6,5.92733e-9
1512647250,24928984.13521237,29246875.915659536,4317.892,3.99320e14,0.1804,4.72508e6,-2.36021e6,5.92226e-9
1512647280,24944603.89496651,29263940.463345133,4319.337,3.98074e14,0.1322,4.71358e6,-2.35815e6,5.91708e-9
1512647310,24960276.340065718,29280975.798346095,4320.699,3.96425e14,0.5457,4.69963e6,-2.35605e6,5.91179e-9
1512647340,24976001.00955213,29297981.728239443,4321.981,3.95380e14,0.8080,4.68916e6,-2.35390e6,5.90639e-9
1512647370,24991777.442550458,29314958.061663616,4323.181,3.99706e14,0.2775,4.71033e6,-2.35171e6,5.90088e-9
1512647400,25007605.178291474,29331904.60831427,4324.299,3.99254e14,0.1641,4.70318e6,-2.34947e6,5.89527e-9
1512647430,25023483.756161936,29348821.17891168,4325.337,3.96189e14,0.6051,4.68057e6,-2.34720e6,5.88954e-9
1512647460,25039412.71564547,29365707.585284784,4326.295,3.97443e14,0.2905,4.68332e6,-2.34488e6,5.88371e-9
1512647490,25055391.59642775,29382563.640278876,4327.172,3.95521e14,0.7725,4.66731e6,-2.34252e6,5.87778e-9
1512647520,25071419.93839267,29399389.157779776,4327.969,3.95456e14,0.7890,4.66213e6,-2.34012e6,5.87174e-9
1512647550,25087497.281644844,29416183.95270948,4328.687,3.94708e14,0.9765,4.65288e6,-2.33768e6,5.86560e-9
1512647580,25103623.166532,29432947.841021854,4329.325,3.97888e14,0.1787,4.66656e6,-2.33519e6,5.85936e-9
1512647610,25119797.13366708,29449680.639698252,4329.884,4.00532e14,0.4847,4.67699e6,-2.33267e6,5.85301e-9
1512647640,25136018.723950073,29466382.16674313,4330.363,3.99288e14,0.1725,4.66457e6,-2.33011e6,5.84657e-9
1512647670,25152287.47858969,29483052.24117972,4330.765,4.00757e14,0.5410,4.66794e6,-2.32750e6,5.84002e-9
1512647700,25168602.93912466,29499690.683045603,4331.088,4.01975e14,0.8467,4.66974e6,-2.32486e6,5.83338e-9
1512647730,25184964.647417936,29516297.313407335,4331.333,3.98063e14,0.1348,4.64155e6,-2.32218e6,5.82664e-9
1512647760,25201372.1457609,29532871.954297926,4331.500,3.92685e14,1.4841,4.60481e6,-2.31946e6,5.81980e-9
1512647790,25217824.97681042,29549414.428770557,4331.589,3.94403e14,1.0531,4.60932e6,-2.31670e6,5.81287e-9
1512647820,25234322.683636103,29565924.560875677,4331.602,3.96742e14,0.4663,4.61733e6,-2.31391e6,5.80584e-9
1512647850,25250864.809740234,29582402.175656807,4331.537,3.99210e14,0.1530,4.62599e6,-2.31107e6,5.79872e-9
1512647880,25267450.899077486,29598847.099146392,4331.396,3.99208e14,0.1523,4.62022e6,-2.30820e6,5.79151e-9
1512647910,25284080.496074386,29615259.158361737,4331.179,3.96905e14,0.4253,4.60108e6,-2.30530e6,5.78420e-9
1512647940,25300753.145648517,29631638.18130076,4330.885,3.95818e14,0.6981,4.58891e6,-2.30235e6,5.77680e-9
1512647970,25317468.39322751,29647983.996937983,4330.516,3.99570e14,0.2433,4.60462e6,-2.29937e6,5.76931e-9
1512648000,25334225.784767818,29664296.43522039,4330.071,4.01110e14,0.6295,4.60745e6,-2.29636e6,5.76174e-9
1512648030,25351024.86679828,29680575.327057794,4329.550,3.98287e14,0.0787,4.58508e6,-2.29331e6,5.75407e-9
1512648060,25367865.1863612,29696820.504335787,4328.955,3.99599e14,0.2506,4.58644e6,-2.29022e6,5.74631e-9
1512648090,25384746.29110779,29713031.799894825,4328.286,3.98255e14,0.0866,4.57248e6,-2.28710e6,5.73847e-9
1512648120,25401667.72929121,29729209.047531396,4327.541,3.96724e14,0.4707,4.55739e6,-2.28395e6,5.73054e-9
1512648150,25418629.049784336,29745352.08199405,4326.723,3.98480e14,0.0303,4.56107e6,-2.28076e6,5.72253e-9
1512648180,25435629.80209736,29761460.738979183,4325.831,3.99490e14,0.2232,4.56039e6,-2.27753e6,5.71443e-9
1512648210,25452669.53639512,29777534.855127048,4324.865,3.97658e14,0.2364,4.54341e6,-2.27428e6,5.70625e-9
1512648240,25469747.803514242,29793574.26801752,4323.826,3.97942e14,0.1652,4.53845e6,-2.27099e6,5.69798e-9
1512648270,25486864.15497996,29809578.81616606,4322.715,4.00162e14,0.3918,4.54444e6,-2.26767e6,5.68963e-9
1512648300,25504018.14302285,29825548.33901954,4321.530,3.98172e14,0.1074,4.52641e6,-2.26431e6,5.68121e-9
1512648330,25521209.320576265,29841482.676944926,4320.273,3.99718e14,0.2804,4.52841e6,-2.26093e6,5.67270e-9
1512648360,25538437.241350774,29857381.671247542,4318.944,4.00245e14,0.4126,4.52454e6,-2.25751e6,5.66411e-9
1512648390,25555701.4597917,29873245.16414441,4317.544,3.94843e14,0.9426,4.48707e6,-2.25406e6,5.65544e-9
1512648420,25573001.53111356,29889072.99876743,4316.071,3.94614e14,1.0002,4.47884e6,-2.25058e6,5.64670e-9
1512648450,25590337.011315417,29904865.019159175,4314.528,3.98716e14,0.0291,4.49498e6,-2.24707e6,5.63787e-9
1512648480,25607707.457195822,29920621.070268724,4312.914,3.97273e14,0.3329,4.47977e6,-2.24352e6,5.62898e-9
1512648510,25625112.42636778,29936340.99794763,4311.229,3.97164e14,0.3605,4.47201e6,-2.23995e6,5.62000e-9
1512648540,25642551.47727327,29952024.648945663,4309.473,3.99704e14,0.2770,4.47907e6,-2.23635e6,5.61095e-9
1512648570,25660024.169197585,29967671.870906785,4307.648,3.99719e14,0.2805,4.47188e6,-2.23272e6,5.60183e-9
1512648600,25677530.06228355,29983282.512365025,4305.752,4.03255e14,1.1677,4.48432e6,-2.22906e6,5.59264e-9
1512648630,25695068.717551243,29998856.422755823,4303.788,4.00791e14,0.5494,4.46313e6,-2.22537e6,5.58337e-9
1512648660,25712639.696893636,30014393.4523644,4301.754,3.95260e14,0.8380,4.42485e6,-2.22165e6,5.57403e-9
1512648690,25730242.563108183,30029893.452369448,4299.651,3.96901e14,0.4263,4.42651e6,-2.21791e6,5.56462e-9
1512648720,25747876.87990424,30045356.274823707,4297.479,3.96876e14,0.4327,4.41883e6,-2.21413e6,5.55514e-9
1512648750,25765542.211916212,30060781.77265018,4295.240,3.96499e14,0.5272,4.40915e6,-2.21033e6,5.54559e-9
1512648780,25783238.12471641,30076169.79963819,4292.932,3.95428e14,0.7958,4.39558e6,-2.20650e6,5.53597e-9
1512648810,25800964.184827775,30091520.21043952,4290.556,3.98558e14,0.0106,4.40519e6,-2.20265e6,5.52629e-9
1512648840,25818719.95973632,30106832.8605646,4288.113,3.98446e14,0.0388,4.39681e6,-2.19876e6,5.51654e-9
1512648870,25836505.01790345,30122107.60637861,4285.603,3.94558e14,1.0143,4.36757e6,-2.19486e6,5.50672e-9
1512648900,25854318.928777993,30137344.305097654,4283.025,4.00217e14,0.4057,4.39085e6,-2.19092e6,5.49683e-9
1512648930,25872161.262821354,30152542.81476645,4280.382,4.02087e14,0.8746,4.39316e6,-2.18696e6,5.48688e-9
1512648960,25890031.591478452,30167702.994311545,4277.671,3.98884e14,0.0711,4.36761e6,-2.18297e6,5.47687e-9
1512648990,25907929.487229954,30182824.703480303,4274.895,3.99804e14,0.3020,4.36461e6,-2.17896e6,5.46680e-9
1512649020,25925854.52359048,30197907.802855432,4272.053,3.99375e14,0.1942,4.35418e6,-2.17493e6,5.45666e-9
1512649050,25943806.275119748,30212952.15385107,4269.146,4.00151e14,0.3889,4.35027e6,-2.17086e6,5.44646e-9
1512649080,25961784.317433517,30227957.61870883,4266.173,3.97880e14,0.1808,4.32973e6,-2.16678e6,5.43620e-9
1512649110,25979788.227214374,30242924.06049388,4263.136,3.96550e14,0.5145,4.31430e6,-2.16267e6,5.42588e-9
1512649140,25997817.582222216,30257851.343091004,4260.034,3.97225e14,0.3450,4.30971e6,-2.15854e6,5.41549e-9
1512649170,26015871.961304624,30272739.331200685,4256.867,3.98094e14,0.1270,4.30610e6,-2.15438e6,5.40505e-9
1512649200,26033950.944406874,30287587.8903353,4253.637,3.97321e14,0.3210,4.29357e6,-2.15020e6,5.39456e-9
1512649230,26052054.112551834,30302396.88683356,4250.343,3.93178e14,1.3604,4.26287e6,-2.14600e6,5.38400e-9
1512649260,26070181.047942206,30317166.187799964,4246.985,3.95023e14,0.8975,4.26438e6,-2.14177e6,5.37339e-9
1512649290,26088331.333877333,30331895.66115786,4243.564,3.96923e14,0.4208,4.26611e6,-2.13752e6,5.36272e-9
1512649320,26106504.554792102,30346585.175627347,4240.081,3.97300e14,0.3263,4.25960e6,-2.13325e6,5.35199e-9
1512649350,26124700.29626587,30361234.600721613,4236.534,3.99237e14,0.1598,4.26137e6,-2.12896e6,5.34121e-9
1512649380,26142918.14503097,30375843.806743316,4232.926,4.00194e14,0.3997,4.25783e6,-2.12464e6,5.33038e-9
1512649410,26161157.688981254,30390412.664780993,4229.255,3.99027e14,0.1071,4.24293e6,-2.12031e6,5.31949e-9
1512649440,26179418.517180223,30404941.046705373,4225.523,4.02744e14,1.0396,4.25394e6,-2.11595e6,5.30855e-9
1512649470,26197700.21986913,30419428.82516589,4221.729,4.00932e14,0.5849,4.23554e6,-2.11158e6,5.29756e-9
1512649500,26216002.38847485,30433875.873586982,4217.873,3.96244e14,0.5913,4.20193e6,-2.10718e6,5.28652e-9
1512649530,26234324.615652416,30448282.066147666,4213.957,3.95571e14,0.7601,4.18956e6,-2.10276e6,5.27543e-9
1512649560,26252666.495185453,30462647.277830143,4209.981,3.96821e14,0.4463,4.18730e6,-2.09832e6,5.26428e-9
1512649590,26271027.62210067,30476971.384363905,4205.944,4.01522e14,0.7329,4.20309e6,-2.09386e6,5.25309e-9
1512649620,26289407.592640728,30491254.262239,4201.847,3.97790e14,0.2034,4.17454e6,-2.08939e6,5.24184e-9
1512649650,26307806.0042716,30505495.78870237,4197.690,3.95531e14,0.7701,4.15374e6,-2.08489e6,5.23055e-9
1512649680,26326222.455689743,30519695.841754116,4193.473,3.97337e14,0.3168,4.15417e6,-2.08038e6,5.21921e-9
1512649710,26344656.54682911,30533854.30014397,4189.198,3.99244e14,0.1615,4.15504e6,-2.07584e6,5.20783e-9
1512649740,26363107.878868025,30547971.043367527,4184.863,3.99839e14,0.3107,4.14901e6,-2.07129e6,5.19640e-9
1512649770,26381576.05423586,30562045.95166269,4180.470,3.94967e14,0.9115,4.11459e6,-2.06672e6,5.18492e-9
1512649800,26400060.676619556,30576078.906006042,4176.018,3.97373e14,0.3079,4.11790e6,-2.06213e6,5.17340e-9
1512649830,26418561.350947477,30590069.788125493,4171.508,3.98102e14,0.1252,4.11245e6,-2.05752e6,5.16183e-9
1512649860,26437077.683464836,30604018.480446674,4166.941,3.94130e14,1.1215,4.08275e6,-2.05290e6,5.15022e-9
1512649890,26455609.28167054,30617924.86613951,4162.316,3.96656e14,0.4879,4.08649e6,-2.04825e6,5.13856e-9
1512649920,26474155.754345186,30631788.829098567,4157.633,3.98089e14,0.1284,4.08454e6,-2.04359e6,5.12686e-9
1512649950,26492716.711556524,30645610.2539397,4152.894,3.97733e14,0.2177,4.07337e6,-2.03892e6,5.11512e-9
1512649980,26511291.764664747,30659389.025996603,4148.097,3.97590e14,0.2536,4.06326e6,-2.03423e6,5.10334e-9
1512650010,26529880.52632763,30673125.031317573,4143.245,3.97910e14,0.1731,4.05549e6,-2.02952e6,5.09152e-9
1512650040,26548482.610505443,30686818.156662017,4138.336,3.99625e14,0.2570,4.05475e6,-2.02479e6,5.07965e-9
1512650070,26567097.632465757,30700468.28949725,4133.371,3.99713e14,0.2792,4.04570e6,-2.02005e6,5.06775e-9
1512650100,26585725.208788034,30714075.317995034,4128.350,3.99014e14,0.1037,4.03263e6,-2.01529e6,5.05581e-9
1512650130,26604364.957368664,30727639.131010056,4123.274,3.97880e14,0.1808,4.01736e6,-2.01052e6,5.04383e-9
1512650160,26623016.497423552,30741159.61813312,4118.143,3.96089e14,0.6301,3.99878e6,-2.00573e6,5.03181e-9
1512650190,26641679.449493766,30754636.669631183,4112.957,3.95572e14,0.7597,3.98661e6,-2.00093e6,5.01975e-9
1512650220,26660353.435448986,30768070.176462267,4107.717,3.98724e14,0.0309,3.99278e6,-1.99611e6,5.00765e-9
1512650250,26679038.07849146,30781460.030272067,4102.422,3.99530e14,0.2333,3.98715e6,-1.99128e6,4.99552e-9
1512650280,26697733.00315967,30794806.123390544,4097.073,4.00693e14,0.5250,3.98323e6,-1.98644e6,4.98336e-9
1512650310,26716437.83533194,30808108.348828565,4091.671,3.99915e14,0.3297,3.96961e6,-1.98158e6,4.97115e-9
1512650340,26735152.20222987,30821366.600274507,4086.214,3.97577e14,0.2568,3.94825e6,-1.97670e6,4.95891e-9
1512650370,26753875.732421685,30834580.772090964,4080.705,3.98464e14,0.0342,3.94287e6,-1.97181e6,4.94664e-9
1512650400,26772608.055825446,30847750.759311363,4075.143,3.99463e14,0.2164,3.93799e6,-1.96691e6,4.93434e-9
1512650430,26791348.803728104,30860876.457658302,4069.528,4.00643e14,0.5124,3.93396e6,-1.96199e6,4.92200e-9
1512650460,26810097.608739093,30873957.76347372,4063.860,3.95721e14,0.7224,3.89991e6,-1.95707e6,4.90962e-9
1512650490,26828854.104842905,30886994.573782343,4058.140,3.96384e14,0.5562,3.89330e6,-1.95212e6,4.89722e-9
1512650520,26847617.927385785,30899986.78626705,4052.369,3.99770e14,0.2933,3.89996e6,-1.94717e6,4.88478e-9
1512650550,26866388.71307849,30912934.29926581,4046.546,3.99250e14,0.1629,3.88747e6,-1.94220e6,4.87231e-9
1512650580,26885166.09999885,30925837.011768635,4040.671,4.03043e14,1.1145,3.89594e6,-1.93722e6,4.85981e-9
1512650610,26903949.727594305,30938694.823414635,4034.745,4.00573e14,0.4950,3.87392e6,-1.93223e6,4.84728e-9
1512650640,26922739.23668421,30951507.63448894,4028.768,3.95086e14,0.8818,3.83736e6,-1.92723e6,4.83472e-9
1512650670,26941534.269462112,30964275.345919818,4022.741,3.96723e14,0.4710,3.83526e6,-1.92221e6,4.82213e-9
1512650700,26960334.46949778,30976997.85927556,4016.663,3.96335e14,0.5683,3.82336e6,-1.91719e6,4.80951e-9
1512650730,26979139.481722943,30989675.07674193,4010.536,3.95046e14,0.8918,3.80713e6,-1.91215e6,4.79686e-9
1512650760,26997948.95248341,31002306.901179966,4004.358,3.96458e14,0.5374,3.80383e6,-1.90710e6,4.78419e-9
1512650790,27016762.529490225,31014893.236061987,3998.131,4.01350e14,0.6899,3.81707e6,-1.90204e6,4.77148e-9
1512650820,27035579.861837473,31027433.985488247,3991.854,4.02315e14,0.9318,3.81148e6,-1.89697e6,4.75875e-9
1512650850,27054400.600003652,31039929.054183856,3985.528,3.98351e14,0.0625,3.78246e6,-1.89188e6,4.74600e-9
1512650880,27073224.395852853,31052378.347495686,3979.154,3.98836e14,0.0590,3.77456e6,-1.88679e6,4.73321e-9
1512650910,27092050.902635846,31064781.77138932,3972.731,4.00728e14,0.5337,3.77328e6,-1.88169e6,4.72040e-9
1512650940,27110879.77499104,31077139.23244592,3966.259,3.99169e14,0.1425,3.75569e6,-1.87657e6,4.70757e-9
1512650970,27129710.668945357,31089450.63785927,3959.740,3.96637e14,0.4925,3.73355e6,-1.87145e6,4.69471e-9
1512651000,27148543.24191488,31101715.89543263,3953.173,3.97403e14,0.3004,3.72689e6,-1.86632e6,4.68182e-9
1512651030,27167377.15270765,31113934.913584936,3946.558,3.97449e14,0.2890,3.71683e6,-1.86117e6,4.66891e-9
1512651060,27186212.061517775,31126107.60131948,3939.896,3.92845e14,1.4438,3.68510e6,-1.85602e6,4.65598e-9
1512651090,27205047.629932333,31138233.86824942,3933.186,3.96679e14,0.4821,3.69265e6,-1.85086e6,4.64303e-9
1512651120,27223883.520929523,31150313.624585655,3926.430,4.00967e14,0.5938,3.70219e6,-1.84569e6,4.63005e-9
1512651150,27242719.398879014,31162346.78113392,3919.627,3.99726e14,0.2823,3.68606e6,-1.84051e6,4.61705e-9
1512651180,27261554.929542046,31174333.249291915,3912.778,4.01112e14,0.6301,3.68205e6,-1.83532e6,4.60402e-9
1512651210,27280389.780071594,31186272.9410466,3905.883,3.99789e14,0.2981,3.66555e6,-1.83012e6,4.59098e-9
1512651240,27299223.619012248,31198165.7689712,3898.942,4.00994e14,0.6004,3.66063e6,-1.82492e6,4.57791e-9
1512651270,27318056.116300263,31210011.646222617,3891.956,4.01543e14,0.7382,3.65268e6,-1.81970e6,4.56483e-9
1512651300,27336886.94326323,31221810.486538485,3884.924,4.01098e14,0.6266,3.64017e6,-1.81448e6,4.55172e-9
1512651330,27355715.772636857,31233562.204240113,3877.846,4.00092e14,0.3743,3.62511e6,-1.80925e6,4.53859e-9
1512651360,27374542.278512515,31245266.71421276,3870.724,3.95675e14,0.7338,3.59462e6,-1.80401e6,4.52544e-9
1512651390,27393366.136389095,31256923.93191973,3863.558,3.96252e14,0.5891,3.58677e6,-1.79877e6,4.51228e-9
1512651420,27412187.023155574,31268533.773394387,3856.347,3.98587e14,0.0035,3.58679e6,-1.79352e6,4.49909e-9
1512651450,27431004.617090777,31280096.155237466,3849.092,3.97596e14,0.2521,3.57182e6,-1.78825e6,4.48589e-9
1512651480,27449818.59786269,31291610.994614493,3841.792,4.02440e14,0.9632,3.58297e6,-1.78299e6,4.47267e-9
1512651510,27468628.646527942,31303078.20925324,3834.450,3.99150e14,0.1380,3.55769e6,-1.77771e6,4.45943e-9
1512651540,27487434.445531026,31314497.71744107,3827.063,3.96801e14,0.4514,3.53667e6,-1.77243e6,4.44617e-9
1512651570,27506235.678703528,31325869.438022412,3819.634,3.97135e14,0.3677,3.52760e6,-1.76714e6,4.43289e-9
1512651600,27525032.03126323,31337193.290396165,3812.161,3.96928e14,0.4195,3.51611e6,-1.76184e6,4.41960e-9
1512651630,27543823.18978209,31348469.19449815,3804.646,3.99463e14,0.2165,3.51670e6,-1.75654e6,4.40630e-9
1512651660,27562608.84228076,31359697.07084475,3797.088,3.97612e14,0.2480,3.49793e6,-1.75123e6,4.39297e-9
1512651690,27581388.67813158,31370876.840484265,3789.488,3.96294e14,0.5787,3.48154e6,-1.74592e6,4.37963e-9
1512651720,27600162.38808817,31382008.4250091,3781.846,4.00429e14,0.4586,3.48898e6,-1.74060e6,4.36628e-9
1512651750,27618929.664283723,31393091.74655315,3774.162,4.04389e14,1.4523,3.49554e6,-1.73527e6,4.35291e-9
1512651780,27637690.200229447,31404126.727789108,3766.437,4.04270e14,1.4225,3.48428e6,-1.72994e6,4.33952e-9
1512651810,27656443.690812808,31415113.291925922,3758.670,4.03351e14,1.1918,3.46955e6,-1.72460e6,4.32613e-9
1512651840,27675189.832295693,31426051.362706125,3750.862,4.01436e14,0.7113,3.45053e6,-1.71925e6,4.31271e-9
1512651870,27693928.3223126,31436940.86440319,3743.013,4.02631e14,1.0111,3.44493e6,-1.71390e6,4.29929e-9
1512651900,27712658.859868687,31447781.721819006,3735.123,3.94505e14,1.0275,3.39934e6,-1.70855e6,4.28585e-9
1512651930,27731381.145374984,31458573.86029632,3727.193,3.91576e14,1.7623,3.37616e6,-1.70319e6,4.27239e-9
1512651960,27750094.88053181,31469317.205669973,3719.222,3.97242e14,0.3408,3.38965e6,-1.69782e6,4.25893e-9
1512651990,27768799.76844146,31480011.68431048,3711.212,3.97610e14,0.2486,3.38048e6,-1.69245e6,4.24545e-9
1512652020,27787495.5135693,31490657.22310677,3703.162,3.99965e14,0.3424,3.37971e6,-1.68708e6,4.23196e-9
1512652050,27806181.82174175,31501253.74946379,3695.072,3.98267e14,0.0837,3.36177e6,-1.68170e6,4.21846e-9
1512652080,27824858.400144495,31511801.191300187,3686.943,3.99560e14,0.2408,3.35644e6,-1.67631e6,4.20494e-9
1512652110,27843524.95732044,31522299.477046028,3678.775,3.97803e14,0.2000,3.33828e6,-1.67092e6,4.19142e-9
1512652140,27862181.203167606,31532748.53564039,3670.567,3.94557e14,1.0144,3.31394e6,-1.66553e6,4.17788e-9
1512652170,27880826.848937098,31543148.296529207,3662.321,3.98502e14,0.0247,3.31963e6,-1.66013e6,4.16434e-9
1512652200,27899461.607230905,31553498.689662915,3654.037,3.98005e14,0.1493,3.30676e6,-1.65473e6,4.15078e-9
1512652230,27918085.19196282,31563799.645485133,3645.714,3.98961e14,0.0906,3.29991e6,-1.64932e6,4.13721e-9
1512652260,27936697.31846967,31574051.09495843,3637.354,4.02390e14,0.9507,3.30322e6,-1.64391e6,4.12363e-9
1512652290,27955297.70339524,31584252.969534267,3628.955,3.97469e14,0.2839,3.27211e6,-1.63850e6,4.11005e-9
1512652320,27973886.064724337,31594405.201159608,3620.519,3.98381e14,0.0550,3.26503e6,-1.63308e6,4.09645e-9
1512652350,27992462.121780045,31604507.722274747,3612.046,4.01673e14,0.7709,3.26763e6,-1.62766e6,4.08285e-9
1512652380,28011025.595220797,31614560.465810988,3603.535,3.98733e14,0.0332,3.24477e6,-1.62223e6,4.06923e-9
1512652410,28029576.20703759,31624563.36518847,3594.987,3.97712e14,0.2228,3.22977e6,-1.61680e6,4.05561e-9
1512652440,28048113.68055095,31634516.354313884,3586.403,3.93391e14,1.3070,3.20145e6,-1.61137e6,4.04198e-9
1512652470,28066637.740408033,31644419.367578287,3577.782,3.95368e14,0.8109,3.19862e6,-1.60594e6,4.02834e-9
1512652500,28085148.112579435,31654272.339854833,3569.124,4.00273e14,0.4195,3.20747e6,-1.60050e6,4.01470e-9
1512652530,28103644.524388265,31664075.206500802,3560.431,3.98625e14,0.0062,3.18997e6,-1.59506e6,4.00104e-9
1512652560,28122126.70440849,31673827.90334258,3551.701,4.02674e14,1.0218,3.19523e6,-1.58961e6,3.98738e-9
1512652590,28140594.38256038,31683530.366686225,3542.936,4.04009e14,1.3569,3.18958e6,-1.58417e6,3.97371e-9
1512652620,28159047.290075723,31693182.53331118,3534.135,3.97777e14,0.2067,3.15393e6,-1.57872e6,3.96004e-9
1512652650,28177485.15949485,31702784.340468265,3525.299,4.00262e14,0.4169,3.15284e6,-1.57327e6,3.94636e-9
1512652680,28195907.72466368,31712335.725877434,3516.428,4.00739e14,0.5364,3.14378e6,-1.56781e6,3.93267e-9
1512652710,28214314.720730703,31721836.6277258,3507.522,4.02200e14,0.9032,3.13857e6,-1.56236e6,3.91898e-9
1512652740,28232705.8841439,31731286.984665465,3498.581,4.00343e14,0.4372,3.12035e6,-1.55690e6,3.90528e-9
1512652770,28251080.9526477,31740686.735811543,3489.606,3.99474e14,0.2192,3.10602e6,-1.55143e6,3.89157e-9
1512652800,28269439.665279835,31750035.820740044,3480.596,3.99321e14,0.1808,3.09448e6,-1.54597e6,3.87786e-9
1512652830,28287781.762343623,31759334.179482613,3471.552,3.95442e14,0.7925,3.06855e6,-1.54050e6,3.86415e-9
1512652860,28306106.985480487,31768581.752534527,3462.475,3.99774e14,0.2944,3.07434e6,-1.53504e6,3.85042e-9
1512652890,28324415.077590864,31777778.480842717,3453.363,4.02592e14,1.0013,3.07419e6,-1.52957e6,3.83670e-9
1512652920,28342705.78285528,31786924.305806894,3444.219,3.96857e14,0.4374,3.04127e6,-1.52410e6,3.82297e-9
1512652950,28360978.846730832,31796019.169277612,3435.040,3.96176e14,0.6082,3.02775e6,-1.51862e6,3.80924e-9
1512652980,28379234.015947614,31805063.013554305,3425.829,4.01285e14,0.6735,3.03622e6,-1.51315e6,3.79550e-9
1512653010,28397471.03850519,31814055.781383235,3416.585,3.97189e14,0.3540,3.00974e6,-1.50767e6,3.78176e-9
1512653040,28415689.66366891,31822997.41595565,3407.308,3.95076e14,0.8842,2.99084e6,-1.50219e6,3.76801e-9
1512653070,28433889.641966302,31831887.860905744,3397.998,3.97508e14,0.2741,2.98906e6,-1.49671e6,3.75426e-9
1512653100,28452070.725183338,31840727.06030878,3388.656,4.02884e14,1.0748,2.99822e6,-1.49123e6,3.74051e-9
1512653130,28470232.66637984,31849514.958684653,3379.282,3.99253e14,0.1637,2.97367e6,-1.48575e6,3.72675e-9
1512653160,28488375.219826955,31858251.50097915,3369.876,3.99468e14,0.2176,2.96349e6,-1.48027e6,3.71299e-9
1512653190,28506498.141062345,31866936.63257899,3360.438,4.00656e14,0.5157,2.95690e6,-1.47478e6,3.69923e-9
1512653220,28524601.186867375,31875570.299304515,3350.969,3.90359e14,2.0675,2.90796e6,-1.46930e6,3.68547e-9
1512653250,28542684.115263596,31884152.44740788,3341.468,3.99098e14,0.1250,2.92918e6,-1.46381e6,3.67170e-9
1512653280,28560746.685508903,31892683.023571275,3331.936,4.02989e14,1.1009,2.93243e6,-1.45832e6,3.65794e-9
1512653310,28578788.65809399,31901161.974905167,3322.373,3.96296e14,0.5781,2.89700e6,-1.45284e6,3.64417e-9
1512653340,28596809.794738468,31909589.248946454,3312.779,4.00227e14,0.4080,2.90033e6,-1.44735e6,3.63039e-9
1512653370,28614809.858387236,31917964.793656796,3303.155,4.01428e14,0.7094,2.89367e6,-1.44186e6,3.61662e-9
1512653400,28632788.613206606,31926288.557420794,3293.500,4.01117e14,0.6315,2.88153e6,-1.43637e6,3.60285e-9
1512653430,28650745.824560996,31934560.489035413,3283.815,3.93405e14,1.3034,2.84284e6,-1.43088e6,3.58907e-9
1512653460,28668681.25906941,31942780.53773564,3274.099,3.94234e14,1.0953,2.83489e6,-1.42539e6,3.57529e-9
1512653490,28686594.684541065,31950948.65316524,3264.354,4.02186e14,0.8997,2.85229e6,-1.41990e6,3.56151e-9
1512653520,28704485.86999094,31959064.785383884,3254.579,4.02579e14,0.9981,2.84265e6,-1.41440e6,3.54773e-9
1512653550,28722354.585635766,31967128.884865392,3244.774,4.00017e14,0.3553,2.82255e6,-1.40891e6,3.53395e-9
1512653580,28740200.602889936,31975140.902495995,3234.940,4.03285e14,1.1752,2.82305e6,-1.40342e6,3.52017e-9
1512653610,28758023.69436148,31983100.789572615,3225.077,4.03246e14,1.1656,2.81187e6,-1.39793e6,3.50639e-9
1512653640,28775823.633847937,31991008.497801095,3215.185,3.88652e14,2.4959,2.74984e6,-1.39243e6,3.49261e-9
1512653670,28793600.196332313,31998863.97929456,3205.264,3.97598e14,0.2516,2.77012e6,-1.38694e6,3.47883e-9
1512653700,28811353.157978926,32006667.186571702,3195.314,4.06286e14,1.9281,2.78925e6,-1.38145e6,3.46505e-9
1512653730,28829082.29615507,32014418.07256657,3185.336,3.95065e14,0.8868,2.73943e6,-1.37596e6,3.45127e-9
1512653760,28846787.389347643,32022116.59059157,3175.329,3.94654e14,0.9901,2.72708e6,-1.37047e6,3.43749e-9
1512653790,28864468.21723852,32029762.69437137,3165.294,3.93009e14,1.4027,2.71052e6,-1.36497e6,3.42371e-9
1512653820,28882124.5606749,32037356.338029858,3155.232,3.92120e14,1.6257,2.69658e6,-1.35948e6,3.40993e-9
1512653850,28899756.201665416,32044897.476088703,3145.141,3.91547e14,1.7697,2.68374e6,-1.35399e6,3.39615e-9
1512653880,28917362.923376188,32052386.06346571,3135.023,3.97292e14,0.3284,2.69229e6,-1.34850e6,3.38237e-9
1512653910,28934944.510126863,32059822.055473514,3124.878,4.00193e14,0.3996,2.69110e6,-1.34301e6,3.36860e-9
1512653940,28952500.74738667,32067205.407817956,3114.705,4.01052e14,0.6149,2.68298e6,-1.33752e6,3.35482e-9
1512653970,28970031.421770453,32074536.076596744,3104.505,4.01240e14,0.6622,2.67259e6,-1.33203e6,3.34105e-9
1512654000,28987536.321034662,32081814.01829792,3094.278,3.90765e14,1.9657,2.62672e6,-1.32654e6,3.32728e-9
1512654030,29005015.234041378,32089039.189788472,3084.024,3.98060e14,0.1356,2.64003e6,-1.32105e6,3.31351e-9
1512654060,29022467.950852714,32096211.548343755,3073.744,4.03800e14,1.3043,2.64800e6,-1.31556e6,3.29974e-9
1512654090,29039894.26262811,32103331.05161497,3063.437,3.98706e14,0.0265,2.62021e6,-1.31008e6,3.28597e-9
1512654120,29057293.961651906,32110397.65763778,3053.104,3.99576e14,0.2446,2.61208e6,-1.30459e6,3.27221e-9
1512654150,29074666.841328993,32117411.324830826,3042.744,4.03633e14,1.2626,2.61432e6,-1.29910e6,3.25844e-9
1512654180,29092012.696180414,32124372.01199417,3032.359,3.99190e14,0.1478,2.58886e6,-1.29362e6,3.24468e-9
1512654210,29109331.321839076,32131279.678307954,3021.948,3.99094e14,0.1239,2.57758e6,-1.28814e6,3.23092e-9
1512654240,29126622.51504527,32138134.283330843,3011.512,4.00092e14,0.3742,2.56982e6,-1.28265e6,3.21717e-9
1512654270,29143886.073642362,32144935.786998548,3001.050,3.95156e14,0.8642,2.54302e6,-1.27717e6,3.20341e-9
1512654300,29161121.796572357,32151684.149622504,2990.562,3.92642e14,1.4949,2.52409e6,-1.27169e6,3.18966e-9
1512654330,29178329.48390485,32158379.331891593,2980.050,3.94851e14,0.9407,2.52022e6,-1.26621e6,3.17592e-9
1512654360,29195508.936730094,32165021.29486067,2969.512,3.98221e14,0.0953,2.51997e6,-1.26073e6,3.16217e-9
1512654390,29212659.95725738,32171609.999959424,2958.950,3.99803e14,0.3016,2.51400e6,-1.25525e6,3.14843e-9
1512654420,29229782.348777656,32178145.408987626,2948.363,3.97494e14,0.2775,2.49580e6,-1.24978e6,3.13469e-9
1512654450,29246875.915659536,32184627.48411387,2937.752,4.07559e14,2.2474,2.51627e6,-1.24430e6,3.12095e-9
1512654480,29263940.463345133,32191056.187874123,2927.116,4.12023e14,3.3674,2.51908e6,-1.23883e6,3.10722e-9
1512654510,29280975.798346095,32197431.48317061,2916.456,3.95899e14,0.6776,2.45807e6,-1.23336e6,3.09349e-9
1512654540,29297981.728239443,32203753.333270337,2905.772,3.99973e14,0.3442,2.45971e6,-1.22789e6,3.07976e-9
1512654570,29314958.061663616,32210021.701803934,2895.064,4.00710e14,0.5293,2.45101e6,-1.22242e6,3.06604e-9
1512654600,29331904.60831427,32216236.552764367,2884.332,3.94418e14,1.0493,2.42084e6,-1.21695e6,3.05232e-9
1512654630,29348821.17891168,32222397.85051137,2873.577,3.98920e14,0.0801,2.42364e6,-1.21148e6,3.03861e-9
1512654660,29365707.585284784,32228505.559752703,2862.798,4.00055e14,0.3649,2.41614e6,-1.20602e6,3.02489e-9
1512654690,29382563.640278876,32234559.645560514,2851.996,3.99041e14,0.1106,2.40214e6,-1.20055e6,3.01119e-9
1512654720,29399389.157779776,32240560.073364478,2841.171,3.99043e14,0.1110,2.39121e6,-1.19509e6,2.99748e-9
1512654750,29416183.95270948,32246506.808950696,2830.323,4.02559e14,0.9932,2.39078e6,-1.18963e6,2.98378e-9
1512654780,29432947.841021854,32252399.81846045,2819.452,3.99027e14,0.1069,2.36931e6,-1.18417e6,2.97009e-9
1512654810,29449680.639698252,32258239.068389248,2808.558,3.97473e14,0.2829,2.35380e6,-1.17871e6,2.95639e-9
1512654840,29466382.16674313,32264024.52558549,2797.642,3.99610e14,0.2534,2.34919e6,-1.17326e6,2.94271e-9
1512654870,29483052.24117972,32269756.157249544,2786.704,3.94322e14,1.0733,2.32278e6,-1.16780e6,2.92902e-9
1512654900,29499690.683045603,32275433.93093248,2775.743,3.96686e14,0.4802,2.31883e6,-1.16235e6,2.91534e-9
1512654930,29516297.313407335,32281057.814521596,2764.761,4.08730e14,2.5413,2.34290e6,-1.15690e6,2.90167e-9
1512654960,29532871.954297926,32286627.776280902,2753.756,4.11096e14,3.1348,2.33870e6,-1.15145e6,2.88800e-9
1512654990,29549414.428770557,32292143.784808245,2742.729,4.05006e14,1.6071,2.31013e6,-1.14600e6,2.87433e-9
1512655020,29565924.560875677,32297605.80904759,2731.681,4.04419e14,1.4597,2.29747e6,-1.14056e6,2.86067e-9
1512655050,29582402.175656807,32303013.818287924,2720.612,4.00953e14,0.5902,2.27664e6,-1.13512e6,2.84702e-9
1512655080,29598847.099146392,32308367.78216207,2709.521,4.00774e14,0.5453,2.26521e6,-1.12967e6,2.83337e-9
1512655110,29615259.158361737,32313667.670645572,2698.409,4.01798e14,0.8023,2.25719e6,-1.12424e6,2.81972e-9
1512655140,29631638.18130076,32318913.45405555,2687.275,3.99764e14,0.2920,2.24057e6,-1.11880e6,2.80608e-9
1512655170,29647983.996937983,32324105.10304958,2676.121,3.95452e14,0.7900,2.21764e6,-1.11336e6,2.79244e-9
1512655200,29664296.43522039,32329242.588624623,2664.946,3.95727e14,0.7210,2.20758e6,-1.10793e6,2.77881e-9
1512655230,29680575.327057794,32334325.882134784,2653.751,4.01932e14,0.8357,2.21391e6,-1.10250e6,2.76518e-9
1512655260,29696820.504335787,32339354.955232125,2642.534,3.98007e14,0.1489,2.19221e6,-1.09707e6,2.75156e-9
1512655290,29713031.799894825,32344329.779924087,2631.298,4.03382e14,1.1997,2.19608e6,-1.09164e6,2.73795e-9
1512655320,29729209.047531396,32349250.32855366,2620.041,4.07348e14,2.1947,2.19597e6,-1.08621e6,2.72434e-9
1512655350,29745352.08199405,32354116.573798526,2608.764,3.97114e14,0.3729,2.15726e6,-1.08079e6,2.71073e-9
1512655380,29761460.738979183,32358928.488670196,2597.468,3.94347e14,1.0672,2.13897e6,-1.07537e6,2.69713e-9
1512655410,29777534.855127048,32363686.046513237,2586.151,3.97524e14,0.2701,2.13672e6,-1.06995e6,2.68353e-9
1512655440,29793574.26801752,32368389.22100441,2574.815,3.97726e14,0.2194,2.12644e6,-1.06453e6,2.66995e-9
1512655470,29809578.81616606,32373037.98615186,2563.459,3.92156e14,1.6167,2.10083e6,-1.05912e6,2.65636e-9
1512655500,29825548.33901954,32377632.316294275,2552.084,3.92730e14,1.4728,2.09161e6,-1.05371e6,2.64278e-9
1512655530,29841482.676944926,32382172.186080966,2540.690,3.96118e14,0.6228,2.08977e6,-1.04830e6,2.62921e-9
1512655560,29857381.671247542,32386657.570530184,2529.276,3.91919e14,1.6762,2.06801e6,-1.04289e6,2.61564e-9
1512655590,29873245.16414441,32391088.444968835,2517.843,4.02695e14,1.0273,2.08533e6,-1.03748e6,2.60208e-9
1512655620,29889072.99876743,32395464.78505083,2506.392,4.16079e14,4.3850,2.10911e6,-1.03208e6,2.58852e-9
1512655650,29904865.019159175,32399786.566756114,2494.922,4.03495e14,1.2281,2.06567e6,-1.02668e6,2.57497e-9
1512655680,29920621.070268724,32404053.766389716,2483.433,3.98977e14,0.0946,2.04323e6,-1.02128e6,2.56143e-9
1512655710,29936340.99794763,32408266.36058085,2471.925,3.93759e14,1.2146,2.01914e6,-1.01588e6,2.54789e-9
1512655740,29952024.648945663,32412424.326281976,2460.400,3.96299e14,0.5774,2.01485e6,-1.01049e6,2.53436e-9
1512655770,29967671.870906785,32416527.64076783,2448.856,4.04541e14,1.4903,2.02487e6,-1.00510e6,2.52083e-9
1512655800,29983282.512365025,32420576.281634625,2437.294,4.00428e14,0.4584,2.00370e6,-9.99706e5,2.50731e-9
1512655830,29998856.422755823,32424570.226810675,2425.714,4.04840e14,1.5655,2.00391e6,-9.94319e5,2.49379e-9
1512655860,30014393.4523644,32428509.4545197,2414.116,4.10249e14,2.9223,2.00647e6,-9.88934e5,2.48028e-9
1512655890,30029893.452369448,32432393.943316057,2402.500,4.04605e14,1.5065,1.98162e6,-9.83551e5,2.46678e-9
1512655920,30045356.274823707,32436223.672072332,2390.867,3.96800e14,0.4517,1.95163e6,-9.78171e5,2.45328e-9
1512655950,30060781.77265018,32439998.61997857,2379.217,4.00068e14,0.3683,1.94888e6,-9.72793e5,2.43979e-9
1512655980,30076169.79963819,32443718.76654159,2367.549,4.06251e14,1.9193,1.95311e6,-9.67418e5,2.42631e-9
1512656010,30091520.21043952,32447384.091584258,2355.864,4.06605e14,2.0081,1.94311e6,-9.62045e5,2.41283e-9
1512656040,30106832.8605646,32450994.575244896,2344.162,4.05071e14,1.6232,1.92858e6,-9.56674e5,2.39935e-9
1512656070,30122107.60637861,32454550.197976526,2332.443,4.07161e14,2.1476,1.92275e6,-9.51306e5,2.38589e-9
1512656100,30137344.305097654,32458050.940546285,2320.707,3.99519e14,0.2305,1.89377e6,-9.45940e5,2.37243e-9
1512656130,30152542.81476645,32461496.784037724,2308.954,3.97024e14,0.3955,1.87714e6,-9.40577e5,2.35897e-9
1512656160,30167702.994311545,32464887.70984127,2297.185,3.98325e14,0.0691,1.86950e6,-9.35216e5,2.34552e-9
1512656190,30182824.703480303,32468223.699662417,2285.399,3.90366e14,2.0658,1.84022e6,-9.29857e5,2.33208e-9
1512656220,30197907.802855432,32471504.73551837,2273.597,3.94473e14,1.0355,1.83914e6,-9.24501e5,2.31864e-9
1512656250,30212952.15385107,32474730.799737424,2261.779,3.99986e14,0.3476,1.84120e6,-9.19148e5,2.30521e-9
1512656280,30227957.61870883,32477901.87495845,2249.944,4.10159e14,2.8997,1.85379e6,-9.13797e5,2.29179e-9
1512656310,30242924.06049388,32481017.944130346,2238.094,4.11036e14,3.1197,1.84494e6,-9.08448e5,2.27837e-9
1512656340,30257851.343091004,32484078.990511425,2226.228,4.08102e14,2.3837,1.82744e6,-9.03102e5,2.26496e-9
1512656370,30272739.331200685,32487084.997668948,2214.346,4.08972e14,2.6020,1.81858e6,-8.97759e5,2.25156e-9
1512656400,30287587.8903353,32490035.949478496,2202.448,4.00441e14,0.4618,1.78867e6,-8.92418e5,2.23816e-9
1512656430,30302396.88683356,32492931.830103587,2190.535,4.04458e14,1.4696,1.78690e6,-8.87079e5,2.22477e-9
1512656460,30317166.187799964,32495772.62405639,2178.606,4.03756e14,1.2935,1.77460e6,-8.81743e5,2.21138e-9
1512656490,30331895.66115786,32498558.316135883,2166.663,3.98978e14,0.0946,1.75336e6,-8.76409e5,2.19800e-9
1512656520,30346585.175627347,32501288.891446885,2154.704,3.95950e14,0.6650,1.73608e6,-8.71078e5,2.18463e-9
1512656550,30361234.600721613,32503964.3353995,2142.730,3.97756e14,0.2119,1.72938e6,-8.65750e5,2.17126e-9
1512656580,30375843.806743316,32506584.633708365,2130.741,3.91851e14,1.6933,1.70600e6,-8.60424e5,2.15790e-9
1512656610,30390412.664780993,32509149.772392083,2118.737,4.01708e14,0.7796,1.71658e6,-8.55100e5,2.14454e-9
1512656640,30404941.046705373,32511659.73777255,2106.719,4.07120e14,2.1373,1.71743e6,-8.49779e5,2.13120e-9
1512656670,30419428.82516589,32514114.516474355,2094.686,3.99336e14,0.1845,1.69020e6,-8.44461e5,2.11785e-9
1512656700,30433875.873586982,32516514.09542419,2082.638,4.08552e14,2.4966,1.69895e6,-8.39145e5,2.10452e-9
1512656730,30448282.066147666,32518858.461884756,2070.576,4.06110e14,1.8841,1.68308e6,-8.33831e5,2.09119e-9
1512656760,30462647.277830143,32521147.603348035,2058.500,4.05137e14,1.6399,1.67034e6,-8.28521e5,2.07787e-9
1512656790,30476971.384363905,32523381.50764123,2046.410,3.97685e14,0.2296,1.64425e6,-8.23212e5,2.06455e-9
1512656820,30491254.262239,32525560.16289205,2034.306,3.97425e14,0.2949,1.63312e6,-8.17906e5,2.05124e-9
1512656850,30505495.78870237,32527683.557528574,2022.188,4.09040e14,2.6192,1.64620e6,-8.12603e5,2.03793e-9
1512656880,30519695.841754116,32529751.680278987,2010.056,4.11137e14,3.1452,1.63971e6,-8.07302e5,2.02464e-9
1512666270,32531054.138596226,30529029.09416569,2002.025,4.03363e14,1.1947,-1.61666e6,8.03544e5,-2.01585e-9
1512666300,32529021.642031398,30514858.03787685,2014.164,4.05351e14,1.6935,-1.63136e6,8.08843e5,-2.02914e-9
1512666330,32526933.868881498,30500645.443953365,2026.288,3.94756e14,0.9646,-1.62041e6,8.14145e5,-2.04244e-9
1512666360,32524790.83028453,30486391.433882028,2038.399,3.95039e14,0.8935,-1.63155e6,8.19450e5,-2.05574e-9
1512666390,32522592.537677575,30472096.129934993,2050.496,4.01718e14,0.7821,-1.65593e6,8.24757e5,-2.06905e-9
1512666420,32520339.002798107,30457759.655137304,2062.579,4.05269e14,1.6731,-1.67399e6,8.30067e5,-2.08237e-9
1512666450,32518030.23768441,30443382.133270655,2074.648,4.01035e14,0.6108,-1.67582e6,8.35379e5,-2.09569e-9
1512666480,32515666.254676078,30428963.688877087,2086.703,4.01960e14,0.8427,-1.68843e6,8.40693e5,-2.10902e-9
1512666510,32513247.066414453,30414504.447262835,2098.743,4.02096e14,0.8771,-1.69940e6,8.46011e5,-2.12236e-9
1512666540,32510772.685843084,30400004.534502078,2110.768,4.06448e14,1.9687,-1.71938e6,8.51330e5,-2.13570e-9
1512666570,32508243.126208164,30385464.077440787,2122.779,4.11769e14,3.3037,-1.74156e6,8.56653e5,-2.14904e-9
1512666600,32505658.401059046,30370883.203700487,2134.775,4.09973e14,2.8531,-1.74850e6,8.61977e5,-2.16240e-9
1512666630,32503018.52423775,30356262.04165721,2146.756,4.13176e14,3.6568,-1.76628e6,8.67305e5,-2.17576e-9
1512666660,32500323.50991319,30341600.720522318,2158.723,3.93780e14,1.2093,-1.73467e6,8.72635e5,-2.18913e-9
1512666690,32497573.372547776,30326899.370269097,2170.674,3.83938e14,3.6786,-1.72359e6,8.77967e5,-2.20250e-9
1512666720,32494768.12690876,30312158.12166136,2182.610,3.95095e14,0.8793,-1.75879e6,8.83302e5,-2.21588e-9
1512666750,32491907.78806869,30297377.1062572,2194.531,3.97041e14,0.3912,-1.77375e6,8.88639e5,-2.22926e-9
1512666780,32488992.371405847,30282556.456412602,2206.436,3.96506e14,0.5255,-1.78321e6,8.93979e5,-2.24266e-9
1512666810,32486021.892604686,30267696.305285133,2218.326,3.98467e14,0.0335,-1.79828e6,8.99321e5,-2.25605e-9
1512666840,32482996.367656343,30252796.786837626,2230.200,4.09077e14,2.6283,-1.83305e6,9.04666e5,-2.26946e-9
1512666870,32479915.81285906,30237858.03584189,2242.058,4.14334e14,3.9472,-1.85588e6,9.10014e5,-2.28287e-9
1512666900,32476780.24481876,30222880.187882338,2253.900,4.10253e14,2.9233,-1.85742e6,9.15364e5,-2.29629e-9
1512666930,32473589.680469967,30207863.37937355,2265.726,4.06478e14,1.9763,-1.85956e6,9.20716e5,-2.30971e-9
1512666960,32470344.137013357,30192807.747521434,2277.536,3.90064e14,2.1415,-1.83224e6,9.26071e5,-2.32314e-9
1512666990,32467043.631979562,30177713.430369638,2289.330,3.87097e14,2.8859,-1.83591e6,9.31428e5,-2.33657e-9
1512667020,32463688.18320957,30162580.566789635,2301.108,3.98276e14,0.0815,-1.87274e6,9.36788e5,-2.35001e-9
1512667050,32460277.808855325,30147409.296484523,2312.869,3.92380e14,1.5605,-1.86953e6,9.42150e5,-2.36346e-9
1512667080,32456812.52738055,30132199.75999293,2324.613,4.06075e14,1.8751,-1.91272e6,9.47515e5,-2.37692e-9
1512667110,32453292.357561618,30116952.09869294,2336.340,4.08843e14,2.5696,-1.93017e6,9.52882e5,-2.39038e-9
1512667140,32449717.318488225,30101666.45480597,2348.051,3.93890e14,1.1819,-1.90510e6,9.58252e5,-2.40384e-9
1512667170,32446087.429564305,30086342.97140073,2359.744,4.00152e14,0.3893,-1.93092e6,9.63624e5,-2.41731e-9
1512667200,32442402.71050871,30070981.79239712,2371.421,4.11608e14,3.2634,-1.96953e6,9.68998e5,-2.43079e-9
1512667230,32438663.181334093,30055583.06256048,2383.080,4.06140e14,1.8916,-1.96709e6,9.74375e5,-2.44428e-9
1512667260,32434868.86241563,30040146.927535478,2394.722,3.96880e14,0.4316,-1.95519e6,9.79754e5,-2.45777e-9
1512667290,32431019.774423596,30024673.53382003,2406.346,3.89328e14,2.3264,-1.94727e6,9.85136e5,-2.47126e-9
1512667320,32427115.938346032,30009163.02877898,2417.953,3.87301e14,2.8347,-1.95287e6,9.90520e5,-2.48477e-9
1512667350,32423157.37548945,29993615.56064799,2429.542,3.95597e14,0.7535,-1.98422e6,9.95906e5,-2.49828e-9
1512667380,32419144.107479434,29978031.278537404,2441.113,3.97506e14,0.2745,-1.99975e6,1.00130e6,-2.51179e-9
1512667410,32415076.15626129,29962410.332436275,2452.666,3.98060e14,0.1356,-2.01191e6,1.00669e6,-2.52531e-9
1512667440,32410953.544100687,29946752.87321626,2464.201,4.03847e14,1.3164,-2.03738e6,1.01208e6,-2.53884e-9
1512667470,32406776.29358428,29931059.052635603,2475.717,4.09022e14,2.6146,-2.06145e6,1.01748e6,-2.55237e-9
1512667500,32402544.427620415,29915329.0233431,2487.215,3.97808e14,0.1989,-2.04361e6,1.02287e6,-2.56590e-9
1512667530,32398257.969453733,29899562.93889439,2498.695,4.01572e14,0.7454,-2.06411e6,1.02827e6,-2.57945e-9
1512667560,32393916.942622826,29883760.953718115,2510.156,4.05724e14,1.7872,-2.08572e6,1.03368e6,-2.59300e-9
1512667590,32389521.371004183,29867923.22315784,2521.598,3.97592e14,0.2530,-2.07543e6,1.03908e6,-2.60655e-9
1512667620,32385071.27879904,29852049.903463963,2533.021,4.04391e14,1.4528,-2.10404e6,1.04449e6,-2.62011e-9
1512667650,32380566.690534204,29836141.15179778,2544.426,3.98529e14,0.0180,-2.09949e6,1.04990e6,-2.63368e-9
1512667680,32376007.63106296,29820197.12623573,2555.811,3.91657e14,1.7420,-2.09212e6,1.05531e6,-2.64725e-9
1512667710,32371394.125565957,29804217.98577349,2567.176,4.01699e14,0.7773,-2.12957e6,1.06072e6,-2.66083e-9
1512667740,32366726.199552152,29788203.890330207,2578.522,4.06725e14,2.0384,-2.15389e6,1.06614e6,-2.67441e-9
1512667770,32362003.878859706,29772155.000752576,2589.849,3.98283e14,0.0796,-2.14214e6,1.07156e6,-2.68800e-9
1512667800,32357227.189656954,29756071.478819128,2601.156,3.93963e14,1.1634,-2.14131e6,1.07698e6,-2.70159e-9
1512667830,32352396.1584407,29739953.487230036,2612.443,3.96637e14,0.4926,-2.15935e6,1.08240e6,-2.71519e-9
1512667860,32347510.812045503,29723801.189655405,2623.710,4.04170e14,1.3972,-2.19072e6,1.08783e6,-2.72879e-9
1512667890,32342571.177636314,29707614.750695266,2634.956,4.02058e14,0.8674,-2.19586e6,1.09325e6,-2.74240e-9
1512667920,32337577.28271211,29691394.33589797,2646.183,3.95374e14,0.8094,-2.18834e6,1.09868e6,-2.75602e-9
1512667950,32332529.155107025,29675140.11176423,2657.389,4.01337e14,0.6865,-2.21567e6,1.10411e6,-2.76964e-9
1512667980,32327426.822991215,29658852.245751206,2668.575,4.02542e14,0.9889,-2.22993e6,1.10955e6,-2.78326e-9
1512668010,32322270.314872004,29642530.906276572,2679.739,4.00972e14,0.5950,-2.23646e6,1.11498e6,-2.79689e-9
1512668040,32317059.659594838,29626176.262722597,2690.883,4.02727e14,1.0353,-2.25229e6,1.12042e6,-2.81052e-9
1512668070,32311794.88634439,29609788.485440206,2702.006,3.99941e14,0.3363,-2.25536e6,1.12586e6,-2.82416e-9
1512668100,32306476.02464551,29593367.74575308,2713.108,3.98190e14,0.1030,-2.26128e6,1.13130e6,-2.83781e-9
1512668130,32301103.104362573,29576914.21597204,2724.189,3.96040e14,0.6422,-2.26603e6,1.13674e6,-2.85146e-9
1512668160,32295676.155706037,29560428.06936743,2735.248,3.91057e14,1.8926,-2.26261e6,1.14219e6,-2.86511e-9
1512668190,32290195.209228,29543909.480205037,2746.286,3.99613e14,0.2540,-2.29803e6,1.14763e6,-2.87877e-9
1512668220,32284660.295825046,29527358.62373997,2757.302,4.03375e14,1.1979,-2.31982e6,1.15308e6,-2.89243e-9
1512668250,32279071.44673931,29510775.676220845,2768.296,4.05205e14,1.6570,-2.33610e6,1.15853e6,-2.90610e-9
1512668280,32273428.693559512,29494160.814894073,2779.268,4.03186e14,1.1504,-2.34119e6,1.16398e6,-2.91977e-9
1512668310,32267732.06822213,29477514.218008045,2790.218,3.93598e14,1.2550,-2.32404e6,1.16944e6,-2.93345e-9
1512668340,32261981.603012387,29460836.064817358,2801.146,3.99692e14,0.2738,-2.35284e6,1.17489e6,-2.94713e-9
1512668370,32256177.330565363,29444126.53558709,2812.051,4.06372e14,1.9497,-2.38354e6,1.18035e6,-2.96082e-9
1512668400,32250319.28386715,29427385.811597023,2822.933,4.07709e14,2.2850,-2.39854e6,1.18581e6,-2.97451e-9
1512668430,32244407.496253006,29410614.075143717,2833.793,4.04140e14,1.3897,-2.39892e6,1.19127e6,-2.98820e-9
1512668460,32238442.00141743,29393811.509551555,2844.630,3.95235e14,0.8444,-2.38318e6,1.19673e6,-3.00190e-9
1512668490,32232422.833406366,29376978.299170174,2855.445,3.93171e14,1.3622,-2.38784e6,1.20219e6,-3.01560e-9
1512668520,32226350.026621133,29360114.629380915,2866.235,3.99749e14,0.2882,-2.41862e6,1.20766e6,-3.02930e-9
1512668550,32220223.615819603,29343220.686601087,2877.003,4.02744e14,1.0396,-2.43868e6,1.21313e6,-3.04301e-9
1512668580,32214043.636117384,29326296.658288196,2887.747,4.00910e14,0.5794,-2.44407e6,1.21859e6,-3.05673e-9
1512668610,32207810.122988947,29309342.732944246,2898.467,4.03370e14,1.1965,-2.46259e6,1.22406e6,-3.07044e-9
1512668640,32201523.11226884,29292359.100119922,2909.164,4.04380e14,1.4501,-2.47671e6,1.22954e6,-3.08416e-9
1512668670,32195182.640152868,29275345.950418863,2919.837,4.05464e14,1.7220,-2.49109e6,1.23501e6,-3.09789e-9
1512668700,32188788.743199315,29258303.475501902,2930.485,4.04054e14,1.3683,-2.49774e6,1.24048e6,-3.11161e-9
1512668730,32182341.458339244,29241231.868086915,2941.110,4.03405e14,1.2054,-2.50674e6,1.24596e6,-3.12534e-9
1512668760,32175840.82284996,29224131.32196654,2951.710,3.99764e14,0.2920,-2.50633e6,1.25143e6,-3.13908e-9
1512668790,32169286.874384116,29207002.031998973,2962.285,3.95338e14,0.8184,-2.50334e6,1.25691e6,-3.15281e-9
1512668820,32162679.65096211,29189844.19411643,2972.835,4.03169e14,1.1462,-2.53905e6,1.26239e6,-3.16655e-9
1512668850,32156019.190973468,29172658.00532941,2983.361,3.98409e14,0.0481,-2.53493e6,1.26787e6,-3.18030e-9
1512668880,32149305.533178207,29155443.663730826,2993.862,3.96437e14,0.5426,-2.53959e6,1.27335e6,-3.19404e-9
1512668910,32142538.71670834,29138201.368500203,3004.337,3.98405e14,0.0489,-2.55683e6,1.27883e6,-3.20779e-9
1512668940,32135718.781069227,29120931.319907874,3014.787,3.96074e14,0.6338,-2.56029e6,1.28432e6,-3.22154e-9
1512668970,32128845.76614108,29103633.719319146,3025.212,3.99601e14,0.2510,-2.58263e6,1.28980e6,-3.23529e-9
1512669000,32121919.712180384,29086308.76919842,3035.611,4.03371e14,1.1967,-2.60586e6,1.29529e6,-3.24905e-9
1512669030,32114940.659814935,29068956.673119158,3045.984,4.01966e14,0.8443,-2.61231e6,1.30077e6,-3.26280e-9
1512669060,32107908.65006514,29051577.63575037,3056.331,3.98365e14,0.0591,-2.61153e6,1.30626e6,-3.27656e-9
1512669090,32100823.72432566,29034171.862878483,3066.652,4.00462e14,0.4671,-2.62940e6,1.31175e6,-3.29033e-9
1512669120,32093685.924373258,29016739.561405748,3076.946,3.97197e14,0.3521,-2.62961e6,1.31724e6,-3.30409e-9
1512669150,32086495.292368207,28999280.93935452,3087.214,3.97887e14,0.1791,-2.64285e6,1.32272e6,-3.31785e-9
1512669180,32079251.870855734,28981796.2058714,3097.456,4.05063e14,1.6212,-2.67773e6,1.32821e6,-3.33162e-9
1512669210,32071955.702767503,28964285.57123145,3107.670,4.05262e14,1.6712,-2.68946e6,1.33371e6,-3.34539e-9
1512669240,32064606.831423007,28946749.246842396,3117.858,4.01942e14,0.8382,-2.68938e6,1.33920e6,-3.35916e-9
1512669270,32057205.300531056,28929187.445248727,3128.018,3.97675e14,0.2321,-2.68602e6,1.34469e6,-3.37293e-9
1512669300,32049751.154191185,28911600.380135953,3138.151,3.99813e14,0.3042,-2.70423e6,1.35018e6,-3.38670e-9
1512669330,32042244.436889272,28893988.266335025,3148.256,3.97964e14,0.1596,-2.70894e6,1.35567e6,-3.40048e-9
1512669360,32034685.19351724,28876351.31982551,3158.334,3.92379e14,1.5607,-2.70085e6,1.36116e6,-3.41425e-9
1512669390,32027073.469356105,28858689.75774069,3168.384,3.98747e14,0.0367,-2.73357e6,1.36666e6,-3.42802e-9
1512669420,32019409.310083475,28841003.79837138,3178.406,3.97216e14,0.3473,-2.73929e6,1.37215e6,-3.44180e-9
1512669450,32011692.761774987,28823293.661170006,3188.399,3.95529e14,0.7706,-2.74443e6,1.37764e6,-3.45558e-9
1512669480,32003923.870905753,28805559.56675472,3198.364,3.98276e14,0.0815,-2.76490e6,1.38314e6,-3.46935e-9
1512669510,31996102.684351932,28787801.736913476,3208.301,3.96795e14,0.4528,-2.77072e6,1.38863e6,-3.48313e-9
1512669540,31988229.249392238,28770020.394608013,3218.209,4.01439e14,0.7122,-2.79792e6,1.39413e6,-3.49691e-9
1512669570,31980303.613709465,28752215.763977975,3228.088,4.04830e14,1.5630,-2.82085e6,1.39962e6,-3.51068e-9
1512669600,31972325.825392094,28734388.070344813,3237.938,3.99487e14,0.2225,-2.81309e6,1.40511e6,-3.52446e-9
1512669630,31964295.93295464,28716537.54020246,3247.758,3.96472e14,0.5340,-2.81342e6,1.41061e6,-3.53823e-9
1512669660,31956213.985281415,28698664.401262548,3257.550,3.99578e14,0.2452,-2.83540e6,1.41610e6,-3.55201e-9
1512669690,31948080.03168638,28680768.88241696,3267.311,3.95661e14,0.7375,-2.83243e6,1.42159e6,-3.56578e-9
1512669720,31939894.121895984,28662851.213755097,3277.043,3.95402e14,0.8023,-2.84245e6,1.42709e6,-3.57956e-9
1512669750,31931656.306051113,28644911.626567665,3286.745,3.98901e14,0.0755,-2.86596e6,1.43258e6,-3.59333e-9
1512669780,31923366.63470888,28626950.35335042,3296.416,3.99720e14,0.2809,-2.87990e6,1.43807e6,-3.60710e-9
1512669810,31915025.158844557,28608967.62780803,3306.058,3.95284e14,0.8321,-2.87483e6,1.44356e6,-3.62087e-9
1512669840,31906631.92985337,28590963.68485784,3315.668,3.97066e14,0.3849,-2.89224e6,1.44905e6,-3.63464e-9
1512669870,31898186.999552425,28572938.760633584,3325.248,3.97321e14,0.3211,-2.90413e6,1.45454e6,-3.64841e-9
1512669900,31889690.420182575,28554893.092489183,3334.797,3.95409e14,0.8006,-2.90809e6,1.46003e6,-3.66217e-9
1512669930,31881142.24438874,28536826.91902825,3344.315,4.01494e14,0.7260,-2.94139e6,1.46552e6,-3.67593e-9
1512669960,31872542.525288466,28518740.48002846,3353.802,4.01660e14,0.7675,-2.95301e6,1.47101e6,-3.68969e-9
1512669990,31863891.316406794,28500634.01652487,3363.257,3.98851e14,0.0629,-2.95362e6,1.47649e6,-3.70345e-9
1512670020,31855188.6716997,28482507.770788066,3372.681,3.95556e14,0.7637,-2.95234e6,1.48198e6,-3.71721e-9
1512670050,31846434.645555887,28464361.986328065,3382.073,3.99476e14,0.2196,-2.97789e6,1.48746e6,-3.73096e-9
1512670080,31837629.292798437,28446196.907898225,3391.432,3.96442e14,0.5415,-2.97751e6,1.49295e6,-3.74471e-9
1512670110,31828772.66868665,28428012.781499095,3400.760,3.95236e14,0.8440,-2.98391e6,1.49843e6,-3.75846e-9
1512670140,31819864.82891775,28409809.854382258,3410.055,3.99551e14,0.2385,-3.01109e6,1.50391e6,-3.77220e-9
1512670170,31810905.829628672,28391588.375054147,3419.317,3.98900e14,0.0752,-3.01960e6,1.50939e6,-3.78594e-9
1512670200,31801895.727397837,28373348.59327977,3428.547,3.99973e14,0.3444,-3.03463e6,1.51487e6,-3.79968e-9
1512670230,31792834.57926021,28355090.76006024,3437.744,3.98525e14,0.0189,-3.04008e6,1.52034e6,-3.81341e-9
1512670260,31783722.44266817,28336815.12771736,3446.907,3.97220e14,0.3463,-3.04603e6,1.52582e6,-3.82714e-9
1512670290,31774559.375534616,28318521.949816167,3456.037,3.98603e14,0.0007,-3.06227e6,1.53129e6,-3.84086e-9
1512670320,31765345.436221484,28300211.481194492,3465.134,4.02760e14,1.0435,-3.08923e6,1.53676e6,-3.85458e-9
1512670350,31756080.683541786,28281883.97796639,3474.197,4.03839e14,1.3142,-3.10439e6,1.54223e6,-3.86829e-9
1512670380,31746765.17676156,28263539.697525397,3483.225,4.01403e14,0.7031,-3.10594e6,1.54769e6,-3.88200e-9
1512670410,31737398.975601994,28245178.898547847,3492.220,3.98646e14,0.0115,-3.10617e6,1.55316e6,-3.89570e-9
1512670440,31727982.140241332,28226801.84099604,3501.180,3.97939e14,0.1659,-3.11433e6,1.55862e6,-3.90940e-9
1512670470,31718514.731317062,28208408.786121435,3510.106,4.00830e14,0.5594,-3.13658e6,1.56408e6,-3.92309e-9
1512670500,31708996.809927903,28189999.99646779,3518.997,4.00147e14,0.3881,-3.14483e6,1.56954e6,-3.93678e-9
1512670530,31699428.43763449,28171575.735887535,3527.853,3.97084e14,0.3805,-3.14366e6,1.57500e6,-3.95046e-9
1512670560,31689809.676466126,28153136.26950392,3536.673,4.04988e14,1.6026,-3.18588e6,1.58045e6,-3.96414e-9
1512670590,31680140.58891806,28134681.86375513,3545.459,4.04964e14,1.5966,-3.19677e6,1.58590e6,-3.97780e-9
1512670620,31670421.237955254,28116212.786384057,3554.208,3.97132e14,0.3685,-3.17648e6,1.59135e6,-3.99146e-9
1512670650,31660651.68701452,28097729.306441393,3562.922,3.99850e14,0.3136,-3.19824e6,1.59679e6,-4.00512e-9
1512670680,31650832.00000663,28079231.6942887,3571.600,4.04511e14,1.4828,-3.22787e6,1.60223e6,-4.01876e-9
1512670710,31640962.241318554,28060720.22160139,3580.242,3.97973e14,0.1574,-3.21246e6,1.60767e6,-4.03240e-9
1512670740,31631042.475815613,28042195.16137174,3588.847,3.98077e14,0.1313,-3.22374e6,1.61311e6,-4.04603e-9
1512670770,31621072.76884364,28023656.787911825,3597.416,4.00158e14,0.3908,-3.24305e6,1.61854e6,-4.05966e-9
1512670800,31611053.186231237,28005105.376856446,3605.948,4.00023e14,0.3569,-3.25337e6,1.62397e6,-4.07327e-9
1512670830,31600983.794287458,27986541.205168042,3614.443,4.03410e14,1.2067,-3.27808e6,1.62940e6,-4.08688e-9
1512670860,31590864.65981787,27967964.5511332,3622.900,4.00054e14,0.3646,-3.27523e6,1.63482e6,-4.10047e-9
1512670890,31580695.850113023,27949375.694371846,3631.320,4.00583e14,0.4973,-3.28826e6,1.64024e6,-4.11406e-9
1512670920,31570477.43295506,27930774.915837865,3639.703,3.99184e14,0.1464,-3.29334e6,1.64565e6,-4.12764e-9
1512670950,31560209.47662,27912162.497821912,3648.047,4.00147e14,0.3879,-3.30815e6,1.65106e6,-4.14121e-9
1512670980,31549892.049879882,27893538.723954033,3656.353,4.02108e14,0.8801,-3.32714e6,1.65647e6,-4.15477e-9
1512671010,31539525.22200514,27874903.87920625,3664.621,4.00622e14,0.5072,-3.33179e6,1.66187e6,-4.16832e-9
1512671040,31529109.06276673,27856258.24989525,3672.851,4.03028e14,1.1108,-3.35267e6,1.66727e6,-4.18185e-9
1512671070,31518643.64243848,27837602.123684686,3681.042,3.99513e14,0.2289,-3.34877e6,1.67266e6,-4.19538e-9
1512671100,31508129.031799287,27818935.78958782,3689.193,3.95338e14,0.8186,-3.34199e6,1.67805e6,-4.20890e-9
1512671130,31497565.302138124,27800259.537961762,3697.306,3.97546e14,0.2645,-3.36204e6,1.68344e6,-4.22240e-9
1512671160,31486952.525248297,27781573.660534527,3705.379,3.98813e14,0.0534,-3.37815e6,1.68882e6,-4.23589e-9
1512671190,31476290.77343774,27762878.450382534,3713.412,3.94440e14,1.0437,-3.37032e6,1.69420e6,-4.24938e-9
1512671220,31465580.119528808,27744174.201940726,3721.406,3.96698e14,0.4774,-3.39063e6,1.69957e6,-4.26284e-9
1512671250,31454820.63686067,27725461.211004626,3729.359,4.01143e14,0.6380,-3.42034e6,1.70493e6,-4.27630e-9
1512671280,31444012.399291676,27706739.774732355,3737.273,3.98376e14,0.0564,-3.41922e6,1.71029e6,-4.28974e-9
1512671310,31433155.481201805,27688010.191646527,3745.145,4.03120e14,1.1337,-3.45034e6,1.71565e6,-4.30317e-9
1512671340,31422249.95749511,27669272.761636164,3752.977,4.02747e14,1.0402,-3.45949e6,1.72100e6,-4.31659e-9
1512671370,31411295.9036021,27650527.785958353,3760.768,4.02525e14,0.9845,-3.46927e6,1.72635e6,-4.32999e-9
1512671400,31400293.395482294,27631775.56724013,3768.518,4.00121e14,0.3815,-3.46956e6,1.73168e6,-4.34338e-9
1512671430,31389242.50962818,27613016.409483284,3776.226,3.93163e14,1.3641,-3.44993e6,1.73702e6,-4.35676e-9
1512671460,31378143.32306304,27594250.61805595,3783.893,3.97247e14,0.3395,-3.47836e6,1.74235e6,-4.37012e-9
1512671490,31366995.913348228,27575478.499704227,3791.517,3.99430e14,0.2082,-3.49855e6,1.74767e6,-4.38346e-9
1512671520,31355800.35858416,27556700.362550307,3799.100,3.97266e14,0.3347,-3.49968e6,1.75298e6,-4.39679e-9
1512671550,31344556.737412937,27537916.516093954,3806.640,3.96848e14,0.4396,-3.50843e6,1.75829e6,-4.41010e-9
1512671580,31333265.129020795,27519127.271213867,3814.138,4.00310e14,0.4288,-3.53432e6,1.76359e6,-4.42340e-9
1512671610,31321925.613140907,27500332.940168902,3821.593,4.01893e14,0.8261,-3.55196e6,1.76889e6,-4.43668e-9
1512671640,31310538.270055823,27481533.836599328,3829.004,4.02498e14,0.9778,-3.56527e6,1.77418e6,-4.44994e-9
1512671670,31299103.180600222,27462730.275527958,3836.373,4.03996e14,1.3535,-3.58257e6,1.77946e6,-4.46319e-9
1512671700,31287620.42616348,27443922.573361233,3843.698,4.01265e14,0.6684,-3.58096e6,1.78473e6,-4.47642e-9
1512671730,31276090.088691324,27425111.04789466,3850.979,4.00632e14,0.5096,-3.58869e6,1.79000e6,-4.48963e-9
1512671760,31264512.25069176,27406296.018299956,3858.216,4.01317e14,0.6814,-3.60232e6,1.79526e6,-4.50282e-9
1512671790,31252886.995234385,27387477.805139728,3865.409,3.99440e14,0.2107,-3.60439e6,1.80052e6,-4.51599e-9
1512671820,31241214.405954264,27368656.730363846,3872.558,4.00590e14,0.4992,-3.62010e6,1.80576e6,-4.52915e-9
1512671850,31229494.56705454,27349833.117310088,3879.661,3.96148e14,0.6152,-3.61042e6,1.81100e6,-4.54228e-9
1512671880,31217727.563309178,27331007.29070479,3886.720,3.89249e14,2.3461,-3.58941e6,1.81623e6,-4.55540e-9
1512671910,31205913.48006572,27312179.57666345,3893.734,3.93147e14,1.3682,-3.61754e6,1.82145e6,-4.56849e-9
1512671940,31194052.403247982,27293350.302691106,3900.702,3.97193e14,0.3532,-3.64643e6,1.82667e6,-4.58157e-9
1512671970,31182144.419358835,27274519.79768272,3907.625,3.93130e14,1.3724,-3.63815e6,1.83187e6,-4.59462e-9
1512672000,31170189.615482938,27255688.39192349,3914.501,3.95670e14,0.7351,-3.66018e6,1.83707e6,-4.60765e-9
1512672030,31158188.0792844,27236856.41708151,3921.332,3.98420e14,0.0452,-3.68322e6,1.84226e6,-4.62066e-9
1512672060,31146139.89902537,27218024.20623087,3928.116,3.95255e14,0.8394,-3.67891e6,1.84743e6,-4.63365e-9
1512672090,31134045.163553074,27199192.09382855,3934.853,3.99212e14,0.1534,-3.70759e6,1.85260e6,-4.64662e-9
1512672120,31121903.962307625,27180360.415721722,3941.544,3.98219e14,0.0956,-3.71329e6,1.85777e6,-4.65956e-9
1512672150,31109716.385324888,27161529.509147435,3948.187,3.93815e14,1.2007,-3.70301e6,1.86292e6,-4.67248e-9
1512672180,31097482.52323925,27142699.712732248,3954.783,3.96256e14,0.5881,-3.72467e6,1.86806e6,-4.68538e-9
1512672210,31085202.467286505,27123871.366491698,3961.331,3.93868e14,1.1874,-3.72368e6,1.87319e6,-4.69825e-9
1512672240,31072876.309306633,27105044.811829757,3967.831,3.93746e14,1.2179,-3.73329e6,1.87831e6,-4.71109e-9
1512672270,31060504.141746737,27086220.391538057,3974.284,4.01223e14,0.6578,-3.77877e6,1.88343e6,-4.72391e-9
1512672300,31048086.057663906,27067398.449795153,3980.688,4.04444e14,1.4659,-3.80426e6,1.88853e6,-4.73671e-9
1512672330,31035622.150742617,27048579.332168743,3987.043,3.99662e14,0.2662,-3.79181e6,1.89362e6,-4.74948e-9
1512672360,31023112.515252993,27029763.385604843,3993.349,3.96119e14,0.6225,-3.78511e6,1.89870e6,-4.76222e-9
1512672390,31010557.246098533,27010950.95843651,3999.606,4.00043e14,0.3620,-3.81395e6,1.90377e6,-4.77494e-9
1512672420,30997956.438804727,26992142.400379367,4005.814,3.98337e14,0.0662,-3.81592e6,1.90883e6,-4.78763e-9
1512672450,30985310.189522125,26973338.06253043,4011.972,3.97335e14,0.3175,-3.82120e6,1.91388e6,-4.80029e-9
1512672480,30972618.595029417,26954538.29736656,4018.080,3.99031e14,0.1079,-3.83942e6,1.91892e6,-4.81292e-9
1512672510,30959881.752736624,26935743.458743066,4024.138,4.01649e14,0.7648,-3.86211e6,1.92394e6,-4.82553e-9
1512672540,30947099.760688145,26916953.901891984,4030.146,3.99854e14,0.3144,-3.86349e6,1.92896e6,-4.83810e-9
1512672570,30934272.71756594,26898169.98342036,4036.103,3.98544e14,0.0143,-3.86715e6,1.93396e6,-4.85065e-9
1512672600,30921400.722692598,26879392.061308395,4042.009,3.99489e14,0.2228,-3.88173e6,1.93895e6,-4.86316e-9
1512672630,30908483.876009602,26860620.494913172,4047.863,4.00899e14,0.5766,-3.89857e6,1.94393e6,-4.87565e-9
1512672660,30895522.278157525,26841855.644948937,4053.667,4.00849e14,0.5642,-3.90828e6,1.94889e6,-4.88810e-9
1512672690,30882516.030401815,26823097.873502668,4059.418,3.99507e14,0.2275,-3.91164e6,1.95385e6,-4.90052e-9
1512672720,30869465.234660804,26804347.54402599,4065.118,4.02617e14,1.0077,-3.93681e6,1.95879e6,-4.91291e-9
1512672750,30856369.993508775,26785605.021332808,4070.765,4.00100e14,0.3763,-3.93431e6,1.96371e6,-4.92527e-9
1512672780,30843230.410178866,26766870.671596628,4076.360,3.98437e14,0.0411,-3.93595e6,1.96863e6,-4.93759e-9
1512672810,30830046.58856622,26748144.86234802,4081.902,3.96288e14,0.5802,-3.93511e6,1.97353e6,-4.94988e-9
1512672840,30816818.633230943,26729427.962471668,4087.391,3.97422e14,0.2956,-3.95048e6,1.97842e6,-4.96214e-9
1512672870,30803546.649401207,26710720.342203457,4092.826,3.99107e14,0.1272,-3.96859e6,1.98329e6,-4.97436e-9
1512672900,30790230.742976382,26692022.37312734,4098.208,3.98472e14,0.0323,-3.97514e6,1.98815e6,-4.98654e-9
1512672930,30776871.02056488,26673334.42815794,4103.537,3.97606e14,0.2495,-3.98050e6,1.99299e6,-4.99869e-9
1512672960,30763467.589380123,26654656.881580815,4108.811,3.97790e14,0.2032,-3.99107e6,1.99782e6,-5.01081e-9
1512672990,30750020.55735137,26635990.109005004,4114.030,3.97053e14,0.3883,-3.99699e6,2.00264e6,-5.02289e-9
1512673020,30736530.033092294,26617334.487373464,4119.196,3.95807e14,0.7009,-4.00029e6,2.00744e6,-5.03493e-9
1512673050,30722996.125904504,26598690.394959074,4124.306,3.94646e14,0.9920,-4.00398e6,2.01222e6,-5.04693e-9
1512673080,30709418.945781067,26580058.211360537,4129.361,3.97202e14,0.3509,-4.02639e6,2.01699e6,-5.05889e-9
1512673110,30695798.603410065,26561438.31749822,4134.360,4.00348e14,0.4384,-4.05184e6,2.02175e6,-5.07082e-9
1512673140,30682135.210178103,26542831.095609657,4139.304,3.96088e14,0.6302,-4.03968e6,2.02649e6,-5.08270e-9
1512673170,30668428.878173903,26524236.929245092,4144.192,3.96518e14,0.5225,-4.05129e6,2.03121e6,-5.09455e-9
1512673200,30654679.720191777,26505656.203262724,4149.024,3.99356e14,0.1895,-4.07517e6,2.03592e6,-5.10635e-9
1512673230,30640887.849695586,26487089.303843107,4153.799,4.03963e14,1.3453,-4.10813e6,2.04061e6,-5.11811e-9
1512673260,30627053.38094466,26468536.618425086,4158.517,4.02091e14,0.8756,-4.10794e6,2.04528e6,-5.12983e-9
1512673290,30613176.428874534,26449998.53575998,4163.178,3.98234e14,0.0919,-4.09746e6,2.04993e6,-5.14151e-9
1512673320,30599257.109139863,26431475.445887264,4167.782,3.97217e14,0.3471,-4.10149e6,2.05457e6,-5.15315e-9
1512673350,30585295.53811781,26412967.740129318,4172.328,3.95767e14,0.7109,-4.10323e6,2.05920e6,-5.16474e-9
1512673380,30571291.83291118,26394475.811085958,4176.816,4.01517e14,0.7318,-4.14217e6,2.06380e6,-5.17629e-9
1512673410,30557246.111351717,26376000.05262887,4181.246,4.01869e14,0.8199,-4.15320e6,2.06839e6,-5.18779e-9
1512673440,30543158.492003407,26357540.859895863,4185.618,3.99902e14,0.3266,-4.15215e6,2.07295e6,-5.19925e-9
1512673470,30529029.09416569,26339098.629284944,4189.930,4.00451e14,0.4643,-4.16412e6,2.07750e6,-5.21066e-9
1512673500,30514858.03787685,26320673.75844821,4194.184,4.00054e14,0.3646,-4.17113e6,2.08203e6,-5.22203e-9
1512673530,30500645.443953365,26302266.64626263,4198.379,3.99298e14,0.1751,-4.17621e6,2.08655e6,-5.23335e-9
1512673560,30486391.433882028,26283877.692894444,4202.514,3.96344e14,0.5661,-4.16971e6,2.09104e6,-5.24462e-9
1512673590,30472096.129934993,26265507.29972146,4206.589,3.94992e14,0.9052,-4.17153e6,2.09551e6,-5.25584e-9
1512673620,30457759.655137304,26247155.86934905,4210.604,3.98453e14,0.0371,-4.19862e6,2.09997e6,-5.26701e-9
1512673650,30443382.133270655,26228823.805603094,4214.558,4.03780e14,1.2994,-4.23561e6,2.10440e6,-5.27813e-9
1512673680,30428963.688877087,26210511.51352254,4218.452,4.02183e14,0.8989,-4.23605e6,2.10882e6,-5.28921e-9
1512673710,30414504.447262835,26192219.399352025,4222.285,3.97216e14,0.3472,-4.21855e6,2.11321e6,-5.30023e-9
1512673740,30400004.534502078,26173947.870534103,4226.057,3.96731e14,0.4689,-4.22470e6,2.11758e6,-5.31120e-9
1512673770,30385464.077440787,26155697.335701454,4229.767,3.95047e14,0.8915,-4.22442e6,2.12194e6,-5.32211e-9
1512673800,30370883.203700487,26137468.204668857,4233.415,3.92316e14,1.5766,-4.21848e6,2.12627e6,-5.33298e-9
1512673830,30356262.04165721,26119260.888454285,4237.001,3.97004e14,0.4005,-4.25208e6,2.13058e6,-5.34379e-9
1512673860,30341600.720522318,26101075.799180113,4240.525,4.02217e14,0.9073,-4.28855e6,2.13486e6,-5.35455e-9
1512673890,30326899.370269097,26082913.350155357,4243.986,3.99677e14,0.2702,-4.28350e6,2.13913e6,-5.36525e-9
1512673920,30312158.12166136,26064773.95583774,4247.384,3.97070e14,0.3838,-4.27798e6,2.14337e6,-5.37589e-9
1512673950,30297377.1062572,26046658.031824984,4250.719,3.97424e14,0.2951,-4.28831e6,2.14760e6,-5.38648e-9
1512673980,30282556.456412602,26028565.99484604,4253.990,4.00061e14,0.3663,-4.31093e6,2.15179e6,-5.39702e-9
1512674010,30267696.305285133,26010498.26275187,4257.198,4.02740e14,1.0385,-4.33378e6,2.15597e6,-5.40749e-9
1512674040,30252796.786837626,25992455.254506275,4260.342,3.96520e14,0.5219,-4.30843e6,2.16012e6,-5.41791e-9
1512674070,30237858.03584189,25974437.390176415,4263.421,3.89895e14,2.1839,-4.28070e6,2.16425e6,-5.42826e-9
1512674100,30222880.187882338,25956445.09092304,4266.435,3.90204e14,2.1064,-4.29051e6,2.16835e6,-5.43856e-9
1512674130,30207863.37937355,25938478.77895449,4269.385,3.96739e14,0.4669,-4.33419e6,2.17243e6,-5.44880e-9
1512674160,30192807.747521434,25920538.877628144,4272.269,4.04759e14,1.5449,-4.38606e6,2.17649e6,-5.45897e-9
1512674190,30177713.430369638,25902625.81132814,4275.088,4.03488e14,1.2261,-4.38723e6,2.18052e6,-5.46909e-9
1512674220,30162580.566789635,25884740.005490795,4277.841,3.99567e14,0.2425,-4.37381e6,2.18453e6,-5.47914e-9
1512674250,30147409.296484523,25866881.88659356,4280.527,3.97992e14,0.1527,-4.37314e6,2.18851e6,-5.48913e-9
1512674280,30132199.75999293,25849051.88214379,4283.148,3.94605e14,1.0024,-4.36242e6,2.19246e6,-5.49905e-9
1512674310,30116952.09869294,25831250.420667306,4285.702,3.96717e14,0.4724,-4.38187e6,2.19639e6,-5.50891e-9
1512674340,30101666.45480597,25813477.931696672,4288.189,3.98412e14,0.0472,-4.39902e6,2.20030e6,-5.51870e-9
1512674370,30086342.97140073,25795734.8457594,4290.608,3.93724e14,1.2234,-4.38085e6,2.20417e6,-5.52843e-9
1512674400,30070981.79239712,25778021.59436582,4292.960,3.90918e14,1.9275,-4.37296e6,2.20802e6,-5.53809e-9
1512674430,30055583.06256048,25760338.610036835,4295.244,3.95589e14,0.7555,-4.40644e6,2.21185e6,-5.54768e-9
1512674460,30040146.927535478,25742686.326168265,4297.461,4.02088e14,0.8750,-4.45013e6,2.21564e6,-5.55720e-9
1512674490,30024673.53382003,25725065.177141663,4299.608,4.02250e14,0.9156,-4.45859e6,2.21941e6,-5.56665e-9
1512674520,30009163.02877898,25707475.598271824,4301.687,3.99335e14,0.1844,-4.44986e6,2.22315e6,-5.57604e-9
1512674550,29993615.56064799,25689918.025794044,4303.698,4.00794e14,0.5503,-4.46543e6,2.22686e6,-5.58535e-9
1512674580,29978031.278537404,25672392.89685108,4305.638,4.02028e14,0.8600,-4.47972e6,2.23054e6,-5.59459e-9
1512674610,29962410.332436275,25654900.649480112,4307.510,3.98853e14,0.0635,-4.46927e6,2.23419e6,-5.60376e-9
1512674640,29946752.87321626,25637441.7225992,4309.311,3.97394e14,0.3025,-4.46833e6,2.23782e6,-5.61285e-9
1512674670,29931059.052635603,25620016.555993773,4311.042,3.96374e14,0.5586,-4.46978e6,2.24141e6,-5.62187e-9
1512674700,29915329.0233431,25602625.59030268,4312.703,3.98089e14,0.1284,-4.48654e6,2.24498e6,-5.63082e-9
1512674730,29899562.93889439,25585269.266964123,4314.294,3.98744e14,0.0361,-4.49731e6,2.24851e6,-5.63969e-9
1512674760,29883760.953718115,25567948.02832479,4315.813,3.98467e14,0.0335,-4.50275e6,2.25202e6,-5.64848e-9
1512674790,29867923.22315784,25550662.317501582,4317.261,3.98188e14,0.1035,-4.50812e6,2.25549e6,-5.65719e-9
1512674820,29852049.903463963,25533412.5784065,4318.637,3.97859e14,0.1859,-4.51314e6,2.25893e6,-5.66583e-9
1512674850,29836141.15179778,25516199.25573132,4319.942,4.02019e14,0.8577,-4.54356e6,2.26234e6,-5.67439e-9
1512674880,29820197.12623573,25499022.794931956,4321.174,4.02640e14,1.0135,-4.55387e6,2.26572e6,-5.68287e-9
1512674910,29804217.98577349,25481883.642212715,4322.334,4.00722e14,0.5323,-4.54968e6,2.26907e6,-5.69127e-9
1512674940,29788203.890330207,25464782.244510166,4323.422,3.97861e14,0.1854,-4.54002e6,2.27238e6,-5.69959e-9
1512674970,29772155.000752576,25447719.049476877,4324.436,3.96444e14,0.5409,-4.53849e6,2.27566e6,-5.70782e-9
1512675000,29756071.478819128,25430694.505464945,4325.377,3.97615e14,0.2473,-4.55166e6,2.27891e6,-5.71597e-9
1512675030,29739953.487230036,25413709.061548054,4326.244,3.96568e14,0.5099,-4.55209e6,2.28212e6,-5.72404e-9
1512675060,29723801.189655405,25396763.1673849,4327.038,3.97348e14,0.3141,-4.56291e6,2.28530e6,-5.73202e-9
1512675090,29707614.750695266,25379857.27332182,4327.757,3.98641e14,0.0101,-4.57662e6,2.28845e6,-5.73992e-9
1512675120,29691394.33589797,25362991.830336973,4328.403,3.97243e14,0.3407,-4.57481e6,2.29156e6,-5.74773e-9
1512675150,29675140.11176423,25346167.290022958,4328.973,3.98443e14,0.0395,-4.58786e6,2.29464e6,-5.75546e-9
1512675180,29658852.245751206,25329384.104569387,4329.468,3.99484e14,0.2218,-4.59995e6,2.29768e6,-5.76309e-9
1512675210,29642530.906276572,25312642.72674505,4329.888,3.96965e14,0.4104,-4.59143e6,2.30069e6,-5.77064e-9
1512675240,29626176.262722597,25295943.60987997,4330.233,3.96864e14,0.4355,-4.59678e6,2.30366e6,-5.77810e-9
1512675270,29609788.485440206,25279287.207847144,4330.501,3.99869e14,0.3182,-4.62002e6,2.30659e6,-5.78546e-9
1512675300,29593367.74575308,25262673.975044064,4330.694,3.98015e14,0.1469,-4.61508e6,2.30949e6,-5.79274e-9
1512675330,29576914.21597204,25246104.366339356,4330.810,3.97196e14,0.3523,-4.61606e6,2.31235e6,-5.79992e-9
1512675360,29560428.06936743,25229578.837160666,4330.849,3.99385e14,0.1967,-4.63440e6,2.31517e6,-5.80701e-9
1512675390,29543909.480205037,25213097.84336846,4330.812,3.97891e14,0.1780,-4.63130e6,2.31796e6,-5.81400e-9
1512675420,29527358.62373997,25196661.84127089,4330.697,3.97927e14,0.1689,-4.63700e6,2.32071e6,-5.82090e-9
1512675450,29510775.676220845,25180271.28760384,4330.504,3.96282e14,0.5815,-4.63283e6,2.32342e6,-5.82770e-9
1512675480,29494160.814894073,25163926.639510673,4330.234,3.96898e14,0.4271,-4.64175e6,2.32609e6,-5.83441e-9
1512675510,29477514.218008045,25147628.354521852,4329.886,3.99649e14,0.2629,-4.66307e6,2.32872e6,-5.84102e-9
1512675540,29460836.064817358,25131376.890534103,4329.459,3.99906e14,0.3275,-4.66977e6,2.33131e6,-5.84753e-9
1512675570,29444126.53558709,25115172.705789566,4328.954,3.98317e14,0.0710,-4.66559e6,2.33386e6,-5.85394e-9
1512675600,29427385.811597023,25099016.25885457,4328.370,3.97491e14,0.2782,-4.66577e6,2.33637e6,-5.86025e-9
1512675630,29410614.075143717,25082908.008625615,4327.706,3.99249e14,0.1627,-4.68102e6,2.33885e6,-5.86646e-9
1512675660,29393811.509551555,25066848.41422328,4326.963,4.00503e14,0.4772,-4.69325e6,2.34128e6,-5.87256e-9
1512675690,29376978.299170174,25050837.935055003,4326.140,3.99356e14,0.1896,-4.69131e6,2.34367e6,-5.87856e-9
1512675720,29360114.629380915,25034877.03076579,4325.238,3.96682e14,0.4813,-4.68028e6,2.34602e6,-5.88446e-9
1512675750,29343220.686601087,25018966.161216054,4324.255,3.95194e14,0.8547,-4.67611e6,2.34832e6,-5.89026e-9
1512675780,29326296.658288196,25003105.786459252,4323.191,3.95832e14,0.6946,-4.68439e6,2.35059e6,-5.89594e-9
1512675810,29309342.732944246,24987296.36671935,4322.046,3.97768e14,0.2088,-4.70024e6,2.35281e6,-5.90152e-9
1512675840,29292359.100119922,24971538.36236793,4320.821,3.99255e14,0.1641,-4.71338e6,2.35498e6,-5.90699e-9
1512675870,29275345.950418863,24955832.23390118,4319.514,3.96383e14,0.5562,-4.70068e6,2.35712e6,-5.91236e-9
1512675900,29258303.475501902,24940178.44191658,4318.125,4.00395e14,0.4501,-4.72859e6,2.35921e6,-5.91761e-9
1512675930,29241231.868086915,24924577.447073,4316.654,3.99612e14,0.2537,-4.72806e6,2.36126e6,-5.92276e-9
1512675960,29224131.32196654,24909029.710117567,4315.102,3.98223e14,0.0946,-4.72384e6,2.36326e6,-5.92779e-9
1512675990,29207002.031998973,24893535.691810753,4313.466,4.03960e14,1.3446,-4.76179e6,2.36522e6,-5.93271e-9
1512676020,29189844.19411643,24878095.85291848,4311.748,3.97734e14,0.2173,-4.72868e6,2.36713e6,-5.93751e-9
1512676050,29172658.00532941,24862710.6541876,4309.947,3.98098e14,0.1260,-4.73457e6,2.36899e6,-5.94220e-9
1512676080,29155443.663730826,24847380.556321006,4308.063,4.01199e14,0.6520,-4.75666e6,2.37081e6,-5.94678e-9
1512676110,29138201.368500203,24832106.019952644,4306.095,3.99942e14,0.3365,-4.75274e6,2.37259e6,-5.95124e-9
1512676140,29120931.319907874,24816887.505622126,4304.044,3.97921e14,0.1704,-4.74417e6,2.37431e6,-5.95558e-9
1512676170,29103633.719319146,24801725.473749366,4301.908,3.96190e14,0.6047,-4.73721e6,2.37599e6,-5.95980e-9
1512676200,29086308.76919842,24786620.384608682,4299.688,3.96855e14,0.4379,-4.74443e6,2.37763e6,-5.96391e-9
1512676230,29068956.673119158,24771572.698305786,4297.384,3.97253e14,0.3381,-4.74997e6,2.37921e6,-5.96789e-9
1512676260,29051577.63575037,24756582.874742698,4294.995,3.98353e14,0.0622,-4.75961e6,2.38075e6,-5.97176e-9
1512676290,29034171.862878483,24741651.373600453,4292.520,3.95510e14,0.7752,-4.74561e6,2.38223e6,-5.97550e-9
1512676320,29016739.561405748,24726778.654309556,4289.961,3.99378e14,0.1952,-4.77160e6,2.38367e6,-5.97912e-9
1512676350,28999280.93935452,24711965.17602315,4287.316,4.01822e14,0.8082,-4.78901e6,2.38506e6,-5.98261e-9
1512676380,28981796.2058714,24697211.397590034,4284.585,3.97579e14,0.2562,-4.76630e6,2.38640e6,-5.98598e-9
1512676410,28964285.57123145,24682517.777527437,4281.768,3.97858e14,0.1863,-4.77055e6,2.38769e6,-5.98923e-9
1512676440,28946749.246842396,24667884.773993615,4278.864,3.97206e14,0.3498,-4.76912e6,2.38893e6,-5.99235e-9
1512676470,28929187.445248727,24653312.84476019,4275.875,3.98881e14,0.0705,-4.78154e6,2.39011e6,-5.99533e-9
1512676500,28911600.380135953,24638802.447184388,4272.798,4.01716e14,0.7817,-4.80082e6,2.39125e6,-5.99820e-9
1512676530,28893988.266335025,24624354.03819586,4269.634,3.98066e14,0.1341,-4.78110e6,2.39233e6,-6.00093e-9
1512676560,28876351.31982551,24609968.074222576,4266.383,3.97268e14,0.3342,-4.77838e6,2.39336e6,-6.00353e-9
1512676590,28858689.75774069,24595645.011208314,4263.045,4.00759e14,0.5415,-4.80130e6,2.39434e6,-6.00600e-9
1512676620,28841003.79837138,24581385.304569293,4259.618,4.00170e14,0.3938,-4.79962e6,2.39527e6,-6.00833e-9
1512676650,28823293.661170006,24567189.40916546,4256.104,4.00345e14,0.4376,-4.80243e6,2.39614e6,-6.01054e-9
1512676680,28805559.56675472,24553057.77927153,4252.502,3.99625e14,0.2570,-4.79975e6,2.39696e6,-6.01260e-9
1512676710,28787801.736913476,24538990.868547954,4248.811,3.95519e14,0.7732,-4.77659e6,2.39773e6,-6.01454e-9
1512676740,28770020.394608013,24524989.13001146,4245.031,3.93688e14,1.2325,-4.76699e6,2.39844e6,-6.01633e-9
1512676770,28752215.763977975,24511053.016005673,4241.163,3.96986e14,0.4051,-4.78815e6,2.39909e6,-6.01799e-9
1512676800,28734388.070344813,24497182.978171255,4237.205,4.00926e14,0.5835,-4.81307e6,2.39969e6,-6.01951e-9
1512676830,28716537.54020246,24483379.467386425,4233.158,4.01203e14,0.6528,-4.81584e6,2.40024e6,-6.02089e-9
1512676860,28698664.401262548,24469642.933828223,4229.021,3.98392e14,0.0522,-4.79990e6,2.40073e6,-6.02214e-9
1512676890,28680768.88241696,24455973.826850496,4224.795,3.99276e14,0.1696,-4.80610e6,2.40116e6,-6.02324e-9
1512676920,28662851.213755097,24442372.594982907,4220.479,4.02927e14,1.0856,-4.82885e6,2.40154e6,-6.02419e-9
1512676950,28644911.626567665,24428839.68589995,4216.072,4.02252e14,0.9160,-4.82543e6,2.40186e6,-6.02501e-9
1512676980,28626950.35335042,24415375.546389945,4211.575,4.00048e14,0.3631,-4.81268e6,2.40212e6,-6.02568e-9
1512677010,28608967.62780803,24401980.622323785,4206.987,4.01122e14,0.6327,-4.81957e6,2.40232e6,-6.02621e-9
1512677040,28590963.68485784,24388655.358623534,4202.308,3.98921e14,0.0805,-4.80660e6,2.40247e6,-6.02658e-9
1512677070,28572938.760633584,24375400.1992309,4197.539,4.01177e14,0.6463,-4.82037e6,2.40255e6,-6.02682e-9
1512677100,28554893.092489183,24362215.58707552,4192.678,4.01225e14,0.6585,-4.82073e6,2.40258e6,-6.02690e-9
1512677130,28536826.91902825,24349101.964074153,4187.725,3.95050e14,0.8907,-4.78345e6,2.40255e6,-6.02684e-9
1512677160,28518740.48002846,24336059.77100312,4182.681,3.95626e14,0.7463,-4.78674e6,2.40246e6,-6.02662e-9
1512677190,28500634.01652487,24323089.447562218,4177.545,3.98923e14,0.0809,-4.80632e6,2.40231e6,-6.02626e-9
1512677220,28482507.770788066,24310191.43231165,4172.316,3.98303e14,0.0747,-4.80216e6,2.40209e6,-6.02574e-9
1512677250,28464361.986328065,24297366.162639983,4166.996,3.96551e14,0.5141,-4.79107e6,2.40182e6,-6.02507e-9
1512677280,28446196.907898225,24284614.07473192,4161.583,4.00078e14,0.3707,-4.81166e6,2.40149e6,-6.02425e-9
1512677310,28428012.781499095,24271935.603536047,4156.077,3.99933e14,0.3344,-4.81000e6,2.40109e6,-6.02327e-9
1512677340,28409809.854382258,24259331.18273235,4150.479,3.96744e14,0.4658,-4.78988e6,2.40063e6,-6.02214e-9
1512677370,28391588.375054147,24246801.24469973,4144.787,3.98339e14,0.0655,-4.79846e6,2.40011e6,-6.02085e-9
1512677400,28373348.59327977,24234346.220483325,4139.002,3.98097e14,0.1263,-4.79584e6,2.39953e6,-6.01941e-9
1512677430,28355090.76006024,24221966.539744087,4133.124,3.96090e14,0.6299,-4.78247e6,2.39888e6,-6.01780e-9
1512677460,28336815.12771736,24209662.63078053,4127.152,3.97736e14,0.2168,-4.79097e6,2.39817e6,-6.01604e-9
1512677490,28318521.949816167,24197434.920440853,4121.087,4.00440e14,0.4615,-4.80569e6,2.39740e6,-6.01412e-9
1512677520,28300211.481194492,24185283.834107537,4114.928,3.98875e14,0.0689,-4.79461e6,2.39656e6,-6.01203e-9
1512677550,28281883.97796639,24173209.79566398,4108.674,3.96344e14,0.5660,-4.77760e6,2.39566e6,-6.00979e-9
1512677580,28263539.697525397,24161213.227461115,4102.326,3.99991e14,0.3488,-4.79759e6,2.39469e6,-6.00738e-9
1512677610,28245178.898547847,24149294.550283924,4095.884,4.02999e14,1.1035,-4.81359e6,2.39366e6,-6.00480e-9
1512677640,28226801.84099604,24137454.183317784,4089.348,4.01957e14,0.8421,-4.80513e6,2.39256e6,-6.00207e-9
1512677670,28208408.786121435,24125692.54411486,4082.716,4.00140e14,0.3863,-4.79190e6,2.39140e6,-5.99917e-9
1512677700,28189999.99646779,24114010.0485603,4075.990,3.98883e14,0.0710,-4.78191e6,2.39017e6,-5.99610e-9
1512677730,28171575.735887535,24102407.110844344,4069.169,3.96319e14,0.5725,-4.76395e6,2.38887e6,-5.99286e-9
1512677760,28153136.26950392,24090884.143410146,4062.252,3.92445e14,1.5442,-4.73804e6,2.38750e6,-5.98946e-9
1512677790,28134681.86375513,24079441.55693822,4055.240,3.94726e14,0.9721,-4.74885e6,2.38607e6,-5.98588e-9
1512677820,28116212.786384057,24068079.76030657,4048.133,3.99821e14,0.3062,-4.77636e6,2.38457e6,-5.98214e-9
1512677850,28097729.306441393,24056799.160556618,4040.930,3.99776e14,0.2949,-4.77295e6,2.38300e6,-5.97823e-9
1512677880,28079231.6942887,24045600.16285918,4033.632,3.96035e14,0.6436,-4.74734e6,2.38137e6,-5.97414e-9
1512677910,28060720.22160139,24034483.170480404,4026.237,3.97027e14,0.3948,-4.74987e6,2.37966e6,-5.96988e-9
1512677940,28042195.16137174,24023448.58474763,4018.747,4.01043e14,0.6127,-4.77029e6,2.37789e6,-5.96545e-9
1512677970,28023656.787911825,24012496.80501523,4011.160,4.01929e14,0.8350,-4.77188e6,2.37605e6,-5.96085e-9
1512678000,28005105.376856446,24001628.22863045,4003.477,3.98586e14,0.0036,-4.74814e6,2.37413e6,-5.95607e-9
1512678030,27986541.205168042,23990843.250899315,3995.698,3.95570e14,0.7602,-4.72623e6,2.37215e6,-5.95111e-9
1512678060,27967964.5511332,23980142.265052184,3987.822,3.97910e14,0.1732,-4.73606e6,2.37010e6,-5.94598e-9
1512678090,27949375.694371846,23969525.662209738,3979.850,3.98862e14,0.0657,-4.73748e6,2.36797e6,-5.94067e-9
1512678120,27930774.915837865,23958993.831348717,3971.781,3.97813e14,0.1977,-4.72686e6,2.36577e6,-5.93518e-9
1512678150,27912162.497821912,23948547.159267712,3963.615,3.97001e14,0.4014,-4.71753e6,2.36351e6,-5.92951e-9
1512678180,27893538.723954033,23938186.030552946,3955.353,3.99899e14,0.3258,-4.73004e6,2.36117e6,-5.92366e-9
1512678210,27874903.87920625,23927910.827544134,3946.993,3.98546e14,0.0136,-4.71721e6,2.35876e6,-5.91764e-9
1512678240,27856258.24989525,23917721.930300284,3938.536,3.95287e14,0.8312,-4.69299e6,2.35627e6,-5.91143e-9
1512678270,27837602.123684686,23907619.7165656,3929.982,3.97343e14,0.3154,-4.70004e6,2.35372e6,-5.90503e-9
1512678300,27818935.78958782,23897604.561735332,3921.331,4.00450e14,0.4640,-4.71313e6,2.35109e6,-5.89846e-9
1512678330,27800259.537961762,23887676.838811163,3912.583,4.00424e14,0.4575,-4.70757e6,2.34839e6,-5.89170e-9
1512678360,27781573.660534527,23877836.918399878,3903.737,3.98484e14,0.0292,-4.69060e6,2.34561e6,-5.88476e-9
1512678390,27762878.450382534,23868085.168646667,3894.793,4.00306e14,0.4278,-4.69561e6,2.34276e6,-5.87763e-9
1512678420,27744174.201940726,23858421.955211733,3885.752,4.00037e14,0.3605,-4.68818e6,2.33984e6,-5.87032e-9
1512678450,27725461.211004626,23848847.641236488,3876.614,3.98593e14,0.0018,-4.67372e6,2.33684e6,-5.86282e-9
1512678480,27706739.774732355,23839362.58730961,3867.377,3.98143e14,0.1149,-4.66494e6,2.33377e6,-5.85513e-9
1512678510,27688010.191646527,23829967.15143351,3858.043,3.99144e14,0.1363,-4.66451e6,2.33062e6,-5.84725e-9
1512678540,27669272.761636164,23820661.68899054,3848.611,3.99183e14,0.1461,-4.65830e6,2.32740e6,-5.83919e-9
1512678570,27650527.785958353,23811446.55270966,3839.081,3.99726e14,0.2823,-4.65487e6,2.32410e6,-5.83093e-9
1512678600,27631775.56724013,23802322.092632934,3829.453,3.99751e14,0.2885,-4.64827e6,2.32072e6,-5.82249e-9
1512678630,27613016.409483284,23793288.656112548,3819.728,3.99131e14,0.1331,-4.63776e6,2.31727e6,-5.81385e-9
1512678660,27594250.61805595,23784346.58768457,3809.904,3.98335e14,0.0667,-4.62609e6,2.31374e6,-5.80503e-9
1512678690,27575478.499704227,23775496.229129184,3799.982,3.99487e14,0.2223,-4.62557e6,2.31014e6,-5.79601e-9
1512678720,27556700.362550307,23766737.91940793,3789.962,4.03935e14,1.3384,-4.64395e6,2.30646e6,-5.78680e-9
1512678750,27537916.516093954,23758071.99463118,3779.845,4.02391e14,0.9509,-4.62747e6,2.30270e6,-5.77739e-9
1512678780,27519127.271213867,23749498.788025767,3769.628,3.97738e14,0.2164,-4.59293e6,2.29887e6,-5.76779e-9
1512678810,27500332.940168902,23741018.629902806,3759.314,3.95182e14,0.8576,-4.57041e6,2.29495e6,-5.75800e-9
1512678840,27481533.836599328,23732631.847625617,3748.902,3.97685e14,0.2295,-4.57686e6,2.29096e6,-5.74801e-9
1512678870,27462730.275527958,23724338.765577763,3738.392,4.01626e14,0.7590,-4.59135e6,2.28689e6,-5.73782e-9
1512678900,27443922.573361233,23716139.70513129,3727.783,3.96299e14,0.5775,-4.55252e6,2.28275e6,-5.72744e-9
1512678930,27425111.04789466,23708034.984564483,3717.076,3.94002e14,1.1536,-4.53097e6,2.27852e6,-5.71686e-9
1512678960,27406296.018299956,23700024.919186335,3706.271,3.99708e14,0.2780,-4.55498e6,2.27422e6,-5.70608e-9
1512678990,27387477.805139728,23692109.821149062,3695.368,3.98527e14,0.0184,-4.53949e6,2.26983e6,-5.69511e-9
1512679020,27368656.730363846,23684289.99946706,3684.367,3.96398e14,0.5525,-4.51847e6,2.26537e6,-5.68393e-9
1512679050,27349833.117310088,23676565.75998561,3673.267,3.98279e14,0.0806,-4.52009e6,2.26083e6,-5.67256e-9
1512679080,27331007.29070479,23668937.405349717,3662.070,4.00070e14,0.3686,-4.52100e6,2.25620e6,-5.66099e-9
1512679110,27312179.57666345,23661405.234973196,3650.774,3.99158e14,0.1400,-4.50643e6,2.25150e6,-5.64921e-9
1512679140,27293350.302691106,23653969.54500797,3639.381,4.01538e14,0.7370,-4.51029e6,2.24672e6,-5.63724e-9
1512679170,27274519.79768272,23646630.628313582,3627.889,4.05473e14,1.7241,-4.52267e6,2.24186e6,-5.62507e-9
1512679200,27255688.39192349,23639388.774426986,3616.300,4.01770e14,0.7953,-4.49193e6,2.23692e6,-5.61269e-9
1512679230,27236856.41708151,23632244.269595772,3604.612,4.03072e14,1.1217,-4.48914e6,2.23189e6,-5.60011e-9
1512679260,27218024.20623087,23625197.396553863,3592.827,4.04937e14,1.5898,-4.48931e6,2.22679e6,-5.58733e-9
1512679290,27199192.09382855,23618248.434686977,3580.944,3.99290e14,0.1730,-4.44739e6,2.22161e6,-5.57434e-9
1512679320,27180360.415721722,23611397.6599409,3568.963,3.98643e14,0.0106,-4.43325e6,2.21634e6,-5.56116e-9
1512679350,27161529.509147435,23604645.344793193,3556.884,4.00190e14,0.3988,-4.43115e6,2.21099e6,-5.54776e-9
1512679380,27142699.712732248,23597991.758225106,3544.708,3.99926e14,0.3325,-4.41882e6,2.20556e6,-5.53417e-9
1512679410,27123871.366491698,23591437.16569373,3532.434,3.98404e14,0.0492,-4.39939e6,2.20005e6,-5.52037e-9
1512679440,27105044.811829757,23584981.82910456,3520.063,3.94244e14,1.0928,-4.36531e6,2.19446e6,-5.50636e-9
1512679470,27086220.391538057,23578626.006784197,3507.594,3.93357e14,1.3154,-4.34917e6,2.18879e6,-5.49215e-9
1512679500,27067398.449795153,23572369.95345342,3495.028,3.96379e14,0.5573,-4.35429e6,2.18303e6,-5.47773e-9
1512679530,27048579.332168743,23566213.920140598,3482.365,3.99532e14,0.2337,-4.35988e6,2.17720e6,-5.46311e-9
1512679560,27029763.385604843,23560158.15433988,3469.605,4.00266e14,0.4179,-4.35204e6,2.17128e6,-5.44828e-9
1512679590,27010950.95843651,23554202.899800375,3456.748,4.00552e14,0.4896,-4.34157e6,2.16527e6,-5.43325e-9
1512679620,26992142.400379367,23548348.396559525,3443.794,4.02924e14,1.0847,-4.34223e6,2.15919e6,-5.41800e-9
1512679650,26973338.06253043,23542594.880917154,3430.743,4.01093e14,0.6253,-4.31995e6,2.15302e6,-5.40255e-9
1512679680,26954538.29736656,23536942.5854098,3417.596,3.98025e14,0.1444,-4.29089e6,2.14677e6,-5.38690e-9
1512679710,26935743.458743066,23531391.738785353,3404.352,3.97499e14,0.2764,-4.27542e6,2.14044e6,-5.37103e-9
1512679740,26916953.901891984,23525942.565977972,3391.011,3.97996e14,0.1515,-4.26528e6,2.13402e6,-5.35496e-9
1512679770,26898169.98342036,23520595.288083423,3377.575,3.97810e14,0.1984,-4.25130e6,2.12753e6,-5.33868e-9
1512679800,26879392.061308395,23515350.122334667,3364.042,4.01249e14,0.6645,-4.25647e6,2.12094e6,-5.32219e-9
1512679830,26860620.494913172,23510207.282115117,3350.413,4.03451e14,1.2169,-4.25479e6,2.11428e6,-5.30549e-9
1512679860,26841855.644948937,23505166.97682063,3336.689,3.99088e14,0.1223,-4.21814e6,2.10753e6,-5.28859e-9
1512679890,26823097.873502668,23500229.411950476,3322.868,3.99788e14,0.2980,-4.20818e6,2.10070e6,-5.27147e-9
1512679920,26804347.54402599,23495394.789048016,3308.953,3.99521e14,0.2310,-4.19293e6,2.09379e6,-5.25415e-9
1512679950,26785605.021332808,23490663.30567846,3294.942,3.96944e14,0.4155,-4.16544e6,2.08679e6,-5.23662e-9
1512679980,26766870.671596628,23486035.155407168,3280.836,4.00773e14,0.5450,-4.17129e6,2.07971e6,-5.21888e-9
1512680010,26748144.86234802,23481510.527778365,3266.634,4.06105e14,1.8829,-4.18467e6,2.07255e6,-5.20093e-9
1512680040,26729427.962471668,23477089.60829421,3252.338,4.01290e14,0.6749,-4.14510e6,2.06530e6,-5.18277e-9
1512680070,26710720.342203457,23472772.578394372,3237.948,3.99478e14,0.2202,-4.12103e6,2.05797e6,-5.16440e-9
1512680100,26692022.37312734,23468559.61543595,3223.463,4.03780e14,1.2995,-4.12834e6,2.05056e6,-5.14582e-9
1512680130,26673334.42815794,23464450.892660487,3208.884,4.00501e14,0.4767,-4.09644e6,2.04306e6,-5.12703e-9
1512680160,26654656.881580815,23460446.57921583,3194.210,3.95795e14,0.7039,-4.05721e6,2.03548e6,-5.10804e-9
1512680190,26635990.109005004,23456546.84009669,3179.443,3.98974e14,0.0938,-4.05813e6,2.02781e6,-5.08883e-9
1512680220,26617334.487373464,23452751.836139295,3164.583,4.03159e14,1.1437,-4.06385e6,2.02007e6,-5.06942e-9
1512680250,26598690.394959074,23449061.72400338,3149.629,4.02129e14,0.8853,-4.04291e6,2.01224e6,-5.04979e-9
1512680280,26580058.211360537,23445476.656154644,3134.582,3.99728e14,0.2828,-4.01494e6,2.00432e6,-5.02996e-9
1512680310,26561438.31749822,23441996.78084762,3119.442,4.01483e14,0.7233,-4.00773e6,1.99633e6,-5.00992e-9
1512680340,26542831.095609657,23438622.242109034,3104.209,4.00957e14,0.5912,-3.98889e6,1.98825e6,-4.98967e-9
1512680370,26524236.929245092,23435353.17972149,3088.884,4.02103e14,0.8786,-3.97821e6,1.98008e6,-4.96921e-9
1512680400,26505656.203262724,23432189.72920777,3073.466,4.03800e14,1.3043,-3.97005e6,1.97184e6,-4.94854e-9
1512680430,26487089.303843107,23429132.02182312,3057.957,3.97717e14,0.2217,-3.92332e6,1.96351e6,-4.92766e-9
1512680460,26468536.618425086,23426180.184517104,3042.356,3.97071e14,0.3837,-3.90335e6,1.95509e6,-4.90658e-9
1512680490,26449998.53575998,23423334.33994196,3026.664,3.96159e14,0.6125,-3.88195e6,1.94660e6,-4.88528e-9
1512680520,26431475.445887264,23420594.60643148,3010.881,3.97967e14,0.1588,-3.87365e6,1.93802e6,-4.86378e-9
1512680550,26412967.740129318,23417961.097987596,2995.007,4.00129e14,0.3835,-3.86682e6,1.92936e6,-4.84207e-9
1512680580,26394475.811085958,23415433.9242674,2979.042,3.96962e14,0.4110,-3.83404e6,1.92062e6,-4.82016e-9
1512680610,26376000.05262887,23413013.190570734,2962.987,3.98802e14,0.0505,-3.82526e6,1.91179e6,-4.79804e-9
1512680640,26357540.859895863,23410698.997828163,2946.842,3.97851e14,0.1879,-3.80290e6,1.90288e6,-4.77571e-9
1512680670,26339098.629284944,23408491.442589484,2930.607,3.94575e14,1.0098,-3.76938e6,1.89389e6,-4.75317e-9
1512680700,26320673.75844821,23406390.617012717,2914.283,3.95188e14,0.8561,-3.75423e6,1.88482e6,-4.73043e-9
1512680730,26302266.64626263,23404396.60883391,2897.870,4.00452e14,0.4646,-3.76078e6,1.87566e6,-4.70748e-9
1512680760,26283877.692894444,23402509.501417264,2881.368,4.04058e14,1.3691,-3.75916e6,1.86643e6,-4.68432e-9
1512680790,26265507.29972146,23400729.373685863,2864.778,4.00401e14,0.4516,-3.72336e6,1.85711e6,-4.66096e-9
1512680820,26247155.86934905,23399056.300131593,2848.100,3.99627e14,0.2575,-3.70094e6,1.84771e6,-4.63740e-9
1512680850,26228823.805603094,23397490.35080648,2831.333,3.96195e14,0.6034,-3.66613e6,1.83823e6,-4.61363e-9
1512680880,26210511.51352254,23396031.591314413,2814.480,3.96694e14,0.4784,-3.64935e6,1.82867e6,-4.58966e-9
1512680910,26192219.399352025,23394680.082803495,2797.539,3.97725e14,0.2196,-3.63483e6,1.81902e6,-4.56548e-9
1512680940,26173947.870534103,23393435.881958794,2780.512,3.96281e14,0.5820,-3.60885e6,1.80930e6,-4.54110e-9
1512680970,26155697.335701454,23392299.04099562,2763.398,3.98986e14,0.0967,-3.60152e6,1.79949e6,-4.51652e-9
1512681000,26137468.204668857,23391269.60765337,2746.199,3.98062e14,0.1350,-3.57760e6,1.78961e6,-4.49174e-9
1512681030,26119260.888454285,23390347.625219755,2728.913,3.97850e14,0.1884,-3.55674e6,1.77964e6,-4.46676e-9
1512681060,26101075.799180113,23389533.132433835,2711.543,3.96460e14,0.5369,-3.53050e6,1.76960e6,-4.44157e-9
1512681090,26082913.350155357,23388826.163573027,2694.087,3.97552e14,0.2631,-3.51513e6,1.75947e6,-4.41618e-9
1512681120,26064773.95583774,23388226.748419654,2676.547,4.04223e14,1.4107,-3.52405e6,1.74927e6,-4.39060e-9
1512681150,26046658.031824984,23387734.91225773,2658.923,4.04248e14,1.4167,-3.50345e6,1.73898e6,-4.36481e-9
1512681180,26028565.99484604,23387350.675870042,2641.215,4.01151e14,0.6399,-3.46915e6,1.72862e6,-4.33883e-9
1512681210,26010498.26275187,23387074.055535987,2623.424,3.98962e14,0.0907,-3.43876e6,1.71818e6,-4.31265e-9
1512681240,25992455.254506275,23386905.063029766,2605.550,4.00510e14,0.4790,-3.42435e6,1.70766e6,-4.28627e-9
1512681270,25974437.390176415,23386843.705619197,2587.594,4.04581e14,1.5003,-3.42045e6,1.69706e6,-4.25969e-9
1512681300,25956445.09092304,23386889.986065004,2569.555,4.06435e14,1.9655,-3.40679e6,1.68638e6,-4.23292e-9
1512681330,25938478.77895449,23387043.9025899,2551.435,4.00745e14,0.5379,-3.36114e6,1.67563e6,-4.20596e-9
1512681360,25920538.877628144,23387305.448973462,2533.233,3.93973e14,1.1608,-3.31113e6,1.66479e6,-4.17879e-9
1512681390,25902625.81132814,23387674.614458483,2514.951,3.93319e14,1.3250,-3.28673e6,1.65389e6,-4.15144e-9
1512681420,25884740.005490795,23388151.383782543,2496.589,3.95896e14,0.6784,-3.27553e6,1.64290e6,-4.12389e-9
1512681450,25866881.88659356,23388735.737179693,2478.146,4.01930e14,0.8354,-3.27821e6,1.63184e6,-4.09615e-9
1512681480,25849051.88214379,23389427.650382522,2459.624,4.01854e14,0.8162,-3.25553e6,1.62070e6,-4.06822e-9
1512681510,25831250.420667306,23390227.094624884,2441.023,3.99411e14,0.2035,-3.22315e6,1.60948e6,-4.04010e-9
1512681540,25813477.931696672,23391134.036644984,2422.344,4.00481e14,0.4719,-3.20484e6,1.59819e6,-4.01179e-9
1512681570,25795734.8457594,23392148.438689053,2403.586,4.03781e14,1.2998,-3.19521e6,1.58683e6,-3.98329e-9
1512681600,25778021.59436582,23393270.25851556,2384.751,4.05656e14,1.7701,-3.17960e6,1.57539e6,-3.95460e-9
1512681630,25760338.610036835,23394499.449419126,2365.839,4.02835e14,1.0623,-3.14529e6,1.56388e6,-3.92573e-9
1512681660,25742686.326168265,23395835.960176557,2346.850,3.96566e14,0.5105,-3.09757e6,1.55229e6,-3.89666e-9
1512681690,25725065.177141663,23397279.735111836,2327.785,3.98169e14,0.1082,-3.08051e6,1.54063e6,-3.86742e-9
1512681720,25707475.598271824,23398830.71408338,2308.645,4.06755e14,2.0459,-3.09001e6,1.52889e6,-3.83799e-9
1512681750,25689918.025794044,23400488.832490984,2289.429,4.02574e14,0.9969,-3.05024e6,1.51708e6,-3.80837e-9
1512681780,25672392.89685108,23402254.021283302,2270.139,3.96583e14,0.5060,-3.00372e6,1.50520e6,-3.77858e-9
1512681810,25654900.649480112,23404126.206965785,2250.774,4.02800e14,1.0536,-3.00319e6,1.49325e6,-3.74860e-9
1512681840,25637441.7225992,23406105.31160923,2231.336,4.01830e14,0.8102,-2.97541e6,1.48122e6,-3.71844e-9
1512681870,25620016.555993773,23408191.25285874,2211.825,3.94428e14,1.0469,-2.92382e6,1.46913e6,-3.68811e-9
1512681900,25602625.59030268,23410383.94394326,2192.242,3.96579e14,0.5072,-2.90749e6,1.45696e6,-3.65759e-9
1512681930,25585269.266964123,23412683.293683752,2172.586,4.03453e14,1.2174,-2.90801e6,1.44473e6,-3.62690e-9
1512681960,25567948.02832479,23415089.206509348,2152.859,4.06430e14,1.9643,-2.89395e6,1.43242e6,-3.59603e-9
1512681990,25550662.317501582,23417601.582462747,2133.061,4.01131e14,0.6349,-2.85007e6,1.42004e6,-3.56499e-9
1512682020,25533412.5784065,23420220.31721353,2113.192,3.97366e14,0.3096,-2.81180e6,1.40760e6,-3.53378e-9
1512682050,25516199.25573132,23422945.30207011,2093.254,4.02379e14,0.9479,-2.80437e6,1.39508e6,-3.50239e-9
1512682080,25499022.794931956,23425776.42399209,2073.246,4.03814e14,1.3079,-2.78407e6,1.38250e6,-3.47083e-9
1512682110,25481883.642212715,23428713.565603323,2053.170,3.99291e14,0.1732,-2.74305e6,1.36985e6,-3.43910e-9
1512682140,25464782.244510166,23431756.605205152,2033.026,3.95369e14,0.8107,-2.70424e6,1.35713e6,-3.40720e-9
1512682170,25447719.049476877,23434905.416790336,2012.814,3.99081e14,0.1206,-2.69130e6,1.34435e6,-3.37514e-9
