Timestamp,R_A,R_B,Delta_H_km,GM,Error_Pct,Term_Time,Term_Kinetic,Term_Potential
1498182390,32505500.745059945,30496615.537967123,2008.885,3.86235e14,3.1023,-1.59033e6,8.07624e5,-2.02650e-9
1498182420,32503409.0280106,30482452.69702063,2020.956,4.01293e14,0.6756,-1.63145e6,8.12909e5,-2.03976e-9
1498182450,32501262.253690593,30468248.686637558,2033.014,4.12035e14,3.3705,-1.66411e6,8.18198e5,-2.05302e-9
1498182480,32499060.433587532,30454003.629292417,2045.057,3.93287e14,1.3329,-1.63613e6,8.23488e5,-2.06628e-9
1498182510,32496803.57949049,30439717.64821226,2057.086,3.99967e14,0.3429,-1.66054e6,8.28782e5,-2.07956e-9
1498182540,32494491.703490324,30425390.867380273,2069.101,4.10771e14,3.0533,-1.69375e6,8.34077e5,-2.09284e-9
1498182570,32492124.81798018,30411023.41153949,2081.101,3.96887e14,0.4299,-1.67527e6,8.39375e5,-2.10612e-9
1498182600,32489702.935655825,30396615.40619648,2093.088,4.10048e14,2.8720,-1.71374e6,8.44676e5,-2.11942e-9
1498182630,32487226.069517445,30382166.977615774,2105.059,3.99460e14,0.2157,-1.70191e6,8.49979e5,-2.13272e-9
1498182660,32484694.232866086,30367678.252852246,2117.016,3.72705e14,6.4965,-1.65512e6,8.55285e5,-2.14602e-9
1498182690,32482107.43930819,30353149.359726127,2128.958,3.90233e14,2.0992,-1.70323e6,8.60593e5,-2.15933e-9
1498182720,32479465.702754658,30338580.426835965,2140.885,4.06794e14,2.0557,-1.74972e6,8.65903e5,-2.17265e-9
1498182750,32476769.03742141,30323971.583562236,2152.797,4.01754e14,0.7912,-1.74944e6,8.71216e5,-2.18597e-9
1498182780,32474017.457829814,30309322.96007103,2164.694,3.98865e14,0.0664,-1.75375e6,8.76531e5,-2.19930e-9
1498182810,32471210.978807263,30294634.68731775,2176.576,3.99484e14,0.2218,-1.76576e6,8.81849e5,-2.21263e-9
1498182840,32468349.615487583,30279906.897050723,2188.443,4.00257e14,0.4157,-1.77813e6,8.87169e5,-2.22598e-9
1498182870,32465433.383311637,30265139.721814867,2200.294,3.90967e14,1.9149,-1.76799e6,8.92492e5,-2.23932e-9
1498182900,32462462.29802777,30250333.294955373,2212.129,3.86928e14,2.9282,-1.76944e6,8.97817e5,-2.25268e-9
1498182930,32459436.37569183,30235487.750612862,2223.949,3.99978e14,0.3456,-1.80951e6,9.03144e5,-2.26604e-9
1498182960,32456355.63266959,30220603.22375336,2235.752,3.92680e14,1.4853,-1.80355e6,9.08474e5,-2.27940e-9
1498182990,32453220.085635286,30205679.850145504,2247.540,3.90348e14,2.0704,-1.80879e6,9.13807e5,-2.29277e-9
1498183020,32450029.75157288,30190717.76637275,2259.312,4.01202e14,0.6526,-1.84437e6,9.19141e5,-2.30615e-9
1498183050,32446784.647776637,30175717.109837085,2271.068,4.07029e14,2.1146,-1.86860e6,9.24479e5,-2.31953e-9
1498183080,32443484.791851696,30160678.01876259,2282.807,4.07236e14,2.1664,-1.87987e6,9.29818e5,-2.33292e-9
1498183110,32440130.201714747,30145600.63219923,2294.530,3.96817e14,0.4475,-1.86622e6,9.35160e5,-2.34632e-9
1498183140,32436720.8955945,30130485.0900265,2306.236,4.00805e14,0.5532,-1.88629e6,9.40505e5,-2.35972e-9
1498183170,32433256.892032493,30115331.53295719,2317.925,4.19633e14,5.2766,-1.94169e6,9.45851e5,-2.37313e-9
1498183200,32429738.209883615,30100140.10254112,2329.598,4.12853e14,3.5757,-1.93649e6,9.51200e5,-2.38654e-9
1498183230,32426164.868319552,30084910.941193152,2341.254,3.85540e14,3.2766,-1.88183e6,9.56552e5,-2.39996e-9
1498183260,32422536.88682102,30069644.192122333,2352.893,3.92445e14,1.5444,-1.90903e6,9.61906e5,-2.41339e-9
1498183290,32418854.28518694,30054339.99941072,2364.514,4.02630e14,1.0110,-1.94437e6,9.67262e5,-2.42682e-9
1498183320,32415117.083532415,30038998.507993147,2376.119,3.88064e14,2.6434,-1.91960e6,9.72620e5,-2.44025e-9
1498183350,32411325.302289423,30023619.863661245,2387.705,3.98992e14,0.0983,-1.95699e6,9.77981e5,-2.45370e-9
1498183380,32407478.96220756,30008204.21306753,2399.275,4.07926e14,2.3395,-1.98976e6,9.83344e5,-2.46715e-9
1498183410,32403578.084354885,29992751.703729574,2410.826,4.01745e14,0.7888,-1.98528e6,9.88710e5,-2.48060e-9
1498183440,32399622.690118544,29977262.48403393,2422.360,3.95095e14,0.8794,-1.97947e6,9.94078e5,-2.49406e-9
1498183470,32395612.801205657,29961736.703240406,2433.876,3.92107e14,1.6290,-1.98267e6,9.99448e5,-2.50753e-9
1498183500,32391548.43964404,29946174.511485994,2445.374,3.95984e14,0.6563,-2.00309e6,1.00482e6,-2.52100e-9
1498183530,32387429.627777997,29930576.059761178,2456.854,4.00571e14,0.4945,-2.02543e6,1.01019e6,-2.53447e-9
1498183560,32383256.388284564,29914941.5000001,2468.315,4.04792e14,1.5533,-2.04696e6,1.01557e6,-2.54796e-9
1498183590,32379028.74415881,29899270.984998144,2479.758,3.96975e14,0.4079,-2.03778e6,1.02095e6,-2.56144e-9
1498183620,32374746.71871969,29883564.668443847,2491.182,3.90809e14,1.9547,-2.03264e6,1.02633e6,-2.57494e-9
1498183650,32370410.335610773,29867822.704922706,2502.588,4.04708e14,1.5322,-2.07928e6,1.03172e6,-2.58844e-9
1498183680,32366019.61880102,29852045.24992103,2513.974,4.17104e14,4.6422,-2.12238e6,1.03710e6,-2.60194e-9
1498183710,32361574.5925857,29836232.459829863,2525.342,4.06767e14,2.0488,-2.10637e6,1.04249e6,-2.61545e-9
1498183740,32357075.28158709,29820384.491948783,2536.691,3.96764e14,0.4608,-2.09096e6,1.04788e6,-2.62897e-9
1498183770,32352521.710755352,29804501.504489746,2548.020,4.00059e14,0.3659,-2.11042e6,1.05327e6,-2.64249e-9
1498183800,32347913.905369405,29788583.65658102,2559.330,3.93993e14,1.1558,-2.10512e6,1.05867e6,-2.65601e-9
1498183830,32343251.89104601,29772631.108290315,2570.621,3.91210e14,1.8542,-2.10841e6,1.06406e6,-2.66954e-9
1498183860,32338535.69371517,29756644.020569216,2581.892,3.97705e14,0.2247,-2.13653e6,1.06946e6,-2.68308e-9
1498183890,32333765.339646496,29740622.55531676,2593.143,3.95519e14,0.7729,-2.14143e6,1.07486e6,-2.69662e-9
1498183920,32328940.85544199,29724566.87536426,2604.374,3.93952e14,1.1662,-2.14794e6,1.08026e6,-2.71017e-9
1498183950,32324062.26803695,29708477.14447932,2615.585,3.91191e14,1.8589,-2.15116e6,1.08567e6,-2.72372e-9
1498183980,32319129.60470093,29692353.527370006,2626.776,3.88485e14,2.5378,-2.15446e6,1.09107e6,-2.73728e-9
1498184010,32314142.893038824,29676196.189688977,2637.947,3.99299e14,0.1752,-2.19489e6,1.09648e6,-2.75084e-9
1498184040,32309102.160991766,29660005.298037652,2649.097,3.95679e14,0.7328,-2.19571e6,1.10189e6,-2.76441e-9
1498184070,32304007.436838165,29643781.019970328,2660.226,3.89054e14,2.3949,-2.18809e6,1.10731e6,-2.77798e-9
1498184100,32298858.74919473,29627523.523998413,2671.335,3.99504e14,0.2267,-2.22796e6,1.11272e6,-2.79155e-9
1498184130,32293656.127001915,29611232.979586627,2682.423,3.91926e14,1.6744,-2.21754e6,1.11814e6,-2.80513e-9
1498184160,32288399.59957292,29594909.557181675,2693.490,3.94040e14,1.1442,-2.23424e6,1.12355e6,-2.81872e-9
1498184190,32283089.19654668,29578553.428191964,2704.536,3.99328e14,0.1825,-2.25999e6,1.12897e6,-2.83231e-9
1498184220,32277724.947904315,29562164.764999673,2715.560,3.96270e14,0.5846,-2.26214e6,1.13440e6,-2.84590e-9
1498184250,32272306.88397009,29545743.740964893,2726.563,4.01916e14,0.8319,-2.28910e6,1.13982e6,-2.85950e-9
1498184280,32266835.035412338,29529290.53042973,2737.545,4.02614e14,1.0068,-2.30200e6,1.14525e6,-2.87311e-9
1498184310,32261309.433244467,29512805.30872252,2748.504,4.05473e14,1.7242,-2.32116e6,1.15067e6,-2.88672e-9
1498184340,32255730.10882596,29496288.252161946,2759.442,4.08709e14,2.5360,-2.34149e6,1.15610e6,-2.90033e-9
1498184370,32250097.093863282,29479739.538061142,2770.358,4.06012e14,1.8595,-2.34463e6,1.16153e6,-2.91394e-9
1498184400,32244410.42041103,29463159.344731886,2781.251,3.90652e14,1.9940,-2.31062e6,1.16696e6,-2.92756e-9
1498184430,32238670.120898195,29446547.851493645,2792.122,3.85815e14,3.2077,-2.30715e6,1.17240e6,-2.94119e-9
1498184460,32232876.228051305,29429905.238662716,2802.971,3.92148e14,1.6187,-2.33656e6,1.17783e6,-2.95482e-9
1498184490,32227028.774973672,29413231.68757125,2813.797,3.96910e14,0.4241,-2.36148e6,1.18327e6,-2.96845e-9
1498184520,32221127.795121368,29396527.380566668,2824.600,3.93029e14,1.3979,-2.36075e6,1.18871e6,-2.98209e-9
1498184550,32215173.32230459,29379792.501015816,2835.381,4.03093e14,1.1271,-2.40171e6,1.19415e6,-2.99573e-9
1498184580,32209165.39068896,29363027.23330918,2846.138,4.05247e14,1.6675,-2.41913e6,1.19959e6,-3.00937e-9
1498184610,32203104.0347969,29346231.762865018,2856.872,3.96480e14,0.5320,-2.40360e6,1.20503e6,-3.02302e-9
1498184640,32196989.289509002,29329406.2761336,2867.583,4.04914e14,1.5838,-2.44007e6,1.21048e6,-3.03667e-9
1498184670,32190821.190065358,29312550.960601304,2878.270,4.02945e14,1.0899,-2.44504e6,1.21592e6,-3.05032e-9
1498184700,32184599.772066895,29295666.00479485,2888.934,4.00392e14,0.4495,-2.44816e6,1.22137e6,-3.06398e-9
1498184730,32178325.07144791,29278751.598274384,2899.573,3.96693e14,0.4785,-2.44770e6,1.22682e6,-3.07764e-9
1498184760,32171997.124566466,29261807.931671567,2910.189,3.95140e14,0.8682,-2.45377e6,1.23227e6,-3.09131e-9
1498184790,32165615.96811647,29244835.196659893,2920.781,3.95212e14,0.8501,-2.46484e6,1.23772e6,-3.10497e-9
1498184820,32159181.63915767,29227833.58596966,2931.348,3.94039e14,1.1443,-2.47204e6,1.24317e6,-3.11864e-9
1498184850,32152694.175116792,29210803.29339203,2941.891,3.95263e14,0.8372,-2.48672e6,1.24863e6,-3.13232e-9
1498184880,32146153.6137887,29193744.513783075,2952.409,3.98319e14,0.0706,-2.50719e6,1.25408e6,-3.14599e-9
1498184910,32139559.99333746,29176657.443067893,2962.903,4.00248e14,0.4134,-2.52419e6,1.25954e6,-3.15967e-9
1498184940,32132913.35229758,29159542.27824463,2973.371,3.89568e14,2.2661,-2.50123e6,1.26499e6,-3.17335e-9
1498184970,32126213.72957506,29142399.217388507,2983.815,4.06849e14,2.0695,-2.56709e6,1.27045e6,-3.18704e-9
1498185000,32119461.164448623,29125228.459655963,2994.233,4.16712e14,4.5437,-2.60969e6,1.27591e6,-3.20072e-9
1498185030,32112655.696591303,29108030.205306124,3004.625,3.96870e14,0.4341,-2.55707e6,1.28137e6,-3.21441e-9
1498185060,32105797.366008706,29090804.655651197,3014.993,4.00783e14,0.5477,-2.58060e6,1.28683e6,-3.22810e-9
1498185090,32098886.213103306,29073552.013114266,3025.334,4.09085e14,2.6304,-2.61846e6,1.29229e6,-3.24179e-9
1498185120,32091922.278655414,29056272.481216095,3035.650,4.06206e14,1.9080,-2.62015e6,1.29775e6,-3.25549e-9
1498185150,32084905.6038247,29038966.264579438,3045.939,3.98856e14,0.0641,-2.60715e6,1.30321e6,-3.26918e-9
1498185180,32077836.23015155,29021633.568933155,3056.203,3.92068e14,1.6387,-2.59579e6,1.30868e6,-3.28288e-9
1498185210,32070714.199558586,29004274.601116505,3066.440,3.88151e14,2.6216,-2.59371e6,1.31414e6,-3.29658e-9
1498185240,32063539.554352235,28986889.56908334,3076.650,4.00026e14,0.3576,-2.64380e6,1.31961e6,-3.31028e-9
1498185270,32056312.33722412,28969478.681906253,3086.834,4.01492e14,0.7255,-2.65963e6,1.32507e6,-3.32398e-9
1498185300,32049032.59125278,28952042.149780802,3096.990,3.91436e14,1.7974,-2.63703e6,1.33054e6,-3.33769e-9
1498185330,32041700.359898597,28934580.184012078,3107.120,4.02004e14,0.8538,-2.68327e6,1.33600e6,-3.35139e-9
1498185360,32034315.687025443,28917092.997073144,3117.223,4.02924e14,1.0846,-2.69735e6,1.34147e6,-3.36510e-9
1498185390,32026878.616882253,28899580.80255486,3127.298,4.06208e14,1.9085,-2.71943e6,1.34694e6,-3.37880e-9
1498185420,32019389.19411113,28882043.81518741,3137.345,4.01076e14,0.6211,-2.71306e6,1.35240e6,-3.39251e-9
1498185450,32011847.463748842,28864482.25084434,3147.365,3.88726e14,2.4773,-2.68196e6,1.35787e6,-3.40622e-9
1498185480,32004253.4712284,28846896.32654641,3157.357,4.02460e14,0.9684,-2.73972e6,1.36334e6,-3.41993e-9
1498185510,31996607.262380682,28829286.26046563,3167.321,4.00346e14,0.4379,-2.74345e6,1.36881e6,-3.43364e-9
1498185540,31988908.883436017,28811652.271929167,3177.257,3.98122e14,0.1199,-2.74674e6,1.37427e6,-3.44734e-9
1498185570,31981158.381025758,28793994.58142318,3187.164,4.04576e14,1.4992,-2.78000e6,1.37974e6,-3.46105e-9
1498185600,31973355.80218394,28776313.410596773,3197.042,4.03513e14,1.2324,-2.78732e6,1.38521e6,-3.47476e-9
1498185630,31965501.1943493,28758608.982280664,3206.892,4.00633e14,0.5098,-2.78827e6,1.39068e6,-3.48847e-9
1498185660,31957594.605365615,28740881.520445604,3216.713,3.99940e14,0.3360,-2.79680e6,1.39614e6,-3.50218e-9
1498185690,31949636.083484504,28723131.25025158,3226.505,4.00424e14,0.4574,-2.80945e6,1.40161e6,-3.51588e-9
1498185720,31941625.677366745,28705358.39803715,3236.267,3.95463e14,0.7871,-2.80290e6,1.40708e6,-3.52959e-9
1498185750,31933563.4360839,28687563.191323377,3246.000,3.92633e14,1.4971,-2.80376e6,1.41254e6,-3.54330e-9
1498185780,31925449.409119975,28669745.858817812,3255.704,3.90053e14,2.1445,-2.80543e6,1.41801e6,-3.55700e-9
1498185810,31917283.646373093,28651906.63041835,3265.377,3.93592e14,1.2565,-2.82888e6,1.42348e6,-3.57070e-9
1498185840,31909066.19815716,28634045.737217236,3275.020,4.00568e14,0.4936,-2.86474e6,1.42894e6,-3.58441e-9
1498185870,31900797.115203552,28616163.411504827,3284.634,3.97937e14,0.1665,-2.86622e6,1.43441e6,-3.59811e-9
1498185900,31892476.448662825,28598259.88677358,3294.217,4.00108e14,0.3781,-2.88498e6,1.43987e6,-3.61180e-9
1498185930,31884104.250101004,28580335.397706952,3303.769,3.99110e14,0.1277,-2.89230e6,1.44533e6,-3.62550e-9
1498185960,31875680.571517862,28562390.18022899,3313.290,3.92410e14,1.5531,-2.87885e6,1.45079e6,-3.63920e-9
1498185990,31867205.465332154,28544424.471462525,3322.781,3.92965e14,1.4137,-2.89171e6,1.45626e6,-3.65289e-9
1498186020,31858678.98438868,28526438.50974757,3332.240,3.98235e14,0.0916,-2.92188e6,1.46172e6,-3.66658e-9
1498186050,31850101.181959864,28508432.534644883,3341.669,4.03136e14,1.1380,-2.95082e6,1.46718e6,-3.68027e-9
1498186080,31841472.111747637,28490406.78693965,3351.065,3.99051e14,0.1131,-2.94671e6,1.47263e6,-3.69395e-9
1498186110,31832791.827885095,28472361.50864504,3360.430,3.97433e14,0.2929,-2.95163e6,1.47809e6,-3.70763e-9
1498186140,31824060.384938285,28454296.943005748,3369.763,3.96800e14,0.4516,-2.96016e6,1.48355e6,-3.72131e-9
1498186170,31815277.837907974,28436213.3345016,3379.065,3.95840e14,0.6926,-2.96746e6,1.48900e6,-3.73499e-9
1498186200,31806444.242231455,28418110.928850945,3388.333,3.93076e14,1.3860,-2.96796e6,1.49445e6,-3.74866e-9
1498186230,31797559.65379568,28399989.973033097,3397.570,4.00469e14,0.4688,-3.00660e6,1.49991e6,-3.76233e-9
1498186260,31788624.128904294,28381850.715233814,3406.773,4.02032e14,0.8609,-3.02343e6,1.50536e6,-3.77599e-9
1498186290,31779637.72431434,28363693.4049066,3415.944,4.02205e14,0.9042,-3.03502e6,1.51080e6,-3.78965e-9
1498186320,31770600.49722696,28345518.29275756,3425.082,4.03837e14,1.3138,-3.05217e6,1.51625e6,-3.80331e-9
1498186350,31761512.505289376,28327325.630748987,3434.187,3.96574e14,0.5084,-3.03540e6,1.52170e6,-3.81696e-9
1498186380,31752373.8065969,28309115.67210284,3443.258,3.95876e14,0.6834,-3.04358e6,1.52714e6,-3.83060e-9
1498186410,31743184.45969497,28290888.671304256,3452.296,4.03920e14,1.3345,-3.08535e6,1.53258e6,-3.84424e-9
1498186440,31733944.52358121,28272644.88410498,3461.300,4.03963e14,1.3453,-3.09646e6,1.53802e6,-3.85788e-9
1498186470,31724654.057707425,28254384.56752678,3470.269,3.99234e14,0.1590,-3.08910e6,1.54346e6,-3.87151e-9
1498186500,31715313.121981747,28236107.979864858,3479.205,4.04644e14,1.5163,-3.12099e6,1.54889e6,-3.88514e-9
1498186530,31705921.776760917,28217815.38066811,3488.106,4.01703e14,0.7784,-3.12047e6,1.55432e6,-3.89876e-9
1498186560,31696480.082882404,28199507.030813392,3496.973,3.97740e14,0.2158,-3.11586e6,1.55975e6,-3.91237e-9
1498186590,31686988.10163646,28181183.19243785,3505.805,4.02199e14,0.9028,-3.14420e6,1.56518e6,-3.92598e-9
1498186620,31677445.894777797,28162844.128964778,3514.602,4.01430e14,0.7098,-3.15207e6,1.57061e6,-3.93958e-9
1498186650,31667853.524527762,28144490.105106708,3523.363,3.92265e14,1.5895,-3.12672e6,1.57603e6,-3.95317e-9
1498186680,31658211.05357624,28126121.38686834,3532.090,3.93245e14,1.3437,-3.14135e6,1.58145e6,-3.96676e-9
1498186710,31648518.545083832,28107738.241549503,3540.780,4.05252e14,1.6688,-3.19990e6,1.58686e6,-3.98034e-9
1498186740,31638776.062683858,28089340.937747955,3549.435,4.09741e14,2.7949,-3.22875e6,1.59228e6,-3.99391e-9
1498186770,31628983.670484424,28070929.74536226,3558.054,3.99192e14,0.1484,-3.19744e6,1.59769e6,-4.00747e-9
1498186800,31619141.43307055,28052504.935594615,3566.636,3.93687e14,1.2326,-3.18612e6,1.60309e6,-4.02103e-9
1498186830,31609249.4155093,28034066.780978184,3575.183,3.96476e14,0.5329,-3.20811e6,1.60850e6,-4.03458e-9
1498186860,31599307.68334248,28015615.555303916,3583.692,3.97708e14,0.2240,-3.22387e6,1.61390e6,-4.04812e-9
1498186890,31589316.302598234,27997151.533699457,3592.165,4.01531e14,0.7352,-3.25017e6,1.61930e6,-4.06165e-9
1498186920,31579275.339790087,27978674.99260721,3600.600,4.08229e14,2.4155,-3.28829e6,1.62469e6,-4.07517e-9
1498186950,31569184.861919194,27960186.209787242,3608.999,3.99169e14,0.1427,-3.26216e6,1.63008e6,-4.08868e-9
1498186980,31559044.936476473,27941685.46431994,3617.359,3.98309e14,0.0731,-3.26940e6,1.63547e6,-4.10218e-9
1498187010,31548855.631444898,27923173.036608793,3625.683,3.95154e14,0.8647,-3.26717e6,1.64085e6,-4.11568e-9
1498187040,31538617.01530165,27904649.208382964,3633.968,3.91899e14,1.6811,-3.26444e6,1.64623e6,-4.12916e-9
1498187070,31528329.15702041,27886114.262699943,3642.215,4.03549e14,1.2415,-3.32336e6,1.65160e6,-4.14263e-9
1498187100,31517992.126073606,27867568.48394803,3650.424,4.00923e14,0.5827,-3.32325e6,1.65697e6,-4.15610e-9
1498187130,31507605.99243772,27849012.157824703,3658.594,3.94704e14,0.9776,-3.30807e6,1.66234e6,-4.16955e-9
1498187160,31497170.82658626,27830445.571413618,3666.725,3.95293e14,0.8298,-3.32120e6,1.66770e6,-4.18299e-9
1498187190,31486686.699501514,27811869.01311197,3674.818,3.94396e14,1.0548,-3.32810e6,1.67305e6,-4.19642e-9
1498187220,31476153.68267371,27793282.772656906,3682.871,3.99191e14,0.1482,-3.35893e6,1.67840e6,-4.20983e-9
1498187250,31465571.84810352,27774687.1411276,3690.885,4.05485e14,1.7271,-3.39621e6,1.68375e6,-4.22324e-9
1498187280,31454941.26830436,27756082.410947163,3698.859,4.04861e14,1.5707,-3.40434e6,1.68909e6,-4.23663e-9
1498187310,31444262.01630484,27737468.875884708,3706.793,4.04489e14,1.4773,-3.41351e6,1.69443e6,-4.25001e-9
1498187340,31433534.16565113,27718846.831057105,3714.687,4.03908e14,1.3314,-3.42177e6,1.69976e6,-4.26338e-9
1498187370,31422757.790409397,27700216.572930846,3722.541,4.04696e14,1.5293,-3.43587e6,1.70509e6,-4.27673e-9
1498187400,31411932.965168256,27681578.399323847,3730.355,4.04433e14,1.4633,-3.44546e6,1.71041e6,-4.29007e-9
1498187430,31401059.7650334,27662932.60943102,3738.127,4.01514e14,0.7311,-3.44360e6,1.71573e6,-4.30340e-9
1498187460,31390138.26565408,27644279.503752027,3745.859,4.03653e14,1.2676,-3.46349e6,1.72104e6,-4.31671e-9
1498187490,31379168.543201458,27625619.384167254,3753.549,4.09671e14,2.7773,-3.50022e6,1.72634e6,-4.33001e-9
1498187520,31368150.674378898,27606952.553915393,3761.198,4.02876e14,1.0728,-3.48145e6,1.73164e6,-4.34329e-9
1498187550,31357084.736424316,27588279.3175951,3768.805,3.95144e14,0.8672,-3.45840e6,1.73693e6,-4.35656e-9
1498187580,31345970.807112724,27569599.981166594,3776.371,3.93608e14,1.2525,-3.46221e6,1.74221e6,-4.36981e-9
1498187610,31334808.964758657,27550914.851953175,3783.894,3.94945e14,0.9170,-3.47856e6,1.74749e6,-4.38304e-9
1498187640,31323599.288218696,27532224.23864266,3791.375,4.01253e14,0.6654,-3.51678e6,1.75277e6,-4.39626e-9
1498187670,31312341.856893938,27513528.451288745,3798.813,4.07328e14,2.1896,-3.55413e6,1.75803e6,-4.40947e-9
1498187700,31301036.750732582,27494827.801312305,3806.209,4.01893e14,0.8260,-3.54073e6,1.76329e6,-4.42265e-9
1498187730,31289684.050246123,27476122.60147818,3813.561,3.96274e14,0.5836,-3.52635e6,1.76855e6,-4.43582e-9
1498187760,31278283.836469766,27457413.165971555,3820.871,3.99119e14,0.1301,-3.54946e6,1.77379e6,-4.44897e-9
1498187790,31266836.191007346,27438699.810323376,3828.136,3.95381e14,0.8077,-3.54326e6,1.77903e6,-4.46211e-9
1498187820,31255341.196020324,27419982.851435564,3835.358,3.98794e14,0.0486,-3.56895e6,1.78426e6,-4.47522e-9
1498187850,31243798.934230503,27401262.60758173,3842.536,3.95162e14,0.8625,-3.56310e6,1.78949e6,-4.48832e-9
1498187880,31232209.488922805,27382539.398407687,3849.670,3.90034e14,2.1491,-3.55040e6,1.79470e6,-4.50139e-9
1498187910,31220572.943947997,27363813.54493199,3856.759,3.95238e14,0.8435,-3.58419e6,1.79991e6,-4.51445e-9
1498187940,31208889.383725457,27345085.369546287,3863.804,3.96991e14,0.4037,-3.60248e6,1.80511e6,-4.52749e-9
1498187970,31197158.893245958,27326355.196015656,3870.804,4.01179e14,0.6470,-3.63186e6,1.81030e6,-4.54051e-9
1498188000,31185381.558074415,27307623.34947886,3877.758,4.05978e14,1.8508,-3.66411e6,1.81549e6,-4.55350e-9
1498188030,31173557.464333728,27288890.156471353,3884.667,4.00659e14,0.5163,-3.65026e6,1.82066e6,-4.56648e-9
1498188060,31161686.698766116,27270155.94485493,3891.531,3.94238e14,1.0944,-3.63122e6,1.82583e6,-4.57943e-9
1498188090,31149769.348677114,27251421.04388835,3898.348,3.97362e14,0.3107,-3.65582e6,1.83099e6,-4.59237e-9
1498188120,31137805.50195731,27232685.784204587,3905.120,4.02856e14,1.0675,-3.69140e6,1.83614e6,-4.60528e-9
1498188150,31125795.247084953,27213950.497810878,3911.845,4.02746e14,1.0400,-3.70123e6,1.84128e6,-4.61817e-9
1498188180,31113738.673128698,27195215.518088575,3918.523,4.00810e14,0.5544,-3.70257e6,1.84641e6,-4.63103e-9
1498188210,31101635.86975024,27176481.179793086,3925.155,3.95146e14,0.8667,-3.68654e6,1.85153e6,-4.64387e-9
1498188240,31089486.927207075,27157747.819053553,3931.739,3.95416e14,0.7990,-3.69797e6,1.85664e6,-4.65669e-9
1498188270,31077291.936355177,27139015.773372516,3938.276,3.95113e14,0.8750,-3.70672e6,1.86175e6,-4.66948e-9
1498188300,31065050.988651782,27120285.381625477,3944.766,3.87681e14,2.7395,-3.68206e6,1.86684e6,-4.68225e-9
1498188330,31052764.176177427,27101556.984043173,3951.207,3.87943e14,2.6736,-3.69332e6,1.87192e6,-4.69500e-9
1498188360,31040431.59157924,27082830.92226379,3957.601,3.98485e14,0.0290,-3.75295e6,1.87700e6,-4.70771e-9
1498188390,31028053.32813345,27064107.53927924,3963.946,4.02179e14,0.8978,-3.78051e6,1.88206e6,-4.72041e-9
1498188420,31015629.479729105,27045387.179451287,3970.242,3.96147e14,0.6155,-3.76210e6,1.88711e6,-4.73307e-9
1498188450,31003160.140871063,27026670.188510355,3976.490,3.91400e14,1.8065,-3.74962e6,1.89215e6,-4.74571e-9
1498188480,30990645.406682946,27007956.913554274,3982.688,3.96544e14,0.5160,-3.78407e6,1.89718e6,-4.75832e-9
1498188510,30978085.37291031,26989247.70304699,3988.838,4.04254e14,1.4184,-3.83086e6,1.90220e6,-4.77091e-9
1498188540,30965480.13592364,26970542.906816933,3994.937,3.98111e14,0.1228,-3.81156e6,1.90721e6,-4.78346e-9
1498188570,30952829.792721465,26951842.876055516,4000.987,4.31166e14,8.1700,-3.98008e6,1.91221e6,-4.79599e-9
1498188600,30940134.440933436,26933147.96331534,4006.986,4.30695e14,8.0519,-3.98819e6,1.91719e6,-4.80849e-9
1498188630,30927394.17880798,26914458.52251648,4012.936,3.94943e14,0.9177,-3.82617e6,1.92216e6,-4.82096e-9
1498188660,30914609.105263233,26895774.908919625,4018.834,3.91270e14,1.8390,-3.81829e6,1.92713e6,-4.83339e-9
1498188690,30901779.31984214,26877097.479148794,4024.682,3.93889e14,1.1821,-3.84078e6,1.93207e6,-4.84580e-9
1498188720,30888904.922731094,26858426.591181226,4030.478,3.93460e14,1.2897,-3.84851e6,1.93701e6,-4.85818e-9
1498188750,30875986.0147629,26839762.604345106,4036.223,3.92793e14,1.4569,-3.85504e6,1.94193e6,-4.87052e-9
1498188780,30863022.697419886,26821105.879317187,4041.917,3.95293e14,0.8298,-3.87700e6,1.94685e6,-4.88284e-9
1498188810,30850015.072836988,26802456.778120372,4047.558,3.91598e14,1.7566,-3.86866e6,1.95174e6,-4.89512e-9
1498188840,30836963.24380478,26783815.664121054,4053.148,3.95230e14,0.8455,-3.89617e6,1.95663e6,-4.90737e-9
1498188870,30823867.31377262,26765182.9020264,4058.684,3.99553e14,0.2389,-3.92713e6,1.96150e6,-4.91958e-9
1498188900,30810727.38685172,26746558.857881557,4064.169,3.93971e14,1.1614,-3.90933e6,1.96636e6,-4.93176e-9
1498188930,30797543.56783256,26727943.89906751,4069.600,3.92262e14,1.5902,-3.91051e6,1.97120e6,-4.94390e-9
1498188960,30784315.96214404,26709338.394295167,4074.978,3.96463e14,0.5362,-3.94091e6,1.97603e6,-4.95601e-9
1498188990,30771044.675900865,26690742.71360514,4080.302,3.97636e14,0.2420,-3.95634e6,1.98085e6,-4.96809e-9
1498189020,30757729.815892443,26672157.228363425,4085.573,4.00959e14,0.5917,-3.98248e6,1.98565e6,-4.98013e-9
1498189050,30744371.489586215,26653582.311257843,4090.789,4.04896e14,1.5794,-4.01173e6,1.99044e6,-4.99213e-9
1498189080,30730969.805130992,26635018.33629442,4095.951,4.02184e14,0.8990,-4.00778e6,1.99521e6,-5.00409e-9
1498189110,30717524.871360287,26616465.67879365,4101.059,3.98712e14,0.0279,-3.99991e6,1.99997e6,-5.01602e-9
1498189140,30704036.797795586,26597924.7153865,4106.112,3.95154e14,0.8646,-3.99151e6,2.00471e6,-5.02791e-9
1498189170,30690505.694649726,26579395.824010365,4111.110,3.98584e14,0.0041,-4.01820e6,2.00943e6,-5.03976e-9
1498189200,30676931.672830265,26560879.38390484,4116.052,4.05339e14,1.6906,-4.06174e6,2.01415e6,-5.05157e-9
1498189230,30663314.843925096,26542375.77560196,4120.939,4.00368e14,0.4435,-4.04604e6,2.01884e6,-5.06334e-9
1498189260,30649655.320260473,26523885.380938403,4125.770,3.96427e14,0.5453,-4.03541e6,2.02352e6,-5.07507e-9
1498189290,30635953.214849498,26505408.58303383,4130.545,3.96441e14,0.5417,-4.04478e6,2.02818e6,-5.08676e-9
1498189320,30622208.64141316,26486945.766291488,4135.263,3.99593e14,0.2490,-4.07011e6,2.03283e6,-5.09841e-9
1498189350,30608421.71438355,26468497.316393245,4139.924,4.03296e14,1.1780,-4.09830e6,2.03745e6,-5.11002e-9
1498189380,30594592.548907164,26450063.62029433,4144.529,3.98407e14,0.0484,-4.08254e6,2.04207e6,-5.12158e-9
1498189410,30580721.26084818,26431645.066218037,4149.076,3.95615e14,0.7489,-4.07739e6,2.04666e6,-5.13310e-9
1498189440,30566807.966791753,26413242.043650184,4153.566,4.00907e14,0.5787,-4.11373e6,2.05124e6,-5.14457e-9
1498189470,30552852.784047324,26394854.94333347,4157.998,4.01695e14,0.7764,-4.12694e6,2.05580e6,-5.15600e-9
1498189500,30538855.830651984,26376484.157261614,4162.372,3.97868e14,0.1837,-4.11628e6,2.06034e6,-5.16739e-9
1498189530,30524817.22539256,26358130.078678057,4166.687,3.92817e14,1.4509,-4.09915e6,2.06486e6,-5.17873e-9
1498189560,30510737.087751273,26339793.102055285,4170.944,3.95869e14,0.6852,-4.12393e6,2.06936e6,-5.19002e-9
1498189590,30496615.537967123,26321473.62310333,4175.142,4.02373e14,0.9464,-4.16670e6,2.07385e6,-5.20127e-9
1498189620,30482452.69702063,26303172.03875853,4179.281,3.96442e14,0.5414,-4.14476e6,2.07832e6,-5.21247e-9
1498189650,30468248.686637558,26284888.747176792,4183.360,3.92571e14,1.5127,-4.13340e6,2.08276e6,-5.22362e-9
1498189680,30454003.629292417,26266624.14772694,4187.379,4.00774e14,0.5452,-4.18513e6,2.08719e6,-5.23472e-9
1498189710,30439717.64821226,26248378.640983697,4191.339,4.02000e14,0.8529,-4.20040e6,2.09160e6,-5.24578e-9
1498189740,30425390.867380273,26230152.628720578,4195.238,3.95910e14,0.6750,-4.17720e6,2.09599e6,-5.25678e-9
1498189770,30411023.41153949,26211946.51390258,4199.077,3.95743e14,0.7170,-4.18502e6,2.10035e6,-5.26773e-9
1498189800,30396615.40619648,26193760.7006787,4202.855,3.94455e14,1.0400,-4.18688e6,2.10470e6,-5.27863e-9
1498189830,30382166.977615774,26175595.59437089,4206.571,3.94388e14,1.0569,-4.19513e6,2.10903e6,-5.28948e-9
1498189860,30367678.252852246,26157451.60147696,4210.227,4.01259e14,0.6669,-4.24011e6,2.11333e6,-5.30028e-9
1498189890,30353149.359726127,26139329.129651465,4213.820,4.02329e14,0.9353,-4.25439e6,2.11762e6,-5.31102e-9
1498189920,30338580.426835965,26121228.58770112,4217.352,3.98769e14,0.0424,-4.24401e6,2.12188e6,-5.32171e-9
1498189950,30323971.583562236,26103150.38557647,4220.821,3.96542e14,0.5165,-4.24062e6,2.12612e6,-5.33234e-9
1498189980,30309322.96007103,26085094.934363253,4224.228,4.00878e14,0.5714,-4.27220e6,2.13034e6,-5.34292e-9
1498190010,30294634.68731775,26067062.6462737,4227.572,4.01003e14,0.6027,-4.28128e6,2.13453e6,-5.35344e-9
1498190040,30279906.897050723,26049053.934637617,4230.853,4.00348e14,0.4385,-4.28614e6,2.13871e6,-5.36391e-9
1498190070,30265139.721814867,26031069.213893227,4234.071,4.00705e14,0.5280,-4.29638e6,2.14286e6,-5.37432e-9
1498190100,30250333.294955373,26013108.899577897,4237.224,4.00343e14,0.4371,-4.30270e6,2.14699e6,-5.38467e-9
1498190130,30235487.750612862,25995173.408324834,4240.314,3.97153e14,0.3632,-4.29372e6,2.15109e6,-5.39496e-9
1498190160,30220603.22375336,25977263.157834087,4243.340,4.02477e14,0.9725,-4.33064e6,2.15517e6,-5.40519e-9
1498190190,30205679.850145504,25959378.5668825,4246.301,4.06794e14,2.0555,-4.36216e6,2.15923e6,-5.41537e-9
1498190220,30190717.76637275,25941520.055307172,4249.198,3.98381e14,0.0552,-4.32467e6,2.16326e6,-5.42548e-9
1498190250,30175717.109837085,25923688.043995213,4252.029,3.97607e14,0.2492,-4.32847e6,2.16727e6,-5.43553e-9
1498190280,30160678.01876259,25905882.95487338,4254.795,3.92050e14,1.6433,-4.30617e6,2.17125e6,-5.44552e-9
1498190310,30145600.63219923,25888105.210897442,4257.495,3.92437e14,1.5464,-4.31612e6,2.17521e6,-5.45544e-9
1498190340,30130485.0900265,25870355.236041263,4260.130,3.98593e14,0.0018,-4.35757e6,2.17914e6,-5.46530e-9
1498190370,30115331.53295719,25852633.45528582,4262.698,4.17633e14,4.7748,-4.46963e6,2.18305e6,-5.47510e-9
1498190400,30100140.10254112,25834940.294607922,4265.200,4.17098e14,4.6405,-4.47464e6,2.18693e6,-5.48483e-9
1498190430,30084910.941193152,25817276.180960055,4267.635,4.01808e14,0.8046,-4.39851e6,2.19078e6,-5.49450e-9
1498190460,30069644.192122333,25799641.542285673,4270.003,3.98396e14,0.0514,-4.38742e6,2.19461e6,-5.50410e-9
1498190490,30054339.99941072,25782036.807479728,4272.303,3.92127e14,1.6242,-4.36045e6,2.19841e6,-5.51363e-9
1498190520,30038998.507993147,25764462.40638554,4274.536,3.97360e14,0.3113,-4.39684e6,2.20218e6,-5.52309e-9
1498190550,30023619.863661245,25746918.76978238,4276.701,3.95205e14,0.8519,-4.39240e6,2.20593e6,-5.53249e-9
1498190580,30008204.21306753,25729406.329372782,4278.798,3.89963e14,2.1671,-4.37075e6,2.20965e6,-5.54181e-9
1498190610,29992751.703729574,25711925.517769825,4280.826,3.95137e14,0.8688,-4.40677e6,2.21334e6,-5.55107e-9
1498190640,29977262.48403393,25694476.768483978,4282.786,4.02631e14,1.0111,-4.45573e6,2.21700e6,-5.56025e-9
1498190670,29961736.703240406,25677060.515909936,4284.676,4.00587e14,0.4983,-4.45164e6,2.22063e6,-5.56937e-9
1498190700,29946174.511485994,25659677.1953131,4286.497,3.97765e14,0.2096,-4.44313e6,2.22423e6,-5.57840e-9
1498190730,29930576.059761178,25642327.24282028,4288.249,3.99778e14,0.2954,-4.46152e6,2.22781e6,-5.58737e-9
1498190760,29914941.5000001,25625011.095392108,4289.930,3.95669e14,0.7355,-4.44562e6,2.23135e6,-5.59626e-9
1498190790,29899270.984998144,25607729.19082314,4291.542,3.99998e14,0.3507,-4.47689e6,2.23487e6,-5.60508e-9
1498190820,29883564.668443847,25590481.967722874,4293.083,3.98770e14,0.0425,-4.47697e6,2.23835e6,-5.61382e-9
1498190850,29867822.704922706,25573269.865501255,4294.553,3.96682e14,0.4813,-4.47214e6,2.24181e6,-5.62248e-9
1498190880,29852045.24992103,25556093.324353967,4295.952,3.98170e14,0.1079,-4.48735e6,2.24523e6,-5.63107e-9
1498190910,29836232.459829863,25538952.785247482,4297.280,3.93388e14,1.3076,-4.46717e6,2.24862e6,-5.63958e-9
1498190940,29820384.491948783,25521848.68990394,4298.536,3.95774e14,0.7092,-4.48731e6,2.25198e6,-5.64801e-9
1498190970,29804501.504489746,25504781.480785772,4299.720,3.99842e14,0.3114,-4.51696e6,2.25531e6,-5.65636e-9
1498191000,29788583.65658102,25487751.601079997,4300.832,4.00909e14,0.5792,-4.52961e6,2.25861e6,-5.66462e-9
1498191030,29772631.108290315,25470759.494689733,4301.872,4.01366e14,0.6939,-4.53874e6,2.26187e6,-5.67281e-9
1498191060,29756644.020569216,25453805.606196184,4302.838,4.00916e14,0.5808,-4.54267e6,2.26510e6,-5.68092e-9
1498191090,29740622.55531676,25436890.380863927,4303.732,4.01143e14,0.6378,-4.55037e6,2.26830e6,-5.68894e-9
1498191120,29724566.87536426,25420014.264617544,4304.553,4.04690e14,1.5278,-4.57693e6,2.27146e6,-5.69688e-9
1498191150,29708477.14447932,25403177.70402498,4305.299,4.00353e14,0.4398,-4.55850e6,2.27459e6,-5.70473e-9
1498191180,29692353.527370006,25386381.14628057,4305.972,3.93928e14,1.1722,-4.52800e6,2.27769e6,-5.71249e-9
1498191210,29676196.189688977,25369625.039188042,4306.571,3.97581e14,0.2558,-4.55498e6,2.28075e6,-5.72018e-9
1498191240,29660005.298037652,25352909.831143,4307.095,4.05631e14,1.7637,-4.60713e6,2.28377e6,-5.72777e-9
1498191270,29643781.019970328,25336235.971115377,4307.545,4.04022e14,1.3601,-4.60394e6,2.28676e6,-5.73527e-9
1498191300,29627523.523998413,25319603.90863162,4307.920,3.96473e14,0.5338,-4.56654e6,2.28972e6,-5.74269e-9
1498191330,29611232.979586627,25303014.093737483,4308.219,4.02237e14,0.9123,-4.60551e6,2.29264e6,-5.75002e-9
1498191360,29594909.557181675,25286466.9770384,4308.443,4.02619e14,1.0082,-4.61350e6,2.29552e6,-5.75725e-9
1498191390,29578553.428191964,25269963.009622388,4308.590,3.96821e14,0.4465,-4.58580e6,2.29837e6,-5.76439e-9
1498191420,29562164.764999673,25253502.64305998,4308.662,3.97873e14,0.1825,-4.59748e6,2.30118e6,-5.77145e-9
1498191450,29545743.740964893,25237086.3293851,4308.657,3.95690e14,0.7301,-4.59041e6,2.30395e6,-5.77840e-9
1498191480,29529290.53042973,25220714.5210756,4308.576,3.99098e14,0.1247,-4.61557e6,2.30669e6,-5.78527e-9
1498191510,29512805.30872252,25204387.671033595,4308.418,4.01315e14,0.6810,-4.63381e6,2.30938e6,-5.79203e-9
1498191540,29496288.252161946,25188106.23256569,4308.182,3.95083e14,0.8825,-4.60301e6,2.31204e6,-5.79871e-9
1498191570,29479739.538061142,25171870.659362737,4307.869,3.95824e14,0.6965,-4.61253e6,2.31466e6,-5.80528e-9
1498191600,29463159.344731886,25155681.40547959,4307.478,4.04038e14,1.3641,-4.66541e6,2.31724e6,-5.81176e-9
1498191630,29446547.851493645,25139538.92534393,4307.009,4.06204e14,1.9075,-4.68313e6,2.31978e6,-5.81814e-9
1498191660,29429905.238662716,25123443.67364489,4306.462,4.04731e14,1.5381,-4.67961e6,2.32229e6,-5.82442e-9
1498191690,29413231.68757125,25107396.105402697,4305.836,3.99208e14,0.1525,-4.65237e6,2.32475e6,-5.83060e-9
1498191720,29396527.380566668,25091396.675918393,4305.131,4.01409e14,0.7046,-4.67006e6,2.32717e6,-5.83667e-9
1498191750,29379792.501015816,25075445.840752542,4304.347,3.99072e14,0.1184,-4.66119e6,2.32955e6,-5.84265e-9
1498191780,29363027.23330918,25059544.05570374,4303.483,3.94545e14,1.0173,-4.63939e6,2.33189e6,-5.84852e-9
1498191810,29346231.762865018,25043691.776786946,4302.540,4.00956e14,0.5908,-4.68149e6,2.33418e6,-5.85429e-9
1498191840,29329406.2761336,25027889.460211482,4301.517,4.00919e14,0.5818,-4.68581e6,2.33644e6,-5.85995e-9
1498191870,29312550.960601304,25012137.56235891,4300.413,3.98531e14,0.0174,-4.67624e6,2.33865e6,-5.86551e-9
1498191900,29295666.00479485,24996436.539760515,4299.229,3.97653e14,0.2377,-4.67543e6,2.34082e6,-5.87096e-9
1498191930,29278751.598274384,24980786.849035457,4297.965,4.02443e14,0.9640,-4.70783e6,2.34295e6,-5.87630e-9
1498191960,29261807.931671567,24965188.946988896,4296.619,3.99981e14,0.3465,-4.69754e6,2.34504e6,-5.88154e-9
1498191990,29244835.196659893,24949643.290467434,4295.192,3.98601e14,0.0000,-4.69350e6,2.34708e6,-5.88666e-9
1498192020,29227833.58596966,24934150.336374685,4293.683,4.06092e14,1.8796,-4.74164e6,2.34907e6,-5.89168e-9
1498192050,29210803.29339203,24918710.541647393,4292.093,4.00987e14,0.5988,-4.71548e6,2.35102e6,-5.89658e-9
1498192080,29193744.513783075,24903324.36323132,4290.420,3.97449e14,0.2888,-4.69843e6,2.35293e6,-5.90137e-9
1498192110,29176657.443067893,24887992.25805685,4288.665,3.99699e14,0.2757,-4.71544e6,2.35479e6,-5.90604e-9
1498192140,29159542.27824463,24872714.68301442,4286.828,3.98639e14,0.0096,-4.71281e6,2.35661e6,-5.91061e-9
1498192170,29142399.217388507,24857492.094929736,4284.907,4.11437e14,3.2205,-4.79205e6,2.35838e6,-5.91506e-9
1498192200,29125228.459655963,24842324.95053882,4282.904,4.10170e14,2.9025,-4.78806e6,2.36010e6,-5.91939e-9
1498192230,29108030.205306124,24827213.70651236,4280.816,3.99717e14,0.2802,-4.72955e6,2.36178e6,-5.92360e-9
1498192260,29090804.655651197,24812158.819277212,4278.646,3.98620e14,0.0048,-4.72631e6,2.36341e6,-5.92770e-9
1498192290,29073552.013114266,24797160.7451446,4276.391,3.93465e14,1.2883,-4.69890e6,2.36499e6,-5.93168e-9
1498192320,29056272.481216095,24782219.940234847,4274.053,3.92489e14,1.5332,-4.69616e6,2.36653e6,-5.93553e-9
1498192350,29038966.264579438,24767336.86045175,4271.629,3.93216e14,1.3507,-4.70343e6,2.36801e6,-5.93927e-9
1498192380,29021633.568933155,24752511.961456746,4269.122,3.97318e14,0.3218,-4.73067e6,2.36945e6,-5.94289e-9
1498192410,29004274.601116505,24737745.698642824,4266.529,4.02440e14,0.9632,-4.76390e6,2.37084e6,-5.94638e-9
1498192440,28986889.56908334,24723038.52710827,4263.851,3.98872e14,0.0682,-4.74537e6,2.37218e6,-5.94975e-9
1498192470,28969478.681906253,24708390.901630163,4261.088,3.97302e14,0.3258,-4.73860e6,2.37347e6,-5.95299e-9
1498192500,28952042.149780802,24693803.2766376,4258.239,3.99299e14,0.1753,-4.75298e6,2.37471e6,-5.95611e-9
1498192530,28934580.184012078,24679276.106131617,4255.304,3.93394e14,1.3061,-4.72018e6,2.37590e6,-5.95910e-9
1498192560,28917092.997073144,24664809.843822196,4252.283,3.93827e14,1.1977,-4.72502e6,2.37704e6,-5.96197e-9
1498192590,28899580.80255486,24650404.942935802,4249.176,3.93852e14,1.1914,-4.72733e6,2.37812e6,-5.96471e-9
1498192620,28882043.81518741,24636061.856240872,4245.982,3.94328e14,1.0719,-4.73224e6,2.37916e6,-5.96731e-9
1498192650,28864482.25084434,24621781.036019556,4242.701,4.00972e14,0.5949,-4.77386e6,2.38014e6,-5.96979e-9
1498192680,28846896.32654641,24607562.934039176,4239.333,3.99240e14,0.1605,-4.76539e6,2.38107e6,-5.97214e-9
1498192710,28829286.26046563,24593408.001523726,4235.878,3.97480e14,0.2811,-4.75664e6,2.38195e6,-5.97435e-9
1498192740,28811652.271929167,24579316.689124856,4232.336,3.98130e14,0.1181,-4.76217e6,2.38278e6,-5.97643e-9
1498192770,28793994.58142318,24565289.446892936,4228.705,3.98701e14,0.0253,-4.76714e6,2.38355e6,-5.97838e-9
1498192800,28776313.410596773,24551326.724247817,4224.987,3.99779e14,0.2956,-4.77502e6,2.38427e6,-5.98019e-9
1498192830,28758608.982280664,24537428.96999538,4221.180,3.95920e14,0.6725,-4.75327e6,2.38493e6,-5.98187e-9
1498192860,28740881.520445604,24523596.63215616,4217.285,3.96982e14,0.4060,-4.76085e6,2.38554e6,-5.98341e-9
1498192890,28723131.25025158,24509830.15807821,4213.301,3.99350e14,0.1881,-4.77613e6,2.38610e6,-5.98481e-9
1498192920,28705358.39803715,24496129.99436143,4209.228,4.01240e14,0.6621,-4.78844e6,2.38659e6,-5.98607e-9
1498192950,28687563.191323377,24482496.586827837,4205.067,4.03684e14,1.2753,-4.80397e6,2.38704e6,-5.98720e-9
1498192980,28669745.858817812,24468930.380491763,4200.815,4.01642e14,0.7631,-4.79253e6,2.38742e6,-5.98818e-9
1498193010,28651906.63041835,24455431.819529917,4196.475,4.00461e14,0.4669,-4.78613e6,2.38775e6,-5.98902e-9
1498193040,28634045.737217236,24442001.34725124,4192.044,4.00039e14,0.3609,-4.78415e6,2.38803e6,-5.98972e-9
1498193070,28616163.411504827,24428639.406066544,4187.524,3.98817e14,0.0542,-4.77726e6,2.38824e6,-5.99027e-9
1498193100,28598259.88677358,24415346.43745813,4182.913,3.96866e14,0.4350,-4.76590e6,2.38840e6,-5.99068e-9
1498193130,28580335.397706952,24402122.88191975,4178.213,3.98922e14,0.0808,-4.77842e6,2.38850e6,-5.99095e-9
1498193160,28562390.18022899,24388969.179016534,4173.421,3.96915e14,0.4228,-4.76649e6,2.38854e6,-5.99107e-9
1498193190,28544424.471462525,24375885.767262895,4168.539,3.95588e14,0.7557,-4.75851e6,2.38853e6,-5.99104e-9
1498193220,28526438.50974757,24362873.084120687,4163.565,3.98011e14,0.1478,-4.77288e6,2.38845e6,-5.99086e-9
1498193250,28508432.534644883,24349931.565967772,4158.501,3.96174e14,0.6088,-4.76161e6,2.38832e6,-5.99054e-9
1498193280,28490406.78693965,24337061.64806636,4153.345,3.97495e14,0.2774,-4.76914e6,2.38812e6,-5.99006e-9
1498193310,28472361.50864504,24324263.764531218,4148.098,4.00324e14,0.4324,-4.78558e6,2.38786e6,-5.98943e-9
1498193340,28454296.943005748,24311538.34829776,4142.759,4.01660e14,0.7677,-4.79295e6,2.38755e6,-5.98866e-9
1498193370,28436213.3345016,24298885.831089966,4137.328,4.02502e14,0.9788,-4.79724e6,2.38717e6,-5.98772e-9
1498193400,28418110.928850945,24286306.643388208,4131.804,4.01855e14,0.8166,-4.79250e6,2.38673e6,-5.98664e-9
1498193430,28399989.973033097,24273801.214409687,4126.189,3.97700e14,0.2259,-4.76662e6,2.38623e6,-5.98540e-9
1498193460,28381850.715233814,24261369.972036768,4120.481,3.99223e14,0.1561,-4.77462e6,2.38567e6,-5.98400e-9
1498193490,28363693.4049066,24249013.3428238,4114.680,4.01236e14,0.6613,-4.78542e6,2.38504e6,-5.98245e-9
1498193520,28345518.29275756,24236731.751951884,4108.787,4.01125e14,0.6335,-4.78338e6,2.38436e6,-5.98074e-9
1498193550,28327325.630748987,24224525.623196233,4102.800,4.02094e14,0.8765,-4.78768e6,2.38361e6,-5.97888e-9
1498193580,28309115.67210284,24212395.378893424,4096.720,3.97347e14,0.3145,-4.75767e6,2.38279e6,-5.97685e-9
1498193610,28290888.671304256,24200341.43990872,4090.547,3.98268e14,0.0835,-4.76143e6,2.38191e6,-5.97466e-9
1498193640,28272644.88410498,24188364.22560306,4084.281,3.99705e14,0.2772,-4.76814e6,2.38097e6,-5.97231e-9
1498193670,28254384.56752678,24176464.153800193,4077.920,3.96011e14,0.6497,-4.74407e6,2.37996e6,-5.96980e-9
1498193700,28236107.979864858,24164641.64075362,4071.466,3.94562e14,1.0131,-4.73330e6,2.37889e6,-5.96713e-9
1498193730,28217815.38066811,24152897.10111294,4064.918,3.92637e14,1.4960,-4.71956e6,2.37775e6,-5.96430e-9
1498193760,28199507.030813392,24141230.947892234,4058.276,3.96588e14,0.5049,-4.74073e6,2.37655e6,-5.96130e-9
1498193790,28181183.19243785,24129643.59243549,4051.540,3.97334e14,0.3176,-4.74265e6,2.37528e6,-5.95813e-9
1498193820,28162844.128964778,24118135.444383647,4044.709,3.95438e14,0.7934,-4.72870e6,2.37395e6,-5.95480e-9
1498193850,28144490.105106708,24106706.91164127,4037.783,4.00901e14,0.5773,-4.75843e6,2.37254e6,-5.95130e-9
1498193880,28126121.38686834,24095358.400343068,4030.763,4.03392e14,1.2022,-4.77030e6,2.37108e6,-5.94763e-9
1498193910,28107738.241549503,24084090.31482052,4023.648,3.99866e14,0.3174,-4.74626e6,2.36954e6,-5.94380e-9
1498193940,28089340.937747955,24072903.057568256,4016.438,3.95860e14,0.6874,-4.71926e6,2.36793e6,-5.93979e-9
1498193970,28070929.74536226,24061797.029210526,4009.133,4.05734e14,1.7898,-4.77454e6,2.36626e6,-5.93561e-9
1498194000,28052504.935594615,24050772.628467582,4001.732,4.07885e14,2.3292,-4.78379e6,2.36452e6,-5.93127e-9
1498194030,28034066.780978184,24039830.252118006,3994.237,3.97205e14,0.3501,-4.71684e6,2.36271e6,-5.92675e-9
1498194060,28015615.555303916,24028970.29497772,3986.645,3.98665e14,0.0161,-4.72175e6,2.36083e6,-5.92205e-9
1498194090,27997151.533699457,24018193.149853304,3978.958,3.98764e14,0.0411,-4.71845e6,2.35889e6,-5.91719e-9
1498194120,27978674.99260721,24007499.207512528,3971.176,3.93967e14,1.1624,-4.68606e6,2.35687e6,-5.91214e-9
1498194150,27960186.209787242,23996888.856650617,3963.297,3.98171e14,0.1076,-4.70675e6,2.35478e6,-5.90693e-9
1498194180,27941685.46431994,23986362.48385654,3955.323,3.96076e14,0.6334,-4.69008e6,2.35262e6,-5.90153e-9
1498194210,27923173.036608793,23975920.473579254,3947.253,3.97721e14,0.2206,-4.69534e6,2.35039e6,-5.89596e-9
1498194240,27904649.208382964,23965563.208094034,3939.086,4.01617e14,0.7569,-4.71371e6,2.34810e6,-5.89022e-9
1498194270,27886114.262699943,23955291.067468744,3930.823,3.97615e14,0.2472,-4.68541e6,2.34572e6,-5.88429e-9
1498194300,27867568.48394803,23945104.42953021,3922.464,3.99922e14,0.3315,-4.69410e6,2.34328e6,-5.87818e-9
1498194330,27849012.157824703,23935003.669832006,3914.008,4.00473e14,0.4697,-4.69230e6,2.34077e6,-5.87190e-9
1498194360,27830445.571413618,23924989.16161633,3905.456,4.00111e14,0.3790,-4.68501e6,2.33818e6,-5.86543e-9
1498194390,27811869.01311197,23915061.275785234,3896.808,4.02333e14,0.9365,-4.69271e6,2.33552e6,-5.85878e-9
1498194420,27793282.772656906,23905220.380865585,3888.062,3.98930e14,0.0826,-4.66731e6,2.33279e6,-5.85195e-9
1498194450,27774687.1411276,23895466.842975605,3879.220,3.93952e14,1.1662,-4.63261e6,2.32999e6,-5.84494e-9
1498194480,27756082.410947163,23885801.025791552,3870.281,3.90966e14,1.9153,-4.60947e6,2.32711e6,-5.83774e-9
1498194510,27737468.875884708,23876223.290514413,3861.246,3.92340e14,1.5706,-4.61164e6,2.32416e6,-5.83035e-9
1498194540,27718846.831057105,23866733.99583671,3852.113,3.92819e14,1.4503,-4.60844e6,2.32113e6,-5.82279e-9
1498194570,27700216.572930846,23857333.497909352,3842.883,3.91973e14,1.6626,-4.59737e6,2.31803e6,-5.81503e-9
1498194600,27681578.399323847,23848022.15030861,3833.556,3.93405e14,1.3034,-4.59940e6,2.31486e6,-5.80709e-9
1498194630,27662932.60943102,23838800.30400975,3824.132,3.96830e14,0.4442,-4.61281e6,2.31161e6,-5.79896e-9
1498194660,27644279.503752027,23829668.30733385,3814.611,3.96601e14,0.5016,-4.60486e6,2.30828e6,-5.79065e-9
1498194690,27625619.384167254,23820626.50593536,3804.993,3.91763e14,1.7153,-4.57011e6,2.30488e6,-5.78214e-9
1498194720,27606952.553915393,23811675.242762964,3795.277,3.97794e14,0.2022,-4.59805e6,2.30141e6,-5.77345e-9
1498194750,27588279.3175951,23802814.858027045,3785.464,4.00016e14,0.3552,-4.60378e6,2.29786e6,-5.76456e-9
1498194780,27569599.981166594,23794045.68916736,3775.554,3.99375e14,0.1943,-4.59283e6,2.29423e6,-5.75549e-9
1498194810,27550914.851953175,23785368.070820767,3765.547,3.95147e14,0.8664,-4.56113e6,2.29053e6,-5.74622e-9
1498194840,27532224.23864266,23776782.33478912,3755.442,3.92059e14,1.6411,-4.53590e6,2.28675e6,-5.73676e-9
1498194870,27513528.451288745,23768288.81000726,3745.240,3.95900e14,0.6776,-4.55025e6,2.28289e6,-5.72711e-9
1498194900,27494827.801312305,23759887.82251119,3734.940,3.97178e14,0.3568,-4.54973e6,2.27896e6,-5.71726e-9
1498194930,27476122.60147818,23751579.695392564,3724.543,3.97117e14,0.3723,-4.54138e6,2.27495e6,-5.70723e-9
1498194960,27457413.165971555,23743364.74880975,3714.048,3.99398e14,0.2000,-4.54623e6,2.27086e6,-5.69699e-9
1498194990,27438699.810323376,23735243.299913608,3703.457,4.04622e14,1.5107,-4.56760e6,2.26669e6,-5.68657e-9
1498195020,27419982.851435564,23727215.66283008,3692.767,3.97069e14,0.3843,-4.51619e6,2.26245e6,-5.67594e-9
1498195050,27401262.60758173,23719282.148629013,3681.980,3.95986e14,0.6559,-4.50144e6,2.25813e6,-5.66512e-9
1498195080,27382539.398407687,23711443.065293174,3671.096,4.02089e14,0.8752,-4.52718e6,2.25373e6,-5.65411e-9
1498195110,27363813.54493199,23703698.717687566,3660.115,4.03268e14,1.1710,-4.52485e6,2.24925e6,-5.64290e-9
1498195140,27345085.369546287,23696049.40752874,3649.036,3.99675e14,0.2696,-4.49545e6,2.24469e6,-5.63148e-9
1498195170,27326355.196015656,23688495.433354516,3637.860,3.94711e14,0.9758,-4.45828e6,2.24005e6,-5.61988e-9
1498195200,27307623.34947886,23681037.090493824,3626.586,3.95407e14,0.8013,-4.45280e6,2.23534e6,-5.60807e-9
1498195230,27288890.156471353,23673674.671051838,3615.215,3.95193e14,0.8549,-4.44206e6,2.23054e6,-5.59606e-9
1498195260,27270155.94485493,23666408.46383374,3603.747,3.95182e14,0.8576,-4.43230e6,2.22567e6,-5.58386e-9
1498195290,27251421.04388835,23659238.75436209,3592.182,3.97198e14,0.3519,-4.43368e6,2.22071e6,-5.57145e-9
1498195320,27232685.784204587,23652165.824832544,3580.520,4.00101e14,0.3764,-4.43977e6,2.21568e6,-5.55885e-9
1498195350,27213950.497810878,23645189.954085015,3568.761,3.99539e14,0.2355,-4.42642e6,2.21056e6,-5.54604e-9
1498195380,27195215.518088575,23638311.417575087,3556.904,3.99329e14,0.1828,-4.41487e6,2.20537e6,-5.53303e-9
1498195410,27176481.179793086,23631530.4873457,3544.951,4.02106e14,0.8795,-4.41964e6,2.20009e6,-5.51982e-9
1498195440,27157747.819053553,23624847.431999058,3532.900,3.96586e14,0.5054,-4.37850e6,2.19473e6,-5.50641e-9
1498195470,27139015.773372516,23618262.516668838,3520.753,3.93637e14,1.2451,-4.35147e6,2.18930e6,-5.49280e-9
1498195500,27120285.381625477,23611776.00299265,3508.509,4.02840e14,1.0636,-4.39093e6,2.18378e6,-5.47898e-9
1498195530,27101556.984043173,23605388.149072215,3496.169,4.07838e14,2.3176,-4.40700e6,2.17818e6,-5.46496e-9
1498195560,27082830.92226379,23599099.209485203,3483.732,4.04270e14,1.4223,-4.37607e6,2.17250e6,-5.45074e-9
1498195590,27064107.53927924,23592909.435219638,3471.198,3.99787e14,0.2976,-4.34010e6,2.16674e6,-5.43631e-9
1498195620,27045387.179451287,23586819.073659945,3458.568,3.99062e14,0.1159,-4.32448e6,2.16090e6,-5.42168e-9
1498195650,27026670.188510355,23580828.36856081,3445.842,4.04146e14,1.3914,-4.34013e6,2.15497e6,-5.40684e-9
1498195680,27007956.913554274,23574937.56002129,3433.019,4.08019e14,2.3630,-4.34893e6,2.14897e6,-5.39180e-9
1498195710,26989247.70304699,23569146.884459224,3420.101,3.98985e14,0.0964,-4.28805e6,2.14288e6,-5.37656e-9
1498195740,26970542.906816933,23563456.574586015,3407.086,3.99594e14,0.2493,-4.27898e6,2.13671e6,-5.36111e-9
1498195770,26951842.876055516,23557866.859381665,3393.976,3.64175e14,8.6365,-4.07714e6,2.13046e6,-5.34545e-9
1498195800,26933147.96331534,23552377.964070182,3380.770,3.61717e14,9.2533,-4.05193e6,2.12413e6,-5.32959e-9
1498195830,26914458.52251648,23546990.11010442,3367.468,4.00490e14,0.4742,-4.24573e6,2.11771e6,-5.31352e-9
1498195860,26895774.908919625,23541703.51511438,3354.071,4.07624e14,2.2637,-4.27050e6,2.11122e6,-5.29725e-9
1498195890,26877097.479148794,23536518.392911356,3340.579,4.08762e14,2.5494,-4.26322e6,2.10464e6,-5.28077e-9
1498195920,26858426.591181226,23531434.953455903,3326.992,4.04870e14,1.5728,-4.22924e6,2.09798e6,-5.26408e-9
1498195950,26839762.604345106,23526453.40283508,3313.309,4.02496e14,0.9774,-4.20321e6,2.09123e6,-5.24719e-9
1498195980,26821105.879317187,23521573.9432401,3299.532,4.06494e14,1.9804,-4.21041e6,2.08441e6,-5.23009e-9
1498196010,26802456.778120372,23516796.77294433,3285.660,4.07531e14,2.2404,-4.20187e6,2.07750e6,-5.21279e-9
1498196040,26783815.664121054,23512122.086281676,3271.694,3.96269e14,0.5849,-4.12923e6,2.07051e6,-5.19527e-9
1498196070,26765182.9020264,23507550.073625352,3257.633,3.98022e14,0.1452,-4.12421e6,2.06343e6,-5.17755e-9
1498196100,26746558.857881557,23503080.92136707,3243.478,4.05932e14,1.8394,-4.15073e6,2.05628e6,-5.15963e-9
1498196130,26727943.89906751,23498714.811890904,3229.229,4.02428e14,0.9604,-4.11812e6,2.04904e6,-5.14149e-9
1498196160,26709338.394295167,23494451.923570566,3214.886,3.95111e14,0.8755,-4.06593e6,2.04172e6,-5.12315e-9
1498196190,26690742.71360514,23490292.430732675,3200.450,3.96444e14,0.5411,-4.05800e6,2.03431e6,-5.10460e-9
1498196220,26672157.228363425,23486236.503642917,3185.921,3.95065e14,0.8870,-4.03607e6,2.02683e6,-5.08585e-9
1498196250,26653582.311257843,23482284.308487184,3171.298,3.97244e14,0.3404,-4.03205e6,2.01926e6,-5.06689e-9
1498196280,26635018.33629442,23478436.00735308,3156.582,4.01810e14,0.8052,-4.03983e6,2.01161e6,-5.04772e-9
1498196310,26616465.67879365,23474691.758211907,3141.774,3.96777e14,0.4574,-3.99900e6,2.00387e6,-5.02834e-9
1498196340,26597924.7153865,23471051.714900974,3126.873,4.00005e14,0.3522,-3.99958e6,1.99606e6,-5.00876e-9
1498196370,26579395.824010365,23467516.027106427,3111.880,3.98033e14,0.1424,-3.97393e6,1.98816e6,-4.98897e-9
1498196400,26560879.38390484,23464084.84034643,3096.795,3.94927e14,0.9216,-3.94256e6,1.98018e6,-4.96897e-9
1498196430,26542375.77560196,23460758.29595443,3081.617,4.04136e14,1.3888,-3.97209e6,1.97211e6,-4.94877e-9
1498196460,26523885.380938403,23457536.531064656,3066.349,3.97756e14,0.2118,-3.92425e6,1.96397e6,-4.92836e-9
1498196490,26505408.58303383,23454419.678595,3050.989,3.98987e14,0.0970,-3.91386e6,1.95574e6,-4.90774e-9
1498196520,26486945.766291488,23451407.867232513,3035.538,4.03318e14,1.1835,-3.91841e6,1.94743e6,-4.88692e-9
1498196550,26468497.316393245,23448501.221418984,3019.996,4.02967e14,1.0955,-3.89983e6,1.93904e6,-4.86589e-9
1498196580,26450063.62029433,23445699.86133671,3004.364,4.02462e14,0.9687,-3.88035e6,1.93056e6,-4.84465e-9
1498196610,26431645.066218037,23443003.902894996,2988.641,4.00440e14,0.4614,-3.85341e6,1.92201e6,-4.82321e-9
1498196640,26413242.043650184,23440413.4577169,2972.829,3.97657e14,0.2367,-3.82274e6,1.91337e6,-4.80157e-9
1498196670,26394854.94333347,23437928.63312664,2956.926,3.96284e14,0.5811,-3.79877e6,1.90465e6,-4.77971e-9
1498196700,26376484.157261614,23435549.532137346,2940.935,3.96309e14,0.5749,-3.78135e6,1.89585e6,-4.75766e-9
1498196730,26358130.078678057,23433276.253443353,2924.854,3.99270e14,0.1679,-3.77766e6,1.88696e6,-4.73540e-9
1498196760,26339793.102055285,23431108.891396534,2908.684,4.02563e14,0.9942,-3.77525e6,1.87800e6,-4.71293e-9
1498196790,26321473.62310333,23429047.536008272,2892.426,3.98163e14,0.1097,-3.73645e6,1.86895e6,-4.69027e-9
1498196820,26303172.03875853,23427092.27293504,2876.080,3.98348e14,0.0633,-3.71907e6,1.85983e6,-4.66739e-9
1498196850,26284888.747176792,23425243.18346869,2859.646,3.99473e14,0.2190,-3.70590e6,1.85062e6,-4.64432e-9
1498196880,26266624.14772694,23423500.344527196,2843.124,4.01793e14,0.8009,-3.69803e6,1.84133e6,-4.62104e-9
1498196910,26248378.640983697,23421863.828645945,2826.515,3.98301e14,0.0751,-3.66318e6,1.83196e6,-4.59756e-9
1498196940,26230152.628720578,23420333.70396944,2809.819,4.01605e14,0.7537,-3.65940e6,1.82251e6,-4.57388e-9
1498196970,26211946.51390258,23418910.03424354,2793.036,4.10717e14,3.0398,-3.68174e6,1.81298e6,-4.54999e-9
1498197000,26193760.7006787,23417592.878808193,2776.168,4.02372e14,0.9463,-3.62447e6,1.80337e6,-4.52591e-9
1498197030,26175595.59437089,23416382.292585183,2759.213,3.94504e14,1.0278,-3.56959e6,1.79368e6,-4.50162e-9
1498197060,26157451.60147696,23415278.326088846,2742.173,3.94887e14,0.9317,-3.55188e6,1.78391e6,-4.47713e-9
1498197090,26139329.129651465,23414281.025403146,2725.048,3.97363e14,0.3105,-3.54330e6,1.77407e6,-4.45245e-9
1498197120,26121228.58770112,23413390.43218191,2707.838,3.99258e14,0.1649,-3.53187e6,1.76414e6,-4.42756e-9
1498197150,26103150.38557647,23412606.583644062,2690.544,4.04257e14,1.4190,-3.53386e6,1.75413e6,-4.40248e-9
1498197180,26085094.934363253,23411929.512569245,2673.165,4.01713e14,0.7808,-3.50242e6,1.74404e6,-4.37720e-9
1498197210,26067062.6462737,23411359.24729413,2655.703,3.99566e14,0.2423,-3.47268e6,1.73388e6,-4.35172e-9
1498197240,26049053.934637617,23410895.811709,2638.158,4.00036e14,0.3601,-3.45421e6,1.72363e6,-4.32604e-9
1498197270,26031069.213893227,23410539.22525505,2620.530,4.01247e14,0.6638,-3.43874e6,1.71331e6,-4.30017e-9
1498197300,26013108.899577897,23410289.502922095,2602.819,4.04256e14,1.4188,-3.43074e6,1.70291e6,-4.27410e-9
1498197330,25995173.408324834,23410146.65525461,2585.027,3.97450e14,0.2887,-3.38074e6,1.69244e6,-4.24784e-9
1498197360,25977263.157834087,23410110.688326426,2567.152,3.88692e14,2.4858,-3.32270e6,1.68188e6,-4.22138e-9
1498197390,25959378.5668825,23410181.60376412,2549.197,3.94239e14,1.0942,-3.32498e6,1.67125e6,-4.19473e-9
1498197420,25941520.055307172,23410359.398739062,2531.161,4.05779e14,1.8010,-3.35179e6,1.66054e6,-4.16789e-9
1498197450,25923688.043995213,23410644.065967727,2513.044,3.96880e14,0.4316,-3.29318e6,1.64976e6,-4.14085e-9
1498197480,25905882.95487338,23411035.593712565,2494.847,4.03904e14,1.3305,-3.30041e6,1.63890e6,-4.11363e-9
1498197510,25888105.210897442,23411533.96578339,2476.571,4.08602e14,2.5091,-3.29759e6,1.62796e6,-4.08621e-9
1498197540,25870355.236041263,23412139.161539216,2458.216,4.02373e14,0.9464,-3.25002e6,1.61695e6,-4.05860e-9
1498197570,25852633.45528582,23412851.155890644,2439.782,3.57265e14,10.3701,-3.04593e6,1.60586e6,-4.03081e-9
1498197600,25834940.294607922,23413669.919302728,2421.270,3.51224e14,11.8857,-3.00058e6,1.59470e6,-4.00282e-9
1498197630,25817276.180960055,23414595.4177802,2402.681,3.93394e14,1.3061,-3.14707e6,1.58346e6,-3.97465e-9
1498197660,25799641.542285673,23415627.61292732,2384.014,3.96290e14,0.5796,-3.13603e6,1.57215e6,-3.94629e-9
1498197690,25782036.807479728,23416766.46189624,2365.270,4.05759e14,1.7958,-3.15043e6,1.56076e6,-3.91775e-9
1498197720,25764462.40638554,23418011.917409845,2346.450,4.04763e14,1.5460,-3.12344e6,1.54931e6,-3.88902e-9
1498197750,25746918.76978238,23419363.92776701,2327.555,4.00582e14,0.4971,-3.08406e6,1.53777e6,-3.86011e-9
1498197780,25729406.329372782,23420822.43684836,2308.584,4.05092e14,1.6286,-3.07808e6,1.52617e6,-3.83101e-9
1498197810,25711925.517769825,23422387.384122603,2289.538,4.00062e14,0.3667,-3.03542e6,1.51449e6,-3.80174e-9
1498197840,25694476.768483978,23424058.704653222,2270.418,3.92766e14,1.4638,-2.98437e6,1.50274e6,-3.77228e-9
1498197870,25677060.515909936,23425836.329105806,2251.224,4.00158e14,0.3909,-2.98857e6,1.49092e6,-3.74264e-9
1498197900,25659677.1953131,23427720.18375586,2231.957,4.02433e14,0.9614,-2.97319e6,1.47903e6,-3.71283e-9
1498197930,25642327.24282028,23429710.190526027,2212.617,4.02519e14,0.9830,-2.94948e6,1.46707e6,-3.68283e-9
1498197960,25625011.095392108,23431806.266905826,2193.205,3.98986e14,0.0967,-2.91240e6,1.45504e6,-3.65266e-9
1498197990,25607729.19082314,23434008.326050136,2173.721,3.92540e14,1.5204,-2.86484e6,1.44293e6,-3.62231e-9
1498198020,25590481.967722874,23436316.27676044,2154.166,4.00919e14,0.5817,-2.87078e6,1.43076e6,-3.59179e-9
1498198050,25573269.865501255,23438730.023495354,2134.540,3.96377e14,0.5578,-2.83006e6,1.41852e6,-3.56110e-9
1498198080,25556093.324353967,23441249.466381676,2114.844,3.88022e14,2.6539,-2.77602e6,1.40621e6,-3.53023e-9
1498198110,25538952.785247482,23443874.5012259,2095.078,3.97412e14,0.2982,-2.78445e6,1.39383e6,-3.49919e-9
1498198140,25521848.68990394,23446605.01952624,2075.244,4.04059e14,1.3694,-2.78266e6,1.38139e6,-3.46798e-9
1498198170,25504781.480785772,23449440.908485036,2055.341,3.97219e14,0.3466,-2.73396e6,1.36887e6,-3.43661e-9
1498198200,25487751.601079997,23452382.05102177,2035.370,3.96592e14,0.5039,-2.70671e6,1.35629e6,-3.40506e-9
1498198230,25470759.494689733,23455428.325753517,2015.331,4.03031e14,1.1116,-2.70321e6,1.34365e6,-3.37335e-9
1498203660,23457536.531064656,25459568.268610712,2002.032,3.97360e14,0.3111,2.66827e6,-1.33621e6,3.35226e-9
1498203690,23454419.678595,25476536.79659309,2022.117,3.95566e14,0.7612,2.68752e6,-1.34889e6,3.38408e-9
1498203720,23451407.867232513,25493543.398088515,2042.136,4.03278e14,1.1735,2.73899e6,-1.36150e6,3.41574e-9
1498203750,23448501.221418984,25510587.628566194,2062.086,4.06681e14,2.0273,2.77596e6,-1.37404e6,3.44724e-9
1498203780,23445699.86133671,25527669.04419463,2081.969,4.03965e14,1.3457,2.79173e6,-1.38651e6,3.47856e-9
1498203810,23443003.902894996,25544787.201857608,2101.783,4.01160e14,0.6421,2.80688e6,-1.39892e6,3.50972e-9
1498203840,23440413.4577169,25561941.659169883,2121.528,3.97986e14,0.1542,2.82041e6,-1.41126e6,3.54070e-9
1498203870,23437928.63312664,25579131.97449268,2141.203,3.88332e14,2.5762,2.81047e6,-1.42353e6,3.57152e-9
1498203900,23435549.532137346,25596357.706948943,2160.808,3.94237e14,1.0948,2.85584e6,-1.43573e6,3.60216e-9
1498203930,23433276.253443353,25613618.416446004,2180.342,4.00499e14,0.4764,2.90273e6,-1.44787e6,3.63263e-9
1498203960,23431108.891396534,25630913.66366687,2199.805,4.02594e14,1.0018,2.93460e6,-1.45993e6,3.66292e-9
1498203990,23429047.536008272,25648243.01010837,2219.195,3.98456e14,0.0362,2.94344e6,-1.47192e6,3.69303e-9
1498204020,23427092.27293504,25665606.01808797,2238.514,3.91967e14,1.6642,2.94313e6,-1.48385e6,3.72297e-9
1498204050,23425243.18346869,25683002.25075798,2257.759,3.90606e14,2.0056,2.96154e6,-1.49570e6,3.75273e-9
1498204080,23423500.344527196,25700431.272119515,2276.931,3.96819e14,0.4470,3.00837e6,-1.50748e6,3.78231e-9
1498204110,23421863.828645945,25717892.647036325,2296.029,4.03968e14,1.3467,3.05900e6,-1.51919e6,3.81172e-9
1498204140,23420333.70396944,25735385.941248305,2315.052,4.03377e14,1.1983,3.08017e6,-1.53082e6,3.84094e-9
1498204170,23418910.03424354,25752910.721384868,2334.001,4.03154e14,1.1425,3.10258e6,-1.54239e6,3.86997e-9
1498204200,23417592.878808193,25770466.55497811,2352.874,4.03451e14,1.2168,3.12686e6,-1.55388e6,3.89883e-9
1498204230,23416382.292585183,25788053.010477975,2371.671,3.95111e14,0.8753,3.11709e6,-1.56529e6,3.92750e-9
1498204260,23415278.326088846,25805669.65725794,2390.391,3.88422e14,2.5535,3.11323e6,-1.57664e6,3.95598e-9
1498204290,23414281.025403146,25823316.065634668,2409.035,3.94859e14,0.9387,3.16114e6,-1.58791e6,3.98428e-9
1498204320,23413390.43218191,25840991.806877993,2427.601,4.04295e14,1.4287,3.22130e6,-1.59910e6,4.01240e-9
1498204350,23412606.583644062,25858696.453223042,2446.090,4.04336e14,1.4390,3.24387e6,-1.61022e6,4.04032e-9
1498204380,23411929.512569245,25876429.5778821,2464.500,4.00666e14,0.5181,3.25120e6,-1.62127e6,4.06806e-9
1498204410,23411359.24729413,25894190.755056325,2482.832,3.99831e14,0.3088,3.26979e6,-1.63224e6,4.09561e-9
1498204440,23410895.811709,25911979.559947208,2501.084,4.00883e14,0.5726,3.29596e6,-1.64313e6,4.12296e-9
1498204470,23410539.22525505,25929795.56876787,2519.256,3.98167e14,0.1088,3.30640e6,-1.65395e6,4.15013e-9
1498204500,23410289.502922095,25947638.358754084,2537.349,3.96070e14,0.6347,3.31912e6,-1.66469e6,4.17711e-9
1498204530,23410146.65525461,25965507.508169662,2555.361,3.91061e14,1.8915,3.31934e6,-1.67536e6,4.20389e-9
1498204560,23410110.688326426,25983402.59633423,2573.292,3.92413e14,1.5522,3.34605e6,-1.68595e6,4.23048e-9
1498204590,23410181.60376412,26001323.203616325,2591.142,4.03105e14,1.1301,3.41243e6,-1.69646e6,4.25688e-9
1498204620,23410359.398739062,26019268.911449272,2608.910,4.02604e14,1.0044,3.43128e6,-1.70689e6,4.28308e-9
1498204650,23410644.065967727,26037239.30234119,2626.595,3.97993e14,0.1524,3.43224e6,-1.71725e6,4.30908e-9
1498204680,23411035.593712565,26055233.95988483,2644.198,4.01575e14,0.7462,3.46831e6,-1.72753e6,4.33489e-9
1498204710,23411533.96578339,26073252.46876723,2661.719,4.04314e14,1.4334,3.50074e6,-1.73773e6,4.36051e-9
1498204740,23412139.161539216,26091294.414779104,2679.155,4.02168e14,0.8951,3.51173e6,-1.74785e6,4.38592e-9
1498204770,23412851.155890644,26109359.384824138,2696.508,3.89249e14,2.3462,3.47493e6,-1.75789e6,4.41114e-9
1498204800,23413669.919302728,26127446.966928016,2713.777,3.84133e14,3.6295,3.47194e6,-1.76786e6,4.43617e-9
1498204830,23414595.4177802,26145556.750255045,2730.961,3.93113e14,1.3766,3.53142e6,-1.77774e6,4.46099e-9
1498204860,23415627.61292732,26163688.325092904,2748.061,4.01964e14,0.8439,3.59060e6,-1.78755e6,4.48561e-9
1498204890,23416766.46189624,26181841.28288537,2765.075,4.03252e14,1.1671,3.61596e6,-1.79727e6,4.51003e-9
1498204920,23418011.917409845,26200015.216232803,2782.003,3.96116e14,0.6233,3.60301e6,-1.80692e6,4.53426e-9
1498204950,23419363.92776701,26218209.71890036,2798.846,3.97123e14,0.3707,3.62668e6,-1.81649e6,4.55828e-9
1498204980,23420822.43684836,26236424.38582591,2815.602,3.99089e14,0.1227,3.65464e6,-1.82597e6,4.58210e-9
1498205010,23422387.384122603,26254658.81312799,2832.271,3.98421e14,0.0450,3.67039e6,-1.83538e6,4.60572e-9
1498205040,23424058.704653222,26272912.59811332,2848.854,3.95967e14,0.6607,3.67769e6,-1.84470e6,4.62913e-9
1498205070,23425836.329105806,26291185.339284297,2865.349,4.01399e14,0.7022,3.72140e6,-1.85395e6,4.65235e-9
1498205100,23427720.18375586,26309476.636346243,2881.756,4.02168e14,0.8950,3.74339e6,-1.86311e6,4.67536e-9
1498205130,23429710.190526027,26327786.09019986,2898.076,4.01099e14,0.6267,3.75662e6,-1.87220e6,4.69817e-9
1498205160,23431806.266905826,26346113.302993447,2914.307,3.94519e14,1.0240,3.74363e6,-1.88120e6,4.72077e-9
1498205190,23434008.326050136,26364457.87808391,2930.450,3.94059e14,1.1395,3.75920e6,-1.89012e6,4.74317e-9
1498205220,23436316.27676044,26382819.420058083,2946.503,4.01369e14,0.6946,3.81163e6,-1.89896e6,4.76537e-9
1498205250,23438730.023495354,26401197.53473902,2962.468,3.96932e14,0.4185,3.80797e6,-1.90771e6,4.78736e-9
1498205280,23441249.466381676,26419591.829192072,2978.342,3.97765e14,0.2095,3.82930e6,-1.91639e6,4.80914e-9
1498205310,23443874.5012259,26438001.91173089,2994.127,3.95155e14,0.8644,3.83387e6,-1.92498e6,4.83072e-9
1498205340,23446605.01952624,26456427.391923208,3009.822,3.96637e14,0.4927,3.85802e6,-1.93350e6,4.85210e-9
1498205370,23449440.908485036,26474867.880596515,3025.427,3.93725e14,1.2232,3.86065e6,-1.94193e6,4.87327e-9
1498205400,23452382.05102177,26493322.989843573,3040.941,3.96187e14,0.6054,3.88931e6,-1.95028e6,4.89423e-9
1498205430,23455428.325753517,26511792.33305483,3056.364,4.04545e14,1.4914,3.94688e6,-1.95854e6,4.91499e-9
1498205460,23458579.607110005,26530275.524840042,3071.696,3.99850e14,0.3134,3.94020e6,-1.96673e6,4.93554e-9
1498205490,23461835.765246674,26548772.181117423,3086.936,3.95585e14,0.7564,3.93530e6,-1.97483e6,4.95589e-9
1498205520,23465196.666091863,26567281.91909151,3102.085,3.96642e14,0.4914,3.95655e6,-1.98285e6,4.97602e-9
1498205550,23468662.171361703,26585804.35725815,3117.142,3.97231e14,0.3436,3.97533e6,-1.99079e6,4.99595e-9
1498205580,23472232.138575472,26604339.115409277,3132.107,4.00285e14,0.4226,4.00634e6,-1.99864e6,5.01568e-9
1498205610,23475906.421071354,26622885.81463769,3146.979,4.01932e14,0.8357,4.03022e6,-2.00641e6,5.03520e-9
1498205640,23479684.868022695,26641444.07734146,3161.759,3.95369e14,0.8108,4.01250e6,-2.01410e6,5.05451e-9
1498205670,23483567.32445459,26660013.527228333,3176.446,3.92700e14,1.4804,4.01412e6,-2.02171e6,5.07361e-9
1498205700,23487553.631261036,26678593.789319877,3191.040,3.99174e14,0.1440,4.06204e6,-2.02924e6,5.09251e-9
1498205730,23491643.625248898,26697184.48991518,3205.541,4.03086e14,1.1254,4.09693e6,-2.03668e6,5.11120e-9
1498205760,23495837.139074314,26715785.25671944,3219.948,3.99092e14,0.1232,4.09125e6,-2.04404e6,5.12968e-9
1498205790,23500134.00134259,26734395.71872231,3234.262,4.00131e14,0.3839,4.11117e6,-2.05132e6,5.14795e-9
1498205820,23504534.036600873,26753015.50624182,3248.481,3.97401e14,0.3009,4.11150e6,-2.05851e6,5.16602e-9
1498205850,23509037.065357614,26771644.25092746,3262.607,3.95150e14,0.8656,4.11404e6,-2.06563e6,5.18388e-9
1498205880,23513642.90410237,26790281.585763186,3276.639,3.97919e14,0.1709,4.14245e6,-2.07266e6,5.20153e-9
1498205910,23518351.365326155,26808927.14507026,3290.576,3.98873e14,0.0684,4.16132e6,-2.07961e6,5.21898e-9
1498205940,23523162.257542074,26827580.56450997,3304.418,3.97186e14,0.3549,4.16622e6,-2.08647e6,5.23622e-9
1498205970,23528075.385306377,26846241.481086243,3318.166,3.99740e14,0.2860,4.19319e6,-2.09326e6,5.25325e-9
1498206000,23533090.549239974,26864909.533148136,3331.819,3.96904e14,0.4256,4.19167e6,-2.09996e6,5.27008e-9
1498206030,23538207.54603349,26883584.36043981,3345.377,3.93514e14,1.2762,4.18697e6,-2.10658e6,5.28670e-9
1498206060,23543426.168521143,26902265.603955917,3358.839,3.92192e14,1.6078,4.19295e6,-2.11311e6,5.30311e-9
1498206090,23548746.20565179,26920952.906091344,3372.207,3.89670e14,2.2405,4.19235e6,-2.11957e6,5.31932e-9
1498206120,23554167.442528374,26939645.910595864,3385.478,3.98098e14,0.1261,4.24992e6,-2.12594e6,5.33532e-9
1498206150,23559689.66043112,26958344.26257643,3398.655,4.00183e14,0.3970,4.27366e6,-2.13223e6,5.35111e-9
1498206180,23565312.636841122,26977047.608499385,3411.735,3.98289e14,0.0780,4.27594e6,-2.13844e6,5.36670e-9
1498206210,23571036.145464193,26995755.596192617,3424.719,3.95552e14,0.7647,4.27347e6,-2.14457e6,5.38209e-9
1498206240,23576859.956255123,27014467.8748475,3437.608,3.96664e14,0.4859,4.29152e6,-2.15062e6,5.39727e-9
1498206270,23582783.835442238,27033184.095020767,3450.400,3.97105e14,0.3753,4.30581e6,-2.15658e6,5.41224e-9
1498206300,23588807.545552265,27051903.90863623,3463.096,3.94493e14,1.0306,4.30338e6,-2.16246e6,5.42701e-9
1498206330,23594930.84544241,27070626.96894448,3475.696,3.94539e14,1.0188,4.31518e6,-2.16827e6,5.44158e-9
1498206360,23601153.490304884,27089352.9306539,3488.199,3.96761e14,0.4615,4.33869e6,-2.17399e6,5.45594e-9
1498206390,23607475.23171377,27108081.449801784,3500.606,3.95796e14,0.7035,4.34467e6,-2.17962e6,5.47010e-9
1498206420,23613895.81764448,27126812.18379744,3512.916,3.99038e14,0.1097,4.37353e6,-2.18518e6,5.48405e-9
1498206450,23620414.992500223,27145544.791423008,3525.130,4.01944e14,0.8388,4.40047e6,-2.19066e6,5.49780e-9
1498206480,23627032.497138876,27164278.932834055,3537.246,3.96859e14,0.4369,4.38328e6,-2.19606e6,5.51135e-9
1498206510,23633748.06890011,27183014.269560207,3549.266,3.95770e14,0.7100,4.38788e6,-2.20137e6,5.52470e-9
1498206540,23640561.44163274,27201750.46450551,3561.189,3.95982e14,0.6568,4.39950e6,-2.20661e6,5.53784e-9
1498206570,23647472.345722478,27220487.18194879,3573.015,4.04397e14,1.4543,4.45649e6,-2.21176e6,5.55078e-9
1498206600,23654480.508119874,27239224.087543886,3584.744,4.07267e14,2.1743,4.48268e6,-2.21684e6,5.56352e-9
1498206630,23661585.652371436,27257960.84834464,3596.375,3.97120e14,0.3714,4.43620e6,-2.22184e6,5.57606e-9
1498206660,23668787.498639245,27276697.132728122,3607.910,3.94346e14,1.0672,4.43052e6,-2.22675e6,5.58840e-9
1498206690,23676085.763738587,27295432.610471953,3619.347,3.95845e14,0.6913,4.44853e6,-2.23159e6,5.60055e-9
1498206720,23683480.161164094,27314166.952729244,3630.687,3.98730e14,0.0325,4.47421e6,-2.23634e6,5.61249e-9
1498206750,23690970.401118997,27332899.832028635,3641.929,4.01281e14,0.6725,4.49792e6,-2.24102e6,5.62423e-9
1498206780,23698556.190544646,27351630.922274124,3653.075,3.95008e14,0.9013,4.47179e6,-2.24562e6,5.63577e-9
1498206810,23706237.23315019,27370359.898744978,3664.123,3.97004e14,0.4006,4.49207e6,-2.25014e6,5.64712e-9
1498206840,23714013.229442555,27389086.4380954,3675.073,3.99940e14,0.3360,4.51755e6,-2.25458e6,5.65827e-9
1498206870,23721883.87675658,27407810.218354233,3685.926,4.01796e14,0.8018,4.53682e6,-2.25894e6,5.66922e-9
1498206900,23729848.86928535,27426530.91892454,3696.682,4.03240e14,1.1640,4.55362e6,-2.26323e6,5.67997e-9
1498206930,23737907.89809792,27445248.22057536,3707.340,3.98743e14,0.0357,4.53649e6,-2.26744e6,5.69053e-9
1498206960,23746060.651209615,27463961.805465143,3717.901,3.94580e14,1.0087,4.52102e6,-2.27156e6,5.70090e-9
1498206990,23754306.81357333,27482671.357116736,3728.365,3.94211e14,1.1012,4.52698e6,-2.27562e6,5.71106e-9
1498207020,23762646.067123387,27501376.56042451,3738.730,3.97640e14,0.2410,4.55450e6,-2.27959e6,5.72104e-9
1498207050,23771078.090806637,27520077.1016535,3748.999,4.00066e14,0.3677,4.57619e6,-2.28349e6,5.73082e-9
1498207080,23779602.560613953,27538772.668438412,3759.170,3.95520e14,0.7729,4.55775e6,-2.28731e6,5.74041e-9
1498207110,23788219.149611674,27557462.94978264,3769.244,3.93697e14,1.2301,4.55473e6,-2.29105e6,5.74980e-9
1498207140,23796927.52797331,27576147.63605711,3779.220,3.94484e14,1.0327,4.56656e6,-2.29472e6,5.75901e-9
1498207170,23805727.36301142,27594826.418999102,3789.099,3.90454e14,2.0438,4.55046e6,-2.29831e6,5.76802e-9
1498207200,23814618.31920962,27613498.991711006,3798.881,3.96476e14,0.5331,4.59220e6,-2.30183e6,5.77684e-9
1498207230,23823600.05827537,27632165.048660006,3808.565,3.99281e14,0.1708,4.61530e6,-2.30526e6,5.78548e-9
1498207260,23832672.23910861,27650824.28567337,3818.152,3.97945e14,0.1644,4.61429e6,-2.30863e6,5.79392e-9
1498207290,23841834.517898034,27669476.39994049,3827.642,3.95105e14,0.8770,4.60438e6,-2.31192e6,5.80217e-9
1498207320,23851086.548133228,27688121.090010203,3837.035,3.95544e14,0.7669,4.61334e6,-2.31513e6,5.81024e-9
1498207350,23860427.98063741,27706758.05578907,3846.330,3.98435e14,0.0415,4.63642e6,-2.31827e6,5.81812e-9
1498207380,23869858.46360041,27725386.998539787,3855.529,3.95284e14,0.8320,4.62419e6,-2.32134e6,5.82581e-9
1498207410,23879377.642611735,27744007.620879415,3864.630,3.95079e14,0.8836,4.62895e6,-2.32433e6,5.83332e-9
1498207440,23888985.160693746,27762619.62677752,3873.634,4.01757e14,0.7919,4.67377e6,-2.32725e6,5.84064e-9
1498207470,23898680.658334814,27781222.721554264,3882.542,3.97591e14,0.2531,4.65512e6,-2.33009e6,5.84778e-9
1498207500,23908463.773522664,27799816.611878514,3891.353,3.98154e14,0.1121,4.66395e6,-2.33287e6,5.85473e-9
1498207530,23918334.141755093,27818401.00576471,3900.067,4.03136e14,1.1378,4.69855e6,-2.33556e6,5.86150e-9
1498207560,23928291.39614326,27836975.612574093,3908.684,3.97978e14,0.1563,4.67356e6,-2.33819e6,5.86809e-9
1498207590,23938335.167375084,27855540.1430091,3917.205,3.95837e14,0.6932,4.66609e6,-2.34074e6,5.87450e-9
1498207620,23948465.083771307,27874094.309112243,3925.629,3.96516e14,0.5230,4.67502e6,-2.34323e6,5.88072e-9
1498207650,23958680.771318853,27892637.824263893,3933.957,3.95582e14,0.7573,4.67434e6,-2.34564e6,5.88677e-9
1498207680,23968981.85370434,27911170.403179884,3942.189,3.95125e14,0.8719,4.67630e6,-2.34797e6,5.89264e-9
1498207710,23979367.95234749,27929691.76190912,3950.324,3.98149e14,0.1133,4.69865e6,-2.35024e6,5.89833e-9
1498207740,23989838.686434675,27948201.617831167,3958.363,3.96239e14,0.5924,4.69177e6,-2.35244e6,5.90384e-9
1498207770,24000393.67295245,27966699.68965374,3966.306,3.98358e14,0.0607,4.70853e6,-2.35457e6,5.90917e-9
1498207800,24011032.52672112,27985185.697410077,3974.153,3.96548e14,0.5149,4.70194e6,-2.35662e6,5.91433e-9
1498207830,24021754.860447276,28003659.3624516,3981.905,3.96810e14,0.4491,4.70746e6,-2.35861e6,5.91931e-9
1498207860,24032560.284698933,28022120.40746009,3989.560,3.99920e14,0.3310,4.72970e6,-2.36053e6,5.92412e-9
1498207890,24043448.407997802,28040568.5564302,3997.120,3.96665e14,0.4856,4.71411e6,-2.36238e6,5.92876e-9
1498207920,24054418.836834036,28059003.534671485,4004.585,3.98272e14,0.0824,4.72719e6,-2.36416e6,5.93322e-9
1498207950,24065471.175700057,28077425.06880554,4011.954,3.98727e14,0.0317,4.73331e6,-2.36587e6,5.93751e-9
1498207980,24076605.02712429,28095832.8867632,4019.228,3.96117e14,0.6230,4.72109e6,-2.36751e6,5.94163e-9
1498208010,24087819.991704956,28114226.717781637,4026.407,3.98616e14,0.0038,4.73909e6,-2.36909e6,5.94558e-9
1498208040,24099115.668143827,28132606.292401467,4033.491,4.02999e14,1.1036,4.76818e6,-2.37059e6,5.94936e-9
1498208070,24110491.653279867,28150971.342463773,4040.480,3.98817e14,0.0543,4.74618e6,-2.37203e6,5.95297e-9
1498208100,24121947.542123042,28169321.60110718,4047.374,3.96413e14,0.5489,4.73460e6,-2.37341e6,5.95641e-9
1498208130,24133482.927876305,28187656.802785426,4054.174,3.94584e14,1.0076,4.72631e6,-2.37472e6,5.95969e-9
1498208160,24145097.402004883,28205976.68320075,4060.879,3.93212e14,1.3519,4.72060e6,-2.37596e6,5.96280e-9
1498208190,24156790.554234173,28224280.979364548,4067.490,3.95293e14,0.8296,4.73535e6,-2.37713e6,5.96574e-9
1498208220,24168561.97259466,28242569.42957378,4074.007,3.92512e14,1.5275,4.72096e6,-2.37824e6,5.96852e-9
1498208250,24180411.243455265,28260841.773407996,4080.431,3.97562e14,0.2606,4.75318e6,-2.37929e6,5.97114e-9
1498208280,24192337.951556623,28279097.751726277,4086.760,4.03249e14,1.1662,4.78911e6,-2.38027e6,5.97359e-9
1498208310,24204341.68004428,28297337.10666425,4092.995,4.05074e14,1.6241,4.80186e6,-2.38118e6,5.97589e-9
1498208340,24216422.01050183,28315559.58163087,4099.138,4.02308e14,0.9301,4.78704e6,-2.38204e6,5.97802e-9
1498208370,24228578.522983946,28333764.921305355,4105.186,4.12055e14,3.3756,4.84691e6,-2.38282e6,5.97999e-9
1498208400,24240810.79604933,28351952.871633857,4111.142,4.06452e14,1.9697,4.81487e6,-2.38355e6,5.98181e-9
1498208430,24253118.406798407,28370123.179789774,4117.005,3.92535e14,1.5217,4.73293e6,-2.38421e6,5.98346e-9
1498208460,24265500.93089136,28388275.59428304,4122.775,4.01919e14,0.8325,4.79028e6,-2.38481e6,5.98496e-9
1498208490,24277957.94259544,28406409.864843823,4128.452,3.99250e14,0.1630,4.77538e6,-2.38535e6,5.98630e-9
1498208520,24290489.014812943,28424525.742455415,4134.037,3.93891e14,1.1815,4.74424e6,-2.38582e6,5.98749e-9
1498208550,24303093.71911366,28442622.979350463,4139.529,3.94666e14,0.9869,4.74971e6,-2.38624e6,5.98852e-9
1498208580,24315771.625767272,28460701.329007275,4144.930,3.91675e14,1.7374,4.73249e6,-2.38659e6,5.98940e-9
1498208610,24328522.303775784,28478760.54614601,4150.238,3.94081e14,1.1338,4.74748e6,-2.38688e6,5.99013e-9
1498208640,24341345.32090557,28496800.386724867,4155.455,3.99627e14,0.2575,4.78116e6,-2.38712e6,5.99070e-9
1498208670,24354240.243719544,28514820.607936244,4160.580,3.99883e14,0.3219,4.78304e6,-2.38729e6,5.99113e-9
1498208700,24367206.637609076,28532820.968202975,4165.614,3.99155e14,0.1391,4.77890e6,-2.38740e6,5.99140e-9
1498208730,24380244.066826805,28550801.227217153,4170.557,4.00345e14,0.4376,4.78613e6,-2.38745e6,5.99153e-9
1498208760,24393352.09451528,28568761.145804364,4175.409,4.01982e14,0.8483,4.79592e6,-2.38745e6,5.99151e-9
1498208790,24406530.282741696,28586700.486052234,4180.170,3.99818e14,0.3055,4.78283e6,-2.38738e6,5.99134e-9
1498208820,24419778.192528322,28604619.01126397,4184.841,3.97357e14,0.3118,4.76784e6,-2.38726e6,5.99102e-9
1498208850,24433095.383883722,28622516.485954832,4189.421,3.96354e14,0.5636,4.76147e6,-2.38708e6,5.99056e-9
1498208880,24446481.415833935,28640392.67584855,4193.911,4.00569e14,0.4939,4.78624e6,-2.38684e6,5.98996e-9
1498208910,24459935.846453454,28658247.3478738,4198.312,4.03693e14,1.2775,4.80435e6,-2.38655e6,5.98921e-9
1498208940,24473458.232896093,28676080.270160552,4202.622,3.90092e14,2.1345,4.72220e6,-2.38620e6,5.98832e-9
1498208970,24487048.131425574,28693891.21203646,4206.843,3.90681e14,1.9869,4.72491e6,-2.38579e6,5.98729e-9
1498209000,24500705.097446136,28711679.944023233,4210.975,4.00232e14,0.4094,4.78116e6,-2.38533e6,5.98612e-9
1498209030,24514428.685526755,28729446.237792682,4215.018,4.03778e14,1.2990,4.80134e6,-2.38481e6,5.98481e-9
1498209060,24528218.44945004,28747189.866287254,4218.971,4.01262e14,0.6678,4.78513e6,-2.38423e6,5.98336e-9
1498209090,24542073.942223374,28764910.60359162,4222.837,3.90760e14,1.9670,4.72104e6,-2.38360e6,5.98177e-9
1498209120,24555994.716114875,28782608.224969044,4226.614,3.91435e14,1.7976,4.72372e6,-2.38292e6,5.98005e-9
1498209150,24569980.322682958,28800282.506857175,4230.302,3.97451e14,0.2884,4.75822e6,-2.38218e6,5.97819e-9
1498209180,24584030.312805753,28817933.22686399,4233.903,4.03134e14,1.1374,4.79060e6,-2.38139e6,5.97620e-9
1498209210,24598144.23671041,28835560.16376367,4237.416,4.01705e14,0.7790,4.78037e6,-2.38055e6,5.97407e-9
1498209240,24612321.644002132,28853163.09749241,4240.841,4.00507e14,0.4782,4.77140e6,-2.37965e6,5.97181e-9
1498209270,24626562.083693102,28870741.80914426,4244.180,4.04928e14,1.5874,4.79588e6,-2.37870e6,5.96942e-9
1498209300,24640865.104231182,28888296.080966946,4247.431,4.00453e14,0.4648,4.76716e6,-2.37770e6,5.96690e-9
1498209330,24655230.2535427,28905825.696391914,4250.595,3.95726e14,0.7210,4.73685e6,-2.37665e6,5.96424e-9
1498209360,24669657.079016846,28923330.439924635,4253.673,3.96033e14,0.6441,4.73648e6,-2.37554e6,5.96146e-9
1498209390,24684145.12757789,28940810.09724629,4256.665,3.93919e14,1.1744,4.72157e6,-2.37439e6,5.95855e-9
1498209420,24698693.94569899,28958264.455175623,4259.571,3.94738e14,0.9689,4.72405e6,-2.37318e6,5.95551e-9
1498209450,24713303.07943008,28975693.301664963,4262.390,4.02473e14,0.9716,4.76759e6,-2.37192e6,5.95235e-9
1498209480,24727972.074425474,28993096.425796345,4265.124,3.98541e14,0.0148,4.74156e6,-2.37062e6,5.94906e-9
1498209510,24742700.47597141,29010473.617777582,4267.773,3.96376e14,0.5580,4.72598e6,-2.36926e6,5.94565e-9
1498209540,24757487.82901324,29027824.668938335,4270.337,4.03314e14,1.1825,4.76439e6,-2.36785e6,5.94212e-9
1498209570,24772333.67818248,29045149.37172617,4272.816,3.97915e14,0.1719,4.72940e6,-2.36640e6,5.93846e-9
1498209600,24787237.567823622,29062447.51970263,4275.210,3.97467e14,0.2844,4.72374e6,-2.36490e6,5.93468e-9
1498209630,24802199.041995395,29079718.90751341,4277.520,3.96078e14,0.6327,4.71240e6,-2.36335e6,5.93078e-9
1498209660,24817217.6445752,29096963.330964144,4279.746,4.02579e14,0.9980,4.74774e6,-2.36175e6,5.92676e-9
1498209690,24832292.919207092,29114180.586936265,4281.888,4.01991e14,0.8506,4.74094e6,-2.36010e6,5.92262e-9
1498209720,24847424.40935278,29131370.473408885,4283.946,3.97338e14,0.3168,4.71000e6,-2.35841e6,5.91836e-9
1498209750,24862611.6583171,29148532.78945441,4285.921,3.94628e14,0.9966,4.69050e6,-2.35667e6,5.91399e-9
1498209780,24877854.209273357,29165667.33523439,4287.813,3.92363e14,1.5649,4.67356e6,-2.35489e6,5.90950e-9
1498209810,24893151.60528839,29182773.91199526,4289.622,3.94607e14,1.0019,4.68317e6,-2.35306e6,5.90490e-9
1498209840,24908503.38934738,29199852.322064076,4291.349,3.96743e14,0.4661,4.69204e6,-2.35118e6,5.90018e-9
1498209870,24923909.104378536,29216902.368844267,4292.993,4.00958e14,0.5914,4.71305e6,-2.34926e6,5.89535e-9
1498209900,24939368.293277487,29233923.856811304,4294.556,4.00371e14,0.4442,4.70565e6,-2.34730e6,5.89041e-9
1498209930,24954880.49896782,29250916.591524154,4296.036,4.02072e14,0.8708,4.71162e6,-2.34529e6,5.88536e-9
1498209960,24970445.264313232,29267880.37957267,4297.435,3.97180e14,0.3564,4.67873e6,-2.34323e6,5.88020e-9
1498209990,24986062.132253315,29284815.028621923,4298.753,3.94589e14,1.0063,4.65932e6,-2.34114e6,5.87492e-9
1498210020,25001730.645791225,29301720.347392213,4299.990,3.93806e14,1.2028,4.65046e6,-2.33900e6,5.86954e-9
1498210050,25017450.34801729,29318596.14565505,4301.146,3.88594e14,2.5103,4.61555e6,-2.33681e6,5.86405e-9
1498210080,25033220.78213241,29335442.234228924,4302.221,3.94636e14,0.9947,4.64655e6,-2.33459e6,5.85846e-9
1498210110,25049041.491471272,29352258.42497526,4303.217,4.03872e14,1.3226,4.69609e6,-2.33232e6,5.85276e-9
1498210140,25064912.01952528,29369044.530794233,4304.133,3.99644e14,0.2619,4.66671e6,-2.33001e6,5.84695e-9
1498210170,25080831.909965266,29385800.36562066,4304.968,3.81864e14,4.1987,4.55815e6,-2.32766e6,5.84104e-9
1498210200,25096800.706664015,29402525.744419895,4305.725,3.82144e14,4.1287,4.55509e6,-2.32527e6,5.83503e-9
1498210230,25112817.953677878,29419220.483176805,4306.403,3.99790e14,0.2985,4.65318e6,-2.32284e6,5.82892e-9
1498210260,25128883.195393763,29435884.398912866,4307.001,4.00107e14,0.3779,4.65007e6,-2.32036e6,5.82270e-9
1498210290,25144995.976425637,29452517.309660796,4307.521,4.02121e14,0.8833,4.65675e6,-2.31785e6,5.81639e-9
1498210320,25161155.841676224,29469119.03446717,4307.963,4.03900e14,1.3296,4.66195e6,-2.31530e6,5.80997e-9
1498210350,25177362.336357918,29485689.39338832,4308.327,4.01703e14,0.7784,4.64398e6,-2.31271e6,5.80346e-9
1498210380,25193615.006013487,29502228.207486145,4308.613,3.99716e14,0.2799,4.62717e6,-2.31008e6,5.79685e-9
1498210410,25209913.39653653,29518735.29882394,4308.822,3.98894e14,0.0735,4.61706e6,-2.30741e6,5.79015e-9
1498210440,25226257.05419167,29535210.490462203,4308.953,3.95733e14,0.7194,4.59336e6,-2.30470e6,5.78334e-9
1498210470,25242645.525634557,29551653.606454447,4309.008,3.96683e14,0.4811,4.59338e6,-2.30196e6,5.77645e-9
1498210500,25259078.357931565,29568064.47184311,4308.986,4.01423e14,0.7081,4.61517e6,-2.29918e6,5.76945e-9
1498210530,25275555.09861492,29584442.912654914,4308.888,3.99436e14,0.2097,4.59806e6,-2.29636e6,5.76237e-9
1498210560,25292075.295592465,29600788.75589798,4308.713,4.02697e14,1.0278,4.61110e6,-2.29350e6,5.75519e-9
1498210590,25308638.49727653,29617101.82955637,4308.463,4.01552e14,0.7405,4.59870e6,-2.29061e6,5.74792e-9
1498210620,25325244.25256756,29633381.962586425,4308.138,3.98653e14,0.0132,4.57618e6,-2.28768e6,5.74057e-9
1498210650,25341892.11087303,29649628.98491258,4307.737,3.96097e14,0.6281,4.55559e6,-2.28472e6,5.73312e-9
1498210680,25358581.622126132,29665842.727423236,4307.261,3.96843e14,0.4409,4.55387e6,-2.28172e6,5.72558e-9
1498210710,25375312.336804267,29682023.021966692,4306.711,3.97754e14,0.2124,4.55302e6,-2.27868e6,5.71796e-9
1498210740,25392083.805947285,29698169.701347012,4306.086,4.01996e14,0.8519,4.57111e6,-2.27561e6,5.71024e-9
1498210770,25408895.581175495,29714282.599319942,4305.387,4.01122e14,0.6326,4.55989e6,-2.27251e6,5.70245e-9
1498210800,25425747.21470749,29730361.550588835,4304.614,3.94114e14,1.1255,4.51368e6,-2.26937e6,5.69456e-9
1498210830,25442638.259355314,29746406.3908118,4303.768,3.96362e14,0.5616,4.52015e6,-2.26620e6,5.68659e-9
1498210860,25459568.268610712,29762416.956562992,4302.849,3.99415e14,0.2043,4.53109e6,-2.26300e6,5.67854e-9
1498210890,25476536.79659309,29778393.085363384,4301.856,4.00876e14,0.5708,4.53289e6,-2.25976e6,5.67041e-9
1498210920,25493543.398088515,29794334.61566556,4300.791,3.99703e14,0.2767,4.51969e6,-2.25649e6,5.66219e-9
1498210950,25510587.628566194,29810241.38684967,4299.654,3.96035e14,0.6437,4.49232e6,-2.25319e6,5.65389e-9
1498210980,25527669.04419463,29826113.239219565,4298.444,3.95581e14,0.7574,4.48311e6,-2.24985e6,5.64551e-9
1498211010,25544787.201857608,29841950.013998777,4297.163,3.97276e14,0.3322,4.48595e6,-2.24649e6,5.63706e-9
1498211040,25561941.659169883,29857751.55332659,4295.810,4.00531e14,0.4843,4.49748e6,-2.24309e6,5.62852e-9
1498211070,25579131.97449268,29873517.700254053,4294.386,3.99440e14,0.2107,4.48447e6,-2.23966e6,5.61990e-9
1498211100,25596357.706948943,29889248.29874001,4292.891,3.99814e14,0.3045,4.47964e6,-2.23620e6,5.61121e-9
1498211130,25613618.416446004,29904943.193621356,4291.325,4.02740e14,1.0385,4.48904e6,-2.23271e6,5.60244e-9
1498211160,25630913.66366687,29920602.230688527,4289.689,3.94720e14,0.9736,4.43709e6,-2.22919e6,5.59360e-9
1498211190,25648243.01010837,29936225.256601788,4287.982,3.96652e14,0.4889,4.44081e6,-2.22564e6,5.58468e-9
1498211220,25665606.01808797,29951812.118912797,4286.206,4.03133e14,1.1371,4.46980e6,-2.22206e6,5.57569e-9
1498211250,25683002.25075798,29967362.666060563,4284.360,4.02499e14,0.9780,4.45901e6,-2.21845e6,5.56662e-9
1498211280,25700431.272119515,29982876.747367084,4282.445,4.01997e14,0.8522,4.44890e6,-2.21481e6,5.55748e-9
1498211310,25717892.647036325,29998354.213033386,4280.462,3.97199e14,0.3515,4.41491e6,-2.21114e6,5.54827e-9
1498211340,25735385.941248305,30013794.914135236,4278.409,3.97331e14,0.3185,4.40826e6,-2.20745e6,5.53899e-9
1498211370,25752910.721384868,30029198.702619076,4276.288,4.01063e14,0.6179,4.42146e6,-2.20373e6,5.52964e-9
1498211400,25770466.55497811,30044565.431297924,4274.099,3.97558e14,0.2615,4.39458e6,-2.19998e6,5.52022e-9
1498211430,25788053.010477975,30059894.953882243,4271.842,3.95851e14,0.6897,4.37763e6,-2.19620e6,5.51073e-9
1498211460,25805669.65725794,30075187.124868188,4269.517,4.04665e14,1.5215,4.41853e6,-2.19239e6,5.50117e-9
1498211490,25823316.065634668,30090441.799641572,4267.126,4.03928e14,1.3365,4.40675e6,-2.18856e6,5.49155e-9
1498211520,25840991.806877993,30105658.834439207,4264.667,3.93157e14,1.3657,4.33993e6,-2.18471e6,5.48186e-9
1498211550,25858696.453223042,30120838.08634521,4262.142,3.96456e14,0.5381,4.35027e6,-2.18082e6,5.47210e-9
1498211580,25876429.5778821,30135979.413287368,4259.550,4.00806e14,0.5533,4.36623e6,-2.17691e6,5.46228e-9
1498211610,25894190.755056325,30151082.6740334,4256.892,3.98194e14,0.1020,4.34409e6,-2.17298e6,5.45240e-9
1498211640,25911979.559947208,30166147.72818748,4254.168,3.97766e14,0.2095,4.33383e6,-2.16901e6,5.44245e-9
1498211670,25929795.56876787,30181174.436186455,4251.379,3.97678e14,0.2314,4.32539e6,-2.16503e6,5.43244e-9
1498211700,25947638.358754084,30196162.65929631,4248.524,4.04640e14,1.5152,4.35512e6,-2.16102e6,5.42236e-9
1498211730,25965507.508169662,30211112.25957641,4245.605,4.08248e14,2.4204,4.36652e6,-2.15698e6,5.41223e-9
1498211760,25983402.59633423,30226023.09997493,4242.621,3.94853e14,0.9401,4.28593e6,-2.15292e6,5.40203e-9
1498211790,26001323.203616325,30240895.044226,4239.572,3.92684e14,1.4843,4.26611e6,-2.14884e6,5.39178e-9
1498211820,26019268.911449272,30255727.956877965,4236.459,4.02498e14,0.9778,4.31076e6,-2.14473e6,5.38146e-9
1498211850,26037239.30234119,30270521.70328947,4233.282,3.98885e14,0.0713,4.28305e6,-2.14060e6,5.37109e-9
1498211880,26055233.95988483,30285276.149625618,4230.042,3.97429e14,0.2939,4.26693e6,-2.13645e6,5.36066e-9
1498211910,26073252.46876723,30299991.162854116,4226.739,3.98812e14,0.0530,4.26599e6,-2.13228e6,5.35017e-9
1498211940,26091294.414779104,30314666.61074138,4223.372,4.00767e14,0.5435,4.26802e6,-2.12808e6,5.33963e-9
1498211970,26109359.384824138,30329302.361848697,4219.943,3.87230e14,2.8525,4.18742e6,-2.12386e6,5.32903e-9
1498212000,26127446.966928016,30343898.28552834,4216.451,3.81980e14,4.1698,4.15113e6,-2.11961e6,5.31837e-9
1498212030,26145556.750255045,30358454.25194089,4212.898,3.98058e14,0.1362,4.22811e6,-2.11535e6,5.30766e-9
1498212060,26163688.325092904,30372970.13198638,4209.282,3.95259e14,0.8383,4.20471e6,-2.11106e6,5.29690e-9
1498212090,26181841.28288537,30387445.797365572,4205.605,4.01208e14,0.6543,4.22758e6,-2.10676e6,5.28608e-9
1498212120,26200015.216232803,30401881.120555323,4201.866,4.07915e14,2.3367,4.25427e6,-2.10243e6,5.27522e-9
1498212150,26218209.71890036,30416275.97480494,4198.066,3.97078e14,0.3819,4.18842e6,-2.09808e6,5.26429e-9
1498212180,26236424.38582591,30430630.23413264,4194.206,3.97180e14,0.3563,4.18023e6,-2.09371e6,5.25332e-9
1498212210,26254658.81312799,30444943.773322005,4190.285,4.00111e14,0.3790,4.18683e6,-2.08932e6,5.24230e-9
1498212240,26272912.59811332,30459216.467918396,4186.304,3.99175e14,0.1441,4.17309e6,-2.08492e6,5.23123e-9
1498212270,26291185.339284297,30473448.194225527,4182.263,3.95101e14,0.8779,4.14296e6,-2.08049e6,5.22011e-9
1498212300,26309476.636346243,30487638.829301868,4178.162,3.96108e14,0.6252,4.13934e6,-2.07604e6,5.20894e-9
1498212330,26327786.09019986,30501788.250948828,4174.002,4.03400e14,1.2041,4.16833e6,-2.07157e6,5.19772e-9
1498212360,26346113.302993447,30515896.337733198,4169.783,4.06295e14,1.9305,4.17432e6,-2.06709e6,5.18646e-9
1498212390,26364457.87808391,30529962.968957745,4165.505,3.98737e14,0.0343,4.12610e6,-2.06258e6,5.17515e-9
1498212420,26382819.420058083,30543988.02466607,4161.169,3.93124e14,1.3739,4.08807e6,-2.05806e6,5.16379e-9
1498212450,26401197.53473902,30557971.385639124,4156.774,3.96516e14,0.5229,4.09652e6,-2.05352e6,5.15238e-9
1498212480,26419591.829192072,30571912.933391742,4152.321,3.97149e14,0.3641,4.09068e6,-2.04896e6,5.14094e-9
1498212510,26438001.91173089,30585812.55016917,4147.811,3.99946e14,0.3377,4.09589e6,-2.04438e6,5.12944e-9
1498212540,26456427.391923208,30599670.118943576,4143.243,3.97081e14,0.3812,4.07201e6,-2.03979e6,5.11791e-9
1498212570,26474867.880596515,30613485.523410566,4138.618,4.00774e14,0.5453,4.08166e6,-2.03518e6,5.10633e-9
1498212600,26493322.989843573,30627258.647985816,4133.936,4.04957e14,1.5946,4.09368e6,-2.03055e6,5.09471e-9
1498212630,26511792.33305483,30640989.37779878,4129.197,4.00038e14,0.3606,4.05931e6,-2.02590e6,5.08304e-9
1498212660,26530275.524840042,30654677.598697808,4124.402,3.97099e14,0.3766,4.03507e6,-2.02124e6,5.07134e-9
1498212690,26548772.181117423,30668323.197238233,4119.551,3.96379e14,0.5573,4.02208e6,-2.01657e6,5.05959e-9
1498212720,26567281.91909151,30681926.06068169,4114.644,3.98680e14,0.0199,4.02433e6,-2.01187e6,5.04780e-9
1498212750,26585804.35725815,30695486.076992687,4109.682,4.01482e14,0.7229,4.02902e6,-2.00716e6,5.03598e-9
1498212780,26604339.115409277,30709003.134835258,4104.664,4.01110e14,0.6296,4.01766e6,-2.00244e6,5.02411e-9
1498212810,26622885.81463769,30722477.1235695,4099.591,4.03178e14,1.1484,4.01851e6,-1.99770e6,5.01221e-9
1498212840,26641444.07734146,30735907.933248293,4094.464,4.02973e14,1.0971,4.00791e6,-1.99294e6,5.00027e-9
1498212870,26660013.527228333,30749295.454613924,4089.282,4.00107e14,0.3780,3.98402e6,-1.98817e6,4.98829e-9
1498212900,26678593.789319877,30762639.57909476,4084.046,4.00258e14,0.4159,3.97518e6,-1.98338e6,4.97627e-9
1498212930,26697184.48991518,30775940.198811535,4078.756,3.99886e14,0.3225,3.96370e6,-1.97858e6,4.96422e-9
1498212960,26715785.25671944,30789197.206544604,4073.412,3.98722e14,0.0304,3.94829e6,-1.97377e6,4.95213e-9
1498212990,26734395.71872231,30802410.495760154,4068.015,3.94095e14,1.1303,3.91577e6,-1.96894e6,4.94001e-9
1498213020,26753015.50624182,30815579.960597493,4062.564,4.04906e14,1.5818,3.95941e6,-1.96410e6,4.92785e-9
1498213050,26771644.25092746,30828705.495865926,4057.061,4.09029e14,2.6164,3.96989e6,-1.95924e6,4.91565e-9
1498213080,26790281.585763186,30841786.99704165,4051.505,4.02918e14,1.0833,3.93005e6,-1.95437e6,4.90343e-9
1498213110,26808927.14507026,30854824.360264633,4045.897,4.00422e14,0.4569,3.90802e6,-1.94949e6,4.89117e-9
1498213140,26827580.56450997,30867817.48233551,4040.237,3.97473e14,0.2828,3.88381e6,-1.94459e6,4.87887e-9
1498213170,26846241.481086243,30880766.260712523,4034.525,3.96554e14,0.5134,3.86953e6,-1.93968e6,4.86655e-9
1498213200,26864909.533148136,30893670.593508486,4028.761,3.97771e14,0.2081,3.86562e6,-1.93476e6,4.85419e-9
1498213230,26883584.36043981,30906530.379480112,4022.946,3.95662e14,0.7371,3.84554e6,-1.92983e6,4.84180e-9
1498213260,26902265.603955917,30919345.518048313,4017.080,3.98363e14,0.0596,3.84873e6,-1.92488e6,4.82938e-9
1498213290,26920952.906091344,30932115.90927187,4011.163,4.08525e14,2.4899,3.88776e6,-1.91992e6,4.81693e-9
1498213320,26939645.910595864,30944841.453851886,4005.196,4.01945e14,0.8390,3.84607e6,-1.91495e6,4.80445e-9
1498213350,26958344.26257643,30957522.053128704,3999.178,3.99825e14,0.3073,3.82591e6,-1.90997e6,4.79194e-9
1498213380,26977047.608499385,30970157.60907884,3993.110,4.01844e14,0.8138,3.82555e6,-1.90497e6,4.77940e-9
1498213410,26995755.596192617,30982748.024311937,3986.992,4.03092e14,1.1267,3.82144e6,-1.89997e6,4.76683e-9
1498213440,27014467.8748475,30995293.20206771,3980.825,3.99308e14,0.1774,3.79335e6,-1.89495e6,4.75424e-9
1498213470,27033184.095020767,31007793.046212893,3974.609,4.01155e14,0.6408,3.79204e6,-1.88992e6,4.74162e-9
1498213500,27051903.90863623,31020247.461238228,3968.344,4.01507e14,0.7293,3.78360e6,-1.88488e6,4.72897e-9
1498213530,27070626.96894448,31032656.35225433,3962.029,3.98778e14,0.0446,3.76059e6,-1.87983e6,4.71629e-9
1498213560,27089352.9306539,31045019.624992035,3955.667,4.00741e14,0.5371,3.75970e6,-1.87477e6,4.70359e-9
1498213590,27108081.449801784,31057337.18579597,3949.256,3.96964e14,0.4106,3.73181e6,-1.86970e6,4.69086e-9
1498213620,27126812.18379744,31069608.941622734,3942.797,3.91424e14,1.8003,3.69575e6,-1.86462e6,4.67810e-9
1498213650,27145544.791423008,31081834.80003788,3936.290,3.94006e14,1.1527,3.69770e6,-1.85953e6,4.66532e-9
1498213680,27164278.932834055,31094014.6692129,3929.736,3.99062e14,0.1157,3.71108e6,-1.85443e6,4.65252e-9
1498213710,27183014.269560207,31106148.45792236,3923.134,3.98509e14,0.0229,3.69828e6,-1.84932e6,4.63969e-9
1498213740,27201750.46450551,31118236.075540937,3916.486,4.01410e14,0.7050,3.70147e6,-1.84421e6,4.62684e-9
1498213770,27220487.18194879,31130277.43204048,3909.790,3.98361e14,0.0601,3.67710e6,-1.83908e6,4.61397e-9
1498213800,27239224.087543886,31142272.437987123,3903.048,3.95015e14,0.8995,3.65143e6,-1.83394e6,4.60107e-9
1498213830,27257960.84834464,31154221.004543096,3896.260,4.00396e14,0.4504,3.66587e6,-1.82879e6,4.58815e-9
1498213860,27276697.132728122,31166123.043449666,3889.426,4.03771e14,1.2972,3.67097e6,-1.82364e6,4.57521e-9
1498213890,27295432.610471953,31177978.467038453,3882.546,4.00530e14,0.4840,3.64579e6,-1.81847e6,4.56225e-9
1498213920,27314166.952729244,31189787.188224215,3875.620,4.00823e14,0.5576,3.63675e6,-1.81330e6,4.54926e-9
1498213950,27332899.832028635,31201549.120502014,3868.649,4.01379e14,0.6970,3.62888e6,-1.80812e6,4.53626e-9
1498213980,27351630.922274124,31213264.177944474,3861.633,4.01865e14,0.8189,3.62066e6,-1.80293e6,4.52323e-9
1498214010,27370359.898744978,31224932.275199223,3854.572,4.01218e14,0.6567,3.60730e6,-1.79774e6,4.51018e-9
1498214040,27389086.4380954,31236553.327486094,3847.467,3.98292e14,0.0773,3.58370e6,-1.79253e6,4.49712e-9
1498214070,27407810.218354233,31248127.250594553,3840.317,3.96486e14,0.5306,3.56517e6,-1.78732e6,4.48403e-9
1498214100,27426530.91892454,31259653.960881025,3833.123,3.95170e14,0.8605,3.54888e6,-1.78210e6,4.47093e-9
1498214130,27445248.22057536,31271133.375271797,3825.885,4.00394e14,0.4499,3.56175e6,-1.77687e6,4.45781e-9
1498214160,27463961.805465143,31282565.41124353,3818.604,4.07768e14,2.2998,3.58403e6,-1.77164e6,4.44466e-9
1498214190,27482671.357116736,31293949.98683761,3811.279,4.09250e14,2.6717,3.57999e6,-1.76639e6,4.43151e-9
1498214220,27501376.56042451,31305287.020652108,3803.910,4.06998e14,2.1068,3.55940e6,-1.76115e6,4.41833e-9
1498214250,27520077.1016535,31316576.431839295,3796.499,4.01570e14,0.7451,3.52486e6,-1.75589e6,4.40514e-9
1498214280,27538772.668438412,31327818.140103124,3789.045,3.97358e14,0.3116,3.49580e6,-1.75063e6,4.39193e-9
1498214310,27557462.94978264,31339012.06569673,3781.549,3.98978e14,0.0948,3.49236e6,-1.74536e6,4.37870e-9
1498214340,27576147.63605711,31350158.129419886,3774.010,4.00998e14,0.6016,3.49062e6,-1.74008e6,4.36546e-9
1498214370,27594826.418999102,31361256.252616554,3766.430,4.05950e14,1.8438,3.50157e6,-1.73480e6,4.35220e-9
1498214400,27613498.991711006,31372306.357172303,3758.807,4.01058e14,0.6165,3.46967e6,-1.72951e6,4.33893e-9
1498214430,27632165.048660006,31383308.365487903,3751.143,3.92541e14,1.5201,3.42221e6,-1.72422e6,4.32564e-9
1498214460,27650824.28567337,31394262.200550705,3743.438,3.92812e14,1.4521,3.41286e6,-1.71892e6,4.31233e-9
1498214490,27669476.39994049,31405167.785858095,3735.691,3.98169e14,0.1082,3.42535e6,-1.71361e6,4.29901e-9
1498214520,27688121.090010203,31416025.045438714,3727.904,4.00812e14,0.5548,3.42605e6,-1.70830e6,4.28568e-9
1498214550,27706758.05578907,31426833.903849892,3720.076,4.04022e14,1.3600,3.42910e6,-1.70299e6,4.27234e-9
1498214580,27725386.998539787,31437594.2861749,3712.207,4.04164e14,1.3957,3.41899e6,-1.69766e6,4.25898e-9
1498214610,27744007.620879415,31448306.11802045,3704.298,3.98933e14,0.0835,3.38605e6,-1.69234e6,4.24560e-9
1498214640,27762619.62677752,31458969.32551394,3696.350,3.90976e14,1.9129,3.34170e6,-1.68700e6,4.23222e-9
1498214670,27781222.721554264,31469583.83530099,3688.361,3.88532e14,2.5260,3.32081e6,-1.68167e6,4.21882e-9
1498214700,27799816.611878514,31480149.574542847,3680.333,3.97624e14,0.2450,3.34849e6,-1.67632e6,4.20541e-9
1498214730,27818401.00576471,31490666.470953606,3672.265,4.02511e14,0.9812,3.35830e6,-1.67098e6,4.19199e-9
1498214760,27836975.612574093,31501134.45267527,3664.159,4.05211e14,1.6585,3.35882e6,-1.66562e6,4.17855e-9
1498214790,27855540.1430091,31511553.44839799,3656.013,4.02372e14,0.9461,3.33619e6,-1.66027e6,4.16511e-9
1498214820,27874094.309112243,31521923.387318257,3647.829,3.99457e14,0.2148,3.31331e6,-1.65491e6,4.15165e-9
1498214850,27892637.824263893,31532244.19913681,3639.606,4.01753e14,0.7910,3.31207e6,-1.64954e6,4.13819e-9
1498214880,27911170.403179884,31542515.81405655,3631.345,4.01744e14,0.7887,3.30125e6,-1.64417e6,4.12471e-9
1498214910,27929691.76190912,31552738.16278052,3623.046,4.00329e14,0.4336,3.28464e6,-1.63880e6,4.11122e-9
1498214940,27948201.617831167,31562911.17650985,3614.710,4.04694e14,1.5287,3.29174e6,-1.63342e6,4.09772e-9
1498214970,27966699.68965374,31573034.786941733,3606.335,4.02909e14,1.0808,3.27360e6,-1.62804e6,4.08421e-9
1498215000,27985185.697410077,31583108.926267385,3597.923,4.04442e14,1.4654,3.26901e6,-1.62265e6,4.07070e-9
1498215030,28003659.3624516,31593133.527123813,3589.474,4.03743e14,1.2902,3.25532e6,-1.61726e6,4.05717e-9
1498215060,28022120.40746009,31603108.52273413,3580.988,3.99769e14,0.2933,3.22839e6,-1.61187e6,4.04364e-9
1498215090,28040568.5564302,31613033.84676299,3572.465,4.01534e14,0.7360,3.22469e6,-1.60648e6,4.03009e-9
1498215120,28059003.534671485,31622909.433360226,3563.906,3.96493e14,0.5287,3.19361e6,-1.60108e6,4.01654e-9
1498215150,28077425.06880554,31632735.217158545,3555.310,4.00350e14,0.4389,3.19827e6,-1.59567e6,4.00298e-9
1498215180,28095832.8867632,31642511.133271027,3546.678,4.02130e14,0.8856,3.19453e6,-1.59027e6,3.98941e-9
1498215210,28114226.717781637,31652237.11728882,3538.010,4.02462e14,0.9687,3.18498e6,-1.58486e6,3.97584e-9
1498215240,28132606.292401467,31661913.105278693,3529.307,3.97899e14,0.1760,3.15602e6,-1.57945e6,3.96225e-9
1498215270,28150971.342463773,31671539.03378072,3520.568,3.88298e14,2.5848,3.10729e6,-1.57403e6,3.94866e-9
1498215300,28169321.60110718,31681114.839805868,3511.793,3.96929e14,0.4194,3.13056e6,-1.56862e6,3.93507e-9
1498215330,28187656.802785426,31690640.460876603,3502.984,4.04329e14,1.4371,3.14876e6,-1.56320e6,3.92146e-9
1498215360,28205976.68320075,31700115.83489256,3494.139,4.03711e14,1.2822,3.13542e6,-1.55777e6,3.90785e-9
1498215390,28224280.979364548,31709540.900260426,3485.260,3.99458e14,0.2153,3.10793e6,-1.55235e6,3.89424e-9
1498215420,28242569.42957378,31718915.595849305,3476.346,4.01402e14,0.7029,3.10461e6,-1.54692e6,3.88061e-9
1498215450,28260841.773407996,31728239.860988844,3467.398,4.00385e14,0.4476,3.08977e6,-1.54149e6,3.86699e-9
1498215480,28279097.751726277,31737513.63546738,3458.416,3.94427e14,1.0470,3.05592e6,-1.53606e6,3.85335e-9
1498215510,28297337.10666425,31746736.859530177,3449.400,3.90015e14,2.1540,3.02817e6,-1.53062e6,3.83971e-9
1498215540,28315559.58163087,31755909.473877557,3440.350,3.94074e14,1.1355,3.03294e6,-1.52519e6,3.82607e-9
1498215570,28333764.921305355,31765031.419663176,3431.266,3.87476e14,2.7908,2.99697e6,-1.51975e6,3.81242e-9
1498215600,28351952.871633857,31774102.63849222,3422.150,3.88066e14,2.6428,2.98848e6,-1.51431e6,3.79877e-9
1498215630,28370123.179789774,31783123.07238712,3413.000,4.04898e14,1.5799,3.04145e6,-1.50887e6,3.78511e-9
1498215660,28388275.59428304,31792092.663886033,3403.817,3.98863e14,0.0659,3.00772e6,-1.50342e6,3.77145e-9
1498215690,28406409.864843823,31801011.355940823,3394.601,3.98879e14,0.0700,2.99688e6,-1.49798e6,3.75778e-9
1498215720,28424525.742455415,31809879.091947466,3385.353,4.00720e14,0.5318,2.99287e6,-1.49253e6,3.74411e-9
1498215750,28442622.979350463,31818695.815744046,3376.073,3.97752e14,0.2129,2.97087e6,-1.48708e6,3.73044e-9
1498215780,28460701.329007275,31827461.471608743,3366.760,4.02185e14,0.8993,2.97646e6,-1.48164e6,3.71676e-9
1498215810,28478760.54614601,31836176.00425789,3357.415,4.01178e14,0.6467,2.96178e6,-1.47618e6,3.70308e-9
1498215840,28496800.386724867,31844839.358843945,3348.039,3.95552e14,0.7648,2.93008e6,-1.47073e6,3.68940e-9
1498215870,28514820.607936244,31853451.48095352,3338.631,3.95288e14,0.8311,2.91824e6,-1.46528e6,3.67571e-9
1498215900,28532820.968202975,31862012.31660539,3329.191,3.93655e14,1.2407,2.90140e6,-1.45982e6,3.66202e-9
1498215930,28550801.227217153,31870521.812269557,3319.721,3.96033e14,0.6441,2.89923e6,-1.45437e6,3.64833e-9
1498215960,28568761.145804364,31878979.91480073,3310.219,4.05304e14,1.6818,2.92204e6,-1.44891e6,3.63464e-9
1498215990,28586700.486052234,31887386.571500912,3300.686,4.02086e14,0.8744,2.89938e6,-1.44346e6,3.62094e-9
1498216020,28604619.01126397,31895741.73009681,3291.123,3.96957e14,0.4122,2.86992e6,-1.43800e6,3.60724e-9
1498216050,28622516.485954832,31904045.338738143,3281.529,4.03820e14,1.3095,2.88368e6,-1.43254e6,3.59354e-9
1498216080,28640392.67584855,31912297.3459959,3271.905,4.02065e14,0.8693,2.86641e6,-1.42708e6,3.57984e-9
1498216110,28658247.3478738,31920497.7008607,3262.250,3.91430e14,1.7988,2.81751e6,-1.42162e6,3.56614e-9
1498216140,28676080.270160552,31928646.352741107,3252.566,3.99460e14,0.2157,2.83521e6,-1.41616e6,3.55243e-9
1498216170,28693891.21203646,31936743.251462046,3242.852,4.03319e14,1.1838,2.83793e6,-1.41070e6,3.53873e-9
1498216200,28711679.944023233,31944788.347263057,3233.108,3.99653e14,0.2641,2.81402e6,-1.40524e6,3.52502e-9
1498216230,28729446.237792682,31952781.590782344,3223.335,3.91359e14,1.8166,2.77396e6,-1.39977e6,3.51131e-9
1498216260,28747189.866287254,31960722.933099598,3213.533,3.90192e14,2.1095,2.75905e6,-1.39431e6,3.49761e-9
1498216290,28764910.60359162,31968612.325690046,3203.702,3.99725e14,0.2822,2.78145e6,-1.38885e6,3.48390e-9
1498216320,28782608.224969044,31976449.720437057,3193.841,4.00593e14,0.4998,2.77352e6,-1.38339e6,3.47019e-9
1498216350,28800282.506857175,31984235.069630504,3183.953,3.99699e14,0.2756,2.75948e6,-1.37792e6,3.45648e-9
1498216380,28817933.22686399,31991968.325965073,3174.035,3.93808e14,1.2024,2.72825e6,-1.37246e6,3.44277e-9
1498216410,28835560.16376367,31999649.44253863,3164.089,3.96174e14,0.6088,2.72550e6,-1.36700e6,3.42906e-9
1498216440,28853163.09749241,32007278.37285058,3154.115,4.08378e14,2.4530,2.75629e6,-1.36154e6,3.41535e-9
1498216470,28870741.80914426,32014855.07080022,3144.113,3.97898e14,0.1763,2.70958e6,-1.35607e6,3.40164e-9
1498216500,28888296.080966946,32022379.49068513,3134.083,3.95256e14,0.8392,2.68971e6,-1.35061e6,3.38793e-9
1498216530,28905825.696391914,32029851.58721556,3124.026,4.06580e14,2.0018,2.71704e6,-1.34515e6,3.37423e-9
1498216560,28923330.439924635,32037271.315463755,3113.941,4.00296e14,0.4254,2.68489e6,-1.33969e6,3.36052e-9
1498216590,28940810.09724629,32044638.63091139,3103.829,3.94144e14,1.1180,2.65335e6,-1.33423e6,3.34681e-9
1498216620,28958264.455175623,32051953.489432327,3093.689,4.03312e14,1.1820,2.67305e6,-1.32876e6,3.33311e-9
1498216650,28975693.301664963,32059215.8472912,3083.523,4.04708e14,1.5322,2.66669e6,-1.32330e6,3.31941e-9
1498216680,28993096.425796345,32066425.661142003,3073.329,3.98480e14,0.0302,2.63510e6,-1.31784e6,3.30570e-9
1498216710,29010473.617777582,32073582.888026714,3063.109,3.93870e14,1.1868,2.60901e6,-1.31238e6,3.29200e-9
1498216740,29027824.668938335,32080687.48537388,3052.863,3.86425e14,3.0545,2.57374e6,-1.30693e6,3.27830e-9
1498216770,29045149.37172617,32087739.410997268,3042.590,3.96290e14,0.5796,2.59520e6,-1.30147e6,3.26461e-9
1498216800,29062447.51970263,32094738.6230945,3032.291,4.09177e14,2.6535,2.62621e6,-1.29601e6,3.25091e-9
1498216830,29079718.90751341,32101685.08022582,3021.966,4.06228e14,1.9136,2.60560e6,-1.29055e6,3.23722e-9
1498216860,29096963.330964144,32108578.741373833,3011.615,3.92139e14,1.6210,2.54917e6,-1.28510e6,3.22352e-9
1498216890,29114180.586936265,32115419.565881036,3001.239,3.96984e14,0.4056,2.55389e6,-1.27964e6,3.20983e-9
1498216920,29131370.473408885,32122207.513468068,2990.837,4.00450e14,0.4641,2.55408e6,-1.27419e6,3.19614e-9
1498216950,29148532.78945441,32128942.544232138,2980.410,3.99451e14,0.2134,2.53997e6,-1.26873e6,3.18246e-9
1498216980,29165667.33523439,32135624.61864566,2969.957,4.10020e14,2.8650,2.56254e6,-1.26328e6,3.16878e-9
1498217010,29182773.91199526,32142253.697554674,2959.480,4.08361e14,2.4487,2.54625e6,-1.25783e6,3.15510e-9
1498217040,29199852.322064076,32148829.74217741,2948.977,4.01294e14,0.6758,2.51301e6,-1.25238e6,3.14142e-9
1498217070,29216902.368844267,32155352.71410278,2938.450,4.03763e14,1.2952,2.50980e6,-1.24693e6,3.12774e-9
1498217100,29233923.856811304,32161822.575289007,2927.899,3.99775e14,0.2946,2.48641e6,-1.24148e6,3.11407e-9
1498217130,29250916.591524154,32168239.288078208,2917.323,4.02172e14,0.8960,2.48293e6,-1.23603e6,3.10040e-9
1498217160,29267880.37957267,32174602.815145496,2906.722,3.99742e14,0.2865,2.46449e6,-1.23059e6,3.08673e-9
1498217190,29284815.028621923,32180913.119547226,2896.098,3.96331e14,0.5693,2.44310e6,-1.22514e6,3.07307e-9
1498217220,29301720.347392213,32187170.16470363,2885.450,4.02985e14,1.0999,2.45259e6,-1.21970e6,3.05941e-9
1498217250,29318596.14565505,32193373.914397705,2874.778,4.01432e14,0.7103,2.43692e6,-1.21426e6,3.04575e-9
1498217280,29335442.234228924,32199524.332773905,2864.082,3.93402e14,1.3041,2.40165e6,-1.20882e6,3.03210e-9
1498217310,29352258.42497526,32205621.38433708,2853.363,3.93216e14,1.3509,2.39028e6,-1.20338e6,3.01845e-9
1498217340,29369044.530794233,32211665.033951245,2842.621,4.00236e14,0.4103,2.40057e6,-1.19794e6,3.00480e-9
1498217370,29385800.36562066,32217655.246838506,2831.855,4.14611e14,4.0168,2.43267e6,-1.19250e6,2.99116e-9
1498217400,29402525.744419895,32223591.988577932,2821.066,4.18771e14,5.0603,2.43396e6,-1.18707e6,2.97752e-9
1498217430,29419220.483176805,32229475.225100826,2810.255,4.02273e14,0.9212,2.37392e6,-1.18163e6,2.96388e-9
1498217460,29435884.398912866,32235304.92270078,2799.421,4.07129e14,2.1396,2.37733e6,-1.17620e6,2.95025e-9
1498217490,29452517.309660796,32241081.0480215,2788.564,4.03705e14,1.2807,2.35630e6,-1.17077e6,2.93663e-9
1498217520,29469119.03446717,32246803.56805926,2777.685,3.89735e14,2.2242,2.30454e6,-1.16534e6,2.92300e-9
1498217550,29485689.39338832,32252472.450161893,2766.783,3.87002e14,2.9099,2.28585e6,-1.15991e6,2.90938e-9
1498217580,29502228.207486145,32258087.662027687,2755.859,3.93062e14,1.3894,2.29270e6,-1.15449e6,2.89577e-9
1498217610,29518735.29882394,32263649.17170428,2744.914,4.02611e14,1.0060,2.30945e6,-1.14906e6,2.88216e-9
1498217640,29535210.490462203,32269156.94758769,2733.946,4.09121e14,2.6394,2.31722e6,-1.14364e6,2.86855e-9
1498217670,29551653.606454447,32274610.95842116,2722.957,3.95908e14,0.6754,2.26852e6,-1.13822e6,2.85495e-9
1498217700,29568064.47184311,32280011.173294164,2711.947,3.84852e14,3.4491,2.22630e6,-1.13280e6,2.84135e-9
1498217730,29584442.912654914,32285357.561636344,2700.915,3.97405e14,0.2999,2.25115e6,-1.12738e6,2.82776e-9
1498217760,29600788.75589798,32290650.093231894,2689.861,3.95415e14,0.7992,2.23473e6,-1.12197e6,2.81417e-9
1498217790,29617101.82955637,32295888.738202967,2678.787,3.91046e14,1.8952,2.21171e6,-1.11655e6,2.80058e-9
1498217820,29633381.962586425,32301073.467013672,2667.692,3.97369e14,0.3090,2.21861e6,-1.11114e6,2.78700e-9
1498217850,29649628.98491258,32306204.250468984,2656.575,3.95403e14,0.8020,2.20236e6,-1.10573e6,2.77343e-9
1498217880,29665842.727423236,32311281.059713643,2645.438,3.94917e14,0.9242,2.19024e6,-1.10033e6,2.75986e-9
1498217910,29682023.021966692,32316303.866231177,2634.281,3.97300e14,0.3264,2.18602e6,-1.09492e6,2.74629e-9
1498217940,29698169.701347012,32321272.64184276,2623.103,3.89839e14,2.1980,2.15484e6,-1.08952e6,2.73273e-9
1498217970,29714282.599319942,32326187.358706236,2611.905,3.92920e14,1.4250,2.15253e6,-1.08411e6,2.71918e-9
1498218000,29730361.550588835,32331047.989315055,2600.686,4.02991e14,1.1016,2.16906e6,-1.07871e6,2.70563e-9
1498218030,29746406.3908118,32335854.50649672,2589.448,4.04071e14,1.3725,2.16111e6,-1.07332e6,2.69208e-9
1498218060,29762416.956562992,32340606.88341335,2578.190,3.95505e14,0.7766,2.12730e6,-1.06792e6,2.67854e-9
1498218090,29778393.085363384,32345305.093559235,2566.912,3.87408e14,2.8079,2.09497e6,-1.06253e6,2.66501e-9
1498218120,29794334.61566556,32349949.11076036,2555.614,3.94516e14,1.0247,2.10318e6,-1.05713e6,2.65148e-9
1498218150,29810241.38684967,32354538.909173306,2544.298,3.92787e14,1.4586,2.08790e6,-1.05174e6,2.63795e-9
1498218180,29826113.239219565,32359074.4632844,2532.961,3.93980e14,1.1593,2.08033e6,-1.04636e6,2.62443e-9
1498218210,29841950.013998777,32363555.74790877,2521.606,3.98415e14,0.0465,2.08120e6,-1.04097e6,2.61092e-9
1498218240,29857751.55332659,32367982.738189407,2510.231,3.98145e14,0.1144,2.06973e6,-1.03559e6,2.59741e-9
1498218270,29873517.700254053,32372355.409596283,2498.838,4.14416e14,3.9677,2.10102e6,-1.03021e6,2.58391e-9
1498218300,29889248.29874001,32376673.737925496,2487.425,4.05706e14,1.7827,2.06766e6,-1.02483e6,2.57041e-9
1498218330,29904943.193621356,32380937.699312516,2475.995,3.94351e14,1.0660,2.02778e6,-1.01945e6,2.55692e-9
1498218360,29920602.230688527,32385147.27018795,2464.545,4.12170e14,3.4043,2.06240e6,-1.01408e6,2.54343e-9
1498218390,29936225.256601788,32389302.427320063,2453.077,4.03452e14,1.2172,2.02942e6,-1.00870e6,2.52995e-9
1498218420,29951812.118912797,32393403.147800162,2441.591,3.86110e14,3.1335,1.97497e6,-1.00333e6,2.51648e-9
1498218450,29967362.666060563,32397449.409041844,2430.087,3.88583e14,2.5132,1.97059e6,-9.97965e5,2.50301e-9
1498218480,29982876.747367084,32401441.188780393,2418.564,3.88970e14,2.4162,1.96096e6,-9.92600e5,2.48955e-9
1498218510,29998354.213033386,32405378.46507214,2407.024,3.94569e14,1.0113,1.96422e6,-9.87236e5,2.47609e-9
1498218540,30013794.914135236,32409261.216293786,2395.466,3.99781e14,0.2961,1.96639e6,-9.81875e5,2.46263e-9
1498218570,30029198.702619076,32413089.421141822,2383.891,4.01582e14,0.7479,1.96007e6,-9.76516e5,2.44919e-9
1498218600,30044565.431297924,32416863.058631852,2372.298,3.95192e14,0.8551,1.93375e6,-9.71160e5,2.43575e-9
1498218630,30059894.953882243,32420582.108076844,2360.687,3.97648e14,0.2390,1.92903e6,-9.65805e5,2.42231e-9
1498218660,30075187.124868188,32424246.54915166,2349.059,3.95810e14,0.7000,1.91391e6,-9.60453e5,2.40888e-9
1498218690,30090441.799641572,32427856.36182726,2337.415,3.88436e14,2.5500,1.88559e6,-9.55104e5,2.39546e-9
1498218720,30105658.834439207,32431411.526390955,2325.753,3.99750e14,0.2883,1.90198e6,-9.49756e5,2.38204e-9
1498218750,30120838.08634521,32434912.02344559,2314.074,4.07461e14,2.2229,1.90954e6,-9.44411e5,2.36863e-9
1498218780,30135979.413287368,32438357.83390883,2302.378,3.92573e14,1.5121,1.86367e6,-9.39069e5,2.35523e-9
1498218810,30151082.6740334,32441748.93901235,2290.666,3.92931e14,1.4224,1.85390e6,-9.33729e5,2.34183e-9
1498218840,30166147.72818748,32445085.320301004,2278.938,4.08031e14,2.3659,1.87846e6,-9.28391e5,2.32843e-9
1498218870,30181174.436186455,32448366.959632136,2267.193,4.04043e14,1.3654,1.85843e6,-9.23055e5,2.31504e-9
1498218900,30196162.65929631,32451593.839174747,2255.431,3.87924e14,2.6785,1.81059e6,-9.17722e5,2.30166e-9
1498218930,30211112.25957641,32454765.941423558,2243.654,3.92518e14,1.5259,1.81059e6,-9.12391e5,2.28829e-9
1498218960,30226023.09997493,32457883.249152787,2231.860,4.09486e14,2.7310,1.83861e6,-9.07063e5,2.27492e-9
1498218990,30240895.044226,32460945.745460957,2220.051,3.98657e14,0.0142,1.80332e6,-9.01737e5,2.26155e-9
1498219020,30255727.956877965,32463953.413755573,2208.225,3.89998e14,2.1581,1.77321e6,-8.96414e5,2.24820e-9
1498219050,30270521.70328947,32466906.237752587,2196.385,3.92831e14,1.4474,1.76901e6,-8.91093e5,2.23485e-9
1498219080,30285276.149625618,32469804.201475807,2184.528,3.91262e14,1.8411,1.75496e6,-8.85774e5,2.22150e-9
1498219110,30299991.162854116,32472647.289256454,2172.656,3.92652e14,1.4925,1.74750e6,-8.80458e5,2.20816e-9
1498219140,30314666.61074138,32475435.485732593,2160.769,3.91614e14,1.7527,1.73467e6,-8.75144e5,2.19483e-9
1498219170,30329302.361848697,32478168.775848668,2148.866,4.57445e14,14.7628,1.86775e6,-8.69833e5,2.18150e-9
1498219200,30343898.28552834,32480847.144855034,2136.949,4.68669e14,17.5787,1.88068e6,-8.64524e5,2.16818e-9
1498219230,30358454.25194089,32483470.578308173,2125.016,3.97596e14,0.2520,1.71598e6,-8.59217e5,2.15487e-9
1498219260,30372970.13198638,32486039.06206826,2113.069,3.91438e14,1.7970,1.69220e6,-8.53913e5,2.14156e-9
1498219290,30387445.797365572,32488552.582300752,2101.107,3.84652e14,3.4993,1.66725e6,-8.48611e5,2.12825e-9
1498219320,30401881.120555323,32491011.12547533,2089.130,3.89455e14,2.2945,1.66699e6,-8.43312e5,2.11496e-9
1498219350,30416275.97480494,32493414.67836544,2077.139,4.00034e14,0.3596,1.67875e6,-8.38015e5,2.10167e-9
1498219380,30430630.23413264,32495763.228047986,2065.133,4.04514e14,1.4835,1.67750e6,-8.32721e5,2.08838e-9
1498219410,30444943.773322005,32498056.76190292,2053.113,4.06575e14,2.0007,1.67112e6,-8.27429e5,2.07511e-9
1498219440,30459216.467918396,32500295.267612804,2041.079,4.00157e14,0.3905,1.64720e6,-8.22140e5,2.06183e-9
1498219470,30473448.194225527,32502478.73316247,2029.031,3.99709e14,0.2781,1.63568e6,-8.16853e5,2.04857e-9
1498219500,30487638.829301868,32504607.146838635,2016.968,3.84727e14,3.4806,1.59461e6,-8.11568e5,2.03531e-9
1498219530,30501788.250948828,32506680.497213718,2004.892,3.83616e14,3.7592,1.58198e6,-8.06286e5,2.02206e-9
1498228950,32506907.203883454,30503305.677347023,2003.602,4.11111e14,3.1386,-1.63600e6,8.05298e5,-2.02064e-9
1498228980,32504839.95558553,30489160.41805741,2015.680,3.91789e14,1.7088,-1.60744e6,8.10583e5,-2.03389e-9
1498229010,32502717.642004892,30474973.93103399,2027.744,3.95270e14,0.8355,-1.62505e6,8.15870e5,-2.04715e-9
1498229040,32500540.27449866,30460746.338407196,2039.794,4.03271e14,1.1718,-1.65207e6,8.21159e5,-2.06042e-9
1498229070,32498307.86472499,30446477.76305827,2051.830,4.17239e14,4.6759,-1.69167e6,8.26452e5,-2.07369e-9
1498229100,32496020.42464372,30432168.32862273,2063.852,4.17979e14,4.8617,-1.70405e6,8.31746e5,-2.08697e-9
1498229130,32493677.966498636,30417818.159511134,2075.860,3.85330e14,3.3293,-1.64633e6,8.37043e5,-2.10025e-9
1498229160,32491280.502874125,30403427.380859323,2087.853,3.88437e14,2.5498,-1.66332e6,8.42343e5,-2.11354e-9
1498229190,32488828.04663953,30388996.11858534,2099.832,3.98035e14,0.1420,-1.69420e6,8.47645e5,-2.12684e-9
1498229220,32486320.61096777,30374524.499375835,2111.796,4.10717e14,3.0399,-1.73194e6,8.52949e5,-2.14014e-9
1498229250,32483758.20933574,30360012.65068973,2123.746,4.04699e14,1.5301,-1.72976e6,8.58256e5,-2.15345e-9
1498229280,32481140.855524704,30345460.700761996,2135.680,3.92755e14,1.4666,-1.71457e6,8.63566e5,-2.16676e-9
1498229310,32478468.56362081,30330868.778607305,2147.600,3.84494e14,3.5390,-1.70711e6,8.68877e5,-2.18008e-9
1498229340,32475741.348015387,30316237.01402387,2159.504,3.83649e14,3.7511,-1.71569e6,8.74192e5,-2.19341e-9
1498229370,32472959.223405555,30301565.5375971,2171.394,3.89730e14,2.2255,-1.73954e6,8.79508e5,-2.20674e-9
1498229400,32470122.204794507,30286854.480703413,2183.268,3.98309e14,0.0732,-1.76911e6,8.84827e5,-2.22008e-9
1498229430,32467230.307500277,30272103.975497846,2195.126,4.02923e14,1.0844,-1.79005e6,8.90149e5,-2.23343e-9
1498229460,32464283.547130823,30257314.154967714,2206.969,4.07095e14,2.1312,-1.81013e6,8.95473e5,-2.24678e-9
1498229490,32461281.93960997,30242485.15288636,2218.797,4.01157e14,0.6414,-1.80747e6,9.00800e5,-2.26014e-9
1498229520,32458225.501169685,30227617.10383294,2230.608,3.93035e14,1.3962,-1.79969e6,9.06129e5,-2.27350e-9
1498229550,32455114.24835067,30212710.143196244,2242.404,3.94919e14,0.9236,-1.81459e6,9.11460e5,-2.28687e-9
1498229580,32451948.198002893,30197764.40717828,2254.184,4.05520e14,1.7360,-1.84959e6,9.16794e5,-2.30024e-9
1498229610,32448727.36728628,30182780.032798007,2265.947,4.09803e14,2.8104,-1.87026e6,9.22130e5,-2.31362e-9
1498229640,32445451.773671195,30167757.157895107,2277.695,4.00686e14,0.5231,-1.85987e6,9.27468e5,-2.32701e-9
1498229670,32442121.434939206,30152695.921133634,2289.426,3.92005e14,1.6546,-1.85026e6,9.32809e5,-2.34041e-9
1498229700,32438736.36918353,30137596.4620058,2301.140,3.93403e14,1.3040,-1.86415e6,9.38153e5,-2.35381e-9
1498229730,32435296.594808534,30122458.920848984,2312.838,3.93601e14,1.2543,-1.87523e6,9.43498e5,-2.36721e-9
1498229760,32431802.130534485,30107283.43880851,2324.519,3.96621e14,0.4966,-1.89305e6,9.48847e5,-2.38062e-9
1498229790,32428252.995393954,30092070.157882717,2336.183,4.20300e14,5.4440,-1.96041e6,9.54197e5,-2.39404e-9
1498229820,32424649.2087339,30076819.22091342,2347.830,4.06190e14,1.9040,-1.93744e6,9.59550e5,-2.40746e-9
1498229850,32420990.790216394,30061530.7715899,2359.460,3.98263e14,0.0847,-1.92906e6,9.64905e5,-2.42089e-9
1498229880,32417277.759819247,30046204.954452768,2371.073,3.95186e14,0.8567,-1.93227e6,9.70263e5,-2.43433e-9
1498229910,32413510.137836825,30030841.91489794,2382.668,3.85147e14,3.3751,-1.91837e6,9.75623e5,-2.44777e-9
1498229940,32409687.944880705,30015441.7991806,2394.246,3.93429e14,1.2973,-1.94930e6,9.80985e5,-2.46121e-9
1498229970,32405811.201880474,30000004.754419122,2405.806,4.34404e14,8.9822,-2.06135e6,9.86349e5,-2.47467e-9
1498230000,32401879.930084422,29984530.928599082,2417.349,4.34304e14,8.9572,-2.07232e6,9.91716e5,-2.48812e-9
1498230030,32397894.1510617,29969020.470568586,2428.874,3.88872e14,2.4407,-1.96988e6,9.97085e5,-2.50159e-9
1498230060,32393853.88669881,29953473.530068904,2440.380,3.89095e14,2.3848,-1.98105e6,1.00246e6,-2.51506e-9
1498230090,32389759.159204815,29937890.257711563,2451.869,3.94084e14,1.1332,-2.00428e6,1.00783e6,-2.52853e-9
1498230120,32385609.99111065,29922270.804991037,2463.339,4.03510e14,1.2317,-2.03893e6,1.01321e6,-2.54201e-9
1498230150,32381406.405269902,29906615.324288618,2474.791,3.97891e14,0.1781,-2.03539e6,1.01858e6,-2.55550e-9
1498230180,32377148.424859714,29890923.96887638,2486.224,3.97304e14,0.3253,-2.04463e6,1.02396e6,-2.56899e-9
1498230210,32372836.07338149,29875196.892921153,2497.639,3.98526e14,0.0187,-2.05854e6,1.02935e6,-2.58249e-9
1498230240,32368469.374661803,29859434.251488402,2509.035,3.97717e14,0.2217,-2.06720e6,1.03473e6,-2.59599e-9
1498230270,32364048.352853183,29843636.20054626,2520.412,4.00653e14,0.5149,-2.08562e6,1.04012e6,-2.60950e-9
1498230300,32359573.032434914,29827802.896969445,2531.770,3.99687e14,0.2725,-2.09389e6,1.04551e6,-2.62301e-9
1498230330,32355043.438203637,29811934.49854438,2543.109,3.94674e14,0.9851,-2.09147e6,1.05090e6,-2.63653e-9
1498230360,32350459.59530598,29796031.163969543,2554.428,3.95127e14,0.8714,-2.10340e6,1.05629e6,-2.65005e-9
1498230390,32345821.529207442,29780093.05286331,2565.728,3.95367e14,0.8111,-2.11478e6,1.06169e6,-2.66358e-9
1498230420,32341129.265703503,29764120.325766664,2577.009,3.91929e14,1.6736,-2.11633e6,1.06709e6,-2.67712e-9
1498230450,32336382.830920495,29748113.144147217,2588.270,3.88827e14,2.4519,-2.11869e6,1.07249e6,-2.69066e-9
1498230480,32331582.251316357,29732071.6704033,2599.511,3.96851e14,0.4389,-2.15105e6,1.07789e6,-2.70420e-9
1498230510,32326727.553681545,29715996.067867976,2610.731,4.08454e14,2.4720,-2.19337e6,1.08329e6,-2.71775e-9
1498230540,32321818.765139833,29699886.500813056,2621.932,4.03325e14,1.1852,-2.19030e6,1.08870e6,-2.73131e-9
1498230570,32316855.91314922,29683743.134453293,2633.113,4.02312e14,0.9310,-2.19840e6,1.09410e6,-2.74487e-9
1498230600,32311839.02550284,29667566.134950325,2644.273,3.97182e14,0.3559,-2.19511e6,1.09951e6,-2.75843e-9
1498230630,32306768.130355347,29651355.6694234,2655.412,3.91810e14,1.7035,-2.19103e6,1.10493e6,-2.77200e-9
1498230660,32301643.25614539,29635111.90593337,2666.531,3.93847e14,1.1925,-2.20743e6,1.11034e6,-2.78558e-9
1498230690,32296464.431675296,29618835.01350684,2677.629,3.98985e14,0.0964,-2.23258e6,1.11576e6,-2.79916e-9
1498230720,32291231.686086755,29602525.162133887,2688.707,3.94737e14,0.9694,-2.23147e6,1.12117e6,-2.81274e-9
1498230750,32285945.048862085,29586182.522772197,2699.763,3.89644e14,2.2469,-2.22786e6,1.12659e6,-2.82633e-9
1498230780,32280604.549825367,29569807.26735126,2710.797,3.96268e14,0.5850,-2.25739e6,1.13201e6,-2.83993e-9
1498230810,32275210.219143726,29553399.568776622,2721.811,3.98624e14,0.0060,-2.27492e6,1.13744e6,-2.85352e-9
1498230840,32269762.087328542,29536959.600934006,2732.802,3.92938e14,1.4205,-2.26946e6,1.14286e6,-2.86713e-9
1498230870,32264260.18523666,29520487.53869351,2743.773,4.02573e14,0.9966,-2.30799e6,1.14829e6,-2.88073e-9
1498230900,32258704.54407159,29503983.557913885,2754.721,4.17127e14,4.6478,-2.36102e6,1.15372e6,-2.89434e-9
1498230930,32253095.195347607,29487447.83543843,2765.647,4.01569e14,0.7447,-2.32689e6,1.15915e6,-2.90796e-9
1498230960,32247432.171005428,29470880.549124468,2776.552,3.93514e14,1.2762,-2.31426e6,1.16458e6,-2.92158e-9
1498230990,32241715.50329868,29454281.877822265,2787.434,3.96812e14,0.4487,-2.33473e6,1.17001e6,-2.93520e-9
1498231020,32235945.224831905,29437652.001387343,2798.293,3.86344e14,3.0749,-2.31471e6,1.17545e6,-2.94883e-9
1498231050,32230121.368561506,29420991.10068458,2809.130,3.91961e14,1.6657,-2.34205e6,1.18088e6,-2.96246e-9
1498231080,32224243.967796545,29404299.35759231,2819.945,3.99796e14,0.2999,-2.37615e6,1.18632e6,-2.97610e-9
1498231110,32218313.056199815,29387576.955006514,2830.736,4.00510e14,0.4791,-2.38918e6,1.19176e6,-2.98974e-9
1498231140,32212328.667788643,29370824.076844875,2841.505,4.01418e14,0.7068,-2.40281e6,1.19720e6,-3.00338e-9
1498231170,32206290.836935848,29354040.90805089,2852.250,3.95157e14,0.8639,-2.39484e6,1.20264e6,-3.01703e-9
1498231200,32200199.598370712,29337227.634597998,2862.972,3.99174e14,0.1440,-2.41786e6,1.20809e6,-3.03068e-9
1498231230,32194054.98721442,29320384.443495546,2873.671,4.06871e14,2.0748,-2.45218e6,1.21353e6,-3.04433e-9
1498231260,32187857.038874906,29303511.52278715,2884.346,4.01621e14,0.7577,-2.44713e6,1.21898e6,-3.05799e-9
1498231290,32181605.789154224,29286609.061560597,2894.997,4.05391e14,1.7035,-2.46964e6,1.22443e6,-3.07165e-9
1498231320,32175301.2742155,29269677.249950107,2905.624,4.08956e14,2.5980,-2.49163e6,1.22988e6,-3.08531e-9
1498231350,32168943.530584306,29252716.279140424,2916.227,4.07179e14,2.1521,-2.49717e6,1.23533e6,-3.09898e-9
1498231380,32162532.595149994,29235726.34137097,2926.806,4.01327e14,0.6839,-2.48997e6,1.24078e6,-3.11265e-9
1498231410,32156068.50516723,29218707.629940014,2937.361,3.98941e14,0.0855,-2.49345e6,1.24623e6,-3.12632e-9
1498231440,32149551.298257403,29201660.339208726,2947.891,4.00465e14,0.4678,-2.50915e6,1.25169e6,-3.13999e-9
1498231470,32142981.012410052,29184584.66460537,2958.396,3.94718e14,0.9739,-2.50195e6,1.25714e6,-3.15367e-9
1498231500,32136357.685984433,29167480.802629486,2968.877,3.95495e14,0.7791,-2.51527e6,1.26260e6,-3.16735e-9
1498231530,32129681.357693966,29150348.950862676,2979.332,3.96086e14,0.6308,-2.52802e6,1.26806e6,-3.18104e-9
1498231560,32122952.066660166,29133189.30795209,2989.763,3.97253e14,0.3379,-2.54263e6,1.27351e6,-3.19472e-9
1498231590,32116169.852361772,29116002.073635276,3000.168,4.05779e14,1.8008,-2.58088e6,1.27897e6,-3.20841e-9
1498231620,32109334.754653066,29098787.448737692,3010.547,4.06583e14,2.0028,-2.59449e6,1.28443e6,-3.22210e-9
1498231650,32102446.813765258,29081545.63517692,3020.901,4.00683e14,0.5225,-2.58642e6,1.28989e6,-3.23579e-9
1498231680,32095506.070307884,29064276.83596678,3031.229,3.99562e14,0.2412,-2.59373e6,1.29536e6,-3.24949e-9
1498231710,32088512.56527024,29046981.255221628,3041.531,3.98482e14,0.0296,-2.60114e6,1.30082e6,-3.26319e-9
1498231740,32081466.34002271,29029659.098160442,3051.807,3.90971e14,1.9141,-2.58745e6,1.30628e6,-3.27688e-9
1498231770,32074367.436318234,29012310.571111027,3062.057,3.91802e14,1.7055,-2.60100e6,1.31175e6,-3.29058e-9
1498231800,32067215.896293614,28994935.881514188,3072.280,3.99541e14,0.2359,-2.63741e6,1.31721e6,-3.30428e-9
1498231830,32060011.76246931,28977535.237915996,3082.477,3.96876e14,0.4325,-2.63951e6,1.32268e6,-3.31799e-9
1498231860,32052755.077756014,28960108.85000847,3092.646,3.92498e14,1.5309,-2.63582e6,1.32814e6,-3.33169e-9
1498231890,32045445.88545075,28942656.928597096,3102.789,3.97582e14,0.2556,-2.66368e6,1.33361e6,-3.34540e-9
1498231920,32038084.229239903,28925179.68561668,3112.905,3.96261e14,0.5870,-2.67015e6,1.33907e6,-3.35910e-9
1498231950,32030670.15320078,28907677.334135357,3122.993,3.87915e14,2.6808,-2.65290e6,1.34454e6,-3.37281e-9
1498231980,32023203.70180291,28890150.08835857,3133.054,3.86439e14,3.0510,-2.65869e6,1.35001e6,-3.38652e-9
1498232010,32015684.919909574,28872598.163633093,3143.087,3.92174e14,1.6121,-2.68896e6,1.35548e6,-3.40023e-9
1498232040,32008113.852779202,28855021.776450954,3153.092,4.01536e14,0.7365,-2.73176e6,1.36094e6,-3.41393e-9
1498232070,32000490.546066865,28837421.144453418,3163.069,4.00706e14,0.5282,-2.73989e6,1.36641e6,-3.42764e-9
1498232100,31992815.045825757,28819796.48643492,3173.019,4.09437e14,2.7185,-2.78089e6,1.37188e6,-3.44135e-9
1498232130,31985087.398518037,28802148.02236074,3182.939,4.11907e14,3.3383,-2.80051e6,1.37735e6,-3.45506e-9
1498232160,31977307.650987603,28784475.97332864,3192.832,4.03329e14,1.1863,-2.78187e6,1.38281e6,-3.46877e-9
1498232190,31969475.850490555,28766780.561615225,3202.695,3.98376e14,0.0564,-2.77562e6,1.38828e6,-3.48248e-9
1498232220,31961592.04468751,28749062.010666173,3212.530,3.93397e14,1.3055,-2.76914e6,1.39375e6,-3.49619e-9
1498232250,31953656.281645205,28731320.545100268,3222.336,3.98046e14,0.1391,-2.79632e6,1.39922e6,-3.50990e-9
1498232280,31945668.60983821,28713556.39071337,3232.112,4.02770e14,1.0461,-2.82389e6,1.40469e6,-3.52361e-9
1498232310,31937629.078150634,28695769.77448243,3241.859,3.98493e14,0.0269,-2.81975e6,1.41015e6,-3.53731e-9
1498232340,31929537.735877853,28677960.924569383,3251.577,3.99804e14,0.3020,-2.83533e6,1.41562e6,-3.55102e-9
1498232370,31921394.632728215,28660130.070325118,3261.265,4.07681e14,2.2782,-2.87436e6,1.42109e6,-3.56472e-9
1498232400,31913199.81882478,28642277.442293357,3270.922,4.02103e14,0.8788,-2.86545e6,1.42655e6,-3.57843e-9
1498232430,31904953.3447003,28624403.272198677,3280.550,3.95200e14,0.8531,-2.85163e6,1.43202e6,-3.59213e-9
1498232460,31896655.261319984,28606507.792999454,3290.147,3.96292e14,0.5791,-2.86644e6,1.43748e6,-3.60583e-9
1498232490,31888305.620062158,28588591.238842387,3299.714,3.87328e14,2.8281,-2.84489e6,1.44294e6,-3.61953e-9
1498232520,31879904.47272689,28570653.84508219,3309.251,3.89356e14,2.3191,-2.86303e6,1.44841e6,-3.63323e-9
1498232550,31871451.871537626,28552695.848285258,3318.756,4.07327e14,2.1893,-2.93936e6,1.45387e6,-3.64692e-9
1498232580,31862947.86914306,28534717.486233316,3328.230,4.07723e14,2.2886,-2.95185e6,1.45933e6,-3.66061e-9
1498232610,31854392.51861883,28516718.997927073,3337.674,3.97814e14,0.1973,-2.92648e6,1.46479e6,-3.67430e-9
1498232640,31845785.873469383,28498700.623589817,3347.085,3.94104e14,1.1281,-2.92370e6,1.47025e6,-3.68799e-9
1498232670,31837127.98762964,28480662.604671057,3356.465,3.92930e14,1.4227,-2.93021e6,1.47571e6,-3.70167e-9
1498232700,31828418.915466875,28462605.183850057,3365.814,3.95478e14,0.7835,-2.95050e6,1.48116e6,-3.71536e-9
1498232730,31819658.71178546,28444528.605058745,3375.130,4.01051e14,0.6148,-2.98215e6,1.48662e6,-3.72903e-9
1498232760,31810847.431819666,28426433.11342561,3384.414,4.00613e14,0.5049,-2.99145e6,1.49207e6,-3.74271e-9
1498232790,31801985.131244503,28408318.95533918,3393.666,3.98368e14,0.0584,-2.99395e6,1.49753e6,-3.75638e-9
1498232820,31793071.86617471,28390186.37843218,3402.885,3.95415e14,0.7991,-2.99371e6,1.50298e6,-3.77005e-9
1498232850,31784107.69316662,28372035.63158526,3412.072,3.96669e14,0.4845,-3.00931e6,1.50843e6,-3.78371e-9
1498232880,31775092.66922007,28353866.96493052,3421.226,3.93614e14,1.2509,-3.00857e6,1.51388e6,-3.79737e-9
1498232910,31766026.851780314,28335680.629855182,3430.346,3.96913e14,0.4234,-3.03196e6,1.51932e6,-3.81102e-9
1498232940,31756910.298740003,28317476.87900505,3439.433,4.02773e14,1.0468,-3.06524e6,1.52477e6,-3.82467e-9
1498232970,31747743.06844103,28299255.966288056,3448.487,3.95463e14,0.7871,-3.04812e6,1.53021e6,-3.83832e-9
1498233000,31738525.21967653,28281018.14687772,3457.507,3.94202e14,1.1035,-3.05410e6,1.53565e6,-3.85196e-9
1498233030,31729256.811690763,28262763.677196316,3466.493,4.04869e14,1.5727,-3.10615e6,1.54109e6,-3.86559e-9
1498233060,31719937.904187594,28244492.814980786,3475.445,3.99969e14,0.3434,-3.09809e6,1.54652e6,-3.87922e-9
1498233090,31710568.557325993,28226205.819223333,3484.363,3.91167e14,1.8648,-3.07471e6,1.55196e6,-3.89284e-9
1498233120,31701148.831724107,28207902.950194854,3493.246,3.99977e14,0.3454,-3.11988e6,1.55739e6,-3.90646e-9
1498233150,31691678.78846128,28189584.46944809,3502.094,3.96215e14,0.5984,-3.11601e6,1.56282e6,-3.92007e-9
1498233180,31682158.489080068,28171250.639820594,3510.908,3.95397e14,0.8037,-3.12361e6,1.56824e6,-3.93368e-9
1498233210,31672587.99558834,28152901.725437827,3519.686,3.91798e14,1.7065,-3.12020e6,1.57367e6,-3.94727e-9
1498233240,31662967.37046121,28134537.99171609,3528.429,3.95644e14,0.7417,-3.14618e6,1.57909e6,-3.96086e-9
1498233270,31653296.67664324,28116159.705365445,3537.137,4.06715e14,2.0358,-3.20098e6,1.58451e6,-3.97445e-9
1498233300,31643575.977550402,28097767.13439261,3545.809,4.04997e14,1.6047,-3.20506e6,1.58992e6,-3.98803e-9
1498233330,31633805.337075427,28079360.548118453,3554.445,4.02028e14,0.8598,-3.20409e6,1.59533e6,-4.00159e-9
1498233360,31623984.819580182,28060940.217135746,3563.045,3.96588e14,0.5050,-3.19310e6,1.60074e6,-4.01516e-9
1498233390,31614114.48990746,28042506.41335715,3571.608,3.99981e14,0.3464,-3.21756e6,1.60615e6,-4.02871e-9
1498233420,31604194.413380057,28024059.41000341,3580.135,4.05623e14,1.7618,-3.25118e6,1.61155e6,-4.04225e-9
1498233450,31594224.65580295,28005599.481606204,3588.625,4.02530e14,0.9857,-3.24953e6,1.61695e6,-4.05579e-9
1498233480,31584205.283465464,27987126.904010996,3597.078,3.99192e14,0.1484,-3.24679e6,1.62235e6,-4.06932e-9
1498233510,31574136.363143552,27968641.95437971,3605.494,3.97428e14,0.2941,-3.25037e6,1.62774e6,-4.08284e-9
1498233540,31564017.96210199,27950144.9111935,3613.873,3.99651e14,0.2635,-3.27024e6,1.63313e6,-4.09635e-9
1498233570,31553850.148096602,27931636.05425544,3622.214,3.90185e14,2.1112,-3.24211e6,1.63851e6,-4.10984e-9
1498233600,31543632.989376534,27913115.6646931,3630.517,3.82470e14,4.0467,-3.22094e6,1.64389e6,-4.12333e-9
1498233630,31533366.554682948,27894584.024957035,3638.783,3.90314e14,2.0788,-3.26393e6,1.64927e6,-4.13681e-9
1498233660,31523050.913262308,27876041.418836053,3647.009,3.91496e14,1.7825,-3.27946e6,1.65464e6,-4.15028e-9
1498233690,31512686.13485773,27857488.13144703,3655.198,3.98799e14,0.0499,-3.32051e6,1.66001e6,-4.16374e-9
1498233720,31502272.289714765,27838924.449241288,3663.348,4.07053e14,2.1205,-3.36571e6,1.66537e6,-4.17719e-9
1498233750,31491809.448583685,27820350.660007063,3671.459,4.02915e14,1.0823,-3.35919e6,1.67073e6,-4.19062e-9
1498233780,31481297.68272182,27801767.052871715,3679.531,3.97142e14,0.3659,-3.34569e6,1.67609e6,-4.20405e-9
1498233810,31470737.063895833,27783173.918303955,3687.563,4.04448e14,1.4671,-3.38718e6,1.68143e6,-4.21746e-9
1498233840,31460127.66438408,27764571.548115987,3695.556,3.99009e14,0.1025,-3.37493e6,1.68678e6,-4.23086e-9
1498233870,31449469.5569789,27745960.235465616,3703.509,3.97299e14,0.3266,-3.37835e6,1.69212e6,-4.24424e-9
1498233900,31438762.814989008,27727340.274858262,3711.423,4.06376e14,1.9507,-3.42765e6,1.69745e6,-4.25762e-9
1498233930,31428007.5122456,27708711.96214421,3719.296,4.01409e14,0.7047,-3.41719e6,1.70278e6,-4.27098e-9
1498233960,31417203.72309325,27690075.594535083,3727.128,4.01446e14,0.7138,-3.42803e6,1.70811e6,-4.28433e-9
1498233990,31406351.522403672,27671431.470590882,3734.920,4.07218e14,2.1620,-3.46351e6,1.71343e6,-4.29766e-9
1498234020,31395450.985574543,27652779.890226576,3742.671,4.10124e14,2.8910,-3.48678e6,1.71874e6,-4.31098e-9
1498234050,31384502.18853192,27634121.154713746,3750.381,3.96589e14,0.5046,-3.43901e6,1.72405e6,-4.32429e-9
1498234080,31373505.207732704,27615455.566682044,3758.050,3.88016e14,2.6553,-3.41240e6,1.72935e6,-4.33758e-9
1498234110,31362460.120167207,27596783.43012092,3765.677,3.98163e14,0.1097,-3.46699e6,1.73464e6,-4.35085e-9
1498234140,31351367.003361583,27578105.0503809,3773.262,4.01380e14,0.6973,-3.49160e6,1.73993e6,-4.36411e-9
1498234170,31340225.93538036,27559420.73417508,3780.805,4.02015e14,0.8566,-3.50498e6,1.74521e6,-4.37736e-9
1498234200,31329036.99482902,27540730.78958037,3788.306,3.98439e14,0.0405,-3.49987e6,1.75049e6,-4.39059e-9
1498234230,31317800.26084985,27522035.526047576,3795.765,3.94289e14,1.0816,-3.49213e6,1.75576e6,-4.40380e-9
1498234260,31306515.813144986,27503335.254375447,3803.181,3.98713e14,0.0283,-3.52214e6,1.76102e6,-4.41699e-9
1498234290,31295183.731958643,27484630.286739092,3810.553,4.03494e14,1.2276,-3.55383e6,1.76628e6,-4.43017e-9
1498234320,31283804.098086193,27465920.936682224,3817.883,3.99170e14,0.1430,-3.54518e6,1.77153e6,-4.44333e-9
1498234350,31272376.992876757,27447207.519118212,3825.169,4.00906e14,0.5784,-3.56340e6,1.77677e6,-4.45648e-9
1498234380,31260902.498235766,27428490.35033097,3832.412,4.06268e14,1.9236,-3.59786e6,1.78201e6,-4.46960e-9
1498234410,31249380.696627636,27409769.747975904,3839.611,4.04772e14,1.5482,-3.60171e6,1.78724e6,-4.48271e-9
1498234440,31237811.671078287,27391046.03108064,3846.766,3.99885e14,0.3223,-3.59026e6,1.79246e6,-4.49580e-9
1498234470,31226195.50517784,27372319.52004574,3853.876,4.03293e14,1.1772,-3.61606e6,1.79767e6,-4.50886e-9
1498234500,31214532.283083297,27353590.536645327,3860.942,4.00994e14,0.6004,-3.61613e6,1.80287e6,-4.52191e-9
1498234530,31202822.089535896,27334859.404017754,3867.963,3.92676e14,1.4864,-3.58883e6,1.80807e6,-4.53494e-9
1498234560,31191065.009818446,27316126.44669648,3874.939,3.96516e14,0.5228,-3.61659e6,1.81326e6,-4.54795e-9
1498234590,31179261.129803445,27297391.990579788,3881.869,3.93842e14,1.1937,-3.61473e6,1.81844e6,-4.56094e-9
1498234620,31167410.535941295,27278656.36294086,3888.754,3.93911e14,1.1765,-3.62532e6,1.82361e6,-4.57390e-9
1498234650,31155513.315263107,27259919.89242787,3895.593,4.00599e14,0.5014,-3.66626e6,1.82877e6,-4.58685e-9
1498234680,31143569.55538353,27241182.909064047,3902.387,4.03687e14,1.2761,-3.69079e6,1.83393e6,-4.59977e-9
1498234710,31131579.344503693,27222445.74424747,3909.134,3.92940e14,1.4201,-3.65157e6,1.83907e6,-4.61267e-9
1498234740,31119542.771414112,27203708.730750952,3915.834,3.97470e14,0.2837,-3.68272e6,1.84421e6,-4.62555e-9
1498234770,31107459.925497465,27184972.20272172,3922.488,4.07083e14,2.1282,-3.73755e6,1.84934e6,-4.63840e-9
1498234800,31095330.896731555,27166236.495681062,3929.094,4.00342e14,0.4369,-3.71654e6,1.85445e6,-4.65123e-9
1498234830,31083155.775667537,27147501.946532324,3935.654,3.95314e14,0.8246,-3.70332e6,1.85956e6,-4.66404e-9
1498234860,31070934.653508898,27128768.893534172,3942.166,3.95604e14,0.7517,-3.71483e6,1.86466e6,-4.67682e-9
1498234890,31058667.622038066,27110037.676326234,3948.630,4.03588e14,1.2512,-3.76240e6,1.86975e6,-4.68958e-9
1498234920,31046354.77364387,27091308.63591993,3955.046,4.06795e14,2.0558,-3.78770e6,1.87483e6,-4.70231e-9
1498234950,31033996.201324195,27072582.114697643,3961.414,4.00787e14,0.5486,-3.76961e6,1.87989e6,-4.71501e-9
1498234980,31021591.99868878,27053858.45641183,3967.734,3.96586e14,0.5054,-3.75989e6,1.88495e6,-4.72769e-9
1498235010,31009142.259962004,27035138.006184127,3974.004,3.98844e14,0.0612,-3.78066e6,1.89000e6,-4.74035e-9
1498235040,30996647.079985604,27016421.11050411,3980.226,3.99398e14,0.2001,-3.79336e6,1.89503e6,-4.75297e-9
1498235070,30984106.554221485,26997708.117228236,3986.398,3.95772e14,0.7097,-3.78614e6,1.90006e6,-4.76557e-9
1498235100,30971520.778754644,26978999.37557847,3992.521,3.96449e14,0.5397,-3.79936e6,1.90507e6,-4.77814e-9
1498235130,30958889.85032506,26960295.236136314,3998.595,3.97005e14,0.4002,-3.81200e6,1.91008e6,-4.79068e-9
1498235160,30946213.866240714,26941596.050855257,4004.618,3.99527e14,0.2324,-3.83407e6,1.91507e6,-4.80320e-9
1498235190,30933492.92447068,26922902.1730452,4010.591,4.03117e14,1.1331,-3.86133e6,1.92005e6,-4.81568e-9
1498235220,30920727.123619072,26904213.95737506,4016.513,3.92038e14,1.6463,-3.81783e6,1.92501e6,-4.82813e-9
1498235250,30907916.562928263,26885531.75987094,4022.385,3.93324e14,1.3238,-3.83387e6,1.92997e6,-4.84056e-9
1498235280,30895061.34228206,26866855.93791401,4028.205,3.95267e14,0.8363,-3.85312e6,1.93491e6,-4.85295e-9
1498235310,30882161.562208995,26848186.85023833,4033.975,3.97606e14,0.2495,-3.87432e6,1.93984e6,-4.86531e-9
1498235340,30869217.323885564,26829524.85692852,4039.692,4.06818e14,2.0617,-3.92907e6,1.94476e6,-4.87764e-9
1498235370,30856228.729139447,26810870.31941736,4045.358,4.06409e14,1.9590,-3.93698e6,1.94966e6,-4.88994e-9
1498235400,30843195.880452875,26792223.60048321,4050.972,4.03637e14,1.2635,-3.93326e6,1.95456e6,-4.90220e-9
1498235430,30830118.880940203,26773585.064250026,4056.534,4.00624e14,0.5078,-3.92828e6,1.95943e6,-4.91443e-9
1498235460,30816997.834430233,26754955.076176167,4062.043,4.02131e14,0.8857,-3.94545e6,1.96430e6,-4.92663e-9
1498235490,30803832.84539044,26736334.003059667,4067.499,4.03175e14,1.1476,-3.96035e6,1.96915e6,-4.93879e-9
1498235520,30790624.01895554,26717722.21303253,4072.902,4.07181e14,2.1528,-3.98991e6,1.97399e6,-4.95092e-9
1498235550,30777371.460930713,26699120.075557504,4078.251,4.01876e14,0.8217,-3.97333e6,1.97881e6,-4.96301e-9
1498235580,30764075.277794678,26680527.961424753,4083.547,3.98041e14,0.1403,-3.96390e6,1.98362e6,-4.97507e-9
1498235610,30750735.5767028,26661946.242748354,4088.789,4.04774e14,1.5488,-4.00706e6,1.98841e6,-4.98709e-9
1498235640,30737352.46549025,26643375.29296271,4093.977,4.06155e14,1.8954,-4.02360e6,1.99319e6,-4.99908e-9
1498235670,30723926.052675165,26624815.486818768,4099.111,3.96210e14,0.5997,-3.98338e6,1.99796e6,-5.01102e-9
1498235700,30710456.447461717,26606267.200380098,4104.189,3.90130e14,2.1252,-3.96230e6,2.00271e6,-5.02293e-9
1498235730,30696943.759763114,26587730.811010092,4109.213,3.93699e14,1.2297,-3.98964e6,2.00744e6,-5.03480e-9
1498235760,30683388.100144,26569206.69739473,4114.181,3.97136e14,0.3675,-4.01636e6,2.01216e6,-5.04663e-9
1498235790,30669789.579884406,26550695.239511408,4119.094,4.03731e14,1.2872,-4.05911e6,2.01686e6,-5.05842e-9
1498235820,30656148.310963575,26532196.818633057,4123.951,4.03770e14,1.2969,-4.06873e6,2.02155e6,-5.07017e-9
1498235850,30642464.406063274,26513711.817323416,4128.753,4.00837e14,0.5612,-4.06323e6,2.02622e6,-5.08188e-9
1498235880,30628737.97857127,26495240.61943223,4133.497,3.94142e14,1.1185,-4.03846e6,2.03087e6,-5.09355e-9
1498235910,30614969.14258475,26476783.610090215,4138.186,3.98645e14,0.0111,-4.07066e6,2.03551e6,-5.10518e-9
1498235940,30601158.012913745,26458341.17570396,4142.817,4.04992e14,1.6034,-4.11238e6,2.04013e6,-5.11676e-9
1498235970,30587304.705084663,26439913.70395063,4147.391,3.98000e14,0.1506,-4.08580e6,2.04473e6,-5.12830e-9
1498236000,30573409.335343707,26421501.583772507,4151.908,3.98751e14,0.0377,-4.09882e6,2.04932e6,-5.13980e-9
1498236030,30559472.02064317,26403105.205391712,4156.367,4.05697e14,1.7805,-4.14374e6,2.05389e6,-5.15125e-9
1498236060,30545492.87869801,26384724.960242067,4160.768,4.01809e14,0.8049,-4.13284e6,2.05844e6,-5.16266e-9
1498236090,30531472.027936302,26366361.241025563,4165.111,3.97662e14,0.2354,-4.12048e6,2.06297e6,-5.17403e-9
1498236120,30517409.587519716,26348014.441686347,4169.395,4.00296e14,0.4253,-4.14315e6,2.06748e6,-5.18534e-9
1498236150,30503305.677347023,26329684.95740469,4173.621,3.92210e14,1.6032,-4.11014e6,2.07198e6,-5.19661e-9
1498236180,30489160.41805741,26311373.184590653,4177.787,3.97572e14,0.2581,-4.14694e6,2.07645e6,-5.20784e-9
1498236210,30474973.93103399,26293079.52087778,4181.894,3.91487e14,1.7847,-4.12408e6,2.08091e6,-5.21901e-9
1498236240,30460746.338407196,26274804.365116533,4185.942,3.90431e14,2.0496,-4.12736e6,2.08535e6,-5.23014e-9
1498236270,30446477.76305827,26256548.11736749,4189.930,3.96493e14,0.5288,-4.16787e6,2.08977e6,-5.24122e-9
1498236300,30432168.32862273,26238311.17889447,4193.857,3.98697e14,0.0242,-4.18822e6,2.09416e6,-5.25224e-9
1498236330,30417818.159511134,26220093.95212831,4197.724,4.06453e14,1.9700,-4.23779e6,2.09854e6,-5.26322e-9
1498236360,30403427.380859323,26201896.840749178,4201.531,3.99933e14,0.3344,-4.21221e6,2.10290e6,-5.27415e-9
1498236390,30388996.11858534,26183720.249589354,4205.276,3.93401e14,1.3045,-4.18637e6,2.10724e6,-5.28502e-9
1498236420,30374524.499375835,26165564.584654283,4208.960,3.89037e14,2.3994,-4.17183e6,2.11155e6,-5.29584e-9
1498236450,30360012.65068973,26147430.25311452,4212.582,3.95478e14,0.7832,-4.21450e6,2.11585e6,-5.30661e-9
1498236480,30345460.700761996,26129317.66329752,4216.143,4.03689e14,1.2765,-4.26667e6,2.12012e6,-5.31733e-9
1498236510,30330868.778607305,26111227.22467912,4219.642,4.03387e14,1.2008,-4.27361e6,2.12437e6,-5.32799e-9
1498236540,30316237.01402387,26093159.347874884,4223.078,4.05783e14,1.8019,-4.29491e6,2.12860e6,-5.33860e-9
1498236570,30301565.5375971,26075114.444631364,4226.451,4.01337e14,0.6864,-4.27962e6,2.13281e6,-5.34915e-9
1498236600,30286854.480703413,26057092.927817017,4229.762,3.94024e14,1.1482,-4.24882e6,2.13699e6,-5.35964e-9
1498236630,30272103.975497846,26039095.2114452,4233.009,3.98139e14,0.1158,-4.27919e6,2.14116e6,-5.37008e-9
1498236660,30257314.154967714,26021121.710565828,4236.192,3.97447e14,0.2893,-4.28374e6,2.14529e6,-5.38046e-9
1498236690,30242485.15288636,26003172.841355015,4239.312,3.94041e14,1.1439,-4.27360e6,2.14941e6,-5.39078e-9
1498236720,30227617.10383294,25985249.02107353,4242.368,3.98804e14,0.0510,-4.30746e6,2.15350e6,-5.40104e-9
1498236750,30212710.143196244,25967350.66805719,4245.359,4.03524e14,1.2352,-4.34114e6,2.15757e6,-5.41124e-9
1498236780,30197764.40717828,25949478.201706875,4248.286,3.99973e14,0.3444,-4.33002e6,2.16162e6,-5.42139e-9
1498236810,30182780.032798007,25931632.042478684,4251.148,3.96919e14,0.4219,-4.32149e6,2.16563e6,-5.43147e-9
1498236840,30167757.157895107,25913812.61187358,4253.945,4.00074e14,0.3698,-4.34663e6,2.16963e6,-5.44149e-9
1498236870,30152695.921133634,25896020.332426976,4256.676,4.04461e14,1.4702,-4.37849e6,2.17360e6,-5.45144e-9
1498236900,30137596.4620058,25878255.627698116,4259.341,4.06582e14,2.0024,-4.39802e6,2.17754e6,-5.46133e-9
1498236930,30122458.920848984,25860518.922227822,4261.940,4.05840e14,1.8163,-4.40188e6,2.18146e6,-5.47116e-9
1498236960,30107283.43880851,25842810.641624153,4264.473,3.99822e14,0.3063,-4.37675e6,2.18536e6,-5.48093e-9
1498236990,30092070.157882717,25825131.212454244,4266.939,3.92255e14,1.5919,-4.34295e6,2.18922e6,-5.49063e-9
1498237020,30076819.22091342,25807481.0622639,4269.338,3.91951e14,1.6681,-4.34890e6,2.19306e6,-5.50026e-9
1498237050,30061530.7715899,25789860.61956561,4271.670,4.00995e14,0.6008,-4.40629e6,2.19688e6,-5.50982e-9
1498237080,30046204.954452768,25772270.313826375,4273.935,4.07617e14,2.2621,-4.45043e6,2.20067e6,-5.51932e-9
1498237110,30030841.91489794,25754710.575455368,4276.131,4.00168e14,0.3934,-4.41686e6,2.20442e6,-5.52875e-9
1498237140,30015441.7991806,25737181.835791226,4278.260,4.01438e14,0.7119,-4.43136e6,2.20816e6,-5.53811e-9
1498237170,30000004.754419122,25719684.52708932,4280.320,4.09646e14,2.7711,-4.48433e6,2.21186e6,-5.54740e-9
1498237200,29984530.928599082,25702219.082508653,4282.312,4.07311e14,2.1852,-4.47881e6,2.21554e6,-5.55662e-9
1498237230,29969020.470568586,25684785.93612685,4284.235,4.00143e14,0.3871,-4.44629e6,2.21918e6,-5.56576e-9
1498237260,29953473.530068904,25667385.52283997,4286.088,3.96550e14,0.5145,-4.43350e6,2.22280e6,-5.57484e-9
1498237290,29937890.257711563,25650018.27843561,4287.872,3.93539e14,1.2698,-4.42385e6,2.22639e6,-5.58384e-9
1498237320,29922270.804991037,25632684.63955128,4289.586,3.89855e14,2.1941,-4.41032e6,2.22995e6,-5.59277e-9
1498237350,29906615.324288618,25615385.0436605,4291.230,3.95862e14,0.6869,-4.45095e6,2.23348e6,-5.60162e-9
1498237380,29890923.96887638,25598119.929058764,4292.804,3.98132e14,0.1175,-4.47066e6,2.23698e6,-5.61040e-9
1498237410,29875196.892921153,25580889.73484933,4294.307,3.94626e14,0.9971,-4.45789e6,2.24045e6,-5.61910e-9
1498237440,29859434.251488402,25563694.90092866,4295.739,3.98218e14,0.0959,-4.48495e6,2.24388e6,-5.62772e-9
1498237470,29843636.20054626,25546535.86797182,4297.100,4.01842e14,0.8134,-4.51218e6,2.24729e6,-5.63627e-9
1498237500,29827802.896969445,25529413.077417452,4298.390,3.96389e14,0.5549,-4.48818e6,2.25067e6,-5.64474e-9
1498237530,29811934.49854438,25512326.971434407,4299.608,3.98664e14,0.0159,-4.50771e6,2.25401e6,-5.65312e-9
1498237560,29796031.163969543,25495277.992962714,4300.753,3.98654e14,0.0136,-4.51428e6,2.25732e6,-5.66143e-9
1498237590,29780093.05286331,25478266.58564158,4301.826,3.94437e14,1.0446,-4.49692e6,2.26060e6,-5.66966e-9
1498237620,29764120.325766664,25461293.193811655,4302.827,3.99829e14,0.3082,-4.53400e6,2.26385e6,-5.67780e-9
1498237650,29748113.144147217,25444358.262498796,4303.755,4.04573e14,1.4984,-4.56741e6,2.26706e6,-5.68587e-9
1498237680,29732071.6704033,25427462.237397533,4304.609,4.00199e14,0.4010,-4.54891e6,2.27024e6,-5.69384e-9
1498237710,29715996.067867976,25410605.564854506,4305.391,3.94353e14,1.0656,-4.52188e6,2.27339e6,-5.70174e-9
1498237740,29699886.500813056,25393788.691851404,4306.098,3.95234e14,0.8446,-4.53311e6,2.27650e6,-5.70955e-9
1498237770,29683743.134453293,25377012.065987825,4306.731,4.00066e14,0.3677,-4.56686e6,2.27958e6,-5.71727e-9
1498237800,29667566.134950325,25360276.13546382,4307.290,3.99419e14,0.2055,-4.56926e6,2.28262e6,-5.72490e-9
1498237830,29651355.6694234,25343581.349064175,4307.774,3.95304e14,0.8269,-4.55169e6,2.28563e6,-5.73245e-9
1498237860,29635111.90593337,25326928.156134743,4308.184,3.96962e14,0.4109,-4.56713e6,2.28860e6,-5.73991e-9
1498237890,29618835.01350684,25310317.006569996,4308.518,3.99445e14,0.2118,-4.58726e6,2.29154e6,-5.74728e-9
1498237920,29602525.162133887,25293748.350792855,4308.777,3.98771e14,0.0429,-4.58919e6,2.29444e6,-5.75456e-9
1498237950,29586182.522772197,25277222.63973614,4308.960,3.98261e14,0.0853,-4.59198e6,2.29730e6,-5.76175e-9
1498237980,29569807.26735126,25260740.324823752,4309.067,3.99976e14,0.3452,-4.60753e6,2.30013e6,-5.76884e-9
1498238010,29553399.568776622,25244301.857951697,4309.098,4.01120e14,0.6322,-4.61973e6,2.30292e6,-5.77585e-9
1498238040,29536959.600934006,25227907.691468857,4309.052,4.00754e14,0.5402,-4.62314e6,2.30568e6,-5.78275e-9
1498238070,29520487.53869351,25211558.278157465,4308.929,3.96231e14,0.5946,-4.60239e6,2.30839e6,-5.78957e-9
1498238100,29503983.557913885,25195254.07121347,4308.729,3.97961e14,0.1603,-4.61777e6,2.31107e6,-5.79629e-9
1498238130,29487447.83543843,25178995.524241164,4308.452,4.00571e14,0.4944,-4.63818e6,2.31371e6,-5.80291e-9
1498238160,29470880.549124468,25162783.091188256,4308.097,3.96675e14,0.4831,-4.62076e6,2.31631e6,-5.80943e-9
1498238190,29454281.877822265,25146617.22637046,4307.665,4.01722e14,0.7831,-4.65522e6,2.31887e6,-5.81586e-9
1498238220,29437652.001387343,25130498.38443654,4307.154,4.07481e14,2.2278,-4.69382e6,2.32139e6,-5.82219e-9
1498238250,29420991.10068458,25114427.020347495,4306.564,4.04515e14,1.4838,-4.68155e6,2.32387e6,-5.82841e-9
1498238280,29404299.35759231,25098403.589355737,4305.896,3.98292e14,0.0773,-4.65016e6,2.32631e6,-5.83454e-9
1498238310,29387576.955006514,25082428.54698393,4305.148,3.94232e14,1.0959,-4.63125e6,2.32871e6,-5.84056e-9
1498238340,29370824.076844875,25066502.34900353,4304.322,3.96365e14,0.5608,-4.64841e6,2.33107e6,-5.84649e-9
1498238370,29354040.90805089,25050625.451413203,4303.415,3.98775e14,0.0439,-4.66714e6,2.33339e6,-5.85230e-9
1498238400,29337227.634597998,25034798.310416922,4302.429,3.97169e14,0.3592,-4.66228e6,2.33566e6,-5.85802e-9
1498238430,29320384.443495546,25019021.382382784,4301.363,3.92119e14,1.6259,-4.63714e6,2.33789e6,-5.86362e-9
1498238460,29303511.52278715,25003295.123879526,4300.216,3.97469e14,0.2838,-4.67288e6,2.34009e6,-5.86913e-9
1498238490,29286609.061560597,24987619.991594836,4298.989,3.98411e14,0.0476,-4.68271e6,2.34223e6,-5.87452e-9
1498238520,29269677.249950107,24971996.44233143,4297.681,3.94658e14,0.9890,-4.66485e6,2.34434e6,-5.87981e-9
1498238550,29252716.279140424,24956424.932983913,4296.291,3.96377e14,0.5579,-4.67907e6,2.34640e6,-5.88498e-9
1498238580,29235726.34137097,24940905.920515243,4294.820,3.95796e14,0.7036,-4.67967e6,2.34842e6,-5.89005e-9
1498238610,29218707.629940014,24925439.861933067,4293.268,3.99074e14,0.1187,-4.70293e6,2.35039e6,-5.89500e-9
1498238640,29201660.339208726,24910027.214265764,4291.633,3.98227e14,0.0936,-4.70180e6,2.35232e6,-5.89985e-9
1498238670,29184584.66460537,24894668.434538264,4289.916,3.97824e14,0.1948,-4.70319e6,2.35420e6,-5.90458e-9
1498238700,29167480.802629486,24879363.97974769,4288.117,3.99503e14,0.2264,-4.71678e6,2.35604e6,-5.90920e-9
1498238730,29150348.950862676,24864114.30684867,4286.235,4.02681e14,1.0237,-4.73917e6,2.35783e6,-5.91370e-9
1498238760,29133189.30795209,24848919.87269769,4284.269,3.97269e14,0.3341,-4.71065e6,2.35958e6,-5.91809e-9
1498238790,29116002.073635276,24833781.134059094,4282.221,3.93721e14,1.2242,-4.69303e6,2.36128e6,-5.92236e-9
1498238820,29098787.448737692,24818698.547569774,4280.089,3.99110e14,0.1279,-4.72826e6,2.36293e6,-5.92651e-9
1498238850,29081545.63517692,24803672.569713794,4277.873,3.98734e14,0.0334,-4.72924e6,2.36454e6,-5.93054e-9
1498238880,29064276.83596678,24788703.656796776,4275.573,3.97055e14,0.3877,-4.72240e6,2.36609e6,-5.93446e-9
1498238910,29046981.255221628,24773792.264920063,4273.189,4.00855e14,0.5656,-4.74798e6,2.36760e6,-5.93825e-9
1498238940,29029659.098160442,24758938.849954735,4270.720,4.04327e14,1.4368,-4.77155e6,2.36906e6,-5.94192e-9
1498238970,29012310.571111027,24744143.867515273,4268.167,3.96340e14,0.5671,-4.72691e6,2.37048e6,-5.94548e-9
1498239000,28994935.881514188,24729407.772933252,4265.528,3.93247e14,1.3431,-4.71123e6,2.37184e6,-5.94890e-9
1498239030,28977535.237915996,24714731.02123384,4262.804,3.99790e14,0.2985,-4.75279e6,2.37315e6,-5.95221e-9
1498239060,28960108.85000847,24700114.06709903,4259.995,4.04566e14,1.4967,-4.78377e6,2.37442e6,-5.95539e-9
1498239090,28942656.928597096,24685557.364850484,4257.100,4.02361e14,0.9435,-4.77307e6,2.37563e6,-5.95844e-9
1498239120,28925179.68561668,24671061.368419133,4254.118,3.98271e14,0.0826,-4.75103e6,2.37679e6,-5.96136e-9
1498239150,28907677.334135357,24656626.531317748,4251.051,3.98493e14,0.0271,-4.75458e6,2.37790e6,-5.96416e-9
1498239180,28890150.08835857,24642253.306613307,4247.897,3.98957e14,0.0895,-4.75948e6,2.37896e6,-5.96683e-9
1498239210,28872598.163633093,24627942.14689917,4244.656,4.00307e14,0.4282,-4.76956e6,2.37997e6,-5.96937e-9
1498239240,28855021.776450954,24613693.504267097,4241.328,3.99855e14,0.3148,-4.76878e6,2.38093e6,-5.97178e-9
1498239270,28837421.144453418,24599507.830278974,4237.913,3.99281e14,0.1708,-4.76716e6,2.38183e6,-5.97406e-9
1498239300,28819796.48643492,24585385.575938433,4234.411,3.92797e14,1.4560,-4.73012e6,2.38268e6,-5.97620e-9
1498239330,28802148.02236074,24571327.191658415,4230.821,3.93436e14,1.2957,-4.73552e6,2.38348e6,-5.97821e-9
1498239360,28784475.97332864,24557333.127244066,4227.143,4.01754e14,0.7912,-4.78675e6,2.38422e6,-5.98009e-9
1498239390,28766780.561615225,24543403.831852082,4223.377,4.00504e14,0.4775,-4.78066e6,2.38491e6,-5.98183e-9
1498239420,28749062.010666173,24529539.753965214,4219.522,3.99823e14,0.3067,-4.77786e6,2.38555e6,-5.98343e-9
1498239450,28731320.545100268,24515741.341362868,4215.579,3.99290e14,0.1730,-4.77584e6,2.38613e6,-5.98490e-9
1498239480,28713556.39071337,24502009.041091505,4211.547,3.94426e14,1.0473,-4.74778e6,2.38665e6,-5.98622e-9
1498239510,28695769.77448243,24488343.2994349,4207.426,3.97670e14,0.2335,-4.76814e6,2.38712e6,-5.98741e-9
1498239540,28677960.924569383,24474744.561884087,4203.216,4.01675e14,0.7714,-4.79295e6,2.38754e6,-5.98846e-9
1498239570,28660130.070325118,24461213.273107268,4198.917,3.94620e14,0.9986,-4.75142e6,2.38789e6,-5.98937e-9
1498239600,28642277.442293357,24447749.87691947,4194.528,3.95234e14,0.8446,-4.75570e6,2.38819e6,-5.99014e-9
1498239630,28624403.272198677,24434354.81624088,4190.048,3.98973e14,0.0935,-4.77859e6,2.38844e6,-5.99076e-9
1498239660,28606507.792999454,24421028.53310059,4185.479,3.98879e14,0.0698,-4.77840e6,2.38862e6,-5.99124e-9
1498239690,28588591.238842387,24407771.468571305,4180.820,4.05012e14,1.6085,-4.81541e6,2.38875e6,-5.99157e-9
1498239720,28570653.84508219,24394584.062749427,4176.070,4.05398e14,1.7053,-4.81786e6,2.38882e6,-5.99176e-9
1498239750,28552695.848285258,24381466.754723787,4171.229,3.95836e14,0.6935,-4.76060e6,2.38883e6,-5.99180e-9
1498239780,28534717.486233316,24368419.9825444,4166.298,3.92344e14,1.5695,-4.73959e6,2.38878e6,-5.99169e-9
1498239810,28516718.997927073,24355444.183190916,4161.275,3.97673e14,0.2328,-4.77130e6,2.38867e6,-5.99143e-9
1498239840,28498700.623589817,24342539.792540975,4156.161,3.99486e14,0.2222,-4.78184e6,2.38851e6,-5.99103e-9
1498239870,28480662.604671057,24329707.24533856,4150.955,3.99062e14,0.1158,-4.77885e6,2.38828e6,-5.99047e-9
1498239900,28462605.183850057,24316946.975162067,4145.658,3.99691e14,0.2735,-4.78205e6,2.38799e6,-5.98977e-9
1498239930,28444528.605058745,24304259.414423656,4140.269,3.95535e14,0.7691,-4.75646e6,2.38764e6,-5.98891e-9
1498239960,28426433.11342561,24291644.994240724,4134.788,3.98585e14,0.0039,-4.77392e6,2.38723e6,-5.98789e-9
1498239990,28408318.95533918,24279104.144500416,4129.215,4.01736e14,0.7866,-4.79184e6,2.38676e6,-5.98672e-9
1498240020,28390186.37843218,24266637.29379631,4123.549,3.99327e14,0.1824,-4.77636e6,2.38623e6,-5.98540e-9
1498240050,28372035.63158526,24254244.86939619,4117.791,4.00793e14,0.5501,-4.78395e6,2.38563e6,-5.98392e-9
1498240080,28353866.96493052,24241927.29720987,4111.940,3.99528e14,0.2326,-4.77506e6,2.38498e6,-5.98229e-9
1498240110,28335680.629855182,24229685.001756813,4105.996,4.00248e14,0.4133,-4.77793e6,2.38425e6,-5.98049e-9
1498240140,28317476.87900505,24217518.406133607,4099.958,4.02600e14,1.0034,-4.79043e6,2.38347e6,-5.97854e-9
1498240170,28299255.966288056,24205427.931981433,4093.828,4.02951e14,1.0914,-4.79083e6,2.38262e6,-5.97643e-9
1498240200,28281018.14687772,24193413.999453336,4087.604,4.03016e14,1.1078,-4.78939e6,2.38171e6,-5.97416e-9
1498240230,28262763.677196316,24181477.0271386,4081.287,3.97975e14,0.1570,-4.75733e6,2.38073e6,-5.97172e-9
1498240260,28244492.814980786,24169617.432162087,4074.875,3.95253e14,0.8398,-4.73901e6,2.37969e6,-5.96913e-9
1498240290,28226205.819223333,24157835.630018644,4068.370,3.99453e14,0.2139,-4.76187e6,2.37858e6,-5.96637e-9
1498240320,28207902.950194854,24146132.03458257,4061.771,4.00339e14,0.4361,-4.76481e6,2.37741e6,-5.96344e-9
1498240350,28189584.46944809,24134507.05807416,4055.077,4.04048e14,1.3667,-4.78444e6,2.37617e6,-5.96035e-9
1498240380,28171250.639820594,24122961.111026157,4048.290,4.02453e14,0.9665,-4.77232e6,2.37487e6,-5.95710e-9
1498240410,28152901.725437827,24111494.602250125,4041.407,4.02879e14,1.0734,-4.77211e6,2.37350e6,-5.95368e-9
1498240440,28134537.99171609,24100107.938802764,4034.430,4.01619e14,0.7574,-4.76173e6,2.37206e6,-5.95009e-9
1498240470,28116159.705365445,24088801.525952194,4027.358,3.97388e14,0.3041,-4.73356e6,2.37055e6,-5.94633e-9
1498240500,28097767.13439261,24077575.76714418,4020.191,3.98543e14,0.0143,-4.73729e6,2.36898e6,-5.94240e-9
1498240530,28079360.548118453,24066431.064015146,4012.929,3.96073e14,0.6342,-4.71934e6,2.36734e6,-5.93831e-9
1498240560,28060940.217135746,24055367.816214193,4005.572,4.00563e14,0.4924,-4.74259e6,2.36563e6,-5.93404e-9
1498240590,28042506.41335715,24044386.42151385,3998.120,4.02119e14,0.8828,-4.74826e6,2.36386e6,-5.92960e-9
1498240620,28024059.41000341,24033487.27572984,3990.572,3.97480e14,0.2812,-4.71707e6,2.36201e6,-5.92499e-9
1498240650,28005599.481606204,24022670.772687558,3982.929,3.97652e14,0.2379,-4.71427e6,2.36009e6,-5.92020e-9
1498240680,27987126.904010996,24011937.3041886,3975.190,4.01041e14,0.6123,-4.73036e6,2.35811e6,-5.91524e-9
1498240710,27968641.95437971,24001287.259977397,3967.355,3.99509e14,0.2279,-4.71719e6,2.35605e6,-5.91010e-9
1498240740,27950144.9111935,23990721.027707566,3959.424,3.98684e14,0.0210,-4.70808e6,2.35393e6,-5.90479e-9
1498240770,27931636.05425544,23980238.992908556,3951.397,3.96167e14,0.6106,-4.68884e6,2.35173e6,-5.89930e-9
1498240800,27913115.6646931,23969841.53895207,3943.274,3.99432e14,0.2086,-4.70358e6,2.34947e6,-5.89364e-9
1498240830,27894584.024957035,23959529.04696945,3935.055,4.03890e14,1.3269,-4.72515e6,2.34713e6,-5.88779e-9
1498240860,27876041.418836053,23949301.89596987,3926.740,4.03909e14,1.3319,-4.72042e6,2.34472e6,-5.88177e-9
1498240890,27857488.13144703,23939160.46265477,3918.328,4.04916e14,1.5844,-4.72135e6,2.34224e6,-5.87557e-9
1498240920,27838924.449241288,23929105.121433273,3909.819,3.96201e14,0.6019,-4.66507e6,2.33969e6,-5.86918e-9
1498240950,27820350.660007063,23919136.24438837,3901.214,3.98211e14,0.0977,-4.67162e6,2.33706e6,-5.86262e-9
1498240980,27801767.052871715,23909254.201243203,3892.513,4.04377e14,1.4493,-4.70235e6,2.33436e6,-5.85587e-9
1498241010,27783173.918303955,23899459.35932727,3883.715,3.96426e14,0.5454,-4.65027e6,2.33159e6,-5.84894e-9
1498241040,27764571.548115987,23889752.083542872,3874.819,4.00592e14,0.4996,-4.66894e6,2.32875e6,-5.84183e-9
1498241070,27745960.235465616,23880132.73633146,3865.827,4.01472e14,0.7205,-4.66823e6,2.32583e6,-5.83453e-9
1498241100,27727340.274858262,23870601.67764016,3856.739,3.96799e14,0.4519,-4.63501e6,2.32284e6,-5.82705e-9
1498241130,27708711.96214421,23861159.264942385,3847.553,3.98958e14,0.0896,-4.64146e6,2.31977e6,-5.81938e-9
1498241160,27690075.594535083,23851805.85303812,3838.270,3.93924e14,1.1733,-4.60593e6,2.31663e6,-5.81152e-9
1498241190,27671431.470590882,23842541.794187408,3828.890,3.92133e14,1.6226,-4.58916e6,2.31342e6,-5.80348e-9
1498241220,27652779.890226576,23833367.438023806,3819.412,3.97654e14,0.2374,-4.61464e6,2.31013e6,-5.79525e-9
1498241250,27634121.154713746,23824283.131521795,3809.838,4.06290e14,1.9291,-4.65790e6,2.30677e6,-5.78683e-9
1498241280,27615455.566682044,23815289.218964312,3800.166,4.05284e14,1.6768,-4.64515e6,2.30333e6,-5.77823e-9
1498241310,27596783.43012092,23806386.041910503,3790.397,3.98268e14,0.0834,-4.59759e6,2.29981e6,-5.76943e-9
1498241340,27578105.0503809,23797573.939163454,3780.531,3.97830e14,0.1933,-4.58789e6,2.29622e6,-5.76044e-9
1498241370,27559420.73417508,23788853.24673811,3770.567,3.96044e14,0.6415,-4.57030e6,2.29255e6,-5.75126e-9
1498241400,27540730.78958037,23780224.297829334,3760.506,3.95113e14,0.8750,-4.55750e6,2.28881e6,-5.74189e-9
1498241430,27522035.526047576,23771687.42272402,3750.348,3.96408e14,0.5501,-4.55732e6,2.28499e6,-5.73233e-9
1498241460,27503335.254375447,23763242.94894193,3740.092,3.98364e14,0.0593,-4.56075e6,2.28109e6,-5.72257e-9
1498241490,27484630.286739092,23754891.201031275,3729.739,3.90140e14,2.1225,-4.50583e6,2.27711e6,-5.71262e-9
1498241520,27465920.936682224,23746632.5005927,3719.288,3.97387e14,0.3043,-4.53915e6,2.27306e6,-5.70248e-9
1498241550,27447207.519118212,23738467.166247528,3708.740,4.02663e14,1.0193,-4.56095e6,2.26893e6,-5.69214e-9
1498241580,27428490.35033097,23730395.513606142,3698.095,3.87680e14,2.7398,-4.46736e6,2.26472e6,-5.68161e-9
1498241610,27409769.747975904,23722417.8552366,3687.352,3.90791e14,1.9592,-4.47656e6,2.26043e6,-5.67088e-9
1498241640,27391046.03108064,23714534.500633318,3676.512,3.99345e14,0.1868,-4.51634e6,2.25607e6,-5.65995e-9
1498241670,27372319.52004574,23706745.756186012,3665.574,3.95109e14,0.8760,-4.48353e6,2.25163e6,-5.64883e-9
1498241700,27353590.536645327,23699051.92514882,3654.539,3.95672e14,0.7346,-4.47771e6,2.24710e6,-5.63751e-9
1498241730,27334859.404017754,23691453.30765956,3643.406,4.10972e14,3.1038,-4.55463e6,2.24250e6,-5.62599e-9
1498241760,27316126.44669648,23683950.200555563,3632.176,4.06862e14,2.0726,-4.52206e6,2.23782e6,-5.61427e-9
1498241790,27297391.990579788,23676542.89749738,3620.849,3.97002e14,0.4010,-4.45721e6,2.23306e6,-5.60236e-9
1498241820,27278656.36294086,23669231.688889444,3609.425,4.01896e14,0.8268,-4.47492e6,2.22823e6,-5.59025e-9
1498241850,27259919.89242787,23662016.86185076,3597.903,4.04891e14,1.5783,-4.48176e6,2.22331e6,-5.57793e-9
1498241880,27241182.909064047,23654898.700185772,3586.284,3.98173e14,0.1072,-4.43431e6,2.21831e6,-5.56542e-9
1498241910,27222445.74424747,23647877.48435553,3574.568,3.89321e14,2.3281,-4.37501e6,2.21323e6,-5.55270e-9
1498241940,27203708.730750952,23640953.491449185,3562.755,3.94504e14,1.0278,-4.39354e6,2.20807e6,-5.53978e-9
1498241970,27184972.20272172,23634126.995155584,3550.845,3.94986e14,0.9068,-4.38579e6,2.20283e6,-5.52667e-9
1498242000,27166236.495681062,23627398.265735276,3538.838,3.90586e14,2.0106,-4.35095e6,2.19751e6,-5.51335e-9
1498242030,27147501.946532324,23620767.56995428,3526.734,3.99774e14,0.2945,-4.39080e6,2.19211e6,-5.49983e-9
1498242060,27128768.893534172,23614235.17117485,3514.534,4.01409e14,0.7047,-4.38881e6,2.18663e6,-5.48610e-9
1498242090,27110037.676326234,23607801.329209764,3502.236,3.92878e14,1.4356,-4.33097e6,2.18107e6,-5.47217e-9
1498242120,27091308.63591993,23601466.300333317,3489.842,3.97869e14,0.1836,-4.34701e6,2.17543e6,-5.45804e-9
1498242150,27072582.114697643,23595230.337254338,3477.352,4.03468e14,1.2213,-4.36607e6,2.16970e6,-5.44371e-9
1498242180,27053858.45641183,23589093.68908943,3464.765,4.07183e14,2.1533,-4.37457e6,2.16390e6,-5.42917e-9
1498242210,27035138.006184127,23583056.601336546,3452.081,4.03994e14,1.3532,-4.34541e6,2.15801e6,-5.41443e-9
1498242240,27016421.11050411,23577119.315848887,3439.302,3.97833e14,0.1926,-4.30013e6,2.15204e6,-5.39948e-9
1498242270,26997708.117228236,23571282.070809014,3426.426,4.00579e14,0.4963,-4.30284e6,2.14599e6,-5.38432e-9
1498242300,26978999.37557847,23565545.100703396,3413.454,3.97071e14,0.3836,-4.27173e6,2.13986e6,-5.36897e-9
1498242330,26960295.236136314,23559908.636325486,3400.387,3.98261e14,0.0852,-4.26570e6,2.13365e6,-5.35340e-9
1498242360,26941596.050855257,23554372.904663842,3387.223,3.97967e14,0.1590,-4.25155e6,2.12735e6,-5.33764e-9
1498242390,26922902.1730452,23548938.128964752,3373.964,3.95346e14,0.8164,-4.22487e6,2.12097e6,-5.32166e-9
1498242420,26904213.95737506,23543604.52868013,3360.609,4.02914e14,1.0821,-4.25217e6,2.11452e6,-5.30548e-9
1498242450,26885531.75987094,23538372.319443982,3347.159,4.10103e14,2.8857,-4.27704e6,2.10797e6,-5.28909e-9
1498242480,26866855.93791401,23533241.713049155,3333.614,4.08189e14,2.4055,-4.25353e6,2.10135e6,-5.27250e-9
1498242510,26848186.85023833,23528212.917424515,3319.974,4.04126e14,1.3862,-4.21861e6,2.09464e6,-5.25570e-9
1498242540,26829524.85692852,23523286.136612464,3306.239,3.98561e14,0.0098,-4.17580e6,2.08785e6,-5.23870e-9
1498242570,26810870.31941736,23518461.57074682,3292.409,3.78789e14,4.9704,-4.05882e6,2.08098e6,-5.22148e-9
1498242600,26792223.60048321,23513739.416031085,3278.484,3.82653e14,4.0008,-4.06538e6,2.07403e6,-5.20406e-9
1498242630,26773585.064250026,23509119.864691596,3264.465,4.01909e14,0.8299,-4.15147e6,2.06699e6,-5.18644e-9
1498242660,26754955.076176167,23504603.105035063,3250.352,3.93845e14,1.1931,-4.09550e6,2.05987e6,-5.16860e-9
1498242690,26736334.003059667,23500189.321349394,3236.145,3.92748e14,1.4682,-4.07555e6,2.05267e6,-5.15056e-9
1498242720,26717722.21303253,23495878.693908673,3221.844,3.93663e14,1.2387,-4.06579e6,2.04539e6,-5.13232e-9
1498242750,26699120.075557504,23491671.39895318,3207.449,3.95592e14,0.7548,-4.06102e6,2.03802e6,-5.11386e-9
1498242780,26680527.961424753,23487567.60866977,3192.960,4.01189e14,0.6495,-4.07471e6,2.03057e6,-5.09520e-9
1498242810,26661946.242748354,23483567.49117269,3178.379,3.98746e14,0.0364,-4.04721e6,2.02304e6,-5.07633e-9
1498242840,26643375.29296271,23479671.21048479,3163.704,3.95697e14,0.7284,-4.01657e6,2.01543e6,-5.05725e-9
1498242870,26624815.486818768,23475878.926519178,3148.937,4.01846e14,0.8141,-4.03222e6,2.00773e6,-5.03797e-9
1498242900,26606267.200380098,23472190.79506126,3134.076,4.03546e14,1.2408,-4.02514e6,1.99995e6,-5.01848e-9
1498242930,26587730.811010092,23468606.96777668,3119.124,3.92858e14,1.4408,-3.95590e6,1.99209e6,-4.99878e-9
1498242960,26569206.69739473,23465127.592116024,3104.079,3.94897e14,0.9291,-3.95029e6,1.98415e6,-4.97888e-9
1498242990,26550695.239511408,23461752.811376516,3088.942,3.98651e14,0.0126,-3.95293e6,1.97612e6,-4.95876e-9
1498243020,26532196.818633057,23458482.764660787,3073.714,3.96693e14,0.4786,-3.92706e6,1.96801e6,-4.93845e-9
1498243050,26513711.817323416,23455317.586861297,3058.394,3.94530e14,1.0212,-3.90009e6,1.95982e6,-4.91792e-9
1498243080,26495240.61943223,23452257.408645343,3042.983,4.01708e14,0.7797,-3.91879e6,1.95155e6,-4.89719e-9
1498243110,26476783.610090215,23449302.356440432,3027.481,4.06540e14,1.9919,-3.92558e6,1.94319e6,-4.87625e-9
1498243140,26458341.17570396,23446452.55242018,3011.889,4.00622e14,0.5070,-3.87981e6,1.93475e6,-4.85511e-9
1498243170,26439913.70395063,23443708.11449056,2996.206,3.97694e14,0.2275,-3.84859e6,1.92623e6,-4.83376e-9
1498243200,26421501.583772507,23441069.156276777,2980.432,4.00608e14,0.5036,-3.84544e6,1.91763e6,-4.81221e-9
1498243230,26403105.205391712,23438535.78708742,2964.569,3.96666e14,0.4852,-3.80916e6,1.90895e6,-4.79045e-9
1498243260,26384724.960242067,23436108.11197313,2948.617,3.96247e14,0.5904,-3.78968e6,1.90018e6,-4.76848e-9
1498243290,26366361.241025563,23433786.231643725,2932.575,4.00606e14,0.5030,-3.79274e6,1.89134e6,-4.74631e-9
1498243320,26348014.441686347,23431570.24247962,2916.444,3.94611e14,1.0009,-3.74653e6,1.88241e6,-4.72394e-9
1498243350,26329684.95740469,23429460.236520756,2900.225,3.88386e14,2.5625,-3.69934e6,1.87340e6,-4.70136e-9
1498243380,26311373.184590653,23427456.301456023,2883.917,3.94395e14,1.0550,-3.70952e6,1.86431e6,-4.67858e-9
1498243410,26293079.52087778,23425558.52061313,2867.521,4.07049e14,2.1196,-3.75019e6,1.85514e6,-4.65560e-9
1498243440,26274804.365116533,23423766.972948957,2851.037,4.03604e14,1.2553,-3.71554e6,1.84588e6,-4.63241e-9
1498243470,26256548.11736749,23422081.733040426,2834.466,3.97475e14,0.2823,-3.66852e6,1.83655e6,-4.60902e-9
1498243500,26238311.17889447,23420502.87107584,2817.808,3.95562e14,0.7622,-3.64096e6,1.82714e6,-4.58542e-9
1498243530,26220093.95212831,23419030.4528595,2801.063,3.90287e14,2.0857,-3.59799e6,1.81764e6,-4.56163e-9
1498243560,26201896.840749178,23417664.539764725,2784.232,3.93862e14,1.1888,-3.59527e6,1.80807e6,-4.53763e-9
1498243590,26183720.249589354,23416405.188766036,2767.315,4.04862e14,1.5710,-3.62573e6,1.79841e6,-4.51343e-9
1498243620,26165564.584654283,23415252.45241992,2750.312,4.02675e14,1.0222,-3.59630e6,1.78868e6,-4.48904e-9
1498243650,26147430.25311452,23414206.378858775,2733.224,4.01091e14,0.6248,-3.56951e6,1.77887e6,-4.46444e-9
1498243680,26129317.66329752,23413267.011785395,2716.051,4.04395e14,1.4537,-3.56434e6,1.76897e6,-4.43964e-9
1498243710,26111227.22467912,23412434.39046801,2698.793,4.06159e14,1.8963,-3.55205e6,1.75900e6,-4.41464e-9
1498243740,26093159.347874884,23411708.54973573,2681.451,4.02712e14,1.0315,-3.51663e6,1.74895e6,-4.38945e-9
1498243770,26075114.444631364,23411089.519974638,2664.025,4.02413e14,0.9566,-3.49497e6,1.73882e6,-4.36406e-9
1498243800,26057092.927817017,23410577.32712431,2646.516,3.98428e14,0.0433,-3.45718e6,1.72861e6,-4.33847e-9
1498243830,26039095.2114452,23410171.99267371,2628.923,3.98875e14,0.0689,-3.43855e6,1.71832e6,-4.31268e-9
1498243860,26021121.710565828,23409873.53366219,2611.248,3.96595e14,0.5030,-3.40804e6,1.70796e6,-4.28670e-9
1498243890,26003172.841355015,23409681.96267435,2593.491,3.90378e14,2.0628,-3.36073e6,1.69752e6,-4.26052e-9
1498243920,25985249.02107353,23409597.287839614,2575.652,3.97696e14,0.2268,-3.37090e6,1.68699e6,-4.23415e-9
1498243950,25967350.66805719,23409619.51283131,2557.731,3.98218e14,0.0960,-3.35193e6,1.67640e6,-4.20758e-9
1498243980,25949478.201706875,23409748.63686628,2539.730,3.93490e14,1.2822,-3.31083e6,1.66572e6,-4.18083e-9
1498244010,25931632.042478684,23409984.65470498,2521.647,3.90124e14,2.1264,-3.27550e6,1.65497e6,-4.15387e-9
1498244040,25913812.61187358,23410327.556652073,2503.485,3.97397e14,0.3019,-3.28409e6,1.64414e6,-4.12673e-9
1498244070,25896020.332426976,23410777.328557547,2485.243,4.01576e14,0.7466,-3.27946e6,1.63324e6,-4.09940e-9
1498244100,25878255.627698116,23411333.95181833,2466.922,3.98532e14,0.0171,-3.24503e6,1.62226e6,-4.07187e-9
1498244130,25860518.922227822,23411997.403371885,2448.522,3.98531e14,0.0174,-3.22293e6,1.61121e6,-4.04416e-9
1498244160,25842810.641624153,23412767.655725345,2430.043,3.92328e14,1.5736,-3.17577e6,1.60008e6,-4.01626e-9
1498244190,25825131.212454244,23413644.676931728,2411.487,3.97714e14,0.2223,-3.17502e6,1.58887e6,-3.98817e-9
1498244220,25807481.0622639,23414628.43060232,2392.853,4.05768e14,1.7983,-3.18439e6,1.57759e6,-3.95989e-9
1498244250,25789860.61956561,23415718.875910733,2374.142,3.92621e14,1.5000,-3.10980e6,1.56624e6,-3.93143e-9
1498244280,25772270.313826375,23416915.967597537,2355.354,3.88101e14,2.6340,-3.06949e6,1.55481e6,-3.90278e-9
1498244310,25754710.575455368,23418219.655975334,2336.491,3.99414e14,0.2040,-3.09062e6,1.54331e6,-3.87395e-9
1498244340,25737181.835791226,23419629.886934422,2317.552,4.05231e14,1.6636,-3.08983e6,1.53174e6,-3.84493e-9
1498244370,25719684.52708932,23421146.60194888,2298.538,3.64760e14,8.4897,-2.91192e6,1.52009e6,-3.81573e-9
1498244400,25702219.082508653,23422769.73808326,2279.449,3.55840e14,10.7275,-2.85571e6,1.50838e6,-3.78635e-9
1498244430,25684785.93612685,23424499.22801388,2260.287,3.92106e14,1.6294,-2.96965e6,1.49659e6,-3.75679e-9
1498244460,25667385.52283997,23426334.999992553,2241.051,4.08885e14,2.5801,-3.00866e6,1.48473e6,-3.72705e-9
1498244490,25650018.27843561,23428276.977899145,2221.741,4.11657e14,3.2756,-2.99475e6,1.47279e6,-3.69714e-9
1498244520,25632684.63955128,23430325.081235908,2202.360,4.04863e14,1.5711,-2.94544e6,1.46079e6,-3.66704e-9
1498244550,25615385.0436605,23432479.225136712,2182.906,4.01639e14,0.7623,-2.90939e6,1.44872e6,-3.63677e-9
1498244580,25598119.929058764,23434739.320376787,2163.381,3.96242e14,0.5916,-2.86556e6,1.43658e6,-3.60632e-9
1498244610,25580889.73484933,23437105.273382943,2143.784,3.94959e14,0.9134,-2.83662e6,1.42437e6,-3.57570e-9
1498244640,25563694.90092866,23439576.98624428,2124.118,4.04505e14,1.4814,-2.84602e6,1.41208e6,-3.54491e-9
1498244670,25546535.86797182,23442154.356723327,2104.382,4.10225e14,2.9163,-2.84124e6,1.39974e6,-3.51394e-9
1498244700,25529413.077417452,23444837.27826765,2084.576,4.05135e14,1.6394,-2.79833e6,1.38732e6,-3.48281e-9
1498244730,25512326.971434407,23447625.639999893,2064.701,4.03882e14,1.3249,-2.76883e6,1.37483e6,-3.45150e-9
1498244760,25495277.992962714,23450519.3267988,2044.759,4.06109e14,1.8837,-2.75119e6,1.36228e6,-3.42003e-9
1498244790,25478266.58564158,23453518.21924321,2024.748,4.07312e14,2.1856,-2.72980e6,1.34967e6,-3.38839e-9
1498244820,25461293.193811655,23456622.193647817,2004.671,3.93736e14,1.2203,-2.65859e6,1.33698e6,-3.35658e-9
1498250250,23455317.586861297,25468606.45863998,2013.289,3.94482e14,1.0333,2.67287e6,-1.34338e6,3.37023e-9
1498250280,23452257.408645343,25485598.19207851,2033.341,4.03560e14,1.2443,2.72892e6,-1.35602e6,3.40197e-9
1498250310,23449302.356440432,25502627.75833826,2053.325,4.01133e14,0.6355,2.74590e6,-1.36859e6,3.43355e-9
1498250340,23446452.55242018,25519694.713176083,2073.242,4.00130e14,0.3836,2.76753e6,-1.38110e6,3.46495e-9
1498250370,23443708.11449056,25536798.613057226,2093.090,3.98698e14,0.0246,2.78747e6,-1.39354e6,3.49619e-9
1498250400,23441069.156276777,25553939.01517131,2112.870,4.08814e14,2.5622,2.84791e6,-1.40592e6,3.52726e-9
1498250430,23438535.78708742,25571115.477452755,2132.580,4.04212e14,1.4079,2.85647e6,-1.41822e6,3.55816e-9
1498250460,23436108.11197313,25588327.558581382,2152.219,3.92662e14,1.4899,2.83967e6,-1.43046e6,3.58888e-9
1498250490,23433786.231643725,25605574.818012234,2171.789,4.01151e14,0.6398,2.89456e6,-1.44262e6,3.61943e-9
1498250520,23431570.24247962,25622856.815985825,2191.287,3.95885e14,0.6813,2.89962e6,-1.45472e6,3.64981e-9
1498250550,23429460.236520756,25640173.113542926,2210.713,3.89309e14,2.3310,2.89941e6,-1.46675e6,3.68001e-9
1498250580,23427456.301456023,25657523.27253907,2230.067,3.99975e14,0.3448,2.96263e6,-1.47871e6,3.71004e-9
1498250610,23425558.52061313,25674906.855658904,2249.348,4.02972e14,1.0967,2.99766e6,-1.49059e6,3.73988e-9
1498250640,23423766.972948957,25692323.426430233,2268.556,4.03148e14,1.1409,3.02209e6,-1.50241e6,3.76955e-9
1498250670,23422081.733040426,25709772.549237914,2287.691,4.06661e14,2.0223,3.05907e6,-1.51415e6,3.79904e-9
1498250700,23420502.87107584,25727253.789337505,2306.751,4.04972e14,1.5984,3.07619e6,-1.52582e6,3.82834e-9
1498250730,23419030.4528595,25744766.712864928,2325.736,3.98419e14,0.0455,3.07431e6,-1.53742e6,3.85747e-9
1498250760,23417664.539764725,25762310.886861295,2344.646,3.94350e14,1.0664,3.08155e6,-1.54895e6,3.88641e-9
1498250790,23416405.188766036,25779885.87927437,2363.481,4.00055e14,0.3648,3.12668e6,-1.56040e6,3.91517e-9
1498250820,23415252.45241992,25797491.258975074,2382.239,3.94620e14,0.9986,3.12806e6,-1.57178e6,3.94375e-9
1498250850,23414206.378858775,25815126.59577003,2400.920,4.01632e14,0.7605,3.17842e6,-1.58308e6,3.97214e-9
1498250880,23413267.011785395,25832791.460413907,2419.524,4.08986e14,2.6056,3.23040e6,-1.59431e6,4.00034e-9
1498250910,23412434.39046801,25850485.42462158,2438.051,4.07594e14,2.2562,3.24740e6,-1.60547e6,4.02835e-9
1498250940,23411708.54973573,25868208.06108006,2456.500,4.06542e14,1.9922,3.26556e6,-1.61655e6,4.05618e-9
1498250970,23411089.519974638,25885958.94346022,2474.869,4.01630e14,0.7602,3.26775e6,-1.62756e6,4.08382e-9
1498251000,23410577.32712431,25903737.646428313,2493.160,3.95645e14,0.7415,3.26509e6,-1.63849e6,4.11127e-9
1498251030,23410171.99267371,25921543.74566325,2511.372,3.98302e14,0.0748,3.29773e6,-1.64935e6,4.13852e-9
1498251060,23409873.53366219,25939376.817849446,2529.503,3.95998e14,0.6529,3.30969e6,-1.66012e6,4.16559e-9
1498251090,23409681.96267435,25957236.440706067,2547.554,3.88772e14,2.4658,3.30074e6,-1.67083e6,4.19247e-9
1498251120,23409597.287839614,25975122.192991856,2565.525,3.95706e14,0.7261,3.35099e6,-1.68145e6,4.21915e-9
1498251150,23409619.51283131,25993033.654515706,2583.414,4.04042e14,1.3652,3.40742e6,-1.69200e6,4.24564e-9
1498251180,23409748.63686628,26010970.40614707,2601.222,3.98906e14,0.0766,3.40657e6,-1.70247e6,4.27193e-9
1498251210,23409984.65470498,26028932.02982612,2618.947,3.92978e14,1.4106,3.40190e6,-1.71287e6,4.29803e-9
1498251240,23410327.556652073,26046918.108573716,2636.591,4.03140e14,1.1388,3.46633e6,-1.72318e6,4.32393e-9
1498251270,23410777.328557547,26064928.22650126,2654.151,4.04451e14,1.4678,3.49264e6,-1.73342e6,4.34964e-9
1498251300,23411333.95181833,26082961.968820203,2671.628,4.05062e14,1.6212,3.51579e6,-1.74358e6,4.37515e-9
1498251330,23411997.403371885,26101018.92184883,2689.022,4.03791e14,1.3023,3.53053e6,-1.75366e6,4.40046e-9
1498251360,23412767.655725345,26119098.673029732,2706.331,3.95123e14,0.8724,3.51231e6,-1.76366e6,4.42558e-9
1498251390,23413644.676931728,26137200.810930483,2723.556,3.93585e14,1.2581,3.52523e6,-1.77358e6,4.45049e-9
1498251420,23414628.43060232,26155324.925255153,2740.696,3.94093e14,1.1307,3.54708e6,-1.78343e6,4.47521e-9
1498251450,23415718.875910733,26173470.606852867,2757.752,3.97615e14,0.2472,3.58235e6,-1.79319e6,4.49973e-9
1498251480,23416915.967597537,26191637.44772627,2774.721,4.01545e14,0.7388,3.61948e6,-1.80287e6,4.52405e-9
1498251510,23418219.655975334,26209825.041039735,2791.605,4.03036e14,1.1128,3.64555e6,-1.81248e6,4.54816e-9
1498251540,23419629.886934422,26228032.98112744,2808.403,4.07303e14,2.1832,3.68422e6,-1.82200e6,4.57208e-9
1498251570,23421146.60194888,26246260.863501146,2825.114,3.78085e14,5.1469,3.56905e6,-1.83145e6,4.59579e-9
1498251600,23422769.73808326,26264508.28485789,2841.739,3.70683e14,7.0038,3.55311e6,-1.84081e6,4.61930e-9
1498251630,23424499.22801388,26282774.84308144,2858.276,3.93909e14,1.1769,3.67886e6,-1.85009e6,4.64261e-9
1498251660,23426334.999992553,26301060.137268316,2874.725,4.05453e14,1.7191,3.75102e6,-1.85929e6,4.66572e-9
1498251690,23428276.977899145,26319363.767716076,2891.087,4.06638e14,2.0163,3.77499e6,-1.86842e6,4.68862e-9
1498251720,23430325.081235908,26337685.33593639,2907.360,3.94813e14,0.9501,3.73755e6,-1.87746e6,4.71132e-9
1498251750,23432479.225136712,26356024.444661707,2923.545,4.00493e14,0.4748,3.78228e6,-1.88641e6,4.73382e-9
1498251780,23434739.320376787,26374380.69785185,2939.641,4.01943e14,0.8385,3.80698e6,-1.89529e6,4.75611e-9
1498251810,23437105.273382943,26392753.700700454,2955.648,3.89153e14,2.3702,3.76354e6,-1.90409e6,4.77820e-9
1498251840,23439576.98624428,26411143.059641153,2971.566,3.95466e14,0.7864,3.81107e6,-1.91280e6,4.80008e-9
1498251870,23442154.356723327,26429548.38235371,2987.394,4.06406e14,1.9582,3.88103e6,-1.92144e6,4.82176e-9
1498251900,23444837.27826765,26447969.27776989,3003.132,3.97606e14,0.2494,3.85568e6,-1.92999e6,4.84323e-9
1498251930,23447625.639999893,26466405.35609379,3018.780,3.97913e14,0.1725,3.87410e6,-1.93846e6,4.86449e-9
1498251960,23450519.3267988,26484856.228762694,3034.337,4.05078e14,1.6252,3.92587e6,-1.94684e6,4.88555e-9
1498251990,23453518.21924321,26503321.508497473,3049.803,4.03149e14,1.1411,3.93316e6,-1.95515e6,4.90641e-9
1498252020,23456622.193647817,26521800.80929341,3065.179,3.97749e14,0.2137,3.92310e6,-1.96337e6,4.92705e-9
1498252050,23459831.122076944,26540293.746425513,3080.463,3.93713e14,1.2261,3.91941e6,-1.97151e6,4.94749e-9
1498252080,23463144.872358773,26558799.936453566,3095.655,3.92663e14,1.4897,3.93021e6,-1.97957e6,4.96773e-9
1498252110,23466563.3081001,26577318.99722717,3110.756,3.95825e14,0.6964,3.96182e6,-1.98755e6,4.98776e-9
1498252140,23470086.28870147,26595850.54789047,3125.764,3.97373e14,0.3080,3.98531e6,-1.99544e6,5.00758e-9
1498252170,23473713.669372816,26614394.208886836,3140.681,3.99836e14,0.3099,4.01330e6,-2.00325e6,5.02719e-9
1498252200,23477445.301149543,26632949.601963315,3155.504,3.99249e14,0.1626,4.02583e6,-2.01098e6,5.04660e-9
1498252230,23481281.03093869,26651516.350156076,3170.235,3.96498e14,0.5274,4.02721e6,-2.01863e6,5.06580e-9
1498252260,23485220.701444503,26670094.077853102,3184.873,3.94308e14,1.0769,4.03116e6,-2.02619e6,5.08479e-9
1498252290,23489264.15127784,26688682.410739377,3199.418,3.97408e14,0.2993,4.06187e6,-2.03367e6,5.10357e-9
1498252320,23493411.21494441,26707280.975819692,3213.870,4.02175e14,0.8967,4.10107e6,-2.04107e6,5.12215e-9
1498252350,23497661.72286335,26725889.401422318,3228.228,3.97793e14,0.2025,4.09325e6,-2.04839e6,5.14052e-9
1498252380,23502015.50138617,26744507.31720234,3242.492,3.96610e14,0.4993,4.10161e6,-2.05562e6,5.15869e-9
1498252410,23506472.372816153,26763134.35414511,3256.662,3.95470e14,0.7853,4.10998e6,-2.06277e6,5.17664e-9
1498252440,23511032.155428126,26781770.14456931,3270.738,3.93438e14,1.2951,4.11351e6,-2.06984e6,5.19439e-9
1498252470,23515694.66348863,26800414.32213014,3284.720,3.97915e14,0.1721,4.15073e6,-2.07683e6,5.21193e-9
1498252500,23520459.70727647,26819066.52182215,3298.607,3.93186e14,1.3583,4.13981e6,-2.08373e6,5.22927e-9
1498252530,23525327.09307345,26837726.380003035,3312.399,3.94579e14,1.0088,4.16067e6,-2.09055e6,5.24640e-9
1498252560,23530296.623279165,26856393.534331653,3326.097,4.01060e14,0.6170,4.20820e6,-2.09729e6,5.26332e-9
1498252590,23535368.09633868,26875067.623835552,3339.700,3.98012e14,0.1476,4.20547e6,-2.10395e6,5.28004e-9
1498252620,23540541.306794837,26893748.28889257,3353.207,3.92311e14,1.5779,4.18842e6,-2.11053e6,5.29654e-9
1498252650,23545816.04531045,26912435.171233248,3366.619,3.95343e14,0.8173,4.21742e6,-2.11702e6,5.31285e-9
1498252680,23551192.09869084,26931127.913943246,3379.936,4.01361e14,0.6925,4.26226e6,-2.12343e6,5.32894e-9
1498252710,23556669.249906816,26949826.16146559,3393.157,3.99400e14,0.2007,4.26449e6,-2.12976e6,5.34483e-9
1498252740,23562247.27811785,26968529.55960274,3406.282,4.04404e14,1.4559,4.30382e6,-2.13601e6,5.36052e-9
1498252770,23567925.958695736,26987237.755518667,3419.312,4.00346e14,0.4378,4.29443e6,-2.14217e6,5.37600e-9
1498252800,23573705.06324857,27005950.397740643,3432.245,3.95182e14,0.8576,4.27879e6,-2.14826e6,5.39127e-9
1498252830,23579584.359662794,27024667.13613916,3445.083,3.91726e14,1.7247,4.27206e6,-2.15426e6,5.40634e-9
1498252860,23585563.612072915,27043387.621997055,3457.824,3.98388e14,0.0533,4.31992e6,-2.16018e6,5.42120e-9
1498252890,23591642.58094198,27062111.507943243,3470.469,4.06929e14,2.0894,4.37803e6,-2.16602e6,5.43586e-9
1498252920,23597821.02306895,27080838.447975915,3483.017,4.01776e14,0.7967,4.36158e6,-2.17178e6,5.45032e-9
1498252950,23604098.69161454,27099568.09746354,3495.469,3.95595e14,0.7539,4.33921e6,-2.17745e6,5.46457e-9
1498252980,23610475.336127352,27118300.11314596,3507.825,3.93821e14,1.1991,4.34064e6,-2.18305e6,5.47861e-9
1498253010,23616950.702570308,27137034.153135203,3520.083,3.96293e14,0.5789,4.36518e6,-2.18856e6,5.49246e-9
1498253040,23623524.533347365,27155769.87691628,3532.245,3.95075e14,0.8845,4.36932e6,-2.19400e6,5.50610e-9
1498253070,23630196.567330606,27174506.94534783,3544.310,3.97797e14,0.2015,4.39501e6,-2.19935e6,5.51954e-9
1498253100,23636966.53988755,27193245.020662706,3556.278,3.98390e14,0.0529,4.40882e6,-2.20462e6,5.53277e-9
1498253130,23643834.182911582,27211983.76649161,3568.150,3.98199e14,0.1008,4.41815e6,-2.20981e6,5.54581e-9
1498253160,23650799.22484156,27230722.847792074,3579.924,4.01679e14,0.7722,4.44771e6,-2.21493e6,5.55864e-9
1498253190,23657861.390697923,27249461.930920307,3591.601,4.00271e14,0.4190,4.44998e6,-2.21996e6,5.57128e-9
1498253220,23665020.402108684,27268200.683608443,3603.180,3.90765e14,1.9658,4.40683e6,-2.22491e6,5.58371e-9
1498253250,23672275.977338165,27286938.774964776,3614.663,3.91874e14,1.6875,4.42269e6,-2.22978e6,5.59594e-9
1498253280,23679627.831315935,27305675.875474006,3626.048,4.02658e14,1.0180,4.49267e6,-2.23458e6,5.60797e-9
1498253310,23687075.67566607,27324411.656997327,3637.336,4.03502e14,1.2297,4.50689e6,-2.23929e6,5.61980e-9
1498253340,23694619.21873657,27343145.792772416,3648.527,3.98105e14,0.1242,4.48583e6,-2.24393e6,5.63144e-9
1498253370,23702258.165629044,27361877.957413405,3659.620,4.00540e14,0.4866,4.50868e6,-2.24848e6,5.64287e-9
1498253400,23709992.218228582,27380607.826910637,3670.616,4.05151e14,1.6434,4.54373e6,-2.25296e6,5.65411e-9
1498253430,23717821.0752138,27399335.07860357,3681.514,3.99080e14,0.1203,4.51821e6,-2.25736e6,5.66515e-9
1498253460,23725744.432148736,27418059.391263127,3692.315,3.97819e14,0.1959,4.51970e6,-2.26168e6,5.67600e-9
1498253490,23733761.981452014,27436780.445008397,3703.018,3.99567e14,0.2424,4.53811e6,-2.26592e6,5.68665e-9
1498253520,23741873.4124471,27455497.92133269,3713.625,3.94048e14,1.1421,4.51501e6,-2.27008e6,5.69710e-9
1498253550,23750078.411392998,27474211.503102675,3724.133,3.92103e14,1.6301,4.51204e6,-2.27417e6,5.70736e-9
1498253580,23758376.66151518,27492920.874557383,3734.544,3.91815e14,1.7023,4.51835e6,-2.27818e6,5.71742e-9
1498253610,23766767.84303669,27511625.72130729,3744.858,3.91216e14,1.8525,4.52272e6,-2.28211e6,5.72729e-9
1498253640,23775251.633209255,27530325.73033313,3755.074,3.94826e14,0.9470,4.55107e6,-2.28597e6,5.73696e-9
