Timestamp,R_A,R_B,Delta_H_km,GM,Error_Pct,Term_Time,Term_Kinetic,Term_Potential
1489105230,31570473.44561912,28032807.515861478,3537.666,3.91074e14,1.8883,-3.15689e6,1.59364e6,-3.99732e-9
1489105260,31560634.811655957,28014561.0637657,3546.074,3.88915e14,2.4299,-3.15878e6,1.59897e6,-4.01068e-9
1489105290,31550746.97987695,27996302.110053577,3554.445,3.94658e14,0.9891,-3.19240e6,1.60429e6,-4.02403e-9
1489105320,31540810.016965393,27978030.928616703,3562.779,4.03658e14,1.2687,-3.23933e6,1.60961e6,-4.03737e-9
1489105350,31530823.990091637,27959747.79463633,3571.076,3.99651e14,0.2636,-3.23380e6,1.61493e6,-4.05070e-9
1489105380,31520788.966915105,27941452.98458586,3579.336,4.00268e14,0.4183,-3.24694e6,1.62024e6,-4.06403e-9
1489105410,31510705.0155863,27923146.7762333,3587.558,4.03853e14,1.3176,-3.27219e6,1.62555e6,-4.07734e-9
1489105440,31500572.204748873,27904829.448643696,3595.743,3.96048e14,0.6404,-3.25094e6,1.63085e6,-4.09064e-9
1489105470,31490390.6035416,27886501.28218148,3603.889,3.95417e14,0.7986,-3.25891e6,1.63615e6,-4.10392e-9
1489105500,31480160.281600438,27868162.55851275,3611.998,3.96392e14,0.5540,-3.27347e6,1.64145e6,-4.11720e-9
1489105530,31469881.309086557,27849813.560588863,3620.068,3.90120e14,2.1277,-3.25811e6,1.64674e6,-4.13047e-9
1489105560,31459553.756608427,27831454.572706062,3628.099,3.98856e14,0.0641,-3.30477e6,1.65202e6,-4.14372e-9
1489105590,31449177.695304137,27813085.880450048,3636.092,4.01447e14,0.7141,-3.32610e6,1.65730e6,-4.15697e-9
1489105620,31438753.19681778,27794707.770716514,3644.045,3.90059e14,2.1428,-3.28920e6,1.66258e6,-4.17019e-9
1489105650,31428280.333301824,27776320.531712934,3651.960,3.96722e14,0.4713,-3.32750e6,1.66785e6,-4.18341e-9
1489105680,31417759.177419417,27757924.452960405,3659.835,4.01137e14,0.6363,-3.35653e6,1.67312e6,-4.19662e-9
1489105710,31407189.802346885,27739519.825295344,3667.670,3.97379e14,0.3063,-3.35127e6,1.67838e6,-4.20981e-9
1489105740,31396572.281776108,27721106.94087119,3675.465,3.98484e14,0.0293,-3.36642e6,1.68363e6,-4.22298e-9
1489105770,31385906.689916983,27702686.093159955,3683.221,3.94917e14,0.9240,-3.36181e6,1.68888e6,-4.23615e-9
1489105800,31375193.101499848,27684257.576953854,3690.936,4.04440e14,1.4651,-3.41271e6,1.69413e6,-4.24930e-9
1489105830,31364431.591766644,27665821.688391075,3698.610,4.01277e14,0.6716,-3.40978e6,1.69936e6,-4.26243e-9
1489105860,31353622.236508496,27647378.724882413,3706.244,3.89334e14,2.3248,-3.36921e6,1.70460e6,-4.27555e-9
1489105890,31342765.11203296,27628928.98518762,3713.836,3.98922e14,0.0808,-3.42066e6,1.70982e6,-4.28866e-9
1489105920,31331860.295177884,27610472.76939268,3721.388,4.01241e14,0.6625,-3.44108e6,1.71504e6,-4.30175e-9
1489105950,31320907.863313872,27592010.378911313,3728.897,4.00769e14,0.5441,-3.44950e6,1.72026e6,-4.31482e-9
1489105980,31309907.894346647,27573542.116486378,3736.366,4.01615e14,0.7562,-3.46360e6,1.72546e6,-4.32788e-9
1489106010,31298860.46671964,27555068.286191233,3743.792,3.96851e14,0.4389,-3.45336e6,1.73066e6,-4.34092e-9
1489106040,31287765.659416396,27536589.193431024,3751.176,3.98987e14,0.0970,-3.47302e6,1.73586e6,-4.35394e-9
1489106070,31276623.551963005,27518105.144943915,3758.518,3.98616e14,0.0039,-3.48178e6,1.74105e6,-4.36695e-9
1489106100,31265434.224430695,27499616.448802173,3765.818,3.93538e14,1.2701,-3.46990e6,1.74623e6,-4.37994e-9
1489106130,31254197.75744128,27481123.414389938,3773.074,3.98201e14,0.1001,-3.50066e6,1.75140e6,-4.39291e-9
1489106160,31242914.232160386,27462626.35247601,3780.288,3.96361e14,0.5619,-3.50288e6,1.75656e6,-4.40587e-9
1489106190,31231583.73030939,27444125.575142913,3787.458,3.96297e14,0.5779,-3.51288e6,1.76172e6,-4.41880e-9
1489106220,31220206.334164824,27425621.39581064,3794.585,3.96710e14,0.4743,-3.52498e6,1.76687e6,-4.43172e-9
1489106250,31208782.12656109,27407114.1292373,3801.668,3.98253e14,0.0871,-3.54210e6,1.77202e6,-4.44461e-9
1489106280,31197311.190892957,27388604.091519423,3808.707,4.02083e14,0.8736,-3.56943e6,1.77715e6,-4.45749e-9
1489106310,31185793.6111182,27370091.60009246,3815.702,3.98260e14,0.0853,-3.56264e6,1.78228e6,-4.47035e-9
1489106340,31174229.471760187,27351576.973730925,3822.652,3.97233e14,0.3430,-3.56827e6,1.78740e6,-4.48319e-9
1489106370,31162618.857910544,27333060.532548636,3829.558,3.95679e14,0.7330,-3.57148e6,1.79251e6,-4.49600e-9
1489106400,31150961.855231762,27314542.597998735,3836.419,4.02269e14,0.9205,-3.61136e6,1.79761e6,-4.50880e-9
1489106430,31139258.549956433,27296023.492893893,3843.235,4.02177e14,0.8972,-3.62118e6,1.80271e6,-4.52157e-9
1489106460,31127509.02890054,27277503.54134429,3850.005,3.90880e14,1.9370,-3.58017e6,1.80779e6,-4.53432e-9
1489106490,31115713.37945548,27258983.068819303,3856.730,3.95273e14,0.8347,-3.61020e6,1.81287e6,-4.54705e-9
1489106520,31103871.68959416,27240462.402127426,3863.409,3.99019e14,0.1049,-3.63737e6,1.81794e6,-4.55976e-9
1489106550,31091984.0478737,27221941.869416114,3870.042,3.97200e14,0.3512,-3.63917e6,1.82300e6,-4.57244e-9
1489106580,31080050.54343817,27203421.800171435,3876.629,4.01112e14,0.6302,-3.66718e6,1.82804e6,-4.58510e-9
1489106610,31068071.266021334,27184902.52521783,3883.169,3.95597e14,0.7534,-3.65194e6,1.83308e6,-4.59774e-9
1489106640,31056046.30594933,27166384.376717564,3889.662,3.96987e14,0.4047,-3.66836e6,1.83811e6,-4.61035e-9
1489106670,31043975.75414351,27147867.688170232,3896.108,4.04921e14,1.5856,-3.71506e6,1.84313e6,-4.62294e-9
1489106700,31031859.702123158,27129352.79441205,3902.507,4.00626e14,0.5082,-3.70524e6,1.84814e6,-4.63550e-9
1489106730,31019698.242017727,27110840.03159486,3908.858,3.92250e14,1.5933,-3.67633e6,1.85314e6,-4.64803e-9
1489106760,31007491.466540765,27092329.737247717,3915.162,3.90400e14,2.0573,-3.67761e6,1.85813e6,-4.66055e-9
1489106790,30995239.469021723,27073822.250213485,3921.417,3.98315e14,0.0716,-3.72445e6,1.86311e6,-4.67303e-9
1489106820,30982942.34339953,27055317.910667818,3927.624,4.01338e14,0.6868,-3.74854e6,1.86808e6,-4.68549e-9
1489106850,30970600.184225537,27036817.06011777,3933.783,4.00458e14,0.4660,-3.75435e6,1.87303e6,-4.69792e-9
1489106880,30958213.086666446,27018320.041400358,3939.893,4.02194e14,0.9014,-3.77244e6,1.87798e6,-4.71032e-9
1489106910,30945781.146507356,26999827.198681094,3945.954,3.96203e14,0.6014,-3.75406e6,1.88291e6,-4.72269e-9
1489106940,30933304.460154723,26981338.877452217,3951.966,3.98033e14,0.1424,-3.77254e6,1.88784e6,-4.73504e-9
1489106970,30920783.124639284,26962855.424531035,3957.928,3.96452e14,0.5391,-3.77485e6,1.89275e6,-4.74735e-9
1489107000,30908217.2376192,26944377.188057907,3963.840,3.93418e14,1.3001,-3.77018e6,1.89765e6,-4.75964e-9
1489107030,30895606.897368155,26925904.51751718,3969.702,3.99591e14,0.2485,-3.80934e6,1.90254e6,-4.77190e-9
1489107060,30882952.202824034,26907437.76366494,3975.514,3.98253e14,0.0873,-3.81270e6,1.90741e6,-4.78412e-9
1489107090,30870253.25354622,26888977.27859695,3981.276,3.99463e14,0.2164,-3.82823e6,1.91228e6,-4.79632e-9
1489107120,30857510.149733305,26870523.415723924,3986.987,4.05695e14,1.7799,-3.86790e6,1.91713e6,-4.80848e-9
1489107150,30844722.992226023,26852076.529769182,3992.646,4.03295e14,1.1778,-3.86609e6,1.92196e6,-4.82061e-9
1489107180,30831891.882510174,26833636.976766314,3998.255,3.98366e14,0.0589,-3.85198e6,1.92679e6,-4.83271e-9
1489107210,30819016.92271957,26815205.11405678,4003.812,3.99047e14,0.1121,-3.86490e6,1.93160e6,-4.84478e-9
1489107240,30806098.21563905,26796781.30028716,4009.317,3.99673e14,0.2691,-3.87754e6,1.93640e6,-4.85681e-9
1489107270,30793135.864707433,26778365.895406548,4014.770,3.95254e14,0.8396,-3.86560e6,1.94119e6,-4.86881e-9
1489107300,30780129.974020477,26759959.26066361,4020.171,3.93560e14,1.2646,-3.86683e6,1.94596e6,-4.88077e-9
1489107330,30767080.648350973,26741561.75858368,4025.519,4.02905e14,1.0799,-3.92201e6,1.95071e6,-4.89270e-9
1489107360,30753987.99309937,26723173.753027115,4030.814,3.98666e14,0.0164,-3.91075e6,1.95546e6,-4.90460e-9
1489107390,30740852.114349306,26704795.6091243,4036.057,3.95075e14,0.8845,-3.90255e6,1.96019e6,-4.91646e-9
1489107420,30727673.118853893,26686427.69329206,4041.245,3.98874e14,0.0687,-3.93066e6,1.96490e6,-4.92828e-9
1489107450,30714451.114038862,26668070.373229977,4046.381,3.96725e14,0.4705,-3.92945e6,1.96960e6,-4.94006e-9
1489107480,30701186.2080059,26649724.017916474,4051.462,3.97669e14,0.2338,-3.94346e6,1.97428e6,-4.95181e-9
1489107510,30687878.5095359,26631388.997604884,4056.490,3.97026e14,0.3949,-3.94960e6,1.97895e6,-4.96352e-9
1489107540,30674528.128092237,26613065.683819246,4061.462,3.94653e14,0.9903,-3.94708e6,1.98361e6,-4.97519e-9
1489107570,30661135.17382406,26594754.449350048,4066.381,4.00064e14,0.3673,-3.98330e6,1.98825e6,-4.98682e-9
1489107600,30647699.75756963,26576455.668249797,4071.244,4.01180e14,0.6472,-3.99813e6,1.99287e6,-4.99841e-9
1489107630,30634221.99084227,26558169.715836335,4076.052,3.96723e14,0.4709,-3.98505e6,1.99748e6,-5.00997e-9
1489107660,30620701.985887118,26539896.968663663,4080.805,3.99652e14,0.2639,-4.00891e6,2.00207e6,-5.02148e-9
1489107690,30607139.855630986,26521637.80454182,4085.502,3.98029e14,0.1433,-4.00990e6,2.00664e6,-5.03295e-9
1489107720,30593535.713702917,26503392.60252388,4090.143,3.99623e14,0.2566,-4.02705e6,2.01120e6,-5.04437e-9
1489107750,30579889.674437344,26485161.742900833,4094.728,4.04769e14,1.5475,-4.06215e6,2.01574e6,-5.05576e-9
1489107780,30566201.852877315,26466945.60719642,4099.256,4.00523e14,0.4824,-4.04975e6,2.02026e6,-5.06710e-9
1489107810,30552472.36477779,26448744.57816179,4103.728,3.99662e14,0.2663,-4.05441e6,2.02477e6,-5.07840e-9
1489107840,30538701.32660882,26430559.0397699,4108.142,3.98016e14,0.1467,-4.05502e6,2.02926e6,-5.08966e-9
1489107870,30524888.855558857,26412389.377209906,4112.499,3.97478e14,0.2816,-4.06121e6,2.03373e6,-5.10087e-9
1489107900,30511035.06953797,26394235.97688133,4116.799,3.99788e14,0.2979,-4.08191e6,2.03818e6,-5.11203e-9
1489107930,30497140.087198835,26376099.226395503,4121.041,3.99149e14,0.1377,-4.08752e6,2.04261e6,-5.12315e-9
1489107960,30483204.027885832,26357979.514546815,4125.225,3.97142e14,0.3658,-4.08605e6,2.04703e6,-5.13422e-9
1489107990,30469227.01169256,26339877.231328897,4129.350,3.94277e14,1.0848,-4.08008e6,2.05142e6,-5.14525e-9
1489108020,30455209.15944779,26321792.767921086,4133.416,3.99447e14,0.2123,-4.11544e6,2.05580e6,-5.15623e-9
1489108050,30441150.592718974,26303726.51668181,4137.424,4.01508e14,0.7294,-4.13481e6,2.06016e6,-5.16716e-9
1489108080,30427051.433815792,26285678.871141918,4141.373,3.97421e14,0.2958,-4.12236e6,2.06450e6,-5.17804e-9
1489108110,30412911.80579369,26267650.225997865,4145.262,3.98332e14,0.0674,-4.13571e6,2.06882e6,-5.18887e-9
1489108140,30398731.832457446,26249640.977104582,4149.091,3.95995e14,0.6537,-4.13215e6,2.07312e6,-5.19965e-9
1489108170,30384511.638364684,26231651.521468367,4152.860,3.93713e14,1.2261,-4.12879e6,2.07739e6,-5.21038e-9
1489108200,30370251.34882953,26213682.257239416,4156.569,3.97816e14,0.1968,-4.15867e6,2.08165e6,-5.22106e-9
1489108230,30355951.08990819,26195733.58369015,4160.218,4.02340e14,0.9382,-4.19081e6,2.08589e6,-5.23169e-9
1489108260,30341610.988457818,26177805.901251007,4163.805,3.98091e14,0.1278,-4.17700e6,2.09011e6,-5.24226e-9
1489108290,30327231.172084916,26159899.611458994,4167.332,3.97578e14,0.2566,-4.18269e6,2.09430e6,-5.25278e-9
1489108320,30312811.769166555,26142015.11696352,4170.797,4.01028e14,0.6090,-4.20918e6,2.09848e6,-5.26325e-9
1489108350,30298352.90885399,26124152.82151793,4174.200,3.95534e14,0.7693,-4.18854e6,2.10263e6,-5.27366e-9
1489108380,30283854.72107602,26106313.129970964,4177.542,3.93739e14,1.2196,-4.18728e6,2.10676e6,-5.28402e-9
1489108410,30269317.336542577,26088496.44825801,4180.821,3.95363e14,0.8121,-4.20404e6,2.11086e6,-5.29432e-9
1489108440,30254740.886748187,26070703.183392,4184.038,3.98763e14,0.0407,-4.23021e6,2.11495e6,-5.30456e-9
1489108470,30240125.50397552,26052933.74345438,4187.192,4.00058e14,0.3656,-4.24522e6,2.11901e6,-5.31475e-9
1489108500,30225471.321298882,26035188.537585676,4190.283,4.01252e14,0.6653,-4.25967e6,2.12305e6,-5.32488e-9
1489108530,30210778.472606987,26017467.975982822,4193.310,3.97473e14,0.2829,-4.24756e6,2.12706e6,-5.33495e-9
1489108560,30196047.0925475,25999772.46986845,4196.275,3.94091e14,1.1312,-4.23746e6,2.13106e6,-5.34496e-9
1489108590,30181277.3165896,25982102.431501973,4199.175,4.01769e14,0.7950,-4.28646e6,2.13502e6,-5.35491e-9
1489108620,30166469.281008687,25964458.27416278,4202.011,3.99518e14,0.2301,-4.28230e6,2.13897e6,-5.36480e-9
1489108650,30151623.12289018,25946840.41214003,4204.783,3.95755e14,0.7137,-4.26992e6,2.14289e6,-5.37463e-9
1489108680,30136738.98013319,25929249.26072216,4207.490,3.98389e14,0.0531,-4.29186e6,2.14678e6,-5.38439e-9
1489108710,30121816.991454426,25911685.23618648,4210.132,3.98555e14,0.0114,-4.30049e6,2.15065e6,-5.39410e-9
1489108740,30106857.296391863,25894148.755788196,4212.709,3.96037e14,0.6430,-4.29458e6,2.15449e6,-5.40374e-9
1489108770,30091860.035308685,25876640.237749603,4215.220,3.95325e14,0.8218,-4.29833e6,2.15831e6,-5.41332e-9
1489108800,30076825.349396948,25859160.10124887,4217.665,3.94029e14,1.1470,-4.29885e6,2.16210e6,-5.42283e-9
1489108830,30061753.380659815,25841708.766418878,4220.045,3.97579e14,0.2563,-4.32563e6,2.16587e6,-5.43227e-9
1489108860,30046644.27198217,25824286.654304415,4222.358,4.02318e14,0.9325,-4.35888e6,2.16961e6,-5.44165e-9
1489108890,30031498.167067558,25806894.18688173,4224.604,3.98351e14,0.0627,-4.34472e6,2.17332e6,-5.45096e-9
1489108920,30016315.210463434,25789531.78703661,4226.783,4.01461e14,0.7178,-4.36907e6,2.17701e6,-5.46021e-9
1489108950,30001095.54756485,25772199.87855233,4228.896,4.07101e14,2.1325,-4.40725e6,2.18066e6,-5.46938e-9
1489108980,29985839.324618157,25754898.886097334,4230.940,4.01568e14,0.7446,-4.38428e6,2.18430e6,-5.47849e-9
1489109010,29970546.688724667,25737629.235212836,4232.917,3.95326e14,0.8216,-4.35726e6,2.18790e6,-5.48753e-9
1489109040,29955217.787844308,25720391.35230008,4234.826,3.94431e14,1.0460,-4.35946e6,2.19147e6,-5.49649e-9
1489109070,29939852.7707994,25703185.66460749,4236.667,3.97114e14,0.3728,-4.38129e6,2.19502e6,-5.50539e-9
1489109100,29924451.787278313,25686012.60021748,4238.439,4.01142e14,0.6377,-4.41051e6,2.19853e6,-5.51421e-9
1489109130,29909014.987862397,25668872.588007174,4240.142,4.00981e14,0.5972,-4.41662e6,2.20202e6,-5.52296e-9
1489109160,29893542.523958415,25651766.05771488,4241.776,4.00273e14,0.4196,-4.41964e6,2.20548e6,-5.53163e-9
1489109190,29878034.547873676,25634693.439846136,4243.341,3.95311e14,0.8252,-4.39902e6,2.20891e6,-5.54023e-9
1489109220,29862491.212797005,25617655.165685356,4244.836,3.93254e14,1.3414,-4.39437e6,2.21231e6,-5.54875e-9
1489109250,29846912.67280263,25600651.66728148,4246.261,3.97903e14,0.1749,-4.42690e6,2.21567e6,-5.55720e-9
1489109280,29831299.082854234,25583683.37743322,4247.616,4.01780e14,0.7977,-4.45515e6,2.21901e6,-5.56557e-9
1489109310,29815650.598808937,25566750.72967435,4248.900,4.02578e14,0.9980,-4.46624e6,2.22232e6,-5.57387e-9
1489109340,29799967.37742138,25549854.158258468,4250.113,3.99862e14,0.3166,-4.45766e6,2.22559e6,-5.58208e-9
1489109370,29784249.57634764,25532994.098143786,4251.255,3.98594e14,0.0017,-4.45706e6,2.22884e6,-5.59022e-9
1489109400,29768497.35414939,25516170.984977625,4252.326,4.00092e14,0.3742,-4.47187e6,2.23205e6,-5.59827e-9
1489109430,29752710.870278075,25499385.255114,4253.326,3.97399e14,0.3015,-4.46314e6,2.23522e6,-5.60625e-9
1489109460,29736890.2851399,25482637.34549517,4254.253,3.98777e14,0.0443,-4.47716e6,2.23837e6,-5.61414e-9
1489109490,29721035.76003883,25465927.693738237,4255.108,4.03027e14,1.1105,-4.50728e6,2.24148e6,-5.62195e-9
1489109520,29705147.45720022,25449256.738085907,4255.891,4.02882e14,1.0742,-4.51266e6,2.24456e6,-5.62968e-9
1489109550,29689225.53977471,25432624.917390145,4256.601,3.98883e14,0.0708,-4.49624e6,2.24761e6,-5.63732e-9
1489109580,29673270.171842046,25416032.671095792,4257.238,3.95741e14,0.7175,-4.48453e6,2.25062e6,-5.64488e-9
1489109610,29657281.518415038,25399480.439223837,4257.801,3.97136e14,0.3674,-4.49835e6,2.25360e6,-5.65235e-9
1489109640,29641259.74544338,25382968.662354477,4258.291,3.94870e14,0.9359,-4.49140e6,2.25654e6,-5.65974e-9
1489109670,29625205.01981755,25366497.78161004,4258.707,3.97510e14,0.2736,-4.51216e6,2.25945e6,-5.66704e-9
1489109700,29609117.50937268,25350068.238637608,4259.049,3.98618e14,0.0044,-4.52418e6,2.26233e6,-5.67424e-9
1489109730,29592997.38290571,25333680.475562852,4259.317,3.97229e14,0.3442,-4.52196e6,2.26516e6,-5.68137e-9
1489109760,29576844.810138408,25317334.935060184,4259.510,3.95477e14,0.7836,-4.51759e6,2.26796e6,-5.68840e-9
1489109790,29560659.961762287,25301032.060246646,4259.628,3.95721e14,0.7225,-4.52449e6,2.27073e6,-5.69534e-9
1489109820,29544443.00942926,25284772.294691853,4259.671,3.96964e14,0.4104,-4.53702e6,2.27346e6,-5.70218e-9
1489109850,29528194.125755697,25268556.08239924,4259.638,3.95993e14,0.6540,-4.53685e6,2.27615e6,-5.70894e-9
1489109880,29511913.48432648,25252383.867787037,4259.530,3.98982e14,0.0957,-4.55923e6,2.27881e6,-5.71560e-9
1489109910,29495601.259698976,25236256.095669083,4259.345,3.99296e14,0.1746,-4.56626e6,2.28142e6,-5.72217e-9
1489109940,29479257.627407067,25220173.211235296,4259.084,3.98073e14,0.1324,-4.56442e6,2.28400e6,-5.72864e-9
1489109970,29462882.76396521,25204135.66003199,4258.747,4.01464e14,0.7184,-4.58895e6,2.28654e6,-5.73502e-9
1489110000,29446476.846872434,25188143.887941975,4258.333,3.96364e14,0.5612,-4.56469e6,2.28905e6,-5.74130e-9
1489110030,29430040.054606266,25172198.3411791,4257.842,3.95767e14,0.7108,-4.56617e6,2.29151e6,-5.74748e-9
1489110060,29413572.56665806,25156299.46622266,4257.273,3.98903e14,0.0759,-4.58905e6,2.29393e6,-5.75356e-9
1489110090,29397074.56350563,25140447.7098419,4256.627,3.95691e14,0.7298,-4.57532e6,2.29632e6,-5.75955e-9
1489110120,29380546.226627354,25124643.5190608,4255.903,3.96724e14,0.4708,-4.58595e6,2.29866e6,-5.76543e-9
1489110150,29363987.738506142,25108887.341137137,4255.100,3.95174e14,0.8595,-4.58160e6,2.30096e6,-5.77122e-9
1489110180,29347399.282633428,25093179.623541404,4254.220,3.95565e14,0.7615,-4.58837e6,2.30323e6,-5.77690e-9
1489110210,29330781.043513164,25077520.813935537,4253.260,3.97543e14,0.2653,-4.60423e6,2.30545e6,-5.78247e-9
1489110240,29314133.20666571,25061911.360151306,4252.222,3.99789e14,0.2982,-4.62159e6,2.30763e6,-5.78795e-9
1489110270,29297455.95863193,25046351.710168656,4251.104,3.99693e14,0.2741,-4.62532e6,2.30977e6,-5.79332e-9
1489110300,29280749.486977085,25030842.312093746,4249.907,3.99228e14,0.1575,-4.62682e6,2.31186e6,-5.79858e-9
1489110330,29264013.980306946,25015383.614139352,4248.630,4.02011e14,0.8556,-4.64708e6,2.31392e6,-5.80374e-9
1489110360,29247249.628234528,24999976.06459435,4247.274,3.97071e14,0.3838,-4.62243e6,2.31593e6,-5.80879e-9
1489110390,29230456.621421475,24984620.111809704,4245.837,3.94595e14,1.0050,-4.61196e6,2.31790e6,-5.81373e-9
1489110420,29213635.15157007,24969316.204172816,4244.319,3.98911e14,0.0780,-4.64091e6,2.31982e6,-5.81856e-9
1489110450,29196785.411427293,24954064.79008449,4242.721,4.01490e14,0.7249,-4.65969e6,2.32170e6,-5.82329e-9
1489110480,29179907.594788905,24938866.317935746,4241.041,4.03391e14,1.2018,-4.67446e6,2.32354e6,-5.82790e-9
1489110510,29163001.89650363,24923721.2360844,4239.281,4.03019e14,1.1084,-4.67589e6,2.32533e6,-5.83240e-9
1489110540,29146068.51247716,24908629.992831293,4237.439,3.97838e14,0.1913,-4.64917e6,2.32708e6,-5.83678e-9
1489110570,29129107.639676217,24893593.03639649,4235.515,3.94462e14,1.0381,-4.63285e6,2.32878e6,-5.84106e-9
1489110600,29112119.47613269,24878610.814895064,4233.509,3.97629e14,0.2437,-4.65466e6,2.33043e6,-5.84522e-9
1489110630,29095104.22093446,24863683.776298817,4231.420,3.99995e14,0.3498,-4.67172e6,2.33204e6,-5.84926e-9
1489110660,29078062.07427008,24848812.368455037,4229.250,3.99673e14,0.2691,-4.67296e6,2.33360e6,-5.85318e-9
1489110690,29060993.23739209,24833997.03901785,4226.996,3.97858e14,0.1862,-4.66537e6,2.33512e6,-5.85699e-9
1489110720,29043897.91263413,24819238.235437382,4224.660,3.98336e14,0.0664,-4.67111e6,2.33659e6,-5.86069e-9
1489110750,29026776.303414784,24804536.404934417,4222.240,3.96644e14,0.4908,-4.66403e6,2.33801e6,-5.86426e-9
1489110780,29009628.61424147,24789891.99447487,4219.737,3.98084e14,0.1295,-4.67523e6,2.33938e6,-5.86771e-9
1489110810,28992455.05071437,24775305.450744092,4217.150,3.98086e14,0.1290,-4.67789e6,2.34071e6,-5.87104e-9
1489110840,28975255.819530237,24760777.220120877,4214.479,4.01026e14,0.6085,-4.69771e6,2.34198e6,-5.87425e-9
1489110870,28958031.128486235,24746307.748651367,4211.723,4.08114e14,2.3868,-4.74184e6,2.34321e6,-5.87733e-9
1489110900,28940781.186483838,24731897.482022744,4208.884,4.00398e14,0.4510,-4.69885e6,2.34439e6,-5.88030e-9
1489110930,28923506.20354283,24717546.865554594,4205.959,3.92865e14,1.4389,-4.65679e6,2.34552e6,-5.88313e-9
1489110960,28906206.390773676,24703256.344116762,4202.950,3.97120e14,0.3715,-4.68398e6,2.34659e6,-5.88585e-9
1489110990,28888881.96041282,24689026.36215858,4199.856,4.01383e14,0.6981,-4.71114e6,2.34762e6,-5.88843e-9
1489111020,28871533.125816412,24674857.36366358,4196.676,4.00212e14,0.4043,-4.70620e6,2.34860e6,-5.89089e-9
1489111050,28854160.10146416,24660749.792122457,4193.410,4.00089e14,0.3734,-4.70734e6,2.34952e6,-5.89322e-9
1489111080,28836763.102963224,24646704.090505738,4190.059,3.99676e14,0.2699,-4.70666e6,2.35040e6,-5.89542e-9
1489111110,28819342.34705214,24632720.70123633,4186.622,3.96557e14,0.5128,-4.68991e6,2.35122e6,-5.89749e-9
1489111140,28801898.0516046,24618800.066161804,4183.098,3.96374e14,0.5586,-4.69037e6,2.35199e6,-5.89943e-9
1489111170,28784430.43563336,24604942.626526564,4179.488,3.85602e14,3.2611,-4.62823e6,2.35271e6,-5.90124e-9
1489111200,28766939.71929402,24591148.82294371,4175.791,3.85869e14,3.1940,-4.63112e6,2.35337e6,-5.90291e-9
1489111230,28749426.123881873,24577419.095349237,4172.007,3.99412e14,0.2036,-4.71229e6,2.35398e6,-5.90445e-9
1489111260,28731889.871857405,24563753.88302848,4168.136,3.97378e14,0.3067,-4.70139e6,2.35454e6,-5.90586e-9
1489111290,28714331.186828423,24550153.624531984,4164.178,3.93204e14,1.3539,-4.67774e6,2.35504e6,-5.90713e-9
1489111320,28696750.293560762,24536618.757664703,4160.132,4.01199e14,0.6518,-4.72587e6,2.35549e6,-5.90826e-9
1489111350,28679147.41798201,24523149.71945697,4155.998,4.04265e14,1.4212,-4.74479e6,2.35588e6,-5.90926e-9
1489111380,28661522.787185185,24509746.9461352,4151.776,3.97411e14,0.2983,-4.70496e6,2.35622e6,-5.91011e-9
1489111410,28643876.62943245,24496410.87309262,4147.466,3.98532e14,0.0172,-4.71215e6,2.35650e6,-5.91083e-9
1489111440,28626209.174158752,24483141.934859745,4143.067,4.00149e14,0.3884,-4.72217e6,2.35672e6,-5.91141e-9
1489111470,28608520.651975397,24469940.56507462,4138.580,3.97009e14,0.3992,-4.70395e6,2.35689e6,-5.91185e-9
1489111500,28590811.294673793,24456807.19645317,4134.004,3.94838e14,0.9438,-4.69134e6,2.35701e6,-5.91214e-9
1489111530,28573081.335235663,24443742.26077931,4129.339,3.93980e14,1.1592,-4.68638e6,2.35706e6,-5.91229e-9
1489111560,28555331.00781598,24430746.188812383,4124.585,3.97991e14,0.1530,-4.71010e6,2.35706e6,-5.91230e-9
1489111590,28537560.547767196,24417819.41032015,4119.741,3.96805e14,0.4503,-4.70298e6,2.35700e6,-5.91216e-9
1489111620,28519770.191636138,24404962.35402805,4114.808,3.98151e14,0.1128,-4.71070e6,2.35688e6,-5.91188e-9
1489111650,28501960.17716761,24392175.447588798,4109.785,4.04580e14,1.5001,-4.74836e6,2.35671e6,-5.91145e-9
1489111680,28484130.743307866,24379459.117552027,4104.672,4.00747e14,0.5385,-4.72523e6,2.35647e6,-5.91087e-9
1489111710,28466282.13020818,24366813.789333664,4099.468,3.98038e14,0.1410,-4.70864e6,2.35618e6,-5.91014e-9
1489111740,28448414.57922833,24354239.88718521,4094.175,3.99613e14,0.2540,-4.71724e6,2.35582e6,-5.90927e-9
1489111770,28430528.33294006,24341737.834162872,4088.790,3.96209e14,0.6000,-4.69631e6,2.35541e6,-5.90824e-9
1489111800,28412623.635130454,24329308.05209657,4083.316,3.98248e14,0.0885,-4.70741e6,2.35494e6,-5.90707e-9
1489111830,28394700.730799265,24316950.961534888,4077.750,3.99621e14,0.2559,-4.71445e6,2.35440e6,-5.90574e-9
1489111860,28376759.866181295,24304666.98178802,4072.093,4.00345e14,0.4376,-4.71754e6,2.35380e6,-5.90426e-9
1489111890,28358801.288730633,24292456.530821644,4066.345,3.96753e14,0.4635,-4.69503e6,2.35315e6,-5.90262e-9
1489111920,28340825.247130085,24280320.025249533,4060.505,3.94428e14,1.0469,-4.67988e6,2.35243e6,-5.90083e-9
1489111950,28322831.991294436,24268257.88030184,4054.574,4.02398e14,0.9528,-4.72535e6,2.35165e6,-5.89889e-9
1489111980,28304821.772373624,24256270.50979323,4048.551,3.96050e14,0.6399,-4.68622e6,2.35080e6,-5.89678e-9
1489112010,28286794.842755955,24244358.32609099,4042.437,3.94091e14,1.1314,-4.67287e6,2.34990e6,-5.89452e-9
1489112040,28268751.456071176,24232521.740083035,4036.230,3.99436e14,0.2097,-4.70245e6,2.34893e6,-5.89211e-9
1489112070,28250691.867193606,24220761.161145758,4029.931,3.96101e14,0.6271,-4.68074e6,2.34790e6,-5.88953e-9
1489112100,28232616.33224521,24209076.997111943,4023.539,4.01457e14,0.7167,-4.71010e6,2.34680e6,-5.88679e-9
1489112130,28214525.108599875,24197469.654264525,4017.055,4.05120e14,1.6357,-4.72933e6,2.34564e6,-5.88390e-9
1489112160,28196418.454882517,24185939.537224125,4010.479,3.99977e14,0.3454,-4.69662e6,2.34441e6,-5.88084e-9
1489112190,28178296.630976003,24174487.048997436,4003.810,3.97545e14,0.2647,-4.67974e6,2.34312e6,-5.87762e-9
1489112220,28160159.898022823,24163112.59091896,3997.047,3.97108e14,0.3745,-4.67447e6,2.34177e6,-5.87423e-9
1489112250,28142008.51842795,24151816.56261869,3990.192,4.00540e14,0.4865,-4.69179e6,2.34035e6,-5.87069e-9
1489112280,28123842.755861722,24140599.36198997,3983.243,4.02817e14,1.0579,-4.70218e6,2.33886e6,-5.86697e-9
1489112310,28105662.87526273,24129461.38515723,3976.201,4.03641e14,1.2647,-4.70390e6,2.33731e6,-5.86309e-9
1489112340,28087469.142840534,24118403.0264436,3969.066,4.04690e14,1.5276,-4.70679e6,2.33569e6,-5.85905e-9
1489112370,28069261.826078463,24107424.678338636,3961.837,3.98998e14,0.0997,-4.67007e6,2.33400e6,-5.85484e-9
1489112400,28051041.193736333,24096526.73146587,3954.514,3.96124e14,0.6213,-4.64976e6,2.33225e6,-5.85046e-9
1489112430,28032807.515861478,24085709.5745313,3947.098,4.04290e14,1.4274,-4.69387e6,2.33043e6,-5.84591e-9
1489112460,28014561.0637657,24074973.59435006,3939.587,4.06140e14,1.8916,-4.70088e6,2.32854e6,-5.84119e-9
1489112490,27996302.110053577,24064319.17575449,3931.983,4.02473e14,0.9716,-4.67554e6,2.32659e6,-5.83630e-9
1489112520,27978030.928616703,24053746.701580673,3924.284,4.00534e14,0.4850,-4.66017e6,2.32456e6,-5.83124e-9
1489112550,27959747.79463633,24043256.55263592,3916.491,3.98598e14,0.0005,-4.64470e6,2.32247e6,-5.82600e-9
1489112580,27941452.98458586,24032849.107666016,3908.604,3.94884e14,0.9323,-4.61877e6,2.32031e6,-5.82060e-9
1489112610,27923146.7762333,24022524.74332264,3900.622,3.92082e14,1.6352,-4.59804e6,2.31808e6,-5.81502e-9
1489112640,27904829.448643696,24012283.83413066,3892.546,3.96325e14,0.5710,-4.61813e6,2.31577e6,-5.80926e-9
1489112670,27886501.28218148,24002126.7524555,3884.375,4.00942e14,0.5875,-4.64020e6,2.31340e6,-5.80333e-9
1489112700,27868162.55851275,23992053.86847051,3876.109,4.03238e14,1.1636,-4.64863e6,2.31096e6,-5.79723e-9
1489112730,27849813.560588863,23982065.550126564,3867.748,4.03851e14,1.3172,-4.64713e6,2.30845e6,-5.79094e-9
1489112760,27831454.572706062,23972162.163112737,3859.292,3.98509e14,0.0230,-4.61104e6,2.30587e6,-5.78448e-9
1489112790,27813085.880450048,23962344.07083074,3850.742,3.93455e14,1.2908,-4.57654e6,2.30322e6,-5.77785e-9
1489112820,27794707.770716514,23952611.634360228,3842.096,3.99364e14,0.1915,-4.60523e6,2.30049e6,-5.77103e-9
1489112850,27776320.531712934,23942965.212426387,3833.355,4.02005e14,0.8541,-4.61486e6,2.29770e6,-5.76403e-9
1489112880,27757924.452960405,23933405.16136762,3824.519,3.98712e14,0.0279,-4.59015e6,2.29483e6,-5.75686e-9
1489112910,27739519.825295344,23923931.835103314,3815.588,3.98125e14,0.1192,-4.58091e6,2.29189e6,-5.74950e-9
1489112940,27721106.94087119,23914545.585101727,3806.561,3.96280e14,0.5821,-4.56430e6,2.28887e6,-5.74196e-9
1489112970,27702686.093159955,23905246.76034783,3797.439,4.02285e14,0.9243,-4.59258e6,2.28579e6,-5.73424e-9
1489113000,27684257.576953854,23896035.70731141,3788.222,3.99347e14,0.1873,-4.56942e6,2.28263e6,-5.72633e-9
1489113030,27665821.688391075,23886912.7699337,3778.909,3.95929e14,0.6702,-4.54342e6,2.27940e6,-5.71825e-9
1489113060,27647378.724882413,23877878.28953849,3769.500,3.99055e14,0.1140,-4.55468e6,2.27609e6,-5.70997e-9
1489113090,27628928.98518762,23868932.60485764,3759.996,3.95784e14,0.7065,-4.52928e6,2.27271e6,-5.70152e-9
1489113120,27610472.76939268,23860076.05198113,3750.397,3.97514e14,0.2726,-4.53226e6,2.26926e6,-5.69287e-9
1489113150,27592010.378911313,23851308.96432581,3740.701,3.98068e14,0.1335,-4.52837e6,2.26573e6,-5.68404e-9
1489113180,27573542.116486378,23842631.672604233,3730.910,3.98999e14,0.1000,-4.52646e6,2.26213e6,-5.67503e-9
1489113210,27555068.286191233,23834044.504793517,3721.024,4.02064e14,0.8689,-4.53648e6,2.25845e6,-5.66583e-9
1489113240,27536589.193431024,23825547.786104504,3711.041,3.98232e14,0.0924,-4.50728e6,2.25470e6,-5.65643e-9
1489113270,27518105.144943915,23817141.838950865,3700.963,3.98370e14,0.0579,-4.50041e6,2.25088e6,-5.64685e-9
1489113300,27499616.448802173,23808826.982918456,3690.789,4.01335e14,0.6860,-4.50933e6,2.24697e6,-5.63709e-9
1489113330,27481123.414389938,23800603.534704518,3680.520,4.01588e14,0.7494,-4.50278e6,2.24300e6,-5.62713e-9
1489113360,27462626.35247601,23792471.80818049,3670.155,3.98902e14,0.0757,-4.47957e6,2.23894e6,-5.61698e-9
1489113390,27444125.575142913,23784432.114268284,3659.693,3.95790e14,0.7050,-4.45387e6,2.23481e6,-5.60664e-9
1489113420,27425621.39581064,23776484.760940224,3649.137,3.97386e14,0.3047,-4.45442e6,2.23061e6,-5.59611e-9
1489113450,27407114.1292373,23768630.05318878,3638.484,3.92675e14,1.4867,-4.41956e6,2.22632e6,-5.58538e-9
1489113480,27388604.091519423,23760868.29299662,3627.736,3.95673e14,0.7344,-4.42763e6,2.22196e6,-5.57447e-9
1489113510,27370091.60009246,23753199.779306762,3616.892,3.98796e14,0.0490,-4.43617e6,2.21753e6,-5.56336e-9
1489113540,27351576.973730925,23745624.807992917,3605.952,3.96393e14,0.5538,-4.41381e6,2.21301e6,-5.55206e-9
1489113570,27333060.532548636,23738143.671830032,3594.917,3.99993e14,0.3493,-4.42461e6,2.20842e6,-5.54056e-9
1489113600,27314542.597998735,23730756.660465084,3583.786,3.98202e14,0.0999,-4.40536e6,2.20375e6,-5.52887e-9
1489113630,27296023.492893893,23723464.060414504,3572.559,3.95427e14,0.7962,-4.38057e6,2.19901e6,-5.51699e-9
1489113660,27277503.54134429,23716266.15495374,3561.237,3.99311e14,0.1784,-4.39235e6,2.19418e6,-5.50491e-9
1489113690,27258983.068819303,23709163.224170573,3549.820,4.01294e14,0.6756,-4.39344e6,2.18928e6,-5.49263e-9
1489113720,27240462.402127426,23702155.544910505,3538.307,4.03290e14,1.1765,-4.39439e6,2.18430e6,-5.48016e-9
1489113750,27221941.869416114,23695243.390748892,3526.698,3.98518e14,0.0208,-4.35813e6,2.17924e6,-5.46749e-9
1489113780,27203421.800171435,23688427.031963304,3514.995,3.96299e14,0.5774,-4.33577e6,2.17410e6,-5.45463e-9
1489113810,27184902.52521783,23681706.735506162,3503.196,4.02039e14,0.8627,-4.35661e6,2.16889e6,-5.44156e-9
1489113840,27166384.376717564,23675082.76497765,3491.302,4.04592e14,1.5032,-4.35984e6,2.16359e6,-5.42830e-9
1489113870,27147867.688170232,23668555.3805988,3479.312,4.02990e14,1.1011,-4.34035e6,2.15822e6,-5.41484e-9
1489113900,27129352.79441205,23662124.839185007,3467.228,4.00297e14,0.4257,-4.31485e6,2.15277e6,-5.40119e-9
1489113930,27110840.03159486,23655791.39410721,3455.049,4.03705e14,1.2806,-4.32213e6,2.14724e6,-5.38733e-9
1489113960,27092329.737247717,23649555.295304153,3442.774,4.03195e14,1.1527,-4.30810e6,2.14162e6,-5.37328e-9
1489113990,27073822.250213485,23643416.789218303,3430.405,3.99228e14,0.1573,-4.27540e6,2.13593e6,-5.35902e-9
1489114020,27055317.910667818,23637376.11878262,3417.942,3.97742e14,0.2155,-4.25592e6,2.13016e6,-5.34457e-9
1489114050,27036817.06011777,23631433.52339524,3405.384,4.01214e14,0.6556,-4.26275e6,2.12431e6,-5.32992e-9
1489114080,27018320.041400358,23625589.238894522,3392.731,3.92031e14,1.6481,-4.20205e6,2.11838e6,-5.31506e-9
1489114110,26999827.198681094,23619843.497534256,3379.984,3.93359e14,1.3151,-4.19718e6,2.11237e6,-5.30001e-9
1489114140,26981338.877452217,23614196.527959265,3367.142,4.02491e14,0.9760,-4.23335e6,2.10628e6,-5.28475e-9
1489114170,26962855.424531035,23608648.55518128,3354.207,4.03034e14,1.1124,-4.22382e6,2.10011e6,-5.26930e-9
1489114200,26944377.188057907,23603199.800555095,3341.177,4.01172e14,0.6452,-4.20148e6,2.09386e6,-5.25364e-9
1489114230,26925904.51751718,23597850.481750675,3328.054,3.96917e14,0.4223,-4.16650e6,2.08753e6,-5.23778e-9
1489114260,26907437.76366494,23592600.812743817,3314.837,3.96709e14,0.4745,-4.15263e6,2.08112e6,-5.22173e-9
1489114290,26888977.27859695,23587451.003779244,3301.526,4.00994e14,0.6005,-4.16199e6,2.07463e6,-5.20546e-9
1489114320,26870523.415723924,23582401.261352737,3288.122,4.00841e14,0.5621,-4.14803e6,2.06806e6,-5.18900e-9
1489114350,26852076.529769182,23577451.78818888,3274.625,3.95804e14,0.7015,-4.10864e6,2.06141e6,-5.17234e-9
1489114380,26833636.976766314,23572602.7832193,3261.034,3.97432e14,0.2932,-4.10362e6,2.05468e6,-5.15547e-9
1489114410,26815205.11405678,23567854.441561233,3247.351,4.04821e14,1.5607,-4.12800e6,2.04786e6,-5.13840e-9
1489114440,26796781.30028716,23563206.9544964,3233.574,4.01026e14,0.6086,-4.09468e6,2.04097e6,-5.12113e-9
1489114470,26778365.895406548,23558660.509450357,3219.705,3.96565e14,0.5105,-4.05793e6,2.03400e6,-5.10366e-9
1489114500,26759959.26066361,23554215.289972164,3205.744,4.03825e14,1.3108,-4.08079e6,2.02694e6,-5.08598e-9
1489114530,26741561.75858368,23549871.475731317,3191.690,4.01152e14,0.6400,-4.05288e6,2.01981e6,-5.06810e-9
1489114560,26723173.753027115,23545629.242446173,3177.545,4.01752e14,0.7906,-4.04144e6,2.01259e6,-5.05002e-9
1489114590,26704795.6091243,23541488.761917178,3163.307,4.02740e14,1.0386,-4.03178e6,2.00529e6,-5.03174e-9
1489114620,26686427.69329206,23537450.201991238,3148.977,3.92039e14,1.6462,-3.96330e6,1.99791e6,-5.01325e-9
1489114650,26668070.373229977,23533513.726543564,3134.557,3.91673e14,1.7379,-3.94669e6,1.99046e6,-4.99457e-9
1489114680,26649724.017916474,23529679.49545981,3120.045,3.98641e14,0.0101,-3.96643e6,1.98292e6,-4.97568e-9
1489114710,26631388.997604884,23525947.66461871,3105.441,3.96015e14,0.6485,-3.93818e6,1.97530e6,-4.95658e-9
1489114740,26613065.683819246,23522318.38587506,3090.747,4.01458e14,0.7169,-3.94971e6,1.96760e6,-4.93729e-9
1489114770,26594754.449350048,23518791.807043117,3075.963,4.07336e14,2.1916,-3.96301e6,1.95982e6,-4.91779e-9
1489114800,26576455.668249797,23515368.071880396,3061.088,4.07216e14,2.1615,-3.94654e6,1.95196e6,-4.89809e-9
1489114830,26558169.715836335,23512047.32004769,3046.122,4.02345e14,0.9395,-3.90673e6,1.94401e6,-4.87819e-9
1489114860,26539896.968663663,23508829.68716838,3031.067,3.95165e14,0.8618,-3.85574e6,1.93599e6,-4.85809e-9
1489114890,26521637.80454182,23505715.304738525,3015.922,3.99186e14,0.1469,-3.85906e6,1.92789e6,-4.83778e-9
1489114920,26503392.60252388,23502704.30013641,3000.688,3.96842e14,0.4412,-3.83140e6,1.91971e6,-4.81728e-9
1489114950,26485161.742900833,23499796.79660828,2985.365,3.91298e14,1.8321,-3.78833e6,1.91144e6,-4.79657e-9
1489114980,26466945.60719642,23496992.913254425,2969.953,3.96800e14,0.4518,-3.79808e6,1.90310e6,-4.77566e-9
1489115010,26448744.57816179,23494292.76501581,2954.452,4.03125e14,1.1351,-3.81135e6,1.89468e6,-4.75455e-9
1489115040,26430559.0397699,23491696.46266107,2938.863,4.06317e14,1.9359,-3.80937e6,1.88617e6,-4.73324e-9
1489115070,26412389.377209906,23489204.112773996,2923.185,4.00983e14,0.5978,-3.76691e6,1.87759e6,-4.71173e-9
1489115100,26394235.97688133,23486815.81774146,2907.420,3.95984e14,0.6564,-3.72610e6,1.86893e6,-4.69002e-9
1489115130,26376099.226395503,23484531.67576593,2891.568,3.99091e14,0.1231,-3.72319e6,1.86018e6,-4.66811e-9
1489115160,26357979.514546815,23482351.780780092,2875.628,3.96899e14,0.4270,-3.69535e6,1.85136e6,-4.64600e-9
1489115190,26339877.231328897,23480276.222510543,2859.601,3.99926e14,0.3327,-3.69160e6,1.84246e6,-4.62369e-9
1489115220,26321792.767921086,23478305.086443737,2843.488,3.99383e14,0.1964,-3.67111e6,1.83348e6,-4.60118e-9
1489115250,26303726.51668181,23476438.4538165,2827.288,3.94088e14,1.1321,-3.62874e6,1.82442e6,-4.57847e-9
1489115280,26285678.871141918,23474676.401606925,2811.002,3.95410e14,0.8003,-3.61660e6,1.81528e6,-4.55557e-9
1489115310,26267650.225997865,23473019.00252588,2794.631,3.96816e14,0.4478,-3.60462e6,1.80606e6,-4.53246e-9
1489115340,26249640.977104582,23471466.325008877,2778.175,3.96305e14,0.5758,-3.58377e6,1.79677e6,-4.50916e-9
1489115370,26231651.521468367,23470018.433208484,2761.633,3.98444e14,0.0392,-3.57468e6,1.78739e6,-4.48567e-9
1489115400,26213682.257239416,23468675.38698716,2745.007,4.03144e14,1.1398,-3.57676e6,1.77794e6,-4.46197e-9
1489115430,26195733.58369015,23467437.241892055,2728.296,4.04937e14,1.5897,-3.56555e6,1.76841e6,-4.43808e-9
1489115460,26177805.901251007,23466304.049205992,2711.502,4.05383e14,1.7015,-3.54816e6,1.75880e6,-4.41400e-9
1489115490,26159899.611458994,23465275.85588462,2694.624,4.03527e14,1.2358,-3.52048e6,1.74911e6,-4.38972e-9
1489115520,26142015.11696352,23464352.704569425,2677.662,3.99793e14,0.2993,-3.48454e6,1.73935e6,-4.36524e-9
1489115550,26124152.82151793,23463534.633582894,2660.618,4.00739e14,0.5366,-3.46895e6,1.72951e6,-4.34057e-9
1489115580,26106313.129970964,23462821.676924042,2643.491,3.99627e14,0.2576,-3.44426e6,1.71959e6,-4.31571e-9
1489115610,26088496.44825801,23462213.8642645,2626.283,3.93981e14,1.1589,-3.40003e6,1.70959e6,-4.29065e-9
1489115640,26070703.183392,23461711.220945016,2608.992,3.97135e14,0.3675,-3.39347e6,1.69952e6,-4.26541e-9
1489115670,26052933.74345438,23461313.767972454,2591.620,4.02504e14,0.9792,-3.39598e6,1.68937e6,-4.23997e-9
1489115700,26035188.537585676,23461021.522017315,2574.167,4.01468e14,0.7194,-3.37107e6,1.67915e6,-4.21434e-9
1489115730,26017467.975982822,23460834.495417427,2556.633,4.03106e14,1.1304,-3.35726e6,1.66885e6,-4.18851e-9
1489115760,25999772.46986845,23460752.696158923,2539.020,4.01004e14,0.6029,-3.32765e6,1.65847e6,-4.16250e-9
1489115790,25982102.431501973,23460776.127892572,2521.326,3.93837e14,1.1950,-3.27705e6,1.64802e6,-4.13630e-9
1489115820,25964458.27416278,23460904.78992772,2503.553,3.94240e14,1.0939,-3.25779e6,1.63750e6,-4.10992e-9
1489115850,25946840.41214003,23461138.6772323,2485.702,3.97979e14,0.1559,-3.25198e6,1.62690e6,-4.08334e-9
1489115880,25929249.26072216,23461477.780433327,2467.771,3.99803e14,0.3016,-3.23805e6,1.61622e6,-4.05658e-9
1489115910,25911685.23618648,23461922.085817948,2449.763,3.97275e14,0.3326,-3.20634e6,1.60547e6,-4.02963e-9
1489115940,25894148.755788196,23462471.575334936,2431.677,3.99144e14,0.1363,-3.19222e6,1.59465e6,-4.00249e-9
1489115970,25876640.237749603,23463126.22659674,2413.514,4.03402e14,1.2045,-3.18734e6,1.58375e6,-3.97517e-9
1489116000,25859160.10124887,23463886.01288197,2395.274,4.07434e14,2.2161,-3.18120e6,1.57278e6,-3.94767e-9
1489116030,25841708.766418878,23464750.90314769,2376.958,4.03548e14,1.2413,-3.14364e6,1.56174e6,-3.91998e-9
1489116060,25824286.654304415,23465720.862004317,2358.566,3.94350e14,1.0664,-3.08548e6,1.55062e6,-3.89212e-9
1489116090,25806894.18688173,23466795.849748515,2340.098,3.97702e14,0.2253,-3.07618e6,1.53944e6,-3.86407e-9
1489116120,25789531.78703661,23467975.82235831,2321.556,3.88815e14,2.4550,-3.01961e6,1.52818e6,-3.83584e-9
1489116150,25772199.87855233,23469260.73149824,2302.939,3.86243e14,3.1003,-2.98744e6,1.51684e6,-3.80743e-9
1489116180,25754898.886097334,23470650.52452481,2284.248,3.97200e14,0.3514,-3.00640e6,1.50544e6,-3.77884e-9
1489116210,25737629.235212836,23472145.144492574,2265.484,4.06295e14,1.9304,-3.01761e6,1.49397e6,-3.75007e-9
1489116240,25720391.35230008,23473744.53016059,2246.647,4.07288e14,2.1794,-2.99800e6,1.48243e6,-3.72113e-9
1489116270,25703185.66460749,23475448.615999356,2227.737,4.00774e14,0.5453,-2.95048e6,1.47081e6,-3.69201e-9
1489116300,25686012.60021748,23477257.33219825,2208.755,4.00835e14,0.5606,-2.92728e6,1.45913e6,-3.66272e-9
1489116330,25668872.588007174,23479170.604651943,2189.702,3.98386e14,0.0538,-2.89482e6,1.44738e6,-3.63325e-9
1489116360,25651766.05771488,23481188.355035044,2170.578,3.95037e14,0.8941,-2.85912e6,1.43556e6,-3.60361e-9
1489116390,25634693.439846136,23483310.500744294,2151.383,3.95743e14,0.7170,-2.83798e6,1.42367e6,-3.57380e-9
1489116420,25617655.165685356,23485536.954929255,2132.118,3.97488e14,0.2791,-2.82034e6,1.41171e6,-3.54382e-9
1489116450,25600651.66728148,23487867.626501866,2112.784,3.96751e14,0.4639,-2.79374e6,1.39969e6,-3.51367e-9
1489116480,25583683.37743322,23490302.420146476,2093.381,3.96428e14,0.5450,-2.76849e6,1.38760e6,-3.48335e-9
1489116510,25566750.72967435,23492841.236330334,2073.909,4.00780e14,0.5468,-2.75928e6,1.37544e6,-3.45286e-9
1489116540,25549854.158258468,23495483.971314553,2054.370,4.03988e14,1.3516,-2.74574e6,1.36321e6,-3.42220e-9
1489116570,25532994.098143786,23498230.517165445,2034.764,3.87833e14,2.7013,-2.66622e6,1.35092e6,-3.39138e-9
1489116600,25516170.984977625,23501080.761766523,2015.090,3.92305e14,1.5794,-2.65687e6,1.33857e6,-3.36040e-9
1489122120,23502704.30013641,25507391.22212279,2004.687,4.00265e14,0.4175,2.67136e6,-1.33289e6,3.34397e-9
1489122150,23499796.79660828,25524198.987660434,2024.402,3.95227e14,0.8463,2.67918e6,-1.34526e6,3.37505e-9
1489122180,23496992.913254425,25541043.951351814,2044.051,3.93778e14,1.2099,2.69877e6,-1.35758e6,3.40597e-9
1489122210,23494292.76501581,25557925.67677634,2063.633,4.00317e14,0.4307,2.74560e6,-1.36983e6,3.43672e-9
1489122240,23491696.46266107,25574843.728193972,2083.147,4.06313e14,1.9350,2.79082e6,-1.38201e6,3.46731e-9
1489122270,23489204.112773996,25591797.670560617,2102.594,4.03803e14,1.3052,2.80651e6,-1.39412e6,3.49773e-9
1489122300,23486815.81774146,25608787.069543436,2121.971,3.97684e14,0.2299,2.80919e6,-1.40617e6,3.52798e-9
1489122330,23484531.67576593,25625811.491554935,2141.280,3.96334e14,0.5686,2.82833e6,-1.41815e6,3.55807e-9
1489122360,23482351.780780092,25642870.50370898,2160.519,3.98676e14,0.0189,2.86050e6,-1.43006e6,3.58798e-9
1489122390,23480276.222510543,25659963.67389441,2179.687,3.99447e14,0.2124,2.88700e6,-1.44191e6,3.61772e-9
1489122420,23478305.086443737,25677090.57077051,2198.785,3.99076e14,0.1194,2.90923e6,-1.45368e6,3.64729e-9
1489122450,23476438.4538165,25694250.76378137,2217.812,3.97791e14,0.2031,2.92794e6,-1.46539e6,3.67669e-9
1489122480,23474676.401606925,25711443.823170032,2236.767,3.92132e14,1.6228,2.93024e6,-1.47703e6,3.70591e-9
1489122510,23473019.00252588,25728669.31999248,2255.650,3.91029e14,1.8995,2.94907e6,-1.48860e6,3.73496e-9
1489122540,23471466.325008877,25745926.826131232,2274.461,3.95757e14,0.7133,2.98966e6,-1.50010e6,3.76383e-9
1489122570,23470018.433208484,25763215.91430897,2293.197,4.03269e14,1.1712,3.04093e6,-1.51152e6,3.79252e-9
1489122600,23468675.38698716,25780536.15810171,2311.861,4.05952e14,1.8443,3.07404e6,-1.52288e6,3.82104e-9
1489122630,23467437.241892055,25797887.131923936,2330.450,4.05350e14,1.6934,3.09451e6,-1.53416e6,3.84937e-9
1489122660,23466304.049205992,25815268.411127716,2348.964,3.99782e14,0.2965,3.09554e6,-1.54538e6,3.87753e-9
1489122690,23465275.85588462,25832679.57192886,2367.404,3.98694e14,0.0234,3.11362e6,-1.55652e6,3.90551e-9
1489122720,23464352.704569425,25850120.191447042,2385.767,4.02689e14,1.0258,3.15148e6,-1.56759e6,3.93330e-9
1489122750,23463534.633582894,25867589.847717784,2404.055,3.94157e14,1.1148,3.13980e6,-1.57858e6,3.96091e-9
1489122780,23462821.676924042,25885088.119704258,2422.266,3.90711e14,1.9794,3.14779e6,-1.58951e6,3.98834e-9
1489122810,23462213.8642645,25902614.587308805,2440.401,3.93611e14,1.2516,3.18094e6,-1.60036e6,4.01558e-9
1489122840,23461711.220945016,25920168.831384312,2458.458,4.02224e14,0.9090,3.23718e6,-1.61113e6,4.04264e-9
1489122870,23461313.767972454,25937750.433745373,2476.437,4.05763e14,1.7970,3.27309e6,-1.62183e6,4.06951e-9
1489122900,23461021.522017315,25955358.977179218,2494.337,4.09159e14,2.6490,3.30846e6,-1.63246e6,4.09620e-9
1489122930,23460834.495417427,25972994.045485176,2512.160,4.07846e14,2.3196,3.32444e6,-1.64302e6,4.12270e-9
1489122960,23460752.696158923,25990655.223397035,2529.903,3.95503e14,0.7772,3.29444e6,-1.65349e6,4.14901e-9
1489122990,23460776.127892572,26008342.096681815,2547.566,3.97525e14,0.2699,3.32362e6,-1.66390e6,4.17513e-9
1489123020,23460904.78992772,26026054.252121683,2565.149,3.97407e14,0.2993,3.34376e6,-1.67422e6,4.20107e-9
1489123050,23461138.6772323,26043791.277524162,2582.653,3.94258e14,1.0894,3.35093e6,-1.68448e6,4.22681e-9
1489123080,23461477.780433327,26061552.76173226,2600.075,4.00118e14,0.3808,3.39610e6,-1.69465e6,4.25236e-9
1489123110,23461922.085817948,26079338.294634365,2617.416,4.00957e14,0.5913,3.41994e6,-1.70475e6,4.27772e-9
1489123140,23462471.575334936,26097147.467173994,2634.676,3.98744e14,0.0360,3.43053e6,-1.71478e6,4.30289e-9
1489123170,23463126.22659674,26114979.87135928,2651.854,3.98263e14,0.0847,3.44835e6,-1.72472e6,4.32787e-9
1489123200,23463886.01288197,26132835.100272402,2668.949,4.01411e14,0.7051,3.48179e6,-1.73459e6,4.35265e-9
1489123230,23464750.90314769,26150712.74805932,2685.962,4.04622e14,1.5108,3.51551e6,-1.74438e6,4.37724e-9
1489123260,23465720.862004317,26168612.409998424,2702.892,4.01622e14,0.7579,3.52189e6,-1.75410e6,4.40163e-9
1489123290,23466795.849748515,26186533.68244958,2719.738,4.01612e14,0.7556,3.54121e6,-1.76374e6,4.42584e-9
1489123320,23467975.82235831,26204476.162881866,2736.500,3.93652e14,1.2415,3.52499e6,-1.77330e6,4.44984e-9
1489123350,23469260.73149824,26222439.449881848,2753.179,3.93313e14,1.3264,3.54233e6,-1.78278e6,4.47365e-9
1489123380,23470650.52452481,26240423.143161632,2769.773,4.01129e14,0.6343,3.59616e6,-1.79218e6,4.49726e-9
1489123410,23472145.144492574,26258426.84356676,2786.282,4.01851e14,0.8156,3.61815e6,-1.80151e6,4.52068e-9
1489123440,23473744.53016059,26276450.153083894,2802.706,3.98772e14,0.0431,3.62274e6,-1.81076e6,4.54390e-9
1489123470,23475448.615999356,26294492.67484833,2819.044,3.92546e14,1.5190,3.61265e6,-1.81992e6,4.56692e-9
1489123500,23477257.33219825,26312554.013151303,2835.297,3.97749e14,0.2137,3.65458e6,-1.82901e6,4.58974e-9
1489123530,23479170.604651943,26330633.77345192,2851.463,3.99861e14,0.3161,3.68233e6,-1.83802e6,4.61237e-9
1489123560,23481188.355035044,26348731.562369578,2867.543,3.94570e14,1.0110,3.67571e6,-1.84695e6,4.63479e-9
1489123590,23483310.500744294,26366846.987705313,2883.536,3.93759e14,1.2145,3.68955e6,-1.85581e6,4.65702e-9
1489123620,23485536.954929255,26384979.658443876,2899.443,3.98530e14,0.0177,3.72932e6,-1.86458e6,4.67905e-9
1489123650,23487867.626501866,26403129.184760164,2915.262,3.98224e14,0.0945,3.74527e6,-1.87327e6,4.70087e-9
1489123680,23490302.420146476,26421295.17802566,2930.993,3.99142e14,0.1358,3.76683e6,-1.88189e6,4.72250e-9
1489123710,23492841.236330334,26439477.250814606,2946.636,4.02499e14,0.9780,3.79984e6,-1.89042e6,4.74393e-9
1489123740,23495483.971314553,26457675.01691012,2962.191,4.04386e14,1.4514,3.82583e6,-1.89887e6,4.76515e-9
1489123770,23498230.517165445,26475888.091310035,2977.658,3.95293e14,0.8297,3.79919e6,-1.90725e6,4.78618e-9
1489123800,23501080.761766523,26494116.090232722,2993.035,3.94469e14,1.0365,3.81175e6,-1.91554e6,4.80700e-9
1489123830,23504034.5888519,26512358.631128926,3008.324,4.05367e14,1.6977,3.88072e6,-1.92375e6,4.82763e-9
1489123860,23507091.87795376,26530615.332668025,3023.523,4.01730e14,0.7850,3.87949e6,-1.93189e6,4.84805e-9
1489123890,23510252.50448134,26548885.81476259,3038.633,3.98873e14,0.0683,3.88176e6,-1.93994e6,4.86827e-9
1489123920,23513516.33971343,26567169.698567342,3053.653,4.00338e14,0.4360,3.90488e6,-1.94791e6,4.88829e-9
1489123950,23516883.25081272,26585466.606484316,3068.583,4.01545e14,0.7388,3.92663e6,-1.95581e6,4.90811e-9
1489123980,23520353.1008406,26603776.162167735,3083.423,4.01484e14,0.7234,3.94202e6,-1.96362e6,4.92772e-9
1489124010,23523925.748772383,26622097.990528848,3098.172,3.97508e14,0.2741,3.93787e6,-1.97135e6,4.94713e-9
1489124040,23527601.049512893,26640431.717740543,3112.831,3.94746e14,0.9671,3.93944e6,-1.97900e6,4.96634e-9
1489124070,23531378.85391259,26658776.971241876,3127.398,3.93714e14,1.2260,3.94937e6,-1.98657e6,4.98535e-9
1489124100,23535259.00878404,26677133.379742417,3141.874,3.99397e14,0.1999,3.99270e6,-1.99406e6,5.00415e-9
1489124130,23539241.356909566,26695500.573219527,3156.259,4.01129e14,0.6343,4.01624e6,-2.00147e6,5.02276e-9
1489124160,23543325.737087306,26713878.182943765,3170.552,3.97318e14,0.3218,4.01174e6,-2.00880e6,5.04116e-9
1489124190,23547511.984119985,26732265.841461577,3184.754,4.01537e14,0.7368,4.04756e6,-2.01604e6,5.05935e-9
1489124220,23551799.92884237,26750663.18260578,3198.863,4.00685e14,0.5229,4.05763e6,-2.02321e6,5.07735e-9
1489124250,23556189.39813973,26769069.84149922,3212.880,3.97198e14,0.3519,4.05408e6,-2.03030e6,5.09514e-9
1489124280,23560680.214966655,26787485.454558216,3226.805,3.91851e14,1.6932,4.04074e6,-2.03730e6,5.11273e-9
1489124310,23565272.198366325,26805909.65949586,3240.637,3.96737e14,0.4674,4.07954e6,-2.04423e6,5.13012e-9
1489124340,23569965.16349005,26824342.09532515,3254.377,4.03226e14,1.1604,4.12660e6,-2.05107e6,5.14730e-9
1489124370,23574758.921617303,26842782.402362056,3268.023,3.96508e14,0.5249,4.10552e6,-2.05784e6,5.16429e-9
1489124400,23579653.280176,26861230.222228378,3281.577,3.98456e14,0.0361,4.12895e6,-2.06452e6,5.18107e-9
1489124430,23584648.042756923,26879685.197854742,3295.037,4.04251e14,1.4175,4.17228e6,-2.07113e6,5.19765e-9
1489124460,23589743.00915417,26898146.973482706,3308.404,4.03860e14,1.3196,4.18339e6,-2.07765e6,5.21402e-9
1489124490,23594937.975367256,26916615.194667656,3321.677,4.03344e14,1.1900,4.19366e6,-2.08409e6,5.23020e-9
1489124520,23600232.73362911,26935089.508281127,3334.857,4.02194e14,0.9016,4.20043e6,-2.09045e6,5.24617e-9
1489124550,23605627.072428085,26953569.562513005,3347.942,4.01145e14,0.6384,4.20754e6,-2.09674e6,5.26194e-9
1489124580,23611120.7765304,26972055.006873775,3360.934,4.00395e14,0.4502,4.21603e6,-2.10294e6,5.27751e-9
1489124610,23616713.627002884,26990545.492196552,3373.832,3.96440e14,0.5421,4.20737e6,-2.10906e6,5.29288e-9
1489124640,23622405.401236095,27009040.670638967,3386.635,3.92831e14,1.4473,4.20027e6,-2.11510e6,5.30805e-9
1489124670,23628195.872967705,27027540.19568503,3399.344,3.95341e14,0.8176,4.22548e6,-2.12106e6,5.32302e-9
1489124700,23634084.8123063,27046043.72214685,3411.959,3.98303e14,0.0745,4.25301e6,-2.12695e6,5.33779e-9
1489124730,23640071.98576974,27064550.906172413,3424.479,4.01621e14,0.7578,4.28237e6,-2.13275e6,5.35235e-9
1489124760,23646157.15626558,27083061.40522805,3436.904,4.03913e14,1.3328,4.30616e6,-2.13847e6,5.36672e-9
1489124790,23652340.08315971,27101574.878119044,3449.235,4.03922e14,1.3350,4.31757e6,-2.14412e6,5.38089e-9
1489124820,23658620.52228738,27120090.98498474,3461.470,4.02320e14,0.9332,4.32014e6,-2.14968e6,5.39486e-9
1489124850,23664998.22597859,27138609.387299754,3473.611,3.93997e14,1.1550,4.28615e6,-2.15517e6,5.40863e-9
1489124880,23671472.943083834,27157129.74787519,3485.657,3.92713e14,1.4771,4.28994e6,-2.16057e6,5.42220e-9
1489124910,23678044.41900016,27175651.73085967,3497.607,4.03199e14,1.1537,4.35752e6,-2.16590e6,5.43557e-9
1489124940,23684712.395697474,27194175.001740247,3509.463,4.00046e14,0.3626,4.35090e6,-2.17115e6,5.44875e-9
1489124970,23691476.61174516,27212699.22734328,3521.223,3.88329e14,2.5769,4.29726e6,-2.17632e6,5.46172e-9
1489125000,23698336.80233891,27231224.075835127,3532.887,3.93932e14,1.1712,4.33799e6,-2.18141e6,5.47450e-9
1489125030,23705292.699313927,27249749.216715716,3544.457,3.92323e14,1.5747,4.33914e6,-2.18642e6,5.48709e-9
1489125060,23712344.031215232,27268274.320840973,3555.930,3.94064e14,1.1380,4.35850e6,-2.19136e6,5.49947e-9
1489125090,23719490.52328236,27286799.060401298,3567.309,4.02646e14,1.0149,4.41546e6,-2.19621e6,5.51166e-9
1489125120,23726731.897491004,27305323.108928945,3578.591,4.00793e14,0.5500,4.41483e6,-2.20099e6,5.52366e-9
1489125150,23734067.872580968,27323846.14129819,3589.778,4.01548e14,0.7394,4.42844e6,-2.20569e6,5.53546e-9
1489125180,23741498.164084442,27342367.833725434,3600.870,3.98311e14,0.0725,4.41978e6,-2.21032e6,5.54706e-9
1489125210,23749022.484354455,27360887.86376918,3611.865,3.95787e14,0.7059,4.41483e6,-2.21486e6,5.55847e-9
1489125240,23756640.542593475,27379405.910329945,3622.765,4.04121e14,1.3850,4.47016e6,-2.21933e6,5.56969e-9
1489125270,23764352.044882353,27397921.65365004,3633.570,4.02268e14,0.9201,4.46867e6,-2.22372e6,5.58072e-9
1489125300,23772156.694209352,27416434.775313307,3644.278,3.95392e14,0.8050,4.43889e6,-2.22804e6,5.59155e-9
1489125330,23780054.190510858,27434944.958248157,3654.891,4.01223e14,0.6579,4.48000e6,-2.23228e6,5.60219e-9
1489125360,23788044.23066577,27453451.886716686,3665.408,4.02634e14,1.0120,4.49628e6,-2.23644e6,5.61263e-9
1489125390,23796126.50856031,27471955.24632452,3675.829,4.02986e14,1.1002,4.50647e6,-2.24053e6,5.62289e-9
1489125420,23804300.715106573,27490454.724016838,3686.154,3.96803e14,0.4511,4.47971e6,-2.24454e6,5.63295e-9
1489125450,23812566.538272664,27508950.008077804,3696.383,3.96571e14,0.5091,4.48626e6,-2.24847e6,5.64283e-9
1489125480,23820923.66311299,27527440.78812976,3706.517,3.99875e14,0.3198,4.51263e6,-2.25233e6,5.65251e-9
1489125510,23829371.771798693,27545926.755132522,3716.555,3.93218e14,1.3502,4.48252e6,-2.25612e6,5.66201e-9
1489125540,23837910.543648303,27564407.60138238,3726.497,3.96393e14,0.5538,4.50790e6,-2.25983e6,5.67132e-9
1489125570,23846539.655158475,27582883.020511277,3736.343,4.02598e14,1.0028,4.55039e6,-2.26346e6,5.68044e-9
1489125600,23855258.780034877,27601352.707485702,3746.094,3.99396e14,0.1997,4.53933e6,-2.26702e6,5.68937e-9
1489125630,23864067.589213,27619816.358606044,3755.749,3.99044e14,0.1113,4.54431e6,-2.27051e6,5.69812e-9
1489125660,23872965.750921004,27638273.67150411,3765.308,4.00929e14,0.5843,4.56189e6,-2.27392e6,5.70668e-9
1489125690,23881952.93067924,27656724.345143437,3774.771,3.99669e14,0.2682,4.56139e6,-2.27725e6,5.71505e-9
1489125720,23891028.791341905,27675168.079817455,3784.139,4.00732e14,0.5347,4.57400e6,-2.28052e6,5.72324e-9
1489125750,23900192.99312846,27693604.577148166,3793.412,3.98657e14,0.0142,4.56851e6,-2.28371e6,5.73125e-9
1489125780,23909445.193655185,27712033.540084634,3802.588,3.96896e14,0.4276,4.56464e6,-2.28683e6,5.73907e-9
1489125810,23918785.04796693,27730454.672901597,3811.670,3.98015e14,0.1468,4.57715e6,-2.28987e6,5.74671e-9
1489125840,23928212.208568785,27748867.681197807,3820.655,3.96793e14,0.4534,4.57606e6,-2.29284e6,5.75417e-9
1489125870,23937726.325457964,27767272.27189446,3829.546,4.01172e14,0.6452,4.60707e6,-2.29575e6,5.76144e-9
1489125900,23947327.046155803,27785668.15323345,3838.341,4.03382e14,1.1996,4.62550e6,-2.29857e6,5.76854e-9
1489125930,23957014.015747048,27804055.034776814,3847.041,3.99551e14,0.2386,4.60892e6,-2.30133e6,5.77545e-9
1489125960,23966786.87688948,27822432.627401568,3855.646,3.98497e14,0.0260,4.60820e6,-2.30402e6,5.78219e-9
1489125990,23976645.26986867,27840800.643300813,3864.155,3.94117e14,1.1249,4.58807e6,-2.30663e6,5.78875e-9
1489126020,23986588.832622964,27859158.79598089,3872.570,3.95350e14,0.8155,4.60028e6,-2.30917e6,5.79512e-9
1489126050,23996617.20077595,27877506.80025942,3880.890,3.97401e14,0.3008,4.61710e6,-2.31165e6,5.80133e-9
1489126080,24006730.00766876,27895844.372263204,3889.114,3.96616e14,0.4978,4.61734e6,-2.31405e6,5.80735e-9
1489126110,24016926.88439271,27914171.2294262,3897.244,3.99137e14,0.1345,4.63664e6,-2.31638e6,5.81320e-9
1489126140,24027207.459821716,27932487.0904873,3905.280,4.00493e14,0.4748,4.64906e6,-2.31864e6,5.81888e-9
1489126170,24037571.360644974,27950791.675488126,3913.220,4.01839e14,0.8125,4.66130e6,-2.32084e6,5.82438e-9
1489126200,24048018.211399462,27969084.705770794,3921.066,3.99195e14,0.1491,4.65015e6,-2.32296e6,5.82971e-9
1489126230,24058547.63450567,27987365.903965853,3928.818,3.97885e14,0.1794,4.64662e6,-2.32502e6,5.83486e-9
1489126260,24069159.25029094,28005634.9940196,3936.476,4.00772e14,0.5447,4.66745e6,-2.32701e6,5.83984e-9
1489126290,24079852.67703149,28023891.701162316,3944.039,4.01967e14,0.8445,4.67828e6,-2.32893e6,5.84466e-9
1489126320,24090627.530982014,28042135.751915105,3951.508,4.00220e14,0.4064,4.67178e6,-2.33078e6,5.84930e-9
1489126350,24101483.42640843,28060366.8740873,3958.883,3.97844e14,0.1897,4.66145e6,-2.33256e6,5.85377e-9
1489126380,24112419.975620516,28078584.79677384,3966.165,3.96906e14,0.4251,4.65938e6,-2.33428e6,5.85807e-9
1489126410,24123436.78900462,28096789.250352565,3973.352,3.98195e14,0.1016,4.67023e6,-2.33593e6,5.86221e-9
1489126440,24134533.475056224,28114979.966481477,3980.446,4.02736e14,1.0374,4.70003e6,-2.33751e6,5.86618e-9
1489126470,24145709.640412614,28133156.678095985,3987.447,4.00359e14,0.4412,4.68913e6,-2.33903e6,5.86998e-9
1489126500,24156964.889885418,28151319.11940605,3994.354,3.97729e14,0.2187,4.67659e6,-2.34048e6,5.87361e-9
1489126530,24168298.826476026,28169467.02591521,4001.168,4.01382e14,0.6977,4.70082e6,-2.34187e6,5.87709e-9
1489126560,24179711.051460873,28187600.13435071,4007.889,3.97090e14,0.3789,4.67823e6,-2.34319e6,5.88039e-9
1489126590,24191201.164370913,28205718.1827273,4014.517,3.94086e14,1.1325,4.66306e6,-2.34444e6,5.88354e-9
1489126620,24202768.76304104,28223820.910322975,4021.052,4.00852e14,0.5649,4.70526e6,-2.34563e6,5.88652e-9
1489126650,24214413.443642266,28241908.057676177,4027.495,4.00876e14,0.5709,4.70766e6,-2.34676e6,5.88934e-9
1489126680,24226134.800713893,28259979.36658289,4033.845,3.98711e14,0.0277,4.69703e6,-2.34782e6,5.89201e-9
1489126710,24237932.427195646,28278034.58009385,4040.102,4.00492e14,0.4745,4.70953e6,-2.34882e6,5.89451e-9
1489126740,24249805.914459657,28296073.44251156,4046.268,3.99518e14,0.2301,4.70566e6,-2.34976e6,5.89685e-9
1489126770,24261754.852342505,28314095.699387364,4052.341,3.99271e14,0.1682,4.70595e6,-2.35063e6,5.89904e-9
1489126800,24273778.82917712,28332101.097518466,4058.322,3.97856e14,0.1868,4.69922e6,-2.35144e6,5.90106e-9
1489126830,24285877.43185304,28350089.38491298,4064.212,4.00860e14,0.5668,4.71844e6,-2.35219e6,5.90294e-9
1489126860,24298050.245760635,28368060.310884926,4070.010,4.00536e14,0.4856,4.71791e6,-2.35288e6,5.90465e-9
1489126890,24310296.854910698,28386013.625953183,4075.717,3.92279e14,1.5858,4.67039e6,-2.35351e6,5.90622e-9
1489126920,24322616.84193786,28403949.08186962,4081.332,3.97364e14,0.3102,4.70155e6,-2.35407e6,5.90763e-9
1489126950,24335009.788132332,28421866.43161572,4086.857,4.00005e14,0.3524,4.71816e6,-2.35457e6,5.90888e-9
1489126980,24347475.273471646,28439765.429399017,4092.290,3.98338e14,0.0657,4.70919e6,-2.35502e6,5.90999e-9
1489127010,24360012.87665217,28457645.830649704,4097.633,3.99265e14,0.1666,4.71543e6,-2.35540e6,5.91094e-9
1489127040,24372622.17512065,28475507.392016936,4102.885,3.95068e14,0.8863,4.69126e6,-2.35572e6,5.91174e-9
1489127070,24385302.745105505,28493349.87136537,4108.047,3.99105e14,0.1266,4.71566e6,-2.35599e6,5.91240e-9
1489127100,24398054.161648102,28511173.02777153,4113.119,4.01914e14,0.8312,4.73267e6,-2.35619e6,5.91291e-9
1489127130,24410875.998602707,28528976.62155714,4118.101,4.01115e14,0.6308,4.72824e6,-2.35634e6,5.91327e-9
1489127160,24423767.8287636,28546760.41417172,4122.993,3.98730e14,0.0325,4.71431e6,-2.35643e6,5.91348e-9
1489127190,24436729.223799393,28564524.168302845,4127.795,3.98420e14,0.0453,4.71253e6,-2.35646e6,5.91355e-9
1489127220,24449759.75431476,28582267.64783592,4132.508,4.02644e14,1.0144,4.73745e6,-2.35643e6,5.91347e-9
1489127250,24462858.98988075,28599990.61785086,4137.132,4.03512e14,1.2321,4.74241e6,-2.35635e6,5.91325e-9
1489127280,24476026.499064963,28617692.844618615,4141.666,3.99245e14,0.1616,4.71690e6,-2.35621e6,5.91289e-9
1489127310,24489261.84946162,28635374.09559785,4146.112,3.94230e14,1.0966,4.68685e6,-2.35601e6,5.91238e-9
1489127340,24502564.607721422,28653034.13943147,4150.470,3.97735e14,0.2172,4.70706e6,-2.35576e6,5.91174e-9
1489127370,24515934.339581307,28670672.745943137,4154.738,4.14271e14,3.9315,4.80418e6,-2.35545e6,5.91095e-9
1489127400,24529370.609894074,28688289.68613384,4158.919,4.10881e14,3.0810,4.78340e6,-2.35508e6,5.91003e-9
1489127430,24542872.982685853,28705884.732141,4163.012,3.97553e14,0.2629,4.70379e6,-2.35466e6,5.90896e-9
1489127460,24556441.021098852,28723457.65735005,4167.017,3.99835e14,0.3098,4.71632e6,-2.35419e6,5.90776e-9
1489127490,24570074.28750757,28741008.236275528,4170.934,3.98675e14,0.0187,4.70840e6,-2.35366e6,5.90643e-9
1489127520,24583772.34351979,28758536.24459457,4174.764,3.99300e14,0.1755,4.71093e6,-2.35308e6,5.90496e-9
1489127550,24597534.750005625,28776041.459142864,4178.507,3.98664e14,0.0160,4.70590e6,-2.35244e6,5.90335e-9
1489127580,24611361.067126475,28793523.657910846,4182.163,3.99483e14,0.2213,4.70934e6,-2.35175e6,5.90161e-9
1489127610,24625250.854363732,28810982.620039713,4185.732,3.98646e14,0.0114,4.70292e6,-2.35101e6,5.89974e-9
1489127640,24639203.67054735,28828418.125817392,4189.214,4.01253e14,0.6653,4.71669e6,-2.35021e6,5.89773e-9
1489127670,24653219.07388424,28845829.956674695,4192.611,4.04493e14,1.4784,4.73410e6,-2.34937e6,5.89560e-9
1489127700,24667296.621986464,28863217.895181134,4195.921,3.99807e14,0.3027,4.70467e6,-2.34847e6,5.89333e-9
1489127730,24681435.871876918,28880581.72507491,4199.146,3.99402e14,0.2011,4.70037e6,-2.34752e6,5.89094e-9
1489127760,24695636.380086277,28897921.231154624,4202.285,3.98329e14,0.0680,4.69205e6,-2.34652e6,5.88842e-9
1489127790,24709897.702611085,28915236.199379794,4205.338,3.96572e14,0.5090,4.67960e6,-2.34547e6,5.88577e-9
1489127820,24724219.394963514,28932526.416833296,4208.307,3.98624e14,0.0058,4.68947e6,-2.34437e6,5.88299e-9
1489127850,24738601.01219859,28949791.671717644,4211.191,3.97363e14,0.3104,4.67975e6,-2.34321e6,5.88009e-9
1489127880,24753042.108940985,28967031.753351193,4213.990,3.98340e14,0.0655,4.68308e6,-2.34201e6,5.87707e-9
1489127910,24767542.23941181,28984246.45216447,4216.704,4.00574e14,0.4951,4.69370e6,-2.34076e6,5.87392e-9
1489127940,24782100.957455073,29001435.559696343,4219.335,3.99392e14,0.1986,4.68416e6,-2.33946e6,5.87065e-9
1489127970,24796717.816564027,29018598.868590344,4221.881,3.96307e14,0.5755,4.66335e6,-2.33812e6,5.86726e-9
1489128000,24811392.369907342,29035736.172590774,4224.344,3.95202e14,0.8525,4.65409e6,-2.33672e6,5.86375e-9
1489128030,24826124.170373246,29052847.266513526,4226.723,4.00819e14,0.5566,4.68412e6,-2.33528e6,5.86012e-9
1489128060,24840912.77053878,29069931.946320914,4229.019,4.02465e14,0.9696,4.69077e6,-2.33379e6,5.85636e-9
1489128090,24855757.722752355,29086990.00903885,4231.232,4.01048e14,0.6141,4.67938e6,-2.33225e6,5.85250e-9
1489128120,24870658.579140726,29104021.25277839,4233.363,3.99047e14,0.1121,4.66450e6,-2.33067e6,5.84851e-9
1489128150,24885614.891634252,29121025.476731673,4235.411,3.98087e14,0.1289,4.65562e6,-2.32904e6,5.84441e-9
1489128180,24900626.21199201,29138002.481167864,4237.376,4.01449e14,0.7147,4.67190e6,-2.32736e6,5.84019e-9
1489128210,24915692.09182667,29154952.06742908,4239.260,3.98480e14,0.0303,4.65111e6,-2.32564e6,5.83586e-9
1489128240,24930812.082629133,29171874.037926227,4241.062,3.98225e14,0.0941,4.64609e6,-2.32387e6,5.83141e-9
1489128270,24945985.735793024,29188768.196135,4242.782,3.97976e14,0.1567,4.64101e6,-2.32206e6,5.82686e-9
1489128300,24961212.602638837,29205634.346591644,4244.422,3.93785e14,1.2081,4.61289e6,-2.32020e6,5.82219e-9
1489128330,24976492.23442265,29222472.29490297,4245.980,3.96585e14,0.5055,4.62540e6,-2.31830e6,5.81741e-9
1489128360,24991824.18240741,29239281.847698882,4247.458,3.98751e14,0.0379,4.63411e6,-2.31636e6,5.81252e-9
1489128390,25007207.997838583,29256062.812671807,4248.855,4.02053e14,0.8662,4.64930e6,-2.31437e6,5.80752e-9
1489128420,25022643.231982976,29272814.998558603,4250.172,4.00621e14,0.5069,4.63691e6,-2.31234e6,5.80242e-9
1489128450,25038129.436151687,29289538.21513649,4251.409,3.95207e14,0.8512,4.60137e6,-2.31027e6,5.79720e-9
1489128480,25053666.161722884,29306232.27321906,4252.566,3.90304e14,2.0815,4.56875e6,-2.30815e6,5.79188e-9
1489128510,25069252.960164376,29322896.98465237,4253.644,3.93203e14,1.3541,4.58125e6,-2.30600e6,5.78646e-9
1489128540,25084889.383055948,29339532.162310798,4254.643,4.01700e14,0.7776,4.62600e6,-2.30380e6,5.78093e-9
1489128570,25100574.98211145,29356137.620093133,4255.563,4.03934e14,1.3380,4.63440e6,-2.30156e6,5.77530e-9
1489128600,25116309.30920071,29372713.172918577,4256.404,3.98326e14,0.0688,4.59745e6,-2.29928e6,5.76956e-9
1489128630,25132091.916383494,29389258.63671861,4257.167,3.97206e14,0.3499,4.58634e6,-2.29696e6,5.76373e-9
1489128660,25147922.355893124,29405773.828445777,4257.851,4.03994e14,1.3532,4.62071e6,-2.29459e6,5.75779e-9
1489128690,25163800.18019579,29422258.56605677,4258.458,3.99591e14,0.2486,4.59054e6,-2.29219e6,5.75175e-9
1489128720,25179724.94199927,29438712.668512616,4258.988,3.97924e14,0.1698,4.57607e6,-2.28975e6,5.74562e-9
1489128750,25195696.194273934,29455135.9557746,4259.440,4.01392e14,0.7003,4.59101e6,-2.28727e6,5.73938e-9
1489128780,25211713.490273405,29471528.24880031,4259.815,3.99822e14,0.3065,4.57695e6,-2.28475e6,5.73305e-9
1489128810,25227776.383555047,29487889.369539645,4260.113,3.97200e14,0.3513,4.55681e6,-2.28220e6,5.72662e-9
1489128840,25243884.428000197,29504219.140930712,4260.335,3.97683e14,0.2302,4.55439e6,-2.27960e6,5.72010e-9
1489128870,25260037.177834265,29520517.386895895,4260.480,3.97650e14,0.2383,4.54893e6,-2.27697e6,5.71348e-9
1489128900,25276234.187646445,29536783.932337817,4260.550,3.95513e14,0.7747,4.53140e6,-2.27430e6,5.70677e-9
1489128930,25292475.012404274,29553018.60313239,4260.544,3.98224e14,0.0945,4.54145e6,-2.27159e6,5.69996e-9
1489128960,25308759.207488775,29569221.226133723,4260.462,3.95490e14,0.7804,4.52039e6,-2.26885e6,5.69306e-9
1489128990,25325086.328697704,29585391.629161455,4260.305,3.93779e14,1.2097,4.50512e6,-2.26606e6,5.68607e-9
1489129020,25341455.932269555,29601529.64099941,4260.074,3.99499e14,0.2254,4.53200e6,-2.26325e6,5.67899e-9
1489129050,25357867.57490218,29617635.091391694,4259.768,4.03179e14,1.1487,4.54716e6,-2.26040e6,5.67182e-9
1489129080,25374320.8137712,29633707.811038528,4259.387,4.00096e14,0.3752,4.52388e6,-2.25751e6,5.66457e-9
1489129110,25390815.206548154,29649747.63159242,4258.932,3.93455e14,1.2909,4.48045e6,-2.25458e6,5.65722e-9
1489129140,25407350.31141845,29665754.385654006,4258.404,3.94008e14,1.1523,4.47769e6,-2.25163e6,5.64979e-9
1489129170,25423925.687099043,29681727.906768195,4257.802,4.00553e14,0.4899,4.50866e6,-2.24864e6,5.64227e-9
1489129200,25440540.892855946,29697668.02942002,4257.127,4.04395e14,1.4537,4.52424e6,-2.24561e6,5.63466e-9
1489129230,25457195.488515306,29713574.58904181,4256.379,3.99808e14,0.3029,4.49226e6,-2.24255e6,5.62697e-9
1489129260,25473889.03449938,29729447.421975326,4255.558,3.98775e14,0.0439,4.48025e6,-2.23946e6,5.61920e-9
1489129290,25490621.091824297,29745286.36550148,4254.665,3.97596e14,0.2521,4.46738e6,-2.23633e6,5.61134e-9
1489129320,25507391.22212279,29761091.25782558,4253.700,3.95953e14,0.6643,4.45185e6,-2.23317e6,5.60340e-9
1489129350,25524198.987660434,29776861.938073542,4252.663,3.97475e14,0.2824,4.45400e6,-2.22998e6,5.59538e-9
1489129380,25541043.951351814,29792598.246287897,4251.554,3.99291e14,0.1732,4.45771e6,-2.22676e6,5.58728e-9
1489129410,25557925.67677634,29808300.02342411,4250.374,4.02503e14,0.9790,4.46910e6,-2.22350e6,5.57910e-9
1489129440,25574843.728193972,29823967.111346584,4249.123,3.99965e14,0.3423,4.44835e6,-2.22021e6,5.57084e-9
1489129470,25591797.670560617,29839599.352824856,4247.802,3.94008e14,1.1522,4.40856e6,-2.21689e6,5.56251e-9
1489129500,25608787.069543436,29855196.59152976,4246.410,3.95163e14,0.8624,4.40832e6,-2.21355e6,5.55409e-9
1489129530,25625811.491554935,29870758.672010783,4244.947,3.99131e14,0.1330,4.42358e6,-2.21017e6,5.54560e-9
1489129560,25642870.50370898,29886285.439749997,4243.415,4.00221e14,0.4066,4.42279e6,-2.20676e6,5.53703e-9
1489129590,25659963.67389441,29901776.74110046,4241.813,3.99904e14,0.3270,4.41414e6,-2.20332e6,5.52839e-9
1489129620,25677090.57077051,29917232.423300914,4240.142,3.97089e14,0.3792,4.39165e6,-2.19985e6,5.51967e-9
1489129650,25694250.76378137,29932652.33447175,4238.402,3.95578e14,0.7583,4.37633e6,-2.19635e6,5.51088e-9
1489129680,25711443.823170032,29948036.323611017,4236.593,3.97802e14,0.2003,4.38153e6,-2.19282e6,5.50202e-9
1489129710,25728669.31999248,29963384.24059046,4234.715,3.99519e14,0.2304,4.38385e6,-2.18926e6,5.49308e-9
1489129740,25745926.826131232,29978695.9361515,4232.769,3.99501e14,0.2259,4.37657e6,-2.18568e6,5.48407e-9
1489129770,25763215.91430897,29993971.261901256,4230.755,3.98082e14,0.1301,4.36156e6,-2.18206e6,5.47500e-9
1489129800,25780536.15810171,30009210.070308637,4228.674,3.95453e14,0.7897,4.33991e6,-2.17842e6,5.46585e-9
1489129830,25797887.131923936,30024412.214717813,4226.525,3.96537e14,0.5176,4.33851e6,-2.17476e6,5.45663e-9
1489129860,25815268.411127716,30039577.549290534,4224.309,4.04371e14,1.4477,4.37381e6,-2.17106e6,5.44735e-9
1489129890,25832679.57192886,30054705.929056015,4222.026,4.04582e14,1.5005,4.36745e6,-2.16734e6,5.43800e-9
1489129920,25850120.191447042,30069797.20988979,4219.677,3.97862e14,0.1853,4.32341e6,-2.16359e6,5.42858e-9
1489129950,25867589.847717784,30084851.248509962,4217.261,3.99856e14,0.3150,4.32667e6,-2.15981e6,5.41909e-9
1489129980,25885088.119704258,30099867.90247351,4214.780,4.02306e14,0.9296,4.33230e6,-2.15601e6,5.40954e-9
1489130010,25902614.587308805,30114847.03017262,4212.232,3.99284e14,0.1714,4.30829e6,-2.15218e6,5.39993e-9
1489130040,25920168.831384312,30129788.490830917,4209.620,3.94210e14,1.1014,4.27322e6,-2.14833e6,5.39025e-9
1489130070,25937750.433745373,30144692.144499924,4206.942,3.95436e14,0.7940,4.27210e6,-2.14445e6,5.38051e-9
1489130100,25955358.977179218,30159557.852055322,4204.199,3.92498e14,1.5309,4.24854e6,-2.14055e6,5.37070e-9
1489130130,25972994.045485176,30174385.47518919,4201.391,3.92805e14,1.4539,4.24239e6,-2.13662e6,5.36084e-9
1489130160,25990655.223397035,30189174.876419406,4198.520,4.00532e14,0.4846,4.27588e6,-2.13267e6,5.35091e-9
1489130190,26008342.096681815,30203925.919072915,4195.584,4.01753e14,0.7908,4.27442e6,-2.12869e6,5.34092e-9
1489130220,26026054.252121683,30218638.467286363,4192.584,4.00314e14,0.4300,4.25872e6,-2.12469e6,5.33088e-9
1489130250,26043791.277524162,30233312.386002474,4189.521,3.98321e14,0.0701,4.24004e6,-2.12067e6,5.32077e-9
1489130280,26061552.76173226,30247947.540966466,4186.395,3.98515e14,0.0214,4.23298e6,-2.11662e6,5.31060e-9
1489130310,26079338.294634365,30262543.79872245,4183.206,3.99662e14,0.2663,4.23091e6,-2.11255e6,5.30038e-9
1489130340,26097147.467173994,30277101.026609827,4179.954,4.02756e14,1.0425,4.23908e6,-2.10846e6,5.29010e-9
1489130370,26114979.87135928,30291619.09275967,4176.639,4.03919e14,1.3342,4.23694e6,-2.10435e6,5.27977e-9
1489130400,26132835.100272402,30306097.86609112,4173.263,3.99489e14,0.2228,4.20526e6,-2.10021e6,5.26938e-9
1489130430,26150712.74805932,30320537.216296654,4169.824,3.95297e14,0.8287,4.17489e6,-2.09605e6,5.25893e-9
1489130460,26168612.409998424,30334937.013872877,4166.325,3.93727e14,1.2227,4.15832e6,-2.09187e6,5.24843e-9
1489130490,26186533.68244958,30349297.130082615,4162.763,3.92330e14,1.5732,4.14264e6,-2.08767e6,5.23787e-9
1489130520,26204476.162881866,30363617.436962325,4159.141,3.97177e14,0.3572,4.15959e6,-2.08344e6,5.22727e-9
1489130550,26222439.449881848,30377897.807318367,4155.458,3.99655e14,0.2645,4.16404e6,-2.07920e6,5.21661e-9
1489130580,26240423.143161632,30392138.114723444,4151.715,3.98282e14,0.0800,4.14835e6,-2.07493e6,5.20590e-9
1489130610,26258426.84356676,30406338.233512916,4147.911,3.98661e14,0.0152,4.14175e6,-2.07065e6,5.19513e-9
1489130640,26276450.153083894,30420498.03878114,4144.048,3.96231e14,0.5944,4.12053e6,-2.06634e6,5.18432e-9
1489130670,26294492.67484833,30434617.40637788,4140.125,4.01475e14,0.7213,4.13903e6,-2.06202e6,5.17346e-9
1489130700,26312554.013151303,30448696.212904733,4136.142,4.03176e14,1.1479,4.13909e6,-2.05767e6,5.16254e-9
1489130730,26330633.77345192,30462734.33572971,4132.101,4.01572e14,0.7455,4.12204e6,-2.05331e6,5.15158e-9
1489130760,26348731.562369578,30476731.652927697,4128.000,4.04195e14,1.4035,4.12672e6,-2.04892e6,5.14057e-9
1489130790,26366846.987705313,30490688.043332815,4123.841,4.02501e14,0.9787,4.10916e6,-2.04452e6,5.12952e-9
1489130820,26384979.658443876,30504603.386517067,4119.624,3.99776e14,0.2950,4.08632e6,-2.04010e6,5.11841e-9
1489130850,26403129.184760164,30518477.562786892,4115.348,3.98043e14,0.1400,4.06857e6,-2.03566e6,5.10726e-9
1489130880,26421295.17802566,30532310.45317988,4111.015,3.97803e14,0.2000,4.05844e6,-2.03120e6,5.09607e-9
1489130910,26439477.250814606,30546101.93946149,4106.625,4.01325e14,0.6835,4.06740e6,-2.02673e6,5.08483e-9
1489130940,26457675.01691012,30559851.904121716,4102.177,4.00410e14,0.4539,4.05373e6,-2.02223e6,5.07354e-9
1489130970,26475888.091310035,30573560.230371833,4097.672,4.02970e14,1.0963,4.05764e6,-2.01772e6,5.06222e-9
1489131000,26494116.090232722,30587226.802141152,4093.111,4.06174e14,1.9001,4.06472e6,-2.01319e6,5.05084e-9
1489131030,26512358.631128926,30600851.504057575,4088.493,3.94735e14,0.9696,3.99789e6,-2.00865e6,5.03943e-9
1489131060,26530615.332668025,30614434.22149408,4083.819,3.90818e14,1.9525,3.96911e6,-2.00409e6,5.02797e-9
1489131090,26548885.81476259,30627974.840515897,4079.089,3.94572e14,1.0108,3.97887e6,-1.99951e6,5.01647e-9
1489131120,26567169.698567342,30641473.247893173,4074.304,3.99270e14,0.1680,3.99323e6,-1.99491e6,5.00494e-9
1489131150,26585466.606484316,30654929.331097607,4069.463,4.01638e14,0.7621,3.99582e6,-1.99030e6,4.99336e-9
1489131180,26603776.162167735,30668342.978299167,4064.567,3.96663e14,0.4861,3.96174e6,-1.98567e6,4.98174e-9
1489131210,26622097.990528848,30681714.078362696,4059.616,3.97572e14,0.2581,3.95699e6,-1.98103e6,4.97008e-9
1489131240,26640431.717740543,30695042.520844657,4054.611,3.99587e14,0.2475,3.95767e6,-1.97637e6,4.95838e-9
1489131270,26658776.971241876,30708328.195989802,4049.551,4.00070e14,0.3688,3.95070e6,-1.97170e6,4.94664e-9
1489131300,26677133.379742417,30721570.99472785,4044.438,3.99516e14,0.2297,3.93857e6,-1.96701e6,4.93487e-9
1489131330,26695500.573219527,30734770.808682628,4039.270,4.01149e14,0.6394,3.93718e6,-1.96230e6,4.92306e-9
1489131360,26713878.182943765,30747927.530130748,4034.049,4.02046e14,0.8644,3.93212e6,-1.95759e6,4.91121e-9
1489131390,26732265.841461577,30761041.052036293,4028.775,3.96707e14,0.4751,3.89645e6,-1.95285e6,4.89932e-9
1489131420,26750663.18260578,30774111.268035382,4023.448,4.00319e14,0.4311,3.90463e6,-1.94811e6,4.88741e-9
1489131450,26769069.84149922,30787138.07243313,4018.068,4.03377e14,1.1983,3.90999e6,-1.94334e6,4.87545e-9
1489131480,26787485.454558216,30800121.360200427,4012.636,4.04433e14,1.4633,3.90551e6,-1.93857e6,4.86346e-9
1489131510,26805909.65949586,30813061.026970986,4007.151,4.04753e14,1.5436,3.89742e6,-1.93378e6,4.85144e-9
1489131540,26824342.09532515,30825956.96903818,4001.615,4.03153e14,1.1421,3.87999e6,-1.92898e6,4.83938e-9
1489131570,26842782.402362056,30838809.08335194,3996.027,4.01836e14,0.8118,3.86394e6,-1.92416e6,4.82729e-9
1489131600,26861230.222228378,30851617.26751582,3990.387,3.96883e14,0.4309,3.83039e6,-1.91933e6,4.81517e-9
1489131630,26879685.197854742,30864381.41977108,3984.696,3.97580e14,0.2559,3.82407e6,-1.91449e6,4.80301e-9
1489131660,26898146.973482706,30877101.439033065,3978.954,3.95940e14,0.6675,3.80652e6,-1.90964e6,4.79082e-9
1489131690,26916615.194667656,30889777.224848866,3973.162,3.87347e14,2.8232,3.75575e6,-1.90477e6,4.77860e-9
1489131720,26935089.508281127,30902408.677406956,3967.319,3.95018e14,0.8988,3.78269e6,-1.89989e6,4.76636e-9
1489131750,26953569.562513005,30914995.697534062,3961.426,4.00252e14,0.4143,3.79783e6,-1.89500e6,4.75408e-9
1489131780,26972055.006873775,30927538.186692122,3955.483,3.96491e14,0.5293,3.77017e6,-1.89010e6,4.74177e-9
1489131810,26990545.492196552,30940036.046975292,3949.491,4.00378e14,0.4459,3.77874e6,-1.88519e6,4.72943e-9
1489131840,27009040.670638967,30952489.181106843,3943.449,3.99494e14,0.2242,3.76470e6,-1.88026e6,4.71706e-9
1489131870,27027540.19568503,30964897.492436185,3937.357,3.99949e14,0.3382,3.75695e6,-1.87532e6,4.70466e-9
1489131900,27046043.72214685,30977260.884935874,3931.217,4.00278e14,0.4208,3.74857e6,-1.87037e6,4.69224e-9
1489131930,27064550.906172413,30989579.263215687,3925.028,3.99268e14,0.1675,3.73390e6,-1.86541e6,4.67979e-9
1489131960,27083061.40522805,31001852.53246714,3918.791,3.97627e14,0.2443,3.71629e6,-1.86044e6,4.66731e-9
1489131990,27101574.878119044,31014080.598513182,3912.506,3.97934e14,0.1673,3.70777e6,-1.85546e6,4.65481e-9
1489132020,27120090.98498474,31026263.367788382,3906.172,3.96777e14,0.4574,3.69242e6,-1.85047e6,4.64227e-9
1489132050,27138609.387299754,31038400.74733614,3899.791,3.93799e14,1.2046,3.66865e6,-1.84547e6,4.62972e-9
1489132080,27157129.74787519,31050492.64480598,3893.363,3.96748e14,0.4647,3.67230e6,-1.84046e6,4.61713e-9
1489132110,27175651.73085967,31062538.96845072,3886.887,3.93217e14,1.3506,3.64601e6,-1.83544e6,4.60453e-9
1489132140,27194175.001740247,31074539.627123877,3880.365,3.97923e14,0.1701,3.65762e6,-1.83040e6,4.59189e-9
1489132170,27212699.22734328,31086494.530276835,3873.795,4.07624e14,2.2637,3.69197e6,-1.82536e6,4.57924e-9
1489132200,27231224.075835127,31098403.587956157,3867.180,4.06084e14,1.8775,3.67472e6,-1.82031e6,4.56656e-9
1489132230,27249749.216715716,31110266.710781008,3860.517,4.05050e14,1.6180,3.65979e6,-1.81525e6,4.55386e-9
1489132260,27268274.320840973,31122083.810001794,3853.809,4.05955e14,1.8452,3.65368e6,-1.81018e6,4.54113e-9
1489132290,27286799.060401298,31133854.797435958,3847.056,4.05818e14,1.8106,3.64280e6,-1.80510e6,4.52838e-9
1489132320,27305323.108928945,31145579.585484985,3840.256,3.98099e14,0.1257,3.59768e6,-1.80002e6,4.51561e-9
1489132350,27323846.14129819,31157258.08713166,3833.412,3.90896e14,1.9328,3.55506e6,-1.79492e6,4.50282e-9
1489132380,27342367.833725434,31168890.215937164,3826.522,3.97027e14,0.3949,3.57247e6,-1.78982e6,4.49000e-9
1489132410,27360887.86376918,31180475.886038326,3819.588,4.01649e14,0.7649,3.58296e6,-1.78470e6,4.47717e-9
1489132440,27379405.910329945,31192015.012144797,3812.609,3.96304e14,0.5762,3.54881e6,-1.77958e6,4.46431e-9
1489132470,27397921.65365004,31203507.50953628,3805.586,3.96577e14,0.5077,3.53979e6,-1.77445e6,4.45144e-9
1489132500,27416434.775313307,31214953.294059783,3798.519,4.02170e14,0.8956,3.55437e6,-1.76932e6,4.43854e-9
1489132530,27434944.958248157,31226352.282143477,3791.407,3.96827e14,0.4450,3.52038e6,-1.76417e6,4.42563e-9
1489132560,27453451.886716686,31237704.390742674,3784.253,3.97060e14,0.3865,3.51112e6,-1.75902e6,4.41270e-9
1489132590,27471955.24632452,31249009.5373887,3777.054,3.97164e14,0.3603,3.50128e6,-1.75386e6,4.39974e-9
1489132620,27490454.724016838,31260267.64016956,3769.813,3.99653e14,0.2642,3.50188e6,-1.74869e6,4.38677e-9
1489132650,27508950.008077804,31271478.617727526,3762.529,4.01092e14,0.6252,3.49781e6,-1.74352e6,4.37378e-9
1489132680,27527440.78812976,31282642.389256515,3755.202,3.93808e14,1.2023,3.45565e6,-1.73834e6,4.36078e-9
1489132710,27545926.755132522,31293758.874499734,3747.832,3.97191e14,0.3535,3.46004e6,-1.73315e6,4.34775e-9
1489132740,27564407.60138238,31304827.993747145,3740.420,4.01034e14,0.6104,3.46632e6,-1.72795e6,4.33471e-9
1489132770,27582883.020511277,31315849.66783305,3732.967,3.95205e14,0.8518,3.43069e6,-1.72275e6,4.32166e-9
1489132800,27601352.707485702,31326823.818133622,3725.471,3.93638e14,1.2450,3.41357e6,-1.71754e6,4.30858e-9
1489132830,27619816.358606044,31337750.36655838,3717.934,3.95479e14,0.7832,3.41110e6,-1.71233e6,4.29549e-9
1489132860,27638273.67150411,31348629.235566847,3710.356,3.99083e14,0.1211,3.41614e6,-1.70711e6,4.28239e-9
1489132890,27656724.345143437,31359460.348146945,3702.736,4.03285e14,1.1753,3.42361e6,-1.70188e6,4.26927e-9
1489132920,27675168.079817455,31370243.62781881,3695.076,3.98376e14,0.0562,3.39219e6,-1.69665e6,4.25613e-9
1489132950,27693604.577148166,31380978.998632405,3687.374,3.92046e14,1.6442,3.35485e6,-1.69141e6,4.24298e-9
1489132980,27712033.540084634,31391666.385164995,3679.633,3.94095e14,1.1302,3.35312e6,-1.68616e6,4.22982e-9
1489133010,27730454.672901597,31402305.712518875,3671.851,3.99006e14,0.1016,3.36338e6,-1.68091e6,4.21664e-9
1489133040,27748867.681197807,31412896.90631894,3664.029,4.02927e14,1.0856,3.36934e6,-1.67566e6,4.20345e-9
1489133070,27767272.27189446,31423439.892710194,3656.168,4.03561e14,1.2444,3.36141e6,-1.67040e6,4.19024e-9
1489133100,27785668.15323345,31433934.598355513,3648.266,3.99582e14,0.2463,3.33419e6,-1.66513e6,4.17702e-9
1489133130,27804055.034776814,31444380.950424902,3640.326,4.02529e14,0.9856,3.33591e6,-1.65986e6,4.16379e-9
1489133160,27822432.627401568,31454778.876618613,3632.346,4.04863e14,1.5711,3.33498e6,-1.65458e6,4.15055e-9
1489133190,27840800.643300813,31465128.305139307,3624.328,4.05275e14,1.6744,3.32604e6,-1.64930e6,4.13729e-9
1489133220,27859158.79598089,31475429.164697915,3616.270,4.00684e14,0.5227,3.29644e6,-1.64401e6,4.12402e-9
1489133250,27877506.80025942,31485681.384511232,3608.175,3.99908e14,0.3281,3.28264e6,-1.63872e6,4.11074e-9
1489133280,27895844.372263204,31495884.8942995,3600.041,4.00846e14,0.5633,3.27587e6,-1.63343e6,4.09745e-9
1489133310,27914171.2294262,31506039.624284152,3591.868,3.94575e14,1.0100,3.23963e6,-1.62813e6,4.08415e-9
1489133340,27932487.0904873,31516145.505185407,3583.658,3.96189e14,0.6050,3.23564e6,-1.62282e6,4.07084e-9
1489133370,27950791.675488126,31526202.46821997,3575.411,3.96695e14,0.4780,3.22711e6,-1.61751e6,4.05752e-9
1489133400,27969084.705770794,31536210.445098758,3567.126,3.97234e14,0.3427,3.21869e6,-1.61220e6,4.04418e-9
1489133430,27987365.903965853,31546169.368045896,3558.803,4.00546e14,0.4881,3.22142e6,-1.60689e6,4.03084e-9
1489133460,28005634.9940196,31556079.16973094,3550.444,3.99827e14,0.3076,3.20786e6,-1.60157e6,4.01748e-9
1489133490,28023891.701162316,31565939.783332344,3542.048,3.97583e14,0.2551,3.18821e6,-1.59624e6,4.00412e-9
1489133520,28042135.751915105,31575751.142514184,3533.615,3.95036e14,0.8942,3.16740e6,-1.59091e6,3.99075e-9
1489133550,28060366.8740873,31585513.181424174,3525.146,3.97839e14,0.1911,3.16793e6,-1.58558e6,3.97737e-9
1489133580,28078584.79677384,31595225.83469156,3516.641,3.97252e14,0.3383,3.15495e6,-1.58025e6,3.96398e-9
1489133610,28096789.250352565,31604889.037425254,3508.100,3.95770e14,0.7101,3.13843e6,-1.57491e6,3.95058e-9
1489133640,28114979.966481477,31614502.7252118,3499.523,3.92227e14,1.5990,3.11383e6,-1.56957e6,3.93717e-9
1489133670,28133156.678095985,31624066.834113378,3490.910,3.91676e14,1.7372,3.10106e6,-1.56422e6,3.92376e-9
1489133700,28151319.11940605,31633581.300665908,3482.262,3.93925e14,1.1729,3.09925e6,-1.55887e6,3.91034e-9
1489133730,28169467.02591521,31643046.061849143,3473.579,3.95870e14,0.6849,3.09619e6,-1.55352e6,3.89691e-9
1489133760,28187600.13435071,31652461.05517071,3464.861,4.00853e14,0.5652,3.10487e6,-1.54817e6,3.88347e-9
1489133790,28205718.1827273,31661826.21857797,3456.108,4.06172e14,1.8997,3.11471e6,-1.54281e6,3.87003e-9
1489133820,28223820.910322975,31671141.490483653,3447.321,4.06573e14,2.0001,3.10543e6,-1.53745e6,3.85658e-9
1489133850,28241908.057676177,31680406.809763793,3438.499,4.05300e14,1.6808,3.08971e6,-1.53209e6,3.84312e-9
1489133880,28259979.36658289,31689622.115755517,3429.643,4.00663e14,0.5174,3.06113e6,-1.52673e6,3.82966e-9
1489133910,28278034.58009385,31698787.34825496,3420.753,3.98387e14,0.0535,3.04168e6,-1.52136e6,3.81619e-9
1489133940,28296073.44251156,31707902.44751505,3411.829,4.00684e14,0.5226,3.03967e6,-1.51599e6,3.80271e-9
1489133970,28314095.699387364,31716967.35424349,3402.872,3.95506e14,0.7764,3.00928e6,-1.51062e6,3.78923e-9
1489134000,28332101.097518466,31725982.009600546,3393.881,4.02463e14,0.9689,3.02484e6,-1.50524e6,3.77575e-9
1489134030,28350089.38491298,31734946.355223227,3384.857,4.06452e14,1.9697,3.02904e6,-1.49987e6,3.76225e-9
1489134060,28368060.310884926,31743860.333142575,3375.800,3.94414e14,1.0502,2.97305e6,-1.49449e6,3.74876e-9
1489134090,28386013.625953183,31752723.88586253,3366.710,3.99433e14,0.2090,2.98110e6,-1.48911e6,3.73526e-9
1489134120,28403949.08186962,31761536.956331883,3357.588,4.04795e14,1.5541,2.99027e6,-1.48373e6,3.72175e-9
1489134150,28421866.43161572,31770299.48794259,3348.433,3.95807e14,0.7007,2.94609e6,-1.47834e6,3.70824e-9
1489134180,28439765.429399017,31779011.424527958,3339.246,3.95762e14,0.7120,2.93519e6,-1.47296e6,3.69472e-9
1489134210,28457645.830649704,31787672.71036093,3330.027,3.98321e14,0.0700,2.93387e6,-1.46757e6,3.68121e-9
1489134240,28475507.392016936,31796283.29015237,3320.776,3.95100e14,0.8783,2.91128e6,-1.46218e6,3.66768e-9
1489134270,28493349.87136537,31804843.10904938,3311.493,4.00705e14,0.5279,2.92103e6,-1.45679e6,3.65416e-9
1489134300,28511173.02777153,31813352.112633575,3302.179,4.06290e14,1.9290,2.93055e6,-1.45140e6,3.64063e-9
1489134330,28528976.62155714,31821810.246902466,3292.834,3.99984e14,0.3471,2.89679e6,-1.44601e6,3.62709e-9
1489134360,28546760.41417172,31830217.458320092,3283.457,3.99887e14,0.3228,2.88563e6,-1.44061e6,3.61356e-9
1489134390,28564524.168302845,31838573.69376286,3274.050,4.00218e14,0.4059,2.87601e6,-1.43522e6,3.60002e-9
1489134420,28582267.64783592,31846878.90053481,3264.611,3.96505e14,0.5258,2.85188e6,-1.42982e6,3.58648e-9
1489134450,28599990.61785086,31855133.02636571,3255.142,3.95388e14,0.8060,2.83712e6,-1.42443e6,3.57293e-9
1489134480,28617692.844618615,31863336.019409362,3245.643,3.94325e14,1.0727,2.82258e6,-1.41903e6,3.55938e-9
1489134510,28635374.09559785,31871487.828241803,3236.114,3.99312e14,0.1785,2.82952e6,-1.41363e6,3.54584e-9
1489134540,28653034.13943147,31879588.401859514,3226.554,3.97739e14,0.2162,2.81315e6,-1.40823e6,3.53228e-9
1489134570,28670672.745943137,31887637.68967762,3216.965,3.99559e14,0.2405,2.80877e6,-1.40283e6,3.51873e-9
1489134600,28688289.68613384,31895635.641528174,3207.346,4.05492e14,1.7289,2.81875e6,-1.39742e6,3.50518e-9
1489134630,28705884.732141,31903582.207661755,3197.697,3.99614e14,0.2542,2.78732e6,-1.39202e6,3.49162e-9
1489134660,28723457.65735005,31911477.338735387,3188.020,3.96019e14,0.6476,2.76400e6,-1.38662e6,3.47806e-9
1489134690,28741008.236275528,31919320.98582112,3178.313,3.93840e14,1.1942,2.74568e6,-1.38122e6,3.46450e-9
1489134720,28758536.24459457,31927113.100401092,3168.577,3.94123e14,1.1233,2.73591e6,-1.37581e6,3.45094e-9
1489134750,28776041.459142864,31934853.63436581,3158.812,3.97785e14,0.2045,2.73775e6,-1.37041e6,3.43738e-9
1489134780,28793523.657910846,31942542.54001246,3149.019,3.98598e14,0.0006,2.72973e6,-1.36500e6,3.42382e-9
1489134810,28810982.620039713,31950179.770043388,3139.197,3.95293e14,0.8299,2.70765e6,-1.35960e6,3.41026e-9
1489134840,28828418.125817392,31957765.277564425,3129.347,3.93191e14,1.3570,2.68975e6,-1.35419e6,3.39669e-9
1489134870,28845829.956674695,31965299.016083248,3119.469,3.93898e14,1.1797,2.68140e6,-1.34879e6,3.38313e-9
1489134900,28863217.895181134,31972780.93950795,3109.563,3.97847e14,0.1891,2.68395e6,-1.34338e6,3.36957e-9
1489134930,28880581.72507491,31980211.002155405,3099.629,4.02166e14,0.8945,2.68765e6,-1.33798e6,3.35600e-9
1489134960,28897921.231154624,31987589.158718932,3089.668,3.96935e14,0.4179,2.65930e6,-1.33257e6,3.34244e-9
1489134990,28915236.199379794,31994915.3642977,3079.679,3.99270e14,0.1680,2.65629e6,-1.32717e6,3.32888e-9
1489135020,28932526.416833296,32002189.574385308,3069.663,4.02388e14,0.9503,2.65581e6,-1.32176e6,3.31531e-9
1489135050,28949791.671717644,32009411.74486842,3059.620,4.00410e14,0.4539,2.63841e6,-1.31636e6,3.30175e-9
1489135080,28967031.753351193,32016581.832025304,3049.550,3.96870e14,0.4340,2.61594e6,-1.31095e6,3.28819e-9
1489135110,28984246.45216447,32023699.79252456,3039.453,3.91990e14,1.6584,2.58917e6,-1.30555e6,3.27463e-9
1489135140,29001435.559696343,32030765.583423708,3029.330,4.00329e14,0.4337,2.60564e6,-1.30014e6,3.26107e-9
1489135170,29018598.868590344,32037779.1621678,3019.180,4.10781e14,3.0559,2.62875e6,-1.29474e6,3.24751e-9
1489135200,29035736.172590774,32044740.48658809,3009.004,4.02581e14,0.9985,2.59126e6,-1.28934e6,3.23395e-9
1489135230,29052847.266513526,32051649.514882777,2998.802,3.95409e14,0.8007,2.55730e6,-1.28393e6,3.22039e-9
1489135260,29069931.946320914,32058506.20567088,2988.574,3.96514e14,0.5234,2.55009e6,-1.27853e6,3.20684e-9
1489135290,29086990.00903885,32065310.517935596,2978.321,3.96221e14,0.5968,2.53838e6,-1.27313e6,3.19328e-9
1489135320,29104021.25277839,32072062.411040593,2968.041,4.02385e14,0.9495,2.54720e6,-1.26773e6,3.17973e-9
1489135350,29121025.476731673,32078761.844728716,2957.736,4.02527e14,0.9851,2.53680e6,-1.26233e6,3.16618e-9
1489135380,29138002.481167864,32085408.779120356,2947.406,3.98864e14,0.0662,2.51440e6,-1.25693e6,3.15263e-9
1489135410,29154952.06742908,32092003.174712114,2937.051,4.00963e14,0.5927,2.51018e6,-1.25153e6,3.13908e-9
1489135440,29171874.037926227,32098544.992375292,2926.671,4.03324e14,1.1850,2.50673e6,-1.24613e6,3.12553e-9
1489135470,29188768.196135,32105034.193354476,2916.266,4.02413e14,0.9564,2.49304e6,-1.24073e6,3.11199e-9
1489135500,29205634.346591644,32111470.739266112,2905.836,3.99396e14,0.1997,2.47284e6,-1.23533e6,3.09845e-9
1489135530,29222472.29490297,32117854.592115637,2895.382,4.03394e14,1.2026,2.47437e6,-1.22994e6,3.08491e-9
1489135560,29239281.847698882,32124185.71423905,2884.904,4.09817e14,2.8139,2.48324e6,-1.22454e6,3.07137e-9
1489135590,29256062.812671807,32130464.068358697,2874.401,3.99705e14,0.2770,2.44138e6,-1.21915e6,3.05784e-9
1489135620,29272814.998558603,32136689.617563568,2863.875,3.98531e14,0.0173,2.42701e6,-1.21376e6,3.04431e-9
1489135650,29289538.21513649,32142862.32530815,2853.324,4.05666e14,1.7725,2.43785e6,-1.20836e6,3.03078e-9
1489135680,29306232.27321906,32148982.15541123,2842.750,4.02761e14,1.0438,2.41820e6,-1.20297e6,3.01725e-9
1489135710,29322896.98465237,32155049.07205478,2832.152,4.04823e14,1.5610,2.41356e6,-1.19758e6,3.00373e-9
1489135740,29339532.162310798,32161063.039782815,2821.531,4.01512e14,0.7306,2.39280e6,-1.19219e6,2.99021e-9
1489135770,29356137.620093133,32167024.023500238,2810.886,3.94690e14,0.9811,2.36167e6,-1.18681e6,2.97669e-9
1489135800,29372713.172918577,32172931.988471806,2800.219,3.96469e14,0.5346,2.35623e6,-1.18142e6,2.96317e-9
1489135830,29389258.63671861,32178786.900306843,2789.528,4.03811e14,1.3072,2.36714e6,-1.17603e6,2.94966e-9
1489135860,29405773.828445777,32184588.7250017,2778.815,4.04246e14,1.4164,2.35758e6,-1.17065e6,2.93616e-9
1489135890,29422258.56605677,32190337.428895105,2768.079,3.99760e14,0.2909,2.33363e6,-1.16527e6,2.92265e-9
1489135920,29438712.668512616,32196032.978681013,2757.320,3.97111e14,0.3735,2.31514e6,-1.15989e6,2.90915e-9
1489135950,29455135.9557746,32201675.341407456,2746.539,3.91738e14,1.7216,2.28885e6,-1.15451e6,2.89565e-9
1489135980,29471528.24880031,32207264.484475367,2735.736,4.03855e14,1.3182,2.31310e6,-1.14913e6,2.88216e-9
1489136010,29487889.369539645,32212800.37563746,2724.911,4.07496e14,2.2317,2.31272e6,-1.14375e6,2.86867e-9
1489136040,29504219.140930712,32218282.982997037,2714.064,4.01277e14,0.6715,2.28410e6,-1.13838e6,2.85518e-9
1489136070,29520517.386895895,32223712.27500683,2703.195,4.01287e14,0.6741,2.27334e6,-1.13300e6,2.84170e-9
1489136100,29536783.932337817,32229088.22046789,2692.304,4.02729e14,1.0357,2.26664e6,-1.12763e6,2.82822e-9
1489136130,29553018.60313239,32234410.788537055,2681.392,3.99745e14,0.2872,2.24744e6,-1.12226e6,2.81474e-9
1489136160,29569221.226133723,32239679.948699415,2670.459,4.08170e14,2.4009,2.26029e6,-1.11689e6,2.80127e-9
1489136190,29585391.629161455,32244895.670793675,2659.504,4.08338e14,2.4430,2.24989e6,-1.11152e6,2.78780e-9
1489136220,29601529.64099941,32250057.925002597,2648.528,3.93417e14,1.3004,2.19763e6,-1.10616e6,2.77434e-9
1489136250,29617635.091391694,32255166.681852017,2637.532,3.92614e14,1.5020,2.18475e6,-1.10079e6,2.76088e-9
1489136280,29633707.811038528,32260221.912209786,2626.514,3.93924e14,1.1733,2.17771e6,-1.09543e6,2.74743e-9
1489136310,29649747.63159242,32265223.587284885,2615.476,4.04533e14,1.4885,2.19606e6,-1.09007e6,2.73398e-9
1489136340,29665754.385654006,32270171.678626418,2604.417,4.15969e14,4.3575,2.21637e6,-1.08471e6,2.72053e-9
1489136370,29681727.906768195,32275066.15812268,2593.338,4.22279e14,5.9404,2.22250e6,-1.07935e6,2.70709e-9
1489136400,29697668.02942002,32279906.998000238,2582.239,4.00446e14,0.4629,2.15266e6,-1.07400e6,2.69365e-9
1489136430,29713574.58904181,32284694.170819156,2571.120,3.89510e14,2.2805,2.11262e6,-1.06864e6,2.68022e-9
1489136460,29729447.421975326,32289427.649483867,2559.980,3.96152e14,0.6142,2.11975e6,-1.06329e6,2.66679e-9
1489136490,29745286.36550148,32294107.407230515,2548.821,3.90244e14,2.0965,2.09340e6,-1.05794e6,2.65337e-9
1489136520,29761091.25782558,32298733.417629793,2537.642,3.91374e14,1.8130,2.08580e6,-1.05259e6,2.63995e-9
1489136550,29776861.938073542,32303305.654586058,2526.444,4.10891e14,3.0834,2.12647e6,-1.04725e6,2.62654e-9
1489136580,29792598.246287897,32307824.092336427,2515.226,4.11531e14,3.2440,2.11729e6,-1.04190e6,2.61313e-9
1489136610,29808300.02342411,32312288.7054499,2503.989,3.95025e14,0.8970,2.06351e6,-1.03656e6,2.59973e-9
1489136640,29823967.111346584,32316699.468826465,2492.732,3.96522e14,0.5215,2.05675e6,-1.03122e6,2.58633e-9
1489136670,29839599.352824856,32321056.357696198,2481.457,4.02109e14,0.8803,2.06048e6,-1.02588e6,2.57293e-9
1489136700,29855196.59152976,32325359.34761846,2470.163,4.05778e14,1.8007,2.05915e6,-1.02054e6,2.55954e-9
1489136730,29870758.672010783,32329608.41448224,2458.850,3.99119e14,0.1300,2.03143e6,-1.01521e6,2.54616e-9
1489136760,29886285.439749997,32333803.534501486,2447.518,3.92573e14,1.5122,2.00417e6,-1.00987e6,2.53278e-9
1489136790,29901776.74110046,32337944.68421817,2436.168,3.88746e14,2.4722,1.98395e6,-1.00454e6,2.51940e-9
1489136820,29917232.423300914,32342031.840500146,2424.799,3.95769e14,0.7105,1.99102e6,-9.99215e5,2.50603e-9
1489136850,29932652.33447175,32346064.980540384,2413.413,4.01209e14,0.6544,1.99397e6,-9.93888e5,2.49267e-9
1489136880,29948036.323611017,32350044.08185619,2402.008,3.95300e14,0.8280,1.96864e6,-9.88563e5,2.47931e-9
1489136910,29963384.24059046,32353969.122288477,2390.585,4.04616e14,1.5092,1.98101e6,-9.83241e5,2.46596e-9
1489136940,29978695.9361515,32357840.080000933,2379.144,4.08880e14,2.5790,1.98074e6,-9.77920e5,2.45261e-9
1489136970,29993971.261901256,32361656.93347931,2367.686,4.04415e14,1.4587,1.95908e6,-9.72602e5,2.43927e-9
1489137000,30009210.070308637,32365419.66153066,2356.210,4.02489e14,0.9754,1.94369e6,-9.67285e5,2.42593e-9
1489137030,30024412.214717813,32369128.243279476,2344.716,3.95883e14,0.6816,1.91708e6,-9.61971e5,2.41260e-9
1489137060,30039577.549290534,32372782.658176675,2333.205,3.93662e14,1.2389,1.90116e6,-9.56659e5,2.39927e-9
1489137090,30054705.929056015,32376382.885989215,2321.677,3.96012e14,0.6493,1.89621e6,-9.51349e5,2.38595e-9
1489137120,30069797.20988979,32379928.90680251,2310.132,4.04608e14,1.5071,1.90603e6,-9.46041e5,2.37263e-9
1489137150,30084851.248509962,32383420.701019708,2298.569,4.03688e14,1.2762,1.89316e6,-9.40735e5,2.35932e-9
1489137180,30099867.90247351,32386858.249361005,2286.990,4.03842e14,1.3150,1.88285e6,-9.35432e5,2.34602e-9
1489137210,30114847.03017262,32390241.532862987,2275.395,3.99953e14,0.3393,1.86311e6,-9.30130e5,2.33272e-9
1489137240,30129788.490830917,32393570.53287796,2263.782,3.99765e14,0.2923,1.85206e6,-9.24831e5,2.31942e-9
1489137270,30144692.144499924,32396845.23107327,2252.153,4.04532e14,1.4880,1.85244e6,-9.19534e5,2.30613e-9
1489137300,30159557.852055322,32400065.609430682,2240.508,4.04126e14,1.3863,1.84084e6,-9.14239e5,2.29285e-9
1489137330,30174385.47518919,32403231.650257822,2228.846,4.04038e14,1.3643,1.82998e6,-9.08947e5,2.27957e-9
1489137360,30189174.876419406,32406343.336150475,2217.168,4.01095e14,0.6257,1.81266e6,-9.03657e5,2.26630e-9
1489137390,30203925.919072915,32409400.6500291,2205.475,3.94313e14,1.0756,1.78677e6,-8.98369e5,2.25303e-9
1489137420,30218638.467286363,32412403.575126313,2193.765,3.93563e14,1.2637,1.77458e6,-8.93083e5,2.23977e-9
1489137450,30233312.386002474,32415352.094986416,2182.040,4.05272e14,1.6737,1.79014e6,-8.87799e5,2.22652e-9
1489137480,30247947.540966466,32418246.193464905,2170.299,4.11793e14,3.3098,1.79393e6,-8.82518e5,2.21327e-9
1489137510,30262543.79872245,32421085.854728,2158.542,3.97539e14,0.2662,1.75183e6,-8.77239e5,2.20002e-9
1489137540,30277101.026609827,32423871.06325222,2146.770,3.82188e14,4.1175,1.70773e6,-8.71962e5,2.18679e-9
1489137570,30291619.09275967,32426601.803823844,2134.983,3.88544e14,2.5230,1.71121e6,-8.66687e5,2.17355e-9
1489137600,30306097.86609112,32429278.06153845,2123.180,4.06328e14,1.9386,1.73922e6,-8.61415e5,2.16033e-9
1489137630,30320537.216296654,32431899.821775597,2111.363,4.08090e14,2.3806,1.73236e6,-8.56145e5,2.14711e-9
1489137660,30334937.013872877,32434467.070274998,2099.530,3.99512e14,0.2287,1.70339e6,-8.50877e5,2.13389e-9
1489137690,30349297.130082615,32436979.793059275,2087.683,3.95017e14,0.8989,1.68332e6,-8.45611e5,2.12068e-9
1489137720,30363617.436962325,32439437.976458102,2075.821,3.98669e14,0.0171,1.68053e6,-8.40348e5,2.10748e-9
1489137750,30377897.807318367,32441841.607107595,2063.944,4.05183e14,1.6513,1.68365e6,-8.35087e5,2.09428e-9
1489137780,30392138.114723444,32444190.6719496,2052.053,3.94757e14,0.9643,1.65135e6,-8.29828e5,2.08109e-9
1489137810,30406338.233512916,32446485.15823113,2040.147,3.96738e14,0.4673,1.64499e6,-8.24572e5,2.06790e-9
1489137840,30420498.03878114,32448725.053503778,2028.227,4.13761e14,3.8035,1.66948e6,-8.19318e5,2.05472e-9
1489137870,30434617.40637788,32450910.345622998,2016.293,4.07004e14,2.1084,1.64498e6,-8.14066e5,2.04154e-9
1489137900,30448696.212904733,32453041.02274764,2004.345,3.88536e14,2.5248,1.59691e6,-8.08817e5,2.02838e-9
1489147410,32452631.472802248,30446381.83946075,2006.250,3.91518e14,1.7768,-1.60432e6,8.09352e5,-2.03048e-9
1489147440,32450490.254125718,30432299.377415895,2018.191,4.04446e14,1.4665,-1.64115e6,8.14602e5,-2.04365e-9
1489147470,32448294.42782514,30418176.40221419,2030.118,4.01754e14,0.7911,-1.64619e6,8.19853e5,-2.05682e-9
1489147500,32446044.00592983,30404013.037382565,2042.031,3.81598e14,4.2655,-1.61501e6,8.25107e5,-2.07000e-9
1489147530,32443739.000772808,30389809.407204352,2053.930,4.01778e14,0.7971,-1.66734e6,8.30363e5,-2.08318e-9
1489147560,32441379.424991883,30375565.63670723,2065.814,4.06970e14,2.0998,-1.68878e6,8.35622e5,-2.09637e-9
1489147590,32438965.29152954,30361281.851682127,2077.683,3.93651e14,1.2418,-1.67131e6,8.40883e5,-2.10956e-9
1489147620,32436496.61363351,30346958.178681694,2089.538,4.08721e14,2.5391,-1.71376e6,8.46146e5,-2.12276e-9
1489147650,32433973.40485732,30332594.745023765,2101.379,4.02876e14,1.0726,-1.71194e6,8.51411e5,-2.13597e-9
1489147680,32431395.679060716,30318191.6787948,2113.204,3.89276e14,2.3393,-1.69330e6,8.56679e5,-2.14918e-9
1489147710,32428763.450410187,30303749.1088535,2125.014,4.00689e14,0.5241,-1.72840e6,8.61949e5,-2.16240e-9
1489147740,32426076.73337948,30289267.16483423,2136.810,4.08708e14,2.5357,-1.75641e6,8.67221e5,-2.17562e-9
1489147770,32423335.542750113,30274745.97715063,2148.590,4.03079e14,1.1236,-1.75477e6,8.72496e5,-2.18885e-9
1489147800,32420539.893611837,30260185.676999193,2160.354,4.00232e14,0.4094,-1.75912e6,8.77773e5,-2.20208e-9
1489147830,32417689.80136394,30245586.396369603,2172.103,3.89683e14,2.2372,-1.74632e6,8.83052e5,-2.21532e-9
1489147860,32414785.281713728,30230948.268027447,2183.837,3.94317e14,1.0747,-1.76709e6,8.88333e5,-2.22856e-9
1489147890,32411826.350679047,30216271.42553881,2195.555,4.05410e14,1.7084,-1.80247e6,8.93616e5,-2.24182e-9
1489147920,32408813.024588224,30201556.00326713,2207.257,3.93994e14,1.1557,-1.78739e6,8.98902e5,-2.25507e-9
1489147950,32405745.32008066,30186802.136377044,2218.943,3.92815e14,1.4514,-1.79523e6,9.04190e5,-2.26833e-9
1489147980,32402623.254107375,30172009.960837916,2230.613,3.99712e14,0.2788,-1.82146e6,9.09480e5,-2.28160e-9
1489148010,32399446.843931682,30157179.6134278,2242.267,3.99656e14,0.2647,-1.83193e6,9.14773e5,-2.29488e-9
1489148040,32396216.107129723,30142311.231737014,2253.905,3.99042e14,0.1109,-1.84112e6,9.20067e5,-2.30815e-9
1489148070,32392931.06159109,30127404.954172008,2265.526,3.99752e14,0.2890,-1.85336e6,9.25364e5,-2.32144e-9
1489148100,32389591.725519486,30112460.91995907,2277.131,3.88507e14,2.5321,-1.83772e6,9.30663e5,-2.33473e-9
1489148130,32386198.117431633,30097479.269138936,2288.719,3.89958e14,2.1683,-1.85159e6,9.35965e5,-2.34802e-9
1489148160,32382750.256163005,30082460.14259897,2300.290,4.02595e14,1.0021,-1.89192e6,9.41268e5,-2.36132e-9
1489148190,32379248.16086348,30067403.68204851,2311.844,4.01408e14,0.7043,-1.89977e6,9.46574e5,-2.37463e-9
1489148220,32375691.85099955,30052310.030031715,2323.382,3.99945e14,0.3373,-1.90693e6,9.51882e5,-2.38794e-9
1489148250,32372081.34635493,30037179.329931363,2334.902,4.03041e14,1.1139,-1.92500e6,9.57191e5,-2.40126e-9
1489148280,32368416.667031262,30022011.72597258,2346.405,3.92460e14,1.5406,-1.91013e6,9.62504e5,-2.41458e-9
1489148310,32364697.833448745,30006807.3632266,2357.890,3.88658e14,2.4943,-1.91144e6,9.67818e5,-2.42791e-9
1489148340,32360924.866346776,29991566.38761452,2369.358,3.91261e14,1.8413,-1.92830e6,9.73134e5,-2.44124e-9
1489148370,32357097.78678463,29976288.945911005,2380.809,3.95923e14,0.6717,-1.95028e6,9.78453e5,-2.45458e-9
1489148400,32353216.616142165,29960975.185748145,2392.241,3.98993e14,0.0985,-1.96846e6,9.83773e5,-2.46792e-9
1489148430,32349281.37611646,29945625.255626824,2403.656,3.97556e14,0.2620,-1.97554e6,9.89096e5,-2.48127e-9
1489148460,32345292.0887349,29930239.30489687,2415.053,3.93835e14,1.1956,-1.97689e6,9.94421e5,-2.49463e-9
1489148490,32341248.77634343,29914817.483784623,2426.431,3.91563e14,1.7655,-1.98178e6,9.99747e5,-2.50798e-9
1489148520,32337151.461611267,29899359.94338911,2437.792,4.02890e14,1.0762,-2.02090e6,1.00508e6,-2.52135e-9
1489148550,32333000.167531624,29883866.835685894,2449.133,4.06622e14,2.0125,-2.04108e6,1.01041e6,-2.53472e-9
1489148580,32328794.91742247,29868338.313530914,2460.457,3.96230e14,0.5946,-2.02537e6,1.01574e6,-2.54809e-9
1489148610,32324535.734927244,29852774.5306644,2471.761,3.93204e14,1.3539,-2.02825e6,1.02107e6,-2.56147e-9
1489148640,32320222.644015655,29837175.641714763,2483.047,3.99214e14,0.1539,-2.05433e6,1.02641e6,-2.57486e-9
1489148670,32315855.66898443,29821541.802202433,2494.314,4.01562e14,0.7431,-2.07109e6,1.03175e6,-2.58824e-9
1489148700,32311434.834458224,29805873.16854378,2505.562,4.03334e14,1.1876,-2.08642e6,1.03709e6,-2.60164e-9
1489148730,32306960.165405568,29790169.898043092,2516.790,4.06245e14,1.9178,-2.10478e6,1.04243e6,-2.61504e-9
1489148760,32302431.687092796,29774432.148933265,2528.000,3.98566e14,0.0086,-2.09539e6,1.04778e6,-2.62844e-9
1489148790,32297849.42513213,29758660.080342717,2539.189,3.96986e14,0.4050,-2.10190e6,1.05313e6,-2.64185e-9
1489148820,32293213.40546736,29742853.852311235,2550.360,4.04235e14,1.4135,-2.13182e6,1.05847e6,-2.65526e-9
1489148850,32288523.65437493,29727013.62579376,2561.510,4.02244e14,0.9140,-2.13728e6,1.06382e6,-2.66868e-9
1489148880,32283780.198464893,29711139.562664267,2572.641,4.03316e14,1.1831,-2.15091e6,1.06918e6,-2.68210e-9
1489148910,32278983.064682033,29695231.82571964,2583.751,3.90203e14,2.1068,-2.12633e6,1.07453e6,-2.69553e-9
1489148940,32274132.280306812,29679290.578683484,2594.842,3.87918e14,2.6800,-2.13074e6,1.07989e6,-2.70896e-9
1489148970,32269227.87295655,29663315.9862101,2605.912,3.93733e14,1.2210,-2.15714e6,1.08524e6,-2.72240e-9
1489149000,32264269.870586373,29647308.213888314,2616.962,3.90447e14,2.0455,-2.15880e6,1.09060e6,-2.73584e-9
1489149030,32259258.30147018,29631267.42826896,2627.991,4.02436e14,0.9624,-2.20237e6,1.09596e6,-2.74928e-9
1489149060,32254193.194263745,29615193.796796337,2638.999,4.04528e14,1.4872,-2.21893e6,1.10133e6,-2.76273e-9
1489149090,32249074.57794349,29599087.48788483,2649.987,4.02699e14,1.0283,-2.22466e6,1.10669e6,-2.77618e-9
1489149120,32243902.481827494,29582948.67089963,2660.954,4.06998e14,2.1067,-2.24743e6,1.11206e6,-2.78964e-9
1489149150,32238676.93557644,29566777.51616075,2671.899,4.05361e14,1.6962,-2.25369e6,1.11742e6,-2.80310e-9
1489149180,32233397.969194446,29550574.194947284,2682.824,4.07048e14,2.1194,-2.26927e6,1.12279e6,-2.81657e-9
1489149210,32228065.613030024,29534338.879501507,2693.727,4.06073e14,1.8747,-2.27737e6,1.12816e6,-2.83004e-9
1489149240,32222679.897776913,29518071.74303307,2704.608,3.98469e14,0.0330,-2.26659e6,1.13354e6,-2.84351e-9
1489149270,32217240.854475006,29501772.9597231,2715.468,3.97626e14,0.2445,-2.27492e6,1.13891e6,-2.85699e-9
1489149300,32211748.514511306,29485442.704728346,2726.306,3.96755e14,0.4629,-2.28316e6,1.14429e6,-2.87047e-9
1489149330,32206202.909630597,29469081.154150058,2737.122,3.91863e14,1.6902,-2.27978e6,1.14966e6,-2.88395e-9
1489149360,32200604.071906146,29452688.485146813,2747.916,3.94895e14,0.9296,-2.29923e6,1.15504e6,-2.89744e-9
1489149390,32194952.03377112,29436264.875829607,2758.687,3.86407e14,3.0590,-2.28523e6,1.16042e6,-2.91093e-9
1489149420,32189246.828009747,29419810.505300857,2769.436,3.89415e14,2.3043,-2.30462e6,1.16580e6,-2.92443e-9
1489149450,32183488.487758406,29403325.553658325,2780.163,4.00768e14,0.5438,-2.34861e6,1.17119e6,-2.93792e-9
1489149480,32177677.04650678,29386810.201998834,2790.867,3.94644e14,0.9927,-2.34133e6,1.17657e6,-2.95143e-9
1489149510,32171812.538098954,29370264.632422138,2801.548,3.98543e14,0.0144,-2.36361e6,1.18195e6,-2.96493e-9
1489149540,32165894.996734574,29353689.028034713,2812.206,3.97218e14,0.3469,-2.37043e6,1.18734e6,-2.97844e-9
1489149570,32159924.456970043,29337083.57295353,2822.841,3.92029e14,1.6486,-2.36566e6,1.19273e6,-2.99195e-9
1489149600,32153900.95371971,29320448.45230993,2833.453,3.95628e14,0.7456,-2.38717e6,1.19812e6,-3.00546e-9
1489149630,32147824.522266924,29303783.85229506,2844.041,4.00272e14,0.4194,-2.41192e6,1.20351e6,-3.01898e-9
1489149660,32141695.198235076,29287089.960035436,2854.605,3.99352e14,0.1886,-2.41994e6,1.20890e6,-3.03250e-9
1489149690,32135513.01761907,29270366.96372541,2865.146,3.94427e14,1.0469,-2.41573e6,1.21429e6,-3.04602e-9
1489149720,32129278.016776964,29253615.05258983,2875.663,3.92660e14,1.4903,-2.42105e6,1.21968e6,-3.05955e-9
1489149750,32122990.232431237,29236834.416888155,2886.156,3.97723e14,0.2201,-2.44731e6,1.22508e6,-3.07308e-9
1489149780,32116649.701670233,29220025.24791873,2896.624,4.08264e14,2.4244,-2.49062e6,1.23047e6,-3.08661e-9
1489149810,32110256.461949553,29203187.73802301,2907.069,3.99434e14,0.2091,-2.47417e6,1.23587e6,-3.10014e-9
1489149840,32103810.55109337,29186322.08058974,2917.488,3.90902e14,1.9313,-2.45841e6,1.24127e6,-3.11367e-9
1489149870,32097312.00729587,29169428.47005922,2927.884,4.00919e14,0.5816,-2.50042e6,1.24667e6,-3.12721e-9
1489149900,32090760.86912261,29152507.10192746,2938.254,4.05889e14,1.8285,-2.52686e6,1.25206e6,-3.14075e-9
1489149930,32084157.175487902,29135558.172707297,2948.599,3.93356e14,1.3158,-2.49822e6,1.25746e6,-3.15429e-9
1489149960,32077500.96573015,29118581.88006537,2958.919,3.88717e14,2.4795,-2.49426e6,1.26286e6,-3.16783e-9
1489149990,32070792.27953913,29101578.422693186,2969.214,3.97504e14,0.2751,-2.53287e6,1.26827e6,-3.18138e-9
1489150020,32064031.156981125,29084548.00035393,2979.483,4.04200e14,1.4047,-2.56505e6,1.27367e6,-3.19492e-9
1489150050,32057217.638500165,29067490.813886233,2989.727,4.04140e14,1.3897,-2.57574e6,1.27907e6,-3.20847e-9
1489150080,32050351.764919132,29050407.065208003,2999.945,4.01328e14,0.6844,-2.57756e6,1.28447e6,-3.22202e-9
1489150110,32043433.577441096,29033296.95732013,3010.137,4.02299e14,0.9280,-2.59154e6,1.28988e6,-3.23557e-9
1489150140,32036463.117650423,29016160.694310255,3020.302,4.02322e14,0.9337,-2.60247e6,1.29528e6,-3.24912e-9
1489150170,32029440.42751403,28998998.481356468,3030.442,3.98493e14,0.0270,-2.60084e6,1.30068e6,-3.26267e-9
1489150200,32022365.549382653,28981810.524731074,3040.555,3.90589e14,2.0099,-2.58575e6,1.30609e6,-3.27623e-9
1489150230,32015238.52601591,28964597.031846236,3050.641,3.97394e14,0.3027,-2.61883e6,1.31149e6,-3.28978e-9
1489150260,32008059.400510218,28947358.21112858,3060.701,3.95259e14,0.8382,-2.62257e6,1.31690e6,-3.30334e-9
1489150290,32000828.216373585,28930094.27215236,3070.734,3.88825e14,2.4524,-2.61199e6,1.32230e6,-3.31689e-9
1489150320,31993545.017503385,28912805.42560165,3080.740,3.99229e14,0.1576,-2.65732e6,1.32771e6,-3.33045e-9
1489150350,31986209.84818792,28895491.883274436,3090.718,4.01596e14,0.7516,-2.67605e6,1.33311e6,-3.34400e-9
1489150380,31978822.753107935,28878153.858086694,3100.669,4.02763e14,1.0444,-2.69082e6,1.33852e6,-3.35756e-9
1489150410,31971383.7773383,28860791.564076442,3110.592,3.98406e14,0.0487,-2.68700e6,1.34393e6,-3.37111e-9
1489150440,31963892.966349542,28843405.21640784,3120.488,3.97904e14,0.1748,-2.69610e6,1.34933e6,-3.38467e-9
1489150470,31956350.366009537,28825995.031375192,3130.355,3.96938e14,0.4171,-2.70362e6,1.35474e6,-3.39823e-9
1489150500,31948756.02258512,28808561.226407006,3140.195,3.87343e14,2.8242,-2.68167e6,1.36014e6,-3.41178e-9
1489150530,31941109.98272996,28791104.020032234,3150.006,4.04247e14,1.4166,-2.75023e6,1.36555e6,-3.42534e-9
1489150560,31933412.293528818,28773623.6320006,3159.789,4.10512e14,2.9882,-2.78266e6,1.37095e6,-3.43889e-9
1489150590,31925663.00245663,28756120.283169944,3169.543,3.92720e14,1.4752,-2.73220e6,1.37636e6,-3.45244e-9
1489150620,31917862.157393854,28738594.195547637,3179.268,3.98207e14,0.0987,-2.76195e6,1.38176e6,-3.46599e-9
1489150650,31910009.80662806,28721045.592294086,3188.964,3.93134e14,1.3714,-2.75509e6,1.38717e6,-3.47955e-9
1489150680,31902105.998855572,28703474.69772641,3198.631,3.91990e14,1.6585,-2.76183e6,1.39257e6,-3.49309e-9
1489150710,31894150.783183016,28685881.737321932,3208.269,3.97898e14,0.1761,-2.79326e6,1.39797e6,-3.50664e-9
1489150740,31886144.20912899,28668266.937721737,3217.877,3.92294e14,1.5822,-2.78432e6,1.40337e6,-3.52019e-9
1489150770,31878086.326625645,28650630.526734196,3227.456,3.67682e14,7.7567,-2.70807e6,1.40878e6,-3.53373e-9
1489150800,31869977.186020326,28632972.733338445,3237.004,3.63655e14,8.7671,-2.70416e6,1.41418e6,-3.54728e-9
1489150830,31861816.838083543,28615293.787716355,3246.523,3.97841e14,0.1905,-2.83622e6,1.41958e6,-3.56082e-9
1489150860,31853605.333991203,28597593.9211683,3256.011,4.02442e14,0.9638,-2.86345e6,1.42497e6,-3.57436e-9
1489150890,31845342.725345522,28579873.366204515,3265.469,4.05944e14,1.8423,-2.88686e6,1.43037e6,-3.58789e-9
1489150920,31837029.064170644,28562132.356520362,3274.897,4.02860e14,1.0687,-2.88664e6,1.43577e6,-3.60143e-9
1489150950,31828664.402914263,28544371.126999974,3284.293,3.93542e14,1.2690,-2.86380e6,1.44117e6,-3.61496e-9
1489150980,31820248.794449408,28526589.91371991,3293.659,3.95857e14,0.6882,-2.88292e6,1.44656e6,-3.62848e-9
1489151010,31811782.29207619,28508788.953952916,3302.993,3.97723e14,0.2201,-2.90046e6,1.45195e6,-3.64201e-9
1489151040,31803264.949523583,28490968.486171406,3312.296,4.03070e14,1.1214,-2.93078e6,1.45734e6,-3.65553e-9
1489151070,31794696.820951164,28473128.750051215,3321.568,4.06803e14,2.0578,-2.95531e6,1.46274e6,-3.66905e-9
1489151100,31786077.960950926,28455269.9864751,3330.808,3.92167e14,1.6141,-2.91230e6,1.46812e6,-3.68256e-9
1489151130,31777408.424541667,28437392.43752224,3340.016,3.80814e14,4.4622,-2.88103e6,1.47351e6,-3.69607e-9
1489151160,31768688.26719356,28419496.3465153,3349.192,3.97093e14,0.3783,-2.95194e6,1.47890e6,-3.70958e-9
1489151190,31759917.54480731,28401581.95798035,3358.336,4.03178e14,1.1485,-2.98535e6,1.48428e6,-3.72308e-9
1489151220,31751096.313723277,28383649.51766433,3367.447,4.00520e14,0.4816,-2.98624e6,1.48966e6,-3.73658e-9
1489151250,31742224.630723175,28365699.272538386,3376.525,4.07121e14,2.1377,-3.02178e6,1.49505e6,-3.75007e-9
1489151280,31733302.553031962,28347731.47080109,3385.571,4.07661e14,2.2730,-3.03468e6,1.50042e6,-3.76356e-9
1489151310,31724330.138319645,28329746.361881822,3394.584,4.02711e14,1.0313,-3.02686e6,1.50580e6,-3.77704e-9
1489151340,31715307.444703113,28311744.196443863,3403.563,3.96422e14,0.5465,-3.01382e6,1.51118e6,-3.79052e-9
1489151370,31706234.530747958,28293725.226387605,3412.509,3.92107e14,1.6292,-3.00812e6,1.51655e6,-3.80399e-9
1489151400,31697111.455470406,28275689.704853665,3421.422,3.94465e14,1.0375,-3.02777e6,1.52192e6,-3.81745e-9
1489151430,31687938.27835088,28257637.886225957,3430.300,3.95325e14,0.8217,-3.04174e6,1.52729e6,-3.83091e-9
1489151460,31678715.05929987,28239570.026134923,3439.145,3.97063e14,0.3856,-3.05911e6,1.53265e6,-3.84437e-9
1489151490,31669441.858695887,28221486.38146025,3447.955,3.95718e14,0.7231,-3.06462e6,1.53801e6,-3.85781e-9
1489151520,31660118.737375848,28203387.21033396,3456.732,3.90796e14,1.9580,-3.05624e6,1.54337e6,-3.87126e-9
1489151550,31650745.756637204,28185272.77214334,3465.473,3.96480e14,0.5319,-3.08893e6,1.54873e6,-3.88469e-9
1489151580,31641322.978239868,28167143.327533867,3474.180,4.01676e14,0.7716,-3.11987e6,1.55409e6,-3.89812e-9
1489151610,31631850.464408465,28148999.138412118,3482.851,4.07931e14,2.3409,-3.15508e6,1.55944e6,-3.91154e-9
1489151640,31622328.27783435,28130840.46794854,3491.488,4.05771e14,1.7988,-3.15741e6,1.56479e6,-3.92495e-9
1489151670,31612756.48167776,28112667.5805803,3500.089,4.01012e14,0.6049,-3.14946e6,1.57013e6,-3.93835e-9
1489151700,31603135.139569923,28094480.742014084,3508.654,3.96679e14,0.4820,-3.14305e6,1.57547e6,-3.95175e-9
1489151730,31593464.315603793,28076280.2192357,3517.184,3.88931e14,2.4260,-3.12298e6,1.58081e6,-3.96514e-9
1489151760,31583744.074371368,28058066.28049146,3525.678,3.99193e14,0.1488,-3.17435e6,1.58615e6,-3.97852e-9
1489151790,31573974.4809307,28039839.195312347,3534.135,4.06314e14,1.9352,-3.21344e6,1.59148e6,-3.99189e-9
1489151820,31564155.600819286,28021599.234509766,3542.556,3.99722e14,0.2813,-3.19780e6,1.59681e6,-4.00525e-9
1489151850,31554287.500056222,28003346.670178127,3550.941,3.96099e14,0.6275,-3.19390e6,1.60213e6,-4.01860e-9
1489151880,31544370.24514426,27985081.775697496,3559.288,3.98062e14,0.1350,-3.21242e6,1.60746e6,-4.03195e-9
1489151910,31534403.903071932,27966804.825736143,3567.599,3.95621e14,0.7474,-3.21317e6,1.61277e6,-4.04528e-9
1489151940,31524388.5413157,27948516.096253075,3575.872,3.96086e14,0.6309,-3.22564e6,1.61809e6,-4.05860e-9
1489151970,31514324.227842044,27930215.864500504,3584.108,3.95800e14,0.7026,-3.23506e6,1.62340e6,-4.07192e-9
1489152000,31504211.031109586,27911904.409026213,3592.307,3.94200e14,1.1040,-3.23909e6,1.62870e6,-4.08522e-9
1489152030,31494049.020076156,27893582.009670705,3600.467,4.01492e14,0.7254,-3.27952e6,1.63400e6,-4.09851e-9
1489152060,31483838.26418598,27875248.947585855,3608.589,4.01021e14,0.6071,-3.28821e6,1.63930e6,-4.11179e-9
1489152090,31473578.833386846,27856905.50522066,3616.673,3.95497e14,0.7785,-3.27604e6,1.64459e6,-4.12506e-9
1489152120,31463270.798127517,27838551.966328807,3624.719,3.96359e14,0.5624,-3.29013e6,1.64988e6,-4.13832e-9
1489152150,31452914.22935994,27820188.61597074,3632.726,4.00032e14,0.3592,-3.31592e6,1.65516e6,-4.15156e-9
1489152180,31442509.198541548,27801815.74051568,3640.693,4.00075e14,0.3700,-3.32667e6,1.66044e6,-4.16480e-9
1489152210,31432055.777637564,27783433.627643686,3648.622,4.01541e14,0.7378,-3.34335e6,1.66571e6,-4.17802e-9
1489152240,31421554.03912329,27765042.56634748,3656.511,3.96379e14,0.5573,-3.33229e6,1.67097e6,-4.19122e-9
1489152270,31411004.05598643,27746642.84693439,3664.361,4.00273e14,0.4197,-3.35915e6,1.67624e6,-4.20442e-9
1489152300,31400405.90172947,27728234.76102809,3672.171,3.96643e14,0.4912,-3.35437e6,1.68149e6,-4.21760e-9
1489152330,31389759.650378022,27709818.60157154,3679.941,3.87118e14,2.8806,-3.32455e6,1.68674e6,-4.23077e-9
1489152360,31379065.376464725,27691394.662825115,3687.671,3.99805e14,0.3021,-3.38873e6,1.69199e6,-4.24392e-9
1489152390,31368323.155050125,27672963.240371726,3695.360,4.05129e14,1.6379,-3.42189e6,1.69723e6,-4.25706e-9
1489152420,31357533.06171918,27654524.631117232,3703.008,3.98873e14,0.0683,-3.40572e6,1.70246e6,-4.27018e-9
1489152450,31346695.172583673,27636079.133291986,3710.616,3.97211e14,0.3485,-3.40906e6,1.70769e6,-4.28329e-9
1489152480,31335809.564284775,27617627.046452202,3718.183,3.92956e14,1.4161,-3.40120e6,1.71291e6,-4.29639e-9
1489152510,31324876.31399547,27599168.671481367,3725.708,3.95428e14,0.7960,-3.42221e6,1.71813e6,-4.30947e-9
1489152540,31313895.49942311,27580704.310591523,3733.191,4.07047e14,2.1190,-3.48281e6,1.72334e6,-4.32253e-9
1489152570,31302867.19881186,27562234.26732452,3740.633,3.60681e14,9.5131,-3.29230e6,1.72854e6,-4.33557e-9
1489152600,31291791.49094525,27543758.846553132,3748.033,3.54740e14,11.0037,-3.27636e6,1.73374e6,-4.34860e-9
1489152630,31280668.455129247,27525278.35448231,3755.390,3.97653e14,0.2378,-3.47333e6,1.73893e6,-4.36161e-9
1489152660,31269498.171254683,27506793.09864974,3762.705,3.95783e14,0.7068,-3.47550e6,1.74411e6,-4.37461e-9
1489152690,31258280.71973983,27488303.387927365,3769.977,3.99349e14,0.1879,-3.50146e6,1.74928e6,-4.38759e-9
1489152720,31247016.181552153,27469809.532522026,3777.207,4.00944e14,0.5881,-3.51883e6,1.75445e6,-4.40055e-9
1489152750,31235704.638210766,27451311.84397627,3784.393,3.96523e14,0.5213,-3.50966e6,1.75961e6,-4.41349e-9
1489152780,31224346.171788786,27432810.63516903,3791.536,3.98408e14,0.0484,-3.52828e6,1.76477e6,-4.42641e-9
1489152810,31212940.864915885,27414306.220316388,3798.635,3.99084e14,0.1212,-3.54157e6,1.76991e6,-4.43931e-9
1489152840,31201488.80078064,27395798.914971933,3805.690,4.01212e14,0.6553,-3.56132e6,1.77505e6,-4.45219e-9
1489152870,31189990.063133087,27377289.036027435,3812.701,4.00494e14,0.4751,-3.56841e6,1.78018e6,-4.46506e-9
1489152900,31178444.73628719,27358776.901713084,3819.668,4.03524e14,1.2352,-3.59224e6,1.78530e6,-4.47790e-9
1489152930,31166852.905156646,27340262.831598606,3826.590,4.03364e14,1.1951,-3.60181e6,1.79041e6,-4.49072e-9
1489152960,31155214.655155107,27321747.146591347,3833.468,4.00371e14,0.4442,-3.59860e6,1.79552e6,-4.50352e-9
1489152990,31143530.072301228,27303230.168938417,3840.300,4.01783e14,0.7984,-3.61519e6,1.80062e6,-4.51631e-9
1489153020,31131799.24318843,27284712.222226083,3847.087,3.98441e14,0.0400,-3.61027e6,1.80570e6,-4.52906e-9
1489153050,31120022.254987735,27266193.6313798,3853.829,3.95068e14,0.8861,-3.60510e6,1.81078e6,-4.54180e-9
1489153080,31108199.19545075,27247674.722664017,3860.524,3.97510e14,0.2737,-3.62632e6,1.81585e6,-4.55451e-9
1489153110,31096330.15291257,27229155.82368204,3867.174,3.98792e14,0.0482,-3.64228e6,1.82091e6,-4.56720e-9
1489153140,31084415.216294706,27210637.26337572,3873.778,3.96052e14,0.6393,-3.63983e6,1.82597e6,-4.57987e-9
1489153170,31072454.475108016,27192119.372025024,3880.335,3.95176e14,0.8590,-3.64586e6,1.83101e6,-4.59252e-9
1489153200,31060448.019455694,27173602.481247578,3886.846,3.97538e14,0.2665,-3.66676e6,1.83604e6,-4.60513e-9
1489153230,31048395.93999309,27155086.92399831,3893.309,3.99027e14,0.1070,-3.68366e6,1.84106e6,-4.61773e-9
1489153260,31036298.32806341,27136573.034568038,3899.725,3.95539e14,0.7680,-3.67754e6,1.84608e6,-4.63030e-9
1489153290,31024155.275567748,27118061.1485835,3906.094,3.95332e14,0.8200,-3.68654e6,1.85108e6,-4.64284e-9
1489153320,31011966.875010606,27099551.60300621,3912.415,4.01368e14,0.6944,-3.72459e6,1.85607e6,-4.65536e-9
1489153350,30999733.219502557,27081044.736131486,3918.688,4.01834e14,0.8111,-3.73675e6,1.86105e6,-4.66786e-9
1489153380,30987454.402762875,27062540.88758732,3924.914,4.02642e14,1.0139,-3.75052e6,1.86602e6,-4.68032e-9
1489153410,30975130.51912218,27044040.398333255,3931.090,4.00857e14,0.5662,-3.75211e6,1.87098e6,-4.69276e-9
1489153440,30962761.66352499,27025543.610659022,3937.218,3.93867e14,1.1875,-3.72915e6,1.87593e6,-4.70517e-9
1489153470,30950347.931532465,27007050.86818317,3943.297,3.98208e14,0.0985,-3.75944e6,1.88087e6,-4.71755e-9
1489153500,30937889.419325065,26988562.515851516,3949.327,3.97443e14,0.2903,-3.76567e6,1.88580e6,-4.72991e-9
1489153530,30925386.22375138,26970078.89993067,3955.307,3.92093e14,1.6324,-3.75011e6,1.89071e6,-4.74223e-9
1489153560,30912838.44218877,26951600.368021272,3961.238,3.98015e14,0.1468,-3.78799e6,1.89562e6,-4.75453e-9
1489153590,30900246.17268849,26933127.269041106,3967.119,4.03329e14,1.1862,-3.82309e6,1.90051e6,-4.76680e-9
1489153620,30887609.51393285,26914659.95322786,3972.950,3.99948e14,0.3381,-3.81675e6,1.90539e6,-4.77903e-9
1489153650,30874928.565238304,26896198.77213713,3978.730,3.98817e14,0.0543,-3.82108e6,1.91026e6,-4.79124e-9
1489153680,30862203.42655872,26877744.078640085,3984.459,4.03398e14,1.2037,-3.85280e6,1.91511e6,-4.80341e-9
1489153710,30849434.198488638,26859296.226921085,3990.138,4.02750e14,1.0410,-3.85942e6,1.91995e6,-4.81555e-9
1489153740,30836620.982266415,26840855.57247531,3995.765,3.98828e14,0.0570,-3.85019e6,1.92478e6,-4.82766e-9
1489153770,30823763.87977757,26822422.472106066,4001.341,4.01698e14,0.7770,-3.87371e6,1.92960e6,-4.83974e-9
1489153800,30810862.99355804,26803997.283922084,4006.866,4.00388e14,0.4485,-3.87700e6,1.93440e6,-4.85178e-9
1489153830,30797918.426754784,26785580.36734628,4012.338,3.94083e14,1.1334,-3.85593e6,1.93919e6,-4.86379e-9
1489153860,30784930.28326052,26767172.083077177,4017.758,3.91822e14,1.7007,-3.85440e6,1.94397e6,-4.87577e-9
1489153890,30771898.667585224,26748772.793121528,4023.126,3.97518e14,0.2715,-3.89168e6,1.94873e6,-4.88771e-9
1489153920,30758823.684901737,26730382.860779624,4028.441,3.97800e14,0.2009,-3.90254e6,1.95348e6,-4.89962e-9
1489153950,30745705.44104871,26712002.65064208,4033.703,3.92734e14,1.4718,-3.88712e6,1.95821e6,-4.91149e-9
1489153980,30732544.04253351,26693632.528586447,4038.912,3.94952e14,0.9154,-3.90740e6,1.96293e6,-4.92332e-9
1489154010,30719339.59653528,26675272.86177377,4044.067,3.97633e14,0.2428,-3.93000e6,1.96763e6,-4.93512e-9
1489154040,30706092.210907813,26656924.018644806,4049.168,4.02326e14,0.9347,-3.96258e6,1.97232e6,-4.94688e-9
1489154070,30692801.994182598,26638586.36891639,4054.216,4.00886e14,0.5734,-3.96483e6,1.97700e6,-4.95860e-9
1489154100,30679469.055571806,26620260.283577405,4059.209,4.01120e14,0.6321,-3.97534e6,1.98166e6,-4.97028e-9
1489154130,30666093.505005646,26601946.134868734,4064.147,3.98322e14,0.0698,-3.97071e6,1.98630e6,-4.98193e-9
1489154160,30652675.4530296,26583644.296328485,4069.031,3.95429e14,0.7956,-3.96552e6,1.99093e6,-4.99354e-9
1489154190,30639215.010913607,26565355.142738,4073.860,3.99819e14,0.3058,-3.99668e6,1.99554e6,-5.00510e-9
1489154220,30625712.290621124,26547079.050133288,4078.633,3.95163e14,0.8624,-3.98252e6,2.00014e6,-5.01663e-9
1489154250,30612167.40481247,26528816.39580023,4083.351,3.94323e14,1.0732,-3.98741e6,2.00472e6,-5.02811e-9
1489154280,30598580.466848265,26510567.55826961,4088.013,4.02692e14,1.0265,-4.03867e6,2.00928e6,-5.03955e-9
1489154310,30584951.59079292,26492332.91731208,4092.619,4.02936e14,1.0877,-4.04904e6,2.01383e6,-5.05095e-9
1489154340,30571280.891417988,26474112.853932876,4097.168,3.98205e14,0.0992,-4.03419e6,2.01835e6,-5.06231e-9
1489154370,30557568.484205753,26455907.75036643,4101.661,3.75843e14,5.7093,-3.92975e6,2.02287e6,-5.07362e-9
1489154400,30543814.485352665,26437717.990070842,4106.096,3.74575e14,6.0274,-3.93204e6,2.02736e6,-5.08489e-9
1489154430,30530019.011751726,26419543.957737945,4110.475,3.97791e14,0.2030,-4.05903e6,2.03184e6,-5.09612e-9
1489154460,30516182.181061078,26401386.039238825,4114.796,3.98528e14,0.0183,-4.07169e6,2.03629e6,-5.10730e-9
1489154490,30502304.111642275,26383244.621666636,4119.059,3.97821e14,0.1956,-4.07696e6,2.04073e6,-5.11844e-9
1489154520,30488384.922584653,26365120.093314804,4123.265,3.98942e14,0.0857,-4.09154e6,2.04516e6,-5.12952e-9
1489154550,30474424.733708806,26347012.843670823,4127.412,3.98815e14,0.0537,-4.09969e6,2.04956e6,-5.14057e-9
1489154580,30460423.665569812,26328923.263409927,4131.500,3.94777e14,0.9593,-4.08766e6,2.05394e6,-5.15156e-9
1489154610,30446381.83946075,26310851.744388558,4135.530,3.97696e14,0.2268,-4.11142e6,2.05831e6,-5.16251e-9
1489154640,30432299.377415895,26292798.67963777,4139.501,3.98218e14,0.0960,-4.12280e6,2.06265e6,-5.17340e-9
1489154670,30418176.40221419,26274764.46335637,4143.412,3.98075e14,0.1317,-4.13070e6,2.06698e6,-5.18425e-9
1489154700,30404013.037382565,26256749.490903903,4147.264,4.01688e14,0.7746,-4.15807e6,2.07129e6,-5.19505e-9
1489154730,30389809.407204352,26238754.1587827,4151.055,3.95989e14,0.6552,-4.13701e6,2.07557e6,-5.20580e-9
1489154760,30375565.63670723,26220778.864663973,4154.787,3.96742e14,0.4662,-4.14944e6,2.07984e6,-5.21649e-9
1489154790,30361281.851682127,26202824.007346645,4158.458,4.00464e14,0.4675,-4.17736e6,2.08408e6,-5.22714e-9
1489154820,30346958.178681694,26184889.986760493,4162.068,3.93581e14,1.2593,-4.14978e6,2.08830e6,-5.23773e-9
1489154850,30332594.745023765,26166977.203958213,4165.618,3.96929e14,0.4193,-4.17570e6,2.09251e6,-5.24827e-9
1489154880,30318191.6787948,26149086.061107263,4169.106,4.03420e14,1.2090,-4.21817e6,2.09669e6,-5.25876e-9
1489154910,30303749.1088535,26131216.961481575,4172.532,3.98545e14,0.0139,-4.20086e6,2.10085e6,-5.26919e-9
1489154940,30289267.16483423,26113370.30945304,4175.897,3.94200e14,1.1040,-4.18619e6,2.10498e6,-5.27956e-9
1489154970,30274745.97715063,26095546.510482877,4179.199,3.96190e14,0.6048,-4.20490e6,2.10910e6,-5.28988e-9
1489155000,30260185.676999193,26077745.971112706,4182.440,3.99002e14,0.1008,-4.22796e6,2.11319e6,-5.30015e-9
1489155030,30245586.396369603,26059969.098958094,4185.617,3.99785e14,0.2971,-4.24026e6,2.11726e6,-5.31036e-9
1489155060,30230948.268027447,26042216.30269146,4188.732,3.95403e14,0.8021,-4.22505e6,2.12131e6,-5.32051e-9
1489155090,30216271.42553881,26024487.99204069,4191.783,3.96926e14,0.4202,-4.24118e6,2.12533e6,-5.33060e-9
1489155120,30201556.00326713,26006784.577776924,4194.771,4.03945e14,1.3409,-4.28665e6,2.12933e6,-5.34063e-9
1489155150,30186802.136377044,25989106.471704848,4197.696,4.01776e14,0.7966,-4.28305e6,2.13331e6,-5.35060e-9
1489155180,30172009.960837916,25971454.08665271,4200.556,3.97782e14,0.2054,-4.26957e6,2.13726e6,-5.36051e-9
1489155210,30157179.6134278,25953827.83646222,4203.352,3.99403e14,0.2012,-4.28612e6,2.14119e6,-5.37036e-9
1489155240,30142311.231737014,25936228.135978185,4206.083,4.00884e14,0.5729,-4.30191e6,2.14509e6,-5.38015e-9
1489155270,30127404.954172008,25918655.4010381,4208.750,3.94065e14,1.1379,-4.27293e6,2.14897e6,-5.38988e-9
1489155300,30112460.91995907,25901110.04846133,4211.351,3.92554e14,1.5168,-4.27243e6,2.15282e6,-5.39954e-9
1489155330,30097479.269138936,25883592.496046007,4213.887,3.93414e14,1.3011,-4.28468e6,2.15665e6,-5.40914e-9
1489155360,30082460.14259897,25866103.162534297,4216.357,3.96051e14,0.6395,-4.30652e6,2.16045e6,-5.41867e-9
1489155390,30067403.68204851,25848642.467624646,4218.761,3.95495e14,0.7791,-4.31103e6,2.16422e6,-5.42814e-9
1489155420,30052310.030031715,25831210.831952807,4221.099,3.92458e14,1.5410,-4.30198e6,2.16797e6,-5.43755e-9
1489155450,30037179.329931363,25813808.67708019,4223.371,3.95518e14,0.7734,-4.32603e6,2.17169e6,-5.44688e-9
1489155480,30022011.72597258,25796436.425482053,4225.575,4.03692e14,1.2774,-4.37800e6,2.17539e6,-5.45615e-9
1489155510,30006807.3632266,25779094.500535488,4227.713,4.06950e14,2.0947,-4.40318e6,2.17906e6,-5.46535e-9
1489155540,29991566.38761452,25761783.326507147,4229.783,4.04032e14,1.3628,-4.39457e6,2.18270e6,-5.47448e-9
1489155570,29976288.945911005,25744503.328540877,4231.786,3.99693e14,0.2741,-4.37804e6,2.18631e6,-5.48354e-9
1489155600,29960975.185748145,25727254.93264492,4233.720,3.97961e14,0.1603,-4.37571e6,2.18989e6,-5.49253e-9
1489155630,29945625.255626824,25710038.565664075,4235.587,3.97962e14,0.1602,-4.38282e6,2.19345e6,-5.50145e-9
1489155660,29930239.30489687,25692854.655313164,4237.385,3.99439e14,0.2103,-4.39800e6,2.19698e6,-5.51030e-9
1489155690,29914817.483784623,25675703.63011703,4239.114,4.03231e14,1.1617,-4.42594e6,2.20048e6,-5.51908e-9
1489155720,29899359.94338911,25658585.919412006,4240.774,3.99394e14,0.1992,-4.41171e6,2.20394e6,-5.52778e-9
1489155750,29883866.835685894,25641501.9533321,4242.365,3.99485e14,0.2218,-4.41909e6,2.20738e6,-5.53640e-9
1489155780,29868338.313530914,25624452.162794877,4243.886,3.97219e14,0.3466,-4.41335e6,2.21079e6,-5.54496e-9
1489155810,29852774.5306644,25607436.979487296,4245.338,3.95786e14,0.7061,-4.41214e6,2.21417e6,-5.55343e-9
1489155840,29837175.641714763,25590456.83585109,4246.719,3.98863e14,0.0658,-4.43593e6,2.21752e6,-5.56183e-9
1489155870,29821541.802202433,25573512.16506814,4248.030,3.97754e14,0.2123,-4.43639e6,2.22084e6,-5.57015e-9
1489155900,29805873.16854378,25556603.401045557,4249.270,3.97602e14,0.2505,-4.44210e6,2.22412e6,-5.57840e-9
1489155930,29790169.898043092,25539730.97841673,4250.439,3.94793e14,0.9552,-4.43291e6,2.22738e6,-5.58656e-9
1489155960,29774432.148933265,25522895.332476098,4251.537,3.99272e14,0.1686,-4.46439e6,2.23060e6,-5.59464e-9
1489155990,29758660.080342717,25506096.899213694,4252.563,4.02054e14,0.8665,-4.48636e6,2.23379e6,-5.60265e-9
1489156020,29742853.852311235,25489336.115283296,4253.518,3.94747e14,0.9667,-4.45170e6,2.23695e6,-5.61057e-9
1489156050,29727013.62579376,25472613.417986557,4254.400,3.94531e14,1.0208,-4.45671e6,2.24007e6,-5.61841e-9
1489156080,29711139.562664267,25455929.24525702,4255.210,3.94374e14,1.0602,-4.46198e6,2.24316e6,-5.62617e-9
1489156110,29695231.82571964,25439284.03564376,4255.948,3.97225e14,0.3451,-4.48412e6,2.24622e6,-5.63384e-9
1489156140,29679290.578683484,25422678.22829495,4256.612,4.01279e14,0.6719,-4.51303e6,2.24925e6,-5.64143e-9
1489156170,29663315.9862101,25406112.26294112,4257.204,4.21531e14,5.7529,-4.63344e6,2.25224e6,-5.64893e-9
1489156200,29647308.213888314,25389586.57987821,4257.722,4.21525e14,5.7513,-4.63949e6,2.25519e6,-5.65635e-9
1489156230,29631267.42826896,25373101.61993942,4258.166,3.99486e14,0.2221,-4.52067e6,2.25811e6,-5.66368e-9
1489156260,29615193.796796337,25356657.824512,4258.536,3.96286e14,0.5807,-4.50831e6,2.26100e6,-5.67092e-9
1489156290,29599087.48788483,25340255.635485157,4258.832,3.92504e14,1.5296,-4.49251e6,2.26385e6,-5.67808e-9
1489156320,29582948.67089963,25323895.49524332,4259.053,3.91386e14,1.8099,-4.49175e6,2.26667e6,-5.68514e-9
1489156350,29566777.51616075,25307577.84664808,4259.200,3.97674e14,0.2324,-4.53305e6,2.26944e6,-5.69211e-9
1489156380,29550574.194947284,25291303.133019682,4259.271,4.00759e14,0.5415,-4.55611e6,2.27219e6,-5.69899e-9
1489156410,29534338.879501507,25275071.798118632,4259.267,3.96955e14,0.4128,-4.53983e6,2.27489e6,-5.70578e-9
1489156440,29518071.74303307,25258884.286126737,4259.187,3.96263e14,0.5865,-4.54120e6,2.27756e6,-5.71248e-9
1489156470,29501772.9597231,25242741.041628107,4259.032,3.98170e14,0.1080,-4.55736e6,2.28019e6,-5.71908e-9
1489156500,29485442.704728346,25226642.509589978,4258.800,3.96408e14,0.5501,-4.55245e6,2.28278e6,-5.72559e-9
1489156530,29469081.154150058,25210589.13534977,4258.492,4.00035e14,0.3599,-4.57834e6,2.28534e6,-5.73200e-9
1489156560,29452688.485146813,25194581.364574652,4258.107,4.02435e14,0.9621,-4.59716e6,2.28785e6,-5.73832e-9
1489156590,29436264.875829607,25178619.643262826,4257.645,4.01023e14,0.6079,-4.59402e6,2.29033e6,-5.74453e-9
1489156620,29419810.505300857,25162704.417716417,4257.106,4.01066e14,0.6185,-4.59916e6,2.29277e6,-5.75065e-9
1489156650,29403325.553658325,25146836.1345212,4256.489,4.00900e14,0.5769,-4.60302e6,2.29517e6,-5.75668e-9
1489156680,29386810.201998834,25131015.240526002,4255.795,4.04314e14,1.4333,-4.62742e6,2.29753e6,-5.76260e-9
1489156710,29370264.632422138,25115242.18282193,4255.022,4.01224e14,0.6581,-4.61427e6,2.29985e6,-5.76842e-9
1489156740,29353689.028034713,25099517.408721324,4254.172,3.97476e14,0.2822,-4.59720e6,2.30212e6,-5.77414e-9
1489156770,29337083.57295353,25083841.36573653,4253.242,3.97840e14,0.1908,-4.60378e6,2.30436e6,-5.77975e-9
1489156800,29320448.45230993,25068214.501558375,4252.234,3.99727e14,0.2825,-4.61908e6,2.30656e6,-5.78526e-9
1489156830,29303783.85229506,25052637.264028795,4251.147,4.00399e14,0.4513,-4.62729e6,2.30871e6,-5.79067e-9
1489156860,29287089.960035436,25037110.101136867,4249.980,3.96741e14,0.4664,-4.61033e6,2.31082e6,-5.79597e-9
1489156890,29270366.96372541,25021633.460978154,4248.734,3.96649e14,0.4897,-4.61392e6,2.31289e6,-5.80117e-9
1489156920,29253615.05258983,25006207.791738413,4247.407,4.00828e14,0.5589,-4.64223e6,2.31492e6,-5.80626e-9
1489156950,29236834.416888155,24990833.541670915,4246.001,4.02572e14,0.9964,-4.65635e6,2.31690e6,-5.81124e-9
1489156980,29220025.24791873,24975511.159073632,4244.514,3.96999e14,0.4017,-4.62784e6,2.31884e6,-5.81612e-9
1489157010,29203187.73802301,24960241.092266228,4242.947,3.96189e14,0.6050,-4.62691e6,2.32074e6,-5.82088e-9
1489157040,29186322.08058974,24945023.789566692,4241.298,4.00576e14,0.4956,-4.65616e6,2.32259e6,-5.82553e-9
1489157070,29169428.47005922,24929859.699267976,4239.569,3.99890e14,0.3234,-4.65578e6,2.32440e6,-5.83007e-9
1489157100,29152507.10192746,24914749.269614227,4237.758,4.02424e14,0.9592,-4.67411e6,2.32616e6,-5.83450e-9
1489157130,29135558.172707297,24899692.94878252,4235.865,4.03133e14,1.1370,-4.68170e6,2.32788e6,-5.83882e-9
1489157160,29118581.88006537,24884691.184841305,4233.891,4.03602e14,1.2548,-4.68781e6,2.32955e6,-5.84302e-9
1489157190,29101578.422693186,24869744.42574411,4231.834,4.01207e14,0.6540,-4.67708e6,2.33118e6,-5.84710e-9
1489157220,29084548.00035393,24854853.11929909,4229.695,3.96048e14,0.6403,-4.65007e6,2.33276e6,-5.85107e-9
1489157250,29067490.813886233,24840017.71314438,4227.473,3.99472e14,0.2186,-4.67317e6,2.33429e6,-5.85493e-9
1489157280,29050407.065208003,24825238.65472325,4225.168,3.96742e14,0.4662,-4.66016e6,2.33578e6,-5.85866e-9
1489157310,29033296.95732013,24810516.39125902,4222.781,3.95638e14,0.7431,-4.65656e6,2.33722e6,-5.86228e-9
1489157340,29016160.694310255,24795851.36972973,4220.309,3.99051e14,0.1130,-4.67935e6,2.33861e6,-5.86577e-9
1489157370,28998998.481356468,24781244.036842655,4217.754,3.96234e14,0.5937,-4.66551e6,2.33995e6,-5.86915e-9
1489157400,28981810.524731074,24766694.839008607,4215.116,4.01272e14,0.6703,-4.69768e6,2.34125e6,-5.87240e-9
1489157430,28964597.031846236,24752204.222316176,4212.393,3.99842e14,0.3116,-4.69178e6,2.34249e6,-5.87554e-9
1489157460,28947358.21112858,24737772.632505376,4209.586,3.97790e14,0.2034,-4.68211e6,2.34369e6,-5.87854e-9
1489157490,28930094.27215236,24723400.51494117,4206.694,4.02234e14,0.9115,-4.71054e6,2.34483e6,-5.88143e-9
1489157520,28912805.42560165,24709088.314587064,4203.717,4.01547e14,0.7391,-4.70871e6,2.34593e6,-5.88419e-9
1489157550,28895491.883274436,24694836.475978453,4200.655,4.00962e14,0.5924,-4.70737e6,2.34698e6,-5.88682e-9
1489157580,28878153.858086694,24680645.44319564,4197.508,3.99790e14,0.2985,-4.70247e6,2.34797e6,-5.88933e-9
1489157610,28860791.564076442,24666515.659836777,4194.276,4.01439e14,0.7122,-4.71408e6,2.34892e6,-5.89170e-9
1489157640,28843405.21640784,24652447.56899057,4190.958,4.02787e14,1.0504,-4.72382e6,2.34981e6,-5.89395e-9
1489157670,28825995.031375192,24638441.613208786,4187.553,4.02491e14,0.9759,-4.72376e6,2.35065e6,-5.89607e-9
1489157700,28808561.226407006,24624498.23447856,4184.063,3.99332e14,0.1836,-4.70672e6,2.35144e6,-5.89806e-9
1489157730,28791104.020032234,24610617.874186844,4180.486,3.92550e14,1.5180,-4.66819e6,2.35218e6,-5.89992e-9
1489157760,28773623.6320006,24596800.973116055,4176.823,3.94254e14,1.0904,-4.67961e6,2.35286e6,-5.90164e-9
1489157790,28756120.283169944,24583047.971392393,4173.072,3.98838e14,0.0595,-4.70792e6,2.35349e6,-5.90323e-9
1489157820,28738594.195547637,24569359.30846484,4169.235,3.99509e14,0.2281,-4.71304e6,2.35407e6,-5.90469e-9
1489157850,28721045.592294086,24555735.42307664,4165.310,4.03793e14,1.3027,-4.73939e6,2.35459e6,-5.90601e-9
1489157880,28703474.69772641,24542176.75323648,4161.298,4.04192e14,1.4029,-4.74270e6,2.35506e6,-5.90719e-9
1489157910,28685881.737321932,24528683.736189503,4157.198,4.00403e14,0.4523,-4.72115e6,2.35547e6,-5.90824e-9
1489157940,28668266.937721737,24515256.808388192,4153.010,3.96778e14,0.4572,-4.70045e6,2.35583e6,-5.90915e-9
1489157970,28650630.526734196,24501896.405463126,4148.734,4.01345e14,0.6886,-4.72805e6,2.35613e6,-5.90992e-9
1489158000,28632972.733338445,24488602.962193463,4144.370,4.03071e14,1.1215,-4.73875e6,2.35638e6,-5.91055e-9
1489158030,28615293.787716355,24475376.912488405,4139.917,3.99059e14,0.1151,-4.71542e6,2.35657e6,-5.91104e-9
1489158060,28597593.9211683,24462218.689323686,4135.375,4.00405e14,0.4526,-4.72365e6,2.35670e6,-5.91139e-9
1489158090,28579873.366204515,24449128.724745426,4130.745,3.94384e14,1.0578,-4.68822e6,2.35678e6,-5.91159e-9
1489158120,28562132.356520362,24436107.449829202,4126.025,3.93110e14,1.3775,-4.68073e6,2.35680e6,-5.91166e-9
1489158150,28544371.126999974,24423155.294650137,4121.216,3.98021e14,0.1455,-4.70969e6,2.35676e6,-5.91157e-9
1489158180,28526589.91371991,24410272.68825256,4116.317,3.98609e14,0.0021,-4.71298e6,2.35667e6,-5.91135e-9
1489158210,28508788.953952916,24397460.058619775,4111.329,3.97699e14,0.2261,-4.70730e6,2.35651e6,-5.91097e-9
1489158240,28490968.486171406,24384717.83264353,4106.251,3.98875e14,0.0690,-4.71383e6,2.35630e6,-5.91045e-9
1489158270,28473128.750051215,24372046.436093476,4101.082,3.98202e14,0.1000,-4.70931e6,2.35603e6,-5.90978e-9
1489158300,28455269.9864751,24359446.293586396,4095.824,4.00311e14,0.4292,-4.72112e6,2.35570e6,-5.90896e-9
1489158330,28437392.43752224,24346917.828549094,4090.475,4.04001e14,1.3549,-4.74214e6,2.35530e6,-5.90799e-9
1489158360,28419496.3465153,24334461.46320692,4085.035,4.03701e14,1.2795,-4.73946e6,2.35485e6,-5.90687e-9
1489158390,28401581.95798035,24322077.61853323,4079.504,4.00912e14,0.5800,-4.72197e6,2.35434e6,-5.90560e-9
1489158420,28383649.51766433,24309766.714224435,4073.883,3.98701e14,0.0253,-4.70777e6,2.35377e6,-5.90418e-9
1489158450,28365699.272538386,24297529.168668672,4068.170,3.97342e14,0.3158,-4.69848e6,2.35313e6,-5.90260e-9
1489158480,28347731.47080109,24285365.39891433,4062.366,3.92118e14,1.6264,-4.66628e6,2.35244e6,-5.90087e-9
1489158510,28329746.361881822,24273275.820638504,4056.471,3.94204e14,1.1031,-4.67708e6,2.35168e6,-5.89898e-9
1489158540,28311744.196443863,24261260.848115392,4050.483,3.99712e14,0.2790,-4.70794e6,2.35086e6,-5.89694e-9
1489158570,28293725.226387605,24249320.89418448,4044.404,4.01444e14,0.7135,-4.71639e6,2.34998e6,-5.89474e-9
1489158600,28275689.704853665,24237456.37021872,4038.233,3.99247e14,0.1623,-4.70155e6,2.34903e6,-5.89239e-9
1489158630,28257637.886225957,24225667.68609252,4031.970,3.99098e14,0.1249,-4.69866e6,2.34803e6,-5.88987e-9
1489158660,28239570.026134923,24213955.250150133,4025.615,3.98802e14,0.0505,-4.69478e6,2.34695e6,-5.88719e-9
1489158690,28221486.38146025,24202319.4691731,4019.167,3.99111e14,0.1281,-4.69433e6,2.34582e6,-5.88436e-9
1489158720,28203387.21033396,24190760.748348225,4012.626,3.95328e14,0.8211,-4.66968e6,2.34462e6,-5.88136e-9
1489158750,28185272.77214334,24179279.491235472,4005.993,3.92542e14,1.5200,-4.65079e6,2.34335e6,-5.87820e-9
1489158780,28167143.327533867,24167876.099735584,3999.267,3.99819e14,0.3056,-4.69091e6,2.34202e6,-5.87488e-9
1489158810,28148999.138412118,24156550.974057857,3992.448,3.98736e14,0.0341,-4.68176e6,2.34063e6,-5.87140e-9
1489158840,28130840.46794854,24145304.512687694,3985.536,3.95276e14,0.8340,-4.65854e6,2.33916e6,-5.86775e-9
1489158870,28112667.5805803,24134137.112354282,3978.530,3.95753e14,0.7144,-4.65830e6,2.33764e6,-5.86393e-9
1489158900,28094480.742014084,24123049.16799808,3971.432,3.99983e14,0.3468,-4.67992e6,2.33604e6,-5.85995e-9
1489158930,28076280.2192357,24112041.07274446,3964.239,4.07004e14,2.1084,-4.71772e6,2.33438e6,-5.85580e-9
1489158960,28058066.28049146,24101113.217852354,3956.953,4.00909e14,0.5792,-4.67857e6,2.33266e6,-5.85148e-9
1489158990,28039839.195312347,24090265.99270075,3949.573,3.96683e14,0.4811,-4.65026e6,2.33086e6,-5.84700e-9
1489159020,28021599.234509766,24079499.78474994,3942.099,4.00826e14,0.5583,-4.67076e6,2.32900e6,-5.84234e-9
1489159050,28003346.670178127,24068814.97950908,3934.532,3.95944e14,0.6666,-4.63840e6,2.32707e6,-5.83752e-9
1489159080,27985081.775697496,24058211.96050363,3926.870,3.94371e14,1.0610,-4.62525e6,2.32507e6,-5.83252e-9
1489159110,27966804.825736143,24047691.10924284,3919.114,3.98266e14,0.0839,-4.64384e6,2.32300e6,-5.82736e-9
1489159140,27948516.096253075,24037252.805187162,3911.263,4.00549e14,0.4889,-4.65287e6,2.32087e6,-5.82202e-9
1489159170,27930215.864500504,24026897.425715778,3903.318,4.01671e14,0.7702,-4.65498e6,2.31866e6,-5.81650e-9
1489159200,27911904.409026213,24016625.346094,3895.279,4.01296e14,0.6764,-4.64825e6,2.31639e6,-5.81082e-9
1489159230,27893582.009670705,24006436.939429026,3887.145,3.99768e14,0.2930,-4.63468e6,2.31405e6,-5.80495e-9
1489159260,27875248.947585855,23996332.576673742,3878.916,4.03509e14,1.2315,-4.65155e6,2.31163e6,-5.79892e-9
1489159290,27856905.50522066,23986312.6265578,3870.593,4.01729e14,0.7850,-4.63625e6,2.30915e6,-5.79270e-9
1489159320,27838551.966328807,23976377.45556682,3862.175,3.99555e14,0.2395,-4.61854e6,2.30659e6,-5.78631e-9
1489159350,27820188.61597074,23966527.42790995,3853.661,4.02914e14,1.0823,-4.63271e6,2.30397e6,-5.77974e-9
1489159380,27801815.74051568,23956762.905487377,3845.053,3.93884e14,1.1833,-4.57516e6,2.30127e6,-5.77299e-9
1489159410,27783433.627643686,23947084.247857943,3836.349,3.90859e14,1.9422,-4.55222e6,2.29850e6,-5.76607e-9
1489159440,27765042.56634748,23937491.812206786,3827.551,4.02239e14,0.9128,-4.61214e6,2.29566e6,-5.75896e-9
1489159470,27746642.84693439,23927985.953313082,3818.657,4.02136e14,0.8871,-4.60570e6,2.29275e6,-5.75167e-9
1489159500,27728234.76102809,23918567.023517832,3809.668,3.98328e14,0.0683,-4.57784e6,2.28976e6,-5.74420e-9
1489159530,27709818.60157154,23909235.37270926,3800.583,3.98218e14,0.0961,-4.57110e6,2.28671e6,-5.73655e-9
1489159560,27691394.662825115,23899991.348236784,3791.403,3.95850e14,0.6900,-4.55129e6,2.28357e6,-5.72872e-9
1489159590,27672963.240371726,23890835.294933207,3782.128,3.97134e14,0.3679,-4.55226e6,2.28037e6,-5.72070e-9
1489159620,27654524.631117232,23881767.555065576,3772.757,3.97879e14,0.1810,-4.54998e6,2.27709e6,-5.71250e-9
1489159650,27636079.133291986,23872788.468303435,3763.291,4.01449e14,0.7146,-4.56365e6,2.27374e6,-5.70411e-9
1489159680,27617627.046452202,23863898.37168747,3753.729,4.03941e14,1.3399,-4.57098e6,2.27032e6,-5.69554e-9
1489159710,27599168.671481367,23855097.599598054,3744.071,3.99181e14,0.1458,-4.53688e6,2.26682e6,-5.68679e-9
1489159740,27580704.310591523,23846386.483723998,3734.318,3.97106e14,0.3750,-4.51795e6,2.26325e6,-5.67784e-9
1489159770,27562234.26732452,23837765.35303139,3724.469,4.21057e14,5.6339,-4.64645e6,2.25960e6,-5.66871e-9
1489159800,27543758.846553132,23829234.53373257,3714.524,4.24238e14,6.4320,-4.65681e6,2.25588e6,-5.65939e-9
1489159830,27525278.35448231,23820794.34923491,3704.484,3.99269e14,0.1678,-4.50791e6,2.25208e6,-5.64989e-9
1489159860,27506793.09864974,23812445.12017269,3694.348,3.95335e14,0.8193,-4.47797e6,2.24821e6,-5.64019e-9
1489159890,27488303.387927365,23804187.16431364,3684.116,3.98165e14,0.1092,-4.48605e6,2.24426e6,-5.63031e-9
1489159920,27469809.532522026,23796020.79654866,3673.789,3.98375e14,0.0566,-4.47919e6,2.24023e6,-5.62023e-9
1489159950,27451311.84397627,23787946.32886128,3663.366,3.98361e14,0.0601,-4.47092e6,2.23613e6,-5.60997e-9
1489159980,27432810.63516903,23779964.07029731,3652.847,3.99562e14,0.2412,-4.46931e6,2.23196e6,-5.59951e-9
1489160010,27414306.220316388,23772074.326934684,3642.232,4.00159e14,0.3910,-4.46414e6,2.22770e6,-5.58886e-9
1489160040,27395798.914971933,23764277.40185346,3631.522,4.00409e14,0.4538,-4.45686e6,2.22337e6,-5.57802e-9
1489160070,27377289.036027435,23756573.595105972,3620.715,4.00114e14,0.3798,-4.44640e6,2.21897e6,-5.56699e-9
1489160100,27358776.901713084,23748963.20368721,3609.814,3.94890e14,0.9310,-4.40840e6,2.21448e6,-5.55576e-9
1489160130,27340262.831598606,23741446.521525774,3598.816,3.97546e14,0.2645,-4.41405e6,2.20992e6,-5.54434e-9
1489160160,27321747.146591347,23734023.839391805,3587.723,4.04302e14,1.4303,-4.44217e6,2.20528e6,-5.53273e-9
1489160190,27303230.168938417,23726695.444930956,3576.535,3.99224e14,0.1565,-4.40465e6,2.20057e6,-5.52092e-9
1489160220,27284712.222226083,23719461.622615322,3565.251,3.96365e14,0.5607,-4.37932e6,2.19577e6,-5.50891e-9
1489160250,27266193.6313798,23712322.65371512,3553.871,4.02040e14,0.8629,-4.40080e6,2.19090e6,-5.49671e-9
1489160280,27247674.722664017,23705278.81627037,3542.396,3.98484e14,0.0293,-4.37137e6,2.18595e6,-5.48432e-9
1489160310,27229155.82368204,23698330.385063056,3530.825,3.93055e14,1.3912,-4.33162e6,2.18093e6,-5.47173e-9
1489160340,27210637.26337572,23691477.6315893,3519.160,3.97348e14,0.3143,-4.34492e6,2.17582e6,-5.45894e-9
1489160370,27192119.372025024,23684720.824031953,3507.399,4.01314e14,0.6808,-4.35617e6,2.17063e6,-5.44595e-9
1489160400,27173602.481247578,23678060.227233298,3495.542,4.03138e14,1.1384,-4.35553e6,2.16537e6,-5.43277e-9
1489160430,27155086.92399831,23671496.102644987,3483.591,4.01959e14,0.8426,-4.33840e6,2.16003e6,-5.41939e-9
1489160460,27136573.034568038,23665028.708372597,3471.544,4.00042e14,0.3616,-4.31716e6,2.15461e6,-5.40581e-9
1489160490,27118061.1485835,23658658.299077623,3459.403,4.02274e14,0.9216,-4.31818e6,2.14911e6,-5.39203e-9
1489160520,27099551.60300621,23652385.125974283,3447.166,3.97552e14,0.2630,-4.28158e6,2.14352e6,-5.37805e-9
1489160550,27081044.736131486,23646209.4368034,3434.835,3.94349e14,1.0665,-4.25311e6,2.13787e6,-5.36388e-9
1489160580,27062540.88758732,23640131.475806564,3422.409,3.95347e14,0.8163,-4.24703e6,2.13213e6,-5.34950e-9
1489160610,27044040.398333255,23634151.483700667,3409.889,3.95128e14,0.8712,-4.23429e6,2.12631e6,-5.33493e-9
1489160640,27025543.610659022,23628269.697652664,3397.274,4.01020e14,0.6071,-4.25390e6,2.12041e6,-5.32015e-9
1489160670,27007050.86818317,23622486.351254616,3384.565,3.99771e14,0.2938,-4.23529e6,2.11443e6,-5.30518e-9
1489160700,26988562.515851516,23616801.674499184,3371.761,4.00512e14,0.4795,-4.22708e6,2.10837e6,-5.29000e-9
1489160730,26970078.89993067,23611215.893787216,3358.863,4.01849e14,0.8151,-4.22184e6,2.10223e6,-5.27463e-9
1489160760,26951600.368021272,23605729.231805366,3345.871,3.96209e14,0.6000,-4.17970e6,2.09602e6,-5.25905e-9
1489160790,26933127.269041106,23600341.90760127,3332.785,3.95285e14,0.8317,-4.16230e6,2.08972e6,-5.24327e-9
1489160820,26914659.95322786,23595054.13652853,3319.606,4.02537e14,0.9876,-4.18752e6,2.08334e6,-5.22729e-9
1489160850,26896198.77213713,23589866.130224004,3306.333,3.99420e14,0.2055,-4.15830e6,2.07688e6,-5.21111e-9
1489160880,26877744.078640085,23584778.096585494,3292.966,3.93860e14,1.1892,-4.11634e6,2.07034e6,-5.19473e-9
1489160910,26859296.226921085,23579790.239749707,3279.506,3.97259e14,0.3365,-4.12078e6,2.06372e6,-5.17814e-9
1489160940,26840855.57247531,23574902.760070596,3265.953,3.97145e14,0.3650,-4.10683e6,2.05702e6,-5.16135e-9
1489160970,26822422.472106066,23570115.85409801,3252.307,3.97194e14,0.3529,-4.09355e6,2.05024e6,-5.14436e-9
1489161000,26803997.283922084,23565429.71455671,3238.568,3.96082e14,0.6318,-4.07416e6,2.04338e6,-5.12717e-9
1489161030,26785580.36734628,23560844.530279934,3224.736,3.96004e14,0.6513,-4.05993e6,2.03643e6,-5.10978e-9
1489161060,26767172.083077177,23556360.48633031,3210.812,4.02527e14,0.9850,-4.07915e6,2.02941e6,-5.09218e-9
1489161090,26748772.793121528,23551977.76383833,3196.795,4.02388e14,0.9501,-4.06418e6,2.02231e6,-5.07439e-9
1489161120,26730382.860779624,23547696.54002827,3182.686,3.98735e14,0.0337,-4.03128e6,2.01512e6,-5.05639e-9
1489161150,26712002.65064208,23543516.98819861,3168.486,3.98219e14,0.0958,-4.01416e6,2.00786e6,-5.03818e-9
1489161180,26693632.528586447,23539439.277702842,3154.193,3.98063e14,0.1349,-3.99870e6,2.00051e6,-5.01978e-9
1489161210,26675272.86177377,23535463.573930807,3139.809,3.99664e14,0.2669,-3.99187e6,1.99309e6,-5.00117e-9
1489161240,26656924.018644806,23531590.038290154,3125.334,3.94522e14,1.0232,-3.95123e6,1.98558e6,-4.98236e-9
1489161270,26638586.36891639,23527818.82818852,3110.768,3.96267e14,0.5854,-3.94480e6,1.97799e6,-4.96335e-9
1489161300,26620260.283577405,23524150.09701592,3096.110,3.98061e14,0.1352,-3.93839e6,1.97032e6,-4.94413e-9
1489161330,26601946.134868734,23520583.994181454,3081.362,3.96950e14,0.4142,-3.91744e6,1.96257e6,-4.92472e-9
1489161360,26583644.296328485,23517120.664930854,3066.524,4.02208e14,0.9051,-3.92762e6,1.95474e6,-4.90510e-9
1489161390,26565355.142738,23513760.25049647,3051.595,4.00825e14,0.5582,-3.90498e6,1.94684e6,-4.88528e-9
1489161420,26547079.050133288,23510502.88802806,3036.576,4.01396e14,0.7012,-3.89174e6,1.93884e6,-4.86525e-9
1489161450,26528816.39580023,23507348.710577942,3021.468,4.02790e14,1.0510,-3.88230e6,1.93077e6,-4.84503e-9
1489161480,26510567.55826961,23504297.847086452,3006.270,3.95729e14,0.7203,-3.83186e6,1.92262e6,-4.82460e-9
1489161510,26492332.91731208,23501350.422367983,2990.982,3.95213e14,0.8499,-3.81298e6,1.91439e6,-4.80398e-9
1489161540,26474112.853932876,23498506.557097394,2975.606,3.98067e14,0.1338,-3.81009e6,1.90608e6,-4.78315e-9
1489161570,26455907.75036643,23495766.367796842,2960.141,4.16473e14,4.4837,-3.88098e6,1.89769e6,-4.76212e-9
1489161600,26437717.990070842,23493129.96682304,2944.588,4.23896e14,6.3461,-3.89886e6,1.88922e6,-4.74089e-9
1489161630,26419543.957737945,23490597.462304745,2928.946,4.03737e14,1.2886,-3.78609e6,1.88067e6,-4.71946e-9
1489161660,26401386.039238825,23488168.95828602,2913.217,3.98663e14,0.0156,-3.74488e6,1.87204e6,-4.69783e-9
1489161690,26383244.621666636,23485844.554559283,2897.400,3.99654e14,0.2642,-3.73210e6,1.86333e6,-4.67600e-9
1489161720,26365120.093314804,23483624.34670427,2881.496,3.97396e14,0.3020,-3.70400e6,1.85454e6,-4.65396e-9
1489161750,26347012.843670823,23481508.42607717,2865.504,3.96382e14,0.5565,-3.68160e6,1.84567e6,-4.63174e-9
1489161780,26328923.263409927,23479496.879800092,2849.426,3.96814e14,0.4482,-3.66575e6,1.83672e6,-4.60931e-9
1489161810,26310851.744388558,23477589.790751148,2833.262,4.01182e14,0.6477,-3.66778e6,1.82769e6,-4.58668e-9
1489161840,26292798.67963777,23475787.237554815,2817.011,4.02834e14,1.0620,-3.65706e6,1.81858e6,-4.56385e-9
1489161870,26274764.46335637,23474089.294572875,2800.675,3.95038e14,0.8938,-3.60319e6,1.80940e6,-4.54083e-9
1489161900,26256749.490903903,23472496.031895794,2784.253,3.96476e14,0.5331,-3.59125e6,1.80013e6,-4.51761e-9
1489161930,26238754.1587827,23471007.51537123,2767.747,3.99731e14,0.2836,-3.58725e6,1.79079e6,-4.49419e-9
1489161960,26220778.864663973,23469623.80648336,2751.155,3.97667e14,0.2343,-3.55916e6,1.78137e6,-4.47057e-9
1489161990,26202824.007346645,23468344.962459125,2734.479,3.98878e14,0.0697,-3.54558e6,1.77187e6,-4.44676e-9
1489162020,26184889.986760493,23467171.0362251,2717.719,4.00987e14,0.5986,-3.53576e6,1.76229e6,-4.42276e-9
1489162050,26166977.203958213,23466102.0764016,2700.875,4.04065e14,1.3710,-3.52994e6,1.75263e6,-4.39855e-9
1489162080,26149086.061107263,23465138.12729723,2683.948,4.01716e14,0.7816,-3.50007e6,1.74290e6,-4.37416e-9
1489162110,26131216.961481575,23464279.228904027,2666.938,3.96857e14,0.4373,-3.45925e6,1.73309e6,-4.34957e-9
1489162140,26113370.30945304,23463525.416892994,2649.845,3.99940e14,0.3361,-3.45286e6,1.72320e6,-4.32478e-9
1489162170,26095546.510482877,23462876.722610127,2632.670,4.04407e14,1.4567,-3.45211e6,1.71324e6,-4.29980e-9
1489162200,26077745.971112706,23462333.173072994,2615.413,3.97363e14,0.3105,-3.40178e6,1.70320e6,-4.27463e-9
1489162230,26059969.098958094,23461894.790942647,2598.074,3.94726e14,0.9719,-3.37038e6,1.69308e6,-4.24927e-9
1489162260,26042216.30269146,23461561.594598703,2580.655,4.02920e14,1.0837,-3.38471e6,1.68289e6,-4.22372e-9
1489162290,26024487.99204069,23461333.598059405,2563.154,4.02508e14,0.9802,-3.36234e6,1.67262e6,-4.19798e-9
1489162320,26006784.577776924,23461210.81100515,2545.574,3.93879e14,1.1845,-3.30555e6,1.66227e6,-4.17204e-9
1489162350,25989106.471704848,23461193.238777295,2527.913,3.99204e14,0.1514,-3.30692e6,1.65185e6,-4.14592e-9
1489162380,25971454.08665271,23461280.882377423,2510.173,4.09185e14,2.6554,-3.32704e6,1.64136e6,-4.11961e-9
1489162410,25953827.83646222,23461473.738467105,2492.354,4.04927e14,1.5873,-3.28820e6,1.63079e6,-4.09311e-9
1489162440,25936228.135978185,23461771.79936815,2474.456,3.99042e14,0.1108,-3.24281e6,1.62014e6,-4.06642e-9
1489162470,25918655.4010381,23462175.05306337,2456.480,4.08189e14,2.4055,-3.25832e6,1.60942e6,-4.03955e-9
1489162500,25901110.04846133,23462683.483197805,2438.427,4.09612e14,2.7626,-3.24219e6,1.59863e6,-4.01249e-9
1489162530,25883592.496046007,23463297.069098797,2420.295,4.00065e14,0.3673,-3.18212e6,1.58776e6,-3.98524e-9
1489162560,25866103.162534297,23464015.785721704,2402.087,3.95786e14,0.7060,-3.14327e6,1.57682e6,-3.95781e-9
1489162590,25848642.467624646,23464839.603709407,2383.803,3.97176e14,0.3573,-3.12679e6,1.56581e6,-3.93020e-9
1489162620,25831210.831952807,23465768.489377372,2365.442,4.03698e14,1.2790,-3.13012e6,1.55472e6,-3.90241e-9
1489162650,25813808.67708019,23466802.404717404,2347.006,4.01512e14,0.7304,-3.09920e6,1.54357e6,-3.87443e-9
1489162680,25796436.425482053,23467941.30740208,2328.495,3.92045e14,1.6446,-3.04025e6,1.53234e6,-3.84628e-9
1489162710,25779094.500535488,23469185.1507896,2309.909,3.87986e14,2.6629,-3.00234e6,1.52103e6,-3.81794e-9
1489162740,25761783.326507147,23470533.883929096,2291.249,3.93660e14,1.2394,-3.00141e6,1.50966e6,-3.78943e-9
1489162770,25744503.328540877,23471987.451566458,2272.516,4.01724e14,0.7835,-3.00899e6,1.49822e6,-3.76073e-9
1489162800,25727254.93264492,23473545.794150613,2253.709,3.99961e14,0.3412,-2.97930e6,1.48670e6,-3.73186e-9
1489162830,25710038.565664075,23475208.84782648,2234.830,3.95605e14,0.7516,-2.93997e6,1.47512e6,-3.70282e-9
1489162860,25692854.655313164,23476976.544484902,2215.878,4.00310e14,0.4288,-2.93404e6,1.46347e6,-3.67360e-9
1489162890,25675703.63011703,23478848.811727498,2196.855,3.99973e14,0.3443,-2.90932e6,1.45174e6,-3.64420e-9
1489162920,25658585.919412006,23480825.572888564,2177.760,3.98495e14,0.0265,-2.88036e6,1.43995e6,-3.61463e-9
1489162950,25641501.9533321,23482906.747043688,2158.595,3.99349e14,0.1878,-2.85971e6,1.42809e6,-3.58489e-9
1489162980,25624452.162794877,23485092.249018643,2139.360,4.03500e14,1.2292,-2.85059e6,1.41616e6,-3.55498e-9
1489163010,25607436.979487296,23487381.98939893,2120.055,3.99936e14,0.3352,-2.81390e6,1.40416e6,-3.52490e-9
1489163040,25590456.83585109,23489775.874539644,2100.681,3.97006e14,0.4001,-2.77949e6,1.39210e6,-3.49465e-9
1489163070,25573512.16506814,23492273.806575857,2081.238,4.01119e14,0.6319,-2.76954e6,1.37997e6,-3.46423e-9
1489163100,25556603.401045557,23494875.68343345,2061.728,3.95316e14,0.8241,-2.72515e6,1.36777e6,-3.43364e-9
1489163130,25539730.97841673,23497581.398845732,2042.150,3.97410e14,0.2987,-2.70785e6,1.35551e6,-3.40289e-9
1489163160,25522895.332476098,23500390.84234885,2022.504,3.96562e14,0.5115,-2.68038e6,1.34318e6,-3.37198e-9
1489163190,25506096.899213694,23503303.899310324,2002.793,3.96428e14,0.5450,-2.65521e6,1.33079e6,-3.34090e-9
1489168710,23501350.422367983,25517819.721762672,2016.469,3.97766e14,0.2093,2.67770e6,-1.34023e6,3.36245e-9
1489168740,23498506.557097394,25534648.342964437,2036.142,3.95661e14,0.7375,2.69521e6,-1.35257e6,3.39342e-9
1489168770,23495766.367796842,25551513.89562332,2055.748,4.01021e14,0.6073,2.73803e6,-1.36484e6,3.42423e-9
1489168800,23493129.96682304,25568415.943797052,2075.286,4.10544e14,2.9965,2.79543e6,-1.37704e6,3.45488e-9
1489168830,23490597.462304745,25585354.052208837,2094.757,4.09350e14,2.6969,2.81592e6,-1.38918e6,3.48536e-9
1489168860,23488168.95828602,25602327.786339447,2114.159,4.02902e14,1.0792,2.81773e6,-1.40126e6,3.51568e-9
1489168890,23485844.554559283,25619336.712365795,2133.492,3.97984e14,0.1547,2.82444e6,-1.41326e6,3.54582e-9
1489168920,23483624.34670427,25636380.39720056,2152.756,3.93885e14,1.1829,2.83365e6,-1.42520e6,3.57580e-9
1489168950,23481508.42607717,25653458.40850672,2171.950,3.91441e14,1.7960,2.84845e6,-1.43707e6,3.60560e-9
1489168980,23479496.879800092,25670570.31471198,2191.073,3.88720e14,2.4788,2.86196e6,-1.44887e6,3.63524e-9
1489169010,23477589.790751148,25687715.68502294,2210.126,3.96992e14,0.4035,2.91546e6,-1.46060e6,3.66470e-9
1489169040,23475787.237554815,25704894.089438993,2229.107,4.01410e14,0.7049,2.95507e6,-1.47227e6,3.69398e-9
1489169070,23474089.294572875,25722105.09876613,2248.016,3.97266e14,0.3348,2.96292e6,-1.48386e6,3.72309e-9
1489169100,23472496.031895794,25739348.28463037,2266.852,3.98747e14,0.0367,2.99149e6,-1.49538e6,3.75203e-9
1489169130,23471007.51537123,25756623.219521083,2285.616,3.98885e14,0.0715,3.01494e6,-1.50684e6,3.78079e-9
1489169160,23469623.80648336,25773929.476712033,2304.306,3.96183e14,0.6064,3.02743e6,-1.51822e6,3.80937e-9
1489169190,23468344.962459125,25791266.630366415,2322.922,3.98603e14,0.0006,3.05928e6,-1.52953e6,3.83777e-9
1489169220,23467171.0362251,25808634.255520012,2341.463,4.03808e14,1.3064,3.10189e6,-1.54077e6,3.86600e-9
1489169250,23466102.0764016,25826031.92809401,2359.930,4.04806e14,1.5569,3.12827e6,-1.55194e6,3.89404e-9
1489169280,23465138.12729723,25843459.224907517,2378.321,4.03129e14,1.1361,3.14407e6,-1.56303e6,3.92190e-9
1489169310,23464279.228904027,25860915.72368995,2396.636,3.97474e14,0.2827,3.14391e6,-1.57406e6,3.94958e-9
1489169340,23463525.416892994,25878401.003093205,2414.876,3.94650e14,0.9911,3.15456e6,-1.58501e6,3.97708e-9
1489169370,23462876.722610127,25895914.642703597,2433.038,4.03671e14,1.2720,3.21234e6,-1.59588e6,4.00439e-9
1489169400,23462333.173072994,25913456.223053567,2451.123,4.00818e14,0.5563,3.22259e6,-1.60669e6,4.03152e-9
1489169430,23461894.790942647,25931025.325602144,2469.131,3.93426e14,1.2982,3.21412e6,-1.61742e6,4.05846e-9
1489169460,23461561.594598703,25948621.532842264,2487.060,3.97905e14,0.1746,3.25360e6,-1.62807e6,4.08522e-9
1489169490,23461333.598059405,25966244.428215735,2504.911,4.01590e14,0.7499,3.28990e6,-1.63865e6,4.11179e-9
1489169520,23461210.81100515,25983893.596154932,2522.683,3.96608e14,0.4998,3.29039e6,-1.64916e6,4.13817e-9
1489169550,23461193.238777295,26001568.62209339,2540.375,3.97467e14,0.2843,3.31479e6,-1.65959e6,4.16436e-9
1489169580,23461280.882377423,26019269.092476003,2557.988,4.06254e14,1.9202,3.37230e6,-1.66995e6,4.19036e-9
1489169610,23461473.738467105,26036994.59476915,2575.521,4.02055e14,0.8666,3.37536e6,-1.68023e6,4.21618e-9
1489169640,23461771.79936815,26054744.717470545,2592.973,3.97285e14,0.3300,3.37564e6,-1.69043e6,4.24180e-9
1489169670,23462175.05306337,26072519.050118946,2610.344,4.01140e14,0.6372,3.41232e6,-1.70056e6,4.26723e-9
1489169700,23462683.483197805,26090317.18330366,2627.634,3.97609e14,0.2488,3.41734e6,-1.71061e6,4.29248e-9
1489169730,23463297.069098797,26108138.7087037,2644.842,3.94021e14,1.1490,3.42178e6,-1.72059e6,4.31752e-9
1489169760,23464015.785721704,26125983.21900497,2661.967,4.02923e14,1.0844,3.48013e6,-1.73049e6,4.34238e-9
1489169790,23464839.603709407,26143850.30800148,2679.011,4.00841e14,0.5621,3.49080e6,-1.74031e6,4.36704e-9
1489169820,23465768.489377372,26161739.570574503,2695.971,3.91971e14,1.6633,3.47140e6,-1.75005e6,4.39151e-9
1489169850,23466802.404717404,26179650.60270142,2712.848,3.94623e14,0.9979,3.50229e6,-1.75972e6,4.41578e-9
1489169880,23467941.30740208,26197583.001464423,2729.642,3.99145e14,0.1366,3.54146e6,-1.76931e6,4.43986e-9
1489169910,23469185.1507896,26215536.365058947,2746.351,4.00327e14,0.4332,3.56578e6,-1.77882e6,4.46374e-9
1489169940,23470533.883929096,26233510.292802054,2762.976,3.96236e14,0.5932,3.56633e6,-1.78825e6,4.48743e-9
1489169970,23471987.451566458,26251504.38514051,2779.517,3.95249e14,0.8409,3.58054e6,-1.79761e6,4.51092e-9
1489170000,23473545.794150613,26269518.243658762,2795.972,3.96122e14,0.6219,3.60298e6,-1.80688e6,4.53421e-9
1489170030,23475208.84782648,26287551.47105816,2812.343,3.94833e14,0.9453,3.61546e6,-1.81608e6,4.55731e-9
1489170060,23476976.544484902,26305603.67125265,2828.627,3.99080e14,0.1203,3.65307e6,-1.82520e6,4.58021e-9
1489170090,23478848.811727498,26323674.449287724,2844.826,4.03839e14,1.3141,3.69307e6,-1.83424e6,4.60291e-9
1489170120,23480825.572888564,26341763.411376074,2860.938,3.98699e14,0.0248,3.68735e6,-1.84320e6,4.62541e-9
1489170150,23482906.747043688,26359870.164904434,2876.963,3.94019e14,1.1494,3.68337e6,-1.85208e6,4.64771e-9
1489170180,23485092.249018643,26377994.3184403,2892.902,3.99465e14,0.2168,3.72631e6,-1.86089e6,4.66982e-9
1489170210,23487381.98939893,26396135.48173837,2908.753,3.97452e14,0.2881,3.73434e6,-1.86961e6,4.69172e-9
1489170240,23489775.874539644,26414293.26574697,2924.517,3.96885e14,0.4304,3.74894e6,-1.87825e6,4.71342e-9
1489170270,23492273.806575857,26432467.282614164,2940.193,4.03422e14,1.2096,3.79699e6,-1.88682e6,4.73493e-9
1489170300,23494875.68343345,26450657.14569389,2955.781,3.96581e14,0.5065,3.78153e6,-1.89530e6,4.75623e-9
1489170330,23497581.398845732,26468862.46958045,2971.281,3.94389e14,1.0566,3.78783e6,-1.90371e6,4.77733e-9
1489170360,23500390.84234885,26487082.870025758,2986.692,4.02099e14,0.8777,3.84139e6,-1.91203e6,4.79823e-9
1489170390,23503303.899310324,26505317.964033883,3002.014,4.01443e14,0.7131,3.85480e6,-1.92027e6,4.81893e-9
1489170420,23506320.450936466,26523567.369837865,3017.247,3.99267e14,0.1672,3.86066e6,-1.92844e6,4.83943e-9
1489170450,23509440.374285556,26541830.706905298,3032.390,3.98823e14,0.0557,3.87469e6,-1.93652e6,4.85973e-9
1489170480,23512663.542281426,26560107.59594364,3047.444,3.99748e14,0.2879,3.89523e6,-1.94453e6,4.87982e-9
1489170510,23515989.823727548,26578397.65890554,3062.408,3.99550e14,0.2382,3.91013e6,-1.95245e6,4.89972e-9
1489170540,23519419.083321504,26596700.518993847,3077.281,3.95907e14,0.6758,3.90792e6,-1.96029e6,4.91941e-9
1489170570,23522951.181669943,26615015.80066654,3092.065,4.03787e14,1.3012,3.96232e6,-1.96805e6,4.93890e-9
1489170600,23526585.975303955,26633343.12964153,3106.757,4.04527e14,1.4869,3.98146e6,-1.97573e6,4.95818e-9
1489170630,23530323.31669687,26651682.132874593,3121.359,4.00395e14,0.4502,3.97621e6,-1.98334e6,4.97727e-9
1489170660,23534163.05427433,26670032.438646127,3135.869,3.99392e14,0.1985,3.98628e6,-1.99086e6,4.99615e-9
1489170690,23538105.032437183,26688393.676482897,3150.289,3.97455e14,0.2873,3.99147e6,-1.99830e6,5.01483e-9
1489170720,23542149.091576576,26706765.47718863,3164.616,4.02330e14,0.9356,4.03071e6,-2.00566e6,5.03331e-9
1489170750,23546295.068091422,26725147.472847886,3178.852,4.08023e14,2.3639,4.07410e6,-2.01293e6,5.05159e-9
1489170780,23550542.794406317,26743539.296829738,3192.997,3.98217e14,0.0962,4.03896e6,-2.02013e6,5.06966e-9
1489170810,23554892.09898987,26761940.583791222,3207.048,3.92926e14,1.4236,4.02627e6,-2.02725e6,5.08753e-9
1489170840,23559342.8063734,26780350.969680738,3221.008,3.99743e14,0.2865,4.07505e6,-2.03429e6,5.10520e-9
1489170870,23563894.737169996,26798770.09174128,3234.875,3.98389e14,0.0530,4.08206e6,-2.04124e6,5.12266e-9
1489170900,23568547.70809406,26817197.58851358,3248.650,3.95652e14,0.7398,4.08174e6,-2.04812e6,5.13992e-9
1489170930,23573301.531976882,26835633.09985884,3262.332,3.95372e14,0.8099,4.09384e6,-2.05491e6,5.15698e-9
1489170960,23578156.017799933,26854076.266900606,3275.920,3.96730e14,0.4692,4.11425e6,-2.06163e6,5.17384e-9
1489170990,23583110.970702387,26872526.732088722,3289.416,3.98042e14,0.1401,4.13430e6,-2.06826e6,5.19050e-9
1489171020,23588166.192006305,26890984.139182318,3302.818,4.03565e14,1.2456,4.17616e6,-2.07482e6,5.20695e-9
1489171050,23593321.47923789,26909448.133252393,3316.127,3.99086e14,0.1218,4.16580e6,-2.08129e6,5.22321e-9
1489171080,23598576.626149133,26927918.360684484,3329.342,3.95455e14,0.7892,4.15957e6,-2.08768e6,5.23926e-9
1489171110,23603931.422739826,26946394.469181035,3342.463,4.00738e14,0.5364,4.19992e6,-2.09400e6,5.25511e-9
1489171140,23609385.65527984,26964876.10776377,3355.490,3.99616e14,0.2547,4.20651e6,-2.10023e6,5.27076e-9
1489171170,23614939.106331874,26983362.926775873,3368.424,3.99424e14,0.2066,4.21782e6,-2.10638e6,5.28620e-9
1489171200,23620591.554774366,27001854.577884108,3381.263,3.98267e14,0.0837,4.22385e6,-2.11246e6,5.30145e-9
1489171230,23626342.775827993,27020350.71406999,3394.008,3.96197e14,0.6029,4.22483e6,-2.11845e6,5.31649e-9
1489171260,23632192.54106991,27038850.989664942,3406.658,3.99888e14,0.3231,4.25630e6,-2.12436e6,5.33134e-9
1489171290,23638140.618467014,27057355.060318783,3419.214,4.01149e14,0.6394,4.27473e6,-2.13020e6,5.34598e-9
1489171320,23644186.77239726,27075862.583011977,3431.676,3.96264e14,0.5862,4.26009e6,-2.13595e6,5.36043e-9
1489171350,23650330.763674382,27094373.21605711,3444.042,3.97399e14,0.3015,4.27751e6,-2.14162e6,5.37467e-9
1489171380,23656572.349572755,27112886.6191002,3456.314,3.99732e14,0.2838,4.30126e6,-2.14722e6,5.38872e-9
1489171410,23662911.283852737,27131402.453121953,3468.491,3.98415e14,0.0465,4.30520e6,-2.15274e6,5.40257e-9
1489171440,23669347.316786107,27149920.380438834,3480.573,4.01585e14,0.7489,4.33325e6,-2.15817e6,5.41622e-9
1489171470,23675880.19518203,27168440.064704042,3492.560,4.03209e14,1.1561,4.35282e6,-2.16353e6,5.42966e-9
1489171500,23682509.662413053,27186961.170908455,3504.452,3.99171e14,0.1432,4.34146e6,-2.16881e6,5.44292e-9
1489171530,23689235.45843517,27205483.365386512,3516.248,3.99167e14,0.1422,4.35185e6,-2.17401e6,5.45597e-9
1489171560,23696057.319834072,27224006.31580125,3527.949,4.01760e14,0.7926,4.37629e6,-2.17913e6,5.46883e-9
1489171590,23702974.97983265,27242529.691160426,3539.555,3.98407e14,0.0484,4.36804e6,-2.18417e6,5.48149e-9
1489171620,23709988.168324452,27261053.16181206,3551.065,3.96063e14,0.6365,4.36509e6,-2.18914e6,5.49395e-9
1489171650,23717096.611900933,27279576.399444845,3562.480,3.95386e14,0.8065,4.37111e6,-2.19403e6,5.50622e-9
1489171680,23724300.033879228,27298099.07708859,3573.799,3.98058e14,0.1360,4.39544e6,-2.19884e6,5.51829e-9
1489171710,23731598.154330026,27316620.869114403,3585.023,4.00960e14,0.5920,4.42094e6,-2.20357e6,5.53016e-9
1489171740,23738990.690105624,27335141.451234896,3596.151,4.00960e14,0.5920,4.43028e6,-2.20822e6,5.54184e-9
1489171770,23746477.354868338,27353660.500504293,3607.183,4.02970e14,1.0962,4.45062e6,-2.21280e6,5.55333e-9
1489171800,23754057.85911909,27372177.695318375,3618.120,3.98770e14,0.0424,4.43630e6,-2.21730e6,5.56462e-9
1489171830,23761731.910240244,27390692.71540996,3628.961,3.96614e14,0.4984,4.43313e6,-2.22172e6,5.57572e-9
1489171860,23769499.212481465,27409205.241862345,3639.706,4.08174e14,2.4017,4.50638e6,-2.22606e6,5.58663e-9
1489171890,23777359.467032026,27427714.95709566,3650.355,3.96725e14,0.4706,4.45094e6,-2.23033e6,5.59734e-9
1489171920,23785312.372036416,27446221.544870716,3660.909,3.91447e14,1.7947,4.42971e6,-2.23453e6,5.60786e-9
1489171950,23793357.622624107,27464724.690288574,3671.367,4.00319e14,0.4312,4.48771e6,-2.23864e6,5.61820e-9
1489171980,23801494.910939474,27483224.079789996,3681.729,3.94982e14,0.9079,4.46577e6,-2.24268e6,5.62833e-9
1489172010,23809723.926171914,27501719.4011548,3691.995,3.99437e14,0.2099,4.49879e6,-2.24665e6,5.63828e-9
1489172040,23818044.35458607,27520210.343501113,3702.166,3.98634e14,0.0084,4.50204e6,-2.25054e6,5.64804e-9
1489172070,23826455.87955234,27538696.597284656,3712.241,3.95482e14,0.7823,4.49183e6,-2.25435e6,5.65761e-9
1489172100,23834958.181577418,27557177.854297772,3722.220,3.99702e14,0.2764,4.52320e6,-2.25809e6,5.66700e-9
1489172130,23843550.93831734,27575653.80767622,3732.103,3.99069e14,0.1175,4.52694e6,-2.26175e6,5.67619e-9
1489172160,23852233.824662875,27594124.151874706,3741.890,3.94493e14,1.0305,4.50811e6,-2.26534e6,5.68520e-9
1489172190,23861006.512716033,27612588.582688946,3751.582,3.96132e14,0.6193,4.52444e6,-2.26886e6,5.69401e-9
1489172220,23869868.671838764,27631046.7972472,3761.178,3.99691e14,0.2736,4.55159e6,-2.27230e6,5.70265e-9
1489172250,23878819.968683954,27649498.494008996,3770.679,3.98083e14,0.1298,4.54915e6,-2.27566e6,5.71110e-9
1489172280,23887860.06722674,27667943.372763965,3780.083,3.97242e14,0.3409,4.55092e6,-2.27896e6,5.71936e-9
1489172310,23896988.6287959,27686381.134630542,3789.393,3.98822e14,0.0556,4.56640e6,-2.28218e6,5.72744e-9
1489172340,23906205.312105227,27704811.48205451,3798.606,3.95266e14,0.8366,4.55230e6,-2.28532e6,5.73533e-9
1489172370,23915509.77328517,27723234.11880767,3807.724,3.95759e14,0.7128,4.56126e6,-2.28840e6,5.74304e-9
1489172400,23924901.665914454,27741648.749986257,3816.747,4.01969e14,0.8451,4.60295e6,-2.29140e6,5.75057e-9
1489172430,23934380.6410646,27760055.08199794,3825.674,4.00230e14,0.4088,4.59882e6,-2.29433e6,5.75792e-9
1489172460,23943946.347292632,27778452.82259527,3834.506,3.97431e14,0.2935,4.58840e6,-2.29718e6,5.76508e-9
1489172490,23953598.430712126,27796841.680839162,3843.243,3.97415e14,0.2974,4.59387e6,-2.29997e6,5.77207e-9
1489172520,23963336.535012737,27815221.367108095,3851.885,3.97866e14,0.1844,4.60190e6,-2.30268e6,5.77888e-9
1489172550,23973160.30149235,27833591.59309636,3860.431,3.99786e14,0.2973,4.61828e6,-2.30532e6,5.78551e-9
1489172580,23983069.36908942,27851952.071811933,3868.883,4.04174e14,1.3983,4.64885e6,-2.30789e6,5.79195e-9
1489172610,23993063.374415275,27870302.51757457,3877.239,4.02040e14,0.8628,4.64151e6,-2.31039e6,5.79823e-9
1489172640,24003141.951786555,27888642.64601352,3885.501,3.94553e14,1.0155,4.60294e6,-2.31283e6,5.80432e-9
1489172670,24013304.73325767,27906972.174065568,3893.667,3.98332e14,0.0674,4.62959e6,-2.31519e6,5.81024e-9
1489172700,24023551.348653305,27925290.819972616,3901.739,3.94722e14,0.9731,4.61317e6,-2.31748e6,5.81599e-9
1489172730,24033881.425597616,27943598.303291783,3909.717,3.93766e14,1.2129,4.61203e6,-2.31970e6,5.82156e-9
1489172760,24044294.589557167,27961894.344855487,3917.600,4.01719e14,0.7825,4.66265e6,-2.32185e6,5.82695e-9
1489172790,24054790.46386327,27980178.666806478,3925.388,3.97456e14,0.2871,4.64197e6,-2.32393e6,5.83218e-9
1489172820,24065368.66974785,27998450.992583513,3933.082,3.97966e14,0.1592,4.64896e6,-2.32595e6,5.83723e-9
1489172850,24076028.82637615,28016711.046918944,3940.682,4.00328e14,0.4334,4.66665e6,-2.32789e6,5.84211e-9
1489172880,24086770.550879277,28034958.5558363,3948.188,3.99607e14,0.2525,4.66620e6,-2.32977e6,5.84681e-9
1489172910,24097593.458386935,28053193.24664795,3955.600,4.00016e14,0.3551,4.67222e6,-2.33158e6,5.85135e-9
1489172940,24108497.162059974,28071414.847952455,3962.918,3.98751e14,0.0378,4.66830e6,-2.33333e6,5.85572e-9
1489172970,24119481.27312305,28089623.089632142,3970.142,3.97619e14,0.2462,4.66502e6,-2.33500e6,5.85993e-9
1489173000,24130545.40089724,28107817.70285052,3977.272,3.97901e14,0.1755,4.66989e6,-2.33661e6,5.86396e-9
1489173030,24141689.152830627,28125998.420040544,3984.309,3.98233e14,0.0922,4.67492e6,-2.33816e6,5.86783e-9
1489173060,24152912.1345369,28144164.974929858,3991.253,3.97968e14,0.1587,4.67632e6,-2.33963e6,5.87153e-9
1489173090,24164213.94982186,28162317.102510296,3998.103,3.95266e14,0.8366,4.66326e6,-2.34105e6,5.87507e-9
1489173120,24175594.200717848,28180454.539043996,4004.860,3.99044e14,0.1112,4.68815e6,-2.34239e6,5.87844e-9
1489173150,24187052.487516183,28198577.022060566,4011.525,4.00477e14,0.4709,4.69914e6,-2.34367e6,5.88165e-9
1489173180,24198588.408799503,28216684.290354125,4018.096,3.97910e14,0.1732,4.68647e6,-2.34489e6,5.88470e-9
1489173210,24210201.561474167,28234776.08398047,4024.575,3.97717e14,0.2217,4.68764e6,-2.34604e6,5.88759e-9
1489173240,24221891.54080251,28252852.144253943,4030.961,3.98803e14,0.0508,4.69621e6,-2.34713e6,5.89031e-9
1489173270,24233657.940435026,28270912.213744506,4037.254,4.02046e14,0.8644,4.71737e6,-2.34816e6,5.89288e-9
1489173300,24245500.352442604,28288956.036274593,4043.456,3.99242e14,0.1609,4.70276e6,-2.34912e6,5.89528e-9
1489173330,24257418.36735154,28306983.35691991,4049.565,4.00089e14,0.3735,4.70956e6,-2.35002e6,5.89753e-9
1489173360,24269411.574166548,28324993.921994496,4055.582,4.01010e14,0.6045,4.71666e6,-2.35085e6,5.89962e-9
1489173390,24281479.560411647,28342987.47905926,4061.508,3.99344e14,0.1864,4.70838e6,-2.35163e6,5.90156e-9
1489173420,24293621.912159182,28360963.776915032,4067.342,3.97054e14,0.3879,4.69628e6,-2.35234e6,5.90333e-9
1489173450,24305838.214061674,28378922.565599393,4073.084,3.99931e14,0.3338,4.71457e6,-2.35299e6,5.90496e-9
1489173480,24318128.049383502,28396863.59638333,4078.736,4.03242e14,1.1645,4.73530e6,-2.35358e6,5.90643e-9
1489173510,24330491.000032634,28414786.621768136,4084.296,4.02423e14,0.9591,4.73152e6,-2.35411e6,5.90775e-9
1489173540,24342926.64659206,28432691.395482,4089.765,3.96419e14,0.5472,4.69698e6,-2.35458e6,5.90891e-9
1489173570,24355434.568351347,28450577.6724767,4095.143,3.96462e14,0.5364,4.69805e6,-2.35498e6,5.90993e-9
1489173600,24368014.343337975,28468445.20892431,4100.431,4.01515e14,0.7312,4.72860e6,-2.35533e6,5.91079e-9
1489173630,24380665.548347805,28486293.76221664,4105.628,4.02884e14,1.0748,4.73727e6,-2.35562e6,5.91151e-9
1489173660,24393387.758978356,28504123.090953015,4110.735,4.00871e14,0.5697,4.72583e6,-2.35585e6,5.91207e-9
1489173690,24406180.54965792,28521932.95494581,4115.752,3.99487e14,0.2225,4.71798e6,-2.35602e6,5.91249e-9
1489173720,24419043.49367695,28539723.11521405,4120.680,3.99367e14,0.1924,4.71749e6,-2.35613e6,5.91276e-9
1489173750,24431976.1632189,28557493.33398005,4125.517,3.94327e14,1.0720,4.68780e6,-2.35618e6,5.91289e-9
1489173780,24444978.129390836,28575243.3746658,4130.265,3.96786e14,0.4551,4.70233e6,-2.35618e6,5.91287e-9
1489173810,24458048.96225394,28592973.0018896,4134.924,4.03631e14,1.2619,4.74267e6,-2.35612e6,5.91271e-9
1489173840,24471188.23085387,28610681.981462393,4139.494,3.98786e14,0.0464,4.71378e6,-2.35600e6,5.91240e-9
1489173870,24484395.50325098,28628370.08038433,4143.975,3.94915e14,0.9245,4.69055e6,-2.35583e6,5.91195e-9
1489173900,24497670.346550405,28646037.06684106,4148.367,4.01898e14,0.8272,4.73136e6,-2.35559e6,5.91137e-9
1489173930,24511012.326927897,28663682.71018895,4152.670,3.96990e14,0.4040,4.70177e6,-2.35531e6,5.91064e-9
1489173960,24524421.009672347,28681306.780986104,4156.886,3.94386e14,1.0573,4.68569e6,-2.35497e6,5.90977e-9
1489173990,24537895.9592025,28698909.05095382,4161.013,3.99746e14,0.2874,4.71657e6,-2.35457e6,5.90876e-9
1489174020,24551436.739100594,28716489.292984154,4165.053,3.97341e14,0.3160,4.70145e6,-2.35412e6,5.90762e-9
1489174050,24565042.912141707,28734047.281136103,4169.004,3.96309e14,0.5748,4.69434e6,-2.35361e6,5.90633e-9
1489174080,24578714.040322844,28751582.790631823,4172.869,3.98482e14,0.0298,4.70605e6,-2.35305e6,5.90492e-9
1489174110,24592449.68489196,28769095.597852796,4176.646,3.96473e14,0.5337,4.69296e6,-2.35243e6,5.90337e-9
1489174140,24606249.4063768,28786585.480336048,4180.336,3.99578e14,0.2452,4.70995e6,-2.35177e6,5.90168e-9
1489174170,24620112.764613543,28804052.21677022,4183.939,4.01273e14,0.6704,4.71850e6,-2.35105e6,5.89986e-9
1489174200,24634039.318775285,28821495.586991843,4187.456,3.99603e14,0.2516,4.70710e6,-2.35027e6,5.89791e-9
1489174230,24648028.627413444,28838915.372000504,4190.887,4.02311e14,0.9308,4.72140e6,-2.34945e6,5.89583e-9
1489174260,24662080.248445638,28856311.35389604,4194.231,4.00361e14,0.4417,4.70814e6,-2.34857e6,5.89362e-9
1489174290,24676193.73922422,28873683.315933976,4197.490,3.99193e14,0.1487,4.69940e6,-2.34764e6,5.89127e-9
1489174320,24690368.656551044,28891031.042502575,4200.662,3.98411e14,0.0475,4.69282e6,-2.34666e6,5.88880e-9
1489174350,24704604.556705147,28908354.3191191,4203.750,3.93663e14,1.2386,4.66281e6,-2.34563e6,5.88621e-9
1489174380,24718900.99547036,28925652.932426047,4206.752,3.96547e14,0.5152,4.67762e6,-2.34455e6,5.88348e-9
1489174410,24733257.528162602,28942926.67018746,4209.669,3.97705e14,0.2245,4.68218e6,-2.34342e6,5.88063e-9
1489174440,24747673.709657066,28960175.32128506,4212.502,3.95282e14,0.8325,4.66557e6,-2.34224e6,5.87766e-9
1489174470,24762149.094415113,28977398.67571454,4215.250,3.96957e14,0.4124,4.67295e6,-2.34101e6,5.87456e-9
1489174500,24776683.236511085,28994596.52458166,4217.913,4.00501e14,0.4767,4.69120e6,-2.33973e6,5.87134e-9
1489174530,24791275.689638488,29011768.6600762,4220.493,4.01454e14,0.7160,4.69413e6,-2.33840e6,5.86800e-9
1489174560,24805926.007199075,29028914.875536956,4222.989,3.93804e14,1.2033,4.64650e6,-2.33702e6,5.86454e-9
1489174590,24820633.742265914,29046034.965378623,4225.401,3.94993e14,0.9050,4.65064e6,-2.33560e6,5.86095e-9
1489174620,24835398.447629556,29063128.725110177,4227.730,4.04901e14,1.5808,4.70574e6,-2.33413e6,5.85725e-9
1489174650,24850219.675823566,29080195.95133079,4229.976,4.02974e14,1.0973,4.69139e6,-2.33261e6,5.85343e-9
1489174680,24865096.97914994,29097236.441725753,4232.139,3.97918e14,0.1713,4.65866e6,-2.33105e6,5.84949e-9
1489174710,24880029.909704212,29114249.99506243,4234.220,3.98846e14,0.0615,4.66086e6,-2.32943e6,5.84544e-9
1489174740,24895018.019400366,29131236.411186107,4236.218,4.00644e14,0.5127,4.66804e6,-2.32778e6,5.84127e-9
1489174770,24910060.859995574,29148195.491015915,4238.135,4.01644e14,0.7637,4.67046e6,-2.32607e6,5.83698e-9
1489174800,24925157.983114786,29165127.03654072,4239.969,3.99919e14,0.3308,4.65689e6,-2.32433e6,5.83258e-9
1489174830,24940308.94029461,29182030.850833394,4241.722,3.94158e14,1.1144,4.61971e6,-2.32253e6,5.82807e-9
1489174860,24955513.282946855,29198906.73799,4243.393,3.99541e14,0.2361,4.64740e6,-2.32069e6,5.82345e-9
1489174890,24970770.5624434,29215754.503182743,4244.984,4.02838e14,1.0630,4.66281e6,-2.31881e6,5.81871e-9
1489174920,24986080.33012037,29232573.952637535,4246.494,3.95234e14,0.8447,4.61472e6,-2.31689e6,5.81387e-9
1489174950,25001442.13730171,29249364.89363008,4247.923,3.95262e14,0.8375,4.61096e6,-2.31492e6,5.80892e-9
1489174980,25016855.535322715,29266127.134481862,4249.272,3.99178e14,0.1448,4.62967e6,-2.31290e6,5.80385e-9
1489175010,25032320.075553264,29282860.484556317,4250.540,4.00700e14,0.5267,4.63438e6,-2.31085e6,5.79869e-9
1489175040,25047835.309420824,29299564.75425482,4251.729,3.96377e14,0.5579,4.60512e6,-2.30875e6,5.79341e-9
1489175070,25063400.788433347,29316239.755012766,4252.839,3.92325e14,1.5744,4.57740e6,-2.30661e6,5.78803e-9
1489175100,25079016.064201776,29332885.29929568,4253.869,3.95920e14,0.6724,4.59386e6,-2.30443e6,5.78254e-9
1489175130,25094680.68845358,29349501.20058652,4254.821,4.02582e14,0.9988,4.62790e6,-2.30221e6,5.77695e-9
1489175160,25110394.213082466,29366087.273408685,4255.693,3.99944e14,0.3370,4.60812e6,-2.29994e6,5.77126e-9
1489175190,25126156.19014252,29382643.333294924,4256.487,3.97542e14,0.2655,4.58966e6,-2.29764e6,5.76547e-9
1489175220,25141966.171878807,29399169.19679217,4257.203,3.97947e14,0.1639,4.58730e6,-2.29529e6,5.75957e-9
1489175250,25157823.710748855,29415664.68145748,4257.841,3.95088e14,0.8811,4.56608e6,-2.29291e6,5.75357e-9
1489175280,25173728.35944376,29432129.605853986,4258.401,3.97420e14,0.2961,4.57465e6,-2.29048e6,5.74748e-9
1489175310,25189679.670909192,29448563.789546862,4258.884,4.01393e14,0.7005,4.59253e6,-2.28802e6,5.74128e-9
1489175340,25205677.198366024,29464967.053099357,4259.290,3.98458e14,0.0358,4.57067e6,-2.28552e6,5.73499e-9
1489175370,25221720.4953309,29481339.218068644,4259.619,3.98178e14,0.1060,4.56398e6,-2.28298e6,5.72860e-9
1489175400,25237809.115636423,29497680.107001808,4259.871,4.01110e14,0.6295,4.57560e6,-2.28040e6,5.72212e-9
1489175430,25253942.613446075,29513989.543429658,4260.047,3.98380e14,0.0554,4.55473e6,-2.27778e6,5.71554e-9
1489175460,25270120.54328972,29530267.35186931,4260.147,3.93877e14,1.1850,4.52372e6,-2.27513e6,5.70887e-9
1489175490,25286342.460067503,29546513.357813515,4260.171,3.96947e14,0.4147,4.53587e6,-2.27243e6,5.70210e-9
1489175520,25302607.919074263,29562727.387728684,4260.119,3.99989e14,0.3483,4.54774e6,-2.26970e6,5.69524e-9
1489175550,25318916.476018533,29578909.26905087,4259.993,3.97308e14,0.3243,4.52694e6,-2.26694e6,5.68829e-9
1489175580,25335267.687041402,29595058.830181744,4259.791,4.00098e14,0.3757,4.53719e6,-2.26414e6,5.68125e-9
1489175610,25351661.108735222,29611175.900484502,4259.515,3.98852e14,0.0630,4.52443e6,-2.26130e6,5.67411e-9
1489175640,25368096.298161894,29627260.310279876,4259.164,3.96582e14,0.5065,4.50581e6,-2.25843e6,5.66689e-9
1489175670,25384572.81287118,29643311.89084208,4258.739,3.98665e14,0.0161,4.51179e6,-2.25552e6,5.65958e-9
1489175700,25401090.210918594,29659330.47439481,4258.240,4.00663e14,0.5175,4.51720e6,-2.25258e6,5.65219e-9
1489175730,25417648.050900236,29675315.894117516,4257.668,4.03781e14,1.2998,4.52882e6,-2.24960e6,5.64470e-9
1489175760,25434245.89191798,29691267.98410966,4257.022,4.00212e14,0.4043,4.50263e6,-2.24659e6,5.63713e-9
1489175790,25450883.29364914,29707186.57941868,4256.303,3.96989e14,0.4042,4.47838e6,-2.24354e6,5.62948e-9
1489175820,25467559.816346817,29723071.516025696,4255.512,3.94986e14,0.9068,4.46097e6,-2.24046e6,5.62174e-9
1489175850,25484275.020856917,29738922.63084163,4254.648,3.95760e14,0.7125,4.45911e6,-2.23735e6,5.61392e-9
1489175880,25501028.46863494,29754739.761703316,4253.711,3.96529e14,0.5198,4.45715e6,-2.23420e6,5.60601e-9
1489175910,25517819.721762672,29770522.74736966,4252.703,3.99442e14,0.2112,4.46711e6,-2.23102e6,5.59803e-9
1489175940,25534648.342964437,29786271.42751768,4251.623,4.02292e14,0.9262,4.47661e6,-2.22781e6,5.58996e-9
1489175970,25551513.89562332,29801985.64273869,4250.472,4.00891e14,0.5748,4.46227e6,-2.22457e6,5.58181e-9
1489176000,25568415.943797052,29817665.23453437,4249.249,3.93039e14,1.3952,4.41194e6,-2.22130e6,5.57359e-9
1489176030,25585354.052208837,29833310.045298085,4247.956,3.92498e14,1.5310,4.40235e6,-2.21799e6,5.56528e-9
1489176060,25602327.786339447,29848919.91835686,4246.592,3.98958e14,0.0898,4.43163e6,-2.21466e6,5.55690e-9
1489176090,25619336.712365795,29864494.697921384,4245.158,4.01956e14,0.8418,4.44152e6,-2.21129e6,5.54844e-9
1489176120,25636380.39720056,29880034.229096945,4243.654,4.03773e14,1.2976,4.44475e6,-2.20789e6,5.53990e-9
1489176150,25653458.40850672,29895538.357879467,4242.080,4.03729e14,1.2867,4.43761e6,-2.20447e6,5.53129e-9
1489176180,25670570.31471198,29911006.93115157,4240.437,4.06352e14,1.9447,4.44513e6,-2.20101e6,5.52261e-9
1489176210,25687715.68502294,29926439.796678558,4238.724,4.02936e14,1.0877,4.41925e6,-2.19752e6,5.51385e-9
1489176240,25704894.089438993,29941836.803104557,4236.943,3.98927e14,0.0819,4.39010e6,-2.19401e6,5.50501e-9
1489176270,25722105.09876613,29957197.79994848,4235.093,3.99590e14,0.2481,4.38665e6,-2.19046e6,5.49611e-9
1489176300,25739348.28463037,29972522.637600213,4233.174,3.99482e14,0.2212,4.37890e6,-2.18689e6,5.48713e-9
1489176330,25756623.219521083,29987811.167334504,4231.188,3.98641e14,0.0103,4.36708e6,-2.18329e6,5.47808e-9
1489176360,25773929.476712033,30003063.241251882,4229.134,3.99660e14,0.2659,4.36539e6,-2.17966e6,5.46897e-9
1489176390,25791266.630366415,30018278.712330405,4227.012,3.99341e14,0.1858,4.35632e6,-2.17600e6,5.45978e-9
1489176420,25808634.255520012,30033457.434403818,4224.823,3.97779e14,0.2062,4.34042e6,-2.17232e6,5.45052e-9
1489176450,25826031.92809401,30048599.262157895,4222.567,3.97166e14,0.3599,4.32967e6,-2.16861e6,5.44120e-9
1489176480,25843459.224907517,30063704.051126733,4220.245,3.94632e14,0.9956,4.30844e6,-2.16487e6,5.43181e-9
1489176510,25860915.72368995,30078771.65768914,4217.856,3.95379e14,0.8081,4.30499e6,-2.16111e6,5.42235e-9
1489176540,25878401.003093205,30093801.939064797,4215.401,4.02212e14,0.9060,4.33442e6,-2.15732e6,5.41283e-9
1489176570,25895914.642703597,30108794.75331071,4212.880,3.99726e14,0.2823,4.31331e6,-2.15350e6,5.40324e-9
1489176600,25913456.223053567,30123749.959317505,4210.294,3.97242e14,0.3408,4.29222e6,-2.14966e6,5.39359e-9
1489176630,25931025.325602144,30138667.41678402,4207.642,4.01602e14,0.7531,4.30797e6,-2.14579e6,5.38388e-9
1489176660,25948621.532842264,30153546.986280646,4204.925,3.99905e14,0.3273,4.29103e6,-2.14190e6,5.37410e-9
1489176690,25966244.428215735,30168388.529178362,4202.144,3.97760e14,0.2108,4.27167e6,-2.13798e6,5.36426e-9
1489176720,25983893.596154932,30183191.907666724,4199.298,3.97314e14,0.3228,4.26140e6,-2.13404e6,5.35436e-9
1489176750,26001568.62209339,30197956.98475,4196.388,3.96039e14,0.6427,4.24666e6,-2.13007e6,5.34440e-9
1489176780,26019269.092476003,30212683.624243416,4193.415,3.94776e14,0.9596,4.23196e6,-2.12608e6,5.33437e-9
1489176810,26036994.59476915,30227371.69076933,4190.377,3.95545e14,0.7665,4.22807e6,-2.12207e6,5.32429e-9
1489176840,26054744.717470545,30242021.049753457,4187.276,3.99469e14,0.2178,4.24087e6,-2.11803e6,5.31415e-9
1489176870,26072519.050118946,30256631.567421086,4184.113,4.00512e14,0.4797,4.23827e6,-2.11397e6,5.30395e-9
1489176900,26090317.18330366,30271203.11079333,4180.886,3.95672e14,0.7347,4.20446e6,-2.10989e6,5.29370e-9
1489176930,26108138.7087037,30285735.547710907,4177.597,3.95320e14,0.8229,4.19442e6,-2.10579e6,5.28339e-9
1489176960,26125983.21900497,30300228.746745706,4174.246,3.91533e14,1.7731,4.16622e6,-2.10166e6,5.27302e-9
1489176990,26143850.30800148,30314682.577282142,4170.832,3.93662e14,1.2389,4.16919e6,-2.09751e6,5.26260e-9
1489177020,26161739.570574503,30329096.90948608,4167.357,4.04407e14,1.4569,4.21733e6,-2.09334e6,5.25212e-9
1489177050,26179650.60270142,30343471.614301518,4163.821,4.02127e14,0.8848,4.19693e6,-2.08914e6,5.24159e-9
1489177080,26197583.001464423,30357806.563447073,4160.224,3.96112e14,0.6242,4.15700e6,-2.08493e6,5.23100e-9
1489177110,26215536.365058947,30372101.62941268,4156.565,3.95849e14,0.6902,4.14717e6,-2.08069e6,5.22037e-9
1489177140,26233510.292802054,30386356.685456123,4152.846,4.02094e14,0.8766,4.17122e6,-2.07644e6,5.20968e-9
1489177170,26251504.38514051,30400571.60559969,4149.067,4.02819e14,1.0584,4.16639e6,-2.07216e6,5.19894e-9
1489177200,26269518.243658762,30414746.26462675,4145.228,3.99770e14,0.2935,4.14193e6,-2.06787e6,5.18815e-9
1489177230,26287551.47105816,30428880.538045734,4141.329,3.98720e14,0.0299,4.12784e6,-2.06355e6,5.17730e-9
1489177260,26305603.67125265,30442974.302187417,4137.371,3.95429e14,0.7956,4.10216e6,-2.05921e6,5.16641e-9
1489177290,26323674.449287724,30457027.434100594,4133.353,3.92020e14,1.6509,4.07590e6,-2.05486e6,5.15547e-9
1489177320,26341763.411376074,30471039.81158116,4129.276,3.99772e14,0.2938,4.10710e6,-2.05048e6,5.14448e-9
1489177350,26359870.164904434,30485011.313168403,4125.141,4.05645e14,1.7674,4.12845e6,-2.04609e6,5.13345e-9
1489177380,26377994.3184403,30498941.818141423,4120.947,4.00832e14,0.5600,4.09488e6,-2.04167e6,5.12237e-9
1489177410,26396135.48173837,30512831.20651546,4116.696,4.01470e14,0.7200,4.08925e6,-2.03724e6,5.11124e-9
1489177440,26414293.26574697,30526679.35903834,4112.386,3.98126e14,0.1191,4.06326e6,-2.03279e6,5.10006e-9
1489177470,26432467.282614164,30540486.15718681,4108.019,3.89521e14,2.2779,4.01053e6,-2.02832e6,5.08884e-9
1489177500,26450657.14569389,30554251.48316305,4103.594,3.96923e14,0.4209,4.03924e6,-2.02384e6,5.07757e-9
1489177530,26468862.46958045,30567975.219923988,4099.113,4.03161e14,1.1440,4.06185e6,-2.01933e6,5.06627e-9
1489177560,26487082.870025758,30581657.251076277,4094.574,3.96999e14,0.4018,4.02161e6,-2.01481e6,5.05491e-9
1489177590,26505317.964033883,30595297.460974537,4089.979,3.93318e14,1.3252,3.99398e6,-2.01028e6,5.04352e-9
1489177620,26523567.369837865,30608895.7346852,4085.328,3.94539e14,1.0190,3.99107e6,-2.00572e6,5.03208e-9
1489177650,26541830.706905298,30622451.957983337,4080.621,3.94601e14,1.0034,3.98228e6,-2.00115e6,5.02060e-9
1489177680,26560107.59594364,30635966.01734945,4075.858,3.96614e14,0.4984,3.98323e6,-1.99656e6,5.00908e-9
1489177710,26578397.65890554,30649437.79996642,4071.040,4.04297e14,1.4292,4.01244e6,-1.99196e6,4.99751e-9
1489177740,26596700.518993847,30662867.1937163,4066.167,4.07612e14,2.2609,4.01966e6,-1.98734e6,4.98591e-9
1489177770,26615015.80066654,30676254.087177217,4061.238,4.02340e14,0.9381,3.98405e6,-1.98270e6,4.97427e-9
1489177800,26633343.12964153,30689598.36962031,4056.255,3.96961e14,0.4114,3.94800e6,-1.97805e6,4.96259e-9
1489177830,26651682.132874593,30702899.93097819,4051.218,3.95575e14,0.7591,3.93182e6,-1.97338e6,4.95087e-9
1489177860,26670032.438646127,30716158.66192945,4046.126,3.99407e14,0.2024,3.94142e6,-1.96870e6,4.93911e-9
1489177890,26688393.676482897,30729374.453807868,4040.981,4.01960e14,0.8428,3.94459e6,-1.96400e6,4.92732e-9
1489177920,26706765.47718863,30742547.198627476,4035.782,3.98061e14,0.1353,3.91596e6,-1.95929e6,4.91549e-9
1489177950,26725147.472847886,30755676.7890793,4030.529,3.95577e14,0.7586,3.89432e6,-1.95456e6,4.90362e-9
1489177980,26743539.296829738,30768763.11852807,4025.224,3.98785e14,0.0463,3.90056e6,-1.94982e6,4.89171e-9
1489178010,26761940.583791222,30781806.081008974,4019.865,3.97984e14,0.1546,3.88714e6,-1.94507e6,4.87978e-9
1489178040,26780350.969680738,30794805.571224406,4014.455,3.98432e14,0.0422,3.87979e6,-1.94030e6,4.86780e-9
1489178070,26798770.09174128,30807761.484540686,4008.991,4.08720e14,2.5388,3.92018e6,-1.93552e6,4.85579e-9
1489178100,26817197.58851358,30820673.716984883,4003.476,4.09256e14,2.6732,3.91305e6,-1.93072e6,4.84375e-9
1489178130,26835633.09985884,30833542.165266994,3997.909,3.99331e14,0.1833,3.85535e6,-1.92591e6,4.83167e-9
1489178160,26854076.266900606,30846366.7266984,3992.290,3.99041e14,0.1105,3.84429e6,-1.92109e6,4.81957e-9
1489178190,26872526.732088722,30859147.29926722,3986.621,4.01317e14,0.6815,3.84555e6,-1.91625e6,4.80742e-9
1489178220,26890984.139182318,30871883.78160999,3980.900,3.99384e14,0.1966,3.82655e6,-1.91141e6,4.79525e-9
1489178250,26909448.133252393,30884576.073008634,3975.128,3.99694e14,0.2743,3.81830e6,-1.90654e6,4.78305e-9
1489178280,26927918.360684484,30897224.07338759,3969.306,3.98164e14,0.1094,3.80124e6,-1.90167e6,4.77081e-9
1489178310,26946394.469181035,30909827.683310896,3963.433,3.98035e14,0.1420,3.79085e6,-1.89679e6,4.75855e-9
1489178340,26964876.10776377,30922386.80397926,3957.511,3.99513e14,0.2291,3.78808e6,-1.89189e6,4.74625e-9
1489178370,26983362.926775873,30934901.337227203,3951.538,3.96593e14,0.5037,3.76442e6,-1.88698e6,4.73393e-9
1489178400,27001854.577884108,30947371.185520146,3945.517,4.01020e14,0.6070,3.77550e6,-1.88206e6,4.72157e-9
1489178430,27020350.71406999,30959796.251922913,3939.446,4.01774e14,0.7961,3.76915e6,-1.87713e6,4.70919e-9
1489178460,27038850.989664942,30972176.4401851,3933.325,4.00035e14,0.3599,3.75106e6,-1.87218e6,4.69678e-9
1489178490,27057355.060318783,30984511.65464973,3927.157,4.01484e14,0.7235,3.74792e6,-1.86723e6,4.68434e-9
1489178520,27075862.583011977,30996801.80027885,3920.939,4.00014e14,0.3547,3.73108e6,-1.86226e6,4.67187e-9
1489178550,27094373.21605711,31009046.782650378,3914.674,4.00359e14,0.4413,3.72271e6,-1.85729e6,4.65938e-9
1489178580,27112886.6191002,31021246.50795513,3908.360,4.00081e14,0.3714,3.71142e6,-1.85230e6,4.64686e-9
1489178610,27131402.453121953,31033400.882993758,3901.998,4.04539e14,1.4899,3.72207e6,-1.84730e6,4.63431e-9
1489178640,27149920.380438834,31045509.815173727,3895.589,4.01814e14,0.8061,3.69938e6,-1.84230e6,4.62174e-9
1489178670,27168440.064704042,31057573.212506335,3889.133,4.00256e14,0.4154,3.68212e6,-1.83728e6,4.60915e-9
1489178700,27186961.170908455,31069590.98360369,3882.630,3.97381e14,0.3060,3.65882e6,-1.83225e6,4.59653e-9
1489178730,27205483.365386512,31081563.037709765,3876.080,3.98146e14,0.1140,3.65227e6,-1.82722e6,4.58388e-9
1489178760,27224006.31580125,31093489.284592897,3869.483,3.98394e14,0.0517,3.64331e6,-1.82217e6,4.57121e-9
1489178790,27242529.691160426,31105369.63464776,3862.840,4.00050e14,0.3638,3.64075e6,-1.81711e6,4.55852e-9
1489178820,27261053.16181206,31117203.99885882,3856.151,4.06042e14,1.8670,3.65784e6,-1.81205e6,4.54581e-9
1489178850,27279576.399444845,31128992.288797762,3849.416,3.99805e14,0.3022,3.61932e6,-1.80697e6,4.53307e-9
1489178880,27298099.07708859,31140734.416620944,3842.635,3.98676e14,0.0189,3.60403e6,-1.80189e6,4.52031e-9
1489178910,27316620.869114403,31152430.295066863,3835.809,3.99302e14,0.1759,3.59666e6,-1.79680e6,4.50752e-9
1489178940,27335141.451234896,31164079.837453656,3828.938,3.95062e14,0.8878,3.56739e6,-1.79170e6,4.49472e-9
1489178970,27353660.500504293,31175682.957676534,3822.022,3.94926e14,0.9220,3.55661e6,-1.78659e6,4.48190e-9
1489179000,27372177.695318375,31187239.57020534,3815.062,3.99635e14,0.2595,3.56746e6,-1.78147e6,4.46905e-9
1489179030,27390692.71540996,31198749.590049542,3808.057,4.01604e14,0.7536,3.56597e6,-1.77635e6,4.45619e-9
1489179060,27409205.241862345,31210212.932855897,3801.008,3.94302e14,1.0785,3.52322e6,-1.77122e6,4.44330e-9
1489179090,27427714.95709566,31221629.514805432,3793.915,3.95991e14,0.6548,3.52047e6,-1.76607e6,4.43039e-9
1489179120,27446221.544870716,31232999.25264331,3786.778,3.96828e14,0.4447,3.51390e6,-1.76093e6,4.41747e-9
1489179150,27464724.690288574,31244322.063676044,3779.597,4.01139e14,0.6368,3.52260e6,-1.75577e6,4.40453e-9
1489179180,27483224.079789996,31255597.865768652,3772.374,4.05926e14,1.8377,3.53325e6,-1.75061e6,4.39156e-9
1489179210,27501719.4011548,31266826.577342108,3765.107,3.97936e14,0.1667,3.48783e6,-1.74543e6,4.37858e-9
1489179240,27520210.343501113,31278008.117370415,3757.798,4.01119e14,0.6319,3.49138e6,-1.74026e6,4.36559e-9
1489179270,27538696.597284656,31289142.405378014,3750.446,4.02514e14,0.9818,3.48704e6,-1.73507e6,4.35257e-9
1489179300,27557177.854297772,31300229.36143695,3743.052,3.99350e14,0.1881,3.46288e6,-1.72988e6,4.33954e-9
1489179330,27575653.80767622,31311268.90618634,3735.615,3.98897e14,0.0744,3.45050e6,-1.72468e6,4.32649e-9
1489179360,27594124.151874706,31322260.960761696,3728.137,4.01083e14,0.6228,3.44952e6,-1.71948e6,4.31342e-9
1489179390,27612588.582688946,31333205.446860433,3720.617,4.04424e14,1.4611,3.45343e6,-1.71426e6,4.30034e-9
1489179420,27631046.7972472,31344102.286717333,3713.055,4.02046e14,0.8645,3.43272e6,-1.70905e6,4.28724e-9
1489179450,27649498.494008996,31354951.403102156,3705.453,4.02569e14,0.9957,3.42446e6,-1.70382e6,4.27413e-9
1489179480,27667943.372763965,31365752.71931715,3697.809,4.02041e14,0.8632,3.41169e6,-1.69859e6,4.26100e-9
1489179510,27686381.134630542,31376506.15919479,3690.125,3.90860e14,1.9419,3.35368e6,-1.69336e6,4.24786e-9
1489179540,27704811.48205451,31387211.647095334,3682.400,3.95757e14,0.7133,3.36403e6,-1.68812e6,4.23470e-9
1489179570,27723234.11880767,31397869.1079045,3674.635,4.02448e14,0.9653,3.38182e6,-1.68287e6,4.22153e-9
1489179600,27741648.749986257,31408478.46703115,3666.830,3.96791e14,0.4539,3.34745e6,-1.67761e6,4.20835e-9
1489179630,27760055.08199794,31419039.650394563,3658.985,3.99947e14,0.3377,3.35019e6,-1.67236e6,4.19515e-9
1489179660,27778452.82259527,31429552.584454313,3651.100,4.03580e14,1.2493,3.35484e6,-1.66709e6,4.18194e-9
1489179690,27796841.680839162,31440017.196175717,3643.176,3.95088e14,0.8812,3.30883e6,-1.66182e6,4.16871e-9
1489179720,27815221.367108095,31450433.413038008,3635.212,3.96495e14,0.5283,3.30417e6,-1.65655e6,4.15547e-9
1489179750,27833591.59309636,31460801.163031936,3627.210,3.96373e14,0.5587,3.29314e6,-1.65127e6,4.14222e-9
1489179780,27851952.071811933,31471120.374657445,3619.168,3.89093e14,2.3852,3.25254e6,-1.64599e6,4.12896e-9
1489179810,27870302.51757457,31481390.976921484,3611.088,3.95520e14,0.7728,3.26854e6,-1.64070e6,4.11569e-9
1489179840,27888642.64601352,31491612.89933556,3602.970,4.00799e14,0.5514,3.27964e6,-1.63541e6,4.10240e-9
1489179870,27906972.174065568,31501786.07191357,3594.814,4.01979e14,0.8476,3.27384e6,-1.63011e6,4.08911e-9
1489179900,27925290.819972616,31511910.425169505,3586.620,4.10426e14,2.9667,3.29762e6,-1.62481e6,4.07580e-9
1489179930,27943598.303291783,31521985.890122287,3578.388,4.09226e14,2.6658,3.28198e6,-1.61950e6,4.06248e-9
1489179960,27961894.344855487,31532012.39827162,3570.118,4.00399e14,0.4512,3.23547e6,-1.61419e6,4.04915e-9
1489179990,27980178.666806478,31541989.881617747,3561.811,4.00272e14,0.4194,3.22430e6,-1.60888e6,4.03582e-9
1489180020,27998450.992583513,31551918.272652138,3553.467,4.01675e14,0.7714,3.21928e6,-1.60356e6,4.02247e-9
1489180050,28016711.046918944,31561797.504355375,3545.086,4.02158e14,0.8925,3.21053e6,-1.59823e6,4.00911e-9
1489180080,28034958.5558363,31571627.51019499,3536.669,3.99903e14,0.3267,3.19082e6,-1.59291e6,3.99574e-9
1489180110,28053193.24664795,31581408.224123366,3528.215,4.03812e14,1.3076,3.19571e6,-1.58758e6,3.98237e-9
1489180140,28071414.847952455,31591139.580575556,3519.725,4.06239e14,1.9164,3.19460e6,-1.58225e6,3.96898e-9
1489180170,28089623.089632142,31600821.514467247,3511.198,3.98144e14,0.1146,3.15180e6,-1.57691e6,3.95559e-9
1489180200,28107817.70285052,31610453.96119258,3502.636,3.96057e14,0.6380,3.13290e6,-1.57157e6,3.94219e-9
1489180230,28125998.420040544,31620036.856609643,3494.038,3.96134e14,0.6189,3.12255e6,-1.56623e6,3.92878e-9
1489180260,28144164.974929858,31629570.13707683,3485.405,3.93701e14,1.2293,3.10236e6,-1.56088e6,3.91536e-9
1489180290,28162317.102510296,31639053.73941217,3476.737,4.02902e14,1.0793,3.12763e6,-1.55553e6,3.90193e-9
1489180320,28180454.539043996,31648487.60090367,3468.033,4.00045e14,0.3624,3.10575e6,-1.55018e6,3.88850e-9
1489180350,28198577.022060566,31657871.659307197,3459.295,4.02765e14,1.0447,3.10556e6,-1.54482e6,3.87506e-9
1489180380,28216684.290354125,31667205.8528443,3450.522,4.07141e14,2.1425,3.11169e6,-1.53947e6,3.86162e-9
1489180410,28234776.08398047,31676490.12020016,3441.714,4.03092e14,1.1269,3.08527e6,-1.53411e6,3.84816e-9
1489180440,28252852.144253943,31685724.40052144,3432.872,4.03586e14,1.2508,3.07637e6,-1.52874e6,3.83470e-9
1489180470,28270912.213744506,31694908.633414242,3423.996,4.03499e14,1.2289,3.06524e6,-1.52338e6,3.82124e-9
1489180500,28288956.036274593,31704042.75894206,3415.087,4.00811e14,0.5546,3.04420e6,-1.51801e6,3.80777e-9
1489180530,28306983.35691991,31713126.717642937,3406.143,3.91279e14,1.8368,2.99726e6,-1.51264e6,3.79429e-9
1489180560,28324993.921994496,31722160.450468257,3397.167,3.90878e14,1.9374,2.98510e6,-1.50727e6,3.78080e-9
1489180590,28342987.47905926,31731143.898840237,3388.156,3.97814e14,0.1974,3.00058e6,-1.50189e6,3.76732e-9
1489180620,28360963.776915032,31740077.004630737,3379.113,4.03922e14,1.3350,3.01277e6,-1.49651e6,3.75382e-9
1489180650,28378922.565599393,31748959.710159607,3370.037,4.00558e14,0.4912,2.98935e6,-1.49114e6,3.74032e-9
1489180680,28396863.59638333,31757791.958192766,3360.928,3.93401e14,1.3044,2.95189e6,-1.48576e6,3.72682e-9
1489180710,28414786.621768136,31766573.69194056,3351.787,4.00338e14,0.4360,2.96695e6,-1.48037e6,3.71331e-9
1489180740,28432691.395482,31775304.855055965,3342.613,4.06982e14,2.1026,2.98074e6,-1.47499e6,3.69980e-9
1489180770,28450577.6724767,31783985.39163277,3333.408,3.96965e14,0.4103,2.93293e6,-1.46960e6,3.68629e-9
1489180800,28468445.20892431,31792615.246203918,3324.170,3.95823e14,0.6968,2.91798e6,-1.46422e6,3.67277e-9
1489180830,28486293.76221664,31801194.363719836,3314.901,3.96383e14,0.5563,2.90929e6,-1.45883e6,3.65924e-9
1489180860,28504123.090953015,31809722.689608086,3305.600,3.96480e14,0.5321,2.89889e6,-1.45344e6,3.64571e-9
1489180890,28521932.95494581,31818200.169710044,3296.267,4.01677e14,0.7719,2.90701e6,-1.44804e6,3.63218e-9
1489180920,28539723.11521405,31826626.750298947,3286.904,3.96508e14,0.5250,2.87747e6,-1.44265e6,3.61865e-9
1489180950,28557493.33398005,31835002.378078032,3277.509,3.99203e14,0.1511,2.87643e6,-1.43726e6,3.60511e-9
1489180980,28575243.3746658,31843327.000178628,3268.084,4.06134e14,1.8900,2.89052e6,-1.43186e6,3.59157e-9
1489181010,28592973.0018896,31851600.56415837,3258.628,3.98900e14,0.0752,2.85374e6,-1.42646e6,3.57803e-9
1489181040,28610681.981462393,31859823.017999265,3249.141,3.90415e14,2.0535,2.81270e6,-1.42107e6,3.56449e-9
1489181070,28628370.08038433,31867994.31010587,3239.624,3.96852e14,0.4386,2.82487e6,-1.41567e6,3.55094e-9
1489181100,28646037.06684106,31876114.38930348,3230.077,3.99468e14,0.2178,2.82335e6,-1.41027e6,3.53739e-9
1489181130,28663682.71018895,31884183.204847667,3220.500,3.93319e14,1.3250,2.79086e6,-1.40487e6,3.52384e-9
1489181160,28681306.780986104,31892200.706387483,3210.894,3.95476e14,0.7837,2.78770e6,-1.39947e6,3.51029e-9
1489181190,28698909.05095382,31900166.843998753,3201.258,4.01035e14,0.6108,2.79638e6,-1.39407e6,3.49673e-9
1489181220,28716489.292984154,31908081.568171132,3191.592,3.96965e14,0.4102,2.77136e6,-1.38866e6,3.48318e-9
1489181250,28734047.281136103,31915944.829806365,3181.898,3.95269e14,0.8358,2.75469e6,-1.38326e6,3.46962e-9
1489181280,28751582.790631823,31923756.58021675,3172.174,4.01820e14,0.8077,2.76657e6,-1.37786e6,3.45606e-9
1489181310,28769095.597852796,31931516.771123517,3162.421,4.04053e14,1.3680,2.76341e6,-1.37246e6,3.44250e-9
1489181340,28786585.480336048,31939225.354655255,3152.640,3.97197e14,0.3522,2.72901e6,-1.36705e6,3.42894e-9
1489181370,28804052.21677022,31946882.28334632,3142.830,3.85497e14,3.2874,2.67826e6,-1.36165e6,3.41538e-9
1489181400,28821495.586991843,31954487.510135423,3132.992,3.83663e14,3.7474,2.66139e6,-1.35624e6,3.40182e-9
1489181430,28838915.372000504,31962040.988368344,3123.126,3.87394e14,2.8115,2.66343e6,-1.35084e6,3.38825e-9
1489181460,28856311.35389604,31969542.671783045,3113.231,4.01147e14,0.6388,2.69918e6,-1.34543e6,3.37469e-9
1489181490,28873683.315933976,31976992.514521707,3103.309,4.03811e14,1.3071,2.69729e6,-1.34003e6,3.36113e-9
1489181520,28891031.042502575,31984390.47112491,3093.359,4.03261e14,1.1693,2.68457e6,-1.33462e6,3.34757e-9
1489181550,28908354.3191191,31991736.49653021,3083.382,3.99446e14,0.2120,2.66097e6,-1.32922e6,3.33400e-9
1489181580,28925652.932426047,31999030.54607067,3073.378,3.91335e14,1.8227,2.62322e6,-1.32381e6,3.32044e-9
1489181610,28942926.67018746,32006272.575473513,3063.346,3.99389e14,0.1977,2.63914e6,-1.31841e6,3.30688e-9
1489181640,28960175.32128506,32013462.540858645,3053.287,4.03893e14,1.3278,2.64315e6,-1.31300e6,3.29332e-9
