Timestamp,R_A,R_B,Delta_H_km,GM,Error_Pct,Term_Time,Term_Kinetic,Term_Potential
1489450830,23662956.99263469,27127105.830907766,3464.149,3.97283e14,0.3304,4.29429e6,-2.15029e6,5.39665e-9
1489450860,23669367.474081356,27145616.48010812,3476.249,4.01987e14,0.8497,4.33063e6,-2.15574e6,5.41034e-9
1489450890,23675874.80943225,27164128.979661774,3488.254,3.99518e14,0.2302,4.32804e6,-2.16112e6,5.42383e-9
1489450920,23682478.7430409,27182642.994392507,3500.164,4.00284e14,0.4223,4.34281e6,-2.16641e6,5.43713e-9
1489450950,23689179.01584789,27201158.190460667,3511.979,3.97424e14,0.2952,4.33768e6,-2.17163e6,5.45023e-9
1489450980,23695975.365407456,27219674.235363953,3523.699,3.91300e14,1.8314,4.31449e6,-2.17677e6,5.46313e-9
1489451010,23702867.52591446,27238190.79793828,3535.323,3.95261e14,0.8377,4.34621e6,-2.18183e6,5.47583e-9
1489451040,23709855.2282315,27256707.548358254,3546.852,3.98674e14,0.0186,4.37487e6,-2.18681e6,5.48834e-9
1489451070,23716938.19991634,27275224.15813783,3558.286,3.97625e14,0.2447,4.37891e6,-2.19172e6,5.50065e-9
1489451100,23724116.165249564,27293740.30013071,3569.624,3.98545e14,0.0140,4.39363e6,-2.19654e6,5.51276e-9
1489451130,23731388.845251877,27312255.648513313,3580.867,3.98506e14,0.0237,4.40291e6,-2.20129e6,5.52468e-9
1489451160,23738755.957744967,27330769.878838565,3592.014,4.02642e14,1.0140,4.43516e6,-2.20596e6,5.53641e-9
1489451190,23746217.21734698,27349282.667982407,3603.065,3.98883e14,0.0708,4.42354e6,-2.21056e6,5.54794e-9
1489451220,23753772.335511576,27367793.694160994,3614.021,3.94605e14,1.0024,4.40879e6,-2.21508e6,5.55928e-9
1489451250,23761421.020556703,27386302.636930585,3624.882,3.96462e14,0.5366,4.42797e6,-2.21951e6,5.57042e-9
1489451280,23769162.97769345,27404809.17718725,3635.646,3.95107e14,0.8765,4.42912e6,-2.22388e6,5.58137e-9
1489451310,23776997.90905524,27423312.997166537,3646.315,3.98485e14,0.0290,4.45654e6,-2.22816e6,5.59213e-9
1489451340,23784925.513727028,27441813.78044299,3656.888,4.02018e14,0.8575,4.48476e6,-2.23237e6,5.60270e-9
1489451370,23792945.48777486,27460311.21192967,3667.366,3.92396e14,1.5567,4.43905e6,-2.23651e6,5.61307e-9
1489451400,23801057.524275545,27478804.97787753,3677.747,3.90136e14,2.1235,4.43440e6,-2.24057e6,5.62326e-9
1489451430,23809261.313348994,27497294.765890364,3688.033,3.99574e14,0.2442,4.49545e6,-2.24455e6,5.63325e-9
1489451460,23817556.542180546,27515780.264875934,3698.224,3.97728e14,0.2188,4.49286e6,-2.24845e6,5.64305e-9
1489451490,23825942.895059,27534261.165093396,3708.318,3.96364e14,0.5612,4.49280e6,-2.25229e6,5.65267e-9
1489451520,23834420.05340443,27552737.158136945,3718.317,3.98972e14,0.0932,4.51506e6,-2.25604e6,5.66209e-9
1489451550,23842987.695798784,27571207.936934907,3728.220,4.01632e14,0.7606,4.53751e6,-2.25972e6,5.67133e-9
1489451580,23851645.49801662,27589673.195748914,3738.028,4.00819e14,0.5566,4.54013e6,-2.26333e6,5.68038e-9
1489451610,23860393.13305592,27608132.63017286,3747.739,3.95285e14,0.8318,4.51573e6,-2.26686e6,5.68925e-9
1489451640,23869230.27116921,27626585.937131934,3757.356,3.95122e14,0.8726,4.52170e6,-2.27032e6,5.69792e-9
1489451670,23878156.579894632,27645032.81488143,3766.876,3.96328e14,0.5700,4.53532e6,-2.27370e6,5.70642e-9
1489451700,23887171.72408727,27663472.96300559,3776.301,3.99439e14,0.2103,4.55970e6,-2.27701e6,5.71472e-9
1489451730,23896275.36596076,27681906.08240531,3785.631,4.00310e14,0.4288,4.57116e6,-2.28025e6,5.72285e-9
1489451760,23905467.165087424,27700331.875330854,3794.865,3.94683e14,0.9827,4.54526e6,-2.28342e6,5.73078e-9
1489451790,23914746.778461426,27718750.04534632,3804.003,3.98748e14,0.0371,4.57474e6,-2.28651e6,5.73854e-9
1489451820,23924113.860520404,27737160.297339194,3813.046,4.00115e14,0.3799,4.58863e6,-2.28953e6,5.74611e-9
1489451850,23933568.06317736,27755562.33751868,3821.994,3.96291e14,0.5793,4.57254e6,-2.29247e6,5.75351e-9
1489451880,23943109.03585269,27773955.873414017,3830.847,4.00266e14,0.4177,4.60116e6,-2.29535e6,5.76072e-9
1489451910,23952736.425506305,27792340.61387268,3839.604,3.98716e14,0.0291,4.59785e6,-2.29815e6,5.76775e-9
1489451940,23962449.876669742,27810716.269058663,3848.266,3.96372e14,0.5591,4.58977e6,-2.30088e6,5.77460e-9
1489451970,23972249.031478405,27829082.550450455,3856.834,4.02075e14,0.8717,4.62804e6,-2.30354e6,5.78127e-9
1489452000,23982133.529703822,27847439.170839228,3865.306,3.99641e14,0.2611,4.61916e6,-2.30613e6,5.78776e-9
1489452030,23992103.008764375,27865785.84433335,3873.683,3.97828e14,0.1937,4.61370e6,-2.30865e6,5.79408e-9
1489452060,24002157.103824303,27884122.286336064,3881.965,3.97354e14,0.3126,4.61584e6,-2.31110e6,5.80022e-9
1489452090,24012295.44775924,27902448.213563602,3890.153,4.00597e14,0.5008,4.63941e6,-2.31347e6,5.80618e-9
1489452120,24022517.671210174,27920763.34403656,3898.246,4.00456e14,0.4654,4.64322e6,-2.31578e6,5.81197e-9
1489452150,24032823.40261567,27939067.397077713,3906.244,3.96816e14,0.4477,4.62653e6,-2.31802e6,5.81758e-9
1489452180,24043212.268244274,27957360.093309805,3914.148,4.00965e14,0.5931,4.65502e6,-2.32019e6,5.82302e-9
1489452210,24053683.892226785,27975641.154653322,3921.957,4.00102e14,0.3766,4.65420e6,-2.32229e6,5.82829e-9
1489452240,24064237.896588694,27993910.304324098,3929.672,3.99353e14,0.1889,4.65390e6,-2.32432e6,5.83339e-9
1489452270,24074873.901282553,28012167.26683107,3937.293,3.96031e14,0.6447,4.63843e6,-2.32629e6,5.83831e-9
1489452300,24085591.524220373,28030411.76797378,3944.820,3.93443e14,1.2938,4.62710e6,-2.32818e6,5.84306e-9
1489452330,24096390.381328102,28048643.534835443,3952.253,3.97246e14,0.3398,4.65296e6,-2.33001e6,5.84764e-9
1489452360,24107270.086510137,28066862.29579426,3959.592,3.95798e14,0.7030,4.64801e6,-2.33177e6,5.85206e-9
1489452390,24118230.251749884,28085067.78050723,3966.838,3.98957e14,0.0894,4.66988e6,-2.33346e6,5.85630e-9
1489452420,24129270.48712037,28103259.719911758,3973.989,4.01001e14,0.6023,4.68511e6,-2.33509e6,5.86038e-9
1489452450,24140390.400816817,28121437.846223213,3981.047,3.99725e14,0.2821,4.68076e6,-2.33665e6,5.86429e-9
1489452480,24151589.59918921,28139601.892931953,3988.012,4.01825e14,0.8089,4.69607e6,-2.33815e6,5.86804e-9
1489452510,24162867.686775044,28157751.594800815,3994.884,3.98912e14,0.0781,4.68183e6,-2.33958e6,5.87162e-9
1489452540,24174224.26633172,28175886.687862135,4001.662,3.99508e14,0.2277,4.68806e6,-2.34094e6,5.87503e-9
1489452570,24185658.938869227,28194006.909414995,4008.348,3.98921e14,0.0804,4.68721e6,-2.34224e6,5.87829e-9
1489452600,24197171.303682555,28212111.99802224,4014.941,3.98292e14,0.0775,4.68598e6,-2.34347e6,5.88138e-9
1489452630,24208760.958376642,28230201.693513166,4021.441,3.98118e14,0.1210,4.68729e6,-2.34464e6,5.88430e-9
1489452660,24220427.498922125,28248275.73696356,4027.848,3.95268e14,0.8360,4.67272e6,-2.34575e6,5.88707e-9
1489452690,24232170.519664265,28266333.87070956,4034.163,3.95791e14,0.7049,4.67787e6,-2.34679e6,5.88968e-9
1489452720,24243989.61336274,28284375.838339265,4040.386,3.99546e14,0.2373,4.70195e6,-2.34777e6,5.89213e-9
1489452750,24255884.371223815,28302401.38468967,4046.517,4.04315e14,1.4338,4.73189e6,-2.34868e6,5.89442e-9
1489452780,24267854.38293238,28320410.25584359,4052.556,4.03881e14,1.3248,4.73104e6,-2.34954e6,5.89655e-9
1489452810,24279899.236683995,28338402.199126575,4058.503,4.02414e14,0.9566,4.72398e6,-2.35033e6,5.89853e-9
1489452840,24292018.519216742,28356376.963103708,4064.358,3.98253e14,0.0871,4.70089e6,-2.35106e6,5.90035e-9
1489452870,24304211.81584307,28374334.297576483,4070.122,3.94793e14,0.9551,4.68180e6,-2.35172e6,5.90201e-9
1489452900,24316478.710481435,28392273.953579564,4075.795,3.97907e14,0.1739,4.70139e6,-2.35233e6,5.90353e-9
1489452930,24328818.78567893,28410195.683366597,4081.377,3.97103e14,0.3757,4.69772e6,-2.35287e6,5.90489e-9
1489452960,24341231.622670658,28428099.24044072,4086.868,3.99979e14,0.3457,4.71567e6,-2.35336e6,5.90609e-9
1489452990,24353716.801383097,28445984.37951737,4092.268,4.03852e14,1.3176,4.73940e6,-2.35378e6,5.90715e-9
1489453020,24366273.90047442,28463850.85653186,4097.577,4.00687e14,0.5234,4.72142e6,-2.35415e6,5.90805e-9
1489453050,24378902.49736557,28481698.42863591,4102.796,3.99271e14,0.1682,4.71367e6,-2.35445e6,5.90881e-9
1489453080,24391602.16827127,28499526.85419413,4107.925,3.95333e14,0.8196,4.69089e6,-2.35470e6,5.90942e-9
1489453110,24404372.488230873,28517335.892780688,4112.963,3.98925e14,0.0813,4.71248e6,-2.35488e6,5.90987e-9
1489453140,24417213.03113919,28535125.30517564,4117.912,4.01124e14,0.6330,4.72573e6,-2.35501e6,5.91019e-9
1489453170,24430123.369777054,28552894.853361513,4122.771,3.87994e14,2.6608,4.64827e6,-2.35508e6,5.91035e-9
1489453200,24443103.0758419,28570644.30051975,4127.541,3.91828e14,1.6990,4.67095e6,-2.35509e6,5.91038e-9
1489453230,24456151.719992504,28588373.411049094,4132.222,3.98523e14,0.0193,4.71042e6,-2.35505e6,5.91025e-9
1489453260,24469268.871834945,28606081.95049427,4136.813,3.96741e14,0.4666,4.69968e6,-2.35495e6,5.90999e-9
1489453290,24482454.099997345,28623769.68561043,4141.316,4.01568e14,0.7445,4.72789e6,-2.35479e6,5.90958e-9
1489453320,24495706.97214551,28641436.38433761,4145.729,3.99002e14,0.1008,4.71229e6,-2.35457e6,5.90903e-9
1489453350,24509027.05501298,28659081.815797426,4150.055,4.00634e14,0.5102,4.72138e6,-2.35430e6,5.90834e-9
1489453380,24522413.91443084,28676705.75028944,4154.292,4.04609e14,1.5075,4.74421e6,-2.35398e6,5.90751e-9
1489453410,24535867.11535749,28694307.959287744,4158.441,4.00617e14,0.5060,4.71986e6,-2.35360e6,5.90654e-9
1489453440,24549386.221908145,28711888.215437397,4162.502,3.95551e14,0.7651,4.68906e6,-2.35316e6,5.90544e-9
1489453470,24562970.797384303,28729446.292550877,4166.475,3.94692e14,0.9805,4.68301e6,-2.35267e6,5.90419e-9
1489453500,24576620.40430299,28746981.965604458,4170.362,3.96804e14,0.4507,4.69438e6,-2.35212e6,5.90282e-9
1489453530,24590334.604419842,28764495.010698784,4174.160,4.00104e14,0.3773,4.71266e6,-2.35152e6,5.90130e-9
1489453560,24604112.958776716,28781985.205165595,4177.872,3.99471e14,0.2184,4.70761e6,-2.35087e6,5.89966e-9
1489453590,24617955.027711503,28799452.32745334,4181.497,3.97327e14,0.3195,4.69355e6,-2.35017e6,5.89788e-9
1489453620,24631860.37089287,28816896.157159027,4185.036,3.96830e14,0.4442,4.68910e6,-2.34941e6,5.89596e-9
1489453650,24645828.547348637,28834316.47502412,4188.488,3.95458e14,0.7884,4.67940e6,-2.34860e6,5.89392e-9
1489453680,24659859.115493935,28851713.062930614,4191.854,3.97245e14,0.3400,4.68821e6,-2.34774e6,5.89175e-9
1489453710,24673951.63315929,28869085.703896936,4195.134,3.98617e14,0.0041,4.69446e6,-2.34682e6,5.88944e-9
1489453740,24688105.657618407,28886434.182073824,4198.329,3.98267e14,0.0837,4.69046e6,-2.34586e6,5.88701e-9
1489453770,24702320.745615806,28903758.282740403,4201.438,4.00653e14,0.5149,4.70247e6,-2.34484e6,5.88445e-9
1489453800,24716596.45339432,28921057.792299993,4204.461,4.02252e14,0.9161,4.70973e6,-2.34378e6,5.88176e-9
1489453830,24730932.336717978,28938332.4983209,4207.400,3.98744e14,0.0360,4.68686e6,-2.34266e6,5.87895e-9
1489453860,24745327.95091233,28955582.189394396,4210.254,3.98123e14,0.1197,4.68087e6,-2.34150e6,5.87601e-9
1489453890,24759782.850878358,28972806.65526896,4213.024,3.97334e14,0.3178,4.67380e6,-2.34028e6,5.87295e-9
1489453920,24774296.591123182,28990005.686801843,4215.709,3.98827e14,0.0569,4.68004e6,-2.33902e6,5.86977e-9
1489453950,24788868.72578658,29007179.07595542,4218.310,3.99681e14,0.2711,4.68242e6,-2.33770e6,5.86646e-9
1489453980,24803498.808667213,29024326.615793474,4220.828,3.99780e14,0.2960,4.68027e6,-2.33634e6,5.86304e-9
1489454010,24818186.393248677,29041448.1004776,4223.262,3.98338e14,0.0659,4.66899e6,-2.33493e6,5.85949e-9
1489454040,24832931.032725357,29058543.325263485,4225.612,3.98134e14,0.1170,4.66488e6,-2.33348e6,5.85582e-9
1489454070,24847732.280028045,29075612.086497225,4227.880,3.99950e14,0.3386,4.67250e6,-2.33197e6,5.85204e-9
1489454100,24862589.68784943,29092654.181611575,4230.064,3.98454e14,0.0368,4.66063e6,-2.33042e6,5.84813e-9
1489454130,24877502.808679495,29109669.40908069,4232.167,3.98700e14,0.0251,4.65888e6,-2.32883e6,5.84411e-9
1489454160,24892471.194799263,29126657.56854457,4234.186,4.02970e14,1.0961,4.68052e6,-2.32718e6,5.83998e-9
1489454190,24907494.398336805,29143618.460676864,4236.124,4.02550e14,0.9909,4.67467e6,-2.32550e6,5.83573e-9
1489454220,24922571.97128188,29160551.88722226,4237.980,3.95798e14,0.7030,4.63181e6,-2.32376e6,5.83137e-9
1489454250,24937703.46551045,29177457.650992364,4239.754,3.92005e14,1.6546,4.60615e6,-2.32198e6,5.82689e-9
1489454280,24952888.432809006,29194335.555861503,4241.447,3.95503e14,0.7772,4.62289e6,-2.32016e6,5.82230e-9
1489454310,24968126.42489859,29211185.4067626,4243.059,3.97507e14,0.2744,4.63083e6,-2.31829e6,5.81760e-9
1489454340,24983416.993458718,29228007.00968292,4244.590,3.99555e14,0.2396,4.63891e6,-2.31638e6,5.81279e-9
1489454370,24998759.690151,29244800.17165986,4246.040,4.01878e14,0.8223,4.64848e6,-2.31442e6,5.80787e-9
1489454400,25014154.06664264,29261564.70077671,4247.411,3.98800e14,0.0500,4.62660e6,-2.31243e6,5.80284e-9
1489454430,25029599.674617194,29278300.406184908,4248.701,3.96822e14,0.4462,4.61104e6,-2.31038e6,5.79771e-9
1489454460,25045096.065835726,29295007.098018542,4249.911,3.97310e14,0.3237,4.60971e6,-2.30830e6,5.79247e-9
1489454490,25060642.7921216,29311684.58747133,4251.042,3.98596e14,0.0011,4.61290e6,-2.30617e6,5.78712e-9
1489454520,25076239.40539514,29328332.686766446,4252.093,3.97193e14,0.3531,4.60044e6,-2.30401e6,5.78167e-9
1489454550,25091885.45769594,29344951.20915253,4253.066,3.96179e14,0.6076,4.59017e6,-2.30180e6,5.77611e-9
1489454580,25107580.501204845,29361539.968899712,4253.959,3.97898e14,0.1762,4.59560e6,-2.29955e6,5.77045e-9
1489454610,25123324.088265806,29378098.781295724,4254.775,3.98218e14,0.0960,4.59286e6,-2.29726e6,5.76469e-9
1489454640,25139115.771407407,29394627.462641884,4255.512,3.98882e14,0.0706,4.59201e6,-2.29492e6,5.75882e-9
1489454670,25154955.10336426,29411125.830249276,4256.171,3.99870e14,0.3185,4.59295e6,-2.29255e6,5.75286e-9
1489454700,25170841.637098145,29427593.702434745,4256.752,3.97706e14,0.2244,4.57568e6,-2.29014e6,5.74680e-9
1489454730,25186774.925832488,29444030.898511004,4257.256,3.96474e14,0.5334,4.56371e6,-2.28769e6,5.74064e-9
1489454760,25202754.523031354,29460437.238801233,4257.683,3.99529e14,0.2330,4.57625e6,-2.28520e6,5.73438e-9
1489454790,25218779.982461605,29476812.544616938,4258.033,3.99442e14,0.2112,4.57069e6,-2.28267e6,5.72802e-9
1489454820,25234850.85819988,29493156.63825982,4258.306,3.93328e14,1.3227,4.53056e6,-2.28011e6,5.72157e-9
1489454850,25250966.704652682,29509469.343017828,4258.503,3.96982e14,0.4060,4.54626e6,-2.27750e6,5.71502e-9
1489454880,25267127.076576322,29525750.483161185,4258.623,4.01442e14,0.7128,4.56644e6,-2.27486e6,5.70837e-9
1489454910,25283331.52909668,29541999.88393852,4258.668,4.01359e14,0.6921,4.56059e6,-2.27218e6,5.70164e-9
1489454940,25299579.61772868,29558217.37157272,4258.638,4.01440e14,0.7123,4.55559e6,-2.26947e6,5.69481e-9
1489454970,25315870.898395505,29574402.773257073,4258.532,3.91821e14,1.7008,4.49535e6,-2.26671e6,5.68789e-9
1489455000,25332204.927447718,29590555.91715122,4258.351,3.89559e14,2.2683,4.47696e6,-2.26392e6,5.68088e-9
1489455030,25348581.26167172,29606676.632365715,4258.095,3.98298e14,0.0760,4.52095e6,-2.26110e6,5.67377e-9
1489455060,25364999.458340105,29622764.74899346,4257.765,3.98594e14,0.0016,4.51691e6,-2.25824e6,5.66658e-9
1489455090,25381459.07519825,29638820.098069843,4257.361,3.99601e14,0.2509,4.51680e6,-2.25534e6,5.65930e-9
1489455120,25397959.67049259,29654842.51158025,4256.883,3.94793e14,0.9553,4.48376e6,-2.25241e6,5.65194e-9
1489455150,25414500.802988533,29670831.822456077,4256.331,3.93775e14,1.2107,4.47210e6,-2.24945e6,5.64448e-9
1489455180,25431082.031987924,29686787.864570525,4255.706,3.98882e14,0.0705,4.49492e6,-2.24645e6,5.63694e-9
1489455210,25447702.91734651,29702710.472734623,4255.008,4.01962e14,0.8432,4.50618e6,-2.24341e6,5.62932e-9
1489455240,25464363.019491043,29718599.48269307,4254.236,3.95815e14,0.6989,4.46546e6,-2.24035e6,5.62161e-9
1489455270,25481061.899436124,29734454.731120232,4253.393,3.94720e14,0.9735,4.45313e6,-2.23725e6,5.61381e-9
1489455300,25497799.11880097,29750276.055616137,4252.477,4.01628e14,0.7595,4.48561e6,-2.23411e6,5.60594e-9
1489455330,25514574.23982824,29766063.29472373,4251.489,3.98580e14,0.0051,4.46219e6,-2.23095e6,5.59798e-9
1489455360,25531386.825392842,29781816.287859015,4250.429,3.99902e14,0.3265,4.46318e6,-2.22775e6,5.58994e-9
1489455390,25548236.439025417,29797534.875373453,4249.298,3.96982e14,0.4060,4.44040e6,-2.22452e6,5.58182e-9
1489455420,25565122.64492567,29813218.898528583,4248.096,3.96559e14,0.5122,4.43153e6,-2.22126e6,5.57362e-9
1489455450,25582045.007978067,29828868.199492235,4246.823,4.01186e14,0.6487,4.45070e6,-2.21796e6,5.56535e-9
1489455480,25599003.093767166,29844482.62133481,4245.480,3.99997e14,0.3503,4.43742e6,-2.21464e6,5.55699e-9
1489455510,25615996.46859279,29860062.00802551,4244.066,3.96355e14,0.5633,4.41048e6,-2.21128e6,5.54856e-9
1489455540,25633024.699485056,29875606.20442855,4242.582,3.98134e14,0.1170,4.41358e6,-2.20790e6,5.54005e-9
1489455570,25650087.354219053,29891115.056299444,4241.028,3.95998e14,0.6529,4.39493e6,-2.20448e6,5.53146e-9
1489455600,25667184.00132941,29906588.41028118,4239.404,3.96784e14,0.4557,4.39240e6,-2.20104e6,5.52281e-9
1489455630,25684314.210130926,29922026.113879696,4237.712,4.01615e14,0.7562,4.41209e6,-2.19756e6,5.51407e-9
1489455660,25701477.550713334,29937428.01552446,4235.950,3.98739e14,0.0347,4.38922e6,-2.19406e6,5.50527e-9
1489455690,25718673.593974605,29952793.964500014,4234.120,3.97004e14,0.4006,4.37261e6,-2.19052e6,5.49639e-9
1489455720,25735901.9116285,29968123.810962934,4232.222,3.99530e14,0.2331,4.37935e6,-2.18696e6,5.48744e-9
1489455750,25753162.076217994,29983417.40593803,4230.255,4.02775e14,1.0472,4.38994e6,-2.18337e6,5.47841e-9
1489455780,25770453.661128744,29998674.601314273,4228.221,4.00222e14,0.4068,4.36869e6,-2.17975e6,5.46932e-9
1489455810,25787776.2406021,30013895.24984098,4226.119,3.94667e14,0.9868,4.33105e6,-2.17611e6,5.46016e-9
1489455840,25805129.389748063,30029079.205123868,4223.950,3.98016e14,0.1465,4.34199e6,-2.17243e6,5.45093e-9
1489455870,25822512.684558026,30044226.321621064,4221.714,4.01080e14,0.6220,4.35126e6,-2.16873e6,5.44163e-9
1489455900,25839925.701917183,30059336.454639267,4219.411,4.03426e14,1.2107,4.35653e6,-2.16501e6,5.43227e-9
1489455930,25857368.019605175,30074409.46034066,4217.041,4.05286e14,1.6773,4.35905e6,-2.16125e6,5.42284e-9
1489455960,25874839.216344263,30089445.19570558,4214.606,3.97515e14,0.2723,4.30936e6,-2.15747e6,5.41334e-9
1489455990,25892338.871774953,30104443.518562306,4212.105,3.99083e14,0.1211,4.31022e6,-2.15367e6,5.40378e-9
1489456020,25909866.56647924,30119404.287572328,4209.538,4.00376e14,0.4454,4.30952e6,-2.14984e6,5.39415e-9
1489456050,25927421.88199208,30134327.36222663,4206.905,3.99292e14,0.1736,4.29595e6,-2.14598e6,5.38446e-9
1489456080,25945004.400812477,30149212.602841984,4204.208,4.02427e14,0.9600,4.30502e6,-2.14210e6,5.37470e-9
1489456110,25962613.70641453,30164059.870557234,4201.446,4.04267e14,1.4215,4.30703e6,-2.13819e6,5.36489e-9
1489456140,25980249.383258156,30178869.027329564,4198.620,4.00532e14,0.4847,4.27911e6,-2.13426e6,5.35501e-9
1489456170,25997911.0167997,30193639.935930856,4195.729,3.96168e14,0.6103,4.24785e6,-2.13030e6,5.34507e-9
1489456200,26015598.193502374,30208372.459944062,4192.774,3.99056e14,0.1144,4.25532e6,-2.12632e6,5.33507e-9
1489456230,26033310.50086005,30223066.463761058,4189.756,3.96954e14,0.4131,4.23610e6,-2.12232e6,5.32501e-9
1489456260,26051047.52736512,30237721.812574297,4186.674,3.99158e14,0.1400,4.23978e6,-2.11829e6,5.31490e-9
1489456290,26068808.862560812,30252338.372377947,4183.530,4.01510e14,0.7299,4.24414e6,-2.11424e6,5.30472e-9
1489456320,26086594.09703711,30266916.009962793,4180.322,3.94882e14,0.9329,4.20087e6,-2.11017e6,5.29449e-9
1489456350,26104402.822440382,30281454.592912626,4177.052,3.90221e14,2.1022,4.16808e6,-2.10607e6,5.28420e-9
1489456380,26122234.631482717,30295953.98960068,4173.719,3.94852e14,0.9404,4.18435e6,-2.10196e6,5.27386e-9
1489456410,26140089.11795117,30310414.06918617,4170.325,3.98793e14,0.0482,4.19684e6,-2.09782e6,5.26346e-9
1489456440,26157965.876716763,30324834.701610655,4166.869,4.00673e14,0.5201,4.19839e6,-2.09365e6,5.25300e-9
1489456470,26175864.50374332,30339215.757594537,4163.351,4.03087e14,1.1257,4.20265e6,-2.08947e6,5.24249e-9
1489456500,26193784.596096076,30353557.10863355,4159.773,4.02390e14,0.9508,4.19054e6,-2.08527e6,5.23193e-9
1489456530,26211725.751937374,30367858.626987748,4156.133,3.96913e14,0.4233,4.15345e6,-2.08104e6,5.22131e-9
1489456560,26229687.57057454,30382120.18570111,4152.433,3.96198e14,0.6027,4.14124e6,-2.07679e6,5.21064e-9
1489456590,26247669.652428098,30396341.65857483,4148.672,3.97879e14,0.1809,4.14147e6,-2.07253e6,5.19992e-9
1489456620,26265671.599052522,30410522.920171265,4144.851,3.96208e14,0.6003,4.12422e6,-2.06824e6,5.18915e-9
1489456650,26283693.01314388,30424663.845810425,4140.971,4.01185e14,0.6484,4.14140e6,-2.06393e6,5.17833e-9
1489456680,26301733.498547312,30438764.31156639,4137.031,4.02913e14,1.0819,4.14164e6,-2.05960e6,5.16746e-9
1489456710,26319792.660264328,30452824.194263823,4133.032,3.99426e14,0.2070,4.11491e6,-2.05526e6,5.15654e-9
1489456740,26337870.104459908,30466843.371474463,4128.973,3.98570e14,0.0077,4.10176e6,-2.05089e6,5.14558e-9
1489456770,26355965.438469518,30480821.72151359,4124.856,4.06529e14,1.9892,4.13385e6,-2.04650e6,5.13456e-9
1489456800,26374078.27080585,30494759.123436544,4120.681,4.05013e14,1.6087,4.11718e6,-2.04210e6,5.12350e-9
1489456830,26392208.2111769,30508655.457042642,4116.447,3.93867e14,1.1875,4.05128e6,-2.03768e6,5.11239e-9
1489456860,26410354.87045718,30522510.60284892,4112.156,3.98010e14,0.1482,4.06358e6,-2.03323e6,5.10123e-9
1489456890,26428517.86072952,30536324.44210959,4107.807,4.02589e14,1.0006,4.07797e6,-2.02878e6,5.09003e-9
1489456920,26446696.79527979,30550096.856805235,4103.400,3.94054e14,1.1405,4.02562e6,-2.02430e6,5.07879e-9
1489456950,26464891.288603023,30563827.729639433,4098.936,3.92109e14,1.6285,4.00681e6,-2.01980e6,5.06749e-9
1489456980,26483100.95640928,30577516.944035426,4094.416,4.01440e14,0.7123,4.04504e6,-2.01529e6,5.05616e-9
1489457010,26501325.415629543,30591164.384132773,4089.839,4.06804e14,2.0581,4.06300e6,-2.01076e6,5.04478e-9
1489457040,26519564.28442124,30604769.934784047,4085.206,4.02943e14,1.0895,4.03437e6,-2.00621e6,5.03336e-9
1489457070,26537817.182173725,30618333.481551435,4080.516,3.95530e14,0.7703,3.98796e6,-2.00165e6,5.02190e-9
1489457100,26556083.72951361,30631854.910703555,4075.771,3.95999e14,0.6526,3.98119e6,-1.99707e6,5.01040e-9
1489457130,26574363.54829862,30645334.109203465,4070.971,3.99386e14,0.1972,3.98895e6,-1.99248e6,4.99886e-9
1489457160,26592656.26165738,30658770.964732036,4066.115,4.00447e14,0.4632,3.98500e6,-1.98786e6,4.98727e-9
1489457190,26610961.49395941,30672165.365657926,4061.204,3.98333e14,0.0671,3.96520e6,-1.98323e6,4.97565e-9
1489457220,26629278.870830912,30685517.201042946,4056.238,3.94435e14,1.0451,3.93656e6,-1.97859e6,4.96399e-9
1489457250,26647608.019159324,30698826.360638782,4051.218,3.94686e14,0.9820,3.92853e6,-1.97393e6,4.95229e-9
1489457280,26665948.5670976,30712092.73488363,4046.144,3.97101e14,0.3762,3.93115e6,-1.96926e6,4.94055e-9
1489457310,26684300.144068357,30725316.21489903,4041.016,4.01536e14,0.7364,3.94364e6,-1.96457e6,4.92877e-9
1489457340,26702662.380767934,30738496.69248656,4035.834,4.03576e14,1.2482,3.94423e6,-1.95986e6,4.91695e-9
1489457370,26721034.909170244,30751634.060124584,4030.599,4.01210e14,0.6547,3.92312e6,-1.95514e6,4.90510e-9
1489457400,26739417.36253055,30764728.210965067,4025.311,3.99274e14,0.1690,3.90415e6,-1.95041e6,4.89322e-9
1489457430,26757809.375401538,30777779.038843747,4019.970,3.97199e14,0.3515,3.88451e6,-1.94566e6,4.88129e-9
1489457460,26776210.58359849,30790786.438235804,4014.576,3.94352e14,1.0658,3.86114e6,-1.94090e6,4.86934e-9
1489457490,26794620.62424098,30803750.304293986,4009.130,3.99943e14,0.3368,3.87879e6,-1.93613e6,4.85734e-9
1489457520,26813039.135743834,30816670.5328322,4003.631,4.00912e14,0.5799,3.87389e6,-1.93134e6,4.84532e-9
1489457550,26831465.757820304,30829547.020322543,3998.081,3.98685e14,0.0212,3.85348e6,-1.92654e6,4.83326e-9
1489457580,26849900.131485183,30842379.663892206,3992.480,3.98963e14,0.0910,3.84519e6,-1.92172e6,4.82117e-9
1489457610,26868341.89905774,30855168.361320682,3986.826,3.98579e14,0.0054,3.83368e6,-1.91689e6,4.80904e-9
1489457640,26886790.704164628,30867913.01103659,3981.122,4.04276e14,1.4239,3.85132e6,-1.91205e6,4.79688e-9
1489457670,26905246.19174254,30880613.512114864,3975.367,4.01822e14,0.8082,3.82979e6,-1.90720e6,4.78470e-9
1489457700,26923708.00804074,30893269.76427371,3969.562,3.98031e14,0.1429,3.80193e6,-1.90233e6,4.77248e-9
1489457730,26942175.800609663,30905881.66785616,3963.706,3.99591e14,0.2486,3.79960e6,-1.89745e6,4.76023e-9
1489457760,26960649.218346275,30918449.123875093,3957.800,3.97002e14,0.4010,3.77751e6,-1.89256e6,4.74795e-9
1489457790,26979127.911453217,30930972.033962213,3951.844,3.99033e14,0.1086,3.77734e6,-1.88766e6,4.73564e-9
1489457820,26997611.531454686,30943450.300380528,3945.839,3.97780e14,0.2058,3.76158e6,-1.88275e6,4.72330e-9
1489457850,27016099.73119837,30955883.826021355,3939.784,3.96187e14,0.6056,3.74423e6,-1.87782e6,4.71093e-9
1489457880,27034592.164857138,30968272.514401264,3933.680,4.01904e14,0.8288,3.76124e6,-1.87289e6,4.69853e-9
1489457910,27053088.48793075,30980616.269659095,3927.528,4.05149e14,1.6429,3.76651e6,-1.86794e6,4.68611e-9
1489457940,27071588.357247353,30992914.996552918,3921.327,3.98957e14,0.0894,3.72757e6,-1.86298e6,4.67366e-9
1489457970,27090091.430964924,31005168.600457046,3915.077,3.96716e14,0.4727,3.70717e6,-1.85801e6,4.66118e-9
1489458000,27108597.368572537,31017376.98735908,3908.780,4.03099e14,1.1286,3.72690e6,-1.85303e6,4.64867e-9
1489458030,27127105.830907766,31029540.0638677,3902.434,4.01591e14,0.7503,3.70987e6,-1.84804e6,4.63614e-9
1489458060,27145616.48010812,31041657.737176478,3896.041,3.98996e14,0.0993,3.68783e6,-1.84304e6,4.62359e-9
1489458090,27164128.979661774,31053729.9150943,3889.601,4.00581e14,0.4968,3.68511e6,-1.83803e6,4.61100e-9
1489458120,27182642.994392507,31065756.50603181,3883.114,3.98395e14,0.0514,3.66499e6,-1.83301e6,4.59840e-9
1489458150,27201158.190460667,31077737.418998506,3876.579,3.90939e14,1.9221,3.62073e6,-1.82798e6,4.58577e-9
1489458180,27219674.235363953,31089672.56360006,3869.998,3.93258e14,1.3402,3.62135e6,-1.82293e6,4.57311e-9
1489458210,27238190.79793828,31101561.85003549,3863.371,4.00954e14,0.5905,3.64641e6,-1.81789e6,4.56043e-9
1489458240,27256707.548358254,31113405.18909447,3856.698,4.00676e14,0.5206,3.63499e6,-1.81283e6,4.54773e-9
1489458270,27275224.15813783,31125202.49215459,3849.978,3.98341e14,0.0650,3.61424e6,-1.80776e6,4.53501e-9
1489458300,27293740.30013071,31136953.671178628,3843.213,3.97783e14,0.2051,3.60156e6,-1.80268e6,4.52226e-9
1489458330,27312255.648513313,31148658.638710618,3836.403,3.99765e14,0.2922,3.60033e6,-1.79760e6,4.50949e-9
1489458360,27330769.878838565,31160317.307877168,3829.547,3.99337e14,0.1848,3.58820e6,-1.79250e6,4.49670e-9
1489458390,27349282.667982407,31171929.59238076,3822.647,3.98466e14,0.0337,3.57407e6,-1.78740e6,4.48389e-9
1489458420,27367793.694160994,31183495.406498395,3815.702,3.99513e14,0.2289,3.56853e6,-1.78229e6,4.47105e-9
1489458450,27386302.636930585,31195014.665079016,3808.712,4.00156e14,0.3902,3.56114e6,-1.77717e6,4.45820e-9
1489458480,27404809.17718725,31206487.2835408,3801.678,3.99842e14,0.3115,3.54947e6,-1.77204e6,4.44533e-9
1489458510,27423312.997166537,31217913.177868616,3794.600,4.01557e14,0.7417,3.54678e6,-1.76690e6,4.43243e-9
1489458540,27441813.78044299,31229292.26461138,3787.478,4.03815e14,1.3082,3.54643e6,-1.76176e6,4.41952e-9
1489458570,27460311.21192967,31240624.46087948,3780.313,4.03581e14,1.2494,3.53503e6,-1.75661e6,4.40659e-9
1489458600,27478804.97787753,31251909.68434217,3773.105,3.99820e14,0.3059,3.50812e6,-1.75145e6,4.39364e-9
1489458630,27497294.765890364,31263147.85321793,3765.853,3.98372e14,0.0574,3.49142e6,-1.74629e6,4.38067e-9
1489458660,27515780.264875934,31274338.886293735,3758.559,4.02574e14,0.9969,3.49943e6,-1.74112e6,4.36769e-9
1489458690,27534261.165093396,31285482.70290062,3751.222,3.97308e14,0.3244,3.46608e6,-1.73594e6,4.35468e-9
1489458720,27552737.158136945,31296579.222918175,3743.842,3.94232e14,1.0960,3.44237e6,-1.73075e6,4.34166e-9
1489458750,27571207.936934907,31307628.366771907,3736.420,3.98640e14,0.0098,3.45112e6,-1.72556e6,4.32862e-9
1489458780,27589673.195748914,31318630.05543074,3728.957,4.00783e14,0.5476,3.44996e6,-1.72036e6,4.31557e-9
1489458810,27608132.63017286,31329584.210404437,3721.452,4.04903e14,1.5812,3.45724e6,-1.71515e6,4.30250e-9
1489458840,27626585.937131934,31340490.75374098,3713.905,4.00092e14,0.3741,3.42609e6,-1.70994e6,4.28941e-9
1489458870,27645032.81488143,31351349.608024154,3706.317,3.99730e14,0.2834,3.41409e6,-1.70472e6,4.27631e-9
1489458900,27663472.96300559,31362160.696370948,3698.688,3.98474e14,0.0317,3.39826e6,-1.69949e6,4.26319e-9
1489458930,27681906.08240531,31372923.94243885,3691.018,3.91695e14,1.7325,3.35899e6,-1.69426e6,4.25006e-9
1489458960,27700331.875330854,31383639.270393375,3683.307,4.02699e14,1.0282,3.39522e6,-1.68902e6,4.23691e-9
1489458990,27718750.04534632,31394306.604935605,3675.557,3.99859e14,0.3157,3.37269e6,-1.68378e6,4.22375e-9
1489459020,27737160.297339194,31404925.871290233,3667.766,3.92515e14,1.5267,3.33125e6,-1.67853e6,4.21058e-9
1489459050,27755562.33751868,31415496.99520311,3659.935,4.02301e14,0.9285,3.36190e6,-1.67328e6,4.19739e-9
1489459080,27773955.873414017,31426019.902938943,3652.064,4.02265e14,0.9194,3.35117e6,-1.66802e6,4.18419e-9
1489459110,27792340.61387268,31436494.521279044,3644.154,4.03101e14,1.1291,3.34408e6,-1.66276e6,4.17097e-9
1489459140,27810716.269058663,31446920.777518973,3636.205,4.03067e14,1.1206,3.33334e6,-1.65749e6,4.15775e-9
1489459170,27829082.550450455,31457298.599466342,3628.216,3.94124e14,1.1230,3.28566e6,-1.65221e6,4.14451e-9
1489459200,27847439.170839228,31467627.915438436,3620.189,4.02328e14,0.9352,3.30905e6,-1.64694e6,4.13125e-9
1489459230,27865785.84433335,31477908.654254682,3612.123,4.04405e14,1.4562,3.30699e6,-1.64165e6,4.11799e-9
1489459260,27884122.286336064,31488140.745251056,3604.018,3.97715e14,0.2222,3.26887e6,-1.63636e6,4.10472e-9
1489459290,27902448.213563602,31498324.118261125,3595.876,3.93361e14,1.3145,3.24048e6,-1.63107e6,4.09143e-9
1489459320,27920763.34403656,31508458.70361916,3587.695,3.93063e14,1.3891,3.22874e6,-1.62577e6,4.07813e-9
1489459350,27939067.397077713,31518544.432157952,3579.477,4.00753e14,0.5401,3.24946e6,-1.62047e6,4.06482e-9
1489459380,27957360.093309805,31528581.2352065,3571.221,4.05775e14,1.8001,3.25916e6,-1.61516e6,4.05150e-9
1489459410,27975641.154653322,31538569.04458791,3562.928,4.08910e14,2.5865,3.26110e6,-1.60985e6,4.03817e-9
1489459440,27993910.304324098,31548507.792617068,3554.597,4.02132e14,0.8860,3.22306e6,-1.60454e6,4.02483e-9
1489459470,28012167.26683107,31558397.412098445,3546.230,3.96948e14,0.4145,3.19158e6,-1.59922e6,4.01149e-9
1489459500,28030411.76797378,31568237.836323928,3537.826,3.98901e14,0.0754,3.18876e6,-1.59390e6,3.99813e-9
1489459530,28048643.534835443,31578028.99906849,3529.385,4.00509e14,0.4789,3.18451e6,-1.58858e6,3.98476e-9
1489459560,28066862.29579426,31587770.83459458,3520.909,4.05821e14,1.8115,3.19492e6,-1.58325e6,3.97138e-9
1489459590,28085067.78050723,31597463.277643383,3512.395,4.02476e14,0.9723,3.17091e6,-1.57791e6,3.95800e-9
1489459620,28103259.719911758,31607106.26343481,3503.847,3.99397e14,0.1998,3.14804e6,-1.57258e6,3.94461e-9
1489459650,28121437.846223213,31616699.72766526,3495.262,3.97516e14,0.2721,3.12996e6,-1.56724e6,3.93120e-9
1489459680,28139601.892931953,31626243.60650558,3486.642,3.92957e14,1.4158,3.10142e6,-1.56190e6,3.91780e-9
1489459710,28157751.594800815,31635737.836598873,3477.986,3.98584e14,0.0042,3.11277e6,-1.55655e6,3.90438e-9
1489459740,28175886.687862135,31645182.35505845,3469.296,4.02986e14,1.1003,3.11920e6,-1.55120e6,3.89095e-9
1489459770,28194006.909414995,31654577.099465657,3460.570,3.94749e14,0.9663,3.07650e6,-1.54585e6,3.87752e-9
1489459800,28212111.99802224,31663922.007867884,3451.810,3.92850e14,1.4427,3.05850e6,-1.54050e6,3.86408e-9
1489459830,28230201.693513166,31673217.01878229,3443.015,3.98446e14,0.0388,3.06941e6,-1.53514e6,3.85064e-9
1489459860,28248275.73696356,31682462.071175896,3434.186,3.95067e14,0.8864,3.04573e6,-1.52978e6,3.83719e-9
1489459890,28266333.87070956,31691657.10448148,3425.323,3.95594e14,0.7542,3.03706e6,-1.52442e6,3.82373e-9
1489459920,28284375.838339265,31700802.058589816,3416.426,4.01404e14,0.7034,3.04851e6,-1.51906e6,3.81027e-9
1489459950,28302401.38468967,31709896.873847775,3407.495,3.94189e14,1.1067,3.01034e6,-1.51369e6,3.79680e-9
1489459980,28320410.25584359,31718941.491056368,3398.531,3.95083e14,0.8824,3.00305e6,-1.50832e6,3.78332e-9
1489460010,28338402.199126575,31727935.851468936,3389.534,4.04824e14,1.5614,3.02907e6,-1.50295e6,3.76984e-9
1489460040,28356376.963103708,31736879.896789197,3380.503,4.01001e14,0.6022,3.00388e6,-1.49758e6,3.75635e-9
1489460070,28374334.297576483,31745773.569169432,3371.439,4.03566e14,1.2456,3.00269e6,-1.49220e6,3.74286e-9
1489460100,28392273.953579564,31754616.8112086,3362.343,4.05595e14,1.7547,2.99943e6,-1.48682e6,3.72937e-9
1489460130,28410195.683366597,31763409.565949827,3353.214,3.96315e14,0.5734,2.95410e6,-1.48144e6,3.71586e-9
1489460160,28428099.24044072,31772151.776880737,3344.053,3.92288e14,1.5837,2.92845e6,-1.47606e6,3.70236e-9
1489460190,28445984.37951737,31780843.387929518,3334.859,3.97339e14,0.3165,2.93641e6,-1.47068e6,3.68885e-9
1489460220,28463850.85653186,31789484.343463805,3325.633,3.97712e14,0.2228,2.92702e6,-1.46530e6,3.67534e-9
1489460250,28481698.42863591,31798074.588288877,3316.376,3.93535e14,1.2707,2.90097e6,-1.45991e6,3.66182e-9
1489460280,28499526.85419413,31806614.067645792,3307.087,3.97009e14,0.3992,2.90293e6,-1.45452e6,3.64830e-9
1489460310,28517335.892780688,31815102.727209717,3297.767,3.95066e14,0.8868,2.88511e6,-1.44914e6,3.63478e-9
1489460340,28535125.30517564,31823540.513088033,3288.415,3.96313e14,0.5740,2.87889e6,-1.44375e6,3.62125e-9
1489460370,28552894.853361513,31831927.371818606,3279.033,4.04295e14,1.4287,2.89694e6,-1.43836e6,3.60772e-9
1489460400,28570644.30051975,31840263.250367973,3269.619,3.98539e14,0.0153,2.86539e6,-1.43296e6,3.59419e-9
1489460430,28588373.411049094,31848548.09611962,3260.175,4.00039e14,0.3610,2.85997e6,-1.42757e6,3.58065e-9
1489460460,28606081.95049427,31856781.856903095,3250.700,4.01286e14,0.6738,2.85361e6,-1.42217e6,3.56711e-9
1489460490,28623769.68561043,31864964.480961144,3241.195,3.91082e14,1.8863,2.80652e6,-1.41678e6,3.55357e-9
1489460520,28641436.38433761,31873095.916958004,3231.660,3.97910e14,0.1731,2.82000e6,-1.41138e6,3.54003e-9
1489460550,28659081.815797426,31881176.113977563,3222.094,4.00735e14,0.5356,2.81917e6,-1.40599e6,3.52648e-9
1489460580,28676705.75028944,31889205.021521594,3212.499,3.95340e14,0.8180,2.78939e6,-1.40059e6,3.51293e-9
1489460610,28694307.959287744,31897182.589507997,3202.875,3.96623e14,0.4961,2.78313e6,-1.39519e6,3.49939e-9
1489460640,28711888.215437397,31905108.768269014,3193.221,3.99523e14,0.2315,2.78246e6,-1.38979e6,3.48584e-9
1489460670,28729446.292550877,31912983.508549504,3183.537,3.99676e14,0.2698,2.77218e6,-1.38439e6,3.47228e-9
1489460700,28746981.965604458,31920806.761505242,3173.825,3.95140e14,0.8681,2.74567e6,-1.37899e6,3.45873e-9
1489460730,28764495.010698784,31928578.478719473,3164.083,3.92830e14,1.4476,2.72696e6,-1.37359e6,3.44518e-9
1489460760,28781985.205165595,31936298.612144955,3154.313,3.98254e14,0.0869,2.73485e6,-1.36819e6,3.43162e-9
1489460790,28799452.32745334,31943967.114158854,3144.515,4.04724e14,1.5363,2.74616e6,-1.36279e6,3.41807e-9
1489460820,28816896.157159027,31951583.937543005,3134.688,4.05707e14,1.7828,2.73862e6,-1.35738e6,3.40451e-9
1489460850,28834316.47502412,31959149.035482388,3124.833,4.02682e14,1.0240,2.71746e6,-1.35198e6,3.39095e-9
1489460880,28851713.062930614,31966662.361563645,3114.949,3.96599e14,0.5022,2.68605e6,-1.34658e6,3.37740e-9
1489460910,28869085.703896936,31974123.869773757,3105.038,3.97262e14,0.3359,2.67750e6,-1.34118e6,3.36384e-9
1489460940,28886434.182073824,31981533.514498536,3095.099,3.96482e14,0.5315,2.66410e6,-1.33578e6,3.35028e-9
1489460970,28903758.282740403,31988891.250521224,3085.133,3.95149e14,0.8660,2.64888e6,-1.33037e6,3.33672e-9
1489461000,28921057.792299993,31996197.0330211,3075.139,4.04153e14,1.3930,2.66804e6,-1.32497e6,3.32317e-9
1489461030,28938332.4983209,32003450.8175543,3065.118,4.04047e14,1.3665,2.65681e6,-1.31957e6,3.30961e-9
1489461060,28955582.189394396,32010652.5601073,3055.070,3.98474e14,0.0318,2.62756e6,-1.31417e6,3.29605e-9
1489461090,28972806.65526896,32017802.2170404,3044.996,4.00069e14,0.3684,2.62199e6,-1.30877e6,3.28250e-9
1489461120,28990005.686801843,32024899.745103985,3034.894,3.98818e14,0.0546,2.60708e6,-1.30336e6,3.26894e-9
1489461150,29007179.07595542,32031945.101437084,3024.766,4.04280e14,1.4248,2.61405e6,-1.29796e6,3.25539e-9
1489461180,29024326.615793474,32038938.24356576,3014.612,4.07019e14,2.1120,2.61205e6,-1.29256e6,3.24184e-9
1489461210,29041448.1004776,32045879.12940171,3004.431,4.01467e14,0.7190,2.58321e6,-1.28716e6,3.22828e-9
1489461240,29058543.325263485,32052767.717240654,2994.224,3.92270e14,1.5882,2.54280e6,-1.28176e6,3.21473e-9
1489461270,29075612.086497225,32059603.965760887,2983.992,3.95816e14,0.6986,2.54344e6,-1.27636e6,3.20118e-9
1489461300,29092654.181611575,32066387.834021796,2973.734,4.04708e14,1.5322,2.56102e6,-1.27096e6,3.18764e-9
1489461330,29109669.40908069,32073119.28147041,2963.450,3.93950e14,1.1668,2.51600e6,-1.26556e6,3.17409e-9
1489461360,29126657.56854457,32079798.267915115,2953.141,3.83274e14,3.8450,2.47152e6,-1.26017e6,3.16054e-9
1489461390,29143618.460676864,32086424.753549233,2942.806,3.90704e14,1.9810,2.48432e6,-1.25477e6,3.14700e-9
1489461420,29160551.88722226,32092998.69894153,2932.447,3.96697e14,0.4775,2.49241e6,-1.24937e6,3.13346e-9
1489461450,29177457.650992364,32099520.065034896,2922.062,4.04595e14,1.5040,2.50628e6,-1.24398e6,3.11992e-9
1489461480,29194335.555861503,32105988.81314499,2911.653,4.12982e14,3.6080,2.52146e6,-1.23858e6,3.10638e-9
1489461510,29211185.4067626,32112404.90495904,2901.219,4.02597e14,1.0027,2.47836e6,-1.23319e6,3.09285e-9
1489461540,29228007.00968292,32118768.302534457,2890.761,3.97000e14,0.4016,2.45028e6,-1.22780e6,3.07932e-9
1489461570,29244800.17165986,32125078.96829769,2880.279,3.97182e14,0.3558,2.44008e6,-1.22240e6,3.06578e-9
1489461600,29261564.70077671,32131336.86504289,2869.772,3.99094e14,0.1238,2.43515e6,-1.21701e6,3.05226e-9
1489461630,29278300.406184908,32137541.955937702,2859.242,3.95989e14,0.6551,2.41493e6,-1.21162e6,3.03873e-9
1489461660,29295007.098018542,32143694.204500664,2848.687,3.94719e14,0.9738,2.40034e6,-1.20623e6,3.02521e-9
1489461690,29311684.58747133,32149793.574621424,2838.109,3.97167e14,0.3595,2.39699e6,-1.20085e6,3.01169e-9
1489461720,29328332.686766446,32155840.03055268,2827.507,3.93497e14,1.2802,2.37523e6,-1.19546e6,2.99817e-9
1489461750,29344951.20915253,32161833.536909074,2816.882,3.99752e14,0.2888,2.38319e6,-1.19007e6,2.98466e-9
1489461780,29361539.968899712,32167774.05866607,2806.234,4.05120e14,1.6357,2.38836e6,-1.18469e6,2.97115e-9
1489461810,29378098.781295724,32173661.56115895,2795.563,3.99320e14,0.1804,2.36035e6,-1.17931e6,2.95764e-9
1489461840,29394627.462641884,32179496.010081563,2784.869,3.99184e14,0.1465,2.34917e6,-1.17392e6,2.94413e-9
1489461870,29411125.830249276,32185277.371485405,2774.152,4.04184e14,1.4009,2.35306e6,-1.16854e6,2.93063e-9
1489461900,29427593.702434745,32191005.611778364,2763.412,3.95644e14,0.7417,2.31731e6,-1.16316e6,2.91713e-9
1489461930,29444030.898511004,32196680.697704975,2752.650,3.90346e14,2.0708,2.29121e6,-1.15778e6,2.90364e-9
1489461960,29460437.238801233,32202302.596403144,2741.865,3.94696e14,0.9795,2.29314e6,-1.15241e6,2.89015e-9
1489461990,29476812.544616938,32207871.27534511,2731.059,4.00389e14,0.4488,2.29882e6,-1.14703e6,2.87666e-9
1489462020,29493156.63825982,32213386.702354923,2720.230,3.99774e14,0.2944,2.28628e6,-1.14166e6,2.86318e-9
1489462050,29509469.343017828,32218848.845607296,2709.380,3.98269e14,0.0832,2.27123e6,-1.13629e6,2.84970e-9
1489462080,29525750.483161185,32224257.67362626,2698.507,3.93598e14,1.2551,2.24724e6,-1.13092e6,2.83622e-9
1489462110,29541999.88393852,32229613.155284077,2687.613,3.88632e14,2.5008,2.22256e6,-1.12555e6,2.82275e-9
1489462140,29558217.37157272,32234915.259799995,2676.698,3.96224e14,0.5963,2.23328e6,-1.12018e6,2.80928e-9
1489462170,29574402.773257073,32240163.956739035,2665.761,4.00293e14,0.4247,2.23396e6,-1.11481e6,2.79581e-9
1489462200,29590555.91715122,32245359.216010816,2654.803,4.04182e14,1.4004,2.23402e6,-1.10945e6,2.78235e-9
1489462230,29606676.632365715,32250501.00788767,2643.824,4.03862e14,1.3200,2.22233e6,-1.10408e6,2.76889e-9
1489462260,29622764.74899346,32255589.30294434,2632.825,4.10236e14,2.9192,2.22910e6,-1.09872e6,2.75544e-9
1489462290,29638820.098069843,32260624.07211613,2621.804,4.04693e14,1.5285,2.20303e6,-1.09336e6,2.74199e-9
1489462320,29654842.51158025,32265605.286678754,2610.763,3.91793e14,1.7078,2.15703e6,-1.08800e6,2.72855e-9
1489462350,29670831.822456077,32270532.918247465,2599.701,3.95560e14,0.7628,2.15664e6,-1.08265e6,2.71511e-9
1489462380,29686787.864570525,32275406.9387762,2588.619,3.99164e14,0.1414,2.15571e6,-1.07729e6,2.70168e-9
1489462410,29702710.472734623,32280227.32055667,2577.517,3.97316e14,0.3223,2.14002e6,-1.07194e6,2.68824e-9
1489462440,29718599.48269307,32284994.0362175,2566.395,4.03849e14,1.3168,2.14681e6,-1.06659e6,2.67482e-9
1489462470,29734454.731120232,32289707.05872348,2555.252,3.98905e14,0.0764,2.12288e6,-1.06124e6,2.66140e-9
1489462500,29750276.055616137,32294366.361374684,2544.090,3.93792e14,1.2063,2.09865e6,-1.05589e6,2.64798e-9
1489462530,29766063.29472373,32298971.917798698,2532.909,4.02869e14,1.0708,2.11193e6,-1.05055e6,2.63457e-9
1489462560,29781816.287859015,32303523.70197137,2521.707,4.01306e14,0.6787,2.09709e6,-1.04520e6,2.62116e-9
1489462590,29797534.875373453,32308021.688194524,2510.487,4.07258e14,2.1720,2.10189e6,-1.03986e6,2.60776e-9
1489462620,29813218.898528583,32312465.851102024,2499.247,4.01719e14,0.7823,2.07672e6,-1.03452e6,2.59436e-9
1489462650,29828868.199492235,32316856.16565898,2487.988,3.90480e14,2.0372,2.03700e6,-1.02918e6,2.58097e-9
1489462680,29844482.62133481,32321192.60716094,2476.710,3.91999e14,1.6560,2.03034e6,-1.02385e6,2.56758e-9
1489462710,29860062.00802551,32325475.151233055,2465.413,3.96169e14,0.6100,2.03041e6,-1.01851e6,2.55420e-9
1489462740,29875606.20442855,32329703.77382925,2454.098,3.95813e14,0.6992,2.01887e6,-1.01318e6,2.54082e-9
1489462770,29891115.056299444,32333878.451231413,2442.763,4.01398e14,0.7017,2.02236e6,-1.00785e6,2.52744e-9
1489462800,29906588.41028118,32337999.160048548,2431.411,3.98468e14,0.0333,2.00430e6,-1.00252e6,2.51408e-9
1489462830,29922026.113879696,32342065.877207555,2420.040,3.93213e14,1.3517,1.98051e6,-9.97196e5,2.50071e-9
1489462860,29937428.01552446,32346078.57997839,2408.651,4.05618e14,1.7606,2.00079e6,-9.91872e5,2.48735e-9
1489462890,29952793.964500014,32350037.245947164,2397.243,4.08464e14,2.4746,1.99709e6,-9.86550e5,2.47400e-9
1489462920,29968123.810962934,32353941.853023667,2385.818,4.00840e14,0.5619,1.96756e6,-9.81230e5,2.46065e-9
1489462950,29983417.40593803,32357792.3794406,2374.375,3.96910e14,0.4242,1.94727e6,-9.75912e5,2.44731e-9
1489462980,29998674.601314273,32361588.8037526,2362.914,3.96732e14,0.4686,1.93623e6,-9.70596e5,2.43397e-9
1489463010,30013895.24984098,32365331.104835562,2351.436,4.03138e14,1.1385,1.94114e6,-9.65282e5,2.42064e-9
1489463040,30029079.205123868,32369019.2618856,2339.940,3.98017e14,0.1465,1.91812e6,-9.59970e5,2.40732e-9
1489463070,30044226.321621064,32372653.25441846,2328.427,3.92844e14,1.4443,1.89513e6,-9.54661e5,2.39400e-9
1489463100,30059336.454639267,32376233.06226858,2316.897,3.95642e14,0.7423,1.89125e6,-9.49353e5,2.38068e-9
1489463130,30074409.46034066,32379758.665603187,2305.349,3.92853e14,1.4420,1.87408e6,-9.44048e5,2.36737e-9
1489463160,30089445.19570558,32383230.044875827,2293.785,3.99245e14,0.1618,1.87859e6,-9.38745e5,2.35406e-9
1489463190,30104443.518562306,32386647.180871587,2282.204,4.05743e14,1.7920,1.88319e6,-9.33444e5,2.34076e-9
1489463220,30119404.287572328,32390010.05469153,2270.606,3.99798e14,0.3005,1.85866e6,-9.28145e5,2.32747e-9
1489463250,30134327.36222663,32393318.647752233,2258.991,3.93583e14,1.2587,1.83367e6,-9.22848e5,2.31418e-9
1489463280,30149212.602841984,32396572.941785138,2247.360,3.92270e14,1.5880,1.82013e6,-9.17554e5,2.30090e-9
1489463310,30164059.870557234,32399772.9188361,2235.713,3.93320e14,1.3248,1.81203e6,-9.12262e5,2.28762e-9
1489463340,30178869.027329564,32402918.561264776,2224.050,3.93689e14,1.2321,1.80236e6,-9.06971e5,2.27435e-9
1489463370,30193639.935930856,32406009.851744223,2212.370,3.89532e14,2.2751,1.78245e6,-9.01684e5,2.26108e-9
1489463400,30208372.459944062,32409046.773260266,2200.674,3.91116e14,1.8776,1.77556e6,-8.96398e5,2.24782e-9
1489463430,30223066.463761058,32412029.309103277,2188.963,4.08909e14,2.5862,1.80485e6,-8.91114e5,2.23457e-9
1489463460,30237721.812574297,32414957.442891903,2177.236,4.17162e14,4.6567,1.81248e6,-8.85833e5,2.22132e-9
1489463490,30252338.372377947,32417831.1585482,2165.493,3.97449e14,0.2888,1.75815e6,-8.80554e5,2.20808e-9
1489463520,30266916.009962793,32420650.440304987,2153.734,3.99646e14,0.2623,1.75243e6,-8.75278e5,2.19484e-9
1489463550,30281454.592912626,32423415.272705346,2141.961,4.13720e14,3.7931,1.77258e6,-8.70003e5,2.18160e-9
1489463580,30295953.98960068,32426125.640602086,2130.172,4.04685e14,1.5265,1.74224e6,-8.64731e5,2.16838e-9
1489463610,30310414.06918617,32428781.52915726,2118.367,4.00593e14,0.4998,1.72280e6,-8.59461e5,2.15516e-9
1489463640,30324834.701610655,32431382.923841555,2106.548,3.99254e14,0.1639,1.70937e6,-8.54193e5,2.14194e-9
1489463670,30339215.757594537,32433929.810433924,2094.714,3.96174e14,0.6088,1.69228e6,-8.48928e5,2.12873e-9
1489463700,30353557.10863355,32436422.175020915,2082.865,3.88411e14,2.5563,1.66536e6,-8.43664e5,2.11553e-9
1489463730,30367858.626987748,32438860.003991082,2071.001,3.92985e14,1.4088,1.66459e6,-8.38403e5,2.10233e-9
1489463760,30382120.18570111,32441243.284050405,2059.123,4.10113e14,2.8883,1.68993e6,-8.33145e5,2.08914e-9
1489463790,30396341.65857483,32443572.00220589,2047.230,3.98156e14,0.1114,1.65444e6,-8.27888e5,2.07595e-9
1489463820,30410522.920171265,32445846.14577017,2035.323,3.99350e14,0.1880,1.64640e6,-8.22634e5,2.06277e-9
1489463850,30424663.845810425,32448065.70236099,2023.402,4.05463e14,1.7217,1.64842e6,-8.17382e5,2.04959e-9
1489463880,30438764.31156639,32450230.6599007,2011.466,3.94598e14,1.0041,1.61570e6,-8.12132e5,2.03642e-9
1489473420,32450384.294584863,30439995.0766411,2010.389,3.90117e14,2.1283,-1.60526e6,8.11275e5,-2.03524e-9
1489473450,32448223.30014381,30425899.75259268,2022.324,3.86557e14,3.0215,-1.60835e6,8.16525e5,-2.04841e-9
1489473480,32446007.708444912,30411763.97264543,2034.244,3.96208e14,0.6003,-1.63859e6,8.21778e5,-2.06158e-9
1489473510,32443737.531613044,30397587.860660166,2046.150,3.96626e14,0.4955,-1.64993e6,8.27033e5,-2.07476e-9
1489473540,32441412.782077678,30383371.541250907,2058.041,3.97669e14,0.2337,-1.66260e6,8.32290e5,-2.08794e-9
1489473570,32439033.472573306,30369115.139788516,2069.918,3.99026e14,0.1068,-1.67596e6,8.37550e5,-2.10113e-9
1489473600,32436599.616139796,30354818.782404315,2081.781,4.09302e14,2.6847,-1.70821e6,8.42812e5,-2.11433e-9
1489473630,32434111.226133946,30340482.595969096,2093.629,3.99961e14,0.3414,-1.69900e6,8.48076e5,-2.12753e-9
1489473660,32431568.316195592,30326106.708172467,2105.462,3.87901e14,2.6843,-1.68374e6,8.53342e5,-2.14073e-9
1489473690,32428970.90028238,30311691.247450646,2117.280,4.08306e14,2.4349,-1.73808e6,8.58611e5,-2.15395e-9
1489473720,32426318.992659137,30297236.343014326,2129.083,4.04699e14,1.5300,-1.74093e6,8.63882e5,-2.16716e-9
1489473750,32423612.60789849,30282742.12485217,2140.870,3.87265e14,2.8438,-1.71354e6,8.69155e5,-2.18039e-9
1489473780,32420851.760881227,30268208.72373417,2152.643,3.96420e14,0.5469,-1.74403e6,8.74431e5,-2.19362e-9
1489473810,32418036.466797035,30253636.27121515,2164.400,3.96635e14,0.4931,-1.75502e6,8.79708e5,-2.20685e-9
1489473840,32415166.741144918,30239024.899638113,2176.142,3.95390e14,0.8055,-1.76279e6,8.84988e5,-2.22009e-9
1489473870,32412242.59973383,30224374.742137782,2187.868,4.03308e14,1.1811,-1.79099e6,8.90270e5,-2.23334e-9
1489473900,32409264.058683205,30209685.93264399,2199.578,3.95657e14,0.7385,-1.78443e6,8.95555e5,-2.24659e-9
1489473930,32406231.134412196,30194958.60590658,2211.273,3.94279e14,1.0841,-1.79185e6,9.00842e5,-2.25985e-9
1489473960,32403143.843675334,30180192.897433072,2222.951,3.92372e14,1.5626,-1.79804e6,9.06131e5,-2.27311e-9
1489473990,32400002.20352793,30165388.943558145,2234.613,3.95295e14,0.8293,-1.81522e6,9.11422e5,-2.28638e-9
1489474020,32396806.231338028,30150546.881426014,2246.259,3.97657e14,0.2367,-1.83119e6,9.16715e5,-2.29965e-9
1489474050,32393555.944786828,30135666.848994154,2257.889,3.92841e14,1.4449,-1.83063e6,9.22011e5,-2.31293e-9
1489474080,32390251.361869343,30120748.985037103,2269.502,3.94314e14,1.0753,-1.84457e6,9.27308e5,-2.32622e-9
1489474110,32386892.50089487,30105793.42915025,2281.099,3.91942e14,1.6705,-1.84956e6,9.32608e5,-2.33951e-9
1489474140,32383479.38048762,30090800.321753602,2292.679,4.02341e14,0.9385,-1.88454e6,9.37910e5,-2.35281e-9
1489474170,32380012.019587222,30075769.804095693,2304.242,4.04343e14,1.4408,-1.89993e6,9.43215e5,-2.36611e-9
1489474200,32376490.437449384,30060702.018257335,2315.788,3.96723e14,0.4709,-1.89249e6,9.48521e5,-2.37941e-9
1489474230,32372914.65366013,30045597.107151106,2327.318,4.07906e14,2.3346,-1.92984e6,9.53830e5,-2.39273e-9
1489474260,32369284.68809433,30030455.214538928,2338.829,4.05841e14,1.8166,-1.93561e6,9.59141e5,-2.40604e-9
1489474290,32365600.560958575,30015276.485022176,2350.324,3.93652e14,1.2415,-1.91684e6,9.64454e5,-2.41937e-9
1489474320,32361862.292778295,30000061.06404998,2361.801,4.00561e14,0.4918,-1.94421e6,9.69769e5,-2.43270e-9
1489474350,32358069.9043985,29984809.097923107,2373.261,4.10462e14,2.9759,-1.97909e6,9.75086e5,-2.44603e-9
1489474380,32354223.4169846,29969520.733797733,2384.703,4.12887e14,3.5841,-1.99585e6,9.80405e5,-2.45937e-9
1489474410,32350322.85202324,29954196.11968939,2396.127,3.93404e14,1.3036,-1.95850e6,9.85726e5,-2.47271e-9
1489474440,32346368.23132309,29938835.40447678,2407.533,3.78301e14,5.0928,-1.93153e6,9.91050e5,-2.48606e-9
1489474470,32342359.577015664,29923438.73790558,2418.921,3.97638e14,0.2414,-1.99024e6,9.96375e5,-2.49942e-9
1489474500,32338296.911556173,29908006.27059229,2430.291,4.08419e14,2.4632,-2.02797e6,1.00170e6,-2.51278e-9
1489474530,32334180.25771203,29892538.154012114,2441.642,3.99577e14,0.2449,-2.01642e6,1.00703e6,-2.52614e-9
1489474560,32330009.638601787,29877034.54055206,2452.975,3.94515e14,1.0250,-2.01424e6,1.01236e6,-2.53951e-9
1489474590,32325785.077657755,29861495.583465375,2464.289,4.02783e14,1.0494,-2.04596e6,1.01770e6,-2.55288e-9
1489474620,32321506.59863917,29845921.436891224,2475.585,4.05362e14,1.6964,-2.06330e6,1.02303e6,-2.56626e-9
1489474650,32317174.225632906,29830312.25585839,2486.862,3.87580e14,2.7647,-2.02819e6,1.02837e6,-2.57965e-9
1489474680,32312787.983054277,29814668.196289055,2498.120,3.89257e14,2.3440,-2.04307e6,1.03371e6,-2.59304e-9
1489474710,32308347.895647824,29798989.41500248,2509.358,4.08159e14,2.3980,-2.10289e6,1.03905e6,-2.60643e-9
1489474740,32303853.988488067,29783276.06971877,2520.578,4.00715e14,0.5304,-2.09420e6,1.04439e6,-2.61983e-9
1489474770,32299306.28698034,29767528.319062624,2531.778,3.92448e14,1.5435,-2.08315e6,1.04974e6,-2.63324e-9
1489474800,32294704.816861488,29751746.32256718,2542.958,3.84656e14,3.4985,-2.07313e6,1.05509e6,-2.64664e-9
1489474830,32290049.604207195,29735930.24070555,2554.119,3.88180e14,2.6143,-2.09302e6,1.06044e6,-2.66006e-9
1489474860,32285340.67541302,29720080.23480896,2565.260,4.03464e14,1.2201,-2.14444e6,1.06579e6,-2.67347e-9
1489474890,32280578.057215028,29704196.46715651,2576.382,4.04575e14,1.4988,-2.15819e6,1.07114e6,-2.68690e-9
1489474920,32275761.776684277,29688279.100951493,2587.483,4.02501e14,0.9785,-2.16338e6,1.07649e6,-2.70032e-9
1489474950,32270891.86122776,29672328.300325457,2598.564,3.99476e14,0.2197,-2.16593e6,1.08185e6,-2.71376e-9
1489474980,32265968.338589262,29656344.230342288,2609.624,3.97316e14,0.3223,-2.17076e6,1.08721e6,-2.72719e-9
1489475010,32260991.236850373,29640327.057002366,2620.664,3.96539e14,0.5173,-2.17933e6,1.09257e6,-2.74063e-9
1489475040,32255960.58443142,29624276.94724675,2631.684,4.00239e14,0.4111,-2.20022e6,1.09793e6,-2.75408e-9
1489475070,32250876.41009241,29608194.0689612,2642.682,4.09992e14,2.8579,-2.23796e6,1.10329e6,-2.76752e-9
1489475100,32245738.742934063,29592078.590980366,2653.660,4.09094e14,2.6326,-2.24634e6,1.10866e6,-2.78098e-9
1489475130,32240547.61239854,29575930.68306726,2664.617,4.04609e14,1.5073,-2.24468e6,1.11402e6,-2.79443e-9
1489475160,32235303.04827123,29559750.515993476,2675.553,4.06460e14,1.9719,-2.26069e6,1.11939e6,-2.80790e-9
1489475190,32230005.080680955,29543538.261467006,2686.467,4.02189e14,0.9002,-2.25948e6,1.12476e6,-2.82136e-9
1489475220,32224653.740101304,29527294.092160806,2697.360,4.00267e14,0.4181,-2.26482e6,1.13013e6,-2.83483e-9
1489475250,32219249.057351675,29511018.18171675,2708.231,4.01714e14,0.7811,-2.27971e6,1.13551e6,-2.84830e-9
1489475280,32213791.063598324,29494710.70474953,2719.080,4.01345e14,0.6887,-2.28944e6,1.14088e6,-2.86178e-9
1489475310,32208279.790355485,29478371.836850554,2729.908,3.90780e14,1.9619,-2.26985e6,1.14626e6,-2.87526e-9
1489475340,32202715.269486442,29462001.754591838,2740.714,3.93148e14,1.3678,-2.28734e6,1.15163e6,-2.88874e-9
1489475370,32197097.533204593,29445600.635529887,2751.497,4.04366e14,1.4464,-2.33057e6,1.15701e6,-2.90223e-9
1489475400,32191426.614074633,29429168.65820958,2762.258,4.04198e14,1.4042,-2.34092e6,1.16239e6,-2.91572e-9
1489475430,32185702.545011006,29412706.002177265,2772.997,4.02022e14,0.8584,-2.34538e6,1.16777e6,-2.92922e-9
1489475460,32179925.359287065,29396212.847956236,2783.713,4.00955e14,0.5908,-2.35305e6,1.17316e6,-2.94271e-9
1489475490,32174095.09052829,29379689.377079193,2794.406,4.02725e14,1.0349,-2.36908e6,1.17854e6,-2.95621e-9
1489475520,32168211.77271596,29363135.772082917,2805.076,3.97286e14,0.3297,-2.36375e6,1.18392e6,-2.96972e-9
1489475550,32162275.44018832,29346552.21651229,2815.723,3.97812e14,0.1978,-2.37607e6,1.18931e6,-2.98323e-9
1489475580,32156286.12764167,29329938.894924235,2826.347,4.01312e14,0.6803,-2.39733e6,1.19470e6,-2.99674e-9
1489475610,32150243.870131634,29313295.99289182,2836.948,3.98560e14,0.0101,-2.39985e6,1.20009e6,-3.01025e-9
1489475640,32144148.703074206,29296623.69700813,2847.525,3.95219e14,0.8483,-2.40053e6,1.20548e6,-3.02377e-9
1489475670,32138000.662247058,29279922.19489041,2858.078,3.88914e14,2.4301,-2.39211e6,1.21087e6,-3.03728e-9
1489475700,32131799.783790585,29263191.67518401,2868.608,3.93810e14,1.2018,-2.41770e6,1.21626e6,-3.05081e-9
1489475730,32125546.104213808,29246432.32757754,2879.114,3.93286e14,1.3333,-2.42681e6,1.22165e6,-3.06433e-9
1489475760,32119239.660381608,29229644.342772767,2889.595,3.91447e14,1.7946,-2.43187e6,1.22705e6,-3.07786e-9
1489475790,32112880.48952975,29212827.91252283,2900.053,3.96802e14,0.4513,-2.45911e6,1.23244e6,-3.09138e-9
1489475820,32106468.629261732,29195983.229625337,2910.485,3.97082e14,0.3811,-2.47074e6,1.23784e6,-3.10492e-9
1489475850,32100004.117550094,29179110.487926435,2920.894,3.99165e14,0.1417,-2.48801e6,1.24324e6,-3.11845e-9
1489475880,32093486.992737647,29162209.882324953,2931.277,3.99734e14,0.2844,-2.50059e6,1.24863e6,-3.13198e-9
1489475910,32086917.29353889,29145281.60877654,2941.636,3.91688e14,1.7342,-2.48610e6,1.25403e6,-3.14552e-9
1489475940,32080295.059041224,29128325.864297695,2951.969,3.96021e14,0.6472,-2.51049e6,1.25943e6,-3.15906e-9
1489475970,32073620.328706365,29111342.8469699,2962.277,3.95519e14,0.7731,-2.51966e6,1.26483e6,-3.17260e-9
1489476000,32066893.142371602,29094332.75594362,2972.560,3.86578e14,3.0163,-2.50192e6,1.27023e6,-3.18614e-9
1489476030,32060113.54024219,29077295.791413877,2982.818,4.00905e14,0.5781,-2.55840e6,1.27563e6,-3.19969e-9
1489476060,32053281.56292047,29060232.15471217,2993.049,4.04524e14,1.4860,-2.58087e6,1.28104e6,-3.21323e-9
1489476090,32046397.25137949,29043142.04822232,3003.255,3.93179e14,1.3602,-2.55514e6,1.28644e6,-3.22678e-9
1489476120,32039460.64697332,29026025.67541282,3013.435,4.01238e14,0.6617,-2.59198e6,1.29184e6,-3.24033e-9
1489476150,32032471.79143828,29008883.240840524,3023.589,4.05257e14,1.6699,-2.61590e6,1.29724e6,-3.25388e-9
1489476180,32025430.726894364,28991714.950154446,3033.716,3.94783e14,0.9577,-2.59257e6,1.30265e6,-3.26743e-9
1489476210,32018337.49584658,28974521.010099474,3043.816,4.02608e14,1.0054,-2.62900e6,1.30805e6,-3.28098e-9
1489476240,32011192.141186286,28957301.6285201,3053.891,4.02789e14,1.0508,-2.64046e6,1.31346e6,-3.29453e-9
1489476270,32003994.70619261,28940057.014364205,3063.938,4.01836e14,0.8118,-2.64817e6,1.31886e6,-3.30808e-9
1489476300,31996745.2345338,28922787.37768672,3073.958,4.05031e14,1.6134,-2.66963e6,1.32427e6,-3.32164e-9
1489476330,31989443.77028369,28905492.929691628,3083.951,3.93496e14,1.2807,-2.64205e6,1.32967e6,-3.33519e-9
1489476360,31982090.357876945,28888173.882617924,3093.916,3.98662e14,0.0155,-2.67009e6,1.33508e6,-3.34874e-9
1489476390,31974685.042156767,28870830.449861467,3103.855,4.02468e14,0.9704,-2.69370e6,1.34048e6,-3.36230e-9
1489476420,31967227.868361462,28853462.845940806,3113.765,3.97968e14,0.1586,-2.68937e6,1.34589e6,-3.37585e-9
1489476450,31959718.88212611,28836071.286501206,3123.648,3.96607e14,0.5001,-2.69555e6,1.35129e6,-3.38940e-9
1489476480,31952158.129484132,28818655.988318723,3133.502,3.87562e14,2.7693,-2.67555e6,1.35670e6,-3.40295e-9
1489476510,31944545.65686897,28801217.169304226,3143.328,3.91395e14,1.8076,-2.69931e6,1.36210e6,-3.41651e-9
1489476540,31936881.51111568,28783755.0485074,3153.126,4.03208e14,1.1559,-2.75053e6,1.36750e6,-3.43006e-9
1489476570,31929165.739462633,28766269.84612078,3162.896,3.94087e14,1.1324,-2.72999e6,1.37291e6,-3.44361e-9
1489476600,31921398.38955311,28748761.783483688,3172.637,3.90207e14,2.1058,-2.72732e6,1.37831e6,-3.45716e-9
1489476630,31913579.509419706,28731231.083048034,3182.348,3.96598e14,0.5023,-2.76019e6,1.38372e6,-3.47071e-9
1489476660,31905709.147539373,28713677.968499985,3192.031,4.00541e14,0.4869,-2.78471e6,1.38912e6,-3.48425e-9
1489476690,31897787.352781545,28696102.664645705,3201.685,4.08214e14,2.4119,-2.82237e6,1.39452e6,-3.49780e-9
1489476720,31889814.174427032,28678505.39745319,3211.309,4.13895e14,3.8371,-2.85325e6,1.39992e6,-3.51135e-9
1489476750,31881789.662169594,28660886.39405577,3220.903,4.10863e14,3.0763,-2.85357e6,1.40532e6,-3.52489e-9
1489476780,31873713.866117448,28643245.882755645,3230.468,4.01225e14,0.6584,-2.83043e6,1.41072e6,-3.53843e-9
1489476810,31865586.83679491,28625584.093027387,3240.003,3.97016e14,0.3975,-2.82631e6,1.41612e6,-3.55197e-9
1489476840,31857408.625143927,28607901.25552136,3249.507,4.04208e14,1.4067,-2.86273e6,1.42152e6,-3.56551e-9
1489476870,31849179.28252568,28590197.60206718,3258.982,4.01003e14,0.6027,-2.86212e6,1.42692e6,-3.57904e-9
1489476900,31840898.860722248,28572473.365677148,3268.425,3.96446e14,0.5404,-2.85658e6,1.43232e6,-3.59257e-9
1489476930,31832567.411952104,28554728.780578095,3277.839,4.00161e14,0.3916,-2.88073e6,1.43771e6,-3.60610e-9
1489476960,31824184.98882877,28536964.082126975,3287.221,3.96854e14,0.4382,-2.87957e6,1.44311e6,-3.61963e-9
1489476990,31815751.644405723,28519179.506902475,3296.572,3.96911e14,0.4238,-2.89054e6,1.44850e6,-3.63315e-9
1489477020,31807267.432164107,28501375.292679988,3305.892,3.91846e14,1.6945,-2.88282e6,1.45389e6,-3.64667e-9
1489477050,31798732.40601457,28483551.678435232,3315.181,3.96595e14,0.5031,-2.91089e6,1.45928e6,-3.66019e-9
1489477080,31790146.620299105,28465708.904347796,3324.438,4.04881e14,1.5756,-2.95208e6,1.46467e6,-3.67370e-9
1489477110,31781510.129792918,28447847.211804725,3333.663,4.02129e14,0.8853,-2.95279e6,1.47006e6,-3.68721e-9
1489477140,31772822.989706203,28429966.843404,3342.856,4.00130e14,0.3838,-2.95621e6,1.47544e6,-3.70071e-9
1489477170,31764085.25568612,28412068.042958114,3352.017,3.99924e14,0.3321,-2.96623e6,1.48083e6,-3.71422e-9
1489477200,31755296.98381859,28394151.05549749,3361.146,4.09681e14,2.7799,-3.01338e6,1.48621e6,-3.72771e-9
1489477230,31746458.230622746,28376216.12726147,3370.242,4.03521e14,1.2344,-3.00124e6,1.49159e6,-3.74120e-9
1489477260,31737569.053076025,28358263.505740475,3379.306,3.94041e14,1.1438,-2.97647e6,1.49697e6,-3.75469e-9
1489477290,31728629.508592814,28340293.439640354,3388.336,3.91204e14,1.8555,-2.97647e6,1.50235e6,-3.76817e-9
1489477320,31719639.65503382,28322306.178898312,3397.333,3.92931e14,1.4223,-2.99365e6,1.50772e6,-3.78165e-9
1489477350,31710599.550708003,28304301.97468615,3406.298,4.01880e14,0.8229,-3.03828e6,1.51309e6,-3.79512e-9
1489477380,31701509.254374463,28286281.079413448,3415.228,4.00737e14,0.5361,-3.04471e6,1.51846e6,-3.80859e-9
1489477410,31692368.82524435,28268243.74673071,3424.125,4.04274e14,1.4234,-3.06899e6,1.52383e6,-3.82205e-9
1489477440,31683178.322982777,28250190.231532477,3432.988,4.03759e14,1.2942,-3.07782e6,1.52920e6,-3.83550e-9
1489477470,31673937.807710804,28232120.78996038,3441.817,3.97691e14,0.2282,-3.06525e6,1.53456e6,-3.84895e-9
1489477500,31664647.340007283,28214035.679406177,3450.612,3.85960e14,3.1713,-3.03065e6,1.53992e6,-3.86239e-9
1489477530,31655306.980912976,28195935.158513762,3459.372,3.86789e14,2.9633,-3.04440e6,1.54528e6,-3.87583e-9
1489477560,31645916.79192612,28177819.48718506,3468.097,3.92246e14,1.5942,-3.07618e6,1.55063e6,-3.88925e-9
1489477590,31636476.83501082,28159688.926580112,3476.788,3.93751e14,1.2167,-3.09266e6,1.55598e6,-3.90267e-9
1489477620,31626987.172596965,28141543.739120785,3485.443,3.96725e14,0.4705,-3.11494e6,1.56133e6,-3.91609e-9
1489477650,31617447.86758229,28123384.188493613,3494.064,4.02691e14,1.0261,-3.14905e6,1.56668e6,-3.92949e-9
1489477680,31607858.98333438,28105210.539652586,3502.648,4.07727e14,2.2896,-3.17964e6,1.57202e6,-3.94289e-9
1489477710,31598220.583692785,28087023.058821894,3511.198,4.00057e14,0.3653,-3.16010e6,1.57736e6,-3.95628e-9
1489477740,31588532.732971046,28068822.013498597,3519.711,3.99924e14,0.3321,-3.17026e6,1.58270e6,-3.96966e-9
1489477770,31578795.495958786,28050607.67245528,3528.188,3.98183e14,0.1046,-3.17401e6,1.58803e6,-3.98303e-9
1489477800,31569008.937923864,28032380.30574269,3536.629,3.97496e14,0.2771,-3.18191e6,1.59336e6,-3.99640e-9
1489477830,31559173.124615178,28014140.18469567,3545.033,3.98431e14,0.0425,-3.19630e6,1.59869e6,-4.00975e-9
1489477860,31549288.12226253,27995887.581925374,3553.401,3.98031e14,0.1429,-3.20532e6,1.60401e6,-4.02310e-9
1489477890,31539353.997581113,27977622.77133206,3561.731,3.98479e14,0.0305,-3.21776e6,1.60933e6,-4.03643e-9
1489477920,31529370.817772865,27959346.02810425,3570.025,3.96046e14,0.6408,-3.21853e6,1.61464e6,-4.04976e-9
1489477950,31519338.650528703,27941057.628721144,3578.281,3.96369e14,0.5599,-3.23043e6,1.61995e6,-4.06307e-9
1489477980,31509257.564030726,27922757.850955047,3586.500,3.93210e14,1.3524,-3.22813e6,1.62526e6,-4.07638e-9
1489478010,31499127.626954395,27904446.973873686,3594.681,3.98634e14,0.0085,-3.26084e6,1.63056e6,-4.08967e-9
1489478040,31488948.908470787,27886125.27784257,3602.824,3.97368e14,0.3092,-3.26624e6,1.63586e6,-4.10295e-9
1489478070,31478721.47824879,27867793.044527166,3610.928,3.91158e14,1.8672,-3.25124e6,1.64115e6,-4.11623e-9
1489478100,31468445.406457424,27849450.55689518,3618.995,3.96438e14,0.5425,-3.28352e6,1.64644e6,-4.12949e-9
1489478130,31458120.763768483,27831098.099223055,3627.023,3.93948e14,1.1673,-3.28374e6,1.65172e6,-4.14273e-9
1489478160,31447747.621357467,27812735.95708464,3635.012,3.92118e14,1.6263,-3.28663e6,1.65700e6,-4.15597e-9
1489478190,31437326.05090726,27794364.417366743,3642.962,3.95538e14,0.7682,-3.31135e6,1.66227e6,-4.16920e-9
1489478220,31426856.12460996,27775983.768266797,3650.872,3.97103e14,0.3757,-3.32839e6,1.66754e6,-4.18241e-9
1489478250,31416337.915169172,27757594.29929479,3658.744,3.97080e14,0.3815,-3.33880e6,1.67281e6,-4.19560e-9
1489478280,31405771.495802347,27739196.301275235,3666.575,4.00705e14,0.5280,-3.36455e6,1.67806e6,-4.20879e-9
1489478310,31395156.94024318,27720790.066349007,3674.367,4.03914e14,1.3331,-3.38863e6,1.68332e6,-4.22196e-9
1489478340,31384494.32274387,27702375.887975074,3682.118,4.02027e14,0.8597,-3.39120e6,1.68856e6,-4.23512e-9
1489478370,31373783.718077507,27683954.060932264,3689.830,3.99094e14,0.1239,-3.38926e6,1.69381e6,-4.24826e-9
1489478400,31363025.201540433,27665524.88132086,3697.500,3.99294e14,0.1740,-3.40059e6,1.69904e6,-4.26139e-9
1489478430,31352218.84894792,27647088.64655274,3705.130,4.01031e14,0.6098,-3.41848e6,1.70427e6,-4.27450e-9
1489478460,31341364.73665731,27628645.655388318,3712.719,3.95124e14,0.8723,-3.40363e6,1.70949e6,-4.28760e-9
1489478490,31330462.941549584,27610196.20790226,3720.267,3.93787e14,1.2076,-3.40827e6,1.71471e6,-4.30069e-9
1489478520,31319513.541038506,27591740.605496407,3727.773,3.93191e14,1.3570,-3.41605e6,1.71992e6,-4.31375e-9
1489478550,31308516.613072984,27573279.150900878,3735.237,3.92973e14,1.4118,-3.42545e6,1.72513e6,-4.32680e-9
1489478580,31297472.236139476,27554812.148175225,3742.660,4.00902e14,0.5774,-3.47018e6,1.73033e6,-4.33984e-9
1489478610,31286380.489264473,27536339.902709518,3750.041,3.98872e14,0.0682,-3.47175e6,1.73552e6,-4.35286e-9
1489478640,31275241.452016883,27517862.72122526,3757.379,3.98062e14,0.1350,-3.47859e6,1.74070e6,-4.36586e-9
1489478670,31264055.204510514,27499380.911776315,3764.674,3.96355e14,0.5635,-3.48145e6,1.74588e6,-4.37884e-9
1489478700,31252821.827406615,27480894.78374977,3771.927,4.00776e14,0.5457,-3.51118e6,1.75105e6,-4.39181e-9
1489478730,31241541.40193153,27462404.647877686,3779.137,4.02358e14,0.9427,-3.52850e6,1.75621e6,-4.40475e-9
1489478760,31230214.009832375,27443910.81620366,3786.303,3.90982e14,1.9112,-3.48860e6,1.76137e6,-4.41768e-9
1489478790,31218839.733426653,27425413.602117877,3793.426,3.93257e14,1.3406,-3.50888e6,1.76652e6,-4.43059e-9
1489478820,31207418.65558972,27406913.32034654,3800.505,3.96776e14,0.4578,-3.53472e6,1.77166e6,-4.44348e-9
1489478850,31195950.859757457,27388410.286952466,3807.541,3.96862e14,0.4360,-3.54535e6,1.77679e6,-4.45635e-9
1489478880,31184436.429929025,27369904.81933546,3814.532,3.94492e14,1.0307,-3.54498e6,1.78192e6,-4.46920e-9
1489478910,31172875.450669594,27351397.236232776,3821.478,3.92870e14,1.4376,-3.54789e6,1.78703e6,-4.48203e-9
1489478940,31161268.00711312,27332887.85771944,3828.380,3.96000e14,0.6524,-3.57210e6,1.79214e6,-4.49484e-9
1489478970,31149614.18496501,27314377.00520837,3835.237,3.97281e14,0.3310,-3.58804e6,1.79724e6,-4.50763e-9
1489479000,31137914.070504993,27295865.0014506,3842.049,3.99125e14,0.1315,-3.60653e6,1.80233e6,-4.52040e-9
1489479030,31126167.750571575,27277352.17052738,3848.816,3.97194e14,0.3529,-3.60795e6,1.80741e6,-4.53314e-9
1489479060,31114375.312621143,27258838.837874655,3855.536,3.91426e14,1.8000,-3.59185e6,1.81249e6,-4.54586e-9
1489479090,31102536.844674192,27240325.330258124,3862.212,3.98991e14,0.0979,-3.63638e6,1.81755e6,-4.55856e-9
1489479120,31090652.435336288,27221811.975781012,3868.840,3.99056e14,0.1143,-3.64679e6,1.82261e6,-4.57124e-9
1489479150,31078722.17380069,27203299.103883713,3875.423,3.94432e14,1.0459,-3.63569e6,1.82765e6,-4.58389e-9
1489479180,31066746.14985104,27184787.045343302,3881.959,4.02222e14,0.9087,-3.68151e6,1.83269e6,-4.59652e-9
1489479210,31054724.453864004,27166276.132272966,3888.448,4.00618e14,0.5061,-3.68421e6,1.83772e6,-4.60913e-9
1489479240,31042657.176811952,27147766.698121335,3894.890,3.97275e14,0.3326,-3.67882e6,1.84273e6,-4.62171e-9
1489479270,31030544.41026565,27129259.077671774,3901.285,3.94971e14,0.9105,-3.67814e6,1.84774e6,-4.63426e-9
1489479300,31018386.246396948,27110753.607041486,3907.633,3.94347e14,1.0672,-3.68518e6,1.85274e6,-4.64679e-9
1489479330,31006182.7779928,27092250.623690665,3913.932,3.99885e14,0.3223,-3.72090e6,1.85772e6,-4.65929e-9
1489479360,30993934.098423187,27073750.466390304,3920.184,4.01463e14,0.7182,-3.73824e6,1.86270e6,-4.67177e-9
1489479390,30981640.301678825,27055253.475252442,3926.387,4.00046e14,0.3627,-3.74156e6,1.86766e6,-4.68422e-9
1489479420,30969301.482362784,27036759.99171877,3932.541,3.97064e14,0.3854,-3.73748e6,1.87262e6,-4.69664e-9
1489479450,30956917.7356933,27018270.35855937,3938.647,3.91175e14,1.8630,-3.71961e6,1.87756e6,-4.70903e-9
1489479480,30944489.157506716,26999784.91987133,3944.704,3.94314e14,1.0755,-3.74420e6,1.88249e6,-4.72140e-9
1489479510,30932015.84426044,26981304.02107725,3950.712,3.99525e14,0.2319,-3.77865e6,1.88741e6,-4.73374e-9
1489479540,30919497.893035892,26962828.008923627,3956.670,4.00905e14,0.5782,-3.79503e6,1.89232e6,-4.74605e-9
1489479570,30906935.401541483,26944357.231479105,3962.578,3.97972e14,0.1576,-3.79090e6,1.89721e6,-4.75832e-9
1489479600,30894328.46811562,26925892.03813259,3968.436,3.97378e14,0.3066,-3.79782e6,1.90210e6,-4.77057e-9
1489479630,30881677.191730645,26907432.7795736,3974.244,3.98682e14,0.0205,-3.81378e6,1.90697e6,-4.78279e-9
1489479660,30868981.67199304,26888979.807844754,3980.002,3.93010e14,1.4026,-3.79630e6,1.91183e6,-4.79498e-9
1489479690,30856242.00914933,26870533.47628475,3985.709,3.96661e14,0.4865,-3.82348e6,1.91668e6,-4.80713e-9
1489479720,30843458.30408817,26852094.13954363,3991.364,4.01068e14,0.6191,-3.85436e6,1.92151e6,-4.81926e-9
1489479750,30830630.658343527,26833662.153580092,3996.969,3.95215e14,0.8492,-3.83576e6,1.92633e6,-4.83135e-9
1489479780,30817759.174097694,26815237.875658795,4002.521,3.94974e14,0.9097,-3.84416e6,1.93114e6,-4.84341e-9
1489479810,30804843.95418448,26796821.664347477,4008.022,3.98668e14,0.0168,-3.87164e6,1.93594e6,-4.85543e-9
1489479840,30791885.10209228,26778413.879513897,4013.471,3.92929e14,1.4229,-3.85327e6,1.94072e6,-4.86742e-9
1489479870,30778882.72196721,26760014.88232278,4018.868,3.93103e14,1.3791,-3.86359e6,1.94549e6,-4.87938e-9
1489479900,30765836.918616276,26741625.035232548,4024.212,3.99579e14,0.2456,-3.90470e6,1.95024e6,-4.89130e-9
1489479930,30752747.79750314,26723244.702015698,4029.503,4.08379e14,2.4533,-3.95734e6,1.95498e6,-4.90319e-9
1489479960,30739615.464773905,26704874.247682277,4034.741,4.02874e14,1.0720,-3.93984e6,1.95971e6,-4.91504e-9
1489479990,30726440.02723761,26686514.03854938,4039.926,3.90113e14,2.1293,-3.88644e6,1.96442e6,-4.92685e-9
1489480020,30713221.592376623,26668164.44221394,4045.057,3.97932e14,0.1677,-3.93435e6,1.96911e6,-4.93863e-9
1489480050,30699960.26834982,26649825.827549145,4050.134,4.03762e14,1.2950,-3.97256e6,1.97379e6,-4.95037e-9
1489480080,30686656.163995646,26631498.56470057,4055.158,3.99329e14,0.1827,-3.95995e6,1.97846e6,-4.96207e-9
1489480110,30673309.38883533,26613183.025082357,4060.126,4.02330e14,0.9358,-3.98419e6,1.98311e6,-4.97373e-9
1489480140,30659920.05307597,26594879.581373062,4065.040,4.08082e14,2.3788,-4.02218e6,1.98774e6,-4.98535e-9
1489480170,30646488.267613705,26576588.607511498,4069.900,4.02611e14,1.0062,-4.00419e6,1.99236e6,-4.99694e-9
1489480200,30633014.14403693,26558310.47869243,4074.704,3.94797e14,0.9542,-3.97430e6,1.99697e6,-5.00848e-9
1489480230,30619497.794630367,26540045.571340926,4079.452,3.93318e14,1.3253,-3.97600e6,2.00155e6,-5.01998e-9
1489480260,30605939.33237532,26521794.263172626,4084.145,3.97528e14,0.2689,-4.00626e6,2.00612e6,-5.03144e-9
1489480290,30592338.870955996,26503556.933124147,4088.782,3.96260e14,0.5871,-4.00896e6,2.01068e6,-5.04286e-9
1489480320,30578696.524761688,26485333.96136889,4093.363,3.92052e14,1.6428,-3.99674e6,2.01521e6,-5.05424e-9
1489480350,30565012.408890076,26467125.729311667,4097.887,3.97731e14,0.2182,-4.03447e6,2.01973e6,-5.06557e-9
1489480380,30551286.639150508,26448932.61958334,4102.354,3.98831e14,0.0579,-4.04905e6,2.02423e6,-5.07686e-9
1489480410,30537519.332067277,26430755.016035177,4106.764,3.97972e14,0.1576,-4.05364e6,2.02872e6,-5.08811e-9
1489480440,30523710.604883023,26412593.303733014,4111.117,3.99904e14,0.3271,-4.07242e6,2.03318e6,-5.09931e-9
1489480470,30509860.575561974,26394447.868951395,4115.413,3.99900e14,0.3259,-4.08131e6,2.03763e6,-5.11047e-9
1489480500,30495969.36279343,26376319.09916738,4119.650,3.97599e14,0.2512,-4.07840e6,2.04206e6,-5.12158e-9
1489480530,30482037.086008932,26358207.38306325,4123.830,3.92880e14,1.4350,-4.06299e6,2.04647e6,-5.13264e-9
1489480560,30468063.865343083,26340113.110492725,4127.951,3.98130e14,0.1181,-4.09871e6,2.05087e6,-5.14366e-9
1489480590,30454049.8216796,26322036.672501437,4132.013,4.03970e14,1.3471,-4.13756e6,2.05524e6,-5.15463e-9
1489480620,30439995.0766411,26303978.461311623,4136.017,4.02411e14,0.9560,-4.13827e6,2.05959e6,-5.16555e-9
1489480650,30425899.75259268,26285938.87031524,4139.961,3.99149e14,0.1376,-4.13009e6,2.06393e6,-5.17642e-9
1489480680,30411763.97264543,26267918.294066988,4143.846,3.95164e14,0.8621,-4.11805e6,2.06824e6,-5.18724e-9
1489480710,30397587.860660166,26249917.12827721,4147.671,4.01172e14,0.6451,-4.15783e6,2.07254e6,-5.19801e-9
1489480740,30383371.541250907,26231935.769804575,4151.436,4.02401e14,0.9536,-4.17281e6,2.07681e6,-5.20873e-9
1489480770,30369115.139788516,26213974.61664859,4155.141,3.98196e14,0.1014,-4.15941e6,2.08107e6,-5.21940e-9
1489480800,30354818.782404315,26196034.06794208,4158.785,3.96849e14,0.4393,-4.16083e6,2.08530e6,-5.23002e-9
1489480830,30340482.595969096,26178114.52395098,4162.368,3.96030e14,0.6448,-4.16494e6,2.08951e6,-5.24058e-9
1489480860,30326106.708172467,26160216.38604257,4165.890,3.96607e14,0.5001,-4.17633e6,2.09370e6,-5.25109e-9
1489480890,30311691.247450646,26142340.0567017,4169.351,3.94446e14,1.0423,-4.17327e6,2.09787e6,-5.26155e-9
1489480920,30297236.343014326,26124485.939514562,4172.750,3.97348e14,0.3143,-4.19682e6,2.10202e6,-5.27195e-9
1489480950,30282742.12485217,26106654.439160272,4176.088,3.98786e14,0.0465,-4.21265e6,2.10615e6,-5.28230e-9
1489480980,30268208.72373417,26088845.96140227,4179.363,3.99676e14,0.2697,-4.22557e6,2.11025e6,-5.29259e-9
1489481010,30253636.27121515,26071060.91307956,4182.575,4.02480e14,0.9732,-4.24861e6,2.11433e6,-5.30283e-9
1489481040,30239024.899638113,26053299.702097688,4185.725,3.98941e14,0.0854,-4.23796e6,2.11839e6,-5.31300e-9
1489481070,30224374.742137782,26035562.73741955,4188.812,3.99039e14,0.1101,-4.24656e6,2.12242e6,-5.32312e-9
1489481100,30209685.93264399,26017850.429056004,4191.836,4.02051e14,0.8657,-4.27064e6,2.12643e6,-5.33318e-9
1489481130,30194958.60590658,26000163.188034844,4194.795,4.01275e14,0.6710,-4.27451e6,2.13042e6,-5.34319e-9
1489481160,30180192.897433072,25982501.426457323,4197.691,4.03664e14,1.2703,-4.29525e6,2.13438e6,-5.35313e-9
1489481190,30165388.943558145,25964865.557421315,4200.523,4.02715e14,1.0322,-4.29808e6,2.13832e6,-5.36301e-9
1489481220,30150546.881426014,25947255.99503263,4203.291,4.02017e14,0.8572,-4.30220e6,2.14224e6,-5.37283e-9
1489481250,30135666.848994154,25929673.15439452,4205.994,4.01740e14,0.7876,-4.30852e6,2.14613e6,-5.38258e-9
1489481280,30120748.985037103,25912117.45159686,4208.632,3.93894e14,1.1808,-4.27397e6,2.14999e6,-5.39228e-9
1489481310,30105793.42915025,25894589.303705297,4211.204,3.95243e14,0.8423,-4.28889e6,2.15383e6,-5.40191e-9
1489481340,30090800.321753602,25877089.128750015,4213.711,3.95876e14,0.6835,-4.29992e6,2.15764e6,-5.41147e-9
1489481370,30075769.804095693,25859617.345714528,4216.152,3.96874e14,0.4330,-4.31288e6,2.16143e6,-5.42098e-9
1489481400,30060702.018257335,25842174.37452411,4218.528,4.00079e14,0.3708,-4.33778e6,2.16519e6,-5.43041e-9
1489481430,30045597.107151106,25824760.63606322,4220.836,3.95930e14,0.6699,-4.32270e6,2.16893e6,-5.43978e-9
1489481460,30030455.214538928,25807376.552073807,4223.079,3.99153e14,0.1385,-4.34765e6,2.17263e6,-5.44908e-9
1489481490,30015276.485022176,25790022.545233585,4225.254,3.99941e14,0.3363,-4.35932e6,2.17632e6,-5.45832e-9
1489481520,30000061.06404998,25772699.039114743,4227.362,3.96973e14,0.4082,-4.35041e6,2.17997e6,-5.46748e-9
1489481550,29984809.097923107,25755406.458171647,4229.403,3.97429e14,0.2940,-4.36015e6,2.18360e6,-5.47658e-9
1489481580,29969520.733797733,25738145.2277285,4231.376,3.94453e14,1.0405,-4.35101e6,2.18719e6,-5.48560e-9
1489481610,29954196.11968939,25720915.773966704,4233.280,3.98515e14,0.0214,-4.38043e6,2.19076e6,-5.49456e-9
1489481640,29938835.40447678,25703718.523911987,4235.117,4.01056e14,0.6161,-4.40150e6,2.19430e6,-5.50344e-9
1489481670,29923438.73790558,25686553.90542138,4236.885,4.01318e14,0.6817,-4.40998e6,2.19782e6,-5.51226e-9
1489481700,29908006.27059229,25669422.347169966,4238.584,4.01150e14,0.6396,-4.41604e6,2.20130e6,-5.52099e-9
1489481730,29892538.154012114,25652324.278606195,4240.214,3.93766e14,1.2129,-4.38214e6,2.20475e6,-5.52966e-9
1489481760,29877034.54055206,25635260.130034346,4241.774,3.92898e14,1.4305,-4.38414e6,2.20818e6,-5.53825e-9
1489481790,29861495.583465375,25618230.33250404,4243.265,3.90557e14,2.0180,-4.37789e6,2.21157e6,-5.54676e-9
1489481820,29845921.436891224,25601235.317827135,4244.686,3.97628e14,0.2441,-4.42383e6,2.21493e6,-5.55520e-9
1489481850,29830312.25585839,25584275.518563088,4246.037,4.02262e14,0.9185,-4.45627e6,2.21826e6,-5.56356e-9
1489481880,29814668.196289055,25567351.36800403,4247.317,3.96419e14,0.5474,-4.43035e6,2.22157e6,-5.57184e-9
1489481910,29798989.41500248,25550463.300159834,4248.526,3.90977e14,1.9125,-4.40651e6,2.22484e6,-5.58005e-9
1489481940,29783276.06971877,25533611.74974274,4249.664,3.97003e14,0.4009,-4.44659e6,2.22807e6,-5.58817e-9
1489481970,29767528.319062624,25516797.152151812,4250.731,4.10462e14,2.9759,-4.52832e6,2.23128e6,-5.59622e-9
1489482000,29751746.32256718,25500019.943457343,4251.726,4.09319e14,2.6891,-4.52835e6,2.23445e6,-5.60418e-9
1489482030,29735930.24070555,25483280.56041554,4252.650,4.03616e14,1.2582,-4.50271e6,2.23760e6,-5.61207e-9
1489482060,29720080.23480896,25466579.440357856,4253.501,3.97243e14,0.3405,-4.47316e6,2.24070e6,-5.61987e-9
1489482090,29704196.46715651,25449917.02126945,4254.279,3.95243e14,0.8424,-4.46804e6,2.24378e6,-5.62758e-9
1489482120,29688279.100951493,25433293.741742186,4254.985,3.97963e14,0.1599,-4.48943e6,2.24682e6,-5.63521e-9
1489482150,29672328.300325457,25416710.040958125,4255.618,3.99594e14,0.2492,-4.50464e6,2.24983e6,-5.64276e-9
1489482180,29656344.230342288,25400166.35867279,4256.178,4.00456e14,0.4655,-4.51547e6,2.25280e6,-5.65022e-9
1489482210,29640327.057002366,25383663.135198258,4256.664,4.01581e14,0.7477,-4.52772e6,2.25574e6,-5.65760e-9
1489482240,29624276.94724675,25367200.811385978,4257.076,3.97917e14,0.1715,-4.51280e6,2.25864e6,-5.66489e-9
1489482270,29608194.0689612,25350779.828609385,4257.414,3.89889e14,2.1855,-4.47300e6,2.26151e6,-5.67208e-9
1489482300,29592078.590980366,25334400.628746264,4257.678,3.92933e14,1.4218,-4.49589e6,2.26434e6,-5.67919e-9
1489482330,29575930.68306726,25318063.65413327,4257.867,4.00352e14,0.4395,-4.54363e6,2.26714e6,-5.68621e-9
1489482360,29559750.515993476,25301769.347633127,4257.981,3.98571e14,0.0074,-4.53902e6,2.26990e6,-5.69314e-9
1489482390,29543538.261467006,25285518.15253093,4258.020,3.96818e14,0.4471,-4.53448e6,2.27263e6,-5.69998e-9
1489482420,29527294.092160806,25269310.512542978,4257.984,3.99245e14,0.1618,-4.55370e6,2.27531e6,-5.70672e-9
1489482450,29511018.18171675,25253146.871797793,4257.871,3.99443e14,0.2115,-4.56013e6,2.27796e6,-5.71338e-9
1489482480,29494710.70474953,25237027.674816936,4257.683,3.94210e14,1.1015,-4.53543e6,2.28057e6,-5.71993e-9
1489482510,29478371.836850554,25220953.366495542,4257.418,3.98850e14,0.0626,-4.56712e6,2.28315e6,-5.72640e-9
1489482540,29462001.754591838,25204924.392082606,4257.077,3.97532e14,0.2679,-4.56464e6,2.28568e6,-5.73276e-9
1489482570,29445600.635529887,25188941.197161138,4256.659,3.91760e14,1.7160,-4.53651e6,2.28818e6,-5.73903e-9
1489482600,29429168.65820958,25173004.227627985,4256.164,3.97099e14,0.3766,-4.57206e6,2.29064e6,-5.74520e-9
1489482630,29412706.002177265,25157113.92969695,4255.592,4.00489e14,0.4738,-4.59638e6,2.29306e6,-5.75128e-9
1489482660,29396212.847956236,25141270.749806073,4254.942,4.04174e14,1.3982,-4.62237e6,2.29544e6,-5.75725e-9
1489482690,29379689.377079193,25125475.134669043,4254.214,3.98752e14,0.0379,-4.59583e6,2.29778e6,-5.76312e-9
1489482720,29363135.772082917,25109727.531231105,4253.408,3.95566e14,0.7614,-4.58205e6,2.30008e6,-5.76890e-9
1489482750,29346552.21651229,25094028.386647955,4252.524,4.00819e14,0.5565,-4.61689e6,2.30233e6,-5.77457e-9
1489482780,29329938.894924235,25078378.148264524,4251.561,3.98585e14,0.0038,-4.60843e6,2.30455e6,-5.78013e-9
1489482810,29313295.99289182,25062777.26359355,4250.519,3.97151e14,0.3636,-4.60448e6,2.30673e6,-5.78560e-9
1489482840,29296623.69700813,25047226.18029383,4249.398,3.99752e14,0.2890,-4.62381e6,2.30886e6,-5.79095e-9
1489482870,29279922.19489041,25031725.3461484,4248.197,4.02571e14,0.9960,-4.64433e6,2.31095e6,-5.79621e-9
1489482900,29263191.67518401,25016275.20904233,4246.916,4.00729e14,0.5340,-4.63777e6,2.31300e6,-5.80135e-9
1489482930,29246432.32757754,25000876.216922615,4245.556,3.99758e14,0.2904,-4.63616e6,2.31501e6,-5.80639e-9
1489482960,29229644.342772767,24985528.817830544,4244.116,3.99468e14,0.2178,-4.63841e6,2.31697e6,-5.81132e-9
1489482990,29212827.91252283,24970233.459823895,4242.594,4.01706e14,0.7792,-4.65527e6,2.31889e6,-5.81615e-9
1489483020,29195983.229625337,24954990.590971574,4240.993,4.02898e14,1.0782,-4.66598e6,2.32076e6,-5.82086e-9
1489483050,29179110.487926435,24939800.659330223,4239.310,3.99028e14,0.1072,-4.64711e6,2.32260e6,-5.82546e-9
1489483080,29162209.882324953,24924664.11292068,4237.546,3.98347e14,0.0635,-4.64672e6,2.32438e6,-5.82995e-9
1489483110,29145281.60877654,24909581.39970414,4235.700,3.99334e14,0.1840,-4.65597e6,2.32612e6,-5.83432e-9
1489483140,29128325.864297695,24894552.96755817,4233.773,3.96083e14,0.6315,-4.64039e6,2.32782e6,-5.83859e-9
1489483170,29111342.8469699,24879579.26425242,4231.764,3.98142e14,0.1151,-4.65571e6,2.32947e6,-5.84273e-9
1489483200,29094332.75594362,24864660.737424217,4229.672,4.02524e14,0.9843,-4.68454e6,2.33107e6,-5.84677e-9
1489483230,29077295.791413877,24849797.834566392,4227.498,3.92816e14,1.4512,-4.63087e6,2.33263e6,-5.85068e-9
1489483260,29060232.15471217,24834991.002964042,4225.241,3.94890e14,0.9309,-4.64602e6,2.33414e6,-5.85448e-9
1489483290,29043142.04822232,24820240.689707868,4222.901,4.00413e14,0.4548,-4.68129e6,2.33561e6,-5.85816e-9
1489483320,29026025.67541282,24805547.34165657,4220.478,3.94750e14,0.9660,-4.65094e6,2.33702e6,-5.86172e-9
1489483350,29008883.240840524,24790911.405411527,4217.972,3.94319e14,1.0741,-4.65114e6,2.33839e6,-5.86516e-9
1489483380,28991714.950154446,24776333.32729123,4215.382,3.99218e14,0.1549,-4.68251e6,2.33971e6,-5.86848e-9
1489483410,28974521.010099474,24761813.55330553,4212.707,4.00053e14,0.3643,-4.68996e6,2.34098e6,-5.87168e-9
1489483440,28957301.6285201,24747352.529129706,4209.949,4.02613e14,1.0066,-4.70746e6,2.34220e6,-5.87476e-9
1489483470,28940057.014364205,24732950.700078335,4207.106,4.02489e14,0.9756,-4.70909e6,2.34338e6,-5.87771e-9
1489483500,28922787.37768672,24718608.51107885,4204.179,3.96135e14,0.6184,-4.67399e6,2.34450e6,-5.88054e-9
1489483530,28905492.929691628,24704326.40663969,4201.167,4.00181e14,0.3965,-4.69993e6,2.34557e6,-5.88324e-9
1489483560,28888173.882617924,24690104.830840208,4198.069,4.00392e14,0.4496,-4.70323e6,2.34659e6,-5.88581e-9
1489483590,28870830.449861467,24675944.22728724,4194.886,3.93133e14,1.3718,-4.66243e6,2.34757e6,-5.88826e-9
1489483620,28853462.845940806,24661845.03909318,4191.618,3.94347e14,1.0672,-4.67142e6,2.34849e6,-5.89058e-9
1489483650,28836071.286501206,24647807.7088487,4188.264,3.94957e14,0.9141,-4.67675e6,2.34935e6,-5.89277e-9
1489483680,28818655.988318723,24633832.678595133,4184.823,3.98794e14,0.0485,-4.70099e6,2.35017e6,-5.89483e-9
1489483710,28801217.169304226,24619920.389796797,4181.297,4.03108e14,1.1309,-4.72797e6,2.35094e6,-5.89676e-9
1489483740,28783755.0485074,24606071.283313014,4177.684,3.99033e14,0.1084,-4.70537e6,2.35165e6,-5.89856e-9
1489483770,28766269.84612078,24592285.799369995,4173.984,4.01050e14,0.6145,-4.71859e6,2.35231e6,-5.90022e-9
1489483800,28748761.783483688,24578564.37753261,4170.197,4.01845e14,0.8140,-4.72450e6,2.35291e6,-5.90175e-9
1489483830,28731231.083048034,24564907.456674833,4166.324,3.98493e14,0.0268,-4.70583e6,2.35346e6,-5.90315e-9
1489483860,28713677.968499985,24551315.47495449,4162.362,3.95298e14,0.8284,-4.68796e6,2.35396e6,-5.90441e-9
1489483890,28696102.664645705,24537788.86978067,4158.314,3.94593e14,1.0054,-4.68468e6,2.35440e6,-5.90553e-9
1489483920,28678505.39745319,24524328.077786084,4154.177,3.94755e14,0.9648,-4.68642e6,2.35479e6,-5.90652e-9
1489483950,28660886.39405577,24510933.534797866,4149.953,3.91090e14,1.8841,-4.66544e6,2.35512e6,-5.90736e-9
1489483980,28643245.882755645,24497605.675808314,4145.640,3.96176e14,0.6081,-4.69604e6,2.35540e6,-5.90807e-9
1489484010,28625584.093027387,24484344.93494549,4141.239,4.00779e14,0.5467,-4.72368e6,2.35562e6,-5.90864e-9
1489484040,28607901.25552136,24471151.745443575,4136.750,3.98728e14,0.0319,-4.71190e6,2.35579e6,-5.90907e-9
1489484070,28590197.60206718,24458026.539613158,4132.171,3.98296e14,0.0764,-4.70957e6,2.35590e6,-5.90935e-9
1489484100,28572473.365677148,24444969.748811387,4127.504,3.96252e14,0.5891,-4.69760e6,2.35595e6,-5.90949e-9
1489484130,28554728.780578095,24431981.80341898,4122.747,3.96257e14,0.5880,-4.69761e6,2.35594e6,-5.90949e-9
1489484160,28536964.082126975,24419063.132788096,4117.901,3.98418e14,0.0458,-4.71026e6,2.35588e6,-5.90934e-9
1489484190,28519179.506902475,24406214.165234644,4112.965,3.96902e14,0.4262,-4.70107e6,2.35575e6,-5.90905e-9
1489484220,28501375.292679988,24393435.328000512,4107.940,3.98638e14,0.0093,-4.71097e6,2.35557e6,-5.90861e-9
1489484250,28483551.678435232,24380727.047223035,4102.825,4.01274e14,0.6707,-4.72607e6,2.35533e6,-5.90802e-9
1489484280,28465708.904347796,24368089.74790445,4097.619,3.97845e14,0.1894,-4.70522e6,2.35503e6,-5.90729e-9
1489484310,28447847.211804725,24355523.85388106,4092.323,3.99803e14,0.3016,-4.71607e6,2.35468e6,-5.90640e-9
1489484340,28429966.843404,24343029.787792433,4086.937,4.03661e14,1.2695,-4.73802e6,2.35426e6,-5.90537e-9
1489484370,28412068.042958114,24330607.97105033,4081.460,3.95566e14,0.7614,-4.68927e6,2.35378e6,-5.90418e-9
1489484400,28394151.05549749,24318258.823807597,4075.892,3.92251e14,1.5930,-4.66863e6,2.35324e6,-5.90284e-9
1489484430,28376216.12726147,24305982.764914356,4070.233,3.99668e14,0.2679,-4.71122e6,2.35264e6,-5.90135e-9
1489484460,28358263.505740475,24293780.211925834,4064.483,3.98663e14,0.0156,-4.70397e6,2.35198e6,-5.89971e-9
1489484490,28340293.439640354,24281651.581030983,4058.642,3.98528e14,0.0181,-4.70174e6,2.35125e6,-5.89791e-9
1489484520,28322306.178898312,24269597.2870339,4052.709,3.99869e14,0.3183,-4.70808e6,2.35047e6,-5.89596e-9
1489484550,28304301.97468615,24257617.743322086,4046.684,3.96261e14,0.5870,-4.68512e6,2.34962e6,-5.89385e-9
1489484580,28286281.079413448,24245713.361834604,4040.568,3.99435e14,0.2095,-4.70202e6,2.34871e6,-5.89158e-9
1489484610,28268243.74673071,24233884.553030204,4034.359,3.98083e14,0.1299,-4.69211e6,2.34774e6,-5.88915e-9
1489484640,28250190.231532477,24222131.725855295,4028.059,3.95232e14,0.8450,-4.67326e6,2.34670e6,-5.88657e-9
1489484670,28232120.78996038,24210455.287712008,4021.666,4.01738e14,0.7872,-4.70935e6,2.34560e6,-5.88382e-9
1489484700,28214035.679406177,24198855.644426033,4015.180,4.04333e14,1.4381,-4.72228e6,2.34443e6,-5.88092e-9
1489484730,28195935.158513762,24187333.20023525,4008.602,4.02585e14,0.9996,-4.70954e6,2.34321e6,-5.87785e-9
1489484760,28177819.48718506,24175888.35769326,4001.931,3.99665e14,0.2671,-4.68979e6,2.34191e6,-5.87462e-9
1489484790,28159688.926580112,24164521.51770212,3995.167,4.02233e14,0.9112,-4.70215e6,2.34055e6,-5.87123e-9
1489484820,28141543.739120785,24153233.079459045,3988.311,3.98957e14,0.0895,-4.68008e6,2.33913e6,-5.86767e-9
1489484850,28123384.188493613,24142023.44042426,3981.361,3.89552e14,2.2700,-4.62195e6,2.33764e6,-5.86395e-9
1489484880,28105210.539652586,24130892.996288788,3974.318,3.97064e14,0.3854,-4.66290e6,2.33608e6,-5.86006e-9
1489484910,28087023.058821894,24119842.140942134,3967.181,4.02601e14,1.0038,-4.69210e6,2.33446e6,-5.85601e-9
1489484940,28068822.013498597,24108871.26644002,3959.951,3.99123e14,0.1312,-4.66835e6,2.33277e6,-5.85179e-9
1489484970,28050607.67245528,24097980.76297202,3952.627,3.99122e14,0.1307,-4.66484e6,2.33101e6,-5.84740e-9
1489485000,28032380.30574269,24087171.018829122,3945.209,3.99471e14,0.2185,-4.66323e6,2.32919e6,-5.84284e-9
1489485030,28014140.18469567,24076442.420343447,3937.698,3.99578e14,0.2452,-4.66008e6,2.32730e6,-5.83812e-9
1489485060,27995887.581925374,24065795.351942133,3930.092,3.96749e14,0.4644,-4.63966e6,2.32534e6,-5.83322e-9
1489485090,27977622.77133206,24055230.196027808,3922.393,3.96381e14,0.5568,-4.63348e6,2.32331e6,-5.82815e-9
1489485120,27959346.02810425,24044747.332974177,3914.599,4.05023e14,1.6114,-4.67962e6,2.32121e6,-5.82291e-9
1489485150,27941057.628721144,24034347.141093276,3906.710,4.04415e14,1.4587,-4.67173e6,2.31904e6,-5.81750e-9
1489485180,27922757.850955047,24024029.996602807,3898.728,3.97787e14,0.2041,-4.62871e6,2.31681e6,-5.81191e-9
1489485210,27904446.973873686,24013796.2735934,3890.651,3.98925e14,0.0814,-4.63072e6,2.31451e6,-5.80615e-9
1489485240,27886125.27784257,24003646.343995977,3882.479,4.05586e14,1.7526,-4.66462e6,2.31213e6,-5.80021e-9
1489485270,27867793.044527166,23993580.57754912,3874.212,4.07255e14,2.1711,-4.66936e6,2.30969e6,-5.79410e-9
1489485300,27849450.55689518,23983599.34176644,3865.851,4.02410e14,0.9557,-4.63624e6,2.30717e6,-5.78781e-9
1489485330,27831098.099223055,23973703.001933567,3857.395,4.04583e14,1.5010,-4.64362e6,2.30459e6,-5.78134e-9
1489485360,27812735.95708464,23963891.920984533,3848.844,4.05450e14,1.7184,-4.64328e6,2.30193e6,-5.77470e-9
1489485390,27794364.417366743,23954166.45956097,3840.198,4.00431e14,0.4593,-4.60884e6,2.29920e6,-5.76787e-9
1489485420,27775983.768266797,23944526.975950345,3831.457,3.97270e14,0.3337,-4.58502e6,2.29640e6,-5.76087e-9
1489485450,27757594.29929479,23934973.82605376,3822.620,3.95205e14,0.8518,-4.56742e6,2.29353e6,-5.75369e-9
1489485480,27739196.301275235,23925507.363354057,3813.689,3.92718e14,1.4758,-4.54727e6,2.29059e6,-5.74633e-9
1489485510,27720790.066349007,23916127.93888389,3804.662,3.95927e14,0.6707,-4.55971e6,2.28757e6,-5.73878e-9
1489485540,27702375.887975074,23906835.90119382,3795.540,4.01105e14,0.6283,-4.58324e6,2.28448e6,-5.73105e-9
1489485570,27683954.060932264,23897631.59632066,3786.322,4.03549e14,1.2415,-4.59089e6,2.28132e6,-5.72314e-9
1489485600,27665524.88132086,23888515.367755666,3777.010,3.97649e14,0.2386,-4.55067e6,2.27809e6,-5.71505e-9
1489485630,27647088.64655274,23879487.556388963,3767.601,3.94405e14,1.0525,-4.52556e6,2.27478e6,-5.70677e-9
1489485660,27628645.655388318,23870548.500552475,3758.097,3.98675e14,0.0186,-4.54317e6,2.27139e6,-5.69831e-9
1489485690,27610196.20790226,23861698.535913583,3748.498,3.96181e14,0.6071,-4.52207e6,2.26794e6,-5.68966e-9
1489485720,27591740.605496407,23852937.99546798,3738.803,3.97106e14,0.3749,-4.52030e6,2.26441e6,-5.68083e-9
1489485750,27573279.150900878,23844267.209508304,3729.012,4.01901e14,0.8282,-4.54031e6,2.26080e6,-5.67181e-9
1489485780,27554812.148175225,23835686.505592804,3719.126,3.96792e14,0.4536,-4.50400e6,2.25712e6,-5.66260e-9
1489485810,27536339.902709518,23827196.208514318,3709.144,3.98542e14,0.0146,-4.50641e6,2.25337e6,-5.65320e-9
1489485840,27517862.72122526,23818796.64026918,3699.066,4.06180e14,1.9016,-4.54187e6,2.24954e6,-5.64362e-9
1489485870,27499380.911776315,23810488.120026436,3688.893,4.00244e14,0.4124,-4.50055e6,2.24564e6,-5.63384e-9
1489485900,27480894.78374977,23802270.964097075,3678.624,3.94216e14,1.1000,-4.45868e6,2.24166e6,-5.62388e-9
1489485930,27462404.647877686,23794145.485921275,3668.259,3.95768e14,0.7105,-4.45933e6,2.23760e6,-5.61373e-9
1489485960,27443910.81620366,23786111.9959832,3657.799,4.01705e14,0.7788,-4.48437e6,2.23347e6,-5.60338e-9
1489485990,27425413.602117877,23778170.801835842,3647.243,3.98721e14,0.0302,-4.45924e6,2.22926e6,-5.59285e-9
1489486020,27406913.32034654,23770322.20805333,3636.591,3.93643e14,1.2437,-4.42234e6,2.22497e6,-5.58212e-9
1489486050,27388410.286952466,23762566.516201146,3625.844,3.99529e14,0.2329,-4.44647e6,2.22061e6,-5.57120e-9
1489486080,27369904.81933546,23754904.024806608,3615.001,4.00513e14,0.4798,-4.44306e6,2.21617e6,-5.56009e-9
1489486110,27351397.236232776,23747335.029329553,3604.062,4.01601e14,0.7529,-4.44006e6,2.21166e6,-5.54878e-9
1489486140,27332887.85771944,23739859.822133206,3593.028,4.05224e14,1.6617,-4.45090e6,2.20706e6,-5.53729e-9
1489486170,27314377.00520837,23732478.69245518,3581.898,3.95749e14,0.7154,-4.38914e6,2.20239e6,-5.52559e-9
1489486200,27295865.0014506,23725191.92637878,3570.673,3.94851e14,0.9407,-4.37474e6,2.19765e6,-5.51370e-9
1489486230,27277352.17052738,23717999.806788836,3559.352,3.99503e14,0.2265,-4.39074e6,2.19282e6,-5.50162e-9
1489486260,27258838.837874655,23710902.6133916,3547.936,3.98454e14,0.0367,-4.37517e6,2.18792e6,-5.48934e-9
1489486290,27240325.330258124,23703900.62263829,3536.425,3.92422e14,1.5499,-4.33218e6,2.18293e6,-5.47687e-9
1489486320,27221811.975781012,23696994.107712775,3524.818,3.92767e14,1.4636,-4.32403e6,2.17787e6,-5.46420e-9
1489486350,27203299.103883713,23690183.3385038,3513.116,4.01430e14,0.7099,-4.36106e6,2.17274e6,-5.45133e-9
1489486380,27184787.045343302,23683468.581577502,3501.318,3.97283e14,0.3306,-4.32805e6,2.16752e6,-5.43827e-9
1489486410,27166276.132272966,23676850.10015013,3489.426,3.98165e14,0.1092,-4.32227e6,2.16222e6,-5.42500e-9
1489486440,27147766.698121335,23670328.15406109,3477.439,4.05158e14,1.6453,-4.34938e6,2.15685e6,-5.41154e-9
1489486470,27129259.077671774,23663902.999746125,3465.356,4.00479e14,0.4713,-4.31313e6,2.15139e6,-5.39788e-9
1489486500,27110753.607041486,23657574.890210968,3453.179,3.98522e14,0.0197,-4.29151e6,2.14586e6,-5.38403e-9
1489486530,27092250.623690665,23651344.075019885,3440.907,3.99989e14,0.3482,-4.28817e6,2.14025e6,-5.36997e-9
1489486560,27073750.466390304,23645210.800224245,3428.540,3.97570e14,0.2586,-4.26383e6,2.13456e6,-5.35572e-9
1489486590,27055253.475252442,23639175.30838249,3416.078,3.99087e14,0.1220,-4.26041e6,2.12878e6,-5.34126e-9
1489486620,27036759.99171877,23633237.838520255,3403.522,3.97254e14,0.3378,-4.23895e6,2.12293e6,-5.32661e-9
1489486650,27018270.35855937,23627398.626105465,3390.872,4.03558e14,1.2438,-4.26060e6,2.11700e6,-5.31175e-9
1489486680,26999784.91987133,23621657.903023798,3378.127,4.05948e14,1.8432,-4.26117e6,2.11099e6,-5.29670e-9
1489486710,26981304.02107725,23616015.897554383,3365.288,3.98606e14,0.0013,-4.21011e6,2.10490e6,-5.28144e-9
1489486740,26962828.008923627,23610472.834345974,3352.355,3.99208e14,0.1525,-4.20096e6,2.09873e6,-5.26599e-9
1489486770,26944357.231479105,23605028.934393227,3339.328,3.99444e14,0.2116,-4.18969e6,2.09248e6,-5.25033e-9
1489486800,26925892.03813259,23599684.41501348,3326.208,3.99200e14,0.1504,-4.17575e6,2.08615e6,-5.23447e-9
1489486830,26907432.7795736,23594439.48981441,3312.993,4.01899e14,0.8277,-4.17702e6,2.07974e6,-5.21842e-9
1489486860,26888979.807844754,23589294.368700195,3299.685,4.03165e14,1.1451,-4.17057e6,2.07325e6,-5.20215e-9
1489486890,26870533.47628475,23584249.257820524,3286.284,4.01400e14,0.7023,-4.14821e6,2.06668e6,-5.18569e-9
1489486920,26852094.13954363,23579304.359557845,3272.790,3.96633e14,0.4936,-4.11023e6,2.06002e6,-5.16903e-9
1489486950,26833662.153580092,23574459.87250566,3259.202,3.99036e14,0.1094,-4.10919e6,2.05329e6,-5.15216e-9
1489486980,26815237.875658795,23569715.99144716,3245.522,4.02993e14,1.1020,-4.11588e6,2.04648e6,-5.13510e-9
1489487010,26796821.664347477,23565072.907334283,3231.749,4.00025e14,0.3574,-4.08684e6,2.03958e6,-5.11783e-9
1489487040,26778413.879513897,23560530.807267047,3217.883,4.03475e14,1.2228,-4.09047e6,2.03261e6,-5.10035e-9
1489487070,26760014.88232278,23556089.874473274,3203.925,4.02062e14,0.8684,-4.06911e6,2.02556e6,-5.08268e-9
1489487100,26741625.035232548,23551750.288288675,3189.875,3.92923e14,1.4242,-4.00850e6,2.01842e6,-5.06480e-9
1489487130,26723244.702015698,23547512.2241325,3175.732,3.89238e14,2.3489,-3.97558e6,2.01120e6,-5.04673e-9
1489487160,26704874.247682277,23543375.853503473,3161.498,3.97449e14,0.2889,-4.00246e6,2.00391e6,-5.02844e-9
1489487190,26686514.03854938,23539341.34394564,3147.173,4.05849e14,1.8185,-4.02982e6,1.99653e6,-5.00996e-9
1489487220,26668164.44221394,23535408.859035037,3132.756,3.99220e14,0.1553,-3.98169e6,1.98907e6,-4.99128e-9
1489487250,26649825.827549145,23531578.558361683,3118.247,3.96267e14,0.5855,-3.95193e6,1.98153e6,-4.97239e-9
1489487280,26631498.56470057,23527850.59751196,3103.648,4.00068e14,0.3681,-3.95557e6,1.97392e6,-4.95330e-9
1489487310,26613183.025082357,23524225.12805151,3088.958,3.96621e14,0.4965,-3.92315e6,1.96622e6,-4.93401e-9
1489487340,26594879.581373062,23520702.297508445,3074.177,3.95586e14,0.7562,-3.90255e6,1.95844e6,-4.91451e-9
1489487370,26576588.607511498,23517282.249357082,3059.306,3.98243e14,0.0897,-3.89990e6,1.95058e6,-4.89482e-9
1489487400,26558310.47869243,23513965.123002023,3044.345,4.06639e14,2.0166,-3.92497e6,1.94264e6,-4.87492e-9
1489487430,26540045.571340926,23510751.05378292,3029.295,4.05437e14,1.7152,-3.90294e6,1.93461e6,-4.85482e-9
1489487460,26521794.263172626,23507640.17289721,3014.154,3.96453e14,0.5389,-3.84317e6,1.92651e6,-4.83452e-9
1489487490,26503556.933124147,23504632.60744816,2998.924,3.99113e14,0.1286,-3.83967e6,1.91833e6,-4.81402e-9
1489487520,26485333.96136889,23501728.48041063,2983.605,4.04487e14,1.4768,-3.84890e6,1.91007e6,-4.79332e-9
1489487550,26467125.729311667,23498927.910617564,2968.198,4.03282e14,1.1745,-3.82636e6,1.90173e6,-4.77241e-9
1489487580,26448932.61958334,23496231.012746863,2952.702,3.98094e14,0.1271,-3.78477e6,1.89331e6,-4.75131e-9
1489487610,26430755.016035177,23493637.89730886,2937.117,3.98231e14,0.0927,-3.76844e6,1.88480e6,-4.73000e-9
1489487640,26412593.303733014,23491148.67063408,2921.445,4.01375e14,0.6961,-3.76610e6,1.87622e6,-4.70850e-9
1489487670,26394447.868951395,23488763.434861485,2905.684,4.00735e14,0.5356,-3.74572e6,1.86756e6,-4.68679e-9
1489487700,26376319.09916738,23486482.287927184,2889.837,3.98237e14,0.0911,-3.71655e6,1.85882e6,-4.66489e-9
1489487730,26358207.38306325,23484305.323523175,2873.902,3.99732e14,0.2840,-3.70587e6,1.85000e6,-4.64278e-9
1489487760,26340113.110492725,23482232.631180804,2857.880,3.99922e14,0.3316,-3.68893e6,1.84110e6,-4.62048e-9
1489487790,26322036.672501437,23480264.296166547,2841.772,3.95296e14,0.8290,-3.64968e6,1.83212e6,-4.59798e-9
1489487820,26303978.461311623,23478400.399502747,2825.578,3.95384e14,0.8069,-3.63206e6,1.82307e6,-4.57528e-9
1489487850,26285938.87031524,23476641.017958388,2809.298,4.01080e14,0.6220,-3.63979e6,1.81393e6,-4.55238e-9
1489487880,26267918.294066988,23474986.224040203,2792.932,4.05451e14,1.7186,-3.64111e6,1.80471e6,-4.52928e-9
1489487910,26249917.12827721,23473436.08598443,2776.481,3.98880e14,0.0702,-3.59277e6,1.79542e6,-4.50599e-9
1489487940,26231935.769804575,23471990.66774884,2759.945,3.94430e14,1.0462,-3.55408e6,1.78605e6,-4.48250e-9
1489487970,26213974.61664859,23470650.029005323,2743.325,3.98651e14,0.0126,-3.55411e6,1.77660e6,-4.45881e-9
1489488000,26196034.06794208,23469414.225133084,2726.620,4.00110e14,0.3786,-3.54153e6,1.76707e6,-4.43493e-9
1489488030,26178114.52395098,23468283.30724337,2709.831,4.02990e14,1.1013,-3.53499e6,1.75746e6,-4.41085e-9
1489488060,26160216.38604257,23467257.322077136,2692.959,4.02119e14,0.8828,-3.51171e6,1.74778e6,-4.38658e-9
1489488090,26142340.0567017,23466336.312096488,2676.004,3.97242e14,0.3409,-3.47083e6,1.73802e6,-4.36211e-9
1489488120,26124485.939514562,23465520.315448526,2658.966,3.93915e14,1.1756,-3.43677e6,1.72818e6,-4.33745e-9
1489488150,26106654.439160272,23464809.365961213,2641.845,3.99920e14,0.3311,-3.44296e6,1.71827e6,-4.31260e-9
1489488180,26088845.96140227,23464203.49313964,2624.642,4.01209e14,0.6544,-3.42848e6,1.70827e6,-4.28755e-9
1489488210,26071060.91307956,23463702.722162805,2607.358,3.96346e14,0.5656,-3.38756e6,1.69820e6,-4.26231e-9
1489488240,26053299.702097688,23463307.073880874,2589.993,3.97923e14,0.1700,-3.37401e6,1.68806e6,-4.23688e-9
1489488270,26035562.73741955,23463016.564812962,2572.546,4.00639e14,0.5114,-3.36503e6,1.67784e6,-4.21126e-9
1489488300,26017850.429056004,23462831.207145363,2555.019,3.94949e14,0.9161,-3.32058e6,1.66754e6,-4.18545e-9
1489488330,26000163.188034844,23462751.00870343,2537.412,3.96726e14,0.4703,-3.30733e6,1.65717e6,-4.15945e-9
1489488360,25982501.426457323,23462775.973033674,2519.725,4.00348e14,0.4384,-3.30147e6,1.64672e6,-4.13326e-9
1489488390,25964865.557421315,23462906.09932012,2501.959,3.95712e14,0.7247,-3.26134e6,1.63620e6,-4.10688e-9
1489488420,25947255.99503263,23463141.382411327,2484.115,3.99080e14,0.1203,-3.25398e6,1.62560e6,-4.08032e-9
1489488450,25929673.15439452,23463481.812820785,2466.191,4.00934e14,0.5853,-3.24014e6,1.61493e6,-4.05357e-9
1489488480,25912117.45159686,23463927.376727834,2448.190,4.02588e14,1.0005,-3.22526e6,1.60419e6,-4.02663e-9
1489488510,25894589.303705297,23464478.055979177,2430.111,4.02846e14,1.0652,-3.20456e6,1.59337e6,-3.99950e-9
1489488540,25877089.128750015,23465133.828090705,2411.955,4.04281e14,1.4251,-3.18836e6,1.58248e6,-3.97220e-9
1489488570,25859617.345714528,23465894.66624992,2393.723,3.96796e14,0.4526,-3.13676e6,1.57151e6,-3.94471e-9
1489488600,25842174.37452411,23466760.539318826,2375.414,3.91230e14,1.8491,-3.09293e6,1.56047e6,-3.91703e-9
1489488630,25824760.63606322,23467731.411851753,2357.029,4.01144e14,0.6380,-3.10948e6,1.54936e6,-3.88918e-9
1489488660,25807376.552073807,23468807.244054522,2338.569,4.00132e14,0.3843,-3.08315e6,1.53818e6,-3.86114e-9
1489488690,25790022.545233585,23469987.991833974,2320.035,3.94436e14,1.0447,-3.03877e6,1.52693e6,-3.83292e-9
1489488720,25772699.039114743,23471273.606788285,2301.425,3.97998e14,0.1511,-3.02979e6,1.51560e6,-3.80452e-9
1489488750,25755406.458171647,23472664.03621239,2282.742,4.01051e14,0.6147,-3.01855e6,1.50420e6,-3.77595e-9
1489488780,25738145.2277285,23474159.223103937,2263.986,4.01431e14,0.7102,-2.99698e6,1.49274e6,-3.74720e-9
1489488810,25720915.773966704,23475759.10616981,2245.157,3.99441e14,0.2110,-2.96643e6,1.48120e6,-3.71827e-9
1489488840,25703718.523911987,23477463.619832948,2226.255,3.98159e14,0.1108,-2.93846e6,1.46959e6,-3.68916e-9
1489488870,25686553.90542138,23479272.69423982,2207.281,3.92874e14,1.4367,-2.89578e6,1.45791e6,-3.65988e-9
1489488900,25669422.347169966,23481186.255268294,2188.236,3.94232e14,1.0959,-2.87740e6,1.44617e6,-3.63043e-9
1489488930,25652324.278606195,23483204.224540286,2169.120,4.11029e14,3.1181,-2.91439e6,1.43435e6,-3.60080e-9
1489488960,25635260.130034346,23485326.519417692,2149.934,4.08576e14,2.5026,-2.88150e6,1.42247e6,-3.57101e-9
1489488990,25618230.33250404,23487553.053024236,2130.677,4.07097e14,2.1316,-2.85206e6,1.41052e6,-3.54104e-9
1489489020,25601235.317827135,23489883.734251287,2111.352,4.01800e14,0.8027,-2.80918e6,1.39850e6,-3.51090e-9
1489489050,25584275.518563088,23492318.467768133,2091.957,4.01416e14,0.7065,-2.78358e6,1.38641e6,-3.48060e-9
1489489080,25567351.36800403,23494857.154032722,2072.494,4.11468e14,3.2281,-2.79388e6,1.37426e6,-3.45012e-9
1489489110,25550463.300159834,23497499.689302843,2052.964,4.12540e14,3.4970,-2.77272e6,1.36204e6,-3.41949e-9
1489489140,25533611.74974274,23500245.965647742,2033.366,3.99698e14,0.2754,-2.70421e6,1.34976e6,-3.38868e-9
1489489170,25516797.152151812,23503095.870960217,2013.701,3.80652e14,4.5030,-2.61553e6,1.33741e6,-3.35771e-9
1489494690,23504632.60744816,25508383.87271911,2003.751,3.88295e14,2.5854,2.62975e6,-1.33207e6,3.34201e-9
1489494720,23501728.48041063,25525182.84511468,2023.454,3.99834e14,0.3094,2.69310e6,-1.34444e6,3.37307e-9
1489494750,23498927.910617564,25542019.00523991,2043.091,4.09917e14,2.8390,2.75208e6,-1.35674e6,3.40396e-9
1489494780,23496231.012746863,25558891.917046342,2062.661,4.08105e14,2.3846,2.77069e6,-1.36898e6,3.43469e-9
1489494810,23493637.89730886,25575801.145164654,2082.163,4.05021e14,1.6109,2.78465e6,-1.38115e6,3.46526e-9
1489494840,23491148.67063408,25592746.254920203,2101.598,4.00758e14,0.5412,2.79416e6,-1.39325e6,3.49565e-9
1489494870,23488763.434861485,25609726.81234838,2120.963,3.99451e14,0.2135,2.81371e6,-1.40529e6,3.52588e-9
1489494900,23486482.287927184,25626742.384209726,2140.260,3.98230e14,0.0928,2.83335e6,-1.41726e6,3.55595e-9
1489494930,23484305.323523175,25643792.537995968,2159.487,4.00268e14,0.4183,2.86446e6,-1.42917e6,3.58584e-9
1489494960,23482232.631180804,25660876.84197232,2178.644,4.00506e14,0.4781,2.88906e6,-1.44100e6,3.61556e-9
1489494990,23480264.296166547,25677994.86516411,2197.731,3.95399e14,0.8032,2.89404e6,-1.45277e6,3.64511e-9
1489495020,23478400.399502747,25695146.17737999,2216.746,4.00279e14,0.4212,2.93529e6,-1.46447e6,3.67448e-9
1489495050,23476641.017958388,25712330.349225964,2235.689,4.02616e14,1.0074,2.96726e6,-1.47610e6,3.70369e-9
1489495080,23474986.224040203,25729546.952119093,2254.561,3.98724e14,0.0309,2.97597e6,-1.48765e6,3.73271e-9
1489495110,23473436.08598443,25746795.55830111,2273.359,4.05480e14,1.7258,3.02438e6,-1.49914e6,3.76156e-9
1489495140,23471990.66774884,25764075.7408517,2292.085,4.05503e14,1.7316,3.04751e6,-1.51056e6,3.79024e-9
1489495170,23470650.029005323,25781387.07370164,2310.737,3.96272e14,0.5841,3.03517e6,-1.52191e6,3.81873e-9
1489495200,23469414.225133084,25798729.13164572,2329.315,3.99283e14,0.1712,3.06925e6,-1.53318e6,3.84705e-9
1489495230,23468283.30724337,25816101.49035582,2347.818,4.05230e14,1.6632,3.11473e6,-1.54439e6,3.87519e-9
1489495260,23467257.322077136,25833503.72639216,2366.246,4.01375e14,0.6960,3.12214e6,-1.55552e6,3.90314e-9
1489495290,23466336.312096488,25850935.41721696,2384.599,3.89744e14,2.2220,3.09863e6,-1.56658e6,3.93092e-9
1489495320,23465520.315448526,25868396.141206063,2402.876,3.84144e14,3.6269,3.09821e6,-1.57757e6,3.95851e-9
1489495350,23464809.365961213,25885885.477660812,2421.076,3.94081e14,1.1338,3.15926e6,-1.58848e6,3.98592e-9
1489495380,23464203.49313964,25903403.00681975,2439.200,3.97974e14,0.1572,3.19645e6,-1.59933e6,4.01314e-9
1489495410,23463702.722162805,25920948.309870094,2457.246,3.99768e14,0.2929,3.22523e6,-1.61009e6,4.04018e-9
1489495440,23463307.073880874,25938520.968959037,2475.214,3.99403e14,0.2012,3.24517e6,-1.62079e6,4.06704e-9
1489495470,23463016.564812962,25956120.567204833,2493.104,4.00472e14,0.4695,3.27082e6,-1.63141e6,4.09371e-9
1489495500,23462831.207145363,25973746.68870771,2510.915,3.97325e14,0.3199,3.27901e6,-1.64195e6,4.12019e-9
1489495530,23462751.00870343,25991398.91856679,2528.648,3.98608e14,0.0019,3.30524e6,-1.65242e6,4.14648e-9
1489495560,23462775.973033674,26009076.84287149,2546.301,4.03572e14,1.2473,3.34676e6,-1.66282e6,4.17259e-9
1489495590,23462906.09932012,26026780.04873094,2563.874,3.97522e14,0.2707,3.34213e6,-1.67314e6,4.19850e-9
1489495620,23463141.382411327,26044508.124277987,2581.367,4.01187e14,0.6489,3.37809e6,-1.68338e6,4.22423e-9
1489495650,23463481.812820785,26062260.658679187,2598.779,4.07028e14,2.1144,3.42333e6,-1.69355e6,4.24976e-9
1489495680,23463927.376727834,26080037.242144667,2616.110,4.00113e14,0.3796,3.41417e6,-1.70364e6,4.27511e-9
1489495710,23464478.055979177,26097837.465937663,2633.359,4.00654e14,0.5152,3.43658e6,-1.71366e6,4.30026e-9
1489495740,23465133.828090705,26115660.922384016,2650.527,4.07439e14,2.2175,3.48586e6,-1.72360e6,4.32522e-9
1489495770,23465894.66624992,26133507.20488138,2667.613,3.93783e14,1.2086,3.44641e6,-1.73346e6,4.34999e-9
1489495800,23466760.539318826,26151375.907908257,2684.615,3.93360e14,1.3146,3.46402e6,-1.74325e6,4.37456e-9
1489495830,23467731.411851753,26169266.627021957,2701.535,4.02684e14,1.0245,3.52434e6,-1.75295e6,4.39894e-9
1489495860,23468807.244054522,26187178.95890095,2718.372,3.98004e14,0.1496,3.52301e6,-1.76259e6,4.42312e-9
1489495890,23469987.991833974,26205112.50131972,2735.125,3.92957e14,1.4159,3.51966e6,-1.77214e6,4.44711e-9
1489495920,23471273.606788285,26223066.853167772,2751.793,3.99593e14,0.2489,3.56816e6,-1.78161e6,4.47091e-9
1489495950,23472664.03621239,26241041.614457786,2768.378,4.03289e14,1.1762,3.60359e6,-1.79101e6,4.49451e-9
1489495980,23474159.223103937,26259036.38633344,2784.877,3.96821e14,0.4464,3.59313e6,-1.80033e6,4.51791e-9
1489496010,23475759.10616981,26277050.771077104,2801.292,4.03591e14,1.2520,3.64232e6,-1.80957e6,4.54111e-9
1489496040,23477463.619832948,26295084.372117404,2817.621,4.02140e14,0.8880,3.65414e6,-1.81873e6,4.56412e-9
1489496070,23479272.69423982,26313136.79403651,2833.864,3.94521e14,1.0233,3.63745e6,-1.82781e6,4.58693e-9
1489496100,23481186.255268294,26331207.6425774,2850.021,3.98014e14,0.1471,3.67148e6,-1.83682e6,4.60954e-9
1489496130,23483204.224540286,26349296.52466809,2866.092,4.06834e14,2.0656,3.73018e6,-1.84574e6,4.63195e-9
1489496160,23485326.519417692,26367403.04837542,2882.077,4.02989e14,1.1009,3.73016e6,-1.85459e6,4.65416e-9
1489496190,23487553.053024236,26385526.82296484,2897.974,3.99129e14,0.1326,3.72975e6,-1.86336e6,4.67618e-9
1489496220,23489883.734251287,26403667.458889898,2913.784,4.06799e14,2.0569,3.78318e6,-1.87204e6,4.69799e-9
1489496250,23492318.467768133,26421824.567798827,2929.506,4.03383e14,1.1999,3.78446e6,-1.88065e6,4.71961e-9
1489496280,23494857.154032722,26439997.762540832,2945.141,4.02684e14,1.0244,3.79831e6,-1.88918e6,4.74102e-9
1489496310,23497499.689302843,26458186.657172322,2960.687,3.99201e14,0.1506,3.79871e6,-1.89763e6,4.76223e-9
1489496340,23500245.965647742,26476390.866962973,2976.145,3.92357e14,1.5664,3.78273e6,-1.90599e6,4.78325e-9
1489496370,23503095.870960217,26494610.00840156,2991.514,3.96030e14,0.6448,3.81683e6,-1.91428e6,4.80406e-9
1489496400,23506049.288969092,26512843.69920164,3006.794,3.95251e14,0.8404,3.82944e6,-1.92249e6,4.82467e-9
1489496430,23509106.099227816,26531091.558281776,3021.985,3.93596e14,1.2554,3.83762e6,-1.93062e6,4.84508e-9
1489496460,23512266.17720286,26549353.205849007,3037.087,3.94822e14,0.9479,3.85959e6,-1.93867e6,4.86529e-9
1489496490,23515529.39421268,26567628.263326004,3052.099,3.95047e14,0.8915,3.87656e6,-1.94663e6,4.88530e-9
1489496520,23518895.617465876,26585916.353381146,3067.021,3.96888e14,0.4295,3.90130e6,-1.95452e6,4.90510e-9
1489496550,23522364.710075714,26604217.09993322,3081.852,3.98980e14,0.0952,3.92719e6,-1.96233e6,4.92471e-9
1489496580,23525936.531075045,26622530.128155995,3096.594,3.99497e14,0.2250,3.94521e6,-1.97005e6,4.94411e-9
1489496610,23529610.935431667,26640855.06448268,3111.244,3.99344e14,0.1865,3.95976e6,-1.97770e6,4.96331e-9
1489496640,23533387.774064034,26659191.53661012,3125.804,3.99714e14,0.2795,3.97676e6,-1.98527e6,4.98230e-9
1489496670,23537266.89385748,26677539.17350295,3140.272,3.99498e14,0.2252,3.99068e6,-1.99275e6,5.00110e-9
1489496700,23541248.13768085,26695897.60539765,3154.649,3.97747e14,0.2141,3.99672e6,-2.00015e6,5.01969e-9
1489496730,23545331.34443669,26714266.463836644,3168.935,3.99648e14,0.2628,4.02094e6,-2.00748e6,5.03808e-9
1489496760,23549516.348976552,26732645.381578825,3183.129,3.99481e14,0.2210,4.03461e6,-2.01472e6,5.05627e-9
1489496790,23553802.98222111,26751033.992696423,3197.231,3.97418e14,0.2966,4.03849e6,-2.02188e6,5.07426e-9
1489496820,23558191.071145684,26769431.93254855,3211.241,4.02853e14,1.0669,4.08031e6,-2.02897e6,5.09204e-9
1489496850,23562680.43879913,26787838.837784927,3225.158,4.02308e14,0.9303,4.09161e6,-2.03597e6,5.10962e-9
1489496880,23567270.904323258,26806254.346349243,3238.983,3.98907e14,0.0770,4.08809e6,-2.04289e6,5.12700e-9
1489496910,23571962.28297253,26824678.097482637,3252.716,3.96789e14,0.4544,4.09089e6,-2.04973e6,5.14418e-9
1489496940,23576754.38613424,26843109.731726866,3266.355,3.98618e14,0.0044,4.11382e6,-2.05649e6,5.16115e-9
1489496970,23581647.021349005,26861548.890927486,3279.902,4.00186e14,0.3979,4.13531e6,-2.06317e6,5.17792e-9
1489497000,23586639.992331617,26879995.218236767,3293.355,3.94930e14,0.9208,4.12123e6,-2.06977e6,5.19449e-9
1489497030,23591733.098964017,26898448.358089365,3306.715,3.95206e14,0.8515,4.13566e6,-2.07629e6,5.21086e-9
1489497060,23596926.13740413,26916907.95628882,3319.982,4.00696e14,0.5257,4.17718e6,-2.08273e6,5.22703e-9
1489497090,23602218.900020353,26935373.65992645,3333.155,4.01710e14,0.7800,4.19525e6,-2.08909e6,5.24300e-9
1489497120,23607611.175441917,26953845.117410615,3346.234,3.97752e14,0.2128,4.18705e6,-2.09537e6,5.25876e-9
1489497150,23613102.748581305,26972321.978468794,3359.219,3.97351e14,0.3134,4.19733e6,-2.10157e6,5.27433e-9
1489497180,23618693.40065696,26990803.894149665,3372.110,4.01588e14,0.7496,4.23196e6,-2.10769e6,5.28969e-9
1489497210,23624382.909216378,27009290.51682486,3384.908,4.00216e14,0.4052,4.23681e6,-2.11372e6,5.30485e-9
1489497240,23630171.048159458,27027781.500190772,3397.610,3.97840e14,0.1908,4.23612e6,-2.11968e6,5.31981e-9
1489497270,23636057.58776221,27046276.49927014,3410.219,3.99586e14,0.2471,4.25718e6,-2.12556e6,5.33457e-9
1489497300,23642042.29470081,27064775.170413494,3422.733,3.98146e14,0.1140,4.26110e6,-2.13136e6,5.34914e-9
1489497330,23648124.93209218,27083277.171319127,3435.152,3.94256e14,1.0899,4.25167e6,-2.13708e6,5.36350e-9
1489497360,23654305.259468332,27101782.16097757,3447.477,3.93404e14,1.3038,4.25831e6,-2.14272e6,5.37766e-9
1489497390,23660583.03285184,27120289.799729314,3459.707,4.01132e14,0.6351,4.31104e6,-2.14829e6,5.39162e-9
1489497420,23666958.004764896,27138799.749247856,3471.842,4.01654e14,0.7661,4.32486e6,-2.15377e6,5.40539e-9
1489497450,23673429.924254864,27157311.672540773,3483.882,3.97093e14,0.3782,4.31100e6,-2.15917e6,5.41895e-9
1489497480,23679998.53692031,27175825.233950764,3495.827,3.98086e14,0.1290,4.32703e6,-2.16450e6,5.43232e-9
1489497510,23686663.58493719,27194340.099156618,3507.677,3.98994e14,0.0988,4.34246e6,-2.16974e6,5.44549e-9
1489497540,23693424.807085402,27212855.935174037,3519.431,3.99086e14,0.1218,4.35331e6,-2.17491e6,5.45846e-9
1489497570,23700281.938775495,27231372.4103564,3531.090,3.99840e14,0.3109,4.36762e6,-2.18000e6,5.47124e-9
1489497600,23707234.712075762,27249889.194395434,3542.654,4.01286e14,0.6738,4.38559e6,-2.18501e6,5.48382e-9
1489497630,23714282.855733026,27268405.958311018,3554.123,4.00797e14,0.5510,4.39280e6,-2.18994e6,5.49620e-9
1489497660,23721426.095220312,27286922.374484625,3565.496,4.00952e14,0.5898,4.40340e6,-2.19480e6,5.50839e-9
1489497690,23728664.152744304,27305438.116626978,3576.774,4.01817e14,0.8069,4.41776e6,-2.19958e6,5.52038e-9
1489497720,23735996.747279912,27323952.85978881,3587.956,3.96253e14,0.5890,4.39641e6,-2.20428e6,5.53218e-9
1489497750,23743423.594598528,27342466.280360904,3599.043,3.94784e14,0.9576,4.39749e6,-2.20890e6,5.54378e-9
1489497780,23750944.407296415,27360978.056074176,3610.034,3.96783e14,0.4559,4.41765e6,-2.21344e6,5.55519e-9
1489497810,23758558.89482343,27379487.86599958,3620.929,3.94759e14,0.9637,4.41530e6,-2.21791e6,5.56640e-9
1489497840,23766266.763511814,27397995.39054792,3631.729,3.94811e14,0.9507,4.42433e6,-2.22230e6,5.57742e-9
1489497870,23774067.71660534,27416500.31146964,3642.433,3.94989e14,0.9061,4.43391e6,-2.22661e6,5.58825e-9
1489497900,23781961.454288557,27435002.311854403,3653.041,4.01576e14,0.7465,4.47923e6,-2.23085e6,5.59889e-9
1489497930,23789947.67371728,27453501.07613897,3663.553,4.05206e14,1.6572,4.50795e6,-2.23501e6,5.60933e-9
1489497960,23798026.06904506,27471996.29008145,3673.970,3.96785e14,0.4554,4.46887e6,-2.23910e6,5.61959e-9
1489497990,23806196.33145642,27490487.640785668,3684.291,3.96816e14,0.4476,4.47705e6,-2.24311e6,5.62965e-9
1489498020,23814458.149195764,27508974.81669259,3694.517,4.01357e14,0.6916,4.51051e6,-2.24704e6,5.63952e-9
1489498050,23822811.207597516,27527457.507579587,3704.646,3.98477e14,0.0310,4.50198e6,-2.25090e6,5.64921e-9
1489498080,23831255.189116593,27545935.404559683,3714.680,3.93380e14,1.3098,4.48070e6,-2.25468e6,5.65870e-9
1489498110,23839789.773358837,27564408.200080704,3724.618,3.97924e14,0.1696,4.51383e6,-2.25839e6,5.66801e-9
1489498140,23848414.637111768,27582875.587924406,3734.461,4.00868e14,0.5689,4.53781e6,-2.26203e6,5.67713e-9
1489498170,23857129.454375334,27601337.263205454,3744.208,3.99967e14,0.3429,4.53983e6,-2.26559e6,5.68606e-9
1489498200,23865933.89639294,27619792.92237033,3753.859,4.03449e14,1.2163,4.56663e6,-2.26907e6,5.69481e-9
1489498230,23874827.63168504,27638242.263187524,3763.415,3.98859e14,0.0649,4.54732e6,-2.27248e6,5.70337e-9
1489498260,23883810.326072626,27656684.98477315,3772.875,3.93646e14,1.2430,4.52422e6,-2.27582e6,5.71174e-9
1489498290,23892881.64271623,27675120.787562948,3782.239,3.97108e14,0.3745,4.55051e6,-2.27908e6,5.71993e-9
1489498320,23902041.242144965,27693549.373319414,3791.508,3.97581e14,0.2557,4.55960e6,-2.28227e6,5.72794e-9
1489498350,23911288.782288097,27711970.44513042,3800.682,3.97834e14,0.1923,4.56727e6,-2.28539e6,5.73576e-9
1489498380,23920623.918506734,27730383.70740754,3809.760,4.00003e14,0.3518,4.58582e6,-2.28844e6,5.74340e-9
1489498410,23930046.30362566,27748788.865884583,3818.743,3.98663e14,0.0157,4.58406e6,-2.29141e6,5.75086e-9
1489498440,23939555.587965142,27767185.627615742,3827.630,3.99207e14,0.1521,4.59300e6,-2.29431e6,5.75814e-9
1489498470,23949151.41937299,27785573.700973973,3836.422,4.00952e14,0.5901,4.60872e6,-2.29714e6,5.76523e-9
1489498500,23958833.443256516,27803952.795649108,3845.119,3.97262e14,0.3357,4.59296e6,-2.29990e6,5.77215e-9
1489498530,23968601.302607678,27822322.62265326,3853.721,3.95118e14,0.8736,4.58593e6,-2.30258e6,5.77889e-9
1489498560,23978454.638056975,27840682.894296683,3862.228,4.00202e14,0.4019,4.62055e6,-2.30520e6,5.78545e-9
1489498590,23988393.08788389,27859033.32420793,3870.640,4.04494e14,1.4786,4.65050e6,-2.30774e6,5.79183e-9
1489498620,23998416.288056284,27877373.627324745,3878.957,4.01171e14,0.6449,4.63622e6,-2.31021e6,5.79803e-9
1489498650,24008523.8722626,27895703.519892037,3887.180,3.99442e14,0.2111,4.63100e6,-2.31262e6,5.80406e-9
1489498680,24018715.47194429,27914022.719459813,3895.307,4.00145e14,0.3875,4.63976e6,-2.31495e6,5.80991e-9
1489498710,24028990.716328233,27932330.94488099,3903.340,3.95399e14,0.8031,4.61669e6,-2.31721e6,5.81559e-9
1489498740,24039349.232459154,27950627.91630932,3911.279,3.95078e14,0.8837,4.61920e6,-2.31941e6,5.82109e-9
1489498770,24049790.64523212,27968913.35519703,3919.123,3.98133e14,0.1172,4.64123e6,-2.32154e6,5.82642e-9
1489498800,24060314.577425018,27987186.984292686,3926.872,3.92349e14,1.5683,4.61161e6,-2.32359e6,5.83158e-9
1489498830,24070920.649746742,28005448.52763818,3934.528,3.92141e14,1.6205,4.61434e6,-2.32558e6,5.83657e-9
1489498860,24081608.48082158,28023697.710568156,3942.089,3.98221e14,0.0951,4.65366e6,-2.32750e6,5.84138e-9
1489498890,24092377.68727013,28041934.25970587,3949.557,3.95580e14,0.7578,4.64192e6,-2.32935e6,5.84603e-9
1489498920,24103227.883726314,28060157.902961247,3956.930,3.95846e14,0.6911,4.64703e6,-2.33114e6,5.85050e-9
1489498950,24114158.682870045,28078368.36952834,3964.210,3.99972e14,0.3441,4.67462e6,-2.33286e6,5.85481e-9
1489498980,24125169.695459917,28096565.38988277,3971.396,4.06620e14,2.0120,4.71688e6,-2.33451e6,5.85895e-9
1489499010,24136260.530365806,28114748.695779104,3978.488,4.03145e14,1.1402,4.69970e6,-2.33609e6,5.86292e-9
1489499040,24147430.794601567,28132918.020248156,3985.487,3.93733e14,1.2211,4.64754e6,-2.33761e6,5.86672e-9
1489499070,24158680.09335755,28151073.0975943,3992.393,3.98714e14,0.0285,4.67966e6,-2.33907e6,5.87037e-9
1489499100,24170008.030033126,28169213.66339261,3999.206,4.06063e14,1.8723,4.72561e6,-2.34045e6,5.87384e-9
1489499130,24181414.206245244,28187339.454475906,4005.925,4.01331e14,0.6850,4.70046e6,-2.34178e6,5.87715e-9
1489499160,24192898.2219349,28205450.208963346,4012.552,3.97974e14,0.1571,4.68324e6,-2.34303e6,5.88030e-9
1489499190,24204459.67532517,28223545.666225985,4019.086,3.99135e14,0.1342,4.69245e6,-2.34423e6,5.88329e-9
1489499220,24216098.16297745,28241625.566893876,4025.527,3.97615e14,0.2472,4.68576e6,-2.34536e6,5.88612e-9
1489499250,24227813.279823463,28259689.65285312,4031.876,3.93469e14,1.2874,4.66347e6,-2.34642e6,5.88878e-9
1489499280,24239604.619197406,28277737.667242642,4038.133,3.94198e14,1.1046,4.66975e6,-2.34742e6,5.89129e-9
1489499310,24251471.77286782,28295769.354451165,4044.298,3.95668e14,0.7357,4.68028e6,-2.34836e6,5.89364e-9
1489499340,24263414.331069518,28313784.460114,4050.370,3.96075e14,0.6336,4.68443e6,-2.34924e6,5.89583e-9
1489499370,24275431.88253541,28331782.73110984,4056.351,3.97817e14,0.1964,4.69632e6,-2.35005e6,5.89786e-9
1489499400,24287524.014528256,28349763.915557574,4062.240,3.95372e14,0.8099,4.68339e6,-2.35080e6,5.89974e-9
1489499430,24299690.312897954,28367727.7628349,4068.037,3.96575e14,0.5080,4.69187e6,-2.35149e6,5.90146e-9
1489499460,24311930.362034265,28385674.023507755,4073.744,3.97841e14,0.1904,4.70059e6,-2.35212e6,5.90303e-9
1489499490,24324243.74497752,28403602.44939446,4079.359,3.94949e14,0.9161,4.68464e6,-2.35269e6,5.90445e-9
1489499520,24336630.043424677,28421512.793540757,4084.883,3.98708e14,0.0269,4.70784e6,-2.35319e6,5.90571e-9
1489499550,24349088.837760847,28439404.810216658,4090.316,3.98839e14,0.0598,4.70951e6,-2.35364e6,5.90682e-9
1489499580,24361619.70709085,28457278.25491328,4095.659,3.93432e14,1.2966,4.67833e6,-2.35402e6,5.90778e-9
1489499610,24374222.229270548,28475132.88433955,4100.911,3.96936e14,0.4176,4.69968e6,-2.35435e6,5.90859e-9
1489499640,24386895.980938185,28492968.456419077,4106.072,4.01518e14,0.7320,4.72729e6,-2.35462e6,5.90925e-9
1489499670,24399640.53754552,28510784.73028676,4111.144,4.00645e14,0.5129,4.72254e6,-2.35483e6,5.90976e-9
1489499700,24412455.47338891,28528581.466285523,4116.126,4.00112e14,0.3791,4.71969e6,-2.35497e6,5.91013e-9
1489499730,24425340.361623045,28546358.425931957,4121.018,3.97302e14,0.3256,4.70326e6,-2.35507e6,5.91035e-9
1489499760,24438294.774344742,28564115.372008424,4125.821,4.00964e14,0.5929,4.72496e6,-2.35510e6,5.91042e-9
1489499790,24451318.282570574,28581852.06846399,4130.534,4.04650e14,1.5177,4.74670e6,-2.35508e6,5.91035e-9
1489499820,24464410.45628433,28599568.28044162,4135.158,3.97613e14,0.2476,4.70495e6,-2.35499e6,5.91014e-9
1489499850,24477570.864467356,28617263.774274513,4139.693,3.94974e14,0.9098,4.68907e6,-2.35486e6,5.90979e-9
1489499880,24490799.07512862,28634938.317482267,4144.139,4.01137e14,0.6364,4.72510e6,-2.35466e6,5.90929e-9
1489499910,24504094.655334678,28652591.678767186,4148.497,3.99268e14,0.1674,4.71354e6,-2.35441e6,5.90865e-9
1489499940,24517457.171239447,28670223.628010385,4152.766,3.94918e14,0.9237,4.68723e6,-2.35410e6,5.90787e-9
1489499970,24530886.188113883,28687833.93626804,4156.948,3.94283e14,1.0833,4.68275e6,-2.35374e6,5.90695e-9
1489500000,24544381.27037543,28705422.37576754,4161.041,3.95176e14,0.8591,4.68720e6,-2.35333e6,5.90590e-9
1489500030,24557941.9816254,28722988.719939224,4165.047,3.99380e14,0.1956,4.71108e6,-2.35286e6,5.90471e-9
1489500060,24571567.884653483,28740532.743302938,4168.965,4.00019e14,0.3558,4.71379e6,-2.35233e6,5.90338e-9
1489500090,24585258.54149129,28758054.221573975,4172.796,4.02343e14,0.9389,4.72634e6,-2.35175e6,5.90191e-9
1489500120,24599013.513433408,28775552.93162397,4176.539,4.03130e14,1.1363,4.72971e6,-2.35112e6,5.90032e-9
1489500150,24612832.361066088,28793028.651477404,4180.196,4.00768e14,0.5438,4.71440e6,-2.35043e6,5.89858e-9
1489500180,24626714.64429584,28810481.16030784,4183.767,3.98552e14,0.0121,4.69984e6,-2.34969e6,5.89672e-9
1489500210,24640659.92237787,28827910.238434546,4187.250,3.96096e14,0.6282,4.68378e6,-2.34890e6,5.89472e-9
1489500240,24654667.75394429,28845315.667318694,4190.648,3.99383e14,0.1964,4.70146e6,-2.34806e6,5.89260e-9
1489500270,24668737.6970322,28862697.22955986,4193.960,3.95944e14,0.6664,4.67941e6,-2.34717e6,5.89034e-9
1489500300,24682869.309111595,28880054.708892282,4197.185,3.93373e14,1.3116,4.66238e6,-2.34622e6,5.88796e-9
1489500330,24697062.14710758,28897387.890146714,4200.326,4.03541e14,1.2396,4.72024e6,-2.34522e6,5.88544e-9
1489500360,24711315.767444663,28914696.55935315,4203.381,4.02692e14,1.0264,4.71313e6,-2.34417e6,5.88280e-9
1489500390,24725629.72605754,28931980.503630504,4206.351,3.98960e14,0.0903,4.68898e6,-2.34308e6,5.88004e-9
1489500420,24740003.578423493,28949239.511217017,4209.236,3.97998e14,0.1511,4.68102e6,-2.34193e6,5.87714e-9
1489500450,24754436.87958935,28966473.371466298,4212.036,3.96168e14,0.6102,4.66787e6,-2.34073e6,5.87413e-9
1489500480,24768929.1841982,28983681.87484321,4214.753,4.01383e14,0.6980,4.69600e6,-2.33949e6,5.87099e-9
1489500510,24783480.046515957,29000864.812919915,4217.385,4.03537e14,1.2385,4.70604e6,-2.33819e6,5.86773e-9
1489500540,24798089.020457756,29018021.978371654,4219.933,3.95615e14,0.7489,4.65687e6,-2.33685e6,5.86435e-9
1489500570,24812755.65961399,29035153.16497276,4222.398,3.94298e14,1.0794,4.64637e6,-2.33546e6,5.86084e-9
1489500600,24827479.517276365,29052258.167592507,4224.779,3.97570e14,0.2585,4.66267e6,-2.33402e6,5.85722e-9
1489500630,24842260.146474194,29069336.782219768,4227.077,4.03459e14,1.2188,4.69417e6,-2.33253e6,5.85348e-9
1489500660,24857097.099967476,29086388.805870365,4229.292,4.01709e14,0.7798,4.68084e6,-2.33100e6,5.84962e-9
1489500690,24871989.930304706,29103414.036671706,4231.424,3.99137e14,0.1345,4.66263e6,-2.32942e6,5.84564e-9
1489500720,24886938.189837575,29120412.27383021,4233.474,4.00777e14,0.5459,4.66895e6,-2.32779e6,5.84155e-9
1489500750,24901941.430746056,29137383.31762747,4235.442,3.98123e14,0.1198,4.65010e6,-2.32612e6,5.83734e-9
1489500780,24916999.20506318,29154326.96941628,4237.328,3.97985e14,0.1544,4.64585e6,-2.32440e6,5.83302e-9
1489500810,24932111.064699665,29171243.03161691,4239.132,3.95146e14,0.8667,4.62578e6,-2.32264e6,5.82858e-9
1489500840,24947276.561468277,29188131.307713155,4240.855,3.96116e14,0.6233,4.62783e6,-2.32083e6,5.82403e-9
1489500870,24962495.247108046,29204991.602248445,4242.496,3.98843e14,0.0610,4.64000e6,-2.31898e6,5.81938e-9
1489500900,24977766.67330815,29221823.72082203,4244.057,3.98476e14,0.0311,4.63407e6,-2.31708e6,5.81461e-9
1489500930,24993090.39171468,29238627.470065273,4245.537,3.95744e14,0.7166,4.61431e6,-2.31514e6,5.80973e-9
1489500960,25008465.954006672,29255402.657698825,4246.937,3.97662e14,0.2353,4.62149e6,-2.31316e6,5.80474e-9
1489500990,25023892.911866676,29272149.092467498,4248.256,3.97885e14,0.1796,4.61872e6,-2.31114e6,5.79964e-9
1489501020,25039370.817020807,29288866.58415594,4249.496,3.93033e14,1.3969,4.58647e6,-2.30907e6,5.79444e-9
1489501050,25054899.221261427,29305554.94358463,4250.656,3.96612e14,0.4989,4.60299e6,-2.30696e6,5.78913e-9
1489501080,25070477.67646967,29322213.98260585,4251.736,3.98256e14,0.0865,4.60820e6,-2.30480e6,5.78372e-9
1489501110,25086105.73463774,29338843.51409951,4252.738,3.99498e14,0.2251,4.61099e6,-2.30261e6,5.77820e-9
1489501140,25101782.94789097,29355443.351969127,4253.660,3.99889e14,0.3232,4.60876e6,-2.30037e6,5.77258e-9
1489501170,25117508.868509665,29372013.311137665,4254.504,4.04037e14,1.3638,4.62812e6,-2.29810e6,5.76685e-9
1489501200,25133283.048950773,29388553.207543537,4255.270,4.07207e14,2.1592,4.64171e6,-2.29578e6,5.76102e-9
1489501230,25149105.041890733,29405062.85814543,4255.958,4.00710e14,0.5292,4.59955e6,-2.29343e6,5.75510e-9
1489501260,25164974.400180537,29421542.080890335,4256.568,4.02651e14,1.0163,4.60590e6,-2.29103e6,5.74907e-9
1489501290,25180890.676933203,29437990.694737647,4257.100,3.99923e14,0.3317,4.58533e6,-2.28859e6,5.74294e-9
1489501320,25196853.425523177,29454408.51964592,4257.555,3.92724e14,1.4744,4.53906e6,-2.28612e6,5.73672e-9
1489501350,25212862.199607067,29470795.37656892,4257.933,3.96333e14,0.5688,4.55475e6,-2.28360e6,5.73040e-9
1489501380,25228916.55314414,29487151.08745158,4258.235,3.97867e14,0.1839,4.55844e6,-2.28105e6,5.72398e-9
1489501410,25245016.040416617,29503475.47522603,4258.459,3.95027e14,0.8964,4.53702e6,-2.27846e6,5.71747e-9
1489501440,25261160.21604974,29519768.36380753,4258.608,3.98885e14,0.0714,4.55381e6,-2.27583e6,5.71086e-9
1489501470,25277348.635031562,29536029.57809053,4258.681,4.00286e14,0.4228,4.55646e6,-2.27317e6,5.70416e-9
1489501500,25293580.85273258,29552258.94394466,4258.678,3.99287e14,0.1722,4.54534e6,-2.27046e6,5.69736e-9
1489501530,25309856.424903717,29568456.288213145,4258.600,3.98433e14,0.0420,4.53500e6,-2.26772e6,5.69047e-9
1489501560,25326174.90776146,29584621.438701596,4258.447,3.91576e14,1.7623,4.49047e6,-2.26495e6,5.68350e-9
1489501590,25342535.857940365,29600754.224181093,4258.218,3.93597e14,1.2552,4.49636e6,-2.26214e6,5.67643e-9
1489501620,25358938.832533114,29616854.47438192,4257.916,4.02596e14,1.0025,4.54172e6,-2.25929e6,5.66927e-9
1489501650,25375383.389108773,29632922.019989695,4257.539,4.01311e14,0.6801,4.52864e6,-2.25641e6,5.66202e-9
1489501680,25391869.08573082,29648956.69264141,4257.088,3.98415e14,0.0466,4.50640e6,-2.25349e6,5.65469e-9
1489501710,25408395.48097496,29664958.324921496,4256.563,3.95208e14,0.8510,4.48238e6,-2.25054e6,5.64726e-9
1489501740,25424962.133946773,29680926.75035791,4255.965,3.95725e14,0.7213,4.47934e6,-2.24755e6,5.63975e-9
1489501770,25441568.604298998,29696861.803418193,4255.293,3.97284e14,0.3304,4.48209e6,-2.24453e6,5.63216e-9
1489501800,25458214.45224875,29712763.319505535,4254.549,3.99456e14,0.2146,4.48820e6,-2.24147e6,5.62448e-9
1489501830,25474899.238611456,29728631.13494179,4253.732,3.98783e14,0.0458,4.47824e6,-2.23838e6,5.61672e-9
1489501860,25491622.524765,29744465.08700372,4252.843,3.99120e14,0.1305,4.47388e6,-2.23526e6,5.60887e-9
1489501890,25508383.87271911,29760265.013879046,4251.881,4.04452e14,1.4680,4.49742e6,-2.23211e6,5.60095e-9
1489501920,25525182.84511468,29776030.754675344,4250.848,4.00489e14,0.4739,4.46883e6,-2.22892e6,5.59294e-9
1489501950,25542019.00523991,29791762.149416015,4249.743,3.95164e14,0.8622,4.43263e6,-2.22570e6,5.58485e-9
1489501980,25558891.917046342,29807459.039036285,4248.567,3.92838e14,1.4456,4.41319e6,-2.22245e6,5.57668e-9
1489502010,25575801.145164654,29823121.26537923,4247.320,3.93807e14,1.2025,4.41206e6,-2.21917e6,5.56843e-9
1489502040,25592746.254920203,29838748.67119175,4246.002,3.97004e14,0.4005,4.42324e6,-2.21586e6,5.56010e-9
1489502070,25609726.81234838,29854341.10012064,4244.614,4.00976e14,0.5961,4.43861e6,-2.21251e6,5.55170e-9
1489502100,25626742.384209726,29869898.396708556,4243.156,4.00494e14,0.4752,4.42917e6,-2.20914e6,5.54322e-9
1489502130,25643792.537995968,29885420.406413626,4241.628,3.97822e14,0.1954,4.40754e6,-2.20573e6,5.53466e-9
1489502160,25660876.84197232,29900906.97553311,4240.030,3.99337e14,0.1847,4.40904e6,-2.20230e6,5.52603e-9
1489502190,25677994.86516411,29916357.951271873,4238.363,4.02135e14,0.8867,4.41754e6,-2.19884e6,5.51732e-9
1489502220,25695146.17737999,29931773.181715265,4236.627,3.97774e14,0.2073,4.38650e6,-2.19534e6,5.50854e-9
1489502250,25712330.349225964,29947152.51582541,4234.822,3.96684e14,0.4807,4.37346e6,-2.19182e6,5.49969e-9
1489502280,25729546.952119093,29962495.80343741,4232.949,3.99492e14,0.2237,4.38178e6,-2.18827e6,5.49077e-9
1489502310,25746795.55830111,29977802.895255726,4231.007,3.97147e14,0.3646,4.36176e6,-2.18469e6,5.48177e-9
1489502340,25764075.7408517,29993073.64285041,4228.998,3.96705e14,0.4756,4.35213e6,-2.18108e6,5.47270e-9
1489502370,25781387.07370164,30008307.898653403,4226.921,4.03420e14,1.2090,4.38155e6,-2.17744e6,5.46357e-9
1489502400,25798729.13164572,30023505.515954804,4224.776,4.02053e14,0.8661,4.36672e6,-2.17378e6,5.45436e-9
1489502430,25816101.49035582,30038666.34886452,4222.565,3.92964e14,1.4139,4.30982e6,-2.17009e6,5.44509e-9
1489502460,25833503.72639216,30053790.252415434,4220.287,3.94328e14,1.0718,4.30984e6,-2.16637e6,5.43575e-9
1489502490,25850935.41721696,30068877.08245254,4217.942,4.02818e14,1.0582,4.34846e6,-2.16263e6,5.42634e-9
1489502520,25868396.141206063,30083926.695663612,4215.531,4.06944e14,2.0932,4.36322e6,-2.15886e6,5.41687e-9
1489502550,25885885.477660812,30098938.949575275,4213.053,4.01926e14,0.8343,4.32841e6,-2.15506e6,5.40733e-9
1489502580,25903403.00681975,30113913.70254898,4210.511,3.99454e14,0.2143,4.30739e6,-2.15124e6,5.39772e-9
1489502610,25920948.309870094,30128850.813777134,4207.903,3.98225e14,0.0941,4.29305e6,-2.14739e6,5.38806e-9
1489502640,25938520.968959037,30143750.143279098,4205.229,4.00359e14,0.4412,4.29678e6,-2.14352e6,5.37833e-9
1489502670,25956120.567204833,30158611.551897284,4202.491,3.99512e14,0.2286,4.28441e6,-2.13962e6,5.36853e-9
1489502700,25973746.68870771,30173434.90129333,4199.688,3.99699e14,0.2755,4.27756e6,-2.13570e6,5.35868e-9
1489502730,25991398.91856679,30188220.05398837,4196.821,4.00528e14,0.4836,4.27408e6,-2.13175e6,5.34876e-9
1489502760,26009076.84287149,30202966.873222947,4193.890,3.98602e14,0.0005,4.25583e6,-2.12778e6,5.33879e-9
1489502790,26026780.04873094,30217675.223089907,4190.895,3.98924e14,0.0811,4.24955e6,-2.12379e6,5.32875e-9
1489502820,26044508.124277987,30232344.968486745,4187.837,3.96244e14,0.5911,4.22725e6,-2.11977e6,5.31865e-9
1489502850,26062260.658679187,30246975.975112107,4184.715,3.92753e14,1.4671,4.20066e6,-2.11573e6,5.30850e-9
1489502880,26080037.242144667,30261568.10946242,4181.531,3.96899e14,0.4270,4.21455e6,-2.11166e6,5.29829e-9
1489502910,26097837.465937663,30276121.238828596,4178.284,3.99349e14,0.1879,4.21934e6,-2.10758e6,5.28802e-9
1489502940,26115660.922384016,30290635.23129252,4174.974,3.94220e14,1.0989,4.18404e6,-2.10347e6,5.27770e-9
1489502970,26133507.20488138,30305109.95572377,4171.603,3.97947e14,0.1639,4.19545e6,-2.09933e6,5.26732e-9
1489503000,26151375.907908257,30319545.281776186,4168.169,3.98750e14,0.0376,4.19136e6,-2.09518e6,5.25688e-9
1489503030,26169266.627021957,30333941.079838347,4164.674,3.93561e14,1.2644,4.15578e6,-2.09100e6,5.24639e-9
1489503060,26187178.95890095,30348297.221172635,4161.118,3.96830e14,0.4441,4.16455e6,-2.08681e6,5.23585e-9
1489503090,26205112.50131972,30362613.577768944,4157.501,4.02148e14,0.8900,4.18391e6,-2.08259e6,5.22525e-9
1489503120,26223066.853167772,30376890.0223871,4153.823,3.97500e14,0.2761,4.15115e6,-2.07835e6,5.21460e-9
1489503150,26241041.614457786,30391126.428553183,4150.085,3.96998e14,0.4021,4.14003e6,-2.07409e6,5.20390e-9
1489503180,26259036.38633344,30405322.670555785,4146.286,4.03736e14,1.2885,4.16647e6,-2.06981e6,5.19315e-9
1489503210,26277050.771077104,30419478.623442207,4142.428,3.96288e14,0.5802,4.11921e6,-2.06551e6,5.18235e-9
1489503240,26295084.372117404,30433594.163014777,4138.510,3.93460e14,1.2897,4.09597e6,-2.06119e6,5.17150e-9
1489503270,26313136.79403651,30447669.16582711,4134.532,3.97731e14,0.2181,4.10938e6,-2.05685e6,5.16059e-9
1489503300,26331207.6425774,30461703.509180367,4130.496,3.99141e14,0.1356,4.10793e6,-2.05249e6,5.14964e-9
1489503330,26349296.52466809,30475697.071156535,4126.401,3.96088e14,0.6302,4.08347e6,-2.04811e6,5.13865e-9
1489503360,26367403.04837542,30489649.73050082,4122.247,3.94641e14,0.9933,4.06728e6,-2.04372e6,5.12760e-9
1489503390,26385526.82296484,30503561.36673243,4118.035,4.00615e14,0.5054,4.08905e6,-2.03930e6,5.11651e-9
1489503420,26403667.458889898,30517431.86010418,4113.764,3.95401e14,0.8027,4.05353e6,-2.03486e6,5.10537e-9
1489503450,26421824.567798827,30531261.091599204,4109.437,3.96492e14,0.5290,4.05021e6,-2.03041e6,5.09419e-9
1489503480,26439997.762540832,30545048.94292775,4105.051,3.99317e14,0.1798,4.05565e6,-2.02594e6,5.08296e-9
1489503510,26458186.657172322,30558795.29652387,4100.609,4.00587e14,0.4984,4.05310e6,-2.02145e6,5.07168e-9
1489503540,26476390.866962973,30572500.03554226,4096.109,4.02653e14,1.0167,4.05452e6,-2.01695e6,5.06036e-9
1489503570,26494610.00840156,30586163.043855056,4091.553,3.96050e14,0.6397,4.01208e6,-2.01242e6,5.04900e-9
1489503600,26512843.69920164,30599784.20604865,4086.941,3.95306e14,0.8266,3.99927e6,-2.00788e6,5.03760e-9
1489503630,26531091.558281776,30613363.407401387,4082.272,4.01302e14,0.6776,4.02033e6,-2.00333e6,5.02615e-9
1489503660,26549353.205849007,30626900.533939462,4077.547,4.03971e14,1.3472,4.02453e6,-1.99875e6,5.01467e-9
1489503690,26567628.263326004,30640395.47237449,4072.767,4.06697e14,2.0312,4.02892e6,-1.99416e6,5.00314e-9
1489503720,26585916.353381146,30653848.110119343,4067.932,4.01855e14,0.8166,3.99544e6,-1.98956e6,4.99157e-9
1489503750,26604217.09993322,30667258.335284933,4063.041,3.97446e14,0.2897,3.96420e6,-1.98493e6,4.97996e-9
1489503780,26622530.128155995,30680626.036676854,4058.096,3.95967e14,0.6606,3.94758e6,-1.98030e6,4.96831e-9
1489503810,26640855.06448268,30693951.103792265,4053.096,3.92151e14,1.6180,3.91939e6,-1.97564e6,4.95662e-9
1489503840,26659191.53661012,30707233.42681638,4048.042,3.96336e14,0.5681,3.93081e6,-1.97097e6,4.94490e-9
1489503870,26677539.17350295,30720472.89661942,4042.934,3.98208e14,0.0983,3.93071e6,-1.96629e6,4.93313e-9
1489503900,26695897.60539765,30733669.404753204,4037.772,4.00126e14,0.3827,3.93075e6,-1.96159e6,4.92133e-9
1489503930,26714266.463836644,30746822.843450263,4032.556,3.96784e14,0.4557,3.90489e6,-1.95688e6,4.90950e-9
1489503960,26732645.381578825,30759933.10561343,4027.288,3.95570e14,0.7603,3.88950e6,-1.95215e6,4.89762e-9
1489503990,26751033.992696423,30773000.08481984,4021.966,3.97863e14,0.1849,3.89125e6,-1.94741e6,4.88571e-9
1489504020,26769431.93254855,30786023.675315402,4016.592,3.93453e14,1.2915,3.86025e6,-1.94265e6,4.87377e-9
1489504050,26787838.837784927,30799003.77201161,4011.165,3.94944e14,0.9172,3.85802e6,-1.93788e6,4.86179e-9
1489504080,26806254.346349243,30811940.270482313,4005.686,3.97593e14,0.2528,3.86133e6,-1.93310e6,4.84978e-9
1489504110,26824678.097482637,30824833.066960663,4000.155,3.97261e14,0.3361,3.85014e6,-1.92830e6,4.83773e-9
1489504140,26843109.731726866,30837682.058335874,3994.572,3.94273e14,1.0858,3.82611e6,-1.92349e6,4.82565e-9
1489504170,26861548.890927486,30850487.142150182,3988.938,3.97095e14,0.3778,3.83010e6,-1.91867e6,4.81354e-9
1489504200,26879995.218236767,30863248.216595713,3983.253,4.02511e14,0.9812,3.84645e6,-1.91383e6,4.80139e-9
1489504230,26898448.358089365,30875965.180516407,3977.517,4.01306e14,0.6788,3.83092e6,-1.90898e6,4.78921e-9
1489504260,26916907.95628882,30888637.93338949,3971.730,3.97640e14,0.2410,3.80365e6,-1.90412e6,4.77701e-9
1489504290,26935373.65992645,30901266.375337966,3965.893,3.99192e14,0.1483,3.80130e6,-1.89925e6,4.76477e-9
1489504320,26953845.117410615,30913850.40712261,3960.005,4.01779e14,0.7976,3.80382e6,-1.89436e6,4.75250e-9
1489504350,26972321.978468794,30926389.930138953,3954.068,3.94423e14,1.0480,3.75911e6,-1.88946e6,4.74020e-9
1489504380,26990803.894149665,30938884.846414354,3948.081,3.93609e14,1.2522,3.74549e6,-1.88455e6,4.72787e-9
1489504410,27009290.51682486,30951335.058605086,3942.045,3.95990e14,0.6550,3.74693e6,-1.87963e6,4.71551e-9
1489504440,27027781.500190772,30963740.46999341,3935.959,3.96500e14,0.5268,3.73949e6,-1.87470e6,4.70313e-9
1489504470,27046276.49927014,30976100.98448463,3929.824,4.00022e14,0.3567,3.74615e6,-1.86976e6,4.69071e-9
1489504500,27064775.170413494,30988416.506604254,3923.641,4.00056e14,0.3653,3.73637e6,-1.86480e6,4.67827e-9
1489504530,27083277.171319127,31000686.9414915,3917.410,4.01459e14,0.7170,3.73296e6,-1.85984e6,4.66580e-9
1489504560,27101782.16097757,31012912.19490752,3911.130,4.02231e14,0.9108,3.72656e6,-1.85486e6,4.65331e-9
1489504590,27120289.799729314,31025092.17322146,3904.802,3.98759e14,0.0399,3.70043e6,-1.84987e6,4.64079e-9
1489504620,27138799.749247856,31037226.783411108,3898.427,4.00474e14,0.4700,3.69837e6,-1.84488e6,4.62824e-9
1489504650,27157311.672540773,31049315.93306014,3892.004,3.96797e14,0.4524,3.67135e6,-1.83987e6,4.61567e-9
1489504680,27175825.233950764,31061359.530355223,3885.534,3.99690e14,0.2734,3.67465e6,-1.83485e6,4.60307e-9
1489504710,27194340.099156618,31073357.48408326,3879.017,4.03340e14,1.1890,3.68134e6,-1.82982e6,4.59045e-9
1489504740,27212855.935174037,31085309.703628503,3872.454,3.98764e14,0.0410,3.65025e6,-1.82479e6,4.57780e-9
1489504770,27231372.4103564,31097216.098969843,3865.844,3.99606e14,0.2522,3.64399e6,-1.81974e6,4.56513e-9
1489504800,27249889.194395434,31109076.58067795,3859.187,3.99104e14,0.1263,3.63158e6,-1.81469e6,4.55244e-9
1489504830,27268405.958311018,31120891.05991287,3852.485,3.99652e14,0.2637,3.62393e6,-1.80962e6,4.53972e-9
1489504860,27286922.374484625,31132659.448420297,3845.737,3.99851e14,0.3138,3.61467e6,-1.80455e6,4.52698e-9
1489504890,27305438.116626978,31144381.658529818,3838.944,3.99989e14,0.3485,3.60511e6,-1.79947e6,4.51422e-9
1489504920,27323952.85978881,31156057.603151847,3832.105,3.98238e14,0.0908,3.58702e6,-1.79438e6,4.50144e-9
1489504950,27342466.280360904,31167687.195774954,3825.221,3.97445e14,0.2898,3.57326e6,-1.78928e6,4.48863e-9
1489504980,27360978.056074176,31179270.35046311,3818.292,4.00231e14,0.4091,3.57553e6,-1.78417e6,4.47581e-9
1489505010,27379487.86599958,31190806.981853146,3811.319,4.02416e14,0.9573,3.57502e6,-1.77905e6,4.46296e-9
1489505040,27397995.39054792,31202297.005151913,3804.302,4.05277e14,1.6750,3.57745e6,-1.77393e6,4.45010e-9
1489505070,27416500.31146964,31213740.336133786,3797.240,4.03225e14,1.1603,3.55799e6,-1.76879e6,4.43721e-9
1489505100,27435002.311854403,31225136.891137898,3790.135,3.96009e14,0.6501,3.51572e6,-1.76365e6,4.42431e-9
1489505130,27453501.07613897,31236486.58706654,3782.986,3.98299e14,0.0756,3.51556e6,-1.75851e6,4.41138e-9
1489505160,27471996.29008145,31247789.341379613,3775.793,4.02217e14,0.9073,3.52248e6,-1.75335e6,4.39844e-9
1489505190,27490487.640785668,31259045.07209504,3768.557,4.02783e14,1.0492,3.51458e6,-1.74819e6,4.38548e-9
1489505220,27508974.81669259,31270253.69778515,3761.279,3.97843e14,0.1900,3.48259e6,-1.74302e6,4.37250e-9
1489505250,27527457.507579587,31281415.137574192,3753.958,3.95218e14,0.8486,3.46080e6,-1.73784e6,4.35950e-9
1489505280,27545935.404559683,31292529.31113569,3746.594,4.04222e14,1.4103,3.48960e6,-1.73266e6,4.34649e-9
1489505310,27564408.200080704,31303596.138690025,3739.188,4.00511e14,0.4794,3.46307e6,-1.72747e6,4.33346e-9
1489505340,27582875.587924406,31314615.541001815,3731.740,3.90870e14,1.9394,3.41099e6,-1.72227e6,4.32041e-9
1489505370,27601337.263205454,31325587.439377453,3724.250,3.95916e14,0.6736,3.42241e6,-1.71707e6,4.30734e-9
1489505400,27619792.92237033,31336511.755662564,3716.719,4.02070e14,0.8704,3.43845e6,-1.71186e6,4.29426e-9
1489505430,27638242.263187524,31347388.412238725,3709.146,4.03804e14,1.3055,3.43539e6,-1.70664e6,4.28117e-9
1489505460,27656684.98477315,31358217.33202366,3701.532,4.02264e14,0.9191,3.41830e6,-1.70142e6,4.26806e-9
1489505490,27675120.787562948,31368998.438465983,3693.878,4.03439e14,1.2140,3.41279e6,-1.69619e6,4.25493e-9
1489505520,27693549.373319414,31379731.65554362,3686.182,4.07422e14,2.2131,3.41915e6,-1.69095e6,4.24179e-9
1489505550,27711970.44513042,31390416.90776149,3678.446,3.99280e14,0.1704,3.37412e6,-1.68571e6,4.22863e-9
1489505580,27730383.70740754,31401054.120148968,3670.670,3.96235e14,0.5934,3.35078e6,-1.68047e6,4.21546e-9
1489505610,27748788.865884583,31411643.21825761,3662.854,4.02603e14,1.0042,3.36707e6,-1.67522e6,4.20228e-9
1489505640,27767185.627615742,31422184.128158655,3654.999,4.02436e14,0.9623,3.35580e6,-1.66996e6,4.18908e-9
1489505670,27785573.700973973,31432676.77644074,3647.103,3.97802e14,0.2003,3.32587e6,-1.66470e6,4.17587e-9
1489505700,27803952.795649108,31443121.090207536,3639.168,3.95757e14,0.7133,3.30683e6,-1.65943e6,4.16265e-9
1489505730,27822322.62265326,31453516.997075852,3631.194,3.95133e14,0.8699,3.29373e6,-1.65416e6,4.14942e-9
1489505760,27840682.894296683,31463864.42517182,3623.182,3.93372e14,1.3117,3.27593e6,-1.64888e6,4.13617e-9
1489505790,27859033.32420793,31474163.303130277,3615.130,3.93789e14,1.2070,3.26716e6,-1.64360e6,4.12291e-9
1489505820,27877373.627324745,31484413.560091864,3607.040,3.97451e14,0.2885,3.27169e6,-1.63831e6,4.10964e-9
1489505850,27895703.519892037,31494615.12570079,3598.912,4.00390e14,0.4489,3.27316e6,-1.63302e6,4.09635e-9
1489505880,27914022.719459813,31504767.93010255,3590.745,3.98303e14,0.0747,3.25402e6,-1.62773e6,4.08306e-9
1489505910,27932330.94488099,31514871.903941747,3582.541,3.98606e14,0.0014,3.24465e6,-1.62243e6,4.06976e-9
1489505940,27950627.91630932,31524926.978359815,3574.299,4.02999e14,1.1035,3.25186e6,-1.61712e6,4.05644e-9
1489505970,27968913.35519703,31534933.08499282,3566.020,4.01271e14,0.6700,3.23420e6,-1.61181e6,4.04312e-9
1489506000,27987186.984292686,31544890.155969217,3557.703,3.97316e14,0.3221,3.20760e6,-1.60650e6,4.02978e-9
1489506030,28005448.52763818,31554798.123908393,3549.350,3.95192e14,0.8550,3.18845e6,-1.60118e6,4.01644e-9
1489506060,28023697.710568156,31564656.921916462,3540.959,3.98663e14,0.0158,3.19175e6,-1.59586e6,4.00308e-9
1489506090,28041934.25970587,31574466.483586073,3532.532,4.00593e14,0.4998,3.18879e6,-1.59054e6,3.98972e-9
1489506120,28060157.902961247,31584226.742993597,3524.069,3.99491e14,0.2233,3.17372e6,-1.58521e6,3.97634e-9
1489506150,28078368.36952834,31593937.63469701,3515.569,4.05328e14,1.6879,3.18618e6,-1.57988e6,3.96296e-9
1489506180,28096565.38988277,31603599.093733788,3507.034,4.01629e14,0.7599,3.16081e6,-1.57455e6,3.94957e-9
1489506210,28114748.695779104,31613211.05561874,3498.462,3.96779e14,0.4570,3.13100e6,-1.56921e6,3.93617e-9
1489506240,28132918.020248156,31622773.456341993,3489.855,4.04347e14,1.4418,3.15003e6,-1.56387e6,3.92277e-9
1489506270,28151073.0975943,31632286.232366852,3481.213,4.02871e14,1.0715,3.13349e6,-1.55852e6,3.90935e-9
1489506300,28169213.66339261,31641749.320627693,3472.536,3.99644e14,0.2618,3.11016e6,-1.55318e6,3.89593e-9
1489506330,28187339.454475906,31651162.65852513,3463.823,3.98512e14,0.0222,3.09505e6,-1.54783e6,3.88250e-9
1489506360,28205450.208963346,31660526.18393274,3455.076,3.97748e14,0.2138,3.08139e6,-1.54247e6,3.86907e-9
1489506390,28223545.666225985,31669839.835186098,3446.294,4.05887e14,1.8281,3.10207e6,-1.53712e6,3.85563e-9
1489506420,28241625.566893876,31679103.5510837,3437.478,4.08457e14,2.4729,3.10113e6,-1.53176e6,3.84218e-9
1489506450,28259689.65285312,31688317.270884894,3428.628,4.08252e14,2.4214,3.08948e6,-1.52640e6,3.82872e-9
1489506480,28277737.667242642,31697480.934307862,3419.743,4.03401e14,1.2044,3.06012e6,-1.52104e6,3.81526e-9
1489506510,28295769.354451165,31706594.4815277,3410.825,4.01037e14,0.6113,3.04033e6,-1.51567e6,3.80179e-9
1489506540,28313784.460114,31715657.85317434,3401.873,4.03951e14,1.3424,3.04060e6,-1.51030e6,3.78832e-9
1489506570,28331782.73110984,31724670.99033068,3392.888,3.99168e14,0.1423,3.01173e6,-1.50493e6,3.77484e-9
1489506600,28349763.915557574,31733633.834530618,3383.870,3.98591e14,0.0023,2.99880e6,-1.49956e6,3.76136e-9
1489506630,28367727.7628349,31742546.327762574,3374.819,4.07003e14,2.1080,3.01958e6,-1.49419e6,3.74787e-9
1489506660,28385674.023507755,31751408.412450653,3365.734,3.99182e14,0.1460,2.97951e6,-1.48881e6,3.73437e-9
1489506690,28403602.44939446,31760220.031469904,3356.618,3.96627e14,0.4950,2.95923e6,-1.48343e6,3.72087e-9
1489506720,28421512.793540757,31768981.12813893,3347.468,4.05027e14,1.6123,2.97964e6,-1.47805e6,3.70737e-9
1489506750,28439404.810216658,31777691.646217983,3338.287,3.96935e14,0.4178,2.93889e6,-1.47267e6,3.69386e-9
1489506780,28457278.25491328,31786351.52990723,3329.073,4.00403e14,0.4523,2.94091e6,-1.46729e6,3.68035e-9
1489506810,28475132.88433955,31794960.72384492,3319.828,3.99196e14,0.1493,2.92569e6,-1.46190e6,3.66684e-9
1489506840,28492968.456419077,31803519.173105564,3310.551,3.96097e14,0.6280,2.90358e6,-1.45652e6,3.65332e-9
1489506870,28510784.73028676,31812026.823198255,3301.242,3.99860e14,0.3160,2.90654e6,-1.45113e6,3.63979e-9
1489506900,28528581.466285523,31820483.620064724,3291.902,3.93961e14,1.1639,2.87435e6,-1.44574e6,3.62627e-9
1489506930,28546358.425931957,31828889.51007177,3282.531,3.98471e14,0.0325,2.87992e6,-1.44035e6,3.61274e-9
1489506960,28564115.372008424,31837244.44002793,3273.129,3.95652e14,0.7397,2.85899e6,-1.43496e6,3.59921e-9
1489506990,28581852.06846399,31845548.357162986,3263.696,3.95247e14,0.8413,2.84679e6,-1.42956e6,3.58567e-9
1489507020,28599568.28044162,31853801.20913232,3254.233,4.04077e14,1.3739,2.86759e6,-1.42417e6,3.57214e-9
1489507050,28617263.774274513,31862002.9440151,3244.739,4.00148e14,0.3884,2.84274e6,-1.41878e6,3.55860e-9
1489507080,28634938.317482267,31870153.51031252,3235.215,3.96625e14,0.4955,2.81944e6,-1.41338e6,3.54505e-9
1489507110,28652591.678767186,31878252.856946155,3225.661,3.97669e14,0.2337,2.81235e6,-1.40798e6,3.53151e-9
1489507140,28670223.628010385,31886300.93325605,3216.077,3.98520e14,0.0202,2.80456e6,-1.40259e6,3.51796e-9
1489507170,28687833.93626804,31894297.688999165,3206.464,3.93035e14,1.3963,2.77454e6,-1.39719e6,3.50442e-9
1489507200,28705422.37576754,31902243.074347574,3196.821,3.97883e14,0.1801,2.78074e6,-1.39179e6,3.49087e-9
1489507230,28722988.719939224,31910137.039888978,3187.148,4.00873e14,0.5700,2.78035e6,-1.38639e6,3.47731e-9
1489507260,28740532.743302938,31917979.536618236,3177.447,4.01853e14,0.8161,2.77291e6,-1.38099e6,3.46376e-9
1489507290,28758054.221573975,31925770.51594272,3167.716,4.03549e14,1.2416,2.76792e6,-1.37559e6,3.45021e-9
1489507320,28775552.93162397,31933509.92967836,3157.957,3.97941e14,0.1654,2.73777e6,-1.37019e6,3.43665e-9
1489507350,28793028.651477404,31941197.73004803,3148.169,4.00138e14,0.3858,2.73450e6,-1.36479e6,3.42310e-9
1489507380,28810481.16030784,31948833.869679984,3138.353,3.98303e14,0.0747,2.71741e6,-1.35938e6,3.40954e-9
1489507410,28827910.238434546,31956418.301606283,3128.508,3.98534e14,0.0166,2.70740e6,-1.35398e6,3.39599e-9
1489507440,28845315.667318694,31963950.97926119,3118.635,3.96434e14,0.5435,2.68949e6,-1.34858e6,3.38243e-9
1489507470,28862697.22955986,31971431.856479637,3108.735,4.05917e14,1.8355,2.71066e6,-1.34318e6,3.36887e-9
1489507500,28880054.708892282,31978860.88749568,3098.806,4.08177e14,2.4026,2.70734e6,-1.33778e6,3.35532e-9
1489507530,28897387.890146714,31986238.0269454,3088.850,3.92756e14,1.4662,2.64487e6,-1.33237e6,3.34176e-9
1489507560,28914696.55935315,31993563.229851983,3078.867,3.90719e14,1.9772,2.62737e6,-1.32697e6,3.32820e-9
1489507590,28931980.503630504,32000836.45163746,3068.856,3.93493e14,1.2814,2.62586e6,-1.32157e6,3.31464e-9
1489507620,28949239.511217017,32008057.648117084,3058.818,3.99225e14,0.1566,2.63404e6,-1.31617e6,3.30109e-9
1489507650,28966473.371466298,32015226.775497813,3048.753,4.02074e14,0.8715,2.63260e6,-1.31077e6,3.28753e-9
1489507680,28983681.87484321,32022343.790376928,3038.662,4.00395e14,0.4501,2.61625e6,-1.30536e6,3.27398e-9
1489507710,29000864.812919915,32029408.649740618,3028.544,3.95963e14,0.6616,2.59097e6,-1.29996e6,3.26042e-9
1489507740,29018021.978371654,32036421.310962576,3018.399,4.06355e14,1.9454,2.61394e6,-1.29456e6,3.24687e-9
1489507770,29035153.16497276,32043381.73180262,3008.229,4.11098e14,3.1354,2.61837e6,-1.28916e6,3.23332e-9
1489507800,29052258.167592507,32050289.87040528,2998.032,3.97789e14,0.2036,2.56455e6,-1.28376e6,3.21977e-9
1489507830,29069336.782219768,32057145.685290016,2987.809,3.98424e14,0.0442,2.55580e6,-1.27836e6,3.20622e-9
1489507860,29086388.805870365,32063949.135375787,2977.560,3.97057e14,0.3872,2.54064e6,-1.27296e6,3.19267e-9
1489507890,29103414.036671706,32070700.179953765,2967.286,3.98826e14,0.0565,2.53548e6,-1.26757e6,3.17912e-9
1489507920,29120412.27383021,32077398.778694253,2956.987,3.99427e14,0.2073,2.52658e6,-1.26217e6,3.16558e-9
1489507950,29137383.31762747,32084044.89164535,2946.662,3.96131e14,0.6194,2.50539e6,-1.25677e6,3.15203e-9
1489507980,29154326.96941628,32090638.47923149,2936.312,3.97127e14,0.3696,2.49775e6,-1.25137e6,3.13849e-9
1489508010,29171243.03161691,32097179.502252072,2925.936,4.02603e14,1.0042,2.50409e6,-1.24598e6,3.12495e-9
1489508040,29188131.307713155,32103667.92188012,2915.537,4.04511e14,1.4829,2.49919e6,-1.24058e6,3.11141e-9
1489508070,29204991.602248445,32110103.699660838,2905.112,3.97283e14,0.3304,2.46592e6,-1.23519e6,3.09788e-9
1489508100,29221823.72082203,32116486.7975103,2894.663,3.92376e14,1.5615,2.44002e6,-1.22980e6,3.08434e-9
1489508130,29238627.470065273,32122817.17772157,2884.190,4.01738e14,0.7871,2.45807e6,-1.22440e6,3.07081e-9
1489508160,29255402.657698825,32129094.802940436,2873.692,3.99223e14,0.1561,2.43955e6,-1.21901e6,3.05728e-9
1489508190,29272149.092467498,32135319.636186972,2863.171,3.97596e14,0.2521,2.42381e6,-1.21362e6,3.04376e-9
1489508220,29288866.58415594,32141491.64084706,2852.625,4.06429e14,1.9641,2.43981e6,-1.20823e6,3.03023e-9
1489508250,29305554.94358463,32147610.78067095,2842.056,4.05287e14,1.6774,2.42548e6,-1.20285e6,3.01671e-9
1489508280,29322213.98260585,32153677.01977219,2831.463,3.99315e14,0.1793,2.39668e6,-1.19746e6,3.00319e-9
1489508310,29338843.51409951,32159690.322626412,2820.847,3.99198e14,0.1499,2.38555e6,-1.19207e6,2.98968e-9
1489508340,29355443.351969127,32165650.654070124,2810.207,4.04520e14,1.4850,2.39061e6,-1.18669e6,2.97617e-9
1489508370,29372013.311137665,32171557.979299556,2799.545,3.99742e14,0.2865,2.36560e6,-1.18130e6,2.96266e-9
1489508400,29388553.207543537,32177412.263869487,2788.859,3.90341e14,2.0722,2.32709e6,-1.17592e6,2.94915e-9
1489508430,29405062.85814543,32183213.47368648,2778.151,3.90317e14,2.0782,2.31637e6,-1.17054e6,2.93565e-9
1489508460,29421542.080890335,32188961.575025205,2767.419,3.95373e14,0.8097,2.32050e6,-1.16516e6,2.92215e-9
1489508490,29437990.694737647,32194656.534509826,2756.666,3.91341e14,1.8213,2.29806e6,-1.15978e6,2.90865e-9
1489508520,29454408.51964592,32200298.319118544,2745.890,4.12483e14,3.4827,2.34861e6,-1.15440e6,2.89516e-9
1489508550,29470795.37656892,32205886.896182407,2735.092,4.12562e14,3.5026,2.33790e6,-1.14903e6,2.88167e-9
1489508580,29487151.08745158,32211422.23338427,2724.271,3.96985e14,0.4053,2.28228e6,-1.14365e6,2.86819e-9
1489508610,29503475.47522603,32216904.298757594,2713.429,4.02072e14,0.8710,2.28608e6,-1.13828e6,2.85471e-9
1489508640,29519768.36380753,32222333.06068544,2702.565,3.98181e14,0.1052,2.26423e6,-1.13291e6,2.84123e-9
1489508670,29536029.57809053,32227708.487899344,2691.679,3.94094e14,1.1306,2.24194e6,-1.12754e6,2.82775e-9
1489508700,29552258.94394466,32233030.549478248,2680.772,3.95705e14,0.7263,2.23580e6,-1.12217e6,2.81428e-9
1489508730,29568456.288213145,32238299.21485592,2669.843,3.99156e14,0.1395,2.23477e6,-1.11681e6,2.80082e-9
1489508760,29584621.438701596,32243514.453793894,2658.893,4.05612e14,1.7591,2.24203e6,-1.11144e6,2.78736e-9
1489508790,29600754.224181093,32248676.236406434,2647.922,4.01806e14,0.8041,2.22064e6,-1.10608e6,2.77390e-9
1489508820,29616854.47438192,32253784.53315126,2636.930,3.98560e14,0.0103,2.20092e6,-1.10071e6,2.76044e-9
1489508850,29632922.019989695,32258839.314828534,2625.917,4.01465e14,0.7186,2.19818e6,-1.09535e6,2.74699e-9
1489508880,29648956.69264141,32263840.552579906,2614.884,4.00547e14,0.4883,2.18491e6,-1.09000e6,2.73355e-9
1489508910,29664958.324921496,32268788.217887726,2603.830,4.04388e14,1.4521,2.18462e6,-1.08464e6,2.72011e-9
1489508940,29680926.75035791,32273682.282574013,2592.756,4.05296e14,1.6797,2.17629e6,-1.07928e6,2.70667e-9
1489508970,29696861.803418193,32278522.71879955,2581.661,4.17158e14,4.6558,2.19744e6,-1.07393e6,2.69324e-9
1489509000,29712763.319505535,32283309.49906305,2570.546,4.07580e14,2.2529,2.16082e6,-1.06858e6,2.67981e-9
1489509030,29728631.13494179,32288042.59618786,2559.411,3.84518e14,3.5329,2.08851e6,-1.06323e6,2.66639e-9
1489509060,29744465.08700372,32292721.983359136,2548.257,3.97540e14,0.2660,2.11254e6,-1.05788e6,2.65297e-9
1489509090,29760265.013879046,32297347.63408485,2537.083,3.98794e14,0.0485,2.10517e6,-1.05254e6,2.63956e-9
1489509120,29776030.754675344,32301919.522207122,2525.889,4.00317e14,0.4306,2.09848e6,-1.04719e6,2.62615e-9
1489509150,29791762.149416015,32306437.621901248,2514.675,4.08672e14,2.5266,2.10960e6,-1.04185e6,2.61274e-9
1489509180,29807459.039036285,32310901.90767471,2503.443,3.97106e14,0.3750,2.06872e6,-1.03651e6,2.59934e-9
1489509210,29823121.26537923,32315312.35436627,2492.191,3.94948e14,0.9163,2.05248e6,-1.03117e6,2.58595e-9
1489509240,29838748.67119175,32319668.93714494,2480.920,4.08762e14,2.5494,2.07740e6,-1.02583e6,2.57256e-9
1489509270,29854341.10012064,32323971.63150908,2469.631,3.97261e14,0.3361,2.03716e6,-1.02050e6,2.55917e-9
1489509300,29869898.396708556,32328220.413285445,2458.322,3.87398e14,2.8106,2.00140e6,-1.01517e6,2.54579e-9
1489509330,29885420.406413626,32332415.258637197,2446.995,3.97635e14,0.2422,2.01681e6,-1.00983e6,2.53242e-9
1489509360,29900906.97553311,32336556.144035578,2435.649,4.01756e14,0.7916,2.01655e6,-1.00451e6,2.51905e-9
1489509390,29916357.951271873,32340643.04628646,2424.285,3.97982e14,0.1552,1.99640e6,-9.99179e5,2.50568e-9
1489509420,29931773.181715265,32344675.942520674,2412.903,3.93344e14,1.3188,1.97419e6,-9.93854e5,2.49232e-9
1489509450,29947152.51582541,32348654.810193263,2401.502,3.96722e14,0.4712,1.97199e6,-9.88531e5,2.47897e-9
1489509480,29962495.80343741,32352579.627082665,2390.084,4.02142e14,0.8885,1.97474e6,-9.83211e5,2.46562e-9
1489509510,29977802.895255726,32356450.371290036,2378.647,4.00713e14,0.5300,1.96055e6,-9.77892e5,2.45228e-9
1489509540,29993073.64285041,32360267.021238517,2367.193,3.92838e14,1.4457,1.93068e6,-9.72576e5,2.43894e-9
1489509570,30008307.898653403,32364029.555672515,2355.722,3.93694e14,1.2308,1.92221e6,-9.67261e5,2.42560e-9
1489509600,30023505.515954804,32367737.953657065,2344.232,3.93952e14,1.1661,1.91227e6,-9.61949e5,2.41228e-9
1489509630,30038666.34886452,32371392.194579627,2332.726,3.99109e14,0.1276,1.91408e6,-9.56639e5,2.39895e-9
1489509660,30053790.252415434,32374992.25814171,2321.202,4.07060e14,2.1222,1.92243e6,-9.51331e5,2.38564e-9
1489509690,30068877.08245254,32378538.12436604,2309.661,4.01543e14,0.7383,1.89862e6,-9.46025e5,2.37232e-9
1489509720,30083926.695663612,32382029.77359344,2298.103,3.95597e14,0.7536,1.87394e6,-9.40721e5,2.35902e-9
1489509750,30098938.949575275,32385467.186482172,2286.528,3.96135e14,0.6185,1.86464e6,-9.35419e5,2.34571e-9
1489509780,30113913.70254898,32388850.344007425,2274.937,4.03538e14,1.2388,1.87134e6,-9.30120e5,2.33242e-9
1489509810,30128850.813777134,32392179.22746068,2263.328,4.03371e14,1.1969,1.86029e6,-9.24822e5,2.31913e-9
1489509840,30143750.143279098,32395453.81844912,2251.704,3.94317e14,1.0747,1.82876e6,-9.19527e5,2.30584e-9
1489509870,30158611.551897284,32398674.098895106,2240.063,3.99434e14,0.2092,1.82996e6,-9.14234e5,2.29256e-9
1489509900,30173434.90129333,32401840.051035553,2228.405,4.00976e14,0.5960,1.82288e6,-9.08944e5,2.27929e-9
1489509930,30188220.05398837,32404951.657408882,2216.732,3.97464e14,0.2851,1.80432e6,-9.03655e5,2.26602e-9
1489509960,30202966.873222947,32408008.900892984,2205.042,3.93327e14,1.3229,1.78444e6,-8.98369e5,2.25276e-9
1489509990,30217675.223089907,32411011.76466596,2193.337,3.96459e14,0.5372,1.78096e6,-8.93085e5,2.23950e-9
1489510020,30232344.968486745,32413960.232218012,2181.615,4.10118e14,2.8894,1.80083e6,-8.87803e5,2.22625e-9
1489510050,30246975.975112107,32416854.28735076,2169.878,4.10619e14,3.0151,1.79122e6,-8.82523e5,2.21301e-9
1489510080,30261568.10946242,32419693.914176576,2158.126,3.93469e14,1.2875,1.74278e6,-8.77246e5,2.19977e-9
1489510110,30276121.238828596,32422479.09711804,2146.358,3.88339e14,2.5743,1.72109e6,-8.71970e5,2.18653e-9
1489510140,30290635.23129252,32425209.8209072,2134.575,4.04893e14,1.5787,1.74665e6,-8.66697e5,2.17330e-9
1489510170,30305109.95572377,32427886.07058505,2122.776,4.06316e14,1.9356,1.73910e6,-8.61427e5,2.16008e-9
1489510200,30319545.281776186,32430507.831500866,2110.963,3.92081e14,1.6357,1.69790e6,-8.56158e5,2.14686e-9
1489510230,30333941.079838347,32433075.089324832,2099.134,3.92342e14,1.5701,1.68801e6,-8.50892e5,2.13365e-9
1489510260,30348297.221172635,32435587.830006793,2087.291,4.04954e14,1.5940,1.70431e6,-8.45628e5,2.12044e-9
1489510290,30362613.577768944,32438046.039816592,2075.432,3.99904e14,0.3270,1.68306e6,-8.40366e5,2.10724e-9
1489510320,30376890.0223871,32440449.7053304,2063.560,3.87479e14,2.7902,1.64651e6,-8.35107e5,2.09405e-9
1489510350,30391126.428553183,32442798.813430242,2051.672,3.98515e14,0.0214,1.65910e6,-8.29850e5,2.08086e-9
1489510380,30405322.670555785,32445093.351303667,2039.771,4.04700e14,1.5304,1.66138e6,-8.24595e5,2.06768e-9
1489510410,30419478.623442207,32447333.30644335,2027.855,4.00051e14,0.3638,1.64125e6,-8.19342e5,2.05450e-9
1489510440,30433594.163014777,32449518.666646663,2015.925,4.02364e14,0.9441,1.63545e6,-8.14092e5,2.04133e-9
1489510470,30447669.16582711,32451649.420015402,2003.980,4.03887e14,1.3263,1.62799e6,-8.08844e5,2.02816e-9
1489519980,32451266.561955612,30445284.613558557,2005.982,4.10708e14,3.0376,-1.64322e6,8.09334e5,-2.03037e-9
1489520010,32449125.917952392,30431203.983103156,2017.922,4.04280e14,1.4249,-1.64074e6,8.14583e5,-2.04354e-9
1489520040,32446930.67124619,30417082.848706238,2029.848,3.95851e14,0.6897,-1.63399e6,8.19836e5,-2.05671e-9
1489520070,32444680.833840825,30402921.333955374,2041.759,4.02041e14,0.8631,-1.65727e6,8.25090e5,-2.06988e-9
1489520100,32442376.418044828,30388719.56318905,2053.657,3.93374e14,1.3111,-1.64977e6,8.30347e5,-2.08306e-9
1489520130,32440017.436464608,30374477.66153552,2065.540,3.91275e14,1.8378,-1.65582e6,8.35606e5,-2.09625e-9
1489520160,32437603.902027167,30360195.75480675,2077.408,4.00621e14,0.5069,-1.68596e6,8.40867e5,-2.10945e-9
1489520190,32435135.827958003,30345873.969611585,2089.262,4.08227e14,2.4151,-1.71265e6,8.46131e5,-2.12265e-9
1489520220,32432613.227788698,30331512.43332399,2101.101,4.07570e14,2.2502,-1.72190e6,8.51396e5,-2.13585e-9
1489520250,32430036.11535739,30317111.2740868,2112.925,3.97859e14,0.1861,-1.71169e6,8.56665e5,-2.14906e-9
1489520280,32427404.504809048,30302670.62081546,2124.734,3.99032e14,0.1082,-1.72475e6,8.61935e5,-2.16228e-9
1489520310,32424718.410595946,30288190.603201907,2136.528,4.06209e14,1.9087,-1.75091e6,8.67208e5,-2.17550e-9
1489520340,32421977.84747803,30273671.351718247,2148.306,4.08235e14,2.4171,-1.76600e6,8.72482e5,-2.18873e-9
1489520370,32419182.830523364,30259112.997620646,2160.070,4.03793e14,1.3026,-1.76689e6,8.77760e5,-2.20196e-9
1489520400,32416333.375108603,30244515.672953118,2171.818,3.95462e14,0.7874,-1.75907e6,8.83039e5,-2.21520e-9
1489520430,32413429.496940695,30229879.510506462,2183.550,3.92388e14,1.5585,-1.76274e6,8.88321e5,-2.22844e-9
1489520460,32410471.21199186,30215204.64396018,2195.267,3.88835e14,2.4499,-1.76525e6,8.93605e5,-2.24169e-9
1489520490,32407458.536565952,30200491.2077479,2206.967,3.95287e14,0.8311,-1.79024e6,8.98891e5,-2.25495e-9
1489520520,32404391.487277832,30185739.337105528,2218.652,3.97445e14,0.2899,-1.80567e6,9.04179e5,-2.26821e-9
1489520550,32401270.081054058,30170949.168074675,2230.321,3.87976e14,2.6655,-1.79463e6,9.09470e5,-2.28148e-9
1489520580,32398094.335133605,30156120.83750614,2241.973,3.92272e14,1.5877,-1.81493e6,9.14763e5,-2.29475e-9
1489520610,32394864.26706869,30141254.483063303,2253.610,3.93754e14,1.2159,-1.82885e6,9.20058e5,-2.30803e-9
1489520640,32391579.894725412,30126350.243225593,2265.230,3.92089e14,1.6335,-1.83552e6,9.25355e5,-2.32131e-9
1489520670,32388241.236284524,30111408.257291898,2276.833,3.97643e14,0.2402,-1.85899e6,9.30654e5,-2.33460e-9
1489520700,32384848.310242202,30096428.665384114,2288.420,3.94451e14,1.0411,-1.86208e6,9.35956e5,-2.34790e-9
1489520730,32381401.13537984,30081411.60849442,2299.990,3.95790e14,0.7050,-1.87580e6,9.41260e5,-2.36120e-9
1489520760,32377899.73086019,30066357.228353746,2311.543,3.98573e14,0.0069,-1.89298e6,9.46566e5,-2.37450e-9
1489520790,32374344.116132345,30051265.667570706,2323.078,3.96815e14,0.4480,-1.89939e6,9.51874e5,-2.38781e-9
1489520820,32370734.310963225,30036137.06959166,2334.597,3.96479e14,0.5323,-1.90918e6,9.57184e5,-2.40113e-9
1489520850,32367070.335438143,30020971.57870477,2346.099,4.03803e14,1.3052,-1.93746e6,9.62496e5,-2.41445e-9
1489520880,32363352.209961224,30005769.340043828,2357.583,4.00539e14,0.4864,-1.94023e6,9.67811e5,-2.42778e-9
1489520910,32359579.955256045,29990530.499592364,2369.049,4.06079e14,1.8763,-1.96441e6,9.73128e5,-2.44111e-9
1489520940,32355753.592366133,29975255.204187583,2380.498,4.04322e14,1.4353,-1.97083e6,9.78446e5,-2.45445e-9
1489520970,32351873.142655462,29959943.601524405,2391.930,3.94212e14,1.1011,-1.95660e6,9.83767e5,-2.46779e-9
1489521000,32347938.627809145,29944595.840159465,2403.343,3.97372e14,0.3081,-1.97502e6,9.89090e5,-2.48114e-9
1489521030,32343950.06987073,29929212.06948092,2414.738,4.03766e14,1.2960,-2.00161e6,9.94415e5,-2.49449e-9
1489521060,32339907.491129376,29913792.43981798,2426.115,4.03319e14,1.1838,-2.01120e6,9.99742e5,-2.50785e-9
1489521090,32335810.91423448,29898337.102339193,2437.474,3.94356e14,1.0647,-1.99933e6,1.00507e6,-2.52121e-9
1489521120,32331660.36215962,29882846.209090393,2448.814,3.98124e14,0.1196,-2.01948e6,1.01040e6,-2.53458e-9
1489521150,32327455.858203612,29867319.912998434,2460.136,3.98448e14,0.0383,-2.03096e6,1.01574e6,-2.54795e-9
1489521180,32323197.425991476,29851758.36787495,2471.439,4.00049e14,0.3633,-2.04573e6,1.02107e6,-2.56133e-9
1489521210,32318885.089475434,29836161.728420116,2482.723,3.96857e14,0.4375,-2.04820e6,1.02641e6,-2.57471e-9
1489521240,32314518.872935902,29820530.150226355,2493.989,3.98583e14,0.0043,-2.06332e6,1.03175e6,-2.58810e-9
1489521270,32310098.800982542,29804863.78978207,2505.235,3.99296e14,0.1745,-2.07585e6,1.03709e6,-2.60150e-9
1489521300,32305624.898555234,29789162.80447543,2516.462,3.93962e14,1.1636,-2.07260e6,1.04243e6,-2.61489e-9
1489521330,32301097.190884475,29773427.352618426,2527.670,3.96354e14,0.5636,-2.08951e6,1.04778e6,-2.62830e-9
1489521360,32296515.70361769,29757657.593387976,2538.858,4.01109e14,0.6294,-2.11273e6,1.05312e6,-2.64170e-9
1489521390,32291880.462694485,29741853.68689251,2550.027,3.94155e14,1.1152,-2.10500e6,1.05847e6,-2.65512e-9
1489521420,32287191.494388063,29726015.79415563,2561.176,3.90240e14,2.0974,-2.10519e6,1.06382e6,-2.66853e-9
1489521450,32282448.825305883,29710144.077120047,2572.305,3.95775e14,0.7088,-2.13062e6,1.06917e6,-2.68195e-9
1489521480,32277652.482390396,29694238.69865153,2583.414,4.08152e14,2.3963,-2.17465e6,1.07453e6,-2.69538e-9
1489521510,32272802.492919743,29678299.822542943,2594.503,4.05575e14,1.7498,-2.17851e6,1.07988e6,-2.70881e-9
1489521540,32267898.884508427,29662327.613518234,2605.571,4.05753e14,1.7944,-2.18980e6,1.08524e6,-2.72224e-9
1489521570,32262941.685108103,29646322.237236418,2616.619,3.95875e14,0.6836,-2.17359e6,1.09060e6,-2.73568e-9
1489521600,32257930.923008285,29630283.86029563,2627.647,3.83916e14,3.6841,-2.15139e6,1.09596e6,-2.74913e-9
1489521630,32252866.626877993,29614212.650228865,2638.654,3.88459e14,2.5443,-2.17447e6,1.10132e6,-2.76257e-9
1489521660,32247748.825640626,29598108.77553356,2649.640,3.86401e14,3.0605,-2.17935e6,1.10669e6,-2.77603e-9
1489521690,32242577.54860118,29581972.405650005,2660.605,3.99738e14,0.2853,-2.22712e6,1.11206e6,-2.78948e-9
1489521720,32237352.82540644,29565803.710973598,2671.549,3.91350e14,1.8189,-2.21436e6,1.11742e6,-2.80294e-9
1489521750,32232074.68604624,29549602.862858895,2682.472,3.88064e14,2.6434,-2.21574e6,1.12279e6,-2.81641e-9
1489521780,32226743.16085463,29533370.033623453,2693.373,3.92632e14,1.4972,-2.23926e6,1.12816e6,-2.82987e-9
1489521810,32221358.28051116,29517105.396552,2704.253,3.94397e14,1.0545,-2.25494e6,1.13354e6,-2.84335e-9
1489521840,32215920.076042127,29500809.12590028,2715.111,4.04870e14,1.5728,-2.29555e6,1.13891e6,-2.85682e-9
1489521870,32210428.578821786,29484481.3968991,2725.947,4.12259e14,3.4266,-2.32759e6,1.14429e6,-2.87030e-9
1489521900,32204883.820573617,29468122.385758292,2736.761,4.02994e14,1.1023,-2.31181e6,1.14966e6,-2.88378e-9
1489521930,32199285.83333818,29451732.269673422,2747.554,3.95449e14,0.7908,-2.30076e6,1.15504e6,-2.89727e-9
1489521960,32193634.64957761,29435311.226821452,2758.323,3.96011e14,0.6496,-2.31311e6,1.16042e6,-2.91076e-9
1489521990,32187930.30207322,29418859.436373137,2769.071,3.98018e14,0.1460,-2.32971e6,1.16580e6,-2.92425e-9
1489522020,32182172.82396009,29402377.07849423,2779.796,4.04514e14,1.4837,-2.35955e6,1.17118e6,-2.93775e-9
1489522050,32176362.248727985,29385864.33434953,2790.498,4.03252e14,1.1669,-2.36667e6,1.17657e6,-2.95125e-9
1489522080,32170498.61022243,29369321.386106975,2801.177,3.96943e14,0.4158,-2.35879e6,1.18195e6,-2.96476e-9
1489522110,32164581.94264572,29352748.41694156,2811.834,4.00776e14,0.5457,-2.38095e6,1.18734e6,-2.97826e-9
1489522140,32158612.28055788,29336145.611039374,2822.467,4.02595e14,1.0022,-2.39720e6,1.19273e6,-2.99177e-9
1489522170,32152589.658877634,29319513.15360165,2833.077,3.95243e14,0.8424,-2.38593e6,1.19812e6,-3.00528e-9
1489522200,32146514.112883504,29302851.23084874,2843.663,3.98010e14,0.1482,-2.40502e6,1.20351e6,-3.01880e-9
1489522230,32140385.678232994,29286160.03002098,2854.226,3.99028e14,0.1072,-2.41888e6,1.20890e6,-3.03232e-9
1489522260,32134204.390907537,29269439.7393924,2864.765,3.99495e14,0.2244,-2.43109e6,1.21429e6,-3.04584e-9
1489522290,32127970.2872699,29252690.54826504,2875.280,4.07949e14,2.3455,-2.46775e6,1.21968e6,-3.05936e-9
1489522320,32121683.404047206,29235912.64697603,2885.771,4.04313e14,1.4333,-2.46749e6,1.22508e6,-3.07289e-9
1489522350,32115343.778332114,29219106.22690158,2896.238,3.94021e14,1.1488,-2.44659e6,1.23047e6,-3.08642e-9
1489522380,32108951.44758418,29202271.480460957,2906.680,3.95957e14,0.6632,-2.46331e6,1.23587e6,-3.09995e-9
1489522410,32102506.44963106,29185408.60112046,2917.098,4.00368e14,0.4435,-2.48780e6,1.24127e6,-3.11348e-9
1489522440,32096008.82266992,29168517.783397403,2927.491,4.07433e14,2.2160,-2.52071e6,1.24666e6,-3.12702e-9
1489522470,32089458.605268706,29151599.222864088,2937.859,4.01059e14,0.6168,-2.51161e6,1.25206e6,-3.14055e-9
1489522500,32082855.836367536,29134653.116151705,2948.203,3.99640e14,0.2609,-2.51796e6,1.25746e6,-3.15409e-9
1489522530,32076200.555279713,29117679.66096089,2958.521,4.07143e14,2.1431,-2.55254e6,1.26286e6,-3.16763e-9
1489522560,32069492.801694278,29100679.05604562,2968.814,4.04853e14,1.5687,-2.55617e6,1.26826e6,-3.18118e-9
1489522590,32062732.615676176,29083651.50123726,2979.081,4.03994e14,1.3532,-2.56431e6,1.27366e6,-3.19472e-9
1489522620,32055920.037668,29066597.197442025,2989.323,3.99062e14,0.1157,-2.55936e6,1.27907e6,-3.20827e-9
1489522650,32049055.10849155,29049516.346645046,2999.539,3.94701e14,0.9782,-2.55612e6,1.28447e6,-3.22181e-9
1489522680,32042137.869349178,29032409.15191432,3009.729,4.05160e14,1.6457,-2.60071e6,1.28987e6,-3.23536e-9
1489522710,32035168.36182526,29015275.817404717,3019.893,4.05974e14,1.8498,-2.61425e6,1.29527e6,-3.24891e-9
1489522740,32028146.6278877,28998116.548361965,3030.030,3.90256e14,2.0934,-2.57387e6,1.30068e6,-3.26246e-9
1489522770,32021072.709889308,28980931.551126577,3040.141,3.91340e14,1.8215,-2.58812e6,1.30608e6,-3.27601e-9
1489522800,32013946.650569312,28963721.03313785,3050.226,4.04660e14,1.5201,-2.64264e6,1.31149e6,-3.28956e-9
1489522830,32006768.493043654,28946485.202926297,3060.283,4.07203e14,2.1583,-2.66193e6,1.31689e6,-3.30312e-9
1489522860,31999538.28084079,28929224.27015302,3070.314,3.98503e14,0.0244,-2.64400e6,1.32230e6,-3.31667e-9
1489522890,31992256.05786887,28911938.44557811,3080.318,3.98321e14,0.0700,-2.65420e6,1.32770e6,-3.33022e-9
1489522920,31984921.868428264,28894627.941075962,3090.294,4.04994e14,1.6041,-2.68732e6,1.33311e6,-3.34378e-9
1489522950,31977535.757212896,28877292.96963906,3100.243,3.96382e14,0.5565,-2.66930e6,1.33851e6,-3.35733e-9
1489522980,31970097.76931166,28859933.745381806,3110.164,3.89963e14,2.1670,-2.65844e6,1.34392e6,-3.37089e-9
1489523010,31962607.950209863,28842550.4835443,3120.057,3.91862e14,1.6905,-2.67556e6,1.34932e6,-3.38444e-9
1489523040,31955066.34579066,28825143.40049612,3129.923,3.93227e14,1.3481,-2.69091e6,1.35473e6,-3.39799e-9
1489523070,31947473.002336442,28807712.713740084,3139.760,3.90963e14,1.9161,-2.69392e6,1.36013e6,-3.41155e-9
1489523100,31939827.96653031,28790258.64191602,3149.569,3.92779e14,1.4605,-2.71085e6,1.36554e6,-3.42510e-9
1489523130,31932131.285468247,28772781.40482327,3159.350,4.04295e14,1.4286,-2.76117e6,1.37094e6,-3.43865e-9
1489523160,31924383.006627806,28755281.223366685,3169.102,4.11018e14,3.1152,-2.79526e6,1.37635e6,-3.45220e-9
1489523190,31916583.17790229,28737758.3196183,3178.825,4.08788e14,2.5558,-2.79851e6,1.38175e6,-3.46575e-9
1489523220,31908731.847591855,28720212.916802388,3188.519,4.01693e14,0.7760,-2.78477e6,1.38715e6,-3.47930e-9
1489523250,31900829.064405076,28702645.23929939,3198.184,3.98317e14,0.0711,-2.78382e6,1.39256e6,-3.49285e-9
1489523280,31892874.877460707,28685055.5126497,3207.819,3.97589e14,0.2537,-2.79206e6,1.39796e6,-3.50639e-9
1489523310,31884869.336289287,28667443.963557538,3217.425,3.96726e14,0.4702,-2.79981e6,1.40336e6,-3.51994e-9
1489523340,31876812.490834855,28649810.81989475,3227.002,3.94768e14,0.9615,-2.80367e6,1.40876e6,-3.53348e-9
1489523370,31868704.391456712,28632156.31070453,3236.548,3.72731e14,6.4900,-2.73625e6,1.41416e6,-3.54702e-9
1489523400,31860545.08893111,28614480.6662052,3246.064,3.72386e14,6.5767,-2.74546e6,1.41956e6,-3.56056e-9
1489523430,31852334.63445472,28596784.117767803,3255.551,3.99289e14,0.1726,-2.85205e6,1.42496e6,-3.57409e-9
1489523460,31844073.079641126,28579066.898000382,3265.006,4.03655e14,1.2681,-2.87852e6,1.43036e6,-3.58763e-9
1489523490,31835760.47652811,28561329.240670804,3274.431,3.94616e14,0.9997,-2.85683e6,1.43575e6,-3.60116e-9
1489523520,31827396.877577577,28543571.38073634,3283.825,3.99385e14,0.1969,-2.88480e6,1.44115e6,-3.61469e-9
1489523550,31818982.335677452,28525793.55434705,3293.189,3.98868e14,0.0671,-2.89372e6,1.44654e6,-3.62821e-9
1489523580,31810516.90414338,28507995.99884919,3302.521,3.91868e14,1.6890,-2.87901e6,1.45193e6,-3.64173e-9
1489523610,31802000.63672069,28490178.95278855,3311.822,3.99681e14,0.2710,-2.91826e6,1.45733e6,-3.65525e-9
1489523640,31793433.587586112,28472342.65591378,3321.091,4.02618e14,1.0079,-2.93983e6,1.46272e6,-3.66877e-9
1489523670,31784815.811349608,28454487.349179663,3330.328,3.99139e14,0.1352,-2.93785e6,1.46810e6,-3.68228e-9
1489523700,31776147.363056205,28436613.27475045,3339.534,3.99362e14,0.1910,-2.94945e6,1.47349e6,-3.69579e-9
1489523730,31767428.298168678,28418720.67603332,3348.708,4.00070e14,0.3688,-2.96285e6,1.47888e6,-3.70929e-9
1489523760,31758658.67262842,28400809.797588497,3357.849,3.95117e14,0.8738,-2.95520e6,1.48426e6,-3.72279e-9
1489523790,31749838.542797934,28382880.885225933,3366.958,3.87903e14,2.6838,-2.93896e6,1.48964e6,-3.73628e-9
1489523820,31740967.965481713,28364934.185978528,3376.034,3.90251e14,2.0946,-2.95837e6,1.49502e6,-3.74977e-9
1489523850,31732046.997927953,28346969.948105518,3385.077,3.96058e14,0.6378,-2.99087e6,1.50040e6,-3.76326e-9
1489523880,31723075.697830264,28328988.42109593,3394.087,3.98222e14,0.0949,-3.00975e6,1.50577e6,-3.77674e-9
1489523910,31714054.123329367,28310989.85567196,3403.064,3.98363e14,0.0597,-3.02103e6,1.51115e6,-3.79021e-9
1489523940,31704982.333014905,28292974.5037923,3412.008,3.98192e14,0.1026,-3.03111e6,1.51652e6,-3.80368e-9
1489523970,31695860.385927115,28274942.618655477,3420.918,3.99395e14,0.1992,-3.04644e6,1.52189e6,-3.81714e-9
1489524000,31686688.341558702,28256894.45470311,3429.794,3.98447e14,0.0386,-3.05355e6,1.52726e6,-3.83060e-9
1489524030,31677466.259888016,28238830.26759201,3438.636,3.95706e14,0.7262,-3.05373e6,1.53262e6,-3.84405e-9
1489524060,31668194.201284245,28220750.314293478,3447.444,3.94044e14,1.1432,-3.05800e6,1.53798e6,-3.85749e-9
1489524090,31658872.226606265,28202654.853000022,3456.217,4.02806e14,1.0552,-3.10258e6,1.54334e6,-3.87093e-9
1489524120,31649500.397173386,28184544.14315939,3464.956,4.07972e14,2.3512,-3.13341e6,1.54870e6,-3.88436e-9
1489524150,31640078.77476757,28166418.44547747,3473.660,4.01888e14,0.8249,-3.12053e6,1.55405e6,-3.89779e-9
1489524180,31630607.42163562,28148278.021920983,3482.329,3.96203e14,0.6015,-3.10903e6,1.55940e6,-3.91120e-9
1489524210,31621086.400491472,28130123.135720342,3490.963,3.99953e14,0.3393,-3.13441e6,1.56475e6,-3.92461e-9
1489524240,31611515.774518367,28111954.051372256,3499.562,4.00391e14,0.4491,-3.14684e6,1.57009e6,-3.93801e-9
1489524270,31601895.60737116,28093771.034642417,3508.125,3.97130e14,0.3689,-3.14466e6,1.57544e6,-3.95141e-9
1489524300,31592225.963178556,28075574.352568172,3516.652,3.97446e14,0.2896,-3.15657e6,1.58077e6,-3.96479e-9
1489524330,31582506.906514756,28057364.273494095,3525.143,3.94649e14,0.9913,-3.15609e6,1.58611e6,-3.97817e-9
1489524360,31572738.502496112,28039141.066972766,3533.597,3.92580e14,1.5103,-3.15844e6,1.59144e6,-3.99154e-9
1489524390,31562920.816688806,28020905.00386951,3542.016,3.95455e14,0.7890,-3.18052e6,1.59677e6,-4.00490e-9
1489524420,31553053.91514152,28002656.35633198,3550.398,4.02736e14,1.0375,-3.22038e6,1.60209e6,-4.01824e-9
1489524450,31543137.864387367,27984395.397792943,3558.742,4.01427e14,0.7091,-3.22580e6,1.60741e6,-4.03158e-9
1489524480,31533172.731446017,27966122.4029729,3567.050,3.93194e14,1.3565,-3.20316e6,1.61273e6,-4.04491e-9
1489524510,31523158.583825663,27947837.64788275,3575.321,3.94711e14,0.9758,-3.21987e6,1.61804e6,-4.05823e-9
1489524540,31513095.48952504,27929541.409826335,3583.554,3.96498e14,0.5275,-3.23771e6,1.62335e6,-4.07154e-9
1489524570,31502983.517035488,27911233.96740297,3591.750,3.94840e14,0.9433,-3.24151e6,1.62865e6,-4.08484e-9
1489524600,31492822.735342998,27892915.600509856,3599.907,3.92814e14,1.4517,-3.24375e6,1.63395e6,-4.09813e-9
1489524630,31482613.21394884,27874586.59030827,3608.027,4.01323e14,0.6831,-3.28925e6,1.63925e6,-4.11141e-9
1489524660,31472355.022814445,27856247.21933763,3616.108,4.04254e14,1.4182,-3.31195e6,1.64454e6,-4.12467e-9
1489524690,31462048.23242075,27837897.771405615,3624.150,3.95530e14,0.7702,-3.28650e6,1.64982e6,-4.13793e-9
1489524720,31451692.91375193,27819538.531626385,3632.154,3.99897e14,0.3252,-3.31514e6,1.65510e6,-4.15117e-9
1489524750,31441289.138297737,27801169.78642245,3640.119,3.97969e14,0.1583,-3.31768e6,1.66038e6,-4.16440e-9
1489524780,31430836.97805577,27782791.823526375,3648.045,3.95778e14,0.7081,-3.31906e6,1.66565e6,-4.17761e-9
1489524810,31420336.505533867,27764404.931982607,3655.932,3.96056e14,0.6384,-3.33071e6,1.67091e6,-4.19082e-9
1489524840,31409787.793752447,27746009.402149037,3663.778,3.93425e14,1.2985,-3.33014e6,1.67618e6,-4.20401e-9
1489524870,31399190.916246887,27727605.525698666,3671.585,3.91190e14,1.8590,-3.33115e6,1.68143e6,-4.21719e-9
1489524900,31388545.94707001,27709193.595621176,3679.352,3.92259e14,1.5909,-3.34607e6,1.68668e6,-4.23035e-9
1489524930,31377852.960790414,27690773.906259734,3687.079,3.97705e14,0.2247,-3.37958e6,1.69192e6,-4.24350e-9
1489524960,31367112.03250724,27672346.75320351,3694.765,4.02438e14,0.9628,-3.41019e6,1.69716e6,-4.25663e-9
1489524990,31356323.23784051,27653912.433398437,3702.411,3.96632e14,0.4939,-3.39592e6,1.70240e6,-4.26975e-9
1489525020,31345486.652937464,27635471.245113354,3710.015,3.94813e14,0.9502,-3.39855e6,1.70762e6,-4.28286e-9
1489525050,31334602.354475003,27617023.487941705,3717.579,4.02287e14,0.9249,-3.44105e6,1.71284e6,-4.29595e-9
1489525080,31323670.419662204,27598569.462803,3725.101,4.01161e14,0.6424,-3.44667e6,1.71806e6,-4.30902e-9
1489525110,31312690.926242776,27580109.471944336,3732.581,3.97969e14,0.1584,-3.44332e6,1.72326e6,-4.32208e-9
1489525140,31301663.952497557,27561643.818941772,3740.020,3.97384e14,0.3051,-3.45117e6,1.72846e6,-4.33512e-9
1489525170,31290589.577247076,27543172.8087017,3747.417,3.85252e14,3.3488,-3.40879e6,1.73366e6,-4.34815e-9
1489525200,31279467.87985391,27524696.74746207,3754.771,3.85791e14,3.2136,-3.42134e6,1.73885e6,-4.36116e-9
1489525230,31268298.94022096,27506215.942766987,3762.083,3.99501e14,0.2259,-3.49150e6,1.74403e6,-4.37415e-9
1489525260,31257082.838807583,27487730.703549907,3769.352,3.95364e14,0.8119,-3.48371e6,1.74920e6,-4.38712e-9
1489525290,31245819.656618297,27469241.340052295,3776.578,3.93008e14,1.4029,-3.48363e6,1.75437e6,-4.40007e-9
1489525320,31234509.475209754,27450748.163851075,3783.761,3.98793e14,0.0483,-3.51940e6,1.75953e6,-4.41301e-9
1489525350,31223152.376693305,27432251.487859193,3790.901,3.97659e14,0.2361,-3.52469e6,1.76468e6,-4.42593e-9
1489525380,31211748.44373752,27413751.62632617,3797.997,3.96343e14,0.5662,-3.52912e6,1.76982e6,-4.43883e-9
1489525410,31200297.759570733,27395248.894838616,3805.049,4.00042e14,0.3617,-3.55583e6,1.77496e6,-4.45170e-9
1489525440,31188800.407983564,27376743.610320535,3812.057,3.93768e14,1.2124,-3.53809e6,1.78009e6,-4.46456e-9
1489525470,31177256.473331563,27358236.09103364,3819.020,3.92441e14,1.5452,-3.54232e6,1.78521e6,-4.47740e-9
1489525500,31165666.040537752,27339726.656577516,3825.939,4.01380e14,0.6974,-3.59260e6,1.79032e6,-4.49022e-9
1489525530,31154029.195099536,27321215.627905373,3832.814,4.04676e14,1.5243,-3.61768e6,1.79542e6,-4.50302e-9
1489525560,31142346.023078006,27302703.3272759,3839.643,4.00023e14,0.3568,-3.60693e6,1.80052e6,-4.51579e-9
1489525590,31130616.611114018,27284190.07830148,3846.427,3.95359e14,0.8132,-3.59600e6,1.80560e6,-4.52854e-9
1489525620,31118841.046426594,27265676.20593251,3853.165,3.99601e14,0.2510,-3.62538e6,1.81068e6,-4.54128e-9
1489525650,31107019.4168155,27247162.03645732,3859.857,4.04016e14,1.3587,-3.65563e6,1.81575e6,-4.55398e-9
1489525680,31095151.81066407,27228647.8975019,3866.504,3.97193e14,0.3532,-3.63465e6,1.82081e6,-4.56667e-9
1489525710,31083238.316941947,27210134.11802969,3873.104,3.91565e14,1.7651,-3.61896e6,1.82586e6,-4.57933e-9
1489525740,31071279.025207773,27191621.028341133,3879.658,3.96403e14,0.5513,-3.65117e6,1.83090e6,-4.59197e-9
1489525770,31059274.025612038,27173108.960073195,3886.165,4.03004e14,1.1047,-3.69159e6,1.83593e6,-4.60459e-9
1489525800,31047223.408899862,27154598.246198814,3892.625,4.04394e14,1.4535,-3.70811e6,1.84095e6,-4.61718e-9
1489525830,31035127.266415022,27136089.22101403,3899.038,3.99898e14,0.3256,-3.69738e6,1.84596e6,-4.62974e-9
1489525860,31022985.69009905,27117582.22017478,3905.403,3.98592e14,0.0021,-3.70133e6,1.85096e6,-4.64228e-9
1489525890,31010798.77249769,27099077.580658354,3911.721,4.03272e14,1.1720,-3.73310e6,1.85595e6,-4.65479e-9
1489525920,30998566.60676266,27080575.640774522,3917.991,4.02622e14,1.0089,-3.74008e6,1.86093e6,-4.66728e-9
1489525950,30986289.286654487,27062076.74016441,3924.213,3.97618e14,0.2464,-3.72665e6,1.86590e6,-4.67974e-9
1489525980,30973966.906545423,27043581.219799154,3930.386,3.92259e14,1.5910,-3.71140e6,1.87086e6,-4.69217e-9
1489526010,30961599.56142235,27025089.421978574,3936.510,3.95820e14,0.6976,-3.73797e6,1.87580e6,-4.70458e-9
1489526040,30949187.346889693,27006601.69032975,3942.586,4.02198e14,0.9027,-3.77789e6,1.88074e6,-4.71696e-9
1489526070,30936730.359172337,26988118.369805384,3948.612,3.99261e14,0.1656,-3.77389e6,1.88566e6,-4.72931e-9
1489526100,30924228.6951186,26969639.806682125,3954.589,3.96792e14,0.4536,-3.77202e6,1.89058e6,-4.74163e-9
1489526130,30911682.45219596,26951166.34857636,3960.516,3.92821e14,1.4499,-3.76292e6,1.89548e6,-4.75392e-9
1489526160,30899091.728516128,26932698.344388254,3966.393,3.97711e14,0.2231,-3.79593e6,1.90037e6,-4.76618e-9
1489526190,30886456.622816008,26914236.144353945,3972.220,4.00554e14,0.4902,-3.81926e6,1.90524e6,-4.77841e-9
1489526220,30873777.2344677,26895780.10002612,3977.997,3.95841e14,0.6922,-3.80643e6,1.91011e6,-4.79061e-9
1489526250,30861053.663481478,26877330.56427182,3983.723,4.00967e14,0.5938,-3.84072e6,1.91496e6,-4.80278e-9
1489526280,30848286.010508668,26858887.891270284,3989.398,3.99575e14,0.2444,-3.84372e6,1.91980e6,-4.81491e-9
1489526310,30835474.3768447,26840452.436510615,3995.022,3.96951e14,0.4139,-3.84072e6,1.92463e6,-4.82702e-9
1489526340,30822618.864432037,26822024.55678931,4000.594,3.96810e14,0.4491,-3.84964e6,1.92944e6,-4.83909e-9
1489526370,30809719.57586317,26803604.610207655,4006.115,3.97134e14,0.3680,-3.86079e6,1.93424e6,-4.85112e-9
1489526400,30796776.61438362,26785192.956169046,4011.584,3.98148e14,0.1135,-3.87528e6,1.93903e6,-4.86313e-9
1489526430,30783790.083902877,26766789.9553545,4017.000,3.96611e14,0.4991,-3.87732e6,1.94380e6,-4.87510e-9
1489526460,30770760.088973228,26748395.96978632,4022.364,3.97650e14,0.2385,-3.89189e6,1.94856e6,-4.88703e-9
1489526490,30757686.734816916,26730011.362758003,4027.675,3.94381e14,1.0585,-3.88536e6,1.95331e6,-4.89893e-9
1489526520,30744570.127321575,26711636.49885247,4032.934,3.96537e14,0.5177,-3.90535e6,1.95804e6,-4.91080e-9
1489526550,30731410.373043325,26693271.743938502,4038.139,4.02480e14,0.9732,-3.94401e6,1.96276e6,-4.92263e-9
1489526580,30718207.57921002,26674917.46516701,4043.290,3.97435e14,0.2923,-3.92857e6,1.96746e6,-4.93442e-9
1489526610,30704961.85372444,26656574.030967142,4048.388,4.01497e14,0.7268,-3.95802e6,1.97214e6,-4.94617e-9
1489526640,30691673.305167522,26638241.81104236,4053.431,4.04815e14,1.5590,-3.98384e6,1.97682e6,-4.95789e-9
1489526670,30678342.04280159,26619921.176366195,4058.421,3.98185e14,0.1043,-3.96028e6,1.98147e6,-4.96957e-9
1489526700,30664968.176573645,26601612.499178052,4063.356,3.98915e14,0.0788,-3.97319e6,1.98611e6,-4.98120e-9
1489526730,30651551.817119874,26583316.152994514,4068.236,3.99980e14,0.3461,-3.98776e6,1.99074e6,-4.99280e-9
1489526760,30638093.075765137,26565032.51255613,4073.061,4.00017e14,0.3553,-3.99718e6,1.99535e6,-5.00436e-9
1489526790,30624592.06453013,26546761.95387173,4077.830,3.97061e14,0.3862,-3.99155e6,1.99994e6,-5.01588e-9
1489526820,30611048.896133542,26528504.854197856,4082.544,3.95501e14,0.7776,-3.99284e6,2.00452e6,-5.02736e-9
1489526850,30597463.68399527,26510261.592033867,4087.202,3.99921e14,0.3312,-4.02420e6,2.00908e6,-5.03879e-9
1489526880,30583836.542239808,26492032.54711701,4091.804,4.01678e14,0.7720,-4.04217e6,2.01362e6,-5.05019e-9
1489526910,30570167.585699633,26473818.10041731,4096.349,3.98736e14,0.0341,-4.03637e6,2.01815e6,-5.06154e-9
1489526940,30556456.9299185,26455618.63413229,4100.838,3.98506e14,0.0236,-4.04422e6,2.02266e6,-5.07285e-9
1489526970,30542704.69115478,26437434.531681538,4105.270,3.84563e14,3.5218,-3.98231e6,2.02715e6,-5.08411e-9
1489527000,30528910.986384854,26419266.177701183,4109.645,3.82425e14,4.0580,-3.98020e6,2.03162e6,-5.09533e-9
1489527030,30515075.933288023,26401113.958035387,4113.962,3.95448e14,0.7910,-4.05543e6,2.03608e6,-5.10650e-9
1489527060,30501199.65030663,26382978.259739153,4118.221,3.93316e14,1.3258,-4.05336e6,2.04051e6,-5.11763e-9
1489527090,30487282.256592534,26364859.471063435,4122.423,3.97438e14,0.2917,-4.08327e6,2.04493e6,-5.12871e-9
1489527120,30473323.872028653,26346757.98145181,4126.566,3.98525e14,0.0189,-4.09765e6,2.04933e6,-5.13975e-9
1489527150,30459324.617232338,26328674.181534115,4130.650,3.95188e14,0.8562,-4.08922e6,2.05371e6,-5.15073e-9
1489527180,30445284.613558557,26310608.463119857,4134.676,3.95268e14,0.8359,-4.09832e6,2.05807e6,-5.16167e-9
1489527210,30431203.983103156,26292561.2191916,4138.643,3.94637e14,0.9944,-4.10370e6,2.06242e6,-5.17256e-9
1489527240,30417082.848706238,26274532.84389797,4142.550,3.98446e14,0.0387,-4.13205e6,2.06674e6,-5.18341e-9
