0.000000	0.005171	0.003217	0.004194	0.005415	0.004194	0.003217	0.006391	0.004194	0.003950	0.004438	0.004194
0.000100	0.006880	0.006147	0.004926	0.006147	0.004438	0.003950	0.005415	0.003950	0.002729	0.004194	0.006880
0.000200	0.007368	0.006391	0.004682	0.004438	0.003462	0.005415	0.004926	0.004682	0.004194	0.003950	0.005903
0.000300	0.005415	0.006635	0.002729	0.004926	0.002973	0.004926	0.004926	0.004438	0.004926	0.003950	0.004194
0.000400	0.004926	0.005415	0.002973	0.003462	0.002241	0.005171	0.004926	0.004194	0.003950	0.004438	0.004194
0.000500	0.005171	0.006880	0.002973	0.002973	0.002485	0.004438	0.005659	0.003217	0.004194	0.004194	0.005659
0.000600	0.005171	0.007856	0.003217	0.002973	0.001753	0.004194	0.005415	0.003462	0.005171	0.003950	0.005415
0.000700	0.003462	0.007124	0.003462	0.002485	0.002485	0.003462	0.005415	0.002973	0.004682	0.004926	0.004194
0.000800	0.002973	0.004926	0.003217	0.002241	0.002485	0.004194	0.005171	0.002241	0.005171	0.005171	0.002729
0.000900	0.003217	0.004682	0.003462	0.001997	0.002241	0.004682	0.004194	0.002485	0.004682	0.003462	0.002485
0.001000	0.003950	0.004926	0.004438	0.001997	0.002973	0.004682	0.003462	0.001753	0.003217	0.002241	0.003462
0.001100	0.004926	0.004438	0.004682	0.001753	0.001753	0.002729	0.003462	0.001997	0.003950	0.004682	0.002973
0.001200	0.005659	0.003950	0.002485	0.000532	0.000776	0.003217	0.003462	0.001997	0.003217	0.004682	0.001753
0.001300	0.005415	0.002973	0.001753	-0.000445	0.001508	0.004682	0.001508	0.001997	0.001753	0.002241	0.001753
0.001400	0.004926	0.003462	0.002485	0.000532	0.000776	0.005659	-0.001421	0.001020	0.001753	0.000776	0.001997
0.001500	0.004194	0.004438	0.001997	-0.002398	-0.000445	0.003462	0.000532	0.001508	0.001508	0.000288	0.002729
0.001600	0.002729	0.004438	0.000776	-0.003619	-0.001665	0.001997	0.000288	0.001020	0.001264	0.001020	0.001264
0.001700	0.001997	0.003462	0.000288	-0.004351	-0.001665	0.001997	0.000044	-0.001665	0.001020	0.000532	0.001508
0.001800	0.000532	0.003217	0.001264	-0.002642	-0.001910	0.001264	-0.001910	-0.003863	0.000288	-0.000445	0.000288
0.001900	0.000044	0.002973	0.000532	-0.003619	-0.000445	0.001020	-0.003374	-0.003130	0.000288	-0.001177	-0.000201
0.002000	0.000044	0.001264	-0.000201	-0.004595	-0.001421	0.000776	-0.001910	-0.002398	0.000532	0.000044	-0.001665
0.002100	-0.000201	0.000776	-0.000201	-0.004595	-0.001910	-0.000201	-0.000445	-0.000689	0.001020	0.000776	-0.002398
0.002200	0.000776	0.000044	0.000532	-0.003863	-0.001910	0.001264	-0.001910	-0.003374	0.001508	0.000288	-0.002642
0.002300	-0.000201	-0.001421	-0.000201	-0.003619	-0.001421	0.001997	-0.002886	-0.002886	-0.000445	-0.001177	-0.002154
0.002400	0.000532	-0.001910	-0.001177	-0.004839	-0.002154	0.001264	-0.002642	-0.001910	-0.001421	-0.000689	-0.002886
0.002500	0.001020	-0.001421	-0.002154	-0.006304	-0.003130	0.001264	-0.001665	-0.002154	-0.003130	-0.001665	-0.002154
0.002600	0.000288	-0.001177	-0.002154	-0.005816	-0.002886	0.001020	-0.001421	-0.003130	-0.002398	-0.001910	-0.001910
0.002700	-0.001910	-0.001665	-0.003130	-0.005083	-0.003619	-0.000689	-0.002154	-0.004839	-0.002154	-0.003619	-0.002154
0.002800	-0.002886	-0.001665	-0.002398	-0.005328	-0.003863	-0.001665	-0.002642	-0.004839	-0.003863	-0.002642	-0.002398
0.002900	-0.002398	-0.002398	-0.002886	-0.005328	-0.003374	-0.002886	-0.003130	-0.003863	-0.004107	-0.004351	-0.003130
0.003000	-0.003130	-0.002642	-0.004839	-0.005816	-0.003863	-0.003619	-0.003130	-0.003374	-0.002642	-0.003619	-0.002642
0.003100	-0.004107	-0.002398	-0.004107	-0.004351	-0.003130	-0.002886	-0.002642	-0.003374	-0.001665	-0.003130	-0.004351
0.003200	-0.005328	-0.004595	-0.004107	-0.003863	-0.003374	-0.001910	-0.003374	-0.004839	-0.001421	-0.002642	-0.006304
0.003300	-0.005328	-0.006548	-0.004595	-0.005816	-0.003619	-0.002398	-0.002642	-0.002886	-0.001421	-0.002398	-0.006548
0.003400	-0.004839	-0.006548	-0.003374	-0.007037	-0.004595	-0.001421	-0.001421	-0.002398	-0.001910	-0.002154	-0.004595
0.003500	-0.004595	-0.006792	-0.004351	-0.007281	-0.004595	-0.002154	-0.001177	-0.003374	-0.002642	-0.002642	-0.003863
0.003600	-0.004351	-0.006304	-0.003374	-0.007281	-0.003863	-0.002154	-0.002154	-0.004595	-0.004107	-0.003863	-0.004351
0.003700	-0.005328	-0.007037	-0.003619	-0.007037	-0.003130	-0.003130	-0.002398	-0.006304	-0.005328	-0.006304	-0.003863
0.003800	-0.005328	-0.007037	-0.004107	-0.006548	-0.003619	-0.004351	-0.002886	-0.006060	-0.006792	-0.005328	-0.004595
0.003900	-0.005328	-0.005816	-0.005328	-0.007525	-0.003863	-0.005083	-0.004107	-0.005816	-0.007281	-0.007769	-0.004839
0.004000	-0.007769	-0.006060	-0.005083	-0.006548	-0.007769	-0.004595	-0.004351	-0.006304	-0.008013	-0.006060	-0.004839
0.004100	-0.009966	-0.007281	-0.007281	-0.007037	-0.007525	-0.004839	-0.004595	-0.006792	-0.006060	-0.004839	-0.007769
0.004200	-0.009966	-0.008013	-0.008746	-0.007037	-0.005328	-0.003863	-0.005328	-0.007037	-0.005083	-0.005816	-0.008013
0.004300	-0.009966	-0.009966	-0.007769	-0.007281	-0.005083	-0.004595	-0.005816	-0.007037	-0.004595	-0.008257	-0.007037
0.004400	-0.009966	-0.011187	-0.008990	-0.007037	-0.007281	-0.003619	-0.005083	-0.006060	-0.003863	-0.006792	-0.007769
0.004500	-0.009478	-0.010699	-0.007281	-0.010455	-0.006304	-0.005328	-0.003130	-0.006060	-0.005816	-0.006060	-0.008990
0.004600	-0.008013	-0.010699	-0.007037	-0.009722	-0.006060	-0.006548	-0.004351	-0.006792	-0.007525	-0.007525	-0.007525
0.004700	-0.009722	-0.012652	-0.006548	-0.009722	-0.005083	-0.008013	-0.006060	-0.006304	-0.008501	-0.008013	-0.007525
0.004800	-0.008501	-0.010455	-0.006304	-0.010455	-0.005816	-0.009234	-0.007281	-0.006792	-0.010699	-0.009722	-0.007525
0.004900	-0.011187	-0.011675	-0.007281	-0.009478	-0.008013	-0.006304	-0.005816	-0.007037	-0.012164	-0.012164	-0.005816
0.005000	-0.012164	-0.011187	-0.008990	-0.009966	-0.009234	-0.006304	-0.007281	-0.006548	-0.010699	-0.010699	-0.007037
0.005100	-0.011920	-0.010699	-0.009966	-0.008746	-0.007525	-0.006548	-0.007525	-0.009478	-0.010455	-0.012896	-0.008746
0.005200	-0.012652	-0.010455	-0.011431	-0.008746	-0.009234	-0.006304	-0.008257	-0.011431	-0.010943	-0.011675	-0.007525
0.005300	-0.015826	-0.012652	-0.012652	-0.009478	-0.010943	-0.008257	-0.008990	-0.009478	-0.008990	-0.009478	-0.008990
0.005400	-0.016314	-0.012164	-0.013140	-0.011675	-0.011187	-0.009478	-0.008746	-0.008746	-0.009722	-0.008990	-0.009478
0.005500	-0.016070	-0.012408	-0.011920	-0.011675	-0.008990	-0.009234	-0.008746	-0.010943	-0.011431	-0.011187	-0.010455
0.005600	-0.014605	-0.013873	-0.012408	-0.011187	-0.007281	-0.008746	-0.010455	-0.009234	-0.010943	-0.010699	-0.009966
0.005700	-0.013629	-0.014361	-0.012164	-0.010699	-0.006792	-0.010943	-0.010455	-0.008257	-0.010943	-0.011675	-0.011431
0.005800	-0.011675	-0.013140	-0.010943	-0.009966	-0.006304	-0.010699	-0.007525	-0.008257	-0.013140	-0.010455	-0.011675
0.005900	-0.013140	-0.014361	-0.011920	-0.011431	-0.008257	-0.011187	-0.008501	-0.007525	-0.013140	-0.010943	-0.011675
0.006000	-0.012896	-0.014117	-0.011187	-0.008501	-0.008990	-0.011431	-0.008990	-0.008501	-0.014361	-0.011187	-0.010455
0.006100	-0.013384	-0.012896	-0.012164	-0.009722	-0.009234	-0.006792	-0.008013	-0.009234	-0.014605	-0.013873	-0.009966
0.006200	-0.013629	-0.012652	-0.011675	-0.009478	-0.009966	-0.007037	-0.008501	-0.010699	-0.011187	-0.012652	-0.009966
0.006300	-0.013873	-0.012652	-0.015093	-0.009234	-0.010699	-0.009234	-0.008257	-0.009722	-0.011187	-0.013384	-0.010943
0.006400	-0.015093	-0.013384	-0.013140	-0.011187	-0.011920	-0.012164	-0.008013	-0.012164	-0.011187	-0.012652	-0.009722
0.006500	-0.015582	-0.012896	-0.011675	-0.012164	-0.010943	-0.012164	-0.010455	-0.011920	-0.012896	-0.015582	-0.009722
0.006600	-0.015338	-0.014117	-0.012164	-0.013629	-0.011187	-0.011920	-0.012408	-0.011187	-0.012652	-0.015093	-0.009966
0.006700	-0.016314	-0.014117	-0.014117	-0.012164	-0.010699	-0.011920	-0.012164	-0.009966	-0.015093	-0.015338	-0.012896
0.006800	-0.013873	-0.015093	-0.014361	-0.013873	-0.008990	-0.011187	-0.011920	-0.009234	-0.013384	-0.018023	-0.013873
0.006900	-0.014605	-0.016070	-0.013384	-0.015826	-0.012408	-0.010943	-0.010455	-0.009722	-0.015093	-0.019976	-0.013873
0.007000	-0.015093	-0.016070	-0.015338	-0.014117	-0.012652	-0.011187	-0.010699	-0.008746	-0.015826	-0.018511	-0.013873
0.007100	-0.015582	-0.015582	-0.015582	-0.016314	-0.013629	-0.011431	-0.010943	-0.011675	-0.016802	-0.019244	-0.015582
0.007200	-0.017291	-0.017047	-0.017047	-0.015582	-0.015582	-0.009722	-0.011187	-0.012652	-0.017535	-0.022174	-0.013384
0.007300	-0.017779	-0.017535	-0.018023	-0.014361	-0.017779	-0.009234	-0.013140	-0.012408	-0.016558	-0.021685	-0.012408
0.007400	-0.018511	-0.017047	-0.018023	-0.016314	-0.016070	-0.010699	-0.013629	-0.016070	-0.016802	-0.021197	-0.015093
0.007500	-0.017535	-0.015338	-0.016314	-0.018511	-0.015093	-0.013384	-0.015582	-0.015338	-0.017047	-0.021929	-0.013873
0.007600	-0.020465	-0.017779	-0.018023	-0.017291	-0.017047	-0.017535	-0.016314	-0.016558	-0.017779	-0.021685	-0.013384
0.007700	-0.021685	-0.019732	-0.019000	-0.017535	-0.016070	-0.017291	-0.017291	-0.015826	-0.019732	-0.021685	-0.015338
0.007800	-0.019976	-0.018756	-0.018756	-0.018023	-0.015826	-0.016802	-0.016802	-0.017291	-0.020709	-0.023883	-0.016314
0.007900	-0.020220	-0.019976	-0.019000	-0.017291	-0.017535	-0.016314	-0.017779	-0.016558	-0.020465	-0.025836	-0.016802
0.008000	-0.020709	-0.021685	-0.021685	-0.017047	-0.015826	-0.018756	-0.018023	-0.013873	-0.019000	-0.023150	-0.019244
0.008100	-0.018511	-0.020709	-0.020709	-0.018511	-0.016558	-0.017535	-0.014605	-0.016314	-0.021929	-0.023638	-0.020465
0.008200	-0.018756	-0.020709	-0.020465	-0.020953	-0.020220	-0.014605	-0.015093	-0.016558	-0.022662	-0.025592	-0.018267
0.008300	-0.020465	-0.020953	-0.022418	-0.019244	-0.021929	-0.015338	-0.017291	-0.016802	-0.021197	-0.023883	-0.019244
0.008400	-0.020465	-0.019976	-0.021929	-0.019976	-0.019244	-0.016558	-0.017291	-0.019244	-0.023150	-0.023394	-0.019000
0.008500	-0.021441	-0.020220	-0.022418	-0.020709	-0.020220	-0.014605	-0.018511	-0.018511	-0.022174	-0.024615	-0.018023
0.008600	-0.022662	-0.020953	-0.021197	-0.019976	-0.020953	-0.017047	-0.019732	-0.018267	-0.020709	-0.024615	-0.017047
0.008700	-0.022906	-0.020220	-0.023150	-0.020465	-0.020465	-0.018511	-0.019732	-0.019000	-0.022174	-0.022174	-0.019000
0.008800	-0.023150	-0.019976	-0.020465	-0.021685	-0.019976	-0.019976	-0.019732	-0.021441	-0.023150	-0.023150	-0.019976
0.008900	-0.023638	-0.021929	-0.021197	-0.018511	-0.020953	-0.021929	-0.021685	-0.020709	-0.021441	-0.026080	-0.017291
0.009000	-0.024859	-0.024371	-0.023150	-0.019000	-0.021197	-0.022662	-0.021441	-0.020465	-0.022174	-0.023883	-0.020709
0.009100	-0.022174	-0.021441	-0.022174	-0.021441	-0.018267	-0.020953	-0.019732	-0.021685	-0.021929	-0.025592	-0.022418
0.009200	-0.023150	-0.021929	-0.021929	-0.023638	-0.020709	-0.020709	-0.019976	-0.021685	-0.022906	-0.024615	-0.021441
0.009300	-0.023150	-0.022418	-0.023150	-0.023394	-0.022662	-0.021929	-0.020953	-0.020709	-0.024371	-0.023150	-0.022662
0.009400	-0.019976	-0.021197	-0.021929	-0.024615	-0.022418	-0.021441	-0.020709	-0.020709	-0.024371	-0.024371	-0.022174
0.009500	-0.021441	-0.021929	-0.021685	-0.025103	-0.025103	-0.019000	-0.019732	-0.022662	-0.025347	-0.024371	-0.020953
0.009600	-0.023638	-0.023150	-0.023883	-0.023394	-0.023883	-0.019976	-0.022418	-0.021929	-0.022418	-0.025836	-0.021685
0.009700	-0.023638	-0.023394	-0.025592	-0.023394	-0.022662	-0.021197	-0.021441	-0.022662	-0.024615	-0.024615	-0.022906
0.009800	-0.022662	-0.021441	-0.023883	-0.022174	-0.022662	-0.019976	-0.020465	-0.023883	-0.026812	-0.026568	-0.022174
0.009900	-0.023883	-0.021685	-0.022418	-0.021929	-0.024615	-0.022662	-0.023638	-0.023394	-0.022418	-0.025103	-0.021441
0.010000	-0.025592	-0.022174	-0.023394	-0.022174	-0.024371	-0.024371	-0.024371	-0.023394	-0.022174	-0.025836	-0.023883
0.010100	-0.026812	-0.023394	-0.024371	-0.022418	-0.023638	-0.023883	-0.023394	-0.024371	-0.022662	-0.026080	-0.025347
0.010200	-0.026812	-0.025592	-0.023394	-0.023638	-0.024615	-0.022418	-0.025103	-0.024859	-0.023150	-0.024615	-0.024371
0.010300	-0.025836	-0.024859	-0.022662	-0.025347	-0.023638	-0.023150	-0.024859	-0.024371	-0.023394	-0.023883	-0.023883
0.010400	-0.023883	-0.022662	-0.022662	-0.026568	-0.024859	-0.023394	-0.025103	-0.024615	-0.024615	-0.024371	-0.024615
0.010500	-0.024859	-0.023394	-0.022906	-0.027789	-0.027056	-0.024859	-0.024371	-0.024371	-0.025592	-0.024615	-0.026568
0.010600	-0.023883	-0.025347	-0.023638	-0.026568	-0.025347	-0.026080	-0.025592	-0.023394	-0.025103	-0.025592	-0.026080
0.010700	-0.024859	-0.024859	-0.024615	-0.026324	-0.025592	-0.023394	-0.024615	-0.025836	-0.027301	-0.027301	-0.025103
0.010800	-0.023150	-0.022662	-0.023394	-0.024859	-0.025836	-0.023150	-0.025592	-0.025103	-0.026080	-0.027789	-0.025103
0.010900	-0.024615	-0.021929	-0.024859	-0.023394	-0.026080	-0.024615	-0.024615	-0.025347	-0.025103	-0.025592	-0.025836
0.011000	-0.026324	-0.022174	-0.025103	-0.023883	-0.024859	-0.023150	-0.023883	-0.026080	-0.024615	-0.023638	-0.027545
0.011100	-0.026568	-0.022906	-0.023883	-0.023638	-0.023883	-0.023150	-0.025592	-0.023883	-0.022418	-0.025592	-0.027789
0.011200	-0.027545	-0.025103	-0.021929	-0.023394	-0.025103	-0.024615	-0.026568	-0.025103	-0.022418	-0.023883	-0.025103
0.011300	-0.027545	-0.024859	-0.023638	-0.025836	-0.022906	-0.025592	-0.024371	-0.025347	-0.021929	-0.022418	-0.027056
0.011400	-0.026080	-0.023883	-0.022418	-0.025592	-0.020953	-0.023883	-0.023638	-0.025592	-0.022662	-0.021685	-0.025836
0.011500	-0.026080	-0.024859	-0.022662	-0.025347	-0.023883	-0.023150	-0.023638	-0.025592	-0.022174	-0.019976	-0.026080
0.011600	-0.024371	-0.024859	-0.022418	-0.023394	-0.020953	-0.023883	-0.023150	-0.024859	-0.021929	-0.023394	-0.026080
0.011700	-0.021929	-0.022662	-0.020220	-0.024371	-0.021197	-0.024615	-0.022906	-0.025103	-0.022906	-0.023883	-0.024371
0.011800	-0.022418	-0.021685	-0.020709	-0.026080	-0.022906	-0.023638	-0.020953	-0.022174	-0.023150	-0.023150	-0.025103
0.011900	-0.021197	-0.019732	-0.020465	-0.022906	-0.021441	-0.023883	-0.021441	-0.023150	-0.023150	-0.023394	-0.024859
0.012000	-0.021441	-0.017779	-0.021197	-0.021197	-0.019732	-0.021685	-0.022662	-0.026324	-0.023394	-0.022662	-0.023638
0.012100	-0.022418	-0.018511	-0.021197	-0.021685	-0.020709	-0.019244	-0.021929	-0.023394	-0.021929	-0.023150	-0.023394
0.012200	-0.023638	-0.017535	-0.020709	-0.022906	-0.019244	-0.021685	-0.022906	-0.019732	-0.020953	-0.021929	-0.022418
0.012300	-0.022906	-0.019000	-0.020465	-0.023638	-0.018756	-0.020465	-0.020220	-0.021441	-0.020953	-0.020220	-0.021685
0.012400	-0.023394	-0.019732	-0.019732	-0.020709	-0.017047	-0.019976	-0.020465	-0.022906	-0.018267	-0.020465	-0.022418
0.012500	-0.022662	-0.019976	-0.019976	-0.021929	-0.018267	-0.019976	-0.019976	-0.022174	-0.017779	-0.017779	-0.021197
0.012600	-0.022662	-0.020220	-0.018511	-0.023150	-0.017291	-0.019000	-0.019732	-0.021441	-0.020709	-0.019976	-0.022174
0.012700	-0.019000	-0.017535	-0.016314	-0.023394	-0.016070	-0.018756	-0.018267	-0.019244	-0.020709	-0.020465	-0.020953
0.012800	-0.019244	-0.016314	-0.017779	-0.021441	-0.019732	-0.018023	-0.016802	-0.019732	-0.019976	-0.018756	-0.021441
0.012900	-0.019732	-0.015826	-0.015582	-0.021197	-0.017779	-0.017535	-0.016070	-0.020220	-0.018511	-0.020220	-0.021929
0.013000	-0.019000	-0.015093	-0.016070	-0.021441	-0.018511	-0.017535	-0.018756	-0.021685	-0.018756	-0.020220	-0.019976
0.013100	-0.019976	-0.016802	-0.015582	-0.019976	-0.020220	-0.015826	-0.017779	-0.019976	-0.022174	-0.021197	-0.020709
0.013200	-0.019732	-0.015826	-0.018023	-0.022906	-0.018756	-0.016314	-0.018756	-0.017047	-0.018511	-0.019976	-0.018511
0.013300	-0.020465	-0.014361	-0.017535	-0.021197	-0.019000	-0.016802	-0.017291	-0.019000	-0.019244	-0.019732	-0.018756
0.013400	-0.021929	-0.017291	-0.018511	-0.023150	-0.019244	-0.015582	-0.018023	-0.018756	-0.017779	-0.018267	-0.019732
0.013500	-0.021441	-0.018511	-0.017291	-0.021441	-0.018511	-0.018756	-0.019000	-0.018267	-0.016558	-0.019000	-0.019976
0.013600	-0.022174	-0.020220	-0.017779	-0.021197	-0.018023	-0.017779	-0.018023	-0.019732	-0.018267	-0.020220	-0.018267
0.013700	-0.020953	-0.020709	-0.018511	-0.022418	-0.018267	-0.018267	-0.019000	-0.019732	-0.017535	-0.018023	-0.019732
0.013800	-0.020709	-0.019000	-0.017047	-0.022174	-0.018511	-0.018756	-0.016802	-0.017779	-0.018756	-0.019732	-0.021441
0.013900	-0.018756	-0.017535	-0.016802	-0.020953	-0.018023	-0.018267	-0.015826	-0.019732	-0.018756	-0.020220	-0.020953
0.014000	-0.019732	-0.017291	-0.016558	-0.022174	-0.017779	-0.017291	-0.016802	-0.019000	-0.018023	-0.019976	-0.019976
0.014100	-0.017779	-0.016314	-0.015826	-0.021685	-0.017779	-0.017779	-0.016070	-0.018023	-0.019000	-0.020220	-0.020220
0.014200	-0.018267	-0.014117	-0.016314	-0.020709	-0.019976	-0.016070	-0.018267	-0.019732	-0.020220	-0.019732	-0.018267
0.014300	-0.019732	-0.015582	-0.017535	-0.020220	-0.019976	-0.015826	-0.016558	-0.018511	-0.018023	-0.018267	-0.019244
0.014400	-0.020465	-0.015826	-0.017291	-0.018267	-0.018023	-0.017535	-0.018756	-0.017047	-0.018267	-0.019244	-0.017535
0.014500	-0.019244	-0.016558	-0.018023	-0.019000	-0.016802	-0.016558	-0.019976	-0.018511	-0.019000	-0.019244	-0.017291
0.014600	-0.019976	-0.017047	-0.017291	-0.019732	-0.016070	-0.017291	-0.020220	-0.018511	-0.016802	-0.020220	-0.018267
0.014700	-0.019976	-0.019000	-0.017535	-0.018756	-0.017779	-0.018511	-0.018756	-0.018023	-0.016802	-0.017291	-0.017535
0.014800	-0.019976	-0.018511	-0.016314	-0.018267	-0.016314	-0.020220	-0.017291	-0.018511	-0.018267	-0.017535	-0.019000
0.014900	-0.017779	-0.018511	-0.016070	-0.018267	-0.013140	-0.020953	-0.018023	-0.018756	-0.018511	-0.018756	-0.018267
0.015000	-0.018511	-0.018756	-0.015826	-0.016314	-0.014605	-0.018511	-0.017047	-0.018023	-0.017291	-0.016558	-0.018267
0.015100	-0.016070	-0.017047	-0.016558	-0.017291	-0.015338	-0.018023	-0.013140	-0.015582	-0.016314	-0.015093	-0.018756
0.015200	-0.015826	-0.012896	-0.014117	-0.019244	-0.014605	-0.016802	-0.013629	-0.017047	-0.015582	-0.017291	-0.017291
0.015300	-0.016558	-0.013629	-0.013629	-0.017291	-0.015582	-0.013629	-0.012408	-0.017047	-0.016314	-0.016070	-0.016558
0.015400	-0.015093	-0.012652	-0.015582	-0.017291	-0.013873	-0.013629	-0.011920	-0.015582	-0.014605	-0.016070	-0.016314
0.015500	-0.014117	-0.010455	-0.013140	-0.015826	-0.011675	-0.012408	-0.012408	-0.013873	-0.015338	-0.014605	-0.015582
0.015600	-0.015582	-0.011675	-0.013873	-0.016314	-0.014605	-0.011675	-0.012408	-0.013873	-0.013384	-0.013873	-0.014117
0.015700	-0.015826	-0.014361	-0.013629	-0.015826	-0.012896	-0.012164	-0.014361	-0.011675	-0.012408	-0.013384	-0.014605
0.015800	-0.013384	-0.014117	-0.012896	-0.013629	-0.010455	-0.014361	-0.015093	-0.013384	-0.012408	-0.013140	-0.013873
0.015900	-0.013384	-0.015582	-0.012896	-0.012408	-0.010699	-0.013629	-0.013629	-0.014361	-0.011675	-0.012652	-0.014361
0.016000	-0.012896	-0.014605	-0.011675	-0.012896	-0.010455	-0.015093	-0.013873	-0.010699	-0.009478	-0.011675	-0.013873
0.016100	-0.011920	-0.013873	-0.011920	-0.013873	-0.011187	-0.016558	-0.011675	-0.012408	-0.011187	-0.011920	-0.014117
0.016200	-0.011920	-0.013873	-0.012164	-0.013140	-0.011675	-0.013629	-0.009234	-0.012164	-0.012652	-0.013140	-0.012408
0.016300	-0.010943	-0.012896	-0.009722	-0.011187	-0.011675	-0.012408	-0.010699	-0.011920	-0.010699	-0.011920	-0.012652
0.016400	-0.010455	-0.010455	-0.010699	-0.012652	-0.010699	-0.011675	-0.008501	-0.010455	-0.011431	-0.012896	-0.012896
0.016500	-0.009966	-0.009234	-0.010699	-0.013384	-0.009722	-0.009478	-0.007037	-0.009966	-0.011675	-0.012408	-0.013384
0.016600	-0.010699	-0.009966	-0.010943	-0.010943	-0.011431	-0.010455	-0.008990	-0.009478	-0.010943	-0.011431	-0.011675
0.016700	-0.010699	-0.009234	-0.010455	-0.010943	-0.010699	-0.006792	-0.009722	-0.008746	-0.010943	-0.010699	-0.011431
0.016800	-0.009966	-0.009478	-0.008990	-0.011187	-0.010455	-0.007037	-0.011675	-0.008990	-0.009966	-0.011675	-0.009722
0.016900	-0.010455	-0.011187	-0.011431	-0.010943	-0.009478	-0.007281	-0.012164	-0.008990	-0.009478	-0.010699	-0.009966
0.017000	-0.011187	-0.012408	-0.012652	-0.009722	-0.010699	-0.008990	-0.011675	-0.008257	-0.009234	-0.011187	-0.011431
0.017100	-0.009722	-0.013873	-0.009478	-0.010943	-0.010455	-0.009966	-0.012164	-0.009478	-0.009234	-0.012408	-0.010699
0.017200	-0.010699	-0.014117	-0.008990	-0.011675	-0.011431	-0.011920	-0.011431	-0.011675	-0.009478	-0.013873	-0.008501
0.017300	-0.010943	-0.013873	-0.008746	-0.010455	-0.010455	-0.012896	-0.011187	-0.008501	-0.009722	-0.014117	-0.009234
0.017400	-0.009722	-0.012164	-0.010699	-0.011920	-0.008013	-0.013629	-0.009966	-0.009478	-0.010699	-0.014117	-0.008990
0.017500	-0.010455	-0.010699	-0.009722	-0.012164	-0.009234	-0.010943	-0.008746	-0.010943	-0.011920	-0.014361	-0.009722
0.017600	-0.008990	-0.008990	-0.008746	-0.009478	-0.009966	-0.010943	-0.009478	-0.008257	-0.010699	-0.012896	-0.010943
0.017700	-0.007769	-0.007525	-0.007769	-0.009722	-0.008013	-0.011187	-0.008501	-0.008501	-0.011920	-0.012652	-0.010455
0.017800	-0.006792	-0.005816	-0.008013	-0.008501	-0.007281	-0.008746	-0.007769	-0.008013	-0.009234	-0.012652	-0.008746
0.017900	-0.008013	-0.007281	-0.009234	-0.007037	-0.007769	-0.006060	-0.007525	-0.006060	-0.008013	-0.010455	-0.009234
0.018000	-0.007037	-0.008746	-0.009722	-0.006060	-0.007037	-0.003863	-0.009478	-0.006060	-0.008013	-0.009478	-0.008501
0.018100	-0.006060	-0.007281	-0.007281	-0.006304	-0.007037	-0.004595	-0.008013	-0.007525	-0.006792	-0.009478	-0.007769
0.018200	-0.008257	-0.008990	-0.006548	-0.007281	-0.007769	-0.005816	-0.008501	-0.008257	-0.006548	-0.011431	-0.007281
0.018300	-0.008501	-0.009722	-0.005328	-0.006792	-0.006060	-0.007525	-0.008013	-0.006304	-0.006792	-0.008990	-0.007037
0.018400	-0.007281	-0.010455	-0.005816	-0.007525	-0.004595	-0.007037	-0.007525	-0.008257	-0.007037	-0.009234	-0.006304
0.018500	-0.007769	-0.008746	-0.004107	-0.006548	-0.005328	-0.006792	-0.008257	-0.007769	-0.008013	-0.009478	-0.005083
0.018600	-0.006792	-0.008013	-0.004351	-0.005816	-0.005816	-0.008746	-0.008013	-0.005328	-0.007769	-0.009722	-0.006304
0.018700	-0.006060	-0.005328	-0.003863	-0.007037	-0.004107	-0.009722	-0.006060	-0.006548	-0.009234	-0.008990	-0.007769
0.018800	-0.004351	-0.002398	-0.003619	-0.006304	-0.004595	-0.007525	-0.007037	-0.006304	-0.008501	-0.011431	-0.006304
0.018900	-0.006304	-0.004351	-0.005083	-0.004595	-0.007037	-0.005816	-0.006060	-0.005328	-0.006060	-0.008013	-0.006304
0.019000	-0.006548	-0.003374	-0.004351	-0.003863	-0.006304	-0.005083	-0.005083	-0.004351	-0.008257	-0.008013	-0.006060
0.019100	-0.005328	-0.005083	-0.004107	-0.004595	-0.005816	-0.003863	-0.005083	-0.003863	-0.008257	-0.007769	-0.005328
0.019200	-0.006792	-0.007037	-0.006792	-0.005816	-0.006792	-0.003130	-0.006060	-0.004351	-0.006060	-0.006792	-0.005083
0.019300	-0.007525	-0.008013	-0.006060	-0.005083	-0.006304	-0.003619	-0.006060	-0.005328	-0.004595	-0.006548	-0.005328
0.019400	-0.008013	-0.007769	-0.003863	-0.007037	-0.006304	-0.003863	-0.006304	-0.008501	-0.005816	-0.008257	-0.006304
0.019500	-0.009478	-0.011431	-0.004107	-0.008013	-0.008257	-0.003374	-0.007281	-0.007037	-0.007525	-0.008257	-0.005328
0.019600	-0.006548	-0.009966	-0.003130	-0.008746	-0.008013	-0.006548	-0.008746	-0.006060	-0.007037	-0.008746	-0.005083
0.019700	-0.006304	-0.007037	-0.004351	-0.008990	-0.008257	-0.007281	-0.008013	-0.008746	-0.008990	-0.010455	-0.005328
0.019800	-0.009478	-0.008257	-0.005816	-0.009234	-0.009234	-0.006548	-0.008746	-0.009478	-0.008501	-0.012652	-0.008501
0.019900	-0.010699	-0.007525	-0.006060	-0.009478	-0.010455	-0.008746	-0.009722	-0.009722	-0.008990	-0.012408	-0.009234
0.020000	-0.009722	-0.008746	-0.006304	-0.009234	-0.008990	-0.008501	-0.008257	-0.010455	-0.011920	-0.012896	-0.007769
0.020100	-0.008501	-0.007037	-0.006304	-0.008746	-0.009966	-0.008257	-0.009966	-0.010455	-0.011675	-0.013629	-0.006548
0.020200	-0.009722	-0.008013	-0.007525	-0.007281	-0.009478	-0.007769	-0.011187	-0.010699	-0.008746	-0.011431	-0.008013
0.020300	-0.011920	-0.010455	-0.009234	-0.008257	-0.009478	-0.008257	-0.010455	-0.008990	-0.008990	-0.009722	-0.009722
0.020400	-0.010699	-0.011187	-0.008990	-0.008501	-0.008501	-0.008257	-0.010455	-0.010699	-0.009478	-0.010455	-0.008746
0.020500	-0.010699	-0.011675	-0.008746	-0.008501	-0.009722	-0.008501	-0.011431	-0.011675	-0.008013	-0.009966	-0.007281
0.020600	-0.009478	-0.008990	-0.007525	-0.007281	-0.009234	-0.009478	-0.011187	-0.010943	-0.006792	-0.010455	-0.008501
0.020700	-0.008990	-0.008746	-0.007525	-0.009234	-0.009234	-0.011187	-0.009722	-0.011187	-0.007037	-0.009478	-0.008013
0.020800	-0.009722	-0.010699	-0.007281	-0.009478	-0.009478	-0.009478	-0.008257	-0.011187	-0.007037	-0.012652	-0.009234
0.020900	-0.008990	-0.008746	-0.006304	-0.009234	-0.008746	-0.009234	-0.010455	-0.010699	-0.007281	-0.013873	-0.008501
0.021000	-0.008013	-0.006548	-0.007037	-0.009966	-0.007769	-0.009966	-0.008013	-0.010699	-0.009234	-0.015093	-0.007769
0.021100	-0.007769	-0.003863	-0.005328	-0.008501	-0.008013	-0.009966	-0.007037	-0.011187	-0.007525	-0.012408	-0.006548
0.021200	-0.007769	-0.005083	-0.006304	-0.007037	-0.007525	-0.008990	-0.006792	-0.009966	-0.007281	-0.008501	-0.008990
0.021300	-0.007525	-0.005083	-0.005816	-0.005083	-0.006548	-0.007281	-0.007525	-0.009722	-0.007525	-0.009722	-0.007525
0.021400	-0.006060	-0.005328	-0.004839	-0.004595	-0.005328	-0.006060	-0.008501	-0.008990	-0.006304	-0.008501	-0.006548
0.021500	-0.006304	-0.004595	-0.005083	-0.004351	-0.006548	-0.006792	-0.008257	-0.007525	-0.004839	-0.006304	-0.005328
0.021600	-0.005816	-0.004107	-0.004107	-0.006792	-0.005816	-0.007769	-0.006060	-0.007769	-0.003619	-0.004107	-0.006548
0.021700	-0.004839	-0.003374	-0.003863	-0.006060	-0.005328	-0.008013	-0.006304	-0.008990	-0.002886	-0.006548	-0.004351
0.021800	-0.004595	-0.006060	-0.003130	-0.005328	-0.007037	-0.006548	-0.008501	-0.010699	-0.002642	-0.009722	-0.005083
0.021900	-0.004595	-0.004351	-0.002642	-0.006548	-0.006060	-0.006792	-0.007037	-0.008013	-0.002886	-0.011431	-0.004107
0.022000	-0.005816	-0.003863	-0.002642	-0.009966	-0.006792	-0.007037	-0.005083	-0.006304	-0.003619	-0.010455	-0.004107
0.022100	-0.005816	-0.003863	-0.002642	-0.009478	-0.007037	-0.005816	-0.004107	-0.007037	-0.004107	-0.012164	-0.004107
0.022200	-0.004839	-0.003374	-0.003374	-0.007769	-0.006304	-0.006548	-0.005083	-0.008501	-0.004595	-0.011920	-0.005083
0.022300	-0.005328	-0.002642	-0.002886	-0.004839	-0.005816	-0.006060	-0.005816	-0.008990	-0.005816	-0.011431	-0.005083
0.022400	-0.004107	-0.002642	-0.003130	-0.005083	-0.005083	-0.003863	-0.005328	-0.007037	-0.006060	-0.009966	-0.003374
0.022500	-0.004107	-0.002154	-0.004107	-0.005328	-0.003619	-0.003374	-0.004351	-0.006304	-0.005328	-0.004839	-0.004595
0.022600	-0.003619	-0.002398	-0.003863	-0.004839	-0.004595	-0.002642	-0.004839	-0.007281	-0.003863	-0.005083	-0.004595
0.022700	-0.003863	-0.002642	-0.003374	-0.004351	-0.005328	-0.003863	-0.006060	-0.008501	-0.002398	-0.004595	-0.002398
0.022800	-0.006060	-0.005328	-0.003130	-0.004839	-0.004839	-0.004595	-0.006548	-0.007769	-0.002886	-0.006304	-0.003374
0.022900	-0.004351	-0.004839	-0.003130	-0.005816	-0.004839	-0.005328	-0.005328	-0.005816	-0.002642	-0.007281	-0.002398
0.023000	-0.004351	-0.004595	-0.002398	-0.006548	-0.002886	-0.005816	-0.005083	-0.008013	-0.002886	-0.008257	-0.002154
0.023100	-0.003619	-0.004107	-0.002642	-0.005328	-0.004595	-0.005328	-0.004595	-0.007037	-0.002642	-0.008013	-0.002886
0.023200	-0.004351	-0.003619	-0.002154	-0.004107	-0.003863	-0.007037	-0.003619	-0.007281	-0.002398	-0.007037	-0.004839
0.023300	-0.002886	-0.003863	-0.002886	-0.004107	-0.004107	-0.006792	-0.002154	-0.005816	-0.004595	-0.005816	-0.003619
0.023400	-0.002398	-0.000689	-0.001910	-0.002886	-0.002154	-0.007037	-0.001177	-0.003863	-0.002642	-0.004595	-0.002886
0.023500	-0.001665	0.001753	-0.003619	-0.001421	-0.000201	-0.004351	-0.000201	-0.003130	-0.000445	-0.001665	-0.003130
0.023600	-0.001177	0.001997	-0.000201	0.001020	0.000776	-0.002154	0.000288	-0.001910	0.000288	0.000532	-0.002642
0.023700	-0.000689	0.001508	-0.000201	0.002973	0.001997	-0.000689	-0.000445	-0.000689	0.001264	0.002241	-0.001177
0.023800	0.000532	0.000532	-0.000689	0.003950	0.002485	0.000776	0.000776	0.000532	0.002485	0.004194	0.001508
0.023900	0.001264	0.002485	0.000776	0.003462	0.004194	0.000044	0.001753	0.000288	0.003950	0.005171	0.002485
0.024000	0.002241	0.001997	0.003217	0.003950	0.002729	0.001508	0.001753	0.000776	0.004682	0.005415	0.003950
0.024100	0.002241	0.001264	0.002973	0.004438	0.003462	0.001264	0.001753	0.001753	0.006147	0.005415	0.003950
0.024200	0.004194	0.002973	0.004682	0.004194	0.007368	-0.000201	0.002485	0.002241	0.006391	0.004438	0.005415
0.024300	0.004682	0.004926	0.004194	0.003217	0.005171	0.000044	0.003217	0.002729	0.005903	0.004682	0.006147
0.024400	0.005903	0.007124	0.005659	0.003217	0.004926	0.000532	0.005659	0.003950	0.006147	0.004926	0.005415
0.024500	0.006391	0.008100	0.006147	0.003950	0.001753	0.000776	0.007124	0.004438	0.006635	0.007124	0.005171
0.024600	0.006147	0.009565	0.006880	0.005171	0.004194	0.002729	0.007856	0.005659	0.006147	0.006880	0.006147
0.024700	0.007368	0.009321	0.006147	0.006391	0.005171	0.003950	0.006147	0.006635	0.006880	0.007368	0.007124
0.024800	0.005903	0.009565	0.005659	0.005659	0.004926	0.005903	0.005171	0.007612	0.006635	0.008100	0.007612
0.024900	0.006391	0.008589	0.005903	0.003950	0.003950	0.007368	0.006147	0.007856	0.006880	0.009809	0.006880
0.025000	0.005415	0.005659	0.006147	0.004194	0.002973	0.007368	0.005659	0.007124	0.006635	0.010053	0.007368
0.025100	0.005903	0.005171	0.005903	0.004438	0.002973	0.007124	0.004438	0.005171	0.007612	0.009809	0.007612
0.025200	0.004926	0.004682	0.006635	0.002973	0.004926	0.006147	0.004194	0.004438	0.007612	0.007124	0.007612
0.025300	0.005171	0.004194	0.007124	0.000532	0.003217	0.004438	0.002485	0.003462	0.005903	0.006391	0.007612
0.025400	0.003950	0.004682	0.004926	-0.001910	0.001753	0.004194	0.004194	0.004438	0.005415	0.004682	0.005903
0.025500	0.004926	0.005903	0.004438	-0.001665	0.001020	0.000776	0.002241	0.003950	0.003950	0.004194	0.005415
0.025600	0.004438	0.004926	0.003462	-0.002154	-0.000445	0.000532	0.001264	0.001508	0.001997	0.001997	0.004682
0.025700	0.004438	0.004926	0.002485	-0.002398	-0.000445	0.000532	0.001753	0.001508	0.002241	0.001020	0.004194
0.025800	0.002729	0.003950	0.001508	-0.001910	-0.000445	-0.000445	0.001020	0.002241	0.001508	0.001020	0.003217
0.025900	0.001264	0.002729	0.000532	-0.001421	0.000044	0.000532	0.001508	0.002241	-0.000689	0.002485	0.001997
0.026000	0.001753	0.001508	-0.000201	0.001020	0.000776	0.001508	-0.001177	0.001753	0.000044	0.002973	0.001020
0.026100	0.001753	0.002729	-0.001421	0.001997	0.000776	0.000776	-0.000445	0.001997	0.000532	0.004438	0.001508
0.026200	0.001020	0.000532	-0.001421	0.000776	0.001020	0.001020	0.001020	0.002485	0.001508	0.005171	0.001264
0.026300	0.000776	0.000044	0.000044	-0.001421	0.001753	0.001508	0.001753	0.001264	0.001508	0.005171	0.000532
0.026400	0.001020	0.000532	0.000532	-0.001421	0.002485	0.001508	0.001997	0.001753	0.002729	0.004438	0.000044
0.026500	0.001753	0.001264	0.002973	-0.001421	0.004194	0.000288	0.001997	0.000776	0.001508	0.003217	0.001020
0.026600	0.002485	0.003217	0.001753	-0.000201	0.003950	0.000532	0.002241	0.001997	0.001997	0.001997	0.001020
0.026700	0.002485	0.003217	0.001020	0.000532	0.002241	-0.000201	0.002729	0.001997	0.001997	0.002241	-0.000201
0.026800	0.003950	0.004194	-0.000201	0.001508	0.002485	-0.000445	0.002973	0.003217	0.002485	0.002973	0.000288
0.026900	0.003950	0.003950	0.001997	0.002485	0.004926	-0.001421	0.001753	0.002973	0.001997	0.003950	0.000776
0.027000	0.005903	0.006635	0.003950	0.005171	0.005659	-0.000201	0.004438	0.005171	0.002485	0.003462	0.002485
0.027100	0.005415	0.007856	0.002485	0.007124	0.006880	-0.001177	0.004926	0.005903	0.004682	0.005659	0.002973
0.027200	0.005659	0.007124	0.001753	0.008100	0.008833	0.000532	0.005903	0.008100	0.004682	0.007124	0.004194
0.027300	0.006880	0.006880	0.003462	0.008100	0.006635	0.002973	0.006635	0.007612	0.006391	0.009077	0.005659
0.027400	0.007124	0.006147	0.005415	0.006880	0.005171	0.004194	0.006391	0.008100	0.006880	0.008833	0.005415
0.027500	0.006635	0.005903	0.007856	0.005659	0.009321	0.002729	0.007612	0.008100	0.007612	0.007856	0.006635
0.027600	0.006635	0.005659	0.007124	0.002485	0.010053	0.004926	0.007856	0.007124	0.006880	0.007856	0.006880
0.027700	0.006391	0.007124	0.006391	0.001264	0.007368	0.007856	0.006147	0.006391	0.007856	0.005659	0.007124
0.027800	0.007612	0.007124	0.006391	0.001753	0.005415	0.008833	0.005659	0.006147	0.006391	0.003950	0.006391
0.027900	0.006391	0.006147	0.006635	0.000532	0.005659	0.006391	0.004926	0.006147	0.005659	0.003462	0.005659
0.028000	0.005171	0.007124	0.006391	0.001020	0.004194	0.005171	0.004926	0.006391	0.005171	0.003462	0.004926
0.028100	0.005659	0.006391	0.004926	-0.000201	0.005171	0.005171	0.005171	0.006880	0.003950	0.003217	0.004926
0.028200	0.005659	0.006391	0.003950	0.003217	0.004926	0.006147	0.004194	0.005903	0.003950	0.003462	0.004926
0.028300	0.004438	0.005415	0.004438	0.004682	0.004438	0.004194	0.002973	0.006880	0.003217	0.004926	0.005171
0.028400	0.005659	0.004194	0.004438	0.003217	0.004682	0.003217	0.003462	0.007612	0.002973	0.005903	0.004926
0.028500	0.004194	0.002241	0.004682	0.003217	0.004438	0.002729	0.003950	0.006880	0.002729	0.006635	0.006391
0.028600	0.004438	0.001997	0.004926	0.002241	0.002241	0.002485	0.003462	0.004438	0.003950	0.004438	0.005903
0.028700	0.002729	0.001508	0.004926	0.001264	0.004682	0.003217	0.002973	0.002729	0.003950	0.003217	0.005171
0.028800	0.002485	0.003217	0.003462	-0.000201	0.004926	0.003462	0.002973	0.002729	0.003462	0.001264	0.004926
0.028900	0.004194	0.001753	0.003462	-0.000201	0.005903	0.002241	0.002973	0.001753	0.002973	-0.000445	0.003462
0.029000	0.004194	0.003950	0.001997	-0.000201	0.003462	0.002485	0.003217	0.002241	0.004682	-0.001421	0.002485
0.029100	0.002485	0.004438	0.001508	0.000776	0.003950	0.003462	0.003950	0.003217	0.004926	-0.001421	0.002729
0.029200	0.001753	0.004926	0.002241	0.001997	0.004682	0.003462	0.003217	0.003462	0.002729	-0.002398	0.001997
0.029300	0.003462	0.005903	0.002241	0.005415	0.006147	0.001997	0.004194	0.005171	0.002241	-0.001421	0.002729
0.029400	0.006147	0.006147	0.003950	0.006147	0.006880	0.002729	0.004194	0.006391	0.002729	-0.000689	0.002973
0.029500	0.006635	0.005903	0.004194	0.008833	0.008589	0.002973	0.004926	0.006635	0.005171	-0.000445	0.005171
0.029600	0.004438	0.005659	0.004194	0.008589	0.009077	0.004194	0.005415	0.006880	0.005415	0.001020	0.005415
0.029700	0.004194	0.003950	0.004438	0.008100	0.007612	0.004438	0.006391	0.007368	0.005903	0.001753	0.004682
0.029800	0.007368	0.005415	0.006391	0.006635	0.009809	0.004682	0.006880	0.006147	0.005659	0.001264	0.006880
0.029900	0.009321	0.007368	0.008589	0.007124	0.009077	0.004194	0.007856	0.005415	0.008833	-0.000445	0.008100
0.030000	0.009077	0.007368	0.007856	0.006147	0.009565	0.004926	0.007612	0.005659	0.009565	-0.000445	0.005903
0.030100	0.007612	0.007856	0.007368	0.006635	0.012739	0.005415	0.009321	0.006880	0.010053	-0.001177	0.004682
0.030200	0.009565	0.009565	0.007368	0.006635	0.009565	0.006880	0.009565	0.007856	0.008100	0.000776	0.006880
0.030300	0.011030	0.011030	0.009809	0.009321	0.009077	0.005903	0.010053	0.009321	0.008833	0.001020	0.007856
0.030400	0.011518	0.013227	0.009809	0.009809	0.009809	0.006147	0.009321	0.009809	0.009565	0.003950	0.007856
0.030500	0.010542	0.012739	0.009809	0.011030	0.011274	0.007368	0.009565	0.009809	0.010053	0.004682	0.009077
0.030600	0.010786	0.010542	0.010053	0.012739	0.012007	0.009809	0.010053	0.011030	0.009321	0.004926	0.009565
0.030700	0.010542	0.010298	0.009809	0.013716	0.013227	0.009565	0.010298	0.011274	0.010542	0.004438	0.011518
0.030800	0.011274	0.011518	0.011030	0.013472	0.012739	0.010053	0.011274	0.011274	0.010542	0.005659	0.011518
0.030900	0.011518	0.011030	0.011518	0.012495	0.010298	0.008589	0.012007	0.010542	0.012251	0.006391	0.010542
0.031000	0.011518	0.011762	0.010786	0.012251	0.010542	0.009809	0.012495	0.010542	0.013716	0.004438	0.011274
0.031100	0.011762	0.008589	0.011518	0.011030	0.011030	0.010298	0.010786	0.009809	0.013472	0.003217	0.010786
0.031200	0.011518	0.009565	0.011518	0.009321	0.010298	0.010298	0.010542	0.009321	0.011518	0.001997	0.011518
0.031300	0.011518	0.011274	0.010542	0.007612	0.008100	0.007856	0.011030	0.008589	0.010786	0.002241	0.011030
0.031400	0.010298	0.010542	0.011274	0.006880	0.008100	0.007612	0.011030	0.008833	0.010053	0.001753	0.010053
0.031500	0.009321	0.010542	0.010786	0.008589	0.006391	0.008100	0.008100	0.007368	0.008833	0.001997	0.009809
0.031600	0.009565	0.007124	0.009321	0.009809	0.004926	0.008100	0.007612	0.005659	0.007368	-0.001177	0.010298
0.031700	0.009077	0.008100	0.009077	0.008589	0.007124	0.006147	0.006880	0.006391	0.007124	0.000044	0.010786
0.031800	0.006635	0.007856	0.007368	0.007856	0.009809	0.006147	0.009321	0.007612	0.006391	0.003950	0.008833
0.031900	0.008833	0.007612	0.006635	0.009565	0.009321	0.007612	0.009809	0.006635	0.007612	0.004438	0.009321
0.032000	0.008589	0.006635	0.006147	0.011030	0.009077	0.008589	0.008589	0.005171	0.008833	0.003217	0.007612
0.032100	0.009321	0.005415	0.007368	0.009565	0.007612	0.006880	0.007612	0.006147	0.009809	0.001753	0.007856
0.032200	0.010542	0.005903	0.008100	0.006880	0.007368	0.005903	0.008100	0.007124	0.008589	0.001264	0.008833
0.032300	0.010298	0.004926	0.008100	0.005659	0.007124	0.006391	0.009077	0.006391	0.009809	0.001264	0.009321
0.032400	0.010053	0.006147	0.008833	0.005415	0.007612	0.006880	0.007612	0.004926	0.009809	0.000776	0.009077
0.032500	0.007612	0.006635	0.008833	0.006391	0.006635	0.006635	0.006391	0.004438	0.008100	0.000044	0.008100
0.032600	0.007124	0.005903	0.007856	0.007124	0.004438	0.006147	0.004926	0.003950	0.006391	-0.000201	0.006880
0.032700	0.007612	0.006147	0.008589	0.006635	0.005659	0.005415	0.005903	0.003217	0.006635	-0.000201	0.007368
0.032800	0.007124	0.006391	0.007124	0.007856	0.006391	0.004926	0.007612	0.003462	0.008100	0.001264	0.006635
0.032900	0.006880	0.006391	0.007612	0.010053	0.007368	0.005659	0.009321	0.002973	0.008100	0.002485	0.006147
0.033000	0.008100	0.005903	0.005659	0.011274	0.009077	0.005415	0.009321	0.004682	0.008100	0.002973	0.006880
0.033100	0.009321	0.005903	0.006391	0.011518	0.008833	0.005415	0.009565	0.007612	0.008100	0.005659	0.008100
0.033200	0.011762	0.007612	0.006880	0.010298	0.008833	0.006391	0.010542	0.009077	0.010786	0.004926	0.009077
0.033300	0.012251	0.006147	0.008100	0.009321	0.007612	0.006880	0.009809	0.007124	0.012251	0.004926	0.009565
0.033400	0.011274	0.006635	0.009321	0.007612	0.006635	0.008589	0.009077	0.007124	0.011762	0.002241	0.009321
0.033500	0.011030	0.005415	0.008100	0.005415	0.005171	0.007856	0.008589	0.006147	0.011274	0.001997	0.009321
0.033600	0.009321	0.006880	0.008100	0.003950	0.004926	0.008589	0.008100	0.006147	0.009321	0.000532	0.010053
0.033700	0.007612	0.006635	0.007612	0.002485	0.002973	0.008589	0.005659	0.005171	0.007612	0.000532	0.010542
0.033800	0.005659	0.005903	0.006391	0.003950	0.000776	0.008589	0.004682	0.003462	0.007124	-0.000445	0.007124
0.033900	0.004194	0.005171	0.005659	0.004194	0.001753	0.006147	0.003217	0.002973	0.006635	-0.001421	0.004682
0.034000	0.002973	0.002241	0.005903	0.004438	0.002973	0.003950	0.004438	0.001753	0.005903	-0.000689	0.005659
0.034100	0.004194	0.004438	0.004438	0.004926	0.002973	0.004194	0.004682	0.002973	0.005903	-0.000689	0.005171
0.034200	0.004194	0.004194	0.003950	0.006391	0.001508	0.003217	0.006391	0.003462	0.005903	0.001264	0.002729
0.034300	0.005171	0.003217	0.002973	0.005171	0.001020	0.001753	0.006635	0.004438	0.005903	0.003217	0.002729
0.034400	0.005903	0.002241	0.003217	0.005171	0.002973	0.001508	0.005415	0.004682	0.005903	0.001997	0.002973
0.034500	0.006391	0.001753	0.003462	0.003462	0.001508	0.000288	0.003950	0.004682	0.007856	0.000532	0.003950
0.034600	0.006635	0.001753	0.004926	0.001508	0.000532	0.001508	0.003950	0.003462	0.008100	0.000044	0.003950
0.034700	0.004926	0.001020	0.003950	-0.000445	-0.000689	0.002241	0.003217	0.002241	0.007124	-0.000689	0.003462
0.034800	0.004438	0.003217	0.001997	-0.001665	-0.001421	0.002485	0.002241	0.000776	0.004682	-0.001665	0.003217
0.034900	0.002973	0.002485	0.000776	-0.000445	0.000044	0.002241	0.000044	0.000044	0.002729	-0.003130	0.001264
0.035000	0.002241	0.002485	0.001020	0.000288	0.000776	0.001997	-0.001421	-0.000689	0.001264	-0.003619	0.001264
0.035100	0.001508	0.001508	0.000776	0.000776	0.000288	0.001508	-0.001910	-0.000445	0.001264	-0.002886	0.000044
0.035200	0.000776	-0.001665	-0.000201	0.002729	-0.000445	0.001264	0.000044	-0.000689	0.001753	-0.002642	-0.000445
0.035300	0.000532	-0.000445	0.001020	0.003950	0.001997	0.000288	0.001753	-0.001177	0.001020	0.000044	-0.000689
0.035400	0.001997	-0.000201	0.000532	0.004438	0.001997	0.000044	0.002485	-0.000445	0.002241	0.000044	0.000044
0.035500	0.002729	0.000044	0.000776	0.004194	0.002241	-0.000201	0.003950	0.000532	0.002729	0.001508	-0.000201
0.035600	0.002241	0.000288	0.001264	0.003462	0.001020	0.000288	0.004194	0.003217	0.004682	0.001264	0.000044
0.035700	0.002729	0.000044	0.001264	0.002485	0.001753	-0.000201	0.005171	0.002485	0.005171	0.001508	0.000044
0.035800	0.002973	0.000044	0.001997	0.001508	0.001508	-0.000201	0.003950	0.001264	0.006147	-0.000201	0.001753
0.035900	0.005659	0.001020	0.002973	0.000532	0.002973	0.000532	0.005171	0.001997	0.006147	0.000532	0.001997
0.036000	0.003217	0.002729	0.003950	-0.000689	0.002729	0.001997	0.004682	0.002973	0.005415	-0.000201	0.002729
0.036100	0.004926	0.004926	0.002241	0.001508	0.004926	0.002241	0.004926	0.003217	0.003950	0.001753	0.001508
0.036200	0.003462	0.004438	0.002485	0.003217	0.004926	0.002973	0.005171	0.003462	0.004194	0.001753	0.002973
0.036300	0.006635	0.005171	0.004438	0.005415	0.008589	0.003217	0.005659	0.004438	0.004682	0.005659	0.002729
0.036400	0.004926	0.005903	0.003950	0.007368	0.007368	0.003217	0.007124	0.004438	0.005171	0.006391	0.004194
0.036500	0.007856	0.004682	0.003950	0.006880	0.007368	0.004682	0.007856	0.005659	0.005415	0.009077	0.004194
0.036600	0.007368	0.003462	0.005903	0.008100	0.007856	0.005659	0.009321	0.006147	0.005903	0.006880	0.004926
0.036700	0.005903	0.005903	0.008100	0.007124	0.007612	0.006391	0.009565	0.007368	0.007368	0.009565	0.006391
0.036800	0.007124	0.005415	0.009077	0.006880	0.006880	0.006391	0.008833	0.007368	0.007856	0.006880	0.005903
0.036900	0.005903	0.004682	0.006635	0.004926	0.006391	0.006391	0.009565	0.006880	0.008833	0.006391	0.006391
0.037000	0.006880	0.004438	0.006391	0.002241	0.007124	0.005659	0.009077	0.007124	0.008833	0.005659	0.006147
0.037100	0.007612	0.005415	0.007368	0.001997	0.004926	0.006147	0.008833	0.007368	0.007612	0.003950	0.005903
0.037200	0.007856	0.006635	0.008589	0.001508	0.005415	0.005415	0.009565	0.006635	0.006635	0.003950	0.005659
0.037300	0.006391	0.006147	0.008833	0.001508	0.006391	0.004682	0.008100	0.007124	0.005415	0.003950	0.006391
0.037400	0.007124	0.006880	0.006147	0.004438	0.006147	0.006391	0.009077	0.008833	0.005659	0.005415	0.007124
0.037500	0.007612	0.004438	0.006147	0.005415	0.005903	0.007856	0.008100	0.007124	0.005171	0.006147	0.005903
0.037600	0.007124	0.005415	0.005903	0.004926	0.005171	0.008589	0.007124	0.005903	0.003462	0.006147	0.006391
0.037700	0.007612	0.004926	0.006147	0.005171	0.005659	0.006147	0.005659	0.006147	0.003950	0.005659	0.005659
0.037800	0.005659	0.003950	0.004926	0.004926	0.005415	0.004926	0.006880	0.006147	0.003462	0.005659	0.005659
0.037900	0.005171	0.003950	0.004682	0.004682	0.005659	0.005415	0.005903	0.004438	0.003462	0.004438	0.005659
0.038000	0.003462	0.003950	0.004438	0.002973	0.003950	0.005171	0.004438	0.004194	0.004926	0.002973	0.004194
0.038100	0.004438	0.002485	0.005171	0.001508	0.003217	0.003217	0.004926	0.004194	0.003950	0.003217	0.003217
0.038200	0.005171	0.004438	0.004926	-0.000445	0.003217	0.001753	0.005659	0.003462	0.003462	0.002973	0.002729
0.038300	0.004438	0.004194	0.005171	-0.001910	0.003217	0.002241	0.005415	0.004682	0.002973	0.001997	0.002973
0.038400	0.003950	0.005415	0.004926	0.000532	0.002973	0.002729	0.005171	0.003950	0.002973	0.000776	0.004194
0.038500	0.004194	0.004194	0.005415	0.001264	0.002241	0.003950	0.005903	0.004438	0.002241	0.001020	0.004438
0.038600	0.002485	0.003950	0.004194	0.003462	0.002729	0.003462	0.006635	0.003462	0.001997	0.001997	0.003950
0.038700	0.004682	0.003217	0.003462	0.003950	0.004438	0.002973	0.006147	0.004926	0.001020	0.003950	0.003462
0.038800	0.005659	0.002729	0.002485	0.003950	0.005415	0.003950	0.007124	0.003950	0.001997	0.003950	0.004194
0.038900	0.003950	0.003950	0.002241	0.004682	0.004926	0.005171	0.005415	0.004926	0.002241	0.003462	0.004438
0.039000	0.004194	0.004926	0.002973	0.005171	0.005415	0.003217	0.005659	0.004438	0.001753	0.004682	0.002973
0.039100	0.005171	0.003462	0.004194	0.005171	0.005171	0.003462	0.005903	0.005171	0.002485	0.003950	0.004682
0.039200	0.005903	0.005171	0.004926	0.003950	0.005171	0.002485	0.005659	0.004194	0.005415	0.004194	0.004438
0.039300	0.003950	0.005171	0.004926	0.002241	0.004194	0.002729	0.005659	0.004926	0.005659	0.003462	0.004194
0.039400	0.002485	0.004438	0.004682	0.000288	0.003217	0.003950	0.005171	0.004194	0.003950	0.002729	0.003950
0.039500	0.002485	0.002485	0.003950	-0.001910	0.001264	0.004682	0.004438	0.002729	0.000776	0.000776	0.004438
0.039600	0.002729	0.004438	0.004438	-0.001177	0.000776	0.004438	0.003950	0.001997	0.000044	-0.001421	0.005171
0.039700	0.001508	0.002485	0.003217	-0.000689	0.000776	0.004438	0.003462	0.000776	0.000776	-0.001177	0.003462
0.039800	-0.001910	0.000288	0.001020	0.000288	0.001508	0.004682	0.004194	0.000532	0.000776	-0.002154	0.001264
0.039900	-0.000689	-0.002886	0.000288	0.001020	0.000288	0.004438	0.004194	0.001508	-0.000445	0.000288	0.000532
0.040000	0.001753	-0.002886	-0.000201	0.001508	-0.000201	0.002729	0.004438	0.000288	-0.001421	0.001020	0.000776
0.040100	0.003950	-0.001177	0.000776	-0.000445	0.000044	0.001753	0.001997	0.001508	-0.000445	0.000044	0.003217
0.040200	0.003462	-0.000201	0.000044	-0.000689	-0.001177	0.000776	0.001997	0.000288	0.000532	-0.002154	0.001508
0.040300	0.001753	-0.001421	-0.000201	-0.001910	-0.001421	0.000288	0.001264	0.000044	0.000532	-0.000689	0.000288
0.040400	0.000776	-0.001665	0.001020	-0.003619	-0.000689	-0.000201	0.000532	-0.000201	0.000288	-0.001910	0.000532
0.040500	0.000288	-0.001910	0.000288	-0.006060	-0.001910	-0.001177	-0.000445	-0.001665	-0.000689	-0.003130	0.001753
0.040600	-0.001665	-0.001665	-0.000445	-0.006060	-0.002886	-0.002642	-0.002154	-0.002886	-0.001910	-0.003863	-0.000201
0.040700	-0.003130	-0.001665	-0.003619	-0.007769	-0.003863	-0.003130	-0.001421	-0.003863	-0.003374	-0.003619	-0.002398
0.040800	-0.005328	-0.005328	-0.003619	-0.007525	-0.004351	-0.002154	-0.002886	-0.004595	-0.004839	-0.005816	-0.004595
0.040900	-0.007037	-0.006792	-0.003863	-0.006304	-0.004595	-0.001421	-0.003863	-0.005083	-0.006060	-0.006304	-0.004351
0.041000	-0.007281	-0.006792	-0.004351	-0.003374	-0.004839	-0.002886	-0.003619	-0.006304	-0.004595	-0.004839	-0.005328
0.041100	-0.006792	-0.008501	-0.006304	-0.003619	-0.004351	-0.004351	-0.001910	-0.004839	-0.004351	-0.001421	-0.005328
0.041200	-0.004351	-0.007769	-0.005328	-0.002886	-0.005328	-0.005083	-0.001421	-0.005083	-0.002886	-0.001177	-0.006060
0.041300	-0.003863	-0.007525	-0.004839	-0.001910	-0.004839	-0.004595	-0.002886	-0.005083	-0.003619	-0.002642	-0.004351
0.041400	-0.001665	-0.007037	-0.004351	-0.001421	-0.004595	-0.005816	-0.003130	-0.005083	-0.002642	-0.004595	-0.003863
0.041500	-0.003130	-0.006304	-0.003130	-0.004107	-0.003863	-0.005816	-0.003130	-0.004107	-0.002398	-0.003619	-0.002398
0.041600	-0.002886	-0.004839	-0.002642	-0.006060	-0.003619	-0.006548	-0.001910	-0.002886	-0.001910	-0.003863	-0.002886
0.041700	-0.002886	-0.004839	-0.003863	-0.006304	-0.004107	-0.007037	-0.001665	-0.003374	-0.002154	-0.003374	-0.002642
0.041800	-0.003374	-0.004595	-0.002886	-0.005083	-0.003619	-0.005816	-0.004351	-0.004839	-0.001665	-0.005328	-0.002398
0.041900	-0.004595	-0.004595	-0.004595	-0.007037	-0.004351	-0.004839	-0.003619	-0.004351	-0.002642	-0.006304	-0.002642
0.042000	-0.005328	-0.004839	-0.005816	-0.006304	-0.002886	-0.005083	-0.002886	-0.003863	-0.003619	-0.006304	-0.003374
0.042100	-0.006548	-0.005328	-0.005328	-0.004839	-0.004351	-0.004595	-0.001910	-0.005083	-0.002398	-0.002886	-0.004839
0.042200	-0.007281	-0.006548	-0.004351	-0.001177	-0.003619	-0.003863	-0.002398	-0.006548	-0.001421	-0.003619	-0.005083
0.042300	-0.006792	-0.007037	-0.004839	0.001020	-0.003863	-0.004595	-0.002154	-0.005328	-0.001421	-0.002642	-0.004107
0.042400	-0.003130	-0.007037	-0.003863	0.000776	-0.002886	-0.003619	-0.000689	-0.003374	-0.001665	-0.003130	-0.003863
0.042500	-0.003374	-0.006548	-0.003130	0.000288	-0.002398	-0.004107	0.000532	-0.003130	0.000044	-0.002154	-0.003130
0.042600	0.000044	-0.005083	-0.002642	-0.000201	-0.002398	-0.004107	0.001997	-0.003374	0.001264	-0.001910	-0.003863
0.042700	-0.001910	-0.004595	-0.001665	-0.000201	-0.002886	-0.004107	0.001264	-0.003619	0.001753	-0.001665	-0.001665
0.042800	-0.002642	-0.004595	-0.000201	-0.002642	-0.002642	-0.003619	0.000776	-0.002642	0.001264	-0.004107	-0.001421
0.042900	-0.000689	-0.004595	-0.000445	-0.005328	-0.003619	-0.003374	0.001020	-0.002398	0.001508	-0.003619	0.001020
0.043000	-0.000689	-0.003863	-0.002398	-0.006548	-0.003130	-0.003619	-0.000201	-0.001665	0.001753	-0.002886	0.000532
0.043100	-0.004351	-0.003374	-0.002886	-0.004839	-0.003130	-0.003130	-0.000689	-0.003619	0.001020	-0.006060	-0.001665
0.043200	-0.006060	-0.004595	-0.002886	-0.003619	-0.002886	-0.002886	-0.002642	-0.003619	0.000288	-0.006548	-0.003374
0.043300	-0.001665	-0.006548	-0.004839	-0.001910	-0.003130	-0.002642	-0.002886	-0.003863	-0.001421	-0.002886	-0.003374
0.043400	-0.005816	-0.006548	-0.006548	-0.001910	-0.002886	-0.003130	-0.002642	-0.003863	-0.000445	-0.003130	-0.002886
0.043500	-0.004351	-0.006060	-0.005328	-0.000689	-0.002642	-0.003130	-0.002398	-0.003863	-0.000201	-0.002154	-0.003619
0.043600	-0.004107	-0.006792	-0.005083	-0.000201	-0.002642	-0.002886	-0.001177	-0.004351	-0.000689	-0.003619	-0.005083
0.043700	-0.003863	-0.007281	-0.004107	-0.000445	-0.004107	-0.002642	-0.001910	-0.004595	-0.001177	-0.004107	-0.004351
0.043800	-0.004107	-0.006792	-0.003619	-0.001421	-0.003130	-0.002398	0.000288	-0.004839	0.000044	-0.004351	-0.003130
0.043900	-0.005328	-0.005083	-0.003130	-0.003863	-0.003619	-0.002398	0.000044	-0.004595	-0.000689	-0.005328	-0.002154
0.044000	-0.003863	-0.004839	-0.002886	-0.005328	-0.004595	-0.003130	-0.000201	-0.005083	0.000288	-0.007281	-0.002642
0.044100	-0.006548	-0.005083	-0.002154	-0.005083	-0.003619	-0.003130	-0.000445	-0.005328	-0.001177	-0.006060	-0.002886
0.044200	-0.004839	-0.005816	-0.003619	-0.004351	-0.001421	-0.003619	-0.001177	-0.005083	0.000532	-0.007037	-0.002642
0.044300	-0.003374	-0.003863	-0.004107	-0.003374	-0.001177	-0.004107	-0.000201	-0.003863	-0.000201	-0.008990	-0.002398
0.044400	-0.002398	-0.003374	-0.004839	-0.001421	-0.000689	-0.003863	0.000532	-0.002886	0.000288	-0.008013	-0.003619
0.044500	-0.001421	-0.003374	-0.004107	0.000776	0.000288	-0.004107	0.001753	-0.001421	0.000288	-0.003130	-0.003374
0.044600	-0.000445	-0.004107	-0.003863	0.002485	0.002485	-0.003374	0.001508	-0.000201	0.000044	-0.003130	-0.003374
0.044700	0.001753	-0.002886	-0.002886	0.004194	0.004194	-0.002642	0.000776	0.000288	0.001753	-0.001665	-0.001421
0.044800	0.000044	-0.001421	-0.001910	0.004682	0.004438	-0.000689	0.002485	0.000532	0.002729	0.000776	-0.000445
0.044900	-0.000445	0.000044	-0.000201	0.003462	0.002485	0.000532	0.004194	0.001997	0.003950	-0.001665	0.000532
0.045000	0.000776	0.000044	0.000288	0.002241	0.001753	0.000532	0.004682	0.001264	0.004438	-0.000689	0.000776
0.045100	-0.000201	0.000532	0.001997	0.001753	0.002973	0.001997	0.004438	0.000044	0.004194	-0.001910	0.001753
0.045200	0.000288	0.001264	0.002241	0.000288	0.003217	0.002729	0.003950	0.000044	0.004438	-0.004107	0.001264
0.045300	-0.001910	0.001264	0.002485	-0.001665	0.001508	0.002729	0.005659	0.001508	0.004438	-0.002886	0.001753
0.045400	0.001264	0.000776	0.001753	-0.001910	0.000776	0.001997	0.005415	0.002485	0.004194	-0.002154	0.001753
0.045500	0.000776	0.000288	0.001020	-0.001421	0.000776	0.001997	0.005903	0.001264	0.002729	-0.003619	0.001264
0.045600	0.000776	-0.001421	0.000532	-0.000445	-0.000201	0.002241	0.004438	0.001020	0.002241	-0.005328	0.001753
0.045700	0.001997	-0.002154	0.000288	0.000044	0.000776	0.001997	0.004194	0.001997	0.001264	-0.003374	0.002241
0.045800	-0.001665	-0.003130	-0.000201	-0.001665	-0.000689	0.002241	0.002729	0.001508	0.000532	-0.005328	0.001264
0.045900	-0.000201	-0.003374	-0.000689	-0.000201	-0.001910	0.001020	0.001264	0.001020	-0.000689	-0.006060	0.001508
0.046000	0.000044	-0.003374	-0.000689	-0.001421	-0.001665	0.000532	-0.000201	-0.001421	-0.001665	-0.007281	0.000288
0.046100	-0.002886	-0.003619	-0.001665	-0.001910	-0.002398	-0.000201	-0.001665	-0.002886	-0.001665	-0.009478	-0.000201
0.046200	-0.003130	-0.002886	-0.002398	-0.003863	-0.003619	-0.001665	-0.001177	-0.003374	-0.002154	-0.011187	-0.001910
0.046300	-0.005816	-0.004107	-0.003619	-0.005328	-0.004351	-0.001910	-0.001177	-0.003374	-0.003374	-0.010699	-0.001910
0.046400	-0.006060	-0.004351	-0.002886	-0.006548	-0.005083	-0.003374	-0.001665	-0.005083	-0.003374	-0.011920	-0.003619
0.046500	-0.008257	-0.005083	-0.002886	-0.007281	-0.006792	-0.003374	-0.002398	-0.005816	-0.004351	-0.014117	-0.004351
0.046600	-0.007037	-0.005328	-0.004839	-0.008746	-0.007769	-0.003130	-0.002398	-0.006304	-0.005328	-0.012896	-0.004839
0.046700	-0.009966	-0.007037	-0.007281	-0.009722	-0.008746	-0.004107	-0.003619	-0.005328	-0.007525	-0.014605	-0.005816
0.046800	-0.010699	-0.008990	-0.008501	-0.008990	-0.009478	-0.004351	-0.004839	-0.007769	-0.008990	-0.016802	-0.007037
0.046900	-0.009966	-0.010943	-0.007525	-0.009234	-0.010455	-0.004595	-0.006304	-0.008013	-0.009478	-0.016070	-0.007525
0.047000	-0.010943	-0.011431	-0.008257	-0.009966	-0.009234	-0.006548	-0.007037	-0.009478	-0.009966	-0.017291	-0.008257
0.047100	-0.008746	-0.011675	-0.011187	-0.009478	-0.008990	-0.008257	-0.009234	-0.008990	-0.010699	-0.017291	-0.009234
0.047200	-0.010943	-0.012652	-0.012408	-0.009966	-0.008501	-0.009966	-0.009234	-0.009966	-0.011920	-0.016802	-0.009966
0.047300	-0.008990	-0.013384	-0.012652	-0.009478	-0.008990	-0.010455	-0.009234	-0.009478	-0.011431	-0.017779	-0.010943
0.047400	-0.009722	-0.011431	-0.010455	-0.011187	-0.008257	-0.011675	-0.008746	-0.010943	-0.010943	-0.016558	-0.011920
0.047500	-0.009234	-0.009234	-0.011431	-0.011675	-0.007281	-0.012408	-0.007769	-0.009966	-0.009966	-0.016558	-0.012164
0.047600	-0.010943	-0.009722	-0.012164	-0.012652	-0.006792	-0.013629	-0.006548	-0.009722	-0.008746	-0.015582	-0.011920
0.047700	-0.011675	-0.008501	-0.012896	-0.011431	-0.007281	-0.010699	-0.006304	-0.008257	-0.009234	-0.016314	-0.011920
0.047800	-0.011675	-0.007769	-0.011187	-0.011431	-0.008990	-0.008501	-0.007525	-0.008746	-0.008257	-0.014361	-0.010943
0.047900	-0.012896	-0.008501	-0.009966	-0.008746	-0.008501	-0.008990	-0.007037	-0.009234	-0.008501	-0.014605	-0.011431
0.048000	-0.012164	-0.009478	-0.011187	-0.008746	-0.008013	-0.008013	-0.005816	-0.008990	-0.008501	-0.013629	-0.010943
0.048100	-0.011187	-0.008990	-0.009722	-0.008501	-0.008257	-0.007525	-0.005816	-0.009234	-0.009234	-0.012408	-0.010455
0.048200	-0.010699	-0.010455	-0.009966	-0.008257	-0.009234	-0.006060	-0.006060	-0.008501	-0.009722	-0.013140	-0.010699
0.048300	-0.009722	-0.010943	-0.009478	-0.008257	-0.009966	-0.006548	-0.007037	-0.009234	-0.009478	-0.013384	-0.010943
0.048400	-0.006792	-0.010455	-0.008501	-0.008501	-0.008501	-0.009234	-0.006304	-0.008501	-0.009478	-0.013384	-0.010699
0.048500	-0.005328	-0.009722	-0.009234	-0.009478	-0.008013	-0.009478	-0.006792	-0.008013	-0.008013	-0.013873	-0.009478
0.048600	-0.006060	-0.008257	-0.008501	-0.009478	-0.007769	-0.009966	-0.006060	-0.007769	-0.007769	-0.013140	-0.008501
0.048700	-0.006060	-0.006792	-0.008746	-0.010699	-0.007525	-0.009478	-0.006792	-0.008013	-0.008257	-0.014117	-0.007769
0.048800	-0.007037	-0.006060	-0.008013	-0.011187	-0.008501	-0.010699	-0.007037	-0.007525	-0.008501	-0.015093	-0.009234
0.048900	-0.007769	-0.006792	-0.008990	-0.010699	-0.008501	-0.010943	-0.007525	-0.007281	-0.009234	-0.014605	-0.007769
0.049000	-0.011187	-0.007281	-0.010455	-0.011675	-0.009478	-0.009234	-0.007769	-0.008257	-0.008746	-0.013873	-0.009234
0.049100	-0.011920	-0.008746	-0.009234	-0.011675	-0.011187	-0.007769	-0.007281	-0.009478	-0.008990	-0.014361	-0.009478
0.049200	-0.014117	-0.010455	-0.009722	-0.013140	-0.012896	-0.006548	-0.008501	-0.010699	-0.013140	-0.014605	-0.011675
0.049300	-0.014361	-0.013629	-0.009722	-0.012896	-0.012896	-0.007281	-0.008746	-0.011187	-0.015093	-0.016558	-0.012408
0.049400	-0.012896	-0.013629	-0.010943	-0.012408	-0.014117	-0.008501	-0.010699	-0.012164	-0.014117	-0.016558	-0.013629
0.049500	-0.013140	-0.014361	-0.012652	-0.012652	-0.013384	-0.008746	-0.011920	-0.012408	-0.012164	-0.016558	-0.013140
0.049600	-0.015582	-0.016070	-0.012652	-0.013384	-0.013873	-0.011431	-0.012408	-0.012652	-0.013140	-0.016314	-0.015093
0.049700	-0.014361	-0.015826	-0.013384	-0.014117	-0.012896	-0.012408	-0.010943	-0.012896	-0.013140	-0.015338	-0.015093
0.049800	-0.011675	-0.014361	-0.010699	-0.014605	-0.011920	-0.014117	-0.011675	-0.012896	-0.013873	-0.015338	-0.013384
0.049900	-0.011187	-0.011675	-0.011675	-0.014605	-0.011675	-0.014605	-0.011431	-0.012408	-0.012896	-0.017779	-0.012652
0.050000	-0.012164	-0.011431	-0.012896	-0.016314	-0.011675	-0.015826	-0.011187	-0.011431	-0.011920	-0.018511	-0.014117
0.050100	-0.013140	-0.012164	-0.013629	-0.016070	-0.013140	-0.013873	-0.011675	-0.011675	-0.013629	-0.019000	-0.015582
0.050200	-0.013384	-0.013384	-0.013873	-0.016070	-0.014117	-0.012896	-0.012408	-0.011675	-0.015338	-0.017779	-0.013873
0.050300	-0.014605	-0.012896	-0.012896	-0.016558	-0.013873	-0.013384	-0.013140	-0.012652	-0.016802	-0.019244	-0.013873
0.050400	-0.016314	-0.013629	-0.015093	-0.016802	-0.014117	-0.012164	-0.013873	-0.013629	-0.017535	-0.018267	-0.017291
0.050500	-0.018023	-0.017779	-0.015826	-0.016314	-0.016070	-0.012652	-0.015826	-0.015338	-0.017535	-0.019000	-0.018756
0.050600	-0.020220	-0.020953	-0.016314	-0.016314	-0.015582	-0.013140	-0.015338	-0.016070	-0.017291	-0.018756	-0.019244
0.050700	-0.019000	-0.021197	-0.016070	-0.015826	-0.015093	-0.013140	-0.015093	-0.017047	-0.017291	-0.017535	-0.019000
0.050800	-0.016802	-0.018756	-0.015338	-0.016070	-0.015582	-0.015582	-0.013384	-0.017535	-0.016558	-0.016314	-0.018511
0.050900	-0.017535	-0.018511	-0.015826	-0.016070	-0.014117	-0.016314	-0.011431	-0.016070	-0.013384	-0.015582	-0.018267
0.051000	-0.016314	-0.017779	-0.014117	-0.016314	-0.013629	-0.016558	-0.010455	-0.015338	-0.013629	-0.016558	-0.018023
0.051100	-0.015338	-0.015826	-0.013629	-0.017535	-0.013384	-0.015093	-0.012164	-0.014361	-0.013140	-0.018267	-0.016070
0.051200	-0.012408	-0.015093	-0.013140	-0.017291	-0.013384	-0.015582	-0.011431	-0.013629	-0.013384	-0.018511	-0.015582
0.051300	-0.011920	-0.012652	-0.013384	-0.017291	-0.013384	-0.015093	-0.009722	-0.012896	-0.014361	-0.018756	-0.014361
0.051400	-0.012408	-0.012164	-0.013629	-0.017047	-0.014361	-0.015826	-0.010455	-0.012408	-0.014605	-0.016070	-0.016070
0.051500	-0.013629	-0.013873	-0.014117	-0.016314	-0.014117	-0.012896	-0.012408	-0.013629	-0.015826	-0.018267	-0.015338
0.051600	-0.016070	-0.017291	-0.014361	-0.015093	-0.015093	-0.012896	-0.014117	-0.014117	-0.016070	-0.019732	-0.016802
0.051700	-0.014605	-0.017291	-0.014605	-0.016802	-0.015582	-0.013629	-0.013873	-0.015338	-0.016558	-0.018511	-0.016314
0.051800	-0.017779	-0.018023	-0.015582	-0.018267	-0.015826	-0.013629	-0.012896	-0.014605	-0.016802	-0.016802	-0.016558
0.051900	-0.018267	-0.020220	-0.014361	-0.016802	-0.014605	-0.012896	-0.012408	-0.016802	-0.014605	-0.015826	-0.017291
0.052000	-0.018756	-0.018756	-0.014361	-0.015338	-0.015093	-0.013873	-0.013384	-0.018023	-0.016070	-0.016802	-0.017535
0.052100	-0.018756	-0.018267	-0.014117	-0.015582	-0.015338	-0.014361	-0.013384	-0.016558	-0.015093	-0.016802	-0.017047
0.052200	-0.016070	-0.017047	-0.013384	-0.017047	-0.015093	-0.015338	-0.012408	-0.014605	-0.016558	-0.017291	-0.016070
0.052300	-0.015582	-0.015826	-0.013384	-0.017535	-0.015093	-0.015093	-0.012164	-0.014605	-0.015093	-0.018267	-0.015826
0.052400	-0.015582	-0.014361	-0.013384	-0.015582	-0.014605	-0.015338	-0.011675	-0.014605	-0.014117	-0.017047	-0.016314
0.052500	-0.015093	-0.014605	-0.014117	-0.014605	-0.015338	-0.013629	-0.012652	-0.015338	-0.015093	-0.018756	-0.016070
0.052600	-0.014361	-0.015093	-0.014605	-0.016070	-0.015582	-0.014361	-0.011920	-0.013629	-0.016558	-0.018023	-0.016070
0.052700	-0.013384	-0.015582	-0.014361	-0.018267	-0.016802	-0.015093	-0.013140	-0.013873	-0.017047	-0.017291	-0.016314
0.052800	-0.015093	-0.017291	-0.016314	-0.019000	-0.017291	-0.014605	-0.014605	-0.014361	-0.017047	-0.018023	-0.016558
0.052900	-0.016070	-0.019000	-0.015826	-0.018756	-0.017779	-0.014605	-0.016314	-0.017535	-0.015826	-0.019000	-0.016802
0.053000	-0.019244	-0.020220	-0.017535	-0.018511	-0.017535	-0.015826	-0.017291	-0.018267	-0.018756	-0.019244	-0.018023
0.053100	-0.018023	-0.021685	-0.017047	-0.019244	-0.017291	-0.015582	-0.018023	-0.018023	-0.018267	-0.017535	-0.016802
0.053200	-0.019976	-0.020465	-0.017779	-0.018511	-0.016802	-0.017291	-0.016314	-0.018267	-0.018023	-0.019244	-0.017291
0.053300	-0.020465	-0.019000	-0.017535	-0.019000	-0.017779	-0.017047	-0.016802	-0.018511	-0.016070	-0.018267	-0.018267
0.053400	-0.020953	-0.019244	-0.017047	-0.017779	-0.018023	-0.017779	-0.015826	-0.019000	-0.017535	-0.017535	-0.019244
0.053500	-0.018756	-0.019244	-0.017291	-0.017291	-0.019000	-0.016070	-0.015338	-0.017291	-0.017779	-0.018511	-0.017535
0.053600	-0.018023	-0.017535	-0.016314	-0.017779	-0.019244	-0.016314	-0.014605	-0.016802	-0.018267	-0.017779	-0.017047
0.053700	-0.019000	-0.015826	-0.016558	-0.018267	-0.021441	-0.015582	-0.013873	-0.016802	-0.018267	-0.018023	-0.016802
0.053800	-0.019732	-0.017779	-0.018267	-0.019732	-0.022418	-0.015338	-0.014117	-0.017047	-0.018511	-0.018023	-0.017779
0.053900	-0.018756	-0.019000	-0.017047	-0.020953	-0.023150	-0.016070	-0.016558	-0.019244	-0.019000	-0.020465	-0.019000
0.054000	-0.020465	-0.020709	-0.018756	-0.022662	-0.023150	-0.017047	-0.018511	-0.018511	-0.021197	-0.021197	-0.018511
0.054100	-0.019732	-0.022418	-0.019976	-0.024615	-0.024371	-0.018023	-0.020709	-0.021441	-0.021685	-0.023394	-0.017779
0.054200	-0.022418	-0.023638	-0.021685	-0.025592	-0.026568	-0.020220	-0.022174	-0.022418	-0.022906	-0.023394	-0.019732
0.054300	-0.022418	-0.024859	-0.023150	-0.026568	-0.026324	-0.020709	-0.023150	-0.023394	-0.021929	-0.024371	-0.021441
0.054400	-0.024371	-0.025347	-0.024615	-0.026568	-0.024859	-0.023150	-0.024615	-0.024615	-0.023883	-0.025836	-0.021929
0.054500	-0.025103	-0.024859	-0.024859	-0.025836	-0.023150	-0.023150	-0.025103	-0.024371	-0.024615	-0.025836	-0.022418
0.054600	-0.025592	-0.022906	-0.024859	-0.026080	-0.024371	-0.025347	-0.023394	-0.025347	-0.024859	-0.025103	-0.023150
0.054700	-0.026324	-0.022906	-0.026324	-0.025592	-0.025347	-0.023638	-0.020709	-0.025103	-0.024615	-0.024615	-0.025592
0.054800	-0.024859	-0.022906	-0.026080	-0.023638	-0.024859	-0.023150	-0.020220	-0.024859	-0.024371	-0.025592	-0.025836
0.054900	-0.026812	-0.022174	-0.025103	-0.022662	-0.022906	-0.022906	-0.020953	-0.025347	-0.023150	-0.026080	-0.025592
0.055000	-0.025103	-0.021685	-0.025347	-0.023638	-0.024615	-0.022418	-0.021441	-0.023638	-0.023638	-0.027056	-0.025836
0.055100	-0.025347	-0.023638	-0.023394	-0.025347	-0.025592	-0.022662	-0.021685	-0.024615	-0.023883	-0.025103	-0.025347
0.055200	-0.025592	-0.024371	-0.023638	-0.025836	-0.025836	-0.021685	-0.022418	-0.023883	-0.023638	-0.025347	-0.024615
0.055300	-0.022662	-0.026324	-0.022662	-0.024615	-0.025592	-0.022418	-0.023638	-0.026324	-0.022906	-0.024615	-0.023638
0.055400	-0.022906	-0.025592	-0.023150	-0.023638	-0.023394	-0.023150	-0.023150	-0.025836	-0.022662	-0.026324	-0.023150
0.055500	-0.021197	-0.025592	-0.023638	-0.024615	-0.022418	-0.024371	-0.022418	-0.024859	-0.021685	-0.025347	-0.022662
0.055600	-0.022906	-0.023394	-0.023394	-0.023638	-0.021197	-0.024859	-0.021929	-0.023638	-0.021685	-0.024859	-0.022662
0.055700	-0.021685	-0.022174	-0.025103	-0.021441	-0.018511	-0.025103	-0.020953	-0.022662	-0.021929	-0.023638	-0.022418
0.055800	-0.020709	-0.020220	-0.023638	-0.018511	-0.016070	-0.024371	-0.019732	-0.021929	-0.020220	-0.022662	-0.022418
0.055900	-0.019732	-0.017779	-0.023394	-0.016558	-0.014361	-0.022906	-0.018267	-0.020465	-0.019732	-0.022174	-0.022662
0.056000	-0.019976	-0.015826	-0.022174	-0.015093	-0.014605	-0.021441	-0.016558	-0.018023	-0.018511	-0.021197	-0.022662
0.056100	-0.020220	-0.015826	-0.020465	-0.014361	-0.014361	-0.019732	-0.015093	-0.018511	-0.016558	-0.019244	-0.021685
0.056200	-0.018511	-0.015338	-0.017779	-0.013384	-0.015093	-0.017779	-0.013629	-0.017535	-0.015338	-0.018267	-0.020953
0.056300	-0.018023	-0.015826	-0.015338	-0.014361	-0.015826	-0.015582	-0.013873	-0.017047	-0.014605	-0.015582	-0.018756
0.056400	-0.017047	-0.015582	-0.014605	-0.015826	-0.016070	-0.014361	-0.013384	-0.015582	-0.013629	-0.016802	-0.016558
0.056500	-0.016314	-0.017047	-0.013873	-0.015826	-0.016558	-0.013629	-0.013384	-0.015338	-0.012408	-0.017779	-0.016314
0.056600	-0.015826	-0.017047	-0.013629	-0.015093	-0.015582	-0.014117	-0.013629	-0.015338	-0.011920	-0.015338	-0.013873
0.056700	-0.013873	-0.016558	-0.012652	-0.015093	-0.013384	-0.014117	-0.012896	-0.015826	-0.013140	-0.017047	-0.013629
0.056800	-0.013140	-0.013629	-0.012896	-0.014361	-0.012896	-0.015826	-0.012408	-0.013873	-0.012652	-0.016558	-0.012652
0.056900	-0.012896	-0.012164	-0.015093	-0.015582	-0.012164	-0.016070	-0.013140	-0.012408	-0.013629	-0.017291	-0.012896
0.057000	-0.012652	-0.011675	-0.015582	-0.013384	-0.012896	-0.015338	-0.012652	-0.013873	-0.012896	-0.017535	-0.013140
0.057100	-0.013384	-0.011431	-0.015093	-0.014361	-0.014361	-0.014117	-0.013384	-0.012652	-0.012408	-0.020465	-0.013873
0.057200	-0.013140	-0.009966	-0.013140	-0.015338	-0.015338	-0.013140	-0.013384	-0.012652	-0.014117	-0.021441	-0.013629
0.057300	-0.016070	-0.011675	-0.015338	-0.016802	-0.015338	-0.014605	-0.013140	-0.013873	-0.014605	-0.021685	-0.014361
0.057400	-0.018511	-0.013140	-0.015338	-0.016558	-0.017047	-0.013384	-0.015093	-0.015582	-0.015338	-0.020465	-0.014361
0.057500	-0.018756	-0.016314	-0.015582	-0.018511	-0.018511	-0.011920	-0.016314	-0.016314	-0.015093	-0.020709	-0.015826
0.057600	-0.019976	-0.017291	-0.015338	-0.017535	-0.019976	-0.012408	-0.016558	-0.017535	-0.015582	-0.021197	-0.016558
0.057700	-0.020465	-0.019244	-0.016314	-0.019732	-0.018267	-0.014361	-0.017779	-0.018267	-0.015826	-0.020953	-0.016314
0.057800	-0.020220	-0.018511	-0.016558	-0.018756	-0.017779	-0.016802	-0.016558	-0.018267	-0.016802	-0.021685	-0.016314
0.057900	-0.019244	-0.019732	-0.017535	-0.020465	-0.017779	-0.016314	-0.015826	-0.017291	-0.017047	-0.021685	-0.017047
0.058000	-0.020220	-0.017779	-0.017535	-0.019976	-0.018756	-0.016314	-0.016558	-0.018267	-0.017047	-0.024371	-0.017291
0.058100	-0.017535	-0.016802	-0.016802	-0.020953	-0.019732	-0.017291	-0.018267	-0.016558	-0.016558	-0.024615	-0.017779
0.058200	-0.017291	-0.015582	-0.017291	-0.021197	-0.018756	-0.019976	-0.018023	-0.017535	-0.017779	-0.025592	-0.018023
0.058300	-0.018023	-0.016314	-0.017779	-0.020465	-0.017291	-0.019976	-0.018267	-0.017535	-0.019000	-0.026568	-0.018511
0.058400	-0.017291	-0.016314	-0.018511	-0.018267	-0.017779	-0.018023	-0.018756	-0.018756	-0.018023	-0.024615	-0.018267
0.058500	-0.018756	-0.015826	-0.019000	-0.017291	-0.015338	-0.018023	-0.018511	-0.019732	-0.019244	-0.023394	-0.019976
0.058600	-0.019244	-0.016802	-0.019976	-0.016802	-0.014361	-0.019732	-0.019000	-0.018511	-0.018511	-0.022662	-0.019976
0.058700	-0.019976	-0.017047	-0.018267	-0.015826	-0.012408	-0.019732	-0.016802	-0.018267	-0.018511	-0.021197	-0.020953
0.058800	-0.019244	-0.016314	-0.017535	-0.015093	-0.011431	-0.019000	-0.015826	-0.017291	-0.015338	-0.019976	-0.018756
0.058900	-0.019244	-0.015826	-0.015093	-0.013384	-0.011431	-0.017291	-0.013140	-0.017291	-0.013629	-0.017047	-0.018267
0.059000	-0.018023	-0.013873	-0.014117	-0.012164	-0.010699	-0.014605	-0.011675	-0.015338	-0.013384	-0.015582	-0.017291
0.059100	-0.013629	-0.012408	-0.012408	-0.011675	-0.009722	-0.013384	-0.009234	-0.012896	-0.011920	-0.015338	-0.016070
0.059200	-0.012408	-0.010455	-0.010943	-0.010943	-0.009478	-0.012164	-0.008013	-0.011920	-0.008746	-0.013873	-0.013629
0.059300	-0.010455	-0.009234	-0.008990	-0.009234	-0.008013	-0.010943	-0.007525	-0.009722	-0.007525	-0.012896	-0.012408
0.059400	-0.010943	-0.007769	-0.008013	-0.007525	-0.007281	-0.008990	-0.006792	-0.009966	-0.007525	-0.012408	-0.011187
0.059500	-0.007769	-0.007525	-0.007525	-0.007281	-0.004351	-0.008990	-0.005816	-0.007281	-0.009478	-0.011431	-0.010455
0.059600	-0.006548	-0.005083	-0.006792	-0.006304	-0.004107	-0.008257	-0.006060	-0.008013	-0.008501	-0.012652	-0.008746
0.059700	-0.004839	-0.004351	-0.006548	-0.005328	-0.002886	-0.009234	-0.005328	-0.007037	-0.006060	-0.011920	-0.008501
0.059800	-0.008257	-0.004595	-0.006548	-0.005816	-0.002642	-0.008501	-0.004351	-0.006304	-0.004839	-0.011675	-0.008746
0.059900	-0.008013	-0.007037	-0.006792	-0.005083	-0.001421	-0.008257	-0.004351	-0.006304	-0.005083	-0.009478	-0.008501
0.060000	-0.006792	-0.006060	-0.004351	-0.005083	-0.001665	-0.007037	-0.003863	-0.005328	-0.004351	-0.008257	-0.004839
0.060100	-0.006060	-0.003374	-0.002642	-0.006060	-0.001421	-0.004351	-0.002886	-0.004107	-0.002642	-0.007769	-0.004595
0.060200	-0.005816	-0.002642	-0.002642	-0.004839	-0.003374	-0.003863	-0.001665	-0.004595	-0.001910	-0.005083	-0.004595
0.060300	-0.005083	-0.003863	-0.002642	-0.005816	-0.002642	-0.001665	-0.000689	-0.003130	-0.000689	-0.004107	-0.005328
0.060400	-0.004107	-0.004351	-0.001177	-0.005083	-0.003130	-0.001177	-0.000689	-0.003130	-0.000201	-0.005083	-0.004107
0.060500	-0.003130	-0.003374	-0.000689	-0.004351	-0.003130	0.000532	-0.000201	-0.001910	-0.000689	-0.006548	-0.001665
0.060600	-0.004107	-0.002154	-0.000201	-0.005328	-0.005328	0.000288	0.000044	-0.003374	-0.001421	-0.005816	-0.001665
0.060700	-0.005083	-0.002886	-0.001177	-0.005083	-0.004839	-0.001177	-0.001421	-0.002642	-0.002398	-0.006304	-0.003863
0.060800	-0.006060	-0.004107	-0.002642	-0.007769	-0.005816	-0.000445	-0.002642	-0.002398	-0.003619	-0.008501	-0.002886
0.060900	-0.007037	-0.006060	-0.003130	-0.008990	-0.005328	-0.002642	-0.006304	-0.003863	-0.005816	-0.011431	-0.003619
0.061000	-0.007281	-0.006304	-0.004351	-0.012164	-0.007037	-0.004107	-0.007037	-0.005083	-0.007281	-0.011675	-0.002642
0.061100	-0.008501	-0.007281	-0.005083	-0.013384	-0.008257	-0.006792	-0.007281	-0.006548	-0.008257	-0.010699	-0.004595
0.061200	-0.009966	-0.008990	-0.006792	-0.014117	-0.009234	-0.006060	-0.008013	-0.006792	-0.008990	-0.011431	-0.005083
0.061300	-0.008990	-0.010455	-0.007525	-0.013629	-0.009722	-0.006060	-0.011431	-0.009722	-0.008501	-0.012164	-0.007037
0.061400	-0.010455	-0.010699	-0.008501	-0.013629	-0.010699	-0.006548	-0.011431	-0.009722	-0.008501	-0.013140	-0.007037
0.061500	-0.012164	-0.009966	-0.009234	-0.013873	-0.010943	-0.007037	-0.009966	-0.009966	-0.008013	-0.012652	-0.007769
0.061600	-0.012652	-0.009478	-0.009234	-0.012652	-0.011675	-0.007525	-0.008990	-0.010455	-0.008501	-0.011431	-0.008257
0.061700	-0.013629	-0.010455	-0.009234	-0.010699	-0.011675	-0.007281	-0.009478	-0.011187	-0.009722	-0.011920	-0.009478
0.061800	-0.015338	-0.009478	-0.009966	-0.009478	-0.013140	-0.006792	-0.010455	-0.011675	-0.011431	-0.014117	-0.010699
0.061900	-0.013873	-0.009966	-0.008746	-0.011187	-0.012896	-0.008013	-0.009966	-0.010699	-0.012408	-0.014361	-0.011187
0.062000	-0.015582	-0.010943	-0.009722	-0.013629	-0.012164	-0.009234	-0.008990	-0.008746	-0.013140	-0.014605	-0.011675
0.062100	-0.015338	-0.011920	-0.009478	-0.014361	-0.010699	-0.010699	-0.010455	-0.009478	-0.012164	-0.013873	-0.011920
0.062200	-0.013384	-0.012164	-0.009966	-0.012164	-0.009478	-0.011187	-0.010699	-0.012164	-0.010943	-0.014117	-0.011675
0.062300	-0.012896	-0.012408	-0.009478	-0.011187	-0.008746	-0.012652	-0.011431	-0.011675	-0.011675	-0.013873	-0.011431
0.062400	-0.011675	-0.011187	-0.009478	-0.012164	-0.007281	-0.013140	-0.010943	-0.009966	-0.010943	-0.013384	-0.010455
0.062500	-0.008501	-0.009966	-0.010455	-0.011675	-0.006792	-0.012408	-0.009722	-0.009234	-0.008746	-0.011675	-0.010455
0.062600	-0.008257	-0.008501	-0.009966	-0.009234	-0.006304	-0.011675	-0.008990	-0.009722	-0.007281	-0.010943	-0.008746
0.062700	-0.009478	-0.008013	-0.009722	-0.007525	-0.005816	-0.009966	-0.007769	-0.009966	-0.006304	-0.009966	-0.008746
0.062800	-0.009234	-0.007037	-0.008501	-0.006792	-0.006548	-0.008746	-0.008257	-0.008746	-0.006304	-0.009478	-0.008013
0.062900	-0.008746	-0.006548	-0.008501	-0.008013	-0.006548	-0.007281	-0.006548	-0.007281	-0.006548	-0.009478	-0.007769
0.063000	-0.008501	-0.004839	-0.007769	-0.007281	-0.006792	-0.006548	-0.006304	-0.005816	-0.005083	-0.008013	-0.007769
0.063100	-0.010699	-0.005083	-0.006060	-0.006792	-0.006060	-0.005816	-0.004107	-0.006548	-0.004595	-0.006548	-0.008257
0.063200	-0.009722	-0.006548	-0.004839	-0.005816	-0.005816	-0.004107	-0.004351	-0.006304	-0.004595	-0.007281	-0.007769
0.063300	-0.008746	-0.007525	-0.004351	-0.005816	-0.004595	-0.004839	-0.004107	-0.005816	-0.005083	-0.006792	-0.006548
0.063400	-0.007525	-0.006792	-0.005083	-0.004595	-0.002886	-0.005083	-0.003619	-0.004595	-0.003130	-0.005816	-0.004839
0.063500	-0.006304	-0.004839	-0.003619	-0.002886	-0.002154	-0.006792	-0.003130	-0.004839	-0.001421	-0.005816	-0.004351
0.063600	-0.003863	-0.005083	-0.003619	-0.002398	0.000044	-0.006304	-0.001910	-0.003374	-0.000201	-0.005083	-0.004107
0.063700	-0.003130	-0.004107	-0.002886	-0.002886	0.000776	-0.006060	-0.001421	-0.002642	-0.000445	-0.005816	-0.003863
0.063800	-0.002154	-0.002642	-0.003619	-0.003374	0.000044	-0.005816	-0.001910	-0.001665	-0.000201	-0.006304	-0.001421
0.063900	-0.001665	-0.001177	-0.003130	-0.003619	-0.001177	-0.004107	-0.002398	-0.001910	0.000776	-0.004595	-0.000689
0.064000	-0.001910	-0.001421	-0.002642	-0.004351	-0.004351	-0.002642	-0.001910	-0.001421	0.000044	-0.006060	-0.001665
0.064100	-0.003619	-0.002154	-0.002886	-0.005328	-0.004107	-0.002642	-0.003130	-0.002398	-0.000201	-0.004595	-0.002154
0.064200	-0.006548	-0.003130	-0.002642	-0.006060	-0.004351	-0.002154	-0.003374	-0.002642	-0.001910	-0.006304	-0.002398
0.064300	-0.008257	-0.003619	-0.003130	-0.007281	-0.004351	-0.002154	-0.004839	-0.003619	-0.002398	-0.006304	-0.002154
0.064400	-0.008501	-0.005083	-0.004351	-0.006304	-0.007769	-0.002154	-0.003619	-0.004839	-0.002642	-0.005816	-0.002398
0.064500	-0.008990	-0.006060	-0.004839	-0.006304	-0.008013	-0.003130	-0.003619	-0.006060	-0.003863	-0.005083	-0.003374
0.064600	-0.008746	-0.007037	-0.004595	-0.006060	-0.005816	-0.004107	-0.003619	-0.007037	-0.004107	-0.007281	-0.003130
0.064700	-0.008013	-0.006792	-0.005328	-0.005816	-0.005816	-0.004351	-0.004351	-0.005816	-0.004595	-0.008257	-0.004351
0.064800	-0.007525	-0.006304	-0.005083	-0.006304	-0.007281	-0.005083	-0.004107	-0.006060	-0.003374	-0.008013	-0.004351
0.064900	-0.007525	-0.006304	-0.005328	-0.008257	-0.008990	-0.006304	-0.003130	-0.004839	-0.003374	-0.007281	-0.004595
0.065000	-0.007037	-0.007525	-0.004595	-0.008257	-0.008990	-0.007525	-0.004595	-0.005083	-0.003863	-0.009478	-0.004107
0.065100	-0.007281	-0.006548	-0.005328	-0.008013	-0.008746	-0.007525	-0.007281	-0.006792	-0.004839	-0.010455	-0.004351
0.065200	-0.007769	-0.007281	-0.006792	-0.009234	-0.008501	-0.007281	-0.008501	-0.007769	-0.006304	-0.011187	-0.004839
0.065300	-0.009722	-0.007769	-0.008013	-0.010943	-0.008990	-0.007525	-0.009966	-0.007769	-0.007037	-0.009966	-0.006304
0.065400	-0.010699	-0.008013	-0.009722	-0.011431	-0.008746	-0.009966	-0.010699	-0.007769	-0.008501	-0.009966	-0.008013
0.065500	-0.012164	-0.008746	-0.010699	-0.009966	-0.008990	-0.010699	-0.010943	-0.009478	-0.009966	-0.011675	-0.008257
0.065600	-0.011920	-0.008990	-0.011431	-0.009478	-0.007281	-0.011675	-0.011431	-0.010699	-0.010455	-0.011920	-0.008990
0.065700	-0.010943	-0.009478	-0.010943	-0.008746	-0.007525	-0.010455	-0.010699	-0.009966	-0.009966	-0.012164	-0.009966
0.065800	-0.011431	-0.009478	-0.010455	-0.008501	-0.007769	-0.011431	-0.008257	-0.008746	-0.008746	-0.009478	-0.009966
0.065900	-0.010455	-0.008990	-0.009478	-0.008013	-0.008990	-0.011431	-0.007037	-0.008990	-0.008257	-0.009478	-0.010455
0.066000	-0.009722	-0.008257	-0.008257	-0.005328	-0.008501	-0.010455	-0.007525	-0.008746	-0.006792	-0.008501	-0.009722
0.066100	-0.008990	-0.007525	-0.008013	-0.005328	-0.009478	-0.009234	-0.006060	-0.007769	-0.005083	-0.008013	-0.008501
0.066200	-0.008257	-0.006792	-0.007525	-0.005816	-0.007037	-0.008013	-0.006304	-0.006792	-0.004107	-0.006792	-0.007769
0.066300	-0.007037	-0.005083	-0.008013	-0.004839	-0.007037	-0.008257	-0.005816	-0.006060	-0.003863	-0.006792	-0.008013
0.066400	-0.005083	-0.004351	-0.006304	-0.005816	-0.006060	-0.008257	-0.005816	-0.006060	-0.004351	-0.006792	-0.007525
0.066500	-0.003863	-0.003863	-0.006060	-0.005083	-0.003863	-0.007769	-0.005816	-0.005328	-0.003619	-0.006792	-0.005328
0.066600	-0.003863	-0.003130	-0.007281	-0.005816	-0.003130	-0.007525	-0.005816	-0.005083	-0.004839	-0.007281	-0.007037
0.066700	-0.004595	-0.002398	-0.008746	-0.006060	-0.002886	-0.007769	-0.004839	-0.004595	-0.004107	-0.008013	-0.005816
0.066800	-0.003374	-0.003863	-0.007525	-0.006304	-0.002154	-0.008257	-0.006304	-0.004595	-0.004595	-0.007037	-0.006060
0.066900	-0.004351	-0.002642	-0.006060	-0.004839	-0.002398	-0.008257	-0.005328	-0.004839	-0.004595	-0.007769	-0.004839
0.067000	-0.005328	-0.002886	-0.005083	-0.003374	-0.002398	-0.007525	-0.003863	-0.004839	-0.003130	-0.005816	-0.005083
0.067100	-0.004839	-0.003619	-0.006548	-0.002398	-0.001665	-0.007037	-0.003130	-0.003619	-0.002642	-0.004351	-0.004351
0.067200	-0.005328	-0.004107	-0.005816	-0.001177	-0.001665	-0.005816	-0.002154	-0.002886	-0.000689	-0.002642	-0.005083
0.067300	-0.003619	-0.001421	-0.004107	0.001020	-0.003130	-0.003130	-0.001177	-0.002886	0.001020	-0.001665	-0.004107
0.067400	-0.002398	0.000288	-0.002642	0.001997	-0.002886	-0.002398	-0.000201	-0.001421	0.001264	-0.002154	-0.002642
0.067500	-0.001177	0.000776	-0.001421	0.002241	-0.000445	-0.002398	0.001264	-0.000445	0.001997	0.000776	-0.002398
0.067600	0.000044	0.000288	-0.001665	0.001508	0.000776	-0.001910	0.001508	-0.000201	0.001997	0.001508	-0.001910
0.067700	0.001264	0.001997	-0.001421	0.001508	0.001508	0.000044	0.000776	0.000288	0.001753	-0.000201	-0.000445
0.067800	0.001264	0.002485	0.001508	0.001753	0.000532	0.001020	0.001264	0.002241	0.001020	-0.001177	0.000288
0.067900	0.001020	0.001508	0.001508	0.001020	0.001753	-0.001665	0.000288	0.000288	0.001264	-0.001910	0.000532
0.068000	0.001508	0.000532	0.000044	-0.000201	0.002485	-0.002398	0.000044	0.001753	0.000044	-0.002642	0.000532
0.068100	0.001020	0.000532	-0.000689	-0.000689	0.003950	-0.002154	-0.001177	0.001020	0.000532	-0.001665	0.001264
0.068200	0.000288	0.001020	-0.000201	-0.000689	0.002485	-0.001421	-0.000201	0.000288	0.000776	-0.002398	0.001753
0.068300	0.000044	0.000532	-0.000201	-0.001177	-0.000689	-0.002154	-0.000445	0.000044	0.001264	-0.002154	0.001264
0.068400	-0.000445	0.000532	-0.000445	-0.000689	0.000288	-0.002154	0.001997	0.000288	0.000532	-0.001665	0.001508
0.068500	-0.000689	0.000288	0.000044	0.000044	0.000044	-0.001421	0.001753	0.000044	0.001753	-0.002886	0.001264
0.068600	0.000288	0.000532	0.000288	-0.000689	-0.000445	0.001508	0.001020	-0.001177	0.002241	-0.001177	0.000532
0.068700	0.000044	0.001753	0.000288	-0.001177	-0.001177	0.002241	0.001020	0.000532	0.001997	-0.002154	0.001020
0.068800	-0.000689	0.001020	0.001020	-0.001421	-0.000445	0.002485	0.002729	-0.000445	0.000532	-0.001421	-0.000201
0.068900	0.000044	0.000532	0.001264	-0.002642	-0.000689	0.001508	0.002485	-0.000445	0.001020	-0.001665	-0.000445
0.069000	0.000776	0.000532	0.001020	-0.001665	0.000288	0.000532	0.001997	-0.000689	0.000532	-0.002154	0.000288
0.069100	-0.000201	0.001020	0.001020	-0.000201	-0.000201	0.001264	-0.000445	-0.003130	0.001264	-0.003374	0.001020
0.069200	0.000044	-0.000201	0.001753	-0.000689	-0.000689	0.000044	-0.001910	-0.000445	0.000288	-0.004351	0.001264
0.069300	0.002241	0.000532	0.000776	-0.001910	0.000288	-0.002398	-0.002154	0.000044	-0.000201	-0.005083	0.001020
0.069400	0.003462	0.000288	0.001508	-0.001910	0.001753	-0.002886	-0.001421	-0.000689	0.001020	-0.005083	0.001997
0.069500	0.002729	0.001508	0.000776	-0.001910	0.001264	-0.003619	-0.001665	-0.001910	0.001508	-0.005816	0.001264
0.069600	0.001264	0.001264	0.000288	-0.001177	0.000776	-0.002886	-0.001421	-0.000689	0.001264	-0.004351	0.001264
0.069700	0.000288	0.001264	0.000532	-0.000689	0.000288	-0.001910	-0.001421	-0.000689	-0.000445	-0.004107	0.001020
0.069800	0.001997	0.000776	0.001508	0.000044	0.000532	-0.000445	0.000044	0.000044	-0.001177	-0.004107	0.000776
0.069900	0.001508	0.003462	0.001997	0.001264	0.001264	-0.000445	0.000776	-0.002642	0.000532	-0.001910	-0.000445
0.070000	-0.000689	0.002485	0.000044	0.002729	0.001997	0.000532	0.002241	-0.001421	0.001508	-0.000689	-0.002886
0.070100	-0.001177	0.001753	0.000288	0.004194	0.002973	0.000532	0.002973	-0.001177	0.001020	-0.000445	-0.003130
0.070200	0.000532	0.001508	0.001997	0.004194	0.002485	0.001753	0.003462	0.000044	0.001020	-0.000201	-0.000201
0.070300	0.003462	0.003950	0.005171	0.004194	0.002729	0.000776	0.003950	-0.000201	0.002973	-0.000689	0.001508
0.070400	0.003950	0.004926	0.005171	0.005415	0.003217	0.001508	0.003217	0.000776	0.004926	-0.001177	0.001264
0.070500	0.004926	0.003950	0.005171	0.003462	0.003462	0.001020	0.002729	0.001753	0.005171	-0.000689	0.001264
0.070600	0.005415	0.001753	0.004926	0.003217	0.004194	0.001508	0.003217	0.001753	0.004438	-0.001910	0.002973
0.070700	0.005171	0.002973	0.004926	0.002729	0.005171	0.001264	0.002973	0.001997	0.004682	-0.001421	0.004194
0.070800	0.005171	0.003950	0.005659	0.003217	0.006147	0.000288	0.002241	0.002241	0.004194	-0.001177	0.005171
0.070900	0.005659	0.005171	0.005171	0.003462	0.005415	-0.000201	0.003950	0.002241	0.004194	0.001508	0.004194
0.071000	0.004438	0.005171	0.004194	0.005171	0.006147	0.002241	0.003462	0.002241	0.004438	0.002485	0.003217
0.071100	0.003217	0.005659	0.004682	0.005415	0.005903	0.003950	0.003950	0.003217	0.004194	0.001753	0.001997
0.071200	0.005171	0.005171	0.004682	0.006391	0.006391	0.002973	0.006147	0.002241	0.002973	0.003950	0.002485
0.071300	0.003462	0.006147	0.004682	0.005415	0.005903	0.003217	0.008833	0.003217	0.005171	0.006635	0.001508
0.071400	0.004438	0.005659	0.006391	0.005903	0.005903	0.004926	0.009565	0.004438	0.006391	0.005659	0.002485
0.071500	0.004682	0.005659	0.007612	0.007368	0.004682	0.005903	0.008100	0.004438	0.007368	0.003950	0.003462
0.071600	0.005903	0.005171	0.009321	0.006635	0.004682	0.006147	0.007368	0.004438	0.008100	0.001508	0.005903
0.071700	0.005903	0.004926	0.008833	0.004682	0.004682	0.006635	0.006635	0.004926	0.007856	0.001508	0.006147
0.071800	0.005903	0.004682	0.007856	0.003950	0.005171	0.004926	0.008100	0.005903	0.007856	0.001508	0.006880
0.071900	0.004926	0.005171	0.006635	0.003462	0.005415	0.005415	0.005903	0.004194	0.007124	0.001264	0.006880
0.072000	0.004682	0.004682	0.007124	0.003950	0.004194	0.004926	0.003462	0.003217	0.006880	-0.000201	0.008100
0.072100	0.005415	0.005415	0.006391	0.002241	0.003950	0.003950	0.002729	0.003950	0.004682	-0.001177	0.007124
0.072200	0.006391	0.005171	0.005659	0.000288	0.002241	0.002729	0.003462	0.004926	0.003217	-0.002642	0.006147
0.072300	0.004926	0.004194	0.003950	-0.002154	0.002241	0.002973	0.002241	0.002973	0.002973	-0.002886	0.004438
0.072400	0.001264	0.002485	0.002729	-0.001910	0.001997	0.002973	0.001753	0.000532	0.001997	-0.003374	0.003217
0.072500	-0.001665	0.000776	0.002241	-0.002154	0.000044	0.002241	0.000288	-0.001421	0.001264	-0.004107	0.002485
0.072600	-0.001665	-0.000689	0.001997	-0.003130	-0.001910	0.000532	0.000776	-0.001665	0.000288	-0.007525	0.001020
0.072700	-0.002154	-0.001665	0.001508	-0.004595	-0.002886	0.000532	-0.000445	-0.001421	0.000044	-0.008013	0.000288
0.072800	-0.002398	-0.001421	0.000776	-0.004351	-0.003619	-0.000201	-0.000445	-0.002398	0.001020	-0.008990	-0.000689
0.072900	-0.004595	-0.002642	0.000288	-0.003619	-0.005328	-0.000445	-0.000445	-0.004107	0.001508	-0.008990	-0.001177
0.073000	-0.004839	-0.003374	0.000044	-0.003130	-0.006060	-0.002154	-0.001910	-0.004351	0.000044	-0.008013	-0.001665
0.073100	-0.003619	-0.004351	-0.001177	-0.003374	-0.005328	-0.003130	-0.002886	-0.003374	-0.001421	-0.008746	0.000776
0.073200	-0.002886	-0.002642	-0.002154	-0.003130	-0.004595	-0.004351	-0.002886	-0.003374	-0.002398	-0.008990	-0.000201
0.073300	-0.002398	-0.002642	-0.002154	-0.004839	-0.004351	-0.004595	-0.004107	-0.003619	-0.002154	-0.009478	-0.001665
0.073400	-0.002398	-0.003130	-0.002398	-0.004351	-0.004839	-0.005083	-0.005328	-0.005083	-0.003130	-0.010699	-0.003863
0.073500	-0.002642	-0.003863	-0.003863	-0.005328	-0.004107	-0.005816	-0.006792	-0.004595	-0.005816	-0.011920	-0.003619
0.073600	-0.003130	-0.004351	-0.004839	-0.005816	-0.002886	-0.006060	-0.006548	-0.005083	-0.005083	-0.012652	-0.003619
0.073700	-0.004351	-0.004351	-0.005328	-0.004839	-0.002154	-0.006548	-0.006304	-0.005083	-0.004595	-0.010943	-0.004107
0.073800	-0.004839	-0.004595	-0.004595	-0.003130	-0.001665	-0.006792	-0.004839	-0.006060	-0.003863	-0.008501	-0.005328
0.073900	-0.004351	-0.004351	-0.004107	-0.000201	0.001020	-0.006548	-0.003130	-0.005083	-0.003130	-0.006304	-0.007525
0.074000	-0.002886	-0.002642	-0.003130	-0.000201	0.001753	-0.006304	-0.001665	-0.004107	-0.001177	-0.005328	-0.006060
0.074100	-0.002154	-0.000689	-0.001910	0.002729	0.001264	-0.005816	0.000044	-0.002642	0.001264	-0.002154	-0.004839
0.074200	-0.000445	0.000776	-0.000689	0.003462	0.000288	-0.003130	0.003217	-0.001177	0.002729	0.000776	-0.002642
0.074300	0.000288	0.001020	0.001020	0.005171	0.001997	-0.002398	0.005171	0.000532	0.003462	0.002729	-0.000689
0.074400	0.001753	0.002241	0.001997	0.006391	0.002729	-0.001421	0.005171	0.001753	0.004438	0.002241	0.001997
0.074500	0.004438	0.002973	0.003950	0.006391	0.004438	-0.000689	0.004682	0.002973	0.005171	0.002729	0.002485
0.074600	0.005415	0.005659	0.003217	0.005903	0.003950	0.001264	0.004194	0.003950	0.005415	0.001997	0.003217
0.074700	0.006880	0.005415	0.003950	0.005171	0.004682	0.002241	0.005415	0.004194	0.005659	0.001997	0.002973
0.074800	0.006147	0.005903	0.003950	0.005659	0.005903	0.002241	0.004682	0.003950	0.005415	0.002485	0.004438
0.074900	0.005903	0.006391	0.004438	0.006391	0.007612	0.002729	0.004194	0.004682	0.005659	0.000776	0.004438
0.075000	0.006147	0.005903	0.005171	0.006147	0.007856	0.002973	0.004438	0.005171	0.006147	0.000776	0.003950
0.075100	0.006391	0.006147	0.005903	0.004438	0.006391	0.003217	0.004926	0.005903	0.006880	0.001508	0.003462
0.075200	0.005659	0.006880	0.005903	0.004194	0.005415	0.003217	0.005659	0.005171	0.007124	0.001020	0.003950
0.075300	0.004926	0.006391	0.004926	0.004682	0.005903	0.003462	0.005903	0.004926	0.007368	0.001997	0.005415
0.075400	0.004438	0.004926	0.005171	0.006147	0.004926	0.003217	0.005415	0.004682	0.007612	0.004194	0.005903
0.075500	0.003462	0.005171	0.004926	0.005171	0.004194	0.005171	0.006391	0.005171	0.007856	0.002973	0.006880
0.075600	0.003462	0.004682	0.005903	0.004926	0.002729	0.005415	0.006391	0.005903	0.007368	0.004194	0.007368
0.075700	0.004438	0.005171	0.004926	0.004682	0.002241	0.005171	0.006391	0.005171	0.006635	0.003217	0.006880
0.075800	0.005903	0.005903	0.005659	0.005659	0.001997	0.005903	0.005903	0.004926	0.005659	0.002241	0.005903
0.075900	0.006391	0.006147	0.003950	0.004438	0.001997	0.005415	0.005415	0.004438	0.005415	0.001753	0.004926
0.076000	0.005171	0.004926	0.004926	0.002729	0.002241	0.005171	0.004682	0.005171	0.005903	0.000776	0.005903
0.076100	0.003950	0.004194	0.003950	0.002729	0.002241	0.003950	0.003950	0.003950	0.005659	-0.000445	0.004926
0.076200	0.002485	0.002973	0.004438	0.001264	0.001508	0.002973	0.002485	0.002973	0.005171	-0.001177	0.004682
0.076300	0.002973	0.003217	0.004682	0.000532	0.001264	0.001753	0.001753	0.002241	0.004438	-0.002886	0.002973
0.076400	0.001508	0.002485	0.002485	-0.001177	0.001264	0.000776	0.000532	0.002241	0.004438	-0.003374	0.003950
0.076500	0.000532	0.000288	0.000288	-0.001177	0.000776	-0.000201	0.000288	0.001264	0.001997	-0.004107	0.002241
0.076600	-0.000445	-0.001177	0.000044	-0.001421	0.000532	-0.000201	0.000288	0.000288	0.001020	-0.003619	0.003217
0.076700	0.000044	-0.001177	0.001020	-0.000445	0.000288	-0.000689	0.000288	0.000044	0.001508	-0.003619	0.001997
0.076800	0.000288	-0.000201	0.000288	0.000288	-0.000445	-0.000445	0.001997	0.000288	0.002973	-0.003619	0.000532
0.076900	0.000044	-0.001177	-0.001665	0.001020	-0.000689	-0.000201	0.001508	0.000532	0.001508	-0.003374	0.000044
0.077000	0.000044	0.000044	-0.001665	0.001753	-0.001910	0.000044	0.002729	-0.000445	0.001020	-0.003619	0.000288
0.077100	0.000044	-0.000689	-0.000201	0.001753	-0.002642	0.000532	0.002241	-0.000201	0.000044	-0.003619	-0.000201
0.077200	-0.000689	-0.000689	0.001508	0.002241	-0.001910	0.000532	0.002729	-0.000201	0.001508	-0.004351	-0.001421
0.077300	0.000532	0.000044	0.000532	0.001997	0.000044	-0.001177	0.001508	0.000044	0.001753	-0.003130	-0.001421
0.077400	0.000288	0.000044	0.000532	0.001753	0.000776	-0.001421	0.001264	-0.000689	0.001264	-0.003619	0.000044
0.077500	0.000532	0.000776	0.000776	0.002485	0.001508	-0.000689	0.001020	0.000044	0.002485	-0.003863	0.000044
0.077600	0.002973	0.001264	0.001508	0.001997	0.001997	-0.002642	-0.000201	-0.000201	0.002729	-0.004351	-0.000201
0.077700	0.003217	0.001508	0.001264	0.001997	0.003462	-0.004107	0.000288	0.000532	0.003462	-0.003374	0.000776
0.077800	0.004194	0.001264	0.000776	0.002241	0.004926	-0.004107	0.000532	0.000288	0.003462	-0.001421	0.000776
0.077900	0.004682	0.002241	0.001753	0.002241	0.004194	-0.001177	0.001020	0.001508	0.003217	-0.001910	0.002241
0.078000	0.004194	0.002973	0.002485	0.002973	0.003217	-0.000201	0.001020	0.001264	0.004926	0.000776	0.002973
0.078100	0.003950	0.003462	0.002485	0.002729	0.002485	0.000044	0.002241	0.001264	0.003217	0.001508	0.001264
0.078200	0.002973	0.002729	0.002973	0.002241	0.002485	-0.000201	0.003462	0.002241	0.003950	-0.000201	0.001753
0.078300	0.002241	0.001997	0.002485	0.002973	0.001753	0.001264	0.003950	0.001997	0.001997	-0.001177	0.001264
0.078400	0.001264	0.001508	0.001753	0.004438	0.000776	0.002485	0.004194	0.000044	0.002973	-0.000201	0.002241
0.078500	0.001508	0.001020	0.003217	0.003950	0.000532	0.003462	0.003950	-0.000201	0.003462	-0.000689	0.000288
0.078600	0.001997	0.001264	0.003217	0.004194	0.001753	0.001264	0.003950	0.001753	0.003950	0.000044	0.000532
0.078700	0.003217	0.002241	0.002973	0.003462	0.002241	0.000288	0.004438	0.001508	0.004194	-0.000689	0.000532
0.078800	0.004194	0.002485	0.002973	0.003462	0.002973	0.001020	0.003217	0.001264	0.004926	-0.000689	0.001997
0.078900	0.003462	0.003217	0.001997	0.003217	0.001997	0.000288	0.002241	0.001508	0.004926	0.000288	0.002729
0.079000	0.004682	0.003217	0.002241	0.002973	0.003217	-0.000445	0.001020	0.002485	0.003462	0.001020	0.003217
0.079100	0.005171	0.002241	0.001997	0.001264	0.003217	-0.000445	0.001508	0.002729	0.002973	-0.000689	0.002973
0.079200	0.004926	0.002485	0.001753	0.001264	0.002729	-0.001177	0.001020	0.001997	0.004926	-0.001421	0.002973
0.079300	0.001997	0.001997	0.001264	0.000532	0.001753	-0.000689	0.000288	0.001020	0.003462	-0.002398	0.002485
0.079400	-0.000201	-0.000201	0.001753	0.000044	0.000288	0.001508	0.000532	0.000288	0.001020	-0.002886	0.001264
0.079500	0.000532	-0.002398	0.001020	-0.000689	-0.000689	0.001508	0.001264	0.000532	-0.000201	-0.002642	0.000288
0.079600	0.001264	-0.002642	0.001508	-0.000201	-0.001177	0.001264	0.001997	-0.001177	0.000532	-0.003863	0.000044
0.079700	-0.001665	-0.002398	0.000288	-0.000201	-0.001910	0.001753	0.002241	-0.001665	0.002729	-0.003374	-0.001177
0.079800	-0.002398	-0.002886	-0.000445	0.001020	-0.002398	0.001020	0.002241	-0.001421	0.003217	-0.002886	-0.002642
0.079900	-0.001910	-0.004595	-0.000689	0.000044	-0.002886	-0.000201	0.002729	-0.001421	0.002973	-0.003374	-0.001665
0.080000	-0.000201	-0.003130	-0.000445	0.000532	-0.003374	-0.001421	0.000776	-0.001421	0.002485	-0.002886	0.000288
0.080100	0.000288	0.000288	0.000044	-0.000689	-0.003374	-0.002154	0.001020	-0.001421	0.002241	-0.003619	0.001753
0.080200	0.000288	-0.000689	-0.001177	-0.001177	-0.003863	-0.003374	-0.002154	-0.001910	0.001753	-0.002886	0.000044
0.080300	-0.000201	-0.002154	-0.001421	-0.002154	-0.003863	-0.004107	-0.002398	-0.001910	0.000288	-0.005816	-0.001910
0.080400	-0.000445	-0.003374	-0.001421	-0.004351	-0.003863	-0.003863	-0.004351	-0.001421	-0.000689	-0.006792	-0.000445
0.080500	-0.001177	-0.003130	-0.001421	-0.005328	-0.004595	-0.004107	-0.006060	-0.003374	-0.002886	-0.009722	-0.000201
0.080600	-0.002642	-0.003374	-0.002642	-0.005816	-0.006304	-0.004351	-0.008013	-0.004839	-0.004351	-0.009722	-0.001910
0.080700	-0.004839	-0.006792	-0.004351	-0.006548	-0.008013	-0.004107	-0.007281	-0.006548	-0.004351	-0.009966	-0.004595
0.080800	-0.006548	-0.009234	-0.005083	-0.006792	-0.007769	-0.003130	-0.007525	-0.007037	-0.004595	-0.010943	-0.006060
0.080900	-0.008013	-0.010455	-0.005816	-0.007769	-0.008013	-0.004595	-0.006792	-0.008013	-0.004351	-0.011920	-0.006792
0.081000	-0.008257	-0.010455	-0.006792	-0.008013	-0.008990	-0.006304	-0.005083	-0.007769	-0.005083	-0.010699	-0.006304
0.081100	-0.008746	-0.009478	-0.007769	-0.007769	-0.010699	-0.008013	-0.005328	-0.008990	-0.004351	-0.010455	-0.007525
0.081200	-0.008501	-0.010699	-0.008257	-0.007281	-0.011431	-0.008501	-0.006060	-0.008990	-0.005328	-0.010699	-0.007525
0.081300	-0.007769	-0.010699	-0.008257	-0.006548	-0.010943	-0.008013	-0.009966	-0.009966	-0.005816	-0.012652	-0.007525
0.081400	-0.007769	-0.009722	-0.007281	-0.006792	-0.010943	-0.008990	-0.009966	-0.009234	-0.007525	-0.012652	-0.008013
0.081500	-0.006792	-0.008013	-0.007525	-0.008013	-0.010455	-0.010943	-0.010699	-0.008746	-0.007525	-0.012164	-0.008013
0.081600	-0.007281	-0.007281	-0.008013	-0.008013	-0.008990	-0.011187	-0.009478	-0.009478	-0.008257	-0.011431	-0.008990
0.081700	-0.007769	-0.007525	-0.008746	-0.007525	-0.008501	-0.008990	-0.009722	-0.010699	-0.008257	-0.012896	-0.010455
0.081800	-0.007525	-0.007769	-0.008990	-0.006304	-0.008013	-0.009234	-0.010943	-0.010455	-0.007769	-0.013384	-0.011431
0.081900	-0.007525	-0.008501	-0.009966	-0.008257	-0.007525	-0.010699	-0.009478	-0.009234	-0.007525	-0.011675	-0.011187
0.082000	-0.007769	-0.009478	-0.009478	-0.009722	-0.007281	-0.009966	-0.008257	-0.007769	-0.008013	-0.009966	-0.011187
0.082100	-0.007525	-0.009966	-0.009722	-0.007769	-0.006060	-0.009722	-0.006304	-0.008257	-0.005816	-0.009234	-0.010699
0.082200	-0.007525	-0.010455	-0.008501	-0.005083	-0.005816	-0.010455	-0.006060	-0.008990	-0.004351	-0.009234	-0.009478
0.082300	-0.007281	-0.008746	-0.008990	-0.003374	-0.004839	-0.008990	-0.004839	-0.008013	-0.003863	-0.008501	-0.008257
0.082400	-0.004351	-0.007281	-0.008257	-0.003619	-0.004595	-0.007769	-0.004351	-0.005328	-0.005083	-0.006792	-0.007281
0.082500	-0.003130	-0.006060	-0.006304	-0.002886	-0.002886	-0.006548	-0.002154	-0.004595	-0.002154	-0.005816	-0.006792
0.082600	-0.002886	-0.004351	-0.004595	-0.001421	-0.002642	-0.006304	-0.001177	-0.003863	0.000044	-0.004839	-0.005328
0.082700	-0.002154	-0.003130	-0.002886	0.001264	-0.001910	-0.003863	-0.000689	-0.003863	0.000044	-0.003619	-0.005328
0.082800	-0.000689	-0.002398	-0.001421	0.001264	-0.000445	-0.004107	0.000044	-0.002886	-0.000445	-0.003130	-0.003619
0.082900	0.001020	-0.000689	-0.001421	0.001264	0.000288	-0.003863	0.000532	-0.001177	-0.000201	-0.002642	-0.002886
0.083000	0.001508	0.001264	-0.001665	0.001264	0.000776	-0.002398	0.001753	0.000044	0.001508	-0.000689	-0.002154
0.083100	0.000776	0.001508	-0.000445	0.001997	0.001508	-0.002642	0.001997	-0.000445	0.002973	-0.000689	-0.003130
0.083200	0.000288	0.000288	-0.000201	0.001753	0.002241	-0.002642	0.001508	0.000532	0.002729	-0.000445	-0.001665
0.083300	0.001508	0.000532	-0.000689	0.001997	0.002485	-0.002398	0.001753	0.001997	0.003462	0.000044	0.000288
0.083400	0.002973	0.000776	-0.000445	0.002241	0.001997	-0.002154	0.001264	0.002485	0.004194	0.001264	0.001997
0.083500	0.003217	0.001997	0.001020	0.002485	0.001264	-0.001177	0.001997	0.002729	0.005171	0.001753	0.002485
0.083600	0.002485	0.001508	0.001508	0.003217	0.001508	-0.000445	0.003217	0.003950	0.004926	0.002973	0.002241
0.083700	0.001997	0.001508	0.002241	0.002973	0.001753	0.001264	0.003950	0.003462	0.005415	0.002729	0.001997
0.083800	0.002973	0.002241	0.001997	0.003462	0.002485	0.001753	0.004682	0.002973	0.005171	0.002241	0.003217
0.083900	0.004194	0.002485	0.002973	0.002973	0.001020	0.002485	0.005171	0.002485	0.004926	0.001997	0.002241
0.084000	0.003217	0.002485	0.003217	0.003462	-0.000201	0.002241	0.005171	0.002241	0.004682	0.002973	0.002241
0.084100	0.003462	0.002485	0.002973	0.002729	0.000288	0.001753	0.004438	0.001753	0.003217	0.002241	0.001020
0.084200	0.002973	0.001753	0.002241	0.002241	0.002241	-0.000201	0.002485	0.000532	0.002729	0.000532	0.001753
0.084300	0.001508	0.001997	0.001508	0.001997	0.001020	0.001508	0.002241	0.000776	0.003217	0.000044	0.001997
0.084400	0.001264	0.001508	0.001753	0.001753	-0.000445	-0.000201	0.001997	0.002241	0.003950	0.001020	0.001997
0.084500	0.001508	0.001508	0.001264	0.000776	-0.000445	0.000044	0.001997	0.001997	0.003462	0.000776	0.001264
0.084600	0.001753	0.000776	0.000776	0.001020	0.001020	-0.001665	0.000288	0.002729	0.002729	-0.000201	0.002241
0.084700	0.002241	0.000776	0.001264	0.001264	0.000776	-0.001665	-0.001665	0.001508	0.001997	-0.001665	0.002485
0.084800	0.001997	-0.001177	0.000288	-0.000445	-0.000201	-0.001421	-0.001421	0.001997	0.001997	-0.000689	0.002729
0.084900	0.001508	0.000044	0.001020	-0.001177	-0.000445	-0.000201	0.000044	0.001020	0.001508	0.000288	0.002241
0.085000	0.001020	-0.000689	0.000532	0.000288	0.000532	-0.000201	0.001997	0.001264	0.001264	-0.000689	0.001020
0.085100	0.001020	-0.000689	0.000532	0.001753	0.001508	-0.000689	0.001753	-0.000201	0.001997	-0.000201	0.000776
0.085200	0.000532	-0.001421	-0.000445	0.002241	0.001508	-0.000201	0.002241	0.000288	0.001264	-0.001665	0.000288
0.085300	-0.000445	0.000288	0.000288	0.001020	0.000776	-0.000201	0.003950	0.000776	0.001264	-0.001177	-0.000445
0.085400	0.000044	-0.000689	0.000044	0.001753	0.000044	-0.000201	0.004926	0.001997	0.002241	-0.001665	-0.001421
0.085500	0.001508	0.000044	0.000288	0.001997	0.000288	-0.000201	0.003462	-0.000201	0.002973	-0.000689	-0.001421
0.085600	0.001997	0.000532	0.000288	0.002729	0.001020	-0.000201	0.004682	0.001264	0.003462	-0.000201	0.000532
0.085700	0.002485	0.001508	0.001020	0.002485	0.000288	-0.000689	0.003217	0.002485	0.005171	0.000044	0.001508
0.085800	0.001997	0.001508	0.001753	0.002241	0.001508	-0.001177	0.003950	0.003950	0.004438	0.000044	0.002485
0.085900	0.002729	0.002241	0.001508	0.002729	0.002973	-0.001177	0.001997	0.004194	0.003462	-0.000201	0.002973
0.086000	0.002973	0.002729	0.001997	0.003217	0.003950	-0.000445	0.002973	0.003462	0.003217	-0.000445	0.003462
0.086100	0.004194	0.003217	0.001508	0.002241	0.004926	-0.000201	0.002973	0.002973	0.003217	-0.000201	0.002973
0.086200	0.004682	0.004194	0.001508	0.002973	0.004438	0.000044	0.002729	0.004194	0.004194	0.000288	0.001997
0.086300	0.005415	0.003217	0.001997	0.003950	0.003462	-0.000445	0.004682	0.004194	0.004926	0.000044	0.001508
0.086400	0.005171	0.001997	0.003950	0.004194	0.004194	0.000532	0.004926	0.002973	0.004194	0.000044	0.001753
0.086500	0.005171	0.002485	0.004438	0.004682	0.004194	0.002241	0.004926	0.002973	0.004682	-0.000689	0.001753
0.086600	0.005171	0.001264	0.003217	0.005415	0.003462	0.004194	0.006147	0.002973	0.004438	0.000532	0.001264
0.086700	0.005415	0.001997	0.001997	0.005903	0.003217	0.003462	0.007856	0.002729	0.006147	0.001997	0.001264
0.086800	0.005659	0.001508	0.003217	0.006880	0.002973	0.003950	0.007368	0.004926	0.006635	0.001753	0.002485
0.086900	0.004926	0.002973	0.005415	0.007856	0.003462	0.003217	0.006880	0.005415	0.007612	0.002973	0.004194
0.087000	0.005415	0.004438	0.005903	0.006635	0.004438	0.003950	0.006391	0.006147	0.006147	0.002973	0.004926
0.087100	0.005903	0.006391	0.003950	0.006391	0.005171	0.003217	0.004926	0.007124	0.005903	0.002729	0.004926
0.087200	0.006147	0.005415	0.003217	0.006391	0.004926	0.001997	0.004438	0.006635	0.005415	0.001264	0.004194
0.087300	0.006147	0.005415	0.003462	0.004926	0.003217	0.003217	0.003462	0.006147	0.005659	0.000776	0.004438
0.087400	0.006391	0.004926	0.005659	0.004926	0.002729	0.002485	0.003217	0.006147	0.004926	-0.000445	0.004438
0.087500	0.005171	0.004438	0.004682	0.002729	0.003217	0.002241	0.002973	0.004926	0.004438	-0.002886	0.003217
0.087600	0.003950	0.002241	0.002973	0.002729	0.002973	0.002729	0.001508	0.004438	0.002729	-0.002886	0.003950
0.087700	0.002973	-0.000201	0.002241	0.001508	0.001020	0.004682	0.002973	0.003217	0.002485	-0.002886	0.002241
0.087800	0.002485	-0.001665	0.001997	0.001508	0.000044	0.004926	0.001997	0.002241	0.003217	-0.002642	0.001020
0.087900	0.001508	-0.001910	0.001508	0.002485	-0.000689	0.002485	0.002729	0.001753	0.003950	-0.000689	0.001020
0.088000	0.000776	-0.002154	0.001753	0.001753	0.000044	0.001020	0.003462	0.002485	0.002973	-0.001177	0.001753
0.088100	0.000044	-0.001665	0.000776	0.001508	-0.000445	0.001753	0.003950	0.001997	0.003217	0.000044	0.001753
0.088200	-0.000689	-0.000445	0.000532	0.001753	-0.001665	0.001997	0.002485	0.001264	0.002241	-0.001177	0.001997
0.088300	0.000044	-0.000689	0.000288	0.000288	-0.002154	0.000776	0.001264	0.001020	0.001753	-0.001421	0.001997
0.088400	0.000044	-0.001910	-0.000201	-0.001910	-0.003374	-0.001421	0.000044	0.000288	-0.000445	-0.002886	-0.000445
0.088500	-0.000201	-0.001421	-0.001177	-0.002886	-0.003619	-0.001910	-0.000445	0.000288	-0.001177	-0.003374	-0.000445
0.088600	-0.000445	-0.002154	-0.001910	-0.002642	-0.004595	-0.001910	-0.003619	-0.001665	-0.002398	-0.004351	-0.001665
0.088700	-0.002642	-0.002886	-0.002398	-0.004351	-0.004839	-0.000689	-0.003863	-0.002154	-0.003130	-0.006304	-0.001665
0.088800	-0.003374	-0.005083	-0.002886	-0.004351	-0.004839	-0.001910	-0.003863	-0.002642	-0.005328	-0.006792	-0.002642
0.088900	-0.003863	-0.006304	-0.003619	-0.005328	-0.003130	-0.003374	-0.004595	-0.003374	-0.004595	-0.006792	-0.003863
0.089000	-0.004839	-0.007525	-0.005328	-0.005083	-0.004839	-0.003374	-0.004595	-0.003863	-0.003374	-0.007037	-0.005328
0.089100	-0.006060	-0.007525	-0.006548	-0.006060	-0.005328	-0.003863	-0.004107	-0.004595	-0.002886	-0.007281	-0.005328
0.089200	-0.005083	-0.008990	-0.006304	-0.005328	-0.006060	-0.003863	-0.003374	-0.004839	-0.004351	-0.007037	-0.005328
0.089300	-0.003863	-0.008013	-0.004839	-0.006304	-0.006548	-0.004351	-0.004351	-0.005816	-0.004839	-0.007037	-0.005328
0.089400	-0.003374	-0.008257	-0.006060	-0.006548	-0.007769	-0.004839	-0.003130	-0.005083	-0.004107	-0.006792	-0.005328
0.089500	-0.005328	-0.007525	-0.005328	-0.006304	-0.008501	-0.004107	-0.004595	-0.005816	-0.003619	-0.007037	-0.005816
0.089600	-0.007525	-0.008746	-0.007037	-0.004839	-0.008501	-0.004351	-0.003863	-0.006792	-0.004595	-0.006792	-0.008013
0.089700	-0.005328	-0.008501	-0.007281	-0.006060	-0.008990	-0.004839	-0.005328	-0.007037	-0.007037	-0.007769	-0.008257
0.089800	-0.004839	-0.006304	-0.006792	-0.006304	-0.008013	-0.005816	-0.006548	-0.007769	-0.008501	-0.009234	-0.007281
0.089900	-0.004839	-0.006304	-0.006548	-0.007037	-0.008501	-0.007281	-0.007281	-0.007037	-0.006548	-0.010699	-0.009478
0.090000	-0.007037	-0.007281	-0.008257	-0.007525	-0.008257	-0.008013	-0.008013	-0.006792	-0.007037	-0.010699	-0.011920
0.090100	-0.007769	-0.008990	-0.009234	-0.008501	-0.007525	-0.008013	-0.007769	-0.006304	-0.007525	-0.009722	-0.011187
0.090200	-0.007281	-0.009722	-0.008257	-0.007525	-0.007769	-0.008746	-0.008257	-0.006548	-0.007769	-0.010455	-0.009722
0.090300	-0.006792	-0.008257	-0.008257	-0.008501	-0.007769	-0.008990	-0.007037	-0.007281	-0.007037	-0.009966	-0.008501
0.090400	-0.007281	-0.009234	-0.008501	-0.008257	-0.008746	-0.009234	-0.008257	-0.008013	-0.006548	-0.010699	-0.008501
0.090500	-0.007769	-0.010943	-0.008501	-0.008746	-0.008257	-0.007281	-0.007037	-0.007769	-0.006304	-0.010455	-0.009234
0.090600	-0.007769	-0.012164	-0.008013	-0.008746	-0.008257	-0.007525	-0.007037	-0.007769	-0.007037	-0.010943	-0.009234
0.090700	-0.007281	-0.010943	-0.008013	-0.007281	-0.008746	-0.007281	-0.007037	-0.008990	-0.007037	-0.010943	-0.007769
0.090800	-0.007281	-0.009966	-0.008257	-0.007281	-0.010455	-0.008501	-0.006548	-0.009966	-0.007525	-0.009234	-0.008746
0.090900	-0.007769	-0.010455	-0.008501	-0.007037	-0.009966	-0.008257	-0.005328	-0.008990	-0.007281	-0.009234	-0.010455
0.091000	-0.008501	-0.010943	-0.008990	-0.007281	-0.010455	-0.008257	-0.006792	-0.008990	-0.007769	-0.010699	-0.011187
0.091100	-0.008257	-0.009966	-0.008257	-0.007769	-0.008501	-0.007525	-0.008501	-0.008501	-0.008257	-0.012652	-0.010943
0.091200	-0.008746	-0.009478	-0.009234	-0.008257	-0.009234	-0.009234	-0.007769	-0.008746	-0.008013	-0.012408	-0.010699
0.091300	-0.009478	-0.008990	-0.009234	-0.010943	-0.009234	-0.010455	-0.007037	-0.008990	-0.007769	-0.011431	-0.010699
0.091400	-0.009966	-0.009234	-0.009966	-0.010699	-0.008746	-0.010943	-0.007281	-0.009234	-0.008501	-0.010943	-0.011431
0.091500	-0.010699	-0.009966	-0.008990	-0.009966	-0.008746	-0.010455	-0.009234	-0.010455	-0.008257	-0.012408	-0.010699
0.091600	-0.009966	-0.011675	-0.008746	-0.010455	-0.009478	-0.010699	-0.011920	-0.010943	-0.008501	-0.012652	-0.009478
0.091700	-0.010943	-0.011187	-0.009478	-0.012164	-0.009722	-0.009722	-0.009966	-0.008990	-0.008746	-0.011675	-0.009722
0.091800	-0.011431	-0.012164	-0.009478	-0.012408	-0.009234	-0.010455	-0.009234	-0.009478	-0.009234	-0.011920	-0.008990
0.091900	-0.011675	-0.012164	-0.009966	-0.011920	-0.009966	-0.009722	-0.009722	-0.010943	-0.007769	-0.012164	-0.009966
0.092000	-0.010699	-0.013384	-0.010943	-0.010455	-0.010455	-0.009478	-0.010455	-0.012652	-0.008501	-0.013140	-0.011187
0.092100	-0.010699	-0.013629	-0.010699	-0.011187	-0.009722	-0.010455	-0.009478	-0.011431	-0.009966	-0.012896	-0.011187
0.092200	-0.009722	-0.013629	-0.011187	-0.011675	-0.010943	-0.010699	-0.008257	-0.010699	-0.009722	-0.013629	-0.012164
0.092300	-0.009722	-0.012652	-0.010699	-0.011431	-0.010699	-0.010943	-0.006792	-0.009966	-0.008257	-0.013140	-0.012408
0.092400	-0.012652	-0.012164	-0.011187	-0.009478	-0.010699	-0.010699	-0.007525	-0.011675	-0.009234	-0.012408	-0.012164
0.092500	-0.012896	-0.010943	-0.009966	-0.009234	-0.009234	-0.010699	-0.007769	-0.011187	-0.008501	-0.012652	-0.012408
0.092600	-0.012164	-0.010699	-0.010699	-0.010455	-0.009234	-0.011431	-0.008990	-0.010943	-0.010455	-0.012896	-0.011920
0.092700	-0.010943	-0.008746	-0.010699	-0.011920	-0.008746	-0.011431	-0.008257	-0.008746	-0.008746	-0.012408	-0.010943
0.092800	-0.010699	-0.008746	-0.010455	-0.010699	-0.008013	-0.011675	-0.008746	-0.008501	-0.007525	-0.010455	-0.011187
0.092900	-0.010699	-0.008257	-0.009722	-0.010455	-0.008990	-0.010699	-0.009478	-0.009478	-0.006792	-0.011920	-0.011187
0.093000	-0.009234	-0.009234	-0.009966	-0.011187	-0.009234	-0.010455	-0.011187	-0.008990	-0.008013	-0.012896	-0.010699
0.093100	-0.008990	-0.009234	-0.010699	-0.011920	-0.008746	-0.009966	-0.009722	-0.007769	-0.008013	-0.014605	-0.008990
0.093200	-0.008746	-0.009478	-0.010943	-0.011675	-0.008746	-0.009722	-0.008990	-0.008013	-0.007525	-0.012408	-0.008990
0.093300	-0.008746	-0.008746	-0.010699	-0.010943	-0.009234	-0.008990	-0.007769	-0.008257	-0.006548	-0.014605	-0.011187
0.093400	-0.009234	-0.011675	-0.008746	-0.009722	-0.009966	-0.009234	-0.007769	-0.009722	-0.007037	-0.013140	-0.012896
0.093500	-0.009234	-0.011431	-0.008990	-0.009722	-0.009722	-0.008501	-0.007281	-0.010699	-0.007769	-0.013384	-0.011675
0.093600	-0.009722	-0.011431	-0.009234	-0.008257	-0.008990	-0.008746	-0.006304	-0.009478	-0.008257	-0.012896	-0.010699
0.093700	-0.009722	-0.010943	-0.009478	-0.009234	-0.010455	-0.008257	-0.005816	-0.009478	-0.008746	-0.012652	-0.011431
0.093800	-0.009966	-0.008746	-0.009478	-0.008501	-0.009966	-0.008746	-0.006304	-0.009234	-0.007769	-0.011675	-0.011675
0.093900	-0.009234	-0.008013	-0.010455	-0.009722	-0.008257	-0.009966	-0.006548	-0.008257	-0.008013	-0.012652	-0.011920
0.094000	-0.009478	-0.008257	-0.009722	-0.009722	-0.008501	-0.010455	-0.007037	-0.007769	-0.007037	-0.011920	-0.009722
0.094100	-0.008746	-0.007037	-0.009722	-0.010943	-0.009722	-0.010943	-0.008990	-0.007037	-0.007281	-0.010699	-0.009478
0.094200	-0.009722	-0.007769	-0.009234	-0.011187	-0.011431	-0.009966	-0.010455	-0.007281	-0.008013	-0.011187	-0.009722
0.094300	-0.009722	-0.007281	-0.010455	-0.012164	-0.010699	-0.008990	-0.010699	-0.008990	-0.009234	-0.011920	-0.009966
0.094400	-0.010455	-0.008990	-0.011187	-0.010699	-0.008746	-0.008746	-0.011431	-0.009234	-0.009722	-0.015338	-0.010699
0.094500	-0.009478	-0.008746	-0.011431	-0.011187	-0.008501	-0.009478	-0.010699	-0.009478	-0.009234	-0.013873	-0.010699
0.094600	-0.009722	-0.010455	-0.010455	-0.010699	-0.009722	-0.008013	-0.008501	-0.009722	-0.009478	-0.013629	-0.011920
0.094700	-0.009966	-0.011187	-0.009966	-0.011187	-0.009966	-0.007769	-0.006792	-0.009966	-0.008990	-0.013384	-0.012652
0.094800	-0.009966	-0.012408	-0.009966	-0.008501	-0.008257	-0.008013	-0.005816	-0.010455	-0.009478	-0.012652	-0.011675
0.094900	-0.009234	-0.012408	-0.009966	-0.008013	-0.006548	-0.008990	-0.006304	-0.011431	-0.008746	-0.012896	-0.012652
0.095000	-0.009478	-0.011431	-0.010455	-0.007281	-0.006792	-0.009234	-0.005083	-0.010455	-0.008990	-0.010455	-0.011675
0.095100	-0.008013	-0.009478	-0.010455	-0.008501	-0.007037	-0.008990	-0.004107	-0.008746	-0.007769	-0.010455	-0.011675
0.095200	-0.008013	-0.008990	-0.008990	-0.008013	-0.008013	-0.009722	-0.004595	-0.008013	-0.006792	-0.008501	-0.010455
0.095300	-0.008257	-0.007525	-0.009234	-0.007525	-0.007769	-0.008990	-0.006060	-0.007769	-0.006792	-0.010699	-0.009966
0.095400	-0.008257	-0.007037	-0.008013	-0.006792	-0.006792	-0.008013	-0.006304	-0.007281	-0.006548	-0.009478	-0.008257
0.095500	-0.008990	-0.006060	-0.009234	-0.008013	-0.007037	-0.007281	-0.006548	-0.005328	-0.006060	-0.009478	-0.008013
0.095600	-0.009478	-0.006792	-0.008746	-0.007281	-0.007769	-0.006792	-0.007037	-0.004839	-0.006548	-0.009966	-0.008013
0.095700	-0.008013	-0.005816	-0.008990	-0.007769	-0.007525	-0.005816	-0.006792	-0.005328	-0.006792	-0.009478	-0.008746
0.095800	-0.007769	-0.007281	-0.008013	-0.008501	-0.006304	-0.005328	-0.006792	-0.006304	-0.006548	-0.009478	-0.007769
0.095900	-0.008013	-0.007769	-0.008013	-0.008990	-0.006060	-0.004839	-0.005816	-0.007037	-0.006792	-0.009722	-0.008501
0.096000	-0.008990	-0.008990	-0.008257	-0.008746	-0.005328	-0.004839	-0.005083	-0.005816	-0.007281	-0.009478	-0.008746
0.096100	-0.008501	-0.009966	-0.008746	-0.008257	-0.006304	-0.005083	-0.004107	-0.008013	-0.007525	-0.008501	-0.009722
0.096200	-0.007769	-0.009722	-0.008501	-0.007281	-0.007037	-0.006548	-0.003619	-0.007769	-0.007281	-0.007769	-0.008990
0.096300	-0.007281	-0.008746	-0.008013	-0.006792	-0.007281	-0.006548	-0.003619	-0.008257	-0.006304	-0.007769	-0.008501
0.096400	-0.007281	-0.008501	-0.008501	-0.006060	-0.007769	-0.007037	-0.002398	-0.007525	-0.006060	-0.008501	-0.008257
0.096500	-0.007037	-0.008013	-0.008013	-0.005328	-0.007281	-0.006792	-0.001421	-0.006060	-0.004839	-0.007037	-0.007037
0.096600	-0.006060	-0.008013	-0.006792	-0.004595	-0.007281	-0.006792	-0.003863	-0.005083	-0.005816	-0.007525	-0.007037
0.096700	-0.006792	-0.005816	-0.005083	-0.004839	-0.007525	-0.005816	-0.003374	-0.005328	-0.005083	-0.007525	-0.006304
0.096800	-0.006548	-0.005083	-0.006548	-0.005328	-0.006792	-0.005328	-0.004351	-0.004839	-0.006060	-0.007525	-0.007281
0.096900	-0.007037	-0.004351	-0.008013	-0.006792	-0.006304	-0.004595	-0.005083	-0.004351	-0.006304	-0.007769	-0.008257
0.097000	-0.006792	-0.005816	-0.007525	-0.008257	-0.006548	-0.004595	-0.006060	-0.005328	-0.006792	-0.012896	-0.007769
0.097100	-0.006548	-0.006792	-0.006060	-0.008013	-0.008013	-0.004351	-0.005816	-0.006060	-0.006548	-0.010943	-0.008013
0.097200	-0.007037	-0.007525	-0.006792	-0.008257	-0.007769	-0.005816	-0.006304	-0.006304	-0.007769	-0.010699	-0.008501
0.097300	-0.007037	-0.008013	-0.008746	-0.008501	-0.006304	-0.006304	-0.005816	-0.006792	-0.008013	-0.009478	-0.008013
0.097400	-0.006792	-0.009234	-0.009966	-0.007769	-0.006548	-0.008013	-0.004839	-0.007037	-0.008013	-0.008257	-0.008501
0.097500	-0.006792	-0.008990	-0.008990	-0.007037	-0.007769	-0.006304	-0.003619	-0.007037	-0.006304	-0.007769	-0.009234
0.097600	-0.005083	-0.008746	-0.006792	-0.006548	-0.007525	-0.007037	-0.004107	-0.007037	-0.005083	-0.008501	-0.008501
0.097700	-0.005083	-0.008013	-0.006548	-0.005328	-0.006304	-0.008746	-0.003130	-0.007037	-0.005328	-0.008257	-0.007769
0.097800	-0.004595	-0.007525	-0.007281	-0.004839	-0.006060	-0.008257	-0.002886	-0.006548	-0.005328	-0.008257	-0.008013
0.097900	-0.004595	-0.006548	-0.007769	-0.004351	-0.006792	-0.004839	-0.003619	-0.005816	-0.005816	-0.007769	-0.007037
0.098000	-0.005083	-0.006304	-0.006792	-0.003863	-0.007037	-0.003863	-0.003863	-0.005328	-0.004351	-0.007525	-0.007769
0.098100	-0.006060	-0.004351	-0.006060	-0.004107	-0.008013	-0.004107	-0.004351	-0.005083	-0.004839	-0.008257	-0.007769
0.098200	-0.006060	-0.005816	-0.006304	-0.005328	-0.005816	-0.006304	-0.003863	-0.003619	-0.005083	-0.008013	-0.007037
0.098300	-0.007037	-0.006304	-0.006548	-0.006548	-0.007281	-0.005083	-0.004351	-0.004839	-0.005816	-0.009722	-0.007037
0.098400	-0.006304	-0.006792	-0.007281	-0.005816	-0.007281	-0.004107	-0.004839	-0.006060	-0.005083	-0.010455	-0.007037
0.098500	-0.007037	-0.006792	-0.006548	-0.006304	-0.007769	-0.005083	-0.006304	-0.006792	-0.006060	-0.009478	-0.006792
0.098600	-0.006792	-0.006792	-0.006792	-0.006792	-0.006304	-0.007525	-0.005816	-0.005816	-0.006304	-0.011187	-0.006792
0.098700	-0.006548	-0.008013	-0.006548	-0.007525	-0.006304	-0.008257	-0.005816	-0.006060	-0.004839	-0.010943	-0.007769
0.098800	-0.006792	-0.008990	-0.007281	-0.006792	-0.006304	-0.008257	-0.006304	-0.005328	-0.004351	-0.009478	-0.006792
0.098900	-0.008013	-0.008746	-0.007037	-0.005083	-0.006792	-0.006548	-0.004351	-0.007037	-0.004351	-0.010455	-0.007281
0.099000	-0.007281	-0.008501	-0.006792	-0.005816	-0.006792	-0.006304	-0.004351	-0.006548	-0.005816	-0.009478	-0.007281
0.099100	-0.005083	-0.008257	-0.006548	-0.006304	-0.007281	-0.006792	-0.003619	-0.006548	-0.005816	-0.008990	-0.007281
0.099200	-0.006304	-0.008501	-0.006792	-0.006548	-0.008501	-0.006060	-0.003619	-0.007037	-0.004839	-0.010943	-0.007769
0.099300	-0.007525	-0.007525	-0.007281	-0.007281	-0.008990	-0.005328	-0.004839	-0.007525	-0.004107	-0.009722	-0.007037
0.099400	-0.009234	-0.008990	-0.007281	-0.006548	-0.009722	-0.006060	-0.005083	-0.008013	-0.005328	-0.011431	-0.008013
0.099500	-0.008257	-0.008501	-0.007769	-0.008013	-0.009722	-0.007037	-0.005083	-0.006792	-0.006792	-0.012652	-0.008013
0.099600	-0.007769	-0.008013	-0.007525	-0.008746	-0.008257	-0.008746	-0.007525	-0.007769	-0.006304	-0.012652	-0.007281
0.099700	-0.008990	-0.007037	-0.008746	-0.008746	-0.007525	-0.009234	-0.008257	-0.007769	-0.005816	-0.013873	-0.007525
0.099800	-0.012408	-0.008746	-0.008501	-0.009234	-0.008013	-0.009234	-0.008501	-0.007769	-0.006548	-0.014361	-0.009722
0.099900	-0.010943	-0.010455	-0.008257	-0.009966	-0.008013	-0.009722	-0.008746	-0.008257	-0.007037	-0.012896	-0.009234
0.100000	-0.008990	-0.009478	-0.008013	-0.009234	-0.008990	-0.009966	-0.008501	-0.008013	-0.007281	-0.014117	-0.006792
0.100100	-0.008257	-0.008013	-0.008013	-0.008990	-0.009234	-0.008990	-0.008013	-0.008013	-0.007037	-0.014117	-0.008013
0.100200	-0.008990	-0.009722	-0.008746	-0.008746	-0.008990	-0.008013	-0.007769	-0.008257	-0.007525	-0.013140	-0.009722
0.100300	-0.009966	-0.012164	-0.009966	-0.008990	-0.009234	-0.008013	-0.007525	-0.008746	-0.007525	-0.012652	-0.010943
0.100400	-0.008990	-0.013140	-0.009234	-0.009234	-0.009234	-0.008746	-0.006548	-0.009478	-0.008257	-0.013873	-0.009966
0.100500	-0.009234	-0.012652	-0.009234	-0.008990	-0.010699	-0.008746	-0.005816	-0.010699	-0.006792	-0.013629	-0.009234
0.100600	-0.009234	-0.011675	-0.009966	-0.008746	-0.010943	-0.010943	-0.006304	-0.011187	-0.006304	-0.012164	-0.009722
0.100700	-0.009234	-0.011920	-0.009966	-0.008990	-0.010699	-0.010699	-0.007281	-0.010943	-0.006548	-0.012164	-0.010943
0.100800	-0.009722	-0.011920	-0.009478	-0.008990	-0.008746	-0.008990	-0.007525	-0.009966	-0.006548	-0.015338	-0.010455
0.100900	-0.010699	-0.010455	-0.009234	-0.009478	-0.008013	-0.009478	-0.008746	-0.009234	-0.007525	-0.014117	-0.008990
0.101000	-0.011675	-0.008501	-0.008257	-0.008746	-0.009234	-0.010699	-0.008257	-0.008501	-0.007525	-0.013384	-0.008257
0.101100	-0.011431	-0.008013	-0.008746	-0.008990	-0.009722	-0.010943	-0.007037	-0.008013	-0.007281	-0.013140	-0.009478
0.101200	-0.012164	-0.008501	-0.008746	-0.009478	-0.010699	-0.009722	-0.008990	-0.008257	-0.008257	-0.013873	-0.009722
0.101300	-0.011675	-0.009478	-0.008990	-0.008501	-0.011187	-0.009478	-0.011675	-0.008257	-0.008746	-0.016070	-0.009234
0.101400	-0.010455	-0.009722	-0.009478	-0.008501	-0.011675	-0.009478	-0.011675	-0.009234	-0.010699	-0.017779	-0.009478
0.101500	-0.010699	-0.010455	-0.010943	-0.012652	-0.010455	-0.009234	-0.010455	-0.008746	-0.009722	-0.015338	-0.010699
0.101600	-0.011187	-0.012408	-0.011187	-0.011920	-0.012408	-0.009966	-0.009478	-0.011431	-0.010699	-0.014605	-0.011675
0.101700	-0.011920	-0.012652	-0.011187	-0.011187	-0.012164	-0.008990	-0.009722	-0.013384	-0.008990	-0.015582	-0.012408
0.101800	-0.011431	-0.013629	-0.010699	-0.009966	-0.012652	-0.010943	-0.010943	-0.015093	-0.009722	-0.016314	-0.013140
0.101900	-0.012164	-0.013873	-0.012164	-0.013140	-0.013140	-0.011920	-0.009966	-0.012408	-0.009722	-0.015826	-0.013140
0.102000	-0.012896	-0.013384	-0.011187	-0.013873	-0.012408	-0.012652	-0.010455	-0.011431	-0.010943	-0.014605	-0.012408
0.102100	-0.012652	-0.013140	-0.012164	-0.013140	-0.011920	-0.011675	-0.010699	-0.012652	-0.010455	-0.015826	-0.013140
0.102200	-0.015093	-0.012896	-0.012164	-0.010455	-0.012408	-0.012652	-0.012164	-0.014361	-0.011675	-0.015338	-0.012652
0.102300	-0.015826	-0.011920	-0.012164	-0.011187	-0.012896	-0.013140	-0.012896	-0.013140	-0.012652	-0.017047	-0.013384
0.102400	-0.014605	-0.011187	-0.011431	-0.011431	-0.012896	-0.013384	-0.013140	-0.011187	-0.013384	-0.016802	-0.012896
0.102500	-0.014117	-0.010699	-0.011920	-0.011675	-0.012164	-0.012652	-0.012896	-0.009478	-0.012652	-0.017291	-0.013140
0.102600	-0.014117	-0.010943	-0.012408	-0.010455	-0.012164	-0.011920	-0.013629	-0.011675	-0.012164	-0.016802	-0.012896
0.102700	-0.014605	-0.012164	-0.012652	-0.010943	-0.011920	-0.011675	-0.013384	-0.013140	-0.012652	-0.017291	-0.013873
0.102800	-0.013140	-0.013140	-0.013140	-0.012164	-0.012408	-0.011675	-0.013384	-0.013873	-0.013384	-0.017047	-0.013629
0.102900	-0.012652	-0.013384	-0.012652	-0.013629	-0.011920	-0.012408	-0.012896	-0.013384	-0.012408	-0.016802	-0.014605
0.103000	-0.011431	-0.012408	-0.012652	-0.013140	-0.011920	-0.011920	-0.010943	-0.013629	-0.011431	-0.015582	-0.014117
0.103100	-0.011920	-0.013140	-0.012408	-0.012896	-0.011431	-0.012164	-0.010455	-0.013629	-0.011187	-0.015338	-0.015582
0.103200	-0.012896	-0.014117	-0.012164	-0.012164	-0.011431	-0.011675	-0.009234	-0.013873	-0.010699	-0.014361	-0.014361
0.103300	-0.012896	-0.013140	-0.013384	-0.012408	-0.011431	-0.011920	-0.009966	-0.012896	-0.011675	-0.012896	-0.013140
0.103400	-0.013140	-0.011675	-0.013873	-0.011187	-0.011675	-0.012164	-0.010455	-0.012164	-0.010455	-0.014361	-0.011920
0.103500	-0.012896	-0.010943	-0.011920	-0.011675	-0.011675	-0.013140	-0.010699	-0.011187	-0.009478	-0.012896	-0.012652
0.103600	-0.013140	-0.010455	-0.011187	-0.008990	-0.012164	-0.011675	-0.011431	-0.011431	-0.010699	-0.014117	-0.012408
0.103700	-0.013629	-0.010455	-0.011920	-0.010699	-0.010699	-0.011431	-0.012164	-0.011187	-0.011431	-0.014117	-0.011187
0.103800	-0.012408	-0.010699	-0.012652	-0.010455	-0.010943	-0.011431	-0.012164	-0.010455	-0.011920	-0.014361	-0.010455
0.103900	-0.012652	-0.008746	-0.011431	-0.011920	-0.012164	-0.008990	-0.012164	-0.009966	-0.011187	-0.013629	-0.010943
0.104000	-0.012896	-0.009722	-0.009722	-0.011920	-0.012164	-0.008746	-0.011920	-0.010943	-0.010943	-0.013873	-0.012164
0.104100	-0.013140	-0.010699	-0.010943	-0.012408	-0.011187	-0.010943	-0.011187	-0.011920	-0.010699	-0.014605	-0.013140
0.104200	-0.011431	-0.011431	-0.011431	-0.012896	-0.009478	-0.011431	-0.011675	-0.012164	-0.010699	-0.015826	-0.012652
0.104300	-0.011920	-0.011675	-0.011920	-0.012896	-0.010699	-0.009966	-0.011431	-0.012652	-0.011675	-0.015093	-0.012896
0.104400	-0.011675	-0.012652	-0.012408	-0.012408	-0.012164	-0.010699	-0.009966	-0.011675	-0.011675	-0.012652	-0.012896
0.104500	-0.012164	-0.012164	-0.012408	-0.011675	-0.012164	-0.010455	-0.009966	-0.012896	-0.011431	-0.011431	-0.012408
0.104600	-0.012408	-0.013384	-0.011920	-0.009722	-0.009478	-0.011675	-0.009478	-0.012652	-0.010943	-0.012164	-0.011920
0.104700	-0.011675	-0.012408	-0.011675	-0.008746	-0.009722	-0.011675	-0.010943	-0.012408	-0.009722	-0.012408	-0.011187
0.104800	-0.011431	-0.011187	-0.010699	-0.009234	-0.010699	-0.010699	-0.009478	-0.011920	-0.009966	-0.011431	-0.010699
0.104900	-0.012652	-0.009966	-0.010943	-0.009234	-0.011431	-0.011187	-0.008990	-0.009966	-0.009478	-0.011675	-0.009966
0.105000	-0.010943	-0.009478	-0.011920	-0.009478	-0.010943	-0.009478	-0.008746	-0.010455	-0.009966	-0.012652	-0.009722
0.105100	-0.011920	-0.008013	-0.011920	-0.008990	-0.009722	-0.009478	-0.009478	-0.011431	-0.009966	-0.012896	-0.009966
0.105200	-0.011920	-0.007281	-0.010943	-0.009966	-0.008501	-0.009478	-0.008990	-0.009234	-0.008990	-0.012652	-0.011187
0.105300	-0.010943	-0.008013	-0.009234	-0.011920	-0.009234	-0.009722	-0.008746	-0.007281	-0.009234	-0.012164	-0.010943
0.105400	-0.011431	-0.008257	-0.009234	-0.011187	-0.008746	-0.009722	-0.007769	-0.008990	-0.008990	-0.011431	-0.011431
0.105500	-0.012164	-0.008257	-0.009722	-0.009478	-0.007281	-0.009234	-0.008501	-0.009722	-0.009966	-0.011431	-0.011675
0.105600	-0.010455	-0.008013	-0.009966	-0.008990	-0.006792	-0.009234	-0.008257	-0.011187	-0.009478	-0.011187	-0.012164
0.105700	-0.009722	-0.008257	-0.009234	-0.008990	-0.006548	-0.008746	-0.008257	-0.010943	-0.008257	-0.009478	-0.011920
0.105800	-0.009478	-0.009478	-0.008990	-0.008257	-0.007281	-0.009234	-0.008501	-0.009234	-0.008501	-0.007769	-0.011187
0.105900	-0.008257	-0.008746	-0.007769	-0.006548	-0.006792	-0.009966	-0.007037	-0.009722	-0.007769	-0.007525	-0.009234
0.106000	-0.007769	-0.008501	-0.008257	-0.005816	-0.006548	-0.009234	-0.006548	-0.009722	-0.006792	-0.007525	-0.008746
0.106100	-0.007037	-0.007281	-0.007525	-0.005083	-0.006060	-0.008013	-0.005816	-0.007769	-0.006548	-0.007525	-0.007281
0.106200	-0.008746	-0.006060	-0.008013	-0.006060	-0.006548	-0.008501	-0.005083	-0.007525	-0.006060	-0.006792	-0.007037
0.106300	-0.007525	-0.005328	-0.007525	-0.005816	-0.006304	-0.007525	-0.004351	-0.007037	-0.005816	-0.007037	-0.007525
0.106400	-0.007281	-0.005816	-0.005083	-0.005083	-0.006060	-0.008013	-0.005328	-0.006792	-0.003374	-0.007037	-0.007525
0.106500	-0.008257	-0.002886	-0.004351	-0.005328	-0.004595	-0.006792	-0.005083	-0.005083	-0.003374	-0.007769	-0.007037
0.106600	-0.006304	-0.002398	-0.005328	-0.005328	-0.003374	-0.007769	-0.004351	-0.004351	-0.004107	-0.006792	-0.006792
0.106700	-0.006792	-0.001421	-0.006060	-0.004595	-0.001665	-0.005328	-0.004107	-0.002886	-0.004107	-0.006548	-0.007281
0.106800	-0.006792	-0.002642	-0.004107	-0.004351	-0.001910	-0.004107	-0.004839	-0.003863	-0.002886	-0.006304	-0.006548
0.106900	-0.005083	-0.003863	-0.001665	-0.003619	-0.002154	-0.004839	-0.004351	-0.003619	-0.002886	-0.004839	-0.005816
0.107000	-0.004351	-0.003619	-0.001910	-0.003863	-0.001910	-0.004351	-0.004107	-0.003863	-0.002398	-0.005083	-0.005083
0.107100	-0.004107	-0.003374	-0.003130	-0.003619	-0.002886	-0.005083	-0.003374	-0.003130	-0.002642	-0.003619	-0.004839
0.107200	-0.003374	-0.004351	-0.003130	-0.003863	-0.004107	-0.003863	-0.002886	-0.003619	-0.002642	-0.004107	-0.004595
0.107300	-0.003130	-0.004351	-0.002886	-0.003130	-0.005816	-0.002154	-0.002642	-0.004107	-0.002642	-0.004351	-0.003374
0.107400	-0.003619	-0.004839	-0.001910	-0.003374	-0.005328	-0.002642	-0.003374	-0.004351	-0.002642	-0.004107	-0.002398
0.107500	-0.004595	-0.004351	-0.002398	-0.004595	-0.003863	-0.004107	-0.003130	-0.004107	-0.003374	-0.005083	-0.001665
0.107600	-0.004595	-0.004595	-0.004107	-0.004351	-0.003619	-0.003374	-0.003619	-0.004351	-0.002642	-0.005083	-0.002642
0.107700	-0.005816	-0.003619	-0.004839	-0.004839	-0.004107	-0.002886	-0.002886	-0.003374	-0.002886	-0.006548	-0.001910
0.107800	-0.007037	-0.003374	-0.004107	-0.005083	-0.004595	-0.002886	-0.003619	-0.003130	-0.002642	-0.006792	-0.002886
0.107900	-0.007037	-0.002154	-0.004839	-0.005328	-0.002886	-0.003863	-0.004351	-0.003130	-0.002886	-0.008746	-0.003130
0.108000	-0.007769	-0.002154	-0.004595	-0.006060	-0.003619	-0.004595	-0.004839	-0.002886	-0.003863	-0.007037	-0.004351
0.108100	-0.006548	-0.003374	-0.003619	-0.005328	-0.003863	-0.002642	-0.004351	-0.002154	-0.004595	-0.008746	-0.004107
0.108200	-0.006792	-0.004107	-0.004107	-0.006060	-0.005816	-0.003130	-0.006548	-0.003374	-0.003863	-0.008013	-0.004107
0.108300	-0.006548	-0.005816	-0.004107	-0.005816	-0.006548	-0.003619	-0.006060	-0.003863	-0.004839	-0.007525	-0.003619
0.108400	-0.006792	-0.006548	-0.005083	-0.007281	-0.005816	-0.006060	-0.006060	-0.005328	-0.006060	-0.007281	-0.004595
0.108500	-0.006304	-0.006548	-0.006304	-0.007769	-0.006548	-0.004839	-0.006060	-0.006792	-0.007037	-0.008501	-0.004595
0.108600	-0.005816	-0.007769	-0.008013	-0.008013	-0.007281	-0.004595	-0.007281	-0.008501	-0.006548	-0.008990	-0.005816
0.108700	-0.008501	-0.008257	-0.007769	-0.008746	-0.007525	-0.003619	-0.006792	-0.009478	-0.007525	-0.008990	-0.006548
0.108800	-0.006792	-0.009234	-0.007769	-0.008990	-0.007525	-0.004839	-0.006060	-0.009234	-0.008013	-0.008257	-0.007037
0.108900	-0.007769	-0.008501	-0.008501	-0.008501	-0.007037	-0.007525	-0.006060	-0.009478	-0.007525	-0.008501	-0.007281
0.109000	-0.008746	-0.008501	-0.008746	-0.008257	-0.007037	-0.007281	-0.006060	-0.008013	-0.006060	-0.008746	-0.007769
0.109100	-0.011187	-0.007037	-0.009234	-0.007037	-0.007525	-0.007037	-0.007281	-0.008013	-0.007037	-0.009234	-0.007037
0.109200	-0.011187	-0.006304	-0.009234	-0.007281	-0.007281	-0.006548	-0.008501	-0.008013	-0.008501	-0.009234	-0.006548
0.109300	-0.009234	-0.006548	-0.009234	-0.006792	-0.007525	-0.006792	-0.009234	-0.007281	-0.008990	-0.008990	-0.006060
0.109400	-0.008257	-0.005816	-0.008746	-0.007281	-0.007037	-0.008257	-0.009722	-0.006060	-0.007769	-0.011431	-0.006792
0.109500	-0.009722	-0.006792	-0.009722	-0.008257	-0.007769	-0.007769	-0.009966	-0.006792	-0.008257	-0.011920	-0.007769
0.109600	-0.010699	-0.007525	-0.008746	-0.008501	-0.007769	-0.007525	-0.009478	-0.007037	-0.009478	-0.011675	-0.008013
0.109700	-0.009234	-0.008990	-0.008990	-0.009722	-0.007525	-0.007525	-0.009234	-0.008257	-0.010699	-0.012652	-0.008257
0.109800	-0.008501	-0.008990	-0.008257	-0.011187	-0.008013	-0.007037	-0.009722	-0.008990	-0.010699	-0.012896	-0.008257
0.109900	-0.009478	-0.008746	-0.009966	-0.010943	-0.008501	-0.007281	-0.010699	-0.010699	-0.010455	-0.013140	-0.009478
0.110000	-0.011675	-0.010699	-0.012164	-0.011187	-0.008501	-0.008257	-0.010699	-0.012164	-0.009478	-0.012164	-0.012408
0.110100	-0.012164	-0.013140	-0.013140	-0.009966	-0.008257	-0.008257	-0.008990	-0.011920	-0.010699	-0.010699	-0.012164
0.110200	-0.009722	-0.011187	-0.010943	-0.008990	-0.008013	-0.009234	-0.008746	-0.010455	-0.009722	-0.010455	-0.010699
0.110300	-0.010455	-0.008013	-0.011431	-0.007769	-0.009478	-0.008501	-0.009478	-0.009722	-0.009234	-0.009234	-0.009234
0.110400	-0.010455	-0.008257	-0.011431	-0.007769	-0.008746	-0.008990	-0.008501	-0.008257	-0.008501	-0.009478	-0.008746
0.110500	-0.010699	-0.009478	-0.012652	-0.007037	-0.007769	-0.008013	-0.010943	-0.008257	-0.008501	-0.010455	-0.008501
0.110600	-0.011187	-0.008746	-0.012164	-0.008257	-0.007281	-0.007769	-0.011431	-0.007769	-0.008990	-0.011675	-0.007281
0.110700	-0.009966	-0.007769	-0.010699	-0.007769	-0.008013	-0.008257	-0.011431	-0.008013	-0.009478	-0.012652	-0.006060
0.110800	-0.009966	-0.007037	-0.009478	-0.008013	-0.008257	-0.009478	-0.010699	-0.006792	-0.009478	-0.012652	-0.006304
0.110900	-0.010943	-0.007525	-0.009478	-0.008746	-0.008990	-0.008257	-0.008990	-0.007769	-0.009966	-0.012164	-0.008501
0.111000	-0.010699	-0.008990	-0.010943	-0.010455	-0.009234	-0.006548	-0.009478	-0.008013	-0.009966	-0.014117	-0.009722
0.111100	-0.010455	-0.009966	-0.010455	-0.009966	-0.009722	-0.006060	-0.009966	-0.008013	-0.009966	-0.013873	-0.009478
0.111200	-0.009722	-0.010699	-0.010943	-0.011187	-0.009722	-0.007037	-0.009478	-0.009478	-0.010455	-0.013384	-0.009966
0.111300	-0.009966	-0.010699	-0.011431	-0.011675	-0.009966	-0.009478	-0.008746	-0.009966	-0.009966	-0.011675	-0.011431
0.111400	-0.010699	-0.012164	-0.012164	-0.009966	-0.010699	-0.009478	-0.007525	-0.010699	-0.009966	-0.011187	-0.011431
0.111500	-0.010699	-0.011675	-0.012164	-0.008990	-0.011431	-0.009234	-0.009966	-0.011187	-0.009478	-0.011675	-0.010455
0.111600	-0.011431	-0.012164	-0.012896	-0.009722	-0.011920	-0.008257	-0.012652	-0.011675	-0.009966	-0.013140	-0.009234
0.111700	-0.011920	-0.011920	-0.013384	-0.012408	-0.012896	-0.009234	-0.012652	-0.009234	-0.010699	-0.011675	-0.008013
0.111800	-0.012164	-0.013140	-0.012652	-0.012408	-0.013873	-0.010455	-0.011187	-0.011187	-0.012164	-0.014117	-0.007281
0.111900	-0.014117	-0.012408	-0.013384	-0.012164	-0.014361	-0.010699	-0.012652	-0.012896	-0.012896	-0.015826	-0.007769
0.112000	-0.016314	-0.011675	-0.013873	-0.012164	-0.016070	-0.010699	-0.015582	-0.014605	-0.012896	-0.018023	-0.007525
0.112100	-0.016558	-0.011431	-0.014605	-0.014605	-0.015826	-0.011187	-0.015338	-0.013629	-0.014361	-0.018511	-0.009234
0.112200	-0.016802	-0.012408	-0.015826	-0.017291	-0.017779	-0.012164	-0.015826	-0.013140	-0.016070	-0.019000	-0.012408
0.112300	-0.016558	-0.013873	-0.017291	-0.017779	-0.017535	-0.012408	-0.015582	-0.013629	-0.015582	-0.019976	-0.014361
0.112400	-0.017779	-0.016070	-0.018267	-0.017291	-0.017779	-0.013140	-0.016802	-0.015826	-0.015582	-0.020709	-0.016314
0.112500	-0.017779	-0.016558	-0.019244	-0.016802	-0.018023	-0.015338	-0.017779	-0.018023	-0.016802	-0.020953	-0.018023
0.112600	-0.017535	-0.017779	-0.019976	-0.018023	-0.018756	-0.016314	-0.019000	-0.017535	-0.018267	-0.020220	-0.018756
0.112700	-0.017047	-0.017535	-0.020709	-0.018511	-0.018023	-0.017535	-0.018267	-0.019000	-0.017535	-0.019976	-0.018511
0.112800	-0.018511	-0.020220	-0.021929	-0.018511	-0.020220	-0.018023	-0.019000	-0.019976	-0.016314	-0.020953	-0.018267
0.112900	-0.019244	-0.020220	-0.020953	-0.018023	-0.020709	-0.018023	-0.019732	-0.020465	-0.016314	-0.020709	-0.018756
0.113000	-0.019732	-0.021197	-0.021441	-0.018267	-0.020709	-0.018267	-0.020220	-0.020220	-0.017535	-0.020953	-0.017779
0.113100	-0.019976	-0.019244	-0.021197	-0.018023	-0.021441	-0.019976	-0.020465	-0.020220	-0.018511	-0.020709	-0.015826
0.113200	-0.021685	-0.017779	-0.022174	-0.017779	-0.019732	-0.019244	-0.020220	-0.020220	-0.018511	-0.020220	-0.015582
0.113300	-0.020709	-0.015582	-0.021441	-0.017779	-0.019244	-0.019244	-0.020220	-0.020465	-0.018511	-0.020220	-0.016802
0.113400	-0.020709	-0.016070	-0.021929	-0.016802	-0.018511	-0.019000	-0.019732	-0.019732	-0.018023	-0.020953	-0.018267
0.113500	-0.019000	-0.016070	-0.020953	-0.016558	-0.017291	-0.019732	-0.019976	-0.018756	-0.017779	-0.021441	-0.018756
0.113600	-0.019000	-0.016070	-0.021441	-0.016070	-0.016314	-0.019000	-0.018756	-0.018023	-0.017291	-0.021685	-0.017779
0.113700	-0.018023	-0.014361	-0.021441	-0.015826	-0.016558	-0.019732	-0.018267	-0.016802	-0.017047	-0.019976	-0.019000
0.113800	-0.017047	-0.014605	-0.020465	-0.014605	-0.015093	-0.017291	-0.017291	-0.016558	-0.016558	-0.019000	-0.020220
0.113900	-0.015582	-0.016314	-0.019000	-0.015093	-0.013873	-0.018511	-0.015826	-0.016314	-0.015582	-0.018511	-0.019976
0.114000	-0.014605	-0.016070	-0.017535	-0.013873	-0.013629	-0.016558	-0.015338	-0.015826	-0.014605	-0.018023	-0.017535
0.114100	-0.014605	-0.015826	-0.015826	-0.013873	-0.014605	-0.017291	-0.014605	-0.016314	-0.014117	-0.016314	-0.017047
0.114200	-0.015093	-0.015093	-0.016314	-0.013873	-0.016314	-0.016558	-0.014117	-0.016314	-0.013140	-0.015338	-0.015582
0.114300	-0.014117	-0.014605	-0.016802	-0.013140	-0.014361	-0.015338	-0.013384	-0.015826	-0.013384	-0.012896	-0.015338
0.114400	-0.013140	-0.012896	-0.017047	-0.011920	-0.012652	-0.014605	-0.013873	-0.016070	-0.012896	-0.013629	-0.012896
0.114500	-0.012896	-0.010455	-0.015338	-0.010943	-0.011187	-0.014361	-0.013629	-0.014605	-0.011675	-0.013140	-0.012652
0.114600	-0.012896	-0.010455	-0.014361	-0.010699	-0.012164	-0.013629	-0.011920	-0.014117	-0.011431	-0.012408	-0.012408
0.114700	-0.011920	-0.009722	-0.013384	-0.009234	-0.010699	-0.014117	-0.010455	-0.011920	-0.009966	-0.011187	-0.013140
0.114800	-0.012164	-0.007769	-0.014605	-0.007281	-0.008501	-0.012896	-0.011675	-0.010455	-0.009234	-0.012164	-0.012164
0.114900	-0.011431	-0.007281	-0.011675	-0.006792	-0.007281	-0.012164	-0.012164	-0.009722	-0.008746	-0.012164	-0.011431
0.115000	-0.011187	-0.006304	-0.011431	-0.007525	-0.007281	-0.010943	-0.011431	-0.007769	-0.009234	-0.013140	-0.009234
0.115100	-0.009234	-0.006060	-0.010455	-0.007525	-0.007769	-0.009722	-0.010699	-0.006060	-0.008501	-0.011920	-0.009478
0.115200	-0.008257	-0.006792	-0.008746	-0.007525	-0.007769	-0.009478	-0.008257	-0.006548	-0.008746	-0.012408	-0.009478
0.115300	-0.006548	-0.007769	-0.008013	-0.006548	-0.007525	-0.008501	-0.008990	-0.007281	-0.008257	-0.010943	-0.009478
0.115400	-0.006792	-0.008501	-0.008257	-0.006548	-0.007037	-0.008257	-0.008746	-0.008746	-0.008990	-0.009478	-0.008257
0.115500	-0.007037	-0.008013	-0.008013	-0.006792	-0.007769	-0.008257	-0.008746	-0.008257	-0.008257	-0.008746	-0.008257
0.115600	-0.007281	-0.008257	-0.009234	-0.008257	-0.007769	-0.007769	-0.007037	-0.009234	-0.007525	-0.008257	-0.008013
0.115700	-0.006304	-0.007525	-0.009478	-0.008013	-0.008501	-0.007769	-0.007281	-0.009234	-0.006548	-0.007525	-0.008501
0.115800	-0.007525	-0.006060	-0.009722	-0.006548	-0.007525	-0.006304	-0.007037	-0.009478	-0.007037	-0.007525	-0.008013
0.115900	-0.007769	-0.006060	-0.008501	-0.006304	-0.007281	-0.007037	-0.008257	-0.008990	-0.006060	-0.007525	-0.007525
0.116000	-0.008990	-0.006060	-0.008746	-0.005328	-0.006304	-0.007525	-0.007769	-0.007281	-0.004839	-0.007281	-0.007281
0.116100	-0.008501	-0.004839	-0.008257	-0.004839	-0.005816	-0.007037	-0.006548	-0.006304	-0.003619	-0.007037	-0.006548
0.116200	-0.008257	-0.003130	-0.006304	-0.003863	-0.004595	-0.006548	-0.006060	-0.005328	-0.004107	-0.007769	-0.004595
0.116300	-0.007281	-0.002642	-0.004595	-0.003130	-0.003374	-0.006060	-0.005328	-0.004595	-0.003374	-0.007525	-0.004351
0.116400	-0.007037	-0.002154	-0.005328	-0.002886	-0.003374	-0.006304	-0.005328	-0.004351	-0.003130	-0.007525	-0.003863
0.116500	-0.004107	-0.003130	-0.006548	-0.003374	-0.002642	-0.005328	-0.004839	-0.003619	-0.003619	-0.007281	-0.004839
0.116600	-0.003130	-0.003619	-0.003863	-0.003130	-0.002886	-0.005328	-0.003863	-0.003374	-0.004107	-0.007281	-0.004839
0.116700	-0.002154	-0.004839	-0.001910	-0.002886	-0.003130	-0.004351	-0.003130	-0.003619	-0.003619	-0.006304	-0.004595
0.116800	-0.003130	-0.003863	-0.003374	-0.002642	-0.003130	-0.004351	-0.002886	-0.003863	-0.003619	-0.005816	-0.004351
0.116900	-0.002886	-0.005083	-0.004595	-0.002398	-0.002886	-0.003619	-0.003130	-0.004595	-0.002398	-0.004351	-0.004107
0.117000	-0.001910	-0.004107	-0.004839	-0.001665	-0.002398	-0.003863	-0.002398	-0.005328	-0.001910	-0.004107	-0.003130
0.117100	-0.001910	-0.002886	-0.003374	-0.000689	-0.001421	-0.003130	-0.002642	-0.004595	-0.001910	-0.002642	-0.002642
0.117200	-0.002642	-0.001910	-0.002886	0.000288	0.000288	-0.003863	-0.001910	-0.004107	0.000044	-0.001177	-0.000689
0.117300	-0.001665	-0.002154	-0.003374	0.001020	0.002485	-0.003863	-0.001177	-0.002886	0.001997	-0.001421	-0.000445
0.117400	-0.001421	0.000288	-0.003619	0.003217	0.002485	-0.002154	0.000044	-0.001421	0.002485	-0.001177	-0.000445
0.117500	0.000532	0.003217	0.000044	0.004438	0.002729	0.000288	0.001264	0.001264	0.002241	0.000044	0.001753
0.117600	0.000776	0.005415	0.002241	0.005659	0.003462	-0.000201	0.000776	0.002485	0.002973	0.000776	0.003462
0.117700	0.000776	0.004682	0.002485	0.006147	0.005171	-0.001665	0.001508	0.002729	0.002973	0.001264	0.004194
0.117800	0.002729	0.005415	0.002241	0.006391	0.005415	-0.000445	0.001997	0.003217	0.002973	0.001508	0.002729
0.117900	0.003950	0.004926	0.002973	0.006635	0.005903	0.003217	0.002485	0.003462	0.003217	0.001753	0.002729
0.118000	0.004682	0.005415	0.001753	0.005903	0.004926	0.003950	0.003217	0.004194	0.004438	0.002485	0.001997
0.118100	0.004926	0.004682	0.003462	0.006391	0.005171	0.002729	0.004682	0.004194	0.004682	0.003462	0.001997
0.118200	0.004438	0.004682	0.001997	0.006391	0.006391	0.002729	0.005903	0.004438	0.004682	0.005659	0.001508
0.118300	0.006147	0.003217	0.002729	0.007612	0.007124	0.004926	0.005415	0.004926	0.006391	0.007124	0.002729
0.118400	0.006391	0.004926	0.002241	0.009565	0.007124	0.005171	0.005415	0.004682	0.006391	0.007856	0.004194
0.118500	0.007368	0.006391	0.002485	0.009809	0.007368	0.004682	0.006147	0.004926	0.008100	0.007856	0.006391
0.118600	0.006147	0.007856	0.003462	0.010298	0.006635	0.003462	0.006147	0.006635	0.008833	0.009077	0.007368
0.118700	0.007368	0.008589	0.005415	0.010786	0.007124	0.005171	0.007856	0.008100	0.009565	0.008833	0.008833
0.118800	0.005903	0.009809	0.005903	0.012495	0.007612	0.007124	0.008589	0.008100	0.011030	0.009077	0.010298
0.118900	0.006635	0.011030	0.007124	0.013227	0.009077	0.008589	0.007368	0.009565	0.009565	0.007612	0.012007
0.119000	0.006880	0.010786	0.008100	0.012739	0.008833	0.008589	0.007368	0.010542	0.008833	0.006391	0.011274
0.119100	0.008589	0.010786	0.009077	0.011518	0.010053	0.007612	0.009321	0.010542	0.009321	0.005903	0.010298
0.119200	0.008100	0.011518	0.008589	0.011030	0.010298	0.009077	0.009565	0.011518	0.011518	0.006147	0.008833
0.119300	0.007856	0.011274	0.009077	0.011518	0.010298	0.009321	0.010053	0.010786	0.011274	0.006635	0.007856
0.119400	0.008833	0.010053	0.008100	0.012251	0.010542	0.010053	0.010542	0.010298	0.010542	0.007612	0.006880
0.119500	0.011030	0.008100	0.009077	0.010542	0.010298	0.009565	0.010053	0.010542	0.010542	0.008100	0.008589
0.119600	0.011762	0.010053	0.008589	0.011274	0.010542	0.009321	0.011030	0.011030	0.011274	0.008833	0.009077
0.119700	0.010786	0.010053	0.008589	0.010786	0.009077	0.008589	0.009809	0.010542	0.012007	0.010786	0.009321
0.119800	0.009809	0.008100	0.008833	0.012007	0.009321	0.009077	0.010298	0.009565	0.012251	0.010542	0.009809
0.119900	0.010053	0.007368	0.008589	0.011762	0.007612	0.009321	0.009809	0.008589	0.010786	0.011030	0.012251
0.120000	0.010298	0.010298	0.009321	0.012495	0.007124	0.009809	0.009809	0.009321	0.010786	0.010053	0.014448
0.120100	0.009565	0.010542	0.009809	0.011762	0.007856	0.009321	0.008100	0.009565	0.012007	0.008833	0.013960
0.120200	0.008100	0.010786	0.007856	0.013716	0.009565	0.010298	0.009077	0.010298	0.013227	0.007856	0.012007
0.120300	0.009321	0.010053	0.007124	0.013716	0.008589	0.009321	0.009809	0.010786	0.012495	0.007368	0.011274
0.120400	0.010542	0.011274	0.009077	0.013716	0.010542	0.010542	0.009565	0.011030	0.012495	0.007612	0.011518
0.120500	0.010542	0.012739	0.010053	0.011518	0.009565	0.009565	0.008833	0.010542	0.012251	0.006391	0.011762
0.120600	0.010542	0.013472	0.008833	0.012495	0.010298	0.009077	0.009565	0.011762	0.012739	0.008100	0.010053
0.120700	0.010298	0.012007	0.009321	0.010542	0.009809	0.009321	0.009809	0.011030	0.012007	0.007856	0.008100
0.120800	0.010298	0.010053	0.009077	0.010298	0.009565	0.009809	0.009077	0.010298	0.010786	0.007368	0.007856
0.120900	0.011030	0.009809	0.009809	0.009321	0.009077	0.008589	0.008100	0.009321	0.010053	0.006635	0.009321
0.121000	0.011274	0.008833	0.009077	0.009077	0.008589	0.009077	0.009321	0.007612	0.010298	0.008833	0.010298
0.121100	0.009809	0.008833	0.008589	0.009077	0.008833	0.007124	0.009809	0.006880	0.009809	0.009321	0.010053
0.121200	0.009321	0.006880	0.008589	0.010053	0.008589	0.008589	0.009565	0.006147	0.010786	0.008833	0.009809
0.121300	0.008100	0.007612	0.006391	0.010786	0.009321	0.008589	0.006880	0.007124	0.010542	0.007124	0.010298
0.121400	0.008833	0.008100	0.005659	0.010542	0.009809	0.009077	0.006391	0.007612	0.010542	0.007612	0.011274
0.121500	0.008589	0.009077	0.005903	0.009077	0.007856	0.007124	0.006880	0.007368	0.011518	0.008100	0.011762
0.121600	0.007856	0.009321	0.006147	0.010298	0.006635	0.007856	0.008100	0.008833	0.013227	0.008589	0.010298
0.121700	0.007368	0.009565	0.007612	0.011762	0.007124	0.008833	0.006635	0.008100	0.011274	0.007612	0.009565
0.121800	0.007124	0.010786	0.007368	0.011762	0.008833	0.008100	0.005415	0.008833	0.012007	0.006391	0.010053
0.121900	0.007368	0.011030	0.008100	0.009565	0.008833	0.006880	0.006391	0.009809	0.011762	0.005659	0.010542
0.122000	0.008100	0.010298	0.008100	0.009077	0.009077	0.007612	0.008100	0.010786	0.010542	0.006391	0.008833
0.122100	0.009077	0.008589	0.006880	0.010053	0.007612	0.008589	0.008833	0.008589	0.011762	0.007368	0.008100
0.122200	0.009321	0.008100	0.007612	0.010053	0.007368	0.006391	0.008100	0.008589	0.012007	0.005903	0.008100
0.122300	0.008100	0.006147	0.007124	0.008833	0.006880	0.007124	0.007124	0.007612	0.009565	0.005415	0.007368
0.122400	0.009809	0.004926	0.006635	0.008589	0.005903	0.007612	0.006635	0.009077	0.008589	0.006391	0.008589
0.122500	0.010053	0.005659	0.005659	0.007124	0.006147	0.006880	0.006880	0.008589	0.009077	0.006635	0.007856
0.122600	0.009077	0.006635	0.004926	0.009077	0.006147	0.006391	0.006391	0.005415	0.009321	0.008100	0.007612
0.122700	0.008589	0.006147	0.004926	0.010786	0.006147	0.006147	0.005903	0.005171	0.009809	0.007124	0.008589
0.122800	0.008100	0.005415	0.005415	0.010053	0.005903	0.005903	0.004438	0.005903	0.009077	0.007368	0.009565
0.122900	0.008100	0.007612	0.004194	0.009321	0.005659	0.005903	0.005659	0.006147	0.009077	0.008589	0.009565
0.123000	0.007856	0.009321	0.005171	0.009809	0.006635	0.006880	0.006147	0.008100	0.009077	0.007856	0.009077
0.123100	0.007368	0.010786	0.007124	0.009077	0.007856	0.006147	0.006635	0.008833	0.009809	0.007124	0.007856
0.123200	0.007612	0.009809	0.005659	0.010298	0.007612	0.006391	0.005415	0.007368	0.009565	0.007124	0.007612
0.123300	0.010053	0.009809	0.007368	0.010298	0.008589	0.006147	0.006147	0.009565	0.009565	0.006635	0.009077
0.123400	0.010298	0.009077	0.008589	0.009321	0.007368	0.005659	0.006391	0.008589	0.010542	0.006880	0.010053
0.123500	0.008100	0.008833	0.006391	0.007856	0.006391	0.005659	0.007124	0.008589	0.010298	0.006391	0.007612
0.123600	0.008589	0.006147	0.006391	0.008589	0.006391	0.006635	0.007124	0.007368	0.007612	0.005903	0.005415
0.123700	0.008589	0.006880	0.006147	0.007612	0.005415	0.006635	0.004926	0.006635	0.006391	0.006391	0.005171
0.123800	0.008833	0.006391	0.001753	0.006635	0.004926	0.005903	0.004194	0.004926	0.006147	0.006635	0.005415
0.123900	0.007856	0.005415	0.002729	0.007124	0.003462	0.005903	0.004682	0.004194	0.007612	0.007856	0.005171
0.124000	0.006391	0.004194	0.002729	0.007856	0.002973	0.005903	0.004438	0.003462	0.007124	0.008589	0.005659
0.124100	0.005415	0.004438	0.003462	0.006391	0.003462	0.004926	0.004682	0.002973	0.008100	0.007368	0.007368
0.124200	0.005659	0.004438	0.004438	0.005903	0.004682	0.005659	0.004438	0.003950	0.007612	0.006391	0.008833
0.124300	0.003462	0.005659	0.003950	0.004926	0.002729	0.006635	0.003217	0.005171	0.007612	0.005659	0.007612
0.124400	0.003217	0.006635	0.002729	0.005171	0.001020	0.005903	0.003950	0.005903	0.007368	0.006147	0.006391
0.124500	0.003462	0.005171	0.003462	0.004926	0.002485	0.004438	0.003462	0.004682	0.006880	0.003950	0.006391
0.124600	0.003950	0.004438	0.004682	0.006147	0.002973	0.004438	0.001753	0.004682	0.005903	0.001997	0.006880
0.124700	0.002485	0.003217	0.005659	0.005171	0.001508	0.004194	-0.000201	0.003462	0.005659	0.001264	0.006635
0.124800	0.001997	0.002485	0.003950	0.001753	0.000532	0.003462	0.001508	0.002729	0.003462	-0.000201	0.004438
0.124900	0.001020	0.000776	0.001997	0.000776	-0.001421	0.003950	0.001997	0.003217	0.003462	-0.000445	0.001264
0.125000	0.001020	0.000044	0.000776	0.001020	-0.001910	0.002729	0.000532	0.000288	0.002241	-0.001177	0.000044
0.125100	0.000776	-0.001177	0.000288	0.000532	-0.001177	0.001264	-0.000689	-0.001177	0.001997	-0.002154	-0.000689
0.125200	0.000776	-0.002154	-0.001177	-0.000689	-0.001665	-0.000201	-0.001910	-0.002154	0.001753	-0.000201	-0.001177
0.125300	-0.000445	-0.002886	-0.000689	-0.002398	-0.002642	-0.001665	-0.000445	-0.002398	0.001997	0.001264	-0.000201
0.125400	-0.001910	-0.002642	-0.001665	-0.002398	-0.003374	-0.001421	0.000288	-0.002398	0.001020	0.000044	-0.000201
0.125500	-0.001665	-0.002154	-0.002642	-0.001177	-0.002642	-0.001910	-0.001665	-0.002642	-0.000445	-0.000201	0.000044
0.125600	-0.002642	-0.002642	-0.002886	-0.000201	-0.003130	-0.002154	-0.003619	-0.004351	-0.000689	0.000288	0.001264
0.125700	-0.003130	-0.001665	-0.003130	0.000044	-0.003130	-0.002886	-0.002642	-0.002398	-0.000201	0.001264	0.002485
0.125800	-0.002642	-0.002154	-0.001177	0.000288	-0.003863	-0.003374	-0.003130	-0.001177	-0.001177	0.000044	0.002973
0.125900	-0.003863	-0.002886	-0.001421	0.001508	-0.003619	-0.002886	-0.003863	-0.001910	-0.000445	-0.001910	0.002241
0.126000	-0.002398	-0.003130	-0.001177	-0.000201	-0.003619	-0.002886	-0.004351	-0.001665	-0.001421	-0.003863	0.000288
0.126100	-0.001910	-0.002154	-0.001665	-0.001665	-0.002642	-0.003374	-0.003619	-0.000689	-0.001910	-0.004107	-0.002154
0.126200	-0.001665	-0.001910	-0.004107	-0.003130	-0.002886	-0.004107	-0.003619	-0.000445	-0.001910	-0.004595	-0.003863
0.126300	-0.000201	-0.002398	-0.004351	-0.002154	-0.002886	-0.004107	-0.002886	-0.002642	-0.002642	-0.003863	-0.005816
0.126400	0.000532	-0.002886	-0.002886	-0.002154	-0.002886	-0.004351	-0.004351	-0.003863	-0.003130	-0.003863	-0.005328
0.126500	0.000288	-0.003619	-0.002642	-0.001910	-0.002886	-0.004595	-0.003863	-0.005816	-0.002398	-0.001910	-0.004107
0.126600	0.000532	-0.003130	-0.006060	-0.002886	-0.001910	-0.004351	-0.003130	-0.004351	-0.003374	-0.000689	-0.004351
0.126700	0.000532	-0.004839	-0.006304	-0.002398	-0.002398	-0.003374	-0.002154	-0.003130	-0.001665	0.000776	-0.003374
0.126800	-0.001421	-0.003863	-0.005816	0.000532	-0.003130	-0.003374	-0.002398	-0.002886	-0.001421	0.001753	-0.002886
0.126900	-0.003619	-0.002886	-0.003863	0.001264	-0.004107	-0.003130	-0.003130	-0.002398	0.000532	0.001508	-0.000689
0.127000	-0.003130	-0.001421	-0.003374	0.002973	-0.002886	-0.003374	-0.002886	-0.001177	0.000288	0.000776	0.000532
0.127100	-0.001421	0.000044	-0.004595	0.002729	-0.002642	-0.003863	-0.003619	-0.000445	0.000532	0.000288	0.001508
0.127200	-0.001910	0.000532	-0.003619	0.001997	-0.002398	-0.002886	-0.003374	0.000532	0.001753	-0.001665	-0.000201
0.127300	-0.002398	-0.000445	-0.001665	0.001508	-0.004351	-0.001910	-0.002642	0.001020	0.002729	-0.002398	-0.001177
0.127400	-0.002642	-0.000201	-0.000201	0.000044	-0.003130	-0.002886	-0.004839	0.000532	0.001020	-0.002886	-0.003619
0.127500	-0.001177	-0.001421	-0.000201	0.000288	-0.002642	-0.003619	-0.004107	-0.000445	-0.000445	-0.003130	-0.002398
0.127600	-0.000445	-0.000689	-0.001665	-0.000689	-0.003374	-0.001910	-0.004107	-0.001177	0.000044	-0.004107	-0.002642
0.127700	-0.001177	-0.001665	-0.001421	-0.001177	-0.002886	-0.001665	-0.003619	-0.001421	-0.001177	-0.004107	-0.002642
0.127800	-0.001177	-0.003374	-0.001421	-0.003130	-0.004351	-0.002886	-0.003130	-0.001910	-0.000201	-0.004351	-0.004351
0.127900	-0.001421	-0.005328	-0.002642	-0.003374	-0.003619	-0.004595	-0.002154	-0.002886	-0.001177	-0.003863	-0.003374
0.128000	-0.001421	-0.005083	-0.004839	-0.002642	-0.004107	-0.005083	-0.001910	-0.003619	-0.001421	-0.003863	-0.003130
0.128100	-0.002642	-0.004595	-0.005083	-0.001421	-0.004595	-0.002642	-0.002154	-0.003863	-0.001177	-0.002154	-0.002398
0.128200	-0.004351	-0.006060	-0.005083	-0.000445	-0.006304	-0.002398	-0.002886	-0.004107	-0.000201	-0.002886	-0.001665
0.128300	-0.003863	-0.006060	-0.004839	-0.001177	-0.006060	-0.003130	-0.003374	-0.003130	-0.000689	-0.002642	-0.001421
0.128400	-0.004595	-0.005816	-0.003863	-0.002642	-0.004839	-0.005083	-0.003130	-0.002642	-0.000689	-0.004595	-0.002154
0.128500	-0.005816	-0.005083	-0.003863	-0.002398	-0.004595	-0.005083	-0.003619	-0.002886	-0.001421	-0.003863	-0.001665
0.128600	-0.006060	-0.003619	-0.005083	-0.002642	-0.006304	-0.005328	-0.004107	-0.004351	-0.001177	-0.003863	-0.002886
0.128700	-0.005816	-0.003374	-0.004351	-0.004107	-0.007525	-0.004839	-0.004839	-0.003619	-0.001910	-0.004595	-0.004107
0.128800	-0.004107	-0.003863	-0.004839	-0.004839	-0.005816	-0.005083	-0.006060	-0.004595	-0.003374	-0.005328	-0.005083
0.128900	-0.003130	-0.005328	-0.004107	-0.005328	-0.006304	-0.005083	-0.007037	-0.004107	-0.003863	-0.007281	-0.004595
0.129000	-0.004107	-0.006060	-0.005083	-0.006792	-0.006548	-0.006304	-0.007037	-0.004595	-0.003130	-0.008257	-0.006060
0.129100	-0.004595	-0.006792	-0.005328	-0.007281	-0.005328	-0.007525	-0.005816	-0.006548	-0.004595	-0.007769	-0.006792
0.129200	-0.003619	-0.007769	-0.005328	-0.007037	-0.005816	-0.007525	-0.005083	-0.007769	-0.005328	-0.007769	-0.007769
0.129300	-0.002398	-0.008501	-0.007525	-0.005816	-0.004351	-0.007281	-0.006304	-0.008013	-0.005083	-0.007281	-0.007525
0.129400	-0.003374	-0.008013	-0.008746	-0.004595	-0.005328	-0.007281	-0.005328	-0.009722	-0.002398	-0.005328	-0.008013
0.129500	-0.006304	-0.008257	-0.009478	-0.004351	-0.005083	-0.006060	-0.005328	-0.007281	-0.002154	-0.002886	-0.007525
0.129600	-0.007037	-0.009234	-0.010699	-0.003619	-0.005328	-0.006060	-0.004107	-0.005083	-0.003863	-0.001910	-0.007281
0.129700	-0.005083	-0.007281	-0.008990	-0.002154	-0.004839	-0.005328	-0.005328	-0.004839	-0.004595	-0.002154	-0.004351
0.129800	-0.004351	-0.004351	-0.006304	0.000532	-0.005083	-0.005083	-0.006304	-0.004839	-0.003130	-0.003130	-0.003619
0.129900	-0.005816	-0.002642	-0.005328	0.000044	-0.004351	-0.004839	-0.006060	-0.002886	-0.002398	-0.002886	-0.003374
0.130000	-0.005083	-0.003863	-0.006304	-0.001421	-0.004839	-0.004839	-0.004839	-0.000689	-0.001665	-0.004107	-0.005328
0.130100	-0.005083	-0.004839	-0.005816	-0.002154	-0.003130	-0.004595	-0.005328	-0.001177	-0.001665	-0.004107	-0.006060
0.130200	-0.002642	-0.003863	-0.002642	-0.001177	-0.003130	-0.005328	-0.005328	-0.000689	-0.002154	-0.004839	-0.004107
0.130300	-0.002886	-0.003130	-0.001910	-0.001421	-0.002642	-0.005083	-0.005328	-0.002642	-0.002642	-0.004595	-0.005328
0.130400	-0.000689	-0.002398	-0.002398	-0.002154	-0.002154	-0.005083	-0.004595	-0.002398	-0.002154	-0.004107	-0.006548
0.130500	-0.001665	-0.003619	-0.002886	-0.002398	-0.002642	-0.005083	-0.004107	-0.003619	-0.001910	-0.003863	-0.007769
0.130600	0.000288	-0.004839	-0.003374	-0.002642	-0.001910	-0.003863	-0.002642	-0.003374	-0.001665	-0.005816	-0.007037
0.130700	-0.000201	-0.004595	-0.005328	-0.002642	-0.002154	-0.003863	-0.002398	-0.005328	-0.000445	-0.003130	-0.006304
0.130800	-0.000689	-0.003619	-0.007525	-0.001421	-0.001910	-0.004839	-0.000445	-0.003863	-0.000689	-0.001177	-0.005816
0.130900	-0.001421	-0.003374	-0.008013	0.000044	-0.002886	-0.004107	0.000044	-0.003130	-0.000445	0.000532	-0.005328
0.131000	-0.001910	-0.002154	-0.008013	0.001997	-0.003130	-0.001665	-0.001421	-0.002642	0.000532	0.000044	-0.002886
0.131100	-0.003374	-0.002398	-0.006060	0.001753	-0.003863	0.000288	-0.002886	-0.001665	0.000776	0.000044	-0.000445
0.131200	-0.001665	-0.001421	-0.003619	0.001997	-0.003863	-0.000689	-0.001665	-0.000445	0.000532	0.000044	0.000532
0.131300	-0.001665	-0.001910	-0.001665	0.000044	-0.003863	-0.001665	-0.000201	0.000776	0.001020	0.000776	0.001264
0.131400	-0.001910	-0.000201	-0.002642	0.000288	-0.002886	-0.002398	-0.000445	0.001997	0.000532	-0.001910	0.000044
0.131500	-0.001665	-0.000445	0.000044	0.000288	-0.002642	-0.001421	-0.001665	0.001020	0.001264	-0.003619	-0.000689
0.131600	-0.001177	-0.001177	0.000776	0.000776	-0.002642	-0.002642	-0.004107	-0.000445	0.000044	-0.004351	-0.001665
0.131700	-0.000445	-0.001665	-0.001177	-0.002642	-0.001910	-0.003130	-0.001421	0.000044	-0.000445	-0.003130	-0.001910
0.131800	0.000776	-0.002154	-0.003374	-0.003374	-0.001421	-0.003619	-0.000689	-0.000445	-0.000201	-0.003130	-0.003863
0.131900	0.001020	-0.002886	-0.004595	-0.002886	-0.000445	-0.003130	-0.000689	-0.001910	-0.001910	-0.004351	-0.005328
0.132000	0.001264	-0.003619	-0.005083	-0.002642	-0.001665	-0.002886	-0.002886	-0.003863	-0.001665	-0.003863	-0.005328
0.132100	0.000044	-0.003619	-0.007525	-0.003374	-0.001665	-0.002886	-0.001910	-0.003374	-0.002642	-0.003374	-0.006548
0.132200	0.001020	-0.003863	-0.008257	-0.003619	-0.000689	-0.003619	-0.000689	-0.002886	-0.001910	-0.001177	-0.004107
0.132300	-0.001421	-0.002642	-0.007769	-0.000201	-0.000201	-0.002398	-0.000201	-0.004839	0.000044	0.000044	-0.003374
0.132400	-0.003374	-0.001665	-0.009478	0.002485	-0.001665	0.000044	0.000776	-0.005083	0.001508	0.000532	-0.001910
0.132500	-0.004351	-0.001910	-0.008746	0.002485	-0.001665	0.000776	0.001264	-0.002398	0.001020	0.001508	0.000532
0.132600	-0.002154	-0.000445	-0.006304	0.001997	-0.000445	0.000288	0.001020	0.001264	0.001020	0.001508	0.001753
0.132700	-0.002154	0.001020	-0.004595	0.002485	0.000044	0.000532	0.001020	0.001753	0.001508	0.001753	0.001753
0.132800	-0.001177	0.000776	-0.004107	0.002241	0.000044	-0.000689	0.000288	0.001753	0.002973	0.001264	0.000532
0.132900	-0.000445	0.000532	-0.002642	0.002485	-0.000689	-0.001177	0.000044	0.001508	0.002729	0.000288	-0.001665
0.133000	0.000776	-0.000689	-0.002154	0.001753	0.000044	-0.001177	0.001020	0.000288	0.001753	-0.001421	-0.001910
0.133100	0.001508	-0.001910	-0.003863	-0.000689	-0.000201	-0.000689	0.000288	0.000532	0.001264	-0.002154	-0.001665
0.133200	0.001753	-0.000201	-0.004839	-0.001665	-0.000201	-0.001177	0.000288	-0.000689	0.000776	-0.002642	-0.002886
0.133300	0.000776	0.000532	-0.004595	-0.002154	0.000044	-0.001177	0.000288	-0.001910	0.000776	-0.001910	-0.004595
0.133400	0.000288	-0.001665	-0.006060	-0.001177	0.001508	-0.000445	-0.000201	-0.002642	-0.000445	-0.002398	-0.004839
0.133500	0.002485	-0.002642	-0.006304	0.000288	0.002729	-0.000689	0.000776	-0.002886	-0.001177	-0.001421	-0.002886
0.133600	0.002973	-0.000689	-0.005328	0.001753	0.002973	0.000044	0.003217	-0.003130	0.000044	0.000288	-0.000689
0.133700	0.001753	-0.000689	-0.005816	0.003217	0.002241	0.001264	0.004194	-0.001665	0.002241	0.002973	0.000044
0.133800	0.000532	-0.000201	-0.003130	0.005415	0.000776	0.003462	0.004438	0.000288	0.002485	0.004926	0.001753
0.133900	0.001508	-0.000201	-0.002154	0.005903	0.002485	0.002973	0.003462	0.002241	0.002241	0.005171	0.003217
0.134000	0.001753	0.001264	0.000288	0.006635	0.001264	0.002485	0.003462	0.002729	0.001508	0.004926	0.005415
0.134100	0.002241	0.003462	0.002485	0.005659	-0.000689	0.003950	0.003462	0.003950	0.003217	0.003462	0.005903
0.134200	0.001997	0.004682	0.003950	0.003217	-0.001665	0.001264	0.003217	0.003950	0.002241	0.001997	0.003217
0.134300	0.001997	0.003462	0.001997	0.002973	0.000288	0.000532	0.002729	0.004438	0.002729	0.000532	0.000532
0.134400	0.004194	0.002241	0.001753	0.000532	0.000776	0.000776	0.001753	0.002485	0.002241	-0.001421	0.000532
0.134500	0.004926	0.002485	0.000776	0.000776	0.001020	0.000044	0.001264	0.001997	0.001753	-0.000445	-0.000445
0.134600	0.005659	0.003950	-0.000201	-0.000445	-0.000201	0.000532	0.001997	0.000044	0.000532	0.000288	-0.001910
0.134700	0.005903	0.003462	-0.001910	-0.000689	0.000532	0.000288	0.002485	0.000288	0.000532	0.001020	-0.003130
0.134800	0.006391	0.001508	-0.002398	0.000532	0.002729	-0.000201	0.002973	-0.001910	-0.000201	0.000776	-0.001910
0.134900	0.006147	0.000532	-0.001910	0.001264	0.003462	-0.001665	0.002729	-0.003130	0.000532	0.001508	-0.001665
0.135000	0.004926	0.000532	-0.001421	0.002241	0.002973	-0.000689	0.004194	-0.001910	0.001508	0.003462	-0.001177
0.135100	0.003462	0.000532	-0.002398	0.001997	0.002241	-0.000445	0.005171	-0.000689	0.002241	0.005171	-0.000201
0.135200	0.002241	0.001997	-0.003374	0.004926	0.001264	0.000776	0.004926	0.000288	0.002973	0.005415	0.001753
0.135300	0.001264	0.001753	-0.002398	0.006880	0.000288	0.003217	0.002973	0.001020	0.002973	0.003462	0.001997
0.135400	0.000288	0.001997	0.001020	0.006635	-0.001910	0.005171	0.001997	0.002241	0.003950	0.001753	0.004194
0.135500	0.000776	0.002973	0.002485	0.003950	-0.001910	0.001997	0.002485	0.005903	0.003217	0.001508	0.003950
0.135600	0.000044	0.003217	0.003950	0.000776	-0.002398	0.000776	0.003950	0.006635	0.002241	0.000532	0.002485
0.135700	0.001753	0.001997	0.003462	-0.000445	-0.002642	0.000288	0.002485	0.005171	0.001264	-0.001910	0.000288
0.135800	0.002485	0.001997	0.002485	-0.001421	-0.002154	0.001020	0.001020	0.001753	0.001997	-0.003374	-0.001665
0.135900	0.002729	0.002485	0.000776	-0.002154	-0.001177	-0.000201	0.001020	0.000532	0.001020	-0.003619	-0.003130
0.136000	0.001753	-0.000201	-0.000445	-0.003863	-0.000201	-0.000689	-0.000445	-0.001177	0.000776	-0.002642	-0.004595
0.136100	0.001997	-0.002154	-0.001177	-0.003863	-0.000689	-0.001910	0.000288	-0.001665	0.000044	-0.002642	-0.004595
0.136200	0.001264	-0.002154	-0.001421	-0.002642	0.000288	-0.002398	-0.000445	-0.004595	-0.000445	-0.002398	-0.005328
0.136300	0.000288	-0.002154	-0.003374	-0.001177	-0.000201	-0.002398	0.000532	-0.005816	0.001020	-0.002154	-0.003863
0.136400	-0.001910	-0.001910	-0.005083	-0.001177	-0.000201	-0.002398	0.001264	-0.004595	0.002729	0.000044	-0.004107
0.136500	-0.003130	-0.001910	-0.006060	0.001020	-0.001665	-0.002154	0.002973	-0.002886	0.003462	-0.000445	-0.002886
0.136600	-0.003130	-0.002398	-0.005083	0.002729	-0.002398	0.000044	0.002729	-0.001421	0.004194	0.001508	0.000776
0.136700	-0.003130	-0.001665	-0.003619	0.003462	-0.004107	0.001997	0.002729	-0.000445	0.003462	0.000776	0.001753
0.136800	-0.003863	-0.000689	-0.003130	0.002241	-0.004351	0.002729	0.001753	0.001264	0.002729	-0.000201	0.002729
0.136900	-0.001910	0.000288	-0.002154	0.000532	-0.004595	0.001020	0.000776	0.002729	-0.000201	-0.001421	0.002241
0.137000	0.000044	-0.002154	-0.001665	-0.003130	-0.005083	0.000044	0.000776	0.002729	-0.001177	-0.002398	0.001020
0.137100	0.000532	-0.002154	0.000776	-0.003863	-0.004839	-0.001421	-0.001421	0.000532	-0.000201	-0.004107	-0.001665
0.137200	0.000044	-0.003130	0.000044	-0.005328	-0.002398	-0.002642	-0.001910	-0.002398	-0.000201	-0.005328	-0.003863
0.137300	0.000288	-0.004107	-0.002642	-0.005328	-0.000689	-0.005816	-0.002154	-0.004595	-0.001665	-0.004595	-0.005816
0.137400	0.001508	-0.003863	-0.002886	-0.005816	-0.001910	-0.006304	-0.002642	-0.004595	-0.001421	-0.003863	-0.006304
0.137500	0.001753	-0.001910	-0.004107	-0.004595	-0.002154	-0.004351	-0.003130	-0.006304	-0.001665	-0.003619	-0.005816
0.137600	0.000532	-0.002154	-0.004839	-0.004839	-0.002398	-0.006060	-0.002886	-0.006792	-0.001177	-0.002642	-0.007037
0.137700	0.000044	-0.003863	-0.006792	-0.003130	-0.001177	-0.005816	-0.000689	-0.006548	-0.001421	-0.001421	-0.007281
0.137800	-0.001177	-0.003863	-0.007281	-0.002886	-0.000201	-0.004107	0.000288	-0.005083	-0.001665	-0.000445	-0.004595
0.137900	-0.001665	-0.002398	-0.007525	-0.002154	-0.002398	-0.001177	0.001753	-0.004595	-0.001421	-0.000689	-0.002154
0.138000	-0.002886	-0.001177	-0.007037	-0.000445	-0.003863	0.000044	0.000044	-0.003619	-0.000201	-0.000689	-0.001421
0.138100	-0.004351	-0.001665	-0.006792	0.000044	-0.004595	-0.000689	-0.000445	-0.001910	-0.001177	-0.000689	-0.000445
0.138200	-0.003130	-0.002398	-0.004839	-0.001177	-0.004595	-0.001910	-0.001910	-0.001177	-0.001910	0.000776	-0.001421
0.138300	-0.002154	-0.003130	-0.002398	-0.001910	-0.004595	-0.001177	-0.003130	-0.000201	-0.003130	-0.001177	-0.001421
0.138400	-0.002642	-0.002398	-0.000689	-0.004351	-0.007037	-0.003619	-0.005816	-0.001421	-0.003130	-0.002398	-0.003130
0.138500	-0.002642	-0.002642	-0.000445	-0.006304	-0.007769	-0.005816	-0.005816	-0.002154	-0.003619	-0.004595	-0.005816
0.138600	-0.002398	-0.003863	-0.000689	-0.007281	-0.007281	-0.008257	-0.007525	-0.005083	-0.004107	-0.006060	-0.008013
0.138700	-0.002154	-0.005328	-0.003130	-0.007037	-0.004595	-0.008257	-0.008013	-0.006060	-0.004839	-0.008013	-0.008257
0.138800	-0.002398	-0.005816	-0.004839	-0.007525	-0.004351	-0.007525	-0.008013	-0.007037	-0.003863	-0.008257	-0.008990
0.138900	-0.003619	-0.005083	-0.007281	-0.007037	-0.004595	-0.006792	-0.007037	-0.008257	-0.006304	-0.006792	-0.010699
0.139000	-0.003374	-0.006548	-0.009478	-0.006792	-0.005328	-0.006792	-0.004351	-0.007281	-0.007769	-0.004839	-0.010455
0.139100	-0.004351	-0.006304	-0.011920	-0.007037	-0.004351	-0.005328	-0.003619	-0.007037	-0.007037	-0.005816	-0.009478
0.139200	-0.006792	-0.006548	-0.011920	-0.005816	-0.005816	-0.005328	-0.004351	-0.006304	-0.005816	-0.006792	-0.008257
0.139300	-0.008501	-0.007281	-0.011675	-0.004839	-0.008013	-0.005328	-0.004839	-0.005328	-0.005083	-0.005328	-0.007769
0.139400	-0.008746	-0.008990	-0.011920	-0.005328	-0.008990	-0.004595	-0.003374	-0.005083	-0.007281	-0.004351	-0.007037
0.139500	-0.007769	-0.009234	-0.009966	-0.005083	-0.010455	-0.004351	-0.004595	-0.004839	-0.006548	-0.004595	-0.004839
0.139600	-0.008501	-0.007769	-0.007525	-0.004107	-0.011431	-0.004107	-0.007037	-0.006304	-0.006304	-0.007281	-0.004351
0.139700	-0.010455	-0.007525	-0.006792	-0.005816	-0.012408	-0.006548	-0.008746	-0.006792	-0.005083	-0.008746	-0.006792
0.139800	-0.010943	-0.009722	-0.005816	-0.008501	-0.012408	-0.008746	-0.009234	-0.006304	-0.008257	-0.009722	-0.008746
0.139900	-0.008746	-0.010943	-0.005816	-0.012164	-0.012164	-0.010699	-0.010699	-0.005816	-0.009234	-0.012164	-0.009234
0.140000	-0.008501	-0.009234	-0.005816	-0.011920	-0.010943	-0.010943	-0.009966	-0.008746	-0.009722	-0.012652	-0.010699
0.140100	-0.008746	-0.008746	-0.008501	-0.012652	-0.011187	-0.012164	-0.010699	-0.011187	-0.008746	-0.013384	-0.012896
0.140200	-0.009966	-0.010943	-0.011920	-0.013873	-0.010455	-0.011920	-0.010455	-0.012652	-0.010943	-0.013140	-0.015582
0.140300	-0.009478	-0.012652	-0.015093	-0.013629	-0.009478	-0.010943	-0.010943	-0.011675	-0.011431	-0.012408	-0.016314
0.140400	-0.008990	-0.012408	-0.016558	-0.012652	-0.009966	-0.009966	-0.009722	-0.010943	-0.011187	-0.011920	-0.013629
0.140500	-0.010455	-0.012652	-0.016070	-0.010699	-0.009966	-0.010455	-0.009722	-0.013384	-0.010943	-0.010699	-0.011920
0.140600	-0.011187	-0.012652	-0.016070	-0.009478	-0.009478	-0.010455	-0.008501	-0.012896	-0.010455	-0.008013	-0.012164
0.140700	-0.012164	-0.013384	-0.016070	-0.008990	-0.009478	-0.010699	-0.007037	-0.012652	-0.008990	-0.009234	-0.011920
0.140800	-0.012652	-0.013140	-0.015582	-0.008013	-0.011187	-0.008746	-0.007769	-0.011431	-0.008746	-0.009478	-0.008990
0.140900	-0.012896	-0.011431	-0.012652	-0.007037	-0.011920	-0.008257	-0.009966	-0.010455	-0.008501	-0.010455	-0.008013
0.141000	-0.012652	-0.010699	-0.008990	-0.006792	-0.011920	-0.009478	-0.009966	-0.008746	-0.009478	-0.008990	-0.007769
0.141100	-0.012408	-0.011431	-0.008013	-0.007769	-0.012164	-0.011187	-0.009478	-0.008013	-0.009722	-0.009966	-0.009478
0.141200	-0.011431	-0.010699	-0.008501	-0.009722	-0.011187	-0.010699	-0.010699	-0.007281	-0.011187	-0.011675	-0.009966
0.141300	-0.010943	-0.010699	-0.008013	-0.011431	-0.010943	-0.010455	-0.013140	-0.008746	-0.010943	-0.015338	-0.012164
0.141400	-0.009234	-0.010943	-0.008746	-0.013384	-0.009478	-0.011431	-0.011431	-0.009722	-0.011187	-0.015338	-0.013384
0.141500	-0.008990	-0.012164	-0.009966	-0.015338	-0.008990	-0.012164	-0.010455	-0.011431	-0.011187	-0.012652	-0.016070
0.141600	-0.008746	-0.011920	-0.013140	-0.014117	-0.007769	-0.011431	-0.010699	-0.012164	-0.011431	-0.012408	-0.015826
0.141700	-0.009234	-0.012652	-0.015582	-0.011675	-0.007281	-0.009966	-0.011187	-0.014605	-0.011187	-0.012164	-0.015338
0.141800	-0.009722	-0.012164	-0.016802	-0.011187	-0.008746	-0.008746	-0.012164	-0.015582	-0.011187	-0.010943	-0.013873
0.141900	-0.011187	-0.013384	-0.015338	-0.012164	-0.009478	-0.010699	-0.009966	-0.013140	-0.010455	-0.009234	-0.013384
0.142000	-0.010943	-0.013140	-0.015093	-0.010699	-0.008746	-0.011431	-0.008501	-0.011675	-0.010943	-0.008990	-0.011675
0.142100	-0.012164	-0.013629	-0.014117	-0.008257	-0.008257	-0.011187	-0.007769	-0.011187	-0.008746	-0.009722	-0.010699
0.142200	-0.013384	-0.012164	-0.011675	-0.004595	-0.009478	-0.008501	-0.009478	-0.010943	-0.008746	-0.010455	-0.008746
0.142300	-0.013629	-0.011920	-0.010699	-0.005083	-0.012164	-0.008257	-0.008990	-0.008501	-0.008990	-0.009478	-0.008013
0.142400	-0.012164	-0.011431	-0.008746	-0.005328	-0.013384	-0.008013	-0.008746	-0.005816	-0.009966	-0.009478	-0.006548
0.142500	-0.010699	-0.011431	-0.008257	-0.007281	-0.012408	-0.008746	-0.008501	-0.005083	-0.009478	-0.010943	-0.006548
0.142600	-0.010943	-0.011431	-0.007769	-0.008257	-0.012896	-0.008501	-0.010455	-0.006548	-0.010455	-0.012408	-0.008746
0.142700	-0.010699	-0.011920	-0.008013	-0.012164	-0.013140	-0.009722	-0.011187	-0.007525	-0.011675	-0.013629	-0.009478
0.142800	-0.009722	-0.012408	-0.008501	-0.015093	-0.014117	-0.010943	-0.011187	-0.008746	-0.012408	-0.013629	-0.013140
0.142900	-0.009234	-0.012408	-0.010699	-0.016314	-0.011431	-0.012896	-0.011187	-0.009966	-0.012896	-0.014361	-0.012896
0.143000	-0.008257	-0.012408	-0.013140	-0.016314	-0.010943	-0.013873	-0.011187	-0.013140	-0.011431	-0.015093	-0.014361
0.143100	-0.009722	-0.014605	-0.014605	-0.015338	-0.011187	-0.012896	-0.011675	-0.015093	-0.011675	-0.012896	-0.016558
0.143200	-0.010455	-0.015338	-0.015826	-0.013873	-0.012164	-0.012164	-0.010699	-0.015093	-0.012652	-0.012164	-0.015338
0.143300	-0.011187	-0.015826	-0.017047	-0.012652	-0.012652	-0.011920	-0.011431	-0.013629	-0.013384	-0.011431	-0.013384
0.143400	-0.012164	-0.013873	-0.016802	-0.011187	-0.012896	-0.012408	-0.010943	-0.013140	-0.012896	-0.011187	-0.011920
0.143500	-0.013629	-0.013873	-0.017535	-0.010699	-0.014361	-0.012164	-0.011187	-0.012896	-0.011431	-0.011431	-0.011187
0.143600	-0.016314	-0.014361	-0.017779	-0.010699	-0.015826	-0.010943	-0.011675	-0.012164	-0.009966	-0.012164	-0.011187
0.143700	-0.017535	-0.014117	-0.017779	-0.010943	-0.016802	-0.011187	-0.011675	-0.010943	-0.011431	-0.012164	-0.009722
0.143800	-0.016802	-0.014361	-0.017291	-0.009966	-0.017779	-0.010699	-0.012164	-0.010699	-0.012896	-0.013384	-0.008990
0.143900	-0.015582	-0.013629	-0.015826	-0.012408	-0.020220	-0.011431	-0.015338	-0.009722	-0.014117	-0.014605	-0.010455
0.144000	-0.015582	-0.013873	-0.015338	-0.014117	-0.020465	-0.013140	-0.016314	-0.010455	-0.014605	-0.015582	-0.013384
0.144100	-0.015582	-0.016070	-0.016070	-0.018023	-0.018756	-0.015338	-0.017047	-0.012408	-0.016070	-0.016802	-0.016070
0.144200	-0.015338	-0.017291	-0.017047	-0.020709	-0.016802	-0.017047	-0.018267	-0.015093	-0.016070	-0.019732	-0.018511
0.144300	-0.015338	-0.018267	-0.016558	-0.021441	-0.017535	-0.017779	-0.018756	-0.017047	-0.016314	-0.019976	-0.019244
0.144400	-0.015826	-0.017779	-0.018023	-0.021197	-0.017047	-0.018511	-0.017047	-0.019976	-0.015582	-0.018023	-0.019976
0.144500	-0.016802	-0.018267	-0.020953	-0.019976	-0.015826	-0.019000	-0.016314	-0.020953	-0.015338	-0.017779	-0.021441
0.144600	-0.017291	-0.018756	-0.024371	-0.017047	-0.013140	-0.018023	-0.016802	-0.021441	-0.015582	-0.016802	-0.020709
0.144700	-0.018023	-0.018511	-0.023883	-0.016314	-0.014117	-0.016558	-0.016558	-0.020220	-0.015093	-0.016070	-0.017535
0.144800	-0.018267	-0.018267	-0.022174	-0.015338	-0.015826	-0.015338	-0.014605	-0.017535	-0.015582	-0.015826	-0.016558
0.144900	-0.019732	-0.017779	-0.021685	-0.015093	-0.017047	-0.013629	-0.012896	-0.016070	-0.015338	-0.014361	-0.015093
0.145000	-0.020220	-0.018023	-0.022174	-0.013140	-0.016558	-0.013140	-0.013140	-0.015338	-0.015093	-0.014361	-0.013873
0.145100	-0.019000	-0.018023	-0.020709	-0.012408	-0.017291	-0.013140	-0.013384	-0.013873	-0.014605	-0.016558	-0.012408
0.145200	-0.018511	-0.017779	-0.017291	-0.012896	-0.019244	-0.014117	-0.015093	-0.013140	-0.013873	-0.017047	-0.012408
0.145300	-0.018756	-0.017047	-0.014361	-0.015582	-0.019976	-0.015093	-0.015826	-0.011920	-0.015582	-0.017291	-0.013384
0.145400	-0.017291	-0.017535	-0.013629	-0.017535	-0.018511	-0.017779	-0.015826	-0.013140	-0.015826	-0.016070	-0.015093
0.145500	-0.016802	-0.017291	-0.012652	-0.018756	-0.017291	-0.018267	-0.016558	-0.016802	-0.017047	-0.016802	-0.017535
0.145600	-0.015826	-0.017291	-0.013629	-0.019732	-0.016070	-0.018756	-0.016558	-0.018267	-0.016314	-0.018756	-0.018756
0.145700	-0.015826	-0.016558	-0.013873	-0.021685	-0.015093	-0.019976	-0.018511	-0.018756	-0.016558	-0.018267	-0.020465
0.145800	-0.015338	-0.017291	-0.017291	-0.020465	-0.012652	-0.019732	-0.016802	-0.018756	-0.015826	-0.017291	-0.020465
0.145900	-0.014605	-0.017291	-0.019976	-0.019000	-0.011675	-0.018756	-0.015338	-0.020220	-0.015826	-0.015338	-0.020465
0.146000	-0.014117	-0.018511	-0.021441	-0.015582	-0.011431	-0.016314	-0.014361	-0.019732	-0.014605	-0.013140	-0.017779
0.146100	-0.013873	-0.016802	-0.022174	-0.012408	-0.011675	-0.014361	-0.012896	-0.018267	-0.014605	-0.011431	-0.016314
0.146200	-0.015093	-0.017047	-0.022906	-0.010699	-0.012652	-0.013873	-0.013140	-0.016070	-0.013873	-0.009966	-0.015093
0.146300	-0.015338	-0.016070	-0.020220	-0.012164	-0.013629	-0.014605	-0.012896	-0.013140	-0.014117	-0.009722	-0.011920
0.146400	-0.016070	-0.016314	-0.017291	-0.011675	-0.015093	-0.013140	-0.012896	-0.011431	-0.014117	-0.010699	-0.012164
0.146500	-0.016314	-0.014605	-0.015093	-0.011675	-0.016558	-0.012408	-0.013384	-0.011920	-0.014117	-0.011431	-0.010699
0.146600	-0.015826	-0.014605	-0.015338	-0.011675	-0.016558	-0.012896	-0.014117	-0.012652	-0.015338	-0.013140	-0.011920
0.146700	-0.015093	-0.014117	-0.014117	-0.013873	-0.017047	-0.014117	-0.015338	-0.011920	-0.015826	-0.013140	-0.013140
0.146800	-0.014361	-0.014605	-0.013384	-0.015338	-0.017291	-0.015338	-0.016802	-0.012164	-0.016070	-0.014361	-0.015093
0.146900	-0.013873	-0.013384	-0.012896	-0.017779	-0.018267	-0.016314	-0.019000	-0.014117	-0.015093	-0.015582	-0.016070
0.147000	-0.016558	-0.014117	-0.014361	-0.018511	-0.017291	-0.017535	-0.018267	-0.015582	-0.014605	-0.016314	-0.019244
0.147100	-0.016802	-0.015338	-0.019000	-0.019976	-0.016314	-0.018267	-0.019000	-0.017291	-0.016802	-0.016558	-0.021197
0.147200	-0.015093	-0.017047	-0.022418	-0.019976	-0.016558	-0.018756	-0.017291	-0.018023	-0.017779	-0.016558	-0.021929
0.147300	-0.015093	-0.016558	-0.023883	-0.018756	-0.016070	-0.017047	-0.017779	-0.019244	-0.017291	-0.017291	-0.021197
0.147400	-0.016802	-0.017047	-0.025103	-0.016802	-0.015338	-0.017535	-0.018267	-0.019732	-0.015338	-0.015582	-0.020709
0.147500	-0.019244	-0.018023	-0.026324	-0.015582	-0.013873	-0.017291	-0.016802	-0.019000	-0.016314	-0.014361	-0.019732
0.147600	-0.020220	-0.019976	-0.026324	-0.013384	-0.016070	-0.016558	-0.016802	-0.016314	-0.016070	-0.013629	-0.017291
0.147700	-0.019000	-0.019732	-0.022906	-0.013384	-0.017779	-0.013873	-0.016070	-0.016070	-0.017047	-0.014605	-0.014117
0.147800	-0.021197	-0.017535	-0.019000	-0.012896	-0.019244	-0.013384	-0.017291	-0.013873	-0.015582	-0.015338	-0.012408
0.147900	-0.021441	-0.016802	-0.018511	-0.014361	-0.019976	-0.017047	-0.017535	-0.014361	-0.015826	-0.016802	-0.013629
0.148000	-0.021685	-0.017291	-0.018511	-0.015093	-0.019732	-0.017291	-0.017047	-0.013629	-0.016314	-0.018023	-0.014605
0.148100	-0.020953	-0.018023	-0.017779	-0.016070	-0.020465	-0.016314	-0.018511	-0.014361	-0.017291	-0.018511	-0.015093
0.148200	-0.019000	-0.018267	-0.017535	-0.017047	-0.021197	-0.016070	-0.018511	-0.015338	-0.016802	-0.020709	-0.015338
0.148300	-0.018023	-0.016802	-0.018023	-0.018023	-0.020709	-0.018267	-0.019000	-0.017291	-0.018267	-0.020465	-0.018267
0.148400	-0.018511	-0.018267	-0.021197	-0.020465	-0.018267	-0.019976	-0.019000	-0.017535	-0.018511	-0.021197	-0.020465
0.148500	-0.017779	-0.019732	-0.021929	-0.021441	-0.015582	-0.019732	-0.018267	-0.019000	-0.019244	-0.021197	-0.021929
0.148600	-0.017291	-0.019732	-0.023394	-0.020709	-0.012652	-0.018756	-0.017779	-0.019732	-0.018267	-0.020953	-0.021929
0.148700	-0.018023	-0.017779	-0.025592	-0.019000	-0.012164	-0.018267	-0.016070	-0.020465	-0.018511	-0.018267	-0.021441
0.148800	-0.017779	-0.017779	-0.026812	-0.016802	-0.012164	-0.018511	-0.014361	-0.020220	-0.018267	-0.015338	-0.020953
0.148900	-0.016802	-0.017779	-0.025592	-0.015826	-0.011675	-0.016558	-0.012652	-0.019732	-0.016314	-0.012896	-0.018267
0.149000	-0.017779	-0.016558	-0.023638	-0.013873	-0.011920	-0.014117	-0.013873	-0.017779	-0.014117	-0.012652	-0.016314
0.149100	-0.018023	-0.015826	-0.020465	-0.012164	-0.012896	-0.013140	-0.014605	-0.015826	-0.014361	-0.012164	-0.013384
0.149200	-0.016558	-0.015582	-0.018756	-0.011675	-0.014605	-0.013140	-0.012896	-0.014605	-0.015093	-0.010699	-0.012652
0.149300	-0.015582	-0.014605	-0.017535	-0.011675	-0.015093	-0.012896	-0.011920	-0.012896	-0.014605	-0.012408	-0.011920
0.149400	-0.015338	-0.013384	-0.014605	-0.009478	-0.015582	-0.013140	-0.012408	-0.012408	-0.012408	-0.013873	-0.011675
0.149500	-0.016070	-0.013629	-0.014117	-0.008990	-0.014117	-0.013384	-0.014605	-0.012652	-0.012896	-0.015093	-0.013873
0.149600	-0.015338	-0.013629	-0.015582	-0.011431	-0.012896	-0.013140	-0.015093	-0.011675	-0.014117	-0.015093	-0.015582
0.149700	-0.012408	-0.013384	-0.013873	-0.013873	-0.010943	-0.014605	-0.014117	-0.009966	-0.016070	-0.014117	-0.016802
0.149800	-0.011431	-0.012408	-0.015826	-0.015093	-0.009722	-0.014605	-0.014361	-0.010455	-0.014605	-0.013873	-0.016070
0.149900	-0.011920	-0.011187	-0.015582	-0.014361	-0.008746	-0.014605	-0.015093	-0.012652	-0.014605	-0.013140	-0.018267
0.150000	-0.011920	-0.012408	-0.018023	-0.014117	-0.006792	-0.013384	-0.013384	-0.014605	-0.014117	-0.012652	-0.019976
0.150100	-0.011431	-0.012652	-0.019244	-0.013384	-0.006060	-0.012896	-0.011920	-0.014605	-0.013384	-0.010455	-0.018267
0.150200	-0.009478	-0.011431	-0.018267	-0.011187	-0.006304	-0.011187	-0.010455	-0.013384	-0.011675	-0.009234	-0.015093
0.150300	-0.011187	-0.009722	-0.017535	-0.007769	-0.006548	-0.009478	-0.009478	-0.013384	-0.008990	-0.008257	-0.012652
0.150400	-0.012164	-0.008990	-0.016070	-0.004595	-0.008501	-0.008013	-0.009234	-0.012652	-0.007769	-0.008013	-0.012164
0.150500	-0.012652	-0.010455	-0.014605	-0.004595	-0.010455	-0.008013	-0.008990	-0.009478	-0.008746	-0.007281	-0.009966
0.150600	-0.012164	-0.009722	-0.011920	-0.004839	-0.010943	-0.006548	-0.008501	-0.007037	-0.009234	-0.008990	-0.008501
0.150700	-0.012652	-0.008990	-0.010943	-0.005816	-0.011920	-0.007281	-0.009234	-0.005328	-0.008746	-0.009722	-0.007525
0.150800	-0.011920	-0.008746	-0.008257	-0.006304	-0.012408	-0.008501	-0.009722	-0.006304	-0.009234	-0.010943	-0.009234
0.150900	-0.012164	-0.009478	-0.009478	-0.008746	-0.012164	-0.009234	-0.009722	-0.006304	-0.009722	-0.011431	-0.011431
0.151000	-0.010699	-0.009234	-0.010455	-0.009966	-0.011431	-0.008257	-0.010943	-0.007281	-0.011187	-0.013384	-0.012408
0.151100	-0.010455	-0.009722	-0.012896	-0.012164	-0.009722	-0.008990	-0.013629	-0.008501	-0.011675	-0.013384	-0.012896
0.151200	-0.009722	-0.009234	-0.012896	-0.013873	-0.011431	-0.010455	-0.013140	-0.011431	-0.012164	-0.011920	-0.014361
0.151300	-0.009722	-0.009722	-0.015093	-0.015582	-0.010455	-0.012164	-0.011187	-0.012164	-0.012408	-0.010699	-0.016070
0.151400	-0.009722	-0.010943	-0.016070	-0.013873	-0.009722	-0.011920	-0.010699	-0.013384	-0.012652	-0.012164	-0.016558
0.151500	-0.009722	-0.011187	-0.017779	-0.011920	-0.009722	-0.011431	-0.011431	-0.014361	-0.011675	-0.013140	-0.014605
0.151600	-0.009478	-0.011187	-0.018756	-0.011187	-0.009966	-0.010699	-0.010699	-0.014605	-0.009478	-0.011675	-0.014361
0.151700	-0.011675	-0.010699	-0.019244	-0.009966	-0.010455	-0.011187	-0.008990	-0.012408	-0.008746	-0.010455	-0.012164
0.151800	-0.011675	-0.010455	-0.018267	-0.008746	-0.011431	-0.009234	-0.008257	-0.010943	-0.008990	-0.009234	-0.010943
0.151900	-0.012408	-0.010943	-0.018023	-0.006060	-0.010455	-0.008746	-0.008013	-0.009478	-0.009966	-0.009478	-0.008990
0.152000	-0.013140	-0.010455	-0.016802	-0.006548	-0.011431	-0.007525	-0.009722	-0.008257	-0.010455	-0.010455	-0.008746
0.152100	-0.013140	-0.010455	-0.015826	-0.008501	-0.013140	-0.006304	-0.010455	-0.006792	-0.011920	-0.011675	-0.008990
0.152200	-0.012408	-0.009966	-0.013384	-0.010943	-0.013873	-0.007769	-0.008990	-0.005816	-0.012164	-0.010943	-0.010455
0.152300	-0.012164	-0.009722	-0.014361	-0.011675	-0.012652	-0.009234	-0.011187	-0.008257	-0.010699	-0.012652	-0.011187
0.152400	-0.012408	-0.010455	-0.015093	-0.012164	-0.011675	-0.010455	-0.013140	-0.011187	-0.011187	-0.014117	-0.012896
0.152500	-0.011431	-0.010699	-0.015582	-0.014361	-0.011431	-0.011431	-0.013873	-0.012408	-0.011920	-0.014361	-0.014361
0.152600	-0.009478	-0.011187	-0.015093	-0.016070	-0.011431	-0.011675	-0.013629	-0.012652	-0.012896	-0.012652	-0.015582
0.152700	-0.008257	-0.011431	-0.016558	-0.015582	-0.009478	-0.012164	-0.013140	-0.013629	-0.011431	-0.012896	-0.016070
0.152800	-0.009722	-0.010455	-0.018023	-0.013140	-0.008013	-0.011675	-0.011920	-0.015582	-0.010699	-0.012896	-0.015826
0.152900	-0.010699	-0.010699	-0.018756	-0.010699	-0.007281	-0.011431	-0.011187	-0.016070	-0.009234	-0.012164	-0.015582
0.153000	-0.011187	-0.010943	-0.019976	-0.008990	-0.007769	-0.009966	-0.009966	-0.013384	-0.009234	-0.011187	-0.013629
0.153100	-0.011187	-0.009966	-0.020465	-0.007769	-0.007281	-0.008501	-0.007525	-0.010699	-0.008257	-0.008746	-0.010943
0.153200	-0.010943	-0.008746	-0.019244	-0.004839	-0.006792	-0.006548	-0.007281	-0.009234	-0.007037	-0.008013	-0.008257
0.153300	-0.012164	-0.008257	-0.015582	-0.002642	-0.006548	-0.004595	-0.006792	-0.007525	-0.006792	-0.006548	-0.008013
0.153400	-0.011675	-0.008501	-0.011920	-0.002886	-0.008746	-0.004839	-0.007037	-0.005816	-0.007037	-0.006060	-0.007525
0.153500	-0.010455	-0.008257	-0.010943	-0.004351	-0.008501	-0.003863	-0.006792	-0.003863	-0.006548	-0.006792	-0.005328
0.153600	-0.008501	-0.007037	-0.006304	-0.006548	-0.008990	-0.005328	-0.007281	-0.003619	-0.007281	-0.008013	-0.004595
0.153700	-0.006792	-0.006060	-0.006304	-0.007281	-0.008990	-0.005328	-0.007769	-0.005328	-0.008257	-0.008746	-0.006548
0.153800	-0.006304	-0.006060	-0.006548	-0.007769	-0.008013	-0.006792	-0.007769	-0.006792	-0.006548	-0.008501	-0.007769
0.153900	-0.004839	-0.006304	-0.007281	-0.007769	-0.005083	-0.008013	-0.008013	-0.007769	-0.006548	-0.009478	-0.009478
0.154000	-0.004595	-0.006060	-0.007525	-0.008501	-0.004107	-0.009234	-0.007281	-0.007281	-0.006060	-0.008501	-0.008746
0.154100	-0.003130	-0.005328	-0.008990	-0.006792	-0.005328	-0.008257	-0.006548	-0.008501	-0.006548	-0.007525	-0.009478
0.154200	-0.003619	-0.003619	-0.010455	-0.007525	-0.004107	-0.007281	-0.004839	-0.008746	-0.006792	-0.004839	-0.009234
0.154300	-0.003130	-0.002886	-0.010943	-0.004839	-0.001910	-0.006304	-0.003619	-0.008501	-0.006548	-0.004595	-0.009234
0.154400	-0.003863	-0.003130	-0.014117	-0.003619	-0.000445	-0.006060	-0.004351	-0.007281	-0.004351	-0.003619	-0.008990
0.154500	-0.002398	-0.003863	-0.013384	-0.001177	-0.001665	-0.003374	-0.003374	-0.006304	-0.004351	-0.002154	-0.007281
0.154600	-0.004107	-0.003374	-0.012896	-0.000445	-0.003619	-0.002886	-0.003130	-0.004595	-0.002398	-0.000445	-0.003374
0.154700	-0.003130	-0.002642	-0.008990	-0.000201	-0.005083	-0.001177	-0.002154	-0.001665	-0.002398	0.000044	-0.001177
0.154800	-0.003374	-0.002154	-0.007769	0.000532	-0.005083	-0.002154	-0.003374	-0.000689	-0.002642	-0.001421	0.000288
0.154900	-0.003374	-0.001910	-0.007037	0.000288	-0.006792	-0.002154	-0.003863	-0.001421	-0.002154	-0.002398	-0.000201
0.155000	-0.003130	-0.001421	-0.006060	-0.002154	-0.008501	-0.002886	-0.005083	-0.000689	-0.003374	-0.003619	-0.000689
0.155100	-0.002886	-0.001665	-0.004351	-0.004595	-0.009234	-0.004351	-0.004595	-0.000445	-0.003374	-0.003863	-0.002398
0.155200	-0.002642	-0.000445	-0.006304	-0.004595	-0.006548	-0.006060	-0.006060	-0.002642	-0.003863	-0.004839	-0.004839
0.155300	-0.002642	-0.001177	-0.008013	-0.004351	-0.004351	-0.007037	-0.007281	-0.005083	-0.003619	-0.005816	-0.008013
0.155400	-0.002398	-0.001177	-0.009966	-0.004839	-0.003619	-0.006304	-0.008013	-0.005328	-0.004107	-0.006060	-0.008013
0.155500	-0.002886	-0.001421	-0.011187	-0.005083	-0.002642	-0.004107	-0.006792	-0.005328	-0.004351	-0.006548	-0.008257
0.155600	-0.003130	-0.002642	-0.012652	-0.004839	-0.001421	-0.003863	-0.006304	-0.005816	-0.005816	-0.005083	-0.008257
0.155700	-0.002886	-0.002398	-0.014361	-0.003374	0.000288	-0.005083	-0.004351	-0.005816	-0.004351	-0.002886	-0.007525
0.155800	-0.002398	-0.002886	-0.015093	-0.001421	-0.001177	-0.004351	-0.002398	-0.005816	-0.002154	-0.002154	-0.006060
0.155900	-0.002642	-0.001910	-0.013873	0.001020	-0.002154	-0.001421	-0.002642	-0.003619	-0.002154	-0.002154	-0.003863
0.156000	-0.004107	-0.001910	-0.012652	0.001753	-0.002642	0.000044	-0.001665	-0.001177	-0.000689	-0.001421	-0.001910
0.156100	-0.004107	-0.001421	-0.009966	0.002729	-0.003374	0.000532	-0.001665	0.000044	0.000044	-0.000689	0.000288
0.156200	-0.003863	-0.000689	-0.007281	0.001264	-0.005083	-0.000201	-0.001177	0.000288	0.000776	-0.001421	0.001997
0.156300	-0.004595	-0.000445	-0.006060	0.001753	-0.006304	0.000044	-0.001665	0.001264	0.000288	-0.003130	0.001753
0.156400	-0.004839	-0.000201	-0.005816	0.000532	-0.006304	-0.000445	-0.003374	0.000532	0.000532	-0.003619	0.000044
0.156500	-0.004595	-0.000201	-0.005083	-0.001421	-0.004839	-0.002154	-0.002886	-0.001177	-0.002154	-0.004839	-0.001421
0.156600	-0.003619	-0.000445	-0.004107	-0.003130	-0.003619	-0.004351	-0.003130	-0.000445	-0.001665	-0.005328	-0.003619
0.156700	-0.003374	0.000288	-0.004595	-0.003619	-0.001910	-0.004839	-0.003374	-0.002154	-0.001665	-0.005083	-0.004107
0.156800	-0.003130	-0.001177	-0.007525	-0.003374	0.000532	-0.004351	-0.003130	-0.003374	0.000044	-0.004351	-0.006060
0.156900	-0.002398	-0.002154	-0.009966	-0.002886	0.001264	-0.003619	-0.003374	-0.004351	-0.001177	-0.003130	-0.005816
0.157000	-0.000445	-0.002154	-0.009966	-0.002398	0.001997	-0.002886	-0.001910	-0.003374	-0.001910	-0.001177	-0.004351
0.157100	0.001753	-0.002154	-0.009478	-0.001665	0.002729	-0.002154	-0.000445	-0.004107	-0.001665	-0.000445	-0.002154
0.157200	0.001997	-0.000689	-0.008257	0.001508	0.003217	-0.000201	0.001508	-0.003374	0.001997	0.000288	-0.000201
0.157300	0.000776	-0.000201	-0.008990	0.002973	0.003462	0.000776	0.002729	-0.002398	0.003950	0.002241	0.002485
0.157400	-0.000445	0.000044	-0.007037	0.005171	0.001264	0.002973	0.004438	-0.000201	0.003462	0.002485	0.005415
0.157500	0.000044	0.000532	-0.003619	0.006391	-0.000201	0.004682	0.003462	0.001508	0.003462	0.002973	0.007856
0.157600	0.000776	0.004194	-0.000689	0.006880	-0.001177	0.003950	0.002729	0.004194	0.003950	0.002973	0.007856
0.157700	0.000532	0.005415	-0.000689	0.006391	0.000532	0.001508	0.001997	0.004194	0.003462	0.002241	0.006391
0.157800	0.000776	0.005415	-0.001421	0.006147	0.000532	0.002241	0.002241	0.004682	0.001508	0.001753	0.002485
0.157900	0.001753	0.002973	-0.002398	0.003462	0.001020	0.002241	0.000532	0.004194	0.000044	0.000044	0.001753
0.158000	0.003217	0.002973	-0.001177	0.001997	0.001753	0.000776	-0.000201	0.002973	0.001753	0.000532	0.001508
0.158100	0.003462	0.003462	-0.001665	0.000776	0.003950	-0.001421	-0.000689	0.001753	0.001753	0.001508	0.001020
0.158200	0.003950	0.003462	-0.003619	0.000288	0.005659	-0.000689	0.000288	0.000532	0.002241	0.001753	-0.001910
0.158300	0.004194	0.002973	-0.005816	0.000532	0.006391	0.000044	-0.000201	-0.000445	0.001997	0.003217	-0.001665
0.158400	0.004926	0.003217	-0.005328	0.001997	0.006635	0.001753	0.000776	-0.001177	0.002729	0.003950	0.000288
0.158500	0.004194	0.004438	-0.004351	0.002729	0.006147	0.001753	0.001264	-0.001665	0.002729	0.005171	0.001508
0.158600	0.002485	0.005415	-0.003863	0.004194	0.003462	0.002973	0.002729	0.000776	0.003950	0.005659	0.002485
0.158700	0.002973	0.003950	-0.004595	0.005903	0.003462	0.003950	0.002973	0.001997	0.004682	0.006635	0.003950
0.158800	0.001997	0.003950	-0.003863	0.008833	0.003217	0.006635	0.004438	0.004438	0.004926	0.004926	0.005171
0.158900	0.000532	0.005171	-0.002642	0.009565	0.002241	0.006880	0.002973	0.006147	0.003217	0.002973	0.006391
0.159000	0.002241	0.005903	-0.001177	0.010053	-0.000201	0.005659	0.002729	0.007612	0.003217	0.002729	0.007368
0.159100	0.001753	0.004682	0.000776	0.009077	-0.001177	0.004194	0.002973	0.007612	0.003217	0.004682	0.006391
0.159200	0.000776	0.003462	0.000288	0.007124	-0.001421	0.003950	0.002241	0.008100	0.003950	0.002485	0.005415
0.159300	-0.000201	0.002729	0.001753	0.003217	-0.001910	0.003217	-0.001177	0.006391	0.002241	0.000288	0.002973
0.159400	0.001264	0.001508	-0.000445	0.000532	-0.001421	0.001264	-0.001910	0.004194	0.001020	-0.001421	0.001264
0.159500	0.002485	0.001753	-0.001910	-0.004351	-0.000201	-0.000689	-0.001421	0.001508	0.001264	-0.001177	-0.000201
0.159600	0.002485	0.002485	-0.003130	-0.005083	0.000776	-0.000445	-0.001177	0.000044	0.002729	-0.001177	-0.001177
0.159700	0.000776	0.001753	-0.006060	-0.003619	0.000776	0.000044	-0.000689	-0.001910	0.002729	-0.001421	-0.002154
0.159800	-0.000689	0.000044	-0.009234	-0.000445	0.001020	0.000776	-0.001665	-0.003863	0.001264	-0.000689	-0.002886
0.159900	-0.000689	-0.000445	-0.008746	0.000532	0.000532	0.000288	0.000044	-0.003130	0.000532	-0.000201	-0.001665
0.160000	0.000044	-0.000445	-0.008501	0.001020	0.000776	0.000532	0.001997	-0.000201	0.002729	0.001508	0.001264
0.160100	-0.001910	0.001264	-0.010699	0.002729	-0.001177	0.001508	0.002729	0.001264	0.002973	0.001753	0.001753
0.160200	-0.003130	-0.000201	-0.008013	0.004438	-0.002154	0.001508	0.001020	0.001264	0.003217	0.002485	0.001997
0.160300	-0.003863	-0.000689	-0.008257	0.005415	-0.002642	0.001753	0.001264	0.001997	0.001753	0.001997	0.003462
0.160400	-0.001421	-0.000689	-0.004839	0.003950	-0.003863	0.002485	-0.000201	0.002973	0.001264	0.001508	0.006147
0.160500	-0.001177	0.001020	-0.002154	0.002485	-0.002886	0.001020	-0.000689	0.003950	0.000288	0.000532	0.005171
0.160600	-0.001910	0.000776	-0.003130	0.000776	-0.003619	-0.000445	-0.001910	0.002241	0.001264	-0.000445	0.003217
0.160700	-0.001910	-0.001665	-0.004107	-0.001910	-0.003130	-0.001421	-0.002398	0.000532	0.000044	-0.001665	0.000532
0.160800	-0.001665	-0.000689	-0.005083	-0.003619	-0.001910	-0.001665	-0.003619	-0.000689	-0.000445	-0.003863	0.000044
0.160900	-0.000201	-0.001177	-0.006792	-0.003619	-0.000689	-0.001910	-0.003619	-0.002154	-0.000689	-0.003619	-0.001665
0.161000	-0.000201	0.001020	-0.008013	-0.003130	0.000044	-0.003619	-0.002886	-0.004351	0.000288	-0.002154	-0.002398
0.161100	-0.001177	0.000532	-0.007769	-0.002398	0.001508	-0.003374	-0.001421	-0.004839	0.000044	-0.000201	-0.005328
0.161200	-0.001421	0.000044	-0.009234	0.000044	0.002973	-0.001421	-0.001421	-0.004107	0.000288	0.000288	-0.004107
0.161300	-0.000689	-0.001665	-0.011187	0.001264	0.003462	0.000044	-0.001910	-0.003374	0.000288	0.001753	-0.002398
0.161400	-0.000201	-0.000201	-0.009722	0.002485	0.002729	0.000532	0.000044	-0.001665	0.002241	0.002973	0.001020
0.161500	-0.001421	0.000044	-0.008501	0.002241	0.002485	0.001508	0.002241	0.001753	0.003950	0.004438	0.001508
0.161600	-0.001665	0.000532	-0.006548	0.005903	0.001997	0.003217	0.001997	0.001753	0.002973	0.003217	0.003217
0.161700	-0.001177	-0.000445	-0.004351	0.005903	0.000776	0.004438	0.001020	0.001753	0.003217	0.002241	0.004194
0.161800	-0.001177	0.000288	-0.003374	0.004926	-0.000445	0.004926	-0.000689	0.002485	0.004194	0.001997	0.005415
0.161900	-0.001665	0.001020	-0.003619	0.001997	-0.002398	0.004682	-0.000445	0.003462	0.002241	0.001264	0.005415
0.162000	-0.002154	-0.000445	-0.001177	0.000044	-0.006060	0.003462	-0.001421	0.002729	0.002241	0.000532	0.003217
0.162100	-0.002154	-0.000689	-0.001177	-0.001910	-0.004839	0.000044	-0.002398	0.000288	0.000776	-0.001177	0.001997
0.162200	-0.003619	-0.000445	-0.003619	-0.001665	-0.002886	-0.002154	-0.005816	-0.002886	-0.000201	-0.002154	0.000532
0.162300	-0.002642	-0.001665	-0.006304	-0.003374	-0.002154	-0.003374	-0.006304	-0.001910	-0.002154	-0.002398	-0.001910
0.162400	-0.001177	-0.001421	-0.007281	-0.003863	-0.002154	-0.002398	-0.005328	-0.002398	-0.001910	-0.000689	-0.003374
0.162500	-0.001665	-0.001665	-0.010699	-0.002642	-0.000445	-0.002886	-0.003619	-0.002154	-0.000689	-0.000689	-0.003130
0.162600	-0.003130	-0.003130	-0.009966	-0.001177	0.000044	-0.002642	-0.003619	-0.004351	0.000776	-0.000689	-0.002154
0.162700	-0.002398	-0.003619	-0.009966	0.000044	-0.000689	-0.001910	-0.003374	-0.003374	-0.000201	-0.000445	-0.001910
0.162800	-0.002642	-0.002886	-0.010699	0.000288	-0.002398	-0.000201	-0.002398	-0.001665	-0.000689	0.000532	0.000532
0.162900	-0.001665	-0.001665	-0.009966	0.000044	-0.004107	0.000044	-0.000689	-0.000201	-0.000201	0.000288	0.001264
0.163000	-0.003619	-0.001665	-0.008501	0.000288	-0.005083	-0.000201	-0.001177	0.000044	0.000288	0.000288	0.002729
0.163100	-0.004839	-0.002642	-0.007769	0.001508	-0.006548	0.000044	-0.002886	-0.001910	-0.001421	-0.001421	0.001753
0.163200	-0.005328	-0.003130	-0.007037	0.000288	-0.007769	-0.001177	-0.003863	-0.001177	-0.000689	-0.002398	0.002241
0.163300	-0.004595	-0.003619	-0.006548	-0.001665	-0.008990	-0.002398	-0.004595	-0.001177	-0.003374	-0.002886	0.002485
0.163400	-0.005083	-0.002398	-0.006060	-0.002398	-0.008501	-0.003863	-0.006792	-0.000689	-0.003863	-0.003130	0.000288
0.163500	-0.004839	-0.002154	-0.006792	-0.003619	-0.008501	-0.006060	-0.008013	-0.002398	-0.005083	-0.004839	-0.003130
0.163600	-0.004351	-0.004107	-0.010455	-0.004595	-0.006548	-0.007281	-0.009234	-0.003374	-0.004351	-0.005083	-0.005328
0.163700	-0.004839	-0.004351	-0.011431	-0.006792	-0.005083	-0.007769	-0.009234	-0.004595	-0.003863	-0.005328	-0.006548
0.163800	-0.004839	-0.004351	-0.015582	-0.007525	-0.004107	-0.008501	-0.007525	-0.004839	-0.003619	-0.005816	-0.007525
0.163900	-0.003619	-0.003374	-0.016070	-0.007037	-0.005083	-0.007769	-0.008257	-0.006792	-0.005328	-0.004839	-0.007769
0.164000	-0.003619	-0.003863	-0.016558	-0.005816	-0.004351	-0.007037	-0.007525	-0.007525	-0.003374	-0.004839	-0.008257
0.164100	-0.004595	-0.003863	-0.016558	-0.003619	-0.003863	-0.005816	-0.007037	-0.007037	-0.003863	-0.004107	-0.007037
0.164200	-0.006548	-0.004351	-0.016070	-0.001910	-0.004107	-0.004351	-0.006792	-0.005328	-0.002886	-0.004351	-0.005083
0.164300	-0.006792	-0.006060	-0.015582	-0.001421	-0.006548	-0.003863	-0.005816	-0.005083	-0.002886	-0.002886	-0.003619
0.164400	-0.007525	-0.006792	-0.011675	0.000044	-0.008501	-0.002886	-0.004839	-0.004595	-0.001910	-0.002154	-0.001177
0.164500	-0.008257	-0.004595	-0.008257	0.000776	-0.008257	-0.003374	-0.005328	-0.003130	-0.002154	-0.003619	0.001508
0.164600	-0.008501	-0.004595	-0.006548	0.001020	-0.007281	-0.004595	-0.006792	-0.002642	-0.001910	-0.004839	0.000044
0.164700	-0.008257	-0.005083	-0.009722	-0.000689	-0.007769	-0.004595	-0.007769	-0.002154	-0.003374	-0.006304	-0.001910
0.164800	-0.006548	-0.005083	-0.008746	-0.003374	-0.008746	-0.004351	-0.007769	-0.001910	-0.003374	-0.005816	-0.002642
0.164900	-0.005816	-0.004595	-0.008501	-0.005328	-0.007037	-0.005816	-0.007525	-0.003130	-0.004107	-0.006792	-0.003863
0.165000	-0.005816	-0.006304	-0.011431	-0.006792	-0.005328	-0.006548	-0.007281	-0.005328	-0.004107	-0.007037	-0.005083
0.165100	-0.006060	-0.005816	-0.011431	-0.006548	-0.003130	-0.006304	-0.007037	-0.007281	-0.004595	-0.007525	-0.006792
0.165200	-0.004839	-0.004595	-0.013384	-0.008257	-0.003619	-0.006060	-0.007037	-0.007525	-0.003619	-0.007037	-0.006792
0.165300	-0.006060	-0.005816	-0.012652	-0.007281	-0.003863	-0.005083	-0.005816	-0.007281	-0.003863	-0.005328	-0.007037
0.165400	-0.006060	-0.004839	-0.013140	-0.005328	-0.002886	-0.004351	-0.004839	-0.008257	-0.002642	-0.004595	-0.006548
0.165500	-0.006304	-0.005083	-0.013873	-0.002398	-0.001910	-0.005083	-0.003863	-0.009234	-0.001665	-0.002398	-0.004839
0.165600	-0.005328	-0.005083	-0.012164	-0.001177	-0.002642	-0.005816	-0.002886	-0.007769	-0.001665	-0.000689	-0.002886
0.165700	-0.005816	-0.005083	-0.011675	-0.000201	-0.004351	-0.003619	-0.002886	-0.005328	-0.001665	-0.001177	-0.000689
0.165800	-0.006304	-0.005083	-0.008501	0.000776	-0.005816	-0.002642	-0.003374	-0.003374	-0.002642	-0.002398	0.000288
0.165900	-0.006304	-0.004351	-0.008013	0.000532	-0.006792	-0.002886	-0.004351	-0.002154	-0.002886	-0.001665	0.001264
0.166000	-0.005816	-0.005328	-0.007281	0.000288	-0.006548	-0.003619	-0.004351	-0.003374	-0.003130	-0.002642	0.000776
0.166100	-0.004595	-0.003863	-0.008257	-0.000689	-0.007037	-0.003619	-0.004839	-0.003619	-0.003374	-0.002886	0.000532
0.166200	-0.005083	-0.003863	-0.007769	-0.001177	-0.007281	-0.004351	-0.007037	-0.004595	-0.004107	-0.003863	-0.001665
0.166300	-0.004351	-0.003863	-0.008257	-0.003374	-0.006304	-0.006060	-0.007525	-0.005083	-0.006060	-0.004107	-0.003863
0.166400	-0.003619	-0.004351	-0.007281	-0.006792	-0.006060	-0.007037	-0.008257	-0.006304	-0.006060	-0.003374	-0.006304
0.166500	-0.003130	-0.003863	-0.008257	-0.008257	-0.004107	-0.007769	-0.007281	-0.005328	-0.006304	-0.004595	-0.007525
0.166600	-0.003619	-0.003619	-0.012896	-0.007525	-0.004107	-0.007769	-0.008257	-0.007525	-0.006304	-0.004595	-0.008501
0.166700	-0.003130	-0.004595	-0.013384	-0.006304	-0.002642	-0.007769	-0.006792	-0.008990	-0.006304	-0.004595	-0.008501
0.166800	-0.003130	-0.004107	-0.014117	-0.004351	-0.003130	-0.008013	-0.007281	-0.008990	-0.004595	-0.003619	-0.007525
0.166900	-0.003863	-0.004839	-0.013384	-0.002886	-0.004107	-0.007769	-0.006792	-0.007037	-0.005328	-0.003863	-0.005816
0.167000	-0.004351	-0.005083	-0.013873	-0.001177	-0.005816	-0.006304	-0.006548	-0.005083	-0.003130	-0.003130	-0.005816
0.167100	-0.007037	-0.005328	-0.015338	0.000288	-0.007037	-0.004595	-0.006792	-0.004595	-0.003130	-0.003374	-0.004107
0.167200	-0.008257	-0.005816	-0.013873	-0.000201	-0.008990	-0.003863	-0.006792	-0.003863	-0.003619	-0.002642	-0.003374
0.167300	-0.007525	-0.004839	-0.010943	-0.000689	-0.011431	-0.003619	-0.006792	-0.003374	-0.005328	-0.004107	-0.003374
0.167400	-0.006548	-0.004595	-0.010699	-0.002154	-0.011675	-0.006304	-0.007525	-0.003130	-0.005083	-0.005816	-0.004839
0.167500	-0.007281	-0.004351	-0.008746	-0.004107	-0.011431	-0.007525	-0.008501	-0.003374	-0.004595	-0.007037	-0.006548
0.167600	-0.008501	-0.004839	-0.012164	-0.005083	-0.011187	-0.008013	-0.009234	-0.004595	-0.006304	-0.007525	-0.008990
0.167700	-0.008013	-0.008257	-0.012408	-0.008013	-0.011675	-0.008501	-0.010943	-0.004839	-0.007525	-0.008013	-0.009966
0.167800	-0.007525	-0.007525	-0.009722	-0.008990	-0.009966	-0.011187	-0.011675	-0.007037	-0.007769	-0.008990	-0.009234
0.167900	-0.008013	-0.007281	-0.012896	-0.009966	-0.008746	-0.012164	-0.010699	-0.009478	-0.006792	-0.008257	-0.008013
0.168000	-0.008257	-0.007281	-0.016802	-0.009478	-0.007281	-0.012164	-0.010455	-0.009966	-0.006304	-0.008990	-0.010455
0.168100	-0.008501	-0.008746	-0.017779	-0.007525	-0.007281	-0.010455	-0.010455	-0.009966	-0.007281	-0.008990	-0.010943
0.168200	-0.008501	-0.009234	-0.017291	-0.006060	-0.007281	-0.008746	-0.008746	-0.010699	-0.006792	-0.008013	-0.009722
0.168300	-0.008501	-0.008501	-0.017291	-0.004351	-0.008257	-0.008746	-0.006792	-0.009234	-0.006304	-0.005816	-0.007525
0.168400	-0.008013	-0.007769	-0.017047	-0.002886	-0.007769	-0.008257	-0.006060	-0.008257	-0.004107	-0.004595	-0.006304
0.168500	-0.008013	-0.008501	-0.015093	-0.002154	-0.008501	-0.005328	-0.005083	-0.008257	-0.005083	-0.004595	-0.005328
0.168600	-0.007769	-0.008501	-0.014361	-0.001177	-0.007769	-0.004839	-0.005816	-0.006060	-0.004351	-0.005083	-0.004107
0.168700	-0.006548	-0.007281	-0.012408	-0.001421	-0.007281	-0.004839	-0.006060	-0.005816	-0.005083	-0.006304	-0.003863
0.168800	-0.007037	-0.006060	-0.011431	-0.002642	-0.008501	-0.006548	-0.006060	-0.004595	-0.004595	-0.006792	-0.003619
0.168900	-0.006060	-0.006060	-0.009722	-0.004107	-0.008257	-0.007037	-0.006060	-0.005083	-0.003374	-0.003863	-0.004839
0.169000	-0.007525	-0.004839	-0.010943	-0.005816	-0.007037	-0.008501	-0.006304	-0.004839	-0.003863	-0.003863	-0.005816
0.169100	-0.007281	-0.005816	-0.009966	-0.006548	-0.005083	-0.006792	-0.007525	-0.006304	-0.005816	-0.005083	-0.004839
0.169200	-0.005816	-0.004839	-0.010699	-0.007281	-0.004107	-0.008501	-0.009234	-0.007525	-0.006792	-0.005816	-0.006548
0.169300	-0.003374	-0.004839	-0.011187	-0.007769	-0.002886	-0.008257	-0.008746	-0.006792	-0.006060	-0.004107	-0.008013
0.169400	-0.004595	-0.004107	-0.013629	-0.007281	-0.000689	-0.007769	-0.006060	-0.008990	-0.003374	-0.002154	-0.008501
0.169500	-0.004839	-0.004839	-0.014605	-0.004107	0.000044	-0.007281	-0.005816	-0.008501	-0.002886	-0.002398	-0.008501
0.169600	-0.003130	-0.005083	-0.015338	-0.000689	0.000532	-0.005816	-0.004351	-0.008013	-0.003130	-0.001665	-0.006792
0.169700	-0.001177	-0.004351	-0.013873	0.000776	0.000288	-0.004107	-0.004107	-0.006548	-0.002886	-0.000445	-0.004595
0.169800	-0.001177	-0.002398	-0.011187	0.001020	-0.000201	-0.003619	-0.002154	-0.002642	-0.000201	0.001264	-0.002886
0.169900	-0.002154	-0.002154	-0.008990	0.002241	-0.001177	-0.001421	-0.002154	-0.000689	0.000044	0.001020	-0.002154
0.170000	-0.002398	-0.002398	-0.010455	0.003950	-0.002642	-0.000201	-0.003619	-0.000445	-0.000689	0.000288	-0.002154
0.170100	-0.002154	-0.003130	-0.008013	0.003217	-0.004107	-0.000445	-0.003619	-0.000445	-0.002154	0.000288	-0.000201
0.170200	-0.002154	-0.002398	-0.005328	0.002485	-0.003619	-0.001177	-0.004351	0.000288	-0.002398	0.000532	0.002241
0.170300	-0.001910	-0.000201	-0.003863	0.000532	-0.004351	-0.002398	-0.004839	0.001508	-0.001910	-0.000689	0.000532
0.170400	-0.003130	-0.000445	-0.004107	0.000288	-0.004351	-0.003130	-0.004839	0.000288	-0.001910	-0.001910	-0.002642
0.170500	-0.003130	-0.001910	-0.005083	-0.002154	-0.003619	-0.003374	-0.005816	-0.001421	-0.002154	-0.003130	-0.003863
0.170600	-0.001665	-0.002154	-0.006548	-0.003130	-0.001665	-0.003863	-0.004839	-0.001665	-0.003619	-0.003619	-0.004351
0.170700	0.000044	-0.000689	-0.007037	-0.003374	-0.001665	-0.004595	-0.005328	-0.000689	-0.003130	-0.002398	-0.004839
0.170800	-0.000201	-0.001910	-0.008746	-0.002398	-0.000201	-0.005083	-0.003374	-0.002886	-0.001421	-0.000201	-0.006548
0.170900	-0.000201	-0.001665	-0.010455	-0.002154	0.000044	-0.004839	-0.003130	-0.003619	-0.000201	-0.000689	-0.006304
0.171000	-0.000445	-0.003619	-0.011431	0.000532	0.000288	-0.003130	-0.002642	-0.003130	-0.000201	-0.002154	-0.006060
0.171100	0.000288	-0.002886	-0.009478	0.002241	0.000044	-0.001421	-0.002642	-0.002886	0.000044	-0.000689	-0.002398
0.171200	-0.000201	-0.001910	-0.009966	0.002973	-0.001177	-0.001665	-0.001177	-0.001910	0.000776	0.001753	0.000288
0.171300	-0.000689	-0.000689	-0.007769	0.005171	-0.003130	-0.001177	0.000044	-0.000445	0.000776	0.002729	0.001264
0.171400	-0.001665	-0.001421	-0.004595	0.005659	-0.003619	0.000288	-0.001910	0.000044	0.000532	0.001264	0.002241
0.171500	-0.000689	-0.000445	-0.003374	0.005659	-0.004107	0.000044	-0.002642	0.000288	-0.001910	-0.000201	0.001997
0.171600	-0.000445	-0.000201	-0.003863	0.004194	-0.005816	-0.000689	-0.003619	0.001264	-0.000689	-0.001177	0.003217
0.171700	-0.001177	0.000044	-0.003130	0.001020	-0.005328	-0.002886	-0.002886	0.002241	-0.001665	-0.000201	0.001020
0.171800	-0.000445	0.000044	-0.003863	0.000044	-0.004595	-0.003374	-0.002398	0.001264	0.000044	-0.001665	-0.000445
0.171900	0.000532	0.000044	-0.005816	0.000776	-0.002886	-0.004351	-0.002886	-0.000445	-0.001177	-0.002642	-0.003374
0.172000	0.001264	0.000776	-0.006060	-0.000201	0.001264	-0.003863	-0.001910	-0.000689	-0.000689	-0.003130	-0.003130
0.172100	0.001997	0.001020	-0.008257	-0.001910	0.002729	-0.003374	-0.000445	-0.000445	-0.000445	-0.001177	-0.004351
0.172200	0.003217	0.001020	-0.008990	-0.000689	0.002973	-0.000689	0.001264	-0.001421	0.000288	0.000532	-0.004107
0.172300	0.002485	0.001264	-0.008746	0.001020	0.003950	0.000288	0.001264	-0.002398	0.001997	0.001753	-0.003863
0.172400	0.001508	0.001753	-0.009234	0.004194	0.005903	-0.000445	0.001997	-0.002642	0.003217	0.001753	-0.002642
0.172500	0.001508	0.002241	-0.007037	0.005659	0.006147	0.000288	0.001997	-0.001177	0.003217	0.002729	-0.000445
0.172600	0.003217	0.002485	-0.006792	0.006391	0.004926	0.002485	0.002973	0.001264	0.004682	0.002973	0.001997
0.172700	0.002485	0.002973	-0.003619	0.007368	0.003217	0.002729	0.003950	0.002241	0.004926	0.005415	0.004682
0.172800	0.002241	0.003950	-0.004107	0.009077	0.002485	0.003217	0.002973	0.001508	0.005415	0.004926	0.004682
0.172900	0.001753	0.002729	-0.002154	0.008589	0.001264	0.002973	0.001753	0.002729	0.004682	0.002729	0.004926
0.173000	0.002729	0.002729	-0.002154	0.008100	0.000532	0.002973	0.001753	0.005171	0.004194	0.002729	0.005903
0.173100	0.002973	0.003217	0.000532	0.005171	0.000044	0.003462	0.002241	0.005659	0.004682	0.001997	0.005415
0.173200	0.004194	0.004194	-0.001421	0.004194	0.000776	0.002729	0.002729	0.005903	0.005171	0.002241	0.003462
0.173300	0.001997	0.004438	-0.000445	0.002485	0.002241	0.001997	0.003217	0.004438	0.005171	0.001753	0.000776
0.173400	0.002729	0.003462	-0.002642	0.002241	0.004926	0.001753	0.002729	0.002973	0.005171	0.001264	0.000288
0.173500	0.002973	0.002241	-0.003130	0.001264	0.005659	0.002485	0.003217	0.001753	0.004926	0.001753	0.000776
0.173600	0.003217	0.002485	-0.003130	0.001508	0.005903	0.001997	0.003217	0.002729	0.005659	0.002485	0.001020
0.173700	0.002729	0.002973	-0.004107	0.002241	0.004438	0.002241	0.004194	0.000532	0.004194	0.003462	0.000776
0.173800	0.004926	0.002729	-0.004839	0.004926	0.005171	0.002729	0.003950	0.000288	0.004926	0.004194	0.002729
0.173900	0.004438	0.001508	-0.002398	0.006391	0.005171	0.003950	0.003462	0.000776	0.004926	0.004682	0.004194
0.174000	0.003950	0.001997	-0.003374	0.007612	0.003950	0.004682	0.003462	0.001997	0.006391	0.004194	0.007124
0.174100	0.003217	0.001264	-0.001177	0.007856	-0.000445	0.004926	0.004194	0.003217	0.005171	0.005415	0.007368
0.174200	0.003950	0.001020	-0.000689	0.007856	-0.001421	0.004682	0.004682	0.003462	0.005171	0.004926	0.007856
0.174300	0.004194	0.001508	0.001508	0.007368	-0.001421	0.003950	0.002241	0.004194	0.003950	0.003462	0.007612
0.174400	0.003462	0.002729	0.001508	0.005903	-0.000689	0.002729	0.001264	0.004194	0.003217	0.001997	0.006147
0.174500	0.003217	0.002729	-0.000445	0.002973	-0.001910	0.002729	0.000776	0.003950	0.002485	0.001508	0.004194
0.174600	0.002729	0.002241	-0.003374	0.001508	-0.001910	0.001020	0.001264	0.003950	0.001753	0.001753	0.002485
0.174700	0.003462	0.002241	-0.003619	-0.000201	-0.000689	-0.000445	0.001997	0.002241	0.001264	0.001508	0.001753
0.174800	0.002485	0.002973	-0.002154	0.000288	0.001020	-0.001421	0.001020	0.000776	0.001753	0.000776	0.000044
0.174900	0.002485	0.001997	-0.004839	0.000776	0.001264	-0.000689	0.000532	-0.000445	0.000044	0.001753	-0.001177
0.175000	0.001997	0.002485	-0.007281	0.000044	0.000288	-0.001665	0.001020	0.000288	0.001264	0.002973	-0.001421
0.175100	0.003217	0.001997	-0.007037	0.001508	0.000288	-0.001177	0.001264	0.000288	0.000532	0.003217	-0.001910
0.175200	0.002973	0.001753	-0.007281	0.003950	0.000288	-0.001177	0.001020	-0.001177	0.000776	0.003462	-0.000445
0.175300	0.002485	0.000776	-0.007281	0.005659	0.001997	-0.001665	0.001264	-0.001421	0.002241	0.004438	0.000288
0.175400	0.002729	0.001020	-0.007525	0.005903	0.001020	-0.000689	0.000532	-0.000201	0.003950	0.004194	0.001264
0.175500	0.001264	-0.000689	-0.006548	0.005903	-0.001177	0.000776	0.000776	0.001997	0.003462	0.002973	0.002485
0.175600	0.001264	0.001020	-0.005328	0.005659	-0.003619	0.002973	0.000044	0.003217	0.002729	0.001753	0.002729
0.175700	0.001508	0.000776	-0.003374	0.005415	-0.003374	0.002729	-0.000445	0.002241	0.001020	0.001020	0.002973
0.175800	0.000532	0.001264	-0.002886	0.003950	-0.003374	-0.000201	-0.001421	0.001753	0.001264	0.001020	0.001264
0.175900	-0.000445	0.000288	-0.004107	0.001508	-0.003619	-0.001177	-0.000201	0.001753	-0.000201	0.000288	0.001020
0.176000	-0.001177	0.000532	-0.004595	0.000532	-0.003863	-0.001177	-0.001421	0.001997	-0.000445	-0.001421	-0.001421
0.176100	-0.001665	-0.000445	-0.004351	-0.000689	-0.003863	-0.000689	-0.002154	0.000288	-0.001421	-0.002154	-0.002886
0.176200	-0.001665	-0.000445	-0.004839	-0.001421	-0.002398	-0.002642	-0.000689	-0.000689	-0.000201	-0.002154	-0.003374
0.176300	-0.001910	-0.001421	-0.008013	-0.002642	-0.001665	-0.002642	0.000288	-0.001910	0.000288	-0.000689	-0.004351
0.176400	-0.001910	-0.001910	-0.008501	-0.001177	-0.000445	-0.002398	0.000044	-0.003374	0.001508	-0.002398	-0.005083
0.176500	-0.001421	-0.001910	-0.009478	0.000288	-0.000689	-0.002154	0.000044	-0.004839	0.001264	-0.001665	-0.004107
0.176600	-0.001665	-0.002642	-0.009478	0.000288	-0.000201	-0.002154	0.000044	-0.003619	0.001997	-0.000201	-0.003374
0.176700	-0.001665	-0.003374	-0.007769	0.001264	0.000044	-0.002154	0.000532	-0.003863	0.003462	0.000532	-0.001421
0.176800	-0.002154	-0.002642	-0.007769	0.002241	-0.002154	-0.000201	0.000532	-0.002642	0.003462	0.000776	-0.000445
0.176900	-0.002886	-0.002886	-0.008013	0.002241	-0.002154	0.000532	0.000532	-0.003130	0.002973	0.000532	0.001020
0.177000	-0.003863	-0.003130	-0.005816	0.002241	-0.005083	0.000288	0.000044	-0.002398	0.001508	-0.000201	0.000532
0.177100	-0.003130	-0.002398	-0.002398	0.001264	-0.005083	-0.000201	-0.000445	-0.002398	-0.001910	-0.000445	0.002241
0.177200	-0.001177	-0.003863	-0.003130	-0.000201	-0.004351	-0.001910	-0.002398	-0.002398	-0.003130	-0.001665	0.001020
0.177300	-0.002642	-0.003619	-0.004839	-0.001421	-0.003863	-0.001910	-0.002642	-0.004839	-0.001177	-0.001665	0.000532
0.177400	-0.003130	-0.003863	-0.003863	-0.003863	-0.005328	-0.002398	-0.002886	-0.004107	-0.000689	-0.001910	-0.000689
0.177500	-0.002886	-0.003619	-0.003863	-0.005328	-0.004351	-0.002886	-0.002642	-0.004595	-0.001665	-0.003130	-0.001177
0.177600	-0.000445	-0.004107	-0.006304	-0.005083	-0.002886	-0.005816	-0.002398	-0.004107	-0.002398	-0.003374	-0.002642
0.177700	0.000288	-0.002154	-0.006304	-0.004839	-0.000445	-0.006060	-0.001177	-0.005328	-0.001665	-0.002398	-0.002886
0.177800	0.000776	-0.001421	-0.009234	-0.003619	-0.001177	-0.004351	-0.001665	-0.005083	-0.001665	-0.001910	-0.005328
0.177900	-0.000689	-0.001665	-0.010455	-0.001177	-0.000689	-0.002642	-0.001910	-0.005328	-0.001177	-0.001421	-0.006792
0.178000	-0.000201	-0.003863	-0.009478	0.000288	-0.001177	-0.002886	-0.002642	-0.005083	-0.002886	0.000044	-0.005083
0.178100	-0.000689	-0.003374	-0.009234	0.000044	-0.000689	-0.003374	-0.003130	-0.006304	-0.002398	0.000288	-0.002398
0.178200	-0.002154	-0.002398	-0.008501	0.000044	-0.002398	-0.003374	-0.003130	-0.004595	-0.002154	-0.000201	-0.001910
0.178300	-0.003619	-0.002154	-0.006548	0.000532	-0.002886	-0.001665	-0.003130	-0.005816	-0.002154	0.000288	-0.002398
0.178400	-0.003863	-0.003863	-0.006304	0.000044	-0.004351	-0.002398	-0.003863	-0.005816	-0.002642	-0.001421	-0.002886
0.178500	-0.003619	-0.003863	-0.004839	-0.000445	-0.005328	-0.003619	-0.004351	-0.004839	-0.003130	-0.000689	-0.001421
0.178600	-0.003374	-0.002886	-0.002886	-0.001421	-0.006304	-0.006060	-0.005816	-0.004351	-0.004107	-0.001177	-0.001910
0.178700	-0.003130	-0.004107	-0.002642	-0.001910	-0.007525	-0.006548	-0.006792	-0.003863	-0.003130	-0.002154	-0.002398
0.178800	-0.003619	-0.002642	-0.004351	-0.003130	-0.006548	-0.006304	-0.007037	-0.003863	-0.003863	-0.002886	-0.005328
0.178900	-0.002398	-0.003374	-0.006792	-0.003374	-0.005083	-0.005328	-0.007525	-0.003374	-0.004595	-0.005083	-0.005816
0.179000	-0.000689	-0.002886	-0.006304	-0.002886	-0.003863	-0.005328	-0.006060	-0.003130	-0.005083	-0.006304	-0.007525
0.179100	-0.001177	-0.002886	-0.007769	-0.002398	-0.003374	-0.006548	-0.004839	-0.003619	-0.003863	-0.004839	-0.007525
0.179200	-0.003374	-0.003130	-0.008013	-0.001421	-0.002642	-0.007037	-0.001910	-0.004107	-0.002642	-0.002154	-0.008746
0.179300	-0.004107	-0.003619	-0.008013	-0.000689	-0.002642	-0.004595	-0.001665	-0.005816	-0.003619	-0.002886	-0.007769
0.179400	-0.003130	-0.005328	-0.008501	0.000776	-0.002886	-0.003619	-0.003619	-0.004839	-0.004839	-0.003130	-0.007281
0.179500	-0.002154	-0.005816	-0.006548	0.001264	-0.003130	-0.003863	-0.004595	-0.005083	-0.003374	-0.002886	-0.004107
0.179600	-0.003374	-0.004595	-0.005816	-0.000201	-0.004351	-0.005083	-0.003619	-0.004595	-0.001665	-0.001421	-0.003619
0.179700	-0.005816	-0.004595	-0.006548	0.000288	-0.005083	-0.006060	-0.002398	-0.004351	-0.001421	-0.002154	-0.004107
0.179800	-0.005083	-0.006548	-0.007037	0.000288	-0.006548	-0.005328	-0.003619	-0.004107	-0.002642	-0.003130	-0.003374
0.179900	-0.003863	-0.005083	-0.001910	0.001264	-0.008013	-0.004839	-0.004107	-0.005328	-0.002886	-0.004107	-0.000689
0.180000	-0.002886	-0.003619	-0.002154	-0.001421	-0.007769	-0.005816	-0.003863	-0.004351	-0.002886	-0.003619	-0.000689
0.180100	-0.003374	-0.002154	-0.005328	-0.003130	-0.007525	-0.006548	-0.003863	-0.002398	-0.001910	-0.004595	-0.003130
0.180200	-0.003619	-0.003130	-0.006792	-0.003619	-0.006548	-0.006060	-0.003619	-0.001665	-0.003130	-0.004839	-0.006304
0.180300	-0.002642	-0.004351	-0.006304	-0.002398	-0.004595	-0.004839	-0.004107	-0.003130	-0.003130	-0.005083	-0.006060
0.180400	-0.001910	-0.003619	-0.006304	-0.002886	-0.002642	-0.005083	-0.003863	-0.003130	-0.003619	-0.004595	-0.005816
0.180500	-0.000689	-0.002154	-0.007525	-0.003130	-0.001665	-0.006304	-0.002154	-0.003619	-0.004351	-0.003619	-0.005328
0.180600	-0.001177	-0.002642	-0.007037	-0.002398	-0.000445	-0.006792	-0.001421	-0.004351	-0.002642	-0.001421	-0.007525
0.180700	-0.001177	-0.004351	-0.008013	-0.001177	-0.001177	-0.004839	-0.001421	-0.006304	-0.000201	-0.002154	-0.006060
0.180800	-0.002642	-0.005328	-0.006548	-0.000201	-0.000445	-0.003619	-0.002154	-0.006060	-0.000445	-0.002642	-0.004107
0.180900	-0.001910	-0.004839	-0.006060	0.001264	-0.001421	-0.003619	-0.003130	-0.004839	-0.001421	-0.001665	-0.001177
0.181000	-0.001665	-0.004839	-0.004595	0.001997	-0.001910	-0.004351	-0.001665	-0.004351	-0.000689	0.000288	-0.001421
0.181100	-0.001910	-0.003130	-0.005328	0.002241	-0.003130	-0.003863	-0.001177	-0.003374	0.000288	-0.000445	0.000044
0.181200	-0.003619	-0.002398	-0.002642	0.002729	-0.003374	-0.001910	-0.002154	-0.002398	-0.000201	-0.001910	-0.001421
0.181300	-0.002642	-0.003374	-0.002398	0.001264	-0.002642	-0.000689	-0.003374	-0.002398	-0.001177	-0.003130	0.000288
0.181400	-0.002154	-0.002398	-0.002886	-0.001421	-0.002886	-0.001910	-0.003619	-0.001177	-0.001665	-0.002398	-0.000201
0.181500	-0.001421	-0.001177	-0.003374	-0.003374	-0.002886	-0.001910	-0.002154	-0.000201	-0.001665	-0.001665	-0.000445
0.181600	-0.001910	-0.001665	-0.002154	-0.002886	-0.001665	-0.002154	-0.002642	-0.001177	-0.001421	-0.002154	-0.003130
0.181700	-0.001910	-0.001665	-0.002642	-0.001665	0.000044	-0.000689	-0.003619	-0.003619	-0.001665	-0.003619	-0.004595
0.181800	-0.000689	-0.002642	-0.004351	-0.002398	0.001020	-0.001910	-0.003863	-0.002886	-0.000689	-0.002886	-0.004595
0.181900	-0.001177	-0.002398	-0.002886	-0.002398	0.002241	-0.002154	-0.002642	-0.001665	-0.001177	-0.001421	-0.004351
0.182000	-0.001421	-0.003130	-0.004595	-0.001910	0.000288	-0.003374	-0.000201	-0.002398	0.000044	-0.000445	-0.004839
0.182100	-0.002398	-0.003619	-0.004351	0.001264	-0.001665	-0.001910	-0.001910	-0.003863	0.000044	0.000532	-0.003863
0.182200	-0.002154	-0.005328	-0.003130	0.001753	-0.001177	-0.002642	-0.001665	-0.004595	-0.001177	0.000044	-0.002886
0.182300	-0.001421	-0.004351	-0.002886	0.001508	-0.000201	-0.002886	-0.002642	-0.003374	-0.002642	-0.001421	-0.000445
0.182400	-0.001421	-0.004839	-0.004107	0.001508	-0.001177	-0.002642	-0.002398	-0.001177	-0.001910	0.000044	0.000532
0.182500	-0.001421	-0.003619	-0.003374	0.003217	-0.003619	-0.002154	-0.002642	-0.001665	-0.001177	0.000532	0.000044
0.182600	-0.002642	-0.004107	-0.003130	0.002241	-0.004107	-0.001421	-0.000689	-0.002154	-0.001665	0.000044	0.000776
0.182700	-0.003130	-0.003374	-0.001910	0.001508	-0.003863	-0.001665	-0.002886	-0.000689	-0.002398	-0.001177	0.000044
0.182800	-0.001421	-0.004107	-0.001177	-0.001177	-0.004107	-0.001421	-0.003619	0.000044	-0.002886	-0.002642	0.000044
0.182900	-0.001177	-0.001910	-0.003374	-0.003619	-0.005083	-0.001665	-0.004595	-0.000201	-0.002642	-0.002642	-0.001421
0.183000	-0.001910	-0.001665	-0.002886	-0.004839	-0.004839	-0.002154	-0.003619	-0.001177	-0.001910	-0.002154	-0.003130
0.183100	-0.001421	-0.001910	-0.002642	-0.003130	-0.003619	-0.003619	-0.003863	-0.001910	-0.002154	-0.002154	-0.005083
0.183200	-0.000689	-0.003374	-0.003374	-0.002154	-0.003130	-0.004107	-0.003130	-0.003130	-0.002154	-0.003374	-0.004595
0.183300	0.000044	-0.002886	-0.005328	-0.001421	-0.001665	-0.004595	-0.003619	-0.003374	-0.002642	-0.001910	-0.004595
0.183400	0.000044	-0.002154	-0.006304	-0.000689	-0.001910	-0.005083	-0.002398	-0.002154	-0.002398	-0.001177	-0.005083
0.183500	-0.000201	-0.002154	-0.007037	0.000532	-0.000445	-0.004595	-0.000689	-0.001910	-0.002154	0.000044	-0.004839
0.183600	0.001264	-0.003374	-0.006060	0.001508	-0.001177	-0.003863	-0.001665	-0.002154	-0.003130	-0.000445	-0.004351
0.183700	0.000044	-0.004351	-0.007037	0.001997	0.000044	-0.002642	-0.001910	-0.002886	-0.001910	-0.000201	-0.002886
0.183800	-0.001421	-0.004107	-0.007769	0.001997	-0.003619	-0.001910	-0.002642	-0.002154	-0.001910	0.001020	-0.001421
0.183900	-0.002886	-0.003863	-0.006304	0.001020	-0.005816	-0.001910	-0.001910	-0.001177	-0.002154	0.000776	-0.001177
0.184000	-0.003130	-0.003619	-0.004839	0.000288	-0.005816	-0.001421	-0.002642	-0.000689	-0.002398	0.000532	-0.001421
0.184100	-0.004107	-0.003130	-0.005083	-0.001177	-0.005083	-0.001665	-0.003619	-0.001665	-0.001421	-0.002154	-0.001421
0.184200	-0.004351	-0.002398	-0.004839	-0.002642	-0.005816	-0.002642	-0.004351	-0.001910	0.000288	-0.002886	-0.002154
0.184300	-0.005083	-0.000689	-0.005083	-0.004351	-0.006792	-0.001910	-0.003863	-0.001910	0.000776	-0.003130	-0.003374
0.184400	-0.004595	-0.001910	-0.006792	-0.004839	-0.007281	-0.002886	-0.003619	-0.001421	0.000288	-0.003130	-0.004839
0.184500	-0.003130	-0.001910	-0.003619	-0.003863	-0.003863	-0.003619	-0.002886	-0.001910	-0.000445	-0.003619	-0.004595
0.184600	-0.002398	-0.002154	-0.003863	-0.001665	-0.001665	-0.003863	-0.003130	-0.002154	0.000288	-0.003619	-0.004595
0.184700	-0.001177	-0.001910	-0.003374	-0.000201	-0.001177	-0.004107	-0.002642	-0.002154	0.000288	-0.003619	-0.005816
0.184800	-0.001421	-0.003130	-0.005816	-0.000201	-0.001177	-0.003130	-0.000689	-0.001421	-0.000201	-0.001665	-0.005328
0.184900	-0.001177	-0.004839	-0.006792	0.000532	-0.000689	-0.001665	-0.000445	-0.002398	-0.001177	-0.000689	-0.004107
0.185000	-0.001910	-0.005083	-0.008013	0.001264	0.000044	-0.001177	-0.000445	-0.003374	-0.001665	-0.001177	-0.002642
0.185100	-0.002398	-0.006548	-0.005328	0.000776	-0.001421	-0.000689	-0.001665	-0.005328	-0.001665	-0.002398	-0.001665
0.185200	-0.004351	-0.006304	-0.004839	-0.001665	-0.003374	-0.000445	-0.001910	-0.004595	-0.002642	-0.002642	-0.000445
0.185300	-0.005328	-0.007281	-0.005816	-0.002642	-0.005328	-0.001421	-0.001421	-0.004107	-0.002398	-0.002642	0.000044
0.185400	-0.005816	-0.005328	-0.003130	-0.002398	-0.007281	-0.000689	-0.001910	-0.004351	-0.003130	-0.003374	0.000532
0.185500	-0.006792	-0.005083	-0.002642	-0.003863	-0.006548	-0.001910	-0.001910	-0.004839	-0.002398	-0.003619	0.000044
0.185600	-0.006304	-0.003863	-0.001665	-0.004839	-0.005083	-0.003863	-0.002398	-0.004595	-0.002154	-0.003130	-0.000201
0.185700	-0.005083	-0.002886	-0.003374	-0.005816	-0.004351	-0.004595	-0.002154	-0.003619	-0.001910	-0.004107	-0.001665
0.185800	-0.003863	-0.002886	-0.002886	-0.006548	-0.004595	-0.003374	-0.003374	-0.002886	-0.002886	-0.003619	-0.003374
0.185900	-0.001421	-0.003130	-0.003130	-0.005328	-0.003130	-0.003374	-0.003374	-0.002886	-0.002642	-0.003374	-0.003863
0.186000	-0.000201	-0.002886	-0.004595	-0.003130	-0.002154	-0.003374	-0.004107	-0.003374	-0.002642	-0.002154	-0.005083
0.186100	0.000044	-0.003130	-0.006792	-0.001665	-0.000201	-0.005328	-0.002154	-0.003130	-0.002642	-0.002398	-0.005816
0.186200	-0.000689	-0.004595	-0.008990	0.000044	-0.001177	-0.005816	-0.002398	-0.003619	-0.003863	-0.001177	-0.005816
0.186300	-0.001421	-0.006548	-0.006548	0.000776	-0.001177	-0.004839	-0.002154	-0.004839	-0.003374	-0.000445	-0.004351
0.186400	-0.002398	-0.005083	-0.004839	0.000288	-0.001910	-0.004595	-0.003374	-0.004595	-0.004351	-0.000445	-0.004107
0.186500	-0.003619	-0.006548	-0.004839	-0.000201	-0.002398	-0.004351	-0.002886	-0.004839	-0.004107	-0.000445	-0.002886
0.186600	-0.004351	-0.004839	-0.007037	-0.000201	-0.002886	-0.004839	-0.003863	-0.003619	-0.005083	-0.000201	-0.002398
0.186700	-0.004839	-0.004595	-0.005328	-0.000201	-0.004595	-0.003619	-0.003863	-0.004107	-0.005083	-0.001177	-0.001910
0.186800	-0.004351	-0.003130	-0.004107	0.000044	-0.004351	-0.004107	-0.003863	-0.003863	-0.005816	-0.000689	-0.001665
0.186900	-0.003374	-0.001665	-0.003374	-0.001910	-0.004839	-0.004351	-0.004107	-0.002398	-0.004351	-0.001665	-0.000689
0.187000	-0.001421	-0.000445	-0.003863	-0.003130	-0.002886	-0.004351	-0.003863	-0.001421	-0.004107	-0.000689	-0.002642
0.187100	0.000288	0.000776	-0.006060	-0.003130	-0.002886	-0.004107	-0.003374	-0.001665	-0.001665	-0.002154	-0.003130
0.187200	-0.000689	0.000532	-0.007037	-0.003130	-0.003619	-0.001177	-0.004839	-0.001421	0.000288	-0.002154	-0.004351
0.187300	0.000044	-0.000689	-0.005816	-0.002154	-0.003374	-0.002642	-0.004351	-0.001177	-0.000689	-0.002398	-0.005083
0.187400	0.001020	-0.001177	-0.006548	-0.001177	-0.000689	-0.004351	-0.005083	-0.001177	-0.002886	-0.002398	-0.007037
0.187500	0.001508	-0.000689	-0.008257	0.001753	0.000288	-0.004351	-0.003374	-0.000445	-0.002642	-0.001910	-0.006792
0.187600	-0.000445	-0.001665	-0.006304	0.001997	-0.000201	-0.002886	-0.002886	-0.001665	-0.000689	-0.000689	-0.007037
0.187700	-0.002154	-0.002886	-0.005328	0.001997	-0.000689	-0.001665	-0.002154	-0.001910	-0.001421	-0.001665	-0.005816
0.187800	-0.004107	-0.005328	-0.004107	0.001753	-0.001421	-0.002398	-0.001665	-0.002642	-0.002642	-0.000445	-0.003863
0.187900	-0.002642	-0.005083	-0.002642	0.000288	-0.001421	-0.003863	-0.000445	-0.003130	-0.003374	-0.001665	0.000288
0.188000	-0.003374	-0.002886	-0.001910	0.000288	-0.002154	-0.003374	-0.001421	-0.003130	-0.003130	-0.001421	0.001753
0.188100	-0.003619	-0.001910	-0.003619	0.000044	-0.003619	-0.001665	-0.001910	-0.003130	-0.002154	-0.002642	0.001753
0.188200	-0.004351	-0.002642	-0.004839	0.000044	-0.004351	-0.001177	-0.002642	-0.003130	-0.002642	-0.002398	0.000044
0.188300	-0.002642	-0.003130	-0.003130	-0.002398	-0.005083	-0.001910	-0.003130	-0.001910	-0.002886	-0.003374	0.001020
0.188400	-0.002398	-0.002154	-0.003130	-0.003130	-0.004595	-0.002642	-0.002398	-0.001910	-0.001910	-0.003863	0.000532
0.188500	-0.002398	-0.001177	-0.003863	-0.004595	-0.004839	-0.000201	-0.001910	-0.001910	-0.000445	-0.004839	-0.000445
0.188600	-0.001910	-0.002154	-0.004351	-0.004839	-0.003863	0.000532	-0.001910	-0.002154	0.000044	-0.004351	-0.002886
0.188700	-0.001177	-0.002886	-0.004107	-0.004595	-0.002398	0.000044	-0.002154	-0.001421	-0.001421	-0.004595	-0.003863
0.188800	0.000776	-0.003130	-0.004351	-0.003374	-0.000445	0.000044	-0.001177	-0.002154	-0.002398	-0.004351	-0.003863
0.188900	-0.000201	-0.003130	-0.003374	-0.001910	-0.001177	-0.001665	-0.001421	-0.003130	-0.001421	-0.004107	-0.004595
0.189000	-0.002154	-0.003619	-0.004595	-0.000445	-0.000201	-0.003374	0.000044	-0.003130	-0.001665	0.000044	-0.003863
0.189100	-0.003619	-0.005328	-0.003863	0.000288	0.001264	-0.003374	0.000044	-0.003863	-0.004107	0.000288	-0.004107
0.189200	-0.002154	-0.006304	-0.006060	0.000044	0.001264	-0.002398	-0.000445	-0.004107	-0.004595	-0.001177	-0.002642
0.189300	-0.002154	-0.006548	-0.005328	-0.001665	-0.000201	-0.002398	-0.002398	-0.004839	-0.004107	-0.001421	-0.000445
0.189400	-0.004351	-0.003863	-0.006304	-0.002886	-0.002154	-0.002886	-0.002398	-0.005816	-0.003374	-0.000445	-0.000201
0.189500	-0.005816	-0.005328	-0.006792	-0.003863	-0.003374	-0.002154	-0.002398	-0.006060	-0.004107	-0.000689	-0.001665
0.189600	-0.004351	-0.006304	-0.006792	-0.004107	-0.004107	-0.001665	-0.003619	-0.006304	-0.005328	-0.001910	-0.000689
0.189700	-0.002154	-0.005083	-0.004595	-0.002642	-0.004839	-0.000689	-0.005328	-0.005328	-0.004351	-0.002642	0.000776
0.189800	-0.001665	-0.002886	-0.002154	-0.005328	-0.004107	-0.002398	-0.006060	-0.005083	-0.003374	-0.002398	-0.001177
0.189900	-0.002642	-0.003130	-0.003374	-0.007525	-0.003863	-0.001421	-0.004595	-0.002398	-0.002886	-0.003130	-0.003863
0.190000	-0.002886	-0.003619	-0.003619	-0.007525	-0.003374	-0.001421	-0.004839	-0.001665	-0.004107	-0.003130	-0.006304
0.190100	-0.001665	-0.004351	-0.004839	-0.004595	-0.002886	-0.000201	-0.006548	-0.003619	-0.005083	-0.004107	-0.005816
0.190200	-0.001177	-0.003619	-0.003619	-0.002154	-0.001421	-0.002398	-0.006548	-0.004595	-0.006060	-0.004107	-0.005816
0.190300	-0.001421	-0.003130	-0.005328	-0.001177	-0.001177	-0.002886	-0.006304	-0.003619	-0.007281	-0.002886	-0.007037
0.190400	-0.002398	-0.004595	-0.006792	-0.001177	-0.001421	-0.003619	-0.004351	-0.002642	-0.006060	-0.001665	-0.008013
0.190500	-0.004107	-0.007037	-0.008257	0.001020	-0.001910	-0.003863	-0.004351	-0.003130	-0.004351	-0.003863	-0.007037
0.190600	-0.005083	-0.006792	-0.007281	-0.001177	-0.002886	-0.003130	-0.003863	-0.004595	-0.005083	-0.004595	-0.004351
0.190700	-0.005083	-0.005083	-0.006792	-0.003374	-0.004107	-0.004107	-0.004107	-0.006060	-0.007525	-0.003863	-0.003130
0.190800	-0.003619	-0.005083	-0.006792	-0.006060	-0.006548	-0.005328	-0.003619	-0.004839	-0.006792	-0.002642	-0.003374
0.190900	-0.004839	-0.005083	-0.006548	-0.007281	-0.007769	-0.004351	-0.003863	-0.005328	-0.006060	-0.003619	-0.003863
0.191000	-0.006304	-0.005083	-0.005083	-0.008257	-0.007525	-0.002886	-0.007037	-0.005816	-0.005083	-0.005328	-0.004107
0.191100	-0.007037	-0.007037	-0.004839	-0.008013	-0.008990	-0.003130	-0.009234	-0.006060	-0.007281	-0.005816	-0.005083
0.191200	-0.006548	-0.007525	-0.006060	-0.009478	-0.008746	-0.004351	-0.007037	-0.006060	-0.006548	-0.005083	-0.004107
0.191300	-0.006548	-0.004839	-0.007037	-0.009234	-0.008746	-0.005083	-0.007281	-0.004351	-0.007281	-0.004839	-0.005816
0.191400	-0.006548	-0.004351	-0.008257	-0.007037	-0.008257	-0.004595	-0.007769	-0.005328	-0.005816	-0.007525	-0.008257
0.191500	-0.006060	-0.005328	-0.009234	-0.005816	-0.008013	-0.004107	-0.009478	-0.006548	-0.006548	-0.008257	-0.009966
0.191600	-0.004351	-0.007281	-0.009234	-0.006548	-0.008501	-0.005328	-0.008013	-0.006304	-0.008013	-0.008501	-0.009966
0.191700	-0.004107	-0.008013	-0.010699	-0.007037	-0.008501	-0.006060	-0.006304	-0.004351	-0.008013	-0.006792	-0.009722
0.191800	-0.004595	-0.008257	-0.010943	-0.005328	-0.007525	-0.007037	-0.004595	-0.004839	-0.008013	-0.007525	-0.008746
0.191900	-0.006548	-0.009234	-0.011431	-0.004595	-0.008746	-0.008501	-0.006548	-0.008013	-0.007769	-0.007525	-0.009478
0.192000	-0.007525	-0.010455	-0.010943	-0.005816	-0.008257	-0.008501	-0.007769	-0.009722	-0.008746	-0.007281	-0.009234
0.192100	-0.008257	-0.011431	-0.011675	-0.008990	-0.006304	-0.008746	-0.006792	-0.008257	-0.010455	-0.007281	-0.007525
0.192200	-0.008501	-0.010455	-0.011431	-0.011187	-0.006548	-0.007769	-0.006060	-0.008501	-0.009966	-0.007281	-0.006548
0.192300	-0.011920	-0.008990	-0.011187	-0.011187	-0.009722	-0.006548	-0.008013	-0.010943	-0.008501	-0.005083	-0.006548
0.192400	-0.012408	-0.009234	-0.009966	-0.010943	-0.011187	-0.006792	-0.008746	-0.012896	-0.008746	-0.005328	-0.007037
0.192500	-0.011920	-0.008257	-0.009722	-0.011431	-0.010455	-0.007037	-0.009966	-0.011431	-0.009234	-0.009234	-0.008013
0.192600	-0.009966	-0.008013	-0.009966	-0.012896	-0.010699	-0.006548	-0.011431	-0.008990	-0.009234	-0.010455	-0.008501
0.192700	-0.009478	-0.005816	-0.010455	-0.012408	-0.010699	-0.005816	-0.010699	-0.008501	-0.008013	-0.010455	-0.009966
0.192800	-0.009722	-0.006548	-0.010943	-0.013384	-0.011431	-0.004595	-0.007281	-0.008501	-0.006792	-0.009722	-0.011431
0.192900	-0.009478	-0.007769	-0.011431	-0.012164	-0.010455	-0.005816	-0.007037	-0.009234	-0.008013	-0.010699	-0.012896
0.193000	-0.008257	-0.011431	-0.012164	-0.009234	-0.008501	-0.006060	-0.008501	-0.009234	-0.008257	-0.011431	-0.012164
0.193100	-0.008501	-0.010699	-0.013384	-0.007525	-0.008501	-0.007769	-0.009722	-0.009966	-0.009478	-0.011675	-0.011431
0.193200	-0.008257	-0.011431	-0.013873	-0.008746	-0.008013	-0.008501	-0.007769	-0.008013	-0.008746	-0.009478	-0.012164
0.193300	-0.011187	-0.012652	-0.013629	-0.009478	-0.008257	-0.009478	-0.008257	-0.009234	-0.009478	-0.009478	-0.012896
0.193400	-0.012408	-0.013384	-0.013384	-0.008746	-0.007525	-0.009722	-0.007525	-0.010699	-0.009722	-0.009234	-0.011431
0.193500	-0.013384	-0.014117	-0.013140	-0.009966	-0.008990	-0.009966	-0.009234	-0.013140	-0.009966	-0.009478	-0.008990
0.193600	-0.013384	-0.011920	-0.011920	-0.012164	-0.010699	-0.009234	-0.009966	-0.013140	-0.010699	-0.008746	-0.008013
0.193700	-0.013629	-0.011920	-0.011431	-0.013873	-0.013873	-0.008501	-0.010455	-0.012896	-0.011187	-0.008746	-0.007769
0.193800	-0.013140	-0.011187	-0.010699	-0.014117	-0.013140	-0.008257	-0.009722	-0.011675	-0.011431	-0.009722	-0.008501
0.193900	-0.012408	-0.011675	-0.011920	-0.013873	-0.013873	-0.008013	-0.010699	-0.012408	-0.012164	-0.011431	-0.008013
0.194000	-0.010943	-0.010943	-0.011920	-0.013384	-0.013384	-0.007525	-0.010455	-0.010943	-0.010943	-0.012164	-0.007769
0.194100	-0.009966	-0.010943	-0.011431	-0.013384	-0.015826	-0.008013	-0.010455	-0.009478	-0.010699	-0.011187	-0.008990
0.194200	-0.008501	-0.009722	-0.011920	-0.013140	-0.013873	-0.008746	-0.008501	-0.008501	-0.009722	-0.011187	-0.011675
0.194300	-0.007037	-0.010699	-0.011920	-0.012164	-0.011187	-0.009966	-0.011431	-0.009234	-0.010699	-0.012408	-0.012896
0.194400	-0.006304	-0.010455	-0.011675	-0.011431	-0.009722	-0.010943	-0.011431	-0.009722	-0.010455	-0.013140	-0.012408
0.194500	-0.007037	-0.010455	-0.012408	-0.010943	-0.010699	-0.012164	-0.012164	-0.009722	-0.010699	-0.011920	-0.013629
0.194600	-0.008013	-0.010943	-0.013384	-0.010455	-0.010455	-0.013140	-0.010455	-0.011187	-0.010943	-0.009722	-0.013140
0.194700	-0.008990	-0.011675	-0.014361	-0.009234	-0.008990	-0.013873	-0.009966	-0.011187	-0.012896	-0.008501	-0.013140
0.194800	-0.009478	-0.011920	-0.012408	-0.008990	-0.008257	-0.013629	-0.010455	-0.013140	-0.013629	-0.008990	-0.011187
0.194900	-0.011187	-0.010943	-0.010699	-0.009234	-0.009478	-0.012408	-0.011431	-0.013873	-0.012896	-0.008501	-0.009966
0.195000	-0.011675	-0.010943	-0.012164	-0.012408	-0.011920	-0.012652	-0.010699	-0.012408	-0.013629	-0.007037	-0.009234
0.195100	-0.011675	-0.009234	-0.013629	-0.012408	-0.012896	-0.011675	-0.009478	-0.011675	-0.013140	-0.006792	-0.008990
0.195200	-0.010943	-0.007769	-0.013629	-0.012408	-0.013873	-0.011920	-0.009966	-0.011431	-0.012896	-0.008257	-0.008257
0.195300	-0.010455	-0.006548	-0.012652	-0.010943	-0.014361	-0.011675	-0.012164	-0.011675	-0.010943	-0.009234	-0.008501
0.195400	-0.008501	-0.005816	-0.012164	-0.011675	-0.011675	-0.011187	-0.013140	-0.009966	-0.009722	-0.009722	-0.010455
0.195500	-0.008013	-0.005816	-0.013629	-0.011675	-0.010943	-0.011920	-0.012896	-0.008746	-0.008990	-0.009234	-0.011920
0.195600	-0.007281	-0.005083	-0.012652	-0.010699	-0.010943	-0.009478	-0.012164	-0.008501	-0.007769	-0.011187	-0.012896
0.195700	-0.006548	-0.006792	-0.012164	-0.008746	-0.010699	-0.007769	-0.011431	-0.008501	-0.007769	-0.011431	-0.013629
0.195800	-0.006548	-0.007037	-0.011187	-0.007037	-0.008501	-0.008990	-0.009722	-0.009234	-0.008501	-0.010455	-0.014605
0.195900	-0.006792	-0.008013	-0.012652	-0.006060	-0.006060	-0.009966	-0.008746	-0.008746	-0.009478	-0.009478	-0.013140
0.196000	-0.007769	-0.009478	-0.012164	-0.004107	-0.006548	-0.010943	-0.007769	-0.008013	-0.010943	-0.009234	-0.012896
0.196100	-0.008501	-0.009722	-0.011431	-0.003863	-0.006304	-0.008990	-0.008013	-0.007769	-0.011187	-0.008257	-0.011431
0.196200	-0.009478	-0.009234	-0.009966	-0.004351	-0.006548	-0.008501	-0.006304	-0.008013	-0.011187	-0.008013	-0.009234
0.196300	-0.011187	-0.008990	-0.011675	-0.006060	-0.007037	-0.008746	-0.005816	-0.007525	-0.010699	-0.007037	-0.008990
0.196400	-0.011920	-0.007525	-0.012408	-0.008013	-0.008013	-0.009234	-0.004595	-0.007525	-0.008990	-0.008013	-0.006792
0.196500	-0.011187	-0.007769	-0.010699	-0.009966	-0.009722	-0.006792	-0.006548	-0.008746	-0.007525	-0.007281	-0.006304
0.196600	-0.011187	-0.007281	-0.008746	-0.010455	-0.010943	-0.005083	-0.007281	-0.010699	-0.005816	-0.008746	-0.006060
0.196700	-0.009966	-0.005816	-0.008257	-0.011187	-0.010699	-0.005328	-0.008013	-0.009478	-0.004107	-0.009478	-0.005816
0.196800	-0.009234	-0.006060	-0.010943	-0.011187	-0.009234	-0.005083	-0.006548	-0.008746	-0.003619	-0.009234	-0.008257
0.196900	-0.008257	-0.005328	-0.009478	-0.009478	-0.008746	-0.005083	-0.007769	-0.007281	-0.003619	-0.009234	-0.008257
0.197000	-0.008013	-0.006548	-0.007769	-0.007769	-0.008746	-0.004839	-0.006060	-0.007769	-0.003130	-0.009478	-0.008746
0.197100	-0.007037	-0.006304	-0.006304	-0.007037	-0.006548	-0.006060	-0.006304	-0.006792	-0.005328	-0.009234	-0.009966
0.197200	-0.004839	-0.008013	-0.007525	-0.005816	-0.004595	-0.007037	-0.006304	-0.006060	-0.008013	-0.007037	-0.009722
0.197300	-0.003130	-0.009234	-0.009234	-0.004839	-0.003130	-0.007281	-0.005816	-0.006060	-0.009234	-0.007281	-0.008746
0.197400	-0.004839	-0.009722	-0.008013	-0.004595	-0.003863	-0.006060	-0.004595	-0.006304	-0.008257	-0.007769	-0.007037
0.197500	-0.008013	-0.010943	-0.007037	-0.004351	-0.004839	-0.005816	-0.005328	-0.007525	-0.008257	-0.006304	-0.005328
0.197600	-0.008746	-0.011675	-0.007037	-0.005083	-0.005816	-0.007769	-0.004351	-0.008746	-0.009722	-0.006792	-0.003619
0.197700	-0.007769	-0.010943	-0.007281	-0.007525	-0.005083	-0.008746	-0.004351	-0.008990	-0.010699	-0.006548	-0.002642
0.197800	-0.007525	-0.007769	-0.007281	-0.008990	-0.006304	-0.006792	-0.004595	-0.010699	-0.009234	-0.005816	-0.000689
0.197900	-0.008746	-0.005328	-0.009234	-0.009966	-0.007769	-0.005083	-0.007281	-0.011431	-0.006792	-0.006304	-0.003130
0.198000	-0.009234	-0.005083	-0.009478	-0.011187	-0.008990	-0.004839	-0.006792	-0.011187	-0.007281	-0.006304	-0.005816
0.198100	-0.007281	-0.005328	-0.007525	-0.011187	-0.008990	-0.006548	-0.008501	-0.009722	-0.007525	-0.004351	-0.005328
0.198200	-0.005816	-0.005083	-0.005816	-0.009234	-0.008257	-0.007281	-0.009722	-0.007281	-0.007037	-0.005328	-0.005328
0.198300	-0.006548	-0.003374	-0.006548	-0.007037	-0.007281	-0.004839	-0.010455	-0.006548	-0.005816	-0.004107	-0.007037
0.198400	-0.006548	-0.004351	-0.006548	-0.005328	-0.006792	-0.004595	-0.009722	-0.005328	-0.006304	-0.005083	-0.009722
0.198500	-0.006548	-0.006060	-0.007281	-0.003863	-0.005328	-0.005328	-0.008990	-0.005816	-0.006792	-0.004839	-0.011920
0.198600	-0.004595	-0.007769	-0.006792	-0.004351	-0.004595	-0.006304	-0.007037	-0.004839	-0.007525	-0.004839	-0.009966
0.198700	-0.005328	-0.007769	-0.007525	-0.003374	-0.004107	-0.005328	-0.006304	-0.004839	-0.006548	-0.005083	-0.008746
0.198800	-0.007769	-0.007769	-0.008257	-0.002398	-0.004839	-0.007037	-0.006792	-0.006060	-0.007525	-0.005083	-0.008013
0.198900	-0.007769	-0.009234	-0.008990	-0.003130	-0.003619	-0.007281	-0.007525	-0.006792	-0.009234	-0.004839	-0.006548
0.199000	-0.006792	-0.008501	-0.008257	-0.004107	-0.004107	-0.006548	-0.007525	-0.007037	-0.009722	-0.006060	-0.006060
0.199100	-0.008013	-0.008257	-0.009722	-0.004595	-0.005328	-0.006792	-0.008013	-0.007525	-0.007525	-0.006548	-0.003863
0.199200	-0.009722	-0.007037	-0.008990	-0.006792	-0.007769	-0.008501	-0.008257	-0.007769	-0.004839	-0.003619	-0.005328
0.199300	-0.010455	-0.007037	-0.008501	-0.006792	-0.008501	-0.008501	-0.006304	-0.008013	-0.006304	-0.002154	-0.006060
0.199400	-0.008746	-0.007281	-0.007525	-0.007037	-0.010455	-0.006060	-0.005816	-0.007037	-0.007037	-0.003374	-0.006548
0.199500	-0.006792	-0.005816	-0.005816	-0.007037	-0.009966	-0.004839	-0.008501	-0.006548	-0.005816	-0.005083	-0.006304
0.199600	-0.007769	-0.003863	-0.006304	-0.006792	-0.009966	-0.004839	-0.008257	-0.004351	-0.004107	-0.006060	-0.008746
0.199700	-0.008990	-0.004351	-0.008746	-0.006792	-0.009478	-0.006060	-0.005816	-0.003619	-0.004351	-0.006548	-0.009966
0.199800	-0.008013	-0.007037	-0.008501	-0.005328	-0.007525	-0.005816	-0.004595	-0.002154	-0.005328	-0.006304	-0.010699
0.199900	-0.006060	-0.007769	-0.008501	-0.003619	-0.007281	-0.005083	-0.005083	-0.003863	-0.006548	-0.008257	-0.008501
0.200000	-0.005816	-0.006792	-0.007525	-0.002398	-0.006792	-0.005328	-0.005083	-0.006304	-0.005083	-0.008257	-0.006792
0.200100	-0.006548	-0.007037	-0.008746	-0.003863	-0.005328	-0.007037	-0.005816	-0.005083	-0.004351	-0.008013	-0.007525
0.200200	-0.007281	-0.008013	-0.010455	-0.005328	-0.005083	-0.008257	-0.005083	-0.004839	-0.004595	-0.006548	-0.007525
0.200300	-0.007281	-0.010455	-0.011431	-0.005083	-0.004107	-0.008257	-0.004839	-0.006792	-0.005083	-0.007037	-0.006304
0.200400	-0.008501	-0.008990	-0.009478	-0.004595	-0.005328	-0.008257	-0.006304	-0.008501	-0.006304	-0.006304	-0.005083
0.200500	-0.009478	-0.007281	-0.009966	-0.006548	-0.006304	-0.008501	-0.006304	-0.008501	-0.007525	-0.004595	-0.004839
0.200600	-0.008013	-0.006792	-0.009966	-0.007525	-0.007037	-0.008501	-0.005328	-0.008257	-0.008013	-0.002154	-0.006060
0.200700	-0.008746	-0.007281	-0.009966	-0.008990	-0.007769	-0.007281	-0.005083	-0.008746	-0.005328	-0.002398	-0.005816
0.200800	-0.009722	-0.005328	-0.008746	-0.008501	-0.007525	-0.004107	-0.006792	-0.008257	-0.004839	-0.003374	-0.004107
0.200900	-0.009478	-0.004595	-0.008746	-0.008013	-0.008257	-0.003619	-0.007281	-0.006548	-0.004107	-0.003863	-0.003863
0.201000	-0.006792	-0.005083	-0.008257	-0.007525	-0.007037	-0.003374	-0.005816	-0.005083	-0.004351	-0.002642	-0.005083
0.201100	-0.005816	-0.003374	-0.007525	-0.005083	-0.006792	-0.003130	-0.005083	-0.002886	-0.002154	-0.003863	-0.004595
0.201200	-0.005083	-0.002642	-0.008257	-0.001910	-0.004351	-0.001910	-0.005816	-0.003619	-0.000689	-0.005816	-0.006548
0.201300	-0.005083	-0.002642	-0.008013	-0.000445	-0.003130	-0.001421	-0.006304	-0.002886	-0.000201	-0.006060	-0.008501
0.201400	-0.003863	-0.005816	-0.007037	-0.001177	-0.001421	-0.002642	-0.004595	-0.002886	-0.001421	-0.003619	-0.008501
0.201500	-0.002886	-0.006060	-0.007037	-0.001421	0.000776	-0.004107	-0.002398	-0.000689	-0.001910	-0.002886	-0.006060
0.201600	-0.002886	-0.004595	-0.006548	-0.000201	0.002241	-0.004351	-0.001910	-0.003130	-0.001421	-0.003374	-0.004595
0.201700	-0.003619	-0.003619	-0.005083	0.001508	0.003217	-0.003130	-0.002886	-0.004839	-0.002642	-0.002398	-0.003619
0.201800	-0.003863	-0.003863	-0.004595	0.000044	0.003217	-0.003374	-0.002886	-0.004839	-0.002886	0.000532	-0.002398
0.201900	-0.004351	-0.003863	-0.002886	-0.001910	0.003217	-0.003374	-0.000445	-0.002886	-0.002886	0.003217	-0.000445
0.202000	-0.004351	-0.001910	-0.004839	-0.001665	0.002973	-0.002154	0.000044	-0.002398	-0.001665	0.005659	0.001020
0.202100	-0.004595	0.000044	-0.000445	0.000044	-0.000689	-0.000445	-0.000445	-0.002886	0.001020	0.006880	0.000776
0.202200	-0.003863	0.000776	-0.001665	0.001508	-0.001910	0.001264	-0.000689	-0.002398	0.002241	0.007124	0.001020
0.202300	-0.001421	0.002485	0.000044	0.000776	0.000532	0.001997	0.000044	0.001508	0.003217	0.005171	0.001264
0.202400	0.001508	0.004194	0.000288	0.001997	0.002973	0.002729	0.000532	0.003217	0.004194	0.002729	0.002241
0.202500	0.002729	0.005903	0.001508	0.005659	0.002973	0.003950	0.000288	0.005415	0.006635	0.002241	0.002485
0.202600	0.003462	0.005415	0.001264	0.009321	0.003462	0.003462	0.003462	0.004926	0.007612	0.003950	0.001508
0.202700	0.005171	0.005171	0.002485	0.010542	0.005903	0.002973	0.005659	0.006391	0.006880	0.004926	0.001753
0.202800	0.007612	0.004194	0.001508	0.012007	0.009077	0.002241	0.006147	0.008833	0.006147	0.006147	0.002241
0.202900	0.008100	0.006391	0.001508	0.012739	0.011518	0.002973	0.005415	0.010298	0.006880	0.007612	0.004682
0.203000	0.007856	0.007124	0.003462	0.011274	0.012251	0.002485	0.006880	0.008589	0.007612	0.010542	0.004926
0.203100	0.006635	0.007124	0.004194	0.010786	0.011762	0.003950	0.009565	0.009565	0.006880	0.013227	0.005171
0.203200	0.007612	0.005903	0.003950	0.012251	0.013472	0.004682	0.009321	0.009321	0.007124	0.013716	0.007368
0.203300	0.008100	0.008100	0.004194	0.013472	0.013227	0.006147	0.009809	0.007124	0.007124	0.013960	0.010298
0.203400	0.008589	0.011030	0.006391	0.013960	0.012007	0.007368	0.010053	0.008833	0.010053	0.015181	0.011274
0.203500	0.008100	0.013472	0.007612	0.012007	0.010542	0.008589	0.011762	0.012739	0.011518	0.016401	0.011518
0.203600	0.010542	0.015181	0.008589	0.013716	0.011762	0.010053	0.013227	0.014204	0.014692	0.016890	0.012739
0.203700	0.012495	0.016890	0.007124	0.014936	0.013227	0.011762	0.012739	0.014692	0.015669	0.015913	0.013716
0.203800	0.015669	0.018843	0.009077	0.017134	0.012007	0.013472	0.012739	0.015669	0.019087	0.015913	0.014204
0.203900	0.015181	0.020063	0.011030	0.019575	0.013960	0.014692	0.013716	0.017866	0.020552	0.016401	0.012495
0.204000	0.017378	0.019819	0.010542	0.020552	0.017134	0.015181	0.015181	0.019575	0.021040	0.016645	0.011030
0.204100	0.018110	0.019087	0.012007	0.024214	0.021040	0.015181	0.015913	0.020063	0.020308	0.017134	0.010786
0.204200	0.019087	0.019087	0.010786	0.024946	0.022017	0.014936	0.016645	0.021284	0.020552	0.017866	0.011762
0.204300	0.018599	0.018843	0.013716	0.025435	0.022505	0.016157	0.018599	0.021040	0.020308	0.020308	0.013716
0.204400	0.017134	0.018843	0.012739	0.024458	0.023726	0.016645	0.020063	0.022017	0.021528	0.022505	0.015913
0.204500	0.017378	0.018354	0.014692	0.024702	0.025435	0.016890	0.021528	0.022749	0.019575	0.022993	0.018599
0.204600	0.017378	0.019819	0.016157	0.025190	0.026411	0.017866	0.021284	0.022505	0.021284	0.023726	0.022993
0.204700	0.018110	0.021528	0.020552	0.024458	0.024946	0.020308	0.022017	0.021284	0.023237	0.024458	0.024946
0.204800	0.018354	0.022993	0.021528	0.023237	0.022749	0.021040	0.023970	0.023481	0.024702	0.026167	0.025679
0.204900	0.020063	0.024214	0.018843	0.022505	0.022505	0.023237	0.024458	0.024458	0.025923	0.027388	0.026167
0.205000	0.021040	0.024946	0.018599	0.023970	0.023481	0.024702	0.023726	0.023726	0.028364	0.025923	0.026167
0.205100	0.023237	0.025923	0.022505	0.024702	0.023970	0.026411	0.024214	0.023481	0.029585	0.025923	0.025679
0.205200	0.023726	0.027144	0.024214	0.024946	0.025190	0.028120	0.024702	0.025435	0.029585	0.025190	0.024458
0.205300	0.025190	0.026411	0.023237	0.026411	0.027632	0.028608	0.025679	0.028608	0.029097	0.024946	0.023481
0.205400	0.024946	0.024946	0.022749	0.028608	0.028608	0.028120	0.026167	0.028120	0.027632	0.025190	0.023237
0.205500	0.025923	0.024946	0.025435	0.030562	0.028120	0.028364	0.026411	0.028608	0.028120	0.026655	0.023970
0.205600	0.026411	0.024458	0.025923	0.031050	0.029341	0.027876	0.028120	0.028364	0.027876	0.028364	0.024702
0.205700	0.025435	0.023481	0.026167	0.030317	0.031782	0.024214	0.028364	0.029097	0.027388	0.030806	0.026167
0.205800	0.024702	0.023726	0.025190	0.029341	0.033247	0.023481	0.029341	0.029585	0.027388	0.031050	0.028364
0.205900	0.025190	0.024702	0.026655	0.028608	0.031782	0.025679	0.028853	0.028608	0.027388	0.030317	0.028853
0.206000	0.025190	0.025190	0.025435	0.027876	0.029097	0.027876	0.027876	0.025435	0.028120	0.030317	0.031294
0.206100	0.024458	0.025923	0.024946	0.026655	0.029585	0.027388	0.027144	0.025435	0.027632	0.031294	0.031050
0.206200	0.024946	0.026655	0.022993	0.025435	0.028853	0.026411	0.028364	0.025435	0.027388	0.032515	0.031294
0.206300	0.025923	0.027876	0.024946	0.027388	0.027144	0.027876	0.027632	0.025435	0.027632	0.032026	0.030562
0.206400	0.025923	0.027876	0.025679	0.026655	0.024946	0.029341	0.027144	0.027144	0.028853	0.032515	0.029585
0.206500	0.027388	0.028853	0.027632	0.027876	0.024458	0.030073	0.025679	0.027388	0.028608	0.032271	0.028853
0.206600	0.028364	0.028853	0.024458	0.027388	0.026411	0.028853	0.025679	0.029829	0.029341	0.030806	0.027388
0.206700	0.027876	0.028364	0.025435	0.029341	0.028364	0.028853	0.025190	0.030806	0.027876	0.030317	0.025923
0.206800	0.029097	0.027144	0.026655	0.031050	0.028608	0.028364	0.025190	0.030073	0.027388	0.029097	0.025190
0.206900	0.029829	0.027144	0.027144	0.032026	0.028608	0.028608	0.024702	0.030806	0.027388	0.029341	0.025190
0.207000	0.029097	0.025679	0.024458	0.033247	0.029585	0.027144	0.025923	0.030562	0.026167	0.028608	0.024214
0.207100	0.029341	0.025435	0.022993	0.030806	0.030073	0.025923	0.025435	0.030806	0.025435	0.028364	0.024458
0.207200	0.027388	0.024214	0.022993	0.029097	0.028608	0.025679	0.027144	0.030073	0.027144	0.026655	0.025923
0.207300	0.023726	0.024946	0.022749	0.028364	0.026167	0.026167	0.025923	0.028608	0.028853	0.027144	0.026655
0.207400	0.021284	0.026167	0.021772	0.024702	0.025679	0.024702	0.025923	0.026655	0.026411	0.027632	0.027388
0.207500	0.023726	0.026655	0.020796	0.022993	0.024214	0.024214	0.025435	0.026411	0.024214	0.028364	0.026655
0.207600	0.024458	0.026167	0.020308	0.022993	0.021528	0.025435	0.024702	0.024702	0.024702	0.027876	0.025679
0.207700	0.021528	0.027388	0.020796	0.022017	0.018354	0.026167	0.022505	0.023970	0.027144	0.028120	0.024458
0.207800	0.019575	0.025923	0.020796	0.020796	0.016890	0.024946	0.022749	0.023726	0.026655	0.027144	0.022749
0.207900	0.019819	0.022749	0.020796	0.021772	0.017134	0.024458	0.020552	0.024946	0.025435	0.025435	0.021528
0.208000	0.021772	0.020552	0.021528	0.021040	0.017866	0.024702	0.019819	0.024214	0.025190	0.023970	0.023726
0.208100	0.021284	0.022993	0.021772	0.021284	0.017134	0.025923	0.018354	0.025190	0.024702	0.020063	0.022993
0.208200	0.020063	0.021528	0.019819	0.021528	0.016645	0.025435	0.018843	0.023970	0.024458	0.017378	0.020308
0.208300	0.018843	0.018843	0.016401	0.021040	0.016401	0.022505	0.018599	0.024214	0.021528	0.015913	0.018110
0.208400	0.018354	0.015181	0.016401	0.019819	0.018110	0.020796	0.019331	0.023237	0.019819	0.014692	0.020552
0.208500	0.017378	0.015669	0.015425	0.018599	0.016157	0.020063	0.019331	0.021284	0.017866	0.014448	0.021040
0.208600	0.014936	0.015425	0.014448	0.014936	0.015669	0.019575	0.018354	0.018599	0.018354	0.014692	0.020796
0.208700	0.013716	0.014204	0.013227	0.011762	0.013960	0.017378	0.017134	0.015425	0.015181	0.014692	0.018843
0.208800	0.013716	0.012739	0.012251	0.009565	0.013716	0.016401	0.016401	0.014692	0.013716	0.013960	0.018599
0.208900	0.012495	0.011274	0.012739	0.008589	0.011518	0.015913	0.014448	0.011274	0.014692	0.013472	0.019087
0.209000	0.008100	0.011518	0.012251	0.006880	0.009077	0.014204	0.013227	0.009565	0.014692	0.013960	0.018110
0.209100	0.008100	0.011274	0.009809	0.005415	0.006880	0.012007	0.010786	0.008589	0.011518	0.015181	0.014936
0.209200	0.007856	0.010053	0.008589	0.004926	0.006147	0.013472	0.010542	0.008589	0.010542	0.013716	0.013227
0.209300	0.008833	0.009077	0.007856	0.004194	0.005415	0.014692	0.006635	0.008100	0.010786	0.009565	0.012495
0.209400	0.006391	0.009077	0.007856	0.003950	0.004194	0.014204	0.003950	0.008100	0.011030	0.005659	0.010053
0.209500	0.004926	0.008100	0.005171	0.002729	0.002729	0.012251	0.004194	0.007368	0.008833	0.004926	0.007368
0.209600	0.005171	0.004438	0.003950	0.002241	0.002729	0.010298	0.005415	0.006391	0.005415	0.003950	0.005659
0.209700	0.006147	0.002241	0.001997	0.004438	0.002485	0.008833	0.004194	0.004438	0.003462	0.000776	0.004926
0.209800	0.004194	0.001997	0.001997	0.004926	0.001753	0.006880	0.001020	0.002241	0.002485	-0.000689	0.003217
0.209900	0.001264	0.001020	0.000288	0.003217	0.001020	0.002973	-0.001421	0.000044	0.001264	-0.000445	0.001020
0.210000	-0.001177	-0.002642	-0.002642	-0.002642	-0.000445	0.000044	-0.001421	0.000776	-0.001910	0.000288	-0.000689
0.210100	-0.002642	-0.004839	-0.003619	-0.003863	-0.001665	-0.001421	-0.001665	0.000532	-0.004351	0.000044	0.000776
0.210200	-0.003863	-0.004595	-0.001910	-0.006060	-0.003863	-0.002642	-0.005083	-0.004595	-0.005328	-0.001421	0.001753
0.210300	-0.005083	-0.004107	-0.003130	-0.007037	-0.006060	-0.002642	-0.008013	-0.007769	-0.007281	-0.002154	-0.000445
0.210400	-0.007281	-0.003619	-0.005083	-0.010943	-0.008990	-0.003130	-0.009234	-0.007281	-0.008257	-0.002642	-0.002642
0.210500	-0.008257	-0.006792	-0.006792	-0.011675	-0.011431	-0.002642	-0.009234	-0.006304	-0.007769	-0.005328	-0.004351
0.210600	-0.010943	-0.006792	-0.007525	-0.010943	-0.013873	-0.002154	-0.011431	-0.006792	-0.006548	-0.008746	-0.005083
0.210700	-0.011920	-0.006548	-0.008257	-0.011675	-0.016802	-0.003374	-0.012652	-0.008257	-0.008013	-0.010699	-0.007769
0.210800	-0.011187	-0.007769	-0.010455	-0.012408	-0.018267	-0.006304	-0.013629	-0.008746	-0.010699	-0.011187	-0.011675
0.210900	-0.009234	-0.009234	-0.011431	-0.013384	-0.018511	-0.008257	-0.014361	-0.008501	-0.012164	-0.015093	-0.015826
0.211000	-0.011675	-0.011187	-0.013140	-0.013873	-0.018756	-0.008990	-0.017535	-0.010455	-0.012408	-0.019244	-0.016314
0.211100	-0.013873	-0.014117	-0.013629	-0.013629	-0.019976	-0.012164	-0.019732	-0.014117	-0.014361	-0.020953	-0.019000
0.211200	-0.015582	-0.018756	-0.015582	-0.016558	-0.019976	-0.016314	-0.019244	-0.016802	-0.019244	-0.020465	-0.019732
0.211300	-0.017291	-0.021197	-0.017291	-0.018511	-0.020220	-0.020220	-0.019000	-0.016802	-0.021441	-0.019976	-0.018267
0.211400	-0.019976	-0.020953	-0.018511	-0.019732	-0.020953	-0.021197	-0.020953	-0.019732	-0.023150	-0.022174	-0.017047
0.211500	-0.023150	-0.021441	-0.021197	-0.021685	-0.022174	-0.021929	-0.023394	-0.022418	-0.023150	-0.022662	-0.018511
0.211600	-0.025103	-0.021929	-0.021441	-0.025592	-0.025592	-0.021441	-0.025103	-0.023883	-0.025836	-0.022662	-0.019976
0.211700	-0.025103	-0.022906	-0.024371	-0.029498	-0.028033	-0.022418	-0.023883	-0.023883	-0.026812	-0.022662	-0.019000
0.211800	-0.025592	-0.023150	-0.026568	-0.029010	-0.031695	-0.021685	-0.025347	-0.024615	-0.027301	-0.025103	-0.020465
0.211900	-0.026080	-0.022906	-0.027789	-0.028277	-0.034625	-0.021929	-0.027301	-0.026568	-0.026324	-0.027545	-0.022906
0.212000	-0.026568	-0.023638	-0.029742	-0.029498	-0.036822	-0.022662	-0.030230	-0.027789	-0.027301	-0.029742	-0.026324
0.212100	-0.026324	-0.025836	-0.030230	-0.031207	-0.035357	-0.023150	-0.030230	-0.026812	-0.028033	-0.031451	-0.029010
0.212200	-0.026080	-0.027545	-0.031207	-0.031939	-0.033648	-0.025103	-0.031939	-0.027545	-0.028277	-0.034137	-0.030230
0.212300	-0.028277	-0.029498	-0.032428	-0.030963	-0.034381	-0.026080	-0.031939	-0.029742	-0.029010	-0.034625	-0.031451
0.212400	-0.030474	-0.030474	-0.032428	-0.029986	-0.034625	-0.027789	-0.032672	-0.032428	-0.030719	-0.034381	-0.033648
0.212500	-0.031451	-0.033404	-0.032916	-0.030719	-0.032672	-0.029986	-0.032183	-0.032183	-0.033892	-0.035113	-0.034625
0.212600	-0.032183	-0.034869	-0.035357	-0.032428	-0.028765	-0.032428	-0.034625	-0.032183	-0.035846	-0.037311	-0.034137
0.212700	-0.034381	-0.034137	-0.036822	-0.031939	-0.029986	-0.033404	-0.034869	-0.034625	-0.037066	-0.037311	-0.033648
0.212800	-0.036334	-0.033892	-0.036822	-0.034869	-0.032428	-0.032672	-0.034381	-0.037066	-0.036822	-0.035357	-0.034381
0.212900	-0.037066	-0.035357	-0.037066	-0.037555	-0.034381	-0.032916	-0.032916	-0.038043	-0.038043	-0.033404	-0.035602
0.213000	-0.038287	-0.036822	-0.038775	-0.038043	-0.036334	-0.032672	-0.033648	-0.039752	-0.038043	-0.035602	-0.034869
0.213100	-0.037066	-0.035113	-0.040484	-0.037555	-0.037555	-0.032672	-0.036822	-0.040729	-0.037311	-0.035846	-0.033648
0.213200	-0.037311	-0.033648	-0.039752	-0.039996	-0.040484	-0.033648	-0.038287	-0.039752	-0.035357	-0.036578	-0.035113
0.213300	-0.038287	-0.035113	-0.039996	-0.041217	-0.042926	-0.032916	-0.038531	-0.038043	-0.035357	-0.037311	-0.037066
0.213400	-0.038043	-0.036334	-0.040484	-0.040484	-0.043902	-0.033648	-0.039508	-0.038287	-0.035113	-0.039264	-0.038043
0.213500	-0.038775	-0.039264	-0.039996	-0.038775	-0.044635	-0.034625	-0.040973	-0.039508	-0.035602	-0.040240	-0.038287
0.213600	-0.039264	-0.038531	-0.040484	-0.039752	-0.044635	-0.035846	-0.043170	-0.041217	-0.037311	-0.041705	-0.040240
0.213700	-0.039264	-0.039752	-0.039020	-0.039996	-0.045367	-0.037066	-0.042926	-0.040484	-0.039020	-0.042682	-0.041461
0.213800	-0.040973	-0.042682	-0.041705	-0.040484	-0.042682	-0.038531	-0.043170	-0.040484	-0.041705	-0.044147	-0.043414
0.213900	-0.040484	-0.044147	-0.043658	-0.040973	-0.039020	-0.040973	-0.043414	-0.042682	-0.044879	-0.045611	-0.043170
0.214000	-0.041461	-0.045367	-0.044879	-0.040240	-0.039996	-0.042926	-0.043414	-0.044879	-0.046100	-0.046100	-0.041949
0.214100	-0.043414	-0.045611	-0.046100	-0.040240	-0.042926	-0.042926	-0.041949	-0.046100	-0.046588	-0.043658	-0.043658
0.214200	-0.043658	-0.045611	-0.045856	-0.044147	-0.043170	-0.045856	-0.041705	-0.045611	-0.046832	-0.041705	-0.043414
0.214300	-0.043902	-0.045611	-0.046588	-0.044635	-0.042193	-0.045611	-0.042682	-0.045611	-0.046832	-0.044391	-0.044147
0.214400	-0.043170	-0.044391	-0.046588	-0.044879	-0.043902	-0.045123	-0.043658	-0.048297	-0.046344	-0.044147	-0.041949
0.214500	-0.042926	-0.041217	-0.047320	-0.047320	-0.047320	-0.044879	-0.045856	-0.047809	-0.044879	-0.043658	-0.041705
0.214600	-0.043414	-0.041217	-0.045367	-0.049029	-0.049274	-0.044147	-0.045856	-0.046344	-0.043170	-0.041949	-0.043902
0.214700	-0.043170	-0.041217	-0.050006	-0.045611	-0.050494	-0.043902	-0.044879	-0.045611	-0.044635	-0.043170	-0.045367
0.214800	-0.042193	-0.040729	-0.048541	-0.045611	-0.050738	-0.044879	-0.048053	-0.046344	-0.045611	-0.043658	-0.045611
0.214900	-0.040484	-0.041705	-0.048053	-0.044879	-0.049518	-0.045611	-0.049029	-0.045367	-0.045611	-0.045611	-0.047809
0.215000	-0.042682	-0.043170	-0.047320	-0.044635	-0.049762	-0.044391	-0.048541	-0.044147	-0.045856	-0.046588	-0.049274
0.215100	-0.043414	-0.044879	-0.050983	-0.043414	-0.048785	-0.044879	-0.046832	-0.044391	-0.048785	-0.046344	-0.050250
0.215200	-0.042193	-0.044879	-0.053180	-0.041949	-0.047809	-0.047320	-0.047565	-0.044879	-0.049518	-0.046344	-0.050494
0.215300	-0.043414	-0.046100	-0.051471	-0.041217	-0.048053	-0.049518	-0.046832	-0.046100	-0.049274	-0.047565	-0.051471
0.215400	-0.043414	-0.045611	-0.052447	-0.041949	-0.046100	-0.049029	-0.047565	-0.045856	-0.048297	-0.046832	-0.050983
0.215500	-0.044635	-0.045367	-0.053424	-0.045367	-0.043902	-0.050738	-0.048541	-0.045611	-0.048053	-0.046832	-0.049762
0.215600	-0.045856	-0.048053	-0.052936	-0.044879	-0.043902	-0.050738	-0.047320	-0.047320	-0.047565	-0.048297	-0.048541
0.215700	-0.047565	-0.045123	-0.055377	-0.044635	-0.047320	-0.047320	-0.046832	-0.049762	-0.048541	-0.047565	-0.046588
0.215800	-0.047320	-0.043414	-0.052692	-0.045611	-0.049274	-0.048053	-0.046344	-0.050006	-0.047320	-0.046344	-0.045856
0.215900	-0.046344	-0.041705	-0.051959	-0.046100	-0.049274	-0.048785	-0.046588	-0.048785	-0.045123	-0.044391	-0.047809
0.216000	-0.045611	-0.041949	-0.050983	-0.046832	-0.048297	-0.049274	-0.047320	-0.046344	-0.045367	-0.044635	-0.048785
0.216100	-0.044391	-0.043170	-0.051227	-0.044391	-0.049762	-0.045123	-0.046832	-0.045367	-0.045367	-0.045611	-0.048541
0.216200	-0.045611	-0.041461	-0.050250	-0.044147	-0.049274	-0.043658	-0.047809	-0.045367	-0.044147	-0.045856	-0.047565
0.216300	-0.043658	-0.042926	-0.052447	-0.042193	-0.045611	-0.043902	-0.046100	-0.042193	-0.043658	-0.046100	-0.049518
0.216400	-0.043902	-0.043902	-0.053424	-0.039752	-0.044147	-0.044391	-0.044635	-0.042682	-0.043414	-0.046588	-0.050250
0.216500	-0.043902	-0.043902	-0.051471	-0.038287	-0.045123	-0.044391	-0.040973	-0.042926	-0.044147	-0.046344	-0.049518
0.216600	-0.040729	-0.042193	-0.049274	-0.038531	-0.043658	-0.044635	-0.041949	-0.042926	-0.041217	-0.044879	-0.049029
0.216700	-0.042926	-0.043170	-0.046588	-0.039264	-0.043414	-0.044391	-0.041949	-0.041217	-0.039508	-0.046100	-0.048785
0.216800	-0.044147	-0.044391	-0.049274	-0.040973	-0.041705	-0.044147	-0.041705	-0.043170	-0.040484	-0.045856	-0.045856
0.216900	-0.045123	-0.043658	-0.050738	-0.041949	-0.039996	-0.045856	-0.042682	-0.044147	-0.040240	-0.044391	-0.041949
0.217000	-0.046588	-0.044391	-0.047809	-0.040729	-0.040973	-0.045856	-0.041217	-0.045856	-0.039752	-0.044879	-0.040729
0.217100	-0.048053	-0.042193	-0.047809	-0.040484	-0.041949	-0.045123	-0.039508	-0.048541	-0.041705	-0.041705	-0.041217
0.217200	-0.043170	-0.038775	-0.047320	-0.041705	-0.039264	-0.046588	-0.039752	-0.046588	-0.043170	-0.038287	-0.040240
0.217300	-0.039508	-0.039752	-0.045367	-0.041461	-0.039264	-0.044879	-0.040240	-0.043414	-0.041217	-0.036334	-0.041217
0.217400	-0.038775	-0.039020	-0.045367	-0.039508	-0.040729	-0.039996	-0.039264	-0.042682	-0.039264	-0.036822	-0.040729
0.217500	-0.038531	-0.037555	-0.044147	-0.039020	-0.042193	-0.039020	-0.039508	-0.040729	-0.036334	-0.035602	-0.039020
0.217600	-0.037311	-0.038287	-0.043170	-0.036822	-0.039752	-0.039264	-0.040484	-0.038775	-0.036090	-0.037066	-0.038531
0.217700	-0.036334	-0.038531	-0.043170	-0.035846	-0.039020	-0.039264	-0.039996	-0.036822	-0.036822	-0.038287	-0.039264
0.217800	-0.033892	-0.037555	-0.043170	-0.032916	-0.038531	-0.039020	-0.038287	-0.036578	-0.037555	-0.038043	-0.038043
0.217900	-0.032672	-0.033648	-0.043414	-0.031451	-0.038775	-0.038287	-0.038043	-0.035602	-0.034869	-0.036578	-0.038775
0.218000	-0.034625	-0.035113	-0.041705	-0.032428	-0.034869	-0.038531	-0.038531	-0.034625	-0.032672	-0.036822	-0.042193
0.218100	-0.035357	-0.038043	-0.043414	-0.031451	-0.030963	-0.039752	-0.036334	-0.036090	-0.035357	-0.036822	-0.041461
0.218200	-0.035113	-0.037066	-0.041217	-0.029986	-0.028033	-0.040973	-0.035357	-0.037311	-0.036578	-0.035113	-0.036578
0.218300	-0.034137	-0.032916	-0.039508	-0.029742	-0.026080	-0.040484	-0.033892	-0.037555	-0.036578	-0.032672	-0.034625
0.218400	-0.034137	-0.030230	-0.038531	-0.028765	-0.026812	-0.039020	-0.033892	-0.037311	-0.034381	-0.030230	-0.035113
0.218500	-0.034381	-0.030230	-0.038043	-0.028277	-0.029010	-0.038287	-0.031207	-0.036822	-0.032916	-0.027545	-0.036090
0.218600	-0.031207	-0.029498	-0.036822	-0.029498	-0.029254	-0.036334	-0.032672	-0.035113	-0.033404	-0.025103	-0.033404
0.218700	-0.030230	-0.028277	-0.035357	-0.029986	-0.030719	-0.034625	-0.033648	-0.032183	-0.028765	-0.025347	-0.029986
0.218800	-0.031451	-0.027301	-0.035602	-0.027545	-0.034625	-0.031939	-0.033892	-0.031695	-0.029010	-0.025592	-0.030474
0.218900	-0.029986	-0.026568	-0.038287	-0.028033	-0.035846	-0.032183	-0.033648	-0.030230	-0.030230	-0.025347	-0.029986
0.219000	-0.025836	-0.027789	-0.037311	-0.028033	-0.033648	-0.030474	-0.036090	-0.026324	-0.029498	-0.027545	-0.030963
0.219100	-0.027789	-0.030719	-0.035602	-0.025592	-0.032428	-0.028277	-0.035846	-0.026324	-0.027301	-0.033404	-0.031695
0.219200	-0.030474	-0.030230	-0.038043	-0.022418	-0.030719	-0.029498	-0.033648	-0.028033	-0.028033	-0.033648	-0.031939
0.219300	-0.029254	-0.029010	-0.037066	-0.021929	-0.023883	-0.033648	-0.031207	-0.028277	-0.029498	-0.029254	-0.032183
0.219400	-0.027545	-0.031939	-0.034625	-0.016558	-0.023150	-0.032672	-0.025103	-0.026812	-0.030474	-0.029254	-0.033648
0.219500	-0.027301	-0.029010	-0.034137	-0.014361	-0.024371	-0.031695	-0.020953	-0.028765	-0.030474	-0.028277	-0.030719
0.219600	-0.024371	-0.021197	-0.032672	-0.018267	-0.020953	-0.032428	-0.023883	-0.026080	-0.026812	-0.026080	-0.028765
0.219700	-0.025103	-0.023394	-0.026568	-0.019732	-0.022418	-0.030963	-0.023883	-0.022906	-0.022662	-0.025103	-0.029254
0.219800	-0.028033	-0.025592	-0.031207	-0.022174	-0.024371	-0.026568	-0.020465	-0.025103	-0.026080	-0.023150	-0.027301
0.219900	-0.022662	-0.022906	-0.032183	-0.023150	-0.022418	-0.027789	-0.022662	-0.025592	-0.025592	-0.020220	-0.020220
0.220000	-0.023638	-0.023394	-0.027789	-0.020465	-0.023638	-0.026080	-0.023394	-0.025592	-0.022662	-0.022662	-0.020220
0.220100	-0.024371	-0.023150	-0.030474	-0.019976	-0.026812	-0.024371	-0.022906	-0.027301	-0.021197	-0.020953	-0.023394
0.220200	-0.021441	-0.020220	-0.032916	-0.022906	-0.026080	-0.025103	-0.021929	-0.023150	-0.021197	-0.018511	-0.022906
0.220300	-0.020465	-0.022174	-0.028765	-0.023150	-0.022906	-0.023638	-0.023638	-0.018023	-0.016802	-0.020709	-0.023150
0.220400	-0.023394	-0.023883	-0.027301	-0.018023	-0.021929	-0.019244	-0.022662	-0.019732	-0.017291	-0.023150	-0.022662
0.220500	-0.022662	-0.020220	-0.029254	-0.015093	-0.020465	-0.020709	-0.021929	-0.022418	-0.019976	-0.021685	-0.021197
0.220600	-0.018023	-0.019000	-0.028765	-0.014361	-0.017047	-0.023638	-0.019976	-0.019976	-0.021197	-0.018267	-0.023394
0.220700	-0.016314	-0.021685	-0.024615	-0.012652	-0.017535	-0.021685	-0.016558	-0.017779	-0.017535	-0.019244	-0.025347
0.220800	-0.016558	-0.020465	-0.025103	-0.011187	-0.016802	-0.020465	-0.016070	-0.017779	-0.016314	-0.019000	-0.021929
0.220900	-0.015826	-0.018023	-0.022906	-0.013140	-0.012164	-0.020220	-0.017535	-0.018756	-0.014361	-0.016802	-0.018023
0.221000	-0.016802	-0.020709	-0.020709	-0.012408	-0.011920	-0.020220	-0.015826	-0.018267	-0.015582	-0.015826	-0.016314
0.221100	-0.018023	-0.019976	-0.024615	-0.012896	-0.012164	-0.019976	-0.012164	-0.018511	-0.017779	-0.014605	-0.013873
0.221200	-0.013873	-0.013629	-0.022906	-0.013384	-0.011431	-0.020220	-0.013873	-0.017779	-0.017047	-0.013384	-0.011675
0.221300	-0.015338	-0.013140	-0.017291	-0.014361	-0.011187	-0.018267	-0.016558	-0.017291	-0.012408	-0.012896	-0.014361
0.221400	-0.016558	-0.014361	-0.017535	-0.015093	-0.013873	-0.015338	-0.015093	-0.018511	-0.012408	-0.012164	-0.015582
0.221500	-0.015093	-0.014117	-0.019000	-0.017291	-0.013384	-0.015826	-0.014117	-0.016558	-0.013140	-0.009234	-0.011675
0.221600	-0.014117	-0.014117	-0.019000	-0.014605	-0.012896	-0.014117	-0.014605	-0.015093	-0.011920	-0.010943	-0.010943
0.221700	-0.015093	-0.012896	-0.018511	-0.009722	-0.013140	-0.011187	-0.015338	-0.014605	-0.010699	-0.012408	-0.012652
0.221800	-0.013140	-0.010455	-0.018267	-0.008746	-0.012652	-0.012164	-0.015093	-0.012896	-0.009966	-0.011675	-0.013384
0.221900	-0.009234	-0.010943	-0.016558	-0.009722	-0.011431	-0.011920	-0.013384	-0.008990	-0.008746	-0.010943	-0.015338
0.222000	-0.008257	-0.012164	-0.015826	-0.007525	-0.010699	-0.009966	-0.012896	-0.008501	-0.008990	-0.010455	-0.015826
0.222100	-0.010699	-0.013140	-0.014361	-0.004839	-0.009234	-0.010943	-0.012652	-0.010455	-0.009234	-0.010699	-0.013629
0.222200	-0.010455	-0.012408	-0.014605	-0.004839	-0.008013	-0.011675	-0.012896	-0.011920	-0.012408	-0.009478	-0.013140
0.222300	-0.009966	-0.014117	-0.013384	-0.005328	-0.007281	-0.013140	-0.011675	-0.011920	-0.011920	-0.009722	-0.012164
0.222400	-0.009234	-0.012408	-0.015826	-0.004595	-0.007037	-0.015826	-0.007281	-0.012652	-0.012408	-0.010455	-0.011675
0.222500	-0.007769	-0.008257	-0.014605	-0.008013	-0.006304	-0.016070	-0.009234	-0.012164	-0.009966	-0.007769	-0.008257
0.222600	-0.009234	-0.009234	-0.011187	-0.007769	-0.008501	-0.014117	-0.011431	-0.011187	-0.007525	-0.007037	-0.008013
0.222700	-0.011431	-0.010943	-0.011675	-0.008013	-0.012652	-0.010455	-0.009722	-0.012408	-0.008501	-0.006792	-0.008013
0.222800	-0.010455	-0.009234	-0.016314	-0.008990	-0.011187	-0.012652	-0.009966	-0.012164	-0.009966	-0.004839	-0.005083
0.222900	-0.007769	-0.007281	-0.013384	-0.008501	-0.009722	-0.012164	-0.012164	-0.009234	-0.008501	-0.006304	-0.006548
0.223000	-0.009234	-0.008746	-0.014605	-0.005083	-0.013140	-0.010699	-0.011187	-0.009234	-0.006548	-0.007281	-0.010699
0.223100	-0.007281	-0.005328	-0.014605	-0.006792	-0.013629	-0.008990	-0.010455	-0.007037	-0.008257	-0.004351	-0.010699
0.223200	-0.004595	-0.006792	-0.014117	-0.007037	-0.011431	-0.010699	-0.011187	-0.003374	-0.006548	-0.005083	-0.011187
0.223300	-0.004839	-0.009478	-0.011675	-0.003374	-0.009966	-0.007769	-0.009966	-0.004839	-0.007525	-0.008257	-0.012164
0.223400	-0.004595	-0.008746	-0.013629	-0.002154	-0.008990	-0.008990	-0.009234	-0.006792	-0.008990	-0.007769	-0.011431
0.223500	-0.004107	-0.007525	-0.013384	-0.002398	-0.006304	-0.010943	-0.008990	-0.007037	-0.008257	-0.007769	-0.012164
0.223600	-0.004351	-0.009722	-0.013873	-0.001665	-0.006304	-0.011920	-0.006548	-0.007281	-0.008013	-0.008013	-0.012652
0.223700	-0.005816	-0.008501	-0.012652	-0.000689	-0.005328	-0.012408	-0.005328	-0.008257	-0.007525	-0.007769	-0.009966
0.223800	-0.005083	-0.004839	-0.012408	-0.002886	-0.004839	-0.012408	-0.008013	-0.009234	-0.006548	-0.006060	-0.007525
0.223900	-0.006792	-0.005816	-0.009478	-0.004351	-0.006304	-0.010699	-0.008501	-0.008013	-0.003863	-0.005328	-0.008013
0.224000	-0.009478	-0.005816	-0.011431	-0.004839	-0.007037	-0.009478	-0.007281	-0.008501	-0.005083	-0.004595	-0.007281
0.224100	-0.008013	-0.004351	-0.012652	-0.006060	-0.004839	-0.011675	-0.008257	-0.007525	-0.005816	-0.003863	-0.005816
0.224200	-0.005816	-0.002642	-0.011675	-0.004351	-0.006792	-0.010699	-0.008746	-0.007769	-0.003863	-0.003863	-0.006304
0.224300	-0.006304	-0.002398	-0.009966	-0.004595	-0.010699	-0.007037	-0.008990	-0.006548	-0.002154	-0.002886	-0.007281
0.224400	-0.006548	-0.003374	-0.010943	-0.004107	-0.011187	-0.005083	-0.006548	-0.005328	-0.002642	-0.001910	-0.007769
0.224500	-0.005083	-0.003374	-0.010699	-0.005083	-0.007037	-0.005083	-0.007525	-0.002886	-0.002398	-0.002886	-0.007037
0.224600	-0.004839	-0.006548	-0.009478	-0.001421	-0.005083	-0.004107	-0.006792	-0.002398	-0.003130	-0.006060	-0.007281
0.224700	-0.004595	-0.005816	-0.009478	0.000776	-0.004839	-0.004107	-0.006060	-0.003374	-0.002886	-0.006060	-0.006304
0.224800	-0.002398	-0.003374	-0.007281	-0.000689	-0.004839	-0.005083	-0.004839	-0.002398	-0.002398	-0.005328	-0.007281
0.224900	-0.002886	-0.004351	-0.007525	0.001020	-0.003130	-0.004839	-0.004107	-0.001910	-0.001421	-0.006548	-0.007769
0.225000	-0.004107	-0.006548	-0.008501	0.001264	0.000044	-0.004351	-0.002886	-0.004107	-0.001910	-0.006060	-0.005083
0.225100	-0.004351	-0.006060	-0.007037	0.002241	0.002241	-0.006060	-0.003130	-0.006060	-0.003619	-0.005083	-0.002398
0.225200	-0.004351	-0.005328	-0.004107	0.000044	0.004194	-0.006548	-0.000689	-0.006060	-0.002154	-0.003374	-0.002154
0.225300	-0.004351	-0.003619	-0.003863	0.000044	0.005171	-0.006304	0.000044	-0.004595	-0.001665	-0.000689	-0.001421
0.225400	-0.003619	-0.002154	-0.004839	0.000288	0.002729	-0.004839	0.002241	-0.003619	-0.000689	0.001020	-0.000201
0.225500	-0.001665	0.000776	-0.002642	-0.000201	0.000532	-0.002154	0.000532	-0.004351	0.000044	0.002241	0.000288
0.225600	-0.002154	0.001020	0.000044	-0.000445	-0.001177	0.000776	0.000288	-0.002642	0.001997	0.002973	0.001508
0.225700	-0.001665	0.000532	-0.001177	0.000776	-0.001910	0.001753	0.001508	-0.002154	0.000776	0.003462	0.001264
0.225800	0.000776	0.001508	-0.004839	-0.001177	0.001264	-0.001177	0.001508	0.000044	0.000776	0.004682	0.001508
0.225900	0.002485	0.000288	-0.002886	0.001753	0.000532	0.000044	0.000044	0.001997	0.001264	0.003950	0.001508
0.226000	0.002973	-0.000689	-0.003130	0.004194	-0.000201	0.003950	0.000044	0.002241	0.001020	0.002729	0.000776
0.226100	0.003462	0.001508	-0.001665	0.004682	0.001997	0.001753	-0.001421	0.002973	0.001508	0.003462	0.000288
0.226200	0.003462	0.000288	-0.001421	0.006391	0.005415	-0.000445	0.001508	0.003462	0.002729	0.002485	0.000288
0.226300	0.002973	-0.000689	-0.001910	0.009565	0.007856	-0.000689	0.002973	0.001753	0.001508	0.003462	0.000532
0.226400	0.004682	0.000532	0.000288	0.010542	0.009321	-0.000445	0.004438	0.001997	0.001753	0.004194	0.002485
0.226500	0.004926	0.001753	0.002485	0.012251	0.009321	-0.000689	0.004926	0.001997	0.002485	0.005659	0.002729
0.226600	0.005903	0.004194	0.001264	0.010542	0.010542	-0.001177	0.006147	0.002485	0.002729	0.008100	0.002485
0.226700	0.007124	0.005415	0.003462	0.009809	0.010053	-0.000689	0.005903	0.005171	0.002729	0.009321	0.004194
0.226800	0.005903	0.006635	0.006880	0.008833	0.008589	0.002729	0.006147	0.004682	0.003950	0.009565	0.005171
0.226900	0.007368	0.007612	0.005659	0.007856	0.007856	0.005171	0.004926	0.005415	0.004438	0.010542	0.006880
0.227000	0.008100	0.007612	0.003462	0.007856	0.006147	0.005903	0.004926	0.006147	0.005415	0.010298	0.006391
0.227100	0.008833	0.007856	0.002241	0.007124	0.005659	0.006635	0.004682	0.008100	0.004926	0.009809	0.005903
0.227200	0.011274	0.006635	0.002729	0.008833	0.005659	0.007124	0.004682	0.010298	0.007368	0.009809	0.006147
0.227300	0.007612	0.007612	0.004194	0.011518	0.003950	0.008589	0.004438	0.010298	0.010786	0.008589	0.004926
0.227400	0.006880	0.008589	0.003462	0.012251	0.006880	0.007368	0.004438	0.010298	0.010298	0.009077	0.003217
0.227500	0.008833	0.008833	0.003950	0.014204	0.007856	0.006147	0.005903	0.012251	0.009565	0.008100	0.002729
0.227600	0.011518	0.008589	0.004194	0.014448	0.009077	0.007856	0.007124	0.012007	0.009809	0.006880	0.002241
0.227700	0.010786	0.010542	0.004926	0.014448	0.009565	0.007612	0.007124	0.011030	0.009565	0.006635	0.003462
0.227800	0.007124	0.009077	0.006391	0.014692	0.010786	0.006147	0.008589	0.010298	0.010053	0.006635	0.004682
0.227900	0.006391	0.006635	0.005415	0.013960	0.010786	0.004926	0.010542	0.008589	0.007612	0.008100	0.005171
0.228000	0.009321	0.006635	0.006147	0.011030	0.013472	0.004438	0.010298	0.007368	0.007368	0.009321	0.010298
0.228100	0.008100	0.007856	0.010542	0.010298	0.011762	0.007124	0.009809	0.007612	0.009321	0.009321	0.011762
0.228200	0.006635	0.010298	0.007612	0.010053	0.010542	0.009321	0.011274	0.006635	0.010542	0.009321	0.011762
0.228300	0.007612	0.010298	0.005415	0.009077	0.009565	0.008100	0.011762	0.007368	0.010053	0.010786	0.010542
0.228400	0.009565	0.009321	0.007368	0.008589	0.008833	0.007856	0.010786	0.009565	0.011030	0.011030	0.011274
0.228500	0.010053	0.008833	0.009565	0.009565	0.006147	0.011518	0.010053	0.010298	0.012251	0.011518	0.011518
0.228600	0.010053	0.010786	0.006880	0.009809	0.007612	0.014204	0.008589	0.011030	0.013716	0.010786	0.011518
0.228700	0.009809	0.010786	0.006635	0.010542	0.006880	0.013227	0.008589	0.013227	0.012251	0.009077	0.009565
0.228800	0.010542	0.008589	0.005903	0.012007	0.009077	0.013960	0.010298	0.013472	0.011274	0.007612	0.007856
0.228900	0.011030	0.008100	0.005903	0.012007	0.010298	0.012495	0.011762	0.013472	0.010786	0.007856	0.009321
0.229000	0.010786	0.008833	0.006635	0.011762	0.013472	0.010542	0.012007	0.012495	0.011030	0.008100	0.009077
0.229100	0.008100	0.007368	0.008833	0.013472	0.013960	0.008589	0.013227	0.011030	0.009321	0.011274	0.007368
0.229200	0.009809	0.006635	0.006391	0.013960	0.015669	0.009321	0.015425	0.007856	0.007856	0.012739	0.008589
0.229300	0.011518	0.007612	0.008833	0.012251	0.018354	0.009077	0.014448	0.007368	0.009321	0.011518	0.011030
0.229400	0.009809	0.008833	0.008589	0.012007	0.017378	0.009809	0.012251	0.007368	0.011274	0.010542	0.011030
0.229500	0.008833	0.009809	0.008100	0.012251	0.015913	0.009077	0.013960	0.006147	0.010542	0.014692	0.010786
0.229600	0.012251	0.011030	0.009077	0.008589	0.014448	0.008589	0.014204	0.007856	0.011274	0.017378	0.012495
0.229700	0.013227	0.010786	0.012251	0.010298	0.013472	0.010542	0.013472	0.009321	0.012495	0.015669	0.013472
0.229800	0.011762	0.013227	0.011274	0.012495	0.012007	0.014692	0.009565	0.009809	0.014692	0.015669	0.013960
0.229900	0.011274	0.012495	0.011518	0.012007	0.010786	0.013960	0.007856	0.011518	0.014448	0.015181	0.011274
0.230000	0.010786	0.011030	0.008589	0.010542	0.011274	0.014204	0.009809	0.015425	0.013227	0.014936	0.009321
0.230100	0.013227	0.009809	0.008589	0.012739	0.011274	0.013472	0.011518	0.016890	0.011030	0.013960	0.010053
0.230200	0.015425	0.011518	0.010298	0.016157	0.012739	0.013472	0.012007	0.016157	0.011274	0.012739	0.010298
0.230300	0.016401	0.012007	0.011762	0.018354	0.013716	0.014692	0.011762	0.014692	0.010542	0.013716	0.008589
0.230400	0.016157	0.011518	0.011518	0.017134	0.015425	0.014448	0.012739	0.015669	0.010542	0.013472	0.008100
0.230500	0.016157	0.009809	0.012251	0.016401	0.016401	0.013716	0.015425	0.016645	0.010786	0.012251	0.009809
0.230600	0.013716	0.010786	0.012007	0.017378	0.017378	0.013227	0.015913	0.014204	0.012739	0.011274	0.012007
0.230700	0.012007	0.012007	0.014204	0.016645	0.016890	0.011274	0.014936	0.011762	0.012495	0.013472	0.013227
0.230800	0.012007	0.013227	0.015425	0.015669	0.014692	0.010053	0.016157	0.010786	0.012007	0.014448	0.011762
0.230900	0.014692	0.014692	0.014692	0.013227	0.012495	0.010053	0.015913	0.012007	0.012007	0.015181	0.012739
0.231000	0.014448	0.016401	0.015669	0.011274	0.013472	0.012739	0.012251	0.013716	0.014448	0.014204	0.013227
0.231100	0.011030	0.014448	0.015669	0.011274	0.011274	0.013716	0.010786	0.012495	0.015669	0.013960	0.012739
0.231200	0.010542	0.013472	0.012739	0.010786	0.008589	0.013716	0.012251	0.012007	0.013716	0.015913	0.011274
0.231300	0.013472	0.013716	0.010786	0.009077	0.007856	0.013227	0.012495	0.014936	0.012251	0.016401	0.012251
0.231400	0.013960	0.012251	0.010542	0.012007	0.006880	0.014692	0.010542	0.014936	0.012007	0.013227	0.011274
0.231500	0.013227	0.013472	0.009565	0.013227	0.007612	0.016401	0.009809	0.014204	0.011274	0.011762	0.010786
0.231600	0.012495	0.012007	0.010053	0.012495	0.008100	0.014448	0.008833	0.013960	0.011518	0.010786	0.010298
0.231700	0.012495	0.009077	0.010053	0.012251	0.008100	0.013472	0.012251	0.015425	0.010298	0.010542	0.008833
0.231800	0.011762	0.009077	0.008589	0.013227	0.008833	0.011030	0.012251	0.013227	0.009565	0.009565	0.010053
0.231900	0.011518	0.009321	0.008833	0.013716	0.009321	0.009077	0.011518	0.010298	0.010053	0.007612	0.009809
0.232000	0.009321	0.010053	0.009565	0.012251	0.010298	0.008589	0.011274	0.008100	0.010542	0.007612	0.009321
0.232100	0.009321	0.010053	0.010053	0.010053	0.010786	0.008589	0.012251	0.007856	0.009077	0.007612	0.009077
0.232200	0.008589	0.009809	0.009077	0.007368	0.013227	0.007612	0.012007	0.007124	0.009077	0.007856	0.010298
0.232300	0.007368	0.011274	0.008589	0.007368	0.013227	0.007856	0.011762	0.005415	0.010542	0.010298	0.010786
0.232400	0.005903	0.010053	0.009077	0.006880	0.009565	0.009565	0.011274	0.005171	0.010053	0.012007	0.010298
0.232500	0.007124	0.010053	0.008100	0.006635	0.008100	0.011030	0.010786	0.006391	0.007856	0.014936	0.010053
0.232600	0.008589	0.010542	0.007368	0.005415	0.008589	0.011030	0.009321	0.007368	0.008589	0.012007	0.009077
0.232700	0.009077	0.010542	0.007124	0.006147	0.007856	0.012251	0.006635	0.009565	0.010298	0.010786	0.009565
0.232800	0.007124	0.010298	0.006391	0.005903	0.006880	0.013960	0.006147	0.009321	0.009565	0.009809	0.008589
0.232900	0.007612	0.008100	0.006391	0.006391	0.006147	0.013716	0.007612	0.010053	0.010053	0.009565	0.007612
0.233000	0.009321	0.006147	0.005659	0.009321	0.006635	0.012495	0.010786	0.009809	0.009077	0.006880	0.007124
0.233100	0.010053	0.007124	0.004926	0.011030	0.009321	0.010786	0.009809	0.008589	0.009077	0.006391	0.009321
0.233200	0.008100	0.007612	0.006147	0.010542	0.010786	0.009565	0.009565	0.007856	0.010298	0.006147	0.007124
0.233300	0.007124	0.006880	0.007612	0.009321	0.010542	0.009321	0.010298	0.008589	0.010053	0.006391	0.006391
0.233400	0.006391	0.006147	0.007124	0.007612	0.011030	0.007368	0.011274	0.007856	0.008589	0.007368	0.007368
0.233500	0.006880	0.007124	0.007612	0.007856	0.012251	0.007124	0.010786	0.006147	0.008833	0.007368	0.010298
0.233600	0.005659	0.007124	0.009565	0.007856	0.010053	0.006391	0.010053	0.003462	0.008589	0.008833	0.009565
0.233700	0.005659	0.007124	0.008833	0.006880	0.008833	0.007856	0.009565	0.003217	0.008100	0.009809	0.010786
0.233800	0.006147	0.007368	0.008100	0.004194	0.007856	0.007856	0.008589	0.004926	0.007368	0.010786	0.010053
0.233900	0.007368	0.006635	0.008589	0.004438	0.007368	0.008833	0.007856	0.005903	0.007368	0.009565	0.011518
0.234000	0.009077	0.006147	0.007612	0.004926	0.005171	0.010298	0.006880	0.006391	0.006880	0.008589	0.011030
0.234100	0.008589	0.007368	0.006635	0.004926	0.002973	0.010786	0.005903	0.007124	0.007124	0.008833	0.010298
0.234200	0.008833	0.006880	0.007368	0.004926	0.002973	0.009321	0.006880	0.009321	0.007612	0.007368	0.008589
0.234300	0.008833	0.006391	0.006635	0.006147	0.005415	0.009565	0.006391	0.010053	0.006880	0.005659	0.007856
0.234400	0.011030	0.006635	0.007612	0.006147	0.005171	0.008100	0.006391	0.009077	0.005659	0.005415	0.007856
0.234500	0.010298	0.006391	0.009321	0.008100	0.005903	0.007856	0.005415	0.007856	0.006147	0.007124	0.006880
0.234600	0.009077	0.006391	0.009077	0.007368	0.004438	0.006880	0.007124	0.006880	0.005903	0.008589	0.005171
0.234700	0.007368	0.005171	0.004682	0.007612	0.006880	0.005415	0.007612	0.005171	0.003950	0.008833	0.004438
0.234800	0.008833	0.004926	0.003217	0.007612	0.008100	0.002973	0.007856	0.003462	0.002241	0.008100	0.005903
0.234900	0.006635	0.005415	0.005415	0.006880	0.006880	0.002973	0.005903	0.001997	0.002241	0.006880	0.006880
0.235000	0.005415	0.007124	0.006880	0.003217	0.005903	0.002729	0.006635	0.002241	0.002729	0.006391	0.006391
0.235100	0.005415	0.008100	0.004682	0.002729	0.004438	0.002729	0.006147	0.001753	0.001753	0.006635	0.007368
0.235200	0.005659	0.008100	0.002973	0.002729	0.002485	0.002973	0.005171	0.001753	0.002729	0.006635	0.007124
0.235300	0.006147	0.007368	0.002729	0.002241	0.001020	0.003950	0.004194	0.001508	0.002485	0.005903	0.006147
0.235400	0.005659	0.008589	0.004682	0.002241	-0.000445	0.003217	0.003217	0.003950	0.003462	0.006880	0.005171
0.235500	0.006147	0.006635	0.002973	0.001997	0.000532	0.003950	0.002729	0.006880	0.003950	0.007368	0.003950
0.235600	0.005903	0.006391	0.001997	0.002729	0.001508	0.003950	0.001753	0.007612	0.004682	0.007368	0.001508
0.235700	0.007124	0.004194	0.001508	0.004682	0.000288	0.005903	0.001508	0.006635	0.004194	0.005903	0.000776
0.235800	0.005903	0.002973	0.002241	0.005903	0.000044	0.009077	0.002241	0.005659	0.002485	0.005171	-0.000201
0.235900	0.004926	0.002973	0.001264	0.006880	0.001753	0.006635	0.003950	0.005415	0.002729	0.004926	0.000044
0.236000	0.003950	0.002729	0.000532	0.007124	0.003950	0.002485	0.005415	0.004682	0.001753	0.003462	0.000532
0.236100	0.003462	0.001997	0.000776	0.006391	0.003950	0.001753	0.006635	0.004438	0.001264	0.001997	0.003217
0.236200	0.002973	0.003950	0.002485	0.005171	0.005415	0.002729	0.005415	0.002973	0.001508	-0.000201	0.005415
0.236300	0.000776	0.003462	0.002973	0.005415	0.003950	0.003462	0.005415	0.002241	0.002729	-0.001177	0.006147
0.236400	-0.000445	0.004438	0.001264	0.002729	0.004438	0.001508	0.005903	0.001020	0.002485	0.000776	0.005171
0.236500	0.000776	0.004926	0.002485	0.000044	0.002485	0.000532	0.005415	0.000288	0.002729	0.002485	0.004682
0.236600	0.000776	0.003950	0.004682	-0.001421	0.000532	0.002729	0.004926	0.001020	0.005171	0.002729	0.003462
0.236700	0.000776	0.003217	0.004194	-0.001665	-0.001421	0.005415	0.003950	0.000532	0.006147	0.002973	0.001264
0.236800	0.001753	0.002485	0.001264	-0.001910	-0.000201	0.005659	0.002973	0.001997	0.005659	0.004682	0.001997
0.236900	0.001997	0.002241	0.001508	-0.000445	0.000044	0.005171	0.002485	0.002485	0.007368	0.003217	0.001997
0.237000	0.001997	0.001997	0.002241	0.001020	-0.000201	0.006391	0.002729	0.003950	0.006635	0.003462	0.002241
0.237100	0.001997	0.001264	0.002485	0.002973	-0.000201	0.005415	0.003462	0.002241	0.005659	0.004926	0.002485
0.237200	0.002485	0.001020	0.001264	0.004194	0.002485	0.003217	0.003462	0.003217	0.004438	0.005415	0.003950
0.237300	0.004438	-0.001421	0.001508	0.003950	0.005171	0.002485	0.004926	0.002973	0.001508	0.002729	0.004438
0.237400	0.006391	-0.001421	0.001997	0.005415	0.005415	0.002973	0.005659	0.003462	-0.000689	0.001508	0.005659
0.237500	0.004438	0.000288	0.004194	0.005903	0.005171	0.002485	0.006391	0.001508	0.002485	0.000532	0.006635
0.237600	0.002973	0.001020	0.005903	0.004438	0.006391	0.001753	0.005415	0.001020	0.004682	0.000776	0.006147
0.237700	0.002485	0.001264	0.006880	0.002973	0.006635	0.001020	0.007612	-0.000201	0.002729	0.005659	0.006147
0.237800	0.004926	0.002973	0.006635	0.000776	0.005903	0.001997	0.006880	0.000044	0.001020	0.005903	0.006635
0.237900	0.006147	0.006880	0.007612	0.000776	0.004926	0.002973	0.004926	-0.001910	0.004194	0.005415	0.007612
0.238000	0.004194	0.007856	0.005415	0.000776	0.003462	0.003217	0.003462	-0.001665	0.005171	0.006635	0.005415
0.238100	0.003217	0.007124	0.002729	0.001508	0.003217	0.003217	0.003950	-0.000201	0.002973	0.006635	0.003950
0.238200	0.006880	0.004682	0.004438	0.001508	0.003462	0.002485	0.001753	0.002973	0.003462	0.006391	0.002973
0.238300	0.006635	0.004926	0.006391	0.002729	0.003217	0.005415	0.001753	0.003950	0.005415	0.008589	0.004926
0.238400	0.005903	0.004682	0.005171	0.002973	0.003950	0.005415	0.001753	0.005171	0.002729	0.009077	0.003462
0.238500	0.006147	0.004926	0.003950	0.004438	0.004682	0.004194	0.002729	0.005659	0.003217	0.009077	0.002973
0.238600	0.007124	0.001508	0.004194	0.006391	0.006147	0.004682	0.001997	0.006391	0.003462	0.009321	0.003950
0.238700	0.006147	0.000532	0.004926	0.009565	0.007124	0.004926	0.005171	0.007124	0.004194	0.009077	0.006635
0.238800	0.006391	0.003217	0.006635	0.009077	0.007368	0.002241	0.006391	0.005659	0.004438	0.008589	0.006880
0.238900	0.006635	0.004926	0.007368	0.008100	0.007368	0.001264	0.006147	0.004438	0.005659	0.008100	0.004438
0.239000	0.007124	0.006635	0.005903	0.008589	0.007856	0.002485	0.007612	0.004194	0.005415	0.010053	0.002729
0.239100	0.006635	0.008589	0.007124	0.007124	0.008589	0.003217	0.006635	0.002729	0.006147	0.006880	0.004682
0.239200	0.004926	0.010053	0.008100	0.005903	0.008589	0.003950	0.004194	0.003462	0.007368	0.004682	0.007368
0.239300	0.004194	0.010053	0.008589	0.007612	0.006391	0.004194	0.004682	0.003950	0.005659	0.006880	0.007856
0.239400	0.006147	0.007856	0.006880	0.008100	0.006147	0.003462	0.008833	0.004438	0.005415	0.009809	0.007612
0.239500	0.007368	0.008833	0.008589	0.007856	0.005903	0.004926	0.008833	0.006635	0.008100	0.009565	0.007856
0.239600	0.006147	0.008833	0.007856	0.009077	0.005903	0.007368	0.006147	0.009321	0.010053	0.006147	0.005903
0.239700	0.006147	0.008589	0.006880	0.009809	0.005659	0.008100	0.006391	0.011030	0.007856	0.007612	0.004194
0.239800	0.009565	0.006635	0.005659	0.007124	0.006391	0.007368	0.008589	0.012495	0.007124	0.009809	0.006147
0.239900	0.010053	0.005659	0.007368	0.008833	0.007368	0.009565	0.011030	0.014936	0.009321	0.011030	0.009321
0.240000	0.008589	0.007124	0.008589	0.013960	0.008100	0.010053	0.011518	0.012251	0.010786	0.010298	0.009809
0.240100	0.009077	0.008589	0.008100	0.014936	0.010053	0.007856	0.011274	0.008833	0.011762	0.010542	0.009321
0.240200	0.009077	0.006880	0.008589	0.012495	0.010542	0.004926	0.012007	0.008589	0.011762	0.012495	0.008833
0.240300	0.008833	0.007124	0.009321	0.010786	0.011762	0.005659	0.014448	0.009809	0.013227	0.011274	0.009565
0.240400	0.008100	0.010298	0.010786	0.010786	0.011762	0.007124	0.014204	0.008589	0.014204	0.011518	0.012251
0.240500	0.007856	0.012739	0.012007	0.012251	0.013227	0.008100	0.013227	0.007368	0.013472	0.012007	0.011762
0.240600	0.007856	0.012495	0.013227	0.010786	0.012251	0.008589	0.012739	0.006880	0.011274	0.012495	0.012251
0.240700	0.010298	0.011762	0.012007	0.009565	0.012007	0.010542	0.013960	0.008589	0.010786	0.011762	0.013716
0.240800	0.011274	0.012495	0.012251	0.008833	0.012739	0.011762	0.013227	0.009809	0.013716	0.012495	0.015181
0.240900	0.010298	0.011030	0.012007	0.010053	0.011518	0.012495	0.011518	0.010542	0.014936	0.012007	0.015669
0.241000	0.010298	0.010786	0.012007	0.011762	0.010298	0.013472	0.012739	0.010542	0.015425	0.011030	0.014448
0.241100	0.013716	0.010298	0.011518	0.012007	0.010786	0.014692	0.013472	0.012251	0.012739	0.011762	0.013960
0.241200	0.014448	0.010786	0.012007	0.013716	0.011518	0.015425	0.013716	0.015669	0.014936	0.012739	0.014448
0.241300	0.013472	0.011274	0.014204	0.015913	0.011518	0.016645	0.013716	0.015425	0.016890	0.015669	0.013227
0.241400	0.014204	0.012251	0.015669	0.014692	0.012251	0.014936	0.014936	0.014936	0.016401	0.019575	0.012739
0.241500	0.014692	0.009321	0.016401	0.015181	0.014448	0.011762	0.016157	0.015425	0.014936	0.020063	0.013472
0.241600	0.014692	0.009565	0.016157	0.017378	0.017134	0.012495	0.018110	0.013960	0.014692	0.018110	0.015913
0.241700	0.015425	0.012251	0.016645	0.017866	0.021040	0.014204	0.016401	0.011274	0.015181	0.015669	0.019331
0.241800	0.012739	0.015669	0.019087	0.016401	0.024458	0.015669	0.016890	0.012739	0.016645	0.015669	0.017866
0.241900	0.011762	0.016157	0.020552	0.014936	0.024946	0.016401	0.018599	0.013472	0.016157	0.017134	0.017866
0.242000	0.012007	0.017134	0.017378	0.013960	0.022749	0.016645	0.018354	0.012007	0.014936	0.017378	0.019087
0.242100	0.013227	0.018110	0.017134	0.014448	0.020308	0.015913	0.015913	0.011274	0.015669	0.019331	0.020552
0.242200	0.012007	0.018354	0.016890	0.014936	0.013472	0.017378	0.014204	0.012251	0.016890	0.017866	0.019575
0.242300	0.014448	0.016645	0.015913	0.014936	0.009809	0.017378	0.015181	0.014204	0.014936	0.017134	0.018354
0.242400	0.015181	0.014936	0.016157	0.014692	0.011030	0.016157	0.013960	0.016890	0.015181	0.016401	0.015669
0.242500	0.016645	0.013960	0.016645	0.016157	0.014936	0.015425	0.014204	0.018599	0.016645	0.015425	0.014692
0.242600	0.015181	0.014204	0.017378	0.018599	0.015181	0.017378	0.013960	0.019087	0.016890	0.019087	0.013716
0.242700	0.016645	0.013960	0.017134	0.018599	0.014692	0.017134	0.016890	0.019087	0.014204	0.022993	0.013960
0.242800	0.018843	0.012739	0.019087	0.021284	0.016645	0.016645	0.017378	0.020308	0.015181	0.023237	0.015913
0.242900	0.018599	0.013227	0.020796	0.019819	0.017866	0.015425	0.018843	0.019087	0.015913	0.020552	0.019331
0.243000	0.016645	0.014692	0.019819	0.021284	0.017866	0.014936	0.018110	0.018110	0.015425	0.020063	0.019819
0.243100	0.016645	0.015425	0.020308	0.020552	0.016157	0.013716	0.018354	0.017378	0.015669	0.018599	0.019819
0.243200	0.013960	0.015669	0.018354	0.013960	0.014936	0.013960	0.018843	0.016890	0.016401	0.016645	0.019331
0.243300	0.014448	0.017866	0.016645	0.014692	0.015181	0.013227	0.019087	0.013960	0.015425	0.014936	0.019087
0.243400	0.014692	0.021040	0.016645	0.017378	0.015181	0.013716	0.015669	0.012495	0.016157	0.014936	0.017378
0.243500	0.014448	0.019575	0.014204	0.008589	0.014936	0.014936	0.014204	0.012495	0.016157	0.015425	0.015913
0.243600	0.015181	0.018110	0.015181	0.011518	0.015425	0.015425	0.013716	0.015425	0.014692	0.016157	0.015181
0.243700	0.014448	0.015913	0.018354	0.016645	0.011762	0.014936	0.013472	0.016401	0.013716	0.016157	0.015425
0.243800	0.015425	0.014692	0.011762	0.012495	0.012251	0.014936	0.012739	0.016645	0.014204	0.014936	0.012495
0.243900	0.015181	0.014204	0.012495	0.012007	0.011030	0.016157	0.011274	0.015913	0.015425	0.014936	0.012495
0.244000	0.013716	0.014204	0.016157	0.017134	0.009565	0.016645	0.012007	0.017378	0.015669	0.016401	0.011762
0.244100	0.013716	0.011274	0.007612	0.009809	0.014204	0.014936	0.012739	0.017378	0.015425	0.014692	0.009565
0.244200	0.013227	0.011762	0.012251	0.014448	0.015181	0.014204	0.013472	0.016645	0.014204	0.017134	0.017866
0.244300	0.012251	0.008833	0.017378	0.018110	0.007856	0.012739	0.014692	0.014448	0.013960	0.020063	0.015913
0.244400	0.012251	0.011274	0.009809	0.014448	0.012007	0.011030	0.014936	0.010298	0.014204	0.013960	0.013716
0.244500	0.007124	0.012007	0.008589	0.009809	0.015181	0.009809	0.014936	0.009809	0.012739	0.011030	0.019819
0.244600	0.010298	0.008589	0.014692	0.011518	0.009321	0.009809	0.014204	0.011274	0.013716	0.010786	0.012007
0.244700	0.011274	0.014448	0.009809	0.006880	0.010298	0.011030	0.013227	0.006391	0.011274	0.003217	0.010298
0.244800	0.007368	0.015913	0.017378	0.004926	0.011518	0.012007	0.012495	0.007856	0.013716	0.008100	0.017134
0.244900	0.008833	0.011274	0.020063	0.007856	0.007368	0.012495	0.011762	0.011274	0.012495	0.013227	0.015181
0.245000	0.009565	0.013472	0.013960	0.009321	0.010786	0.012251	0.010053	0.005659	0.011518	0.008589	0.007368
0.245100	0.002973	0.011274	0.009077	0.009077	0.012007	0.012495	0.006391	0.009321	0.014692	0.006880	0.016890
0.245200	0.008833	0.004926	0.011762	0.006880	0.008833	0.015669	0.006635	0.016157	0.012495	0.010542	0.009809
0.245300	0.009809	0.006391	0.010053	0.006635	0.006880	0.010786	0.006635	0.011762	0.009321	0.003217	0.007368
0.245400	0.004682	0.004926	0.006635	0.008100	0.010542	0.013472	0.009077	0.009565	0.011518	0.007368	0.011762
0.245500	0.007368	-0.001910	0.010298	0.009565	0.006147	0.014448	0.008589	0.012495	0.006147	0.012251	0.011762
0.245600	0.006635	0.002729	0.010786	0.010298	0.005659	0.009565	0.008589	0.004438	0.006147	0.012007	0.006880
0.245700	0.001508	0.004682	0.010053	0.006147	0.008589	0.009077	0.012495	0.005903	0.008589	0.009565	0.010542
0.245800	0.004926	0.001508	0.007124	0.002241	0.009077	0.008100	0.010053	0.008589	0.007124	0.009809	0.012007
0.245900	0.006147	0.001264	0.006147	0.002973	0.004682	-0.001665	0.008589	0.004438	0.000776	0.005415	0.008100
0.246000	0.002241	0.003950	0.008589	0.000532	0.000532	0.005415	0.010786	-0.001177	0.006391	0.001508	0.011274
0.246100	0.000776	0.004438	0.009321	0.002241	-0.001665	0.009565	0.003950	0.000532	0.000288	0.002973	0.010786
0.246200	0.001753	0.006391	0.011030	0.001997	0.001508	0.002241	0.002973	-0.002154	0.001264	0.004194	0.005659
0.246300	0.000288	0.008100	0.007124	-0.002154	0.004194	0.002241	0.006147	-0.002642	0.002973	0.002241	0.002973
0.246400	0.002241	0.005171	0.003462	-0.000689	0.005171	0.006147	0.002485	0.002729	0.004194	-0.000201	0.000776
0.246500	0.004194	0.000532	0.000776	-0.001177	0.001508	0.001020	-0.004595	0.003462	-0.000445	-0.000689	0.001997
0.246600	0.003462	-0.004351	-0.001177	-0.003374	-0.002886	0.001997	0.000532	0.002973	-0.000689	0.000776	0.000776
0.246700	-0.001421	-0.006548	0.000532	-0.002642	-0.003619	0.003217	-0.004839	0.000776	-0.002154	0.001264	0.001997
0.246800	-0.003130	-0.007037	0.001753	0.002729	-0.006792	0.000044	-0.004595	0.000532	-0.005328	0.002973	0.000044
0.246900	-0.003863	-0.006304	-0.002886	-0.000689	-0.004595	-0.002886	-0.001665	0.000532	-0.002886	0.001020	-0.003863
0.247000	-0.004351	-0.005816	-0.004595	-0.003130	-0.003863	-0.002886	-0.001421	0.000532	-0.002886	-0.001177	-0.004839
0.247100	-0.002398	-0.008501	-0.005816	-0.002886	-0.007281	-0.008013	-0.004839	0.001997	-0.006304	-0.001421	-0.002642
0.247200	-0.001177	-0.009478	-0.006792	-0.006792	-0.009722	-0.008501	-0.003863	-0.001910	-0.009722	-0.005328	-0.001910
0.247300	-0.006548	-0.007281	-0.003863	-0.006792	-0.012652	-0.006060	-0.006304	-0.007525	-0.007525	-0.006060	0.002729
0.247400	-0.012652	-0.006060	-0.000445	-0.005328	-0.014117	-0.006792	-0.009722	-0.009478	-0.005816	-0.007037	-0.003619
0.247500	-0.013140	-0.002154	-0.006548	-0.008501	-0.011431	-0.007037	-0.007525	-0.011675	-0.008746	-0.012652	-0.008746
0.247600	-0.010699	-0.002398	-0.008746	-0.013140	-0.008257	-0.007769	-0.007281	-0.009478	-0.007281	-0.014605	-0.011187
0.247700	-0.008501	-0.004595	-0.008746	-0.014361	-0.011675	-0.008013	-0.009478	-0.008746	-0.007281	-0.015093	-0.014117
0.247800	-0.012164	-0.007525	-0.013629	-0.014361	-0.012652	-0.008013	-0.012652	-0.012164	-0.008013	-0.015338	-0.016314
0.247900	-0.015826	-0.012652	-0.013629	-0.015826	-0.012652	-0.010455	-0.014361	-0.011675	-0.010699	-0.012652	-0.010455
0.248000	-0.016314	-0.020220	-0.011920	-0.013873	-0.017779	-0.009234	-0.014117	-0.010699	-0.010699	-0.008746	-0.009966
0.248100	-0.016802	-0.019244	-0.012408	-0.015582	-0.018267	-0.010699	-0.015093	-0.013873	-0.010455	-0.014117	-0.012164
0.248200	-0.019244	-0.016314	-0.017047	-0.016070	-0.018756	-0.013873	-0.012896	-0.011187	-0.008990	-0.016070	-0.011431
0.248300	-0.016802	-0.020465	-0.019976	-0.017535	-0.019976	-0.017047	-0.013629	-0.007525	-0.011431	-0.016070	-0.016802
0.248400	-0.015826	-0.022418	-0.018267	-0.018267	-0.022174	-0.016802	-0.014361	-0.011920	-0.016070	-0.018267	-0.016558
0.248500	-0.018511	-0.022662	-0.017291	-0.016558	-0.020220	-0.013629	-0.016070	-0.015826	-0.018756	-0.015826	-0.008746
0.248600	-0.019732	-0.021685	-0.012896	-0.016558	-0.019732	-0.013629	-0.016314	-0.017779	-0.019000	-0.015582	-0.008257
0.248700	-0.020953	-0.017047	-0.016070	-0.018511	-0.019000	-0.016558	-0.015826	-0.021197	-0.020953	-0.019000	-0.013140
0.248800	-0.022662	-0.016802	-0.017535	-0.020465	-0.018756	-0.017047	-0.013384	-0.021929	-0.017535	-0.024859	-0.017535
0.248900	-0.020953	-0.018511	-0.019976	-0.022906	-0.018267	-0.016802	-0.016558	-0.020953	-0.017291	-0.027789	-0.017291
0.249000	-0.020709	-0.020220	-0.018756	-0.025347	-0.019976	-0.018756	-0.017047	-0.023150	-0.020465	-0.027056	-0.018511
0.249100	-0.023150	-0.018511	-0.019244	-0.025103	-0.021197	-0.018267	-0.018023	-0.026080	-0.020220	-0.022662	-0.019000
0.249200	-0.024615	-0.020465	-0.020220	-0.025347	-0.020465	-0.016070	-0.019976	-0.026080	-0.020953	-0.017047	-0.020220
0.249300	-0.025347	-0.022662	-0.022418	-0.027056	-0.019000	-0.019000	-0.019244	-0.022906	-0.019732	-0.018023	-0.020709
0.249400	-0.024859	-0.024859	-0.023394	-0.029498	-0.020953	-0.018756	-0.019732	-0.021685	-0.018756	-0.021929	-0.022174
0.249500	-0.025347	-0.027545	-0.026324	-0.027789	-0.023638	-0.019244	-0.023638	-0.019976	-0.020220	-0.023394	-0.023150
0.249600	-0.022418	-0.031207	-0.026080	-0.027545	-0.026324	-0.022906	-0.025592	-0.019976	-0.026812	-0.021685	-0.022174
0.249700	-0.022906	-0.031207	-0.025347	-0.026324	-0.026568	-0.021441	-0.022662	-0.022662	-0.028033	-0.020465	-0.021685
0.249800	-0.025347	-0.029010	-0.023150	-0.021929	-0.025592	-0.018511	-0.025347	-0.026324	-0.025592	-0.020220	-0.022174
0.249900	-0.027789	-0.026324	-0.025103	-0.019732	-0.023638	-0.021929	-0.026568	-0.028033	-0.026080	-0.021441	-0.023394
0.250000	-0.027545	-0.028765	-0.026812	-0.023150	-0.022662	-0.025592	-0.023394	-0.027056	-0.025592	-0.021685	-0.023883
0.250100	-0.025347	-0.026568	-0.025103	-0.025592	-0.025103	-0.029010	-0.022174	-0.025592	-0.026812	-0.024859	-0.022906
0.250200	-0.027056	-0.025347	-0.024859	-0.025836	-0.027056	-0.027545	-0.025592	-0.026080	-0.028033	-0.029010	-0.022906
0.250300	-0.026812	-0.024371	-0.024859	-0.025103	-0.028765	-0.027056	-0.029010	-0.029986	-0.030719	-0.029986	-0.024859
0.250400	-0.027301	-0.023638	-0.023883	-0.029742	-0.029010	-0.025103	-0.029498	-0.030963	-0.031451	-0.029498	-0.029254
0.250500	-0.029010	-0.024371	-0.025836	-0.031451	-0.028033	-0.025103	-0.027301	-0.029742	-0.030963	-0.029742	-0.030963
0.250600	-0.028765	-0.026568	-0.026324	-0.032916	-0.025592	-0.024859	-0.027545	-0.027301	-0.028033	-0.030474	-0.031451
0.250700	-0.029254	-0.028033	-0.026812	-0.031939	-0.024615	-0.026812	-0.028765	-0.026080	-0.026568	-0.026812	-0.029254
0.250800	-0.029986	-0.030719	-0.027789	-0.029742	-0.026568	-0.026812	-0.029498	-0.027545	-0.027789	-0.026080	-0.031695
0.250900	-0.027545	-0.031451	-0.030230	-0.029498	-0.029742	-0.026080	-0.031207	-0.027056	-0.029010	-0.027301	-0.029986
0.251000	-0.026812	-0.031939	-0.030719	-0.029742	-0.032183	-0.026080	-0.033892	-0.025592	-0.028277	-0.028033	-0.031939
0.251100	-0.029254	-0.031939	-0.030474	-0.027545	-0.034381	-0.027301	-0.030719	-0.026080	-0.027301	-0.027789	-0.031695
0.251200	-0.030230	-0.032183	-0.031451	-0.027056	-0.033892	-0.029986	-0.029742	-0.028765	-0.028033	-0.025836	-0.031939
0.251300	-0.029254	-0.032428	-0.030719	-0.027056	-0.031939	-0.032916	-0.028033	-0.028033	-0.030474	-0.026812	-0.029742
0.251400	-0.029742	-0.031695	-0.029742	-0.025592	-0.029742	-0.032672	-0.029010	-0.029010	-0.032428	-0.026812	-0.026568
0.251500	-0.030719	-0.027056	-0.028765	-0.026324	-0.029254	-0.031451	-0.030474	-0.030719	-0.032428	-0.029986	-0.026568
0.251600	-0.030963	-0.026080	-0.027789	-0.030230	-0.030474	-0.031207	-0.030963	-0.030963	-0.031939	-0.031207	-0.028765
0.251700	-0.031451	-0.025347	-0.027301	-0.034381	-0.031695	-0.032183	-0.029498	-0.030963	-0.032183	-0.032672	-0.031207
0.251800	-0.030230	-0.027056	-0.028033	-0.034625	-0.034137	-0.032672	-0.029010	-0.032672	-0.033404	-0.034625	-0.032672
0.251900	-0.029498	-0.025592	-0.029498	-0.031939	-0.034137	-0.030963	-0.030474	-0.034381	-0.032672	-0.034625	-0.032428
0.252000	-0.028277	-0.026324	-0.029498	-0.032428	-0.030719	-0.030230	-0.031451	-0.032916	-0.030963	-0.031695	-0.033404
0.252100	-0.027301	-0.027789	-0.030230	-0.032672	-0.029010	-0.027789	-0.030474	-0.029986	-0.029010	-0.030230	-0.034625
0.252200	-0.027545	-0.029742	-0.033648	-0.030719	-0.025592	-0.026324	-0.029254	-0.027545	-0.026812	-0.029742	-0.033404
0.252300	-0.029010	-0.032428	-0.035113	-0.029742	-0.025347	-0.028765	-0.030474	-0.028277	-0.025592	-0.029254	-0.031451
0.252400	-0.029498	-0.032916	-0.034381	-0.027301	-0.028765	-0.027056	-0.028765	-0.027789	-0.026812	-0.027056	-0.030230
0.252500	-0.028277	-0.033648	-0.032672	-0.026324	-0.032183	-0.027789	-0.026080	-0.027301	-0.029498	-0.024371	-0.029498
0.252600	-0.028277	-0.031939	-0.030230	-0.023883	-0.031695	-0.027301	-0.025836	-0.026324	-0.029010	-0.023883	-0.029742
0.252700	-0.029498	-0.028765	-0.029254	-0.025836	-0.025592	-0.029254	-0.025347	-0.027789	-0.028277	-0.025103	-0.028765
0.252800	-0.030230	-0.025103	-0.028033	-0.025103	-0.022906	-0.028277	-0.025836	-0.028765	-0.028033	-0.026812	-0.028033
0.252900	-0.029010	-0.026080	-0.027545	-0.027056	-0.024859	-0.028033	-0.025103	-0.029010	-0.029742	-0.025836	-0.026812
0.253000	-0.026324	-0.022906	-0.026568	-0.029498	-0.025103	-0.028277	-0.024615	-0.030719	-0.029498	-0.027301	-0.025836
0.253100	-0.025592	-0.023150	-0.026080	-0.029010	-0.025592	-0.028033	-0.024615	-0.030963	-0.028277	-0.029498	-0.025103
0.253200	-0.025347	-0.021929	-0.025103	-0.025592	-0.026568	-0.026324	-0.026568	-0.032183	-0.026812	-0.031695	-0.028033
0.253300	-0.026324	-0.021441	-0.025347	-0.026568	-0.026568	-0.024371	-0.026812	-0.031939	-0.023883	-0.030963	-0.030230
0.253400	-0.023883	-0.023150	-0.025347	-0.026568	-0.023394	-0.023394	-0.025347	-0.027056	-0.023394	-0.028033	-0.030474
0.253500	-0.024371	-0.025103	-0.026568	-0.026812	-0.019732	-0.021441	-0.023394	-0.025103	-0.023150	-0.025347	-0.029498
0.253600	-0.023638	-0.027056	-0.027301	-0.025836	-0.020465	-0.021685	-0.025592	-0.023638	-0.022662	-0.025103	-0.026812
0.253700	-0.023883	-0.029986	-0.026080	-0.023150	-0.021441	-0.022174	-0.025347	-0.023883	-0.023394	-0.021929	-0.025103
0.253800	-0.023883	-0.033648	-0.025836	-0.021929	-0.023883	-0.022662	-0.025592	-0.022906	-0.023150	-0.020220	-0.023883
0.253900	-0.024615	-0.031451	-0.024615	-0.020953	-0.025103	-0.023394	-0.023150	-0.023150	-0.023394	-0.019976	-0.023150
0.254000	-0.024371	-0.027545	-0.023638	-0.020220	-0.025836	-0.022906	-0.021685	-0.023150	-0.023883	-0.021197	-0.021197
0.254100	-0.022906	-0.024615	-0.021929	-0.018756	-0.025592	-0.025347	-0.021685	-0.024615	-0.024371	-0.021441	-0.021197
0.254200	-0.020953	-0.021685	-0.022174	-0.020465	-0.024371	-0.026324	-0.020465	-0.023394	-0.023883	-0.022418	-0.021441
0.254300	-0.020709	-0.022662	-0.019976	-0.021929	-0.021685	-0.025592	-0.022174	-0.024371	-0.025347	-0.022418	-0.020709
0.254400	-0.018756	-0.020465	-0.018267	-0.022418	-0.021685	-0.025103	-0.023638	-0.023638	-0.027056	-0.023394	-0.019000
0.254500	-0.018267	-0.017779	-0.017291	-0.022662	-0.022418	-0.024615	-0.023394	-0.026812	-0.025103	-0.025347	-0.021685
0.254600	-0.019000	-0.015582	-0.016802	-0.022418	-0.022906	-0.022174	-0.022418	-0.026324	-0.023150	-0.025347	-0.022662
0.254700	-0.018511	-0.016314	-0.018511	-0.022662	-0.021197	-0.023883	-0.021929	-0.024615	-0.023394	-0.024859	-0.027301
0.254800	-0.018023	-0.018023	-0.023394	-0.021685	-0.018756	-0.022418	-0.021929	-0.023150	-0.023150	-0.024615	-0.028277
0.254900	-0.017535	-0.020709	-0.024371	-0.022418	-0.017291	-0.019976	-0.022174	-0.022174	-0.022662	-0.021685	-0.026812
0.255000	-0.018756	-0.022174	-0.021441	-0.020465	-0.018511	-0.018511	-0.021685	-0.021197	-0.021197	-0.016070	-0.023883
0.255100	-0.019244	-0.022906	-0.020953	-0.017535	-0.018511	-0.019976	-0.021441	-0.018756	-0.020465	-0.012896	-0.022418
0.255200	-0.019976	-0.024615	-0.024859	-0.016314	-0.020465	-0.019976	-0.019976	-0.019244	-0.018756	-0.013384	-0.020220
0.255300	-0.019976	-0.022174	-0.025592	-0.014117	-0.022662	-0.022418	-0.020220	-0.018267	-0.018267	-0.013384	-0.020220
0.255400	-0.018023	-0.019976	-0.023638	-0.015582	-0.025347	-0.024615	-0.020953	-0.017047	-0.018511	-0.014605	-0.020220
0.255500	-0.017779	-0.019000	-0.021197	-0.014361	-0.024859	-0.023883	-0.020220	-0.017535	-0.018756	-0.016314	-0.019244
0.255600	-0.017535	-0.018023	-0.020465	-0.012408	-0.019976	-0.024615	-0.020465	-0.018511	-0.020709	-0.016070	-0.019244
0.255700	-0.016314	-0.015582	-0.018023	-0.012408	-0.016802	-0.022418	-0.019976	-0.019000	-0.021197	-0.017779	-0.020953
0.255800	-0.017047	-0.011431	-0.016802	-0.012652	-0.015826	-0.018267	-0.017535	-0.018511	-0.019732	-0.019000	-0.019000
0.255900	-0.016802	-0.009234	-0.016558	-0.015338	-0.015582	-0.015093	-0.016070	-0.018023	-0.018023	-0.019976	-0.020709
0.256000	-0.015826	-0.009722	-0.015582	-0.014605	-0.015582	-0.016802	-0.014605	-0.015338	-0.017047	-0.019976	-0.021929
0.256100	-0.013384	-0.013140	-0.017535	-0.016070	-0.013873	-0.017535	-0.014361	-0.016314	-0.018267	-0.020220	-0.022662
0.256200	-0.014605	-0.014117	-0.017047	-0.015093	-0.013384	-0.013140	-0.013629	-0.015338	-0.016314	-0.018756	-0.021685
0.256300	-0.016070	-0.015826	-0.016558	-0.013140	-0.013384	-0.009722	-0.014117	-0.014117	-0.015093	-0.016070	-0.020709
0.256400	-0.016314	-0.016558	-0.018756	-0.013873	-0.010699	-0.010455	-0.012652	-0.013384	-0.013140	-0.013384	-0.019244
0.256500	-0.016558	-0.017535	-0.018756	-0.012164	-0.009966	-0.013140	-0.010943	-0.010699	-0.011431	-0.010455	-0.016802
0.256600	-0.015826	-0.019732	-0.018267	-0.010943	-0.012164	-0.013384	-0.011187	-0.010455	-0.009966	-0.009722	-0.014117
0.256700	-0.014117	-0.019732	-0.019000	-0.011431	-0.016558	-0.012896	-0.012652	-0.012896	-0.009478	-0.010699	-0.013629
0.256800	-0.014605	-0.017779	-0.018023	-0.008990	-0.018023	-0.013873	-0.012652	-0.013629	-0.010943	-0.011675	-0.012652
0.256900	-0.015338	-0.016314	-0.013140	-0.009722	-0.017779	-0.014361	-0.011431	-0.013873	-0.009478	-0.012652	-0.012652
0.257000	-0.016070	-0.011675	-0.011187	-0.008746	-0.014361	-0.013384	-0.009478	-0.012896	-0.010699	-0.012408	-0.011920
0.257100	-0.015582	-0.008013	-0.009478	-0.009722	-0.010943	-0.012896	-0.008257	-0.013384	-0.009234	-0.013384	-0.011431
0.257200	-0.014117	-0.006060	-0.009722	-0.008990	-0.008501	-0.012896	-0.007769	-0.012408	-0.010943	-0.013384	-0.012652
0.257300	-0.011675	-0.007037	-0.009966	-0.012652	-0.006792	-0.012164	-0.008257	-0.012408	-0.013873	-0.014361	-0.012408
0.257400	-0.007281	-0.008501	-0.008013	-0.012896	-0.008501	-0.009478	-0.008990	-0.011920	-0.015826	-0.015582	-0.013140
0.257500	-0.006792	-0.010699	-0.008990	-0.013140	-0.008501	-0.009722	-0.008501	-0.012408	-0.012652	-0.013629	-0.012164
0.257600	-0.009234	-0.010943	-0.009478	-0.012408	-0.009478	-0.008013	-0.009234	-0.013629	-0.008990	-0.012164	-0.013384
0.257700	-0.010455	-0.012896	-0.011187	-0.011431	-0.007037	-0.008257	-0.008990	-0.010943	-0.008746	-0.009966	-0.011431
0.257800	-0.008990	-0.014605	-0.010943	-0.010455	-0.005816	-0.008257	-0.009478	-0.010455	-0.009722	-0.006060	-0.012164
0.257900	-0.007769	-0.016314	-0.011920	-0.007525	-0.006304	-0.008746	-0.009966	-0.008501	-0.008013	-0.005083	-0.009722
0.258000	-0.009234	-0.012896	-0.012164	-0.007037	-0.007525	-0.008257	-0.010699	-0.009234	-0.005328	-0.002398	-0.006792
0.258100	-0.010943	-0.010943	-0.012408	-0.006060	-0.009966	-0.009234	-0.008257	-0.008746	-0.003863	-0.002154	-0.008746
0.258200	-0.010455	-0.009722	-0.011675	-0.004839	-0.011431	-0.010699	-0.008013	-0.007037	-0.007525	-0.002398	-0.008501
0.258300	-0.008746	-0.008257	-0.008501	-0.004351	-0.011431	-0.009234	-0.007525	-0.008501	-0.008990	-0.004839	-0.006548
0.258400	-0.008257	-0.003374	-0.006304	-0.003374	-0.008013	-0.010455	-0.007037	-0.007037	-0.008501	-0.005083	-0.006060
0.258500	-0.007525	-0.001177	-0.004839	-0.004595	-0.004107	-0.011187	-0.007037	-0.007281	-0.008257	-0.004839	-0.009478
0.258600	-0.006060	-0.000201	-0.006304	-0.004839	-0.001421	-0.010455	-0.006548	-0.008013	-0.008746	-0.006060	-0.010455
0.258700	-0.004839	-0.001665	-0.005816	-0.006792	-0.000689	-0.007769	-0.007281	-0.007525	-0.008990	-0.005816	-0.008746
0.258800	-0.006304	-0.001665	-0.004351	-0.006304	-0.003374	-0.007281	-0.008013	-0.007037	-0.009234	-0.005083	-0.008257
0.258900	-0.004595	-0.002398	-0.006060	-0.006304	-0.005083	-0.008257	-0.008501	-0.006792	-0.009722	-0.004839	-0.009234
0.259000	-0.004351	-0.004107	-0.008501	-0.006304	-0.005083	-0.007281	-0.008013	-0.007769	-0.006792	-0.004107	-0.011431
0.259100	-0.004351	-0.006304	-0.008501	-0.005328	-0.004839	-0.006548	-0.008746	-0.005083	-0.003374	-0.004839	-0.012652
0.259200	-0.006792	-0.007769	-0.008746	-0.003863	-0.003130	-0.001665	-0.008013	-0.003619	-0.003374	-0.006060	-0.009966
0.259300	-0.006548	-0.008013	-0.008013	-0.000689	-0.002642	-0.001421	-0.006792	-0.002886	-0.003619	-0.003130	-0.007525
0.259400	-0.006548	-0.008257	-0.008013	0.000532	-0.002642	-0.004595	-0.004595	-0.001177	-0.003619	0.002241	-0.005083
0.259500	-0.005328	-0.008013	-0.007525	0.001753	-0.004839	-0.005083	-0.000445	-0.000689	-0.002398	0.002241	-0.004107
0.259600	-0.006792	-0.004595	-0.006060	0.004194	-0.007037	-0.005328	0.000532	-0.001665	-0.001665	-0.000445	-0.002642
0.259700	-0.005083	-0.003619	-0.005328	0.004438	-0.008501	-0.005816	-0.002398	-0.001665	-0.002398	-0.002886	-0.003130
0.259800	-0.004351	-0.002398	-0.002154	0.001753	-0.009478	-0.006792	-0.002886	-0.000689	-0.003619	-0.003619	-0.004595
0.259900	-0.002642	0.000044	-0.001910	-0.002642	-0.006060	-0.006548	-0.000689	0.000532	-0.004351	-0.004107	-0.003863
0.260000	-0.002642	0.002729	-0.002398	-0.003374	-0.002642	-0.006304	-0.001665	0.000532	-0.004839	-0.007037	-0.003619
0.260100	-0.003619	0.003217	-0.002886	-0.002154	0.000044	-0.003130	-0.002886	-0.002886	-0.005083	-0.008746	-0.004595
0.260200	-0.003374	0.000532	-0.003863	-0.004595	-0.001177	-0.002642	-0.002886	-0.005328	-0.003374	-0.007281	-0.006304
0.260300	-0.003130	-0.001665	-0.003130	-0.007281	0.000044	-0.002642	-0.002642	-0.003619	-0.002398	-0.006304	-0.006060
0.260400	-0.003863	-0.002886	-0.003130	-0.007525	-0.002154	-0.002154	-0.000201	-0.001665	0.000044	-0.006792	-0.005083
0.260500	-0.004595	-0.003619	-0.004107	-0.004595	-0.002886	0.000776	-0.001910	-0.002886	0.001020	-0.004351	-0.007769
0.260600	-0.005083	-0.005328	-0.005816	-0.002886	-0.001910	-0.000689	-0.002154	-0.003863	0.000288	-0.000445	-0.007525
0.260700	-0.003863	-0.007037	-0.006060	-0.001177	-0.000201	-0.000689	-0.001665	-0.003863	-0.001421	0.000776	-0.004595
0.260800	-0.002398	-0.008257	-0.006548	-0.000689	0.000044	-0.000201	-0.001177	-0.001910	0.001753	0.003950	-0.000689
0.260900	-0.002886	-0.007525	-0.004351	0.000044	-0.003619	-0.001910	-0.000689	-0.001910	0.002729	0.005171	0.001508
0.261000	-0.004839	-0.006548	-0.004107	0.001753	-0.006060	-0.003619	0.000044	-0.002886	0.001997	0.001997	0.003462
0.261100	-0.003863	-0.004839	-0.003863	0.001020	-0.008990	-0.004839	-0.001421	-0.003374	-0.000445	-0.002886	0.004438
0.261200	-0.001910	-0.002886	-0.000445	-0.001177	-0.008013	-0.003130	-0.002886	-0.002398	-0.002642	-0.006304	0.002485
0.261300	-0.001910	0.001753	0.000044	-0.002886	-0.004107	-0.003619	-0.002642	-0.002642	-0.002886	-0.007037	0.001753
0.261400	-0.001910	0.004926	0.002485	-0.004351	-0.000201	-0.002154	-0.001421	-0.003130	-0.002886	-0.005083	-0.001910
0.261500	-0.001910	0.004194	0.003462	-0.004839	0.003217	-0.001910	-0.000445	-0.002886	-0.003619	-0.004351	-0.004839
0.261600	-0.000201	0.001264	0.002241	-0.005816	0.005171	-0.000689	-0.001910	-0.002642	-0.004351	-0.005083	-0.005083
0.261700	-0.000445	0.000044	0.000776	-0.004595	0.003462	0.001020	-0.003863	-0.004107	-0.003619	-0.005328	-0.003374
0.261800	-0.001421	-0.001665	0.000288	-0.004839	0.001264	0.001020	-0.003374	-0.004839	-0.002154	-0.002642	-0.003619
0.261900	-0.003619	-0.003130	-0.002154	-0.004351	-0.000445	0.002729	-0.002154	-0.004351	-0.000445	-0.000689	-0.005083
0.262000	-0.004107	-0.006060	-0.002398	-0.001177	-0.000445	0.001508	-0.002398	-0.004107	0.000288	0.001997	-0.004351
0.262100	-0.004595	-0.009478	-0.006304	0.000532	0.000288	0.001020	-0.003374	-0.004595	0.000776	0.002485	-0.001910
0.262200	-0.004839	-0.008257	-0.006060	0.000288	-0.001421	0.000776	-0.004839	-0.002886	0.000776	0.004682	0.001753
0.262300	-0.004595	-0.007281	-0.006304	-0.001421	-0.008257	-0.002642	-0.004595	-0.001665	-0.000689	0.002729	0.002485
0.262400	-0.003374	-0.006060	-0.005328	-0.001177	-0.011187	-0.001910	-0.005816	-0.001177	-0.000689	0.000776	0.002485
0.262500	-0.004839	-0.003863	-0.004351	-0.000445	-0.008746	-0.006304	-0.005083	-0.001910	-0.001665	-0.003863	0.001264
0.262600	-0.004351	-0.001910	-0.001665	-0.001665	-0.007769	-0.007037	-0.006060	-0.003619	-0.003619	-0.005083	-0.001177
0.262700	-0.003863	0.000044	-0.000689	-0.001910	-0.008990	-0.006548	-0.006304	-0.003619	-0.006304	-0.004107	-0.004595
0.262800	-0.002398	0.000776	0.000288	-0.001910	-0.007281	-0.004839	-0.003863	-0.003130	-0.006548	-0.004839	-0.006792
0.262900	-0.002886	0.001997	-0.001665	-0.002154	-0.003130	-0.004839	-0.002886	-0.003619	-0.007281	-0.006548	-0.008501
0.263000	-0.003374	0.000776	-0.003619	-0.001910	-0.000689	-0.004839	-0.005328	-0.003619	-0.007281	-0.007037	-0.008501
0.263100	-0.003863	-0.003374	-0.004351	-0.005083	-0.003130	-0.003374	-0.007037	-0.004595	-0.007769	-0.006548	-0.009234
0.263200	-0.004107	-0.005816	-0.008501	-0.007037	-0.006060	-0.003863	-0.007281	-0.005083	-0.006792	-0.004839	-0.008257
0.263300	-0.004595	-0.008990	-0.009722	-0.007525	-0.008990	-0.003130	-0.006060	-0.004839	-0.006792	-0.005816	-0.008501
0.263400	-0.006060	-0.010699	-0.011187	-0.005083	-0.009722	-0.004351	-0.007281	-0.006060	-0.005083	-0.005328	-0.008501
0.263500	-0.007525	-0.012164	-0.012896	-0.003863	-0.009722	-0.006060	-0.008746	-0.007525	-0.004839	-0.004839	-0.008990
0.263600	-0.008013	-0.012164	-0.014361	-0.004595	-0.010455	-0.007281	-0.008257	-0.006548	-0.004107	-0.002642	-0.008013
0.263700	-0.008746	-0.010455	-0.015582	-0.005083	-0.009966	-0.009478	-0.008990	-0.003619	-0.004595	-0.002398	-0.006548
0.263800	-0.009234	-0.009234	-0.012408	-0.005083	-0.012164	-0.010455	-0.009234	-0.004839	-0.005328	-0.002886	-0.008746
0.263900	-0.008746	-0.006792	-0.009722	-0.004595	-0.015338	-0.011920	-0.009966	-0.007037	-0.006304	-0.006060	-0.010455
0.264000	-0.009966	-0.005083	-0.008501	-0.005328	-0.016314	-0.011187	-0.011920	-0.009234	-0.007525	-0.009234	-0.011187
0.264100	-0.009722	-0.003619	-0.008746	-0.006304	-0.014361	-0.012408	-0.011187	-0.008501	-0.008013	-0.013384	-0.011920
0.264200	-0.009722	-0.003130	-0.011675	-0.007037	-0.013140	-0.011920	-0.010699	-0.009478	-0.010455	-0.013629	-0.013629
0.264300	-0.008990	-0.003374	-0.012408	-0.008013	-0.010699	-0.010699	-0.011431	-0.010699	-0.012408	-0.015093	-0.014605
0.264400	-0.009722	-0.006548	-0.017047	-0.010943	-0.007525	-0.009478	-0.010455	-0.011675	-0.013873	-0.013629	-0.013873
0.264500	-0.010943	-0.009722	-0.017047	-0.012408	-0.008257	-0.007769	-0.012652	-0.012652	-0.011187	-0.015582	-0.013384
0.264600	-0.012652	-0.013384	-0.020465	-0.013629	-0.010699	-0.008501	-0.015093	-0.011431	-0.009966	-0.014117	-0.013873
0.264700	-0.013384	-0.016802	-0.022418	-0.014117	-0.013873	-0.008257	-0.015093	-0.011920	-0.009966	-0.013873	-0.013873
0.264800	-0.015582	-0.018756	-0.018023	-0.013140	-0.016802	-0.011920	-0.013629	-0.012896	-0.007281	-0.011920	-0.013629
0.264900	-0.016802	-0.018511	-0.017779	-0.012164	-0.015826	-0.012896	-0.013873	-0.013873	-0.009234	-0.010943	-0.014361
0.265000	-0.017779	-0.018267	-0.019732	-0.010699	-0.015093	-0.012652	-0.015826	-0.014605	-0.008013	-0.010455	-0.015338
0.265100	-0.017047	-0.019976	-0.019732	-0.008990	-0.016558	-0.013140	-0.015826	-0.014117	-0.008501	-0.010699	-0.012896
0.265200	-0.018267	-0.017291	-0.020709	-0.009966	-0.017535	-0.014117	-0.015338	-0.013629	-0.008990	-0.012652	-0.010943
0.265300	-0.017291	-0.015582	-0.017779	-0.011187	-0.017535	-0.015338	-0.014605	-0.014361	-0.011675	-0.015338	-0.010455
0.265400	-0.017047	-0.014117	-0.018267	-0.011187	-0.017535	-0.015582	-0.013140	-0.015338	-0.015582	-0.017535	-0.011675
0.265500	-0.016070	-0.013140	-0.020465	-0.012896	-0.016802	-0.014117	-0.015582	-0.015582	-0.015338	-0.019244	-0.016070
0.265600	-0.015582	-0.012164	-0.018756	-0.013384	-0.017047	-0.013873	-0.014605	-0.015338	-0.017535	-0.019976	-0.015582
0.265700	-0.014361	-0.013140	-0.019976	-0.016558	-0.014605	-0.012164	-0.016558	-0.015093	-0.018267	-0.019976	-0.017047
0.265800	-0.015582	-0.015338	-0.020465	-0.017779	-0.011920	-0.015582	-0.017047	-0.015093	-0.017535	-0.018267	-0.018511
0.265900	-0.015338	-0.017047	-0.023394	-0.019000	-0.009966	-0.017291	-0.017535	-0.016070	-0.016558	-0.016558	-0.019976
0.266000	-0.016558	-0.018756	-0.025347	-0.018511	-0.012164	-0.016558	-0.018023	-0.018267	-0.016314	-0.016070	-0.019976
0.266100	-0.018023	-0.020709	-0.025592	-0.018267	-0.015826	-0.014361	-0.018756	-0.019976	-0.016802	-0.015093	-0.019732
0.266200	-0.019244	-0.021929	-0.026568	-0.017535	-0.018267	-0.015582	-0.019000	-0.019976	-0.015826	-0.011920	-0.018023
0.266300	-0.019244	-0.023883	-0.027056	-0.015093	-0.018023	-0.017535	-0.018267	-0.019000	-0.014605	-0.010943	-0.017779
0.266400	-0.019244	-0.022906	-0.025592	-0.012408	-0.020465	-0.019976	-0.018511	-0.017779	-0.012408	-0.011187	-0.017291
0.266500	-0.019000	-0.021441	-0.026812	-0.009722	-0.019732	-0.017779	-0.019244	-0.017047	-0.014117	-0.011431	-0.016314
0.266600	-0.018756	-0.019000	-0.025592	-0.010455	-0.018511	-0.018756	-0.019000	-0.016070	-0.015338	-0.012164	-0.014361
0.266700	-0.017291	-0.017535	-0.023883	-0.010699	-0.019000	-0.021929	-0.018267	-0.015582	-0.017047	-0.013873	-0.015338
0.266800	-0.015826	-0.014605	-0.021685	-0.011187	-0.021197	-0.022418	-0.019976	-0.014605	-0.018756	-0.016070	-0.016802
0.266900	-0.014361	-0.014361	-0.021441	-0.011920	-0.021685	-0.020953	-0.020953	-0.014361	-0.019732	-0.020220	-0.020220
0.267000	-0.013629	-0.013384	-0.022418	-0.012896	-0.019976	-0.020953	-0.021197	-0.014605	-0.020953	-0.021197	-0.022174
0.267100	-0.013140	-0.012896	-0.021929	-0.016558	-0.015826	-0.020220	-0.020465	-0.016558	-0.022906	-0.020953	-0.025592
0.267200	-0.013384	-0.014117	-0.022174	-0.018267	-0.013140	-0.018023	-0.019000	-0.015826	-0.023394	-0.020220	-0.024615
0.267300	-0.014361	-0.015826	-0.022662	-0.018756	-0.012896	-0.016558	-0.018511	-0.016558	-0.019000	-0.018023	-0.022662
0.267400	-0.018756	-0.017291	-0.025103	-0.016558	-0.013873	-0.016558	-0.019244	-0.017047	-0.015582	-0.016802	-0.022418
0.267500	-0.021197	-0.018756	-0.027301	-0.016070	-0.015826	-0.017291	-0.018267	-0.017779	-0.014605	-0.015826	-0.022174
0.267600	-0.018756	-0.020465	-0.027789	-0.014361	-0.020465	-0.017291	-0.018756	-0.016558	-0.014605	-0.014361	-0.021441
0.267700	-0.018023	-0.021441	-0.027545	-0.012896	-0.022906	-0.018023	-0.019976	-0.016802	-0.012652	-0.013873	-0.020709
0.267800	-0.020220	-0.019000	-0.027545	-0.011431	-0.021685	-0.020465	-0.019976	-0.017047	-0.010943	-0.013629	-0.021197
0.267900	-0.021441	-0.018267	-0.026324	-0.010455	-0.020220	-0.020953	-0.019244	-0.016314	-0.011431	-0.014117	-0.020220
0.268000	-0.020465	-0.020220	-0.026080	-0.010943	-0.019244	-0.021441	-0.019000	-0.014605	-0.015582	-0.015582	-0.018511
0.268100	-0.017291	-0.018756	-0.022174	-0.012408	-0.020709	-0.020220	-0.018511	-0.015093	-0.016314	-0.017779	-0.015582
0.268200	-0.016802	-0.015338	-0.018511	-0.013384	-0.021685	-0.020465	-0.018023	-0.015582	-0.015093	-0.019976	-0.013873
0.268300	-0.016802	-0.011675	-0.018267	-0.016558	-0.020220	-0.019732	-0.017047	-0.016314	-0.015338	-0.021441	-0.017047
0.268400	-0.016070	-0.012652	-0.018023	-0.017779	-0.018023	-0.018511	-0.016802	-0.016314	-0.019244	-0.022418	-0.021685
0.268500	-0.014117	-0.014605	-0.018023	-0.017291	-0.014361	-0.016314	-0.015582	-0.016314	-0.020709	-0.022418	-0.020953
0.268600	-0.014117	-0.015582	-0.017047	-0.017047	-0.011920	-0.015826	-0.015093	-0.016314	-0.018756	-0.020953	-0.018267
0.268700	-0.015093	-0.015338	-0.019000	-0.016802	-0.009722	-0.013873	-0.015826	-0.016314	-0.017291	-0.018756	-0.018267
0.268800	-0.015093	-0.017535	-0.022662	-0.017291	-0.010699	-0.013629	-0.015582	-0.016070	-0.014117	-0.017047	-0.018511
0.268900	-0.017291	-0.021197	-0.022174	-0.015582	-0.010699	-0.013384	-0.014117	-0.018023	-0.013140	-0.016070	-0.017291
0.269000	-0.018267	-0.022662	-0.021441	-0.015338	-0.012896	-0.012408	-0.014117	-0.018511	-0.013140	-0.014361	-0.014361
0.269100	-0.018023	-0.021685	-0.021197	-0.012896	-0.015338	-0.013629	-0.014361	-0.018756	-0.012652	-0.012408	-0.013873
0.269200	-0.017291	-0.020709	-0.020709	-0.012408	-0.016558	-0.016802	-0.012896	-0.018023	-0.011187	-0.009234	-0.012896
0.269300	-0.017047	-0.019000	-0.021441	-0.011431	-0.014605	-0.016314	-0.011675	-0.017779	-0.010455	-0.008257	-0.013384
0.269400	-0.017291	-0.016314	-0.018023	-0.011920	-0.013384	-0.015093	-0.013873	-0.014361	-0.011187	-0.011920	-0.012408
0.269500	-0.015582	-0.014117	-0.016314	-0.012896	-0.013384	-0.015338	-0.015582	-0.014361	-0.012896	-0.013384	-0.011920
0.269600	-0.012652	-0.012164	-0.013140	-0.013629	-0.011920	-0.016802	-0.014361	-0.013629	-0.016314	-0.013384	-0.012652
0.269700	-0.011187	-0.010455	-0.011431	-0.013629	-0.012408	-0.016558	-0.013140	-0.015093	-0.016314	-0.013629	-0.012164
0.269800	-0.010943	-0.008501	-0.010455	-0.011431	-0.010943	-0.015338	-0.011675	-0.013873	-0.016070	-0.015582	-0.015582
0.269900	-0.010699	-0.009234	-0.011431	-0.009234	-0.007281	-0.012164	-0.014117	-0.015093	-0.015582	-0.016070	-0.016558
0.270000	-0.010699	-0.011187	-0.012408	-0.009966	-0.005328	-0.012408	-0.014361	-0.015093	-0.016070	-0.013384	-0.016070
0.270100	-0.009234	-0.012408	-0.013629	-0.012896	-0.002398	-0.011187	-0.013384	-0.012164	-0.016314	-0.010699	-0.015093
0.270200	-0.010699	-0.012408	-0.014361	-0.012408	-0.002886	-0.008990	-0.010943	-0.009966	-0.014605	-0.008990	-0.015582
0.270300	-0.010943	-0.013384	-0.016802	-0.008746	-0.005816	-0.008501	-0.011431	-0.012896	-0.012652	-0.008257	-0.013629
0.270400	-0.010455	-0.015582	-0.016070	-0.007037	-0.008990	-0.009234	-0.013384	-0.015093	-0.009966	-0.007037	-0.012408
0.270500	-0.009966	-0.016314	-0.015582	-0.007037	-0.011920	-0.009234	-0.011920	-0.011920	-0.008501	-0.006060	-0.009722
0.270600	-0.009722	-0.014605	-0.013384	-0.006792	-0.013873	-0.011431	-0.010943	-0.008501	-0.006548	-0.005328	-0.008013
0.270700	-0.010943	-0.011920	-0.010943	-0.004839	-0.012896	-0.012652	-0.010455	-0.008013	-0.004595	-0.005328	-0.008990
0.270800	-0.011675	-0.008746	-0.008746	-0.004351	-0.012408	-0.013629	-0.009722	-0.008501	-0.006304	-0.005816	-0.009234
0.270900	-0.009234	-0.006792	-0.007037	-0.005083	-0.010455	-0.011920	-0.009478	-0.007281	-0.008746	-0.008257	-0.009478
0.271000	-0.005328	-0.003619	-0.005816	-0.006060	-0.008501	-0.012164	-0.010943	-0.005328	-0.010455	-0.009234	-0.010455
0.271100	-0.004595	-0.001910	-0.004351	-0.007281	-0.007769	-0.010699	-0.011187	-0.005328	-0.009966	-0.009478	-0.009966
0.271200	-0.005816	-0.000689	-0.004107	-0.007525	-0.007525	-0.011431	-0.007769	-0.007525	-0.010943	-0.009234	-0.011675
0.271300	-0.006548	-0.001910	-0.005328	-0.007525	-0.004839	-0.009966	-0.008013	-0.007769	-0.012164	-0.009722	-0.012896
0.271400	-0.004595	-0.004107	-0.007769	-0.006548	-0.002886	-0.007037	-0.008013	-0.008990	-0.012896	-0.009966	-0.012408
0.271500	-0.004107	-0.004107	-0.009234	-0.007281	-0.001421	-0.005083	-0.008257	-0.007769	-0.009722	-0.007525	-0.009722
0.271600	-0.005816	-0.004595	-0.010455	-0.007525	-0.001177	-0.005083	-0.006792	-0.007281	-0.007281	-0.004351	-0.008990
0.271700	-0.006792	-0.006792	-0.010699	-0.006548	-0.002642	-0.006060	-0.005816	-0.006792	-0.003863	-0.002154	-0.008990
0.271800	-0.005083	-0.009234	-0.010699	-0.003619	-0.005816	-0.008257	-0.004839	-0.006548	-0.002642	-0.001177	-0.006304
0.271900	-0.004595	-0.008746	-0.009966	-0.001910	-0.009478	-0.006792	-0.004839	-0.007525	0.000044	-0.000445	-0.003619
0.272000	-0.005328	-0.006304	-0.007037	-0.000689	-0.010943	-0.007037	-0.004107	-0.006548	-0.000445	-0.001177	-0.003130
0.272100	-0.004107	-0.004351	-0.005816	-0.000689	-0.010455	-0.006548	-0.001910	-0.003619	-0.000445	-0.001177	-0.003863
0.272200	-0.003863	-0.003374	-0.003374	0.000044	-0.006548	-0.006304	-0.001910	-0.002398	-0.000689	-0.002886	-0.003374
0.272300	-0.002398	-0.000201	-0.003863	0.001508	-0.001177	-0.004839	-0.002154	-0.002886	-0.001910	-0.003863	-0.002398
0.272400	-0.001665	0.002485	-0.002154	0.001264	0.001508	-0.004351	-0.000445	-0.002886	-0.003863	-0.003863	-0.001910
0.272500	-0.000201	0.005415	-0.000689	-0.000445	0.000288	-0.001665	0.001020	-0.001665	-0.005083	-0.002642	-0.002886
0.272600	0.000776	0.005659	0.000288	-0.002398	0.000532	-0.001421	0.001508	-0.000689	-0.004595	-0.001910	-0.004107
0.272700	0.000532	0.005171	-0.001665	-0.001665	0.003950	-0.000689	0.001508	-0.002398	-0.003863	-0.003374	-0.005083
0.272800	0.000532	0.003462	-0.002154	-0.002642	0.006391	-0.000201	-0.000445	-0.002642	-0.002398	-0.003130	-0.005328
0.272900	0.000532	0.001508	-0.002398	-0.002886	0.006880	0.002729	-0.001421	-0.002642	-0.001421	-0.000445	-0.004107
0.273000	0.000288	-0.000689	-0.002398	-0.002642	0.005659	0.002729	0.001508	-0.002398	0.000532	0.003217	-0.002154
0.273100	0.000044	-0.001177	-0.003130	-0.001421	0.005903	0.002973	0.004194	-0.003130	0.004194	0.004682	0.000288
0.273200	-0.001177	-0.002154	-0.002642	0.002729	0.003217	0.002729	0.002973	-0.002642	0.006635	0.005659	0.001264
0.273300	-0.002154	-0.002642	-0.001910	0.005171	0.001264	0.003217	0.002241	-0.002398	0.007612	0.005415	0.001997
0.273400	-0.001910	-0.001665	-0.001177	0.005659	-0.001665	0.002485	0.001753	0.000776	0.007368	0.006880	0.004438
0.273500	-0.001177	0.000532	0.001508	0.005659	-0.000689	0.002241	0.004438	0.002729	0.007612	0.006391	0.005659
0.273600	0.001264	0.003462	0.003462	0.006635	-0.000445	0.001264	0.003950	0.004438	0.006880	0.004926	0.005415
0.273700	0.002241	0.005659	0.005659	0.007368	0.001753	0.001508	0.002973	0.003217	0.005171	0.004926	0.004926
0.273800	0.004438	0.007612	0.006147	0.007124	0.005903	0.002729	0.004926	0.003950	0.003217	0.003950	0.005171
0.273900	0.005903	0.008589	0.007124	0.004438	0.007612	0.002485	0.005415	0.005415	0.001508	0.002241	0.005171
0.274000	0.007368	0.008100	0.007856	0.003462	0.007368	0.002729	0.006147	0.005903	0.000288	0.002485	0.004438
0.274100	0.009565	0.007856	0.008100	0.002485	0.006635	0.003950	0.006391	0.003462	0.000532	0.003217	0.003950
0.274200	0.009077	0.007124	0.007612	0.003462	0.008833	0.005415	0.006635	0.001508	0.002241	0.003950	0.003217
0.274300	0.007612	0.006147	0.007124	0.003217	0.010786	0.007124	0.005903	0.003950	0.003462	0.003462	0.003217
0.274400	0.007124	0.004438	0.006391	0.004438	0.010053	0.007368	0.006391	0.004682	0.004194	0.006147	0.003950
0.274500	0.007368	0.002973	0.005171	0.005659	0.008589	0.006880	0.006391	0.004194	0.005903	0.009321	0.006391
0.274600	0.005903	0.003950	0.006635	0.006880	0.006147	0.007124	0.006391	0.003217	0.009565	0.011762	0.007368
0.274700	0.004926	0.004438	0.005659	0.008833	0.003950	0.006147	0.005659	0.004682	0.010298	0.012495	0.009077
0.274800	0.005415	0.005415	0.003462	0.010542	0.002485	0.004194	0.005415	0.004438	0.010298	0.011518	0.008100
0.274900	0.005659	0.006147	0.003217	0.010786	0.001997	0.003950	0.005415	0.006391	0.008589	0.010786	0.009321
0.275000	0.007368	0.008100	0.008100	0.010298	0.001508	0.003217	0.006635	0.007856	0.008100	0.010053	0.008589
0.275100	0.007856	0.011030	0.010298	0.010786	0.004682	0.002973	0.007368	0.008589	0.005415	0.009565	0.007856
0.275200	0.010053	0.012495	0.009321	0.010298	0.006880	0.003217	0.007368	0.007856	0.003950	0.008100	0.006635
0.275300	0.011274	0.013227	0.008589	0.009809	0.008833	0.005171	0.007856	0.009321	0.002729	0.006880	0.005659
0.275400	0.011518	0.013227	0.009321	0.007368	0.009077	0.004926	0.007856	0.009321	0.002973	0.006391	0.004682
0.275500	0.011030	0.012739	0.010053	0.006880	0.009321	0.005171	0.008100	0.009321	0.003950	0.006147	0.004682
0.275600	0.010786	0.011762	0.008589	0.007856	0.012495	0.006880	0.008589	0.008833	0.003462	0.006880	0.002973
0.275700	0.009565	0.009565	0.005659	0.009077	0.013472	0.007368	0.009321	0.007612	0.005171	0.008589	0.003217
0.275800	0.008589	0.007612	0.004438	0.010053	0.013227	0.010298	0.008833	0.008100	0.007612	0.009077	0.004438
0.275900	0.006880	0.006391	0.005659	0.010298	0.009809	0.012495	0.008833	0.007612	0.010298	0.011518	0.006635
0.276000	0.005659	0.005415	0.005659	0.011762	0.009077	0.011762	0.009321	0.007856	0.011518	0.012739	0.008589
0.276100	0.005903	0.005415	0.006391	0.012251	0.007612	0.007856	0.010786	0.008589	0.013227	0.015181	0.010298
0.276200	0.005415	0.005415	0.006635	0.013227	0.005171	0.007856	0.011762	0.009565	0.013472	0.011762	0.011518
0.276300	0.006147	0.007368	0.008589	0.013960	0.002729	0.008589	0.011762	0.010542	0.014204	0.010542	0.011274
0.276400	0.006880	0.009077	0.010786	0.013472	0.003950	0.007856	0.012495	0.011030	0.012251	0.008589	0.010298
0.276500	0.008833	0.011274	0.012007	0.011762	0.005415	0.007368	0.011762	0.011518	0.010786	0.008833	0.009809
0.276600	0.010298	0.012251	0.014692	0.010786	0.009077	0.007368	0.012739	0.012739	0.008589	0.005903	0.009077
0.276700	0.010542	0.013960	0.014204	0.010298	0.011518	0.009077	0.012251	0.012251	0.007856	0.005415	0.008589
0.276800	0.010786	0.012007	0.011762	0.009321	0.012007	0.010542	0.013472	0.010298	0.007124	0.004926	0.007368
0.276900	0.010298	0.011030	0.011274	0.007368	0.013227	0.010053	0.011030	0.008589	0.007368	0.005659	0.006880
0.277000	0.009321	0.009077	0.011518	0.006391	0.012739	0.009809	0.012007	0.007368	0.008833	0.007368	0.007612
0.277100	0.007368	0.007856	0.009565	0.007124	0.012251	0.011518	0.009565	0.006635	0.010786	0.008833	0.008589
0.277200	0.006147	0.005171	0.007612	0.007368	0.012007	0.010786	0.011030	0.005659	0.013472	0.010786	0.008833
0.277300	0.004926	0.005415	0.006880	0.006880	0.010053	0.011518	0.010786	0.005171	0.012007	0.012495	0.010786
0.277400	0.007368	0.002973	0.007124	0.007124	0.007368	0.011030	0.011030	0.005415	0.010786	0.013472	0.012251
0.277500	0.009809	0.002729	0.009077	0.008833	0.004682	0.010298	0.010542	0.005659	0.012007	0.012739	0.014692
0.277600	0.007124	0.003950	0.009809	0.009077	0.003217	0.007368	0.009565	0.005659	0.013472	0.012495	0.014692
0.277700	0.006147	0.004682	0.012251	0.009321	0.001997	0.005903	0.009077	0.005659	0.012495	0.010786	0.014692
0.277800	0.007368	0.005171	0.013716	0.008100	0.002241	0.005903	0.007856	0.007124	0.008589	0.007856	0.014448
0.277900	0.009565	0.006880	0.014936	0.008100	0.003217	0.005903	0.008100	0.007856	0.004926	0.006147	0.012495
0.278000	0.010298	0.010053	0.015181	0.007612	0.006880	0.004682	0.007612	0.008100	0.004438	0.004682	0.010786
0.278100	0.009077	0.014204	0.012739	0.006635	0.010053	0.004194	0.006391	0.007124	0.003950	0.005171	0.006391
0.278200	0.008589	0.013716	0.009565	0.005415	0.012007	0.004682	0.006635	0.006391	0.001264	0.006391	0.001997
0.278300	0.009565	0.009809	0.010053	0.004438	0.012007	0.006635	0.006147	0.004438	0.000532	0.005903	0.004926
0.278400	0.008833	0.006880	0.009321	0.003950	0.011762	0.007124	0.006147	0.003950	0.002973	0.006391	0.006391
0.278500	0.006147	0.008833	0.008589	0.003950	0.010053	0.006147	0.006391	0.002485	0.004682	0.007124	0.005415
0.278600	0.003462	0.005171	0.005171	0.003217	0.008589	0.005903	0.006635	0.002241	0.005659	0.009321	0.003950
0.278700	0.003462	0.001997	0.004926	0.005171	0.006635	0.005659	0.005415	0.002485	0.007368	0.010542	0.004194
0.278800	0.002485	0.002241	0.004194	0.005903	0.004438	0.004438	0.004926	0.002485	0.007368	0.011762	0.006880
0.278900	0.002973	0.002485	0.005415	0.006147	0.000776	0.002485	0.004682	0.004194	0.007124	0.013472	0.008589
0.279000	0.002973	0.003462	0.006147	0.006880	-0.001421	0.001020	0.004682	0.005415	0.007612	0.012251	0.006880
0.279100	0.002485	0.003217	0.006635	0.008100	-0.002154	0.000776	0.003462	0.005659	0.006635	0.009321	0.006147
0.279200	0.003217	0.003217	0.008589	0.008100	-0.001421	0.002241	0.003462	0.005903	0.005903	0.003462	0.005659
0.279300	0.004682	0.005171	0.010053	0.008589	0.001020	0.002729	0.002241	0.006635	0.002241	0.001508	0.005903
0.279400	0.006391	0.008100	0.010298	0.008589	0.003462	0.001753	0.003462	0.007856	0.001020	0.004194	0.004682
0.279500	0.007368	0.010298	0.009809	0.007612	0.007368	0.001508	0.007368	0.007856	0.000044	0.004682	0.002973
0.279600	0.005659	0.009077	0.008589	0.007124	0.009565	0.002241	0.008100	0.006635	0.000776	0.003217	0.002241
0.279700	0.005171	0.007124	0.006391	0.006391	0.009321	0.004194	0.005903	0.005659	0.001020	0.000532	0.001753
0.279800	0.005659	0.003217	0.005659	0.004194	0.006880	0.003462	0.005659	0.005171	0.001020	0.002485	0.002241
0.279900	0.005415	0.003217	0.004926	0.000044	0.004438	0.002729	0.007856	0.005415	0.003217	0.005659	0.002485
0.280000	0.003462	0.002241	0.004194	0.000532	0.002241	0.004194	0.007612	0.005171	0.004438	0.006635	0.002973
0.280100	0.001997	0.002729	0.002485	0.005415	0.000532	0.004926	0.007368	0.002729	0.007368	0.005659	0.002485
0.280200	0.000776	0.000044	0.001508	0.006147	-0.000201	0.004682	0.005171	0.000776	0.009077	0.006880	0.004194
0.280300	0.000776	-0.000445	0.003462	0.004682	-0.000201	0.003462	0.005415	0.002485	0.011274	0.007612	0.007124
0.280400	-0.000201	0.001020	0.003950	0.003217	-0.001665	0.002241	0.005659	0.004926	0.011030	0.007612	0.008833
0.280500	0.000044	0.003217	0.006391	0.005415	-0.001910	0.001508	0.004926	0.005903	0.012007	0.006880	0.007612
0.280600	0.000288	0.004438	0.006147	0.006147	-0.001421	-0.000201	0.004438	0.003462	0.008589	0.004926	0.006147
0.280700	0.003950	0.005659	0.006880	0.004682	0.001264	0.000532	0.003217	0.002729	0.002973	0.002241	0.006391
0.280800	0.006147	0.005659	0.007612	0.002729	0.004438	0.001508	0.004926	0.004926	0.000044	0.001020	0.005171
0.280900	0.007612	0.006147	0.007612	0.001753	0.005415	0.000044	0.005171	0.005415	0.001508	0.001753	0.003462
0.281000	0.004926	0.005659	0.006147	0.002485	0.005659	0.001020	0.006147	0.001997	0.001264	0.001753	0.002729
0.281100	0.004194	0.003950	0.004682	0.001508	0.005903	0.002241	0.006147	0.000288	0.000288	0.001264	0.004438
0.281200	0.004194	0.002241	0.003217	0.001264	0.006147	0.005415	0.004438	0.001753	0.000776	0.001508	0.004682
0.281300	0.003950	0.004194	0.002729	0.000044	0.004438	0.005415	0.002973	0.000532	0.002241	0.002241	0.005171
0.281400	0.001264	0.003217	0.002973	-0.000689	0.002973	0.005659	0.003217	0.000532	0.005659	0.004438	0.004438
0.281500	-0.000689	0.000532	0.004682	0.000288	0.000776	0.004438	0.003462	0.000288	0.009077	0.005415	0.004194
0.281600	-0.001177	-0.002886	0.003950	0.002241	0.000532	0.004438	0.001264	-0.001177	0.006880	0.006391	0.004926
0.281700	-0.000689	-0.002642	0.003462	0.003217	-0.000689	0.004682	-0.000201	0.000776	0.006391	0.006391	0.007368
0.281800	-0.000689	-0.000689	0.004682	0.002729	-0.000689	0.002241	-0.000201	0.002729	0.007856	0.006391	0.008589
0.281900	0.000044	0.002485	0.006391	0.002485	-0.000201	0.001753	0.000288	0.002973	0.007124	0.005415	0.005903
0.282000	0.001020	0.002729	0.006635	0.003950	0.001508	0.001020	0.001753	0.002241	0.004194	0.003950	0.004926
0.282100	0.001997	0.002241	0.006391	0.003462	0.003217	0.000288	0.000776	0.001508	0.001753	0.002729	0.004194
0.282200	0.003950	0.003462	0.006635	0.002973	0.003462	-0.000201	0.001753	0.002485	-0.003863	0.001753	0.002973
0.282300	0.004926	0.005171	0.006391	0.001264	0.000288	-0.000201	0.000044	0.002485	-0.004351	0.001508	0.001264
0.282400	0.004682	0.005659	0.004926	0.000044	0.000288	0.000532	0.000532	0.002485	-0.002154	0.000776	-0.000689
0.282500	0.002485	0.004194	0.004194	0.000288	0.004926	0.000044	0.000044	0.000044	-0.001421	-0.001421	0.000044
0.282600	0.001264	0.001997	0.002729	-0.000689	0.002973	0.001997	-0.001421	-0.001421	-0.002154	-0.002398	0.000532
0.282700	0.001753	-0.001177	0.001508	-0.001177	0.002973	0.001753	-0.002398	-0.001421	-0.001177	0.000776	0.001753
0.282800	0.000776	-0.002886	0.001264	0.000288	-0.002154	0.001264	-0.000201	-0.001177	0.000288	0.003950	0.001753
0.282900	-0.000689	-0.003130	-0.000689	0.002241	-0.005328	0.000044	0.000776	-0.001665	0.002729	0.005415	0.002973
0.283000	-0.002642	-0.004351	-0.000445	0.004194	-0.003130	-0.000201	-0.000689	-0.000201	0.003462	0.004682	0.001753
0.283100	-0.001910	-0.003863	0.000288	0.005171	-0.005816	0.000532	-0.002886	0.001997	0.004682	0.004926	0.002485
0.283200	-0.000201	-0.002886	-0.000201	0.002485	-0.010699	-0.001177	-0.001910	0.001997	0.002973	0.004682	0.003217
0.283300	0.000044	-0.000445	0.001753	0.000288	-0.004351	-0.003374	0.001997	0.002485	0.001753	0.003462	0.003217
0.283400	0.001508	0.000776	0.002729	0.002973	-0.001910	-0.004839	-0.000201	0.002241	-0.001665	0.001020	0.001753
0.283500	0.002485	0.002485	0.002729	0.004926	-0.005083	-0.005328	-0.002398	0.000776	-0.003374	-0.001910	-0.000445
0.283600	0.002973	0.002973	0.002729	0.002241	-0.000201	-0.005083	-0.002642	0.001753	-0.004107	-0.002398	-0.002642
0.283700	0.004438	0.004438	0.000532	-0.000201	0.000288	-0.003863	-0.002398	0.001508	-0.004839	-0.002398	-0.002642
0.283800	0.003217	0.003950	0.000044	-0.000689	-0.001910	-0.002642	-0.001910	0.001753	-0.003863	-0.002398	-0.003130
0.283900	0.001508	0.003217	-0.001665	-0.001665	0.002973	-0.001421	-0.001910	-0.000689	-0.004839	-0.001177	-0.003130
0.284000	0.000044	0.002241	-0.001421	-0.001910	0.005903	-0.000689	-0.002886	-0.002398	-0.003374	-0.001177	-0.002398
0.284100	-0.002642	0.000532	-0.002886	-0.001177	0.001020	-0.000201	-0.002642	-0.001665	-0.000445	0.000776	-0.001910
0.284200	-0.004107	-0.001665	-0.003374	-0.001665	-0.002642	-0.000445	-0.001910	-0.001910	0.002485	0.002241	-0.001177
0.284300	-0.002886	-0.003130	-0.004595	-0.001421	-0.005083	-0.000445	-0.001665	-0.003130	0.005171	0.004438	-0.000201
0.284400	-0.004351	-0.003863	-0.004351	0.000288	-0.008501	0.000288	-0.001421	-0.002886	0.006635	0.003950	0.000776
0.284500	-0.006060	-0.004351	-0.003863	0.001264	-0.008501	-0.002154	-0.001421	-0.001910	0.006635	0.003217	0.001753
0.284600	-0.005816	-0.002642	-0.003619	0.001020	-0.005083	-0.003863	-0.002398	0.000044	0.006147	0.001020	0.001753
0.284700	-0.004351	-0.003863	-0.001910	0.001753	-0.004839	-0.005083	-0.002154	0.000288	0.002241	0.001508	0.002485
0.284800	-0.002642	-0.002154	0.002485	0.001997	-0.004839	-0.003863	-0.001910	0.001508	0.000532	-0.000689	0.002973
0.284900	-0.001665	-0.000445	0.005171	-0.000445	-0.003863	-0.002886	-0.003130	0.001508	-0.000689	-0.002398	0.002241
0.285000	-0.001421	0.001753	0.002973	0.000776	-0.001177	-0.002886	-0.002642	-0.000689	-0.003863	-0.006060	-0.001665
0.285100	-0.000689	0.000776	0.000288	-0.002398	0.000776	-0.001910	-0.002154	-0.001177	-0.006792	-0.004839	-0.002154
0.285200	-0.001177	0.001020	0.000044	-0.005328	0.004194	-0.000201	-0.000445	-0.000689	-0.007037	-0.006304	-0.001665
0.285300	-0.002398	-0.001177	0.001997	-0.004595	0.006880	0.000532	-0.001421	-0.001910	-0.006548	-0.003374	-0.001421
0.285400	-0.003863	-0.002398	-0.000201	-0.003374	0.003462	0.001508	-0.000445	-0.004107	-0.002886	-0.002154	-0.001665
0.285500	-0.003863	-0.005083	-0.003130	-0.006060	0.000532	0.002729	0.000044	-0.006548	-0.000201	-0.001421	-0.001177
0.285600	-0.006060	-0.007525	-0.004595	-0.006060	-0.004595	0.001508	-0.001665	-0.007037	0.001997	0.000288	0.000288
0.285700	-0.007037	-0.009722	-0.004351	-0.005083	-0.010455	0.001264	-0.002398	-0.006304	0.000776	0.000044	0.001753
0.285800	-0.007281	-0.009722	-0.004351	-0.005328	-0.008746	-0.001910	-0.003374	-0.004839	0.000288	0.001508	0.001508
0.285900	-0.007525	-0.009234	-0.005083	-0.001910	-0.007281	-0.006548	-0.002154	-0.004351	-0.000689	0.002485	0.001508
0.286000	-0.007037	-0.006548	-0.004107	0.001020	-0.008257	-0.007281	-0.005083	-0.003374	-0.000201	0.001997	0.001264
0.286100	-0.004595	-0.004595	-0.003374	-0.000689	-0.006792	-0.003374	-0.002642	-0.002398	-0.001910	0.000532	0.000288
0.286200	-0.002642	-0.003374	-0.001665	-0.001910	-0.004351	-0.004839	-0.004351	-0.001665	-0.002886	-0.002154	-0.002154
0.286300	-0.002154	-0.001665	0.000776	-0.001665	-0.002154	-0.006792	-0.005083	-0.001910	-0.005816	-0.001665	-0.002154
0.286400	0.000532	-0.000201	-0.000445	-0.003374	0.002485	-0.007769	-0.001910	-0.001421	-0.007525	-0.002154	-0.003374
0.286500	0.000776	-0.001421	-0.002398	-0.002154	0.003950	-0.006060	-0.003374	-0.002398	-0.008501	-0.003619	-0.004595
0.286600	0.000532	-0.001177	-0.004351	-0.001177	0.000044	-0.003130	-0.007281	-0.003130	-0.008013	-0.003130	-0.005328
0.286700	0.000532	-0.002642	-0.003619	-0.002398	0.001020	-0.002642	-0.002886	-0.004595	-0.007281	-0.002154	-0.004839
0.286800	-0.000689	-0.003374	-0.005816	-0.003863	0.000532	-0.003863	-0.000445	-0.004107	-0.005816	-0.000689	-0.004839
0.286900	-0.002642	-0.005083	-0.005816	-0.004107	-0.002398	-0.003374	-0.006792	-0.004107	-0.004595	-0.001665	-0.003863
0.287000	-0.002398	-0.006304	-0.008990	-0.003619	-0.003130	-0.003374	-0.004839	-0.005328	-0.003619	0.000288	-0.003130
0.287100	-0.003619	-0.008013	-0.008013	-0.001910	-0.004839	-0.004107	-0.005328	-0.004595	-0.002886	0.002241	-0.002154
0.287200	-0.003863	-0.007281	-0.007525	0.000044	-0.008501	-0.004107	-0.008013	-0.003374	-0.003374	0.001753	-0.002642
0.287300	-0.001910	-0.005083	-0.006060	0.000532	-0.010455	-0.005083	-0.004595	-0.001665	-0.001177	0.000044	-0.002886
0.287400	-0.006060	-0.002886	-0.004107	0.000044	-0.008257	-0.006792	-0.001910	-0.000445	0.002241	-0.000201	-0.003374
0.287500	-0.007525	-0.001421	-0.004595	-0.001421	-0.005328	-0.006304	-0.004595	0.000044	0.001020	-0.001421	-0.003374
0.287600	-0.001665	0.000776	-0.001910	-0.000689	-0.002886	-0.004595	-0.004107	0.001508	-0.003130	-0.002886	-0.004595
0.287700	-0.000445	0.002485	-0.002398	-0.001421	0.000532	-0.005328	-0.003130	0.001264	-0.005083	-0.002642	-0.006060
0.287800	0.000288	0.002973	-0.003130	-0.000445	0.001020	-0.006304	-0.005816	-0.000689	-0.004595	-0.004351	-0.007769
0.287900	0.000532	0.003217	-0.004351	-0.001665	0.000532	-0.005328	-0.004107	-0.001665	-0.004107	-0.006792	-0.008501
0.288000	-0.001421	0.000044	-0.006304	-0.004107	-0.001177	-0.003863	-0.001177	-0.003374	-0.006792	-0.005083	-0.008990
0.288100	-0.003130	-0.004595	-0.004595	-0.004351	-0.001421	-0.002642	-0.001421	-0.003863	-0.006792	-0.006060	-0.005328
0.288200	-0.001421	-0.004595	-0.003130	-0.004839	-0.002398	-0.002398	-0.003619	-0.004595	-0.004107	-0.004107	-0.001665
0.288300	-0.007037	-0.002886	-0.004351	-0.005816	-0.002398	-0.002642	-0.004107	-0.006304	-0.001177	-0.001665	-0.001910
0.288400	-0.007037	-0.005083	-0.007037	-0.004107	-0.005083	-0.002642	-0.003374	-0.006548	0.000532	-0.000445	-0.002886
0.288500	-0.004351	-0.008013	-0.006792	-0.000689	-0.006548	-0.000445	-0.002642	-0.004351	-0.000445	-0.001910	-0.002154
0.288600	-0.004595	-0.008013	-0.004839	-0.001910	-0.008257	-0.000201	-0.001665	-0.004107	-0.000201	-0.001421	0.001020
0.288700	-0.006060	-0.004839	-0.004351	-0.002398	-0.009478	-0.001665	0.000044	-0.002642	-0.000445	-0.002398	0.000532
0.288800	-0.004839	-0.003619	-0.004107	-0.001910	-0.007281	-0.002154	-0.000689	-0.002642	0.000044	-0.002642	-0.001910
0.288900	-0.004595	-0.003619	-0.004595	-0.001177	-0.002398	-0.001665	-0.002154	-0.001177	0.000044	-0.000689	-0.002642
0.289000	-0.003374	-0.002642	-0.004595	0.000044	0.001753	-0.001665	-0.001421	-0.002398	-0.002886	-0.001910	-0.003374
0.289100	0.000044	-0.001177	-0.003130	0.000044	0.003462	-0.002398	-0.001665	-0.001421	-0.004595	-0.003619	-0.004107
0.289200	0.002241	0.000288	-0.004839	-0.001421	0.004194	-0.004595	0.001508	-0.002154	-0.006060	-0.002398	-0.005328
0.289300	0.000532	0.000044	-0.006060	-0.003863	0.004194	-0.006060	0.002241	-0.003863	-0.004351	-0.002398	-0.006548
0.289400	-0.001910	-0.001177	-0.005328	-0.004839	0.003462	-0.002886	-0.000201	-0.004351	-0.005083	-0.004839	-0.007037
0.289500	-0.003130	-0.002398	-0.006060	-0.004595	0.001753	0.000288	-0.003130	-0.005328	-0.005083	-0.005083	-0.006548
0.289600	-0.001665	-0.003130	-0.007037	-0.004351	0.000044	0.000776	-0.004351	-0.006304	-0.004595	-0.000201	-0.004839
0.289700	-0.002642	-0.002642	-0.007037	-0.003130	-0.000201	0.000044	-0.002398	-0.005083	-0.001910	0.001997	-0.003619
0.289800	-0.002886	-0.003374	-0.006792	-0.002398	-0.001177	0.000044	0.002729	-0.005083	0.000532	0.001753	-0.004107
0.289900	-0.003863	-0.003863	-0.009722	0.001997	-0.001421	0.001020	0.001508	-0.006792	0.001508	0.000776	-0.002886
0.290000	-0.004351	-0.006548	-0.007037	0.004194	-0.005083	0.000776	-0.004107	-0.006060	0.001264	0.001264	-0.002886
0.290100	-0.003374	-0.005083	-0.008257	0.002729	-0.005816	-0.001665	-0.002886	-0.002886	0.001264	0.004194	-0.001665
0.290200	-0.001665	-0.002886	-0.004595	0.002973	-0.003863	-0.003130	-0.001910	0.000532	0.000776	0.005659	-0.001421
0.290300	0.001020	-0.001177	-0.004839	0.005415	-0.002154	-0.002642	-0.002886	0.002973	-0.000445	0.001997	-0.004351
0.290400	0.004682	0.000044	-0.005083	0.005171	0.000776	-0.002642	-0.001665	0.002241	-0.002154	-0.000689	-0.006060
0.290500	0.004438	0.001753	-0.002886	0.003950	0.004926	-0.002154	-0.000201	0.001264	-0.004595	-0.002642	-0.005816
0.290600	0.005415	0.002485	-0.002642	0.000532	0.005171	-0.001910	-0.000689	0.002973	-0.004839	-0.003619	-0.003863
0.290700	0.004194	0.002973	-0.004595	0.000532	0.004438	-0.002154	-0.001910	0.001264	-0.002398	-0.003374	-0.004595
0.290800	0.001020	0.002973	-0.001910	0.001753	0.001753	-0.000689	-0.000689	-0.002154	-0.002154	-0.001177	-0.004595
0.290900	0.001264	0.003217	-0.002886	0.002485	0.001020	0.001264	-0.002154	-0.003130	-0.002886	-0.001910	-0.006060
0.291000	0.003462	0.002729	-0.004595	0.000776	-0.001421	0.002485	-0.000445	-0.001421	-0.003374	-0.002398	-0.005083
0.291100	0.001997	0.001508	-0.003619	-0.000445	-0.002154	0.001753	0.001020	-0.000689	-0.001177	0.000288	-0.004839
0.291200	-0.002154	0.000288	-0.005328	-0.000445	-0.003374	-0.000445	0.000532	-0.002886	0.002241	0.002485	-0.003619
0.291300	-0.002642	-0.001665	-0.006548	0.000288	-0.005083	-0.000445	-0.001665	-0.005083	0.003950	0.002241	-0.002886
0.291400	-0.003619	-0.004595	-0.004107	0.001997	-0.007525	-0.001665	-0.004351	-0.004107	0.001997	0.002973	-0.003130
0.291500	-0.001421	-0.004107	-0.002886	0.001997	-0.008501	-0.001910	-0.004595	-0.001421	0.001508	0.002485	0.000044
0.291600	0.000288	-0.001177	-0.005816	0.001264	-0.007281	-0.003374	-0.001910	0.002241	0.001997	0.000532	-0.000445
0.291700	0.001020	0.001753	-0.003863	0.001264	-0.004351	-0.003374	-0.001421	0.002241	-0.000201	-0.002154	-0.002154
0.291800	-0.000201	0.002973	-0.002154	0.002241	-0.001910	-0.002886	-0.000689	0.000288	-0.002154	-0.003130	-0.004351
0.291900	0.001020	0.002241	-0.004595	0.002241	0.001020	-0.002642	-0.002398	-0.002154	-0.003863	-0.002886	-0.003863
0.292000	0.003462	0.003217	-0.002642	0.001020	0.000776	-0.001910	-0.002154	-0.002642	-0.004107	-0.003863	-0.004595
0.292100	0.004438	0.005171	-0.000201	-0.001665	0.000288	-0.000445	-0.000201	-0.001665	-0.003863	-0.004351	-0.004595
0.292200	0.003950	0.003217	-0.002154	-0.002398	-0.001421	-0.000689	0.000288	-0.000689	-0.002886	-0.005816	-0.006792
0.292300	0.001508	0.001508	-0.004595	-0.002398	0.000776	0.000776	0.000776	-0.003863	-0.002886	-0.006548	-0.006060
0.292400	-0.000445	-0.001177	-0.005816	-0.004351	0.000044	0.000532	0.001020	-0.006060	-0.002154	-0.005816	-0.002154
0.292500	-0.003374	-0.001910	-0.004107	-0.004351	-0.003374	0.001997	-0.000201	-0.004839	-0.001421	-0.001421	-0.003863
0.292600	-0.003863	-0.002886	-0.005328	-0.004351	-0.006792	0.001997	0.000288	-0.005328	0.001264	0.002973	-0.003374
0.292700	-0.006060	-0.003374	-0.003863	-0.004351	-0.006548	0.000288	-0.000201	-0.005816	0.001997	0.001753	-0.000201
0.292800	-0.005083	-0.005328	-0.005816	-0.004839	-0.005816	-0.000445	-0.002642	-0.003374	0.002485	0.000044	0.000776
0.292900	-0.004351	-0.006304	-0.005083	-0.004839	-0.005816	0.000776	-0.004351	-0.001665	0.000776	-0.002642	-0.003130
0.293000	-0.003130	-0.004107	-0.004839	-0.004107	-0.006792	-0.000689	-0.004107	-0.003619	-0.000445	-0.001177	-0.001177
0.293100	-0.002886	-0.001665	-0.004351	-0.002642	-0.004595	-0.001177	-0.001177	-0.003863	-0.000689	-0.001177	-0.004351
0.293200	-0.001665	0.000288	-0.003130	0.000288	-0.002154	-0.001421	-0.001177	-0.004107	-0.001421	-0.003130	-0.007037
0.293300	-0.000201	0.001020	-0.000689	0.001264	0.001020	-0.004595	-0.002154	-0.004839	-0.002398	-0.005083	-0.006060
0.293400	0.000532	0.000776	-0.001665	-0.001177	0.000776	-0.001910	-0.003619	-0.002886	-0.003374	-0.007037	-0.003619
0.293500	0.000044	0.000288	-0.002886	-0.005816	0.000044	0.001020	-0.002398	-0.000689	-0.003619	-0.007281	-0.006060
0.293600	-0.002154	-0.001421	-0.004351	-0.006304	-0.001910	-0.001910	-0.001665	-0.002642	-0.004595	-0.007037	-0.005816
0.293700	-0.003130	-0.003130	-0.006304	-0.006304	-0.002886	-0.002154	-0.002886	-0.007037	-0.004107	-0.006792	-0.006548
0.293800	-0.003374	-0.005083	-0.006792	-0.005816	-0.005816	-0.001421	-0.003374	-0.008746	-0.004107	-0.005816	-0.007281
0.293900	-0.005816	-0.006304	-0.004351	-0.007281	-0.006060	-0.003374	-0.003130	-0.008501	-0.002886	-0.004351	-0.003130
0.294000	-0.007037	-0.007525	-0.004595	-0.007525	-0.009234	-0.001910	-0.002886	-0.006304	-0.002642	-0.001665	-0.000689
0.294100	-0.006060	-0.008746	-0.004839	-0.006060	-0.009722	-0.000689	-0.003130	-0.004595	-0.001910	0.000044	-0.001177
0.294200	-0.005816	-0.008501	-0.003863	-0.003863	-0.008746	-0.002886	-0.004107	-0.007037	-0.001421	-0.001177	-0.003130
0.294300	-0.005083	-0.007037	-0.004107	-0.004595	-0.009478	-0.005083	-0.004351	-0.006792	-0.001177	-0.002642	-0.005083
0.294400	-0.002886	-0.004839	-0.003374	-0.003863	-0.011187	-0.006304	-0.004351	-0.004839	-0.002642	-0.003130	-0.005083
0.294500	-0.000689	-0.003130	0.000288	-0.003619	-0.007525	-0.008013	-0.003863	-0.002886	-0.004595	-0.003619	-0.005328
0.294600	0.000288	-0.001177	0.001264	-0.002886	-0.005816	-0.007281	-0.003863	-0.001665	-0.005816	-0.006060	-0.004839
0.294700	-0.000201	-0.000201	0.000288	-0.002886	-0.002398	-0.005328	-0.005083	-0.002642	-0.006548	-0.007037	-0.005816
0.294800	0.001997	0.000776	-0.004595	-0.003374	0.000776	-0.005083	-0.006548	-0.004107	-0.007037	-0.007281	-0.009478
0.294900	0.000288	-0.000445	-0.007525	-0.005816	-0.001910	-0.006548	-0.007281	-0.006792	-0.008257	-0.007769	-0.010943
0.295000	-0.000445	-0.002886	-0.006792	-0.006548	-0.003619	-0.007281	-0.005083	-0.006548	-0.008257	-0.006304	-0.009722
0.295100	-0.002154	-0.002642	-0.004351	-0.007037	-0.005816	-0.007281	-0.005816	-0.008013	-0.007525	-0.005328	-0.008501
0.295200	-0.004595	-0.003374	-0.005083	-0.006548	-0.008257	-0.007281	-0.006548	-0.008257	-0.007037	-0.004107	-0.007037
0.295300	-0.007037	-0.006304	-0.008746	-0.007281	-0.011920	-0.005816	-0.006548	-0.008013	-0.004595	-0.001910	-0.007525
0.295400	-0.008990	-0.006792	-0.010455	-0.005816	-0.012164	-0.005816	-0.006792	-0.006304	-0.002398	0.000044	-0.005328
0.295500	-0.007281	-0.007525	-0.008746	-0.004839	-0.013140	-0.006304	-0.005816	-0.006060	-0.002398	-0.000201	-0.004595
0.295600	-0.006792	-0.006792	-0.006792	-0.002398	-0.012408	-0.009478	-0.004839	-0.004107	-0.001665	-0.001421	-0.005328
0.295700	-0.006304	-0.006060	-0.007281	-0.001910	-0.008257	-0.009234	-0.004351	-0.003863	-0.001665	-0.001910	-0.005816
0.295800	-0.004839	-0.005328	-0.006548	-0.001665	-0.007037	-0.009234	-0.004351	-0.003374	-0.002398	-0.004107	-0.002398
0.295900	-0.003863	-0.004107	-0.005816	-0.001665	-0.007525	-0.003374	-0.005083	-0.001665	-0.003863	-0.006060	-0.003374
0.296000	-0.005083	-0.003130	-0.004839	-0.001665	-0.005328	-0.002154	-0.004839	-0.001177	-0.006060	-0.006060	-0.007281
0.296100	-0.003619	-0.002154	-0.004595	-0.002154	-0.001910	-0.006304	-0.004839	-0.001665	-0.007281	-0.005083	-0.007281
0.296200	-0.003863	-0.001421	-0.004839	-0.001910	0.001264	-0.007281	-0.004107	-0.003130	-0.007281	-0.006792	-0.009234
0.296300	-0.003619	-0.001665	-0.007037	-0.003619	0.000288	-0.005083	-0.003130	-0.003374	-0.006792	-0.007281	-0.008501
0.296400	-0.005083	-0.003619	-0.006548	-0.003863	-0.002154	-0.003130	-0.002886	-0.004107	-0.004595	-0.008257	-0.006792
0.296500	-0.006060	-0.005083	-0.007525	-0.006548	-0.004839	-0.003130	-0.002154	-0.004351	-0.004595	-0.007281	-0.005083
0.296600	-0.007281	-0.006548	-0.006548	-0.006304	-0.008013	-0.002642	0.000044	-0.004595	-0.002642	-0.005816	-0.004839
0.296700	-0.008257	-0.007769	-0.008501	-0.005083	-0.009234	-0.003619	-0.001665	-0.003863	-0.001665	-0.004351	-0.006060
0.296800	-0.009234	-0.008501	-0.008501	-0.003619	-0.009722	-0.003863	-0.002642	-0.006304	0.000288	-0.003863	-0.004839
0.296900	-0.009478	-0.009234	-0.006792	-0.003619	-0.008990	-0.003374	-0.002398	-0.005816	0.000776	-0.001910	-0.002154
0.297000	-0.008990	-0.009478	-0.004839	-0.002642	-0.007037	-0.006304	-0.003130	-0.003863	0.002729	-0.001421	-0.000445
0.297100	-0.008746	-0.008257	-0.002886	-0.002886	-0.006060	-0.004839	-0.003374	-0.003130	0.002729	-0.002154	-0.000445
0.297200	-0.007769	-0.006304	-0.004107	-0.001910	-0.004595	-0.004839	-0.003619	-0.003130	0.002973	-0.001910	-0.001665
0.297300	-0.006792	-0.004839	-0.003130	-0.001177	-0.002642	-0.004595	-0.003130	-0.002642	-0.000689	-0.001177	-0.003619
0.297400	-0.002642	-0.003374	-0.001910	-0.001177	-0.002154	-0.005083	-0.002398	-0.000689	-0.004839	-0.002398	-0.005328
0.297500	0.001753	-0.001665	-0.000689	-0.000445	0.000776	-0.006304	-0.000445	-0.000689	-0.005083	-0.002886	-0.004107
0.297600	0.001753	-0.001910	-0.001177	0.000532	0.004682	-0.006792	0.000288	-0.001177	-0.003374	-0.005816	-0.001665
0.297700	-0.000689	-0.002886	0.000044	0.000288	0.004926	-0.003863	0.000044	-0.001177	-0.001665	-0.004351	-0.000445
0.297800	-0.002398	-0.003130	0.000532	-0.000201	0.002241	-0.000689	0.000288	-0.003130	-0.002642	-0.003619	-0.000201
0.297900	0.000288	-0.004839	0.001020	-0.000201	0.000288	-0.000445	0.000532	-0.003863	-0.003863	-0.002154	0.000776
0.298000	0.000288	-0.004839	0.001997	0.000044	-0.001910	-0.001910	0.000532	-0.004107	-0.002886	-0.000201	0.001264
0.298100	-0.002886	-0.001421	0.000532	-0.001421	-0.003374	-0.003130	0.000044	-0.003619	0.001264	0.002485	0.000532
0.298200	-0.004839	-0.001910	-0.001910	-0.000201	-0.002642	-0.002886	-0.000689	-0.003130	0.001264	0.002241	-0.001421
0.298300	-0.003863	-0.004351	-0.001665	0.000044	-0.002398	0.000044	-0.001910	-0.001177	0.000044	0.005903	0.000288
0.298400	-0.003863	-0.004351	0.001264	0.001020	-0.001910	0.000044	-0.003130	-0.002154	0.001020	0.007612	0.002485
0.298500	-0.001910	-0.000689	0.003217	0.000288	0.000288	-0.001421	-0.003863	0.000288	0.002241	0.007124	0.001997
0.298600	-0.001177	0.000776	0.002973	0.001997	0.001997	-0.002154	-0.003130	0.001753	0.002729	0.006391	-0.000689
0.298700	-0.000689	0.000776	0.001753	0.003462	0.004194	-0.003130	-0.001910	0.003462	0.002973	0.005659	-0.002642
0.298800	0.002241	0.001264	0.002485	0.006880	0.005171	-0.003374	-0.000201	0.003217	0.000776	0.002729	-0.001421
0.298900	0.002485	0.003462	0.003950	0.006147	0.006391	-0.002154	0.000044	0.004682	-0.001910	0.002973	-0.000445
0.299000	0.002729	0.005171	0.004438	0.008100	0.005903	-0.002642	0.001020	0.002973	-0.001421	0.003217	-0.002154
0.299100	0.001508	0.004682	0.004194	0.006880	0.005903	-0.001421	0.001264	0.002241	0.000044	0.004194	-0.001910
0.299200	0.001264	0.002485	0.003462	0.007124	0.004926	0.001020	0.001020	0.002241	0.000288	0.001264	-0.000445
0.299300	0.001020	0.000532	0.003950	0.005903	0.002973	0.004438	0.001264	0.001997	0.000288	-0.000445	0.001508
0.299400	0.000776	-0.000201	0.003217	0.005659	-0.000201	0.003950	0.001020	0.001508	0.001508	0.002973	0.001997
0.299500	-0.002154	0.000532	0.002729	0.004926	-0.003130	0.002241	0.004194	0.002241	0.002973	0.006880	0.002729
0.299600	-0.003863	-0.000689	0.001264	0.005415	-0.002886	0.001508	0.005903	0.001753	0.003462	0.007612	0.001997
0.299700	-0.003863	-0.002398	0.001997	0.005659	-0.003374	0.002729	0.002485	0.003950	0.003217	0.006880	0.002973
0.299800	-0.001910	-0.002642	0.002729	0.006880	-0.002154	0.002729	-0.000445	0.005171	0.003462	0.007368	0.004194
0.299900	0.000776	-0.000445	0.005171	0.005415	-0.000201	0.001508	0.000044	0.007612	0.006147	0.007612	0.004682
0.300000	-0.000445	0.001508	0.004438	0.003217	0.001753	0.000532	0.002485	0.009321	0.006880	0.005415	0.002241
0.300100	0.000288	0.002973	0.004682	0.004926	0.004194	0.001264	0.003217	0.009077	0.005903	0.001997	0.000532
0.300200	0.001264	0.002729	0.004194	0.007856	0.004194	0.001264	0.002485	0.004682	0.002973	0.000044	-0.000201
0.300300	0.001264	0.002973	0.005171	0.005171	0.004438	0.001508	0.003462	0.002973	0.002729	0.000776	0.001997
0.300400	0.001508	0.005171	0.004194	0.003462	0.005659	0.001020	0.004926	0.004194	0.002241	0.002241	0.001264
0.300500	0.000288	0.003950	0.004194	0.003950	0.005171	0.001508	0.005415	0.003950	0.003950	0.001020	0.001264
0.300600	0.000532	0.002485	0.002973	0.004682	0.003462	0.002729	0.004682	0.001264	0.005171	0.000044	0.000776
0.300700	-0.001665	0.000532	0.001264	0.000776	0.000044	0.004682	0.003950	-0.002154	0.002973	0.000288	0.002241
0.300800	0.001020	-0.003130	0.001264	-0.001910	-0.002398	0.004194	0.000776	-0.002642	0.000532	0.002485	0.002241
0.300900	0.000044	-0.003863	0.001020	-0.003374	-0.005328	0.002241	0.001997	-0.001177	0.002241	0.005415	0.003950
0.301000	-0.002398	-0.004839	-0.000201	-0.002398	-0.006060	0.000532	0.000776	-0.001665	0.004926	0.005415	0.004438
0.301100	-0.004839	-0.005816	0.001508	0.000044	-0.006060	0.001264	-0.002398	-0.000689	0.005903	0.003462	0.005903
0.301200	-0.004351	-0.007037	0.001753	0.001997	-0.003863	0.001997	-0.005328	0.001508	0.004682	0.001997	0.005659
0.301300	-0.002642	-0.006060	0.001020	0.000044	-0.001421	0.001020	-0.005083	0.002973	0.003462	0.002729	0.005659
0.301400	-0.002398	-0.002154	0.002485	-0.001421	0.000288	-0.000689	-0.003130	0.004194	0.002729	0.002241	0.002973
0.301500	-0.003619	-0.000689	0.002729	-0.001421	0.001997	-0.001421	-0.001910	0.002241	0.001508	-0.000689	-0.000689
0.301600	-0.000689	-0.000201	0.002729	0.000288	0.002729	-0.000445	-0.002398	0.000532	-0.001665	-0.003374	-0.002886
0.301700	-0.000201	-0.001665	0.002729	0.000044	0.003217	0.000044	-0.003130	-0.001910	-0.002886	-0.004107	-0.001421
0.301800	0.000044	-0.002642	0.001508	-0.001421	0.002973	0.000532	-0.002642	-0.001910	-0.003374	-0.004107	-0.000201
0.301900	-0.000689	-0.002398	0.000776	-0.002642	0.001264	-0.000201	-0.000201	-0.002154	-0.003374	-0.004107	-0.002398
0.302000	-0.005083	-0.002642	-0.000445	-0.003863	0.000532	0.000044	-0.002398	-0.005083	-0.003130	-0.002154	-0.003863
0.302100	-0.006060	-0.006792	-0.002886	-0.005328	-0.000445	-0.001421	-0.003863	-0.007037	-0.003130	-0.000689	-0.003619
0.302200	-0.006060	-0.008746	-0.003619	-0.007525	-0.003619	-0.001421	-0.004839	-0.006792	-0.003130	-0.000689	-0.001910
0.302300	-0.005816	-0.009722	-0.003130	-0.009234	-0.009722	-0.002642	-0.007769	-0.004839	-0.002154	0.000288	-0.001421
0.302400	-0.008013	-0.009966	-0.002642	-0.007769	-0.015093	-0.003374	-0.008501	-0.004839	-0.001421	0.000288	-0.001910
0.302500	-0.009722	-0.011675	-0.004351	-0.007037	-0.013629	-0.004839	-0.009478	-0.004595	-0.001665	-0.000445	-0.002886
0.302600	-0.009722	-0.010455	-0.004351	-0.005816	-0.009966	-0.006792	-0.012652	-0.005328	-0.003863	-0.004351	-0.004107
0.302700	-0.009478	-0.010699	-0.005328	-0.005083	-0.007769	-0.007281	-0.012408	-0.003863	-0.005328	-0.004595	-0.003130
0.302800	-0.008257	-0.009234	-0.003863	-0.004595	-0.007525	-0.007281	-0.011675	-0.003130	-0.005816	-0.004107	-0.004351
0.302900	-0.006792	-0.007525	-0.005328	-0.004107	-0.008013	-0.008990	-0.008990	-0.003619	-0.006548	-0.005816	-0.006792
0.303000	-0.007769	-0.007525	-0.006060	-0.004107	-0.006304	-0.009234	-0.007769	-0.003863	-0.008746	-0.009234	-0.009234
0.303100	-0.007037	-0.007769	-0.006304	-0.003863	-0.006548	-0.009478	-0.008746	-0.004595	-0.012164	-0.012652	-0.009722
0.303200	-0.006792	-0.008990	-0.008990	-0.008990	-0.009234	-0.009234	-0.010943	-0.006304	-0.013384	-0.011187	-0.010455
0.303300	-0.007037	-0.008746	-0.010943	-0.012896	-0.011431	-0.010455	-0.008501	-0.007281	-0.013384	-0.011431	-0.010943
0.303400	-0.009966	-0.009966	-0.010943	-0.015093	-0.011187	-0.011431	-0.007769	-0.008257	-0.012408	-0.011920	-0.012652
0.303500	-0.011675	-0.013384	-0.012408	-0.013140	-0.013384	-0.011675	-0.011431	-0.011187	-0.012164	-0.012896	-0.012164
0.303600	-0.012896	-0.015582	-0.012896	-0.013140	-0.015826	-0.011920	-0.013629	-0.013873	-0.011431	-0.012652	-0.011187
0.303700	-0.014361	-0.016558	-0.014605	-0.016070	-0.020709	-0.012164	-0.015338	-0.013873	-0.011920	-0.012164	-0.010943
0.303800	-0.015093	-0.016558	-0.016558	-0.017535	-0.021685	-0.013384	-0.016558	-0.011431	-0.012164	-0.011187	-0.011431
0.303900	-0.016314	-0.016802	-0.016558	-0.015582	-0.022418	-0.013629	-0.018756	-0.012896	-0.012408	-0.011431	-0.012896
0.304000	-0.016558	-0.016558	-0.016802	-0.015093	-0.017779	-0.014361	-0.019244	-0.013873	-0.011431	-0.012652	-0.013384
0.304100	-0.019000	-0.016070	-0.017291	-0.014361	-0.016314	-0.016070	-0.019732	-0.013873	-0.012408	-0.013873	-0.014117
0.304200	-0.018511	-0.015582	-0.016314	-0.015338	-0.016558	-0.015826	-0.020709	-0.012896	-0.012896	-0.014117	-0.014361
0.304300	-0.016070	-0.014117	-0.016802	-0.015826	-0.016802	-0.017291	-0.018267	-0.012408	-0.014605	-0.016558	-0.015826
0.304400	-0.015338	-0.015338	-0.019000	-0.016314	-0.015338	-0.017535	-0.017535	-0.013384	-0.016558	-0.019976	-0.017779
0.304500	-0.016558	-0.015582	-0.019244	-0.016314	-0.014605	-0.018023	-0.016802	-0.015338	-0.017535	-0.023394	-0.019000
0.304600	-0.017779	-0.016558	-0.020709	-0.017779	-0.015826	-0.018511	-0.016314	-0.016802	-0.018756	-0.022662	-0.020220
0.304700	-0.019244	-0.018267	-0.021441	-0.018756	-0.018756	-0.018023	-0.015826	-0.016070	-0.019732	-0.022906	-0.019732
0.304800	-0.020465	-0.020220	-0.019732	-0.019976	-0.019244	-0.017779	-0.016558	-0.016802	-0.019976	-0.022906	-0.018023
0.304900	-0.021685	-0.021685	-0.016070	-0.020465	-0.020953	-0.017291	-0.019244	-0.018756	-0.019000	-0.022174	-0.017291
0.305000	-0.022662	-0.023150	-0.018267	-0.021441	-0.022662	-0.017047	-0.021441	-0.022174	-0.018267	-0.021441	-0.017047
0.305100	-0.023394	-0.024859	-0.022418	-0.023394	-0.024859	-0.017291	-0.022662	-0.022174	-0.018511	-0.020709	-0.017779
0.305200	-0.024615	-0.026324	-0.022906	-0.025347	-0.025103	-0.017779	-0.022174	-0.022906	-0.019000	-0.019976	-0.016558
0.305300	-0.023883	-0.026080	-0.020709	-0.024371	-0.024859	-0.018511	-0.022174	-0.022418	-0.020465	-0.019244	-0.017047
0.305400	-0.024859	-0.025103	-0.020220	-0.022418	-0.023150	-0.019000	-0.024615	-0.023150	-0.020465	-0.018511	-0.017779
0.305500	-0.025103	-0.025836	-0.021197	-0.021929	-0.020220	-0.019244	-0.024615	-0.022174	-0.022174	-0.020953	-0.019000
0.305600	-0.023150	-0.025592	-0.022906	-0.022662	-0.019732	-0.019732	-0.025103	-0.021441	-0.021929	-0.021929	-0.019976
0.305700	-0.023394	-0.025103	-0.021929	-0.022174	-0.019732	-0.019244	-0.023150	-0.019976	-0.023394	-0.024859	-0.022174
0.305800	-0.022662	-0.022906	-0.021929	-0.022418	-0.018756	-0.020220	-0.021197	-0.020953	-0.025103	-0.025836	-0.023638
0.305900	-0.022906	-0.022662	-0.022174	-0.021929	-0.017291	-0.024371	-0.019732	-0.021929	-0.025836	-0.025836	-0.025103
0.306000	-0.022418	-0.023638	-0.023638	-0.022906	-0.018511	-0.026080	-0.019976	-0.023394	-0.026812	-0.024371	-0.024859
0.306100	-0.023150	-0.023883	-0.024371	-0.023150	-0.021929	-0.023150	-0.021685	-0.024615	-0.029010	-0.025103	-0.025103
0.306200	-0.022906	-0.023883	-0.024615	-0.024615	-0.024371	-0.021441	-0.023150	-0.025836	-0.027789	-0.023394	-0.024371
0.306300	-0.023883	-0.025836	-0.023394	-0.025836	-0.025592	-0.022662	-0.026324	-0.027056	-0.026812	-0.021685	-0.024371
0.306400	-0.025592	-0.026324	-0.026080	-0.026324	-0.025347	-0.025836	-0.025103	-0.029010	-0.025347	-0.021197	-0.023638
0.306500	-0.025347	-0.028033	-0.027789	-0.026080	-0.027789	-0.025836	-0.025836	-0.027789	-0.025592	-0.021441	-0.023394
0.306600	-0.026568	-0.029498	-0.028033	-0.025836	-0.029254	-0.025103	-0.028765	-0.027545	-0.025592	-0.020953	-0.023150
0.306700	-0.026080	-0.029498	-0.026080	-0.023638	-0.029742	-0.024615	-0.030719	-0.026080	-0.026812	-0.021197	-0.023150
0.306800	-0.025103	-0.027789	-0.025592	-0.023394	-0.027301	-0.027301	-0.029010	-0.023883	-0.027056	-0.020709	-0.023638
0.306900	-0.025592	-0.026324	-0.026568	-0.021929	-0.023150	-0.026812	-0.028277	-0.020709	-0.028033	-0.022906	-0.025592
0.307000	-0.023394	-0.024859	-0.027301	-0.020465	-0.021197	-0.026080	-0.028033	-0.021197	-0.028277	-0.024371	-0.026812
0.307100	-0.022662	-0.022418	-0.026568	-0.019732	-0.019976	-0.025103	-0.026324	-0.019244	-0.028277	-0.025592	-0.028765
0.307200	-0.020465	-0.021197	-0.025103	-0.020465	-0.019000	-0.025103	-0.025836	-0.019976	-0.029010	-0.025347	-0.029010
0.307300	-0.019000	-0.020220	-0.024859	-0.021197	-0.019244	-0.026080	-0.024859	-0.021197	-0.029254	-0.027301	-0.029498
0.307400	-0.019732	-0.019976	-0.025592	-0.021929	-0.019976	-0.025836	-0.022662	-0.022174	-0.025347	-0.026568	-0.029742
0.307500	-0.023394	-0.019244	-0.027056	-0.021441	-0.021929	-0.024859	-0.022174	-0.023638	-0.023883	-0.026080	-0.027789
0.307600	-0.023883	-0.021197	-0.026568	-0.023883	-0.025347	-0.023150	-0.022418	-0.025347	-0.025103	-0.025592	-0.027789
0.307700	-0.023150	-0.022906	-0.027789	-0.023150	-0.026324	-0.023150	-0.023638	-0.025592	-0.025836	-0.025347	-0.027545
0.307800	-0.023150	-0.023638	-0.027789	-0.023883	-0.025836	-0.024859	-0.023883	-0.025592	-0.023394	-0.022906	-0.025836
0.307900	-0.026080	-0.023883	-0.029010	-0.024615	-0.026568	-0.024615	-0.026568	-0.025347	-0.020709	-0.022906	-0.026324
0.308000	-0.029010	-0.024859	-0.028765	-0.025836	-0.028033	-0.022418	-0.026324	-0.025103	-0.021197	-0.022662	-0.026324
0.308100	-0.026812	-0.026812	-0.028033	-0.023150	-0.027056	-0.022418	-0.026324	-0.023394	-0.022906	-0.022418	-0.024859
0.308200	-0.024371	-0.026324	-0.025103	-0.022418	-0.025836	-0.023394	-0.025347	-0.021929	-0.022418	-0.020953	-0.020709
0.308300	-0.024615	-0.021929	-0.021441	-0.021441	-0.023394	-0.023883	-0.025592	-0.020465	-0.020953	-0.022662	-0.020465
0.308400	-0.025347	-0.019000	-0.022906	-0.019732	-0.019244	-0.023394	-0.023150	-0.019976	-0.021197	-0.023638	-0.023883
0.308500	-0.022174	-0.020465	-0.023638	-0.018756	-0.015582	-0.021929	-0.022662	-0.019000	-0.022174	-0.024371	-0.025103
0.308600	-0.018756	-0.021197	-0.022174	-0.019244	-0.017047	-0.021441	-0.020220	-0.019976	-0.023394	-0.025836	-0.021929
0.308700	-0.018267	-0.019976	-0.021685	-0.019976	-0.015093	-0.020220	-0.019000	-0.019976	-0.023638	-0.026568	-0.021929
0.308800	-0.017535	-0.018511	-0.021685	-0.020709	-0.017291	-0.019244	-0.015826	-0.020709	-0.022174	-0.025836	-0.023394
0.308900	-0.019000	-0.020465	-0.022662	-0.020465	-0.018267	-0.019000	-0.015338	-0.021929	-0.021929	-0.024615	-0.024371
0.309000	-0.019244	-0.021929	-0.022906	-0.021197	-0.017047	-0.017535	-0.014361	-0.023638	-0.022418	-0.024371	-0.023150
0.309100	-0.019000	-0.022418	-0.021685	-0.021441	-0.017779	-0.015826	-0.014605	-0.023638	-0.022662	-0.021929	-0.020465
0.309200	-0.019732	-0.021929	-0.021441	-0.022418	-0.017535	-0.017291	-0.015826	-0.023883	-0.019976	-0.017047	-0.019976
0.309300	-0.021197	-0.020220	-0.021441	-0.023150	-0.019976	-0.018756	-0.015582	-0.022662	-0.016802	-0.012652	-0.019244
0.309400	-0.022418	-0.020465	-0.021441	-0.022174	-0.017535	-0.017047	-0.016314	-0.022662	-0.017047	-0.013140	-0.019976
0.309500	-0.020220	-0.021441	-0.020953	-0.021441	-0.016558	-0.015338	-0.020220	-0.020953	-0.017291	-0.016070	-0.019244
0.309600	-0.017535	-0.018756	-0.018756	-0.020220	-0.016802	-0.015826	-0.022906	-0.019244	-0.018023	-0.015826	-0.018511
0.309700	-0.016558	-0.017047	-0.016802	-0.017779	-0.014117	-0.017047	-0.020953	-0.017535	-0.016802	-0.014361	-0.019244
0.309800	-0.015338	-0.015582	-0.016802	-0.016558	-0.011920	-0.017535	-0.017779	-0.016558	-0.017047	-0.014361	-0.022418
0.309900	-0.015582	-0.016314	-0.016558	-0.012652	-0.008501	-0.016070	-0.016558	-0.016314	-0.018023	-0.017047	-0.023150
0.310000	-0.012652	-0.015582	-0.015582	-0.008990	-0.008257	-0.014361	-0.016314	-0.016558	-0.018511	-0.018023	-0.023150
0.310100	-0.011920	-0.015093	-0.013629	-0.011431	-0.008746	-0.015093	-0.014117	-0.016070	-0.018267	-0.016558	-0.022174
0.310200	-0.009722	-0.013384	-0.013140	-0.013873	-0.010455	-0.015582	-0.010943	-0.012652	-0.019000	-0.015093	-0.022418
0.310300	-0.010699	-0.012896	-0.014605	-0.013873	-0.011431	-0.014605	-0.009478	-0.011431	-0.018756	-0.015826	-0.023150
0.310400	-0.010455	-0.014117	-0.015826	-0.010943	-0.011187	-0.013140	-0.010699	-0.015582	-0.018511	-0.013629	-0.022418
0.310500	-0.010943	-0.013873	-0.014361	-0.011431	-0.012164	-0.011431	-0.011675	-0.016802	-0.017047	-0.012164	-0.020709
0.310600	-0.010699	-0.012652	-0.012896	-0.012408	-0.013873	-0.010943	-0.012164	-0.015093	-0.015338	-0.008746	-0.017291
0.310700	-0.010943	-0.012896	-0.012896	-0.013140	-0.013629	-0.012652	-0.012896	-0.011675	-0.010455	-0.006792	-0.017779
0.310800	-0.010943	-0.012896	-0.012408	-0.009966	-0.013629	-0.012408	-0.015582	-0.010699	-0.007525	-0.008013	-0.016070
0.310900	-0.012408	-0.011675	-0.012164	-0.009478	-0.013384	-0.011187	-0.016314	-0.011431	-0.008501	-0.009478	-0.014361
0.311000	-0.008990	-0.008746	-0.010943	-0.008257	-0.012164	-0.009722	-0.016314	-0.009478	-0.009722	-0.008501	-0.015338
0.311100	-0.006548	-0.007281	-0.010455	-0.008990	-0.008501	-0.010699	-0.013629	-0.007525	-0.009478	-0.006792	-0.015338
0.311200	-0.006304	-0.004839	-0.008746	-0.007037	-0.007037	-0.010699	-0.010455	-0.006548	-0.009478	-0.008746	-0.015826
0.311300	-0.007525	-0.003130	-0.008990	-0.005328	-0.003619	-0.010699	-0.009234	-0.006548	-0.008746	-0.009722	-0.017779
0.311400	-0.005083	-0.005083	-0.008501	-0.002642	-0.002886	-0.008990	-0.007769	-0.007037	-0.009722	-0.010943	-0.016802
0.311500	-0.003374	-0.005083	-0.010699	-0.004351	-0.002398	-0.008990	-0.005328	-0.005816	-0.009722	-0.009966	-0.012896
0.311600	-0.003863	-0.004351	-0.011187	-0.006304	-0.006060	-0.008501	-0.002886	-0.005328	-0.009478	-0.008013	-0.009234
0.311700	-0.005083	-0.001910	-0.010699	-0.006792	-0.006548	-0.008013	0.000044	-0.005816	-0.007281	-0.008013	-0.011675
0.311800	-0.004107	-0.003130	-0.010699	-0.006304	-0.009722	-0.007281	-0.002398	-0.008990	-0.007037	-0.007037	-0.011431
0.311900	-0.005083	-0.006304	-0.011675	-0.005816	-0.009966	-0.006060	-0.005328	-0.010455	-0.007281	-0.006548	-0.007769
0.312000	-0.004351	-0.008013	-0.010943	-0.007769	-0.010699	-0.005328	-0.007281	-0.008990	-0.006304	-0.005328	-0.005083
0.312100	-0.003374	-0.007037	-0.009234	-0.008501	-0.009966	-0.004839	-0.007769	-0.007281	-0.003374	-0.004839	-0.008013
0.312200	-0.006548	-0.005816	-0.008990	-0.007037	-0.010455	-0.004107	-0.008501	-0.006792	-0.001665	-0.004839	-0.006304
0.312300	-0.007037	-0.005328	-0.008746	-0.006060	-0.006792	-0.003619	-0.007037	-0.007037	-0.001421	-0.005083	-0.006792
0.312400	-0.004351	-0.005816	-0.008746	-0.004595	-0.000201	-0.003863	-0.005328	-0.005328	-0.003374	-0.004595	-0.006060
0.312500	-0.002886	-0.003130	-0.008257	-0.004351	0.000288	-0.002886	-0.003130	-0.003130	-0.003863	-0.003619	-0.004839
0.312600	-0.002886	-0.001421	-0.007037	-0.003130	-0.001177	-0.002642	0.000044	-0.002398	-0.004107	-0.002642	-0.007281
0.312700	-0.002642	-0.000201	-0.006304	-0.001910	0.001997	-0.002154	0.001508	-0.002886	-0.003374	-0.002886	-0.008013
0.312800	-0.002642	-0.000445	-0.005816	-0.001910	0.003462	-0.002642	0.003217	-0.001910	-0.003619	-0.006792	-0.007769
0.312900	-0.001910	-0.001421	-0.005816	-0.003619	0.003462	-0.001910	0.001997	-0.002886	-0.003619	-0.008257	-0.006792
0.313000	-0.001177	-0.001665	-0.005816	-0.003863	0.000288	0.000044	0.001020	-0.003619	-0.003374	-0.006548	-0.004351
0.313100	-0.000201	-0.001177	-0.005083	-0.006548	-0.003130	-0.000445	0.002729	-0.006060	-0.002886	-0.004351	-0.005328
0.313200	-0.002398	-0.002398	-0.004595	-0.005816	-0.004351	-0.000445	0.002729	-0.007525	-0.002154	-0.004595	-0.004839
0.313300	-0.003130	-0.004107	-0.003863	-0.004107	-0.003619	-0.000201	0.000776	-0.008990	-0.000445	-0.004107	-0.003863
0.313400	-0.003374	-0.005083	-0.004107	-0.004351	-0.005328	0.000532	-0.003374	-0.008990	0.000288	-0.002398	-0.002642
0.313500	-0.005816	-0.005083	-0.004107	-0.007037	-0.006304	0.000532	-0.004595	-0.006548	-0.000201	-0.000445	-0.001910
0.313600	-0.005328	-0.004839	-0.003130	-0.007525	-0.006548	0.000044	-0.005083	-0.002886	0.000532	0.000288	-0.001910
0.313700	-0.004595	-0.004839	-0.003130	-0.006304	-0.004107	-0.001177	-0.005083	-0.002642	-0.000201	-0.001665	-0.002642
0.313800	-0.004351	-0.004595	-0.003130	-0.003619	-0.002886	-0.001910	-0.005328	-0.004107	-0.000689	-0.003374	-0.002154
0.313900	-0.004351	-0.003619	-0.002398	-0.003374	-0.003130	-0.001177	-0.004107	-0.003374	-0.002398	-0.003863	-0.002642
0.314000	-0.002154	-0.002886	-0.002398	-0.003863	-0.003374	-0.001910	-0.003130	-0.001665	-0.002886	-0.005083	-0.003619
0.314100	-0.001421	-0.001665	-0.001665	-0.003619	-0.002398	-0.002886	-0.000689	-0.001665	-0.005083	-0.007525	-0.004351
0.314200	-0.000201	-0.000689	-0.000445	-0.002398	-0.000201	-0.003619	-0.000445	-0.002642	-0.006304	-0.008013	-0.004595
0.314300	0.000776	-0.001177	-0.001421	-0.003619	0.000288	-0.003863	-0.001665	-0.004107	-0.005816	-0.008990	-0.006792
0.314400	-0.000689	-0.002154	-0.001177	-0.005328	-0.003863	-0.003374	-0.002154	-0.005083	-0.006060	-0.007769	-0.006792
0.314500	-0.000689	-0.002642	-0.000445	-0.008013	-0.007525	-0.003863	-0.000445	-0.005083	-0.006792	-0.006792	-0.007037
0.314600	-0.001421	-0.004351	-0.001665	-0.008501	-0.008746	-0.004839	-0.001177	-0.007525	-0.007769	-0.004107	-0.006060
0.314700	-0.002886	-0.004351	-0.001910	-0.008257	-0.010455	-0.005083	-0.003374	-0.009722	-0.006548	-0.005328	-0.006304
0.314800	-0.006304	-0.004107	-0.003863	-0.008501	-0.010943	-0.004839	-0.007281	-0.010699	-0.006548	-0.003619	-0.007281
0.314900	-0.007037	-0.005816	-0.008501	-0.010455	-0.011920	-0.005816	-0.008990	-0.009478	-0.006304	-0.002886	-0.008013
0.315000	-0.007281	-0.006304	-0.009478	-0.010455	-0.011675	-0.005816	-0.008990	-0.007525	-0.006548	-0.002886	-0.007281
0.315100	-0.007769	-0.006060	-0.006060	-0.008501	-0.011920	-0.006548	-0.009478	-0.006792	-0.006060	-0.003863	-0.008013
0.315200	-0.007769	-0.004595	-0.006304	-0.006792	-0.011187	-0.007281	-0.010943	-0.007281	-0.006060	-0.004351	-0.008746
0.315300	-0.006548	-0.002886	-0.008257	-0.006548	-0.010455	-0.008746	-0.009722	-0.006792	-0.007281	-0.006548	-0.010455
0.315400	-0.006060	-0.003374	-0.008990	-0.005328	-0.008746	-0.008746	-0.008746	-0.004351	-0.008501	-0.007281	-0.011675
0.315500	-0.006792	-0.003619	-0.007769	-0.005083	-0.008013	-0.008990	-0.007037	-0.003619	-0.009478	-0.009234	-0.012408
0.315600	-0.005328	-0.003619	-0.006792	-0.005083	-0.007281	-0.009722	-0.005328	-0.005083	-0.009478	-0.009234	-0.012408
0.315700	-0.006304	-0.004595	-0.007037	-0.006304	-0.006060	-0.009966	-0.004839	-0.007037	-0.010943	-0.010699	-0.013629
0.315800	-0.007769	-0.006060	-0.009722	-0.007769	-0.007769	-0.011187	-0.004595	-0.007769	-0.011187	-0.009966	-0.013140
0.315900	-0.008257	-0.006792	-0.010699	-0.009722	-0.010943	-0.007037	-0.005083	-0.007769	-0.012164	-0.011187	-0.012652
0.316000	-0.008746	-0.008746	-0.010455	-0.011675	-0.015338	-0.003619	-0.005328	-0.010455	-0.011431	-0.010943	-0.011187
0.316100	-0.011431	-0.009234	-0.010699	-0.012408	-0.016558	-0.005816	-0.006304	-0.011431	-0.010699	-0.009966	-0.010699
0.316200	-0.011920	-0.011187	-0.011675	-0.012896	-0.015582	-0.007769	-0.007525	-0.012896	-0.009478	-0.008501	-0.009966
0.316300	-0.013629	-0.011920	-0.012896	-0.012408	-0.015582	-0.008746	-0.009722	-0.012652	-0.009234	-0.009478	-0.008746
0.316400	-0.013873	-0.011920	-0.012408	-0.011431	-0.016070	-0.007281	-0.011675	-0.011675	-0.008257	-0.009234	-0.009234
0.316500	-0.014117	-0.010943	-0.010455	-0.012896	-0.012896	-0.007281	-0.012896	-0.010455	-0.007525	-0.009966	-0.009722
0.316600	-0.013629	-0.011187	-0.009966	-0.012896	-0.011187	-0.010455	-0.012652	-0.009234	-0.008013	-0.010943	-0.009722
0.316700	-0.013384	-0.009234	-0.011431	-0.011920	-0.009234	-0.010943	-0.010455	-0.008501	-0.008501	-0.013629	-0.011920
0.316800	-0.012164	-0.009722	-0.011675	-0.009966	-0.008746	-0.010943	-0.008257	-0.009478	-0.009478	-0.013384	-0.012164
0.316900	-0.011675	-0.009722	-0.009234	-0.009966	-0.009478	-0.010455	-0.008013	-0.010455	-0.009722	-0.013629	-0.013140
0.317000	-0.011431	-0.008990	-0.008257	-0.010455	-0.009234	-0.011920	-0.006304	-0.011187	-0.009478	-0.013873	-0.013140
0.317100	-0.011187	-0.009722	-0.009234	-0.011675	-0.008013	-0.012164	-0.005328	-0.011187	-0.009722	-0.014117	-0.012408
0.317200	-0.011431	-0.011187	-0.011187	-0.011675	-0.008257	-0.011920	-0.004595	-0.012408	-0.008013	-0.014117	-0.011675
0.317300	-0.012652	-0.012652	-0.010699	-0.013140	-0.011431	-0.009722	-0.005328	-0.014361	-0.008501	-0.013384	-0.010699
0.317400	-0.012652	-0.013384	-0.009478	-0.014361	-0.015582	-0.009478	-0.006304	-0.016070	-0.012164	-0.011675	-0.009966
0.317500	-0.008501	-0.014117	-0.008990	-0.016070	-0.016314	-0.010699	-0.008746	-0.016314	-0.013873	-0.009966	-0.008257
0.317600	-0.009234	-0.015093	-0.008990	-0.015338	-0.014605	-0.012408	-0.009478	-0.016070	-0.012408	-0.009234	-0.007281
0.317700	-0.012652	-0.013873	-0.008501	-0.015582	-0.013629	-0.011920	-0.012896	-0.015338	-0.008990	-0.008990	-0.007037
0.317800	-0.013873	-0.014361	-0.007281	-0.014361	-0.012896	-0.009966	-0.014605	-0.014605	-0.009966	-0.009234	-0.006060
0.317900	-0.011675	-0.013873	-0.007037	-0.013384	-0.011431	-0.010943	-0.014605	-0.013140	-0.011675	-0.009722	-0.006304
0.318000	-0.009478	-0.013629	-0.005816	-0.011920	-0.009722	-0.012652	-0.015093	-0.011920	-0.011675	-0.010943	-0.007525
0.318100	-0.009478	-0.008013	-0.006304	-0.010699	-0.007525	-0.013384	-0.013140	-0.010943	-0.010699	-0.010943	-0.009478
0.318200	-0.010699	-0.005816	-0.008990	-0.009478	-0.006792	-0.012896	-0.011920	-0.010699	-0.010943	-0.011187	-0.014117
0.318300	-0.008746	-0.008013	-0.009966	-0.008990	-0.006792	-0.011187	-0.009966	-0.011187	-0.013873	-0.012164	-0.016070
0.318400	-0.008013	-0.009722	-0.008013	-0.009478	-0.006792	-0.012408	-0.008257	-0.011675	-0.014117	-0.011431	-0.012652
0.318500	-0.008013	-0.008501	-0.006548	-0.009234	-0.006548	-0.013140	-0.007281	-0.011920	-0.013140	-0.011187	-0.011920
0.318600	-0.008990	-0.007769	-0.007281	-0.009722	-0.008746	-0.012896	-0.008013	-0.012652	-0.012164	-0.011187	-0.012896
0.318700	-0.011675	-0.008501	-0.008990	-0.010699	-0.009966	-0.013873	-0.008257	-0.012652	-0.011920	-0.008746	-0.014361
0.318800	-0.009966	-0.011187	-0.009234	-0.011920	-0.012408	-0.012896	-0.009478	-0.013384	-0.013384	-0.007769	-0.012408
0.318900	-0.009478	-0.011431	-0.008501	-0.012164	-0.013629	-0.013384	-0.011675	-0.014117	-0.012652	-0.006060	-0.010943
0.319000	-0.009966	-0.009966	-0.009234	-0.011675	-0.014361	-0.013873	-0.012652	-0.013629	-0.009966	-0.005083	-0.009966
0.319100	-0.012408	-0.009722	-0.009234	-0.009722	-0.013384	-0.013873	-0.015093	-0.013873	-0.008501	-0.003863	-0.011920
0.319200	-0.012896	-0.010943	-0.009234	-0.007525	-0.010943	-0.014361	-0.016070	-0.011920	-0.009478	-0.005816	-0.011431
0.319300	-0.011920	-0.010699	-0.008501	-0.006060	-0.008746	-0.010455	-0.015582	-0.009234	-0.009966	-0.009234	-0.011187
0.319400	-0.009234	-0.008746	-0.007037	-0.005083	-0.008013	-0.010699	-0.014605	-0.007281	-0.008501	-0.008257	-0.008501
0.319500	-0.008013	-0.006060	-0.006060	-0.003374	-0.006304	-0.011431	-0.010455	-0.005083	-0.006792	-0.006304	-0.011187
0.319600	-0.008746	-0.005816	-0.006548	-0.002398	-0.006304	-0.012652	-0.003374	-0.004107	-0.007281	-0.007769	-0.011920
0.319700	-0.007037	-0.007281	-0.007525	-0.001177	-0.005083	-0.010455	-0.001910	-0.003863	-0.009722	-0.010699	-0.011920
0.319800	-0.005328	-0.007525	-0.005083	0.000288	-0.006304	-0.009234	-0.001910	-0.004107	-0.010699	-0.011920	-0.009478
0.319900	-0.005816	-0.006304	-0.005083	-0.002886	-0.006548	-0.009234	-0.001421	-0.003374	-0.008746	-0.009478	-0.008990
0.320000	-0.006548	-0.004839	-0.005328	-0.006304	-0.006304	-0.010943	0.000288	-0.005083	-0.008013	-0.007769	-0.009722
0.320100	-0.007281	-0.007037	-0.007525	-0.006060	-0.007281	-0.008746	0.000776	-0.004595	-0.006792	-0.007769	-0.009478
0.320200	-0.006792	-0.007769	-0.006304	-0.003619	-0.007525	-0.007281	-0.002398	-0.009234	-0.005083	-0.006792	-0.007525
0.320300	-0.007037	-0.007037	-0.006548	-0.004595	-0.007769	-0.007525	-0.004107	-0.011431	-0.002398	-0.004107	-0.004839
0.320400	-0.007281	-0.006548	-0.004839	-0.007037	-0.008501	-0.008501	-0.004351	-0.008990	-0.001177	-0.001421	-0.004107
0.320500	-0.007037	-0.006060	-0.004595	-0.006304	-0.006060	-0.007769	-0.004351	-0.004839	0.001264	0.001753	-0.004351
0.320600	-0.006792	-0.005083	-0.004351	-0.003374	-0.004595	-0.007769	-0.004595	-0.005083	0.001508	-0.000201	-0.003374
0.320700	-0.007769	-0.004107	-0.002398	-0.001177	-0.002642	-0.004107	-0.006060	-0.005328	0.001264	-0.001665	-0.001665
0.320800	-0.002154	-0.003374	-0.001665	-0.001910	0.000288	-0.003619	-0.004839	-0.003374	-0.001421	-0.000445	-0.000689
0.320900	0.000044	-0.002154	-0.000445	0.000044	0.001997	-0.004351	-0.000445	-0.000445	-0.000445	0.000532	0.000288
0.321000	-0.000445	-0.002642	0.001264	0.001508	0.002485	-0.004839	0.002485	0.000532	0.001020	-0.001910	0.000532
0.321100	-0.001665	-0.000689	0.001020	0.004438	0.003950	-0.003130	0.004438	-0.000445	0.001264	-0.002886	0.000288
0.321200	0.000532	-0.000201	0.002241	0.004926	0.005171	-0.001177	0.004438	-0.001665	-0.000445	-0.002398	0.001264
0.321300	0.002241	-0.000445	0.002485	0.002973	0.004194	-0.000689	0.005415	-0.000201	-0.001177	-0.000201	0.002241
0.321400	0.002485	0.001508	0.002973	0.001753	0.004682	-0.001665	0.006635	0.001264	0.001020	0.001753	0.004194
0.321500	0.001508	0.003217	0.004194	0.003217	0.003462	-0.000445	0.005903	0.000532	0.003217	0.001753	0.001997
0.321600	0.000288	0.002485	0.005415	0.003462	0.002973	0.001264	0.003217	-0.001910	0.003950	0.003462	0.001997
0.321700	0.002485	-0.000445	0.005659	0.001508	0.002241	0.002729	0.001753	-0.002154	0.004438	0.006635	0.003950
0.321800	0.002973	0.000288	0.005171	-0.000689	0.003462	0.003217	0.001020	0.000532	0.004682	0.007856	0.006635
0.321900	0.001753	0.001508	0.006147	0.000288	0.002729	0.004194	0.000776	0.001508	0.006391	0.009077	0.007368
0.322000	0.000288	0.003462	0.006880	0.003462	0.005903	0.003462	0.000532	0.001020	0.007124	0.009077	0.006635
0.322100	0.000288	0.002485	0.007124	0.004682	0.007368	0.004682	-0.000201	0.001264	0.006147	0.008589	0.005415
0.322200	0.002485	0.002485	0.006391	0.006147	0.010053	0.002973	0.000776	0.002485	0.004682	0.008100	0.006147
0.322300	0.004438	0.004194	0.007368	0.006147	0.008100	0.003950	0.001020	0.006391	0.004438	0.007856	0.006880
0.322400	0.004682	0.005903	0.008589	0.008100	0.006147	0.003217	0.002729	0.007368	0.005415	0.007856	0.005171
0.322500	0.005171	0.006880	0.008100	0.008833	0.007124	0.003217	0.004682	0.006391	0.005415	0.005903	0.003217
0.322600	0.005659	0.007368	0.007368	0.009565	0.009321	0.001264	0.006147	0.006391	0.003217	0.004194	0.003217
0.322700	0.008100	0.006147	0.007612	0.009809	0.009077	0.002973	0.006635	0.007368	0.002729	0.002729	0.005659
0.322800	0.007856	0.006880	0.007856	0.009809	0.005659	0.002973	0.007124	0.007124	0.004194	0.007368	0.006880
0.322900	0.007368	0.006635	0.007856	0.009565	0.002729	0.004926	0.008833	0.005903	0.005659	0.009809	0.005903
0.323000	0.007368	0.005659	0.007368	0.008589	0.003950	0.004194	0.009565	0.005659	0.006391	0.010053	0.005903
0.323100	0.007612	0.005171	0.007368	0.008833	0.004194	0.004438	0.006147	0.006147	0.005903	0.009077	0.006635
0.323200	0.007124	0.004926	0.007368	0.006880	0.002729	0.005659	0.003217	0.006635	0.006391	0.010542	0.008833
0.323300	0.007124	0.006391	0.008100	0.005659	0.001997	0.006635	0.002485	0.007124	0.007124	0.011274	0.008589
0.323400	0.006880	0.006880	0.008833	0.005171	0.004194	0.006147	0.003462	0.008833	0.007368	0.012251	0.007612
0.323500	0.006880	0.007124	0.007856	0.009565	0.005415	0.004926	0.002241	0.008589	0.007612	0.010053	0.006880
0.323600	0.007612	0.008100	0.007368	0.011518	0.009077	0.005171	0.002241	0.007856	0.008100	0.008589	0.007368
0.323700	0.008100	0.008833	0.008589	0.010298	0.009077	0.005415	0.002485	0.009321	0.008833	0.008100	0.007368
0.323800	0.009077	0.010542	0.008833	0.009809	0.008589	0.004926	0.006147	0.013227	0.007612	0.008100	0.006635
0.323900	0.009077	0.011274	0.008100	0.010786	0.009077	0.004926	0.008100	0.013472	0.006880	0.006391	0.005171
0.324000	0.010053	0.011030	0.007612	0.011274	0.010053	0.005171	0.009809	0.010542	0.008100	0.005171	0.005171
0.324100	0.009077	0.010053	0.007124	0.010786	0.008100	0.005659	0.009321	0.008833	0.009077	0.005659	0.005659
0.324200	0.007612	0.009321	0.007124	0.008833	0.005903	0.006391	0.009077	0.007612	0.008833	0.007368	0.006391
0.324300	0.007612	0.008589	0.006391	0.007124	0.003462	0.006391	0.010542	0.007124	0.009321	0.008833	0.007124
0.324400	0.007612	0.006880	0.006635	0.006391	0.004194	0.007368	0.008833	0.005903	0.008833	0.008833	0.007612
0.324500	0.005903	0.006635	0.005903	0.006880	0.004194	0.008100	0.005659	0.003950	0.009809	0.007856	0.009321
0.324600	0.005171	0.006391	0.005903	0.005903	0.003217	0.007612	0.002485	0.004682	0.011030	0.009321	0.009809
0.324700	0.004194	0.005659	0.005659	0.004194	0.003462	0.007368	0.002485	0.005659	0.010298	0.009565	0.010053
0.324800	0.004926	0.005415	0.006635	0.005171	0.003462	0.007124	0.004194	0.007124	0.010053	0.009321	0.010542
0.324900	0.003462	0.006147	0.010053	0.008100	0.006147	0.006391	0.003217	0.007612	0.008833	0.007612	0.010542
0.325000	0.005171	0.007124	0.012251	0.009809	0.008589	0.005903	0.002729	0.007368	0.010053	0.006391	0.011030
0.325100	0.004438	0.007612	0.009321	0.009565	0.009565	0.006880	0.003462	0.008589	0.008100	0.005903	0.009321
0.325200	0.004682	0.006147	0.007856	0.008100	0.011274	0.006635	0.007612	0.011030	0.009077	0.005903	0.008100
0.325300	0.006147	0.006391	0.008833	0.008100	0.011518	0.006147	0.009321	0.009809	0.007124	0.005659	0.008589
0.325400	0.006880	0.006880	0.010542	0.007612	0.010786	0.008833	0.011274	0.007124	0.006391	0.005903	0.009321
0.325500	0.005659	0.005903	0.008833	0.007124	0.010053	0.009321	0.011518	0.005171	0.008100	0.006147	0.007124
0.325600	0.005659	0.005659	0.007612	0.005171	0.007856	0.009809	0.010053	0.003462	0.005903	0.006635	0.009077
0.325700	0.006635	0.002241	0.006880	0.004438	0.002973	0.009077	0.007856	0.002485	0.006147	0.007124	0.010542
0.325800	0.004682	0.002485	0.008100	0.003217	0.000776	0.010053	0.005903	0.001508	0.005171	0.007124	0.008833
0.325900	0.002729	0.001753	0.006635	0.002485	0.001997	0.005659	0.002973	0.000288	0.004926	0.009809	0.009321
0.326000	0.003462	0.000776	0.005415	0.001997	0.002729	0.002729	0.002485	0.000044	0.005903	0.009565	0.009077
0.326100	0.000532	0.001753	0.002973	0.002729	0.002241	0.003217	0.001020	0.000776	0.004438	0.008833	0.007612
0.326200	0.001753	0.002729	0.005659	0.003950	0.001264	0.004926	-0.001421	0.002485	0.003950	0.007612	0.007856
0.326300	0.002973	-0.000201	0.007124	0.004926	0.002485	0.003950	-0.001910	0.002485	0.003950	0.007856	0.009321
0.326400	0.003462	0.004682	0.005903	0.006880	0.005659	0.001020	0.000288	0.004926	0.004438	0.007368	0.005415
0.326500	0.003217	0.005903	0.003462	0.007124	0.006880	0.000044	0.002485	0.005415	0.002973	0.006635	0.004194
0.326600	0.004682	0.002729	0.002729	0.008589	0.005903	0.001753	0.003950	0.005659	0.003217	0.005171	0.003217
0.326700	0.004926	0.004438	0.005171	0.008833	0.005903	0.003217	0.003462	0.006391	0.003217	0.005171	0.000288
0.326800	0.004682	0.004926	0.004926	0.007612	0.005903	0.001264	0.004682	0.006391	0.001020	0.005659	-0.000689
0.326900	0.005903	0.001753	0.002485	0.006635	0.005415	0.000776	0.005171	0.005415	0.000288	0.004194	-0.000201
0.327000	0.006880	0.002241	0.000532	0.006635	0.002973	0.000532	0.004682	0.004438	-0.000201	0.004438	-0.001421
0.327100	0.005903	0.003950	0.002241	0.006147	-0.000445	0.002241	0.002729	0.001997	-0.001910	0.004194	-0.001421
0.327200	0.005415	0.001753	0.001997	0.004438	-0.001177	0.002485	0.001508	0.001020	0.000044	0.005171	-0.001910
0.327300	0.004194	0.001753	0.003462	0.003217	-0.001665	0.001264	-0.001177	0.001997	0.000776	0.005659	-0.001421
0.327400	0.003462	0.003217	0.001264	0.002241	-0.000689	0.000044	-0.002154	0.003462	0.005415	0.005415	-0.001910
0.327500	0.000044	0.003462	0.000532	0.003462	0.000044	0.001753	-0.002642	0.002241	0.007856	0.005415	-0.000689
0.327600	-0.001177	0.003950	0.000532	0.004926	-0.000201	0.001753	-0.002886	0.001997	0.007612	0.006147	-0.001665
0.327700	0.001753	0.006147	-0.000445	0.005659	0.000776	0.001753	-0.000689	0.003217	0.003462	0.006147	-0.003374
0.327800	0.003217	0.006635	-0.002398	0.006147	0.005171	-0.000689	-0.000445	0.004682	0.005171	0.005415	-0.004839
0.327900	0.000776	0.007612	-0.000201	0.008100	0.004682	0.000044	0.001020	0.006147	0.007612	0.004926	-0.003619
0.328000	-0.000689	0.005659	-0.000201	0.009077	0.004682	0.002729	0.002729	0.007612	0.006391	0.001753	-0.003374
0.328100	0.001264	0.002973	-0.002886	0.008833	0.005903	0.001264	0.004926	0.006147	0.004194	0.001264	-0.002642
0.328200	0.004194	0.000044	0.002241	0.009077	0.002241	0.000776	0.006635	0.005415	0.001997	0.003950	0.001997
0.328300	0.002973	0.002729	0.002485	0.007856	0.002485	0.000776	0.008833	0.004926	0.002973	0.000776	0.003950
0.328400	0.001997	0.005659	0.000288	0.007124	0.004438	0.002241	0.007124	0.003217	0.004926	0.002485	0.002241
0.328500	0.000288	0.005415	0.000532	0.006635	0.002485	0.004438	0.006147	0.002485	0.005659	0.005415	0.000532
0.328600	0.001753	0.000532	0.002485	0.004438	-0.001421	0.005659	0.004438	0.001997	0.005903	0.004682	0.003217
0.328700	0.003462	0.000288	0.001753	0.002973	0.003217	0.006147	0.004438	0.002241	0.007612	0.003950	0.007368
0.328800	0.002729	0.002729	0.001997	0.004682	0.000044	0.005415	0.002485	0.000776	0.008589	0.007612	0.007856
0.328900	0.000532	0.004194	0.000532	0.004926	0.003462	0.007124	0.002241	0.001264	0.008589	0.003950	0.004438
0.329000	0.000776	0.002241	-0.001421	0.004194	0.007612	0.007856	0.003950	0.001997	0.007124	0.004682	0.004194
0.329100	0.002729	0.001020	-0.000445	0.006391	0.007856	0.009321	0.004194	0.002973	0.005171	0.005659	0.005659
0.329200	0.001997	0.002729	0.001997	0.005903	0.005415	0.006880	0.003950	0.004926	0.007612	0.006147	0.004682
0.329300	0.001508	0.005659	0.000776	0.005903	0.007612	0.003217	0.007124	0.006635	0.009077	0.007612	0.005415
0.329400	0.001997	0.003462	-0.001421	0.006635	0.006880	0.002241	0.008100	0.005415	0.005659	0.006880	0.004194
0.329500	0.002973	0.004682	-0.001665	0.006880	0.006880	0.004438	0.008100	0.005903	0.002241	0.001997	0.004194
0.329600	0.004438	0.004682	0.000532	0.004682	0.009077	0.006147	0.006635	0.003950	0.003462	0.001020	0.004926
0.329700	0.002973	0.004926	0.001997	0.003217	0.009077	0.005659	0.006147	0.002973	0.005659	0.005903	0.004194
0.329800	0.001753	0.004926	0.001753	0.001753	0.005659	0.005659	0.006391	0.002973	0.002729	0.007856	0.002729
0.329900	0.002729	0.003217	0.001264	0.002485	0.003217	0.005903	0.008833	0.000532	0.004682	0.006635	0.003217
0.330000	0.004194	-0.001665	0.000288	0.007368	0.000532	0.006391	0.000776	-0.002154	0.003217	0.004926	0.006147
0.330100	0.004194	0.000776	0.001508	0.008100	0.000044	0.005659	-0.002398	-0.003130	0.002485	0.005903	0.006391
0.330200	0.003462	0.002729	0.001997	0.005171	0.001264	0.005903	-0.000445	0.000532	0.002729	0.006880	0.005171
0.330300	0.003950	0.002241	0.001264	0.004194	0.002241	0.005659	0.000776	0.004682	0.003217	0.007368	0.002485
0.330400	0.002485	0.000044	0.002241	0.005415	0.002485	0.004438	-0.003130	0.005415	0.002973	0.005171	0.003462
0.330500	0.004194	0.001508	0.002729	0.007368	0.001508	0.004682	-0.003374	0.002973	0.001020	0.003217	0.004682
0.330600	0.005171	0.003217	0.002973	0.006391	0.002241	0.002485	-0.002398	0.004438	0.000044	0.002729	0.002729
0.330700	0.004926	0.005415	0.001997	0.005903	0.003217	0.000776	0.000044	0.007124	0.000532	0.002973	0.001264
0.330800	0.001997	0.006391	0.002241	0.006147	0.004438	0.001020	0.004682	0.008589	0.001264	0.000532	0.000044
0.330900	0.001264	0.007124	0.001264	0.006635	0.006147	0.002485	0.005415	0.006635	0.004438	0.000044	-0.000445
0.331000	0.001997	0.006147	0.003217	0.005415	0.004438	0.003217	0.003462	0.004682	0.001508	0.002241	-0.001177
0.331100	0.005903	0.005659	0.002485	0.001997	0.002729	0.002729	0.004194	0.004926	0.000044	0.002729	-0.001177
0.331200	0.005415	0.004926	0.000288	0.002485	0.001264	0.002729	0.004194	0.003462	0.000044	0.003462	-0.001421
0.331300	0.004438	0.005659	0.000532	0.005415	-0.002642	0.002485	0.002729	0.000288	0.002729	0.002241	-0.001177
0.331400	0.002485	0.003217	0.001020	0.005903	-0.004351	0.003950	-0.001910	-0.003130	0.001753	0.001753	-0.000445
0.331500	0.003950	0.000044	0.001508	0.002485	-0.001910	0.004194	-0.001421	-0.002154	0.001753	0.003462	0.001997
0.331600	0.002973	-0.001177	0.000532	0.000532	-0.003863	0.003462	-0.001665	0.001508	0.003217	0.005659	0.004926
0.331700	0.001264	0.001997	0.001753	-0.001177	-0.005083	0.002485	-0.002398	0.001997	0.002973	0.003217	0.003950
0.331800	0.000288	0.003217	0.000532	0.001264	-0.002886	0.001020	-0.004351	0.001753	0.001020	0.000532	0.001020
0.331900	0.000288	0.003217	-0.001421	0.003217	-0.002398	0.000532	-0.004595	0.000532	0.000044	0.000776	-0.000445
0.332000	0.000776	0.002729	-0.001910	0.002241	-0.000201	0.001508	-0.001910	0.002729	-0.002154	-0.001421	0.000044
0.332100	0.002973	0.004438	-0.002398	0.001264	0.002485	0.001508	0.003950	0.005659	0.000044	-0.000689	0.000044
0.332200	0.002485	0.003950	-0.002154	0.002729	0.001264	0.001020	0.003950	0.004682	0.002973	-0.000689	-0.003130
0.332300	0.001753	0.002973	-0.001421	0.003217	0.000532	0.001020	0.004438	0.001508	0.001997	-0.001421	-0.003863
0.332400	0.001997	0.001753	-0.001665	0.001753	0.003950	0.001264	0.004682	0.000776	0.000532	-0.003619	-0.003130
0.332500	0.002973	0.000532	-0.002398	0.002241	0.003217	0.001753	0.005415	0.001264	0.000288	-0.003130	-0.001177
0.332600	0.002485	0.000532	-0.002398	0.001264	-0.001910	0.004926	0.004682	-0.000689	0.001020	0.001020	-0.001421
0.332700	-0.000201	0.001020	-0.000445	0.000044	-0.003619	0.005659	0.005659	-0.002886	0.002485	0.002973	-0.000445
0.332800	-0.000201	-0.001665	0.000532	-0.001910	-0.003130	0.004438	0.003462	-0.003619	0.000776	0.001997	-0.001910
0.332900	-0.000445	-0.002886	0.000532	-0.002886	-0.002154	0.002973	-0.002642	-0.005328	-0.000201	0.000044	0.000288
0.333000	-0.000445	-0.002154	0.000044	-0.004839	-0.004107	0.003462	-0.005083	-0.004839	-0.001665	0.001020	0.000776
0.333100	-0.003130	0.000044	-0.001665	-0.005328	-0.004595	0.002485	-0.005083	-0.004595	0.000044	0.001264	-0.000445
0.333200	-0.003619	-0.001421	-0.001421	-0.003619	-0.002886	0.001508	-0.002154	-0.003863	0.001997	0.000288	-0.002398
0.333300	-0.002886	-0.001665	-0.002398	0.000532	0.000532	0.001508	-0.000689	-0.003619	0.001753	-0.001665	-0.002154
0.333400	-0.001177	-0.002886	-0.002398	0.001997	0.000776	0.001020	-0.001910	-0.003863	0.001508	-0.001421	-0.001421
0.333500	-0.000689	-0.001665	-0.002398	0.000044	-0.000445	-0.000201	-0.001665	-0.002398	0.000776	-0.002154	-0.002154
0.333600	-0.000689	-0.000445	-0.001177	-0.002642	-0.003130	-0.001177	-0.000201	0.001264	0.000532	-0.001421	-0.003130
0.333700	-0.001665	-0.001665	-0.001177	-0.001665	-0.002398	-0.001665	0.000288	0.000776	-0.001665	-0.004107	-0.003374
0.333800	-0.000445	-0.004351	-0.001421	-0.001665	-0.002154	-0.002398	0.000288	-0.001665	-0.003374	-0.006548	-0.002642
0.333900	-0.001910	-0.005083	-0.001910	-0.002886	-0.003619	-0.001910	-0.000201	-0.005816	-0.003619	-0.005083	-0.001421
0.334000	-0.002398	-0.006792	-0.002398	-0.006060	-0.008257	-0.001421	-0.000689	-0.005816	-0.006060	-0.003130	-0.001177
0.334100	-0.001665	-0.006060	-0.002398	-0.006304	-0.010455	-0.001665	-0.002886	-0.006792	-0.008013	-0.003130	-0.002154
0.334200	-0.001177	-0.007525	-0.001665	-0.006304	-0.009722	-0.003374	-0.005816	-0.008746	-0.007281	-0.004351	-0.002398
0.334300	-0.003130	-0.006792	-0.001177	-0.005328	-0.010943	-0.003863	-0.009478	-0.010455	-0.007281	-0.004839	-0.002886
0.334400	-0.004595	-0.006304	-0.001421	-0.006792	-0.011431	-0.004351	-0.009966	-0.009722	-0.005816	-0.004107	-0.003130
0.334500	-0.004107	-0.006060	-0.001665	-0.008746	-0.010943	-0.004595	-0.008990	-0.008746	-0.005816	-0.003619	-0.003863
0.334600	-0.003619	-0.006304	-0.002154	-0.007769	-0.008990	-0.007525	-0.008013	-0.007769	-0.004595	-0.004351	-0.003374
0.334700	-0.003374	-0.005083	-0.002642	-0.004107	-0.006548	-0.008501	-0.009234	-0.007525	-0.006792	-0.004839	-0.004839
0.334800	-0.003863	-0.002642	-0.003374	-0.004839	-0.006548	-0.008746	-0.009722	-0.007037	-0.006304	-0.005083	-0.007037
0.334900	-0.004839	-0.003130	-0.007769	-0.005816	-0.007281	-0.009478	-0.008013	-0.004351	-0.007525	-0.004595	-0.008257
0.335000	-0.004839	-0.004351	-0.009722	-0.006304	-0.007037	-0.009478	-0.005816	-0.004107	-0.009234	-0.004839	-0.008746
0.335100	-0.004839	-0.005083	-0.006548	-0.004595	-0.008257	-0.009722	-0.003863	-0.005328	-0.009966	-0.005816	-0.008501
0.335200	-0.005083	-0.006060	-0.005083	-0.003374	-0.008990	-0.009722	-0.004839	-0.008257	-0.008746	-0.006304	-0.008501
0.335300	-0.006304	-0.004839	-0.007281	-0.003863	-0.009478	-0.009478	-0.006060	-0.008501	-0.008501	-0.004595	-0.009966
0.335400	-0.006792	-0.005328	-0.009234	-0.004839	-0.012408	-0.008990	-0.006060	-0.008501	-0.008746	-0.004351	-0.010455
0.335500	-0.005328	-0.006304	-0.007769	-0.005083	-0.013140	-0.008990	-0.007525	-0.007769	-0.007525	-0.004107	-0.008501
0.335600	-0.005083	-0.004839	-0.005328	-0.003374	-0.014117	-0.008501	-0.008013	-0.009234	-0.007769	-0.003619	-0.007525
0.335700	-0.006060	-0.004107	-0.004839	-0.003863	-0.009722	-0.008746	-0.008501	-0.009722	-0.005083	-0.001665	-0.007525
0.335800	-0.005816	-0.004107	-0.006548	-0.003374	-0.007037	-0.009234	-0.008501	-0.007769	-0.003130	-0.002398	-0.007037
0.335900	-0.005083	-0.004351	-0.006548	-0.003374	-0.007281	-0.006792	-0.008257	-0.004839	-0.004107	-0.002886	-0.006548
0.336000	-0.005083	-0.004839	-0.006060	-0.002642	-0.007037	-0.003619	-0.006792	-0.003619	-0.004351	-0.004107	-0.006792
0.336100	-0.005816	-0.002886	-0.004595	-0.002154	-0.005816	-0.003374	-0.007037	-0.002154	-0.004839	-0.004107	-0.006304
0.336200	-0.007281	-0.003374	-0.006548	-0.002154	-0.003374	-0.006060	-0.003130	-0.001421	-0.003374	-0.004351	-0.005816
0.336300	-0.007525	-0.003863	-0.007281	-0.002154	-0.004351	-0.006548	-0.001665	-0.001421	-0.004839	-0.005816	-0.007281
0.336400	-0.007281	-0.004351	-0.006548	-0.001665	-0.006060	-0.004351	-0.000689	-0.001665	-0.004595	-0.007769	-0.007281
0.336500	-0.006548	-0.004107	-0.004595	-0.001421	-0.006792	-0.004595	-0.001177	-0.001910	-0.003374	-0.006792	-0.007037
0.336600	-0.006548	-0.003863	-0.004351	-0.002398	-0.004351	-0.005328	0.000532	-0.002642	-0.003374	-0.006792	-0.007281
0.336700	-0.005328	-0.003863	-0.006548	-0.003619	-0.003863	-0.006060	0.001264	-0.003619	-0.002398	-0.004595	-0.006548
0.336800	-0.006304	-0.004839	-0.006548	-0.003863	-0.006060	-0.003863	0.000532	-0.004839	-0.001421	-0.005328	-0.005328
0.336900	-0.005816	-0.005328	-0.003374	-0.002886	-0.007525	-0.002398	-0.001910	-0.008013	-0.000689	-0.004107	-0.003619
0.337000	-0.006304	-0.005816	-0.001421	-0.003130	-0.008013	-0.001910	-0.003130	-0.008257	-0.000689	-0.002398	-0.003130
0.337100	-0.005816	-0.007281	-0.002154	-0.003374	-0.006792	-0.003863	-0.003130	-0.007281	0.000532	-0.001665	-0.002642
0.337200	-0.008013	-0.006060	-0.003374	-0.003374	-0.005328	-0.003130	-0.003863	-0.006792	0.000532	-0.003130	-0.001421
0.337300	-0.008013	-0.007037	-0.002398	-0.002642	-0.006304	-0.002398	-0.004107	-0.006792	0.000532	-0.001910	-0.000201
0.337400	-0.008746	-0.006548	-0.002398	-0.003863	-0.007037	-0.001421	-0.004595	-0.005816	-0.000689	-0.004351	-0.001177
0.337500	-0.004595	-0.005328	-0.002398	-0.005083	-0.004107	-0.003130	-0.004351	-0.004351	-0.005328	-0.004595	-0.000689
0.337600	-0.002154	-0.005328	-0.002398	-0.004595	-0.002154	-0.005816	-0.003619	-0.002398	-0.004351	-0.005328	-0.001910
0.337700	-0.003619	-0.004595	-0.002398	-0.003374	-0.001421	-0.005328	-0.003130	-0.002154	-0.001177	-0.005083	-0.001910
0.337800	-0.005328	-0.004107	-0.002398	-0.001910	-0.001665	-0.004107	-0.002154	-0.003374	-0.002398	-0.004351	-0.001910
0.337900	-0.003374	-0.005328	-0.001177	-0.001421	-0.002642	-0.004351	-0.001910	-0.002886	-0.005328	-0.003863	-0.001910
0.338000	-0.000445	-0.005816	-0.000689	-0.003374	-0.001177	-0.005083	-0.001665	-0.003374	-0.006304	-0.003619	-0.001177
0.338100	-0.001910	-0.003374	0.000532	-0.004595	-0.002642	-0.004595	-0.001177	-0.003619	-0.004839	-0.003130	-0.001177
0.338200	-0.004595	-0.001177	-0.001910	-0.004107	-0.003863	-0.003374	-0.003130	-0.005816	-0.003619	-0.002398	-0.003863
0.338300	-0.003619	-0.002398	-0.004107	-0.003374	-0.005328	-0.001910	-0.004839	-0.007525	-0.005083	-0.001910	-0.006304
0.338400	-0.003619	-0.005328	-0.002398	-0.002886	-0.006060	-0.002398	-0.005328	-0.008013	-0.006548	-0.000689	-0.003863
0.338500	-0.004351	-0.006060	0.000288	-0.002398	-0.007281	-0.003130	-0.006792	-0.007769	-0.006060	-0.000445	-0.001665
0.338600	-0.005328	-0.003130	-0.000689	-0.003130	-0.005816	-0.003374	-0.007525	-0.008746	-0.003130	-0.000201	-0.001910
0.338700	-0.007281	-0.002886	-0.002642	-0.004107	-0.005328	-0.004595	-0.008013	-0.007525	-0.002642	0.000044	-0.005816
0.338800	-0.005816	-0.002886	-0.003863	-0.003374	-0.002886	-0.006304	-0.008746	-0.005816	-0.004595	0.000288	-0.005816
0.338900	-0.004351	-0.004351	-0.004107	-0.003619	-0.001421	-0.007281	-0.008746	-0.003130	-0.004351	0.000532	-0.003863
0.339000	-0.004839	-0.001421	-0.003130	-0.001177	-0.001421	-0.008257	-0.008013	-0.001177	-0.002642	0.000532	-0.004595
0.339100	-0.004839	-0.001421	-0.004107	0.000288	-0.001665	-0.008746	-0.005816	0.001264	-0.001910	0.000776	-0.006792
0.339200	-0.004839	-0.001421	-0.004351	0.001508	-0.001421	-0.007769	-0.004351	0.001264	-0.004107	-0.001177	-0.007037
0.339300	-0.001910	-0.002886	-0.004107	0.000532	-0.002154	-0.004595	-0.003374	0.001020	-0.005328	-0.004595	-0.006548
0.339400	-0.001665	-0.003619	-0.000201	0.000532	-0.002398	-0.002398	-0.003374	0.000776	-0.005083	-0.005328	-0.003863
0.339500	-0.002642	-0.002154	0.000288	0.000288	-0.004595	-0.003130	-0.002398	0.000532	-0.002642	-0.002398	-0.003863
0.339600	-0.004595	-0.001910	-0.001421	0.001508	-0.006304	-0.003619	0.001020	-0.002154	-0.002886	-0.000445	-0.005328
0.339700	-0.003863	-0.004839	-0.001910	0.001020	-0.006548	-0.002642	0.001020	-0.002642	-0.003619	-0.002886	-0.004839
0.339800	-0.003130	-0.006304	-0.001177	0.001753	-0.008746	-0.000201	-0.002886	-0.004107	-0.004595	-0.003863	-0.001421
0.339900	-0.004107	-0.005328	0.000288	-0.000445	-0.008990	0.000044	-0.006060	-0.003619	-0.003130	-0.002642	-0.001665
0.340000	-0.004351	-0.003863	-0.001910	-0.004839	-0.009234	-0.002886	-0.006792	-0.003130	-0.003374	-0.001665	-0.003130
0.340100	-0.005816	-0.004595	-0.003130	-0.005328	-0.007525	-0.004107	-0.005816	-0.002154	-0.002398	-0.003374	-0.004595
0.340200	-0.006792	-0.006792	-0.003619	-0.002886	-0.005816	-0.004351	-0.006548	-0.001910	-0.002642	-0.005328	-0.003863
0.340300	-0.007769	-0.006060	-0.003863	-0.002398	-0.003863	-0.005083	-0.007769	-0.004107	-0.001665	-0.006548	-0.003374
0.340400	-0.007281	-0.003863	-0.004107	-0.004595	-0.004107	-0.005816	-0.005816	-0.003374	-0.000445	-0.004839	-0.005328
0.340500	-0.008257	-0.003863	-0.005083	-0.006792	-0.003619	-0.007037	-0.003130	0.000288	-0.000445	-0.004839	-0.007037
0.340600	-0.007525	-0.004107	-0.006548	-0.006304	-0.004839	-0.005816	-0.001910	0.000532	-0.001665	-0.007037	-0.007525
0.340700	-0.008501	-0.005816	-0.005328	-0.006060	-0.006792	-0.004595	-0.003619	-0.003619	-0.002886	-0.008501	-0.006548
0.340800	-0.007525	-0.007525	-0.004351	-0.007769	-0.008257	-0.005083	-0.004839	-0.007525	-0.007281	-0.007525	-0.006060
0.340900	-0.004839	-0.009478	-0.005328	-0.009722	-0.010455	-0.006060	-0.003863	-0.007281	-0.008990	-0.005816	-0.006060
0.341000	-0.005816	-0.011675	-0.006304	-0.010943	-0.012652	-0.006792	-0.004351	-0.008990	-0.008501	-0.007281	-0.004351
0.341100	-0.008746	-0.013140	-0.007037	-0.008257	-0.013140	-0.005328	-0.008501	-0.012408	-0.005328	-0.008746	-0.004351
0.341200	-0.009966	-0.014605	-0.007037	-0.007769	-0.013629	-0.004839	-0.013140	-0.015093	-0.007281	-0.009478	-0.003130
0.341300	-0.009966	-0.014361	-0.007037	-0.009234	-0.012408	-0.005328	-0.014117	-0.014605	-0.009722	-0.006792	-0.004107
0.341400	-0.009478	-0.014117	-0.006304	-0.010455	-0.011920	-0.008257	-0.012896	-0.012164	-0.008501	-0.007281	-0.003130
0.341500	-0.011431	-0.009722	-0.005083	-0.008990	-0.009478	-0.008746	-0.011675	-0.009966	-0.007281	-0.009478	-0.005816
0.341600	-0.011675	-0.008013	-0.005083	-0.008990	-0.008013	-0.008990	-0.012896	-0.012164	-0.007769	-0.009966	-0.009722
0.341700	-0.011187	-0.009478	-0.006548	-0.011187	-0.005816	-0.009478	-0.013629	-0.009234	-0.008257	-0.009234	-0.010699
0.341800	-0.010455	-0.011431	-0.008013	-0.012896	-0.005328	-0.009478	-0.011431	-0.007281	-0.009966	-0.009966	-0.008990
0.341900	-0.011675	-0.010943	-0.009478	-0.012652	-0.005816	-0.009234	-0.008990	-0.005328	-0.009478	-0.009234	-0.008746
0.342000	-0.012408	-0.010455	-0.008501	-0.010943	-0.007769	-0.010943	-0.009966	-0.008257	-0.009234	-0.009234	-0.011187
0.342100	-0.013384	-0.012164	-0.008746	-0.010699	-0.008746	-0.010699	-0.010699	-0.010699	-0.011431	-0.009234	-0.012896
0.342200	-0.011431	-0.015582	-0.009478	-0.011431	-0.009966	-0.010699	-0.010943	-0.011920	-0.013384	-0.009478	-0.011920
0.342300	-0.010943	-0.015338	-0.009966	-0.011431	-0.010943	-0.010699	-0.012408	-0.012408	-0.013384	-0.009234	-0.012408
0.342400	-0.012408	-0.015338	-0.009478	-0.010699	-0.016314	-0.010699	-0.014361	-0.015093	-0.010455	-0.008257	-0.012408
0.342500	-0.014117	-0.013873	-0.009966	-0.008990	-0.017047	-0.010455	-0.016070	-0.016558	-0.010943	-0.007525	-0.013873
0.342600	-0.011920	-0.014605	-0.009722	-0.008501	-0.014117	-0.011920	-0.016802	-0.017291	-0.011431	-0.008990	-0.014117
0.342700	-0.011187	-0.015093	-0.009478	-0.007281	-0.011920	-0.012896	-0.018023	-0.015338	-0.012164	-0.010455	-0.013140
0.342800	-0.010943	-0.013384	-0.009966	-0.007281	-0.012408	-0.012408	-0.017291	-0.014117	-0.010699	-0.008257	-0.011675
0.342900	-0.011431	-0.010699	-0.009478	-0.007769	-0.013384	-0.012408	-0.015338	-0.012408	-0.008990	-0.006548	-0.014361
0.343000	-0.011431	-0.011187	-0.010455	-0.007769	-0.011431	-0.013384	-0.011187	-0.009722	-0.009722	-0.007281	-0.015582
0.343100	-0.010699	-0.012896	-0.010943	-0.008257	-0.008746	-0.014361	-0.011920	-0.006792	-0.010943	-0.010943	-0.014605
0.343200	-0.009722	-0.012652	-0.013140	-0.007769	-0.009478	-0.013140	-0.013384	-0.004351	-0.011675	-0.011187	-0.013384
0.343300	-0.010455	-0.009966	-0.012408	-0.010699	-0.011187	-0.014117	-0.013629	-0.003374	-0.011675	-0.010699	-0.014605
0.343400	-0.010455	-0.010455	-0.013629	-0.011187	-0.013140	-0.013629	-0.010699	-0.003619	-0.012164	-0.010455	-0.016314
0.343500	-0.009478	-0.009966	-0.013140	-0.008501	-0.010943	-0.015093	-0.008501	-0.005083	-0.012408	-0.011675	-0.016314
0.343600	-0.009722	-0.010943	-0.013384	-0.004839	-0.009966	-0.013873	-0.009722	-0.009966	-0.010943	-0.010943	-0.015338
0.343700	-0.008990	-0.010699	-0.011920	-0.006304	-0.010943	-0.013384	-0.011187	-0.012408	-0.010943	-0.010699	-0.014361
0.343800	-0.009478	-0.009722	-0.011920	-0.007769	-0.014117	-0.011675	-0.011675	-0.011920	-0.010455	-0.008013	-0.013873
0.343900	-0.008746	-0.009234	-0.010455	-0.007769	-0.013873	-0.010699	-0.011431	-0.010943	-0.009234	-0.007525	-0.014117
0.344000	-0.009478	-0.009966	-0.009966	-0.006304	-0.012408	-0.009722	-0.012408	-0.012652	-0.008501	-0.008746	-0.012408
0.344100	-0.009966	-0.009234	-0.011187	-0.006548	-0.011431	-0.009478	-0.014117	-0.014117	-0.007281	-0.008990	-0.011920
0.344200	-0.012164	-0.009234	-0.012408	-0.007769	-0.013140	-0.009478	-0.013384	-0.013140	-0.006304	-0.007037	-0.009966
0.344300	-0.012896	-0.009722	-0.012408	-0.008501	-0.013384	-0.011187	-0.012408	-0.010455	-0.006548	-0.007769	-0.010699
0.344400	-0.012164	-0.009722	-0.013629	-0.008746	-0.012408	-0.011675	-0.011675	-0.008501	-0.007769	-0.009234	-0.010699
0.344500	-0.012652	-0.009722	-0.016070	-0.007525	-0.009234	-0.012408	-0.012164	-0.007525	-0.007281	-0.012652	-0.010455
0.344600	-0.013873	-0.008990	-0.016558	-0.008257	-0.008990	-0.012164	-0.013629	-0.007281	-0.006792	-0.012408	-0.010699
0.344700	-0.013384	-0.008990	-0.017291	-0.008990	-0.010699	-0.012896	-0.011187	-0.006060	-0.008746	-0.011431	-0.011431
0.344800	-0.013629	-0.009722	-0.017291	-0.008257	-0.010455	-0.012652	-0.009234	-0.005083	-0.009478	-0.011431	-0.011675
0.344900	-0.012652	-0.010943	-0.012164	-0.005816	-0.009966	-0.011675	-0.008501	-0.007037	-0.008990	-0.012164	-0.010455
0.345000	-0.012408	-0.010943	-0.008990	-0.005816	-0.009478	-0.009478	-0.009234	-0.010455	-0.009234	-0.010943	-0.009234
0.345100	-0.011920	-0.010455	-0.010455	-0.006792	-0.009966	-0.009234	-0.008990	-0.012164	-0.009966	-0.009478	-0.010455
0.345200	-0.011187	-0.011920	-0.014117	-0.008501	-0.009722	-0.007769	-0.008013	-0.012164	-0.008013	-0.008746	-0.009966
0.345300	-0.011187	-0.012652	-0.012408	-0.007769	-0.010699	-0.007037	-0.007769	-0.013384	-0.008013	-0.008257	-0.008013
0.345400	-0.009966	-0.012164	-0.009966	-0.007769	-0.008746	-0.005816	-0.008501	-0.014361	-0.007525	-0.008013	-0.006060
0.345500	-0.010455	-0.011675	-0.009722	-0.007769	-0.007525	-0.005328	-0.009234	-0.015093	-0.007037	-0.007769	-0.007037
0.345600	-0.011431	-0.012408	-0.012652	-0.008013	-0.006304	-0.005083	-0.009966	-0.013384	-0.007037	-0.007769	-0.007037
0.345700	-0.010455	-0.012408	-0.013140	-0.007769	-0.008013	-0.006060	-0.009722	-0.010699	-0.008013	-0.007769	-0.007281
0.345800	-0.010699	-0.010943	-0.012652	-0.007281	-0.008746	-0.006060	-0.009722	-0.008990	-0.007525	-0.007769	-0.007281
0.345900	-0.010699	-0.009478	-0.011675	-0.007525	-0.005816	-0.008257	-0.009234	-0.007525	-0.007037	-0.006792	-0.008013
0.346000	-0.010699	-0.008257	-0.013384	-0.006548	-0.000689	-0.011920	-0.008257	-0.005816	-0.007769	-0.005083	-0.009722
0.346100	-0.008746	-0.007281	-0.014605	-0.005328	0.000044	-0.012896	-0.006304	-0.003863	-0.008257	-0.005083	-0.010699
0.346200	-0.007281	-0.007525	-0.013629	-0.004351	-0.002642	-0.008257	-0.007037	-0.004351	-0.008013	-0.003863	-0.010943
0.346300	-0.006060	-0.007037	-0.009722	-0.002886	-0.004107	-0.007037	-0.004839	-0.004351	-0.008013	-0.003130	-0.009722
0.346400	-0.004595	-0.005816	-0.009478	-0.002642	-0.003863	-0.007525	-0.004107	-0.005328	-0.006548	-0.001910	-0.008746
0.346500	-0.003619	-0.006304	-0.010943	-0.002398	-0.004107	-0.008746	-0.001910	-0.005816	-0.007525	-0.002886	-0.008990
0.346600	-0.001910	-0.006792	-0.008501	-0.001421	-0.006060	-0.005083	-0.003374	-0.007281	-0.005328	-0.002642	-0.006548
0.346700	-0.001665	-0.007525	-0.005816	0.000044	-0.006792	-0.003130	-0.004839	-0.007525	-0.006304	-0.002642	-0.006304
0.346800	-0.000689	-0.006304	-0.003863	-0.000689	-0.006304	-0.003374	-0.006060	-0.007037	-0.004839	-0.001910	-0.005083
0.346900	-0.000445	-0.005328	-0.005083	-0.000445	-0.003863	-0.004595	-0.005816	-0.005816	-0.005328	-0.001665	-0.006304
0.347000	-0.000445	-0.005083	-0.007037	-0.001177	-0.000689	-0.003863	-0.006792	-0.003130	-0.004595	-0.002398	-0.006060
0.347100	-0.001421	-0.003374	-0.005083	0.000776	-0.002398	-0.002886	-0.006792	-0.002398	-0.005083	-0.003130	-0.006060
0.347200	0.000532	-0.001665	-0.004839	-0.000689	-0.000689	-0.002398	-0.005328	-0.001177	-0.005816	-0.002154	-0.006304
0.347300	0.000532	0.000532	-0.004595	-0.001665	0.001753	-0.006060	-0.004351	0.001997	-0.005816	-0.001421	-0.008501
0.347400	0.001753	0.001753	-0.005328	-0.000689	0.004682	-0.007037	-0.001665	0.003462	-0.003130	-0.000445	-0.008257
0.347500	-0.001177	0.001753	-0.005328	-0.000201	0.002729	-0.006060	-0.000201	0.004926	0.001020	-0.001421	-0.009234
0.347600	-0.003619	0.002241	-0.006304	0.000776	0.000044	-0.002642	0.000532	0.003217	0.001997	-0.001910	-0.009722
0.347700	-0.000689	0.002729	-0.004839	0.000288	-0.002642	-0.002398	0.001508	0.002729	-0.000445	-0.002154	-0.008257
0.347800	0.001753	0.002485	-0.004351	-0.000445	-0.003374	-0.003130	0.001508	0.000532	-0.003130	-0.002154	-0.007525
0.347900	0.001264	0.001020	-0.004107	-0.001421	-0.005328	-0.002398	0.000776	-0.002398	-0.001177	-0.002642	-0.008990
0.348000	-0.002154	0.000776	-0.004107	-0.001177	-0.006304	0.001020	0.000288	-0.005083	0.000532	-0.003863	-0.008501
0.348100	-0.002398	-0.001910	-0.004351	-0.001177	-0.007525	0.001264	-0.002154	-0.005328	-0.001421	-0.003130	-0.008990
0.348200	-0.001910	-0.006548	-0.002886	-0.002398	-0.005816	0.000044	-0.002886	-0.006304	-0.003619	-0.002886	-0.006060
0.348300	-0.002154	-0.006304	-0.000445	-0.003619	-0.004839	-0.001177	-0.003374	-0.004839	-0.003130	-0.003374	-0.002642
0.348400	-0.003863	-0.002398	-0.000445	-0.002154	-0.003863	-0.000689	-0.003863	-0.005083	-0.000445	-0.003374	-0.002642
0.348500	-0.004839	-0.000689	-0.003863	-0.003619	-0.002642	-0.003130	-0.003863	-0.004107	-0.001910	-0.003130	-0.005816
0.348600	-0.003374	-0.002642	-0.005083	-0.004107	-0.001421	-0.002642	-0.002642	-0.002398	-0.004107	-0.004595	-0.004839
0.348700	-0.001910	-0.003619	-0.004351	-0.006304	-0.001910	-0.002886	-0.001910	-0.001421	-0.004351	-0.004839	-0.004107
0.348800	-0.003130	-0.002886	-0.003130	-0.007037	-0.001177	-0.001910	-0.000201	0.000044	-0.002154	-0.005083	-0.002886
0.348900	-0.006060	-0.001665	-0.004595	-0.007769	-0.003130	-0.001910	0.000776	-0.001421	-0.002886	-0.006304	-0.006060
0.349000	-0.005083	-0.004351	-0.005328	-0.006792	-0.003619	-0.000689	0.001020	-0.002642	-0.005083	-0.008257	-0.005816
0.349100	-0.003619	-0.006060	-0.005083	-0.008013	-0.003619	0.000044	0.001020	-0.003863	-0.007769	-0.008501	-0.004595
0.349200	-0.002886	-0.007525	-0.003863	-0.006792	-0.004595	0.000532	0.001264	-0.006304	-0.007525	-0.008746	-0.003863
0.349300	-0.006060	-0.006060	-0.004351	-0.006792	-0.007525	-0.001421	-0.000201	-0.008257	-0.006792	-0.003130	-0.005083
0.349400	-0.007037	-0.006304	-0.004839	-0.006548	-0.007281	-0.003619	-0.000445	-0.010699	-0.007281	-0.000689	-0.008257
0.349500	-0.004839	-0.007769	-0.004107	-0.007281	-0.007281	-0.003619	-0.002154	-0.012164	-0.009722	-0.003863	-0.007037
0.349600	-0.004595	-0.008990	-0.002398	-0.007525	-0.005816	-0.001910	-0.006548	-0.012408	-0.008257	-0.005816	-0.003619
0.349700	-0.004839	-0.006548	-0.001665	-0.007769	-0.005083	-0.003130	-0.009478	-0.012164	-0.005816	-0.003863	-0.004839
0.349800	-0.006060	-0.005328	-0.003374	-0.008257	-0.004351	-0.005083	-0.007281	-0.010699	-0.005083	-0.001177	-0.007281
0.349900	-0.004839	-0.005816	-0.006304	-0.008257	-0.003863	-0.007281	-0.004351	-0.009722	-0.004839	-0.001177	-0.007769
0.350000	-0.005083	-0.007037	-0.005083	-0.004107	-0.002642	-0.005328	-0.003619	-0.007281	-0.006548	-0.004107	-0.006548
0.350100	-0.003619	-0.006060	-0.004107	-0.003863	-0.002642	-0.006304	-0.005083	-0.006548	-0.006304	-0.003619	-0.006304
0.350200	-0.004107	-0.003619	-0.003619	-0.005816	-0.002398	-0.006304	-0.004351	-0.003619	-0.007037	-0.003374	-0.007037
0.350300	-0.003130	-0.003863	-0.004839	-0.007037	-0.002642	-0.007037	-0.002398	0.001753	-0.007769	-0.003130	-0.008746
0.350400	-0.002154	-0.005816	-0.004839	-0.003863	-0.002398	-0.006304	-0.002398	0.002241	-0.007769	-0.004351	-0.008746
0.350500	-0.000445	-0.004839	-0.003863	-0.001177	-0.002154	-0.003619	-0.003130	-0.001421	-0.008013	-0.004839	-0.006792
0.350600	0.000532	-0.003863	-0.001665	0.000532	-0.003374	-0.003863	-0.004107	-0.004839	-0.008257	-0.002154	-0.007281
0.350700	0.000776	-0.002398	0.000044	-0.002398	-0.004351	-0.005328	-0.001910	-0.004107	-0.007281	-0.001177	-0.006548
0.350800	0.000044	-0.002398	0.000532	-0.000689	-0.004107	-0.004107	-0.001177	-0.003863	-0.004595	-0.001910	-0.004839
0.350900	-0.001665	-0.001421	0.001753	0.000532	-0.003619	-0.002398	-0.003130	-0.005816	-0.000689	-0.003130	-0.005816
0.351000	-0.001177	-0.001910	0.002973	0.000044	-0.003130	-0.000201	-0.004839	-0.007281	-0.002154	-0.000689	-0.005083
0.351100	0.001020	-0.000201	0.002485	-0.001910	-0.002642	-0.002154	-0.002886	-0.005328	-0.003130	0.001997	-0.004107
0.351200	0.002241	0.001508	0.002729	-0.003863	-0.001665	-0.002398	-0.001177	-0.002154	-0.002642	0.002241	-0.003619
0.351300	0.000288	0.003217	0.002729	-0.002154	-0.001177	-0.002642	0.000532	-0.000201	-0.000445	0.000288	-0.004351
0.351400	-0.001665	0.002973	0.001508	0.000044	-0.000445	-0.001665	-0.001910	-0.000689	-0.000201	-0.001421	-0.003130
0.351500	-0.001421	0.001508	0.000776	-0.001421	0.000288	-0.003130	-0.001421	0.000776	-0.002154	-0.000201	-0.003374
0.351600	0.000288	-0.000689	-0.001177	-0.003619	0.000776	-0.003863	0.001264	0.004194	-0.002398	-0.000445	-0.000445
0.351700	0.000288	0.001508	-0.001665	-0.001177	0.000288	-0.004595	0.002729	0.005171	-0.000689	-0.000201	0.000044
0.351800	-0.000689	0.003950	-0.000689	0.001753	0.000532	-0.003130	0.002241	0.002241	-0.001421	-0.000445	-0.001910
0.351900	-0.001177	0.002729	0.000532	0.001508	-0.001177	-0.003374	0.001508	-0.001177	-0.001421	-0.000689	-0.004107
0.352000	0.001020	0.000288	-0.000445	0.000288	-0.001910	-0.001177	0.002729	-0.001177	-0.002398	-0.001177	-0.001910
0.352100	0.002729	0.000532	0.000288	-0.000689	-0.004839	-0.000201	0.002973	-0.001910	-0.001421	-0.002154	0.000044
0.352200	0.002241	0.000532	0.001020	0.000532	-0.005816	0.001264	0.002729	-0.004107	0.000044	-0.002642	-0.000445
0.352300	0.000776	0.000288	0.002729	-0.000445	-0.007281	0.002729	0.002729	-0.006304	0.000776	-0.002642	-0.000689
0.352400	0.001264	-0.001421	0.002241	-0.001665	-0.002642	0.003950	0.002973	-0.006548	-0.002642	-0.003130	0.000776
0.352500	0.001020	-0.002398	0.001264	-0.003130	0.001508	0.002241	0.001753	-0.004351	-0.001910	-0.004351	0.002241
0.352600	-0.001421	-0.001421	0.000288	-0.004595	-0.000689	0.002485	0.000532	-0.003619	-0.000201	-0.002154	0.001997
0.352700	-0.004595	0.000288	-0.000201	-0.005816	-0.002398	0.001753	0.000288	-0.003374	0.001020	-0.000201	-0.000445
0.352800	-0.004595	-0.001910	-0.002642	-0.006304	0.000532	0.000288	0.001508	-0.002154	0.000044	-0.000689	-0.001910
0.352900	-0.004351	-0.002642	-0.003619	-0.007037	0.002485	-0.001421	-0.001177	-0.000201	-0.001910	-0.003619	-0.002154
0.353000	-0.003619	-0.002398	-0.004107	-0.008013	0.002241	-0.002642	-0.002398	0.000776	-0.001910	-0.004107	-0.001665
0.353100	-0.004351	-0.000201	-0.003619	-0.007769	-0.001421	-0.002154	-0.001421	-0.001910	-0.002154	-0.003130	-0.002398
0.353200	-0.005816	-0.001665	-0.003130	-0.008746	-0.002886	-0.002154	0.001264	-0.002154	-0.001665	-0.003130	-0.004839
0.353300	-0.004351	-0.003863	-0.003619	-0.004839	-0.003374	-0.001910	0.001753	-0.005816	-0.003130	-0.005083	-0.006060
0.353400	-0.003374	-0.006060	-0.003863	-0.002398	-0.003374	-0.000689	-0.000201	-0.008501	-0.003619	-0.006060	-0.003374
0.353500	-0.002642	-0.006060	-0.002886	-0.002886	-0.007281	0.001020	-0.003374	-0.010699	-0.004107	-0.006304	-0.003619
0.353600	-0.002886	-0.005328	-0.000689	-0.006060	-0.009966	0.001264	-0.003374	-0.008746	-0.003863	-0.004107	-0.003374
0.353700	-0.002642	-0.006060	-0.000201	-0.006060	-0.008501	0.000288	-0.003619	-0.007281	-0.004107	-0.006304	-0.003374
0.353800	-0.003130	-0.008013	-0.000689	-0.005816	-0.004595	-0.001177	-0.004839	-0.008746	-0.002642	-0.007037	-0.001910
0.353900	-0.004107	-0.008013	-0.000201	-0.005816	-0.004839	-0.003130	-0.007769	-0.010455	-0.002886	-0.006060	-0.001421
0.354000	-0.004107	-0.007769	-0.001665	-0.007769	-0.006304	-0.003130	-0.008013	-0.008501	-0.002642	-0.003130	-0.002398
0.354100	-0.004351	-0.006792	-0.002642	-0.008501	-0.004351	-0.005328	-0.006792	-0.005083	-0.004595	-0.003130	-0.002642
0.354200	-0.003130	-0.005083	-0.003619	-0.007281	-0.002154	-0.005328	-0.005083	-0.002398	-0.006304	-0.004595	-0.002154
0.354300	-0.002642	-0.003863	-0.003130	-0.006060	-0.001421	-0.006548	-0.005328	-0.002154	-0.007037	-0.006060	-0.002886
0.354400	-0.003374	-0.003863	-0.003863	-0.005816	-0.002886	-0.007525	-0.004351	-0.003374	-0.006060	-0.005083	-0.003863
0.354500	-0.003374	-0.004595	-0.002886	-0.008257	-0.004839	-0.007037	-0.002886	-0.002886	-0.006060	-0.004351	-0.004351
0.354600	-0.002154	-0.004839	-0.002154	-0.007281	-0.005328	-0.007037	-0.001177	-0.002642	-0.006548	-0.004351	-0.005816
0.354700	-0.001421	-0.004839	-0.000689	-0.003619	-0.004351	-0.006548	-0.002398	-0.004595	-0.007525	-0.005083	-0.006548
0.354800	-0.001665	-0.003130	0.000532	-0.002886	-0.006792	-0.005816	-0.004107	-0.007769	-0.007281	-0.005328	-0.006304
0.354900	-0.003374	-0.002398	-0.001421	-0.004107	-0.008501	-0.004839	-0.005083	-0.008257	-0.006792	-0.004351	-0.006304
0.355000	-0.002886	-0.003130	-0.003130	-0.005328	-0.010455	-0.006060	-0.004595	-0.008501	-0.007037	-0.003619	-0.005328
0.355100	-0.002886	-0.005083	-0.002154	-0.005083	-0.010699	-0.006304	-0.007037	-0.009234	-0.007037	-0.004107	-0.003863
0.355200	-0.003619	-0.006060	0.000288	-0.005083	-0.011187	-0.006548	-0.009234	-0.010699	-0.007281	-0.004107	-0.003374
0.355300	-0.004839	-0.005328	-0.001421	-0.006792	-0.010455	-0.006548	-0.011187	-0.009966	-0.007037	-0.003863	-0.005083
0.355400	-0.005328	-0.005328	-0.004839	-0.008501	-0.008990	-0.008257	-0.010699	-0.006304	-0.007769	-0.004107	-0.005083
0.355500	-0.006304	-0.005328	-0.006792	-0.008501	-0.008746	-0.008746	-0.009966	-0.004107	-0.006792	-0.005816	-0.003863
0.355600	-0.008013	-0.006060	-0.006060	-0.008257	-0.008257	-0.010455	-0.007281	-0.004351	-0.007281	-0.005816	-0.004839
0.355700	-0.008746	-0.006060	-0.007281	-0.008013	-0.007525	-0.011431	-0.007525	-0.004839	-0.006304	-0.007281	-0.007281
0.355800	-0.008990	-0.006792	-0.008746	-0.008501	-0.006060	-0.012408	-0.006304	-0.004351	-0.008013	-0.007037	-0.008990
0.355900	-0.008257	-0.008013	-0.009478	-0.009966	-0.008013	-0.011431	-0.006304	-0.003863	-0.009234	-0.008257	-0.010455
0.356000	-0.008746	-0.008746	-0.008990	-0.010699	-0.012164	-0.008013	-0.006304	-0.004839	-0.010943	-0.011920	-0.010455
0.356100	-0.011431	-0.010455	-0.006548	-0.010699	-0.016070	-0.004595	-0.007769	-0.007281	-0.011431	-0.012652	-0.010699
0.356200	-0.013140	-0.011675	-0.008746	-0.010699	-0.016314	-0.008013	-0.007525	-0.010943	-0.012408	-0.013873	-0.010943
0.356300	-0.013384	-0.013140	-0.011675	-0.011920	-0.016802	-0.011431	-0.009234	-0.014117	-0.013873	-0.013629	-0.012652
0.356400	-0.014117	-0.015826	-0.011187	-0.012896	-0.019000	-0.011431	-0.012408	-0.016558	-0.015826	-0.015338	-0.015338
0.356500	-0.014117	-0.016558	-0.009966	-0.014117	-0.020953	-0.009722	-0.015338	-0.017047	-0.014605	-0.015826	-0.015582
0.356600	-0.016314	-0.016314	-0.009966	-0.016070	-0.019244	-0.011675	-0.016802	-0.017779	-0.014117	-0.015826	-0.016802
0.356700	-0.016802	-0.017047	-0.013629	-0.019000	-0.016802	-0.014605	-0.017291	-0.016802	-0.012652	-0.016314	-0.017291
0.356800	-0.019244	-0.018023	-0.016558	-0.020220	-0.015093	-0.017291	-0.015582	-0.016314	-0.012408	-0.016802	-0.019000
0.356900	-0.020220	-0.018267	-0.015826	-0.018511	-0.016070	-0.016558	-0.015826	-0.016314	-0.011431	-0.017535	-0.019732
0.357000	-0.021685	-0.019000	-0.016802	-0.020220	-0.017535	-0.016558	-0.015582	-0.016314	-0.011187	-0.017047	-0.021197
0.357100	-0.020953	-0.018511	-0.018267	-0.021441	-0.016070	-0.019000	-0.015093	-0.014605	-0.012652	-0.017291	-0.021929
0.357200	-0.021441	-0.020220	-0.020709	-0.021929	-0.015826	-0.020709	-0.015093	-0.014117	-0.013140	-0.018511	-0.021197
0.357300	-0.022174	-0.020465	-0.019000	-0.021197	-0.019000	-0.019000	-0.015093	-0.015093	-0.014605	-0.020709	-0.019244
0.357400	-0.022662	-0.021685	-0.018511	-0.020953	-0.022174	-0.018023	-0.016314	-0.017779	-0.017291	-0.021441	-0.020709
0.357500	-0.020220	-0.022662	-0.018267	-0.020953	-0.021929	-0.020220	-0.017047	-0.020465	-0.022418	-0.021929	-0.021685
0.357600	-0.017047	-0.023638	-0.016558	-0.020953	-0.021441	-0.022662	-0.018511	-0.021685	-0.024371	-0.021197	-0.021685
0.357700	-0.017779	-0.023150	-0.015826	-0.020953	-0.022174	-0.021197	-0.019976	-0.023638	-0.021441	-0.021685	-0.019976
0.357800	-0.020465	-0.023394	-0.015582	-0.019976	-0.024371	-0.020220	-0.021929	-0.024859	-0.019732	-0.019732	-0.018267
0.357900	-0.020953	-0.023638	-0.015582	-0.019976	-0.023638	-0.020465	-0.021929	-0.026080	-0.020465	-0.019244	-0.016558
0.358000	-0.018023	-0.023394	-0.014361	-0.020709	-0.022174	-0.022662	-0.022174	-0.025592	-0.021929	-0.017535	-0.017047
0.358100	-0.018023	-0.023883	-0.013140	-0.021441	-0.019732	-0.023150	-0.022906	-0.023883	-0.019244	-0.017291	-0.016802
0.358200	-0.021197	-0.018511	-0.015338	-0.020953	-0.018267	-0.022418	-0.023394	-0.021929	-0.016802	-0.016558	-0.018756
0.358300	-0.022174	-0.017535	-0.018756	-0.021441	-0.017047	-0.021685	-0.023150	-0.020220	-0.017291	-0.015826	-0.022174
0.358400	-0.021441	-0.020709	-0.020709	-0.020465	-0.016558	-0.022174	-0.022418	-0.017779	-0.019732	-0.016070	-0.020709
0.358500	-0.020220	-0.021197	-0.020465	-0.021197	-0.015826	-0.023638	-0.021685	-0.016070	-0.020709	-0.015582	-0.017779
0.358600	-0.020953	-0.018756	-0.019000	-0.019000	-0.015582	-0.024615	-0.019732	-0.016558	-0.019976	-0.016558	-0.017535
0.358700	-0.023150	-0.016802	-0.019976	-0.018511	-0.016558	-0.024615	-0.019732	-0.016070	-0.020220	-0.017047	-0.021685
0.358800	-0.021929	-0.018023	-0.020953	-0.016802	-0.017779	-0.023394	-0.019732	-0.017779	-0.022174	-0.016802	-0.022906
0.358900	-0.018023	-0.020220	-0.019976	-0.016558	-0.019000	-0.023638	-0.019000	-0.018756	-0.022662	-0.015338	-0.020220
0.359000	-0.018511	-0.019000	-0.016802	-0.015338	-0.019732	-0.023394	-0.020465	-0.020220	-0.019244	-0.014605	-0.019000
0.359100	-0.020465	-0.017779	-0.017047	-0.014361	-0.021197	-0.023394	-0.020953	-0.021441	-0.017779	-0.013140	-0.019976
0.359200	-0.020220	-0.018267	-0.017779	-0.012896	-0.021197	-0.023883	-0.022174	-0.022418	-0.018023	-0.012408	-0.021685
0.359300	-0.016558	-0.019000	-0.017779	-0.012896	-0.019244	-0.020465	-0.022662	-0.021441	-0.019000	-0.015826	-0.018511
0.359400	-0.015338	-0.020465	-0.015826	-0.012896	-0.018756	-0.017779	-0.023150	-0.019732	-0.015826	-0.016802	-0.015582
0.359500	-0.017047	-0.017291	-0.015826	-0.013140	-0.017779	-0.017535	-0.023638	-0.017291	-0.012652	-0.014117	-0.015826
0.359600	-0.019244	-0.017047	-0.017291	-0.013140	-0.016802	-0.020709	-0.019732	-0.015093	-0.012896	-0.011187	-0.017291
0.359700	-0.020220	-0.018267	-0.019244	-0.012652	-0.014605	-0.021197	-0.015582	-0.012652	-0.013873	-0.013873	-0.015582
0.359800	-0.018756	-0.018756	-0.019244	-0.012408	-0.013140	-0.018756	-0.015338	-0.010943	-0.014361	-0.016558	-0.013629
0.359900	-0.019244	-0.016070	-0.018756	-0.012652	-0.013384	-0.018023	-0.016314	-0.009234	-0.015338	-0.017779	-0.014605
0.360000	-0.018023	-0.015093	-0.019000	-0.016070	-0.013873	-0.019732	-0.013873	-0.008746	-0.016070	-0.015338	-0.017047
0.360100	-0.018023	-0.015093	-0.019244	-0.018511	-0.015093	-0.020220	-0.010943	-0.008990	-0.016070	-0.015826	-0.018756
0.360200	-0.017291	-0.017779	-0.018756	-0.015093	-0.015826	-0.018756	-0.010699	-0.010943	-0.014605	-0.017047	-0.016802
0.360300	-0.017291	-0.017535	-0.016314	-0.011187	-0.015826	-0.017291	-0.013629	-0.016558	-0.013873	-0.017535	-0.015826
0.360400	-0.017047	-0.016070	-0.015093	-0.012408	-0.017047	-0.016070	-0.016070	-0.019732	-0.011920	-0.014605	-0.015826
0.360500	-0.017047	-0.016802	-0.015582	-0.015338	-0.019000	-0.017291	-0.015338	-0.018756	-0.011920	-0.013384	-0.017291
0.360600	-0.016070	-0.017779	-0.015093	-0.015093	-0.017047	-0.016558	-0.015582	-0.017047	-0.010699	-0.014605	-0.015582
0.360700	-0.017291	-0.017291	-0.013873	-0.014605	-0.016558	-0.014605	-0.017535	-0.019000	-0.008990	-0.015826	-0.013629
0.360800	-0.017047	-0.018511	-0.013629	-0.015582	-0.016802	-0.014361	-0.019244	-0.020709	-0.011675	-0.013873	-0.012164
0.360900	-0.015582	-0.018267	-0.014117	-0.017535	-0.016314	-0.015826	-0.018511	-0.018267	-0.014117	-0.012896	-0.011920
0.361000	-0.015826	-0.019000	-0.015338	-0.018511	-0.014117	-0.016802	-0.016070	-0.015093	-0.013629	-0.014117	-0.010943
0.361100	-0.018511	-0.019000	-0.016070	-0.017291	-0.012164	-0.015093	-0.016558	-0.013629	-0.011675	-0.017047	-0.011920
0.361200	-0.020220	-0.019732	-0.017291	-0.016802	-0.011187	-0.014117	-0.017779	-0.014117	-0.012896	-0.016802	-0.012164
0.361300	-0.018756	-0.019244	-0.017291	-0.018023	-0.010699	-0.014361	-0.016314	-0.013384	-0.016070	-0.015582	-0.011675
0.361400	-0.015826	-0.019976	-0.017291	-0.018511	-0.010699	-0.016802	-0.013384	-0.012164	-0.016802	-0.015338	-0.012408
0.361500	-0.016314	-0.017047	-0.016558	-0.015582	-0.011187	-0.016558	-0.012164	-0.011675	-0.016314	-0.017047	-0.015093
0.361600	-0.017047	-0.014605	-0.014117	-0.012408	-0.011675	-0.015826	-0.014605	-0.015582	-0.014361	-0.016314	-0.018023
0.361700	-0.016314	-0.016314	-0.012408	-0.012896	-0.012896	-0.014605	-0.015826	-0.017047	-0.015093	-0.015826	-0.019000
0.361800	-0.014117	-0.019244	-0.011431	-0.015338	-0.013140	-0.014361	-0.015826	-0.016070	-0.015338	-0.014117	-0.016314
0.361900	-0.015093	-0.019244	-0.010943	-0.015338	-0.014117	-0.014117	-0.016558	-0.016558	-0.014361	-0.013140	-0.015093
0.362000	-0.016070	-0.018023	-0.009722	-0.013384	-0.013873	-0.013384	-0.017047	-0.018267	-0.012408	-0.011920	-0.016070
0.362100	-0.017291	-0.016558	-0.009478	-0.012896	-0.012896	-0.013384	-0.018756	-0.021197	-0.014117	-0.011187	-0.016802
0.362200	-0.015093	-0.018511	-0.011187	-0.015338	-0.011920	-0.012652	-0.019244	-0.019976	-0.015582	-0.009478	-0.016558
0.362300	-0.013873	-0.018756	-0.011431	-0.015582	-0.009478	-0.013140	-0.020709	-0.016070	-0.015338	-0.008990	-0.014605
0.362400	-0.016070	-0.017535	-0.012896	-0.014605	-0.009966	-0.013384	-0.020709	-0.014117	-0.013629	-0.008746	-0.014117
0.362500	-0.017535	-0.014605	-0.011920	-0.013384	-0.011187	-0.014361	-0.020220	-0.013629	-0.012652	-0.007769	-0.016070
0.362600	-0.015582	-0.015582	-0.013873	-0.012408	-0.007769	-0.016070	-0.017779	-0.010943	-0.014117	-0.009722	-0.015338
0.362700	-0.014361	-0.015582	-0.014361	-0.010699	-0.004839	-0.017047	-0.016070	-0.009722	-0.014605	-0.012164	-0.015093
0.362800	-0.012408	-0.014361	-0.015338	-0.008746	-0.005816	-0.017291	-0.014117	-0.008990	-0.013629	-0.011431	-0.013140
0.362900	-0.012896	-0.011431	-0.012408	-0.008013	-0.010943	-0.015826	-0.011675	-0.008013	-0.011920	-0.008013	-0.015582
0.363000	-0.011675	-0.011187	-0.010943	-0.006548	-0.012164	-0.015093	-0.008501	-0.007769	-0.012408	-0.007769	-0.015338
0.363100	-0.009722	-0.012408	-0.008746	-0.005816	-0.011920	-0.014117	-0.008501	-0.008257	-0.013873	-0.009478	-0.014117
0.363200	-0.008990	-0.013629	-0.008746	-0.003863	-0.011675	-0.013140	-0.011431	-0.009722	-0.013629	-0.010455	-0.010699
0.363300	-0.008501	-0.011920	-0.008013	-0.006304	-0.013629	-0.012164	-0.013629	-0.010699	-0.013629	-0.007525	-0.010455
0.363400	-0.008746	-0.010943	-0.008013	-0.008013	-0.014605	-0.011187	-0.012652	-0.011431	-0.011675	-0.006792	-0.011675
0.363500	-0.008501	-0.009722	-0.008013	-0.008013	-0.012408	-0.012164	-0.012408	-0.010699	-0.009966	-0.006304	-0.012164
0.363600	-0.008257	-0.011675	-0.009234	-0.006304	-0.008746	-0.012408	-0.013140	-0.011431	-0.008990	-0.007281	-0.010455
0.363700	-0.008501	-0.009478	-0.009722	-0.005816	-0.007525	-0.011920	-0.014117	-0.011675	-0.007769	-0.007037	-0.008501
0.363800	-0.008501	-0.007769	-0.008746	-0.007525	-0.008501	-0.011675	-0.013384	-0.008501	-0.006304	-0.005328	-0.008501
0.363900	-0.008501	-0.006792	-0.009234	-0.008990	-0.006060	-0.010699	-0.009722	-0.004351	-0.005816	-0.005083	-0.009234
0.364000	-0.008257	-0.007525	-0.010455	-0.007769	-0.003374	-0.011920	-0.008746	-0.002398	-0.005083	-0.008013	-0.009234
0.364100	-0.009234	-0.005328	-0.009966	-0.006548	-0.003863	-0.010699	-0.008257	-0.003619	-0.004595	-0.008501	-0.010455
0.364200	-0.010455	-0.007281	-0.010455	-0.006548	-0.007037	-0.010455	-0.008746	-0.003619	-0.004595	-0.007769	-0.008746
0.364300	-0.009722	-0.006304	-0.008990	-0.008501	-0.008746	-0.010455	-0.005083	-0.004107	-0.007281	-0.007037	-0.009478
0.364400	-0.008257	-0.006304	-0.009478	-0.007037	-0.008990	-0.009722	-0.004595	-0.005328	-0.007281	-0.009478	-0.009234
0.364500	-0.007525	-0.006792	-0.008990	-0.004107	-0.008501	-0.008746	-0.007037	-0.007525	-0.008013	-0.009722	-0.009722
0.364600	-0.008013	-0.008013	-0.008013	-0.004351	-0.010943	-0.008013	-0.009234	-0.010699	-0.007281	-0.008257	-0.008501
0.364700	-0.008501	-0.008013	-0.007281	-0.006060	-0.010943	-0.008257	-0.008746	-0.010699	-0.006304	-0.006792	-0.008501
0.364800	-0.008257	-0.010699	-0.006792	-0.006792	-0.010699	-0.007769	-0.009234	-0.009966	-0.005816	-0.006548	-0.006304
0.364900	-0.007525	-0.011187	-0.004107	-0.006304	-0.009478	-0.007769	-0.010455	-0.010699	-0.004839	-0.006792	-0.004351
0.365000	-0.008746	-0.010699	-0.000201	-0.006304	-0.006792	-0.006304	-0.011675	-0.011187	-0.003863	-0.006304	-0.002642
0.365100	-0.008990	-0.008746	-0.001910	-0.007769	-0.004595	-0.007037	-0.010699	-0.010455	-0.003374	-0.004839	-0.003374
0.365200	-0.009966	-0.008501	-0.005328	-0.010455	-0.002642	-0.006060	-0.008990	-0.006304	-0.003619	-0.006060	-0.003863
0.365300	-0.008746	-0.008990	-0.007281	-0.009722	-0.000201	-0.006060	-0.007037	-0.003619	-0.004595	-0.006304	-0.004595
0.365400	-0.008746	-0.008746	-0.005328	-0.008746	-0.000689	-0.005328	-0.006548	-0.004107	-0.005816	-0.007525	-0.004107
0.365500	-0.010699	-0.008501	-0.005328	-0.008257	-0.000201	-0.006060	-0.004595	-0.005816	-0.006792	-0.007525	-0.006060
0.365600	-0.010455	-0.008501	-0.008257	-0.008746	-0.002154	-0.005083	-0.004595	-0.005083	-0.008501	-0.007769	-0.007281
0.365700	-0.008746	-0.008990	-0.008501	-0.006792	-0.002642	-0.004351	-0.003619	-0.006304	-0.009966	-0.007037	-0.007525
0.365800	-0.008257	-0.008990	-0.006304	-0.006060	-0.008257	-0.004595	-0.004107	-0.007769	-0.008990	-0.005816	-0.007281
0.365900	-0.008013	-0.008013	-0.004839	-0.004107	-0.008257	-0.004839	-0.005083	-0.010455	-0.008746	-0.004107	-0.007037
0.366000	-0.007525	-0.008013	-0.003619	-0.003130	-0.006060	-0.008746	-0.006304	-0.010699	-0.008257	-0.001665	-0.007281
0.366100	-0.007037	-0.008013	-0.004595	-0.001910	-0.003374	-0.010943	-0.007281	-0.011431	-0.007525	-0.000201	-0.006792
0.366200	-0.005328	-0.008257	-0.002642	-0.001665	-0.004107	-0.007769	-0.008501	-0.010455	-0.006304	-0.000445	-0.004351
0.366300	-0.004839	-0.006304	-0.001177	0.000044	-0.003863	-0.004351	-0.008746	-0.009234	-0.004595	0.001264	-0.003619
0.366400	-0.003863	-0.005083	-0.002398	-0.001177	-0.001910	-0.005083	-0.007769	-0.007037	-0.004107	0.002729	-0.003374
0.366500	-0.003374	-0.005083	-0.004839	-0.001177	0.001020	-0.007525	-0.006304	-0.004839	-0.003619	0.001997	-0.002886
0.366600	-0.001910	-0.004107	-0.005083	-0.001421	0.002241	-0.006548	-0.005083	-0.001910	-0.003619	0.001020	-0.002398
0.366700	-0.001910	-0.003619	-0.002886	0.001264	0.001508	-0.004107	-0.004595	0.000288	-0.004107	0.000044	-0.002154
0.366800	-0.001910	-0.002154	-0.002886	0.002485	0.001508	-0.003619	-0.003863	0.001508	-0.004595	0.000776	-0.003130
0.366900	-0.001177	-0.001177	-0.005083	0.002729	0.004194	-0.005083	-0.000201	0.004438	-0.005816	0.001264	-0.004351
0.367000	0.000288	-0.000201	-0.006304	0.004438	0.003950	-0.006060	0.001020	0.005659	-0.004107	0.001020	-0.004351
0.367100	0.002241	0.000532	-0.003130	0.006147	0.001753	-0.003863	0.001264	0.004438	-0.004595	0.000532	-0.004595
0.367200	0.004438	0.001508	-0.000445	0.007368	-0.000201	-0.001910	0.000532	0.002485	-0.003863	0.001753	-0.003130
0.367300	0.006147	0.002973	0.000532	0.006880	0.001264	-0.003863	0.001020	0.002729	-0.002398	0.003217	-0.003374
0.367400	0.007124	0.003462	0.001753	0.007124	0.001753	-0.004107	0.001264	0.001997	-0.000445	0.004682	-0.002398
0.367500	0.005415	0.004194	0.001997	0.007124	0.001753	-0.000689	-0.000445	0.001997	0.005903	0.004682	-0.000689
0.367600	0.001753	0.004926	0.001997	0.007368	-0.000201	0.002485	-0.001177	0.000776	0.009321	0.004682	0.000532
0.367700	0.001753	0.005903	0.002485	0.006880	0.000776	0.002241	-0.001421	0.001753	0.006391	0.005659	0.001264
0.367800	0.005171	0.005903	0.001997	0.005903	0.002729	0.001753	-0.000689	0.002729	0.003950	0.005659	0.002241
0.367900	0.005171	0.007124	0.000288	0.005171	0.005171	0.001997	0.000288	0.004682	0.005659	0.003217	0.002485
0.368000	0.002241	0.007368	-0.000445	0.005659	0.004926	0.004438	0.000776	0.005415	0.007856	0.003950	0.002973
0.368100	0.000776	0.007612	-0.001665	0.005415	0.006147	0.005171	0.001753	0.006880	0.005903	0.002973	0.002485
0.368200	0.001997	0.002729	-0.001177	0.005171	0.006391	0.003462	0.004438	0.007612	0.003217	0.002729	0.003217
0.368300	0.002729	0.001020	0.001753	0.005659	0.006635	0.002485	0.005659	0.009321	0.003950	0.001997	0.008100
0.368400	0.002241	0.004926	0.004438	0.005659	0.005903	0.003217	0.006147	0.008589	0.005659	0.001997	0.008589
0.368500	0.001264	0.006635	0.002485	0.006391	0.005659	0.003217	0.007368	0.006391	0.005659	0.001753	0.003950
0.368600	0.003217	0.004926	0.001753	0.005903	0.004682	0.003462	0.006880	0.004438	0.002729	0.002973	0.001997
0.368700	0.005415	0.001264	0.003462	0.005903	0.003217	0.004926	0.006880	0.002485	0.003217	0.002241	0.004682
0.368800	0.004926	0.001997	0.006635	0.005171	0.002729	0.006391	0.005415	0.000776	0.005171	0.003217	0.006147
0.368900	0.002241	0.002973	0.006391	0.005415	0.002241	0.007856	0.003950	-0.000201	0.006147	0.002729	0.005171
0.369000	0.002485	0.002973	0.005171	0.003462	0.002729	0.010053	0.002729	-0.002154	0.004438	0.002973	0.003462
0.369100	0.004682	0.000288	0.004194	0.003217	0.004682	0.009809	0.002241	-0.001910	0.002241	0.002485	0.004194
0.369200	0.003462	-0.000689	0.004194	0.002485	0.005903	0.010053	0.001997	-0.000201	0.002729	0.001997	0.005415
0.369300	0.001020	0.001997	0.002973	0.002241	0.005903	0.008100	0.002485	-0.000445	0.004438	0.006391	0.003950
0.369400	-0.000689	0.002485	0.000288	0.000776	0.006391	0.004682	0.003217	0.001753	0.003217	0.008833	0.000776
0.369500	0.001264	0.000776	-0.001177	0.000776	0.009321	0.003950	0.005171	0.002973	0.001020	0.005171	-0.000445
0.369600	0.001997	0.000288	0.001264	0.000776	0.009809	0.004682	0.004926	0.003462	0.000288	0.001508	0.001020
0.369700	0.001264	0.001997	0.001997	0.000532	0.008833	0.004194	0.000532	0.004682	0.002485	0.002485	-0.000201
0.369800	0.000776	0.002973	0.000776	0.001997	0.007612	0.002485	0.002485	0.002729	0.001508	0.005659	-0.004107
0.369900	0.001997	0.002485	0.000532	0.003950	0.006880	0.001264	0.006147	0.002241	0.001508	0.005659	-0.005328
0.370000	0.002973	0.001264	0.002241	0.006880	0.005171	0.002973	0.006391	0.000532	0.001264	0.004194	-0.004595
0.370100	0.005171	0.002241	0.004682	0.011274	0.005171	0.003950	0.003217	-0.000689	0.001753	0.004194	-0.002398
0.370200	0.005659	0.004438	0.006391	0.008833	0.002973	0.004682	0.001264	-0.002154	0.000776	0.006635	-0.002398
0.370300	0.006880	0.004438	0.005415	0.006880	0.002485	0.003462	0.001264	0.002241	0.001508	0.006635	-0.001665
0.370400	0.007124	0.002973	0.005415	0.007124	0.003217	0.005415	0.000532	0.004438	0.001020	0.006880	-0.001421
0.370500	0.007124	0.001997	0.005903	0.009565	0.005903	0.007124	-0.001421	0.002973	0.001508	0.005415	0.001753
0.370600	0.007856	0.004194	0.006147	0.008833	0.005903	0.007368	-0.001910	0.001997	0.001020	0.007124	0.002729
0.370700	0.007612	0.005659	0.006391	0.006391	0.007612	0.004194	0.000776	0.005415	0.001508	0.009077	0.002973
0.370800	0.007856	0.007612	0.005171	0.005659	0.010786	0.004438	0.005171	0.009321	0.005171	0.008100	0.002485
0.370900	0.005659	0.009321	0.005903	0.007856	0.011762	0.004926	0.005659	0.011518	0.008100	0.005903	0.001508
0.371000	0.004682	0.010542	0.005903	0.010542	0.011762	0.006635	0.005659	0.010298	0.007612	0.007124	0.001020
0.371100	0.007612	0.011518	0.005903	0.009321	0.010542	0.004438	0.007856	0.010542	0.005171	0.010053	0.000776
0.371200	0.010298	0.013716	0.006635	0.009077	0.009077	0.004682	0.011274	0.012251	0.005659	0.009321	0.001508
0.371300	0.009077	0.013227	0.007124	0.012495	0.007612	0.005171	0.011274	0.011274	0.008833	0.008100	0.001264
0.371400	0.008833	0.014936	0.008833	0.015669	0.006880	0.007368	0.009077	0.007856	0.008833	0.008833	0.002485
0.371500	0.010053	0.011518	0.009809	0.014692	0.006635	0.007368	0.006147	0.006147	0.007124	0.012007	0.003462
0.371600	0.012007	0.008833	0.008833	0.013472	0.006391	0.008589	0.007612	0.007124	0.006635	0.012251	0.009321
0.371700	0.012495	0.010053	0.010053	0.014448	0.006391	0.007856	0.007612	0.008100	0.009809	0.012251	0.012251
0.371800	0.010542	0.014448	0.012251	0.016890	0.007368	0.010298	0.007368	0.007124	0.011762	0.013716	0.010542
0.371900	0.009809	0.012739	0.011762	0.015913	0.009077	0.010786	0.006880	0.006391	0.012251	0.013472	0.009565
0.372000	0.010786	0.012739	0.008833	0.012495	0.011274	0.011762	0.008589	0.010053	0.012007	0.013716	0.010298
0.372100	0.012251	0.012007	0.008833	0.011030	0.012007	0.011518	0.010542	0.011762	0.013472	0.012739	0.013227
0.372200	0.011518	0.013716	0.009321	0.011762	0.011518	0.013227	0.012739	0.014448	0.014448	0.011030	0.011274
0.372300	0.009321	0.015669	0.007612	0.011274	0.010542	0.013227	0.014692	0.013960	0.013960	0.010298	0.010298
0.372400	0.010786	0.014692	0.006635	0.010053	0.011762	0.013227	0.014692	0.012495	0.010786	0.009809	0.009321
0.372500	0.011030	0.011762	0.005171	0.011274	0.015181	0.013227	0.015425	0.014448	0.010053	0.007368	0.010786
0.372600	0.009565	0.012007	0.005903	0.010542	0.013960	0.013227	0.015425	0.013227	0.011274	0.008589	0.010053
0.372700	0.009321	0.013227	0.006880	0.009077	0.009565	0.014204	0.015181	0.009565	0.010786	0.011274	0.008589
0.372800	0.010053	0.011030	0.009321	0.009321	0.007124	0.014204	0.014692	0.008833	0.009809	0.009809	0.006880
0.372900	0.009809	0.009565	0.010053	0.009809	0.008589	0.011762	0.013716	0.007612	0.008100	0.008589	0.008589
0.373000	0.009565	0.010786	0.007612	0.007612	0.006880	0.012007	0.008833	0.003217	0.009077	0.009077	0.011274
0.373100	0.007612	0.011274	0.010786	0.006147	0.004926	0.013472	0.006147	0.001997	0.010786	0.009565	0.010786
0.373200	0.006391	0.009809	0.010053	0.004194	0.005415	0.014204	0.006880	0.002973	0.010786	0.009321	0.008589
0.373300	0.006147	0.005903	0.007856	0.001997	0.005903	0.011762	0.006147	-0.000201	0.010298	0.007368	0.007856
0.373400	0.006391	0.004682	0.006880	0.005171	0.006880	0.011030	0.004926	0.001753	0.008589	0.003462	0.009321
0.373500	0.005659	0.004194	0.006147	0.004682	0.006391	0.009809	0.003462	0.002241	0.007856	0.003950	0.008100
0.373600	0.004682	0.005659	0.002973	0.001508	0.003950	0.009565	0.003950	0.003462	0.006391	0.005171	0.006147
0.373700	0.003462	0.004682	0.001997	-0.000445	0.005171	0.007856	0.004438	0.006147	0.005659	0.004194	0.004682
0.373800	0.002973	0.002729	0.001753	0.001997	0.007368	0.006391	0.006147	0.006147	0.004438	0.000532	0.003950
0.373900	0.003950	0.002729	0.000532	0.001508	0.006635	0.004926	0.004194	0.002973	0.002729	0.000288	0.003462
0.374000	0.004682	0.002485	0.002485	0.001508	0.002241	0.005659	0.004438	0.001264	0.002729	0.001264	0.001753
0.374100	0.004682	0.002729	0.004926	0.001508	0.001508	0.004194	0.006147	0.002729	0.001508	0.001997	0.001508
0.374200	0.005903	0.004194	0.005659	0.003217	0.002241	0.003462	0.006147	0.001264	0.000044	0.001753	0.000044
0.374300	0.006391	0.004682	0.005659	0.003462	0.002241	0.003217	0.002485	-0.001910	0.000532	0.002973	0.001753
0.374400	0.005659	0.003950	0.006635	0.003462	-0.000689	0.002729	0.000044	-0.004595	0.001997	0.004194	0.001508
0.374500	0.005903	0.003950	0.006147	0.000776	-0.001177	0.003217	0.000044	-0.005083	0.002973	0.004682	0.001264
0.374600	0.007124	0.003217	0.006635	0.001508	0.000044	0.003950	-0.000445	-0.002886	0.001508	0.004438	0.000776
0.374700	0.006635	0.002973	0.007368	0.003950	0.001753	0.001264	-0.000689	-0.001910	0.001508	0.002485	0.001508
0.374800	0.004926	0.004926	0.007124	0.004438	0.001753	0.002485	-0.001177	-0.001177	0.000776	0.003217	0.001020
0.374900	0.002973	0.006635	0.002973	0.001753	0.002729	0.004438	-0.000445	0.001508	0.000776	0.004926	0.000044
0.375000	0.002729	0.005171	-0.003130	-0.000201	0.003462	0.000776	0.001264	0.002729	0.001264	0.005171	-0.001910
0.375100	0.002729	0.005659	-0.002642	0.001020	0.003950	0.000288	0.003217	0.005171	0.000288	0.003462	-0.001665
0.375200	0.003217	0.006391	0.001264	0.002729	0.003950	0.001020	0.003217	0.003950	0.000532	0.003217	-0.001665
0.375300	0.004682	0.006635	0.002485	0.004438	0.001753	-0.001665	0.005171	0.004682	0.000776	0.003950	-0.002642
0.375400	0.004682	0.009565	0.001997	0.004926	0.001020	0.001020	0.007124	0.005903	0.001264	0.004682	-0.004351
0.375500	0.005903	0.008589	0.001020	0.005903	-0.000689	0.001508	0.006635	0.004194	0.002241	0.006391	-0.002886
0.375600	0.006880	0.007124	0.001997	0.006880	-0.002398	0.001264	0.004926	0.003462	0.002973	0.006147	-0.001421
0.375700	0.006880	0.006147	0.004926	0.007124	-0.003619	0.000288	0.004194	0.000776	0.004682	0.005903	0.000288
0.375800	0.007368	0.005659	0.004194	0.006880	0.000044	0.001997	0.003217	0.000532	0.003462	0.005171	0.000044
0.375900	0.007368	0.004926	0.003217	0.006147	0.000288	0.001264	0.002973	0.001508	0.002485	0.004926	0.001997
0.376000	0.004926	0.005659	0.004682	0.005171	-0.001421	0.005659	0.003950	0.002485	0.000532	0.002973	0.002973
0.376100	0.002241	0.004194	0.005415	0.001997	-0.002886	0.010053	0.001264	0.002241	0.001508	0.002973	0.003462
0.376200	-0.000201	0.002729	0.003462	-0.000201	-0.001421	0.009077	0.001020	0.002241	0.001508	0.001997	0.004682
0.376300	-0.002886	0.001997	-0.000689	-0.001910	0.000044	0.004194	0.002729	0.003217	0.000532	0.000532	0.002973
0.376400	-0.002886	-0.000201	-0.001177	-0.002886	-0.000445	0.001753	0.003462	0.002241	-0.000689	-0.002154	-0.000201
0.376500	-0.004351	-0.000201	0.000044	-0.002642	-0.002886	0.002973	0.003462	0.002973	-0.001177	-0.004595	-0.001177
0.376600	-0.004107	0.000044	-0.000445	-0.003374	-0.004107	0.002729	0.003950	0.002485	-0.001910	-0.004595	-0.003130
0.376700	-0.005083	-0.000689	-0.004839	-0.004107	-0.005083	-0.000201	0.003950	0.001264	-0.002398	-0.004351	-0.004595
0.376800	-0.005083	-0.003130	-0.004839	-0.005816	-0.006548	-0.001910	0.002973	-0.001177	-0.001421	-0.006060	-0.003619
0.376900	-0.006548	-0.005328	-0.004351	-0.004595	-0.009966	-0.002398	0.000044	-0.004351	-0.001665	-0.008501	-0.002886
0.377000	-0.006792	-0.007769	-0.003130	-0.006304	-0.012164	-0.002642	-0.003130	-0.008013	-0.003130	-0.009722	-0.004351
0.377100	-0.007525	-0.008013	-0.003374	-0.006060	-0.012164	-0.004839	-0.004595	-0.009234	-0.004107	-0.008746	-0.004351
0.377200	-0.008746	-0.009234	-0.004107	-0.007525	-0.011675	-0.006060	-0.005816	-0.009722	-0.004839	-0.008746	-0.005083
0.377300	-0.011431	-0.009966	-0.004839	-0.008501	-0.012896	-0.003863	-0.008013	-0.011920	-0.006792	-0.009478	-0.005328
0.377400	-0.012408	-0.012164	-0.005816	-0.011187	-0.012896	-0.002154	-0.010943	-0.012896	-0.006548	-0.009478	-0.005083
0.377500	-0.012164	-0.012408	-0.006304	-0.012164	-0.011920	-0.004839	-0.012164	-0.013873	-0.010943	-0.009966	-0.005083
0.377600	-0.007037	-0.013629	-0.006792	-0.013140	-0.009234	-0.008257	-0.011431	-0.013140	-0.013384	-0.011187	-0.006548
0.377700	-0.007769	-0.014117	-0.007769	-0.011920	-0.007769	-0.010455	-0.009966	-0.011675	-0.011675	-0.011187	-0.006548
0.377800	-0.012164	-0.012896	-0.007525	-0.011187	-0.007769	-0.008746	-0.008990	-0.009966	-0.008501	-0.011187	-0.006792
0.377900	-0.012408	-0.013384	-0.008013	-0.010699	-0.007525	-0.009478	-0.007769	-0.009478	-0.009478	-0.010455	-0.006548
0.378000	-0.009722	-0.011431	-0.009478	-0.010699	-0.006548	-0.011431	-0.007037	-0.008501	-0.012164	-0.010943	-0.006792
0.378100	-0.008257	-0.012164	-0.007769	-0.009478	-0.006060	-0.014361	-0.006060	-0.008013	-0.011431	-0.009234	-0.005083
0.378200	-0.008257	-0.007525	-0.007037	-0.008257	-0.006792	-0.011920	-0.007525	-0.009234	-0.008990	-0.009722	-0.008746
0.378300	-0.008746	-0.004351	-0.008501	-0.006304	-0.007769	-0.011675	-0.007769	-0.010455	-0.009966	-0.008746	-0.012652
0.378400	-0.008257	-0.006792	-0.008746	-0.005083	-0.008013	-0.009966	-0.008013	-0.010699	-0.011920	-0.007525	-0.013384
0.378500	-0.006548	-0.008746	-0.006304	-0.004595	-0.007769	-0.008990	-0.008013	-0.010943	-0.011675	-0.005328	-0.009722
0.378600	-0.005816	-0.007281	-0.003130	-0.004595	-0.007037	-0.007525	-0.008746	-0.011920	-0.009234	-0.003619	-0.006792
0.378700	-0.008501	-0.004107	-0.003863	-0.002886	-0.005816	-0.008501	-0.010455	-0.011675	-0.007037	-0.001910	-0.008990
0.378800	-0.005083	-0.004351	-0.005328	-0.002886	-0.004595	-0.009478	-0.010943	-0.010943	-0.008013	-0.000201	-0.008257
0.378900	-0.002642	-0.005328	-0.004839	-0.002398	-0.001910	-0.010699	-0.009234	-0.008013	-0.007525	0.000532	-0.007037
0.379000	-0.003130	-0.004839	-0.002642	-0.000689	-0.001421	-0.009722	-0.008013	-0.005816	-0.003619	0.001753	-0.003863
0.379100	-0.005083	-0.002154	-0.002398	-0.000201	-0.000445	-0.009478	-0.005083	-0.002642	-0.001421	0.002485	-0.005083
0.379200	-0.005816	-0.001421	-0.005328	0.000288	-0.000445	-0.007525	-0.005083	0.000532	-0.002642	0.002485	-0.006304
0.379300	-0.003619	-0.002398	-0.004351	0.001753	0.000044	-0.006792	-0.002642	0.001264	-0.003619	-0.001177	-0.005328
0.379400	-0.002398	-0.002154	-0.002154	0.001264	0.000044	-0.002398	-0.002154	0.001753	-0.002886	-0.003374	-0.002886
0.379500	-0.003130	0.000776	-0.000689	0.001753	-0.001665	-0.001665	-0.001665	0.002729	-0.001910	-0.001910	-0.003130
0.379600	-0.003863	0.001753	-0.001910	0.003217	-0.003619	-0.001910	0.000776	0.001508	-0.003130	0.001264	-0.005083
0.379700	-0.002154	-0.001665	-0.002154	0.003950	-0.005083	-0.002886	0.004438	0.000532	-0.004839	0.000044	-0.005328
0.379800	-0.000689	-0.002886	0.000044	0.004194	-0.004839	-0.001421	0.002485	0.001264	-0.003619	-0.002886	-0.003619
0.379900	-0.001421	-0.002154	0.002729	0.004438	-0.007525	0.000044	-0.002154	-0.000689	-0.002398	-0.003619	-0.002642
0.380000	-0.002642	-0.000689	0.002485	0.000044	-0.008746	-0.000445	-0.004595	-0.002398	-0.001665	-0.002398	-0.002398
0.380100	-0.003130	-0.002642	-0.000201	-0.004839	-0.009478	-0.003130	-0.003863	-0.001910	-0.000445	-0.002642	-0.003374
0.380200	-0.004595	-0.005083	-0.001177	-0.005816	-0.008257	-0.003374	-0.003619	-0.002398	-0.001421	-0.004839	-0.001177
0.380300	-0.006304	-0.006792	-0.001177	-0.003130	-0.008013	-0.001910	-0.006548	-0.006060	-0.001177	-0.005816	-0.001177
0.380400	-0.009234	-0.006792	-0.002886	-0.007037	-0.008257	-0.001910	-0.008257	-0.008257	-0.000689	-0.005816	-0.002886
0.380500	-0.010699	-0.008013	-0.005083	-0.011431	-0.008990	-0.005816	-0.007281	-0.006060	-0.001665	-0.006792	-0.005328
0.380600	-0.012896	-0.009478	-0.007281	-0.012652	-0.010943	-0.006304	-0.006060	-0.004595	-0.003863	-0.010943	-0.006060
0.380700	-0.013873	-0.010699	-0.008501	-0.012408	-0.011431	-0.005328	-0.007769	-0.005083	-0.005083	-0.013140	-0.006304
0.380800	-0.016314	-0.011675	-0.010455	-0.012652	-0.012896	-0.006548	-0.009234	-0.008990	-0.009234	-0.011431	-0.008746
0.380900	-0.012896	-0.012408	-0.010943	-0.013629	-0.013629	-0.010699	-0.008746	-0.011675	-0.012408	-0.009722	-0.010455
0.381000	-0.011675	-0.014117	-0.009966	-0.013873	-0.014361	-0.012408	-0.008013	-0.011920	-0.012896	-0.011920	-0.011675
0.381100	-0.013384	-0.014361	-0.009966	-0.012164	-0.014361	-0.013140	-0.010455	-0.012652	-0.009478	-0.016070	-0.013140
0.381200	-0.016070	-0.016070	-0.009722	-0.011431	-0.017047	-0.012408	-0.014117	-0.015826	-0.009722	-0.016314	-0.013140
0.381300	-0.014117	-0.017535	-0.009966	-0.013140	-0.018023	-0.011675	-0.016558	-0.018023	-0.012408	-0.014117	-0.012896
0.381400	-0.013629	-0.018267	-0.009478	-0.015582	-0.018511	-0.013140	-0.016314	-0.018023	-0.013873	-0.013629	-0.011431
0.381500	-0.015582	-0.017779	-0.010699	-0.014605	-0.017291	-0.014117	-0.017535	-0.018511	-0.013140	-0.015093	-0.013384
0.381600	-0.018267	-0.015826	-0.010455	-0.013140	-0.016314	-0.012652	-0.020465	-0.021197	-0.013140	-0.013629	-0.015582
0.381700	-0.018267	-0.016314	-0.009966	-0.015338	-0.013873	-0.013873	-0.020953	-0.021197	-0.014605	-0.014117	-0.018511
0.381800	-0.018267	-0.018756	-0.011920	-0.017535	-0.012408	-0.014361	-0.019000	-0.017535	-0.015826	-0.013384	-0.017047
0.381900	-0.016802	-0.018756	-0.013140	-0.017535	-0.010455	-0.014605	-0.017535	-0.013629	-0.015582	-0.012652	-0.014361
0.382000	-0.018023	-0.016802	-0.013873	-0.014361	-0.009966	-0.014117	-0.015582	-0.014117	-0.013140	-0.011431	-0.016558
0.382100	-0.017779	-0.014361	-0.013873	-0.013140	-0.008013	-0.016314	-0.014605	-0.016070	-0.013873	-0.010455	-0.020465
0.382200	-0.017047	-0.015093	-0.013384	-0.013140	-0.008746	-0.016314	-0.013873	-0.014117	-0.014605	-0.010455	-0.021441
0.382300	-0.015093	-0.014117	-0.013140	-0.011675	-0.007281	-0.016558	-0.013140	-0.011431	-0.013384	-0.009234	-0.018511
0.382400	-0.014117	-0.012652	-0.010699	-0.009234	-0.010455	-0.015826	-0.013384	-0.011431	-0.010699	-0.008501	-0.017047
0.382500	-0.012652	-0.010943	-0.009722	-0.006060	-0.013384	-0.014605	-0.012896	-0.014117	-0.009478	-0.006792	-0.018267
0.382600	-0.010699	-0.010699	-0.008746	-0.004351	-0.013140	-0.013384	-0.013140	-0.013873	-0.010455	-0.006792	-0.017535
0.382700	-0.007525	-0.011675	-0.009234	-0.002398	-0.008746	-0.013384	-0.013140	-0.013629	-0.009478	-0.007281	-0.014605
0.382800	-0.006548	-0.009722	-0.007769	-0.001421	-0.006792	-0.012408	-0.013873	-0.011920	-0.008257	-0.006304	-0.011675
0.382900	-0.006548	-0.008013	-0.005328	-0.000201	-0.008013	-0.010699	-0.013384	-0.009234	-0.006060	-0.001910	-0.010699
0.383000	-0.006060	-0.006792	-0.005083	0.001753	-0.007037	-0.008990	-0.008990	-0.006548	-0.005816	0.000532	-0.009966
0.383100	-0.003619	-0.007525	-0.005328	0.003462	-0.002398	-0.008257	-0.005816	-0.004839	-0.004595	0.000044	-0.007281
0.383200	-0.003130	-0.006792	-0.005083	0.004682	0.000288	-0.007525	-0.004595	-0.001665	-0.003374	-0.000445	-0.004351
0.383300	-0.003374	-0.004107	-0.005328	0.002973	0.000532	-0.006548	-0.005083	0.001020	-0.001910	0.001264	-0.004107
0.383400	-0.002398	-0.002154	-0.005083	0.000776	-0.000201	-0.005816	-0.002398	0.003950	0.000532	0.003217	-0.005816
0.383500	-0.001665	-0.002154	-0.004595	0.001997	0.001264	-0.006792	0.000044	0.005415	0.000532	0.001508	-0.006060
0.383600	-0.000445	-0.000445	-0.005083	0.004682	0.002973	-0.005083	0.002241	0.005659	0.002241	0.000044	-0.004595
0.383700	0.000532	0.001020	-0.004107	0.007124	0.000776	-0.004839	0.001997	0.002241	0.002241	0.001508	-0.003374
0.383800	0.001753	0.003950	-0.002886	0.005171	-0.001910	-0.001665	0.002485	0.000776	0.002973	0.002973	-0.002642
0.383900	0.002485	0.003462	-0.001177	0.004682	-0.001665	-0.000201	0.002485	0.001997	0.002729	0.001997	-0.002642
0.384000	0.002485	0.003462	-0.002398	0.005171	0.000288	-0.000201	0.001997	0.003217	0.003217	0.000776	-0.001421
0.384100	0.002729	0.002485	0.000532	0.006880	-0.001421	0.000288	-0.001177	-0.000201	0.004194	0.001020	-0.000689
0.384200	0.001508	0.001264	0.000532	0.004926	-0.003619	0.001264	-0.001665	-0.001665	0.005171	0.002241	0.001020
0.384300	-0.000689	0.001264	0.001020	0.001264	-0.004595	0.001997	-0.001177	-0.001177	0.003462	0.002973	0.002241
0.384400	-0.000201	0.000044	-0.001421	0.001753	-0.001665	0.001997	0.000044	-0.000689	0.002485	0.001997	0.002241
0.384500	-0.000445	-0.000201	-0.000689	0.001753	-0.000689	0.001264	-0.002154	-0.000201	0.002729	0.001264	0.003950
0.384600	-0.002642	-0.000689	-0.003619	0.001020	0.000288	0.000532	-0.003130	-0.000445	0.003217	0.000532	0.003217
0.384700	-0.003130	-0.001421	-0.005083	-0.001177	0.000776	0.000288	-0.001665	0.001020	0.003462	0.000288	0.001997
0.384800	-0.003619	-0.002154	-0.004595	-0.000201	0.002485	-0.000201	0.001020	0.002729	0.002973	-0.001177	-0.000201
0.384900	-0.003130	-0.001910	-0.003130	0.001020	0.002729	-0.000689	0.002485	0.003950	0.001753	-0.002398	0.000776
0.385000	-0.001910	-0.000445	0.000776	0.001508	0.002973	0.000288	0.002729	0.001508	0.001997	-0.001665	0.001264
0.385100	-0.002642	0.001997	0.002241	0.001020	0.002485	0.001264	0.004926	0.000288	0.002241	-0.000689	-0.001421
0.385200	-0.001421	0.001753	0.000044	0.001264	0.002485	0.001753	0.004194	0.001020	0.001264	-0.000689	0.000776
0.385300	0.000532	0.001020	-0.001177	0.001997	0.001997	0.001753	0.003462	-0.000201	0.000288	0.001020	0.001264
0.385400	0.001508	0.000044	0.002241	0.003462	0.001997	0.003950	0.002973	-0.001177	0.001264	0.001264	0.002241
0.385500	0.000532	0.001508	0.004926	0.003950	0.002485	0.003950	0.001753	-0.003863	0.001997	0.002729	0.001997
0.385600	0.001508	0.000288	0.003950	0.002485	0.002973	0.005659	0.001508	-0.003374	0.002485	0.004194	0.001997
0.385700	0.001508	-0.000201	0.001264	0.002729	0.004682	0.006635	0.001264	-0.003130	0.001264	0.005171	0.001997
0.385800	0.002241	-0.000689	0.001264	0.004926	0.004682	0.006391	0.001508	-0.001177	0.003950	0.006147	0.002241
0.385900	0.001753	-0.000201	0.003950	0.005903	0.004438	0.006147	0.002485	-0.000689	0.003950	0.008100	0.002973
0.386000	0.002241	0.000288	0.003462	0.006391	0.009321	0.003462	0.003950	0.001264	0.005415	0.010298	0.002729
0.386100	0.004194	0.002973	0.001753	0.006635	0.012495	0.000044	0.005659	0.004194	0.004438	0.011274	0.001508
0.386200	0.004682	0.003462	0.002973	0.008100	0.012251	0.002973	0.008589	0.006391	0.004194	0.010786	0.001997
0.386300	0.005415	0.006147	0.006147	0.009809	0.010053	0.007124	0.008100	0.007856	0.005659	0.011274	0.001753
0.386400	0.006880	0.008589	0.006147	0.011518	0.011030	0.006880	0.009809	0.009321	0.006635	0.011518	0.002241
0.386500	0.008833	0.009077	0.005171	0.013227	0.011518	0.004926	0.011518	0.009077	0.006880	0.013716	0.002241
0.386600	0.010786	0.010786	0.005415	0.015425	0.013227	0.005171	0.012007	0.010542	0.006635	0.012739	0.004926
0.386700	0.013716	0.010053	0.009809	0.017134	0.010786	0.007124	0.012007	0.009321	0.008100	0.013716	0.004682
0.386800	0.015425	0.011518	0.012007	0.019819	0.012007	0.009565	0.011518	0.010542	0.009077	0.014448	0.005903
0.386900	0.016890	0.012495	0.011518	0.018599	0.013716	0.009809	0.012251	0.010786	0.011274	0.016645	0.006147
0.387000	0.016890	0.012739	0.011762	0.019575	0.014936	0.010053	0.011518	0.012251	0.011274	0.017866	0.008589
0.387100	0.017866	0.012251	0.013716	0.019087	0.014936	0.012739	0.012007	0.013716	0.013227	0.018110	0.010053
0.387200	0.018354	0.013960	0.015669	0.018843	0.014692	0.015181	0.011518	0.014204	0.012251	0.018599	0.010542
0.387300	0.019819	0.015425	0.015181	0.016890	0.015669	0.014692	0.013960	0.014692	0.013716	0.018843	0.012251
0.387400	0.019575	0.016401	0.015425	0.015913	0.017134	0.013472	0.014936	0.017866	0.013227	0.018843	0.013472
0.387500	0.018110	0.016890	0.013716	0.015425	0.016157	0.015669	0.016401	0.018843	0.016401	0.018110	0.013960
0.387600	0.013227	0.017866	0.013716	0.015181	0.014936	0.018110	0.015913	0.019331	0.019575	0.015425	0.013716
0.387700	0.011518	0.018354	0.012251	0.015181	0.013227	0.017134	0.016157	0.018843	0.017378	0.015425	0.011274
0.387800	0.015913	0.018110	0.012007	0.012739	0.013472	0.013472	0.017134	0.018599	0.013227	0.014204	0.010298
0.387900	0.017134	0.019575	0.011274	0.013472	0.012495	0.013472	0.018110	0.018354	0.013716	0.012251	0.009565
0.388000	0.014692	0.019087	0.011518	0.014448	0.010298	0.014204	0.017134	0.016157	0.014936	0.010786	0.009077
0.388100	0.012739	0.019087	0.011762	0.014204	0.009077	0.014936	0.015669	0.012495	0.015181	0.011762	0.010298
0.388200	0.014692	0.014448	0.012251	0.013716	0.009321	0.013716	0.015181	0.011030	0.012739	0.011762	0.012007
0.388300	0.014936	0.009565	0.015181	0.011518	0.008100	0.013716	0.013716	0.011030	0.012007	0.011274	0.017866
0.388400	0.013472	0.010542	0.016890	0.011274	0.008100	0.014204	0.012495	0.010298	0.013227	0.011030	0.019575
0.388500	0.011030	0.012251	0.014692	0.010053	0.007124	0.014936	0.011030	0.007368	0.012739	0.011030	0.015425
0.388600	0.011518	0.011274	0.012007	0.006880	0.008833	0.015181	0.011030	0.007856	0.010053	0.010053	0.013227
0.388700	0.012495	0.006635	0.012007	0.005903	0.008833	0.014448	0.010786	0.007612	0.009565	0.009565	0.014448
0.388800	0.009809	0.006391	0.011030	0.006391	0.010053	0.014936	0.011518	0.009321	0.010542	0.008833	0.015913
0.388900	0.007124	0.007856	0.009809	0.006635	0.010542	0.013716	0.011518	0.008833	0.009565	0.007612	0.012495
0.389000	0.007124	0.008833	0.007368	0.006147	0.010542	0.012495	0.013227	0.009321	0.007612	0.005659	0.009565
0.389100	0.009809	0.006880	0.007124	0.006147	0.011762	0.011518	0.014204	0.009565	0.007124	0.004926	0.009321
0.389200	0.009077	0.006880	0.007368	0.005903	0.013472	0.011030	0.015669	0.009077	0.007124	0.003217	0.010298
0.389300	0.008100	0.010053	0.008589	0.007612	0.012495	0.010542	0.016157	0.007612	0.007856	0.006880	0.007856
0.389400	0.007856	0.011762	0.007856	0.009565	0.011762	0.007124	0.016645	0.006635	0.007612	0.012007	0.005171
0.389500	0.010298	0.010298	0.009077	0.010053	0.012495	0.006635	0.016645	0.005903	0.006880	0.012495	0.005659
0.389600	0.013472	0.009809	0.010542	0.010298	0.011762	0.009809	0.015425	0.005171	0.009321	0.010542	0.009321
0.389700	0.013716	0.012007	0.013472	0.010053	0.012739	0.012495	0.010298	0.004926	0.012007	0.012251	0.010786
0.389800	0.013716	0.013227	0.013716	0.010786	0.012007	0.011274	0.009809	0.004682	0.011762	0.017378	0.009809
0.389900	0.014936	0.011518	0.012739	0.012251	0.014448	0.011030	0.012007	0.005659	0.012007	0.019575	0.009809
0.390000	0.015669	0.010542	0.013716	0.013960	0.016890	0.011274	0.015425	0.007856	0.011762	0.016890	0.012495
0.390100	0.015425	0.011518	0.015913	0.020308	0.016890	0.014692	0.012739	0.010298	0.012007	0.016157	0.015181
0.390200	0.015913	0.014936	0.015669	0.018843	0.018599	0.013716	0.011762	0.011518	0.013472	0.016890	0.015181
0.390300	0.016401	0.016890	0.015669	0.017134	0.020796	0.013472	0.017134	0.016157	0.014204	0.018843	0.013716
0.390400	0.018354	0.015669	0.014936	0.017866	0.022749	0.014204	0.019331	0.023237	0.014936	0.016645	0.014692
0.390500	0.021040	0.017866	0.016157	0.023481	0.023970	0.015425	0.019819	0.023970	0.015425	0.016401	0.014204
0.390600	0.023237	0.020796	0.018599	0.024946	0.024214	0.016157	0.022505	0.021528	0.015425	0.019087	0.013227
0.390700	0.024946	0.023726	0.020308	0.024946	0.023726	0.017866	0.024458	0.021284	0.016645	0.021528	0.013227
0.390800	0.025923	0.025435	0.022505	0.023481	0.023237	0.017866	0.025435	0.024702	0.020063	0.021040	0.014936
0.390900	0.025190	0.026655	0.025190	0.025923	0.022749	0.019331	0.026167	0.024458	0.024946	0.020796	0.016890
0.391000	0.025190	0.027876	0.027144	0.027632	0.022749	0.022017	0.023481	0.022993	0.025435	0.024214	0.019087
0.391100	0.028853	0.028120	0.027388	0.025923	0.022505	0.021040	0.023237	0.021772	0.023970	0.028120	0.021040
0.391200	0.030562	0.028364	0.027876	0.025190	0.022993	0.021040	0.026655	0.023481	0.023726	0.028853	0.022993
0.391300	0.027876	0.028364	0.028853	0.027876	0.023481	0.023970	0.026411	0.025190	0.024946	0.027632	0.023237
0.391400	0.025190	0.027144	0.029585	0.027144	0.023726	0.025435	0.023481	0.024458	0.026411	0.025190	0.024458
0.391500	0.024214	0.026167	0.028608	0.024458	0.023726	0.025190	0.023726	0.025190	0.025679	0.025923	0.024946
0.391600	0.024214	0.022993	0.027388	0.023726	0.023970	0.024214	0.026167	0.027144	0.023726	0.024214	0.026655
0.391700	0.024946	0.024458	0.025679	0.024214	0.024458	0.023970	0.028120	0.028364	0.023481	0.023726	0.027876
0.391800	0.024214	0.026167	0.025679	0.025435	0.024214	0.023481	0.027632	0.027388	0.023970	0.022993	0.024702
0.391900	0.022505	0.028364	0.024946	0.025679	0.022993	0.024702	0.027876	0.025679	0.023726	0.021284	0.020796
0.392000	0.023970	0.025923	0.025190	0.022505	0.021528	0.025435	0.028364	0.027388	0.022749	0.020552	0.019819
0.392100	0.025435	0.024946	0.025435	0.021528	0.020063	0.024702	0.027632	0.027388	0.023237	0.019575	0.021772
0.392200	0.024458	0.025679	0.025190	0.023726	0.018354	0.024458	0.026167	0.025190	0.025435	0.020308	0.022017
0.392300	0.023726	0.027144	0.025679	0.022993	0.018110	0.024702	0.027144	0.020063	0.023726	0.020063	0.019819
0.392400	0.024702	0.024214	0.025435	0.022505	0.019331	0.024702	0.027144	0.018599	0.022017	0.020552	0.019087
0.392500	0.023970	0.021772	0.025679	0.022993	0.024946	0.024946	0.026167	0.019819	0.021528	0.020063	0.020552
0.392600	0.021528	0.020796	0.023970	0.022993	0.024946	0.026411	0.025923	0.020063	0.023481	0.022017	0.022017
0.392700	0.019575	0.021772	0.025190	0.021772	0.021772	0.028120	0.025190	0.018354	0.023970	0.025435	0.020063
0.392800	0.019087	0.020552	0.024946	0.021284	0.022017	0.026411	0.025190	0.019331	0.023481	0.026167	0.018354
0.392900	0.019331	0.020063	0.023970	0.020063	0.025679	0.024702	0.026167	0.019819	0.021772	0.023726	0.018354
0.393000	0.019087	0.020063	0.022993	0.020308	0.026411	0.024702	0.024214	0.021040	0.022993	0.021284	0.019087
0.393100	0.018599	0.022749	0.022749	0.021040	0.025190	0.025923	0.023970	0.022505	0.024214	0.023237	0.017378
0.393200	0.019331	0.022749	0.022993	0.020796	0.023481	0.025923	0.026167	0.023726	0.024214	0.024214	0.015913
0.393300	0.020552	0.023237	0.023481	0.021040	0.024214	0.024946	0.028120	0.023726	0.024702	0.021284	0.016890
0.393400	0.022505	0.022017	0.023726	0.025190	0.024702	0.022993	0.027388	0.021528	0.025190	0.020063	0.017866
0.393500	0.024214	0.023237	0.024458	0.025923	0.024702	0.023237	0.024946	0.020796	0.024458	0.021040	0.018354
0.393600	0.024946	0.024214	0.025679	0.024458	0.022505	0.023726	0.024702	0.020063	0.025435	0.023726	0.016157
0.393700	0.025679	0.024214	0.025923	0.025435	0.024702	0.023481	0.029341	0.022749	0.024946	0.024702	0.015913
0.393800	0.026411	0.022505	0.025435	0.028120	0.026655	0.023481	0.029585	0.022017	0.026655	0.024702	0.020552
0.393900	0.026411	0.023970	0.028853	0.029341	0.027388	0.024214	0.025679	0.020308	0.027388	0.027632	0.023726
0.394000	0.027388	0.024458	0.029829	0.029829	0.025190	0.026167	0.025679	0.020308	0.028608	0.031782	0.026167
0.394100	0.028364	0.025435	0.031050	0.027632	0.026655	0.027632	0.027144	0.023481	0.027876	0.033491	0.028364
0.394200	0.030073	0.025679	0.032515	0.027632	0.030073	0.028853	0.026655	0.026655	0.028608	0.033003	0.030073
0.394300	0.030317	0.026167	0.031782	0.030562	0.032271	0.027388	0.028364	0.028120	0.027876	0.031782	0.030806
0.394400	0.029829	0.027876	0.032271	0.030073	0.030317	0.028120	0.028853	0.028608	0.029341	0.032271	0.031050
0.394500	0.030073	0.029341	0.033980	0.028853	0.029829	0.028608	0.027632	0.030073	0.030562	0.031294	0.031294
0.394600	0.030562	0.030317	0.034956	0.028364	0.030806	0.025679	0.030806	0.030806	0.029097	0.030562	0.032026
0.394700	0.032271	0.031782	0.033003	0.030317	0.031782	0.024214	0.030317	0.030317	0.028120	0.029341	0.029585
0.394800	0.031782	0.032271	0.035200	0.032026	0.030317	0.026655	0.029097	0.028853	0.029097	0.030073	0.028364
0.394900	0.031050	0.033980	0.032026	0.032026	0.029829	0.027144	0.031782	0.029097	0.029585	0.031782	0.027388
0.395000	0.032271	0.034224	0.028120	0.032026	0.029097	0.025923	0.033491	0.029341	0.029585	0.032271	0.027144
0.395100	0.033247	0.033003	0.029829	0.033247	0.028364	0.027876	0.032271	0.028120	0.030073	0.033980	0.028364
0.395200	0.033003	0.032515	0.035689	0.035200	0.027144	0.028120	0.029585	0.026167	0.031050	0.035200	0.031782
0.395300	0.032271	0.032271	0.035689	0.033980	0.026655	0.028608	0.028120	0.025679	0.032515	0.037642	0.032271
0.395400	0.032271	0.032515	0.033491	0.033003	0.026167	0.029829	0.027388	0.028364	0.032515	0.038374	0.032515
0.395500	0.032759	0.030073	0.031294	0.032515	0.026655	0.029829	0.028608	0.032271	0.031294	0.038618	0.033735
0.395600	0.032271	0.029585	0.032026	0.032271	0.026655	0.028120	0.029585	0.032271	0.032026	0.038130	0.034224
0.395700	0.029829	0.030073	0.033247	0.031782	0.027144	0.027632	0.029829	0.031782	0.033003	0.035933	0.033003
0.395800	0.029341	0.031294	0.031782	0.031294	0.030073	0.027144	0.028364	0.032271	0.030562	0.032026	0.031294
0.395900	0.028608	0.030317	0.028364	0.030806	0.031782	0.025435	0.029341	0.033735	0.029585	0.030562	0.030073
0.396000	0.028608	0.029829	0.027876	0.030562	0.028853	0.029097	0.030317	0.032759	0.029585	0.028364	0.029097
0.396100	0.028120	0.031050	0.029097	0.030806	0.027632	0.033003	0.032271	0.032026	0.029829	0.026655	0.029097
0.396200	0.027876	0.031782	0.028364	0.030806	0.028364	0.031050	0.033247	0.030562	0.029341	0.029829	0.027144
0.396300	0.026655	0.030806	0.028120	0.032026	0.029829	0.025923	0.034468	0.030317	0.030073	0.028120	0.025679
0.396400	0.028853	0.029829	0.030073	0.033003	0.028608	0.026411	0.034224	0.029097	0.030806	0.028853	0.027144
0.396500	0.029341	0.029829	0.033491	0.032759	0.026411	0.029585	0.032759	0.027144	0.032026	0.028853	0.029341
0.396600	0.028853	0.029097	0.033003	0.031050	0.025679	0.032515	0.030806	0.026411	0.032759	0.032026	0.030562
0.396700	0.027876	0.027876	0.030562	0.029097	0.027876	0.031294	0.030317	0.026167	0.033980	0.032271	0.030806
0.396800	0.028608	0.026411	0.030073	0.028853	0.028120	0.029829	0.031782	0.028364	0.034224	0.032026	0.033003
0.396900	0.028120	0.024946	0.032026	0.029097	0.028120	0.030317	0.028853	0.028853	0.034468	0.031294	0.033247
0.397000	0.028120	0.025435	0.033735	0.029829	0.027632	0.030806	0.028364	0.029097	0.034712	0.031294	0.033003
0.397100	0.026655	0.026411	0.031050	0.028853	0.030562	0.028853	0.029341	0.029829	0.034468	0.030806	0.033003
0.397200	0.026167	0.027388	0.028364	0.028120	0.032759	0.028364	0.029341	0.031050	0.034468	0.030317	0.032271
0.397300	0.025923	0.029341	0.029585	0.028608	0.032515	0.028853	0.030073	0.032271	0.034468	0.028364	0.031294
0.397400	0.027144	0.029585	0.029097	0.028608	0.030806	0.029097	0.033003	0.031782	0.034224	0.028364	0.032026
0.397500	0.029341	0.029585	0.030806	0.028120	0.033247	0.027876	0.032515	0.032026	0.030562	0.029341	0.031294
0.397600	0.034468	0.030806	0.034956	0.031782	0.034956	0.026167	0.033735	0.031294	0.027632	0.031050	0.032271
0.397700	0.034956	0.029829	0.036909	0.033980	0.034712	0.026167	0.033735	0.030806	0.031294	0.031782	0.031294
0.397800	0.032026	0.030562	0.035933	0.034956	0.033247	0.030317	0.032759	0.029829	0.034956	0.033491	0.031050
0.397900	0.033003	0.030073	0.039351	0.034712	0.032759	0.032515	0.032271	0.029341	0.034956	0.035689	0.033491
0.398000	0.035444	0.029585	0.039595	0.032271	0.034712	0.030317	0.033491	0.029341	0.032026	0.036665	0.035689
0.398100	0.037154	0.028608	0.039595	0.032515	0.035444	0.032026	0.032515	0.029829	0.033247	0.037642	0.037886
0.398200	0.035444	0.033003	0.041548	0.035200	0.036421	0.033980	0.030073	0.030806	0.034712	0.038863	0.036909
0.398300	0.033735	0.035933	0.039351	0.035444	0.037886	0.032271	0.030073	0.031294	0.035200	0.040327	0.032026
0.398400	0.035200	0.033980	0.035933	0.034956	0.037886	0.033003	0.030317	0.033247	0.031782	0.040572	0.031294
0.398500	0.036421	0.032271	0.036665	0.035200	0.039595	0.031782	0.032271	0.036909	0.033003	0.039839	0.034224
0.398600	0.034468	0.034956	0.038130	0.035200	0.039595	0.030806	0.033735	0.037398	0.035200	0.039839	0.034712
0.398700	0.033491	0.039351	0.037642	0.036421	0.041304	0.030317	0.035933	0.039595	0.035933	0.039107	0.029341
0.398800	0.035933	0.039839	0.037886	0.037642	0.041792	0.030073	0.037154	0.039107	0.033735	0.040327	0.027144
0.398900	0.038374	0.038618	0.040083	0.039839	0.043013	0.030317	0.037398	0.039839	0.034224	0.041792	0.027388
0.399000	0.038130	0.039107	0.042036	0.042769	0.042525	0.030317	0.037642	0.039839	0.037642	0.042525	0.028853
0.399100	0.037398	0.042525	0.042036	0.044478	0.041792	0.031294	0.038863	0.039839	0.040083	0.044478	0.028120
0.399200	0.038130	0.042036	0.040327	0.044234	0.042525	0.032515	0.039839	0.039839	0.040083	0.046431	0.027876
0.399300	0.042525	0.040083	0.041792	0.045943	0.043013	0.034468	0.039595	0.040327	0.039595	0.043990	0.031050
0.399400	0.043745	0.039351	0.045699	0.046919	0.043990	0.040083	0.039595	0.039839	0.042281	0.041792	0.038863
0.399500	0.042281	0.041548	0.045943	0.049605	0.042769	0.042036	0.038863	0.041548	0.044478	0.045699	0.042036
0.399600	0.041548	0.042036	0.044722	0.050826	0.043745	0.040572	0.041548	0.043257	0.044722	0.048872	0.043257
0.399700	0.042769	0.040083	0.043990	0.050826	0.045210	0.040572	0.046431	0.046431	0.043501	0.048872	0.046187
0.399800	0.043501	0.039839	0.045699	0.051070	0.046187	0.042769	0.047408	0.049361	0.043990	0.046675	0.047652
