0.000000	-0.097810	-0.154269	-0.125277	-0.155184	-0.194247	-0.069429	-0.026093	-0.189364	-0.114900	-0.023651
0.000100	-0.102388	-0.164034	-0.138399	-0.178073	-0.225376	-0.098726	-0.047761	-0.214694	-0.148776	-0.032502
0.000200	-0.114900	-0.167391	-0.149996	-0.196994	-0.243687	-0.126803	-0.080415	-0.248264	-0.181735	-0.049592
0.000300	-0.114290	-0.173190	-0.160678	-0.207370	-0.243992	-0.149386	-0.102998	-0.274205	-0.208896	-0.078584
0.000400	-0.122225	-0.174105	-0.165560	-0.207370	-0.247044	-0.166171	-0.128023	-0.298314	-0.235142	-0.105745
0.000500	-0.142367	-0.170748	-0.165866	-0.220493	-0.259861	-0.182040	-0.156100	-0.312657	-0.264439	-0.136568
0.000600	-0.140841	-0.172579	-0.173800	-0.229648	-0.271458	-0.183871	-0.173190	-0.311437	-0.279393	-0.170443
0.000700	-0.134127	-0.177462	-0.180209	-0.233005	-0.271153	-0.183566	-0.183261	-0.305638	-0.282139	-0.188449
0.000800	-0.143282	-0.171664	-0.176547	-0.231479	-0.257115	-0.188449	-0.181735	-0.307469	-0.276646	-0.193332
0.000900	-0.150607	-0.164645	-0.165866	-0.213779	-0.247654	-0.193027	-0.181735	-0.300145	-0.268406	-0.194858
0.001000	-0.146334	-0.152743	-0.156710	-0.205844	-0.251926	-0.190585	-0.184176	-0.288853	-0.270848	-0.192111
0.001100	-0.143587	-0.155795	-0.149996	-0.203403	-0.236057	-0.186923	-0.186313	-0.277256	-0.281224	-0.201266
0.001200	-0.141146	-0.160067	-0.147555	-0.186007	-0.208591	-0.174105	-0.175936	-0.259556	-0.274510	-0.209201
0.001300	-0.144198	-0.165560	-0.139620	-0.161593	-0.180514	-0.159152	-0.167391	-0.240635	-0.262303	-0.203098
0.001400	-0.147555	-0.178683	-0.123140	-0.137484	-0.164034	-0.145419	-0.157015	-0.213474	-0.245212	-0.193332
0.001500	-0.155184	-0.171054	-0.110933	-0.126192	-0.149081	-0.123445	-0.136263	-0.187533	-0.220188	-0.178988
0.001600	-0.169528	-0.171054	-0.116732	-0.120699	-0.135653	-0.101167	-0.111849	-0.153964	-0.185702	-0.167391
0.001700	-0.171054	-0.181125	-0.118563	-0.108187	-0.118563	-0.083162	-0.095369	-0.121309	-0.154574	-0.156710
0.001800	-0.167086	-0.198825	-0.122530	-0.099336	-0.106661	-0.076143	-0.076143	-0.105135	-0.139620	-0.135653
0.001900	-0.172885	-0.200046	-0.129549	-0.103914	-0.106050	-0.075532	-0.077363	-0.095369	-0.130160	-0.123445
0.002000	-0.183566	-0.204929	-0.141146	-0.106661	-0.120089	-0.075837	-0.070954	-0.087434	-0.125887	-0.111849
0.002100	-0.180514	-0.216220	-0.163119	-0.117952	-0.133822	-0.085298	-0.063325	-0.079500	-0.116121	-0.090181
0.002200	-0.192111	-0.218357	-0.182345	-0.129854	-0.145419	-0.106050	-0.079805	-0.075837	-0.118868	-0.080720
0.002300	-0.200656	-0.230869	-0.190585	-0.136873	-0.146944	-0.127718	-0.099336	-0.084688	-0.122530	-0.078584
0.002400	-0.211948	-0.247959	-0.196994	-0.145419	-0.160067	-0.146944	-0.110628	-0.089876	-0.136568	-0.095979
0.002500	-0.225986	-0.258335	-0.223850	-0.174105	-0.184787	-0.161288	-0.123751	-0.098421	-0.153353	-0.109102
0.002600	-0.243687	-0.259251	-0.246128	-0.203098	-0.202182	-0.177768	-0.140841	-0.112764	-0.167086	-0.127413
0.002700	-0.247044	-0.253452	-0.256199	-0.221714	-0.207675	-0.196078	-0.166781	-0.127718	-0.174411	-0.149996
0.002800	-0.243076	-0.247349	-0.262303	-0.229648	-0.225986	-0.223545	-0.197299	-0.138705	-0.178683	-0.158846
0.002900	-0.243687	-0.243076	-0.258030	-0.232090	-0.236667	-0.245518	-0.217746	-0.153658	-0.197909	-0.168307
0.003000	-0.246128	-0.250706	-0.262303	-0.244907	-0.251011	-0.270848	-0.237278	-0.161898	-0.214389	-0.186313
0.003100	-0.238193	-0.223240	-0.269932	-0.269017	-0.249485	-0.279698	-0.261387	-0.170748	-0.226597	-0.213169
0.003200	-0.231479	-0.222019	-0.274510	-0.271458	-0.246738	-0.298314	-0.280003	-0.192721	-0.249790	-0.234226
0.003300	-0.232090	-0.208896	-0.276341	-0.266270	-0.241550	-0.308995	-0.303502	-0.204624	-0.274205	-0.258946
0.003400	-0.236362	-0.207065	-0.262303	-0.253452	-0.236973	-0.316625	-0.309606	-0.199435	-0.273899	-0.287938
0.003500	-0.234226	-0.196689	-0.259556	-0.246433	-0.221103	-0.308995	-0.311437	-0.179599	-0.260472	-0.300145
0.003600	-0.233005	-0.171664	-0.221714	-0.231174	-0.206149	-0.294041	-0.305333	-0.173190	-0.253147	-0.287938
0.003700	-0.224460	-0.167697	-0.214389	-0.221714	-0.193027	-0.287633	-0.306554	-0.162814	-0.247044	-0.282139
0.003800	-0.216831	-0.170443	-0.205844	-0.211337	-0.178378	-0.279393	-0.303807	-0.142977	-0.234531	-0.291905
0.003900	-0.223545	-0.178073	-0.213779	-0.207675	-0.158236	-0.269932	-0.294652	-0.119173	-0.206149	-0.297704
0.004000	-0.221714	-0.164340	-0.207065	-0.204318	-0.131075	-0.241245	-0.278477	-0.096590	-0.183261	-0.291600
0.004100	-0.208896	-0.152743	-0.185702	-0.181430	-0.116732	-0.213474	-0.249485	-0.077974	-0.149386	-0.265965
0.004200	-0.198825	-0.140841	-0.168002	-0.166476	-0.094148	-0.191195	-0.226291	-0.057527	-0.121614	-0.230564
0.004300	-0.195468	-0.135042	-0.160067	-0.149081	-0.073396	-0.173495	-0.196384	-0.033417	-0.094759	-0.203098
0.004400	-0.192721	-0.134127	-0.164950	-0.147555	-0.061494	-0.154879	-0.183261	-0.009918	-0.080720	-0.184482
0.004500	-0.171359	-0.136263	-0.145113	-0.134737	-0.058747	-0.144808	-0.160983	-0.008392	-0.063935	-0.160067
0.004600	-0.163119	-0.150912	-0.141146	-0.125887	-0.047150	-0.141146	-0.152133	-0.002289	-0.048981	-0.133822
0.004700	-0.171359	-0.154574	-0.151522	-0.132601	-0.055390	-0.134127	-0.150301	0.005341	-0.043183	-0.111849
0.004800	-0.185397	-0.147250	-0.161898	-0.140841	-0.058137	-0.126192	-0.139620	0.015717	-0.030365	-0.105745
0.004900	-0.174411	-0.136873	-0.161288	-0.149691	-0.069734	-0.121920	-0.133516	0.012665	-0.036774	-0.098116
0.005000	-0.171969	-0.142367	-0.149081	-0.155184	-0.089876	-0.126803	-0.135958	0.005341	-0.032197	-0.089265
0.005100	-0.169833	-0.151522	-0.157321	-0.167697	-0.100862	-0.139620	-0.124361	0.000763	-0.023346	-0.087129
0.005200	-0.169528	-0.149386	-0.152133	-0.171969	-0.091402	-0.145419	-0.133211	-0.013275	-0.029145	-0.090791
0.005300	-0.168612	-0.147250	-0.166171	-0.182040	-0.103914	-0.164034	-0.140536	-0.012055	-0.042878	-0.091707
0.005400	-0.164034	-0.132906	-0.182040	-0.206455	-0.126192	-0.170748	-0.167697	-0.037690	-0.075532	-0.098421
0.005500	-0.160372	-0.117952	-0.179599	-0.198520	-0.122225	-0.178683	-0.179293	-0.066682	-0.081941	-0.106050
0.005600	-0.149386	-0.119173	-0.159762	-0.195468	-0.132906	-0.188144	-0.184176	-0.092927	-0.086824	-0.120394
0.005700	-0.137789	-0.111543	-0.148165	-0.181735	-0.138705	-0.189670	-0.202487	-0.110628	-0.111543	-0.131380
0.005800	-0.142977	-0.106966	-0.139620	-0.176242	-0.145724	-0.200656	-0.206760	-0.123751	-0.140841	-0.157015
0.005900	-0.139620	-0.109102	-0.150912	-0.179599	-0.145419	-0.214084	-0.220798	-0.138094	-0.162814	-0.178378
0.006000	-0.137789	-0.110323	-0.169833	-0.174105	-0.143587	-0.220798	-0.218051	-0.148776	-0.170138	-0.191806
0.006100	-0.136873	-0.109407	-0.175326	-0.179599	-0.136263	-0.206455	-0.233310	-0.152133	-0.181125	-0.212863
0.006200	-0.128328	-0.096284	-0.153353	-0.177157	-0.119173	-0.200656	-0.239414	-0.153048	-0.172274	-0.215915
0.006300	-0.122225	-0.081636	-0.121309	-0.167391	-0.118257	-0.191195	-0.233921	-0.160372	-0.160372	-0.217441
0.006400	-0.119478	-0.071870	-0.107576	-0.150301	-0.123445	-0.182956	-0.208896	-0.153658	-0.153658	-0.214389
0.006500	-0.111543	-0.054475	-0.109102	-0.134737	-0.104524	-0.165255	-0.185397	-0.153353	-0.137484	-0.207370
0.006600	-0.101472	-0.046235	-0.100252	-0.110933	-0.072480	-0.154879	-0.164034	-0.134737	-0.134127	-0.209201
0.006700	-0.085298	-0.050507	-0.086519	-0.090791	-0.040742	-0.141756	-0.164645	-0.107881	-0.126497	-0.198825
0.006800	-0.085603	-0.054780	-0.071260	-0.070954	-0.030365	-0.113985	-0.157015	-0.077363	-0.104524	-0.186313
0.006900	-0.081941	-0.052644	-0.049592	-0.066682	-0.038911	-0.093233	-0.137789	-0.059358	-0.075227	-0.154269
0.007000	-0.070039	-0.046540	-0.045014	-0.063630	-0.050202	-0.072175	-0.109102	-0.058137	-0.038300	-0.127413
0.007100	-0.059968	-0.034638	-0.050507	-0.056001	-0.038605	-0.055695	-0.071870	-0.051118	-0.011749	-0.101778
0.007200	-0.061189	-0.042267	-0.048371	-0.043793	-0.019989	-0.039216	-0.040742	-0.042878	-0.012055	-0.083772
0.007300	-0.051118	-0.056001	-0.037690	-0.029145	-0.007172	-0.033722	-0.033417	-0.033722	-0.025177	-0.069123
0.007400	-0.056611	-0.060578	-0.039521	-0.037079	-0.017243	-0.033417	-0.030671	-0.013275	-0.010834	-0.057527
0.007500	-0.058137	-0.044099	-0.051423	-0.061189	-0.023957	-0.016022	-0.030976	-0.006561	0.008698	-0.040742
0.007600	-0.049897	-0.038300	-0.054780	-0.049592	-0.036164	0.003204	-0.025483	-0.037385	0.035248	-0.015717
0.007700	-0.044099	-0.043793	-0.042267	-0.041962	-0.044099	0.017853	-0.013886	-0.061494	0.026093	0.012055
0.007800	-0.048981	-0.053864	-0.023346	-0.039216	-0.056611	0.005646	-0.005341	-0.077974	0.001678	0.028534
0.007900	-0.049897	-0.045624	-0.024567	-0.041962	-0.057221	-0.018769	-0.005951	-0.078584	-0.023651	0.023041
0.008000	-0.050202	-0.048676	-0.032807	-0.051728	-0.063325	-0.041047	-0.009003	-0.081941	-0.040131	-0.000153
0.008100	-0.042267	-0.055085	-0.048981	-0.059358	-0.076753	-0.031891	-0.026398	-0.104219	-0.057832	-0.014191
0.008200	-0.053864	-0.077974	-0.059968	-0.071565	-0.101167	-0.032502	-0.047761	-0.143893	-0.071870	-0.034638
0.008300	-0.062409	-0.088350	-0.059358	-0.085908	-0.123445	-0.042267	-0.071565	-0.189670	-0.093233	-0.042878
0.008400	-0.072786	-0.088350	-0.068208	-0.095674	-0.149081	-0.073396	-0.076753	-0.219577	-0.125582	-0.052644
0.008500	-0.069734	-0.086519	-0.076753	-0.115816	-0.165560	-0.091402	-0.085603	-0.241245	-0.162203	-0.084688
0.008600	-0.080720	-0.102083	-0.083772	-0.118257	-0.170138	-0.108492	-0.101778	-0.245518	-0.183261	-0.123751
0.008700	-0.092622	-0.113375	-0.096590	-0.121920	-0.161898	-0.120699	-0.111543	-0.247349	-0.197299	-0.154879
0.008800	-0.107271	-0.121920	-0.102083	-0.114900	-0.158236	-0.124971	-0.116121	-0.266880	-0.207981	-0.173495
0.008900	-0.103914	-0.120089	-0.104830	-0.109102	-0.159457	-0.124666	-0.129244	-0.278172	-0.208286	-0.161288
0.009000	-0.094148	-0.131685	-0.103609	-0.090486	-0.169528	-0.123445	-0.137789	-0.298009	-0.228428	-0.171969
0.009100	-0.093233	-0.152133	-0.107271	-0.106661	-0.174411	-0.130160	-0.150301	-0.301366	-0.241245	-0.182040
0.009200	-0.107576	-0.164340	-0.111849	-0.121920	-0.192721	-0.132906	-0.157015	-0.309911	-0.265660	-0.207370
0.009300	-0.117647	-0.167391	-0.127413	-0.126497	-0.197604	-0.142367	-0.144808	-0.314183	-0.257115	-0.211643
0.009400	-0.122530	-0.178683	-0.134127	-0.129549	-0.203708	-0.133516	-0.135653	-0.298619	-0.245518	-0.209506
0.009500	-0.126497	-0.192111	-0.141756	-0.130770	-0.207065	-0.120699	-0.134737	-0.283360	-0.233310	-0.193942
0.009600	-0.137484	-0.193942	-0.153048	-0.131380	-0.190585	-0.131075	-0.135653	-0.272373	-0.222934	-0.191501
0.009700	-0.143587	-0.201877	-0.165560	-0.127413	-0.175326	-0.130465	-0.131380	-0.267186	-0.211032	-0.182040
0.009800	-0.157931	-0.202487	-0.172274	-0.126497	-0.179599	-0.130465	-0.112764	-0.250706	-0.194858	-0.171664
0.009900	-0.158541	-0.207675	-0.169833	-0.122530	-0.187839	-0.120699	-0.109102	-0.236667	-0.181430	-0.159762
0.010000	-0.152133	-0.204624	-0.160067	-0.129549	-0.187533	-0.121309	-0.106966	-0.220798	-0.171054	-0.144198
0.010100	-0.149691	-0.200351	-0.154574	-0.119173	-0.182345	-0.120394	-0.100557	-0.222629	-0.178683	-0.129244
0.010200	-0.164034	-0.196078	-0.172274	-0.116732	-0.183566	-0.129854	-0.097200	-0.224155	-0.185702	-0.120394
0.010300	-0.175936	-0.203403	-0.189975	-0.128939	-0.199741	-0.136873	-0.107881	-0.217136	-0.191501	-0.114595
0.010400	-0.179293	-0.214694	-0.196078	-0.143893	-0.216220	-0.131075	-0.106661	-0.228733	-0.190585	-0.107576
0.010500	-0.180514	-0.224765	-0.191501	-0.165866	-0.230259	-0.142062	-0.113985	-0.249180	-0.190890	-0.113375
0.010600	-0.185397	-0.229343	-0.196689	-0.171969	-0.243076	-0.157321	-0.127108	-0.255589	-0.207675	-0.118868
0.010700	-0.205539	-0.222324	-0.207981	-0.171664	-0.251621	-0.177462	-0.143282	-0.260472	-0.229343	-0.130465
0.010800	-0.215305	-0.227817	-0.217136	-0.167391	-0.264439	-0.190890	-0.145419	-0.256809	-0.240940	-0.144503
0.010900	-0.218357	-0.233005	-0.220493	-0.178683	-0.273594	-0.211032	-0.162509	-0.267186	-0.263829	-0.148165
0.011000	-0.225681	-0.242771	-0.222324	-0.190585	-0.274510	-0.233310	-0.201266	-0.287633	-0.285496	-0.176852
0.011100	-0.246433	-0.249485	-0.231174	-0.203098	-0.276951	-0.246738	-0.230564	-0.312047	-0.309606	-0.214694
0.011200	-0.275730	-0.269932	-0.234836	-0.198825	-0.302586	-0.258640	-0.244602	-0.323949	-0.338598	-0.239109
0.011300	-0.283055	-0.285191	-0.243992	-0.219883	-0.324559	-0.278172	-0.264134	-0.327306	-0.352026	-0.261997
0.011400	-0.279698	-0.294957	-0.262913	-0.247349	-0.339513	-0.299535	-0.272068	-0.339818	-0.361486	-0.287327
0.011500	-0.290074	-0.304723	-0.276646	-0.272068	-0.335851	-0.312657	-0.282444	-0.352636	-0.359045	-0.304723
0.011600	-0.312047	-0.314488	-0.291295	-0.281834	-0.339513	-0.320897	-0.299840	-0.348974	-0.371557	-0.318151
0.011700	-0.329137	-0.327611	-0.301366	-0.279698	-0.349889	-0.329442	-0.317235	-0.338903	-0.392309	-0.332189
0.011800	-0.329137	-0.345922	-0.295567	-0.275120	-0.356298	-0.331884	-0.323339	-0.337377	-0.387427	-0.339208
0.011900	-0.321202	-0.348058	-0.299535	-0.272984	-0.352941	-0.337377	-0.323339	-0.333105	-0.368200	-0.347448
0.012000	-0.321508	-0.347143	-0.314183	-0.286107	-0.341955	-0.346532	-0.340124	-0.325780	-0.357519	-0.357519
0.012100	-0.332189	-0.351415	-0.320287	-0.294347	-0.338292	-0.345312	-0.349584	-0.312657	-0.356909	-0.367285
0.012200	-0.343786	-0.356909	-0.323949	-0.293736	-0.344091	-0.345006	-0.347143	-0.295872	-0.347753	-0.360876
0.012300	-0.346227	-0.361486	-0.336461	-0.308690	-0.340429	-0.339208	-0.343786	-0.275120	-0.325780	-0.347143
0.012400	-0.340429	-0.351415	-0.343481	-0.315099	-0.331579	-0.319982	-0.325780	-0.264439	-0.299229	-0.335546
0.012500	-0.336156	-0.343786	-0.338292	-0.307469	-0.318761	-0.311131	-0.305333	-0.246433	-0.280308	-0.316625
0.012600	-0.334020	-0.339208	-0.334935	-0.312047	-0.313573	-0.305028	-0.301671	-0.213779	-0.268101	-0.291600
0.012700	-0.330053	-0.332189	-0.336461	-0.313268	-0.315404	-0.304418	-0.296788	-0.191806	-0.253147	-0.270848
0.012800	-0.315709	-0.315099	-0.328222	-0.312352	-0.307164	-0.295567	-0.285191	-0.184176	-0.225376	-0.254063
0.012900	-0.295872	-0.298924	-0.323033	-0.307775	-0.297704	-0.289464	-0.267796	-0.182345	-0.206760	-0.237583
0.013000	-0.282444	-0.288243	-0.316319	-0.305333	-0.297398	-0.293126	-0.265049	-0.176242	-0.202792	-0.231174
0.013100	-0.276036	-0.284276	-0.312962	-0.302586	-0.286717	-0.292210	-0.273594	-0.174411	-0.214084	-0.231479
0.013200	-0.272679	-0.282444	-0.305028	-0.299229	-0.283055	-0.292210	-0.269627	-0.166781	-0.212558	-0.223240
0.013300	-0.270848	-0.282139	-0.303502	-0.300145	-0.286412	-0.293126	-0.277562	-0.163729	-0.214694	-0.216831
0.013400	-0.268101	-0.268406	-0.299535	-0.310521	-0.281529	-0.287022	-0.281224	-0.164340	-0.216526	-0.222019
0.013500	-0.262913	-0.257725	-0.302892	-0.303197	-0.259861	-0.288853	-0.284276	-0.162203	-0.220188	-0.231174
0.013600	-0.258030	-0.249180	-0.290379	-0.289464	-0.242161	-0.287327	-0.280308	-0.159152	-0.211032	-0.237583
0.013700	-0.264439	-0.239109	-0.287633	-0.285496	-0.234836	-0.282750	-0.278477	-0.161593	-0.215915	-0.240635
0.013800	-0.264744	-0.235752	-0.275120	-0.291295	-0.234836	-0.270237	-0.282139	-0.161593	-0.214084	-0.245212
0.013900	-0.258640	-0.232090	-0.261997	-0.280919	-0.230869	-0.263218	-0.286412	-0.156710	-0.211643	-0.247044
0.014000	-0.251926	-0.228733	-0.256199	-0.279393	-0.216526	-0.258335	-0.281224	-0.155795	-0.211643	-0.247349
0.014100	-0.236667	-0.213169	-0.252537	-0.265660	-0.203403	-0.251926	-0.273899	-0.155489	-0.218967	-0.245823
0.014200	-0.233921	-0.216220	-0.239109	-0.249180	-0.197604	-0.251316	-0.258946	-0.152438	-0.208896	-0.248875
0.014300	-0.234226	-0.220493	-0.229954	-0.246738	-0.186007	-0.241856	-0.256809	-0.131685	-0.195163	-0.252537
0.014400	-0.236057	-0.215000	-0.229954	-0.245823	-0.174105	-0.231479	-0.261387	-0.114290	-0.190890	-0.249485
0.014500	-0.231174	-0.212253	-0.233310	-0.248264	-0.163119	-0.228733	-0.255283	-0.113375	-0.184482	-0.247044
0.014600	-0.222629	-0.208286	-0.229038	-0.249790	-0.161593	-0.221714	-0.245823	-0.115816	-0.173190	-0.240635
0.014700	-0.225376	-0.212253	-0.220493	-0.249485	-0.150607	-0.211337	-0.235142	-0.099031	-0.165866	-0.233310
0.014800	-0.210117	-0.197909	-0.211337	-0.237888	-0.143893	-0.189059	-0.217441	-0.098116	-0.149691	-0.222019
0.014900	-0.195773	-0.190280	-0.215000	-0.224155	-0.143282	-0.181125	-0.199435	-0.095369	-0.123140	-0.206455
0.015000	-0.187228	-0.182345	-0.212863	-0.225986	-0.137179	-0.169833	-0.193332	-0.086519	-0.120699	-0.188144
0.015100	-0.189975	-0.184482	-0.210727	-0.226597	-0.133822	-0.170138	-0.180514	-0.077974	-0.120699	-0.183566
0.015200	-0.180514	-0.180209	-0.213169	-0.233616	-0.128328	-0.168917	-0.180209	-0.076143	-0.117647	-0.165866
0.015300	-0.171054	-0.175326	-0.207065	-0.228733	-0.137179	-0.171969	-0.177462	-0.082551	-0.097200	-0.153964
0.015400	-0.165866	-0.169833	-0.204318	-0.223240	-0.145724	-0.169528	-0.171969	-0.092622	-0.098116	-0.153048
0.015500	-0.160067	-0.159152	-0.193637	-0.228733	-0.158236	-0.179293	-0.171664	-0.102998	-0.112154	-0.157931
0.015600	-0.152133	-0.149996	-0.183566	-0.236057	-0.151522	-0.178988	-0.174105	-0.106355	-0.129244	-0.157321
0.015700	-0.150607	-0.149691	-0.182345	-0.232090	-0.142672	-0.174716	-0.171969	-0.101778	-0.125277	-0.157015
0.015800	-0.145113	-0.150607	-0.192111	-0.226597	-0.139925	-0.167391	-0.173800	-0.096284	-0.100862	-0.155184
0.015900	-0.130465	-0.137484	-0.196078	-0.218662	-0.139010	-0.169528	-0.177462	-0.104830	-0.095369	-0.156710
0.016000	-0.123445	-0.122225	-0.174105	-0.216220	-0.133516	-0.165560	-0.178073	-0.120089	-0.094148	-0.161898
0.016100	-0.128939	-0.109712	-0.152743	-0.203098	-0.134127	-0.161593	-0.175631	-0.126192	-0.113985	-0.157931
0.016200	-0.100252	-0.104524	-0.143893	-0.188449	-0.133211	-0.161898	-0.175936	-0.136873	-0.119478	-0.148470
0.016300	-0.101167	-0.099031	-0.141146	-0.181735	-0.127108	-0.163729	-0.165255	-0.135958	-0.107271	-0.149386
0.016400	-0.092927	-0.093538	-0.132601	-0.179293	-0.104830	-0.153658	-0.159152	-0.136873	-0.105745	-0.148165
0.016500	-0.090791	-0.086824	-0.104830	-0.155795	-0.089570	-0.145419	-0.145419	-0.146639	-0.128939	-0.158846
0.016600	-0.102693	-0.087434	-0.098116	-0.134127	-0.084688	-0.138094	-0.149996	-0.148776	-0.140536	-0.166171
0.016700	-0.113985	-0.084382	-0.096895	-0.123751	-0.085603	-0.119478	-0.150301	-0.143282	-0.125887	-0.161288
0.016800	-0.104219	-0.083162	-0.100557	-0.114900	-0.071260	-0.106355	-0.143587	-0.131991	-0.106355	-0.154269
0.016900	-0.085603	-0.069734	-0.088960	-0.113375	-0.049287	-0.091707	-0.123751	-0.134127	-0.099031	-0.148776
0.017000	-0.084382	-0.063935	-0.077058	-0.107576	-0.035248	-0.078889	-0.110323	-0.129854	-0.092927	-0.130160
0.017100	-0.083772	-0.065156	-0.076753	-0.089265	-0.037995	-0.066377	-0.097505	-0.120089	-0.086213	-0.116426
0.017200	-0.084688	-0.069123	-0.075227	-0.073701	-0.042878	-0.054170	-0.084077	-0.107576	-0.082856	-0.103914
0.017300	-0.076753	-0.070954	-0.072175	-0.070954	-0.041352	-0.057832	-0.066987	-0.100557	-0.074311	-0.086824
0.017400	-0.079500	-0.079194	-0.059968	-0.070039	-0.023651	-0.058137	-0.054780	-0.098116	-0.063630	-0.081025
0.017500	-0.081941	-0.078889	-0.052033	-0.063020	-0.017548	-0.043793	-0.043183	-0.092622	-0.051423	-0.080415
0.017600	-0.085908	-0.075532	-0.066072	-0.053864	-0.027924	-0.030671	-0.041352	-0.088350	-0.053864	-0.070039
0.017700	-0.086213	-0.085603	-0.066682	-0.049287	-0.045319	-0.030671	-0.032807	-0.104830	-0.058442	-0.055390
0.017800	-0.070039	-0.094453	-0.061494	-0.058442	-0.052338	-0.035248	-0.025483	-0.114595	-0.062409	-0.043183
0.017900	-0.074617	-0.087129	-0.072480	-0.073396	-0.052033	-0.046235	-0.030671	-0.119173	-0.070039	-0.046235
0.018000	-0.094759	-0.079194	-0.076143	-0.077363	-0.052644	-0.049897	-0.037385	-0.120089	-0.069123	-0.049592
0.018100	-0.104830	-0.083772	-0.086519	-0.071260	-0.070344	-0.052644	-0.048676	-0.125582	-0.073396	-0.042267
0.018200	-0.084382	-0.090181	-0.083162	-0.075837	-0.096895	-0.061189	-0.057221	-0.146334	-0.098726	-0.038911
0.018300	-0.062715	-0.095064	-0.080720	-0.085603	-0.110018	-0.084382	-0.067292	-0.186007	-0.125582	-0.048066
0.018400	-0.072175	-0.103609	-0.081636	-0.093538	-0.125277	-0.110323	-0.076143	-0.222629	-0.147555	-0.070954
0.018500	-0.110323	-0.124056	-0.096284	-0.111849	-0.148165	-0.135042	-0.095979	-0.237888	-0.166476	-0.100862
0.018600	-0.140536	-0.139315	-0.109712	-0.121004	-0.159457	-0.143893	-0.120394	-0.242161	-0.196689	-0.131075
0.018700	-0.160372	-0.142367	-0.121004	-0.121920	-0.166171	-0.161593	-0.133822	-0.262913	-0.217136	-0.147860
0.018800	-0.152743	-0.138399	-0.125277	-0.132296	-0.178683	-0.176852	-0.152133	-0.281529	-0.225376	-0.160067
0.018900	-0.133211	-0.131991	-0.133211	-0.134737	-0.183871	-0.182345	-0.171969	-0.291600	-0.232090	-0.182345
0.019000	-0.138705	-0.130465	-0.138705	-0.138094	-0.191195	-0.186313	-0.185397	-0.304723	-0.244602	-0.203708
0.019100	-0.142977	-0.135958	-0.141756	-0.135348	-0.199741	-0.193332	-0.185702	-0.319982	-0.252842	-0.202792
0.019200	-0.156710	-0.144808	-0.131075	-0.136568	-0.208591	-0.196994	-0.185702	-0.326390	-0.262303	-0.214389
0.019300	-0.157321	-0.144808	-0.129244	-0.142367	-0.214084	-0.203403	-0.197909	-0.322423	-0.263829	-0.223850
0.019400	-0.168307	-0.138399	-0.128939	-0.139925	-0.209506	-0.214694	-0.215000	-0.316014	-0.262303	-0.228122
0.019500	-0.167697	-0.143893	-0.132906	-0.137179	-0.211948	-0.206760	-0.205844	-0.305333	-0.256809	-0.220188
0.019600	-0.171359	-0.147860	-0.131685	-0.128023	-0.200046	-0.197604	-0.200351	-0.303197	-0.253452	-0.219272
0.019700	-0.168002	-0.153048	-0.132296	-0.114595	-0.189059	-0.189059	-0.192721	-0.295872	-0.240330	-0.224155
0.019800	-0.173800	-0.158541	-0.125887	-0.110323	-0.183871	-0.175631	-0.188449	-0.280003	-0.229038	-0.227207
0.019900	-0.178988	-0.153658	-0.125887	-0.113069	-0.182040	-0.163119	-0.184482	-0.258335	-0.216831	-0.212253
0.020000	-0.184787	-0.154879	-0.131991	-0.105135	-0.170748	-0.150912	-0.168307	-0.239109	-0.200351	-0.197299
0.020100	-0.188449	-0.156405	-0.132296	-0.100557	-0.159457	-0.139925	-0.149081	-0.224460	-0.185702	-0.162509
0.020200	-0.191806	-0.157321	-0.124666	-0.101167	-0.158846	-0.131380	-0.139010	-0.197909	-0.164340	-0.144198
0.020300	-0.182650	-0.151522	-0.114900	-0.096284	-0.156405	-0.108797	-0.133516	-0.180514	-0.154879	-0.127108
0.020400	-0.179904	-0.157015	-0.108797	-0.082551	-0.162509	-0.106050	-0.119173	-0.184787	-0.153048	-0.112764
0.020500	-0.172274	-0.167086	-0.119783	-0.089876	-0.172579	-0.102693	-0.107576	-0.196078	-0.152743	-0.092317
0.020600	-0.178073	-0.182956	-0.131075	-0.104219	-0.187839	-0.120699	-0.110018	-0.193637	-0.158541	-0.090791
0.020700	-0.186313	-0.200046	-0.140841	-0.126497	-0.193332	-0.137484	-0.131075	-0.190585	-0.162509	-0.097200
0.020800	-0.204318	-0.207675	-0.151522	-0.141451	-0.201572	-0.147860	-0.152438	-0.206149	-0.182650	-0.107881
0.020900	-0.216831	-0.214084	-0.171054	-0.149691	-0.228428	-0.162509	-0.170748	-0.230259	-0.211032	-0.117647
0.021000	-0.233005	-0.225986	-0.200046	-0.171359	-0.259861	-0.185702	-0.193942	-0.257725	-0.241856	-0.136263
0.021100	-0.240635	-0.241856	-0.222934	-0.201572	-0.284581	-0.211643	-0.211032	-0.273899	-0.270237	-0.156710
0.021200	-0.248264	-0.264439	-0.230259	-0.222324	-0.311131	-0.238193	-0.228428	-0.291905	-0.295262	-0.182345
0.021300	-0.266880	-0.290990	-0.243076	-0.244907	-0.341955	-0.269627	-0.253758	-0.315099	-0.323949	-0.211948
0.021400	-0.292210	-0.309300	-0.264134	-0.265049	-0.359960	-0.303807	-0.293736	-0.346227	-0.362402	-0.254673
0.021500	-0.309911	-0.319982	-0.290990	-0.289158	-0.390784	-0.334935	-0.322728	-0.368200	-0.392309	-0.298314
0.021600	-0.330663	-0.340734	-0.308385	-0.322423	-0.402075	-0.359960	-0.356603	-0.377966	-0.416419	-0.335546
0.021700	-0.333410	-0.349279	-0.325170	-0.345922	-0.414893	-0.379187	-0.381018	-0.390173	-0.430457	-0.355993
0.021800	-0.334630	-0.361181	-0.348058	-0.361486	-0.419165	-0.396887	-0.395666	-0.403601	-0.437781	-0.377356
0.021900	-0.339208	-0.366369	-0.358129	-0.366369	-0.419165	-0.404822	-0.403601	-0.404212	-0.436866	-0.400244
0.022000	-0.340124	-0.371557	-0.364233	-0.375830	-0.412757	-0.406348	-0.420996	-0.377966	-0.445106	-0.417029
0.022100	-0.348974	-0.369421	-0.363317	-0.372778	-0.407568	-0.395666	-0.426490	-0.359045	-0.440223	-0.426185
0.022200	-0.362402	-0.371252	-0.365759	-0.361181	-0.397803	-0.398718	-0.415808	-0.344701	-0.421302	-0.427710
0.022300	-0.368200	-0.363317	-0.369421	-0.355993	-0.382544	-0.391699	-0.402075	-0.333715	-0.394141	-0.414893
0.022400	-0.367590	-0.357214	-0.372168	-0.355688	-0.368811	-0.379187	-0.381628	-0.317235	-0.376745	-0.409400
0.022500	-0.346532	-0.351415	-0.357824	-0.353857	-0.352026	-0.358434	-0.365454	-0.292515	-0.357519	-0.398718
0.022600	-0.334020	-0.346532	-0.340124	-0.343786	-0.330968	-0.342260	-0.343481	-0.264134	-0.327306	-0.381323
0.022700	-0.323033	-0.335241	-0.340124	-0.330968	-0.312657	-0.329137	-0.322423	-0.231479	-0.298009	-0.355383
0.022800	-0.321813	-0.329137	-0.332799	-0.318456	-0.285496	-0.312657	-0.301366	-0.200046	-0.267796	-0.336461
0.022900	-0.317235	-0.315404	-0.321202	-0.298924	-0.259251	-0.286107	-0.273899	-0.165866	-0.233310	-0.317235
0.023000	-0.316930	-0.308995	-0.311131	-0.284581	-0.232090	-0.261082	-0.252232	-0.128023	-0.202792	-0.283970
0.023100	-0.310521	-0.283970	-0.297093	-0.265965	-0.228428	-0.233921	-0.228428	-0.116121	-0.178378	-0.245518
0.023200	-0.300755	-0.275120	-0.286412	-0.258640	-0.225986	-0.225986	-0.201877	-0.108492	-0.154879	-0.214389
0.023300	-0.284581	-0.268711	-0.275120	-0.259251	-0.212253	-0.222934	-0.189364	-0.096284	-0.141451	-0.190585
0.023400	-0.285801	-0.270237	-0.272679	-0.257725	-0.208591	-0.225986	-0.177157	-0.078279	-0.133822	-0.187228
0.023500	-0.275120	-0.267796	-0.275120	-0.259251	-0.212253	-0.218357	-0.174716	-0.073396	-0.137789	-0.180209
0.023600	-0.277562	-0.268101	-0.271153	-0.247654	-0.215000	-0.222019	-0.178378	-0.082856	-0.145113	-0.185397
0.023700	-0.271153	-0.271458	-0.272679	-0.247044	-0.234531	-0.232090	-0.185702	-0.102693	-0.154879	-0.183566
0.023800	-0.268101	-0.276341	-0.279393	-0.269932	-0.245823	-0.237583	-0.199435	-0.121309	-0.181125	-0.193637
0.023900	-0.276341	-0.281224	-0.288243	-0.283970	-0.245823	-0.249180	-0.210117	-0.141146	-0.191195	-0.211337
0.024000	-0.291905	-0.289158	-0.301061	-0.294957	-0.237583	-0.261997	-0.222629	-0.145724	-0.193637	-0.227207
0.024100	-0.288243	-0.284581	-0.301976	-0.294957	-0.250706	-0.259251	-0.238193	-0.157321	-0.208896	-0.228428
0.024200	-0.282139	-0.295567	-0.305638	-0.295872	-0.265965	-0.280919	-0.262303	-0.174716	-0.234836	-0.251926
0.024300	-0.268406	-0.290379	-0.302586	-0.308995	-0.275120	-0.292210	-0.280919	-0.195468	-0.250401	-0.265354
0.024400	-0.280003	-0.292515	-0.316625	-0.314488	-0.276951	-0.308385	-0.295262	-0.211948	-0.265049	-0.289464
0.024500	-0.288853	-0.297704	-0.323339	-0.324254	-0.281224	-0.311742	-0.300145	-0.224155	-0.270237	-0.309300
0.024600	-0.288548	-0.294347	-0.329442	-0.329748	-0.275730	-0.305943	-0.306249	-0.237583	-0.279393	-0.318151
0.024700	-0.282750	-0.297398	-0.319371	-0.329748	-0.275120	-0.308995	-0.305028	-0.236973	-0.272373	-0.330053
0.024800	-0.265354	-0.280613	-0.322118	-0.322728	-0.265660	-0.309911	-0.312047	-0.227817	-0.271458	-0.337377
0.024900	-0.260777	-0.265965	-0.312047	-0.305028	-0.256199	-0.314794	-0.303502	-0.216831	-0.265660	-0.332799
0.025000	-0.253452	-0.261997	-0.304418	-0.290379	-0.236667	-0.298619	-0.292515	-0.205234	-0.252537	-0.324254
0.025100	-0.243076	-0.256504	-0.284581	-0.283970	-0.225071	-0.277562	-0.280613	-0.196078	-0.233005	-0.312657
0.025200	-0.227512	-0.242161	-0.276646	-0.283360	-0.219577	-0.261082	-0.271458	-0.187533	-0.219883	-0.308690
0.025300	-0.213474	-0.233005	-0.264744	-0.274510	-0.205539	-0.251926	-0.256809	-0.177462	-0.203403	-0.292210
0.025400	-0.202792	-0.223545	-0.261387	-0.259251	-0.191501	-0.239719	-0.233005	-0.154879	-0.179293	-0.265354
0.025500	-0.196384	-0.211032	-0.248875	-0.251011	-0.173190	-0.210422	-0.210422	-0.130465	-0.152133	-0.238193
0.025600	-0.186313	-0.205234	-0.235142	-0.237888	-0.152133	-0.190890	-0.186313	-0.102388	-0.123140	-0.214694
0.025700	-0.168917	-0.178988	-0.212253	-0.214389	-0.119478	-0.175631	-0.166171	-0.087434	-0.102388	-0.188144
0.025800	-0.157015	-0.157931	-0.196994	-0.189364	-0.108187	-0.154269	-0.139315	-0.071565	-0.083772	-0.160983
0.025900	-0.147250	-0.142062	-0.185397	-0.171054	-0.094148	-0.131991	-0.126497	-0.054170	-0.067597	-0.135042
0.026000	-0.131991	-0.131380	-0.168917	-0.150912	-0.079194	-0.117342	-0.099336	-0.048371	-0.048676	-0.104524
0.026100	-0.121309	-0.117647	-0.148165	-0.142367	-0.066072	-0.101472	-0.081331	-0.037995	-0.020600	-0.078889
0.026200	-0.113069	-0.111543	-0.131380	-0.130770	-0.060273	-0.097810	-0.063935	-0.019989	-0.016938	-0.069429
0.026300	-0.100252	-0.090181	-0.121309	-0.110323	-0.047150	-0.086213	-0.063630	-0.023957	-0.019379	-0.052033
0.026400	-0.101778	-0.091096	-0.104830	-0.098421	-0.048066	-0.082551	-0.059358	-0.029755	-0.019684	-0.044099
0.026500	-0.088960	-0.080720	-0.097810	-0.100862	-0.046845	-0.065461	-0.056611	-0.049897	-0.025177	-0.040742
0.026600	-0.095979	-0.086213	-0.090486	-0.096895	-0.051118	-0.068208	-0.051728	-0.064546	-0.028840	-0.052338
0.026700	-0.093233	-0.082856	-0.089876	-0.097810	-0.051423	-0.066682	-0.052338	-0.074311	-0.038911	-0.046540
0.026800	-0.096590	-0.080720	-0.087739	-0.093538	-0.056611	-0.081025	-0.058747	-0.086824	-0.044404	-0.048676
0.026900	-0.084077	-0.073396	-0.089570	-0.095369	-0.059663	-0.082856	-0.078279	-0.098421	-0.069429	-0.061494
0.027000	-0.086824	-0.074617	-0.086519	-0.091402	-0.071565	-0.094453	-0.089570	-0.119478	-0.082551	-0.074311
0.027100	-0.092927	-0.084688	-0.086519	-0.090486	-0.079194	-0.108187	-0.106661	-0.146944	-0.100252	-0.095674
0.027200	-0.101778	-0.084688	-0.091402	-0.095979	-0.094759	-0.109712	-0.123751	-0.166476	-0.120089	-0.110628
0.027300	-0.109102	-0.088960	-0.096895	-0.104219	-0.109407	-0.110628	-0.135348	-0.187228	-0.146334	-0.132601
0.027400	-0.106355	-0.094453	-0.095979	-0.115206	-0.122530	-0.120394	-0.146334	-0.211643	-0.156100	-0.136568
0.027500	-0.110018	-0.112459	-0.093233	-0.129854	-0.133516	-0.140536	-0.158541	-0.225681	-0.166476	-0.155795
0.027600	-0.118868	-0.113985	-0.107881	-0.135042	-0.143282	-0.147250	-0.168612	-0.228733	-0.182040	-0.164340
0.027700	-0.131380	-0.123140	-0.114595	-0.133822	-0.142367	-0.160678	-0.181125	-0.245823	-0.188754	-0.178378
0.027800	-0.124971	-0.119478	-0.118563	-0.141146	-0.144198	-0.153048	-0.189364	-0.258640	-0.196384	-0.184787
0.027900	-0.135042	-0.125582	-0.124971	-0.148165	-0.155184	-0.150912	-0.196689	-0.271458	-0.200351	-0.195163
0.028000	-0.129244	-0.133822	-0.129244	-0.158236	-0.161898	-0.155795	-0.199741	-0.272679	-0.206760	-0.199435
0.028100	-0.126497	-0.138705	-0.117952	-0.151217	-0.164950	-0.162814	-0.203098	-0.275425	-0.204929	-0.190890
0.028200	-0.128939	-0.138399	-0.125582	-0.149081	-0.170443	-0.164340	-0.207065	-0.272373	-0.203098	-0.187228
0.028300	-0.130160	-0.143893	-0.133822	-0.159152	-0.178378	-0.161288	-0.202487	-0.269627	-0.201266	-0.192111
0.028400	-0.130465	-0.144503	-0.136568	-0.164034	-0.181735	-0.154269	-0.195773	-0.265354	-0.206455	-0.192111
0.028500	-0.139925	-0.145113	-0.129244	-0.158846	-0.188449	-0.148165	-0.194552	-0.266880	-0.204624	-0.182040
0.028600	-0.144198	-0.146639	-0.127108	-0.162814	-0.193332	-0.152438	-0.196689	-0.275425	-0.206149	-0.171664
0.028700	-0.140536	-0.139925	-0.136263	-0.160983	-0.196689	-0.149081	-0.193637	-0.286107	-0.221103	-0.165866
0.028800	-0.151217	-0.154879	-0.135348	-0.165866	-0.200656	-0.157015	-0.191195	-0.297704	-0.219577	-0.170748
0.028900	-0.139620	-0.160067	-0.144808	-0.172579	-0.200961	-0.162509	-0.199435	-0.294041	-0.220188	-0.173800
0.029000	-0.138399	-0.160983	-0.145113	-0.177157	-0.202792	-0.161288	-0.207675	-0.281224	-0.214694	-0.173190
0.029100	-0.129854	-0.155184	-0.133516	-0.167086	-0.200046	-0.156710	-0.205539	-0.283665	-0.219883	-0.162814
0.029200	-0.125277	-0.152133	-0.122530	-0.158236	-0.205234	-0.161593	-0.202182	-0.288853	-0.216220	-0.154879
0.029300	-0.131075	-0.159457	-0.139315	-0.161898	-0.217746	-0.161898	-0.202182	-0.289464	-0.214084	-0.150607
0.029400	-0.138705	-0.167086	-0.149386	-0.170138	-0.218357	-0.158541	-0.199435	-0.276341	-0.213169	-0.154269
0.029500	-0.136873	-0.170138	-0.144503	-0.165560	-0.216526	-0.157321	-0.193942	-0.270543	-0.213474	-0.151217
0.029600	-0.140536	-0.166476	-0.142062	-0.161288	-0.219577	-0.153964	-0.189975	-0.274205	-0.220493	-0.151522
0.029700	-0.143893	-0.170748	-0.145113	-0.161288	-0.222934	-0.155795	-0.184176	-0.275120	-0.227512	-0.147250
0.029800	-0.155489	-0.173800	-0.153048	-0.163729	-0.216220	-0.162814	-0.185702	-0.281529	-0.237278	-0.149386
0.029900	-0.179904	-0.183261	-0.149386	-0.158236	-0.207981	-0.160983	-0.189364	-0.283665	-0.244602	-0.164950
0.030000	-0.198520	-0.186313	-0.156405	-0.157321	-0.212863	-0.160678	-0.189670	-0.285496	-0.253452	-0.179293
0.030100	-0.205539	-0.191501	-0.156710	-0.157321	-0.227512	-0.166476	-0.197909	-0.292821	-0.268101	-0.195163
0.030200	-0.206455	-0.201572	-0.159457	-0.163119	-0.237583	-0.175326	-0.207675	-0.288853	-0.261387	-0.199435
0.030300	-0.205539	-0.212253	-0.165866	-0.170138	-0.242161	-0.193332	-0.213779	-0.281224	-0.257115	-0.193332
0.030400	-0.213474	-0.229954	-0.178988	-0.182345	-0.243381	-0.201572	-0.213169	-0.269627	-0.261997	-0.194552
0.030500	-0.232395	-0.247959	-0.193942	-0.187839	-0.246738	-0.198825	-0.210117	-0.278782	-0.280919	-0.208286
0.030600	-0.254368	-0.256809	-0.211948	-0.196994	-0.258030	-0.197909	-0.213779	-0.293431	-0.297704	-0.217441
0.030700	-0.264439	-0.265965	-0.221714	-0.200351	-0.275425	-0.208591	-0.231785	-0.298924	-0.311131	-0.234836
0.030800	-0.267796	-0.273899	-0.230259	-0.206760	-0.288243	-0.232090	-0.251621	-0.305943	-0.316319	-0.253452
0.030900	-0.266575	-0.280919	-0.237888	-0.217746	-0.298619	-0.259251	-0.267186	-0.304723	-0.313573	-0.267186
0.031000	-0.277867	-0.296788	-0.256809	-0.238193	-0.305943	-0.276036	-0.276646	-0.301976	-0.316014	-0.268711
0.031100	-0.286412	-0.313268	-0.284276	-0.268711	-0.317235	-0.277867	-0.282444	-0.300145	-0.318761	-0.273899
0.031200	-0.286717	-0.323644	-0.297398	-0.272679	-0.320897	-0.281529	-0.285496	-0.311131	-0.325780	-0.277256
0.031300	-0.287938	-0.328832	-0.298009	-0.266575	-0.323339	-0.295567	-0.289158	-0.309606	-0.330358	-0.287327
0.031400	-0.289464	-0.335851	-0.298924	-0.274205	-0.329748	-0.312047	-0.301061	-0.298009	-0.326696	-0.299229
0.031500	-0.295262	-0.340734	-0.311437	-0.288243	-0.333105	-0.320287	-0.308995	-0.295872	-0.337987	-0.309911
0.031600	-0.305333	-0.337682	-0.326696	-0.300145	-0.327611	-0.316319	-0.314183	-0.303502	-0.341344	-0.314488
0.031700	-0.303807	-0.335546	-0.333715	-0.311437	-0.331884	-0.319066	-0.315404	-0.300145	-0.334630	-0.314488
0.031800	-0.298314	-0.333105	-0.336156	-0.319982	-0.339208	-0.326696	-0.327611	-0.299535	-0.339818	-0.323339
0.031900	-0.297704	-0.333715	-0.323644	-0.311742	-0.333715	-0.333715	-0.336767	-0.282750	-0.328222	-0.334935
0.032000	-0.291600	-0.323949	-0.330358	-0.311437	-0.316014	-0.330663	-0.333715	-0.269017	-0.310826	-0.326696
0.032100	-0.291905	-0.310826	-0.333105	-0.315709	-0.306249	-0.320897	-0.321508	-0.251621	-0.289769	-0.326085
0.032200	-0.285801	-0.292821	-0.322423	-0.299229	-0.294347	-0.303807	-0.305028	-0.245212	-0.287633	-0.317540
0.032300	-0.289158	-0.280613	-0.307164	-0.287633	-0.278782	-0.299535	-0.289158	-0.225071	-0.280308	-0.312047
0.032400	-0.291600	-0.262608	-0.295872	-0.279698	-0.260777	-0.296178	-0.280613	-0.210422	-0.282444	-0.303197
0.032500	-0.304723	-0.263829	-0.283665	-0.269322	-0.256199	-0.294652	-0.273899	-0.205539	-0.273899	-0.303807
0.032600	-0.314488	-0.265049	-0.276646	-0.264134	-0.242161	-0.276951	-0.262913	-0.210727	-0.270848	-0.304723
0.032700	-0.324559	-0.257725	-0.272373	-0.252232	-0.232395	-0.268101	-0.258030	-0.205844	-0.263829	-0.306554
0.032800	-0.316930	-0.250401	-0.261387	-0.254978	-0.232090	-0.262913	-0.254063	-0.186313	-0.243381	-0.301061
0.032900	-0.303807	-0.244602	-0.254368	-0.249790	-0.229648	-0.260166	-0.253758	-0.169528	-0.221103	-0.283055
0.033000	-0.286717	-0.247654	-0.251316	-0.250401	-0.221714	-0.255283	-0.239109	-0.143893	-0.196384	-0.250706
0.033100	-0.279698	-0.256504	-0.261387	-0.249180	-0.203708	-0.243992	-0.219883	-0.123140	-0.176852	-0.225376
0.033200	-0.284276	-0.255283	-0.266575	-0.258335	-0.189059	-0.230259	-0.199130	-0.107881	-0.165866	-0.219577
0.033300	-0.281224	-0.243381	-0.254978	-0.245212	-0.171969	-0.210727	-0.182956	-0.098421	-0.154879	-0.206760
0.033400	-0.269017	-0.231785	-0.240940	-0.221714	-0.171359	-0.211032	-0.172885	-0.088960	-0.138094	-0.199130
0.033500	-0.254978	-0.224155	-0.225986	-0.211337	-0.179904	-0.215305	-0.173190	-0.087739	-0.134127	-0.184787
0.033600	-0.260777	-0.236362	-0.222934	-0.216220	-0.181735	-0.229648	-0.170443	-0.085298	-0.131685	-0.171359
0.033700	-0.265965	-0.245212	-0.234226	-0.237278	-0.177768	-0.227207	-0.168307	-0.081025	-0.139925	-0.170443
0.033800	-0.259251	-0.243076	-0.248569	-0.251926	-0.179293	-0.222934	-0.167697	-0.090181	-0.145113	-0.181430
0.033900	-0.239109	-0.236667	-0.251316	-0.252232	-0.192111	-0.219577	-0.177157	-0.089570	-0.142977	-0.180514
0.034000	-0.225681	-0.231785	-0.245518	-0.243381	-0.200351	-0.219577	-0.189670	-0.100252	-0.144503	-0.172885
0.034100	-0.229343	-0.237888	-0.245212	-0.243381	-0.194247	-0.227512	-0.191195	-0.096895	-0.145113	-0.171969
0.034200	-0.232090	-0.237278	-0.251621	-0.249790	-0.177462	-0.222934	-0.186923	-0.097200	-0.160678	-0.178988
0.034300	-0.236667	-0.235142	-0.259251	-0.252842	-0.176242	-0.222324	-0.175326	-0.105135	-0.165255	-0.196689
0.034400	-0.227512	-0.228122	-0.258640	-0.247044	-0.181430	-0.225986	-0.172885	-0.125887	-0.171969	-0.203708
0.034500	-0.223545	-0.216220	-0.248569	-0.237888	-0.196078	-0.245518	-0.190890	-0.133822	-0.180209	-0.221714
0.034600	-0.219577	-0.200961	-0.236057	-0.245212	-0.206455	-0.263829	-0.213474	-0.145724	-0.191501	-0.226291
0.034700	-0.236667	-0.211643	-0.237583	-0.258030	-0.206455	-0.263829	-0.226291	-0.149081	-0.189364	-0.234836
0.034800	-0.250706	-0.217136	-0.246738	-0.255283	-0.202487	-0.254673	-0.223545	-0.154269	-0.200046	-0.247044
0.034900	-0.264134	-0.208286	-0.256504	-0.261082	-0.197604	-0.246128	-0.228122	-0.174411	-0.216220	-0.256809
0.035000	-0.271153	-0.187533	-0.243687	-0.258640	-0.192721	-0.245823	-0.222934	-0.195468	-0.233921	-0.272679
0.035100	-0.257420	-0.164034	-0.227512	-0.241550	-0.193942	-0.253147	-0.235447	-0.209506	-0.252537	-0.289769
0.035200	-0.243992	-0.167391	-0.210117	-0.225071	-0.201266	-0.264744	-0.249180	-0.213169	-0.242466	-0.303502
0.035300	-0.240635	-0.178988	-0.205539	-0.225071	-0.210422	-0.273594	-0.259251	-0.207370	-0.219577	-0.300450
0.035400	-0.237583	-0.186923	-0.203403	-0.229648	-0.215305	-0.269017	-0.265354	-0.200046	-0.207370	-0.285191
0.035500	-0.233310	-0.188144	-0.205234	-0.237583	-0.216220	-0.257420	-0.254063	-0.204929	-0.206455	-0.269322
0.035600	-0.218357	-0.189670	-0.216831	-0.247349	-0.217441	-0.257420	-0.243687	-0.203708	-0.201572	-0.258640
0.035700	-0.193942	-0.196994	-0.222934	-0.253147	-0.217441	-0.266880	-0.246128	-0.184787	-0.180209	-0.255589
0.035800	-0.172579	-0.193637	-0.217746	-0.247959	-0.200046	-0.252232	-0.242161	-0.164340	-0.144198	-0.237888
0.035900	-0.165866	-0.184787	-0.206455	-0.236362	-0.178378	-0.225681	-0.218357	-0.137484	-0.115206	-0.200046
0.036000	-0.158236	-0.170748	-0.201572	-0.227207	-0.156405	-0.182650	-0.183566	-0.118257	-0.109102	-0.162509
0.036100	-0.139315	-0.154574	-0.191195	-0.205844	-0.125277	-0.136263	-0.146944	-0.109407	-0.096895	-0.142367
0.036200	-0.110018	-0.125887	-0.169528	-0.170138	-0.094759	-0.106661	-0.126192	-0.095369	-0.063630	-0.130770
0.036300	-0.077363	-0.097810	-0.130160	-0.135348	-0.067903	-0.091707	-0.114290	-0.075532	-0.022736	-0.104524
0.036400	-0.060578	-0.081941	-0.090181	-0.108797	-0.058137	-0.085603	-0.088960	-0.059663	-0.005035	-0.056916
0.036500	-0.066072	-0.082551	-0.077058	-0.093233	-0.067597	-0.079194	-0.067292	-0.045624	-0.008698	-0.021820
0.036600	-0.075227	-0.093538	-0.083772	-0.098421	-0.076143	-0.068818	-0.061799	-0.048676	-0.025788	-0.013886
0.036700	-0.068513	-0.098116	-0.096590	-0.107881	-0.081025	-0.056916	-0.052949	-0.062409	-0.035554	-0.019074
0.036800	-0.049287	-0.094453	-0.094148	-0.103609	-0.078889	-0.037995	-0.045624	-0.078279	-0.037690	-0.030365
0.036900	-0.044099	-0.090486	-0.082856	-0.089876	-0.074922	-0.033112	-0.039521	-0.096590	-0.037079	-0.030671
0.037000	-0.065156	-0.085298	-0.080415	-0.085603	-0.074006	-0.048371	-0.050507	-0.108492	-0.052338	-0.022431
0.037100	-0.102693	-0.079194	-0.081636	-0.090181	-0.079194	-0.060273	-0.069123	-0.116732	-0.080415	-0.033722
0.037200	-0.126803	-0.077668	-0.082551	-0.087434	-0.086213	-0.060884	-0.077058	-0.139010	-0.123140	-0.059663
0.037300	-0.124361	-0.079194	-0.077668	-0.080110	-0.105135	-0.063630	-0.079805	-0.164645	-0.146944	-0.081941
0.037400	-0.118563	-0.084382	-0.078279	-0.071870	-0.124056	-0.068513	-0.092622	-0.191806	-0.159762	-0.102998
0.037500	-0.139315	-0.091707	-0.068208	-0.077668	-0.143282	-0.093538	-0.113069	-0.220493	-0.166171	-0.119173
0.037600	-0.162203	-0.106050	-0.071565	-0.103609	-0.168917	-0.127718	-0.138094	-0.239414	-0.189364	-0.133822
0.037700	-0.168612	-0.138094	-0.097505	-0.131380	-0.199741	-0.159762	-0.166476	-0.258640	-0.221714	-0.149081
0.037800	-0.157321	-0.172579	-0.136263	-0.158846	-0.232090	-0.182650	-0.186923	-0.289769	-0.254978	-0.171969
0.037900	-0.166476	-0.203098	-0.175326	-0.185092	-0.256504	-0.199741	-0.204929	-0.315099	-0.266270	-0.200656
0.038000	-0.181430	-0.221714	-0.206760	-0.202792	-0.268406	-0.208896	-0.225986	-0.325170	-0.276341	-0.227512
0.038100	-0.179293	-0.229648	-0.215305	-0.219272	-0.274510	-0.225986	-0.245823	-0.326390	-0.274510	-0.243076
0.038200	-0.169833	-0.229343	-0.222019	-0.230869	-0.280613	-0.233005	-0.262303	-0.313268	-0.258640	-0.249790
0.038300	-0.159152	-0.233616	-0.223545	-0.231785	-0.280308	-0.230869	-0.258335	-0.299229	-0.240024	-0.235447
0.038400	-0.149386	-0.232090	-0.232395	-0.224765	-0.267796	-0.222629	-0.245212	-0.291295	-0.236362	-0.217136
0.038500	-0.157321	-0.227207	-0.224155	-0.205844	-0.240024	-0.200351	-0.225376	-0.288243	-0.233616	-0.209201
0.038600	-0.159152	-0.222324	-0.221714	-0.194552	-0.217746	-0.187533	-0.208896	-0.279393	-0.243381	-0.207675
0.038700	-0.143893	-0.217136	-0.207981	-0.189670	-0.212253	-0.174105	-0.198520	-0.276951	-0.228122	-0.206455
0.038800	-0.109407	-0.202182	-0.204929	-0.172579	-0.215915	-0.167086	-0.194247	-0.270543	-0.195773	-0.196078
0.038900	-0.078584	-0.194552	-0.193027	-0.155489	-0.219883	-0.154879	-0.185702	-0.255589	-0.161898	-0.173190
0.039000	-0.074006	-0.182345	-0.178988	-0.147555	-0.205844	-0.153048	-0.172885	-0.231479	-0.148470	-0.143587
0.039100	-0.094148	-0.184787	-0.173495	-0.154269	-0.173495	-0.152438	-0.159762	-0.203403	-0.138094	-0.113069
0.039200	-0.102693	-0.170443	-0.175326	-0.148776	-0.144503	-0.125582	-0.145113	-0.187228	-0.141756	-0.108187
0.039300	-0.111849	-0.147555	-0.156405	-0.119783	-0.135653	-0.095674	-0.126192	-0.188144	-0.144808	-0.107576
0.039400	-0.113375	-0.120394	-0.134737	-0.075227	-0.135958	-0.069734	-0.104830	-0.201572	-0.151217	-0.110018
0.039500	-0.114290	-0.109407	-0.096284	-0.044099	-0.140841	-0.065461	-0.095064	-0.206455	-0.153353	-0.111849
0.039600	-0.136568	-0.116121	-0.091707	-0.051118	-0.142367	-0.093233	-0.109102	-0.210727	-0.160067	-0.109712
0.039700	-0.165255	-0.135958	-0.092927	-0.081025	-0.145724	-0.106355	-0.124971	-0.206455	-0.156710	-0.102388
0.039800	-0.181735	-0.149081	-0.115206	-0.104830	-0.160067	-0.117342	-0.133211	-0.221103	-0.182345	-0.109712
0.039900	-0.185397	-0.167391	-0.125277	-0.101472	-0.185702	-0.110323	-0.136263	-0.239719	-0.197604	-0.123140
0.040000	-0.187533	-0.176547	-0.140536	-0.098116	-0.208896	-0.125887	-0.138705	-0.264134	-0.225376	-0.134127
0.040100	-0.201877	-0.189364	-0.142367	-0.113375	-0.227512	-0.153048	-0.159762	-0.274815	-0.234531	-0.150912
0.040200	-0.224155	-0.214084	-0.161288	-0.143282	-0.240024	-0.180209	-0.182956	-0.278477	-0.249485	-0.171664
0.040300	-0.245823	-0.249485	-0.195468	-0.173495	-0.251621	-0.190890	-0.210422	-0.288853	-0.269932	-0.188144
0.040400	-0.265965	-0.265354	-0.223240	-0.197909	-0.263523	-0.208591	-0.213169	-0.301976	-0.294041	-0.213779
0.040500	-0.268406	-0.270237	-0.247959	-0.206455	-0.271153	-0.222934	-0.225986	-0.318456	-0.301671	-0.229038
0.040600	-0.260777	-0.277256	-0.251926	-0.206760	-0.277562	-0.233616	-0.232090	-0.323033	-0.299840	-0.238193
0.040700	-0.262608	-0.281529	-0.254673	-0.212253	-0.288243	-0.257725	-0.250401	-0.315099	-0.304723	-0.243381
0.040800	-0.280308	-0.299840	-0.257115	-0.235752	-0.307469	-0.272679	-0.268101	-0.305638	-0.300145	-0.245212
0.040900	-0.286412	-0.312657	-0.283055	-0.260166	-0.323644	-0.282139	-0.280919	-0.301976	-0.319371	-0.249790
0.041000	-0.293736	-0.323033	-0.298619	-0.276341	-0.330968	-0.280308	-0.283970	-0.306554	-0.327306	-0.259556
0.041100	-0.278172	-0.321813	-0.320592	-0.277562	-0.326085	-0.293431	-0.283360	-0.311742	-0.325170	-0.273594
0.041200	-0.262303	-0.318761	-0.316014	-0.269932	-0.312657	-0.297398	-0.288853	-0.315709	-0.321202	-0.288548
0.041300	-0.254063	-0.324559	-0.309300	-0.269322	-0.307469	-0.301976	-0.288548	-0.307469	-0.315099	-0.294957
0.041400	-0.269322	-0.322118	-0.319066	-0.276341	-0.294041	-0.301671	-0.294652	-0.295262	-0.318151	-0.292210
0.041500	-0.282444	-0.311742	-0.321202	-0.279393	-0.296178	-0.305333	-0.289769	-0.278172	-0.321508	-0.285191
0.041600	-0.275425	-0.302892	-0.323033	-0.266575	-0.290990	-0.302586	-0.295872	-0.269932	-0.324254	-0.289464
0.041700	-0.262303	-0.286717	-0.298314	-0.251316	-0.294652	-0.296788	-0.297704	-0.275120	-0.315709	-0.297704
0.041800	-0.261997	-0.276646	-0.289158	-0.251621	-0.296788	-0.312047	-0.298924	-0.270848	-0.299840	-0.303197
0.041900	-0.271153	-0.259861	-0.268711	-0.257725	-0.287327	-0.306249	-0.295567	-0.264134	-0.298314	-0.300755
0.042000	-0.292210	-0.264439	-0.270848	-0.256504	-0.274205	-0.308995	-0.293736	-0.252232	-0.299229	-0.293126
0.042100	-0.303502	-0.267796	-0.279393	-0.260472	-0.270848	-0.309606	-0.304418	-0.246128	-0.312047	-0.305028
0.042200	-0.292821	-0.272679	-0.277562	-0.265965	-0.272068	-0.312657	-0.311742	-0.247959	-0.309911	-0.319066
0.042300	-0.280919	-0.278172	-0.283055	-0.262303	-0.270237	-0.315709	-0.314794	-0.249790	-0.304418	-0.335241
0.042400	-0.285496	-0.271153	-0.285801	-0.268101	-0.253452	-0.315404	-0.317845	-0.244602	-0.289464	-0.339208
0.042500	-0.299229	-0.261387	-0.283360	-0.263523	-0.245823	-0.323949	-0.308385	-0.227817	-0.269322	-0.338292
0.042600	-0.318761	-0.261082	-0.285496	-0.275120	-0.230869	-0.316319	-0.311437	-0.215000	-0.268711	-0.319982
0.042700	-0.332189	-0.258946	-0.271763	-0.282139	-0.229648	-0.303807	-0.304418	-0.207675	-0.274510	-0.316319
0.042800	-0.335851	-0.263218	-0.276646	-0.280613	-0.237583	-0.300755	-0.298009	-0.198825	-0.275425	-0.319982
0.042900	-0.328527	-0.251926	-0.263829	-0.261387	-0.241245	-0.287327	-0.291905	-0.193637	-0.268101	-0.319066
0.043000	-0.326085	-0.249790	-0.254368	-0.254063	-0.226291	-0.290074	-0.289769	-0.188449	-0.243381	-0.311742
0.043100	-0.327611	-0.238193	-0.250401	-0.268101	-0.215915	-0.292210	-0.287633	-0.179904	-0.228122	-0.299535
0.043200	-0.320287	-0.240024	-0.249790	-0.288243	-0.206455	-0.292210	-0.286412	-0.167086	-0.228122	-0.283665
0.043300	-0.302586	-0.248875	-0.260166	-0.295567	-0.215305	-0.291295	-0.278477	-0.162203	-0.234531	-0.280003
0.043400	-0.291905	-0.259251	-0.275120	-0.294957	-0.199130	-0.273594	-0.284276	-0.165255	-0.243687	-0.283665
0.043500	-0.290074	-0.251621	-0.272373	-0.277562	-0.194247	-0.264439	-0.269322	-0.158236	-0.227207	-0.289464
0.043600	-0.280919	-0.223850	-0.258640	-0.275120	-0.172274	-0.254368	-0.267796	-0.153658	-0.211337	-0.271763
0.043700	-0.265354	-0.201266	-0.228733	-0.264134	-0.173800	-0.255589	-0.256504	-0.143282	-0.189059	-0.248264
0.043800	-0.251011	-0.194247	-0.222324	-0.267796	-0.178988	-0.256199	-0.260166	-0.138399	-0.191806	-0.234836
0.043900	-0.247959	-0.192721	-0.208286	-0.265354	-0.188754	-0.254368	-0.253147	-0.142367	-0.196994	-0.243076
0.044000	-0.246738	-0.201266	-0.210422	-0.272679	-0.185397	-0.248264	-0.252842	-0.139620	-0.197604	-0.249790
0.044100	-0.240635	-0.190890	-0.202792	-0.272068	-0.176547	-0.230869	-0.242771	-0.141451	-0.194247	-0.258335
0.044200	-0.215915	-0.177157	-0.190890	-0.267186	-0.170443	-0.214694	-0.233921	-0.133516	-0.177157	-0.242466
0.044300	-0.198825	-0.175631	-0.189059	-0.259556	-0.175631	-0.218967	-0.228428	-0.119478	-0.162203	-0.228733
0.044400	-0.182650	-0.173495	-0.188754	-0.269017	-0.171359	-0.217746	-0.228733	-0.123140	-0.164034	-0.216831
0.044500	-0.197909	-0.187839	-0.200656	-0.272373	-0.181125	-0.235142	-0.223850	-0.122225	-0.161593	-0.221103
0.044600	-0.206760	-0.195163	-0.212558	-0.293736	-0.176547	-0.229648	-0.229648	-0.120089	-0.169528	-0.222934
0.044700	-0.208591	-0.189364	-0.205844	-0.280003	-0.176852	-0.217136	-0.221714	-0.137484	-0.170138	-0.227207
0.044800	-0.190585	-0.182650	-0.198520	-0.269932	-0.169528	-0.202182	-0.211643	-0.145724	-0.172274	-0.229954
0.044900	-0.171359	-0.172274	-0.188449	-0.257115	-0.160372	-0.190280	-0.204929	-0.140536	-0.162509	-0.227817
0.045000	-0.173800	-0.170443	-0.186923	-0.259861	-0.154574	-0.200351	-0.205844	-0.132906	-0.152743	-0.219883
0.045100	-0.189975	-0.176547	-0.186923	-0.254978	-0.161288	-0.211337	-0.211032	-0.124056	-0.143893	-0.212558
0.045200	-0.201572	-0.181735	-0.190890	-0.255589	-0.160983	-0.207981	-0.215915	-0.126192	-0.156100	-0.207065
0.045300	-0.205844	-0.172274	-0.184176	-0.253452	-0.164034	-0.196689	-0.210117	-0.133211	-0.170443	-0.217746
0.045400	-0.195163	-0.156405	-0.174716	-0.245212	-0.162814	-0.177462	-0.193637	-0.133516	-0.173495	-0.224460
0.045500	-0.188144	-0.146639	-0.164950	-0.228122	-0.149081	-0.172274	-0.178073	-0.143893	-0.173800	-0.222019
0.045600	-0.174411	-0.149996	-0.160372	-0.227207	-0.146334	-0.178378	-0.173190	-0.152743	-0.164340	-0.213169
0.045700	-0.178073	-0.159762	-0.165866	-0.230259	-0.145113	-0.185702	-0.187533	-0.156405	-0.161593	-0.205844
0.045800	-0.184482	-0.164034	-0.166781	-0.229038	-0.139925	-0.181735	-0.183871	-0.154269	-0.155184	-0.203708
0.045900	-0.178683	-0.156405	-0.171664	-0.207981	-0.132296	-0.174105	-0.170138	-0.143893	-0.139925	-0.200046
0.046000	-0.160372	-0.140841	-0.165866	-0.193027	-0.125582	-0.165560	-0.157321	-0.125887	-0.108797	-0.192721
0.046100	-0.146944	-0.128939	-0.142367	-0.178073	-0.122530	-0.147250	-0.142062	-0.110628	-0.085603	-0.170138
0.046200	-0.137179	-0.124361	-0.122530	-0.171359	-0.123445	-0.133822	-0.123140	-0.096284	-0.065461	-0.143587
0.046300	-0.132296	-0.120699	-0.115816	-0.171054	-0.101778	-0.115206	-0.123445	-0.078889	-0.064240	-0.110323
0.046400	-0.135042	-0.115511	-0.115511	-0.150912	-0.082551	-0.095674	-0.100862	-0.063935	-0.062409	-0.095979
0.046500	-0.117342	-0.102388	-0.117952	-0.127413	-0.057527	-0.068818	-0.076753	-0.062104	-0.054170	-0.078584
0.046600	-0.102083	-0.098726	-0.111543	-0.097810	-0.050507	-0.055695	-0.049897	-0.063935	-0.038300	-0.075837
0.046700	-0.077668	-0.088960	-0.092927	-0.101167	-0.058442	-0.040742	-0.036469	-0.073396	-0.033417	-0.066987
0.046800	-0.082856	-0.086213	-0.078279	-0.099336	-0.081025	-0.055085	-0.035554	-0.084077	-0.037079	-0.045624
0.046900	-0.079805	-0.097505	-0.079500	-0.102388	-0.084688	-0.063020	-0.054170	-0.093233	-0.050507	-0.039826
0.047000	-0.077668	-0.109102	-0.094453	-0.098116	-0.094148	-0.071870	-0.066377	-0.096284	-0.061799	-0.054475
0.047100	-0.072786	-0.110018	-0.108797	-0.112154	-0.108492	-0.073091	-0.070954	-0.101472	-0.065156	-0.057221
0.047200	-0.063630	-0.109712	-0.102693	-0.104524	-0.119478	-0.065156	-0.062715	-0.114290	-0.070954	-0.058137
0.047300	-0.065461	-0.102998	-0.105135	-0.101778	-0.128939	-0.072786	-0.061799	-0.128023	-0.077668	-0.071565
0.047400	-0.078889	-0.096590	-0.098116	-0.112764	-0.128023	-0.082551	-0.072175	-0.136263	-0.089570	-0.071260
0.047500	-0.091096	-0.104219	-0.096895	-0.112764	-0.129244	-0.083772	-0.074922	-0.145113	-0.106966	-0.075227
0.047600	-0.095674	-0.115816	-0.111849	-0.119478	-0.126192	-0.082551	-0.074617	-0.161898	-0.123140	-0.081331
0.047700	-0.100557	-0.127108	-0.113985	-0.110628	-0.139010	-0.085298	-0.071565	-0.182956	-0.147555	-0.098421
0.047800	-0.102083	-0.130465	-0.109102	-0.102693	-0.152743	-0.086824	-0.074922	-0.207981	-0.167086	-0.110323
0.047900	-0.127413	-0.133822	-0.108187	-0.100252	-0.160067	-0.097810	-0.086519	-0.228122	-0.176852	-0.127718
0.048000	-0.136263	-0.141756	-0.120699	-0.120394	-0.172579	-0.119173	-0.110628	-0.237583	-0.176547	-0.145419
0.048100	-0.139010	-0.159762	-0.134127	-0.134737	-0.191501	-0.152438	-0.130465	-0.236973	-0.174105	-0.155489
0.048200	-0.135348	-0.169833	-0.147555	-0.139620	-0.205539	-0.164340	-0.142062	-0.247959	-0.182040	-0.145724
0.048300	-0.135653	-0.179599	-0.153353	-0.128023	-0.215915	-0.162814	-0.156710	-0.252232	-0.195773	-0.152438
0.048400	-0.145724	-0.178988	-0.155795	-0.130465	-0.225986	-0.163119	-0.153658	-0.251011	-0.196994	-0.167697
0.048500	-0.157015	-0.191195	-0.170138	-0.144198	-0.228428	-0.170443	-0.148776	-0.252537	-0.195773	-0.164645
0.048600	-0.158236	-0.205844	-0.181430	-0.153353	-0.228122	-0.173190	-0.153964	-0.254368	-0.192111	-0.147250
0.048700	-0.155795	-0.222019	-0.189670	-0.155489	-0.236667	-0.181735	-0.149081	-0.250401	-0.196384	-0.155489
0.048800	-0.153964	-0.219272	-0.200961	-0.159152	-0.230259	-0.183261	-0.153658	-0.260166	-0.214389	-0.149081
0.048900	-0.145724	-0.215305	-0.206760	-0.147860	-0.229343	-0.176852	-0.161288	-0.265965	-0.225071	-0.151217
0.049000	-0.153964	-0.220798	-0.212253	-0.153353	-0.230869	-0.171664	-0.167697	-0.265660	-0.215305	-0.166171
0.049100	-0.156710	-0.212253	-0.207370	-0.149996	-0.237583	-0.182650	-0.165866	-0.277256	-0.210727	-0.160983
0.049200	-0.158541	-0.214694	-0.195468	-0.145724	-0.238804	-0.191806	-0.174411	-0.264439	-0.207370	-0.145419
0.049300	-0.162203	-0.208286	-0.190585	-0.138094	-0.229954	-0.192111	-0.172885	-0.256504	-0.218967	-0.147555
0.049400	-0.177462	-0.212253	-0.190585	-0.127108	-0.218357	-0.194247	-0.174105	-0.250706	-0.231785	-0.168307
0.049500	-0.184787	-0.205539	-0.195773	-0.116121	-0.210727	-0.183871	-0.175936	-0.268406	-0.234531	-0.172579
0.049600	-0.191501	-0.205844	-0.196689	-0.110933	-0.218051	-0.171054	-0.172274	-0.275730	-0.220798	-0.179293
0.049700	-0.190280	-0.197604	-0.190280	-0.122530	-0.231479	-0.160067	-0.167086	-0.265965	-0.205539	-0.171054
0.049800	-0.201572	-0.205234	-0.190890	-0.135958	-0.234836	-0.182956	-0.167086	-0.258640	-0.214389	-0.165866
0.049900	-0.210117	-0.222324	-0.193332	-0.139620	-0.229038	-0.203403	-0.176852	-0.275425	-0.242771	-0.163119
0.050000	-0.224460	-0.237888	-0.206760	-0.143282	-0.231479	-0.202182	-0.197909	-0.295262	-0.272679	-0.177462
0.050100	-0.238193	-0.245823	-0.223850	-0.146334	-0.247654	-0.200046	-0.216526	-0.306859	-0.273594	-0.212253
0.050200	-0.240330	-0.234226	-0.229343	-0.166781	-0.272679	-0.200961	-0.220798	-0.317540	-0.276341	-0.236057
0.050300	-0.247654	-0.222019	-0.226597	-0.176852	-0.290074	-0.230564	-0.223240	-0.321813	-0.289769	-0.242771
0.050400	-0.250706	-0.236667	-0.233310	-0.179599	-0.290379	-0.275730	-0.232395	-0.346532	-0.318151	-0.247654
0.050500	-0.254063	-0.256809	-0.238804	-0.182345	-0.300145	-0.283360	-0.259251	-0.364538	-0.335241	-0.244907
0.050600	-0.270543	-0.280308	-0.250706	-0.198520	-0.326696	-0.285801	-0.296178	-0.348974	-0.327611	-0.276341
0.050700	-0.267186	-0.292210	-0.272068	-0.225986	-0.337377	-0.275730	-0.296788	-0.328222	-0.314183	-0.300450
0.050800	-0.265049	-0.282139	-0.290990	-0.238193	-0.330968	-0.283055	-0.282139	-0.330358	-0.317540	-0.289158
0.050900	-0.260777	-0.276341	-0.290074	-0.246128	-0.322118	-0.295262	-0.288548	-0.332494	-0.322728	-0.277256
0.051000	-0.245823	-0.281529	-0.280919	-0.240635	-0.317235	-0.293736	-0.289158	-0.332799	-0.328832	-0.276036
0.051100	-0.247349	-0.294041	-0.280919	-0.242771	-0.326085	-0.290074	-0.297704	-0.327611	-0.321508	-0.271458
0.051200	-0.251621	-0.296178	-0.287327	-0.258640	-0.334935	-0.290990	-0.307164	-0.319066	-0.311131	-0.276951
0.051300	-0.262303	-0.294652	-0.297398	-0.269932	-0.328527	-0.292210	-0.307164	-0.318456	-0.313573	-0.273899
0.051400	-0.273594	-0.300450	-0.304723	-0.262913	-0.312962	-0.294041	-0.305638	-0.306554	-0.316930	-0.274205
0.051500	-0.272068	-0.301671	-0.305333	-0.251621	-0.309911	-0.288853	-0.303807	-0.304112	-0.316014	-0.271153
0.051600	-0.270543	-0.296178	-0.294347	-0.254978	-0.322118	-0.282444	-0.285801	-0.301671	-0.307164	-0.276036
0.051700	-0.270237	-0.293126	-0.277256	-0.266880	-0.323644	-0.287327	-0.279393	-0.301366	-0.310521	-0.266880
0.051800	-0.273594	-0.297704	-0.280308	-0.263523	-0.299840	-0.299840	-0.296178	-0.305028	-0.332494	-0.265354
0.051900	-0.276036	-0.301671	-0.287938	-0.258946	-0.282750	-0.289769	-0.312962	-0.305333	-0.327611	-0.271763
0.052000	-0.284581	-0.311131	-0.300145	-0.254978	-0.291600	-0.285191	-0.301366	-0.271458	-0.304112	-0.296788
0.052100	-0.283665	-0.314794	-0.307775	-0.264744	-0.308385	-0.292210	-0.288853	-0.264744	-0.292515	-0.294652
0.052200	-0.277562	-0.312047	-0.301366	-0.280003	-0.312962	-0.291295	-0.294041	-0.278782	-0.297704	-0.272984
0.052300	-0.291600	-0.301976	-0.289769	-0.287633	-0.310521	-0.302586	-0.312657	-0.275730	-0.301671	-0.266880
0.052400	-0.311437	-0.295872	-0.298009	-0.279698	-0.290379	-0.316930	-0.317845	-0.269932	-0.321202	-0.285496
0.052500	-0.331884	-0.298619	-0.309606	-0.278172	-0.281834	-0.319066	-0.324865	-0.269627	-0.311742	-0.293736
0.052600	-0.344396	-0.299535	-0.305638	-0.284581	-0.292515	-0.324559	-0.330053	-0.259251	-0.316930	-0.320897
0.052700	-0.338292	-0.288243	-0.305943	-0.285496	-0.295567	-0.319371	-0.332189	-0.275120	-0.348058	-0.337682
0.052800	-0.337377	-0.303197	-0.304418	-0.281834	-0.294347	-0.315709	-0.336156	-0.272679	-0.351720	-0.346532
0.052900	-0.332189	-0.301671	-0.306859	-0.290990	-0.291905	-0.313268	-0.334935	-0.265965	-0.336156	-0.349584
0.053000	-0.340734	-0.312962	-0.311131	-0.298314	-0.283665	-0.333105	-0.322423	-0.256199	-0.301061	-0.349584
0.053100	-0.332189	-0.315099	-0.311131	-0.304112	-0.272679	-0.331884	-0.330663	-0.239109	-0.292821	-0.330358
0.053200	-0.327001	-0.316014	-0.315709	-0.295567	-0.269932	-0.324559	-0.347753	-0.218662	-0.294652	-0.335546
0.053300	-0.327916	-0.308385	-0.311131	-0.300145	-0.261387	-0.299535	-0.346227	-0.199741	-0.293736	-0.346532
0.053400	-0.335241	-0.301671	-0.310826	-0.299840	-0.262303	-0.293736	-0.311742	-0.179904	-0.270237	-0.339208
0.053500	-0.321813	-0.295872	-0.307164	-0.314488	-0.256809	-0.301366	-0.305943	-0.173190	-0.243687	-0.316014
0.053600	-0.306249	-0.292210	-0.307164	-0.322118	-0.246433	-0.305638	-0.303807	-0.173800	-0.223545	-0.287938
0.053700	-0.288243	-0.287938	-0.307164	-0.315404	-0.237583	-0.294957	-0.306249	-0.162509	-0.229038	-0.275120
0.053800	-0.276646	-0.274815	-0.304723	-0.302586	-0.215305	-0.276341	-0.309300	-0.154879	-0.240330	-0.283055
0.053900	-0.273594	-0.262913	-0.290379	-0.293431	-0.193637	-0.258335	-0.287633	-0.135653	-0.219577	-0.289769
0.054000	-0.261387	-0.237278	-0.273594	-0.284276	-0.175936	-0.247654	-0.259556	-0.127413	-0.190585	-0.269322
0.054100	-0.247044	-0.228122	-0.254978	-0.285191	-0.168002	-0.240024	-0.253147	-0.109712	-0.150912	-0.244602
0.054200	-0.227817	-0.219577	-0.248264	-0.286412	-0.162203	-0.224155	-0.251316	-0.083162	-0.138705	-0.229954
0.054300	-0.216526	-0.212558	-0.233616	-0.282139	-0.163119	-0.221103	-0.238804	-0.077058	-0.138399	-0.223545
0.054400	-0.213474	-0.199435	-0.218051	-0.263829	-0.148470	-0.222019	-0.224765	-0.086213	-0.142367	-0.205234
0.054500	-0.215000	-0.188144	-0.201266	-0.244602	-0.143893	-0.215915	-0.209201	-0.074311	-0.121309	-0.182650
0.054600	-0.201572	-0.169528	-0.198520	-0.238193	-0.127108	-0.191501	-0.212863	-0.060884	-0.106050	-0.171359
0.054700	-0.193637	-0.157931	-0.190890	-0.239414	-0.127718	-0.180514	-0.199435	-0.071260	-0.111849	-0.176852
0.054800	-0.193637	-0.160983	-0.185702	-0.247349	-0.125582	-0.174716	-0.192111	-0.072786	-0.126497	-0.178988
0.054900	-0.202182	-0.170443	-0.174716	-0.253147	-0.120394	-0.186007	-0.182345	-0.090486	-0.136873	-0.182345
0.055000	-0.207370	-0.177768	-0.179599	-0.256199	-0.116426	-0.191806	-0.189975	-0.105135	-0.131991	-0.178378
0.055100	-0.203708	-0.160678	-0.181125	-0.249180	-0.114900	-0.179904	-0.200046	-0.110018	-0.124971	-0.166781
0.055200	-0.205844	-0.155184	-0.170138	-0.240024	-0.113680	-0.167086	-0.203708	-0.095674	-0.109102	-0.180209
0.055300	-0.210422	-0.154879	-0.167697	-0.221714	-0.104524	-0.177157	-0.189975	-0.106050	-0.138399	-0.206149
0.055400	-0.225376	-0.167086	-0.159762	-0.216526	-0.113680	-0.182040	-0.174716	-0.120394	-0.155184	-0.208591
0.055500	-0.228428	-0.178683	-0.165866	-0.235752	-0.136263	-0.182956	-0.184176	-0.124666	-0.157321	-0.196994
0.055600	-0.225986	-0.180209	-0.170443	-0.258030	-0.153658	-0.181430	-0.205539	-0.127108	-0.154879	-0.207675
0.055700	-0.222629	-0.176852	-0.178073	-0.252537	-0.150912	-0.187839	-0.193027	-0.135958	-0.165866	-0.230259
0.055800	-0.225986	-0.177462	-0.193027	-0.244907	-0.142367	-0.199741	-0.181430	-0.154269	-0.173495	-0.222324
0.055900	-0.229038	-0.186923	-0.193332	-0.248569	-0.153048	-0.211948	-0.183261	-0.160067	-0.172274	-0.216220
0.056000	-0.220798	-0.185092	-0.191806	-0.262303	-0.175631	-0.217746	-0.210117	-0.174716	-0.183566	-0.212558
0.056100	-0.215305	-0.172885	-0.182956	-0.276951	-0.180514	-0.218662	-0.231479	-0.188449	-0.193332	-0.223240
0.056200	-0.207981	-0.164645	-0.176242	-0.265660	-0.158541	-0.212253	-0.228428	-0.169833	-0.178683	-0.235752
0.056300	-0.202792	-0.158236	-0.181430	-0.240940	-0.135348	-0.197299	-0.208896	-0.150301	-0.154269	-0.236362
0.056400	-0.182345	-0.156710	-0.183871	-0.230259	-0.135958	-0.181430	-0.189670	-0.136873	-0.130160	-0.216526
0.056500	-0.153658	-0.152133	-0.160372	-0.236362	-0.149691	-0.165560	-0.173800	-0.131380	-0.123140	-0.181430
0.056600	-0.137484	-0.143587	-0.145724	-0.223240	-0.146334	-0.168002	-0.164340	-0.142672	-0.131991	-0.160372
0.056700	-0.130160	-0.136873	-0.145419	-0.193942	-0.118563	-0.165560	-0.152133	-0.146944	-0.134737	-0.158541
0.056800	-0.117647	-0.123751	-0.142977	-0.169528	-0.098116	-0.146639	-0.131991	-0.126497	-0.112459	-0.154269
0.056900	-0.107271	-0.112459	-0.139010	-0.161288	-0.102693	-0.125887	-0.120089	-0.097505	-0.081636	-0.135653
0.057000	-0.091707	-0.100557	-0.130160	-0.165866	-0.115511	-0.112154	-0.111543	-0.096590	-0.066072	-0.118868
0.057100	-0.078279	-0.092927	-0.119783	-0.170748	-0.118563	-0.107271	-0.098726	-0.108797	-0.065766	-0.104219
0.057200	-0.070954	-0.091402	-0.106966	-0.165255	-0.106966	-0.110323	-0.084382	-0.119478	-0.072175	-0.085908
0.057300	-0.066072	-0.087739	-0.092927	-0.145419	-0.081025	-0.112764	-0.087739	-0.120089	-0.066987	-0.064240
0.057400	-0.068818	-0.074617	-0.094453	-0.128023	-0.066987	-0.097505	-0.106661	-0.110628	-0.060273	-0.056001
0.057500	-0.072480	-0.069123	-0.092927	-0.114900	-0.068513	-0.073091	-0.107271	-0.103304	-0.059968	-0.070344
0.057600	-0.072480	-0.065156	-0.090791	-0.102693	-0.080415	-0.053864	-0.074617	-0.109407	-0.070039	-0.086213
0.057700	-0.084382	-0.067292	-0.083772	-0.099031	-0.094148	-0.048371	-0.044709	-0.128939	-0.090181	-0.080110
0.057800	-0.092622	-0.074006	-0.064240	-0.097810	-0.105745	-0.065766	-0.040436	-0.153353	-0.107881	-0.065156
0.057900	-0.106050	-0.083467	-0.061799	-0.097810	-0.101472	-0.085908	-0.067597	-0.176242	-0.122225	-0.052338
0.058000	-0.125582	-0.090486	-0.066987	-0.089265	-0.100862	-0.094453	-0.098421	-0.197909	-0.133822	-0.074922
0.058100	-0.134127	-0.096895	-0.091707	-0.089876	-0.114900	-0.097505	-0.110628	-0.212253	-0.148165	-0.120699
0.058200	-0.139010	-0.103609	-0.092622	-0.099031	-0.150607	-0.101167	-0.105745	-0.222934	-0.158846	-0.149081
0.058300	-0.149081	-0.117952	-0.087129	-0.112459	-0.175936	-0.117647	-0.101778	-0.233616	-0.176547	-0.139925
0.058400	-0.163729	-0.139925	-0.091707	-0.130465	-0.183566	-0.140841	-0.121920	-0.247044	-0.182040	-0.122530
0.058500	-0.163119	-0.158236	-0.108797	-0.141756	-0.188449	-0.154574	-0.160678	-0.269932	-0.193332	-0.134127
0.058600	-0.169528	-0.171054	-0.134737	-0.145113	-0.196384	-0.160067	-0.174105	-0.281529	-0.212863	-0.169528
0.058700	-0.174716	-0.172579	-0.153964	-0.149996	-0.200961	-0.157321	-0.167086	-0.286107	-0.243381	-0.193942
0.058800	-0.178073	-0.166476	-0.162509	-0.150607	-0.219883	-0.155795	-0.164034	-0.296178	-0.256504	-0.193637
0.058900	-0.175326	-0.176852	-0.171664	-0.157321	-0.248264	-0.166476	-0.171054	-0.307469	-0.258335	-0.192721
0.059000	-0.165255	-0.193027	-0.172274	-0.167697	-0.266880	-0.182956	-0.181430	-0.326085	-0.256199	-0.191501
0.059100	-0.153353	-0.208591	-0.174716	-0.176852	-0.265965	-0.194552	-0.189059	-0.322728	-0.248264	-0.206760
0.059200	-0.143282	-0.215305	-0.189670	-0.167391	-0.257115	-0.200046	-0.187533	-0.306249	-0.241856	-0.205844
0.059300	-0.144808	-0.218051	-0.195468	-0.169833	-0.254063	-0.191806	-0.180514	-0.280613	-0.228733	-0.190280
0.059400	-0.143282	-0.215000	-0.195163	-0.175936	-0.252842	-0.178683	-0.179293	-0.267186	-0.217136	-0.171054
0.059500	-0.131685	-0.203403	-0.189364	-0.168612	-0.255589	-0.164340	-0.175936	-0.265965	-0.206455	-0.170748
0.059600	-0.113680	-0.193942	-0.185397	-0.156405	-0.246128	-0.159762	-0.164034	-0.275425	-0.211643	-0.162814
0.059700	-0.111543	-0.193637	-0.182956	-0.145419	-0.233005	-0.159457	-0.150912	-0.268711	-0.216526	-0.153964
0.059800	-0.109102	-0.192721	-0.187533	-0.139315	-0.218357	-0.160983	-0.152438	-0.251316	-0.210727	-0.139925
0.059900	-0.112459	-0.180514	-0.184176	-0.137484	-0.225681	-0.154879	-0.159762	-0.238193	-0.196689	-0.141451
0.060000	-0.108797	-0.160983	-0.178378	-0.137179	-0.227512	-0.147555	-0.154269	-0.234226	-0.193942	-0.139010
0.060100	-0.111849	-0.155489	-0.163729	-0.110323	-0.211337	-0.133822	-0.130160	-0.228428	-0.187228	-0.135653
0.060200	-0.110628	-0.154879	-0.155489	-0.093233	-0.193637	-0.133516	-0.112459	-0.232395	-0.196994	-0.123140
0.060300	-0.125887	-0.160372	-0.143282	-0.079500	-0.203708	-0.136568	-0.114290	-0.236973	-0.195468	-0.121309
0.060400	-0.128023	-0.164950	-0.143282	-0.088350	-0.214084	-0.143282	-0.132601	-0.234531	-0.196078	-0.129549
0.060500	-0.136873	-0.168917	-0.139620	-0.088350	-0.211948	-0.140536	-0.139620	-0.220798	-0.189364	-0.154574
0.060600	-0.143282	-0.167086	-0.159152	-0.081636	-0.204929	-0.141756	-0.142367	-0.211948	-0.193332	-0.154574
0.060700	-0.162509	-0.176852	-0.160067	-0.075532	-0.196384	-0.139620	-0.142367	-0.196384	-0.194247	-0.139315
0.060800	-0.172274	-0.186923	-0.166476	-0.088350	-0.205539	-0.149081	-0.144198	-0.211643	-0.205539	-0.131380
0.060900	-0.187533	-0.193942	-0.168307	-0.103304	-0.220188	-0.160067	-0.150607	-0.240330	-0.215305	-0.143587
0.061000	-0.194247	-0.199435	-0.184787	-0.110933	-0.230564	-0.176547	-0.155184	-0.257725	-0.234226	-0.156405
0.061100	-0.210422	-0.214084	-0.200351	-0.127108	-0.237278	-0.181430	-0.172274	-0.244907	-0.247349	-0.173800
0.061200	-0.225681	-0.238193	-0.207981	-0.126803	-0.242466	-0.188449	-0.185702	-0.218967	-0.240024	-0.183566
0.061300	-0.236667	-0.247959	-0.216831	-0.133211	-0.249790	-0.198825	-0.199741	-0.233921	-0.237888	-0.187533
0.061400	-0.242161	-0.259861	-0.214389	-0.142367	-0.256199	-0.207675	-0.203708	-0.251926	-0.239414	-0.198825
0.061500	-0.233310	-0.268406	-0.231785	-0.153658	-0.253758	-0.217136	-0.208286	-0.263218	-0.257115	-0.212253
0.061600	-0.246128	-0.278172	-0.240330	-0.158541	-0.255589	-0.219883	-0.218357	-0.254978	-0.261997	-0.225071
0.061700	-0.248875	-0.283970	-0.257725	-0.164950	-0.257115	-0.225986	-0.230564	-0.240940	-0.256809	-0.230564
0.061800	-0.260777	-0.287938	-0.267186	-0.176242	-0.258335	-0.219577	-0.239719	-0.225376	-0.235142	-0.220188
0.061900	-0.261387	-0.287022	-0.274510	-0.193637	-0.273899	-0.229038	-0.227207	-0.229954	-0.229954	-0.228733
0.062000	-0.254978	-0.283665	-0.280919	-0.219883	-0.280308	-0.242771	-0.223545	-0.235447	-0.245212	-0.226597
0.062100	-0.254063	-0.292821	-0.285496	-0.230259	-0.282139	-0.269627	-0.224460	-0.233616	-0.266880	-0.226291
0.062200	-0.259251	-0.303197	-0.289158	-0.243687	-0.286412	-0.281224	-0.246738	-0.238804	-0.272068	-0.227817
0.062300	-0.263829	-0.297398	-0.291295	-0.236057	-0.291295	-0.278172	-0.264134	-0.244602	-0.263523	-0.237278
0.062400	-0.265049	-0.281834	-0.298924	-0.234836	-0.283970	-0.275120	-0.274815	-0.247959	-0.257420	-0.252537
0.062500	-0.259251	-0.270237	-0.289769	-0.236362	-0.282444	-0.270848	-0.266270	-0.237583	-0.266575	-0.266270
0.062600	-0.253452	-0.273899	-0.294652	-0.248569	-0.280003	-0.280919	-0.266270	-0.228122	-0.274815	-0.265660
0.062700	-0.256504	-0.278782	-0.286107	-0.247654	-0.272679	-0.285801	-0.277562	-0.225071	-0.266575	-0.262303
0.062800	-0.261387	-0.277562	-0.284276	-0.246738	-0.262303	-0.296788	-0.272068	-0.226291	-0.259251	-0.265049
0.062900	-0.263829	-0.272373	-0.283970	-0.251621	-0.260166	-0.290379	-0.280003	-0.212253	-0.245518	-0.272068
0.063000	-0.256809	-0.261082	-0.284276	-0.244907	-0.258640	-0.294041	-0.268711	-0.205539	-0.250401	-0.281529
0.063100	-0.245212	-0.251316	-0.285496	-0.258335	-0.254673	-0.289158	-0.272984	-0.210422	-0.254978	-0.275730
0.063200	-0.254368	-0.252537	-0.277256	-0.261997	-0.253758	-0.298009	-0.275120	-0.210727	-0.251926	-0.269322
0.063300	-0.254978	-0.247654	-0.275120	-0.271458	-0.254673	-0.301366	-0.277562	-0.210727	-0.247044	-0.264744
0.063400	-0.259861	-0.242466	-0.262303	-0.258335	-0.246738	-0.301366	-0.277562	-0.193637	-0.238193	-0.266880
0.063500	-0.256809	-0.233005	-0.264744	-0.247959	-0.228122	-0.292210	-0.278172	-0.180514	-0.239719	-0.268406
0.063600	-0.265965	-0.230259	-0.262913	-0.242161	-0.213169	-0.276341	-0.281224	-0.170138	-0.234531	-0.268406
0.063700	-0.270543	-0.226597	-0.262608	-0.248875	-0.203098	-0.257725	-0.279393	-0.168002	-0.224765	-0.276951
0.063800	-0.269322	-0.225681	-0.254978	-0.247654	-0.196689	-0.253147	-0.263218	-0.172579	-0.218357	-0.273594
0.063900	-0.258640	-0.227207	-0.249180	-0.245823	-0.190890	-0.255589	-0.247654	-0.171054	-0.214694	-0.270848
0.064000	-0.255589	-0.222019	-0.237583	-0.236667	-0.176852	-0.253147	-0.246128	-0.162203	-0.202792	-0.256504
0.064100	-0.262913	-0.219272	-0.233616	-0.227207	-0.166171	-0.251621	-0.250706	-0.152438	-0.196078	-0.242771
0.064200	-0.265354	-0.212558	-0.220493	-0.221103	-0.156405	-0.234836	-0.241856	-0.141756	-0.189670	-0.238193
0.064300	-0.267186	-0.211948	-0.216526	-0.240024	-0.171359	-0.226291	-0.233616	-0.131685	-0.182650	-0.232090
0.064400	-0.258946	-0.216831	-0.225986	-0.246433	-0.184787	-0.229648	-0.220798	-0.133822	-0.184176	-0.229954
0.064500	-0.258030	-0.226291	-0.216831	-0.258640	-0.192721	-0.240940	-0.225681	-0.158236	-0.200656	-0.215305
0.064600	-0.264744	-0.240024	-0.229343	-0.256504	-0.190280	-0.259251	-0.245518	-0.177462	-0.212863	-0.214694
0.064700	-0.276646	-0.246433	-0.228122	-0.263218	-0.184482	-0.261387	-0.262913	-0.183871	-0.216831	-0.230564
0.064800	-0.280003	-0.239414	-0.237583	-0.260166	-0.193027	-0.261387	-0.264134	-0.174716	-0.222324	-0.261082
0.064900	-0.284581	-0.239719	-0.242466	-0.272373	-0.195163	-0.251926	-0.260166	-0.173800	-0.224765	-0.267796
0.065000	-0.288853	-0.247349	-0.246128	-0.284581	-0.201572	-0.245823	-0.251926	-0.186313	-0.235752	-0.274815
0.065100	-0.282139	-0.260777	-0.248264	-0.294041	-0.216831	-0.264744	-0.254673	-0.206455	-0.235447	-0.266575
0.065200	-0.280613	-0.266270	-0.253758	-0.310521	-0.220493	-0.274815	-0.272373	-0.221714	-0.234226	-0.266270
0.065300	-0.276341	-0.267186	-0.256199	-0.319066	-0.233921	-0.283055	-0.270848	-0.219883	-0.236057	-0.272679
0.065400	-0.278477	-0.258335	-0.269627	-0.329748	-0.232395	-0.282139	-0.291600	-0.204929	-0.246128	-0.288548
0.065500	-0.286107	-0.250706	-0.259861	-0.323033	-0.239109	-0.282444	-0.288243	-0.198825	-0.253147	-0.291600
0.065600	-0.286412	-0.252537	-0.264134	-0.326696	-0.240330	-0.285191	-0.287633	-0.200961	-0.247044	-0.282750
0.065700	-0.282444	-0.254063	-0.249790	-0.333715	-0.246738	-0.287938	-0.282139	-0.217136	-0.243992	-0.282444
0.065800	-0.271763	-0.243687	-0.265354	-0.335241	-0.244602	-0.298009	-0.290379	-0.231785	-0.251316	-0.289158
0.065900	-0.270543	-0.233921	-0.259556	-0.330053	-0.237583	-0.294041	-0.292210	-0.235447	-0.249180	-0.293431
0.066000	-0.264744	-0.230869	-0.268101	-0.329748	-0.234531	-0.294957	-0.301061	-0.233616	-0.252842	-0.295262
0.066100	-0.263218	-0.233310	-0.254978	-0.322423	-0.232090	-0.293126	-0.309911	-0.231785	-0.240330	-0.289769
0.066200	-0.260777	-0.228733	-0.251316	-0.308690	-0.233005	-0.299535	-0.299535	-0.228733	-0.236973	-0.282139
0.066300	-0.252232	-0.209201	-0.241856	-0.303502	-0.225376	-0.277562	-0.284581	-0.223545	-0.234836	-0.264744
0.066400	-0.239109	-0.191806	-0.239414	-0.294041	-0.208286	-0.256809	-0.271458	-0.216831	-0.233616	-0.269017
0.066500	-0.223240	-0.185397	-0.228428	-0.282139	-0.197909	-0.244602	-0.265354	-0.203403	-0.218051	-0.260472
0.066600	-0.212558	-0.181735	-0.212558	-0.272373	-0.178073	-0.232395	-0.262913	-0.197909	-0.204624	-0.246128
0.066700	-0.207981	-0.175936	-0.192111	-0.251926	-0.169528	-0.225986	-0.244602	-0.195468	-0.193942	-0.235447
0.066800	-0.203403	-0.165866	-0.180209	-0.237583	-0.152743	-0.217746	-0.233005	-0.184176	-0.183871	-0.233310
0.066900	-0.189059	-0.147860	-0.165866	-0.215915	-0.145419	-0.191501	-0.220798	-0.175936	-0.178988	-0.222934
0.067000	-0.169833	-0.141756	-0.160983	-0.207065	-0.141451	-0.176852	-0.209201	-0.164340	-0.171969	-0.211337
0.067100	-0.152743	-0.139315	-0.141756	-0.200351	-0.130160	-0.154879	-0.189059	-0.160678	-0.167391	-0.193332
0.067200	-0.158236	-0.139925	-0.137484	-0.186313	-0.121614	-0.144503	-0.170138	-0.160372	-0.154574	-0.179904
0.067300	-0.154269	-0.136263	-0.133211	-0.178073	-0.108797	-0.132296	-0.161898	-0.149081	-0.138705	-0.178073
0.067400	-0.146944	-0.130160	-0.130770	-0.173800	-0.102693	-0.128023	-0.158236	-0.141756	-0.132601	-0.175631
0.067500	-0.149691	-0.135042	-0.125582	-0.170138	-0.092622	-0.113069	-0.159457	-0.133516	-0.125277	-0.168002
0.067600	-0.151522	-0.134737	-0.111849	-0.152133	-0.089570	-0.107576	-0.144808	-0.125887	-0.116732	-0.153353
0.067700	-0.156710	-0.133822	-0.108797	-0.145113	-0.097505	-0.097810	-0.129549	-0.119173	-0.113985	-0.142367
0.067800	-0.158541	-0.131685	-0.109712	-0.142062	-0.104830	-0.084077	-0.120394	-0.116426	-0.105135	-0.137484
0.067900	-0.147250	-0.132906	-0.115511	-0.147555	-0.109407	-0.079500	-0.113680	-0.118868	-0.101472	-0.135653
0.068000	-0.139925	-0.142977	-0.115206	-0.149996	-0.109407	-0.081636	-0.104219	-0.129549	-0.102998	-0.126803
0.068100	-0.136263	-0.156405	-0.111849	-0.153353	-0.112459	-0.090486	-0.102693	-0.146639	-0.119478	-0.108187
0.068200	-0.151217	-0.156100	-0.106355	-0.149386	-0.125277	-0.101167	-0.107271	-0.170443	-0.131685	-0.099947
0.068300	-0.161288	-0.153048	-0.113069	-0.149996	-0.146944	-0.122530	-0.118563	-0.178073	-0.143893	-0.103304
0.068400	-0.161898	-0.150301	-0.124056	-0.153353	-0.157015	-0.122530	-0.141756	-0.196689	-0.157321	-0.117647
0.068500	-0.171054	-0.162814	-0.142062	-0.163119	-0.167391	-0.125277	-0.148165	-0.199130	-0.157931	-0.142672
0.068600	-0.177768	-0.161898	-0.152133	-0.183871	-0.169528	-0.122530	-0.151522	-0.202182	-0.172885	-0.150912
0.068700	-0.177768	-0.166171	-0.153353	-0.187228	-0.193027	-0.150607	-0.145724	-0.210727	-0.175936	-0.160067
0.068800	-0.176852	-0.168612	-0.172885	-0.198825	-0.197909	-0.161288	-0.165866	-0.220188	-0.179904	-0.163729
0.068900	-0.178988	-0.178988	-0.172274	-0.196078	-0.201877	-0.162814	-0.174105	-0.229343	-0.181125	-0.164645
0.069000	-0.167697	-0.179904	-0.184176	-0.194858	-0.205539	-0.158541	-0.191806	-0.229648	-0.178378	-0.177768
0.069100	-0.161898	-0.180209	-0.177157	-0.196384	-0.219577	-0.159457	-0.182040	-0.227207	-0.182040	-0.180209
0.069200	-0.153048	-0.175936	-0.174411	-0.198825	-0.230564	-0.171054	-0.169528	-0.235752	-0.196994	-0.171359
0.069300	-0.146639	-0.178683	-0.162509	-0.193332	-0.224460	-0.175936	-0.161898	-0.233921	-0.197299	-0.153353
0.069400	-0.127718	-0.174105	-0.177768	-0.192111	-0.204929	-0.172274	-0.169528	-0.228122	-0.193637	-0.149386
0.069500	-0.118563	-0.168002	-0.170443	-0.172579	-0.187228	-0.151217	-0.170138	-0.224765	-0.175936	-0.153964
0.069600	-0.113069	-0.148776	-0.154879	-0.148470	-0.175936	-0.141756	-0.162509	-0.218051	-0.175326	-0.155795
0.069700	-0.117647	-0.142367	-0.142977	-0.129854	-0.174411	-0.133211	-0.153048	-0.199741	-0.171359	-0.140841
0.069800	-0.110933	-0.145724	-0.139620	-0.120089	-0.178378	-0.126803	-0.140841	-0.179599	-0.166171	-0.135958
0.069900	-0.109102	-0.147250	-0.143893	-0.121004	-0.171664	-0.112764	-0.132906	-0.175326	-0.155489	-0.131685
0.070000	-0.108492	-0.150607	-0.135348	-0.120089	-0.162203	-0.111543	-0.116121	-0.178683	-0.138094	-0.127108
0.070100	-0.101167	-0.146639	-0.140841	-0.116732	-0.157015	-0.119478	-0.104219	-0.181430	-0.143282	-0.116426
0.070200	-0.105135	-0.142672	-0.138399	-0.114900	-0.148776	-0.113680	-0.100252	-0.183566	-0.145113	-0.106966
0.070300	-0.109102	-0.154574	-0.133516	-0.107576	-0.147555	-0.118563	-0.101472	-0.167391	-0.147250	-0.109407
0.070400	-0.112154	-0.151217	-0.121614	-0.099947	-0.149081	-0.108492	-0.108797	-0.166171	-0.167697	-0.106966
0.070500	-0.124361	-0.159457	-0.125277	-0.091402	-0.162509	-0.123751	-0.106355	-0.164950	-0.167697	-0.124056
0.070600	-0.125887	-0.151522	-0.130465	-0.096590	-0.158236	-0.117952	-0.110323	-0.178683	-0.169833	-0.125277
0.070700	-0.134737	-0.156710	-0.138094	-0.083162	-0.164645	-0.129244	-0.104830	-0.174411	-0.161593	-0.127108
0.070800	-0.132296	-0.153048	-0.148776	-0.094148	-0.162509	-0.120394	-0.113680	-0.176242	-0.163119	-0.125887
0.070900	-0.149996	-0.170138	-0.149386	-0.097200	-0.177462	-0.133516	-0.107576	-0.178988	-0.157931	-0.139925
0.071000	-0.173190	-0.181735	-0.164034	-0.118563	-0.175936	-0.138094	-0.119783	-0.195163	-0.165560	-0.144198
0.071100	-0.200961	-0.192721	-0.167697	-0.122530	-0.187533	-0.143587	-0.121004	-0.209506	-0.177462	-0.146334
0.071200	-0.203098	-0.207370	-0.193332	-0.143282	-0.213169	-0.158541	-0.135042	-0.211032	-0.189364	-0.152743
0.071300	-0.208896	-0.211337	-0.201266	-0.153658	-0.239719	-0.171054	-0.152438	-0.225986	-0.210422	-0.167086
0.071400	-0.216526	-0.234836	-0.210422	-0.166476	-0.252842	-0.200046	-0.175326	-0.244602	-0.228122	-0.175631
0.071500	-0.232090	-0.259861	-0.223240	-0.187228	-0.254063	-0.219883	-0.187839	-0.257115	-0.251621	-0.191195
0.071600	-0.236667	-0.276341	-0.250401	-0.207065	-0.278782	-0.244602	-0.202487	-0.272373	-0.253147	-0.205844
0.071700	-0.240940	-0.286412	-0.261082	-0.219577	-0.297704	-0.252537	-0.224460	-0.280919	-0.255589	-0.219272
0.071800	-0.236362	-0.284581	-0.259251	-0.228428	-0.302892	-0.258640	-0.229038	-0.280613	-0.264439	-0.232395
0.071900	-0.234836	-0.278477	-0.271153	-0.233921	-0.299229	-0.260777	-0.246738	-0.283665	-0.278477	-0.243076
0.072000	-0.239719	-0.279393	-0.280003	-0.236667	-0.299229	-0.275425	-0.259861	-0.290074	-0.276036	-0.244907
0.072100	-0.248264	-0.278477	-0.287327	-0.245823	-0.308690	-0.285801	-0.269627	-0.294347	-0.273899	-0.246738
0.072200	-0.254368	-0.281529	-0.292515	-0.257725	-0.329442	-0.291600	-0.266270	-0.300755	-0.274205	-0.245212
0.072300	-0.265965	-0.287633	-0.295872	-0.276036	-0.330053	-0.294957	-0.270543	-0.311437	-0.291600	-0.255283
0.072400	-0.268406	-0.293126	-0.307775	-0.281224	-0.323033	-0.305333	-0.282444	-0.320592	-0.309911	-0.255283
0.072500	-0.265965	-0.293431	-0.308385	-0.278172	-0.314488	-0.312047	-0.305028	-0.320592	-0.317845	-0.262608
0.072600	-0.256809	-0.292821	-0.306859	-0.270848	-0.329748	-0.325780	-0.312962	-0.321813	-0.320287	-0.274205
0.072700	-0.256809	-0.292210	-0.312047	-0.266880	-0.334630	-0.324559	-0.319982	-0.317845	-0.326390	-0.293736
0.072800	-0.260472	-0.287022	-0.299535	-0.264744	-0.323339	-0.319066	-0.304418	-0.314794	-0.329748	-0.304723
0.072900	-0.258946	-0.279698	-0.293431	-0.267796	-0.307469	-0.315099	-0.294347	-0.317540	-0.330663	-0.306859
0.073000	-0.262608	-0.286412	-0.292515	-0.265354	-0.307469	-0.316930	-0.290990	-0.303502	-0.312352	-0.300450
0.073100	-0.268406	-0.278172	-0.281529	-0.252537	-0.299535	-0.308385	-0.295262	-0.295262	-0.302892	-0.284276
0.073200	-0.277256	-0.280003	-0.281834	-0.255283	-0.295567	-0.297398	-0.285496	-0.278782	-0.284581	-0.281529
0.073300	-0.272068	-0.276341	-0.294041	-0.266575	-0.283360	-0.282139	-0.285496	-0.268101	-0.294652	-0.293126
0.073400	-0.277256	-0.270848	-0.289158	-0.264439	-0.278782	-0.288548	-0.278172	-0.266880	-0.302586	-0.306249
0.073500	-0.278782	-0.275425	-0.291600	-0.260166	-0.264744	-0.284276	-0.282444	-0.256199	-0.295567	-0.301366
0.073600	-0.280613	-0.278782	-0.284276	-0.250401	-0.268101	-0.276341	-0.264134	-0.246433	-0.290990	-0.281834
0.073700	-0.288548	-0.288548	-0.283665	-0.248569	-0.269932	-0.278477	-0.258640	-0.239414	-0.276646	-0.280308
0.073800	-0.285801	-0.287633	-0.277867	-0.249485	-0.264134	-0.272068	-0.257725	-0.233921	-0.270848	-0.283970
0.073900	-0.283970	-0.287327	-0.284581	-0.250401	-0.265965	-0.273594	-0.259556	-0.231785	-0.254978	-0.285496
0.074000	-0.284581	-0.285496	-0.277867	-0.254368	-0.260777	-0.273594	-0.253147	-0.227817	-0.243687	-0.273594
0.074100	-0.284276	-0.280308	-0.276341	-0.251316	-0.252842	-0.262303	-0.251926	-0.229343	-0.248264	-0.256809
0.074200	-0.288853	-0.289769	-0.270848	-0.251316	-0.262303	-0.258030	-0.251316	-0.210422	-0.241245	-0.251316
0.074300	-0.293431	-0.284581	-0.284276	-0.255589	-0.268406	-0.267796	-0.252842	-0.217136	-0.240024	-0.239414
0.074400	-0.301366	-0.289464	-0.288548	-0.267186	-0.268711	-0.273594	-0.254673	-0.219272	-0.233616	-0.254673
0.074500	-0.295872	-0.289158	-0.293736	-0.276951	-0.266270	-0.280003	-0.262303	-0.228428	-0.236362	-0.241550
0.074600	-0.296788	-0.287022	-0.288243	-0.278172	-0.270237	-0.281224	-0.266575	-0.224765	-0.243381	-0.240635
0.074700	-0.289464	-0.287327	-0.289769	-0.283665	-0.265354	-0.280308	-0.283055	-0.217441	-0.246738	-0.250401
0.074800	-0.291600	-0.280919	-0.290990	-0.287327	-0.266575	-0.286717	-0.282444	-0.215305	-0.243381	-0.265965
0.074900	-0.285496	-0.274510	-0.301366	-0.278477	-0.258640	-0.290379	-0.287633	-0.222629	-0.239109	-0.263829
0.075000	-0.277562	-0.267186	-0.293126	-0.280613	-0.256809	-0.292210	-0.282139	-0.222629	-0.242771	-0.258946
0.075100	-0.270237	-0.248569	-0.283360	-0.276951	-0.260166	-0.291295	-0.279698	-0.222019	-0.245212	-0.256809
0.075200	-0.266270	-0.239109	-0.264134	-0.264744	-0.254368	-0.284276	-0.284276	-0.213474	-0.233005	-0.260777
0.075300	-0.255589	-0.233921	-0.251316	-0.263218	-0.243076	-0.269017	-0.282444	-0.207981	-0.227512	-0.248569
0.075400	-0.245518	-0.230869	-0.250401	-0.259251	-0.224460	-0.257115	-0.269627	-0.205234	-0.222629	-0.242466
0.075500	-0.231174	-0.215000	-0.249790	-0.251316	-0.214389	-0.251011	-0.260472	-0.210422	-0.220493	-0.243076
0.075600	-0.228122	-0.207981	-0.234836	-0.242161	-0.207370	-0.247044	-0.254673	-0.193332	-0.229038	-0.244907
0.075700	-0.219883	-0.199435	-0.212253	-0.229038	-0.201877	-0.234226	-0.255589	-0.185397	-0.224155	-0.248264
0.075800	-0.222629	-0.188449	-0.204929	-0.227817	-0.179599	-0.224460	-0.257115	-0.173495	-0.213169	-0.253758
0.075900	-0.215305	-0.182956	-0.204318	-0.219577	-0.158846	-0.218357	-0.242771	-0.174411	-0.201572	-0.243381
0.076000	-0.208286	-0.182040	-0.200351	-0.217746	-0.149996	-0.214084	-0.232395	-0.163729	-0.189364	-0.229954
0.076100	-0.203708	-0.170748	-0.189059	-0.214694	-0.145113	-0.203708	-0.222019	-0.162509	-0.175326	-0.225986
0.076200	-0.198520	-0.164645	-0.178378	-0.196078	-0.150607	-0.190585	-0.214389	-0.149386	-0.173190	-0.219272
0.076300	-0.194858	-0.157321	-0.165560	-0.179599	-0.141451	-0.177157	-0.204318	-0.147860	-0.168307	-0.199435
0.076400	-0.189975	-0.155489	-0.163729	-0.183871	-0.131075	-0.168002	-0.197909	-0.145113	-0.168002	-0.190585
0.076500	-0.178988	-0.153964	-0.153353	-0.177157	-0.126192	-0.163119	-0.174716	-0.132601	-0.158236	-0.185702
0.076600	-0.172885	-0.143282	-0.149996	-0.170748	-0.115206	-0.153353	-0.161898	-0.116732	-0.143587	-0.174105
0.076700	-0.167086	-0.139315	-0.147555	-0.160372	-0.095064	-0.135042	-0.155184	-0.099336	-0.121920	-0.171664
0.076800	-0.153353	-0.133822	-0.143282	-0.154574	-0.085298	-0.124361	-0.149996	-0.084993	-0.112154	-0.161288
0.076900	-0.157321	-0.136873	-0.139620	-0.150607	-0.092622	-0.128023	-0.141451	-0.087739	-0.091096	-0.152743
0.077000	-0.163119	-0.139010	-0.135958	-0.157015	-0.087739	-0.124971	-0.133822	-0.086213	-0.088960	-0.140536
0.077100	-0.166476	-0.141756	-0.123751	-0.153048	-0.096284	-0.118563	-0.117342	-0.084382	-0.089265	-0.130465
0.077200	-0.158846	-0.132296	-0.131991	-0.152133	-0.102083	-0.113375	-0.114595	-0.083162	-0.093233	-0.125582
0.077300	-0.150607	-0.131685	-0.125277	-0.154269	-0.101167	-0.116121	-0.113985	-0.087739	-0.086824	-0.120699
0.077400	-0.144198	-0.137484	-0.120699	-0.160983	-0.101167	-0.120699	-0.116121	-0.096895	-0.087129	-0.108187
0.077500	-0.148470	-0.142062	-0.121920	-0.150912	-0.105745	-0.122225	-0.112154	-0.102388	-0.079805	-0.096895
0.077600	-0.140841	-0.136263	-0.130160	-0.151217	-0.110628	-0.114290	-0.111543	-0.104219	-0.087434	-0.101778
0.077700	-0.135653	-0.127718	-0.125277	-0.155795	-0.114290	-0.115206	-0.118868	-0.100252	-0.081331	-0.110933
0.077800	-0.130770	-0.123445	-0.127413	-0.167391	-0.117952	-0.118257	-0.120394	-0.103914	-0.090486	-0.116121
0.077900	-0.129854	-0.123445	-0.127108	-0.160678	-0.119173	-0.124971	-0.118868	-0.118868	-0.103609	-0.101778
0.078000	-0.125887	-0.134127	-0.118563	-0.162509	-0.120394	-0.129854	-0.127413	-0.126803	-0.099336	-0.105745
0.078100	-0.127718	-0.121614	-0.118868	-0.158236	-0.126497	-0.130770	-0.140841	-0.142062	-0.102388	-0.109407
0.078200	-0.128023	-0.113985	-0.121309	-0.164340	-0.136873	-0.140536	-0.141451	-0.148776	-0.105135	-0.128939
0.078300	-0.130160	-0.103609	-0.125887	-0.166476	-0.135653	-0.148470	-0.144503	-0.166781	-0.124361	-0.131991
0.078400	-0.134737	-0.104524	-0.123751	-0.159762	-0.143587	-0.152743	-0.150607	-0.179904	-0.138705	-0.131075
0.078500	-0.139010	-0.113375	-0.124666	-0.157015	-0.148776	-0.153353	-0.166171	-0.184482	-0.158236	-0.129549
0.078600	-0.145724	-0.125277	-0.121004	-0.158236	-0.164645	-0.148165	-0.176852	-0.192721	-0.167697	-0.148165
0.078700	-0.146334	-0.131991	-0.127718	-0.168002	-0.173190	-0.159457	-0.177157	-0.198520	-0.176242	-0.168307
0.078800	-0.146639	-0.127718	-0.130465	-0.182040	-0.165560	-0.166476	-0.176852	-0.207065	-0.194247	-0.165866
0.078900	-0.146334	-0.126192	-0.144198	-0.171664	-0.157321	-0.174105	-0.182650	-0.209201	-0.196078	-0.177768
0.079000	-0.150301	-0.126497	-0.142672	-0.165255	-0.153658	-0.160983	-0.188449	-0.205539	-0.186923	-0.184787
0.079100	-0.156100	-0.136873	-0.140536	-0.160372	-0.159152	-0.159457	-0.185397	-0.203708	-0.182956	-0.199130
0.079200	-0.171664	-0.147555	-0.139315	-0.171664	-0.165866	-0.158541	-0.178378	-0.207981	-0.184787	-0.204929
0.079300	-0.183261	-0.150912	-0.157931	-0.178683	-0.174105	-0.162509	-0.175326	-0.216526	-0.201266	-0.198825
0.079400	-0.187839	-0.159457	-0.164950	-0.184787	-0.175326	-0.161898	-0.186923	-0.226291	-0.210727	-0.201877
0.079500	-0.184176	-0.168002	-0.166781	-0.182956	-0.185702	-0.159457	-0.197604	-0.229038	-0.210117	-0.203098
0.079600	-0.190890	-0.179904	-0.168917	-0.186313	-0.184176	-0.163729	-0.199741	-0.225681	-0.207675	-0.202487
0.079700	-0.195163	-0.198520	-0.171359	-0.188754	-0.180209	-0.165560	-0.196689	-0.218051	-0.207065	-0.205844
0.079800	-0.191501	-0.202792	-0.189670	-0.187533	-0.184482	-0.167697	-0.191195	-0.216220	-0.210422	-0.196689
0.079900	-0.196689	-0.207675	-0.199435	-0.192111	-0.202487	-0.168002	-0.195163	-0.223850	-0.210422	-0.190585
0.080000	-0.199741	-0.214084	-0.189975	-0.199130	-0.215915	-0.174411	-0.195163	-0.224460	-0.210422	-0.200046
0.080100	-0.208286	-0.216220	-0.191501	-0.198825	-0.221714	-0.183261	-0.196689	-0.230564	-0.215915	-0.185397
0.080200	-0.213169	-0.226597	-0.197299	-0.211032	-0.220798	-0.190890	-0.199741	-0.228428	-0.215305	-0.179599
0.080300	-0.213779	-0.223545	-0.210422	-0.215305	-0.222934	-0.190585	-0.211032	-0.242771	-0.223545	-0.174105
0.080400	-0.222934	-0.229343	-0.222629	-0.222629	-0.235447	-0.197604	-0.210422	-0.243076	-0.216831	-0.192111
0.080500	-0.218662	-0.231174	-0.236667	-0.229954	-0.248264	-0.210727	-0.211643	-0.257420	-0.236362	-0.192721
0.080600	-0.231785	-0.236973	-0.235142	-0.241550	-0.258946	-0.225376	-0.223850	-0.263523	-0.252842	-0.199435
0.080700	-0.237888	-0.247044	-0.234226	-0.237583	-0.270237	-0.234226	-0.235142	-0.265354	-0.266880	-0.204318
0.080800	-0.233310	-0.257725	-0.240635	-0.242466	-0.276951	-0.239414	-0.247959	-0.273899	-0.275120	-0.205844
0.080900	-0.229343	-0.268406	-0.241245	-0.236973	-0.277256	-0.246433	-0.249790	-0.284276	-0.278782	-0.215305
0.081000	-0.224460	-0.259251	-0.248875	-0.233616	-0.274815	-0.251621	-0.248569	-0.290379	-0.285801	-0.229648
0.081100	-0.223850	-0.254063	-0.244602	-0.227817	-0.272679	-0.254673	-0.253147	-0.280919	-0.285801	-0.248875
0.081200	-0.220188	-0.254063	-0.246128	-0.231479	-0.279393	-0.255283	-0.258335	-0.284581	-0.292515	-0.249180
0.081300	-0.236057	-0.263218	-0.242466	-0.237278	-0.284581	-0.262303	-0.259861	-0.300145	-0.294347	-0.247044
0.081400	-0.243687	-0.265965	-0.247044	-0.243381	-0.282444	-0.271458	-0.261997	-0.309300	-0.299535	-0.256809
0.081500	-0.252537	-0.264744	-0.252232	-0.241856	-0.280003	-0.270848	-0.264744	-0.304112	-0.315709	-0.263523
0.081600	-0.245823	-0.260777	-0.254063	-0.240330	-0.287938	-0.268406	-0.265660	-0.299229	-0.325780	-0.274815
0.081700	-0.236057	-0.267796	-0.252842	-0.236667	-0.294652	-0.269627	-0.269017	-0.300145	-0.332494	-0.284581
0.081800	-0.241856	-0.278782	-0.259251	-0.231174	-0.294041	-0.276036	-0.271763	-0.308995	-0.336767	-0.293431
0.081900	-0.246738	-0.291600	-0.262913	-0.238804	-0.283665	-0.286717	-0.264439	-0.300450	-0.325780	-0.298314
0.082000	-0.245518	-0.282750	-0.266270	-0.242771	-0.276951	-0.288853	-0.265965	-0.295872	-0.323339	-0.303502
0.082100	-0.248569	-0.285496	-0.259251	-0.249180	-0.283360	-0.290379	-0.267186	-0.280308	-0.320897	-0.314794
0.082200	-0.241856	-0.284276	-0.268406	-0.253758	-0.283360	-0.289769	-0.272068	-0.278477	-0.317235	-0.311742
0.082300	-0.251621	-0.290990	-0.269017	-0.251011	-0.279393	-0.288243	-0.270543	-0.278172	-0.300450	-0.311742
0.082400	-0.251011	-0.287022	-0.274205	-0.248569	-0.272068	-0.278477	-0.264134	-0.276036	-0.294347	-0.295567
0.082500	-0.251011	-0.282750	-0.262303	-0.237278	-0.264134	-0.266575	-0.251621	-0.256809	-0.281834	-0.284581
0.082600	-0.237278	-0.269322	-0.258335	-0.238193	-0.257420	-0.262303	-0.241856	-0.247044	-0.277867	-0.282444
0.082700	-0.236667	-0.265049	-0.256504	-0.235752	-0.249485	-0.258335	-0.235447	-0.235447	-0.265660	-0.278172
0.082800	-0.225986	-0.260166	-0.259251	-0.225071	-0.240330	-0.255589	-0.230259	-0.233310	-0.265354	-0.276036
0.082900	-0.227817	-0.263829	-0.247349	-0.224460	-0.238804	-0.248264	-0.224155	-0.217441	-0.247654	-0.264134
0.083000	-0.218357	-0.258640	-0.245212	-0.216526	-0.236362	-0.237583	-0.215305	-0.201572	-0.234836	-0.251316
0.083100	-0.218051	-0.253758	-0.245212	-0.212863	-0.221714	-0.226291	-0.205234	-0.188754	-0.216220	-0.233310
0.083200	-0.213474	-0.241550	-0.245212	-0.209506	-0.210117	-0.225071	-0.186923	-0.178683	-0.206760	-0.227512
0.083300	-0.208591	-0.233310	-0.236057	-0.212558	-0.201266	-0.219272	-0.183261	-0.175936	-0.191806	-0.218051
0.083400	-0.208591	-0.236973	-0.220188	-0.209506	-0.207065	-0.219577	-0.183566	-0.169528	-0.187839	-0.207065
0.083500	-0.215000	-0.229343	-0.214694	-0.220798	-0.212863	-0.214389	-0.189059	-0.167391	-0.189670	-0.196384
0.083600	-0.218051	-0.218357	-0.216526	-0.216831	-0.207065	-0.213169	-0.183871	-0.166171	-0.187533	-0.191501
0.083700	-0.211032	-0.205539	-0.223850	-0.213779	-0.196689	-0.207065	-0.180514	-0.165255	-0.185702	-0.192111
0.083800	-0.197604	-0.205844	-0.219883	-0.209201	-0.193027	-0.205844	-0.177768	-0.160372	-0.186313	-0.188754
0.083900	-0.188144	-0.196384	-0.205844	-0.201572	-0.182345	-0.198825	-0.179904	-0.154574	-0.179904	-0.191501
0.084000	-0.186313	-0.189364	-0.192721	-0.198520	-0.173495	-0.198520	-0.172579	-0.142367	-0.166476	-0.196994
0.084100	-0.190890	-0.175631	-0.190890	-0.197604	-0.163119	-0.189975	-0.172274	-0.143587	-0.155184	-0.187228
0.084200	-0.178073	-0.175631	-0.182650	-0.189670	-0.164950	-0.194247	-0.161288	-0.147555	-0.151522	-0.178378
0.084300	-0.161898	-0.175936	-0.178073	-0.189670	-0.166781	-0.195468	-0.160678	-0.149081	-0.158846	-0.171969
0.084400	-0.162509	-0.177157	-0.163119	-0.178073	-0.170443	-0.192721	-0.156100	-0.146334	-0.164340	-0.173800
0.084500	-0.158236	-0.171969	-0.168917	-0.173495	-0.162203	-0.181430	-0.166171	-0.146334	-0.168612	-0.170443
0.084600	-0.161288	-0.171969	-0.160067	-0.174411	-0.158541	-0.176852	-0.161288	-0.147555	-0.160372	-0.174105
0.084700	-0.158846	-0.166171	-0.172885	-0.184176	-0.157015	-0.184176	-0.159152	-0.146944	-0.158236	-0.175631
0.084800	-0.158846	-0.164950	-0.166476	-0.182956	-0.146334	-0.179599	-0.159457	-0.135653	-0.154879	-0.179293
0.084900	-0.148165	-0.153964	-0.168612	-0.170748	-0.141756	-0.172274	-0.153964	-0.130770	-0.152743	-0.181430
0.085000	-0.147555	-0.146639	-0.159152	-0.167391	-0.140841	-0.165560	-0.150607	-0.124361	-0.140841	-0.182956
0.085100	-0.137484	-0.145113	-0.146639	-0.158846	-0.136568	-0.160067	-0.139620	-0.118257	-0.136873	-0.180209
0.085200	-0.135958	-0.149691	-0.155795	-0.157931	-0.125887	-0.153964	-0.139620	-0.116426	-0.118257	-0.174411
0.085300	-0.135042	-0.144808	-0.149386	-0.150912	-0.118257	-0.147555	-0.135348	-0.107881	-0.105745	-0.160372
0.085400	-0.132906	-0.130465	-0.146334	-0.143893	-0.113069	-0.142367	-0.124971	-0.098116	-0.101778	-0.144198
0.085500	-0.133822	-0.120394	-0.133516	-0.137789	-0.109712	-0.134127	-0.120394	-0.096895	-0.097200	-0.132906
0.085600	-0.125887	-0.118868	-0.129549	-0.139925	-0.111543	-0.132601	-0.113985	-0.112764	-0.105135	-0.130770
0.085700	-0.126803	-0.133822	-0.122225	-0.142977	-0.119478	-0.133211	-0.112459	-0.112459	-0.103304	-0.134737
0.085800	-0.131075	-0.128939	-0.132296	-0.143587	-0.124666	-0.135042	-0.115206	-0.108492	-0.103304	-0.135042
0.085900	-0.134127	-0.117952	-0.138094	-0.138705	-0.128328	-0.126192	-0.121309	-0.103914	-0.095979	-0.135348
0.086000	-0.131685	-0.114900	-0.137789	-0.146944	-0.125887	-0.125887	-0.119173	-0.104830	-0.095064	-0.134737
0.086100	-0.147860	-0.113375	-0.139010	-0.151217	-0.126192	-0.136263	-0.124666	-0.122530	-0.096284	-0.127413
0.086200	-0.149996	-0.120699	-0.139925	-0.151522	-0.124666	-0.139925	-0.126803	-0.127413	-0.093233	-0.126803
0.086300	-0.151522	-0.118868	-0.141146	-0.148165	-0.120089	-0.137789	-0.134127	-0.131075	-0.084077	-0.117647
0.086400	-0.154574	-0.116121	-0.132601	-0.148165	-0.129549	-0.140536	-0.137179	-0.121920	-0.077058	-0.119783
0.086500	-0.148470	-0.104830	-0.136263	-0.153658	-0.128939	-0.127413	-0.147860	-0.126803	-0.090181	-0.120394
0.086600	-0.153658	-0.114900	-0.137179	-0.146944	-0.125887	-0.130160	-0.144198	-0.131075	-0.088960	-0.123751
0.086700	-0.158541	-0.113680	-0.144198	-0.148776	-0.127413	-0.128939	-0.146334	-0.139925	-0.101778	-0.118257
0.086800	-0.165560	-0.121920	-0.133516	-0.150607	-0.133822	-0.128023	-0.146639	-0.145419	-0.096895	-0.106966
0.086900	-0.166476	-0.119173	-0.138705	-0.150607	-0.131991	-0.127413	-0.149386	-0.143282	-0.094759	-0.111543
0.087000	-0.170748	-0.113375	-0.135348	-0.154879	-0.129854	-0.119478	-0.149386	-0.144198	-0.096284	-0.116121
0.087100	-0.171359	-0.119783	-0.141146	-0.153658	-0.139010	-0.124666	-0.149081	-0.151217	-0.104219	-0.121614
0.087200	-0.171359	-0.131380	-0.140841	-0.154574	-0.149081	-0.127108	-0.152438	-0.166171	-0.112459	-0.113069
0.087300	-0.172579	-0.145113	-0.143282	-0.148776	-0.168917	-0.137789	-0.151522	-0.177462	-0.116426	-0.113375
0.087400	-0.177462	-0.149996	-0.152438	-0.167391	-0.170748	-0.135653	-0.169833	-0.191806	-0.134127	-0.113069
0.087500	-0.190585	-0.160678	-0.155184	-0.171664	-0.178073	-0.149691	-0.171969	-0.202487	-0.150912	-0.124056
0.087600	-0.192111	-0.160067	-0.172579	-0.180514	-0.182956	-0.157931	-0.190280	-0.213474	-0.168307	-0.137789
0.087700	-0.199741	-0.171969	-0.173495	-0.179599	-0.193637	-0.166476	-0.196689	-0.218357	-0.177462	-0.153658
0.087800	-0.196689	-0.175631	-0.184482	-0.189059	-0.206760	-0.168002	-0.208896	-0.233616	-0.191806	-0.162203
0.087900	-0.203708	-0.188144	-0.191806	-0.193027	-0.212558	-0.170138	-0.211948	-0.243076	-0.199435	-0.174105
0.088000	-0.200351	-0.192721	-0.209506	-0.205234	-0.215000	-0.173190	-0.216831	-0.243076	-0.219883	-0.190890
0.088100	-0.209201	-0.202792	-0.205234	-0.210422	-0.224460	-0.180514	-0.223240	-0.252842	-0.227512	-0.200351
0.088200	-0.213169	-0.206455	-0.207370	-0.219577	-0.241245	-0.192721	-0.228122	-0.261997	-0.233921	-0.205539
0.088300	-0.223850	-0.217136	-0.214084	-0.214084	-0.245823	-0.200351	-0.246433	-0.272068	-0.234531	-0.208591
0.088400	-0.224765	-0.223240	-0.224765	-0.220798	-0.257115	-0.213474	-0.251011	-0.277867	-0.241245	-0.219577
0.088500	-0.231174	-0.224155	-0.245823	-0.229343	-0.264744	-0.221714	-0.261997	-0.280919	-0.249790	-0.219577
0.088600	-0.237888	-0.234226	-0.239414	-0.231479	-0.272068	-0.227817	-0.259556	-0.283665	-0.256809	-0.221103
0.088700	-0.242771	-0.245823	-0.250706	-0.233310	-0.277867	-0.226291	-0.263829	-0.283055	-0.256809	-0.222324
0.088800	-0.251621	-0.251316	-0.254673	-0.231785	-0.272679	-0.217441	-0.267186	-0.285801	-0.262913	-0.232090
0.088900	-0.260777	-0.253452	-0.260777	-0.235752	-0.277562	-0.229954	-0.265049	-0.280919	-0.269017	-0.239109
0.089000	-0.270848	-0.253452	-0.265049	-0.245212	-0.275730	-0.231479	-0.272373	-0.283970	-0.268101	-0.242161
0.089100	-0.269322	-0.255283	-0.274815	-0.243687	-0.275730	-0.241550	-0.271458	-0.285801	-0.268406	-0.239414
0.089200	-0.269627	-0.258946	-0.267796	-0.244602	-0.268711	-0.244602	-0.273899	-0.286107	-0.271153	-0.233310
0.089300	-0.265660	-0.260166	-0.261387	-0.239719	-0.273899	-0.247959	-0.269322	-0.280308	-0.264439	-0.233921
0.089400	-0.268711	-0.265660	-0.261387	-0.236667	-0.273594	-0.236362	-0.275120	-0.272373	-0.264744	-0.236057
0.089500	-0.280919	-0.265049	-0.256199	-0.239414	-0.281224	-0.249180	-0.270237	-0.275425	-0.258640	-0.227512
0.089600	-0.291600	-0.262303	-0.264439	-0.237583	-0.273594	-0.250706	-0.274815	-0.271458	-0.263523	-0.226597
0.089700	-0.292515	-0.268101	-0.272373	-0.227207	-0.265660	-0.245823	-0.271458	-0.279393	-0.269322	-0.226291
0.089800	-0.284581	-0.275120	-0.274205	-0.236057	-0.263218	-0.247959	-0.279393	-0.277867	-0.274510	-0.240635
0.089900	-0.280003	-0.266270	-0.263829	-0.233921	-0.265660	-0.247959	-0.278477	-0.277867	-0.278477	-0.240330
0.090000	-0.287022	-0.264744	-0.260472	-0.229343	-0.270543	-0.243992	-0.282750	-0.272679	-0.276036	-0.240940
0.090100	-0.289464	-0.265354	-0.255283	-0.236362	-0.265660	-0.239414	-0.278172	-0.276646	-0.281224	-0.245518
0.090200	-0.285801	-0.272068	-0.263218	-0.229038	-0.260472	-0.250706	-0.274205	-0.280613	-0.281529	-0.247654
0.090300	-0.282444	-0.275120	-0.257115	-0.229648	-0.262608	-0.250706	-0.268406	-0.284581	-0.295872	-0.249485
0.090400	-0.280003	-0.284276	-0.259251	-0.229954	-0.272068	-0.257420	-0.263523	-0.286412	-0.300450	-0.249485
0.090500	-0.276341	-0.285191	-0.259556	-0.231479	-0.276646	-0.257115	-0.267186	-0.278782	-0.307469	-0.256504
0.090600	-0.271153	-0.286717	-0.265354	-0.232395	-0.282139	-0.260777	-0.267796	-0.280308	-0.303807	-0.261082
0.090700	-0.275120	-0.299229	-0.267186	-0.243992	-0.282139	-0.266880	-0.268711	-0.268711	-0.297704	-0.276341
0.090800	-0.278172	-0.297704	-0.273594	-0.250401	-0.276646	-0.265049	-0.276341	-0.265354	-0.301671	-0.272984
0.090900	-0.283970	-0.298009	-0.276036	-0.256504	-0.276036	-0.268711	-0.272984	-0.265049	-0.301061	-0.266270
0.091000	-0.277867	-0.289464	-0.286107	-0.259556	-0.269627	-0.264439	-0.270543	-0.265354	-0.306249	-0.262913
0.091100	-0.274205	-0.290990	-0.286717	-0.258335	-0.269017	-0.265049	-0.265660	-0.258946	-0.301671	-0.276341
0.091200	-0.268101	-0.288853	-0.280003	-0.265354	-0.259251	-0.270848	-0.269932	-0.251316	-0.298924	-0.282750
0.091300	-0.262303	-0.280919	-0.257420	-0.260777	-0.251316	-0.265354	-0.266880	-0.245823	-0.288243	-0.269627
0.091400	-0.251011	-0.269932	-0.257725	-0.252232	-0.256504	-0.261997	-0.258030	-0.238804	-0.281529	-0.268406
0.091500	-0.247349	-0.273899	-0.252842	-0.249180	-0.252232	-0.261387	-0.245212	-0.236362	-0.284581	-0.260472
0.091600	-0.232090	-0.279698	-0.259556	-0.241245	-0.255589	-0.279393	-0.238193	-0.236973	-0.285801	-0.261997
0.091700	-0.235447	-0.279393	-0.261082	-0.247044	-0.249485	-0.270237	-0.248264	-0.223850	-0.284581	-0.267186
0.091800	-0.245823	-0.267186	-0.255283	-0.243992	-0.245518	-0.268711	-0.236362	-0.220798	-0.281834	-0.269322
0.091900	-0.244907	-0.262303	-0.254673	-0.242466	-0.236057	-0.260472	-0.231785	-0.210727	-0.262913	-0.265660
0.092000	-0.237888	-0.254978	-0.244602	-0.233310	-0.233616	-0.256809	-0.222019	-0.213169	-0.264134	-0.259861
0.092100	-0.230869	-0.258335	-0.236667	-0.240330	-0.232395	-0.269627	-0.227512	-0.207065	-0.256199	-0.265049
0.092200	-0.227512	-0.242466	-0.224765	-0.239719	-0.218967	-0.267796	-0.233921	-0.201877	-0.255283	-0.259556
0.092300	-0.229648	-0.235752	-0.226291	-0.235142	-0.219577	-0.263218	-0.233616	-0.190585	-0.237278	-0.246738
0.092400	-0.226291	-0.225986	-0.220493	-0.234836	-0.204318	-0.240940	-0.227512	-0.187839	-0.225071	-0.236973
0.092500	-0.217746	-0.217441	-0.212253	-0.213169	-0.199435	-0.244602	-0.211032	-0.176852	-0.209201	-0.236362
0.092600	-0.206149	-0.219577	-0.205539	-0.206455	-0.182345	-0.240024	-0.202182	-0.168612	-0.207065	-0.238193
0.092700	-0.195773	-0.216526	-0.197909	-0.189670	-0.185092	-0.235447	-0.194247	-0.165255	-0.200351	-0.228122
0.092800	-0.191195	-0.212558	-0.194247	-0.193942	-0.181125	-0.226291	-0.190280	-0.151217	-0.186313	-0.229954
0.092900	-0.185397	-0.197299	-0.195468	-0.196078	-0.178683	-0.208286	-0.177462	-0.148165	-0.186313	-0.212863
0.093000	-0.194858	-0.205539	-0.194247	-0.195468	-0.167391	-0.200046	-0.175631	-0.131991	-0.166171	-0.203708
0.093100	-0.199741	-0.199435	-0.184787	-0.184482	-0.151522	-0.192721	-0.175631	-0.126803	-0.165255	-0.193027
0.093200	-0.198520	-0.189975	-0.182345	-0.180514	-0.145724	-0.195468	-0.164645	-0.123751	-0.160678	-0.194552
0.093300	-0.181735	-0.180209	-0.177768	-0.186923	-0.141451	-0.192721	-0.160983	-0.134127	-0.149081	-0.180209
0.093400	-0.176547	-0.171054	-0.171969	-0.194552	-0.151522	-0.191195	-0.155184	-0.134737	-0.148470	-0.174411
0.093500	-0.174105	-0.170748	-0.174411	-0.195468	-0.149386	-0.186313	-0.156100	-0.127718	-0.151522	-0.181430
0.093600	-0.166781	-0.173190	-0.166476	-0.184482	-0.141451	-0.182345	-0.153353	-0.118257	-0.153353	-0.185702
0.093700	-0.158236	-0.166781	-0.164340	-0.183261	-0.139010	-0.175936	-0.146334	-0.118563	-0.150301	-0.185702
0.093800	-0.152438	-0.158846	-0.161593	-0.187533	-0.135653	-0.173495	-0.142977	-0.117952	-0.144503	-0.178073
0.093900	-0.155184	-0.147860	-0.165255	-0.192111	-0.137789	-0.173800	-0.143282	-0.127718	-0.143893	-0.171664
0.094000	-0.159457	-0.160983	-0.166476	-0.194552	-0.139315	-0.174716	-0.145113	-0.129244	-0.144808	-0.181430
0.094100	-0.152133	-0.158236	-0.149691	-0.189364	-0.142367	-0.172579	-0.146639	-0.143282	-0.162203	-0.185092
0.094200	-0.141146	-0.158541	-0.139620	-0.190280	-0.149691	-0.179904	-0.140841	-0.146334	-0.154879	-0.190585
0.094300	-0.134737	-0.143282	-0.142977	-0.197604	-0.156710	-0.173190	-0.145419	-0.161898	-0.164034	-0.182040
0.094400	-0.152133	-0.154269	-0.156100	-0.199130	-0.169833	-0.179293	-0.149691	-0.164340	-0.158541	-0.178073
0.094500	-0.154574	-0.161593	-0.161288	-0.205234	-0.166476	-0.184176	-0.160372	-0.170138	-0.167697	-0.188449
0.094600	-0.153964	-0.170443	-0.165866	-0.208591	-0.176852	-0.194247	-0.166781	-0.173190	-0.173800	-0.197909
0.094700	-0.149081	-0.174105	-0.166781	-0.211948	-0.175631	-0.200351	-0.166171	-0.182040	-0.178378	-0.205234
0.094800	-0.149081	-0.168307	-0.173495	-0.219577	-0.192721	-0.197604	-0.167391	-0.190585	-0.178988	-0.196689
0.094900	-0.149386	-0.178988	-0.185702	-0.223545	-0.195163	-0.200046	-0.175936	-0.184482	-0.170138	-0.211948
0.095000	-0.160067	-0.174716	-0.191501	-0.229648	-0.193942	-0.201266	-0.177768	-0.179599	-0.169833	-0.209506
0.095100	-0.162509	-0.170443	-0.185092	-0.227512	-0.175326	-0.193637	-0.178073	-0.182040	-0.160983	-0.203098
0.095200	-0.156710	-0.164034	-0.181430	-0.218967	-0.182345	-0.189364	-0.168917	-0.185397	-0.157321	-0.186313
0.095300	-0.160067	-0.165560	-0.186007	-0.217441	-0.180514	-0.178073	-0.171359	-0.178683	-0.151217	-0.185702
0.095400	-0.158236	-0.160678	-0.178378	-0.209201	-0.191806	-0.185092	-0.173800	-0.186313	-0.148165	-0.179904
0.095500	-0.154879	-0.151217	-0.169528	-0.211032	-0.193027	-0.185397	-0.178683	-0.191806	-0.153353	-0.172885
0.095600	-0.159457	-0.148165	-0.158541	-0.199130	-0.188754	-0.188144	-0.170443	-0.193027	-0.147860	-0.176852
0.095700	-0.157931	-0.146944	-0.172579	-0.200046	-0.181125	-0.173800	-0.173495	-0.195773	-0.144198	-0.174105
0.095800	-0.154574	-0.158541	-0.183261	-0.194247	-0.179293	-0.165560	-0.168612	-0.190890	-0.145419	-0.173800
0.095900	-0.152133	-0.155795	-0.192111	-0.184787	-0.175631	-0.159152	-0.177157	-0.181125	-0.143587	-0.178378
0.096000	-0.153353	-0.149996	-0.172274	-0.174105	-0.173190	-0.164034	-0.178073	-0.181735	-0.146944	-0.170748
0.096100	-0.164645	-0.145724	-0.168307	-0.172274	-0.175326	-0.168917	-0.163729	-0.182956	-0.150301	-0.166476
0.096200	-0.167391	-0.143587	-0.162814	-0.171969	-0.172885	-0.162203	-0.165255	-0.187839	-0.145724	-0.164340
0.096300	-0.165866	-0.149386	-0.160983	-0.174411	-0.178988	-0.149691	-0.169528	-0.206760	-0.148470	-0.156405
0.096400	-0.167697	-0.152743	-0.165255	-0.168002	-0.182956	-0.152133	-0.170138	-0.211948	-0.164645	-0.167391
0.096500	-0.172274	-0.152743	-0.168612	-0.167391	-0.183871	-0.161288	-0.175631	-0.218051	-0.171969	-0.170748
0.096600	-0.183261	-0.159152	-0.178988	-0.162203	-0.192721	-0.176852	-0.175936	-0.216220	-0.177157	-0.178073
0.096700	-0.202487	-0.161593	-0.188754	-0.180209	-0.192721	-0.168307	-0.188449	-0.210422	-0.183871	-0.183566
0.096800	-0.210422	-0.176242	-0.195163	-0.185397	-0.207981	-0.172274	-0.197604	-0.215915	-0.185397	-0.185397
0.096900	-0.209506	-0.187228	-0.206760	-0.194552	-0.206455	-0.165255	-0.208591	-0.226291	-0.195773	-0.186313
0.097000	-0.211032	-0.193332	-0.206455	-0.189364	-0.212863	-0.176547	-0.193332	-0.227817	-0.199130	-0.196078
0.097100	-0.205539	-0.188754	-0.224460	-0.199130	-0.206455	-0.194247	-0.201572	-0.225681	-0.203708	-0.208591
0.097200	-0.212558	-0.190890	-0.219883	-0.202182	-0.210727	-0.188754	-0.212863	-0.230564	-0.206760	-0.194858
0.097300	-0.218051	-0.192721	-0.231479	-0.208286	-0.220188	-0.188449	-0.223850	-0.229343	-0.211337	-0.196689
0.097400	-0.232090	-0.199435	-0.222934	-0.205844	-0.226597	-0.182345	-0.229648	-0.244907	-0.214389	-0.194552
0.097500	-0.229648	-0.209506	-0.224765	-0.197909	-0.233616	-0.201266	-0.226291	-0.244907	-0.220798	-0.211337
0.097600	-0.225681	-0.217746	-0.227817	-0.209201	-0.239109	-0.215000	-0.238193	-0.261997	-0.240024	-0.208896
0.097700	-0.229648	-0.233921	-0.235752	-0.223850	-0.257420	-0.229954	-0.248875	-0.266575	-0.254063	-0.215915
0.097800	-0.240635	-0.243687	-0.246433	-0.239414	-0.270237	-0.231785	-0.263829	-0.273899	-0.269322	-0.221103
0.097900	-0.251621	-0.258335	-0.258030	-0.240024	-0.272068	-0.241550	-0.271763	-0.274815	-0.266270	-0.235142
0.098000	-0.248875	-0.254063	-0.254673	-0.234226	-0.260472	-0.244602	-0.274815	-0.272984	-0.271458	-0.241550
0.098100	-0.243992	-0.251316	-0.262608	-0.230869	-0.254978	-0.249180	-0.276036	-0.271763	-0.267796	-0.252537
0.098200	-0.246433	-0.248875	-0.261387	-0.235447	-0.249790	-0.246128	-0.282750	-0.276036	-0.269932	-0.244907
0.098300	-0.253758	-0.249790	-0.261082	-0.236973	-0.262608	-0.241856	-0.281529	-0.275120	-0.265354	-0.242466
0.098400	-0.246128	-0.249790	-0.246738	-0.233005	-0.258335	-0.229954	-0.279698	-0.274205	-0.265965	-0.244907
0.098500	-0.242466	-0.255589	-0.241245	-0.217746	-0.254673	-0.240330	-0.278172	-0.274815	-0.264744	-0.240940
0.098600	-0.241856	-0.252232	-0.239414	-0.219883	-0.239719	-0.235447	-0.279698	-0.272068	-0.272984	-0.241550
0.098700	-0.235447	-0.248264	-0.242771	-0.213779	-0.248264	-0.240024	-0.267796	-0.270848	-0.272068	-0.231174
0.098800	-0.240024	-0.248569	-0.243992	-0.225376	-0.252537	-0.236973	-0.270237	-0.265660	-0.266575	-0.231479
0.098900	-0.244907	-0.246738	-0.235752	-0.212558	-0.250706	-0.236973	-0.265965	-0.264439	-0.269017	-0.226291
0.099000	-0.245823	-0.260166	-0.240330	-0.206149	-0.241245	-0.246433	-0.265354	-0.257725	-0.265354	-0.229038
0.099100	-0.243381	-0.257725	-0.234226	-0.204318	-0.231479	-0.234836	-0.255283	-0.242466	-0.269017	-0.234531
0.099200	-0.243381	-0.251621	-0.240635	-0.200046	-0.227207	-0.232395	-0.243076	-0.239109	-0.248875	-0.240635
0.099300	-0.240940	-0.234836	-0.228428	-0.195163	-0.218967	-0.233310	-0.233616	-0.233616	-0.237278	-0.223545
0.099400	-0.236667	-0.220493	-0.214389	-0.187228	-0.208896	-0.231479	-0.236057	-0.228122	-0.238804	-0.211948
0.099500	-0.233921	-0.228122	-0.207065	-0.186007	-0.203403	-0.232395	-0.242466	-0.213779	-0.237278	-0.219577
0.099600	-0.228733	-0.225376	-0.210727	-0.189059	-0.198520	-0.223240	-0.231785	-0.214389	-0.243076	-0.216831
0.099700	-0.234531	-0.231479	-0.208286	-0.190280	-0.198520	-0.212253	-0.221103	-0.200046	-0.228428	-0.227817
0.099800	-0.225376	-0.223850	-0.205844	-0.191195	-0.196689	-0.204929	-0.220798	-0.201266	-0.233616	-0.220493
0.099900	-0.232090	-0.225376	-0.200046	-0.179293	-0.199130	-0.216220	-0.222019	-0.204318	-0.226291	-0.206149
0.100000	-0.229954	-0.231174	-0.197299	-0.184176	-0.194858	-0.223240	-0.217441	-0.204318	-0.235752	-0.207675
0.100100	-0.232395	-0.242161	-0.195773	-0.185702	-0.200046	-0.224765	-0.210727	-0.212558	-0.236667	-0.216831
0.100200	-0.225376	-0.247349	-0.194247	-0.197604	-0.207065	-0.223240	-0.209201	-0.209201	-0.236973	-0.229343
0.100300	-0.231785	-0.251011	-0.201266	-0.198825	-0.203708	-0.225071	-0.216831	-0.216220	-0.228733	-0.225986
0.100400	-0.241245	-0.255283	-0.200351	-0.202487	-0.201266	-0.232090	-0.223850	-0.207981	-0.219577	-0.228122
0.100500	-0.239109	-0.241856	-0.207675	-0.207065	-0.197604	-0.229954	-0.228122	-0.207065	-0.229648	-0.218967
0.100600	-0.236973	-0.242161	-0.214084	-0.209201	-0.212253	-0.225376	-0.218357	-0.217441	-0.236973	-0.230869
0.100700	-0.237278	-0.253758	-0.217746	-0.218662	-0.220798	-0.223850	-0.223850	-0.225986	-0.241856	-0.223240
0.100800	-0.239414	-0.261387	-0.222324	-0.220493	-0.238193	-0.233310	-0.231785	-0.225986	-0.251926	-0.227207
0.100900	-0.240635	-0.268406	-0.235752	-0.228122	-0.238804	-0.243992	-0.237583	-0.214389	-0.249485	-0.234531
0.101000	-0.243992	-0.253147	-0.230869	-0.235142	-0.227512	-0.251926	-0.238193	-0.215305	-0.247654	-0.233921
0.101100	-0.240635	-0.249180	-0.218051	-0.252232	-0.233310	-0.249485	-0.230259	-0.228428	-0.241550	-0.236057
0.101200	-0.233005	-0.254368	-0.225071	-0.256199	-0.238804	-0.237888	-0.236362	-0.235447	-0.248264	-0.241245
0.101300	-0.238804	-0.258640	-0.231174	-0.254063	-0.243992	-0.242771	-0.252232	-0.237278	-0.246738	-0.240940
0.101400	-0.243992	-0.249485	-0.233616	-0.254368	-0.237278	-0.253452	-0.247349	-0.231174	-0.248569	-0.252842
0.101500	-0.243992	-0.233005	-0.228733	-0.244602	-0.229038	-0.253758	-0.245518	-0.229038	-0.249790	-0.244907
0.101600	-0.233310	-0.228428	-0.216831	-0.243381	-0.227817	-0.251316	-0.241245	-0.228733	-0.241550	-0.236362
0.101700	-0.220798	-0.220798	-0.222629	-0.250401	-0.233005	-0.234531	-0.240330	-0.232090	-0.233921	-0.224155
0.101800	-0.230259	-0.231785	-0.218662	-0.247959	-0.230869	-0.225681	-0.231479	-0.215000	-0.227817	-0.228428
0.101900	-0.215000	-0.220798	-0.220493	-0.238193	-0.226291	-0.232395	-0.223545	-0.213474	-0.237278	-0.230564
0.102000	-0.208286	-0.217441	-0.208896	-0.231785	-0.214694	-0.236057	-0.214084	-0.199130	-0.233005	-0.239719
0.102100	-0.204318	-0.205844	-0.206149	-0.237888	-0.205539	-0.230869	-0.208591	-0.193637	-0.222019	-0.226291
0.102200	-0.209506	-0.200351	-0.197604	-0.225681	-0.202182	-0.217441	-0.207981	-0.190280	-0.199741	-0.212863
0.102300	-0.199741	-0.187533	-0.193027	-0.222019	-0.197299	-0.203708	-0.194552	-0.184787	-0.189670	-0.198825
0.102400	-0.197604	-0.195468	-0.185092	-0.208591	-0.186923	-0.200351	-0.186923	-0.178073	-0.173495	-0.204624
0.102500	-0.181735	-0.185092	-0.167391	-0.199130	-0.175326	-0.193027	-0.168612	-0.177462	-0.170748	-0.197909
0.102600	-0.177157	-0.187533	-0.174411	-0.190890	-0.167086	-0.191501	-0.164034	-0.165560	-0.160983	-0.182040
0.102700	-0.179599	-0.189364	-0.176547	-0.191501	-0.167086	-0.174105	-0.160372	-0.156405	-0.160983	-0.171359
0.102800	-0.192721	-0.182650	-0.171359	-0.186923	-0.169528	-0.164034	-0.152743	-0.148470	-0.147555	-0.169528
0.102900	-0.183871	-0.177157	-0.164340	-0.179904	-0.164034	-0.153353	-0.141451	-0.149996	-0.152438	-0.174411
0.103000	-0.168612	-0.187228	-0.163729	-0.178378	-0.167391	-0.155795	-0.135348	-0.148470	-0.149081	-0.171359
0.103100	-0.161593	-0.186007	-0.165866	-0.177157	-0.166781	-0.163119	-0.138705	-0.145113	-0.140841	-0.164950
0.103200	-0.170443	-0.176547	-0.176242	-0.184482	-0.176852	-0.170748	-0.135042	-0.149691	-0.141451	-0.153964
0.103300	-0.181125	-0.180514	-0.171969	-0.183261	-0.175631	-0.166781	-0.134737	-0.148470	-0.139620	-0.157015
0.103400	-0.177157	-0.173190	-0.164645	-0.193637	-0.168002	-0.156710	-0.135348	-0.146639	-0.137179	-0.158541
0.103500	-0.168917	-0.177157	-0.171054	-0.189059	-0.163729	-0.161593	-0.135042	-0.142977	-0.141146	-0.168002
0.103600	-0.164034	-0.169528	-0.175326	-0.179293	-0.162814	-0.159152	-0.142977	-0.154574	-0.154879	-0.159457
0.103700	-0.162509	-0.164340	-0.177768	-0.179904	-0.180209	-0.167697	-0.145419	-0.159457	-0.148470	-0.153353
0.103800	-0.154574	-0.146639	-0.187228	-0.192721	-0.196384	-0.168002	-0.150301	-0.162814	-0.149996	-0.151217
0.103900	-0.164645	-0.129244	-0.177462	-0.200961	-0.191806	-0.161288	-0.149996	-0.168917	-0.153353	-0.160067
0.104000	-0.158541	-0.105745	-0.178073	-0.200961	-0.182650	-0.171054	-0.155795	-0.167086	-0.156710	-0.170443
0.104100	-0.155184	-0.076143	-0.183871	-0.199130	-0.184787	-0.170748	-0.159457	-0.164645	-0.162203	-0.176852
0.104200	-0.162509	-0.078889	-0.184787	-0.189975	-0.191806	-0.178988	-0.166171	-0.164950	-0.154879	-0.176242
0.104300	-0.173800	-0.114290	-0.175326	-0.188754	-0.188144	-0.182040	-0.174105	-0.171664	-0.163119	-0.176852
0.104400	-0.181125	-0.176547	-0.172274	-0.188144	-0.189670	-0.185092	-0.173495	-0.182040	-0.165255	-0.173495
0.104500	-0.178683	-0.205539	-0.173495	-0.189670	-0.182345	-0.182040	-0.182650	-0.183261	-0.167697	-0.171969
0.104600	-0.159762	-0.169528	-0.187228	-0.185397	-0.180209	-0.187228	-0.182345	-0.184176	-0.164645	-0.169833
0.104700	-0.158846	-0.099031	-0.188144	-0.184482	-0.184176	-0.172885	-0.176852	-0.168307	-0.152133	-0.173495
0.104800	-0.158541	-0.026398	-0.172579	-0.179293	-0.182956	-0.166781	-0.167697	-0.170138	-0.154879	-0.166171
0.104900	-0.166171	-0.027619	-0.167697	-0.175631	-0.178378	-0.172579	-0.164950	-0.168612	-0.161288	-0.168002
0.105000	-0.167697	-0.082856	-0.171664	-0.178378	-0.171664	-0.166171	-0.162509	-0.172885	-0.172579	-0.167697
0.105100	-0.160372	-0.165560	-0.182650	-0.180209	-0.175631	-0.160983	-0.162814	-0.164034	-0.153048	-0.170138
0.105200	-0.149691	-0.218662	-0.189364	-0.182040	-0.165255	-0.143587	-0.160067	-0.160067	-0.136873	-0.167697
0.105300	-0.158236	-0.236667	-0.174411	-0.171664	-0.157321	-0.143282	-0.154269	-0.153964	-0.121920	-0.159457
0.105400	-0.156405	-0.200046	-0.159457	-0.153353	-0.146639	-0.149996	-0.147250	-0.150607	-0.131075	-0.152743
0.105500	-0.157015	-0.136263	-0.153048	-0.152438	-0.152743	-0.152438	-0.147860	-0.150912	-0.137179	-0.141756
0.105600	-0.157321	-0.083162	-0.142367	-0.165560	-0.155184	-0.139620	-0.149996	-0.144808	-0.138705	-0.150607
0.105700	-0.153353	-0.057832	-0.122225	-0.157931	-0.159762	-0.132906	-0.147250	-0.147250	-0.136873	-0.153048
0.105800	-0.156710	-0.087434	-0.085908	-0.152133	-0.149691	-0.133822	-0.146334	-0.141451	-0.129549	-0.147860
0.105900	-0.150912	-0.135042	-0.063630	-0.151217	-0.144503	-0.139620	-0.142062	-0.142062	-0.130160	-0.132906
0.106000	-0.148776	-0.188144	-0.098116	-0.149691	-0.150912	-0.144808	-0.142062	-0.135958	-0.131991	-0.138705
0.106100	-0.146639	-0.218967	-0.164340	-0.153964	-0.148470	-0.133822	-0.142977	-0.141146	-0.137179	-0.129549
0.106200	-0.157321	-0.229343	-0.214389	-0.151522	-0.146334	-0.133211	-0.143587	-0.149996	-0.139620	-0.131991
0.106300	-0.167086	-0.203403	-0.203708	-0.151217	-0.109712	-0.136568	-0.152743	-0.152438	-0.142672	-0.135958
0.106400	-0.174716	-0.168917	-0.132296	-0.145419	-0.068208	-0.157015	-0.153658	-0.145724	-0.147555	-0.145113
0.106500	-0.173800	-0.160067	-0.058137	-0.158236	-0.054170	-0.155489	-0.161593	-0.159457	-0.154879	-0.148165
0.106600	-0.174411	-0.198520	-0.036164	-0.163119	-0.100557	-0.154574	-0.158846	-0.171664	-0.156100	-0.149996
0.106700	-0.177768	-0.260166	-0.081331	-0.168002	-0.171664	-0.157321	-0.167086	-0.180514	-0.168917	-0.154574
0.106800	-0.184176	-0.311131	-0.157931	-0.158236	-0.231174	-0.161593	-0.174411	-0.173800	-0.173495	-0.166476
0.106900	-0.183261	-0.301671	-0.240024	-0.168002	-0.218967	-0.139620	-0.191501	-0.172579	-0.183261	-0.175631
0.107000	-0.183261	-0.267186	-0.280003	-0.178073	-0.154269	-0.109712	-0.188449	-0.178073	-0.186923	-0.175936
0.107100	-0.180209	-0.224155	-0.283360	-0.184176	-0.086519	-0.115816	-0.196689	-0.201266	-0.202487	-0.179904
0.107200	-0.190585	-0.215915	-0.222934	-0.186313	-0.055390	-0.158846	-0.201877	-0.211337	-0.208591	-0.186923
0.107300	-0.191195	-0.224155	-0.171969	-0.191501	-0.087129	-0.218051	-0.194552	-0.204929	-0.215915	-0.201572
0.107400	-0.193332	-0.244602	-0.114900	-0.198520	-0.168307	-0.241550	-0.174105	-0.206455	-0.217746	-0.214389
0.107500	-0.187839	-0.272373	-0.107881	-0.196384	-0.250401	-0.230564	-0.155184	-0.217746	-0.221714	-0.212863
0.107600	-0.203098	-0.291600	-0.156710	-0.200046	-0.295262	-0.166476	-0.157015	-0.225071	-0.211337	-0.202182
0.107700	-0.212863	-0.277867	-0.229343	-0.205234	-0.298314	-0.116426	-0.164950	-0.210727	-0.203403	-0.209201
0.107800	-0.214694	-0.227817	-0.282444	-0.201877	-0.237888	-0.104830	-0.210727	-0.186923	-0.195773	-0.221103
0.107900	-0.211337	-0.181430	-0.301976	-0.200656	-0.174716	-0.148470	-0.242466	-0.161898	-0.164034	-0.231785
0.108000	-0.202182	-0.149081	-0.283665	-0.207065	-0.119783	-0.208286	-0.260777	-0.152438	-0.156710	-0.228428
0.108100	-0.211643	-0.172274	-0.237888	-0.204624	-0.113985	-0.269017	-0.233005	-0.153048	-0.168307	-0.218357
0.108200	-0.225071	-0.215000	-0.224460	-0.207675	-0.155489	-0.297398	-0.179599	-0.184176	-0.213169	-0.217746
0.108300	-0.237278	-0.264439	-0.236057	-0.213779	-0.225376	-0.276951	-0.127108	-0.233616	-0.261082	-0.226597
0.108400	-0.240024	-0.297093	-0.292821	-0.216526	-0.285496	-0.229038	-0.126497	-0.264439	-0.272068	-0.230564
0.108500	-0.244907	-0.301366	-0.334325	-0.222324	-0.312962	-0.174105	-0.180514	-0.254368	-0.243992	-0.230259
0.108600	-0.251621	-0.292515	-0.355077	-0.219883	-0.294957	-0.158236	-0.266270	-0.193027	-0.178988	-0.230259
0.108700	-0.257115	-0.258640	-0.348974	-0.221103	-0.246128	-0.161288	-0.317235	-0.133211	-0.131685	-0.229038
0.108800	-0.254673	-0.225681	-0.309606	-0.208896	-0.230869	-0.205234	-0.310826	-0.128939	-0.128023	-0.229954
0.108900	-0.249790	-0.215000	-0.260166	-0.191806	-0.247044	-0.256504	-0.280308	-0.178073	-0.182040	-0.217746
0.109000	-0.249180	-0.231479	-0.254673	-0.149691	-0.298619	-0.298619	-0.237278	-0.250401	-0.251621	-0.180209
0.109100	-0.255589	-0.269322	-0.278172	-0.131380	-0.347448	-0.306249	-0.199435	-0.299840	-0.316014	-0.155795
0.109200	-0.263523	-0.294041	-0.309606	-0.157015	-0.384375	-0.290990	-0.178683	-0.335546	-0.347753	-0.132906
0.109300	-0.276341	-0.305638	-0.338903	-0.228428	-0.377356	-0.273899	-0.196078	-0.321813	-0.320897	-0.174716
0.109400	-0.263218	-0.275120	-0.334020	-0.296178	-0.336461	-0.269017	-0.254368	-0.290379	-0.287327	-0.243687
0.109500	-0.265354	-0.246433	-0.290379	-0.312657	-0.305333	-0.288853	-0.314794	-0.235142	-0.230564	-0.312657
0.109600	-0.269627	-0.229038	-0.239414	-0.253758	-0.287633	-0.320592	-0.343175	-0.201572	-0.203403	-0.317235
0.109700	-0.281224	-0.247959	-0.195163	-0.163729	-0.309911	-0.370642	-0.335241	-0.206455	-0.203098	-0.251926
0.109800	-0.278477	-0.269627	-0.183566	-0.134737	-0.341039	-0.384070	-0.309300	-0.254673	-0.260166	-0.162203
0.109900	-0.282139	-0.286412	-0.215000	-0.156710	-0.367895	-0.364538	-0.293126	-0.317235	-0.315099	-0.116426
0.110000	-0.274815	-0.295872	-0.270237	-0.234226	-0.353857	-0.330358	-0.294347	-0.343786	-0.349279	-0.153048
0.110100	-0.269017	-0.277562	-0.330968	-0.301976	-0.311131	-0.301671	-0.321813	-0.352941	-0.346227	-0.237888
0.110200	-0.270543	-0.265354	-0.349279	-0.346532	-0.252232	-0.292515	-0.350805	-0.324559	-0.318456	-0.328832
0.110300	-0.269017	-0.247654	-0.324559	-0.352636	-0.206149	-0.310826	-0.384985	-0.300450	-0.301671	-0.363623
0.110400	-0.278477	-0.258030	-0.276341	-0.317845	-0.196078	-0.344091	-0.387427	-0.286107	-0.300145	-0.359960
0.110500	-0.273899	-0.261387	-0.250706	-0.249485	-0.225071	-0.362402	-0.364538	-0.313268	-0.338903	-0.310521
0.110600	-0.278172	-0.288548	-0.234836	-0.189670	-0.285496	-0.351415	-0.324865	-0.348363	-0.363928	-0.254673
0.110700	-0.276036	-0.295872	-0.237583	-0.170443	-0.324254	-0.308690	-0.308995	-0.388342	-0.385901	-0.197909
0.110800	-0.278782	-0.295567	-0.252232	-0.195163	-0.345006	-0.268406	-0.307164	-0.393530	-0.381933	-0.172579
0.110900	-0.272984	-0.278477	-0.283360	-0.261082	-0.333410	-0.229038	-0.326696	-0.370031	-0.373999	-0.206760
0.111000	-0.265660	-0.267796	-0.296788	-0.312352	-0.311131	-0.223545	-0.344396	-0.337987	-0.337682	-0.274510
0.111100	-0.240635	-0.251926	-0.285801	-0.344396	-0.277256	-0.252842	-0.350500	-0.309300	-0.308995	-0.347448
0.111200	-0.216831	-0.242466	-0.249790	-0.336767	-0.250401	-0.284276	-0.326390	-0.298009	-0.302892	-0.370031
0.111300	-0.211948	-0.239109	-0.212558	-0.301061	-0.225986	-0.311742	-0.277256	-0.307775	-0.323339	-0.348058
0.111400	-0.234226	-0.236973	-0.197604	-0.259251	-0.228733	-0.319066	-0.229343	-0.328832	-0.341039	-0.297093
0.111500	-0.254063	-0.235447	-0.218051	-0.251011	-0.259251	-0.310521	-0.194552	-0.342260	-0.346838	-0.263218
0.111600	-0.258030	-0.223240	-0.256809	-0.280919	-0.282750	-0.277867	-0.200351	-0.325170	-0.323949	-0.265049
0.111700	-0.238804	-0.194247	-0.268406	-0.330663	-0.274205	-0.246433	-0.234531	-0.271763	-0.268406	-0.313268
0.111800	-0.205844	-0.154879	-0.243381	-0.371557	-0.230259	-0.223545	-0.288243	-0.217136	-0.210422	-0.359655
0.111900	-0.175326	-0.128023	-0.214389	-0.353552	-0.196384	-0.223545	-0.307469	-0.185702	-0.182040	-0.381323
0.112000	-0.168612	-0.119173	-0.208896	-0.317845	-0.194247	-0.235752	-0.303197	-0.183261	-0.193637	-0.366674
0.112100	-0.182345	-0.139925	-0.199741	-0.276951	-0.222629	-0.252232	-0.266880	-0.208591	-0.219272	-0.314794
0.112200	-0.203403	-0.171359	-0.207675	-0.261997	-0.247349	-0.254978	-0.236973	-0.244907	-0.249485	-0.261387
0.112300	-0.236667	-0.201572	-0.210117	-0.257115	-0.243687	-0.226291	-0.207675	-0.263829	-0.266880	-0.249790
0.112400	-0.249180	-0.204624	-0.219272	-0.272373	-0.223240	-0.185702	-0.185702	-0.271763	-0.267186	-0.255283
0.112500	-0.254368	-0.210422	-0.212253	-0.289769	-0.200656	-0.156100	-0.189059	-0.248569	-0.238193	-0.277867
0.112600	-0.222934	-0.197604	-0.207981	-0.294041	-0.188144	-0.157321	-0.201266	-0.225071	-0.226291	-0.299840
0.112700	-0.190890	-0.203403	-0.191195	-0.258640	-0.179904	-0.178378	-0.217441	-0.194247	-0.198825	-0.292210
0.112800	-0.164034	-0.208286	-0.171359	-0.197299	-0.162203	-0.196078	-0.208286	-0.170748	-0.179293	-0.245518
0.112900	-0.166171	-0.222629	-0.168612	-0.148165	-0.162814	-0.196994	-0.181125	-0.158541	-0.155184	-0.177768
0.113000	-0.181430	-0.234836	-0.172579	-0.123445	-0.179293	-0.170748	-0.140536	-0.170748	-0.168917	-0.121920
0.113100	-0.208286	-0.243381	-0.177157	-0.131991	-0.193027	-0.154574	-0.123140	-0.182040	-0.179293	-0.097810
0.113200	-0.222934	-0.236667	-0.165560	-0.176242	-0.178073	-0.142062	-0.130465	-0.182650	-0.183566	-0.123445
0.113300	-0.214084	-0.218967	-0.148470	-0.218967	-0.162509	-0.138705	-0.148165	-0.171359	-0.161593	-0.175326
0.113400	-0.189670	-0.202792	-0.122225	-0.237888	-0.135653	-0.139010	-0.157931	-0.131380	-0.135042	-0.236057
0.113500	-0.155489	-0.187533	-0.089570	-0.225986	-0.125887	-0.144503	-0.160067	-0.107881	-0.108187	-0.240024
0.113600	-0.145419	-0.205539	-0.052949	-0.208591	-0.128939	-0.162509	-0.154269	-0.098726	-0.103609	-0.229343
0.113700	-0.148165	-0.203098	-0.038300	-0.174105	-0.134127	-0.171664	-0.136873	-0.125582	-0.140841	-0.202792
0.113800	-0.174411	-0.205539	-0.051728	-0.141146	-0.140841	-0.171664	-0.117952	-0.136568	-0.144503	-0.171969
0.113900	-0.191501	-0.179904	-0.080110	-0.126803	-0.126192	-0.142062	-0.116121	-0.144198	-0.149691	-0.129854
0.114000	-0.198825	-0.167391	-0.120394	-0.124971	-0.103609	-0.133516	-0.125277	-0.134127	-0.129854	-0.117952
0.114100	-0.178988	-0.143587	-0.141146	-0.142672	-0.056001	-0.124056	-0.142672	-0.126497	-0.135958	-0.127718
0.114200	-0.155184	-0.124666	-0.150607	-0.157931	-0.021820	-0.130770	-0.144503	-0.105135	-0.113069	-0.151217
0.114300	-0.131685	-0.096895	-0.160678	-0.162814	0.006256	-0.135042	-0.142977	-0.089265	-0.105745	-0.177157
0.114400	-0.130465	-0.089265	-0.156100	-0.124056	-0.018158	-0.139315	-0.134127	-0.091707	-0.097505	-0.167391
0.114500	-0.139010	-0.106966	-0.155489	-0.087129	-0.051118	-0.129549	-0.129854	-0.106355	-0.108492	-0.130465
0.114600	-0.167086	-0.109712	-0.157931	-0.069734	-0.091096	-0.100252	-0.117952	-0.129854	-0.121920	-0.077363
0.114700	-0.197604	-0.112459	-0.172579	-0.101472	-0.124971	-0.074006	-0.103609	-0.130465	-0.128023	-0.080415
0.114800	-0.195773	-0.088655	-0.189670	-0.135653	-0.135348	-0.038605	-0.110933	-0.127108	-0.133211	-0.107881
0.114900	-0.173190	-0.081941	-0.198825	-0.153353	-0.138705	-0.033112	-0.116121	-0.103304	-0.105745	-0.149996
0.115000	-0.132906	-0.067292	-0.190585	-0.145724	-0.132601	-0.029145	-0.119173	-0.090791	-0.095979	-0.159762
0.115100	-0.111543	-0.074922	-0.170443	-0.123140	-0.133822	-0.057527	-0.096590	-0.078584	-0.084382	-0.154574
0.115200	-0.100557	-0.070954	-0.157931	-0.113680	-0.133822	-0.081331	-0.060884	-0.081331	-0.089570	-0.128939
0.115300	-0.114900	-0.073701	-0.154879	-0.100862	-0.161288	-0.097200	-0.017853	-0.091707	-0.092927	-0.107881
0.115400	-0.131991	-0.090486	-0.166476	-0.105745	-0.173495	-0.105745	-0.003510	-0.105135	-0.102083	-0.099947
0.115500	-0.159457	-0.112764	-0.171054	-0.101778	-0.179293	-0.109712	-0.004425	-0.097810	-0.086213	-0.095064
0.115600	-0.166476	-0.120394	-0.172274	-0.118868	-0.165560	-0.109407	-0.020600	-0.063630	-0.047761	-0.104219
0.115700	-0.166781	-0.106050	-0.153353	-0.131991	-0.152438	-0.110933	-0.059968	-0.028534	-0.011139	-0.110323
0.115800	-0.157931	-0.102083	-0.131685	-0.146639	-0.148470	-0.132601	-0.094453	-0.007477	0.012360	-0.130160
0.115900	-0.139620	-0.114900	-0.099947	-0.141451	-0.159152	-0.151522	-0.115816	-0.008392	0.011139	-0.130465
0.116000	-0.128328	-0.137484	-0.083772	-0.130465	-0.176852	-0.175326	-0.115816	-0.028534	-0.013275	-0.121920
0.116100	-0.134127	-0.146639	-0.085603	-0.112459	-0.178683	-0.179599	-0.116426	-0.061189	-0.053559	-0.098421
0.116200	-0.147250	-0.153658	-0.100557	-0.108797	-0.173800	-0.170443	-0.119173	-0.096284	-0.091096	-0.090791
0.116300	-0.147555	-0.165866	-0.113069	-0.129549	-0.164340	-0.165255	-0.139010	-0.126803	-0.123140	-0.095064
0.116400	-0.141146	-0.176547	-0.125887	-0.141146	-0.154269	-0.171969	-0.164034	-0.148470	-0.142672	-0.112459
0.116500	-0.124361	-0.183871	-0.129244	-0.142672	-0.131991	-0.189059	-0.193027	-0.159457	-0.146334	-0.126497
0.116600	-0.093538	-0.178988	-0.129854	-0.116732	-0.112764	-0.207065	-0.206760	-0.168307	-0.150912	-0.128023
0.116700	-0.072786	-0.164950	-0.130770	-0.092927	-0.107576	-0.215915	-0.210117	-0.194858	-0.168917	-0.106966
0.116800	-0.075837	-0.164034	-0.122530	-0.058747	-0.124666	-0.218662	-0.209201	-0.220188	-0.202487	-0.066377
0.116900	-0.095369	-0.174716	-0.130160	-0.046845	-0.149081	-0.219577	-0.208896	-0.247044	-0.240024	-0.033722
0.117000	-0.117952	-0.188754	-0.144808	-0.054170	-0.174411	-0.211643	-0.221103	-0.252232	-0.249790	-0.027924
0.117100	-0.127718	-0.182040	-0.176242	-0.097505	-0.183261	-0.191806	-0.241856	-0.265049	-0.253452	-0.058747
0.117200	-0.139925	-0.179599	-0.195163	-0.141451	-0.179293	-0.169833	-0.252232	-0.259251	-0.240940	-0.109407
0.117300	-0.136568	-0.179599	-0.206149	-0.183261	-0.161593	-0.166171	-0.256504	-0.263218	-0.240635	-0.161593
0.117400	-0.138705	-0.188449	-0.196689	-0.208591	-0.159457	-0.180514	-0.252537	-0.264744	-0.253147	-0.196994
0.117500	-0.144198	-0.188754	-0.202792	-0.211643	-0.159762	-0.195468	-0.240330	-0.269322	-0.278172	-0.218357
0.117600	-0.154879	-0.180514	-0.211643	-0.211032	-0.176547	-0.200351	-0.221714	-0.283360	-0.289158	-0.223240
0.117700	-0.163729	-0.174411	-0.229648	-0.212863	-0.199130	-0.202792	-0.202792	-0.289158	-0.284581	-0.235447
0.117800	-0.184787	-0.165866	-0.243381	-0.231785	-0.217136	-0.190280	-0.196689	-0.290074	-0.276036	-0.236362
0.117900	-0.207370	-0.164340	-0.245212	-0.249180	-0.227207	-0.185092	-0.199130	-0.264134	-0.247349	-0.249790
0.118000	-0.214694	-0.159457	-0.255283	-0.278477	-0.227512	-0.176547	-0.208896	-0.247044	-0.231479	-0.265354
0.118100	-0.217441	-0.171054	-0.258946	-0.282139	-0.235447	-0.181735	-0.216526	-0.222019	-0.218662	-0.286412
0.118200	-0.217746	-0.183261	-0.263218	-0.283055	-0.241245	-0.200656	-0.222324	-0.211032	-0.210727	-0.290990
0.118300	-0.234226	-0.206760	-0.248569	-0.268101	-0.253758	-0.217441	-0.218662	-0.201572	-0.198520	-0.278782
0.118400	-0.240330	-0.229648	-0.245212	-0.265660	-0.259861	-0.224155	-0.208896	-0.214084	-0.197604	-0.272068
0.118500	-0.255283	-0.244907	-0.240330	-0.270848	-0.279393	-0.220188	-0.196994	-0.227512	-0.211948	-0.272679
0.118600	-0.265354	-0.260166	-0.244907	-0.283360	-0.294347	-0.222629	-0.193637	-0.233616	-0.223545	-0.273594
0.118700	-0.266575	-0.262303	-0.245823	-0.296178	-0.294957	-0.227207	-0.204929	-0.242771	-0.230869	-0.269627
0.118800	-0.249790	-0.269932	-0.242771	-0.287022	-0.293431	-0.247349	-0.218662	-0.239109	-0.225681	-0.278782
0.118900	-0.227207	-0.264439	-0.246128	-0.280308	-0.288548	-0.256199	-0.236973	-0.238804	-0.228733	-0.287327
0.119000	-0.201877	-0.267796	-0.249485	-0.263218	-0.287327	-0.275730	-0.253452	-0.233921	-0.225376	-0.284581
0.119100	-0.184482	-0.283665	-0.265660	-0.252842	-0.289769	-0.297398	-0.265660	-0.242466	-0.236667	-0.262303
0.119200	-0.186313	-0.303197	-0.268101	-0.231174	-0.299840	-0.313268	-0.276951	-0.252232	-0.258030	-0.237583
0.119300	-0.191501	-0.327916	-0.264134	-0.225681	-0.301366	-0.318761	-0.290990	-0.265049	-0.267796	-0.220493
0.119400	-0.205539	-0.337377	-0.247349	-0.225986	-0.296178	-0.314183	-0.304418	-0.290074	-0.280613	-0.212558
0.119500	-0.216831	-0.339208	-0.242771	-0.243992	-0.299229	-0.308385	-0.316319	-0.304418	-0.288853	-0.227207
0.119600	-0.231785	-0.326085	-0.233005	-0.266575	-0.304723	-0.305638	-0.332799	-0.309606	-0.308385	-0.247044
0.119700	-0.235447	-0.328832	-0.227512	-0.277562	-0.312962	-0.308385	-0.345617	-0.303197	-0.315404	-0.266880
0.119800	-0.239109	-0.319066	-0.239414	-0.269932	-0.301976	-0.301976	-0.356298	-0.310826	-0.328527	-0.273899
0.119900	-0.239719	-0.321813	-0.247959	-0.247959	-0.301366	-0.303502	-0.353857	-0.318456	-0.332189	-0.278477
0.120000	-0.253147	-0.323339	-0.269932	-0.247654	-0.282750	-0.302892	-0.343175	-0.329137	-0.349279	-0.269627
0.120100	-0.291295	-0.327611	-0.282139	-0.243687	-0.262608	-0.303197	-0.337682	-0.333410	-0.352941	-0.254673
0.120200	-0.308385	-0.327001	-0.302586	-0.248569	-0.243381	-0.300450	-0.327306	-0.334325	-0.356603	-0.256504
0.120300	-0.321202	-0.319371	-0.307469	-0.257725	-0.245518	-0.297398	-0.318456	-0.330053	-0.347448	-0.265660
0.120400	-0.317540	-0.319982	-0.315099	-0.269017	-0.243381	-0.290074	-0.321813	-0.315709	-0.333410	-0.277256
0.120500	-0.320897	-0.312047	-0.305028	-0.271763	-0.243381	-0.280003	-0.321813	-0.312047	-0.328832	-0.282139
0.120600	-0.318761	-0.304723	-0.295872	-0.276951	-0.254978	-0.271153	-0.309911	-0.294347	-0.323033	-0.294652
0.120700	-0.338292	-0.298924	-0.283055	-0.282139	-0.273594	-0.257725	-0.301366	-0.290074	-0.313268	-0.298924
0.120800	-0.351110	-0.306249	-0.285191	-0.282139	-0.300755	-0.247349	-0.293126	-0.283360	-0.302586	-0.299840
0.120900	-0.361791	-0.300145	-0.304112	-0.287327	-0.310216	-0.230564	-0.283665	-0.281529	-0.301366	-0.288243
0.121000	-0.363928	-0.299840	-0.314794	-0.290379	-0.307469	-0.217746	-0.280003	-0.269322	-0.294652	-0.294041
0.121100	-0.356909	-0.293431	-0.323339	-0.303807	-0.286412	-0.220188	-0.260777	-0.257420	-0.285191	-0.305638
0.121200	-0.350805	-0.289158	-0.319982	-0.306554	-0.273899	-0.238804	-0.238804	-0.246738	-0.269017	-0.318456
0.121300	-0.328832	-0.280919	-0.314183	-0.311131	-0.263218	-0.258640	-0.223240	-0.245518	-0.269322	-0.324559
0.121400	-0.313573	-0.289464	-0.295872	-0.304418	-0.266575	-0.277256	-0.212863	-0.242161	-0.264134	-0.314488
0.121500	-0.299535	-0.289158	-0.286717	-0.289769	-0.271153	-0.272984	-0.209506	-0.229954	-0.255589	-0.300145
0.121600	-0.297398	-0.284276	-0.278477	-0.271763	-0.286717	-0.268711	-0.200046	-0.214389	-0.230869	-0.280613
0.121700	-0.289769	-0.265660	-0.282444	-0.263829	-0.298314	-0.263218	-0.201572	-0.195773	-0.217441	-0.266575
0.121800	-0.290379	-0.261387	-0.283360	-0.260472	-0.304418	-0.260166	-0.231174	-0.186923	-0.201572	-0.257115
0.121900	-0.276036	-0.264439	-0.286717	-0.261387	-0.298924	-0.262303	-0.263523	-0.172885	-0.194858	-0.258030
0.122000	-0.260472	-0.265049	-0.282139	-0.264134	-0.279393	-0.271763	-0.271458	-0.167086	-0.189670	-0.253452
0.122100	-0.251621	-0.258640	-0.269932	-0.253147	-0.268406	-0.276646	-0.268101	-0.171664	-0.190280	-0.253758
0.122200	-0.242161	-0.248569	-0.262913	-0.251621	-0.261997	-0.281834	-0.255283	-0.192721	-0.207675	-0.245518
0.122300	-0.236973	-0.251011	-0.257115	-0.256199	-0.260166	-0.288243	-0.242161	-0.213169	-0.237583	-0.235142
0.122400	-0.234531	-0.258030	-0.251011	-0.253147	-0.257115	-0.280919	-0.243076	-0.225681	-0.259861	-0.235752
0.122500	-0.236667	-0.270237	-0.252842	-0.240024	-0.254673	-0.274510	-0.244907	-0.229038	-0.254368	-0.229038
0.122600	-0.227512	-0.257725	-0.254673	-0.220798	-0.246738	-0.261082	-0.249180	-0.220493	-0.245518	-0.228122
0.122700	-0.219883	-0.240330	-0.246128	-0.197909	-0.235752	-0.257725	-0.253147	-0.212253	-0.230259	-0.209506
0.122800	-0.215000	-0.224155	-0.232090	-0.182650	-0.217746	-0.253758	-0.266270	-0.207370	-0.229038	-0.187839
0.122900	-0.207675	-0.219577	-0.213169	-0.171969	-0.208896	-0.251011	-0.264134	-0.204318	-0.227512	-0.168917
0.123000	-0.217746	-0.211032	-0.208286	-0.164340	-0.211337	-0.247654	-0.259861	-0.205234	-0.228428	-0.160678
0.123100	-0.227817	-0.214084	-0.211948	-0.162203	-0.216220	-0.243687	-0.244907	-0.214694	-0.235142	-0.155184
0.123200	-0.227207	-0.217136	-0.218051	-0.177157	-0.217441	-0.230259	-0.241550	-0.231174	-0.244602	-0.161288
0.123300	-0.229038	-0.217441	-0.208896	-0.203708	-0.210422	-0.220188	-0.234836	-0.228122	-0.243381	-0.182345
0.123400	-0.237278	-0.210422	-0.199435	-0.226291	-0.195163	-0.213779	-0.224765	-0.228428	-0.244907	-0.202792
0.123500	-0.237278	-0.206455	-0.181125	-0.232395	-0.187839	-0.199435	-0.216526	-0.209506	-0.232395	-0.232395
0.123600	-0.225071	-0.196384	-0.181735	-0.230564	-0.177157	-0.196689	-0.215915	-0.194858	-0.223240	-0.240635
0.123700	-0.216220	-0.189975	-0.173190	-0.217136	-0.172579	-0.193332	-0.210727	-0.190890	-0.216220	-0.234531
0.123800	-0.198825	-0.179599	-0.166476	-0.204929	-0.163119	-0.201266	-0.196689	-0.192111	-0.202792	-0.218357
0.123900	-0.197909	-0.167697	-0.159152	-0.191806	-0.155184	-0.189364	-0.185397	-0.188449	-0.197909	-0.200351
0.124000	-0.183871	-0.164645	-0.161288	-0.189364	-0.157015	-0.191195	-0.162203	-0.185092	-0.197604	-0.182956
0.124100	-0.182040	-0.161593	-0.162814	-0.201266	-0.153964	-0.182345	-0.168612	-0.178073	-0.188144	-0.181735
0.124200	-0.176547	-0.165560	-0.166781	-0.211948	-0.147250	-0.182040	-0.168917	-0.165560	-0.172579	-0.190585
0.124300	-0.177462	-0.155795	-0.174411	-0.233310	-0.134737	-0.177157	-0.178378	-0.172885	-0.171664	-0.201572
0.124400	-0.178378	-0.152743	-0.152743	-0.220493	-0.139315	-0.177768	-0.167697	-0.161288	-0.169528	-0.218662
0.124500	-0.170748	-0.143893	-0.155795	-0.214389	-0.136568	-0.169833	-0.167086	-0.161288	-0.174716	-0.212253
0.124600	-0.158846	-0.153353	-0.144808	-0.208591	-0.142367	-0.159457	-0.161898	-0.161593	-0.166171	-0.203403
0.124700	-0.137789	-0.150607	-0.152133	-0.208591	-0.139315	-0.162203	-0.157931	-0.164645	-0.160983	-0.188144
0.124800	-0.146944	-0.149386	-0.144808	-0.196689	-0.143893	-0.150607	-0.150607	-0.174411	-0.155489	-0.184787
0.124900	-0.130465	-0.141451	-0.155489	-0.190585	-0.144503	-0.159152	-0.140536	-0.173190	-0.153964	-0.185092
0.125000	-0.123140	-0.122225	-0.153658	-0.194858	-0.138399	-0.153353	-0.146334	-0.159762	-0.155795	-0.183871
0.125100	-0.106050	-0.113375	-0.161288	-0.190890	-0.139010	-0.159152	-0.135653	-0.142062	-0.143282	-0.179599
0.125200	-0.102693	-0.102693	-0.157321	-0.184482	-0.123445	-0.148470	-0.145419	-0.141451	-0.134737	-0.171664
0.125300	-0.092622	-0.104219	-0.142367	-0.163119	-0.121920	-0.160067	-0.130160	-0.140536	-0.120699	-0.164034
0.125400	-0.098421	-0.106050	-0.146944	-0.165560	-0.124056	-0.155184	-0.137789	-0.150607	-0.124361	-0.148776
0.125500	-0.112764	-0.117342	-0.127108	-0.157015	-0.137179	-0.153964	-0.120699	-0.147250	-0.117952	-0.147250
0.125600	-0.123445	-0.108797	-0.138094	-0.163119	-0.128023	-0.146639	-0.124666	-0.139620	-0.115511	-0.150301
0.125700	-0.144503	-0.102693	-0.120699	-0.161288	-0.129854	-0.124056	-0.127718	-0.135348	-0.107881	-0.153353
0.125800	-0.138705	-0.101778	-0.124361	-0.158541	-0.130160	-0.127108	-0.139925	-0.127108	-0.101472	-0.153048
0.125900	-0.143282	-0.098726	-0.110628	-0.154879	-0.135653	-0.108492	-0.149691	-0.130770	-0.104524	-0.153658
0.126000	-0.129854	-0.102388	-0.119783	-0.159152	-0.133822	-0.129244	-0.137789	-0.126803	-0.100557	-0.160067
0.126100	-0.125277	-0.092317	-0.113069	-0.158541	-0.113985	-0.130770	-0.132296	-0.139010	-0.107271	-0.153048
0.126200	-0.130160	-0.100862	-0.115816	-0.140841	-0.117342	-0.145419	-0.108797	-0.142367	-0.105135	-0.149996
0.126300	-0.139620	-0.105135	-0.124361	-0.143893	-0.106355	-0.134127	-0.117952	-0.152133	-0.113985	-0.138705
0.126400	-0.145113	-0.122225	-0.121004	-0.139925	-0.116732	-0.143282	-0.112764	-0.146639	-0.107271	-0.136568
0.126500	-0.156100	-0.126803	-0.132601	-0.150607	-0.115511	-0.129549	-0.123445	-0.138094	-0.108797	-0.142672
0.126600	-0.160983	-0.128023	-0.114900	-0.139010	-0.123751	-0.128939	-0.121309	-0.139925	-0.102388	-0.136568
0.126700	-0.149996	-0.127718	-0.113985	-0.135348	-0.120089	-0.132906	-0.139925	-0.140841	-0.103609	-0.135348
0.126800	-0.154879	-0.133822	-0.100862	-0.132906	-0.129854	-0.124971	-0.151217	-0.152133	-0.109712	-0.127108
0.126900	-0.147250	-0.150912	-0.107881	-0.135042	-0.136263	-0.133822	-0.153964	-0.145724	-0.114900	-0.132906
0.127000	-0.148165	-0.153658	-0.108187	-0.135958	-0.136263	-0.119783	-0.152133	-0.161288	-0.131075	-0.131380
0.127100	-0.154269	-0.161898	-0.115511	-0.141146	-0.143893	-0.138094	-0.141146	-0.162814	-0.129549	-0.142672
0.127200	-0.158541	-0.155795	-0.117952	-0.163119	-0.136873	-0.139010	-0.141756	-0.173495	-0.147250	-0.133211
0.127300	-0.166781	-0.165866	-0.127718	-0.160983	-0.137789	-0.142367	-0.145419	-0.169833	-0.144198	-0.139315
0.127400	-0.158541	-0.170138	-0.134737	-0.165560	-0.121309	-0.133822	-0.164950	-0.175326	-0.146639	-0.143587
0.127500	-0.150912	-0.172885	-0.131380	-0.153964	-0.121614	-0.145724	-0.154269	-0.175631	-0.133516	-0.143893
0.127600	-0.151522	-0.164340	-0.133516	-0.153353	-0.116121	-0.146944	-0.153658	-0.170443	-0.133516	-0.146334
0.127700	-0.165560	-0.155489	-0.130770	-0.145113	-0.128023	-0.141756	-0.142672	-0.168612	-0.131075	-0.135653
0.127800	-0.170748	-0.156100	-0.139620	-0.143587	-0.131075	-0.137179	-0.143282	-0.155795	-0.130465	-0.139010
0.127900	-0.176242	-0.162814	-0.138399	-0.142672	-0.133822	-0.119173	-0.149081	-0.156100	-0.133211	-0.128023
0.128000	-0.173800	-0.170443	-0.153353	-0.139620	-0.134127	-0.119173	-0.158236	-0.144808	-0.121920	-0.123445
0.128100	-0.172885	-0.154269	-0.159457	-0.147250	-0.132296	-0.109102	-0.159152	-0.153658	-0.125887	-0.115511
0.128200	-0.181125	-0.150607	-0.161288	-0.155184	-0.139315	-0.119783	-0.146334	-0.146944	-0.121614	-0.135653
0.128300	-0.183871	-0.145724	-0.162509	-0.159457	-0.133516	-0.115511	-0.136873	-0.149691	-0.129854	-0.143282
0.128400	-0.189670	-0.153353	-0.166171	-0.142672	-0.134737	-0.121920	-0.131075	-0.156100	-0.123445	-0.148776
0.128500	-0.183871	-0.155489	-0.175631	-0.152743	-0.138399	-0.124666	-0.127413	-0.160983	-0.125887	-0.141756
0.128600	-0.196689	-0.161288	-0.181735	-0.149386	-0.152133	-0.123445	-0.115206	-0.148165	-0.118868	-0.131075
0.128700	-0.203708	-0.163729	-0.185092	-0.141756	-0.149996	-0.109712	-0.115511	-0.145419	-0.128939	-0.138399
0.128800	-0.207370	-0.170443	-0.183566	-0.135653	-0.161288	-0.107576	-0.115206	-0.146639	-0.131075	-0.132601
0.128900	-0.207981	-0.176852	-0.191501	-0.134127	-0.178073	-0.124361	-0.116426	-0.144198	-0.125277	-0.135042
0.129000	-0.212253	-0.179904	-0.197299	-0.132906	-0.187839	-0.128328	-0.130160	-0.153658	-0.121920	-0.135958
0.129100	-0.212863	-0.190890	-0.210422	-0.131075	-0.197604	-0.132296	-0.140841	-0.147250	-0.123751	-0.143587
0.129200	-0.210117	-0.185397	-0.218357	-0.139620	-0.211337	-0.139925	-0.142367	-0.149996	-0.138399	-0.142672
0.129300	-0.210422	-0.194858	-0.211032	-0.149386	-0.216526	-0.162509	-0.142977	-0.161593	-0.152133	-0.144503
0.129400	-0.205844	-0.208286	-0.217746	-0.162814	-0.227817	-0.170443	-0.144198	-0.168307	-0.168002	-0.142367
0.129500	-0.225681	-0.218662	-0.229648	-0.167391	-0.240940	-0.182956	-0.148470	-0.170138	-0.167697	-0.162509
0.129600	-0.233616	-0.224460	-0.228428	-0.177157	-0.250706	-0.187839	-0.164950	-0.173190	-0.174716	-0.183261
0.129700	-0.239719	-0.237583	-0.232395	-0.176547	-0.255589	-0.191806	-0.188144	-0.177462	-0.180209	-0.185702
0.129800	-0.241550	-0.234836	-0.227817	-0.174105	-0.259251	-0.203403	-0.197604	-0.194247	-0.189059	-0.193027
0.129900	-0.234531	-0.234226	-0.228122	-0.188754	-0.257725	-0.220188	-0.204929	-0.199435	-0.194858	-0.184482
0.130000	-0.228428	-0.245823	-0.228428	-0.184482	-0.262303	-0.226597	-0.211337	-0.198520	-0.202487	-0.177157
0.130100	-0.232090	-0.248264	-0.225376	-0.171359	-0.261997	-0.240940	-0.222629	-0.210727	-0.215000	-0.177462
0.130200	-0.237888	-0.258030	-0.228733	-0.171054	-0.261387	-0.244602	-0.235142	-0.224460	-0.234836	-0.176242
0.130300	-0.240024	-0.268406	-0.242161	-0.175631	-0.276951	-0.251926	-0.241550	-0.235447	-0.245212	-0.175631
0.130400	-0.251621	-0.269932	-0.243992	-0.184787	-0.275120	-0.252537	-0.249790	-0.251926	-0.256504	-0.186313
0.130500	-0.250706	-0.267186	-0.254673	-0.199741	-0.270237	-0.254673	-0.262913	-0.249790	-0.268406	-0.197909
0.130600	-0.265354	-0.266270	-0.258946	-0.204318	-0.260777	-0.261082	-0.277256	-0.252537	-0.275730	-0.201266
0.130700	-0.269322	-0.261997	-0.239414	-0.197909	-0.251926	-0.266880	-0.274815	-0.264134	-0.280003	-0.201572
0.130800	-0.257420	-0.267186	-0.241550	-0.197299	-0.246738	-0.257725	-0.276951	-0.262608	-0.281529	-0.196384
0.130900	-0.252537	-0.268101	-0.244907	-0.192111	-0.254063	-0.254368	-0.269017	-0.266880	-0.285801	-0.206149
0.131000	-0.259861	-0.261387	-0.253758	-0.205234	-0.259861	-0.253758	-0.266575	-0.276341	-0.294347	-0.213779
0.131100	-0.265354	-0.256504	-0.266575	-0.211337	-0.269017	-0.245212	-0.267796	-0.280613	-0.310216	-0.212253
0.131200	-0.266880	-0.249485	-0.268406	-0.207981	-0.273899	-0.248875	-0.269932	-0.283360	-0.311131	-0.216220
0.131300	-0.266880	-0.248569	-0.262303	-0.223545	-0.266575	-0.242466	-0.273899	-0.288243	-0.311437	-0.225681
0.131400	-0.252537	-0.262608	-0.268101	-0.230564	-0.269017	-0.253758	-0.267796	-0.282139	-0.303807	-0.237583
0.131500	-0.254063	-0.257420	-0.268711	-0.232090	-0.264439	-0.270237	-0.259556	-0.287022	-0.305333	-0.245212
0.131600	-0.256809	-0.243687	-0.269627	-0.243687	-0.269322	-0.271458	-0.254368	-0.285496	-0.319982	-0.245212
0.131700	-0.256199	-0.248264	-0.274815	-0.247349	-0.279698	-0.259861	-0.259251	-0.291295	-0.323644	-0.253452
0.131800	-0.264744	-0.256199	-0.260166	-0.248875	-0.290379	-0.258335	-0.263218	-0.290074	-0.324254	-0.269322
0.131900	-0.265049	-0.259556	-0.272068	-0.263523	-0.287938	-0.260472	-0.277256	-0.275120	-0.319066	-0.287327
0.132000	-0.265354	-0.256199	-0.283970	-0.269322	-0.292210	-0.267796	-0.271153	-0.270237	-0.312352	-0.298924
0.132100	-0.274205	-0.241550	-0.286107	-0.266880	-0.295262	-0.277562	-0.263523	-0.273594	-0.308385	-0.296788
0.132200	-0.264134	-0.244907	-0.290990	-0.271458	-0.293431	-0.277867	-0.272679	-0.281224	-0.308995	-0.299840
0.132300	-0.252232	-0.262608	-0.294957	-0.269932	-0.294957	-0.287022	-0.278782	-0.290379	-0.311131	-0.307164
0.132400	-0.259556	-0.274510	-0.288548	-0.282139	-0.287633	-0.291295	-0.277867	-0.293431	-0.310216	-0.317540
0.132500	-0.255283	-0.273594	-0.294041	-0.287633	-0.296788	-0.290379	-0.278477	-0.287633	-0.311437	-0.325780
0.132600	-0.258335	-0.267796	-0.289769	-0.280308	-0.315709	-0.297093	-0.276036	-0.281529	-0.316014	-0.327306
0.132700	-0.262913	-0.264744	-0.281834	-0.288243	-0.313268	-0.294652	-0.288243	-0.280919	-0.320287	-0.320592
0.132800	-0.257725	-0.280308	-0.281529	-0.295262	-0.308385	-0.299840	-0.294957	-0.286717	-0.311742	-0.322423
0.132900	-0.258335	-0.281834	-0.276646	-0.291600	-0.300450	-0.304112	-0.297093	-0.282444	-0.313573	-0.321508
0.133000	-0.262913	-0.277867	-0.271153	-0.276036	-0.294652	-0.308385	-0.303197	-0.280003	-0.307775	-0.319982
0.133100	-0.256809	-0.273594	-0.272679	-0.278477	-0.299229	-0.307775	-0.303197	-0.286412	-0.313268	-0.320592
0.133200	-0.259556	-0.272679	-0.271153	-0.269322	-0.302892	-0.306554	-0.307469	-0.300145	-0.322728	-0.305943
0.133300	-0.258030	-0.284276	-0.269322	-0.274815	-0.292210	-0.312352	-0.310216	-0.297704	-0.320592	-0.309300
0.133400	-0.254368	-0.285191	-0.268711	-0.274205	-0.277256	-0.320592	-0.307775	-0.294347	-0.314183	-0.305943
0.133500	-0.257725	-0.279393	-0.261997	-0.278477	-0.269627	-0.323949	-0.307164	-0.285496	-0.307775	-0.301366
0.133600	-0.257725	-0.272068	-0.257115	-0.285191	-0.264744	-0.318456	-0.317540	-0.291905	-0.309606	-0.299535
0.133700	-0.252842	-0.273594	-0.252842	-0.286717	-0.275425	-0.316625	-0.310216	-0.288243	-0.309911	-0.304112
0.133800	-0.251316	-0.269322	-0.237278	-0.289769	-0.260777	-0.301061	-0.314183	-0.287327	-0.311131	-0.294652
0.133900	-0.243992	-0.270237	-0.225376	-0.278172	-0.254978	-0.298619	-0.313268	-0.286412	-0.298924	-0.294347
0.134000	-0.245518	-0.258946	-0.230869	-0.277562	-0.247044	-0.291905	-0.315099	-0.274815	-0.300145	-0.293431
0.134100	-0.258946	-0.262913	-0.229038	-0.273594	-0.237888	-0.287327	-0.311742	-0.272984	-0.295567	-0.287938
0.134200	-0.256809	-0.268101	-0.227207	-0.286412	-0.225376	-0.278782	-0.296788	-0.280613	-0.296788	-0.289158
0.134300	-0.258030	-0.266575	-0.230564	-0.278782	-0.219272	-0.275425	-0.283665	-0.286412	-0.295567	-0.282139
0.134400	-0.259556	-0.268406	-0.233005	-0.281529	-0.205234	-0.279698	-0.278172	-0.281224	-0.285191	-0.289158
0.134500	-0.253147	-0.260472	-0.236057	-0.278782	-0.201266	-0.263523	-0.286107	-0.277256	-0.281529	-0.281224
0.134600	-0.251316	-0.258030	-0.234836	-0.279698	-0.203708	-0.246128	-0.284276	-0.264134	-0.269627	-0.289769
0.134700	-0.249180	-0.248569	-0.225681	-0.277867	-0.196689	-0.236667	-0.272984	-0.252842	-0.262608	-0.282139
0.134800	-0.240635	-0.245518	-0.216526	-0.275730	-0.197604	-0.237278	-0.249180	-0.235447	-0.249180	-0.272984
0.134900	-0.241550	-0.240330	-0.211643	-0.276646	-0.192721	-0.230259	-0.240024	-0.232090	-0.243076	-0.269322
0.135000	-0.248569	-0.245518	-0.216220	-0.265660	-0.194858	-0.220798	-0.233005	-0.229648	-0.233921	-0.271763
0.135100	-0.243992	-0.240940	-0.225376	-0.267796	-0.194552	-0.203098	-0.229954	-0.211948	-0.225376	-0.269017
0.135200	-0.243687	-0.236362	-0.220798	-0.265049	-0.195163	-0.200656	-0.226291	-0.202487	-0.209506	-0.263829
0.135300	-0.224460	-0.231479	-0.219883	-0.272373	-0.186923	-0.210422	-0.205539	-0.199130	-0.199130	-0.260472
0.135400	-0.217441	-0.216220	-0.231785	-0.266575	-0.181430	-0.204318	-0.200656	-0.198520	-0.187533	-0.253147
0.135500	-0.223545	-0.214389	-0.223545	-0.257115	-0.183566	-0.204624	-0.194552	-0.187533	-0.177768	-0.259861
0.135600	-0.215915	-0.202487	-0.211032	-0.246128	-0.173190	-0.194552	-0.193637	-0.179904	-0.175326	-0.248875
0.135700	-0.212558	-0.199130	-0.199741	-0.233310	-0.170748	-0.190280	-0.181125	-0.159762	-0.150607	-0.246433
0.135800	-0.202792	-0.185702	-0.200046	-0.230869	-0.176547	-0.191501	-0.171664	-0.152133	-0.146334	-0.230564
0.135900	-0.191806	-0.183261	-0.198825	-0.229038	-0.182345	-0.186007	-0.171054	-0.146944	-0.136568	-0.219272
0.136000	-0.184787	-0.175326	-0.207065	-0.219577	-0.187228	-0.175631	-0.179293	-0.143893	-0.129549	-0.220798
0.136100	-0.189364	-0.176547	-0.201266	-0.213779	-0.181125	-0.174716	-0.176852	-0.148470	-0.124666	-0.206760
0.136200	-0.175326	-0.172579	-0.194858	-0.209201	-0.175631	-0.174716	-0.169833	-0.141756	-0.117647	-0.191195
0.136300	-0.178683	-0.175936	-0.194858	-0.199130	-0.173190	-0.179904	-0.168307	-0.140841	-0.111543	-0.190280
0.136400	-0.178988	-0.179293	-0.193637	-0.191806	-0.174105	-0.188754	-0.153353	-0.139315	-0.121309	-0.189975
0.136500	-0.179293	-0.172579	-0.203098	-0.196994	-0.171664	-0.187228	-0.164950	-0.148165	-0.128939	-0.178683
0.136600	-0.187533	-0.184787	-0.192721	-0.189059	-0.185702	-0.191806	-0.170443	-0.154879	-0.128939	-0.178378
0.136700	-0.184482	-0.177157	-0.196384	-0.191501	-0.177768	-0.188449	-0.175936	-0.153964	-0.131685	-0.160678
0.136800	-0.182650	-0.168612	-0.187839	-0.178378	-0.178378	-0.173495	-0.177157	-0.145419	-0.116121	-0.152133
0.136900	-0.174411	-0.160372	-0.190280	-0.166781	-0.184482	-0.181735	-0.182956	-0.146334	-0.121614	-0.150301
0.137000	-0.173190	-0.166476	-0.182650	-0.166476	-0.177462	-0.175631	-0.181735	-0.150912	-0.123751	-0.138705
0.137100	-0.162509	-0.166171	-0.182650	-0.162814	-0.187228	-0.178378	-0.175936	-0.154879	-0.122225	-0.130465
0.137200	-0.174411	-0.170138	-0.172579	-0.162509	-0.187839	-0.182040	-0.171664	-0.167086	-0.131075	-0.124056
0.137300	-0.168917	-0.172274	-0.170748	-0.170748	-0.178378	-0.174716	-0.168307	-0.155795	-0.139620	-0.131685
0.137400	-0.173190	-0.174105	-0.171664	-0.178683	-0.175631	-0.173495	-0.179599	-0.156405	-0.146334	-0.142062
0.137500	-0.178378	-0.171664	-0.164645	-0.170748	-0.180514	-0.181430	-0.167086	-0.161593	-0.153353	-0.141756
0.137600	-0.170138	-0.160678	-0.168307	-0.169833	-0.169833	-0.175631	-0.175326	-0.165866	-0.149996	-0.136263
0.137700	-0.166781	-0.166476	-0.158541	-0.151522	-0.172579	-0.178073	-0.175326	-0.168307	-0.142672	-0.133516
0.137800	-0.169528	-0.161288	-0.164950	-0.154269	-0.156405	-0.177157	-0.174105	-0.165560	-0.139315	-0.134737
0.137900	-0.174411	-0.156405	-0.164034	-0.163729	-0.148776	-0.165866	-0.170138	-0.160983	-0.135348	-0.132906
0.138000	-0.161898	-0.143587	-0.165255	-0.156405	-0.157931	-0.168002	-0.172579	-0.160983	-0.155184	-0.137789
0.138100	-0.158541	-0.139925	-0.154269	-0.151522	-0.151522	-0.161288	-0.164034	-0.164645	-0.160678	-0.127413
0.138200	-0.141146	-0.133211	-0.158846	-0.152438	-0.153964	-0.163729	-0.165866	-0.160983	-0.149081	-0.130465
0.138300	-0.144808	-0.141146	-0.157931	-0.158236	-0.148165	-0.157015	-0.173495	-0.176547	-0.149996	-0.131380
0.138400	-0.149996	-0.149081	-0.159457	-0.164034	-0.152133	-0.150301	-0.164340	-0.178378	-0.148776	-0.139620
0.138500	-0.150912	-0.154269	-0.171664	-0.176242	-0.161288	-0.144808	-0.160067	-0.181125	-0.156710	-0.152743
0.138600	-0.149996	-0.152438	-0.170443	-0.164340	-0.170138	-0.153353	-0.150912	-0.184176	-0.169833	-0.153658
0.138700	-0.145724	-0.158846	-0.173495	-0.170138	-0.161898	-0.152438	-0.158541	-0.173800	-0.164340	-0.159457
0.138800	-0.139925	-0.165866	-0.171359	-0.168307	-0.166476	-0.151217	-0.161898	-0.184176	-0.164034	-0.159457
0.138900	-0.141146	-0.156100	-0.172885	-0.156405	-0.164034	-0.143893	-0.158846	-0.190280	-0.167697	-0.155184
0.139000	-0.146334	-0.150607	-0.171054	-0.155795	-0.168002	-0.140536	-0.156405	-0.187839	-0.171359	-0.146639
0.139100	-0.136873	-0.148470	-0.185092	-0.162203	-0.186007	-0.157015	-0.160372	-0.189975	-0.181430	-0.146639
0.139200	-0.142977	-0.157015	-0.189364	-0.169528	-0.195468	-0.163119	-0.151217	-0.200046	-0.179599	-0.146944
0.139300	-0.139010	-0.169528	-0.201877	-0.181125	-0.205234	-0.166171	-0.151522	-0.201877	-0.174716	-0.162203
0.139400	-0.132296	-0.178073	-0.203708	-0.186923	-0.207675	-0.174411	-0.160678	-0.210117	-0.186923	-0.170748
0.139500	-0.134737	-0.177462	-0.198520	-0.181125	-0.215000	-0.178988	-0.166171	-0.202182	-0.189364	-0.175936
0.139600	-0.149691	-0.179904	-0.196689	-0.192721	-0.228428	-0.182040	-0.175936	-0.194858	-0.199435	-0.186313
0.139700	-0.155489	-0.182345	-0.201572	-0.195468	-0.237888	-0.197909	-0.178073	-0.203403	-0.205539	-0.190585
0.139800	-0.160067	-0.186007	-0.199741	-0.199741	-0.231785	-0.201877	-0.184787	-0.206455	-0.197604	-0.200656
0.139900	-0.160067	-0.184787	-0.206760	-0.204318	-0.235752	-0.202487	-0.198825	-0.212558	-0.200046	-0.205539
0.140000	-0.160067	-0.186923	-0.206149	-0.196689	-0.230564	-0.200961	-0.210422	-0.208591	-0.204624	-0.207981
0.140100	-0.163729	-0.193332	-0.197299	-0.196384	-0.234836	-0.205539	-0.201877	-0.204929	-0.201266	-0.202182
0.140200	-0.160372	-0.193332	-0.189975	-0.203708	-0.232090	-0.211643	-0.199130	-0.208896	-0.211643	-0.199130
0.140300	-0.155489	-0.193027	-0.187533	-0.193942	-0.219883	-0.216831	-0.199435	-0.225681	-0.222324	-0.194552
0.140400	-0.169528	-0.200046	-0.195468	-0.189975	-0.218662	-0.218357	-0.216831	-0.229954	-0.233310	-0.201266
0.140500	-0.183871	-0.205844	-0.206455	-0.184482	-0.222324	-0.222629	-0.227512	-0.231785	-0.235447	-0.203708
0.140600	-0.191195	-0.217746	-0.205844	-0.181125	-0.225376	-0.216220	-0.226291	-0.225681	-0.230259	-0.202182
0.140700	-0.193027	-0.226291	-0.200046	-0.190280	-0.231174	-0.209506	-0.216526	-0.223545	-0.228733	-0.200961
0.140800	-0.187839	-0.218967	-0.210117	-0.198825	-0.227817	-0.217441	-0.218967	-0.227512	-0.234226	-0.201266
0.140900	-0.193027	-0.218357	-0.203403	-0.189670	-0.213474	-0.212558	-0.224765	-0.227817	-0.233616	-0.201266
0.141000	-0.196689	-0.218051	-0.200046	-0.181735	-0.210117	-0.203098	-0.230564	-0.228428	-0.234836	-0.197299
0.141100	-0.199130	-0.223850	-0.188144	-0.175326	-0.201572	-0.194858	-0.226291	-0.225071	-0.231174	-0.194552
0.141200	-0.198825	-0.223545	-0.184787	-0.177157	-0.198825	-0.197604	-0.215000	-0.225681	-0.229954	-0.186007
0.141300	-0.203708	-0.222324	-0.186007	-0.191195	-0.204318	-0.191195	-0.212253	-0.227207	-0.235752	-0.192111
0.141400	-0.207370	-0.224155	-0.199741	-0.192111	-0.211337	-0.195773	-0.211948	-0.234836	-0.242161	-0.196384
0.141500	-0.214694	-0.229954	-0.203708	-0.193027	-0.212558	-0.195468	-0.211643	-0.236667	-0.246128	-0.197909
0.141600	-0.211643	-0.230869	-0.205844	-0.195468	-0.207370	-0.200961	-0.206760	-0.233616	-0.245212	-0.196384
0.141700	-0.215305	-0.228428	-0.201266	-0.197299	-0.201266	-0.196994	-0.212253	-0.231785	-0.244602	-0.198825
0.141800	-0.219272	-0.224765	-0.197909	-0.193942	-0.205539	-0.197909	-0.206149	-0.224155	-0.240330	-0.203708
0.141900	-0.222019	-0.225376	-0.215915	-0.197299	-0.215305	-0.202487	-0.212253	-0.218662	-0.236667	-0.215000
0.142000	-0.219272	-0.234836	-0.214084	-0.201266	-0.217136	-0.200656	-0.206455	-0.211032	-0.229343	-0.218967
0.142100	-0.217746	-0.230869	-0.213169	-0.207065	-0.212558	-0.202182	-0.205234	-0.213474	-0.230259	-0.210422
0.142200	-0.229343	-0.226291	-0.205539	-0.215915	-0.206760	-0.198825	-0.207370	-0.220798	-0.231174	-0.213779
0.142300	-0.228428	-0.222324	-0.213169	-0.220188	-0.207065	-0.206455	-0.208896	-0.224155	-0.237278	-0.218662
0.142400	-0.231479	-0.227207	-0.211032	-0.226597	-0.215915	-0.201266	-0.204318	-0.213474	-0.236973	-0.225681
0.142500	-0.229648	-0.230564	-0.218357	-0.222934	-0.220188	-0.212253	-0.203708	-0.206760	-0.229038	-0.230259
0.142600	-0.237888	-0.234836	-0.217441	-0.221103	-0.216526	-0.211032	-0.213779	-0.208591	-0.224460	-0.227207
0.142700	-0.228122	-0.234836	-0.227817	-0.215000	-0.217746	-0.215915	-0.205844	-0.214084	-0.220798	-0.226291
0.142800	-0.234226	-0.230259	-0.235447	-0.213474	-0.219272	-0.207675	-0.214084	-0.207981	-0.218357	-0.233921
0.142900	-0.229648	-0.225376	-0.231174	-0.206455	-0.222324	-0.210727	-0.200961	-0.188144	-0.212253	-0.233616
0.143000	-0.224155	-0.218357	-0.231479	-0.204929	-0.213169	-0.205844	-0.206760	-0.185397	-0.213474	-0.227207
0.143100	-0.223850	-0.218357	-0.207675	-0.196078	-0.208896	-0.204929	-0.204929	-0.187533	-0.204624	-0.216526
0.143200	-0.210727	-0.208896	-0.207981	-0.188754	-0.198825	-0.208591	-0.208896	-0.186007	-0.197299	-0.202792
0.143300	-0.208591	-0.211948	-0.194858	-0.186313	-0.203708	-0.196994	-0.200351	-0.181735	-0.196994	-0.199130
0.143400	-0.209201	-0.202792	-0.201572	-0.184176	-0.207981	-0.206149	-0.193942	-0.170748	-0.194247	-0.201266
0.143500	-0.229648	-0.195163	-0.184482	-0.185702	-0.196689	-0.196384	-0.187533	-0.166171	-0.194858	-0.206455
0.143600	-0.224460	-0.194552	-0.185092	-0.170443	-0.185092	-0.208591	-0.186313	-0.172579	-0.181735	-0.203708
0.143700	-0.218967	-0.189364	-0.182956	-0.171664	-0.177157	-0.198825	-0.199435	-0.178378	-0.178988	-0.194247
0.143800	-0.207065	-0.188449	-0.184176	-0.166476	-0.179904	-0.197604	-0.189059	-0.166171	-0.171664	-0.188754
0.143900	-0.219577	-0.178073	-0.182040	-0.165560	-0.168917	-0.180514	-0.196994	-0.150912	-0.173495	-0.192721
0.144000	-0.212253	-0.171359	-0.170443	-0.159762	-0.168307	-0.189975	-0.182956	-0.145419	-0.171359	-0.182956
0.144100	-0.201266	-0.166781	-0.178683	-0.162203	-0.158846	-0.189364	-0.186007	-0.156710	-0.180209	-0.174716
0.144200	-0.198520	-0.174105	-0.169528	-0.160067	-0.154574	-0.182650	-0.176242	-0.159152	-0.170748	-0.171054
0.144300	-0.193637	-0.171054	-0.176852	-0.158541	-0.149081	-0.180514	-0.176852	-0.156405	-0.160372	-0.172579
0.144400	-0.204318	-0.171969	-0.157931	-0.157931	-0.150301	-0.165255	-0.173495	-0.161593	-0.177462	-0.172885
0.144500	-0.207981	-0.170443	-0.170748	-0.164340	-0.154574	-0.181430	-0.173495	-0.156710	-0.184176	-0.168307
0.144600	-0.223545	-0.170138	-0.161593	-0.174105	-0.154269	-0.172579	-0.182040	-0.160372	-0.187228	-0.157015
0.144700	-0.212558	-0.184482	-0.168002	-0.166781	-0.162509	-0.185092	-0.179293	-0.162203	-0.171054	-0.162509
0.144800	-0.217136	-0.188449	-0.168307	-0.172885	-0.156710	-0.172885	-0.193942	-0.168307	-0.169833	-0.172579
0.144900	-0.211337	-0.190280	-0.171664	-0.166476	-0.167391	-0.181735	-0.178073	-0.172274	-0.170443	-0.178073
0.145000	-0.217746	-0.188754	-0.182040	-0.179904	-0.160067	-0.178988	-0.188144	-0.177157	-0.188144	-0.179293
0.145100	-0.217441	-0.190890	-0.178683	-0.182345	-0.166781	-0.189059	-0.176852	-0.178683	-0.190280	-0.168917
0.145200	-0.213779	-0.189975	-0.184787	-0.188449	-0.164950	-0.182345	-0.178073	-0.179293	-0.189670	-0.173190
0.145300	-0.213779	-0.191195	-0.168307	-0.184482	-0.166171	-0.173495	-0.171969	-0.178683	-0.183871	-0.179599
0.145400	-0.205539	-0.187228	-0.181735	-0.185092	-0.165866	-0.183871	-0.182650	-0.171969	-0.174105	-0.188754
0.145500	-0.206760	-0.187839	-0.176547	-0.186007	-0.175936	-0.171664	-0.180209	-0.172274	-0.182040	-0.186313
0.145600	-0.194552	-0.194858	-0.187533	-0.188754	-0.182345	-0.188754	-0.166476	-0.166781	-0.171664	-0.191501
0.145700	-0.202182	-0.177157	-0.167086	-0.189670	-0.172885	-0.182650	-0.171969	-0.177768	-0.174105	-0.190280
0.145800	-0.196689	-0.173495	-0.165560	-0.179904	-0.170138	-0.192721	-0.176547	-0.174411	-0.165560	-0.202792
0.145900	-0.197604	-0.168917	-0.170138	-0.197299	-0.147860	-0.179293	-0.194858	-0.171969	-0.176547	-0.203098
0.146000	-0.184482	-0.166781	-0.171054	-0.186313	-0.163119	-0.191806	-0.182040	-0.169833	-0.165560	-0.194858
0.146100	-0.178683	-0.163729	-0.173800	-0.188754	-0.160678	-0.192111	-0.182650	-0.167086	-0.166781	-0.203098
0.146200	-0.175936	-0.167391	-0.165560	-0.183566	-0.170138	-0.191806	-0.171969	-0.173495	-0.168917	-0.212558
0.146300	-0.172274	-0.162814	-0.175936	-0.193027	-0.164950	-0.180209	-0.173495	-0.178073	-0.182345	-0.217746
0.146400	-0.177462	-0.156710	-0.168917	-0.190585	-0.162203	-0.174716	-0.172579	-0.182650	-0.189670	-0.204318
0.146500	-0.172885	-0.163729	-0.179293	-0.185092	-0.154269	-0.190280	-0.179599	-0.176242	-0.176547	-0.200351
0.146600	-0.170138	-0.160067	-0.171359	-0.175326	-0.159762	-0.177462	-0.174716	-0.184787	-0.179599	-0.185397
0.146700	-0.168307	-0.166171	-0.186313	-0.181430	-0.173190	-0.193942	-0.170443	-0.179599	-0.176547	-0.192721
0.146800	-0.180514	-0.158541	-0.188449	-0.193637	-0.171359	-0.185702	-0.187839	-0.189364	-0.186313	-0.198520
0.146900	-0.179904	-0.166171	-0.193332	-0.188144	-0.186007	-0.188449	-0.190280	-0.188754	-0.178073	-0.200961
0.147000	-0.174411	-0.163729	-0.189975	-0.195163	-0.181125	-0.185092	-0.196384	-0.197299	-0.193637	-0.195468
0.147100	-0.171359	-0.172885	-0.178988	-0.183871	-0.198825	-0.200046	-0.187839	-0.201266	-0.187839	-0.191806
0.147200	-0.181735	-0.182956	-0.184787	-0.201877	-0.195163	-0.187839	-0.192721	-0.200656	-0.190890	-0.203098
0.147300	-0.195468	-0.188449	-0.195468	-0.211948	-0.204318	-0.189670	-0.194247	-0.205539	-0.200046	-0.211032
0.147400	-0.197299	-0.187839	-0.215305	-0.221714	-0.208896	-0.207370	-0.192721	-0.196078	-0.199130	-0.215000
0.147500	-0.198520	-0.187228	-0.217136	-0.218051	-0.222019	-0.207370	-0.192721	-0.206149	-0.196994	-0.202792
0.147600	-0.197604	-0.197909	-0.224460	-0.220798	-0.222019	-0.215305	-0.210117	-0.214389	-0.193637	-0.211337
0.147700	-0.208286	-0.195468	-0.213169	-0.220188	-0.224155	-0.203098	-0.217746	-0.225376	-0.210727	-0.208286
0.147800	-0.214389	-0.203098	-0.211643	-0.225071	-0.231479	-0.216220	-0.208591	-0.215305	-0.203708	-0.221714
0.147900	-0.211948	-0.200046	-0.211948	-0.235142	-0.222934	-0.222629	-0.215000	-0.216831	-0.209201	-0.228122
0.148000	-0.212863	-0.213779	-0.217136	-0.227817	-0.229038	-0.231174	-0.218662	-0.212558	-0.200961	-0.224765
0.148100	-0.217746	-0.215000	-0.218967	-0.234531	-0.218662	-0.230259	-0.232090	-0.222934	-0.203098	-0.222019
0.148200	-0.222934	-0.220188	-0.206760	-0.224460	-0.229648	-0.243076	-0.231479	-0.228733	-0.192721	-0.227207
0.148300	-0.228733	-0.228733	-0.211643	-0.236973	-0.225071	-0.233310	-0.231174	-0.222629	-0.204318	-0.228428
0.148400	-0.227207	-0.227207	-0.219272	-0.239414	-0.234531	-0.223850	-0.231479	-0.227207	-0.224765	-0.227817
0.148500	-0.224155	-0.232395	-0.227817	-0.245212	-0.232395	-0.235752	-0.231785	-0.229954	-0.224765	-0.236057
0.148600	-0.225071	-0.236973	-0.224460	-0.240024	-0.229648	-0.230869	-0.236667	-0.249790	-0.223545	-0.222324
0.148700	-0.219883	-0.243687	-0.228122	-0.242161	-0.224155	-0.233616	-0.241550	-0.248264	-0.217136	-0.218662
0.148800	-0.219883	-0.236362	-0.228122	-0.238804	-0.225681	-0.229648	-0.239719	-0.246128	-0.232090	-0.213474
0.148900	-0.224765	-0.249485	-0.235447	-0.239109	-0.231785	-0.229954	-0.235142	-0.239109	-0.224765	-0.218662
0.149000	-0.217136	-0.246433	-0.233921	-0.239414	-0.226291	-0.228428	-0.240635	-0.250706	-0.227207	-0.221103
0.149100	-0.222019	-0.245518	-0.221103	-0.223240	-0.234531	-0.233616	-0.235142	-0.250706	-0.222019	-0.222019
0.149200	-0.217746	-0.243076	-0.218051	-0.228733	-0.229038	-0.229343	-0.230869	-0.254368	-0.229954	-0.217136
0.149300	-0.208896	-0.246128	-0.222324	-0.229954	-0.236973	-0.228428	-0.232090	-0.248264	-0.230869	-0.212863
0.149400	-0.212253	-0.254368	-0.233310	-0.243381	-0.231479	-0.224460	-0.233310	-0.234226	-0.243076	-0.214389
0.149500	-0.220798	-0.254978	-0.237888	-0.237583	-0.236667	-0.222019	-0.235142	-0.238804	-0.245823	-0.214389
0.149600	-0.217136	-0.256504	-0.238193	-0.237278	-0.238193	-0.237583	-0.229038	-0.241550	-0.231785	-0.218357
0.149700	-0.218967	-0.247654	-0.236667	-0.243381	-0.243076	-0.225071	-0.235142	-0.251926	-0.239414	-0.212253
0.149800	-0.221103	-0.248875	-0.240940	-0.257115	-0.240635	-0.216831	-0.239719	-0.242161	-0.238804	-0.229038
0.149900	-0.224765	-0.234531	-0.247349	-0.253147	-0.241245	-0.223545	-0.239414	-0.245518	-0.246433	-0.238804
0.150000	-0.239414	-0.242771	-0.250706	-0.247959	-0.244907	-0.238193	-0.230564	-0.243076	-0.234836	-0.243381
0.150100	-0.232395	-0.246128	-0.249790	-0.252537	-0.241245	-0.230259	-0.227512	-0.237583	-0.228733	-0.235447
0.150200	-0.233005	-0.247654	-0.242161	-0.246738	-0.246738	-0.227207	-0.225986	-0.224765	-0.220188	-0.237583
0.150300	-0.230564	-0.241856	-0.248875	-0.252842	-0.236362	-0.221103	-0.236667	-0.224155	-0.223240	-0.245518
0.150400	-0.227512	-0.241550	-0.254978	-0.252537	-0.240940	-0.224765	-0.236057	-0.227817	-0.219883	-0.243076
0.150500	-0.232090	-0.244907	-0.263829	-0.249180	-0.245823	-0.232395	-0.225986	-0.231479	-0.229648	-0.229954
0.150600	-0.246128	-0.243381	-0.259861	-0.240330	-0.249485	-0.232090	-0.230259	-0.233005	-0.233310	-0.221103
0.150700	-0.240024	-0.250706	-0.254063	-0.247044	-0.249485	-0.229648	-0.229954	-0.216831	-0.215305	-0.232395
0.150800	-0.236057	-0.239109	-0.254063	-0.248875	-0.253147	-0.217746	-0.232395	-0.221714	-0.218662	-0.230259
0.150900	-0.235752	-0.239719	-0.259556	-0.240024	-0.252842	-0.219272	-0.227512	-0.216526	-0.216220	-0.221714
0.151000	-0.230259	-0.243992	-0.265965	-0.230259	-0.252537	-0.230259	-0.227817	-0.222934	-0.221714	-0.207065
0.151100	-0.237583	-0.255589	-0.259251	-0.229038	-0.254368	-0.235142	-0.224155	-0.225376	-0.213169	-0.211032
0.151200	-0.242771	-0.250401	-0.245212	-0.231785	-0.244602	-0.233005	-0.225071	-0.222629	-0.206760	-0.219883
0.151300	-0.241550	-0.240635	-0.238804	-0.226291	-0.244907	-0.227817	-0.222934	-0.216831	-0.205844	-0.220493
0.151400	-0.233921	-0.237583	-0.246738	-0.224765	-0.242771	-0.231785	-0.219577	-0.215915	-0.210422	-0.212558
0.151500	-0.225071	-0.243687	-0.244907	-0.218357	-0.248569	-0.231479	-0.220798	-0.211337	-0.212253	-0.195773
0.151600	-0.222324	-0.243381	-0.233616	-0.211643	-0.249180	-0.233310	-0.215305	-0.207981	-0.215305	-0.193027
0.151700	-0.226291	-0.231174	-0.221714	-0.205234	-0.245823	-0.224460	-0.223545	-0.208591	-0.222324	-0.197909
0.151800	-0.227817	-0.231479	-0.222019	-0.208591	-0.237278	-0.220493	-0.226291	-0.208896	-0.218967	-0.196384
0.151900	-0.224765	-0.223240	-0.229038	-0.205539	-0.234531	-0.215915	-0.233310	-0.227512	-0.225986	-0.183261
0.152000	-0.227512	-0.227512	-0.216831	-0.196078	-0.230564	-0.225986	-0.224460	-0.221714	-0.214389	-0.184482
0.152100	-0.219883	-0.220798	-0.208896	-0.194247	-0.225986	-0.230564	-0.219883	-0.214389	-0.213779	-0.188754
0.152200	-0.219577	-0.218357	-0.209506	-0.195163	-0.225376	-0.222019	-0.215000	-0.217136	-0.218051	-0.199130
0.152300	-0.218357	-0.217136	-0.214389	-0.196078	-0.215305	-0.217136	-0.210727	-0.218051	-0.223240	-0.199435
0.152400	-0.222629	-0.218051	-0.213474	-0.191501	-0.205234	-0.213169	-0.218967	-0.216220	-0.233310	-0.193942
0.152500	-0.211643	-0.216831	-0.207981	-0.189670	-0.203708	-0.218967	-0.221103	-0.219883	-0.227817	-0.195163
0.152600	-0.211948	-0.210727	-0.196384	-0.189364	-0.206760	-0.217136	-0.217746	-0.217136	-0.225376	-0.193637
0.152700	-0.212253	-0.208286	-0.200961	-0.189975	-0.212863	-0.210422	-0.207065	-0.206760	-0.235142	-0.190890
0.152800	-0.213169	-0.202487	-0.214389	-0.194552	-0.211643	-0.200046	-0.214389	-0.206149	-0.242466	-0.191806
0.152900	-0.209506	-0.203098	-0.213169	-0.187839	-0.200656	-0.203403	-0.211643	-0.211643	-0.230869	-0.190585
0.153000	-0.202487	-0.189670	-0.204318	-0.179599	-0.199435	-0.200351	-0.210727	-0.218662	-0.229343	-0.185397
0.153100	-0.204929	-0.192111	-0.192721	-0.175631	-0.198825	-0.201877	-0.205234	-0.212558	-0.220188	-0.189364
0.153200	-0.200656	-0.190585	-0.196994	-0.183566	-0.193637	-0.202487	-0.204929	-0.205844	-0.222324	-0.194247
0.153300	-0.200656	-0.187228	-0.199130	-0.189059	-0.192111	-0.191195	-0.196078	-0.203098	-0.227207	-0.206455
0.153400	-0.198520	-0.190280	-0.197299	-0.186007	-0.199130	-0.197299	-0.185397	-0.200961	-0.210727	-0.212558
0.153500	-0.198825	-0.188144	-0.191501	-0.185092	-0.199435	-0.198520	-0.189364	-0.203098	-0.201572	-0.207065
0.153600	-0.184482	-0.178378	-0.190280	-0.183871	-0.195773	-0.196078	-0.189670	-0.199130	-0.196384	-0.202792
0.153700	-0.185092	-0.167086	-0.187533	-0.189364	-0.188449	-0.190280	-0.192111	-0.192721	-0.196689	-0.196384
0.153800	-0.187533	-0.167391	-0.186313	-0.191806	-0.185397	-0.191806	-0.190585	-0.184176	-0.198825	-0.195773
0.153900	-0.179904	-0.161288	-0.190585	-0.192721	-0.186923	-0.187228	-0.197299	-0.184482	-0.202792	-0.204318
0.154000	-0.177462	-0.159762	-0.182650	-0.181735	-0.195468	-0.191501	-0.187228	-0.194858	-0.191806	-0.205234
0.154100	-0.176852	-0.155184	-0.180514	-0.182650	-0.192111	-0.191501	-0.182650	-0.194858	-0.188754	-0.208286
0.154200	-0.176547	-0.158236	-0.178073	-0.185397	-0.181735	-0.184482	-0.181735	-0.188754	-0.186007	-0.210727
0.154300	-0.169833	-0.158236	-0.176852	-0.187533	-0.181735	-0.188144	-0.187228	-0.181735	-0.187228	-0.212863
0.154400	-0.171969	-0.161288	-0.176242	-0.185397	-0.187228	-0.186313	-0.194552	-0.187533	-0.194552	-0.209201
0.154500	-0.172274	-0.173800	-0.174716	-0.188144	-0.191806	-0.197299	-0.193637	-0.197909	-0.194552	-0.210117
0.154600	-0.182040	-0.170443	-0.175631	-0.190890	-0.189059	-0.195163	-0.198825	-0.206455	-0.203098	-0.203098
0.154700	-0.172579	-0.169528	-0.182040	-0.188144	-0.192111	-0.199435	-0.197604	-0.201572	-0.207675	-0.202487
0.154800	-0.168917	-0.171969	-0.191195	-0.189670	-0.189670	-0.195468	-0.204624	-0.202792	-0.209201	-0.201266
0.154900	-0.167086	-0.182650	-0.189670	-0.178683	-0.193332	-0.197909	-0.201877	-0.205234	-0.207981	-0.203098
0.155000	-0.166476	-0.180209	-0.183566	-0.182040	-0.191806	-0.193027	-0.204929	-0.208896	-0.210422	-0.205234
0.155100	-0.173190	-0.179599	-0.169528	-0.188144	-0.190890	-0.194858	-0.199435	-0.217746	-0.207065	-0.200961
0.155200	-0.172579	-0.179293	-0.171054	-0.196994	-0.191806	-0.193637	-0.204624	-0.210727	-0.213779	-0.201266
0.155300	-0.171969	-0.189059	-0.176547	-0.191806	-0.190585	-0.195773	-0.205844	-0.206149	-0.220188	-0.205844
0.155400	-0.169528	-0.203403	-0.179599	-0.189364	-0.193332	-0.207675	-0.204624	-0.205539	-0.211032	-0.215305
0.155500	-0.176547	-0.199741	-0.175936	-0.188144	-0.191195	-0.204929	-0.201572	-0.211643	-0.208286	-0.215915
0.155600	-0.175631	-0.195163	-0.174716	-0.193637	-0.193637	-0.203403	-0.195773	-0.207065	-0.210727	-0.222934
0.155700	-0.180209	-0.188144	-0.177462	-0.203708	-0.188144	-0.193942	-0.205539	-0.204929	-0.217746	-0.221103
0.155800	-0.171664	-0.192111	-0.176242	-0.201266	-0.189364	-0.201266	-0.206455	-0.199741	-0.214694	-0.217441
0.155900	-0.175936	-0.195468	-0.183261	-0.202487	-0.178683	-0.206455	-0.208896	-0.208286	-0.211032	-0.207981
0.156000	-0.185702	-0.204624	-0.177462	-0.194552	-0.178073	-0.204318	-0.202487	-0.208286	-0.201266	-0.210727
0.156100	-0.182650	-0.196994	-0.177157	-0.202182	-0.174105	-0.189670	-0.197299	-0.198825	-0.197909	-0.216526
0.156200	-0.181735	-0.191501	-0.174411	-0.201572	-0.170748	-0.186007	-0.195163	-0.197604	-0.192111	-0.216526
0.156300	-0.176242	-0.189059	-0.173190	-0.204318	-0.171054	-0.184176	-0.194247	-0.188754	-0.187533	-0.222019
0.156400	-0.179293	-0.195468	-0.169833	-0.197604	-0.172885	-0.186007	-0.192111	-0.193027	-0.187839	-0.213779
0.156500	-0.181735	-0.201877	-0.171359	-0.198825	-0.177157	-0.191501	-0.191501	-0.191195	-0.187533	-0.212863
0.156600	-0.188144	-0.200351	-0.175936	-0.195468	-0.172274	-0.186923	-0.197299	-0.193942	-0.195773	-0.208591
0.156700	-0.190280	-0.201877	-0.186007	-0.200351	-0.172885	-0.187839	-0.193027	-0.191195	-0.199741	-0.215915
0.156800	-0.201572	-0.201266	-0.201572	-0.207981	-0.168307	-0.187533	-0.198825	-0.200351	-0.199130	-0.209201
0.156900	-0.200656	-0.199435	-0.202487	-0.204929	-0.181735	-0.195773	-0.196384	-0.202792	-0.190585	-0.202182
0.157000	-0.202182	-0.200961	-0.206455	-0.213474	-0.194552	-0.197909	-0.200046	-0.199741	-0.194858	-0.199130
0.157100	-0.204624	-0.206455	-0.207675	-0.214084	-0.199130	-0.193637	-0.198520	-0.196384	-0.193637	-0.205844
0.157200	-0.199435	-0.207065	-0.209201	-0.216831	-0.199130	-0.187839	-0.203098	-0.198520	-0.195773	-0.209506
0.157300	-0.202792	-0.211032	-0.214694	-0.214084	-0.207065	-0.199130	-0.204929	-0.212558	-0.200351	-0.210117
0.157400	-0.210727	-0.218051	-0.218967	-0.224765	-0.214084	-0.209201	-0.206455	-0.210117	-0.200351	-0.216831
0.157500	-0.218662	-0.218662	-0.221103	-0.228122	-0.216526	-0.211337	-0.206455	-0.210727	-0.201572	-0.214694
0.157600	-0.218051	-0.220493	-0.224155	-0.234836	-0.227207	-0.214389	-0.208896	-0.206455	-0.203403	-0.226597
0.157700	-0.220798	-0.219272	-0.234531	-0.237888	-0.227817	-0.218357	-0.214389	-0.213474	-0.207370	-0.229343
0.157800	-0.222629	-0.222629	-0.241550	-0.237888	-0.237888	-0.228733	-0.220798	-0.220798	-0.210422	-0.232090
0.157900	-0.233310	-0.225986	-0.247349	-0.238193	-0.235752	-0.233005	-0.225071	-0.222629	-0.211032	-0.228122
0.158000	-0.235142	-0.228428	-0.243076	-0.238193	-0.236973	-0.236667	-0.222324	-0.212558	-0.209506	-0.232090
0.158100	-0.237888	-0.230564	-0.243381	-0.245823	-0.237583	-0.230564	-0.222019	-0.211948	-0.208896	-0.227817
0.158200	-0.236667	-0.231174	-0.247349	-0.235752	-0.236973	-0.226597	-0.220188	-0.219272	-0.207370	-0.230564
0.158300	-0.230259	-0.231479	-0.245823	-0.227817	-0.233921	-0.222629	-0.224765	-0.214389	-0.204624	-0.235752
0.158400	-0.231785	-0.230869	-0.240940	-0.225071	-0.240330	-0.229038	-0.224765	-0.213779	-0.200046	-0.233005
0.158500	-0.230869	-0.227817	-0.233921	-0.229648	-0.237278	-0.230869	-0.218357	-0.205844	-0.195468	-0.225681
0.158600	-0.229343	-0.226291	-0.232090	-0.224765	-0.229343	-0.233310	-0.221714	-0.206760	-0.200961	-0.213169
0.158700	-0.232090	-0.230869	-0.234531	-0.223545	-0.234836	-0.229343	-0.225376	-0.207981	-0.211337	-0.222019
0.158800	-0.240024	-0.237278	-0.238804	-0.219272	-0.229343	-0.231174	-0.224460	-0.213474	-0.216526	-0.215915
0.158900	-0.237888	-0.235142	-0.233616	-0.213779	-0.233005	-0.230564	-0.219883	-0.207065	-0.213474	-0.210727
0.159000	-0.240940	-0.229038	-0.233310	-0.212253	-0.229343	-0.221103	-0.219272	-0.210422	-0.208286	-0.205539
0.159100	-0.240330	-0.219577	-0.231479	-0.210422	-0.223545	-0.220188	-0.220188	-0.212253	-0.208591	-0.198825
0.159200	-0.232090	-0.221714	-0.225376	-0.208896	-0.220798	-0.225376	-0.229038	-0.213779	-0.211948	-0.189670
0.159300	-0.233616	-0.230564	-0.216526	-0.204929	-0.219883	-0.229648	-0.226597	-0.208896	-0.216831	-0.193027
0.159400	-0.240940	-0.231785	-0.209506	-0.204318	-0.215915	-0.226597	-0.224155	-0.203708	-0.213169	-0.192111
0.159500	-0.238804	-0.225376	-0.210117	-0.202792	-0.224155	-0.222934	-0.217136	-0.208286	-0.216220	-0.188144
0.159600	-0.234226	-0.219577	-0.211032	-0.203708	-0.222019	-0.214084	-0.215000	-0.208896	-0.216526	-0.189059
0.159700	-0.236362	-0.222934	-0.215915	-0.207065	-0.207675	-0.219272	-0.219883	-0.211337	-0.211948	-0.185397
0.159800	-0.239414	-0.222629	-0.217136	-0.211337	-0.212558	-0.223545	-0.230259	-0.213779	-0.211948	-0.193942
0.159900	-0.241245	-0.223850	-0.213169	-0.213169	-0.217136	-0.226597	-0.222934	-0.215915	-0.214389	-0.191501
0.160000	-0.243687	-0.215915	-0.212558	-0.215915	-0.217136	-0.225071	-0.219272	-0.209201	-0.223545	-0.196689
0.160100	-0.249485	-0.216526	-0.218662	-0.217441	-0.208286	-0.218967	-0.219272	-0.218051	-0.225071	-0.197909
0.160200	-0.245518	-0.219272	-0.220493	-0.215915	-0.200351	-0.216526	-0.214389	-0.220493	-0.222324	-0.197604
0.160300	-0.240635	-0.223240	-0.220493	-0.217136	-0.203098	-0.217441	-0.215305	-0.219272	-0.217136	-0.195468
0.160400	-0.237278	-0.218357	-0.224765	-0.217441	-0.207675	-0.210727	-0.211643	-0.220493	-0.219883	-0.202182
0.160500	-0.236362	-0.214389	-0.223850	-0.217441	-0.208591	-0.201877	-0.217746	-0.224155	-0.222629	-0.204318
0.160600	-0.236973	-0.217441	-0.222324	-0.220493	-0.215915	-0.208591	-0.221714	-0.223240	-0.225071	-0.210117
0.160700	-0.236362	-0.222324	-0.224155	-0.222629	-0.218357	-0.213779	-0.225376	-0.218967	-0.225681	-0.215305
0.160800	-0.243381	-0.228733	-0.225071	-0.220188	-0.217441	-0.215305	-0.218051	-0.219272	-0.220798	-0.210422
0.160900	-0.243992	-0.220188	-0.230564	-0.217136	-0.221714	-0.211643	-0.213169	-0.218967	-0.225986	-0.217136
0.161000	-0.243687	-0.221103	-0.231174	-0.222629	-0.219577	-0.203098	-0.200351	-0.220188	-0.222629	-0.218967
0.161100	-0.235752	-0.212863	-0.229954	-0.226291	-0.214694	-0.203098	-0.199435	-0.219272	-0.217441	-0.217441
0.161200	-0.232090	-0.211643	-0.227817	-0.228122	-0.218662	-0.200351	-0.200351	-0.219272	-0.219883	-0.217136
0.161300	-0.229038	-0.208591	-0.222629	-0.225071	-0.225071	-0.199741	-0.197299	-0.217441	-0.222629	-0.221714
0.161400	-0.231174	-0.212253	-0.213779	-0.221103	-0.230869	-0.201877	-0.200351	-0.214694	-0.216220	-0.219577
0.161500	-0.227512	-0.211337	-0.216220	-0.220493	-0.225071	-0.207370	-0.200046	-0.207981	-0.216526	-0.219272
0.161600	-0.219577	-0.210727	-0.215915	-0.215305	-0.220188	-0.203403	-0.207981	-0.206149	-0.217136	-0.218357
0.161700	-0.218662	-0.211032	-0.209201	-0.214389	-0.223240	-0.204318	-0.200961	-0.202792	-0.211643	-0.221714
0.161800	-0.218662	-0.205234	-0.209201	-0.210727	-0.224765	-0.203098	-0.200656	-0.200351	-0.210422	-0.218662
0.161900	-0.219272	-0.207981	-0.198825	-0.214084	-0.214694	-0.205844	-0.193332	-0.200656	-0.205539	-0.211643
0.162000	-0.214084	-0.204624	-0.203403	-0.207370	-0.206760	-0.211032	-0.200656	-0.198825	-0.205844	-0.211948
0.162100	-0.211643	-0.207370	-0.203403	-0.202182	-0.205234	-0.208591	-0.200656	-0.196994	-0.201877	-0.213474
0.162200	-0.201266	-0.198520	-0.201877	-0.197909	-0.204624	-0.204318	-0.196689	-0.193332	-0.201877	-0.208286
0.162300	-0.208896	-0.194552	-0.191195	-0.193637	-0.200961	-0.189364	-0.190585	-0.196689	-0.199130	-0.198825
0.162400	-0.211032	-0.192111	-0.187533	-0.189364	-0.191806	-0.186007	-0.184482	-0.189670	-0.188754	-0.186007
0.162500	-0.202792	-0.193942	-0.177768	-0.185702	-0.188449	-0.186313	-0.190280	-0.191501	-0.186007	-0.179293
0.162600	-0.193027	-0.195468	-0.179599	-0.189364	-0.187533	-0.193637	-0.185092	-0.192721	-0.197909	-0.187533
0.162700	-0.191501	-0.200046	-0.183566	-0.181125	-0.187839	-0.188754	-0.197604	-0.193027	-0.205844	-0.193332
0.162800	-0.195468	-0.208591	-0.179293	-0.179293	-0.191501	-0.197909	-0.196384	-0.195773	-0.200961	-0.191806
0.162900	-0.199435	-0.205234	-0.190585	-0.176852	-0.191195	-0.201572	-0.202487	-0.201572	-0.204929	-0.185397
0.163000	-0.206455	-0.205844	-0.183566	-0.180209	-0.184787	-0.194858	-0.194247	-0.197909	-0.203098	-0.179599
0.163100	-0.200046	-0.200961	-0.185092	-0.179904	-0.178988	-0.191806	-0.196994	-0.200351	-0.202182	-0.178378
0.163200	-0.200656	-0.203098	-0.179599	-0.183566	-0.173190	-0.182650	-0.191806	-0.197909	-0.198520	-0.181735
0.163300	-0.191806	-0.197909	-0.183566	-0.182345	-0.172579	-0.188144	-0.186007	-0.194858	-0.195163	-0.178988
0.163400	-0.194247	-0.197299	-0.174411	-0.182345	-0.174105	-0.182956	-0.185702	-0.196078	-0.194247	-0.178988
0.163500	-0.195773	-0.195773	-0.177157	-0.179904	-0.175326	-0.179599	-0.188144	-0.193027	-0.191195	-0.181125
0.163600	-0.196689	-0.196078	-0.177462	-0.181430	-0.178683	-0.168002	-0.188754	-0.196689	-0.191195	-0.183566
0.163700	-0.193027	-0.193942	-0.175326	-0.189670	-0.175936	-0.171664	-0.179599	-0.192721	-0.188754	-0.186923
0.163800	-0.193637	-0.190585	-0.176852	-0.185092	-0.167697	-0.171359	-0.187533	-0.185397	-0.190585	-0.191806
0.163900	-0.188754	-0.193637	-0.168307	-0.183261	-0.164950	-0.175936	-0.176242	-0.183261	-0.188754	-0.191501
0.164000	-0.184176	-0.188754	-0.175631	-0.183566	-0.166781	-0.175936	-0.176242	-0.186313	-0.189975	-0.193637
0.164100	-0.189364	-0.194552	-0.168917	-0.187533	-0.168612	-0.176547	-0.177157	-0.184482	-0.186923	-0.191501
0.164200	-0.179293	-0.184787	-0.181430	-0.179599	-0.171054	-0.178073	-0.183871	-0.182345	-0.182650	-0.191806
0.164300	-0.180514	-0.182650	-0.184482	-0.181430	-0.172885	-0.166171	-0.178378	-0.181735	-0.183566	-0.197299
0.164400	-0.177157	-0.181735	-0.194247	-0.179599	-0.173800	-0.168917	-0.170443	-0.178073	-0.178378	-0.196384
0.164500	-0.181735	-0.180209	-0.182345	-0.178988	-0.169833	-0.164950	-0.168307	-0.182956	-0.175326	-0.192721
0.164600	-0.179599	-0.180514	-0.182650	-0.177157	-0.167697	-0.174105	-0.173495	-0.180209	-0.173495	-0.189364
0.164700	-0.177157	-0.183261	-0.183566	-0.180514	-0.171359	-0.175936	-0.185397	-0.180209	-0.177157	-0.188754
0.164800	-0.168307	-0.181430	-0.181430	-0.189059	-0.179599	-0.175631	-0.173495	-0.176852	-0.178073	-0.194858
0.164900	-0.169833	-0.178073	-0.184176	-0.182650	-0.183566	-0.172274	-0.179904	-0.171359	-0.179599	-0.201266
0.165000	-0.168917	-0.177462	-0.179599	-0.175631	-0.186923	-0.177157	-0.175936	-0.171664	-0.174716	-0.196994
0.165100	-0.161898	-0.169833	-0.192111	-0.171359	-0.181430	-0.180209	-0.176242	-0.177157	-0.172579	-0.188449
0.165200	-0.159457	-0.167391	-0.183566	-0.175326	-0.173800	-0.180209	-0.172885	-0.179904	-0.171969	-0.183871
0.165300	-0.157015	-0.165866	-0.190585	-0.172274	-0.177768	-0.188754	-0.172579	-0.176242	-0.168307	-0.180514
0.165400	-0.160983	-0.170748	-0.190280	-0.176242	-0.184787	-0.182650	-0.168307	-0.174105	-0.173190	-0.182650
0.165500	-0.153658	-0.170748	-0.188754	-0.169528	-0.189975	-0.184787	-0.170138	-0.168307	-0.171359	-0.182650
0.165600	-0.153353	-0.170138	-0.177768	-0.169528	-0.186313	-0.178073	-0.179599	-0.166476	-0.166781	-0.185092
0.165700	-0.153658	-0.168612	-0.178988	-0.170748	-0.176852	-0.174105	-0.177157	-0.161898	-0.162509	-0.179599
0.165800	-0.151522	-0.160678	-0.173190	-0.168002	-0.172579	-0.170443	-0.177768	-0.163119	-0.162509	-0.172274
0.165900	-0.156710	-0.154879	-0.163119	-0.165560	-0.177768	-0.177157	-0.171664	-0.160678	-0.158846	-0.169833
0.166000	-0.156405	-0.155489	-0.165560	-0.161593	-0.174411	-0.181125	-0.181125	-0.156710	-0.159457	-0.173190
0.166100	-0.150607	-0.159152	-0.154879	-0.163729	-0.170748	-0.180514	-0.175631	-0.157321	-0.158541	-0.168002
0.166200	-0.147555	-0.162814	-0.159457	-0.161288	-0.165866	-0.176242	-0.172579	-0.154574	-0.149386	-0.162509
0.166300	-0.152743	-0.160983	-0.156710	-0.156405	-0.160678	-0.170138	-0.164645	-0.152133	-0.147860	-0.158541
0.166400	-0.149081	-0.159457	-0.161288	-0.144198	-0.158846	-0.169528	-0.166781	-0.152743	-0.149386	-0.152438
0.166500	-0.149081	-0.162203	-0.156710	-0.144808	-0.155489	-0.160372	-0.164950	-0.156100	-0.155184	-0.155489
0.166600	-0.142672	-0.164950	-0.157321	-0.149996	-0.153353	-0.160067	-0.171054	-0.160678	-0.154879	-0.160678
0.166700	-0.153658	-0.164340	-0.154574	-0.156710	-0.157321	-0.164340	-0.179904	-0.162509	-0.156710	-0.160983
0.166800	-0.160372	-0.163729	-0.156405	-0.156710	-0.159762	-0.168002	-0.178378	-0.160067	-0.162203	-0.156710
0.166900	-0.158541	-0.160372	-0.156100	-0.153658	-0.162203	-0.167086	-0.178073	-0.163119	-0.169528	-0.156405
0.167000	-0.155489	-0.156710	-0.160067	-0.154574	-0.166476	-0.169528	-0.179293	-0.168612	-0.163119	-0.158541
0.167100	-0.159152	-0.159762	-0.163119	-0.158846	-0.166476	-0.173800	-0.184787	-0.168307	-0.164340	-0.160067
0.167200	-0.161593	-0.159762	-0.161593	-0.162814	-0.168002	-0.171054	-0.183566	-0.173190	-0.171969	-0.161288
0.167300	-0.168307	-0.161593	-0.167391	-0.159762	-0.170443	-0.171359	-0.179293	-0.174716	-0.170138	-0.160372
0.167400	-0.164340	-0.162814	-0.168307	-0.163119	-0.164950	-0.177157	-0.172579	-0.176242	-0.171969	-0.165560
0.167500	-0.155184	-0.168002	-0.176852	-0.168917	-0.159152	-0.176242	-0.173190	-0.183871	-0.178378	-0.167086
0.167600	-0.154574	-0.170138	-0.185397	-0.175631	-0.168307	-0.176852	-0.179293	-0.181430	-0.179904	-0.175631
0.167700	-0.160372	-0.162203	-0.189670	-0.182040	-0.178988	-0.175631	-0.187533	-0.177768	-0.181735	-0.175936
0.167800	-0.167391	-0.164340	-0.185702	-0.182040	-0.185702	-0.171359	-0.185702	-0.179599	-0.182040	-0.176547
0.167900	-0.171664	-0.167086	-0.189364	-0.181430	-0.186923	-0.174716	-0.185702	-0.183871	-0.179904	-0.180514
0.168000	-0.164950	-0.164950	-0.189059	-0.184482	-0.185397	-0.182650	-0.185702	-0.184176	-0.176242	-0.187839
0.168100	-0.161288	-0.162509	-0.190585	-0.193332	-0.181125	-0.186313	-0.185397	-0.187228	-0.182345	-0.195163
0.168200	-0.167086	-0.170138	-0.190585	-0.195773	-0.189975	-0.187533	-0.183566	-0.187228	-0.190890	-0.200656
0.168300	-0.167391	-0.173800	-0.202792	-0.193942	-0.197299	-0.187228	-0.181430	-0.190585	-0.191195	-0.197299
0.168400	-0.170443	-0.174105	-0.205844	-0.190890	-0.199435	-0.181430	-0.184176	-0.194858	-0.182650	-0.188449
0.168500	-0.165560	-0.173190	-0.201572	-0.196078	-0.202487	-0.185397	-0.190585	-0.191806	-0.179904	-0.191501
0.168600	-0.168917	-0.175631	-0.200351	-0.204624	-0.204929	-0.178683	-0.191501	-0.200351	-0.189059	-0.193637
0.168700	-0.173800	-0.186313	-0.204624	-0.209506	-0.213169	-0.192111	-0.183871	-0.195773	-0.181430	-0.201266
0.168800	-0.174411	-0.183871	-0.204624	-0.213169	-0.213474	-0.202487	-0.190890	-0.202487	-0.193942	-0.205234
0.168900	-0.176547	-0.190890	-0.206760	-0.204929	-0.217441	-0.208591	-0.196994	-0.206760	-0.199435	-0.210422
0.169000	-0.179293	-0.187228	-0.214389	-0.206149	-0.214084	-0.200961	-0.211032	-0.200351	-0.204624	-0.210727
0.169100	-0.182040	-0.187228	-0.207370	-0.208591	-0.220798	-0.207981	-0.211948	-0.201266	-0.200046	-0.206760
0.169200	-0.188754	-0.187228	-0.207065	-0.216831	-0.221103	-0.208896	-0.207981	-0.206455	-0.203098	-0.205844
0.169300	-0.196994	-0.194552	-0.200656	-0.213474	-0.228122	-0.212863	-0.200656	-0.218662	-0.205539	-0.194858
0.169400	-0.194858	-0.204624	-0.203098	-0.205234	-0.227207	-0.225986	-0.205844	-0.214084	-0.206455	-0.203403
0.169500	-0.200046	-0.207981	-0.196689	-0.207675	-0.214694	-0.217746	-0.216526	-0.220493	-0.211643	-0.203403
0.169600	-0.202487	-0.219272	-0.201572	-0.210727	-0.218357	-0.215305	-0.218662	-0.216831	-0.211032	-0.211337
0.169700	-0.206760	-0.212558	-0.210422	-0.217136	-0.222019	-0.212253	-0.218967	-0.223545	-0.224765	-0.208591
0.169800	-0.208896	-0.214694	-0.207675	-0.218967	-0.230869	-0.226291	-0.216220	-0.220188	-0.217136	-0.207675
0.169900	-0.203098	-0.211643	-0.207370	-0.224765	-0.229038	-0.225376	-0.229038	-0.224155	-0.227512	-0.207675
0.170000	-0.203098	-0.227817	-0.205539	-0.219883	-0.225376	-0.228428	-0.233310	-0.232395	-0.225681	-0.212253
0.170100	-0.209506	-0.226597	-0.213169	-0.223850	-0.209506	-0.227817	-0.240330	-0.231785	-0.235142	-0.215915
0.170200	-0.218357	-0.228122	-0.210727	-0.226291	-0.213169	-0.234226	-0.231785	-0.235447	-0.236667	-0.212863
0.170300	-0.220798	-0.233921	-0.217441	-0.225376	-0.216831	-0.232395	-0.226291	-0.236973	-0.241245	-0.218967
0.170400	-0.228428	-0.236667	-0.210727	-0.228733	-0.225376	-0.228428	-0.229038	-0.247654	-0.245518	-0.218967
0.170500	-0.229648	-0.251926	-0.218662	-0.229038	-0.230564	-0.237888	-0.236973	-0.246433	-0.245518	-0.229648
0.170600	-0.235752	-0.254063	-0.228733	-0.238804	-0.225681	-0.234226	-0.245823	-0.261387	-0.254978	-0.225986
0.170700	-0.236667	-0.266880	-0.233921	-0.246128	-0.232090	-0.238804	-0.240330	-0.255283	-0.250706	-0.228733
0.170800	-0.240330	-0.259556	-0.240940	-0.251621	-0.230869	-0.232395	-0.240330	-0.259556	-0.266575	-0.237888
0.170900	-0.243992	-0.268711	-0.242771	-0.248264	-0.243687	-0.237888	-0.245823	-0.254673	-0.259556	-0.251621
0.171000	-0.241856	-0.264134	-0.247959	-0.261082	-0.243381	-0.241550	-0.251621	-0.266270	-0.265965	-0.257115
0.171100	-0.247349	-0.271458	-0.247959	-0.263829	-0.249790	-0.248264	-0.247654	-0.270848	-0.264439	-0.253758
0.171200	-0.248875	-0.268406	-0.261082	-0.271153	-0.246128	-0.251011	-0.243381	-0.261387	-0.267186	-0.257725
0.171300	-0.259861	-0.266880	-0.259556	-0.274205	-0.246433	-0.247959	-0.246738	-0.261387	-0.262913	-0.255283
0.171400	-0.258335	-0.267186	-0.265354	-0.263523	-0.249485	-0.248264	-0.246128	-0.258335	-0.262303	-0.265965
0.171500	-0.263829	-0.262303	-0.264744	-0.270237	-0.258946	-0.249790	-0.247959	-0.270848	-0.264744	-0.264439
0.171600	-0.266880	-0.278782	-0.267186	-0.270848	-0.272373	-0.260166	-0.243992	-0.263829	-0.258946	-0.265965
0.171700	-0.268711	-0.278477	-0.273594	-0.281834	-0.269322	-0.253758	-0.240635	-0.268406	-0.269017	-0.264439
0.171800	-0.276036	-0.285496	-0.270848	-0.280003	-0.271153	-0.252842	-0.240635	-0.258335	-0.265354	-0.274205
0.171900	-0.275120	-0.271153	-0.279393	-0.283055	-0.268711	-0.256809	-0.250401	-0.260472	-0.270237	-0.277256
0.172000	-0.276646	-0.277256	-0.274815	-0.276951	-0.271153	-0.263829	-0.254978	-0.259861	-0.258335	-0.273899
0.172100	-0.265965	-0.268101	-0.277562	-0.277562	-0.272068	-0.266575	-0.252537	-0.255283	-0.256199	-0.273594
0.172200	-0.275120	-0.269017	-0.275120	-0.271458	-0.269322	-0.259556	-0.252232	-0.247349	-0.252232	-0.268406
0.172300	-0.270237	-0.262303	-0.276341	-0.261997	-0.267186	-0.257725	-0.243687	-0.242161	-0.254673	-0.269627
0.172400	-0.272068	-0.258946	-0.271153	-0.268406	-0.259556	-0.258946	-0.251621	-0.245518	-0.253147	-0.259251
0.172500	-0.268101	-0.261082	-0.269017	-0.259251	-0.259556	-0.261387	-0.246738	-0.244602	-0.250706	-0.255283
0.172600	-0.269322	-0.260166	-0.268711	-0.264134	-0.261082	-0.264744	-0.246128	-0.247959	-0.245212	-0.253758
0.172700	-0.272984	-0.272068	-0.259861	-0.254673	-0.265965	-0.265965	-0.243381	-0.241856	-0.240940	-0.256809
0.172800	-0.269322	-0.264134	-0.263829	-0.251011	-0.253452	-0.258640	-0.248875	-0.246128	-0.248569	-0.253758
0.172900	-0.269932	-0.267796	-0.254978	-0.241550	-0.251621	-0.254368	-0.247349	-0.247959	-0.248264	-0.243687
0.173000	-0.257725	-0.257420	-0.264439	-0.244907	-0.254673	-0.263523	-0.248569	-0.246128	-0.251011	-0.241245
0.173100	-0.259556	-0.260166	-0.259251	-0.239414	-0.254978	-0.260166	-0.249180	-0.241856	-0.247654	-0.242161
0.173200	-0.258030	-0.249485	-0.258335	-0.238193	-0.259556	-0.261387	-0.242771	-0.238804	-0.245212	-0.247654
0.173300	-0.271458	-0.251011	-0.245823	-0.237888	-0.247044	-0.253147	-0.247349	-0.237888	-0.238804	-0.235752
0.173400	-0.258030	-0.252232	-0.239719	-0.222324	-0.239414	-0.249180	-0.238193	-0.236667	-0.235752	-0.229954
0.173500	-0.254978	-0.247654	-0.237278	-0.228122	-0.228733	-0.246738	-0.243687	-0.233310	-0.238804	-0.227817
0.173600	-0.254978	-0.242771	-0.231174	-0.216526	-0.229648	-0.249485	-0.237888	-0.223545	-0.235142	-0.228428
0.173700	-0.254978	-0.235142	-0.229648	-0.219577	-0.229954	-0.246128	-0.236362	-0.225986	-0.233616	-0.226597
0.173800	-0.257420	-0.237888	-0.218357	-0.211948	-0.235447	-0.241245	-0.236057	-0.228733	-0.232395	-0.218662
0.173900	-0.245518	-0.233616	-0.228733	-0.217136	-0.225071	-0.243381	-0.240024	-0.227817	-0.230869	-0.218967
0.174000	-0.250401	-0.230564	-0.220798	-0.216831	-0.225986	-0.234226	-0.231785	-0.228733	-0.234226	-0.217136
0.174100	-0.247959	-0.219883	-0.224765	-0.222629	-0.231785	-0.236973	-0.229038	-0.226597	-0.233005	-0.227512
0.174200	-0.259251	-0.222324	-0.217136	-0.219883	-0.222629	-0.228733	-0.236667	-0.227512	-0.234226	-0.218967
0.174300	-0.248875	-0.217746	-0.219272	-0.208591	-0.220493	-0.229038	-0.228428	-0.226597	-0.229954	-0.218967
0.174400	-0.244907	-0.218051	-0.214694	-0.207981	-0.205844	-0.220798	-0.236057	-0.219577	-0.225071	-0.214084
0.174500	-0.236667	-0.219272	-0.211643	-0.203403	-0.207981	-0.223545	-0.229343	-0.213779	-0.220493	-0.213474
0.174600	-0.240330	-0.211337	-0.215915	-0.214084	-0.203403	-0.217441	-0.228122	-0.212253	-0.228733	-0.215000
0.174700	-0.241856	-0.200351	-0.207981	-0.210422	-0.208286	-0.213779	-0.218357	-0.217136	-0.229954	-0.207675
0.174800	-0.229343	-0.197604	-0.211948	-0.211948	-0.204624	-0.215000	-0.219883	-0.218967	-0.218051	-0.210117
0.174900	-0.227817	-0.201266	-0.206760	-0.200656	-0.206455	-0.210422	-0.222934	-0.223545	-0.216220	-0.210422
0.175000	-0.220798	-0.199130	-0.217136	-0.203403	-0.199435	-0.215000	-0.224460	-0.211337	-0.210422	-0.220798
0.175100	-0.227817	-0.197909	-0.211948	-0.202792	-0.199130	-0.195773	-0.215915	-0.210422	-0.214389	-0.208896
0.175200	-0.218051	-0.189975	-0.216220	-0.201266	-0.207675	-0.193942	-0.200656	-0.208591	-0.205844	-0.210117
0.175300	-0.216220	-0.182040	-0.206760	-0.201572	-0.196384	-0.196384	-0.204929	-0.209201	-0.205539	-0.207981
0.175400	-0.207981	-0.180514	-0.203098	-0.199130	-0.196994	-0.205539	-0.199741	-0.202182	-0.198825	-0.211643
0.175500	-0.207981	-0.183871	-0.204318	-0.204624	-0.184482	-0.191501	-0.207065	-0.197909	-0.195163	-0.207370
0.175600	-0.197604	-0.185092	-0.195163	-0.190890	-0.189364	-0.185092	-0.189670	-0.192721	-0.188754	-0.201572
0.175700	-0.191195	-0.177157	-0.198520	-0.189975	-0.183261	-0.179904	-0.184787	-0.182956	-0.189364	-0.200351
0.175800	-0.190890	-0.174105	-0.187839	-0.183871	-0.190280	-0.178683	-0.182956	-0.185702	-0.181735	-0.193942
0.175900	-0.185397	-0.181430	-0.187839	-0.191501	-0.194858	-0.192111	-0.186313	-0.181430	-0.171969	-0.197909
0.176000	-0.185397	-0.177157	-0.181735	-0.189059	-0.193637	-0.186007	-0.188754	-0.187228	-0.184482	-0.192111
0.176100	-0.176547	-0.171664	-0.186313	-0.184787	-0.186313	-0.186313	-0.188144	-0.174716	-0.178073	-0.199741
0.176200	-0.175326	-0.162814	-0.181125	-0.180209	-0.175936	-0.171054	-0.185397	-0.177157	-0.176852	-0.193942
0.176300	-0.173495	-0.167697	-0.178988	-0.172274	-0.181430	-0.175326	-0.179599	-0.172579	-0.163729	-0.193637
0.176400	-0.177462	-0.171054	-0.170748	-0.176547	-0.172885	-0.176242	-0.186313	-0.172579	-0.167697	-0.185092
0.176500	-0.174105	-0.174716	-0.162203	-0.171969	-0.182956	-0.180514	-0.179293	-0.168612	-0.164034	-0.178683
0.176600	-0.166781	-0.173190	-0.163729	-0.174411	-0.170443	-0.171664	-0.175631	-0.167086	-0.165560	-0.178073
0.176700	-0.166171	-0.174716	-0.156405	-0.165255	-0.171969	-0.172579	-0.173800	-0.171359	-0.169528	-0.174716
0.176800	-0.165255	-0.176852	-0.166171	-0.166476	-0.167086	-0.174716	-0.181430	-0.166476	-0.174105	-0.177157
0.176900	-0.169528	-0.169833	-0.162509	-0.162509	-0.168612	-0.170138	-0.187533	-0.176242	-0.172885	-0.165255
0.177000	-0.170748	-0.173495	-0.166476	-0.166476	-0.176852	-0.175326	-0.184482	-0.172885	-0.162203	-0.172274
0.177100	-0.175936	-0.167391	-0.161898	-0.170138	-0.177157	-0.168002	-0.189975	-0.181735	-0.172885	-0.171054
0.177200	-0.172579	-0.179293	-0.159457	-0.172885	-0.173190	-0.174411	-0.188144	-0.175936	-0.168612	-0.176852
0.177300	-0.167697	-0.176547	-0.165255	-0.175936	-0.164950	-0.171359	-0.191501	-0.183871	-0.182956	-0.172274
0.177400	-0.167697	-0.184787	-0.165560	-0.171969	-0.174411	-0.179599	-0.187533	-0.183261	-0.179904	-0.171969
0.177500	-0.172579	-0.180514	-0.165866	-0.171969	-0.168307	-0.183871	-0.185397	-0.187533	-0.182040	-0.171054
0.177600	-0.178073	-0.184482	-0.160067	-0.169528	-0.173495	-0.181735	-0.181430	-0.191195	-0.175936	-0.171664
0.177700	-0.176547	-0.186313	-0.167391	-0.176547	-0.166171	-0.174411	-0.179293	-0.185092	-0.179904	-0.179293
0.177800	-0.184787	-0.190585	-0.171054	-0.177462	-0.167391	-0.170443	-0.180514	-0.190280	-0.189364	-0.178073
0.177900	-0.177768	-0.193942	-0.178988	-0.184176	-0.169833	-0.177157	-0.183871	-0.186007	-0.193637	-0.185397
0.178000	-0.179293	-0.189364	-0.178988	-0.188449	-0.175326	-0.174411	-0.193027	-0.201266	-0.196384	-0.182040
0.178100	-0.183566	-0.200961	-0.181735	-0.191806	-0.184787	-0.177768	-0.187839	-0.197299	-0.185702	-0.194247
0.178200	-0.186313	-0.192111	-0.189059	-0.196078	-0.181125	-0.174105	-0.193332	-0.203403	-0.194247	-0.191195
0.178300	-0.183871	-0.197604	-0.188144	-0.194858	-0.184787	-0.175631	-0.186923	-0.194247	-0.187228	-0.197909
0.178400	-0.178988	-0.187533	-0.198825	-0.196689	-0.184176	-0.182345	-0.184787	-0.195773	-0.192721	-0.196078
0.178500	-0.189670	-0.195163	-0.192111	-0.194552	-0.195163	-0.184482	-0.183566	-0.193942	-0.189975	-0.194552
0.178600	-0.189364	-0.196078	-0.195773	-0.196689	-0.193332	-0.189975	-0.181735	-0.196994	-0.193942	-0.198520
0.178700	-0.196994	-0.202792	-0.194552	-0.200046	-0.197299	-0.186923	-0.185397	-0.205234	-0.199435	-0.202487
0.178800	-0.185702	-0.207370	-0.206455	-0.203403	-0.201877	-0.191806	-0.183871	-0.199435	-0.197604	-0.211643
0.178900	-0.194552	-0.217136	-0.212863	-0.204929	-0.205234	-0.189975	-0.194552	-0.205539	-0.201877	-0.210117
0.179000	-0.193027	-0.219577	-0.220188	-0.210422	-0.214084	-0.199130	-0.190890	-0.197604	-0.194858	-0.215915
0.179100	-0.204318	-0.197604	-0.227512	-0.217136	-0.211643	-0.189364	-0.197909	-0.200046	-0.194858	-0.211948
0.179200	-0.208286	-0.201572	-0.219577	-0.211643	-0.217746	-0.196689	-0.191806	-0.191806	-0.187533	-0.208591
0.179300	-0.200351	-0.197604	-0.228428	-0.209506	-0.218051	-0.207370	-0.201266	-0.203098	-0.196994	-0.204318
0.179400	-0.197909	-0.211337	-0.218662	-0.205844	-0.228428	-0.204318	-0.201266	-0.204929	-0.193942	-0.208286
0.179500	-0.193942	-0.207675	-0.230564	-0.207981	-0.222629	-0.212558	-0.197909	-0.200351	-0.193027	-0.211032
0.179600	-0.208286	-0.208286	-0.222324	-0.213169	-0.219577	-0.211948	-0.200656	-0.197909	-0.191501	-0.207981
0.179700	-0.200351	-0.207370	-0.222019	-0.207981	-0.221103	-0.223545	-0.196689	-0.193332	-0.191501	-0.210727
0.179800	-0.210727	-0.211948	-0.212863	-0.201266	-0.221714	-0.218662	-0.203403	-0.199130	-0.196078	-0.200961
0.179900	-0.202182	-0.218357	-0.221103	-0.196994	-0.225986	-0.226291	-0.200961	-0.194247	-0.190280	-0.202792
0.180000	-0.209201	-0.216831	-0.224460	-0.206455	-0.217441	-0.215000	-0.214389	-0.200046	-0.197604	-0.203403
0.180100	-0.206760	-0.215305	-0.218357	-0.204624	-0.223545	-0.220493	-0.204929	-0.199741	-0.197604	-0.207370
0.180200	-0.211032	-0.204929	-0.225681	-0.212253	-0.217441	-0.222629	-0.213474	-0.205844	-0.209506	-0.204318
0.180300	-0.208896	-0.215000	-0.216831	-0.205844	-0.229648	-0.225376	-0.211337	-0.208591	-0.212253	-0.203708
0.180400	-0.202792	-0.214694	-0.227817	-0.207981	-0.220493	-0.231174	-0.215000	-0.210117	-0.214084	-0.208591
0.180500	-0.210117	-0.218662	-0.212558	-0.203403	-0.218357	-0.217136	-0.214084	-0.213169	-0.213169	-0.203403
0.180600	-0.201572	-0.216220	-0.215305	-0.200961	-0.214694	-0.225071	-0.215915	-0.204318	-0.210727	-0.203708
0.180700	-0.213474	-0.219272	-0.203403	-0.202487	-0.212558	-0.223850	-0.219577	-0.207065	-0.217746	-0.187228
0.180800	-0.206455	-0.218662	-0.208591	-0.198825	-0.216220	-0.235142	-0.215915	-0.212863	-0.217746	-0.193027
0.180900	-0.218051	-0.215915	-0.205539	-0.204318	-0.210422	-0.226597	-0.226597	-0.222629	-0.231479	-0.195773
0.181000	-0.203708	-0.222629	-0.207981	-0.202182	-0.216831	-0.233921	-0.222019	-0.219883	-0.230869	-0.207065
0.181100	-0.212863	-0.223240	-0.211643	-0.209506	-0.208286	-0.211948	-0.229954	-0.226291	-0.238804	-0.211948
0.181200	-0.212558	-0.225071	-0.210422	-0.204318	-0.217441	-0.210727	-0.215305	-0.223545	-0.230564	-0.208896
0.181300	-0.218357	-0.214694	-0.224460	-0.216831	-0.208896	-0.219883	-0.223850	-0.225376	-0.225376	-0.209201
0.181400	-0.219577	-0.214694	-0.212863	-0.213779	-0.216220	-0.221103	-0.223240	-0.233921	-0.225986	-0.207065
0.181500	-0.214084	-0.212558	-0.222324	-0.216526	-0.211337	-0.225986	-0.218662	-0.226291	-0.234836	-0.210422
0.181600	-0.218967	-0.213169	-0.211337	-0.210117	-0.208896	-0.209201	-0.213779	-0.228733	-0.241856	-0.205234
0.181700	-0.208896	-0.216831	-0.220493	-0.211643	-0.204624	-0.217441	-0.207065	-0.218967	-0.230564	-0.210727
0.181800	-0.218662	-0.212863	-0.212558	-0.218357	-0.201266	-0.209506	-0.211032	-0.222019	-0.233310	-0.206760
0.181900	-0.213474	-0.206149	-0.212863	-0.216831	-0.210117	-0.218662	-0.208896	-0.221714	-0.223240	-0.217746
0.182000	-0.227817	-0.197909	-0.208896	-0.223850	-0.202487	-0.205844	-0.219272	-0.219883	-0.226291	-0.217136
0.182100	-0.213779	-0.201266	-0.213169	-0.211643	-0.208591	-0.210422	-0.205234	-0.206455	-0.213169	-0.218051
0.182200	-0.214389	-0.195773	-0.221714	-0.217441	-0.196384	-0.197299	-0.203708	-0.206149	-0.214084	-0.219577
0.182300	-0.211643	-0.193942	-0.213169	-0.214084	-0.205844	-0.202182	-0.193942	-0.204624	-0.214694	-0.217136
0.182400	-0.211337	-0.195468	-0.217746	-0.222324	-0.198825	-0.207065	-0.193027	-0.195773	-0.211337	-0.217136
0.182500	-0.208896	-0.196689	-0.205234	-0.215000	-0.200961	-0.197299	-0.191806	-0.196384	-0.207981	-0.212863
0.182600	-0.207065	-0.193637	-0.210727	-0.217136	-0.196689	-0.194552	-0.190280	-0.189975	-0.196689	-0.215000
0.182700	-0.205234	-0.185397	-0.199741	-0.210422	-0.198825	-0.186313	-0.192111	-0.195773	-0.204929	-0.206149
0.182800	-0.190280	-0.190280	-0.210117	-0.208286	-0.205234	-0.195468	-0.190890	-0.189975	-0.196078	-0.208286
0.182900	-0.194247	-0.185702	-0.204929	-0.211032	-0.200351	-0.191195	-0.194552	-0.193332	-0.202487	-0.200351
0.183000	-0.188449	-0.189670	-0.200656	-0.204318	-0.205234	-0.200961	-0.185092	-0.192721	-0.195163	-0.206149
0.183100	-0.194247	-0.193942	-0.196689	-0.208896	-0.194247	-0.195773	-0.190585	-0.197299	-0.196384	-0.207065
0.183200	-0.186923	-0.197909	-0.194552	-0.206149	-0.203098	-0.200046	-0.188144	-0.192721	-0.192721	-0.212253
0.183300	-0.192111	-0.196384	-0.195773	-0.215305	-0.201877	-0.193637	-0.194247	-0.189059	-0.199130	-0.211032
0.183400	-0.197299	-0.194247	-0.193027	-0.203098	-0.208591	-0.196078	-0.197909	-0.192721	-0.196994	-0.203708
0.183500	-0.196384	-0.196689	-0.199741	-0.200656	-0.201266	-0.203098	-0.199741	-0.188449	-0.193027	-0.205234
0.183600	-0.193027	-0.196078	-0.191195	-0.193637	-0.204318	-0.202182	-0.197604	-0.197299	-0.194858	-0.201266
0.183700	-0.191501	-0.204318	-0.186313	-0.200961	-0.202182	-0.204929	-0.199130	-0.193027	-0.194247	-0.200961
0.183800	-0.193027	-0.193027	-0.179599	-0.196994	-0.202182	-0.197299	-0.201266	-0.197604	-0.205539	-0.195773
0.183900	-0.189364	-0.193637	-0.183566	-0.196689	-0.201877	-0.200046	-0.196994	-0.196994	-0.199130	-0.199130
0.184000	-0.194552	-0.185092	-0.178988	-0.197909	-0.196078	-0.199130	-0.202487	-0.201877	-0.203708	-0.190890
0.184100	-0.196994	-0.185397	-0.178073	-0.187839	-0.204624	-0.204624	-0.204318	-0.204318	-0.202792	-0.195468
0.184200	-0.201877	-0.195163	-0.184176	-0.193942	-0.196384	-0.201877	-0.207675	-0.210117	-0.204318	-0.200656
0.184300	-0.201266	-0.201572	-0.184787	-0.195468	-0.190280	-0.195773	-0.207370	-0.204318	-0.200656	-0.201266
0.184400	-0.203098	-0.199130	-0.183871	-0.200961	-0.186007	-0.196994	-0.202182	-0.194247	-0.195773	-0.197604
0.184500	-0.200656	-0.193332	-0.177157	-0.196994	-0.188754	-0.196994	-0.201877	-0.194552	-0.202792	-0.191806
0.184600	-0.201266	-0.194858	-0.174105	-0.197299	-0.182956	-0.196689	-0.194247	-0.189975	-0.200656	-0.190280
0.184700	-0.203098	-0.190585	-0.179904	-0.193027	-0.183566	-0.192721	-0.196689	-0.200656	-0.205844	-0.188754
0.184800	-0.209506	-0.200351	-0.185092	-0.189059	-0.178988	-0.189670	-0.200046	-0.201877	-0.202487	-0.191806
0.184900	-0.203708	-0.197299	-0.188144	-0.181430	-0.177157	-0.181430	-0.206149	-0.200046	-0.202487	-0.187228
0.185000	-0.203708	-0.197909	-0.190585	-0.184787	-0.180514	-0.174411	-0.200046	-0.193027	-0.196384	-0.190890
0.185100	-0.200046	-0.193942	-0.190280	-0.193332	-0.179904	-0.180514	-0.196994	-0.189670	-0.199741	-0.193637
0.185200	-0.196994	-0.194247	-0.179904	-0.197909	-0.182345	-0.182956	-0.194552	-0.194858	-0.202182	-0.196384
0.185300	-0.200961	-0.199741	-0.186313	-0.196994	-0.175631	-0.185397	-0.193332	-0.198825	-0.194858	-0.194858
0.185400	-0.203708	-0.197909	-0.194247	-0.196078	-0.176242	-0.181430	-0.196078	-0.195773	-0.191195	-0.194247
0.185500	-0.201572	-0.197909	-0.196078	-0.200656	-0.182956	-0.180514	-0.185092	-0.189670	-0.183261	-0.192111
0.185600	-0.202792	-0.199741	-0.200351	-0.196078	-0.183566	-0.174411	-0.188449	-0.193637	-0.188754	-0.193637
0.185700	-0.205539	-0.206455	-0.194247	-0.192721	-0.182345	-0.175326	-0.186313	-0.189975	-0.189059	-0.195773
0.185800	-0.203403	-0.199130	-0.198825	-0.190280	-0.186313	-0.178683	-0.192111	-0.187839	-0.189975	-0.200656
0.185900	-0.205844	-0.204624	-0.194858	-0.192721	-0.191501	-0.178073	-0.193942	-0.182345	-0.178378	-0.200351
0.186000	-0.197604	-0.201877	-0.196078	-0.188754	-0.194858	-0.182956	-0.189670	-0.179904	-0.175326	-0.198825
0.186100	-0.201877	-0.201266	-0.195468	-0.196689	-0.197604	-0.177768	-0.182956	-0.189670	-0.178988	-0.202182
0.186200	-0.199435	-0.204624	-0.202182	-0.199741	-0.200961	-0.189670	-0.187533	-0.191501	-0.179904	-0.201572
0.186300	-0.204624	-0.198520	-0.196078	-0.197604	-0.207370	-0.184482	-0.192721	-0.195163	-0.185092	-0.201266
0.186400	-0.209201	-0.195773	-0.202182	-0.192721	-0.209201	-0.188144	-0.189975	-0.193332	-0.180209	-0.202182
0.186500	-0.208896	-0.192721	-0.205844	-0.195468	-0.204318	-0.187839	-0.194552	-0.189364	-0.183871	-0.204318
0.186600	-0.200961	-0.203098	-0.198520	-0.200046	-0.208591	-0.196078	-0.187839	-0.182040	-0.174411	-0.200961
0.186700	-0.197299	-0.202487	-0.202182	-0.195468	-0.204318	-0.195468	-0.193942	-0.182650	-0.172885	-0.196384
0.186800	-0.203708	-0.204318	-0.200351	-0.190890	-0.201877	-0.200961	-0.193637	-0.182956	-0.171664	-0.192721
0.186900	-0.207065	-0.196689	-0.205844	-0.188449	-0.203708	-0.207370	-0.202182	-0.186007	-0.177768	-0.198520
0.187000	-0.216526	-0.197604	-0.201266	-0.184482	-0.203403	-0.196994	-0.201877	-0.190890	-0.179599	-0.194858
0.187100	-0.209201	-0.201572	-0.204318	-0.176852	-0.205539	-0.200046	-0.200961	-0.186313	-0.178073	-0.189670
0.187200	-0.211337	-0.196384	-0.197299	-0.185092	-0.211032	-0.194552	-0.203098	-0.192111	-0.187839	-0.185702
0.187300	-0.201266	-0.201266	-0.207675	-0.189364	-0.212558	-0.207065	-0.205234	-0.186923	-0.178378	-0.186313
0.187400	-0.200046	-0.197604	-0.203098	-0.193027	-0.211948	-0.201266	-0.207370	-0.188449	-0.192721	-0.189059
0.187500	-0.201266	-0.201877	-0.201266	-0.189670	-0.207675	-0.210422	-0.200046	-0.193637	-0.190585	-0.190280
0.187600	-0.203403	-0.200351	-0.204929	-0.186007	-0.200961	-0.201877	-0.206455	-0.200961	-0.193332	-0.188144
0.187700	-0.202487	-0.203403	-0.202792	-0.182956	-0.210117	-0.200351	-0.200961	-0.196689	-0.184787	-0.182040
0.187800	-0.202792	-0.196994	-0.203708	-0.181125	-0.201877	-0.193637	-0.203708	-0.200961	-0.191806	-0.181735
0.187900	-0.205844	-0.205234	-0.194858	-0.179293	-0.195773	-0.200351	-0.204624	-0.193942	-0.195163	-0.182345
0.188000	-0.209201	-0.209201	-0.200046	-0.179904	-0.197604	-0.203708	-0.212558	-0.192721	-0.201572	-0.184482
0.188100	-0.213474	-0.204929	-0.194858	-0.178073	-0.200351	-0.196689	-0.211643	-0.200046	-0.197299	-0.185397
0.188200	-0.207981	-0.206455	-0.201877	-0.175631	-0.200961	-0.205844	-0.210117	-0.199741	-0.189364	-0.183261
0.188300	-0.213779	-0.203403	-0.206455	-0.181125	-0.202182	-0.205234	-0.211948	-0.206760	-0.204624	-0.185702
0.188400	-0.209201	-0.208591	-0.214389	-0.186007	-0.199435	-0.210422	-0.207370	-0.202487	-0.201572	-0.189975
0.188500	-0.210727	-0.206455	-0.209506	-0.194552	-0.199130	-0.197909	-0.201877	-0.205234	-0.207981	-0.188754
0.188600	-0.213474	-0.211948	-0.206455	-0.195468	-0.206455	-0.205539	-0.197909	-0.207981	-0.202182	-0.188144
0.188700	-0.209201	-0.203403	-0.207675	-0.196994	-0.204318	-0.200961	-0.205539	-0.209201	-0.207675	-0.189670
0.188800	-0.198520	-0.207981	-0.208896	-0.199130	-0.207065	-0.203403	-0.206455	-0.206149	-0.202487	-0.188754
0.188900	-0.204318	-0.205234	-0.216526	-0.197299	-0.203403	-0.201877	-0.207675	-0.212558	-0.210422	-0.191806
0.189000	-0.204624	-0.206455	-0.213779	-0.189364	-0.207065	-0.205539	-0.202792	-0.215000	-0.210727	-0.197299
0.189100	-0.207370	-0.206760	-0.219883	-0.190280	-0.211032	-0.201877	-0.206760	-0.218357	-0.213169	-0.204624
0.189200	-0.213169	-0.201877	-0.221714	-0.196689	-0.211643	-0.201877	-0.209506	-0.218662	-0.214389	-0.207370
0.189300	-0.207675	-0.206760	-0.222324	-0.202182	-0.209201	-0.210727	-0.209201	-0.211032	-0.207370	-0.204624
0.189400	-0.205539	-0.198520	-0.216831	-0.205539	-0.212863	-0.210727	-0.207370	-0.212253	-0.218357	-0.200351
0.189500	-0.201572	-0.199435	-0.220798	-0.207370	-0.216220	-0.213474	-0.206455	-0.205844	-0.215000	-0.207370
0.189600	-0.202792	-0.197299	-0.219883	-0.213169	-0.223240	-0.213779	-0.209201	-0.212558	-0.217136	-0.213474
0.189700	-0.202182	-0.205844	-0.222324	-0.216831	-0.225681	-0.223850	-0.211337	-0.217441	-0.215000	-0.216220
0.189800	-0.198520	-0.197299	-0.220188	-0.217136	-0.217441	-0.215305	-0.211032	-0.217746	-0.224460	-0.215305
0.189900	-0.193637	-0.194858	-0.219883	-0.209506	-0.226291	-0.211032	-0.208896	-0.217441	-0.215000	-0.214084
0.190000	-0.194858	-0.192111	-0.214389	-0.208591	-0.229648	-0.208591	-0.211948	-0.223240	-0.218967	-0.215000
0.190100	-0.193332	-0.194858	-0.216220	-0.209201	-0.225986	-0.218051	-0.205844	-0.222629	-0.221103	-0.224155
0.190200	-0.197299	-0.199130	-0.218357	-0.215000	-0.220188	-0.224460	-0.212863	-0.225681	-0.226291	-0.225681
0.190300	-0.200961	-0.199741	-0.215305	-0.217136	-0.220798	-0.229648	-0.218967	-0.222019	-0.225071	-0.222934
0.190400	-0.198520	-0.205234	-0.212253	-0.219883	-0.221103	-0.221103	-0.215915	-0.217746	-0.219883	-0.227817
0.190500	-0.195468	-0.201877	-0.206760	-0.220798	-0.227207	-0.218051	-0.212863	-0.224765	-0.221103	-0.226597
0.190600	-0.190890	-0.202182	-0.205539	-0.224460	-0.228733	-0.225986	-0.216220	-0.221714	-0.225071	-0.231479
0.190700	-0.195773	-0.198520	-0.207370	-0.223850	-0.223240	-0.229954	-0.214084	-0.224765	-0.235142	-0.225986
0.190800	-0.193027	-0.204929	-0.215000	-0.219577	-0.218662	-0.235752	-0.215915	-0.223240	-0.233616	-0.222019
0.190900	-0.193332	-0.206760	-0.215000	-0.219272	-0.219577	-0.229038	-0.218357	-0.225376	-0.236667	-0.218662
0.191000	-0.192111	-0.212558	-0.213169	-0.223240	-0.231174	-0.224155	-0.219883	-0.231479	-0.232395	-0.225681
0.191100	-0.196384	-0.217136	-0.202487	-0.231174	-0.230869	-0.222934	-0.219272	-0.248264	-0.239109	-0.220188
0.191200	-0.190890	-0.223545	-0.209201	-0.223545	-0.233005	-0.234531	-0.217441	-0.241245	-0.243076	-0.228122
0.191300	-0.196689	-0.219272	-0.217746	-0.222934	-0.228122	-0.224155	-0.234531	-0.234226	-0.251316	-0.233616
0.191400	-0.195773	-0.216220	-0.220798	-0.221103	-0.227512	-0.229648	-0.239109	-0.235142	-0.244907	-0.229343
0.191500	-0.202792	-0.224460	-0.218662	-0.233921	-0.218967	-0.232395	-0.231174	-0.239109	-0.245212	-0.234226
0.191600	-0.211643	-0.226291	-0.208286	-0.239414	-0.221714	-0.239719	-0.227207	-0.245518	-0.245823	-0.227817
0.191700	-0.208591	-0.224460	-0.214084	-0.246738	-0.222934	-0.246128	-0.230869	-0.239719	-0.250401	-0.226291
0.191800	-0.208591	-0.226291	-0.216831	-0.239109	-0.225376	-0.236362	-0.232090	-0.239719	-0.252842	-0.229954
0.191900	-0.204929	-0.232395	-0.222934	-0.229343	-0.223850	-0.233616	-0.236973	-0.241856	-0.242466	-0.240940
0.192000	-0.210422	-0.230259	-0.213474	-0.227512	-0.223240	-0.229648	-0.235752	-0.243992	-0.246128	-0.234836
0.192100	-0.210117	-0.231785	-0.220493	-0.230259	-0.225376	-0.225376	-0.231174	-0.234226	-0.245823	-0.236667
0.192200	-0.211032	-0.229343	-0.222324	-0.243992	-0.220493	-0.217746	-0.236973	-0.242161	-0.248875	-0.233310
0.192300	-0.202487	-0.223850	-0.224765	-0.240024	-0.222019	-0.229038	-0.230564	-0.237278	-0.240635	-0.242161
0.192400	-0.216220	-0.219272	-0.217441	-0.243381	-0.216831	-0.219577	-0.232395	-0.238193	-0.245518	-0.247349
0.192500	-0.213779	-0.225986	-0.210727	-0.236667	-0.217441	-0.224460	-0.224155	-0.236973	-0.233616	-0.243381
0.192600	-0.207065	-0.227817	-0.209201	-0.237888	-0.208286	-0.222324	-0.223240	-0.231174	-0.236057	-0.243076
0.192700	-0.206149	-0.227207	-0.208591	-0.231174	-0.211643	-0.222019	-0.224460	-0.223850	-0.230564	-0.234226
0.192800	-0.199741	-0.222629	-0.224155	-0.235142	-0.210422	-0.221714	-0.229648	-0.216526	-0.227512	-0.238804
0.192900	-0.214084	-0.225071	-0.217746	-0.230259	-0.210727	-0.217441	-0.219577	-0.225376	-0.226597	-0.241856
0.193000	-0.217746	-0.226291	-0.219272	-0.231174	-0.206760	-0.223240	-0.217441	-0.222019	-0.220493	-0.252232
0.193100	-0.217441	-0.219272	-0.213169	-0.228733	-0.210727	-0.215305	-0.220188	-0.223850	-0.220798	-0.237583
0.193200	-0.203403	-0.223850	-0.221103	-0.221103	-0.216220	-0.218967	-0.216831	-0.218662	-0.214084	-0.236667
0.193300	-0.207370	-0.223240	-0.213474	-0.234836	-0.209506	-0.202792	-0.216220	-0.224765	-0.216831	-0.234226
0.193400	-0.201572	-0.225986	-0.213169	-0.231479	-0.220188	-0.210422	-0.201877	-0.215305	-0.216526	-0.242466
0.193500	-0.210117	-0.218051	-0.213779	-0.237278	-0.218967	-0.204624	-0.211643	-0.213169	-0.226291	-0.239109
0.193600	-0.212253	-0.218357	-0.213779	-0.228122	-0.220798	-0.215305	-0.209506	-0.212863	-0.213169	-0.229954
0.193700	-0.214389	-0.211643	-0.225986	-0.228428	-0.210422	-0.216526	-0.211337	-0.210117	-0.213474	-0.230869
0.193800	-0.220493	-0.218051	-0.220493	-0.219272	-0.215000	-0.215305	-0.208286	-0.212253	-0.207370	-0.223545
0.193900	-0.213169	-0.222934	-0.226291	-0.223545	-0.219272	-0.216220	-0.213474	-0.207065	-0.208591	-0.231785
0.194000	-0.221103	-0.227512	-0.216831	-0.224765	-0.218967	-0.212253	-0.215305	-0.213169	-0.212863	-0.228428
0.194100	-0.215305	-0.224765	-0.225071	-0.218967	-0.218662	-0.226291	-0.217746	-0.205844	-0.205234	-0.233005
0.194200	-0.218967	-0.219577	-0.219272	-0.216831	-0.222629	-0.213169	-0.221714	-0.206760	-0.207065	-0.220798
0.194300	-0.212863	-0.220188	-0.222934	-0.207675	-0.229038	-0.214084	-0.211337	-0.195773	-0.206760	-0.225071
0.194400	-0.222019	-0.210422	-0.216831	-0.219272	-0.218051	-0.207370	-0.219577	-0.200046	-0.210727	-0.218051
0.194500	-0.212558	-0.210117	-0.218051	-0.211643	-0.220493	-0.219883	-0.211032	-0.197604	-0.199435	-0.213779
0.194600	-0.217441	-0.211032	-0.222324	-0.217441	-0.207675	-0.207370	-0.218357	-0.202487	-0.202487	-0.209506
0.194700	-0.219577	-0.225376	-0.212558	-0.208591	-0.204318	-0.208591	-0.210117	-0.195468	-0.193027	-0.200961
0.194800	-0.213779	-0.213474	-0.212558	-0.211643	-0.198520	-0.206760	-0.208591	-0.186923	-0.196689	-0.204318
0.194900	-0.216831	-0.214389	-0.195163	-0.197299	-0.203708	-0.203708	-0.206760	-0.190890	-0.189975	-0.190585
0.195000	-0.211643	-0.206149	-0.205539	-0.196994	-0.197604	-0.212558	-0.214084	-0.187228	-0.185702	-0.191195
0.195100	-0.223850	-0.208591	-0.200961	-0.195163	-0.190280	-0.202487	-0.211643	-0.190585	-0.187533	-0.188449
0.195200	-0.213169	-0.205539	-0.205234	-0.187839	-0.189975	-0.207370	-0.201266	-0.183261	-0.183566	-0.196994
0.195300	-0.216831	-0.201266	-0.194858	-0.189670	-0.191806	-0.185397	-0.208896	-0.186923	-0.186923	-0.182040
0.195400	-0.205234	-0.203403	-0.197909	-0.174411	-0.196078	-0.188754	-0.195773	-0.181430	-0.177157	-0.182040
0.195500	-0.209201	-0.195163	-0.196689	-0.182650	-0.179904	-0.186007	-0.199435	-0.184176	-0.178683	-0.177462
0.195600	-0.204318	-0.201877	-0.191195	-0.177157	-0.183261	-0.190280	-0.188754	-0.179293	-0.171054	-0.172579
0.195700	-0.212253	-0.197909	-0.200351	-0.184482	-0.176852	-0.176852	-0.201572	-0.181125	-0.178073	-0.177157
0.195800	-0.225071	-0.200046	-0.183566	-0.179293	-0.176852	-0.186007	-0.193027	-0.182040	-0.172579	-0.173495
0.195900	-0.218662	-0.187228	-0.187839	-0.187839	-0.173190	-0.186007	-0.191501	-0.179599	-0.172274	-0.177768
0.196000	-0.220798	-0.196994	-0.178073	-0.184787	-0.179599	-0.170138	-0.189059	-0.182650	-0.172885	-0.168307
0.196100	-0.205234	-0.193332	-0.195468	-0.181735	-0.186007	-0.178073	-0.185397	-0.176852	-0.178073	-0.171969
0.196200	-0.218051	-0.193027	-0.185092	-0.178683	-0.182956	-0.169528	-0.185702	-0.184176	-0.181735	-0.165255
0.196300	-0.207981	-0.193332	-0.193027	-0.169528	-0.185397	-0.182345	-0.176547	-0.186313	-0.172274	-0.173190
0.196400	-0.218357	-0.189364	-0.190585	-0.183566	-0.176547	-0.175326	-0.190890	-0.189670	-0.174105	-0.171969
0.196500	-0.209201	-0.190280	-0.193637	-0.183566	-0.185397	-0.184787	-0.180514	-0.182650	-0.166476	-0.179599
0.196600	-0.211948	-0.186007	-0.193637	-0.194552	-0.180514	-0.173495	-0.188144	-0.178378	-0.171054	-0.181125
0.196700	-0.202487	-0.188449	-0.187533	-0.182345	-0.190585	-0.175936	-0.173495	-0.178988	-0.170443	-0.173190
0.196800	-0.200656	-0.182956	-0.201266	-0.184176	-0.185092	-0.173800	-0.183871	-0.180209	-0.178073	-0.182345
0.196900	-0.211337	-0.189059	-0.188449	-0.179904	-0.184787	-0.174716	-0.175631	-0.179293	-0.176242	-0.179904
0.197000	-0.203098	-0.182040	-0.197604	-0.190585	-0.183261	-0.183871	-0.182345	-0.175631	-0.170443	-0.183871
0.197100	-0.206149	-0.184482	-0.188449	-0.193027	-0.184176	-0.174716	-0.184482	-0.184176	-0.177157	-0.178683
0.197200	-0.193637	-0.177462	-0.199130	-0.187839	-0.191806	-0.188144	-0.176852	-0.177157	-0.178378	-0.187228
0.197300	-0.203403	-0.175631	-0.184787	-0.185702	-0.185397	-0.171054	-0.177462	-0.178378	-0.179293	-0.177157
0.197400	-0.190890	-0.177768	-0.186007	-0.171054	-0.192721	-0.181735	-0.171664	-0.176547	-0.170748	-0.176547
0.197500	-0.193942	-0.178073	-0.187228	-0.181430	-0.185092	-0.171969	-0.183261	-0.173495	-0.178073	-0.170748
0.197600	-0.183566	-0.178988	-0.188754	-0.182040	-0.187533	-0.183261	-0.171054	-0.176852	-0.170748	-0.165560
0.197700	-0.184482	-0.175326	-0.193332	-0.191501	-0.178683	-0.177768	-0.180209	-0.176242	-0.172885	-0.174105
0.197800	-0.183261	-0.176547	-0.182956	-0.178683	-0.188144	-0.177462	-0.173190	-0.182345	-0.174105	-0.175936
0.197900	-0.192111	-0.177462	-0.186923	-0.181430	-0.185702	-0.184176	-0.186007	-0.174411	-0.172274	-0.181430
0.198000	-0.205844	-0.185397	-0.171664	-0.177462	-0.183261	-0.178378	-0.178988	-0.181125	-0.175326	-0.170138
0.198100	-0.193027	-0.184787	-0.184482	-0.174411	-0.188144	-0.183566	-0.179293	-0.179599	-0.170138	-0.173190
0.198200	-0.194552	-0.186313	-0.178988	-0.176547	-0.183261	-0.176852	-0.181430	-0.190585	-0.180209	-0.166781
0.198300	-0.185702	-0.182345	-0.187228	-0.174105	-0.194247	-0.187839	-0.176242	-0.187533	-0.179599	-0.171359
0.198400	-0.200046	-0.189364	-0.174105	-0.178683	-0.185397	-0.175936	-0.181430	-0.189364	-0.183871	-0.173495
0.198500	-0.194552	-0.196078	-0.175326	-0.170748	-0.190280	-0.191501	-0.176547	-0.193637	-0.179293	-0.174716
0.198600	-0.202182	-0.194552	-0.184482	-0.181430	-0.181430	-0.183871	-0.189670	-0.192721	-0.186313	-0.168917
0.198700	-0.198825	-0.190890	-0.188449	-0.179904	-0.185702	-0.186923	-0.182040	-0.198520	-0.179904	-0.162509
0.198800	-0.203098	-0.196384	-0.191806	-0.183261	-0.181735	-0.185702	-0.190280	-0.193637	-0.182040	-0.172885
0.198900	-0.204318	-0.200961	-0.183871	-0.184482	-0.188449	-0.188754	-0.180514	-0.200656	-0.193942	-0.175936
0.199000	-0.199741	-0.207370	-0.191806	-0.190585	-0.191195	-0.196994	-0.187228	-0.194552	-0.198520	-0.182650
0.199100	-0.204929	-0.204318	-0.189364	-0.187839	-0.191195	-0.194552	-0.189059	-0.206149	-0.208591	-0.177157
0.199200	-0.206149	-0.203098	-0.197909	-0.179904	-0.197299	-0.197604	-0.194247	-0.208896	-0.199741	-0.184482
0.199300	-0.213169	-0.202487	-0.189059	-0.183871	-0.192111	-0.192111	-0.196994	-0.214694	-0.203708	-0.189364
0.199400	-0.207675	-0.199130	-0.199435	-0.189975	-0.200656	-0.200656	-0.198825	-0.212253	-0.203708	-0.196078
0.199500	-0.207370	-0.203098	-0.206149	-0.200961	-0.202487	-0.193332	-0.194858	-0.211032	-0.209506	-0.200351
0.199600	-0.194552	-0.204624	-0.208591	-0.195773	-0.208286	-0.203098	-0.189059	-0.210422	-0.212558	-0.196078
0.199700	-0.197299	-0.202487	-0.203708	-0.200351	-0.201877	-0.197299	-0.194858	-0.203708	-0.218662	-0.197909
0.199800	-0.202792	-0.197909	-0.204624	-0.201572	-0.209201	-0.198520	-0.191806	-0.211032	-0.212863	-0.196384
0.199900	-0.207065	-0.204318	-0.206760	-0.204318	-0.211337	-0.206149	-0.200656	-0.201572	-0.206149	-0.206455
0.200000	-0.203403	-0.194247	-0.212863	-0.208286	-0.209201	-0.213474	-0.198520	-0.217441	-0.214694	-0.205539
0.200100	-0.199435	-0.197909	-0.218357	-0.209506	-0.211337	-0.212558	-0.204318	-0.210727	-0.207675	-0.214694
0.200200	-0.199741	-0.195163	-0.207981	-0.206455	-0.207065	-0.200961	-0.202487	-0.212253	-0.211948	-0.216220
0.200300	-0.201266	-0.198825	-0.206149	-0.198520	-0.212863	-0.198520	-0.200046	-0.208896	-0.207675	-0.220493
0.200400	-0.199435	-0.196384	-0.202792	-0.203403	-0.209506	-0.198825	-0.196078	-0.207370	-0.212253	-0.218967
0.200500	-0.191501	-0.198520	-0.210117	-0.204624	-0.215915	-0.210422	-0.200046	-0.208896	-0.207981	-0.215915
0.200600	-0.195163	-0.207370	-0.210117	-0.204624	-0.211032	-0.205539	-0.199435	-0.210422	-0.208591	-0.220188
0.200700	-0.196384	-0.205539	-0.212863	-0.200046	-0.212863	-0.205539	-0.203708	-0.210117	-0.206149	-0.220188
0.200800	-0.200961	-0.204929	-0.219272	-0.205234	-0.211643	-0.198825	-0.201572	-0.201572	-0.200656	-0.221103
0.200900	-0.207981	-0.200351	-0.224765	-0.208286	-0.213779	-0.204318	-0.195468	-0.207065	-0.201877	-0.209506
0.201000	-0.205539	-0.208286	-0.216831	-0.207370	-0.217136	-0.206455	-0.196384	-0.200656	-0.200961	-0.209201
0.201100	-0.200351	-0.204929	-0.220493	-0.211948	-0.211337	-0.210422	-0.193942	-0.209201	-0.210422	-0.211948
0.201200	-0.201266	-0.213779	-0.213779	-0.207981	-0.218357	-0.206760	-0.200961	-0.204318	-0.211032	-0.217746
0.201300	-0.199435	-0.211948	-0.211032	-0.203708	-0.217136	-0.212863	-0.208896	-0.206149	-0.215305	-0.222019
0.201400	-0.205234	-0.211643	-0.211643	-0.200351	-0.215000	-0.214389	-0.214084	-0.215000	-0.216831	-0.217136
0.201500	-0.202182	-0.213779	-0.217746	-0.203403	-0.218051	-0.218357	-0.205539	-0.217136	-0.208896	-0.211643
0.201600	-0.205234	-0.215915	-0.218967	-0.206149	-0.225681	-0.214694	-0.216831	-0.214389	-0.207981	-0.208286
0.201700	-0.211032	-0.222629	-0.224155	-0.210422	-0.219883	-0.218662	-0.208591	-0.205234	-0.207675	-0.213779
0.201800	-0.216831	-0.212558	-0.229343	-0.211337	-0.210117	-0.222629	-0.211337	-0.205539	-0.213779	-0.211948
0.201900	-0.209201	-0.217441	-0.221103	-0.205844	-0.212863	-0.216220	-0.212253	-0.206149	-0.212253	-0.212253
0.202000	-0.206455	-0.215305	-0.223850	-0.210422	-0.211337	-0.214694	-0.216220	-0.212558	-0.215915	-0.207981
0.202100	-0.207065	-0.222324	-0.206760	-0.205539	-0.222324	-0.213474	-0.213779	-0.206455	-0.211948	-0.207065
0.202200	-0.206149	-0.211032	-0.215305	-0.213779	-0.214694	-0.217441	-0.208896	-0.206760	-0.214694	-0.210117
0.202300	-0.213169	-0.215305	-0.207065	-0.212863	-0.211948	-0.208591	-0.212253	-0.208896	-0.219883	-0.208896
0.202400	-0.202792	-0.209201	-0.205234	-0.210422	-0.204318	-0.219577	-0.213779	-0.213169	-0.217136	-0.217136
0.202500	-0.204318	-0.206455	-0.197299	-0.207981	-0.203403	-0.211948	-0.225376	-0.221103	-0.220188	-0.211948
0.202600	-0.193027	-0.213474	-0.199130	-0.205539	-0.204624	-0.219272	-0.217136	-0.211032	-0.213779	-0.214389
0.202700	-0.196689	-0.211337	-0.201572	-0.210117	-0.204929	-0.215915	-0.225986	-0.207675	-0.218051	-0.218357
0.202800	-0.195163	-0.217441	-0.201877	-0.208286	-0.208286	-0.218357	-0.211643	-0.200046	-0.206760	-0.220188
0.202900	-0.199741	-0.205234	-0.209201	-0.212253	-0.190585	-0.205234	-0.216220	-0.206455	-0.210117	-0.211032
0.203000	-0.196078	-0.206455	-0.196384	-0.203098	-0.198520	-0.199741	-0.207675	-0.209201	-0.206455	-0.210117
0.203100	-0.198520	-0.199130	-0.207370	-0.211032	-0.195773	-0.204318	-0.205234	-0.206760	-0.215305	-0.212863
0.203200	-0.201266	-0.205844	-0.193332	-0.205234	-0.202182	-0.196994	-0.202792	-0.204929	-0.213779	-0.210727
0.203300	-0.197909	-0.204624	-0.206149	-0.207370	-0.197299	-0.201877	-0.202182	-0.205234	-0.213779	-0.218967
0.203400	-0.201877	-0.207370	-0.190280	-0.210727	-0.206149	-0.193637	-0.207370	-0.210117	-0.217441	-0.214694
0.203500	-0.188754	-0.209506	-0.190585	-0.211643	-0.203403	-0.211337	-0.206149	-0.207370	-0.211032	-0.220493
0.203600	-0.197299	-0.199130	-0.190280	-0.211643	-0.198825	-0.201572	-0.213169	-0.213474	-0.222629	-0.212558
0.203700	-0.193332	-0.203708	-0.203403	-0.214694	-0.203403	-0.211032	-0.202182	-0.201572	-0.211948	-0.220798
0.203800	-0.205234	-0.196078	-0.211032	-0.223850	-0.202182	-0.204929	-0.215915	-0.207981	-0.211948	-0.225376
0.203900	-0.201877	-0.207065	-0.207370	-0.216220	-0.207981	-0.212253	-0.206760	-0.205539	-0.202792	-0.225986
0.204000	-0.201572	-0.207370	-0.212863	-0.222324	-0.196384	-0.202182	-0.209506	-0.211948	-0.218662	-0.221714
0.204100	-0.199741	-0.213169	-0.205844	-0.214084	-0.208591	-0.200961	-0.207370	-0.214694	-0.218357	-0.220188
0.204200	-0.200046	-0.206760	-0.225376	-0.222934	-0.208286	-0.203403	-0.211948	-0.202792	-0.214389	-0.222324
0.204300	-0.204929	-0.206760	-0.210727	-0.222934	-0.212558	-0.199435	-0.212253	-0.203098	-0.210727	-0.217441
0.204400	-0.200656	-0.207370	-0.212863	-0.223240	-0.202487	-0.219272	-0.211337	-0.200656	-0.208896	-0.226291
0.204500	-0.204318	-0.202792	-0.199435	-0.218662	-0.209201	-0.210117	-0.215000	-0.211032	-0.221103	-0.216831
0.204600	-0.196078	-0.207065	-0.204929	-0.219883	-0.209201	-0.218051	-0.208286	-0.205844	-0.206455	-0.220798
0.204700	-0.206760	-0.193637	-0.205844	-0.222019	-0.205844	-0.207370	-0.218357	-0.210422	-0.217441	-0.214389
0.204800	-0.199130	-0.199435	-0.213474	-0.219272	-0.220188	-0.215915	-0.213779	-0.198825	-0.201877	-0.216526
0.204900	-0.200351	-0.200351	-0.213779	-0.225071	-0.209506	-0.212558	-0.224155	-0.207675	-0.207370	-0.216526
0.205000	-0.199130	-0.216220	-0.204318	-0.217136	-0.207675	-0.224155	-0.218662	-0.209506	-0.207065	-0.215305
0.205100	-0.201877	-0.209201	-0.207675	-0.217441	-0.199741	-0.213169	-0.219577	-0.208896	-0.213779	-0.215305
0.205200	-0.206760	-0.204624	-0.197604	-0.208896	-0.206760	-0.208591	-0.220188	-0.211643	-0.207370	-0.209201
0.205300	-0.202487	-0.200046	-0.201572	-0.211337	-0.199435	-0.212558	-0.216526	-0.201572	-0.205539	-0.212558
0.205400	-0.198825	-0.198825	-0.190890	-0.208896	-0.206760	-0.207675	-0.216220	-0.210727	-0.212863	-0.202182
0.205500	-0.191195	-0.208896	-0.199435	-0.208896	-0.200656	-0.215915	-0.216220	-0.204624	-0.207981	-0.204929
0.205600	-0.196078	-0.198520	-0.198520	-0.206455	-0.203098	-0.204929	-0.221103	-0.209201	-0.218662	-0.196078
0.205700	-0.199741	-0.205539	-0.193027	-0.205539	-0.203098	-0.208896	-0.214084	-0.200656	-0.201572	-0.202182
0.205800	-0.200046	-0.197604	-0.185397	-0.201877	-0.192111	-0.206760	-0.215000	-0.202487	-0.206760	-0.199130
0.205900	-0.196689	-0.204318	-0.183871	-0.193027	-0.196689	-0.206760	-0.210422	-0.195468	-0.197299	-0.199741
0.206000	-0.192111	-0.197299	-0.188449	-0.200656	-0.196384	-0.200961	-0.212558	-0.199130	-0.198825	-0.197299
0.206100	-0.195468	-0.200656	-0.182345	-0.201877	-0.192721	-0.197299	-0.217441	-0.200046	-0.196078	-0.195468
0.206200	-0.196689	-0.199130	-0.181735	-0.196078	-0.186923	-0.190585	-0.205844	-0.193637	-0.199130	-0.194247
0.206300	-0.203098	-0.194858	-0.180514	-0.189364	-0.184787	-0.188144	-0.205234	-0.196078	-0.198825	-0.186923
0.206400	-0.196994	-0.198825	-0.178378	-0.191501	-0.179904	-0.191195	-0.195468	-0.188754	-0.193332	-0.187839
0.206500	-0.186313	-0.189975	-0.182040	-0.193637	-0.180209	-0.189059	-0.196384	-0.189364	-0.189364	-0.185092
0.206600	-0.183871	-0.194247	-0.178073	-0.191195	-0.178073	-0.186923	-0.189975	-0.174105	-0.178683	-0.190890
0.206700	-0.184787	-0.179293	-0.181430	-0.184482	-0.170443	-0.180209	-0.188144	-0.171664	-0.177768	-0.183871
0.206800	-0.191501	-0.189364	-0.180514	-0.175936	-0.167697	-0.169833	-0.182345	-0.178378	-0.175326	-0.177157
0.206900	-0.181735	-0.181125	-0.187228	-0.173800	-0.165866	-0.171359	-0.173190	-0.179904	-0.172579	-0.168917
0.207000	-0.182345	-0.174105	-0.181430	-0.177462	-0.168917	-0.166476	-0.172274	-0.170443	-0.166476	-0.168917
0.207100	-0.168002	-0.168612	-0.182650	-0.176547	-0.175326	-0.172579	-0.168612	-0.162814	-0.161898	-0.171664
0.207200	-0.169833	-0.169528	-0.181735	-0.176547	-0.171054	-0.165255	-0.174411	-0.166781	-0.165255	-0.174105
0.207300	-0.166171	-0.170748	-0.175936	-0.171969	-0.168917	-0.167697	-0.162814	-0.169833	-0.161593	-0.176242
0.207400	-0.166476	-0.161898	-0.177768	-0.170748	-0.167391	-0.167697	-0.174105	-0.171664	-0.161593	-0.170443
0.207500	-0.167697	-0.163729	-0.166171	-0.166781	-0.166476	-0.161898	-0.170138	-0.162814	-0.162203	-0.164340
0.207600	-0.166781	-0.153353	-0.173495	-0.169528	-0.159152	-0.162509	-0.165560	-0.155184	-0.156100	-0.166476
0.207700	-0.168612	-0.153353	-0.166781	-0.164340	-0.160067	-0.155795	-0.154269	-0.152133	-0.156100	-0.159457
0.207800	-0.153353	-0.147250	-0.170443	-0.157321	-0.154879	-0.165866	-0.148470	-0.155184	-0.142672	-0.152133
0.207900	-0.154574	-0.153353	-0.162509	-0.153964	-0.152438	-0.157931	-0.156710	-0.165255	-0.142062	-0.152438
0.208000	-0.150912	-0.154574	-0.168307	-0.149691	-0.155795	-0.160372	-0.153353	-0.156100	-0.134127	-0.152743
0.208100	-0.158541	-0.148776	-0.161288	-0.146639	-0.155489	-0.147250	-0.152133	-0.146944	-0.134127	-0.153658
0.208200	-0.150607	-0.144808	-0.158846	-0.145113	-0.156710	-0.144503	-0.143587	-0.141756	-0.130160	-0.145419
0.208300	-0.149691	-0.137789	-0.156100	-0.143282	-0.152133	-0.140536	-0.147250	-0.144198	-0.135653	-0.134127
0.208400	-0.139010	-0.133516	-0.149386	-0.134127	-0.149996	-0.137179	-0.141146	-0.140841	-0.133516	-0.133211
0.208500	-0.136568	-0.135653	-0.149386	-0.132296	-0.143587	-0.138094	-0.140841	-0.133822	-0.132601	-0.135653
0.208600	-0.142367	-0.135653	-0.139010	-0.128023	-0.144503	-0.132601	-0.135958	-0.129549	-0.131075	-0.129854
0.208700	-0.145419	-0.135042	-0.138094	-0.128939	-0.139620	-0.136873	-0.128023	-0.122530	-0.116732	-0.131075
0.208800	-0.140536	-0.128939	-0.134127	-0.121920	-0.142062	-0.135042	-0.123445	-0.124971	-0.115816	-0.123445
0.208900	-0.135042	-0.135042	-0.133211	-0.118868	-0.135958	-0.132906	-0.124361	-0.125887	-0.110933	-0.116426
0.209000	-0.134127	-0.131685	-0.132906	-0.116426	-0.130465	-0.124971	-0.124971	-0.121614	-0.118257	-0.115816
0.209100	-0.137789	-0.125887	-0.135348	-0.116426	-0.126803	-0.122225	-0.122530	-0.114290	-0.116732	-0.108492
0.209200	-0.137484	-0.125277	-0.131075	-0.104524	-0.130770	-0.124666	-0.120089	-0.117342	-0.112764	-0.103609
0.209300	-0.137484	-0.131380	-0.127718	-0.107881	-0.132906	-0.128023	-0.124056	-0.117647	-0.108797	-0.107576
0.209400	-0.134737	-0.127718	-0.120089	-0.103914	-0.129244	-0.120394	-0.118257	-0.115511	-0.108492	-0.104830
0.209500	-0.122225	-0.116426	-0.122225	-0.100862	-0.125277	-0.103914	-0.115511	-0.113985	-0.105135	-0.102693
0.209600	-0.121309	-0.111849	-0.113680	-0.102998	-0.123140	-0.100557	-0.106661	-0.107576	-0.108187	-0.096590
0.209700	-0.118257	-0.100862	-0.119478	-0.098116	-0.119478	-0.107881	-0.102693	-0.103609	-0.110323	-0.088960
0.209800	-0.116426	-0.110933	-0.104830	-0.092317	-0.112459	-0.113375	-0.101472	-0.106050	-0.106966	-0.086519
0.209900	-0.106966	-0.113069	-0.103304	-0.092317	-0.106966	-0.113680	-0.103304	-0.108492	-0.102083	-0.092927
0.210000	-0.114290	-0.112764	-0.102388	-0.096284	-0.099031	-0.097505	-0.104524	-0.112459	-0.102388	-0.093538
0.210100	-0.105135	-0.105135	-0.107881	-0.089265	-0.103914	-0.102083	-0.096590	-0.109712	-0.095979	-0.096895
0.210200	-0.105745	-0.099031	-0.102388	-0.098421	-0.102388	-0.095064	-0.100862	-0.113985	-0.102388	-0.096590
0.210300	-0.098726	-0.102998	-0.100862	-0.090181	-0.107576	-0.102998	-0.096284	-0.116121	-0.103304	-0.095979
0.210400	-0.103304	-0.101167	-0.104524	-0.094148	-0.099336	-0.101778	-0.104219	-0.116121	-0.110933	-0.099947
0.210500	-0.102998	-0.104219	-0.098421	-0.091096	-0.098421	-0.100252	-0.097200	-0.109102	-0.110628	-0.096895
0.210600	-0.099031	-0.099031	-0.107881	-0.089265	-0.096895	-0.094453	-0.098116	-0.108492	-0.110933	-0.098116
0.210700	-0.101472	-0.102998	-0.099031	-0.090486	-0.101472	-0.095064	-0.092927	-0.114290	-0.115816	-0.098726
0.210800	-0.095369	-0.099947	-0.110933	-0.097505	-0.103914	-0.102388	-0.091402	-0.112459	-0.110933	-0.104830
0.210900	-0.094453	-0.102388	-0.102693	-0.101778	-0.109407	-0.092317	-0.092622	-0.115816	-0.110628	-0.102083
0.211000	-0.092317	-0.101472	-0.110323	-0.102388	-0.115206	-0.103304	-0.089876	-0.109102	-0.106966	-0.108797
0.211100	-0.114595	-0.096590	-0.109102	-0.104830	-0.103609	-0.097200	-0.093233	-0.115816	-0.121614	-0.108492
0.211200	-0.106966	-0.100252	-0.110323	-0.101778	-0.103914	-0.109407	-0.092317	-0.116121	-0.114290	-0.108187
0.211300	-0.108492	-0.101167	-0.110018	-0.109102	-0.105745	-0.103914	-0.104830	-0.119478	-0.121614	-0.113069
0.211400	-0.104830	-0.107576	-0.113069	-0.104830	-0.118868	-0.111543	-0.105135	-0.115511	-0.118257	-0.117342
0.211500	-0.110933	-0.106355	-0.123751	-0.115511	-0.119783	-0.114595	-0.113680	-0.114900	-0.122225	-0.118563
0.211600	-0.112764	-0.113985	-0.110933	-0.122225	-0.125887	-0.118257	-0.107576	-0.119783	-0.120089	-0.117952
0.211700	-0.111849	-0.112459	-0.119478	-0.121614	-0.124056	-0.121614	-0.108797	-0.130160	-0.128023	-0.121614
0.211800	-0.117647	-0.117647	-0.119478	-0.115816	-0.132601	-0.124971	-0.109102	-0.137179	-0.136873	-0.120699
0.211900	-0.118563	-0.125277	-0.133211	-0.120699	-0.142672	-0.137179	-0.113985	-0.124361	-0.137179	-0.130160
0.212000	-0.127718	-0.133822	-0.127108	-0.135042	-0.146639	-0.135653	-0.125277	-0.129854	-0.145724	-0.129244
0.212100	-0.126497	-0.142977	-0.132601	-0.137179	-0.149386	-0.149081	-0.129854	-0.133211	-0.138705	-0.140536
0.212200	-0.140536	-0.143893	-0.135348	-0.147860	-0.144808	-0.136873	-0.141451	-0.156405	-0.154269	-0.146639
0.212300	-0.138399	-0.156710	-0.138705	-0.147860	-0.157015	-0.146944	-0.139620	-0.165255	-0.155489	-0.149691
0.212400	-0.153048	-0.155184	-0.147250	-0.159762	-0.164340	-0.157321	-0.150912	-0.169833	-0.172885	-0.159152
0.212500	-0.159152	-0.163729	-0.141146	-0.171359	-0.176547	-0.172885	-0.160067	-0.165866	-0.180209	-0.162814
0.212600	-0.159152	-0.171054	-0.154879	-0.179599	-0.170748	-0.177157	-0.172274	-0.178378	-0.189670	-0.168612
0.212700	-0.162814	-0.188754	-0.158846	-0.176852	-0.181125	-0.179904	-0.176547	-0.189059	-0.194247	-0.174716
0.212800	-0.169528	-0.197299	-0.174411	-0.182650	-0.188754	-0.194858	-0.182040	-0.196384	-0.202792	-0.186923
0.212900	-0.183566	-0.203403	-0.175936	-0.194552	-0.203098	-0.198825	-0.189975	-0.211032	-0.218051	-0.192111
0.213000	-0.186313	-0.213474	-0.190280	-0.203708	-0.212558	-0.211948	-0.196689	-0.214389	-0.224765	-0.206455
0.213100	-0.199130	-0.215915	-0.196078	-0.216526	-0.216526	-0.208591	-0.216220	-0.231785	-0.245823	-0.214084
0.213200	-0.201266	-0.233616	-0.201572	-0.219577	-0.222934	-0.222629	-0.219883	-0.238193	-0.244602	-0.227512
0.213300	-0.218967	-0.235142	-0.207981	-0.233616	-0.227817	-0.230259	-0.231785	-0.248569	-0.258946	-0.240024
0.213400	-0.225071	-0.249485	-0.215305	-0.242161	-0.239719	-0.242771	-0.239414	-0.251011	-0.256199	-0.248264
0.213500	-0.240330	-0.248875	-0.233921	-0.252232	-0.243076	-0.251011	-0.249790	-0.259251	-0.267186	-0.257725
0.213600	-0.250401	-0.264439	-0.233310	-0.254063	-0.256809	-0.254978	-0.257115	-0.265354	-0.278477	-0.263523
0.213700	-0.255589	-0.271458	-0.252842	-0.264744	-0.258335	-0.260777	-0.266575	-0.277867	-0.295872	-0.272679
0.213800	-0.263523	-0.278477	-0.254978	-0.276036	-0.268711	-0.269017	-0.276036	-0.289464	-0.301061	-0.279698
0.213900	-0.266270	-0.285801	-0.271153	-0.288243	-0.272373	-0.286107	-0.280919	-0.289464	-0.299229	-0.294957
0.214000	-0.283055	-0.294957	-0.276951	-0.294041	-0.276341	-0.285191	-0.293126	-0.302892	-0.313573	-0.302586
0.214100	-0.290379	-0.312047	-0.295567	-0.292821	-0.288853	-0.299229	-0.295872	-0.304723	-0.309606	-0.314488
0.214200	-0.311742	-0.314794	-0.301061	-0.310521	-0.302586	-0.303807	-0.316930	-0.316014	-0.321508	-0.319982
0.214300	-0.311131	-0.329137	-0.313268	-0.323949	-0.312657	-0.315099	-0.317845	-0.323949	-0.320592	-0.323949
0.214400	-0.327611	-0.331884	-0.328832	-0.336156	-0.317540	-0.316930	-0.330663	-0.339818	-0.338598	-0.336156
0.214500	-0.334325	-0.348058	-0.331884	-0.340429	-0.337377	-0.323033	-0.334935	-0.341039	-0.347448	-0.348974
0.214600	-0.349584	-0.352636	-0.350500	-0.355383	-0.343175	-0.343175	-0.342565	-0.347753	-0.363317	-0.358434
0.214700	-0.363317	-0.369421	-0.348974	-0.363928	-0.359655	-0.361791	-0.352941	-0.353857	-0.371252	-0.361486
0.214800	-0.370947	-0.377356	-0.376135	-0.377356	-0.365148	-0.375524	-0.368200	-0.359655	-0.376135	-0.372778
0.214900	-0.386511	-0.389563	-0.380407	-0.385595	-0.382849	-0.370031	-0.381933	-0.373999	-0.381933	-0.378881
0.215000	-0.393225	-0.399634	-0.394446	-0.395666	-0.391089	-0.388952	-0.383764	-0.380102	-0.385595	-0.394446
0.215100	-0.408179	-0.403906	-0.401160	-0.404517	-0.400244	-0.392920	-0.400549	-0.399329	-0.407263	-0.401160
0.215200	-0.407874	-0.418860	-0.417639	-0.408179	-0.417639	-0.414893	-0.407263	-0.402075	-0.410925	-0.410315
0.215300	-0.425879	-0.417945	-0.423438	-0.426795	-0.426795	-0.417029	-0.424659	-0.414893	-0.428016	-0.413672
0.215400	-0.430457	-0.437476	-0.428016	-0.430762	-0.437171	-0.426185	-0.423438	-0.419776	-0.424659	-0.420386
0.215500	-0.445716	-0.434729	-0.442664	-0.441138	-0.439002	-0.427100	-0.436255	-0.430152	-0.438697	-0.433204
0.215600	-0.450904	-0.444190	-0.444495	-0.444495	-0.458228	-0.442969	-0.442054	-0.432899	-0.433814	-0.438697
0.215700	-0.453346	-0.444495	-0.463111	-0.453651	-0.457313	-0.461891	-0.453651	-0.442969	-0.446021	-0.445411
0.215800	-0.457008	-0.460670	-0.450294	-0.456703	-0.473182	-0.465858	-0.459754	-0.450294	-0.461585	-0.447547
0.215900	-0.457618	-0.465248	-0.466163	-0.467994	-0.475318	-0.471351	-0.466468	-0.450294	-0.468910	-0.462196
0.216000	-0.473182	-0.467384	-0.468605	-0.473793	-0.477455	-0.466468	-0.476844	-0.463111	-0.471962	-0.456397
0.216100	-0.469215	-0.472877	-0.482948	-0.472267	-0.475929	-0.480507	-0.474098	-0.464027	-0.463417	-0.467079
0.216200	-0.481727	-0.469520	-0.479286	-0.474403	-0.479896	-0.473793	-0.485084	-0.477150	-0.474403	-0.468299
0.216300	-0.476539	-0.480201	-0.479591	-0.469215	-0.494850	-0.487221	-0.486305	-0.472877	-0.469825	-0.474098
0.216400	-0.489357	-0.475929	-0.473182	-0.483253	-0.490577	-0.480812	-0.492409	-0.483864	-0.485084	-0.477150
0.216500	-0.487221	-0.491493	-0.472877	-0.475013	-0.493019	-0.489967	-0.486000	-0.479896	-0.477150	-0.483253
0.216600	-0.498512	-0.481117	-0.486610	-0.476844	-0.480201	-0.488746	-0.490577	-0.483253	-0.487526	-0.482643
0.216700	-0.496681	-0.485084	-0.485695	-0.472267	-0.484779	-0.487526	-0.483558	-0.484779	-0.475624	-0.475013
0.216800	-0.488746	-0.479896	-0.494240	-0.479286	-0.480201	-0.483864	-0.488746	-0.479591	-0.476539	-0.475929
0.216900	-0.490577	-0.486610	-0.479591	-0.474403	-0.483558	-0.481422	-0.492714	-0.475318	-0.478981	-0.470741
0.217000	-0.493934	-0.483253	-0.488746	-0.480201	-0.470131	-0.490577	-0.490883	-0.472267	-0.473487	-0.481117
0.217100	-0.494240	-0.480812	-0.483253	-0.477760	-0.474098	-0.477150	-0.486915	-0.482948	-0.471046	-0.475318
0.217200	-0.482338	-0.480812	-0.491493	-0.471351	-0.478370	-0.478675	-0.473487	-0.474098	-0.461585	-0.478675
0.217300	-0.492409	-0.469825	-0.482338	-0.469520	-0.475624	-0.466774	-0.475624	-0.477455	-0.469215	-0.467079
0.217400	-0.479896	-0.474098	-0.478675	-0.461585	-0.473793	-0.472267	-0.471046	-0.462196	-0.456703	-0.462806
0.217500	-0.477150	-0.463111	-0.473487	-0.466774	-0.458228	-0.464942	-0.470131	-0.462196	-0.464027	-0.459144
0.217600	-0.466468	-0.465553	-0.468605	-0.460365	-0.461585	-0.466774	-0.460060	-0.452125	-0.447852	-0.455787
0.217700	-0.466468	-0.446021	-0.467689	-0.461585	-0.449073	-0.455482	-0.461280	-0.449073	-0.443580	-0.448768
0.217800	-0.456092	-0.437781	-0.457618	-0.450294	-0.449378	-0.449073	-0.454566	-0.443275	-0.433509	-0.436561
0.217900	-0.454566	-0.432593	-0.455787	-0.447852	-0.439307	-0.448463	-0.446937	-0.432593	-0.434119	-0.436866
0.218000	-0.449073	-0.428016	-0.444190	-0.430457	-0.434119	-0.434729	-0.442969	-0.429236	-0.428931	-0.422828
0.218100	-0.435035	-0.415503	-0.446937	-0.429542	-0.417334	-0.425269	-0.428321	-0.416419	-0.410620	-0.422828
0.218200	-0.420691	-0.397498	-0.430152	-0.421607	-0.419165	-0.407568	-0.419776	-0.416724	-0.399023	-0.410925
0.218300	-0.408484	-0.394751	-0.423133	-0.405737	-0.409705	-0.403601	-0.406348	-0.400549	-0.383154	-0.410010
0.218400	-0.410010	-0.381933	-0.407263	-0.401465	-0.394141	-0.394446	-0.401160	-0.398108	-0.382544	-0.399329
0.218500	-0.395361	-0.374304	-0.398413	-0.392920	-0.392920	-0.395361	-0.392004	-0.378576	-0.374914	-0.390784
0.218600	-0.389868	-0.359045	-0.392309	-0.386206	-0.381018	-0.380407	-0.390784	-0.374304	-0.377356	-0.376745
0.218700	-0.378271	-0.359655	-0.379492	-0.369726	-0.374609	-0.373999	-0.376440	-0.359045	-0.354162	-0.368505
0.218800	-0.364538	-0.336461	-0.363317	-0.363623	-0.353246	-0.356603	-0.359045	-0.350500	-0.344091	-0.360876
0.218900	-0.346838	-0.321813	-0.350195	-0.345922	-0.344701	-0.345617	-0.340429	-0.343175	-0.329442	-0.346227
0.219000	-0.336156	-0.309911	-0.345617	-0.340124	-0.329748	-0.336461	-0.331579	-0.328222	-0.324254	-0.338292
0.219100	-0.329442	-0.299535	-0.331579	-0.322118	-0.323339	-0.324865	-0.330358	-0.315099	-0.309606	-0.322118
0.219200	-0.316319	-0.294041	-0.319371	-0.311437	-0.303197	-0.310216	-0.319371	-0.299840	-0.292210	-0.314488
0.219300	-0.302586	-0.286717	-0.296178	-0.295872	-0.294041	-0.295262	-0.304418	-0.294041	-0.277867	-0.299229
0.219400	-0.287327	-0.275730	-0.282750	-0.276951	-0.282444	-0.281834	-0.281834	-0.275730	-0.264134	-0.294957
0.219500	-0.277867	-0.254978	-0.269932	-0.265049	-0.266575	-0.268406	-0.264744	-0.271153	-0.256199	-0.272373
0.219600	-0.259861	-0.247959	-0.258335	-0.249180	-0.260166	-0.263218	-0.252842	-0.252537	-0.243076	-0.262913
0.219700	-0.246433	-0.231479	-0.245823	-0.240940	-0.240330	-0.248569	-0.248264	-0.244602	-0.233005	-0.245518
0.219800	-0.231785	-0.229954	-0.230869	-0.229648	-0.222629	-0.236362	-0.233616	-0.222934	-0.209506	-0.227817
0.219900	-0.219577	-0.206455	-0.213474	-0.219272	-0.203708	-0.214389	-0.217746	-0.212558	-0.205844	-0.210117
0.220000	-0.201572	-0.194858	-0.202487	-0.189364	-0.192721	-0.201877	-0.204624	-0.207065	-0.196994	-0.200046
0.220100	-0.191501	-0.184787	-0.194247	-0.177462	-0.178683	-0.190890	-0.191195	-0.191195	-0.188449	-0.190280
0.220200	-0.177157	-0.170748	-0.181430	-0.162814	-0.173190	-0.179904	-0.178378	-0.180514	-0.170138	-0.176242
0.220300	-0.158846	-0.155795	-0.168612	-0.159762	-0.154879	-0.160983	-0.159457	-0.166781	-0.153964	-0.165866
0.220400	-0.143893	-0.145419	-0.150301	-0.153658	-0.142977	-0.147555	-0.149386	-0.155489	-0.138399	-0.155489
0.220500	-0.135653	-0.133211	-0.138705	-0.140841	-0.131991	-0.139010	-0.142367	-0.138094	-0.127108	-0.151522
0.220600	-0.128023	-0.124056	-0.128023	-0.125887	-0.120089	-0.134127	-0.133211	-0.132601	-0.118563	-0.138094
0.220700	-0.115511	-0.115511	-0.118563	-0.110018	-0.113375	-0.128023	-0.119173	-0.113069	-0.109102	-0.124971
0.220800	-0.105135	-0.096895	-0.108187	-0.103304	-0.097200	-0.115511	-0.106966	-0.101472	-0.107881	-0.110933
0.220900	-0.094759	-0.092317	-0.094759	-0.091707	-0.077974	-0.097810	-0.089876	-0.089570	-0.092927	-0.099336
0.221000	-0.086519	-0.072786	-0.080110	-0.083467	-0.059663	-0.078889	-0.079805	-0.084993	-0.084077	-0.089876
0.221100	-0.072175	-0.063630	-0.070344	-0.062409	-0.058137	-0.065766	-0.070954	-0.071260	-0.068208	-0.078889
0.221200	-0.056611	-0.051728	-0.061189	-0.057527	-0.048371	-0.060578	-0.056306	-0.053559	-0.060578	-0.068818
0.221300	-0.040436	-0.047150	-0.045014	-0.048371	-0.035554	-0.052033	-0.049287	-0.042573	-0.046845	-0.062104
0.221400	-0.029450	-0.034333	-0.039521	-0.038911	-0.012055	-0.037079	-0.037995	-0.028229	-0.037079	-0.056611
0.221500	-0.027008	-0.026093	-0.035554	-0.025788	-0.007477	-0.023346	-0.027924	-0.021515	-0.017548	-0.042878
0.221600	-0.020295	-0.014496	-0.023957	-0.015717	-0.009003	-0.017243	-0.013275	-0.009308	-0.007477	-0.034333
0.221700	-0.007782	-0.005341	-0.012970	-0.008392	-0.003510	-0.013275	-0.005035	-0.007172	-0.004425	-0.022126
0.221800	0.010834	-0.003510	0.003815	-0.007172	0.002899	-0.007172	0.007172	0.008698	0.001678	-0.015717
0.221900	0.017243	0.005951	0.011749	-0.008087	0.020600	0.005035	0.009003	0.017853	0.009308	-0.007172
0.222000	0.020905	0.008392	0.015412	0.011444	0.034333	0.017548	0.021515	0.034028	0.024872	0.008087
0.222100	0.024262	0.023346	0.018158	0.024872	0.047761	0.028534	0.035248	0.037690	0.032807	0.022736
0.222200	0.027008	0.025483	0.025788	0.038300	0.047761	0.037385	0.043183	0.044404	0.036164	0.024872
0.222300	0.036469	0.032502	0.027619	0.037079	0.053559	0.036774	0.044099	0.050813	0.038300	0.024872
0.222400	0.042878	0.028840	0.040131	0.037995	0.050813	0.046845	0.045930	0.053254	0.045930	0.032502
0.222500	0.046845	0.033417	0.043183	0.039826	0.054780	0.054780	0.051728	0.061189	0.048371	0.038911
0.222600	0.050202	0.034638	0.047761	0.044709	0.055390	0.056306	0.050507	0.059968	0.054475	0.048371
0.222700	0.054780	0.040436	0.055085	0.045014	0.056306	0.053254	0.056611	0.063325	0.059052	0.046235
0.222800	0.049287	0.043183	0.052338	0.051728	0.053864	0.051728	0.052338	0.061189	0.059052	0.047761
0.222900	0.046540	0.041657	0.047761	0.052644	0.053559	0.051728	0.059663	0.064240	0.060578	0.048981
0.223000	0.052644	0.046540	0.043183	0.047456	0.059968	0.053559	0.060884	0.059052	0.059052	0.052644
0.223100	0.059663	0.041352	0.052949	0.047761	0.063325	0.058137	0.070344	0.060578	0.055695	0.052949
0.223200	0.059968	0.045930	0.049592	0.046540	0.065156	0.055085	0.062409	0.056306	0.056306	0.053254
0.223300	0.055390	0.041047	0.053254	0.048371	0.058747	0.058442	0.057832	0.062409	0.050813	0.044709
0.223400	0.054170	0.042267	0.045624	0.050507	0.052644	0.052033	0.049287	0.063935	0.051423	0.045624
0.223500	0.052644	0.034028	0.052033	0.049897	0.052033	0.056306	0.048066	0.061494	0.053254	0.044404
0.223600	0.060578	0.037995	0.052338	0.044404	0.060578	0.054475	0.050507	0.056306	0.052949	0.046235
0.223700	0.055695	0.037079	0.056306	0.044709	0.055390	0.052949	0.048066	0.052338	0.046845	0.045930
0.223800	0.054780	0.037385	0.052949	0.046540	0.049287	0.041962	0.055390	0.049592	0.045014	0.043793
0.223900	0.052644	0.032197	0.048371	0.048371	0.048981	0.035859	0.041962	0.045014	0.037690	0.040742
0.224000	0.051423	0.023651	0.052949	0.038911	0.053864	0.034028	0.037079	0.047150	0.037385	0.041962
0.224100	0.049897	0.025177	0.042573	0.029755	0.054780	0.030671	0.032502	0.045624	0.037690	0.042267
0.224200	0.044099	0.021515	0.045014	0.031281	0.052338	0.040742	0.041657	0.039216	0.034333	0.037079
0.224300	0.037995	0.026398	0.034028	0.032502	0.047456	0.040742	0.037690	0.034028	0.035859	0.039826
0.224400	0.033112	0.021820	0.035859	0.034943	0.041047	0.041352	0.033417	0.035248	0.022736	0.031891
0.224500	0.034638	0.019074	0.024567	0.033112	0.037079	0.030976	0.027314	0.027619	0.021515	0.027008
0.224600	0.023041	0.005035	0.024567	0.021210	0.030671	0.026398	0.015717	0.023041	0.015106	0.023957
0.224700	0.019989	-0.003510	0.014496	0.007477	0.023041	0.017243	0.016022	0.019379	0.009613	0.023041
0.224800	0.003204	-0.012970	0.007782	0.001068	0.012970	0.019074	0.006256	0.011444	-0.000153	0.015106
0.224900	-0.003204	-0.015717	0.004425	-0.008698	0.003510	0.009003	0.005951	0.006867	-0.001984	0.010834
0.225000	-0.008698	-0.016022	-0.007477	-0.012055	-0.000763	-0.005951	-0.001678	0.000153	-0.012360	0.002594
0.225100	-0.016938	-0.021515	-0.005341	-0.021820	-0.011139	-0.014191	-0.005951	-0.005646	-0.026093	-0.002899
0.225200	-0.025483	-0.021210	-0.020905	-0.031586	-0.024567	-0.023041	-0.021210	-0.012055	-0.034943	-0.013275
0.225300	-0.031891	-0.029450	-0.028840	-0.039521	-0.032807	-0.021820	-0.028534	-0.027924	-0.039521	-0.022736
0.225400	-0.039521	-0.040131	-0.040436	-0.044404	-0.038605	-0.033417	-0.041962	-0.037079	-0.036469	-0.026703
0.225500	-0.051728	-0.050202	-0.043488	-0.047761	-0.045319	-0.037995	-0.051118	-0.044099	-0.052949	-0.033722
0.225600	-0.055695	-0.058442	-0.058442	-0.057221	-0.060884	-0.052949	-0.056611	-0.057221	-0.061799	-0.041962
0.225700	-0.071870	-0.065766	-0.065766	-0.076143	-0.072786	-0.059358	-0.068818	-0.062104	-0.068818	-0.052338
0.225800	-0.077058	-0.072480	-0.076143	-0.085603	-0.089570	-0.072480	-0.075837	-0.074311	-0.073396	-0.065461
0.225900	-0.082551	-0.081636	-0.083467	-0.088655	-0.095979	-0.075227	-0.084993	-0.084688	-0.091096	-0.077363
0.226000	-0.087739	-0.086824	-0.090181	-0.090791	-0.104219	-0.094453	-0.091096	-0.094759	-0.098116	-0.081331
0.226100	-0.097505	-0.097200	-0.102693	-0.097200	-0.115511	-0.105745	-0.099947	-0.101472	-0.104830	-0.090791
0.226200	-0.108187	-0.108492	-0.106050	-0.105135	-0.129854	-0.108187	-0.110018	-0.117647	-0.111849	-0.097505
0.226300	-0.117647	-0.116121	-0.113069	-0.117647	-0.138705	-0.117647	-0.124361	-0.118257	-0.116121	-0.113680
0.226400	-0.118563	-0.112764	-0.121309	-0.124666	-0.138399	-0.120394	-0.129854	-0.134127	-0.126192	-0.120089
0.226500	-0.128939	-0.125582	-0.127718	-0.129549	-0.144198	-0.128939	-0.135653	-0.140841	-0.135653	-0.125277
0.226600	-0.140536	-0.135958	-0.135348	-0.134127	-0.153048	-0.134127	-0.142672	-0.146334	-0.147860	-0.132906
0.226700	-0.146944	-0.153048	-0.151522	-0.138094	-0.169833	-0.149081	-0.150607	-0.153353	-0.152133	-0.143282
0.226800	-0.154574	-0.160983	-0.155795	-0.148165	-0.168917	-0.161288	-0.164340	-0.162509	-0.161898	-0.147555
0.226900	-0.160983	-0.170138	-0.157321	-0.152438	-0.184176	-0.172274	-0.175631	-0.176852	-0.165255	-0.153353
0.227000	-0.173190	-0.177768	-0.164034	-0.162509	-0.193332	-0.175936	-0.177768	-0.181125	-0.174105	-0.160983
0.227100	-0.187839	-0.176852	-0.177768	-0.167697	-0.199130	-0.185092	-0.185702	-0.190280	-0.186007	-0.169528
0.227200	-0.197909	-0.190890	-0.184787	-0.185092	-0.206760	-0.193027	-0.193027	-0.195773	-0.194247	-0.187839
0.227300	-0.198825	-0.199435	-0.194247	-0.196078	-0.215000	-0.200046	-0.200046	-0.212558	-0.206455	-0.192721
0.227400	-0.198825	-0.208286	-0.196994	-0.200046	-0.218662	-0.204318	-0.205539	-0.210117	-0.214389	-0.199435
0.227500	-0.201572	-0.201877	-0.207981	-0.204929	-0.223240	-0.214389	-0.213474	-0.222629	-0.215305	-0.196384
0.227600	-0.215915	-0.214694	-0.211337	-0.212863	-0.239109	-0.217136	-0.219883	-0.230869	-0.224155	-0.203098
0.227700	-0.222019	-0.217441	-0.224765	-0.224155	-0.240635	-0.228733	-0.224460	-0.236057	-0.233616	-0.220493
0.227800	-0.229343	-0.233616	-0.231479	-0.233616	-0.248264	-0.237583	-0.242161	-0.246738	-0.242771	-0.228733
0.227900	-0.234836	-0.241550	-0.236362	-0.246128	-0.249485	-0.254673	-0.243992	-0.255283	-0.251011	-0.226291
0.228000	-0.250401	-0.245823	-0.240024	-0.247654	-0.255589	-0.256199	-0.255283	-0.265965	-0.262913	-0.230869
0.228100	-0.251926	-0.257115	-0.243992	-0.248875	-0.269932	-0.261997	-0.253452	-0.268406	-0.267186	-0.245823
0.228200	-0.263523	-0.257115	-0.256809	-0.252537	-0.275730	-0.265965	-0.268711	-0.280308	-0.280613	-0.257725
0.228300	-0.271458	-0.269017	-0.263523	-0.256809	-0.285801	-0.269627	-0.268711	-0.281224	-0.278477	-0.270848
0.228400	-0.273899	-0.264134	-0.284581	-0.271458	-0.286717	-0.277867	-0.277256	-0.294347	-0.282750	-0.272679
0.228500	-0.274815	-0.277256	-0.281834	-0.281834	-0.291600	-0.276951	-0.282139	-0.297398	-0.291295	-0.274510
0.228600	-0.279393	-0.271763	-0.293431	-0.292515	-0.296788	-0.291295	-0.292821	-0.305333	-0.296178	-0.285496
0.228700	-0.293431	-0.285801	-0.287327	-0.291905	-0.311742	-0.289464	-0.298009	-0.312962	-0.309606	-0.294347
0.228800	-0.295262	-0.288548	-0.298009	-0.287938	-0.316014	-0.301366	-0.295262	-0.309300	-0.314183	-0.303807
0.228900	-0.312962	-0.294041	-0.300145	-0.296178	-0.319982	-0.301976	-0.304418	-0.320287	-0.322118	-0.303502
0.229000	-0.310521	-0.298619	-0.312962	-0.304112	-0.328527	-0.319066	-0.305943	-0.324865	-0.317235	-0.311437
0.229100	-0.323644	-0.304112	-0.320592	-0.316625	-0.323949	-0.307164	-0.320287	-0.334630	-0.323033	-0.316319
0.229200	-0.318151	-0.315404	-0.322728	-0.315099	-0.332494	-0.313268	-0.314488	-0.330968	-0.316930	-0.325170
0.229300	-0.324865	-0.308995	-0.333105	-0.321202	-0.329748	-0.319982	-0.321202	-0.334325	-0.328832	-0.330968
0.229400	-0.328222	-0.316625	-0.328222	-0.318456	-0.341955	-0.323339	-0.318456	-0.337377	-0.331579	-0.334020
0.229500	-0.332494	-0.320592	-0.338292	-0.328527	-0.340734	-0.327916	-0.326085	-0.335241	-0.332189	-0.337682
0.229600	-0.332799	-0.330968	-0.325170	-0.328222	-0.350195	-0.323339	-0.327001	-0.334020	-0.331579	-0.333105
0.229700	-0.329442	-0.331579	-0.334935	-0.330053	-0.348058	-0.332799	-0.329137	-0.336156	-0.326085	-0.339818
0.229800	-0.338292	-0.328527	-0.329442	-0.333105	-0.346838	-0.326390	-0.329137	-0.351110	-0.334325	-0.334020
0.229900	-0.333410	-0.326696	-0.340734	-0.333105	-0.348974	-0.336767	-0.321813	-0.341955	-0.331579	-0.341344
0.230000	-0.343175	-0.333105	-0.339818	-0.336767	-0.348058	-0.340124	-0.329748	-0.348363	-0.338903	-0.339208
0.230100	-0.334325	-0.345312	-0.345006	-0.332189	-0.357214	-0.354162	-0.330053	-0.345617	-0.330358	-0.343786
0.230200	-0.347753	-0.345617	-0.344701	-0.343786	-0.350500	-0.343481	-0.337377	-0.346838	-0.337987	-0.343175
0.230300	-0.345312	-0.350500	-0.339513	-0.340124	-0.354162	-0.344396	-0.327916	-0.349584	-0.338598	-0.341955
0.230400	-0.349889	-0.348974	-0.346838	-0.346227	-0.345922	-0.346227	-0.333715	-0.352636	-0.345922	-0.346838
0.230500	-0.344701	-0.350195	-0.339818	-0.343786	-0.353552	-0.344701	-0.332189	-0.356298	-0.346532	-0.348974
0.230600	-0.339513	-0.350500	-0.348974	-0.343175	-0.350805	-0.347143	-0.330663	-0.350805	-0.343175	-0.349889
0.230700	-0.338292	-0.352026	-0.345006	-0.342565	-0.353246	-0.343175	-0.335851	-0.352636	-0.347143	-0.348058
0.230800	-0.336767	-0.351415	-0.349889	-0.343175	-0.352941	-0.351720	-0.340124	-0.349584	-0.339513	-0.349889
0.230900	-0.345617	-0.350500	-0.340429	-0.341344	-0.348974	-0.345922	-0.335546	-0.352331	-0.350500	-0.344396
0.231000	-0.337987	-0.355993	-0.338903	-0.334325	-0.349279	-0.351415	-0.332799	-0.350500	-0.346838	-0.345006
0.231100	-0.339208	-0.352636	-0.335851	-0.341039	-0.349584	-0.354772	-0.335851	-0.359655	-0.355383	-0.350195
0.231200	-0.334630	-0.353246	-0.335546	-0.344091	-0.348363	-0.355383	-0.338598	-0.357519	-0.347753	-0.351720
0.231300	-0.336156	-0.344701	-0.336767	-0.345006	-0.333715	-0.348058	-0.339208	-0.351110	-0.349889	-0.349889
0.231400	-0.330053	-0.338598	-0.334020	-0.334020	-0.324254	-0.340734	-0.337377	-0.343786	-0.346227	-0.340429
0.231500	-0.326085	-0.330663	-0.335546	-0.326390	-0.319066	-0.334020	-0.330053	-0.339513	-0.344396	-0.339513
0.231600	-0.325170	-0.325170	-0.322728	-0.324865	-0.323949	-0.327611	-0.334630	-0.338903	-0.342260	-0.336156
0.231700	-0.323949	-0.326390	-0.323033	-0.321202	-0.321508	-0.330358	-0.327306	-0.333410	-0.335546	-0.332799
0.231800	-0.321508	-0.323644	-0.311437	-0.322728	-0.313573	-0.324254	-0.322118	-0.325170	-0.335851	-0.335546
0.231900	-0.309300	-0.318151	-0.303807	-0.319066	-0.308995	-0.326390	-0.315099	-0.321813	-0.322118	-0.326085
0.232000	-0.304723	-0.310216	-0.305943	-0.312962	-0.301976	-0.315709	-0.309300	-0.311131	-0.320287	-0.319066
0.232100	-0.306249	-0.309911	-0.306859	-0.306554	-0.289769	-0.304112	-0.308385	-0.305333	-0.310216	-0.314488
0.232200	-0.301976	-0.302892	-0.301976	-0.306554	-0.288243	-0.306554	-0.306859	-0.304112	-0.302892	-0.314183
0.232300	-0.293736	-0.294957	-0.295262	-0.303807	-0.283360	-0.301671	-0.299535	-0.297093	-0.295567	-0.304418
0.232400	-0.290990	-0.284581	-0.294347	-0.294347	-0.277562	-0.291905	-0.290990	-0.290990	-0.290379	-0.301366
0.232500	-0.286717	-0.283360	-0.287327	-0.293126	-0.274815	-0.281224	-0.286412	-0.283055	-0.288243	-0.294347
0.232600	-0.287633	-0.286717	-0.290379	-0.283360	-0.274205	-0.275425	-0.280308	-0.277256	-0.287633	-0.288548
0.232700	-0.283665	-0.289464	-0.283970	-0.283665	-0.265965	-0.273594	-0.277562	-0.270543	-0.279698	-0.282750
0.232800	-0.277256	-0.283055	-0.283665	-0.286717	-0.254673	-0.270848	-0.270237	-0.271763	-0.266880	-0.275425
0.232900	-0.271458	-0.277562	-0.272373	-0.282139	-0.256504	-0.261082	-0.258946	-0.258946	-0.264134	-0.279698
0.233000	-0.267796	-0.269932	-0.269322	-0.268406	-0.261387	-0.261082	-0.258335	-0.259556	-0.259861	-0.275120
0.233100	-0.271153	-0.266270	-0.263218	-0.262303	-0.268406	-0.254673	-0.258946	-0.255283	-0.256504	-0.272068
0.233200	-0.269017	-0.265660	-0.264134	-0.261997	-0.258030	-0.253758	-0.253147	-0.253452	-0.252537	-0.266270
0.233300	-0.256199	-0.264439	-0.258640	-0.267796	-0.245823	-0.253758	-0.252842	-0.251621	-0.246433	-0.262913
0.233400	-0.247044	-0.256504	-0.252537	-0.265660	-0.240940	-0.251621	-0.249790	-0.247044	-0.237888	-0.249790
0.233500	-0.251011	-0.251316	-0.246433	-0.258946	-0.235752	-0.240940	-0.247349	-0.240024	-0.237583	-0.247349
0.233600	-0.243687	-0.251011	-0.239414	-0.251621	-0.233310	-0.235752	-0.238193	-0.232090	-0.232090	-0.244907
0.233700	-0.231785	-0.235447	-0.238804	-0.244602	-0.229343	-0.235142	-0.234531	-0.226597	-0.229343	-0.247044
0.233800	-0.226291	-0.235752	-0.229343	-0.240024	-0.221103	-0.233310	-0.228428	-0.217441	-0.228122	-0.246128
0.233900	-0.222629	-0.234226	-0.227512	-0.233005	-0.217136	-0.236057	-0.226597	-0.216526	-0.219272	-0.240940
0.234000	-0.220798	-0.232395	-0.209506	-0.227512	-0.217136	-0.224460	-0.229038	-0.212558	-0.216831	-0.233921
0.234100	-0.209506	-0.221714	-0.205234	-0.220493	-0.211337	-0.228428	-0.227512	-0.212558	-0.211948	-0.228122
0.234200	-0.207370	-0.218357	-0.198520	-0.220493	-0.198520	-0.219272	-0.229038	-0.210422	-0.211948	-0.220188
0.234300	-0.200656	-0.211032	-0.200961	-0.208896	-0.193942	-0.216220	-0.215915	-0.200351	-0.206760	-0.215000
0.234400	-0.199741	-0.208591	-0.194858	-0.201266	-0.190890	-0.203708	-0.218051	-0.193942	-0.206455	-0.209201
0.234500	-0.192721	-0.200961	-0.190890	-0.197604	-0.193332	-0.202487	-0.214694	-0.191501	-0.192111	-0.201266
0.234600	-0.195773	-0.190280	-0.192111	-0.203098	-0.174716	-0.193027	-0.218662	-0.187533	-0.193027	-0.201266
0.234700	-0.186923	-0.186923	-0.184787	-0.191501	-0.174105	-0.188144	-0.200961	-0.179599	-0.189364	-0.191806
0.234800	-0.188144	-0.178683	-0.187533	-0.193027	-0.170138	-0.189670	-0.199435	-0.174716	-0.191806	-0.190280
0.234900	-0.193332	-0.190890	-0.178988	-0.186313	-0.174105	-0.185092	-0.194858	-0.174411	-0.190280	-0.177157
0.235000	-0.187839	-0.184176	-0.185092	-0.187839	-0.173495	-0.185397	-0.195468	-0.171054	-0.180514	-0.182956
0.235100	-0.188449	-0.182650	-0.171054	-0.185397	-0.171359	-0.171054	-0.201572	-0.171969	-0.180514	-0.172274
0.235200	-0.175936	-0.171054	-0.181125	-0.181125	-0.170138	-0.179904	-0.196078	-0.166476	-0.184482	-0.178683
0.235300	-0.194247	-0.174411	-0.174105	-0.184482	-0.159762	-0.171664	-0.194247	-0.168917	-0.187533	-0.173495
0.235400	-0.188144	-0.171359	-0.175631	-0.177462	-0.166476	-0.178378	-0.183566	-0.166476	-0.177157	-0.171359
0.235500	-0.193637	-0.171969	-0.182345	-0.187228	-0.162203	-0.173800	-0.194552	-0.160983	-0.174105	-0.170138
0.235600	-0.186313	-0.174105	-0.181125	-0.174716	-0.165866	-0.170138	-0.184482	-0.162203	-0.167391	-0.165560
0.235700	-0.187533	-0.168917	-0.187228	-0.182040	-0.160678	-0.163729	-0.185092	-0.152438	-0.164340	-0.165866
0.235800	-0.185702	-0.167697	-0.175631	-0.175631	-0.168002	-0.155489	-0.181125	-0.155184	-0.171664	-0.159457
0.235900	-0.183566	-0.168002	-0.182650	-0.179599	-0.166476	-0.162814	-0.182040	-0.155489	-0.166476	-0.171054
0.236000	-0.191501	-0.172274	-0.175936	-0.180514	-0.164034	-0.164645	-0.182040	-0.161898	-0.171969	-0.165560
0.236100	-0.186313	-0.168917	-0.182345	-0.178073	-0.171054	-0.173800	-0.173800	-0.159152	-0.164645	-0.167697
0.236200	-0.187228	-0.173495	-0.177768	-0.178988	-0.166171	-0.172274	-0.176547	-0.161898	-0.165255	-0.165866
0.236300	-0.175326	-0.169528	-0.179599	-0.173800	-0.173190	-0.169833	-0.169833	-0.164340	-0.167391	-0.168002
0.236400	-0.185702	-0.171664	-0.184176	-0.177768	-0.172885	-0.161593	-0.174411	-0.168612	-0.168917	-0.168002
0.236500	-0.182956	-0.171359	-0.185397	-0.175631	-0.183261	-0.166171	-0.175936	-0.170138	-0.167697	-0.172274
0.236600	-0.185702	-0.177462	-0.191501	-0.185092	-0.182956	-0.176547	-0.181430	-0.166476	-0.166171	-0.178988
0.236700	-0.191195	-0.174105	-0.189670	-0.179293	-0.186923	-0.175326	-0.178378	-0.179293	-0.169528	-0.177768
0.236800	-0.188449	-0.172579	-0.191806	-0.184787	-0.189975	-0.179293	-0.178683	-0.174411	-0.163729	-0.180209
0.236900	-0.186923	-0.167086	-0.188754	-0.178073	-0.193027	-0.171969	-0.181125	-0.176852	-0.171969	-0.178378
0.237000	-0.182650	-0.177157	-0.190585	-0.178378	-0.194247	-0.176547	-0.179599	-0.175326	-0.171359	-0.180209
0.237100	-0.188144	-0.179904	-0.192721	-0.187533	-0.195468	-0.184482	-0.179293	-0.178988	-0.178073	-0.178988
0.237200	-0.185702	-0.179293	-0.193332	-0.191806	-0.204929	-0.193637	-0.184482	-0.182345	-0.182345	-0.184787
0.237300	-0.187228	-0.189670	-0.191806	-0.190890	-0.205234	-0.200961	-0.188754	-0.190890	-0.184787	-0.187839
0.237400	-0.193027	-0.187839	-0.188754	-0.184176	-0.207675	-0.202487	-0.196689	-0.191806	-0.192721	-0.183261
0.237500	-0.196078	-0.190585	-0.193332	-0.185397	-0.206455	-0.205844	-0.195773	-0.189059	-0.187228	-0.184482
0.237600	-0.198825	-0.190280	-0.198520	-0.185702	-0.201877	-0.201266	-0.196994	-0.190585	-0.189059	-0.183566
0.237700	-0.200961	-0.195468	-0.202792	-0.188449	-0.202792	-0.199435	-0.193942	-0.193637	-0.189670	-0.184787
0.237800	-0.204318	-0.189364	-0.203403	-0.190280	-0.209506	-0.202487	-0.194858	-0.194858	-0.196384	-0.193332
0.237900	-0.197299	-0.198520	-0.202182	-0.189670	-0.214084	-0.205844	-0.197604	-0.195468	-0.195468	-0.193027
0.238000	-0.196994	-0.199741	-0.202182	-0.193637	-0.208286	-0.207370	-0.200656	-0.199435	-0.199130	-0.194858
0.238100	-0.207065	-0.206760	-0.199130	-0.196994	-0.206455	-0.209506	-0.203098	-0.207065	-0.205844	-0.191195
0.238200	-0.205844	-0.205539	-0.207981	-0.200961	-0.210422	-0.222629	-0.202792	-0.208591	-0.204318	-0.191501
0.238300	-0.208896	-0.205539	-0.204929	-0.200656	-0.214084	-0.216831	-0.207370	-0.210117	-0.215305	-0.190585
0.238400	-0.208286	-0.208286	-0.206760	-0.198825	-0.222629	-0.224155	-0.207981	-0.207981	-0.215000	-0.195468
0.238500	-0.217441	-0.206149	-0.213169	-0.202792	-0.220188	-0.220188	-0.215915	-0.217441	-0.225986	-0.201877
0.238600	-0.215915	-0.214389	-0.222629	-0.200656	-0.225071	-0.225376	-0.209506	-0.221103	-0.220188	-0.208896
0.238700	-0.226597	-0.214389	-0.227817	-0.211643	-0.220798	-0.224155	-0.216526	-0.218357	-0.226597	-0.209201
0.238800	-0.220493	-0.218967	-0.222629	-0.205539	-0.228122	-0.225376	-0.217746	-0.222629	-0.224155	-0.208896
0.238900	-0.223545	-0.216526	-0.224765	-0.214389	-0.223545	-0.223545	-0.222019	-0.227817	-0.224460	-0.216831
0.239000	-0.222629	-0.220798	-0.221103	-0.210117	-0.227512	-0.215000	-0.213474	-0.234531	-0.224460	-0.208896
0.239100	-0.223850	-0.216526	-0.233005	-0.215915	-0.222324	-0.219883	-0.210727	-0.232090	-0.225376	-0.221714
0.239200	-0.232090	-0.215000	-0.229038	-0.217136	-0.227207	-0.221103	-0.215915	-0.237888	-0.230259	-0.218662
0.239300	-0.222629	-0.211948	-0.239109	-0.224155	-0.233921	-0.230259	-0.221714	-0.233921	-0.222019	-0.227817
0.239400	-0.225376	-0.209506	-0.226597	-0.226291	-0.233005	-0.218051	-0.230869	-0.242466	-0.227817	-0.222324
0.239500	-0.219883	-0.212863	-0.227817	-0.221714	-0.242466	-0.226291	-0.225376	-0.237583	-0.219272	-0.229038
0.239600	-0.232395	-0.213779	-0.227512	-0.223240	-0.233616	-0.218662	-0.223545	-0.240940	-0.228428	-0.223850
0.239700	-0.222629	-0.217136	-0.230259	-0.211948	-0.240024	-0.227207	-0.210422	-0.234226	-0.216831	-0.225376
0.239800	-0.231785	-0.217136	-0.225376	-0.222324	-0.229343	-0.218662	-0.213474	-0.232090	-0.219577	-0.224460
0.239900	-0.225376	-0.215915	-0.223545	-0.211032	-0.236667	-0.222019	-0.210117	-0.236362	-0.210117	-0.222019
0.240000	-0.224155	-0.212558	-0.227207	-0.222019	-0.224765	-0.217746	-0.213779	-0.229343	-0.211337	-0.228733
0.240100	-0.213779	-0.215305	-0.222629	-0.215000	-0.229038	-0.217441	-0.202487	-0.233616	-0.211337	-0.224155
0.240200	-0.209506	-0.215915	-0.223240	-0.217441	-0.219883	-0.220493	-0.207675	-0.224460	-0.210727	-0.229648
0.240300	-0.213169	-0.215915	-0.209201	-0.207981	-0.225376	-0.219883	-0.208286	-0.234531	-0.212558	-0.217441
0.240400	-0.211948	-0.219883	-0.217136	-0.209506	-0.226291	-0.225071	-0.204929	-0.225681	-0.209201	-0.230259
0.240500	-0.212558	-0.219272	-0.207370	-0.208896	-0.222629	-0.214084	-0.200656	-0.230259	-0.214694	-0.221714
0.240600	-0.200961	-0.215915	-0.216526	-0.207370	-0.227207	-0.218051	-0.202487	-0.216526	-0.210117	-0.222934
0.240700	-0.209506	-0.211032	-0.210727	-0.211337	-0.215000	-0.206455	-0.204929	-0.222629	-0.218051	-0.218662
0.240800	-0.197604	-0.211948	-0.212863	-0.203403	-0.217746	-0.218357	-0.203403	-0.218051	-0.208286	-0.218357
0.240900	-0.211032	-0.213169	-0.205234	-0.211032	-0.211643	-0.211948	-0.202792	-0.222629	-0.217136	-0.216831
0.241000	-0.206760	-0.215000	-0.203403	-0.199741	-0.216220	-0.220188	-0.194858	-0.223240	-0.213474	-0.218662
0.241100	-0.203403	-0.213474	-0.200656	-0.207981	-0.207370	-0.215915	-0.198825	-0.217136	-0.219883	-0.220493
0.241200	-0.194858	-0.211643	-0.194858	-0.202487	-0.216220	-0.210422	-0.200656	-0.220493	-0.222324	-0.211948
0.241300	-0.193942	-0.213474	-0.202792	-0.202182	-0.211337	-0.207981	-0.206760	-0.213779	-0.220493	-0.213169
0.241400	-0.193942	-0.212253	-0.203098	-0.198825	-0.207065	-0.211643	-0.211337	-0.214389	-0.218967	-0.208591
0.241500	-0.191806	-0.212558	-0.206149	-0.202182	-0.201877	-0.214694	-0.207065	-0.209506	-0.213779	-0.214694
0.241600	-0.191195	-0.203098	-0.194858	-0.200351	-0.202182	-0.208286	-0.202182	-0.213169	-0.217441	-0.207981
0.241700	-0.186313	-0.192111	-0.191195	-0.197604	-0.206455	-0.207370	-0.203708	-0.206760	-0.218357	-0.207675
0.241800	-0.193027	-0.193942	-0.188144	-0.197604	-0.197604	-0.200351	-0.201877	-0.201266	-0.215915	-0.205844
0.241900	-0.191501	-0.197909	-0.189364	-0.191195	-0.184482	-0.193332	-0.201877	-0.199741	-0.213779	-0.200656
0.242000	-0.184787	-0.195163	-0.184787	-0.189975	-0.182345	-0.191195	-0.200656	-0.198520	-0.209201	-0.200656
0.242100	-0.185092	-0.190280	-0.183261	-0.190890	-0.182040	-0.195468	-0.195163	-0.199741	-0.203403	-0.198520
0.242200	-0.181125	-0.191501	-0.176547	-0.187228	-0.182040	-0.190280	-0.190280	-0.193332	-0.204929	-0.194247
0.242300	-0.182040	-0.185397	-0.175631	-0.186923	-0.178683	-0.186007	-0.189059	-0.190890	-0.205539	-0.198825
0.242400	-0.183566	-0.188754	-0.178683	-0.187533	-0.178988	-0.187228	-0.190890	-0.192111	-0.194247	-0.197604
0.242500	-0.182650	-0.190890	-0.186007	-0.194858	-0.171969	-0.183261	-0.190280	-0.183261	-0.182956	-0.199435
0.242600	-0.184176	-0.190280	-0.180514	-0.190585	-0.172885	-0.175326	-0.188449	-0.185092	-0.187839	-0.189670
0.242700	-0.181430	-0.186007	-0.177768	-0.188754	-0.174716	-0.178073	-0.179904	-0.181125	-0.190280	-0.193332
0.242800	-0.183871	-0.182040	-0.171359	-0.192111	-0.171054	-0.171664	-0.183871	-0.184787	-0.195163	-0.189364
0.242900	-0.176242	-0.188754	-0.172579	-0.189670	-0.176547	-0.171969	-0.177157	-0.176547	-0.183566	-0.192111
0.243000	-0.185702	-0.184787	-0.178683	-0.197604	-0.162203	-0.161288	-0.180209	-0.182345	-0.184787	-0.186923
0.243100	-0.176852	-0.188449	-0.178378	-0.196078	-0.165255	-0.167391	-0.171054	-0.179293	-0.177157	-0.187533
0.243200	-0.186923	-0.186007	-0.177462	-0.199130	-0.157931	-0.168002	-0.169833	-0.174411	-0.182345	-0.189364
0.243300	-0.183261	-0.191195	-0.167391	-0.187533	-0.171054	-0.166171	-0.168917	-0.182040	-0.181430	-0.189059
0.243400	-0.179293	-0.190280	-0.171969	-0.193942	-0.170748	-0.170748	-0.167086	-0.172579	-0.178683	-0.191195
0.243500	-0.174716	-0.191195	-0.174411	-0.195163	-0.173800	-0.171359	-0.168917	-0.175936	-0.175936	-0.181125
0.243600	-0.174105	-0.195468	-0.183566	-0.196689	-0.167391	-0.172885	-0.173800	-0.166476	-0.173495	-0.187228
0.243700	-0.180209	-0.189975	-0.178683	-0.192111	-0.164034	-0.165255	-0.179904	-0.179599	-0.180209	-0.177157
0.243800	-0.173190	-0.190890	-0.184176	-0.190890	-0.177157	-0.170443	-0.173800	-0.171969	-0.172274	-0.190280
0.243900	-0.178988	-0.188144	-0.182040	-0.195468	-0.171969	-0.166171	-0.171969	-0.177768	-0.174716	-0.187533
0.244000	-0.171054	-0.195773	-0.181735	-0.191806	-0.179904	-0.174716	-0.168612	-0.170748	-0.174105	-0.186313
0.244100	-0.181125	-0.189059	-0.183871	-0.197299	-0.171969	-0.175936	-0.177157	-0.172274	-0.185702	-0.182956
0.244200	-0.176242	-0.189364	-0.182040	-0.192721	-0.182345	-0.179599	-0.181735	-0.173190	-0.185092	-0.182956
0.244300	-0.174411	-0.195163	-0.184787	-0.199435	-0.176547	-0.179293	-0.183261	-0.168917	-0.185397	-0.184482
0.244400	-0.171054	-0.190280	-0.182345	-0.189670	-0.182345	-0.177157	-0.188754	-0.186313	-0.188144	-0.184482
0.244500	-0.177462	-0.194247	-0.189364	-0.190585	-0.177157	-0.184176	-0.190890	-0.178378	-0.189364	-0.191501
0.244600	-0.185397	-0.193637	-0.188449	-0.191501	-0.178988	-0.187228	-0.195468	-0.182650	-0.199741	-0.183566
0.244700	-0.187839	-0.199435	-0.188754	-0.191806	-0.187839	-0.195163	-0.200961	-0.177462	-0.193942	-0.192721
0.244800	-0.194552	-0.192721	-0.185092	-0.193027	-0.184787	-0.195468	-0.207675	-0.182650	-0.194552	-0.187533
0.244900	-0.189364	-0.195163	-0.187533	-0.192721	-0.188754	-0.195163	-0.208286	-0.174105	-0.193027	-0.189975
0.245000	-0.196384	-0.189975	-0.196078	-0.196384	-0.180514	-0.189670	-0.205539	-0.182956	-0.198825	-0.190280
0.245100	-0.190280	-0.193027	-0.197604	-0.192111	-0.186923	-0.190585	-0.205234	-0.184482	-0.201877	-0.184176
0.245200	-0.193637	-0.193637	-0.201877	-0.198825	-0.186923	-0.193942	-0.204624	-0.186923	-0.204624	-0.186007
0.245300	-0.197604	-0.199130	-0.202182	-0.200656	-0.190890	-0.196078	-0.209201	-0.196384	-0.204318	-0.193027
0.245400	-0.202487	-0.205844	-0.205844	-0.207981	-0.189364	-0.200046	-0.211948	-0.196384	-0.203708	-0.195773
0.245500	-0.208591	-0.201877	-0.204929	-0.206760	-0.193332	-0.197299	-0.211032	-0.198825	-0.207981	-0.192721
0.245600	-0.211032	-0.202182	-0.210117	-0.206149	-0.192721	-0.197299	-0.211948	-0.192111	-0.208896	-0.194858
0.245700	-0.208896	-0.197299	-0.208896	-0.207981	-0.191501	-0.200351	-0.212253	-0.191501	-0.210727	-0.187533
0.245800	-0.205539	-0.196994	-0.206455	-0.206455	-0.189670	-0.196689	-0.213474	-0.193942	-0.204929	-0.191806
0.245900	-0.213474	-0.197909	-0.208591	-0.208286	-0.189364	-0.196994	-0.208286	-0.192111	-0.203403	-0.195773
0.246000	-0.216220	-0.202182	-0.213779	-0.211948	-0.196078	-0.199435	-0.214084	-0.193027	-0.200046	-0.193027
0.246100	-0.217746	-0.211032	-0.212863	-0.212253	-0.200961	-0.200656	-0.211032	-0.197909	-0.196689	-0.189670
0.246200	-0.217136	-0.206760	-0.216526	-0.211643	-0.204929	-0.205234	-0.214389	-0.197299	-0.195773	-0.191806
0.246300	-0.216831	-0.212558	-0.215915	-0.213169	-0.205539	-0.206149	-0.209506	-0.197299	-0.197299	-0.190890
0.246400	-0.215305	-0.212558	-0.223545	-0.217136	-0.206455	-0.205844	-0.207065	-0.201877	-0.201266	-0.195773
0.246500	-0.212863	-0.209201	-0.222629	-0.217136	-0.211337	-0.201877	-0.207370	-0.208286	-0.205539	-0.192111
0.246600	-0.205844	-0.204624	-0.223545	-0.218662	-0.220493	-0.205539	-0.213169	-0.204318	-0.200351	-0.193027
0.246700	-0.214084	-0.209506	-0.225986	-0.220798	-0.224460	-0.206455	-0.220493	-0.208591	-0.196078	-0.199130
0.246800	-0.218051	-0.210727	-0.224460	-0.221714	-0.227207	-0.218051	-0.213779	-0.202487	-0.196689	-0.206149
0.246900	-0.219883	-0.209506	-0.222934	-0.222019	-0.224460	-0.214694	-0.212558	-0.205539	-0.201572	-0.207981
0.247000	-0.222934	-0.209506	-0.218967	-0.219272	-0.227207	-0.217441	-0.210727	-0.204929	-0.198520	-0.215000
0.247100	-0.217746	-0.202182	-0.222629	-0.215915	-0.222934	-0.220188	-0.211643	-0.207675	-0.196994	-0.211337
0.247200	-0.215000	-0.205539	-0.218967	-0.208591	-0.231785	-0.216220	-0.209506	-0.209201	-0.198520	-0.205844
0.247300	-0.211948	-0.204624	-0.230869	-0.206760	-0.229954	-0.222934	-0.212558	-0.205539	-0.199130	-0.210727
0.247400	-0.214084	-0.208286	-0.230869	-0.205844	-0.231479	-0.224155	-0.214694	-0.208286	-0.202182	-0.205844
0.247500	-0.208286	-0.207065	-0.225071	-0.207675	-0.231479	-0.225681	-0.218967	-0.210727	-0.200961	-0.203708
0.247600	-0.205539	-0.201572	-0.216831	-0.204929	-0.231479	-0.225681	-0.223240	-0.212253	-0.204318	-0.204318
0.247700	-0.204929	-0.196078	-0.215305	-0.203403	-0.229038	-0.224460	-0.219272	-0.210727	-0.201572	-0.206455
0.247800	-0.209506	-0.199130	-0.216831	-0.200046	-0.223545	-0.217136	-0.215000	-0.209506	-0.205539	-0.205539
0.247900	-0.207065	-0.195163	-0.218967	-0.196689	-0.218357	-0.216220	-0.212863	-0.205539	-0.205234	-0.207065
0.248000	-0.206149	-0.192721	-0.214084	-0.192721	-0.212863	-0.212558	-0.215915	-0.200046	-0.200351	-0.201572
0.248100	-0.208896	-0.192721	-0.205234	-0.190890	-0.207981	-0.213779	-0.212253	-0.197604	-0.198520	-0.200351
0.248200	-0.200046	-0.194552	-0.196384	-0.182650	-0.212558	-0.212253	-0.211032	-0.197909	-0.205539	-0.195163
0.248300	-0.195468	-0.185702	-0.196078	-0.182040	-0.208591	-0.208896	-0.207370	-0.196384	-0.200351	-0.194552
0.248400	-0.196078	-0.186923	-0.197299	-0.178073	-0.203403	-0.207370	-0.204624	-0.195163	-0.193942	-0.192111
0.248500	-0.194552	-0.183566	-0.200961	-0.173495	-0.197299	-0.208591	-0.200961	-0.190585	-0.187839	-0.187533
0.248600	-0.200961	-0.180209	-0.199130	-0.173495	-0.195773	-0.196994	-0.206760	-0.193637	-0.192721	-0.181735
0.248700	-0.196994	-0.182650	-0.197299	-0.171969	-0.200046	-0.197604	-0.200961	-0.188449	-0.186313	-0.188144
0.248800	-0.193637	-0.177768	-0.190585	-0.181430	-0.204318	-0.192721	-0.196384	-0.195773	-0.188144	-0.189059
0.248900	-0.181735	-0.178378	-0.181430	-0.178988	-0.207675	-0.194247	-0.189364	-0.190890	-0.185092	-0.182956
0.249000	-0.178988	-0.173495	-0.184787	-0.178378	-0.190890	-0.196994	-0.191195	-0.186923	-0.185092	-0.180514
0.249100	-0.188754	-0.176852	-0.181430	-0.171969	-0.185702	-0.190280	-0.188754	-0.190585	-0.184176	-0.178683
0.249200	-0.197604	-0.181430	-0.182956	-0.172579	-0.183871	-0.183871	-0.187533	-0.187533	-0.180514	-0.185397
0.249300	-0.198520	-0.178988	-0.176242	-0.171969	-0.184176	-0.178073	-0.181430	-0.186313	-0.178683	-0.186007
0.249400	-0.188144	-0.175936	-0.182345	-0.175936	-0.187533	-0.187839	-0.171359	-0.179293	-0.173190	-0.191806
0.249500	-0.186923	-0.169528	-0.175326	-0.176852	-0.184176	-0.185397	-0.168917	-0.184176	-0.179293	-0.181125
0.249600	-0.170748	-0.168917	-0.174411	-0.165560	-0.192111	-0.186007	-0.170748	-0.180514	-0.172579	-0.179293
0.249700	-0.176242	-0.165866	-0.177157	-0.164950	-0.190890	-0.176547	-0.175326	-0.185702	-0.169833	-0.184176
0.249800	-0.179293	-0.170443	-0.172885	-0.160678	-0.189670	-0.174716	-0.170138	-0.189059	-0.166171	-0.185397
0.249900	-0.176852	-0.169833	-0.173495	-0.166171	-0.183261	-0.178988	-0.164950	-0.184176	-0.166781	-0.183871
0.250000	-0.176852	-0.167391	-0.167086	-0.166171	-0.187533	-0.175631	-0.165866	-0.188754	-0.170748	-0.181125
0.250100	-0.174716	-0.173800	-0.170748	-0.168002	-0.182650	-0.174411	-0.155795	-0.178073	-0.166476	-0.186007
0.250200	-0.176547	-0.167086	-0.170138	-0.166476	-0.170443	-0.167086	-0.154879	-0.181735	-0.172579	-0.190585
0.250300	-0.166781	-0.173190	-0.164034	-0.165560	-0.173495	-0.166171	-0.157015	-0.176852	-0.166171	-0.192111
0.250400	-0.164034	-0.169833	-0.164950	-0.164034	-0.163729	-0.168002	-0.156405	-0.180209	-0.167391	-0.178378
0.250500	-0.160067	-0.171054	-0.158236	-0.156405	-0.173800	-0.166171	-0.151522	-0.175326	-0.169528	-0.170748
0.250600	-0.163729	-0.168307	-0.161898	-0.158236	-0.172579	-0.167391	-0.153048	-0.176852	-0.164034	-0.175936
0.250700	-0.160983	-0.165560	-0.154879	-0.152743	-0.172885	-0.165255	-0.153964	-0.176547	-0.168002	-0.178073
0.250800	-0.156710	-0.164034	-0.161593	-0.156100	-0.166781	-0.172274	-0.147250	-0.173800	-0.164034	-0.183261
0.250900	-0.163729	-0.160678	-0.154574	-0.158541	-0.171359	-0.166781	-0.154879	-0.178073	-0.171054	-0.175936
0.251000	-0.155489	-0.166171	-0.157321	-0.155795	-0.167697	-0.171969	-0.152743	-0.171664	-0.165560	-0.175631
0.251100	-0.161288	-0.165866	-0.161288	-0.156100	-0.164340	-0.161288	-0.151217	-0.177768	-0.172885	-0.181125
0.251200	-0.156710	-0.171054	-0.158541	-0.160983	-0.162203	-0.162509	-0.149081	-0.173190	-0.171664	-0.181430
0.251300	-0.158236	-0.166476	-0.155489	-0.167086	-0.157015	-0.164034	-0.152743	-0.174411	-0.177157	-0.179599
0.251400	-0.154574	-0.167697	-0.150301	-0.166781	-0.164950	-0.163729	-0.154879	-0.177157	-0.178378	-0.174105
0.251500	-0.156100	-0.172274	-0.161898	-0.168307	-0.166781	-0.166781	-0.153658	-0.177462	-0.176242	-0.172579
0.251600	-0.158541	-0.171359	-0.159152	-0.164645	-0.171054	-0.166171	-0.156710	-0.177157	-0.181735	-0.174105
0.251700	-0.155489	-0.172885	-0.157931	-0.160678	-0.168917	-0.176242	-0.156710	-0.178988	-0.179293	-0.178988
0.251800	-0.158541	-0.171359	-0.156100	-0.166781	-0.166781	-0.175936	-0.160983	-0.174105	-0.187839	-0.177768
0.251900	-0.157931	-0.173495	-0.159457	-0.174411	-0.165560	-0.177157	-0.167086	-0.178073	-0.187228	-0.179599
0.252000	-0.163119	-0.176852	-0.158236	-0.177462	-0.170748	-0.171969	-0.170138	-0.180514	-0.186923	-0.181125
0.252100	-0.170443	-0.182956	-0.162509	-0.177157	-0.169833	-0.170748	-0.166781	-0.184787	-0.185397	-0.182040
0.252200	-0.172274	-0.181430	-0.165866	-0.178683	-0.173495	-0.171969	-0.164645	-0.186923	-0.187533	-0.186923
0.252300	-0.172579	-0.184176	-0.168612	-0.183261	-0.168917	-0.177157	-0.171054	-0.189059	-0.191195	-0.186007
0.252400	-0.170443	-0.194552	-0.168307	-0.188754	-0.162203	-0.173495	-0.169833	-0.195163	-0.199435	-0.189059
0.252500	-0.167391	-0.196994	-0.172274	-0.195468	-0.157015	-0.174411	-0.173495	-0.195468	-0.193942	-0.191501
0.252600	-0.172885	-0.194858	-0.170748	-0.194858	-0.163119	-0.176242	-0.180209	-0.194858	-0.190890	-0.188449
0.252700	-0.178683	-0.195163	-0.170443	-0.189059	-0.177768	-0.178683	-0.182040	-0.195163	-0.187533	-0.183871
0.252800	-0.187839	-0.188754	-0.182040	-0.188449	-0.180209	-0.178073	-0.182650	-0.199741	-0.196689	-0.180514
0.252900	-0.185702	-0.197909	-0.190585	-0.190280	-0.178683	-0.177157	-0.180514	-0.189670	-0.200046	-0.184482
0.253000	-0.186007	-0.204318	-0.186923	-0.195773	-0.177462	-0.172274	-0.181125	-0.194247	-0.203098	-0.195468
0.253100	-0.187533	-0.209506	-0.180514	-0.199130	-0.182040	-0.174411	-0.183261	-0.197299	-0.197299	-0.200961
0.253200	-0.193027	-0.211032	-0.184787	-0.200351	-0.178073	-0.183871	-0.183871	-0.194858	-0.198520	-0.203098
0.253300	-0.192111	-0.212558	-0.190585	-0.205234	-0.178683	-0.178988	-0.186313	-0.206760	-0.204929	-0.195773
0.253400	-0.191806	-0.218051	-0.192721	-0.206760	-0.183566	-0.185092	-0.183871	-0.201266	-0.204929	-0.193942
0.253500	-0.197909	-0.210727	-0.193637	-0.208591	-0.184482	-0.185702	-0.189670	-0.200656	-0.206149	-0.198520
0.253600	-0.195773	-0.216831	-0.196078	-0.210727	-0.195773	-0.185397	-0.192111	-0.202792	-0.205844	-0.199435
0.253700	-0.196078	-0.207981	-0.202182	-0.214084	-0.193332	-0.194552	-0.195468	-0.209506	-0.207675	-0.204929
0.253800	-0.194247	-0.216831	-0.205539	-0.211948	-0.199741	-0.194858	-0.191195	-0.207370	-0.209201	-0.203098
0.253900	-0.199435	-0.215915	-0.211643	-0.214084	-0.197909	-0.204318	-0.190585	-0.205234	-0.205539	-0.205539
0.254000	-0.198520	-0.218357	-0.203098	-0.211337	-0.201877	-0.198825	-0.203098	-0.202487	-0.210117	-0.202487
0.254100	-0.200961	-0.214389	-0.203708	-0.211643	-0.203403	-0.199130	-0.205539	-0.201572	-0.206149	-0.210422
0.254200	-0.208286	-0.212558	-0.205844	-0.218357	-0.200351	-0.195468	-0.211032	-0.205539	-0.210117	-0.210727
0.254300	-0.199741	-0.218357	-0.207981	-0.223240	-0.198825	-0.206455	-0.202792	-0.197909	-0.208286	-0.213779
0.254400	-0.201572	-0.215000	-0.216220	-0.225986	-0.198825	-0.205234	-0.205539	-0.205539	-0.219272	-0.220188
0.254500	-0.205234	-0.218051	-0.216526	-0.221103	-0.200961	-0.205539	-0.208591	-0.206149	-0.219883	-0.217136
0.254600	-0.208591	-0.212863	-0.219577	-0.217746	-0.202487	-0.209506	-0.217746	-0.207370	-0.217746	-0.214084
0.254700	-0.212253	-0.214084	-0.211643	-0.220188	-0.202792	-0.205234	-0.225986	-0.213474	-0.222019	-0.211032
0.254800	-0.211337	-0.211643	-0.217441	-0.219883	-0.210422	-0.211643	-0.224460	-0.215305	-0.219577	-0.209201
0.254900	-0.215915	-0.207370	-0.219883	-0.222934	-0.219883	-0.214084	-0.229954	-0.212863	-0.224460	-0.208896
0.255000	-0.218967	-0.212863	-0.226597	-0.222629	-0.218357	-0.218662	-0.234531	-0.214694	-0.225071	-0.216220
0.255100	-0.223850	-0.212253	-0.227512	-0.227207	-0.214694	-0.216526	-0.235752	-0.207370	-0.229038	-0.224155
0.255200	-0.227207	-0.217136	-0.222934	-0.228122	-0.211337	-0.212558	-0.234531	-0.205234	-0.222934	-0.219883
0.255300	-0.233005	-0.226597	-0.219272	-0.228428	-0.206760	-0.211948	-0.233005	-0.203403	-0.224155	-0.212558
0.255400	-0.228733	-0.231174	-0.223240	-0.231785	-0.207675	-0.218662	-0.240024	-0.209506	-0.228428	-0.206455
0.255500	-0.231174	-0.232090	-0.226291	-0.229648	-0.217136	-0.220798	-0.240940	-0.214389	-0.228428	-0.209506
0.255600	-0.236667	-0.226291	-0.235752	-0.232090	-0.218357	-0.226291	-0.247044	-0.214694	-0.231479	-0.219883
0.255700	-0.239719	-0.230869	-0.235752	-0.235447	-0.224155	-0.228122	-0.245518	-0.215000	-0.230564	-0.218662
0.255800	-0.242771	-0.226291	-0.241245	-0.238804	-0.233921	-0.229038	-0.246128	-0.216220	-0.227817	-0.216526
0.255900	-0.246433	-0.230564	-0.238804	-0.233310	-0.240635	-0.217136	-0.247044	-0.222629	-0.234226	-0.206149
0.256000	-0.245212	-0.225681	-0.245823	-0.228733	-0.244602	-0.222629	-0.245212	-0.223240	-0.228428	-0.209201
0.256100	-0.249180	-0.229954	-0.248264	-0.236362	-0.234836	-0.228122	-0.252537	-0.224155	-0.230869	-0.219577
0.256200	-0.243992	-0.233616	-0.242771	-0.234836	-0.241245	-0.240024	-0.240940	-0.227512	-0.228733	-0.225071
0.256300	-0.242771	-0.232090	-0.238193	-0.242466	-0.238193	-0.232090	-0.247349	-0.221103	-0.231479	-0.221103
0.256400	-0.241550	-0.239719	-0.236057	-0.240024	-0.240330	-0.232090	-0.244907	-0.220188	-0.229648	-0.216526
0.256500	-0.247654	-0.240330	-0.250706	-0.242161	-0.237888	-0.226597	-0.249790	-0.218357	-0.229648	-0.226291
0.256600	-0.246738	-0.236667	-0.241856	-0.239719	-0.238804	-0.225986	-0.240024	-0.226291	-0.224155	-0.224155
0.256700	-0.242771	-0.230259	-0.248264	-0.240024	-0.241856	-0.237583	-0.240330	-0.229954	-0.225681	-0.223850
0.256800	-0.251926	-0.228122	-0.240635	-0.239109	-0.247044	-0.234226	-0.244907	-0.232090	-0.228733	-0.219272
0.256900	-0.249790	-0.229038	-0.245823	-0.235142	-0.256199	-0.240024	-0.245518	-0.226597	-0.218357	-0.225681
0.257000	-0.255589	-0.224460	-0.244907	-0.234226	-0.253452	-0.233310	-0.248264	-0.224460	-0.219577	-0.231479
0.257100	-0.248264	-0.229648	-0.251926	-0.231785	-0.246433	-0.235752	-0.240635	-0.226597	-0.217136	-0.233921
0.257200	-0.246433	-0.224155	-0.246128	-0.228733	-0.240024	-0.234836	-0.238193	-0.231785	-0.223850	-0.234226
0.257300	-0.238193	-0.222019	-0.241856	-0.225986	-0.239109	-0.242771	-0.233921	-0.231174	-0.223545	-0.229038
0.257400	-0.242161	-0.227817	-0.240024	-0.232090	-0.237888	-0.243992	-0.235752	-0.229954	-0.219577	-0.227207
0.257500	-0.243992	-0.233616	-0.245212	-0.229343	-0.239414	-0.243992	-0.247654	-0.225681	-0.220493	-0.236362
0.257600	-0.246738	-0.231479	-0.247044	-0.227817	-0.247959	-0.243687	-0.242161	-0.228733	-0.227817	-0.243076
0.257700	-0.242771	-0.224460	-0.244602	-0.226291	-0.253758	-0.251011	-0.236057	-0.233921	-0.235752	-0.242466
0.257800	-0.248569	-0.227207	-0.241550	-0.227207	-0.250401	-0.248875	-0.246128	-0.239414	-0.239414	-0.235447
0.257900	-0.251011	-0.225681	-0.243381	-0.221714	-0.249180	-0.249180	-0.247349	-0.232395	-0.232090	-0.233310
0.258000	-0.248569	-0.225986	-0.245212	-0.223545	-0.251316	-0.244907	-0.240635	-0.232395	-0.230564	-0.237278
0.258100	-0.246128	-0.220188	-0.247654	-0.220493	-0.252537	-0.247044	-0.236667	-0.229038	-0.232395	-0.232395
0.258200	-0.248569	-0.222934	-0.246128	-0.227817	-0.245823	-0.243992	-0.242466	-0.231785	-0.237888	-0.234226
0.258300	-0.240330	-0.227207	-0.248875	-0.229648	-0.254063	-0.253452	-0.238804	-0.229954	-0.235447	-0.233005
0.258400	-0.242161	-0.228428	-0.244907	-0.229648	-0.246433	-0.250706	-0.243992	-0.228733	-0.233310	-0.231785
0.258500	-0.240330	-0.225376	-0.245518	-0.228733	-0.244602	-0.254368	-0.246738	-0.227512	-0.227512	-0.229954
0.258600	-0.244907	-0.222324	-0.246433	-0.226291	-0.245518	-0.247349	-0.247959	-0.232395	-0.233921	-0.234226
0.258700	-0.240940	-0.221103	-0.244602	-0.227207	-0.254673	-0.252842	-0.242771	-0.236973	-0.237278	-0.231174
0.258800	-0.249180	-0.230869	-0.242771	-0.234531	-0.254063	-0.252842	-0.239719	-0.242161	-0.237888	-0.230259
0.258900	-0.251621	-0.237583	-0.243992	-0.235142	-0.257725	-0.250401	-0.240330	-0.243687	-0.240940	-0.227207
0.259000	-0.246128	-0.238804	-0.249485	-0.234836	-0.261082	-0.248569	-0.241245	-0.236667	-0.237278	-0.228733
0.259100	-0.243687	-0.222934	-0.250401	-0.233921	-0.258946	-0.247959	-0.244602	-0.241550	-0.237278	-0.229343
0.259200	-0.246433	-0.229954	-0.244602	-0.233005	-0.257725	-0.255283	-0.242161	-0.250401	-0.236362	-0.223545
0.259300	-0.244602	-0.232395	-0.250401	-0.236973	-0.249180	-0.254368	-0.236973	-0.251011	-0.237278	-0.229343
0.259400	-0.245212	-0.236667	-0.243992	-0.238193	-0.253452	-0.247959	-0.234226	-0.250706	-0.233310	-0.237278
0.259500	-0.243992	-0.239109	-0.238804	-0.234226	-0.253147	-0.248264	-0.232395	-0.244907	-0.235752	-0.242771
0.259600	-0.243992	-0.240330	-0.233310	-0.237583	-0.251316	-0.247654	-0.241856	-0.254673	-0.247044	-0.240635
0.259700	-0.236057	-0.238804	-0.239109	-0.240635	-0.257725	-0.257420	-0.235142	-0.264439	-0.246433	-0.240024
0.259800	-0.236362	-0.240024	-0.243076	-0.233310	-0.256809	-0.256199	-0.238193	-0.263218	-0.241856	-0.239109
0.259900	-0.240330	-0.245823	-0.237888	-0.232395	-0.251011	-0.251926	-0.231479	-0.262913	-0.240024	-0.242771
0.260000	-0.242466	-0.241245	-0.242161	-0.234226	-0.260472	-0.249180	-0.230869	-0.263218	-0.243076	-0.247654
0.260100	-0.240940	-0.240024	-0.234531	-0.236057	-0.256504	-0.251011	-0.229954	-0.257725	-0.247349	-0.248569
0.260200	-0.238804	-0.238804	-0.229343	-0.232090	-0.251926	-0.256809	-0.228428	-0.257115	-0.240330	-0.245518
0.260300	-0.241550	-0.245212	-0.233005	-0.233921	-0.245518	-0.242161	-0.225071	-0.254978	-0.240940	-0.247349
0.260400	-0.229343	-0.249180	-0.240940	-0.225681	-0.239109	-0.239109	-0.219883	-0.254368	-0.240940	-0.244602
0.260500	-0.223545	-0.236362	-0.233005	-0.223850	-0.235447	-0.243381	-0.225376	-0.249485	-0.245212	-0.251011
0.260600	-0.225071	-0.233921	-0.214389	-0.222934	-0.234531	-0.243381	-0.222324	-0.253147	-0.243992	-0.241550
0.260700	-0.226597	-0.237278	-0.220188	-0.221103	-0.229343	-0.241856	-0.222629	-0.247349	-0.232395	-0.243076
0.260800	-0.224460	-0.233310	-0.218967	-0.215305	-0.226291	-0.226597	-0.221714	-0.246128	-0.225986	-0.244907
0.260900	-0.221714	-0.227207	-0.223240	-0.211032	-0.225376	-0.220798	-0.213169	-0.236057	-0.229648	-0.240330
0.261000	-0.227207	-0.223240	-0.212863	-0.214389	-0.216831	-0.223850	-0.212558	-0.237888	-0.240635	-0.237888
0.261100	-0.218967	-0.220188	-0.218357	-0.219577	-0.216220	-0.230869	-0.208286	-0.233921	-0.234836	-0.234531
0.261200	-0.214084	-0.219577	-0.204929	-0.220798	-0.211032	-0.229648	-0.208286	-0.226291	-0.223850	-0.225071
0.261300	-0.211032	-0.228122	-0.202182	-0.215915	-0.208896	-0.217441	-0.206760	-0.218662	-0.212558	-0.227207
0.261400	-0.213779	-0.220493	-0.204318	-0.209506	-0.205234	-0.211032	-0.203708	-0.215915	-0.212863	-0.228122
0.261500	-0.210727	-0.219272	-0.205234	-0.205539	-0.196994	-0.209201	-0.206760	-0.215915	-0.218967	-0.224460
0.261600	-0.211032	-0.218967	-0.204318	-0.210727	-0.192721	-0.217746	-0.200351	-0.217441	-0.216220	-0.224155
0.261700	-0.212863	-0.220493	-0.200656	-0.218357	-0.200656	-0.214084	-0.206149	-0.218662	-0.214389	-0.224460
0.261800	-0.213474	-0.218357	-0.200961	-0.223240	-0.206455	-0.214084	-0.196078	-0.211337	-0.207370	-0.218967
0.261900	-0.205844	-0.208896	-0.210727	-0.219272	-0.203098	-0.203403	-0.208591	-0.211948	-0.208286	-0.215305
0.262000	-0.203098	-0.213474	-0.208896	-0.216831	-0.202182	-0.202182	-0.202182	-0.210117	-0.207370	-0.213474
0.262100	-0.208591	-0.212558	-0.211948	-0.220493	-0.192111	-0.206760	-0.199130	-0.209201	-0.210727	-0.213169
0.262200	-0.203403	-0.214389	-0.196994	-0.218357	-0.194552	-0.207981	-0.195468	-0.211032	-0.212863	-0.213169
0.262300	-0.200046	-0.202792	-0.195468	-0.224155	-0.193027	-0.207981	-0.200656	-0.202487	-0.211032	-0.211948
0.262400	-0.207065	-0.215000	-0.193942	-0.223850	-0.195163	-0.189975	-0.199435	-0.205539	-0.206149	-0.208896
0.262500	-0.202792	-0.211643	-0.205844	-0.223850	-0.190890	-0.196689	-0.197299	-0.193027	-0.194858	-0.218051
0.262600	-0.200046	-0.211032	-0.198825	-0.222629	-0.183261	-0.197299	-0.200046	-0.200351	-0.204624	-0.204929
0.262700	-0.200351	-0.211032	-0.190585	-0.212863	-0.190585	-0.202487	-0.188144	-0.202487	-0.202182	-0.200046
0.262800	-0.203403	-0.203098	-0.181735	-0.210727	-0.190890	-0.188144	-0.195773	-0.203098	-0.205234	-0.195163
0.262900	-0.194247	-0.201266	-0.184787	-0.210727	-0.195773	-0.184787	-0.189670	-0.198825	-0.192721	-0.192111
0.263000	-0.195468	-0.200656	-0.193942	-0.208286	-0.186007	-0.175936	-0.196078	-0.192721	-0.194247	-0.197909
0.263100	-0.191195	-0.200656	-0.186923	-0.202487	-0.179293	-0.175326	-0.189059	-0.199435	-0.199130	-0.191195
0.263200	-0.182345	-0.206149	-0.181430	-0.204318	-0.177157	-0.179293	-0.182650	-0.193027	-0.191806	-0.188449
0.263300	-0.182650	-0.204318	-0.166476	-0.200046	-0.171054	-0.172885	-0.181735	-0.193637	-0.191501	-0.179293
0.263400	-0.170443	-0.207675	-0.173800	-0.193027	-0.170748	-0.178683	-0.189059	-0.184482	-0.178683	-0.182650
0.263500	-0.182345	-0.194552	-0.167697	-0.195773	-0.162509	-0.168612	-0.185092	-0.178378	-0.187839	-0.180209
0.263600	-0.172274	-0.188449	-0.168002	-0.187839	-0.161288	-0.164340	-0.174716	-0.181735	-0.181125	-0.186923
0.263700	-0.171664	-0.191195	-0.168612	-0.188144	-0.157321	-0.160372	-0.177462	-0.184482	-0.184482	-0.187533
0.263800	-0.170748	-0.205234	-0.160372	-0.185397	-0.164645	-0.160067	-0.171359	-0.181125	-0.178378	-0.181735
0.263900	-0.176242	-0.197604	-0.160983	-0.188144	-0.166476	-0.160983	-0.176242	-0.167391	-0.176547	-0.184482
0.264000	-0.164950	-0.183871	-0.163119	-0.185397	-0.168307	-0.160983	-0.179599	-0.173800	-0.178378	-0.179293
0.264100	-0.160678	-0.181125	-0.165560	-0.185092	-0.166476	-0.165255	-0.173190	-0.169528	-0.177462	-0.178988
0.264200	-0.161898	-0.173495	-0.156710	-0.181735	-0.154879	-0.158541	-0.171359	-0.170748	-0.179293	-0.182650
0.264300	-0.161593	-0.177157	-0.164340	-0.178378	-0.156405	-0.155795	-0.177462	-0.168307	-0.175936	-0.184176
0.264400	-0.169528	-0.175631	-0.163119	-0.175936	-0.154879	-0.168002	-0.183566	-0.162814	-0.170138	-0.182040
0.264500	-0.158541	-0.171664	-0.160678	-0.171664	-0.156100	-0.160067	-0.175631	-0.166476	-0.171054	-0.177462
0.264600	-0.153048	-0.168612	-0.157931	-0.179293	-0.162509	-0.159152	-0.168612	-0.158541	-0.165560	-0.174716
0.264700	-0.155795	-0.172274	-0.157931	-0.184787	-0.156100	-0.150912	-0.174105	-0.157931	-0.171969	-0.174411
0.264800	-0.156710	-0.170443	-0.168612	-0.178378	-0.156405	-0.164950	-0.178378	-0.157931	-0.169528	-0.180514
0.264900	-0.167086	-0.164645	-0.168002	-0.178683	-0.163119	-0.164645	-0.186313	-0.160067	-0.176547	-0.180514
0.265000	-0.161288	-0.159762	-0.165255	-0.173190	-0.171359	-0.171969	-0.175326	-0.155489	-0.171054	-0.178378
0.265100	-0.158541	-0.159152	-0.173495	-0.176852	-0.173495	-0.158541	-0.189059	-0.158846	-0.176242	-0.182650
0.265200	-0.162509	-0.164645	-0.176242	-0.182040	-0.172885	-0.160372	-0.186007	-0.158846	-0.167086	-0.174411
0.265300	-0.166171	-0.159457	-0.194247	-0.183261	-0.164645	-0.166476	-0.185092	-0.159457	-0.170138	-0.176852
0.265400	-0.171054	-0.166781	-0.189059	-0.179599	-0.164034	-0.168612	-0.182650	-0.167391	-0.177462	-0.168612
0.265500	-0.167086	-0.159457	-0.189975	-0.187839	-0.171359	-0.181125	-0.186007	-0.164340	-0.173190	-0.168917
0.265600	-0.166171	-0.168612	-0.178073	-0.185702	-0.180514	-0.173190	-0.193027	-0.166781	-0.176547	-0.170443
0.265700	-0.164645	-0.175326	-0.194552	-0.179293	-0.183566	-0.179599	-0.199435	-0.168917	-0.169833	-0.181430
0.265800	-0.179904	-0.181430	-0.207370	-0.179293	-0.181430	-0.176242	-0.204624	-0.182956	-0.183871	-0.183261
0.265900	-0.176547	-0.187533	-0.217136	-0.184176	-0.191501	-0.190585	-0.192721	-0.179599	-0.188449	-0.188449
0.266000	-0.178683	-0.181735	-0.209201	-0.199435	-0.196078	-0.185397	-0.202487	-0.185092	-0.196078	-0.182345
0.266100	-0.178073	-0.179904	-0.205539	-0.197909	-0.210422	-0.194552	-0.204624	-0.183566	-0.185092	-0.184176
0.266200	-0.186923	-0.183261	-0.206149	-0.199130	-0.198825	-0.193027	-0.215915	-0.192721	-0.189059	-0.187228
0.266300	-0.186313	-0.187839	-0.213169	-0.187533	-0.200961	-0.194552	-0.206149	-0.202792	-0.187228	-0.186923
0.266400	-0.188754	-0.185397	-0.224765	-0.192721	-0.201572	-0.197909	-0.208591	-0.198520	-0.200961	-0.189364
0.266500	-0.187228	-0.189364	-0.208286	-0.190890	-0.209506	-0.204624	-0.207981	-0.202487	-0.213779	-0.191806
0.266600	-0.178073	-0.191806	-0.211337	-0.202792	-0.213779	-0.216220	-0.218051	-0.199741	-0.197909	-0.198520
0.266700	-0.183871	-0.189059	-0.204929	-0.196689	-0.222934	-0.206760	-0.213169	-0.208896	-0.194552	-0.193332
0.266800	-0.181430	-0.196689	-0.217441	-0.187533	-0.229038	-0.207065	-0.206149	-0.203708	-0.186007	-0.199435
0.266900	-0.195163	-0.193637	-0.216220	-0.190585	-0.222934	-0.201877	-0.212253	-0.208591	-0.209506	-0.196994
0.267000	-0.189059	-0.195468	-0.216831	-0.192111	-0.227817	-0.222629	-0.211643	-0.206149	-0.210422	-0.193942
0.267100	-0.196689	-0.193332	-0.206149	-0.200656	-0.213779	-0.212863	-0.222324	-0.207675	-0.211032	-0.198825
0.267200	-0.190890	-0.197604	-0.200961	-0.189059	-0.218357	-0.216831	-0.214389	-0.207370	-0.197909	-0.203708
0.267300	-0.191806	-0.193637	-0.206455	-0.182040	-0.213169	-0.214694	-0.216526	-0.197604	-0.200351	-0.207065
0.267400	-0.187839	-0.186923	-0.202182	-0.175936	-0.214694	-0.211032	-0.207981	-0.199435	-0.207675	-0.202182
0.267500	-0.187533	-0.184482	-0.214389	-0.183566	-0.214694	-0.224460	-0.212253	-0.204318	-0.208591	-0.209201
0.267600	-0.193027	-0.198520	-0.197909	-0.186313	-0.215305	-0.231479	-0.210422	-0.211337	-0.211032	-0.206455
0.267700	-0.193027	-0.196689	-0.204929	-0.183566	-0.220188	-0.228733	-0.208896	-0.200351	-0.205234	-0.202182
0.267800	-0.207675	-0.189975	-0.210422	-0.179904	-0.221103	-0.216526	-0.218357	-0.195468	-0.207065	-0.203708
0.267900	-0.196384	-0.190280	-0.220798	-0.181735	-0.217746	-0.217136	-0.218967	-0.191195	-0.206149	-0.206455
0.268000	-0.196994	-0.191195	-0.215000	-0.190280	-0.207981	-0.218051	-0.217746	-0.195468	-0.211032	-0.203708
0.268100	-0.199741	-0.193637	-0.209201	-0.188449	-0.212253	-0.224765	-0.214084	-0.197909	-0.207370	-0.202792
0.268200	-0.207065	-0.194552	-0.205844	-0.186313	-0.214389	-0.218357	-0.215305	-0.200961	-0.209506	-0.207675
0.268300	-0.205234	-0.194858	-0.206149	-0.188144	-0.219883	-0.221714	-0.213474	-0.194247	-0.211948	-0.208591
0.268400	-0.207370	-0.190585	-0.215305	-0.198520	-0.208286	-0.221714	-0.213779	-0.194858	-0.209506	-0.205539
0.268500	-0.200961	-0.191195	-0.217136	-0.196994	-0.209201	-0.219883	-0.214694	-0.205234	-0.201877	-0.204318
0.268600	-0.207065	-0.196689	-0.219883	-0.194247	-0.205539	-0.217746	-0.215915	-0.200046	-0.201877	-0.207981
0.268700	-0.220493	-0.197299	-0.212863	-0.188449	-0.214389	-0.212253	-0.211948	-0.199130	-0.205234	-0.204624
0.268800	-0.225071	-0.193332	-0.210117	-0.200351	-0.216831	-0.212863	-0.211337	-0.187839	-0.195163	-0.202182
0.268900	-0.227207	-0.186007	-0.210117	-0.199130	-0.222324	-0.205234	-0.207981	-0.203098	-0.203098	-0.194858
0.269000	-0.215000	-0.196384	-0.216526	-0.198825	-0.218662	-0.216831	-0.202182	-0.201266	-0.191806	-0.197299
0.269100	-0.222934	-0.193332	-0.213169	-0.197909	-0.206149	-0.210727	-0.200046	-0.212863	-0.200351	-0.192111
0.269200	-0.222324	-0.195468	-0.216526	-0.195468	-0.208286	-0.209506	-0.200961	-0.206760	-0.188144	-0.197604
0.269300	-0.225986	-0.190585	-0.218051	-0.202487	-0.200046	-0.203403	-0.203098	-0.206455	-0.191501	-0.194552
0.269400	-0.214389	-0.194247	-0.211337	-0.202182	-0.210117	-0.210727	-0.196078	-0.196689	-0.189670	-0.192111
0.269500	-0.216831	-0.196078	-0.207675	-0.199741	-0.198825	-0.206149	-0.193027	-0.195468	-0.190585	-0.201877
0.269600	-0.215915	-0.198520	-0.196384	-0.193332	-0.207675	-0.203403	-0.192111	-0.212253	-0.189975	-0.197909
0.269700	-0.221103	-0.203098	-0.207065	-0.195468	-0.211948	-0.206760	-0.193027	-0.207065	-0.187839	-0.204624
0.269800	-0.228428	-0.205539	-0.207065	-0.193332	-0.211032	-0.200351	-0.190585	-0.207981	-0.189975	-0.202182
0.269900	-0.217441	-0.204624	-0.211643	-0.191806	-0.215915	-0.212558	-0.194247	-0.205539	-0.183261	-0.205234
0.270000	-0.221714	-0.202487	-0.199435	-0.188449	-0.212253	-0.203403	-0.190585	-0.203403	-0.194858	-0.201572
0.270100	-0.216526	-0.212863	-0.198520	-0.188754	-0.200961	-0.206760	-0.179599	-0.198520	-0.188449	-0.201877
0.270200	-0.217136	-0.212558	-0.196384	-0.196689	-0.199130	-0.200046	-0.179599	-0.203708	-0.194247	-0.197604
0.270300	-0.214694	-0.207065	-0.192111	-0.189975	-0.202792	-0.200656	-0.174716	-0.202792	-0.190585	-0.199741
0.270400	-0.204929	-0.207065	-0.179293	-0.188144	-0.200961	-0.201877	-0.177462	-0.200961	-0.195468	-0.206149
0.270500	-0.203098	-0.210727	-0.173495	-0.192721	-0.200046	-0.203403	-0.181125	-0.201266	-0.190890	-0.206149
0.270600	-0.207981	-0.203708	-0.178378	-0.189364	-0.191501	-0.192111	-0.183566	-0.204929	-0.189059	-0.208286
0.270700	-0.210422	-0.206760	-0.186007	-0.193637	-0.186313	-0.189059	-0.177462	-0.201877	-0.189059	-0.204929
0.270800	-0.205234	-0.205539	-0.194247	-0.190585	-0.183261	-0.188449	-0.170138	-0.192111	-0.189975	-0.202487
0.270900	-0.208286	-0.206455	-0.176242	-0.178683	-0.189670	-0.184176	-0.164645	-0.188144	-0.191806	-0.198520
0.271000	-0.206455	-0.197299	-0.162509	-0.182040	-0.192111	-0.185397	-0.169833	-0.181430	-0.186007	-0.195773
0.271100	-0.211948	-0.193942	-0.166171	-0.185092	-0.183566	-0.170748	-0.171359	-0.193637	-0.185397	-0.193637
0.271200	-0.202182	-0.201572	-0.176547	-0.180209	-0.177768	-0.178073	-0.163729	-0.186923	-0.181125	-0.195773
0.271300	-0.201266	-0.191806	-0.181430	-0.187533	-0.164340	-0.178073	-0.164034	-0.188144	-0.196384	-0.185092
0.271400	-0.194552	-0.189670	-0.177462	-0.187228	-0.171359	-0.179904	-0.161898	-0.182650	-0.185397	-0.184482
0.271500	-0.196384	-0.181125	-0.166476	-0.192721	-0.160372	-0.171359	-0.171054	-0.181735	-0.182956	-0.182345
0.271600	-0.192111	-0.183871	-0.160983	-0.187228	-0.166781	-0.166476	-0.168612	-0.183261	-0.172885	-0.176852
0.271700	-0.199435	-0.188144	-0.170748	-0.189364	-0.164645	-0.156100	-0.164645	-0.180514	-0.172885	-0.184482
0.271800	-0.196994	-0.191195	-0.166781	-0.186313	-0.165866	-0.163119	-0.160678	-0.182040	-0.182040	-0.178378
0.271900	-0.201572	-0.187533	-0.176547	-0.186313	-0.161288	-0.168612	-0.162203	-0.176852	-0.185702	-0.186007
0.272000	-0.210727	-0.183871	-0.170138	-0.185397	-0.158846	-0.167086	-0.168307	-0.186007	-0.186007	-0.186923
0.272100	-0.200351	-0.193332	-0.180209	-0.192721	-0.166171	-0.174716	-0.172885	-0.185397	-0.182345	-0.185702
0.272200	-0.205844	-0.200046	-0.189059	-0.202487	-0.166476	-0.163729	-0.172274	-0.178073	-0.179599	-0.182650
0.272300	-0.202487	-0.198520	-0.200046	-0.199130	-0.167697	-0.164950	-0.168612	-0.179904	-0.182345	-0.179599
0.272400	-0.204929	-0.195773	-0.193637	-0.200961	-0.164950	-0.166171	-0.162203	-0.182956	-0.188144	-0.182956
0.272500	-0.204624	-0.198825	-0.193027	-0.205539	-0.162203	-0.169528	-0.169528	-0.195773	-0.186923	-0.186007
0.272600	-0.204624	-0.210727	-0.186313	-0.208591	-0.173495	-0.175936	-0.173800	-0.200046	-0.187839	-0.187533
0.272700	-0.206760	-0.213169	-0.187533	-0.211337	-0.179293	-0.177462	-0.171969	-0.195773	-0.189364	-0.192721
0.272800	-0.202182	-0.211643	-0.194858	-0.207981	-0.189364	-0.175631	-0.182650	-0.198520	-0.193027	-0.194247
0.272900	-0.207065	-0.215305	-0.202487	-0.216831	-0.182650	-0.182650	-0.185702	-0.201877	-0.198520	-0.204318
0.273000	-0.217136	-0.222324	-0.201266	-0.215000	-0.186313	-0.183871	-0.184787	-0.215000	-0.204929	-0.203708
0.273100	-0.218051	-0.239414	-0.199741	-0.216526	-0.195468	-0.187228	-0.185397	-0.211337	-0.203708	-0.202792
0.273200	-0.218662	-0.231785	-0.203708	-0.216526	-0.207065	-0.193027	-0.193027	-0.215305	-0.207981	-0.195773
0.273300	-0.214694	-0.233310	-0.205844	-0.218357	-0.207065	-0.198520	-0.197299	-0.209506	-0.211032	-0.203403
0.273400	-0.218051	-0.228733	-0.204318	-0.229038	-0.211948	-0.201266	-0.205234	-0.224460	-0.225376	-0.208896
0.273500	-0.211032	-0.235752	-0.210727	-0.233005	-0.213169	-0.200961	-0.208591	-0.235752	-0.217136	-0.219272
0.273600	-0.222629	-0.245212	-0.215915	-0.235142	-0.217746	-0.201877	-0.206455	-0.233005	-0.216220	-0.221714
0.273700	-0.219883	-0.245518	-0.218967	-0.230564	-0.218967	-0.205844	-0.211948	-0.225376	-0.220493	-0.222324
0.273800	-0.219272	-0.236667	-0.218662	-0.222934	-0.222019	-0.206455	-0.212558	-0.227207	-0.226597	-0.222934
0.273900	-0.208896	-0.241245	-0.223240	-0.228122	-0.212863	-0.218662	-0.216220	-0.230564	-0.234226	-0.223850
0.274000	-0.217136	-0.247654	-0.224155	-0.232090	-0.217136	-0.214389	-0.218662	-0.239109	-0.231174	-0.220493
0.274100	-0.225681	-0.249485	-0.218662	-0.230259	-0.227512	-0.214389	-0.218051	-0.231174	-0.223850	-0.225681
0.274200	-0.220493	-0.238193	-0.218967	-0.227817	-0.233310	-0.219272	-0.226597	-0.224460	-0.239414	-0.224155
0.274300	-0.216526	-0.227512	-0.215305	-0.236362	-0.222019	-0.220798	-0.231785	-0.229038	-0.246128	-0.224460
0.274400	-0.215000	-0.225376	-0.219577	-0.232395	-0.212863	-0.221714	-0.231479	-0.229038	-0.240024	-0.225986
0.274500	-0.213169	-0.240330	-0.229343	-0.228122	-0.211032	-0.215305	-0.229648	-0.228122	-0.235142	-0.227207
0.274600	-0.222019	-0.238804	-0.233005	-0.224460	-0.217746	-0.216831	-0.229343	-0.229038	-0.228122	-0.230869
0.274700	-0.221103	-0.228122	-0.232395	-0.227512	-0.224155	-0.225376	-0.235142	-0.228428	-0.233616	-0.234226
0.274800	-0.216220	-0.218662	-0.227512	-0.235447	-0.221714	-0.225071	-0.233005	-0.222934	-0.246128	-0.225376
0.274900	-0.214389	-0.220493	-0.229343	-0.236057	-0.224460	-0.218967	-0.240330	-0.216831	-0.239719	-0.226291
0.275000	-0.225071	-0.228733	-0.237583	-0.233310	-0.219272	-0.214389	-0.245212	-0.218051	-0.236362	-0.220798
0.275100	-0.223545	-0.228428	-0.241856	-0.231785	-0.224460	-0.219883	-0.243381	-0.217441	-0.233616	-0.217746
0.275200	-0.230564	-0.225376	-0.240635	-0.236362	-0.232395	-0.228122	-0.239414	-0.223240	-0.236667	-0.218051
0.275300	-0.225376	-0.214694	-0.245212	-0.237583	-0.225986	-0.241856	-0.242466	-0.222934	-0.236973	-0.222019
0.275400	-0.223850	-0.218051	-0.251621	-0.235142	-0.220188	-0.230869	-0.247349	-0.219883	-0.233005	-0.221714
0.275500	-0.229954	-0.222019	-0.252537	-0.236057	-0.231785	-0.222324	-0.243687	-0.214389	-0.228428	-0.222629
0.275600	-0.232395	-0.223240	-0.249790	-0.241550	-0.231479	-0.224460	-0.244907	-0.219272	-0.233005	-0.218357
0.275700	-0.229343	-0.224765	-0.246433	-0.242771	-0.243381	-0.233921	-0.243992	-0.224460	-0.231479	-0.213169
0.275800	-0.230869	-0.221103	-0.253758	-0.242161	-0.241856	-0.234531	-0.251316	-0.225986	-0.232090	-0.217746
0.275900	-0.233616	-0.230564	-0.258640	-0.233616	-0.244907	-0.225376	-0.260472	-0.223850	-0.229954	-0.225071
0.276000	-0.239109	-0.239719	-0.260166	-0.233616	-0.249790	-0.230564	-0.262303	-0.227512	-0.231479	-0.229954
0.276100	-0.238804	-0.230259	-0.259556	-0.242466	-0.246128	-0.236667	-0.251926	-0.229038	-0.235447	-0.225071
0.276200	-0.233310	-0.234531	-0.247654	-0.242466	-0.251621	-0.238804	-0.241245	-0.228733	-0.240024	-0.218357
0.276300	-0.233616	-0.238193	-0.250401	-0.241245	-0.261997	-0.236973	-0.247044	-0.222019	-0.233921	-0.224460
0.276400	-0.236057	-0.240330	-0.254673	-0.240940	-0.253147	-0.236667	-0.255589	-0.228122	-0.236362	-0.225986
0.276500	-0.232090	-0.239414	-0.252232	-0.240330	-0.258640	-0.242466	-0.258030	-0.229648	-0.232395	-0.229343
0.276600	-0.234531	-0.240024	-0.243381	-0.245823	-0.251926	-0.245518	-0.256809	-0.228733	-0.230259	-0.224155
0.276700	-0.222934	-0.234531	-0.244907	-0.236973	-0.250706	-0.242771	-0.240330	-0.225986	-0.223850	-0.218051
0.276800	-0.223850	-0.230564	-0.242466	-0.224765	-0.243992	-0.236667	-0.240024	-0.225376	-0.222019	-0.225986
0.276900	-0.226597	-0.224765	-0.233310	-0.222324	-0.256199	-0.235142	-0.237888	-0.228122	-0.222019	-0.228122
0.277000	-0.219577	-0.221714	-0.231174	-0.236667	-0.262913	-0.240635	-0.241856	-0.223240	-0.222324	-0.228733
0.277100	-0.213474	-0.219883	-0.222629	-0.230564	-0.254368	-0.239414	-0.236362	-0.222324	-0.224460	-0.218967
0.277200	-0.208591	-0.215000	-0.228122	-0.225071	-0.238804	-0.242466	-0.232090	-0.208896	-0.216831	-0.218357
0.277300	-0.209506	-0.211032	-0.223545	-0.218662	-0.239719	-0.235142	-0.229038	-0.211643	-0.217746	-0.219577
0.277400	-0.203708	-0.210117	-0.222019	-0.217136	-0.242466	-0.238804	-0.225986	-0.216526	-0.213779	-0.224765
0.277500	-0.207370	-0.197909	-0.210422	-0.213474	-0.235142	-0.239719	-0.225986	-0.217136	-0.216526	-0.225376
0.277600	-0.190890	-0.196994	-0.203098	-0.207370	-0.240940	-0.242771	-0.227207	-0.203098	-0.211337	-0.215000
0.277700	-0.182345	-0.186007	-0.212253	-0.207065	-0.228733	-0.238804	-0.225071	-0.196384	-0.201877	-0.210727
0.277800	-0.178988	-0.183871	-0.205844	-0.193027	-0.217136	-0.231479	-0.222019	-0.199130	-0.198825	-0.211948
0.277900	-0.186923	-0.183871	-0.208286	-0.191501	-0.215000	-0.227817	-0.212558	-0.210117	-0.204624	-0.214694
0.278000	-0.184482	-0.185397	-0.204929	-0.200656	-0.220798	-0.225986	-0.213474	-0.201572	-0.206149	-0.217136
0.278100	-0.180209	-0.175631	-0.205234	-0.195163	-0.218357	-0.227817	-0.213779	-0.188449	-0.202792	-0.210727
0.278200	-0.176547	-0.170138	-0.208286	-0.187839	-0.205844	-0.229648	-0.218357	-0.179904	-0.195773	-0.204929
0.278300	-0.177157	-0.168002	-0.204929	-0.183566	-0.203708	-0.217441	-0.216220	-0.186007	-0.200656	-0.193332
0.278400	-0.175936	-0.167391	-0.206149	-0.187228	-0.207065	-0.216526	-0.209201	-0.198520	-0.193027	-0.201572
0.278500	-0.182650	-0.174105	-0.199130	-0.184787	-0.212558	-0.208896	-0.209506	-0.203708	-0.199435	-0.196078
0.278600	-0.182345	-0.164645	-0.196689	-0.182040	-0.207065	-0.219272	-0.204624	-0.192721	-0.188754	-0.199130
0.278700	-0.177462	-0.159762	-0.196078	-0.182345	-0.192721	-0.209506	-0.207065	-0.186313	-0.191195	-0.189975
0.278800	-0.166171	-0.161288	-0.197299	-0.176547	-0.185702	-0.205234	-0.203708	-0.184176	-0.186313	-0.195468
0.278900	-0.174716	-0.167697	-0.198520	-0.184176	-0.185092	-0.191195	-0.204624	-0.196994	-0.193027	-0.194858
0.279000	-0.174716	-0.168307	-0.191501	-0.181735	-0.207065	-0.197299	-0.196994	-0.205844	-0.191501	-0.191501
0.279100	-0.178683	-0.164340	-0.199741	-0.190890	-0.209201	-0.209201	-0.200656	-0.196994	-0.186923	-0.193942
0.279200	-0.182650	-0.167697	-0.195773	-0.185702	-0.208591	-0.207370	-0.200351	-0.196689	-0.191501	-0.189670
0.279300	-0.182040	-0.174411	-0.203098	-0.193637	-0.198520	-0.206455	-0.194247	-0.191806	-0.194858	-0.190890
0.279400	-0.187533	-0.173800	-0.202182	-0.196384	-0.199435	-0.193637	-0.193942	-0.202792	-0.194858	-0.181735
0.279500	-0.189059	-0.178988	-0.195773	-0.192721	-0.202792	-0.199130	-0.186313	-0.198520	-0.180514	-0.185702
0.279600	-0.190890	-0.170138	-0.186313	-0.191501	-0.203708	-0.202487	-0.186007	-0.200656	-0.184176	-0.181430
0.279700	-0.176852	-0.175326	-0.183566	-0.182956	-0.206149	-0.203403	-0.181735	-0.201266	-0.182956	-0.190890
0.279800	-0.172274	-0.179293	-0.186007	-0.185702	-0.200961	-0.195773	-0.185702	-0.214389	-0.193332	-0.197604
0.279900	-0.166781	-0.194858	-0.189364	-0.182345	-0.209506	-0.197299	-0.189059	-0.213474	-0.191195	-0.196994
0.280000	-0.176547	-0.194247	-0.198825	-0.185397	-0.211337	-0.199741	-0.189670	-0.206149	-0.189364	-0.207981
0.280100	-0.180514	-0.194552	-0.188144	-0.183566	-0.206149	-0.204624	-0.184482	-0.207065	-0.197604	-0.204318
0.280200	-0.175936	-0.192721	-0.196078	-0.189670	-0.206760	-0.215305	-0.182650	-0.208896	-0.200046	-0.207981
0.280300	-0.178988	-0.191806	-0.193942	-0.196689	-0.197299	-0.200351	-0.189059	-0.218967	-0.212558	-0.207065
0.280400	-0.173495	-0.189975	-0.191195	-0.186313	-0.200351	-0.200656	-0.183261	-0.219883	-0.206455	-0.207370
0.280500	-0.177157	-0.191806	-0.179293	-0.183871	-0.196384	-0.200656	-0.185092	-0.218357	-0.204624	-0.212863
0.280600	-0.167086	-0.196689	-0.176547	-0.179293	-0.203403	-0.210422	-0.172885	-0.217746	-0.202487	-0.215305
0.280700	-0.169833	-0.189059	-0.178073	-0.183871	-0.196994	-0.216831	-0.178073	-0.219883	-0.209201	-0.221714
0.280800	-0.163119	-0.193637	-0.181125	-0.178683	-0.194552	-0.207981	-0.189670	-0.219272	-0.208591	-0.213474
0.280900	-0.173190	-0.197909	-0.188144	-0.187228	-0.189059	-0.202182	-0.186007	-0.217441	-0.205844	-0.219577
0.281000	-0.175936	-0.200046	-0.176242	-0.179904	-0.182345	-0.198825	-0.187228	-0.217136	-0.215000	-0.220188
0.281100	-0.175326	-0.199435	-0.179293	-0.179904	-0.189364	-0.209201	-0.184176	-0.219272	-0.218357	-0.221714
0.281200	-0.173495	-0.200046	-0.181125	-0.183871	-0.193332	-0.211643	-0.190890	-0.224460	-0.221103	-0.218967
0.281300	-0.181125	-0.200351	-0.191501	-0.191195	-0.189670	-0.207675	-0.196994	-0.221103	-0.217746	-0.220798
0.281400	-0.194247	-0.195468	-0.187228	-0.192111	-0.186313	-0.200961	-0.200961	-0.210727	-0.217441	-0.218051
0.281500	-0.190280	-0.188449	-0.180209	-0.188144	-0.181125	-0.201266	-0.189059	-0.211337	-0.217136	-0.207675
0.281600	-0.187839	-0.183871	-0.183261	-0.195773	-0.169528	-0.202487	-0.182956	-0.218051	-0.210117	-0.204929
0.281700	-0.188144	-0.189670	-0.180514	-0.191806	-0.176242	-0.193027	-0.189059	-0.222019	-0.212558	-0.202487
0.281800	-0.188144	-0.190280	-0.184176	-0.191195	-0.179293	-0.191501	-0.193027	-0.217746	-0.208896	-0.217136
0.281900	-0.201266	-0.199130	-0.186313	-0.195773	-0.184787	-0.192721	-0.196689	-0.215305	-0.212558	-0.207981
0.282000	-0.200656	-0.197909	-0.196994	-0.202792	-0.187228	-0.201266	-0.196078	-0.212253	-0.209506	-0.205234
0.282100	-0.207065	-0.200351	-0.196689	-0.203403	-0.182956	-0.192721	-0.201572	-0.221714	-0.220798	-0.196384
0.282200	-0.207065	-0.205844	-0.203098	-0.204624	-0.187228	-0.196994	-0.204929	-0.216831	-0.218051	-0.207065
0.282300	-0.222324	-0.212253	-0.205844	-0.213779	-0.182956	-0.189975	-0.209506	-0.217746	-0.222629	-0.212863
0.282400	-0.224765	-0.210727	-0.203098	-0.210422	-0.189975	-0.201572	-0.203708	-0.210727	-0.219272	-0.217746
0.282500	-0.230259	-0.204929	-0.206149	-0.224155	-0.181430	-0.202487	-0.205234	-0.211032	-0.222019	-0.208591
0.282600	-0.225071	-0.211643	-0.206760	-0.219883	-0.180209	-0.197299	-0.193637	-0.207675	-0.210422	-0.201572
0.282700	-0.225986	-0.220798	-0.206455	-0.222019	-0.175936	-0.181735	-0.193027	-0.209201	-0.208591	-0.203403
0.282800	-0.232090	-0.234226	-0.202792	-0.218662	-0.193942	-0.179293	-0.189364	-0.216831	-0.210727	-0.205539
0.282900	-0.228428	-0.230259	-0.200351	-0.227512	-0.209506	-0.188449	-0.189975	-0.219577	-0.210727	-0.218662
0.283000	-0.239109	-0.232090	-0.202182	-0.230869	-0.202487	-0.197604	-0.195773	-0.217746	-0.212253	-0.212558
0.283100	-0.243992	-0.237888	-0.211643	-0.233616	-0.196384	-0.194247	-0.200656	-0.217746	-0.213474	-0.207981
0.283200	-0.243381	-0.243687	-0.214084	-0.236973	-0.189059	-0.189364	-0.201266	-0.221103	-0.206455	-0.211643
0.283300	-0.244907	-0.248875	-0.207675	-0.230869	-0.205539	-0.194247	-0.193942	-0.223850	-0.213779	-0.221103
0.283400	-0.245518	-0.254063	-0.206760	-0.230259	-0.212558	-0.197299	-0.200961	-0.222019	-0.220188	-0.222019
0.283500	-0.247959	-0.247959	-0.203403	-0.230869	-0.218357	-0.192721	-0.204624	-0.217441	-0.216831	-0.224460
0.283600	-0.247959	-0.246128	-0.206455	-0.240024	-0.205844	-0.195468	-0.207981	-0.207370	-0.217136	-0.220798
0.283700	-0.252232	-0.250401	-0.204624	-0.230564	-0.202182	-0.190280	-0.205234	-0.214694	-0.217441	-0.214084
0.283800	-0.254368	-0.254978	-0.211032	-0.234226	-0.201572	-0.187839	-0.201572	-0.222934	-0.217441	-0.223850
0.283900	-0.254063	-0.259861	-0.210727	-0.233310	-0.217746	-0.193942	-0.198520	-0.226597	-0.214084	-0.222629
0.284000	-0.258640	-0.252232	-0.212558	-0.234226	-0.212253	-0.204624	-0.205234	-0.213474	-0.208896	-0.228733
0.284100	-0.258030	-0.247959	-0.214694	-0.221103	-0.205234	-0.203403	-0.200351	-0.207981	-0.215000	-0.217441
0.284200	-0.254063	-0.246433	-0.222934	-0.225681	-0.202792	-0.203403	-0.207065	-0.198825	-0.218662	-0.220493
0.284300	-0.254063	-0.253758	-0.208896	-0.224765	-0.205539	-0.184787	-0.220798	-0.206455	-0.223850	-0.213169
0.284400	-0.260472	-0.252232	-0.213474	-0.220798	-0.209201	-0.195163	-0.217136	-0.208896	-0.218662	-0.219272
0.284500	-0.263829	-0.240940	-0.206760	-0.218051	-0.198520	-0.199435	-0.219272	-0.205234	-0.217746	-0.212253
0.284600	-0.254368	-0.229648	-0.214389	-0.220188	-0.194247	-0.205844	-0.214084	-0.197604	-0.207370	-0.213779
0.284700	-0.256504	-0.224155	-0.208591	-0.223240	-0.190280	-0.200046	-0.216831	-0.194858	-0.209506	-0.211032
0.284800	-0.243381	-0.228428	-0.206760	-0.214084	-0.192111	-0.190890	-0.217746	-0.193027	-0.210117	-0.204318
0.284900	-0.253758	-0.225681	-0.203403	-0.218051	-0.198520	-0.189059	-0.218662	-0.190890	-0.206455	-0.198825
0.285000	-0.249485	-0.229648	-0.205234	-0.212863	-0.199435	-0.195773	-0.214389	-0.182650	-0.200351	-0.198825
0.285100	-0.254063	-0.222629	-0.214389	-0.213474	-0.191501	-0.203708	-0.210422	-0.181735	-0.197604	-0.200046
0.285200	-0.253147	-0.219883	-0.217746	-0.211643	-0.185702	-0.195468	-0.211337	-0.178073	-0.196994	-0.191501
0.285300	-0.247044	-0.215915	-0.213474	-0.212863	-0.183871	-0.186313	-0.210422	-0.177768	-0.195773	-0.187228
0.285400	-0.239719	-0.210422	-0.211337	-0.209201	-0.186923	-0.188449	-0.213169	-0.176852	-0.190280	-0.178073
0.285500	-0.243076	-0.206455	-0.209506	-0.211337	-0.186007	-0.193332	-0.200351	-0.176547	-0.184482	-0.183566
0.285600	-0.237583	-0.205539	-0.203403	-0.208286	-0.197604	-0.192721	-0.203098	-0.166781	-0.182650	-0.185702
0.285700	-0.233005	-0.206455	-0.203708	-0.210117	-0.194858	-0.181430	-0.202487	-0.161593	-0.172579	-0.179904
0.285800	-0.235142	-0.194247	-0.197299	-0.205539	-0.190280	-0.164950	-0.200656	-0.171359	-0.177157	-0.169528
0.285900	-0.220188	-0.196078	-0.200961	-0.196078	-0.191501	-0.170748	-0.192111	-0.164034	-0.172274	-0.175326
0.286000	-0.227207	-0.193942	-0.210727	-0.202487	-0.193942	-0.174716	-0.198825	-0.174105	-0.181125	-0.179599
0.286100	-0.220798	-0.201266	-0.215915	-0.198825	-0.199130	-0.185092	-0.197909	-0.168307	-0.172579	-0.188144
0.286200	-0.225376	-0.195773	-0.220493	-0.203098	-0.200046	-0.184787	-0.197604	-0.167391	-0.176242	-0.179293
0.286300	-0.220493	-0.192111	-0.207370	-0.196078	-0.205539	-0.183871	-0.190585	-0.167391	-0.176547	-0.175936
0.286400	-0.216220	-0.188754	-0.199130	-0.200351	-0.201877	-0.182345	-0.185397	-0.173190	-0.175631	-0.172885
0.286500	-0.207675	-0.191195	-0.199130	-0.202792	-0.204318	-0.181430	-0.186313	-0.175936	-0.176852	-0.170138
0.286600	-0.197909	-0.193942	-0.195163	-0.205539	-0.207675	-0.182650	-0.199741	-0.182040	-0.178988	-0.174411
0.286700	-0.193637	-0.187839	-0.196994	-0.196078	-0.213169	-0.191806	-0.199130	-0.178988	-0.174105	-0.183871
0.286800	-0.196078	-0.186313	-0.202792	-0.191806	-0.205539	-0.189364	-0.191806	-0.176242	-0.174105	-0.182345
0.286900	-0.186923	-0.180514	-0.201877	-0.180209	-0.210117	-0.194552	-0.181125	-0.171969	-0.168307	-0.177768
0.287000	-0.184176	-0.181125	-0.196994	-0.180209	-0.205234	-0.187533	-0.186923	-0.170443	-0.174716	-0.180514
0.287100	-0.176547	-0.184482	-0.196689	-0.173800	-0.213169	-0.195468	-0.194552	-0.185702	-0.179599	-0.179599
0.287200	-0.182040	-0.180514	-0.196078	-0.179599	-0.210422	-0.206455	-0.201572	-0.187228	-0.181125	-0.195468
0.287300	-0.179293	-0.173495	-0.189975	-0.171054	-0.210422	-0.205844	-0.193942	-0.191806	-0.190585	-0.194858
0.287400	-0.171969	-0.166171	-0.199741	-0.171359	-0.207370	-0.212253	-0.187228	-0.178073	-0.183261	-0.197909
0.287500	-0.161593	-0.160678	-0.182650	-0.164034	-0.199435	-0.200961	-0.194552	-0.183566	-0.184482	-0.181735
0.287600	-0.148470	-0.160372	-0.181125	-0.156710	-0.193027	-0.205234	-0.191501	-0.185092	-0.179599	-0.183566
0.287700	-0.149996	-0.160067	-0.170138	-0.159152	-0.195468	-0.204624	-0.198825	-0.185092	-0.184787	-0.188754
0.287800	-0.145419	-0.159457	-0.171664	-0.156710	-0.196384	-0.210727	-0.193027	-0.183871	-0.186007	-0.193332
0.287900	-0.149691	-0.153353	-0.176242	-0.155184	-0.190585	-0.204929	-0.194858	-0.181430	-0.186007	-0.188449
0.288000	-0.139315	-0.146944	-0.182040	-0.154879	-0.181125	-0.205234	-0.194552	-0.173495	-0.189975	-0.188144
0.288100	-0.138705	-0.147555	-0.175631	-0.148165	-0.186007	-0.200961	-0.191806	-0.174105	-0.190280	-0.186923
0.288200	-0.134127	-0.149996	-0.181125	-0.146639	-0.183566	-0.203098	-0.195163	-0.176242	-0.189364	-0.193637
0.288300	-0.129244	-0.147250	-0.175631	-0.144503	-0.188144	-0.207675	-0.194552	-0.173190	-0.187228	-0.191501
0.288400	-0.127718	-0.131991	-0.179599	-0.150301	-0.179293	-0.206760	-0.195468	-0.168612	-0.191195	-0.189670
0.288500	-0.127718	-0.130465	-0.175631	-0.149386	-0.180209	-0.203098	-0.192111	-0.174105	-0.186007	-0.178073
0.288600	-0.124971	-0.126803	-0.170138	-0.154879	-0.176242	-0.194858	-0.198520	-0.180209	-0.183871	-0.178378
0.288700	-0.125582	-0.130160	-0.163729	-0.149386	-0.172274	-0.184482	-0.193637	-0.191806	-0.187839	-0.173495
0.288800	-0.112764	-0.132906	-0.171664	-0.150912	-0.178073	-0.192721	-0.195468	-0.182956	-0.185092	-0.182956
0.288900	-0.123140	-0.126803	-0.172274	-0.152438	-0.171969	-0.192111	-0.194858	-0.169833	-0.186923	-0.182345
0.289000	-0.126497	-0.122530	-0.174105	-0.148165	-0.171664	-0.189670	-0.187228	-0.171969	-0.187228	-0.172579
0.289100	-0.133516	-0.124056	-0.178683	-0.153353	-0.175326	-0.194552	-0.177768	-0.177462	-0.183566	-0.174716
0.289200	-0.130465	-0.134127	-0.171054	-0.154574	-0.182040	-0.187228	-0.179599	-0.190585	-0.183871	-0.176242
0.289300	-0.128023	-0.131380	-0.174716	-0.160067	-0.190280	-0.188449	-0.181735	-0.200961	-0.182956	-0.183871
0.289400	-0.122530	-0.130770	-0.178378	-0.166171	-0.192721	-0.194858	-0.183871	-0.194247	-0.178988	-0.192721
0.289500	-0.129549	-0.129854	-0.172579	-0.174105	-0.190585	-0.191195	-0.179293	-0.194552	-0.187228	-0.186007
0.289600	-0.127718	-0.133516	-0.176547	-0.166171	-0.183566	-0.191501	-0.175936	-0.181430	-0.176547	-0.188144
0.289700	-0.135348	-0.135042	-0.173190	-0.161898	-0.176852	-0.177462	-0.175631	-0.194858	-0.186007	-0.180209
0.289800	-0.126192	-0.139010	-0.178073	-0.160372	-0.183871	-0.190890	-0.172885	-0.196994	-0.178988	-0.189059
0.289900	-0.132296	-0.147860	-0.167697	-0.164950	-0.187839	-0.194247	-0.179599	-0.211032	-0.186007	-0.193637
0.290000	-0.131991	-0.156405	-0.171664	-0.164950	-0.196689	-0.199130	-0.174716	-0.208896	-0.184176	-0.201877
0.290100	-0.139010	-0.150607	-0.172579	-0.170138	-0.191501	-0.194858	-0.168307	-0.208286	-0.185702	-0.196384
0.290200	-0.128328	-0.149691	-0.172274	-0.166171	-0.193637	-0.188144	-0.162509	-0.200656	-0.185092	-0.199435
0.290300	-0.133822	-0.157321	-0.172274	-0.169528	-0.195163	-0.186313	-0.164950	-0.200961	-0.185702	-0.200046
0.290400	-0.137789	-0.160067	-0.168307	-0.169528	-0.193942	-0.200351	-0.173800	-0.209506	-0.194247	-0.212863
0.290500	-0.138094	-0.172274	-0.164645	-0.170748	-0.195773	-0.211948	-0.180514	-0.211948	-0.199435	-0.217746
0.290600	-0.144808	-0.172579	-0.171664	-0.179293	-0.189670	-0.207981	-0.181735	-0.214084	-0.204929	-0.219883
0.290700	-0.137179	-0.178988	-0.165866	-0.177157	-0.196994	-0.196689	-0.179599	-0.219883	-0.204929	-0.213169
0.290800	-0.141451	-0.179293	-0.173495	-0.181125	-0.204318	-0.199741	-0.179293	-0.216526	-0.200656	-0.216831
0.290900	-0.149691	-0.182956	-0.176242	-0.181125	-0.200961	-0.199435	-0.185092	-0.217746	-0.210727	-0.216526
0.291000	-0.159152	-0.187839	-0.182650	-0.181430	-0.198825	-0.209506	-0.187228	-0.216220	-0.212558	-0.220798
0.291100	-0.170138	-0.191195	-0.173190	-0.187228	-0.191195	-0.206760	-0.193027	-0.215000	-0.222019	-0.221103
0.291200	-0.167391	-0.193942	-0.174411	-0.188144	-0.194552	-0.213169	-0.191806	-0.217746	-0.216526	-0.217136
0.291300	-0.179293	-0.196078	-0.188144	-0.195468	-0.189975	-0.212558	-0.191195	-0.223240	-0.224765	-0.221103
0.291400	-0.181125	-0.207370	-0.186007	-0.203403	-0.204624	-0.210727	-0.194552	-0.224460	-0.223850	-0.218662
0.291500	-0.185397	-0.201266	-0.195468	-0.211032	-0.207065	-0.212863	-0.198825	-0.219577	-0.216831	-0.223240
0.291600	-0.193942	-0.201572	-0.188754	-0.208591	-0.202487	-0.208896	-0.205844	-0.214694	-0.220188	-0.214389
0.291700	-0.193942	-0.203403	-0.196384	-0.207981	-0.196689	-0.209506	-0.210117	-0.215915	-0.226291	-0.211032
0.291800	-0.201266	-0.211337	-0.191806	-0.210727	-0.197909	-0.215000	-0.213169	-0.220798	-0.225986	-0.212863
0.291900	-0.211032	-0.214694	-0.197909	-0.220188	-0.191806	-0.210727	-0.214084	-0.223240	-0.229954	-0.216831
0.292000	-0.219272	-0.222019	-0.207065	-0.228122	-0.196384	-0.210727	-0.208896	-0.223545	-0.223240	-0.222324
0.292100	-0.228122	-0.228122	-0.210117	-0.230259	-0.198520	-0.205844	-0.215305	-0.220188	-0.220798	-0.222934
0.292200	-0.226291	-0.231785	-0.216220	-0.225986	-0.203098	-0.206455	-0.202792	-0.218967	-0.212253	-0.220798
0.292300	-0.229648	-0.230564	-0.218051	-0.232395	-0.200656	-0.200961	-0.203098	-0.213474	-0.211032	-0.209201
0.292400	-0.231785	-0.233921	-0.213474	-0.237278	-0.200961	-0.191501	-0.195163	-0.213169	-0.211032	-0.201877
0.292500	-0.233310	-0.236973	-0.213779	-0.245518	-0.203708	-0.189364	-0.206455	-0.216526	-0.213474	-0.199435
0.292600	-0.231785	-0.248264	-0.216831	-0.248875	-0.202792	-0.195773	-0.211032	-0.220188	-0.215305	-0.204624
0.292700	-0.243076	-0.247654	-0.226597	-0.249790	-0.207981	-0.205539	-0.211032	-0.225986	-0.216220	-0.212253
0.292800	-0.247044	-0.259556	-0.224765	-0.253147	-0.211948	-0.203403	-0.206760	-0.218051	-0.212253	-0.218662
0.292900	-0.248264	-0.255589	-0.228428	-0.249790	-0.216526	-0.194858	-0.200961	-0.217746	-0.211337	-0.211948
0.293000	-0.250401	-0.261082	-0.232395	-0.255283	-0.216220	-0.189975	-0.202792	-0.224155	-0.213474	-0.212253
0.293100	-0.248875	-0.270543	-0.235447	-0.253452	-0.222629	-0.200961	-0.206455	-0.227512	-0.216220	-0.213169
0.293200	-0.252232	-0.285191	-0.237278	-0.263218	-0.227512	-0.204929	-0.210117	-0.233005	-0.222324	-0.224765
0.293300	-0.255283	-0.286107	-0.245212	-0.265660	-0.234531	-0.217136	-0.201266	-0.230259	-0.222019	-0.229648
0.293400	-0.264744	-0.280613	-0.249180	-0.275120	-0.234531	-0.210422	-0.211948	-0.234531	-0.226597	-0.226597
0.293500	-0.260472	-0.287633	-0.247044	-0.275120	-0.249180	-0.211643	-0.211032	-0.242466	-0.221103	-0.220798
0.293600	-0.261082	-0.290990	-0.257725	-0.279698	-0.251316	-0.218662	-0.224460	-0.251621	-0.224155	-0.229038
0.293700	-0.258030	-0.305638	-0.253758	-0.275120	-0.260777	-0.226291	-0.230259	-0.257115	-0.233921	-0.230259
0.293800	-0.269322	-0.303502	-0.265354	-0.279698	-0.260777	-0.238804	-0.240635	-0.254368	-0.238804	-0.243381
0.293900	-0.276646	-0.307775	-0.258640	-0.277256	-0.262303	-0.237888	-0.246433	-0.257420	-0.252537	-0.245212
0.294000	-0.279698	-0.305638	-0.265965	-0.276951	-0.263523	-0.251011	-0.246433	-0.258335	-0.256504	-0.245823
0.294100	-0.288548	-0.310216	-0.274205	-0.283360	-0.265660	-0.256199	-0.256504	-0.270237	-0.266880	-0.248875
0.294200	-0.287327	-0.318456	-0.279393	-0.285496	-0.272068	-0.262303	-0.262608	-0.269322	-0.268711	-0.258946
0.294300	-0.290074	-0.321813	-0.281834	-0.294957	-0.275120	-0.264134	-0.272679	-0.260472	-0.269932	-0.263829
0.294400	-0.297398	-0.316625	-0.287022	-0.293736	-0.276646	-0.274815	-0.269322	-0.259556	-0.261387	-0.255283
0.294500	-0.296788	-0.308690	-0.285496	-0.291295	-0.265660	-0.267796	-0.274510	-0.256504	-0.265049	-0.250401
0.294600	-0.289158	-0.308995	-0.279698	-0.290379	-0.267796	-0.262913	-0.271458	-0.261082	-0.263218	-0.245212
0.294700	-0.284581	-0.301976	-0.284581	-0.290074	-0.269627	-0.265660	-0.278477	-0.263218	-0.264744	-0.254368
0.294800	-0.284276	-0.305943	-0.276341	-0.285496	-0.269627	-0.269017	-0.289158	-0.267186	-0.270543	-0.249790
0.294900	-0.288853	-0.291600	-0.283970	-0.281834	-0.265049	-0.273594	-0.297704	-0.257725	-0.267796	-0.249790
0.295000	-0.291295	-0.296178	-0.276951	-0.278172	-0.263218	-0.260777	-0.294347	-0.259556	-0.270848	-0.246128
0.295100	-0.287633	-0.295567	-0.286107	-0.272068	-0.265965	-0.269017	-0.279393	-0.250706	-0.261997	-0.256199
0.295200	-0.297093	-0.297704	-0.282139	-0.278477	-0.261997	-0.261997	-0.279698	-0.247654	-0.268101	-0.252842
0.295300	-0.294652	-0.295262	-0.284581	-0.283970	-0.269627	-0.263218	-0.282139	-0.248264	-0.264439	-0.249485
0.295400	-0.297093	-0.292821	-0.284276	-0.286107	-0.267186	-0.259556	-0.289158	-0.248875	-0.265660	-0.245212
0.295500	-0.288548	-0.290379	-0.288243	-0.279698	-0.265965	-0.260777	-0.280613	-0.251621	-0.258640	-0.241245
0.295600	-0.286717	-0.283970	-0.292515	-0.283360	-0.258030	-0.254673	-0.276646	-0.245518	-0.252842	-0.247349
0.295700	-0.280308	-0.278477	-0.289464	-0.281834	-0.261997	-0.250401	-0.273594	-0.248264	-0.245518	-0.236667
0.295800	-0.276646	-0.271458	-0.292515	-0.278782	-0.263829	-0.253758	-0.275730	-0.246738	-0.241856	-0.242771
0.295900	-0.274815	-0.274510	-0.283055	-0.275730	-0.263829	-0.254673	-0.282444	-0.245823	-0.242161	-0.243381
0.296000	-0.278477	-0.269627	-0.287022	-0.269017	-0.262303	-0.256809	-0.278782	-0.239414	-0.243381	-0.244602
0.296100	-0.282750	-0.275425	-0.283360	-0.267186	-0.259556	-0.249790	-0.271153	-0.248264	-0.246738	-0.241550
0.296200	-0.277867	-0.265049	-0.289769	-0.270237	-0.266880	-0.256809	-0.260166	-0.248264	-0.238804	-0.237583
0.296300	-0.285496	-0.262608	-0.283970	-0.276341	-0.267186	-0.252232	-0.263218	-0.246433	-0.243381	-0.232090
0.296400	-0.280003	-0.266270	-0.291905	-0.273594	-0.277256	-0.256504	-0.265354	-0.245212	-0.242771	-0.237278
0.296500	-0.275730	-0.273594	-0.290379	-0.273899	-0.276646	-0.257420	-0.271153	-0.244907	-0.243992	-0.245518
0.296600	-0.269627	-0.272373	-0.279393	-0.262913	-0.274205	-0.256504	-0.264744	-0.246738	-0.243381	-0.241856
0.296700	-0.270237	-0.257115	-0.276036	-0.263523	-0.266880	-0.256504	-0.265354	-0.246128	-0.242466	-0.240635
0.296800	-0.261387	-0.248875	-0.272984	-0.253758	-0.276951	-0.251926	-0.256504	-0.247654	-0.238193	-0.233921
0.296900	-0.257420	-0.244907	-0.276341	-0.247654	-0.273899	-0.254368	-0.254978	-0.238804	-0.230564	-0.240330
0.297000	-0.255283	-0.245212	-0.270237	-0.243076	-0.258030	-0.253452	-0.251011	-0.236362	-0.226291	-0.239414
0.297100	-0.256809	-0.241856	-0.263523	-0.236057	-0.252537	-0.253147	-0.251011	-0.230869	-0.224765	-0.236362
0.297200	-0.251316	-0.240024	-0.251011	-0.228122	-0.248264	-0.249180	-0.248264	-0.229038	-0.225071	-0.233005
0.297300	-0.243381	-0.227207	-0.246738	-0.220493	-0.254063	-0.249180	-0.242161	-0.226291	-0.218357	-0.229343
0.297400	-0.240024	-0.227512	-0.243992	-0.220493	-0.251621	-0.243381	-0.238804	-0.220188	-0.222934	-0.228428
0.297500	-0.234836	-0.214084	-0.239109	-0.210727	-0.242771	-0.248875	-0.234226	-0.220188	-0.223240	-0.228122
0.297600	-0.228122	-0.205844	-0.228733	-0.206760	-0.235752	-0.246128	-0.231785	-0.211337	-0.221714	-0.228428
0.297700	-0.222324	-0.195163	-0.218662	-0.201877	-0.230869	-0.242161	-0.235447	-0.206455	-0.217746	-0.222019
0.297800	-0.215915	-0.192721	-0.207981	-0.191501	-0.229038	-0.237888	-0.230564	-0.200656	-0.209201	-0.215305
0.297900	-0.216526	-0.183871	-0.208286	-0.187533	-0.216526	-0.225681	-0.216831	-0.194552	-0.204318	-0.212253
0.298000	-0.205844	-0.175326	-0.196994	-0.179904	-0.205234	-0.222324	-0.214694	-0.195163	-0.200656	-0.210422
0.298100	-0.196384	-0.162203	-0.196078	-0.170748	-0.197604	-0.218967	-0.211032	-0.182040	-0.196078	-0.211643
0.298200	-0.198520	-0.159152	-0.183261	-0.163729	-0.190280	-0.214694	-0.207370	-0.168307	-0.193942	-0.204318
0.298300	-0.189364	-0.158541	-0.182650	-0.154879	-0.188144	-0.213779	-0.199741	-0.160372	-0.182345	-0.189364
0.298400	-0.188754	-0.146639	-0.176547	-0.150607	-0.178988	-0.205844	-0.189670	-0.159152	-0.176852	-0.178073
0.298500	-0.180209	-0.135653	-0.167697	-0.147555	-0.169528	-0.195163	-0.183261	-0.164950	-0.173495	-0.170748
0.298600	-0.176547	-0.130465	-0.162203	-0.151217	-0.162509	-0.187228	-0.185702	-0.156710	-0.173190	-0.171969
0.298700	-0.171359	-0.123751	-0.162509	-0.141146	-0.159152	-0.182040	-0.181735	-0.149081	-0.165255	-0.172579
0.298800	-0.161288	-0.114595	-0.150912	-0.135958	-0.154574	-0.168917	-0.177157	-0.145113	-0.162509	-0.166476
0.298900	-0.156100	-0.106050	-0.142977	-0.128023	-0.146334	-0.164340	-0.151217	-0.144808	-0.158236	-0.154879
0.299000	-0.155184	-0.100862	-0.148470	-0.127413	-0.139620	-0.159457	-0.151217	-0.144503	-0.148776	-0.151522
0.299100	-0.153353	-0.105745	-0.141146	-0.123751	-0.135042	-0.155489	-0.144808	-0.135042	-0.140536	-0.150607
0.299200	-0.152743	-0.101778	-0.141756	-0.118868	-0.127718	-0.147250	-0.142367	-0.127108	-0.136263	-0.148165
0.299300	-0.157015	-0.098726	-0.132296	-0.114290	-0.123140	-0.144198	-0.131685	-0.129549	-0.134737	-0.145724
0.299400	-0.138705	-0.091707	-0.124361	-0.114595	-0.121309	-0.135042	-0.124971	-0.125887	-0.135042	-0.144503
0.299500	-0.128328	-0.088350	-0.122530	-0.113680	-0.118868	-0.129244	-0.113680	-0.129244	-0.125887	-0.137484
0.299600	-0.134127	-0.090181	-0.121004	-0.115206	-0.122530	-0.120089	-0.107271	-0.127108	-0.118257	-0.128328
0.299700	-0.131380	-0.090181	-0.118563	-0.109102	-0.121004	-0.117342	-0.108492	-0.121920	-0.108797	-0.126497
0.299800	-0.126192	-0.084993	-0.108492	-0.099947	-0.109712	-0.115816	-0.109102	-0.120699	-0.104219	-0.127413
0.299900	-0.119783	-0.078279	-0.100252	-0.097200	-0.108492	-0.114595	-0.098726	-0.121920	-0.107576	-0.130770
0.300000	-0.115511	-0.082856	-0.097200	-0.103609	-0.099947	-0.106661	-0.091707	-0.116121	-0.101778	-0.132601
0.300100	-0.105745	-0.091402	-0.099947	-0.095064	-0.108187	-0.098116	-0.084077	-0.113375	-0.092927	-0.125277
0.300200	-0.102083	-0.089570	-0.102083	-0.091402	-0.106050	-0.099336	-0.084688	-0.102083	-0.087129	-0.130160
0.300300	-0.101778	-0.085298	-0.085298	-0.083772	-0.100252	-0.095064	-0.077363	-0.107576	-0.096590	-0.120089
0.300400	-0.084382	-0.076753	-0.082551	-0.077363	-0.087739	-0.099947	-0.070344	-0.105135	-0.092927	-0.121309
0.300500	-0.076753	-0.069429	-0.068513	-0.079500	-0.077668	-0.091707	-0.062104	-0.099336	-0.084688	-0.116732
0.300600	-0.077058	-0.070344	-0.060578	-0.077058	-0.081941	-0.081941	-0.059358	-0.096590	-0.083772	-0.113069
0.300700	-0.074922	-0.073396	-0.060578	-0.070344	-0.082856	-0.086213	-0.058137	-0.100252	-0.081941	-0.108797
0.300800	-0.067597	-0.068208	-0.059968	-0.063325	-0.079194	-0.088655	-0.067597	-0.102388	-0.087739	-0.107271
0.300900	-0.063935	-0.061494	-0.053864	-0.058137	-0.082856	-0.090181	-0.066682	-0.103304	-0.082551	-0.108797
0.301000	-0.065156	-0.070344	-0.050507	-0.060884	-0.081025	-0.081636	-0.063020	-0.101167	-0.086824	-0.114900
0.301100	-0.069123	-0.080110	-0.054170	-0.070344	-0.089265	-0.081941	-0.064546	-0.103914	-0.098421	-0.107271
0.301200	-0.070344	-0.079805	-0.068513	-0.084993	-0.086519	-0.094148	-0.074311	-0.096284	-0.106050	-0.107576
0.301300	-0.074617	-0.083467	-0.071260	-0.085603	-0.085298	-0.100557	-0.078584	-0.108797	-0.122225	-0.107271
0.301400	-0.075837	-0.080415	-0.075837	-0.086213	-0.081941	-0.110933	-0.084993	-0.110018	-0.119783	-0.125277
0.301500	-0.078889	-0.081636	-0.065156	-0.084077	-0.083467	-0.099947	-0.092927	-0.117342	-0.120089	-0.124666
0.301600	-0.080110	-0.088655	-0.072175	-0.087129	-0.085603	-0.097810	-0.090181	-0.123445	-0.115511	-0.121614
0.301700	-0.096895	-0.093233	-0.078889	-0.097200	-0.088350	-0.099947	-0.086824	-0.128328	-0.124056	-0.114595
0.301800	-0.095674	-0.094453	-0.080415	-0.101167	-0.092317	-0.100252	-0.099947	-0.121614	-0.137789	-0.111543
0.301900	-0.094453	-0.094148	-0.085603	-0.108797	-0.090486	-0.106050	-0.104524	-0.126497	-0.135958	-0.121920
0.302000	-0.106966	-0.109407	-0.088350	-0.110018	-0.090791	-0.103609	-0.118868	-0.136873	-0.137484	-0.131380
0.302100	-0.109407	-0.118257	-0.091096	-0.114595	-0.097505	-0.104830	-0.118563	-0.133822	-0.138094	-0.137789
0.302200	-0.112764	-0.121309	-0.109712	-0.131380	-0.108187	-0.110323	-0.121309	-0.139010	-0.143282	-0.130465
0.302300	-0.124056	-0.120699	-0.114290	-0.130465	-0.115511	-0.115816	-0.121309	-0.144198	-0.152438	-0.131075
0.302400	-0.127108	-0.127108	-0.119173	-0.134737	-0.106355	-0.117952	-0.120089	-0.148470	-0.155184	-0.137789
0.302500	-0.132296	-0.142367	-0.117342	-0.147860	-0.104219	-0.111543	-0.126192	-0.155795	-0.160067	-0.139925
0.302600	-0.131075	-0.155184	-0.126497	-0.157015	-0.117342	-0.117342	-0.136873	-0.151522	-0.149996	-0.148165
0.302700	-0.141451	-0.159762	-0.130770	-0.161288	-0.119478	-0.113680	-0.141146	-0.160372	-0.158236	-0.144198
0.302800	-0.141451	-0.164034	-0.135958	-0.160372	-0.128328	-0.124056	-0.127413	-0.153048	-0.160678	-0.149081
0.302900	-0.147860	-0.162203	-0.143282	-0.171054	-0.131075	-0.125582	-0.137789	-0.163119	-0.162203	-0.150607
0.303000	-0.146334	-0.172885	-0.143893	-0.168002	-0.136873	-0.126803	-0.133822	-0.175936	-0.161898	-0.150912
0.303100	-0.154574	-0.181735	-0.149691	-0.174716	-0.150301	-0.131380	-0.141756	-0.177462	-0.170138	-0.163729
0.303200	-0.159457	-0.190280	-0.153658	-0.181125	-0.164645	-0.137789	-0.153658	-0.187839	-0.184176	-0.168917
0.303300	-0.159152	-0.204624	-0.166781	-0.194552	-0.175326	-0.146639	-0.159457	-0.198520	-0.188754	-0.181125
0.303400	-0.168307	-0.215915	-0.173190	-0.207675	-0.176242	-0.157321	-0.166171	-0.211948	-0.197604	-0.184482
0.303500	-0.178378	-0.226291	-0.182040	-0.212558	-0.191501	-0.171054	-0.176852	-0.213474	-0.201572	-0.196994
0.303600	-0.187228	-0.230564	-0.189975	-0.220493	-0.208591	-0.178378	-0.189059	-0.219272	-0.211948	-0.204929
0.303700	-0.195773	-0.236667	-0.197909	-0.220798	-0.218357	-0.193027	-0.197604	-0.231174	-0.219883	-0.211337
0.303800	-0.208896	-0.240635	-0.203098	-0.226597	-0.233616	-0.204624	-0.205844	-0.246738	-0.229954	-0.222629
0.303900	-0.214389	-0.257115	-0.209201	-0.239719	-0.230564	-0.212863	-0.213779	-0.256199	-0.234226	-0.228122
0.304000	-0.233005	-0.270848	-0.226291	-0.256504	-0.240940	-0.225986	-0.226597	-0.253452	-0.240940	-0.230869
0.304100	-0.243992	-0.271763	-0.233616	-0.254673	-0.240330	-0.231479	-0.245518	-0.253452	-0.257420	-0.243381
0.304200	-0.246128	-0.274205	-0.239414	-0.259251	-0.253758	-0.241245	-0.251316	-0.262608	-0.267186	-0.250706
0.304300	-0.249180	-0.280308	-0.245823	-0.267796	-0.258640	-0.255283	-0.257115	-0.279698	-0.271458	-0.263218
0.304400	-0.254368	-0.295872	-0.258030	-0.266575	-0.277256	-0.262303	-0.264134	-0.294041	-0.282444	-0.264134
0.304500	-0.278172	-0.308690	-0.272679	-0.285801	-0.284276	-0.277562	-0.285801	-0.286717	-0.283970	-0.277256
0.304600	-0.293736	-0.311131	-0.279698	-0.291905	-0.295262	-0.282139	-0.305638	-0.289158	-0.297704	-0.277867
0.304700	-0.293736	-0.306859	-0.288853	-0.298314	-0.292210	-0.294652	-0.310826	-0.291295	-0.298924	-0.287022
0.304800	-0.294347	-0.310216	-0.294041	-0.303197	-0.284581	-0.292515	-0.311131	-0.300450	-0.306859	-0.278477
0.304900	-0.297398	-0.312047	-0.299229	-0.307164	-0.296788	-0.298619	-0.310216	-0.296178	-0.304418	-0.285496
0.305000	-0.312962	-0.312352	-0.304723	-0.313268	-0.302586	-0.291295	-0.323949	-0.292515	-0.311131	-0.291295
0.305100	-0.322728	-0.318456	-0.308385	-0.304112	-0.308995	-0.297093	-0.329137	-0.291905	-0.308385	-0.287022
0.305200	-0.330053	-0.322423	-0.320897	-0.306554	-0.300450	-0.306554	-0.332494	-0.297704	-0.311131	-0.287022
0.305300	-0.319982	-0.326390	-0.322728	-0.306859	-0.305943	-0.310216	-0.330358	-0.293736	-0.306249	-0.285191
0.305400	-0.331884	-0.334325	-0.332494	-0.329442	-0.308995	-0.305333	-0.325780	-0.291905	-0.305333	-0.289158
0.305500	-0.341955	-0.339818	-0.328222	-0.328222	-0.321508	-0.301061	-0.330663	-0.296788	-0.313268	-0.287327
0.305600	-0.343175	-0.335851	-0.338598	-0.333105	-0.319371	-0.304723	-0.338598	-0.288853	-0.312657	-0.292821
0.305700	-0.345922	-0.340734	-0.345617	-0.328832	-0.322728	-0.312352	-0.340734	-0.301061	-0.319066	-0.289464
0.305800	-0.338598	-0.339208	-0.355077	-0.331884	-0.324865	-0.321813	-0.337377	-0.303197	-0.309911	-0.300450
0.305900	-0.353552	-0.334325	-0.351110	-0.337682	-0.330663	-0.321508	-0.341649	-0.307775	-0.306554	-0.293736
0.306000	-0.359960	-0.338598	-0.352636	-0.338292	-0.342565	-0.316014	-0.341039	-0.304418	-0.302892	-0.293736
0.306100	-0.368505	-0.344396	-0.356298	-0.345922	-0.340429	-0.312657	-0.341649	-0.304723	-0.306859	-0.298314
0.306200	-0.363012	-0.349889	-0.361181	-0.335546	-0.343786	-0.321202	-0.332799	-0.298924	-0.312047	-0.294957
0.306300	-0.362707	-0.348058	-0.369421	-0.340734	-0.329442	-0.325780	-0.331579	-0.297093	-0.314794	-0.298009
0.306400	-0.354162	-0.345617	-0.358129	-0.333410	-0.333410	-0.320897	-0.327916	-0.306859	-0.308690	-0.296178
0.306500	-0.353857	-0.344701	-0.349889	-0.337682	-0.337682	-0.316930	-0.332799	-0.308690	-0.305333	-0.294041
0.306600	-0.355383	-0.343481	-0.345312	-0.326390	-0.353857	-0.324254	-0.330358	-0.314183	-0.305943	-0.286717
0.306700	-0.353857	-0.342260	-0.359350	-0.331884	-0.351415	-0.328527	-0.333410	-0.301976	-0.305943	-0.295872
0.306800	-0.351415	-0.335241	-0.355688	-0.328832	-0.350500	-0.326085	-0.332494	-0.312962	-0.307164	-0.298009
0.306900	-0.345312	-0.333715	-0.345312	-0.327306	-0.348058	-0.330053	-0.337987	-0.310826	-0.298314	-0.312962
0.307000	-0.338292	-0.333105	-0.337987	-0.319066	-0.346532	-0.334630	-0.334325	-0.306249	-0.293431	-0.309606
0.307100	-0.334325	-0.330663	-0.341344	-0.314794	-0.345922	-0.332799	-0.322728	-0.294957	-0.285191	-0.302892
0.307200	-0.330663	-0.322728	-0.334325	-0.313573	-0.337987	-0.328527	-0.307469	-0.287633	-0.281224	-0.291905
0.307300	-0.329137	-0.310216	-0.330358	-0.303807	-0.330663	-0.324559	-0.303502	-0.281834	-0.283055	-0.280308
0.307400	-0.316930	-0.300145	-0.318151	-0.292515	-0.321202	-0.322728	-0.310521	-0.280308	-0.283665	-0.280003
0.307500	-0.305028	-0.293126	-0.311437	-0.284276	-0.320897	-0.323033	-0.305028	-0.275425	-0.271153	-0.283055
0.307600	-0.288853	-0.288243	-0.311131	-0.279393	-0.316930	-0.317235	-0.294652	-0.272373	-0.265354	-0.283665
0.307700	-0.276951	-0.283055	-0.310826	-0.277256	-0.313268	-0.309606	-0.281529	-0.260166	-0.260777	-0.271458
0.307800	-0.283055	-0.269322	-0.294957	-0.270848	-0.298924	-0.298924	-0.274510	-0.256199	-0.256809	-0.258335
0.307900	-0.278782	-0.260166	-0.282750	-0.251011	-0.287938	-0.301976	-0.272373	-0.249180	-0.254673	-0.255589
0.308000	-0.279698	-0.251926	-0.283665	-0.247959	-0.282139	-0.305028	-0.280003	-0.249790	-0.249790	-0.269627
0.308100	-0.261082	-0.249180	-0.283970	-0.245212	-0.282750	-0.300755	-0.272679	-0.238193	-0.241245	-0.270237
0.308200	-0.254063	-0.237583	-0.281224	-0.247654	-0.270543	-0.288243	-0.266575	-0.234226	-0.234226	-0.260777
0.308300	-0.249180	-0.233310	-0.267186	-0.237888	-0.272373	-0.281529	-0.261387	-0.227817	-0.230869	-0.242161
0.308400	-0.257115	-0.234226	-0.263829	-0.235447	-0.258335	-0.273899	-0.255589	-0.225071	-0.233310	-0.230564
0.308500	-0.237888	-0.229343	-0.260777	-0.227817	-0.252232	-0.271763	-0.254673	-0.212863	-0.224460	-0.226597
0.308600	-0.229343	-0.217136	-0.257115	-0.227207	-0.236057	-0.261082	-0.247349	-0.214389	-0.221714	-0.232090
0.308700	-0.218662	-0.207675	-0.248875	-0.216526	-0.230259	-0.254673	-0.242161	-0.216220	-0.216831	-0.229343
0.308800	-0.216220	-0.199435	-0.247654	-0.218357	-0.224155	-0.245518	-0.236057	-0.213169	-0.208286	-0.216831
0.308900	-0.222324	-0.197299	-0.237888	-0.209201	-0.230564	-0.242771	-0.233616	-0.211337	-0.208896	-0.203098
0.309000	-0.217441	-0.200351	-0.240024	-0.210727	-0.226291	-0.243687	-0.228733	-0.207981	-0.210117	-0.200656
0.309100	-0.212558	-0.191195	-0.237888	-0.212558	-0.214389	-0.240024	-0.218051	-0.205844	-0.207981	-0.205234
0.309200	-0.204929	-0.185397	-0.231479	-0.207981	-0.209201	-0.225071	-0.208896	-0.207065	-0.205539	-0.206455
0.309300	-0.202182	-0.184482	-0.230869	-0.205234	-0.204929	-0.222019	-0.207370	-0.204624	-0.198520	-0.205539
0.309400	-0.201877	-0.180514	-0.224155	-0.205539	-0.201266	-0.213169	-0.202792	-0.199741	-0.194858	-0.202182
0.309500	-0.196689	-0.180209	-0.212863	-0.197299	-0.203098	-0.205234	-0.200961	-0.184176	-0.187839	-0.193942
0.309600	-0.188144	-0.168917	-0.204624	-0.186007	-0.182040	-0.192721	-0.191501	-0.179293	-0.183871	-0.185702
0.309700	-0.168002	-0.158846	-0.187533	-0.172274	-0.174716	-0.182345	-0.181125	-0.191806	-0.174105	-0.184176
0.309800	-0.152743	-0.157321	-0.183566	-0.172579	-0.176242	-0.178073	-0.163119	-0.187228	-0.160678	-0.179599
0.309900	-0.157931	-0.158236	-0.171054	-0.168917	-0.165255	-0.168002	-0.156710	-0.179599	-0.155184	-0.175936
0.310000	-0.148165	-0.153353	-0.161288	-0.161288	-0.157015	-0.163729	-0.150912	-0.173495	-0.164340	-0.172579
0.310100	-0.141451	-0.143282	-0.156710	-0.150301	-0.158236	-0.173190	-0.149081	-0.171969	-0.164950	-0.173800
0.310200	-0.130160	-0.135042	-0.147250	-0.142367	-0.149996	-0.160678	-0.139010	-0.178683	-0.162814	-0.171054
0.310300	-0.115511	-0.131075	-0.145113	-0.131685	-0.154574	-0.149691	-0.126497	-0.185092	-0.149691	-0.175631
0.310400	-0.117952	-0.132601	-0.125582	-0.136568	-0.157931	-0.144503	-0.125887	-0.170138	-0.146944	-0.182040
0.310500	-0.114900	-0.131991	-0.114900	-0.135653	-0.142367	-0.139010	-0.127413	-0.158236	-0.152438	-0.171359
0.310600	-0.110018	-0.121614	-0.121614	-0.130770	-0.128328	-0.142977	-0.124666	-0.153048	-0.149081	-0.164950
0.310700	-0.098116	-0.115511	-0.114900	-0.121309	-0.126803	-0.142672	-0.123445	-0.160983	-0.148165	-0.161288
0.310800	-0.089876	-0.112154	-0.109712	-0.117647	-0.121614	-0.139315	-0.112154	-0.156710	-0.135348	-0.167086
0.310900	-0.085298	-0.108492	-0.102083	-0.116121	-0.124666	-0.131991	-0.110628	-0.151522	-0.129549	-0.170748
0.311000	-0.085603	-0.105135	-0.094148	-0.111849	-0.114595	-0.128328	-0.115206	-0.150607	-0.136873	-0.166781
0.311100	-0.083467	-0.104830	-0.095369	-0.106661	-0.106661	-0.139315	-0.110323	-0.142062	-0.142062	-0.160983
0.311200	-0.083467	-0.099947	-0.092317	-0.104524	-0.106355	-0.139620	-0.104830	-0.144808	-0.148776	-0.157015
0.311300	-0.079194	-0.101167	-0.093538	-0.109102	-0.115206	-0.136873	-0.095369	-0.146944	-0.150912	-0.152743
0.311400	-0.088655	-0.099947	-0.088655	-0.120089	-0.115816	-0.134127	-0.104219	-0.147250	-0.148470	-0.156100
0.311500	-0.088655	-0.109102	-0.089876	-0.127413	-0.114595	-0.124056	-0.117952	-0.139010	-0.153658	-0.155489
0.311600	-0.094148	-0.104830	-0.099031	-0.129244	-0.102693	-0.131075	-0.117342	-0.136873	-0.143893	-0.153353
0.311700	-0.095369	-0.100252	-0.102693	-0.130160	-0.099031	-0.121309	-0.123140	-0.144503	-0.150912	-0.152438
0.311800	-0.094148	-0.100557	-0.102083	-0.121004	-0.098116	-0.128328	-0.120394	-0.139315	-0.153048	-0.158846
0.311900	-0.099336	-0.108492	-0.098421	-0.125277	-0.093538	-0.127413	-0.122225	-0.139620	-0.149691	-0.157931
0.312000	-0.099031	-0.111849	-0.097810	-0.135653	-0.095369	-0.121004	-0.123445	-0.139010	-0.147250	-0.149691
0.312100	-0.102693	-0.113069	-0.105135	-0.139315	-0.101778	-0.116426	-0.119783	-0.133822	-0.150607	-0.145419
0.312200	-0.114595	-0.113069	-0.109102	-0.141756	-0.099336	-0.112154	-0.121920	-0.136873	-0.148776	-0.141451
0.312300	-0.109407	-0.108187	-0.106355	-0.140841	-0.094148	-0.108492	-0.116732	-0.138705	-0.141451	-0.139620
0.312400	-0.118563	-0.107881	-0.101167	-0.135042	-0.089876	-0.102083	-0.119783	-0.144503	-0.145419	-0.146334
0.312500	-0.106355	-0.119478	-0.097505	-0.132906	-0.098116	-0.100862	-0.118868	-0.136568	-0.146639	-0.144808
0.312600	-0.107576	-0.122225	-0.103609	-0.138705	-0.103609	-0.092622	-0.107576	-0.138705	-0.143893	-0.135042
0.312700	-0.118257	-0.125277	-0.106661	-0.145724	-0.107271	-0.085298	-0.111543	-0.141146	-0.147860	-0.129854
0.312800	-0.124971	-0.132296	-0.109712	-0.152743	-0.100557	-0.099336	-0.121004	-0.141451	-0.145113	-0.136568
0.312900	-0.129854	-0.143282	-0.108492	-0.158236	-0.100862	-0.104219	-0.135958	-0.151217	-0.149996	-0.138705
0.313000	-0.123140	-0.143282	-0.117342	-0.153048	-0.116732	-0.108797	-0.131075	-0.150912	-0.138094	-0.149386
0.313100	-0.123140	-0.143587	-0.121920	-0.153048	-0.125277	-0.096590	-0.134737	-0.149386	-0.142977	-0.153964
0.313200	-0.126497	-0.149081	-0.113680	-0.148776	-0.130465	-0.096895	-0.123140	-0.148470	-0.146944	-0.148470
0.313300	-0.135042	-0.153658	-0.108797	-0.146639	-0.125887	-0.101167	-0.119173	-0.143282	-0.150607	-0.141146
0.313400	-0.139315	-0.165255	-0.100557	-0.151522	-0.114900	-0.104524	-0.120394	-0.148165	-0.154574	-0.139315
0.313500	-0.123140	-0.166171	-0.116426	-0.152438	-0.124361	-0.118257	-0.124971	-0.147250	-0.151217	-0.148165
0.313600	-0.121614	-0.152133	-0.117342	-0.152743	-0.133516	-0.109407	-0.126803	-0.160067	-0.153048	-0.153048
0.313700	-0.122530	-0.162814	-0.121309	-0.149691	-0.143893	-0.107881	-0.124971	-0.160983	-0.143893	-0.144198
0.313800	-0.142367	-0.168917	-0.113375	-0.150607	-0.142367	-0.113375	-0.141451	-0.163119	-0.159152	-0.144808
0.313900	-0.143893	-0.177157	-0.119783	-0.147555	-0.149691	-0.129549	-0.152133	-0.167086	-0.166476	-0.155489
0.314000	-0.144808	-0.183261	-0.132601	-0.159457	-0.155184	-0.150912	-0.158236	-0.167391	-0.171054	-0.167697
0.314100	-0.142672	-0.184787	-0.145419	-0.170748	-0.159152	-0.148165	-0.160067	-0.172579	-0.177768	-0.181430
0.314200	-0.160372	-0.186007	-0.148470	-0.176852	-0.168917	-0.153658	-0.161898	-0.168612	-0.181125	-0.180209
0.314300	-0.174716	-0.190280	-0.146334	-0.178683	-0.170748	-0.163729	-0.178988	-0.175936	-0.192111	-0.180514
0.314400	-0.184176	-0.200046	-0.162814	-0.174716	-0.179599	-0.170443	-0.188144	-0.175936	-0.196078	-0.182345
0.314500	-0.188144	-0.189059	-0.167697	-0.178988	-0.182650	-0.182345	-0.193637	-0.181125	-0.199435	-0.188754
0.314600	-0.179904	-0.196994	-0.176852	-0.182650	-0.188144	-0.179904	-0.192111	-0.189975	-0.200961	-0.190890
0.314700	-0.189059	-0.195468	-0.179904	-0.199435	-0.187228	-0.182345	-0.201877	-0.194247	-0.197299	-0.195468
0.314800	-0.188449	-0.212863	-0.186007	-0.207065	-0.191501	-0.189059	-0.215305	-0.194247	-0.210117	-0.190890
0.314900	-0.205234	-0.213169	-0.187839	-0.213779	-0.193027	-0.205234	-0.218967	-0.186007	-0.206149	-0.193942
0.315000	-0.212558	-0.210422	-0.199130	-0.212253	-0.195773	-0.199435	-0.236057	-0.186007	-0.211337	-0.195163
0.315100	-0.223545	-0.217136	-0.222019	-0.209201	-0.204318	-0.203403	-0.232395	-0.185397	-0.205539	-0.196384
0.315200	-0.235447	-0.224155	-0.223850	-0.216220	-0.212253	-0.204929	-0.243076	-0.195163	-0.209506	-0.201266
0.315300	-0.233005	-0.224155	-0.225681	-0.218967	-0.218051	-0.211643	-0.239109	-0.194858	-0.206455	-0.200046
0.315400	-0.242161	-0.224460	-0.239109	-0.224765	-0.218357	-0.214084	-0.242466	-0.197299	-0.215305	-0.201572
0.315500	-0.246128	-0.237583	-0.239719	-0.231174	-0.224155	-0.212558	-0.241245	-0.193637	-0.222934	-0.197299
0.315600	-0.260472	-0.232395	-0.254063	-0.240024	-0.225986	-0.212558	-0.247044	-0.199435	-0.226597	-0.200961
0.315700	-0.257115	-0.247349	-0.255283	-0.239719	-0.234836	-0.215000	-0.246738	-0.203708	-0.222934	-0.200351
0.315800	-0.254673	-0.243992	-0.262608	-0.238804	-0.230869	-0.215915	-0.245518	-0.206760	-0.212863	-0.203708
0.315900	-0.256504	-0.249180	-0.256809	-0.236667	-0.235142	-0.215305	-0.253758	-0.208286	-0.214389	-0.202792
0.316000	-0.261082	-0.250706	-0.266575	-0.239414	-0.240940	-0.224765	-0.247654	-0.211337	-0.214389	-0.202487
0.316100	-0.270237	-0.263218	-0.272679	-0.249180	-0.247044	-0.229954	-0.256199	-0.218662	-0.225986	-0.204929
0.316200	-0.280308	-0.265354	-0.283055	-0.252537	-0.262303	-0.234531	-0.254368	-0.231174	-0.232395	-0.210727
0.316300	-0.288243	-0.272984	-0.287633	-0.257115	-0.268711	-0.248264	-0.261387	-0.240024	-0.237278	-0.220493
0.316400	-0.284581	-0.279393	-0.286717	-0.257420	-0.281224	-0.246738	-0.259251	-0.240940	-0.242771	-0.217746
0.316500	-0.284581	-0.272373	-0.291600	-0.263523	-0.289464	-0.252842	-0.272679	-0.252232	-0.248875	-0.227207
0.316600	-0.285496	-0.287022	-0.293736	-0.266270	-0.298924	-0.270848	-0.274205	-0.261082	-0.251316	-0.232395
0.316700	-0.298009	-0.290990	-0.304112	-0.271153	-0.301366	-0.280919	-0.282750	-0.271458	-0.258030	-0.240330
0.316800	-0.297398	-0.307469	-0.306554	-0.269322	-0.307775	-0.289769	-0.288243	-0.281529	-0.259861	-0.249790
0.316900	-0.312047	-0.304723	-0.308690	-0.277256	-0.314794	-0.290379	-0.293736	-0.281529	-0.266575	-0.262913
0.317000	-0.309911	-0.311437	-0.311437	-0.289158	-0.322118	-0.297704	-0.301976	-0.287633	-0.268406	-0.268101
0.317100	-0.309911	-0.305638	-0.311742	-0.291600	-0.331579	-0.311131	-0.301671	-0.298619	-0.275730	-0.267186
0.317200	-0.308995	-0.308385	-0.319982	-0.289464	-0.334325	-0.324254	-0.301366	-0.303197	-0.280613	-0.273594
0.317300	-0.314794	-0.312657	-0.317235	-0.287633	-0.333715	-0.330663	-0.312962	-0.294041	-0.282139	-0.282139
0.317400	-0.315099	-0.310826	-0.319982	-0.288243	-0.339513	-0.339513	-0.313573	-0.292821	-0.282444	-0.295262
0.317500	-0.320287	-0.306554	-0.323033	-0.289158	-0.334630	-0.330053	-0.305943	-0.292210	-0.283665	-0.298314
0.317600	-0.313573	-0.301976	-0.315404	-0.288853	-0.330358	-0.323949	-0.305333	-0.295262	-0.287938	-0.298619
0.317700	-0.313268	-0.301366	-0.322423	-0.289158	-0.328527	-0.334630	-0.304418	-0.299840	-0.288853	-0.289769
0.317800	-0.316319	-0.306859	-0.313268	-0.282444	-0.323033	-0.338292	-0.316319	-0.294957	-0.292210	-0.289464
0.317900	-0.312962	-0.293736	-0.319982	-0.282139	-0.313573	-0.337377	-0.323644	-0.281834	-0.278172	-0.294347
0.318000	-0.312657	-0.289158	-0.315709	-0.278477	-0.307469	-0.316014	-0.311437	-0.272679	-0.277256	-0.298009
0.318100	-0.313268	-0.272373	-0.315404	-0.270237	-0.306249	-0.313573	-0.296788	-0.272068	-0.272068	-0.293431
0.318200	-0.306859	-0.272373	-0.307469	-0.265049	-0.302586	-0.310826	-0.296788	-0.277256	-0.287327	-0.278477
0.318300	-0.305943	-0.269932	-0.309911	-0.259251	-0.301366	-0.320592	-0.292821	-0.276646	-0.287327	-0.280919
0.318400	-0.307164	-0.270543	-0.308385	-0.265965	-0.293736	-0.321202	-0.305943	-0.270543	-0.277256	-0.288853
0.318500	-0.307164	-0.267796	-0.305638	-0.265965	-0.287327	-0.307775	-0.290074	-0.265660	-0.270237	-0.284581
0.318600	-0.296178	-0.264744	-0.305028	-0.268406	-0.288243	-0.298314	-0.286107	-0.263523	-0.268406	-0.276951
0.318700	-0.297093	-0.262913	-0.301976	-0.264439	-0.288853	-0.290990	-0.280919	-0.260777	-0.267186	-0.266880
0.318800	-0.299840	-0.253452	-0.292821	-0.263829	-0.274510	-0.290379	-0.280919	-0.263829	-0.268406	-0.265660
0.318900	-0.294652	-0.249485	-0.289769	-0.262913	-0.264134	-0.287938	-0.277256	-0.264439	-0.267796	-0.270543
0.319000	-0.296178	-0.252537	-0.294957	-0.257420	-0.269932	-0.278477	-0.269017	-0.262608	-0.267186	-0.267796
0.319100	-0.292515	-0.243076	-0.295567	-0.256809	-0.274510	-0.280003	-0.259556	-0.264744	-0.258030	-0.263218
0.319200	-0.293736	-0.251011	-0.286717	-0.259556	-0.278477	-0.273899	-0.264439	-0.271763	-0.266880	-0.251316
0.319300	-0.292515	-0.255283	-0.290379	-0.263523	-0.279393	-0.283665	-0.267186	-0.265354	-0.259556	-0.263218
0.319400	-0.295262	-0.255589	-0.281834	-0.269932	-0.268406	-0.278782	-0.266270	-0.260472	-0.256809	-0.274205
0.319500	-0.281834	-0.257420	-0.283360	-0.263218	-0.265965	-0.274815	-0.256199	-0.259251	-0.259861	-0.275120
0.319600	-0.271763	-0.248875	-0.279393	-0.258030	-0.266270	-0.271763	-0.242771	-0.262913	-0.257725	-0.272068
0.319700	-0.267796	-0.241550	-0.265965	-0.249180	-0.256504	-0.262608	-0.232090	-0.261997	-0.251011	-0.262913
0.319800	-0.264744	-0.232090	-0.250401	-0.241550	-0.250706	-0.256504	-0.233310	-0.260777	-0.237888	-0.251926
0.319900	-0.255283	-0.238193	-0.242161	-0.241245	-0.244602	-0.252537	-0.228428	-0.257115	-0.227817	-0.251011
0.320000	-0.240024	-0.236362	-0.235752	-0.237888	-0.254063	-0.250706	-0.219272	-0.254673	-0.230564	-0.248875
0.320100	-0.231174	-0.223545	-0.232395	-0.232395	-0.250401	-0.250401	-0.214084	-0.248569	-0.226597	-0.257115
0.320200	-0.222934	-0.216831	-0.219883	-0.228122	-0.236667	-0.235752	-0.214694	-0.249790	-0.229648	-0.252232
0.320300	-0.213779	-0.217441	-0.215915	-0.218051	-0.230869	-0.229954	-0.205844	-0.247349	-0.226597	-0.246433
0.320400	-0.211948	-0.214694	-0.207981	-0.213779	-0.222629	-0.227512	-0.190585	-0.241550	-0.215915	-0.245518
0.320500	-0.202792	-0.205539	-0.198825	-0.211032	-0.212863	-0.220798	-0.181125	-0.233921	-0.206455	-0.241856
0.320600	-0.193942	-0.195163	-0.189670	-0.205234	-0.202487	-0.216526	-0.180514	-0.220798	-0.200961	-0.238804
0.320700	-0.183261	-0.184482	-0.176852	-0.197909	-0.188449	-0.210727	-0.181125	-0.207675	-0.199741	-0.233921
0.320800	-0.167086	-0.174411	-0.165255	-0.181125	-0.182040	-0.200351	-0.171359	-0.205844	-0.191806	-0.225071
0.320900	-0.152133	-0.166476	-0.158236	-0.177157	-0.175326	-0.190890	-0.152743	-0.200046	-0.189975	-0.218051
0.321000	-0.139925	-0.164645	-0.149081	-0.165866	-0.168307	-0.181430	-0.143587	-0.193942	-0.186313	-0.207981
0.321100	-0.144808	-0.152743	-0.144503	-0.165255	-0.157015	-0.171969	-0.142977	-0.188144	-0.181735	-0.203708
0.321200	-0.142977	-0.146639	-0.135348	-0.157015	-0.139620	-0.165866	-0.148776	-0.168612	-0.174716	-0.203098
0.321300	-0.137484	-0.140536	-0.128023	-0.150301	-0.134737	-0.156405	-0.143282	-0.160678	-0.176852	-0.194552
0.321400	-0.126803	-0.125277	-0.124971	-0.145113	-0.129549	-0.154879	-0.124666	-0.157321	-0.171359	-0.187839
0.321500	-0.122225	-0.122225	-0.118868	-0.146639	-0.117342	-0.140841	-0.121004	-0.157015	-0.170748	-0.175936
0.321600	-0.112459	-0.128328	-0.121614	-0.142977	-0.113680	-0.137789	-0.125887	-0.147860	-0.164340	-0.175326
0.321700	-0.112764	-0.126497	-0.120394	-0.145419	-0.098421	-0.125277	-0.129244	-0.138094	-0.156100	-0.172274
0.321800	-0.107271	-0.111849	-0.105135	-0.131380	-0.093233	-0.108492	-0.118868	-0.123445	-0.143282	-0.158541
0.321900	-0.095979	-0.091096	-0.098116	-0.130160	-0.070954	-0.094453	-0.103914	-0.113375	-0.130770	-0.151217
0.322000	-0.081025	-0.088655	-0.091096	-0.118563	-0.067597	-0.091402	-0.095369	-0.117952	-0.130770	-0.132906
0.322100	-0.079194	-0.094453	-0.087129	-0.116732	-0.069734	-0.098421	-0.101167	-0.117952	-0.132906	-0.130770
0.322200	-0.083772	-0.095674	-0.085908	-0.118868	-0.072175	-0.099336	-0.101472	-0.110018	-0.127108	-0.120699
0.322300	-0.092317	-0.100557	-0.085603	-0.117952	-0.073396	-0.083772	-0.100252	-0.101778	-0.121614	-0.122530
0.322400	-0.090486	-0.095064	-0.092622	-0.119783	-0.080110	-0.074006	-0.091402	-0.102083	-0.113680	-0.121920
0.322500	-0.079805	-0.098726	-0.087129	-0.122530	-0.071565	-0.063325	-0.092317	-0.101472	-0.110628	-0.110323
0.322600	-0.073701	-0.097200	-0.091402	-0.120394	-0.069734	-0.067292	-0.090181	-0.107576	-0.110628	-0.106966
0.322700	-0.077363	-0.103914	-0.088350	-0.125887	-0.067903	-0.068818	-0.092012	-0.103304	-0.106050	-0.103914
0.322800	-0.077974	-0.102693	-0.083772	-0.123751	-0.077974	-0.068818	-0.094148	-0.100557	-0.099031	-0.103304
0.322900	-0.079500	-0.106355	-0.092012	-0.130160	-0.073091	-0.061799	-0.084077	-0.098421	-0.092317	-0.100557
0.323000	-0.075837	-0.112459	-0.084077	-0.120394	-0.081636	-0.058137	-0.080110	-0.102998	-0.086824	-0.089265
0.323100	-0.071260	-0.109407	-0.081331	-0.118563	-0.079805	-0.061494	-0.079500	-0.103914	-0.084382	-0.088655
0.323200	-0.068818	-0.110628	-0.074006	-0.109712	-0.084077	-0.061494	-0.076753	-0.111849	-0.089265	-0.082551
0.323300	-0.074922	-0.112764	-0.080720	-0.115511	-0.087434	-0.070039	-0.081025	-0.104524	-0.091402	-0.102388
0.323400	-0.078584	-0.121309	-0.084077	-0.121920	-0.084993	-0.066072	-0.091402	-0.102998	-0.094148	-0.103304
0.323500	-0.078889	-0.125277	-0.091096	-0.121920	-0.089570	-0.067597	-0.080720	-0.097810	-0.092622	-0.097505
0.323600	-0.082856	-0.123445	-0.082551	-0.123751	-0.089876	-0.060578	-0.083772	-0.107271	-0.102998	-0.089265
0.323700	-0.071870	-0.122225	-0.081636	-0.113375	-0.094759	-0.067903	-0.079500	-0.110018	-0.104219	-0.086213
0.323800	-0.072175	-0.125582	-0.083467	-0.121004	-0.095979	-0.070954	-0.088350	-0.114290	-0.110018	-0.098116
0.323900	-0.073701	-0.130160	-0.089570	-0.113069	-0.095674	-0.073091	-0.090181	-0.108797	-0.106966	-0.110933
0.324000	-0.089570	-0.131380	-0.099947	-0.123751	-0.092927	-0.073701	-0.096590	-0.107271	-0.107881	-0.106661
0.324100	-0.091096	-0.131380	-0.091707	-0.115206	-0.102388	-0.080415	-0.099031	-0.121920	-0.123751	-0.101778
0.324200	-0.086824	-0.134127	-0.098116	-0.117342	-0.115206	-0.097200	-0.113985	-0.127718	-0.140536	-0.110933
0.324300	-0.098421	-0.141146	-0.102998	-0.125277	-0.119173	-0.113680	-0.129854	-0.138399	-0.150607	-0.123751
0.324400	-0.113985	-0.153658	-0.117342	-0.135958	-0.124361	-0.123445	-0.139925	-0.137789	-0.154574	-0.135348
0.324500	-0.126803	-0.154879	-0.129244	-0.142977	-0.129244	-0.123445	-0.149996	-0.142062	-0.158541	-0.139620
0.324600	-0.127108	-0.151522	-0.139620	-0.144808	-0.141451	-0.128328	-0.152743	-0.142062	-0.167391	-0.138705
0.324700	-0.131991	-0.164034	-0.136568	-0.149996	-0.143282	-0.138094	-0.164034	-0.154574	-0.183261	-0.142062
0.324800	-0.132296	-0.173800	-0.148776	-0.156405	-0.154269	-0.155184	-0.186007	-0.162203	-0.191195	-0.155184
0.324900	-0.154269	-0.175326	-0.161593	-0.178378	-0.150607	-0.159152	-0.201877	-0.162203	-0.193942	-0.163729
0.325000	-0.168002	-0.176852	-0.170748	-0.178378	-0.158541	-0.161898	-0.211337	-0.174411	-0.198825	-0.167697
0.325100	-0.174411	-0.174716	-0.185092	-0.178683	-0.174105	-0.171359	-0.208896	-0.175936	-0.203403	-0.169833
0.325200	-0.179599	-0.185092	-0.188754	-0.176242	-0.196994	-0.176547	-0.213169	-0.193942	-0.210727	-0.166781
0.325300	-0.190585	-0.197909	-0.201572	-0.188144	-0.203708	-0.193332	-0.222934	-0.189364	-0.204929	-0.180514
0.325400	-0.207675	-0.208286	-0.211337	-0.204318	-0.208896	-0.202182	-0.240330	-0.195163	-0.207065	-0.183566
0.325500	-0.217746	-0.211643	-0.225681	-0.221714	-0.212253	-0.212558	-0.252842	-0.190585	-0.209506	-0.193637
0.325600	-0.227207	-0.215305	-0.228428	-0.223240	-0.218051	-0.208896	-0.257115	-0.197604	-0.221103	-0.187839
0.325700	-0.233005	-0.218662	-0.239109	-0.222019	-0.235447	-0.215305	-0.253147	-0.196994	-0.214084	-0.193637
0.325800	-0.247654	-0.228428	-0.242161	-0.227817	-0.233616	-0.215000	-0.247349	-0.208286	-0.217136	-0.191195
0.325900	-0.247349	-0.240635	-0.254368	-0.231479	-0.242161	-0.220798	-0.247044	-0.216526	-0.213474	-0.194858
0.326000	-0.258335	-0.240330	-0.267186	-0.247044	-0.247349	-0.226597	-0.253452	-0.214084	-0.215000	-0.199435
0.326100	-0.263523	-0.244907	-0.266270	-0.243687	-0.261082	-0.233310	-0.261997	-0.222324	-0.219883	-0.197299
0.326200	-0.272679	-0.252232	-0.278172	-0.247959	-0.269627	-0.242161	-0.266880	-0.227817	-0.231174	-0.204624
0.326300	-0.280613	-0.263829	-0.280003	-0.250706	-0.289464	-0.256504	-0.270543	-0.246128	-0.235142	-0.210727
0.326400	-0.294041	-0.280919	-0.288853	-0.265049	-0.298924	-0.271153	-0.277867	-0.260166	-0.245212	-0.226291
0.326500	-0.302892	-0.299535	-0.298314	-0.266575	-0.314794	-0.283360	-0.288853	-0.269322	-0.253147	-0.228428
0.326600	-0.315709	-0.303197	-0.315404	-0.281529	-0.322728	-0.285496	-0.296178	-0.265049	-0.260472	-0.239109
0.326700	-0.327306	-0.299535	-0.313268	-0.283055	-0.325780	-0.287327	-0.300145	-0.269932	-0.261082	-0.244602
0.326800	-0.324559	-0.310826	-0.315099	-0.285801	-0.335241	-0.300450	-0.298924	-0.289769	-0.271458	-0.259861
0.326900	-0.324254	-0.317845	-0.320287	-0.294347	-0.343481	-0.317845	-0.309300	-0.307164	-0.283665	-0.270848
0.327000	-0.336767	-0.326696	-0.326390	-0.305028	-0.349889	-0.332799	-0.317845	-0.310826	-0.294347	-0.280613
0.327100	-0.341649	-0.330663	-0.332799	-0.305028	-0.356603	-0.341955	-0.332494	-0.309911	-0.295872	-0.294347
0.327200	-0.351720	-0.331579	-0.338903	-0.305638	-0.352941	-0.341039	-0.332799	-0.315099	-0.304418	-0.303807
0.327300	-0.351415	-0.336461	-0.334935	-0.296788	-0.365759	-0.350195	-0.332189	-0.324865	-0.309606	-0.309911
0.327400	-0.348058	-0.336461	-0.348363	-0.306554	-0.368811	-0.367590	-0.338292	-0.330053	-0.318151	-0.319066
0.327500	-0.348058	-0.331884	-0.341955	-0.306859	-0.371252	-0.373388	-0.347143	-0.339818	-0.337682	-0.323033
0.327600	-0.357824	-0.340734	-0.340429	-0.316319	-0.365148	-0.379797	-0.354162	-0.333715	-0.340429	-0.336461
0.327700	-0.365454	-0.330663	-0.341649	-0.321813	-0.354772	-0.382544	-0.359655	-0.330663	-0.338598	-0.342260
0.327800	-0.357519	-0.329442	-0.344091	-0.316625	-0.352941	-0.373388	-0.355383	-0.328222	-0.327916	-0.340429
0.327900	-0.349889	-0.319982	-0.343175	-0.305333	-0.350500	-0.366369	-0.351110	-0.321508	-0.325780	-0.330358
0.328000	-0.343481	-0.309606	-0.336461	-0.298314	-0.342260	-0.360876	-0.343481	-0.319982	-0.325170	-0.324559
0.328100	-0.334020	-0.301366	-0.328832	-0.297398	-0.348363	-0.361791	-0.344701	-0.318761	-0.330968	-0.330053
0.328200	-0.340124	-0.301976	-0.328832	-0.299229	-0.335851	-0.366980	-0.345922	-0.311437	-0.319982	-0.335546
0.328300	-0.339208	-0.298924	-0.324254	-0.293126	-0.338598	-0.359045	-0.344091	-0.303197	-0.314183	-0.325780
0.328400	-0.340124	-0.286717	-0.324559	-0.289769	-0.329442	-0.351110	-0.334630	-0.291600	-0.303502	-0.315709
0.328500	-0.334020	-0.276036	-0.318761	-0.283055	-0.314488	-0.341344	-0.323644	-0.290379	-0.301366	-0.300450
0.328600	-0.327306	-0.281224	-0.308385	-0.276036	-0.313573	-0.337682	-0.319066	-0.297093	-0.299229	-0.289464
0.328700	-0.329442	-0.283360	-0.314488	-0.279698	-0.312657	-0.339513	-0.315404	-0.285801	-0.287327	-0.299229
0.328800	-0.329442	-0.272068	-0.318151	-0.288548	-0.307164	-0.330053	-0.314794	-0.277562	-0.272679	-0.297398
0.328900	-0.321202	-0.268101	-0.312657	-0.290990	-0.298009	-0.311131	-0.299535	-0.263218	-0.264439	-0.287327
0.329000	-0.313573	-0.252842	-0.295567	-0.282139	-0.285801	-0.295872	-0.280613	-0.263218	-0.261997	-0.269627
0.329100	-0.301366	-0.253452	-0.289158	-0.275425	-0.285801	-0.296788	-0.273594	-0.264744	-0.251621	-0.262608
0.329200	-0.298924	-0.255589	-0.294652	-0.271153	-0.284581	-0.293736	-0.268406	-0.259251	-0.236057	-0.259556
0.329300	-0.303197	-0.248875	-0.291905	-0.271153	-0.272373	-0.285191	-0.262608	-0.245518	-0.225986	-0.262608
0.329400	-0.299840	-0.246738	-0.285191	-0.264439	-0.269017	-0.277867	-0.246738	-0.240024	-0.219577	-0.255283
0.329500	-0.288853	-0.237583	-0.277867	-0.259556	-0.262913	-0.265354	-0.228428	-0.234226	-0.219272	-0.249180
0.329600	-0.275425	-0.233616	-0.262608	-0.250706	-0.254063	-0.254978	-0.218051	-0.236057	-0.213474	-0.236667
0.329700	-0.252537	-0.239109	-0.251316	-0.241245	-0.251316	-0.255589	-0.214084	-0.231785	-0.207981	-0.232090
0.329800	-0.246433	-0.229038	-0.251011	-0.239414	-0.233005	-0.239719	-0.212253	-0.222019	-0.200351	-0.239109
0.329900	-0.239414	-0.224765	-0.236667	-0.235447	-0.215915	-0.225376	-0.194858	-0.214389	-0.190890	-0.231174
0.330000	-0.225986	-0.219883	-0.226597	-0.216526	-0.210422	-0.218051	-0.178073	-0.208286	-0.178378	-0.218051
0.330100	-0.213169	-0.200656	-0.216220	-0.205844	-0.198825	-0.201877	-0.161898	-0.214084	-0.182345	-0.214084
0.330200	-0.188449	-0.189364	-0.201877	-0.193637	-0.200656	-0.200351	-0.157321	-0.212253	-0.172579	-0.209506
0.330300	-0.193942	-0.187228	-0.186007	-0.195163	-0.189975	-0.193942	-0.157931	-0.208286	-0.172274	-0.208591
0.330400	-0.178988	-0.183871	-0.170138	-0.181430	-0.178683	-0.188144	-0.153048	-0.199741	-0.169833	-0.204929
0.330500	-0.168002	-0.177462	-0.166476	-0.172885	-0.169833	-0.185397	-0.140841	-0.189364	-0.161593	-0.197909
0.330600	-0.155795	-0.167086	-0.148470	-0.160678	-0.159762	-0.174105	-0.132906	-0.188754	-0.165866	-0.193027
0.330700	-0.143282	-0.154879	-0.143587	-0.149691	-0.158846	-0.171359	-0.120699	-0.194247	-0.165866	-0.190280
0.330800	-0.134737	-0.148470	-0.137179	-0.146334	-0.149386	-0.173190	-0.121309	-0.185702	-0.164645	-0.199435
0.330900	-0.135348	-0.150301	-0.126803	-0.149996	-0.132296	-0.159152	-0.129244	-0.175326	-0.164950	-0.194247
0.331000	-0.128939	-0.137179	-0.119173	-0.143893	-0.116732	-0.147555	-0.118257	-0.151522	-0.153353	-0.177157
0.331100	-0.113985	-0.125582	-0.107881	-0.125582	-0.102693	-0.124666	-0.114290	-0.151217	-0.154574	-0.165255
0.331200	-0.098116	-0.113375	-0.100557	-0.115206	-0.097200	-0.119173	-0.102998	-0.145113	-0.146944	-0.156405
0.331300	-0.095064	-0.102083	-0.082551	-0.109407	-0.086213	-0.114290	-0.095674	-0.141451	-0.145724	-0.147860
0.331400	-0.085603	-0.096895	-0.089876	-0.109407	-0.090791	-0.112154	-0.093538	-0.134737	-0.139925	-0.148165
0.331500	-0.086213	-0.092317	-0.092317	-0.116732	-0.071870	-0.111543	-0.096590	-0.119478	-0.131685	-0.152133
0.331600	-0.067292	-0.087739	-0.077974	-0.106661	-0.074617	-0.095369	-0.095979	-0.118563	-0.131991	-0.132906
0.331700	-0.060884	-0.083467	-0.079500	-0.097200	-0.073091	-0.091096	-0.085298	-0.112459	-0.133211	-0.127413
0.331800	-0.063935	-0.084688	-0.069123	-0.097810	-0.068818	-0.084993	-0.079194	-0.111543	-0.131075	-0.121309
0.331900	-0.057221	-0.088960	-0.064240	-0.106050	-0.058747	-0.081941	-0.080415	-0.094759	-0.118868	-0.125887
0.332000	-0.062409	-0.086213	-0.077974	-0.107271	-0.048676	-0.077668	-0.084688	-0.096284	-0.109712	-0.116732
0.332100	-0.056001	-0.073091	-0.078584	-0.099947	-0.045624	-0.069123	-0.083162	-0.088960	-0.098421	-0.109407
0.332200	-0.061494	-0.063020	-0.078889	-0.094759	-0.043793	-0.052644	-0.072175	-0.088350	-0.097810	-0.098421
0.332300	-0.056916	-0.067903	-0.064240	-0.093233	-0.048676	-0.037995	-0.059663	-0.088655	-0.102083	-0.086213
0.332400	-0.059358	-0.069123	-0.066682	-0.102083	-0.047761	-0.042878	-0.056306	-0.088350	-0.102388	-0.089876
0.332500	-0.058747	-0.077668	-0.066377	-0.113985	-0.050813	-0.050813	-0.062715	-0.086213	-0.098116	-0.092317
0.332600	-0.061494	-0.089570	-0.068208	-0.111543	-0.043793	-0.053559	-0.068818	-0.089876	-0.094453	-0.097505
0.332700	-0.065766	-0.093233	-0.076753	-0.111543	-0.051423	-0.050202	-0.075837	-0.097810	-0.099947	-0.091707
0.332800	-0.063325	-0.098116	-0.073091	-0.109407	-0.065461	-0.048066	-0.067292	-0.101778	-0.101167	-0.094759
0.332900	-0.070344	-0.101472	-0.071565	-0.116121	-0.071260	-0.051728	-0.069429	-0.108797	-0.113680	-0.102998
0.333000	-0.074006	-0.116426	-0.073396	-0.119173	-0.074922	-0.063020	-0.078889	-0.115816	-0.117952	-0.110628
0.333100	-0.080415	-0.118257	-0.096590	-0.130770	-0.081941	-0.065156	-0.089570	-0.125887	-0.122530	-0.117952
0.333200	-0.083772	-0.123140	-0.098726	-0.132601	-0.080110	-0.055695	-0.085603	-0.120089	-0.112154	-0.119783
0.333300	-0.082551	-0.124971	-0.095369	-0.121004	-0.086213	-0.057832	-0.083467	-0.120699	-0.109712	-0.119478
0.333400	-0.078889	-0.124056	-0.090181	-0.115511	-0.087129	-0.056001	-0.085908	-0.128023	-0.121309	-0.120089
0.333500	-0.085298	-0.124056	-0.095674	-0.120089	-0.092927	-0.078279	-0.090181	-0.136873	-0.135042	-0.125277
0.333600	-0.088655	-0.132296	-0.100252	-0.126192	-0.107881	-0.091707	-0.104524	-0.142977	-0.146334	-0.136568
0.333700	-0.101472	-0.145113	-0.109102	-0.136568	-0.119173	-0.107576	-0.104830	-0.151217	-0.152133	-0.143893
0.333800	-0.101472	-0.151522	-0.102388	-0.135653	-0.117647	-0.104830	-0.114595	-0.155489	-0.160983	-0.149081
0.333900	-0.103609	-0.153964	-0.113680	-0.133516	-0.117342	-0.113985	-0.126192	-0.158236	-0.161288	-0.153353
0.334000	-0.106966	-0.154574	-0.106050	-0.135653	-0.129549	-0.121309	-0.146639	-0.174716	-0.170443	-0.161288
0.334100	-0.110628	-0.165866	-0.124361	-0.142672	-0.144198	-0.135653	-0.156100	-0.179904	-0.179293	-0.166476
0.334200	-0.130770	-0.171054	-0.135653	-0.154574	-0.160372	-0.153048	-0.174105	-0.187839	-0.194858	-0.179599
0.334300	-0.135653	-0.179293	-0.146639	-0.162509	-0.168307	-0.164645	-0.182650	-0.180514	-0.198825	-0.184176
0.334400	-0.149691	-0.180209	-0.151217	-0.170748	-0.167391	-0.174716	-0.194247	-0.190280	-0.212253	-0.181735
0.334500	-0.151217	-0.188144	-0.159152	-0.171359	-0.185397	-0.174411	-0.207675	-0.206455	-0.220188	-0.181125
0.334600	-0.169528	-0.194858	-0.166171	-0.179904	-0.193332	-0.183871	-0.220798	-0.210117	-0.226597	-0.198825
0.334700	-0.177768	-0.214694	-0.181735	-0.189670	-0.199130	-0.198825	-0.237278	-0.212253	-0.234226	-0.209506
0.334800	-0.189059	-0.224460	-0.195163	-0.210727	-0.200656	-0.208286	-0.245212	-0.213169	-0.242466	-0.217441
0.334900	-0.197299	-0.220188	-0.203403	-0.218967	-0.211948	-0.222019	-0.254978	-0.220493	-0.247349	-0.210422
0.335000	-0.207370	-0.223240	-0.213169	-0.218662	-0.227207	-0.225681	-0.264134	-0.228428	-0.254978	-0.218662
0.335100	-0.220798	-0.239414	-0.218662	-0.227817	-0.237888	-0.229038	-0.276036	-0.236362	-0.261082	-0.222629
0.335200	-0.243381	-0.243992	-0.242771	-0.247349	-0.240940	-0.235142	-0.283665	-0.233005	-0.263829	-0.238193
0.335300	-0.252232	-0.253452	-0.252232	-0.256199	-0.247349	-0.239719	-0.295262	-0.223240	-0.265660	-0.242771
0.335400	-0.257115	-0.252842	-0.265965	-0.264134	-0.250706	-0.236057	-0.294347	-0.230259	-0.263218	-0.237583
0.335500	-0.261997	-0.260472	-0.275120	-0.265354	-0.266880	-0.236057	-0.284581	-0.234226	-0.260472	-0.232395
0.335600	-0.282444	-0.265965	-0.283055	-0.263829	-0.275425	-0.247654	-0.290074	-0.243687	-0.268101	-0.234226
0.335700	-0.294041	-0.277562	-0.288853	-0.273594	-0.279698	-0.261997	-0.301976	-0.253147	-0.270237	-0.247044
0.335800	-0.305333	-0.283970	-0.295872	-0.286717	-0.280308	-0.265660	-0.304112	-0.242466	-0.266880	-0.252232
0.335900	-0.304418	-0.287633	-0.305638	-0.290990	-0.282750	-0.267796	-0.300450	-0.239414	-0.268101	-0.253758
0.336000	-0.307469	-0.293431	-0.314183	-0.286717	-0.292515	-0.263829	-0.294957	-0.243076	-0.270237	-0.252232
0.336100	-0.313573	-0.298619	-0.313268	-0.287327	-0.298619	-0.265049	-0.294652	-0.251316	-0.272373	-0.243992
0.336200	-0.319371	-0.304723	-0.318761	-0.294347	-0.311437	-0.283665	-0.304112	-0.266880	-0.270543	-0.248264
0.336300	-0.328222	-0.312962	-0.323033	-0.299535	-0.322728	-0.298619	-0.315709	-0.265354	-0.265049	-0.262303
0.336400	-0.335546	-0.310216	-0.332799	-0.304723	-0.322728	-0.299535	-0.321508	-0.261997	-0.260472	-0.269017
0.336500	-0.324865	-0.315099	-0.328832	-0.301366	-0.324254	-0.293736	-0.316930	-0.273594	-0.264439	-0.260777
0.336600	-0.325170	-0.314488	-0.325780	-0.292210	-0.335241	-0.288548	-0.307469	-0.288853	-0.275730	-0.253452
0.336700	-0.327611	-0.315709	-0.322728	-0.288853	-0.340734	-0.298924	-0.309300	-0.296788	-0.283055	-0.260166
0.336800	-0.335241	-0.316319	-0.323949	-0.300450	-0.342260	-0.315709	-0.310826	-0.299840	-0.281834	-0.277562
0.336900	-0.333715	-0.318151	-0.332494	-0.309606	-0.346838	-0.326696	-0.321202	-0.291295	-0.275120	-0.289158
0.337000	-0.326390	-0.320287	-0.334325	-0.303807	-0.347143	-0.324559	-0.326085	-0.291295	-0.280919	-0.286412
0.337100	-0.323339	-0.321508	-0.332799	-0.291600	-0.348974	-0.329748	-0.318151	-0.299229	-0.282139	-0.279393
0.337200	-0.320897	-0.314183	-0.322118	-0.284581	-0.349584	-0.331884	-0.316625	-0.296178	-0.280613	-0.276036
0.337300	-0.318151	-0.308385	-0.316930	-0.285496	-0.349889	-0.331884	-0.313268	-0.299840	-0.288853	-0.285801
0.337400	-0.318151	-0.309911	-0.327306	-0.288853	-0.346227	-0.343175	-0.322728	-0.304723	-0.287938	-0.301061
0.337500	-0.316014	-0.302586	-0.334935	-0.288243	-0.337682	-0.349889	-0.329137	-0.297398	-0.273899	-0.300450
0.337600	-0.312962	-0.295262	-0.328222	-0.287327	-0.336156	-0.342260	-0.326085	-0.294652	-0.270543	-0.285801
0.337700	-0.308995	-0.282750	-0.312352	-0.276646	-0.334020	-0.330663	-0.314794	-0.285496	-0.274815	-0.283360
0.337800	-0.295567	-0.276036	-0.299229	-0.266575	-0.326390	-0.328527	-0.307775	-0.281529	-0.276341	-0.282444
0.337900	-0.295567	-0.277562	-0.299840	-0.265354	-0.317540	-0.344396	-0.298314	-0.272984	-0.277867	-0.280003
0.338000	-0.295872	-0.274205	-0.304723	-0.266575	-0.301671	-0.343786	-0.298619	-0.266575	-0.270848	-0.272068
0.338100	-0.290074	-0.268101	-0.305943	-0.260472	-0.294957	-0.331579	-0.298009	-0.257420	-0.257115	-0.260472
0.338200	-0.295567	-0.263523	-0.304112	-0.258640	-0.283970	-0.317845	-0.285801	-0.236362	-0.246433	-0.253452
0.338300	-0.291905	-0.240635	-0.287022	-0.244907	-0.280003	-0.303502	-0.273899	-0.229954	-0.240024	-0.245212
0.338400	-0.278172	-0.236973	-0.278782	-0.235752	-0.280919	-0.292515	-0.272984	-0.225376	-0.241245	-0.236362
0.338500	-0.276951	-0.236362	-0.281224	-0.236973	-0.264134	-0.295567	-0.270237	-0.216220	-0.229343	-0.240635
0.338600	-0.274510	-0.234836	-0.273594	-0.238193	-0.253758	-0.285496	-0.261387	-0.213779	-0.217746	-0.222019
0.338700	-0.273899	-0.220493	-0.268406	-0.232395	-0.239109	-0.263218	-0.243992	-0.203708	-0.211948	-0.214694
0.338800	-0.263218	-0.211337	-0.258946	-0.225681	-0.227512	-0.249485	-0.230869	-0.205539	-0.205844	-0.203403
0.338900	-0.242771	-0.210727	-0.244907	-0.213779	-0.229343	-0.247654	-0.225071	-0.205234	-0.200351	-0.194858
0.339000	-0.248875	-0.201877	-0.240635	-0.217441	-0.228733	-0.246433	-0.214084	-0.206760	-0.192721	-0.195468
0.339100	-0.246433	-0.204929	-0.243687	-0.217441	-0.229038	-0.237583	-0.210727	-0.196384	-0.187533	-0.194858
0.339200	-0.243076	-0.205539	-0.245518	-0.210727	-0.217746	-0.225376	-0.195773	-0.193942	-0.179904	-0.195468
0.339300	-0.235142	-0.197299	-0.237278	-0.210117	-0.202792	-0.206760	-0.192111	-0.195468	-0.178988	-0.183871
0.339400	-0.223240	-0.191195	-0.219883	-0.197909	-0.197909	-0.195773	-0.182040	-0.188449	-0.167391	-0.178073
0.339500	-0.215305	-0.174105	-0.207370	-0.193942	-0.199741	-0.189364	-0.176242	-0.188754	-0.165560	-0.179904
0.339600	-0.214694	-0.174411	-0.201266	-0.194552	-0.195468	-0.183566	-0.168612	-0.200656	-0.167086	-0.179904
0.339700	-0.208591	-0.170443	-0.200046	-0.187533	-0.194552	-0.183566	-0.158236	-0.193637	-0.159762	-0.189670
0.339800	-0.193637	-0.168612	-0.189975	-0.181430	-0.184787	-0.179293	-0.160983	-0.199435	-0.158236	-0.179293
0.339900	-0.176852	-0.166476	-0.178683	-0.172274	-0.185702	-0.179599	-0.150301	-0.194552	-0.158236	-0.177462
0.340000	-0.170138	-0.160678	-0.166781	-0.164950	-0.179599	-0.178988	-0.149081	-0.200046	-0.161898	-0.175631
0.340100	-0.170748	-0.160372	-0.158846	-0.160372	-0.185092	-0.177462	-0.138399	-0.207065	-0.165560	-0.187228
0.340200	-0.165255	-0.158236	-0.161593	-0.164950	-0.175936	-0.188144	-0.138094	-0.202792	-0.164340	-0.203708
0.340300	-0.160983	-0.158541	-0.156710	-0.160678	-0.168612	-0.183871	-0.141756	-0.210422	-0.158236	-0.195773
0.340400	-0.157321	-0.154269	-0.154574	-0.160372	-0.165866	-0.186923	-0.139010	-0.193637	-0.152743	-0.190585
0.340500	-0.152133	-0.142977	-0.139925	-0.146334	-0.172885	-0.172885	-0.135348	-0.189059	-0.158846	-0.185092
0.340600	-0.139315	-0.142977	-0.133211	-0.142672	-0.169528	-0.172579	-0.133516	-0.189670	-0.158846	-0.192721
0.340700	-0.143587	-0.140841	-0.123445	-0.144808	-0.150301	-0.174105	-0.138705	-0.188144	-0.158846	-0.196078
0.340800	-0.133211	-0.139010	-0.122530	-0.144808	-0.143893	-0.176852	-0.136263	-0.174411	-0.151522	-0.186313
0.340900	-0.127718	-0.126497	-0.123140	-0.141756	-0.133211	-0.172274	-0.125277	-0.175326	-0.159457	-0.186007
0.341000	-0.117647	-0.122225	-0.116426	-0.132906	-0.139010	-0.164034	-0.119173	-0.173495	-0.162814	-0.166781
0.341100	-0.113069	-0.121614	-0.116732	-0.130770	-0.130465	-0.161593	-0.114595	-0.172274	-0.157015	-0.171969
0.341200	-0.108187	-0.124971	-0.109407	-0.124056	-0.120394	-0.156710	-0.119783	-0.163729	-0.154879	-0.178988
0.341300	-0.111849	-0.124971	-0.108187	-0.130160	-0.106355	-0.156710	-0.118868	-0.152438	-0.150912	-0.180514
0.341400	-0.109407	-0.123751	-0.112154	-0.128939	-0.107881	-0.141146	-0.118257	-0.148776	-0.156405	-0.171054
0.341500	-0.108492	-0.118257	-0.109407	-0.131685	-0.104830	-0.132906	-0.111543	-0.140841	-0.156710	-0.163119
0.341600	-0.108492	-0.120089	-0.095064	-0.129854	-0.102388	-0.124971	-0.117342	-0.154269	-0.165866	-0.153658
0.341700	-0.102083	-0.115816	-0.094759	-0.131380	-0.100557	-0.124666	-0.123140	-0.149691	-0.161898	-0.154269
0.341800	-0.112459	-0.123751	-0.098726	-0.135958	-0.101778	-0.120089	-0.129244	-0.149081	-0.171054	-0.152438
0.341900	-0.109102	-0.127718	-0.107271	-0.142062	-0.108187	-0.118563	-0.127718	-0.147555	-0.172274	-0.165560
0.342000	-0.112764	-0.138399	-0.113375	-0.149386	-0.106661	-0.118563	-0.126803	-0.160983	-0.184176	-0.164034
0.342100	-0.125277	-0.141756	-0.117647	-0.151522	-0.111543	-0.124666	-0.131685	-0.166476	-0.183871	-0.167391
0.342200	-0.139620	-0.152438	-0.124666	-0.164340	-0.108492	-0.126803	-0.139620	-0.173495	-0.188754	-0.170138
0.342300	-0.141756	-0.152743	-0.133211	-0.173190	-0.116732	-0.132296	-0.143587	-0.177157	-0.187839	-0.180209
0.342400	-0.149996	-0.159152	-0.145113	-0.189364	-0.124666	-0.132296	-0.145419	-0.186923	-0.201877	-0.177462
0.342500	-0.161593	-0.179904	-0.145724	-0.191195	-0.139315	-0.135653	-0.149081	-0.193027	-0.199130	-0.182956
0.342600	-0.172274	-0.188144	-0.156710	-0.206760	-0.145724	-0.131380	-0.158846	-0.195773	-0.201877	-0.193027
0.342700	-0.178073	-0.196384	-0.156710	-0.204929	-0.139315	-0.132296	-0.163729	-0.194552	-0.202487	-0.191195
0.342800	-0.176547	-0.184787	-0.162814	-0.209506	-0.148776	-0.133822	-0.176242	-0.195163	-0.202182	-0.194552
0.342900	-0.171359	-0.193942	-0.164950	-0.213169	-0.162814	-0.148165	-0.176547	-0.202182	-0.197909	-0.194858
0.343000	-0.184176	-0.208286	-0.169833	-0.223545	-0.167697	-0.162203	-0.176547	-0.208896	-0.200656	-0.196384
0.343100	-0.183261	-0.221714	-0.165560	-0.230869	-0.178988	-0.163729	-0.176852	-0.208591	-0.203098	-0.193942
0.343200	-0.187839	-0.228428	-0.182040	-0.229648	-0.183566	-0.161898	-0.181735	-0.216831	-0.210422	-0.205234
0.343300	-0.188754	-0.237888	-0.190280	-0.228428	-0.192111	-0.167697	-0.185397	-0.219883	-0.204929	-0.217441
0.343400	-0.199741	-0.245212	-0.197299	-0.238193	-0.199435	-0.172579	-0.196994	-0.222629	-0.207981	-0.219272
0.343500	-0.202487	-0.246738	-0.192721	-0.243992	-0.212253	-0.185092	-0.199741	-0.227817	-0.207065	-0.219272
0.343600	-0.210727	-0.252232	-0.195163	-0.254063	-0.218051	-0.188144	-0.210422	-0.233005	-0.208591	-0.218662
0.343700	-0.214084	-0.259861	-0.205234	-0.250706	-0.222324	-0.190585	-0.206149	-0.232395	-0.216220	-0.215305
0.343800	-0.216831	-0.254368	-0.213474	-0.249790	-0.219883	-0.199435	-0.211337	-0.230869	-0.220188	-0.220493
0.343900	-0.213169	-0.263829	-0.212863	-0.247349	-0.222934	-0.204929	-0.218357	-0.231785	-0.220493	-0.217441
0.344000	-0.213779	-0.268101	-0.222019	-0.250401	-0.223545	-0.207675	-0.227207	-0.236973	-0.229648	-0.230869
0.344100	-0.208591	-0.270848	-0.225376	-0.245518	-0.227817	-0.212253	-0.233310	-0.236973	-0.230564	-0.237583
0.344200	-0.218662	-0.273899	-0.223545	-0.249485	-0.225986	-0.207065	-0.239109	-0.231174	-0.235447	-0.238193
0.344300	-0.226291	-0.270543	-0.230564	-0.246433	-0.225376	-0.208591	-0.238193	-0.213779	-0.236973	-0.232090
0.344400	-0.232090	-0.273594	-0.233310	-0.247044	-0.227512	-0.216220	-0.241550	-0.219883	-0.240940	-0.229343
0.344500	-0.230259	-0.266880	-0.235142	-0.253147	-0.233005	-0.220188	-0.243076	-0.232090	-0.251316	-0.235447
0.344600	-0.234836	-0.265660	-0.234836	-0.261387	-0.234226	-0.222629	-0.253147	-0.237583	-0.261082	-0.245823
0.344700	-0.239719	-0.269322	-0.241245	-0.259556	-0.235752	-0.228733	-0.257420	-0.235447	-0.271458	-0.243076
0.344800	-0.243687	-0.275730	-0.244602	-0.257725	-0.245823	-0.233616	-0.268101	-0.234531	-0.274815	-0.246128
0.344900	-0.248875	-0.272679	-0.251926	-0.263523	-0.245518	-0.231174	-0.281834	-0.229954	-0.274815	-0.251011
0.345000	-0.260472	-0.271458	-0.251926	-0.260166	-0.240330	-0.237888	-0.291295	-0.232090	-0.275120	-0.254368
0.345100	-0.261997	-0.266575	-0.260777	-0.259861	-0.241245	-0.241245	-0.294041	-0.233310	-0.275730	-0.260166
0.345200	-0.259861	-0.265965	-0.265660	-0.260166	-0.244602	-0.251011	-0.297093	-0.233616	-0.276951	-0.258640
0.345300	-0.260777	-0.263523	-0.269932	-0.263523	-0.245518	-0.254673	-0.289464	-0.240024	-0.275425	-0.249485
0.345400	-0.271763	-0.264439	-0.277562	-0.262608	-0.256199	-0.252842	-0.288548	-0.235447	-0.269932	-0.247044
0.345500	-0.278172	-0.265660	-0.284276	-0.260166	-0.256504	-0.241550	-0.293431	-0.229954	-0.271458	-0.244907
0.345600	-0.281529	-0.265965	-0.281529	-0.263829	-0.260777	-0.244907	-0.292515	-0.223240	-0.265049	-0.253147
0.345700	-0.288853	-0.265660	-0.278172	-0.272984	-0.265965	-0.247654	-0.288548	-0.216831	-0.256809	-0.246128
0.345800	-0.282750	-0.265965	-0.287938	-0.272984	-0.268406	-0.255589	-0.280613	-0.229954	-0.260777	-0.237583
0.345900	-0.275120	-0.265354	-0.294652	-0.272984	-0.271763	-0.252537	-0.280308	-0.238804	-0.257420	-0.230564
0.346000	-0.277562	-0.265965	-0.298314	-0.276951	-0.271153	-0.254978	-0.289464	-0.233616	-0.251316	-0.230564
0.346100	-0.283360	-0.275425	-0.297704	-0.266270	-0.274815	-0.258030	-0.285801	-0.235142	-0.243076	-0.231174
0.346200	-0.284581	-0.272679	-0.299840	-0.262303	-0.276036	-0.262913	-0.281224	-0.229343	-0.227512	-0.233005
0.346300	-0.283970	-0.264744	-0.291600	-0.268406	-0.276951	-0.253758	-0.284581	-0.227512	-0.225376	-0.228122
0.346400	-0.277867	-0.259556	-0.296178	-0.266575	-0.282750	-0.255283	-0.275425	-0.223850	-0.223240	-0.227207
0.346500	-0.272679	-0.258030	-0.289158	-0.262608	-0.285191	-0.252232	-0.264744	-0.226291	-0.218051	-0.213474
0.346600	-0.266575	-0.256504	-0.284276	-0.248875	-0.280003	-0.252537	-0.256809	-0.226291	-0.215305	-0.212253
0.346700	-0.261082	-0.247349	-0.280919	-0.242161	-0.277867	-0.257725	-0.251621	-0.218662	-0.201266	-0.215305
0.346800	-0.249790	-0.241550	-0.269627	-0.241245	-0.270237	-0.247959	-0.249485	-0.208591	-0.196689	-0.220798
0.346900	-0.249180	-0.237583	-0.267186	-0.235142	-0.274815	-0.243381	-0.240024	-0.211337	-0.195773	-0.208896
0.347000	-0.237583	-0.230564	-0.259556	-0.227207	-0.271763	-0.247959	-0.235447	-0.212863	-0.200961	-0.211337
0.347100	-0.229038	-0.227207	-0.250706	-0.217136	-0.265354	-0.248569	-0.236667	-0.210422	-0.194552	-0.216831
0.347200	-0.224765	-0.214389	-0.244907	-0.204318	-0.252842	-0.249485	-0.239109	-0.207370	-0.184787	-0.213169
0.347300	-0.213169	-0.207981	-0.234226	-0.189059	-0.249485	-0.242771	-0.228122	-0.208286	-0.193637	-0.212558
0.347400	-0.209201	-0.198825	-0.229648	-0.183871	-0.247044	-0.247349	-0.215000	-0.196689	-0.193637	-0.213169
0.347500	-0.208286	-0.192721	-0.220493	-0.178683	-0.233921	-0.241245	-0.208591	-0.197299	-0.194858	-0.217441
0.347600	-0.207370	-0.182345	-0.220798	-0.167391	-0.222934	-0.241245	-0.208591	-0.190890	-0.190890	-0.212253
0.347700	-0.208896	-0.174716	-0.208286	-0.164645	-0.216220	-0.235752	-0.218662	-0.180514	-0.188754	-0.206455
0.347800	-0.197604	-0.162203	-0.200351	-0.159152	-0.220798	-0.233921	-0.212253	-0.180209	-0.192111	-0.210422
0.347900	-0.186313	-0.163119	-0.195468	-0.157931	-0.216220	-0.236973	-0.199435	-0.183566	-0.194858	-0.205844
0.348000	-0.182040	-0.160067	-0.194858	-0.149081	-0.215000	-0.236973	-0.199741	-0.183871	-0.207981	-0.200961
0.348100	-0.185092	-0.156710	-0.200351	-0.142977	-0.200961	-0.234531	-0.198825	-0.172579	-0.205234	-0.202487
0.348200	-0.184787	-0.148470	-0.191195	-0.143587	-0.193637	-0.220798	-0.204318	-0.185702	-0.199130	-0.198520
0.348300	-0.183566	-0.141146	-0.197299	-0.144198	-0.197909	-0.227207	-0.206149	-0.187533	-0.203708	-0.193942
0.348400	-0.184482	-0.143587	-0.190890	-0.137484	-0.200351	-0.236057	-0.209201	-0.185397	-0.200046	-0.197299
0.348500	-0.189059	-0.145113	-0.186923	-0.139315	-0.192111	-0.229954	-0.214694	-0.175936	-0.197299	-0.197909
0.348600	-0.196689	-0.146334	-0.189975	-0.149081	-0.186007	-0.223240	-0.210117	-0.178988	-0.194858	-0.192721
0.348700	-0.190890	-0.141451	-0.190890	-0.149996	-0.189364	-0.217136	-0.205539	-0.173800	-0.193942	-0.184787
0.348800	-0.182956	-0.135958	-0.190585	-0.154879	-0.185092	-0.212253	-0.197909	-0.180209	-0.191501	-0.182650
0.348900	-0.180209	-0.139010	-0.187839	-0.151522	-0.189975	-0.216220	-0.193637	-0.185092	-0.182650	-0.175631
0.349000	-0.187533	-0.138094	-0.184787	-0.150912	-0.179293	-0.204624	-0.191195	-0.183261	-0.178683	-0.175326
0.349100	-0.188144	-0.135348	-0.181430	-0.160983	-0.182956	-0.203708	-0.189059	-0.174411	-0.159762	-0.172885
0.349200	-0.180209	-0.139925	-0.181735	-0.165255	-0.182345	-0.197604	-0.176852	-0.168002	-0.146944	-0.168307
0.349300	-0.174411	-0.132601	-0.184176	-0.160067	-0.179293	-0.185397	-0.169528	-0.172274	-0.154574	-0.158541
0.349400	-0.170443	-0.136263	-0.188754	-0.153353	-0.182345	-0.189364	-0.164034	-0.173190	-0.156405	-0.164340
0.349500	-0.181735	-0.144503	-0.182345	-0.156405	-0.184787	-0.183871	-0.162203	-0.185397	-0.158846	-0.156405
0.349600	-0.183871	-0.146639	-0.179904	-0.159762	-0.174716	-0.190585	-0.157931	-0.184176	-0.145419	-0.161288
0.349700	-0.185397	-0.149081	-0.173495	-0.160983	-0.171359	-0.170748	-0.147860	-0.187228	-0.145724	-0.159457
0.349800	-0.175631	-0.144808	-0.179293	-0.159152	-0.170443	-0.166476	-0.140536	-0.178683	-0.140841	-0.164034
0.349900	-0.174105	-0.144198	-0.166171	-0.155795	-0.167697	-0.165560	-0.139315	-0.183566	-0.140841	-0.164950
0.350000	-0.162203	-0.148165	-0.154269	-0.155184	-0.173190	-0.168612	-0.133822	-0.187533	-0.143587	-0.169528
0.350100	-0.157321	-0.149691	-0.152743	-0.161898	-0.167697	-0.161898	-0.129244	-0.193942	-0.153353	-0.178378
0.350200	-0.159762	-0.156100	-0.152133	-0.156100	-0.171054	-0.167697	-0.114900	-0.194858	-0.150301	-0.181735
0.350300	-0.168002	-0.153964	-0.156405	-0.156710	-0.165560	-0.160067	-0.113985	-0.195163	-0.152438	-0.178073
0.350400	-0.164034	-0.155795	-0.145724	-0.144198	-0.162203	-0.155489	-0.118257	-0.198520	-0.157015	-0.174105
0.350500	-0.158541	-0.156405	-0.136873	-0.139620	-0.169833	-0.162203	-0.123751	-0.210117	-0.166476	-0.179904
0.350600	-0.149691	-0.157321	-0.138094	-0.145419	-0.172579	-0.171969	-0.130465	-0.209506	-0.172885	-0.196384
0.350700	-0.154879	-0.157015	-0.141146	-0.158236	-0.171054	-0.178073	-0.127108	-0.210422	-0.186313	-0.212253
0.350800	-0.155184	-0.157931	-0.143893	-0.164340	-0.165866	-0.179293	-0.131991	-0.204929	-0.182956	-0.216831
0.350900	-0.159457	-0.168002	-0.138399	-0.166781	-0.157931	-0.178378	-0.147555	-0.208591	-0.190280	-0.207675
0.351000	-0.148470	-0.169833	-0.138705	-0.160983	-0.153353	-0.182650	-0.150301	-0.215915	-0.195163	-0.211032
0.351100	-0.150301	-0.167697	-0.130465	-0.160372	-0.154269	-0.178683	-0.154269	-0.211643	-0.205844	-0.222934
0.351200	-0.154879	-0.166171	-0.127718	-0.167086	-0.160067	-0.185397	-0.155184	-0.211337	-0.215000	-0.218357
0.351300	-0.156710	-0.168307	-0.130465	-0.166781	-0.160983	-0.187228	-0.160372	-0.209506	-0.212863	-0.219577
0.351400	-0.155795	-0.174105	-0.135348	-0.171054	-0.153658	-0.184176	-0.158236	-0.208591	-0.208896	-0.213474
0.351500	-0.153353	-0.170138	-0.141451	-0.172274	-0.146944	-0.176547	-0.165866	-0.207675	-0.207065	-0.207065
0.351600	-0.157015	-0.163119	-0.144808	-0.174716	-0.147555	-0.175936	-0.173190	-0.201266	-0.201266	-0.199435
0.351700	-0.162509	-0.171664	-0.138094	-0.178378	-0.156405	-0.172579	-0.168917	-0.197909	-0.202487	-0.188144
0.351800	-0.163119	-0.182650	-0.141756	-0.182650	-0.161593	-0.173800	-0.168002	-0.195773	-0.207675	-0.187228
0.351900	-0.168307	-0.191195	-0.149691	-0.193027	-0.153658	-0.169833	-0.171969	-0.197299	-0.209201	-0.190890
0.352000	-0.168307	-0.196384	-0.159762	-0.201266	-0.145724	-0.167391	-0.177462	-0.200656	-0.207981	-0.193332
0.352100	-0.174716	-0.193332	-0.160983	-0.207675	-0.152438	-0.169528	-0.178073	-0.189975	-0.200351	-0.184787
0.352200	-0.184787	-0.190585	-0.161898	-0.213169	-0.153658	-0.165255	-0.175631	-0.186923	-0.195163	-0.176547
0.352300	-0.179904	-0.200046	-0.164340	-0.214694	-0.156100	-0.163729	-0.174411	-0.193027	-0.190585	-0.169833
0.352400	-0.182650	-0.208591	-0.177157	-0.225071	-0.156710	-0.154574	-0.173495	-0.198520	-0.190280	-0.172885
0.352500	-0.191195	-0.210117	-0.185702	-0.233310	-0.153658	-0.146639	-0.170138	-0.193332	-0.188144	-0.171969
0.352600	-0.191501	-0.209506	-0.187839	-0.229954	-0.159457	-0.150301	-0.168307	-0.195163	-0.188449	-0.168002
0.352700	-0.195163	-0.214694	-0.183871	-0.228733	-0.167086	-0.152743	-0.170138	-0.202487	-0.185702	-0.170138
0.352800	-0.195163	-0.222324	-0.186007	-0.237583	-0.169833	-0.147860	-0.172579	-0.208896	-0.194247	-0.177157
0.352900	-0.194552	-0.231174	-0.194247	-0.243687	-0.176547	-0.154269	-0.175326	-0.205844	-0.196994	-0.193942
0.353000	-0.204929	-0.239109	-0.199741	-0.247044	-0.174716	-0.157931	-0.184482	-0.200046	-0.200656	-0.193332
0.353100	-0.207370	-0.242161	-0.198520	-0.240024	-0.178988	-0.155489	-0.187533	-0.202487	-0.193637	-0.191806
0.353200	-0.200656	-0.244602	-0.199435	-0.240024	-0.188754	-0.160372	-0.179293	-0.211337	-0.194247	-0.194552
0.353300	-0.202487	-0.247654	-0.203708	-0.243992	-0.186313	-0.153048	-0.183871	-0.219272	-0.205539	-0.197299
0.353400	-0.196994	-0.254063	-0.201266	-0.235447	-0.195773	-0.157321	-0.185092	-0.225376	-0.209201	-0.208896
0.353500	-0.204929	-0.253147	-0.196078	-0.243381	-0.200046	-0.168307	-0.183261	-0.217746	-0.210422	-0.217136
0.353600	-0.205539	-0.251926	-0.186313	-0.236973	-0.190585	-0.169833	-0.187839	-0.214389	-0.214084	-0.215915
0.353700	-0.203708	-0.254978	-0.202487	-0.234531	-0.196078	-0.167086	-0.199741	-0.224155	-0.213474	-0.222019
0.353800	-0.205539	-0.254978	-0.211643	-0.239414	-0.200351	-0.173800	-0.207981	-0.225986	-0.213779	-0.219883
0.353900	-0.196384	-0.256199	-0.204624	-0.235142	-0.196078	-0.182345	-0.210422	-0.228428	-0.221714	-0.210422
0.354000	-0.196078	-0.254673	-0.201266	-0.221714	-0.199130	-0.188449	-0.206760	-0.219272	-0.225376	-0.216526
0.354100	-0.191806	-0.248569	-0.200351	-0.217746	-0.197604	-0.188449	-0.210727	-0.217746	-0.230869	-0.223240
0.354200	-0.197299	-0.240635	-0.202182	-0.216526	-0.199435	-0.191501	-0.213474	-0.214084	-0.226597	-0.228428
0.354300	-0.197299	-0.237888	-0.198825	-0.212863	-0.190585	-0.188144	-0.219577	-0.205234	-0.230869	-0.223850
0.354400	-0.190890	-0.239109	-0.194552	-0.206760	-0.199435	-0.195163	-0.222019	-0.206455	-0.230869	-0.212863
0.354500	-0.194247	-0.224460	-0.193637	-0.212863	-0.190585	-0.207981	-0.225986	-0.201877	-0.232090	-0.210117
0.354600	-0.190280	-0.215000	-0.194858	-0.208896	-0.201877	-0.205539	-0.230869	-0.196994	-0.230564	-0.208286
0.354700	-0.190280	-0.214389	-0.201877	-0.216831	-0.194552	-0.194247	-0.242466	-0.187228	-0.231785	-0.208286
0.354800	-0.193942	-0.221714	-0.203098	-0.209201	-0.190585	-0.195773	-0.251011	-0.191195	-0.222934	-0.203403
0.354900	-0.199741	-0.217441	-0.205539	-0.211032	-0.194552	-0.203098	-0.248264	-0.183566	-0.219577	-0.195773
0.355000	-0.203403	-0.210422	-0.205539	-0.210117	-0.190280	-0.203403	-0.246128	-0.175936	-0.219577	-0.197604
0.355100	-0.196689	-0.201266	-0.210727	-0.208286	-0.200656	-0.203403	-0.248264	-0.166476	-0.222019	-0.188449
0.355200	-0.203403	-0.197299	-0.213779	-0.207675	-0.198520	-0.195163	-0.243381	-0.164034	-0.211337	-0.178073
0.355300	-0.200961	-0.207370	-0.215305	-0.204929	-0.201877	-0.194858	-0.239109	-0.164645	-0.199435	-0.170748
0.355400	-0.203403	-0.213169	-0.214389	-0.203708	-0.196384	-0.199130	-0.236057	-0.158236	-0.185397	-0.165255
0.355500	-0.208896	-0.207675	-0.225376	-0.218967	-0.204318	-0.196994	-0.242771	-0.158846	-0.185397	-0.164340
0.355600	-0.213169	-0.203403	-0.236057	-0.225376	-0.202487	-0.196384	-0.242466	-0.153048	-0.187533	-0.162203
0.355700	-0.224155	-0.207370	-0.240330	-0.227207	-0.212253	-0.192721	-0.236057	-0.146334	-0.182956	-0.159152
0.355800	-0.228428	-0.219272	-0.245212	-0.221103	-0.216220	-0.192721	-0.233616	-0.149996	-0.178073	-0.152743
0.355900	-0.232090	-0.208286	-0.248569	-0.223240	-0.207370	-0.194247	-0.223850	-0.157015	-0.170748	-0.152133
0.356000	-0.229954	-0.204624	-0.252537	-0.218662	-0.208896	-0.194552	-0.224460	-0.163729	-0.175326	-0.145724
0.356100	-0.230869	-0.208896	-0.253758	-0.219577	-0.215305	-0.193942	-0.220188	-0.158541	-0.179293	-0.153048
0.356200	-0.230259	-0.214694	-0.249790	-0.220798	-0.219577	-0.202182	-0.217441	-0.149996	-0.167086	-0.157321
0.356300	-0.235752	-0.214389	-0.246433	-0.210422	-0.216526	-0.196384	-0.211032	-0.149691	-0.156100	-0.160678
0.356400	-0.236057	-0.213474	-0.245212	-0.208591	-0.214389	-0.194247	-0.204318	-0.164034	-0.153658	-0.158236
0.356500	-0.234836	-0.208591	-0.246128	-0.212863	-0.222019	-0.191501	-0.196994	-0.174716	-0.161593	-0.152743
0.356600	-0.231785	-0.206760	-0.243076	-0.213474	-0.237278	-0.202792	-0.202792	-0.184787	-0.170748	-0.161288
0.356700	-0.233921	-0.218662	-0.236362	-0.207981	-0.243381	-0.214694	-0.207370	-0.193332	-0.181735	-0.169833
0.356800	-0.237278	-0.224460	-0.234531	-0.203708	-0.249790	-0.218357	-0.214389	-0.195773	-0.186923	-0.184176
0.356900	-0.238193	-0.225071	-0.240635	-0.207370	-0.251926	-0.225986	-0.220798	-0.199741	-0.182040	-0.195163
0.357000	-0.240635	-0.207370	-0.241550	-0.203403	-0.250706	-0.225986	-0.226597	-0.205844	-0.188754	-0.200656
0.357100	-0.236667	-0.206149	-0.242771	-0.199741	-0.257115	-0.235752	-0.225986	-0.200351	-0.196384	-0.201877
0.357200	-0.231479	-0.210422	-0.231479	-0.189364	-0.257420	-0.245518	-0.230564	-0.203708	-0.202792	-0.211643
0.357300	-0.229954	-0.214084	-0.229343	-0.185397	-0.253147	-0.247654	-0.228428	-0.204318	-0.200961	-0.216831
0.357400	-0.232395	-0.205844	-0.230869	-0.192721	-0.239719	-0.243381	-0.227207	-0.211948	-0.201877	-0.212558
0.357500	-0.225681	-0.201572	-0.222019	-0.186007	-0.243381	-0.247654	-0.224155	-0.205844	-0.197909	-0.211337
0.357600	-0.215915	-0.194247	-0.211032	-0.182345	-0.253147	-0.255283	-0.227207	-0.203098	-0.197604	-0.215000
0.357700	-0.224155	-0.193637	-0.206760	-0.179293	-0.253452	-0.257725	-0.222934	-0.203403	-0.206455	-0.208591
0.357800	-0.223240	-0.195468	-0.210422	-0.182650	-0.251011	-0.266270	-0.223545	-0.197909	-0.208591	-0.209506
0.357900	-0.222934	-0.194247	-0.223545	-0.194858	-0.245518	-0.264439	-0.233921	-0.194552	-0.212558	-0.211337
0.358000	-0.223240	-0.193942	-0.223850	-0.194247	-0.251926	-0.269017	-0.238804	-0.201266	-0.211337	-0.211643
0.358100	-0.220798	-0.197299	-0.217441	-0.187839	-0.253452	-0.273594	-0.242771	-0.196689	-0.208286	-0.210117
0.358200	-0.225071	-0.197604	-0.214084	-0.184482	-0.247349	-0.266880	-0.242771	-0.197909	-0.211032	-0.210117
0.358300	-0.223545	-0.194552	-0.222629	-0.193332	-0.240940	-0.265354	-0.239414	-0.198825	-0.212558	-0.208286
0.358400	-0.219272	-0.176242	-0.229648	-0.196078	-0.234836	-0.268406	-0.242466	-0.192111	-0.205234	-0.205844
0.358500	-0.215915	-0.176242	-0.233921	-0.186313	-0.233921	-0.262913	-0.235752	-0.193942	-0.195468	-0.200961
0.358600	-0.224765	-0.189364	-0.234531	-0.187839	-0.244907	-0.265354	-0.234226	-0.195163	-0.189364	-0.205539
0.358700	-0.237583	-0.195163	-0.233616	-0.203403	-0.238193	-0.259251	-0.230259	-0.204318	-0.185702	-0.206149
0.358800	-0.230564	-0.194247	-0.234531	-0.220798	-0.233005	-0.251316	-0.228122	-0.205234	-0.193637	-0.200656
0.358900	-0.218662	-0.187839	-0.233921	-0.219883	-0.226291	-0.249485	-0.218051	-0.195468	-0.196384	-0.202182
0.359000	-0.222019	-0.181430	-0.232395	-0.193942	-0.230259	-0.238193	-0.210117	-0.199741	-0.199130	-0.211032
0.359100	-0.230564	-0.189364	-0.225376	-0.183566	-0.231174	-0.233616	-0.203708	-0.211337	-0.194247	-0.207981
0.359200	-0.236973	-0.201877	-0.232090	-0.200046	-0.223545	-0.232395	-0.200961	-0.213474	-0.190280	-0.213474
0.359300	-0.233616	-0.195468	-0.239719	-0.211337	-0.218967	-0.227512	-0.202792	-0.218662	-0.190890	-0.223240
0.359400	-0.224155	-0.188754	-0.234836	-0.214389	-0.218662	-0.228733	-0.197604	-0.212558	-0.192721	-0.222934
0.359500	-0.219883	-0.185397	-0.224155	-0.201877	-0.219883	-0.223545	-0.182040	-0.209506	-0.190585	-0.227512
0.359600	-0.217746	-0.192721	-0.220188	-0.200961	-0.222934	-0.206760	-0.180209	-0.220188	-0.196689	-0.234531
0.359700	-0.218662	-0.205539	-0.217441	-0.204318	-0.222324	-0.210117	-0.185397	-0.241550	-0.202182	-0.236667
0.359800	-0.225071	-0.202792	-0.214084	-0.207370	-0.215000	-0.218967	-0.185092	-0.251621	-0.207675	-0.236667
0.359900	-0.217136	-0.195773	-0.207065	-0.203708	-0.210117	-0.220493	-0.184787	-0.249180	-0.206455	-0.240635
0.360000	-0.215305	-0.191195	-0.196994	-0.194247	-0.220493	-0.228733	-0.176242	-0.251621	-0.212558	-0.253758
0.360100	-0.212863	-0.189059	-0.197604	-0.189975	-0.229648	-0.219577	-0.176547	-0.256199	-0.223240	-0.265354
0.360200	-0.201266	-0.197604	-0.189670	-0.201572	-0.219577	-0.209201	-0.182956	-0.266575	-0.224765	-0.264744
0.360300	-0.191806	-0.206760	-0.186007	-0.200046	-0.210727	-0.219272	-0.185397	-0.270237	-0.216526	-0.263218
0.360400	-0.194552	-0.198520	-0.184482	-0.193942	-0.211337	-0.227207	-0.185092	-0.272984	-0.220798	-0.272679
0.360500	-0.187228	-0.194552	-0.180514	-0.189364	-0.214084	-0.222019	-0.173495	-0.270543	-0.224765	-0.274815
0.360600	-0.189364	-0.181125	-0.173190	-0.189059	-0.213169	-0.218967	-0.170443	-0.265049	-0.224460	-0.273594
0.360700	-0.178988	-0.181430	-0.166476	-0.183566	-0.203403	-0.208591	-0.176547	-0.255589	-0.225986	-0.271763
0.360800	-0.171664	-0.183871	-0.166781	-0.181735	-0.202182	-0.211948	-0.176547	-0.255283	-0.225681	-0.262913
0.360900	-0.167391	-0.182650	-0.159457	-0.183566	-0.190890	-0.217746	-0.174105	-0.249180	-0.232090	-0.263218
0.361000	-0.165560	-0.189670	-0.162814	-0.184787	-0.197909	-0.218662	-0.179599	-0.248264	-0.240940	-0.262608
0.361100	-0.166476	-0.184482	-0.170748	-0.180209	-0.193027	-0.218051	-0.189670	-0.241245	-0.239414	-0.265660
0.361200	-0.159152	-0.189975	-0.162814	-0.182040	-0.181125	-0.215305	-0.193027	-0.246433	-0.236362	-0.255283
0.361300	-0.153964	-0.185397	-0.166171	-0.188144	-0.179599	-0.206760	-0.181430	-0.230869	-0.220798	-0.253452
0.361400	-0.153048	-0.178073	-0.163119	-0.185702	-0.174716	-0.206760	-0.176242	-0.225681	-0.222629	-0.249180
0.361500	-0.149691	-0.184787	-0.161593	-0.186313	-0.171664	-0.194552	-0.176242	-0.222019	-0.237278	-0.234836
0.361600	-0.164034	-0.180209	-0.162509	-0.193942	-0.167391	-0.194552	-0.178988	-0.218967	-0.228428	-0.222324
0.361700	-0.154269	-0.190280	-0.160678	-0.189364	-0.161288	-0.189975	-0.189364	-0.214084	-0.222019	-0.216220
0.361800	-0.161288	-0.185092	-0.168917	-0.194552	-0.153048	-0.185092	-0.179904	-0.200656	-0.214084	-0.221714
0.361900	-0.170138	-0.191501	-0.168917	-0.201877	-0.153048	-0.164950	-0.177462	-0.199130	-0.222629	-0.219883
0.362000	-0.169833	-0.181430	-0.171054	-0.199741	-0.150912	-0.162203	-0.169528	-0.199130	-0.216220	-0.212253
0.362100	-0.165560	-0.187228	-0.172885	-0.202792	-0.153048	-0.153353	-0.176547	-0.203708	-0.215305	-0.205234
0.362200	-0.154574	-0.189059	-0.170748	-0.211643	-0.154574	-0.158541	-0.175631	-0.205844	-0.218051	-0.206455
0.362300	-0.163729	-0.191501	-0.189670	-0.218051	-0.145724	-0.164645	-0.170443	-0.201266	-0.224460	-0.213169
0.362400	-0.180209	-0.201266	-0.186313	-0.219577	-0.145724	-0.149691	-0.175631	-0.197299	-0.226291	-0.211948
0.362500	-0.182956	-0.197909	-0.190585	-0.220798	-0.147250	-0.143282	-0.173190	-0.204624	-0.215305	-0.208896
0.362600	-0.179293	-0.206455	-0.182040	-0.222629	-0.149691	-0.130770	-0.172579	-0.213779	-0.216831	-0.201572
0.362700	-0.171054	-0.208896	-0.185397	-0.223850	-0.160372	-0.142672	-0.163729	-0.215305	-0.222934	-0.204318
0.362800	-0.186007	-0.213779	-0.183566	-0.234531	-0.154574	-0.137484	-0.171359	-0.219272	-0.239109	-0.209506
0.362900	-0.189364	-0.212558	-0.185397	-0.223850	-0.160067	-0.147250	-0.181430	-0.219883	-0.231479	-0.221103
0.363000	-0.196689	-0.215305	-0.187839	-0.226597	-0.161288	-0.148470	-0.191195	-0.217136	-0.233005	-0.224460
0.363100	-0.188144	-0.219272	-0.186923	-0.218357	-0.164950	-0.153353	-0.178683	-0.217136	-0.221714	-0.219272
0.363200	-0.188144	-0.222629	-0.184176	-0.220493	-0.164645	-0.146639	-0.182956	-0.219272	-0.225376	-0.219577
0.363300	-0.188144	-0.227817	-0.177462	-0.222934	-0.178683	-0.149996	-0.177768	-0.230869	-0.224765	-0.214694
0.363400	-0.183566	-0.233005	-0.190280	-0.219883	-0.185702	-0.157321	-0.189670	-0.237888	-0.225681	-0.216831
0.363500	-0.177462	-0.229954	-0.187839	-0.219577	-0.187533	-0.168307	-0.193027	-0.236667	-0.221103	-0.218357
0.363600	-0.186007	-0.226597	-0.187533	-0.222019	-0.188449	-0.182345	-0.190585	-0.227207	-0.218051	-0.221714
0.363700	-0.183566	-0.235142	-0.180514	-0.216526	-0.180514	-0.168307	-0.182040	-0.220188	-0.212863	-0.208896
0.363800	-0.190280	-0.223240	-0.181430	-0.216831	-0.182650	-0.169833	-0.187839	-0.213169	-0.218357	-0.200961
0.363900	-0.177768	-0.232090	-0.180514	-0.208591	-0.192721	-0.172579	-0.189975	-0.217746	-0.218357	-0.189975
0.364000	-0.177462	-0.230869	-0.184176	-0.211948	-0.194858	-0.182345	-0.201266	-0.216220	-0.215305	-0.193027
0.364100	-0.186007	-0.233616	-0.195773	-0.215305	-0.196994	-0.183261	-0.209201	-0.215000	-0.214084	-0.191806
0.364200	-0.193027	-0.229343	-0.186923	-0.227207	-0.195468	-0.186923	-0.215000	-0.198520	-0.205844	-0.187839
0.364300	-0.184176	-0.220493	-0.181430	-0.218662	-0.202182	-0.193942	-0.211948	-0.192111	-0.213169	-0.181125
0.364400	-0.174716	-0.225681	-0.189059	-0.214694	-0.211337	-0.202792	-0.217136	-0.186313	-0.231174	-0.183261
0.364500	-0.186313	-0.238193	-0.200961	-0.213779	-0.213474	-0.207370	-0.224765	-0.191501	-0.230259	-0.175631
0.364600	-0.211948	-0.240330	-0.207981	-0.222324	-0.205234	-0.204318	-0.242466	-0.193332	-0.218662	-0.178378
0.364700	-0.225071	-0.248569	-0.214694	-0.230259	-0.209201	-0.197909	-0.246433	-0.191806	-0.209506	-0.172579
0.364800	-0.223240	-0.248875	-0.218051	-0.237583	-0.213169	-0.200046	-0.242161	-0.191195	-0.220188	-0.173190
0.364900	-0.215915	-0.243381	-0.217746	-0.231479	-0.222934	-0.203098	-0.242466	-0.190585	-0.230564	-0.171054
0.365000	-0.230869	-0.254978	-0.229343	-0.241856	-0.228122	-0.208896	-0.252842	-0.196384	-0.236973	-0.176547
0.365100	-0.247654	-0.261082	-0.245212	-0.252842	-0.229648	-0.216831	-0.263523	-0.196994	-0.236362	-0.181125
0.365200	-0.260777	-0.264134	-0.250401	-0.260166	-0.233921	-0.223545	-0.270848	-0.196689	-0.236667	-0.186313
0.365300	-0.276341	-0.268406	-0.260472	-0.259556	-0.243381	-0.229343	-0.276646	-0.200046	-0.242161	-0.188449
0.365400	-0.280308	-0.278172	-0.275425	-0.263218	-0.257725	-0.227817	-0.284581	-0.212253	-0.257420	-0.193637
0.365500	-0.293736	-0.283360	-0.284276	-0.267796	-0.269322	-0.233005	-0.290379	-0.223545	-0.258335	-0.208286
0.365600	-0.301976	-0.281224	-0.287633	-0.277256	-0.271763	-0.248264	-0.303807	-0.229343	-0.254368	-0.217441
0.365700	-0.309300	-0.283970	-0.296178	-0.282444	-0.274510	-0.252232	-0.302586	-0.227207	-0.253147	-0.220798
0.365800	-0.318456	-0.290990	-0.304418	-0.288853	-0.276036	-0.266270	-0.297704	-0.222934	-0.252537	-0.225376
0.365900	-0.325170	-0.287938	-0.309911	-0.288243	-0.277867	-0.266575	-0.300450	-0.228122	-0.254978	-0.228428
0.366000	-0.325780	-0.289769	-0.311131	-0.287938	-0.287327	-0.263829	-0.305943	-0.245518	-0.258030	-0.229954
0.366100	-0.327611	-0.289158	-0.309300	-0.291905	-0.292515	-0.265354	-0.308690	-0.247959	-0.258335	-0.232395
0.366200	-0.321508	-0.292210	-0.309606	-0.291600	-0.298619	-0.272373	-0.308690	-0.255283	-0.253147	-0.233616
0.366300	-0.320592	-0.290379	-0.303502	-0.284581	-0.308690	-0.277867	-0.308385	-0.258030	-0.252537	-0.238193
0.366400	-0.322118	-0.283665	-0.302586	-0.280308	-0.315099	-0.288243	-0.308385	-0.256504	-0.247959	-0.240635
0.366500	-0.316625	-0.277867	-0.305943	-0.280308	-0.318456	-0.289158	-0.309300	-0.257725	-0.245518	-0.243381
0.366600	-0.307164	-0.278172	-0.305028	-0.276646	-0.324559	-0.292210	-0.305638	-0.263523	-0.242161	-0.240330
0.366700	-0.297704	-0.277256	-0.305333	-0.275730	-0.310826	-0.292515	-0.302892	-0.258946	-0.236667	-0.242771
0.366800	-0.294347	-0.273899	-0.300755	-0.268406	-0.313573	-0.290379	-0.297704	-0.258030	-0.240024	-0.245212
0.366900	-0.284581	-0.275730	-0.287327	-0.260777	-0.327306	-0.298009	-0.298924	-0.265049	-0.229648	-0.242161
0.367000	-0.284276	-0.268406	-0.283665	-0.258030	-0.330053	-0.305638	-0.294347	-0.259861	-0.228733	-0.244907
0.367100	-0.274815	-0.265965	-0.286412	-0.248569	-0.321508	-0.310521	-0.290990	-0.254063	-0.229648	-0.239414
0.367200	-0.271763	-0.265354	-0.280613	-0.241245	-0.305028	-0.308690	-0.281529	-0.240940	-0.226597	-0.243992
0.367300	-0.266270	-0.246433	-0.280308	-0.237278	-0.288243	-0.301061	-0.275425	-0.233005	-0.216831	-0.239109
0.367400	-0.254978	-0.230869	-0.272068	-0.226291	-0.291295	-0.295567	-0.267796	-0.231174	-0.208591	-0.229954
0.367500	-0.247959	-0.232090	-0.260777	-0.222629	-0.288243	-0.289464	-0.264744	-0.229343	-0.211032	-0.218662
0.367600	-0.242771	-0.235142	-0.254063	-0.217746	-0.286107	-0.287022	-0.253452	-0.223240	-0.212253	-0.217746
0.367700	-0.240024	-0.227207	-0.249790	-0.221714	-0.274815	-0.291600	-0.253452	-0.215305	-0.212253	-0.224460
0.367800	-0.242466	-0.211032	-0.249485	-0.205234	-0.263829	-0.292210	-0.249790	-0.206760	-0.214389	-0.224155
0.367900	-0.247044	-0.202182	-0.254978	-0.191806	-0.257115	-0.279698	-0.245518	-0.201266	-0.209201	-0.219883
0.368000	-0.249790	-0.203403	-0.247349	-0.194247	-0.249790	-0.272984	-0.251011	-0.197909	-0.198520	-0.217441
0.368100	-0.241856	-0.205539	-0.244602	-0.193637	-0.240330	-0.274510	-0.241856	-0.197604	-0.201877	-0.207065
0.368200	-0.236362	-0.197299	-0.242466	-0.194247	-0.235142	-0.269322	-0.235142	-0.197909	-0.205844	-0.217441
0.368300	-0.236057	-0.191501	-0.239109	-0.191501	-0.236362	-0.266270	-0.240024	-0.199435	-0.208896	-0.214694
0.368400	-0.239719	-0.181125	-0.238804	-0.189059	-0.229954	-0.271458	-0.241550	-0.198520	-0.206455	-0.214389
0.368500	-0.239719	-0.179293	-0.237278	-0.185397	-0.223850	-0.253758	-0.239109	-0.191195	-0.201266	-0.211948
0.368600	-0.239414	-0.177157	-0.242161	-0.181125	-0.216831	-0.249485	-0.230564	-0.191195	-0.190585	-0.211643
0.368700	-0.227207	-0.168002	-0.239109	-0.190585	-0.210727	-0.241856	-0.224765	-0.187533	-0.188754	-0.208896
0.368800	-0.225376	-0.161593	-0.227512	-0.182345	-0.205844	-0.229343	-0.222019	-0.188754	-0.192111	-0.204318
0.368900	-0.222324	-0.164340	-0.226291	-0.181125	-0.202487	-0.224765	-0.217441	-0.197909	-0.192111	-0.204624
0.369000	-0.222324	-0.166476	-0.219272	-0.186313	-0.198825	-0.226597	-0.213779	-0.197909	-0.182345	-0.202182
0.369100	-0.216831	-0.158236	-0.214389	-0.184482	-0.199130	-0.223240	-0.202182	-0.193942	-0.174411	-0.211032
0.369200	-0.218967	-0.154574	-0.214084	-0.179293	-0.196384	-0.211032	-0.189364	-0.196994	-0.187839	-0.201266
0.369300	-0.213474	-0.150912	-0.217136	-0.177768	-0.195163	-0.208286	-0.183871	-0.192111	-0.181125	-0.202487
0.369400	-0.218051	-0.145724	-0.210117	-0.179599	-0.179599	-0.203708	-0.186923	-0.197909	-0.168307	-0.198520
0.369500	-0.203708	-0.149081	-0.204624	-0.176852	-0.183261	-0.207981	-0.177157	-0.193332	-0.162509	-0.201877
0.369600	-0.190890	-0.151522	-0.197604	-0.176852	-0.177157	-0.197299	-0.166476	-0.196994	-0.163729	-0.200046
0.369700	-0.181430	-0.147250	-0.181430	-0.163729	-0.180209	-0.190585	-0.159152	-0.193942	-0.158846	-0.200656
0.369800	-0.173495	-0.146944	-0.170748	-0.169833	-0.182040	-0.182650	-0.146944	-0.194247	-0.164950	-0.188754
0.369900	-0.165560	-0.143893	-0.163729	-0.164340	-0.184787	-0.184176	-0.136568	-0.203098	-0.162814	-0.184482
0.370000	-0.159457	-0.146334	-0.165866	-0.166171	-0.172885	-0.182345	-0.134127	-0.201877	-0.157015	-0.191806
0.370100	-0.152438	-0.139925	-0.167086	-0.160983	-0.161288	-0.178988	-0.128328	-0.191806	-0.142977	-0.191501
0.370200	-0.144808	-0.130160	-0.157321	-0.150607	-0.149996	-0.165255	-0.116426	-0.175936	-0.132601	-0.194247
0.370300	-0.135653	-0.130160	-0.137484	-0.137789	-0.143587	-0.154879	-0.110628	-0.179293	-0.137789	-0.173800
0.370400	-0.127108	-0.120394	-0.126497	-0.134127	-0.135653	-0.158236	-0.091402	-0.178378	-0.135653	-0.177157
0.370500	-0.106661	-0.114290	-0.110933	-0.128328	-0.131380	-0.155184	-0.091402	-0.172579	-0.135958	-0.173495
0.370600	-0.100252	-0.116121	-0.107881	-0.120394	-0.124971	-0.151522	-0.090791	-0.168002	-0.139620	-0.175326
0.370700	-0.095979	-0.115206	-0.104830	-0.112764	-0.124056	-0.144198	-0.087434	-0.162814	-0.141756	-0.174411
0.370800	-0.095064	-0.115511	-0.106355	-0.113069	-0.121004	-0.142367	-0.093538	-0.159152	-0.143893	-0.174411
0.370900	-0.087129	-0.122225	-0.103609	-0.110628	-0.116732	-0.137484	-0.095369	-0.168002	-0.143587	-0.175631
0.371000	-0.075837	-0.129244	-0.099947	-0.124666	-0.108187	-0.135042	-0.088960	-0.165255	-0.151217	-0.177157
0.371100	-0.081331	-0.129549	-0.099336	-0.119173	-0.102083	-0.128328	-0.091402	-0.160067	-0.156710	-0.180514
0.371200	-0.095369	-0.118563	-0.099947	-0.117342	-0.097505	-0.131685	-0.097200	-0.150912	-0.156710	-0.177768
0.371300	-0.097200	-0.112764	-0.095979	-0.119783	-0.092317	-0.129549	-0.094759	-0.140536	-0.157931	-0.171359
0.371400	-0.100252	-0.111543	-0.095979	-0.114900	-0.088960	-0.121920	-0.089570	-0.139315	-0.156100	-0.169833
0.371500	-0.094148	-0.121614	-0.097200	-0.119478	-0.091707	-0.112764	-0.089876	-0.139315	-0.152133	-0.165255
0.371600	-0.090791	-0.120394	-0.094453	-0.125887	-0.077974	-0.108492	-0.098726	-0.148470	-0.158541	-0.165560
0.371700	-0.086824	-0.125582	-0.095369	-0.124056	-0.084077	-0.107881	-0.106355	-0.148776	-0.169833	-0.164034
0.371800	-0.095674	-0.133822	-0.092622	-0.130770	-0.090181	-0.107271	-0.116426	-0.142062	-0.179904	-0.158846
0.371900	-0.102083	-0.135042	-0.092317	-0.137484	-0.090486	-0.109407	-0.120089	-0.153353	-0.175936	-0.161593
0.372000	-0.110933	-0.139620	-0.103304	-0.149996	-0.090486	-0.108492	-0.117647	-0.159152	-0.172579	-0.168917
0.372100	-0.120089	-0.145724	-0.107576	-0.164645	-0.091096	-0.112764	-0.113375	-0.152743	-0.177157	-0.170443
0.372200	-0.121309	-0.145724	-0.116121	-0.167697	-0.100557	-0.112764	-0.124971	-0.156710	-0.184482	-0.167391
0.372300	-0.126497	-0.149996	-0.120089	-0.170443	-0.102998	-0.107881	-0.131991	-0.158541	-0.179904	-0.161593
0.372400	-0.135042	-0.163119	-0.121614	-0.173800	-0.101778	-0.106661	-0.128328	-0.150301	-0.172885	-0.159457
0.372500	-0.143587	-0.167086	-0.125887	-0.178378	-0.110018	-0.106050	-0.123445	-0.152438	-0.174716	-0.158236
0.372600	-0.147250	-0.171664	-0.129854	-0.186923	-0.114900	-0.107576	-0.125582	-0.162814	-0.176547	-0.160678
0.372700	-0.152438	-0.178683	-0.135348	-0.193637	-0.118563	-0.108797	-0.127108	-0.168917	-0.171969	-0.160067
0.372800	-0.156710	-0.187228	-0.136873	-0.196689	-0.129549	-0.107881	-0.134737	-0.169528	-0.172579	-0.156710
0.372900	-0.152438	-0.200046	-0.136873	-0.197909	-0.142367	-0.115206	-0.137484	-0.177768	-0.171664	-0.158541
0.373000	-0.153964	-0.215305	-0.140841	-0.205539	-0.152743	-0.130465	-0.139315	-0.185397	-0.178683	-0.165255
0.373100	-0.156405	-0.222629	-0.146944	-0.214389	-0.153353	-0.127413	-0.143893	-0.189670	-0.187839	-0.171969
0.373200	-0.158236	-0.223850	-0.148470	-0.217746	-0.160372	-0.128328	-0.149996	-0.195468	-0.184787	-0.175326
0.373300	-0.168612	-0.225681	-0.160983	-0.215915	-0.163729	-0.138399	-0.157321	-0.195773	-0.178073	-0.180209
0.373400	-0.177157	-0.230259	-0.162814	-0.208591	-0.165866	-0.142672	-0.154574	-0.199130	-0.179904	-0.181125
0.373500	-0.176547	-0.240635	-0.162814	-0.212253	-0.182650	-0.149386	-0.160983	-0.203403	-0.184787	-0.183261
0.373600	-0.178988	-0.236667	-0.163119	-0.218967	-0.195773	-0.159457	-0.175326	-0.208591	-0.194247	-0.186313
0.373700	-0.175631	-0.243687	-0.173495	-0.222019	-0.200351	-0.157321	-0.180209	-0.217441	-0.201266	-0.191806
0.373800	-0.182956	-0.248875	-0.175631	-0.224460	-0.209201	-0.170138	-0.180514	-0.218357	-0.201266	-0.201877
0.373900	-0.183261	-0.254063	-0.180514	-0.225681	-0.208591	-0.172274	-0.196078	-0.220798	-0.218357	-0.215915
0.374000	-0.188754	-0.256504	-0.195468	-0.230259	-0.213474	-0.182650	-0.205539	-0.222934	-0.224765	-0.222934
0.374100	-0.188449	-0.258335	-0.198520	-0.235752	-0.208896	-0.199130	-0.219883	-0.227207	-0.234226	-0.230259
0.374200	-0.193027	-0.259556	-0.195468	-0.229343	-0.218967	-0.200656	-0.227512	-0.234531	-0.241856	-0.236057
0.374300	-0.203403	-0.257725	-0.208591	-0.231479	-0.223240	-0.207675	-0.233005	-0.231174	-0.250706	-0.237888
0.374400	-0.197299	-0.261387	-0.202792	-0.229954	-0.223240	-0.218662	-0.239414	-0.234531	-0.256504	-0.242466
0.374500	-0.203403	-0.263523	-0.216526	-0.233616	-0.219577	-0.222324	-0.251621	-0.222019	-0.253147	-0.240330
0.374600	-0.218967	-0.252232	-0.215305	-0.233921	-0.214694	-0.219883	-0.264744	-0.212863	-0.242771	-0.240330
0.374700	-0.217746	-0.243381	-0.224155	-0.236667	-0.224155	-0.207675	-0.268101	-0.226597	-0.259861	-0.231785
0.374800	-0.225071	-0.245518	-0.227512	-0.237278	-0.232395	-0.214694	-0.261387	-0.228733	-0.261997	-0.237278
0.374900	-0.221714	-0.257115	-0.231785	-0.238804	-0.234836	-0.217746	-0.277867	-0.233310	-0.275120	-0.238193
0.375000	-0.229648	-0.262303	-0.239414	-0.243992	-0.234226	-0.233616	-0.289158	-0.228733	-0.268406	-0.244602
0.375100	-0.237583	-0.257725	-0.244602	-0.247044	-0.232090	-0.229343	-0.298314	-0.217746	-0.266270	-0.236973
0.375200	-0.246128	-0.249790	-0.251926	-0.240940	-0.235447	-0.236057	-0.291905	-0.213779	-0.265660	-0.227817
0.375300	-0.249180	-0.239414	-0.255283	-0.246128	-0.245212	-0.224155	-0.291600	-0.219577	-0.265965	-0.233005
0.375400	-0.255283	-0.248875	-0.259556	-0.250706	-0.244602	-0.227512	-0.290379	-0.218967	-0.253452	-0.226291
0.375500	-0.266270	-0.249790	-0.274205	-0.258335	-0.236667	-0.232395	-0.295567	-0.209201	-0.241245	-0.225376
0.375600	-0.272373	-0.256504	-0.274205	-0.258030	-0.245823	-0.229954	-0.294041	-0.202792	-0.237888	-0.217441
0.375700	-0.281529	-0.241856	-0.287022	-0.256504	-0.247959	-0.231785	-0.290379	-0.193332	-0.223850	-0.206455
0.375800	-0.278477	-0.246738	-0.277562	-0.252537	-0.251011	-0.221103	-0.285801	-0.197604	-0.219883	-0.194858
0.375900	-0.281224	-0.241550	-0.277256	-0.251316	-0.254978	-0.227817	-0.269932	-0.188144	-0.201572	-0.195163
0.376000	-0.287633	-0.242771	-0.276341	-0.252537	-0.258640	-0.224460	-0.271458	-0.185397	-0.205844	-0.190890
0.376100	-0.288548	-0.245823	-0.291295	-0.245518	-0.263523	-0.222934	-0.267796	-0.186923	-0.202487	-0.187839
0.376200	-0.292210	-0.242161	-0.297704	-0.246738	-0.264744	-0.223545	-0.272984	-0.189975	-0.198520	-0.185397
0.376300	-0.287633	-0.239109	-0.291295	-0.245212	-0.260472	-0.224155	-0.254368	-0.186313	-0.182345	-0.178378
0.376400	-0.278477	-0.236057	-0.275730	-0.238804	-0.261387	-0.224155	-0.248875	-0.192111	-0.170138	-0.176242
0.376500	-0.277562	-0.236362	-0.274510	-0.232090	-0.269322	-0.226597	-0.242161	-0.196384	-0.177462	-0.171054
0.376600	-0.285801	-0.228733	-0.273594	-0.227207	-0.267796	-0.225376	-0.244907	-0.188144	-0.185092	-0.181735
0.376700	-0.278782	-0.235752	-0.271153	-0.218662	-0.274815	-0.238804	-0.245823	-0.192721	-0.184482	-0.176242
0.376800	-0.283055	-0.229038	-0.269322	-0.214084	-0.272679	-0.240940	-0.235447	-0.195468	-0.180514	-0.174411
0.376900	-0.268406	-0.231785	-0.266880	-0.211948	-0.273594	-0.244602	-0.231174	-0.197299	-0.172885	-0.178073
0.377000	-0.265049	-0.235447	-0.265354	-0.211643	-0.281529	-0.239109	-0.235447	-0.204624	-0.184176	-0.188754
0.377100	-0.258640	-0.236973	-0.269322	-0.206455	-0.282444	-0.246433	-0.236057	-0.208896	-0.190890	-0.196689
0.377200	-0.260777	-0.228428	-0.265354	-0.202487	-0.267186	-0.246433	-0.237888	-0.211948	-0.198825	-0.203403
0.377300	-0.258640	-0.217136	-0.255283	-0.197604	-0.264439	-0.258640	-0.224155	-0.212253	-0.198825	-0.203708
0.377400	-0.249485	-0.208896	-0.252537	-0.191195	-0.261997	-0.264744	-0.224155	-0.221714	-0.209506	-0.203708
0.377500	-0.243992	-0.208896	-0.254673	-0.181430	-0.266575	-0.271153	-0.232090	-0.227512	-0.223240	-0.205539
0.377600	-0.243381	-0.211948	-0.251011	-0.189059	-0.276036	-0.277867	-0.240330	-0.227207	-0.229038	-0.223240
0.377700	-0.248875	-0.217746	-0.248875	-0.202487	-0.271763	-0.285801	-0.246738	-0.230869	-0.235447	-0.231479
0.377800	-0.254978	-0.224460	-0.251316	-0.200046	-0.276036	-0.296178	-0.249790	-0.235142	-0.241550	-0.230869
0.377900	-0.256199	-0.217136	-0.255283	-0.202792	-0.277562	-0.304112	-0.254368	-0.242161	-0.252537	-0.231785
0.378000	-0.259861	-0.214694	-0.258335	-0.205539	-0.276951	-0.303807	-0.262303	-0.242771	-0.250706	-0.237583
0.378100	-0.256809	-0.213169	-0.269017	-0.212558	-0.273899	-0.305028	-0.269627	-0.239414	-0.243687	-0.246433
0.378200	-0.250401	-0.203098	-0.267796	-0.215915	-0.266880	-0.299840	-0.269322	-0.231785	-0.241856	-0.249485
0.378300	-0.248875	-0.197299	-0.257420	-0.211643	-0.249180	-0.282444	-0.264439	-0.220493	-0.235447	-0.232090
0.378400	-0.246433	-0.193942	-0.254368	-0.201572	-0.234531	-0.278477	-0.259556	-0.210727	-0.227512	-0.216526
0.378500	-0.241856	-0.179599	-0.253758	-0.195163	-0.236973	-0.269017	-0.243076	-0.208591	-0.223240	-0.213169
0.378600	-0.233005	-0.173190	-0.245518	-0.200351	-0.233005	-0.264134	-0.236973	-0.204318	-0.216526	-0.210727
0.378700	-0.225071	-0.168002	-0.239109	-0.196994	-0.231479	-0.259556	-0.230869	-0.199130	-0.201877	-0.204929
0.378800	-0.214084	-0.167697	-0.230869	-0.183566	-0.224765	-0.254673	-0.224460	-0.201266	-0.197909	-0.199130
0.378900	-0.217746	-0.168307	-0.225986	-0.181735	-0.215915	-0.243381	-0.219883	-0.188144	-0.187533	-0.193942
0.379000	-0.221714	-0.166781	-0.223850	-0.190585	-0.201572	-0.231479	-0.214084	-0.181735	-0.173495	-0.186007
0.379100	-0.217441	-0.156405	-0.218357	-0.189059	-0.199435	-0.224765	-0.200046	-0.182345	-0.166476	-0.179904
0.379200	-0.204929	-0.147250	-0.210727	-0.180514	-0.200351	-0.211948	-0.183261	-0.175936	-0.158236	-0.170138
0.379300	-0.188449	-0.142062	-0.197909	-0.169833	-0.193637	-0.200351	-0.176242	-0.173190	-0.149996	-0.159762
0.379400	-0.179599	-0.139010	-0.193942	-0.160678	-0.179599	-0.188144	-0.162509	-0.166476	-0.136873	-0.160067
0.379500	-0.179904	-0.136568	-0.190585	-0.161593	-0.156100	-0.172885	-0.143282	-0.156710	-0.131685	-0.156100
0.379600	-0.171664	-0.132296	-0.177157	-0.154574	-0.161898	-0.160372	-0.131075	-0.160983	-0.129549	-0.138705
0.379700	-0.156100	-0.132906	-0.158541	-0.139010	-0.167697	-0.165560	-0.121309	-0.164340	-0.129244	-0.139925
0.379800	-0.153658	-0.129854	-0.144808	-0.137179	-0.165255	-0.166476	-0.112764	-0.162203	-0.124361	-0.148165
0.379900	-0.141756	-0.133516	-0.141451	-0.132296	-0.158236	-0.155184	-0.110628	-0.172885	-0.129244	-0.151522
0.380000	-0.139010	-0.138399	-0.142367	-0.141756	-0.156100	-0.158846	-0.109407	-0.164950	-0.129244	-0.159152
0.380100	-0.142977	-0.140841	-0.131991	-0.139925	-0.155489	-0.158541	-0.110933	-0.178988	-0.136263	-0.152133
0.380200	-0.135958	-0.145724	-0.133822	-0.137179	-0.160067	-0.164645	-0.100252	-0.195468	-0.133822	-0.161593
0.380300	-0.125582	-0.139315	-0.127413	-0.139315	-0.160678	-0.165866	-0.100557	-0.200961	-0.142977	-0.174411
0.380400	-0.122225	-0.144808	-0.122530	-0.139620	-0.149691	-0.161593	-0.112764	-0.200961	-0.150301	-0.187839
0.380500	-0.126497	-0.155489	-0.121614	-0.146639	-0.150912	-0.166781	-0.115206	-0.199741	-0.161593	-0.186313
0.380600	-0.126192	-0.156405	-0.116121	-0.139925	-0.148165	-0.166781	-0.116732	-0.202487	-0.166781	-0.182345
0.380700	-0.125887	-0.155184	-0.107271	-0.134737	-0.158846	-0.165560	-0.115511	-0.211948	-0.172579	-0.176242
0.380800	-0.124056	-0.142062	-0.107576	-0.139315	-0.147860	-0.178378	-0.113985	-0.204318	-0.176242	-0.198825
0.380900	-0.110933	-0.151217	-0.109712	-0.142062	-0.150607	-0.178683	-0.118257	-0.218357	-0.196384	-0.202792
0.381000	-0.111543	-0.162814	-0.117952	-0.146944	-0.152743	-0.183871	-0.128939	-0.209201	-0.200656	-0.218662
0.381100	-0.121614	-0.174411	-0.120394	-0.154879	-0.150607	-0.183566	-0.147250	-0.214694	-0.212253	-0.215915
0.381200	-0.136873	-0.168002	-0.121004	-0.158846	-0.149691	-0.189975	-0.150301	-0.215305	-0.210727	-0.224460
0.381300	-0.131075	-0.161898	-0.119478	-0.168612	-0.139620	-0.187228	-0.150912	-0.224765	-0.213779	-0.229954
0.381400	-0.127718	-0.160372	-0.120394	-0.169528	-0.153353	-0.181125	-0.162509	-0.220493	-0.228733	-0.225071
0.381500	-0.130465	-0.173495	-0.128023	-0.182650	-0.155489	-0.188754	-0.166476	-0.225681	-0.236362	-0.222629
0.381600	-0.136873	-0.185702	-0.138705	-0.184176	-0.157931	-0.189670	-0.179599	-0.227817	-0.235447	-0.223240
0.381700	-0.142367	-0.175936	-0.149386	-0.199741	-0.145724	-0.183871	-0.178378	-0.222324	-0.237583	-0.231479
0.381800	-0.137484	-0.178683	-0.146334	-0.195773	-0.154879	-0.182650	-0.190890	-0.217441	-0.239719	-0.227817
0.381900	-0.145724	-0.177462	-0.154269	-0.210422	-0.153048	-0.189059	-0.192111	-0.202792	-0.235142	-0.239719
0.382000	-0.154269	-0.186923	-0.155795	-0.213169	-0.160678	-0.179293	-0.189975	-0.220798	-0.241245	-0.230869
0.382100	-0.155795	-0.179293	-0.159152	-0.218051	-0.156710	-0.184176	-0.195773	-0.219272	-0.229954	-0.235752
0.382200	-0.162203	-0.186313	-0.166476	-0.225986	-0.145113	-0.176852	-0.201266	-0.216220	-0.232090	-0.226291
0.382300	-0.150912	-0.187839	-0.170748	-0.235447	-0.144808	-0.165255	-0.194858	-0.207675	-0.222934	-0.231479
0.382400	-0.150301	-0.181735	-0.168307	-0.233921	-0.138705	-0.146944	-0.196689	-0.200656	-0.212558	-0.226597
0.382500	-0.150607	-0.175631	-0.168307	-0.227512	-0.146639	-0.140841	-0.184176	-0.188449	-0.201572	-0.218967
0.382600	-0.156100	-0.173495	-0.164950	-0.228733	-0.134737	-0.131685	-0.177768	-0.194247	-0.200961	-0.216831
0.382700	-0.150607	-0.174411	-0.153048	-0.220798	-0.137789	-0.130770	-0.165560	-0.196994	-0.197604	-0.210117
0.382800	-0.156100	-0.176242	-0.153353	-0.233005	-0.139010	-0.132601	-0.167086	-0.194247	-0.192721	-0.203403
0.382900	-0.150607	-0.190585	-0.152133	-0.222019	-0.152743	-0.134737	-0.171054	-0.189670	-0.181735	-0.196994
0.383000	-0.153658	-0.190890	-0.162203	-0.220493	-0.149386	-0.132906	-0.166171	-0.190585	-0.184176	-0.202792
0.383100	-0.144503	-0.200046	-0.153658	-0.217136	-0.148165	-0.121920	-0.159152	-0.190890	-0.179599	-0.203098
0.383200	-0.148165	-0.201266	-0.152743	-0.218967	-0.142977	-0.119783	-0.165560	-0.189059	-0.181125	-0.205234
0.383300	-0.156100	-0.207981	-0.153964	-0.224155	-0.141451	-0.125582	-0.164340	-0.188754	-0.172274	-0.202487
0.383400	-0.158846	-0.207065	-0.151522	-0.212558	-0.148776	-0.125277	-0.164645	-0.201266	-0.180209	-0.200656
0.383500	-0.161593	-0.211337	-0.155184	-0.203098	-0.169833	-0.127718	-0.161288	-0.212558	-0.188449	-0.197604
0.383600	-0.169528	-0.220798	-0.159152	-0.210727	-0.175936	-0.134737	-0.173800	-0.218357	-0.196994	-0.204929
0.383700	-0.170748	-0.235142	-0.165866	-0.216526	-0.182040	-0.145113	-0.180209	-0.211337	-0.203403	-0.211032
0.383800	-0.178378	-0.239414	-0.170748	-0.218967	-0.169833	-0.155795	-0.191501	-0.206455	-0.207065	-0.216526
0.383900	-0.189364	-0.236667	-0.173190	-0.217136	-0.179293	-0.161898	-0.193637	-0.212253	-0.207675	-0.213169
0.384000	-0.192721	-0.243687	-0.179293	-0.218357	-0.200351	-0.176242	-0.204929	-0.218051	-0.215305	-0.222629
0.384100	-0.207065	-0.251926	-0.186923	-0.225681	-0.209201	-0.192111	-0.214084	-0.224155	-0.227207	-0.228122
0.384200	-0.217441	-0.263523	-0.198825	-0.230869	-0.211032	-0.198825	-0.227512	-0.224155	-0.232090	-0.228428
0.384300	-0.223850	-0.268711	-0.212558	-0.234531	-0.208896	-0.207675	-0.238193	-0.219883	-0.234531	-0.231174
0.384400	-0.236667	-0.269932	-0.218662	-0.236057	-0.211948	-0.207065	-0.244602	-0.229343	-0.251011	-0.232395
0.384500	-0.250706	-0.271763	-0.224155	-0.247349	-0.220798	-0.213779	-0.252232	-0.231479	-0.261387	-0.230564
0.384600	-0.258640	-0.277562	-0.236667	-0.254978	-0.236362	-0.228428	-0.269627	-0.225376	-0.263218	-0.231785
0.384700	-0.265049	-0.275120	-0.244907	-0.249790	-0.239414	-0.235142	-0.281224	-0.221103	-0.263829	-0.240024
0.384800	-0.275120	-0.270237	-0.255589	-0.253452	-0.237278	-0.230564	-0.282750	-0.217746	-0.263218	-0.243381
0.384900	-0.277867	-0.278782	-0.263218	-0.260472	-0.238193	-0.225376	-0.287327	-0.220798	-0.269017	-0.237583
0.385000	-0.287022	-0.281224	-0.263218	-0.263523	-0.246738	-0.242161	-0.295872	-0.237888	-0.283055	-0.229343
0.385100	-0.291905	-0.287633	-0.270237	-0.270543	-0.258640	-0.258946	-0.308995	-0.240635	-0.290074	-0.229954
0.385200	-0.294041	-0.288243	-0.283665	-0.273594	-0.266880	-0.264134	-0.318456	-0.245823	-0.294347	-0.240330
0.385300	-0.299535	-0.286412	-0.292821	-0.276951	-0.268101	-0.268101	-0.321813	-0.240024	-0.292210	-0.255589
0.385400	-0.315099	-0.281834	-0.307469	-0.293126	-0.266575	-0.263829	-0.323033	-0.231479	-0.288243	-0.270543
0.385500	-0.322728	-0.282444	-0.314183	-0.296178	-0.269322	-0.255589	-0.318151	-0.240940	-0.291600	-0.258640
0.385600	-0.319982	-0.285801	-0.304723	-0.294347	-0.281224	-0.266575	-0.312352	-0.248569	-0.292210	-0.247044
0.385700	-0.317235	-0.276951	-0.305028	-0.290379	-0.299840	-0.272373	-0.322423	-0.256199	-0.289769	-0.252232
0.385800	-0.307775	-0.286717	-0.320592	-0.296178	-0.315404	-0.274205	-0.328222	-0.256809	-0.295262	-0.256504
0.385900	-0.317235	-0.291905	-0.341039	-0.308690	-0.311742	-0.280308	-0.329137	-0.256504	-0.288548	-0.266880
0.386000	-0.326390	-0.288243	-0.347143	-0.316014	-0.298924	-0.275425	-0.330358	-0.249790	-0.276036	-0.271458
0.386100	-0.320897	-0.291295	-0.344396	-0.304723	-0.292821	-0.280003	-0.314183	-0.239719	-0.253452	-0.254673
0.386200	-0.320287	-0.279698	-0.333105	-0.293431	-0.298009	-0.275730	-0.305638	-0.228428	-0.237888	-0.248264
0.386300	-0.308690	-0.272068	-0.315099	-0.280308	-0.301061	-0.268711	-0.299535	-0.233005	-0.241550	-0.245823
0.386400	-0.293736	-0.278782	-0.314794	-0.273594	-0.305943	-0.277867	-0.291600	-0.236057	-0.237583	-0.237888
0.386500	-0.294041	-0.274815	-0.318456	-0.272373	-0.299535	-0.268711	-0.285191	-0.231174	-0.229343	-0.230869
0.386600	-0.285801	-0.271458	-0.304723	-0.261387	-0.298924	-0.269017	-0.269627	-0.233921	-0.219883	-0.219883
0.386700	-0.287022	-0.261082	-0.295567	-0.248569	-0.305943	-0.269932	-0.265965	-0.219883	-0.202792	-0.220798
0.386800	-0.283665	-0.261997	-0.289158	-0.244907	-0.307775	-0.262303	-0.258335	-0.225681	-0.205539	-0.212253
0.386900	-0.280613	-0.265660	-0.290990	-0.235142	-0.306554	-0.263523	-0.254673	-0.232090	-0.200656	-0.210117
0.387000	-0.276341	-0.265660	-0.281834	-0.228428	-0.294041	-0.266575	-0.254673	-0.214389	-0.194247	-0.216220
0.387100	-0.272679	-0.258640	-0.273899	-0.213474	-0.284581	-0.270543	-0.254978	-0.203403	-0.179293	-0.211948
0.387200	-0.259556	-0.243381	-0.273594	-0.207370	-0.259556	-0.260472	-0.243687	-0.185397	-0.164950	-0.201877
0.387300	-0.253758	-0.231785	-0.258030	-0.197299	-0.256809	-0.255283	-0.218051	-0.189364	-0.163729	-0.188754
0.387400	-0.249180	-0.224765	-0.243076	-0.179599	-0.258030	-0.256199	-0.208591	-0.187228	-0.163729	-0.176852
0.387500	-0.247349	-0.225376	-0.235142	-0.166476	-0.258335	-0.255589	-0.207981	-0.188144	-0.176852	-0.171664
0.387600	-0.243687	-0.216831	-0.235752	-0.167391	-0.255589	-0.265049	-0.204929	-0.178988	-0.177462	-0.175936
0.387700	-0.239109	-0.216831	-0.227817	-0.169833	-0.254063	-0.257725	-0.211337	-0.189975	-0.184482	-0.174411
0.387800	-0.250706	-0.212253	-0.234531	-0.172274	-0.258335	-0.263523	-0.211032	-0.189364	-0.186007	-0.171664
0.387900	-0.249485	-0.212863	-0.227512	-0.181735	-0.256809	-0.266880	-0.214389	-0.194247	-0.194552	-0.172274
0.388000	-0.253147	-0.208591	-0.230564	-0.179904	-0.261082	-0.272679	-0.224765	-0.197909	-0.198825	-0.182345
0.388100	-0.255283	-0.215915	-0.236667	-0.185092	-0.253452	-0.276341	-0.235142	-0.205234	-0.206149	-0.188449
0.388200	-0.254978	-0.215305	-0.246128	-0.182956	-0.254063	-0.287327	-0.238193	-0.215915	-0.217136	-0.193637
0.388300	-0.251621	-0.224155	-0.251926	-0.194858	-0.259556	-0.286107	-0.242466	-0.223240	-0.222934	-0.203098
0.388400	-0.261082	-0.214389	-0.249485	-0.201877	-0.264744	-0.292210	-0.242161	-0.222324	-0.224460	-0.206760
0.388500	-0.254978	-0.210117	-0.251621	-0.203098	-0.261997	-0.294957	-0.244907	-0.217441	-0.224460	-0.216220
0.388600	-0.246433	-0.205539	-0.261082	-0.210422	-0.251926	-0.280308	-0.246738	-0.214084	-0.223240	-0.215915
0.388700	-0.240635	-0.200046	-0.262913	-0.211948	-0.246433	-0.266270	-0.241550	-0.224460	-0.229343	-0.211643
0.388800	-0.235752	-0.196994	-0.256504	-0.211337	-0.254673	-0.267186	-0.234226	-0.227512	-0.229648	-0.217746
0.388900	-0.242466	-0.193942	-0.253758	-0.216220	-0.256809	-0.260166	-0.242466	-0.234226	-0.232395	-0.217746
0.389000	-0.240024	-0.189670	-0.253758	-0.218357	-0.260166	-0.265660	-0.242466	-0.236667	-0.225376	-0.223240
0.389100	-0.231479	-0.192721	-0.257115	-0.222629	-0.255283	-0.259251	-0.238193	-0.242466	-0.227512	-0.228122
0.389200	-0.219272	-0.193027	-0.257725	-0.216526	-0.248569	-0.257115	-0.235752	-0.237888	-0.219883	-0.241245
0.389300	-0.218662	-0.188754	-0.248875	-0.225376	-0.233005	-0.256504	-0.227817	-0.225681	-0.208286	-0.244907
0.389400	-0.216220	-0.175326	-0.240330	-0.219577	-0.217441	-0.244602	-0.217746	-0.219883	-0.196078	-0.235752
0.389500	-0.199130	-0.166781	-0.228428	-0.205539	-0.215915	-0.233616	-0.204318	-0.229038	-0.196384	-0.218967
0.389600	-0.190585	-0.165866	-0.218662	-0.196078	-0.222019	-0.225071	-0.186313	-0.222324	-0.187533	-0.217746
0.389700	-0.187228	-0.162814	-0.212558	-0.193027	-0.215000	-0.206760	-0.171664	-0.213474	-0.178683	-0.223240
0.389800	-0.179599	-0.159152	-0.203098	-0.186923	-0.204929	-0.196689	-0.156405	-0.209201	-0.171359	-0.222629
0.389900	-0.170443	-0.157931	-0.187839	-0.180514	-0.196078	-0.184787	-0.146334	-0.208896	-0.161288	-0.208896
0.390000	-0.160372	-0.153353	-0.173495	-0.175631	-0.191195	-0.184176	-0.143893	-0.214694	-0.157321	-0.199130
0.390100	-0.149996	-0.151217	-0.159457	-0.167697	-0.188449	-0.184482	-0.143893	-0.207065	-0.146944	-0.192721
0.390200	-0.146639	-0.144198	-0.157931	-0.163119	-0.170748	-0.174716	-0.133211	-0.190280	-0.133516	-0.199130
0.390300	-0.139925	-0.130465	-0.154574	-0.149996	-0.143893	-0.160372	-0.117342	-0.174411	-0.119173	-0.192721
0.390400	-0.131685	-0.117952	-0.137484	-0.132601	-0.121614	-0.144503	-0.098116	-0.164645	-0.108797	-0.169528
0.390500	-0.119478	-0.112154	-0.111849	-0.112459	-0.114290	-0.131685	-0.075227	-0.160372	-0.100862	-0.153658
0.390600	-0.102083	-0.109712	-0.090791	-0.094759	-0.113985	-0.132601	-0.063630	-0.156405	-0.095064	-0.151522
0.390700	-0.095674	-0.104524	-0.079194	-0.094759	-0.108492	-0.130465	-0.062409	-0.150607	-0.101778	-0.150301
0.390800	-0.098726	-0.100862	-0.079805	-0.097505	-0.100252	-0.119783	-0.063630	-0.150607	-0.112764	-0.148165
0.390900	-0.097810	-0.100557	-0.078584	-0.097200	-0.094759	-0.118563	-0.065156	-0.152133	-0.117647	-0.142672
0.391000	-0.096284	-0.100862	-0.072175	-0.099947	-0.090181	-0.114900	-0.069123	-0.146944	-0.118868	-0.136873
0.391100	-0.092317	-0.102083	-0.068818	-0.099947	-0.086213	-0.109102	-0.070954	-0.134737	-0.124361	-0.140536
0.391200	-0.087739	-0.095979	-0.072175	-0.096284	-0.079500	-0.104524	-0.074006	-0.135348	-0.134737	-0.143587
0.391300	-0.087434	-0.090791	-0.069429	-0.101778	-0.075837	-0.099336	-0.075227	-0.138399	-0.142672	-0.136568
0.391400	-0.080110	-0.088350	-0.068513	-0.108187	-0.068208	-0.102693	-0.078889	-0.150912	-0.147555	-0.135042
0.391500	-0.077058	-0.091402	-0.060578	-0.108492	-0.074922	-0.116121	-0.086213	-0.149691	-0.156100	-0.140536
0.391600	-0.077974	-0.095064	-0.061799	-0.113985	-0.074922	-0.111543	-0.096895	-0.143893	-0.165560	-0.149386
0.391700	-0.077668	-0.096590	-0.062715	-0.110323	-0.069429	-0.110018	-0.105745	-0.146944	-0.164034	-0.152743
0.391800	-0.082856	-0.095369	-0.075837	-0.116121	-0.072786	-0.107271	-0.109102	-0.147555	-0.168612	-0.152743
0.391900	-0.088655	-0.099947	-0.081025	-0.125277	-0.073396	-0.097505	-0.107881	-0.148470	-0.168002	-0.154879
0.392000	-0.087739	-0.115206	-0.080110	-0.137179	-0.070954	-0.092317	-0.109102	-0.149691	-0.164034	-0.156710
0.392100	-0.086519	-0.113069	-0.090181	-0.150301	-0.077058	-0.096895	-0.113375	-0.147860	-0.178683	-0.156710
0.392200	-0.095674	-0.118868	-0.093233	-0.158846	-0.081025	-0.099947	-0.122225	-0.160067	-0.190585	-0.151522
0.392300	-0.095674	-0.128328	-0.099336	-0.165560	-0.087129	-0.102388	-0.130770	-0.165560	-0.188754	-0.163729
0.392400	-0.104219	-0.134737	-0.108797	-0.179599	-0.086213	-0.097505	-0.130770	-0.165255	-0.176852	-0.164034
0.392500	-0.109102	-0.132296	-0.116426	-0.174411	-0.090791	-0.095369	-0.133516	-0.149996	-0.170443	-0.166476
0.392600	-0.109102	-0.122530	-0.118257	-0.174716	-0.087739	-0.087739	-0.128023	-0.141146	-0.164340	-0.165255
0.392700	-0.101778	-0.125887	-0.114900	-0.181735	-0.083772	-0.082551	-0.116732	-0.145419	-0.158236	-0.146639
0.392800	-0.096895	-0.139010	-0.108187	-0.176242	-0.085908	-0.085603	-0.107881	-0.142367	-0.138399	-0.140536
0.392900	-0.101472	-0.138094	-0.110018	-0.171359	-0.084688	-0.075532	-0.104219	-0.137484	-0.131685	-0.142672
0.393000	-0.101472	-0.146944	-0.108492	-0.162203	-0.082856	-0.067597	-0.104524	-0.135348	-0.125582	-0.134127
0.393100	-0.098116	-0.143282	-0.106966	-0.160372	-0.080720	-0.061494	-0.102998	-0.125582	-0.124056	-0.130160
0.393200	-0.100252	-0.141756	-0.104219	-0.152743	-0.078279	-0.055695	-0.098421	-0.116121	-0.114900	-0.121004
0.393300	-0.101778	-0.149386	-0.100557	-0.152438	-0.075227	-0.054780	-0.088960	-0.104524	-0.103304	-0.118563
0.393400	-0.092012	-0.149386	-0.093538	-0.143893	-0.056611	-0.044709	-0.082856	-0.109712	-0.098421	-0.108492
0.393500	-0.088350	-0.137484	-0.086213	-0.131991	-0.074006	-0.044404	-0.069123	-0.106050	-0.094148	-0.099947
0.393600	-0.081025	-0.135653	-0.073091	-0.119173	-0.077058	-0.044404	-0.071870	-0.095369	-0.096284	-0.090791
0.393700	-0.080110	-0.141146	-0.071870	-0.117342	-0.074311	-0.046845	-0.076143	-0.103304	-0.092622	-0.084993
0.393800	-0.081331	-0.146639	-0.065766	-0.117952	-0.074006	-0.062104	-0.081636	-0.113375	-0.105745	-0.083162
0.393900	-0.088960	-0.155489	-0.070039	-0.113069	-0.092622	-0.072175	-0.086213	-0.119478	-0.118868	-0.092927
0.394000	-0.094759	-0.159152	-0.081331	-0.115816	-0.103609	-0.077058	-0.098726	-0.119478	-0.124971	-0.110323
0.394100	-0.099031	-0.166171	-0.091707	-0.125887	-0.107271	-0.081025	-0.111849	-0.110628	-0.119173	-0.119173
0.394200	-0.123445	-0.164340	-0.095064	-0.137179	-0.092317	-0.082551	-0.117342	-0.106661	-0.118868	-0.123445
0.394300	-0.121614	-0.164340	-0.092927	-0.130770	-0.093538	-0.091096	-0.123751	-0.108797	-0.129549	-0.107881
0.394400	-0.123140	-0.166171	-0.089265	-0.123445	-0.096284	-0.106966	-0.132601	-0.118257	-0.144503	-0.105745
0.394500	-0.125582	-0.174105	-0.099336	-0.127108	-0.115816	-0.108187	-0.145724	-0.116426	-0.160678	-0.107271
0.394600	-0.121004	-0.167391	-0.112459	-0.135958	-0.127718	-0.117342	-0.157015	-0.113680	-0.159152	-0.120699
0.394700	-0.131075	-0.165560	-0.123445	-0.141146	-0.125887	-0.121614	-0.164340	-0.114290	-0.153658	-0.127718
0.394800	-0.133516	-0.172579	-0.125582	-0.146334	-0.125582	-0.122530	-0.174411	-0.125887	-0.173190	-0.116426
0.394900	-0.137179	-0.182956	-0.137179	-0.155795	-0.143893	-0.142672	-0.188754	-0.130465	-0.190280	-0.123445
0.395000	-0.156405	-0.188144	-0.147555	-0.160678	-0.162203	-0.155489	-0.212253	-0.137789	-0.191195	-0.141451
0.395100	-0.172579	-0.190280	-0.168612	-0.166476	-0.159457	-0.160678	-0.224155	-0.137179	-0.192111	-0.149996
0.395200	-0.179293	-0.190890	-0.179293	-0.179904	-0.164340	-0.166476	-0.227817	-0.135348	-0.190585	-0.157321
0.395300	-0.183566	-0.192721	-0.187533	-0.189059	-0.173495	-0.171054	-0.229954	-0.140841	-0.191806	-0.150912
0.395400	-0.196689	-0.201266	-0.197604	-0.189670	-0.189059	-0.178378	-0.231174	-0.150912	-0.197299	-0.144198
0.395500	-0.205539	-0.202792	-0.207370	-0.199741	-0.201572	-0.190280	-0.238804	-0.159457	-0.194858	-0.149996
0.395600	-0.211337	-0.211643	-0.213474	-0.208896	-0.207370	-0.188754	-0.250706	-0.160372	-0.194247	-0.154879
0.395700	-0.220798	-0.220188	-0.231785	-0.218051	-0.211032	-0.197909	-0.259251	-0.156405	-0.192721	-0.162814
0.395800	-0.227512	-0.213474	-0.246738	-0.220493	-0.214084	-0.201572	-0.252232	-0.149386	-0.182345	-0.168612
0.395900	-0.230564	-0.217136	-0.242466	-0.215305	-0.208896	-0.186923	-0.243687	-0.150912	-0.179599	-0.155489
0.396000	-0.235752	-0.218967	-0.243381	-0.207675	-0.212253	-0.186313	-0.235752	-0.149691	-0.174105	-0.153658
0.396100	-0.246738	-0.216831	-0.249485	-0.210727	-0.222934	-0.196689	-0.230869	-0.157931	-0.165560	-0.159152
0.396200	-0.249180	-0.224765	-0.258946	-0.220493	-0.233921	-0.195773	-0.236973	-0.162814	-0.167697	-0.156710
0.396300	-0.259556	-0.232395	-0.264744	-0.225681	-0.243381	-0.201572	-0.232090	-0.164034	-0.165866	-0.164950
0.396400	-0.261082	-0.233005	-0.267796	-0.215915	-0.250706	-0.208591	-0.226597	-0.160678	-0.152743	-0.163729
0.396500	-0.265965	-0.231479	-0.260166	-0.210117	-0.243992	-0.208286	-0.225986	-0.159457	-0.137789	-0.156710
0.396600	-0.260472	-0.219272	-0.252842	-0.204929	-0.233921	-0.205844	-0.216831	-0.160067	-0.142672	-0.159152
0.396700	-0.254063	-0.214389	-0.250706	-0.198520	-0.248264	-0.212863	-0.212558	-0.164340	-0.150607	-0.153964
0.396800	-0.260166	-0.216526	-0.245518	-0.194552	-0.254978	-0.217746	-0.213169	-0.164034	-0.142977	-0.163119
0.396900	-0.247959	-0.220798	-0.247654	-0.181125	-0.252842	-0.212558	-0.211948	-0.170138	-0.141451	-0.171359
0.397000	-0.246128	-0.218357	-0.239719	-0.171359	-0.253147	-0.225681	-0.201877	-0.172579	-0.140536	-0.171359
0.397100	-0.247959	-0.211337	-0.225986	-0.171054	-0.245212	-0.222934	-0.208896	-0.169528	-0.148470	-0.177157
0.397200	-0.247654	-0.200046	-0.224460	-0.168917	-0.243381	-0.228733	-0.203403	-0.173800	-0.149996	-0.177768
0.397300	-0.239109	-0.200656	-0.223850	-0.164034	-0.243381	-0.231785	-0.205539	-0.177462	-0.150912	-0.171054
0.397400	-0.230259	-0.181430	-0.218357	-0.157321	-0.243381	-0.233310	-0.202182	-0.170443	-0.149691	-0.182345
0.397500	-0.221714	-0.177462	-0.222019	-0.146639	-0.247959	-0.236973	-0.202487	-0.166781	-0.154574	-0.178073
0.397600	-0.218357	-0.170748	-0.208591	-0.147860	-0.239414	-0.256199	-0.204318	-0.169833	-0.171359	-0.180514
0.397700	-0.208896	-0.162203	-0.204929	-0.150912	-0.236057	-0.259861	-0.209506	-0.182650	-0.182040	-0.184787
0.397800	-0.212253	-0.155795	-0.202792	-0.144503	-0.244602	-0.265965	-0.216220	-0.190280	-0.180514	-0.184482
0.397900	-0.204929	-0.159457	-0.201572	-0.139620	-0.243992	-0.262913	-0.224765	-0.192721	-0.181125	-0.194552
0.398000	-0.208896	-0.163729	-0.204318	-0.143893	-0.236973	-0.263829	-0.233005	-0.188144	-0.198825	-0.204929
0.398100	-0.210727	-0.160983	-0.208591	-0.154269	-0.223545	-0.270237	-0.229038	-0.174716	-0.192111	-0.206149
0.398200	-0.204624	-0.148776	-0.210727	-0.160983	-0.214084	-0.253758	-0.227207	-0.168307	-0.188144	-0.206455
0.398300	-0.194247	-0.141451	-0.211948	-0.153048	-0.206149	-0.239109	-0.204929	-0.165255	-0.176547	-0.191195
0.398400	-0.178073	-0.125277	-0.200961	-0.142367	-0.198825	-0.228122	-0.200351	-0.160678	-0.166781	-0.186007
0.398500	-0.163119	-0.114290	-0.191195	-0.136263	-0.197909	-0.217441	-0.198825	-0.148470	-0.161288	-0.174105
0.398600	-0.161593	-0.105745	-0.185397	-0.138705	-0.182040	-0.213474	-0.193942	-0.149081	-0.155489	-0.165866
0.398700	-0.145419	-0.106966	-0.177768	-0.138399	-0.180514	-0.213779	-0.184482	-0.156405	-0.162814	-0.154879
0.398800	-0.153048	-0.102388	-0.177157	-0.142367	-0.181430	-0.210727	-0.170443	-0.154574	-0.153964	-0.159762
0.398900	-0.162203	-0.110018	-0.176547	-0.141756	-0.177157	-0.198520	-0.171054	-0.142672	-0.137179	-0.168917
0.399000	-0.169528	-0.100862	-0.184482	-0.131685	-0.156405	-0.178378	-0.155184	-0.131991	-0.125277	-0.170748
0.399100	-0.153658	-0.098421	-0.174105	-0.121004	-0.147555	-0.159152	-0.146334	-0.127718	-0.122530	-0.153353
0.399200	-0.148470	-0.101167	-0.168917	-0.117647	-0.139010	-0.148470	-0.121920	-0.126803	-0.113069	-0.138705
0.399300	-0.148470	-0.098421	-0.171054	-0.121920	-0.137179	-0.152438	-0.106661	-0.135653	-0.111849	-0.130465
0.399400	-0.142672	-0.103609	-0.159152	-0.125277	-0.140841	-0.152133	-0.095674	-0.141756	-0.120089	-0.135348
0.399500	-0.149386	-0.092317	-0.154574	-0.120394	-0.146334	-0.144808	-0.098116	-0.149081	-0.114595	-0.147250
0.399600	-0.136263	-0.100252	-0.153353	-0.120699	-0.152133	-0.147250	-0.099947	-0.152743	-0.107576	-0.144808
0.399700	-0.135958	-0.099947	-0.152438	-0.126497	-0.146639	-0.141451	-0.099031	-0.163729	-0.114900	-0.141756
0.399800	-0.134737	-0.106966	-0.146639	-0.125887	-0.145419	-0.149996	-0.097200	-0.171359	-0.116732	-0.152438
