Timestamp,R_A,R_B,Delta_H_km,GM,Error_Pct,Term_Time,Term_Kinetic,Term_Potential
1520816370,32538105.501547217,30533344.765799314,2004.761,3.94199e14,1.1042,-1.59986e6,8.04410e5,-2.01788e-9
1520816400,32536069.197515253,30519154.482709892,2016.915,3.80020e14,4.6614,-1.58161e6,8.09715e5,-2.03119e-9
1520816430,32533977.55451255,30504922.596034944,2029.055,3.91017e14,1.9024,-1.61446e6,8.15023e5,-2.04450e-9
1520816460,32531830.583645537,30490649.22731064,2041.181,4.01043e14,0.6128,-1.64561e6,8.20333e5,-2.05782e-9
1520816490,32529628.2963463,30476334.49882356,2053.294,4.14693e14,4.0373,-1.68453e6,8.25646e5,-2.07114e-9
1520816520,32527370.704346284,30461978.533614732,2065.392,4.12416e14,3.4661,-1.69063e6,8.30961e5,-2.08447e-9
1520816550,32525057.819677003,30447581.455483187,2077.476,3.97373e14,0.3080,-1.66989e6,8.36279e5,-2.09781e-9
1520816580,32522689.65467043,30433143.388989568,2089.546,4.10759e14,3.0502,-1.70877e6,8.41599e5,-2.11115e-9
1520816610,32520266.221959744,30418664.459459774,2101.602,4.02571e14,0.9960,-1.70218e6,8.46922e5,-2.12450e-9
1520816640,32517787.53447987,30404144.79298855,2113.643,3.83897e14,3.6888,-1.67296e6,8.52247e5,-2.13785e-9
1520816670,32515253.605468094,30389584.51644314,2125.669,3.98754e14,0.0386,-1.71538e6,8.57575e5,-2.15121e-9
1520816700,32512664.448464703,30374983.757466987,2137.681,3.94522e14,1.0233,-1.71688e6,8.62905e5,-2.16458e-9
1520816730,32510020.077294953,30360342.644481983,2149.677,3.86695e14,2.9867,-1.71044e6,8.68238e5,-2.17796e-9
1520816760,32507320.506127175,30345661.306696326,2161.659,4.01017e14,0.6063,-1.75234e6,8.73574e5,-2.19134e-9
1520816790,32504565.749415856,30330939.874104206,2173.626,4.08139e14,2.3931,-1.77875e6,8.78912e5,-2.20473e-9
1520816820,32501755.821920715,30316178.477490712,2185.577,3.99975e14,0.3448,-1.77144e6,8.84253e5,-2.21812e-9
1520816850,32498890.738707215,30301377.248435672,2197.513,3.99983e14,0.3468,-1.78217e6,8.89596e5,-2.23152e-9
1520816880,32495970.51514701,30286536.31931729,2209.434,3.89214e14,2.3547,-1.76870e6,8.94941e5,-2.24493e-9
1520816910,32492995.166918516,30271655.82331595,2221.339,3.83271e14,3.8458,-1.76585e6,9.00290e5,-2.25834e-9
1520816940,32489964.710007258,30256735.894418,2233.229,4.02295e14,0.9270,-1.81956e6,9.05640e5,-2.27176e-9
1520816970,32486879.160706453,30241776.66741949,2245.102,4.02250e14,0.9155,-1.83021e6,9.10994e5,-2.28518e-9
1520817000,32483738.535617433,30226778.27792999,2256.960,3.95272e14,0.8351,-1.82493e6,9.16349e5,-2.29861e-9
1520817030,32480542.851648346,30211740.862382185,2268.802,3.96020e14,0.6474,-1.83733e6,9.21708e5,-2.31205e-9
1520817060,32477292.126020256,30196664.55801791,2280.628,3.92766e14,1.4639,-1.84044e6,9.27068e5,-2.32550e-9
1520817090,32473986.376261994,30181549.502909802,2292.437,3.98162e14,0.1100,-1.86371e6,9.32432e5,-2.33895e-9
1520817120,32470625.62021248,30166395.835959397,2304.230,4.13686e14,3.7845,-1.91095e6,9.37797e5,-2.35240e-9
1520817150,32467209.8760213,30151203.69690107,2316.006,4.08817e14,2.5630,-1.91037e6,9.43166e5,-2.36587e-9
1520817180,32463739.162149113,30135973.226305954,2327.766,3.93198e14,1.3552,-1.88409e6,9.48536e5,-2.37933e-9
1520817210,32460213.4973684,30120704.565585837,2339.509,3.90302e14,2.0819,-1.88783e6,9.53910e5,-2.39281e-9
1520817240,32456632.900763847,30105397.856997125,2351.235,3.90738e14,1.9725,-1.89951e6,9.59285e5,-2.40629e-9
1520817270,32452997.391733088,30090053.24364477,2362.944,4.05009e14,1.6078,-1.94470e6,9.64663e5,-2.41978e-9
1520817300,32449306.9899873,30074670.86948622,2374.636,4.10991e14,3.1085,-1.97010e6,9.70044e5,-2.43327e-9
1520817330,32445561.71557469,30059250.87932258,2386.311,4.01645e14,0.7638,-1.95816e6,9.75427e5,-2.44677e-9
1520817360,32441761.588810798,30043793.418842,2397.968,3.95287e14,0.8312,-1.95333e6,9.80812e5,-2.46028e-9
1520817390,32437906.63034977,30028298.634584144,2409.608,3.86741e14,2.9753,-1.94292e6,9.86200e5,-2.47379e-9
1520817420,32433996.86116239,30012766.673956838,2421.230,3.94408e14,1.0518,-1.97260e6,9.91591e5,-2.48731e-9
1520817450,32430032.30253709,29997197.685239967,2432.835,4.03585e14,1.2506,-2.00628e6,9.96983e5,-2.50083e-9
1520817480,32426012.97608078,29981591.817589343,2444.421,4.01226e14,0.6588,-2.01121e6,1.00238e6,-2.51436e-9
1520817510,32421938.903719895,29965949.221040703,2455.990,4.07017e14,2.1115,-2.03667e6,1.00778e6,-2.52790e-9
1520817540,32417810.1077013,29950270.04651356,2467.540,4.20449e14,5.4812,-2.08172e6,1.01318e6,-2.54144e-9
1520817570,32413626.61059326,29934554.44581517,2479.072,4.03663e14,1.2700,-2.04993e6,1.01858e6,-2.55499e-9
1520817600,32409388.43528637,29918802.57164452,2490.586,3.92680e14,1.4853,-2.03260e6,1.02398e6,-2.56854e-9
1520817630,32405095.604963172,29903014.577617414,2502.081,4.02053e14,0.8663,-2.06753e6,1.02939e6,-2.58210e-9
1520817660,32400748.143195778,29887190.61820533,2513.558,3.98431e14,0.0424,-2.06899e6,1.03480e6,-2.59567e-9
1520817690,32396346.073849946,29871330.84880476,2525.015,3.91270e14,1.8391,-2.06113e6,1.04021e6,-2.60924e-9
1520817720,32391889.421117075,29855435.425720282,2536.454,3.85668e14,3.2444,-2.05716e6,1.04562e6,-2.62281e-9
1520817750,32387378.209514942,29839504.506168693,2547.874,3.84095e14,3.6391,-2.06367e6,1.05104e6,-2.63640e-9
1520817780,32382812.463888332,29823538.248283304,2559.274,3.95290e14,0.8304,-2.10397e6,1.05646e6,-2.64998e-9
1520817810,32378192.209409826,29807536.811118115,2570.655,3.96609e14,0.4997,-2.11828e6,1.06188e6,-2.66358e-9
1520817840,32373517.471580412,29791500.354652047,2582.017,3.82348e14,4.0773,-2.09091e6,1.06730e6,-2.67718e-9
1520817870,32368788.276230257,29775429.039793167,2593.359,4.04928e14,1.5874,-2.16230e6,1.07273e6,-2.69078e-9
1520817900,32364004.649519335,29759323.028382905,2604.682,4.20828e14,5.5765,-2.21624e6,1.07815e6,-2.70439e-9
1520817930,32359166.6179623,29743182.483170763,2615.984,4.02186e14,0.8996,-2.17673e6,1.08358e6,-2.71801e-9
1520817960,32354274.208355166,29727007.567909557,2627.267,3.93085e14,1.3838,-2.16277e6,1.08901e6,-2.73163e-9
1520817990,32349327.447850194,29710798.447268352,2638.529,3.93710e14,1.2270,-2.17528e6,1.09445e6,-2.74525e-9
1520818020,32344326.36393299,29694555.286866017,2649.771,4.01071e14,0.6199,-2.20639e6,1.09988e6,-2.75888e-9
1520818050,32339270.984423414,29678278.253275163,2660.993,4.04265e14,1.4212,-2.22615e6,1.10532e6,-2.77252e-9
1520818080,32334161.33747666,29661967.51402618,2672.194,3.99106e14,0.1269,-2.22273e6,1.11076e6,-2.78616e-9
1520818110,32328997.45158435,29645623.237611257,2683.374,3.94088e14,1.1320,-2.21957e6,1.11620e6,-2.79981e-9
1520818140,32323779.355575588,29629245.593488358,2694.534,3.93996e14,1.1553,-2.23014e6,1.12165e6,-2.81346e-9
1520818170,32318507.07861803,29612834.752085246,2705.672,3.94911e14,0.9257,-2.24355e6,1.12709e6,-2.82712e-9
1520818200,32313180.650219053,29596390.884803586,2716.790,3.96355e14,0.5634,-2.25850e6,1.13254e6,-2.84078e-9
1520818230,32307800.100217834,29579914.164059162,2727.886,3.96210e14,0.5997,-2.26895e6,1.13799e6,-2.85445e-9
1520818260,32302365.458814394,29563404.763174314,2738.961,3.96720e14,0.4717,-2.28128e6,1.14344e6,-2.86812e-9
1520818290,32296876.756542806,29546862.856494024,2750.014,4.07928e14,2.3400,-2.32446e6,1.14889e6,-2.88179e-9
1520818320,32291334.02428144,29530288.61935407,2761.045,4.00602e14,0.5021,-2.31428e6,1.15435e6,-2.89548e-9
1520818350,32285737.293253973,29513682.228085406,2772.055,3.87207e14,2.8582,-2.28626e6,1.15981e6,-2.90916e-9
1520818380,32280086.595030546,29497043.860018604,2783.043,3.88268e14,2.5923,-2.30011e6,1.16527e6,-2.92285e-9
1520818410,32274381.961528875,29480373.69348831,2794.008,3.96816e14,0.4476,-2.33599e6,1.17073e6,-2.93655e-9
1520818440,32268623.425015382,29463671.9078376,2804.952,4.00193e14,0.3996,-2.35686e6,1.17619e6,-2.95024e-9
1520818470,32262811.018106338,29446938.683422476,2815.872,3.92819e14,1.4503,-2.34595e6,1.18165e6,-2.96395e-9
1520818500,32256944.773768954,29430174.201616228,2826.771,3.99232e14,0.1585,-2.37589e6,1.18712e6,-2.97766e-9
1520818530,32251024.725321777,29413378.644776702,2837.646,4.01570e14,0.7451,-2.39383e6,1.19259e6,-2.99137e-9
1520818560,32245050.906438377,29396552.196365282,2848.499,3.90713e14,1.9789,-2.37218e6,1.19806e6,-3.00508e-9
1520818590,32239023.351145837,29379695.040836375,2859.328,4.04475e14,1.4739,-2.42456e6,1.20353e6,-3.01880e-9
1520818620,32232942.093826734,29362807.36367868,2870.135,4.10976e14,3.1048,-2.45530e6,1.20900e6,-3.03253e-9
1520818650,32226807.16922038,29345889.35141923,2880.918,4.06965e14,2.0985,-2.45419e6,1.21447e6,-3.04626e-9
1520818680,32220618.61242396,29328941.19162747,2891.677,4.03498e14,1.2288,-2.45465e6,1.21995e6,-3.05999e-9
1520818710,32214376.458893705,29311963.072919313,2902.413,3.88264e14,2.5932,-2.41884e6,1.22543e6,-3.07372e-9
1520818740,32208080.7444461,29294955.184961203,2913.126,3.81903e14,4.1889,-2.41002e6,1.23091e6,-3.08746e-9
1520818770,32201731.50525908,29277917.718474075,2923.814,3.88868e14,2.4417,-2.44234e6,1.23639e6,-3.10120e-9
1520818800,32195328.77787326,29260850.865237508,2934.478,3.97328e14,0.3191,-2.47952e6,1.24187e6,-3.11495e-9
1520818830,32188872.599193234,29243754.818122063,2945.118,4.02483e14,0.9740,-2.50660e6,1.24735e6,-3.12870e-9
1520818860,32182363.006488506,29226629.771005988,2955.733,4.08803e14,2.5597,-2.53748e6,1.25283e6,-3.14245e-9
1520818890,32175800.03739517,29209475.918866884,2966.324,4.02624e14,1.0095,-2.52908e6,1.25832e6,-3.15621e-9
1520818920,32169183.729917046,29192293.457757723,2976.890,3.97680e14,0.2308,-2.52444e6,1.26380e6,-3.16997e-9
1520818950,32162514.12242691,29175082.58481105,2987.432,4.08583e14,2.5045,-2.57011e6,1.26929e6,-3.18373e-9
1520818980,32155791.25366785,29157843.49824341,2997.948,4.07310e14,2.1851,-2.57715e6,1.27478e6,-3.19749e-9
1520819010,32149015.16275461,29140576.397359647,3008.439,4.03301e14,1.1793,-2.57538e6,1.28027e6,-3.21126e-9
1520819040,32142185.889174897,29123281.482557245,3018.904,3.94927e14,0.9215,-2.55941e6,1.28576e6,-3.22503e-9
1520819070,32135303.472790718,29105958.95533068,3029.345,3.84497e14,3.5383,-2.53656e6,1.29125e6,-3.23880e-9
1520819100,32128367.953839805,29088609.018275797,3039.759,3.95059e14,0.8884,-2.58171e6,1.29675e6,-3.25258e-9
1520819130,32121379.372942973,29071231.875081178,3050.147,4.04056e14,1.3687,-2.62203e6,1.30224e6,-3.26635e-9
1520819160,32114337.771087058,29053827.730572384,3060.510,4.02916e14,1.0827,-2.62935e6,1.30774e6,-3.28013e-9
1520819190,32107243.189644843,29036396.790676292,3070.846,4.02850e14,1.0662,-2.64019e6,1.31323e6,-3.29391e-9
1520819220,32100095.67037052,29018939.262438294,3081.156,4.04193e14,1.4031,-2.65568e6,1.31873e6,-3.30770e-9
1520819250,32092895.2554012,29001455.354026474,3091.440,3.98688e14,0.0221,-2.64846e6,1.32422e6,-3.32148e-9
1520819280,32085641.98725846,28983945.274735797,3101.697,3.95986e14,0.6558,-2.65044e6,1.32972e6,-3.33527e-9
1520819310,32078335.908849835,28966409.234992363,3111.927,4.01595e14,0.7513,-2.68019e6,1.33522e6,-3.34906e-9
1520819340,32070977.063470412,28948847.446357485,3122.130,3.97059e14,0.3867,-2.67597e6,1.34072e6,-3.36285e-9
1520819370,32063565.494804278,28931260.121531904,3132.305,4.00350e14,0.4390,-2.69806e6,1.34622e6,-3.37664e-9
1520819400,32056101.246926185,28913647.474359896,3142.454,4.02484e14,0.9744,-2.71632e6,1.35172e6,-3.39043e-9
1520819430,32048584.364293635,28896009.71983406,3152.575,3.98849e14,0.0623,-2.71499e6,1.35722e6,-3.40423e-9
1520819460,32041014.891777467,28878347.074097477,3162.668,3.98885e14,0.0714,-2.72612e6,1.36272e6,-3.41802e-9
1520819490,32033392.87463445,28860659.7544497,3172.733,3.99480e14,0.2206,-2.73916e6,1.36822e6,-3.43182e-9
1520819520,32025718.35851813,28842947.979350254,3182.770,4.03421e14,1.2094,-2.76376e6,1.37372e6,-3.44562e-9
1520819550,32017991.389480427,28825211.96842271,3192.779,3.91401e14,1.8061,-2.73324e6,1.37923e6,-3.45941e-9
1520819580,32010212.0139731,28807451.942458715,3202.760,3.95788e14,0.7056,-2.75938e6,1.38473e6,-3.47321e-9
1520819610,32002380.27884935,28789668.12342211,3212.712,4.03057e14,1.1180,-2.79569e6,1.39023e6,-3.48701e-9
1520819640,31994496.231365323,28771860.73445293,3222.635,4.03991e14,1.3524,-2.81003e6,1.39573e6,-3.50081e-9
1520819670,31986559.919181757,28754029.999871414,3232.530,4.10165e14,2.9012,-2.84280e6,1.40123e6,-3.51460e-9
1520819700,31978571.390365474,28736176.145182088,3242.395,4.00532e14,0.4845,-2.81997e6,1.40674e6,-3.52840e-9
1520819730,31970530.693400446,28718299.397081163,3252.231,3.89950e14,2.1703,-2.79352e6,1.41224e6,-3.54220e-9
1520819760,31962437.877160437,28700399.983449806,3262.038,3.87226e14,2.8535,-2.79472e6,1.41774e6,-3.55600e-9
1520819790,31954292.990939602,28682478.13336899,3271.815,3.87491e14,2.7871,-2.80650e6,1.42324e6,-3.56979e-9
1520819820,31946096.08444481,28664534.077119995,3281.562,3.97877e14,0.1815,-2.85457e6,1.42874e6,-3.58359e-9
1520819850,31937847.20779739,28646568.046188314,3291.279,4.06901e14,2.0823,-2.89802e6,1.43424e6,-3.59738e-9
1520819880,31929546.411534894,28628580.27326757,3300.966,3.95954e14,0.6641,-2.86960e6,1.43974e6,-3.61117e-9
1520819910,31921193.746612836,28610570.992263515,3310.623,3.88780e14,2.4638,-2.85456e6,1.44524e6,-3.62497e-9
1520819940,31912789.26440648,28592540.43829793,3320.249,3.93401e14,1.3045,-2.88223e6,1.45074e6,-3.63876e-9
1520819970,31904333.016712606,28574488.847712457,3329.844,3.99521e14,0.2310,-2.91551e6,1.45624e6,-3.65255e-9
1520820000,31895825.05575133,28556416.458072487,3339.409,4.01599e14,0.7524,-2.93414e6,1.46174e6,-3.66633e-9
1520820030,31887265.43415788,28538323.508166347,3348.942,4.00299e14,0.4262,-2.94039e6,1.46724e6,-3.68012e-9
1520820060,31878654.2050153,28520210.2380237,3358.444,3.95692e14,0.7295,-2.93438e6,1.47273e6,-3.69390e-9
1520820090,31869991.4218254,28502076.888904512,3367.915,3.92449e14,1.5432,-2.93331e6,1.47823e6,-3.70768e-9
1520820120,31861277.13852053,28483923.7033076,3377.353,4.01559e14,0.7422,-2.97811e6,1.48372e6,-3.72146e-9
1520820150,31852511.40946531,28465750.924974438,3386.760,4.01025e14,0.6082,-2.98714e6,1.48922e6,-3.73524e-9
1520820180,31843694.28945846,28447558.798892785,3396.135,3.94525e14,1.0225,-2.97379e6,1.49471e6,-3.74901e-9
1520820210,31834825.833734594,28429347.571300436,3405.478,4.00183e14,0.3970,-3.00600e6,1.50020e6,-3.76278e-9
1520820240,31825906.09796604,28411117.489688843,3414.789,4.00322e14,0.4319,-3.01752e6,1.50569e6,-3.77655e-9
1520820270,31816935.138264675,28392868.802806806,3424.066,3.81447e14,4.3035,-2.95698e6,1.51118e6,-3.79031e-9
1520820300,31807913.01118376,28374601.760664042,3433.311,3.88059e14,2.6445,-2.99287e6,1.51666e6,-3.80407e-9
1520820330,31798839.773730878,28356316.614544593,3442.523,4.05661e14,1.7714,-3.07089e6,1.52215e6,-3.81782e-9
1520820360,31789715.483335864,28338013.61698025,3451.702,4.02284e14,0.9241,-3.06901e6,1.52763e6,-3.83157e-9
1520820390,31780540.19788665,28319693.02178447,3460.847,3.95989e14,0.6551,-3.05582e6,1.53311e6,-3.84532e-9
1520820420,31771313.975720268,28301355.08404614,3469.959,3.96583e14,0.5062,-3.06903e6,1.53859e6,-3.85906e-9
1520820450,31762036.875624932,28283000.060133148,3479.037,4.01775e14,0.7964,-3.10006e6,1.54407e6,-3.87280e-9
1520820480,31752708.956842065,28264628.207695875,3488.081,3.97260e14,0.3362,-3.09351e6,1.54955e6,-3.88653e-9
1520820510,31743330.279068407,28246239.78567075,3497.090,4.03297e14,1.1782,-3.12798e6,1.55502e6,-3.90026e-9
1520820540,31733900.902458027,28227835.054283656,3506.066,4.04300e14,1.4299,-3.14292e6,1.56049e6,-3.91398e-9
1520820570,31724420.8876245,28209414.275053386,3515.007,4.00823e14,0.5577,-3.14028e6,1.56596e6,-3.92770e-9
1520820600,31714890.29564292,28190977.710794955,3523.913,4.04014e14,1.3582,-3.16382e6,1.57143e6,-3.94141e-9
1520820630,31705309.188045174,28172525.625606045,3532.784,3.97476e14,0.2822,-3.14896e6,1.57689e6,-3.95512e-9
1520820660,31695677.62684342,28154058.284922488,3541.619,3.97138e14,0.3669,-3.15852e6,1.58236e6,-3.96881e-9
1520820690,31685995.674510915,28135575.955469035,3550.420,4.04032e14,1.3627,-3.19688e6,1.58782e6,-3.98251e-9
1520820720,31676263.393990945,28117078.90527939,3559.184,4.05328e14,1.6877,-3.21304e6,1.59327e6,-3.99619e-9
1520820750,31666480.848698936,28098567.403699264,3567.913,4.14482e14,3.9843,-3.26075e6,1.59873e6,-4.00987e-9
1520820780,31656648.10252463,28080041.72138923,3576.606,4.06217e14,1.9108,-3.23861e6,1.60418e6,-4.02354e-9
1520820810,31646765.21983413,28061502.130327743,3585.263,3.96305e14,0.5758,-3.20959e6,1.60963e6,-4.03720e-9
1520820840,31636832.265472118,28042948.90381395,3593.883,4.02971e14,1.0965,-3.24745e6,1.61507e6,-4.05086e-9
1520820870,31626849.304763857,28024382.316470515,3602.467,3.95216e14,0.8491,-3.22687e6,1.62052e6,-4.06451e-9
1520820900,31616816.403517492,28005802.644246485,3611.014,3.93855e14,1.1904,-3.23216e6,1.62595e6,-4.07815e-9
1520820930,31606733.628023192,27987210.164438397,3619.523,3.96644e14,0.4907,-3.25437e6,1.63139e6,-4.09178e-9
1520820960,31596601.04506432,27968605.15563626,3627.996,3.90918e14,1.9275,-3.24170e6,1.63682e6,-4.10540e-9
1520820990,31586418.721910577,27949987.897783134,3636.431,3.94450e14,1.0412,-3.26700e6,1.64225e6,-4.11901e-9
1520821020,31576186.726323042,27931358.67215957,3644.828,3.97217e14,0.3470,-3.28922e6,1.64768e6,-4.13262e-9
1520821050,31565905.12655646,27912717.76138628,3653.187,3.98965e14,0.0915,-3.30729e6,1.65310e6,-4.14621e-9
1520821080,31555573.991361365,27894065.44942689,3661.509,3.90028e14,2.1506,-3.28095e6,1.65851e6,-4.15980e-9
1520821110,31545193.389986344,27875402.021590628,3669.791,3.92208e14,1.6036,-3.30076e6,1.66393e6,-4.17337e-9
1520821140,31534763.392180264,27856727.76453494,3678.036,4.01261e14,0.6675,-3.34939e6,1.66933e6,-4.18694e-9
1520821170,31524284.06819459,27838042.966268066,3686.241,3.96483e14,0.5312,-3.34016e6,1.67474e6,-4.20049e-9
1520821200,31513755.4887856,27819347.916151553,3694.408,4.03278e14,1.1734,-3.37956e6,1.68014e6,-4.21403e-9
1520821230,31503177.72522916,27800642.90489262,3702.535,4.04254e14,1.4182,-3.39454e6,1.68553e6,-4.22756e-9
1520821260,31492550.84928476,27781928.224577744,3710.623,3.98336e14,0.0664,-3.38030e6,1.69093e6,-4.24108e-9
1520821290,31481874.93323635,27763204.168643784,3718.671,3.97663e14,0.2352,-3.38820e6,1.69631e6,-4.25459e-9
1520821320,31471150.049882293,27744471.0318903,3726.679,3.99633e14,0.2592,-3.40736e6,1.70169e6,-4.26808e-9
1520821350,31460376.27253794,27725729.110481653,3734.647,4.01361e14,0.6925,-3.42552e6,1.70707e6,-4.28157e-9
1520821380,31449553.675038073,27706978.70194909,3742.575,4.03809e14,1.3067,-3.44681e6,1.71244e6,-4.29504e-9
1520821410,31438682.33173946,27688220.105192754,3750.462,4.03409e14,1.2065,-3.45589e6,1.71781e6,-4.30849e-9
1520821440,31427762.317523398,27669453.620483566,3758.309,3.98680e14,0.0199,-3.44623e6,1.72317e6,-4.32194e-9
1520821470,31416793.707798243,27650679.549465105,3766.114,3.95831e14,0.6947,-3.44459e6,1.72852e6,-4.33537e-9
1520821500,31405776.578501932,27631898.195155356,3773.878,3.92528e14,1.5233,-3.44089e6,1.73387e6,-4.34878e-9
1520821530,31394711.00608833,27613109.86194445,3781.601,3.93085e14,1.3837,-3.45392e6,1.73921e6,-4.36218e-9
1520821560,31383597.06758004,27594314.8556086,3789.282,3.95716e14,0.7236,-3.47604e6,1.74455e6,-4.37557e-9
1520821590,31372434.840520516,27575513.483299237,3796.921,3.94300e14,1.0788,-3.48045e6,1.74988e6,-4.38894e-9
1520821620,31361224.402992833,27556706.05354852,3804.518,3.96095e14,0.6285,-3.49894e6,1.75521e6,-4.40230e-9
1520821650,31349965.83362222,27537892.876270663,3812.073,4.02333e14,0.9365,-3.53709e6,1.76053e6,-4.41564e-9
1520821680,31338659.211578496,27519074.262763336,3819.585,3.98486e14,0.0288,-3.53072e6,1.76584e6,-4.42896e-9
1520821710,31327304.61657861,27500250.525708884,3827.054,4.00093e14,0.3745,-3.54847e6,1.77115e6,-4.44227e-9
1520821740,31315902.12888914,27481421.979175474,3834.480,3.97264e14,0.3354,-3.54648e6,1.77645e6,-4.45556e-9
1520821770,31304451.82932879,27462588.938618273,3841.863,3.95155e14,0.8644,-3.54762e6,1.78174e6,-4.46883e-9
1520821800,31292953.799270995,27443751.720880434,3849.202,3.94970e14,0.9108,-3.55732e6,1.78703e6,-4.48209e-9
1520821830,31281408.1206619,27424910.644210577,3856.497,3.85436e14,3.3026,-3.52497e6,1.79231e6,-4.49533e-9
1520821860,31269814.875975255,27406066.028212886,3863.749,3.95361e14,0.8126,-3.58008e6,1.79758e6,-4.50855e-9
1520821890,31258174.148262937,27387218.193898987,3870.956,4.00554e14,0.4902,-3.61405e6,1.80284e6,-4.52175e-9
1520821920,31246486.02114216,27368367.463672213,3878.119,4.00924e14,0.5829,-3.62626e6,1.80810e6,-4.53493e-9
1520821950,31234750.578798264,27349514.161328547,3885.236,3.98393e14,0.0519,-3.62528e6,1.81335e6,-4.54810e-9
1520821980,31222967.905987464,27330658.612057194,3892.309,3.95730e14,0.7202,-3.62360e6,1.81859e6,-4.56124e-9
1520822010,31211138.088039692,27311801.142441314,3899.337,4.01199e14,0.6519,-3.65905e6,1.82382e6,-4.57437e-9
1520822040,31199261.21086139,27292942.080458526,3906.319,4.07215e14,2.1612,-3.69713e6,1.82904e6,-4.58747e-9
1520822070,31187337.360938333,27274081.755481362,3913.256,3.98457e14,0.0360,-3.66738e6,1.83426e6,-4.60055e-9
1520822100,31175366.625338532,27255220.498277567,3920.146,3.88294e14,2.5856,-3.63091e6,1.83947e6,-4.61361e-9
1520822130,31163349.091702707,27236358.640986834,3926.990,3.96145e14,0.6161,-3.67749e6,1.84467e6,-4.62665e-9
1520822160,31151284.848285146,27217496.517193682,3933.788,3.98843e14,0.0609,-3.70036e6,1.84986e6,-4.63967e-9
1520822190,31139173.983918488,27198634.461854417,3940.540,4.06452e14,1.9699,-3.74612e6,1.85504e6,-4.65266e-9
1520822220,31127016.588028856,27179772.811320584,3947.244,4.08844e14,2.5699,-3.76773e6,1.86021e6,-4.66563e-9
1520822250,31114812.75063863,27160911.903338596,3953.901,3.92852e14,1.4423,-3.70336e6,1.86537e6,-4.67858e-9
1520822280,31102562.562369283,27142052.07704928,3960.510,3.88464e14,2.5431,-3.69301e6,1.87053e6,-4.69151e-9
1520822310,31090266.11444425,27123193.672987353,3967.072,3.94104e14,1.1280,-3.72970e6,1.87567e6,-4.70441e-9
1520822340,31077923.49869166,27104337.03308073,3973.586,3.96866e14,0.4352,-3.75293e6,1.88080e6,-4.71728e-9
1520822370,31065534.807547305,27085482.50064982,3980.052,3.97725e14,0.2197,-3.76722e6,1.88593e6,-4.73013e-9
1520822400,31053100.134057436,27066630.42040665,3986.470,3.99839e14,0.3108,-3.78746e6,1.89104e6,-4.74296e-9
1520822430,31040619.571889263,27047781.138480153,3992.838,3.94093e14,1.1308,-3.77036e6,1.89614e6,-4.75576e-9
1520822460,31028093.215310477,27028935.002334196,3999.158,3.92342e14,1.5700,-3.77213e6,1.90124e6,-4.76853e-9
1520822490,31015521.159215614,27010092.36084772,4005.429,3.95391e14,0.8052,-3.79679e6,1.90632e6,-4.78128e-9
1520822520,31002903.499121487,26991253.564287346,4011.650,3.93565e14,1.2634,-3.79814e6,1.91139e6,-4.79400e-9
1520822550,30990240.331170175,26972418.964306213,4017.821,3.95756e14,0.7137,-3.81872e6,1.91645e6,-4.80669e-9
1520822580,30977531.752132095,26953588.913942777,4023.943,3.95100e14,0.8781,-3.82562e6,1.92150e6,-4.81935e-9
1520822610,30964777.859409057,26934763.76761939,4030.014,3.97986e14,0.1542,-3.84960e6,1.92654e6,-4.83198e-9
1520822640,30951978.751037333,26915943.88114087,4036.035,3.98676e14,0.0191,-3.86298e6,1.93156e6,-4.84459e-9
1520822670,30939134.52569075,26897129.611692842,4042.005,3.98891e14,0.0730,-3.87406e6,1.93657e6,-4.85716e-9
1520822700,30926245.28268383,26878321.317840006,4047.924,4.00717e14,0.5311,-3.89295e6,1.94158e6,-4.86971e-9
1520822730,30913311.121972024,26859519.35949767,4053.792,3.95787e14,0.7058,-3.87889e6,1.94657e6,-4.88222e-9
1520822760,30900332.144163646,26840724.09801192,4059.608,3.95093e14,0.8799,-3.88541e6,1.95154e6,-4.89471e-9
1520822790,30887308.450514317,26821935.89607499,4065.373,3.99897e14,0.3253,-3.91887e6,1.95651e6,-4.90716e-9
1520822820,30874240.142932903,26803155.117749535,4071.085,4.02631e14,1.0111,-3.94223e6,1.96146e6,-4.91958e-9
1520822850,30861127.32398469,26784382.128466006,4076.745,3.99055e14,0.1139,-3.93452e6,1.96640e6,-4.93197e-9
1520822880,30847970.09689452,26765617.295019917,4082.353,4.02461e14,0.9686,-3.96122e6,1.97132e6,-4.94432e-9
1520822910,30834768.56555006,26746860.985569015,4087.908,4.02865e14,1.0700,-3.97310e6,1.97624e6,-4.95664e-9
1520822940,30821522.83450491,26728113.569630213,4093.409,3.99445e14,0.2119,-3.96595e6,1.98113e6,-4.96893e-9
1520822970,30808233.00898186,26709375.418076538,4098.858,4.03021e14,1.1091,-3.99354e6,1.98602e6,-4.98118e-9
1520823000,30794899.194876093,26690646.903133817,4104.252,4.01844e14,0.8136,-3.99745e6,1.99089e6,-4.99340e-9
1520823030,30781521.498758674,26671928.39840343,4109.593,4.02625e14,1.0097,-4.01112e6,1.99575e6,-5.00558e-9
1520823060,30768100.027879223,26653220.27877823,4114.880,4.00716e14,0.5308,-4.01127e6,2.00059e6,-5.01772e-9
1520823090,30754634.890169557,26634522.92051974,4120.112,4.01727e14,0.7843,-4.02603e6,2.00541e6,-5.02983e-9
1520823120,30741126.19424693,26615836.70122841,4125.289,4.03020e14,1.1088,-4.04222e6,2.01023e6,-5.04190e-9
1520823150,30727574.04941729,26597161.999839913,4130.412,3.99192e14,0.1484,-4.03252e6,2.01502e6,-5.05394e-9
1520823180,30713978.565678615,26578499.196621217,4135.479,3.94220e14,1.0990,-4.01690e6,2.01981e6,-5.06593e-9
1520823210,30700339.853724264,26559848.673166696,4140.491,3.89150e14,2.3708,-4.00063e6,2.02457e6,-5.07789e-9
1520823240,30686658.02494632,26541210.81239391,4145.447,3.96362e14,0.5616,-4.04673e6,2.02932e6,-5.08980e-9
1520823270,30672933.19143894,26522585.99853934,4150.347,3.99708e14,0.2780,-4.07324e6,2.03406e6,-5.10168e-9
1520823300,30659165.46600178,26503974.61715387,4155.191,4.01897e14,0.8270,-4.09388e6,2.03878e6,-5.11352e-9
1520823330,30645354.962143872,26485377.05507426,4159.978,4.03491e14,1.2269,-4.11149e6,2.04348e6,-5.12531e-9
1520823360,30631501.7940854,26466793.700492423,4164.708,4.00456e14,0.4656,-4.10533e6,2.04816e6,-5.13706e-9
1520823390,30617606.076762978,26448224.94287609,4169.381,3.96318e14,0.5727,-4.09338e6,2.05283e6,-5.14877e-9
1520823420,30603667.925832465,26429671.172987588,4173.997,3.97292e14,0.3281,-4.10769e6,2.05748e6,-5.16044e-9
1520823450,30589687.45767246,26411132.782878444,4178.555,4.02595e14,1.0023,-4.14437e6,2.06212e6,-5.17207e-9
1520823480,30575664.78938771,26392610.16588371,4183.055,3.99697e14,0.2751,-4.13862e6,2.06673e6,-5.18365e-9
1520823510,30561600.038812708,26374103.71661621,4187.496,3.99830e14,0.3085,-4.14852e6,2.07133e6,-5.19518e-9
1520823540,30547493.324515115,26355613.83096054,4191.879,3.95038e14,0.8939,-4.13274e6,2.07591e6,-5.20667e-9
1520823570,30533344.765799314,26337140.90606702,4196.204,4.00359e14,0.4412,-4.16959e6,2.08047e6,-5.21811e-9
1520823600,30519154.482709892,26318685.340345394,4200.469,4.05211e14,1.6583,-4.20407e6,2.08502e6,-5.22951e-9
1520823630,30504922.596034944,26300247.53347696,4204.675,3.98142e14,0.1149,-4.17615e6,2.08954e6,-5.24086e-9
1520823660,30490649.22731064,26281827.886350505,4208.821,3.95805e14,0.7013,-4.17288e6,2.09405e6,-5.25216e-9
1520823690,30476334.49882356,26263426.801113285,4212.908,3.90495e14,2.0335,-4.15387e6,2.09853e6,-5.26342e-9
1520823720,30461978.533614732,26245044.681145567,4216.934,3.89439e14,2.2984,-4.15714e6,2.10300e6,-5.27462e-9
1520823750,30447581.455483187,26226681.931053612,4220.900,3.97529e14,0.2687,-4.20869e6,2.10744e6,-5.28578e-9
1520823780,30433143.388989568,26208338.956662588,4224.804,3.98428e14,0.0432,-4.22230e6,2.11187e6,-5.29688e-9
1520823810,30418664.459459774,26190016.16500918,4228.648,3.97103e14,0.3757,-4.22407e6,2.11628e6,-5.30794e-9
1520823840,30404144.79298855,26171713.964334227,4232.431,3.95710e14,0.7253,-4.22542e6,2.12066e6,-5.31894e-9
1520823870,30389584.51644314,26153432.76407498,4236.152,3.97028e14,0.3945,-4.24114e6,2.12503e6,-5.32989e-9
1520823900,30374983.757466987,26135172.974857245,4239.811,4.01668e14,0.7696,-4.27459e6,2.12937e6,-5.34078e-9
1520823930,30360342.644481983,26116935.00847869,4243.408,3.99454e14,0.2141,-4.27142e6,2.13369e6,-5.35163e-9
1520823960,30345661.306696326,26098719.27792761,4246.942,3.99117e14,0.1297,-4.27822e6,2.13799e6,-5.36242e-9
1520823990,30330939.874104206,26080526.19734721,4250.414,3.94910e14,0.9258,-4.26418e6,2.14227e6,-5.37315e-9
1520824020,30316178.477490712,26062356.18203589,4253.822,3.94573e14,1.0104,-4.27084e6,2.14653e6,-5.38383e-9
1520824050,30301377.248435672,26044209.648438297,4257.168,4.01790e14,0.8001,-4.31819e6,2.15076e6,-5.39445e-9
1520824080,30286536.31931729,26026087.014136296,4260.449,4.06473e14,1.9752,-4.35196e6,2.15497e6,-5.40502e-9
1520824110,30271655.82331595,26007988.697839703,4263.667,3.99361e14,0.1909,-4.32191e6,2.15916e6,-5.41552e-9
1520824140,30256735.894418,25989915.119376842,4266.821,3.93624e14,1.2485,-4.29911e6,2.16332e6,-5.42597e-9
1520824170,30241776.66741949,25971866.699684832,4269.910,3.95822e14,0.6972,-4.31929e6,2.16746e6,-5.43636e-9
1520824200,30226778.27792999,25953843.860799797,4272.934,3.96782e14,0.4562,-4.33273e6,2.17158e6,-5.44669e-9
1520824230,30211740.862382185,25935847.025842633,4275.894,3.97234e14,0.3429,-4.34336e6,2.17567e6,-5.45696e-9
1520824260,30196664.55801791,25917876.61902132,4278.788,4.02558e14,0.9928,-4.38059e6,2.17974e6,-5.46717e-9
1520824290,30181549.502909802,25899933.06560802,4281.616,3.99879e14,0.3209,-4.37405e6,2.18378e6,-5.47731e-9
1520824320,30166395.835959397,25882016.79193243,4284.379,3.91380e14,1.8114,-4.33546e6,2.18780e6,-5.48740e-9
1520824350,30151203.69690107,25864128.225370765,4287.075,3.92732e14,1.4723,-4.35080e6,2.19179e6,-5.49742e-9
1520824380,30135973.226305954,25846267.79433469,4289.705,3.96481e14,0.5318,-4.37933e6,2.19576e6,-5.50737e-9
1520824410,30120704.565585837,25828435.928260066,4292.269,3.97672e14,0.2330,-4.39376e6,2.19970e6,-5.51726e-9
1520824440,30105397.856997125,25810633.057595313,4294.765,3.97945e14,0.1644,-4.40310e6,2.20362e6,-5.52709e-9
1520824470,30090053.24364477,25792859.61378979,4297.194,3.96457e14,0.5378,-4.40263e6,2.20751e6,-5.53685e-9
1520824500,30074670.86948622,25775116.029281802,4299.555,3.97329e14,0.3191,-4.41517e6,2.21137e6,-5.54654e-9
1520824530,30059250.87932258,25757402.737503447,4301.848,3.99426e14,0.2072,-4.43448e6,2.21520e6,-5.55616e-9
1520824560,30043793.418842,25739720.172816157,4304.073,4.00206e14,0.4029,-4.44645e6,2.21901e6,-5.56572e-9
1520824590,30028298.634584144,25722068.770550184,4306.230,4.01199e14,0.6519,-4.45955e6,2.22279e6,-5.57520e-9
1520824620,30012766.673956838,25704448.966975186,4308.318,3.98690e14,0.0225,-4.45307e6,2.22654e6,-5.58462e-9
1520824650,29997197.685239967,25686861.19928739,4310.336,3.96415e14,0.5483,-4.44780e6,2.23027e6,-5.59396e-9
1520824680,29981591.817589343,25669305.90559648,4312.286,3.94289e14,1.0816,-4.44325e6,2.23396e6,-5.60323e-9
1520824710,29965949.221040703,25651783.5249124,4314.166,3.96878e14,0.4321,-4.46508e6,2.23763e6,-5.61243e-9
1520824740,29950270.04651356,25634294.497131813,4315.976,4.01138e14,0.6365,-4.49628e6,2.24126e6,-5.62156e-9
1520824770,29934554.44581517,25616839.263024326,4317.715,4.04500e14,1.4800,-4.52245e6,2.24487e6,-5.63061e-9
1520824800,29918802.57164452,25599418.26421861,4319.384,3.98175e14,0.1066,-4.49399e6,2.24845e6,-5.63959e-9
1520824830,29903014.577617414,25582031.94316258,4320.983,3.91331e14,1.8239,-4.46242e6,2.25199e6,-5.64849e-9
1520824860,29887190.61820533,25564680.74318762,4322.510,3.96422e14,0.5466,-4.49819e6,2.25551e6,-5.65732e-9
1520824890,29871330.84880476,25547365.10841534,4323.966,4.02044e14,0.8640,-4.53700e6,2.25899e6,-5.66607e-9
1520824920,29855435.425720282,25530085.483767807,4325.350,4.02516e14,0.9822,-4.54662e6,2.26245e6,-5.67473e-9
1520824950,29839504.506168693,25512842.314952254,4326.662,4.02290e14,0.9256,-4.55221e6,2.26587e6,-5.68333e-9
1520824980,29823538.248283304,25495636.048445437,4327.902,3.97230e14,0.3438,-4.53023e6,2.26926e6,-5.69184e-9
1520825010,29807536.811118115,25478467.131477885,4329.070,3.95901e14,0.6771,-4.52936e6,2.27262e6,-5.70027e-9
1520825040,29791500.354652047,25461336.01201784,4330.164,3.98875e14,0.0688,-4.55297e6,2.27594e6,-5.70862e-9
1520825070,29775429.039793167,25444243.138754904,4331.186,3.94996e14,0.9044,-4.53738e6,2.27924e6,-5.71688e-9
1520825100,29759323.028382905,25427188.96108364,4332.134,3.96703e14,0.4760,-4.55365e6,2.28250e6,-5.72507e-9
1520825130,29743182.483170763,25410173.92911405,4333.009,3.98991e14,0.0979,-4.57320e6,2.28572e6,-5.73317e-9
1520825160,29727007.567909557,25393198.493570775,4333.809,3.96677e14,0.4825,-4.56631e6,2.28891e6,-5.74118e-9
1520825190,29710798.447268352,25376263.105859734,4334.535,3.95970e14,0.6599,-4.56855e6,2.29207e6,-5.74911e-9
1520825220,29694555.286866017,25359368.218023844,4335.187,3.93420e14,1.2996,-4.56010e6,2.29520e6,-5.75695e-9
1520825250,29678278.253275163,25342514.282725636,4335.764,3.92387e14,1.5588,-4.56028e6,2.29828e6,-5.76471e-9
1520825280,29661967.51402618,25325701.753229596,4336.266,3.96383e14,0.5563,-4.58941e6,2.30134e6,-5.77237e-9
1520825310,29645623.237611257,25308931.083384395,4336.692,3.99041e14,0.1106,-4.61080e6,2.30436e6,-5.77995e-9
1520825340,29629245.593488358,25292202.7276047,4337.043,3.96237e14,0.5930,-4.60053e6,2.30734e6,-5.78744e-9
1520825370,29612834.752085246,25275517.14085293,4337.318,3.95226e14,0.8467,-4.60055e6,2.31028e6,-5.79484e-9
1520825400,29596390.884803586,25258874.778620638,4337.516,3.97426e14,0.2946,-4.61912e6,2.31319e6,-5.80214e-9
1520825430,29579914.164059162,25242276.096889466,4337.638,3.97842e14,0.1902,-4.62727e6,2.31607e6,-5.80935e-9
1520825460,29563404.763174314,25225721.55217456,4337.683,3.97881e14,0.1804,-4.63317e6,2.31890e6,-5.81647e-9
1520825490,29546862.856494024,25209211.60144295,4337.651,3.95968e14,0.6605,-4.62762e6,2.32170e6,-5.82350e-9
1520825520,29530288.61935407,25192746.702113938,4337.542,4.01918e14,0.8323,-4.66781e6,2.32446e6,-5.83043e-9
1520825550,29513682.228085406,25176327.312039167,4337.355,4.03102e14,1.1293,-4.68019e6,2.32718e6,-5.83726e-9
1520825580,29497043.860018604,25159953.88948245,4337.090,3.98611e14,0.0025,-4.65934e6,2.32986e6,-5.84400e-9
1520825610,29480373.69348831,25143626.89309941,4336.747,3.95876e14,0.6835,-4.64863e6,2.33250e6,-5.85064e-9
1520825640,29463671.9078376,25127346.781916626,4336.325,3.94065e14,1.1378,-4.64321e6,2.33510e6,-5.85718e-9
1520825670,29446938.683422476,25111114.015310854,4335.825,3.97764e14,0.2098,-4.67000e6,2.33767e6,-5.86362e-9
1520825700,29430174.201616228,25094929.052987784,4335.245,3.98372e14,0.0573,-4.67862e6,2.34019e6,-5.86996e-9
1520825730,29413378.644776702,25078792.354970176,4334.586,3.95244e14,0.8421,-4.66520e6,2.34267e6,-5.87619e-9
1520825760,29396552.196365282,25062704.38154685,4333.848,3.96177e14,0.6081,-4.67556e6,2.34512e6,-5.88233e-9
1520825790,29379695.040836375,25046665.59328002,4333.029,3.95596e14,0.7537,-4.67693e6,2.34752e6,-5.88836e-9
1520825820,29362807.36367868,25030676.450973805,4332.131,3.96194e14,0.6038,-4.68516e6,2.34988e6,-5.89429e-9
1520825850,29345889.35141923,25014737.41565195,4331.152,3.92771e14,1.4625,-4.66958e6,2.35219e6,-5.90011e-9
1520825880,29328941.19162747,24998848.948535252,4330.092,3.94001e14,1.1538,-4.68137e6,2.35447e6,-5.90583e-9
1520825910,29311963.072919313,24983011.511018854,4328.952,4.05462e14,1.7213,-4.75356e6,2.35670e6,-5.91144e-9
1520825940,29294955.184961203,24967225.564649194,4327.730,4.03749e14,1.2916,-4.74785e6,2.35889e6,-5.91694e-9
1520825970,29277917.718474075,24951491.57110079,4326.426,3.99829e14,0.3081,-4.72895e6,2.36103e6,-5.92233e-9
1520826000,29260850.865237508,24935809.9921528,4325.041,3.97457e14,0.2868,-4.71911e6,2.36314e6,-5.92761e-9
1520826030,29243754.818122063,24920181.28966453,4323.574,3.96370e14,0.5596,-4.71677e6,2.36519e6,-5.93278e-9
1520826060,29226629.771005988,24904605.925553963,4322.024,3.97797e14,0.2015,-4.72926e6,2.36720e6,-5.93784e-9
1520826090,29209475.918866884,24889084.361771252,4320.392,3.98217e14,0.0963,-4.73569e6,2.36917e6,-5.94279e-9
1520826120,29192293.457757723,24873617.06027508,4318.676,3.97685e14,0.2296,-4.73638e6,2.37109e6,-5.94762e-9
1520826150,29175082.58481105,24858204.483008068,4316.878,3.95988e14,0.6555,-4.73003e6,2.37297e6,-5.95234e-9
1520826180,29157843.49824341,24842847.0918719,4314.996,3.96526e14,0.5205,-4.73688e6,2.37480e6,-5.95695e-9
1520826210,29140576.397359647,24827545.348702352,4313.031,3.97344e14,0.3152,-4.74533e6,2.37659e6,-5.96143e-9
1520826240,29123281.482557245,24812299.7152439,4310.982,4.03620e14,1.2593,-4.78624e6,2.37832e6,-5.96580e-9
1520826270,29105958.95533068,24797110.653124224,4308.848,4.04681e14,1.5254,-4.79598e6,2.38001e6,-5.97005e-9
1520826300,29088609.018275797,24781978.62382851,4306.630,3.94362e14,1.0634,-4.73764e6,2.38165e6,-5.97419e-9
1520826330,29071231.875081178,24766904.08867219,4304.328,3.95234e14,0.8446,-4.74603e6,2.38325e6,-5.97820e-9
1520826360,29053827.730572384,24751887.508778587,4301.940,3.97385e14,0.3049,-4.76199e6,2.38479e6,-5.98209e-9
1520826390,29036396.790676292,24736929.34504864,4299.467,3.93278e14,1.3354,-4.74039e6,2.38629e6,-5.98585e-9
1520826420,29018939.262438294,24722030.058135476,4296.909,3.96552e14,0.5138,-4.76289e6,2.38774e6,-5.98950e-9
1520826450,29001455.354026474,24707190.10841759,4294.265,3.99616e14,0.2548,-4.78404e6,2.38914e6,-5.99302e-9
1520826480,28983945.274735797,24692409.955971666,4291.535,3.96211e14,0.5994,-4.76633e6,2.39048e6,-5.99642e-9
1520826510,28966409.234992363,24677690.06054539,4288.719,3.92758e14,1.4659,-4.74820e6,2.39178e6,-5.99968e-9
1520826540,28948847.446357485,24663030.881529797,4285.817,3.96569e14,0.5096,-4.77357e6,2.39303e6,-6.00283e-9
1520826570,28931260.121531904,24648432.877931643,4282.827,3.98761e14,0.0402,-4.78912e6,2.39423e6,-6.00584e-9
1520826600,28913647.474359896,24633896.50834538,4279.751,3.95179e14,0.8584,-4.76989e6,2.39537e6,-6.00873e-9
1520826630,28896009.71983406,24619422.230925787,4276.587,3.98916e14,0.0792,-4.79454e6,2.39646e6,-6.01148e-9
1520826660,28878347.074097477,24605010.503357295,4273.337,3.97567e14,0.2593,-4.78852e6,2.39750e6,-6.01411e-9
1520826690,28860659.7544497,24590661.78282773,4269.998,3.95942e14,0.6668,-4.78072e6,2.39849e6,-6.01660e-9
1520826720,28842947.979350254,24576376.52599882,4266.571,4.01531e14,0.7353,-4.81623e6,2.39943e6,-6.01896e-9
1520826750,28825211.96842271,24562155.188977193,4263.057,4.00531e14,0.4844,-4.81198e6,2.40031e6,-6.02119e-9
1520826780,28807451.942458715,24547998.227285244,4259.454,3.96741e14,0.4665,-4.79082e6,2.40114e6,-6.02328e-9
1520826810,28789668.12342211,24533906.095831797,4255.762,4.01722e14,0.7832,-4.82238e6,2.40191e6,-6.02523e-9
1520826840,28771860.73445293,24519879.24888253,4251.981,4.01163e14,0.6429,-4.82046e6,2.40263e6,-6.02705e-9
1520826870,28754029.999871414,24505918.140030228,4248.112,3.91170e14,1.8641,-4.76155e6,2.40329e6,-6.02874e-9
1520826900,28736176.145182088,24492023.222164918,4244.153,3.94124e14,1.1230,-4.78058e6,2.40390e6,-6.03028e-9
1520826930,28718299.397081163,24478194.94744246,4240.104,3.98442e14,0.0397,-4.80773e6,2.40446e6,-6.03168e-9
1520826960,28700399.983449806,24464433.767258104,4235.966,3.99471e14,0.2185,-4.81494e6,2.40495e6,-6.03295e-9
1520826990,28682478.13336899,24450740.13221218,4231.738,4.00073e14,0.3694,-4.81946e6,2.40539e6,-6.03407e-9
1520827020,28664534.077119995,24437114.492080763,4227.420,3.95832e14,0.6945,-4.79464e6,2.40578e6,-6.03505e-9
1520827050,28646568.046188314,24423557.29578472,4223.011,3.94402e14,1.0534,-4.78667e6,2.40610e6,-6.03588e-9
1520827080,28628580.27326757,24410068.991358843,4218.511,3.99495e14,0.2245,-4.81796e6,2.40637e6,-6.03657e-9
1520827110,28610570.992263515,24396650.02592063,4213.921,4.01943e14,0.8385,-4.83316e6,2.40658e6,-6.03712e-9
1520827140,28592540.43829793,24383300.845639028,4209.240,4.01723e14,0.7834,-4.83215e6,2.40674e6,-6.03752e-9
1520827170,28574488.847712457,24370021.89570285,4204.467,3.98705e14,0.0262,-4.81412e6,2.40683e6,-6.03777e-9
1520827200,28556416.458072487,24356813.6202893,4199.603,3.92578e14,1.5108,-4.77720e6,2.40687e6,-6.03787e-9
1520827230,28538323.508166347,24343676.46253538,4194.647,3.96909e14,0.4244,-4.80331e6,2.40684e6,-6.03783e-9
1520827260,28520210.2380237,24330610.86449585,4189.599,4.00592e14,0.4996,-4.82538e6,2.40676e6,-6.03763e-9
1520827290,28502076.888904512,24317617.267121337,4184.460,3.99606e14,0.2522,-4.81915e6,2.40661e6,-6.03729e-9
1520827320,28483923.7033076,24304696.11022292,4179.228,3.94573e14,1.0105,-4.78836e6,2.40641e6,-6.03679e-9
1520827350,28465750.924974438,24291847.832439765,4173.903,3.92934e14,1.4217,-4.77794e6,2.40614e6,-6.03614e-9
1520827380,28447558.798892785,24279072.871206675,4168.486,3.99881e14,0.3213,-4.81923e6,2.40581e6,-6.03533e-9
1520827410,28429347.571300436,24266371.662721522,4162.976,3.97395e14,0.3023,-4.80345e6,2.40542e6,-6.03437e-9
1520827440,28411117.489688843,24253744.64191258,4157.373,3.93606e14,1.2531,-4.77969e6,2.40497e6,-6.03326e-9
1520827470,28392868.802806806,24241192.24240563,4151.677,4.04848e14,1.5674,-4.84649e6,2.40446e6,-6.03199e-9
1520827500,28374601.760664042,24228714.896491073,4145.887,4.05708e14,1.7832,-4.85052e6,2.40388e6,-6.03056e-9
1520827530,28356316.614544593,24216313.035088763,4140.004,3.98007e14,0.1489,-4.80281e6,2.40324e6,-6.02897e-9
1520827560,28338013.61698025,24203987.087721426,4134.027,4.01749e14,0.7899,-4.82396e6,2.40253e6,-6.02722e-9
1520827590,28319693.02178447,24191737.48247466,4127.956,3.99226e14,0.1569,-4.80722e6,2.40177e6,-6.02531e-9
1520827620,28301355.08404614,24179564.645965755,4121.790,3.95480e14,0.7829,-4.78300e6,2.40093e6,-6.02324e-9
1520827650,28283000.060133148,24167469.00331022,4115.531,3.96811e14,0.4488,-4.78924e6,2.40004e6,-6.02101e-9
1520827680,28264628.207695875,24155450.978088185,4109.177,3.98044e14,0.1395,-4.79475e6,2.39907e6,-6.01861e-9
1520827710,28246239.78567075,24143510.992310766,4102.729,3.95407e14,0.8012,-4.77683e6,2.39805e6,-6.01605e-9
1520827740,28227835.054283656,24131649.466386348,4096.186,3.96695e14,0.4780,-4.78241e6,2.39695e6,-6.01333e-9
1520827770,28209414.275053386,24119866.819086708,4089.547,3.98346e14,0.0639,-4.79003e6,2.39579e6,-6.01044e-9
1520827800,28190977.710794955,24108163.467513166,4082.814,3.99143e14,0.1361,-4.79237e6,2.39457e6,-6.00738e-9
1520827830,28172525.625606045,24096539.827062696,4075.986,3.97653e14,0.2377,-4.78085e6,2.39327e6,-6.00416e-9
1520827860,28154058.284922488,24084996.31139345,4069.062,3.95346e14,0.8166,-4.76429e6,2.39191e6,-6.00077e-9
1520827890,28135575.955469035,24073533.332391422,4062.043,3.94741e14,0.9682,-4.75783e6,2.39048e6,-5.99720e-9
1520827920,28117078.90527939,24062151.30013592,4054.928,3.97475e14,0.2824,-4.77124e6,2.38899e6,-5.99347e-9
1520827950,28098567.403699264,24050850.62286543,4047.717,3.91556e14,1.7672,-4.73268e6,2.38743e6,-5.98957e-9
1520827980,28080041.72138923,24039631.706943348,4040.410,3.90462e14,2.0417,-4.72290e6,2.38579e6,-5.98549e-9
1520828010,28061502.130327743,24028494.95682375,4033.007,3.98731e14,0.0326,-4.76900e6,2.38409e6,-5.98124e-9
1520828040,28042948.90381395,24017440.775017004,4025.508,3.93201e14,1.3545,-4.73241e6,2.38232e6,-5.97682e-9
1520828070,28024382.316470515,24006469.562055465,4017.913,3.95153e14,0.8649,-4.74042e6,2.38048e6,-5.97222e-9
1520828100,28005802.644246485,23995581.716459073,4010.221,3.97826e14,0.1943,-4.75258e6,2.37857e6,-5.96745e-9
1520828130,27987210.164438397,23984777.634698663,4002.433,3.96915e14,0.4228,-4.74320e6,2.37659e6,-5.96250e-9
1520828160,27968605.15563626,23974057.711168982,3994.547,4.00265e14,0.4176,-4.75907e6,2.37454e6,-5.95738e-9
1520828190,27949987.897783134,23963422.33814655,3986.566,3.99506e14,0.2273,-4.75031e6,2.37241e6,-5.95208e-9
1520828220,27931358.67215957,23952871.90575779,3978.487,4.00409e14,0.4536,-4.75129e6,2.37022e6,-5.94659e-9
1520828250,27912717.76138628,23942406.801944718,3970.311,3.98837e14,0.0593,-4.73742e6,2.36796e6,-5.94093e-9
1520828280,27894065.44942689,23932027.412430525,3962.038,4.04871e14,1.5732,-4.76857e6,2.36562e6,-5.93509e-9
1520828310,27875402.021590628,23921734.120685227,3953.668,4.00946e14,0.5885,-4.74045e6,2.36321e6,-5.92907e-9
1520828340,27856727.76453494,23911527.307891455,3945.200,3.95475e14,0.7840,-4.70307e6,2.36073e6,-5.92286e-9
1520828370,27838042.966268066,23901407.35291009,3936.636,4.01151e14,0.6398,-4.73157e6,2.35817e6,-5.91648e-9
1520828400,27819347.916151553,23891374.632246148,3927.973,3.94619e14,0.9988,-4.68771e6,2.35555e6,-5.90990e-9
1520828430,27800642.90489262,23881429.520026334,3919.213,3.95550e14,0.7652,-4.68784e6,2.35284e6,-5.90315e-9
1520828460,27781928.224577744,23871572.387928598,3910.356,3.98778e14,0.0446,-4.70135e6,2.35007e6,-5.89621e-9
1520828490,27763204.168643784,23861803.60518479,3901.401,4.00889e14,0.5742,-4.70809e6,2.34722e6,-5.88908e-9
1520828520,27744471.0318903,23852123.538534913,3892.347,3.99486e14,0.2222,-4.69398e6,2.34430e6,-5.88177e-9
1520828550,27725729.110481653,23842532.552193243,3883.197,3.92704e14,1.4793,-4.64815e6,2.34130e6,-5.87427e-9
1520828580,27706978.70194909,23833031.007814653,3873.948,3.91358e14,1.8169,-4.63416e6,2.33823e6,-5.86658e-9
1520828610,27688220.105192754,23823619.264460925,3864.601,3.96945e14,0.4153,-4.66066e6,2.33508e6,-5.85871e-9
1520828640,27669453.620483566,23814297.678567175,3855.156,4.00115e14,0.3799,-4.67278e6,2.33185e6,-5.85064e-9
1520828670,27650679.549465105,23805066.603908367,3845.613,3.98748e14,0.0369,-4.65819e6,2.32855e6,-5.84239e-9
1520828700,27631898.195155356,23795926.39156589,3835.972,3.98437e14,0.0410,-4.64964e6,2.32518e6,-5.83394e-9
1520828730,27613109.86194445,23786877.38987284,3826.232,4.00756e14,0.5407,-4.65625e6,2.32173e6,-5.82530e-9
1520828760,27594314.8556086,23777919.944446873,3816.395,3.98974e14,0.0938,-4.63882e6,2.31820e6,-5.81647e-9
1520828790,27575513.483299237,23769054.398090735,3806.459,4.01701e14,0.7779,-4.64745e6,2.31459e6,-5.80745e-9
1520828820,27556706.05354852,23760281.09078056,3796.425,4.00360e14,0.4414,-4.63229e6,2.31091e6,-5.79824e-9
1520828850,27537892.876270663,23751600.359632898,3786.293,3.92892e14,1.4321,-4.58154e6,2.30715e6,-5.78883e-9
1520828880,27519074.262763336,23743012.53887176,3776.062,3.94150e14,1.1165,-4.58120e6,2.30332e6,-5.77922e-9
1520828910,27500250.525708884,23734517.959795903,3765.733,3.92060e14,1.6408,-4.56136e6,2.29940e6,-5.76942e-9
1520828940,27481421.979175474,23726116.950746182,3755.305,3.95167e14,0.8613,-4.57134e6,2.29541e6,-5.75943e-9
1520828970,27462588.938618273,23717809.83707315,3744.779,3.99937e14,0.3352,-4.59067e6,2.29134e6,-5.74924e-9
1520829000,27443751.720880434,23709596.941104796,3734.155,3.97308e14,0.3242,-4.56728e6,2.28719e6,-5.73885e-9
1520829030,27424910.644210577,23701478.582137536,3723.432,3.99813e14,0.3043,-4.57319e6,2.28296e6,-5.72826e-9
1520829060,27406066.028212886,23693455.07633304,3712.611,4.04602e14,1.5057,-4.59195e6,2.27865e6,-5.71748e-9
1520829090,27387218.193898987,23685526.736758087,3701.691,3.97083e14,0.3808,-4.54021e6,2.27426e6,-5.70649e-9
1520829120,27368367.463672213,23677693.87333008,3690.674,3.94152e14,1.1160,-4.51461e6,2.26980e6,-5.69531e-9
1520829150,27349514.161328547,23669956.79278598,3679.557,4.00254e14,0.4150,-4.54027e6,2.26525e6,-5.68393e-9
1520829180,27330658.612057194,23662315.79865131,3668.343,4.00892e14,0.5748,-4.53462e6,2.26062e6,-5.67234e-9
1520829210,27311801.142441314,23654771.191209685,3657.030,3.95670e14,0.7352,-4.49563e6,2.25592e6,-5.66056e-9
1520829240,27292942.080458526,23647323.267472185,3645.619,3.90206e14,2.1060,-4.45524e6,2.25113e6,-5.64858e-9
1520829270,27274081.755481362,23639972.321147244,3634.109,3.96957e14,0.4124,-4.48367e6,2.24626e6,-5.63639e-9
1520829300,27255220.498277567,23632718.642610658,3622.502,4.06557e14,1.9962,-4.52779e6,2.24132e6,-5.62400e-9
1520829330,27236358.640986834,23625562.518860493,3610.796,4.04682e14,1.5258,-4.50713e6,2.23629e6,-5.61141e-9
1520829360,27217496.517193682,23618504.233534936,3598.992,3.96605e14,0.5006,-4.45162e6,2.23118e6,-5.59861e-9
1520829390,27198634.461854417,23611544.066835545,3587.090,3.95222e14,0.8476,-4.43355e6,2.22599e6,-5.58561e-9
1520829420,27179772.811320584,23604682.295513462,3575.091,3.97082e14,0.3810,-4.43342e6,2.22072e6,-5.57241e-9
1520829450,27160911.903338596,23597919.19284061,3562.993,3.98547e14,0.0135,-4.43089e6,2.21537e6,-5.55900e-9
1520829480,27142052.07704928,23591255.02858105,3550.797,4.00305e14,0.4276,-4.42978e6,2.20993e6,-5.54539e-9
1520829510,27123193.672987353,23584690.068962738,3538.504,4.00168e14,0.3932,-4.41797e6,2.20441e6,-5.53157e-9
1520829540,27104337.03308073,23578224.57664939,3526.112,3.99884e14,0.3220,-4.40520e6,2.19882e6,-5.51755e-9
1520829570,27085482.50064982,23571858.810712744,3513.624,4.00622e14,0.5071,-4.39789e6,2.19314e6,-5.50332e-9
1520829600,27066630.42040665,23565593.02660516,3501.037,4.00168e14,0.3933,-4.38385e6,2.18737e6,-5.48889e-9
1520829630,27047781.138480153,23559427.47613519,3488.354,4.00449e14,0.4637,-4.37368e6,2.18153e6,-5.47424e-9
1520829660,27028935.002334196,23553362.407431934,3475.573,3.97990e14,0.1532,-4.34838e6,2.17560e6,-5.45939e-9
1520829690,27010092.36084772,23547398.06492749,3462.694,3.94312e14,1.0759,-4.31636e6,2.16959e6,-5.44434e-9
1520829720,26991253.564287346,23541534.68932774,3449.719,3.98631e14,0.0077,-4.32770e6,2.16350e6,-5.42908e-9
1520829750,26972418.964306213,23535772.517586604,3436.646,4.01085e14,0.6234,-4.32864e6,2.15732e6,-5.41360e-9
1520829780,26953588.913942777,23530111.782880347,3423.477,4.02288e14,0.9252,-4.32259e6,2.15106e6,-5.39792e-9
1520829810,26934763.76761939,23524552.714582525,3410.211,3.99037e14,0.1095,-4.29235e6,2.14472e6,-5.38204e-9
1520829840,26915943.88114087,23519095.53823902,3396.848,3.95668e14,0.7356,-4.26143e6,2.13830e6,-5.36594e-9
1520829870,26897129.611692842,23513740.47554363,3383.389,3.95810e14,0.7000,-4.24923e6,2.13179e6,-5.34964e-9
1520829900,26878321.317840006,23508487.744313844,3369.834,3.93771e14,1.2117,-4.22523e6,2.12520e6,-5.33312e-9
1520829930,26859519.35949767,23503337.55847441,3356.182,3.96491e14,0.5293,-4.22643e6,2.11853e6,-5.31640e-9
1520829960,26840724.09801192,23498290.128011685,3342.434,3.99448e14,0.2127,-4.22863e6,2.11177e6,-5.29947e-9
1520829990,26821935.89607499,23493345.658972688,3328.590,3.94695e14,0.9798,-4.18984e6,2.10493e6,-5.28233e-9
1520830020,26803155.117749535,23488504.353435468,3314.651,3.95316e14,0.8240,-4.17933e6,2.09800e6,-5.26498e-9
1520830050,26784382.128466006,23483766.409486838,3300.616,3.98970e14,0.0926,-4.18456e6,2.09100e6,-5.24742e-9
1520830080,26765617.295019917,23479132.02120059,3286.485,3.97856e14,0.1868,-4.16455e6,2.08390e6,-5.22965e-9
1520830110,26746860.985569015,23474601.378616128,3272.260,3.94260e14,1.0889,-4.13148e6,2.07673e6,-5.21167e-9
1520830140,26728113.569630213,23470174.66771742,3257.939,3.95320e14,0.8230,-4.12256e6,2.06947e6,-5.19348e-9
1520830170,26709375.418076538,23465852.07041239,3243.523,3.96899e14,0.4268,-4.11611e6,2.06213e6,-5.17508e-9
1520830200,26690646.903133817,23461633.76451276,3229.013,3.95083e14,0.8826,-4.09193e6,2.05470e6,-5.15647e-9
1520830230,26671928.39840343,23457519.92369979,3214.408,3.95979e14,0.6578,-4.08159e6,2.04719e6,-5.13765e-9
1520830260,26653220.27877823,23453510.717549305,3199.710,3.93021e14,1.3997,-4.05133e6,2.03960e6,-5.11862e-9
1520830290,26634522.92051974,23449606.31146844,3184.917,3.94198e14,1.1045,-4.04209e6,2.03192e6,-5.09938e-9
1520830320,26615836.70122841,23445806.866691306,3170.030,3.97382e14,0.3057,-4.04284e6,2.02416e6,-5.07993e-9
1520830350,26597161.999839913,23442112.540260777,3155.049,3.98084e14,0.1295,-4.03074e6,2.01632e6,-5.06028e-9
1520830380,26578499.196621217,23438523.485010758,3139.976,3.96369e14,0.5597,-4.00626e6,2.00839e6,-5.04041e-9
1520830410,26559848.673166696,23435039.849548846,3124.809,4.03246e14,1.1654,-4.02481e6,2.00038e6,-5.02033e-9
1520830440,26541210.81239391,23431661.778239477,3109.549,4.02218e14,0.9076,-4.00340e6,1.99229e6,-5.00004e-9
1520830470,26522585.99853934,23428389.411187463,3094.197,3.94820e14,0.9485,-3.95013e6,1.98411e6,-4.97954e-9
1520830500,26503974.61715387,23425222.88422211,3078.752,3.96437e14,0.5427,-3.94172e6,1.97585e6,-4.95884e-9
1520830530,26485377.05507426,23422162.328899376,3063.215,3.96363e14,0.5614,-3.92471e6,1.96751e6,-4.93792e-9
1520830560,26466793.700492423,23419207.872432444,3047.586,3.98783e14,0.0457,-3.91981e6,1.95908e6,-4.91680e-9
1520830590,26448224.94287609,23416359.63773155,3031.865,3.97307e14,0.3244,-3.89557e6,1.95057e6,-4.89547e-9
1520830620,26429671.172987588,23413617.743372507,3016.053,3.95564e14,0.7618,-3.86992e6,1.94198e6,-4.87392e-9
1520830650,26411132.782878444,23410982.303583268,3000.150,3.98296e14,0.0764,-3.86590e6,1.93330e6,-4.85217e-9
1520830680,26392610.16588371,23408453.428230923,2984.157,4.00455e14,0.4651,-3.85882e6,1.92454e6,-4.83022e-9
1520830710,26374103.71661621,23406031.22280928,2968.072,3.95863e14,0.6867,-3.81903e6,1.91570e6,-4.80805e-9
1520830740,26355613.83096054,23403715.788426865,2951.898,3.89542e14,2.2727,-3.77099e6,1.90677e6,-4.78568e-9
1520830770,26337140.90606702,23401507.22179537,2935.634,3.92641e14,1.4950,-3.76795e6,1.89777e6,-4.76310e-9
1520830800,26318685.340345394,23399405.615218695,2919.280,3.95929e14,0.6702,-3.76550e6,1.88868e6,-4.74031e-9
1520830830,26300247.53347696,23397411.056562286,2902.836,3.96575e14,0.5082,-3.75027e6,1.87950e6,-4.71732e-9
1520830860,26281827.886350505,23395523.629305005,2886.304,3.99138e14,0.1349,-3.74385e6,1.87025e6,-4.69412e-9
1520830890,26263426.801113285,23393743.412467748,2869.683,4.00290e14,0.4239,-3.73055e6,1.86091e6,-4.67071e-9
1520830920,26245044.681145567,23392070.48062421,2852.974,4.00277e14,0.4207,-3.71162e6,1.85150e6,-4.64710e-9
1520830950,26226681.931053612,23390504.90389219,2836.177,3.96953e14,0.4133,-3.67722e6,1.84200e6,-4.62328e-9
1520830980,26208338.956662588,23389046.747925386,2819.292,3.93119e14,1.3752,-3.64047e6,1.83242e6,-4.59926e-9
1520831010,26190016.16500918,23387696.07390569,2802.320,3.97350e14,0.3136,-3.64065e6,1.82275e6,-4.57504e-9
1520831040,26171713.964334227,23386452.938536055,2785.261,4.03108e14,1.1309,-3.64740e6,1.81301e6,-4.55061e-9
1520831070,26153432.76407498,23385317.39403373,2768.115,3.94052e14,1.1410,-3.58666e6,1.80319e6,-4.52598e-9
1520831100,26135172.974857245,23384289.488124177,2750.883,3.99053e14,0.1136,-3.58948e6,1.79328e6,-4.50114e-9
1520831130,26116935.00847869,23383369.26405584,2733.566,4.00499e14,0.4762,-3.57597e6,1.78330e6,-4.47610e-9
1520831160,26098719.27792761,23382556.76053226,2716.163,3.92887e14,1.4333,-3.52192e6,1.77323e6,-4.45087e-9
1520831190,26080526.19734721,23381852.01177016,2698.674,4.04333e14,1.4381,-3.55243e6,1.76309e6,-4.42543e-9
1520831220,26062356.18203589,23381255.047475297,2681.101,4.09415e14,2.7132,-3.55420e6,1.75286e6,-4.39979e-9
1520831250,26044209.648438297,23380765.892839167,2663.444,3.97151e14,0.3636,-3.47967e6,1.74256e6,-4.37395e-9
1520831280,26026087.014136296,23380384.568536058,2645.702,3.90628e14,2.0001,-3.43059e6,1.73217e6,-4.34791e-9
1520831310,26007988.697839703,23380111.090720836,2627.878,3.97931e14,0.1679,-3.44144e6,1.72171e6,-4.32167e-9
1520831340,25989915.119376842,23379945.47102709,2609.970,4.00083e14,0.3718,-3.42962e6,1.71117e6,-4.29524e-9
1520831370,25971866.699684832,23379887.71656593,2591.979,3.98383e14,0.0546,-3.40109e6,1.70055e6,-4.26860e-9
1520831400,25953843.860799797,23379937.829925217,2573.906,3.97266e14,0.3349,-3.37496e6,1.68985e6,-4.24178e-9
1520831430,25935847.025842633,23380095.80914952,2555.751,4.00299e14,0.4261,-3.36623e6,1.67907e6,-4.21475e-9
1520831460,25917876.61902132,23380361.64780132,2537.515,3.99706e14,0.2773,-3.34200e6,1.66822e6,-4.18753e-9
1520831490,25899933.06560802,23380735.334901106,2519.198,3.96652e14,0.4888,-3.30740e6,1.65728e6,-4.16012e-9
1520831520,25882016.79193243,23381216.8549481,2500.800,4.01090e14,0.6246,-3.30378e6,1.64628e6,-4.13251e-9
1520831550,25864128.225370765,23381806.18792199,2482.322,4.07682e14,2.2785,-3.30861e6,1.63519e6,-4.10471e-9
1520831580,25846267.79433469,23382503.30928507,2463.764,4.02773e14,1.0468,-3.26602e6,1.62403e6,-4.07671e-9
1520831610,25828435.928260066,23383308.189985074,2445.128,4.01388e14,0.6994,-3.23782e6,1.61279e6,-4.04853e-9
1520831640,25810633.057595313,23384220.796458334,2426.412,3.98963e14,0.0909,-3.20537e6,1.60148e6,-4.02016e-9
1520831670,25792859.61378979,23385241.09063356,2407.619,3.92108e14,1.6287,-3.15523e6,1.59009e6,-3.99159e-9
1520831700,25775116.029281802,23386369.029936098,2388.747,3.94533e14,1.0205,-3.14209e6,1.57862e6,-3.96284e-9
1520831730,25757402.737503447,23387604.56730534,2369.798,3.95381e14,0.8076,-3.12248e6,1.56708e6,-3.93390e-9
1520831760,25739720.172816157,23388947.651161462,2350.773,3.94892e14,0.9304,-3.09744e6,1.55547e6,-3.90478e-9
1520831790,25722068.770550184,23390398.225449637,2331.671,3.92946e14,1.4186,-3.06663e6,1.54378e6,-3.87546e-9
1520831820,25704448.966975186,23391956.229634136,2312.493,3.95775e14,0.7087,-3.05416e6,1.53202e6,-3.84597e-9
1520831850,25686861.19928739,23393621.598705333,2293.240,3.99457e14,0.2150,-3.04463e6,1.52019e6,-3.81629e-9
1520831880,25669305.90559648,23395394.263187196,2273.912,3.97342e14,0.3156,-3.01279e6,1.50828e6,-3.78642e-9
1520831910,25651783.5249124,23397274.149145365,2254.509,3.95564e14,0.7618,-2.98219e6,1.49631e6,-3.75638e-9
1520831940,25634294.497131813,23399261.178195655,2235.033,3.90340e14,2.0725,-2.93872e6,1.48426e6,-3.72615e-9
1520831970,25616839.263024326,23401355.267513145,2215.484,3.89075e14,2.3898,-2.91005e6,1.47213e6,-3.69575e-9
1520832000,25599418.26421861,23403556.32984176,2195.862,3.95401e14,0.8026,-2.90915e6,1.45994e6,-3.66516e-9
1520832030,25582031.94316258,23405864.273504432,2176.168,4.01368e14,0.6944,-2.90641e6,1.44768e6,-3.63440e-9
1520832060,25564680.74318762,23408279.002413202,2156.402,4.01506e14,0.7290,-2.88215e6,1.43534e6,-3.60346e-9
1520832090,25547365.10841534,23410800.416081123,2136.565,3.99340e14,0.1856,-2.84952e6,1.42294e6,-3.57235e-9
1520832120,25530085.483767807,23413428.40963345,2116.657,3.99276e14,0.1696,-2.82433e6,1.41046e6,-3.54106e-9
1520832150,25512842.314952254,23416162.873819713,2096.679,3.92237e14,1.5964,-2.77452e6,1.39792e6,-3.50960e-9
1520832180,25495636.048445437,23419003.695026238,2076.632,3.99421e14,0.2058,-2.77448e6,1.38531e6,-3.47797e-9
1520832210,25478467.131477885,23421950.75528916,2056.516,4.03720e14,1.2843,-2.76392e6,1.37263e6,-3.44616e-9
1520832240,25461336.01201784,23425003.932307888,2036.332,3.98359e14,0.0605,-2.71996e6,1.35989e6,-3.41419e-9
1520832270,25444243.138754904,23428163.09945902,2016.080,3.97809e14,0.1986,-2.69249e6,1.34708e6,-3.38205e-9
1520837670,23428389.411187463,25443351.42904315,2014.962,4.04200e14,1.4047,2.71327e6,-1.34697e6,3.38026e-9
1520837700,23425222.88422211,25460444.773632374,2035.222,4.03893e14,1.3277,2.73803e6,-1.35978e6,3.41242e-9
1520837730,23422162.328899376,25477576.402077522,2055.414,3.97008e14,0.3996,2.73998e6,-1.37252e6,3.44441e-9
1520837760,23419207.872432444,25494745.8654091,2075.538,3.98035e14,0.1418,2.76886e6,-1.38520e6,3.47622e-9
1520837790,23416359.63773155,25511952.715372983,2095.593,3.97648e14,0.2391,2.79270e6,-1.39780e6,3.50787e-9
1520837820,23413617.743372507,25529196.50445203,2115.579,3.93179e14,1.3602,2.80194e6,-1.41034e6,3.53935e-9
1520837850,23410982.303583268,25546476.785881966,2135.494,3.98412e14,0.0474,2.84540e6,-1.42281e6,3.57065e-9
1520837880,23408453.428230923,25563793.11366705,2155.340,3.99619e14,0.2556,2.87455e6,-1.43521e6,3.60178e-9
1520837910,23406031.22280928,25581145.04259557,2175.114,3.95314e14,0.8244,2.88361e6,-1.44754e6,3.63274e-9
1520837940,23403715.788426865,25598532.12825503,2194.816,3.94937e14,0.9191,2.90666e6,-1.45980e6,3.66352e-9
1520837970,23401507.22179537,25615953.92704712,2214.447,3.97043e14,0.3907,2.93871e6,-1.47199e6,3.69412e-9
1520838000,23399405.615218695,25633409.996202495,2234.004,3.98846e14,0.0615,2.96962e6,-1.48410e6,3.72454e-9
1520838030,23397411.056562286,25650899.893792886,2253.489,3.98963e14,0.0910,2.99417e6,-1.49615e6,3.75478e-9
1520838060,23395523.629305005,25668423.178752728,2272.900,4.00013e14,0.3543,3.02211e6,-1.50812e6,3.78485e-9
1520838090,23393743.412467748,25685979.410885956,2292.236,3.95368e14,0.8110,3.02825e6,-1.52003e6,3.81473e-9
1520838120,23392070.48062421,25703568.150882173,2311.498,3.87237e14,2.8508,3.02056e6,-1.53185e6,3.84442e-9
1520838150,23390504.90389219,25721188.960330274,2330.684,3.97276e14,0.3322,3.08263e6,-1.54361e6,3.87394e-9
1520838180,23389046.747925386,25738841.401731808,2349.795,3.99742e14,0.2863,3.11559e6,-1.55529e6,3.90327e-9
1520838210,23387696.07390569,25756525.038514193,2368.829,3.94354e14,1.0654,3.11766e6,-1.56690e6,3.93241e-9
1520838240,23386452.938536055,25774239.435043663,2387.786,3.95798e14,0.7029,3.14634e6,-1.57844e6,3.96137e-9
1520838270,23385317.39403373,25791984.156637993,2406.667,3.90577e14,2.0128,3.14835e6,-1.58989e6,3.99014e-9
1520838300,23384289.488124177,25809758.76957911,2425.469,4.01902e14,0.8282,3.21641e6,-1.60128e6,4.01872e-9
1520838330,23383369.26405584,25827562.841134027,2444.194,4.04750e14,1.5427,3.25065e6,-1.61259e6,4.04711e-9
1520838360,23382556.76053226,25845395.9395402,2462.839,3.93756e14,1.2153,3.22850e6,-1.62382e6,4.07531e-9
1520838390,23381852.01177016,25863257.634044375,2481.406,3.99925e14,0.3323,3.27600e6,-1.63498e6,4.10332e-9
1520838420,23381255.047475297,25881147.494905632,2499.892,4.10666e14,3.0269,3.34258e6,-1.64606e6,4.13114e-9
1520838450,23380765.892839167,25899065.093406927,2518.299,4.06633e14,2.0152,3.34816e6,-1.65706e6,4.15877e-9
1520838480,23380384.568536058,25917010.001866486,2536.625,3.94839e14,0.9436,3.32087e6,-1.66799e6,4.18620e-9
1520838510,23380111.090720836,25934981.79364898,2554.871,3.96604e14,0.5008,3.34991e6,-1.67884e6,4.21344e-9
1520838540,23379945.47102709,25952980.043176405,2573.035,4.00491e14,0.4742,3.38789e6,-1.68961e6,4.24048e-9
1520838570,23379887.71656593,25971004.325938947,2591.117,3.96103e14,0.6264,3.39061e6,-1.70031e6,4.26733e-9
1520838600,23379937.829925217,25989054.218505364,2609.116,4.00510e14,0.4790,3.43070e6,-1.71092e6,4.29398e-9
1520838630,23380095.80914952,26007129.29852671,2627.033,4.05430e14,1.7133,3.47309e6,-1.72146e6,4.32043e-9
1520838660,23380361.64780132,26025229.1447673,2644.867,4.03533e14,1.2374,3.48595e6,-1.73192e6,4.34668e-9
1520838690,23380735.334901106,26043353.337093614,2662.618,3.96366e14,0.5605,3.47551e6,-1.74230e6,4.37274e-9
1520838720,23381216.8549481,26061501.456490718,2680.285,3.91181e14,1.8614,3.47325e6,-1.75260e6,4.39860e-9
1520838750,23381806.18792199,26079673.08507186,2697.867,4.01847e14,0.8144,3.54069e6,-1.76282e6,4.42426e-9
1520838780,23382503.30928507,26097867.806087617,2715.364,4.02934e14,1.0871,3.56590e6,-1.77296e6,4.44971e-9
1520838810,23383308.189985074,26116085.2039351,2732.777,4.01207e14,0.6539,3.57841e6,-1.78302e6,4.47497e-9
1520838840,23384220.796458334,26134324.864166748,2750.104,3.98108e14,0.1236,3.58450e6,-1.79300e6,4.50003e-9
1520838870,23385241.09063356,26152586.373498987,2767.345,3.93189e14,1.3576,3.58204e6,-1.80290e6,4.52488e-9
1520838900,23386369.029936098,26170869.31982087,2784.500,3.97497e14,0.2769,3.62115e6,-1.81272e6,4.54953e-9
1520838930,23387604.56730534,26189173.292203516,2801.569,3.98447e14,0.0385,3.64495e6,-1.82246e6,4.57397e-9
1520838960,23388947.651161462,26207497.880904213,2818.550,3.94455e14,1.0401,3.64591e6,-1.83212e6,4.59822e-9
1520838990,23390398.225449637,26225842.677378576,2835.444,3.92737e14,1.4710,3.65703e6,-1.84170e6,4.62226e-9
1520839020,23391956.229634136,26244207.27428687,2852.251,3.96698e14,0.4773,3.69429e6,-1.85119e6,4.64609e-9
1520839050,23393621.598705333,26262591.265501633,2868.970,3.99056e14,0.1143,3.72409e6,-1.86061e6,4.66972e-9
1520839080,23395394.263187196,26280994.246114995,2885.600,3.93836e14,1.1953,3.71827e6,-1.86994e6,4.69314e-9
1520839110,23397274.149145365,26299415.812445983,2902.142,3.92771e14,1.4626,3.73164e6,-1.87919e6,4.71636e-9
1520839140,23399261.178195655,26317855.562047455,2918.594,4.01219e14,0.6570,3.78988e6,-1.88836e6,4.73938e-9
1520839170,23401355.267513145,26336313.093713026,2934.958,4.01169e14,0.6445,3.80788e6,-1.89744e6,4.76218e-9
1520839200,23403556.32984176,26354788.007483706,2951.232,3.95072e14,0.8853,3.79678e6,-1.90644e6,4.78478e-9
1520839230,23405864.273504432,26373279.90465295,2967.416,4.00226e14,0.4079,3.83932e6,-1.91537e6,4.80717e-9
1520839260,23408279.002413202,26391788.387777604,2983.509,4.02592e14,1.0014,3.86846e6,-1.92420e6,4.82935e-9
1520839290,23410800.416081123,26410313.06067945,2999.513,3.98375e14,0.0566,3.86561e6,-1.93296e6,4.85133e-9
1520839320,23413428.40963345,26428853.528452605,3015.425,3.95683e14,0.7319,3.86983e6,-1.94163e6,4.87310e-9
1520839350,23416162.873819713,26447409.397469465,3031.247,3.92951e14,1.4174,3.87358e6,-1.95022e6,4.89466e-9
1520839380,23419003.695026238,26465980.275386352,3046.977,4.00733e14,0.5350,3.92873e6,-1.95873e6,4.91601e-9
1520839410,23421950.75528916,26484565.771148987,3062.615,4.01649e14,0.7647,3.95015e6,-1.96715e6,4.93715e-9
1520839440,23425003.932307888,26503165.49499796,3078.162,3.98424e14,0.0443,3.95091e6,-1.97549e6,4.95809e-9
1520839470,23428163.09945902,26521779.058473803,3093.616,3.98358e14,0.0607,3.96710e6,-1.98375e6,4.97881e-9
1520839500,23431428.125810735,26540406.074422143,3108.978,3.95662e14,0.7371,3.96997e6,-1.99192e6,4.99932e-9
1520839530,23434798.87612283,26559046.15700761,3124.247,3.97079e14,0.3817,3.99320e6,-2.00001e6,5.01963e-9
1520839560,23438275.21090795,26577698.921690766,3139.424,3.97851e14,0.1879,4.01308e6,-2.00802e6,5.03973e-9
1520839590,23441856.986400988,26596363.98526063,3154.507,4.00030e14,0.3586,4.03994e6,-2.01595e6,5.05961e-9
1520839620,23445544.05459021,26615040.96583017,3169.497,4.01628e14,0.7596,4.06377e6,-2.02379e6,5.07929e-9
1520839650,23449336.26323388,26633729.482840646,3184.393,3.97876e14,0.1818,4.06021e6,-2.03154e6,5.09876e-9
1520839680,23453233.455877192,26652429.157065887,3199.196,3.96792e14,0.4537,4.07000e6,-2.03921e6,5.11801e-9
1520839710,23457235.4718698,26671139.610616382,3213.904,3.97331e14,0.3184,4.08792e6,-2.04680e6,5.13706e-9
1520839740,23461342.146383684,26689860.466943145,3228.518,3.98538e14,0.0157,4.10913e6,-2.05431e6,5.15590e-9
1520839770,23465553.31043148,26708591.35084158,3243.038,3.96508e14,0.5250,4.11347e6,-2.06173e6,5.17452e-9
1520839800,23469868.790885355,26727331.888455044,3257.463,3.95014e14,0.8997,4.12036e6,-2.06907e6,5.19294e-9
1520839830,23474288.41051803,26746081.70726252,3271.793,3.95468e14,0.7859,4.13717e6,-2.07633e6,5.21115e-9
1520839860,23478811.987954825,26764840.436130814,3286.028,3.95071e14,0.8855,4.14938e6,-2.08350e6,5.22914e-9
1520839890,23483439.33776198,26783607.705268767,3300.168,3.95655e14,0.7389,4.16656e6,-2.09059e6,5.24693e-9
1520839920,23488170.270445198,26802383.146245997,3314.213,4.00572e14,0.4945,4.20640e6,-2.09759e6,5.26451e-9
1520839950,23493004.592470698,26821166.39199573,3328.162,4.00396e14,0.4506,4.21936e6,-2.10451e6,5.28188e-9
1520839980,23497942.106286768,26839957.076817397,3342.015,3.96265e14,0.5860,4.21117e6,-2.11135e6,5.29903e-9
1520840010,23502982.610345677,26858754.83637924,3355.772,3.97691e14,0.2282,4.23222e6,-2.11811e6,5.31598e-9
1520840040,23508125.899125963,26877559.307720616,3369.433,3.96400e14,0.5521,4.23867e6,-2.12478e6,5.33272e-9
1520840070,23513371.763155077,26896370.129254315,3382.998,3.97810e14,0.1982,4.25935e6,-2.13136e6,5.34925e-9
1520840100,23518719.98903249,26915186.94076866,3396.467,4.01306e14,0.6788,4.29111e6,-2.13787e6,5.36558e-9
1520840130,23524170.359434057,26934009.383445386,3409.839,4.03843e14,1.3152,4.31765e6,-2.14429e6,5.38169e-9
1520840160,23529722.65319477,26952837.09981274,3423.114,3.99940e14,0.3362,4.30935e6,-2.15063e6,5.39759e-9
1520840190,23535376.645273313,26971669.733796228,3436.293,3.95867e14,0.6858,4.29983e6,-2.15689e6,5.41329e-9
1520840220,23541132.106795873,26990506.93070453,3449.375,3.99766e14,0.2924,4.33330e6,-2.16306e6,5.42878e-9
1520840250,23546988.80508074,27009348.337231267,3462.360,4.00435e14,0.4602,4.34914e6,-2.16915e6,5.44406e-9
1520840280,23552946.503663365,27028193.601456437,3475.247,3.95233e14,0.8447,4.33279e6,-2.17516e6,5.45913e-9
1520840310,23559004.96232174,27047042.37284805,3488.037,3.97706e14,0.2244,4.35812e6,-2.18108e6,5.47400e-9
1520840340,23565163.937102113,27065894.302263334,3500.730,4.00121e14,0.3816,4.38305e6,-2.18692e6,5.48865e-9
1520840370,23571423.180345025,27084749.041950084,3513.326,3.97088e14,0.3793,4.37790e6,-2.19268e6,5.50311e-9
1520840400,23577782.440711625,27103606.245547697,3525.824,3.95779e14,0.7079,4.38201e6,-2.19836e6,5.51735e-9
1520840430,23584241.46321884,27122465.568076,3538.224,4.02892e14,1.0766,4.43251e6,-2.20396e6,5.53139e-9
1520840460,23590799.989240102,27141326.665974014,3550.527,4.02930e14,1.0862,4.44381e6,-2.20947e6,5.54522e-9
1520840490,23597457.756559342,27160189.19706277,3562.731,4.01580e14,0.7476,4.44723e6,-2.21491e6,5.55885e-9
1520840520,23604214.499389995,27179052.820558168,3574.838,4.03221e14,1.1592,4.46712e6,-2.22026e6,5.57227e-9
1520840550,23611069.948402874,27197917.197071496,3586.847,3.98742e14,0.0356,4.45270e6,-2.22553e6,5.58549e-9
1520840580,23618023.830754444,27216781.988609843,3598.758,3.97648e14,0.2390,4.45695e6,-2.23072e6,5.59851e-9
1520840610,23625075.87011545,27235646.8585764,3610.571,3.96336e14,0.5680,4.45979e6,-2.23582e6,5.61132e-9
1520840640,23632225.786699574,27254511.471770637,3622.286,3.96578e14,0.5073,4.47118e6,-2.24085e6,5.62393e-9
1520840670,23639473.297292612,27273375.494388416,3633.902,3.99312e14,0.1785,4.49645e6,-2.24580e6,5.63633e-9
1520840700,23646818.115281783,27292238.59402198,3645.420,3.98257e14,0.0861,4.50023e6,-2.25066e6,5.64853e-9
1520840730,23654259.950688943,27311100.439674087,3656.840,3.95646e14,0.7412,4.49501e6,-2.25544e6,5.66053e-9
1520840760,23661798.510189455,27329960.70171406,3668.162,3.97711e14,0.2231,4.51610e6,-2.26015e6,5.67233e-9
1520840790,23669433.497152943,27348819.0519214,3679.386,3.95504e14,0.7767,4.51279e6,-2.26477e6,5.68393e-9
1520840820,23677164.611670256,27367675.163471334,3690.511,3.98829e14,0.0574,4.54078e6,-2.26932e6,5.69533e-9
1520840850,23684991.550584055,27386528.710934456,3701.537,4.00319e14,0.4312,4.55822e6,-2.27378e6,5.70653e-9
1520840880,23692914.007519547,27405379.370276317,3712.465,3.96870e14,0.4341,4.54728e6,-2.27817e6,5.71753e-9
1520840910,23700931.672915537,27424226.818856925,3723.295,3.98510e14,0.0228,4.56527e6,-2.28248e6,5.72833e-9
1520840940,23709044.234055605,27443070.735430073,3734.027,3.99754e14,0.2895,4.58086e6,-2.28670e6,5.73893e-9
1520840970,23717251.375099506,27461910.800142698,3744.659,3.98608e14,0.0018,4.58258e6,-2.29085e6,5.74933e-9
1520841000,23725552.777114812,27480746.694534037,3755.194,3.95631e14,0.7449,4.57358e6,-2.29492e6,5.75954e-9
1520841030,23733948.118094902,27499578.10151083,3765.630,3.96482e14,0.5315,4.58644e6,-2.29892e6,5.76955e-9
1520841060,23742437.07303313,27518404.70542009,3775.968,3.94746e14,0.9671,4.58421e6,-2.30283e6,5.77936e-9
1520841090,23751019.3139128,27537226.19197415,3786.207,3.97212e14,0.3484,4.60612e6,-2.30667e6,5.78898e-9
1520841120,23759694.50975302,27556042.248273194,3796.348,3.99825e14,0.3072,4.62877e6,-2.31042e6,5.79840e-9
1520841150,23768462.32664098,27574852.562803943,3806.390,3.95254e14,0.8396,4.60959e6,-2.31411e6,5.80763e-9
1520841180,23777322.427764434,27593656.825438008,3816.334,3.97099e14,0.3766,4.62751e6,-2.31771e6,5.81667e-9
1520841210,23786274.473444413,27612454.727430545,3826.180,4.00839e14,0.5616,4.65633e6,-2.32124e6,5.82551e-9
1520841240,23795318.12116794,27631245.961418457,3835.928,3.98570e14,0.0077,4.65001e6,-2.32469e6,5.83416e-9
1520841270,23804453.02562102,27650030.22141879,3845.577,3.99604e14,0.2519,4.66280e6,-2.32806e6,5.84262e-9
1520841300,23813678.838721618,27668807.202826962,3855.128,4.01967e14,0.8447,4.68323e6,-2.33136e6,5.85089e-9
1520841330,23822995.20967394,27687576.60244943,3864.581,4.01253e14,0.6656,4.68552e6,-2.33459e6,5.85897e-9
1520841360,23832401.784936998,27706338.11839568,3873.936,3.98933e14,0.0834,4.67822e6,-2.33773e6,5.86686e-9
1520841390,23841898.20832283,27725091.45018277,3883.193,3.97577e14,0.2568,4.67640e6,-2.34081e6,5.87456e-9
1520841420,23851484.12100929,27743836.298699096,3892.352,3.95819e14,0.6977,4.67204e6,-2.34380e6,5.88207e-9
1520841450,23861159.161573783,27762572.366202738,3901.413,3.95188e14,0.8561,4.67415e6,-2.34673e6,5.88940e-9
1520841480,23870922.96602718,27781299.356319625,3910.376,3.96367e14,0.5603,4.68677e6,-2.34958e6,5.89653e-9
1520841510,23880775.167847812,27800016.97404171,3919.242,3.99499e14,0.2254,4.71079e6,-2.35235e6,5.90349e-9
1520841540,23890715.39801553,27818724.925725024,3928.010,4.03519e14,1.2339,4.73995e6,-2.35505e6,5.91025e-9
1520841570,23900743.285045724,27837422.919087682,3936.680,3.97897e14,0.1766,4.71197e6,-2.35768e6,5.91684e-9
1520841600,23910858.455023613,27856110.66320785,3945.252,3.98682e14,0.0204,4.72172e6,-2.36024e6,5.92324e-9
1520841630,23921060.531611994,27874787.86848395,3953.727,3.98897e14,0.0745,4.72796e6,-2.36272e6,5.92945e-9
1520841660,23931349.136166923,27893454.24674858,3962.105,3.93813e14,1.2011,4.70260e6,-2.36513e6,5.93549e-9
1520841690,23941723.887690425,27912109.511149876,3970.386,3.99995e14,0.3498,4.74397e6,-2.36746e6,5.94134e-9
1520841720,23952184.402891003,27930753.376186486,3978.569,4.01858e14,0.8173,4.75959e6,-2.36973e6,5.94702e-9
1520841750,23962730.296217833,27949385.557704955,3986.655,3.93989e14,1.1568,4.71715e6,-2.37192e6,5.95251e-9
1520841780,23973361.17989492,27968005.77289693,3994.645,3.95943e14,0.6668,4.73300e6,-2.37405e6,5.95782e-9
1520841810,23984076.663955353,27986613.740296397,4002.537,3.97269e14,0.3340,4.74500e6,-2.37610e6,5.96296e-9
1520841840,23994876.356275447,28005209.179776806,4010.333,3.95197e14,0.8538,4.73659e6,-2.37808e6,5.96792e-9
1520841870,24005759.86260905,28023791.812548105,4018.032,4.00876e14,0.5709,4.77431e6,-2.37999e6,5.97270e-9
1520841900,24016726.786621794,28042361.361153867,4025.635,3.98752e14,0.0380,4.76530e6,-2.38183e6,5.97731e-9
1520841930,24027776.72995691,28060917.54950119,4033.141,3.98642e14,0.0105,4.76818e6,-2.38360e6,5.98175e-9
1520841960,24038909.292172123,28079460.102756117,4040.551,4.02013e14,0.8562,4.79176e6,-2.38531e6,5.98600e-9
1520841990,24050124.070871603,28097988.74744243,4047.865,3.99108e14,0.1273,4.77763e6,-2.38694e6,5.99009e-9
1520842020,24061420.66170885,28116503.211405817,4055.083,3.99785e14,0.2972,4.78482e6,-2.38851e6,5.99401e-9
1520842050,24072798.658421118,28135003.223811064,4062.205,4.00998e14,0.6016,4.79509e6,-2.39000e6,5.99775e-9
1520842080,24084257.65286393,28153488.515139014,4069.231,4.00139e14,0.3859,4.79279e6,-2.39143e6,6.00132e-9
1520842110,24095797.235045504,28171958.81718373,4076.162,3.99335e14,0.1842,4.79069e6,-2.39279e6,6.00472e-9
1520842140,24107416.993161082,28190413.863049414,4082.997,3.97893e14,0.1774,4.78461e6,-2.39409e6,6.00796e-9
1520842170,24119116.51362731,28208853.387147464,4089.737,3.95055e14,0.8894,4.77000e6,-2.39531e6,6.01103e-9
1520842200,24130895.38111644,28227277.125193335,4096.382,3.95765e14,0.7114,4.77657e6,-2.39647e6,6.01392e-9
1520842230,24142753.178556044,28245684.81417908,4102.932,4.00374e14,0.4451,4.80649e6,-2.39757e6,6.01666e-9
1520842260,24154689.487269696,28264076.19244542,4109.387,3.96524e14,0.5210,4.78536e6,-2.39860e6,6.01923e-9
1520842290,24166703.886904065,28282450.999603014,4115.747,3.94938e14,0.9189,4.77773e6,-2.39956e6,6.02163e-9
1520842320,24178795.95549725,28300808.976553507,4122.013,3.98530e14,0.0177,4.80115e6,-2.40046e6,6.02387e-9
1520842350,24190965.2695124,28319149.865486007,4128.185,3.99022e14,0.1057,4.80578e6,-2.40129e6,6.02595e-9
1520842380,24203211.403871235,28337473.409873653,4134.262,4.02178e14,0.8974,4.82634e6,-2.40206e6,6.02787e-9
1520842410,24215533.931987494,28355779.354469992,4140.245,4.00917e14,0.5812,4.82015e6,-2.40277e6,6.02963e-9
1520842440,24227932.425800268,28374067.445305444,4146.135,3.98070e14,0.1331,4.80426e6,-2.40341e6,6.03122e-9
1520842470,24240406.45580728,28392337.429683637,4151.931,3.99724e14,0.2818,4.81539e6,-2.40399e6,6.03266e-9
1520842500,24252955.591098055,28410589.056177832,4157.633,3.98025e14,0.1442,4.80617e6,-2.40451e6,6.03394e-9
1520842530,24265579.399421126,28428822.074642275,4163.243,3.97715e14,0.2222,4.80520e6,-2.40496e6,6.03507e-9
1520842560,24278277.44711168,28447036.236161985,4168.759,3.96305e14,0.5758,4.79747e6,-2.40535e6,6.03604e-9
1520842590,24291049.299230188,28465231.29309578,4174.182,3.95129e14,0.8708,4.79102e6,-2.40568e6,6.03685e-9
1520842620,24303894.519561198,28483406.99905746,4179.512,4.02478e14,0.9728,4.83592e6,-2.40595e6,6.03751e-9
1520842650,24316812.670646254,28501563.108912274,4184.750,4.02306e14,0.9297,4.83529e6,-2.40616e6,6.03802e-9
1520842680,24329803.313816696,28519699.378773157,4189.896,3.98875e14,0.0689,4.81486e6,-2.40631e6,6.03837e-9
1520842710,24342866.009226393,28537815.565997105,4194.950,3.99793e14,0.2991,4.82057e6,-2.40639e6,6.03857e-9
1520842740,24356000.315884266,28555911.429181512,4199.911,4.00147e14,0.3880,4.82276e6,-2.40642e6,6.03863e-9
1520842770,24369205.79168671,28573986.72816035,4204.781,4.02344e14,0.9392,4.83595e6,-2.40639e6,6.03853e-9
1520842800,24382481.99344983,28592041.224000536,4209.559,4.01488e14,0.7245,4.83059e6,-2.40629e6,6.03828e-9
1520842830,24395828.47691321,28610074.678992037,4214.246,3.96802e14,0.4513,4.80199e6,-2.40614e6,6.03789e-9
1520842860,24409244.796859514,28628086.856662773,4218.842,3.93705e14,1.2282,4.78287e6,-2.40594e6,6.03735e-9
1520842890,24422730.50705825,28646077.521756142,4223.347,3.95865e14,0.6863,4.79538e6,-2.40567e6,6.03667e-9
1520842920,24436285.1603257,28664046.44023315,4227.761,3.99192e14,0.1485,4.81481e6,-2.40534e6,6.03584e-9
1520842950,24449908.30855614,28681993.379268523,4232.085,4.02898e14,1.0781,4.83640e6,-2.40496e6,6.03487e-9
1520842980,24463599.502752934,28699918.107246764,4236.319,3.98248e14,0.0884,4.80746e6,-2.40452e6,6.03375e-9
1520843010,24477358.29305943,28717820.39375821,4240.462,3.91466e14,1.7897,4.76555e6,-2.40403e6,6.03250e-9
1520843040,24491184.22878968,28735700.009595048,4244.516,3.94201e14,1.1037,4.78095e6,-2.40348e6,6.03110e-9
1520843070,24505076.858458973,28753556.72674732,4248.480,3.95568e14,0.7607,4.78798e6,-2.40287e6,6.02956e-9
1520843100,24519035.72981424,28771390.318398878,4252.355,4.01531e14,0.7352,4.82260e6,-2.40221e6,6.02789e-9
1520843130,24533060.389883593,28789200.55892141,4256.140,4.04788e14,1.5522,4.84078e6,-2.40149e6,6.02608e-9
1520843160,24547150.384946696,28806987.223876562,4259.837,3.98806e14,0.0517,4.80318e6,-2.40072e6,6.02413e-9
1520843190,24561305.2606245,28824750.090005513,4263.445,3.97301e14,0.3260,4.79246e6,-2.39990e6,6.02204e-9
1520843220,24575524.56188972,28842488.935226984,4266.964,4.01550e14,0.7400,4.81628e6,-2.39902e6,6.01982e-9
1520843250,24589807.833096392,28860203.538633093,4270.396,4.00948e14,0.5890,4.81078e6,-2.39809e6,6.01747e-9
1520843280,24604154.61800943,28877893.68048525,4273.739,3.98670e14,0.0174,4.79509e6,-2.39710e6,6.01498e-9
1520843310,24618564.459833857,28895559.14221007,4276.995,4.01141e14,0.6373,4.80787e6,-2.39606e6,6.01236e-9
1520843340,24633036.901243895,28913199.706395164,4280.163,3.99519e14,0.2304,4.79592e6,-2.39497e6,6.00961e-9
1520843370,24647571.484411884,28930815.156785037,4283.244,3.98154e14,0.1119,4.78544e6,-2.39383e6,6.00673e-9
1520843400,24662167.751036927,28948405.278276935,4286.238,3.99398e14,0.2001,4.79051e6,-2.39264e6,6.00372e-9
1520843430,24676825.24236418,28965969.856925964,4289.145,3.95991e14,0.6547,4.76757e6,-2.39139e6,6.00058e-9
1520843460,24691543.4992416,28983508.67991226,4291.965,3.93918e14,1.1747,4.75255e6,-2.39010e6,5.99732e-9
1520843490,24706322.06211947,29001021.53556574,4294.699,3.97981e14,0.1554,4.77422e6,-2.38875e6,5.99393e-9
1520843520,24721160.47108747,29018508.213352535,4297.348,3.99938e14,0.3355,4.78315e6,-2.38736e6,5.99041e-9
1520843550,24736058.265902203,29035968.503870983,4299.910,4.01444e14,0.7134,4.78927e6,-2.38591e6,5.98677e-9
1520843580,24751014.986014523,29053402.198847428,4302.387,3.99455e14,0.2143,4.77436e6,-2.38442e6,5.98301e-9
1520843610,24766030.170596782,29070809.091132116,4304.779,3.94251e14,1.0911,4.74015e6,-2.38288e6,5.97912e-9
1520843640,24781103.358569626,29088188.974695053,4307.086,3.98356e14,0.0612,4.76151e6,-2.38129e6,5.97511e-9
1520843670,24796234.088628776,29105541.64462183,4309.308,4.00937e14,0.5862,4.77364e6,-2.37965e6,5.97099e-9
1520843700,24811421.899271443,29122866.89710943,4311.445,3.96249e14,0.5900,4.74227e6,-2.37796e6,5.96674e-9
1520843730,24826666.328825817,29140164.52944576,4313.498,3.97799e14,0.2012,4.74805e6,-2.37623e6,5.96237e-9
1520843760,24841966.915467333,29157434.340055835,4315.467,3.97513e14,0.2728,4.74279e6,-2.37445e6,5.95789e-9
1520843790,24857323.197254114,29174676.12844686,4317.353,3.94882e14,0.9328,4.72347e6,-2.37262e6,5.95329e-9
1520843820,24872734.712149426,29191889.695220374,4319.155,3.95775e14,0.7089,4.72504e6,-2.37075e6,5.94858e-9
1520843850,24888200.998047147,29209074.84206783,4320.874,3.96576e14,0.5079,4.72597e6,-2.36883e6,5.94375e-9
1520843880,24903721.592796862,29226231.371766295,4322.510,3.99537e14,0.2350,4.73963e6,-2.36686e6,5.93880e-9
1520843910,24919296.034228846,29243359.08817412,4324.063,3.99032e14,0.1083,4.73261e6,-2.36485e6,5.93375e-9
1520843940,24934923.860178735,29260457.796226505,4325.534,3.97220e14,0.3463,4.71775e6,-2.36280e6,5.92858e-9
1520843970,24950604.608512025,29277527.30193126,4326.923,3.97769e14,0.2085,4.71681e6,-2.36070e6,5.92330e-9
1520844000,24966337.8171483,29294567.412364382,4328.230,3.96168e14,0.6102,4.70305e6,-2.35856e6,5.91791e-9
1520844030,24982123.024085265,29311577.935686618,4329.455,3.97374e14,0.3077,4.70581e6,-2.35637e6,5.91241e-9
1520844060,24997959.767422315,29328558.681074835,4330.599,3.98282e14,0.0798,4.70672e6,-2.35415e6,5.90681e-9
1520844090,25013847.585384585,29345509.458782304,4331.662,3.95875e14,0.6838,4.68797e6,-2.35187e6,5.90109e-9
1520844120,25029786.016346034,29362430.08011362,4332.644,4.01139e14,0.6368,4.71438e6,-2.34956e6,5.89527e-9
1520844150,25045774.59885249,29379320.35742059,4333.546,4.05584e14,1.7520,4.73583e6,-2.34721e6,5.88935e-9
1520844180,25061812.871644467,29396180.104098104,4334.367,4.00544e14,0.4876,4.70134e6,-2.34481e6,5.88332e-9
1520844210,25077900.37367978,29413009.134580035,4335.109,4.00117e14,0.3806,4.69393e6,-2.34237e6,5.87719e-9
1520844240,25094036.644155867,29429807.264335077,4335.771,4.01282e14,0.6727,4.69580e6,-2.33989e6,5.87095e-9
1520844270,25110221.22253182,29446574.309862673,4336.353,3.98582e14,0.0047,4.67490e6,-2.33737e6,5.86461e-9
1520844300,25126453.648550287,29463310.088688836,4336.856,3.97297e14,0.3269,4.66225e6,-2.33481e6,5.85817e-9
1520844330,25142733.462255828,29480014.41934247,4337.281,3.98657e14,0.0142,4.66501e6,-2.33221e6,5.85164e-9
1520844360,25159060.204026494,29496687.12141168,4337.627,4.01263e14,0.6679,4.67495e6,-2.32957e6,5.84500e-9
1520844390,25175433.41458432,29513328.01547893,4337.895,3.99397e14,0.1999,4.65868e6,-2.32689e6,5.83827e-9
1520844420,25191852.635019735,29529936.923136406,4338.084,3.95883e14,0.6817,4.63274e6,-2.32418e6,5.83143e-9
1520844450,25208317.40681215,29546513.666981757,4338.196,3.94763e14,0.9626,4.62072e6,-2.32142e6,5.82451e-9
1520844480,25224827.271850344,29563058.070613664,4338.231,3.95499e14,0.7780,4.61944e6,-2.31863e6,5.81748e-9
1520844510,25241381.772452634,29579569.95862767,4338.188,3.95008e14,0.9014,4.61093e6,-2.31580e6,5.81036e-9
1520844540,25257980.451386765,29596049.156611748,4338.069,3.93678e14,1.2348,4.59750e6,-2.31293e6,5.80315e-9
1520844570,25274622.85188966,29612495.49114208,4337.873,3.93679e14,1.2347,4.59173e6,-2.31002e6,5.79585e-9
1520844600,25291308.517686807,29628908.789778642,4337.600,3.95921e14,0.6722,4.59885e6,-2.30708e6,5.78845e-9
1520844630,25308036.993018497,29645288.881075814,4337.252,3.98150e14,0.1129,4.60579e6,-2.30410e6,5.78097e-9
1520844660,25324807.822637156,29661635.594532393,4336.828,3.99394e14,0.1992,4.60695e6,-2.30109e6,5.77339e-9
1520844690,25341620.551848076,29677948.76063305,4336.328,3.98802e14,0.0507,4.59742e6,-2.29804e6,5.76572e-9
1520844720,25358474.7265209,29694228.210829407,4335.753,3.96559e14,0.5120,4.57833e6,-2.29495e6,5.75797e-9
1520844750,25375369.89310788,29710473.77753581,4335.104,3.99213e14,0.1537,4.58736e6,-2.29183e6,5.75013e-9
1520844780,25392305.59866203,29726685.294125263,4334.380,4.01603e14,0.7532,4.59476e6,-2.28868e6,5.74220e-9
1520844810,25409281.39085504,29742862.594925296,4333.581,3.99470e14,0.2181,4.57612e6,-2.28549e6,5.73419e-9
1520844840,25426296.817994863,29759005.515213776,4332.709,3.98440e14,0.0404,4.56377e6,-2.28227e6,5.72609e-9
1520844870,25443351.42904315,29775113.89121492,4331.762,3.97404e14,0.3002,4.55133e6,-2.27901e6,5.71790e-9
1520844900,25460444.773632374,29791187.560095035,4330.743,3.97661e14,0.2356,4.54622e6,-2.27572e6,5.70964e-9
1520844930,25477576.402077522,29807226.359944273,4329.650,4.01435e14,0.7110,4.56109e6,-2.27240e6,5.70129e-9
1520844960,25494745.8654091,29823230.129816506,4328.484,3.96073e14,0.6341,4.52383e6,-2.26904e6,5.69286e-9
1520844990,25511952.715372983,29839198.709681198,4327.246,3.92119e14,1.6261,4.49460e6,-2.26566e6,5.68435e-9
1520845020,25529196.50445203,29855131.940433446,4325.935,3.97801e14,0.2006,4.52006e6,-2.26224e6,5.67576e-9
1520845050,25546476.785881966,29871029.663889814,4324.553,4.00064e14,0.3673,4.52599e6,-2.25879e6,5.66709e-9
1520845080,25563793.11366705,29886891.72278415,4323.099,3.96529e14,0.5196,4.49901e6,-2.25531e6,5.65834e-9
1520845110,25581145.04259557,29902717.9607635,4321.573,3.97689e14,0.2285,4.49855e6,-2.25180e6,5.64952e-9
1520845140,25598532.12825503,29918508.222383924,4319.976,3.98800e14,0.0501,4.49773e6,-2.24825e6,5.64061e-9
1520845170,25615953.92704712,29934262.353106376,4318.308,3.98417e14,0.0460,4.48842e6,-2.24468e6,5.63164e-9
1520845200,25633409.996202495,29949980.199292615,4316.570,4.00657e14,0.5158,4.49380e6,-2.24108e6,5.62258e-9
1520845230,25650899.893792886,29965661.60822424,4314.762,3.99496e14,0.2247,4.48000e6,-2.23744e6,5.61346e-9
1520845260,25668423.178752728,29981306.428027336,4312.883,3.96025e14,0.6460,4.45321e6,-2.23378e6,5.60426e-9
1520845290,25685979.410885956,29996914.50773979,4310.935,3.96834e14,0.4431,4.45037e6,-2.23009e6,5.59498e-9
1520845320,25703568.150882173,30012485.697284386,4308.918,4.01915e14,0.8317,4.47133e6,-2.22637e6,5.58564e-9
1520845350,25721188.960330274,30028019.847464878,4306.831,3.98163e14,0.1098,4.44287e6,-2.22262e6,5.57622e-9
1520845380,25738841.401731808,30043516.80996215,4304.675,3.97029e14,0.3943,4.42900e6,-2.21885e6,5.56674e-9
1520845410,25756525.038514193,30058976.43733049,4302.451,3.98713e14,0.0282,4.43076e6,-2.21504e6,5.55718e-9
1520845440,25774239.435043663,30074398.58299353,4300.159,3.99747e14,0.2876,4.42883e6,-2.21121e6,5.54756e-9
1520845470,25791984.156637993,30089783.101240635,4297.799,4.01136e14,0.6362,4.42879e6,-2.20735e6,5.53786e-9
1520845500,25809758.76957911,30105129.847222835,4295.371,3.97919e14,0.1710,4.40321e6,-2.20347e6,5.52810e-9
1520845530,25827562.841134027,30120438.67691228,4292.876,3.94746e14,0.9669,4.37788e6,-2.19956e6,5.51828e-9
1520845560,25845395.9395402,30135709.447211932,4290.314,3.98092e14,0.1276,4.38846e6,-2.19562e6,5.50839e-9
1520845590,25863257.634044375,30150942.015837885,4287.684,4.00629e14,0.5090,4.39449e6,-2.19166e6,5.49843e-9
1520845620,25881147.494905632,30166136.24135205,4284.989,3.96798e14,0.4521,4.36546e6,-2.18767e6,5.48841e-9
1520845650,25899065.093406927,30181291.983158,4282.227,3.96420e14,0.5471,4.35537e6,-2.18365e6,5.47832e-9
1520845680,25917010.001866486,30196409.101496812,4279.399,3.98234e14,0.0919,4.35723e6,-2.17961e6,5.46818e-9
1520845710,25934981.79364898,30211487.457443066,4276.506,3.99600e14,0.2508,4.35655e6,-2.17555e6,5.45797e-9
1520845740,25952980.043176405,30226526.912900593,4273.547,3.99412e14,0.2036,4.34733e6,-2.17146e6,5.44770e-9
1520845770,25971004.325938947,30241527.330598455,4270.523,4.00314e14,0.4298,4.34400e6,-2.16735e6,5.43737e-9
1520845800,25989054.218505364,30256488.574086938,4267.434,3.99982e14,0.3467,4.33390e6,-2.16321e6,5.42698e-9
1520845830,26007129.29852671,30271410.507778384,4264.281,3.98995e14,0.0990,4.32021e6,-2.15905e6,5.41653e-9
1520845860,26025229.1447673,30286292.996804766,4261.064,3.97608e14,0.2491,4.30434e6,-2.15486e6,5.40602e-9
1520845890,26043353.337093614,30301135.907152493,4257.783,3.98003e14,0.1500,4.29806e6,-2.15066e6,5.39545e-9
1520845920,26061501.456490718,30315939.105613854,4254.438,4.02163e14,0.8937,4.31200e6,-2.14643e6,5.38483e-9
1520845950,26079673.08507186,30330702.45978359,4251.029,3.98131e14,0.1178,4.28179e6,-2.14217e6,5.37415e-9
1520845980,26097867.806087617,30345425.83805521,4247.558,3.95873e14,0.6842,4.26113e6,-2.13790e6,5.36341e-9
1520846010,26116085.2039351,30360109.10961768,4244.024,3.97161e14,0.3612,4.25945e6,-2.13360e6,5.35262e-9
1520846040,26134324.864166748,30374752.14445179,4240.427,3.97634e14,0.2424,4.25336e6,-2.12928e6,5.34178e-9
1520846070,26152586.373498987,30389354.813326713,4236.768,3.99636e14,0.2598,4.25535e6,-2.12494e6,5.33088e-9
1520846100,26170869.31982087,30403916.987796605,4233.048,4.00480e14,0.4715,4.25111e6,-2.12058e6,5.31992e-9
1520846130,26189173.292203516,30418438.5401563,4229.265,4.01203e14,0.6529,4.24616e6,-2.11620e6,5.30892e-9
1520846160,26207497.880904213,30432919.343563512,4225.421,4.02735e14,1.0373,4.24544e6,-2.11180e6,5.29786e-9
1520846190,26225842.677378576,30447359.271909494,4221.517,4.01477e14,0.7217,4.22989e6,-2.10738e6,5.28676e-9
1520846220,26244207.27428687,30461758.199855987,4217.551,3.98332e14,0.0674,4.20437e6,-2.10293e6,5.27560e-9
1520846250,26262591.265501633,30476116.002831396,4213.525,3.98536e14,0.0162,4.19652e6,-2.09847e6,5.26439e-9
1520846280,26280994.246114995,30490432.557027068,4209.438,3.99374e14,0.1941,4.19195e6,-2.09399e6,5.25314e-9
1520846310,26299415.812445983,30504707.739393476,4205.292,3.98984e14,0.0963,4.18089e6,-2.08949e6,5.24183e-9
1520846340,26317855.562047455,30518941.42763641,4201.086,3.95634e14,0.7441,4.15432e6,-2.08496e6,5.23048e-9
1520846370,26336313.093713026,30533133.50021328,4196.820,3.96383e14,0.5564,4.14918e6,-2.08042e6,5.21908e-9
1520846400,26354788.007483706,30547283.83632926,4192.496,4.01969e14,0.8452,4.16918e6,-2.07587e6,5.20763e-9
1520846430,26373279.90465295,30561392.31596261,4188.112,3.99230e14,0.1579,4.14574e6,-2.07129e6,5.19614e-9
1520846460,26391788.387777604,30575458.819771595,4183.670,3.96368e14,0.5600,4.12171e6,-2.06669e6,5.18460e-9
1520846490,26410313.06067945,30589483.22918033,4179.170,3.98941e14,0.0853,4.12581e6,-2.06208e6,5.17302e-9
1520846520,26428853.528452605,30603465.426346317,4174.612,3.98190e14,0.1030,4.11267e6,-2.05745e6,5.16140e-9
1520846550,26447409.397469465,30617405.29415702,4169.996,3.96528e14,0.5199,4.09481e6,-2.05280e6,5.14973e-9
1520846580,26465980.275386352,30631302.716226425,4165.322,3.96561e14,0.5116,4.08568e6,-2.04814e6,5.13801e-9
1520846610,26484565.771148987,30645157.576891728,4160.592,4.00952e14,0.5899,4.09884e6,-2.04346e6,5.12626e-9
1520846640,26503165.49499796,30658969.761209838,4155.804,3.99850e14,0.3136,4.08378e6,-2.03876e6,5.11446e-9
1520846670,26521779.058473803,30672739.154954154,4150.960,3.99434e14,0.2091,4.07220e6,-2.03404e6,5.10262e-9
1520846700,26540406.074422143,30686465.64461108,4146.060,3.98877e14,0.0694,4.05989e6,-2.02931e6,5.09074e-9
1520846730,26559046.15700761,30700149.11735749,4141.103,3.98052e14,0.1376,4.04620e6,-2.02456e6,5.07882e-9
1520846760,26577698.921690766,30713789.461116966,4136.091,3.99751e14,0.2886,4.04528e6,-2.01980e6,5.06686e-9
1520846790,26596363.98526063,30727386.564496715,4131.023,3.95964e14,0.6615,4.01657e6,-2.01502e6,5.05487e-9
1520846820,26615040.96583017,30740940.316803444,4125.899,3.91309e14,1.8293,3.98353e6,-2.01023e6,5.04283e-9
1520846850,26633729.482840646,30754450.60804001,4120.721,4.00049e14,0.3633,4.01797e6,-2.00542e6,5.03076e-9
1520846880,26652429.157065887,30767917.328901928,4115.488,4.02408e14,0.9551,4.02014e6,-2.00059e6,5.01864e-9
1520846910,26671139.610616382,30781340.37077408,4110.201,3.99970e14,0.3435,3.99820e6,-1.99576e6,5.00650e-9
1520846940,26689860.466943145,30794719.62572721,4104.859,4.08986e14,2.6055,4.03351e6,-1.99090e6,4.99431e-9
1520846970,26708591.35084158,30808054.986514684,4099.464,4.04676e14,1.5243,4.00217e6,-1.98604e6,4.98209e-9
1520847000,26727331.888455044,30821346.34656907,4094.014,4.01352e14,0.6904,3.97581e6,-1.98115e6,4.96984e-9
1520847030,26746081.70726252,30834593.60001357,4088.512,4.02475e14,0.9720,3.97155e6,-1.97626e6,4.95755e-9
1520847060,26764840.436130814,30847796.64161325,4082.956,4.01446e14,0.7139,3.95659e6,-1.97135e6,4.94522e-9
1520847090,26783607.705268767,30860955.36681747,4077.348,4.02689e14,1.0258,3.95284e6,-1.96643e6,4.93287e-9
1520847120,26802383.146245997,30874069.67174189,4071.687,4.00761e14,0.5421,3.93343e6,-1.96149e6,4.92048e-9
1520847150,26821166.39199573,30887139.45316533,4065.973,3.97831e14,0.1929,3.90912e6,-1.95654e6,4.90805e-9
1520847180,26839957.076817397,30900164.608526736,4060.208,3.98824e14,0.0562,3.90406e6,-1.95158e6,4.89560e-9
1520847210,26858754.83637924,30913145.035921995,4054.390,4.00163e14,0.3920,3.90065e6,-1.94661e6,4.88311e-9
1520847240,26877559.307720616,30926080.634100936,4048.521,3.97797e14,0.2017,3.87912e6,-1.94162e6,4.87059e-9
1520847270,26896370.129254315,30938971.3024642,4042.601,3.98396e14,0.0512,3.87205e6,-1.93662e6,4.85804e-9
1520847300,26915186.94076866,30951816.941060223,4036.630,4.00879e14,0.5717,3.87406e6,-1.93161e6,4.84546e-9
1520847330,26934009.383445386,30964617.450573187,4030.608,3.96925e14,0.4204,3.84487e6,-1.92659e6,4.83286e-9
1520847360,26952837.09981274,30977372.7323478,4024.536,3.98413e14,0.0471,3.84199e6,-1.92155e6,4.82022e-9
1520847390,26971669.733796228,30990082.68835829,4018.413,4.01703e14,0.7784,3.84771e6,-1.91651e6,4.80755e-9
1520847420,26990506.93070453,31002747.221214354,4012.240,3.99572e14,0.2438,3.82734e6,-1.91145e6,4.79486e-9
1520847450,27009348.337231267,31015366.23415817,4006.018,3.98476e14,0.0313,3.81195e6,-1.90638e6,4.78214e-9
1520847480,27028193.601456437,31027939.63106121,3999.746,4.00087e14,0.3730,3.80947e6,-1.90130e6,4.76939e-9
1520847510,27047042.37284805,31040467.316421296,3993.425,4.00517e14,0.4809,3.80132e6,-1.89621e6,4.75661e-9
1520847540,27065894.302263334,31052949.195359476,3987.055,3.98455e14,0.0365,3.78130e6,-1.89111e6,4.74381e-9
1520847570,27084749.041950084,31065385.173617013,3980.636,3.98705e14,0.0263,3.77227e6,-1.88600e6,4.73098e-9
1520847600,27103606.245547697,31077775.157552335,3974.169,3.99605e14,0.2521,3.76627e6,-1.88088e6,4.71812e-9
1520847630,27122465.568076,31090119.054137226,3967.653,3.97632e14,0.2430,3.74670e6,-1.87575e6,4.70524e-9
1520847660,27141326.665974014,31102416.770956244,3961.090,3.91606e14,1.7547,3.70816e6,-1.87061e6,4.69234e-9
1520847690,27160189.19706277,31114668.216201413,3954.479,3.92279e14,1.5859,3.70109e6,-1.86546e6,4.67941e-9
1520847720,27179052.820558168,31126873.298669934,3947.820,4.00506e14,0.4780,3.72924e6,-1.86030e6,4.66646e-9
1520847750,27197917.197071496,31139031.92776128,3941.115,4.00351e14,0.4393,3.71816e6,-1.85513e6,4.65349e-9
1520847780,27216781.988609843,31151144.013474148,3934.362,3.99534e14,0.2341,3.70398e6,-1.84995e6,4.64049e-9
1520847810,27235646.8585764,31163209.46640369,3927.563,4.02176e14,0.8970,3.70582e6,-1.84476e6,4.62747e-9
1520847840,27254511.471770637,31175228.19773846,3920.717,4.01242e14,0.6628,3.69107e6,-1.83956e6,4.61442e-9
1520847870,27273375.494388416,31187200.119257633,3913.825,3.98373e14,0.0571,3.66742e6,-1.83436e6,4.60136e-9
1520847900,27292238.59402198,31199125.143328004,3906.887,3.96748e14,0.4648,3.64953e6,-1.82915e6,4.58827e-9
1520847930,27311100.439674087,31211003.18290887,3899.903,3.97064e14,0.3854,3.64056e6,-1.82392e6,4.57517e-9
1520847960,27329960.70171406,31222834.151525848,3892.873,3.97892e14,0.1778,3.63389e6,-1.81869e6,4.56204e-9
1520847990,27348819.0519214,31234617.96329137,3885.799,3.99791e14,0.2987,3.63206e6,-1.81345e6,4.54889e-9
1520848020,27367675.163471334,31246354.532894414,3878.679,4.00628e14,0.5086,3.62535e6,-1.80821e6,4.53572e-9
1520848050,27386528.710934456,31258043.775597874,3871.515,4.00940e14,0.5868,3.61622e6,-1.80295e6,4.52254e-9
1520848080,27405379.370276317,31269685.607235797,3864.306,4.01921e14,0.8331,3.61009e6,-1.79769e6,4.50933e-9
1520848110,27424226.818856925,31281279.944210816,3857.053,4.03328e14,1.1861,3.60583e6,-1.79242e6,4.49611e-9
1520848140,27443070.735430073,31292826.70349145,3849.756,4.00911e14,0.5796,3.58438e6,-1.78715e6,4.48287e-9
1520848170,27461910.800142698,31304325.802609522,3842.415,3.95828e14,0.6955,3.55106e6,-1.78186e6,4.46961e-9
1520848200,27480746.694534037,31315777.15965756,3835.030,4.00662e14,0.5172,3.56205e6,-1.77657e6,4.45633e-9
1520848230,27499578.10151083,31327180.693281718,3827.603,4.06563e14,1.9976,3.57765e6,-1.77128e6,4.44303e-9
1520848260,27518404.70542009,31338536.32269295,3820.132,4.00748e14,0.5388,3.54117e6,-1.76597e6,4.42972e-9
1520848290,27537226.19197415,31349843.967650738,3812.618,3.96679e14,0.4819,3.51255e6,-1.76066e6,4.41639e-9
1520848320,27556042.248273194,31361103.548464905,3805.061,3.96314e14,0.5735,3.50033e6,-1.75534e6,4.40305e-9
1520848350,27574852.562803943,31372314.98599303,3797.462,4.01141e14,0.6373,3.51090e6,-1.75002e6,4.38969e-9
1520848380,27593656.825438008,31383478.201637946,3789.821,4.02776e14,1.0475,3.50736e6,-1.74469e6,4.37631e-9
1520848410,27612454.727430545,31394593.117345154,3782.138,3.99649e14,0.2630,3.48299e6,-1.73935e6,4.36292e-9
1520848440,27631245.961418457,31405659.655600213,3774.414,4.02478e14,0.9727,3.48460e6,-1.73401e6,4.34952e-9
1520848470,27650030.22141879,31416677.739426322,3766.648,3.99804e14,0.3020,3.46226e6,-1.72867e6,4.33610e-9
1520848500,27668807.202826962,31427647.292381685,3758.840,3.98638e14,0.0094,3.44649e6,-1.72331e6,4.32266e-9
1520848530,27687576.60244943,31438568.238552928,3750.992,3.99817e14,0.3053,3.44086e6,-1.71795e6,4.30922e-9
1520848560,27706338.11839568,31449440.502565227,3743.102,4.00102e14,0.3767,3.43133e6,-1.71259e6,4.29576e-9
1520848590,27725091.45018277,31460264.0095672,3735.173,4.03921e14,1.3348,3.43693e6,-1.70722e6,4.28228e-9
1520848620,27743836.298699096,31471038.68523238,3727.202,4.03161e14,1.1440,3.42286e6,-1.70185e6,4.26880e-9
1520848650,27762572.366202738,31481764.455756765,3719.192,3.99600e14,0.2508,3.39689e6,-1.69647e6,4.25530e-9
1520848680,27781299.356319625,31492441.247856315,3711.142,3.99838e14,0.3105,3.38711e6,-1.69108e6,4.24179e-9
1520848710,27800016.97404171,31503068.988764476,3703.052,3.98745e14,0.0364,3.37170e6,-1.68570e6,4.22826e-9
1520848740,27818724.925725024,31513647.60622972,3694.923,3.97735e14,0.2172,3.35664e6,-1.68030e6,4.21473e-9
1520848770,27837422.919087682,31524177.028513063,3686.754,4.00963e14,0.5928,3.35942e6,-1.67490e6,4.20118e-9
1520848800,27856110.66320785,31534657.184385702,3678.547,3.99299e14,0.1752,3.34161e6,-1.66950e6,4.18762e-9
1520848830,27874787.86848395,31545088.00313652,3670.300,3.97204e14,0.3503,3.32205e6,-1.66409e6,4.17406e-9
1520848860,27893454.24674858,31555469.41453901,3662.015,4.03912e14,1.3326,3.33915e6,-1.65868e6,4.16048e-9
1520848890,27912109.511149876,31565801.348879687,3653.692,4.01895e14,0.8265,3.31988e6,-1.65327e6,4.14689e-9
1520848920,27930753.376186486,31576083.73694578,3645.330,3.95337e14,0.8187,3.28189e6,-1.64785e6,4.13329e-9
1520848950,27949385.557704955,31586316.510023076,3636.931,3.98244e14,0.0893,3.28307e6,-1.64243e6,4.11968e-9
1520848980,27968005.77289693,31596499.599893644,3628.494,4.02747e14,1.0403,3.29071e6,-1.63700e6,4.10607e-9
1520849010,27986613.740296397,31606632.938833594,3620.019,4.03359e14,1.1939,3.28229e6,-1.63157e6,4.09244e-9
1520849040,28005209.179776806,31616716.459610924,3611.507,4.00421e14,0.4568,3.25938e6,-1.62614e6,4.07880e-9
1520849070,28023791.812548105,31626750.095483266,3602.958,3.92526e14,1.5240,3.21638e6,-1.62070e6,4.06516e-9
1520849100,28042361.361153867,31636733.780195758,3594.372,3.93983e14,1.1584,3.21148e6,-1.61526e6,4.05151e-9
1520849130,28060917.54950119,31646667.44796707,3585.750,3.99430e14,0.2080,3.22265e6,-1.60981e6,4.03785e-9
1520849160,28079460.102756117,31656551.033523608,3577.091,3.93483e14,1.2840,3.18781e6,-1.60437e6,4.02418e-9
1520849190,28097988.74744243,31666384.47206093,3568.396,3.91021e14,1.9016,3.16711e6,-1.59892e6,4.01051e-9
1520849220,28116503.211405817,31676167.699253336,3559.664,3.99609e14,0.2531,3.19063e6,-1.59347e6,3.99682e-9
1520849250,28135003.223811064,31685900.651251685,3550.897,3.99089e14,0.1225,3.17763e6,-1.58801e6,3.98314e-9
1520849280,28153488.515139014,31695583.26468114,3542.095,3.98621e14,0.0051,3.16485e6,-1.58255e6,3.96944e-9
1520849310,28171958.81718373,31705215.476639003,3533.257,4.00524e14,0.4826,3.16146e6,-1.57709e6,3.95574e-9
1520849340,28190413.863049414,31714797.224692605,3524.383,4.02573e14,0.9967,3.15858e6,-1.57163e6,3.94203e-9
1520849370,28208853.387147464,31724328.446877092,3515.475,4.06631e14,2.0148,3.16354e6,-1.56616e6,3.92831e-9
1520849400,28227277.125193335,31733809.081693318,3506.532,4.07136e14,2.1415,3.15447e6,-1.56069e6,3.91459e-9
1520849430,28245684.81417908,31743239.06811875,3497.554,4.01774e14,0.7961,3.12249e6,-1.55522e6,3.90087e-9
1520849460,28264076.19244542,31752618.345565226,3488.542,3.97688e14,0.2290,3.09562e6,-1.54975e6,3.88714e-9
1520849490,28282450.999603014,31761946.853917114,3479.496,4.00622e14,0.5072,3.09604e6,-1.54428e6,3.87340e-9
1520849520,28300808.976553507,31771224.533516318,3470.416,3.96638e14,0.4924,3.06968e6,-1.53880e6,3.85966e-9
1520849550,28319149.865486007,31780451.32516034,3461.301,4.01490e14,0.7250,3.07742e6,-1.53332e6,3.84591e-9
1520849580,28337473.409873653,31789627.17010036,3452.154,3.95781e14,0.7074,3.04454e6,-1.52784e6,3.83216e-9
1520849610,28355779.354469992,31798752.010039255,3442.973,3.90414e14,2.0537,3.01312e6,-1.52236e6,3.81840e-9
1520849640,28374067.445305444,31807825.78712981,3433.758,3.97947e14,0.1640,3.03092e6,-1.51687e6,3.80465e-9
1520849670,28392337.429683637,31816848.443972673,3424.511,3.99394e14,0.1991,3.02544e6,-1.51139e6,3.79088e-9
1520849700,28410589.056177832,31825819.923614588,3415.231,4.01021e14,0.6073,3.02060e6,-1.50590e6,3.77712e-9
1520849730,28428822.074642275,31834740.16953151,3405.918,3.99265e14,0.1668,3.00299e6,-1.50041e6,3.76334e-9
1520849760,28447036.236161985,31843609.12567287,3396.573,4.02502e14,0.9789,3.00414e6,-1.49492e6,3.74957e-9
1520849790,28465231.29309578,31852426.736413456,3387.195,4.01525e14,0.7337,2.98945e6,-1.48943e6,3.73579e-9
1520849820,28483406.99905746,31861192.946566433,3377.786,3.96339e14,0.5673,2.95912e6,-1.48394e6,3.72202e-9
1520849850,28501563.108912274,31869907.701381363,3368.345,3.94633e14,0.9955,2.94184e6,-1.47845e6,3.70823e-9
1520849880,28519699.378773157,31878570.94654229,3358.872,3.96648e14,0.4899,2.93835e6,-1.47295e6,3.69445e-9
1520849910,28537815.565997105,31887182.6281658,3349.367,4.00737e14,0.5361,2.94244e6,-1.46746e6,3.68066e-9
1520849940,28555911.429181512,31895742.692799103,3339.831,3.98791e14,0.0479,2.92428e6,-1.46196e6,3.66687e-9
1520849970,28573986.72816035,31904251.087418143,3330.264,4.01202e14,0.6527,2.92209e6,-1.45647e6,3.65308e-9
1520850000,28592041.224000536,31912707.759425703,3320.667,3.96765e14,0.4605,2.89491e6,-1.45097e6,3.63929e-9
1520850030,28610074.678992037,31921112.656666335,3311.038,3.93373e14,1.3114,2.87164e6,-1.44547e6,3.62549e-9
1520850060,28628086.856662773,31929465.72737281,3301.379,4.00312e14,0.4293,2.88578e6,-1.43997e6,3.61170e-9
1520850090,28646077.521756142,31937766.920216143,3291.689,3.97528e14,0.2691,2.86474e6,-1.43447e6,3.59790e-9
1520850120,28664046.44023315,31946016.184287146,3281.970,3.94150e14,1.1166,2.84165e6,-1.42897e6,3.58410e-9
1520850150,28681993.379268523,31954213.469094716,3272.220,3.98793e14,0.0482,2.84728e6,-1.42347e6,3.57030e-9
1520850180,28699918.107246764,31962358.724564277,3262.441,3.96413e14,0.5488,2.82782e6,-1.41797e6,3.55650e-9
1520850210,28717820.39375821,31970451.90103608,3252.632,4.01105e14,0.6283,2.83347e6,-1.41247e6,3.54270e-9
1520850240,28735700.009595048,31978492.949263636,3242.793,4.02803e14,1.0543,2.82842e6,-1.40697e6,3.52890e-9
1520850270,28753556.72674732,31986481.82041209,3232.925,3.99358e14,0.1901,2.80526e6,-1.40147e6,3.51510e-9
1520850300,28771390.318398878,31994418.466056637,3223.028,3.96336e14,0.5682,2.78366e6,-1.39597e6,3.50130e-9
1520850330,28789200.55892141,32002302.838163517,3213.102,3.91983e14,1.6602,2.75751e6,-1.39047e6,3.48750e-9
1520850360,28806987.223876562,32010134.889142103,3203.148,3.98230e14,0.0930,2.76830e6,-1.38497e6,3.47369e-9
1520850390,28824750.090005513,32017914.57178953,3193.164,4.00843e14,0.5625,2.76634e6,-1.37947e6,3.45989e-9
1520850420,28842488.935226984,32025641.83930641,3183.153,3.86806e14,2.9590,2.70694e6,-1.37397e6,3.44609e-9
1520850450,28860203.538633093,32033316.6452951,3173.113,3.90707e14,1.9802,2.70949e6,-1.36847e6,3.43229e-9
1520850480,28877893.68048525,32040938.943758074,3163.045,3.99841e14,0.3113,2.72982e6,-1.36297e6,3.41849e-9
1520850510,28895559.14221007,32048508.689096197,3152.950,3.89488e14,2.2860,2.68355e6,-1.35747e6,3.40469e-9
1520850540,28913199.706395164,32056025.83610711,3142.826,3.99186e14,0.1470,2.70557e6,-1.35197e6,3.39090e-9
1520850570,28930815.156785037,32063490.33998353,3132.675,4.08445e14,2.4698,2.72583e6,-1.34647e6,3.37710e-9
1520850600,28948405.278276935,32070902.15631165,3122.497,4.03755e14,1.2931,2.69892e6,-1.34097e6,3.36330e-9
1520850630,28965969.856925964,32078261.241086427,3112.291,4.07125e14,2.1385,2.69914e6,-1.33547e6,3.34951e-9
1520850660,28983508.67991226,32085567.55065786,3102.059,4.01797e14,0.8020,2.67025e6,-1.32997e6,3.33572e-9
1520850690,29001021.53556574,32092821.041781645,3091.800,3.94757e14,0.9643,2.63583e6,-1.32447e6,3.32193e-9
1520850720,29018508.213352535,32100021.671600826,3081.513,3.98227e14,0.0938,2.63637e6,-1.31898e6,3.30814e-9
1520850750,29035968.503870983,32107169.39764445,3071.201,3.96197e14,0.6029,2.61870e6,-1.31348e6,3.29435e-9
1520850780,29053402.198847428,32114264.177826058,3060.862,3.96994e14,0.4030,2.61035e6,-1.30799e6,3.28057e-9
1520850810,29070809.091132116,32121305.97044242,3050.497,4.00328e14,0.4335,2.61028e6,-1.30249e6,3.26678e-9
1520850840,29088188.974695053,32128294.734172124,3040.106,3.96956e14,0.4126,2.58830e6,-1.29700e6,3.25300e-9
1520850870,29105541.64462183,32135230.428074192,3029.689,3.96121e14,0.6221,2.57463e6,-1.29151e6,3.23922e-9
1520850900,29122866.89710943,32142113.011586767,3019.246,3.96062e14,0.6368,2.56350e6,-1.28602e6,3.22545e-9
1520850930,29140164.52944576,32148942.444508635,3008.778,3.99488e14,0.2226,2.56355e6,-1.28053e6,3.21167e-9
1520850960,29157434.340055835,32155718.68705078,2998.284,4.02676e14,1.0226,2.56276e6,-1.27504e6,3.19790e-9
1520850990,29174676.12844686,32162441.699782066,2987.766,4.01066e14,0.6185,2.54660e6,-1.26955e6,3.18413e-9
1520851020,29191889.695220374,32169111.44364492,2977.222,3.99918e14,0.3305,2.53195e6,-1.26406e6,3.17037e-9
1520851050,29209074.84206783,32175727.87995398,2966.653,3.96127e14,0.6206,2.50899e6,-1.25858e6,3.15661e-9
1520851080,29226231.371766295,32182290.970394544,2956.060,3.94438e14,1.0443,2.49275e6,-1.25309e6,3.14285e-9
1520851110,29243359.08817412,32188800.677021332,2945.442,3.93150e14,1.3674,2.47781e6,-1.24761e6,3.12909e-9
1520851140,29260457.796226505,32195256.96225694,2934.799,4.04348e14,1.4419,2.50181e6,-1.24213e6,3.11534e-9
1520851170,29277527.30193126,32201659.78889056,2924.132,4.09178e14,2.6538,2.50575e6,-1.23665e6,3.10159e-9
1520851200,29294567.412364382,32208009.12007657,2913.442,4.00798e14,0.5513,2.46877e6,-1.23117e6,3.08784e-9
1520851230,29311577.935686618,32214304.919353902,2902.727,3.99341e14,0.1857,2.45330e6,-1.22569e6,3.07410e-9
1520851260,29328558.681074835,32220547.15058095,2891.988,3.98839e14,0.0599,2.44081e6,-1.22021e6,3.06036e-9
1520851290,29345509.458782304,32226735.77799817,2881.226,3.95772e14,0.7097,2.42051e6,-1.21474e6,3.04663e-9
1520851320,29362430.08011362,32232870.76620629,2870.441,3.89135e14,2.3746,2.38947e6,-1.20926e6,3.03290e-9
1520851350,29379320.35742059,32238952.080165092,2859.632,3.90486e14,2.0358,2.38274e6,-1.20379e6,3.01917e-9
1520851380,29396180.104098104,32244979.685192443,2848.800,3.95836e14,0.6935,2.38799e6,-1.19832e6,3.00545e-9
1520851410,29413009.134580035,32250953.546963114,2837.944,3.91107e14,1.8800,2.36294e6,-1.19285e6,2.99173e-9
1520851440,29429807.264335077,32256873.631507684,2827.066,3.96890e14,0.4291,2.36933e6,-1.18739e6,2.97801e-9
1520851470,29446574.309862673,32262739.9052115,2816.166,4.04250e14,1.4174,2.38024e6,-1.18192e6,2.96430e-9
1520851500,29463310.088688836,32268552.334813554,2805.242,4.01601e14,0.7527,2.36142e6,-1.17646e6,2.95059e-9
1520851530,29480014.41934247,32274310.887379427,2794.296,3.93555e14,1.2657,2.32682e6,-1.17099e6,2.93689e-9
1520851560,29496687.12141168,32280015.53038037,2783.328,3.89483e14,2.2874,2.30407e6,-1.16553e6,2.92319e-9
1520851590,29513328.01547893,32285666.231611833,2772.338,3.98125e14,0.1194,2.31842e6,-1.16008e6,2.90950e-9
1520851620,29529936.923136406,32291262.959218208,2761.326,3.99948e14,0.3381,2.31279e6,-1.15462e6,2.89581e-9
1520851650,29546513.666981757,32296805.681691617,2750.292,4.09345e14,2.6957,2.32895e6,-1.14916e6,2.88213e-9
1520851680,29563058.070613664,32302294.36787057,2739.236,4.09454e14,2.7229,2.31821e6,-1.14371e6,2.86845e-9
1520851710,29579569.95862767,32307728.986938786,2728.159,3.99604e14,0.2518,2.27904e6,-1.13826e6,2.85477e-9
1520851740,29596049.156611748,32313109.508423924,2717.060,4.02519e14,0.9830,2.27641e6,-1.13281e6,2.84110e-9
1520851770,29612495.49114208,32318435.902196415,2705.940,4.06696e14,2.0310,2.27727e6,-1.12736e6,2.82744e-9
1520851800,29628908.789778642,32323708.13846821,2694.799,4.07693e14,2.2811,2.26907e6,-1.12192e6,2.81378e-9
1520851830,29645288.881075814,32328926.187819164,2683.637,4.05041e14,1.6159,2.25064e6,-1.11647e6,2.80012e-9
1520851860,29661635.594532393,32334090.021111,2672.454,3.91160e14,1.8665,2.20099e6,-1.11103e6,2.78647e-9
1520851890,29677948.76063305,32339199.609571356,2661.251,3.99162e14,0.1409,2.21240e6,-1.10559e6,2.77283e-9
1520851920,29694228.210829407,32344254.92476529,2650.027,4.08073e14,2.3766,2.22611e6,-1.10016e6,2.75919e-9
1520851950,29710473.77753581,32349255.938594412,2638.782,3.96139e14,0.6175,2.18234e6,-1.09472e6,2.74555e-9
1520851980,29726685.294125263,32354202.623296093,2627.517,3.88193e14,2.6110,2.14980e6,-1.08929e6,2.73192e-9
1520852010,29742862.594925296,32359094.95144257,2616.232,3.90918e14,1.9275,2.14649e6,-1.08386e6,2.71830e-9
1520852040,29759005.515213776,32363932.89594017,2604.927,3.96915e14,0.4227,2.15196e6,-1.07843e6,2.70468e-9
1520852070,29775113.89121492,32368716.43002852,2593.603,3.98432e14,0.0422,2.14521e6,-1.07300e6,2.69107e-9
1520852100,29791187.560095035,32373445.527279723,2582.258,4.02800e14,1.0537,2.14606e6,-1.06758e6,2.67746e-9
1520852130,29807226.359944273,32378120.161575597,2570.894,3.95259e14,0.8383,2.11507e6,-1.06215e6,2.66386e-9
1520852160,29823230.129816506,32382740.3071747,2559.510,4.06122e14,1.8869,2.13306e6,-1.05673e6,2.65026e-9
1520852190,29839198.709681198,32387305.93864354,2548.107,4.13307e14,3.6895,2.14107e6,-1.05132e6,2.63667e-9
1520852220,29855131.940433446,32391817.030877657,2536.685,4.03247e14,1.1657,2.10365e6,-1.04590e6,2.62308e-9
1520852250,29871029.663889814,32396273.55910062,2525.244,3.97714e14,0.2223,2.07832e6,-1.04049e6,2.60950e-9
1520852280,29886891.72278415,32400675.498863164,2513.784,4.06544e14,1.9929,2.09044e6,-1.03508e6,2.59593e-9
1520852310,29902717.9607635,32405022.826042194,2502.305,4.07833e14,2.3162,2.08284e6,-1.02967e6,2.58236e-9
1520852340,29918508.222383924,32409315.516839877,2490.807,3.88195e14,2.6106,2.02145e6,-1.02426e6,2.56880e-9
1520852370,29934262.353106376,32413553.547782708,2479.291,3.89541e14,2.2728,2.01423e6,-1.01886e6,2.55524e-9
1520852400,29949980.199292615,32417736.89572057,2467.757,3.92876e14,1.4362,2.01202e6,-1.01345e6,2.54169e-9
1520852430,29965661.60822424,32421865.5378392,2456.204,3.97472e14,0.2831,2.01292e6,-1.00805e6,2.52815e-9
1520852460,29981306.428027336,32425939.451618135,2444.633,3.98997e14,0.0994,2.00598e6,-1.00266e6,2.51461e-9
1520852490,29996914.50773979,32429958.614871114,2433.044,4.01814e14,0.8061,2.00223e6,-9.97262e5,2.50108e-9
1520852520,30012485.697284386,32433923.005731914,2421.437,4.07118e14,2.1369,2.00460e6,-9.91870e5,2.48755e-9
1520852550,30028019.847464878,32437832.60265367,2409.813,3.96908e14,0.4246,1.96844e6,-9.86479e5,2.47403e-9
1520852580,30043516.80996215,32441687.38440803,2398.171,3.92199e14,1.6060,1.94610e6,-9.81092e5,2.46051e-9
1520852610,30058976.43733049,32445487.33008455,2386.511,3.97551e14,0.2634,1.94852e6,-9.75707e5,2.44701e-9
1520852640,30074398.58299353,32449232.419089902,2374.834,4.07018e14,2.1118,1.96080e6,-9.70324e5,2.43350e-9
1520852670,30089783.101240635,32452922.631147217,2363.140,4.07684e14,2.2788,1.95154e6,-9.64943e5,2.42001e-9
1520852700,30105129.847222835,32456557.946295388,2351.428,4.01149e14,0.6395,1.92494e6,-9.59565e5,2.40652e-9
1520852730,30120438.67691228,32460138.344881006,2339.700,3.96882e14,0.4310,1.90394e6,-9.54190e5,2.39303e-9
1520852760,30135709.447211932,32463663.807580482,2327.954,3.98749e14,0.0374,1.89766e6,-9.48817e5,2.37955e-9
1520852790,30150942.015837885,32467134.315376565,2316.192,3.96826e14,0.4452,1.88237e6,-9.43446e5,2.36608e-9
1520852820,30166136.24135205,32470549.849564992,2304.414,3.91423e14,1.8007,1.85895e6,-9.38078e5,2.35262e-9
1520852850,30181291.983158,32473910.391753808,2292.618,3.91639e14,1.7466,1.84882e6,-9.32712e5,2.33916e-9
1520852880,30196409.101496812,32477215.923862725,2280.807,4.01942e14,0.8384,1.86215e6,-9.27349e5,2.32570e-9
1520852910,30211487.457443066,32480466.42812245,2268.979,3.99876e14,0.3201,1.84661e6,-9.21988e5,2.31226e-9
1520852940,30226526.912900593,32483661.887073956,2257.135,3.88650e14,2.4962,1.81007e6,-9.16630e5,2.29882e-9
1520852970,30241527.330598455,32486802.28356794,2245.275,3.96150e14,0.6148,1.81663e6,-9.11275e5,2.28538e-9
1520853000,30256488.574086938,32489887.6007641,2233.399,3.88330e14,2.5767,1.78819e6,-9.05921e5,2.27195e-9
1520853030,30271410.507778384,32492917.822134655,2221.507,3.89356e14,2.3192,1.77994e6,-9.00571e5,2.25853e-9
1520853060,30286292.996804766,32495892.931451123,2209.600,4.04100e14,1.3796,1.80247e6,-8.95223e5,2.24512e-9
1520853090,30301135.907152493,32498812.912796345,2197.677,4.01045e14,0.6134,1.78489e6,-8.89877e5,2.23171e-9
1520853120,30315939.105613854,32501677.75055992,2185.739,3.98291e14,0.0775,1.76807e6,-8.84534e5,2.21831e-9
1520853150,30330702.45978359,32504487.42943754,2173.785,4.02224e14,0.9090,1.76606e6,-8.79193e5,2.20491e-9
1520853180,30345425.83805521,32507241.934430588,2161.816,4.03066e14,1.1204,1.75718e6,-8.73855e5,2.19152e-9
1520853210,30360109.10961768,32509941.2508456,2149.832,4.05948e14,1.8433,1.75273e6,-8.68520e5,2.17814e-9
1520853240,30374752.14445179,32512585.36429374,2137.833,4.01627e14,0.7594,1.73261e6,-8.63187e5,2.16476e-9
1520853270,30389354.813326713,32515174.260690346,2125.819,3.95909e14,0.6752,1.70961e6,-8.57857e5,2.15139e-9
1520853300,30403916.987796605,32517707.92625444,2113.791,4.03866e14,1.3210,1.71600e6,-8.52529e5,2.13802e-9
1520853330,30418438.5401563,32520186.34750815,2101.748,3.98302e14,0.0749,1.69346e6,-8.47203e5,2.12467e-9
1520853360,30432919.343563512,32522609.511276685,2089.690,3.89922e14,2.1772,1.66513e6,-8.41880e5,2.11131e-9
1520853390,30447359.271909494,32524977.40468747,2077.618,3.94408e14,1.0518,1.66402e6,-8.36560e5,2.09797e-9
1520853420,30461758.199855987,32527290.015169885,2065.532,3.99448e14,0.2126,1.66394e6,-8.31242e5,2.08463e-9
1520853450,30476116.002831396,32529547.33045478,2053.431,3.97654e14,0.2375,1.64959e6,-8.25927e5,2.07130e-9
1520853480,30490432.557027068,32531749.338574104,2041.317,3.93943e14,1.1684,1.63134e6,-8.20615e5,2.05797e-9
1520853510,30504707.739393476,32533896.027860533,2029.188,3.84917e14,3.4328,1.60233e6,-8.15305e5,2.04465e-9
1520853540,30518941.42763641,32535987.38694698,2017.046,3.92144e14,1.6199,1.60657e6,-8.09997e5,2.03134e-9
1520853570,30533133.50021328,32538023.40476628,2004.890,3.99132e14,0.1332,1.61015e6,-8.04692e5,2.01803e-9
1520862960,32536807.876009203,30524857.1165898,2011.951,4.05696e14,1.7801,-1.62941e6,8.07564e5,-2.02576e-9
1520862990,32534738.672635365,30510642.462287806,2024.096,4.01752e14,0.7906,-1.63207e6,8.12870e5,-2.03907e-9
1520863020,32532614.137481093,30496386.27877682,2036.228,3.94371e14,1.0612,-1.62758e6,8.18179e5,-2.05239e-9
1520863050,32530434.28186365,30482088.68803807,2048.346,4.02987e14,1.1005,-1.65594e6,8.23490e5,-2.06571e-9
1520863080,32528199.117399763,30467749.812805444,2060.449,4.04562e14,1.4956,-1.66990e6,8.28804e5,-2.07903e-9
1520863110,32525908.656006224,30453369.776569225,2072.539,4.03231e14,1.1617,-1.67783e6,8.34121e5,-2.09237e-9
1520863140,32523562.909900565,30438948.703579698,2084.614,3.99570e14,0.2433,-1.68082e6,8.39440e5,-2.10571e-9
1520863170,32521161.891601685,30424486.718850806,2096.675,3.92428e14,1.5486,-1.67634e6,8.44761e5,-2.11905e-9
1520863200,32518705.613930527,30409983.94816387,2108.722,3.94226e14,1.0975,-1.69073e6,8.50086e5,-2.13241e-9
1520863230,32516194.089973796,30395440.51806451,2120.754,4.05153e14,1.6440,-1.72478e6,8.55412e5,-2.14576e-9
1520863260,32513627.333198585,30380856.555887282,2132.771,4.01425e14,0.7085,-1.72747e6,8.60741e5,-2.15913e-9
1520863290,32511005.357338708,30366232.18973847,2144.773,3.86655e14,2.9968,-1.70608e6,8.66073e5,-2.17250e-9
1520863320,32508328.17643208,30351567.548506558,2156.761,3.92371e14,1.5629,-1.72908e6,8.71407e5,-2.18588e-9
1520863350,32505595.804821063,30336862.76186591,2168.733,3.97295e14,0.3275,-1.75050e6,8.76744e5,-2.19926e-9
1520863380,32502808.257152893,30322117.960280474,2180.690,4.03372e14,1.1971,-1.77461e6,8.82084e5,-2.21265e-9
1520863410,32499965.548379984,30307333.27500752,2192.632,4.06711e14,2.0346,-1.79278e6,8.87425e5,-2.22605e-9
1520863440,32497067.69376038,30292508.83810137,2204.559,4.07393e14,2.2059,-1.80511e6,8.92770e5,-2.23945e-9
1520863470,32494114.708858054,30277644.78241711,2216.470,4.07935e14,2.3419,-1.81714e6,8.98117e5,-2.25286e-9
1520863500,32491106.60954335,30262741.24161436,2228.365,3.99364e14,0.1915,-1.80854e6,9.03466e5,-2.26628e-9
1520863530,32488043.41201451,30247798.350164756,2240.245,3.89447e14,2.2964,-1.79664e6,9.08818e5,-2.27970e-9
1520863560,32484925.1327329,30232816.243344262,2252.109,3.98916e14,0.0791,-1.82894e6,9.14173e5,-2.29313e-9
1520863590,32481751.788488857,30217795.05724834,2263.957,3.92495e14,1.5317,-1.82485e6,9.19530e5,-2.30657e-9
1520863620,32478523.396381143,30202734.92879213,2275.788,3.83759e14,3.7235,-1.81521e6,9.24889e5,-2.32001e-9
1520863650,32475239.973817572,30187635.99571428,2287.604,4.01679e14,0.7724,-1.86755e6,9.30251e5,-2.33345e-9
1520863680,32471901.53851565,30172498.396580737,2299.403,4.08705e14,2.5349,-1.89481e6,9.35616e5,-2.34691e-9
1520863710,32468508.108503338,30157322.27078867,2311.186,4.01936e14,0.8368,-1.88970e6,9.40983e5,-2.36037e-9
1520863740,32465059.702119675,30142107.758570265,2322.952,4.01327e14,0.6839,-1.89904e6,9.46352e5,-2.37383e-9
1520863770,32461556.33801553,30126855.00099669,2334.701,4.00699e14,0.5265,-1.90832e6,9.51724e5,-2.38731e-9
1520863800,32457998.035154298,30111564.139981885,2346.434,4.00322e14,0.4319,-1.91819e6,9.57099e5,-2.40079e-9
1520863830,32454384.812808704,30096235.31828046,2358.149,4.03268e14,1.1711,-1.93607e6,9.62476e5,-2.41427e-9
1520863860,32450716.69057389,30080868.679510213,2369.848,3.92256e14,1.5917,-1.92016e6,9.67855e5,-2.42776e-9
1520863890,32446993.688355777,30065464.368137483,2381.529,3.97405e14,0.2998,-1.94341e6,9.73237e5,-2.44126e-9
1520863920,32443215.826375876,30050022.529487006,2393.193,4.03126e14,1.1355,-1.96820e6,9.78621e5,-2.45476e-9
1520863950,32439383.12517194,30034543.309745803,2404.840,4.02230e14,0.9105,-1.97682e6,9.84008e5,-2.46827e-9
1520863980,32435495.605598774,30019026.855967097,2416.469,4.01054e14,0.6155,-1.98473e6,9.89397e5,-2.48178e-9
1520864010,32431553.288829025,30003473.31607428,2428.080,4.05378e14,1.7003,-2.00633e6,9.94788e5,-2.49531e-9
1520864040,32427556.19635388,29987882.83886479,2439.673,4.05022e14,1.6109,-2.01631e6,1.00018e6,-2.50883e-9
1520864070,32423504.34998384,29972255.57401411,2451.249,3.93920e14,1.1743,-1.99919e6,1.00558e6,-2.52237e-9
1520864100,32419397.771849483,29956591.672079716,2462.806,3.89234e14,2.3499,-1.99804e6,1.01098e6,-2.53590e-9
1520864130,32415236.48438979,29940891.284515347,2474.345,4.02206e14,0.9045,-2.04178e6,1.01638e6,-2.54945e-9
1520864160,32411020.510391355,29925154.56364337,2485.866,4.02668e14,1.0206,-2.05382e6,1.02178e6,-2.56300e-9
1520864190,32406749.87295055,29909381.66269048,2497.368,3.93028e14,1.3980,-2.03985e6,1.02719e6,-2.57656e-9
1520864220,32402424.59548673,29893572.735781554,2508.852,3.98906e14,0.0767,-2.06581e6,1.03259e6,-2.59012e-9
1520864250,32398044.70174293,29877727.937943734,2520.317,3.94788e14,0.9565,-2.06591e6,1.03800e6,-2.60369e-9
1520864280,32393610.215786554,29861847.425110687,2531.763,4.10016e14,2.8640,-2.11654e6,1.04342e6,-2.61726e-9
1520864310,32389121.162010163,29845931.354126636,2543.190,4.06811e14,2.0598,-2.11909e6,1.04883e6,-2.63084e-9
1520864340,32384577.565132204,29829979.882750593,2554.598,3.92797e14,1.4560,-2.09297e6,1.05425e6,-2.64443e-9
1520864370,32379979.45019776,29813993.169660497,2565.986,3.97275e14,0.3325,-2.11563e6,1.05967e6,-2.65802e-9
1520864400,32375326.84257939,29797971.3744574,2577.355,3.93954e14,1.1657,-2.11758e6,1.06509e6,-2.67161e-9
1520864430,32370619.768003143,29781914.657661606,2588.705,4.02827e14,1.0605,-2.15219e6,1.07051e6,-2.68521e-9
1520864460,32365858.252471592,29765823.180741664,2600.035,4.03619e14,1.2591,-2.16524e6,1.07594e6,-2.69882e-9
1520864490,32361042.32234281,29749697.10609369,2611.345,4.05512e14,1.7341,-2.18129e6,1.08137e6,-2.71243e-9
1520864520,32356172.004306186,29733536.59705356,2622.635,4.08629e14,2.5158,-2.20074e6,1.08680e6,-2.72605e-9
1520864550,32351247.32538344,29717341.81790101,2633.906,3.93923e14,1.1735,-2.17145e6,1.09223e6,-2.73968e-9
1520864580,32346268.312929764,29701112.933863763,2645.155,3.91675e14,1.7376,-2.17606e6,1.09766e6,-2.75330e-9
1520864610,32341234.99463503,29684850.11112164,2656.385,3.99133e14,0.1336,-2.20748e6,1.10310e6,-2.76694e-9
1520864640,32336147.398524795,29668553.51681072,2667.594,3.99429e14,0.2079,-2.21918e6,1.10854e6,-2.78058e-9
1520864670,32331005.552961506,29652223.319027435,2678.782,4.04880e14,1.5754,-2.24530e6,1.11398e6,-2.79422e-9
1520864700,32325809.486645594,29635859.68683267,2689.950,4.07978e14,2.3526,-2.26497e6,1.11942e6,-2.80787e-9
1520864730,32320559.22858636,29619462.790253483,2701.096,4.02912e14,1.0817,-2.26169e6,1.12487e6,-2.82153e-9
1520864760,32315254.808196526,29603032.80029481,2712.222,3.93341e14,1.3195,-2.24551e6,1.13031e6,-2.83519e-9
1520864790,32309896.25519957,29586569.888935942,2723.326,3.93763e14,1.2136,-2.25753e6,1.13576e6,-2.84885e-9
1520864820,32304483.599661034,29570074.229137138,2734.409,4.00016e14,0.3550,-2.28627e6,1.14121e6,-2.86252e-9
1520864850,32299016.871989403,29553545.994843755,2745.471,3.96538e14,0.5175,-2.28718e6,1.14667e6,-2.87619e-9
1520864880,32293496.10293695,29536985.360990364,2756.511,3.96922e14,0.4210,-2.29917e6,1.15212e6,-2.88987e-9
1520864910,32287921.32360078,29520392.503504977,2767.529,3.99553e14,0.2389,-2.31770e6,1.15758e6,-2.90355e-9
1520864940,32282292.565423634,29503767.5993131,2778.525,4.11360e14,3.2011,-2.36307e6,1.16303e6,-2.91724e-9
1520864970,32276609.860194884,29487110.826342028,2789.499,4.02206e14,0.9045,-2.34733e6,1.16849e6,-2.93093e-9
1520865000,32270873.240051445,29470422.363524947,2800.451,3.91392e14,1.8085,-2.32646e6,1.17396e6,-2.94463e-9
1520865030,32265082.737505905,29453702.390819386,2811.380,4.02885e14,1.0750,-2.37129e6,1.17942e6,-2.95833e-9
1520865060,32259238.385363862,29436951.089167617,2822.287,3.99269e14,0.1678,-2.37153e6,1.18488e6,-2.97204e-9
1520865090,32253340.216808885,29420168.64054483,2833.172,3.94091e14,1.1314,-2.36701e6,1.19035e6,-2.98575e-9
1520865120,32247388.265376583,29403355.227949243,2844.033,3.96041e14,0.6420,-2.38373e6,1.19582e6,-2.99946e-9
1520865150,32241382.564955857,29386511.03540645,2854.872,3.99132e14,0.1334,-2.40395e6,1.20129e6,-3.01318e-9
1520865180,32235323.14979021,29369636.247973792,2865.687,4.00334e14,0.4350,-2.41853e6,1.20676e6,-3.02690e-9
1520865210,32229210.05447903,29352731.051744677,2876.479,3.90629e14,1.9999,-2.39999e6,1.21223e6,-3.04063e-9
1520865240,32223043.313978925,29335795.633852985,2887.248,3.91236e14,1.8477,-2.41268e6,1.21771e6,-3.05436e-9
1520865270,32216822.96360509,29318830.182477366,2897.993,3.98223e14,0.0947,-2.44497e6,1.22319e6,-3.06809e-9
1520865300,32210549.03903257,29301834.886845607,2908.714,4.02839e14,1.0634,-2.47014e6,1.22866e6,-3.08183e-9
1520865330,32204221.57627855,29284809.937218733,2919.412,4.03152e14,1.1418,-2.48212e6,1.23414e6,-3.09557e-9
1520865360,32197840.6117628,29267755.524957683,2930.085,3.99207e14,0.1522,-2.48088e6,1.23962e6,-3.10931e-9
1520865390,32191406.182249676,29250671.842465118,2940.734,4.01509e14,0.7297,-2.49904e6,1.24510e6,-3.12306e-9
1520865420,32184918.32486856,29233559.083209794,2951.359,4.02850e14,1.0661,-2.51425e6,1.25059e6,-3.13681e-9
1520865450,32178377.07711513,29216417.44173072,2961.960,4.01212e14,0.6552,-2.52012e6,1.25607e6,-3.15056e-9
1520865480,32171782.476852555,29199247.113641247,2972.535,4.00327e14,0.4330,-2.52832e6,1.26156e6,-3.16432e-9
1520865510,32165134.562312808,29182048.29563324,2983.086,3.99463e14,0.2165,-2.53657e6,1.26704e6,-3.17808e-9
1520865540,32158433.372097854,29164821.18548117,2993.612,3.97036e14,0.3926,-2.53981e6,1.27253e6,-3.19184e-9
1520865570,32151678.94518097,29147565.982046217,3004.113,3.95745e14,0.7163,-2.54663e6,1.27802e6,-3.20561e-9
1520865600,32144871.320907947,29130282.885280423,3014.588,4.02865e14,1.0698,-2.58048e6,1.28351e6,-3.21938e-9
1520865630,32138010.53901054,29112972.096251708,3025.038,3.94421e14,1.0485,-2.56422e6,1.28900e6,-3.23315e-9
1520865660,32131096.63957046,29095633.81708362,3035.463,3.89550e14,2.2705,-2.55933e6,1.29450e6,-3.24692e-9
1520865690,32124129.66305816,29078268.25102387,3045.861,3.99127e14,0.1321,-2.60142e6,1.29999e6,-3.26070e-9
1520865720,32117109.650322102,29060875.60242786,3056.234,4.03930e14,1.3371,-2.62814e6,1.30548e6,-3.27447e-9
1520865750,32110036.64259021,29043456.0767629,3066.581,4.02926e14,1.0852,-2.63590e6,1.31098e6,-3.28825e-9
1520865780,32102910.681471325,29026009.880612534,3076.901,4.00029e14,0.3585,-2.63738e6,1.31647e6,-3.30204e-9
1520865810,32095731.80895665,29008537.221680854,3087.195,4.04723e14,1.5361,-2.66396e6,1.32197e6,-3.31582e-9
1520865840,32088500.067421257,28991038.30879676,3097.462,4.00287e14,0.4231,-2.66026e6,1.32747e6,-3.32961e-9
1520865870,32081215.499625534,28973513.351918254,3107.702,3.94910e14,0.9258,-2.65330e6,1.33296e6,-3.34339e-9
1520865900,32073878.148716725,28955962.562136702,3117.916,3.90965e14,1.9156,-2.65100e6,1.33846e6,-3.35718e-9
1520865930,32066488.0582195,28938386.15165901,3128.102,3.98645e14,0.0113,-2.68778e6,1.34396e6,-3.37097e-9
1520865960,32059045.272071227,28920784.333879903,3138.261,4.03214e14,1.1575,-2.71425e6,1.34946e6,-3.38476e-9
1520865990,32051549.834589586,28903157.323318075,3148.393,3.96926e14,0.4201,-2.70394e6,1.35496e6,-3.39856e-9
1520866020,32044001.790484995,28885505.335642297,3158.496,3.96526e14,0.5204,-2.71355e6,1.36046e6,-3.41235e-9
1520866050,32036401.184862133,28867828.58767542,3168.573,4.02806e14,1.0550,-2.74603e6,1.36596e6,-3.42615e-9
1520866080,32028748.06322143,28850127.297398366,3178.621,3.98615e14,0.0036,-2.74268e6,1.37146e6,-3.43994e-9
1520866110,32021042.471460585,28832401.6839542,3188.641,3.95698e14,0.7281,-2.74360e6,1.37697e6,-3.45374e-9
1520866140,32013284.45587609,28814651.967652094,3198.632,3.95668e14,0.7356,-2.75446e6,1.38247e6,-3.46753e-9
1520866170,32005474.063164808,28796878.369971342,3208.596,3.95988e14,0.6555,-2.76653e6,1.38797e6,-3.48133e-9
1520866200,31997611.34042551,28779081.11356529,3218.530,3.97187e14,0.3547,-2.78169e6,1.39347e6,-3.49513e-9
1520866230,31989696.335177813,28761260.4222939,3228.436,3.93489e14,1.2824,-2.77969e6,1.39897e6,-3.50893e-9
1520866260,31981729.095310353,28743416.521139923,3238.313,3.97193e14,0.3530,-2.80368e6,1.40447e6,-3.52272e-9
1520866290,31973709.669136137,28725549.636300646,3248.160,4.02652e14,1.0164,-2.83396e6,1.40998e6,-3.53652e-9
1520866320,31965638.105376847,28707659.99516371,3257.978,3.98204e14,0.0995,-2.82923e6,1.41548e6,-3.55032e-9
1520866350,31957514.45316468,28689747.82631126,3267.767,3.99892e14,0.3241,-2.84624e6,1.42098e6,-3.56411e-9
1520866380,31949338.762044188,28671813.359524094,3277.525,3.99789e14,0.2981,-2.85689e6,1.42648e6,-3.57791e-9
1520866410,31941111.081973977,28653856.8257858,3287.254,3.91537e14,1.7720,-2.83826e6,1.43198e6,-3.59170e-9
1520866440,31932831.46332867,28635878.45728685,3296.953,3.97204e14,0.3504,-2.86960e6,1.43748e6,-3.60549e-9
1520866470,31924499.956900626,28617878.487428673,3306.621,4.07226e14,2.1641,-2.91685e6,1.44298e6,-3.61929e-9
1520866500,31916116.613901787,28599857.150827706,3316.259,4.06886e14,2.0787,-2.92673e6,1.44848e6,-3.63308e-9
1520866530,31907681.485939648,28581814.683281727,3325.867,3.94551e14,1.0159,-2.89285e6,1.45398e6,-3.64687e-9
1520866560,31899194.625098865,28563751.32188989,3335.443,3.90673e14,1.9889,-2.88959e6,1.45947e6,-3.66065e-9
1520866590,31890656.083863065,28545667.304940507,3344.989,3.97186e14,0.3548,-2.92441e6,1.46497e6,-3.67444e-9
1520866620,31882065.915142246,28527562.87195222,3354.503,4.01315e14,0.6811,-2.95061e6,1.47047e6,-3.68822e-9
1520866650,31873424.1722746,28509438.26367759,3363.986,3.98641e14,0.0102,-2.95173e6,1.47596e6,-3.70200e-9
1520866680,31864730.909028023,28491293.72210663,3373.437,3.97812e14,0.1977,-2.95964e6,1.48146e6,-3.71578e-9
1520866710,31855986.17960185,28473129.490470424,3382.857,4.01741e14,0.7879,-2.98527e6,1.48695e6,-3.72956e-9
1520866740,31847190.038628507,28454945.81324456,3392.244,4.02424e14,0.9592,-2.99885e6,1.49244e6,-3.74333e-9
1520866770,31838342.54117516,28436742.936152644,3401.600,3.98775e14,0.0439,-2.99617e6,1.49793e6,-3.75710e-9
1520866800,31829443.742745515,28418521.10616978,3410.923,3.94531e14,1.0211,-2.99115e6,1.50342e6,-3.77087e-9
1520866830,31820493.699310444,28400280.57156656,3420.213,3.96961e14,0.4112,-3.01127e6,1.50891e6,-3.78463e-9
1520866860,31811492.46722052,28382021.581787724,3429.471,3.99347e14,0.1873,-3.03128e6,1.51440e6,-3.79839e-9
1520866890,31802440.103297334,28363744.3875806,3438.696,4.01401e14,0.7027,-3.05009e6,1.51988e6,-3.81215e-9
1520866920,31793336.664806537,28345449.24095835,3447.887,3.97666e14,0.2344,-3.04680e6,1.52537e6,-3.82590e-9
1520866950,31784182.20945992,28327136.395203825,3457.046,3.92459e14,1.5407,-3.03775e6,1.53085e6,-3.83965e-9
1520866980,31774976.795417514,28308806.104873158,3466.171,4.02442e14,0.9637,-3.08710e6,1.53633e6,-3.85339e-9
1520867010,31765720.481289707,28290458.625799607,3475.262,3.99843e14,0.3117,-3.08805e6,1.54181e6,-3.86713e-9
1520867040,31756413.326139368,28272094.215097133,3484.319,3.94695e14,0.9797,-3.07904e6,1.54729e6,-3.88086e-9
1520867070,31747055.389483973,28253713.131164107,3493.342,3.99738e14,0.2853,-3.10958e6,1.55276e6,-3.89459e-9
1520867100,31737646.73129779,28235315.633686867,3502.331,3.94960e14,0.9132,-3.10186e6,1.55823e6,-3.90832e-9
1520867130,31728187.411989633,28216901.983611587,3511.285,3.90067e14,2.1408,-3.09356e6,1.56370e6,-3.92204e-9
1520867160,31718677.49248024,28198472.44324562,3520.205,3.90989e14,1.9095,-3.10801e6,1.56917e6,-3.93575e-9
1520867190,31709117.034129083,28180027.276163045,3529.090,3.95971e14,0.6597,-3.13851e6,1.57464e6,-3.94945e-9
1520867220,31699506.098760746,28161566.747239515,3537.939,3.94311e14,1.0760,-3.14282e6,1.58010e6,-3.96316e-9
1520867250,31689844.748666916,28143091.1226554,3546.754,3.99779e14,0.2956,-3.17542e6,1.58556e6,-3.97685e-9
1520867280,31680133.046608374,28124600.66989886,3555.532,4.02952e14,1.0916,-3.19901e6,1.59102e6,-3.99054e-9
1520867310,31670371.055817056,28106095.657768883,3564.275,3.93516e14,1.2757,-3.17219e6,1.59647e6,-4.00422e-9
1520867340,31660558.839998055,28087576.356378257,3572.982,3.98840e14,0.0601,-3.20442e6,1.60192e6,-4.01789e-9
1520867370,31650696.463331606,28069043.03715654,3581.653,4.01490e14,0.7250,-3.22600e6,1.60737e6,-4.03156e-9
1520867400,31640783.990475193,28050495.972852856,3590.288,3.98761e14,0.0402,-3.22589e6,1.61282e6,-4.04521e-9
1520867430,31630821.486582655,28031935.437557142,3598.886,3.97684e14,0.2298,-3.23241e6,1.61826e6,-4.05886e-9
1520867460,31620809.01725372,28013361.706646517,3607.447,3.96538e14,0.5173,-3.23861e6,1.62370e6,-4.07251e-9
1520867490,31610746.64858864,27994775.056844402,3615.972,3.96162e14,0.6116,-3.24792e6,1.62914e6,-4.08614e-9
1520867520,31600634.4471736,27976175.766205184,3624.459,3.94083e14,1.1334,-3.25022e6,1.63457e6,-4.09977e-9
1520867550,31590472.480082814,27957564.114117015,3632.908,3.96237e14,0.5929,-3.26988e6,1.64000e6,-4.11338e-9
1520867580,31580260.814880878,27938940.381304536,3641.320,4.00976e14,0.5960,-3.30025e6,1.64543e6,-4.12699e-9
1520867610,31569999.519625142,27920304.849831663,3649.695,4.00786e14,0.5482,-3.31034e6,1.65085e6,-4.14059e-9
1520867640,31559688.66286795,27901657.803104203,3658.031,4.00294e14,0.4248,-3.31916e6,1.65627e6,-4.15417e-9
1520867670,31549328.313659005,27882999.52587255,3666.329,4.02087e14,0.8748,-3.33748e6,1.66168e6,-4.16775e-9
1520867700,31538918.541547738,27864330.30423422,3674.588,3.97883e14,0.1800,-3.33077e6,1.66709e6,-4.18132e-9
1520867730,31528459.416574214,27845650.425623838,3682.809,3.92017e14,1.6517,-3.31696e6,1.67250e6,-4.19488e-9
1520867760,31517951.009306844,27826960.17885423,3690.991,3.92535e14,1.5218,-3.32985e6,1.67790e6,-4.20842e-9
1520867790,31507393.390809447,27808259.854080297,3699.134,4.00500e14,0.4766,-3.37419e6,1.68330e6,-4.22196e-9
1520867820,31496786.632655002,27789549.74281374,3707.237,3.99725e14,0.2822,-3.38172e6,1.68869e6,-4.23548e-9
1520867850,31486130.80692792,27770830.137925245,3715.301,3.97470e14,0.2835,-3.38292e6,1.69408e6,-4.24899e-9
1520867880,31475425.98622646,27752101.333646696,3723.325,4.00976e14,0.5960,-3.40862e6,1.69946e6,-4.26249e-9
1520867910,31464672.243665077,27733363.62557327,3731.309,3.99811e14,0.3038,-3.41442e6,1.70484e6,-4.27598e-9
1520867940,31453869.652876686,27714617.31066548,3739.252,3.92888e14,1.4331,-3.39548e6,1.71021e6,-4.28945e-9
1520867970,31443018.28801519,27695862.68725115,3747.156,3.96922e14,0.4211,-3.42350e6,1.71558e6,-4.30291e-9
1520868000,31432118.223757755,27677100.055027373,3755.018,4.05296e14,1.6798,-3.47034e6,1.72094e6,-4.31636e-9
1520868030,31421169.53531594,27658329.715081066,3762.840,3.99157e14,0.1397,-3.45457e6,1.72630e6,-4.32980e-9
1520868060,31410172.298411444,27639551.96983327,3770.620,3.97637e14,0.2418,-3.45867e6,1.73165e6,-4.34322e-9
1520868090,31399126.589305174,27620767.12309844,3778.359,3.99405e14,0.2019,-3.47705e6,1.73699e6,-4.35662e-9
1520868120,31388032.484791193,27601975.4800677,3786.057,4.03912e14,1.3326,-3.50744e6,1.74233e6,-4.37001e-9
1520868150,31376890.062199224,27583177.34731061,3793.713,3.99835e14,0.3098,-3.50030e6,1.74767e6,-4.38339e-9
1520868180,31365699.399397224,27564373.0327768,3801.326,3.96028e14,0.6454,-3.49423e6,1.75299e6,-4.39675e-9
1520868210,31354460.574793965,27545562.845797688,3808.898,4.01588e14,0.7495,-3.52936e6,1.75832e6,-4.41010e-9
1520868240,31343173.667341605,27526747.097087912,3816.427,3.99431e14,0.2082,-3.53048e6,1.76363e6,-4.42343e-9
1520868270,31331838.75653827,27507926.09874688,3823.913,3.98076e14,0.1316,-3.53510e6,1.76894e6,-4.43674e-9
1520868300,31320455.92243073,27489100.164260063,3831.356,4.02913e14,1.0821,-3.56722e6,1.77424e6,-4.45004e-9
1520868330,31309025.245609313,27470269.608471498,3838.756,4.01631e14,0.7603,-3.57214e6,1.77954e6,-4.46332e-9
1520868360,31297546.807234164,27451434.74767392,3846.112,3.96983e14,0.4058,-3.56195e6,1.78483e6,-4.47658e-9
1520868390,31286020.689014316,27432595.89952066,3853.425,3.99165e14,0.1417,-3.58229e6,1.79011e6,-4.48983e-9
1520868420,31274446.973217897,27413753.383055344,3860.694,4.01804e14,0.8036,-3.60472e6,1.79538e6,-4.50305e-9
1520868450,31262825.74267479,27394907.518712547,3867.918,4.01176e14,0.6462,-3.61246e6,1.80065e6,-4.51626e-9
1520868480,31251157.08077926,27376058.62831848,3875.098,3.98856e14,0.0641,-3.61251e6,1.80591e6,-4.52945e-9
1520868510,31239441.071492597,27357207.035091545,3882.234,3.96777e14,0.4575,-3.61356e6,1.81116e6,-4.54262e-9
1520868540,31227677.79934587,27338353.06364275,3889.325,3.97015e14,0.3978,-3.62511e6,1.81640e6,-4.55577e-9
1520868570,31215867.349442486,27319497.039976135,3896.370,3.96690e14,0.4792,-3.63408e6,1.82164e6,-4.56890e-9
1520868600,31204009.807461,27300639.29148907,3903.371,3.95985e14,0.6561,-3.64127e6,1.82686e6,-4.58202e-9
1520868630,31192105.259664074,27281780.147003733,3910.325,4.03287e14,1.1757,-3.68523e6,1.83208e6,-4.59511e-9
1520868660,31180153.792881906,27262919.93667076,3917.234,4.00441e14,0.4618,-3.68260e6,1.83729e6,-4.60817e-9
1520868690,31168155.49453437,27244058.99206632,3924.097,3.96533e14,0.5188,-3.67496e6,1.84250e6,-4.62122e-9
1520868720,31156110.45262754,27225197.646160867,3930.913,3.98354e14,0.0619,-3.69376e6,1.84769e6,-4.63425e-9
1520868750,31144018.75575656,27206336.23331935,3937.683,3.96007e14,0.6507,-3.69322e6,1.85287e6,-4.64725e-9
1520868780,31131880.493108504,27187475.089301243,3944.405,3.91333e14,1.8232,-3.68175e6,1.85805e6,-4.66023e-9
1520868810,31119695.75446529,27168614.55126051,3951.081,3.93475e14,1.2860,-3.70200e6,1.86322e6,-4.67319e-9
1520868840,31107464.63020656,27149754.957745492,3957.710,3.95259e14,0.8384,-3.72060e6,1.86837e6,-4.68612e-9
1520868870,31095187.21131258,27130896.648698702,3964.291,3.95426e14,0.7964,-3.73164e6,1.87352e6,-4.69903e-9
1520868900,31082863.58936722,27112039.965456452,3970.824,4.00533e14,0.4848,-3.76593e6,1.87866e6,-4.71191e-9
1520868930,31070493.85655953,27093185.250726845,3977.309,4.01307e14,0.6790,-3.77987e6,1.88378e6,-4.72477e-9
1520868960,31058078.105690826,27074332.84865606,3983.745,3.99907e14,0.3279,-3.78351e6,1.88890e6,-4.73761e-9
1520868990,31045616.43017354,27055483.104760285,3990.133,3.97822e14,0.1953,-3.78383e6,1.89401e6,-4.75042e-9
1520869020,31033108.924035545,27036636.365946673,3996.473,4.00245e14,0.4125,-3.80555e6,1.89910e6,-4.76320e-9
1520869050,31020555.68192317,27017792.980512254,4002.763,4.04477e14,1.4743,-3.83596e6,1.90419e6,-4.77596e-9
1520869080,31007956.799104102,26998953.298142828,4009.004,4.01802e14,0.8031,-3.83337e6,1.90927e6,-4.78869e-9
1520869110,30995312.371470533,26980117.669911593,4015.195,3.97431e14,0.2934,-3.82255e6,1.91433e6,-4.80139e-9
1520869140,30982622.495542053,26961286.44827778,4021.336,3.96282e14,0.5815,-3.82711e6,1.91938e6,-4.81406e-9
1520869170,30969887.26846874,26942459.98708512,4027.427,4.00214e14,0.4047,-3.85614e6,1.92442e6,-4.82671e-9
1520869200,30957106.788034175,26923638.641560193,4033.468,4.03790e14,1.3019,-3.88352e6,1.92945e6,-4.83932e-9
1520869230,30944281.152651653,26904822.76831736,4039.458,3.97274e14,0.3328,-3.86201e6,1.93447e6,-4.85191e-9
1520869260,30931410.46138833,26886012.725335937,4045.398,3.99448e14,0.2125,-3.88258e6,1.93948e6,-4.86447e-9
1520869290,30918494.813947156,26867208.871979684,4051.286,4.00938e14,0.5863,-3.89984e6,1.94447e6,-4.87699e-9
1520869320,30905534.31067672,26848411.568987664,4057.123,3.98878e14,0.0697,-3.89977e6,1.94945e6,-4.88949e-9
1520869350,30892529.052574296,26829621.178472053,4062.908,4.00561e14,0.4918,-3.91795e6,1.95442e6,-4.90195e-9
1520869380,30879479.141288947,26810838.063915778,4068.641,3.95023e14,0.8975,-3.90068e6,1.95938e6,-4.91438e-9
1520869410,30866384.67912456,26792062.59017018,4074.322,3.96674e14,0.4834,-3.91865e6,1.96432e6,-4.92678e-9
1520869440,30853245.769042943,26773295.12345231,4079.951,4.01378e14,0.6969,-3.95172e6,1.96925e6,-4.93915e-9
1520869470,30840062.514667008,26754536.0313423,4085.526,4.00509e14,0.4788,-3.95728e6,1.97417e6,-4.95148e-9
1520869500,30826835.020283826,26735785.68278053,4091.049,3.97936e14,0.1668,-3.95434e6,1.97907e6,-4.96378e-9
1520869530,30813563.39086136,26717044.44806722,4096.519,3.96170e14,0.6098,-3.95533e6,1.98396e6,-4.97605e-9
1520869560,30800247.732009992,26698312.69885166,4101.935,3.97019e14,0.3967,-3.96928e6,1.98884e6,-4.98828e-9
1520869590,30786888.150027502,26679590.808136225,4107.297,3.97847e14,0.1891,-3.98312e6,1.99370e6,-5.00047e-9
1520869620,30773484.75188884,26660879.150270797,4112.606,3.98595e14,0.0013,-3.99656e6,1.99855e6,-5.01263e-9
1520869650,30760037.645249534,26642178.100949276,4117.860,3.96720e14,0.4718,-3.99680e6,2.00338e6,-5.02476e-9
1520869680,30746546.93844903,26623488.037205987,4123.059,3.94494e14,1.0303,-3.99520e6,2.00820e6,-5.03684e-9
1520869710,30733012.74051409,26604809.33741193,4128.203,3.96500e14,0.5270,-4.01489e6,2.01300e6,-5.04889e-9
1520869740,30719435.161162194,26586142.38127088,4133.293,3.97224e14,0.3454,-4.02810e6,2.01779e6,-5.06090e-9
1520869770,30705814.310804985,26567487.549815428,4138.327,3.97977e14,0.1564,-4.04145e6,2.02256e6,-5.07287e-9
1520869800,30692150.30055163,26548845.22540274,4143.305,4.02547e14,0.9902,-4.07419e6,2.02732e6,-5.08480e-9
1520869830,30678443.242197253,26530215.79170849,4148.227,3.99893e14,0.3242,-4.07019e6,2.03206e6,-5.09669e-9
1520869860,30664693.248272814,26511599.63372772,4153.094,3.96837e14,0.4424,-4.06404e6,2.03679e6,-5.10854e-9
1520869890,30650900.432001974,26492997.137765266,4157.903,3.98830e14,0.0576,-4.08365e6,2.04149e6,-5.12035e-9
1520869920,30637064.90731955,26474408.69143259,4162.656,3.98100e14,0.1256,-4.08928e6,2.04618e6,-5.13212e-9
1520869950,30623186.788874898,26455834.683642715,4167.352,3.97655e14,0.2371,-4.09634e6,2.05086e6,-5.14385e-9
1520869980,30609266.192035154,26437275.504605174,4171.991,3.95522e14,0.7723,-4.09464e6,2.05552e6,-5.15553e-9
1520870010,30595303.232888762,26418731.545820747,4176.572,3.96283e14,0.5815,-4.10782e6,2.06016e6,-5.16718e-9
1520870040,30581298.028248776,26400203.200076006,4181.095,3.98405e14,0.0491,-4.12803e6,2.06478e6,-5.17877e-9
1520870070,30567250.69565626,26381690.8614377,4185.560,3.97066e14,0.3849,-4.13029e6,2.06939e6,-5.19032e-9
1520870100,30553161.353383753,26363194.925246954,4189.966,4.00142e14,0.3868,-4.15545e6,2.07397e6,-5.20183e-9
1520870130,30539030.12045066,26344715.788109373,4194.314,3.97582e14,0.2556,-4.15125e6,2.07854e6,-5.21329e-9
1520870160,30524857.1165898,26326253.847901408,4198.603,3.97211e14,0.3485,-4.15841e6,2.08309e6,-5.22471e-9
1520870190,30510642.462287806,26307809.503751118,4202.833,4.01860e14,0.8179,-4.19180e6,2.08762e6,-5.23608e-9
1520870220,30496386.27877682,26289383.156035952,4207.003,4.03900e14,1.3296,-4.21156e6,2.09214e6,-5.24740e-9
1520870250,30482088.68803807,26270975.20637606,4211.113,4.01046e14,0.6136,-4.20560e6,2.09663e6,-5.25867e-9
1520870280,30467749.812805444,26252586.057627436,4215.164,3.95865e14,0.6862,-4.18727e6,2.10110e6,-5.26990e-9
1520870310,30453369.776569225,26234216.11387498,4219.154,3.98642e14,0.0105,-4.21082e6,2.10556e6,-5.28107e-9
1520870340,30438948.703579698,26215865.780425195,4223.083,4.03290e14,1.1766,-4.24428e6,2.10999e6,-5.29219e-9
1520870370,30424486.718850806,26197535.463798963,4226.951,4.03905e14,1.3308,-4.25642e6,2.11441e6,-5.30327e-9
1520870400,30409983.94816387,26179225.57172392,4230.758,3.98429e14,0.0429,-4.23617e6,2.11880e6,-5.31429e-9
1520870430,30395440.51806451,26160936.513134334,4234.504,3.94534e14,1.0202,-4.22417e6,2.12317e6,-5.32526e-9
1520870460,30380856.555887282,26142668.698139895,4238.188,3.96606e14,0.5005,-4.24388e6,2.12752e6,-5.33618e-9
1520870490,30366232.18973847,26124422.538041327,4241.810,4.02798e14,1.0532,-4.28563e6,2.13185e6,-5.34704e-9
1520870520,30351567.548506558,26106198.445314515,4245.369,4.00707e14,0.5286,-4.28309e6,2.13616e6,-5.35785e-9
1520870550,30336862.76186591,26087996.833602123,4248.866,3.93751e14,1.2167,-4.25434e6,2.14045e6,-5.36861e-9
1520870580,30322117.960280474,26069818.117705096,4252.300,3.98386e14,0.0538,-4.28775e6,2.14471e6,-5.37931e-9
1520870610,30307333.27500752,26051662.71357392,4255.671,4.00880e14,0.5718,-4.30968e6,2.14896e6,-5.38995e-9
1520870640,30292508.83810137,26033531.038299736,4258.978,3.95994e14,0.6538,-4.29176e6,2.15318e6,-5.40054e-9
1520870670,30277644.78241711,26015423.510105148,4262.221,3.96285e14,0.5809,-4.30170e6,2.15737e6,-5.41107e-9
1520870700,30262741.24161436,25997340.54833499,4265.401,3.96712e14,0.4737,-4.31234e6,2.16155e6,-5.42154e-9
1520870730,30247798.350164756,25979282.573440857,4268.516,3.98611e14,0.0027,-4.33093e6,2.16570e6,-5.43195e-9
1520870760,30232816.243344262,25961250.006989766,4271.566,4.01808e14,0.8046,-4.35658e6,2.16982e6,-5.44231e-9
1520870790,30217795.05724834,25943243.2716357,4274.552,3.98580e14,0.0052,-4.34722e6,2.17392e6,-5.45260e-9
1520870820,30202734.92879213,25925262.791115478,4277.472,3.98158e14,0.1110,-4.35307e6,2.17800e6,-5.46283e-9
1520870850,30187635.99571428,25907308.990238372,4280.327,3.95494e14,0.7794,-4.34659e6,2.18205e6,-5.47300e-9
1520870880,30172498.396580737,25889382.294875506,4283.116,3.90449e14,2.0450,-4.32696e6,2.18608e6,-5.48311e-9
1520870910,30157322.27078867,25871483.131949108,4285.839,3.93385e14,1.3084,-4.35101e6,2.19009e6,-5.49315e-9
1520870940,30142107.758570265,25853611.92942148,4288.496,3.99226e14,0.1569,-4.39106e6,2.19406e6,-5.50313e-9
1520870970,30126855.00099669,25835769.116283804,4291.086,4.02304e14,0.9291,-4.41594e6,2.19801e6,-5.51305e-9
1520871000,30111564.139981885,25817955.1225447,4293.609,3.97264e14,0.3352,-4.39599e6,2.20194e6,-5.52290e-9
1520871030,30096235.31828046,25800170.379221734,4296.065,3.95002e14,0.9029,-4.39126e6,2.20584e6,-5.53269e-9
1520871060,30080868.679510213,25782415.318320114,4298.453,3.97952e14,0.1627,-4.41532e6,2.20971e6,-5.54240e-9
1520871090,30065464.368137483,25764690.372830033,4300.774,3.95561e14,0.7626,-4.40973e6,2.21356e6,-5.55206e-9
1520871120,30050022.529487006,25746995.976711366,4303.027,3.93913e14,1.1759,-4.40818e6,2.21738e6,-5.56164e-9
1520871150,30034543.309745803,25729332.564881314,4305.211,3.97267e14,0.3345,-4.43440e6,2.22117e6,-5.57115e-9
1520871180,30019026.855967097,25711700.573201686,4307.326,4.00524e14,0.4825,-4.46009e6,2.22493e6,-5.58059e-9
1520871210,30003473.31607428,25694100.438466087,4309.373,3.97367e14,0.3093,-4.44993e6,2.22866e6,-5.58997e-9
1520871240,29987882.83886479,25676532.598386806,4311.350,3.99412e14,0.2036,-4.46878e6,2.23237e6,-5.59927e-9
1520871270,29972255.57401411,25658997.491581522,4313.258,4.03971e14,1.3473,-4.50171e6,2.23605e6,-5.60849e-9
1520871300,29956591.672079716,25641495.557559807,4315.096,4.03022e14,1.1092,-4.50373e6,2.23969e6,-5.61765e-9
1520871330,29940891.284515347,25624027.23670771,4316.864,3.96624e14,0.4958,-4.47501e6,2.24331e6,-5.62673e-9
1520871360,29925154.56364337,25606592.970278755,4318.562,3.97410e14,0.2987,-4.48660e6,2.24690e6,-5.63574e-9
1520871390,29909381.66269048,25589193.200375073,4320.188,3.99934e14,0.3346,-4.50796e6,2.25046e6,-5.64467e-9
1520871420,29893572.735781554,25571828.369934436,4321.744,3.98633e14,0.0080,-4.50767e6,2.25399e6,-5.65353e-9
1520871450,29877727.937943734,25554498.92271559,4323.229,4.01361e14,0.6926,-4.53011e6,2.25748e6,-5.66231e-9
1520871480,29861847.425110687,25537205.303283364,4324.642,3.96847e14,0.4400,-4.51147e6,2.26095e6,-5.67101e-9
1520871510,29845931.354126636,25519947.956993632,4325.983,3.96323e14,0.5712,-4.51536e6,2.26439e6,-5.67963e-9
1520871540,29829979.882750593,25502727.329977874,4327.253,3.98509e14,0.0230,-4.53458e6,2.26779e6,-5.68817e-9
1520871570,29813993.169660497,25485543.86912765,4328.449,3.98413e14,0.0470,-4.54077e6,2.27116e6,-5.69663e-9
1520871600,29797971.3744574,25468398.022078753,4329.573,3.97406e14,0.2996,-4.54171e6,2.27450e6,-5.70501e-9
1520871630,29781914.657661606,25451290.237195913,4330.624,3.94122e14,1.1236,-4.52955e6,2.27780e6,-5.71331e-9
1520871660,29765823.180741664,25434220.96355448,4331.602,3.97657e14,0.2368,-4.55628e6,2.28108e6,-5.72153e-9
1520871690,29749697.10609369,25417190.650925647,4332.506,3.97380e14,0.3063,-4.56117e6,2.28432e6,-5.72966e-9
1520871720,29733536.59705356,25400199.749759264,4333.337,3.94154e14,1.1156,-4.54906e6,2.28752e6,-5.73771e-9
1520871750,29717341.81790101,25383248.711166833,4334.093,3.96669e14,0.4845,-4.56983e6,2.29069e6,-5.74568e-9
1520871780,29701112.933863763,25366337.986904263,4334.775,3.99293e14,0.1736,-4.59118e6,2.29383e6,-5.75355e-9
1520871810,29684850.11112164,25349468.02935453,4335.382,3.99163e14,0.1412,-4.59665e6,2.29693e6,-5.76134e-9
1520871840,29668553.51681072,25332639.291509945,4335.914,3.97954e14,0.1621,-4.59582e6,2.30000e6,-5.76904e-9
1520871870,29652223.319027435,25315852.22695427,4336.371,3.95133e14,0.8699,-4.58558e6,2.30303e6,-5.77666e-9
1520871900,29635859.68683267,25299107.28984462,4336.752,3.97307e14,0.3245,-4.60413e6,2.30603e6,-5.78418e-9
1520871930,29619462.790253483,25282404.934895746,4337.058,4.00750e14,0.5394,-4.62998e6,2.30899e6,-5.79161e-9
1520871960,29603032.80029481,25265745.617353212,4337.287,4.00938e14,0.5864,-4.63694e6,2.31191e6,-5.79896e-9
1520871990,29586569.888935942,25249129.792982917,4337.440,3.98282e14,0.0799,-4.62731e6,2.31480e6,-5.80621e-9
1520872020,29570074.229137138,25232557.91804937,4337.516,3.94607e14,1.0017,-4.61165e6,2.31765e6,-5.81336e-9
1520872050,29553545.994843755,25216030.449296348,4337.516,3.97919e14,0.1711,-4.63652e6,2.32046e6,-5.82043e-9
1520872080,29536985.360990364,25199547.843927447,4337.438,4.01736e14,0.7866,-4.66431e6,2.32324e6,-5.82739e-9
1520872110,29520392.503504977,25183110.55958631,4337.282,3.98620e14,0.0049,-4.65163e6,2.32597e6,-5.83427e-9
1520872140,29503767.5993131,25166719.05433661,4337.049,3.92180e14,1.6107,-4.61941e6,2.32867e6,-5.84104e-9
1520872170,29487110.826342028,25150373.786641866,4336.737,3.94477e14,1.0345,-4.63812e6,2.33133e6,-5.84772e-9
1520872200,29470422.363524947,25134075.215344917,4336.347,3.96244e14,0.5912,-4.65368e6,2.33395e6,-5.85430e-9
1520872230,29453702.390819386,25117823.799642928,4335.879,3.96844e14,0.4406,-4.66234e6,2.33653e6,-5.86078e-9
1520872260,29436951.089167617,25101619.999079604,4335.331,3.99218e14,0.1548,-4.68134e6,2.33907e6,-5.86716e-9
1520872290,29420168.64054483,25085464.273510814,4334.704,4.00130e14,0.3836,-4.69170e6,2.34157e6,-5.87344e-9
1520872320,29403355.227949243,25069357.083087396,4333.998,4.01394e14,0.7008,-4.70407e6,2.34402e6,-5.87961e-9
1520872350,29386511.03540645,25053298.888233323,4333.212,3.99782e14,0.2965,-4.69944e6,2.34644e6,-5.88568e-9
1520872380,29369636.247973792,25037290.14962378,4332.346,3.97231e14,0.3436,-4.68916e6,2.34882e6,-5.89165e-9
1520872410,29352731.051744677,25021331.32816298,4331.400,3.99480e14,0.2207,-4.70709e6,2.35115e6,-5.89752e-9
1520872440,29335795.633852985,25005422.884961605,4330.373,4.01950e14,0.8405,-4.72627e6,2.35344e6,-5.90328e-9
1520872470,29318830.182477366,24989565.281314164,4329.265,3.99344e14,0.1865,-4.71539e6,2.35569e6,-5.90893e-9
1520872500,29301834.886845607,24973758.978676002,4328.076,3.97254e14,0.3379,-4.70744e6,2.35790e6,-5.91447e-9
1520872530,29284809.937218733,24958004.438639596,4326.805,3.99302e14,0.1759,-4.72389e6,2.36006e6,-5.91991e-9
1520872560,29267755.524957683,24942302.122912925,4325.453,3.99690e14,0.2734,-4.73044e6,2.36218e6,-5.92524e-9
1520872590,29250671.842465118,24926652.493293855,4324.019,3.96825e14,0.4454,-4.71761e6,2.36426e6,-5.93045e-9
1520872620,29233559.083209794,24911056.01164696,4322.503,3.95030e14,0.8958,-4.71101e6,2.36629e6,-5.93556e-9
1520872650,29216417.44173072,24895513.139879357,4320.904,3.97753e14,0.2125,-4.73115e6,2.36827e6,-5.94055e-9
1520872680,29199247.113641247,24880024.339916375,4319.223,3.97175e14,0.3576,-4.73159e6,2.37021e6,-5.94543e-9
1520872710,29182048.29563324,24864590.07367703,4317.458,3.95625e14,0.7464,-4.72615e6,2.37211e6,-5.95019e-9
1520872740,29164821.18548117,24849210.8030492,4315.610,3.97308e14,0.3242,-4.73986e6,2.37396e6,-5.95484e-9
1520872770,29147565.982046217,24833886.98986462,4313.679,3.98880e14,0.0702,-4.75284e6,2.37576e6,-5.95938e-9
1520872800,29130282.885280423,24818619.095873736,4311.664,3.98589e14,0.0029,-4.75462e6,2.37751e6,-5.96379e-9
1520872830,29112972.096251708,24803407.582731895,4309.565,3.98499e14,0.0255,-4.75750e6,2.37922e6,-5.96809e-9
1520872860,29095633.81708362,24788252.91193753,4307.381,4.01607e14,0.7542,-4.77939e6,2.38088e6,-5.97227e-9
1520872890,29078268.25102387,24773155.544842638,4305.113,4.00001e14,0.3514,-4.77304e6,2.38250e6,-5.97633e-9
1520872920,29060875.60242786,24758115.94261506,4302.760,3.96980e14,0.4066,-4.75811e6,2.38406e6,-5.98027e-9
1520872950,29043456.0767629,24743134.56621219,4300.322,3.96142e14,0.6166,-4.75613e6,2.38558e6,-5.98409e-9
1520872980,29026009.880612534,24728211.876354538,4297.798,3.95642e14,0.7423,-4.75606e6,2.38705e6,-5.98778e-9
1520873010,29008537.221680854,24713348.333499096,4295.189,3.97139e14,0.3666,-4.76787e6,2.38847e6,-5.99135e-9
1520873040,28991038.30879676,24698544.397812422,4292.494,3.97098e14,0.3770,-4.77035e6,2.38983e6,-5.99480e-9
1520873070,28973513.351918254,24683800.529143527,4289.713,3.96717e14,0.4725,-4.77071e6,2.39115e6,-5.99812e-9
1520873100,28955962.562136702,24669117.18699653,4286.845,4.02572e14,0.9964,-4.80838e6,2.39242e6,-6.00131e-9
1520873130,28938386.15165901,24654494.830484986,4283.891,4.01141e14,0.6374,-4.80224e6,2.39364e6,-6.00438e-9
1520873160,28920784.333879903,24639933.918360002,4280.850,3.98318e14,0.0709,-4.78762e6,2.39480e6,-6.00732e-9
1520873190,28903157.323318075,24625434.908926126,4277.722,3.97940e14,0.1658,-4.78758e6,2.39592e6,-6.01012e-9
1520873220,28885505.335642297,24610998.260031164,4274.507,3.95622e14,0.7473,-4.77577e6,2.39698e6,-6.01280e-9
1520873250,28867828.58767542,24596624.429037604,4271.204,3.96871e14,0.4338,-4.78531e6,2.39799e6,-6.01535e-9
1520873280,28850127.297398366,24582313.872793753,4267.813,3.99185e14,0.1467,-4.80114e6,2.39894e6,-6.01776e-9
1520873310,28832401.6839542,24568067.047604863,4264.335,3.99624e14,0.2567,-4.80560e6,2.39985e6,-6.02004e-9
1520873340,28814651.967652094,24553884.409203816,4260.768,4.01607e14,0.7542,-4.81925e6,2.40070e6,-6.02219e-9
1520873370,28796878.369971342,24539766.412721813,4257.112,3.99184e14,0.1465,-4.80626e6,2.40149e6,-6.02420e-9
1520873400,28779081.11356529,24525713.512658715,4253.368,3.98029e14,0.1432,-4.80079e6,2.40223e6,-6.02607e-9
1520873430,28761260.4222939,24511726.16286592,4249.534,3.99293e14,0.1738,-4.80978e6,2.40292e6,-6.02781e-9
1520873460,28743416.521139923,24497804.816477597,4245.612,3.97639e14,0.2411,-4.80108e6,2.40355e6,-6.02941e-9
1520873490,28725549.636300646,24483949.925919417,4241.600,3.99548e14,0.2378,-4.81375e6,2.40413e6,-6.03087e-9
1520873520,28707659.99516371,24470161.942865796,4237.498,4.01573e14,0.7457,-4.82701e6,2.40465e6,-6.03219e-9
1520873550,28689747.82631126,24456441.318209503,4233.307,3.99076e14,0.1192,-4.81288e6,2.40511e6,-6.03337e-9
1520873580,28671813.359524094,24442788.502031133,4229.025,3.98647e14,0.0118,-4.81112e6,2.40552e6,-6.03440e-9
1520873610,28653856.8257858,24429203.943568416,4224.653,4.01299e14,0.6771,-4.82783e6,2.40587e6,-6.03530e-9
1520873640,28635878.45728685,24415688.091185357,4220.190,4.00119e14,0.3809,-4.82130e6,2.40616e6,-6.03605e-9
1520873670,28617878.487428673,24402241.392341215,4215.637,3.98847e14,0.0619,-4.81410e6,2.40639e6,-6.03665e-9
1520873700,28599857.150827706,24388864.293559324,4210.993,3.96040e14,0.6424,-4.79751e6,2.40657e6,-6.03711e-9
1520873730,28581814.683281727,24375557.240398195,4206.257,3.96517e14,0.5226,-4.80063e6,2.40669e6,-6.03742e-9
1520873760,28563751.32188989,24362320.677412573,4201.431,4.00037e14,0.3603,-4.82200e6,2.40675e6,-6.03759e-9
1520873790,28545667.304940507,24349155.04812935,4196.512,3.97133e14,0.3683,-4.80447e6,2.40675e6,-6.03760e-9
1520873820,28527562.87195222,24336060.79501336,4191.502,3.94596e14,1.0047,-4.78904e6,2.40669e6,-6.03747e-9
1520873850,28509438.26367759,24323038.359435417,4186.400,3.97075e14,0.3826,-4.80378e6,2.40657e6,-6.03718e-9
1520873880,28491293.72210663,24310088.181640316,4181.206,3.98528e14,0.0181,-4.81220e6,2.40639e6,-6.03674e-9
1520873910,28473129.490470424,24297210.700714573,4175.919,3.98249e14,0.0881,-4.81004e6,2.40614e6,-6.03616e-9
1520873940,28454945.81324456,24284406.354554128,4170.539,3.97176e14,0.3574,-4.80296e6,2.40584e6,-6.03541e-9
1520873970,28436742.936152644,24271675.5798318,4165.067,3.97877e14,0.1815,-4.80647e6,2.40548e6,-6.03452e-9
1520874000,28418521.10616978,24259018.811964694,4159.502,3.96434e14,0.5436,-4.79692e6,2.40505e6,-6.03346e-9
1520874030,28400280.57156656,24246436.48506748,4153.844,3.97495e14,0.2773,-4.80235e6,2.40456e6,-6.03225e-9
1520874060,28382021.581787724,24233929.031962566,4148.093,3.99536e14,0.2347,-4.81356e6,2.40401e6,-6.03089e-9
1520874090,28363744.3875806,24221496.884103794,4142.248,3.98149e14,0.1133,-4.80398e6,2.40339e6,-6.02936e-9
1520874120,28345449.24095835,24209140.47155723,4136.309,4.00683e14,0.5224,-4.81790e6,2.40272e6,-6.02768e-9
1520874150,28327136.395203825,24196860.222967826,4130.276,4.01724e14,0.7837,-4.82270e6,2.40197e6,-6.02584e-9
1520874180,28308806.104873158,24184656.565525934,4124.150,3.98261e14,0.0852,-4.80022e6,2.40117e6,-6.02383e-9
1520874210,28290458.625799607,24172529.924933847,4117.929,3.99160e14,0.1405,-4.80391e6,2.40030e6,-6.02167e-9
1520874240,28272094.215097133,24160480.725372028,4111.613,3.99197e14,0.1498,-4.80227e6,2.39936e6,-6.01934e-9
1520874270,28253713.131164107,24148509.3894655,4105.204,3.97445e14,0.2900,-4.78972e6,2.39836e6,-6.01685e-9
1520874300,28235315.633686867,24136616.338249974,4098.699,3.99386e14,0.1971,-4.79928e6,2.39729e6,-6.01419e-9
1520874330,28216901.983611587,24124801.991154157,4092.100,4.00285e14,0.4227,-4.80242e6,2.39616e6,-6.01137e-9
1520874360,28198472.44324562,24113066.76591595,4085.406,3.99764e14,0.2920,-4.79690e6,2.39496e6,-6.00838e-9
1520874390,28180027.276163045,24101411.078598566,4078.616,3.98158e14,0.1110,-4.78472e6,2.39370e6,-6.00522e-9
1520874420,28161566.747239515,24089835.34354033,4071.731,3.99787e14,0.2977,-4.79184e6,2.39236e6,-6.00190e-9
1520874450,28143091.1226554,24078339.97332075,4064.751,4.00156e14,0.3904,-4.79126e6,2.39096e6,-5.99840e-9
1520874480,28124600.66989886,24066925.378726397,4057.675,3.96279e14,0.5824,-4.76508e6,2.38949e6,-5.99474e-9
1520874510,28106095.657768883,24055591.96871692,4050.504,3.96940e14,0.4167,-4.76599e6,2.38796e6,-5.99091e-9
1520874540,28087576.356378257,24044340.15039088,4043.236,3.97996e14,0.1516,-4.76912e6,2.38635e6,-5.98690e-9
1520874570,28069043.03715654,24033170.32895159,4035.873,4.00053e14,0.3644,-4.77809e6,2.38468e6,-5.98272e-9
1520874600,28050495.972852856,24022082.90767293,4028.413,4.00425e14,0.4576,-4.77682e6,2.38294e6,-5.97837e-9
1520874630,28031935.437557142,24011078.287855037,4020.857,3.99172e14,0.1434,-4.76572e6,2.38113e6,-5.97384e-9
1520874660,28013361.706646517,24000156.868821245,4013.205,3.98605e14,0.0011,-4.75857e6,2.37924e6,-5.96914e-9
1520874690,27994775.056844402,23989319.047852457,4005.456,3.99488e14,0.2227,-4.75995e6,2.37729e6,-5.96427e-9
1520874720,27976175.766205184,23978565.220162965,3997.611,4.00695e14,0.5256,-4.76310e6,2.37527e6,-5.95921e-9
1520874750,27957564.114117015,23967895.77886605,3989.668,3.99603e14,0.2514,-4.75240e6,2.37318e6,-5.95398e-9
1520874780,27938940.381304536,23957311.114939604,3981.629,3.98868e14,0.0671,-4.74371e6,2.37101e6,-5.94857e-9
1520874810,27920304.849831663,23946811.617191795,3973.493,3.97476e14,0.2820,-4.73097e6,2.36878e6,-5.94298e-9
1520874840,27901657.803104203,23936397.672226645,3965.260,3.95949e14,0.6653,-4.71730e6,2.36647e6,-5.93722e-9
1520874870,27882999.52587255,23926069.664409682,3956.930,3.96820e14,0.4468,-4.71773e6,2.36409e6,-5.93127e-9
1520874900,27864330.30423422,23915827.97583362,3948.502,3.99209e14,0.1527,-4.72701e6,2.36164e6,-5.92514e-9
1520874930,27845650.425623838,23905672.98628712,3939.977,3.97653e14,0.2377,-4.71275e6,2.35911e6,-5.91882e-9
1520874960,27826960.17885423,23895605.07321113,3931.355,3.98799e14,0.0499,-4.71435e6,2.35651e6,-5.91233e-9
1520874990,27808259.854080297,23885624.611673992,3922.635,3.98723e14,0.0308,-4.70856e6,2.35384e6,-5.90565e-9
1520875020,27789549.74281374,23875731.974334273,3913.818,3.98050e14,0.1380,-4.69911e6,2.35110e6,-5.89878e-9
1520875050,27770830.137925245,23865927.53140669,3904.903,4.00010e14,0.3536,-4.70503e6,2.34828e6,-5.89173e-9
1520875080,27752101.333646696,23856211.650628053,3895.890,4.00067e14,0.3680,-4.69958e6,2.34539e6,-5.88450e-9
1520875110,27733363.62557327,23846584.697223343,3886.779,3.97439e14,0.2915,-4.67820e6,2.34242e6,-5.87707e-9
1520875140,27714617.31066548,23837047.033871774,3877.570,3.98767e14,0.0417,-4.67992e6,2.33938e6,-5.86946e-9
1520875170,27695862.68725115,23827599.020673044,3868.264,3.99173e14,0.1436,-4.67608e6,2.33626e6,-5.86166e-9
1520875200,27677100.055027373,23818241.015113585,3858.859,3.96287e14,0.5804,-4.65280e6,2.33307e6,-5.85368e-9
1520875230,27658329.715081066,23808973.37203285,3849.356,3.98006e14,0.1492,-4.65634e6,2.32980e6,-5.84550e-9
1520875260,27639551.96983327,23799796.443589944,3839.756,3.98344e14,0.0645,-4.65164e6,2.32646e6,-5.83713e-9
1520875290,27620767.12309844,23790710.579230312,3830.057,3.97696e14,0.2270,-4.64103e6,2.32303e6,-5.82857e-9
1520875320,27601975.4800677,23781716.125652324,3820.259,3.99238e14,0.1600,-4.64303e6,2.31954e6,-5.81982e-9
1520875350,27583177.34731061,23772813.426774107,3810.364,3.99221e14,0.1557,-4.63579e6,2.31596e6,-5.81088e-9
1520875380,27564373.0327768,23764002.823700465,3800.370,3.98569e14,0.0079,-4.62471e6,2.31231e6,-5.80174e-9
1520875410,27545562.845797688,23755284.654689964,3790.278,3.98530e14,0.0177,-4.61703e6,2.30859e6,-5.79241e-9
1520875440,27526747.097087912,23746659.255122107,3780.088,3.97414e14,0.2978,-4.60298e6,2.30478e6,-5.78288e-9
1520875470,27507926.09874688,23738126.95746467,3769.799,3.97277e14,0.3321,-4.59444e6,2.30090e6,-5.77316e-9
1520875500,27489100.164260063,23729688.091241207,3759.412,3.94524e14,1.0226,-4.57068e6,2.29694e6,-5.76325e-9
1520875530,27470269.608471498,23721342.983001422,3748.927,3.95176e14,0.8592,-4.56640e6,2.29290e6,-5.75314e-9
1520875560,27451434.74767392,23713091.95628085,3738.343,3.98790e14,0.0475,-4.57896e6,2.28878e6,-5.74283e-9
1520875590,27432595.89952066,23704935.33157658,3727.661,3.99922e14,0.3314,-4.57706e6,2.28458e6,-5.73232e-9
1520875620,27413753.383055344,23696873.42631303,3716.880,3.96515e14,0.5231,-4.54902e6,2.28031e6,-5.72162e-9
1520875650,27394907.518712547,23688906.55481035,3706.001,3.95903e14,0.6768,-4.53684e6,2.27595e6,-5.71072e-9
1520875680,27376058.62831848,23681035.028252903,3695.024,3.98334e14,0.0670,-4.54187e6,2.27152e6,-5.69962e-9
1520875710,27357207.035091545,23673259.154658116,3683.948,3.99310e14,0.1780,-4.53841e6,2.26701e6,-5.68832e-9
1520875740,27338353.06364275,23665579.238845386,3672.774,3.99398e14,0.2001,-4.52972e6,2.26241e6,-5.67681e-9
1520875770,27319497.039976135,23657995.58240528,3661.501,4.01901e14,0.8280,-4.53455e6,2.25774e6,-5.66511e-9
1520875800,27300639.29148907,23650508.48366896,3650.131,4.01290e14,0.6749,-4.52157e6,2.25299e6,-5.65321e-9
1520875830,27281780.147003733,23643118.23767101,3638.662,3.96461e14,0.5368,-4.48463e6,2.24815e6,-5.64111e-9
1520875860,27262919.93667076,23635825.13613983,3627.095,3.95086e14,0.8818,-4.46710e6,2.24324e6,-5.62880e-9
1520875890,27244058.99206632,23628629.46744754,3615.430,3.94928e14,0.9212,-4.45628e6,2.23825e6,-5.61629e-9
1520875920,27225197.646160867,23621531.51658668,3603.666,3.97911e14,0.1729,-4.46290e6,2.23317e6,-5.60358e-9
1520875950,27206336.23331935,23614531.56514072,3591.805,3.98901e14,0.0754,-4.45813e6,2.22801e6,-5.59066e-9
1520875980,27187475.089301243,23607629.89125479,3579.845,3.98434e14,0.0417,-4.44506e6,2.22277e6,-5.57754e-9
1520876010,27168614.55126051,23600826.769606788,3567.788,3.98097e14,0.1262,-4.43256e6,2.21746e6,-5.56422e-9
1520876040,27149754.957745492,23594122.47137857,3555.632,4.00684e14,0.5227,-4.43613e6,2.21205e6,-5.55069e-9
1520876070,27130896.648698702,23587517.264227547,3543.379,4.02080e14,0.8729,-4.43287e6,2.20657e6,-5.53696e-9
1520876100,27112039.965456452,23581011.412258495,3531.029,3.98657e14,0.0143,-4.40280e6,2.20101e6,-5.52302e-9
1520876130,27093185.250726845,23574605.17600167,3518.580,3.97888e14,0.1788,-4.38727e6,2.19536e6,-5.50888e-9
1520876160,27074332.84865606,23568298.812366933,3506.034,3.97736e14,0.2169,-4.37500e6,2.18963e6,-5.49452e-9
1520876190,27055483.104760285,23562092.574634533,3493.391,3.98676e14,0.0191,-4.36855e6,2.18382e6,-5.47997e-9
1520876220,27036636.365946673,23555986.7124224,3480.650,4.00976e14,0.5959,-4.36934e6,2.17793e6,-5.46520e-9
1520876250,27017792.980512254,23549981.471659508,3467.812,3.96851e14,0.4388,-4.33488e6,2.17195e6,-5.45023e-9
1520876280,26998953.298142828,23544077.094559554,3454.876,3.97838e14,0.1912,-4.32817e6,2.16589e6,-5.43505e-9
1520876310,26980117.669911593,23538273.819595058,3441.844,4.00600e14,0.5016,-4.33087e6,2.15975e6,-5.41967e-9
1520876340,26961286.44827778,23532571.88147166,3428.715,4.00497e14,0.4758,-4.31784e6,2.15353e6,-5.40407e-9
1520876370,26942459.98708512,23526971.511102878,3415.488,3.97789e14,0.2035,-4.29062e6,2.14722e6,-5.38827e-9
1520876400,26923638.641560193,23521472.93558514,3402.166,3.91627e14,1.7495,-4.24475e6,2.14083e6,-5.37226e-9
1520876430,26904822.76831736,23516076.378174115,3388.746,3.96587e14,0.5052,-4.25849e6,2.13436e6,-5.35604e-9
1520876460,26886012.725335937,23510782.05825766,3375.231,3.97191e14,0.3535,-4.24865e6,2.12780e6,-5.33962e-9
1520876490,26867208.871979684,23505590.191334795,3361.619,3.97848e14,0.1888,-4.23890e6,2.12116e6,-5.32298e-9
1520876520,26848411.568987664,23500500.988991283,3347.911,4.01419e14,0.7071,-4.24442e6,2.11444e6,-5.30613e-9
1520876550,26829621.178472053,23495514.658876475,3334.107,3.97448e14,0.2890,-4.20977e6,2.10763e6,-5.28908e-9
1520876580,26810838.063915778,23490631.404680602,3320.207,3.98047e14,0.1389,-4.19917e6,2.10074e6,-5.27181e-9
1520876610,26792062.59017018,23485851.426112354,3306.211,3.99296e14,0.1744,-4.19180e6,2.09377e6,-5.25434e-9
1520876640,26773295.12345231,23481174.918876905,3292.120,3.96654e14,0.4882,-4.16385e6,2.08671e6,-5.23666e-9
1520876670,26754536.0313423,23476602.074654315,3277.934,3.94876e14,0.9343,-4.14034e6,2.07957e6,-5.21876e-9
1520876700,26735785.68278053,23472133.081078276,3263.653,4.01749e14,0.7900,-4.16171e6,2.07235e6,-5.20066e-9
1520876730,26717044.44806722,23467768.121701382,3249.276,4.05885e14,1.8274,-4.16847e6,2.06504e6,-5.18235e-9
1520876760,26698312.69885166,23463507.376017723,3234.805,4.01393e14,0.7007,-4.13037e6,2.05765e6,-5.16382e-9
1520876790,26679590.808136225,23459351.01939983,3220.240,3.97167e14,0.3596,-4.09363e6,2.05017e6,-5.14509e-9
1520876820,26660879.150270797,23455299.223092876,3205.580,3.94762e14,0.9630,-4.06622e6,2.04262e6,-5.12615e-9
1520876850,26642178.100949276,23451352.154195413,3190.826,3.97694e14,0.2273,-4.06600e6,2.03497e6,-5.10700e-9
1520876880,26623488.037205987,23447509.975640573,3175.978,3.99080e14,0.1202,-4.05762e6,2.02725e6,-5.08763e-9
1520876910,26604809.33741193,23443772.84617767,3161.036,3.98871e14,0.0679,-4.04094e6,2.01944e6,-5.06806e-9
1520876940,26586142.38127088,23440140.920354202,3146.001,3.99361e14,0.1907,-4.02763e6,2.01155e6,-5.04828e-9
1520876970,26567487.549815428,23436614.348498393,3130.873,3.95484e14,0.7818,-3.99218e6,2.00357e6,-5.02829e-9
1520877000,26548845.22540274,23433193.276702125,3115.652,3.93870e14,1.1867,-3.96805e6,1.99551e6,-5.00809e-9
1520877030,26530215.79170849,23429877.846830938,3100.338,3.95931e14,0.6697,-3.96215e6,1.98737e6,-4.98768e-9
1520877060,26511599.63372772,23426668.196426027,3084.931,3.98138e14,0.1159,-3.95672e6,1.97914e6,-4.96706e-9
1520877090,26492997.137765266,23423564.458770674,3069.433,4.00613e14,0.5048,-3.95235e6,1.97083e6,-4.94623e-9
1520877120,26474408.69143259,23420566.762848694,3053.842,3.99744e14,0.2869,-3.93126e6,1.96244e6,-4.92519e-9
1520877150,26455834.683642715,23417675.233329967,3038.159,3.98327e14,0.0685,-3.90734e6,1.95396e6,-4.90394e-9
1520877180,26437275.504605174,23414889.990556356,3022.386,3.98058e14,0.1361,-3.88892e6,1.94541e6,-4.88249e-9
1520877210,26418731.545820747,23412211.150528207,3006.520,4.00137e14,0.3855,-3.88176e6,1.93676e6,-4.86082e-9
1520877240,26400203.200076006,23409638.824891247,2990.564,4.03056e14,1.1177,-3.87840e6,1.92804e6,-4.83895e-9
1520877270,26381690.8614377,23407173.120923936,2974.518,3.99629e14,0.2579,-3.84419e6,1.91923e6,-4.81687e-9
1520877300,26363194.925246954,23404814.14152538,2958.381,3.93168e14,1.3629,-3.79542e6,1.91034e6,-4.79458e-9
1520877330,26344715.788109373,23402561.98517059,2942.154,3.97586e14,0.2546,-3.79868e6,1.90137e6,-4.77209e-9
1520877360,26326253.847901408,23400416.746001273,2925.837,4.00468e14,0.4685,-3.79429e6,1.89231e6,-4.74939e-9
1520877390,26307809.503751118,23398378.513712753,2909.431,3.98612e14,0.0029,-3.76720e6,1.88317e6,-4.72648e-9
1520877420,26289383.156035952,23396447.37357666,2892.936,3.96021e14,0.6472,-3.73658e6,1.87395e6,-4.70336e-9
1520877450,26270975.20637606,23394623.406430956,2876.352,3.92319e14,1.5759,-3.70072e6,1.86465e6,-4.68004e-9
1520877480,26252586.057627436,23392906.688670408,2859.679,3.95534e14,0.7692,-3.69708e6,1.85527e6,-4.65652e-9
1520877510,26234216.11387498,23391297.29223762,2842.919,3.98611e14,0.0026,-3.69248e6,1.84580e6,-4.63278e-9
1520877540,26215865.780425195,23389795.28461456,2826.070,3.96987e14,0.4047,-3.66591e6,1.83626e6,-4.60885e-9
1520877570,26197535.463798963,23388400.728814553,2809.135,3.93298e14,1.3303,-3.62978e6,1.82663e6,-4.58471e-9
1520877600,26179225.57172392,23387113.68337484,2792.112,3.95619e14,0.7480,-3.62108e6,1.81692e6,-4.56036e-9
1520877630,26160936.513134334,23385934.202376906,2775.002,3.98724e14,0.0311,-3.61567e6,1.80713e6,-4.53582e-9
1520877660,26142668.698139895,23384862.3353559,2757.806,4.00466e14,0.4680,-3.60379e6,1.79726e6,-4.51106e-9
1520877690,26124422.538041327,23383898.12737932,2740.524,3.96170e14,0.6097,-3.56457e6,1.78731e6,-4.48611e-9
1520877720,26106198.445314515,23383041.6190145,2723.157,3.94381e14,1.0586,-3.53659e6,1.77727e6,-4.46096e-9
1520877750,26087996.833602123,23382292.846323926,2705.704,4.01483e14,0.7231,-3.54798e6,1.76716e6,-4.43560e-9
1520877780,26069818.117705096,23381651.8408612,2688.166,3.95274e14,0.8345,-3.50015e6,1.75697e6,-4.41004e-9
1520877810,26051662.71357392,23381118.62966749,2670.544,3.93749e14,1.2172,-3.47300e6,1.74670e6,-4.38429e-9
1520877840,26033531.038299736,23380693.23526843,2652.838,4.04959e14,1.5952,-3.50129e6,1.73635e6,-4.35833e-9
1520877870,26015423.510105148,23380375.675671674,2635.048,4.05139e14,1.6404,-3.48105e6,1.72592e6,-4.33218e-9
1520877900,25997340.54833499,23380165.964364894,2617.175,4.02679e14,1.0231,-3.44927e6,1.71541e6,-4.30582e-9
1520877930,25979282.573440857,23380064.1102983,2599.218,3.99522e14,0.2313,-3.41448e6,1.70482e6,-4.27927e-9
1520877960,25961250.006989766,23380070.117933095,2581.180,3.94089e14,1.1317,-3.37003e6,1.69415e6,-4.25252e-9
1520877990,25943243.2716357,23380183.987191405,2563.059,3.95720e14,0.7227,-3.35556e6,1.68341e6,-4.22558e-9
1520878020,25925262.791115478,23380405.713472344,2544.857,4.00561e14,0.4918,-3.35432e6,1.67259e6,-4.19844e-9
1520878050,25907308.990238372,23380735.287652485,2526.574,4.02409e14,0.9554,-3.34018e6,1.66169e6,-4.17111e-9
1520878080,25889382.294875506,23381172.696086813,2508.210,4.01935e14,0.8365,-3.31616e6,1.65071e6,-4.14358e-9
1520878110,25871483.131949108,23381717.920610342,2489.765,4.01484e14,0.7234,-3.29211e6,1.63966e6,-4.11586e-9
1520878140,25853611.92942148,23382370.93854003,2471.241,3.98605e14,0.0011,-3.25800e6,1.62853e6,-4.08795e-9
1520878170,25835769.116283804,23383131.72267739,2452.637,3.94100e14,1.1292,-3.21730e6,1.61732e6,-4.05984e-9
1520878200,25817955.1225447,23384000.24131155,2433.955,3.99648e14,0.2628,-3.21724e6,1.60604e6,-4.03155e-9
1520878230,25800170.379221734,23384976.45822897,2415.194,3.99531e14,0.2336,-3.19403e6,1.59468e6,-4.00306e-9
1520878260,25782415.318320114,23386060.33269879,2396.355,3.99165e14,0.1415,-3.16969e6,1.58325e6,-3.97439e-9
1520878290,25764690.372830033,23387251.819496118,2377.439,4.06389e14,1.9539,-3.17516e6,1.57174e6,-3.94553e-9
1520878320,25746995.976711366,23388550.86890127,2358.445,4.06591e14,2.0046,-3.15257e6,1.56016e6,-3.91648e-9
1520878350,25729332.564881314,23389957.42670547,2339.375,4.02450e14,0.9657,-3.11292e6,1.54850e6,-3.88725e-9
1520878380,25711700.573201686,23391471.434217054,2320.229,3.96747e14,0.4650,-3.06736e6,1.53677e6,-3.85783e-9
1520878410,25694100.438466087,23393092.82826835,2301.008,3.95898e14,0.6780,-3.04056e6,1.52497e6,-3.82822e-9
1520878440,25676532.598386806,23394821.541222837,2281.711,3.93052e14,1.3920,-3.00608e6,1.51310e6,-3.79843e-9
1520878470,25658997.491581522,23396657.50098306,2262.340,3.89588e14,2.2610,-2.96930e6,1.50115e6,-3.76846e-9
1520878500,25641495.557559807,23398600.630998824,2242.895,3.95785e14,0.7064,-2.96869e6,1.48913e6,-3.73831e-9
1520878530,25624027.23670771,23400650.85026971,2223.376,4.03746e14,1.2910,-2.97412e6,1.47703e6,-3.70798e-9
1520878560,25606592.970278755,23402808.073373802,2203.785,3.99482e14,0.2211,-2.93395e6,1.46487e6,-3.67747e-9
1520878590,25589193.200375073,23405072.210458387,2184.121,4.01352e14,0.6903,-2.91628e6,1.45264e6,-3.64678e-9
1520878620,25571828.369934436,23407443.167256333,2164.385,4.05512e14,1.7339,-2.90663e6,1.44033e6,-3.61592e-9
1520878650,25554498.92271559,23409920.84509688,2144.578,4.03472e14,1.2221,-2.87436e6,1.42796e6,-3.58488e-9
1520878680,25537205.303283364,23412505.140916847,2124.700,3.97316e14,0.3222,-2.82744e6,1.41551e6,-3.55366e-9
1520878710,25519947.956993632,23415195.947272405,2104.752,3.91004e14,1.9057,-2.78023e6,1.40300e6,-3.52228e-9
1520878740,25502727.329977874,23417993.152351357,2084.734,3.93911e14,1.1765,-2.76545e6,1.39042e6,-3.49071e-9
1520878770,25485543.86912765,23420896.63998575,2064.647,3.96515e14,0.5231,-2.74931e6,1.37777e6,-3.45898e-9
1520878800,25468398.022078753,23423906.28966517,2044.492,4.01179e14,0.6469,-2.73993e6,1.36505e6,-3.42708e-9
1520878830,25451290.237195913,23427021.976565227,2024.268,4.01165e14,0.6433,-2.71423e6,1.35227e6,-3.39501e-9
1520878860,25434220.96355448,23430243.57151626,2003.977,3.95782e14,0.7070,-2.67034e6,1.33942e6,-3.36277e-9
1520884230,23429877.846830938,25436451.490375325,2006.574,3.96987e14,0.4047,2.67824e6,-1.34163e6,3.36689e-9
1520884260,23426668.196426027,25453528.4364183,2026.860,3.97766e14,0.2094,2.70651e6,-1.35446e6,3.39911e-9
1520884290,23423564.458770674,25470643.850261513,2047.079,4.01332e14,0.6854,2.74427e6,-1.36723e6,3.43117e-9
1520884320,23420566.762848694,25487797.282657493,2067.231,3.98414e14,0.0468,2.75966e6,-1.37993e6,3.46305e-9
1520884350,23417675.233329967,25504988.285072174,2087.313,3.95368e14,0.8109,2.77429e6,-1.39256e6,3.49477e-9
1520884380,23414889.990556356,25522216.409701247,2107.326,3.98664e14,0.0160,2.81094e6,-1.40513e6,3.52632e-9
1520884410,23412211.150528207,25539481.209486384,2127.270,4.03641e14,1.2645,2.85365e6,-1.41763e6,3.55769e-9
1520884440,23409638.824891247,25556782.238131043,2147.143,3.99235e14,0.1593,2.86286e6,-1.43005e6,3.58889e-9
1520884470,23407173.120923936,25574119.050116234,2166.946,3.98332e14,0.0674,2.88434e6,-1.44241e6,3.61992e-9
1520884500,23404814.14152538,25591491.200715914,2186.677,4.01395e14,0.7011,2.92010e6,-1.45470e6,3.65076e-9
1520884530,23402561.98517059,25608898.245998137,2206.336,4.01714e14,0.7811,2.94580e6,-1.46691e6,3.68144e-9
1520884560,23400416.746001273,25626339.742883295,2225.923,3.98642e14,0.0103,2.95879e6,-1.47906e6,3.71193e-9
1520884590,23398378.513712753,25643815.24911566,2245.437,3.98025e14,0.1445,2.98064e6,-1.49114e6,3.74225e-9
1520884620,23396447.37357666,25661324.32329175,2264.877,3.99518e14,0.2302,3.01027e6,-1.50314e6,3.77238e-9
1520884650,23394623.406430956,25678866.524874453,2284.243,3.93775e14,1.2106,3.01233e6,-1.51507e6,3.80234e-9
1520884680,23392906.688670408,25696441.414206944,2303.535,3.97811e14,0.1981,3.05138e6,-1.52693e6,3.83211e-9
1520884710,23391297.29223762,25714048.55252642,2322.751,4.04709e14,1.5326,3.10158e6,-1.53871e6,3.86169e-9
1520884740,23389795.28461456,25731687.501977492,2341.892,3.99096e14,0.1244,3.10335e6,-1.55043e6,3.89110e-9
1520884770,23388400.728814553,25749357.825625457,2360.957,3.92371e14,1.5629,3.10028e6,-1.56207e6,3.92032e-9
1520884800,23387113.68337484,25767059.087469295,2379.945,3.93080e14,1.3850,3.12604e6,-1.57363e6,3.94935e-9
1520884830,23385934.202376906,25784790.852460805,2398.857,3.97073e14,0.3833,3.16475e6,-1.58512e6,3.97819e-9
1520884860,23384862.3353559,25802552.686497655,2417.690,4.01677e14,0.7719,3.20599e6,-1.59653e6,4.00685e-9
1520884890,23383898.12737932,25820344.156455137,2436.446,3.99420e14,0.2056,3.21966e6,-1.60787e6,4.03532e-9
1520884920,23383041.6190145,25838164.83019214,2455.123,3.92439e14,1.5457,3.21385e6,-1.61914e6,4.06360e-9
1520884950,23382292.846323926,25856014.276563097,2473.721,3.95541e14,0.7676,3.24875e6,-1.63033e6,4.09168e-9
1520884980,23381651.8408612,25873892.06542976,2492.240,4.02967e14,1.0956,3.30149e6,-1.64144e6,4.11958e-9
1520885010,23381118.62966749,25891797.767672766,2510.679,3.98650e14,0.0124,3.30579e6,-1.65247e6,4.14728e-9
1520885040,23380693.23526843,25909730.95520302,2529.038,3.99341e14,0.1857,3.33060e6,-1.66343e6,4.17479e-9
1520885070,23380375.675671674,25927691.200972807,2547.316,3.99010e14,0.1028,3.35100e6,-1.67431e6,4.20211e-9
1520885100,23380165.964364894,25945678.07898684,2565.512,3.92797e14,1.4558,3.34635e6,-1.68512e6,4.22923e-9
1520885130,23380064.1102983,25963691.16431694,2583.627,3.96398e14,0.5525,3.38298e6,-1.69584e6,4.25616e-9
1520885160,23380070.117933095,25981730.033100367,2601.660,3.98726e14,0.0315,3.41419e6,-1.70649e6,4.28289e-9
1520885190,23380183.987191405,25999794.262562543,2619.610,3.97990e14,0.1531,3.43217e6,-1.71706e6,4.30942e-9
1520885220,23380405.713472344,26017883.431023203,2637.478,3.99751e14,0.2886,3.46077e6,-1.72755e6,4.33576e-9
1520885250,23380735.287652485,26035997.1179065,2655.262,3.94169e14,1.1118,3.45728e6,-1.73796e6,4.36189e-9
1520885280,23381172.696086813,26054134.903750733,2672.962,3.94135e14,1.1202,3.47769e6,-1.74830e6,4.38783e-9
1520885310,23381717.920610342,26072296.370218083,2690.578,4.00459e14,0.4662,3.52600e6,-1.75855e6,4.41357e-9
1520885340,23382370.93854003,26090481.10010392,2708.110,3.99660e14,0.2658,3.54286e6,-1.76872e6,4.43911e-9
1520885370,23383131.72267739,26108688.677346114,2725.557,3.97089e14,0.3792,3.55160e6,-1.77882e6,4.46445e-9
1520885400,23384000.24131155,26126918.687034074,2742.918,3.97296e14,0.3274,3.57252e6,-1.78883e6,4.48958e-9
1520885430,23384976.45822897,26145170.71541042,2760.194,3.97483e14,0.2803,3.59321e6,-1.79876e6,4.51452e-9
1520885460,23386060.33269879,26163444.349901553,2777.384,3.95752e14,0.7147,3.60503e6,-1.80861e6,4.53925e-9
1520885490,23387251.819496118,26181739.179104283,2794.487,3.99625e14,0.2569,3.64218e6,-1.81839e6,4.56378e-9
1520885520,23388550.86890127,26200054.792801008,2811.504,3.99329e14,0.1829,3.66024e6,-1.82808e6,4.58810e-9
1520885550,23389957.42670547,26218390.781967763,2828.433,3.98430e14,0.0427,3.67534e6,-1.83769e6,4.61223e-9
1520885580,23391471.434217054,26236746.73878205,2845.275,3.99699e14,0.2756,3.70028e6,-1.84722e6,4.63614e-9
1520885610,23393092.82826835,26255122.25663048,2862.029,3.97437e14,0.2918,3.70866e6,-1.85666e6,4.65986e-9
1520885640,23394821.541222837,26273516.930116195,2878.695,3.95854e14,0.6889,3.71996e6,-1.86603e6,4.68336e-9
1520885670,23396657.50098306,26291930.355066124,2895.273,3.99064e14,0.1163,3.75357e6,-1.87531e6,4.70666e-9
1520885700,23398600.630998824,26310362.128538117,2911.761,3.98571e14,0.0073,3.76966e6,-1.88451e6,4.72976e-9
1520885730,23400650.85026971,26328811.848832253,2928.161,3.97503e14,0.2752,3.78283e6,-1.89363e6,4.75265e-9
1520885760,23402808.073373802,26347279.115483973,2944.471,3.96916e14,0.4225,3.79807e6,-1.90267e6,4.77533e-9
1520885790,23405072.210458387,26365763.52928413,2960.691,3.98230e14,0.0930,3.82225e6,-1.91162e6,4.79781e-9
1520885820,23407443.167256333,26384264.69228107,2976.822,4.05221e14,1.6609,3.87369e6,-1.92049e6,4.82008e-9
1520885850,23409920.84509688,26402782.207786933,2992.861,4.05494e14,1.7294,3.89274e6,-1.92928e6,4.84214e-9
1520885880,23412505.140916847,26421315.68038367,3008.811,3.98081e14,0.1303,3.87425e6,-1.93799e6,4.86399e-9
1520885910,23415195.947272405,26439864.71592905,3024.669,3.90906e14,1.9303,3.85644e6,-1.94661e6,4.88563e-9
1520885940,23417993.152351357,26458428.92156237,3040.436,3.93202e14,1.3544,3.88462e6,-1.95515e6,4.90707e-9
1520885970,23420896.63998575,26477007.90571009,3056.111,3.98042e14,0.1400,3.92528e6,-1.96361e6,4.92830e-9
1520886000,23423906.28966517,26495601.278091274,3071.695,3.97152e14,0.3634,3.93762e6,-1.97199e6,4.94931e-9
1520886030,23427021.976565227,26514208.649720136,3087.187,3.98357e14,0.0610,3.96016e6,-1.98028e6,4.97012e-9
1520886060,23430243.57151626,26532829.632919516,3102.586,3.99750e14,0.2885,3.98353e6,-1.98849e6,4.99072e-9
1520886090,23433570.941063076,26551463.841317713,3117.893,3.99333e14,0.1837,3.99771e6,-1.99661e6,5.01111e-9
1520886120,23437003.947465662,26570110.88985584,3133.107,3.98228e14,0.0935,4.00825e6,-2.00465e6,5.03129e-9
1520886150,23440542.44871489,26588770.39479249,3148.228,3.98232e14,0.0925,4.02418e6,-2.01261e6,5.05127e-9
1520886180,23444186.29854862,26607441.973708242,3163.256,3.98522e14,0.0196,4.04140e6,-2.02048e6,5.07103e-9
1520886210,23447935.346468326,26626125.24551004,3178.190,3.96747e14,0.4649,4.04795e6,-2.02827e6,5.09058e-9
1520886240,23451789.437756114,26644819.830435343,3193.030,3.98067e14,0.1339,4.07007e6,-2.03598e6,5.10992e-9
1520886270,23455748.413492244,26663525.350056194,3207.777,3.98637e14,0.0093,4.08824e6,-2.04360e6,5.12905e-9
1520886300,23459812.110573016,26682241.427283123,3222.429,3.93981e14,1.1590,4.07935e6,-2.05114e6,5.14798e-9
1520886330,23463980.361701038,26700967.686373048,3236.987,3.98291e14,0.0778,4.11644e6,-2.05860e6,5.16669e-9
1520886360,23468252.99549038,26719703.75292024,3251.451,4.01833e14,0.8109,4.14955e6,-2.06597e6,5.18519e-9
1520886390,23472629.836399615,26738449.25387237,3265.819,3.98550e14,0.0127,4.14711e6,-2.07326e6,5.20348e-9
1520886420,23477110.704779007,26757203.817529835,3280.093,3.99725e14,0.2821,4.16766e6,-2.08047e6,5.22157e-9
1520886450,23481695.416890316,26775967.073548988,3294.272,3.99131e14,0.1332,4.17882e6,-2.08759e6,5.23944e-9
1520886480,23486383.78492701,26794738.652945247,3308.355,3.95786e14,0.7061,4.17532e6,-2.09463e6,5.25710e-9
1520886510,23491175.617034957,26813518.188096043,3322.343,3.96754e14,0.4633,4.19429e6,-2.10159e6,5.27456e-9
1520886540,23496070.717333406,26832305.312743682,3336.235,4.00164e14,0.3922,4.22604e6,-2.10846e6,5.29180e-9
1520886570,23501068.88593647,26851099.66199803,3350.031,4.01450e14,0.7148,4.24648e6,-2.11525e6,5.30883e-9
1520886600,23506169.91897493,26869900.872339062,3363.731,3.99262e14,0.1661,4.24829e6,-2.12195e6,5.32566e-9
1520886630,23511373.60865501,26888708.58161507,3377.335,3.95689e14,0.7304,4.24245e6,-2.12857e6,5.34227e-9
1520886660,23516679.743168827,26907522.429058146,3390.843,3.97471e14,0.2833,4.26504e6,-2.13511e6,5.35868e-9
1520886690,23522088.1068295,26926342.055273153,3404.254,3.95132e14,0.8702,4.26535e6,-2.14157e6,5.37488e-9
1520886720,23527598.480058726,26945167.102244012,3417.569,3.95015e14,0.8994,4.27742e6,-2.14794e6,5.39087e-9
1520886750,23533210.639410816,26963997.21333565,3430.787,3.95118e14,0.8736,4.29050e6,-2.15423e6,5.40665e-9
1520886780,23538924.357597172,26982832.03329573,3443.908,3.93894e14,1.1807,4.29622e6,-2.16044e6,5.42222e-9
1520886810,23544739.403511126,27001671.20825639,3456.932,3.98503e14,0.0244,4.33346e6,-2.16656e6,5.43759e-9
1520886840,23550655.542253084,27020514.385735754,3469.859,3.97466e14,0.2847,4.33988e6,-2.17260e6,5.45275e-9
1520886870,23556672.535156082,27039361.214639325,3482.689,3.94656e14,0.9896,4.33642e6,-2.17856e6,5.46770e-9
1520886900,23562790.139811635,27058211.345261395,3495.421,3.96465e14,0.5358,4.35803e6,-2.18444e6,5.48244e-9
1520886930,23569008.11006221,27077064.429287113,3508.056,3.98627e14,0.0065,4.38147e6,-2.19023e6,5.49697e-9
1520886960,23575326.196131334,27095920.119790632,3520.594,3.94137e14,1.1198,4.36815e6,-2.19595e6,5.51130e-9
1520886990,23581744.144546863,27114778.071239162,3533.034,3.92023e14,1.6500,4.36767e6,-2.20158e6,5.52543e-9
1520887020,23588261.698201135,27133637.939492855,3545.376,3.99628e14,0.2579,4.42080e6,-2.20712e6,5.53934e-9
1520887050,23594878.596378215,27152499.381805535,3557.621,4.02674e14,1.0220,4.44866e6,-2.21259e6,5.55306e-9
1520887080,23601594.57478122,27171362.056825403,3569.767,3.97961e14,0.1605,4.43325e6,-2.21797e6,5.56656e-9
1520887110,23608409.36556006,27190225.624595616,3581.816,3.96290e14,0.5796,4.43452e6,-2.22328e6,5.57987e-9
1520887140,23615322.697339296,27209089.7465547,3593.767,3.99402e14,0.2012,4.46234e6,-2.22850e6,5.59296e-9
1520887170,23622334.295246497,27227954.085536934,3605.620,3.99000e14,0.1002,4.47038e6,-2.23364e6,5.60586e-9
1520887200,23629443.880940616,27246818.30577263,3617.374,3.99154e14,0.1388,4.48136e6,-2.23870e6,5.61855e-9
1520887230,23636651.172660187,27265682.07289105,3629.031,4.02015e14,0.8565,4.50744e6,-2.24368e6,5.63104e-9
1520887260,23643955.885192823,27284545.053911995,3640.589,4.00990e14,0.5996,4.51149e6,-2.24858e6,5.64332e-9
1520887290,23651357.729963943,27303406.917254217,3652.049,3.95209e14,0.8510,4.48846e6,-2.25339e6,5.65540e-9
1520887320,23658856.41504729,27322267.33273263,3663.411,3.93783e14,1.2087,4.48981e6,-2.25813e6,5.66729e-9
1520887350,23666451.645194877,27341125.971558083,3674.674,3.96944e14,0.4155,4.51702e6,-2.26279e6,5.67897e-9
1520887380,23674143.12186723,27359982.5063371,3685.839,3.96792e14,0.4537,4.52529e6,-2.26737e6,5.69045e-9
1520887410,23681930.543263793,27378836.61107154,3696.906,3.95592e14,0.7547,4.52742e6,-2.27186e6,5.70173e-9
1520887440,23689813.604353648,27397687.961158063,3707.874,3.96035e14,0.6435,4.53876e6,-2.27628e6,5.71281e-9
1520887470,23697791.996906444,27416536.23338768,3718.744,3.97620e14,0.2459,4.55648e6,-2.28062e6,5.72369e-9
1520887500,23705865.409523472,27435381.105945043,3729.516,3.98238e14,0.0908,4.56853e6,-2.28488e6,5.73437e-9
1520887530,23714033.527664483,27454222.25840476,3740.189,3.97933e14,0.1674,4.57513e6,-2.28906e6,5.74485e-9
1520887560,23722296.03369322,27473059.37173998,3750.763,3.96234e14,0.5937,4.57355e6,-2.29317e6,5.75514e-9
1520887590,23730652.60689541,27491892.128311977,3761.240,3.98189e14,0.1033,4.59284e6,-2.29719e6,5.76523e-9
1520887620,23739102.923515007,27510720.21187235,3771.617,4.01172e14,0.6450,4.61795e6,-2.30114e6,5.77512e-9
1520887650,23747646.656786278,27529543.30756187,3781.897,3.98608e14,0.0019,4.61088e6,-2.30500e6,5.78482e-9
1520887680,23756283.476966076,27548361.101909366,3792.078,3.97436e14,0.2921,4.61167e6,-2.30880e6,5.79433e-9
1520887710,23765013.05136622,27567173.28283057,3802.160,3.96095e14,0.6286,4.61130e6,-2.31251e6,5.80364e-9
1520887740,23773835.044386066,27585979.539626714,3812.144,3.92900e14,1.4301,4.59997e6,-2.31614e6,5.81275e-9
1520887770,23782749.11754519,27604779.5629833,3822.030,3.95416e14,0.7988,4.62169e6,-2.31970e6,5.82167e-9
1520887800,23791754.929516234,27623573.04496853,3831.818,3.96979e14,0.4067,4.63774e6,-2.32319e6,5.83040e-9
1520887830,23800852.13615939,27642359.67903241,3841.508,3.98363e14,0.0595,4.65261e6,-2.32659e6,5.83894e-9
1520887860,23810040.390551,27661139.160003424,3851.099,4.00609e14,0.5040,4.67240e6,-2.32992e6,5.84729e-9
1520887890,23819319.34302103,27679911.184088733,3860.592,3.97272e14,0.3333,4.65938e6,-2.33318e6,5.85544e-9
1520887920,23828688.641185116,27698675.448871877,3869.987,3.95832e14,0.6947,4.65728e6,-2.33636e6,5.86341e-9
1520887950,23838147.929977927,27717431.65331093,3879.284,3.97186e14,0.3548,4.67142e6,-2.33946e6,5.87119e-9
1520887980,23847696.851686824,27736179.497736655,3888.483,3.96295e14,0.5784,4.67222e6,-2.34249e6,5.87878e-9
1520888010,23857335.045985438,27754918.683850616,3897.584,3.95429e14,0.7957,4.67301e6,-2.34544e6,5.88618e-9
1520888040,23867062.149967384,27773648.91472319,3906.587,3.97602e14,0.2505,4.69155e6,-2.34832e6,5.89340e-9
1520888070,23876877.79818015,27792369.894791443,3915.492,3.99762e14,0.2914,4.70989e6,-2.35113e6,5.90042e-9
1520888100,23886781.622658905,27811081.329857107,3924.300,4.00337e14,0.4357,4.71876e6,-2.35386e6,5.90727e-9
1520888130,23896773.252949428,27829782.92708613,3933.010,3.98695e14,0.0237,4.71437e6,-2.35652e6,5.91393e-9
1520888160,23906852.316176124,27848474.395001106,3941.622,3.93919e14,1.1744,4.69126e6,-2.35910e6,5.92040e-9
1520888190,23917018.43704224,27867155.443484165,3950.137,3.94059e14,1.1393,4.69708e6,-2.36161e6,5.92669e-9
1520888220,23927271.237874832,27885825.783773027,3958.555,3.98687e14,0.0218,4.72939e6,-2.36405e6,5.93280e-9
1520888250,23937610.338658836,27904485.128458574,3966.875,4.00923e14,0.5827,4.74739e6,-2.36642e6,5.93873e-9
1520888280,23948035.357071266,27923133.19148245,3975.098,3.96139e14,0.6175,4.72356e6,-2.36872e6,5.94448e-9
1520888310,23958545.90851535,27941769.688134506,3983.224,3.96464e14,0.5359,4.72992e6,-2.37094e6,5.95005e-9
1520888340,23969141.6061548,27960394.335050344,3991.253,4.02690e14,1.0259,4.77128e6,-2.37309e6,5.95543e-9
1520888370,23979822.060947996,27979006.850208644,3999.185,4.00774e14,0.5454,4.76405e6,-2.37517e6,5.96064e-9
1520888400,23990586.88168234,27997606.95292854,4007.020,3.99011e14,0.1029,4.75755e6,-2.37718e6,5.96568e-9
1520888430,24001435.67503253,28016194.363864332,4014.759,3.98925e14,0.0815,4.76092e6,-2.37912e6,5.97053e-9
1520888460,24012368.0455209,28034768.80501076,4022.401,4.00365e14,0.4426,4.77326e6,-2.38099e6,5.97521e-9
1520888490,24023383.595625855,28053329.99969226,4029.946,3.98713e14,0.0282,4.76698e6,-2.38279e6,5.97972e-9
1520888520,24034481.925792374,28071877.67256268,4037.396,3.97439e14,0.2913,4.76282e6,-2.38452e6,5.98405e-9
1520888550,24045662.634466574,28090411.54960235,4044.749,3.97906e14,0.1742,4.76893e6,-2.38619e6,5.98821e-9
1520888580,24056925.31813017,28108931.35811513,4052.006,3.97604e14,0.2499,4.77030e6,-2.38778e6,5.99219e-9
1520888610,24068269.571334936,28127436.82672548,4059.167,3.98547e14,0.0134,4.77899e6,-2.38930e6,5.99600e-9
1520888640,24079694.986737214,28145927.685375378,4066.233,3.95719e14,0.7230,4.76493e6,-2.39076e6,5.99965e-9
1520888670,24091201.155132223,28164403.665321264,4073.203,3.91424e14,1.8005,4.74191e6,-2.39215e6,6.00312e-9
1520888700,24102787.665488474,28182864.499130897,4080.077,3.94356e14,1.0649,4.76214e6,-2.39347e6,6.00642e-9
1520888730,24114454.104952585,28201309.920682684,4086.856,3.99889e14,0.3234,4.79789e6,-2.39473e6,6.00956e-9
1520888760,24126200.058974497,28219739.665154945,4093.540,4.02059e14,0.8677,4.81331e6,-2.39592e6,6.01253e-9
1520888790,24138025.111250345,28238153.469030224,4100.128,4.01789e14,0.7999,4.81393e6,-2.39704e6,6.01533e-9
1520888820,24149928.843785908,28256551.070089567,4106.622,4.00038e14,0.3606,4.80551e6,-2.39809e6,6.01797e-9
1520888850,24161910.83693043,28274932.20740924,4113.021,4.01610e14,0.7550,4.81695e6,-2.39909e6,6.02044e-9
1520888880,24173970.66941039,28293296.621357426,4119.326,4.02233e14,0.9113,4.82256e6,-2.40001e6,6.02275e-9
1520888910,24186107.91836316,28311644.05359087,4125.536,4.00671e14,0.5194,4.81487e6,-2.40087e6,6.02489e-9
1520888940,24198322.15937058,28329974.24705146,4131.652,3.99783e14,0.2966,4.81111e6,-2.40167e6,6.02688e-9
1520888970,24210612.96649247,28348286.945962824,4137.674,3.96627e14,0.4951,4.79354e6,-2.40240e6,6.02870e-9
1520889000,24222979.91230008,28366581.895826865,4143.602,3.95674e14,0.7342,4.78912e6,-2.40307e6,6.03036e-9
1520889030,24235422.567935627,28384858.843419548,4149.436,3.96608e14,0.4998,4.79596e6,-2.40367e6,6.03187e-9
1520889060,24247940.503064577,28403117.53678961,4155.177,3.97815e14,0.1970,4.80432e6,-2.40422e6,6.03321e-9
1520889090,24260533.285990242,28421357.725252755,4160.824,3.96175e14,0.6086,4.79537e6,-2.40469e6,6.03440e-9
1520889120,24273200.483660664,28439579.159388795,4166.379,3.95815e14,0.6988,4.79403e6,-2.40511e6,6.03543e-9
1520889150,24285941.661701728,28457781.591038037,4171.840,3.97138e14,0.3669,4.80271e6,-2.40547e6,6.03631e-9
1520889180,24298756.384450246,28475964.7732976,4177.208,3.96599e14,0.5020,4.80005e6,-2.40576e6,6.03703e-9
1520889210,24311644.214986857,28494128.46051783,4182.484,3.97361e14,0.3109,4.80510e6,-2.40599e6,6.03760e-9
1520889240,24324604.715168893,28512272.4082985,4187.668,4.00289e14,0.4235,4.82312e6,-2.40617e6,6.03802e-9
1520889270,24337637.44566297,28530396.373485148,4192.759,3.99207e14,0.1521,4.81680e6,-2.40628e6,6.03829e-9
1520889300,24350741.9659776,28548500.114165273,4197.758,3.98623e14,0.0058,4.81338e6,-2.40633e6,6.03840e-9
1520889330,24363917.834479086,28566583.389661416,4202.666,3.98784e14,0.0462,4.81433e6,-2.40632e6,6.03837e-9
1520889360,24377164.608474784,28584645.96053716,4207.481,3.95844e14,0.6914,4.79643e6,-2.40625e6,6.03818e-9
1520889390,24390481.844193794,28602687.588583477,4212.206,3.95115e14,0.8745,4.79177e6,-2.40613e6,6.03785e-9
1520889420,24403869.09683546,28620708.03681804,4216.839,3.94995e14,0.9045,4.79068e6,-2.40594e6,6.03737e-9
1520889450,24417325.92060108,28638707.069481317,4221.381,3.97962e14,0.1601,4.80810e6,-2.40570e6,6.03675e-9
1520889480,24430851.868725333,28656684.452032693,4225.833,4.05888e14,1.8284,4.85533e6,-2.40540e6,6.03598e-9
1520889510,24444446.49350774,28674639.95114649,4230.193,4.03993e14,1.3528,4.84317e6,-2.40504e6,6.03507e-9
1520889540,24458109.34634376,28692573.33470811,4234.464,3.99133e14,0.1335,4.81300e6,-2.40463e6,6.03401e-9
1520889570,24471839.977755845,28710484.37181001,4238.644,3.99857e14,0.3154,4.81642e6,-2.40416e6,6.03281e-9
1520889600,24485637.93742429,28728372.832747735,4242.735,4.02140e14,0.8879,4.82912e6,-2.40363e6,6.03147e-9
1520889630,24499502.774221685,28746238.48902445,4246.736,4.03909e14,1.3318,4.83861e6,-2.40304e6,6.02999e-9
1520889660,24513434.036231685,28764081.11332075,4250.647,4.00580e14,0.4967,4.81725e6,-2.40241e6,6.02838e-9
1520889690,24527431.270791363,28781900.479516882,4254.469,3.92826e14,1.4487,4.76912e6,-2.40171e6,6.02662e-9
1520889720,24541494.024517454,28799696.362680353,4258.202,3.91680e14,1.7362,4.76073e6,-2.40096e6,6.02473e-9
1520889750,24555621.84333638,28817468.53906188,4261.847,4.00462e14,0.4669,4.81202e6,-2.40016e6,6.02270e-9
1520889780,24569814.272514112,28835216.78609138,4265.403,3.98743e14,0.0357,4.79995e6,-2.39930e6,6.02053e-9
1520889810,24584070.856685877,28852940.882374078,4268.870,3.94904e14,0.9273,4.77502e6,-2.39839e6,6.01823e-9
1520889840,24598391.139885563,28870640.60768634,4272.249,3.98931e14,0.0829,4.79732e6,-2.39743e6,6.01580e-9
1520889870,24612774.665575087,28888315.742971733,4275.541,4.00266e14,0.4178,4.80331e6,-2.39641e6,6.01324e-9
1520889900,24627220.976673465,28905966.070336875,4278.745,3.96977e14,0.4074,4.78139e6,-2.39535e6,6.01054e-9
1520889930,24641729.61559735,28923591.37303513,4281.862,3.94714e14,0.9751,4.76555e6,-2.39423e6,6.00771e-9
1520889960,24656300.124254048,28941191.43550047,4284.891,3.95350e14,0.8155,4.76703e6,-2.39305e6,6.00476e-9
1520889990,24670932.04410577,28958766.043305192,4287.834,3.96563e14,0.5111,4.77187e6,-2.39183e6,6.00167e-9
1520890020,24685624.916186463,28976314.983168073,4290.690,3.96319e14,0.5723,4.76786e6,-2.39056e6,5.99846e-9
1520890050,24700378.28113003,28993838.042950153,4293.460,3.98194e14,0.1020,4.77645e6,-2.38923e6,5.99512e-9
1520890080,24715191.67919829,29011335.011650402,4296.143,3.98823e14,0.0558,4.77747e6,-2.38786e6,5.99166e-9
1520890110,24730064.650308788,29028805.67940166,4298.741,3.98810e14,0.0526,4.77454e6,-2.38643e6,5.98807e-9
1520890140,24744996.734062295,29046249.837466158,4301.253,3.98424e14,0.0443,4.76927e6,-2.38496e6,5.98436e-9
1520890170,24759987.469770193,29063667.278231397,4303.680,3.96424e14,0.5459,4.75426e6,-2.38344e6,5.98052e-9
1520890200,24775036.396481495,29081057.79520581,4306.021,3.98683e14,0.0208,4.76462e6,-2.38187e6,5.97657e-9
1520890230,24790143.05298555,29098421.183026336,4308.278,3.99300e14,0.1754,4.76506e6,-2.38025e6,5.97249e-9
1520890260,24805306.977913316,29115757.23741773,4310.450,3.99375e14,0.1943,4.76217e6,-2.37858e6,5.96829e-9
1520890290,24820527.709688954,29133065.755224846,4312.538,4.02379e14,0.9479,4.77664e6,-2.37687e6,5.96397e-9
1520890320,24835804.786579985,29150346.534396663,4314.542,4.01414e14,0.7058,4.76735e6,-2.37511e6,5.95954e-9
1520890350,24851137.746723052,29167599.373982046,4316.462,3.96548e14,0.5149,4.73474e6,-2.37330e6,5.95499e-9
1520890380,24866526.12814949,29184824.07412558,4318.298,3.98355e14,0.0615,4.74179e6,-2.37144e6,5.95032e-9
1520890410,24881969.468810614,29202020.43606348,4320.051,3.99788e14,0.2980,4.74650e6,-2.36954e6,5.94554e-9
1520890440,24897467.306602784,29219188.262119256,4321.721,3.99199e14,0.1501,4.73910e6,-2.36760e6,5.94064e-9
