Timestamp,R_A,R_B,Delta_H_km,GM,Error_Pct,Term_Time,Term_Kinetic,Term_Potential
1521073230,23572688.299277917,27084749.97324574,3512.062,4.01547e14,0.7392,4.40056e6,-2.19172e6,5.50083e-9
1521073260,23579044.46072351,27103601.89974393,3524.557,4.01127e14,0.6338,4.40965e6,-2.19740e6,5.51507e-9
1521073290,23585500.34523332,27122455.95705974,3536.956,3.95643e14,0.7419,4.39055e6,-2.20300e6,5.52911e-9
1521073320,23592055.694419216,27141311.801680934,3549.256,3.95951e14,0.6646,4.40325e6,-2.20851e6,5.54295e-9
1521073350,23598710.246297125,27160169.0914881,3561.459,3.99916e14,0.3300,4.43611e6,-2.21395e6,5.55658e-9
1521073380,23605463.735314745,27179027.48575539,3573.564,4.00316e14,0.4305,4.44906e6,-2.21930e6,5.57000e-9
1521073410,23612315.892379522,27197886.64515102,3585.571,3.98292e14,0.0773,4.44832e6,-2.22457e6,5.58322e-9
1521073440,23619266.44488685,27216746.231737647,3597.480,4.01329e14,0.6846,4.47569e6,-2.22976e6,5.59623e-9
1521073470,23626315.11674865,27235605.908972777,3609.291,4.01133e14,0.6355,4.48484e6,-2.23487e6,5.60904e-9
1521073500,23633461.62842212,27254465.341708947,3621.004,3.94283e14,1.0832,4.45641e6,-2.23989e6,5.62165e-9
1521073530,23640705.696926814,27273324.19619323,3632.618,3.94550e14,1.0160,4.46776e6,-2.24484e6,5.63406e-9
1521073560,23648047.035910998,27292182.14006933,3644.135,3.99234e14,0.1589,4.50388e6,-2.24970e6,5.64626e-9
1521073590,23655485.35564402,27311038.84237549,3655.553,4.00178e14,0.3957,4.51880e6,-2.25449e6,5.65826e-9
1521073620,23663020.363058012,27329893.973544974,3666.874,3.98542e14,0.0147,4.51895e6,-2.25920e6,5.67006e-9
1521073650,23670651.761777915,27348747.20540589,3678.095,3.94946e14,0.9168,4.50777e6,-2.26382e6,5.68166e-9
1521073680,23678379.25215161,27367598.211180832,3689.219,3.96955e14,0.4127,4.52826e6,-2.26837e6,5.69306e-9
1521073710,23686202.531280335,27386446.665486474,3700.244,4.00102e14,0.3767,4.55512e6,-2.27283e6,5.70426e-9
1521073740,23694121.293049317,27405292.244333107,3711.171,4.00028e14,0.3582,4.56349e6,-2.27722e6,5.71526e-9
1521073770,23702135.228158616,27424134.625124007,3721.999,3.97925e14,0.1695,4.56007e6,-2.28153e6,5.72606e-9
1521073800,23710244.024154216,27442973.48665483,3732.729,3.97273e14,0.3331,4.56478e6,-2.28576e6,5.73666e-9
1521073830,23718447.365473375,27461808.50911558,3743.361,3.98578e14,0.0056,4.58056e6,-2.28991e6,5.74707e-9
1521073860,23726744.933432527,27480639.37408128,3753.894,3.98094e14,0.1271,4.58592e6,-2.29398e6,5.75728e-9
1521073890,23735136.40630272,27499465.76451962,3764.329,3.99201e14,0.1506,4.60028e6,-2.29797e6,5.76729e-9
1521073920,23743621.45932733,27518287.36478721,3774.666,3.99251e14,0.1632,4.60840e6,-2.30189e6,5.77710e-9
1521073950,23752199.764754295,27537103.860628564,3784.904,3.97541e14,0.2658,4.60619e6,-2.30573e6,5.78672e-9
1521073980,23760870.99186834,27555914.93917492,3795.044,3.95893e14,0.6791,4.60414e6,-2.30949e6,5.79615e-9
1521074010,23769634.8070235,27574720.288943034,3805.085,3.96457e14,0.5377,4.61475e6,-2.31317e6,5.80538e-9
1521074040,23778490.87367575,27593519.599833913,3815.029,3.98230e14,0.0930,4.63225e6,-2.31678e6,5.81442e-9
1521074070,23787438.852415763,27612312.563131426,3824.874,4.02358e14,0.9427,4.66334e6,-2.32030e6,5.82327e-9
1521074100,23796478.40100183,27631098.871500827,3834.620,4.01830e14,0.8103,4.66720e6,-2.32376e6,5.83192e-9
1521074130,23805609.17438074,27649878.21897977,3844.269,3.99078e14,0.1197,4.65790e6,-2.32713e6,5.84038e-9
1521074160,23814830.82475848,27668650.300999906,3853.819,3.99888e14,0.3231,4.66924e6,-2.33043e6,5.84865e-9
1521074190,23824143.00159589,27687414.814361893,3863.272,3.98484e14,0.0291,4.66748e6,-2.33366e6,5.85673e-9
1521074220,23833545.3516541,27706171.45724113,3872.626,4.00169e14,0.3936,4.68365e6,-2.33681e6,5.86463e-9
1521074250,23843037.519028004,27724919.9291859,3881.882,4.01470e14,0.7198,4.69745e6,-2.33988e6,5.87233e-9
1521074280,23852619.145179667,27743659.931115463,3891.041,3.98041e14,0.1403,4.68330e6,-2.34288e6,5.87985e-9
1521074310,23862289.868972037,27762391.165318068,3900.101,3.97572e14,0.2579,4.68639e6,-2.34581e6,5.88717e-9
1521074340,23872049.326702524,27781113.33544886,3909.064,3.97430e14,0.2936,4.69124e6,-2.34866e6,5.89432e-9
1521074370,23881897.152136818,27799826.146527857,3917.929,3.98281e14,0.0802,4.70180e6,-2.35144e6,5.90127e-9
1521074400,23891832.9765427,27818529.304937694,3926.696,3.98430e14,0.0428,4.70808e6,-2.35414e6,5.90804e-9
1521074430,23901856.42873017,27837222.518434674,3935.366,3.97099e14,0.3766,4.70547e6,-2.35677e6,5.91463e-9
1521074460,23911967.135066234,27855905.49610573,3943.938,3.96596e14,0.5028,4.70759e6,-2.35933e6,5.92103e-9
1521074490,23922164.71952821,27874577.94840703,3952.413,3.95088e14,0.8811,4.70360e6,-2.36181e6,5.92725e-9
1521074520,23932448.803731646,27893239.587148424,3960.791,3.95669e14,0.7355,4.71184e6,-2.36422e6,5.93329e-9
1521074550,23942819.006964475,27911890.1254911,3969.071,4.01012e14,0.6050,4.74823e6,-2.36656e6,5.93915e-9
1521074580,23953274.946221232,27930529.27794528,3977.254,4.01633e14,0.7609,4.75647e6,-2.36883e6,5.94483e-9
1521074610,23963816.23623741,27949156.760367703,3985.341,3.98659e14,0.0147,4.74318e6,-2.37103e6,5.95033e-9
1521074640,23974442.48952364,27967772.289959185,3993.330,3.98285e14,0.0791,4.74520e6,-2.37315e6,5.95564e-9
1521074670,23985153.31640011,27986375.585262068,4001.222,3.99081e14,0.1204,4.75404e6,-2.37520e6,5.96079e-9
1521074700,23995948.325030852,28004966.36615759,4009.018,4.02001e14,0.8532,4.77543e6,-2.37719e6,5.96575e-9
1521074730,24006827.12146028,28023544.353844777,4016.717,3.99747e14,0.2875,4.76580e6,-2.37910e6,5.97054e-9
1521074760,24017789.309640996,28042109.270894684,4024.320,3.95445e14,0.7917,4.74379e6,-2.38095e6,5.97515e-9
1521074790,24028834.49147462,28060660.84119053,4031.826,3.96841e14,0.4415,4.75566e6,-2.38272e6,5.97959e-9
1521074820,24039962.26684411,28079198.78994317,4039.237,3.97804e14,0.1998,4.76482e6,-2.38442e6,5.98385e-9
1521074850,24051172.233648136,28097722.843688127,4046.551,3.95189e14,0.8559,4.75243e6,-2.38606e6,5.98794e-9
1521074880,24062463.98783536,28116232.73028253,4053.769,3.93687e14,1.2327,4.74655e6,-2.38763e6,5.99186e-9
1521074910,24073837.12343884,28134728.178902034,4060.891,3.99679e14,0.2707,4.78545e6,-2.38913e6,5.99561e-9
1521074940,24085291.232610255,28153208.92003761,4067.918,4.01620e14,0.7574,4.79995e6,-2.39056e6,5.99919e-9
1521074970,24096825.90565419,28171674.685492486,4074.849,3.98122e14,0.1200,4.78169e6,-2.39192e6,6.00259e-9
1521075000,24108440.731062304,28190125.20837883,4081.684,3.97719e14,0.2211,4.78185e6,-2.39322e6,6.00583e-9
1521075030,24120135.295537047,28208560.223135896,4088.425,3.95330e14,0.8205,4.76995e6,-2.39445e6,6.00891e-9
1521075060,24131909.184057962,28226979.465461012,4095.070,3.97084e14,0.3805,4.78280e6,-2.39561e6,6.01181e-9
1521075090,24143761.97988356,28245382.672372192,4101.621,4.02278e14,0.9225,4.81623e6,-2.39671e6,6.01455e-9
1521075120,24155693.264595564,28263769.58218362,4108.076,3.99932e14,0.3340,4.80418e6,-2.39774e6,6.01712e-9
1521075150,24167702.618132774,28282139.934502505,4114.437,3.94997e14,0.9040,4.77641e6,-2.39871e6,6.01953e-9
1521075180,24179789.618824802,28300493.47022577,4120.704,3.98175e14,0.1066,4.79734e6,-2.39961e6,6.02178e-9
1521075210,24191953.84342581,28318829.931536946,4126.876,3.99417e14,0.2049,4.80648e6,-2.40045e6,6.02386e-9
1521075240,24204194.86714803,28337149.06190275,4132.954,3.98535e14,0.0164,4.80271e6,-2.40122e6,6.02579e-9
1521075270,24216512.263695348,28355450.606069848,4138.938,3.98120e14,0.1204,4.80162e6,-2.40193e6,6.02755e-9
1521075300,24228905.60529674,28373734.310061455,4144.829,3.94872e14,0.9355,4.78331e6,-2.40257e6,6.02915e-9
1521075330,24241374.462758254,28391999.921156555,4150.625,3.95921e14,0.6723,4.79079e6,-2.40316e6,6.03060e-9
1521075360,24253918.405438766,28410247.187940154,4156.329,3.98956e14,0.0893,4.81013e6,-2.40367e6,6.03188e-9
1521075390,24266537.001340725,28428475.860245988,4161.939,3.98209e14,0.0981,4.80653e6,-2.40413e6,6.03301e-9
1521075420,24279229.817124795,28446685.689170245,4167.456,3.96827e14,0.4450,4.79897e6,-2.40453e6,6.03399e-9
1521075450,24291996.418142848,28464876.427068,4172.880,4.00089e14,0.3734,4.81932e6,-2.40486e6,6.03481e-9
1521075480,24304836.368470952,28483047.827549316,4178.211,3.98610e14,0.0024,4.81093e6,-2.40513e6,6.03547e-9
1521075510,24317749.230942257,28501199.64547568,4183.450,3.95717e14,0.7235,4.79388e6,-2.40534e6,6.03598e-9
1521075540,24330734.567179654,28519331.63695605,4188.597,3.97896e14,0.1768,4.80732e6,-2.40549e6,6.03634e-9
1521075570,24343791.93762839,28537443.559343148,4193.652,3.97571e14,0.2584,4.80554e6,-2.40558e6,6.03655e-9
1521075600,24356920.90158849,28555535.17122955,4198.614,3.94521e14,1.0234,4.78718e6,-2.40561e6,6.03661e-9
1521075630,24370121.017222438,28573606.232449386,4203.485,3.98018e14,0.1462,4.80822e6,-2.40558e6,6.03652e-9
1521075660,24383391.84166338,28591656.504057292,4208.265,4.01733e14,0.7858,4.83046e6,-2.40549e6,6.03628e-9
1521075690,24396732.93097073,28609685.748341683,4212.953,4.02907e14,1.0804,4.83725e6,-2.40534e6,6.03590e-9
1521075720,24410143.840186577,28627693.7288153,4217.550,4.00513e14,0.4797,4.82238e6,-2.40514e6,6.03536e-9
1521075750,24423624.12336722,28645680.21021132,4222.056,3.97050e14,0.3889,4.80095e6,-2.40487e6,6.03469e-9
1521075780,24437173.333614472,28663644.958479427,4226.472,3.98289e14,0.0782,4.80777e6,-2.40455e6,6.03386e-9
1521075810,24450791.023106933,28681587.74078185,4230.797,3.96953e14,0.4133,4.79895e6,-2.40417e6,6.03290e-9
1521075840,24464476.743130963,28699508.32548946,4235.032,3.96762e14,0.4613,4.79692e6,-2.40374e6,6.03179e-9
1521075870,24478230.04411162,28717406.48217785,4239.176,3.98947e14,0.0871,4.80912e6,-2.40325e6,6.03054e-9
1521075900,24492050.47564335,28735281.981623273,4243.232,3.99084e14,0.1214,4.80884e6,-2.40270e6,6.02915e-9
1521075930,24505937.586549614,28753134.59580544,4247.197,4.00481e14,0.4718,4.81604e6,-2.40210e6,6.02762e-9
1521075960,24519890.92482358,28770964.09788301,4251.073,4.02726e14,1.0350,4.82825e6,-2.40144e6,6.02595e-9
1521075990,24533910.037748575,28788770.26221012,4254.860,4.02121e14,0.8831,4.82316e6,-2.40073e6,6.02414e-9
1521076020,24547994.471899085,28806552.864325874,4258.558,3.97555e14,0.2623,4.79411e6,-2.39996e6,6.02220e-9
1521076050,24562143.773170922,28824311.680950265,4262.168,3.93452e14,1.2917,4.76776e6,-2.39914e6,6.02012e-9
1521076080,24576357.486811075,28842046.48998032,4265.689,3.98289e14,0.0782,4.79513e6,-2.39826e6,6.01791e-9
1521076110,24590635.15744749,28859757.070486113,4269.122,3.99501e14,0.2260,4.80055e6,-2.39733e6,6.01556e-9
1521076140,24604976.32911857,28877443.202706695,4272.467,3.99912e14,0.3292,4.80105e6,-2.39635e6,6.01308e-9
1521076170,24619380.545302507,28895104.66804615,4275.724,4.00583e14,0.4975,4.80301e6,-2.39531e6,6.01047e-9
1521076200,24633847.34894643,28912741.249069553,4278.894,3.99435e14,0.2093,4.79392e6,-2.39423e6,6.00772e-9
1521076230,24648376.282462638,28930352.72948975,4281.976,3.97901e14,0.1754,4.78243e6,-2.39309e6,6.00485e-9
1521076260,24662966.887858134,28947938.89419154,4284.972,3.97731e14,0.2181,4.77902e6,-2.39190e6,6.00185e-9
1521076290,24677618.70666178,28965499.52919936,4287.881,3.98412e14,0.0473,4.78062e6,-2.39066e6,5.99872e-9
1521076320,24692331.27998509,28983034.42168222,4290.703,3.96603e14,0.5012,4.76718e6,-2.38937e6,5.99546e-9
1521076350,24707104.148550138,29000543.359949473,4293.439,3.98787e14,0.0468,4.77759e6,-2.38802e6,5.99208e-9
1521076380,24721936.852717087,29018026.13344665,4296.089,3.99102e14,0.1258,4.77668e6,-2.38663e6,5.98857e-9
1521076410,24736828.93251161,29035482.532751296,4298.654,3.97243e14,0.3407,4.76266e6,-2.38519e6,5.98493e-9
1521076440,24751779.927652057,29052912.349568598,4301.132,3.96638e14,0.4923,4.75606e6,-2.38370e6,5.98118e-9
1521076470,24766789.37757641,29070315.376727246,4303.526,3.94677e14,0.9843,4.74126e6,-2.38216e6,5.97730e-9
1521076500,24781856.82146911,29087691.40817512,4305.835,3.95364e14,0.8120,4.74220e6,-2.38057e6,5.97330e-9
1521076530,24796981.798325855,29105040.23897626,4308.058,4.00064e14,0.3672,4.76699e6,-2.37894e6,5.96918e-9
1521076560,24812163.846861813,29122361.665302914,4310.198,4.03782e14,1.2998,4.78579e6,-2.37725e6,5.96494e-9
1521076590,24827402.505656503,29139655.48443476,4312.253,4.01443e14,0.7131,4.76836e6,-2.37552e6,5.96058e-9
1521076620,24842697.313141488,29156921.494753636,4314.224,3.99908e14,0.3281,4.75564e6,-2.37375e6,5.95610e-9
1521076650,24858047.80762651,29174159.495739155,4316.112,3.99270e14,0.1679,4.74818e6,-2.37192e6,5.95151e-9
1521076680,24873453.527325165,29191369.287964445,4317.916,3.96703e14,0.4759,4.72917e6,-2.37005e6,5.94680e-9
1521076710,24888914.010380626,29208550.673091974,4319.637,3.97135e14,0.3676,4.72791e6,-2.36814e6,5.94198e-9
1521076740,24904428.794890877,29225703.453869216,4321.275,3.96150e14,0.6148,4.71814e6,-2.36618e6,5.93704e-9
1521076770,24919997.41893386,29242827.43412439,4322.830,3.96355e14,0.5635,4.71534e6,-2.36417e6,5.93200e-9
1521076800,24935619.42059234,29259922.418762267,4324.303,4.01819e14,0.8075,4.74364e6,-2.36212e6,5.92683e-9
1521076830,24951294.33793619,29276988.213768903,4325.694,4.01802e14,0.8031,4.73932e6,-2.36003e6,5.92156e-9
1521076860,24967021.709177285,29294024.626179546,4327.003,3.98171e14,0.1077,4.71354e6,-2.35789e6,5.91618e-9
1521076890,24982801.07256267,29311031.46410253,4328.230,3.96665e14,0.4855,4.70027e6,-2.35571e6,5.91069e-9
1521076920,24998631.96644043,29328008.536705904,4329.377,3.95925e14,0.6711,4.69146e6,-2.35348e6,5.90509e-9
1521076950,25014513.929283086,29344955.65421342,4330.442,3.99223e14,0.1563,4.70638e6,-2.35121e6,5.89938e-9
1521076980,25030446.499710564,29361872.627900206,4331.426,4.01448e14,0.7144,4.71486e6,-2.34890e6,5.89357e-9
1521077010,25046429.216513056,29378759.270088725,4332.330,3.99853e14,0.3143,4.70075e6,-2.34655e6,5.88765e-9
1521077040,25062461.618673544,29395615.39414456,4333.154,3.96108e14,0.6254,4.67392e6,-2.34416e6,5.88163e-9
1521077070,25078543.245390184,29412440.814472273,4333.898,3.98772e14,0.0430,4.68471e6,-2.34172e6,5.87551e-9
1521077100,25094673.636098385,29429235.34651114,4334.562,3.97815e14,0.1971,4.67413e6,-2.33925e6,5.86928e-9
1521077130,25110852.33053181,29445998.806717336,4335.146,3.95936e14,0.6685,4.65808e6,-2.33673e6,5.86295e-9
1521077160,25127078.868623435,29462731.012602188,4335.652,3.96948e14,0.4145,4.65891e6,-2.33417e6,5.85652e-9
1521077190,25143352.790648002,29479431.78268517,4336.079,3.98114e14,0.1221,4.66054e6,-2.33158e6,5.84999e-9
1521077220,25159673.637204386,29496100.936503552,4336.427,3.98905e14,0.0764,4.65989e6,-2.32894e6,5.84336e-9
1521077250,25176040.949236844,29512738.29460801,4336.697,3.99819e14,0.3056,4.65986e6,-2.32627e6,5.83663e-9
1521077280,25192454.268056143,29529343.678558387,4336.889,4.01888e14,0.8249,4.66648e6,-2.32355e6,5.82981e-9
1521077310,25208913.13536034,29545916.910919335,4337.004,4.00105e14,0.3773,4.65056e6,-2.32080e6,5.82288e-9
1521077340,25225417.093255486,29562457.815255992,4337.041,4.01355e14,0.6910,4.65224e6,-2.31801e6,5.81587e-9
1521077370,25241965.684275888,29578966.216129746,4337.001,3.99945e14,0.3373,4.63836e6,-2.31518e6,5.80876e-9
1521077400,25258558.451404333,29595441.93909386,4336.883,3.98500e14,0.0251,4.62424e6,-2.31232e6,5.80155e-9
1521077430,25275194.938064974,29611884.81070073,4336.690,3.99247e14,0.1623,4.62276e6,-2.30942e6,5.79426e-9
1521077460,25291874.688226208,29628294.65846215,4336.420,3.98772e14,0.0430,4.61412e6,-2.30648e6,5.78687e-9
1521077490,25308597.246336523,29644671.31088063,4336.074,3.98243e14,0.0896,4.60510e6,-2.30350e6,5.77939e-9
1521077520,25325362.157370497,29661014.59743375,4335.652,3.99883e14,0.3218,4.60854e6,-2.30049e6,5.77182e-9
1521077550,25342168.966847476,29677324.34856996,4335.155,3.98616e14,0.0040,4.59513e6,-2.29744e6,5.76416e-9
1521077580,25359017.220850065,29693600.395704392,4334.583,3.99530e14,0.2331,4.59422e6,-2.29436e6,5.75641e-9
1521077610,25375906.466042295,29709842.571214892,4333.936,3.98528e14,0.0182,4.58221e6,-2.29125e6,5.74858e-9
1521077640,25392836.2496876,29726050.70843771,4333.214,3.97546e14,0.2644,4.57027e6,-2.28810e6,5.74066e-9
1521077670,25409806.119666524,29742224.64166352,4332.419,4.02199e14,0.9027,4.59058e6,-2.28491e6,5.73265e-9
1521077700,25426815.62449419,29758364.20613322,4331.549,3.99749e14,0.2882,4.57008e6,-2.28169e6,5.72456e-9
1521077730,25443864.313352663,29774469.238029283,4330.605,3.99675e14,0.2695,4.56313e6,-2.27844e6,5.71638e-9
1521077760,25460951.736061297,29790539.574485928,4329.588,4.00797e14,0.5511,4.56295e6,-2.27515e6,5.70813e-9
1521077790,25478077.44314041,29806575.053570647,4328.498,3.98545e14,0.0138,4.54346e6,-2.27183e6,5.69978e-9
1521077820,25495240.98581273,29822575.51428478,4327.335,3.96284e14,0.5811,4.52388e6,-2.26848e6,5.69136e-9
1521077850,25512441.91601981,29838540.796559367,4326.099,3.96281e14,0.5820,4.51711e6,-2.26510e6,5.68286e-9
1521077880,25529679.786438204,29854470.74125106,4324.791,3.98843e14,0.0609,4.52483e6,-2.26168e6,5.67427e-9
1521077910,25546954.150495477,29870365.19013802,4323.411,3.97826e14,0.1944,4.51216e6,-2.25824e6,5.66561e-9
1521077940,25564264.56238589,29886223.985915843,4321.959,3.98759e14,0.0398,4.51049e6,-2.25476e6,5.65687e-9
1521077970,25581610.577085897,29902046.9721934,4320.436,3.95900e14,0.6774,4.48732e6,-2.25125e6,5.64805e-9
1521078000,25598991.750369452,29917833.993488822,4318.842,3.93689e14,1.2322,4.46778e6,-2.24771e6,5.63916e-9
1521078030,25616407.638812415,29933584.89522155,4317.177,3.99507e14,0.2275,4.49344e6,-2.24414e6,5.63019e-9
1521078060,25633857.799840152,29949299.523720004,4315.442,3.99629e14,0.2580,4.48691e6,-2.24054e6,5.62114e-9
1521078090,25651341.791709084,29964977.72620581,4313.636,3.97103e14,0.3757,4.46546e6,-2.23691e6,5.61202e-9
1521078120,25668859.173531726,29980619.350793473,4311.760,3.94887e14,0.9316,4.44574e6,-2.23325e6,5.60283e-9
1521078150,25686409.50529071,29996224.24648634,4309.815,3.97920e14,0.1706,4.45536e6,-2.22957e6,5.59356e-9
1521078180,25703992.34785259,30011792.263172504,4307.800,3.98659e14,0.0148,4.45205e6,-2.22585e6,5.58423e-9
1521078210,25721607.262981523,30027323.25162072,4305.716,3.97475e14,0.2824,4.43795e6,-2.22210e6,5.57482e-9
1521078240,25739253.81335264,30042817.063476466,4303.563,3.98420e14,0.0452,4.43568e6,-2.21833e6,5.56534e-9
1521078270,25756931.562565204,30058273.55125777,4301.342,3.96864e14,0.4355,4.41943e6,-2.21453e6,5.55579e-9
1521078300,25774640.075155605,30073692.56835134,4299.052,3.99905e14,0.3274,4.42865e6,-2.21070e6,5.54617e-9
1521078330,25792378.91662081,30089073.969020486,4296.695,3.99258e14,0.1651,4.41734e6,-2.20685e6,5.53649e-9
1521078360,25810147.653397795,30104417.608364236,4294.270,3.97688e14,0.2290,4.40088e6,-2.20297e6,5.52673e-9
1521078390,25827945.85290932,30119723.34235032,4291.777,4.02739e14,1.0383,4.42094e6,-2.19906e6,5.51692e-9
1521078420,25845773.083565205,30134991.027799416,4289.218,4.00941e14,0.5871,4.40312e6,-2.19512e6,5.50703e-9
1521078450,25863628.91477443,30150220.522381227,4286.592,3.97727e14,0.2191,4.37750e6,-2.19116e6,5.49708e-9
1521078480,25881512.91695678,30165411.68461071,4283.899,3.98828e14,0.0572,4.37557e6,-2.18718e6,5.48707e-9
1521078510,25899424.66155459,30180564.37384424,4281.140,3.97557e14,0.2617,4.36058e6,-2.18317e6,5.47699e-9
1521078540,25917363.721043978,30195678.450275857,4278.315,3.95514e14,0.7742,4.34135e6,-2.17913e6,5.46685e-9
1521078570,25935329.668946102,30210753.774933346,4275.424,3.94754e14,0.9650,4.32910e6,-2.17507e6,5.45665e-9
1521078600,25953322.079837993,30225790.20967457,4272.468,3.98396e14,0.0512,4.34080e6,-2.17098e6,5.44638e-9
1521078630,25971340.529356517,30240787.61716409,4269.447,3.98818e14,0.0545,4.33487e6,-2.16687e6,5.43606e-9
1521078660,25989384.59423021,30255745.860929474,4266.361,3.96033e14,0.6442,4.31148e6,-2.16274e6,5.42567e-9
1521078690,26007453.852267977,30270664.80529747,4263.211,3.92878e14,1.4358,4.28610e6,-2.15858e6,5.41523e-9
1521078720,26025547.882376205,30285544.315409377,4259.996,3.92745e14,1.4691,4.27708e6,-2.15440e6,5.40473e-9
1521078750,26043666.26456857,30300384.257217273,4256.718,3.97921e14,0.1705,4.29665e6,-2.15019e6,5.39417e-9
1521078780,26061808.57997581,30315184.49747999,4253.376,4.01729e14,0.7848,4.30870e6,-2.14597e6,5.38355e-9
1521078810,26079974.41085505,30329944.903759323,4249.970,4.00018e14,0.3556,4.29097e6,-2.14172e6,5.37288e-9
1521078840,26098163.340599164,30344665.344416153,4246.502,3.98141e14,0.1153,4.27234e6,-2.13745e6,5.36215e-9
1521078870,26116374.95374578,30359345.6886065,4242.971,3.98725e14,0.0313,4.26688e6,-2.13315e6,5.35137e-9
1521078900,26134608.835986163,30373985.806277774,4239.377,3.95989e14,0.6553,4.24363e6,-2.12884e6,5.34053e-9
1521078930,26152864.57417235,30388585.568191692,4235.721,3.96883e14,0.4309,4.23974e6,-2.12450e6,5.32964e-9
1521078960,26171141.756330293,30403144.84583808,4232.003,4.00476e14,0.4706,4.25015e6,-2.12014e6,5.31869e-9
1521078990,26189439.971663672,30417663.51151361,4228.224,3.99349e14,0.1879,4.23539e6,-2.11576e6,5.30769e-9
1521079020,26207758.810563415,30432141.438291553,4224.383,4.00117e14,0.3806,4.23065e6,-2.11136e6,5.29664e-9
1521079050,26226097.86461561,30446578.500018302,4220.481,3.97843e14,0.1901,4.20976e6,-2.10694e6,5.28554e-9
1521079080,26244456.726609234,30460974.571309786,4216.518,3.95112e14,0.8751,4.18648e6,-2.10250e6,5.27439e-9
1521079110,26262834.990543723,30475329.5275481,4212.495,3.96523e14,0.5213,4.18502e6,-2.09805e6,5.26319e-9
1521079140,26281232.251636382,30489643.244877927,4208.411,3.97069e14,0.3842,4.17895e6,-2.09357e6,5.25194e-9
1521079170,26299648.106329523,30503915.60020308,4204.267,3.93599e14,1.2546,4.15178e6,-2.08907e6,5.24065e-9
1521079200,26318082.152297538,30518146.47118307,4200.064,3.90771e14,1.9643,4.12801e6,-2.08455e6,5.22930e-9
1521079230,26336533.9884627,30532335.736196432,4195.802,3.93140e14,1.3700,4.13138e6,-2.08001e6,5.21791e-9
1521079260,26355003.21497443,30546483.27443945,4191.480,3.94722e14,0.9731,4.13056e6,-2.07546e6,5.20647e-9
1521079290,26373489.433243137,30560588.96582044,4187.100,3.95818e14,0.6981,4.12715e6,-2.07088e6,5.19498e-9
1521079320,26391992.245937902,30574652.690989062,4182.660,3.97142e14,0.3660,4.12485e6,-2.06629e6,5.18345e-9
1521079350,26410511.256992646,30588674.33133261,4178.163,3.99945e14,0.3374,4.13015e6,-2.06168e6,5.17187e-9
1521079380,26429046.071612313,30602653.76897237,4173.608,3.98913e14,0.0784,4.11554e6,-2.05705e6,5.16025e-9
1521079410,26447596.296278734,30616590.886759866,4168.995,3.98329e14,0.0681,4.10324e6,-2.05241e6,5.14859e-9
1521079440,26466161.53875645,30630485.56827327,4164.324,3.99589e14,0.2479,4.10039e6,-2.04775e6,5.13688e-9
1521079470,26484741.408098273,30644337.69781363,4159.596,3.98165e14,0.1092,4.08372e6,-2.04307e6,5.12513e-9
1521079500,26503335.514650773,30658147.160401378,4154.812,3.98015e14,0.1468,4.07356e6,-2.03837e6,5.11334e-9
1521079530,26521943.47004873,30671913.841808185,4149.970,3.94944e14,0.9174,4.04847e6,-2.03366e6,5.10151e-9
1521079560,26540564.887253437,30685637.628443882,4145.073,3.95413e14,0.7997,4.04144e6,-2.02893e6,5.08964e-9
1521079590,26559199.380524535,30699318.407462597,4140.119,3.97757e14,0.2116,4.04389e6,-2.02419e6,5.07772e-9
1521079620,26577846.565435395,30712956.066724006,4135.110,3.97016e14,0.3974,4.03062e6,-2.01942e6,5.06577e-9
1521079650,26596506.058877707,30726550.494790167,4130.044,3.98662e14,0.0153,4.02940e6,-2.01465e6,5.05378e-9
1521079680,26615177.479065813,30740101.580922294,4124.924,3.96984e14,0.4055,4.01135e6,-2.00986e6,5.04175e-9
1521079710,26633860.44554106,30753609.21507763,4119.749,3.95965e14,0.6611,3.99663e6,-2.00505e6,5.02968e-9
1521079740,26652554.579175808,30767073.28790626,4114.519,4.00674e14,0.5201,4.01064e6,-2.00023e6,5.01758e-9
1521079770,26671259.5021774,30780493.690748014,4109.234,3.98720e14,0.0299,3.99116e6,-1.99539e6,5.00543e-9
1521079800,26689974.838091996,30793870.315629337,4103.895,3.95628e14,0.7457,3.96601e6,-1.99054e6,4.99326e-9
1521079830,26708700.21181662,30807203.05523018,4098.503,4.00605e14,0.5028,3.98111e6,-1.98568e6,4.98104e-9
1521079860,26727435.249576792,30820491.802973207,4093.057,4.00324e14,0.4324,3.96992e6,-1.98080e6,4.96879e-9
1521079890,26746179.578955803,30833736.45292833,4087.557,3.97805e14,0.1994,3.94763e6,-1.97591e6,4.95651e-9
1521079920,26764932.82888959,30846936.899839204,4082.004,3.97186e14,0.3548,3.93476e6,-1.97100e6,4.94419e-9
1521079950,26783694.62967003,30860093.039119937,4076.398,3.95561e14,0.7624,3.91692e6,-1.96608e6,4.93184e-9
1521079980,26802464.612947892,30873204.7668517,4070.740,3.96910e14,0.4242,3.91373e6,-1.96115e6,4.91945e-9
1521080010,26821242.411735866,30886271.979779452,4065.030,4.01028e14,0.6089,3.92406e6,-1.95620e6,4.90704e-9
1521080040,26840027.660411257,30899294.575308565,4059.267,4.01218e14,0.6568,3.91504e6,-1.95124e6,4.89459e-9
1521080070,26858819.994718693,30912272.45150151,4053.452,3.96176e14,0.6084,3.88044e6,-1.94627e6,4.88211e-9
1521080100,26877619.05177269,30925205.5070746,4047.586,3.95496e14,0.7787,3.86719e6,-1.94129e6,4.86959e-9
1521080130,26896424.470055256,30938093.641412146,4041.669,3.97081e14,0.3812,3.86493e6,-1.93629e6,4.85705e-9
1521080160,26915235.889432807,30950936.754509337,4035.701,4.00495e14,0.4752,3.87147e6,-1.93128e6,4.84448e-9
1521080190,26934052.951143835,30963734.747022845,4029.682,4.02649e14,1.0156,3.87181e6,-1.92626e6,4.83188e-9
1521080220,26952875.297805518,30976487.52025031,4023.612,4.01088e14,0.6241,3.85417e6,-1.92123e6,4.81924e-9
1521080250,26971702.57341568,30989194.976127267,4017.492,4.01320e14,0.6823,3.84516e6,-1.91619e6,4.80658e-9
1521080280,26990534.423354458,31001857.01722412,4011.323,3.98348e14,0.0634,3.82077e6,-1.91113e6,4.79389e-9
1521080310,27009370.49438602,31014473.546743125,4005.103,3.92555e14,1.5166,3.78294e6,-1.90606e6,4.78118e-9
1521080340,27028210.434660025,31027044.46851531,3998.834,3.92534e14,1.5220,3.77276e6,-1.90099e6,4.76843e-9
1521080370,27047053.893712986,31039569.686997604,3992.516,3.97341e14,0.3159,3.78552e6,-1.89590e6,4.75566e-9
1521080400,27065900.52246963,31052049.107269794,3986.149,3.99158e14,0.1399,3.78395e6,-1.89080e6,4.74286e-9
1521080430,27084749.97324574,31064482.635024473,3979.733,3.97074e14,0.3830,3.76387e6,-1.88569e6,4.73004e-9
1521080460,27103601.89974393,31076870.176586095,3973.268,3.97855e14,0.1870,3.75733e6,-1.88057e6,4.71719e-9
1521080490,27122455.95705974,31089211.63888625,3966.756,3.97756e14,0.2119,3.74662e6,-1.87545e6,4.70432e-9
1521080520,27141311.801680934,31101506.92946762,3960.195,3.98077e14,0.1313,3.73785e6,-1.87031e6,4.69142e-9
1521080550,27160169.0914881,31113755.956481252,3953.587,4.02338e14,0.9378,3.74750e6,-1.86516e6,4.67850e-9
1521080580,27179027.48575539,31125958.628683478,3946.931,3.99416e14,0.2045,3.72349e6,-1.86000e6,4.66555e-9
1521080610,27197886.64515102,31138114.85543319,3940.228,4.00311e14,0.4292,3.71731e6,-1.85483e6,4.65258e-9
1521080640,27216746.231737647,31150224.546688825,3933.478,3.98331e14,0.0675,3.69775e6,-1.84966e6,4.63959e-9
1521080670,27235605.908972777,31162287.613005616,3926.682,3.95969e14,0.6603,3.67645e6,-1.84447e6,4.62657e-9
1521080700,27254465.341708947,31174303.96553267,3919.839,4.02213e14,0.9063,3.69490e6,-1.83928e6,4.61353e-9
1521080730,27273324.19619323,31186273.516018476,3912.949,4.03064e14,1.1199,3.68836e6,-1.83407e6,4.60047e-9
1521080760,27292182.14006933,31198196.17678262,3906.014,4.01100e14,0.6271,3.66887e6,-1.82886e6,4.58739e-9
1521080790,27311038.84237549,31210071.860738337,3899.033,3.99098e14,0.1248,3.64923e6,-1.82364e6,4.57429e-9
1521080820,27329893.973544974,31221900.48138164,3892.007,3.97380e14,0.3062,3.63093e6,-1.81842e6,4.56117e-9
1521080850,27348747.20540589,31233681.952788584,3884.935,3.99999e14,0.3510,3.63239e6,-1.81318e6,4.54803e-9
1521080880,27367598.211180832,31245416.189612564,3877.818,4.00639e14,0.5115,3.62478e6,-1.80794e6,4.53487e-9
1521080910,27386446.665486474,31257103.10708162,3870.656,4.01183e14,0.6480,3.61671e6,-1.80268e6,4.52168e-9
1521080940,27405292.244333107,31268742.62099578,3863.450,4.01834e14,0.8111,3.60908e6,-1.79742e6,4.50848e-9
1521080970,27424134.625124007,31280334.647724345,3856.200,3.99353e14,0.1887,3.58735e6,-1.79216e6,4.49526e-9
1521081000,27442973.48665483,31291879.10420323,3848.906,4.01636e14,0.7615,3.58702e6,-1.78688e6,4.48203e-9
1521081030,27461808.50911558,31303375.90791235,3841.567,4.00838e14,0.5613,3.57285e6,-1.78160e6,4.46877e-9
1521081060,27480639.37408128,31314824.97693439,3834.186,3.97356e14,0.3121,3.54673e6,-1.77631e6,4.45550e-9
1521081090,27499465.76451962,31326226.22989071,3826.760,3.99469e14,0.2178,3.54554e6,-1.77102e6,4.44221e-9
1521081120,27518287.36478721,31337579.58595845,3819.292,4.02209e14,0.9053,3.54706e6,-1.76572e6,4.42890e-9
1521081150,27537103.860628564,31348884.964867663,3811.781,3.98164e14,0.1094,3.51853e6,-1.76041e6,4.41558e-9
1521081180,27555914.93917492,31360142.28689864,3804.227,3.96654e14,0.4884,3.50126e6,-1.75509e6,4.40224e-9
1521081210,27574720.288943034,31371351.472879082,3796.631,4.01642e14,0.7631,3.51253e6,-1.74977e6,4.38888e-9
1521081240,27593519.599833913,31382512.444181465,3788.993,4.00500e14,0.4765,3.49683e6,-1.74444e6,4.37551e-9
1521081270,27612312.563131426,31393625.122720256,3781.313,3.92166e14,1.6143,3.44979e6,-1.73911e6,4.36213e-9
1521081300,27631098.871500827,31404689.430949233,3773.591,3.98241e14,0.0902,3.46561e6,-1.73377e6,4.34873e-9
1521081330,27649878.21897977,31415705.291890003,3765.827,4.03090e14,1.1264,3.47595e6,-1.72842e6,4.33531e-9
1521081360,27668650.300999906,31426672.62903356,3758.022,3.92802e14,1.4548,3.42072e6,-1.72307e6,4.32188e-9
1521081390,27687414.814361893,31437591.366433594,3750.177,3.96738e14,0.4671,3.42704e6,-1.71772e6,4.30844e-9
1521081420,27706171.45724113,31448461.42867313,3742.290,3.99992e14,0.3491,3.43031e6,-1.71235e6,4.29498e-9
1521081450,27724919.9291859,31459282.74086225,3734.363,3.98826e14,0.0566,3.41457e6,-1.70699e6,4.28151e-9
1521081480,27743659.931115463,31470055.228635836,3726.395,3.98832e14,0.0582,3.40384e6,-1.70161e6,4.26803e-9
1521081510,27762391.165318068,31480778.81815131,3718.388,3.94843e14,0.9428,3.37611e6,-1.69624e6,4.25454e-9
1521081540,27781113.33544886,31491453.43608635,3710.340,3.98234e14,0.0919,3.37978e6,-1.69085e6,4.24103e-9
1521081570,27799826.146527857,31502079.009636726,3702.253,3.97658e14,0.2365,3.36657e6,-1.68547e6,4.22751e-9
1521081600,27818529.304937694,31512655.466514073,3694.126,4.01595e14,0.7513,3.37239e6,-1.68008e6,4.21398e-9
1521081630,27837222.518434674,31523182.734912466,3685.960,4.08278e14,2.4280,3.38963e6,-1.67468e6,4.20044e-9
1521081660,27855905.49610573,31533660.743602253,3677.755,4.00759e14,0.5416,3.34721e6,-1.66928e6,4.18689e-9
1521081690,27874577.94840703,31544089.42183169,3669.511,3.96985e14,0.4052,3.32062e6,-1.66387e6,4.17332e-9
1521081720,27893239.587148424,31554468.699355565,3661.229,4.00165e14,0.3926,3.32305e6,-1.65846e6,4.15975e-9
1521081750,27911890.1254911,31564798.50643281,3652.908,3.98673e14,0.0182,3.30601e6,-1.65305e6,4.14616e-9
1521081780,27930529.27794528,31575078.773823954,3644.549,3.94692e14,0.9806,3.27873e6,-1.64763e6,4.13257e-9
1521081810,27949156.760367703,31585309.4327888,3636.153,3.99067e14,0.1169,3.28595e6,-1.64221e6,4.11897e-9
1521081840,27967772.289959185,31595490.415083922,3627.718,4.01744e14,0.7888,3.28609e6,-1.63679e6,4.10535e-9
1521081870,27986375.585262068,31605621.652960196,3619.246,3.96196e14,0.6032,3.25249e6,-1.63136e6,4.09173e-9
1521081900,28004966.36615759,31615703.079160504,3610.737,3.89964e14,2.1667,3.21624e6,-1.62593e6,4.07810e-9
1521081930,28023544.353844777,31625734.62693816,3602.190,3.93770e14,1.2117,3.22096e6,-1.62049e6,4.06446e-9
1521081960,28042109.270894684,31635716.22999007,3593.607,4.01648e14,0.7645,3.24205e6,-1.61505e6,4.05081e-9
1521081990,28060660.84119053,31645647.82251899,3584.987,3.99553e14,0.2389,3.22267e6,-1.60961e6,4.03716e-9
1521082020,28079198.78994317,31655529.339210488,3576.331,3.99811e14,0.3038,3.21280e6,-1.60417e6,4.02349e-9
1521082050,28097722.843688127,31665360.715230707,3567.638,4.00662e14,0.5172,3.20530e6,-1.59872e6,4.00982e-9
1521082080,28116232.73028253,31675141.886224315,3558.909,4.01593e14,0.7509,3.19809e6,-1.59327e6,3.99614e-9
1521082110,28134728.178902034,31684872.78831234,3550.145,3.94892e14,0.9303,3.16045e6,-1.58781e6,3.98246e-9
1521082140,28153208.92003761,31694553.35809008,3541.344,3.92538e14,1.5210,3.14025e6,-1.58236e6,3.96877e-9
1521082170,28171674.685492486,31704183.532625068,3532.509,3.99447e14,0.2123,3.15674e6,-1.57690e6,3.95507e-9
1521082200,28190125.20837883,31713763.249454975,3523.638,4.03127e14,1.1357,3.16031e6,-1.57143e6,3.94136e-9
1521082230,28208560.223135896,31723292.446573254,3514.732,4.04327e14,1.4367,3.15403e6,-1.56597e6,3.92765e-9
1521082260,28226979.465461012,31732771.06246523,3505.792,4.03079e14,1.1236,3.13813e6,-1.56050e6,3.91394e-9
1521082290,28245382.672372192,31742199.03606784,3496.816,3.98723e14,0.0307,3.11014e6,-1.55503e6,3.90021e-9
1521082320,28263769.58218362,31751576.306779988,3487.807,3.95457e14,0.7886,3.08650e6,-1.54956e6,3.88649e-9
1521082350,28282139.934502505,31760902.81446041,3478.763,4.02848e14,1.0655,3.10422e6,-1.54409e6,3.87275e-9
1521082380,28300493.47022577,31770178.499425672,3469.685,3.97916e14,0.1716,3.07418e6,-1.53862e6,3.85901e-9
1521082410,28318829.931536946,31779403.30244811,3460.573,3.91329e14,1.8243,3.03790e6,-1.53314e6,3.84527e-9
1521082440,28337149.06190275,31788577.16475387,3451.428,3.96036e14,0.6434,3.04508e6,-1.52766e6,3.83152e-9
1521082470,28355450.606069848,31797700.02802082,3442.249,3.98599e14,0.0004,3.04394e6,-1.52218e6,3.81777e-9
1521082500,28373734.310061455,31806771.83437666,3433.038,4.02602e14,1.0039,3.04820e6,-1.51670e6,3.80402e-9
1521082530,28391999.921156555,31815792.526412476,3423.793,4.00999e14,0.6018,3.03110e6,-1.51121e6,3.79026e-9
1521082560,28410247.187940154,31824762.047132753,3414.515,3.94153e14,1.1159,2.99424e6,-1.50573e6,3.77649e-9
1521082590,28428475.860245988,31833680.34000172,3405.204,3.97574e14,0.2574,2.99620e6,-1.50024e6,3.76273e-9
1521082620,28446685.689170245,31842547.348925795,3395.862,4.05325e14,1.6870,3.01430e6,-1.49475e6,3.74896e-9
1521082650,28464876.427068,31851363.01825198,3386.487,4.07711e14,2.2855,3.01214e6,-1.48926e6,3.73518e-9
1521082680,28483047.827549316,31860127.29276593,3377.079,4.01866e14,0.8193,2.97928e6,-1.48377e6,3.72141e-9
1521082710,28501199.64547568,31868840.117690228,3367.640,4.01586e14,0.7491,2.96721e6,-1.47828e6,3.70763e-9
1521082740,28519331.63695605,31877501.43868266,3358.170,4.05728e14,1.7882,2.97149e6,-1.47279e6,3.69385e-9
1521082770,28537443.559343148,31886111.201834343,3348.668,3.99429e14,0.2078,2.93722e6,-1.46729e6,3.68006e-9
1521082800,28555535.17122955,31894669.353668045,3339.134,3.96379e14,0.5573,2.91503e6,-1.46180e6,3.66628e-9
1521082830,28573606.232449386,31903175.841109347,3329.570,3.94425e14,1.0475,2.89694e6,-1.45630e6,3.65249e-9
1521082860,28591656.504057292,31911630.61156827,3319.974,3.93325e14,1.3236,2.88200e6,-1.45081e6,3.63870e-9
1521082890,28609685.748341683,31920033.612853847,3310.348,3.93646e14,1.2429,2.87224e6,-1.44531e6,3.62491e-9
1521082920,28627693.7288153,31928384.793199185,3300.691,4.01238e14,0.6617,2.88873e6,-1.43981e6,3.61112e-9
1521082950,28645680.21021132,31936684.101259597,3291.004,4.02954e14,1.0922,2.88387e6,-1.43432e6,3.59732e-9
1521082980,28663644.958479427,31944931.486110575,3281.287,3.98760e14,0.0401,2.85778e6,-1.42882e6,3.58353e-9
1521083010,28681587.74078185,31953126.89724597,3271.539,4.07215e14,2.1613,2.87697e6,-1.42332e6,3.56973e-9
1521083040,28699508.32548946,31961270.284575947,3261.762,4.02242e14,0.9137,2.84817e6,-1.41782e6,3.55593e-9
1521083070,28717406.48217785,31969361.59842519,3251.955,3.99701e14,0.2760,2.82811e6,-1.41232e6,3.54214e-9
1521083100,28735281.981623273,31977400.789531015,3242.119,4.04943e14,1.5911,2.83559e6,-1.40682e6,3.52834e-9
1521083130,28753134.59580544,31985387.80907461,3232.253,3.99822e14,0.3065,2.80651e6,-1.40132e6,3.51454e-9
1521083160,28770964.09788301,31993322.608577214,3222.359,3.96215e14,0.5985,2.78287e6,-1.39582e6,3.50074e-9
1521083190,28788770.26221012,32001205.14000078,3212.435,3.96891e14,0.4288,2.77426e6,-1.39032e6,3.48694e-9
1521083220,28806552.864325874,32009035.35571325,3202.482,4.00998e14,0.6014,2.77754e6,-1.38482e6,3.47314e-9
1521083250,28824311.680950265,32016813.20848716,3192.502,3.98767e14,0.0419,2.75879e6,-1.37932e6,3.45935e-9
1521083280,28842046.48998032,32024538.65149815,3182.492,3.95767e14,0.7108,2.73745e6,-1.37382e6,3.44555e-9
1521083310,28859757.070486113,32032211.638323583,3172.455,3.99640e14,0.2607,2.73978e6,-1.36832e6,3.43175e-9
1521083340,28877443.202706695,32039832.12294111,3162.389,4.01645e14,0.7639,2.73563e6,-1.36282e6,3.41795e-9
1521083370,28895104.66804615,32047400.05972732,3152.295,3.99426e14,0.2071,2.71703e6,-1.35732e6,3.40416e-9
1521083400,28912741.249069553,32054915.403456274,3142.174,3.96631e14,0.4940,2.69655e6,-1.35182e6,3.39036e-9
1521083430,28930352.72948975,32062378.109275144,3132.025,3.99239e14,0.1602,2.69438e6,-1.34633e6,3.37657e-9
1521083460,28947938.89419154,32069788.132774055,3121.849,4.08051e14,2.3709,2.71301e6,-1.34083e6,3.36278e-9
1521083490,28965499.52919936,32077145.42991308,3111.646,4.02763e14,1.0442,2.68418e6,-1.33533e6,3.34899e-9
1521083520,28983034.42168222,32084449.95704392,3101.416,3.95076e14,0.8841,2.64749e6,-1.32983e6,3.33520e-9
1521083550,29000543.359949473,32091701.670908354,3091.158,4.00557e14,0.4910,2.65475e6,-1.32434e6,3.32141e-9
1521083580,29018026.13344665,32098900.52863663,3080.874,4.06710e14,2.0345,2.66409e6,-1.31884e6,3.30762e-9
1521083610,29035482.532751296,32106046.487745956,3070.564,4.04464e14,1.4711,2.64559e6,-1.31335e6,3.29384e-9
1521083640,29052912.349568598,32113139.506138943,3060.227,3.94797e14,0.9542,2.60281e6,-1.30785e6,3.28006e-9
1521083670,29070315.376727246,32120179.54210201,3049.864,3.96202e14,0.6018,2.59646e6,-1.30236e6,3.26628e-9
1521083700,29087691.40817512,32127166.55430384,3039.475,4.00266e14,0.4179,2.59873e6,-1.29687e6,3.25250e-9
1521083730,29105040.23897626,32134100.501792666,3029.060,3.99222e14,0.1560,2.58435e6,-1.29138e6,3.23872e-9
1521083760,29122361.665302914,32140981.343998276,3018.620,3.95522e14,0.7723,2.56142e6,-1.28589e6,3.22495e-9
1521083790,29139655.48443476,32147809.040727098,3008.154,3.93086e14,1.3834,2.54267e6,-1.28040e6,3.21118e-9
1521083820,29156921.494753636,32154583.552161776,2997.662,4.00806e14,0.5532,2.55645e6,-1.27491e6,3.19741e-9
1521083850,29174159.495739155,32161304.838859614,2987.145,4.08907e14,2.5857,2.57124e6,-1.26942e6,3.18364e-9
1521083880,29191369.287964445,32167972.861751128,2976.604,4.06498e14,1.9813,2.55249e6,-1.26394e6,3.16988e-9
1521083910,29208550.673091974,32174587.582138654,2966.037,4.00484e14,0.4726,2.52243e6,-1.25845e6,3.15612e-9
1521083940,29225703.453869216,32181148.961694777,2955.446,3.97322e14,0.3208,2.50150e6,-1.25297e6,3.14236e-9
1521083970,29242827.43412439,32187656.962461106,2944.830,4.01308e14,0.6793,2.50302e6,-1.24748e6,3.12861e-9
1521084000,29259922.418762267,32194111.54684676,2934.189,4.00328e14,0.4334,2.48897e6,-1.24200e6,3.11486e-9
1521084030,29276988.213768903,32200512.677654073,2923.524,3.95283e14,0.8323,2.46234e6,-1.23652e6,3.10111e-9
1521084060,29294024.626179546,32206860.317994297,2912.836,3.98130e14,0.1181,2.46022e6,-1.23104e6,3.08737e-9
1521084090,29311031.46410253,32213154.43136927,2902.123,4.05090e14,1.6281,2.47066e6,-1.22557e6,3.07363e-9
1521084120,29328008.536705904,32219394.98164358,2891.386,4.03195e14,1.1526,2.45382e6,-1.22009e6,3.05989e-9
1521084150,29344955.65421342,32225581.933043506,2880.626,3.96886e14,0.4301,2.42360e6,-1.21462e6,3.04616e-9
1521084180,29361872.627900206,32231715.25015602,2869.843,3.92031e14,1.6480,2.39795e6,-1.20914e6,3.03243e-9
1521084210,29378759.270088725,32237794.89792777,2859.036,3.94784e14,0.9575,2.39541e6,-1.20367e6,3.01871e-9
1521084240,29395615.39414456,32243820.841664087,2848.205,4.00648e14,0.5137,2.40214e6,-1.19820e6,3.00498e-9
1521084270,29412440.814472273,32249793.04702796,2837.352,3.96882e14,0.4312,2.37991e6,-1.19273e6,2.99127e-9
1521084300,29429235.34651114,32255711.48003907,2826.476,4.04142e14,1.3902,2.39062e6,-1.18727e6,2.97755e-9
1521084330,29445998.806717336,32261576.107032817,2815.577,4.01184e14,0.6481,2.37085e6,-1.18180e6,2.96385e-9
1521084360,29462731.012602188,32267386.894782364,2804.656,4.00382e14,0.4471,2.35752e6,-1.17634e6,2.95014e-9
1521084390,29479431.78268517,32273143.81037441,2793.712,3.99124e14,0.1315,2.34288e6,-1.17088e6,2.93644e-9
1521084420,29496100.936503552,32278846.821247756,2782.746,3.91382e14,1.8108,2.30933e6,-1.16542e6,2.92275e-9
1521084450,29512738.29460801,32284495.89519184,2771.758,3.93000e14,1.4050,2.30322e6,-1.15996e6,2.90905e-9
1521084480,29529343.678558387,32290091.00034554,2760.747,3.91813e14,1.7028,2.28895e6,-1.15450e6,2.89537e-9
1521084510,29545916.910919335,32295632.10519574,2749.715,3.94156e14,1.1151,2.28488e6,-1.14905e6,2.88168e-9
1521084540,29562457.815255992,32301119.178576052,2738.661,3.93434e14,1.2962,2.27197e6,-1.14360e6,2.86801e-9
1521084570,29578966.216129746,32306552.189665407,2727.586,3.95370e14,0.8104,2.26667e6,-1.13815e6,2.85433e-9
1521084600,29595441.93909386,32311931.107986894,2716.489,3.94794e14,0.9548,2.25418e6,-1.13270e6,2.84067e-9
1521084630,29611884.81070073,32317255.90344354,2705.371,3.95729e14,0.7203,2.24598e6,-1.12725e6,2.82700e-9
1521084660,29628294.65846215,32322526.546202507,2694.232,3.89640e14,2.2481,2.21800e6,-1.12181e6,2.81335e-9
1521084690,29644671.31088063,32327743.00680858,2683.072,3.84100e14,3.6378,2.19173e6,-1.11636e6,2.79969e-9
1521084720,29661014.59743375,32332905.256146137,2671.891,3.99055e14,0.1141,2.22271e6,-1.11092e6,2.78604e-9
1521084750,29677324.34856996,32338013.26543826,2660.689,4.00602e14,0.5021,2.21611e6,-1.10548e6,2.77240e-9
1521084780,29693600.395704392,32343067.006245848,2649.467,3.94687e14,0.9817,2.18890e6,-1.10005e6,2.75876e-9
1521084810,29709842.571214892,32348066.450466774,2638.224,4.06994e14,2.1057,2.21186e6,-1.09461e6,2.74513e-9
1521084840,29726050.70843771,32353011.57033502,2626.961,4.08159e14,2.3981,2.20407e6,-1.08918e6,2.73150e-9
1521084870,29742224.64166352,32357902.338419896,2615.678,3.97442e14,0.2906,2.16395e6,-1.08375e6,2.71788e-9
1521084900,29758364.20613322,32362738.727625206,2604.375,3.99579e14,0.2455,2.15889e6,-1.07832e6,2.70426e-9
1521084930,29774469.238029283,32367520.711160388,2593.051,4.00067e14,0.3680,2.14934e6,-1.07289e6,2.69065e-9
1521084960,29790539.574485928,32372248.26262624,2581.709,3.94562e14,1.0131,2.12373e6,-1.06747e6,2.67705e-9
1521084990,29806575.053570647,32376921.355927546,2570.346,3.99670e14,0.2683,2.12655e6,-1.06205e6,2.66345e-9
1521085020,29822575.51428478,32381539.9653,2558.964,4.06498e14,1.9812,2.13379e6,-1.05663e6,2.64985e-9
1521085050,29838540.796559367,32386104.06530934,2547.563,4.03349e14,1.1914,2.11455e6,-1.05121e6,2.63626e-9
1521085080,29854470.74125106,32390613.630850285,2536.143,3.95623e14,0.7470,2.08339e6,-1.04580e6,2.62268e-9
1521085110,29870365.19013802,32395068.6371456,2524.703,3.98827e14,0.0569,2.08096e6,-1.04038e6,2.60910e-9
1521085140,29886223.985915843,32399469.059745092,2513.245,3.94476e14,1.0348,2.05884e6,-1.03497e6,2.59553e-9
1521085170,29902046.9721934,32403814.8745247,2501.768,3.98764e14,0.0409,2.05916e6,-1.02956e6,2.58196e-9
1521085200,29917833.993488822,32408106.057685506,2490.272,4.09017e14,2.6132,2.07468e6,-1.02416e6,2.56840e-9
1521085230,29933584.89522155,32412342.58577477,2478.758,3.94894e14,0.9297,2.02765e6,-1.01875e6,2.55485e-9
1521085260,29949299.523720004,32416524.435617447,2467.225,3.96866e14,0.4350,2.02191e6,-1.01335e6,2.54130e-9
1521085290,29964977.72620581,32420651.584382966,2455.674,4.05982e14,1.8518,2.03418e6,-1.00795e6,2.52776e-9
1521085320,29980619.350793473,32424724.00956259,2444.105,4.06771e14,2.0499,2.02527e6,-1.00256e6,2.51422e-9
1521085350,29996224.24648634,32428741.688968707,2432.517,4.02801e14,1.0539,2.00444e6,-9.97161e5,2.50069e-9
1521085380,30011792.263172504,32432704.600734234,2420.912,4.07220e14,2.1625,2.00459e6,-9.91769e5,2.48716e-9
1521085410,30027323.25162072,32436612.723311856,2409.289,4.01436e14,0.7113,1.97939e6,-9.86379e5,2.47364e-9
1521085440,30042817.063476466,32440466.03547341,2397.649,4.01188e14,0.6492,1.96797e6,-9.80992e5,2.46013e-9
1521085470,30058273.55125777,32444264.51630925,2385.991,4.10281e14,2.9305,1.97941e6,-9.75607e5,2.44662e-9
1521085500,30073692.56835134,32448008.145227503,2374.316,3.96506e14,0.5255,1.93497e6,-9.70224e5,2.43312e-9
1521085530,30089073.969020486,32451696.901935443,2362.623,3.97923e14,0.1700,1.92767e6,-9.64844e5,2.41963e-9
1521085560,30104417.608364236,32455330.76649462,2350.913,4.02631e14,1.0112,1.92825e6,-9.59466e5,2.40614e-9
1521085590,30119723.34235032,32458909.719264314,2339.186,3.85593e14,3.2632,1.87668e6,-9.54091e5,2.39265e-9
1521085620,30134991.027799416,32462433.740918826,2327.443,3.86740e14,2.9756,1.86884e6,-9.48718e5,2.37918e-9
1521085650,30150220.522381227,32465902.81244677,2315.682,3.95282e14,0.8324,1.87847e6,-9.43348e5,2.36571e-9
1521085680,30165411.68461071,32469316.915150255,2303.905,3.98701e14,0.0253,1.87582e6,-9.37980e5,2.35224e-9
1521085710,30180564.37384424,32472676.030644175,2292.112,4.08122e14,2.3888,1.88712e6,-9.32615e5,2.33879e-9
1521085740,30195678.450275857,32475980.140855443,2280.302,4.04266e14,1.4214,1.86731e6,-9.27252e5,2.32533e-9
1521085770,30210753.774933346,32479229.228022248,2268.475,4.07589e14,2.2551,1.86419e6,-9.21891e5,2.31189e-9
1521085800,30225790.20967457,32482423.27469334,2256.633,4.04767e14,1.5470,1.84687e6,-9.16533e5,2.29845e-9
1521085830,30240787.61716409,32485562.263738066,2244.775,3.94347e14,1.0670,1.81227e6,-9.11178e5,2.28502e-9
1521085860,30255745.860929474,32488646.178312536,2232.900,4.00348e14,0.4385,1.81525e6,-9.05825e5,2.27159e-9
1521085890,30270664.80529747,32491675.001892105,2221.010,3.97751e14,0.2132,1.79866e6,-9.00474e5,2.25817e-9
1521085920,30285544.315409377,32494648.718260117,2209.104,3.99660e14,0.2659,1.79227e6,-8.95126e5,2.24476e-9
1521085950,30300384.257217273,32497567.311507262,2197.183,4.05265e14,1.6719,1.79407e6,-8.89781e5,2.23135e-9
1521085980,30315184.49747999,32500430.76603112,2185.246,3.95255e14,0.8394,1.76109e6,-8.84438e5,2.21795e-9
1521086010,30329944.903759323,32503239.066535573,2173.294,3.93060e14,1.3901,1.74562e6,-8.79098e5,2.20455e-9
1521086040,30344665.344416153,32505992.198030345,2161.327,4.00599e14,0.5015,1.75154e6,-8.73760e5,2.19116e-9
1521086070,30359345.6886065,32508690.1458305,2149.344,4.06527e14,1.9886,1.75375e6,-8.68424e5,2.17778e-9
1521086100,30373985.806277774,32511332.895555954,2137.347,4.06229e14,1.9139,1.74234e6,-8.63091e5,2.16440e-9
1521086130,30388585.568191692,32513920.433133483,2125.335,3.92612e14,1.5024,1.70228e6,-8.57761e5,2.15104e-9
1521086160,30403144.84583808,32516452.744788744,2113.308,3.90073e14,2.1393,1.68628e6,-8.52433e5,2.13767e-9
1521086190,30417663.51151361,32518929.817053467,2101.266,4.03895e14,1.3284,1.70511e6,-8.47108e5,2.12432e-9
1521086220,30432141.438291553,32521351.636762537,2089.210,3.99883e14,0.3218,1.68592e6,-8.41785e5,2.11097e-9
1521086250,30446578.500018302,32523718.191053614,2077.140,4.01134e14,0.6355,1.67789e6,-8.36465e5,2.09762e-9
1521086280,30460974.571309786,32526029.467366748,2065.055,4.15695e14,4.2886,1.69757e6,-8.31148e5,2.08428e-9
1521086310,30475329.5275481,32528285.45344398,2052.956,4.05866e14,1.8228,1.66636e6,-8.25832e5,2.07095e-9
1521086340,30489643.244877927,32530486.137329012,2040.843,4.03218e14,1.1585,1.65019e6,-8.20520e5,2.05763e-9
1521086370,30503915.60020308,32532631.507366695,2028.716,4.06259e14,1.9214,1.64573e6,-8.15210e5,2.04431e-9
1521086400,30518146.47118307,32534721.55220277,2016.575,3.92627e14,1.4986,1.60733e6,-8.09902e5,2.03100e-9
1521086430,30532335.736196432,32536756.26076582,2004.421,4.03946e14,1.3411,1.61964e6,-8.04597e5,2.01769e-9
1521095820,32535459.93807647,30523604.431386203,2011.856,4.00367e14,0.4432,-1.61874e6,8.07661e5,-2.02583e-9
1521095850,32533389.852664568,30509392.024149265,2023.998,4.03392e14,1.2021,-1.63554e6,8.12967e5,-2.03914e-9
1521095880,32531264.442285236,30495138.108028512,2036.126,3.91490e14,1.7837,-1.62179e6,8.18275e5,-2.05245e-9
1521095910,32529083.71829657,30480842.80506406,2048.241,3.95426e14,0.7963,-1.64045e6,8.23585e5,-2.06577e-9
1521095940,32526847.69235657,30466506.23804853,2060.341,4.01386e14,0.6989,-1.66342e6,8.28898e5,-2.07910e-9
1521095970,32524556.376423504,30452128.530530624,2072.428,4.06404e14,1.9578,-1.68459e6,8.34214e5,-2.09243e-9
1521096000,32522209.782756243,30437709.806818653,2084.500,4.13095e14,3.6362,-1.70941e6,8.39532e5,-2.10576e-9
1521096030,32519807.923936177,30423250.19199517,2096.558,4.05429e14,1.7131,-1.70400e6,8.44853e5,-2.11911e-9
1521096060,32517350.812801257,30408749.811886847,2108.601,3.98146e14,0.1139,-1.69921e6,8.50176e5,-2.13246e-9
1521096090,32514838.462512825,30394208.793101765,2120.630,3.94634e14,0.9951,-1.70231e6,8.55502e5,-2.14582e-9
1521096120,32512270.88653476,30379627.26302233,2132.644,4.01752e14,0.7906,-1.72828e6,8.60830e5,-2.15918e-9
1521096150,32509648.098634016,30365005.34980897,2144.643,4.03611e14,1.2571,-1.74303e6,8.66161e5,-2.17255e-9
1521096180,32506970.11288125,30350343.18240394,2156.627,3.95011e14,0.9006,-1.73496e6,8.71494e5,-2.18592e-9
1521096210,32504236.94365146,30335640.890535053,2168.596,4.01683e14,0.7733,-1.76025e6,8.76830e5,-2.19931e-9
1521096240,32501448.60562461,30320898.604719482,2180.550,4.14712e14,4.0420,-1.79980e6,8.82168e5,-2.21269e-9
1521096270,32498605.11378623,30306116.456267573,2192.489,3.96120e14,0.6222,-1.76931e6,8.87509e5,-2.22609e-9
1521096300,32495706.483428102,30291294.577286635,2204.412,3.88828e14,2.4518,-1.76363e6,8.92852e5,-2.23949e-9
1521096330,32492752.730127014,30276433.100669347,2216.320,3.98330e14,0.0680,-1.79559e6,8.98198e5,-2.25290e-9
1521096360,32489743.869812805,30261532.16014495,2228.212,3.93965e14,1.1629,-1.79639e6,9.03546e5,-2.26631e-9
1521096390,32486679.918701448,30246591.8902357,2240.088,3.96419e14,0.5472,-1.81263e6,9.08897e5,-2.27973e-9
1521096420,32483560.893317338,30231612.42627586,2251.948,4.09355e14,2.6981,-1.85297e6,9.14251e5,-2.29316e-9
1521096450,32480386.81049383,30216593.90441543,2263.793,4.09438e14,2.7189,-1.86401e6,9.19607e5,-2.30659e-9
1521096480,32477157.68737367,30201536.46162385,2275.621,4.04613e14,1.5084,-1.86368e6,9.24965e5,-2.32003e-9
1521096510,32473873.54140952,30186440.235693786,2287.433,4.08362e14,2.4490,-1.88323e6,9.30326e5,-2.33347e-9
1521096540,32470534.390364412,30171305.3652448,2299.229,3.96743e14,0.4660,-1.86681e6,9.35689e5,-2.34692e-9
1521096570,32467140.252312258,30156131.989727132,2311.008,3.94256e14,1.0900,-1.87165e6,9.41055e5,-2.36038e-9
1521096600,32463691.145638354,30140920.249425493,2322.771,3.85260e14,3.3469,-1.86097e6,9.46423e5,-2.37384e-9
1521096630,32460187.089053795,30125670.285478514,2334.517,3.83781e14,3.7178,-1.86800e6,9.51794e5,-2.38731e-9
1521096660,32456628.101553172,30110382.239834227,2346.246,3.97662e14,0.2354,-1.91187e6,9.57167e5,-2.40079e-9
1521096690,32453014.202458132,30095056.255302254,2357.958,3.98575e14,0.0064,-1.92481e6,9.62543e5,-2.41427e-9
1521096720,32449345.41140415,30079692.475542124,2369.653,3.98985e14,0.0964,-1.93656e6,9.67921e5,-2.42776e-9
1521096750,32445621.748341225,30064291.045067243,2381.331,4.02765e14,1.0448,-1.95655e6,9.73302e5,-2.44125e-9
1521096780,32441843.233534537,30048852.1092489,2392.991,4.02286e14,0.9247,-1.96620e6,9.78685e5,-2.45475e-9
1521096810,32438009.887565296,30033375.814320303,2404.634,3.95848e14,0.6906,-1.96112e6,9.84070e5,-2.46826e-9
1521096840,32434121.731331393,30017862.30738055,2416.259,3.96348e14,0.5651,-1.97310e6,9.89458e5,-2.48177e-9
1521096870,32430178.78604824,30002311.736398708,2427.867,3.98073e14,0.1324,-1.98815e6,9.94848e5,-2.49529e-9
1521096900,32426181.073249515,29986724.250217833,2439.457,4.06550e14,1.9944,-2.02020e6,1.00024e6,-2.50881e-9
1521096930,32422128.61478778,29971099.998546027,2451.029,4.07205e14,2.1587,-2.03275e6,1.00564e6,-2.52234e-9
1521096960,32418021.432836127,29955439.13200063,2462.582,3.98265e14,0.0841,-2.02098e6,1.01103e6,-2.53588e-9
1521096990,32413859.54988799,29939741.802072145,2474.118,3.95343e14,0.8172,-2.02433e6,1.01643e6,-2.54942e-9
1521097020,32409642.98875838,29924008.16114116,2485.635,4.03784e14,1.3006,-2.05672e6,1.02183e6,-2.56297e-9
1521097050,32405371.77258477,29908238.362482406,2497.133,4.08928e14,2.5909,-2.08085e6,1.02724e6,-2.57652e-9
1521097080,32401045.924827874,29892432.56026866,2508.613,4.01462e14,0.7178,-2.07246e6,1.03264e6,-2.59008e-9
1521097110,32396665.46927262,29876590.9095749,2520.075,4.04262e14,1.4204,-2.09061e6,1.03805e6,-2.60365e-9
1521097140,32392230.430028968,29860713.566382166,2531.517,4.00314e14,0.4299,-2.09117e6,1.04346e6,-2.61722e-9
1521097170,32387740.831532855,29844800.687581673,2542.940,4.01748e14,0.7897,-2.10579e6,1.04888e6,-2.63079e-9
1521097200,32383196.69854701,29828852.430978816,2554.344,4.07648e14,2.2698,-2.13227e6,1.05429e6,-2.64438e-9
1521097230,32378598.05615266,29812868.955309607,2565.729,4.00451e14,0.4644,-2.12410e6,1.05971e6,-2.65796e-9
1521097260,32373944.929778893,29796850.420206595,2577.095,3.96227e14,0.5954,-2.12368e6,1.06513e6,-2.67156e-9
1521097290,32369237.3451752,29780796.986241117,2588.440,3.98540e14,0.0152,-2.14069e6,1.07055e6,-2.68516e-9
1521097320,32364475.328421384,29764708.814915095,2599.767,4.02366e14,0.9447,-2.16187e6,1.07598e6,-2.69876e-9
1521097350,32359658.905928515,29748586.06866524,2611.073,4.02664e14,1.0194,-2.17358e6,1.08140e6,-2.71237e-9
1521097380,32354788.104439672,29732428.9108672,2622.359,4.06656e14,2.0210,-2.19537e6,1.08683e6,-2.72598e-9
1521097410,32349862.951030925,29716237.505839832,2633.625,4.05623e14,1.7618,-2.20351e6,1.09226e6,-2.73960e-9
1521097440,32344883.4731121,29700012.018849332,2644.871,4.06493e14,1.9801,-2.21687e6,1.09770e6,-2.75323e-9
1521097470,32339849.698427655,29683752.61611347,2656.097,3.96213e14,0.5990,-2.19940e6,1.10313e6,-2.76686e-9
1521097500,32334761.655057654,29667459.464805767,2667.302,3.84266e14,3.5961,-2.17702e6,1.10857e6,-2.78050e-9
1521097530,32329619.37142718,29651132.73304417,2678.487,3.98571e14,0.0073,-2.22767e6,1.11401e6,-2.79414e-9
1521097560,32324422.876280874,29634772.58994318,2689.650,4.03893e14,1.3277,-2.25349e6,1.11945e6,-2.80778e-9
1521097590,32319172.198710173,29618379.205570094,2700.793,4.02404e14,0.9541,-2.26025e6,1.12489e6,-2.82143e-9
1521097620,32313867.368145898,29601952.7509646,2711.915,4.01446e14,0.7139,-2.26847e6,1.13034e6,-2.83509e-9
1521097650,32308508.414359175,29585493.39814283,2723.015,3.96686e14,0.4803,-2.26584e6,1.13578e6,-2.84875e-9
1521097680,32303095.3674626,29569001.320101522,2734.094,3.97943e14,0.1650,-2.28031e6,1.14123e6,-2.86242e-9
1521097710,32297628.25791125,29552476.690822084,2745.152,3.95698e14,0.7283,-2.28474e6,1.14668e6,-2.87609e-9
1521097740,32292107.11650377,29535919.685274713,2756.187,3.96884e14,0.4306,-2.29904e6,1.15214e6,-2.88976e-9
1521097770,32286531.974383514,29519330.479422495,2767.201,4.00438e14,0.4611,-2.32024e6,1.15759e6,-2.90344e-9
1521097800,32280902.86303963,29502709.250225525,2778.194,3.99246e14,0.1618,-2.32770e6,1.16305e6,-2.91712e-9
1521097830,32275219.81430753,29486056.1756642,2789.164,4.08525e14,2.4899,-2.36582e6,1.16851e6,-2.93081e-9
1521097860,32269482.860372137,29469371.43468445,2800.111,4.06207e14,1.9082,-2.37004e6,1.17397e6,-2.94451e-9
1521097890,32263692.033767063,29452655.207260855,2811.037,3.94172e14,1.1110,-2.34547e6,1.17943e6,-2.95820e-9
1521097920,32257847.367376365,29435907.674381867,2821.940,3.89885e14,2.1866,-2.34359e6,1.18489e6,-2.97190e-9
1521097950,32251948.894435767,29419129.018054165,2832.820,3.93288e14,1.3329,-2.36456e6,1.19035e6,-2.98561e-9
1521097980,32245996.64853384,29402319.421306994,2843.677,3.99571e14,0.2435,-2.39426e6,1.19582e6,-2.99932e-9
1521098010,32239990.66361325,29385479.06819649,2854.512,4.01780e14,0.7977,-2.41187e6,1.20129e6,-3.01303e-9
1521098040,32233930.97397193,29368608.14381004,2865.323,4.02787e14,1.0503,-2.42590e6,1.20676e6,-3.02675e-9
1521098070,32227817.614264324,29351706.83427062,2876.111,4.09938e14,2.8442,-2.45864e6,1.21223e6,-3.04047e-9
1521098100,32221650.619502585,29334775.326741107,2886.875,4.11104e14,3.1370,-2.47330e6,1.21770e6,-3.05420e-9
1521098130,32215430.025052316,29317813.809410412,2897.616,4.01661e14,0.7678,-2.45544e6,1.22318e6,-3.06793e-9
1521098160,32209155.86665082,29300822.47155402,2908.333,4.03982e14,1.3500,-2.47359e6,1.22865e6,-3.08166e-9
1521098190,32202828.180391286,29283801.50348202,2919.027,4.05619e14,1.7608,-2.48968e6,1.23413e6,-3.09540e-9
1521098220,32196447.002729505,29266751.096561544,2929.696,3.98372e14,0.0572,-2.47820e6,1.23961e6,-3.10914e-9
1521098250,32190012.37048507,29249671.44322083,2940.341,4.01152e14,0.6401,-2.49784e6,1.24509e6,-3.12288e-9
1521098280,32183524.320842627,29232562.736953445,2950.962,3.98152e14,0.1124,-2.49943e6,1.25057e6,-3.13663e-9
1521098310,32176982.891353108,29215425.17232247,2961.558,3.95170e14,0.8607,-2.50099e6,1.25605e6,-3.15038e-9
1521098340,32170388.119934976,29198258.94496457,2972.129,4.07168e14,2.1494,-2.54987e6,1.26154e6,-3.16413e-9
1521098370,32163740.04487542,29181064.251594163,2982.676,4.03555e14,1.2429,-2.54947e6,1.26702e6,-3.17789e-9
1521098400,32157038.704831716,29163841.290007602,2993.197,4.02408e14,0.9553,-2.55685e6,1.27251e6,-3.19165e-9
1521098430,32150284.13883665,29146590.259097986,3003.694,4.04935e14,1.5893,-2.57598e6,1.27799e6,-3.20541e-9
1521098460,32143476.38628684,29129311.35882624,3014.165,3.95961e14,0.6621,-2.55815e6,1.28348e6,-3.21917e-9
1521098490,32136615.48695713,29112004.790258367,3024.611,3.94204e14,1.1029,-2.56341e6,1.28897e6,-3.23294e-9
1521098520,32129701.480997596,29094670.755558964,3035.031,4.02496e14,0.9774,-2.60125e6,1.29446e6,-3.24671e-9
1521098550,32122734.408935044,29077309.45799547,3045.425,3.95567e14,0.7611,-2.58969e6,1.29995e6,-3.26048e-9
1521098580,32115714.311674368,29059921.101942312,3055.793,3.94190e14,1.1064,-2.59612e6,1.30544e6,-3.27425e-9
1521098610,32108641.23049992,29042505.89288521,3066.135,4.03212e14,1.1569,-2.63671e6,1.31094e6,-3.28803e-9
1521098640,32101515.207077064,29025064.037425347,3076.451,4.00721e14,0.5321,-2.63953e6,1.31643e6,-3.30180e-9
1521098670,32094336.28345349,29007595.743283626,3086.741,3.99829e14,0.3081,-2.64759e6,1.32193e6,-3.31558e-9
1521098700,32087104.50206076,28990101.219304882,3097.003,4.02204e14,0.9041,-2.66650e6,1.32742e6,-3.32936e-9
1521098730,32079819.90571793,28972580.675464313,3107.239,3.97696e14,0.2268,-2.66247e6,1.33292e6,-3.34315e-9
1521098760,32072482.537626393,28955034.32286497,3117.448,3.96038e14,0.6430,-2.66788e6,1.33841e6,-3.35693e-9
1521098790,32065092.441378053,28937462.37374865,3127.630,3.95644e14,0.7416,-2.67752e6,1.34391e6,-3.37072e-9
1521098820,32057649.66095478,28919865.041497942,3137.785,3.96622e14,0.4963,-2.69178e6,1.34941e6,-3.38451e-9
1521098850,32050154.2407299,28902242.540640462,3147.912,4.06787e14,2.0539,-2.73729e6,1.35490e6,-3.39829e-9
1521098880,32042606.225469775,28884595.08685305,3158.011,4.02067e14,0.8697,-2.73229e6,1.36040e6,-3.41208e-9
1521098910,32035005.660335436,28866922.89696596,3168.083,3.90992e14,1.9088,-2.70539e6,1.36590e6,-3.42587e-9
1521098940,32027352.590884127,28849226.188967038,3178.126,3.99576e14,0.2449,-2.74581e6,1.37140e6,-3.43966e-9
1521098970,32019647.063070863,28831505.182005838,3188.142,4.03538e14,1.2388,-2.77050e6,1.37690e6,-3.45345e-9
1521099000,32011889.12325015,28813760.096397813,3198.129,3.96093e14,0.6290,-2.75575e6,1.38240e6,-3.46725e-9
1521099030,32004078.81817077,28795991.15361188,3208.088,3.98493e14,0.0270,-2.77507e6,1.38790e6,-3.48104e-9
1521099060,31996216.19499822,28778198.576325208,3218.018,3.97975e14,0.1568,-2.78425e6,1.39340e6,-3.49483e-9
1521099090,31988301.301295485,28760382.588376712,3227.919,3.96353e14,0.5640,-2.78955e6,1.39890e6,-3.50862e-9
1521099120,31980334.185031425,28742543.414787278,3237.791,4.00415e14,0.4553,-2.81482e6,1.40440e6,-3.52242e-9
1521099150,31972314.894582324,28724681.28176367,3247.634,3.94797e14,0.9543,-2.80598e6,1.40989e6,-3.53621e-9
1521099180,31964243.47873348,28706796.41670243,3257.447,3.95104e14,0.8772,-2.81801e6,1.41539e6,-3.55000e-9
1521099210,31956119.98668092,28688889.04819371,3267.231,3.99527e14,0.2325,-2.84472e6,1.42089e6,-3.56379e-9
1521099240,31947944.468032904,28670959.40602516,3276.985,3.94090e14,1.1315,-2.83628e6,1.42639e6,-3.57758e-9
1521099270,31939716.972811706,28653007.72118576,3286.709,3.92795e14,1.4564,-2.84256e6,1.43189e6,-3.59137e-9
1521099300,31931437.551455118,28635034.225869607,3296.403,3.91680e14,1.7362,-2.84945e6,1.43739e6,-3.60516e-9
1521099330,31923106.254825626,28617039.153506994,3306.067,3.92924e14,1.4241,-2.86485e6,1.44288e6,-3.61894e-9
1521099360,31914723.13418938,28599022.73868453,3315.700,3.97049e14,0.3891,-2.89075e6,1.44838e6,-3.63273e-9
1521099390,31906288.241240542,28580985.21723258,3325.303,3.99295e14,0.1743,-2.90991e6,1.45388e6,-3.64651e-9
1521099420,31897801.628095813,28562926.826202214,3334.875,3.98758e14,0.0394,-2.91894e6,1.45937e6,-3.66029e-9
1521099450,31889263.347296163,28544847.803869225,3344.416,3.98293e14,0.0771,-2.92822e6,1.46487e6,-3.67407e-9
1521099480,31880673.451808654,28526748.389738128,3353.925,4.03876e14,1.3235,-2.95979e6,1.47036e6,-3.68785e-9
1521099510,31872031.99502828,28508628.824546095,3363.403,4.00802e14,0.5524,-2.95947e6,1.47585e6,-3.70163e-9
1521099540,31863339.030779783,28490489.35026692,3372.850,3.94711e14,0.9758,-2.94785e6,1.48134e6,-3.71540e-9
1521099570,31854594.613319557,28472330.210114893,3382.264,3.96438e14,0.5426,-2.96522e6,1.48683e6,-3.72917e-9
1521099600,31845798.797337435,28454151.64854872,3391.647,4.00085e14,0.3723,-2.98982e6,1.49232e6,-3.74294e-9
1521099630,31836951.6379504,28435953.911244277,3400.998,3.99949e14,0.3382,-3.00030e6,1.49781e6,-3.75670e-9
1521099660,31828053.19072982,28417737.2451941,3410.316,3.94005e14,1.1528,-2.98888e6,1.50330e6,-3.77047e-9
1521099690,31819103.511677984,28399501.89861552,3419.602,3.92562e14,1.5148,-2.99433e6,1.50878e6,-3.78422e-9
1521099720,31810102.65723816,28381248.120985027,3428.855,3.96987e14,0.4048,-3.02202e6,1.51427e6,-3.79798e-9
1521099750,31801050.684296478,28362976.16304176,3438.075,4.03962e14,1.3450,-3.05954e6,1.51975e6,-3.81173e-9
1521099780,31791947.650183745,28344686.276790917,3447.261,3.96539e14,0.5172,-3.04218e6,1.52523e6,-3.82548e-9
1521099810,31782793.612677447,28326378.715507194,3456.415,3.96937e14,0.4172,-3.05464e6,1.53071e6,-3.83922e-9
1521099840,31773588.630003564,28308053.73373807,3465.535,4.05999e14,1.8561,-3.10049e6,1.53619e6,-3.85296e-9
1521099870,31764332.76083853,28289711.587307204,3474.621,3.98528e14,0.0181,-3.08265e6,1.54166e6,-3.86669e-9
1521099900,31755026.0643112,28271352.533317648,3483.674,3.95708e14,0.7257,-3.08265e6,1.54714e6,-3.88042e-9
1521099930,31745668.60001732,28252976.830182422,3492.692,3.95607e14,0.7509,-3.09316e6,1.55261e6,-3.89414e-9
1521099960,31736260.427982967,28234584.737543866,3501.676,3.96627e14,0.4951,-3.10804e6,1.55808e6,-3.90786e-9
1521099990,31726801.608705036,28216176.516360827,3510.625,3.99626e14,0.2573,-3.13071e6,1.56355e6,-3.92157e-9
1521100020,31717292.203140974,28197752.428884845,3519.540,3.96277e14,0.5828,-3.12847e6,1.56901e6,-3.93528e-9
1521100050,31707732.27271089,28179312.73866359,3528.420,3.91427e14,1.7996,-3.12021e6,1.57447e6,-3.94898e-9
1521100080,31698121.879299633,28160857.710544188,3537.264,3.97868e14,0.1837,-3.15656e6,1.57993e6,-3.96267e-9
1521100110,31688461.08525906,28142387.61067654,3546.073,4.01364e14,0.6932,-3.18136e6,1.58539e6,-3.97636e-9
1521100140,31678749.95341013,28123902.706516623,3554.847,3.96118e14,0.6228,-3.17137e6,1.59085e6,-3.99004e-9
1521100170,31668988.547045115,28105403.266829744,3563.585,4.03034e14,1.1124,-3.20993e6,1.59630e6,-4.00371e-9
1521100200,31659176.929929774,28086889.561693713,3572.287,4.01831e14,0.8105,-3.21606e6,1.60175e6,-4.01738e-9
1521100230,31649315.166288838,28068361.862484764,3580.953,3.97024e14,0.3956,-3.20761e6,1.60719e6,-4.03104e-9
1521100260,31639403.320859663,28049820.441933945,3589.583,4.00241e14,0.4115,-3.23149e6,1.61264e6,-4.04469e-9
1521100290,31629441.45884304,28031265.57407682,3598.176,4.00524e14,0.4826,-3.24354e6,1.61808e6,-4.05834e-9
1521100320,31619429.645921823,28012697.534273636,3606.732,4.00982e14,0.5976,-3.25630e6,1.62351e6,-4.07197e-9
1521100350,31609367.948263068,27994116.59921216,3615.251,3.98599e14,0.0002,-3.25747e6,1.62895e6,-4.08560e-9
1521100380,31599256.432520136,27975523.046910416,3623.733,3.96661e14,0.4867,-3.26038e6,1.63438e6,-4.09922e-9
1521100410,31589095.165834844,27956917.156719547,3632.178,3.98875e14,0.0689,-3.28031e6,1.63980e6,-4.11283e-9
1521100440,31578884.215839542,27938299.209326357,3640.585,3.97259e14,0.3364,-3.28449e6,1.64523e6,-4.12643e-9
1521100470,31568623.650659274,27919669.48675601,3648.954,3.98662e14,0.0153,-3.30111e6,1.65065e6,-4.14002e-9
1521100500,31558313.538913973,27901028.272374596,3657.285,4.05024e14,1.6116,-3.33837e6,1.65606e6,-4.15360e-9
1521100530,31547953.949736696,27882375.85089672,3665.578,3.99878e14,0.3206,-3.32783e6,1.66147e6,-4.16717e-9
1521100560,31537544.95272626,27863712.50837232,3673.832,3.98159e14,0.1107,-3.33148e6,1.66688e6,-4.18073e-9
1521100590,31527086.61799909,27845038.53220478,3682.048,4.00890e14,0.5744,-3.35373e6,1.67228e6,-4.19428e-9
1521100620,31516579.01617555,27826354.211148232,3690.225,3.95882e14,0.6819,-3.34348e6,1.67768e6,-4.20782e-9
1521100650,31506022.218382284,27807659.835309945,3698.362,3.97478e14,0.2815,-3.36097e6,1.68307e6,-4.22135e-9
1521100680,31495416.296254687,27788955.696152553,3706.461,3.97586e14,0.2546,-3.37218e6,1.68846e6,-4.23487e-9
1521100710,31484761.321939293,27770242.08649647,3714.519,3.97872e14,0.1827,-3.38416e6,1.69385e6,-4.24837e-9
1521100740,31474057.368096214,27751519.30052189,3722.538,4.01616e14,0.7564,-3.41086e6,1.69923e6,-4.26186e-9
1521100770,31463304.507901624,27732787.633771066,3730.517,3.98545e14,0.0139,-3.40852e6,1.70460e6,-4.27534e-9
1521100800,31452502.815050222,27714047.38315037,3738.455,3.99266e14,0.1669,-3.42234e6,1.70997e6,-4.28881e-9
1521100830,31441652.36374552,27695298.846938677,3746.354,4.03484e14,1.2253,-3.45123e6,1.71533e6,-4.30227e-9
1521100860,31430753.228740014,27676542.32476965,3754.211,3.98986e14,0.0967,-3.44260e6,1.72069e6,-4.31571e-9
1521100890,31419805.485299934,27657778.11765351,3762.027,3.96827e14,0.4449,-3.44396e6,1.72605e6,-4.32914e-9
1521100920,31408809.209219962,27639006.52797243,3769.803,3.99935e14,0.3347,-3.46813e6,1.73139e6,-4.34255e-9
1521100950,31397764.476825606,27620227.859482415,3777.537,3.99347e14,0.1873,-3.47627e6,1.73674e6,-4.35595e-9
1521100980,31386671.364975736,27601442.417315017,3785.229,4.00070e14,0.3686,-3.49011e6,1.74207e6,-4.36933e-9
1521101010,31375529.95106499,27582650.507979095,3792.879,3.98104e14,0.1245,-3.49218e6,1.74740e6,-4.38270e-9
1521101040,31364340.3130264,27563852.43936232,3800.488,3.96468e14,0.5350,-3.49562e6,1.75273e6,-4.39606e-9
1521101070,31353102.529333726,27545048.520732783,3808.054,3.95538e14,0.7684,-3.50213e6,1.75805e6,-4.40940e-9
1521101100,31341816.679004118,27526239.062740397,3815.578,4.00056e14,0.3652,-3.53269e6,1.76336e6,-4.42272e-9
1521101130,31330482.841611583,27507424.37740172,3823.058,4.01617e14,0.7567,-3.55024e6,1.76866e6,-4.43602e-9
1521101160,31319101.09725568,27488604.77815244,3830.496,3.96620e14,0.4969,-3.53865e6,1.77396e6,-4.44931e-9
1521101190,31307671.526598096,27469780.579797108,3837.891,3.98234e14,0.0918,-3.55641e6,1.77925e6,-4.46259e-9
1521101220,31296194.210854273,27450952.09852682,3845.242,4.00734e14,0.5352,-3.57816e6,1.78454e6,-4.47584e-9
1521101250,31284669.23179617,27432119.65192016,3852.550,4.00068e14,0.3682,-3.58575e6,1.78981e6,-4.48908e-9
1521101280,31273096.67175484,27413283.55894401,3859.813,3.99842e14,0.3115,-3.59529e6,1.79508e6,-4.50230e-9
1521101310,31261476.61362327,27394444.139954392,3867.032,3.98519e14,0.0203,-3.59986e6,1.80035e6,-4.51550e-9
1521101340,31249809.140859034,27375601.716697108,3874.207,3.96629e14,0.4946,-3.60181e6,1.80560e6,-4.52868e-9
1521101370,31238094.337487005,27356756.612308383,3881.338,3.95690e14,0.7302,-3.60801e6,1.81085e6,-4.54184e-9
1521101400,31226332.28810217,27337909.15131542,3888.423,3.93786e14,1.2079,-3.60978e6,1.81609e6,-4.55499e-9
1521101430,31214523.07785861,27319059.659661382,3895.463,3.95610e14,0.7501,-3.62852e6,1.82132e6,-4.56811e-9
1521101460,31202666.792514596,27300208.46463009,3902.458,3.96971e14,0.4089,-3.64515e6,1.82655e6,-4.58121e-9
1521101490,31190763.518392842,27281355.89492246,3909.408,3.98923e14,0.0809,-3.66453e6,1.83176e6,-4.59430e-9
1521101520,31178813.34239701,27262502.28063223,3916.311,4.01924e14,0.8339,-3.68878e6,1.83697e6,-4.60736e-9
1521101550,31166816.352014303,27243647.953246325,3923.168,4.01261e14,0.6676,-3.69615e6,1.84217e6,-4.62040e-9
1521101580,31154772.63531824,27224793.24564507,3929.979,3.99765e14,0.2921,-3.69963e6,1.84736e6,-4.63341e-9
1521101610,31142682.280971397,27205938.49210239,3936.744,3.96316e14,0.5730,-3.69399e6,1.85254e6,-4.64641e-9
1521101640,31130545.37822809,27187084.02828585,3943.461,3.93029e14,1.3978,-3.68898e6,1.85771e6,-4.65938e-9
1521101670,31118362.016937174,27168230.191256583,3950.132,3.91763e14,1.7153,-3.69332e6,1.86287e6,-4.67233e-9
1521101700,31106132.28754481,27149377.31946912,3956.755,3.89571e14,2.2652,-3.69327e6,1.86802e6,-4.68526e-9
1521101730,31093856.281112295,27130525.75274509,3963.331,3.98624e14,0.0058,-3.74596e6,1.87317e6,-4.69816e-9
1521101760,31081534.08927252,27111675.83235334,3969.858,4.01782e14,0.7983,-3.77111e6,1.87830e6,-4.71103e-9
1521101790,31069165.804279454,27092827.900928475,3976.338,3.93807e14,1.2026,-3.74372e6,1.88342e6,-4.72389e-9
1521101820,31056751.51899601,27073982.302496303,3982.769,3.95972e14,0.6595,-3.76414e6,1.88854e6,-4.73671e-9
1521101850,31044291.32689704,27055139.382472858,3989.152,4.00541e14,0.4868,-3.79601e6,1.89364e6,-4.74951e-9
1521101880,31031785.322072376,27036299.487663373,3995.486,3.97156e14,0.3624,-3.79010e6,1.89873e6,-4.76229e-9
1521101910,31019233.599229902,27017462.966261163,4001.771,3.93422e14,1.2991,-3.78242e6,1.90382e6,-4.77504e-9
1521101940,31006636.253698584,26998630.167846255,4008.006,3.98296e14,0.0763,-3.81583e6,1.90889e6,-4.78776e-9
1521101970,30993993.381431565,26979801.443384092,4014.192,4.01922e14,0.8333,-3.84335e6,1.91395e6,-4.80045e-9
1521102000,30981305.07900926,26960977.145224016,4020.328,3.92208e14,1.6037,-3.80674e6,1.91900e6,-4.81311e-9
1521102030,30968571.443631884,26942157.627114933,4026.414,3.90075e14,2.1389,-3.80644e6,1.92403e6,-4.82575e-9
1521102060,30955792.573155258,26923343.244150184,4032.449,3.95040e14,0.8933,-3.84040e6,1.92906e6,-4.83836e-9
1521102090,30942968.56606106,26904534.352819495,4038.434,3.98203e14,0.0996,-3.86573e6,1.93407e6,-4.85094e-9
1521102120,30930099.521470476,26885731.310989756,4044.368,3.99025e14,0.1066,-3.87973e6,1.93908e6,-4.86348e-9
1521102150,30917185.539147288,26866934.477903116,4050.251,3.93324e14,1.3237,-3.86192e6,1.94407e6,-4.87600e-9
1521102180,30904226.719500996,26848144.21417496,4056.083,3.98640e14,0.0100,-3.89779e6,1.94904e6,-4.88849e-9
1521102210,30891223.1635899,26829360.881791838,4061.862,4.04153e14,1.3929,-3.93474e6,1.95401e6,-4.90094e-9
1521102240,30878174.97312412,26810584.84410918,4067.590,3.98525e14,0.0190,-3.91706e6,1.95896e6,-4.91337e-9
1521102270,30865082.25046881,26791816.465848953,4073.266,3.99113e14,0.1286,-3.92984e6,1.96390e6,-4.92576e-9
1521102300,30851945.098647226,26773056.113097187,4078.889,3.98734e14,0.0336,-3.93782e6,1.96883e6,-4.93812e-9
1521102330,30838763.62134715,26754304.153301366,4084.459,3.93789e14,1.2071,-3.92317e6,1.97374e6,-4.95044e-9
1521102360,30825537.922913864,26735560.95526779,4089.977,3.93742e14,1.2189,-3.93268e6,1.97864e6,-4.96273e-9
1521102390,30812268.108363662,26716826.8891585,4095.441,3.95607e14,0.7509,-3.95167e6,1.98353e6,-4.97499e-9
1521102420,30798954.283383694,26698102.326488353,4100.852,3.98566e14,0.0086,-3.97613e6,1.98840e6,-4.98721e-9
1521102450,30785596.554335196,26679387.640121877,4106.209,4.00249e14,0.4135,-3.99426e6,1.99325e6,-4.99940e-9
1521102480,30772195.028256696,26660683.204269998,4111.512,3.98459e14,0.0354,-3.99499e6,1.99810e6,-5.01155e-9
1521102510,30758749.81286735,26641989.39448656,4116.760,3.97212e14,0.3483,-3.99839e6,2.00293e6,-5.02366e-9
1521102540,30745261.016570136,26623306.587664798,4121.954,3.99070e14,0.1179,-4.01735e6,2.00774e6,-5.03574e-9
1521102570,30731728.748455178,26604635.162033543,4127.094,3.94566e14,1.0121,-4.00422e6,2.01254e6,-5.04778e-9
1521102600,30718153.118303057,26585975.49715332,4132.178,3.90762e14,1.9665,-3.99449e6,2.01732e6,-5.05978e-9
1521102630,30704534.236590285,26567327.973894812,4137.206,3.95930e14,0.6699,-4.03014e6,2.02209e6,-5.07174e-9
1521102660,30690872.214486048,26548692.974488664,4142.179,3.95653e14,0.7395,-4.03821e6,2.02684e6,-5.08366e-9
1521102690,30677167.163862083,26530070.882466983,4147.096,3.94186e14,1.1075,-4.04017e6,2.03158e6,-5.09554e-9
1521102720,30663419.197293952,26511462.08267615,4151.957,4.01660e14,0.7675,-4.08773e6,2.03630e6,-5.10739e-9
1521102750,30649628.428064495,26492866.961272042,4156.761,3.97672e14,0.2329,-4.07676e6,2.04100e6,-5.11919e-9
1521102780,30635794.970167127,26474285.90571509,4161.509,3.91586e14,1.7597,-4.05490e6,2.04569e6,-5.13095e-9
1521102810,30621918.938309427,26455719.304765128,4166.200,4.00375e14,0.4452,-4.10935e6,2.05036e6,-5.14266e-9
1521102840,30608000.44791646,26437167.548476137,4170.833,4.01085e14,0.6233,-4.12234e6,2.05501e6,-5.15434e-9
1521102870,30594039.6151343,26418631.028190814,4175.409,3.97086e14,0.3800,-4.11098e6,2.05965e6,-5.16597e-9
1521102900,30580036.55683347,26400110.13653502,4179.926,3.98558e14,0.0105,-4.12783e6,2.06427e6,-5.17756e-9
1521102930,30565991.390606415,26381605.267440073,4184.386,3.96869e14,0.4345,-4.12826e6,2.06887e6,-5.18910e-9
1521102960,30551904.23478953,26363116.816050444,4188.787,3.98744e14,0.0360,-4.14716e6,2.07345e6,-5.20060e-9
1521102990,30537775.208448194,26344645.17880446,4193.130,4.03597e14,1.2535,-4.18158e6,2.07802e6,-5.21205e-9
1521103020,30523604.431386203,26326190.75340027,4197.414,3.97876e14,0.1818,-4.16085e6,2.08256e6,-5.22346e-9
1521103050,30509392.024149265,26307753.938789707,4201.638,3.92835e14,1.4465,-4.14351e6,2.08709e6,-5.23481e-9
1521103080,30495138.108028512,26289335.13517198,4205.803,3.98560e14,0.0101,-4.18249e6,2.09160e6,-5.24613e-9
1521103110,30480842.80506406,26270934.743987218,4209.908,3.99443e14,0.2114,-4.19611e6,2.09609e6,-5.25739e-9
1521103140,30466506.23804853,26252553.16790988,4213.953,3.98474e14,0.0318,-4.19996e6,2.10056e6,-5.26860e-9
1521103170,30452128.530530624,26234190.810841843,4217.938,3.99727e14,0.2827,-4.21547e6,2.10501e6,-5.27977e-9
1521103200,30437709.806818653,26215848.077905472,4221.862,4.01293e14,0.6755,-4.23263e6,2.10944e6,-5.29088e-9
1521103230,30423250.19199517,26197525.375405647,4225.725,3.99369e14,0.1928,-4.23128e6,2.11384e6,-5.30195e-9
1521103260,30408749.811886847,26179223.11091742,4229.527,4.00653e14,0.5148,-4.24688e6,2.11823e6,-5.31296e-9
1521103290,30394208.793101765,26160941.693182923,4233.267,3.98538e14,0.0157,-4.24438e6,2.12260e6,-5.32392e-9
1521103320,30379627.26302233,26142681.53213441,4236.946,3.95084e14,0.8822,-4.23465e6,2.12695e6,-5.33483e-9
1521103350,30365005.34980897,26124443.038885996,4240.562,3.98409e14,0.0481,-4.26104e6,2.13127e6,-5.34568e-9
1521103380,30350343.18240394,26106226.625725273,4244.117,3.99200e14,0.1504,-4.27389e6,2.13558e6,-5.35648e-9
1521103410,30335640.890535053,26088032.706104923,4247.608,3.98297e14,0.0761,-4.27761e6,2.13986e6,-5.36723e-9
1521103440,30320898.604719482,26069861.69463378,4251.037,3.93496e14,1.2807,-4.26031e6,2.14412e6,-5.37792e-9
1521103470,30306116.456267573,26051714.007068016,4254.402,3.94396e14,1.0549,-4.27358e6,2.14836e6,-5.38855e-9
1521103500,30291294.577286635,26033590.06030204,4257.705,3.96606e14,0.5003,-4.29390e6,2.15257e6,-5.39913e-9
1521103530,30276433.100669347,26015490.27238925,4260.943,3.97153e14,0.3632,-4.30522e6,2.15676e6,-5.40965e-9
1521103560,30261532.16014495,25997415.062439688,4264.117,3.96685e14,0.4805,-4.31101e6,2.16093e6,-5.42011e-9
1521103590,30246591.8902357,25979364.850703795,4267.227,3.94667e14,0.9868,-4.30832e6,2.16508e6,-5.43051e-9
1521103620,30231612.42627586,25961340.05853254,4270.272,3.94884e14,0.9324,-4.31771e6,2.16920e6,-5.44086e-9
1521103650,30216593.90441543,25943341.108367566,4273.253,3.98210e14,0.0979,-4.34400e6,2.17330e6,-5.45114e-9
1521103680,30201536.46162385,25925368.42373123,4276.168,3.99782e14,0.2965,-4.36073e6,2.17737e6,-5.46136e-9
1521103710,30186440.235693786,25907422.429216385,4279.018,3.94628e14,0.9967,-4.34063e6,2.18142e6,-5.47152e-9
1521103740,30171305.3652448,25889503.550475962,4281.802,3.97584e14,0.2551,-4.36484e6,2.18544e6,-5.48162e-9
1521103770,30156131.989727132,25871612.214212384,4284.520,3.98786e14,0.0464,-4.37943e6,2.18944e6,-5.49165e-9
1521103800,30140920.249425493,25853748.848166663,4287.171,4.00266e14,0.4179,-4.39553e6,2.19341e6,-5.50162e-9
1521103830,30125670.285478514,25835913.881080188,4289.756,4.05251e14,1.6685,-4.43091e6,2.19736e6,-5.51153e-9
1521103860,30110382.239834227,25818107.742767535,4292.274,3.99447e14,0.2125,-4.40678e6,2.20128e6,-5.52137e-9
1521103890,30095056.255302254,25800330.864020355,4294.725,3.95730e14,0.7200,-4.39402e6,2.20518e6,-5.53114e-9
1521103920,30079692.475542124,25782583.67662293,4297.109,3.99485e14,0.2220,-4.42253e6,2.20904e6,-5.54085e-9
1521103950,30064291.045067243,25764866.61333998,4299.424,4.01268e14,0.6693,-4.44012e6,2.21289e6,-5.55049e-9
1521103980,30048852.1092489,25747180.107904296,4301.672,4.01032e14,0.6101,-4.44646e6,2.21670e6,-5.56006e-9
1521104010,30033375.814320303,25729524.595004234,4303.851,3.98291e14,0.0777,-4.43879e6,2.22048e6,-5.56957e-9
1521104040,30017862.30738055,25711900.510270827,4305.962,3.96777e14,0.4574,-4.43786e6,2.22424e6,-5.57900e-9
1521104070,30002311.736398708,25694308.290264815,4308.003,4.01209e14,0.6545,-4.47007e6,2.22797e6,-5.58836e-9
1521104100,29986724.250217833,25676748.372463368,4309.976,3.98554e14,0.0118,-4.46264e6,2.23167e6,-5.59765e-9
1521104130,29971099.998546027,25659221.195268672,4311.879,3.96550e14,0.5144,-4.45875e6,2.23535e6,-5.60687e-9
1521104160,29955439.13200063,25641727.197926525,4313.712,3.99616e14,0.2548,-4.48324e6,2.23899e6,-5.61601e-9
1521104190,29939741.802072145,25624266.820580497,4315.475,4.02030e14,0.8605,-4.50406e6,2.24260e6,-5.62509e-9
1521104220,29924008.16114116,25606840.504236057,4317.168,3.97678e14,0.2314,-4.48674e6,2.24619e6,-5.63408e-9
1521104250,29908238.362482406,25589448.690746367,4318.790,3.93879e14,1.1845,-4.47240e6,2.24974e6,-5.64300e-9
1521104280,29892432.56026866,25572091.822797976,4320.341,3.98229e14,0.0933,-4.50399e6,2.25326e6,-5.65185e-9
1521104310,29876590.9095749,25554770.34389635,4321.821,3.95142e14,0.8677,-4.49350e6,2.25676e6,-5.66062e-9
1521104340,29860713.566382166,25537484.698351,4323.229,4.00543e14,0.4873,-4.53102e6,2.26022e6,-5.66931e-9
1521104370,29844800.687581673,25520235.331260495,4324.565,3.98507e14,0.0235,-4.52634e6,2.26365e6,-5.67792e-9
1521104400,29828852.430978816,25503022.688497312,4325.830,3.92478e14,1.5360,-4.49885e6,2.26705e6,-5.68645e-9
1521104430,29812868.955309607,25485847.216677457,4327.022,3.97843e14,0.1900,-4.53609e6,2.27041e6,-5.69490e-9
1521104460,29796850.420206595,25468709.363190603,4328.141,3.98355e14,0.0616,-4.54567e6,2.27375e6,-5.70327e-9
1521104490,29780796.986241117,25451609.57613816,4329.187,3.99736e14,0.2848,-4.56016e6,2.27705e6,-5.71156e-9
1521104520,29764708.814915095,25434548.30433192,4330.161,3.97517e14,0.2719,-4.55402e6,2.28032e6,-5.71977e-9
1521104550,29748586.06866524,25417525.99727751,4331.060,3.96238e14,0.5927,-4.55316e6,2.28355e6,-5.72789e-9
1521104580,29732428.9108672,25400543.105157647,4331.886,3.95229e14,0.8458,-4.55376e6,2.28675e6,-5.73593e-9
1521104610,29716237.505839832,25383600.078815162,4332.637,3.94802e14,0.9530,-4.55761e6,2.28992e6,-5.74388e-9
1521104640,29700012.018849332,25366697.369735714,4333.315,3.98584e14,0.0040,-4.58561e6,2.29305e6,-5.75175e-9
1521104670,29683752.61611347,25349835.430030394,4333.917,3.97327e14,0.3195,-4.58456e6,2.29615e6,-5.75952e-9
1521104700,29667459.464805767,25333014.712417945,4334.445,3.99371e14,0.1934,-4.60247e6,2.29921e6,-5.76722e-9
1521104730,29651132.73304417,25316235.67021558,4334.897,3.99006e14,0.1016,-4.60642e6,2.30224e6,-5.77482e-9
1521104760,29634772.58994318,25299498.757293873,4335.274,3.92514e14,1.5268,-4.57488e6,2.30523e6,-5.78233e-9
1521104790,29618379.205570094,25282804.428085413,4335.575,3.93768e14,1.2123,-4.58801e6,2.30819e6,-5.78975e-9
1521104820,29601952.7509646,25266153.13755743,4335.800,3.97052e14,0.3885,-4.61285e6,2.31110e6,-5.79709e-9
1521104850,29585493.39814283,25249545.341192983,4335.948,3.99370e14,0.1931,-4.63206e6,2.31399e6,-5.80432e-9
1521104880,29569001.320101522,25232981.49497192,4336.020,3.98141e14,0.1153,-4.63062e6,2.31683e6,-5.81147e-9
1521104910,29552476.690822084,25216462.055351585,4336.015,3.97669e14,0.2336,-4.63349e6,2.31964e6,-5.81852e-9
1521104940,29535919.685274713,25199987.479247306,4335.932,4.01123e14,0.6327,-4.65914e6,2.32241e6,-5.82548e-9
1521104970,29519330.479422495,25183558.224012606,4335.772,4.01686e14,0.7741,-4.66791e6,2.32514e6,-5.83234e-9
1521105000,29502709.250225525,25167174.747419205,4335.535,3.99319e14,0.1802,-4.65950e6,2.32783e6,-5.83910e-9
1521105030,29486056.1756642,25150837.507634386,4335.219,3.96076e14,0.6335,-4.64585e6,2.33049e6,-5.84577e-9
1521105060,29469371.43468445,25134546.96320812,4334.824,3.96377e14,0.5578,-4.65283e6,2.33310e6,-5.85234e-9
1521105090,29452655.207260855,25118303.573044535,4334.352,3.99945e14,0.3374,-4.67888e6,2.33568e6,-5.85881e-9
1521105120,29435907.674381867,25102107.79638353,4333.800,3.99649e14,0.2631,-4.68222e6,2.33821e6,-5.86518e-9
1521105150,29419129.018054165,25085960.092779543,4333.169,3.98849e14,0.0623,-4.68252e6,2.34070e6,-5.87145e-9
1521105180,29402319.421306994,25069860.92208011,4332.458,4.00211e14,0.4041,-4.69544e6,2.34316e6,-5.87761e-9
1521105210,29385479.06819649,25053810.74440421,4331.668,3.99532e14,0.2336,-4.69628e6,2.34557e6,-5.88367e-9
1521105240,29368608.14381004,25037810.020120308,4330.798,3.98414e14,0.0469,-4.69445e6,2.34794e6,-5.88963e-9
1521105270,29351706.83427062,25021859.20982418,4329.848,3.93456e14,1.2906,-4.66989e6,2.35027e6,-5.89549e-9
1521105300,29334775.326741107,25005958.774316523,4328.817,3.88292e14,2.5861,-4.64396e6,2.35256e6,-5.90123e-9
1521105330,29317813.809410412,24990109.174577136,4327.705,3.92128e14,1.6237,-4.67105e6,2.35480e6,-5.90688e-9
1521105360,29300822.47155402,24974310.871751714,4326.512,3.93730e14,1.2219,-4.68490e6,2.35700e6,-5.91241e-9
1521105390,29283801.50348202,24958564.327119265,4325.237,3.92142e14,1.6203,-4.67979e6,2.35916e6,-5.91784e-9
1521105420,29266751.096561544,24942870.002071764,4323.881,3.96221e14,0.5969,-4.70815e6,2.36128e6,-5.92315e-9
1521105450,29249671.44322083,24927228.35809047,4322.443,3.99740e14,0.2859,-4.73315e6,2.36335e6,-5.92836e-9
1521105480,29232562.736953445,24911639.856722128,4320.923,4.00478e14,0.4712,-4.74159e6,2.36537e6,-5.93345e-9
1521105510,29215425.17232247,24896104.959554862,4319.320,3.97114e14,0.3729,-4.72559e6,2.36735e6,-5.93843e-9
1521105540,29198258.94496457,24880624.12819381,4317.635,3.94290e14,1.0815,-4.71267e6,2.36929e6,-5.94330e-9
1521105570,29181064.251594163,24865197.824236583,4315.866,4.01175e14,0.6460,-4.75739e6,2.37118e6,-5.94805e-9
1521105600,29163841.290007602,24849826.509248506,4314.015,3.99616e14,0.2547,-4.75181e6,2.37302e6,-5.95269e-9
1521105630,29146590.259097986,24834510.644742943,4312.080,3.95959e14,0.6628,-4.73363e6,2.37482e6,-5.95722e-9
1521105660,29129311.35882624,24819250.692139667,4310.061,3.99609e14,0.2530,-4.75889e6,2.37657e6,-5.96162e-9
1521105690,29112004.790258367,24804047.11275553,4307.958,3.98664e14,0.0159,-4.75667e6,2.37828e6,-5.96591e-9
1521105720,29094670.755558964,24788900.36777363,4305.770,3.93688e14,1.2324,-4.73028e6,2.37993e6,-5.97008e-9
1521105750,29077309.45799547,24773810.9182175,4303.499,3.98160e14,0.1106,-4.76020e6,2.38154e6,-5.97413e-9
1521105780,29059921.101942312,24758779.224925023,4301.142,4.05785e14,1.8024,-4.80891e6,2.38310e6,-5.97806e-9
1521105810,29042505.89288521,24743805.748522077,4298.700,4.01343e14,0.6881,-4.78540e6,2.38462e6,-5.98186e-9
1521105840,29025064.037425347,24728890.949396115,4296.173,3.95163e14,0.8624,-4.75134e6,2.38608e6,-5.98555e-9
1521105870,29007595.743283626,24714035.287669387,4293.560,3.94932e14,0.9203,-4.75278e6,2.38749e6,-5.98911e-9
1521105900,28990101.219304882,24699239.22317206,4290.862,3.97624e14,0.2449,-4.77164e6,2.38886e6,-5.99254e-9
1521105930,28972580.675464313,24684503.215415772,4288.077,3.98852e14,0.0630,-4.78163e6,2.39017e6,-5.99585e-9
1521105960,28955034.32286497,24669827.72356385,4285.207,4.02050e14,0.8655,-4.80335e6,2.39143e6,-5.99904e-9
1521105990,28937462.37374865,24655213.20640652,4282.249,4.01562e14,0.7431,-4.80286e6,2.39265e6,-6.00209e-9
1521106020,28919865.041497942,24640660.12233209,4279.205,3.96101e14,0.6271,-4.77240e6,2.39381e6,-6.00502e-9
1521106050,28902242.540640462,24626168.929299068,4276.074,3.97476e14,0.2820,-4.78288e6,2.39492e6,-6.00782e-9
1521106080,28884595.08685305,24611740.084807906,4272.855,4.01699e14,0.7773,-4.81038e6,2.39597e6,-6.01049e-9
1521106110,28866922.89696596,24597374.045872662,4269.549,4.01686e14,0.7740,-4.81232e6,2.39698e6,-6.01302e-9
1521106140,28849226.188967038,24583071.268992297,4266.155,4.00599e14,0.5014,-4.80770e6,2.39793e6,-6.01542e-9
1521106170,28831505.182005838,24568832.210121915,4262.673,3.98299e14,0.0757,-4.79567e6,2.39883e6,-6.01770e-9
1521106200,28813760.096397813,24554657.32464368,4259.103,3.98038e14,0.1410,-4.79580e6,2.39967e6,-6.01983e-9
1521106230,28795991.15361188,24540547.067326296,4255.444,3.98134e14,0.1171,-4.79796e6,2.40047e6,-6.02183e-9
1521106260,28778198.576325208,24526501.892330553,4251.697,3.97142e14,0.3658,-4.79347e6,2.40120e6,-6.02370e-9
1521106290,28760382.588376712,24512522.25314443,4247.860,3.99468e14,0.2176,-4.80885e6,2.40189e6,-6.02542e-9
1521106320,28742543.414787278,24498608.602564655,4243.935,3.98086e14,0.1290,-4.80178e6,2.40251e6,-6.02701e-9
1521106350,28724681.28176367,24484761.392666522,4239.920,3.99365e14,0.1917,-4.81064e6,2.40308e6,-6.02846e-9
1521106380,28706796.41670243,24470981.074773684,4235.815,3.99857e14,0.3152,-4.81465e6,2.40360e6,-6.02977e-9
1521106410,28688889.04819371,24457268.099427678,4231.621,3.99338e14,0.1852,-4.81245e6,2.40406e6,-6.03094e-9
1521106440,28670959.40602516,24443622.916357275,4227.336,4.01378e14,0.6968,-4.82556e6,2.40446e6,-6.03197e-9
1521106470,28653007.72118576,24430045.974447716,4222.962,4.00936e14,0.5861,-4.82360e6,2.40481e6,-6.03285e-9
1521106500,28635034.225869607,24416537.72170969,4218.497,4.00317e14,0.4305,-4.82044e6,2.40510e6,-6.03359e-9
1521106530,28617039.153506994,24403098.605268672,4213.941,3.99449e14,0.2128,-4.81567e6,2.40533e6,-6.03419e-9
1521106560,28599022.73868453,24389729.071270812,4209.294,3.99355e14,0.1893,-4.81546e6,2.40550e6,-6.03464e-9
1521106590,28580985.21723258,24376429.564914603,4204.556,3.96859e14,0.4368,-4.80063e6,2.40561e6,-6.03494e-9
1521106620,28562926.826202214,24363200.530399024,4199.726,3.99950e14,0.3387,-4.81941e6,2.40567e6,-6.03509e-9
1521106650,28544847.803869225,24350042.41089197,4194.805,4.01766e14,0.7942,-4.83036e6,2.40566e6,-6.03510e-9
1521106680,28526748.389738128,24336955.648498602,4189.793,3.93333e14,1.3214,-4.77935e6,2.40560e6,-6.03495e-9
1521106710,28508628.824546095,24323940.684229486,4184.688,3.95027e14,0.8965,-4.78933e6,2.40547e6,-6.03466e-9
1521106740,28490489.35026692,24310997.95796862,4179.491,4.03145e14,1.1402,-4.83796e6,2.40529e6,-6.03421e-9
1521106770,28472330.210114893,24298127.90844129,4174.202,3.98495e14,0.0265,-4.80941e6,2.40504e6,-6.03362e-9
1521106800,28454151.64854872,24285330.973181803,4168.821,3.95062e14,0.8877,-4.78809e6,2.40474e6,-6.03286e-9
1521106830,28435953.911244277,24272607.58847985,4163.346,3.99138e14,0.1348,-4.81195e6,2.40437e6,-6.03196e-9
1521106860,28417737.2451941,24259958.189413548,4157.779,3.99822e14,0.3066,-4.81523e6,2.40394e6,-6.03090e-9
1521106890,28399501.89861552,24247383.20975091,4152.119,3.98676e14,0.0190,-4.80734e6,2.40345e6,-6.02968e-9
1521106920,28381248.120985027,24234883.08193818,4146.365,3.98290e14,0.0778,-4.80390e6,2.40289e6,-6.02830e-9
1521106950,28362976.16304176,24222458.23706678,4140.518,3.95776e14,0.7085,-4.78753e6,2.40227e6,-6.02677e-9
1521106980,28344686.276790917,24210109.10484013,4134.577,4.00056e14,0.3651,-4.81196e6,2.40159e6,-6.02508e-9
1521107010,28326378.715507194,24197836.113540296,4128.543,3.99088e14,0.1223,-4.80464e6,2.40084e6,-6.02323e-9
1521107040,28308053.73373807,24185639.689994555,4122.414,3.93850e14,1.1917,-4.77149e6,2.40003e6,-6.02121e-9
1521107070,28289711.587307204,24173520.259541947,4116.191,3.98683e14,0.0207,-4.79885e6,2.39916e6,-6.01904e-9
1521107100,28271352.533317648,24161478.245999623,4109.874,4.00554e14,0.4902,-4.80824e6,2.39822e6,-6.01670e-9
1521107130,28252976.830182422,24149514.071645126,4103.463,3.99357e14,0.1897,-4.79903e6,2.39722e6,-6.01420e-9
1521107160,28234584.737543866,24137628.157133397,4096.957,3.98073e14,0.1324,-4.78917e6,2.39615e6,-6.01153e-9
1521107190,28216176.516360827,24125820.921512354,4090.356,3.95973e14,0.6592,-4.77429e6,2.39501e6,-6.00870e-9
1521107220,28197752.428884845,24114092.782173175,4083.660,3.97841e14,0.1904,-4.78313e6,2.39381e6,-6.00571e-9
1521107250,28179312.73866359,24102444.154816344,4076.869,3.99966e14,0.3427,-4.79335e6,2.39254e6,-6.00254e-9
1521107280,28160857.710544188,24090875.453417804,4069.982,3.94506e14,1.0272,-4.75793e6,2.39120e6,-5.99921e-9
1521107310,28142387.61067654,24079387.090195008,4063.001,3.93391e14,1.3069,-4.74846e6,2.38980e6,-5.99571e-9
1521107340,28123902.706516623,24067979.475572895,4055.923,3.96312e14,0.5741,-4.76305e6,2.38833e6,-5.99204e-9
1521107370,28105403.266829744,24056653.01814982,4048.750,3.94882e14,0.9329,-4.75142e6,2.38679e6,-5.98820e-9
1521107400,28086889.561693713,24045408.124663476,4041.481,4.00143e14,0.3870,-4.77971e6,2.38518e6,-5.98418e-9
1521107430,28068361.862484764,24034245.19994753,4034.117,4.01526e14,0.7340,-4.78463e6,2.38350e6,-5.98000e-9
1521107460,28049820.441933945,24023164.646925848,4026.656,3.98279e14,0.0806,-4.76173e6,2.38176e6,-5.97564e-9
1521107490,28031265.57407682,24012166.866549846,4019.099,3.93055e14,1.3911,-4.72692e6,2.37994e6,-5.97110e-9
1521107520,28012697.534273636,24001252.25777337,4011.445,3.89875e14,2.1891,-4.70420e6,2.37806e6,-5.96640e-9
1521107550,27994116.59921216,23990421.217518393,4003.695,3.96242e14,0.5917,-4.73830e6,2.37610e6,-5.96151e-9
1521107580,27975523.046910416,23979674.140640642,3995.849,4.00167e14,0.3931,-4.75766e6,2.37408e6,-5.95645e-9
1521107610,27956917.156719547,23969011.419895355,3987.906,3.99499e14,0.2254,-4.74948e6,2.37198e6,-5.95121e-9
1521107640,27938299.209326357,23958433.445902813,3979.866,3.95703e14,0.7270,-4.72258e6,2.36982e6,-5.94580e-9
1521107670,27919669.48675601,23947940.6071141,3971.729,3.94537e14,1.0194,-4.71121e6,2.36758e6,-5.94020e-9
1521107700,27901028.272374596,23937533.289776705,3963.495,3.94846e14,0.9419,-4.70845e6,2.36527e6,-5.93443e-9
1521107730,27882375.85089672,23927211.877907187,3955.164,3.99473e14,0.2190,-4.73115e6,2.36288e6,-5.92847e-9
1521107760,27863712.50837232,23916976.753235746,3946.736,4.01161e14,0.6424,-4.73624e6,2.36043e6,-5.92233e-9
1521107790,27845038.53220478,23906828.29519294,3938.210,3.96522e14,0.5214,-4.70373e6,2.35790e6,-5.91601e-9
1521107820,27826354.211148232,23896766.880868837,3929.587,3.98585e14,0.0038,-4.71075e6,2.35530e6,-5.90951e-9
1521107850,27807659.835309945,23886792.88497887,3920.867,4.01333e14,0.6857,-4.72163e6,2.35263e6,-5.90282e-9
1521107880,27788955.696152553,23876906.679829795,3912.049,4.00064e14,0.3671,-4.70864e6,2.34988e6,-5.89595e-9
1521107910,27770242.08649647,23867108.635285757,3903.133,3.99808e14,0.3031,-4.70149e6,2.34706e6,-5.88890e-9
1521107940,27751519.30052189,23857399.118734322,3894.120,3.97324e14,0.3202,-4.68109e6,2.34416e6,-5.88165e-9
1521107970,27732787.633771066,23847778.49505261,3885.009,3.98064e14,0.1345,-4.67951e6,2.34119e6,-5.87423e-9
1521108000,27714047.38315037,23838247.12657355,3875.800,3.97543e14,0.2654,-4.67038e6,2.33815e6,-5.86661e-9
1521108030,27695298.846938677,23828805.373046227,3866.493,3.94097e14,1.1297,-4.64397e6,2.33503e6,-5.85880e-9
1521108060,27676542.32476965,23819453.59162035,3857.089,3.93298e14,1.3304,-4.63295e6,2.33184e6,-5.85081e-9
1521108090,27657778.11765351,23810192.136794843,3847.586,3.97243e14,0.3405,-4.64951e6,2.32857e6,-5.84263e-9
1521108120,27639006.52797243,23801021.36039017,3837.985,3.98083e14,0.1297,-4.64774e6,2.32522e6,-5.83425e-9
1521108150,27620227.859482415,23791941.611514825,3828.286,3.94972e14,0.9104,-4.62278e6,2.32180e6,-5.82569e-9
1521108180,27601442.417315017,23782953.23653212,3818.489,3.98020e14,0.1456,-4.63355e6,2.31830e6,-5.81693e-9
1521108210,27582650.507979095,23774056.57902696,3808.594,4.00521e14,0.4818,-4.64094e6,2.31472e6,-5.80798e-9
1521108240,27563852.43936232,23765251.9797728,3798.600,4.01087e14,0.6239,-4.63691e6,2.31107e6,-5.79884e-9
1521108270,27545048.520732783,23756539.776698727,3788.509,4.01107e14,0.6288,-4.62955e6,2.30734e6,-5.78951e-9
1521108300,27526239.062740397,23747920.304856565,3778.319,4.00121e14,0.3815,-4.61622e6,2.30353e6,-5.77998e-9
1521108330,27507424.37740172,23739393.896390058,3768.030,3.99469e14,0.2180,-4.60469e6,2.29965e6,-5.77025e-9
1521108360,27488604.77815244,23730960.88049705,3757.644,4.00594e14,0.5003,-4.60324e6,2.29569e6,-5.76033e-9
1521108390,27469780.579797108,23722621.58340215,3747.159,4.00252e14,0.4142,-4.59318e6,2.29164e6,-5.75022e-9
1521108420,27450952.09852682,23714376.328322936,3736.576,3.97611e14,0.2482,-4.56977e6,2.28753e6,-5.73990e-9
1521108450,27432119.65192016,23706225.435437985,3725.894,3.98022e14,0.1451,-4.56375e6,2.28333e6,-5.72939e-9
1521108480,27413283.55894401,23698169.221854948,3715.114,4.02765e14,1.0448,-4.58234e6,2.27905e6,-5.71869e-9
1521108510,27394444.139954392,23690208.001579028,3704.236,3.99023e14,0.1060,-4.55223e6,2.27469e6,-5.70778e-9
1521108540,27375601.716697108,23682342.085481405,3693.260,4.00320e14,0.4314,-4.55075e6,2.27026e6,-5.69668e-9
1521108570,27356756.612308383,23674571.781268056,3682.185,4.01820e14,0.8077,-4.55024e6,2.26575e6,-5.68537e-9
1521108600,27337909.15131542,23666897.393448696,3671.012,4.01064e14,0.6180,-4.53673e6,2.26115e6,-5.67387e-9
1521108630,27319059.659661382,23659319.22330944,3659.740,4.00318e14,0.4308,-4.52314e6,2.25648e6,-5.66216e-9
1521108660,27300208.46463009,23651837.56887142,3648.371,4.00019e14,0.3559,-4.51193e6,2.25172e6,-5.65026e-9
1521108690,27281355.89492246,23644452.724871293,3636.903,4.03314e14,1.1826,-4.52083e6,2.24689e6,-5.63815e-9
1521108720,27262502.28063223,23637164.98272759,3625.337,3.98958e14,0.0897,-4.48645e6,2.24197e6,-5.62584e-9
1521108750,27243647.953246325,23629974.630510893,3613.673,3.99597e14,0.2499,-4.48004e6,2.23698e6,-5.61333e-9
1521108780,27224793.24564507,23622881.952914115,3601.911,4.00171e14,0.3941,-4.47311e6,2.23190e6,-5.60061e-9
1521108810,27205938.49210239,23615887.23122326,3590.051,4.01299e14,0.6769,-4.46908e6,2.22674e6,-5.58769e-9
1521108840,27187084.02828585,23608990.7432882,3578.093,4.00545e14,0.4877,-4.45437e6,2.22150e6,-5.57457e-9
1521108870,27168230.191256583,23602192.76349389,3566.037,3.98489e14,0.0280,-4.43228e6,2.21618e6,-5.56125e-9
1521108900,27149377.31946912,23595493.562731788,3553.884,4.07993e14,2.3563,-4.47421e6,2.21078e6,-5.54772e-9
1521108930,27130525.75274509,23588893.40836622,3541.632,4.02289e14,0.9253,-4.43156e6,2.20530e6,-5.53398e-9
1521108960,27111675.83235334,23582392.564222585,3529.283,3.89772e14,2.2148,-4.35129e6,2.19973e6,-5.52004e-9
1521108990,27092827.900928475,23575991.290543433,3516.837,3.96913e14,0.4234,-4.37945e6,2.19409e6,-5.50589e-9
1521109020,27073982.302496303,23569689.8439662,3504.292,4.01297e14,0.6766,-4.39210e6,2.18836e6,-5.49154e-9
1521109050,27055139.382472858,23563488.477495972,3491.651,3.97341e14,0.3158,-4.35878e6,2.18255e6,-5.47698e-9
1521109080,27036299.487663373,23557387.440478593,3478.912,3.98095e14,0.1268,-4.35114e6,2.17665e6,-5.46222e-9
1521109110,27017462.966261163,23551386.97857409,3466.076,4.01944e14,0.8387,-4.36016e6,2.17068e6,-5.44725e-9
1521109140,26998630.167846255,23545487.333730362,3453.143,3.98500e14,0.0251,-4.32930e6,2.16462e6,-5.43207e-9
1521109170,26979801.443384092,23539688.744157225,3440.113,3.95663e14,0.7370,-4.30165e6,2.15848e6,-5.41668e-9
1521109200,26960977.145224016,23533991.444300756,3426.986,3.99895e14,0.3247,-4.31212e6,2.15225e6,-5.40109e-9
1521109230,26942157.627114933,23528395.664823126,3413.762,3.99120e14,0.1303,-4.29532e6,2.14595e6,-5.38528e-9
1521109260,26923343.244150184,23522901.63256205,3400.442,3.97060e14,0.3866,-4.27148e6,2.13956e6,-5.36927e-9
1521109290,26904534.352819495,23517509.5705216,3387.025,3.98879e14,0.0700,-4.26831e6,2.13308e6,-5.35305e-9
1521109320,26885731.310989756,23512219.697843064,3373.512,4.02229e14,0.9103,-4.27307e6,2.12653e6,-5.33663e-9
1521109350,26866934.477903116,23507032.22978103,3359.902,4.04208e14,1.4069,-4.27027e6,2.11989e6,-5.31999e-9
1521109380,26848144.21417496,23501947.377679937,3346.197,3.99919e14,0.3307,-4.23399e6,2.11317e6,-5.30314e-9
1521109410,26829360.881791838,23496965.348950908,3332.396,3.97406e14,0.2996,-4.20708e6,2.10636e6,-5.28609e-9
1521109440,26810584.84410918,23492086.347049024,3318.498,3.99540e14,0.2358,-4.20458e6,2.09947e6,-5.26882e-9
1521109470,26791816.465848953,23487310.571450964,3304.506,3.97635e14,0.2422,-4.18062e6,2.09250e6,-5.25135e-9
1521109500,26773056.113097187,23482638.21763298,3290.418,3.96959e14,0.4118,-4.16299e6,2.08544e6,-5.23367e-9
1521109530,26754304.153301366,23478069.47703838,3276.235,3.99325e14,0.1818,-4.16109e6,2.07830e6,-5.21578e-9
1521109560,26735560.95526779,23473604.537090074,3261.956,4.04112e14,1.3827,-4.17152e6,2.07108e6,-5.19767e-9
1521109590,26716826.8891585,23469243.581136078,3247.583,4.04976e14,1.5994,-4.16129e6,2.06377e6,-5.17936e-9
1521109620,26698102.326488353,23464986.788439926,3233.116,4.00618e14,0.5062,-4.12391e6,2.05638e6,-5.16084e-9
1521109650,26679387.640121877,23460834.33416063,3218.553,3.96055e14,0.6387,-4.08547e6,2.04891e6,-5.14211e-9
1521109680,26660683.204269998,23456786.38933308,3203.897,3.99738e14,0.2853,-4.08928e6,2.04135e6,-5.12317e-9
1521109710,26641989.39448656,23452843.120848853,3189.146,4.02380e14,0.9482,-4.08747e6,2.03371e6,-5.10402e-9
1521109740,26623306.587664798,23449004.691437434,3174.302,3.95020e14,0.8982,-4.03453e6,2.02599e6,-5.08466e-9
1521109770,26604635.162033543,23445271.25964791,3159.364,3.99933e14,0.3344,-4.04388e6,2.01818e6,-5.06509e-9
1521109800,26585975.49715332,23441642.979831144,3144.333,4.02678e14,1.0231,-4.04193e6,2.01029e6,-5.04531e-9
1521109830,26567327.973894812,23438120.00214398,3129.208,3.97659e14,0.2361,-4.00068e6,2.00231e6,-5.02532e-9
1521109860,26548692.974488664,23434702.472465534,3113.991,4.04269e14,1.4221,-4.01767e6,1.99426e6,-5.00512e-9
1521109890,26530070.882466983,23431390.53244753,3098.680,4.00971e14,0.5947,-3.98484e6,1.98611e6,-4.98471e-9
1521109920,26511462.08267615,23428184.31947683,3083.278,3.92118e14,1.6264,-3.92440e6,1.97789e6,-4.96410e-9
1521109950,26492866.961272042,23425083.966660015,3067.783,3.99141e14,0.1355,-3.94264e6,1.96958e6,-4.94327e-9
1521109980,26474285.90571509,23422089.60280839,3052.196,4.03929e14,1.3369,-3.94943e6,1.96119e6,-4.92224e-9
1521110010,26455719.304765128,23419201.352423586,3036.518,3.99902e14,0.3265,-3.91263e6,1.95272e6,-4.90099e-9
1521110040,26437167.548476137,23416419.335683428,3020.748,4.00732e14,0.5349,-3.89955e6,1.94416e6,-4.87954e-9
1521110070,26418631.028190814,23413743.668428473,3004.887,4.00158e14,0.3907,-3.87944e6,1.93552e6,-4.85788e-9
1521110100,26400110.13653502,23411174.46214882,2988.936,3.99675e14,0.2695,-3.85963e6,1.92680e6,-4.83601e-9
1521110130,26381605.267440073,23408711.823940918,2972.893,4.04222e14,1.4103,-3.86389e6,1.91799e6,-4.81394e-9
1521110160,26363116.816050444,23406355.85658979,2956.761,4.03128e14,1.1358,-3.84075e6,1.90910e6,-4.79166e-9
1521110190,26344645.17880446,23404106.658462755,2940.539,3.95359e14,0.8132,-3.78567e6,1.90013e6,-4.76917e-9
1521110220,26326190.75340027,23401964.323528588,2924.226,4.00019e14,0.3560,-3.78976e6,1.89108e6,-4.74647e-9
1521110250,26307753.938789707,23399928.94134653,2907.825,4.06529e14,1.9892,-3.80221e6,1.88195e6,-4.72357e-9
1521110280,26289335.13517198,23398000.59705584,2891.335,3.99642e14,0.2614,-3.75123e6,1.87273e6,-4.70046e-9
1521110310,26270934.743987218,23396179.37136578,2874.755,3.97238e14,0.3419,-3.72137e6,1.86343e6,-4.67714e-9
1521110340,26252553.16790988,23394465.340546153,2858.088,3.98710e14,0.0276,-3.70949e6,1.85405e6,-4.65362e-9
1521110370,26234190.810841843,23392858.57641827,2841.332,3.99813e14,0.3043,-3.69568e6,1.84459e6,-4.62989e-9
1521110400,26215848.077905472,23391359.146346547,2824.489,3.96755e14,0.4631,-3.66248e6,1.83504e6,-4.60596e-9
1521110430,26197525.375405647,23389967.11325772,2807.558,4.00581e14,0.4969,-3.66081e6,1.82542e6,-4.58183e-9
1521110460,26179223.11091742,23388682.535549484,2790.541,3.99673e14,0.2691,-3.63722e6,1.81571e6,-4.55749e-9
1521110490,26160941.693182923,23387505.467167713,2773.436,3.96343e14,0.5664,-3.60252e6,1.80592e6,-4.53295e-9
1521110520,26142681.53213441,23386435.95757306,2756.246,4.00083e14,0.3719,-3.59971e6,1.79605e6,-4.50821e-9
1521110550,26124443.038885996,23385474.05173533,2738.969,3.99605e14,0.2520,-3.57764e6,1.78611e6,-4.48326e-9
1521110580,26106226.625725273,23384619.7901283,2721.607,3.99955e14,0.3398,-3.55912e6,1.77608e6,-4.45811e-9
1521110610,26088032.706104923,23383873.208725218,2704.159,3.97734e14,0.2175,-3.52903e6,1.76597e6,-4.43276e-9
1521110640,26069861.69463378,23383234.33899468,2686.627,4.02016e14,0.8568,-3.52755e6,1.75578e6,-4.40721e-9
1521110670,26051714.007068016,23382703.207897104,2669.011,4.06990e14,2.1049,-3.52873e6,1.74551e6,-4.38146e-9
1521110700,26033590.06030204,23382279.83788175,2651.310,3.98340e14,0.0652,-3.47014e6,1.73516e6,-4.35552e-9
1521110730,26015490.27238925,23381964.246869296,2633.526,3.93808e14,1.2023,-3.42968e6,1.72474e6,-4.32937e-9
1521110760,25997415.062439688,23381756.44829582,2615.659,3.94998e14,0.9037,-3.41392e6,1.71423e6,-4.30302e-9
1521110790,25979364.850703795,23381656.451065294,2597.708,3.97401e14,0.3010,-3.40313e6,1.70365e6,-4.27648e-9
1521110820,25961340.05853254,23381664.259563472,2579.676,4.02773e14,1.0467,-3.40467e6,1.69299e6,-4.24974e-9
1521110850,25943341.108367566,23381779.873657297,2561.561,3.98721e14,0.0303,-3.36597e6,1.68225e6,-4.22281e-9
1521110880,25925368.42373123,23382003.28869491,2543.365,4.00301e14,0.4265,-3.35096e6,1.67143e6,-4.19568e-9
1521110910,25907422.429216385,23382334.495506216,2525.088,4.07496e14,2.2317,-3.35912e6,1.66053e6,-4.16835e-9
1521110940,25889503.550475962,23382773.480403785,2506.730,4.05201e14,1.6559,-3.32743e6,1.64956e6,-4.14083e-9
1521110970,25871612.214212384,23383320.225184467,2488.292,4.02773e14,1.0469,-3.29517e6,1.63851e6,-4.11312e-9
1521111000,25853748.848166663,23383974.707131393,2469.774,3.99381e14,0.1959,-3.25895e6,1.62739e6,-4.08522e-9
1521111030,25835913.881080188,23384736.89901789,2451.177,3.92715e14,1.4765,-3.20948e6,1.61619e6,-4.05712e-9
1521111060,25818107.742767535,23385606.76910648,2432.501,4.01397e14,0.7015,-3.22207e6,1.60491e6,-4.02884e-9
1521111090,25800330.864020355,23386584.281156596,2413.747,4.07056e14,2.1213,-3.22193e6,1.59355e6,-4.00036e-9
1521111120,25782583.67662293,23387669.39442731,2394.914,3.97900e14,0.1758,-3.16247e6,1.58213e6,-3.97170e-9
1521111150,25764866.61333998,23388862.063682064,2376.005,3.95923e14,0.6718,-3.13169e6,1.57062e6,-3.94285e-9
1521111180,25747180.107904296,23390162.23919376,2357.018,3.97449e14,0.2889,-3.11459e6,1.55905e6,-3.91381e-9
1521111210,25729524.595004234,23391569.866750512,2337.955,4.04323e14,1.4357,-3.11803e6,1.54740e6,-3.88459e-9
1521111240,25711900.510270827,23393084.887661796,2318.816,4.03947e14,1.3414,-3.09296e6,1.53567e6,-3.85518e-9
1521111270,25694308.290264815,23394707.238765188,2299.601,3.96231e14,0.5944,-3.03969e6,1.52387e6,-3.82559e-9
1521111300,25676748.372463368,23396436.85243359,2280.312,3.92952e14,1.4170,-3.00358e6,1.51200e6,-3.79581e-9
1521111330,25659221.195268672,23398273.656583898,2260.948,3.93770e14,1.2118,-2.98294e6,1.50006e6,-3.76585e-9
1521111360,25641727.197926525,23400217.574682362,2241.510,3.96918e14,0.4220,-2.97082e6,1.48804e6,-3.73571e-9
1521111390,25624266.820580497,23402268.52575628,2221.998,3.95982e14,0.6569,-2.94323e6,1.47596e6,-3.70539e-9
1521111420,25606840.504236057,23404426.42440235,2202.414,3.95621e14,0.7474,-2.91767e6,1.46380e6,-3.67490e-9
1521111450,25589448.690746367,23406691.18079643,2182.758,3.92694e14,1.4819,-2.88263e6,1.45157e6,-3.64422e-9
1521111480,25572091.822797976,23409062.70070382,2163.029,3.91709e14,1.7290,-2.85466e6,1.43927e6,-3.61337e-9
1521111510,25554770.34389635,23411540.88549008,2143.229,3.99877e14,0.3202,-2.85940e6,1.42690e6,-3.58234e-9
1521111540,25537484.698351,23414125.632132288,2123.359,3.95977e14,0.6582,-2.82063e6,1.41446e6,-3.55114e-9
1521111570,25520235.331260495,23416816.83323088,2103.418,3.98203e14,0.0996,-2.80354e6,1.40196e6,-3.51976e-9
1521111600,25503022.688497312,23419614.37702183,2083.408,4.05022e14,1.6110,-2.80218e6,1.38938e6,-3.48821e-9
1521111630,25485847.216677457,23422518.14739653,2063.329,4.03215e14,1.1578,-2.77045e6,1.37674e6,-3.45649e-9
1521111660,25468709.363190603,23425528.02389344,2043.181,4.03549e14,1.2416,-2.74602e6,1.36403e6,-3.42461e-9
1521111690,25451609.57613816,23428643.881733302,2022.966,3.92750e14,1.4678,-2.68367e6,1.35125e6,-3.39255e-9
1521111720,25434548.30433192,23431865.591826543,2002.683,3.94123e14,1.1234,-2.66278e6,1.33840e6,-3.36032e-9
1521117090,23431390.53244753,25437390.60785616,2006.000,4.00669e14,0.5190,2.68952e6,-1.34103e6,3.36558e-9
1521117120,23428184.31947683,25454461.298387744,2026.277,3.96479e14,0.5321,2.70101e6,-1.35386e6,3.39779e-9
1521117150,23425083.966660015,25471570.44700806,2046.486,3.93713e14,1.2261,2.71699e6,-1.36662e6,3.42983e-9
1521117180,23422089.60280839,25488717.604727276,2066.628,3.93927e14,1.1725,2.74297e6,-1.37931e6,3.46169e-9
1521117210,23419201.352423586,25505902.32326746,2086.701,3.94634e14,0.9951,2.77055e6,-1.39194e6,3.49339e-9
1521117240,23416419.335683428,25523124.15507871,2106.705,3.97500e14,0.2761,2.80565e6,-1.40450e6,3.52492e-9
1521117270,23413743.668428473,25540382.653355233,2126.639,3.96954e14,0.4132,2.82866e6,-1.41699e6,3.55628e-9
1521117300,23411174.46214882,25557677.372051053,2146.503,3.97982e14,0.1551,2.85715e6,-1.42941e6,3.58746e-9
1521117330,23408711.823940918,25575007.865905885,2166.296,4.06942e14,2.0927,2.91426e6,-1.44176e6,3.61847e-9
1521117360,23406355.85658979,25592373.690428413,2186.018,4.07536e14,2.2419,2.94126e6,-1.45404e6,3.64930e-9
1521117390,23404106.658462755,25609774.401944045,2205.668,3.98946e14,0.0868,2.93435e6,-1.46625e6,3.67995e-9
1521117420,23401964.323528588,25627209.5575992,2225.245,3.94676e14,0.9845,2.94281e6,-1.47839e6,3.71043e-9
1521117450,23399928.94134653,25644678.71537606,2244.750,4.02452e14,0.9663,2.99592e6,-1.49046e6,3.74073e-9
1521117480,23398000.59705584,25662181.43410704,2264.181,3.99212e14,0.1533,3.00782e6,-1.50245e6,3.77085e-9
1521117510,23396179.37136578,25679717.273489144,2283.538,3.95584e14,0.7567,3.01791e6,-1.51438e6,3.80078e-9
1521117540,23394465.340546153,25697285.79409792,2302.820,3.99792e14,0.2989,3.05764e6,-1.52623e6,3.83054e-9
1521117570,23392858.57641827,25714886.55740134,2322.028,4.01548e14,0.7395,3.08803e6,-1.53801e6,3.86011e-9
1521117600,23391359.146346547,25732519.12577336,2341.160,3.98656e14,0.0140,3.10028e6,-1.54971e6,3.88950e-9
1521117630,23389967.11325772,25750183.062495537,2360.216,3.96281e14,0.5819,3.11425e6,-1.56134e6,3.91870e-9
1521117660,23388682.535549484,25767877.93180664,2379.195,3.97413e14,0.2979,3.14177e6,-1.57290e6,3.94771e-9
1521117690,23387505.467167713,25785603.298878573,2398.098,3.99022e14,0.1057,3.17111e6,-1.58438e6,3.97654e-9
1521117720,23386435.95757306,25803358.729840986,2416.923,3.96635e14,0.4930,3.18439e6,-1.59579e6,4.00518e-9
1521117750,23385474.05173533,25821143.791793708,2435.670,3.96916e14,0.4227,3.20814e6,-1.60713e6,4.03364e-9
1521117780,23384619.7901283,25838958.0528188,2454.338,4.02399e14,0.9530,3.25289e6,-1.61838e6,4.06190e-9
1521117810,23383873.208725218,25856801.0819926,2472.928,3.93593e14,1.2562,3.23935e6,-1.62957e6,4.08997e-9
1521117840,23383234.33899468,25874672.449397348,2491.438,3.95401e14,0.8027,3.26887e6,-1.64067e6,4.11785e-9
1521117870,23382703.207897104,25892571.72613278,2509.869,4.02098e14,0.8775,3.31862e6,-1.65170e6,4.14554e-9
1521117900,23382279.83788175,25910498.484327383,2528.219,3.89281e14,2.3380,3.28714e6,-1.66265e6,4.17303e-9
1521117930,23381964.246869296,25928452.297159277,2546.488,3.90036e14,2.1486,3.31181e6,-1.67353e6,4.20034e-9
1521117960,23381756.44829582,25946432.738836866,2564.676,3.96131e14,0.6195,3.35895e6,-1.68433e6,4.22744e-9
1521117990,23381656.451065294,25964439.384640213,2582.783,3.96145e14,0.6160,3.38039e6,-1.69505e6,4.25435e-9
1521118020,23381664.259563472,25982471.810921576,2600.808,4.00918e14,0.5813,3.42205e6,-1.70569e6,4.28107e-9
1521118050,23381779.873657297,26000529.595115814,2618.750,4.00394e14,0.4501,3.44099e6,-1.71625e6,4.30759e-9
1521118080,23382003.28869491,26018612.315750588,2636.609,4.01374e14,0.6957,3.46626e6,-1.72674e6,4.33391e-9
1521118110,23382334.495506216,26036719.55245632,2654.385,4.02932e14,1.0868,3.49394e6,-1.73714e6,4.36003e-9
1521118140,23382773.480403785,26054850.885975987,2672.077,4.02683e14,1.0243,3.51362e6,-1.74747e6,4.38596e-9
1521118170,23383320.225184467,26073005.898174737,2689.686,4.00288e14,0.4233,3.52366e6,-1.75772e6,4.41168e-9
1521118200,23383974.707131393,26091184.17204921,2707.209,3.98950e14,0.0876,3.53811e6,-1.76789e6,4.43721e-9
1521118230,23384736.89901789,26109385.291730087,2724.648,4.00218e14,0.4058,3.56396e6,-1.77798e6,4.46253e-9
1521118260,23385606.76910648,26127608.842511956,2742.002,4.02811e14,1.0562,3.59566e6,-1.78798e6,4.48766e-9
1521118290,23386584.281156596,26145854.410840955,2759.270,4.03854e14,1.3181,3.62034e6,-1.79791e6,4.51258e-9
1521118320,23387669.39442731,26164121.584330197,2776.452,4.01549e14,0.7397,3.62971e6,-1.80776e6,4.53730e-9
1521118350,23388862.063682064,26182409.951768197,2793.548,4.00457e14,0.4659,3.64434e6,-1.81753e6,4.56181e-9
1521118380,23390162.23919376,26200719.103127085,2810.557,3.97803e14,0.2000,3.65159e6,-1.82721e6,4.58613e-9
1521118410,23391569.866750512,26219048.62957062,2827.479,4.01948e14,0.8398,3.68989e6,-1.83682e6,4.61023e-9
1521118440,23393084.887661796,26237398.123462018,2844.313,4.02252e14,0.9160,3.71043e6,-1.84634e6,4.63414e-9
1521118470,23394707.238765188,26255767.178371653,2861.060,3.99661e14,0.2661,3.71734e6,-1.85578e6,4.65784e-9
1521118500,23396436.85243359,26274155.389084477,2877.719,3.93993e14,1.1559,3.70956e6,-1.86514e6,4.68134e-9
1521118530,23398273.656583898,26292562.351616014,2894.289,3.92215e14,1.6021,3.71965e6,-1.87442e6,4.70463e-9
1521118560,23400217.574682362,26310987.663192768,2910.770,3.98919e14,0.0799,3.76959e6,-1.88362e6,4.72771e-9
1521118590,23402268.52575628,26329430.922286198,2927.162,4.01195e14,0.6509,3.79865e6,-1.89273e6,4.75059e-9
1521118620,23404426.42440235,26347891.728610765,2943.465,3.95613e14,0.7495,3.79013e6,-1.90177e6,4.77326e-9
1521118650,23406691.18079643,26366369.683130603,2959.679,3.91483e14,1.7857,3.78816e6,-1.91072e6,4.79572e-9
1521118680,23409062.70070382,26384864.38806605,2975.802,3.95890e14,0.6800,3.82698e6,-1.91959e6,4.81798e-9
1521118710,23411540.88549008,26403375.44689994,2991.835,3.98351e14,0.0626,3.85640e6,-1.92837e6,4.84003e-9
1521118740,23414125.632132288,26421902.464383747,3007.777,4.01991e14,0.8506,3.89150e6,-1.93707e6,4.86187e-9
1521118770,23416816.83323088,26440445.046543587,3023.628,4.04743e14,1.5410,3.92226e6,-1.94569e6,4.88351e-9
1521118800,23419614.37702183,26459002.800685965,3039.388,4.01473e14,0.7206,3.92343e6,-1.95423e6,4.90493e-9
1521118830,23422518.14739653,26477575.33538826,3055.057,4.01047e14,0.6138,3.93830e6,-1.96268e6,4.92615e-9
1521118860,23425528.02389344,26496162.260551184,3070.634,4.02844e14,1.0647,3.96399e6,-1.97105e6,4.94716e-9
1521118890,23428643.881733302,26514763.187356666,3086.119,3.96314e14,0.5737,3.94821e6,-1.97934e6,4.96796e-9
1521118920,23431865.591826543,26533377.728288226,3101.512,3.97587e14,0.2543,3.97093e6,-1.98755e6,4.98855e-9
1521118950,23435193.020787902,26552005.497135937,3116.812,4.00994e14,0.6005,4.00422e6,-1.99567e6,5.00893e-9
1521118980,23438626.030951716,26570646.109001014,3132.020,4.01994e14,0.8513,4.02537e6,-2.00370e6,5.02910e-9
1521119010,23442164.48038749,26589299.180300456,3147.135,3.99906e14,0.3276,4.03081e6,-2.01166e6,5.04906e-9
1521119040,23445808.22291609,26607964.328771356,3162.156,3.98317e14,0.0712,4.03852e6,-2.01953e6,5.06882e-9
1521119070,23449557.108126227,26626641.173475288,3177.084,4.00681e14,0.5220,4.06613e6,-2.02732e6,5.08836e-9
1521119100,23453410.98139144,26645329.334802337,3191.918,3.98497e14,0.0261,4.07042e6,-2.03502e6,5.10769e-9
1521119130,23457369.683869522,26664028.434495643,3206.659,4.01135e14,0.6359,4.09919e6,-2.04264e6,5.12682e-9
1521119160,23461433.05257591,26682738.095591854,3221.305,4.01579e14,0.7473,4.11660e6,-2.05018e6,5.14573e-9
1521119190,23465600.92034643,26701457.942488704,3235.857,3.98833e14,0.0583,4.11738e6,-2.05763e6,5.16443e-9
1521119220,23469873.11587385,26720187.600927964,3250.314,3.97978e14,0.1561,4.12769e6,-2.06500e6,5.18293e-9
1521119250,23474249.463726785,26738926.69799916,3264.677,3.98397e14,0.0510,4.14444e6,-2.07229e6,5.20121e-9
1521119280,23478729.784369163,26757674.862142943,3278.945,3.99930e14,0.3335,4.16684e6,-2.07949e6,5.21929e-9
1521119310,23483313.894180067,26776431.72315449,3293.118,3.97159e14,0.3617,4.16659e6,-2.08661e6,5.23715e-9
1521119340,23488001.60547393,26795196.91218667,3307.195,3.93790e14,1.2068,4.16294e6,-2.09365e6,5.25481e-9
1521119370,23492792.726521164,26813970.0617531,3321.177,3.93803e14,1.2037,4.17683e6,-2.10060e6,5.27225e-9
1521119400,23497687.061569314,26832750.80573108,3335.064,3.99693e14,0.2742,4.22164e6,-2.10747e6,5.28949e-9
1521119430,23502684.410886552,26851538.779344887,3348.854,4.01334e14,0.6858,4.24394e6,-2.11426e6,5.30652e-9
1521119460,23507784.570715502,26870333.61922865,3362.549,3.98682e14,0.0204,4.24328e6,-2.12096e6,5.32334e-9
1521119490,23512987.333363537,26889134.96336818,3376.148,4.00961e14,0.5921,4.26869e6,-2.12758e6,5.33995e-9
1521119520,23518292.487203635,26907942.451122873,3389.650,3.99845e14,0.3122,4.27582e6,-2.13412e6,5.35635e-9
1521119550,23523699.816697598,26926755.723227814,3403.056,4.01858e14,0.8173,4.29957e6,-2.14057e6,5.37254e-9
1521119580,23529209.102419637,26945574.42179571,3416.365,4.04977e14,1.5997,4.32917e6,-2.14694e6,5.38852e-9
1521119610,23534820.121080387,26964398.19031879,3429.578,3.97526e14,0.2696,4.30157e6,-2.15323e6,5.40430e-9
1521119640,23540532.64555124,26983226.67367046,3442.694,3.95253e14,0.8399,4.30165e6,-2.15943e6,5.41986e-9
1521119670,23546346.444889035,27002059.518106937,3455.713,3.98691e14,0.0228,4.33253e6,-2.16555e6,5.43522e-9
1521119700,23552261.2843611,27020896.37126875,3468.635,3.98093e14,0.1273,4.34135e6,-2.17159e6,5.45037e-9
1521119730,23558276.925449446,27039736.882196274,3481.460,3.97660e14,0.2360,4.35089e6,-2.17755e6,5.46532e-9
1521119760,23564393.125941716,27058580.701287013,3494.188,3.99443e14,0.2113,4.37239e6,-2.18343e6,5.48006e-9
1521119790,23570609.63989214,27077427.480341207,3506.818,4.00240e14,0.4113,4.38837e6,-2.18922e6,5.49459e-9
1521119820,23576926.21766871,27096276.87254854,3519.351,3.96191e14,0.6046,4.37751e6,-2.19493e6,5.50891e-9
1521119850,23583342.605979744,27115128.532489102,3531.786,3.91980e14,1.6609,4.36547e6,-2.20056e6,5.52303e-9
1521119880,23589858.547900658,27133982.11613448,3544.124,3.93878e14,1.1848,4.38698e6,-2.20610e6,5.53694e-9
1521119910,23596473.782901157,27152837.28084846,3556.363,4.01190e14,0.6496,4.43843e6,-2.21157e6,5.55065e-9
1521119940,23603188.046872582,27171693.685387842,3568.506,4.01273e14,0.6705,4.44969e6,-2.21695e6,5.56415e-9
1521119970,23610001.072155666,27190550.98990299,3580.550,3.98635e14,0.0087,4.44562e6,-2.22225e6,5.57745e-9
1521120000,23616912.58756849,27209408.85593844,3592.496,4.00859e14,0.5667,4.46850e6,-2.22747e6,5.59054e-9
1521120030,23623922.31845478,27228266.94642202,3604.345,3.96834e14,0.4431,4.45625e6,-2.23261e6,5.60343e-9
1521120060,23631029.98665103,27247124.92569998,3616.095,3.97230e14,0.3437,4.46857e6,-2.23767e6,5.61612e-9
1521120090,23638235.31057666,27265982.459502008,3627.747,4.00579e14,0.4963,4.49735e6,-2.24265e6,5.62861e-9
1521120120,23645538.005243495,27284839.21495275,3639.301,4.01725e14,0.7838,4.51363e6,-2.24755e6,5.64089e-9
1521120150,23652937.782285247,27303694.86057172,3650.757,4.03480e14,1.2242,4.53322e6,-2.25236e6,5.65297e-9
1521120180,23660434.34998728,27322549.06627314,3662.115,3.99749e14,0.2883,4.52162e6,-2.25710e6,5.66484e-9
1521120210,23668027.41331665,27341401.50336578,3673.374,4.01046e14,0.6135,4.53830e6,-2.26176e6,5.67652e-9
1521120240,23675716.673952296,27360251.84455251,3684.535,4.00356e14,0.4404,4.54356e6,-2.26633e6,5.68800e-9
1521120270,23683501.83031555,27379099.763929978,3695.598,3.93427e14,1.2980,4.51308e6,-2.27083e6,5.69928e-9
1521120300,23691382.577600792,27397944.936988156,3706.562,3.94662e14,0.9881,4.52891e6,-2.27525e6,5.71035e-9
1521120330,23699358.607785825,27416787.040624022,3717.428,3.97350e14,0.3137,4.55292e6,-2.27959e6,5.72123e-9
1521120360,23707429.609726306,27435625.753096472,3728.196,3.97546e14,0.2646,4.56254e6,-2.28385e6,5.73191e-9
1521120390,23715595.26912367,27454460.754070584,3738.865,4.02324e14,0.9341,4.59833e6,-2.28803e6,5.74239e-9
1521120420,23723855.268576905,27473291.724602178,3749.436,4.01656e14,0.7665,4.60272e6,-2.29213e6,5.75268e-9
1521120450,23732209.287614107,27492118.347137112,3759.909,4.00462e14,0.4670,4.60392e6,-2.29615e6,5.76277e-9
1521120480,23740657.00272424,27510940.3055104,3770.283,3.98416e14,0.0462,4.60002e6,-2.30010e6,5.77266e-9
1521120510,23749198.08738893,27529757.28494528,3780.559,3.96536e14,0.5180,4.59688e6,-2.30397e6,5.78235e-9
1521120540,23757832.212114595,27548568.972052075,3790.737,3.98186e14,0.1040,4.61399e6,-2.30776e6,5.79186e-9
1521120570,23766559.044464607,27567375.05482722,3800.816,3.99441e14,0.2109,4.62869e6,-2.31147e6,5.80116e-9
1521120600,23775378.249091722,27586175.222651854,3810.797,4.02154e14,0.8915,4.65173e6,-2.31511e6,5.81028e-9
1521120630,23784289.487791456,27604969.16627093,3820.680,3.99139e14,0.1350,4.64133e6,-2.31867e6,5.81920e-9
1521120660,23793292.41947045,27623756.57785287,3830.464,3.97145e14,0.3651,4.63668e6,-2.32215e6,5.82793e-9
1521120690,23802386.70024382,27642537.15092655,3840.150,3.96854e14,0.4382,4.64178e6,-2.32556e6,5.83646e-9
1521120720,23811571.983447447,27661310.580399513,3849.739,3.96945e14,0.4153,4.64896e6,-2.32889e6,5.84481e-9
1521120750,23820847.919671178,27680076.562556323,3859.229,4.03621e14,1.2596,4.69452e6,-2.33214e6,5.85297e-9
1521120780,23830214.156792235,27698834.795056608,3868.621,4.00163e14,0.3921,4.68065e6,-2.33532e6,5.86093e-9
1521120810,23839670.340008747,27717584.97693326,3877.915,3.95867e14,0.6857,4.66165e6,-2.33842e6,5.86871e-9
1521120840,23849216.11187333,27736326.808590394,3887.111,3.99227e14,0.1571,4.68743e6,-2.34145e6,5.87630e-9
1521120870,23858851.112326775,27755059.991801344,3896.209,4.03591e14,1.2521,4.71902e6,-2.34441e6,5.88370e-9
1521120900,23868574.97873186,27773784.22970656,3905.209,4.03592e14,1.2522,4.72481e6,-2.34729e6,5.89092e-9
1521120930,23878387.345887836,27792499.226831783,3914.112,3.98018e14,0.1462,4.69758e6,-2.35009e6,5.89794e-9
1521120960,23888287.84612407,27811204.689023186,3922.917,3.96166e14,0.6108,4.69210e6,-2.35283e6,5.90479e-9
1521120990,23898276.10927424,27829900.32350826,3931.624,3.97320e14,0.3212,4.70422e6,-2.35548e6,5.91145e-9
1521121020,23908351.762729526,27848585.83887313,3940.234,3.99472e14,0.2186,4.72211e6,-2.35807e6,5.91792e-9
1521121050,23918514.431472663,27867260.945060454,3948.747,4.00547e14,0.4884,4.73351e6,-2.36058e6,5.92421e-9
1521121080,23928763.738111906,27885925.35336714,3957.162,3.99945e14,0.3374,4.73483e6,-2.36302e6,5.93032e-9
1521121110,23939099.302915126,27904578.77644208,3965.479,3.97084e14,0.3805,4.72258e6,-2.36539e6,5.93625e-9
1521121140,23949520.74384389,27923220.928283837,3973.700,3.96948e14,0.4146,4.72635e6,-2.36769e6,5.94200e-9
1521121170,23960027.676587593,27941851.52423822,3981.824,3.97409e14,0.2989,4.73353e6,-2.36991e6,5.94757e-9
1521121200,23970619.71459766,27960470.280995853,3989.851,3.95446e14,0.7913,4.72614e6,-2.37206e6,5.95296e-9
1521121230,23981296.469138756,27979076.91657458,3997.780,3.96805e14,0.4505,4.73838e6,-2.37415e6,5.95817e-9
1521121260,23992057.54927056,27997671.15036354,4005.614,3.97518e14,0.2715,4.74664e6,-2.37616e6,5.96320e-9
1521121290,24002902.56193452,28016252.703073602,4013.350,3.98299e14,0.0757,4.75517e6,-2.37810e6,5.96806e-9
1521121320,24013831.111971248,28034821.296749834,4020.990,4.03817e14,1.3088,4.79187e6,-2.37997e6,5.97274e-9
1521121350,24024842.80215498,28053376.654768627,4028.534,4.01744e14,0.7887,4.78310e6,-2.38177e6,5.97725e-9
1521121380,24035937.23322792,28071918.501834832,4035.981,3.97734e14,0.2175,4.76258e6,-2.38350e6,5.98158e-9
1521121410,24047114.00393467,28090446.56397886,4043.333,3.98619e14,0.0045,4.77119e6,-2.38517e6,5.98574e-9
1521121440,24058372.711056598,28108960.568553608,4050.588,3.96679e14,0.4821,4.76276e6,-2.38676e6,5.98973e-9
1521121470,24069712.949446213,28127460.244231544,4057.747,3.97970e14,0.1581,4.77354e6,-2.38829e6,5.99354e-9
1521121500,24081134.31206151,28145945.321001545,4064.811,4.02417e14,0.9576,4.80312e6,-2.38975e6,5.99719e-9
1521121530,24092636.389986113,28164415.53017647,4071.779,4.00107e14,0.3780,4.79204e6,-2.39114e6,6.00066e-9
1521121560,24104218.77250705,28182870.60435721,4078.652,3.98109e14,0.1234,4.78269e6,-2.39246e6,6.00397e-9
1521121590,24115881.04710555,28201310.277462434,4085.429,3.98808e14,0.0521,4.78940e6,-2.39372e6,6.00711e-9
1521121620,24127622.79950505,28219734.28471481,4092.111,3.98539e14,0.0153,4.79016e6,-2.39491e6,6.01008e-9
1521121650,24139443.613705236,28238142.362637803,4098.699,3.98645e14,0.0111,4.79303e6,-2.39603e6,6.01288e-9
1521121680,24151343.072015975,28256534.249052472,4105.191,3.96733e14,0.4685,4.78364e6,-2.39709e6,6.01552e-9
1521121710,24163320.755091183,28274909.683074273,4111.589,3.99047e14,0.1120,4.79954e6,-2.39808e6,6.01800e-9
1521121740,24175376.241962563,28293268.405109674,4117.892,4.02431e14,0.9610,4.82177e6,-2.39901e6,6.02031e-9
1521121770,24187509.110073376,28311610.156852942,4124.101,3.95616e14,0.7489,4.78245e6,-2.39987e6,6.02246e-9
1521121800,24199718.93531207,28329934.68128274,4130.216,3.95868e14,0.6855,4.78555e6,-2.40067e6,6.02444e-9
1521121830,24212005.29205822,28348241.722647224,4136.236,4.00135e14,0.3849,4.81272e6,-2.40140e6,6.02627e-9
1521121860,24224367.753177766,28366531.02649608,4142.163,3.97145e14,0.3650,4.79604e6,-2.40207e6,6.02793e-9
1521121890,24236805.890094668,28384802.339641597,4147.996,3.99593e14,0.2491,4.81200e6,-2.40268e6,6.02944e-9
1521121920,24249319.2728118,28403055.41016646,4153.736,3.95033e14,0.8949,4.78559e6,-2.40322e6,6.03079e-9
1521121950,24261907.469944406,28421289.98742026,4159.383,3.94036e14,1.1451,4.78052e6,-2.40370e6,6.03198e-9
1521121980,24274570.04875311,28439505.822015744,4164.936,3.98288e14,0.0784,4.80700e6,-2.40412e6,6.03302e-9
1521122010,24287306.575177077,28457702.665825184,4170.396,4.00763e14,0.5427,4.82265e6,-2.40448e6,6.03390e-9
1521122040,24300116.613866974,28475880.271976646,4175.764,4.01858e14,0.8173,4.82984e6,-2.40478e6,6.03463e-9
1521122070,24312999.72821773,28494038.394850314,4181.039,3.94948e14,0.9162,4.78860e6,-2.40501e6,6.03520e-9
1521122100,24325955.480401304,28512176.790074635,4186.221,3.93316e14,1.3258,4.77909e6,-2.40519e6,6.03562e-9
1521122130,24338983.43138954,28530295.214538887,4191.312,3.95716e14,0.7235,4.79380e6,-2.40530e6,6.03589e-9
1521122160,24352083.141016565,28548393.42633939,4196.310,3.99323e14,0.1812,4.81567e6,-2.40535e6,6.03601e-9
1521122190,24365254.167981103,28566471.184825663,4201.217,3.96737e14,0.4675,4.80004e6,-2.40535e6,6.03598e-9
1521122220,24378496.069888256,28584528.25058055,4206.032,4.00691e14,0.5244,4.82377e6,-2.40528e6,6.03580e-9
1521122250,24391808.40328147,28602564.38541653,4210.756,4.09306e14,2.6857,4.87551e6,-2.40516e6,6.03547e-9
1521122280,24405190.723674294,28620579.352371953,4215.389,4.00729e14,0.5340,4.82337e6,-2.40498e6,6.03500e-9
1521122310,24418642.585582126,28638572.915707316,4219.930,3.93459e14,1.2900,4.77901e6,-2.40474e6,6.03438e-9
1521122340,24432163.542553604,28656544.84090143,4224.381,3.95360e14,0.8130,4.78989e6,-2.40444e6,6.03361e-9
1521122370,24445753.147201996,28674494.89464763,4228.742,4.02007e14,0.8546,4.82927e6,-2.40408e6,6.03270e-9
1521122400,24459410.951236352,28692422.84484997,4233.012,4.01913e14,0.8311,4.82787e6,-2.40367e6,6.03165e-9
1521122430,24473136.50549635,28710328.460598987,4237.192,3.98632e14,0.0080,4.80714e6,-2.40320e6,6.03046e-9
1521122460,24486929.3599713,28728211.51223047,4241.282,4.01033e14,0.6102,4.82055e6,-2.40268e6,6.02912e-9
1521122490,24500789.063842807,28746071.771258894,4245.283,4.00517e14,0.4807,4.81627e6,-2.40210e6,6.02765e-9
1521122520,24514715.16551138,28763909.010393556,4249.194,4.01263e14,0.6679,4.81948e6,-2.40146e6,6.02604e-9
1521122550,24528707.21262685,28781723.003534485,4253.016,3.97256e14,0.3374,4.79395e6,-2.40077e6,6.02429e-9
1521122580,24542764.752118498,28799513.525768302,4256.749,3.94564e14,1.0127,4.77624e6,-2.40002e6,6.02240e-9
1521122610,24556887.330225095,28817280.353364114,4260.393,4.00101e14,0.3765,4.80798e6,-2.39922e6,6.02037e-9
1521122640,24571074.49252474,28835023.263769314,4263.949,4.03843e14,1.3152,4.82878e6,-2.39837e6,6.01821e-9
1521122670,24585325.783964477,28852742.035605356,4267.416,3.99452e14,0.2137,4.80053e6,-2.39746e6,6.01592e-9
1521122700,24599640.748889796,28870436.44866368,4270.796,3.98038e14,0.1411,4.79010e6,-2.39650e6,6.01349e-9
1521122730,24614018.931080144,28888106.283921886,4274.087,4.00084e14,0.3721,4.80036e6,-2.39549e6,6.01093e-9
1521122760,24628459.873758793,28905751.323476635,4277.291,3.96741e14,0.4664,4.77814e6,-2.39442e6,6.00824e-9
1521122790,24642963.119640823,28923371.35060244,4280.408,3.97474e14,0.2827,4.78030e6,-2.39330e6,6.00542e-9
1521122820,24657528.21095572,28940966.14972725,4283.438,3.98975e14,0.0940,4.78697e6,-2.39213e6,6.00247e-9
1521122850,24672154.689475898,28958535.50642841,4286.381,3.98454e14,0.0368,4.78139e6,-2.39091e6,5.99939e-9
1521122880,24686842.09654502,28976079.207428604,4289.237,3.96905e14,0.4253,4.76956e6,-2.38964e6,5.99618e-9
1521122910,24701589.97310617,28993597.040591836,4292.007,3.98586e14,0.0036,4.77699e6,-2.38832e6,5.99285e-9
1521122940,24716397.859729715,29011088.794919327,4294.691,3.94717e14,0.9742,4.75106e6,-2.38695e6,5.98939e-9
1521122970,24731265.29664104,29028554.260545496,4297.289,3.99354e14,0.1892,4.77599e6,-2.38553e6,5.98581e-9
1521123000,24746191.82374801,29045993.228733897,4299.801,4.02628e14,1.0104,4.79262e6,-2.38406e6,5.98210e-9
1521123030,24761176.980654117,29063405.49185666,4302.229,3.96672e14,0.4838,4.75395e6,-2.38254e6,5.97827e-9
1521123060,24776220.306728974,29080790.843441013,4304.571,3.96179e14,0.6075,4.74787e6,-2.38097e6,5.97432e-9
1521123090,24791321.34109172,29098149.078114558,4306.828,3.92098e14,1.6313,4.72028e6,-2.37935e6,5.97025e-9
1521123120,24806479.62265149,29115479.991617363,4309.000,3.94195e14,1.1053,4.72948e6,-2.37769e6,5.96606e-9
1521123150,24821694.690133728,29132783.38079776,4311.089,3.97224e14,0.3453,4.74413e6,-2.37598e6,5.96175e-9
1521123180,24836966.082106173,29150059.043608043,4313.093,4.02061e14,0.8682,4.76942e6,-2.37422e6,5.95732e-9
1521123210,24852293.337004717,29167306.77910022,4315.013,4.01973e14,0.8461,4.76527e6,-2.37241e6,5.95277e-9
1521123240,24867675.993158925,29184526.387421735,4316.850,4.00495e14,0.4752,4.75275e6,-2.37056e6,5.94811e-9
1521123270,24883113.588817474,29201717.669811156,4318.604,4.00093e14,0.3744,4.74655e6,-2.36867e6,5.94334e-9
1521123300,24898605.662173223,29218880.428593922,4320.275,3.97980e14,0.1555,4.73011e6,-2.36672e6,5.93845e-9
1521123330,24914151.751404192,29236014.467190553,4321.863,3.94761e14,0.9632,4.70703e6,-2.36474e6,5.93344e-9
1521123360,24929751.394648734,29253119.590073712,4323.368,3.93648e14,1.2424,4.69638e6,-2.36270e6,5.92833e-9
1521123390,24945404.130079675,29270195.602802664,4324.791,3.99013e14,0.1035,4.72402e6,-2.36063e6,5.92310e-9
1521123420,24961109.495912593,29287242.312006522,4326.133,3.99125e14,0.1315,4.72043e6,-2.35851e6,5.91776e-9
1521123450,24976867.030429896,29304259.525380053,4327.392,4.00541e14,0.4869,4.72447e6,-2.35634e6,5.91232e-9
1521123480,24992676.272004776,29321247.051679466,4328.571,3.97611e14,0.2481,4.70273e6,-2.35414e6,5.90676e-9
1521123510,25008536.759124834,29338204.700718194,4329.668,3.92963e14,1.4144,4.67080e6,-2.35189e6,5.90110e-9
1521123540,25024448.030415513,29355132.283362705,4330.684,3.96252e14,0.5891,4.68563e6,-2.34959e6,5.89533e-9
1521123570,25040409.624663323,29372029.611528277,4331.620,4.01080e14,0.6221,4.70940e6,-2.34726e6,5.88945e-9
1521123600,25056421.080838747,29388896.49817476,4332.475,3.99975e14,0.3449,4.69812e6,-2.34488e6,5.88347e-9
1521123630,25072481.938106593,29405732.757288847,4333.251,3.96541e14,0.5167,4.67309e6,-2.34246e6,5.87739e-9
1521123660,25088591.73588692,29422538.2039217,4333.946,3.98646e14,0.0114,4.68053e6,-2.34000e6,5.87120e-9
1521123690,25104750.013838448,29439312.654142674,4334.563,3.99537e14,0.2351,4.68076e6,-2.33750e6,5.86491e-9
1521123720,25120956.311893106,29456055.925048627,4335.100,3.97567e14,0.2593,4.66412e6,-2.33496e6,5.85853e-9
1521123750,25137210.17027766,29472767.834759574,4335.558,3.98001e14,0.1504,4.66150e6,-2.33238e6,5.85204e-9
1521123780,25153511.129535213,29489448.202414446,4335.937,4.00022e14,0.3566,4.66807e6,-2.32976e6,5.84545e-9
1521123810,25169858.730546366,29506096.848166715,4336.238,3.98135e14,0.1167,4.65172e6,-2.32711e6,5.83876e-9
1521123840,25186252.514550198,29522713.59318014,4336.461,3.97447e14,0.2895,4.64231e6,-2.32441e6,5.83197e-9
1521123870,25202692.023164958,29539298.259624444,4336.606,4.00801e14,0.5521,4.65637e6,-2.32167e6,5.82509e-9
1521123900,25219176.798408594,29555850.670671087,4336.674,4.01831e14,0.8104,4.65679e6,-2.31890e6,5.81812e-9
1521123930,25235706.38272769,29572370.650508806,4336.664,4.00375e14,0.4453,4.64268e6,-2.31608e6,5.81104e-9
1521123960,25252280.318990283,29588858.0242781,4336.578,3.99069e14,0.1176,4.62938e6,-2.31323e6,5.80388e-9
1521123990,25268898.150533434,29605312.618128613,4336.414,3.97153e14,0.3632,4.61249e6,-2.31035e6,5.79662e-9
1521124020,25285559.42117368,29621734.259194974,4336.175,3.95363e14,0.8123,4.59629e6,-2.30742e6,5.78927e-9
1521124050,25302263.675226383,29638122.77559286,4335.859,3.96144e14,0.6164,4.59490e6,-2.30446e6,5.78183e-9
1521124080,25319010.457524914,29654477.996414807,4335.468,4.00921e14,0.5823,4.61651e6,-2.30147e6,5.77429e-9
1521124110,25335799.31343945,29670799.751726225,4335.000,3.97942e14,0.1651,4.59324e6,-2.29844e6,5.76667e-9
1521124140,25352629.788895644,29687087.872561272,4334.458,3.96269e14,0.5849,4.57747e6,-2.29537e6,5.75896e-9
1521124170,25369501.430392984,29703342.190918796,4333.841,3.96553e14,0.5138,4.57291e6,-2.29227e6,5.75116e-9
1521124200,25386413.7850229,29719562.53975822,4333.149,3.94070e14,1.1367,4.55238e6,-2.28913e6,5.74328e-9
1521124230,25403366.400478832,29735748.75296821,4332.382,3.98351e14,0.0625,4.57063e6,-2.28596e6,5.73531e-9
1521124260,25420358.825098533,29751900.66544689,4331.542,4.01205e14,0.6534,4.58055e6,-2.28275e6,5.72725e-9
1521124290,25437390.60785616,29768018.113013,4330.628,4.00784e14,0.5479,4.57165e6,-2.27952e6,5.71911e-9
1521124320,25454461.298387744,29784100.93242907,4329.640,3.99788e14,0.2979,4.55939e6,-2.27624e6,5.71088e-9
1521124350,25471570.44700806,29800148.961397078,4328.579,4.03425e14,1.2104,4.57350e6,-2.27294e6,5.70258e-9
1521124380,25488717.604727276,29816162.038554218,4327.444,4.05526e14,1.7375,4.57874e6,-2.26960e6,5.69419e-9
1521124410,25505902.32326746,29832140.003468607,4326.238,4.02117e14,0.8822,4.55256e6,-2.26623e6,5.68572e-9
1521124440,25523124.15507871,29848082.696634933,4324.959,3.99468e14,0.2176,4.53068e6,-2.26283e6,5.67717e-9
1521124470,25540382.653355233,29863989.95947034,4323.607,3.96858e14,0.4371,4.50900e6,-2.25940e6,5.66854e-9
1521124500,25557677.372051053,29879861.634310048,4322.184,3.94964e14,0.9124,4.49136e6,-2.25593e6,5.65983e-9
1521124530,25575007.865905885,29895697.56443273,4320.690,3.95300e14,0.8280,4.48629e6,-2.25243e6,5.65104e-9
1521124560,25592373.690428413,29911497.59396524,4319.124,3.96851e14,0.4390,4.48801e6,-2.24891e6,5.64218e-9
1521124590,25609774.401944045,29927261.56796995,4317.487,3.99505e14,0.2268,4.49586e6,-2.24535e6,5.63324e-9
1521124620,25627209.5575992,29942989.332411133,4315.780,3.97277e14,0.3320,4.47614e6,-2.24176e6,5.62423e-9
1521124650,25644678.71537606,29958680.734151084,4314.002,3.95482e14,0.7823,4.45883e6,-2.23815e6,5.61514e-9
1521124680,25662181.43410704,29974335.620946266,4312.154,3.96926e14,0.4202,4.45966e6,-2.23450e6,5.60597e-9
1521124710,25679717.273489144,29989953.841443405,4310.237,3.99369e14,0.1929,4.46599e6,-2.23083e6,5.59674e-9
1521124740,25697285.79409792,30005535.245175693,4308.249,3.99063e14,0.1159,4.45686e6,-2.22712e6,5.58743e-9
1521124770,25714886.55740134,30021079.68255888,4306.193,3.99053e14,0.1135,4.44933e6,-2.22339e6,5.57805e-9
1521124800,25732519.12577336,30036587.004887484,4304.068,3.98631e14,0.0078,4.43945e6,-2.21963e6,5.56860e-9
1521124830,25750183.062495537,30052057.064311292,4301.874,4.02959e14,1.0935,4.45592e6,-2.21584e6,5.55908e-9
1521124860,25767877.93180664,30067489.713892158,4299.612,4.05450e14,1.7185,4.46207e6,-2.21202e6,5.54949e-9
1521124890,25785603.298878573,30082884.807539243,4297.282,3.96929e14,0.4193,4.40710e6,-2.20818e6,5.53984e-9
1521124920,25803358.729840986,30098242.200024776,4294.883,3.97590e14,0.2536,4.40302e6,-2.20431e6,5.53011e-9
1521124950,25821143.791793708,30113561.746980052,4292.418,3.97124e14,0.3704,4.39266e6,-2.20041e6,5.52032e-9
1521124980,25838958.0528188,30128843.304891393,4289.885,3.93172e14,1.3619,4.36305e6,-2.19649e6,5.51046e-9
1521125010,25856801.0819926,30144086.731096216,4287.286,3.99992e14,0.3492,4.39271e6,-2.19254e6,5.50054e-9
1521125040,25874672.449397348,30159291.883778952,4284.619,3.99641e14,0.2610,4.38281e6,-2.18856e6,5.49056e-9
1521125070,25892571.72613278,30174458.621967115,4281.887,3.95371e14,0.8102,4.35139e6,-2.18456e6,5.48050e-9
1521125100,25910498.484327383,30189586.805527247,4279.088,4.01044e14,0.6131,4.37441e6,-2.18054e6,5.47039e-9
1521125130,25928452.297159277,30204676.29515827,4276.224,4.01611e14,0.7554,4.36937e6,-2.17648e6,5.46021e-9
1521125160,25946432.738836866,30219726.95239573,4273.294,3.98512e14,0.0223,4.34429e6,-2.17241e6,5.44998e-9
1521125190,25964439.384640213,30234738.639599662,4270.299,3.95835e14,0.6937,4.32153e6,-2.16831e6,5.43968e-9
1521125220,25982471.810921576,30249711.219953213,4267.239,3.97433e14,0.2928,4.32198e6,-2.16419e6,5.42932e-9
1521125250,26000529.595115814,30264644.55745871,4264.115,3.95847e14,0.6907,4.30510e6,-2.16004e6,5.41890e-9
1521125280,26018612.315750588,30279538.51693373,4260.926,3.97632e14,0.2431,4.30643e6,-2.15587e6,5.40842e-9
1521125310,26036719.55245632,30294392.9640073,4257.673,4.02808e14,1.0557,4.32599e6,-2.15167e6,5.39789e-9
1521125340,26054850.885975987,30309207.765115887,4254.357,3.98391e14,0.0527,4.29370e6,-2.14746e6,5.38729e-9
1521125370,26073005.898174737,30323982.787499618,4250.977,3.95050e14,0.8908,4.26726e6,-2.14322e6,5.37665e-9
1521125400,26091184.17204921,30338717.89919852,4247.534,3.99951e14,0.3388,4.28507e6,-2.13895e6,5.36594e-9
1521125430,26109385.291730087,30353412.96907685,4244.028,3.98945e14,0.0863,4.27109e6,-2.13467e6,5.35518e-9
1521125460,26127608.842511956,30368067.866732534,4240.459,3.96611e14,0.4991,4.25000e6,-2.13036e6,5.34436e-9
1521125490,26145854.410840955,30382682.462580543,4236.828,3.99003e14,0.1010,4.25412e6,-2.12604e6,5.33349e-9
1521125520,26164121.584330197,30397256.627821233,4233.135,3.99691e14,0.2737,4.24907e6,-2.12169e6,5.32257e-9
1521125550,26182409.951768197,30411790.234436795,4229.380,3.99954e14,0.3395,4.24171e6,-2.11732e6,5.31160e-9
1521125580,26200719.103127085,30426283.155187894,4225.564,4.02348e14,0.9401,4.24560e6,-2.11293e6,5.30057e-9
1521125610,26219048.62957062,30440735.26361022,4221.687,4.01249e14,0.6645,4.23092e6,-2.10852e6,5.28949e-9
1521125640,26237398.123462018,30455146.434011027,4217.748,3.99081e14,0.1206,4.21058e6,-2.10408e6,5.27836e-9
1521125670,26255767.178371653,30469516.54146565,4213.749,4.01094e14,0.6255,4.21227e6,-2.09963e6,5.26718e-9
1521125700,26274155.389084477,30483845.461814143,4209.690,3.98455e14,0.0365,4.18942e6,-2.09516e6,5.25595e-9
1521125730,26292562.351616014,30498133.071614493,4205.571,3.97355e14,0.3123,4.17467e6,-2.09067e6,5.24468e-9
1521125760,26310987.663192768,30512379.248272635,4201.392,3.96251e14,0.5894,4.15988e6,-2.08616e6,5.23335e-9
1521125790,26329430.922286198,30526583.869905185,4197.153,3.96551e14,0.5142,4.15241e6,-2.08163e6,5.22198e-9
1521125820,26347891.728610765,30540746.81537889,4192.855,3.97024e14,0.3955,4.14580e6,-2.07709e6,5.21056e-9
1521125850,26366369.683130603,30554867.964306843,4188.498,3.92011e14,1.6532,4.11062e6,-2.07252e6,5.19909e-9
1521125880,26384864.38806605,30568947.19704472,4184.083,3.94604e14,1.0026,4.11498e6,-2.06794e6,5.18758e-9
1521125910,26403375.44689994,30582984.3946869,4179.609,4.01252e14,0.6652,4.14022e6,-2.06333e6,5.17602e-9
1521125940,26421902.464383747,30596979.439062815,4175.077,3.94176e14,1.1101,4.09440e6,-2.05871e6,5.16442e-9
1521125970,26440445.046543587,30610932.212733004,4170.487,3.90936e14,1.9227,4.06849e6,-2.05408e6,5.15278e-9
1521126000,26459002.800685965,30624842.598985523,4165.840,3.96639e14,0.4921,4.08858e6,-2.04942e6,5.14109e-9
1521126030,26477575.33538826,30638710.481872555,4161.135,3.98426e14,0.0438,4.08842e6,-2.04475e6,5.12936e-9
1521126060,26496162.260551184,30652535.7460822,4156.373,3.98257e14,0.0862,4.07817e6,-2.04006e6,5.11759e-9
1521126090,26514763.187356666,30666318.27705975,4151.555,3.97793e14,0.2026,4.06640e6,-2.03536e6,5.10577e-9
1521126120,26533377.728288226,30680057.960963797,4146.680,3.96534e14,0.5185,4.05054e6,-2.03064e6,5.09392e-9
1521126150,26552005.497135937,30693754.684663188,4141.749,4.00412e14,0.4544,4.06080e6,-2.02590e6,5.08202e-9
1521126180,26570646.109001014,30707408.335733607,4136.762,3.99388e14,0.1977,4.04608e6,-2.02114e6,5.07009e-9
1521126210,26589299.180300456,30721018.802454513,4131.720,3.99978e14,0.3456,4.03951e6,-2.01638e6,5.05811e-9
1521126240,26607964.328771356,30734585.973805826,4126.622,4.02505e14,0.9796,4.04267e6,-2.01159e6,5.04610e-9
1521126270,26626641.173475288,30748109.7394649,4121.469,4.00870e14,0.5694,4.02479e6,-2.00679e6,5.03405e-9
1521126300,26645329.334802337,30761589.98980329,4116.261,4.00364e14,0.4424,4.01259e6,-2.00198e6,5.02196e-9
1521126330,26664028.434495643,30775026.615861773,4110.998,3.95235e14,0.8443,3.97721e6,-1.99715e6,5.00983e-9
1521126360,26682738.095591854,30788419.50941466,4105.681,3.94838e14,0.9440,3.96557e6,-1.99230e6,4.99767e-9
1521126390,26701457.942488704,30801768.562899135,4100.311,4.03768e14,1.2965,4.00042e6,-1.98744e6,4.98547e-9
1521126420,26720187.600927964,30815073.669433877,4094.886,3.99819e14,0.3056,3.97096e6,-1.98257e6,4.97324e-9
1521126450,26738926.69799916,30828334.722815655,4089.408,3.92838e14,1.4456,3.92654e6,-1.97768e6,4.96097e-9
1521126480,26757674.862142943,30841551.617516197,4083.877,3.96863e14,0.4359,3.93673e6,-1.97278e6,4.94866e-9
1521126510,26776431.72315449,30854724.24867881,4078.293,3.98610e14,0.0025,3.93554e6,-1.96787e6,4.93633e-9
1521126540,26795196.91218667,30867852.51211512,4072.656,3.98627e14,0.0065,3.92576e6,-1.96294e6,4.92396e-9
1521126570,26813970.0617531,30880936.304301824,4066.966,4.03605e14,1.2555,3.94033e6,-1.95800e6,4.91155e-9
1521126600,26832750.80573108,30893975.522377357,4061.225,4.04343e14,1.4408,3.93398e6,-1.95305e6,4.89912e-9
1521126630,26851538.779344887,30906970.06413639,4055.431,3.99605e14,0.2519,3.90081e6,-1.94808e6,4.88665e-9
1521126660,26870333.61922865,30919919.82803366,4049.586,3.99409e14,0.2028,3.88988e6,-1.94311e6,4.87415e-9
1521126690,26889134.96336818,30932824.713173453,4043.690,3.98340e14,0.0654,3.87469e6,-1.93811e6,4.86162e-9
1521126720,26907942.451122873,30945684.61930875,4037.742,4.00314e14,0.4299,3.87426e6,-1.93311e6,4.84906e-9
1521126750,26926755.723227814,30958499.446838006,4031.744,3.95262e14,0.8376,3.83977e6,-1.92810e6,4.83648e-9
1521126780,26945574.42179571,30971269.096801896,4025.695,3.99065e14,0.1164,3.84810e6,-1.92307e6,4.82386e-9
1521126810,26964398.19031879,30983993.470880173,4019.595,4.04142e14,1.3903,3.86244e6,-1.91803e6,4.81121e-9
1521126840,26983226.67367046,30996672.47138849,4013.446,3.99335e14,0.1842,3.82920e6,-1.91298e6,4.79853e-9
1521126870,27002059.518106937,31009306.001275312,4007.246,3.98972e14,0.0932,3.81733e6,-1.90792e6,4.78583e-9
1521126900,27020896.37126875,31021893.964118745,4000.998,3.96376e14,0.5581,3.79479e6,-1.90285e6,4.77310e-9
1521126930,27039736.882196274,31034436.264144793,3994.699,3.97029e14,0.3943,3.78776e6,-1.89777e6,4.76034e-9
1521126960,27058580.701287013,31046932.80615869,3988.352,3.96565e14,0.5106,3.77539e6,-1.89267e6,4.74755e-9
1521126990,27077427.480341207,31059383.4956078,3981.956,3.98713e14,0.0282,3.77537e6,-1.88757e6,4.73474e-9
1521127020,27096276.87254854,31071788.238557406,3975.511,4.03051e14,1.1165,3.78562e6,-1.88246e6,4.72190e-9
1521127050,27115128.532489102,31084146.94168795,3969.018,4.01566e14,0.7439,3.76832e6,-1.87733e6,4.70904e-9
1521127080,27133982.11613448,31096459.512292173,3962.477,3.98507e14,0.0235,3.74365e6,-1.87220e6,4.69615e-9
1521127110,27152837.28084846,31108725.858272456,3955.889,3.98141e14,0.1154,3.73164e6,-1.86705e6,4.68324e-9
1521127140,27171693.685387842,31120945.888137963,3949.252,4.00001e14,0.3513,3.73003e6,-1.86190e6,4.67031e-9
1521127170,27190550.98990299,31133119.511001907,3942.569,4.00444e14,0.4624,3.72174e6,-1.85674e6,4.65735e-9
1521127200,27209408.85593844,31145246.636578806,3935.838,3.95435e14,0.7941,3.68811e6,-1.85157e6,4.64436e-9
1521127230,27228266.94642202,31157327.175153155,3929.060,3.96521e14,0.5218,3.68281e6,-1.84638e6,4.63136e-9
1521127260,27247124.92569998,31169361.037664883,3922.236,3.98440e14,0.0403,3.68132e6,-1.84119e6,4.61833e-9
1521127290,27265982.459502008,31181348.135618053,3915.366,3.95969e14,0.6602,3.65954e6,-1.83600e6,4.60528e-9
1521127320,27284839.21495275,31193288.38110654,3908.449,4.01537e14,0.7368,3.67473e6,-1.83079e6,4.59221e-9
1521127350,27303694.86057172,31205181.686811134,3901.487,4.01335e14,0.6859,3.66333e6,-1.82557e6,4.57912e-9
1521127380,27322549.06627314,31217027.96599656,3894.479,3.93703e14,1.2286,3.61800e6,-1.82035e6,4.56601e-9
1521127410,27341401.50336578,31228827.13250853,3887.426,3.96902e14,0.4261,3.62216e6,-1.81512e6,4.55287e-9
1521127440,27360251.84455251,31240579.100770865,3880.327,4.04029e14,1.3619,3.64405e6,-1.80988e6,4.53972e-9
1521127470,27379099.763929978,31252283.785782494,3873.184,4.00479e14,0.4713,3.61741e6,-1.80463e6,4.52655e-9
1521127500,27397944.936988156,31263941.10311465,3865.996,3.98345e14,0.0640,3.59725e6,-1.79937e6,4.51336e-9
1521127530,27416787.040624022,31275550.968931623,3858.764,4.01652e14,0.7655,3.60160e6,-1.79411e6,4.50015e-9
1521127560,27435625.753096472,31287113.29991493,3851.488,3.96882e14,0.4312,3.56961e6,-1.78884e6,4.48692e-9
1521127590,27454460.754070584,31298628.0133338,3844.167,3.94675e14,0.9848,3.54921e6,-1.78356e6,4.47367e-9
1521127620,27473291.724602178,31310095.027018815,3836.803,4.02053e14,0.8662,3.57160e6,-1.77827e6,4.46041e-9
1521127650,27492118.347137112,31321514.25935933,3829.396,3.99863e14,0.3166,3.55122e6,-1.77298e6,4.44712e-9
1521127680,27510940.3055104,31332885.629300907,3821.945,3.99743e14,0.2867,3.54008e6,-1.76768e6,4.43383e-9
1521127710,27529757.28494528,31344209.05634279,3814.452,4.02534e14,0.9868,3.54178e6,-1.76238e6,4.42051e-9
1521127740,27548568.972052075,31355484.460535403,3806.915,3.95930e14,0.6699,3.50200e6,-1.75707e6,4.40718e-9
1521127770,27567375.05482722,31366711.76247781,3799.337,3.95412e14,0.7999,3.48912e6,-1.75175e6,4.39383e-9
1521127800,27586175.222651854,31377890.883315317,3791.716,3.97801e14,0.2005,3.48898e6,-1.74642e6,4.38047e-9
1521127830,27604969.16627093,31389021.744726844,3784.053,3.97743e14,0.2152,3.47807e6,-1.74109e6,4.36709e-9
1521127860,27623756.57785287,31400104.268953674,3776.348,3.98351e14,0.0626,3.47006e6,-1.73576e6,4.35370e-9
1521127890,27642537.15092655,31411138.378765687,3768.601,3.99215e14,0.1542,3.46312e6,-1.73041e6,4.34029e-9
1521127920,27661310.580399513,31422123.997468963,3760.813,3.97190e14,0.3538,3.44365e6,-1.72507e6,4.32687e-9
1521127950,27680076.562556323,31433061.048903324,3752.984,3.94719e14,0.9739,3.42230e6,-1.71971e6,4.31343e-9
1521127980,27698834.795056608,31443949.457439825,3745.115,4.01129e14,0.6342,3.43920e6,-1.71435e6,4.29998e-9
1521128010,27717584.97693326,31454789.147978283,3737.204,3.99175e14,0.1441,3.42006e6,-1.70899e6,4.28652e-9
1521128040,27736326.808590394,31465580.045944773,3729.253,3.96900e14,0.4265,3.39959e6,-1.70362e6,4.27304e-9
1521128070,27755059.991801344,31476322.0772892,3721.262,3.99112e14,0.1284,3.39828e6,-1.69824e6,4.25955e-9
1521128100,27773784.22970656,31487015.16848276,3713.231,3.97698e14,0.2265,3.38151e6,-1.69286e6,4.24605e-9
1521128130,27792499.226831783,31497659.24651047,3705.160,4.00832e14,0.5600,3.38402e6,-1.68748e6,4.23254e-9
1521128160,27811204.689023186,31508254.23888433,3697.050,3.98527e14,0.0185,3.36348e6,-1.68209e6,4.21902e-9
1521128190,27829900.32350826,31518800.073625304,3688.900,3.94165e14,1.1128,3.33435e6,-1.67670e6,4.20548e-9
1521128220,27848585.83887313,31529296.679265883,3680.711,3.95796e14,0.7035,3.33045e6,-1.67130e6,4.19193e-9
1521128250,27867260.945060454,31539743.984847613,3672.483,3.98453e14,0.0370,3.33078e6,-1.66589e6,4.17837e-9
1521128280,27885925.35336714,31550141.91991871,3664.217,4.04404e14,1.4559,3.34475e6,-1.66049e6,4.16481e-9
1521128310,27904578.77644208,31560490.414531644,3655.912,4.01924e14,0.8339,3.32356e6,-1.65508e6,4.15123e-9
1521128340,27923220.928283837,31570789.399240684,3647.568,3.95967e14,0.6606,3.28803e6,-1.64966e6,4.13764e-9
1521128370,27941851.52423822,31581038.805099633,3639.187,4.01612e14,0.7556,3.30051e6,-1.64424e6,4.12404e-9
1521128400,27960470.280995853,31591238.563659374,3630.768,4.03221e14,1.1591,3.29623e6,-1.63882e6,4.11043e-9
1521128430,27979076.91657458,31601388.606980454,3622.312,3.97743e14,0.2151,3.26287e6,-1.63339e6,4.09681e-9
1521128460,27997671.15036354,31611488.86758507,3613.818,3.96873e14,0.4334,3.24847e6,-1.62796e6,4.08319e-9
1521128490,28016252.703073602,31621539.278500482,3605.287,3.95979e14,0.6577,3.23399e6,-1.62253e6,4.06955e-9
1521128520,28034821.296749834,31631539.773242153,3596.718,3.92936e14,1.4210,3.21081e6,-1.61709e6,4.05591e-9
1521128550,28053376.654768627,31641490.285811592,3588.114,4.00042e14,0.3617,3.22873e6,-1.61165e6,4.04226e-9
1521128580,28071918.501834832,31651390.750694197,3579.472,4.01630e14,0.7599,3.22421e6,-1.60621e6,4.02860e-9
1521128610,28090446.56397886,31661241.102857247,3570.795,3.95886e14,0.6811,3.19022e6,-1.60076e6,4.01493e-9
1521128640,28108960.568553608,31671041.277747795,3562.081,3.93284e14,1.3337,3.16895e6,-1.59531e6,4.00126e-9
1521128670,28127460.244231544,31680791.21129058,3553.331,3.98592e14,0.0022,3.17928e6,-1.58986e6,3.98758e-9
1521128700,28145945.321001545,31690490.839885976,3544.546,3.97542e14,0.2655,3.16419e6,-1.58441e6,3.97389e-9
1521128730,28164415.53017647,31700140.100392602,3535.725,3.94685e14,0.9822,3.14198e6,-1.57895e6,3.96019e-9
1521128760,28182870.60435721,31709738.930172656,3526.868,4.03624e14,1.2603,3.16639e6,-1.57349e6,3.94649e-9
1521128790,28201310.277462434,31719287.26704247,3517.977,3.98190e14,0.1031,3.13402e6,-1.56803e6,3.93279e-9
1521128820,28219734.28471481,31728785.049285606,3509.051,3.93482e14,1.2841,3.10464e6,-1.56256e6,3.91907e-9
1521128850,28238142.362637803,31738232.21565086,3500.090,4.02196e14,0.9021,3.12781e6,-1.55709e6,3.90535e-9
1521128880,28256534.249052472,31747628.70534996,3491.094,4.09606e14,2.7610,3.14566e6,-1.55162e6,3.89163e-9
1521128910,28274909.683074273,31756974.45805567,3482.065,4.04208e14,1.4069,3.11363e6,-1.54615e6,3.87790e-9
1521128940,28293268.405109674,31766269.413899425,3473.001,3.94954e14,0.9147,3.06685e6,-1.54068e6,3.86416e-9
1521128970,28311610.156852942,31775513.513469428,3463.903,3.96317e14,0.5729,3.06119e6,-1.53520e6,3.85042e-9
1521129000,28329934.68128274,31784706.69780842,3454.772,4.00509e14,0.4787,3.06635e6,-1.52972e6,3.83668e-9
1521129030,28348241.722647224,31793848.90841797,3445.607,4.02152e14,0.8910,3.06164e6,-1.52424e6,3.82293e-9
1521129060,28366531.02649608,31802940.08723708,3436.409,3.99242e14,0.1609,3.03955e6,-1.51876e6,3.80918e-9
1521129090,28384802.339641597,31811980.1766594,3427.178,3.99448e14,0.2127,3.02935e6,-1.51328e6,3.79542e-9
1521129120,28403055.41016646,31820969.119525068,3417.914,4.03811e14,1.3073,3.03487e6,-1.50780e6,3.78166e-9
1521129150,28421289.98742026,31829906.859118756,3408.617,4.01750e14,0.7901,3.01606e6,-1.50231e6,3.76790e-9
1521129180,28439505.822015744,31838793.339167733,3399.288,3.97914e14,0.1723,2.99064e6,-1.49682e6,3.75413e-9
1521129210,28457702.665825184,31847628.503839985,3389.926,3.95091e14,0.8805,2.96912e6,-1.49133e6,3.74036e-9
1521129240,28475880.271976646,31856412.297742277,3380.532,3.94232e14,1.0959,2.95498e6,-1.48584e6,3.72659e-9
1521129270,28494038.394850314,31865144.665918436,3371.106,4.01025e14,0.6083,2.96928e6,-1.48035e6,3.71281e-9
1521129300,28512176.790074635,31873825.553847373,3361.649,4.05836e14,1.8153,2.97606e6,-1.47486e6,3.69903e-9
1521129330,28530295.214538887,31882454.907452248,3352.160,4.01358e14,0.6919,2.94847e6,-1.46937e6,3.68525e-9
1521129360,28548393.42633939,31891032.673065037,3342.639,3.96790e14,0.4543,2.92067e6,-1.46388e6,3.67146e-9
1521129390,28566471.184825663,31899558.797458548,3333.088,3.93272e14,1.3367,2.89684e6,-1.45838e6,3.65768e-9
1521129420,28584528.25058055,31908033.22783376,3323.505,3.88022e14,2.6539,2.86680e6,-1.45289e6,3.64389e-9
1521129450,28602564.38541653,31916455.91181823,3313.892,3.94050e14,1.1415,2.87783e6,-1.44739e6,3.63010e-9
1521129480,28620579.352371953,31924826.79746435,3304.247,4.05460e14,1.7209,2.90816e6,-1.44189e6,3.61631e-9
1521129510,28638572.915707316,31933145.833247755,3294.573,4.06496e14,1.9808,2.90080e6,-1.43640e6,3.60252e-9
1521129540,28656544.84090143,31941412.968065623,3284.868,4.06070e14,1.8739,2.88817e6,-1.43090e6,3.58872e-9
1521129570,28674494.89464763,31949628.15123505,3275.133,4.02519e14,0.9831,2.86438e6,-1.42540e6,3.57493e-9
1521129600,28692422.84484997,31957791.332491394,3265.368,4.02512e14,0.9814,2.85330e6,-1.41990e6,3.56113e-9
1521129630,28710328.460598987,31965902.461957786,3255.574,4.09473e14,2.7276,2.86694e6,-1.41440e6,3.54734e-9
1521129660,28728211.51223047,31973961.490232237,3245.750,3.97017e14,0.3974,2.81178e6,-1.40890e6,3.53354e-9
1521129690,28746071.771258894,31981968.368297037,3235.897,3.89332e14,2.3253,2.77375e6,-1.40340e6,3.51974e-9
1521129720,28763909.010393556,31989923.047545545,3226.014,3.90072e14,2.1396,2.76547e6,-1.39790e6,3.50595e-9
1521129750,28781723.003534485,31997825.479780436,3216.102,3.92383e14,1.5598,2.76266e6,-1.39240e6,3.49215e-9
1521129780,28799513.525768302,32005675.61721171,3206.162,4.04084e14,1.3757,2.79245e6,-1.38690e6,3.47835e-9
1521129810,28817280.353364114,32013473.41245497,3196.193,4.03080e14,1.1238,2.77790e6,-1.38140e6,3.46455e-9
1521129840,28835023.263769314,32021218.81852947,3186.196,3.91255e14,1.8429,2.72603e6,-1.37591e6,3.45076e-9
1521129870,28852742.035605356,32028911.78885635,3176.170,3.93020e14,1.4001,2.72120e6,-1.37041e6,3.43696e-9
1521129900,28870436.44866368,32036552.277256824,3166.116,4.01945e14,0.8390,2.74083e6,-1.36491e6,3.42316e-9
1521129930,28888106.283921886,32044140.237986207,3156.034,3.94488e14,1.0317,2.70436e6,-1.35941e6,3.40937e-9
1521129960,28905751.323476635,32051675.625621915,3145.924,4.03033e14,1.1120,2.72244e6,-1.35391e6,3.39557e-9
1521129990,28923371.35060244,32059158.395172287,3135.787,4.09906e14,2.8364,2.73463e6,-1.34841e6,3.38178e-9
1521130020,28940966.14972725,32066588.50203945,3125.622,3.94061e14,1.1388,2.67011e6,-1.34291e6,3.36799e-9
1521130050,28958535.50642841,32073965.902017925,3115.430,3.94743e14,0.9679,2.66146e6,-1.33742e6,3.35420e-9
1521130080,28976079.207428604,32081290.551293302,3105.211,4.09694e14,2.7831,2.70047e6,-1.33192e6,3.34041e-9
1521130110,28993597.040591836,32088562.406440943,3094.965,4.03610e14,1.2569,2.66908e6,-1.32643e6,3.32662e-9
1521130140,29011088.794919327,32095781.424424667,3084.693,3.92837e14,1.4458,2.62234e6,-1.32093e6,3.31284e-9
1521130170,29028554.260545496,32102947.56259549,3074.393,3.89902e14,2.1822,2.60174e6,-1.31544e6,3.29905e-9
1521130200,29045993.228733897,32110060.778690327,3064.068,3.97771e14,0.2082,2.61673e6,-1.30994e6,3.28527e-9
1521130230,29063405.49185666,32117121.03080403,3053.716,4.05023e14,1.6113,2.62948e6,-1.30445e6,3.27149e-9
1521130260,29080790.843441013,32124128.277470544,3043.337,3.99486e14,0.2221,2.60037e6,-1.29896e6,3.25771e-9
1521130290,29098149.078114558,32131082.47757899,3032.933,3.97406e14,0.2997,2.58262e6,-1.29347e6,3.24394e-9
1521130320,29115479.991617363,32137983.590399057,3022.504,3.99904e14,0.3271,2.57973e6,-1.28798e6,3.23016e-9
1521130350,29132783.38079776,32144831.575579397,3012.048,4.04757e14,1.5445,2.58434e6,-1.28249e6,3.21639e-9
1521130380,29150059.043608043,32151626.39314621,3001.567,3.99506e14,0.2272,2.55646e6,-1.27700e6,3.20262e-9
1521130410,29167306.77910022,32158368.003501832,2991.061,3.99763e14,0.2916,2.54630e6,-1.27151e6,3.18886e-9
1521130440,29184526.387421735,32165056.36742321,2980.530,4.03862e14,1.3200,2.54832e6,-1.26602e6,3.17509e-9
1521130470,29201717.669811156,32171691.446060427,2969.974,3.98492e14,0.0273,2.52030e6,-1.26054e6,3.16133e-9
1521130500,29218880.428593922,32178273.20093531,2959.393,3.96453e14,0.5387,2.50292e6,-1.25506e6,3.14758e-9
1521130530,29236014.467190553,32184801.593948774,2948.787,4.04272e14,1.4228,2.51649e6,-1.24957e6,3.13382e-9
1521130560,29253119.590073712,32191276.587352127,2938.157,4.07551e14,2.2455,2.51568e6,-1.24409e6,3.12007e-9
1521130590,29270195.602802664,32197698.14377298,2927.503,3.97487e14,0.2792,2.47334e6,-1.23861e6,3.10632e-9
1521130620,29287242.312006522,32204066.22620503,2916.824,3.95960e14,0.6624,2.45767e6,-1.23313e6,3.09258e-9
1521130650,29304259.525380053,32210380.798006784,2906.121,3.95364e14,0.8120,2.44492e6,-1.22765e6,3.07884e-9
1521130680,29321247.051679466,32216641.82290021,2895.395,4.00099e14,0.3758,2.44852e6,-1.22218e6,3.06510e-9
1521130710,29338204.700718194,32222849.264969487,2884.645,4.12431e14,3.4697,2.47518e6,-1.21670e6,3.05137e-9
1521130740,29355132.283362705,32229003.088659707,2873.871,4.02137e14,0.8872,2.43278e6,-1.21123e6,3.03764e-9
1521130770,29372029.611528277,32235103.25877569,2863.074,3.96193e14,0.6041,2.40381e6,-1.20576e6,3.02391e-9
1521130800,29388896.49817476,32241149.740480654,2852.253,3.98893e14,0.0733,2.40103e6,-1.20029e6,3.01019e-9
1521130830,29405732.757288847,32247142.499302402,2841.410,3.98089e14,0.1284,2.38768e6,-1.19482e6,2.99647e-9
1521130860,29422538.2039217,32253081.501109626,2830.543,4.05638e14,1.7656,2.39928e6,-1.18935e6,2.98276e-9
1521130890,29439312.654142674,32258966.712133296,2819.654,4.00998e14,0.6014,2.37447e6,-1.18389e6,2.96905e-9
1521130920,29456055.925048627,32264798.09895823,2808.742,3.99975e14,0.3448,2.36049e6,-1.17843e6,2.95535e-9
1521130950,29472767.834759574,32270575.62852204,2797.808,4.03198e14,1.1535,2.35903e6,-1.17296e6,2.94164e-9
1521130980,29489448.202414446,32276299.268114023,2786.851,4.00615e14,0.5053,2.34048e6,-1.16750e6,2.92795e-9
1521131010,29506096.848166715,32281968.985374164,2775.872,3.97781e14,0.2056,2.32128e6,-1.16205e6,2.91426e-9
1521131040,29522713.59318014,32287584.748292014,2764.871,3.95085e14,0.8819,2.30256e6,-1.15659e6,2.90057e-9
1521131070,29539298.259624444,32293146.52520569,2753.848,4.00895e14,0.5757,2.30847e6,-1.15113e6,2.88688e-9
1521131100,29555850.670671087,32298654.2848008,2742.804,4.01604e14,0.7536,2.29957e6,-1.14568e6,2.87321e-9
1521131130,29572370.650508806,32304107.996092886,2731.737,4.04488e14,1.4771,2.29688e6,-1.14023e6,2.85953e-9
1521131160,29588858.0242781,32309507.62847732,2720.650,3.92098e14,1.6313,2.25064e6,-1.13478e6,2.84586e-9
1521131190,29605312.618128613,32314853.151677266,2709.541,3.99105e14,0.1266,2.25968e6,-1.12933e6,2.83220e-9
1521131220,29621734.259194974,32320144.535758976,2698.410,4.01907e14,0.8297,2.25668e6,-1.12389e6,2.81854e-9
1521131250,29638122.77559286,32325381.751130704,2687.259,3.94692e14,0.9807,2.22551e6,-1.11844e6,2.80489e-9
1521131280,29654477.996414807,32330564.768541507,2676.087,3.98697e14,0.0241,2.22586e6,-1.11300e6,2.79124e-9
1521131310,29670799.751726225,32335693.559080143,2664.894,3.98049e14,0.1384,2.21318e6,-1.10756e6,2.77759e-9
1521131340,29687087.872561272,32340768.094173945,2653.680,3.93081e14,1.3847,2.18858e6,-1.10213e6,2.76395e-9
1521131370,29703342.190918796,32345788.345587675,2642.446,4.00148e14,0.3883,2.19723e6,-1.09669e6,2.75032e-9
1521131400,29719562.53975822,32350754.28542252,2631.192,4.07167e14,2.1491,2.20555e6,-1.09126e6,2.73669e-9
1521131430,29735748.75296821,32355665.886132993,2619.917,3.96263e14,0.5865,2.16488e6,-1.08583e6,2.72307e-9
1521131460,29751900.66544689,32360523.120470345,2608.622,3.95930e14,0.6701,2.15315e6,-1.08040e6,2.70945e-9
1521131490,29768018.113013,32365325.961537134,2597.308,3.92804e14,1.4543,2.13391e6,-1.07497e6,2.69584e-9
1521131520,29784100.93242907,32370074.38276836,2585.973,3.89512e14,2.2801,2.11431e6,-1.06955e6,2.68223e-9
1521131550,29800148.961397078,32374768.35793066,2574.619,3.89796e14,2.2087,2.10435e6,-1.06412e6,2.66863e-9
1521131580,29816162.038554218,32379407.86112145,2563.246,4.01497e14,0.7267,2.12469e6,-1.05870e6,2.65503e-9
1521131610,29832140.003468607,32383992.866768096,2551.853,4.12291e14,3.4347,2.14233e6,-1.05329e6,2.64144e-9
1521131640,29848082.696634933,32388523.349627186,2540.441,4.09990e14,2.8573,2.12526e6,-1.04787e6,2.62786e-9
1521131670,29863989.95947034,32392999.284783665,2529.009,4.06588e14,2.0040,2.10539e6,-1.04246e6,2.61428e-9
1521131700,29879861.634310048,32397420.6476501,2517.559,4.02615e14,1.0071,2.08413e6,-1.03704e6,2.60070e-9
1521131730,29895697.56443273,32401787.413954403,2506.090,4.01384e14,0.6982,2.07007e6,-1.03164e6,2.58713e-9
1521131760,29911497.59396524,32406099.55977458,2494.602,3.97020e14,0.3964,2.04799e6,-1.02623e6,2.57357e-9
1521131790,29927261.56796995,32410357.061502483,2483.095,3.93284e14,1.3338,2.02764e6,-1.02082e6,2.56002e-9
1521131820,29942989.332411133,32414559.895854466,2471.571,4.07149e14,2.1445,2.05221e6,-1.01542e6,2.54647e-9
1521131850,29958680.734151084,32418708.03987053,2460.027,4.07850e14,2.3205,2.04307e6,-1.01002e6,2.53292e-9
1521131880,29974335.620946266,32422801.470913474,2448.466,4.04944e14,1.5914,2.02483e6,-1.00462e6,2.51938e-9
1521131910,29989953.841443405,32426840.16666815,2436.886,3.90912e14,1.9290,1.97879e6,-9.99229e5,2.50585e-9
1521131940,30005535.245175693,32430824.10514053,2425.289,3.82268e14,4.0974,1.94657e6,-9.93836e5,2.49232e-9
1521131970,30021079.68255888,32434753.264656972,2413.674,3.99497e14,0.2248,1.97872e6,-9.88446e5,2.47880e-9
1521132000,30036587.004887484,32438627.623863306,2402.041,4.04465e14,1.4713,1.98018e6,-9.83058e5,2.46529e-9
1521132030,30052057.064311292,32442447.161724817,2390.390,3.94691e14,0.9807,1.94537e6,-9.77672e5,2.45178e-9
1521132060,30067489.713892158,32446211.85752331,2378.722,3.85840e14,3.2012,1.91307e6,-9.72289e5,2.43827e-9
1521132090,30082884.807539243,32449921.69085833,2367.037,3.92650e14,1.4928,1.91900e6,-9.66908e5,2.42478e-9
1521132120,30098242.200024776,32453576.641645625,2355.334,4.01711e14,0.7803,1.93017e6,-9.61530e5,2.41129e-9
1521132150,30113561.746980052,32457176.69011655,2343.615,4.02752e14,1.0415,1.92187e6,-9.56154e5,2.39780e-9
1521132180,30128843.304891393,32460721.816817198,2331.879,3.96071e14,0.6345,1.89514e6,-9.50780e5,2.38432e-9
1521132210,30144086.731096216,32464212.002607733,2320.125,4.02210e14,0.9056,1.89899e6,-9.45409e5,2.37085e-9
1521132240,30159291.883778952,32467647.22866163,2308.355,4.09264e14,2.6753,1.90483e6,-9.40040e5,2.35739e-9
1521132270,30174458.621967115,32471027.476465005,2296.569,4.02882e14,1.0742,1.87900e6,-9.34674e5,2.34393e-9
1521132300,30189586.805527247,32474352.727815896,2284.766,3.99905e14,0.3272,1.86128e6,-9.29310e5,2.33047e-9
1521132330,30204676.29515827,32477622.96482958,2272.947,4.00113e14,0.3794,1.85102e6,-9.23949e5,2.31703e-9
1521132360,30219726.95239573,32480838.169919565,2261.111,4.06597e14,2.0062,1.85522e6,-9.18590e5,2.30358e-9
1521132390,30234738.639599662,32483998.325815428,2249.260,4.07866e14,2.3245,1.84731e6,-9.13234e5,2.29015e-9
1521132420,30249711.219953213,32487103.415556304,2237.392,3.99440e14,0.2105,1.81729e6,-9.07880e5,2.27672e-9
1521132450,30264644.55745871,32490153.4224903,2225.509,4.06413e14,1.9600,1.82236e6,-9.02529e5,2.26330e-9
1521132480,30279538.51693373,32493148.330273967,2213.610,3.99908e14,0.3280,1.79693e6,-8.97180e5,2.24988e-9
1521132510,30294392.9640073,32496088.12287182,2201.695,3.86888e14,2.9384,1.75710e6,-8.91834e5,2.23647e-9
1521132540,30309207.765115887,32498972.78455582,2189.765,3.97173e14,0.3582,1.76943e6,-8.86490e5,2.22307e-9
1521132570,30323982.787499618,32501802.299904812,2177.820,4.13454e14,3.7264,1.79475e6,-8.81149e5,2.20967e-9
1521132600,30338717.89919852,32504576.65380419,2165.859,4.04582e14,1.5007,1.76439e6,-8.75810e5,2.19628e-9
1521132630,30353412.96907685,32507295.83144416,2153.883,3.90096e14,2.1335,1.72202e6,-8.70474e5,2.18290e-9
1521132660,30368067.866732534,32509959.818322882,2141.892,3.99882e14,0.3216,1.73269e6,-8.65141e5,2.16952e-9
1521132690,30382682.462580543,32512568.60024238,2129.886,3.98431e14,0.0426,1.71889e6,-8.59810e5,2.15615e-9
1521132720,30397256.627821233,32515122.163309243,2117.866,3.88117e14,2.6300,1.68613e6,-8.54481e5,2.14279e-9
1521132750,30411790.234436795,32517620.49393421,2105.830,3.94156e14,1.1149,1.68848e6,-8.49155e5,2.12943e-9
1521132780,30426283.155187894,32520063.57883163,2093.780,3.99154e14,0.1388,1.68847e6,-8.43831e5,2.11607e-9
1521132810,30440735.26361022,32522451.40501914,2081.716,3.92474e14,1.5370,1.66378e6,-8.38510e5,2.10273e-9
1521132840,30455146.434011027,32524783.95981709,2069.638,3.89767e14,2.2162,1.64757e6,-8.33192e5,2.08939e-9
1521132870,30469516.54146565,32527061.23084818,2057.545,3.91996e14,1.6568,1.64168e6,-8.27876e5,2.07606e-9
1521132900,30483845.461814143,32529283.20603694,2045.438,3.95133e14,0.8699,1.63761e6,-8.22563e5,2.06273e-9
1521132930,30498133.071614493,32531449.873597976,2033.317,3.96602e14,0.5015,1.63005e6,-8.17252e5,2.04941e-9
1521132960,30512379.248272635,32533561.22207053,2021.182,4.02907e14,1.0805,1.63230e6,-8.11943e5,2.03609e-9
1521132990,30526583.869905185,32535617.24028303,2009.033,4.03179e14,1.1486,1.62218e6,-8.06637e5,2.02279e-9
1521142380,32535884.780606546,30528794.637461517,2007.090,3.99309e14,0.1779,-1.61250e6,8.05626e5,-2.02067e-9
1521142410,32533836.12424343,30514598.92819231,2019.237,4.07388e14,2.2045,-1.63954e6,8.10930e5,-2.03397e-9
1521142440,32531732.14021803,30500361.666897003,2031.370,3.89898e14,2.1832,-1.61447e6,8.16237e5,-2.04728e-9
1521142470,32529572.839772098,30486082.975344103,2043.490,3.93266e14,1.3383,-1.63191e6,8.21547e5,-2.06059e-9
1521142500,32527358.234447017,30471762.976052612,2055.595,4.06759e14,2.0469,-1.67044e6,8.26859e5,-2.07392e-9
1521142530,32525088.336103544,30457401.792334765,2067.687,4.01730e14,0.7852,-1.67068e6,8.32173e5,-2.08724e-9
1521142560,32522763.156862766,30442999.548178177,2079.764,3.92822e14,1.4497,-1.66264e6,8.37490e5,-2.10058e-9
1521142590,32520382.70916609,30428556.36837103,2091.826,3.97736e14,0.2168,-1.68359e6,8.42810e5,-2.11392e-9
1521142620,32517947.005756628,30414072.37846643,2103.875,4.16919e14,4.5958,-1.73503e6,8.48132e5,-2.12727e-9
1521142650,32515456.05967972,30399547.70478632,2115.908,4.09720e14,2.7896,-1.73051e6,8.53456e5,-2.14062e-9
1521142680,32512909.884283543,30384982.474425282,2127.927,3.85822e14,3.2059,-1.68984e6,8.58784e5,-2.15398e-9
1521142710,32510308.493219797,30370376.815254424,2139.932,3.96222e14,0.5966,-1.72287e6,8.64113e5,-2.16735e-9
1521142740,32507651.900444254,30355730.85592533,2151.921,3.94289e14,1.0817,-1.72928e6,8.69445e5,-2.18072e-9
1521142770,32504940.12021739,30341044.725873854,2163.895,3.99207e14,0.1521,-1.75068e6,8.74780e5,-2.19410e-9
1521142800,32502173.167104986,30326318.55532411,2175.855,4.05489e14,1.7283,-1.77523e6,8.80117e5,-2.20749e-9
1521142830,32499351.055944372,30311552.47525132,2187.799,3.93903e14,1.1785,-1.76027e6,8.85457e5,-2.22088e-9
1521142860,32496473.801950973,30296746.617512304,2199.727,3.91757e14,1.7169,-1.76609e6,8.90800e5,-2.23427e-9
1521142890,32493541.42061268,30281901.11472236,2211.640,3.89281e14,2.3380,-1.77112e6,8.96144e5,-2.24768e-9
1521142920,32490553.92772454,30267016.100300066,2223.538,3.88232e14,2.6012,-1.77932e6,9.01492e5,-2.26109e-9
1521142950,32487511.339389056,30252091.708470754,2235.420,3.96482e14,0.5313,-1.80864e6,9.06841e5,-2.27451e-9
1521142980,32484413.672016613,30237128.07427019,2247.286,4.01486e14,0.7239,-1.83077e6,9.12194e5,-2.28793e-9
1521143010,32481260.942325726,30222125.333548162,2259.136,3.93584e14,1.2586,-1.82333e6,9.17549e5,-2.30136e-9
1521143040,32478053.16734352,30207083.622972094,2270.970,3.95557e14,0.7635,-1.83854e6,9.22906e5,-2.31479e-9
1521143070,32474790.364405956,30192003.080030665,2282.787,4.03388e14,1.2010,-1.86745e6,9.28266e5,-2.32824e-9
1521143100,32471472.551158432,30176883.843037494,2294.589,4.08263e14,2.4241,-1.88965e6,9.33628e5,-2.34169e-9
1521143130,32468099.745595373,30161726.0511739,2306.374,3.97970e14,0.1582,-1.87627e6,9.38993e5,-2.35514e-9
1521143160,32464671.96593954,30146529.84437202,2318.142,3.95194e14,0.8547,-1.88042e6,9.44360e5,-2.36860e-9
1521143190,32461189.230764095,30131295.36343952,2329.894,3.99172e14,0.1433,-1.90058e6,9.49730e5,-2.38207e-9
1521143220,32457651.558954082,30116022.750024453,2341.629,4.03016e14,1.1078,-1.92054e6,9.55102e5,-2.39554e-9
1521143250,32454058.969707258,30100712.14661936,2353.347,3.94780e14,0.9585,-1.91151e6,9.60476e5,-2.40902e-9
1521143280,32450411.482534975,30085363.696565337,2365.048,3.97970e14,0.1582,-1.92994e6,9.65854e5,-2.42250e-9
1521143310,32446709.117263097,30069977.544056155,2376.732,4.04291e14,1.4276,-1.95608e6,9.71233e5,-2.43599e-9
1521143340,32442951.894032914,30054553.834142406,2388.398,3.99487e14,0.2223,-1.95515e6,9.76615e5,-2.44949e-9
1521143370,32439139.833302043,30039092.712735534,2400.047,3.99332e14,0.1835,-1.96555e6,9.81999e5,-2.46300e-9
1521143400,32435272.955845367,30023594.326612096,2411.679,3.86755e14,2.9718,-1.94519e6,9.87386e5,-2.47650e-9
1521143430,32431351.282727722,30008058.823382244,2423.292,3.97855e14,0.1871,-1.98344e6,9.92775e5,-2.49002e-9
1521143460,32427374.835392013,29992486.351603504,2434.888,4.00566e14,0.4931,-2.00100e6,9.98166e5,-2.50354e-9
1521143490,32423343.635572694,29976877.060674947,2446.467,3.94696e14,0.9796,-1.99704e6,1.00356e6,-2.51707e-9
1521143520,32419257.70532478,29961231.100876596,2458.027,3.95956e14,0.6634,-2.01096e6,1.00896e6,-2.53060e-9
1521143550,32415117.067024574,29945548.623373304,2469.568,3.96809e14,0.4495,-2.02389e6,1.01435e6,-2.54414e-9
1521143580,32410921.7433703,29929829.780218575,2481.092,4.00727e14,0.5334,-2.04469e6,1.01976e6,-2.55769e-9
1521143610,32406671.75738292,29914074.724358477,2492.597,4.16477e14,4.4847,-2.09602e6,1.02516e6,-2.57124e-9
1521143640,32402367.13240674,29898283.609635413,2504.084,4.22001e14,5.8706,-2.12135e6,1.03056e6,-2.58479e-9
1521143670,32398007.892110154,29882456.590792038,2515.551,3.97662e14,0.2355,-2.06924e6,1.03597e6,-2.59836e-9
1521143700,32393594.060486276,29866593.823475145,2527.000,3.98340e14,0.0654,-2.08182e6,1.04138e6,-2.61192e-9
1521143730,32389125.661860015,29850695.464268982,2538.430,4.01772e14,0.7957,-2.10165e6,1.04679e6,-2.62550e-9
1521143760,32384602.72086932,29834761.670608357,2549.841,3.97626e14,0.2445,-2.10157e6,1.05221e6,-2.63908e-9
1521143790,32380025.262485445,29818792.600873746,2561.233,3.95148e14,0.8662,-2.10582e6,1.05763e6,-2.65266e-9
1521143820,32375393.312007405,29802788.41436591,2572.605,4.00645e14,0.5129,-2.13126e6,1.06304e6,-2.66625e-9
1521143850,32370706.895062763,29786749.271310143,2583.958,4.15382e14,4.2101,-2.18163e6,1.06847e6,-2.67985e-9
1521143880,32365966.037608508,29770675.332860414,2595.291,4.11417e14,3.2154,-2.18202e6,1.07389e6,-2.69345e-9
1521143910,32361170.765931856,29754566.76110368,2606.604,3.99093e14,0.1236,-2.15968e6,1.07931e6,-2.70706e-9
1521143940,32356321.106651135,29738423.719064023,2617.897,3.90828e14,1.9499,-2.14806e6,1.08474e6,-2.72067e-9
1521143970,32351417.086716685,29722246.370706998,2629.171,3.88299e14,2.5845,-2.15189e6,1.09017e6,-2.73429e-9
1521144000,32346458.733411767,29706034.880943783,2640.424,3.80813e14,4.4626,-2.14204e6,1.09560e6,-2.74791e-9
1521144030,32341446.07436683,29689789.4156106,2651.657,3.94274e14,1.0855,-2.18984e6,1.10104e6,-2.76154e-9
1521144060,32336379.137519456,29673510.14154982,2662.869,4.04828e14,1.5623,-2.22994e6,1.10647e6,-2.77517e-9
1521144090,32331257.951156426,29657197.226537,2674.061,3.92950e14,1.4175,-2.20778e6,1.11191e6,-2.78881e-9
1521144120,32326082.54390153,29640850.839310024,2685.232,4.07272e14,2.1756,-2.25871e6,1.11735e6,-2.80245e-9
1521144150,32320852.944716685,29624471.149573114,2696.382,4.08147e14,2.3951,-2.27218e6,1.12279e6,-2.81610e-9
1521144180,32315569.18290308,29608058.328000933,2707.511,4.03863e14,1.3202,-2.27107e6,1.12824e6,-2.82975e-9
1521144210,32310231.28810234,29591612.546242733,2718.619,3.95801e14,0.7024,-2.25911e6,1.13368e6,-2.84341e-9
1521144240,32304839.290297702,29575133.976926334,2729.705,3.97294e14,0.3278,-2.27423e6,1.13913e6,-2.85707e-9
1521144270,32299393.21981511,29558622.793662377,2740.770,4.04769e14,1.5476,-2.30657e6,1.14458e6,-2.87074e-9
1521144300,32293893.10732444,29542079.171048347,2751.814,3.88820e14,2.4537,-2.27155e6,1.15003e6,-2.88441e-9
1521144330,32288338.983820334,29525503.284701396,2762.836,3.95136e14,0.8690,-2.30063e6,1.15549e6,-2.89809e-9
1521144360,32282730.88068607,29508895.311174087,2773.836,4.13370e14,3.7054,-2.36458e6,1.16094e6,-2.91177e-9
1521144390,32277068.829631884,29492255.428047314,2784.813,3.95377e14,0.8088,-2.32306e6,1.16640e6,-2.92546e-9
1521144420,32271352.86271636,29475583.813905943,2795.769,3.93436e14,1.2957,-2.32823e6,1.17186e6,-2.93915e-9
1521144450,32265583.01234741,29458880.648343224,2806.702,4.14021e14,3.8688,-2.39986e6,1.17732e6,-2.95284e-9
1521144480,32259759.311283298,29442146.111965116,2817.613,4.03267e14,1.1708,-2.37909e6,1.18278e6,-2.96654e-9
1521144510,32253881.79263375,29425380.386394758,2828.501,3.90813e14,1.9537,-2.35297e6,1.18825e6,-2.98025e-9
1521144540,32247950.48986091,29408583.654276825,2839.367,3.88188e14,2.6123,-2.35593e6,1.19371e6,-2.99396e-9
1521144570,32241965.4367804,29391756.099281877,2850.209,4.01379e14,0.6971,-2.40639e6,1.19918e6,-3.00767e-9
1521144600,32235926.667562414,29374897.906110704,2861.029,3.96604e14,0.5008,-2.40294e6,1.20465e6,-3.02138e-9
1521144630,32229834.216748863,29358009.260460924,2871.825,3.96654e14,0.4882,-2.41401e6,1.21012e6,-3.03510e-9
1521144660,32223688.119204864,29341090.349147946,2882.598,4.04673e14,1.5235,-2.44937e6,1.21559e6,-3.04883e-9
1521144690,32217488.410169594,29324141.35999219,2893.347,3.97908e14,0.1737,-2.43968e6,1.22106e6,-3.06255e-9
1521144720,32211235.125241373,29307162.481860954,2904.073,3.95668e14,0.7358,-2.44372e6,1.22654e6,-3.07628e-9
1521144750,32204928.30037904,29290153.90467251,2914.774,3.88755e14,2.4700,-2.43328e6,1.23202e6,-3.09002e-9
1521144780,32198567.97190313,29273115.819400042,2925.452,3.94505e14,1.0274,-2.46194e6,1.23749e6,-3.10376e-9
1521144810,32192154.17649727,29256048.418075666,2936.106,3.94198e14,1.1046,-2.47188e6,1.24297e6,-3.11750e-9
1521144840,32185686.951209422,29238951.89379443,2946.735,3.91491e14,1.7835,-2.47431e6,1.24845e6,-3.13124e-9
1521144870,32179166.333453275,29221826.44071831,2957.340,4.03484e14,1.2252,-2.52289e6,1.25393e6,-3.14499e-9
1521144900,32172592.36100955,29204672.254080236,2967.920,4.00482e14,0.4719,-2.52443e6,1.25942e6,-3.15874e-9
1521144930,32165965.072018452,29187489.53022882,2978.476,3.89931e14,2.1750,-2.50195e6,1.26490e6,-3.17249e-9
1521144960,32159284.505008616,29170278.466506854,2989.006,3.96838e14,0.4421,-2.53481e6,1.27039e6,-3.18625e-9
1521144990,32152550.69887082,29153039.26138144,2999.511,4.06888e14,2.0791,-2.57792e6,1.27587e6,-3.20001e-9
1521145020,32145763.692868292,29135772.114407502,3009.992,4.04728e14,1.5373,-2.58206e6,1.28136e6,-3.21377e-9
1521145050,32138923.52663799,29118477.22623223,3020.446,4.00777e14,0.5460,-2.58037e6,1.28685e6,-3.22754e-9
1521145080,32132030.240192078,29101154.798599504,3030.875,4.07779e14,2.3028,-2.61407e6,1.29234e6,-3.24130e-9
1521145110,32125083.873919133,29083805.034354296,3041.279,4.03720e14,1.2843,-2.61197e6,1.29783e6,-3.25507e-9
1521145140,32118084.468585663,29066428.137447115,3051.656,3.91189e14,1.8594,-2.58206e6,1.30332e6,-3.26884e-9
1521145170,32111032.06533739,29049024.312938403,3062.008,3.99530e14,0.2333,-2.62032e6,1.30881e6,-3.28262e-9
1521145200,32103926.705700696,29031593.76700296,3072.333,3.96343e14,0.5665,-2.62081e6,1.31430e6,-3.29639e-9
1521145230,32096768.43158954,29014136.70690201,3082.632,3.90548e14,2.0203,-2.61258e6,1.31980e6,-3.31017e-9
1521145260,32089557.285289865,28996653.341087274,3092.904,4.01790e14,0.8001,-2.66082e6,1.32529e6,-3.32395e-9
1521145290,32082293.309478164,28979143.879105274,3103.149,3.98627e14,0.0067,-2.66130e6,1.33079e6,-3.33773e-9
1521145320,32074976.547217336,28961608.53163381,3113.368,3.87848e14,2.6975,-2.63616e6,1.33628e6,-3.35152e-9
1521145350,32067607.041958295,28944047.510486055,3123.560,3.90355e14,2.0686,-2.65544e6,1.34178e6,-3.36530e-9
1521145380,32060184.837541416,28926461.02861457,3133.724,3.88732e14,2.4757,-2.66084e6,1.34728e6,-3.37909e-9
1521145410,32052709.97819808,28908849.300115377,3143.861,3.91065e14,1.8906,-2.67961e6,1.35277e6,-3.39287e-9
1521145440,32045182.50855224,28891212.540231947,3153.970,3.98686e14,0.0214,-2.71646e6,1.35827e6,-3.40666e-9
1521145470,32037602.47362193,28873550.96535923,3164.052,3.91881e14,1.6857,-2.70418e6,1.36377e6,-3.42045e-9
1521145500,32029969.91882082,28855864.7930476,3174.105,4.01043e14,0.6127,-2.74654e6,1.36927e6,-3.43424e-9
1521145530,32022284.889953632,28838154.242028117,3184.131,4.04388e14,1.4518,-2.76911e6,1.37477e6,-3.44803e-9
1521145560,32014547.433236778,28820419.532151,3194.128,3.92367e14,1.5639,-2.73857e6,1.38026e6,-3.46182e-9
1521145590,32006757.595280845,28802660.8844553,3204.097,4.02409e14,0.9555,-2.78438e6,1.38576e6,-3.47561e-9
1521145620,31998915.423098262,28784878.52115175,3214.037,4.04193e14,1.4032,-2.80166e6,1.39126e6,-3.48940e-9
1521145650,31991020.96410493,28767072.665626857,3223.948,3.92414e14,1.5521,-2.77146e6,1.39676e6,-3.50319e-9
1521145680,31983074.266121794,28749243.542447034,3233.831,3.98006e14,0.1492,-2.80204e6,1.40226e6,-3.51699e-9
1521145710,31975075.377376404,28731391.377362683,3243.684,3.93762e14,1.2138,-2.79805e6,1.40776e6,-3.53078e-9
1521145740,31967024.346504558,28713516.39731229,3253.508,3.90368e14,2.0654,-2.79694e6,1.41326e6,-3.54457e-9
1521145770,31958921.222551934,28695618.830426455,3263.302,4.11583e14,3.2571,-2.88332e6,1.41876e6,-3.55836e-9
1521145800,31950766.05497565,28677698.906031974,3273.067,4.06439e14,1.9665,-2.87612e6,1.42425e6,-3.57215e-9
1521145830,31942558.893652547,28659756.854638558,3282.802,4.03315e14,1.1828,-2.87601e6,1.42975e6,-3.58594e-9
1521145860,31934299.78886068,28641792.90799611,3292.507,4.00498e14,0.4760,-2.87693e6,1.43525e6,-3.59972e-9
1521145890,31925988.791301217,28623807.299045395,3302.181,3.95480e14,0.7829,-2.86982e6,1.44075e6,-3.61351e-9
1521145920,31917625.952093657,28605800.26193901,3311.826,3.99544e14,0.2366,-2.89551e6,1.44624e6,-3.62729e-9
1521145950,31909211.322777607,28587772.032045327,3321.439,3.98331e14,0.0675,-2.90209e6,1.45174e6,-3.64108e-9
1521145980,31900744.955314547,28569722.845952176,3331.022,4.01715e14,0.7814,-2.92545e6,1.45723e6,-3.65486e-9
1521146010,31892226.90208972,28551652.941470698,3340.574,4.00545e14,0.4878,-2.93218e6,1.46273e6,-3.66864e-9
1521146040,31883657.215913866,28533562.55763901,3350.095,3.95124e14,0.8721,-2.92323e6,1.46822e6,-3.68242e-9
1521146070,31875035.950025152,28515451.934725977,3359.584,3.94620e14,0.9986,-2.93231e6,1.47371e6,-3.69619e-9
1521146100,31866363.15809091,28497321.314234935,3369.042,4.00147e14,0.3881,-2.96374e6,1.47921e6,-3.70997e-9
1521146130,31857638.894209415,28479170.93892743,3378.468,3.99374e14,0.1939,-2.97186e6,1.48470e6,-3.72374e-9
1521146160,31848863.21291239,28461001.052765094,3387.862,4.03235e14,1.1627,-2.99728e6,1.49019e6,-3.73750e-9
1521146190,31840036.16916619,28442811.900975194,3397.224,4.00791e14,0.5497,-2.99915e6,1.49567e6,-3.75127e-9
1521146220,31831157.81837393,28424603.73003442,3406.554,3.98115e14,0.1218,-3.00008e6,1.50116e6,-3.76503e-9
1521146250,31822228.21637738,28406376.787672635,3415.851,3.97844e14,0.1897,-3.01002e6,1.50665e6,-3.77879e-9
1521146280,31813247.41945891,28388131.322876662,3425.116,3.86781e14,2.9653,-2.97901e6,1.51213e6,-3.79254e-9
1521146310,31804215.484343387,28369867.585893985,3434.348,3.89315e14,2.3294,-2.99946e6,1.51761e6,-3.80629e-9
1521146340,31795132.46820012,28351585.82823648,3443.547,4.02749e14,1.0407,-3.06161e6,1.52310e6,-3.82004e-9
1521146370,31785998.42864474,28333286.302684005,3452.712,4.04891e14,1.5782,-3.08084e6,1.52857e6,-3.83378e-9
1521146400,31776813.42374118,28314969.26328809,3461.844,3.99038e14,0.1097,-3.06936e6,1.53405e6,-3.84752e-9
1521146430,31767577.511989012,28296634.965352654,3470.943,3.97381e14,0.3060,-3.07392e6,1.53953e6,-3.86126e-9
1521146460,31758290.75237034,28278283.665507976,3480.007,3.99933e14,0.3344,-3.09474e6,1.54500e6,-3.87498e-9
1521146490,31748953.204306815,28259915.621643692,3489.038,3.98320e14,0.0704,-3.09942e6,1.55047e6,-3.88871e-9
1521146520,31739564.927675944,28241531.09293485,3498.034,3.97423e14,0.2953,-3.10686e6,1.55594e6,-3.90243e-9
1521146550,31730125.982813053,28223130.339845203,3506.996,3.97474e14,0.2825,-3.11798e6,1.56141e6,-3.91614e-9
1521146580,31720636.43051311,28204713.624130413,3515.923,3.96000e14,0.6524,-3.12310e6,1.56688e6,-3.92985e-9
1521146610,31711096.332032684,28186281.2088412,3524.815,3.93739e14,1.2197,-3.12507e6,1.57234e6,-3.94355e-9
1521146640,31701505.74909189,28167833.358326536,3533.672,3.94673e14,0.9854,-3.13962e6,1.57780e6,-3.95725e-9
1521146670,31691864.743876263,28149370.338236663,3542.494,4.10440e14,2.9702,-3.21309e6,1.58326e6,-3.97093e-9
1521146700,31682173.379038855,28130892.415526193,3551.281,4.09554e14,2.7481,-3.22063e6,1.58871e6,-3.98462e-9
1521146730,31672431.717734408,28112399.858478673,3560.032,3.97616e14,0.2471,-3.18395e6,1.59417e6,-3.99829e-9
1521146760,31662639.823522165,28093892.936643295,3568.747,4.02537e14,0.9877,-3.21458e6,1.59962e6,-4.01196e-9
1521146790,31652797.76046733,28075371.92090423,3577.426,3.92653e14,1.4920,-3.18574e6,1.60506e6,-4.02562e-9
1521146820,31642905.593111258,28056837.083462253,3586.069,3.92982e14,1.4096,-3.19787e6,1.61051e6,-4.03928e-9
1521146850,31632963.386473835,28038288.697837833,3594.675,4.00752e14,0.5399,-3.24017e6,1.61595e6,-4.05292e-9
1521146880,31622971.20605586,28019727.03887412,3603.244,3.97328e14,0.3193,-3.23714e6,1.62139e6,-4.06656e-9
1521146910,31612929.11784146,28001152.382740017,3611.777,3.98368e14,0.0582,-3.25224e6,1.62682e6,-4.08019e-9
1521146940,31602837.188300487,27982565.00693302,3620.272,3.90712e14,1.9791,-3.23175e6,1.63225e6,-4.09381e-9
1521146970,31592695.484390963,27963965.190282203,3628.730,3.98864e14,0.0662,-3.27598e6,1.63768e6,-4.10742e-9
1521147000,31582504.073561464,27945353.212951045,3637.151,4.06560e14,1.9968,-3.31854e6,1.64310e6,-4.12102e-9
1521147030,31572263.023710027,27926729.356422924,3645.534,3.90865e14,1.9407,-3.26460e6,1.64852e6,-4.13462e-9
1521147060,31561972.403320663,27908093.90355722,3653.878,3.85857e14,3.1969,-3.25455e6,1.65394e6,-4.14820e-9
1521147090,31551632.281331487,27889447.138538584,3662.185,3.92249e14,1.5934,-3.29180e6,1.65935e6,-4.16177e-9
1521147120,31541242.727180205,27870789.346896704,3670.453,3.92131e14,1.6231,-3.30203e6,1.66476e6,-4.17534e-9
1521147150,31530803.810806245,27852120.815508828,3678.683,3.93390e14,1.3073,-3.31803e6,1.67016e6,-4.18889e-9
1521147180,31520315.60265272,27833441.832602028,3686.874,3.98255e14,0.0866,-3.34920e6,1.67556e6,-4.20243e-9
1521147210,31509778.173668675,27814752.68775566,3695.025,4.01775e14,0.7964,-3.37482e6,1.68095e6,-4.21596e-9
1521147240,31499191.59531107,27796053.671903547,3703.138,4.01574e14,0.7461,-3.38480e6,1.68634e6,-4.22948e-9
1521147270,31488555.93954692,27777345.077336255,3711.211,3.96404e14,0.5511,-3.37367e6,1.69173e6,-4.24299e-9
1521147300,31477871.27885546,27758627.197703175,3719.244,3.97450e14,0.2886,-3.38885e6,1.69711e6,-4.25649e-9
1521147330,31467137.686274357,27739900.328029428,3727.237,3.94224e14,1.0980,-3.38581e6,1.70249e6,-4.26997e-9
1521147360,31456355.23526621,27721164.764672432,3735.190,3.95264e14,0.8371,-3.40095e6,1.70786e6,-4.28344e-9
1521147390,31445523.99985667,27702420.80536946,3743.103,4.01512e14,0.7304,-3.43848e6,1.71322e6,-4.29690e-9
1521147420,31434644.05459309,27683668.749224864,3750.975,3.93201e14,1.3545,-3.41342e6,1.71858e6,-4.31034e-9
1521147450,31423715.474547185,27664908.896712065,3758.807,3.97761e14,0.2106,-3.44377e6,1.72394e6,-4.32378e-9
1521147480,31412738.335317604,27646141.5496755,3766.597,3.99948e14,0.3380,-3.46394e6,1.72929e6,-4.33719e-9
1521147510,31401712.713032685,27627367.011332408,3774.346,3.96267e14,0.5853,-3.45863e6,1.73463e6,-4.35060e-9
1521147540,31390638.68435317,27608585.58627462,3782.053,4.04936e14,1.5895,-3.50710e6,1.73997e6,-4.36399e-9
1521147570,31379516.32647482,27589797.580470245,3789.719,4.01287e14,0.6740,-3.50188e6,1.74530e6,-4.37736e-9
1521147600,31368345.717131253,27571003.301265296,3797.342,3.98216e14,0.0964,-3.49908e6,1.75063e6,-4.39072e-9
1521147630,31357126.93456145,27552203.057367817,3804.924,3.98460e14,0.0353,-3.51079e6,1.75595e6,-4.40406e-9
1521147660,31345860.057620898,27533397.15890316,3812.463,3.93646e14,1.2429,-3.50015e6,1.76126e6,-4.41739e-9
1521147690,31334545.165675752,27514585.917361375,3819.959,3.94639e14,0.9938,-3.51509e6,1.76657e6,-4.43070e-9
1521147720,31323182.338640433,27495769.6456159,3827.413,4.00042e14,0.3616,-3.54965e6,1.77187e6,-4.44399e-9
1521147750,31311771.656980097,27476948.65792469,3834.823,4.01336e14,0.6862,-3.56602e6,1.77716e6,-4.45727e-9
1521147780,31300313.201713115,27458123.269931197,3842.190,3.98756e14,0.0389,-3.56510e6,1.78245e6,-4.47053e-9
1521147810,31288807.054413598,27439293.798665464,3849.513,3.96849e14,0.4395,-3.56711e6,1.78773e6,-4.48378e-9
1521147840,31277253.297213834,27420460.562544905,3856.793,3.98840e14,0.0602,-3.58658e6,1.79300e6,-4.49700e-9
1521147870,31265652.012806837,27401623.881375205,3864.028,4.01195e14,0.6509,-3.60774e6,1.79826e6,-4.51021e-9
1521147900,31254003.28444882,27382784.076351073,3871.219,3.97364e14,0.3102,-3.60096e6,1.80352e6,-4.52339e-9
1521147930,31242307.195982803,27363941.47008082,3878.366,3.88355e14,2.5704,-3.57057e6,1.80877e6,-4.53656e-9
1521147960,31230563.831776295,27345096.386513166,3885.467,3.90018e14,2.1531,-3.58849e6,1.81401e6,-4.54971e-9
1521147990,31218773.276788913,27326249.15101186,3892.524,4.02013e14,0.8562,-3.65357e6,1.81925e6,-4.56284e-9
1521148020,31206935.616554007,27307400.090332426,3899.536,4.02025e14,0.8590,-3.66412e6,1.82448e6,-4.57595e-9
1521148050,31195050.937181573,27288549.5326226,3906.501,3.99143e14,0.1362,-3.66138e6,1.82969e6,-4.58904e-9
1521148080,31183119.325360924,27269697.80742281,3913.422,3.99162e14,0.1410,-3.67189e6,1.83490e6,-4.60211e-9
1521148110,31171140.868363634,27250845.24566661,3920.296,4.01233e14,0.6604,-3.69186e6,1.84010e6,-4.61515e-9
1521148140,31159115.654046327,27231992.17968089,3927.123,3.98249e14,0.0881,-3.68846e6,1.84530e6,-4.62818e-9
1521148170,31147043.770853568,27213138.943186108,3933.905,3.99165e14,0.1416,-3.70307e6,1.85048e6,-4.64118e-9
1521148200,31134925.307820767,27194285.87129628,3940.639,3.99280e14,0.1706,-3.71397e6,1.85565e6,-4.65416e-9
1521148230,31122760.3545707,27175433.30049137,3947.327,3.95878e14,0.6831,-3.70843e6,1.86082e6,-4.66712e-9
1521148260,31110549.001336146,27156581.568702456,3953.967,3.95237e14,0.8439,-3.71570e6,1.86597e6,-4.68005e-9
1521148290,31098291.338943053,27137731.0152257,3960.560,3.97214e14,0.3479,-3.73523e6,1.87112e6,-4.69296e-9
1521148320,31085987.458819833,27118881.980749562,3967.105,3.98116e14,0.1215,-3.74973e6,1.87626e6,-4.70584e-9
1521148350,31073637.453000322,27100034.807354134,3973.603,3.93649e14,1.2421,-3.73890e6,1.88138e6,-4.71870e-9
1521148380,31061241.414126694,27081189.83851028,3980.052,3.94418e14,1.0494,-3.75270e6,1.88650e6,-4.73154e-9
1521148410,31048799.4354524,27062347.419078745,3986.452,4.05045e14,1.6168,-3.81328e6,1.89161e6,-4.74435e-9
1521148440,31036311.610845156,27043507.895309154,3992.804,4.05555e14,1.7448,-3.82598e6,1.89670e6,-4.75713e-9
1521148470,31023778.03478986,27024671.61483881,3999.106,3.99100e14,0.1254,-3.80545e6,1.90179e6,-4.76988e-9
1521148500,31011198.802391604,27005838.92669157,4005.360,3.99335e14,0.1843,-3.81673e6,1.90686e6,-4.78261e-9
1521148530,30998574.009375744,26987010.181299716,4011.564,3.95383e14,0.8071,-3.80791e6,1.91193e6,-4.79532e-9
1521148560,30985903.75209983,26968185.730430532,4017.718,3.99683e14,0.2716,-3.83865e6,1.91698e6,-4.80799e-9
1521148590,30973188.127547655,26949365.927257203,4023.822,3.99296e14,0.1745,-3.84688e6,1.92202e6,-4.82064e-9
1521148620,30960427.233335234,26930551.126333848,4029.876,3.99305e14,0.1768,-3.85699e6,1.92705e6,-4.83325e-9
1521148650,30947621.167713698,26911741.683593947,4035.879,4.00782e14,0.5473,-3.87419e6,1.93207e6,-4.84584e-9
1521148680,30934770.029572383,26892937.956348624,4041.832,4.00907e14,0.5788,-3.88484e6,1.93707e6,-4.85840e-9
1521148710,30921873.918441836,26874140.30328492,4047.734,3.99990e14,0.3485,-3.89039e6,1.94207e6,-4.87093e-9
1521148740,30908932.934496846,26855349.084463794,4053.584,3.95626e14,0.7463,-3.87906e6,1.94705e6,-4.88342e-9
1521148770,30895947.17855954,26836564.661318116,4059.383,3.97694e14,0.2274,-3.89908e6,1.95202e6,-4.89589e-9
1521148800,30882916.752102427,26817787.396650475,4065.129,4.02272e14,0.9212,-3.93146e6,1.95697e6,-4.90832e-9
1521148830,30869841.75725273,26799017.654617906,4070.824,3.98962e14,0.0906,-3.92510e6,1.96192e6,-4.92072e-9
1521148860,30856722.29679177,26780255.800769787,4076.466,3.94059e14,1.1395,-3.91078e6,1.96685e6,-4.93309e-9
1521148890,30843558.474161796,26761502.20200463,4082.056,3.97655e14,0.2373,-3.93834e6,1.97177e6,-4.94543e-9
1521148920,30830350.393467944,26742757.22658043,4087.593,4.03040e14,1.1137,-3.97483e6,1.97667e6,-4.95773e-9
1521148950,30817098.159481414,26724021.24411179,4093.077,4.06234e14,1.9151,-4.00054e6,1.98156e6,-4.97000e-9
1521148980,30803801.877642736,26705294.625566855,4098.507,3.99182e14,0.1458,-3.97525e6,1.98644e6,-4.98223e-9
1521149010,30790461.654064957,26686577.743264128,4103.884,3.97158e14,0.3620,-3.97487e6,1.99130e6,-4.99443e-9
1521149040,30777077.595536895,26667870.970869154,4109.207,3.97932e14,0.1678,-3.98843e6,1.99615e6,-5.00659e-9
1521149070,30763649.809526484,26649174.683390956,4114.475,3.92174e14,1.6122,-3.96919e6,2.00098e6,-5.01872e-9
1521149100,30750178.404184002,26630489.25717854,4119.689,3.97402e14,0.3006,-4.00505e6,2.00580e6,-5.03081e-9
1521149130,30736663.48835749,26611815.06991981,4124.848,3.95732e14,0.7197,-4.00622e6,2.01060e6,-5.04286e-9
1521149160,30723105.171558928,26593152.500629053,4129.953,3.98425e14,0.0440,-4.02938e6,2.01539e6,-5.05487e-9
1521149190,30709503.564004872,26574501.92965179,4135.002,3.98049e14,0.1383,-4.03702e6,2.02016e6,-5.06685e-9
1521149220,30695858.77660795,26555863.73865768,4139.995,3.92395e14,1.5568,-4.01781e6,2.02492e6,-5.07878e-9
1521149250,30682170.920980193,26537238.31063623,4144.933,4.03243e14,1.1646,-4.08244e6,2.02966e6,-5.09068e-9
1521149280,30668440.10943662,26518626.02989227,4149.814,4.00574e14,0.4952,-4.07833e6,2.03439e6,-5.10253e-9
1521149310,30654666.454998743,26500027.282041427,4154.639,3.88077e14,2.6401,-4.02386e6,2.03910e6,-5.11435e-9
1521149340,30640850.071398042,26481442.454005294,4159.408,3.88500e14,2.5339,-4.03529e6,2.04379e6,-5.12612e-9
1521149370,30626991.073079415,26462871.9340065,4164.119,3.97776e14,0.2068,-4.09218e6,2.04847e6,-5.13785e-9
1521149400,30613089.575204745,26444316.1115637,4168.773,4.01396e14,0.7013,-4.12013e6,2.05313e6,-5.14954e-9
1521149430,30599145.69362739,26425775.37749177,4173.370,3.99775e14,0.2946,-4.12108e6,2.05777e6,-5.16119e-9
1521149460,30585159.544985082,26407250.12387959,4177.909,3.97802e14,0.2003,-4.12014e6,2.06239e6,-5.17279e-9
1521149490,30571131.246613707,26388740.74410129,4182.391,3.95711e14,0.7250,-4.11850e6,2.06700e6,-5.18435e-9
1521149520,30557060.916579694,26370247.632805083,4186.813,3.95889e14,0.6802,-4.12857e6,2.07159e6,-5.19586e-9
1521149550,30542948.673683207,26351771.18590748,4191.177,3.98391e14,0.0525,-4.15071e6,2.07616e6,-5.20733e-9
1521149580,30528794.637461517,26333311.800587285,4195.483,3.97305e14,0.3249,-4.15415e6,2.08071e6,-5.21875e-9
1521149610,30514598.92819231,26314869.875279397,4199.729,3.98711e14,0.0277,-4.17055e6,2.08524e6,-5.23013e-9
1521149640,30500361.666897003,26296445.809668455,4203.916,4.02151e14,0.8907,-4.19761e6,2.08976e6,-5.24146e-9
