Timestamp,R_A,R_B,Delta_H_km,GM,Error_Pct,Term_Time,Term_Kinetic,Term_Potential
1538187780,32569609.96685481,30566588.659978427,2003.021,3.91698e14,1.7316,-1.59024e6,8.02151e5,-2.01199e-9
1538187810,32567618.506506458,30552362.131914943,2015.256,3.97615e14,0.2472,-1.61279e6,8.07477e5,-2.02535e-9
1538187840,32565571.43053004,30538093.58500515,2027.478,3.91838e14,1.6966,-1.61165e6,8.12806e5,-2.03871e-9
1538187870,32563468.749675643,30523783.14003965,2039.686,3.98173e14,0.1072,-1.63522e6,8.18138e5,-2.05208e-9
1538187900,32561310.47499155,30509430.91855939,2051.880,3.94854e14,0.9400,-1.63902e6,8.23472e5,-2.06546e-9
1538187930,32559096.61783347,30495037.04285832,2064.060,3.98717e14,0.0293,-1.65768e6,8.28809e5,-2.07884e-9
1538187960,32556827.18983763,30480601.635990508,2076.226,4.03234e14,1.1624,-1.67781e6,8.34149e5,-2.09223e-9
1538187990,32554502.202948492,30466124.82177021,2088.377,4.00948e14,0.5889,-1.68374e6,8.39491e5,-2.10562e-9
1538188020,32552121.669410344,30451606.724776823,2100.515,4.02578e14,0.9980,-1.69791e6,8.44836e5,-2.11903e-9
1538188050,32549685.60176777,30437047.470358573,2112.638,3.91286e14,1.8351,-1.68457e6,8.50183e5,-2.13243e-9
1538188080,32547194.012866084,30422447.18463625,2124.747,3.94221e14,1.0988,-1.70147e6,8.55533e5,-2.14585e-9
1538188110,32544646.915851828,30407805.994507045,2136.841,3.94428e14,1.0469,-1.71256e6,8.60886e5,-2.15927e-9
1538188140,32542044.32417334,30393124.02764818,2148.920,3.89205e14,2.3570,-1.71187e6,8.66241e5,-2.17270e-9
1538188170,32539386.25158114,30378401.412520774,2160.985,4.03487e14,1.2258,-1.75368e6,8.71599e5,-2.18614e-9
1538188200,32536672.71212855,30363638.278373584,2173.034,4.10062e14,2.8754,-1.77892e6,8.76960e5,-2.19958e-9
1538188230,32533903.720170315,30348834.75523712,2185.069,3.96664e14,0.4859,-1.76015e6,8.82323e5,-2.21303e-9
1538188260,32531079.29036898,30333990.97395717,2197.088,3.96688e14,0.4797,-1.77091e6,8.87689e5,-2.22648e-9
1538188290,32528199.437689517,30319107.066169005,2209.092,4.04102e14,1.3803,-1.79822e6,8.93057e5,-2.23995e-9
1538188320,32525264.177401833,30304183.164310608,2221.081,4.00492e14,0.4745,-1.80090e6,8.98429e5,-2.25341e-9
1538188350,32522273.52508127,30289219.40162646,2233.054,3.93693e14,1.2311,-1.79626e6,9.03802e5,-2.26689e-9
1538188380,32519227.49660922,30274215.91217126,2245.012,3.93308e14,1.3278,-1.80607e6,9.09179e5,-2.28037e-9
1538188410,32516126.108173653,30259172.830813807,2256.953,3.99542e14,0.2361,-1.83105e6,9.14558e5,-2.29386e-9
1538188440,32512969.376269765,30244090.29324061,2268.879,4.12097e14,3.3860,-1.87079e6,9.19940e5,-2.30735e-9
1538188470,32509757.31770043,30228968.43595984,2280.789,4.10624e14,3.0165,-1.87832e6,9.25324e5,-2.32086e-9
1538188500,32506489.949576937,30213807.396305032,2292.683,3.92528e14,1.5234,-1.84701e6,9.30711e5,-2.33436e-9
1538188530,32503167.28931506,30198607.31245373,2304.560,3.87777e14,2.7152,-1.84655e6,9.36100e5,-2.34788e-9
1538188560,32499789.354649346,30183368.323385876,2316.421,3.96421e14,0.5466,-1.87760e6,9.41492e5,-2.36140e-9
1538188590,32496356.163620092,30168090.568933148,2328.266,4.01737e14,0.7868,-1.90098e6,9.46887e5,-2.37493e-9
1538188620,32492867.734578326,30152774.18976817,2340.094,3.89589e14,2.2608,-1.88280e6,9.52284e5,-2.38846e-9
1538188650,32489324.086186435,30137419.32740859,2351.905,3.85636e14,3.2525,-1.88398e6,9.57684e5,-2.40200e-9
1538188680,32485725.23741875,30122026.124221087,2363.699,3.90402e14,2.0569,-1.90612e6,9.63086e5,-2.41555e-9
1538188710,32482071.20756219,30106594.723425377,2375.476,3.89713e14,2.2298,-1.91514e6,9.68491e5,-2.42910e-9
1538188740,32478362.0162169,30091125.26909829,2387.237,3.95900e14,0.6776,-1.94095e6,9.73899e5,-2.44266e-9
1538188770,32474597.683296923,30075617.90617784,2398.980,4.01060e14,0.6171,-1.96440e6,9.79309e5,-2.45623e-9
1538188800,32470778.22903078,30060072.780467216,2410.705,3.99718e14,0.2803,-1.97194e6,9.84721e5,-2.46980e-9
1538188830,32466903.673967298,30044490.038622074,2422.414,3.96780e14,0.4568,-1.97549e6,9.90136e5,-2.48338e-9
1538188860,32462974.038960725,30028869.828206554,2434.104,4.00730e14,0.5342,-1.99616e6,9.95554e5,-2.49696e-9
1538188890,32458989.34518705,30013212.297645293,2445.777,3.96786e14,0.4553,-1.99713e6,1.00097e6,-2.51055e-9
1538188920,32454949.614139665,29997517.596244294,2457.432,3.87169e14,2.8678,-1.98367e6,1.00640e6,-2.52415e-9
1538188950,32450854.867630232,29981785.874194827,2469.069,3.98374e14,0.0567,-2.02280e6,1.01182e6,-2.53775e-9
1538188980,32446705.127789393,29966017.282577485,2480.688,4.05449e14,1.7182,-2.05170e6,1.01725e6,-2.55136e-9
1538189010,32442500.41706775,29950211.97336614,2492.288,3.98165e14,0.1093,-2.04396e6,1.02268e6,-2.56498e-9
1538189040,32438240.75823651,29934370.09943198,2503.871,3.93513e14,1.2762,-2.04283e6,1.02811e6,-2.57860e-9
1538189070,32433926.17438851,29918491.814547494,2515.434,3.95429e14,0.7956,-2.05859e6,1.03355e6,-2.59223e-9
1538189100,32429556.68893895,29902577.273390573,2526.979,3.95255e14,0.8393,-2.06897e6,1.03898e6,-2.60587e-9
1538189130,32425132.325631432,29886626.631566107,2538.506,4.00669e14,0.5190,-2.09398e6,1.04442e6,-2.61951e-9
1538189160,32420653.108523287,29870640.0455558,2550.013,4.01619e14,0.7574,-2.10739e6,1.04987e6,-2.63315e-9
1538189190,32416119.06200202,29854617.672776733,2561.501,4.01326e14,0.6838,-2.11754e6,1.05531e6,-2.64681e-9
1538189220,32411530.210781224,29838559.67156791,2572.971,4.02944e14,1.0898,-2.13278e6,1.06076e6,-2.66046e-9
1538189250,32406886.579901546,29822466.201194562,2584.420,3.98995e14,0.0989,-2.13317e6,1.06621e6,-2.67413e-9
1538189280,32402188.194731656,29806337.421852384,2595.851,4.01265e14,0.6685,-2.15018e6,1.07166e6,-2.68780e-9
1538189310,32397435.08096922,29790173.494671866,2607.262,3.98678e14,0.0195,-2.15413e6,1.07711e6,-2.70147e-9
1538189340,32392627.26464184,29773974.581722498,2618.653,3.99736e14,0.2850,-2.16792e6,1.08257e6,-2.71516e-9
1538189370,32387764.77210803,29757740.846017145,2630.024,3.90047e14,2.1459,-2.15240e6,1.08803e6,-2.72884e-9
1538189400,32382847.630058195,29741472.451516263,2641.375,3.92879e14,1.4353,-2.17097e6,1.09349e6,-2.74254e-9
1538189430,32377875.8654934,29725169.563119274,2652.706,4.07879e14,2.3278,-2.22316e6,1.09895e6,-2.75624e-9
1538189460,32372849.505794674,29708832.34670895,2664.017,4.02663e14,1.0192,-2.21977e6,1.10442e6,-2.76994e-9
1538189490,32367768.578655515,29692460.96911546,2675.308,3.99537e14,0.2351,-2.22206e6,1.10988e6,-2.78365e-9
1538189520,32362633.11210482,29676055.59813356,2686.578,3.96967e14,0.4097,-2.22582e6,1.11535e6,-2.79737e-9
1538189550,32357443.134507723,29659616.402526855,2697.827,3.96638e14,0.4924,-2.23581e6,1.12083e6,-2.81109e-9
1538189580,32352198.674566384,29643143.552031927,2709.055,3.99319e14,0.1803,-2.25430e6,1.12630e6,-2.82481e-9
1538189610,32346899.76132091,29626637.217362653,2720.263,3.99896e14,0.3250,-2.26690e6,1.13178e6,-2.83855e-9
1538189640,32341546.424150135,29610097.57021427,2731.449,3.99826e14,0.3074,-2.27767e6,1.13725e6,-2.85228e-9
1538189670,32336138.692772567,29593524.78326766,2742.614,4.01188e14,0.6491,-2.29255e6,1.14273e6,-2.86602e-9
1538189700,32330676.597247258,29576919.03019355,2753.758,4.01367e14,0.6941,-2.30406e6,1.14822e6,-2.87977e-9
1538189730,32325160.168011837,29560280.48565553,2764.880,4.02876e14,1.0727,-2.31943e6,1.15370e6,-2.89352e-9
1538189760,32319589.435769185,29543609.325317714,2775.980,4.02077e14,0.8722,-2.32814e6,1.15919e6,-2.90728e-9
1538189790,32313964.431603048,29526905.7258457,2787.059,3.93819e14,1.1996,-2.31504e6,1.16467e6,-2.92104e-9
1538189820,32308285.186942227,29510169.864911728,2798.115,3.97888e14,0.1787,-2.33789e6,1.17016e6,-2.93481e-9
1538189850,32302551.733561862,29493401.92119904,2809.150,4.00589e14,0.4989,-2.35683e6,1.17566e6,-2.94858e-9
1538189880,32296764.103584882,29476602.07440599,2820.162,3.92337e14,1.5714,-2.34339e6,1.18115e6,-2.96236e-9
1538189910,32290922.329483233,29459770.505250435,2831.152,3.91570e14,1.7639,-2.35201e6,1.18665e6,-2.97614e-9
1538189940,32285026.44407937,29442907.395473875,2842.119,3.98250e14,0.0879,-2.38288e6,1.19214e6,-2.98993e-9
1538189970,32279076.480547506,29426012.92784585,2853.064,3.96042e14,0.6418,-2.38724e6,1.19764e6,-3.00372e-9
1538190000,32273072.47241503,29409087.286168143,2863.985,3.99330e14,0.1829,-2.40813e6,1.20315e6,-3.01751e-9
1538190030,32267014.453520045,29392130.65530039,2874.884,4.00313e14,0.4296,-2.42212e6,1.20865e6,-3.03131e-9
1538190060,32260902.458147924,29375143.22109902,2885.759,4.01883e14,0.8236,-2.43793e6,1.21415e6,-3.04511e-9
1538190090,32254736.52089705,29358125.17048696,2896.611,4.05462e14,1.7214,-2.45994e6,1.21966e6,-3.05892e-9
1538190120,32248516.676723756,29341076.691437073,2907.440,3.96080e14,0.6324,-2.44222e6,1.22517e6,-3.07273e-9
1538190150,32242242.960943293,29323997.972976603,2918.245,3.88918e14,2.4292,-2.43109e6,1.23068e6,-3.08655e-9
1538190180,32235915.40923087,29306889.205191676,2929.026,3.92245e14,1.5944,-2.45229e6,1.23619e6,-3.10037e-9
1538190210,32229534.05762273,29289750.579231866,2939.783,4.06202e14,1.9071,-2.50669e6,1.24170e6,-3.11419e-9
1538190240,32223098.942517094,29272582.287314672,2950.517,4.04698e14,1.5297,-2.51312e6,1.24722e6,-3.12802e-9
1538190270,32216610.100675277,29255384.522729993,2961.226,3.97971e14,0.1580,-2.50310e6,1.25273e6,-3.14185e-9
1538190300,32210067.56922274,29238157.47984459,2971.910,3.99477e14,0.2200,-2.51887e6,1.25825e6,-3.15569e-9
1538190330,32203471.385693006,29220901.35407028,2982.570,3.99842e14,0.3115,-2.53108e6,1.26377e6,-3.16953e-9
1538190360,32196821.58789682,29203616.34198015,2993.205,3.99351e14,0.1884,-2.54057e6,1.26929e6,-3.18337e-9
1538190390,32190118.21405562,29186302.641201008,3003.816,3.94747e14,0.9667,-2.53690e6,1.27481e6,-3.19721e-9
1538190420,32183361.30276024,29168960.45045377,3014.401,3.96275e14,0.5835,-2.55279e6,1.28033e6,-3.21106e-9
1538190450,32176550.892972417,29151589.969557494,3024.961,3.99470e14,0.2182,-2.57411e6,1.28585e6,-3.22491e-9
1538190480,32169687.024026338,29134191.399433468,3035.496,4.02676e14,1.0224,-2.59555e6,1.29138e6,-3.23877e-9
1538190510,32162769.73563032,29116764.942109417,3046.005,4.02737e14,1.0377,-2.60686e6,1.29691e6,-3.25263e-9
1538190540,32155799.067868248,29099310.80072348,3056.488,4.03117e14,1.1332,-2.61921e6,1.30243e6,-3.26649e-9
1538190570,32148775.06120134,29081829.179528292,3066.946,4.03327e14,1.1857,-2.63101e6,1.30796e6,-3.28035e-9
1538190600,32141697.756469667,29064320.28389516,3077.377,4.04943e14,1.5913,-2.64746e6,1.31349e6,-3.29421e-9
1538190630,32134567.194858167,29046784.320355598,3087.783,4.01206e14,0.6537,-2.64624e6,1.31902e6,-3.30808e-9
1538190660,32127383.418008123,29029221.496489834,3098.162,3.90959e14,1.9171,-2.62330e6,1.32455e6,-3.32195e-9
1538190690,32120146.467908602,29011632.021046773,3108.514,3.95081e14,0.8830,-2.64800e6,1.33008e6,-3.33582e-9
1538190720,32112856.386933487,28994016.10391096,3118.840,3.96619e14,0.4970,-2.66417e6,1.33562e6,-3.34970e-9
1538190750,32105513.217842802,28976373.95610697,3129.139,4.00973e14,0.5953,-2.68986e6,1.34115e6,-3.36358e-9
1538190780,32098117.0037841,28958705.789803833,3139.411,4.00347e14,0.4381,-2.69884e6,1.34668e6,-3.37745e-9
1538190810,32090667.788293764,28941011.81831954,3149.656,3.97467e14,0.2843,-2.70016e6,1.35222e6,-3.39133e-9
1538190840,32083165.615298335,28923292.256125394,3159.873,4.01399e14,0.7021,-2.72461e6,1.35776e6,-3.40522e-9
1538190870,32075610.529115967,28905547.318850506,3170.063,4.03214e14,1.1574,-2.74192e6,1.36329e6,-3.41910e-9
1538190900,32068002.57445779,28887777.22328614,3180.225,4.01200e14,0.6522,-2.74614e6,1.36883e6,-3.43298e-9
1538190930,32060341.796453513,28869982.187362023,3190.360,3.94314e14,1.0753,-2.73352e6,1.37437e6,-3.44687e-9
1538190960,32052628.24057804,28852162.43023756,3200.466,4.01265e14,0.6685,-2.76859e6,1.37990e6,-3.46076e-9
1538190990,32044861.952727973,28834318.172219183,3210.544,4.05513e14,1.7341,-2.79446e6,1.38544e6,-3.47465e-9
1538191020,32037042.979198977,28816449.634792674,3220.593,3.97476e14,0.2820,-2.77759e6,1.39098e6,-3.48853e-9
1538191050,32029171.366687436,28798557.040627204,3230.614,3.95085e14,0.8818,-2.78028e6,1.39652e6,-3.50242e-9
1538191080,32021247.16229211,28780640.613579508,3240.607,3.98992e14,0.0983,-2.80504e6,1.40206e6,-3.51631e-9
1538191110,32013270.41351593,28762700.578697916,3250.570,4.02538e14,0.9877,-2.82864e6,1.40760e6,-3.53020e-9
1538191140,32005241.168267652,28744737.162226383,3260.504,3.93756e14,1.2154,-2.80864e6,1.41314e6,-3.54409e-9
1538191170,31997159.474863656,28726750.591608565,3270.409,3.96094e14,0.6288,-2.82797e6,1.41868e6,-3.55799e-9
1538191200,31989025.382029682,28708741.095491797,3280.284,4.03513e14,1.2326,-2.86551e6,1.42422e6,-3.57188e-9
1538191230,31980838.938890595,28690708.90375117,3290.130,4.04479e14,1.4748,-2.88012e6,1.42975e6,-3.58577e-9
1538191260,31972600.1950093,28672654.24743172,3299.946,4.05613e14,1.7592,-2.89536e6,1.43529e6,-3.59966e-9
1538191290,31964309.20035129,28654577.358814284,3309.732,4.01191e14,0.6500,-2.89055e6,1.44083e6,-3.61355e-9
1538191320,31955966.005298447,28636478.471399564,3319.488,4.03312e14,1.1819,-2.90936e6,1.44637e6,-3.62743e-9
1538191350,31947570.660650715,28618357.81991224,3329.213,3.95855e14,0.6887,-2.89334e6,1.45191e6,-3.64132e-9
1538191380,31939123.217627905,28600215.640305027,3338.908,3.95291e14,0.8302,-2.90232e6,1.45745e6,-3.65521e-9
1538191410,31930623.727871407,28582052.16976279,3348.572,4.05448e14,1.7179,-2.95061e6,1.46298e6,-3.66909e-9
1538191440,31922072.243445918,28563867.646706555,3358.205,4.00049e14,0.3634,-2.94189e6,1.46852e6,-3.68298e-9
1538191470,31913468.816841293,28545662.310797505,3367.807,3.91976e14,1.6619,-2.92314e6,1.47405e6,-3.69686e-9
1538191500,31904813.50097419,28527436.402940977,3377.377,3.99605e14,0.2520,-2.96242e6,1.47959e6,-3.71074e-9
1538191530,31896106.349192463,28509190.16527082,3386.916,4.05022e14,1.6109,-2.99368e6,1.48512e6,-3.72462e-9
1538191560,31887347.415269244,28490923.841213863,3396.424,3.95365e14,0.8116,-2.96873e6,1.49066e6,-3.73850e-9
1538191590,31878536.753412466,28472637.675433207,3405.899,3.92566e14,1.5138,-2.96924e6,1.49619e6,-3.75237e-9
1538191620,31869674.418264203,28454331.91385155,3415.343,3.95225e14,0.8468,-2.99024e6,1.50172e6,-3.76624e-9
1538191650,31860760.464902516,28436006.80365486,3424.754,3.96291e14,0.5794,-3.00528e6,1.50725e6,-3.78011e-9
1538191680,31851794.948843334,28417662.593296144,3434.132,3.98964e14,0.0911,-3.02644e6,1.51278e6,-3.79398e-9
1538191710,31842777.92604242,28399299.53249905,3443.478,4.03871e14,1.3224,-3.05619e6,1.51831e6,-3.80784e-9
1538191740,31833709.452897176,28380917.872261513,3452.792,4.05078e14,1.6252,-3.07192e6,1.52384e6,-3.82170e-9
1538191770,31824589.58624861,28362517.864859372,3462.072,3.97185e14,0.3550,-3.05279e6,1.52936e6,-3.83556e-9
1538191800,31815418.383383304,28344099.76384995,3471.319,3.95789e14,0.7053,-3.05844e6,1.53489e6,-3.84941e-9
1538191830,31806195.902037732,28325663.824096877,3480.532,4.00362e14,0.4419,-3.08711e6,1.54041e6,-3.86326e-9
1538191860,31796922.200392865,28307210.301708136,3489.712,3.95881e14,0.6822,-3.08080e6,1.54593e6,-3.87710e-9
1538191890,31787597.337083593,28288739.45410528,3498.858,3.93431e14,1.2970,-3.08226e6,1.55145e6,-3.89094e-9
1538191920,31778221.371198334,28270251.54000584,3507.970,3.98028e14,0.1435,-3.11118e6,1.55696e6,-3.90478e-9
1538191950,31768794.362281047,28251746.81942696,3517.048,3.96317e14,0.5728,-3.11549e6,1.56248e6,-3.91861e-9
1538191980,31759316.37033331,28233225.55368901,3526.091,4.02073e14,0.8712,-3.14912e6,1.56799e6,-3.93244e-9
1538192010,31749787.455816437,28214688.00541917,3535.099,4.02770e14,1.0461,-3.16294e6,1.57350e6,-3.94626e-9
1538192040,31740207.67965351,28196134.438554935,3544.073,3.95277e14,0.8339,-3.14434e6,1.57901e6,-3.96007e-9
1538192070,31730577.103231467,28177565.11834769,3553.012,3.98974e14,0.0937,-3.17000e6,1.58452e6,-3.97388e-9
1538192100,31720895.788403284,28158980.31136613,3561.915,4.00005e14,0.3525,-3.18512e6,1.59002e6,-3.98769e-9
1538192130,31711163.79748946,28140380.285485346,3570.784,4.00423e14,0.4573,-3.19781e6,1.59553e6,-4.00149e-9
1538192160,31701381.193281937,28121765.30993462,3579.616,3.97167e14,0.3596,-3.19576e6,1.60103e6,-4.01528e-9
1538192190,31691548.039044477,28103135.65525601,3588.412,3.97803e14,0.2000,-3.20930e6,1.60652e6,-4.02906e-9
1538192220,31681664.398515422,28084491.593322083,3597.173,3.99165e14,0.1417,-3.22578e6,1.61202e6,-4.04284e-9
1538192250,31671730.3359098,28065833.39733905,3605.897,3.97121e14,0.3711,-3.22847e6,1.61751e6,-4.05661e-9
1538192280,31661745.915921528,28047161.341849763,3614.585,3.96758e14,0.4623,-3.23795e6,1.62300e6,-4.07038e-9
1538192310,31651711.203725576,28028475.7027368,3623.236,3.98531e14,0.0175,-3.25613e6,1.62848e6,-4.08413e-9
1538192340,31641626.264980186,28009776.757225405,3631.850,4.02764e14,1.0445,-3.28444e6,1.63396e6,-4.09788e-9
1538192370,31631491.165829036,27991064.783886403,3640.426,3.98695e14,0.0237,-3.27872e6,1.63944e6,-4.11162e-9
1538192400,31621305.972903416,27972340.06263909,3648.966,3.90822e14,1.9515,-3.25719e6,1.64492e6,-4.12535e-9
1538192430,31611070.753315073,27953602.87475,3657.468,3.91437e14,1.7972,-3.27058e6,1.65039e6,-4.13908e-9
1538192460,31600785.574687585,27934853.502847962,3665.932,4.00240e14,0.4113,-3.31797e6,1.65586e6,-4.15279e-9
1538192490,31590450.50512929,27916092.230914697,3674.358,4.05526e14,1.7375,-3.35095e6,1.66132e6,-4.16650e-9
1538192520,31580065.613245003,27897319.344291374,3682.746,3.97910e14,0.1733,-3.33012e6,1.66678e6,-4.18019e-9
1538192550,31569630.968138203,27878535.12968114,3691.096,3.90586e14,2.0107,-3.31031e6,1.67224e6,-4.19388e-9
1538192580,31559146.639413256,27859739.875151746,3699.407,3.93524e14,1.2736,-3.33347e6,1.67769e6,-4.20755e-9
1538192610,31548612.697177675,27840933.870138012,3707.679,3.96424e14,0.5459,-3.35654e6,1.68314e6,-4.22122e-9
1538192640,31538029.212044425,27822117.40544432,3715.912,3.95667e14,0.7358,-3.36419e6,1.68859e6,-4.23488e-9
1538192670,31527396.255134165,27803290.773247045,3724.105,4.00450e14,0.4641,-3.39535e6,1.69403e6,-4.24852e-9
1538192700,31516713.898077678,27784454.267096907,3732.260,4.01027e14,0.6089,-3.40870e6,1.69946e6,-4.26215e-9
1538192730,31505982.213042237,27765608.18194749,3740.374,4.00343e14,0.4371,-3.41667e6,1.70489e6,-4.27577e-9
1538192760,31495201.272659697,27746752.814077005,3748.448,4.01943e14,0.8387,-3.43441e6,1.71032e6,-4.28938e-9
1538192790,31484371.150103513,27727888.461171128,3756.483,4.01202e14,0.6526,-3.44211e6,1.71574e6,-4.30298e-9
1538192820,31473491.91906718,27709015.42229934,3764.476,4.02435e14,0.9620,-3.45830e6,1.72116e6,-4.31657e-9
1538192850,31462563.653766852,27690133.997917283,3772.430,4.05685e14,1.7774,-3.48324e6,1.72657e6,-4.33014e-9
1538192880,31451586.428944014,27671244.489868976,3780.342,4.03876e14,1.3236,-3.48629e6,1.73198e6,-4.34370e-9
1538192910,31440560.319868177,27652347.201389056,3788.213,3.96468e14,0.5350,-3.46489e6,1.73738e6,-4.35725e-9
1538192940,31429485.402339518,27633442.43710489,3796.043,3.96317e14,0.5729,-3.47499e6,1.74277e6,-4.37078e-9
1538192970,31418361.75269158,27614530.503038615,3803.831,3.99122e14,0.1308,-3.49803e6,1.74816e6,-4.38430e-9
1538193000,31407189.447793916,27595611.70660913,3811.578,4.00131e14,0.3841,-3.51325e6,1.75355e6,-4.39780e-9
1538193030,31395968.565021522,27576686.356593776,3819.282,3.99491e14,0.2235,-3.52120e6,1.75893e6,-4.41129e-9
1538193060,31384699.182360113,27557754.76325395,3826.944,4.02437e14,0.9626,-3.54499e6,1.76430e6,-4.42477e-9
1538193090,31373381.378305927,27538817.238212727,3834.564,4.00842e14,0.5625,-3.54869e6,1.76966e6,-4.43823e-9
1538193120,31362015.231901377,27519874.09449626,3842.141,3.94758e14,0.9639,-3.53236e6,1.77502e6,-4.45167e-9
1538193150,31350600.822737534,27500925.646535095,3849.675,3.95326e14,0.8214,-3.54555e6,1.78038e6,-4.46510e-9
1538193180,31339138.230956513,27481972.210165154,3857.166,3.99055e14,0.1140,-3.57290e6,1.78572e6,-4.47851e-9
1538193210,31327627.537253983,27463014.102628972,3864.613,4.00444e14,0.4625,-3.58982e6,1.79106e6,-4.49190e-9
1538193240,31316068.822881516,27444051.64257651,3872.017,3.98720e14,0.0299,-3.59274e6,1.79640e6,-4.50528e-9
1538193270,31304462.169649154,27425085.15006617,3879.377,3.96597e14,0.5025,-3.59381e6,1.80172e6,-4.51864e-9
1538193300,31292807.659927793,27406114.946565546,3886.693,3.94659e14,0.9887,-3.59563e6,1.80704e6,-4.53198e-9
1538193330,31281105.376681093,27387141.354992386,3893.964,4.02027e14,0.8596,-3.63969e6,1.81236e6,-4.54531e-9
1538193360,31269355.403377615,27368164.69959149,3901.191,4.05654e14,1.7695,-3.66688e6,1.81766e6,-4.55861e-9
1538193390,31257557.824084,27349185.306059457,3908.373,3.97567e14,0.2593,-3.64059e6,1.82296e6,-4.57190e-9
1538193420,31245712.723438513,27330203.501505405,3915.509,3.96485e14,0.5308,-3.64619e6,1.82825e6,-4.58516e-9
1538193450,31233820.186653834,27311219.61445167,3922.601,4.00660e14,0.5167,-3.67593e6,1.83353e6,-4.59841e-9
1538193480,31221880.29951998,27292233.97483464,3929.646,4.01993e14,0.8510,-3.69265e6,1.83880e6,-4.61164e-9
1538193510,31209893.148407158,27273246.914005417,3936.646,4.03586e14,1.2507,-3.71059e6,1.84407e6,-4.62485e-9
1538193540,31197858.820268817,27254258.764730252,3943.600,4.02228e14,0.9101,-3.71487e6,1.84932e6,-4.63803e-9
1538193570,31185777.402644455,27235269.861191146,3950.508,3.99055e14,0.1140,-3.71065e6,1.85457e6,-4.65120e-9
1538193600,31173648.983662672,27216280.538986158,3957.368,3.94567e14,1.0119,-3.70020e6,1.85981e6,-4.66434e-9
1538193630,31161473.65203018,27197291.135099966,3964.183,3.94985e14,0.9071,-3.71257e6,1.86504e6,-4.67746e-9
1538193660,31149251.497077953,27178301.987995647,3970.950,3.99594e14,0.2492,-3.74458e6,1.87026e6,-4.69056e-9
1538193690,31136982.608720873,27159313.43752297,3977.669,3.97394e14,0.3028,-3.74467e6,1.87548e6,-4.70363e-9
1538193720,31124667.077474773,27140325.824947827,3984.341,4.02227e14,0.9099,-3.77786e6,1.88068e6,-4.71668e-9
1538193750,31112304.994459253,27121339.492951747,3990.966,4.01571e14,0.7452,-3.78519e6,1.88587e6,-4.72971e-9
1538193780,31099896.451400664,27102354.785631478,3997.542,3.96371e14,0.5594,-3.77093e6,1.89106e6,-4.74272e-9
1538193810,31087441.540635046,27083372.048498318,4004.069,4.00689e14,0.5239,-3.80178e6,1.89623e6,-4.75569e-9
1538193840,31074940.355111036,27064391.62847741,4010.549,4.00921e14,0.5823,-3.81325e6,1.90139e6,-4.76865e-9
1538193870,31062392.98839284,27045413.873906832,4016.979,3.96786e14,0.4551,-3.80381e6,1.90655e6,-4.78158e-9
1538193900,31049799.534663156,27026439.134536687,4023.360,3.99397e14,0.1998,-3.82659e6,1.91169e6,-4.79448e-9
1538193930,31037160.088721763,27007467.76154516,4029.692,3.98946e14,0.0866,-3.83470e6,1.91682e6,-4.80735e-9
1538193960,31024474.746002037,26988500.10748459,4035.975,3.98181e14,0.1053,-3.84126e6,1.92195e6,-4.82020e-9
1538193990,31011743.60256036,26969536.52633288,4042.207,4.02617e14,1.0076,-3.87291e6,1.92706e6,-4.83302e-9
1538194020,30998966.755083483,26950577.373475216,4048.389,3.99459e14,0.2155,-3.86786e6,1.93216e6,-4.84582e-9
1538194050,30986144.300891537,26931623.005702674,4054.521,3.95631e14,0.7449,-3.85945e6,1.93724e6,-4.85858e-9
1538194080,30973276.337940954,26912673.781210784,4060.603,3.99873e14,0.3193,-3.89023e6,1.94232e6,-4.87132e-9
1538194110,30960362.964827597,26893730.059597917,4066.633,4.00363e14,0.4423,-3.90277e6,1.94739e6,-4.88403e-9
1538194140,30947404.2807897,26874792.20186356,4072.612,3.99894e14,0.3246,-3.91060e6,1.95244e6,-4.89670e-9
1538194170,30934400.38571101,26855860.570406538,4078.540,4.02786e14,1.0501,-3.93490e6,1.95748e6,-4.90935e-9
1538194200,30921351.380123872,26836935.52902303,4084.416,3.98977e14,0.0945,-3.92626e6,1.96251e6,-4.92197e-9
1538194230,30908257.365230404,26818017.442896876,4090.240,4.00883e14,0.5727,-3.94570e6,1.96753e6,-4.93455e-9
1538194260,30895118.442849904,26799106.67862078,4096.012,3.99727e14,0.2826,-3.95002e6,1.97253e6,-4.94710e-9
1538194290,30881934.715477895,26780203.60417087,4101.731,3.93457e14,1.2903,-3.92892e6,1.97752e6,-4.95962e-9
1538194320,30868706.28627141,26761308.588911556,4107.398,3.96595e14,0.5032,-3.95441e6,1.98250e6,-4.97211e-9
1538194350,30855433.259052295,26742422.003592893,4113.011,3.96428e14,0.5449,-3.96349e6,1.98746e6,-4.98457e-9
1538194380,30842115.73831058,26723544.22034779,4118.572,4.01236e14,0.6612,-3.99739e6,1.99241e6,-4.99699e-9
1538194410,30828753.829207942,26704675.61268913,4124.078,4.02306e14,0.9297,-4.01266e6,1.99735e6,-5.00938e-9
1538194440,30815347.637580995,26685816.55550663,4129.531,3.98518e14,0.0206,-4.00353e6,2.00228e6,-5.02173e-9
1538194470,30801897.26994479,26666967.425063614,4134.930,4.01833e14,0.8111,-4.03003e6,2.00718e6,-5.03404e-9
1538194500,30788402.833496135,26648128.59899371,4140.274,4.00781e14,0.5470,-4.03455e6,2.01208e6,-5.04633e-9
1538194530,30774864.436095346,26629300.456297573,4145.564,4.01232e14,0.6602,-4.04662e6,2.01696e6,-5.05857e-9
1538194560,30761282.186336793,26610483.377338644,4150.799,4.02393e14,0.9514,-4.06227e6,2.02183e6,-5.07078e-9
1538194590,30747656.193484955,26591677.743839577,4155.978,3.94716e14,0.9746,-4.03299e6,2.02668e6,-5.08295e-9
1538194620,30733986.567499515,26572883.938878335,4161.103,3.94584e14,1.0076,-4.04195e6,2.03151e6,-5.09508e-9
1538194650,30720273.419038672,26554102.346884094,4166.171,3.99644e14,0.2619,-4.07738e6,2.03633e6,-5.10717e-9
1538194680,30706516.85946232,26535333.35363302,4171.184,3.95742e14,0.7172,-4.06703e6,2.04113e6,-5.11922e-9
1538194710,30692717.000835456,26516577.346243884,4176.140,3.95510e14,0.7754,-4.07538e6,2.04592e6,-5.13124e-9
1538194740,30678873.95593144,26497834.71317362,4181.039,3.98400e14,0.0502,-4.09975e6,2.05069e6,-5.14321e-9
1538194770,30664987.83823531,26479105.84421261,4185.882,3.99618e14,0.2554,-4.11554e6,2.05545e6,-5.15514e-9
1538194800,30651058.76194711,26460391.130479917,4190.668,3.99555e14,0.2396,-4.12471e6,2.06019e6,-5.16704e-9
1538194830,30637086.84199959,26441690.964427594,4195.396,4.00470e14,0.4691,-4.13890e6,2.06491e6,-5.17888e-9
1538194860,30623072.1940173,26423005.739806768,4200.066,3.98735e14,0.0339,-4.13933e6,2.06962e6,-5.19069e-9
1538194890,30609014.934364505,26404335.85169164,4204.679,3.99035e14,0.1090,-4.15027e6,2.07430e6,-5.20245e-9
1538194920,30594915.180134207,26385681.69646456,4209.233,3.99379e14,0.1952,-4.16140e6,2.07898e6,-5.21417e-9
1538194950,30580773.04915176,26367043.671810478,4213.729,4.00664e14,0.5178,-4.17744e6,2.08363e6,-5.22585e-9
1538194980,30566588.659978427,26348422.17671134,4218.166,4.00080e14,0.3711,-4.18367e6,2.08826e6,-5.23748e-9
1538195010,30552362.131914943,26329817.61144016,4222.545,3.97232e14,0.3433,-4.17797e6,2.09288e6,-5.24906e-9
1538195040,30538093.58500515,26311230.377554964,4226.863,3.95003e14,0.9025,-4.17543e6,2.09748e6,-5.26060e-9
1538195070,30523783.14003965,26292660.877892606,4231.122,3.93994e14,1.1557,-4.17923e6,2.10205e6,-5.27209e-9
1538195100,30509430.91855939,26274109.51656231,4235.321,3.98110e14,0.1231,-4.21004e6,2.10661e6,-5.28353e-9
1538195130,30495037.04285832,26255576.69891837,4239.460,3.99444e14,0.2117,-4.22618e6,2.11116e6,-5.29493e-9
1538195160,30480601.635990508,26237062.83161733,4243.539,4.01975e14,0.8466,-4.24866e6,2.11568e6,-5.30627e-9
1538195190,30466124.82177021,26218568.32254665,4247.556,4.00013e14,0.3545,-4.24728e6,2.12018e6,-5.31757e-9
1538195220,30451606.724776823,26200093.580838222,4251.513,3.98561e14,0.0100,-4.24851e6,2.12466e6,-5.32881e-9
1538195250,30437047.470358573,26181639.01686089,4255.408,4.01695e14,0.7763,-4.27417e6,2.12912e6,-5.34001e-9
1538195280,30422447.18463625,26163205.042212754,4259.242,4.02294e14,0.9265,-4.28629e6,2.13356e6,-5.35115e-9
1538195310,30407805.994507045,26144792.069713295,4263.014,4.00231e14,0.4090,-4.28411e6,2.13798e6,-5.36224e-9
1538195340,30393124.02764818,26126400.513395295,4266.724,4.00889e14,0.5741,-4.29647e6,2.14238e6,-5.37328e-9
1538195370,30378401.412520774,26108030.78849665,4270.371,3.98209e14,0.0983,-4.29082e6,2.14675e6,-5.38427e-9
1538195400,30363638.278373584,26089683.31145195,4273.955,3.92932e14,1.4221,-4.27106e6,2.15111e6,-5.39520e-9
1538195430,30348834.75523712,26071358.49991123,4277.476,3.97726e14,0.2193,-4.30558e6,2.15544e6,-5.40607e-9
1538195460,30333990.97395717,26053056.772646766,4280.934,4.02090e14,0.8754,-4.33783e6,2.15975e6,-5.41689e-9
1538195490,30319107.066169005,26034778.549629018,4284.329,3.99594e14,0.2492,-4.33290e6,2.16404e6,-5.42766e-9
1538195520,30304183.164310608,26016524.25199011,4287.659,3.96574e14,0.5084,-4.32502e6,2.16831e6,-5.43837e-9
1538195550,30289219.40162646,25998294.30201491,4290.925,3.97129e14,0.3693,-4.33651e6,2.17255e6,-5.44901e-9
1538195580,30274215.91217126,25980089.123131588,4294.127,3.96369e14,0.5597,-4.34079e6,2.17677e6,-5.45961e-9
1538195610,30259172.830813807,25961909.139902223,4297.264,3.98333e14,0.0672,-4.35990e6,2.18097e6,-5.47014e-9
1538195640,30244090.29324061,25943754.778013136,4300.336,3.99799e14,0.3006,-4.37628e6,2.18514e6,-5.48061e-9
1538195670,30228968.43595984,25925626.464264955,4303.342,3.97388e14,0.3042,-4.37135e6,2.18929e6,-5.49102e-9
1538195700,30213807.396305032,25907524.626562577,4306.283,3.97865e14,0.1845,-4.38222e6,2.19341e6,-5.50137e-9
1538195730,30198607.31245373,25889449.693882614,4309.158,3.97055e14,0.3878,-4.38594e6,2.19751e6,-5.51166e-9
1538195760,30183368.323385876,25871402.096331384,4311.966,3.97406e14,0.2997,-4.39601e6,2.20158e6,-5.52189e-9
1538195790,30168090.568933148,25853382.265065454,4314.708,3.98097e14,0.1264,-4.40793e6,2.20563e6,-5.53205e-9
1538195820,30152774.18976817,25835390.632302735,4317.384,3.98593e14,0.0018,-4.41872e6,2.20966e6,-5.54215e-9
1538195850,30137419.32740859,25817427.631311126,4319.992,3.98144e14,0.1146,-4.42422e6,2.21365e6,-5.55218e-9
1538195880,30122026.124221087,25799493.696396906,4322.532,3.98461e14,0.0351,-4.43392e6,2.21762e6,-5.56215e-9
1538195910,30106594.723425377,25781589.262892984,4325.005,4.00293e14,0.4245,-4.45202e6,2.22157e6,-5.57205e-9
1538195940,30091125.26909829,25763714.767146796,4327.411,3.98490e14,0.0277,-4.44981e6,2.22548e6,-5.58189e-9
1538195970,30075617.90617784,25745870.64650805,4329.747,3.99357e14,0.1897,-4.46244e6,2.22938e6,-5.59166e-9
1538196000,30060072.780467216,25728057.33931629,4332.015,3.98455e14,0.0364,-4.46513e6,2.23324e6,-5.60135e-9
1538196030,30044490.038622074,25710275.28489413,4334.215,3.99137e14,0.1347,-4.47662e6,2.23707e6,-5.61098e-9
1538196060,30028869.828206554,25692524.92351585,4336.345,3.99012e14,0.1033,-4.48354e6,2.24088e6,-5.62054e-9
1538196090,30013212.297645293,25674806.696412828,4338.406,4.00316e14,0.4305,-4.49845e6,2.24466e6,-5.63003e-9
1538196120,29997517.596244294,25657121.045754198,4340.397,4.03842e14,1.3149,-4.52585e6,2.24841e6,-5.63944e-9
1538196150,29981785.874194827,25639468.41463336,4342.317,3.99968e14,0.3431,-4.51146e6,2.25213e6,-5.64879e-9
1538196180,29966017.282577485,25621849.247054145,4344.168,3.98103e14,0.1248,-4.50831e6,2.25582e6,-5.65805e-9
1538196210,29950211.97336614,25604263.987916987,4345.948,3.96102e14,0.6269,-4.50429e6,2.25948e6,-5.66725e-9
1538196240,29934370.09943198,25586713.083004616,4347.657,3.94355e14,1.0651,-4.50162e6,2.26311e6,-5.67637e-9
1538196270,29918491.814547494,25569196.978967752,4349.295,3.96122e14,0.6217,-4.51883e6,2.26672e6,-5.68541e-9
1538196300,29902577.273390573,25551716.123310465,4350.861,4.01786e14,0.7992,-4.55821e6,2.27029e6,-5.69438e-9
1538196330,29886626.631566107,25534270.96438833,4352.356,4.00049e14,0.3634,-4.55541e6,2.27383e6,-5.70327e-9
1538196360,29870640.0455558,25516861.951353375,4353.778,3.97795e14,0.2020,-4.54957e6,2.27734e6,-5.71208e-9
1538196390,29854617.672776733,25499489.534178887,4355.128,3.97803e14,0.2001,-4.55657e6,2.28081e6,-5.72082e-9
1538196420,29838559.67156791,25482154.163631056,4356.406,3.97280e14,0.3313,-4.56046e6,2.28426e6,-5.72947e-9
1538196450,29822466.201194562,25464856.291253313,4357.610,3.98826e14,0.0566,-4.57615e6,2.28767e6,-5.73804e-9
1538196480,29806337.421852384,25447596.36935048,4358.741,3.98765e14,0.0412,-4.58256e6,2.29105e6,-5.74653e-9
1538196510,29790173.494671866,25430374.850972667,4359.799,4.01423e14,0.7082,-4.60456e6,2.29440e6,-5.75494e-9
1538196540,29773974.581722498,25413192.18989892,4360.782,3.97558e14,0.2615,-4.58894e6,2.29771e6,-5.76326e-9
1538196570,29757740.846017145,25396048.840620574,4361.692,3.97854e14,0.1872,-4.59721e6,2.30099e6,-5.77150e-9
1538196600,29741472.451516263,25378945.258324493,4362.527,3.98995e14,0.0990,-4.61029e6,2.30424e6,-5.77966e-9
1538196630,29725169.563119274,25361881.898852475,4363.288,3.97743e14,0.2151,-4.60948e6,2.30745e6,-5.78773e-9
1538196660,29708832.34670895,25344859.218756035,4363.973,3.98731e14,0.0326,-4.62156e6,2.31063e6,-5.79571e-9
1538196690,29692460.96911546,25327877.67520662,4364.583,3.98190e14,0.1030,-4.62471e6,2.31377e6,-5.80360e-9
1538196720,29676055.59813356,25310937.72600084,4365.118,3.98450e14,0.0379,-4.63243e6,2.31688e6,-5.81141e-9
1538196750,29659616.402526855,25294039.82954224,4365.577,3.94647e14,0.9918,-4.61645e6,2.31995e6,-5.81913e-9
1538196780,29643143.552031927,25277184.444822688,4365.959,3.94954e14,0.9147,-4.62429e6,2.32299e6,-5.82675e-9
1538196810,29626637.217362653,25260372.031403653,4366.265,3.98440e14,0.0403,-4.65060e6,2.32599e6,-5.83429e-9
1538196840,29610097.57021427,25243603.049397063,4366.495,3.99636e14,0.2599,-4.66352e6,2.32895e6,-5.84173e-9
1538196870,29593524.78326766,25226877.959446117,4366.647,3.99714e14,0.2793,-4.66983e6,2.33187e6,-5.84908e-9
1538196900,29576919.03019355,25210197.22270565,4366.722,3.99210e14,0.1529,-4.67267e6,2.33476e6,-5.85634e-9
1538196930,29560280.48565553,25193561.300844144,4366.719,3.95540e14,0.7679,-4.65686e6,2.33761e6,-5.86350e-9
1538196960,29543609.325317714,25176970.65595686,4366.639,3.96627e14,0.4951,-4.66885e6,2.34042e6,-5.87057e-9
1538196990,29526905.7258457,25160425.75061247,4366.480,4.01705e14,0.7790,-4.70424e6,2.34320e6,-5.87754e-9
1538197020,29510169.864911728,25143927.047811154,4366.243,3.98639e14,0.0096,-4.69168e6,2.34593e6,-5.88441e-9
1538197050,29493401.92119904,25127475.010964066,4365.927,3.98894e14,0.0737,-4.69859e6,2.34862e6,-5.89119e-9
1538197080,29476602.07440599,25111070.10387252,4365.532,3.98820e14,0.0550,-4.70346e6,2.35128e6,-5.89786e-9
1538197110,29459770.505250435,25094712.790707,4365.058,3.95587e14,0.7561,-4.68961e6,2.35390e6,-5.90444e-9
1538197140,29442907.395473875,25078403.53598594,4364.504,3.99051e14,0.1130,-4.71522e6,2.35647e6,-5.91091e-9
1538197170,29426012.92784585,25062142.804554183,4363.870,4.00791e14,0.5496,-4.73060e6,2.35901e6,-5.91728e-9
1538197200,29409087.286168143,25045931.061561324,4363.156,3.98942e14,0.0857,-4.72465e6,2.36150e6,-5.92355e-9
1538197230,29392130.65530039,25029768.772426173,4362.362,3.97969e14,0.1585,-4.72379e6,2.36395e6,-5.92971e-9
1538197260,29375143.22109902,25013656.402856197,4361.487,3.94072e14,1.1360,-4.70549e6,2.36636e6,-5.93577e-9
1538197290,29358125.17048696,24997594.418783408,4360.531,3.96736e14,0.4677,-4.72603e6,2.36873e6,-5.94173e-9
1538197320,29341076.691437073,24981583.286355074,4359.493,4.00765e14,0.5430,-4.75463e6,2.37105e6,-5.94758e-9
1538197350,29323997.972976603,24965623.471910592,4358.375,4.02209e14,0.9053,-4.76781e6,2.37334e6,-5.95332e-9
1538197380,29306889.205191676,24949715.441958252,4357.174,4.03112e14,1.1320,-4.77770e6,2.37557e6,-5.95895e-9
1538197410,29289750.579231866,24933859.663151678,4355.891,3.97706e14,0.2245,-4.74987e6,2.37777e6,-5.96447e-9
1538197440,29272582.287314672,24918056.602266047,4354.526,3.97726e14,0.2193,-4.75430e6,2.37992e6,-5.96988e-9
1538197470,29255384.522729993,24902306.72617404,4353.078,4.01728e14,0.7846,-4.78242e6,2.38203e6,-5.97518e-9
1538197500,29238157.47984459,24886610.50182162,4351.547,4.02414e14,0.9566,-4.79067e6,2.38409e6,-5.98037e-9
1538197530,29220901.35407028,24870968.39621335,4349.933,3.99486e14,0.2223,-4.77721e6,2.38610e6,-5.98544e-9
1538197560,29203616.34198015,24855380.876357246,4348.235,3.95824e14,0.6964,-4.75922e6,2.38808e6,-5.99040e-9
1538197590,29186302.641201008,24839848.40927022,4346.454,3.99774e14,0.2944,-4.78675e6,2.39000e6,-5.99525e-9
1538197620,29168960.45045377,24824371.461943094,4344.589,4.02741e14,1.0389,-4.80832e6,2.39188e6,-5.99998e-9
1538197650,29151589.969557494,24808950.501315232,4342.639,4.00018e14,0.3558,-4.79566e6,2.39371e6,-6.00459e-9
1538197680,29134191.399433468,24793585.994248852,4340.605,3.98065e14,0.1343,-4.78750e6,2.39550e6,-6.00908e-9
1538197710,29116764.942109417,24778278.40750325,4338.487,3.99540e14,0.2357,-4.79985e6,2.39723e6,-6.01345e-9
1538197740,29099310.80072348,24763028.207708664,4336.283,3.99454e14,0.2142,-4.80272e6,2.39892e6,-6.01771e-9
1538197770,29081829.179528292,24747835.861339916,4333.993,3.99657e14,0.2651,-4.80723e6,2.40056e6,-6.02184e-9
1538197800,29064320.28389516,24732701.834689885,4331.618,3.95938e14,0.6681,-4.78801e6,2.40215e6,-6.02585e-9
1538197830,29046784.320355598,24717626.593830477,4329.158,3.95308e14,0.8259,-4.78730e6,2.40370e6,-6.02974e-9
1538197860,29029221.496489834,24702610.60462325,4326.611,4.02421e14,0.9584,-4.83320e6,2.40519e6,-6.03350e-9
1538197890,29011632.021046773,24687654.33265447,4323.978,4.00972e14,0.5949,-4.82736e6,2.40663e6,-6.03714e-9
1538197920,28994016.10391096,24672758.243219648,4321.258,3.99252e14,0.1634,-4.81977e6,2.40803e6,-6.04066e-9
1538197950,28976373.95610697,24657922.801295854,4318.451,3.99626e14,0.2572,-4.82472e6,2.40937e6,-6.04404e-9
1538197980,28958705.789803833,24643148.471513584,4315.557,4.00339e14,0.4360,-4.83163e6,2.41066e6,-6.04730e-9
1538198010,28941011.81831954,24628435.718128614,4312.576,3.99216e14,0.1545,-4.82733e6,2.41190e6,-6.05043e-9
1538198040,28923292.256125394,24613785.004993476,4309.507,3.92988e14,1.4081,-4.79201e6,2.41309e6,-6.05343e-9
1538198070,28905547.318850506,24599196.79552887,4306.351,3.93186e14,1.3584,-4.79548e6,2.41423e6,-6.05630e-9
1538198100,28887777.22328614,24584671.552694708,4303.106,3.99151e14,0.1382,-4.83378e6,2.41531e6,-6.05904e-9
1538198130,28869982.187362023,24570209.73897706,4299.772,4.01388e14,0.6992,-4.84941e6,2.41634e6,-6.06164e-9
1538198160,28852162.43023756,24555811.81630986,4296.351,4.02038e14,0.8625,-4.85532e6,2.41732e6,-6.06411e-9
1538198190,28834318.172219183,24541478.246094443,4292.840,4.01215e14,0.6559,-4.85219e6,2.41824e6,-6.06645e-9
1538198220,28816449.634792674,24527209.489154227,4289.240,4.01241e14,0.6626,-4.85410e6,2.41911e6,-6.06865e-9
1538198250,28798557.040627204,24513006.005704947,4285.551,4.00560e14,0.4915,-4.85161e6,2.41993e6,-6.07071e-9
1538198280,28780640.613579508,24498868.25532472,4281.772,3.97781e14,0.2055,-4.83627e6,2.42069e6,-6.07263e-9
1538198310,28762700.578697916,24484796.69692403,4277.904,3.96971e14,0.4089,-4.83276e6,2.42139e6,-6.07442e-9
1538198340,28744737.162226383,24470791.78871531,4273.945,3.99316e14,0.1794,-4.84831e6,2.42204e6,-6.07607e-9
1538198370,28726750.591608565,24456853.98818256,4269.897,3.97427e14,0.2943,-4.83803e6,2.42263e6,-6.07757e-9
1538198400,28708741.095491797,24442983.7520506,4265.757,3.96307e14,0.5754,-4.83229e6,2.42317e6,-6.07894e-9
1538198430,28690708.90375117,24429181.536238737,4261.527,4.00550e14,0.4891,-4.85906e6,2.42365e6,-6.08016e-9
1538198460,28672654.24743172,24415447.795877397,4257.206,3.99245e14,0.1616,-4.85197e6,2.42407e6,-6.08124e-9
1538198490,28654577.358814284,24401782.985229306,4252.794,3.97538e14,0.2666,-4.84233e6,2.42443e6,-6.08217e-9
1538198520,28636478.471399564,24388187.557673223,4248.291,3.96524e14,0.5210,-4.83678e6,2.42474e6,-6.08296e-9
1538198550,28618357.81991224,24374661.965672318,4243.696,3.96493e14,0.5288,-4.83709e6,2.42499e6,-6.08360e-9
1538198580,28600215.640305027,24361206.66074223,4239.009,4.01653e14,0.7659,-4.86887e6,2.42518e6,-6.08410e-9
1538198610,28582052.16976279,24347822.09341902,4234.230,4.01289e14,0.6746,-4.86693e6,2.42531e6,-6.08444e-9
1538198640,28563867.646706555,24334508.713226948,4229.359,4.00748e14,0.5388,-4.86378e6,2.42538e6,-6.08464e-9
1538198670,28545662.310797505,24321266.968646057,4224.395,4.01989e14,0.8502,-4.87136e6,2.42539e6,-6.08469e-9
1538198700,28527436.402940977,24308097.307079673,4219.339,4.00220e14,0.4062,-4.86050e6,2.42533e6,-6.08458e-9
1538198730,28509190.16527082,24295000.1748355,4214.190,3.97212e14,0.3484,-4.84199e6,2.42522e6,-6.08432e-9
1538198760,28490923.841213863,24281976.01705036,4208.948,3.98401e14,0.0500,-4.84889e6,2.42505e6,-6.08391e-9
1538198790,28472637.675433207,24269025.277699444,4203.612,3.99889e14,0.3232,-4.85748e6,2.42482e6,-6.08335e-9
1538198820,28454331.91385155,24256148.399549775,4198.184,3.97523e14,0.2704,-4.84250e6,2.42452e6,-6.08263e-9
1538198850,28436006.80365486,24243345.82412699,4192.661,4.00762e14,0.5422,-4.86150e6,2.42416e6,-6.08175e-9
1538198880,28417662.593296144,24230617.99168215,4187.045,3.99292e14,0.1735,-4.85172e6,2.42374e6,-6.08072e-9
1538198910,28399299.53249905,24217965.34115833,4181.334,3.96336e14,0.5681,-4.83279e6,2.42326e6,-6.07952e-9
1538198940,28380917.872261513,24205388.310157146,4175.530,3.97731e14,0.2181,-4.84019e6,2.42271e6,-6.07817e-9
1538198970,28362517.864859372,24192887.334905166,4169.631,3.99486e14,0.2222,-4.84964e6,2.42210e6,-6.07666e-9
1538199000,28344099.76384995,24180462.850220148,4163.637,4.01023e14,0.6078,-4.85764e6,2.42143e6,-6.07499e-9
1538199030,28325663.824096877,24168115.289465345,4157.549,3.99875e14,0.3198,-4.84919e6,2.42069e6,-6.07316e-9
1538199060,28307210.301708136,24155845.08455205,4151.365,4.00269e14,0.4185,-4.84998e6,2.41988e6,-6.07116e-9
1538199090,28288739.45410528,24143652.66586932,4145.087,4.04619e14,1.5098,-4.87464e6,2.41901e6,-6.06900e-9
1538199120,28270251.54000584,24131538.462261375,4138.713,4.01626e14,0.7592,-4.85461e6,2.41807e6,-6.06667e-9
1538199150,28251746.81942696,24119502.9009933,4132.244,3.99363e14,0.1914,-4.83889e6,2.41707e6,-6.06418e-9
1538199180,28233225.55368901,24107546.40771662,4125.679,3.95566e14,0.7612,-4.81374e6,2.41600e6,-6.06153e-9
1538199210,28214688.00541917,24095669.406434864,4119.019,3.95296e14,0.8290,-4.80985e6,2.41487e6,-6.05870e-9
1538199240,28196134.438554935,24083872.319468874,4112.262,3.99574e14,0.2443,-4.83337e6,2.41367e6,-6.05571e-9
1538199270,28177565.11834769,24072155.567422263,4105.410,3.96160e14,0.6122,-4.81018e6,2.41240e6,-6.05255e-9
1538199300,28158980.31136613,24060519.569146633,4098.461,3.98264e14,0.0843,-4.82025e6,2.41106e6,-6.04921e-9
1538199330,28140380.285485346,24048964.741717037,4091.416,3.98954e14,0.0886,-4.82161e6,2.40965e6,-6.04571e-9
1538199360,28121765.30993462,24037491.500365827,4084.274,3.98206e14,0.0990,-4.81415e6,2.40818e6,-6.04203e-9
1538199390,28103135.65525601,24026100.258478906,4077.035,3.97921e14,0.1705,-4.80936e6,2.40664e6,-6.03819e-9
1538199420,28084491.593322083,24014791.427550882,4069.700,4.02097e14,0.8771,-4.83134e6,2.40502e6,-6.03416e-9
1538199450,28065833.39733905,24003565.417150177,4062.268,4.01486e14,0.7240,-4.82429e6,2.40334e6,-6.02997e-9
1538199480,28047161.341849763,23992422.634884138,4054.739,3.98424e14,0.0443,-4.80233e6,2.40159e6,-6.02559e-9
1538199510,28028475.7027368,23981363.486364078,4047.112,4.00681e14,0.5220,-4.81229e6,2.39977e6,-6.02105e-9
1538199540,28009776.757225405,23970388.375170395,4039.388,3.97163e14,0.3607,-4.78733e6,2.39787e6,-6.01632e-9
1538199570,27991064.783886403,23959497.702817526,4031.567,3.98550e14,0.0126,-4.79176e6,2.39591e6,-6.01142e-9
1538199600,27972340.06263909,23948691.868719034,4023.648,3.99860e14,0.3160,-4.79557e6,2.39388e6,-6.00633e-9
1538199630,27953602.87475,23937971.270146515,4015.632,4.01095e14,0.6259,-4.79877e6,2.39177e6,-6.00107e-9
1538199660,27934853.502847962,23927336.302213386,4007.517,3.99092e14,0.1233,-4.78240e6,2.38959e6,-5.99563e-9
1538199690,27916092.230914697,23916787.357821237,3999.305,3.92966e14,1.4135,-4.74121e6,2.38734e6,-5.99000e-9
1538199720,27897319.344291374,23906324.82763088,3990.995,3.96006e14,0.6510,-4.75479e6,2.38501e6,-5.98420e-9
1538199750,27878535.12968114,23895949.100027274,3982.586,4.02341e14,0.9383,-4.78789e6,2.38262e6,-5.97821e-9
1538199780,27859739.875151746,23885660.561084643,3974.079,4.02001e14,0.8532,-4.78091e6,2.38015e6,-5.97203e-9
1538199810,27840933.870138012,23875459.59453151,3965.474,3.98383e14,0.0546,-4.75423e6,2.37760e6,-5.96568e-9
1538199840,27822117.40544432,23865346.581715785,3956.771,3.96870e14,0.4341,-4.73999e6,2.37499e6,-5.95913e-9
1538199870,27803290.773247045,23855321.901569877,3947.969,3.96217e14,0.5980,-4.73074e6,2.37229e6,-5.95240e-9
1538199900,27784454.267096907,23845385.930575915,3939.068,3.98218e14,0.0960,-4.73713e6,2.36953e6,-5.94549e-9
1538199930,27765608.18194749,23835539.042729724,3930.069,3.96889e14,0.4293,-4.72356e6,2.36669e6,-5.93838e-9
1538199960,27746752.814077005,23825781.609509982,3920.971,3.93622e14,1.2489,-4.69838e6,2.36377e6,-5.93109e-9
1538199990,27727888.461171128,23816113.999839656,3911.774,3.96844e14,0.4407,-4.71152e6,2.36078e6,-5.92361e-9
1538200020,27709015.42229934,23806536.58005272,3902.479,3.99283e14,0.1713,-4.71984e6,2.35771e6,-5.91593e-9
1538200050,27690133.997917283,23797049.71385967,3893.084,3.98740e14,0.0349,-4.71035e6,2.35457e6,-5.90807e-9
1538200080,27671244.489868976,23787653.76231315,3883.591,4.00124e14,0.3823,-4.71209e6,2.35135e6,-5.90002e-9
1538200110,27652347.201389056,23778349.08377365,3873.998,3.98142e14,0.1150,-4.69381e6,2.34805e6,-5.89177e-9
1538200140,27633442.43710489,23769136.033875335,3864.306,4.00474e14,0.4701,-4.70080e6,2.34468e6,-5.88333e-9
1538200170,27614530.503038615,23760014.965491965,3854.516,4.01980e14,0.8478,-4.70273e6,2.34123e6,-5.87470e-9
1538200200,27595611.70660913,23750986.228702962,3844.625,4.00137e14,0.3855,-4.68485e6,2.33770e6,-5.86587e-9
1538200230,27576686.356593776,23742050.170772307,3834.636,3.99339e14,0.1854,-4.67296e6,2.33409e6,-5.85685e-9
1538200260,27557754.76325395,23733207.13607566,3824.548,3.97763e14,0.2101,-4.65638e6,2.33041e6,-5.84763e-9
1538200290,27538817.238212727,23724457.466106113,3814.360,3.97321e14,0.3209,-4.64629e6,2.32665e6,-5.83821e-9
1538200320,27519874.09449626,23715801.499428164,3804.073,4.00083e14,0.3718,-4.65473e6,2.32281e6,-5.82860e-9
1538200350,27500925.646535095,23707239.57164455,3793.686,4.00794e14,0.5502,-4.65102e6,2.31889e6,-5.81880e-9
1538200380,27481972.210165154,23698772.015363257,3783.200,3.97900e14,0.1758,-4.62620e6,2.31489e6,-5.80879e-9
1538200410,27463014.102628972,23690399.160164673,3772.615,3.98134e14,0.1170,-4.61943e6,2.31081e6,-5.79858e-9
1538200440,27444051.64257651,23682121.33256891,3761.930,3.97785e14,0.2047,-4.60910e6,2.30665e6,-5.78818e-9
1538200470,27425085.15006617,23673938.856003273,3751.146,4.04089e14,1.3769,-4.63707e6,2.30242e6,-5.77757e-9
1538200500,27406114.946565546,23665852.05076991,3740.263,4.05905e14,1.8326,-4.63886e6,2.29810e6,-5.76677e-9
1538200530,27387141.354992386,23657861.23398874,3729.280,3.96184e14,0.6062,-4.57405e6,2.29371e6,-5.75576e-9
1538200560,27368164.69959149,23649966.719642255,3718.198,3.94324e14,1.0729,-4.55444e6,2.28923e6,-5.74455e-9
1538200590,27349185.306059457,23642168.818466756,3707.016,3.96775e14,0.4581,-4.55944e6,2.28467e6,-5.73314e-9
1538200620,27330203.501505405,23634467.83794551,3695.736,3.96334e14,0.5685,-4.54767e6,2.28003e6,-5.72153e-9
1538200650,27311219.61445167,23626864.082277134,3684.356,3.99570e14,0.2434,-4.55675e6,2.27531e6,-5.70971e-9
1538200680,27292233.97483464,23619357.852344215,3672.876,3.98824e14,0.0561,-4.54289e6,2.27051e6,-5.69769e-9
1538200710,27273246.914005417,23611949.445682295,3661.297,3.97210e14,0.3488,-4.52396e6,2.26563e6,-5.68547e-9
1538200740,27254258.764730252,23604639.156448882,3649.620,3.98628e14,0.0070,-4.52210e6,2.26067e6,-5.67304e-9
1538200770,27235269.861191146,23597427.275392868,3637.843,4.00037e14,0.3605,-4.52000e6,2.25562e6,-5.66041e-9
1538200800,27216280.538986158,23590314.089824136,3625.966,4.03059e14,1.1187,-4.52680e6,2.25050e6,-5.64757e-9
1538200830,27197291.135099966,23583299.88361601,3613.991,4.03099e14,1.1286,-4.51656e6,2.24529e6,-5.63452e-9
1538200860,27178301.987995647,23576384.937075183,3601.917,4.01621e14,0.7577,-4.49761e6,2.24000e6,-5.62127e-9
1538200890,27159313.43752297,23569569.527012605,3589.744,4.01471e14,0.7201,-4.48599e6,2.23462e6,-5.60781e-9
1538200920,27140325.824947827,23562853.926681988,3577.472,3.98632e14,0.0079,-4.45917e6,2.22916e6,-5.59414e-9
1538200950,27121339.492951747,23556238.405751113,3565.101,3.95672e14,0.7348,-4.43158e6,2.22363e6,-5.58026e-9
1538200980,27102354.785631478,23549723.23027339,3552.632,3.95856e14,0.6886,-4.42141e6,2.21800e6,-5.56618e-9
1538201010,27083372.048498318,23543308.662659775,3540.063,3.93661e14,1.2392,-4.39786e6,2.21230e6,-5.55189e-9
1538201040,27064391.62847741,23536994.961650956,3527.397,3.96188e14,0.6051,-4.40036e6,2.20651e6,-5.53739e-9
1538201070,27045413.873906832,23530782.38228985,3514.631,4.00899e14,0.5766,-4.41467e6,2.20064e6,-5.52268e-9
1538201100,27026439.134536687,23524671.1758944,3501.768,3.99527e14,0.2324,-4.39518e6,2.19468e6,-5.50776e-9
1538201130,27007467.76154516,23518661.58999592,3488.806,4.00184e14,0.3974,-4.38671e6,2.18864e6,-5.49263e-9
1538201160,26988500.10748459,23512753.868419703,3475.746,3.98658e14,0.0143,-4.36608e6,2.18252e6,-5.47729e-9
1538201190,26969536.52633288,23506948.25115142,3462.588,3.95435e14,0.7940,-4.33608e6,2.17631e6,-5.46174e-9
1538201220,26950577.373475216,23501244.974345673,3449.332,3.98810e14,0.0525,-4.34193e6,2.17002e6,-5.44598e-9
1538201250,26931623.005702674,23495644.27030011,3435.979,4.00940e14,0.5870,-4.34076e6,2.16365e6,-5.43001e-9
1538201280,26912673.781210784,23490146.367429968,3422.527,3.98449e14,0.0380,-4.31433e6,2.15719e6,-5.41383e-9
1538201310,26893730.059597917,23484751.490242895,3408.979,3.97738e14,0.2163,-4.29741e6,2.15065e6,-5.39743e-9
1538201340,26874792.20186356,23479459.859314177,3395.332,3.93844e14,1.1933,-4.26323e6,2.14402e6,-5.38083e-9
1538201370,26855860.570406538,23474271.69126231,3381.589,3.93428e14,1.2977,-4.24766e6,2.13731e6,-5.36401e-9
1538201400,26836935.52902303,23469187.19872498,3367.748,3.99964e14,0.3420,-4.26911e6,2.13051e6,-5.34698e-9
1538201430,26818017.442896876,23464206.590368442,3353.811,3.98616e14,0.0039,-4.24815e6,2.12363e6,-5.32974e-9
1538201460,26799106.67862078,23459330.07076261,3339.777,4.00615e14,0.5055,-4.24485e6,2.11667e6,-5.31229e-9
1538201490,26780203.60417087,23454557.84045996,3325.646,4.01024e14,0.6079,-4.23289e6,2.10962e6,-5.29462e-9
1538201520,26761308.588911556,23449890.095940534,3311.418,3.97798e14,0.2012,-4.20157e6,2.10249e6,-5.27674e-9
1538201550,26742422.003592893,23445327.02959009,3297.095,4.04931e14,1.5882,-4.22466e6,2.09527e6,-5.25865e-9
1538201580,26723544.22034779,23440868.82967886,3282.675,3.99319e14,0.1803,-4.18054e6,2.08797e6,-5.24035e-9
1538201610,26704675.61268913,23436515.68034061,3268.160,3.92359e14,1.5657,-4.12941e6,2.08058e6,-5.22183e-9
1538201640,26685816.55550663,23432267.761552136,3253.549,3.93779e14,1.2096,-4.12198e6,2.07310e6,-5.20310e-9
1538201670,26666967.425063614,23428125.24911324,3238.842,3.95471e14,0.7850,-4.11574e6,2.06555e6,-5.18416e-9
1538201700,26648128.59899371,23424088.31462706,3224.040,3.99844e14,0.3121,-4.12311e6,2.05791e6,-5.16501e-9
1538201730,26629300.456297573,23420157.125452116,3209.143,3.98813e14,0.0532,-4.10233e6,2.05018e6,-5.14564e-9
1538201760,26610483.377338644,23416331.84477214,3194.152,4.00406e14,0.4529,-4.09487e6,2.04237e6,-5.12606e-9
1538201790,26591677.743839577,23412612.631489124,3179.065,4.05171e14,1.6483,-4.10338e6,2.03447e6,-5.10627e-9
1538201820,26572883.938878335,23408999.640233748,3163.884,4.00160e14,0.3912,-4.06181e6,2.02649e6,-5.08627e-9
1538201850,26554102.346884094,23405493.021347784,3148.609,3.96487e14,0.5301,-4.02705e6,2.01843e6,-5.06605e-9
1538201880,26535333.35363302,23402092.920866817,3133.240,3.99966e14,0.3427,-4.02835e6,2.01028e6,-5.04562e-9
1538201910,26516577.346243884,23398799.48050349,3117.778,3.94597e14,1.0044,-3.98488e6,2.00204e6,-5.02498e-9
1538201940,26497834.71317362,23395612.83763119,3102.222,3.92466e14,1.5389,-3.95767e6,1.99372e6,-5.00412e-9
1538201970,26479105.84421261,23392533.12526814,3086.573,3.96702e14,0.4762,-3.96211e6,1.98532e6,-4.98306e-9
1538202000,26460391.130479917,23389560.472062066,3070.831,3.97351e14,0.3133,-3.94840e6,1.97683e6,-4.96178e-9
1538202030,26441690.964427594,23386695.00229292,3054.996,3.95650e14,0.7402,-3.92289e6,1.96826e6,-4.94029e-9
1538202060,26423005.739806768,23383936.83580423,3039.069,3.95213e14,0.8498,-3.90350e6,1.95961e6,-4.91859e-9
1538202090,26404335.85169164,23381286.088043377,3023.050,3.93811e14,1.2015,-3.87923e6,1.95087e6,-4.89668e-9
1538202120,26385681.69646456,23378742.87003087,3006.939,3.99725e14,0.2822,-3.89053e6,1.94204e6,-4.87456e-9
1538202150,26367043.671810478,23376307.288347527,2990.736,4.01310e14,0.6798,-3.88038e6,1.93313e6,-4.85222e-9
1538202180,26348422.17671134,23373979.44512222,2974.443,3.96970e14,0.4090,-3.84138e6,1.92414e6,-4.82968e-9
1538202210,26329817.61144016,23371759.4380201,2958.058,3.99457e14,0.2150,-3.83523e6,1.91507e6,-4.80693e-9
1538202240,26311230.377554964,23369647.36023142,2941.583,4.02783e14,1.0492,-3.83281e6,1.90591e6,-4.78396e-9
1538202270,26292660.877892606,23367643.300460745,2925.018,4.00089e14,0.3736,-3.80141e6,1.89667e6,-4.76079e-9
1538202300,26274109.51656231,23365747.342916775,2908.362,3.97275e14,0.3326,-3.76940e6,1.88734e6,-4.73741e-9
1538202330,26255576.69891837,23363959.567301724,2891.617,3.97851e14,0.1880,-3.75333e6,1.87793e6,-4.71382e-9
1538202360,26237062.83161733,23362280.04880505,2874.783,3.97261e14,0.3359,-3.73161e6,1.86844e6,-4.69002e-9
1538202390,26218568.32254665,23360708.858091917,2857.859,3.98229e14,0.0932,-3.71701e6,1.85887e6,-4.66601e-9
1538202420,26200093.580838222,23359246.061295997,2840.848,3.94892e14,0.9304,-3.68222e6,1.84921e6,-4.64180e-9
1538202450,26181639.01686089,23357891.72001176,2823.747,3.96586e14,0.5053,-3.67066e6,1.83948e6,-4.61738e-9
1538202480,26163205.042212754,23356645.891287487,2806.559,3.95488e14,0.7809,-3.64603e6,1.82965e6,-4.59275e-9
1538202510,26144792.069713295,23355508.62761859,2789.283,3.96026e14,0.6458,-3.62877e6,1.81975e6,-4.56792e-9
1538202540,26126400.513395295,23354479.976941593,2771.921,4.00339e14,0.4363,-3.62846e6,1.80977e6,-4.54288e-9
1538202570,26108030.78849665,23353559.98262856,2754.471,3.99833e14,0.3092,-3.60600e6,1.79970e6,-4.51763e-9
1538202600,26089683.31145195,23352748.683482006,2736.935,4.00685e14,0.5229,-3.58950e6,1.78955e6,-4.49218e-9
1538202630,26071358.49991123,23352046.11371142,2719.312,3.99608e14,0.2528,-3.56419e6,1.77932e6,-4.46653e-9
1538202660,26053056.772646766,23351452.30298785,2701.604,3.93462e14,1.2890,-3.51625e6,1.76901e6,-4.44068e-9
1538202690,26034778.549629018,23350967.27638175,2683.811,3.91924e14,1.6751,-3.48882e6,1.75862e6,-4.41462e-9
1538202720,26016524.25199011,23350591.054378867,2665.933,3.97981e14,0.1554,-3.49464e6,1.74815e6,-4.38836e-9
1538202750,25998294.30201491,23350323.65287767,2647.971,4.03727e14,1.2861,-3.49862e6,1.73760e6,-4.36190e-9
1538202780,25980089.123131588,23350165.08318734,2629.924,4.04063e14,1.3705,-3.47868e6,1.72697e6,-4.33523e-9
1538202810,25961909.139902223,23350115.352026273,2611.794,3.96978e14,0.4071,-3.42659e6,1.71626e6,-4.30837e-9
1538202840,25943754.778013136,23350174.461521138,2593.580,3.95614e14,0.7491,-3.39922e6,1.70547e6,-4.28131e-9
1538202870,25925626.464264955,23350342.409206472,2575.284,3.96558e14,0.5125,-3.38158e6,1.69460e6,-4.25405e-9
1538202900,25907524.626562577,23350619.18802482,2556.905,3.97371e14,0.3085,-3.36318e6,1.68366e6,-4.22659e-9
1538202930,25889449.693882614,23351004.786361594,2538.445,3.98055e14,0.1369,-3.34404e6,1.67263e6,-4.19894e-9
1538202960,25871402.096331384,23351499.18794123,2519.903,3.98030e14,0.1432,-3.32174e6,1.66153e6,-4.17109e-9
1538202990,25853382.265065454,23352102.37193416,2501.280,3.99664e14,0.2668,-3.30617e6,1.65034e6,-4.14304e-9
1538203020,25835390.632302735,23352814.312925454,2482.576,3.99864e14,0.3171,-3.28445e6,1.63909e6,-4.11480e-9
1538203050,25817427.631311126,23353634.980917927,2463.793,4.02322e14,0.9336,-3.27178e6,1.62775e6,-4.08636e-9
1538203080,25799493.696396906,23354564.341335867,2444.929,3.97335e14,0.3174,-3.22862e6,1.61634e6,-4.05773e-9
1538203110,25781589.262892984,23355602.355029292,2425.987,3.97583e14,0.2553,-3.20667e6,1.60485e6,-4.02891e-9
1538203140,25763714.767146796,23356748.978278697,2406.966,4.01717e14,0.7818,-3.20011e6,1.59328e6,-3.99990e-9
1538203170,25745870.64650805,23358004.162800312,2387.866,3.95372e14,0.8100,-3.15154e6,1.58164e6,-3.97070e-9
1538203200,25728057.33931629,23359367.855751976,2368.689,3.98954e14,0.0886,-3.14232e6,1.56992e6,-3.94131e-9
1538203230,25710275.28489413,23360839.99969643,2349.435,3.94388e14,1.0568,-3.10087e6,1.55813e6,-3.91172e-9
1538203260,25692524.92351585,23362420.53274061,2330.104,3.91820e14,1.7010,-3.06729e6,1.54626e6,-3.88196e-9
1538203290,25674806.696412828,23364109.388410356,2310.697,4.00260e14,0.4163,-3.07613e6,1.53432e6,-3.85200e-9
1538203320,25657121.045754198,23365906.49570084,2291.215,3.98117e14,0.1214,-3.04386e6,1.52231e6,-3.82186e-9
1538203350,25639468.41463336,23367811.779084567,2271.657,4.00443e14,0.4623,-3.02852e6,1.51022e6,-3.79154e-9
1538203380,25621849.247054145,23369825.15851996,2252.024,4.00127e14,0.3829,-3.00295e6,1.49806e6,-3.76103e-9
1538203410,25604263.987916987,23371946.549460422,2232.317,3.97930e14,0.1683,-2.97024e6,1.48583e6,-3.73034e-9
1538203440,25586713.083004616,23374175.862863872,2212.537,3.98992e14,0.0983,-2.94958e6,1.47352e6,-3.69947e-9
1538203470,25569196.978967752,23376513.005202867,2192.684,3.94924e14,0.9224,-2.90989e6,1.46115e6,-3.66842e-9
1538203500,25551716.123310465,23378957.878475178,2172.758,3.97770e14,0.2084,-2.89546e6,1.44870e6,-3.63719e-9
1538203530,25534270.96438833,23381510.380256865,2152.761,4.06103e14,1.8822,-2.90050e6,1.43618e6,-3.60578e-9
1538203560,25516861.951353375,23384170.403584674,2132.692,4.01373e14,0.6956,-2.85818e6,1.42359e6,-3.57420e-9
1538203590,25499489.534178887,23386937.837097738,2112.552,3.96149e14,0.6150,-2.81427e6,1.41093e6,-3.54244e-9
1538203620,25482154.163631056,23389812.56500861,2092.342,3.96074e14,0.6339,-2.78862e6,1.39820e6,-3.51051e-9
1538203650,25464856.291253313,23392794.46711683,2072.062,3.98774e14,0.0436,-2.77250e6,1.38541e6,-3.47840e-9
1538203680,25447596.36935048,23395883.418822885,2051.713,3.99265e14,0.1668,-2.74846e6,1.37254e6,-3.44612e-9
1538203710,25430374.850972667,23399079.291142717,2031.296,3.88927e14,2.4268,-2.68728e6,1.35961e6,-3.41367e-9
1538203740,25413192.18989892,23402381.95072271,2010.810,3.93984e14,1.1581,-2.67869e6,1.34661e6,-3.38105e-9
1538209080,23402092.920866817,25414703.145724803,2012.610,3.96587e14,0.5052,2.69024e6,-1.34822e6,3.38392e-9
1538209110,23398799.48050349,25431889.368887987,2033.090,3.93047e14,1.3932,2.70406e6,-1.36121e6,3.41652e-9
1538209140,23395612.83763119,25449114.40819067,2053.502,3.92740e14,1.4702,2.72867e6,-1.37413e6,3.44896e-9
1538209170,23392533.12526814,25466377.80988477,2073.845,3.97538e14,0.2667,2.77090e6,-1.38698e6,3.48122e-9
1538209200,23389560.472062066,25483679.12095284,2094.119,3.99642e14,0.2612,2.80383e6,-1.39976e6,3.51332e-9
1538209230,23386695.00229292,25501017.88911884,2114.323,3.96282e14,0.5816,2.81739e6,-1.41248e6,3.54523e-9
1538209260,23383936.83580423,25518393.662881978,2134.457,3.89452e14,2.2951,2.81819e6,-1.42512e6,3.57698e-9
1538209290,23381286.088043377,25535805.99151529,2154.520,3.84776e14,3.4683,2.82618e6,-1.43770e6,3.60855e-9
1538209320,23378742.87003087,25553254.425087016,2174.512,3.94562e14,1.0131,2.88638e6,-1.45020e6,3.63994e-9
1538209350,23376307.288347527,25570738.514476128,2194.431,3.99754e14,0.2895,2.93020e6,-1.46264e6,3.67116e-9
1538209380,23373979.44512222,25588257.811387554,2214.278,3.94125e14,1.1227,2.93412e6,-1.47500e6,3.70219e-9
1538209410,23371759.4380201,25605811.868367266,2234.052,3.95410e14,0.8004,2.96337e6,-1.48729e6,3.73305e-9
1538209440,23369647.36023142,25623400.238817114,2253.753,3.99556e14,0.2396,3.00332e6,-1.49951e6,3.76372e-9
1538209470,23367643.300460745,25641022.477009334,2273.379,4.01581e14,0.7478,3.03534e6,-1.51165e6,3.79421e-9
1538209500,23365747.342916775,25658678.138100922,2292.931,4.03574e14,1.2478,3.06720e6,-1.52373e6,3.82452e-9
1538209530,23363959.567301724,25676366.778151013,2312.407,3.99171e14,0.1432,3.07439e6,-1.53573e6,3.85464e-9
1538209560,23362280.04880505,25694087.95412477,2331.808,3.94189e14,1.1068,3.07891e6,-1.54765e6,3.88458e-9
1538209590,23360708.858091917,25711841.223916963,2351.132,3.93357e14,1.3155,3.09923e6,-1.55950e6,3.91433e-9
1538209620,23359246.061295997,25729626.146362245,2370.380,3.91022e14,1.9013,3.11343e6,-1.57128e6,3.94390e-9
1538209650,23357891.72001176,25747442.281248394,2389.551,3.98263e14,0.0846,3.16539e6,-1.58298e6,3.97327e-9
1538209680,23356645.891287487,25765289.18932926,2408.643,3.99635e14,0.2596,3.19413e6,-1.59461e6,4.00246e-9
1538209710,23355508.62761859,25783166.432337668,2427.658,3.99582e14,0.2463,3.21706e6,-1.60616e6,4.03146e-9
1538209740,23354479.976941593,25801073.57299791,2446.594,3.99497e14,0.2250,3.23969e6,-1.61763e6,4.06026e-9
1538209770,23353559.98262856,25819010.1750381,2465.450,4.00556e14,0.4907,3.26685e6,-1.62903e6,4.08887e-9
1538209800,23352748.683482006,25836975.803202383,2484.227,4.01855e14,0.8165,3.29491e6,-1.64035e6,4.11729e-9
1538209830,23352046.11371142,25854970.023262847,2502.924,3.96625e14,0.4955,3.29581e6,-1.65160e6,4.14552e-9
1538209860,23351452.30298785,25872992.402031045,2521.540,3.97029e14,0.3942,3.31978e6,-1.66276e6,4.17355e-9
1538209890,23350967.27638175,25891042.50736978,2540.075,3.93584e14,1.2586,3.32745e6,-1.67385e6,4.20138e-9
1538209920,23350591.054378867,25909119.908204235,2558.529,3.94132e14,1.1210,3.35165e6,-1.68486e6,4.22902e-9
1538209950,23350323.65287767,25927224.174533103,2576.901,4.05010e14,1.6079,3.41970e6,-1.69579e6,4.25646e-9
1538209980,23350165.08318734,25945354.877439395,2595.190,4.04845e14,1.5667,3.44088e6,-1.70665e6,4.28370e-9
1538210010,23350115.352026273,25963511.58910116,2613.396,3.96385e14,0.5558,3.42614e6,-1.71742e6,4.31075e-9
1538210040,23350174.461521138,25981693.88280189,2631.519,3.98459e14,0.0355,3.45647e6,-1.72811e6,4.33759e-9
1538210070,23350342.409206472,25999901.33294073,2649.559,4.01016e14,0.6059,3.48886e6,-1.73873e6,4.36424e-9
1538210100,23350619.18802482,26018133.515042566,2667.514,3.98182e14,0.1051,3.49755e6,-1.74926e6,4.39068e-9
1538210130,23351004.786361594,26036390.005765043,2685.385,3.93204e14,1.3539,3.49647e6,-1.75972e6,4.41693e-9
1538210160,23351499.18794123,26054670.382916775,2703.171,3.96571e14,0.5091,3.53205e6,-1.77009e6,4.44297e-9
1538210190,23352102.37193416,26072974.22545816,2720.872,4.02166e14,0.8944,3.57759e6,-1.78039e6,4.46881e-9
1538210220,23352814.312925454,26091301.113513347,2738.487,3.98760e14,0.0401,3.58281e6,-1.79060e6,4.49444e-9
1538210250,23353634.980917927,26109650.628379256,2756.016,3.98433e14,0.0421,3.60160e6,-1.80073e6,4.51987e-9
1538210280,23354564.341335867,26128022.35253442,2773.458,3.95235e14,0.8444,3.60716e6,-1.81078e6,4.54510e-9
1538210310,23355602.355029292,26146415.869647585,2790.814,3.97821e14,0.1956,3.63884e6,-1.82075e6,4.57012e-9
1538210340,23356748.978278697,26164830.76458618,2808.082,4.00835e14,0.5606,3.67245e6,-1.83064e6,4.59494e-9
1538210370,23358004.162800312,26183266.623424564,2825.262,3.98927e14,0.0819,3.68331e6,-1.84045e6,4.61955e-9
1538210400,23359367.855751976,26201723.033452045,2842.355,3.98846e14,0.0615,3.70239e6,-1.85017e6,4.64395e-9
1538210430,23360839.99969643,26220199.583184965,2859.360,3.93724e14,1.2233,3.69777e6,-1.85981e6,4.66814e-9
1538210460,23362420.53274061,26238695.862361573,2876.275,3.96148e14,0.6154,3.72814e6,-1.86937e6,4.69213e-9
1538210490,23364109.388410356,26257211.461962387,2893.102,4.04117e14,1.3841,3.78462e6,-1.87884e6,4.71591e-9
1538210520,23365906.49570084,26275745.974213462,2909.839,4.03616e14,1.2584,3.80117e6,-1.88823e6,4.73949e-9
1538210550,23367811.779084567,26294298.99259354,2926.487,4.00819e14,0.5565,3.80658e6,-1.89754e6,4.76285e-9
1538210580,23369825.15851996,26312870.111841045,2943.045,3.97291e14,0.3286,3.80820e6,-1.90677e6,4.78601e-9
1538210610,23371946.549460422,26331458.92796092,2959.512,3.95886e14,0.6809,3.81971e6,-1.91591e6,4.80895e-9
1538210640,23374175.862863872,26350065.038231328,2975.889,3.98237e14,0.0912,3.84913e6,-1.92497e6,4.83169e-9
1538210670,23376513.005202867,26368688.04121007,2992.175,3.96820e14,0.4467,3.86019e6,-1.93395e6,4.85421e-9
1538210700,23378957.878475178,26387327.53674092,3008.370,3.98874e14,0.0686,3.88796e6,-1.94284e6,4.87653e-9
1538210730,23381510.380256865,26405983.125957765,3024.473,4.03872e14,1.3226,3.93007e6,-1.95165e6,4.89863e-9
1538210760,23384170.403584674,26424654.411296703,3040.484,4.00369e14,0.4437,3.93040e6,-1.96037e6,4.92052e-9
1538210790,23386937.837097738,26443340.996495645,3056.403,3.94494e14,1.0303,3.91868e6,-1.96901e6,4.94221e-9
1538210820,23389812.56500861,26462042.48660196,3072.230,3.95649e14,0.7405,3.94144e6,-1.97757e6,4.96368e-9
1538210850,23392794.46711683,26480758.487977862,3087.964,3.98648e14,0.0120,3.97327e6,-1.98604e6,4.98494e-9
1538210880,23395883.418822885,26499488.608305663,3103.605,4.03447e14,1.2160,4.01408e6,-1.99443e6,5.00598e-9
1538210910,23399079.291142717,26518232.4565929,3119.153,4.00569e14,0.4939,4.01632e6,-2.00273e6,5.02682e-9
1538210940,23402381.95072271,26536989.64317722,3134.608,3.94649e14,0.9913,4.00292e6,-2.01095e6,5.04744e-9
1538210970,23405791.259855174,26555759.77973116,3149.969,3.94384e14,1.0579,4.01776e6,-2.01908e6,5.06785e-9
1538211000,23409307.076494243,26574542.479266778,3165.235,3.98430e14,0.0427,4.05437e6,-2.02713e6,5.08805e-9
1538211030,23412929.25423961,26593337.356135536,3180.408,3.99929e14,0.3333,4.07795e6,-2.03510e6,5.10804e-9
1538211060,23416657.642454244,26612144.026046686,3195.486,3.98965e14,0.0915,4.08879e6,-2.04298e6,5.12781e-9
1538211090,23420492.086180508,26630962.106057156,3210.470,3.99013e14,0.1034,4.10464e6,-2.05077e6,5.14737e-9
1538211120,23424432.426190473,26649791.214580167,3225.359,3.95606e14,0.7511,4.10247e6,-2.05848e6,5.16672e-9
1538211150,23428478.49900378,26668630.971389037,3240.152,3.96157e14,0.6130,4.12052e6,-2.06611e6,5.18586e-9
1538211180,23432630.136906072,26687480.9976209,3254.851,3.93621e14,1.2492,4.12236e6,-2.07365e6,5.20478e-9
1538211210,23436887.16796784,26706340.91578023,3269.454,3.95949e14,0.6651,4.14935e6,-2.08111e6,5.22349e-9
1538211240,23441249.41606362,26725210.349742252,3283.961,3.99284e14,0.1715,4.18152e6,-2.08848e6,5.24199e-9
1538211270,23445716.7008917,26744088.92475625,3298.372,3.97384e14,0.3052,4.18612e6,-2.09577e6,5.26027e-9
1538211300,23450288.837994225,26762976.267448682,3312.687,3.96575e14,0.5080,4.19623e6,-2.10297e6,5.27835e-9
1538211330,23454965.6387948,26781872.00583755,3326.906,3.97099e14,0.3768,4.21321e6,-2.11009e6,5.29621e-9
1538211360,23459746.91056674,26800775.76930024,3341.029,3.97551e14,0.2633,4.22965e6,-2.11712e6,5.31385e-9
1538211390,23464632.456507433,26819687.188611675,3355.055,3.97002e14,0.4009,4.24061e6,-2.12407e6,5.33129e-9
1538211420,23469622.075743046,26838605.895935506,3368.984,3.99709e14,0.2781,4.26879e6,-2.13094e6,5.34851e-9
1538211450,23474715.563350905,26857531.52482671,3382.816,4.00706e14,0.5283,4.28772e6,-2.13772e6,5.36552e-9
1538211480,23479912.7103822,26876463.71023411,3396.551,3.97559e14,0.2612,4.28421e6,-2.14442e6,5.38232e-9
1538211510,23485213.30388517,26895402.08850268,3410.189,4.01087e14,0.6239,4.31646e6,-2.15103e6,5.39891e-9
1538211540,23490617.126928598,26914346.297375724,3423.729,4.00619e14,0.5064,4.32702e6,-2.15756e6,5.41528e-9
1538211570,23496123.95862578,26933295.97599703,3437.172,3.96869e14,0.4343,4.31957e6,-2.16400e6,5.43145e-9
1538211600,23501733.57415878,26952250.7649127,3450.517,3.99073e14,0.1185,4.34427e6,-2.17036e6,5.44740e-9
1538211630,23507445.744799517,26971210.306062616,3463.765,4.00610e14,0.5042,4.36523e6,-2.17663e6,5.46314e-9
1538211660,23513260.237946156,26990174.24281446,3476.914,3.99786e14,0.2973,4.37312e6,-2.18283e6,5.47867e-9
1538211690,23519176.817136955,27009142.219932627,3489.965,3.96983e14,0.4058,4.36996e6,-2.18893e6,5.49399e-9
1538211720,23525195.24207982,27028113.883590184,3502.919,3.99376e14,0.1945,4.39516e6,-2.19496e6,5.50911e-9
1538211750,23531315.26867834,27047088.881370034,3515.774,3.97381e14,0.3058,4.39604e6,-2.20090e6,5.52401e-9
1538211780,23537536.649058267,27066066.862266127,3528.530,3.96528e14,0.5199,4.40301e6,-2.20676e6,5.53870e-9
1538211810,23543859.131594256,27085047.47668435,3541.188,4.03947e14,1.3413,4.45572e6,-2.21253e6,5.55318e-9
1538211840,23550282.460936975,27104030.376443442,3553.748,4.04028e14,1.3616,4.46763e6,-2.21822e6,5.56745e-9
1538211870,23556806.378040466,27123015.21477573,3566.209,3.98900e14,0.0751,4.45030e6,-2.22383e6,5.58152e-9
1538211900,23563430.620189957,27142001.646327753,3578.571,4.01397e14,0.7017,4.47533e6,-2.22936e6,5.59538e-9
1538211930,23570154.921025135,27160989.327161342,3590.834,4.01121e14,0.6325,4.48470e6,-2.23480e6,5.60902e-9
1538211960,23576979.01058281,27179977.914752405,3602.999,3.95273e14,0.8347,4.46257e6,-2.24016e6,5.62247e-9
1538211990,23583902.61531139,27198967.067992963,3615.064,3.93782e14,1.2087,4.46468e6,-2.24544e6,5.63570e-9
1538212020,23590925.458104365,27217956.447190836,3627.031,3.98703e14,0.0256,4.50279e6,-2.25063e6,5.64873e-9
1538212050,23598047.258329347,27236945.71406973,3638.898,3.98682e14,0.0204,4.51290e6,-2.25575e6,5.66155e-9
1538212080,23605267.731857553,27255934.531769317,3650.667,3.99302e14,0.1761,4.52648e6,-2.26078e6,5.67417e-9
1538212110,23612586.59109349,27274922.564845216,3662.336,3.99483e14,0.2214,4.53742e6,-2.26573e6,5.68658e-9
1538212140,23620003.545004927,27293909.479268778,3673.906,3.95770e14,0.7102,4.52600e6,-2.27059e6,5.69879e-9
1538212170,23627518.29915307,27312894.942426916,3685.377,3.96578e14,0.5073,4.54016e6,-2.27538e6,5.71079e-9
1538212200,23635130.555723015,27331878.623121817,3696.748,3.97169e14,0.3591,4.55292e6,-2.28009e6,5.72259e-9
1538212230,23642840.013565056,27350860.19158081,3708.020,3.96315e14,0.5733,4.55726e6,-2.28471e6,5.73418e-9
1538212260,23650646.368193228,27369839.319424137,3719.193,3.97425e14,0.2948,4.57269e6,-2.28926e6,5.74557e-9
1538212290,23658549.311848667,27388815.679696236,3730.266,3.98981e14,0.0956,4.59056e6,-2.29372e6,5.75676e-9
1538212320,23666548.533520743,27407788.94685488,3741.240,3.97030e14,0.3939,4.58808e6,-2.29810e6,5.76775e-9
1538212350,23674643.718978744,27426758.796770565,3752.115,3.99786e14,0.2975,4.61259e6,-2.30241e6,5.77854e-9
1538212380,23682834.550803754,27445724.906725723,3762.890,3.98757e14,0.0392,4.61508e6,-2.30663e6,5.78913e-9
1538212410,23691120.708420828,27464686.955413967,3773.566,3.99201e14,0.1506,4.62595e6,-2.31077e6,5.79952e-9
1538212440,23699501.868131258,27483644.6229392,3784.143,4.00538e14,0.4860,4.64184e6,-2.31484e6,5.80970e-9
1538212470,23707977.70314503,27502597.590814576,3794.620,3.98300e14,0.0753,4.63681e6,-2.31882e6,5.81969e-9
1538212500,23716547.88361358,27521545.541961513,3804.998,3.99814e14,0.3044,4.65344e6,-2.32273e6,5.82948e-9
1538212530,23725212.07664357,27540488.160694715,3815.276,3.98221e14,0.0951,4.65180e6,-2.32656e6,5.83908e-9
1538212560,23733969.946388274,27559425.132763494,3825.455,4.00534e14,0.4852,4.67282e6,-2.33031e6,5.84847e-9
1538212590,23742821.15402252,27578356.145307824,3835.535,3.98930e14,0.0828,4.67078e6,-2.33398e6,5.85767e-9
1538212620,23751765.357794575,27597280.886870574,3845.516,3.97676e14,0.2319,4.67061e6,-2.33757e6,5.86668e-9
1538212650,23760802.213059522,27616199.047395986,3855.397,4.01193e14,0.6503,4.69829e6,-2.34109e6,5.87549e-9
1538212680,23769931.37231268,27635110.31822801,3865.179,3.97902e14,0.1752,4.68583e6,-2.34453e6,5.88411e-9
1538212710,23779152.485223256,27654014.392108563,3874.862,3.95503e14,0.7770,4.67840e6,-2.34789e6,5.89253e-9
1538212740,23788465.198667973,27672910.963175707,3884.446,3.99447e14,0.2123,4.70821e6,-2.35118e6,5.90076e-9
1538212770,23797869.156765018,27691799.726961818,3893.931,3.99671e14,0.2685,4.71596e6,-2.35438e6,5.90880e-9
1538212800,23807364.000907946,27710680.380391568,3903.316,3.97390e14,0.3036,4.70873e6,-2.35752e6,5.91664e-9
1538212830,23816949.369828526,27729552.621792212,3912.603,4.00762e14,0.5422,4.73480e6,-2.36057e6,5.92430e-9
1538212860,23826624.89954245,27748416.150853727,3921.791,3.99195e14,0.1493,4.73148e6,-2.36355e6,5.93176e-9
1538212890,23836390.223472264,27767270.668664552,3930.880,3.97078e14,0.3819,4.72472e6,-2.36646e6,5.93904e-9
1538212920,23846244.97245332,27786115.877697244,3939.871,3.99110e14,0.1278,4.74244e6,-2.36929e6,5.94613e-9
1538212950,23856188.77476845,27804951.481806263,3948.763,3.99436e14,0.2095,4.74989e6,-2.37204e6,5.95303e-9
1538212980,23866221.256182857,27823777.186225764,3957.556,3.97780e14,0.2058,4.74539e6,-2.37472e6,5.95974e-9
1538213010,23876342.039978832,27842592.697567362,3966.251,3.98782e14,0.0456,4.75657e6,-2.37733e6,5.96627e-9
1538213040,23886550.74699079,27861397.7238177,3974.847,4.02012e14,0.8558,4.78092e6,-2.37986e6,5.97261e-9
1538213070,23896846.995640174,27880191.974336118,3983.345,3.98953e14,0.0885,4.76757e6,-2.38232e6,5.97877e-9
1538213100,23907230.40197047,27898975.159852125,3991.745,4.00592e14,0.4996,4.78215e6,-2.38471e6,5.98474e-9
1538213130,23917700.57964787,27917746.992449876,4000.046,4.00194e14,0.3998,4.78440e6,-2.38702e6,5.99053e-9
1538213160,23928257.140102364,27936507.18560586,4008.250,3.95575e14,0.7589,4.76119e6,-2.38926e6,5.99614e-9
1538213190,23938899.69245645,27955255.454145886,4016.356,3.97607e14,0.2493,4.77769e6,-2.39143e6,6.00157e-9
1538213220,23949627.843594477,27973991.514255352,4024.364,3.98651e14,0.0128,4.78815e6,-2.39353e6,6.00681e-9
1538213250,23960441.1981974,27992715.08347634,4032.274,3.98509e14,0.0230,4.79134e6,-2.39556e6,6.01188e-9
1538213280,23971339.358777646,28011425.88070487,4040.087,4.00238e14,0.4109,4.80565e6,-2.39751e6,6.01677e-9
1538213310,23982321.925714012,28030123.62618791,4047.802,4.02592e14,1.0014,4.82359e6,-2.39939e6,6.02148e-9
1538213340,23993388.497286465,28048808.041520376,4055.420,4.01102e14,0.6275,4.81825e6,-2.40120e6,6.02601e-9
1538213370,24004538.669711027,28067478.84964216,4062.940,3.98071e14,0.1327,4.80346e6,-2.40295e6,6.03037e-9
1538213400,24015772.037174582,28086135.774835087,4070.364,4.00131e14,0.3840,4.81923e6,-2.40462e6,6.03455e-9
1538213430,24027088.19190489,28104778.54273713,4077.690,3.98710e14,0.0275,4.81386e6,-2.40622e6,6.03855e-9
1538213460,24038486.724097088,28123406.880285818,4084.920,3.97242e14,0.3408,4.80805e6,-2.40776e6,6.04239e-9
1538213490,24049967.222057134,28142020.51576874,4092.053,4.00975e14,0.5958,4.83354e6,-2.40922e6,6.04605e-9
1538213520,24061529.272201754,28160619.178803127,4099.090,4.00196e14,0.4002,4.83162e6,-2.41062e6,6.04954e-9
1538213550,24073172.459093433,28179202.600332703,4106.030,3.98590e14,0.0026,4.82455e6,-2.41195e6,6.05285e-9
1538213580,24084896.365475398,28197770.512624614,4112.874,3.99717e14,0.2802,4.83390e6,-2.41321e6,6.05600e-9
1538213610,24096700.572306614,28216322.64926621,4119.622,4.02591e14,1.0011,4.85369e6,-2.41440e6,6.05898e-9
1538213640,24108584.65879665,28234858.745161846,4126.274,4.02388e14,0.9503,4.85472e6,-2.41553e6,6.06179e-9
1538213670,24120548.202440478,28253378.536529627,4132.830,4.00185e14,0.3975,4.84348e6,-2.41659e6,6.06443e-9
1538213700,24132590.779053267,28271881.760898065,4139.291,3.98763e14,0.0409,4.83684e6,-2.41758e6,6.06691e-9
1538213730,24144711.962770853,28290368.15708284,4145.656,4.01806e14,0.8041,4.85715e6,-2.41851e6,6.06922e-9
1538213760,24156911.32618983,28308837.465244997,4151.926,4.03200e14,1.1540,4.86734e6,-2.41937e6,6.07136e-9
1538213790,24169188.44029618,28327289.42682569,4158.101,3.99254e14,0.1640,4.84497e6,-2.42017e6,6.07334e-9
1538213820,24181542.874533728,28345723.784562554,4164.181,3.96363e14,0.5614,4.82887e6,-2.42090e6,6.07516e-9
1538213850,24193974.196838118,28364140.282486062,4170.166,3.97141e14,0.3660,4.83492e6,-2.42156e6,6.07682e-9
1538213880,24206481.973670814,28382538.665915836,4176.057,3.99778e14,0.2954,4.85215e6,-2.42217e6,6.07832e-9
1538213910,24219065.770052906,28400918.681456923,4181.853,3.96421e14,0.5468,4.83281e6,-2.42271e6,6.07966e-9
1538213940,24231725.14959887,28419280.07699599,4187.555,3.93519e14,1.2749,4.81610e6,-2.42318e6,6.08083e-9
1538213970,24244459.674550172,28437622.60169757,4193.163,3.97632e14,0.2431,4.84193e6,-2.42360e6,6.08185e-9
1538214000,24257268.905808818,28455946.006000243,4198.677,3.99845e14,0.3121,4.85609e6,-2.42395e6,6.08272e-9
1538214030,24270152.403006807,28474250.041631617,4204.098,3.98469e14,0.0329,4.84829e6,-2.42424e6,6.08342e-9
1538214060,24283109.72442831,28492534.461546272,4209.425,3.98210e14,0.0980,4.84716e6,-2.42446e6,6.08397e-9
1538214090,24296140.427154347,28510799.019980337,4214.659,3.99120e14,0.1304,4.85302e6,-2.42463e6,6.08437e-9
1538214120,24309244.067060024,28529043.47242883,4219.799,3.99439e14,0.2104,4.85516e6,-2.42473e6,6.08462e-9
1538214150,24322420.19884775,28547267.575641815,4224.847,4.00526e14,0.4831,4.86186e6,-2.42477e6,6.08471e-9
1538214180,24335668.376080375,28565471.087620605,4229.803,4.00077e14,0.3704,4.85908e6,-2.42476e6,6.08465e-9
1538214210,24348988.151214123,28583653.76761397,4234.666,3.99707e14,0.2776,4.85667e6,-2.42468e6,6.08444e-9
1538214240,24362379.07563139,28601815.37611429,4239.436,3.96321e14,0.5719,4.83579e6,-2.42454e6,6.08408e-9
1538214270,24375840.699673384,28619955.674853608,4244.115,3.95039e14,0.8935,4.82760e6,-2.42435e6,6.08357e-9
1538214300,24389372.57267261,28638074.42679982,4248.702,3.94816e14,0.9494,4.82573e6,-2.42409e6,6.08292e-9
1538214330,24402974.24294798,28656171.39613521,4253.197,3.96162e14,0.6118,4.83328e6,-2.42378e6,6.08211e-9
1538214360,24416645.257951673,28674246.348306622,4257.601,4.02163e14,0.8939,4.86903e6,-2.42341e6,6.08117e-9
1538214390,24430385.16418608,28692299.049967077,4261.914,4.00729e14,0.5341,4.85945e6,-2.42298e6,6.08008e-9
1538214420,24444193.50727245,28710329.26898926,4266.136,3.96478e14,0.5325,4.83262e6,-2.42250e6,6.07884e-9
1538214450,24458069.83198224,28728336.774461426,4270.267,3.96696e14,0.4778,4.83286e6,-2.42196e6,6.07746e-9
1538214480,24472013.682268202,28746321.336683203,4274.308,3.98655e14,0.0136,4.84356e6,-2.42136e6,6.07594e-9
1538214510,24486024.601295415,28764282.727161527,4278.258,4.03778e14,1.2990,4.87337e6,-2.42070e6,6.07428e-9
1538214540,24500102.13147191,28782220.718606345,4282.119,4.00049e14,0.3634,4.84928e6,-2.41999e6,6.07249e-9
1538214570,24514245.81447932,28800135.084926516,4285.889,3.93329e14,1.3224,4.80695e6,-2.41923e6,6.07055e-9
1538214600,24528455.191303298,28818025.601225615,4289.570,3.97763e14,0.2102,4.83222e6,-2.41841e6,6.06847e-9
1538214630,24542729.802297227,28835892.043817356,4293.162,3.99349e14,0.1878,4.84009e6,-2.41753e6,6.06626e-9
1538214660,24557069.187108736,28853734.1901606,4296.665,4.01572e14,0.7454,4.85170e6,-2.41660e6,6.06391e-9
1538214690,24571472.88481344,28871551.81891638,4300.079,3.97267e14,0.3345,4.82363e6,-2.41562e6,6.06143e-9
1538214720,24585940.43391128,28889344.709923945,4303.404,3.98489e14,0.0279,4.82896e6,-2.41458e6,6.05881e-9
1538214750,24600471.37235616,28907112.644196693,4306.641,4.00309e14,0.4286,4.83779e6,-2.41350e6,6.05607e-9
1538214780,24615065.2375856,28924855.40391804,4309.790,3.97023e14,0.3958,4.81561e6,-2.41235e6,6.05318e-9
1538214810,24629721.566550005,28942572.772437386,4312.851,3.97323e14,0.3205,4.81504e6,-2.41116e6,6.05017e-9
1538214840,24644439.89574188,28960264.534265887,4315.825,3.95759e14,0.7130,4.80308e6,-2.40992e6,6.04703e-9
1538214870,24659219.761224747,28977930.47507239,4318.711,3.99898e14,0.3255,4.82551e6,-2.40862e6,6.04376e-9
1538214900,24674060.698661845,28995570.381679226,4321.510,3.98933e14,0.0834,4.81697e6,-2.40727e6,6.04037e-9
1538214930,24688962.24332207,29013184.04203282,4324.222,3.98116e14,0.1216,4.80924e6,-2.40587e6,6.03684e-9
1538214960,24703923.930178072,29030771.245277364,4326.847,4.04741e14,1.5407,4.84631e6,-2.40443e6,6.03319e-9
1538214990,24718945.29386419,29048331.781672303,4329.386,4.01097e14,0.6264,4.82131e6,-2.40293e6,6.02942e-9
1538215020,24734025.86872687,29065865.442613322,4331.840,3.97419e14,0.2964,4.79604e6,-2.40138e6,6.02552e-9
1538215050,24749165.18885203,29083372.020627845,4334.207,3.99746e14,0.2874,4.80685e6,-2.39979e6,6.02149e-9
1538215080,24764362.788092326,29100851.309370603,4336.489,4.00425e14,0.4579,4.80764e6,-2.39814e6,6.01735e-9
1538215110,24779618.200094134,29118303.10361922,4338.685,3.98630e14,0.0074,4.79344e6,-2.39645e6,6.01309e-9
1538215140,24794930.958324213,29135727.199269727,4340.796,3.96264e14,0.5863,4.77574e6,-2.39471e6,6.00870e-9
1538215170,24810300.59609631,29153123.393332087,4342.823,3.99212e14,0.1535,4.78987e6,-2.39292e6,6.00420e-9
1538215200,24825726.646597337,29170491.483925793,4344.765,3.98872e14,0.0682,4.78415e6,-2.39108e6,5.99958e-9
1538215230,24841208.642923113,29187831.270305917,4346.623,3.94125e14,1.1229,4.75191e6,-2.38920e6,5.99484e-9
1538215260,24856746.11807436,29205142.55276465,4348.396,3.95408e14,0.8008,4.75576e6,-2.38727e6,5.98998e-9
1538215290,24872338.605012313,29222425.132721238,4350.087,3.96516e14,0.5229,4.75845e6,-2.38530e6,5.98501e-9
1538215320,24887985.63667439,29239678.81268728,4351.693,3.98473e14,0.0320,4.76612e6,-2.38328e6,5.97993e-9
1538215350,24903686.745999362,29256903.396262527,4353.217,3.98176e14,0.1064,4.76021e6,-2.38121e6,5.97473e-9
1538215380,24919441.46595233,29274098.68813074,4354.657,3.95939e14,0.6676,4.74263e6,-2.37910e6,5.96942e-9
1538215410,24935249.329549402,29291264.494055595,4356.015,3.95314e14,0.8246,4.73460e6,-2.37695e6,5.96400e-9
1538215440,24951109.86988222,29308400.62087644,4357.291,3.96937e14,0.4174,4.73989e6,-2.37475e6,5.95847e-9
1538215470,24967022.620142154,29325506.876504164,4358.484,4.01791e14,0.8005,4.76430e6,-2.37251e6,5.95283e-9
1538215500,24982987.11364433,29342583.06991709,4359.596,3.95603e14,0.7521,4.72291e6,-2.37023e6,5.94708e-9
1538215530,24999002.88385222,29359629.011125717,4360.626,3.93622e14,1.2489,4.70650e6,-2.36790e6,5.94122e-9
1538215560,25015069.46439883,29376644.511264056,4361.575,3.98756e14,0.0389,4.73224e6,-2.36553e6,5.93526e-9
1538215590,25031186.38911208,29393629.38248974,4362.443,4.00493e14,0.4749,4.73771e6,-2.36311e6,5.92919e-9
1538215620,25047353.19203727,29410583.43801053,4363.230,4.02563e14,0.9942,4.74505e6,-2.36066e6,5.92301e-9
1538215650,25063569.407459863,29427506.4920798,4363.937,4.00549e14,0.4889,4.72811e6,-2.35816e6,5.91673e-9
1538215680,25079834.56992801,29444398.359992135,4364.564,3.97583e14,0.2552,4.70549e6,-2.35563e6,5.91035e-9
1538215710,25096148.214275036,29461258.858078774,4365.111,4.00794e14,0.5503,4.71929e6,-2.35305e6,5.90387e-9
1538215740,25112509.875641342,29478087.803703155,4365.578,3.98523e14,0.0195,4.70064e6,-2.35043e6,5.89729e-9
1538215770,25128919.089496363,29494885.015256427,4365.966,3.96315e14,0.5734,4.68231e6,-2.34778e6,5.89060e-9
1538215800,25145375.39166011,29511650.312152933,4366.275,4.03264e14,1.1700,4.71781e6,-2.34508e6,5.88382e-9
1538215830,25161878.318318944,29528383.51485155,4366.505,4.04054e14,1.3683,4.71695e6,-2.34234e6,5.87694e-9
1538215860,25178427.40606382,29545084.44477187,4366.657,4.06307e14,1.9333,4.72457e6,-2.33957e6,5.86996e-9
1538215890,25195022.191894162,29561752.92436915,4366.731,4.06369e14,1.9490,4.71925e6,-2.33675e6,5.86289e-9
1538215920,25211662.213243853,29578388.77710438,4366.727,3.97261e14,0.3359,4.66015e6,-2.33390e6,5.85572e-9
1538215950,25228347.00800161,29594991.827440154,4366.645,3.99345e14,0.1867,4.66656e6,-2.33101e6,5.84845e-9
1538215980,25245076.114530947,29611561.900836352,4366.486,4.03330e14,1.1867,4.68398e6,-2.32808e6,5.84109e-9
1538216010,25261849.07169009,29628098.82374602,4366.250,4.02522e14,0.9839,4.67329e6,-2.32512e6,5.83364e-9
1538216040,25278665.418851525,29644602.423611175,4365.937,3.98391e14,0.0527,4.64318e6,-2.32212e6,5.82610e-9
1538216070,25295524.695921257,29661072.52885869,4365.548,3.98061e14,0.1354,4.63519e6,-2.31908e6,5.81846e-9
1538216100,25312426.443357974,29677508.968896013,4365.083,3.99792e14,0.2990,4.63910e6,-2.31601e6,5.81074e-9
1538216130,25329370.20219877,29693911.57408757,4364.541,4.01895e14,0.8265,4.64507e6,-2.31290e6,5.80292e-9
1538216160,25346355.514056504,29710280.175810773,4363.925,4.00682e14,0.5222,4.63172e6,-2.30976e6,5.79502e-9
1538216190,25363381.92115926,29726614.606391687,4363.233,3.96675e14,0.4830,4.60215e6,-2.30658e6,5.78703e-9
1538216220,25380448.966361724,29742914.69912018,4362.466,3.96859e14,0.4369,4.59680e6,-2.30337e6,5.77895e-9
1538216250,25397556.19316309,29759180.28824563,4361.624,3.98458e14,0.0357,4.59954e6,-2.30012e6,5.77079e-9
1538216280,25414703.145724803,29775411.20897261,4360.708,4.02550e14,0.9908,4.61655e6,-2.29684e6,5.76254e-9
1538216310,25431889.368887987,29791607.29745671,4359.718,4.03206e14,1.1555,4.61366e6,-2.29352e6,5.75421e-9
1538216340,25449114.40819067,29807768.390800115,4358.654,3.96820e14,0.4466,4.57022e6,-2.29017e6,5.74580e-9
1538216370,25466377.80988477,29823894.327047426,4357.517,3.94781e14,0.9582,4.55177e6,-2.28679e6,5.73730e-9
1538216400,25483679.12095284,29839984.94518139,4356.306,4.02246e14,0.9146,4.58774e6,-2.28338e6,5.72872e-9
1538216430,25501017.88911884,29856040.085136004,4355.022,4.01592e14,0.7505,4.57707e6,-2.27993e6,5.72006e-9
1538216460,25518393.662881978,29872059.587738737,4353.666,3.99680e14,0.2707,4.55916e6,-2.27646e6,5.71132e-9
1538216490,25535805.99151529,29888043.29475989,4352.237,4.05820e14,1.8113,4.58714e6,-2.27295e6,5.70250e-9
1538216520,25553254.425087016,29903991.048891228,4350.737,4.03669e14,1.2716,4.56774e6,-2.26941e6,5.69361e-9
1538216550,25570738.514476128,29919902.693741843,4349.164,3.97735e14,0.2170,4.52682e6,-2.26584e6,5.68463e-9
1538216580,25588257.811387554,29935778.07383409,4347.520,4.00028e14,0.3581,4.53262e6,-2.26223e6,5.67558e-9
1538216610,25605811.868367266,29951617.034599625,4345.805,4.02190e14,0.9006,4.53759e6,-2.25860e6,5.66645e-9
1538216640,25623400.238817114,29967419.422375225,4344.019,3.98545e14,0.0139,4.50961e6,-2.25494e6,5.65725e-9
1538216670,25641022.477009334,29983185.084398832,4342.163,3.96623e14,0.4962,4.49136e6,-2.25125e6,5.64798e-9
1538216700,25658678.138100922,29998913.86880547,4340.236,3.96343e14,0.5662,4.48236e6,-2.24753e6,5.63863e-9
1538216730,25676366.778151013,30014605.62460499,4338.239,3.99036e14,0.1092,4.49003e6,-2.24378e6,5.62921e-9
1538216760,25694087.95412477,30030260.201734375,4336.172,4.04733e14,1.5385,4.51448e6,-2.24000e6,5.61971e-9
1538216790,25711841.223916963,30045877.45099719,4334.036,4.05764e14,1.7971,4.51259e6,-2.23619e6,5.61015e-9
1538216820,25729626.146362245,30061457.22407771,4331.831,4.05017e14,1.6098,4.50066e6,-2.23236e6,5.60052e-9
1538216850,25747442.281248394,30076999.373536803,4329.557,3.98555e14,0.0113,4.45674e6,-2.22850e6,5.59081e-9
1538216880,25765289.18932926,30092503.75280777,4327.215,3.98430e14,0.0429,4.44826e6,-2.22461e6,5.58104e-9
1538216910,25783166.432337668,30107970.216192253,4324.804,3.99664e14,0.2669,4.44730e6,-2.22069e6,5.57120e-9
1538216940,25801073.57299791,30123398.618856106,4322.325,4.00677e14,0.5209,4.44502e6,-2.21674e6,5.56129e-9
1538216970,25819010.1750381,30138788.81682531,4319.779,4.01776e14,0.7967,4.44316e6,-2.21277e6,5.55132e-9
1538217000,25836975.803202383,30154140.666981876,4317.165,3.96857e14,0.4373,4.40788e6,-2.20878e6,5.54128e-9
1538217030,25854970.023262847,30169454.027078602,4314.484,3.98797e14,0.0493,4.41057e6,-2.20476e6,5.53117e-9
1538217060,25872992.402031045,30184728.755677003,4311.736,3.99652e14,0.2639,4.40719e6,-2.20071e6,5.52101e-9
1538217090,25891042.50736978,30199964.712201603,4308.922,4.01430e14,0.7099,4.40883e6,-2.19663e6,5.51078e-9
1538217120,25909119.908204235,30215161.75691713,4306.042,4.04007e14,1.3564,4.41477e6,-2.19254e6,5.50048e-9
1538217150,25927224.174533103,30230319.750924747,4303.096,4.01028e14,0.6089,4.39011e6,-2.18841e6,5.49012e-9
1538217180,25945354.877439395,30245438.556158148,4300.084,3.97474e14,0.2826,4.36231e6,-2.18427e6,5.47971e-9
1538217210,25963511.58910116,30260518.03537978,4297.006,3.96903e14,0.4259,4.35085e6,-2.18010e6,5.46923e-9
1538217240,25981693.88280189,30275558.05217706,4293.864,3.94291e14,1.0811,4.32821e6,-2.17590e6,5.45869e-9
1538217270,25999901.33294073,30290558.47095855,4290.657,3.94556e14,1.0147,4.32126e6,-2.17168e6,5.44810e-9
1538217300,26018133.515042566,30305519.15695016,4287.386,4.00259e14,0.4162,4.34383e6,-2.16744e6,5.43744e-9
1538217330,26036390.005765043,30320439.976170994,4284.050,4.01947e14,0.8397,4.34444e6,-2.16317e6,5.42673e-9
1538217360,26054670.382916775,30335320.79549255,4280.650,4.02486e14,0.9748,4.33874e6,-2.15889e6,5.41596e-9
1538217390,26072974.22545816,30350161.482571702,4277.187,3.98499e14,0.0256,4.30852e6,-2.15458e6,5.40514e-9
1538217420,26091301.113513347,30364961.905867282,4273.661,4.00704e14,0.5278,4.31175e6,-2.15024e6,5.39426e-9
1538217450,26109650.628379256,30379721.93463622,4270.071,4.03172e14,1.1469,4.31630e6,-2.14589e6,5.38332e-9
1538217480,26128022.35253442,30394441.43892956,4266.419,3.97071e14,0.3838,4.27471e6,-2.14152e6,5.37233e-9
1538217510,26146415.869647585,30409120.28958871,4262.704,3.98139e14,0.1158,4.27166e6,-2.13712e6,5.36129e-9
1538217540,26164830.76458618,30423758.3582415,4258.928,4.01756e14,0.7917,4.28217e6,-2.13270e6,5.35019e-9
1538217570,26183266.623424564,30438355.517298374,4255.089,3.97937e14,0.1664,4.25286e6,-2.12826e6,5.33905e-9
1538217600,26201723.033452045,30452911.639948588,4251.189,3.99210e14,0.1530,4.25073e6,-2.12380e6,5.32785e-9
1538217630,26220199.583184965,30467426.600183427,4247.227,4.02498e14,0.9779,4.25924e6,-2.11932e6,5.31660e-9
1538217660,26238695.862361573,30481900.27270915,4243.204,3.95280e14,0.8330,4.21190e6,-2.11482e6,5.30530e-9
1538217690,26257211.461962387,30496332.53302678,4239.121,3.95789e14,0.7054,4.20559e6,-2.11030e6,5.29395e-9
1538217720,26275745.974213462,30510723.25740156,4234.977,4.00009e14,0.3534,4.21883e6,-2.10576e6,5.28255e-9
1538217750,26294298.99259354,30525072.322859403,4230.773,4.00525e14,0.4829,4.21242e6,-2.10121e6,5.27110e-9
1538217780,26312870.111841045,30539379.607183468,4226.509,4.02431e14,0.9609,4.21326e6,-2.09663e6,5.25961e-9
1538217810,26331458.92796092,30553644.988910668,4222.186,4.01387e14,0.6992,4.19854e6,-2.09203e6,5.24807e-9
1538217840,26350065.038231328,30567868.34732822,4217.803,4.00465e14,0.4678,4.18445e6,-2.08742e6,5.23648e-9
1538217870,26368688.04121007,30582049.56247014,4213.362,4.00098e14,0.3757,4.17324e6,-2.08279e6,5.22485e-9
1538217900,26387327.53674092,30596188.515113857,4208.861,3.97675e14,0.2321,4.15128e6,-2.07813e6,5.21317e-9
1538217930,26405983.125957765,30610285.086740714,4204.302,3.98101e14,0.1254,4.14417e6,-2.07347e6,5.20145e-9
1538217960,26424654.411296703,30624339.159643468,4199.685,3.97827e14,0.1941,4.13337e6,-2.06878e6,5.18968e-9
1538217990,26443340.996495645,30638350.616811644,4195.010,4.01379e14,0.6971,4.14237e6,-2.06408e6,5.17787e-9
1538218020,26462042.48660196,30652319.341963753,4190.277,4.03715e14,1.2832,4.14496e6,-2.05936e6,5.16602e-9
1538218050,26480758.487977862,30666245.219543565,4185.487,3.99236e14,0.1593,4.11233e6,-2.05462e6,5.15412e-9
1538218080,26499488.608305663,30680128.134716474,4180.640,3.95362e14,0.8126,4.08289e6,-2.04987e6,5.14219e-9
1538218110,26518232.4565929,30693967.97336573,4175.736,3.95972e14,0.6595,4.07652e6,-2.04510e6,5.13021e-9
1538218140,26536989.64317722,30707764.622088786,4170.775,4.02517e14,0.9825,4.10047e6,-2.04031e6,5.11820e-9
1538218170,26555759.77973116,30721517.968193617,4165.758,4.01677e14,0.7718,4.08653e6,-2.03551e6,5.10614e-9
1538218200,26574542.479266778,30735227.89969513,4160.685,3.97322e14,0.3207,4.05467e6,-2.03069e6,5.09404e-9
1538218230,26593337.356135536,30748894.30535097,4155.557,3.97811e14,0.1981,4.04750e6,-2.02586e6,5.08191e-9
1538218260,26612144.026046686,30762517.074536316,4150.373,4.01613e14,0.7559,4.05708e6,-2.02101e6,5.06974e-9
1538218290,26630962.106057156,30776096.097362343,4145.134,4.02321e14,0.9335,4.05090e6,-2.01615e6,5.05753e-9
1538218320,26649791.214580167,30789631.264633544,4139.840,4.02410e14,0.9557,4.04154e6,-2.01127e6,5.04528e-9
1538218350,26668630.971389037,30803122.467844535,4134.491,4.03817e14,1.3087,4.03879e6,-2.00638e6,5.03300e-9
1538218380,26687480.9976209,30816569.59917685,4129.089,4.04652e14,1.5182,4.03310e6,-2.00147e6,5.02068e-9
1538218410,26706340.91578023,30829972.551495887,4123.632,4.00180e14,0.3962,4.00078e6,-1.99655e6,5.00832e-9
1538218440,26725210.349742252,30843331.21834775,4118.121,4.00066e14,0.3676,3.99032e6,-1.99161e6,4.99593e-9
1538218470,26744088.92475625,30856645.493956137,4112.557,4.00655e14,0.5155,3.98333e6,-1.98666e6,4.98351e-9
1538218500,26762976.267448682,30869915.273219258,4106.939,3.99240e14,0.1605,3.96635e6,-1.98170e6,4.97105e-9
1538218530,26781872.00583755,30883140.451671526,4101.268,4.01814e14,0.8063,3.96915e6,-1.97673e6,4.95856e-9
1538218560,26800775.76930024,30896320.925589167,4095.545,3.97015e14,0.3977,3.93539e6,-1.97174e6,4.94604e-9
1538218590,26819687.188611675,30909456.59187806,4089.769,4.02588e14,1.0003,3.95290e6,-1.96674e6,4.93348e-9
1538218620,26838605.895935506,30922547.34810572,4083.941,4.01842e14,0.8133,3.93915e6,-1.96172e6,4.92090e-9
1538218650,26857531.52482671,30935593.092497975,4078.062,3.96091e14,0.6296,3.90082e6,-1.95670e6,4.90828e-9
1538218680,26876463.71023411,30948593.723935574,4072.130,4.02690e14,1.0259,3.92308e6,-1.95166e6,4.89563e-9
1538218710,26895402.08850268,30961549.141950976,4066.147,3.97070e14,0.3839,3.88548e6,-1.94661e6,4.88295e-9
1538218740,26914346.297375724,30974459.246724963,4060.113,3.95260e14,0.8381,3.86656e6,-1.94155e6,4.87024e-9
1538218770,26933295.97599703,30987323.939083375,4054.028,3.98386e14,0.0537,3.87163e6,-1.93647e6,4.85750e-9
1538218800,26952250.7649127,31000143.12049384,4047.892,4.01539e14,0.7371,3.87673e6,-1.93138e6,4.84474e-9
1538218830,26971210.306062616,31012916.693091966,4041.706,4.00638e14,0.5111,3.86215e6,-1.92629e6,4.83194e-9
1538218860,26990174.24281446,31025644.559587322,4035.470,3.96819e14,0.4469,3.83350e6,-1.92118e6,4.81912e-9
1538218890,27009142.219932627,31038326.62335136,4029.184,4.00691e14,0.5245,3.84189e6,-1.91606e6,4.80627e-9
1538218920,27028113.883590184,31050962.788384918,4022.849,3.98806e14,0.0515,3.82256e6,-1.91093e6,4.79339e-9
1538218950,27047088.881370034,31063552.959315363,4016.464,3.97856e14,0.1867,3.80774e6,-1.90579e6,4.78049e-9
1538218980,27066066.862266127,31076097.04139358,4010.030,3.99239e14,0.1602,3.80404e6,-1.90064e6,4.76756e-9
1538219010,27085047.47668435,31088594.9404912,4003.547,3.94836e14,0.9444,3.77277e6,-1.89548e6,4.75460e-9
1538219040,27104030.376443442,31101046.563097622,3997.016,3.95384e14,0.8068,3.76507e6,-1.89031e6,4.74162e-9
1538219070,27123015.21477573,31113451.81631723,3990.437,4.00985e14,0.5984,3.78123e6,-1.88513e6,4.72862e-9
1538219100,27142001.646327753,31125810.607866433,3983.809,3.98142e14,0.1149,3.75741e6,-1.87994e6,4.71559e-9
1538219130,27160989.327161342,31138122.846045613,3977.134,3.97095e14,0.3776,3.74209e6,-1.87474e6,4.70254e-9
1538219160,27179977.914752405,31150388.43981428,3970.411,4.01333e14,0.6855,3.75156e6,-1.86953e6,4.68946e-9
1538219190,27198967.067992963,31162607.29870994,3963.640,4.01106e14,0.6287,3.74003e6,-1.86431e6,4.67636e-9
1538219220,27217956.447190836,31174779.332870446,3956.823,3.98113e14,0.1223,3.71557e6,-1.85908e6,4.66324e-9
1538219250,27236945.71406973,31186904.45303094,3949.959,3.94435e14,1.0449,3.68800e6,-1.85384e6,4.65010e-9
1538219280,27255934.531769317,31198982.57052085,3943.048,3.95027e14,0.8964,3.68031e6,-1.84860e6,4.63693e-9
1538219310,27274922.564845216,31211013.59726095,3936.091,3.98162e14,0.1099,3.68434e6,-1.84334e6,4.62374e-9
1538219340,27293909.479268778,31222997.445760254,3929.088,4.01520e14,0.7325,3.68930e6,-1.83808e6,4.61054e-9
1538219370,27312894.942426916,31234934.029113136,3922.039,4.04060e14,1.3697,3.69040e6,-1.83281e6,4.59731e-9
1538219400,27331878.623121817,31246823.26099636,3914.945,3.98664e14,0.0160,3.65503e6,-1.82753e6,4.58406e-9
1538219430,27350860.19158081,31258665.055684127,3907.805,3.93738e14,1.2198,3.62194e6,-1.82225e6,4.57079e-9
1538219460,27369839.319424137,31270459.327989727,3900.620,3.95821e14,0.6973,3.62091e6,-1.81695e6,4.55750e-9
1538219490,27388815.679696236,31282205.993318263,3893.390,4.00602e14,0.5022,3.63207e6,-1.81165e6,4.54420e-9
1538219520,27407788.94685488,31293904.9676459,3886.116,3.98912e14,0.0781,3.61376e6,-1.80634e6,4.53087e-9
1538219550,27426758.796770565,31305556.16751721,3878.797,3.96313e14,0.5738,3.59138e6,-1.80103e6,4.51753e-9
1538219580,27445724.906725723,31317159.51004248,3871.435,3.99466e14,0.2171,3.59496e6,-1.79570e6,4.50417e-9
1538219610,27464686.955413967,31328714.912895173,3864.028,3.95175e14,0.8593,3.56502e6,-1.79037e6,4.49079e-9
1538219640,27483644.6229392,31340222.29430921,3856.578,3.99541e14,0.2359,3.57394e6,-1.78504e6,4.47740e-9
1538219670,27502597.590814576,31351681.57307645,3849.084,4.05197e14,1.6551,3.58849e6,-1.77969e6,4.46399e-9
1538219700,27521545.541961513,31363092.668544102,3841.547,3.98816e14,0.0541,3.54930e6,-1.77434e6,4.45056e-9
1538219730,27540488.160694715,31374455.50060838,3833.967,3.96653e14,0.4887,3.52898e6,-1.76898e6,4.43711e-9
1538219760,27559425.132763494,31385769.98972369,3826.345,3.98204e14,0.0994,3.52514e6,-1.76362e6,4.42365e-9
1538219790,27578356.145307824,31397036.05688845,3818.680,4.01716e14,0.7815,3.52989e6,-1.75825e6,4.41018e-9
1538219820,27597280.886870574,31408253.6236463,3810.973,3.95705e14,0.7265,3.49267e6,-1.75288e6,4.39669e-9
1538219850,27616199.047395986,31419422.612083588,3803.224,3.92029e14,1.6486,3.46583e6,-1.74750e6,4.38318e-9
1538219880,27635110.31822801,31430542.944826785,3795.433,4.04127e14,1.3865,3.50801e6,-1.74211e6,4.36967e-9
1538219910,27654014.392108563,31441614.54504007,3787.600,4.07521e14,2.2379,3.51193e6,-1.73672e6,4.35613e-9
1538219940,27672910.963175707,31452637.33642273,3779.726,3.96070e14,0.6350,3.45129e6,-1.73132e6,4.34259e-9
1538219970,27691799.726961818,31463611.243206695,3771.812,3.97903e14,0.1751,3.44845e6,-1.72592e6,4.32903e-9
1538220000,27710680.380391568,31474536.190153986,3763.856,4.03197e14,1.1533,3.46049e6,-1.72051e6,4.31545e-9
1538220030,27729552.621792212,31485412.102543868,3755.859,3.98389e14,0.0530,3.42891e6,-1.71509e6,4.30187e-9
1538220060,27748416.150853727,31496238.90620245,3747.823,3.97522e14,0.2705,3.41436e6,-1.70968e6,4.28827e-9
1538220090,27767270.668664552,31507016.52746787,3739.746,3.94666e14,0.9870,3.39132e6,-1.70425e6,4.27466e-9
1538220120,27786115.877697244,31517744.893198177,3731.629,3.94440e14,1.0438,3.37955e6,-1.69882e6,4.26104e-9
1538220150,27804951.481806263,31528423.930768862,3723.472,3.98112e14,0.1225,3.38434e6,-1.69339e6,4.24741e-9
1538220180,27823777.186225764,31539053.56807024,3715.276,4.02038e14,0.8624,3.39009e6,-1.68796e6,4.23376e-9
1538220210,27842592.697567362,31549633.733505018,3707.041,4.04204e14,1.4058,3.38830e6,-1.68251e6,4.22011e-9
1538220240,27861397.7238177,31560164.355985712,3698.767,3.99483e14,0.2213,3.35747e6,-1.67707e6,4.20644e-9
1538220270,27880191.974336118,31570645.364932247,3690.453,3.98864e14,0.0661,3.34396e6,-1.67162e6,4.19276e-9
1538220300,27898975.159852125,31581076.690269426,3682.102,3.97471e14,0.2834,3.32723e6,-1.66617e6,4.17908e-9
1538220330,27917746.992449876,31591458.262439404,3673.711,3.95644e14,0.7416,3.30872e6,-1.66071e6,4.16538e-9
1538220360,27936507.18560586,31601790.01235343,3665.283,4.00253e14,0.4147,3.31697e6,-1.65525e6,4.15168e-9
1538220390,27955255.454145886,31612071.87143556,3656.816,4.02844e14,1.0646,3.31673e6,-1.64978e6,4.13796e-9
1538220420,27973991.514255352,31622303.771605447,3648.312,4.00981e14,0.5971,3.29805e6,-1.64431e6,4.12424e-9
1538220450,27992715.08347634,31632485.645276144,3639.771,3.99579e14,0.2454,3.28131e6,-1.63884e6,4.11051e-9
1538220480,28011425.88070487,31642617.425351895,3631.192,3.97075e14,0.3828,3.26009e6,-1.63337e6,4.09677e-9
1538220510,28030123.62618791,31652699.045225978,3622.575,3.97128e14,0.3693,3.24937e6,-1.62789e6,4.08302e-9
1538220540,28048808.041520376,31662730.438778497,3613.922,3.96826e14,0.4452,3.23719e6,-1.62240e6,4.06927e-9
1538220570,28067478.84964216,31672711.540374327,3605.233,3.98460e14,0.0352,3.23288e6,-1.61692e6,4.05550e-9
1538220600,28086135.774835087,31682642.284860853,3596.507,3.98312e14,0.0723,3.22130e6,-1.61143e6,4.04173e-9
1538220630,28104778.54273713,31692522.60755725,3587.744,3.93500e14,1.2796,3.19094e6,-1.60594e6,4.02795e-9
1538220660,28123406.880285818,31702352.44427932,3578.946,3.98128e14,0.1184,3.19860e6,-1.60045e6,4.01417e-9
1538220690,28142020.51576874,31712131.73131026,3570.111,3.98378e14,0.0557,3.18862e6,-1.59495e6,4.00038e-9
1538220720,28160619.178803127,31721860.40540725,3561.241,3.99915e14,0.3297,3.18375e6,-1.58945e6,3.98658e-9
1538220750,28179202.600332703,31731538.40379938,3552.336,4.02046e14,0.8645,3.18119e6,-1.58395e6,3.97278e-9
1538220780,28197770.512624614,31741165.664185494,3543.395,3.98249e14,0.0882,3.15510e6,-1.57845e6,3.95897e-9
1538220810,28216322.64926621,31750742.12473213,3534.419,3.95891e14,0.6798,3.13479e6,-1.57294e6,3.94515e-9
1538220840,28234858.745161846,31760267.7240713,3525.409,3.97802e14,0.2004,3.13133e6,-1.56744e6,3.93133e-9
1538220870,28253378.536529627,31769742.401298515,3516.364,4.00568e14,0.4936,3.13115e6,-1.56193e6,3.91751e-9
1538220900,28271881.760898065,31779166.09597059,3507.284,3.98707e14,0.0267,3.11284e6,-1.55641e6,3.90368e-9
1538220930,28290368.15708284,31788538.748105034,3498.171,3.93321e14,1.3246,3.08086e6,-1.55090e6,3.88984e-9
1538220960,28308837.465244997,31797860.29817365,3489.023,3.95135e14,0.8695,3.07693e6,-1.54539e6,3.87600e-9
1538220990,28327289.42682569,31807130.687104866,3479.841,4.00615e14,0.5053,3.08710e6,-1.53987e6,3.86216e-9
1538221020,28345723.784562554,31816349.856280267,3470.626,4.02164e14,0.8941,3.08200e6,-1.53435e6,3.84831e-9
1538221050,28364140.282486062,31825517.747532625,3461.377,4.04065e14,1.3709,3.07820e6,-1.52883e6,3.83446e-9
1538221080,28382538.665915836,31834634.303143784,3452.096,4.04705e14,1.5315,3.06952e6,-1.52331e6,3.82060e-9
1538221110,28400918.681456923,31843699.46584279,3442.781,4.05279e14,1.6755,3.06058e6,-1.51778e6,3.80674e-9
1538221140,28419280.07699599,31852713.178803883,3433.433,4.05762e14,1.7968,3.05127e6,-1.51226e6,3.79288e-9
1538221170,28437622.60169757,31861675.38564446,3424.053,4.01453e14,0.7156,3.02383e6,-1.50673e6,3.77901e-9
1538221200,28455946.006000243,31870586.030423205,3414.640,3.98186e14,0.1039,3.00044e6,-1.50121e6,3.76515e-9
1538221230,28474250.041631617,31879445.05763829,3405.195,3.99080e14,0.1204,2.99274e6,-1.49568e6,3.75128e-9
1538221260,28492534.461546272,31888252.41222499,3395.718,3.95956e14,0.6633,2.97000e6,-1.49015e6,3.73740e-9
1538221290,28510799.019980337,31897008.039554168,3386.209,3.95425e14,0.7968,2.95699e6,-1.48462e6,3.72353e-9
1538221320,28529043.47242883,31905711.885430295,3376.668,3.99585e14,0.2469,2.96141e6,-1.47909e6,3.70965e-9
1538221350,28547267.575641815,31914363.89608958,3367.096,3.96748e14,0.4647,2.93984e6,-1.47356e6,3.69577e-9
1538221380,28565471.087620605,31922964.018198073,3357.493,3.95306e14,0.8264,2.92350e6,-1.46802e6,3.68189e-9
1538221410,28583653.76761397,31931512.198849875,3347.858,4.03058e14,1.1183,2.94091e6,-1.46249e6,3.66800e-9
1538221440,28601815.37611429,31940008.38556526,3338.193,4.07564e14,2.2488,2.94625e6,-1.45696e6,3.65412e-9
1538221470,28619955.674853608,31948452.526288945,3328.497,3.99806e14,0.3025,2.90681e6,-1.45142e6,3.64023e-9
1538221500,28638074.42679982,31956844.5693882,3318.770,4.02534e14,0.9868,2.90561e6,-1.44589e6,3.62635e-9
1538221530,28656171.39613521,31965184.463653367,3309.013,4.03130e14,1.1365,2.89665e6,-1.44035e6,3.61246e-9
1538221560,28674246.348306622,31973472.158289213,3299.226,3.95515e14,0.7741,2.85811e6,-1.43482e6,3.59857e-9
1538221590,28692299.049967077,31981707.60292011,3289.409,4.02177e14,0.8974,2.87096e6,-1.42928e6,3.58468e-9
1538221620,28710329.26898926,31989890.747586105,3279.561,4.00695e14,0.5255,2.85455e6,-1.42375e6,3.57079e-9
1538221650,28728336.774461426,31998021.542741127,3269.685,3.95331e14,0.8202,2.82437e6,-1.41821e6,3.55691e-9
1538221680,28746321.336683203,32006099.939251415,3259.779,3.96998e14,0.4021,2.81924e6,-1.41267e6,3.54302e-9
1538221710,28764282.727161527,32014125.888393816,3249.843,3.89484e14,2.2872,2.78168e6,-1.40714e6,3.52913e-9
1538221740,28782220.718606345,32022099.341854054,3239.879,3.93386e14,1.3081,2.78445e6,-1.40160e6,3.51524e-9
1538221770,28800135.084926516,32030020.251725182,3229.885,4.03699e14,1.2791,2.80956e6,-1.39607e6,3.50135e-9
1538221800,28818025.601225615,32037888.570505906,3219.863,3.99241e14,0.1606,2.78287e6,-1.39053e6,3.48746e-9
1538221830,28835892.043817356,32045704.251095794,3209.812,4.01473e14,0.7208,2.77954e6,-1.38500e6,3.47357e-9
1538221860,28853734.1901606,32053467.246803433,3199.733,4.02794e14,1.0520,2.77300e6,-1.37946e6,3.45969e-9
1538221890,28871551.81891638,32061177.511334967,3189.626,4.02073e14,0.8713,2.75939e6,-1.37393e6,3.44580e-9
1538221920,28889344.709923945,32068834.998795755,3179.490,3.95611e14,0.7499,2.72610e6,-1.36839e6,3.43192e-9
1538221950,28907112.644196693,32076439.663688693,3169.327,4.00688e14,0.5237,2.73242e6,-1.36286e6,3.41803e-9
1538221980,28924855.40391804,32083991.460912652,3159.136,4.05160e14,1.6456,2.73655e6,-1.35733e6,3.40415e-9
1538222010,28942572.772437386,32091490.345760893,3148.918,4.00911e14,0.5797,2.71099e6,-1.35179e6,3.39027e-9
1538222040,28960264.534265887,32098936.273919538,3138.672,3.98957e14,0.0894,2.69330e6,-1.34626e6,3.37639e-9
1538222070,28977930.47507239,32106329.201465942,3128.399,3.94576e14,1.0098,2.66750e6,-1.34073e6,3.36251e-9
1538222100,28995570.381679226,32113669.08486722,3118.099,4.02697e14,1.0278,2.68369e6,-1.33520e6,3.34864e-9
1538222130,29013184.04203282,32120955.88097979,3107.772,4.01894e14,0.8262,2.66989e6,-1.32967e6,3.33477e-9
1538222160,29030771.245277364,32128189.547044452,3097.418,3.96708e14,0.4747,2.64157e6,-1.32414e6,3.32089e-9
1538222190,29048331.781672303,32135370.040688355,3087.038,3.99782e14,0.2964,2.64070e6,-1.31861e6,3.30703e-9
1538222220,29065865.442613322,32142497.319922347,3076.632,3.98961e14,0.0903,2.62693e6,-1.31309e6,3.29316e-9
1538222250,29083372.020627845,32149571.343139566,3066.199,3.99146e14,0.1369,2.61648e6,-1.30756e6,3.27929e-9
1538222280,29100851.309370603,32156592.06911395,3055.741,3.99223e14,0.1563,2.60567e6,-1.30204e6,3.26543e-9
1538222310,29118303.10361922,32163559.456998862,3045.256,4.02872e14,1.0716,2.60648e6,-1.29651e6,3.25157e-9
1538222340,29135727.199269727,32170473.466325603,3034.746,4.04497e14,1.4792,2.60064e6,-1.29099e6,3.23772e-9
1538222370,29153123.393332087,32177334.05700206,3024.211,4.03548e14,1.2413,2.58645e6,-1.28547e6,3.22387e-9
1538222400,29170491.483925793,32184141.18931126,3013.650,3.96501e14,0.5266,2.55272e6,-1.27995e6,3.21002e-9
1538222430,29187831.270305917,32190894.823913425,3003.064,3.95341e14,0.8178,2.53800e6,-1.27443e6,3.19617e-9
1538222460,29205142.55276465,32197594.921834137,2992.452,4.03871e14,1.3224,2.55416e6,-1.26891e6,3.18232e-9
1538222490,29222425.132721238,32204241.444473505,2981.816,4.03447e14,1.2158,2.54171e6,-1.26339e6,3.16848e-9
1538222520,29239678.81268728,32210834.35360139,2971.156,3.95506e14,0.7762,2.50556e6,-1.25788e6,3.15465e-9
1538222550,29256903.396262527,32217373.61135617,2960.470,3.97469e14,0.2839,2.50074e6,-1.25236e6,3.14081e-9
1538222580,29274098.68813074,32223859.180243343,2949.760,4.00038e14,0.3606,2.49776e6,-1.24685e6,3.12698e-9
1538222610,29291264.494055595,32230291.023134347,2939.027,3.97332e14,0.3183,2.47830e6,-1.24134e6,3.11316e-9
1538222640,29308400.62087644,32236669.103265185,2928.268,3.95970e14,0.6600,2.46307e6,-1.23583e6,3.09934e-9
1538222670,29325506.876504164,32242993.38423517,2917.487,3.93566e14,1.2631,2.44468e6,-1.23032e6,3.08552e-9
1538222700,29342583.06991709,32249263.83000568,2906.681,3.96817e14,0.4474,2.44372e6,-1.22482e6,3.07170e-9
1538222730,29359629.011125717,32255480.404888432,2895.851,3.94749e14,0.9663,2.42641e6,-1.21931e6,3.05789e-9
1538222760,29376644.511264056,32261643.07357645,2884.999,3.96829e14,0.4444,2.42179e6,-1.21381e6,3.04409e-9
1538222790,29393629.38248974,32267751.80111047,2874.122,3.96205e14,0.6010,2.40892e6,-1.20831e6,3.03028e-9
1538222820,29410583.43801053,32273806.552888095,2863.223,3.91905e14,1.6797,2.38498e6,-1.20281e6,3.01649e-9
1538222850,29427506.4920798,32279807.294662487,2852.301,3.98027e14,0.1439,2.39246e6,-1.19731e6,3.00269e-9
1538222880,29444398.359992135,32285753.9925411,2841.356,4.05583e14,1.7519,2.40406e6,-1.19181e6,2.98890e-9
1538222910,29461258.858078774,32291646.61298443,2830.388,3.96434e14,0.5434,2.36576e6,-1.18632e6,2.97512e-9
1538222940,29478087.803703155,32297485.122804705,2819.397,3.98232e14,0.0925,2.36012e6,-1.18082e6,2.96134e-9
1538222970,29494885.015256427,32303269.48916472,2808.384,4.05499e14,1.7307,2.37057e6,-1.17533e6,2.94756e-9
1538223000,29511650.312152933,32308999.679576598,2797.349,3.99335e14,0.1843,2.34141e6,-1.16984e6,2.93379e-9
1538223030,29528383.51485155,32314675.6619191,2786.292,3.93852e14,1.1914,2.31441e6,-1.16436e6,2.92003e-9
1538223060,29545084.44477187,32320297.404379357,2775.213,3.87007e14,2.9086,2.28362e6,-1.15887e6,2.90627e-9
1538223090,29561752.92436915,32325864.87550911,2764.112,3.91459e14,1.7917,2.28569e6,-1.15339e6,2.89251e-9
1538223120,29578388.77710438,32331378.04420502,2752.989,3.95954e14,0.6640,2.28776e6,-1.14791e6,2.87876e-9
1538223150,29594991.827440154,32336836.879707824,2741.845,3.95985e14,0.6562,2.27693e6,-1.14243e6,2.86502e-9
1538223180,29611561.900836352,32342241.35160129,2730.679,3.94902e14,0.9278,2.26293e6,-1.13695e6,2.85128e-9
1538223210,29628098.82374602,32347591.429811347,2719.493,3.87644e14,2.7488,2.23143e6,-1.13148e6,2.83754e-9
1538223240,29644602.423611175,32352887.08460509,2708.285,4.00923e14,0.5826,2.25813e6,-1.12600e6,2.82381e-9
1538223270,29661072.52885869,32358128.28658989,2697.056,4.00264e14,0.4174,2.24531e6,-1.12053e6,2.81009e-9
1538223300,29677508.968896013,32363315.00671242,2685.806,3.88945e14,2.4223,2.20270e6,-1.11506e6,2.79637e-9
1538223330,29693911.57408757,32368447.216233164,2674.536,3.93114e14,1.3763,2.20350e6,-1.10960e6,2.78265e-9
1538223360,29710280.175810773,32373524.88680136,2663.245,3.97617e14,0.2468,2.20511e6,-1.10413e6,2.76895e-9
1538223390,29726614.606391687,32378547.990378022,2651.933,3.98625e14,0.0062,2.19698e6,-1.09867e6,2.75524e-9
1538223420,29742914.69912018,32383516.499259405,2640.602,3.95879e14,0.6827,2.17853e6,-1.09321e6,2.74155e-9
1538223450,29759180.28824563,32388430.386075933,2629.250,3.98438e14,0.0408,2.17463e6,-1.08775e6,2.72785e-9
1538223480,29775411.20897261,32393289.62379108,2617.878,3.92395e14,1.5568,2.14732e6,-1.08230e6,2.71417e-9
1538223510,29791607.29745671,32398094.185700323,2606.487,3.82875e14,3.9452,2.11079e6,-1.07684e6,2.70049e-9
1538223540,29807768.390800115,32402844.045430053,2595.076,3.95926e14,0.6708,2.13517e6,-1.07139e6,2.68681e-9
1538223570,29823894.327047426,32407539.176936448,2583.645,4.10232e14,2.9181,2.16255e6,-1.06594e6,2.67314e-9
1538223600,29839984.94518139,32412179.55450453,2572.195,3.98533e14,0.0168,2.12039e6,-1.06050e6,2.65948e-9
1538223630,29856040.085136004,32416765.15277523,2560.725,3.92454e14,1.5419,2.09342e6,-1.05505e6,2.64582e-9
1538223660,29872059.587738737,32421295.946657702,2549.236,3.96960e14,0.4114,2.09448e6,-1.04961e6,2.63217e-9
1538223690,29888043.29475989,32425771.911415186,2537.729,3.92469e14,1.5381,2.07186e6,-1.04417e6,2.61853e-9
1538223720,29903991.048891228,32430193.02263618,2526.202,3.88357e14,2.5699,2.05036e6,-1.03873e6,2.60489e-9
1538223750,29919902.693741843,32434559.256233726,2514.657,3.99103e14,0.1261,2.06748e6,-1.03330e6,2.59126e-9
1538223780,29935778.07383409,32438870.58844467,2503.093,4.05471e14,1.7237,2.07302e6,-1.02787e6,2.57763e-9
1538223810,29951617.034599625,32443126.995828982,2491.510,3.95217e14,0.8489,2.03578e6,-1.02244e6,2.56401e-9
1538223840,29967419.422375225,32447328.455269095,2479.909,3.95958e14,0.6629,2.02686e6,-1.01701e6,2.55040e-9
1538223870,29983185.084398832,32451474.943969186,2468.290,3.97168e14,0.3593,2.01912e6,-1.01159e6,2.53679e-9
1538223900,29998913.86880547,32455566.439454548,2456.653,3.93916e14,1.1753,2.00009e6,-1.00616e6,2.52318e-9
1538223930,30014605.62460499,32459602.91954207,2444.997,4.00404e14,0.4526,2.00559e6,-1.00074e6,2.50959e-9
1538223960,30030260.201734375,32463584.362428393,2433.324,3.90688e14,1.9850,1.97048e6,-9.95326e5,2.49600e-9
1538223990,30045877.45099719,32467510.74660025,2421.633,3.86906e14,2.9339,1.95037e6,-9.89911e5,2.48242e-9
1538224020,30061457.22407771,32471382.050862405,2409.925,3.86298e14,3.0864,1.93821e6,-9.84498e5,2.46884e-9
1538224050,30076999.373536803,32475198.254336715,2398.199,3.85909e14,3.1840,1.92660e6,-9.79089e5,2.45527e-9
1538224080,30092503.75280777,32478959.336461276,2386.456,3.90749e14,1.9699,1.92777e6,-9.73681e5,2.44170e-9
1538224110,30107970.216192253,32482665.276989568,2374.695,3.91792e14,1.7080,1.91961e6,-9.68276e5,2.42815e-9
1538224140,30123398.618856106,32486316.055989522,2362.917,3.96459e14,0.5373,1.92016e6,-9.62874e5,2.41459e-9
1538224170,30138788.81682531,32489911.653842747,2351.123,3.88769e14,2.4664,1.89093e6,-9.57474e5,2.40105e-9
1538224200,30154140.666981876,32493452.051243592,2339.311,3.99827e14,0.3078,1.90667e6,-9.52077e5,2.38751e-9
1538224230,30169454.027078602,32496937.229224313,2327.483,4.09730e14,2.7922,1.91937e6,-9.46683e5,2.37398e-9
1538224260,30184728.755677003,32500367.169074416,2315.638,3.96229e14,0.5950,1.87657e6,-9.41291e5,2.36045e-9
1538224290,30199964.712201603,32503741.852419876,2303.777,3.96301e14,0.5770,1.86599e6,-9.35901e5,2.34693e-9
1538224320,30215161.75691713,32507061.261196602,2291.900,3.94935e14,0.9195,1.85206e6,-9.30514e5,2.33342e-9
1538224350,30230319.750924747,32510325.37765003,2280.006,3.96085e14,0.6311,1.84401e6,-9.25130e5,2.31991e-9
1538224380,30245438.556158148,32513534.18433447,2268.096,3.96729e14,0.4696,1.83477e6,-9.19748e5,2.30641e-9
1538224410,30260518.03537978,32516687.664112695,2256.170,3.97589e14,0.2537,1.82601e6,-9.14369e5,2.29292e-9
1538224440,30275558.05217706,32519785.800155383,2244.228,3.99708e14,0.2779,1.82010e6,-9.08993e5,2.27943e-9
1538224470,30290558.47095855,32522828.575940646,2232.270,3.97047e14,0.3898,1.80331e6,-9.03619e5,2.26595e-9
1538224500,30305519.15695016,32525815.9752536,2220.297,4.02945e14,1.0900,1.80587e6,-8.98248e5,2.25248e-9
1538224530,30320439.976170994,32528747.982164472,2208.308,4.07704e14,2.2838,1.80573e6,-8.92879e5,2.23901e-9
1538224560,30335320.79549255,32531624.581094064,2196.304,4.01111e14,0.6300,1.78021e6,-8.87513e5,2.22555e-9
1538224590,30350161.482571702,32534445.756747253,2184.284,4.00526e14,0.4832,1.76815e6,-8.82150e5,2.21210e-9
1538224620,30364961.905867282,32537211.49413373,2172.250,4.01106e14,0.6286,1.75868e6,-8.76789e5,2.19865e-9
1538224650,30379721.93463622,32539921.778567478,2160.200,3.96189e14,0.6050,1.73719e6,-8.71431e5,2.18521e-9
1538224680,30394441.43892956,32542576.595666036,2148.135,4.07516e14,2.2367,1.75111e6,-8.66075e5,2.17178e-9
1538224710,30409120.28958871,32545175.931350064,2136.056,4.01300e14,0.6772,1.72687e6,-8.60722e5,2.15835e-9
1538224740,30423758.3582415,32547719.771842625,2123.961,3.95006e14,0.9017,1.70263e6,-8.55372e5,2.14493e-9
1538224770,30438355.517298374,32550208.10366878,2111.853,4.03679e14,1.2741,1.71047e6,-8.50024e5,2.13152e-9
1538224800,30452911.639948588,32552640.913654838,2099.729,4.01812e14,0.8056,1.69576e6,-8.44679e5,2.11811e-9
1538224830,30467426.600183427,32555018.188947555,2087.592,3.92903e14,1.4294,1.66628e6,-8.39337e5,2.10471e-9
1538224860,30481900.27270915,32557339.916953206,2075.440,3.96930e14,0.4191,1.66410e6,-8.33997e5,2.09131e-9
1538224890,30496332.53302678,32559606.08539755,2063.274,3.91732e14,1.7232,1.64265e6,-8.28660e5,2.07793e-9
1538224920,30510723.25740156,32561816.68230599,2051.093,3.81793e14,4.2166,1.61155e6,-8.23325e5,2.06454e-9
1538224950,30525072.322859403,32563971.696003146,2038.899,3.93765e14,1.2130,1.62567e6,-8.17993e5,2.05117e-9
1538224980,30539379.607183468,32566071.115112584,2026.692,3.99021e14,0.1055,1.62579e6,-8.12664e5,2.03780e-9
1538225010,30553644.988910668,32568114.928556513,2014.470,3.97428e14,0.2941,1.61191e6,-8.07337e5,2.02444e-9
1538225040,30567868.34732822,32570103.12555547,2002.235,3.97439e14,0.2914,1.60130e6,-8.02013e5,2.01109e-9
1538234370,32568777.699153215,30558200.605198216,2010.577,3.93966e14,1.1627,-1.60128e6,8.05390e5,-2.02019e-9
1538234400,32566752.230131663,30543947.65859206,2022.805,4.07085e14,2.1286,-1.63855e6,8.10719e5,-2.03355e-9
1538234430,32564671.14999379,30529652.762446586,2035.018,4.04319e14,1.4347,-1.64366e6,8.16049e5,-2.04691e-9
1538234460,32562534.469692174,30515316.037977926,2047.218,4.09638e14,2.7692,-1.66536e6,8.21383e5,-2.06029e-9
1538234490,32560342.200456426,30500937.60717169,2059.405,4.05637e14,1.7654,-1.66788e6,8.26719e5,-2.07367e-9
1538234520,32558094.35381538,30486517.5927696,2071.577,4.01478e14,0.7220,-1.66997e6,8.32057e5,-2.08706e-9
1538234550,32555790.94159729,30472056.11827318,2083.735,3.98698e14,0.0244,-1.67484e6,8.37399e5,-2.10045e-9
1538234580,32553431.975930117,30457553.30794758,2095.879,3.93445e14,1.2934,-1.67443e6,8.42742e5,-2.11385e-9
1538234610,32551017.469241906,30443009.286825303,2108.008,3.99321e14,0.1808,-1.69755e6,8.48089e5,-2.12726e-9
1538234640,32548547.434260968,30428424.180710033,2120.123,3.99183e14,0.1461,-1.70796e6,8.53438e5,-2.14067e-9
1538234670,32546021.884016275,30413798.116180442,2132.224,4.11061e14,3.1261,-1.74425e6,8.58790e5,-2.15409e-9
1538234700,32543440.831837807,30399131.22059399,2144.310,4.11404e14,3.2122,-1.75587e6,8.64144e5,-2.16752e-9
1538234730,32540804.29138575,30384423.622072566,2156.381,3.91070e14,1.8891,-1.72241e6,8.69502e5,-2.18095e-9
1538234760,32538112.276561894,30369675.449562296,2168.437,3.99464e14,0.2166,-1.75144e6,8.74861e5,-2.19439e-9
1538234790,32535364.801599294,30354886.832781445,2180.478,3.97918e14,0.1712,-1.75876e6,8.80224e5,-2.20784e-9
1538234820,32532561.881034054,30340057.902242158,2192.504,3.86713e14,2.9822,-1.74459e6,8.85589e5,-2.22129e-9
1538234850,32529703.529705964,30325188.78925416,2204.515,3.88259e14,2.5945,-1.75862e6,8.90956e5,-2.23475e-9
1538234880,32526789.76275919,30310279.6259285,2216.510,3.94656e14,0.9895,-1.78360e6,8.96327e5,-2.24822e-9
1538234910,32523820.59564298,30295330.54518127,2228.490,3.97619e14,0.2463,-1.80099e6,9.01700e5,-2.26169e-9
1538234940,32520796.044112403,30280341.6807373,2240.454,3.93140e14,1.3698,-1.80154e6,9.07075e5,-2.27517e-9
1538234970,32517716.124229003,30265313.16713391,2252.403,3.89089e14,2.3863,-1.80294e6,9.12453e5,-2.28866e-9
1538235000,32514580.852361534,30250245.13972465,2264.336,3.87276e14,2.8410,-1.80940e6,9.17834e5,-2.30215e-9
1538235030,32511390.245157294,30235137.734696876,2276.253,3.93363e14,1.3140,-1.83411e6,9.23218e5,-2.31565e-9
1538235060,32508144.319633584,30219991.089033138,2288.153,3.93501e14,1.2794,-1.84513e6,9.28604e5,-2.32916e-9
1538235090,32504843.09308736,30204805.340557255,2300.038,4.00825e14,0.5580,-1.87299e6,9.33992e5,-2.34267e-9
1538235120,32501486.58312524,30189580.627924588,2311.906,4.02000e14,0.8528,-1.88657e6,9.39383e5,-2.35619e-9
1538235150,32498074.807663944,30174317.09062602,2323.758,3.97397e14,0.3020,-1.88649e6,9.44777e5,-2.36971e-9
1538235180,32494607.784930818,30159014.86899186,2335.593,3.98766e14,0.0416,-1.90053e6,9.50174e5,-2.38325e-9
1538235210,32491085.533464376,30143674.10419593,2347.411,3.96952e14,0.4136,-1.90698e6,9.55573e5,-2.39678e-9
1538235240,32487508.072114713,30128294.93825943,2359.213,4.02223e14,0.9089,-1.93046e6,9.60974e5,-2.41033e-9
1538235270,32483875.420044154,30112877.51405507,2370.998,4.05545e14,1.7422,-1.94937e6,9.66378e5,-2.42388e-9
1538235300,32480187.596727658,30097421.97531106,2382.766,4.03256e14,1.1680,-1.95470e6,9.71785e5,-2.43744e-9
1538235330,32476444.62197726,30081928.46660714,2394.516,4.07263e14,2.1733,-1.97540e6,9.77194e5,-2.45100e-9
1538235360,32472646.515869252,30066397.133403197,2406.249,4.02906e14,1.0800,-1.97560e6,9.82606e5,-2.46457e-9
1538235390,32468793.29881839,30050828.122019,2417.965,3.97302e14,0.3258,-1.97259e6,9.88020e5,-2.47815e-9
1538235420,32464884.991554864,30035221.57964606,2429.663,3.89355e14,2.3196,-1.96360e6,9.93437e5,-2.49173e-9
1538235450,32460921.61512506,30019577.654351544,2441.344,3.89751e14,2.2202,-1.97531e6,9.98857e5,-2.50532e-9
1538235480,32456903.19089246,30003896.49508246,2453.007,3.95435e14,0.7942,-2.00035e6,1.00428e6,-2.51892e-9
1538235510,32452829.74053854,29988178.25166963,2464.651,3.94511e14,1.0260,-2.00881e6,1.00970e6,-2.53252e-9
1538235540,32448701.286063526,29972423.07483173,2476.278,4.04422e14,1.4604,-2.04484e6,1.01513e6,-2.54613e-9
1538235570,32444517.84978741,29956631.11617933,2487.887,4.02125e14,0.8842,-2.04989e6,1.02056e6,-2.55974e-9
1538235600,32440279.454350755,29940802.528218944,2499.477,3.95907e14,0.6758,-2.04480e6,1.02599e6,-2.57336e-9
1538235630,32435986.122702233,29924937.46436213,2511.049,4.02347e14,0.9398,-2.07229e6,1.03143e6,-2.58699e-9
1538235660,32431637.878140956,29909036.078914426,2522.602,4.02832e14,1.0616,-2.08448e6,1.03686e6,-2.60062e-9
1538235690,32427234.74427581,29893098.527094245,2534.136,4.02163e14,0.8936,-2.09366e6,1.04230e6,-2.61426e-9
1538235720,32422776.745039746,29877124.96503234,2545.652,4.02708e14,1.0305,-2.10602e6,1.04774e6,-2.62791e-9
1538235750,32418263.904690675,29861115.549775895,2557.148,3.95993e14,0.6541,-2.09923e6,1.05319e6,-2.64156e-9
1538235780,32413696.247812197,29845070.439292695,2568.626,3.91487e14,1.7845,-2.09812e6,1.05863e6,-2.65521e-9
1538235810,32409073.799314547,29828989.79247532,2580.084,3.92292e14,1.5827,-2.11106e6,1.06408e6,-2.66888e-9
1538235840,32404396.58443537,29812873.769145295,2591.523,3.98638e14,0.0095,-2.13890e6,1.06953e6,-2.68255e-9
1538235870,32399664.628740616,29796722.530057337,2602.942,4.02304e14,0.9291,-2.15969e6,1.07499e6,-2.69622e-9
1538235900,32394877.958125394,29780536.2369035,2614.342,3.94667e14,0.9867,-2.14995e6,1.08044e6,-2.70990e-9
1538235930,32390036.598817512,29764315.052312344,2625.722,3.94961e14,0.9130,-2.16161e6,1.08590e6,-2.72359e-9
1538235960,32385140.577370077,29748059.139868658,2637.081,3.92270e14,1.5882,-2.16511e6,1.09136e6,-2.73728e-9
1538235990,32380189.92067076,29731768.664102405,2648.421,3.97403e14,0.3005,-2.19007e6,1.09682e6,-2.75098e-9
1538236020,32375184.65593995,29715443.790497832,2659.741,4.00230e14,0.4088,-2.20879e6,1.10229e6,-2.76468e-9
1538236050,32370124.81073175,29699084.685497653,2671.040,3.97568e14,0.2589,-2.21235e6,1.10775e6,-2.77839e-9
1538236080,32365010.412934884,29682691.51650723,2682.319,4.00620e14,0.5068,-2.23180e6,1.11322e6,-2.79210e-9
1538236110,32359841.49077372,29666264.45189888,2693.577,3.96590e14,0.5045,-2.23145e6,1.11869e6,-2.80582e-9
1538236140,32354618.072809193,29649803.661016047,2704.814,4.00381e14,0.4466,-2.25306e6,1.12417e6,-2.81955e-9
1538236170,32349340.18793986,29633309.314177517,2716.031,4.04765e14,1.5465,-2.27645e6,1.12964e6,-2.83328e-9
1538236200,32344007.86540286,29616781.582681686,2727.226,3.97763e14,0.2100,-2.26756e6,1.13512e6,-2.84701e-9
1538236230,32338621.134779543,29600220.638817616,2738.400,3.90033e14,2.1495,-2.25639e6,1.14060e6,-2.86075e-9
1538236260,32333180.025982432,29583626.655848365,2749.553,3.93131e14,1.3721,-2.27614e6,1.14608e6,-2.87450e-9
1538236290,32327684.569270376,29566999.80803601,2760.685,3.99209e14,0.1527,-2.30458e6,1.15156e6,-2.88825e-9
1538236320,32322134.79524512,29550340.270639326,2771.795,4.00738e14,0.5363,-2.32000e6,1.15705e6,-2.90201e-9
1538236350,32316530.73485242,29533648.219918054,2782.883,3.95292e14,0.8300,-2.31512e6,1.16254e6,-2.91577e-9
1538236380,32310872.419383105,29516923.833137233,2793.949,4.00440e14,0.4616,-2.34113e6,1.16803e6,-2.92953e-9
1538236410,32305159.880474314,29500167.28857158,2804.993,4.02034e14,0.8614,-2.35683e6,1.17352e6,-2.94331e-9
1538236440,32299393.150110573,29483378.765509788,2816.014,3.92215e14,1.6018,-2.33883e6,1.17901e6,-2.95708e-9
1538236470,32293572.260624964,29466558.444258865,2827.014,3.93959e14,1.1646,-2.35490e6,1.18451e6,-2.97086e-9
1538236500,32287697.244700305,29449706.506148532,2837.991,4.06466e14,1.9733,-2.40316e6,1.19001e6,-2.98465e-9
1538236530,32281768.135362227,29432823.133527048,2848.945,4.03691e14,1.2772,-2.40595e6,1.19551e6,-2.99844e-9
1538236560,32275784.96600535,29415908.50979163,2859.876,3.99475e14,0.2194,-2.40432e6,1.20101e6,-3.01223e-9
1538236590,32269747.77036936,29398962.81936682,2870.785,4.01356e14,0.6913,-2.42102e6,1.20651e6,-3.02603e-9
1538236620,32263656.582548305,29381986.247717105,2881.670,3.96868e14,0.4345,-2.41843e6,1.21201e6,-3.03983e-9
1538236650,32257511.436991725,29364978.98135127,2892.532,4.01751e14,0.7905,-2.44432e6,1.21752e6,-3.05364e-9
1538236680,32251312.368505795,29347941.207826667,2903.371,3.99134e14,0.1339,-2.44735e6,1.22303e6,-3.06745e-9
1538236710,32245059.412254605,29330873.115753528,2914.186,3.95169e14,0.8610,-2.44616e6,1.22854e6,-3.08127e-9
1538236740,32238752.603761222,29313774.894799225,2924.978,3.94055e14,1.1402,-2.45368e6,1.23405e6,-3.09509e-9
1538236770,32232391.978908956,29296646.73569258,2935.745,4.01890e14,0.8253,-2.48900e6,1.23956e6,-3.10891e-9
1538236800,32225977.57394261,29279488.8302282,2946.489,4.03808e14,1.3064,-2.50606e6,1.24507e6,-3.12274e-9
1538236830,32219509.4254792,29262301.37128003,2957.208,3.94925e14,0.9220,-2.48930e6,1.25059e6,-3.13657e-9
1538236860,32212987.570479847,29245084.55277698,2967.903,3.93053e14,1.3918,-2.49438e6,1.25611e6,-3.15040e-9
1538236890,32206412.046280548,29227838.569735993,2978.573,3.98194e14,0.1020,-2.52161e6,1.26162e6,-3.16424e-9
1538236920,32199782.89058398,29210563.618257154,2989.219,4.04940e14,1.5904,-2.55408e6,1.26714e6,-3.17808e-9
1538236950,32193100.141460866,29193259.895528007,2999.840,3.96033e14,0.6442,-2.53677e6,1.27267e6,-3.19193e-9
1538236980,32186363.83735139,29175927.59982794,3010.436,3.97590e14,0.2536,-2.55277e6,1.27819e6,-3.20577e-9
1538237010,32179574.0170666,29158566.93053259,3021.007,3.97240e14,0.3414,-2.56267e6,1.28371e6,-3.21962e-9
1538237040,32172730.71978982,29141178.08811815,3031.553,3.91834e14,1.6976,-2.55622e6,1.28924e6,-3.23348e-9
1538237070,32165833.985078093,29123761.27416575,3042.073,4.01724e14,0.7836,-2.59929e6,1.29476e6,-3.24734e-9
1538237100,32158883.852863573,29106316.691365816,3052.567,4.03070e14,1.1213,-2.61478e6,1.30029e6,-3.26120e-9
1538237130,32151880.363446716,29088844.543512825,3063.036,3.92462e14,1.5400,-2.59115e6,1.30582e6,-3.27506e-9
1538237160,32144823.55752335,29071345.035539262,3073.479,3.89622e14,2.2524,-2.59279e6,1.31135e6,-3.28893e-9
1538237190,32137713.47616044,29053818.373490155,3083.895,3.97492e14,0.2782,-2.62971e6,1.31688e6,-3.30279e-9
1538237220,32130550.1608058,29036264.764536995,3094.285,3.97297e14,0.3270,-2.64011e6,1.32241e6,-3.31666e-9
1538237250,32123333.65328951,29018684.416981947,3104.649,3.91320e14,1.8265,-2.63125e6,1.32794e6,-3.33054e-9
1538237280,32116063.99582533,29001077.540262096,3114.986,4.00312e14,0.4294,-2.67228e6,1.33347e6,-3.34441e-9
1538237310,32108741.23101216,28983444.344953734,3125.297,4.02789e14,1.0507,-2.69169e6,1.33901e6,-3.35829e-9
1538237340,32101365.40183546,28965785.04277648,3135.580,3.94402e14,1.0534,-2.67453e6,1.34454e6,-3.37217e-9
1538237370,32093936.551668692,28948099.846597604,3145.837,3.97064e14,0.3855,-2.69456e6,1.35008e6,-3.38605e-9
1538237400,32086454.724274788,28930388.97043615,3156.066,3.97915e14,0.1719,-2.70850e6,1.35561e6,-3.39993e-9
1538237430,32078919.96381089,28912652.629476257,3166.267,4.00800e14,0.5518,-2.72941e6,1.36115e6,-3.41381e-9
1538237460,32071332.314819805,28894891.040043406,3176.441,4.01232e14,0.6602,-2.74199e6,1.36669e6,-3.42770e-9
1538237490,32063691.822241556,28877104.419636697,3186.587,4.05051e14,1.6182,-2.76624e6,1.37223e6,-3.44159e-9
1538237520,32055998.531411644,28859292.986924093,3196.706,4.03073e14,1.1221,-2.77057e6,1.37776e6,-3.45547e-9
1538237550,32048252.48806267,28841456.96174655,3206.796,3.98690e14,0.0224,-2.76650e6,1.38330e6,-3.46936e-9
1538237580,32040453.738325845,28823596.56512234,3216.857,4.05746e14,1.7926,-2.80216e6,1.38884e6,-3.48325e-9
1538237610,32032602.328732688,28805712.019251306,3226.890,3.93500e14,1.2795,-2.77051e6,1.39438e6,-3.49714e-9
1538237640,32024698.306216486,28787803.547519002,3236.895,3.94770e14,0.9610,-2.78597e6,1.39992e6,-3.51103e-9
1538237670,32016741.718114104,28769871.37450102,3246.870,4.04134e14,1.3881,-2.83000e6,1.40546e6,-3.52493e-9
1538237700,32008732.612167504,28751915.725967027,3256.817,3.96369e14,0.5598,-2.81368e6,1.41100e6,-3.53882e-9
1538237730,32000671.03652976,28733936.828877587,3266.734,3.96921e14,0.4212,-2.82668e6,1.41654e6,-3.55271e-9
1538237760,31992557.039753504,28715934.91141146,3276.622,3.97087e14,0.3796,-2.83833e6,1.42208e6,-3.56660e-9
1538237790,31984390.670805886,28697910.202946395,3286.480,3.95306e14,0.8265,-2.84301e6,1.42762e6,-3.58049e-9
1538237820,31976171.97906605,28679862.934070736,3296.309,3.93722e14,1.2240,-2.84834e6,1.43316e6,-3.59438e-9
1538237850,31967901.01432686,28661793.33658757,3306.108,3.93956e14,1.1652,-2.86020e6,1.43870e6,-3.60827e-9
1538237880,31959577.826796677,28643701.6435186,3315.876,4.01368e14,0.6942,-2.89805e6,1.44424e6,-3.62216e-9
1538237910,31951202.467101227,28625588.08910832,3325.614,4.01731e14,0.7854,-2.91049e6,1.44977e6,-3.63605e-9
1538237940,31942774.98628527,28607452.908827897,3335.322,4.01895e14,0.8265,-2.92221e6,1.45531e6,-3.64994e-9
1538237970,31934295.435814515,28589296.33937919,3344.999,4.01150e14,0.6397,-2.93060e6,1.46085e6,-3.66383e-9
1538238000,31925763.867577355,28571118.6186987,3354.645,3.96639e14,0.4920,-2.92511e6,1.46639e6,-3.67771e-9
1538238030,31917180.333876114,28552919.985967692,3364.260,3.91907e14,1.6793,-2.91869e6,1.47192e6,-3.69160e-9
1538238060,31908544.887461603,28534700.681596965,3373.844,4.00481e14,0.4719,-2.96144e6,1.47746e6,-3.70548e-9
1538238090,31899857.581502132,28516460.947250042,3383.397,4.02781e14,1.0488,-2.98108e6,1.48299e6,-3.71936e-9
1538238120,31891118.469595954,28498201.025840826,3392.917,3.98512e14,0.0223,-2.97627e6,1.48853e6,-3.73324e-9
1538238150,31882327.605772972,28479921.161537483,3402.406,4.02409e14,0.9556,-3.00194e6,1.49406e6,-3.74712e-9
1538238180,31873485.044496536,28461621.599766348,3411.863,4.01037e14,0.6112,-3.00789e6,1.49960e6,-3.76099e-9
1538238210,31864590.840665318,28443302.587215766,3421.288,4.00928e14,0.5839,-3.01857e6,1.50513e6,-3.77486e-9
1538238240,31855645.049615007,28424964.371839948,3430.681,3.95913e14,0.6742,-3.01067e6,1.51066e6,-3.78873e-9
1538238270,31846647.727120228,28406607.20286277,3440.041,3.93334e14,1.3212,-3.01188e6,1.51619e6,-3.80260e-9
1538238300,31837598.92939632,28388231.33078146,3449.368,3.90288e14,2.0854,-3.01123e6,1.52171e6,-3.81646e-9
1538238330,31828498.713114727,28369837.007363226,3458.662,3.90802e14,1.9565,-3.02414e6,1.52724e6,-3.83032e-9
1538238360,31819347.13536338,28351424.48567129,3467.923,3.99235e14,0.1591,-3.06749e6,1.53277e6,-3.84418e-9
1538238390,31810144.25369012,28332994.02004605,3477.150,3.99415e14,0.2043,-3.07924e6,1.53829e6,-3.85803e-9
1538238420,31800890.12609128,28314545.866116043,3486.344,3.99442e14,0.2112,-3.09040e6,1.54381e6,-3.87188e-9
1538238450,31791584.811013784,28296080.280801445,3495.505,3.98471e14,0.0324,-3.09768e6,1.54933e6,-3.88572e-9
1538238480,31782228.36735711,28277597.522317633,3504.631,3.91115e14,1.8779,-3.08003e6,1.55485e6,-3.89956e-9
1538238510,31772820.854475472,28259097.850178733,3513.723,3.98016e14,0.1467,-3.11796e6,1.56037e6,-3.91339e-9
1538238540,31763362.33217987,28240581.52520103,3522.781,4.02491e14,0.9761,-3.14655e6,1.56588e6,-3.92722e-9
1538238570,31753852.860740155,28222048.809506457,3531.804,3.95910e14,0.6750,-3.13169e6,1.57139e6,-3.94105e-9
1538238600,31744292.50088721,28203499.96652601,3540.793,3.96021e14,0.6471,-3.14311e6,1.57690e6,-3.95487e-9
1538238630,31734681.31380084,28184935.261015233,3549.746,3.92262e14,1.5901,-3.13918e6,1.58241e6,-3.96868e-9
1538238660,31725019.361155685,28166354.959020197,3558.664,3.94582e14,1.0082,-3.15934e6,1.58792e6,-3.98249e-9
1538238690,31715306.70507957,28147759.327918354,3567.547,4.02362e14,0.9436,-3.20138e6,1.59342e6,-3.99629e-9
1538238720,31705543.408169698,28129148.63640976,3576.395,3.96727e14,0.4700,-3.18983e6,1.59892e6,-4.01009e-9
1538238750,31695729.533494737,28110523.15452042,3585.206,3.95973e14,0.6591,-3.19777e6,1.60442e6,-4.02387e-9
1538238780,31685865.144596856,28091883.153605483,3593.982,3.98174e14,0.1070,-3.21761e6,1.60992e6,-4.03766e-9
1538238810,31675950.30549388,28073228.90635263,3602.721,3.93428e14,1.2977,-3.20936e6,1.61541e6,-4.05143e-9
1538238840,31665985.080681354,28054560.686785147,3611.424,3.92288e14,1.5836,-3.21563e6,1.62090e6,-4.06520e-9
1538238870,31655969.535134636,28035878.770265155,3620.091,3.95225e14,0.8469,-3.23849e6,1.62639e6,-4.07896e-9
1538238900,31645903.734311096,28017183.43349663,3628.720,4.02036e14,0.8619,-3.27729e6,1.63187e6,-4.09272e-9
1538238930,31635787.744168095,27998474.9545091,3637.313,4.02827e14,1.0603,-3.29154e6,1.63735e6,-4.10646e-9
1538238960,31625621.631116286,27979753.612720557,3645.868,3.99416e14,0.2047,-3.28850e6,1.64283e6,-4.12020e-9
1538238990,31615405.46207074,27961019.688880164,3654.386,4.05389e14,1.7030,-3.32415e6,1.64830e6,-4.13393e-9
1538239020,31605139.304437496,27942273.465090487,3662.866,4.00234e14,0.4099,-3.31380e6,1.65377e6,-4.14764e-9
1538239050,31594823.226115834,27923515.224810183,3671.308,3.96499e14,0.5271,-3.30921e6,1.65924e6,-4.16136e-9
1538239080,31584457.29550069,27904745.25285667,3679.712,4.04073e14,1.3728,-3.35173e6,1.66470e6,-4.17506e-9
1538239110,31574041.58148506,27885963.83540872,3688.078,4.00836e14,0.5608,-3.34916e6,1.67016e6,-4.18875e-9
1538239140,31563576.15346236,27867171.26000899,3696.405,3.93086e14,1.3834,-3.32753e6,1.67562e6,-4.20243e-9
1538239170,31553061.08132883,27848367.81556653,3704.693,3.92607e14,1.5036,-3.33634e6,1.68107e6,-4.21610e-9
1538239200,31542496.435485948,27829553.792359274,3712.943,3.93168e14,1.3629,-3.34952e6,1.68652e6,-4.22976e-9
1538239230,31531882.286824185,27810729.48205965,3721.153,3.96930e14,0.4191,-3.37629e6,1.69196e6,-4.24341e-9
1538239260,31521218.706783038,27791895.1776652,3729.324,3.96136e14,0.6183,-3.38377e6,1.69740e6,-4.25705e-9
1538239290,31510505.767295774,27773051.17357316,3737.455,3.94656e14,0.9895,-3.38828e6,1.70283e6,-4.27068e-9
1538239320,31499743.540810406,27754197.765559413,3745.546,3.98987e14,0.0969,-3.41764e6,1.70826e6,-4.28430e-9
1538239350,31488932.100291993,27735335.250780966,3753.597,3.95810e14,0.7001,-3.41484e6,1.71368e6,-4.29790e-9
1538239380,31478071.519224983,27716463.92777829,3761.608,3.99640e14,0.2608,-3.44215e6,1.71910e6,-4.31149e-9
1538239410,31467161.871615544,27697584.09647758,3769.578,4.06470e14,1.9742,-3.48253e6,1.72452e6,-4.32507e-9
1538239440,31456203.23199394,27678696.05819303,3777.507,3.99329e14,0.1828,-3.46247e6,1.72993e6,-4.33864e-9
1538239470,31445195.675416883,27659800.115628965,3785.396,3.95823e14,0.6969,-3.45803e6,1.73533e6,-4.35219e-9
1538239500,31434139.277469918,27640896.572881944,3793.243,4.00418e14,0.4561,-3.48885e6,1.74073e6,-4.36573e-9
1538239530,31423034.114289124,27621985.73542599,3801.048,3.97649e14,0.2388,-3.48753e6,1.74612e6,-4.37926e-9
1538239560,31411880.26250426,27603067.910166543,3808.812,3.97505e14,0.2748,-3.49766e6,1.75151e6,-4.39277e-9
1538239590,31400677.799300548,27584143.405389827,3816.534,3.99745e14,0.2871,-3.51827e6,1.75689e6,-4.40627e-9
1538239620,31389426.80240216,27565212.53078156,3824.214,3.99471e14,0.2183,-3.52783e6,1.76227e6,-4.41975e-9
1538239650,31378127.350074824,27546275.597428575,3831.852,3.99410e14,0.2032,-3.53831e6,1.76764e6,-4.43321e-9
1538239680,31366779.521128524,27527332.917820223,3839.447,4.01082e14,0.6225,-3.55647e6,1.77300e6,-4.44667e-9
1538239710,31355383.394920282,27508384.80584992,3846.999,3.98438e14,0.0408,-3.55543e6,1.77836e6,-4.46010e-9
1538239740,31343939.051356696,27489431.57681637,3854.507,3.97213e14,0.3481,-3.56065e6,1.78371e6,-4.47352e-9
1538239770,31332446.57089688,27470473.547424894,3861.973,4.02445e14,0.9645,-3.59479e6,1.78905e6,-4.48692e-9
1538239800,31320906.03455505,27451511.035788547,3869.395,4.03495e14,1.2280,-3.61024e6,1.79439e6,-4.50031e-9
1538239830,31309317.523889724,27432544.361430667,3876.773,4.01771e14,0.7955,-3.61318e6,1.79972e6,-4.51368e-9
1538239860,31297681.121048532,27413573.84528124,3884.107,4.04015e14,1.3585,-3.63403e6,1.80504e6,-4.52703e-9
1538239890,31285996.908728927,27394599.80968294,3891.397,3.98335e14,0.0666,-3.61894e6,1.81036e6,-4.54036e-9
1538239920,31274264.97019442,27375622.57839016,3898.642,3.93365e14,1.3135,-3.60692e6,1.81566e6,-4.55368e-9
1538239950,31262485.38927735,27356642.476569895,3905.843,4.04033e14,1.3630,-3.66617e6,1.82096e6,-4.56697e-9
1538239980,31250658.250381462,27337659.830802362,3912.998,4.03442e14,1.2146,-3.67412e6,1.82626e6,-4.58025e-9
1538240010,31238783.638484783,27318674.96908165,3920.109,4.03245e14,1.1653,-3.68385e6,1.83154e6,-4.59351e-9
1538240040,31226861.639142152,27299688.22081624,3927.173,3.98085e14,0.1294,-3.67069e6,1.83682e6,-4.60674e-9
1538240070,31214892.33848811,27280699.91682943,3934.192,3.96163e14,0.6114,-3.67235e6,1.84209e6,-4.61996e-9
1538240100,31202875.82323949,27261710.389359728,3941.165,4.03926e14,1.3361,-3.71880e6,1.84735e6,-4.63316e-9
1538240130,31190812.180701464,27242719.97207452,3948.092,3.98692e14,0.0229,-3.70506e6,1.85260e6,-4.64633e-9
1538240160,31178701.498760432,27223729.000029217,3954.972,4.01202e14,0.6527,-3.72724e6,1.85785e6,-4.65948e-9
1538240190,31166543.865896586,27204737.809708003,3961.806,4.02265e14,0.9195,-3.74271e6,1.86308e6,-4.67262e-9
1538240220,31154339.371183585,27185746.739010967,3968.593,3.97978e14,0.1561,-3.73312e6,1.86831e6,-4.68572e-9
1538240250,31142088.104291353,27166756.12725406,3975.332,3.96768e14,0.4596,-3.73786e6,1.87352e6,-4.69881e-9
1538240280,31129790.155488957,27147766.315169066,3982.024,3.99307e14,0.1773,-3.76022e6,1.87873e6,-4.71187e-9
1538240310,31117445.61564755,27128777.64490343,3988.668,3.95384e14,0.8070,-3.75208e6,1.88393e6,-4.72491e-9
1538240340,31105054.576243136,27109790.46002004,3995.264,3.94140e14,1.1190,-3.75653e6,1.88912e6,-4.73793e-9
1538240370,31092617.129359636,27090805.105496828,4001.812,4.01057e14,0.6164,-3.79969e6,1.89430e6,-4.75092e-9
1538240400,31080133.367691714,27071821.927726317,4008.311,3.97158e14,0.3618,-3.79148e6,1.89947e6,-4.76388e-9
1538240430,31067603.384553842,27052841.27449399,4014.762,4.01013e14,0.6053,-3.82019e6,1.90462e6,-4.77682e-9
1538240460,31055027.273864698,27033863.49504217,4021.164,4.04056e14,1.3686,-3.84509e6,1.90977e6,-4.78974e-9
1538240490,31042405.13016881,27014888.94000504,4027.516,3.97111e14,0.3736,-3.82209e6,1.91491e6,-4.80263e-9
1538240520,31029737.04863367,26995917.96142817,4033.819,3.99654e14,0.2642,-3.84456e6,1.92004e6,-4.81549e-9
1538240550,31017023.125052746,26976950.912767302,4040.072,4.00969e14,0.5943,-3.86116e6,1.92515e6,-4.82832e-9
1538240580,31004263.4558486,26957988.14888705,4046.275,3.98547e14,0.0135,-3.85968e6,1.93026e6,-4.84113e-9
1538240610,30991458.138076093,26939030.026059482,4052.428,4.01717e14,0.7818,-3.88525e6,1.93535e6,-4.85391e-9
1538240640,30978607.26942543,26920076.90196243,4058.530,4.03506e14,1.2307,-3.90416e6,1.94044e6,-4.86666e-9
1538240670,30965710.94822538,26901129.135677926,4064.582,3.98867e14,0.0670,-3.89173e6,1.94551e6,-4.87938e-9
1538240700,30952769.273446392,26882187.087690253,4070.582,3.94740e14,0.9686,-3.88166e6,1.95057e6,-4.89207e-9
1538240730,30939782.344694477,26863251.119908236,4076.531,3.97782e14,0.2053,-3.90663e6,1.95561e6,-4.90473e-9
1538240760,30926750.262243222,26844321.595589068,4082.429,4.01111e14,0.6299,-3.93305e6,1.96065e6,-4.91736e-9
1538240790,30913673.127008036,26825398.879409898,4088.274,3.99899e14,0.3257,-3.93715e6,1.96567e6,-4.92996e-9
1538240820,30900551.040558632,26806483.337441932,4094.068,4.02208e14,0.9050,-3.95860e6,1.97068e6,-4.94253e-9
1538240850,30887384.10512221,26787575.337148234,4099.809,4.03904e14,1.3305,-3.97704e6,1.97568e6,-4.95506e-9
1538240880,30874172.423586592,26768675.24738136,4105.497,4.00999e14,0.6018,-3.97265e6,1.98066e6,-4.96756e-9
1538240910,30860916.09950344,26749783.438380886,4111.133,3.98473e14,0.0320,-3.97004e6,1.98563e6,-4.98004e-9
1538240940,30847615.237091396,26730900.281770747,4116.715,3.95449e14,0.7907,-3.96486e6,1.99059e6,-4.99247e-9
1538240970,30834269.941239342,26712026.15055655,4122.244,3.98219e14,0.0956,-3.98857e6,1.99553e6,-5.00487e-9
1538241000,30820880.31750952,26693161.419122666,4127.719,4.01359e14,0.6920,-4.01418e6,2.00046e6,-5.01724e-9
1538241030,30807446.472150683,26674306.46320206,4133.140,4.00763e14,0.5425,-4.02104e6,2.00538e6,-5.02957e-9
1538241060,30793968.51207111,26655461.65995658,4138.507,3.94471e14,1.0359,-3.99915e6,2.01028e6,-5.04187e-9
1538241090,30780446.544872146,26636627.387890365,4143.819,3.98699e14,0.0248,-4.03024e6,2.01517e6,-5.05413e-9
1538241120,30766880.678841747,26617804.026873097,4149.077,4.03306e14,1.1804,-4.06333e6,2.02004e6,-5.06636e-9
1538241150,30753271.02295791,26598991.958136074,4154.279,3.95833e14,0.6944,-4.03515e6,2.02490e6,-5.07854e-9
1538241180,30739617.686892007,26580191.564268306,4159.426,3.97270e14,0.3338,-4.05212e6,2.02974e6,-5.09069e-9
1538241210,30725920.781012274,26561403.229212385,4164.518,3.98955e14,0.0891,-4.07036e6,2.03456e6,-5.10280e-9
1538241240,30712180.41638715,26542627.3382602,4169.553,3.99798e14,0.3006,-4.08430e6,2.03938e6,-5.11487e-9
1538241270,30698396.704788808,26523864.278048452,4174.532,3.98862e14,0.0655,-4.08910e6,2.04417e6,-5.12691e-9
1538241300,30684569.758696526,26505114.436554138,4179.455,3.98004e14,0.1495,-4.09426e6,2.04895e6,-5.13890e-9
1538241330,30670699.691287614,26486378.203118715,4184.321,3.97326e14,0.3198,-4.10028e6,2.05371e6,-5.15085e-9
1538241360,30656786.616479605,26467655.968354356,4189.131,4.01965e14,0.8442,-4.13371e6,2.05846e6,-5.16276e-9
1538241390,30642830.64889497,26448948.124227706,4193.883,4.04103e14,1.3805,-4.15427e6,2.06319e6,-5.17463e-9
1538241420,30628831.903877072,26430255.06402629,4198.577,3.96308e14,0.5752,-4.12333e6,2.06790e6,-5.18645e-9
1538241450,30614790.497493528,26411577.18235336,4203.213,3.94861e14,0.9381,-4.12518e6,2.07260e6,-5.19823e-9
1538241480,30600706.54653969,26392914.875122722,4207.792,3.99048e14,0.1122,-4.15630e6,2.07728e6,-5.20997e-9
1538241510,30586580.168542087,26374268.53955326,4212.312,3.96580e14,0.5068,-4.15275e6,2.08194e6,-5.22167e-9
1538241540,30572411.481761847,26355638.574163362,4216.773,3.97925e14,0.1696,-4.16905e6,2.08658e6,-5.23332e-9
1538241570,30558200.605198216,26337025.378765237,4221.175,4.02973e14,1.0969,-4.20477e6,2.09121e6,-5.24492e-9
1538241600,30543947.65859206,26318429.354458917,4225.518,3.97322e14,0.3208,-4.18432e6,2.09581e6,-5.25648e-9
1538241630,30529652.762446586,26299850.903601862,4229.802,3.95008e14,0.9012,-4.18130e6,2.10040e6,-5.26799e-9
1538241660,30515316.037977926,26281290.42987778,4234.026,3.98299e14,0.0755,-4.20777e6,2.10497e6,-5.27945e-9
1538241690,30500937.60717169,26262748.338214964,4238.189,3.96302e14,0.5767,-4.20630e6,2.10952e6,-5.29087e-9
1538241720,30486517.5927696,26244225.03480383,4242.293,3.97551e14,0.2634,-4.22195e6,2.11405e6,-5.30224e-9
1538241750,30472056.11827318,26225720.927089896,4246.335,4.00565e14,0.4928,-4.24698e6,2.11856e6,-5.31355e-9
1538241780,30457553.30794758,26207236.423766527,4250.317,4.00370e14,0.4439,-4.25495e6,2.12305e6,-5.32482e-9
1538241810,30443009.286825303,26188771.93476768,4254.237,3.99918e14,0.3305,-4.26149e6,2.12752e6,-5.33604e-9
1538241840,30428424.180710033,26170327.8712602,4258.096,3.99078e14,0.1199,-4.26592e6,2.13197e6,-5.34721e-9
1538241870,30413798.116180442,26151904.645636182,4261.893,3.97359e14,0.3114,-4.26557e6,2.13639e6,-5.35832e-9
1538241900,30399131.22059399,26133502.6715049,4265.629,3.94673e14,0.9853,-4.25995e6,2.14080e6,-5.36938e-9
1538241930,30384423.622072566,26115122.36369717,4269.301,3.95667e14,0.7358,-4.27403e6,2.14519e6,-5.38039e-9
1538241960,30369675.449562296,26096764.138218857,4272.911,4.01503e14,0.7283,-4.31420e6,2.14955e6,-5.39134e-9
1538241990,30354886.832781445,26078428.412280608,4276.458,4.04773e14,1.5485,-4.34058e6,2.15390e6,-5.40224e-9
1538242020,30340057.902242158,26060115.604276825,4279.942,4.01751e14,0.7903,-4.33293e6,2.15822e6,-5.41309e-9
1538242050,30325188.78925416,26041826.13377699,4283.363,3.99517e14,0.2299,-4.32945e6,2.16252e6,-5.42388e-9
1538242080,30310279.6259285,26023560.421516653,4286.719,3.99243e14,0.1611,-4.33652e6,2.16679e6,-5.43461e-9
1538242110,30295330.54518127,26005318.889388308,4290.012,4.04417e14,1.4593,-4.37321e6,2.17105e6,-5.44528e-9
1538242140,30280341.6807373,25987101.960432068,4293.240,4.02207e14,0.9049,-4.36968e6,2.17528e6,-5.45590e-9
1538242170,30265313.16713391,25968910.05882609,4296.403,3.97913e14,0.1725,-4.35466e6,2.17948e6,-5.46646e-9
1538242200,30250245.13972465,25950743.60987695,4299.502,4.02340e14,0.9382,-4.38727e6,2.18367e6,-5.47696e-9
1538242230,30235137.734696876,25932603.040013183,4302.535,4.01108e14,0.6292,-4.38887e6,2.18782e6,-5.48740e-9
1538242260,30219991.089033138,25914488.776764292,4305.502,3.96160e14,0.6123,-4.36996e6,2.19196e6,-5.49777e-9
1538242290,30204805.340557255,25896401.248761397,4308.404,3.98828e14,0.0570,-4.39285e6,2.19607e6,-5.50809e-9
1538242320,30189580.627924588,25878340.8857232,4311.240,3.99065e14,0.1164,-4.40233e6,2.20015e6,-5.51834e-9
1538242350,30174317.09062602,25860308.11844525,4314.009,3.96892e14,0.4287,-4.39844e6,2.20421e6,-5.52853e-9
1538242380,30159014.86899186,25842303.37878903,4316.711,4.00296e14,0.4253,-4.42535e6,2.20825e6,-5.53866e-9
1538242410,30143674.10419593,25824327.099670846,4319.347,4.00896e14,0.5758,-4.43671e6,2.21225e6,-5.54872e-9
1538242440,30128294.93825943,25806379.715050418,4321.915,3.94377e14,1.0596,-4.40847e6,2.21624e6,-5.55872e-9
1538242470,30112877.51405507,25788461.659919377,4324.416,3.92877e14,1.4360,-4.40798e6,2.22019e6,-5.56865e-9
1538242500,30097421.97531106,25770573.370289374,4326.849,3.98833e14,0.0583,-4.44901e6,2.22412e6,-5.57851e-9
1538242530,30081928.46660714,25752715.283165865,4329.213,3.96341e14,0.5669,-4.44290e6,2.22802e6,-5.58831e-9
1538242560,30066397.133403197,25734887.836579822,4331.509,3.95091e14,0.8804,-4.44363e6,2.23190e6,-5.59803e-9
1538242590,30050828.122019,25717091.46953104,4333.737,3.99041e14,0.1106,-4.47345e6,2.23575e6,-5.60769e-9
1538242620,30035221.57964606,25699326.621989664,4335.895,4.03052e14,1.1169,-4.50362e6,2.23956e6,-5.61728e-9
1538242650,30019577.654351544,25681593.73488308,4337.984,4.03211e14,1.1567,-4.51214e6,2.24336e6,-5.62680e-9
1538242680,30003896.49508246,25663893.250082713,4340.003,4.00164e14,0.3923,-4.50254e6,2.24712e6,-5.63624e-9
1538242710,29988178.25166963,25646225.610390477,4341.953,3.99800e14,0.3008,-4.50797e6,2.25085e6,-5.64562e-9
1538242740,29972423.07483173,25628591.259525064,4343.832,4.00610e14,0.5040,-4.51997e6,2.25456e6,-5.65492e-9
1538242770,29956631.11617933,25610990.642107997,4345.640,3.97403e14,0.3005,-4.50918e6,2.25823e6,-5.66415e-9
1538242800,29940802.528218944,25593424.20364946,4347.378,3.98502e14,0.0248,-4.52269e6,2.26187e6,-5.67330e-9
1538242830,29924937.46436213,25575892.39054744,4349.045,4.03246e14,1.1654,-4.55688e6,2.26549e6,-5.68237e-9
1538242860,29909036.078914426,25558395.65003122,4350.640,3.99568e14,0.2428,-4.54317e6,2.26907e6,-5.69137e-9
1538242890,29893098.527094245,25540934.430188734,4352.164,3.96911e14,0.4238,-4.53514e6,2.27263e6,-5.70030e-9
1538242920,29877124.96503234,25523509.179937907,4353.616,3.95714e14,0.7242,-4.53533e6,2.27615e6,-5.70914e-9
1538242950,29861115.549775895,25506120.349011473,4354.995,3.98876e14,0.0692,-4.56038e6,2.27964e6,-5.71791e-9
1538242980,29845070.439292695,25488768.387941554,4356.302,4.02422e14,0.9587,-4.58761e6,2.28310e6,-5.72660e-9
1538243010,29828989.79247532,25471453.748044048,4357.536,4.02180e14,0.8980,-4.59311e6,2.28653e6,-5.73520e-9
1538243040,29812873.769145295,25454176.88140276,4358.697,4.01324e14,0.6832,-4.59501e6,2.28992e6,-5.74373e-9
1538243070,29796722.530057337,25436938.240853224,4359.784,4.00472e14,0.4695,-4.59686e6,2.29328e6,-5.75217e-9
1538243100,29780536.2369035,25419738.279966477,4360.798,3.98900e14,0.0752,-4.59449e6,2.29661e6,-5.76053e-9
1538243130,29764315.052312344,25402577.453027464,4361.738,4.00971e14,0.5947,-4.61303e6,2.29991e6,-5.76880e-9
1538243160,29748059.139868658,25385456.215033673,4362.603,4.06676e14,2.0260,-4.65253e6,2.30317e6,-5.77700e-9
1538243190,29731768.664102405,25368375.021662407,4363.394,4.00698e14,0.5263,-4.62447e6,2.30639e6,-5.78510e-9
1538243220,29715443.790497832,25351334.329258572,4364.109,3.99510e14,0.2283,-4.62400e6,2.30959e6,-5.79312e-9
1538243250,29699084.685497653,25334334.594817117,4364.750,4.02083e14,0.8736,-4.64525e6,2.31274e6,-5.80105e-9
1538243280,29682691.51650723,25317376.27596524,4365.315,4.00053e14,0.3643,-4.63973e6,2.31587e6,-5.80890e-9
1538243310,29666264.45189888,25300459.83094434,4365.805,4.00570e14,0.4941,-4.64893e6,2.31895e6,-5.81665e-9
1538243340,29649803.661016047,25283585.718591712,4366.218,3.97732e14,0.2178,-4.63852e6,2.32200e6,-5.82432e-9
1538243370,29633309.314177517,25266754.39832204,4366.555,3.94001e14,1.1540,-4.62279e6,2.32502e6,-5.83189e-9
1538243400,29616781.582681686,25249966.33010861,4366.815,4.02917e14,1.0830,-4.68078e6,2.32800e6,-5.83937e-9
1538243430,29600220.638817616,25233221.974464614,4366.999,4.04620e14,1.5102,-4.69665e6,2.33094e6,-5.84676e-9
1538243460,29583626.655848365,25216521.792422716,4367.105,3.98353e14,0.0621,-4.66582e6,2.33384e6,-5.85406e-9
1538243490,29566999.80803601,25199866.245516967,4367.134,3.98680e14,0.0199,-4.67347e6,2.33671e6,-5.86126e-9
1538243520,29550340.270639326,25183255.795762483,4367.084,3.95223e14,0.8473,-4.65885e6,2.33953e6,-5.86837e-9
1538243550,29533648.219918054,25166690.905635525,4366.957,3.96404e14,0.5510,-4.67135e6,2.34232e6,-5.87538e-9
1538243580,29516923.833137233,25150172.03805309,4366.752,3.98591e14,0.0024,-4.68970e6,2.34508e6,-5.88229e-9
1538243610,29500167.28857158,25133699.656352606,4366.468,4.02424e14,0.9592,-4.71770e6,2.34779e6,-5.88911e-9
1538243640,29483378.765509788,25117274.224270947,4366.105,4.06532e14,1.9899,-4.74730e6,2.35046e6,-5.89582e-9
1538243670,29466558.444258865,25100896.20592361,4365.662,4.00554e14,0.4901,-4.71734e6,2.35309e6,-5.90244e-9
1538243700,29449706.506148532,25084566.06578327,4365.140,3.93831e14,1.1966,-4.68281e6,2.35568e6,-5.90895e-9
1538243730,29432823.133527048,25068284.26865574,4364.539,4.00174e14,0.3947,-4.72541e6,2.35824e6,-5.91537e-9
1538243760,29415908.50979163,25052051.279666565,4363.857,4.01108e14,0.6290,-4.73598e6,2.36075e6,-5.92168e-9
1538243790,29398962.81936682,25035867.564230267,4363.095,3.96958e14,0.4121,-4.71634e6,2.36322e6,-5.92789e-9
1538243820,29381986.247717105,25019733.588031072,4362.253,3.97504e14,0.2750,-4.72443e6,2.36564e6,-5.93399e-9
1538243850,29364978.98135127,25003649.817000262,4361.329,3.96408e14,0.5500,-4.72269e6,2.36803e6,-5.93999e-9
1538243880,29347941.207826667,24987616.717293467,4360.324,4.00519e14,0.4813,-4.75181e6,2.37037e6,-5.94588e-9
1538243910,29330873.115753528,24971634.755267713,4359.238,4.01156e14,0.6411,-4.76022e6,2.37267e6,-5.95167e-9
1538243940,29313774.894799225,24955704.397458106,4358.070,4.01080e14,0.6221,-4.76430e6,2.37493e6,-5.95734e-9
1538243970,29296646.73569258,24939826.11055444,4356.821,4.01306e14,0.6788,-4.77010e6,2.37714e6,-5.96291e-9
1538244000,29279488.8302282,24924000.361377396,4355.488,3.98362e14,0.0598,-4.75688e6,2.37931e6,-5.96837e-9
1538244030,29262301.37128003,24908227.616860505,4354.074,3.99006e14,0.1018,-4.76499e6,2.38144e6,-5.97371e-9
1538244060,29245084.55277698,24892508.344007872,4352.576,4.00261e14,0.4166,-4.77666e6,2.38352e6,-5.97895e-9
1538244090,29227838.569735993,24876843.009888154,4350.996,3.96132e14,0.6194,-4.75603e6,2.38555e6,-5.98407e-9
1538244120,29210563.618257154,24861232.0816039,4349.332,3.94308e14,1.0770,-4.74908e6,2.38754e6,-5.98908e-9
1538244150,29193259.895528007,24845676.026266795,4347.584,4.01556e14,0.7414,-4.79640e6,2.38949e6,-5.99397e-9
1538244180,29175927.59982794,24830175.31097253,4345.752,4.02590e14,1.0008,-4.80642e6,2.39138e6,-5.99875e-9
1538244210,29158566.93053259,24814730.402775552,4343.837,3.98512e14,0.0222,-4.78566e6,2.39324e6,-6.00341e-9
1538244240,29141178.08811815,24799341.768663462,4341.836,3.96532e14,0.5189,-4.77738e6,2.39504e6,-6.00795e-9
1538244270,29123761.27416575,24784009.8755313,4339.751,3.93644e14,1.2435,-4.76353e6,2.39680e6,-6.01237e-9
1538244300,29106316.691365816,24768735.19015549,4337.582,3.94566e14,1.0122,-4.77248e6,2.39851e6,-6.01668e-9
1538244330,29088844.543512825,24753518.179164473,4335.326,3.98614e14,0.0033,-4.80016e6,2.40017e6,-6.02086e-9
1538244360,29071345.035539262,24738359.30902215,4332.986,3.99752e14,0.2890,-4.81025e6,2.40178e6,-6.02492e-9
1538244390,29053818.373490155,24723259.045990936,4330.559,3.99603e14,0.2514,-4.81249e6,2.40334e6,-6.02886e-9
1538244420,29036264.764536995,24708217.85610818,4328.047,4.01228e14,0.6593,-4.82534e6,2.40486e6,-6.03267e-9
1538244450,29018684.416981947,24693236.205158994,4325.448,3.99758e14,0.2903,-4.81940e6,2.40632e6,-6.03636e-9
1538244480,29001077.540262096,24678314.558648847,4322.763,3.98120e14,0.1205,-4.81235e6,2.40773e6,-6.03993e-9
1538244510,28983444.344953734,24663453.381775893,4319.991,3.98966e14,0.0916,-4.82019e6,2.40910e6,-6.04337e-9
1538244540,28965785.04277648,24648653.13940321,4317.132,4.00011e14,0.3540,-4.82915e6,2.41041e6,-6.04668e-9
1538244570,28948099.846597604,24633914.296030603,4314.186,4.00417e14,0.4557,-4.83414e6,2.41167e6,-6.04986e-9
1538244600,28930388.97043615,24619237.315766424,4311.152,3.95372e14,0.8099,-4.80604e6,2.41288e6,-6.05291e-9
1538244630,28912652.629476257,24604622.6622984,4308.030,3.95532e14,0.7697,-4.80932e6,2.41404e6,-6.05584e-9
1538244660,28894891.040043406,24590070.79886674,4304.820,3.99655e14,0.2647,-4.83651e6,2.41515e6,-6.05863e-9
1538244690,28877104.419636697,24575582.188233618,4301.522,3.96055e14,0.6387,-4.81680e6,2.41620e6,-6.06129e-9
1538244720,28859292.986924093,24561157.292654485,4298.136,3.97499e14,0.2764,-4.82755e6,2.41720e6,-6.06381e-9
1538244750,28841456.96174655,24546796.57384874,4294.660,3.99983e14,0.3469,-4.84452e6,2.41814e6,-6.06620e-9
1538244780,28823596.56512234,24532500.49297017,4291.096,3.96685e14,0.4804,-4.82630e6,2.41904e6,-6.06846e-9
1538244810,28805712.019251306,24518269.510577198,4287.443,4.02927e14,1.0854,-4.86587e6,2.41987e6,-6.07058e-9
1538244840,28787803.547519002,24504104.086602926,4283.699,4.01510e14,0.7299,-4.85885e6,2.42066e6,-6.07256e-9
1538244870,28769871.37450102,24490004.680324975,4279.867,3.95468e14,0.7859,-4.82361e6,2.42138e6,-6.07440e-9
1538244900,28751915.725967027,24475971.750335135,4275.944,3.99956e14,0.3401,-4.85223e6,2.42205e6,-6.07611e-9
1538244930,28733936.828877587,24462005.754510686,4271.931,4.01279e14,0.6721,-4.86151e6,2.42267e6,-6.07767e-9
1538244960,28715934.91141146,24448107.14997807,4267.828,3.97063e14,0.3857,-4.83701e6,2.42323e6,-6.07909e-9
1538244990,28697910.202946395,24434276.39308744,4263.634,3.96330e14,0.5697,-4.83356e6,2.42373e6,-6.08037e-9
1538245020,28679862.934070736,24420513.939379778,4259.349,4.00902e14,0.5774,-4.86227e6,2.42418e6,-6.08151e-9
1538245050,28661793.33658757,24406820.243555736,4254.973,4.01010e14,0.6046,-4.86371e6,2.42457e6,-6.08250e-9
1538245080,28643701.6435186,24393195.75944414,4250.506,3.96955e14,0.4128,-4.83971e6,2.42490e6,-6.08335e-9
1538245110,28625588.08910832,24379640.939970445,4245.947,3.96801e14,0.4515,-4.83932e6,2.42517e6,-6.08405e-9
1538245140,28607452.908827897,24366156.237124905,4241.297,3.98411e14,0.0475,-4.84956e6,2.42538e6,-6.08461e-9
1538245170,28589296.33937919,24352742.10193071,4236.554,3.97612e14,0.2480,-4.84501e6,2.42553e6,-6.08501e-9
1538245200,28571118.6186987,24339398.984411865,4231.720,4.00202e14,0.4018,-4.86097e6,2.42563e6,-6.08527e-9
1538245230,28552919.985967692,24326127.3335617,4226.793,4.02923e14,1.0843,-4.87760e6,2.42566e6,-6.08538e-9
1538245260,28534700.681596965,24312927.597308014,4221.773,4.00119e14,0.3811,-4.86050e6,2.42564e6,-6.08533e-9
1538245290,28516460.947250042,24299800.22248316,4216.661,3.99219e14,0.1552,-4.85485e6,2.42555e6,-6.08514e-9
1538245320,28498201.025840826,24286745.654790502,4211.455,4.00977e14,0.5963,-4.86527e6,2.42540e6,-6.08479e-9
1538245350,28479921.161537483,24273764.338771522,4206.157,3.96758e14,0.4621,-4.83919e6,2.42519e6,-6.08428e-9
1538245380,28461621.599766348,24260856.717772815,4200.765,3.91901e14,1.6808,-4.80910e6,2.42492e6,-6.08363e-9
1538245410,28443302.587215766,24248023.23391302,4195.279,3.99077e14,0.1195,-4.85210e6,2.42459e6,-6.08281e-9
1538245440,28424964.371839948,24235264.32804949,4189.700,4.03590e14,1.2517,-4.87876e6,2.42420e6,-6.08184e-9
1538245470,28406607.20286277,24222580.439744957,4184.027,4.02056e14,0.8670,-4.86853e6,2.42374e6,-6.08072e-9
1538245500,28388231.33078146,24209972.00723393,4178.259,4.01885e14,0.8240,-4.86645e6,2.42322e6,-6.07943e-9
1538245530,28369837.007363226,24197439.467384942,4172.398,4.02885e14,1.0749,-4.87136e6,2.42263e6,-6.07798e-9
1538245560,28351424.48567129,24184983.255679864,4166.441,4.00104e14,0.3771,-4.85316e6,2.42198e6,-6.07638e-9
1538245590,28332994.02004605,24172603.806166597,4160.390,3.98181e14,0.1051,-4.84006e6,2.42127e6,-6.07461e-9
1538245620,28314545.866116043,24160301.551429477,4154.244,4.00439e14,0.4613,-4.85223e6,2.42049e6,-6.07268e-9
1538245650,28296080.280801445,24148076.922555134,4148.003,3.99389e14,0.1979,-4.84417e6,2.41965e6,-6.07058e-9
1538245680,28277597.522317633,24135930.349098362,4141.667,4.01441e14,0.7127,-4.85481e6,2.41874e6,-6.06832e-9
1538245710,28259097.850178733,24123862.259047803,4135.236,4.01122e14,0.6327,-4.85093e6,2.41776e6,-6.06590e-9
1538245740,28240581.52520103,24111873.078791615,4128.708,3.98592e14,0.0021,-4.83351e6,2.41672e6,-6.06331e-9
1538245770,28222048.809506457,24099963.233082976,4122.086,3.95768e14,0.7107,-4.81418e6,2.41561e6,-6.06055e-9
1538245800,28203499.96652601,24088133.145005636,4115.367,3.94961e14,0.9131,-4.80696e6,2.41444e6,-6.05763e-9
1538245830,28184935.261015233,24076383.235948455,4108.552,3.99972e14,0.3442,-4.83484e6,2.41320e6,-6.05453e-9
1538245860,28166354.959020197,24064713.925542343,4101.641,4.01999e14,0.8526,-4.84449e6,2.41189e6,-6.05127e-9
1538245890,28147759.327918354,24053125.6316545,4094.634,4.00469e14,0.4687,-4.83247e6,2.41051e6,-6.04783e-9
1538245920,28129148.63640976,24041618.77034418,4087.530,4.01645e14,0.7638,-4.83669e6,2.40906e6,-6.04423e-9
1538245950,28110523.15452042,24030193.755828053,4080.329,4.02129e14,0.8852,-4.83658e6,2.40755e6,-6.04045e-9
1538245980,28091883.153605483,24018851.000445396,4073.032,3.99887e14,0.3227,-4.81987e6,2.40596e6,-6.03649e-9
1538246010,28073228.90635263,24007590.914623227,4065.638,3.98806e14,0.0515,-4.81005e6,2.40431e6,-6.03237e-9
1538246040,28054560.686785147,23996413.906841446,4058.147,4.01592e14,0.7505,-4.82341e6,2.40258e6,-6.02807e-9
1538246070,28035878.770265155,23985320.38359788,4050.558,4.03132e14,1.1369,-4.82909e6,2.40079e6,-6.02359e-9
1538246100,28017183.43349663,23974310.74937336,4042.873,3.96997e14,0.4023,-4.78842e6,2.39892e6,-6.01893e-9
1538246130,27998474.9545091,23963385.40658289,4035.090,3.95114e14,0.8748,-4.77324e6,2.39699e6,-6.01410e-9
1538246160,27979753.612720557,23952544.75558354,4027.209,3.96734e14,0.4682,-4.77899e6,2.39498e6,-6.00909e-9
1538246190,27961019.688880164,23941789.194596026,4019.230,3.92432e14,1.5475,-4.74903e6,2.39290e6,-6.00390e-9
1538246220,27942273.465090487,23931119.119683735,4011.154,3.93804e14,1.2034,-4.75300e6,2.39075e6,-5.99853e-9
1538246250,27923515.224810183,23920534.924717538,4002.980,3.99466e14,0.2173,-4.78252e6,2.38853e6,-5.99298e-9
1538246280,27904745.25285667,23910037.00134071,3994.708,3.99481e14,0.2208,-4.77802e6,2.38624e6,-5.98724e-9
1538246310,27885963.83540872,23899625.73893383,3986.338,3.97637e14,0.2418,-4.76226e6,2.38387e6,-5.98132e-9
1538246340,27867171.26000899,23889301.524579674,3977.870,4.00439e14,0.4613,-4.77414e6,2.38143e6,-5.97522e-9
1538246370,27848367.81556653,23879064.743028205,3969.303,4.03501e14,1.2295,-4.78739e6,2.37891e6,-5.96894e-9
1538246400,27829553.792359274,23868915.776661605,3960.638,4.02947e14,1.0906,-4.77889e6,2.37633e6,-5.96247e-9
1538246430,27810729.48205965,23858855.005477536,3951.874,3.96882e14,0.4312,-4.73742e6,2.37366e6,-5.95581e-9
1538246460,27791895.1776652,23848882.806997895,3943.012,4.00708e14,0.5288,-4.75473e6,2.37093e6,-5.94897e-9
1538246490,27773051.17357316,23838999.556290776,3934.052,4.06449e14,1.9691,-4.78321e6,2.36812e6,-5.94194e-9
1538246520,27754197.765559413,23829205.625917345,3924.992,4.00591e14,0.4995,-4.74263e6,2.36523e6,-5.93472e-9
1538246550,27735335.250780966,23819501.385897435,3915.834,3.96862e14,0.4361,-4.71460e6,2.36227e6,-5.92732e-9
1538246580,27716463.92777829,23809887.20367495,3906.577,3.95110e14,0.8757,-4.69817e6,2.35923e6,-5.91972e-9
1538246610,27697584.09647758,23800363.444083616,3897.221,3.97455e14,0.2874,-4.70584e6,2.35612e6,-5.91193e-9
1538246640,27678696.05819303,23790930.469312575,3887.766,4.00352e14,0.4394,-4.71659e6,2.35293e6,-5.90395e-9
1538246670,27659800.115628965,23781588.63887225,3878.211,3.98259e14,0.0856,-4.69771e6,2.34966e6,-5.89578e-9
1538246700,27640896.572881944,23772338.309560157,3868.558,3.95606e14,0.7513,-4.67542e6,2.34632e6,-5.88742e-9
1538246730,27621985.73542599,23763179.835403882,3858.806,3.99896e14,0.3250,-4.69383e6,2.34290e6,-5.87886e-9
1538246760,27603067.910166543,23754113.5676982,3848.954,4.02430e14,0.9607,-4.70171e6,2.33940e6,-5.87011e-9
1538246790,27584143.405389827,23745139.854900006,3839.004,3.97257e14,0.3372,-4.66421e6,2.33583e6,-5.86117e-9
1538246820,27565212.53078156,23736259.042617563,3828.953,3.98077e14,0.1314,-4.66173e6,2.33217e6,-5.85203e-9
1538246850,27546275.597428575,23727471.473576687,3818.804,3.98431e14,0.0426,-4.65635e6,2.32844e6,-5.84269e-9
1538246880,27527332.917820223,23718777.487587146,3808.555,3.98455e14,0.0366,-4.64888e6,2.32463e6,-5.83316e-9
1538246910,27508384.80584992,23710177.421509225,3798.207,3.98537e14,0.0158,-4.64160e6,2.32074e6,-5.82343e-9
1538246940,27489431.57681637,23701671.609220404,3787.760,3.94366e14,1.0622,-4.60943e6,2.31678e6,-5.81350e-9
1538246970,27470473.547424894,23693260.381582163,3777.213,3.95540e14,0.7679,-4.60820e6,2.31273e6,-5.80337e-9
1538247000,27451511.035788547,23684944.066407084,3766.567,4.02801e14,1.0538,-4.64205e6,2.30861e6,-5.79305e-9
1538247030,27432544.361430667,23676722.98845587,3755.821,4.05198e14,1.6551,-4.64747e6,2.30440e6,-5.78252e-9
1538247060,27413573.84528124,23668597.469312824,3744.976,3.98608e14,0.0020,-4.60080e6,2.30012e6,-5.77180e-9
1538247090,27394599.80968294,23660567.82744544,3734.032,3.98271e14,0.0826,-4.59014e6,2.29575e6,-5.76087e-9
1538247120,27375622.57839016,23652634.378142677,3722.988,4.00968e14,0.5939,-4.59677e6,2.29131e6,-5.74974e-9
1538247150,27356642.476569895,23644797.433483247,3711.845,3.97731e14,0.2181,-4.56912e6,2.28678e6,-5.73841e-9
1538247180,27337659.830802362,23637057.302303977,3700.603,3.99189e14,0.1477,-4.56828e6,2.28218e6,-5.72687e-9
1538247210,27318674.96908165,23629414.290168606,3689.261,3.99726e14,0.2824,-4.56198e6,2.27749e6,-5.71514e-9
1538247240,27299688.22081624,23621868.699336562,3677.820,3.98242e14,0.0898,-4.54398e6,2.27272e6,-5.70320e-9
1538247270,27280699.91682943,23614420.828732133,3666.279,3.97042e14,0.3910,-4.52746e6,2.26787e6,-5.69105e-9
1538247300,27261710.389359728,23607070.973913774,3654.639,3.94605e14,1.0025,-4.50378e6,2.26294e6,-5.67871e-9
1538247330,27242719.97207452,23599819.427007947,3642.901,3.99519e14,0.2304,-4.52166e6,2.25793e6,-5.66615e-9
1538247360,27223729.000029217,23592666.47678892,3631.063,3.99744e14,0.2870,-4.51274e6,2.25283e6,-5.65339e-9
1538247390,27204737.809708003,23585612.408538774,3619.125,3.96450e14,0.5396,-4.48380e6,2.24765e6,-5.64043e-9
1538247420,27185746.739010967,23578657.50405298,3607.089,4.00896e14,0.5758,-4.49834e6,2.24240e6,-5.62725e-9
1538247450,27166756.12725406,23571802.04161064,3594.954,3.99290e14,0.1730,-4.47862e6,2.23705e6,-5.61388e-9
1538247480,27147766.315169066,23565046.295944996,3582.720,3.94604e14,1.0027,-4.44153e6,2.23163e6,-5.60029e-9
1538247510,27128777.64490343,23558390.538214304,3570.387,4.01000e14,0.6021,-4.46631e6,2.22612e6,-5.58650e-9
1538247540,27109790.46002004,23551835.03597284,3557.955,4.06077e14,1.8756,-4.48339e6,2.22053e6,-5.57249e-9
1538247570,27090805.105496828,23545380.053142324,3545.425,3.98039e14,0.1409,-4.42727e6,2.21486e6,-5.55828e-9
1538247600,27071821.927726317,23539025.84998357,3532.796,3.96263e14,0.5865,-4.40593e6,2.20910e6,-5.54386e-9
1538247630,27052841.27449399,23532772.683103617,3520.069,3.99386e14,0.1970,-4.41156e6,2.20326e6,-5.52924e-9
1538247660,27033863.49504217,23526620.805320017,3507.243,3.96454e14,0.5384,-4.38355e6,2.19734e6,-5.51440e-9
1538247690,27014888.94000504,23520570.46574152,3494.318,3.98759e14,0.0397,-4.38425e6,2.19134e6,-5.49935e-9
1538247720,26995917.96142817,23514621.909706462,3481.296,3.98874e14,0.0687,-4.37271e6,2.18525e6,-5.48409e-9
1538247750,26976950.912767302,23508775.37875636,3468.176,3.96281e14,0.5818,-4.34619e6,2.17907e6,-5.46863e-9
1538247780,26957988.14888705,23503031.110609867,3454.957,3.97975e14,0.1568,-4.34295e6,2.17281e6,-5.45295e-9
1538247810,26939030.026059482,23497389.33913716,3441.641,3.96544e14,0.5160,-4.32250e6,2.16647e6,-5.43706e-9
1538247840,26920076.90196243,23491850.294334535,3428.227,3.99293e14,0.1737,-4.32460e6,2.16005e6,-5.42096e-9
1538247870,26901129.135677926,23486414.202299498,3414.715,3.99084e14,0.1214,-4.31045e6,2.15354e6,-5.40465e-9
1538247900,26882187.087690253,23481081.28520619,3401.106,3.95892e14,0.6796,-4.28006e6,2.14694e6,-5.38812e-9
1538247930,26863251.119908236,23475851.76125162,3387.399,4.00231e14,0.4091,-4.29006e6,2.14026e6,-5.37139e-9
1538247960,26844321.595589068,23470725.844722595,3373.596,3.96896e14,0.4276,-4.25866e6,2.13350e6,-5.35444e-9
1538247990,26825398.879409898,23465703.745881453,3359.695,3.96503e14,0.5261,-4.24290e6,2.12665e6,-5.33728e-9
1538248020,26806483.337441932,23460785.67097205,3345.698,3.96914e14,0.4232,-4.23127e6,2.11972e6,-5.31991e-9
1538248050,26787575.337148234,23455971.82219682,3331.604,3.96787e14,0.4550,-4.21660e6,2.11271e6,-5.30233e-9
1538248080,26768675.24738136,23451262.397694156,3317.413,4.01338e14,0.6869,-4.22649e6,2.10560e6,-5.28453e-9
1538248110,26749783.438380886,23446657.59151632,3303.126,3.99880e14,0.3210,-4.20440e6,2.09842e6,-5.26652e-9
1538248140,26730900.281770747,23442157.593607597,3288.743,4.02048e14,0.8649,-4.20122e6,2.09115e6,-5.24830e-9
1538248170,26712026.15055655,23437762.589782972,3274.264,3.99915e14,0.3298,-4.17530e6,2.08379e6,-5.22987e-9
1538248200,26693161.419122666,23433472.761707168,3259.689,3.97951e14,0.1631,-4.15016e6,2.07635e6,-5.21122e-9
1538248230,26674306.46320206,23429288.286898267,3245.018,4.00313e14,0.4297,-4.14740e6,2.06883e6,-5.19236e-9
1538248260,26655461.65995658,23425209.33863336,3230.252,4.02311e14,0.9310,-4.14249e6,2.06122e6,-5.17329e-9
1538248290,26636627.387890365,23421236.086003173,3215.391,3.96730e14,0.4692,-4.09827e6,2.05353e6,-5.15400e-9
1538248320,26617804.026873097,23417368.69386906,3200.435,3.96218e14,0.5977,-4.08013e6,2.04575e6,-5.13451e-9
1538248350,26598991.958136074,23413607.32284442,3185.385,4.04373e14,1.4483,-4.10617e6,2.03788e6,-5.11480e-9
1538248380,26580191.564268306,23409952.12927656,3170.239,3.96495e14,0.5281,-4.05003e6,2.02994e6,-5.09487e-9
1538248410,26561403.229212385,23406403.26522912,3155.000,3.95388e14,0.8058,-4.02840e6,2.02190e6,-5.07474e-9
1538248440,26542627.3382602,23402960.878464747,3139.666,3.97938e14,0.1661,-4.02512e6,2.01379e6,-5.05439e-9
1538248470,26523864.278048452,23399625.11242845,3124.239,3.99527e14,0.2324,-4.01674e6,2.00558e6,-5.03383e-9
1538248500,26505114.436554138,23396396.10623127,3108.718,4.04254e14,1.4184,-4.02385e6,1.99730e6,-5.01306e-9
1538248530,26486378.203118715,23393273.99461012,3093.104,4.02858e14,1.0681,-4.00002e6,1.98893e6,-4.99207e-9
1538248560,26467655.968354356,23390258.90798748,3077.397,3.96770e14,0.4592,-3.95277e6,1.98047e6,-4.97088e-9
1538248590,26448948.124227706,23387350.9723814,3061.597,3.92140e14,1.6207,-3.91282e6,1.97193e6,-4.94947e-9
1538248620,26430255.06402629,23384550.309415173,3045.705,3.91008e14,1.9049,-3.89014e6,1.96331e6,-4.92785e-9
1538248650,26411577.18235336,23381857.036303274,3029.720,3.96600e14,0.5019,-3.90033e6,1.95460e6,-4.90602e-9
1538248680,26392914.875122722,23379271.26583771,3013.644,4.00136e14,0.3851,-3.90006e6,1.94581e6,-4.88398e-9
1538248710,26374268.53955326,23376793.106374916,2997.475,3.99929e14,0.3333,-3.88128e6,1.93693e6,-4.86172e-9
1538248740,26355638.574163362,23374422.66182311,2981.216,4.00730e14,0.5342,-3.86721e6,1.92798e6,-4.83926e-9
1538248770,26337025.378765237,23372160.03163018,2964.865,3.96372e14,0.5590,-3.82809e6,1.91893e6,-4.81659e-9
1538248800,26318429.354458917,23370005.31077207,2948.424,3.99770e14,0.2934,-3.82618e6,1.90981e6,-4.79370e-9
1538248830,26299850.903601862,23367958.589766122,2931.892,4.02147e14,0.8899,-3.81908e6,1.90060e6,-4.77061e-9
1538248860,26281290.42987778,23366019.954585124,2915.270,3.97128e14,0.3695,-3.77659e6,1.89130e6,-4.74731e-9
1538248890,26262748.338214964,23364189.486722767,2898.559,3.94633e14,0.9954,-3.74609e6,1.88193e6,-4.72380e-9
1538248920,26244225.03480383,23362467.2631599,2881.758,3.96558e14,0.5124,-3.73632e6,1.87247e6,-4.70008e-9
1538248950,26225720.927089896,23360853.35635566,2864.868,3.97683e14,0.2301,-3.72255e6,1.86292e6,-4.67615e-9
1538248980,26207236.423766527,23359347.83423916,2847.889,3.98414e14,0.0467,-3.70673e6,1.85330e6,-4.65201e-9
1538249010,26188771.93476768,23357950.760201756,2830.821,3.99826e14,0.3074,-3.69385e6,1.84359e6,-4.62767e-9
1538249040,26170327.8712602,23356662.193089757,2813.666,4.01363e14,0.6931,-3.68133e6,1.83380e6,-4.60312e-9
1538249070,26151904.645636182,23355482.18719768,2796.422,4.02168e14,0.8949,-3.66520e6,1.82393e6,-4.57837e-9
1538249100,26133502.6715049,23354410.792262077,2779.092,4.02376e14,0.9472,-3.64616e6,1.81398e6,-4.55341e-9
1538249130,26115122.36369717,23353448.05343381,2761.674,4.04043e14,1.3653,-3.63354e6,1.80394e6,-4.52824e-9
1538249160,26096764.138218857,23352594.011340823,2744.170,3.98935e14,0.0838,-3.59017e6,1.79382e6,-4.50287e-9
1538249190,26078428.412280608,23351848.702015318,2726.580,3.94829e14,0.9461,-3.55139e6,1.78363e6,-4.47729e-9
1538249220,26060115.604276825,23351212.156911585,2708.903,3.96898e14,0.4271,-3.54014e6,1.77335e6,-4.45151e-9
1538249250,26041826.13377699,23350684.402902227,2691.142,4.02467e14,0.9701,-3.54412e6,1.76299e6,-4.42553e-9
1538249280,26023560.421516653,23350265.462274857,2673.295,4.03475e14,1.2230,-3.52757e6,1.75255e6,-4.39935e-9
1538249310,26005318.889388308,23349955.352729563,2655.364,3.93668e14,1.2375,-3.46352e6,1.74203e6,-4.37296e-9
1538249340,25987101.960432068,23349754.087376617,2637.348,3.98584e14,0.0042,-3.46382e6,1.73142e6,-4.34638e-9
1538249370,25968910.05882609,23349661.67473484,2619.248,4.00564e14,0.4927,-3.45102e6,1.72074e6,-4.31959e-9
1538249400,25950743.60987695,23349678.118730597,2601.065,3.94363e14,1.0631,-3.40283e6,1.70998e6,-4.29260e-9
1538249430,25932603.040013183,23349803.418713786,2582.800,3.99910e14,0.3284,-3.40493e6,1.69915e6,-4.26542e-9
1538249460,25914488.776764292,23350037.569406565,2564.451,4.07404e14,2.2087,-3.41482e6,1.68823e6,-4.23803e-9
1538249490,25896401.248761397,23350380.560955353,2546.021,3.99444e14,0.2115,-3.35907e6,1.67723e6,-4.21045e-9
1538249520,25878340.8857232,23350832.37891544,2527.509,3.91481e14,1.7861,-3.30359e6,1.66616e6,-4.18267e-9
1538249550,25860308.11844525,23351393.004252616,2508.915,3.98381e14,0.0550,-3.31016e6,1.65500e6,-4.15470e-9
1538249580,25842303.37878903,23352062.413345467,2490.241,3.97156e14,0.3623,-3.28265e6,1.64377e6,-4.12653e-9
1538249610,25824327.099670846,23352840.577988207,2471.487,3.96942e14,0.4162,-3.25920e6,1.63247e6,-4.09817e-9
1538249640,25806379.715050418,23353727.465394005,2452.652,3.99569e14,0.2430,-3.24717e6,1.62108e6,-4.06961e-9
1538249670,25788461.659919377,23354723.03819886,2433.739,4.00306e14,0.4280,-3.22720e6,1.60962e6,-4.04086e-9
1538249700,25770573.370289374,23355827.254465982,2414.746,4.00233e14,0.4095,-3.20378e6,1.59808e6,-4.01192e-9
1538249730,25752715.283165865,23357040.067674752,2395.675,4.05750e14,1.7937,-3.20249e6,1.58647e6,-3.98279e-9
1538249760,25734887.836579822,23358361.42677558,2376.526,4.03882e14,1.3250,-3.17151e6,1.57478e6,-3.95347e-9
1538249790,25717091.46953104,23359791.27614626,2357.300,3.95695e14,0.7290,-3.11570e6,1.56302e6,-3.92396e-9
1538249820,25699326.621989664,23361329.555614397,2337.997,3.92848e14,1.4431,-3.08103e6,1.55118e6,-3.89426e-9
1538249850,25681593.73488308,23362976.20046436,2318.618,3.92780e14,1.4602,-3.05711e6,1.53926e6,-3.86437e-9
1538249880,25663893.250082713,23364731.141444735,2299.162,3.97488e14,0.2790,-3.05137e6,1.52728e6,-3.83430e-9
1538249910,25646225.610390477,23366594.304776262,2279.631,3.98577e14,0.0059,-3.03142e6,1.51522e6,-3.80405e-9
1538249940,25628591.259525064,23368565.612160344,2260.026,3.96512e14,0.5241,-2.99936e6,1.50308e6,-3.77361e-9
1538249970,25610990.642107997,23370644.980788052,2240.346,3.96513e14,0.5236,-2.97502e6,1.49088e6,-3.74298e-9
1538250000,25593424.20364946,23372832.323349662,2220.592,3.92819e14,1.4504,-2.93681e6,1.47860e6,-3.71218e-9
1538250030,25575892.39054744,23375127.54806305,2200.765,3.90962e14,1.9162,-2.90546e6,1.46625e6,-3.68120e-9
1538250060,25558395.65003122,23377530.558627706,2180.865,4.00560e14,0.4916,-2.91588e6,1.45382e6,-3.65003e-9
1538250090,25540934.430188734,23380041.25429264,2160.893,4.01416e14,0.7063,-2.89393e6,1.44133e6,-3.61869e-9
1538250120,25523509.179937907,23382659.529849693,2140.850,3.97723e14,0.2202,-2.85547e6,1.42877e6,-3.58717e-9
1538250150,25506120.349011473,23385385.275645792,2120.735,3.90585e14,2.0110,-2.80485e6,1.41614e6,-3.55547e-9
1538250180,25488768.387941554,23388218.377595734,2100.550,4.00921e14,0.5823,-2.81612e6,1.40343e6,-3.52360e-9
1538250210,25471453.748044048,23391158.717195403,2080.295,4.08182e14,2.4039,-2.81585e6,1.39066e6,-3.49156e-9
1538250240,25454176.88140276,23394206.171535514,2059.971,3.95630e14,0.7453,-2.74644e6,1.37782e6,-3.45934e-9
1538250270,25436938.240853224,23397360.613315836,2039.578,3.97453e14,0.2880,-2.72696e6,1.36491e6,-3.42696e-9
1538250300,25419738.279966477,23400621.91085988,2019.116,4.01195e14,0.6509,-2.71375e6,1.35194e6,-3.39440e-9
1538255640,23402960.878464747,25407789.934944443,2004.829,3.95795e14,0.7038,2.67782e6,-1.34334e6,3.37163e-9
1538255670,23399625.11242845,25424962.83516557,2025.338,3.96580e14,0.5068,2.70644e6,-1.35636e6,3.40430e-9
1538255700,23396396.10623127,25442174.730082802,2045.779,4.03260e14,1.1691,2.75523e6,-1.36930e6,3.43681e-9
1538255730,23393273.99461012,25459425.165597424,2066.151,4.02484e14,0.9743,2.77846e6,-1.38218e6,3.46915e-9
1538255760,23390258.90798748,25476713.68832907,2086.455,3.97564e14,0.2600,2.78699e6,-1.39500e6,3.50131e-9
1538255790,23387350.9723814,25494039.845641572,2106.689,3.94679e14,0.9838,2.80226e6,-1.40774e6,3.53330e-9
1538255820,23384550.309415173,25511403.185656227,2126.853,3.91971e14,1.6631,2.81784e6,-1.42041e6,3.56512e-9
1538255850,23381857.036303274,25528803.25726781,2146.946,3.96495e14,0.5282,2.85911e6,-1.43302e6,3.59676e-9
1538255880,23379271.26583771,25546239.610160436,2166.968,3.99891e14,0.3238,2.89645e6,-1.44555e6,3.62823e-9
1538255910,23376793.106374916,25563711.794823144,2186.919,3.98510e14,0.0228,2.91637e6,-1.45801e6,3.65952e-9
1538255940,23374422.66182311,25581219.36256526,2206.797,4.00585e14,0.4979,2.94882e6,-1.47041e6,3.69063e-9
1538255970,23372160.03163018,25598761.86553155,2226.602,4.01495e14,0.7261,2.97691e6,-1.48273e6,3.72156e-9
1538256000,23370005.31077207,25616338.856717072,2246.334,4.05512e14,1.7339,3.01658e6,-1.49497e6,3.75231e-9
1538256030,23367958.589766122,25633949.88998857,2265.991,4.02003e14,0.8536,3.02788e6,-1.50715e6,3.78287e-9
1538256060,23366019.954585124,25651594.52007859,2285.575,3.93463e14,1.2888,3.01963e6,-1.51925e6,3.81326e-9
1538256090,23364189.486722767,25669272.302619822,2305.083,3.90031e14,2.1498,3.03035e6,-1.53128e6,3.84346e-9
1538256120,23362467.2631599,25686982.79415274,2324.516,3.98706e14,0.0265,3.08762e6,-1.54324e6,3.87347e-9
1538256150,23360853.35635566,25704725.552139383,2343.872,4.03487e14,1.2259,3.13005e6,-1.55512e6,3.90330e-9
1538256180,23359347.83423916,25722500.13497702,2363.152,4.01877e14,0.8220,3.14749e6,-1.56693e6,3.93294e-9
1538256210,23357950.760201756,25740306.102011494,2382.355,3.98299e14,0.0757,3.15688e6,-1.57866e6,3.96240e-9
1538256240,23356662.193089757,25758143.0135504,2401.481,3.94251e14,1.0911,3.16404e6,-1.59032e6,3.99166e-9
1538256270,23355482.18719768,25776010.430876065,2420.528,3.96886e14,0.4300,3.19768e6,-1.60190e6,4.02074e-9
1538256300,23354410.792262077,25793907.916258205,2439.497,4.02920e14,1.0837,3.24508e6,-1.61341e6,4.04962e-9
1538256330,23353448.05343381,25811835.03295278,2458.387,4.04006e14,1.3560,3.27250e6,-1.62484e6,4.07831e-9
1538256360,23352594.011340823,25829791.34525618,2477.197,3.98912e14,0.0781,3.27445e6,-1.63619e6,4.10681e-9
1538256390,23351848.702015318,25847776.418475553,2495.928,3.97145e14,0.3652,3.28971e6,-1.64747e6,4.13511e-9
1538256420,23351212.156911585,25865789.818953935,2514.578,3.99572e14,0.2437,3.32217e6,-1.65866e6,4.16322e-9
1538256450,23350684.402902227,25883831.114081766,2533.147,4.05841e14,1.8164,3.37072e6,-1.66978e6,4.19114e-9
1538256480,23350265.462274857,25901899.872308142,2551.634,4.06207e14,1.9084,3.39456e6,-1.68083e6,4.21886e-9
1538256510,23349955.352729563,25919995.6631519,2570.040,4.02432e14,0.9612,3.40067e6,-1.69179e6,4.24638e-9
1538256540,23349754.087376617,25938118.057212424,2588.364,4.02280e14,0.9231,3.42190e6,-1.70268e6,4.27371e-9
1538256570,23349661.67473484,25956266.626180314,2606.605,3.97982e14,0.1551,3.42514e6,-1.71348e6,4.30083e-9
1538256600,23349678.118730597,25974440.942847777,2624.763,3.96479e14,0.5322,3.44008e6,-1.72421e6,4.32776e-9
1538256630,23349803.418713786,25992640.58113501,2642.837,4.01936e14,0.8369,3.48508e6,-1.73486e6,4.35448e-9
1538256660,23350037.569406565,26010865.116050806,2660.828,4.05894e14,1.8299,3.52365e6,-1.74543e6,4.38101e-9
1538256690,23350380.560955353,26029114.123751543,2678.734,4.01499e14,0.7272,3.52545e6,-1.75591e6,4.40734e-9
1538256720,23350832.37891544,26047387.181535102,2696.555,3.95152e14,0.8651,3.51821e6,-1.76632e6,4.43346e-9
1538256750,23351393.004252616,26065683.86785048,2714.291,3.99900e14,0.3260,3.55995e6,-1.77665e6,4.45938e-9
1538256780,23352062.413345467,26084003.762307145,2731.941,4.00372e14,0.4443,3.58260e6,-1.78689e6,4.48510e-9
1538256810,23352840.577988207,26102346.445684288,2749.506,3.99370e14,0.1932,3.59846e6,-1.79706e6,4.51061e-9
1538256840,23353727.465394005,26120711.499939773,2766.984,3.92505e14,1.5291,3.58751e6,-1.80714e6,4.53592e-9
