0.000000	0.031891	0.025177	0.017548	0.017243	-0.004425	0.012055	0.012665	0.001984	0.009918	-0.012055
0.000100	0.032807	0.023651	0.012665	0.018769	-0.008087	0.003204	0.007477	0.000153	0.005035	-0.017243
0.000200	0.031891	0.019684	0.008392	0.024567	-0.003815	0.001373	0.003815	0.000763	0.001373	-0.019074
0.000300	0.021820	0.014191	0.009308	0.023346	-0.000458	-0.002899	0.005341	0.001068	-0.002899	-0.020295
0.000400	0.012665	0.006867	-0.002289	0.010834	-0.015412	0.000153	0.005035	0.000153	-0.014191	-0.020295
0.000500	0.003815	-0.001678	-0.022126	-0.010834	-0.032502	-0.001373	-0.001984	-0.008087	-0.027008	-0.035554
0.000600	-0.017243	-0.014801	-0.033112	-0.033417	-0.044709	-0.013275	-0.013275	-0.020600	-0.033722	-0.051423
0.000700	-0.042878	-0.036469	-0.046845	-0.045014	-0.060273	-0.030671	-0.028534	-0.027619	-0.039826	-0.059358
0.000800	-0.058747	-0.056306	-0.070344	-0.059968	-0.069123	-0.042573	-0.035248	-0.030671	-0.048066	-0.068208
0.000900	-0.078279	-0.079805	-0.091096	-0.083162	-0.070039	-0.058442	-0.037079	-0.040131	-0.057221	-0.073701
0.001000	-0.090486	-0.098421	-0.095979	-0.102083	-0.078584	-0.064546	-0.048371	-0.055085	-0.063935	-0.083772
0.001100	-0.087434	-0.097505	-0.083162	-0.107576	-0.081331	-0.071870	-0.063630	-0.064240	-0.077363	-0.098421
0.001200	-0.078584	-0.086824	-0.066987	-0.101778	-0.074006	-0.087739	-0.073701	-0.073701	-0.090181	-0.109712
0.001300	-0.068818	-0.082856	-0.051118	-0.090181	-0.057832	-0.089876	-0.066987	-0.078889	-0.084688	-0.103914
0.001400	-0.055390	-0.072480	-0.042267	-0.074617	-0.041352	-0.075227	-0.045014	-0.066072	-0.069429	-0.085908
0.001500	-0.044709	-0.058747	-0.046235	-0.067903	-0.040742	-0.056611	-0.024567	-0.045930	-0.062104	-0.070344
0.001600	-0.045014	-0.061494	-0.048676	-0.069123	-0.044709	-0.037385	-0.028840	-0.036774	-0.056001	-0.074006
0.001700	-0.045319	-0.066377	-0.037690	-0.074617	-0.042573	-0.032197	-0.038605	-0.034333	-0.051118	-0.084382
0.001800	-0.037995	-0.060884	-0.032502	-0.075532	-0.036469	-0.037385	-0.033722	-0.036164	-0.052338	-0.087739
0.001900	-0.021210	-0.050202	-0.029450	-0.069429	-0.019074	-0.039216	-0.032807	-0.039216	-0.057221	-0.088350
0.002000	-0.003510	-0.042573	-0.014191	-0.061494	-0.001984	-0.032807	-0.030976	-0.039826	-0.063325	-0.092012
0.002100	0.002899	-0.033417	0.000458	-0.054475	-0.001373	-0.025788	-0.022736	-0.032502	-0.060273	-0.090181
0.002200	0.004425	-0.030976	0.002594	-0.046235	-0.006561	-0.016327	-0.023346	-0.027924	-0.056611	-0.081636
0.002300	0.009613	-0.033112	0.002594	-0.047761	-0.007172	-0.008392	-0.026703	-0.026703	-0.057221	-0.076143
0.002400	0.013275	-0.039521	0.000153	-0.054780	-0.005341	-0.011749	-0.030671	-0.025788	-0.058747	-0.079194
0.002500	0.019074	-0.041352	-0.007477	-0.061189	-0.008087	-0.019379	-0.040436	-0.032807	-0.061799	-0.081025
0.002600	0.018463	-0.045319	-0.015412	-0.071870	-0.019684	-0.024567	-0.050202	-0.047150	-0.074617	-0.086824
0.002700	0.003510	-0.054170	-0.024872	-0.087434	-0.042878	-0.030671	-0.062715	-0.064240	-0.085298	-0.101167
0.002800	-0.010224	-0.066377	-0.035248	-0.107271	-0.066682	-0.038300	-0.086519	-0.084382	-0.094759	-0.122225
0.002900	-0.023346	-0.082551	-0.049897	-0.120089	-0.075837	-0.060273	-0.103304	-0.099336	-0.101472	-0.143587
0.003000	-0.036774	-0.103609	-0.070344	-0.121614	-0.081025	-0.083467	-0.110018	-0.106050	-0.110628	-0.155795
0.003100	-0.059663	-0.125582	-0.095064	-0.133822	-0.100557	-0.087434	-0.119173	-0.111849	-0.124666	-0.159152
0.003200	-0.091707	-0.150912	-0.126803	-0.168917	-0.133822	-0.089876	-0.144808	-0.122530	-0.150607	-0.173495
0.003300	-0.121309	-0.183871	-0.159457	-0.207981	-0.166476	-0.114900	-0.185092	-0.150301	-0.183566	-0.198825
0.003400	-0.148776	-0.209506	-0.180514	-0.238193	-0.190280	-0.148470	-0.216220	-0.185702	-0.210727	-0.227512
0.003500	-0.177462	-0.228428	-0.199435	-0.258946	-0.211948	-0.177462	-0.236057	-0.215305	-0.231174	-0.254063
0.003600	-0.197604	-0.245518	-0.220188	-0.267186	-0.227512	-0.200351	-0.250706	-0.234531	-0.244602	-0.263218
0.003700	-0.200351	-0.261387	-0.220798	-0.277256	-0.233616	-0.215305	-0.259861	-0.240940	-0.250401	-0.257115
0.003800	-0.203098	-0.265660	-0.213779	-0.282139	-0.239414	-0.229648	-0.259251	-0.241245	-0.249790	-0.252537
0.003900	-0.210422	-0.265049	-0.219577	-0.277562	-0.243076	-0.243687	-0.260777	-0.239719	-0.242771	-0.251621
0.004000	-0.219883	-0.265965	-0.225376	-0.282139	-0.237888	-0.239414	-0.256809	-0.235752	-0.236973	-0.241245
0.004100	-0.227512	-0.269932	-0.224460	-0.288548	-0.229343	-0.228122	-0.253147	-0.227207	-0.230564	-0.233616
0.004200	-0.222934	-0.269627	-0.228122	-0.285191	-0.228733	-0.225681	-0.255283	-0.233921	-0.223240	-0.225986
0.004300	-0.215915	-0.263523	-0.233616	-0.281529	-0.233616	-0.223240	-0.261387	-0.243687	-0.233921	-0.234836
0.004400	-0.211948	-0.254978	-0.225071	-0.274815	-0.231479	-0.227512	-0.264439	-0.246128	-0.236057	-0.245518
0.004500	-0.210727	-0.244602	-0.210422	-0.261387	-0.222019	-0.233921	-0.256809	-0.243381	-0.221103	-0.240330
0.004600	-0.203098	-0.232090	-0.199435	-0.247654	-0.208591	-0.231174	-0.241856	-0.229343	-0.211948	-0.231785
0.004700	-0.188144	-0.220493	-0.191195	-0.236057	-0.196078	-0.222324	-0.221714	-0.220188	-0.214389	-0.227207
0.004800	-0.173495	-0.208896	-0.172274	-0.223850	-0.181735	-0.215000	-0.199130	-0.221103	-0.215000	-0.218051
0.004900	-0.165866	-0.191501	-0.157321	-0.200046	-0.166781	-0.203098	-0.172885	-0.213169	-0.207675	-0.218051
0.005000	-0.161593	-0.174105	-0.160678	-0.178988	-0.164950	-0.185702	-0.149691	-0.190890	-0.199741	-0.214694
0.005100	-0.169528	-0.166476	-0.168917	-0.178073	-0.173190	-0.171054	-0.142672	-0.171969	-0.207370	-0.222629
0.005200	-0.175326	-0.170138	-0.182345	-0.188449	-0.184176	-0.171054	-0.156405	-0.168307	-0.234226	-0.241856
0.005300	-0.172274	-0.175936	-0.193942	-0.191806	-0.193637	-0.182345	-0.174411	-0.186007	-0.260166	-0.258640
0.005400	-0.174716	-0.180209	-0.198520	-0.201572	-0.203708	-0.193637	-0.193027	-0.199435	-0.282750	-0.272068
0.005500	-0.186313	-0.184482	-0.197909	-0.210117	-0.207370	-0.203708	-0.206455	-0.198825	-0.298924	-0.276036
0.005600	-0.204929	-0.181430	-0.211032	-0.204318	-0.211032	-0.217136	-0.202487	-0.196384	-0.305943	-0.259556
0.005700	-0.216220	-0.181735	-0.228122	-0.199130	-0.224765	-0.221103	-0.198825	-0.189975	-0.312047	-0.243687
0.005800	-0.229038	-0.193637	-0.249790	-0.209506	-0.244907	-0.220188	-0.207065	-0.183566	-0.314183	-0.230869
0.005900	-0.251316	-0.219272	-0.274205	-0.225986	-0.265354	-0.227817	-0.223850	-0.193942	-0.316625	-0.230869
0.006000	-0.276036	-0.248264	-0.289158	-0.243687	-0.288853	-0.245212	-0.249790	-0.214084	-0.316014	-0.236973
0.006100	-0.297704	-0.265049	-0.298314	-0.262913	-0.307775	-0.265660	-0.266575	-0.233310	-0.319982	-0.239109
0.006200	-0.315709	-0.273594	-0.306554	-0.275120	-0.318456	-0.283970	-0.272984	-0.250706	-0.318151	-0.238804
0.006300	-0.321508	-0.280613	-0.316014	-0.285801	-0.321508	-0.294957	-0.275425	-0.260777	-0.315099	-0.237583
0.006400	-0.318456	-0.285496	-0.327306	-0.289158	-0.325170	-0.301976	-0.270848	-0.269322	-0.310826	-0.239719
0.006500	-0.321813	-0.290074	-0.323339	-0.285496	-0.322118	-0.313573	-0.274815	-0.286107	-0.291905	-0.241245
0.006600	-0.320897	-0.291295	-0.308995	-0.274815	-0.308690	-0.323339	-0.282139	-0.291600	-0.261082	-0.231174
0.006700	-0.312657	-0.275120	-0.301061	-0.256809	-0.298009	-0.320592	-0.273899	-0.276951	-0.239109	-0.210117
0.006800	-0.312352	-0.262913	-0.290990	-0.246433	-0.288853	-0.303197	-0.259861	-0.262608	-0.217746	-0.194552
0.006900	-0.313268	-0.262913	-0.277562	-0.239719	-0.276951	-0.288548	-0.252232	-0.247959	-0.208286	-0.176852
0.007000	-0.304418	-0.256504	-0.265660	-0.212558	-0.265049	-0.277256	-0.246738	-0.229343	-0.204624	-0.160983
0.007100	-0.295567	-0.243381	-0.255283	-0.185397	-0.259251	-0.264134	-0.247959	-0.213474	-0.197909	-0.155795
0.007200	-0.281834	-0.229648	-0.237888	-0.173800	-0.243076	-0.256199	-0.247959	-0.200656	-0.180209	-0.158236
0.007300	-0.256199	-0.207370	-0.211032	-0.155184	-0.210422	-0.253147	-0.234531	-0.188754	-0.153048	-0.149386
0.007400	-0.215915	-0.173190	-0.178988	-0.121920	-0.176547	-0.230564	-0.214694	-0.177462	-0.127413	-0.137179
0.007500	-0.182650	-0.135958	-0.151522	-0.088350	-0.155795	-0.190890	-0.200351	-0.153048	-0.109102	-0.114595
0.007600	-0.168307	-0.108492	-0.133516	-0.063935	-0.134737	-0.150301	-0.196689	-0.131991	-0.089876	-0.098421
0.007700	-0.157321	-0.091707	-0.117952	-0.048981	-0.112154	-0.118257	-0.185397	-0.114595	-0.077974	-0.090486
0.007800	-0.143282	-0.076753	-0.105745	-0.039521	-0.098726	-0.090181	-0.164340	-0.100557	-0.074922	-0.080720
0.007900	-0.130465	-0.061799	-0.095979	-0.025483	-0.092317	-0.074922	-0.147250	-0.091707	-0.072175	-0.072175
0.008000	-0.110933	-0.052949	-0.085603	-0.008698	-0.080720	-0.060578	-0.132906	-0.087434	-0.074006	-0.073701
0.008100	-0.098116	-0.043183	-0.079194	-0.001373	-0.075837	-0.051728	-0.115511	-0.084993	-0.082856	-0.071565
0.008200	-0.102083	-0.040131	-0.082856	-0.005646	-0.081636	-0.048676	-0.102083	-0.094453	-0.086824	-0.075532
0.008300	-0.116121	-0.050813	-0.095064	-0.016327	-0.085908	-0.037385	-0.094453	-0.109102	-0.095369	-0.078279
0.008400	-0.129244	-0.059968	-0.110933	-0.031281	-0.091096	-0.027008	-0.083772	-0.123751	-0.104830	-0.076753
0.008500	-0.135958	-0.065461	-0.125887	-0.042878	-0.089265	-0.025177	-0.081941	-0.133211	-0.114900	-0.076143
0.008600	-0.132296	-0.078584	-0.130465	-0.050507	-0.087129	-0.049897	-0.083772	-0.149691	-0.121309	-0.079500
0.008700	-0.135653	-0.087129	-0.135653	-0.053864	-0.094453	-0.081025	-0.085603	-0.168917	-0.128939	-0.081331
0.008800	-0.148165	-0.094453	-0.148165	-0.055695	-0.110018	-0.090486	-0.084688	-0.176242	-0.133211	-0.084688
0.008900	-0.164340	-0.110933	-0.162509	-0.072175	-0.125277	-0.094148	-0.092927	-0.172579	-0.129854	-0.086824
0.009000	-0.182650	-0.129244	-0.169528	-0.091402	-0.140841	-0.104524	-0.105745	-0.171664	-0.121614	-0.089570
0.009100	-0.191806	-0.138094	-0.172579	-0.103304	-0.152438	-0.106050	-0.126497	-0.170443	-0.127108	-0.094759
0.009200	-0.195468	-0.147860	-0.171969	-0.113069	-0.155489	-0.114290	-0.141146	-0.172274	-0.131075	-0.102388
0.009300	-0.202487	-0.161288	-0.176852	-0.125887	-0.150607	-0.135958	-0.151217	-0.181125	-0.125277	-0.104524
0.009400	-0.208591	-0.173800	-0.189364	-0.136568	-0.151522	-0.145724	-0.148165	-0.178683	-0.117647	-0.096895
0.009500	-0.214084	-0.185702	-0.202792	-0.150607	-0.165866	-0.147555	-0.144198	-0.171054	-0.123445	-0.089570
0.009600	-0.223850	-0.196384	-0.213474	-0.171054	-0.178378	-0.157321	-0.153964	-0.168307	-0.126192	-0.098116
0.009700	-0.225071	-0.204624	-0.208286	-0.189975	-0.181735	-0.175326	-0.173800	-0.179599	-0.115206	-0.104524
0.009800	-0.216220	-0.199130	-0.190280	-0.196384	-0.163729	-0.203403	-0.181125	-0.191195	-0.093233	-0.101472
0.009900	-0.200046	-0.183871	-0.168002	-0.194247	-0.131991	-0.222324	-0.178988	-0.189670	-0.071565	-0.092622
0.010000	-0.179599	-0.166476	-0.139620	-0.185702	-0.104219	-0.210422	-0.167697	-0.168917	-0.043183	-0.074617
0.010100	-0.153964	-0.149691	-0.110323	-0.168612	-0.080110	-0.183871	-0.153353	-0.142977	-0.021515	-0.054475
0.010200	-0.131075	-0.131075	-0.100252	-0.162814	-0.066682	-0.170443	-0.146944	-0.114595	-0.011139	-0.045014
0.010300	-0.113069	-0.119783	-0.097505	-0.171054	-0.063325	-0.169833	-0.145724	-0.092927	0.003204	-0.055085
0.010400	-0.104219	-0.116121	-0.097810	-0.168307	-0.063325	-0.179904	-0.140536	-0.087739	0.007782	-0.072786
0.010500	-0.097200	-0.108797	-0.097200	-0.156100	-0.068513	-0.178073	-0.142062	-0.084993	0.002899	-0.084077
0.010600	-0.087129	-0.092622	-0.091096	-0.139620	-0.074617	-0.164340	-0.137789	-0.084993	-0.012055	-0.097200
0.010700	-0.076143	-0.084077	-0.086519	-0.129244	-0.072786	-0.151522	-0.133822	-0.096895	-0.034638	-0.121309
0.010800	-0.070344	-0.086519	-0.085908	-0.121309	-0.081941	-0.143893	-0.135348	-0.114595	-0.055085	-0.138094
0.010900	-0.062715	-0.086824	-0.085298	-0.121614	-0.091096	-0.137179	-0.130465	-0.128939	-0.071260	-0.148165
0.011000	-0.063020	-0.084688	-0.078584	-0.117952	-0.094148	-0.132906	-0.119783	-0.134737	-0.090181	-0.159457
0.011100	-0.066377	-0.080720	-0.073091	-0.112459	-0.107881	-0.119173	-0.110933	-0.140536	-0.107881	-0.165255
0.011200	-0.063630	-0.078889	-0.069123	-0.107576	-0.125887	-0.109102	-0.093233	-0.147555	-0.129549	-0.178378
0.011300	-0.069734	-0.085603	-0.077668	-0.107271	-0.149691	-0.100557	-0.086824	-0.155489	-0.149386	-0.200046
0.011400	-0.079500	-0.101167	-0.101778	-0.113375	-0.175326	-0.093538	-0.088655	-0.162814	-0.164645	-0.214084
0.011500	-0.092622	-0.119478	-0.132601	-0.139620	-0.199130	-0.092927	-0.097810	-0.174105	-0.185092	-0.224460
0.011600	-0.109102	-0.143587	-0.149691	-0.172274	-0.223240	-0.098116	-0.115511	-0.187839	-0.213169	-0.239719
0.011700	-0.121614	-0.163729	-0.157321	-0.203403	-0.228733	-0.110323	-0.129244	-0.202182	-0.236057	-0.257420
0.011800	-0.129549	-0.175936	-0.163119	-0.218357	-0.229343	-0.139925	-0.134127	-0.206455	-0.248569	-0.269932
0.011900	-0.151522	-0.189670	-0.178683	-0.221714	-0.237278	-0.164340	-0.139620	-0.203098	-0.253758	-0.271458
0.012000	-0.174716	-0.214694	-0.200961	-0.231479	-0.244907	-0.179293	-0.145419	-0.199130	-0.263523	-0.270237
0.012100	-0.195773	-0.240940	-0.217441	-0.246433	-0.252842	-0.191806	-0.152133	-0.199741	-0.270237	-0.273899
0.012200	-0.210727	-0.258946	-0.219577	-0.258335	-0.252842	-0.196384	-0.161898	-0.205844	-0.277867	-0.276036
0.012300	-0.209201	-0.265049	-0.211948	-0.273899	-0.242161	-0.205844	-0.171054	-0.207370	-0.277867	-0.272373
0.012400	-0.204929	-0.266880	-0.210117	-0.284276	-0.232395	-0.228428	-0.175631	-0.205234	-0.277867	-0.275425
0.012500	-0.204624	-0.275425	-0.219577	-0.288243	-0.217746	-0.244907	-0.177768	-0.200046	-0.271763	-0.269627
0.012600	-0.205539	-0.284581	-0.230564	-0.300755	-0.224460	-0.253147	-0.177768	-0.193942	-0.264744	-0.255589
0.012700	-0.203098	-0.285191	-0.235142	-0.311437	-0.234836	-0.254368	-0.172274	-0.186007	-0.257725	-0.257420
0.012800	-0.201572	-0.277256	-0.235142	-0.314488	-0.227207	-0.264134	-0.174411	-0.181735	-0.248264	-0.262608
0.012900	-0.195163	-0.271458	-0.232090	-0.308690	-0.218051	-0.282444	-0.187228	-0.178378	-0.229648	-0.257420
0.013000	-0.190280	-0.272373	-0.221714	-0.291295	-0.220188	-0.291600	-0.200351	-0.160372	-0.220493	-0.247654
0.013100	-0.190280	-0.278477	-0.210727	-0.288243	-0.212863	-0.285801	-0.212863	-0.146639	-0.216526	-0.245518
0.013200	-0.189059	-0.273899	-0.208591	-0.295567	-0.208896	-0.282444	-0.225681	-0.136873	-0.211032	-0.240330
0.013300	-0.179904	-0.262913	-0.208286	-0.290379	-0.213474	-0.285801	-0.233616	-0.133822	-0.211643	-0.237278
0.013400	-0.174411	-0.252537	-0.203403	-0.275120	-0.219272	-0.289158	-0.236973	-0.135958	-0.221714	-0.244602
0.013500	-0.170748	-0.237888	-0.201572	-0.253147	-0.219883	-0.292821	-0.240940	-0.145724	-0.221714	-0.246128
0.013600	-0.164034	-0.226291	-0.200656	-0.223850	-0.220493	-0.287938	-0.246128	-0.156405	-0.213169	-0.243076
0.013700	-0.160983	-0.220493	-0.189670	-0.208286	-0.212863	-0.274510	-0.240330	-0.164034	-0.207370	-0.237583
0.013800	-0.159457	-0.206760	-0.181735	-0.202792	-0.215305	-0.254673	-0.230564	-0.162814	-0.208591	-0.237583
0.013900	-0.158236	-0.196994	-0.190280	-0.195468	-0.239109	-0.227817	-0.228733	-0.163119	-0.210117	-0.240940
0.014000	-0.167697	-0.199130	-0.199435	-0.193637	-0.255589	-0.205844	-0.234836	-0.179904	-0.218662	-0.242771
0.014100	-0.171969	-0.200656	-0.203098	-0.194858	-0.258946	-0.196384	-0.235752	-0.207065	-0.226597	-0.248569
0.014200	-0.172579	-0.201877	-0.199130	-0.191806	-0.258640	-0.199130	-0.236057	-0.224460	-0.233005	-0.261082
0.014300	-0.178073	-0.202182	-0.193637	-0.180514	-0.266575	-0.199741	-0.226291	-0.236667	-0.248875	-0.268711
0.014400	-0.194247	-0.201266	-0.182345	-0.168307	-0.280308	-0.188449	-0.217136	-0.243076	-0.267796	-0.266575
0.014500	-0.206760	-0.206760	-0.182040	-0.165560	-0.278782	-0.178378	-0.217746	-0.247654	-0.279698	-0.265965
0.014600	-0.213169	-0.217136	-0.193027	-0.173800	-0.269932	-0.178683	-0.227207	-0.258946	-0.280613	-0.262913
0.014700	-0.220188	-0.224765	-0.209506	-0.187533	-0.266270	-0.178378	-0.233616	-0.269322	-0.277562	-0.258335
0.014800	-0.231785	-0.231479	-0.213169	-0.200656	-0.257420	-0.174105	-0.236057	-0.275425	-0.276646	-0.263523
0.014900	-0.242771	-0.226597	-0.216831	-0.205539	-0.241856	-0.173495	-0.226597	-0.276341	-0.277256	-0.267796
0.015000	-0.246128	-0.221103	-0.222934	-0.202487	-0.236667	-0.172579	-0.224460	-0.275730	-0.278477	-0.256504
0.015100	-0.251621	-0.224460	-0.223240	-0.202487	-0.229038	-0.168612	-0.230869	-0.269932	-0.287022	-0.253147
0.015200	-0.261997	-0.241550	-0.225681	-0.218051	-0.229038	-0.160678	-0.241245	-0.268101	-0.290990	-0.264439
0.015300	-0.271763	-0.256504	-0.226291	-0.237583	-0.234531	-0.168307	-0.251621	-0.265660	-0.290990	-0.273594
0.015400	-0.280308	-0.261387	-0.225681	-0.253758	-0.229954	-0.179904	-0.260777	-0.264439	-0.288853	-0.265354
0.015500	-0.283360	-0.258946	-0.241550	-0.265354	-0.217441	-0.190585	-0.269322	-0.262913	-0.291295	-0.256199
0.015600	-0.281529	-0.263218	-0.256504	-0.275730	-0.207370	-0.207370	-0.275120	-0.265049	-0.282444	-0.249485
0.015700	-0.287938	-0.268711	-0.258946	-0.284581	-0.207675	-0.222629	-0.274815	-0.267186	-0.269627	-0.240330
0.015800	-0.299229	-0.272068	-0.261387	-0.295262	-0.205844	-0.233921	-0.272679	-0.265354	-0.268711	-0.226597
0.015900	-0.300450	-0.274510	-0.255283	-0.307775	-0.203403	-0.252842	-0.282139	-0.254368	-0.278782	-0.222934
0.016000	-0.291905	-0.263829	-0.242161	-0.315099	-0.203403	-0.271153	-0.292821	-0.245823	-0.276036	-0.222934
0.016100	-0.282750	-0.246433	-0.225376	-0.304723	-0.188144	-0.276036	-0.294957	-0.252842	-0.261997	-0.214389
0.016200	-0.269627	-0.236667	-0.217746	-0.294652	-0.157931	-0.280003	-0.289158	-0.254063	-0.241856	-0.211032
0.016300	-0.259556	-0.230259	-0.214389	-0.286107	-0.144198	-0.277867	-0.279698	-0.252537	-0.218051	-0.209506
0.016400	-0.259251	-0.220798	-0.218967	-0.269017	-0.153353	-0.269322	-0.273899	-0.247044	-0.199435	-0.193637
0.016500	-0.256504	-0.213169	-0.226291	-0.251926	-0.168612	-0.252842	-0.272984	-0.228733	-0.199435	-0.179599
0.016600	-0.245212	-0.204318	-0.231174	-0.242161	-0.180514	-0.241245	-0.268101	-0.216831	-0.205844	-0.176852
0.016700	-0.237278	-0.194247	-0.224155	-0.225681	-0.187839	-0.240635	-0.257420	-0.217441	-0.209506	-0.171664
0.016800	-0.232090	-0.187228	-0.223240	-0.214694	-0.195163	-0.243992	-0.259251	-0.224460	-0.207675	-0.166171
0.016900	-0.225986	-0.189059	-0.231479	-0.203708	-0.202487	-0.240330	-0.264744	-0.228122	-0.193332	-0.165255
0.017000	-0.222324	-0.188754	-0.239109	-0.191195	-0.210117	-0.235142	-0.251316	-0.228122	-0.178988	-0.162203
0.017100	-0.221103	-0.174411	-0.247654	-0.182040	-0.216526	-0.216526	-0.229648	-0.229648	-0.177157	-0.151522
0.017200	-0.220798	-0.159457	-0.255589	-0.171969	-0.213169	-0.193332	-0.211948	-0.236057	-0.182956	-0.142062
0.017300	-0.211032	-0.153353	-0.254673	-0.155184	-0.202182	-0.181735	-0.198520	-0.239719	-0.182040	-0.133822
0.017400	-0.191501	-0.145419	-0.237278	-0.137179	-0.203403	-0.176852	-0.189975	-0.230259	-0.169528	-0.121309
0.017500	-0.186313	-0.141451	-0.224460	-0.124361	-0.200046	-0.166171	-0.186313	-0.224155	-0.154879	-0.119173
0.017600	-0.188754	-0.142062	-0.213779	-0.123445	-0.192721	-0.151522	-0.178378	-0.218357	-0.149081	-0.128939
0.017700	-0.187839	-0.138399	-0.207370	-0.129244	-0.194858	-0.138399	-0.170748	-0.207981	-0.150607	-0.131075
0.017800	-0.183871	-0.130770	-0.210117	-0.129549	-0.195163	-0.128939	-0.164340	-0.202182	-0.151217	-0.130160
0.017900	-0.184176	-0.129244	-0.218357	-0.130770	-0.186923	-0.128328	-0.164034	-0.199435	-0.146639	-0.137179
0.018000	-0.182650	-0.135042	-0.215000	-0.133516	-0.175936	-0.130465	-0.169833	-0.191806	-0.144503	-0.136263
0.018100	-0.183871	-0.139620	-0.189364	-0.135348	-0.160067	-0.129854	-0.167391	-0.179904	-0.147860	-0.130770
0.018200	-0.182650	-0.135653	-0.163729	-0.133822	-0.154879	-0.125277	-0.153964	-0.169833	-0.146944	-0.128023
0.018300	-0.179599	-0.131685	-0.156405	-0.133516	-0.156100	-0.119783	-0.147250	-0.159762	-0.143893	-0.132906
0.018400	-0.180209	-0.135958	-0.159457	-0.135958	-0.152743	-0.123140	-0.144503	-0.154574	-0.145113	-0.145113
0.018500	-0.188754	-0.142672	-0.167391	-0.144198	-0.145419	-0.129549	-0.152438	-0.155184	-0.154574	-0.153658
0.018600	-0.198825	-0.150301	-0.181125	-0.155489	-0.147250	-0.135653	-0.162509	-0.160983	-0.164340	-0.162509
0.018700	-0.196994	-0.157321	-0.186007	-0.164645	-0.150912	-0.140536	-0.159457	-0.161288	-0.168917	-0.171054
0.018800	-0.189975	-0.160372	-0.196994	-0.178073	-0.160983	-0.144808	-0.163119	-0.160067	-0.180209	-0.177462
0.018900	-0.194552	-0.162814	-0.206760	-0.190280	-0.170748	-0.152438	-0.182956	-0.164340	-0.186923	-0.189364
0.019000	-0.201572	-0.170138	-0.199435	-0.200046	-0.174716	-0.167391	-0.196994	-0.174716	-0.186923	-0.199741
0.019100	-0.201572	-0.170138	-0.188754	-0.210117	-0.180209	-0.186923	-0.203403	-0.178073	-0.182650	-0.199435
0.019200	-0.202487	-0.158541	-0.184176	-0.215305	-0.182956	-0.200656	-0.196384	-0.179293	-0.183871	-0.196384
0.019300	-0.200046	-0.145113	-0.193027	-0.209201	-0.179293	-0.208896	-0.185702	-0.182956	-0.190890	-0.193942
0.019400	-0.190890	-0.145113	-0.208286	-0.198520	-0.177157	-0.211948	-0.178378	-0.182650	-0.201877	-0.182956
0.019500	-0.182956	-0.155489	-0.211032	-0.190280	-0.172885	-0.206149	-0.179904	-0.182956	-0.202487	-0.180514
0.019600	-0.171359	-0.160067	-0.201572	-0.179599	-0.167697	-0.203708	-0.181735	-0.190585	-0.190585	-0.182040
0.019700	-0.154574	-0.152133	-0.191806	-0.167391	-0.160983	-0.208286	-0.170138	-0.184482	-0.173800	-0.178683
0.019800	-0.143587	-0.135348	-0.178378	-0.149996	-0.154574	-0.199435	-0.145113	-0.169528	-0.164340	-0.164950
0.019900	-0.138094	-0.111849	-0.178073	-0.128328	-0.151217	-0.180209	-0.133822	-0.157321	-0.155795	-0.148776
0.020000	-0.129549	-0.103609	-0.184176	-0.108492	-0.155489	-0.160983	-0.131380	-0.147250	-0.145419	-0.130770
0.020100	-0.113069	-0.106355	-0.187228	-0.102388	-0.152743	-0.150912	-0.120089	-0.137484	-0.128939	-0.120699
0.020200	-0.102388	-0.110933	-0.184176	-0.099947	-0.152133	-0.144808	-0.118563	-0.129549	-0.111543	-0.113680
0.020300	-0.100252	-0.110628	-0.169833	-0.095979	-0.153658	-0.138399	-0.119173	-0.118563	-0.104219	-0.107576
0.020400	-0.090791	-0.101778	-0.140841	-0.083772	-0.143893	-0.129244	-0.107271	-0.110628	-0.095064	-0.098116
0.020500	-0.072786	-0.088960	-0.114900	-0.067292	-0.127108	-0.124361	-0.090791	-0.099947	-0.074617	-0.080415
0.020600	-0.058137	-0.077058	-0.099336	-0.048676	-0.107271	-0.111543	-0.079500	-0.077974	-0.062104	-0.063020
0.020700	-0.050202	-0.057832	-0.092317	-0.037690	-0.097810	-0.099947	-0.067903	-0.063630	-0.057832	-0.065156
0.020800	-0.058442	-0.052949	-0.089265	-0.033417	-0.098116	-0.091096	-0.065461	-0.058442	-0.055085	-0.067903
0.020900	-0.065156	-0.061494	-0.084382	-0.034333	-0.095674	-0.084382	-0.065156	-0.055390	-0.062409	-0.067597
0.021000	-0.063935	-0.071260	-0.081941	-0.040742	-0.095979	-0.077363	-0.070344	-0.060578	-0.068818	-0.067903
0.021100	-0.066072	-0.086519	-0.087434	-0.052033	-0.100252	-0.079194	-0.077974	-0.070344	-0.063325	-0.066987
0.021200	-0.074922	-0.108797	-0.093233	-0.067903	-0.108797	-0.084993	-0.089265	-0.077363	-0.061189	-0.073396
0.021300	-0.092012	-0.129854	-0.096895	-0.086824	-0.128023	-0.095064	-0.100557	-0.083772	-0.067597	-0.094759
0.021400	-0.113680	-0.155795	-0.102693	-0.105745	-0.148165	-0.109712	-0.113985	-0.096590	-0.084993	-0.114595
0.021500	-0.129244	-0.178683	-0.113375	-0.128939	-0.162203	-0.125887	-0.127718	-0.118563	-0.111849	-0.135348
0.021600	-0.139620	-0.202182	-0.131685	-0.153048	-0.184787	-0.142977	-0.145724	-0.139315	-0.141146	-0.156405
0.021700	-0.155184	-0.229343	-0.150607	-0.175326	-0.208896	-0.167086	-0.167391	-0.155795	-0.167697	-0.182956
0.021800	-0.170138	-0.269322	-0.172885	-0.198825	-0.226597	-0.194247	-0.184176	-0.178073	-0.187533	-0.218662
0.021900	-0.193637	-0.318456	-0.192111	-0.220798	-0.245212	-0.217746	-0.199741	-0.197299	-0.204929	-0.253147
0.022000	-0.222019	-0.354772	-0.202792	-0.243381	-0.257115	-0.236057	-0.213779	-0.214694	-0.229343	-0.276341
0.022100	-0.240940	-0.367590	-0.209506	-0.262303	-0.264744	-0.252232	-0.229648	-0.239719	-0.252842	-0.297093
0.022200	-0.242466	-0.370337	-0.222019	-0.271763	-0.273899	-0.267796	-0.242771	-0.260166	-0.274205	-0.309300
0.022300	-0.240940	-0.366980	-0.229648	-0.278782	-0.283055	-0.278782	-0.252232	-0.268101	-0.289464	-0.321813
0.022400	-0.235447	-0.366369	-0.235752	-0.286107	-0.284276	-0.291600	-0.256199	-0.276036	-0.298314	-0.330053
0.022500	-0.239414	-0.366674	-0.235447	-0.289769	-0.277867	-0.299229	-0.251621	-0.280003	-0.291905	-0.333410
0.022600	-0.240940	-0.355688	-0.235142	-0.291295	-0.269627	-0.296788	-0.241245	-0.276951	-0.290074	-0.328527
0.022700	-0.236057	-0.338598	-0.246128	-0.290379	-0.266270	-0.288243	-0.229343	-0.268711	-0.291295	-0.319982
0.022800	-0.235447	-0.326696	-0.259556	-0.286717	-0.266880	-0.281224	-0.229343	-0.260777	-0.288853	-0.311742
0.022900	-0.227817	-0.315709	-0.264439	-0.281224	-0.260166	-0.280003	-0.232395	-0.252232	-0.287633	-0.310216
0.023000	-0.211948	-0.294347	-0.252842	-0.275730	-0.242771	-0.278782	-0.232090	-0.241245	-0.275730	-0.295872
0.023100	-0.192721	-0.257420	-0.236057	-0.262303	-0.219577	-0.277867	-0.217441	-0.221103	-0.255589	-0.275120
0.023200	-0.166476	-0.229954	-0.218967	-0.243992	-0.201572	-0.267186	-0.197604	-0.201877	-0.238193	-0.256809
0.023300	-0.152438	-0.220493	-0.204624	-0.228733	-0.186923	-0.249790	-0.180209	-0.187839	-0.214389	-0.230564
0.023400	-0.148470	-0.219577	-0.194247	-0.218357	-0.175631	-0.238193	-0.170138	-0.171359	-0.187228	-0.200656
0.023500	-0.141756	-0.211337	-0.191195	-0.210727	-0.163729	-0.230869	-0.161288	-0.157321	-0.165866	-0.184787
0.023600	-0.141451	-0.203708	-0.183871	-0.206760	-0.156710	-0.220798	-0.147860	-0.151217	-0.157931	-0.175936
0.023700	-0.150912	-0.193332	-0.181125	-0.205234	-0.160372	-0.207981	-0.144198	-0.145724	-0.161898	-0.171664
0.023800	-0.160678	-0.188754	-0.184787	-0.207370	-0.172579	-0.200351	-0.147860	-0.144808	-0.166171	-0.172274
0.023900	-0.174105	-0.193942	-0.193942	-0.216831	-0.184176	-0.203098	-0.159457	-0.150607	-0.170443	-0.176852
0.024000	-0.189670	-0.208591	-0.199130	-0.229343	-0.196994	-0.211337	-0.177462	-0.159762	-0.179904	-0.183871
0.024100	-0.206149	-0.220798	-0.206149	-0.241856	-0.217441	-0.221103	-0.189670	-0.175631	-0.193027	-0.190585
0.024200	-0.227207	-0.233616	-0.215305	-0.252537	-0.241550	-0.229648	-0.198825	-0.188754	-0.204624	-0.199130
0.024300	-0.258030	-0.249790	-0.229343	-0.257725	-0.257725	-0.241856	-0.219883	-0.200351	-0.217136	-0.202182
0.024400	-0.294957	-0.274510	-0.240940	-0.263523	-0.270543	-0.252232	-0.246738	-0.216220	-0.226597	-0.211032
0.024500	-0.324865	-0.299535	-0.248875	-0.276646	-0.286412	-0.265354	-0.260472	-0.232395	-0.240024	-0.228428
0.024600	-0.352331	-0.322728	-0.254368	-0.295872	-0.304723	-0.276646	-0.269932	-0.251621	-0.259861	-0.256504
0.024700	-0.377356	-0.341039	-0.267186	-0.312962	-0.324559	-0.289769	-0.287327	-0.274205	-0.286107	-0.280308
0.024800	-0.391089	-0.357824	-0.291905	-0.330663	-0.343786	-0.303502	-0.308995	-0.297093	-0.309911	-0.298314
0.024900	-0.399329	-0.373693	-0.320897	-0.344701	-0.353857	-0.314488	-0.335851	-0.319371	-0.327001	-0.315099
0.025000	-0.406958	-0.389563	-0.342565	-0.351110	-0.366674	-0.324865	-0.359350	-0.343175	-0.339818	-0.330053
0.025100	-0.412146	-0.395972	-0.351415	-0.355077	-0.379797	-0.332799	-0.375524	-0.358434	-0.348974	-0.335851
0.025200	-0.411841	-0.389868	-0.352331	-0.361791	-0.389868	-0.339208	-0.385290	-0.365759	-0.359655	-0.351415
0.025300	-0.413062	-0.375524	-0.351110	-0.371252	-0.384680	-0.345006	-0.384985	-0.371252	-0.370337	-0.362707
0.025400	-0.404517	-0.362707	-0.350805	-0.376745	-0.377356	-0.352331	-0.383764	-0.381018	-0.370031	-0.362402
0.025500	-0.387732	-0.347448	-0.345312	-0.374609	-0.367590	-0.354162	-0.382544	-0.386511	-0.365148	-0.359350
0.025600	-0.367285	-0.329748	-0.338903	-0.368811	-0.355688	-0.356603	-0.375830	-0.381628	-0.358740	-0.355077
0.025700	-0.353552	-0.306554	-0.328527	-0.351110	-0.337377	-0.357824	-0.367590	-0.373999	-0.347448	-0.350195
0.025800	-0.344091	-0.285801	-0.312962	-0.329137	-0.315709	-0.341344	-0.353552	-0.363928	-0.336156	-0.339208
0.025900	-0.337987	-0.265354	-0.299535	-0.309300	-0.289158	-0.317845	-0.332799	-0.353246	-0.321202	-0.317235
0.026000	-0.327001	-0.242466	-0.289769	-0.291295	-0.257420	-0.297398	-0.310826	-0.334935	-0.300755	-0.293736
0.026100	-0.307164	-0.212863	-0.276036	-0.270848	-0.233310	-0.274205	-0.293126	-0.306554	-0.285496	-0.278477
0.026200	-0.275425	-0.186923	-0.259251	-0.252232	-0.216526	-0.248875	-0.274815	-0.285496	-0.271763	-0.268711
0.026300	-0.252842	-0.161288	-0.246128	-0.233616	-0.202487	-0.227817	-0.256199	-0.269017	-0.250401	-0.256504
0.026400	-0.238193	-0.135042	-0.227512	-0.210727	-0.189364	-0.211948	-0.233616	-0.251316	-0.229954	-0.238193
0.026500	-0.225376	-0.108797	-0.208591	-0.193942	-0.167391	-0.202792	-0.214694	-0.225071	-0.212863	-0.201877
0.026600	-0.207981	-0.092012	-0.191195	-0.175631	-0.149081	-0.185702	-0.201572	-0.197604	-0.196994	-0.170748
0.026700	-0.199741	-0.074006	-0.172274	-0.164950	-0.141756	-0.165255	-0.182956	-0.177462	-0.182650	-0.161593
0.026800	-0.194858	-0.057221	-0.155184	-0.160678	-0.138399	-0.150607	-0.160678	-0.164034	-0.169528	-0.150607
0.026900	-0.193942	-0.048371	-0.142062	-0.158541	-0.135958	-0.135348	-0.149996	-0.149996	-0.159762	-0.132906
0.027000	-0.196994	-0.045930	-0.137179	-0.152438	-0.128328	-0.130770	-0.147250	-0.139010	-0.155489	-0.125582
0.027100	-0.200961	-0.048066	-0.144198	-0.156100	-0.125582	-0.137179	-0.148776	-0.139315	-0.158541	-0.126192
0.027200	-0.207065	-0.061494	-0.153964	-0.160372	-0.136873	-0.137179	-0.159152	-0.146944	-0.168307	-0.128328
0.027300	-0.216831	-0.085908	-0.160372	-0.162203	-0.153658	-0.142977	-0.164340	-0.160983	-0.180209	-0.136568
0.027400	-0.231174	-0.110628	-0.170138	-0.167086	-0.165866	-0.154574	-0.166476	-0.171664	-0.195773	-0.146639
0.027500	-0.243687	-0.141146	-0.183566	-0.183261	-0.180209	-0.160678	-0.170748	-0.184176	-0.210422	-0.157321
0.027600	-0.255589	-0.174105	-0.199435	-0.203098	-0.200351	-0.173190	-0.185397	-0.202182	-0.222324	-0.179904
0.027700	-0.265660	-0.195163	-0.216831	-0.220493	-0.224155	-0.196384	-0.202182	-0.224460	-0.231785	-0.201572
0.027800	-0.272068	-0.205234	-0.230564	-0.232395	-0.246738	-0.213779	-0.222629	-0.236667	-0.236973	-0.207065
0.027900	-0.274205	-0.222324	-0.237888	-0.240330	-0.254673	-0.224155	-0.244602	-0.236362	-0.248875	-0.211337
0.028000	-0.264134	-0.243381	-0.239109	-0.245518	-0.255283	-0.228733	-0.262608	-0.241550	-0.262608	-0.222934
0.028100	-0.253147	-0.256809	-0.238193	-0.251316	-0.256199	-0.239109	-0.269322	-0.258335	-0.263523	-0.236973
0.028200	-0.241856	-0.258946	-0.243992	-0.248264	-0.257115	-0.243992	-0.270237	-0.264744	-0.254673	-0.243687
0.028300	-0.235752	-0.258335	-0.247349	-0.237278	-0.254978	-0.237888	-0.277562	-0.259861	-0.254368	-0.239109
0.028400	-0.235447	-0.257725	-0.246128	-0.226291	-0.253147	-0.231174	-0.282750	-0.259251	-0.259556	-0.244602
0.028500	-0.230259	-0.257115	-0.242771	-0.220188	-0.247654	-0.229343	-0.278172	-0.263829	-0.258030	-0.254673
0.028600	-0.211948	-0.248569	-0.235752	-0.207370	-0.238193	-0.224155	-0.271763	-0.262608	-0.251011	-0.256199
0.028700	-0.190280	-0.232395	-0.231479	-0.196078	-0.235142	-0.216526	-0.269932	-0.258640	-0.240330	-0.253452
0.028800	-0.173190	-0.213779	-0.229343	-0.184787	-0.235752	-0.206455	-0.260777	-0.245212	-0.229648	-0.242161
0.028900	-0.161898	-0.201266	-0.218967	-0.179599	-0.222629	-0.195163	-0.249485	-0.226291	-0.220493	-0.228428
0.029000	-0.148470	-0.189670	-0.192721	-0.174105	-0.196994	-0.188144	-0.232395	-0.215000	-0.212253	-0.223545
0.029100	-0.131685	-0.168612	-0.168307	-0.151217	-0.173800	-0.177768	-0.210422	-0.210422	-0.196384	-0.212863
0.029200	-0.112764	-0.144503	-0.159762	-0.127413	-0.152133	-0.159457	-0.190280	-0.191501	-0.178073	-0.184787
0.029300	-0.093233	-0.128023	-0.149386	-0.107881	-0.133822	-0.135958	-0.174411	-0.171054	-0.161593	-0.160678
0.029400	-0.080720	-0.116121	-0.137484	-0.092927	-0.120394	-0.126497	-0.159762	-0.158541	-0.144808	-0.148470
0.029500	-0.075532	-0.110933	-0.119783	-0.083467	-0.106966	-0.118868	-0.142062	-0.148165	-0.124666	-0.133211
0.029600	-0.071260	-0.108187	-0.103304	-0.075227	-0.092012	-0.105745	-0.117952	-0.136873	-0.108187	-0.113680
0.029700	-0.067597	-0.110933	-0.097810	-0.066987	-0.080415	-0.087739	-0.095979	-0.125887	-0.096590	-0.102693
0.029800	-0.073091	-0.110628	-0.106966	-0.066987	-0.084993	-0.081025	-0.085908	-0.116732	-0.093233	-0.094148
0.029900	-0.088350	-0.106050	-0.112459	-0.066072	-0.090791	-0.077668	-0.083467	-0.103609	-0.088960	-0.086213
0.030000	-0.098726	-0.100557	-0.115816	-0.068513	-0.091402	-0.074922	-0.083467	-0.092927	-0.086824	-0.083772
0.030100	-0.101167	-0.102998	-0.119173	-0.074617	-0.096284	-0.081941	-0.083772	-0.093538	-0.089265	-0.084688
0.030200	-0.107271	-0.109407	-0.124056	-0.083162	-0.101167	-0.084688	-0.084382	-0.096590	-0.094759	-0.088655
0.030300	-0.110018	-0.119783	-0.127413	-0.090486	-0.093538	-0.088655	-0.084077	-0.094759	-0.097505	-0.089570
0.030400	-0.111543	-0.123751	-0.132906	-0.097505	-0.086519	-0.101778	-0.084077	-0.096590	-0.099947	-0.080415
0.030500	-0.128328	-0.129244	-0.141756	-0.102083	-0.099947	-0.108797	-0.085908	-0.099031	-0.102083	-0.086213
0.030600	-0.142977	-0.143282	-0.149081	-0.110018	-0.115511	-0.108492	-0.093538	-0.104219	-0.105745	-0.095979
0.030700	-0.142062	-0.160372	-0.156100	-0.121309	-0.123445	-0.121004	-0.106661	-0.112764	-0.110323	-0.104219
0.030800	-0.142062	-0.174716	-0.158541	-0.129549	-0.128939	-0.131685	-0.120699	-0.119173	-0.118868	-0.115206
0.030900	-0.145419	-0.181735	-0.168917	-0.141756	-0.132296	-0.133211	-0.128328	-0.123751	-0.117342	-0.122530
0.031000	-0.146334	-0.182956	-0.176547	-0.154574	-0.130770	-0.139315	-0.135042	-0.127108	-0.113680	-0.120394
0.031100	-0.151217	-0.190280	-0.177157	-0.164034	-0.135958	-0.145724	-0.139620	-0.135653	-0.119478	-0.131991
0.031200	-0.149386	-0.196689	-0.178988	-0.169528	-0.144198	-0.152133	-0.144503	-0.143587	-0.126803	-0.148165
0.031300	-0.141451	-0.196689	-0.180209	-0.171359	-0.143893	-0.164034	-0.149081	-0.147860	-0.131075	-0.154879
0.031400	-0.133516	-0.195773	-0.180209	-0.172885	-0.149386	-0.172274	-0.158541	-0.149081	-0.133211	-0.161288
0.031500	-0.132906	-0.196994	-0.187839	-0.183261	-0.164034	-0.178378	-0.174411	-0.153353	-0.138094	-0.167391
0.031600	-0.139315	-0.199741	-0.194858	-0.196078	-0.178073	-0.189059	-0.191806	-0.165255	-0.143893	-0.175936
0.031700	-0.142062	-0.207675	-0.188144	-0.195163	-0.182956	-0.199130	-0.196078	-0.176242	-0.147250	-0.185702
0.031800	-0.135653	-0.210422	-0.176852	-0.189975	-0.175936	-0.202792	-0.191195	-0.186923	-0.146334	-0.191501
0.031900	-0.133516	-0.206760	-0.173190	-0.191501	-0.171359	-0.202792	-0.179599	-0.188144	-0.142062	-0.191501
0.032000	-0.143893	-0.211337	-0.179599	-0.197299	-0.182956	-0.199741	-0.178683	-0.181430	-0.143282	-0.196078
0.032100	-0.162203	-0.220798	-0.191195	-0.205539	-0.194552	-0.200351	-0.190280	-0.178988	-0.152133	-0.193637
0.032200	-0.178073	-0.232090	-0.199741	-0.207065	-0.205539	-0.202487	-0.196384	-0.190280	-0.166171	-0.191806
0.032300	-0.188754	-0.240635	-0.201877	-0.200656	-0.215915	-0.202182	-0.190280	-0.200046	-0.170443	-0.199741
0.032400	-0.193637	-0.246738	-0.204318	-0.199130	-0.215000	-0.204929	-0.182345	-0.206149	-0.170443	-0.206760
0.032500	-0.191501	-0.248875	-0.203098	-0.203098	-0.213169	-0.212558	-0.177157	-0.211032	-0.177768	-0.209201
0.032600	-0.193027	-0.247959	-0.206149	-0.209201	-0.222934	-0.214389	-0.178073	-0.207675	-0.184482	-0.218051
0.032700	-0.201572	-0.250401	-0.218051	-0.213474	-0.233005	-0.214389	-0.177157	-0.203403	-0.191806	-0.221103
0.032800	-0.214694	-0.260472	-0.221714	-0.218967	-0.240635	-0.218967	-0.176547	-0.207065	-0.203708	-0.223240
0.032900	-0.229648	-0.269627	-0.219883	-0.230564	-0.246128	-0.223850	-0.182956	-0.207370	-0.207675	-0.229038
0.033000	-0.233921	-0.271763	-0.221714	-0.235752	-0.241856	-0.229954	-0.192111	-0.201572	-0.206149	-0.229648
0.033100	-0.229038	-0.272068	-0.221103	-0.240330	-0.243076	-0.236973	-0.190280	-0.197909	-0.204929	-0.225681
0.033200	-0.231174	-0.269627	-0.223240	-0.243381	-0.243381	-0.237583	-0.181735	-0.196078	-0.202487	-0.222019
0.033300	-0.243076	-0.262303	-0.224765	-0.239414	-0.239719	-0.238193	-0.178073	-0.199741	-0.208896	-0.214389
0.033400	-0.246128	-0.253452	-0.218662	-0.236362	-0.237583	-0.240330	-0.178073	-0.204318	-0.214694	-0.212558
0.033500	-0.233921	-0.249180	-0.217746	-0.242161	-0.236973	-0.234836	-0.178073	-0.202487	-0.223240	-0.218051
0.033600	-0.219272	-0.243992	-0.225681	-0.251316	-0.235752	-0.236362	-0.189670	-0.201266	-0.223545	-0.229343
0.033700	-0.211337	-0.237278	-0.231479	-0.257725	-0.241856	-0.243992	-0.201572	-0.201572	-0.219577	-0.241550
0.033800	-0.225681	-0.236057	-0.236362	-0.258946	-0.247349	-0.256504	-0.208591	-0.209201	-0.221103	-0.243992
0.033900	-0.239109	-0.235752	-0.234226	-0.260777	-0.243687	-0.269932	-0.207370	-0.217441	-0.225986	-0.240635
0.034000	-0.231174	-0.229648	-0.229648	-0.268101	-0.239109	-0.273899	-0.202182	-0.218051	-0.229343	-0.248569
0.034100	-0.221714	-0.227512	-0.234226	-0.272984	-0.242466	-0.269017	-0.199741	-0.211643	-0.233921	-0.260777
0.034200	-0.225071	-0.227512	-0.242466	-0.281529	-0.243992	-0.267796	-0.207675	-0.207675	-0.237278	-0.259861
0.034300	-0.231479	-0.221714	-0.243076	-0.289464	-0.246738	-0.268406	-0.225986	-0.208286	-0.239414	-0.260777
0.034400	-0.233616	-0.217136	-0.241245	-0.289769	-0.243381	-0.281529	-0.242161	-0.215000	-0.245518	-0.261997
0.034500	-0.225376	-0.217441	-0.240024	-0.286412	-0.241550	-0.291905	-0.243076	-0.226291	-0.253758	-0.264134
0.034600	-0.221103	-0.228428	-0.245518	-0.283970	-0.247959	-0.288853	-0.240940	-0.234836	-0.265660	-0.280003
0.034700	-0.233005	-0.244907	-0.260777	-0.282444	-0.266880	-0.277867	-0.253147	-0.239109	-0.276036	-0.296178
0.034800	-0.244907	-0.255589	-0.277562	-0.294347	-0.287938	-0.270237	-0.272373	-0.248264	-0.292821	-0.304723
0.034900	-0.259251	-0.263829	-0.284581	-0.317540	-0.302586	-0.281224	-0.290379	-0.262303	-0.318761	-0.312962
0.035000	-0.279393	-0.276951	-0.283665	-0.329748	-0.306554	-0.300145	-0.307775	-0.274510	-0.336461	-0.330053
0.035100	-0.291905	-0.288548	-0.287633	-0.334325	-0.314488	-0.312047	-0.323644	-0.287327	-0.343481	-0.345006
0.035200	-0.303197	-0.301061	-0.294347	-0.334325	-0.324254	-0.312352	-0.330968	-0.303197	-0.344091	-0.351110
0.035300	-0.316319	-0.308385	-0.298009	-0.334630	-0.330968	-0.310521	-0.334630	-0.316319	-0.346532	-0.344091
0.035400	-0.315404	-0.312352	-0.301061	-0.340429	-0.333105	-0.313268	-0.340124	-0.326696	-0.351110	-0.333105
0.035500	-0.323949	-0.323949	-0.300755	-0.344091	-0.334630	-0.316319	-0.345617	-0.334020	-0.361181	-0.327001
0.035600	-0.340124	-0.336767	-0.305638	-0.337682	-0.337987	-0.305638	-0.345617	-0.341344	-0.370642	-0.329442
0.035700	-0.341649	-0.338903	-0.316319	-0.339818	-0.343175	-0.303502	-0.348974	-0.340429	-0.371557	-0.337987
0.035800	-0.345617	-0.339208	-0.318456	-0.346838	-0.340734	-0.306554	-0.362402	-0.344701	-0.366674	-0.347753
0.035900	-0.347448	-0.338598	-0.309300	-0.342260	-0.330053	-0.310216	-0.367895	-0.352636	-0.364233	-0.342565
0.036000	-0.345922	-0.332799	-0.297398	-0.333715	-0.322728	-0.310521	-0.365148	-0.355993	-0.358740	-0.335851
0.036100	-0.347448	-0.327916	-0.288548	-0.320897	-0.319982	-0.296788	-0.355383	-0.353857	-0.346532	-0.326085
0.036200	-0.338598	-0.315404	-0.287022	-0.305333	-0.314183	-0.276951	-0.342260	-0.346532	-0.340429	-0.306859
0.036300	-0.320592	-0.293431	-0.280613	-0.294957	-0.302892	-0.269017	-0.334325	-0.331884	-0.336461	-0.298314
0.036400	-0.303502	-0.275425	-0.265354	-0.287633	-0.283055	-0.269627	-0.332799	-0.317845	-0.324254	-0.294652
0.036500	-0.281834	-0.257725	-0.245518	-0.275730	-0.262303	-0.262913	-0.329748	-0.312047	-0.298924	-0.283055
0.036600	-0.256199	-0.230259	-0.229648	-0.259251	-0.247044	-0.249790	-0.318151	-0.306249	-0.281529	-0.261082
0.036700	-0.228733	-0.205539	-0.216831	-0.239109	-0.233921	-0.235142	-0.295872	-0.295567	-0.269932	-0.242161
0.036800	-0.202182	-0.184176	-0.201572	-0.218051	-0.213779	-0.217136	-0.273899	-0.277256	-0.253758	-0.233616
0.036900	-0.184482	-0.162814	-0.183261	-0.202792	-0.191195	-0.204318	-0.256809	-0.254978	-0.239109	-0.225376
0.037000	-0.170443	-0.141146	-0.162509	-0.189975	-0.172274	-0.194858	-0.240024	-0.239109	-0.230869	-0.206760
0.037100	-0.161593	-0.129244	-0.144808	-0.178073	-0.159457	-0.183566	-0.230259	-0.223240	-0.214084	-0.187839
0.037200	-0.166476	-0.119173	-0.133516	-0.160678	-0.143587	-0.170443	-0.218662	-0.207675	-0.198825	-0.172885
0.037300	-0.169528	-0.107271	-0.131075	-0.142062	-0.130465	-0.160067	-0.204624	-0.194552	-0.186313	-0.156710
0.037400	-0.162814	-0.091707	-0.122530	-0.128023	-0.122530	-0.152743	-0.188754	-0.178988	-0.168002	-0.145724
0.037500	-0.150912	-0.074617	-0.118868	-0.127108	-0.123751	-0.146334	-0.168307	-0.166476	-0.155489	-0.136263
0.037600	-0.147860	-0.067292	-0.116732	-0.126497	-0.120394	-0.141451	-0.158541	-0.164034	-0.153353	-0.123445
0.037700	-0.154269	-0.068513	-0.112459	-0.120394	-0.113375	-0.137179	-0.157015	-0.159762	-0.160983	-0.112764
0.037800	-0.155795	-0.069734	-0.116732	-0.114290	-0.111849	-0.131380	-0.150607	-0.155489	-0.166781	-0.113680
0.037900	-0.157321	-0.068818	-0.128328	-0.117952	-0.112459	-0.124971	-0.147860	-0.149386	-0.157321	-0.118868
0.038000	-0.160372	-0.068818	-0.143282	-0.126803	-0.121309	-0.128939	-0.154879	-0.142977	-0.148165	-0.115511
0.038100	-0.172885	-0.081025	-0.153964	-0.137484	-0.136873	-0.135042	-0.160678	-0.138399	-0.149081	-0.113069
0.038200	-0.195163	-0.107576	-0.163729	-0.140536	-0.146944	-0.137484	-0.160678	-0.139925	-0.150912	-0.118868
0.038300	-0.212253	-0.127108	-0.171054	-0.140841	-0.146639	-0.136263	-0.160067	-0.146334	-0.154269	-0.119478
0.038400	-0.223545	-0.137179	-0.180514	-0.143893	-0.149996	-0.137484	-0.164034	-0.153353	-0.163119	-0.120394
0.038500	-0.227512	-0.142977	-0.193332	-0.148470	-0.162814	-0.134127	-0.169833	-0.163119	-0.168307	-0.137484
0.038600	-0.225681	-0.146334	-0.207065	-0.157321	-0.175631	-0.143587	-0.182956	-0.178073	-0.171359	-0.155184
0.038700	-0.219272	-0.150301	-0.215000	-0.173495	-0.182956	-0.160678	-0.204624	-0.197299	-0.179904	-0.161593
0.038800	-0.207065	-0.162203	-0.213169	-0.184482	-0.187839	-0.174411	-0.216526	-0.208896	-0.186923	-0.165866
0.038900	-0.195163	-0.181735	-0.216220	-0.184787	-0.186313	-0.179904	-0.211643	-0.214084	-0.183566	-0.168917
0.039000	-0.198825	-0.199130	-0.216526	-0.181125	-0.178988	-0.174411	-0.204318	-0.213779	-0.180514	-0.174716
0.039100	-0.202182	-0.206760	-0.210117	-0.171359	-0.176852	-0.166171	-0.195468	-0.205539	-0.179293	-0.176852
0.039200	-0.192721	-0.201266	-0.203098	-0.172274	-0.172274	-0.161593	-0.191195	-0.199741	-0.176852	-0.172274
0.039300	-0.180209	-0.189059	-0.189059	-0.172579	-0.162203	-0.160678	-0.197909	-0.202487	-0.172579	-0.168612
0.039400	-0.163729	-0.178073	-0.173495	-0.161288	-0.156100	-0.151522	-0.202182	-0.196078	-0.160067	-0.167086
0.039500	-0.146334	-0.173800	-0.164950	-0.148776	-0.158846	-0.149081	-0.193942	-0.185397	-0.141756	-0.150607
0.039600	-0.140536	-0.170443	-0.157931	-0.142062	-0.159457	-0.149691	-0.179293	-0.175936	-0.120089	-0.132906
0.039700	-0.145419	-0.159152	-0.142367	-0.135348	-0.144808	-0.156100	-0.158846	-0.168002	-0.108187	-0.122530
0.039800	-0.147250	-0.143282	-0.127413	-0.124361	-0.130465	-0.155184	-0.137179	-0.152438	-0.121309	-0.125887
0.039900	-0.128023	-0.132601	-0.118257	-0.112764	-0.114290	-0.142367	-0.123140	-0.137789	-0.133211	-0.138399
0.040000	-0.095369	-0.118868	-0.107881	-0.100862	-0.105135	-0.132296	-0.116426	-0.136873	-0.126803	-0.141451
0.040100	-0.072786	-0.102388	-0.100557	-0.090181	-0.107576	-0.128328	-0.115511	-0.136263	-0.107881	-0.124971
0.040200	-0.073701	-0.092012	-0.102998	-0.084077	-0.111849	-0.119173	-0.113375	-0.127718	-0.089570	-0.104219
0.040300	-0.086213	-0.090486	-0.096895	-0.077974	-0.107271	-0.113069	-0.097505	-0.120394	-0.074922	-0.087434
0.040400	-0.089265	-0.090791	-0.087739	-0.074311	-0.098116	-0.109102	-0.075532	-0.105135	-0.071565	-0.076143
0.040500	-0.083772	-0.089570	-0.084993	-0.068818	-0.096590	-0.097200	-0.054170	-0.081941	-0.080415	-0.076753
0.040600	-0.077363	-0.084993	-0.090181	-0.064240	-0.092622	-0.087129	-0.046235	-0.071260	-0.081636	-0.076753
0.040700	-0.088960	-0.078584	-0.102083	-0.058747	-0.089265	-0.072786	-0.054475	-0.072175	-0.077058	-0.078889
0.040800	-0.106050	-0.077668	-0.114900	-0.062104	-0.093233	-0.068818	-0.069123	-0.081331	-0.068818	-0.081636
0.040900	-0.105745	-0.085908	-0.121004	-0.075532	-0.100862	-0.088655	-0.072786	-0.094453	-0.060578	-0.080415
0.041000	-0.090486	-0.099336	-0.125887	-0.093538	-0.101167	-0.116426	-0.072175	-0.096895	-0.060884	-0.079194
0.041100	-0.087434	-0.115206	-0.139925	-0.099947	-0.106966	-0.121614	-0.070039	-0.089876	-0.069123	-0.084077
0.041200	-0.105745	-0.132296	-0.158541	-0.100557	-0.119478	-0.114900	-0.072786	-0.082856	-0.080415	-0.095674
0.041300	-0.128328	-0.149081	-0.173190	-0.111849	-0.135348	-0.114290	-0.084382	-0.083467	-0.090486	-0.107881
0.041400	-0.145724	-0.161898	-0.172885	-0.126497	-0.152133	-0.129244	-0.090791	-0.094148	-0.095064	-0.117952
0.041500	-0.154879	-0.173800	-0.172885	-0.132601	-0.160372	-0.146334	-0.096590	-0.107271	-0.099336	-0.127413
0.041600	-0.157321	-0.186923	-0.184176	-0.142672	-0.164950	-0.154574	-0.110323	-0.114290	-0.101778	-0.137484
0.041700	-0.158236	-0.193332	-0.199435	-0.158846	-0.173495	-0.166781	-0.128939	-0.124361	-0.102083	-0.138094
0.041800	-0.168002	-0.197604	-0.212253	-0.174716	-0.189670	-0.184176	-0.136568	-0.124666	-0.106966	-0.137484
0.041900	-0.183261	-0.209201	-0.223850	-0.196689	-0.207065	-0.199435	-0.135042	-0.118257	-0.130770	-0.147860
0.042000	-0.205234	-0.223545	-0.229954	-0.215305	-0.222019	-0.213169	-0.132601	-0.121614	-0.162814	-0.180209
0.042100	-0.225986	-0.236667	-0.240024	-0.218662	-0.233616	-0.220493	-0.147250	-0.137789	-0.185092	-0.218357
0.042200	-0.242771	-0.251926	-0.254368	-0.217441	-0.244602	-0.220188	-0.175326	-0.165866	-0.188754	-0.238804
0.042300	-0.249485	-0.275730	-0.262913	-0.221714	-0.257115	-0.231785	-0.199435	-0.193942	-0.187228	-0.234226
0.042400	-0.258030	-0.292515	-0.263829	-0.241245	-0.266575	-0.253758	-0.211948	-0.205234	-0.194552	-0.231479
0.042500	-0.266575	-0.306249	-0.262913	-0.269017	-0.278782	-0.264744	-0.220798	-0.209201	-0.221103	-0.247654
0.042600	-0.278782	-0.312962	-0.266880	-0.287327	-0.291905	-0.270848	-0.220798	-0.217136	-0.260166	-0.283055
0.042700	-0.286107	-0.321202	-0.268101	-0.290990	-0.288243	-0.265354	-0.227817	-0.229954	-0.288243	-0.312962
0.042800	-0.278477	-0.327611	-0.258335	-0.273899	-0.269322	-0.255589	-0.252537	-0.254063	-0.286717	-0.314488
0.042900	-0.258946	-0.328832	-0.239719	-0.253452	-0.256199	-0.253758	-0.266270	-0.268711	-0.267186	-0.301671
0.043000	-0.231174	-0.323033	-0.223850	-0.249790	-0.254063	-0.253452	-0.260472	-0.270543	-0.257420	-0.290074
0.043100	-0.205844	-0.312047	-0.212253	-0.257725	-0.244602	-0.258946	-0.247044	-0.265660	-0.262913	-0.285191
0.043200	-0.201266	-0.297093	-0.210727	-0.260472	-0.229038	-0.258335	-0.229954	-0.251621	-0.267796	-0.287327
0.043300	-0.207675	-0.292821	-0.215305	-0.252232	-0.221103	-0.239109	-0.225986	-0.242161	-0.263829	-0.284581
0.043400	-0.211032	-0.297398	-0.208896	-0.235752	-0.224155	-0.215305	-0.226597	-0.241856	-0.255283	-0.267796
0.043500	-0.211032	-0.294041	-0.199435	-0.224460	-0.227512	-0.215305	-0.222629	-0.239109	-0.251316	-0.261997
0.043600	-0.210117	-0.291295	-0.200961	-0.225681	-0.228122	-0.237888	-0.218051	-0.235142	-0.252842	-0.273594
0.043700	-0.197604	-0.293736	-0.203708	-0.227207	-0.222324	-0.262608	-0.218357	-0.236362	-0.258640	-0.282444
0.043800	-0.176242	-0.287022	-0.204624	-0.223545	-0.216220	-0.265354	-0.221103	-0.235752	-0.247044	-0.272068
0.043900	-0.170443	-0.279698	-0.217136	-0.217746	-0.221103	-0.256199	-0.230564	-0.235447	-0.215000	-0.242771
0.044000	-0.177462	-0.282139	-0.234836	-0.216831	-0.246433	-0.247654	-0.223850	-0.222324	-0.182040	-0.209506
0.044100	-0.184176	-0.273899	-0.242771	-0.221714	-0.259861	-0.247044	-0.191501	-0.189364	-0.172885	-0.187533
0.044200	-0.185702	-0.253758	-0.236057	-0.213169	-0.241245	-0.250401	-0.153353	-0.162203	-0.178073	-0.187839
0.044300	-0.178073	-0.235752	-0.219272	-0.188449	-0.219272	-0.247349	-0.135653	-0.146334	-0.173495	-0.188144
0.044400	-0.170138	-0.223240	-0.206455	-0.179293	-0.223240	-0.233310	-0.146334	-0.142977	-0.161898	-0.179904
0.044500	-0.190585	-0.225986	-0.212863	-0.191806	-0.241550	-0.231174	-0.155489	-0.143893	-0.155795	-0.164950
0.044600	-0.233616	-0.236973	-0.231174	-0.207981	-0.260472	-0.246738	-0.153658	-0.139315	-0.153048	-0.158541
0.044700	-0.253758	-0.234531	-0.247044	-0.218967	-0.271763	-0.269322	-0.159152	-0.135348	-0.160678	-0.166476
0.044800	-0.245823	-0.225681	-0.261082	-0.220798	-0.277256	-0.279393	-0.171359	-0.151522	-0.181735	-0.182956
0.044900	-0.244602	-0.231479	-0.277256	-0.222629	-0.274815	-0.270237	-0.181430	-0.171664	-0.204929	-0.206149
0.045000	-0.259556	-0.257725	-0.283055	-0.231785	-0.275730	-0.258946	-0.192721	-0.182345	-0.222629	-0.225986
0.045100	-0.277256	-0.278477	-0.272373	-0.254368	-0.283665	-0.246738	-0.208286	-0.191806	-0.238193	-0.237583
0.045200	-0.288548	-0.270237	-0.260472	-0.281529	-0.289464	-0.234836	-0.230259	-0.209506	-0.267186	-0.253452
0.045300	-0.300145	-0.253147	-0.260777	-0.301976	-0.283360	-0.236973	-0.255589	-0.238193	-0.292821	-0.275730
0.045400	-0.306249	-0.251926	-0.272373	-0.304112	-0.272068	-0.243076	-0.282750	-0.266575	-0.314183	-0.295567
0.045500	-0.316930	-0.263829	-0.297093	-0.305638	-0.269017	-0.247349	-0.302586	-0.281224	-0.336461	-0.307469
0.045600	-0.341955	-0.287022	-0.320287	-0.316930	-0.269017	-0.251621	-0.313573	-0.294041	-0.356909	-0.325780
0.045700	-0.361486	-0.313573	-0.323033	-0.334020	-0.278782	-0.261387	-0.336767	-0.322118	-0.364538	-0.346227
0.045800	-0.363928	-0.322423	-0.317540	-0.352941	-0.290990	-0.276951	-0.368505	-0.348974	-0.366674	-0.350500
0.045900	-0.366980	-0.328527	-0.322728	-0.359350	-0.285496	-0.297398	-0.388647	-0.365759	-0.362402	-0.349584
0.046000	-0.359655	-0.338598	-0.320287	-0.344091	-0.268711	-0.301366	-0.387427	-0.363623	-0.350805	-0.342260
0.046100	-0.337682	-0.335546	-0.312962	-0.333410	-0.266270	-0.298009	-0.378881	-0.355993	-0.345312	-0.330053
0.046200	-0.320287	-0.324865	-0.309606	-0.346838	-0.262303	-0.298924	-0.370947	-0.351720	-0.356298	-0.331579
0.046300	-0.310826	-0.309911	-0.293431	-0.355383	-0.253452	-0.299535	-0.358740	-0.346227	-0.372473	-0.336767
0.046400	-0.293126	-0.277562	-0.271458	-0.344396	-0.245823	-0.295567	-0.351110	-0.343786	-0.362097	-0.334020
0.046500	-0.274205	-0.240024	-0.246738	-0.306554	-0.239719	-0.292821	-0.350805	-0.348974	-0.326696	-0.301976
0.046600	-0.251316	-0.208896	-0.219272	-0.257420	-0.224155	-0.282139	-0.340734	-0.346227	-0.279393	-0.251621
0.046700	-0.227817	-0.183566	-0.200351	-0.230564	-0.223240	-0.272068	-0.312352	-0.321202	-0.243381	-0.214694
0.046800	-0.222019	-0.182345	-0.202487	-0.232395	-0.232090	-0.271458	-0.278477	-0.282444	-0.221714	-0.195773
0.046900	-0.218662	-0.189670	-0.207675	-0.236973	-0.227207	-0.263523	-0.249180	-0.246738	-0.205234	-0.178378
0.047000	-0.204318	-0.172579	-0.202792	-0.226597	-0.225071	-0.243381	-0.219883	-0.225986	-0.188754	-0.165866
0.047100	-0.197299	-0.149386	-0.191195	-0.200351	-0.225376	-0.215305	-0.203098	-0.218051	-0.171359	-0.150301
0.047200	-0.200351	-0.134737	-0.173495	-0.184787	-0.206760	-0.204318	-0.200656	-0.210422	-0.160372	-0.131991
0.047300	-0.201572	-0.124056	-0.156100	-0.178683	-0.182650	-0.209506	-0.192721	-0.191806	-0.163729	-0.129549
0.047400	-0.200351	-0.123751	-0.153048	-0.168612	-0.171054	-0.197604	-0.178073	-0.178988	-0.180514	-0.147555
0.047500	-0.193027	-0.123445	-0.165866	-0.171664	-0.164950	-0.165866	-0.181735	-0.188754	-0.194858	-0.162509
0.047600	-0.182040	-0.110628	-0.185702	-0.188449	-0.167391	-0.137484	-0.200656	-0.204318	-0.196994	-0.167391
0.047700	-0.178073	-0.104524	-0.198520	-0.196384	-0.171664	-0.119173	-0.212253	-0.212253	-0.193027	-0.161898
0.047800	-0.186007	-0.104830	-0.190890	-0.197299	-0.168612	-0.120089	-0.211643	-0.208286	-0.180514	-0.153048
0.047900	-0.196689	-0.110933	-0.175326	-0.191806	-0.157931	-0.130770	-0.200961	-0.196689	-0.175326	-0.155184
0.048000	-0.203708	-0.133822	-0.181430	-0.193027	-0.154879	-0.118868	-0.196994	-0.191501	-0.195468	-0.170443
0.048100	-0.216220	-0.153658	-0.207675	-0.217441	-0.152743	-0.100862	-0.219577	-0.205234	-0.222019	-0.186313
0.048200	-0.222934	-0.152133	-0.219577	-0.244907	-0.136568	-0.105135	-0.243381	-0.222629	-0.219883	-0.186007
0.048300	-0.213169	-0.138094	-0.210727	-0.239719	-0.120394	-0.124056	-0.245823	-0.226291	-0.208591	-0.178073
0.048400	-0.202792	-0.123445	-0.199741	-0.215915	-0.123445	-0.138399	-0.240940	-0.220493	-0.225376	-0.189670
0.048500	-0.207065	-0.109102	-0.201266	-0.204624	-0.140841	-0.156710	-0.240024	-0.224460	-0.253758	-0.221103
0.048600	-0.207981	-0.109102	-0.209506	-0.212558	-0.138705	-0.178683	-0.253452	-0.248875	-0.265049	-0.246128
0.048700	-0.185702	-0.112459	-0.205844	-0.211643	-0.133822	-0.189975	-0.266575	-0.272679	-0.260777	-0.243381
0.048800	-0.171359	-0.115206	-0.189975	-0.204624	-0.153353	-0.189670	-0.269932	-0.281834	-0.241856	-0.220188
0.048900	-0.184176	-0.120089	-0.181125	-0.218051	-0.189364	-0.193027	-0.266270	-0.272679	-0.214694	-0.200351
0.049000	-0.205539	-0.131685	-0.192111	-0.233616	-0.219883	-0.218662	-0.248569	-0.251011	-0.204929	-0.199741
0.049100	-0.225986	-0.155184	-0.209201	-0.225986	-0.231479	-0.242771	-0.225681	-0.230259	-0.208896	-0.207370
0.049200	-0.233616	-0.169528	-0.206760	-0.206455	-0.222324	-0.254063	-0.218662	-0.225986	-0.211948	-0.211643
0.049300	-0.219883	-0.158541	-0.189364	-0.183566	-0.225071	-0.254368	-0.208591	-0.218662	-0.216220	-0.212558
0.049400	-0.223240	-0.157015	-0.184176	-0.173190	-0.246738	-0.246738	-0.204624	-0.208286	-0.225681	-0.217441
0.049500	-0.244907	-0.173495	-0.184482	-0.189975	-0.251316	-0.244602	-0.213169	-0.213779	-0.219577	-0.217441
0.049600	-0.241245	-0.173190	-0.164950	-0.193027	-0.231479	-0.259251	-0.210727	-0.220188	-0.196078	-0.202792
0.049700	-0.199741	-0.163119	-0.144808	-0.160983	-0.218051	-0.256809	-0.193027	-0.208286	-0.182345	-0.185702
0.049800	-0.163119	-0.158846	-0.142367	-0.135958	-0.216526	-0.222934	-0.177768	-0.189670	-0.176547	-0.173495
0.049900	-0.155795	-0.162509	-0.147555	-0.142367	-0.222324	-0.198825	-0.162509	-0.179904	-0.171054	-0.168002
0.050000	-0.164034	-0.176242	-0.153964	-0.158236	-0.223240	-0.188754	-0.149691	-0.169528	-0.170443	-0.174716
0.050100	-0.167086	-0.193027	-0.160067	-0.164340	-0.205844	-0.174411	-0.141451	-0.157015	-0.170138	-0.179293
0.050200	-0.146334	-0.195468	-0.152743	-0.155795	-0.176852	-0.153048	-0.136873	-0.153964	-0.172274	-0.176547
0.050300	-0.110933	-0.186007	-0.147555	-0.143587	-0.156710	-0.129854	-0.140536	-0.158236	-0.175936	-0.178683
0.050400	-0.093233	-0.184176	-0.151522	-0.132601	-0.130160	-0.109407	-0.147250	-0.162509	-0.176547	-0.176852
0.050500	-0.087739	-0.191195	-0.146944	-0.136568	-0.115206	-0.103914	-0.147250	-0.164645	-0.175631	-0.171054
0.050600	-0.078889	-0.176242	-0.142062	-0.150607	-0.123140	-0.101167	-0.146334	-0.165866	-0.174105	-0.179599
0.050700	-0.080720	-0.160983	-0.162509	-0.163729	-0.137789	-0.092927	-0.156100	-0.167086	-0.177768	-0.187228
0.050800	-0.098116	-0.175326	-0.185702	-0.168612	-0.143893	-0.087434	-0.169528	-0.172885	-0.172885	-0.174411
0.050900	-0.091402	-0.194858	-0.179599	-0.154574	-0.130465	-0.096895	-0.169528	-0.178378	-0.156100	-0.153048
0.051000	-0.070954	-0.189975	-0.152743	-0.132601	-0.098421	-0.119478	-0.153964	-0.171969	-0.125887	-0.137789
0.051100	-0.049592	-0.171054	-0.131380	-0.124666	-0.085298	-0.131685	-0.130160	-0.144503	-0.110933	-0.138094
0.051200	-0.056916	-0.160983	-0.142977	-0.129854	-0.107576	-0.125277	-0.114595	-0.124056	-0.126497	-0.151522
0.051300	-0.085298	-0.170138	-0.172885	-0.132906	-0.134737	-0.124666	-0.118257	-0.126803	-0.151522	-0.171054
0.051400	-0.112459	-0.176852	-0.173800	-0.132296	-0.151522	-0.135653	-0.135042	-0.142977	-0.157321	-0.174716
0.051500	-0.101167	-0.152133	-0.139925	-0.115206	-0.161898	-0.152438	-0.149081	-0.149691	-0.142062	-0.159152
0.051600	-0.078889	-0.115816	-0.120394	-0.093538	-0.166476	-0.174411	-0.145419	-0.139620	-0.129854	-0.142977
0.051700	-0.090486	-0.113375	-0.126497	-0.089876	-0.173190	-0.186313	-0.127718	-0.127108	-0.124056	-0.141451
0.051800	-0.130160	-0.148776	-0.134127	-0.096590	-0.175326	-0.187839	-0.115206	-0.114595	-0.119783	-0.139620
0.051900	-0.143282	-0.167086	-0.131075	-0.102083	-0.183871	-0.189975	-0.112154	-0.111543	-0.106966	-0.130160
0.052000	-0.124056	-0.135958	-0.117952	-0.100862	-0.204318	-0.196994	-0.102998	-0.103914	-0.095979	-0.126497
0.052100	-0.124056	-0.112459	-0.116121	-0.091402	-0.214389	-0.199741	-0.088655	-0.092317	-0.093538	-0.126192
0.052200	-0.146944	-0.139315	-0.126497	-0.077058	-0.206760	-0.203403	-0.076753	-0.088350	-0.105135	-0.131991
0.052300	-0.155184	-0.174716	-0.133211	-0.061799	-0.202182	-0.196994	-0.075837	-0.093233	-0.127108	-0.150301
0.052400	-0.161593	-0.193027	-0.148165	-0.072786	-0.215000	-0.187839	-0.097810	-0.105745	-0.156710	-0.186313
0.052500	-0.180514	-0.216526	-0.179293	-0.121920	-0.234836	-0.177157	-0.138094	-0.138399	-0.187228	-0.213169
0.052600	-0.196689	-0.228428	-0.213474	-0.172579	-0.247654	-0.180209	-0.171664	-0.168002	-0.199435	-0.217441
0.052700	-0.218662	-0.240024	-0.230869	-0.196994	-0.245823	-0.206760	-0.182956	-0.179293	-0.199435	-0.217136
0.052800	-0.241550	-0.269322	-0.229648	-0.205234	-0.242466	-0.221714	-0.179293	-0.180514	-0.198520	-0.220798
0.052900	-0.244907	-0.288243	-0.236667	-0.207370	-0.246738	-0.215305	-0.181125	-0.181430	-0.205539	-0.226597
0.053000	-0.241856	-0.297398	-0.269322	-0.211948	-0.248569	-0.208896	-0.186923	-0.193637	-0.209506	-0.227817
0.053100	-0.253452	-0.328832	-0.287633	-0.237278	-0.234226	-0.210727	-0.200656	-0.213169	-0.213169	-0.228733
0.053200	-0.257725	-0.359655	-0.275425	-0.254673	-0.211948	-0.224765	-0.209506	-0.222629	-0.204624	-0.218051
0.053300	-0.246738	-0.350500	-0.254063	-0.241245	-0.200656	-0.239414	-0.195773	-0.213474	-0.189670	-0.209506
0.053400	-0.236973	-0.322118	-0.247959	-0.224155	-0.207370	-0.234531	-0.182345	-0.201572	-0.203403	-0.230259
0.053500	-0.244602	-0.318761	-0.263523	-0.222934	-0.219577	-0.220188	-0.187839	-0.207065	-0.243687	-0.269322
0.053600	-0.258030	-0.338903	-0.278477	-0.237278	-0.233310	-0.217136	-0.219272	-0.239414	-0.272373	-0.289769
0.053700	-0.252232	-0.333410	-0.267186	-0.261387	-0.246738	-0.230259	-0.258946	-0.268101	-0.263523	-0.276646
0.053800	-0.236057	-0.304723	-0.247654	-0.271458	-0.247654	-0.257115	-0.272679	-0.270237	-0.229343	-0.243381
0.053900	-0.234836	-0.283665	-0.237278	-0.262913	-0.230259	-0.272373	-0.246433	-0.246433	-0.189975	-0.212558
0.054000	-0.229954	-0.272068	-0.226597	-0.237888	-0.212558	-0.264744	-0.203403	-0.211948	-0.171664	-0.197909
0.054100	-0.216220	-0.258640	-0.216220	-0.207675	-0.207675	-0.249790	-0.174105	-0.183871	-0.177768	-0.196994
0.054200	-0.218662	-0.247044	-0.215915	-0.199435	-0.217746	-0.236973	-0.180514	-0.175326	-0.187839	-0.205539
0.054300	-0.229343	-0.238804	-0.217441	-0.205234	-0.239719	-0.233310	-0.197299	-0.178683	-0.188144	-0.213169
0.054400	-0.236057	-0.241550	-0.216526	-0.202487	-0.253758	-0.235447	-0.203098	-0.189059	-0.185092	-0.213474
0.054500	-0.239414	-0.251316	-0.200656	-0.196384	-0.240024	-0.240635	-0.202182	-0.200656	-0.189059	-0.216831
0.054600	-0.224765	-0.229648	-0.168917	-0.187533	-0.212253	-0.246128	-0.200046	-0.204318	-0.194858	-0.215000
0.054700	-0.185702	-0.178378	-0.154879	-0.177768	-0.201877	-0.236057	-0.197909	-0.196994	-0.193027	-0.200351
0.054800	-0.174105	-0.150912	-0.172885	-0.189975	-0.208896	-0.222019	-0.198520	-0.186007	-0.178378	-0.190890
0.054900	-0.211948	-0.172885	-0.206760	-0.214694	-0.213779	-0.224155	-0.191195	-0.176852	-0.178378	-0.197909
0.055000	-0.257115	-0.211948	-0.227817	-0.225986	-0.217746	-0.226597	-0.182040	-0.176852	-0.178378	-0.200961
0.055100	-0.267796	-0.221103	-0.234226	-0.219272	-0.215000	-0.214694	-0.184482	-0.182956	-0.178683	-0.191195
0.055200	-0.251926	-0.196384	-0.236973	-0.210727	-0.203403	-0.203403	-0.183566	-0.179293	-0.179599	-0.182040
0.055300	-0.238804	-0.192111	-0.250706	-0.214389	-0.188144	-0.203098	-0.181735	-0.174105	-0.191806	-0.185092
0.055400	-0.259556	-0.229954	-0.264134	-0.231785	-0.182040	-0.209201	-0.189059	-0.178988	-0.211643	-0.205539
0.055500	-0.294957	-0.264744	-0.271153	-0.251316	-0.190890	-0.213169	-0.200961	-0.193332	-0.240024	-0.239109
0.055600	-0.315404	-0.268406	-0.291600	-0.273899	-0.219883	-0.213779	-0.221103	-0.215305	-0.269627	-0.270237
0.055700	-0.326390	-0.265965	-0.323949	-0.300450	-0.249790	-0.219272	-0.258640	-0.249790	-0.295262	-0.293431
0.055800	-0.337377	-0.274510	-0.345006	-0.327001	-0.275730	-0.235142	-0.296788	-0.285191	-0.302892	-0.290990
0.055900	-0.348058	-0.286717	-0.346838	-0.342260	-0.287327	-0.264134	-0.315099	-0.299840	-0.298009	-0.282444
0.056000	-0.351415	-0.293431	-0.346838	-0.344091	-0.288853	-0.292821	-0.311742	-0.296178	-0.293126	-0.283665
0.056100	-0.344396	-0.298924	-0.359350	-0.341344	-0.287327	-0.294652	-0.299535	-0.288853	-0.291905	-0.287938
0.056200	-0.351110	-0.320287	-0.370642	-0.344091	-0.285496	-0.282444	-0.290990	-0.284276	-0.298314	-0.295567
0.056300	-0.366980	-0.343481	-0.365148	-0.348363	-0.285801	-0.278477	-0.299840	-0.295262	-0.315404	-0.306554
0.056400	-0.356298	-0.339818	-0.347753	-0.346838	-0.294957	-0.287938	-0.319066	-0.313573	-0.328832	-0.315404
0.056500	-0.342565	-0.319066	-0.329442	-0.341344	-0.306554	-0.297093	-0.330968	-0.320592	-0.340734	-0.327001
0.056600	-0.342260	-0.310521	-0.314488	-0.345922	-0.318151	-0.312352	-0.334020	-0.326390	-0.349889	-0.344701
0.056700	-0.346532	-0.327916	-0.320592	-0.359045	-0.326696	-0.323949	-0.351415	-0.343786	-0.366369	-0.359045
0.056800	-0.353857	-0.347143	-0.325170	-0.377966	-0.331579	-0.328832	-0.372473	-0.369116	-0.368200	-0.353552
0.056900	-0.346532	-0.333105	-0.305638	-0.391089	-0.321813	-0.331884	-0.378576	-0.380713	-0.350805	-0.328222
0.057000	-0.310216	-0.283970	-0.281834	-0.382544	-0.315099	-0.335241	-0.362707	-0.359655	-0.318151	-0.303197
0.057100	-0.282750	-0.260166	-0.274205	-0.350500	-0.302892	-0.332189	-0.333715	-0.326390	-0.294957	-0.288853
0.057200	-0.282750	-0.263523	-0.260777	-0.312657	-0.275730	-0.306554	-0.297398	-0.298924	-0.284276	-0.274815
0.057300	-0.276951	-0.271153	-0.241856	-0.278782	-0.253758	-0.273594	-0.280003	-0.282139	-0.277256	-0.259251
0.057400	-0.251926	-0.257420	-0.225986	-0.265660	-0.245212	-0.251011	-0.285801	-0.284581	-0.274510	-0.257725
0.057500	-0.220188	-0.227207	-0.211643	-0.275120	-0.235752	-0.235142	-0.295567	-0.292210	-0.269017	-0.255283
0.057600	-0.197909	-0.195163	-0.196689	-0.277562	-0.222629	-0.237583	-0.287938	-0.278782	-0.258335	-0.246433
0.057700	-0.197604	-0.182345	-0.187533	-0.259251	-0.209506	-0.241550	-0.268711	-0.265354	-0.248875	-0.235447
0.057800	-0.215000	-0.175631	-0.192111	-0.241245	-0.207981	-0.229954	-0.251621	-0.256809	-0.241245	-0.222934
0.057900	-0.225071	-0.170443	-0.198520	-0.239414	-0.207065	-0.205234	-0.239414	-0.244602	-0.233310	-0.210422
0.058000	-0.230869	-0.168307	-0.199435	-0.240330	-0.196994	-0.190585	-0.236057	-0.234836	-0.225071	-0.203403
0.058100	-0.239719	-0.178073	-0.189059	-0.233310	-0.177157	-0.190280	-0.240024	-0.231785	-0.203098	-0.185397
0.058200	-0.232395	-0.175936	-0.165866	-0.204318	-0.159762	-0.182956	-0.227207	-0.221714	-0.178073	-0.152438
0.058300	-0.195468	-0.144198	-0.135958	-0.167697	-0.142062	-0.161288	-0.193027	-0.200656	-0.162509	-0.135958
0.058400	-0.161593	-0.108797	-0.125277	-0.146639	-0.134127	-0.135042	-0.176242	-0.181125	-0.167086	-0.138094
0.058500	-0.157321	-0.100557	-0.133822	-0.149996	-0.135042	-0.114595	-0.176547	-0.173495	-0.191195	-0.153353
0.058600	-0.175326	-0.110323	-0.141146	-0.159152	-0.139315	-0.105745	-0.185092	-0.174716	-0.209506	-0.171664
0.058700	-0.195163	-0.128023	-0.131991	-0.169528	-0.155795	-0.115206	-0.196384	-0.184787	-0.209201	-0.182040
0.058800	-0.206455	-0.143893	-0.132906	-0.180514	-0.172579	-0.141146	-0.206149	-0.200046	-0.205844	-0.185092
0.058900	-0.207065	-0.144198	-0.156100	-0.193332	-0.175631	-0.161593	-0.220188	-0.217746	-0.209201	-0.182956
0.059000	-0.205844	-0.141146	-0.183871	-0.203098	-0.170748	-0.173495	-0.233310	-0.223240	-0.211337	-0.172885
0.059100	-0.205539	-0.141756	-0.195773	-0.204929	-0.174105	-0.187533	-0.237583	-0.219272	-0.212863	-0.171664
0.059200	-0.209506	-0.152743	-0.194247	-0.206760	-0.196994	-0.191501	-0.234226	-0.214694	-0.208896	-0.172885
0.059300	-0.217441	-0.171359	-0.189975	-0.205539	-0.220188	-0.188754	-0.223545	-0.207065	-0.199435	-0.167391
0.059400	-0.217746	-0.197909	-0.186313	-0.196994	-0.229648	-0.192721	-0.212253	-0.202182	-0.196384	-0.170748
0.059500	-0.204318	-0.207675	-0.181430	-0.193027	-0.223240	-0.200961	-0.207675	-0.210422	-0.200961	-0.173495
0.059600	-0.171664	-0.184482	-0.178378	-0.193332	-0.214694	-0.208896	-0.215305	-0.214389	-0.205234	-0.170138
0.059700	-0.141146	-0.153964	-0.180209	-0.193027	-0.218662	-0.220798	-0.223545	-0.206760	-0.207370	-0.172579
0.059800	-0.142672	-0.150301	-0.187533	-0.200351	-0.224155	-0.238804	-0.224765	-0.207065	-0.206760	-0.184482
0.059900	-0.164340	-0.161288	-0.189364	-0.201572	-0.220188	-0.248264	-0.213474	-0.213474	-0.202182	-0.185397
0.060000	-0.170443	-0.164034	-0.181735	-0.187228	-0.213474	-0.241550	-0.195773	-0.217441	-0.193027	-0.172885
0.060100	-0.157931	-0.155795	-0.169833	-0.175936	-0.207065	-0.222629	-0.185092	-0.202792	-0.168917	-0.147860
0.060200	-0.143282	-0.149386	-0.163729	-0.162203	-0.206455	-0.206455	-0.183566	-0.177462	-0.144808	-0.129854
0.060300	-0.142367	-0.157321	-0.165560	-0.145724	-0.200351	-0.191501	-0.168612	-0.150301	-0.131075	-0.125887
0.060400	-0.154269	-0.181125	-0.157321	-0.132906	-0.185702	-0.169528	-0.146944	-0.133211	-0.131685	-0.128328
0.060500	-0.147250	-0.191806	-0.143282	-0.129244	-0.168917	-0.152133	-0.135042	-0.132906	-0.143587	-0.135958
0.060600	-0.113680	-0.167697	-0.121004	-0.129549	-0.148165	-0.138094	-0.133211	-0.139315	-0.153048	-0.135348
0.060700	-0.074922	-0.125277	-0.090791	-0.122530	-0.119173	-0.129244	-0.132601	-0.142062	-0.139620	-0.123140
0.060800	-0.045014	-0.096895	-0.057527	-0.104524	-0.099031	-0.123445	-0.121309	-0.131380	-0.110933	-0.112459
0.060900	-0.034638	-0.090791	-0.051728	-0.085908	-0.088350	-0.119478	-0.103609	-0.121004	-0.094759	-0.104830
0.061000	-0.055085	-0.100862	-0.071565	-0.072480	-0.075532	-0.101778	-0.090181	-0.110018	-0.090181	-0.094453
0.061100	-0.079805	-0.109712	-0.086824	-0.067597	-0.062409	-0.076753	-0.093538	-0.100252	-0.085298	-0.083772
0.061200	-0.083772	-0.101167	-0.080110	-0.066987	-0.053559	-0.059968	-0.100862	-0.099336	-0.074006	-0.077668
0.061300	-0.070039	-0.081636	-0.050813	-0.058442	-0.055695	-0.049592	-0.096284	-0.099336	-0.063325	-0.069429
0.061400	-0.048676	-0.065766	-0.023041	-0.047150	-0.058137	-0.046235	-0.081025	-0.083772	-0.056001	-0.064546
0.061500	-0.033417	-0.065461	-0.026093	-0.043793	-0.063020	-0.049592	-0.057221	-0.063020	-0.055390	-0.061494
0.061600	-0.042267	-0.077668	-0.049897	-0.044099	-0.061189	-0.057527	-0.047761	-0.053559	-0.063020	-0.059968
0.061700	-0.062715	-0.087434	-0.071565	-0.039216	-0.054780	-0.065156	-0.053864	-0.062104	-0.072480	-0.063325
0.061800	-0.075532	-0.090791	-0.080720	-0.040436	-0.051423	-0.073396	-0.069734	-0.078279	-0.070039	-0.072480
0.061900	-0.066072	-0.079805	-0.083772	-0.049287	-0.066682	-0.084077	-0.081025	-0.081025	-0.066987	-0.080720
0.062000	-0.050507	-0.055085	-0.096590	-0.060884	-0.089876	-0.100252	-0.083162	-0.076753	-0.070344	-0.078889
0.062100	-0.056306	-0.055085	-0.110628	-0.067597	-0.108187	-0.107881	-0.074006	-0.077974	-0.074617	-0.076753
0.062200	-0.083162	-0.079194	-0.126497	-0.073701	-0.128023	-0.114900	-0.073396	-0.087739	-0.078279	-0.087434
0.062300	-0.117647	-0.109102	-0.150607	-0.083467	-0.150912	-0.124971	-0.086519	-0.094148	-0.086824	-0.098421
0.062400	-0.150912	-0.139010	-0.174716	-0.095979	-0.170443	-0.138705	-0.109102	-0.100862	-0.095674	-0.106966
0.062500	-0.164340	-0.160067	-0.187533	-0.109102	-0.184482	-0.160983	-0.120394	-0.097810	-0.098116	-0.114290
0.062600	-0.155184	-0.164950	-0.189670	-0.114595	-0.198520	-0.185092	-0.111849	-0.100557	-0.110628	-0.126192
0.062700	-0.152133	-0.160372	-0.197299	-0.115511	-0.204624	-0.193637	-0.108797	-0.119173	-0.133516	-0.147555
0.062800	-0.159152	-0.161593	-0.216220	-0.130160	-0.212253	-0.192111	-0.121920	-0.135348	-0.157931	-0.172274
0.062900	-0.172885	-0.171969	-0.234531	-0.160678	-0.220493	-0.202487	-0.142672	-0.144808	-0.173190	-0.193942
0.063000	-0.190890	-0.196994	-0.245518	-0.179293	-0.232395	-0.215000	-0.158541	-0.157321	-0.182040	-0.203098
0.063100	-0.223850	-0.223545	-0.250401	-0.185092	-0.240024	-0.220493	-0.168612	-0.169528	-0.191501	-0.205539
0.063200	-0.241245	-0.240330	-0.256199	-0.190280	-0.241245	-0.213474	-0.172579	-0.184176	-0.201572	-0.215000
0.063300	-0.231479	-0.242466	-0.265049	-0.200046	-0.235752	-0.204318	-0.184176	-0.201266	-0.213169	-0.239109
0.063400	-0.220493	-0.240940	-0.267186	-0.214084	-0.219272	-0.201572	-0.201266	-0.212253	-0.223850	-0.253452
0.063500	-0.223240	-0.246738	-0.258640	-0.225071	-0.210117	-0.206149	-0.211643	-0.216526	-0.234531	-0.265049
0.063600	-0.219883	-0.261387	-0.251011	-0.229038	-0.206149	-0.211032	-0.213779	-0.221714	-0.236667	-0.277256
0.063700	-0.203708	-0.264744	-0.253147	-0.226597	-0.207981	-0.213474	-0.212558	-0.228733	-0.243076	-0.281529
0.063800	-0.184482	-0.260166	-0.261387	-0.236973	-0.204624	-0.210727	-0.218967	-0.247959	-0.249485	-0.279698
0.063900	-0.176852	-0.250706	-0.270848	-0.254978	-0.201266	-0.218357	-0.229343	-0.255589	-0.246738	-0.280613
0.064000	-0.190890	-0.249485	-0.275730	-0.259861	-0.199130	-0.236362	-0.234836	-0.243381	-0.238804	-0.278172
0.064100	-0.223545	-0.261082	-0.272679	-0.250706	-0.199741	-0.239414	-0.229038	-0.227207	-0.237583	-0.272679
0.064200	-0.242771	-0.268406	-0.250401	-0.244602	-0.200961	-0.228733	-0.218967	-0.222019	-0.234836	-0.264439
0.064300	-0.224155	-0.256504	-0.214694	-0.233616	-0.197299	-0.224765	-0.206455	-0.222629	-0.227207	-0.258335
0.064400	-0.187228	-0.237888	-0.191195	-0.212558	-0.197299	-0.224460	-0.202487	-0.229954	-0.215000	-0.248875
0.064500	-0.171054	-0.211032	-0.189059	-0.200656	-0.196994	-0.221714	-0.209506	-0.220188	-0.202792	-0.239719
0.064600	-0.167391	-0.191501	-0.201266	-0.203098	-0.200961	-0.223545	-0.205234	-0.195163	-0.195773	-0.233921
0.064700	-0.162203	-0.201877	-0.213169	-0.206149	-0.201572	-0.224460	-0.190280	-0.183871	-0.194247	-0.237888
0.064800	-0.173190	-0.222629	-0.214389	-0.203403	-0.203098	-0.220493	-0.177462	-0.191501	-0.205844	-0.237583
0.064900	-0.192111	-0.227817	-0.210422	-0.202182	-0.216526	-0.215305	-0.175326	-0.200351	-0.218662	-0.246128
0.065000	-0.201877	-0.218967	-0.206149	-0.204624	-0.228122	-0.217441	-0.180514	-0.207065	-0.214694	-0.247959
0.065100	-0.206760	-0.210117	-0.208591	-0.209506	-0.229954	-0.223850	-0.192721	-0.200351	-0.205234	-0.237888
0.065200	-0.217441	-0.207370	-0.217746	-0.209201	-0.238804	-0.229038	-0.198520	-0.190890	-0.212558	-0.231479
0.065300	-0.227512	-0.219577	-0.227817	-0.211032	-0.251621	-0.229343	-0.202487	-0.197604	-0.223850	-0.242771
0.065400	-0.246128	-0.243992	-0.241245	-0.216526	-0.258640	-0.222629	-0.210117	-0.213474	-0.242466	-0.262608
0.065500	-0.265660	-0.261082	-0.258030	-0.234836	-0.269322	-0.220188	-0.225376	-0.229343	-0.261387	-0.278172
0.065600	-0.274510	-0.262608	-0.275730	-0.261997	-0.278477	-0.227512	-0.254368	-0.244907	-0.277867	-0.289158
0.065700	-0.270848	-0.269322	-0.297704	-0.283360	-0.292210	-0.247349	-0.280308	-0.261997	-0.294041	-0.305028
0.065800	-0.269322	-0.289464	-0.321508	-0.297093	-0.307164	-0.270543	-0.289464	-0.281834	-0.310216	-0.323644
0.065900	-0.280308	-0.309606	-0.349889	-0.311437	-0.316930	-0.274815	-0.295872	-0.300145	-0.327306	-0.340124
0.066000	-0.298009	-0.322118	-0.370947	-0.328832	-0.315099	-0.273594	-0.309300	-0.309300	-0.340124	-0.356298
0.066100	-0.311437	-0.336461	-0.365148	-0.349584	-0.304112	-0.283360	-0.322118	-0.320287	-0.345006	-0.364843
0.066200	-0.330968	-0.341039	-0.344091	-0.361486	-0.295262	-0.297398	-0.341039	-0.330663	-0.350805	-0.362402
0.066300	-0.338292	-0.334020	-0.330053	-0.355993	-0.305333	-0.305638	-0.350500	-0.332799	-0.358129	-0.361791
0.066400	-0.319066	-0.326085	-0.323033	-0.341955	-0.315404	-0.315099	-0.350805	-0.335546	-0.359655	-0.363928
0.066500	-0.305028	-0.324559	-0.330358	-0.337377	-0.308385	-0.317235	-0.345312	-0.341039	-0.355993	-0.365759
0.066600	-0.312657	-0.326085	-0.339513	-0.345006	-0.305638	-0.314794	-0.347753	-0.345922	-0.357214	-0.363317
0.066700	-0.322728	-0.333715	-0.334935	-0.351720	-0.312352	-0.319982	-0.357214	-0.350195	-0.355383	-0.357519
0.066800	-0.328832	-0.340429	-0.321202	-0.353857	-0.307775	-0.329137	-0.353552	-0.344091	-0.344091	-0.347448
0.066900	-0.323949	-0.334935	-0.312047	-0.347753	-0.300145	-0.329748	-0.339208	-0.334020	-0.334020	-0.333715
0.067000	-0.306249	-0.315404	-0.304418	-0.330053	-0.294041	-0.328832	-0.328527	-0.326696	-0.330968	-0.314794
0.067100	-0.296178	-0.296178	-0.289158	-0.305638	-0.287327	-0.329137	-0.312047	-0.316625	-0.324559	-0.300145
0.067200	-0.294957	-0.290379	-0.260777	-0.296178	-0.282750	-0.316930	-0.300450	-0.306859	-0.311742	-0.292210
0.067300	-0.288243	-0.286412	-0.231174	-0.285191	-0.279393	-0.298924	-0.291905	-0.295262	-0.292821	-0.278782
0.067400	-0.278782	-0.275730	-0.209506	-0.264134	-0.267796	-0.283665	-0.277256	-0.276036	-0.273899	-0.256809
0.067500	-0.276341	-0.259861	-0.200961	-0.251621	-0.260777	-0.271153	-0.264439	-0.260166	-0.256504	-0.244602
0.067600	-0.275730	-0.249790	-0.207370	-0.251621	-0.263218	-0.263523	-0.259556	-0.258335	-0.238193	-0.233616
0.067700	-0.264134	-0.244602	-0.213474	-0.239719	-0.252232	-0.259861	-0.258946	-0.258946	-0.219577	-0.209506
0.067800	-0.246128	-0.241856	-0.201572	-0.213474	-0.221714	-0.251621	-0.243687	-0.243992	-0.202487	-0.185397
0.067900	-0.234226	-0.233310	-0.182040	-0.196994	-0.186313	-0.225986	-0.215305	-0.218357	-0.186313	-0.164645
0.068000	-0.219883	-0.201266	-0.164034	-0.184176	-0.166781	-0.195468	-0.196384	-0.191195	-0.176547	-0.142062
0.068100	-0.187839	-0.159762	-0.143282	-0.168612	-0.161898	-0.173495	-0.182345	-0.176852	-0.171054	-0.128023
0.068200	-0.160983	-0.142672	-0.130770	-0.164340	-0.158541	-0.158236	-0.178988	-0.170443	-0.161898	-0.127718
0.068300	-0.156405	-0.143587	-0.129549	-0.164645	-0.142977	-0.146334	-0.182345	-0.168002	-0.155184	-0.134737
0.068400	-0.170443	-0.154879	-0.135042	-0.162203	-0.131991	-0.142977	-0.178988	-0.164950	-0.148470	-0.137484
0.068500	-0.200351	-0.170748	-0.149996	-0.165255	-0.131685	-0.143282	-0.173190	-0.161898	-0.144808	-0.130770
0.068600	-0.220188	-0.182650	-0.171664	-0.172885	-0.147555	-0.137789	-0.179599	-0.168002	-0.148470	-0.135042
0.068700	-0.214084	-0.185092	-0.184787	-0.169528	-0.157931	-0.141146	-0.194247	-0.181430	-0.145113	-0.139315
0.068800	-0.203708	-0.173800	-0.181125	-0.163729	-0.152438	-0.143282	-0.196384	-0.178683	-0.142062	-0.137789
0.068900	-0.202792	-0.151217	-0.169833	-0.166171	-0.148470	-0.138094	-0.191501	-0.164950	-0.149996	-0.138705
0.069000	-0.200961	-0.141756	-0.163729	-0.170748	-0.149691	-0.137484	-0.188754	-0.160372	-0.161898	-0.140841
0.069100	-0.194552	-0.144808	-0.159457	-0.164034	-0.148470	-0.141451	-0.181430	-0.166171	-0.167086	-0.141146
0.069200	-0.197299	-0.153353	-0.161593	-0.154574	-0.153964	-0.142672	-0.177462	-0.171969	-0.172579	-0.146639
0.069300	-0.211337	-0.162509	-0.170138	-0.164340	-0.166476	-0.147555	-0.185092	-0.180514	-0.182956	-0.159762
0.069400	-0.224765	-0.166476	-0.176852	-0.185397	-0.176852	-0.166171	-0.201266	-0.187533	-0.193637	-0.160067
0.069500	-0.229648	-0.172274	-0.177462	-0.196078	-0.175631	-0.189670	-0.207065	-0.187533	-0.191195	-0.153964
0.069600	-0.234836	-0.185702	-0.181735	-0.196078	-0.176547	-0.195773	-0.200961	-0.189670	-0.183261	-0.160067
0.069700	-0.237278	-0.192111	-0.193637	-0.195163	-0.180209	-0.194552	-0.196078	-0.201266	-0.190890	-0.178378
0.069800	-0.244907	-0.190280	-0.202182	-0.196689	-0.181735	-0.190585	-0.200046	-0.214389	-0.200961	-0.184787
0.069900	-0.244602	-0.183871	-0.195163	-0.200961	-0.191195	-0.196994	-0.204318	-0.225071	-0.199130	-0.178073
0.070000	-0.223545	-0.170443	-0.171359	-0.198520	-0.194858	-0.210422	-0.205844	-0.220798	-0.185092	-0.166476
0.070100	-0.194247	-0.154879	-0.150607	-0.184482	-0.189059	-0.214389	-0.194247	-0.206455	-0.168917	-0.154574
0.070200	-0.182956	-0.145724	-0.153353	-0.172274	-0.189670	-0.203708	-0.175326	-0.186923	-0.165255	-0.142367
0.070300	-0.184176	-0.148165	-0.165560	-0.175631	-0.197604	-0.195163	-0.164950	-0.174105	-0.171359	-0.138094
0.070400	-0.193942	-0.162814	-0.157931	-0.186007	-0.192721	-0.196384	-0.163119	-0.173800	-0.164340	-0.137484
0.070500	-0.203098	-0.179904	-0.144503	-0.177462	-0.182650	-0.202792	-0.157015	-0.169833	-0.149081	-0.126803
0.070600	-0.203403	-0.189059	-0.142062	-0.165255	-0.165255	-0.195773	-0.143587	-0.160067	-0.132296	-0.114290
0.070700	-0.199741	-0.191806	-0.145113	-0.166171	-0.151217	-0.181430	-0.135042	-0.151217	-0.124666	-0.109407
0.070800	-0.192721	-0.189975	-0.159457	-0.169833	-0.155795	-0.167697	-0.135958	-0.150912	-0.128939	-0.109102
0.070900	-0.184482	-0.181735	-0.175936	-0.166476	-0.170138	-0.159152	-0.134737	-0.144808	-0.125582	-0.106355
0.071000	-0.172885	-0.171664	-0.167086	-0.166476	-0.164645	-0.152133	-0.129244	-0.136568	-0.108187	-0.106966
0.071100	-0.157321	-0.156405	-0.138094	-0.168307	-0.148165	-0.150607	-0.121920	-0.126497	-0.103914	-0.104219
0.071200	-0.143587	-0.143282	-0.120699	-0.157931	-0.128939	-0.150301	-0.115511	-0.127718	-0.118257	-0.101472
0.071300	-0.130465	-0.130465	-0.117952	-0.143282	-0.121920	-0.142062	-0.106355	-0.129549	-0.120699	-0.100862
0.071400	-0.130160	-0.130770	-0.110933	-0.128023	-0.129854	-0.136263	-0.100252	-0.124056	-0.104524	-0.099336
0.071500	-0.143587	-0.149691	-0.117952	-0.115816	-0.137789	-0.128023	-0.091707	-0.106661	-0.091402	-0.089570
0.071600	-0.152133	-0.166781	-0.127718	-0.120699	-0.120089	-0.114900	-0.092012	-0.096590	-0.101778	-0.089265
0.071700	-0.143282	-0.165560	-0.121920	-0.142977	-0.105135	-0.115816	-0.115816	-0.102388	-0.126192	-0.104219
0.071800	-0.139620	-0.160678	-0.115816	-0.149386	-0.114290	-0.131380	-0.134737	-0.119173	-0.143587	-0.126803
0.071900	-0.145419	-0.148470	-0.133516	-0.144198	-0.139620	-0.130465	-0.140536	-0.132906	-0.158236	-0.147555
0.072000	-0.142367	-0.134737	-0.155795	-0.152133	-0.164034	-0.122225	-0.145724	-0.145113	-0.162509	-0.160678
0.072100	-0.137789	-0.127718	-0.162203	-0.167086	-0.177157	-0.133822	-0.166476	-0.159152	-0.158236	-0.159457
0.072200	-0.139010	-0.134127	-0.159457	-0.160678	-0.182956	-0.150607	-0.172274	-0.164950	-0.160372	-0.160983
0.072300	-0.144198	-0.143893	-0.157015	-0.149996	-0.182345	-0.151217	-0.162509	-0.159152	-0.160067	-0.168002
0.072400	-0.152438	-0.155489	-0.158541	-0.145419	-0.182956	-0.149691	-0.152438	-0.157931	-0.159152	-0.172274
0.072500	-0.167391	-0.170443	-0.167086	-0.149691	-0.188754	-0.157015	-0.153658	-0.158236	-0.168002	-0.171969
0.072600	-0.176852	-0.179904	-0.185397	-0.169833	-0.200961	-0.170748	-0.166476	-0.165255	-0.184176	-0.177768
0.072700	-0.176852	-0.184482	-0.197909	-0.187228	-0.214694	-0.190280	-0.193942	-0.183566	-0.201266	-0.199435
0.072800	-0.184787	-0.196384	-0.210727	-0.190585	-0.233921	-0.210727	-0.213169	-0.203708	-0.217136	-0.222934
0.072900	-0.200961	-0.216220	-0.233310	-0.203098	-0.246433	-0.225071	-0.219577	-0.218357	-0.228122	-0.233310
0.073000	-0.213779	-0.220798	-0.258640	-0.228733	-0.261997	-0.233921	-0.229648	-0.234836	-0.238193	-0.241856
0.073100	-0.223545	-0.216831	-0.265049	-0.246738	-0.283055	-0.253758	-0.243381	-0.251011	-0.237278	-0.254978
0.073200	-0.227512	-0.219272	-0.265660	-0.243381	-0.296178	-0.273594	-0.246738	-0.253147	-0.231785	-0.256199
0.073300	-0.226291	-0.228428	-0.266880	-0.230564	-0.295567	-0.266575	-0.224765	-0.236667	-0.235752	-0.247349
0.073400	-0.229343	-0.240940	-0.272373	-0.225986	-0.290990	-0.247654	-0.211337	-0.226291	-0.245212	-0.247654
0.073500	-0.242466	-0.259556	-0.272068	-0.232395	-0.281224	-0.248569	-0.215000	-0.239109	-0.251316	-0.257115
0.073600	-0.265049	-0.282139	-0.272373	-0.243687	-0.276341	-0.254063	-0.224460	-0.245823	-0.254368	-0.264439
0.073700	-0.278782	-0.299535	-0.285191	-0.258640	-0.275730	-0.254368	-0.236667	-0.248569	-0.257115	-0.272373
0.073800	-0.273594	-0.303807	-0.308385	-0.272679	-0.283970	-0.252842	-0.259556	-0.250401	-0.266575	-0.287022
0.073900	-0.262303	-0.293431	-0.318761	-0.292210	-0.287633	-0.264744	-0.269322	-0.259861	-0.282444	-0.294041
0.074000	-0.258946	-0.286412	-0.305943	-0.304418	-0.285191	-0.277867	-0.281834	-0.277562	-0.294652	-0.296788
0.074100	-0.255283	-0.288243	-0.288243	-0.289464	-0.287022	-0.283360	-0.282444	-0.288243	-0.293736	-0.299535
0.074200	-0.248569	-0.291905	-0.282139	-0.273899	-0.275425	-0.271153	-0.265965	-0.281224	-0.274205	-0.295262
0.074300	-0.228733	-0.281834	-0.270848	-0.269932	-0.246128	-0.251926	-0.250401	-0.263218	-0.255589	-0.277867
0.074400	-0.196994	-0.253147	-0.248875	-0.262608	-0.226597	-0.240330	-0.246128	-0.240635	-0.246128	-0.265049
0.074500	-0.192721	-0.239109	-0.234226	-0.248264	-0.215915	-0.237278	-0.233310	-0.230869	-0.246433	-0.258946
0.074600	-0.205539	-0.256504	-0.229038	-0.237888	-0.208286	-0.232395	-0.219883	-0.236667	-0.247959	-0.262303
0.074700	-0.211337	-0.274815	-0.229648	-0.232395	-0.214389	-0.222629	-0.218662	-0.239109	-0.246738	-0.259861
0.074800	-0.216526	-0.275425	-0.244602	-0.236973	-0.220493	-0.217136	-0.225681	-0.229343	-0.241856	-0.260472
0.074900	-0.214389	-0.264439	-0.247959	-0.245518	-0.220493	-0.227512	-0.239414	-0.222934	-0.247044	-0.264744
0.075000	-0.204318	-0.243992	-0.230564	-0.243992	-0.218662	-0.241856	-0.251926	-0.233921	-0.255283	-0.271153
0.075100	-0.207065	-0.229343	-0.224460	-0.235752	-0.226291	-0.244602	-0.250706	-0.247654	-0.251926	-0.273594
0.075200	-0.204929	-0.225071	-0.236057	-0.229038	-0.248875	-0.241550	-0.241856	-0.254673	-0.241245	-0.269932
0.075300	-0.188754	-0.210422	-0.230869	-0.232090	-0.254063	-0.242466	-0.235142	-0.250706	-0.231174	-0.254368
0.075400	-0.179293	-0.193332	-0.213169	-0.222019	-0.236667	-0.249180	-0.233921	-0.234531	-0.228733	-0.237583
0.075500	-0.184176	-0.200656	-0.204624	-0.194552	-0.221714	-0.246433	-0.230564	-0.216831	-0.228122	-0.237888
0.075600	-0.195468	-0.219272	-0.209506	-0.182040	-0.218051	-0.235142	-0.217136	-0.214389	-0.238804	-0.247044
0.075700	-0.206149	-0.226597	-0.217746	-0.198825	-0.218967	-0.225681	-0.217441	-0.222324	-0.238193	-0.251621
0.075800	-0.222629	-0.230259	-0.228122	-0.211643	-0.235447	-0.229038	-0.229954	-0.229343	-0.227512	-0.241245
0.075900	-0.239719	-0.246433	-0.248264	-0.215915	-0.252232	-0.235142	-0.233005	-0.233005	-0.220493	-0.236362
0.076000	-0.236362	-0.251621	-0.259861	-0.231174	-0.256809	-0.237583	-0.235142	-0.233005	-0.232395	-0.240330
0.076100	-0.216526	-0.233005	-0.245518	-0.233616	-0.253758	-0.240330	-0.253758	-0.238193	-0.249180	-0.256199
0.076200	-0.200961	-0.205539	-0.235447	-0.216526	-0.250706	-0.243687	-0.265660	-0.250401	-0.256809	-0.269627
0.076300	-0.189670	-0.194247	-0.236057	-0.206149	-0.242161	-0.244907	-0.263523	-0.260166	-0.247349	-0.269932
0.076400	-0.186007	-0.195468	-0.230259	-0.197909	-0.229648	-0.235752	-0.246738	-0.250706	-0.229954	-0.256504
0.076500	-0.207981	-0.211643	-0.236973	-0.196689	-0.222934	-0.216526	-0.227512	-0.230869	-0.212253	-0.246738
0.076600	-0.222934	-0.236973	-0.254063	-0.211032	-0.214694	-0.204318	-0.226291	-0.218967	-0.224765	-0.245518
0.076700	-0.222629	-0.249180	-0.254673	-0.229038	-0.203708	-0.207065	-0.237888	-0.225986	-0.248569	-0.253758
0.076800	-0.244602	-0.248875	-0.255283	-0.240635	-0.206455	-0.219272	-0.241856	-0.236057	-0.256199	-0.260166
0.076900	-0.270237	-0.260166	-0.278172	-0.239414	-0.229648	-0.222019	-0.246433	-0.242771	-0.254368	-0.262608
0.077000	-0.265049	-0.268101	-0.294652	-0.248264	-0.241245	-0.223850	-0.256809	-0.245823	-0.251926	-0.258335
0.077100	-0.235142	-0.254673	-0.288243	-0.264134	-0.232090	-0.229343	-0.264134	-0.243381	-0.249790	-0.248264
0.077200	-0.211948	-0.236973	-0.269322	-0.259251	-0.218051	-0.237583	-0.264744	-0.251011	-0.253147	-0.243992
0.077300	-0.196689	-0.226597	-0.246433	-0.239109	-0.205844	-0.244602	-0.257420	-0.262913	-0.253758	-0.246738
0.077400	-0.192721	-0.212253	-0.229038	-0.234836	-0.198825	-0.242161	-0.241856	-0.256809	-0.243992	-0.245518
0.077500	-0.200656	-0.200351	-0.226597	-0.225986	-0.204318	-0.227207	-0.231174	-0.237278	-0.229648	-0.234531
0.077600	-0.217441	-0.210117	-0.242771	-0.221103	-0.211643	-0.218357	-0.230564	-0.218051	-0.220188	-0.223240
0.077700	-0.222019	-0.224765	-0.253758	-0.233310	-0.209506	-0.222019	-0.231174	-0.211643	-0.221714	-0.214694
0.077800	-0.222934	-0.227817	-0.243381	-0.237888	-0.201877	-0.229343	-0.224765	-0.212558	-0.225071	-0.208896
0.077900	-0.225071	-0.220493	-0.229343	-0.234531	-0.191195	-0.227817	-0.227817	-0.218967	-0.225986	-0.209201
0.078000	-0.206760	-0.199435	-0.218051	-0.229648	-0.184482	-0.223545	-0.230259	-0.217441	-0.221714	-0.212863
0.078100	-0.182650	-0.167086	-0.205234	-0.222019	-0.180209	-0.225376	-0.220493	-0.206760	-0.208591	-0.201877
0.078200	-0.164950	-0.146639	-0.192721	-0.196384	-0.178988	-0.218967	-0.205234	-0.194552	-0.188754	-0.185702
0.078300	-0.148470	-0.135653	-0.167391	-0.173800	-0.170748	-0.206455	-0.194858	-0.185092	-0.172579	-0.171969
0.078400	-0.135653	-0.124666	-0.137179	-0.156710	-0.141146	-0.192721	-0.180209	-0.172274	-0.160372	-0.153964
0.078500	-0.134737	-0.119783	-0.121309	-0.135653	-0.116121	-0.177768	-0.162814	-0.157931	-0.138705	-0.139315
0.078600	-0.137789	-0.123445	-0.119478	-0.119478	-0.121004	-0.150607	-0.147250	-0.138094	-0.117342	-0.131685
0.078700	-0.143282	-0.126497	-0.127108	-0.123751	-0.130465	-0.122530	-0.142367	-0.123751	-0.118563	-0.138399
0.078800	-0.152133	-0.131075	-0.138399	-0.135653	-0.124056	-0.117647	-0.148165	-0.127108	-0.131075	-0.146944
0.078900	-0.165866	-0.135348	-0.152743	-0.144808	-0.134737	-0.131380	-0.158541	-0.140841	-0.150912	-0.147860
0.079000	-0.178378	-0.144198	-0.166171	-0.162509	-0.156710	-0.142672	-0.173495	-0.160372	-0.171969	-0.157015
0.079100	-0.183261	-0.151522	-0.176547	-0.175326	-0.167391	-0.157321	-0.180209	-0.175936	-0.182040	-0.166171
0.079200	-0.182956	-0.151217	-0.178073	-0.176242	-0.168307	-0.162203	-0.184787	-0.176242	-0.175936	-0.164340
0.079300	-0.178378	-0.145113	-0.176242	-0.178378	-0.165866	-0.154879	-0.204318	-0.172274	-0.179293	-0.171359
0.079400	-0.168307	-0.138705	-0.169833	-0.175936	-0.158236	-0.160678	-0.210422	-0.189059	-0.188144	-0.187533
0.079500	-0.173190	-0.137484	-0.160983	-0.162509	-0.155184	-0.173190	-0.188754	-0.194858	-0.188449	-0.180209
0.079600	-0.188449	-0.155184	-0.160678	-0.155489	-0.160983	-0.165560	-0.178683	-0.185092	-0.181430	-0.172885
0.079700	-0.206760	-0.174105	-0.170748	-0.160678	-0.167391	-0.156100	-0.184176	-0.177462	-0.176242	-0.172579
0.079800	-0.230869	-0.198520	-0.190585	-0.178988	-0.181125	-0.158846	-0.191501	-0.176852	-0.183871	-0.176242
0.079900	-0.256199	-0.223850	-0.227817	-0.215305	-0.218662	-0.171664	-0.213169	-0.195468	-0.211337	-0.191501
0.080000	-0.265965	-0.233005	-0.261082	-0.254673	-0.257725	-0.196994	-0.248569	-0.237583	-0.248569	-0.226291
0.080100	-0.261997	-0.229954	-0.264744	-0.272373	-0.262608	-0.233921	-0.268406	-0.270848	-0.261082	-0.245823
0.080200	-0.248875	-0.229038	-0.253147	-0.266270	-0.249790	-0.261997	-0.264439	-0.270543	-0.246738	-0.231785
0.080300	-0.228428	-0.222019	-0.231479	-0.252537	-0.236973	-0.265965	-0.249180	-0.251316	-0.232090	-0.212558
0.080400	-0.206760	-0.210422	-0.200351	-0.233921	-0.223240	-0.258030	-0.239109	-0.235142	-0.224765	-0.212558
0.080500	-0.203098	-0.205234	-0.179599	-0.215915	-0.207981	-0.256504	-0.225986	-0.230259	-0.217136	-0.220188
0.080600	-0.219883	-0.202182	-0.174716	-0.208286	-0.203708	-0.245518	-0.210117	-0.225071	-0.204318	-0.206760
0.080700	-0.237583	-0.203403	-0.176852	-0.209506	-0.213474	-0.224460	-0.198520	-0.213169	-0.191806	-0.185702
0.080800	-0.247654	-0.218357	-0.188449	-0.207065	-0.229038	-0.208286	-0.187533	-0.198520	-0.185397	-0.174411
0.080900	-0.249790	-0.233616	-0.210422	-0.213474	-0.251011	-0.200961	-0.177157	-0.192721	-0.199435	-0.176547
0.081000	-0.238804	-0.236667	-0.222934	-0.229954	-0.255283	-0.203403	-0.198825	-0.208286	-0.227512	-0.197909
0.081100	-0.228733	-0.228122	-0.220493	-0.245518	-0.240940	-0.229954	-0.228122	-0.238804	-0.240635	-0.221103
0.081200	-0.225681	-0.221103	-0.200961	-0.247044	-0.229648	-0.260166	-0.220493	-0.242161	-0.225986	-0.221714
0.081300	-0.223240	-0.211948	-0.178683	-0.240330	-0.223545	-0.255589	-0.200351	-0.216831	-0.209201	-0.207370
0.081400	-0.217136	-0.197909	-0.162509	-0.220493	-0.206455	-0.228122	-0.186007	-0.191501	-0.200046	-0.194858
0.081500	-0.215305	-0.193027	-0.151522	-0.189059	-0.191195	-0.206455	-0.172274	-0.176852	-0.187228	-0.184482
0.081600	-0.216220	-0.199741	-0.155184	-0.179293	-0.191195	-0.191806	-0.161593	-0.171664	-0.188754	-0.182650
0.081700	-0.211948	-0.202182	-0.164034	-0.193637	-0.185702	-0.178988	-0.165560	-0.182040	-0.204624	-0.188754
0.081800	-0.213779	-0.208591	-0.159762	-0.204318	-0.183566	-0.180514	-0.178683	-0.191501	-0.211643	-0.195468
0.081900	-0.228122	-0.226291	-0.165560	-0.205539	-0.197604	-0.189059	-0.184787	-0.193332	-0.209506	-0.200046
0.082000	-0.238804	-0.236362	-0.181430	-0.210727	-0.214389	-0.189059	-0.189364	-0.199435	-0.206149	-0.193942
0.082100	-0.240635	-0.237583	-0.186007	-0.214389	-0.226291	-0.189059	-0.193332	-0.206760	-0.207065	-0.183261
0.082200	-0.233921	-0.234836	-0.190280	-0.219883	-0.231479	-0.196078	-0.191195	-0.209201	-0.215000	-0.185092
0.082300	-0.223850	-0.228122	-0.197604	-0.227512	-0.216831	-0.201572	-0.200351	-0.211643	-0.222934	-0.202182
0.082400	-0.217136	-0.222934	-0.185397	-0.212863	-0.198825	-0.211643	-0.205539	-0.207065	-0.205539	-0.206149
0.082500	-0.212253	-0.224460	-0.167086	-0.185397	-0.189670	-0.217136	-0.196078	-0.190280	-0.187533	-0.189670
0.082600	-0.203098	-0.220798	-0.155795	-0.174105	-0.189059	-0.204318	-0.182040	-0.182650	-0.186007	-0.182956
0.082700	-0.197604	-0.214084	-0.151522	-0.172579	-0.189670	-0.197604	-0.180514	-0.191195	-0.187533	-0.186923
0.082800	-0.205844	-0.211643	-0.157015	-0.167697	-0.191195	-0.200046	-0.173800	-0.194247	-0.183871	-0.178988
0.082900	-0.224460	-0.221714	-0.174716	-0.171664	-0.200046	-0.194247	-0.168612	-0.188754	-0.177462	-0.170138
0.083000	-0.238193	-0.236362	-0.197909	-0.181430	-0.222324	-0.189975	-0.173495	-0.183566	-0.173190	-0.165866
0.083100	-0.247654	-0.253758	-0.222934	-0.196689	-0.249485	-0.192721	-0.188754	-0.188449	-0.184482	-0.175326
0.083200	-0.239719	-0.257420	-0.226597	-0.210422	-0.260166	-0.211948	-0.206760	-0.203098	-0.199130	-0.194552
0.083300	-0.218967	-0.244602	-0.202487	-0.206760	-0.241550	-0.236667	-0.213169	-0.219272	-0.196689	-0.196994
0.083400	-0.201572	-0.227512	-0.174716	-0.183566	-0.210422	-0.244602	-0.199741	-0.214084	-0.180209	-0.184176
0.083500	-0.190585	-0.211032	-0.152438	-0.156405	-0.193332	-0.224460	-0.174716	-0.180209	-0.159152	-0.176242
0.083600	-0.184482	-0.198825	-0.153048	-0.142062	-0.200656	-0.193942	-0.163729	-0.155489	-0.161593	-0.173800
0.083700	-0.180209	-0.194552	-0.179293	-0.149081	-0.211337	-0.174411	-0.171664	-0.157015	-0.172579	-0.184176
0.083800	-0.185702	-0.200046	-0.197909	-0.159152	-0.208286	-0.176242	-0.174105	-0.174105	-0.173495	-0.188449
0.083900	-0.199741	-0.211337	-0.202182	-0.171054	-0.202792	-0.183261	-0.169528	-0.182345	-0.169833	-0.181125
0.084000	-0.208591	-0.225071	-0.212253	-0.185092	-0.199741	-0.178378	-0.175326	-0.181125	-0.174411	-0.176242
0.084100	-0.208286	-0.224460	-0.216831	-0.197909	-0.195468	-0.169833	-0.184176	-0.176852	-0.179293	-0.185092
0.084200	-0.207981	-0.219883	-0.207981	-0.197604	-0.195163	-0.171054	-0.184482	-0.181430	-0.182040	-0.193332
0.084300	-0.199130	-0.211643	-0.203098	-0.195163	-0.196994	-0.172885	-0.178683	-0.188449	-0.187533	-0.197604
0.084400	-0.185092	-0.194858	-0.200046	-0.191501	-0.176852	-0.168002	-0.178378	-0.196078	-0.189364	-0.196689
0.084500	-0.170138	-0.181430	-0.191195	-0.186923	-0.150912	-0.168612	-0.176852	-0.192721	-0.176547	-0.190585
0.084600	-0.150607	-0.174105	-0.176547	-0.173495	-0.139315	-0.170443	-0.162509	-0.171664	-0.159152	-0.178378
0.084700	-0.133211	-0.164340	-0.165255	-0.159457	-0.135653	-0.159152	-0.148165	-0.154879	-0.156405	-0.166781
0.084800	-0.132601	-0.160983	-0.161593	-0.153964	-0.129854	-0.139315	-0.145419	-0.159762	-0.160678	-0.164950
0.084900	-0.144503	-0.168612	-0.167086	-0.154879	-0.136263	-0.132296	-0.142367	-0.173800	-0.161898	-0.174411
0.085000	-0.147860	-0.166476	-0.172579	-0.166476	-0.139010	-0.134737	-0.145724	-0.172274	-0.160067	-0.180514
0.085100	-0.146334	-0.159457	-0.173190	-0.177768	-0.131380	-0.137179	-0.147860	-0.158846	-0.154574	-0.169833
0.085200	-0.158236	-0.165255	-0.167697	-0.172579	-0.130465	-0.144503	-0.142672	-0.145113	-0.143282	-0.159152
0.085300	-0.177768	-0.180514	-0.173800	-0.165255	-0.150301	-0.151522	-0.144808	-0.141146	-0.143587	-0.161288
0.085400	-0.184176	-0.185092	-0.193637	-0.177768	-0.170138	-0.155184	-0.157015	-0.156100	-0.159457	-0.174105
0.085500	-0.172274	-0.176852	-0.201266	-0.186923	-0.170443	-0.172579	-0.168917	-0.182040	-0.169833	-0.188754
0.085600	-0.152438	-0.162203	-0.179599	-0.180514	-0.161593	-0.195773	-0.176242	-0.187839	-0.159152	-0.189364
0.085700	-0.136873	-0.144808	-0.153048	-0.159457	-0.152438	-0.198825	-0.167697	-0.170138	-0.135653	-0.166781
0.085800	-0.132601	-0.131075	-0.147555	-0.138705	-0.148776	-0.174716	-0.154269	-0.149691	-0.120394	-0.143587
0.085900	-0.143893	-0.138399	-0.156710	-0.133822	-0.156405	-0.151217	-0.146944	-0.139315	-0.119173	-0.134127
0.086000	-0.161593	-0.160372	-0.174716	-0.149996	-0.173190	-0.146639	-0.149081	-0.146334	-0.135042	-0.146639
0.086100	-0.172885	-0.174105	-0.195468	-0.176547	-0.185702	-0.153964	-0.161288	-0.158846	-0.153964	-0.168612
0.086200	-0.183566	-0.185397	-0.208896	-0.196689	-0.191806	-0.171359	-0.183261	-0.171054	-0.163119	-0.182040
0.086300	-0.181125	-0.186007	-0.212253	-0.195163	-0.196078	-0.193027	-0.200656	-0.174105	-0.169528	-0.187533
0.086400	-0.168612	-0.173495	-0.209201	-0.185092	-0.193332	-0.197604	-0.198520	-0.174716	-0.169528	-0.191806
0.086500	-0.153658	-0.160678	-0.200046	-0.171054	-0.173800	-0.195773	-0.188144	-0.181430	-0.165560	-0.191195
0.086600	-0.150301	-0.153658	-0.187533	-0.162203	-0.162509	-0.191806	-0.178683	-0.183261	-0.165560	-0.190585
0.086700	-0.156100	-0.154574	-0.183871	-0.168917	-0.164645	-0.177157	-0.179599	-0.177462	-0.165866	-0.189059
0.086800	-0.154269	-0.162814	-0.189059	-0.177462	-0.170443	-0.158846	-0.187839	-0.172579	-0.168917	-0.185702
0.086900	-0.150912	-0.168917	-0.200351	-0.177462	-0.177157	-0.153964	-0.189059	-0.174411	-0.175936	-0.184482
0.087000	-0.156100	-0.174105	-0.205844	-0.182040	-0.178683	-0.158541	-0.194247	-0.181125	-0.178683	-0.186007
0.087100	-0.162509	-0.178378	-0.201266	-0.184482	-0.174105	-0.169833	-0.201572	-0.194247	-0.186313	-0.189975
0.087200	-0.165560	-0.179293	-0.198520	-0.191806	-0.176242	-0.173495	-0.202487	-0.196078	-0.204624	-0.197604
0.087300	-0.169528	-0.180514	-0.202792	-0.205539	-0.176852	-0.170138	-0.212558	-0.193332	-0.218662	-0.206149
0.087400	-0.167086	-0.182650	-0.203403	-0.211948	-0.183871	-0.174716	-0.221103	-0.194247	-0.224155	-0.213474
0.087500	-0.165255	-0.182650	-0.214389	-0.212558	-0.196689	-0.187228	-0.221714	-0.203403	-0.228428	-0.221103
0.087600	-0.157321	-0.171969	-0.222019	-0.218357	-0.189059	-0.199741	-0.218967	-0.218051	-0.231785	-0.228122
0.087700	-0.153353	-0.163119	-0.206149	-0.212558	-0.170748	-0.212863	-0.214389	-0.223850	-0.231174	-0.224155
0.087800	-0.158541	-0.160372	-0.189670	-0.199741	-0.168307	-0.211948	-0.207065	-0.212253	-0.225071	-0.209201
0.087900	-0.171054	-0.166781	-0.189670	-0.190890	-0.177157	-0.196384	-0.211032	-0.196994	-0.223240	-0.200656
0.088000	-0.189364	-0.177157	-0.200961	-0.191195	-0.196384	-0.185702	-0.210422	-0.193332	-0.227207	-0.195468
0.088100	-0.204929	-0.186007	-0.216526	-0.207370	-0.212863	-0.188449	-0.211643	-0.203708	-0.240940	-0.195163
0.088200	-0.206760	-0.188449	-0.222019	-0.224460	-0.210422	-0.200656	-0.221103	-0.218662	-0.247654	-0.203403
0.088300	-0.207370	-0.185397	-0.219883	-0.225071	-0.207065	-0.215915	-0.220188	-0.218967	-0.248264	-0.212253
0.088400	-0.216526	-0.188449	-0.219883	-0.217746	-0.215915	-0.224765	-0.222629	-0.204929	-0.232395	-0.213474
0.088500	-0.222019	-0.198520	-0.230259	-0.214694	-0.232395	-0.223240	-0.227512	-0.194858	-0.231174	-0.213474
0.088600	-0.223850	-0.203098	-0.243076	-0.224155	-0.236362	-0.220798	-0.228733	-0.204624	-0.244907	-0.218662
0.088700	-0.222629	-0.197604	-0.241550	-0.233005	-0.224765	-0.229648	-0.229954	-0.224765	-0.252842	-0.225986
0.088800	-0.217441	-0.190280	-0.222324	-0.227207	-0.209201	-0.239414	-0.227207	-0.227207	-0.246433	-0.223240
0.088900	-0.217746	-0.190585	-0.216220	-0.215000	-0.207981	-0.236973	-0.217441	-0.210422	-0.244602	-0.210727
0.089000	-0.228733	-0.200656	-0.222324	-0.211337	-0.215000	-0.229343	-0.221103	-0.197909	-0.233616	-0.207370
0.089100	-0.251011	-0.219577	-0.230869	-0.211643	-0.229343	-0.222019	-0.225376	-0.200046	-0.229038	-0.205234
0.089200	-0.274205	-0.241550	-0.250706	-0.226291	-0.246738	-0.223545	-0.228733	-0.210422	-0.240024	-0.208591
0.089300	-0.280613	-0.255589	-0.270543	-0.250706	-0.253452	-0.233005	-0.243992	-0.224765	-0.252232	-0.225376
0.089400	-0.272984	-0.258030	-0.267796	-0.259556	-0.250401	-0.245518	-0.261387	-0.242771	-0.261387	-0.243381
0.089500	-0.263218	-0.245518	-0.255283	-0.258640	-0.249485	-0.254673	-0.269627	-0.243076	-0.265354	-0.247044
0.089600	-0.252537	-0.234226	-0.249180	-0.254368	-0.251316	-0.253758	-0.266270	-0.236667	-0.258946	-0.243687
0.089700	-0.246433	-0.235447	-0.245212	-0.249180	-0.254368	-0.247959	-0.261082	-0.242466	-0.261387	-0.247349
0.089800	-0.252842	-0.246128	-0.244602	-0.247044	-0.257115	-0.247349	-0.260166	-0.253147	-0.275730	-0.251316
0.089900	-0.258030	-0.254978	-0.247349	-0.254368	-0.257115	-0.251926	-0.267186	-0.258640	-0.281224	-0.252537
0.090000	-0.262913	-0.259251	-0.252537	-0.261997	-0.253452	-0.261082	-0.282750	-0.263218	-0.276951	-0.256199
0.090100	-0.269017	-0.257115	-0.250401	-0.263218	-0.261997	-0.265660	-0.286412	-0.257725	-0.266575	-0.254063
0.090200	-0.271153	-0.259251	-0.248875	-0.259251	-0.272373	-0.260777	-0.276341	-0.254063	-0.260472	-0.245518
0.090300	-0.277256	-0.267186	-0.257725	-0.258335	-0.275425	-0.256504	-0.266575	-0.257725	-0.275425	-0.247959
0.090400	-0.288548	-0.275425	-0.260472	-0.267796	-0.275120	-0.265354	-0.272984	-0.266270	-0.288548	-0.262608
0.090500	-0.286107	-0.272068	-0.250401	-0.272068	-0.269322	-0.278782	-0.280613	-0.271763	-0.285496	-0.269017
0.090600	-0.265354	-0.263218	-0.239109	-0.261082	-0.263523	-0.279393	-0.278172	-0.266270	-0.270237	-0.257420
0.090700	-0.242466	-0.247654	-0.227817	-0.242466	-0.253147	-0.268711	-0.268101	-0.258946	-0.252537	-0.239414
0.090800	-0.230869	-0.231479	-0.216831	-0.229343	-0.244907	-0.258335	-0.253147	-0.260472	-0.242771	-0.229648
0.090900	-0.225071	-0.224155	-0.209201	-0.227512	-0.230869	-0.252232	-0.240635	-0.260777	-0.239109	-0.222629
0.091000	-0.220493	-0.220188	-0.199130	-0.222934	-0.223850	-0.244907	-0.233310	-0.245518	-0.235752	-0.214694
0.091100	-0.222629	-0.222324	-0.187839	-0.215305	-0.224155	-0.233616	-0.226291	-0.224765	-0.229648	-0.213169
0.091200	-0.229038	-0.229954	-0.191806	-0.206760	-0.231174	-0.218967	-0.219577	-0.214694	-0.229954	-0.211643
0.091300	-0.238193	-0.232395	-0.211032	-0.207065	-0.230869	-0.218051	-0.213779	-0.215305	-0.229038	-0.213474
0.091400	-0.243076	-0.231479	-0.221714	-0.215915	-0.216220	-0.228428	-0.213169	-0.224155	-0.224765	-0.217136
0.091500	-0.240940	-0.228733	-0.213779	-0.221714	-0.207065	-0.235447	-0.209201	-0.228122	-0.216220	-0.214389
0.091600	-0.230564	-0.222324	-0.202182	-0.216831	-0.204929	-0.229954	-0.200961	-0.220188	-0.207065	-0.207981
0.091700	-0.222019	-0.212863	-0.198825	-0.203708	-0.201266	-0.212253	-0.191195	-0.207675	-0.199130	-0.195163
0.091800	-0.212863	-0.200046	-0.197299	-0.192111	-0.201266	-0.198825	-0.186923	-0.196689	-0.193942	-0.184176
0.091900	-0.202182	-0.194858	-0.196078	-0.191195	-0.200656	-0.195773	-0.180209	-0.196078	-0.188144	-0.182956
0.092000	-0.191501	-0.202792	-0.191806	-0.193027	-0.188449	-0.194247	-0.177462	-0.190280	-0.187228	-0.184787
0.092100	-0.202792	-0.213474	-0.186923	-0.187839	-0.183566	-0.192111	-0.176547	-0.178378	-0.188754	-0.176852
0.092200	-0.227207	-0.220188	-0.195773	-0.190585	-0.196994	-0.187533	-0.176852	-0.168612	-0.190585	-0.182040
0.092300	-0.235752	-0.228122	-0.221714	-0.205539	-0.216220	-0.184787	-0.183871	-0.172579	-0.197299	-0.191195
0.092400	-0.231174	-0.228733	-0.240024	-0.221714	-0.220798	-0.194858	-0.196384	-0.189364	-0.204318	-0.200961
0.092500	-0.222934	-0.224460	-0.242161	-0.227817	-0.212863	-0.211643	-0.203403	-0.206455	-0.205844	-0.214694
0.092600	-0.214084	-0.221103	-0.227817	-0.217441	-0.206760	-0.226291	-0.203403	-0.211337	-0.202487	-0.218967
0.092700	-0.209506	-0.219577	-0.211643	-0.207065	-0.204624	-0.228122	-0.193332	-0.199130	-0.190585	-0.207370
0.092800	-0.208591	-0.215000	-0.202487	-0.198825	-0.202487	-0.216220	-0.186007	-0.191806	-0.178988	-0.195468
0.092900	-0.211948	-0.217746	-0.204929	-0.194858	-0.208591	-0.198520	-0.189364	-0.199435	-0.176852	-0.196384
0.093000	-0.211948	-0.219577	-0.212558	-0.204318	-0.217136	-0.191195	-0.196078	-0.209201	-0.184482	-0.206760
0.093100	-0.205844	-0.219883	-0.215305	-0.211337	-0.204624	-0.200656	-0.197604	-0.211337	-0.186923	-0.211032
0.093200	-0.200046	-0.218357	-0.206149	-0.200656	-0.199130	-0.211948	-0.196689	-0.202182	-0.178378	-0.203403
0.093300	-0.196994	-0.214694	-0.194247	-0.189670	-0.202182	-0.212253	-0.188754	-0.193942	-0.166476	-0.195468
0.093400	-0.194552	-0.214694	-0.193027	-0.187533	-0.204318	-0.204624	-0.180514	-0.187533	-0.163119	-0.195773
0.093500	-0.194247	-0.218051	-0.196689	-0.189364	-0.200351	-0.199130	-0.183566	-0.190890	-0.165560	-0.203098
0.093600	-0.186313	-0.214084	-0.198825	-0.192721	-0.200046	-0.196994	-0.187533	-0.195773	-0.168917	-0.206760
0.093700	-0.171054	-0.207370	-0.195773	-0.192721	-0.191806	-0.195163	-0.185397	-0.202182	-0.163729	-0.201266
0.093800	-0.157931	-0.196994	-0.184482	-0.185397	-0.178378	-0.186923	-0.182956	-0.201266	-0.144198	-0.185397
0.093900	-0.152438	-0.185397	-0.168917	-0.170748	-0.168612	-0.175936	-0.175936	-0.189670	-0.133516	-0.173495
0.094000	-0.150912	-0.189059	-0.161593	-0.157015	-0.169528	-0.162814	-0.167697	-0.178683	-0.137179	-0.171969
0.094100	-0.158236	-0.196689	-0.166476	-0.153964	-0.171054	-0.156405	-0.160678	-0.175631	-0.144198	-0.177768
0.094200	-0.163119	-0.195773	-0.172885	-0.159152	-0.170748	-0.153964	-0.158846	-0.173800	-0.149386	-0.181430
0.094300	-0.163729	-0.188449	-0.172885	-0.163729	-0.174411	-0.153353	-0.173800	-0.176852	-0.153964	-0.178988
0.094400	-0.159457	-0.182650	-0.174411	-0.173190	-0.173190	-0.153658	-0.183566	-0.183261	-0.149996	-0.179599
0.094500	-0.153048	-0.180514	-0.178378	-0.179599	-0.170138	-0.158236	-0.174411	-0.182040	-0.146944	-0.183261
0.094600	-0.146334	-0.183566	-0.182040	-0.181430	-0.172579	-0.165560	-0.171969	-0.177462	-0.156405	-0.188754
0.094700	-0.149081	-0.183566	-0.185702	-0.187839	-0.184787	-0.169528	-0.179599	-0.181430	-0.168307	-0.191501
0.094800	-0.160372	-0.189670	-0.192721	-0.194552	-0.185092	-0.173190	-0.186923	-0.188754	-0.171969	-0.196689
0.094900	-0.168917	-0.195773	-0.195163	-0.199130	-0.183566	-0.174411	-0.198520	-0.191501	-0.174105	-0.202182
0.095000	-0.172885	-0.199130	-0.197299	-0.201266	-0.193942	-0.175631	-0.202487	-0.201877	-0.175936	-0.204929
0.095100	-0.181735	-0.204318	-0.201877	-0.201266	-0.201572	-0.176852	-0.200351	-0.212863	-0.183261	-0.208591
0.095200	-0.195163	-0.206455	-0.207065	-0.196994	-0.195773	-0.178988	-0.195163	-0.213779	-0.184482	-0.210422
0.095300	-0.195773	-0.197299	-0.211643	-0.196384	-0.194858	-0.184176	-0.194552	-0.208591	-0.188144	-0.207675
0.095400	-0.187839	-0.194552	-0.210422	-0.202792	-0.196384	-0.190280	-0.201877	-0.202487	-0.183566	-0.208896
0.095500	-0.186313	-0.196078	-0.203403	-0.206760	-0.196384	-0.194247	-0.207065	-0.199741	-0.176242	-0.211948
0.095600	-0.191195	-0.190890	-0.204624	-0.207370	-0.206760	-0.196689	-0.196994	-0.200961	-0.188754	-0.218967
0.095700	-0.193332	-0.192111	-0.210422	-0.212558	-0.212863	-0.199435	-0.199130	-0.210117	-0.211032	-0.228122
0.095800	-0.200351	-0.200656	-0.215000	-0.219272	-0.206149	-0.205539	-0.207981	-0.223240	-0.209201	-0.230869
0.095900	-0.205844	-0.202792	-0.217441	-0.217441	-0.199741	-0.211337	-0.208286	-0.225681	-0.203403	-0.225681
0.096000	-0.210117	-0.200656	-0.217441	-0.213779	-0.205539	-0.211948	-0.207675	-0.217136	-0.204929	-0.215000
0.096100	-0.211032	-0.200961	-0.215000	-0.212863	-0.214389	-0.206455	-0.209201	-0.207370	-0.203403	-0.210117
0.096200	-0.208896	-0.205844	-0.216831	-0.208591	-0.215000	-0.201877	-0.201877	-0.207065	-0.200046	-0.213779
0.096300	-0.212253	-0.212558	-0.214694	-0.205539	-0.209201	-0.211948	-0.197909	-0.211643	-0.198825	-0.217136
0.096400	-0.221103	-0.214389	-0.210422	-0.210727	-0.210422	-0.222629	-0.206149	-0.215000	-0.199741	-0.214694
0.096500	-0.232395	-0.212863	-0.209506	-0.217441	-0.219577	-0.222324	-0.217746	-0.207675	-0.203098	-0.218357
0.096600	-0.242771	-0.218357	-0.218967	-0.223240	-0.228428	-0.214694	-0.224460	-0.203403	-0.217441	-0.225681
0.096700	-0.247654	-0.227512	-0.230869	-0.231479	-0.242466	-0.210727	-0.229648	-0.216831	-0.240635	-0.240635
0.096800	-0.247349	-0.234531	-0.240024	-0.247349	-0.253147	-0.218967	-0.240940	-0.235142	-0.255589	-0.249485
0.096900	-0.248875	-0.239719	-0.238193	-0.254978	-0.249485	-0.242466	-0.257725	-0.245823	-0.252537	-0.254368
0.097000	-0.249180	-0.243076	-0.234836	-0.250706	-0.239414	-0.254368	-0.262303	-0.249790	-0.250706	-0.251926
0.097100	-0.248264	-0.246433	-0.230259	-0.245212	-0.236057	-0.247654	-0.258335	-0.244907	-0.252537	-0.248875
0.097200	-0.246433	-0.251621	-0.224155	-0.241856	-0.237278	-0.240024	-0.253452	-0.246433	-0.249180	-0.243076
0.097300	-0.248569	-0.251316	-0.226597	-0.240635	-0.246128	-0.240940	-0.258640	-0.256504	-0.254673	-0.242466
0.097400	-0.254673	-0.254368	-0.235142	-0.248875	-0.259556	-0.247654	-0.265049	-0.259556	-0.266270	-0.246738
0.097500	-0.259556	-0.258335	-0.238804	-0.266575	-0.261997	-0.252537	-0.275425	-0.254673	-0.272679	-0.258030
0.097600	-0.260166	-0.262913	-0.236667	-0.270543	-0.261387	-0.257115	-0.276036	-0.254368	-0.269932	-0.261082
0.097700	-0.258640	-0.261997	-0.241245	-0.261997	-0.263523	-0.257420	-0.275425	-0.257725	-0.276036	-0.260166
0.097800	-0.251926	-0.257725	-0.248264	-0.258640	-0.266270	-0.256809	-0.280003	-0.266270	-0.290990	-0.267186
0.097900	-0.251316	-0.257725	-0.250706	-0.267796	-0.265965	-0.268406	-0.289769	-0.274205	-0.303502	-0.282139
0.098000	-0.262303	-0.264744	-0.253452	-0.274815	-0.262913	-0.277867	-0.291600	-0.278782	-0.304112	-0.291600
0.098100	-0.269932	-0.265660	-0.255283	-0.274815	-0.263523	-0.276036	-0.289158	-0.282750	-0.300450	-0.283055
0.098200	-0.264134	-0.256199	-0.254368	-0.267186	-0.264134	-0.271763	-0.284276	-0.277867	-0.293736	-0.258946
0.098300	-0.253758	-0.253147	-0.256199	-0.258640	-0.266880	-0.274205	-0.284581	-0.268711	-0.289769	-0.247654
0.098400	-0.253758	-0.258030	-0.258640	-0.254673	-0.273899	-0.278172	-0.283360	-0.260777	-0.294957	-0.254063
0.098500	-0.266575	-0.259861	-0.261387	-0.262608	-0.271153	-0.278477	-0.278782	-0.262303	-0.302586	-0.264134
0.098600	-0.275425	-0.262303	-0.253758	-0.266270	-0.262913	-0.278782	-0.281834	-0.267186	-0.295567	-0.265049
0.098700	-0.269932	-0.258335	-0.251621	-0.259251	-0.261997	-0.276646	-0.282750	-0.268711	-0.282444	-0.253758
0.098800	-0.259556	-0.244907	-0.254978	-0.254978	-0.264744	-0.268406	-0.280308	-0.260166	-0.280919	-0.244602
0.098900	-0.260777	-0.239414	-0.256809	-0.254063	-0.262608	-0.264744	-0.271763	-0.252842	-0.285801	-0.248875
0.099000	-0.274510	-0.240940	-0.249790	-0.251926	-0.250401	-0.269932	-0.268101	-0.249485	-0.284276	-0.250706
0.099100	-0.283360	-0.239109	-0.252232	-0.244907	-0.244907	-0.269017	-0.259251	-0.246738	-0.277562	-0.246433
0.099200	-0.276951	-0.237888	-0.250401	-0.236667	-0.242161	-0.260166	-0.254368	-0.240635	-0.269322	-0.241856
0.099300	-0.263829	-0.234226	-0.239109	-0.234226	-0.234836	-0.253452	-0.255283	-0.235142	-0.257115	-0.228428
0.099400	-0.258640	-0.234531	-0.233616	-0.237278	-0.229038	-0.249485	-0.255589	-0.228733	-0.248264	-0.220493
0.099500	-0.252842	-0.231479	-0.229038	-0.234836	-0.222324	-0.242161	-0.247349	-0.221714	-0.249485	-0.220798
0.099600	-0.231479	-0.226291	-0.225681	-0.225681	-0.212253	-0.240024	-0.233921	-0.213779	-0.251316	-0.213169
0.099700	-0.210422	-0.221714	-0.230564	-0.218357	-0.211643	-0.235142	-0.224155	-0.207065	-0.241856	-0.200961
0.099800	-0.185397	-0.223240	-0.233921	-0.208591	-0.215915	-0.224460	-0.218967	-0.198825	-0.231174	-0.193027
0.099900	-0.166171	-0.217441	-0.230564	-0.209201	-0.213474	-0.218662	-0.217746	-0.196994	-0.225986	-0.190585
0.100000	-0.171969	-0.214389	-0.229648	-0.217136	-0.210727	-0.214389	-0.227207	-0.208591	-0.230259	-0.202792
0.100100	-0.200046	-0.216526	-0.233310	-0.221714	-0.205844	-0.218662	-0.230564	-0.214694	-0.235447	-0.207065
0.100200	-0.219272	-0.214084	-0.232395	-0.220188	-0.202182	-0.223545	-0.219577	-0.215915	-0.228428	-0.200046
0.100300	-0.218357	-0.213169	-0.221103	-0.208286	-0.200046	-0.223545	-0.206455	-0.211032	-0.213779	-0.189364
0.100400	-0.200961	-0.218967	-0.217441	-0.196078	-0.200656	-0.216220	-0.204624	-0.198825	-0.205539	-0.179293
0.100500	-0.175326	-0.215305	-0.220188	-0.197604	-0.206760	-0.210727	-0.211948	-0.184787	-0.207065	-0.185092
0.100600	-0.161898	-0.202792	-0.217441	-0.208591	-0.212253	-0.214694	-0.222324	-0.186313	-0.218051	-0.196078
0.100700	-0.191501	-0.184787	-0.210422	-0.215305	-0.210117	-0.225071	-0.217441	-0.199435	-0.217746	-0.194858
0.100800	-0.228733	-0.163729	-0.208591	-0.210422	-0.201266	-0.229343	-0.208286	-0.206149	-0.203708	-0.187533
0.100900	-0.256504	-0.137789	-0.207370	-0.195773	-0.197299	-0.219577	-0.202487	-0.199435	-0.196384	-0.176547
0.101000	-0.289158	-0.121920	-0.211643	-0.188144	-0.203098	-0.207675	-0.194858	-0.195163	-0.197299	-0.177462
0.101100	-0.290990	-0.129244	-0.216220	-0.197604	-0.206455	-0.200351	-0.195773	-0.197299	-0.202487	-0.189059
0.101200	-0.275425	-0.155489	-0.211643	-0.208286	-0.206149	-0.203403	-0.205234	-0.195163	-0.204624	-0.192111
0.101300	-0.272068	-0.174716	-0.200351	-0.202487	-0.205844	-0.214084	-0.207065	-0.194247	-0.193027	-0.186923
0.101400	-0.258335	-0.183566	-0.195468	-0.194552	-0.200961	-0.216831	-0.203098	-0.197909	-0.179904	-0.193332
0.101500	-0.246433	-0.171664	-0.197604	-0.195773	-0.193637	-0.205844	-0.200656	-0.187839	-0.186313	-0.191195
0.101600	-0.249485	-0.144503	-0.192111	-0.197909	-0.189059	-0.190585	-0.196994	-0.182956	-0.193942	-0.182650
0.101700	-0.245823	-0.120394	-0.184787	-0.196078	-0.181125	-0.185397	-0.193942	-0.186923	-0.195163	-0.184482
0.101800	-0.232395	-0.142062	-0.182956	-0.189059	-0.171664	-0.181125	-0.185397	-0.186313	-0.185702	-0.188144
0.101900	-0.217441	-0.184482	-0.180209	-0.178683	-0.170138	-0.175631	-0.176242	-0.178988	-0.177462	-0.183261
0.102000	-0.188449	-0.217136	-0.176242	-0.171054	-0.176242	-0.169833	-0.169833	-0.172885	-0.174105	-0.175631
0.102100	-0.160067	-0.258030	-0.182650	-0.176242	-0.179904	-0.167697	-0.167086	-0.176547	-0.176242	-0.177462
0.102200	-0.121614	-0.277256	-0.193332	-0.182956	-0.170138	-0.167697	-0.172579	-0.187839	-0.171664	-0.186313
0.102300	-0.095064	-0.259861	-0.190890	-0.184176	-0.159152	-0.174105	-0.179904	-0.189670	-0.165255	-0.182650
0.102400	-0.087434	-0.244907	-0.179599	-0.178683	-0.161288	-0.177462	-0.169833	-0.178988	-0.155795	-0.168612
0.102500	-0.072480	-0.234836	-0.170748	-0.170748	-0.165560	-0.164950	-0.155489	-0.167391	-0.148165	-0.167391
0.102600	-0.052033	-0.215915	-0.158541	-0.160372	-0.159457	-0.150301	-0.149691	-0.158541	-0.147555	-0.160067
0.102700	-0.033722	-0.222019	-0.153048	-0.146639	-0.155489	-0.146944	-0.142672	-0.150607	-0.146944	-0.156405
0.102800	0.000458	-0.229648	-0.159152	-0.141756	-0.152133	-0.154269	-0.142367	-0.150301	-0.139315	-0.164034
0.102900	0.023346	-0.217136	-0.159457	-0.149081	-0.150301	-0.160372	-0.140536	-0.154574	-0.140841	-0.159762
0.103000	0.029450	-0.208591	-0.155489	-0.155795	-0.150912	-0.154574	-0.132296	-0.148470	-0.136873	-0.144503
0.103100	0.036164	-0.185092	-0.159762	-0.148776	-0.145724	-0.143587	-0.127108	-0.142062	-0.124361	-0.139315
0.103200	0.018158	-0.142367	-0.155795	-0.138705	-0.133516	-0.142977	-0.120394	-0.139010	-0.112154	-0.134127
0.103300	-0.020600	-0.104524	-0.141756	-0.127108	-0.131075	-0.143893	-0.106661	-0.128328	-0.104830	-0.127413
0.103400	-0.052338	-0.075532	-0.130770	-0.121004	-0.137484	-0.143587	-0.106661	-0.117342	-0.096284	-0.129244
0.103500	-0.083162	-0.055390	-0.127413	-0.115816	-0.138094	-0.137484	-0.107881	-0.115206	-0.087129	-0.125582
0.103600	-0.106355	-0.051423	-0.132296	-0.114595	-0.131685	-0.126192	-0.103609	-0.113375	-0.080110	-0.119783
0.103700	-0.122225	-0.043793	-0.135653	-0.121920	-0.129549	-0.116426	-0.104830	-0.104524	-0.081331	-0.110323
0.103800	-0.166781	-0.032807	-0.142977	-0.134127	-0.136568	-0.120089	-0.110628	-0.102998	-0.097505	-0.110933
0.103900	-0.226291	-0.000458	-0.150607	-0.137789	-0.149386	-0.124056	-0.117647	-0.113375	-0.110628	-0.131685
0.104000	-0.283970	0.034333	-0.148776	-0.135958	-0.155795	-0.126803	-0.124666	-0.126192	-0.120089	-0.148165
0.104100	-0.324254	0.039826	-0.147555	-0.138705	-0.149996	-0.126497	-0.126803	-0.132296	-0.121920	-0.151522
0.104200	-0.343481	0.027619	-0.154574	-0.145113	-0.150607	-0.132296	-0.129549	-0.137484	-0.117952	-0.155795
0.104300	-0.345922	-0.001678	-0.156100	-0.149691	-0.153048	-0.136873	-0.141146	-0.144198	-0.123445	-0.160067
0.104400	-0.343786	-0.055390	-0.154879	-0.154574	-0.152133	-0.135958	-0.153048	-0.144503	-0.135348	-0.161898
0.104500	-0.332799	-0.092927	-0.158236	-0.158541	-0.155489	-0.137179	-0.159762	-0.153048	-0.143282	-0.161593
0.104600	-0.321813	-0.123445	-0.157931	-0.160983	-0.162814	-0.142062	-0.154574	-0.164950	-0.144198	-0.158541
0.104700	-0.302892	-0.156100	-0.154879	-0.168612	-0.176547	-0.142977	-0.150912	-0.166171	-0.145419	-0.164645
0.104800	-0.273594	-0.179293	-0.161288	-0.175936	-0.186313	-0.146944	-0.163119	-0.166781	-0.156710	-0.183261
0.104900	-0.245823	-0.214694	-0.167086	-0.174105	-0.184787	-0.152743	-0.182345	-0.174411	-0.172274	-0.195468
0.105000	-0.217136	-0.277256	-0.162509	-0.175631	-0.182345	-0.160372	-0.187839	-0.188144	-0.182956	-0.196689
0.105100	-0.176242	-0.342260	-0.160983	-0.185397	-0.181430	-0.171969	-0.188144	-0.201266	-0.181735	-0.191195
0.105200	-0.134127	-0.398718	-0.170138	-0.196689	-0.184176	-0.179599	-0.187533	-0.206455	-0.179293	-0.191501
0.105300	-0.095064	-0.427100	-0.174716	-0.194247	-0.190585	-0.178683	-0.182345	-0.200961	-0.178683	-0.201877
0.105400	-0.050813	-0.430457	-0.171969	-0.186007	-0.192111	-0.174411	-0.181735	-0.200656	-0.182650	-0.209506
0.105500	-0.011139	-0.421302	-0.162509	-0.184482	-0.186923	-0.174716	-0.193027	-0.205234	-0.189670	-0.207065
0.105600	0.015106	-0.406043	-0.154574	-0.188754	-0.185397	-0.181735	-0.200046	-0.213169	-0.187533	-0.203708
0.105700	0.025788	-0.392615	-0.155795	-0.188144	-0.190585	-0.177462	-0.194858	-0.212558	-0.181735	-0.201877
0.105800	0.022736	-0.371252	-0.167086	-0.184787	-0.189670	-0.170443	-0.193332	-0.202182	-0.179599	-0.197299
0.105900	0.019074	-0.339818	-0.179599	-0.188144	-0.187839	-0.172885	-0.189670	-0.201877	-0.186313	-0.193637
0.106000	0.003510	-0.310826	-0.188144	-0.192111	-0.195468	-0.179599	-0.191501	-0.213474	-0.196078	-0.202182
0.106100	-0.019989	-0.273594	-0.187839	-0.196078	-0.207675	-0.186313	-0.204929	-0.226597	-0.198520	-0.215915
0.106200	-0.048676	-0.228122	-0.181430	-0.196994	-0.212558	-0.197299	-0.213169	-0.225681	-0.193332	-0.220798
0.106300	-0.096895	-0.186007	-0.177462	-0.196078	-0.210727	-0.196384	-0.212558	-0.216220	-0.189059	-0.212863
0.106400	-0.168917	-0.139010	-0.176852	-0.194552	-0.205234	-0.186313	-0.205539	-0.208286	-0.193637	-0.202487
0.106500	-0.249180	-0.089570	-0.188449	-0.196078	-0.202487	-0.185702	-0.203098	-0.207981	-0.202182	-0.199130
0.106600	-0.316319	-0.041047	-0.195163	-0.199130	-0.201266	-0.187839	-0.213169	-0.215915	-0.211032	-0.206149
0.106700	-0.363623	-0.005341	-0.191501	-0.197604	-0.200351	-0.193332	-0.216220	-0.217136	-0.208591	-0.216220
0.106800	-0.394141	0.011749	-0.190890	-0.196384	-0.201877	-0.199741	-0.208286	-0.208591	-0.201266	-0.210422
0.106900	-0.418555	0.012970	-0.197909	-0.196994	-0.207370	-0.200961	-0.202792	-0.202182	-0.202487	-0.203403
0.107000	-0.444190	0.012360	-0.208896	-0.201572	-0.216220	-0.199741	-0.210727	-0.203098	-0.211643	-0.214084
0.107100	-0.476844	-0.000763	-0.220188	-0.205844	-0.224460	-0.201877	-0.222934	-0.213779	-0.227817	-0.220798
0.107200	-0.486915	-0.026093	-0.218967	-0.211032	-0.220188	-0.213169	-0.234226	-0.223850	-0.243381	-0.219577
0.107300	-0.471046	-0.063020	-0.214694	-0.220798	-0.216220	-0.235142	-0.234531	-0.227817	-0.246738	-0.221103
0.107400	-0.445106	-0.115206	-0.225376	-0.231174	-0.226597	-0.245212	-0.226291	-0.227512	-0.241550	-0.227512
0.107500	-0.410620	-0.167697	-0.236057	-0.233616	-0.233616	-0.233310	-0.223850	-0.217746	-0.240635	-0.230259
0.107600	-0.365148	-0.232090	-0.229648	-0.230259	-0.230869	-0.228428	-0.233310	-0.217136	-0.245518	-0.238804
0.107700	-0.322728	-0.310216	-0.225376	-0.232395	-0.226597	-0.242771	-0.245823	-0.230564	-0.254673	-0.246128
0.107800	-0.286717	-0.367285	-0.227512	-0.235752	-0.225986	-0.251926	-0.247044	-0.238193	-0.261387	-0.247654
0.107900	-0.239109	-0.396887	-0.229343	-0.239719	-0.229954	-0.256199	-0.237278	-0.235447	-0.265965	-0.242161
0.108000	-0.187839	-0.420996	-0.233921	-0.243687	-0.235142	-0.255283	-0.233616	-0.231785	-0.262913	-0.242466
0.108100	-0.149081	-0.440223	-0.237583	-0.243687	-0.234226	-0.251316	-0.240024	-0.233005	-0.263829	-0.253452
0.108200	-0.123445	-0.474098	-0.236667	-0.242161	-0.235142	-0.250706	-0.246738	-0.241856	-0.274510	-0.257420
0.108300	-0.095979	-0.501869	-0.234836	-0.245823	-0.242771	-0.261387	-0.250401	-0.251621	-0.286107	-0.258640
0.108400	-0.072480	-0.491188	-0.235447	-0.250401	-0.252537	-0.271153	-0.255589	-0.254368	-0.280919	-0.262608
0.108500	-0.061189	-0.454566	-0.240940	-0.249180	-0.252232	-0.270237	-0.256809	-0.252537	-0.277256	-0.259556
0.108600	-0.059663	-0.413062	-0.243076	-0.246738	-0.237583	-0.260777	-0.252537	-0.246128	-0.276646	-0.249790
0.108700	-0.073091	-0.363012	-0.236973	-0.247044	-0.228122	-0.258640	-0.253147	-0.240940	-0.274815	-0.249485
0.108800	-0.100862	-0.318151	-0.233616	-0.247654	-0.229954	-0.257420	-0.251926	-0.242771	-0.271763	-0.253758
0.108900	-0.123445	-0.276951	-0.228428	-0.240940	-0.236362	-0.247959	-0.247044	-0.244602	-0.273594	-0.255589
0.109000	-0.139620	-0.234226	-0.229954	-0.238804	-0.240940	-0.246738	-0.243381	-0.242161	-0.270237	-0.253758
0.109100	-0.174105	-0.189975	-0.242771	-0.244602	-0.247349	-0.252842	-0.248264	-0.241856	-0.264134	-0.254063
0.109200	-0.213779	-0.147555	-0.254063	-0.245518	-0.243381	-0.251011	-0.254368	-0.245518	-0.269627	-0.252232
0.109300	-0.249790	-0.112764	-0.249180	-0.240940	-0.237278	-0.253452	-0.254063	-0.243992	-0.281529	-0.251316
0.109400	-0.281224	-0.086213	-0.249790	-0.241856	-0.242466	-0.259861	-0.258030	-0.247349	-0.282750	-0.254063
0.109500	-0.318456	-0.063325	-0.260472	-0.246738	-0.252842	-0.265660	-0.264439	-0.252842	-0.274205	-0.258335
0.109600	-0.359655	-0.052949	-0.273594	-0.253147	-0.260472	-0.265965	-0.263218	-0.250706	-0.274815	-0.257115
0.109700	-0.391699	-0.052338	-0.275730	-0.259556	-0.262913	-0.266270	-0.256199	-0.242771	-0.275730	-0.255283
0.109800	-0.410010	-0.061799	-0.272984	-0.254063	-0.257420	-0.271153	-0.259556	-0.243687	-0.274205	-0.252232
0.109900	-0.414282	-0.084077	-0.272373	-0.246738	-0.251621	-0.274815	-0.269017	-0.252537	-0.265660	-0.252232
0.110000	-0.397803	-0.107881	-0.278172	-0.256199	-0.256199	-0.276341	-0.267186	-0.257115	-0.262608	-0.249485
0.110100	-0.377356	-0.131991	-0.282139	-0.271763	-0.260777	-0.281224	-0.257420	-0.254978	-0.261997	-0.248264
0.110200	-0.370031	-0.161288	-0.285496	-0.274205	-0.265049	-0.284276	-0.255589	-0.249790	-0.265049	-0.255589
0.110300	-0.355383	-0.197299	-0.282139	-0.264744	-0.254368	-0.281834	-0.254063	-0.250706	-0.275425	-0.263829
0.110400	-0.334630	-0.232395	-0.273899	-0.257420	-0.242771	-0.282750	-0.246738	-0.251316	-0.275120	-0.256809
0.110500	-0.308690	-0.258335	-0.259556	-0.249790	-0.242466	-0.285191	-0.227207	-0.255589	-0.259251	-0.243992
0.110600	-0.271763	-0.281224	-0.252232	-0.246128	-0.248264	-0.279393	-0.199741	-0.250706	-0.241550	-0.233310
0.110700	-0.234226	-0.310521	-0.252232	-0.242771	-0.240330	-0.258640	-0.162814	-0.234836	-0.239414	-0.228428
0.110800	-0.212863	-0.339208	-0.249180	-0.237278	-0.229648	-0.227512	-0.142367	-0.221103	-0.242466	-0.230869
0.110900	-0.195163	-0.358434	-0.241550	-0.231174	-0.222324	-0.195163	-0.157321	-0.220798	-0.236362	-0.228733
0.111000	-0.170443	-0.359960	-0.230259	-0.228122	-0.220798	-0.166476	-0.182650	-0.224765	-0.205539	-0.216220
0.111100	-0.148776	-0.343786	-0.220188	-0.224155	-0.221103	-0.156710	-0.187533	-0.222934	-0.176547	-0.208591
0.111200	-0.138094	-0.325780	-0.218357	-0.218662	-0.220493	-0.173800	-0.182956	-0.207675	-0.142977	-0.210422
0.111300	-0.134737	-0.318151	-0.216220	-0.211337	-0.217746	-0.185397	-0.170138	-0.190890	-0.123140	-0.206760
0.111400	-0.130770	-0.306859	-0.206149	-0.209506	-0.207981	-0.185092	-0.151522	-0.189364	-0.134127	-0.201572
0.111500	-0.132906	-0.293431	-0.199130	-0.207675	-0.203098	-0.179599	-0.139010	-0.194858	-0.163119	-0.196384
0.111600	-0.138094	-0.269017	-0.197604	-0.201572	-0.201877	-0.174105	-0.173800	-0.197909	-0.169528	-0.193027
0.111700	-0.142062	-0.233616	-0.204624	-0.190280	-0.203403	-0.153048	-0.218662	-0.194247	-0.161898	-0.189670
0.111800	-0.153353	-0.197909	-0.211948	-0.187228	-0.190585	-0.140841	-0.252232	-0.187533	-0.157931	-0.185702
0.111900	-0.170443	-0.177768	-0.211948	-0.190890	-0.165866	-0.178378	-0.298009	-0.183871	-0.155184	-0.185092
0.112000	-0.178683	-0.164950	-0.211643	-0.196689	-0.142672	-0.220798	-0.314488	-0.190280	-0.146334	-0.188449
0.112100	-0.187533	-0.156100	-0.212863	-0.205234	-0.126803	-0.267186	-0.298009	-0.180514	-0.172274	-0.193942
0.112200	-0.206149	-0.149386	-0.216220	-0.210117	-0.123140	-0.321202	-0.301061	-0.162203	-0.212558	-0.193637
0.112300	-0.218051	-0.143893	-0.219883	-0.214084	-0.147860	-0.321813	-0.292821	-0.135348	-0.241856	-0.173800
0.112400	-0.222629	-0.143893	-0.219577	-0.217136	-0.168612	-0.295872	-0.273594	-0.120394	-0.288243	-0.145113
0.112500	-0.227512	-0.138705	-0.215305	-0.201877	-0.169528	-0.302892	-0.279698	-0.125277	-0.315404	-0.116121
0.112600	-0.227817	-0.135958	-0.211948	-0.167391	-0.165866	-0.289769	-0.285191	-0.144198	-0.293431	-0.098726
0.112700	-0.227207	-0.134737	-0.204929	-0.138399	-0.161593	-0.277867	-0.276951	-0.158846	-0.270848	-0.106050
0.112800	-0.224155	-0.136568	-0.200656	-0.106661	-0.146944	-0.285801	-0.262913	-0.166476	-0.259556	-0.125582
0.112900	-0.222019	-0.146639	-0.204318	-0.096590	-0.139620	-0.269932	-0.223545	-0.161288	-0.247044	-0.141451
0.113000	-0.218967	-0.168612	-0.202792	-0.123445	-0.173495	-0.247959	-0.178378	-0.143893	-0.253758	-0.143893
0.113100	-0.211337	-0.184176	-0.193637	-0.153353	-0.220188	-0.239414	-0.145419	-0.128328	-0.256199	-0.137484
0.113200	-0.198825	-0.191195	-0.188754	-0.162814	-0.260777	-0.207675	-0.127718	-0.153658	-0.240024	-0.127108
0.113300	-0.187839	-0.199435	-0.191501	-0.164645	-0.306249	-0.168612	-0.116426	-0.200656	-0.227817	-0.121614
0.113400	-0.172885	-0.201877	-0.191195	-0.158846	-0.313268	-0.131075	-0.099336	-0.225986	-0.204318	-0.147860
0.113500	-0.159457	-0.202487	-0.181125	-0.135348	-0.278477	-0.101778	-0.072175	-0.266575	-0.160372	-0.185702
0.113600	-0.148470	-0.207675	-0.165255	-0.112764	-0.259556	-0.078584	-0.043488	-0.290379	-0.116426	-0.218051
0.113700	-0.138094	-0.210117	-0.157321	-0.141146	-0.244602	-0.055390	-0.002289	-0.267186	-0.080720	-0.258946
0.113800	-0.136263	-0.201877	-0.165560	-0.189059	-0.237888	-0.037385	0.026398	-0.250401	-0.059358	-0.269017
0.113900	-0.136263	-0.200656	-0.173190	-0.228428	-0.252232	-0.011444	0.032502	-0.250401	-0.048676	-0.248264
0.114000	-0.130465	-0.205844	-0.172885	-0.280308	-0.252232	0.029450	0.030060	-0.230869	-0.038911	-0.246738
0.114100	-0.128939	-0.205539	-0.159457	-0.291905	-0.233005	0.051728	0.007782	-0.230869	-0.027314	-0.236362
0.114200	-0.133822	-0.195468	-0.131075	-0.260472	-0.216526	0.052644	-0.033417	-0.240940	0.012360	-0.219883
0.114300	-0.132906	-0.182040	-0.103609	-0.247654	-0.188754	0.047761	-0.067903	-0.232395	0.051423	-0.227817
0.114400	-0.139010	-0.168307	-0.080110	-0.242466	-0.151217	0.015412	-0.107576	-0.217746	0.063630	-0.225376
0.114500	-0.153353	-0.159457	-0.063935	-0.227207	-0.108797	-0.027008	-0.141451	-0.196078	0.067903	-0.206760
0.114600	-0.164340	-0.160983	-0.083162	-0.232395	-0.072786	-0.058137	-0.165560	-0.158236	0.047150	-0.194247
0.114700	-0.172274	-0.156405	-0.122225	-0.235142	-0.050202	-0.094453	-0.208896	-0.116426	-0.003204	-0.161593
0.114800	-0.172274	-0.145113	-0.135653	-0.221103	-0.037995	-0.124361	-0.274510	-0.081025	-0.036469	-0.113680
0.114900	-0.166781	-0.135348	-0.132601	-0.211032	-0.038911	-0.153048	-0.339513	-0.061189	-0.063325	-0.074922
0.115000	-0.168612	-0.139315	-0.128023	-0.186313	-0.020295	-0.208591	-0.387732	-0.052033	-0.100252	-0.062715
0.115100	-0.182040	-0.143587	-0.113680	-0.150301	0.023346	-0.276036	-0.408484	-0.038605	-0.135348	-0.061494
0.115200	-0.191501	-0.147555	-0.099336	-0.110018	0.049897	-0.337377	-0.406043	-0.027008	-0.186923	-0.051118
0.115300	-0.190280	-0.157015	-0.136263	-0.080110	0.049592	-0.381628	-0.402991	-0.004120	-0.250401	-0.037995
0.115400	-0.181125	-0.164034	-0.195468	-0.067292	0.036164	-0.401160	-0.389868	0.019074	-0.308995	-0.017243
0.115500	-0.170748	-0.164340	-0.244907	-0.062715	-0.003204	-0.399939	-0.370642	0.034943	-0.361181	0.019989
0.115600	-0.164034	-0.168917	-0.295262	-0.056001	-0.048676	-0.391699	-0.342565	0.042573	-0.402686	0.040742
0.115700	-0.155489	-0.178988	-0.303197	-0.046540	-0.081025	-0.369116	-0.300755	0.020905	-0.419776	0.038911
0.115800	-0.147250	-0.186313	-0.269932	-0.005035	-0.119478	-0.346532	-0.259861	-0.034333	-0.427100	0.025788
0.115900	-0.138399	-0.192721	-0.252232	0.031281	-0.157931	-0.314183	-0.221714	-0.083467	-0.404517	-0.015412
0.116000	-0.132601	-0.199741	-0.246433	0.033417	-0.200351	-0.274205	-0.175631	-0.119173	-0.375830	-0.068818
0.116100	-0.131685	-0.203098	-0.241550	0.015106	-0.258640	-0.236973	-0.124971	-0.153048	-0.346227	-0.106966
0.116200	-0.130465	-0.210422	-0.259251	-0.028229	-0.328527	-0.191501	-0.071870	-0.179904	-0.312962	-0.137789
0.116300	-0.121004	-0.221103	-0.266880	-0.082551	-0.393225	-0.144808	-0.018769	-0.229038	-0.283055	-0.173800
0.116400	-0.114290	-0.222324	-0.253758	-0.116732	-0.446937	-0.098421	0.020295	-0.297704	-0.245823	-0.215305
0.116500	-0.116121	-0.213474	-0.234836	-0.154269	-0.467689	-0.041962	0.048676	-0.367285	-0.189059	-0.271763
0.116600	-0.120699	-0.202792	-0.199130	-0.190890	-0.463111	0.009613	0.059968	-0.422828	-0.135958	-0.334020
0.116700	-0.131075	-0.189670	-0.158541	-0.218357	-0.445106	0.049897	0.061189	-0.459754	-0.082551	-0.396582
0.116800	-0.143282	-0.174716	-0.122225	-0.266880	-0.420386	0.079194	0.063325	-0.471351	-0.023957	-0.440833
0.116900	-0.144808	-0.156100	-0.091707	-0.336767	-0.396887	0.087739	0.053559	-0.460975	0.018463	-0.458228
0.117000	-0.148776	-0.145724	-0.074617	-0.399939	-0.369726	0.082856	0.021820	-0.438697	0.050813	-0.462806
0.117100	-0.160678	-0.139010	-0.071260	-0.453346	-0.339818	0.077363	-0.020905	-0.420386	0.073091	-0.460670
0.117200	-0.176852	-0.132906	-0.073701	-0.483864	-0.296178	0.055085	-0.072175	-0.396277	0.074006	-0.450599
0.117300	-0.196078	-0.131685	-0.059968	-0.480201	-0.239414	0.021820	-0.142367	-0.359350	0.068818	-0.427710
0.117400	-0.211337	-0.135958	-0.011444	-0.464942	-0.185397	-0.020905	-0.223240	-0.324254	0.056001	-0.393530
0.117500	-0.220188	-0.138094	0.022736	-0.445411	-0.149996	-0.088655	-0.299229	-0.283665	0.032807	-0.349584
0.117600	-0.227512	-0.146944	0.025788	-0.426185	-0.092012	-0.176242	-0.363928	-0.230869	-0.000763	-0.308995
0.117700	-0.233005	-0.146334	0.005035	-0.393225	-0.034028	-0.261997	-0.414282	-0.180209	-0.060578	-0.264439
0.117800	-0.240635	-0.142062	-0.038300	-0.356298	0.008087	-0.329137	-0.442664	-0.124971	-0.144198	-0.215000
0.117900	-0.244907	-0.151217	-0.090486	-0.318151	0.043488	-0.375524	-0.459449	-0.063630	-0.233310	-0.166476
0.118000	-0.239719	-0.167086	-0.123140	-0.266575	0.060884	-0.417334	-0.480201	-0.019074	-0.310216	-0.110628
0.118100	-0.245518	-0.184176	-0.162509	-0.203708	0.048676	-0.451820	-0.495461	0.017548	-0.368505	-0.062715
0.118200	-0.247959	-0.196994	-0.208286	-0.156100	0.034943	-0.483864	-0.481117	0.042573	-0.420081	-0.029145
0.118300	-0.240024	-0.203708	-0.246738	-0.112764	0.024262	-0.514382	-0.446326	0.042878	-0.462806	0.000153
0.118400	-0.233310	-0.217746	-0.306859	-0.056001	-0.005646	-0.519875	-0.402075	0.031281	-0.495461	0.017853
0.118500	-0.227512	-0.233921	-0.381933	-0.009918	-0.055085	-0.496681	-0.350195	0.021820	-0.523842	0.019379
0.118600	-0.220188	-0.247959	-0.444190	0.024262	-0.121004	-0.463417	-0.298009	-0.000153	-0.536965	0.016938
0.118700	-0.216220	-0.260166	-0.489967	0.042878	-0.196994	-0.416724	-0.249790	-0.039216	-0.520790	0.000458
0.118800	-0.218967	-0.266880	-0.511940	0.036774	-0.282444	-0.358434	-0.205539	-0.096895	-0.492714	-0.032502
0.118900	-0.217136	-0.262913	-0.510719	0.029145	-0.356909	-0.307164	-0.158541	-0.170443	-0.452125	-0.076143
0.119000	-0.206149	-0.263218	-0.496071	0.022736	-0.410620	-0.262608	-0.115816	-0.246433	-0.396582	-0.141756
0.119100	-0.201266	-0.260472	-0.471962	-0.004120	-0.451820	-0.216831	-0.080720	-0.323949	-0.350500	-0.220188
0.119200	-0.206455	-0.257115	-0.449683	-0.056001	-0.486915	-0.166781	-0.051118	-0.390173	-0.309911	-0.305333
0.119300	-0.210117	-0.258946	-0.417029	-0.125582	-0.517433	-0.124971	-0.028229	-0.435950	-0.266575	-0.383764
0.119400	-0.220188	-0.257115	-0.372168	-0.208896	-0.543679	-0.092317	-0.025788	-0.476539	-0.216220	-0.442359
0.119500	-0.240024	-0.251926	-0.334630	-0.291295	-0.548257	-0.066682	-0.043183	-0.508583	-0.171359	-0.485695
0.119600	-0.246738	-0.251926	-0.287633	-0.363623	-0.528115	-0.051423	-0.063935	-0.535439	-0.133211	-0.518654
0.119700	-0.248875	-0.248875	-0.229343	-0.419471	-0.491188	-0.056306	-0.098116	-0.557717	-0.095369	-0.538491
0.119800	-0.258946	-0.240024	-0.188144	-0.463722	-0.442054	-0.066987	-0.139620	-0.548867	-0.066072	-0.560464
0.119900	-0.268406	-0.236057	-0.135653	-0.503090	-0.388647	-0.081331	-0.171664	-0.510719	-0.062409	-0.568093
0.120000	-0.276036	-0.231479	-0.073396	-0.529641	-0.340734	-0.114290	-0.202182	-0.466163	-0.074617	-0.549477
0.120100	-0.287633	-0.230869	-0.027008	-0.549477	-0.292210	-0.153048	-0.237278	-0.412757	-0.087129	-0.513466
0.120200	-0.296788	-0.235142	0.001678	-0.550393	-0.242466	-0.193637	-0.277867	-0.366674	-0.113069	-0.463722
0.120300	-0.298314	-0.240024	0.019379	-0.523232	-0.191806	-0.237583	-0.326390	-0.324559	-0.142367	-0.405737
0.120400	-0.294652	-0.242771	0.011444	-0.485084	-0.142367	-0.283360	-0.373693	-0.274510	-0.172274	-0.355688
0.120500	-0.291905	-0.242771	0.005035	-0.435340	-0.095064	-0.322423	-0.402991	-0.213779	-0.209506	-0.297704
0.120600	-0.288853	-0.241856	-0.005341	-0.370031	-0.059358	-0.357214	-0.416724	-0.161593	-0.254063	-0.233921
0.120700	-0.279393	-0.246128	-0.026398	-0.302892	-0.037995	-0.389868	-0.423438	-0.110323	-0.291295	-0.172274
0.120800	-0.274510	-0.253758	-0.066377	-0.251621	-0.032807	-0.417945	-0.436255	-0.068818	-0.321508	-0.117342
0.120900	-0.282139	-0.257725	-0.137789	-0.210422	-0.033722	-0.436866	-0.432288	-0.042573	-0.353857	-0.078889
0.121000	-0.287938	-0.261387	-0.228733	-0.163119	-0.041047	-0.447547	-0.413672	-0.039216	-0.390784	-0.048981
0.121100	-0.285496	-0.263218	-0.316014	-0.102998	-0.066682	-0.449073	-0.396887	-0.041047	-0.419471	-0.024872
0.121200	-0.280919	-0.260166	-0.395972	-0.051728	-0.100862	-0.435950	-0.373999	-0.036774	-0.436866	-0.015717
0.121300	-0.269932	-0.267796	-0.452430	-0.021820	-0.135348	-0.417639	-0.346227	-0.050813	-0.447852	-0.019379
0.121400	-0.265660	-0.276036	-0.487526	-0.002899	-0.171664	-0.404822	-0.317845	-0.083162	-0.441749	-0.027619
0.121500	-0.269932	-0.269017	-0.513771	0.001984	-0.213169	-0.384680	-0.275730	-0.113375	-0.417639	-0.052949
0.121600	-0.273899	-0.256504	-0.530861	-0.000153	-0.249180	-0.349889	-0.225376	-0.149081	-0.402686	-0.083772
0.121700	-0.280613	-0.248875	-0.546731	-0.005646	-0.277867	-0.311131	-0.196689	-0.195163	-0.386511	-0.117952
0.121800	-0.279393	-0.247959	-0.548257	-0.023346	-0.312962	-0.271763	-0.182345	-0.233310	-0.353552	-0.158846
0.121900	-0.271763	-0.248569	-0.523232	-0.061799	-0.350195	-0.228428	-0.168612	-0.265660	-0.317235	-0.200351
0.122000	-0.272984	-0.245212	-0.484779	-0.106355	-0.376745	-0.195468	-0.156100	-0.297398	-0.284276	-0.243687
0.122100	-0.272373	-0.241550	-0.432288	-0.149996	-0.395361	-0.179293	-0.149081	-0.334325	-0.249790	-0.285191
0.122200	-0.266270	-0.239414	-0.366674	-0.193332	-0.402686	-0.168612	-0.144808	-0.364233	-0.220798	-0.327001
0.122300	-0.269627	-0.240024	-0.309300	-0.238804	-0.389868	-0.158846	-0.138399	-0.380407	-0.195773	-0.357824
0.122400	-0.271153	-0.246738	-0.251011	-0.277562	-0.369421	-0.151217	-0.141756	-0.394141	-0.162509	-0.376745
0.122500	-0.262608	-0.251011	-0.187533	-0.310521	-0.357824	-0.143893	-0.153964	-0.397498	-0.139315	-0.391089
0.122600	-0.254673	-0.245518	-0.128328	-0.344091	-0.336461	-0.141451	-0.161288	-0.378576	-0.138399	-0.397498
0.122700	-0.249180	-0.239109	-0.081331	-0.369726	-0.296178	-0.144808	-0.168917	-0.355993	-0.131380	-0.382238
0.122800	-0.235447	-0.243381	-0.039216	-0.377966	-0.258640	-0.152743	-0.180209	-0.334325	-0.120089	-0.355688
0.122900	-0.217136	-0.249180	-0.002289	-0.378576	-0.226597	-0.161593	-0.185702	-0.295872	-0.124361	-0.338598
0.123000	-0.207370	-0.250401	0.021820	-0.374914	-0.194247	-0.168917	-0.193027	-0.262913	-0.132601	-0.317845
0.123100	-0.199130	-0.251926	0.023346	-0.360876	-0.163119	-0.180209	-0.208896	-0.239109	-0.140841	-0.291600
0.123200	-0.188449	-0.249485	0.017548	-0.348974	-0.142672	-0.196078	-0.218051	-0.212558	-0.147860	-0.263218
0.123300	-0.181125	-0.241550	0.001373	-0.329442	-0.121614	-0.203403	-0.219883	-0.182345	-0.158236	-0.225376
0.123400	-0.174105	-0.238193	-0.026398	-0.296178	-0.105745	-0.204624	-0.220798	-0.150912	-0.164034	-0.183261
0.123500	-0.159762	-0.243687	-0.061494	-0.260472	-0.103609	-0.211337	-0.222019	-0.124056	-0.170443	-0.145419
0.123600	-0.148776	-0.243381	-0.096895	-0.218662	-0.096895	-0.218357	-0.221714	-0.108187	-0.188144	-0.123445
0.123700	-0.148470	-0.236057	-0.134737	-0.181735	-0.095674	-0.222934	-0.218967	-0.097810	-0.196384	-0.102693
0.123800	-0.146639	-0.220493	-0.170748	-0.152133	-0.107271	-0.218662	-0.211643	-0.094759	-0.194247	-0.082856
0.123900	-0.137179	-0.211948	-0.206760	-0.127718	-0.116732	-0.212253	-0.209506	-0.093233	-0.193332	-0.079194
0.124000	-0.135348	-0.202487	-0.247349	-0.113069	-0.116121	-0.204929	-0.196689	-0.097200	-0.201266	-0.078584
0.124100	-0.139620	-0.189975	-0.294347	-0.104219	-0.127413	-0.198825	-0.187839	-0.102998	-0.201266	-0.072175
0.124200	-0.139010	-0.173495	-0.335851	-0.096590	-0.145113	-0.191806	-0.178683	-0.107271	-0.201266	-0.081331
0.124300	-0.144198	-0.157931	-0.356298	-0.094453	-0.163119	-0.182345	-0.166781	-0.121004	-0.195773	-0.100252
0.124400	-0.150912	-0.148470	-0.365148	-0.089265	-0.173495	-0.170138	-0.152438	-0.136263	-0.190585	-0.113680
0.124500	-0.154879	-0.149081	-0.369421	-0.093233	-0.183566	-0.155489	-0.135958	-0.146334	-0.177157	-0.124056
0.124600	-0.165866	-0.145724	-0.357214	-0.109407	-0.192721	-0.142977	-0.126497	-0.160067	-0.161593	-0.133516
0.124700	-0.181735	-0.131075	-0.335851	-0.117342	-0.199435	-0.135958	-0.125582	-0.175326	-0.152438	-0.146334
0.124800	-0.187839	-0.117647	-0.322728	-0.127413	-0.204318	-0.126497	-0.123140	-0.181430	-0.139620	-0.160678
0.124900	-0.188144	-0.108797	-0.299840	-0.139925	-0.198825	-0.113680	-0.115206	-0.185702	-0.122225	-0.167086
0.125000	-0.186313	-0.103304	-0.266880	-0.146334	-0.189059	-0.108187	-0.106355	-0.188754	-0.114290	-0.172274
0.125100	-0.184482	-0.107271	-0.227817	-0.158236	-0.190890	-0.103609	-0.110628	-0.184787	-0.105745	-0.177462
0.125200	-0.188449	-0.115816	-0.185397	-0.176242	-0.201572	-0.097505	-0.121004	-0.177462	-0.099336	-0.183261
0.125300	-0.189975	-0.117647	-0.145724	-0.189364	-0.197299	-0.104524	-0.131075	-0.179904	-0.094759	-0.196078
0.125400	-0.185397	-0.119173	-0.113375	-0.199741	-0.179293	-0.112764	-0.139315	-0.188754	-0.089570	-0.198825
0.125500	-0.174716	-0.123140	-0.091707	-0.204318	-0.157015	-0.112459	-0.142672	-0.183261	-0.092012	-0.187533
0.125600	-0.169833	-0.133211	-0.070344	-0.199435	-0.135958	-0.116426	-0.142367	-0.166171	-0.099336	-0.178073
0.125700	-0.167391	-0.153658	-0.052644	-0.197604	-0.131685	-0.131380	-0.154574	-0.150607	-0.106355	-0.174716
0.125800	-0.164645	-0.174105	-0.048371	-0.201266	-0.130160	-0.138399	-0.166781	-0.139315	-0.114595	-0.171969
0.125900	-0.156100	-0.183566	-0.054475	-0.202487	-0.119783	-0.140536	-0.166171	-0.132296	-0.119173	-0.165255
0.126000	-0.146639	-0.184176	-0.054475	-0.198825	-0.102388	-0.146334	-0.165560	-0.131075	-0.126497	-0.142672
0.126100	-0.132296	-0.185397	-0.059358	-0.179293	-0.101167	-0.151217	-0.165255	-0.122225	-0.135958	-0.124666
0.126200	-0.121920	-0.194858	-0.077974	-0.168307	-0.112764	-0.149691	-0.168917	-0.103304	-0.145724	-0.124361
0.126300	-0.118563	-0.205844	-0.089876	-0.167086	-0.120699	-0.155795	-0.173495	-0.095369	-0.154879	-0.124361
0.126400	-0.114290	-0.207675	-0.097810	-0.161898	-0.124361	-0.168917	-0.172885	-0.107271	-0.156405	-0.116732
0.126500	-0.110933	-0.208286	-0.109102	-0.149691	-0.125582	-0.171359	-0.160678	-0.117342	-0.159152	-0.112154
0.126600	-0.109102	-0.215000	-0.119478	-0.137179	-0.128023	-0.166781	-0.146944	-0.116732	-0.170443	-0.115511
0.126700	-0.101778	-0.217136	-0.136263	-0.125887	-0.136873	-0.164034	-0.141451	-0.120699	-0.175631	-0.118257
0.126800	-0.096590	-0.205844	-0.160983	-0.131380	-0.154269	-0.151217	-0.145113	-0.126192	-0.173800	-0.123751
0.126900	-0.101778	-0.192721	-0.174411	-0.142977	-0.167697	-0.138399	-0.140841	-0.140536	-0.169528	-0.134127
0.127000	-0.107576	-0.186007	-0.178683	-0.142672	-0.171969	-0.135653	-0.133822	-0.161898	-0.161898	-0.139010
0.127100	-0.113069	-0.182345	-0.182956	-0.138094	-0.180514	-0.134737	-0.129549	-0.174716	-0.152743	-0.142672
0.127200	-0.115816	-0.178073	-0.198520	-0.137484	-0.193942	-0.126497	-0.127108	-0.176242	-0.150301	-0.158541
0.127300	-0.123751	-0.169833	-0.211948	-0.149691	-0.204624	-0.121920	-0.128328	-0.182650	-0.146944	-0.176852
0.127400	-0.144198	-0.157321	-0.211337	-0.168612	-0.217746	-0.121920	-0.136263	-0.200046	-0.140536	-0.181125
0.127500	-0.171359	-0.147860	-0.210727	-0.179904	-0.231479	-0.128023	-0.138399	-0.215305	-0.136568	-0.189364
0.127600	-0.184176	-0.140841	-0.212253	-0.186007	-0.232395	-0.134127	-0.143282	-0.224155	-0.142977	-0.201572
0.127700	-0.190585	-0.134127	-0.206455	-0.196078	-0.228122	-0.141146	-0.160678	-0.227207	-0.145724	-0.209201
0.127800	-0.205539	-0.131991	-0.198825	-0.211337	-0.218051	-0.145113	-0.177157	-0.223545	-0.141146	-0.211948
0.127900	-0.223850	-0.132906	-0.178683	-0.219577	-0.203708	-0.152438	-0.188754	-0.221103	-0.136263	-0.216220
0.128000	-0.233005	-0.134737	-0.157015	-0.216831	-0.190890	-0.161288	-0.196078	-0.222629	-0.139925	-0.222629
0.128100	-0.234531	-0.132906	-0.151217	-0.215915	-0.181430	-0.169833	-0.201572	-0.216220	-0.146944	-0.220188
0.128200	-0.237278	-0.124056	-0.157931	-0.220188	-0.173495	-0.179904	-0.207981	-0.201572	-0.160372	-0.207981
0.128300	-0.245823	-0.127108	-0.155489	-0.226291	-0.161898	-0.193942	-0.217441	-0.188144	-0.168002	-0.199130
0.128400	-0.252842	-0.146334	-0.148776	-0.228733	-0.155489	-0.204318	-0.223850	-0.179904	-0.176547	-0.193942
0.128500	-0.254063	-0.158846	-0.142977	-0.221103	-0.152438	-0.210727	-0.233005	-0.169833	-0.192111	-0.186923
0.128600	-0.247654	-0.164034	-0.137484	-0.200351	-0.143282	-0.223545	-0.238193	-0.153964	-0.207981	-0.173190
0.128700	-0.236362	-0.173190	-0.138399	-0.178378	-0.135042	-0.237278	-0.237278	-0.144198	-0.211948	-0.152438
0.128800	-0.232090	-0.182650	-0.141756	-0.164645	-0.132906	-0.240635	-0.231785	-0.142367	-0.217746	-0.138705
0.128900	-0.229648	-0.194858	-0.147250	-0.153353	-0.131380	-0.233921	-0.222934	-0.139010	-0.224765	-0.137484
0.129000	-0.218051	-0.211032	-0.158541	-0.149691	-0.137179	-0.228428	-0.222324	-0.140841	-0.238193	-0.136568
0.129100	-0.202487	-0.216220	-0.175326	-0.147555	-0.149996	-0.226291	-0.220188	-0.137789	-0.249485	-0.136873
0.129200	-0.191806	-0.218967	-0.186007	-0.144808	-0.159457	-0.231174	-0.211643	-0.135958	-0.251316	-0.137789
0.129300	-0.184176	-0.228428	-0.189059	-0.139315	-0.166781	-0.233005	-0.199435	-0.146944	-0.248264	-0.139315
0.129400	-0.178988	-0.238804	-0.195163	-0.135042	-0.178378	-0.227512	-0.188449	-0.161288	-0.246128	-0.149081
0.129500	-0.176547	-0.242466	-0.207981	-0.133211	-0.193942	-0.216831	-0.184482	-0.168917	-0.245823	-0.161593
0.129600	-0.181430	-0.243687	-0.213474	-0.136263	-0.215000	-0.211032	-0.186923	-0.181430	-0.245212	-0.170138
0.129700	-0.184482	-0.243381	-0.223850	-0.145419	-0.229954	-0.205539	-0.184787	-0.195163	-0.231174	-0.183261
0.129800	-0.182040	-0.246128	-0.241856	-0.165255	-0.241550	-0.203098	-0.181735	-0.212558	-0.223545	-0.198825
0.129900	-0.183261	-0.248569	-0.249180	-0.185092	-0.252537	-0.197604	-0.188754	-0.229343	-0.233616	-0.213169
0.130000	-0.191501	-0.247654	-0.247959	-0.198520	-0.259556	-0.196078	-0.198825	-0.240330	-0.238804	-0.227512
0.130100	-0.203708	-0.242161	-0.243687	-0.212253	-0.273899	-0.204929	-0.206455	-0.252537	-0.226597	-0.239109
0.130200	-0.209201	-0.234531	-0.233005	-0.222934	-0.281224	-0.212253	-0.207065	-0.264134	-0.215000	-0.251316
0.130300	-0.211337	-0.225986	-0.223545	-0.235447	-0.283665	-0.214084	-0.213779	-0.275730	-0.207981	-0.265354
0.130400	-0.215305	-0.220493	-0.224460	-0.251621	-0.286107	-0.218357	-0.224460	-0.284276	-0.214694	-0.272373
0.130500	-0.225986	-0.219577	-0.222934	-0.265965	-0.285191	-0.226291	-0.232395	-0.288548	-0.225071	-0.277256
0.130600	-0.242161	-0.218967	-0.216526	-0.278172	-0.282444	-0.237888	-0.243992	-0.288853	-0.231785	-0.287938
0.130700	-0.253147	-0.219883	-0.208591	-0.286107	-0.278172	-0.248569	-0.260166	-0.288548	-0.235447	-0.292821
0.130800	-0.251011	-0.216831	-0.205844	-0.287022	-0.262608	-0.258335	-0.258030	-0.281529	-0.236362	-0.292210
0.130900	-0.249180	-0.211337	-0.201877	-0.287327	-0.249790	-0.265965	-0.258335	-0.272068	-0.237583	-0.278782
0.131000	-0.253147	-0.206760	-0.201877	-0.288243	-0.245518	-0.265965	-0.267796	-0.265965	-0.245823	-0.266575
0.131100	-0.256504	-0.207981	-0.210117	-0.287327	-0.242466	-0.259556	-0.275730	-0.260777	-0.252232	-0.264439
0.131200	-0.260777	-0.211948	-0.211643	-0.283665	-0.237888	-0.260777	-0.277562	-0.252842	-0.257420	-0.260777
0.131300	-0.262303	-0.217136	-0.208591	-0.268406	-0.228428	-0.270543	-0.274510	-0.248875	-0.263829	-0.253147
0.131400	-0.251316	-0.216220	-0.218662	-0.256199	-0.220798	-0.277256	-0.260777	-0.240330	-0.267186	-0.250401
0.131500	-0.243076	-0.210422	-0.229343	-0.251926	-0.219272	-0.281224	-0.247349	-0.229343	-0.268101	-0.240330
0.131600	-0.239109	-0.212558	-0.233310	-0.242466	-0.223240	-0.273594	-0.245212	-0.221103	-0.272068	-0.231174
0.131700	-0.236973	-0.214694	-0.246128	-0.230259	-0.227512	-0.260166	-0.250706	-0.218357	-0.278782	-0.229343
0.131800	-0.235447	-0.218051	-0.263829	-0.225986	-0.234836	-0.252232	-0.247349	-0.222934	-0.278172	-0.222324
0.131900	-0.232395	-0.227207	-0.277867	-0.218662	-0.239109	-0.248569	-0.235142	-0.231479	-0.265049	-0.221103
0.132000	-0.226291	-0.231479	-0.287022	-0.216526	-0.236973	-0.240024	-0.229038	-0.237583	-0.256809	-0.228428
0.132100	-0.227817	-0.235447	-0.289769	-0.218967	-0.236973	-0.235447	-0.236362	-0.238804	-0.254063	-0.233005
0.132200	-0.233921	-0.234531	-0.287327	-0.214694	-0.239109	-0.232090	-0.239414	-0.236973	-0.248264	-0.235752
0.132300	-0.230259	-0.225376	-0.293431	-0.205539	-0.247959	-0.233616	-0.233921	-0.241550	-0.239109	-0.235142
0.132400	-0.214694	-0.222019	-0.301671	-0.209506	-0.257725	-0.234836	-0.229343	-0.245823	-0.227207	-0.237583
0.132500	-0.208896	-0.229648	-0.301976	-0.220798	-0.263829	-0.233005	-0.235447	-0.246738	-0.223545	-0.238804
0.132600	-0.217746	-0.239414	-0.297704	-0.230259	-0.262303	-0.240635	-0.244907	-0.248264	-0.230564	-0.236667
0.132700	-0.225986	-0.247959	-0.294957	-0.237278	-0.259556	-0.247959	-0.262608	-0.258640	-0.237278	-0.246128
0.132800	-0.233310	-0.251621	-0.286412	-0.243076	-0.252842	-0.254368	-0.272068	-0.265354	-0.241856	-0.268711
0.132900	-0.230869	-0.241245	-0.272984	-0.244907	-0.249180	-0.265354	-0.270543	-0.261387	-0.243076	-0.275120
0.133000	-0.227817	-0.234531	-0.261082	-0.243992	-0.244907	-0.272679	-0.269017	-0.249180	-0.246738	-0.266575
0.133100	-0.231174	-0.242466	-0.253147	-0.253758	-0.241245	-0.272679	-0.282750	-0.238193	-0.256199	-0.254673
0.133200	-0.235142	-0.248875	-0.259251	-0.267186	-0.243076	-0.280308	-0.287022	-0.239109	-0.267796	-0.246433
0.133300	-0.236667	-0.251316	-0.269932	-0.268406	-0.246738	-0.288243	-0.279393	-0.248875	-0.275425	-0.256809
0.133400	-0.238193	-0.258640	-0.263218	-0.265354	-0.245823	-0.290990	-0.271458	-0.254673	-0.286412	-0.266575
0.133500	-0.236667	-0.261997	-0.247349	-0.262303	-0.249180	-0.287633	-0.272984	-0.250706	-0.289769	-0.263523
0.133600	-0.235447	-0.253452	-0.239109	-0.252232	-0.262303	-0.285496	-0.276036	-0.238193	-0.288548	-0.258946
0.133700	-0.226597	-0.253452	-0.239109	-0.249485	-0.271763	-0.282750	-0.269017	-0.234836	-0.292210	-0.259861
0.133800	-0.223545	-0.261997	-0.246433	-0.257115	-0.274815	-0.288548	-0.263523	-0.251011	-0.294957	-0.258640
0.133900	-0.230564	-0.265965	-0.251011	-0.258946	-0.277867	-0.292515	-0.259861	-0.272068	-0.290990	-0.257420
0.134000	-0.230869	-0.259556	-0.251621	-0.258030	-0.281834	-0.280919	-0.251621	-0.273594	-0.287938	-0.257420
0.134100	-0.228733	-0.256199	-0.258335	-0.256199	-0.286717	-0.263829	-0.237888	-0.261997	-0.283665	-0.265049
0.134200	-0.228122	-0.256504	-0.266880	-0.252232	-0.295567	-0.250706	-0.231479	-0.262608	-0.275730	-0.276036
0.134300	-0.233005	-0.251926	-0.269017	-0.252232	-0.303502	-0.244907	-0.223850	-0.276341	-0.266880	-0.283055
0.134400	-0.246433	-0.247044	-0.268406	-0.259251	-0.304418	-0.237278	-0.216831	-0.294957	-0.258335	-0.285191
0.134500	-0.254063	-0.241550	-0.261997	-0.267796	-0.294957	-0.229648	-0.218967	-0.306554	-0.244907	-0.286717
0.134600	-0.249790	-0.231174	-0.268711	-0.271458	-0.284581	-0.217441	-0.214084	-0.298009	-0.230869	-0.291905
0.134700	-0.246738	-0.232090	-0.287022	-0.277256	-0.282750	-0.210727	-0.205234	-0.291295	-0.218967	-0.300145
0.134800	-0.250706	-0.239719	-0.291295	-0.283360	-0.278782	-0.207065	-0.200656	-0.295567	-0.208896	-0.299840
0.134900	-0.260472	-0.234226	-0.277562	-0.286107	-0.276646	-0.202182	-0.206455	-0.293431	-0.200961	-0.291295
0.135000	-0.266880	-0.222629	-0.261997	-0.279698	-0.265049	-0.196384	-0.210117	-0.283970	-0.196689	-0.285496
0.135100	-0.271153	-0.217136	-0.243992	-0.269322	-0.248264	-0.188754	-0.208286	-0.267796	-0.193332	-0.276036
0.135200	-0.273899	-0.220188	-0.235752	-0.267796	-0.229038	-0.191806	-0.210727	-0.250401	-0.182956	-0.265965
0.135300	-0.272373	-0.225376	-0.234836	-0.273899	-0.217746	-0.198825	-0.223240	-0.247349	-0.167391	-0.258335
0.135400	-0.276036	-0.224460	-0.229954	-0.271458	-0.202792	-0.199741	-0.231785	-0.243076	-0.167391	-0.249485
0.135500	-0.279393	-0.221714	-0.228428	-0.259556	-0.191195	-0.205234	-0.239109	-0.230564	-0.181430	-0.237583
0.135600	-0.273899	-0.218967	-0.222934	-0.242466	-0.179599	-0.216526	-0.251011	-0.213169	-0.189364	-0.223850
0.135700	-0.268711	-0.221714	-0.215000	-0.225071	-0.168917	-0.218967	-0.261387	-0.187533	-0.189975	-0.207675
0.135800	-0.269627	-0.230869	-0.213779	-0.215915	-0.164034	-0.225986	-0.260166	-0.173190	-0.191501	-0.198520
0.135900	-0.268101	-0.236362	-0.204929	-0.214389	-0.153964	-0.233921	-0.263523	-0.168917	-0.195773	-0.188754
0.136000	-0.262303	-0.241550	-0.197909	-0.201266	-0.141756	-0.241856	-0.268101	-0.160372	-0.210422	-0.173190
0.136100	-0.259251	-0.241245	-0.212558	-0.183871	-0.129854	-0.252232	-0.266880	-0.153658	-0.225376	-0.155184
0.136200	-0.256809	-0.242161	-0.225681	-0.170443	-0.124971	-0.255283	-0.259861	-0.143587	-0.228733	-0.144198
0.136300	-0.245518	-0.247349	-0.229038	-0.168917	-0.133822	-0.249790	-0.252232	-0.119173	-0.236057	-0.147555
0.136400	-0.234531	-0.258640	-0.225376	-0.160372	-0.147555	-0.247959	-0.246128	-0.121004	-0.246433	-0.142367
0.136500	-0.226597	-0.268101	-0.218967	-0.143893	-0.150301	-0.249180	-0.236667	-0.130160	-0.248875	-0.131380
0.136600	-0.215000	-0.262303	-0.215000	-0.130465	-0.154879	-0.242161	-0.229954	-0.136873	-0.243076	-0.121309
0.136700	-0.204929	-0.246128	-0.221714	-0.134127	-0.161288	-0.230564	-0.215305	-0.147555	-0.241856	-0.122530
0.136800	-0.199435	-0.241550	-0.223850	-0.129549	-0.172579	-0.218357	-0.198825	-0.148776	-0.243687	-0.132296
0.136900	-0.196384	-0.253452	-0.217441	-0.121920	-0.193332	-0.212863	-0.189364	-0.153353	-0.240635	-0.145113
0.137000	-0.182345	-0.257420	-0.205234	-0.131075	-0.200351	-0.208591	-0.191806	-0.167391	-0.225376	-0.153048
0.137100	-0.165255	-0.251621	-0.194552	-0.134127	-0.202487	-0.201877	-0.181430	-0.178988	-0.211337	-0.159762
0.137200	-0.163119	-0.238193	-0.183871	-0.137484	-0.211032	-0.185702	-0.151522	-0.192721	-0.202182	-0.168307
0.137300	-0.167391	-0.223240	-0.177462	-0.152438	-0.228122	-0.159152	-0.124971	-0.201572	-0.198520	-0.182956
0.137400	-0.162509	-0.216526	-0.168612	-0.167697	-0.237888	-0.140841	-0.124971	-0.208896	-0.191195	-0.195468
0.137500	-0.161898	-0.217136	-0.161898	-0.176547	-0.240635	-0.139620	-0.136568	-0.222019	-0.172274	-0.200656
0.137600	-0.166781	-0.205844	-0.156100	-0.194552	-0.230259	-0.139620	-0.135653	-0.230869	-0.153353	-0.208286
0.137700	-0.164034	-0.190280	-0.142062	-0.213474	-0.224155	-0.131685	-0.116121	-0.239414	-0.148776	-0.220493
0.137800	-0.163729	-0.182650	-0.121920	-0.220798	-0.226291	-0.121614	-0.102388	-0.245823	-0.149386	-0.228733
0.137900	-0.168002	-0.183871	-0.112154	-0.210117	-0.223545	-0.097200	-0.107881	-0.229343	-0.128328	-0.230259
0.138000	-0.164034	-0.178988	-0.110018	-0.207981	-0.213474	-0.080720	-0.121004	-0.215000	-0.109102	-0.225681
0.138100	-0.165255	-0.164645	-0.106050	-0.227817	-0.196384	-0.092927	-0.125887	-0.216220	-0.102998	-0.212863
0.138200	-0.174716	-0.159457	-0.100557	-0.232090	-0.175631	-0.107271	-0.122530	-0.218357	-0.107881	-0.200961
0.138300	-0.181125	-0.157321	-0.091707	-0.225681	-0.165560	-0.102388	-0.122530	-0.207370	-0.102388	-0.199130
0.138400	-0.182040	-0.150607	-0.084688	-0.220798	-0.153353	-0.095979	-0.127718	-0.185092	-0.094759	-0.196384
0.138500	-0.180209	-0.153048	-0.087739	-0.216220	-0.133211	-0.099947	-0.140841	-0.162814	-0.090791	-0.190280
0.138600	-0.178683	-0.156405	-0.097505	-0.210117	-0.124361	-0.114290	-0.153353	-0.154574	-0.095064	-0.171969
0.138700	-0.173190	-0.155184	-0.107576	-0.209506	-0.117952	-0.129549	-0.164034	-0.159457	-0.106050	-0.150301
0.138800	-0.168917	-0.161288	-0.110933	-0.199435	-0.108187	-0.135348	-0.178378	-0.158846	-0.115511	-0.141756
0.138900	-0.174411	-0.161593	-0.118563	-0.182650	-0.095979	-0.142367	-0.190585	-0.143282	-0.128939	-0.135348
0.139000	-0.182345	-0.151522	-0.139010	-0.169528	-0.080415	-0.158236	-0.194858	-0.109712	-0.142977	-0.124056
0.139100	-0.179904	-0.153353	-0.158541	-0.162509	-0.073091	-0.174716	-0.199435	-0.088655	-0.157015	-0.114900
0.139200	-0.175631	-0.167086	-0.165560	-0.154879	-0.080110	-0.187228	-0.208896	-0.089570	-0.166171	-0.108187
0.139300	-0.164645	-0.176242	-0.174411	-0.134127	-0.084688	-0.187533	-0.204318	-0.097505	-0.177462	-0.102693
0.139400	-0.154269	-0.171359	-0.189975	-0.114900	-0.089265	-0.187533	-0.193637	-0.096590	-0.192721	-0.102693
0.139500	-0.152133	-0.153353	-0.204929	-0.118868	-0.097200	-0.195468	-0.190890	-0.096590	-0.207065	-0.092622
0.139600	-0.153964	-0.150912	-0.221103	-0.123445	-0.112764	-0.202487	-0.196384	-0.089570	-0.210727	-0.087434
0.139700	-0.148165	-0.161288	-0.229343	-0.112764	-0.129549	-0.201572	-0.198825	-0.094759	-0.205539	-0.099031
0.139800	-0.140841	-0.165255	-0.222934	-0.105135	-0.145724	-0.204624	-0.185397	-0.113680	-0.206455	-0.113680
0.139900	-0.131991	-0.161593	-0.218967	-0.100252	-0.160678	-0.206455	-0.164034	-0.131380	-0.210727	-0.117952
0.140000	-0.126497	-0.156100	-0.222019	-0.098726	-0.174716	-0.200656	-0.153353	-0.142672	-0.214694	-0.119478
0.140100	-0.128939	-0.152133	-0.215305	-0.110323	-0.188144	-0.186923	-0.157321	-0.139620	-0.211337	-0.125582
0.140200	-0.125277	-0.155184	-0.208591	-0.118868	-0.201572	-0.170443	-0.160983	-0.149691	-0.205844	-0.145113
0.140300	-0.120394	-0.151217	-0.207370	-0.123751	-0.211948	-0.167391	-0.152133	-0.177768	-0.200351	-0.167086
0.140400	-0.125582	-0.142062	-0.201877	-0.131380	-0.220493	-0.172579	-0.133822	-0.197909	-0.196994	-0.178073
0.140500	-0.137789	-0.135653	-0.189670	-0.139620	-0.228122	-0.160983	-0.126803	-0.203708	-0.187533	-0.184482
0.140600	-0.152133	-0.137484	-0.180209	-0.161593	-0.242771	-0.142062	-0.130770	-0.211032	-0.175631	-0.202182
0.140700	-0.161898	-0.144808	-0.168917	-0.185397	-0.249180	-0.142367	-0.136263	-0.218662	-0.164034	-0.220798
0.140800	-0.164034	-0.155184	-0.156710	-0.199130	-0.246433	-0.152438	-0.133211	-0.233005	-0.153353	-0.227207
0.140900	-0.162814	-0.160372	-0.147555	-0.215305	-0.246433	-0.156100	-0.135348	-0.246738	-0.149081	-0.222629
0.141000	-0.170443	-0.162203	-0.135958	-0.220188	-0.241856	-0.152743	-0.145419	-0.250706	-0.153048	-0.225986
0.141100	-0.185397	-0.160067	-0.126803	-0.225681	-0.228122	-0.146334	-0.153353	-0.242161	-0.156710	-0.242161
0.141200	-0.196689	-0.153658	-0.121920	-0.236362	-0.215305	-0.147860	-0.163729	-0.233616	-0.164340	-0.254368
0.141300	-0.196078	-0.157015	-0.118257	-0.249180	-0.210727	-0.166171	-0.173190	-0.230259	-0.162814	-0.252537
0.141400	-0.193027	-0.172579	-0.108187	-0.255589	-0.201572	-0.178073	-0.183261	-0.236362	-0.155489	-0.246738
0.141500	-0.194552	-0.181125	-0.101472	-0.256199	-0.194247	-0.180209	-0.189059	-0.233921	-0.166171	-0.238193
0.141600	-0.196689	-0.173800	-0.114290	-0.249485	-0.192721	-0.183261	-0.192721	-0.223850	-0.189059	-0.232090
0.141700	-0.207981	-0.170138	-0.138705	-0.247044	-0.194247	-0.192111	-0.199741	-0.215000	-0.199741	-0.232090
0.141800	-0.219272	-0.175631	-0.153964	-0.245212	-0.185702	-0.205539	-0.215000	-0.209201	-0.199741	-0.223850
0.141900	-0.216831	-0.186007	-0.165866	-0.237278	-0.180514	-0.218051	-0.228733	-0.201572	-0.198825	-0.211032
0.142000	-0.208286	-0.193027	-0.173495	-0.225071	-0.178073	-0.226597	-0.239414	-0.200351	-0.200046	-0.204624
0.142100	-0.207370	-0.187839	-0.187533	-0.212558	-0.176547	-0.235752	-0.234226	-0.193942	-0.212558	-0.201572
0.142200	-0.211643	-0.181125	-0.208286	-0.204624	-0.174411	-0.241856	-0.222934	-0.179293	-0.222324	-0.186923
0.142300	-0.214694	-0.185702	-0.231174	-0.200046	-0.179904	-0.233005	-0.224460	-0.167697	-0.224460	-0.176242
0.142400	-0.215305	-0.191806	-0.243381	-0.194247	-0.188449	-0.231785	-0.242771	-0.174411	-0.222629	-0.174411
0.142500	-0.211032	-0.194552	-0.253758	-0.185397	-0.189364	-0.244907	-0.248569	-0.184787	-0.227817	-0.178073
0.142600	-0.210117	-0.194858	-0.271458	-0.176852	-0.187839	-0.251926	-0.239414	-0.189364	-0.238193	-0.180209
0.142700	-0.221103	-0.194552	-0.287633	-0.168307	-0.197909	-0.249790	-0.231479	-0.189975	-0.244907	-0.184482
0.142800	-0.230259	-0.200351	-0.297398	-0.169528	-0.214389	-0.246128	-0.229648	-0.187228	-0.240330	-0.193332
0.142900	-0.225681	-0.208896	-0.298924	-0.171054	-0.222934	-0.241245	-0.235447	-0.186007	-0.237583	-0.198825
0.143000	-0.218967	-0.216831	-0.295262	-0.172579	-0.228428	-0.246128	-0.244907	-0.196078	-0.235752	-0.195163
0.143100	-0.215000	-0.221103	-0.295262	-0.175631	-0.227817	-0.259251	-0.242466	-0.208896	-0.231479	-0.193942
0.143200	-0.220188	-0.215305	-0.296788	-0.172274	-0.224460	-0.260166	-0.227207	-0.212253	-0.232395	-0.201266
0.143300	-0.234226	-0.210117	-0.288243	-0.175936	-0.227512	-0.247959	-0.227817	-0.210727	-0.240635	-0.213474
0.143400	-0.240940	-0.218967	-0.280613	-0.183871	-0.229343	-0.235752	-0.241245	-0.205539	-0.240330	-0.216526
0.143500	-0.233005	-0.235752	-0.273594	-0.189364	-0.233005	-0.236362	-0.245212	-0.208896	-0.230564	-0.218357
0.143600	-0.222629	-0.247349	-0.266880	-0.201266	-0.233921	-0.248264	-0.236362	-0.217441	-0.226597	-0.220493
0.143700	-0.217136	-0.248875	-0.260166	-0.207981	-0.234836	-0.254063	-0.222934	-0.227207	-0.234531	-0.225071
0.143800	-0.220188	-0.236667	-0.247044	-0.212558	-0.238193	-0.248875	-0.220798	-0.229954	-0.245518	-0.228122
0.143900	-0.232090	-0.233921	-0.232090	-0.219272	-0.238193	-0.243076	-0.230259	-0.222629	-0.249790	-0.231785
0.144000	-0.237278	-0.248264	-0.220493	-0.222324	-0.226597	-0.238804	-0.228733	-0.215915	-0.242771	-0.230259
0.144100	-0.227512	-0.256199	-0.213474	-0.218662	-0.222934	-0.236973	-0.215000	-0.222629	-0.229648	-0.227817
0.144200	-0.208591	-0.246738	-0.206149	-0.214694	-0.225681	-0.237888	-0.205539	-0.227817	-0.221103	-0.230564
0.144300	-0.201266	-0.233616	-0.194858	-0.205844	-0.225986	-0.224765	-0.195468	-0.220798	-0.217746	-0.230564
0.144400	-0.216220	-0.229954	-0.181125	-0.200351	-0.222019	-0.210727	-0.196078	-0.211337	-0.217441	-0.222629
0.144500	-0.220188	-0.231174	-0.172274	-0.205539	-0.216220	-0.209201	-0.199435	-0.206760	-0.212863	-0.212863
0.144600	-0.209506	-0.228733	-0.171664	-0.207675	-0.214694	-0.208896	-0.181125	-0.213169	-0.204318	-0.216220
0.144700	-0.198520	-0.217441	-0.177157	-0.210727	-0.218662	-0.208286	-0.167086	-0.218967	-0.196078	-0.220493
0.144800	-0.198520	-0.215000	-0.181735	-0.204624	-0.218662	-0.198520	-0.168917	-0.221103	-0.190890	-0.219272
0.144900	-0.205539	-0.209201	-0.183261	-0.193027	-0.222019	-0.183566	-0.176242	-0.218662	-0.196078	-0.211643
0.145000	-0.214389	-0.207675	-0.190280	-0.192111	-0.225376	-0.176852	-0.173800	-0.210117	-0.200656	-0.211643
0.145100	-0.208896	-0.211948	-0.201572	-0.201877	-0.219577	-0.176852	-0.173190	-0.206760	-0.193637	-0.217746
0.145200	-0.199435	-0.213779	-0.207981	-0.201266	-0.219883	-0.174411	-0.179599	-0.215915	-0.179904	-0.217136
0.145300	-0.200351	-0.209506	-0.212253	-0.201572	-0.225376	-0.177768	-0.188144	-0.221103	-0.175326	-0.219272
0.145400	-0.208286	-0.205234	-0.216831	-0.202792	-0.220493	-0.177157	-0.188144	-0.222324	-0.175631	-0.224155
0.145500	-0.214694	-0.197909	-0.222629	-0.206149	-0.215000	-0.178683	-0.191806	-0.221714	-0.180209	-0.222019
0.145600	-0.219272	-0.203098	-0.225376	-0.211643	-0.209201	-0.179599	-0.199741	-0.218662	-0.178378	-0.214694
0.145700	-0.219272	-0.220493	-0.226597	-0.217441	-0.201877	-0.181430	-0.200961	-0.211643	-0.171359	-0.216831
0.145800	-0.209506	-0.225681	-0.224460	-0.223240	-0.199741	-0.186923	-0.203403	-0.211032	-0.164034	-0.214084
0.145900	-0.195773	-0.220493	-0.226291	-0.223850	-0.193027	-0.195163	-0.214084	-0.209201	-0.172885	-0.205844
0.146000	-0.191195	-0.215305	-0.229038	-0.218662	-0.188449	-0.200046	-0.222629	-0.201266	-0.188449	-0.202182
0.146100	-0.200961	-0.214084	-0.229954	-0.218357	-0.186313	-0.202792	-0.220493	-0.187228	-0.200961	-0.207370
0.146200	-0.209506	-0.221103	-0.232090	-0.218662	-0.172885	-0.201572	-0.230259	-0.177157	-0.199435	-0.207675
0.146300	-0.204929	-0.234531	-0.231479	-0.211337	-0.162203	-0.204624	-0.236667	-0.176547	-0.195163	-0.198825
0.146400	-0.195163	-0.236973	-0.232395	-0.209201	-0.167697	-0.214084	-0.227817	-0.171969	-0.196078	-0.185092
0.146500	-0.192111	-0.229954	-0.231785	-0.204624	-0.170748	-0.218357	-0.225376	-0.165255	-0.203098	-0.175326
0.146600	-0.200351	-0.224765	-0.226597	-0.197909	-0.170138	-0.218051	-0.233005	-0.158541	-0.218357	-0.170443
0.146700	-0.205234	-0.227817	-0.220493	-0.194247	-0.175326	-0.219883	-0.233005	-0.161288	-0.230869	-0.170443
0.146800	-0.196078	-0.231785	-0.222934	-0.189975	-0.175631	-0.218357	-0.229038	-0.171054	-0.222629	-0.171969
0.146900	-0.186007	-0.230259	-0.221103	-0.184176	-0.175631	-0.222324	-0.222019	-0.178073	-0.211337	-0.168002
0.147000	-0.189670	-0.223545	-0.217441	-0.179904	-0.185702	-0.229343	-0.210117	-0.175326	-0.219272	-0.162509
0.147100	-0.201572	-0.213169	-0.211948	-0.177768	-0.200656	-0.228733	-0.204929	-0.173190	-0.234531	-0.165560
0.147200	-0.211337	-0.203403	-0.203708	-0.184482	-0.211032	-0.219577	-0.207065	-0.174716	-0.240940	-0.174411
0.147300	-0.209506	-0.203098	-0.203403	-0.188144	-0.213169	-0.204929	-0.203708	-0.185397	-0.235142	-0.182345
0.147400	-0.198825	-0.208591	-0.211948	-0.191195	-0.211643	-0.199741	-0.195773	-0.200351	-0.224765	-0.182650
0.147500	-0.196689	-0.199435	-0.211643	-0.195468	-0.218967	-0.209201	-0.182040	-0.212558	-0.225376	-0.189975
0.147600	-0.207675	-0.185397	-0.202487	-0.204318	-0.228733	-0.212558	-0.177157	-0.216220	-0.223545	-0.202487
0.147700	-0.218662	-0.182956	-0.197604	-0.217441	-0.233310	-0.201572	-0.179599	-0.225986	-0.220188	-0.214694
0.147800	-0.225376	-0.193942	-0.193332	-0.225681	-0.237583	-0.187228	-0.181125	-0.235447	-0.214389	-0.219577
0.147900	-0.225681	-0.200351	-0.193942	-0.225986	-0.241245	-0.178683	-0.178988	-0.238804	-0.207981	-0.223850
0.148000	-0.212558	-0.195163	-0.192721	-0.235447	-0.249790	-0.180209	-0.175326	-0.246433	-0.200046	-0.239109
0.148100	-0.206455	-0.184482	-0.186007	-0.251316	-0.252232	-0.186923	-0.167697	-0.258946	-0.203098	-0.244907
0.148200	-0.215915	-0.177768	-0.184482	-0.259861	-0.246128	-0.182650	-0.177768	-0.265354	-0.208591	-0.243687
0.148300	-0.230564	-0.189364	-0.182650	-0.267796	-0.236667	-0.167391	-0.191501	-0.262303	-0.207370	-0.256504
0.148400	-0.233005	-0.204624	-0.176547	-0.273899	-0.224155	-0.165866	-0.195163	-0.264744	-0.206455	-0.270237
0.148500	-0.219272	-0.208591	-0.172885	-0.271153	-0.220188	-0.173495	-0.201572	-0.272068	-0.198520	-0.273899
0.148600	-0.201877	-0.211337	-0.170748	-0.276951	-0.229954	-0.185702	-0.208896	-0.275425	-0.191501	-0.274510
0.148700	-0.201572	-0.215305	-0.169833	-0.284581	-0.235752	-0.186007	-0.211948	-0.271458	-0.193027	-0.278477
0.148800	-0.212253	-0.218967	-0.176242	-0.284581	-0.227512	-0.182956	-0.219272	-0.265660	-0.207675	-0.273594
0.148900	-0.222324	-0.230259	-0.180209	-0.285801	-0.215000	-0.186007	-0.233005	-0.256504	-0.222019	-0.265965
0.149000	-0.217746	-0.240940	-0.181735	-0.288548	-0.211948	-0.190585	-0.235447	-0.257420	-0.218357	-0.262608
0.149100	-0.204624	-0.243992	-0.191195	-0.290379	-0.214389	-0.199130	-0.235142	-0.253758	-0.211948	-0.262608
0.149200	-0.204624	-0.238193	-0.201572	-0.283665	-0.215000	-0.219272	-0.242466	-0.244907	-0.220188	-0.257115
0.149300	-0.221103	-0.235142	-0.207370	-0.269932	-0.214389	-0.234226	-0.250401	-0.233921	-0.240330	-0.251621
0.149400	-0.230869	-0.239719	-0.214084	-0.259251	-0.210727	-0.239719	-0.250401	-0.227817	-0.249790	-0.249790
0.149500	-0.224460	-0.246738	-0.223240	-0.252232	-0.195163	-0.248569	-0.248875	-0.226597	-0.254063	-0.239719
0.149600	-0.218967	-0.246433	-0.239109	-0.242161	-0.191195	-0.258640	-0.247044	-0.221103	-0.251926	-0.225376
0.149700	-0.220188	-0.236667	-0.258335	-0.233310	-0.203403	-0.268101	-0.243076	-0.214694	-0.256504	-0.220798
0.149800	-0.230564	-0.228122	-0.269627	-0.223240	-0.217136	-0.272679	-0.236057	-0.211643	-0.264439	-0.217746
0.149900	-0.248264	-0.228122	-0.271763	-0.215915	-0.227207	-0.269627	-0.230869	-0.214694	-0.270848	-0.207981
0.150000	-0.254978	-0.235142	-0.274205	-0.210727	-0.225071	-0.261387	-0.233616	-0.219883	-0.272068	-0.207981
0.150100	-0.245518	-0.235447	-0.276646	-0.202182	-0.228733	-0.260166	-0.225376	-0.218662	-0.269932	-0.214389
0.150200	-0.236973	-0.224155	-0.280003	-0.191195	-0.234226	-0.267796	-0.218051	-0.214389	-0.261387	-0.217136
0.150300	-0.245212	-0.204929	-0.283665	-0.184787	-0.233310	-0.272068	-0.218662	-0.219577	-0.252537	-0.207981
0.150400	-0.259556	-0.198520	-0.281224	-0.187533	-0.237278	-0.265354	-0.218051	-0.228428	-0.250706	-0.201266
0.150500	-0.268406	-0.200351	-0.275425	-0.191195	-0.250401	-0.255283	-0.210727	-0.224460	-0.249485	-0.209201
0.150600	-0.261082	-0.204929	-0.272068	-0.193332	-0.246433	-0.251621	-0.204624	-0.229954	-0.237278	-0.224460
0.150700	-0.249180	-0.208286	-0.267796	-0.193637	-0.247044	-0.246738	-0.201572	-0.238804	-0.222019	-0.225986
0.150800	-0.247349	-0.208896	-0.259251	-0.194858	-0.259556	-0.239719	-0.209506	-0.238193	-0.210422	-0.224765
0.150900	-0.249180	-0.201877	-0.245823	-0.195468	-0.263523	-0.238193	-0.211643	-0.231785	-0.206455	-0.228122
0.151000	-0.257115	-0.200351	-0.229648	-0.201877	-0.251011	-0.237278	-0.207065	-0.235142	-0.211337	-0.231174
0.151100	-0.256199	-0.206760	-0.220798	-0.210727	-0.241245	-0.227512	-0.204624	-0.235752	-0.209506	-0.235752
0.151200	-0.239109	-0.212558	-0.224460	-0.218051	-0.241550	-0.218051	-0.204624	-0.237278	-0.195773	-0.239109
0.151300	-0.229648	-0.214694	-0.220188	-0.229038	-0.240330	-0.221103	-0.207981	-0.238804	-0.188449	-0.236973
0.151400	-0.231174	-0.216526	-0.204624	-0.235752	-0.238193	-0.232395	-0.218662	-0.236057	-0.200351	-0.236973
0.151500	-0.228733	-0.219883	-0.181125	-0.232090	-0.237583	-0.237888	-0.220493	-0.230564	-0.213474	-0.240635
0.151600	-0.223850	-0.230869	-0.168002	-0.226597	-0.230259	-0.233921	-0.212558	-0.225071	-0.212863	-0.237583
0.151700	-0.214694	-0.241245	-0.162509	-0.229038	-0.207065	-0.226597	-0.215305	-0.224460	-0.200046	-0.233921
0.151800	-0.197604	-0.240940	-0.165255	-0.231479	-0.196994	-0.223545	-0.221103	-0.216220	-0.193332	-0.228733
0.151900	-0.187533	-0.234531	-0.170443	-0.229038	-0.203403	-0.234531	-0.220798	-0.204318	-0.200961	-0.220188
0.152000	-0.190280	-0.229648	-0.162814	-0.220493	-0.213779	-0.239414	-0.211643	-0.193332	-0.209506	-0.211337
0.152100	-0.198520	-0.231785	-0.156405	-0.215915	-0.211643	-0.224155	-0.203098	-0.190585	-0.210117	-0.198520
0.152200	-0.194858	-0.234836	-0.162814	-0.210727	-0.196078	-0.210727	-0.207981	-0.175936	-0.208286	-0.191806
0.152300	-0.177157	-0.228428	-0.173800	-0.193027	-0.183261	-0.212863	-0.207981	-0.159152	-0.205844	-0.192721
0.152400	-0.164340	-0.218051	-0.181430	-0.177157	-0.178683	-0.220188	-0.193332	-0.154269	-0.206760	-0.187228
0.152500	-0.168917	-0.213474	-0.189670	-0.165866	-0.182345	-0.220493	-0.184482	-0.155489	-0.207065	-0.176547
0.152600	-0.178378	-0.209506	-0.194552	-0.157015	-0.187839	-0.211032	-0.187228	-0.153964	-0.200656	-0.172274
0.152700	-0.185397	-0.205844	-0.201266	-0.154574	-0.187228	-0.197604	-0.181735	-0.149386	-0.196994	-0.169833
0.152800	-0.183261	-0.203403	-0.208896	-0.158236	-0.176852	-0.194858	-0.177462	-0.148776	-0.191806	-0.175631
0.152900	-0.173495	-0.199130	-0.215305	-0.147250	-0.173495	-0.195163	-0.168917	-0.155795	-0.177157	-0.171969
0.153000	-0.174411	-0.189364	-0.219883	-0.135653	-0.185702	-0.194858	-0.165255	-0.163729	-0.173495	-0.165560
0.153100	-0.185397	-0.183261	-0.218662	-0.136873	-0.189059	-0.187228	-0.168612	-0.163729	-0.176852	-0.165560
0.153200	-0.192721	-0.180209	-0.216220	-0.142367	-0.171664	-0.179293	-0.166781	-0.168002	-0.174716	-0.162509
0.153300	-0.190585	-0.174716	-0.220798	-0.150912	-0.163119	-0.171359	-0.163119	-0.168917	-0.173495	-0.148165
0.153400	-0.187228	-0.169833	-0.219577	-0.155184	-0.169528	-0.169833	-0.162203	-0.168002	-0.170138	-0.146944
0.153500	-0.184482	-0.164034	-0.210727	-0.162814	-0.171054	-0.172885	-0.167697	-0.166781	-0.160372	-0.155795
0.153600	-0.186313	-0.162203	-0.205539	-0.171359	-0.167697	-0.183261	-0.181430	-0.167391	-0.162509	-0.162203
0.153700	-0.190280	-0.165866	-0.202487	-0.178378	-0.159152	-0.184482	-0.194247	-0.170748	-0.166781	-0.154879
0.153800	-0.194858	-0.172885	-0.198520	-0.179904	-0.148776	-0.173800	-0.186923	-0.173495	-0.166781	-0.146639
0.153900	-0.190585	-0.173800	-0.201266	-0.189670	-0.144198	-0.168307	-0.188449	-0.170443	-0.163729	-0.144198
0.154000	-0.181125	-0.171969	-0.196078	-0.191195	-0.152133	-0.174105	-0.197604	-0.160983	-0.160983	-0.137179
0.154100	-0.176852	-0.171969	-0.184176	-0.191195	-0.160983	-0.181430	-0.198520	-0.159457	-0.167086	-0.133516
0.154200	-0.184176	-0.174411	-0.173495	-0.195773	-0.161898	-0.183566	-0.192721	-0.156405	-0.175631	-0.133516
0.154300	-0.187533	-0.180514	-0.167697	-0.201266	-0.155795	-0.177157	-0.186923	-0.158236	-0.176547	-0.129854
0.154400	-0.183566	-0.183871	-0.166476	-0.200046	-0.154574	-0.175326	-0.186923	-0.156710	-0.181125	-0.133516
0.154500	-0.170748	-0.181125	-0.166476	-0.194247	-0.160678	-0.181430	-0.188449	-0.153048	-0.186923	-0.143282
0.154600	-0.158846	-0.177157	-0.167391	-0.184787	-0.165560	-0.189975	-0.183566	-0.149081	-0.184176	-0.139620
0.154700	-0.159762	-0.179293	-0.171664	-0.173495	-0.175326	-0.187533	-0.177768	-0.154269	-0.189364	-0.135042
0.154800	-0.167697	-0.183871	-0.173495	-0.169528	-0.184787	-0.178683	-0.176547	-0.159152	-0.198825	-0.141451
0.154900	-0.169833	-0.187533	-0.173800	-0.168612	-0.194247	-0.175631	-0.167391	-0.163729	-0.205539	-0.152438
0.155000	-0.165560	-0.188449	-0.172579	-0.173800	-0.204624	-0.176852	-0.156405	-0.171664	-0.199435	-0.162509
0.155100	-0.157015	-0.186313	-0.173495	-0.169528	-0.217441	-0.174716	-0.153658	-0.175936	-0.188754	-0.164340
0.155200	-0.160067	-0.182345	-0.182345	-0.159457	-0.222934	-0.173495	-0.148165	-0.175631	-0.189364	-0.165560
0.155300	-0.176852	-0.183871	-0.193637	-0.158541	-0.230869	-0.171359	-0.142672	-0.174105	-0.200961	-0.173495
0.155400	-0.188449	-0.189059	-0.204318	-0.166476	-0.233616	-0.167086	-0.142062	-0.186923	-0.207065	-0.185702
0.155500	-0.188144	-0.191195	-0.207065	-0.172885	-0.232090	-0.166171	-0.141146	-0.203403	-0.201266	-0.196994
0.155600	-0.182650	-0.184787	-0.202182	-0.178073	-0.228733	-0.165560	-0.139010	-0.211643	-0.184787	-0.207065
0.155700	-0.183871	-0.177462	-0.199130	-0.184787	-0.221714	-0.168307	-0.146944	-0.214694	-0.170443	-0.215305
0.155800	-0.190890	-0.182345	-0.200046	-0.188754	-0.214389	-0.175936	-0.154879	-0.219272	-0.168917	-0.218967
0.155900	-0.200351	-0.188754	-0.204318	-0.198825	-0.205844	-0.173190	-0.160372	-0.222019	-0.170748	-0.220798
0.156000	-0.199741	-0.194858	-0.205234	-0.208896	-0.193332	-0.161593	-0.162509	-0.217136	-0.168002	-0.221103
0.156100	-0.194552	-0.196384	-0.207370	-0.217441	-0.189364	-0.150912	-0.171664	-0.216526	-0.163729	-0.231479
0.156200	-0.196689	-0.193332	-0.206149	-0.222324	-0.191806	-0.155184	-0.182345	-0.225071	-0.164034	-0.234836
0.156300	-0.207981	-0.193637	-0.205539	-0.231174	-0.191195	-0.168917	-0.191501	-0.237583	-0.167086	-0.230869
0.156400	-0.213474	-0.200046	-0.194552	-0.243076	-0.192721	-0.171664	-0.198825	-0.239109	-0.175936	-0.231174
0.156500	-0.213474	-0.202182	-0.189364	-0.248569	-0.190585	-0.170138	-0.209201	-0.230869	-0.182650	-0.238193
0.156600	-0.207675	-0.207370	-0.192111	-0.251621	-0.178683	-0.177157	-0.225681	-0.220493	-0.186313	-0.237888
0.156700	-0.201877	-0.211032	-0.200961	-0.248264	-0.174716	-0.187228	-0.234531	-0.218662	-0.189059	-0.231174
0.156800	-0.203098	-0.211948	-0.211032	-0.246738	-0.188754	-0.198825	-0.237583	-0.218051	-0.191195	-0.224155
0.156900	-0.213169	-0.216526	-0.216831	-0.245823	-0.201572	-0.206760	-0.243381	-0.218051	-0.200351	-0.218662
0.157000	-0.218662	-0.218967	-0.212558	-0.242466	-0.204318	-0.211337	-0.247654	-0.212253	-0.213169	-0.218051
0.157100	-0.216831	-0.216831	-0.218662	-0.235447	-0.200046	-0.214694	-0.243992	-0.206760	-0.227817	-0.217746
0.157200	-0.213169	-0.223850	-0.231174	-0.232395	-0.201877	-0.223240	-0.243381	-0.206455	-0.236057	-0.213169
0.157300	-0.213169	-0.229038	-0.237278	-0.226597	-0.218357	-0.233921	-0.240330	-0.208286	-0.236057	-0.207065
0.157400	-0.216831	-0.227512	-0.242161	-0.221714	-0.236973	-0.246128	-0.236973	-0.200656	-0.243076	-0.210117
0.157500	-0.223850	-0.228428	-0.247349	-0.211948	-0.248264	-0.246738	-0.230869	-0.196384	-0.258030	-0.216526
0.157600	-0.230564	-0.225986	-0.256809	-0.202487	-0.254673	-0.246738	-0.221714	-0.208591	-0.266270	-0.212863
0.157700	-0.231479	-0.221714	-0.263218	-0.198520	-0.257725	-0.249485	-0.219883	-0.217136	-0.264439	-0.210117
0.157800	-0.229038	-0.221103	-0.266575	-0.199130	-0.262913	-0.254978	-0.222019	-0.216220	-0.263829	-0.222019
0.157900	-0.233005	-0.223850	-0.264134	-0.196994	-0.271763	-0.262608	-0.219577	-0.213169	-0.261997	-0.235447
0.158000	-0.241550	-0.227207	-0.259556	-0.197299	-0.278172	-0.265965	-0.217136	-0.221103	-0.261082	-0.238193
0.158100	-0.242771	-0.223850	-0.256809	-0.199130	-0.273594	-0.254978	-0.215305	-0.228122	-0.257115	-0.240940
0.158200	-0.241856	-0.220493	-0.254978	-0.200046	-0.265049	-0.240635	-0.211643	-0.230259	-0.248875	-0.246433
0.158300	-0.239719	-0.222019	-0.252537	-0.203708	-0.261997	-0.236057	-0.214084	-0.236057	-0.241245	-0.248569
0.158400	-0.237278	-0.222324	-0.248264	-0.207981	-0.261082	-0.240024	-0.218967	-0.247959	-0.231479	-0.251316
0.158500	-0.243992	-0.221103	-0.240330	-0.215305	-0.254673	-0.236667	-0.224765	-0.257725	-0.226291	-0.257725
0.158600	-0.251926	-0.223850	-0.227817	-0.217746	-0.240024	-0.223240	-0.232090	-0.261997	-0.226291	-0.260166
0.158700	-0.254063	-0.224765	-0.217136	-0.225071	-0.226597	-0.214389	-0.235142	-0.263218	-0.221714	-0.263523
0.158800	-0.247349	-0.228733	-0.207370	-0.233921	-0.214694	-0.216220	-0.238804	-0.260777	-0.214694	-0.269322
0.158900	-0.239414	-0.236057	-0.202487	-0.239109	-0.208896	-0.222934	-0.244602	-0.261387	-0.211643	-0.265354
0.159000	-0.236973	-0.237888	-0.193942	-0.238193	-0.212863	-0.221714	-0.248264	-0.266270	-0.205844	-0.255589
0.159100	-0.239414	-0.236667	-0.182650	-0.243076	-0.208896	-0.216526	-0.256809	-0.267186	-0.206455	-0.256504
0.159200	-0.233616	-0.242466	-0.178988	-0.246128	-0.196689	-0.210422	-0.264134	-0.267186	-0.208896	-0.260472
0.159300	-0.227207	-0.248264	-0.176852	-0.245518	-0.194247	-0.206455	-0.256809	-0.260777	-0.220493	-0.257725
0.159400	-0.222934	-0.249485	-0.178683	-0.250706	-0.196078	-0.208591	-0.252232	-0.250706	-0.226597	-0.247959
0.159500	-0.218967	-0.243992	-0.182345	-0.254368	-0.197299	-0.217746	-0.254673	-0.243992	-0.225071	-0.240024
0.159600	-0.221714	-0.245212	-0.184787	-0.248875	-0.202182	-0.223850	-0.258030	-0.240024	-0.230259	-0.237278
0.159700	-0.224460	-0.254978	-0.186007	-0.238804	-0.204929	-0.223545	-0.252842	-0.233616	-0.245212	-0.228733
0.159800	-0.217136	-0.254978	-0.193637	-0.236667	-0.206455	-0.223850	-0.243687	-0.226597	-0.251011	-0.228122
0.159900	-0.205844	-0.245823	-0.197909	-0.235752	-0.212863	-0.226597	-0.240330	-0.217136	-0.249790	-0.228122
0.160000	-0.202182	-0.236362	-0.201877	-0.227817	-0.221103	-0.231479	-0.237278	-0.211948	-0.246128	-0.223850
0.160100	-0.206149	-0.234226	-0.210117	-0.222019	-0.225986	-0.234226	-0.226291	-0.209201	-0.246738	-0.214389
0.160200	-0.205844	-0.236362	-0.221714	-0.218967	-0.226291	-0.234531	-0.215915	-0.208896	-0.251926	-0.214694
0.160300	-0.202487	-0.235447	-0.230564	-0.215305	-0.228428	-0.231479	-0.207675	-0.205844	-0.254673	-0.215000
0.160400	-0.199130	-0.225986	-0.233005	-0.211032	-0.234226	-0.226597	-0.199130	-0.198520	-0.250706	-0.216220
0.160500	-0.191501	-0.212253	-0.232395	-0.208591	-0.239414	-0.222934	-0.199435	-0.200656	-0.235447	-0.219883
0.160600	-0.189975	-0.204624	-0.233921	-0.203098	-0.240330	-0.225986	-0.197604	-0.211337	-0.225071	-0.225071
0.160700	-0.198520	-0.202792	-0.238193	-0.201572	-0.237888	-0.222019	-0.194858	-0.212863	-0.222019	-0.224460
0.160800	-0.205234	-0.199435	-0.234836	-0.199130	-0.225376	-0.215000	-0.190280	-0.205844	-0.221103	-0.223545
0.160900	-0.201572	-0.191501	-0.229343	-0.198520	-0.208591	-0.211337	-0.187533	-0.205844	-0.209506	-0.223850
0.161000	-0.193332	-0.183566	-0.225681	-0.195163	-0.199435	-0.207065	-0.189670	-0.207981	-0.190890	-0.216526
0.161100	-0.187228	-0.181735	-0.221103	-0.190585	-0.200961	-0.204929	-0.193332	-0.210117	-0.181125	-0.206760
0.161200	-0.189670	-0.177462	-0.211032	-0.190280	-0.199741	-0.202182	-0.193942	-0.209506	-0.175936	-0.200046
0.161300	-0.192721	-0.173800	-0.199741	-0.194247	-0.193637	-0.196384	-0.193027	-0.210727	-0.170138	-0.198520
0.161400	-0.194858	-0.172579	-0.191195	-0.193332	-0.181735	-0.190280	-0.192111	-0.212558	-0.166476	-0.191195
0.161500	-0.196384	-0.173800	-0.185702	-0.190585	-0.175326	-0.186313	-0.198825	-0.212558	-0.165255	-0.185092
0.161600	-0.197299	-0.176547	-0.184787	-0.191806	-0.171054	-0.184176	-0.208286	-0.208591	-0.163119	-0.180514
0.161700	-0.197604	-0.180514	-0.179904	-0.197604	-0.165560	-0.186313	-0.213169	-0.206760	-0.160983	-0.169528
0.161800	-0.200046	-0.183261	-0.168917	-0.202487	-0.160983	-0.191195	-0.211643	-0.202182	-0.161593	-0.163119
0.161900	-0.195773	-0.184482	-0.157321	-0.193027	-0.155795	-0.196384	-0.204318	-0.198825	-0.168307	-0.159762
0.162000	-0.189670	-0.183261	-0.156100	-0.188449	-0.148470	-0.196689	-0.203098	-0.191806	-0.171359	-0.160678
0.162100	-0.185092	-0.181125	-0.160983	-0.190890	-0.148776	-0.196384	-0.203403	-0.184787	-0.171664	-0.156405
0.162200	-0.188449	-0.185092	-0.162509	-0.187533	-0.155489	-0.194858	-0.200351	-0.182040	-0.175631	-0.150301
0.162300	-0.191501	-0.189059	-0.160983	-0.179293	-0.159152	-0.191501	-0.190280	-0.177768	-0.183871	-0.147860
0.162400	-0.189670	-0.191806	-0.161288	-0.182040	-0.163729	-0.187228	-0.182345	-0.169833	-0.193332	-0.153048
0.162500	-0.184482	-0.189975	-0.167697	-0.182345	-0.172579	-0.186923	-0.178073	-0.162203	-0.200656	-0.160678
0.162600	-0.187533	-0.193027	-0.173800	-0.177768	-0.179599	-0.189364	-0.174105	-0.159152	-0.205539	-0.169833
0.162700	-0.188144	-0.197604	-0.182345	-0.178683	-0.192721	-0.193332	-0.170443	-0.159762	-0.204929	-0.177462
0.162800	-0.185702	-0.200046	-0.190280	-0.181735	-0.202182	-0.193942	-0.169528	-0.163729	-0.205539	-0.184482
0.162900	-0.189364	-0.197909	-0.192111	-0.185092	-0.206760	-0.191806	-0.173800	-0.165255	-0.211948	-0.196994
0.163000	-0.193637	-0.201877	-0.198520	-0.184787	-0.209201	-0.187839	-0.175326	-0.167391	-0.214389	-0.205234
0.163100	-0.188754	-0.200656	-0.206149	-0.187839	-0.213169	-0.187228	-0.171664	-0.171664	-0.205844	-0.210727
0.163200	-0.184787	-0.195163	-0.211337	-0.193637	-0.222934	-0.192111	-0.166781	-0.178683	-0.197299	-0.218967
0.163300	-0.186923	-0.195163	-0.208591	-0.194552	-0.232395	-0.196689	-0.167086	-0.179904	-0.194552	-0.219272
0.163400	-0.191195	-0.196078	-0.207981	-0.190280	-0.230259	-0.193637	-0.167086	-0.185702	-0.195773	-0.218662
0.163500	-0.194247	-0.197604	-0.210727	-0.197909	-0.224460	-0.189975	-0.167391	-0.197299	-0.194552	-0.226291
0.163600	-0.195773	-0.197604	-0.211948	-0.203708	-0.222019	-0.187533	-0.170138	-0.206760	-0.192111	-0.230869
0.163700	-0.189364	-0.193027	-0.209201	-0.203098	-0.219577	-0.189059	-0.177768	-0.205539	-0.190890	-0.229648
0.163800	-0.185397	-0.186313	-0.207370	-0.207370	-0.220798	-0.194552	-0.184787	-0.200961	-0.182956	-0.223850
0.163900	-0.191501	-0.189364	-0.201266	-0.210422	-0.216220	-0.199130	-0.189059	-0.205234	-0.172579	-0.213779
0.164000	-0.202182	-0.193332	-0.198825	-0.205844	-0.207981	-0.200046	-0.191195	-0.208286	-0.168612	-0.204624
0.164100	-0.197909	-0.189059	-0.197299	-0.200046	-0.197909	-0.200351	-0.194552	-0.207065	-0.171359	-0.201572
0.164200	-0.192111	-0.181125	-0.194552	-0.199435	-0.188754	-0.201572	-0.200656	-0.200656	-0.168612	-0.194247
0.164300	-0.186923	-0.178988	-0.190890	-0.203403	-0.185397	-0.203708	-0.205844	-0.195773	-0.170748	-0.186923
0.164400	-0.185702	-0.180514	-0.190890	-0.202792	-0.184482	-0.205539	-0.214389	-0.194858	-0.168002	-0.174716
0.164500	-0.193027	-0.186007	-0.192111	-0.198520	-0.178378	-0.200656	-0.214084	-0.193637	-0.168612	-0.162509
0.164600	-0.199130	-0.187533	-0.194552	-0.196078	-0.176547	-0.201266	-0.207981	-0.189975	-0.178988	-0.155795
0.164700	-0.200351	-0.188754	-0.197299	-0.187533	-0.173190	-0.203098	-0.205844	-0.181430	-0.189059	-0.152743
0.164800	-0.200656	-0.189059	-0.197909	-0.177157	-0.175936	-0.203403	-0.207981	-0.174716	-0.194247	-0.144808
0.164900	-0.199130	-0.186313	-0.200961	-0.176242	-0.183871	-0.208896	-0.209506	-0.175631	-0.195773	-0.145419
0.165000	-0.201877	-0.188754	-0.200351	-0.178073	-0.183871	-0.213474	-0.213169	-0.175936	-0.194247	-0.156100
0.165100	-0.208286	-0.191195	-0.204624	-0.174411	-0.178988	-0.209201	-0.212253	-0.174411	-0.196689	-0.156710
0.165200	-0.211948	-0.191806	-0.208896	-0.168307	-0.186007	-0.206760	-0.203098	-0.163729	-0.206149	-0.153964
0.165300	-0.215915	-0.192721	-0.215305	-0.171054	-0.195163	-0.208286	-0.195468	-0.158236	-0.204624	-0.161593
0.165400	-0.220798	-0.190585	-0.225681	-0.172885	-0.205539	-0.203708	-0.193332	-0.162203	-0.202487	-0.171054
0.165500	-0.221714	-0.190890	-0.231479	-0.167391	-0.212863	-0.201266	-0.191806	-0.168307	-0.212558	-0.174716
0.165600	-0.219272	-0.199435	-0.226291	-0.161288	-0.211643	-0.201572	-0.187228	-0.173495	-0.219883	-0.186007
0.165700	-0.218662	-0.211032	-0.221714	-0.167086	-0.206760	-0.200351	-0.182040	-0.178378	-0.220493	-0.197909
0.165800	-0.216831	-0.212863	-0.223240	-0.176852	-0.210117	-0.199130	-0.186313	-0.177462	-0.214389	-0.207675
0.165900	-0.217746	-0.206455	-0.222019	-0.182040	-0.218051	-0.196994	-0.191195	-0.175631	-0.204624	-0.209201
0.166000	-0.220493	-0.202487	-0.224765	-0.181735	-0.224460	-0.196078	-0.190280	-0.182040	-0.200046	-0.210117
0.166100	-0.220493	-0.205844	-0.225681	-0.176242	-0.225376	-0.195773	-0.185092	-0.189975	-0.201877	-0.215305
0.166200	-0.216526	-0.211032	-0.215915	-0.173800	-0.225986	-0.192721	-0.181125	-0.195773	-0.208591	-0.218662
0.166300	-0.208896	-0.214084	-0.204318	-0.186923	-0.225681	-0.193637	-0.184787	-0.193332	-0.208286	-0.222934
0.166400	-0.205539	-0.215915	-0.199435	-0.204929	-0.218662	-0.199741	-0.195163	-0.197604	-0.199130	-0.228428
0.166500	-0.205539	-0.214084	-0.200046	-0.214694	-0.211032	-0.194247	-0.200961	-0.207370	-0.187228	-0.223545
0.166600	-0.201266	-0.215915	-0.200656	-0.209506	-0.206455	-0.189975	-0.204318	-0.213169	-0.188449	-0.212558
0.166700	-0.194858	-0.218967	-0.197299	-0.203403	-0.197299	-0.192721	-0.204318	-0.217441	-0.194552	-0.208896
0.166800	-0.192111	-0.218967	-0.190585	-0.205234	-0.193942	-0.191806	-0.202487	-0.214389	-0.197299	-0.207981
0.166900	-0.193332	-0.217441	-0.184176	-0.209201	-0.195468	-0.190890	-0.203098	-0.208591	-0.194858	-0.204318
0.167000	-0.191501	-0.215000	-0.178073	-0.206760	-0.189364	-0.194247	-0.205539	-0.207370	-0.192111	-0.197604
0.167100	-0.189364	-0.215000	-0.177157	-0.206455	-0.186007	-0.192721	-0.208896	-0.209201	-0.188754	-0.192111
0.167200	-0.188449	-0.214084	-0.176547	-0.205539	-0.180209	-0.187228	-0.211032	-0.206149	-0.182956	-0.186923
0.167300	-0.184176	-0.211337	-0.174716	-0.199741	-0.171969	-0.185397	-0.207981	-0.200046	-0.182650	-0.178683
0.167400	-0.182956	-0.206455	-0.179599	-0.195163	-0.167391	-0.187228	-0.204624	-0.192721	-0.185397	-0.171054
0.167500	-0.185092	-0.198520	-0.185702	-0.193332	-0.172274	-0.186923	-0.199741	-0.188144	-0.185702	-0.172579
0.167600	-0.184787	-0.189975	-0.190890	-0.190585	-0.176547	-0.180514	-0.191195	-0.189059	-0.185702	-0.170443
0.167700	-0.179599	-0.193027	-0.189975	-0.187533	-0.179599	-0.172274	-0.190280	-0.186923	-0.190585	-0.159152
0.167800	-0.176852	-0.197299	-0.187533	-0.181430	-0.178378	-0.173190	-0.194247	-0.180514	-0.194552	-0.154574
0.167900	-0.178073	-0.193942	-0.190585	-0.179904	-0.169833	-0.170138	-0.191501	-0.173800	-0.192111	-0.160067
0.168000	-0.184176	-0.186923	-0.200656	-0.182650	-0.164645	-0.165560	-0.183261	-0.172274	-0.185092	-0.161593
0.168100	-0.185397	-0.182040	-0.206455	-0.181735	-0.169528	-0.167086	-0.180514	-0.175631	-0.176547	-0.161593
0.168200	-0.185092	-0.178988	-0.205844	-0.175631	-0.181735	-0.164340	-0.174105	-0.177462	-0.172885	-0.163729
0.168300	-0.187228	-0.177157	-0.200656	-0.168612	-0.190280	-0.160372	-0.166781	-0.174105	-0.174411	-0.167086
0.168400	-0.185702	-0.173800	-0.197299	-0.165866	-0.187228	-0.161898	-0.167391	-0.175936	-0.180514	-0.174105
0.168500	-0.182040	-0.168307	-0.198825	-0.174411	-0.178988	-0.159457	-0.173190	-0.177768	-0.179599	-0.175326
0.168600	-0.185397	-0.165255	-0.201877	-0.183871	-0.173800	-0.156405	-0.172274	-0.176242	-0.174716	-0.173495
0.168700	-0.188144	-0.168307	-0.204318	-0.190585	-0.178073	-0.159762	-0.171969	-0.179293	-0.173800	-0.180514
0.168800	-0.186007	-0.172274	-0.202792	-0.191195	-0.183871	-0.163119	-0.177768	-0.186313	-0.178378	-0.183871
0.168900	-0.186923	-0.176547	-0.197604	-0.191806	-0.182956	-0.163729	-0.184787	-0.189364	-0.182956	-0.192721
0.169000	-0.189364	-0.182345	-0.191501	-0.193637	-0.176852	-0.165255	-0.184176	-0.188754	-0.184176	-0.197604
0.169100	-0.189364	-0.188449	-0.187839	-0.200961	-0.173800	-0.174105	-0.189364	-0.190585	-0.186923	-0.196994
0.169200	-0.189670	-0.190280	-0.187839	-0.202487	-0.175631	-0.182345	-0.199741	-0.187533	-0.184176	-0.198520
0.169300	-0.190890	-0.189059	-0.189059	-0.204929	-0.176242	-0.186007	-0.204318	-0.191501	-0.183871	-0.200046
0.169400	-0.185702	-0.186313	-0.183871	-0.208896	-0.173800	-0.185397	-0.201572	-0.198520	-0.184482	-0.196384
0.169500	-0.179904	-0.193332	-0.172579	-0.211337	-0.171359	-0.185397	-0.199435	-0.200351	-0.189975	-0.194552
0.169600	-0.181735	-0.199435	-0.164950	-0.204318	-0.171054	-0.184176	-0.198520	-0.196384	-0.198520	-0.194247
0.169700	-0.185092	-0.201877	-0.165866	-0.201572	-0.179293	-0.189670	-0.197299	-0.193637	-0.200351	-0.197299
0.169800	-0.179599	-0.202487	-0.173495	-0.204624	-0.188449	-0.197909	-0.202182	-0.199741	-0.200656	-0.199741
0.169900	-0.178378	-0.204929	-0.179293	-0.207065	-0.191806	-0.202487	-0.211643	-0.208896	-0.203708	-0.192721
0.170000	-0.179904	-0.206149	-0.179293	-0.208591	-0.194552	-0.200046	-0.210727	-0.208286	-0.213474	-0.191806
0.170100	-0.180209	-0.207675	-0.178073	-0.211337	-0.192111	-0.200656	-0.202182	-0.205844	-0.216220	-0.198825
0.170200	-0.182650	-0.208591	-0.179599	-0.211032	-0.191501	-0.196994	-0.197909	-0.210117	-0.211643	-0.200961
0.170300	-0.183261	-0.204929	-0.186007	-0.203708	-0.199130	-0.193942	-0.199741	-0.210422	-0.204318	-0.203403
0.170400	-0.185092	-0.201877	-0.189059	-0.203403	-0.210117	-0.197604	-0.199130	-0.213169	-0.202182	-0.211643
0.170500	-0.182956	-0.203403	-0.193942	-0.207675	-0.216831	-0.200656	-0.194552	-0.216526	-0.208591	-0.217136
0.170600	-0.185702	-0.208896	-0.196994	-0.214084	-0.220493	-0.199130	-0.190280	-0.216220	-0.215915	-0.222324
0.170700	-0.192111	-0.204318	-0.202487	-0.218357	-0.220493	-0.197604	-0.190585	-0.216220	-0.214694	-0.227207
0.170800	-0.195163	-0.196689	-0.208286	-0.222019	-0.220798	-0.197299	-0.197299	-0.222934	-0.212253	-0.228122
0.170900	-0.197909	-0.191501	-0.215915	-0.224155	-0.227817	-0.197604	-0.199435	-0.228122	-0.212253	-0.236057
0.171000	-0.200656	-0.195773	-0.218662	-0.223850	-0.236973	-0.202182	-0.199130	-0.232395	-0.214694	-0.240635
0.171100	-0.205234	-0.201877	-0.217746	-0.227207	-0.246433	-0.200656	-0.200656	-0.239414	-0.218051	-0.241550
0.171200	-0.206455	-0.207370	-0.216526	-0.230869	-0.247044	-0.204929	-0.201572	-0.239414	-0.215915	-0.245518
0.171300	-0.209201	-0.206149	-0.221103	-0.237583	-0.243381	-0.208896	-0.212558	-0.242161	-0.214084	-0.253147
0.171400	-0.215915	-0.200961	-0.229648	-0.242466	-0.235752	-0.212558	-0.222019	-0.243381	-0.215000	-0.259861
0.171500	-0.222324	-0.195773	-0.233005	-0.243381	-0.233310	-0.213779	-0.223240	-0.243992	-0.212253	-0.258640
0.171600	-0.221714	-0.200351	-0.229954	-0.243992	-0.231785	-0.217441	-0.223850	-0.241856	-0.210422	-0.254063
0.171700	-0.216526	-0.206149	-0.222629	-0.248264	-0.235447	-0.222019	-0.231479	-0.239109	-0.215915	-0.253452
0.171800	-0.220188	-0.207675	-0.225071	-0.249485	-0.235752	-0.234531	-0.240940	-0.235752	-0.224765	-0.258335
0.171900	-0.229038	-0.213169	-0.232395	-0.246738	-0.233616	-0.243992	-0.248264	-0.244907	-0.226597	-0.261387
0.172000	-0.234531	-0.216220	-0.240024	-0.247959	-0.238804	-0.243076	-0.248875	-0.251011	-0.226597	-0.261387
0.172100	-0.239414	-0.219577	-0.241245	-0.245212	-0.246433	-0.248875	-0.253758	-0.246738	-0.233616	-0.253147
0.172200	-0.240024	-0.227817	-0.238193	-0.246738	-0.245518	-0.258030	-0.262303	-0.239414	-0.242161	-0.247654
0.172300	-0.236973	-0.234531	-0.237583	-0.244907	-0.235447	-0.266270	-0.261387	-0.230564	-0.246128	-0.243992
0.172400	-0.236973	-0.233921	-0.240940	-0.240940	-0.224155	-0.270237	-0.262608	-0.227512	-0.245518	-0.237278
0.172500	-0.245518	-0.232090	-0.243687	-0.230259	-0.229038	-0.269017	-0.260777	-0.229343	-0.245518	-0.229648
0.172600	-0.252232	-0.231479	-0.246128	-0.228428	-0.246738	-0.267186	-0.263523	-0.225681	-0.249485	-0.232090
0.172700	-0.251926	-0.241550	-0.246128	-0.230259	-0.252232	-0.269932	-0.266270	-0.222934	-0.262303	-0.235447
0.172800	-0.251011	-0.251621	-0.249180	-0.231785	-0.247959	-0.274510	-0.270848	-0.225071	-0.271458	-0.235142
0.172900	-0.255589	-0.253147	-0.256504	-0.231174	-0.242771	-0.275730	-0.266575	-0.227817	-0.271153	-0.235142
0.173000	-0.258640	-0.252842	-0.260166	-0.227817	-0.240635	-0.276646	-0.261387	-0.231479	-0.271153	-0.234531
0.173100	-0.257420	-0.248264	-0.264134	-0.227817	-0.249485	-0.278172	-0.259251	-0.233921	-0.271458	-0.233616
0.173200	-0.258335	-0.248875	-0.264744	-0.225681	-0.270543	-0.279698	-0.256809	-0.234531	-0.269932	-0.236362
0.173300	-0.257725	-0.261082	-0.261082	-0.226291	-0.277867	-0.279393	-0.255589	-0.242771	-0.267186	-0.240330
0.173400	-0.259861	-0.265660	-0.258946	-0.227207	-0.271458	-0.271153	-0.257115	-0.249180	-0.269932	-0.247044
0.173500	-0.265660	-0.262913	-0.259861	-0.232090	-0.265965	-0.266575	-0.258030	-0.248569	-0.268101	-0.250706
0.173600	-0.265049	-0.258946	-0.264439	-0.232090	-0.262608	-0.268101	-0.256199	-0.245823	-0.265660	-0.252842
0.173700	-0.260777	-0.254368	-0.263523	-0.236667	-0.265049	-0.262913	-0.254673	-0.239414	-0.258030	-0.248875
0.173800	-0.256504	-0.254368	-0.252842	-0.238193	-0.268711	-0.257115	-0.257420	-0.239719	-0.254063	-0.249180
0.173900	-0.253758	-0.261082	-0.247959	-0.238804	-0.264439	-0.260777	-0.255589	-0.248569	-0.251926	-0.256199
0.174000	-0.254368	-0.261997	-0.248875	-0.240330	-0.258335	-0.263829	-0.253758	-0.254978	-0.253758	-0.262608
0.174100	-0.253147	-0.262303	-0.248264	-0.238193	-0.257420	-0.258946	-0.255283	-0.259556	-0.249180	-0.262913
0.174200	-0.246433	-0.261082	-0.248264	-0.237583	-0.266575	-0.254978	-0.253452	-0.257420	-0.243076	-0.264134
0.174300	-0.241550	-0.258946	-0.245212	-0.243992	-0.274510	-0.246738	-0.248569	-0.255589	-0.239719	-0.263829
0.174400	-0.240330	-0.262608	-0.240024	-0.246433	-0.265965	-0.245823	-0.249485	-0.255283	-0.243992	-0.261082
0.174500	-0.239719	-0.265049	-0.238804	-0.243992	-0.250706	-0.244907	-0.248264	-0.254063	-0.241245	-0.254063
0.174600	-0.237583	-0.257115	-0.236057	-0.239719	-0.245823	-0.245212	-0.246738	-0.251926	-0.233005	-0.247654
0.174700	-0.237583	-0.247044	-0.228733	-0.236057	-0.246128	-0.245823	-0.249485	-0.251621	-0.230869	-0.240024
0.174800	-0.239719	-0.243992	-0.225376	-0.242771	-0.246128	-0.246433	-0.251011	-0.243381	-0.232090	-0.237278
0.174900	-0.237888	-0.243992	-0.223850	-0.247349	-0.242161	-0.241550	-0.245823	-0.237278	-0.233310	-0.232395
0.175000	-0.235142	-0.247044	-0.225681	-0.240330	-0.229954	-0.238193	-0.236973	-0.232090	-0.232395	-0.225986
0.175100	-0.229954	-0.243992	-0.227512	-0.231174	-0.216831	-0.234836	-0.233005	-0.224460	-0.229038	-0.219272
0.175200	-0.224460	-0.237583	-0.230259	-0.223850	-0.215000	-0.230869	-0.230869	-0.220798	-0.228122	-0.215915
0.175300	-0.227512	-0.232395	-0.235142	-0.221103	-0.218662	-0.233921	-0.228733	-0.222324	-0.223545	-0.211032
0.175400	-0.230259	-0.231174	-0.234836	-0.224155	-0.220493	-0.232395	-0.224155	-0.218357	-0.214084	-0.202792
0.175500	-0.227817	-0.233921	-0.223240	-0.217746	-0.213779	-0.225986	-0.218662	-0.206760	-0.211643	-0.194247
0.175600	-0.225071	-0.229648	-0.221714	-0.207981	-0.202792	-0.212253	-0.212253	-0.199435	-0.208896	-0.190585
0.175700	-0.227207	-0.215305	-0.226291	-0.199741	-0.193027	-0.207675	-0.207370	-0.193332	-0.206455	-0.186007
0.175800	-0.222324	-0.204318	-0.224460	-0.195468	-0.189364	-0.210117	-0.205844	-0.187839	-0.205234	-0.177462
0.175900	-0.221103	-0.202182	-0.226291	-0.196078	-0.196689	-0.205539	-0.202792	-0.181125	-0.201572	-0.176852
0.176000	-0.221103	-0.201877	-0.224155	-0.195773	-0.204624	-0.201572	-0.198825	-0.180209	-0.199130	-0.175936
0.176100	-0.216220	-0.204624	-0.218051	-0.192111	-0.200961	-0.205844	-0.195773	-0.183871	-0.200961	-0.178378
0.176200	-0.212863	-0.204318	-0.219577	-0.186923	-0.188144	-0.202182	-0.195163	-0.186313	-0.197299	-0.174411
0.176300	-0.212558	-0.200046	-0.221714	-0.179599	-0.183871	-0.194552	-0.192721	-0.185702	-0.188144	-0.173190
0.176400	-0.211337	-0.200351	-0.214389	-0.180514	-0.188754	-0.188754	-0.191501	-0.181735	-0.188754	-0.168612
0.176500	-0.205844	-0.207981	-0.211948	-0.189670	-0.190585	-0.187839	-0.192111	-0.176242	-0.186313	-0.166476
0.176600	-0.202182	-0.212558	-0.209506	-0.192721	-0.186313	-0.191501	-0.190585	-0.176547	-0.187839	-0.163119
0.176700	-0.201266	-0.208591	-0.208896	-0.189975	-0.183566	-0.196384	-0.189670	-0.179293	-0.188144	-0.161898
0.176800	-0.201877	-0.201572	-0.206455	-0.188144	-0.183261	-0.193027	-0.189059	-0.182345	-0.188754	-0.167086
0.176900	-0.197299	-0.195773	-0.198825	-0.183871	-0.185092	-0.185702	-0.187228	-0.182956	-0.189975	-0.174716
0.177000	-0.199435	-0.199435	-0.192721	-0.187228	-0.188449	-0.183261	-0.182956	-0.179904	-0.192721	-0.179293
0.177100	-0.197909	-0.207981	-0.187533	-0.187839	-0.186923	-0.184787	-0.176852	-0.179904	-0.189059	-0.177157
0.177200	-0.187533	-0.208591	-0.179293	-0.187839	-0.178988	-0.185397	-0.177157	-0.186007	-0.188754	-0.176547
0.177300	-0.180514	-0.202792	-0.179599	-0.190585	-0.177462	-0.182956	-0.182345	-0.189059	-0.182650	-0.181735
0.177400	-0.181735	-0.195773	-0.182956	-0.191806	-0.182040	-0.178683	-0.184176	-0.192721	-0.178073	-0.187533
0.177500	-0.178683	-0.194858	-0.182345	-0.189364	-0.188754	-0.171969	-0.180209	-0.195163	-0.180209	-0.185702
0.177600	-0.177462	-0.200046	-0.175936	-0.191806	-0.192111	-0.167086	-0.172274	-0.191806	-0.178378	-0.177462
0.177700	-0.180209	-0.201877	-0.171664	-0.189059	-0.189975	-0.159152	-0.164034	-0.190585	-0.176852	-0.179599
0.177800	-0.179904	-0.199130	-0.171664	-0.190585	-0.181735	-0.154269	-0.161593	-0.187839	-0.178988	-0.187839
0.177900	-0.179293	-0.190585	-0.174716	-0.197299	-0.178073	-0.154574	-0.168612	-0.188144	-0.179904	-0.191501
0.178000	-0.173800	-0.180209	-0.169528	-0.199130	-0.187228	-0.159457	-0.167086	-0.188754	-0.171054	-0.191501
0.178100	-0.169833	-0.176242	-0.166781	-0.199130	-0.196078	-0.159457	-0.163729	-0.191501	-0.164340	-0.190585
0.178200	-0.166781	-0.177157	-0.168002	-0.194858	-0.189975	-0.154574	-0.163119	-0.196384	-0.167086	-0.195773
0.178300	-0.166781	-0.182345	-0.166476	-0.189059	-0.179293	-0.148165	-0.160067	-0.200961	-0.168307	-0.197909
0.178400	-0.169833	-0.176852	-0.168002	-0.190890	-0.174411	-0.139315	-0.153048	-0.198520	-0.163119	-0.196384
0.178500	-0.170748	-0.168917	-0.171969	-0.191806	-0.178988	-0.133822	-0.155489	-0.187228	-0.159152	-0.192111
0.178600	-0.168002	-0.164340	-0.170443	-0.194858	-0.184482	-0.141451	-0.161288	-0.176242	-0.160372	-0.192111
0.178700	-0.166781	-0.165255	-0.169528	-0.202487	-0.180514	-0.150912	-0.164950	-0.177462	-0.161593	-0.186007
0.178800	-0.168917	-0.164034	-0.172579	-0.200046	-0.168917	-0.153048	-0.168307	-0.184176	-0.166476	-0.185702
0.178900	-0.168002	-0.162509	-0.173800	-0.189059	-0.160983	-0.155795	-0.169833	-0.186313	-0.170138	-0.187533
0.179000	-0.171359	-0.156405	-0.175631	-0.187228	-0.168307	-0.160372	-0.169833	-0.180514	-0.168307	-0.190280
0.179100	-0.181125	-0.156405	-0.181430	-0.187533	-0.179599	-0.161898	-0.169528	-0.176852	-0.173495	-0.193332
0.179200	-0.190280	-0.165560	-0.186007	-0.191195	-0.181735	-0.169528	-0.178378	-0.176242	-0.178683	-0.189059
0.179300	-0.187533	-0.175326	-0.184787	-0.187228	-0.174105	-0.182040	-0.186923	-0.180209	-0.181125	-0.183566
0.179400	-0.179599	-0.172579	-0.182040	-0.182345	-0.164340	-0.186313	-0.189670	-0.179599	-0.182040	-0.178988
0.179500	-0.181125	-0.164950	-0.182345	-0.183871	-0.161593	-0.188754	-0.193332	-0.178988	-0.182956	-0.178988
0.179600	-0.184482	-0.167391	-0.187228	-0.184787	-0.176547	-0.195773	-0.201266	-0.177157	-0.184482	-0.179904
0.179700	-0.187839	-0.178683	-0.189975	-0.184787	-0.189975	-0.197299	-0.205234	-0.181430	-0.189059	-0.178073
0.179800	-0.195163	-0.189364	-0.192111	-0.187228	-0.189364	-0.192111	-0.204624	-0.182956	-0.196384	-0.178073
0.179900	-0.200656	-0.193942	-0.192721	-0.181125	-0.182040	-0.195773	-0.204929	-0.182956	-0.202792	-0.179599
0.180000	-0.202487	-0.192111	-0.193027	-0.173190	-0.175936	-0.200351	-0.204624	-0.181735	-0.207065	-0.184787
0.180100	-0.202792	-0.187839	-0.193942	-0.178988	-0.181125	-0.208286	-0.208896	-0.186313	-0.208896	-0.188144
0.180200	-0.200961	-0.188144	-0.197604	-0.188449	-0.195773	-0.211948	-0.213169	-0.193332	-0.207675	-0.192111
0.180300	-0.199435	-0.200656	-0.198825	-0.192721	-0.203403	-0.211643	-0.212558	-0.199741	-0.204624	-0.197299
0.180400	-0.197604	-0.208591	-0.201266	-0.186007	-0.200351	-0.206149	-0.209201	-0.208286	-0.207065	-0.205844
0.180500	-0.201266	-0.210117	-0.203098	-0.182040	-0.200656	-0.202182	-0.208286	-0.212558	-0.214389	-0.211643
0.180600	-0.206760	-0.208896	-0.204624	-0.183566	-0.209201	-0.199130	-0.213169	-0.211643	-0.218662	-0.215305
0.180700	-0.210117	-0.210117	-0.204318	-0.190585	-0.218662	-0.208286	-0.221714	-0.211337	-0.218051	-0.218662
0.180800	-0.207981	-0.210422	-0.201877	-0.205539	-0.219577	-0.220188	-0.220493	-0.213779	-0.219577	-0.221103
0.180900	-0.209201	-0.213474	-0.197299	-0.217441	-0.218967	-0.217441	-0.216831	-0.220188	-0.222324	-0.222019
0.181000	-0.203708	-0.214694	-0.194858	-0.215000	-0.223240	-0.215915	-0.215305	-0.227512	-0.223240	-0.226291
0.181100	-0.195773	-0.211337	-0.195773	-0.210422	-0.226597	-0.205844	-0.215305	-0.229648	-0.225681	-0.236057
0.181200	-0.197909	-0.208591	-0.198825	-0.212558	-0.227512	-0.200961	-0.217441	-0.228733	-0.225376	-0.246433
0.181300	-0.207981	-0.212253	-0.200961	-0.214084	-0.225681	-0.203403	-0.218357	-0.227817	-0.218357	-0.246738
0.181400	-0.206760	-0.217746	-0.197604	-0.217136	-0.223240	-0.210117	-0.217136	-0.229343	-0.215000	-0.237583
0.181500	-0.197604	-0.214084	-0.195163	-0.217441	-0.222934	-0.212863	-0.214389	-0.232090	-0.219577	-0.238193
0.181600	-0.191501	-0.207675	-0.196384	-0.219883	-0.222629	-0.211948	-0.211337	-0.233005	-0.222629	-0.241245
0.181700	-0.190585	-0.203098	-0.202792	-0.223850	-0.220493	-0.210422	-0.218357	-0.236667	-0.219883	-0.243076
0.181800	-0.190890	-0.204929	-0.202182	-0.223850	-0.224155	-0.213779	-0.224460	-0.238804	-0.213474	-0.246433
0.181900	-0.195468	-0.206760	-0.201266	-0.225681	-0.229648	-0.215305	-0.224765	-0.233310	-0.211337	-0.244602
0.182000	-0.205539	-0.209201	-0.197909	-0.223240	-0.226597	-0.210422	-0.222324	-0.224460	-0.214694	-0.239109
0.182100	-0.204318	-0.208896	-0.197909	-0.219272	-0.218357	-0.211643	-0.218662	-0.217746	-0.216831	-0.233616
0.182200	-0.200046	-0.201266	-0.201572	-0.218357	-0.210422	-0.215000	-0.218357	-0.218051	-0.212253	-0.229343
0.182300	-0.201572	-0.198825	-0.211948	-0.219272	-0.205844	-0.219272	-0.224155	-0.221714	-0.208591	-0.224460
0.182400	-0.201572	-0.201877	-0.212558	-0.220798	-0.204624	-0.225071	-0.222019	-0.216831	-0.202487	-0.214694
0.182500	-0.197299	-0.207370	-0.210422	-0.215915	-0.203403	-0.224155	-0.218051	-0.209201	-0.200656	-0.208591
0.182600	-0.198825	-0.208286	-0.214084	-0.202792	-0.200046	-0.214694	-0.214084	-0.210727	-0.207675	-0.205234
0.182700	-0.202792	-0.206455	-0.221714	-0.193942	-0.196689	-0.214084	-0.211337	-0.204929	-0.211032	-0.198825
0.182800	-0.201266	-0.199130	-0.221103	-0.193942	-0.198520	-0.220188	-0.215305	-0.197909	-0.204929	-0.195468
0.182900	-0.206760	-0.194247	-0.222629	-0.195163	-0.200961	-0.223545	-0.216220	-0.193027	-0.200656	-0.193332
0.183000	-0.213169	-0.197299	-0.224460	-0.200351	-0.200656	-0.228428	-0.212253	-0.192111	-0.202487	-0.186313
0.183100	-0.212253	-0.202182	-0.223545	-0.197909	-0.199130	-0.224155	-0.211643	-0.193332	-0.209506	-0.176547
0.183200	-0.205539	-0.204318	-0.227207	-0.195468	-0.199130	-0.218967	-0.212253	-0.196994	-0.211643	-0.181430
0.183300	-0.207981	-0.202182	-0.231785	-0.193332	-0.197299	-0.217441	-0.213474	-0.197909	-0.211337	-0.189975
0.183400	-0.217136	-0.205539	-0.232090	-0.191501	-0.195468	-0.223240	-0.213474	-0.194858	-0.211337	-0.191501
0.183500	-0.222019	-0.207370	-0.233005	-0.193027	-0.198825	-0.226291	-0.212253	-0.187533	-0.207370	-0.188449
0.183600	-0.226291	-0.205844	-0.232090	-0.194552	-0.204624	-0.224155	-0.207981	-0.189975	-0.206455	-0.183566
0.183700	-0.222019	-0.205234	-0.230564	-0.191195	-0.205539	-0.220188	-0.208896	-0.197604	-0.211643	-0.182650
0.183800	-0.213474	-0.207370	-0.228733	-0.192111	-0.202792	-0.223545	-0.209201	-0.197604	-0.214389	-0.189670
0.183900	-0.209506	-0.208286	-0.222629	-0.198520	-0.207675	-0.224155	-0.213474	-0.191195	-0.211337	-0.197299
0.184000	-0.210727	-0.214084	-0.219883	-0.199435	-0.219577	-0.227512	-0.216526	-0.191501	-0.211948	-0.200961
0.184100	-0.215305	-0.220188	-0.224155	-0.201572	-0.228733	-0.228428	-0.216220	-0.195773	-0.216220	-0.202182
0.184200	-0.217441	-0.220493	-0.228122	-0.201572	-0.226291	-0.223545	-0.212253	-0.200351	-0.223240	-0.204929
0.184300	-0.216220	-0.217746	-0.226597	-0.201266	-0.219883	-0.217441	-0.213779	-0.201877	-0.225681	-0.207675
0.184400	-0.213169	-0.215000	-0.219272	-0.205539	-0.218051	-0.220188	-0.215000	-0.206149	-0.220493	-0.210117
0.184500	-0.209201	-0.215915	-0.210727	-0.214084	-0.223240	-0.227512	-0.211948	-0.207370	-0.219883	-0.211337
0.184600	-0.206760	-0.220188	-0.207065	-0.220493	-0.222629	-0.228428	-0.210117	-0.206455	-0.219577	-0.214084
0.184700	-0.209506	-0.224460	-0.206455	-0.217441	-0.217746	-0.217746	-0.209201	-0.213474	-0.216831	-0.212863
0.184800	-0.208896	-0.227512	-0.203098	-0.208286	-0.209201	-0.208286	-0.207370	-0.219577	-0.218357	-0.215000
0.184900	-0.202182	-0.223850	-0.200351	-0.205844	-0.207675	-0.207675	-0.202182	-0.216526	-0.217136	-0.214084
0.185000	-0.200656	-0.213779	-0.198520	-0.206760	-0.214084	-0.209201	-0.198520	-0.208591	-0.205844	-0.213169
0.185100	-0.202182	-0.207981	-0.196689	-0.207370	-0.217136	-0.211032	-0.196078	-0.204624	-0.200961	-0.205539
0.185200	-0.201266	-0.208896	-0.198825	-0.211032	-0.211337	-0.204929	-0.193332	-0.204318	-0.199130	-0.202487
0.185300	-0.196384	-0.210727	-0.193942	-0.211948	-0.204318	-0.190890	-0.194858	-0.202792	-0.197604	-0.200046
0.185400	-0.191195	-0.210117	-0.191195	-0.203098	-0.200351	-0.185092	-0.191501	-0.200961	-0.196078	-0.198825
0.185500	-0.191195	-0.203708	-0.195163	-0.200046	-0.200656	-0.186923	-0.181430	-0.205234	-0.191195	-0.201266
0.185600	-0.196689	-0.195468	-0.197299	-0.204318	-0.199435	-0.188449	-0.177462	-0.205234	-0.186313	-0.199741
0.185700	-0.200046	-0.191501	-0.191501	-0.203708	-0.194247	-0.184176	-0.179293	-0.195468	-0.182650	-0.186313
0.185800	-0.203403	-0.191501	-0.185397	-0.201572	-0.190280	-0.176547	-0.180209	-0.192111	-0.182956	-0.180514
0.185900	-0.201572	-0.186007	-0.190890	-0.202487	-0.193942	-0.175326	-0.177462	-0.190890	-0.181430	-0.182650
0.186000	-0.193332	-0.185397	-0.199130	-0.201877	-0.197604	-0.179293	-0.178683	-0.183261	-0.176852	-0.184176
0.186100	-0.189975	-0.189364	-0.204318	-0.200351	-0.199741	-0.179293	-0.182040	-0.181735	-0.172274	-0.186007
0.186200	-0.195773	-0.195163	-0.204929	-0.197909	-0.198825	-0.179293	-0.185397	-0.184176	-0.173190	-0.187533
0.186300	-0.203708	-0.200351	-0.204929	-0.201877	-0.196384	-0.180209	-0.188754	-0.184176	-0.177768	-0.186923
0.186400	-0.207981	-0.197604	-0.206455	-0.199435	-0.194858	-0.183566	-0.189670	-0.185702	-0.182040	-0.183261
0.186500	-0.205234	-0.189364	-0.207981	-0.193332	-0.195773	-0.192721	-0.187839	-0.183871	-0.183566	-0.179293
0.186600	-0.199741	-0.186007	-0.206760	-0.197604	-0.195163	-0.200656	-0.187839	-0.178988	-0.182650	-0.182040
0.186700	-0.197299	-0.192111	-0.209506	-0.206455	-0.193637	-0.200656	-0.196384	-0.177768	-0.185092	-0.182956
0.186800	-0.205539	-0.199130	-0.208896	-0.204929	-0.191195	-0.199130	-0.203098	-0.177462	-0.193027	-0.183261
0.186900	-0.216220	-0.206455	-0.211337	-0.201266	-0.191501	-0.203098	-0.205844	-0.184482	-0.202487	-0.184787
0.187000	-0.218662	-0.208896	-0.211643	-0.200046	-0.197604	-0.207065	-0.207370	-0.187533	-0.207981	-0.190585
0.187100	-0.212863	-0.206455	-0.206455	-0.199130	-0.202792	-0.210727	-0.203403	-0.180514	-0.211948	-0.189670
0.187200	-0.210727	-0.204929	-0.205539	-0.197604	-0.198825	-0.214084	-0.202792	-0.177157	-0.207675	-0.188449
0.187300	-0.211948	-0.206149	-0.210727	-0.194552	-0.197299	-0.214084	-0.204318	-0.178683	-0.203098	-0.185092
0.187400	-0.210727	-0.207981	-0.212253	-0.193942	-0.200351	-0.209506	-0.208286	-0.184482	-0.207675	-0.184482
0.187500	-0.211948	-0.211643	-0.207981	-0.190890	-0.200046	-0.205844	-0.209506	-0.189364	-0.217136	-0.186313
0.187600	-0.214389	-0.213169	-0.200961	-0.185397	-0.200961	-0.205844	-0.206455	-0.193942	-0.210727	-0.190280
0.187700	-0.214389	-0.211032	-0.199130	-0.185397	-0.203708	-0.205539	-0.201877	-0.198825	-0.206455	-0.192721
0.187800	-0.209506	-0.209506	-0.196994	-0.193332	-0.206149	-0.202487	-0.198520	-0.201877	-0.204624	-0.191806
0.187900	-0.206455	-0.207675	-0.194247	-0.192111	-0.206149	-0.196384	-0.196689	-0.199741	-0.203403	-0.189670
0.188000	-0.208896	-0.206455	-0.192721	-0.192111	-0.205539	-0.190280	-0.200961	-0.204318	-0.207370	-0.191501
0.188100	-0.210727	-0.210117	-0.188449	-0.196384	-0.203098	-0.181430	-0.201266	-0.209506	-0.207981	-0.200351
0.188200	-0.206760	-0.210117	-0.190280	-0.200351	-0.203403	-0.182650	-0.196384	-0.210117	-0.200046	-0.206149
0.188300	-0.203403	-0.203708	-0.193637	-0.200961	-0.208896	-0.187839	-0.197299	-0.212863	-0.194858	-0.211032
0.188400	-0.199130	-0.210117	-0.191195	-0.202487	-0.214084	-0.183566	-0.194858	-0.214389	-0.193637	-0.214084
0.188500	-0.198520	-0.213474	-0.184176	-0.207675	-0.210117	-0.173495	-0.192721	-0.212863	-0.196689	-0.214084
0.188600	-0.202182	-0.209506	-0.180209	-0.203708	-0.202792	-0.167391	-0.194858	-0.210727	-0.197909	-0.212558
0.188700	-0.199130	-0.203708	-0.180514	-0.200961	-0.199741	-0.171969	-0.193027	-0.210117	-0.189059	-0.211337
0.188800	-0.186313	-0.197604	-0.182040	-0.205844	-0.200351	-0.179293	-0.191501	-0.212253	-0.182956	-0.215000
0.188900	-0.184482	-0.200351	-0.183261	-0.214389	-0.203708	-0.188144	-0.189670	-0.210422	-0.190890	-0.222629
0.189000	-0.193637	-0.208286	-0.187228	-0.217441	-0.211643	-0.187533	-0.191195	-0.210422	-0.195468	-0.222019
0.189100	-0.196384	-0.208896	-0.187839	-0.212863	-0.210117	-0.176852	-0.200656	-0.215915	-0.202487	-0.215915
0.189200	-0.189670	-0.204929	-0.188144	-0.211643	-0.205844	-0.173495	-0.204624	-0.214389	-0.208286	-0.216526
0.189300	-0.184787	-0.198520	-0.186923	-0.215305	-0.201877	-0.182040	-0.200351	-0.203708	-0.199741	-0.216526
0.189400	-0.186923	-0.196078	-0.188144	-0.220188	-0.200046	-0.185702	-0.205234	-0.201572	-0.191806	-0.212863
0.189500	-0.190890	-0.199741	-0.192721	-0.219577	-0.201572	-0.189670	-0.205844	-0.206760	-0.197299	-0.214694
0.189600	-0.189364	-0.199130	-0.195163	-0.217441	-0.200351	-0.194247	-0.199741	-0.212863	-0.201572	-0.213169
0.189700	-0.187533	-0.195773	-0.196384	-0.203708	-0.194858	-0.196078	-0.202182	-0.211337	-0.202792	-0.206760
0.189800	-0.185702	-0.195163	-0.199435	-0.195163	-0.195773	-0.197909	-0.201877	-0.205234	-0.197299	-0.202182
0.189900	-0.184787	-0.193637	-0.197299	-0.196994	-0.197604	-0.201572	-0.196689	-0.199435	-0.191806	-0.201266
0.190000	-0.190280	-0.191501	-0.195468	-0.204929	-0.200046	-0.205539	-0.201266	-0.195163	-0.199130	-0.198825
0.190100	-0.196994	-0.189670	-0.200351	-0.205844	-0.195773	-0.204624	-0.207675	-0.196078	-0.203403	-0.194247
0.190200	-0.191195	-0.189364	-0.204929	-0.195773	-0.183871	-0.204929	-0.211032	-0.201266	-0.205234	-0.191195
0.190300	-0.189975	-0.190585	-0.210422	-0.189364	-0.184787	-0.208591	-0.212253	-0.199130	-0.207981	-0.196384
0.190400	-0.197604	-0.193637	-0.212863	-0.192721	-0.196994	-0.208286	-0.210422	-0.197909	-0.202792	-0.194858
0.190500	-0.200046	-0.194247	-0.211948	-0.193942	-0.200046	-0.207370	-0.210422	-0.202182	-0.200656	-0.189364
0.190600	-0.200351	-0.191501	-0.211948	-0.197604	-0.196078	-0.205539	-0.206760	-0.200351	-0.208286	-0.191501
0.190700	-0.202182	-0.189364	-0.210117	-0.198825	-0.188144	-0.198825	-0.206455	-0.201877	-0.207981	-0.194858
0.190800	-0.204318	-0.190280	-0.205234	-0.190280	-0.183871	-0.197604	-0.209506	-0.200961	-0.206455	-0.189364
0.190900	-0.200961	-0.191195	-0.207981	-0.187839	-0.194247	-0.208896	-0.211948	-0.199435	-0.210117	-0.198520
0.191000	-0.199435	-0.195773	-0.208591	-0.195468	-0.203708	-0.213474	-0.205539	-0.205844	-0.210117	-0.204929
0.191100	-0.202182	-0.199741	-0.208286	-0.204624	-0.201877	-0.215000	-0.207675	-0.210117	-0.212863	-0.204318
0.191200	-0.208286	-0.201877	-0.214389	-0.204624	-0.204929	-0.211337	-0.212863	-0.207981	-0.222934	-0.201572
0.191300	-0.211032	-0.207981	-0.216831	-0.199435	-0.211643	-0.206149	-0.216526	-0.213474	-0.228733	-0.211032
0.191400	-0.211948	-0.212558	-0.213474	-0.202487	-0.217746	-0.208896	-0.217136	-0.217136	-0.227207	-0.222629
0.191500	-0.211032	-0.211032	-0.211032	-0.208896	-0.219883	-0.216220	-0.215000	-0.216220	-0.221103	-0.225071
0.191600	-0.207370	-0.213779	-0.212253	-0.216831	-0.217746	-0.215000	-0.219577	-0.220493	-0.219272	-0.226291
0.191700	-0.210117	-0.223545	-0.212863	-0.222934	-0.222324	-0.210117	-0.224155	-0.225071	-0.227817	-0.231785
0.191800	-0.216526	-0.220798	-0.215915	-0.225986	-0.233310	-0.209506	-0.221714	-0.228122	-0.236362	-0.234226
0.191900	-0.219272	-0.220798	-0.216220	-0.218357	-0.242161	-0.213779	-0.218967	-0.226291	-0.236973	-0.236667
0.192000	-0.219883	-0.220798	-0.216831	-0.218051	-0.243076	-0.224155	-0.220188	-0.226597	-0.232395	-0.248569
0.192100	-0.218662	-0.222019	-0.218967	-0.227207	-0.233616	-0.223240	-0.217441	-0.238804	-0.228122	-0.255283
0.192200	-0.215305	-0.227207	-0.216220	-0.239109	-0.225681	-0.222934	-0.215305	-0.243992	-0.228122	-0.249180
0.192300	-0.214694	-0.230869	-0.220493	-0.239414	-0.231174	-0.224765	-0.220493	-0.237888	-0.236057	-0.243381
0.192400	-0.211337	-0.228122	-0.224155	-0.233005	-0.239719	-0.227512	-0.223850	-0.243381	-0.237278	-0.246738
0.192500	-0.209506	-0.224460	-0.221103	-0.229648	-0.238193	-0.227817	-0.223545	-0.251316	-0.228428	-0.251011
0.192600	-0.213474	-0.225986	-0.216220	-0.230564	-0.234226	-0.229038	-0.219272	-0.247959	-0.218051	-0.248875
0.192700	-0.212558	-0.227512	-0.214389	-0.231479	-0.231479	-0.223850	-0.217746	-0.241550	-0.212863	-0.245823
0.192800	-0.210117	-0.223545	-0.217746	-0.232395	-0.226597	-0.220798	-0.211948	-0.236973	-0.219272	-0.240635
0.192900	-0.207981	-0.218357	-0.222019	-0.235447	-0.222934	-0.222019	-0.212253	-0.229954	-0.221103	-0.234226
0.193000	-0.207065	-0.213779	-0.221714	-0.225681	-0.216220	-0.219272	-0.217441	-0.224765	-0.215000	-0.226597
0.193100	-0.209201	-0.213474	-0.221714	-0.220798	-0.211337	-0.219272	-0.221714	-0.229648	-0.207675	-0.225071
0.193200	-0.211948	-0.212558	-0.219883	-0.226291	-0.214694	-0.222019	-0.214084	-0.234836	-0.207675	-0.227207
0.193300	-0.211643	-0.213779	-0.218662	-0.234226	-0.222934	-0.223850	-0.211032	-0.224155	-0.211337	-0.222934
0.193400	-0.213474	-0.214084	-0.225071	-0.228428	-0.224155	-0.225986	-0.213779	-0.213169	-0.217746	-0.219577
0.193500	-0.218662	-0.212253	-0.235142	-0.215915	-0.218662	-0.222019	-0.218967	-0.215000	-0.214084	-0.221714
0.193600	-0.220798	-0.216220	-0.239719	-0.213169	-0.208896	-0.221714	-0.218662	-0.217746	-0.205539	-0.220493
0.193700	-0.218662	-0.214694	-0.238804	-0.214084	-0.210117	-0.225681	-0.218967	-0.210422	-0.204624	-0.210117
0.193800	-0.218662	-0.209201	-0.234836	-0.218967	-0.219272	-0.229038	-0.222934	-0.209506	-0.216831	-0.206760
0.193900	-0.228428	-0.217746	-0.236973	-0.227817	-0.231479	-0.233921	-0.228122	-0.212863	-0.227512	-0.207981
0.194000	-0.236362	-0.227207	-0.245823	-0.229954	-0.236973	-0.241245	-0.228428	-0.209506	-0.229648	-0.207981
0.194100	-0.240330	-0.224155	-0.251316	-0.213779	-0.230564	-0.243687	-0.233005	-0.202487	-0.229648	-0.209201
0.194200	-0.245212	-0.225071	-0.254673	-0.208896	-0.225071	-0.245212	-0.239109	-0.211032	-0.231479	-0.215915
0.194300	-0.247654	-0.225986	-0.254063	-0.220188	-0.229343	-0.249485	-0.234226	-0.218967	-0.238193	-0.218967
0.194400	-0.251316	-0.233005	-0.252232	-0.231479	-0.236057	-0.252842	-0.230564	-0.216831	-0.245823	-0.213779
0.194500	-0.258030	-0.243687	-0.256809	-0.228733	-0.241550	-0.254063	-0.240024	-0.217441	-0.249485	-0.211032
0.194600	-0.253147	-0.249485	-0.265049	-0.218357	-0.242771	-0.250401	-0.240940	-0.222324	-0.245823	-0.217136
0.194700	-0.244907	-0.249485	-0.261997	-0.214694	-0.241245	-0.249180	-0.236057	-0.222019	-0.240635	-0.226597
0.194800	-0.247959	-0.246433	-0.254978	-0.217746	-0.238804	-0.254673	-0.236057	-0.218051	-0.240024	-0.229954
0.194900	-0.254063	-0.243992	-0.247349	-0.221103	-0.243381	-0.257420	-0.237888	-0.218662	-0.240024	-0.224460
0.195000	-0.257420	-0.249485	-0.245518	-0.228122	-0.243687	-0.255283	-0.233616	-0.220188	-0.242161	-0.219577
0.195100	-0.251316	-0.250706	-0.245212	-0.227512	-0.235142	-0.246128	-0.237278	-0.221103	-0.242161	-0.223850
0.195200	-0.245518	-0.247959	-0.245518	-0.216220	-0.228122	-0.238804	-0.240024	-0.224765	-0.238193	-0.231785
0.195300	-0.244907	-0.248875	-0.237888	-0.216526	-0.230869	-0.241550	-0.239414	-0.233310	-0.227512	-0.234836
0.195400	-0.240940	-0.250401	-0.232395	-0.227207	-0.236362	-0.244907	-0.225071	-0.231785	-0.228122	-0.235142
0.195500	-0.235142	-0.250706	-0.227207	-0.231785	-0.237888	-0.239719	-0.215000	-0.219883	-0.231785	-0.226597
0.195600	-0.236667	-0.245212	-0.220798	-0.222629	-0.231174	-0.225681	-0.218051	-0.214389	-0.225071	-0.218967
0.195700	-0.233616	-0.235752	-0.218357	-0.212558	-0.223545	-0.217746	-0.213779	-0.217136	-0.212558	-0.225376
0.195800	-0.224155	-0.228428	-0.209201	-0.211643	-0.217441	-0.217746	-0.206149	-0.216526	-0.205539	-0.226597
0.195900	-0.218357	-0.227207	-0.200351	-0.213474	-0.216220	-0.218662	-0.204318	-0.215305	-0.201266	-0.216220
0.196000	-0.208591	-0.226291	-0.198825	-0.212558	-0.216220	-0.216831	-0.205844	-0.214694	-0.201877	-0.210422
0.196100	-0.203708	-0.223240	-0.199130	-0.214694	-0.215000	-0.205844	-0.198825	-0.206760	-0.202487	-0.210422
0.196200	-0.208286	-0.217136	-0.196689	-0.215305	-0.212558	-0.202182	-0.200656	-0.201572	-0.197604	-0.208591
0.196300	-0.206760	-0.211032	-0.193942	-0.203708	-0.209201	-0.201572	-0.201266	-0.202792	-0.191501	-0.206760
0.196400	-0.202487	-0.210422	-0.189364	-0.201572	-0.203098	-0.202487	-0.196689	-0.202792	-0.187533	-0.206760
0.196500	-0.199435	-0.212558	-0.189975	-0.210422	-0.194552	-0.198520	-0.191501	-0.200656	-0.186313	-0.201877
0.196600	-0.202792	-0.213169	-0.192111	-0.210117	-0.193027	-0.194552	-0.192111	-0.191806	-0.190585	-0.190890
0.196700	-0.199741	-0.211643	-0.190280	-0.203708	-0.199130	-0.193027	-0.194247	-0.185397	-0.187228	-0.178988
0.196800	-0.194858	-0.204929	-0.191806	-0.198825	-0.200961	-0.195773	-0.188449	-0.184787	-0.184787	-0.182650
0.196900	-0.191195	-0.195468	-0.192721	-0.194247	-0.193637	-0.195773	-0.185092	-0.181735	-0.185092	-0.189059
0.197000	-0.193332	-0.192111	-0.189364	-0.189364	-0.183261	-0.192111	-0.189670	-0.181125	-0.184482	-0.189059
0.197100	-0.194247	-0.191195	-0.188754	-0.190280	-0.182956	-0.192721	-0.196384	-0.180209	-0.184482	-0.178378
0.197200	-0.195163	-0.192721	-0.191501	-0.191806	-0.191806	-0.194858	-0.193942	-0.180209	-0.190890	-0.168002
0.197300	-0.196994	-0.196384	-0.197299	-0.193027	-0.190585	-0.199435	-0.188449	-0.181125	-0.189670	-0.164034
0.197400	-0.196384	-0.193637	-0.200046	-0.185092	-0.184176	-0.199741	-0.188144	-0.180514	-0.181735	-0.167697
0.197500	-0.195773	-0.185702	-0.198520	-0.179904	-0.181735	-0.195773	-0.189975	-0.179293	-0.179599	-0.173800
0.197600	-0.193332	-0.184787	-0.195163	-0.185092	-0.179599	-0.186923	-0.187533	-0.177157	-0.183871	-0.170443
0.197700	-0.193637	-0.186313	-0.195163	-0.190280	-0.183261	-0.184176	-0.181735	-0.173495	-0.186313	-0.162509
0.197800	-0.191501	-0.185702	-0.193332	-0.185397	-0.184787	-0.180514	-0.178378	-0.171969	-0.185092	-0.156405
0.197900	-0.188754	-0.178988	-0.191501	-0.174411	-0.172274	-0.176547	-0.177462	-0.174716	-0.183261	-0.164034
0.198000	-0.187228	-0.171359	-0.187839	-0.170138	-0.162203	-0.174105	-0.181430	-0.173800	-0.175326	-0.167391
0.198100	-0.183871	-0.171969	-0.182956	-0.171664	-0.161898	-0.171969	-0.174716	-0.171664	-0.167391	-0.164034
0.198200	-0.180514	-0.173190	-0.179293	-0.169833	-0.167086	-0.168917	-0.172885	-0.171054	-0.166171	-0.157015
0.198300	-0.182345	-0.171969	-0.177462	-0.172274	-0.167697	-0.165866	-0.172885	-0.171664	-0.174105	-0.157931
0.198400	-0.181430	-0.166781	-0.172579	-0.176547	-0.164645	-0.161288	-0.177157	-0.173495	-0.177768	-0.166171
0.198500	-0.177462	-0.162203	-0.164340	-0.167697	-0.163119	-0.158236	-0.176547	-0.173800	-0.171359	-0.173800
0.198600	-0.175631	-0.165560	-0.162203	-0.162203	-0.160372	-0.158846	-0.172274	-0.171664	-0.167086	-0.177157
0.198700	-0.172274	-0.171054	-0.164645	-0.169833	-0.158236	-0.161898	-0.160372	-0.171054	-0.166171	-0.169528
0.198800	-0.167697	-0.165866	-0.160983	-0.178988	-0.163729	-0.162509	-0.157931	-0.167391	-0.168002	-0.158236
0.198900	-0.164340	-0.162509	-0.155184	-0.168307	-0.167086	-0.155795	-0.167086	-0.164340	-0.172579	-0.155795
0.199000	-0.163119	-0.165255	-0.151217	-0.159152	-0.167086	-0.144503	-0.167391	-0.165560	-0.174716	-0.169833
0.199100	-0.166476	-0.164645	-0.151217	-0.164340	-0.165866	-0.144503	-0.160372	-0.167391	-0.168917	-0.178073
0.199200	-0.164950	-0.167086	-0.153658	-0.172579	-0.168307	-0.152438	-0.160372	-0.170138	-0.168307	-0.178378
0.199300	-0.160067	-0.171664	-0.155489	-0.176852	-0.173495	-0.155795	-0.163119	-0.175326	-0.174716	-0.174716
0.199400	-0.159762	-0.170138	-0.152743	-0.181430	-0.176242	-0.154879	-0.161898	-0.178378	-0.175936	-0.168612
0.199500	-0.164034	-0.170443	-0.153353	-0.181125	-0.178378	-0.151217	-0.159152	-0.176242	-0.170748	-0.172579
0.199600	-0.165255	-0.173800	-0.155489	-0.171054	-0.175936	-0.150301	-0.159152	-0.176242	-0.161288	-0.183566
0.199700	-0.164950	-0.176242	-0.158541	-0.175936	-0.175631	-0.153964	-0.165866	-0.182040	-0.161288	-0.188754
0.199800	-0.168002	-0.173495	-0.158541	-0.183871	-0.180209	-0.157321	-0.164645	-0.180514	-0.172885	-0.184176
0.199900	-0.169833	-0.176242	-0.159152	-0.189059	-0.189364	-0.155489	-0.163729	-0.182345	-0.179904	-0.178988
0.200000	-0.166171	-0.179599	-0.165255	-0.182956	-0.190585	-0.153658	-0.168002	-0.186007	-0.175326	-0.178683
0.200100	-0.162203	-0.178378	-0.167391	-0.182956	-0.178073	-0.157931	-0.169833	-0.192111	-0.169528	-0.184787
0.200200	-0.164034	-0.170748	-0.169833	-0.188449	-0.168307	-0.160678	-0.169528	-0.193027	-0.163729	-0.188144
0.200300	-0.168307	-0.170443	-0.171969	-0.193637	-0.175936	-0.162509	-0.172579	-0.191195	-0.164950	-0.183261
0.200400	-0.173800	-0.173190	-0.173495	-0.187839	-0.184787	-0.159457	-0.177768	-0.186923	-0.168002	-0.179599
0.200500	-0.173800	-0.177768	-0.177157	-0.187839	-0.187533	-0.160067	-0.173190	-0.184482	-0.170443	-0.176547
0.200600	-0.170748	-0.175936	-0.183261	-0.189670	-0.182650	-0.158846	-0.172579	-0.186007	-0.168307	-0.180209
0.200700	-0.171664	-0.170443	-0.183261	-0.188449	-0.176547	-0.160067	-0.177157	-0.189975	-0.168002	-0.188144
0.200800	-0.177768	-0.169833	-0.181430	-0.188754	-0.172274	-0.162814	-0.185397	-0.191501	-0.168307	-0.184176
0.200900	-0.179599	-0.170138	-0.185092	-0.188144	-0.177157	-0.170138	-0.183261	-0.186923	-0.171054	-0.175631
0.201000	-0.170443	-0.171969	-0.188754	-0.184787	-0.181430	-0.174105	-0.185092	-0.186007	-0.172579	-0.176242
0.201100	-0.168002	-0.172579	-0.188754	-0.181125	-0.177768	-0.178378	-0.188449	-0.184787	-0.175631	-0.177157
0.201200	-0.179904	-0.168917	-0.186313	-0.182345	-0.174716	-0.176852	-0.193027	-0.184787	-0.180209	-0.183261
0.201300	-0.191195	-0.169528	-0.188449	-0.185397	-0.182040	-0.178988	-0.192721	-0.187839	-0.185397	-0.189975
0.201400	-0.187228	-0.175326	-0.193027	-0.187839	-0.184176	-0.185702	-0.197604	-0.191501	-0.189975	-0.189670
0.201500	-0.182650	-0.180514	-0.195163	-0.184787	-0.182040	-0.189059	-0.203403	-0.188449	-0.191806	-0.186313
0.201600	-0.186007	-0.187533	-0.201572	-0.184176	-0.186923	-0.189364	-0.196994	-0.188144	-0.198825	-0.190585
0.201700	-0.196384	-0.192721	-0.204318	-0.186007	-0.195163	-0.192111	-0.193942	-0.188144	-0.204929	-0.196994
0.201800	-0.204929	-0.194247	-0.203708	-0.183871	-0.196994	-0.201572	-0.203098	-0.190280	-0.207981	-0.207370
0.201900	-0.207675	-0.200351	-0.206149	-0.185092	-0.200046	-0.209506	-0.211032	-0.195468	-0.211643	-0.211643
0.202000	-0.204318	-0.205234	-0.212558	-0.192721	-0.206149	-0.212253	-0.206760	-0.197909	-0.219577	-0.205844
0.202100	-0.208896	-0.208286	-0.216220	-0.200046	-0.213474	-0.213169	-0.210727	-0.199435	-0.224460	-0.203403
0.202200	-0.214694	-0.214389	-0.214084	-0.201572	-0.213779	-0.217746	-0.213779	-0.208286	-0.225681	-0.208591
0.202300	-0.217136	-0.216526	-0.216831	-0.199130	-0.211643	-0.217136	-0.214694	-0.215915	-0.226597	-0.220493
0.202400	-0.218051	-0.219272	-0.221103	-0.201572	-0.210117	-0.222019	-0.217746	-0.217136	-0.224765	-0.228733
0.202500	-0.218967	-0.223240	-0.218967	-0.209201	-0.207065	-0.225681	-0.218357	-0.220798	-0.224765	-0.224460
0.202600	-0.223850	-0.227207	-0.218051	-0.210727	-0.218967	-0.224460	-0.219272	-0.222629	-0.225071	-0.215000
0.202700	-0.227817	-0.230869	-0.220188	-0.214694	-0.234836	-0.220188	-0.217441	-0.223545	-0.229038	-0.221103
0.202800	-0.221103	-0.236667	-0.222324	-0.220798	-0.230869	-0.222324	-0.218357	-0.226291	-0.224155	-0.230259
0.202900	-0.218662	-0.238193	-0.219272	-0.218357	-0.217136	-0.224765	-0.222629	-0.230564	-0.218357	-0.233921
0.203000	-0.219883	-0.235142	-0.214694	-0.216526	-0.217441	-0.225986	-0.224155	-0.229954	-0.218662	-0.237888
0.203100	-0.215000	-0.232090	-0.214389	-0.218051	-0.222934	-0.226597	-0.218357	-0.226291	-0.218662	-0.233921
0.203200	-0.211643	-0.233921	-0.213169	-0.220188	-0.231174	-0.229038	-0.218357	-0.224765	-0.215915	-0.228733
0.203300	-0.211337	-0.232395	-0.213474	-0.221103	-0.233616	-0.230869	-0.216831	-0.229038	-0.214694	-0.228122
0.203400	-0.212558	-0.230564	-0.214694	-0.225376	-0.227207	-0.224155	-0.215915	-0.228428	-0.216220	-0.231479
0.203500	-0.213474	-0.226291	-0.216220	-0.228428	-0.221103	-0.220798	-0.219577	-0.223545	-0.213474	-0.234836
0.203600	-0.213169	-0.228428	-0.215000	-0.229038	-0.222629	-0.221103	-0.219577	-0.225681	-0.211948	-0.235752
0.203700	-0.210422	-0.232090	-0.218051	-0.226597	-0.224765	-0.223850	-0.222324	-0.227817	-0.215000	-0.229954
0.203800	-0.210117	-0.232090	-0.221714	-0.230869	-0.224765	-0.228733	-0.224155	-0.222019	-0.227207	-0.226291
0.203900	-0.209506	-0.228733	-0.224765	-0.230564	-0.219883	-0.233310	-0.227512	-0.220188	-0.228733	-0.225071
0.204000	-0.211948	-0.231174	-0.220493	-0.221103	-0.219272	-0.234226	-0.225071	-0.224460	-0.224155	-0.230259
0.204100	-0.213474	-0.230564	-0.222324	-0.217441	-0.229954	-0.235752	-0.225681	-0.223850	-0.223850	-0.241550
0.204200	-0.210727	-0.229343	-0.233005	-0.229343	-0.235142	-0.236973	-0.225681	-0.223545	-0.225986	-0.235447
0.204300	-0.214389	-0.230869	-0.236667	-0.235142	-0.229343	-0.241245	-0.227817	-0.220188	-0.227817	-0.224155
0.204400	-0.218051	-0.230564	-0.233310	-0.231785	-0.222934	-0.245518	-0.229343	-0.221103	-0.232395	-0.226291
0.204500	-0.218357	-0.227207	-0.234226	-0.226291	-0.217441	-0.240940	-0.228122	-0.219883	-0.231174	-0.236667
0.204600	-0.222019	-0.224155	-0.239414	-0.219883	-0.218051	-0.241245	-0.228733	-0.217746	-0.235142	-0.239109
0.204700	-0.229038	-0.223240	-0.241856	-0.221103	-0.222934	-0.247349	-0.226597	-0.215000	-0.242771	-0.233616
0.204800	-0.234226	-0.220188	-0.244907	-0.225681	-0.229648	-0.250401	-0.230869	-0.215915	-0.251316	-0.227512
0.204900	-0.231479	-0.222934	-0.248569	-0.228122	-0.226597	-0.248875	-0.238804	-0.219272	-0.251316	-0.229648
0.205000	-0.233921	-0.232395	-0.254368	-0.229954	-0.222629	-0.248875	-0.238804	-0.222324	-0.241550	-0.237278
0.205100	-0.235447	-0.234226	-0.253147	-0.228733	-0.217136	-0.249485	-0.237583	-0.230869	-0.233921	-0.239414
0.205200	-0.237278	-0.226291	-0.247959	-0.220188	-0.216220	-0.247349	-0.237278	-0.225986	-0.239109	-0.233310
0.205300	-0.236667	-0.225376	-0.241245	-0.221103	-0.217441	-0.245823	-0.230259	-0.217746	-0.240330	-0.222629
0.205400	-0.235142	-0.225376	-0.235142	-0.217136	-0.219272	-0.243381	-0.225986	-0.210422	-0.237583	-0.218051
0.205500	-0.229954	-0.218357	-0.233616	-0.206760	-0.217746	-0.240330	-0.224765	-0.211032	-0.229954	-0.224460
0.205600	-0.225681	-0.208896	-0.235447	-0.205539	-0.208286	-0.231785	-0.225376	-0.216526	-0.229648	-0.225376
0.205700	-0.225071	-0.207981	-0.225681	-0.208591	-0.196078	-0.233921	-0.221103	-0.218357	-0.228122	-0.215915
0.205800	-0.222934	-0.210422	-0.211948	-0.210727	-0.191806	-0.231174	-0.215000	-0.215000	-0.226597	-0.204318
0.205900	-0.222019	-0.210422	-0.207065	-0.206455	-0.196078	-0.222629	-0.213474	-0.212558	-0.222629	-0.201572
0.206000	-0.215915	-0.207065	-0.207065	-0.201266	-0.199435	-0.219577	-0.217746	-0.206455	-0.216831	-0.200656
0.206100	-0.207981	-0.204624	-0.202487	-0.200656	-0.197299	-0.218967	-0.212253	-0.203708	-0.210117	-0.199130
0.206200	-0.201266	-0.200046	-0.195773	-0.196689	-0.194858	-0.217746	-0.205539	-0.207065	-0.207981	-0.201572
0.206300	-0.199130	-0.196384	-0.189975	-0.193942	-0.191501	-0.213779	-0.202487	-0.200656	-0.208286	-0.201877
0.206400	-0.191195	-0.198825	-0.185702	-0.196689	-0.188449	-0.205539	-0.196078	-0.189059	-0.202487	-0.191501
0.206500	-0.187839	-0.195163	-0.183261	-0.197604	-0.183261	-0.198520	-0.192721	-0.185702	-0.196689	-0.183261
0.206600	-0.182345	-0.187533	-0.180209	-0.186923	-0.178073	-0.197604	-0.189364	-0.188449	-0.189059	-0.185397
0.206700	-0.179599	-0.186313	-0.173800	-0.185397	-0.177768	-0.191806	-0.183871	-0.187228	-0.183261	-0.185397
0.206800	-0.179293	-0.185092	-0.165866	-0.183566	-0.181430	-0.185702	-0.178378	-0.181125	-0.182345	-0.182956
0.206900	-0.178073	-0.176242	-0.164950	-0.181125	-0.182956	-0.180514	-0.176852	-0.174105	-0.181430	-0.180209
0.207000	-0.172274	-0.171359	-0.167697	-0.179904	-0.184176	-0.172579	-0.172885	-0.175631	-0.182956	-0.178378
0.207100	-0.173190	-0.173495	-0.167391	-0.184176	-0.178683	-0.171664	-0.168612	-0.178988	-0.178683	-0.176547
0.207200	-0.172274	-0.172885	-0.168612	-0.190280	-0.172274	-0.172274	-0.164034	-0.179293	-0.173190	-0.174105
0.207300	-0.167697	-0.168307	-0.170138	-0.179293	-0.176242	-0.165255	-0.164034	-0.176547	-0.171054	-0.175936
0.207400	-0.164340	-0.162203	-0.166476	-0.172885	-0.181125	-0.163119	-0.166476	-0.173190	-0.168307	-0.172579
0.207500	-0.164950	-0.161288	-0.161898	-0.176852	-0.179904	-0.159762	-0.162814	-0.170138	-0.167086	-0.167697
0.207600	-0.168307	-0.165255	-0.164950	-0.185092	-0.176852	-0.161288	-0.159152	-0.177462	-0.168612	-0.171054
0.207700	-0.166476	-0.162814	-0.166476	-0.183261	-0.171359	-0.162509	-0.154879	-0.179904	-0.165560	-0.171664
0.207800	-0.163729	-0.157931	-0.166781	-0.173495	-0.164340	-0.156710	-0.155489	-0.169528	-0.158541	-0.164034
0.207900	-0.160983	-0.152743	-0.165560	-0.160678	-0.159457	-0.147250	-0.155489	-0.161593	-0.153048	-0.161288
0.208000	-0.161288	-0.149386	-0.160372	-0.161593	-0.156100	-0.144198	-0.153048	-0.159762	-0.145113	-0.154269
0.208100	-0.161898	-0.150912	-0.155184	-0.163119	-0.152438	-0.144808	-0.155795	-0.159152	-0.139925	-0.141146
0.208200	-0.160983	-0.149081	-0.150912	-0.159457	-0.145113	-0.144503	-0.151522	-0.157931	-0.141451	-0.136263
0.208300	-0.150301	-0.136263	-0.147860	-0.157015	-0.137484	-0.139620	-0.147250	-0.156100	-0.139010	-0.137179
0.208400	-0.147860	-0.129854	-0.144808	-0.147555	-0.131075	-0.132601	-0.140841	-0.150301	-0.134737	-0.141756
0.208500	-0.149386	-0.128939	-0.137179	-0.141756	-0.126497	-0.129244	-0.137484	-0.139925	-0.126497	-0.136568
0.208600	-0.147860	-0.124971	-0.135653	-0.146639	-0.122225	-0.129854	-0.141451	-0.132601	-0.124056	-0.123140
0.208700	-0.142977	-0.126497	-0.137789	-0.135653	-0.119478	-0.129244	-0.136263	-0.129244	-0.128328	-0.112154
0.208800	-0.136263	-0.124056	-0.132906	-0.117342	-0.111849	-0.125277	-0.132906	-0.126497	-0.126192	-0.106661
0.208900	-0.132906	-0.120089	-0.124666	-0.113069	-0.106050	-0.118868	-0.131685	-0.125277	-0.115816	-0.105135
0.209000	-0.134127	-0.114900	-0.120699	-0.117647	-0.107576	-0.114900	-0.124056	-0.124361	-0.113069	-0.106661
0.209100	-0.129854	-0.114290	-0.119783	-0.115511	-0.110323	-0.115206	-0.114290	-0.117342	-0.110933	-0.100862
0.209200	-0.126497	-0.113069	-0.122225	-0.112154	-0.108797	-0.116426	-0.114595	-0.105135	-0.112459	-0.099947
0.209300	-0.124056	-0.112154	-0.121920	-0.104524	-0.108492	-0.109712	-0.112154	-0.101472	-0.113680	-0.096895
0.209400	-0.117342	-0.110933	-0.114290	-0.097505	-0.102998	-0.100862	-0.110933	-0.106661	-0.106966	-0.095369
0.209500	-0.117952	-0.110628	-0.104219	-0.091096	-0.100252	-0.098726	-0.106661	-0.106050	-0.102693	-0.094453
0.209600	-0.118563	-0.107271	-0.095369	-0.090181	-0.106050	-0.099947	-0.095369	-0.104524	-0.100862	-0.090486
0.209700	-0.109712	-0.104830	-0.096284	-0.094148	-0.106966	-0.097810	-0.094148	-0.101778	-0.102998	-0.091096
0.209800	-0.106050	-0.106966	-0.100557	-0.093538	-0.103304	-0.095979	-0.095369	-0.098116	-0.106661	-0.099947
0.209900	-0.103609	-0.111543	-0.102998	-0.093233	-0.102083	-0.095369	-0.094759	-0.097200	-0.096895	-0.096895
0.210000	-0.101167	-0.114290	-0.099031	-0.092012	-0.103304	-0.092317	-0.095369	-0.101778	-0.083467	-0.093538
0.210100	-0.105745	-0.115816	-0.097200	-0.089265	-0.108492	-0.088350	-0.090486	-0.103914	-0.085908	-0.096590
0.210200	-0.110323	-0.116121	-0.095674	-0.090486	-0.114290	-0.084993	-0.085603	-0.104830	-0.090486	-0.095369
0.210300	-0.108187	-0.114595	-0.094148	-0.102083	-0.113680	-0.085603	-0.089570	-0.104219	-0.094759	-0.099031
0.210400	-0.099031	-0.113375	-0.094453	-0.107576	-0.111849	-0.091707	-0.088655	-0.107271	-0.094148	-0.101778
0.210500	-0.094453	-0.114900	-0.098421	-0.107881	-0.111543	-0.092012	-0.090791	-0.110323	-0.086519	-0.106050
0.210600	-0.096284	-0.115206	-0.097200	-0.108492	-0.110018	-0.091402	-0.094148	-0.106966	-0.083162	-0.110933
0.210700	-0.107576	-0.117342	-0.091707	-0.110018	-0.113375	-0.085603	-0.097505	-0.102693	-0.088960	-0.106966
0.210800	-0.108797	-0.117952	-0.090486	-0.109102	-0.117952	-0.084382	-0.098726	-0.108797	-0.091707	-0.102998
0.210900	-0.102083	-0.116426	-0.092317	-0.108492	-0.112764	-0.090486	-0.098726	-0.114900	-0.093233	-0.103914
0.211000	-0.097810	-0.113680	-0.094759	-0.110018	-0.110323	-0.092622	-0.096284	-0.114595	-0.088350	-0.104524
0.211100	-0.096590	-0.111543	-0.098116	-0.109712	-0.113985	-0.093233	-0.101778	-0.113680	-0.086519	-0.107271
0.211200	-0.100252	-0.113680	-0.099947	-0.113680	-0.110628	-0.092317	-0.103304	-0.110628	-0.089876	-0.112764
0.211300	-0.103304	-0.120394	-0.102083	-0.121920	-0.109102	-0.092012	-0.100252	-0.106050	-0.094453	-0.109407
0.211400	-0.102693	-0.121004	-0.106355	-0.123445	-0.112459	-0.096284	-0.104524	-0.104219	-0.095979	-0.108492
0.211500	-0.104830	-0.121920	-0.110628	-0.110628	-0.113375	-0.102693	-0.107576	-0.110628	-0.100252	-0.109102
0.211600	-0.113985	-0.119478	-0.110933	-0.106661	-0.114290	-0.102388	-0.110933	-0.113375	-0.102998	-0.110323
0.211700	-0.115816	-0.116426	-0.112764	-0.110018	-0.118563	-0.107271	-0.111543	-0.104830	-0.106661	-0.110628
0.211800	-0.117952	-0.121614	-0.116426	-0.123140	-0.121614	-0.109712	-0.114900	-0.101472	-0.116732	-0.113069
0.211900	-0.122225	-0.123445	-0.127108	-0.129244	-0.121614	-0.113069	-0.120394	-0.109407	-0.126497	-0.115816
0.212000	-0.130160	-0.124666	-0.139925	-0.125887	-0.125887	-0.121920	-0.131991	-0.117342	-0.132601	-0.126192
0.212100	-0.137789	-0.131991	-0.148165	-0.123751	-0.134127	-0.127108	-0.134127	-0.125582	-0.136873	-0.126803
0.212200	-0.144503	-0.142672	-0.152743	-0.123140	-0.141451	-0.133211	-0.135042	-0.132601	-0.142672	-0.129244
0.212300	-0.145113	-0.149691	-0.156405	-0.130160	-0.144198	-0.137484	-0.138399	-0.131991	-0.147250	-0.140536
0.212400	-0.152133	-0.157321	-0.165255	-0.143893	-0.150607	-0.142672	-0.144198	-0.130465	-0.157931	-0.149691
0.212500	-0.159152	-0.161288	-0.175936	-0.155184	-0.155795	-0.151522	-0.154574	-0.144503	-0.169528	-0.154879
0.212600	-0.168307	-0.165255	-0.186313	-0.156100	-0.160983	-0.166781	-0.164340	-0.161288	-0.175631	-0.163729
0.212700	-0.177462	-0.171664	-0.189975	-0.167391	-0.172885	-0.174105	-0.172579	-0.167086	-0.179904	-0.172579
0.212800	-0.187533	-0.180209	-0.191195	-0.178988	-0.185397	-0.181430	-0.178073	-0.168307	-0.187228	-0.187533
0.212900	-0.195163	-0.190585	-0.197604	-0.188754	-0.192721	-0.189975	-0.192721	-0.179293	-0.195773	-0.199435
0.213000	-0.204624	-0.200961	-0.208591	-0.190890	-0.203098	-0.199741	-0.206760	-0.193637	-0.207370	-0.210727
0.213100	-0.210117	-0.212253	-0.222934	-0.200656	-0.215000	-0.211948	-0.212558	-0.205234	-0.218967	-0.216831
0.213200	-0.214389	-0.218357	-0.233005	-0.212863	-0.219577	-0.222324	-0.219883	-0.215915	-0.226291	-0.223240
0.213300	-0.225376	-0.227512	-0.234531	-0.223240	-0.227512	-0.228428	-0.229648	-0.222629	-0.231785	-0.234531
0.213400	-0.235752	-0.233921	-0.238804	-0.235447	-0.241550	-0.237583	-0.230564	-0.229343	-0.240940	-0.250401
0.213500	-0.239109	-0.241550	-0.248264	-0.250401	-0.256199	-0.243687	-0.232395	-0.241550	-0.253147	-0.259861
0.213600	-0.240635	-0.254978	-0.255589	-0.258030	-0.264134	-0.255589	-0.245212	-0.250401	-0.263218	-0.264134
0.213700	-0.247959	-0.265354	-0.262303	-0.258030	-0.271763	-0.265965	-0.256809	-0.254673	-0.266880	-0.267796
0.213800	-0.258946	-0.267796	-0.269322	-0.266575	-0.280613	-0.270543	-0.266575	-0.261387	-0.271458	-0.275120
0.213900	-0.270848	-0.270237	-0.274815	-0.277562	-0.288243	-0.274510	-0.272068	-0.273594	-0.283055	-0.285191
0.214000	-0.280003	-0.276951	-0.281834	-0.291600	-0.298009	-0.285496	-0.282139	-0.288548	-0.293736	-0.295567
0.214100	-0.284276	-0.288243	-0.291905	-0.305638	-0.308385	-0.297093	-0.290990	-0.298924	-0.308690	-0.306249
0.214200	-0.288243	-0.301976	-0.304112	-0.315709	-0.317845	-0.304112	-0.298619	-0.300145	-0.321202	-0.316014
0.214300	-0.297704	-0.311131	-0.314183	-0.317845	-0.321813	-0.308690	-0.307469	-0.303807	-0.321508	-0.324559
0.214400	-0.310521	-0.315404	-0.319982	-0.322118	-0.335546	-0.309911	-0.314794	-0.310521	-0.326390	-0.333715
0.214500	-0.318456	-0.321813	-0.327611	-0.332494	-0.349889	-0.317540	-0.319371	-0.321508	-0.340429	-0.340124
0.214600	-0.328832	-0.332494	-0.341649	-0.347753	-0.357519	-0.331579	-0.329137	-0.337987	-0.361486	-0.350500
0.214700	-0.340429	-0.344701	-0.357519	-0.359655	-0.366980	-0.348058	-0.346532	-0.351415	-0.374609	-0.366674
0.214800	-0.351415	-0.354162	-0.376135	-0.369421	-0.377966	-0.359045	-0.358129	-0.360571	-0.380407	-0.382849
0.214900	-0.365148	-0.362097	-0.392004	-0.383154	-0.388647	-0.363623	-0.373693	-0.372473	-0.386511	-0.394751
0.215000	-0.381628	-0.374914	-0.395361	-0.394141	-0.399939	-0.369116	-0.388342	-0.383154	-0.400549	-0.404212
0.215100	-0.399023	-0.386206	-0.405432	-0.407263	-0.410010	-0.384070	-0.401465	-0.390784	-0.411841	-0.413062
0.215200	-0.409705	-0.390784	-0.425879	-0.419471	-0.415808	-0.398108	-0.412146	-0.402380	-0.429542	-0.425574
0.215300	-0.419471	-0.402380	-0.442054	-0.422217	-0.424659	-0.412146	-0.420996	-0.414282	-0.440833	-0.435035
0.215400	-0.424353	-0.415198	-0.453651	-0.429542	-0.435950	-0.423743	-0.432899	-0.427100	-0.443275	-0.440223
0.215500	-0.431373	-0.426185	-0.460975	-0.442664	-0.449073	-0.428626	-0.444190	-0.439307	-0.448157	-0.454871
0.215600	-0.444495	-0.438697	-0.464942	-0.453346	-0.457923	-0.436866	-0.450904	-0.446937	-0.463111	-0.463111
0.215700	-0.457618	-0.442969	-0.468910	-0.460670	-0.459754	-0.450599	-0.455787	-0.453651	-0.470131	-0.464332
0.215800	-0.462501	-0.444800	-0.477150	-0.465553	-0.461280	-0.461280	-0.470131	-0.458228	-0.472877	-0.466774
0.215900	-0.465858	-0.452430	-0.489357	-0.463417	-0.463417	-0.468910	-0.480201	-0.466163	-0.477760	-0.472572
0.216000	-0.472572	-0.463417	-0.492409	-0.470131	-0.464027	-0.479896	-0.484779	-0.473487	-0.482948	-0.477150
0.216100	-0.477150	-0.466774	-0.491493	-0.481117	-0.467689	-0.487221	-0.490883	-0.479286	-0.489357	-0.484169
0.216200	-0.477760	-0.471046	-0.493019	-0.484779	-0.472877	-0.489357	-0.495155	-0.481117	-0.495766	-0.486915
0.216300	-0.480507	-0.475013	-0.497597	-0.482338	-0.471656	-0.492409	-0.497597	-0.485084	-0.500649	-0.490272
0.216400	-0.483253	-0.481422	-0.497291	-0.478981	-0.475318	-0.497902	-0.498512	-0.483253	-0.501869	-0.493324
0.216500	-0.484474	-0.485389	-0.496376	-0.476844	-0.482338	-0.505837	-0.500649	-0.480201	-0.496681	-0.490272
0.216600	-0.485695	-0.483558	-0.495461	-0.479286	-0.488746	-0.506752	-0.495766	-0.477760	-0.498207	-0.487526
0.216700	-0.482948	-0.478370	-0.495461	-0.483864	-0.490272	-0.506752	-0.492409	-0.477455	-0.493934	-0.483253
0.216800	-0.478065	-0.479286	-0.495155	-0.487221	-0.485389	-0.502785	-0.492409	-0.479591	-0.506752	-0.490272
0.216900	-0.478065	-0.482948	-0.497291	-0.484169	-0.482338	-0.504005	-0.495461	-0.485389	-0.503090	-0.485084
0.217000	-0.481422	-0.488746	-0.489052	-0.478981	-0.479286	-0.501564	-0.493019	-0.489662	-0.498512	-0.472877
0.217100	-0.482338	-0.484474	-0.483864	-0.480812	-0.478370	-0.500038	-0.491493	-0.479591	-0.497597	-0.469520
0.217200	-0.486000	-0.475013	-0.472877	-0.481727	-0.481117	-0.500038	-0.484474	-0.474708	-0.494240	-0.470131
0.217300	-0.481117	-0.477760	-0.467689	-0.479286	-0.479286	-0.489662	-0.480201	-0.469520	-0.493934	-0.480507
0.217400	-0.470131	-0.474403	-0.474708	-0.478675	-0.472267	-0.490272	-0.483253	-0.481117	-0.495155	-0.487526
0.217500	-0.465248	-0.473793	-0.473793	-0.473182	-0.474708	-0.485084	-0.478675	-0.482338	-0.479896	-0.478065
0.217600	-0.462196	-0.475929	-0.467994	-0.465858	-0.478981	-0.467384	-0.469215	-0.474098	-0.466163	-0.466163
0.217700	-0.463417	-0.472877	-0.462806	-0.460975	-0.474708	-0.457008	-0.458534	-0.473182	-0.457313	-0.461585
0.217800	-0.466774	-0.466163	-0.449989	-0.462196	-0.469825	-0.453956	-0.448463	-0.470131	-0.454261	-0.460670
0.217900	-0.456703	-0.456092	-0.441138	-0.456703	-0.457008	-0.451820	-0.443885	-0.467994	-0.457313	-0.459754
0.218000	-0.448157	-0.444190	-0.439612	-0.448157	-0.448157	-0.457008	-0.448463	-0.462501	-0.446021	-0.446937
0.218100	-0.437476	-0.438697	-0.431678	-0.446021	-0.439612	-0.447852	-0.448768	-0.448463	-0.437171	-0.439612
0.218200	-0.426490	-0.438086	-0.420386	-0.450599	-0.429236	-0.431678	-0.441749	-0.436866	-0.432593	-0.440833
0.218300	-0.419165	-0.435950	-0.406043	-0.445411	-0.419165	-0.417945	-0.434119	-0.436866	-0.419471	-0.429542
0.218400	-0.409400	-0.431067	-0.399329	-0.433204	-0.415808	-0.406958	-0.420081	-0.434424	-0.410620	-0.417945
0.218500	-0.406958	-0.416724	-0.398413	-0.416419	-0.403296	-0.402991	-0.409400	-0.433204	-0.402991	-0.410925
0.218600	-0.401770	-0.404822	-0.385901	-0.399023	-0.391089	-0.393835	-0.390478	-0.419471	-0.384375	-0.393530
0.218700	-0.387427	-0.392920	-0.369116	-0.392004	-0.375524	-0.376135	-0.383154	-0.403296	-0.367285	-0.378576
0.218800	-0.371557	-0.376745	-0.355688	-0.379492	-0.358434	-0.365148	-0.376135	-0.392309	-0.358740	-0.368505
0.218900	-0.351415	-0.362707	-0.344701	-0.363928	-0.344701	-0.357519	-0.364233	-0.378881	-0.346838	-0.350805
0.219000	-0.328832	-0.349279	-0.331579	-0.350195	-0.328527	-0.347753	-0.353857	-0.362402	-0.343786	-0.337987
0.219100	-0.324865	-0.336156	-0.323339	-0.333410	-0.310521	-0.344701	-0.338598	-0.343175	-0.334630	-0.328222
0.219200	-0.325780	-0.328222	-0.306554	-0.321202	-0.296178	-0.328832	-0.320287	-0.323644	-0.316319	-0.314794
0.219300	-0.315709	-0.316014	-0.287938	-0.307469	-0.283665	-0.306554	-0.309911	-0.307469	-0.290379	-0.296178
0.219400	-0.301366	-0.301061	-0.276341	-0.288548	-0.270848	-0.294957	-0.297093	-0.293736	-0.273594	-0.275425
0.219500	-0.281224	-0.281224	-0.266270	-0.269322	-0.257725	-0.283055	-0.282444	-0.279698	-0.260166	-0.258030
0.219600	-0.253452	-0.258640	-0.246433	-0.252232	-0.239414	-0.268101	-0.270237	-0.269322	-0.249180	-0.245518
0.219700	-0.235447	-0.243381	-0.234226	-0.234226	-0.222934	-0.254673	-0.253452	-0.254673	-0.230259	-0.228428
0.219800	-0.225681	-0.235752	-0.225986	-0.215000	-0.214694	-0.244602	-0.231479	-0.237583	-0.214694	-0.216526
0.219900	-0.217136	-0.222934	-0.212863	-0.200351	-0.202792	-0.227817	-0.215000	-0.222019	-0.200656	-0.206455
0.220000	-0.209506	-0.205844	-0.195163	-0.188144	-0.185092	-0.212558	-0.200656	-0.203098	-0.186923	-0.186313
0.220100	-0.196384	-0.192721	-0.177462	-0.182650	-0.169833	-0.199435	-0.190280	-0.184787	-0.181430	-0.169528
0.220200	-0.181735	-0.176242	-0.165255	-0.168307	-0.158541	-0.190585	-0.181125	-0.173495	-0.170138	-0.158541
0.220300	-0.164340	-0.161898	-0.156405	-0.150912	-0.152743	-0.181125	-0.165255	-0.166476	-0.147250	-0.145419
0.220400	-0.148776	-0.149996	-0.142977	-0.141146	-0.144198	-0.167697	-0.148165	-0.156405	-0.129854	-0.134127
0.220500	-0.139315	-0.138094	-0.126497	-0.137789	-0.134737	-0.155184	-0.135348	-0.146639	-0.120089	-0.121614
0.220600	-0.131685	-0.132906	-0.110018	-0.127413	-0.126803	-0.137179	-0.125887	-0.132601	-0.106661	-0.113680
0.220700	-0.117647	-0.127413	-0.101778	-0.117342	-0.116426	-0.120089	-0.115206	-0.116121	-0.097200	-0.105745
0.220800	-0.103914	-0.116121	-0.092012	-0.098116	-0.103914	-0.109712	-0.097505	-0.106355	-0.088350	-0.091402
0.220900	-0.091707	-0.101778	-0.077668	-0.083772	-0.092012	-0.102693	-0.083772	-0.101167	-0.071870	-0.077058
0.221000	-0.078279	-0.081331	-0.062715	-0.076753	-0.077363	-0.087434	-0.074006	-0.092317	-0.058137	-0.070039
0.221100	-0.065766	-0.069429	-0.056916	-0.073701	-0.066072	-0.071870	-0.058747	-0.075227	-0.050202	-0.059663
0.221200	-0.053864	-0.063325	-0.044404	-0.068818	-0.053864	-0.059968	-0.047761	-0.059663	-0.044404	-0.055390
0.221300	-0.042878	-0.055390	-0.029450	-0.053864	-0.041962	-0.049592	-0.041047	-0.051118	-0.037385	-0.048676
0.221400	-0.032197	-0.041962	-0.013581	-0.035554	-0.033417	-0.037690	-0.027314	-0.044099	-0.023041	-0.033417
0.221500	-0.026703	-0.033417	-0.002899	-0.027008	-0.027619	-0.030976	-0.014801	-0.035248	-0.008698	-0.020905
0.221600	-0.023041	-0.023957	0.007172	-0.020295	-0.020295	-0.022431	-0.009918	-0.021820	0.002289	-0.013275
0.221700	-0.013275	-0.011139	0.011749	-0.007477	-0.008087	-0.005035	0.001984	-0.009308	0.014496	-0.003204
0.221800	0.008392	-0.000153	0.017853	-0.000458	0.003815	0.010834	0.009308	-0.005035	0.027008	0.003815
0.221900	0.025177	0.006561	0.027314	0.011444	0.010834	0.023346	0.020295	0.004425	0.037385	0.019684
0.222000	0.027314	0.012970	0.037995	0.024872	0.015412	0.029450	0.037385	0.012360	0.045930	0.030976
0.222100	0.032197	0.023957	0.043793	0.032807	0.029145	0.037385	0.054170	0.020295	0.048066	0.031891
0.222200	0.038911	0.035554	0.050813	0.038300	0.045624	0.041047	0.056611	0.030976	0.047761	0.034943
0.222300	0.043488	0.045624	0.053254	0.045014	0.055695	0.049287	0.055695	0.041657	0.053559	0.041657
0.222400	0.050507	0.049287	0.052338	0.051728	0.059968	0.055085	0.054170	0.049897	0.063020	0.047456
0.222500	0.061494	0.053864	0.056001	0.056611	0.055695	0.058137	0.059358	0.058442	0.072175	0.057527
0.222600	0.059358	0.059358	0.061799	0.056306	0.053254	0.065461	0.061799	0.058747	0.079500	0.057832
0.222700	0.051728	0.060578	0.065156	0.061799	0.057221	0.068208	0.061189	0.054780	0.079194	0.057527
0.222800	0.054475	0.061799	0.063020	0.067597	0.060578	0.067292	0.061494	0.056611	0.073091	0.055695
0.222900	0.058442	0.063325	0.056611	0.067903	0.061494	0.061799	0.061799	0.059358	0.073396	0.058442
0.223000	0.058747	0.061494	0.052644	0.072786	0.062409	0.060884	0.062409	0.062409	0.070344	0.063020
0.223100	0.063325	0.063630	0.050202	0.076143	0.058747	0.062409	0.061494	0.071260	0.066987	0.066072
0.223200	0.065156	0.066682	0.046540	0.068208	0.060273	0.059968	0.055085	0.072480	0.066987	0.059663
0.223300	0.060273	0.062409	0.043488	0.063630	0.057221	0.049897	0.048371	0.069734	0.062409	0.057221
0.223400	0.053864	0.059358	0.040436	0.064851	0.054475	0.048066	0.047761	0.070344	0.057527	0.058747
0.223500	0.048371	0.057527	0.034638	0.064546	0.055695	0.044404	0.046845	0.063325	0.056001	0.056306
0.223600	0.040742	0.052033	0.032807	0.057527	0.051423	0.036469	0.044709	0.058747	0.051423	0.052338
0.223700	0.031891	0.045930	0.037690	0.047150	0.042878	0.039826	0.040742	0.059663	0.047456	0.048676
0.223800	0.029145	0.041657	0.036469	0.046235	0.036774	0.035248	0.034333	0.056611	0.043488	0.045624
0.223900	0.035248	0.040436	0.031281	0.050202	0.032502	0.025788	0.030976	0.052338	0.036469	0.045624
0.224000	0.036469	0.041047	0.021820	0.046845	0.023957	0.019379	0.033417	0.043793	0.036164	0.044709
0.224100	0.030060	0.035248	0.013886	0.042573	0.019989	0.018769	0.034333	0.041962	0.033417	0.038300
0.224200	0.019074	0.024567	0.009003	0.037690	0.017548	0.012055	0.030365	0.044404	0.022431	0.032502
0.224300	0.014496	0.016632	0.009003	0.029755	0.013886	0.010834	0.024872	0.040436	0.011749	0.028229
0.224400	0.009613	0.013275	0.006561	0.023957	0.009613	0.006256	0.019989	0.031281	-0.002289	0.018463
0.224500	0.006561	0.009308	0.000458	0.020600	0.002899	-0.001984	0.012360	0.028534	-0.011139	0.009613
0.224600	0.003204	0.000153	-0.011139	0.011444	-0.001373	-0.007782	0.007172	0.017243	-0.008698	0.005951
0.224700	-0.002289	-0.005035	-0.015106	0.000763	-0.011749	-0.006561	0.009308	0.005951	-0.007477	-0.003204
0.224800	-0.009918	-0.007782	-0.011444	-0.007477	-0.024872	-0.004425	0.011749	-0.000763	-0.013275	-0.012055
0.224900	-0.016632	-0.012970	-0.015412	-0.008392	-0.028229	-0.006256	0.005035	-0.011444	-0.023957	-0.019989
0.225000	-0.022126	-0.022736	-0.027314	-0.018769	-0.029755	-0.018158	-0.007172	-0.021210	-0.037690	-0.025788
0.225100	-0.034943	-0.032197	-0.036164	-0.034638	-0.039521	-0.027924	-0.013275	-0.022736	-0.043183	-0.036164
0.225200	-0.041352	-0.042573	-0.039521	-0.044709	-0.046235	-0.030671	-0.021210	-0.026703	-0.042878	-0.041962
0.225300	-0.038605	-0.051118	-0.045624	-0.050202	-0.054780	-0.035554	-0.029450	-0.035554	-0.047761	-0.049897
0.225400	-0.039521	-0.054780	-0.048981	-0.059663	-0.068513	-0.042267	-0.038605	-0.046540	-0.056916	-0.063020
0.225500	-0.056306	-0.060884	-0.057221	-0.067292	-0.072786	-0.050507	-0.045624	-0.056001	-0.071565	-0.079805
0.225600	-0.073091	-0.069123	-0.069734	-0.074922	-0.066377	-0.055695	-0.058442	-0.065766	-0.080720	-0.080415
0.225700	-0.083772	-0.078584	-0.081331	-0.080720	-0.070344	-0.058442	-0.075227	-0.073091	-0.080720	-0.079805
0.225800	-0.091402	-0.091402	-0.088960	-0.090486	-0.082551	-0.062409	-0.080720	-0.077058	-0.084993	-0.091707
0.225900	-0.097505	-0.103304	-0.094453	-0.100862	-0.094759	-0.073396	-0.088350	-0.086519	-0.096895	-0.105745
0.226000	-0.101167	-0.104219	-0.097810	-0.104524	-0.101778	-0.086519	-0.097810	-0.099336	-0.106966	-0.113985
0.226100	-0.107881	-0.106050	-0.106661	-0.113375	-0.111849	-0.096284	-0.104830	-0.105135	-0.117647	-0.121004
0.226200	-0.115511	-0.114900	-0.121309	-0.125277	-0.113680	-0.103609	-0.110628	-0.110628	-0.124666	-0.126192
0.226300	-0.117647	-0.126497	-0.132906	-0.128939	-0.116732	-0.113985	-0.123445	-0.109407	-0.129854	-0.124056
0.226400	-0.126192	-0.134737	-0.139925	-0.135348	-0.124361	-0.129854	-0.133822	-0.106966	-0.138094	-0.125277
0.226500	-0.142367	-0.139925	-0.147250	-0.145724	-0.135042	-0.141451	-0.144198	-0.118868	-0.150607	-0.140536
0.226600	-0.150912	-0.143893	-0.149996	-0.151217	-0.136263	-0.149386	-0.153964	-0.133822	-0.157931	-0.154879
0.226700	-0.153658	-0.146944	-0.156710	-0.154574	-0.133822	-0.157015	-0.163119	-0.146944	-0.162509	-0.154879
0.226800	-0.159457	-0.155489	-0.168612	-0.154574	-0.139010	-0.161288	-0.171359	-0.152438	-0.168307	-0.149996
0.226900	-0.168612	-0.168002	-0.177462	-0.154269	-0.155184	-0.157321	-0.168307	-0.149996	-0.171664	-0.152743
0.227000	-0.177462	-0.174716	-0.181735	-0.159762	-0.162814	-0.164950	-0.165560	-0.152133	-0.173495	-0.158236
0.227100	-0.185397	-0.173800	-0.181735	-0.166171	-0.167391	-0.176852	-0.172274	-0.166476	-0.186923	-0.168002
0.227200	-0.194552	-0.178378	-0.189975	-0.171054	-0.177768	-0.184176	-0.179599	-0.175936	-0.197909	-0.178988
0.227300	-0.196078	-0.184787	-0.202182	-0.182040	-0.184176	-0.193942	-0.190890	-0.178683	-0.203403	-0.183871
0.227400	-0.197299	-0.188144	-0.205234	-0.191195	-0.189364	-0.202792	-0.198825	-0.182345	-0.208896	-0.187839
0.227500	-0.202792	-0.189670	-0.204624	-0.202182	-0.200961	-0.202792	-0.206149	-0.186313	-0.219577	-0.191195
0.227600	-0.206760	-0.199435	-0.212558	-0.211032	-0.207370	-0.201572	-0.211337	-0.197299	-0.228733	-0.200656
0.227700	-0.216220	-0.207981	-0.218051	-0.218051	-0.211337	-0.212558	-0.214694	-0.208591	-0.235142	-0.213169
0.227800	-0.230259	-0.213169	-0.224460	-0.220188	-0.214084	-0.222934	-0.221103	-0.215915	-0.233921	-0.217441
0.227900	-0.241245	-0.224765	-0.232090	-0.222629	-0.223850	-0.222324	-0.228733	-0.220493	-0.230564	-0.218967
0.228000	-0.247654	-0.229954	-0.233310	-0.230259	-0.236362	-0.219577	-0.232090	-0.225986	-0.230869	-0.228428
0.228100	-0.245212	-0.228428	-0.229954	-0.242466	-0.237888	-0.226291	-0.234836	-0.235447	-0.238193	-0.234226
0.228200	-0.243076	-0.236667	-0.231174	-0.247044	-0.240024	-0.234531	-0.244907	-0.251621	-0.246738	-0.237278
0.228300	-0.248264	-0.247959	-0.240330	-0.249790	-0.249180	-0.238804	-0.246738	-0.259251	-0.252232	-0.246128
0.228400	-0.253452	-0.256504	-0.246433	-0.259251	-0.257420	-0.243381	-0.247349	-0.258335	-0.254368	-0.252232
0.228500	-0.256809	-0.263218	-0.243076	-0.266575	-0.261082	-0.247654	-0.253147	-0.260472	-0.263829	-0.254673
0.228600	-0.265049	-0.263829	-0.242771	-0.273594	-0.265049	-0.243381	-0.262608	-0.260777	-0.275425	-0.260166
0.228700	-0.266880	-0.265660	-0.252842	-0.277867	-0.261082	-0.247349	-0.266880	-0.267186	-0.280919	-0.269017
0.228800	-0.266880	-0.268101	-0.261082	-0.283970	-0.258640	-0.254063	-0.272984	-0.275730	-0.281224	-0.275425
0.228900	-0.272373	-0.269017	-0.261082	-0.283055	-0.262913	-0.258030	-0.273899	-0.283055	-0.276341	-0.276341
0.229000	-0.276646	-0.278172	-0.263218	-0.276951	-0.271763	-0.252842	-0.274815	-0.286717	-0.275425	-0.275730
0.229100	-0.275425	-0.288548	-0.264744	-0.280308	-0.283360	-0.252537	-0.276951	-0.289769	-0.277867	-0.282750
0.229200	-0.277256	-0.286412	-0.261082	-0.287633	-0.288548	-0.256504	-0.277867	-0.294957	-0.280613	-0.290379
0.229300	-0.280003	-0.283055	-0.264134	-0.284276	-0.286107	-0.266575	-0.279393	-0.295872	-0.281224	-0.288243
0.229400	-0.280308	-0.280308	-0.269627	-0.283970	-0.281529	-0.271763	-0.281224	-0.292515	-0.281529	-0.285496
0.229500	-0.277256	-0.279393	-0.277867	-0.286412	-0.278782	-0.272068	-0.284581	-0.285191	-0.275730	-0.285191
0.229600	-0.272984	-0.286107	-0.277562	-0.288243	-0.278172	-0.270543	-0.283970	-0.287327	-0.278782	-0.283970
0.229700	-0.275425	-0.286717	-0.274205	-0.292515	-0.282750	-0.265660	-0.284276	-0.293736	-0.285801	-0.289769
0.229800	-0.283970	-0.281224	-0.274815	-0.293736	-0.288243	-0.269017	-0.289464	-0.299840	-0.290379	-0.295567
0.229900	-0.293736	-0.280003	-0.283665	-0.294652	-0.289158	-0.276341	-0.296788	-0.303807	-0.291905	-0.293431
0.230000	-0.296178	-0.282444	-0.291905	-0.295872	-0.291295	-0.281834	-0.299535	-0.298619	-0.289158	-0.291600
0.230100	-0.293736	-0.287327	-0.298314	-0.292210	-0.296788	-0.278172	-0.300450	-0.294041	-0.285496	-0.295872
0.230200	-0.293126	-0.287633	-0.303502	-0.292821	-0.305028	-0.282139	-0.297093	-0.297704	-0.283055	-0.300450
0.230300	-0.298314	-0.283970	-0.300450	-0.301366	-0.305333	-0.289769	-0.292515	-0.309606	-0.287938	-0.300755
0.230400	-0.303502	-0.284276	-0.302586	-0.303502	-0.303807	-0.297398	-0.302892	-0.312657	-0.291905	-0.302586
0.230500	-0.305028	-0.294652	-0.308995	-0.305333	-0.301061	-0.299229	-0.315404	-0.309606	-0.297704	-0.304418
0.230600	-0.306249	-0.301366	-0.314183	-0.306554	-0.311437	-0.295262	-0.317235	-0.304112	-0.300755	-0.310521
0.230700	-0.311131	-0.303197	-0.314183	-0.304112	-0.316625	-0.299840	-0.317845	-0.304418	-0.305028	-0.308995
0.230800	-0.316930	-0.304723	-0.316930	-0.303197	-0.317540	-0.305943	-0.321508	-0.311742	-0.310216	-0.310216
0.230900	-0.324254	-0.306859	-0.325780	-0.307469	-0.319371	-0.312352	-0.321202	-0.321202	-0.310826	-0.313268
0.231000	-0.328832	-0.309606	-0.332189	-0.319066	-0.318151	-0.317845	-0.321508	-0.325780	-0.310216	-0.317845
0.231100	-0.332189	-0.314488	-0.332799	-0.319982	-0.319982	-0.322423	-0.328222	-0.325170	-0.312047	-0.319371
0.231200	-0.335241	-0.318761	-0.334020	-0.312962	-0.330968	-0.323339	-0.335241	-0.320897	-0.316319	-0.321813
0.231300	-0.334325	-0.325780	-0.341955	-0.318456	-0.341344	-0.328222	-0.337377	-0.316319	-0.325170	-0.323339
0.231400	-0.331579	-0.332799	-0.340124	-0.329748	-0.344396	-0.334935	-0.333410	-0.324865	-0.339513	-0.327916
0.231500	-0.335546	-0.334630	-0.334935	-0.331884	-0.337987	-0.337987	-0.333410	-0.334935	-0.339513	-0.333715
0.231600	-0.341649	-0.334935	-0.334630	-0.327306	-0.332494	-0.338598	-0.339818	-0.336767	-0.332799	-0.332799
0.231700	-0.342260	-0.335546	-0.344701	-0.327916	-0.335241	-0.336156	-0.343481	-0.335546	-0.327916	-0.335241
0.231800	-0.337987	-0.338598	-0.348974	-0.330358	-0.336461	-0.335241	-0.342565	-0.329442	-0.331579	-0.333105
0.231900	-0.330968	-0.344396	-0.345006	-0.333410	-0.339208	-0.330053	-0.340734	-0.329748	-0.338903	-0.330358
0.232000	-0.332799	-0.341344	-0.336156	-0.327001	-0.344701	-0.320897	-0.328832	-0.331884	-0.342260	-0.331579
0.232100	-0.340124	-0.337377	-0.334020	-0.321508	-0.342565	-0.320592	-0.324865	-0.334020	-0.334935	-0.335241
0.232200	-0.338903	-0.337682	-0.330663	-0.316930	-0.339818	-0.330663	-0.329137	-0.338598	-0.323033	-0.334325
0.232300	-0.329748	-0.334935	-0.330968	-0.320592	-0.335546	-0.332494	-0.329442	-0.340734	-0.323339	-0.337987
0.232400	-0.323644	-0.329442	-0.330968	-0.327306	-0.336156	-0.326696	-0.320592	-0.333715	-0.325170	-0.339513
0.232500	-0.317540	-0.331579	-0.323949	-0.331579	-0.333715	-0.325170	-0.315709	-0.330663	-0.322728	-0.332189
0.232600	-0.311437	-0.333410	-0.317235	-0.329442	-0.325780	-0.323949	-0.316930	-0.327001	-0.317845	-0.333410
0.232700	-0.311742	-0.333105	-0.314488	-0.326085	-0.323644	-0.318151	-0.317845	-0.322423	-0.316319	-0.335241
0.232800	-0.311742	-0.326696	-0.313573	-0.319982	-0.322728	-0.314488	-0.313268	-0.320897	-0.315099	-0.335241
0.232900	-0.313573	-0.321813	-0.310826	-0.311742	-0.316014	-0.314794	-0.307164	-0.325780	-0.310521	-0.330053
0.233000	-0.315099	-0.313268	-0.309606	-0.308385	-0.307469	-0.310826	-0.305943	-0.327001	-0.298619	-0.321508
0.233100	-0.307775	-0.315404	-0.307164	-0.310521	-0.304418	-0.307469	-0.302892	-0.320287	-0.291295	-0.317540
0.233200	-0.294957	-0.318151	-0.309911	-0.313268	-0.303502	-0.309911	-0.301976	-0.314488	-0.293736	-0.317540
0.233300	-0.290990	-0.317540	-0.309911	-0.308385	-0.309300	-0.312657	-0.299229	-0.310521	-0.293126	-0.312352
0.233400	-0.298314	-0.310826	-0.302586	-0.301671	-0.311437	-0.309606	-0.294957	-0.306249	-0.298924	-0.305333
0.233500	-0.302892	-0.304418	-0.296178	-0.295262	-0.304418	-0.309606	-0.293126	-0.297093	-0.298619	-0.303807
0.233600	-0.294347	-0.298924	-0.296178	-0.297398	-0.286412	-0.312657	-0.296178	-0.294041	-0.296788	-0.298924
0.233700	-0.284276	-0.297093	-0.297398	-0.299229	-0.271458	-0.310216	-0.293431	-0.295567	-0.292821	-0.293431
0.233800	-0.280919	-0.291295	-0.296788	-0.293736	-0.271458	-0.301671	-0.285801	-0.292821	-0.290074	-0.292515
0.233900	-0.282139	-0.288548	-0.297398	-0.285496	-0.276036	-0.296178	-0.281834	-0.280613	-0.281529	-0.286107
0.234000	-0.278782	-0.290379	-0.292821	-0.285191	-0.278172	-0.292210	-0.279698	-0.273594	-0.275730	-0.278477
0.234100	-0.278477	-0.285191	-0.285801	-0.283360	-0.278782	-0.289464	-0.277256	-0.269017	-0.272068	-0.271763
0.234200	-0.271458	-0.277867	-0.278172	-0.275425	-0.272679	-0.291600	-0.269932	-0.263218	-0.270237	-0.265354
0.234300	-0.264744	-0.269322	-0.278477	-0.263218	-0.260166	-0.293431	-0.260777	-0.258640	-0.266575	-0.264744
0.234400	-0.263523	-0.265660	-0.277867	-0.257725	-0.251316	-0.292515	-0.255589	-0.256809	-0.255283	-0.260777
0.234500	-0.261387	-0.266270	-0.275425	-0.253147	-0.251621	-0.281224	-0.257725	-0.251011	-0.255589	-0.251316
0.234600	-0.255589	-0.265965	-0.269627	-0.248875	-0.251621	-0.267796	-0.254673	-0.239109	-0.258946	-0.243992
0.234700	-0.254673	-0.255589	-0.261997	-0.247959	-0.251011	-0.264439	-0.243076	-0.235752	-0.259251	-0.238193
0.234800	-0.248264	-0.244602	-0.251316	-0.242161	-0.245823	-0.266575	-0.233921	-0.235142	-0.256199	-0.236973
0.234900	-0.240635	-0.241856	-0.243687	-0.237583	-0.231479	-0.262303	-0.228122	-0.231174	-0.257420	-0.239414
0.235000	-0.236362	-0.239414	-0.244907	-0.236667	-0.220493	-0.250706	-0.225986	-0.224460	-0.246128	-0.232090
0.235100	-0.233616	-0.239414	-0.245823	-0.233921	-0.219577	-0.242466	-0.228428	-0.222934	-0.231785	-0.223240
0.235200	-0.229954	-0.232395	-0.238193	-0.222934	-0.222629	-0.233921	-0.224460	-0.225071	-0.225376	-0.222934
0.235300	-0.224460	-0.223850	-0.225071	-0.214389	-0.220798	-0.233005	-0.215305	-0.221103	-0.222629	-0.219577
0.235400	-0.214084	-0.218357	-0.211643	-0.217136	-0.210117	-0.236057	-0.211032	-0.218357	-0.222019	-0.216220
0.235500	-0.207675	-0.216220	-0.207065	-0.222019	-0.202487	-0.233310	-0.206760	-0.216526	-0.217441	-0.214084
0.235600	-0.203708	-0.214084	-0.207981	-0.216526	-0.201266	-0.223240	-0.204318	-0.210422	-0.212253	-0.208286
0.235700	-0.199130	-0.211643	-0.204624	-0.203403	-0.194858	-0.216526	-0.200656	-0.200656	-0.211032	-0.208286
0.235800	-0.200046	-0.207675	-0.198520	-0.196689	-0.189670	-0.212863	-0.196078	-0.200351	-0.204624	-0.210117
0.235900	-0.195773	-0.201572	-0.189975	-0.199130	-0.186923	-0.207981	-0.193637	-0.200656	-0.199435	-0.198825
0.236000	-0.189364	-0.199130	-0.176242	-0.200351	-0.180514	-0.201877	-0.192721	-0.193332	-0.198520	-0.186923
0.236100	-0.184176	-0.195468	-0.169833	-0.200046	-0.176852	-0.194858	-0.189059	-0.190585	-0.189975	-0.182956
0.236200	-0.175326	-0.191806	-0.169528	-0.190890	-0.176242	-0.187839	-0.184482	-0.187839	-0.180514	-0.184176
0.236300	-0.162814	-0.188144	-0.168002	-0.185397	-0.170443	-0.185702	-0.178378	-0.185397	-0.182040	-0.188449
0.236400	-0.161898	-0.183261	-0.165560	-0.178988	-0.167391	-0.185702	-0.172579	-0.179293	-0.181430	-0.187839
0.236500	-0.160372	-0.174716	-0.161288	-0.176242	-0.163119	-0.186007	-0.171969	-0.176852	-0.175936	-0.183871
0.236600	-0.157931	-0.168917	-0.156710	-0.175936	-0.158541	-0.182956	-0.172579	-0.175631	-0.170443	-0.182040
0.236700	-0.159152	-0.168307	-0.156100	-0.171359	-0.153658	-0.173495	-0.171664	-0.172885	-0.168612	-0.173800
0.236800	-0.161288	-0.168002	-0.156100	-0.167697	-0.149691	-0.166476	-0.165255	-0.164034	-0.167086	-0.166476
0.236900	-0.157015	-0.165255	-0.153048	-0.168002	-0.148470	-0.163729	-0.154269	-0.159762	-0.164034	-0.164645
0.237000	-0.148776	-0.157015	-0.149691	-0.160678	-0.148165	-0.163729	-0.146639	-0.163119	-0.159152	-0.160983
0.237100	-0.142672	-0.150607	-0.144503	-0.152133	-0.142672	-0.162203	-0.143587	-0.163729	-0.160372	-0.155795
0.237200	-0.143282	-0.146944	-0.143893	-0.152133	-0.142977	-0.159152	-0.147250	-0.157931	-0.157015	-0.153353
0.237300	-0.143893	-0.142672	-0.141451	-0.154574	-0.144198	-0.153964	-0.153048	-0.146334	-0.147250	-0.149996
0.237400	-0.143893	-0.138399	-0.139925	-0.150912	-0.141451	-0.149386	-0.157321	-0.137789	-0.145113	-0.151217
0.237500	-0.144198	-0.136568	-0.145113	-0.147860	-0.136568	-0.147860	-0.150301	-0.139925	-0.146639	-0.150607
0.237600	-0.147250	-0.134127	-0.151217	-0.145113	-0.135653	-0.149386	-0.146639	-0.143893	-0.150301	-0.147555
0.237700	-0.149081	-0.132601	-0.153964	-0.146334	-0.136263	-0.152438	-0.147860	-0.147250	-0.156405	-0.145724
0.237800	-0.153353	-0.132601	-0.155184	-0.147555	-0.137789	-0.150301	-0.150912	-0.145724	-0.159152	-0.143282
0.237900	-0.151522	-0.131685	-0.152438	-0.150301	-0.142672	-0.144808	-0.152133	-0.144808	-0.153658	-0.144198
0.238000	-0.150607	-0.131075	-0.149996	-0.151217	-0.144808	-0.142672	-0.158846	-0.142977	-0.151217	-0.144198
0.238100	-0.153658	-0.129549	-0.156100	-0.153353	-0.146944	-0.142367	-0.162203	-0.143893	-0.153658	-0.140841
0.238200	-0.160067	-0.134737	-0.159152	-0.157015	-0.149081	-0.146944	-0.159457	-0.145724	-0.160372	-0.138094
0.238300	-0.164340	-0.142672	-0.159762	-0.158846	-0.157931	-0.150607	-0.161288	-0.147860	-0.166171	-0.141451
0.238400	-0.171664	-0.145419	-0.159457	-0.158541	-0.156100	-0.149691	-0.168307	-0.151522	-0.162814	-0.146639
0.238500	-0.174716	-0.146334	-0.158846	-0.158236	-0.151522	-0.149996	-0.173190	-0.159457	-0.166781	-0.154574
0.238600	-0.175936	-0.152743	-0.160983	-0.163729	-0.153048	-0.156100	-0.178683	-0.163729	-0.171359	-0.156710
0.238700	-0.179599	-0.158846	-0.168917	-0.168002	-0.161288	-0.162814	-0.186007	-0.166476	-0.179599	-0.161898
0.238800	-0.185702	-0.166476	-0.175936	-0.171969	-0.172274	-0.166171	-0.186923	-0.177768	-0.185702	-0.167086
0.238900	-0.190585	-0.177462	-0.177462	-0.178988	-0.182956	-0.165255	-0.185397	-0.187533	-0.194247	-0.172885
0.239000	-0.195468	-0.185092	-0.178683	-0.180514	-0.189670	-0.164950	-0.190890	-0.188144	-0.197604	-0.183871
0.239100	-0.202182	-0.188449	-0.182345	-0.180209	-0.189364	-0.172274	-0.196384	-0.190585	-0.199435	-0.189670
0.239200	-0.202182	-0.189364	-0.187228	-0.184787	-0.191806	-0.179904	-0.200961	-0.195163	-0.195163	-0.189975
0.239300	-0.204318	-0.193027	-0.187533	-0.189975	-0.196078	-0.188144	-0.202487	-0.201266	-0.197909	-0.192111
0.239400	-0.207065	-0.199130	-0.186313	-0.192721	-0.201572	-0.187839	-0.205234	-0.202182	-0.202487	-0.190585
0.239500	-0.207065	-0.202487	-0.184787	-0.197299	-0.206149	-0.188449	-0.207675	-0.200961	-0.198520	-0.193332
0.239600	-0.203708	-0.207065	-0.184787	-0.200961	-0.207675	-0.187228	-0.210727	-0.208896	-0.196689	-0.204929
0.239700	-0.202792	-0.213779	-0.188449	-0.203708	-0.206760	-0.189670	-0.206455	-0.218357	-0.201572	-0.206455
0.239800	-0.204318	-0.211643	-0.193332	-0.207370	-0.207065	-0.194858	-0.203403	-0.223240	-0.206760	-0.207065
0.239900	-0.205234	-0.207981	-0.192721	-0.206149	-0.207675	-0.193942	-0.206455	-0.219883	-0.200961	-0.211337
0.240000	-0.200656	-0.211337	-0.191501	-0.205234	-0.209201	-0.189670	-0.206760	-0.217441	-0.201572	-0.212863
0.240100	-0.200656	-0.207981	-0.191501	-0.202182	-0.209201	-0.189975	-0.206455	-0.211337	-0.193942	-0.210727
0.240200	-0.200046	-0.203708	-0.188449	-0.197909	-0.209201	-0.189670	-0.204624	-0.208896	-0.186923	-0.205539
0.240300	-0.196689	-0.202182	-0.188144	-0.195773	-0.211643	-0.187228	-0.199435	-0.212253	-0.183566	-0.200351
0.240400	-0.200046	-0.202792	-0.192721	-0.199435	-0.211032	-0.187228	-0.196384	-0.213474	-0.187533	-0.202792
0.240500	-0.199741	-0.201266	-0.196689	-0.204929	-0.213169	-0.184482	-0.199130	-0.211643	-0.184176	-0.206760
0.240600	-0.203098	-0.204318	-0.201877	-0.210117	-0.218662	-0.184176	-0.203098	-0.207675	-0.181125	-0.204929
0.240700	-0.207675	-0.201572	-0.202182	-0.214389	-0.216831	-0.185702	-0.207370	-0.210727	-0.188754	-0.205539
0.240800	-0.211337	-0.197604	-0.200961	-0.218662	-0.213779	-0.190890	-0.207370	-0.213169	-0.200961	-0.202487
0.240900	-0.210117	-0.199741	-0.202182	-0.222934	-0.216220	-0.197299	-0.209506	-0.214389	-0.210117	-0.198825
0.241000	-0.212253	-0.203403	-0.210117	-0.224155	-0.216831	-0.200351	-0.210422	-0.214694	-0.207981	-0.201266
0.241100	-0.213169	-0.208896	-0.218357	-0.217746	-0.217136	-0.195773	-0.208591	-0.216220	-0.208896	-0.198825
0.241200	-0.218967	-0.207981	-0.222934	-0.204624	-0.218357	-0.200046	-0.208896	-0.211948	-0.205844	-0.203098
0.241300	-0.222019	-0.207675	-0.220798	-0.193332	-0.218662	-0.201877	-0.211948	-0.208591	-0.201266	-0.208896
0.241400	-0.222629	-0.207370	-0.223850	-0.195773	-0.219272	-0.207675	-0.211337	-0.209201	-0.199435	-0.210422
0.241500	-0.225376	-0.204929	-0.225681	-0.204318	-0.220798	-0.215915	-0.213779	-0.207675	-0.198520	-0.206455
0.241600	-0.230259	-0.207981	-0.225986	-0.212558	-0.221714	-0.213474	-0.217136	-0.208591	-0.196689	-0.203098
0.241700	-0.231174	-0.215915	-0.228122	-0.214389	-0.224460	-0.209201	-0.217441	-0.211032	-0.200046	-0.202182
0.241800	-0.229648	-0.218967	-0.232395	-0.214694	-0.223240	-0.208591	-0.214389	-0.211948	-0.208896	-0.203708
0.241900	-0.226597	-0.220798	-0.231785	-0.219272	-0.218357	-0.212253	-0.210422	-0.212863	-0.221714	-0.203403
0.242000	-0.225681	-0.222629	-0.231785	-0.222629	-0.217441	-0.218357	-0.212558	-0.215305	-0.231479	-0.200046
0.242100	-0.227512	-0.219272	-0.229038	-0.216831	-0.215000	-0.219883	-0.218662	-0.215305	-0.235447	-0.204318
0.242200	-0.222324	-0.220493	-0.221103	-0.205234	-0.212253	-0.215915	-0.215000	-0.209201	-0.232090	-0.210727
0.242300	-0.218967	-0.222934	-0.216831	-0.194858	-0.213779	-0.211643	-0.207370	-0.201572	-0.214694	-0.207675
0.242400	-0.213474	-0.219577	-0.213779	-0.188754	-0.215305	-0.208591	-0.199741	-0.200656	-0.195163	-0.205844
0.242500	-0.209506	-0.216831	-0.215000	-0.187228	-0.211643	-0.207981	-0.196078	-0.203708	-0.186313	-0.199741
0.242600	-0.206760	-0.215915	-0.215915	-0.187533	-0.207981	-0.205539	-0.192111	-0.207981	-0.189364	-0.200046
0.242700	-0.205539	-0.215000	-0.210727	-0.193942	-0.209506	-0.204929	-0.193637	-0.212558	-0.187533	-0.207675
0.242800	-0.196994	-0.211032	-0.200351	-0.199130	-0.204624	-0.201266	-0.189975	-0.206455	-0.184482	-0.207981
0.242900	-0.190585	-0.209201	-0.193942	-0.204318	-0.200656	-0.199741	-0.187839	-0.197299	-0.183566	-0.200046
0.243000	-0.183261	-0.205844	-0.189059	-0.207675	-0.200656	-0.201266	-0.186313	-0.200046	-0.185702	-0.199130
0.243100	-0.179599	-0.206760	-0.190585	-0.204318	-0.201877	-0.204624	-0.184176	-0.201877	-0.191806	-0.196994
0.243200	-0.182956	-0.211948	-0.188754	-0.193942	-0.199130	-0.202487	-0.179904	-0.193027	-0.192721	-0.197299
0.243300	-0.186313	-0.209201	-0.184176	-0.182650	-0.196689	-0.195163	-0.174105	-0.185702	-0.187228	-0.200351
0.243400	-0.182956	-0.200351	-0.178378	-0.176852	-0.192721	-0.187839	-0.173800	-0.186923	-0.176242	-0.195163
0.243500	-0.177768	-0.195468	-0.172885	-0.180209	-0.190890	-0.188449	-0.173800	-0.185702	-0.173495	-0.191501
0.243600	-0.170138	-0.192111	-0.172274	-0.186007	-0.188449	-0.193942	-0.170748	-0.183566	-0.169833	-0.188144
0.243700	-0.161593	-0.185702	-0.173800	-0.189364	-0.188754	-0.194247	-0.166476	-0.180209	-0.163729	-0.184787
0.243800	-0.161593	-0.184482	-0.168612	-0.189975	-0.188144	-0.189059	-0.165255	-0.174411	-0.157931	-0.186007
0.243900	-0.163119	-0.185397	-0.168612	-0.190585	-0.182345	-0.184787	-0.163119	-0.168612	-0.164950	-0.188144
0.244000	-0.164340	-0.183566	-0.175631	-0.186923	-0.177157	-0.183261	-0.167391	-0.167086	-0.176852	-0.185702
0.244100	-0.163729	-0.176852	-0.178378	-0.185397	-0.176547	-0.186007	-0.167086	-0.168307	-0.185702	-0.182345
0.244200	-0.164645	-0.173495	-0.177768	-0.182345	-0.170443	-0.190280	-0.162814	-0.165560	-0.188144	-0.178683
0.244300	-0.165255	-0.174411	-0.178378	-0.172579	-0.168917	-0.187228	-0.160983	-0.157931	-0.183261	-0.179599
0.244400	-0.164034	-0.176547	-0.172579	-0.168612	-0.173190	-0.179293	-0.162814	-0.154574	-0.178683	-0.187533
0.244500	-0.163119	-0.174105	-0.171664	-0.168917	-0.178988	-0.177157	-0.162203	-0.156405	-0.169833	-0.183261
0.244600	-0.165866	-0.169833	-0.178988	-0.170443	-0.181430	-0.178988	-0.160678	-0.152743	-0.169528	-0.172274
0.244700	-0.166476	-0.161593	-0.189059	-0.169833	-0.176852	-0.181430	-0.159762	-0.157931	-0.175936	-0.162509
0.244800	-0.170748	-0.165560	-0.191806	-0.171969	-0.173190	-0.181430	-0.162203	-0.164034	-0.177462	-0.162203
0.244900	-0.175631	-0.170748	-0.189364	-0.175631	-0.174411	-0.182040	-0.165866	-0.162203	-0.176547	-0.171359
0.245000	-0.175631	-0.172274	-0.183566	-0.174105	-0.175326	-0.182040	-0.168917	-0.162509	-0.181430	-0.177462
0.245100	-0.173495	-0.167697	-0.183566	-0.175326	-0.175326	-0.177768	-0.173800	-0.169528	-0.185702	-0.179599
0.245200	-0.172274	-0.170138	-0.191806	-0.176547	-0.177768	-0.182345	-0.172579	-0.170748	-0.190585	-0.182650
0.245300	-0.172579	-0.175631	-0.200961	-0.176852	-0.175936	-0.186923	-0.172274	-0.171969	-0.195773	-0.185397
0.245400	-0.178683	-0.178988	-0.203708	-0.171054	-0.178073	-0.185702	-0.179599	-0.170443	-0.191501	-0.186007
0.245500	-0.189364	-0.177462	-0.200961	-0.169833	-0.179904	-0.185092	-0.183871	-0.170443	-0.183261	-0.188144
0.245600	-0.196689	-0.177462	-0.197299	-0.177768	-0.178683	-0.189059	-0.186313	-0.173800	-0.182345	-0.190280
0.245700	-0.196078	-0.182650	-0.197604	-0.192721	-0.180209	-0.196689	-0.189059	-0.181735	-0.192111	-0.188144
0.245800	-0.191806	-0.188449	-0.194858	-0.200351	-0.185702	-0.203708	-0.193332	-0.184176	-0.202792	-0.190890
0.245900	-0.196078	-0.189670	-0.193027	-0.204624	-0.193332	-0.207370	-0.194858	-0.190585	-0.206455	-0.197909
0.246000	-0.200351	-0.194552	-0.196384	-0.204929	-0.196689	-0.206149	-0.197909	-0.198825	-0.206760	-0.200961
0.246100	-0.200046	-0.201572	-0.198825	-0.197299	-0.193332	-0.207065	-0.202792	-0.198520	-0.210422	-0.203708
0.246200	-0.199130	-0.206455	-0.202182	-0.189670	-0.191195	-0.211948	-0.207370	-0.193332	-0.213169	-0.208896
0.246300	-0.197299	-0.207370	-0.207370	-0.188144	-0.190585	-0.215915	-0.208591	-0.192721	-0.217136	-0.212253
0.246400	-0.199435	-0.205844	-0.205539	-0.189975	-0.189670	-0.217136	-0.210422	-0.195163	-0.223240	-0.214084
0.246500	-0.207675	-0.206455	-0.202182	-0.197909	-0.193332	-0.216831	-0.215000	-0.200961	-0.222629	-0.221103
0.246600	-0.214694	-0.212863	-0.206149	-0.208896	-0.202487	-0.216220	-0.218967	-0.204929	-0.218357	-0.225986
0.246700	-0.214389	-0.218967	-0.206455	-0.220798	-0.207675	-0.215305	-0.217441	-0.207370	-0.215305	-0.224460
0.246800	-0.210422	-0.218357	-0.204929	-0.226597	-0.213169	-0.216526	-0.212863	-0.211032	-0.217441	-0.217441
0.246900	-0.210117	-0.217136	-0.209506	-0.225376	-0.213474	-0.222934	-0.214694	-0.212253	-0.224765	-0.213474
0.247000	-0.213474	-0.219577	-0.208896	-0.224765	-0.211337	-0.224460	-0.216831	-0.214389	-0.236667	-0.216220
0.247100	-0.216526	-0.217746	-0.203403	-0.224460	-0.209506	-0.219272	-0.217136	-0.215305	-0.233616	-0.223240
0.247200	-0.216220	-0.215000	-0.203098	-0.217136	-0.211643	-0.217441	-0.222629	-0.212863	-0.227207	-0.225681
0.247300	-0.213779	-0.213779	-0.204318	-0.212863	-0.213779	-0.217441	-0.225986	-0.215000	-0.220798	-0.225071
0.247400	-0.211337	-0.213779	-0.212558	-0.216220	-0.214694	-0.214389	-0.219577	-0.223850	-0.220798	-0.222019
0.247500	-0.213779	-0.213474	-0.217746	-0.215305	-0.218967	-0.215915	-0.215305	-0.224460	-0.218967	-0.223850
0.247600	-0.222934	-0.215915	-0.216526	-0.217136	-0.223240	-0.217441	-0.222629	-0.218967	-0.212558	-0.225986
0.247700	-0.228122	-0.218051	-0.213474	-0.222934	-0.224155	-0.213474	-0.224460	-0.217441	-0.205539	-0.225376
0.247800	-0.226291	-0.213779	-0.214694	-0.233005	-0.223240	-0.211032	-0.223545	-0.224155	-0.207370	-0.219272
0.247900	-0.224460	-0.211643	-0.213169	-0.240330	-0.222629	-0.212863	-0.222629	-0.230259	-0.215000	-0.217746
0.248000	-0.222629	-0.208591	-0.214694	-0.241550	-0.222934	-0.214084	-0.220798	-0.229954	-0.221714	-0.216831
0.248100	-0.224765	-0.203098	-0.212558	-0.236362	-0.223240	-0.213169	-0.222019	-0.225681	-0.225681	-0.219272
0.248200	-0.230869	-0.206455	-0.208896	-0.230564	-0.217441	-0.209506	-0.223850	-0.224155	-0.227512	-0.222324
0.248300	-0.230564	-0.212253	-0.209506	-0.223240	-0.207675	-0.208286	-0.222934	-0.223240	-0.227817	-0.215000
0.248400	-0.225071	-0.213474	-0.217136	-0.218662	-0.206149	-0.207981	-0.222629	-0.220798	-0.229343	-0.211032
0.248500	-0.223545	-0.210727	-0.222019	-0.215915	-0.207370	-0.204318	-0.222934	-0.220798	-0.227512	-0.215915
0.248600	-0.229648	-0.209506	-0.222934	-0.217441	-0.209506	-0.207370	-0.225681	-0.227817	-0.220798	-0.213169
0.248700	-0.233310	-0.210422	-0.217441	-0.221103	-0.211032	-0.216220	-0.236057	-0.227512	-0.212253	-0.211337
0.248800	-0.233310	-0.212558	-0.209506	-0.223240	-0.208591	-0.213779	-0.236362	-0.223850	-0.211948	-0.209201
0.248900	-0.233310	-0.213779	-0.212863	-0.222629	-0.203403	-0.210727	-0.227817	-0.228122	-0.211948	-0.207981
0.249000	-0.229648	-0.216831	-0.220493	-0.220188	-0.203098	-0.208896	-0.224460	-0.227512	-0.216220	-0.202182
0.249100	-0.225681	-0.218357	-0.221103	-0.215305	-0.206455	-0.206149	-0.223240	-0.225376	-0.220798	-0.200351
0.249200	-0.224765	-0.218357	-0.214694	-0.211337	-0.204624	-0.202182	-0.219883	-0.219272	-0.223850	-0.199435
0.249300	-0.223545	-0.218662	-0.206455	-0.210117	-0.196384	-0.202792	-0.220188	-0.213779	-0.219883	-0.202487
0.249400	-0.220188	-0.215915	-0.201266	-0.205539	-0.193332	-0.202487	-0.222019	-0.210117	-0.213779	-0.202182
0.249500	-0.216831	-0.214389	-0.207065	-0.199435	-0.196689	-0.205234	-0.221714	-0.213169	-0.212253	-0.199741
0.249600	-0.217746	-0.216831	-0.211337	-0.197299	-0.203098	-0.204624	-0.218967	-0.219272	-0.211337	-0.196994
0.249700	-0.218662	-0.220493	-0.210422	-0.199130	-0.207370	-0.203403	-0.217136	-0.222019	-0.202487	-0.193027
0.249800	-0.217136	-0.223850	-0.201877	-0.201572	-0.206760	-0.199435	-0.220493	-0.218357	-0.193637	-0.193027
0.249900	-0.212863	-0.222934	-0.194247	-0.200656	-0.200961	-0.193637	-0.214694	-0.211948	-0.189059	-0.194247
0.250000	-0.206455	-0.214389	-0.194247	-0.200656	-0.196994	-0.195468	-0.203708	-0.212253	-0.185092	-0.188754
0.250100	-0.198520	-0.208896	-0.191501	-0.199130	-0.202792	-0.198825	-0.198825	-0.211032	-0.185397	-0.185397
0.250200	-0.191806	-0.204318	-0.184482	-0.194552	-0.205844	-0.192111	-0.195163	-0.206149	-0.186923	-0.188754
0.250300	-0.191501	-0.202487	-0.182956	-0.191806	-0.203403	-0.182956	-0.191195	-0.199435	-0.180514	-0.193027
0.250400	-0.194552	-0.206455	-0.181735	-0.189670	-0.200961	-0.178988	-0.191195	-0.194247	-0.171969	-0.188449
0.250500	-0.191195	-0.204929	-0.177157	-0.185702	-0.194858	-0.178073	-0.185397	-0.191501	-0.166171	-0.177768
0.250600	-0.183566	-0.195163	-0.177157	-0.182956	-0.189670	-0.178073	-0.173800	-0.189670	-0.165560	-0.172579
0.250700	-0.177157	-0.188144	-0.175326	-0.186923	-0.192111	-0.178378	-0.172579	-0.189670	-0.165560	-0.173495
0.250800	-0.173800	-0.182345	-0.163119	-0.188449	-0.196994	-0.178378	-0.176547	-0.189670	-0.160983	-0.170748
0.250900	-0.176852	-0.177157	-0.155795	-0.190280	-0.195773	-0.176547	-0.174716	-0.186313	-0.157015	-0.171969
0.251000	-0.178073	-0.175936	-0.154879	-0.185702	-0.189364	-0.169833	-0.165255	-0.178683	-0.160067	-0.168307
0.251100	-0.173495	-0.177157	-0.163729	-0.178988	-0.181430	-0.161288	-0.159457	-0.177768	-0.155489	-0.160372
0.251200	-0.162509	-0.176852	-0.171359	-0.170443	-0.176242	-0.155795	-0.154269	-0.173800	-0.153964	-0.159762
0.251300	-0.160983	-0.168612	-0.168612	-0.167697	-0.174411	-0.153048	-0.149691	-0.166781	-0.157015	-0.162814
0.251400	-0.164645	-0.160983	-0.160372	-0.168002	-0.174716	-0.154879	-0.149691	-0.159457	-0.158236	-0.162509
0.251500	-0.164034	-0.163729	-0.158541	-0.171969	-0.171664	-0.157321	-0.152438	-0.155489	-0.158541	-0.160372
0.251600	-0.159152	-0.165255	-0.162814	-0.171969	-0.166476	-0.157015	-0.154269	-0.161898	-0.154879	-0.158846
0.251700	-0.157015	-0.162509	-0.167086	-0.168917	-0.167391	-0.155184	-0.152743	-0.168002	-0.154574	-0.155795
0.251800	-0.160372	-0.162509	-0.169528	-0.163729	-0.169833	-0.152743	-0.149081	-0.163729	-0.153048	-0.153658
0.251900	-0.168917	-0.164645	-0.169833	-0.163119	-0.172579	-0.152438	-0.149386	-0.164950	-0.152438	-0.152438
0.252000	-0.178073	-0.162814	-0.169528	-0.166781	-0.168002	-0.155184	-0.155795	-0.164950	-0.155795	-0.159762
0.252100	-0.178378	-0.165866	-0.171054	-0.170748	-0.164034	-0.158846	-0.158236	-0.164034	-0.162814	-0.161898
0.252200	-0.167086	-0.167391	-0.176547	-0.168917	-0.163119	-0.162814	-0.159152	-0.163729	-0.164950	-0.161288
0.252300	-0.158541	-0.165560	-0.175936	-0.157931	-0.168917	-0.162509	-0.159762	-0.164340	-0.169833	-0.165560
0.252400	-0.161593	-0.167086	-0.173495	-0.153964	-0.171054	-0.160372	-0.160067	-0.165560	-0.174411	-0.168917
0.252500	-0.170748	-0.172274	-0.178683	-0.153048	-0.174105	-0.162509	-0.162509	-0.164950	-0.171664	-0.170138
0.252600	-0.178378	-0.177768	-0.189670	-0.153964	-0.170748	-0.168917	-0.170138	-0.162509	-0.162509	-0.174105
0.252700	-0.181430	-0.178683	-0.196384	-0.158846	-0.167697	-0.171054	-0.176242	-0.168612	-0.159457	-0.168917
0.252800	-0.177768	-0.173190	-0.195163	-0.162814	-0.171969	-0.177462	-0.177768	-0.173800	-0.164340	-0.165560
0.252900	-0.171359	-0.172885	-0.194552	-0.167086	-0.179904	-0.179904	-0.180514	-0.176852	-0.168002	-0.172885
0.253000	-0.173800	-0.178683	-0.191195	-0.171359	-0.184787	-0.183261	-0.186007	-0.181430	-0.172274	-0.182040
0.253100	-0.182345	-0.181125	-0.181430	-0.173800	-0.187228	-0.184482	-0.184482	-0.176547	-0.179599	-0.185702
0.253200	-0.182650	-0.187839	-0.186313	-0.174105	-0.187839	-0.186313	-0.181430	-0.172885	-0.183566	-0.183566
0.253300	-0.181735	-0.192111	-0.201572	-0.171359	-0.188144	-0.187839	-0.188754	-0.180209	-0.181430	-0.183871
0.253400	-0.178988	-0.189059	-0.203403	-0.168307	-0.188144	-0.191806	-0.194858	-0.184176	-0.183871	-0.191501
0.253500	-0.177768	-0.186007	-0.200656	-0.170748	-0.194552	-0.196078	-0.196384	-0.182040	-0.187839	-0.201877
0.253600	-0.181735	-0.188144	-0.197604	-0.177768	-0.201266	-0.204318	-0.197909	-0.182040	-0.189975	-0.201266
0.253700	-0.188144	-0.194552	-0.196994	-0.183566	-0.204929	-0.213474	-0.201266	-0.185092	-0.193332	-0.199741
0.253800	-0.188449	-0.201266	-0.203098	-0.190890	-0.208286	-0.214084	-0.198520	-0.187228	-0.196689	-0.200351
0.253900	-0.188754	-0.200961	-0.204929	-0.194858	-0.213779	-0.210727	-0.196689	-0.192111	-0.202792	-0.203403
0.254000	-0.193942	-0.202182	-0.211032	-0.201877	-0.215305	-0.216220	-0.202792	-0.196689	-0.201266	-0.206455
0.254100	-0.203403	-0.209506	-0.217441	-0.209506	-0.219272	-0.216831	-0.206149	-0.201572	-0.202487	-0.211032
0.254200	-0.207981	-0.210422	-0.217746	-0.215000	-0.222934	-0.217746	-0.202487	-0.205844	-0.213169	-0.217136
0.254300	-0.205539	-0.206455	-0.217746	-0.219577	-0.222934	-0.225986	-0.203098	-0.206149	-0.221714	-0.222629
0.254400	-0.201877	-0.204624	-0.219272	-0.217136	-0.224765	-0.230869	-0.202487	-0.204624	-0.225986	-0.223850
0.254500	-0.204318	-0.201877	-0.218051	-0.210422	-0.228122	-0.234226	-0.204624	-0.206760	-0.237278	-0.225376
0.254600	-0.211643	-0.208286	-0.220798	-0.213169	-0.229954	-0.234836	-0.208591	-0.215305	-0.240635	-0.229954
0.254700	-0.220493	-0.218967	-0.226597	-0.218967	-0.232395	-0.233310	-0.214389	-0.220798	-0.234836	-0.230564
0.254800	-0.229648	-0.220798	-0.233005	-0.221103	-0.233616	-0.231174	-0.218051	-0.222019	-0.229038	-0.235447
0.254900	-0.228733	-0.217136	-0.236362	-0.228428	-0.230869	-0.231174	-0.218967	-0.220493	-0.224765	-0.235752
0.255000	-0.222324	-0.212253	-0.232395	-0.231785	-0.232395	-0.235447	-0.214694	-0.222324	-0.230869	-0.229648
0.255100	-0.222324	-0.213474	-0.230259	-0.226597	-0.234836	-0.240330	-0.215915	-0.225681	-0.237278	-0.229954
0.255200	-0.227512	-0.218357	-0.231174	-0.225071	-0.235142	-0.234531	-0.220493	-0.227817	-0.242466	-0.241856
0.255300	-0.228428	-0.222629	-0.229954	-0.230869	-0.229038	-0.227817	-0.220798	-0.229954	-0.248569	-0.248264
0.255400	-0.230564	-0.224155	-0.236362	-0.233921	-0.224460	-0.228122	-0.225376	-0.231785	-0.245823	-0.243992
0.255500	-0.232395	-0.225071	-0.243687	-0.233921	-0.225376	-0.232090	-0.229648	-0.230869	-0.245518	-0.240635
0.255600	-0.230564	-0.220188	-0.240940	-0.229648	-0.229648	-0.233616	-0.229038	-0.230564	-0.249180	-0.243076
0.255700	-0.230564	-0.220798	-0.233921	-0.228733	-0.230259	-0.236667	-0.233310	-0.230564	-0.252232	-0.244602
0.255800	-0.236973	-0.225071	-0.236057	-0.229038	-0.229954	-0.235752	-0.243381	-0.230564	-0.251316	-0.247959
0.255900	-0.242161	-0.229954	-0.242771	-0.231785	-0.227817	-0.234531	-0.249485	-0.235447	-0.251316	-0.249180
0.256000	-0.245823	-0.231785	-0.241550	-0.236667	-0.222019	-0.236667	-0.251011	-0.239719	-0.248569	-0.247044
0.256100	-0.242771	-0.232395	-0.239414	-0.240330	-0.219577	-0.235447	-0.245518	-0.239109	-0.245212	-0.248569
0.256200	-0.241550	-0.235142	-0.239414	-0.239414	-0.224460	-0.239414	-0.243076	-0.239719	-0.244602	-0.246738
0.256300	-0.240635	-0.237888	-0.239719	-0.241550	-0.224765	-0.242771	-0.242771	-0.235752	-0.246433	-0.248264
0.256400	-0.239719	-0.235752	-0.240024	-0.238193	-0.227207	-0.246433	-0.246738	-0.234226	-0.251316	-0.249180
0.256500	-0.243381	-0.231479	-0.241245	-0.235142	-0.230259	-0.249180	-0.253147	-0.233005	-0.254673	-0.248569
0.256600	-0.243687	-0.231479	-0.237583	-0.234531	-0.229954	-0.253758	-0.259861	-0.233616	-0.254673	-0.251011
0.256700	-0.241245	-0.237278	-0.235752	-0.236362	-0.228122	-0.255589	-0.253452	-0.238193	-0.253452	-0.250706
0.256800	-0.240024	-0.243992	-0.233005	-0.235447	-0.223850	-0.254063	-0.246433	-0.240940	-0.257725	-0.241856
0.256900	-0.243381	-0.247959	-0.228733	-0.235142	-0.224460	-0.247654	-0.244907	-0.239719	-0.257420	-0.242161
0.257000	-0.246128	-0.240940	-0.230564	-0.241245	-0.233005	-0.245823	-0.244907	-0.237888	-0.251926	-0.243381
0.257100	-0.245212	-0.228733	-0.232090	-0.243687	-0.233005	-0.248264	-0.246128	-0.241856	-0.250401	-0.239719
0.257200	-0.239414	-0.225681	-0.226597	-0.242161	-0.230869	-0.247654	-0.241856	-0.240940	-0.248875	-0.234226
0.257300	-0.229648	-0.225986	-0.221103	-0.236973	-0.229648	-0.247044	-0.231479	-0.237583	-0.244602	-0.236057
0.257400	-0.223545	-0.225681	-0.213474	-0.233005	-0.224460	-0.241245	-0.222934	-0.233310	-0.240330	-0.239414
0.257500	-0.223545	-0.225376	-0.211948	-0.233921	-0.223545	-0.231479	-0.220493	-0.232090	-0.233310	-0.233005
0.257600	-0.227817	-0.221714	-0.215000	-0.234531	-0.223545	-0.227817	-0.222934	-0.229038	-0.224155	-0.222934
0.257700	-0.225681	-0.215305	-0.213169	-0.230869	-0.221103	-0.229343	-0.225071	-0.225376	-0.218357	-0.220493
0.257800	-0.220798	-0.218051	-0.204318	-0.227817	-0.220493	-0.230564	-0.217136	-0.223545	-0.216831	-0.222629
0.257900	-0.219272	-0.217746	-0.200656	-0.225986	-0.222019	-0.222934	-0.213474	-0.225681	-0.217136	-0.227207
0.258000	-0.222324	-0.214389	-0.200961	-0.225986	-0.223240	-0.213779	-0.214694	-0.223545	-0.219272	-0.225986
0.258100	-0.222629	-0.214389	-0.201266	-0.234531	-0.223240	-0.208286	-0.214389	-0.222629	-0.223240	-0.218357
0.258200	-0.216526	-0.213474	-0.193637	-0.234531	-0.214389	-0.207065	-0.205234	-0.222629	-0.225071	-0.207065
0.258300	-0.211337	-0.207981	-0.188754	-0.228122	-0.204318	-0.204929	-0.196994	-0.220493	-0.225071	-0.206149
0.258400	-0.211643	-0.205234	-0.189059	-0.227817	-0.200656	-0.201266	-0.197909	-0.216526	-0.224155	-0.203708
0.258500	-0.211948	-0.202182	-0.190890	-0.224155	-0.201572	-0.198520	-0.200961	-0.211643	-0.216220	-0.203403
0.258600	-0.211643	-0.198520	-0.188754	-0.215305	-0.201266	-0.191806	-0.203403	-0.208896	-0.206149	-0.201572
0.258700	-0.207981	-0.196078	-0.182040	-0.210727	-0.198520	-0.186007	-0.205539	-0.207370	-0.200656	-0.200046
0.258800	-0.204318	-0.199435	-0.178378	-0.206760	-0.196078	-0.186313	-0.200656	-0.207370	-0.195468	-0.201877
0.258900	-0.201572	-0.207981	-0.179904	-0.203403	-0.190280	-0.181125	-0.194247	-0.209506	-0.186923	-0.195773
0.259000	-0.202792	-0.211337	-0.186923	-0.206149	-0.186313	-0.172885	-0.199130	-0.208591	-0.185702	-0.188449
0.259100	-0.208896	-0.205234	-0.186923	-0.210422	-0.183566	-0.173800	-0.204318	-0.201877	-0.194858	-0.188449
0.259200	-0.211948	-0.200656	-0.182040	-0.214389	-0.182956	-0.178073	-0.202792	-0.200046	-0.204318	-0.191501
0.259300	-0.210117	-0.193027	-0.180209	-0.210727	-0.179904	-0.181735	-0.197604	-0.200656	-0.204929	-0.188754
0.259400	-0.204624	-0.189059	-0.183566	-0.196384	-0.178988	-0.185092	-0.192721	-0.200656	-0.207675	-0.185702
0.259500	-0.196384	-0.196078	-0.181735	-0.191501	-0.179904	-0.179293	-0.190890	-0.198520	-0.207675	-0.183566
0.259600	-0.190585	-0.200656	-0.182956	-0.191195	-0.181735	-0.171054	-0.193637	-0.199130	-0.200656	-0.182956
0.259700	-0.195163	-0.199130	-0.190280	-0.191195	-0.181430	-0.171054	-0.197604	-0.203098	-0.189670	-0.182345
0.259800	-0.202487	-0.200351	-0.192111	-0.193942	-0.179904	-0.175326	-0.204929	-0.197909	-0.178988	-0.182040
0.259900	-0.201266	-0.200961	-0.191501	-0.193027	-0.182040	-0.181125	-0.202792	-0.188754	-0.168307	-0.183871
0.260000	-0.197299	-0.202182	-0.190280	-0.190585	-0.183261	-0.181430	-0.197604	-0.190280	-0.165255	-0.185092
0.260100	-0.197299	-0.205844	-0.190280	-0.190585	-0.185092	-0.179904	-0.198520	-0.198520	-0.174105	-0.189364
0.260200	-0.200961	-0.204929	-0.194858	-0.196384	-0.192111	-0.182650	-0.202182	-0.200656	-0.185702	-0.191806
0.260300	-0.205539	-0.205539	-0.196384	-0.203403	-0.193332	-0.189670	-0.202792	-0.202487	-0.192111	-0.184787
0.260400	-0.204624	-0.206455	-0.198825	-0.201572	-0.191195	-0.195773	-0.199435	-0.199435	-0.191195	-0.176242
0.260500	-0.199741	-0.208286	-0.196384	-0.198825	-0.191501	-0.196078	-0.199741	-0.193637	-0.193332	-0.180209
0.260600	-0.195773	-0.207065	-0.198825	-0.200656	-0.196689	-0.189059	-0.199741	-0.192721	-0.188449	-0.190585
0.260700	-0.198825	-0.206455	-0.202792	-0.203708	-0.201572	-0.188449	-0.201266	-0.193942	-0.180209	-0.190890
0.260800	-0.209506	-0.207065	-0.201877	-0.202792	-0.206760	-0.195163	-0.207370	-0.198825	-0.176547	-0.191195
0.260900	-0.211337	-0.215000	-0.196994	-0.201877	-0.210727	-0.204318	-0.211643	-0.199130	-0.175936	-0.193027
0.261000	-0.206760	-0.217136	-0.198520	-0.204624	-0.208286	-0.202487	-0.202792	-0.196689	-0.172885	-0.189059
0.261100	-0.207370	-0.215000	-0.202487	-0.205234	-0.206455	-0.201572	-0.194552	-0.199435	-0.176852	-0.187839
0.261200	-0.206455	-0.215305	-0.210422	-0.208591	-0.209506	-0.202487	-0.198520	-0.199741	-0.184176	-0.198520
0.261300	-0.204624	-0.214389	-0.215305	-0.214084	-0.211948	-0.200656	-0.204929	-0.194858	-0.191806	-0.201877
0.261400	-0.212253	-0.208591	-0.212253	-0.217136	-0.211337	-0.204318	-0.204929	-0.194552	-0.196384	-0.202487
0.261500	-0.214389	-0.207065	-0.207370	-0.212253	-0.208286	-0.211337	-0.201266	-0.196078	-0.200046	-0.203098
0.261600	-0.209506	-0.210422	-0.208896	-0.207981	-0.213474	-0.207065	-0.199435	-0.202182	-0.205539	-0.201877
0.261700	-0.211643	-0.218967	-0.214084	-0.205844	-0.219883	-0.198520	-0.200656	-0.206149	-0.209506	-0.203403
0.261800	-0.216526	-0.228428	-0.221103	-0.208286	-0.223545	-0.192721	-0.204624	-0.203098	-0.203708	-0.205844
0.261900	-0.217136	-0.225681	-0.223240	-0.212253	-0.225681	-0.192721	-0.211948	-0.201877	-0.199435	-0.208286
0.262000	-0.219883	-0.218662	-0.224765	-0.217441	-0.223240	-0.196384	-0.211948	-0.203708	-0.199741	-0.211643
0.262100	-0.223850	-0.221103	-0.228122	-0.219272	-0.214084	-0.205539	-0.208896	-0.207370	-0.199435	-0.211032
0.262200	-0.224460	-0.228122	-0.227817	-0.215915	-0.218051	-0.217746	-0.205539	-0.213779	-0.204929	-0.213169
0.262300	-0.220493	-0.232090	-0.232395	-0.208896	-0.223240	-0.223545	-0.207675	-0.216526	-0.208286	-0.218357
0.262400	-0.218967	-0.226291	-0.234531	-0.204318	-0.218051	-0.212558	-0.211337	-0.217746	-0.209201	-0.222629
0.262500	-0.224155	-0.218357	-0.228122	-0.206455	-0.214694	-0.209506	-0.215915	-0.219272	-0.211032	-0.218967
0.262600	-0.225681	-0.222324	-0.226291	-0.210727	-0.213474	-0.214084	-0.217746	-0.223850	-0.214389	-0.220188
0.262700	-0.222019	-0.232395	-0.235447	-0.211948	-0.212863	-0.216220	-0.219883	-0.222934	-0.207370	-0.227512
0.262800	-0.222019	-0.233616	-0.236057	-0.206760	-0.215915	-0.216831	-0.220188	-0.220493	-0.202792	-0.227817
0.262900	-0.222934	-0.229038	-0.236362	-0.201877	-0.217746	-0.214694	-0.223545	-0.219883	-0.200351	-0.222019
0.263000	-0.226291	-0.225071	-0.236057	-0.203403	-0.216526	-0.220188	-0.222934	-0.220798	-0.202792	-0.218357
0.263100	-0.228428	-0.224155	-0.231174	-0.207675	-0.215915	-0.222629	-0.220798	-0.223850	-0.207065	-0.218662
0.263200	-0.225376	-0.230259	-0.233921	-0.206760	-0.214084	-0.227207	-0.222629	-0.222019	-0.211032	-0.220798
0.263300	-0.217136	-0.228428	-0.236362	-0.205844	-0.211032	-0.233310	-0.223545	-0.217746	-0.213474	-0.224155
0.263400	-0.217441	-0.221103	-0.233616	-0.208591	-0.211643	-0.233310	-0.225986	-0.216220	-0.211032	-0.222934
0.263500	-0.218051	-0.218967	-0.227512	-0.205539	-0.213474	-0.234531	-0.227817	-0.217441	-0.208896	-0.223545
0.263600	-0.218662	-0.220493	-0.232090	-0.208286	-0.217746	-0.242161	-0.226291	-0.216220	-0.208286	-0.224460
0.263700	-0.213779	-0.222324	-0.236667	-0.208286	-0.220493	-0.246738	-0.224765	-0.215915	-0.204929	-0.225681
0.263800	-0.211948	-0.220493	-0.239719	-0.202792	-0.221714	-0.241550	-0.224155	-0.215000	-0.209201	-0.227512
0.263900	-0.217441	-0.219272	-0.240940	-0.199741	-0.224765	-0.235447	-0.218662	-0.212558	-0.212863	-0.217746
0.264000	-0.223850	-0.219272	-0.237583	-0.210422	-0.227207	-0.236362	-0.218967	-0.211643	-0.217136	-0.218051
0.264100	-0.219272	-0.227207	-0.235142	-0.219272	-0.231174	-0.240330	-0.221103	-0.210117	-0.222629	-0.230259
0.264200	-0.219883	-0.225376	-0.237278	-0.222934	-0.235752	-0.248569	-0.222019	-0.213779	-0.227512	-0.230869
0.264300	-0.221714	-0.221103	-0.241550	-0.223545	-0.236057	-0.254368	-0.214389	-0.215000	-0.236362	-0.223545
0.264400	-0.219272	-0.222629	-0.247959	-0.222324	-0.235752	-0.254368	-0.207675	-0.212253	-0.241856	-0.226597
0.264500	-0.222019	-0.219272	-0.246128	-0.216526	-0.239414	-0.249790	-0.210117	-0.215305	-0.242466	-0.233921
0.264600	-0.224460	-0.216831	-0.240635	-0.214694	-0.237583	-0.244602	-0.217136	-0.221103	-0.239414	-0.235752
0.264700	-0.225376	-0.224460	-0.236362	-0.223240	-0.232090	-0.242161	-0.216526	-0.217136	-0.236057	-0.229343
0.264800	-0.225681	-0.222324	-0.233005	-0.224460	-0.233616	-0.240330	-0.211948	-0.211032	-0.233616	-0.223850
0.264900	-0.220798	-0.214084	-0.235447	-0.217746	-0.235447	-0.235447	-0.206455	-0.210422	-0.231174	-0.225986
0.265000	-0.215000	-0.214084	-0.236362	-0.211337	-0.231785	-0.231174	-0.203708	-0.212863	-0.227817	-0.233921
0.265100	-0.212863	-0.213779	-0.231479	-0.206455	-0.232395	-0.230259	-0.205539	-0.216220	-0.225986	-0.234836
0.265200	-0.214084	-0.212253	-0.225681	-0.216831	-0.229648	-0.228122	-0.207675	-0.218357	-0.225986	-0.228428
0.265300	-0.219883	-0.214084	-0.218051	-0.222629	-0.224460	-0.224765	-0.206760	-0.219577	-0.229343	-0.221714
0.265400	-0.219272	-0.216526	-0.207370	-0.222629	-0.220798	-0.222019	-0.198825	-0.218051	-0.232090	-0.228428
0.265500	-0.207675	-0.211643	-0.211032	-0.211032	-0.218662	-0.215305	-0.198825	-0.214694	-0.232395	-0.238804
0.265600	-0.205539	-0.206455	-0.214694	-0.202182	-0.212253	-0.209506	-0.202792	-0.217746	-0.233616	-0.237583
0.265700	-0.212253	-0.202182	-0.209506	-0.201572	-0.206760	-0.211032	-0.203708	-0.220493	-0.227207	-0.224460
0.265800	-0.211643	-0.206455	-0.204929	-0.208286	-0.207065	-0.211948	-0.204318	-0.225071	-0.220493	-0.221714
0.265900	-0.204318	-0.206760	-0.201572	-0.207675	-0.207981	-0.203403	-0.207675	-0.217746	-0.215000	-0.228428
0.266000	-0.197909	-0.205234	-0.194552	-0.201572	-0.206455	-0.204624	-0.199741	-0.207065	-0.211948	-0.222934
0.266100	-0.196384	-0.201572	-0.195163	-0.195163	-0.200351	-0.206455	-0.192111	-0.205539	-0.213779	-0.211337
0.266200	-0.199130	-0.195468	-0.195163	-0.195163	-0.195468	-0.204929	-0.196384	-0.208896	-0.215915	-0.204318
0.266300	-0.201572	-0.188449	-0.189975	-0.204624	-0.189670	-0.203403	-0.204318	-0.209201	-0.212253	-0.210117
0.266400	-0.199741	-0.197909	-0.186313	-0.203098	-0.189364	-0.201572	-0.203098	-0.209506	-0.213169	-0.215000
0.266500	-0.193332	-0.202487	-0.189975	-0.199435	-0.194858	-0.206149	-0.200351	-0.204929	-0.213474	-0.216220
0.266600	-0.189364	-0.194858	-0.198825	-0.194552	-0.197604	-0.209201	-0.197909	-0.200961	-0.212253	-0.209506
0.266700	-0.193942	-0.188754	-0.196689	-0.195163	-0.191501	-0.206149	-0.196689	-0.203098	-0.215000	-0.204624
0.266800	-0.195773	-0.190280	-0.192111	-0.193332	-0.184482	-0.195773	-0.196078	-0.203403	-0.216831	-0.204318
0.266900	-0.191195	-0.193027	-0.190585	-0.196994	-0.185397	-0.197299	-0.201266	-0.200656	-0.211643	-0.201266
0.267000	-0.191806	-0.191806	-0.190585	-0.200961	-0.193637	-0.201266	-0.200656	-0.197299	-0.207675	-0.196994
0.267100	-0.191501	-0.187533	-0.190890	-0.203403	-0.193027	-0.208286	-0.193332	-0.196689	-0.202792	-0.194858
0.267200	-0.189059	-0.187228	-0.197604	-0.200046	-0.186007	-0.214084	-0.191806	-0.197909	-0.203708	-0.194858
0.267300	-0.193332	-0.189059	-0.196689	-0.201572	-0.185092	-0.211337	-0.194858	-0.195163	-0.206149	-0.194858
0.267400	-0.202182	-0.188449	-0.190280	-0.211032	-0.186007	-0.204318	-0.193027	-0.192111	-0.205844	-0.191195
0.267500	-0.200351	-0.189364	-0.184482	-0.208896	-0.189975	-0.202182	-0.193332	-0.194552	-0.203403	-0.185092
0.267600	-0.195163	-0.189975	-0.187228	-0.205539	-0.190890	-0.200656	-0.200046	-0.199435	-0.206760	-0.188754
0.267700	-0.194247	-0.185397	-0.189670	-0.202487	-0.191501	-0.199130	-0.201572	-0.200961	-0.210422	-0.196384
0.267800	-0.200351	-0.186923	-0.193332	-0.202487	-0.191501	-0.196078	-0.199741	-0.195163	-0.212863	-0.195773
0.267900	-0.206455	-0.190890	-0.196689	-0.210422	-0.189059	-0.190890	-0.199741	-0.188754	-0.210117	-0.188754
0.268000	-0.212558	-0.193332	-0.197299	-0.217136	-0.195163	-0.192721	-0.203708	-0.196078	-0.204318	-0.184787
0.268100	-0.215000	-0.194552	-0.192721	-0.218357	-0.199130	-0.191501	-0.207065	-0.206760	-0.205539	-0.190585
0.268200	-0.206760	-0.195163	-0.187228	-0.214694	-0.195163	-0.191195	-0.205539	-0.205234	-0.212253	-0.194552
0.268300	-0.201266	-0.191195	-0.182956	-0.210117	-0.197604	-0.194247	-0.206455	-0.202792	-0.215305	-0.194552
0.268400	-0.210727	-0.192721	-0.181125	-0.211337	-0.200046	-0.194247	-0.209201	-0.200351	-0.213474	-0.194552
0.268500	-0.218357	-0.199741	-0.184787	-0.220188	-0.193637	-0.193942	-0.209201	-0.200961	-0.211948	-0.197909
0.268600	-0.218662	-0.206149	-0.189670	-0.218967	-0.194552	-0.193332	-0.208591	-0.208896	-0.213779	-0.201266
0.268700	-0.215915	-0.208591	-0.193637	-0.212863	-0.198825	-0.190890	-0.211032	-0.219883	-0.215000	-0.203403
0.268800	-0.213779	-0.207981	-0.187228	-0.211032	-0.196384	-0.186923	-0.211032	-0.218051	-0.211032	-0.200656
0.268900	-0.211948	-0.207981	-0.182956	-0.208591	-0.190280	-0.183261	-0.212253	-0.213474	-0.206149	-0.195773
0.269000	-0.209506	-0.210117	-0.182650	-0.201877	-0.188754	-0.177462	-0.209506	-0.210727	-0.203403	-0.198520
0.269100	-0.210727	-0.210727	-0.185702	-0.208286	-0.192721	-0.176852	-0.210727	-0.206760	-0.206455	-0.206455
0.269200	-0.211032	-0.208591	-0.187228	-0.216831	-0.198825	-0.182956	-0.214084	-0.207675	-0.205234	-0.209506
0.269300	-0.206149	-0.209201	-0.188449	-0.210727	-0.194858	-0.185702	-0.215305	-0.207065	-0.202182	-0.205234
0.269400	-0.202487	-0.207065	-0.183261	-0.202792	-0.185092	-0.187533	-0.211948	-0.203708	-0.200046	-0.200656
0.269500	-0.205234	-0.208286	-0.176547	-0.200046	-0.178988	-0.185702	-0.204318	-0.204624	-0.193637	-0.197299
0.269600	-0.205234	-0.209201	-0.175936	-0.201572	-0.182345	-0.181735	-0.200656	-0.208286	-0.185397	-0.193637
0.269700	-0.201572	-0.205539	-0.178378	-0.202182	-0.188449	-0.177462	-0.203098	-0.210117	-0.186313	-0.194552
0.269800	-0.201266	-0.202792	-0.181735	-0.202792	-0.191806	-0.177768	-0.209201	-0.206149	-0.186313	-0.196078
0.269900	-0.195773	-0.204318	-0.184482	-0.197299	-0.188144	-0.184482	-0.207981	-0.197299	-0.185702	-0.191806
0.270000	-0.192721	-0.202182	-0.186007	-0.192111	-0.184787	-0.190890	-0.207065	-0.199130	-0.183566	-0.184176
0.270100	-0.193332	-0.203403	-0.183566	-0.188144	-0.183566	-0.186007	-0.208286	-0.202792	-0.175631	-0.181125
0.270200	-0.195468	-0.203708	-0.186007	-0.191501	-0.185397	-0.178988	-0.207065	-0.203708	-0.166781	-0.181430
0.270300	-0.194858	-0.198825	-0.191195	-0.202792	-0.188449	-0.179599	-0.202182	-0.203098	-0.167697	-0.181735
0.270400	-0.194247	-0.195773	-0.189059	-0.203403	-0.193027	-0.186007	-0.198520	-0.195468	-0.175631	-0.178988
0.270500	-0.193027	-0.191195	-0.184482	-0.201572	-0.197299	-0.194247	-0.203403	-0.184482	-0.182650	-0.176242
0.270600	-0.193027	-0.187839	-0.182650	-0.197299	-0.202182	-0.192111	-0.204318	-0.185397	-0.182956	-0.173190
0.270700	-0.195163	-0.194858	-0.186923	-0.196384	-0.197299	-0.186923	-0.198520	-0.191501	-0.176242	-0.175326
0.270800	-0.200046	-0.197604	-0.194247	-0.195163	-0.194552	-0.187228	-0.198520	-0.198520	-0.171969	-0.177157
0.270900	-0.201266	-0.194858	-0.197299	-0.201877	-0.193027	-0.189364	-0.202487	-0.197909	-0.169528	-0.177462
0.271000	-0.196384	-0.192111	-0.193332	-0.197299	-0.196384	-0.187839	-0.198520	-0.191806	-0.164950	-0.171359
0.271100	-0.193637	-0.187228	-0.189975	-0.189975	-0.197604	-0.187533	-0.196994	-0.186923	-0.168002	-0.165560
0.271200	-0.195468	-0.181125	-0.189975	-0.187839	-0.196689	-0.187228	-0.195163	-0.181125	-0.171054	-0.166171
0.271300	-0.200351	-0.184787	-0.195773	-0.191806	-0.196078	-0.190280	-0.189670	-0.174716	-0.171664	-0.173800
0.271400	-0.200351	-0.190280	-0.195773	-0.196384	-0.199130	-0.194858	-0.189670	-0.179293	-0.178683	-0.181125
0.271500	-0.194247	-0.193332	-0.195163	-0.194858	-0.198825	-0.189364	-0.191806	-0.190585	-0.185397	-0.181125
0.271600	-0.188144	-0.193332	-0.196994	-0.189975	-0.199435	-0.179599	-0.192111	-0.189670	-0.185397	-0.179293
0.271700	-0.187839	-0.188449	-0.190890	-0.188754	-0.197909	-0.172579	-0.184176	-0.183871	-0.189670	-0.181430
0.271800	-0.197909	-0.183261	-0.187533	-0.190280	-0.197909	-0.173190	-0.179293	-0.184787	-0.186313	-0.185092
0.271900	-0.204624	-0.186007	-0.187839	-0.189059	-0.195773	-0.179904	-0.181735	-0.187228	-0.182040	-0.187839
0.272000	-0.202487	-0.194247	-0.187228	-0.185092	-0.195163	-0.178073	-0.187533	-0.183566	-0.184482	-0.187228
0.272100	-0.192111	-0.199435	-0.188449	-0.184787	-0.194552	-0.172885	-0.186923	-0.186313	-0.187839	-0.188754
0.272200	-0.187228	-0.198520	-0.192721	-0.183566	-0.193332	-0.175936	-0.187228	-0.191806	-0.181735	-0.193942
0.272300	-0.193637	-0.190280	-0.195468	-0.182956	-0.190890	-0.178378	-0.182956	-0.191195	-0.173495	-0.195163
0.272400	-0.196689	-0.189059	-0.197299	-0.178073	-0.193637	-0.176852	-0.176547	-0.186313	-0.168917	-0.195163
0.272500	-0.190280	-0.194247	-0.195773	-0.173495	-0.193332	-0.179293	-0.174716	-0.187839	-0.174411	-0.196078
0.272600	-0.181430	-0.196689	-0.186007	-0.173190	-0.189975	-0.182345	-0.181735	-0.196078	-0.181735	-0.196078
0.272700	-0.178683	-0.196078	-0.174411	-0.172885	-0.185397	-0.174716	-0.184787	-0.192721	-0.181125	-0.198825
0.272800	-0.181125	-0.190585	-0.179293	-0.171359	-0.186007	-0.167086	-0.176547	-0.182040	-0.175326	-0.199435
0.272900	-0.184176	-0.188144	-0.193332	-0.172579	-0.183871	-0.169833	-0.171664	-0.183871	-0.174716	-0.199130
0.273000	-0.181735	-0.194247	-0.198825	-0.178073	-0.186313	-0.178073	-0.177768	-0.190585	-0.173800	-0.200656
0.273100	-0.175326	-0.193942	-0.195773	-0.177157	-0.189364	-0.186007	-0.187839	-0.193027	-0.171664	-0.201572
0.273200	-0.170443	-0.189670	-0.186007	-0.168917	-0.191806	-0.184482	-0.189975	-0.193942	-0.170443	-0.203098
0.273300	-0.170138	-0.189975	-0.180514	-0.164645	-0.191195	-0.187839	-0.183261	-0.187839	-0.169833	-0.204624
0.273400	-0.171054	-0.185702	-0.187533	-0.168917	-0.192111	-0.192111	-0.175326	-0.179904	-0.170443	-0.203098
0.273500	-0.173495	-0.183566	-0.200351	-0.174411	-0.191501	-0.201266	-0.176852	-0.181735	-0.175936	-0.200351
0.273600	-0.174411	-0.186313	-0.205234	-0.182040	-0.185397	-0.204624	-0.180209	-0.186923	-0.180514	-0.196078
0.273700	-0.176547	-0.188754	-0.198520	-0.177462	-0.183261	-0.202182	-0.182650	-0.188144	-0.180209	-0.197299
0.273800	-0.175326	-0.185702	-0.189364	-0.167391	-0.189364	-0.194858	-0.182650	-0.181125	-0.176547	-0.198520
0.273900	-0.175326	-0.185092	-0.190280	-0.170748	-0.195163	-0.191501	-0.178683	-0.172885	-0.173190	-0.196994
0.274000	-0.177768	-0.180209	-0.196994	-0.184787	-0.195163	-0.196994	-0.176852	-0.174411	-0.178683	-0.197909
0.274100	-0.183566	-0.179293	-0.208591	-0.189975	-0.189975	-0.203098	-0.180514	-0.172579	-0.184787	-0.197299
0.274200	-0.184482	-0.181735	-0.218357	-0.186313	-0.186313	-0.204929	-0.184787	-0.171359	-0.188144	-0.195773
0.274300	-0.182650	-0.186313	-0.214389	-0.185702	-0.189975	-0.205539	-0.182345	-0.176547	-0.193637	-0.199130
0.274400	-0.183261	-0.190585	-0.210117	-0.191501	-0.197299	-0.209506	-0.182650	-0.181430	-0.198825	-0.201572
0.274500	-0.186313	-0.191501	-0.214694	-0.193027	-0.204929	-0.211643	-0.186313	-0.181430	-0.196384	-0.194552
0.274600	-0.191501	-0.188449	-0.222629	-0.185702	-0.204624	-0.214084	-0.179599	-0.176547	-0.201877	-0.193332
0.274700	-0.196078	-0.184176	-0.225986	-0.186313	-0.197299	-0.216526	-0.178683	-0.182040	-0.213474	-0.199435
0.274800	-0.201266	-0.184787	-0.216220	-0.194247	-0.196994	-0.217441	-0.184176	-0.187533	-0.216831	-0.208896
0.274900	-0.203708	-0.190280	-0.211948	-0.200656	-0.204624	-0.213169	-0.189670	-0.191806	-0.216220	-0.205844
0.275000	-0.207370	-0.201266	-0.222324	-0.199435	-0.209201	-0.205234	-0.189670	-0.193637	-0.212863	-0.200351
0.275100	-0.211643	-0.203403	-0.232395	-0.196078	-0.210117	-0.205539	-0.185092	-0.195468	-0.212558	-0.201877
0.275200	-0.212863	-0.201877	-0.233921	-0.197299	-0.203708	-0.211643	-0.187839	-0.197909	-0.214084	-0.213779
0.275300	-0.208591	-0.201266	-0.227512	-0.201572	-0.201877	-0.213474	-0.202182	-0.200046	-0.216526	-0.220493
0.275400	-0.209506	-0.200046	-0.218662	-0.204929	-0.207065	-0.216220	-0.210727	-0.197299	-0.215000	-0.221103
0.275500	-0.211948	-0.199130	-0.214389	-0.200961	-0.209201	-0.214389	-0.207675	-0.200656	-0.218051	-0.220798
0.275600	-0.214084	-0.203403	-0.216220	-0.196689	-0.211032	-0.213474	-0.199130	-0.208896	-0.227817	-0.228122
0.275700	-0.217746	-0.208896	-0.223850	-0.204318	-0.213169	-0.217136	-0.196994	-0.211948	-0.235447	-0.233005
0.275800	-0.216526	-0.216831	-0.228428	-0.211643	-0.209506	-0.221103	-0.208591	-0.212863	-0.238193	-0.234226
0.275900	-0.215000	-0.220798	-0.219272	-0.211337	-0.210727	-0.219272	-0.217441	-0.211337	-0.237583	-0.228733
0.276000	-0.213779	-0.216831	-0.211337	-0.207370	-0.214084	-0.218967	-0.214084	-0.214389	-0.235142	-0.229954
0.276100	-0.219272	-0.214694	-0.208591	-0.204624	-0.220188	-0.216526	-0.212863	-0.224155	-0.235142	-0.240635
0.276200	-0.228122	-0.218051	-0.208896	-0.209201	-0.224155	-0.218662	-0.214694	-0.224765	-0.233005	-0.248264
0.276300	-0.226291	-0.222019	-0.213779	-0.215915	-0.219577	-0.225071	-0.220493	-0.218662	-0.226597	-0.244602
0.276400	-0.217136	-0.227512	-0.217746	-0.216220	-0.210727	-0.231174	-0.230259	-0.217441	-0.227207	-0.238193
0.276500	-0.212558	-0.229343	-0.213169	-0.218051	-0.211337	-0.230869	-0.230869	-0.223240	-0.229954	-0.236667
0.276600	-0.211643	-0.221714	-0.207065	-0.224155	-0.225681	-0.229038	-0.225986	-0.229343	-0.228122	-0.239414
0.276700	-0.214389	-0.217441	-0.208896	-0.225376	-0.231785	-0.228122	-0.223850	-0.224460	-0.232090	-0.242771
0.276800	-0.218662	-0.222019	-0.212558	-0.225376	-0.227512	-0.229038	-0.224155	-0.213779	-0.234226	-0.236973
0.276900	-0.218051	-0.225376	-0.211032	-0.224155	-0.219272	-0.231479	-0.225681	-0.213779	-0.236057	-0.234836
0.277000	-0.218051	-0.224460	-0.205844	-0.225376	-0.220188	-0.233921	-0.224765	-0.223240	-0.244602	-0.235142
0.277100	-0.218051	-0.225376	-0.206455	-0.229343	-0.229954	-0.232395	-0.223240	-0.225986	-0.243076	-0.231174
0.277200	-0.222019	-0.225376	-0.215915	-0.230564	-0.236057	-0.235142	-0.223850	-0.228428	-0.234226	-0.223850
0.277300	-0.222324	-0.222934	-0.225376	-0.233310	-0.227207	-0.243076	-0.219883	-0.228428	-0.227817	-0.223545
0.277400	-0.218357	-0.219883	-0.225681	-0.244907	-0.219272	-0.249485	-0.221714	-0.227207	-0.219577	-0.220798
0.277500	-0.216220	-0.223545	-0.218967	-0.241245	-0.220493	-0.236057	-0.229954	-0.227512	-0.213169	-0.218357
0.277600	-0.220798	-0.221714	-0.208286	-0.232090	-0.228733	-0.220798	-0.233616	-0.223240	-0.217441	-0.216526
0.277700	-0.222934	-0.213779	-0.207981	-0.233616	-0.230564	-0.226291	-0.226291	-0.214694	-0.224460	-0.215305
0.277800	-0.232090	-0.212863	-0.212558	-0.234836	-0.221714	-0.240635	-0.223240	-0.218662	-0.229954	-0.213474
0.277900	-0.236057	-0.217441	-0.227207	-0.234531	-0.219577	-0.246128	-0.228122	-0.226597	-0.236057	-0.206760
0.278000	-0.236057	-0.222019	-0.233921	-0.235752	-0.229648	-0.239719	-0.232395	-0.227207	-0.239719	-0.197604
0.278100	-0.237888	-0.223240	-0.223545	-0.236973	-0.230564	-0.222324	-0.233005	-0.225071	-0.242161	-0.197604
0.278200	-0.242161	-0.220188	-0.210422	-0.241550	-0.228122	-0.216526	-0.233005	-0.222629	-0.240940	-0.206455
0.278300	-0.248569	-0.215305	-0.208591	-0.240635	-0.225681	-0.225376	-0.229343	-0.225071	-0.236667	-0.206455
0.278400	-0.251316	-0.215305	-0.214694	-0.238193	-0.218662	-0.234531	-0.224460	-0.225376	-0.235142	-0.198825
0.278500	-0.243381	-0.220798	-0.216831	-0.236667	-0.212253	-0.228428	-0.228428	-0.220188	-0.228733	-0.192721
0.278600	-0.237278	-0.222629	-0.212253	-0.233921	-0.212558	-0.218357	-0.238193	-0.220798	-0.218662	-0.194552
0.278700	-0.233310	-0.218051	-0.206149	-0.232090	-0.214694	-0.210727	-0.236362	-0.233005	-0.222324	-0.203098
0.278800	-0.233005	-0.218051	-0.206455	-0.233921	-0.217746	-0.207675	-0.228428	-0.225681	-0.222934	-0.208896
0.278900	-0.235752	-0.223240	-0.210727	-0.231785	-0.215915	-0.210117	-0.223545	-0.215305	-0.222019	-0.202182
0.279000	-0.237888	-0.225071	-0.210727	-0.224155	-0.207981	-0.208896	-0.220188	-0.220188	-0.226291	-0.197909
0.279100	-0.235142	-0.225071	-0.198825	-0.220798	-0.204929	-0.201266	-0.223240	-0.225681	-0.230259	-0.201877
0.279200	-0.233616	-0.223240	-0.185397	-0.222019	-0.202487	-0.193637	-0.228428	-0.224155	-0.225986	-0.202182
0.279300	-0.230259	-0.224765	-0.183871	-0.216220	-0.207065	-0.196384	-0.221103	-0.223545	-0.219577	-0.200961
0.279400	-0.228428	-0.223545	-0.193942	-0.214084	-0.207675	-0.200351	-0.208896	-0.224460	-0.213474	-0.200656
0.279500	-0.223545	-0.220188	-0.196384	-0.219577	-0.199435	-0.198825	-0.211032	-0.224765	-0.211337	-0.196689
0.279600	-0.214389	-0.219883	-0.186923	-0.223850	-0.191501	-0.191806	-0.217136	-0.225376	-0.207675	-0.200351
0.279700	-0.206760	-0.223545	-0.179293	-0.216220	-0.198825	-0.187228	-0.223240	-0.222934	-0.197604	-0.204929
0.279800	-0.206149	-0.225071	-0.176547	-0.207675	-0.207065	-0.187839	-0.217441	-0.222629	-0.196384	-0.206760
0.279900	-0.210422	-0.221714	-0.177157	-0.206760	-0.206149	-0.189670	-0.206455	-0.214694	-0.205234	-0.207370
0.280000	-0.215915	-0.218967	-0.187228	-0.211032	-0.199741	-0.193942	-0.205234	-0.211948	-0.205844	-0.206455
0.280100	-0.212863	-0.222629	-0.192721	-0.216220	-0.196689	-0.199435	-0.209506	-0.222629	-0.201877	-0.199435
0.280200	-0.206149	-0.223850	-0.191806	-0.219577	-0.202182	-0.196994	-0.217746	-0.225986	-0.195773	-0.194858
0.280300	-0.205234	-0.223545	-0.184176	-0.218357	-0.208286	-0.195468	-0.218051	-0.216220	-0.192721	-0.199741
0.280400	-0.208896	-0.218662	-0.184176	-0.219577	-0.214084	-0.200046	-0.206149	-0.213474	-0.193332	-0.208591
0.280500	-0.212558	-0.209506	-0.188754	-0.224460	-0.214389	-0.203708	-0.197604	-0.219272	-0.195773	-0.208896
0.280600	-0.212253	-0.212253	-0.196994	-0.223240	-0.209506	-0.201877	-0.208896	-0.218967	-0.192111	-0.198520
0.280700	-0.206760	-0.221714	-0.199435	-0.218662	-0.208591	-0.202182	-0.217441	-0.217136	-0.189670	-0.193942
0.280800	-0.205234	-0.218051	-0.203708	-0.220493	-0.212863	-0.204318	-0.219272	-0.214694	-0.191806	-0.195468
0.280900	-0.207065	-0.213169	-0.207675	-0.223850	-0.220798	-0.204929	-0.213474	-0.209506	-0.201266	-0.197909
0.281000	-0.211948	-0.215915	-0.206760	-0.223240	-0.225376	-0.205234	-0.202792	-0.205539	-0.205844	-0.195773
0.281100	-0.217441	-0.213474	-0.217441	-0.220188	-0.221714	-0.208896	-0.201572	-0.207675	-0.199130	-0.196689
0.281200	-0.218662	-0.213474	-0.218357	-0.222324	-0.213474	-0.215915	-0.204624	-0.208896	-0.189670	-0.196994
0.281300	-0.214389	-0.211032	-0.216220	-0.222934	-0.208896	-0.208896	-0.211948	-0.204318	-0.189059	-0.196078
0.281400	-0.215305	-0.211643	-0.221714	-0.216526	-0.212558	-0.198825	-0.216526	-0.203098	-0.193942	-0.195773
0.281500	-0.217441	-0.207675	-0.227207	-0.215305	-0.219577	-0.202487	-0.207065	-0.207370	-0.197299	-0.194858
0.281600	-0.216526	-0.207370	-0.224765	-0.219272	-0.215000	-0.210117	-0.193332	-0.211337	-0.196078	-0.193027
0.281700	-0.218357	-0.211948	-0.227207	-0.217746	-0.206149	-0.206149	-0.200046	-0.208591	-0.199741	-0.196384
0.281800	-0.218051	-0.214389	-0.226597	-0.213474	-0.215000	-0.199130	-0.211643	-0.201572	-0.207065	-0.203098
0.281900	-0.216526	-0.211337	-0.228428	-0.210727	-0.220188	-0.191806	-0.214084	-0.204318	-0.210422	-0.207675
0.282000	-0.219272	-0.214694	-0.228733	-0.203403	-0.216220	-0.190890	-0.208896	-0.205844	-0.211948	-0.209506
0.282100	-0.222324	-0.217441	-0.222019	-0.202792	-0.210422	-0.202182	-0.196994	-0.205539	-0.214084	-0.208286
0.282200	-0.220493	-0.213474	-0.228122	-0.205844	-0.202487	-0.211337	-0.191501	-0.206455	-0.207065	-0.207065
0.282300	-0.221103	-0.215915	-0.235752	-0.205234	-0.196994	-0.204929	-0.200961	-0.210727	-0.199435	-0.205844
0.282400	-0.224155	-0.220188	-0.231479	-0.200351	-0.200961	-0.194858	-0.214389	-0.212558	-0.192721	-0.212558
0.282500	-0.222324	-0.220493	-0.223240	-0.196994	-0.209201	-0.190890	-0.217136	-0.211948	-0.188754	-0.222934
0.282600	-0.213474	-0.218662	-0.217746	-0.196078	-0.212863	-0.201266	-0.207675	-0.206455	-0.189364	-0.226291
0.282700	-0.209506	-0.219272	-0.219883	-0.193942	-0.207370	-0.211643	-0.200961	-0.200656	-0.194858	-0.220798
0.282800	-0.209506	-0.218967	-0.224460	-0.192721	-0.196689	-0.210727	-0.207370	-0.207065	-0.201877	-0.216831
0.282900	-0.208896	-0.222019	-0.220188	-0.187839	-0.198825	-0.204624	-0.213779	-0.215000	-0.210117	-0.218662
0.283000	-0.208286	-0.220188	-0.212558	-0.187533	-0.204929	-0.196384	-0.212863	-0.217441	-0.211032	-0.227207
0.283100	-0.205234	-0.220798	-0.217441	-0.191501	-0.211337	-0.194552	-0.206455	-0.209201	-0.215000	-0.234531
0.283200	-0.199741	-0.219883	-0.223545	-0.189059	-0.213169	-0.207981	-0.201266	-0.206760	-0.218051	-0.237888
0.283300	-0.204318	-0.216831	-0.223545	-0.189670	-0.208591	-0.221103	-0.202487	-0.205234	-0.210422	-0.232395
0.283400	-0.203403	-0.215305	-0.217746	-0.195468	-0.207370	-0.223545	-0.210117	-0.210727	-0.200351	-0.226597
0.283500	-0.193637	-0.217136	-0.211337	-0.193637	-0.218357	-0.217136	-0.208896	-0.218357	-0.195163	-0.231479
0.283600	-0.188754	-0.216220	-0.211643	-0.187533	-0.227512	-0.215305	-0.205844	-0.218967	-0.200961	-0.243687
0.283700	-0.196078	-0.221714	-0.223240	-0.192721	-0.225681	-0.222629	-0.210422	-0.219272	-0.206760	-0.246738
0.283800	-0.204929	-0.218662	-0.227207	-0.200961	-0.223240	-0.229343	-0.210727	-0.216526	-0.210727	-0.242771
0.283900	-0.205539	-0.213169	-0.222934	-0.209506	-0.222324	-0.233005	-0.209201	-0.211643	-0.211948	-0.231785
0.284000	-0.198520	-0.211032	-0.222324	-0.205539	-0.224460	-0.229648	-0.210727	-0.207370	-0.211643	-0.224155
0.284100	-0.195163	-0.211643	-0.222629	-0.198825	-0.229038	-0.221714	-0.208896	-0.207065	-0.211948	-0.229954
0.284200	-0.193332	-0.211337	-0.228122	-0.199130	-0.233921	-0.224155	-0.199741	-0.211337	-0.220493	-0.238804
0.284300	-0.197299	-0.207370	-0.232090	-0.210117	-0.230869	-0.231174	-0.194552	-0.212558	-0.225986	-0.234531
0.284400	-0.203403	-0.200961	-0.236362	-0.213779	-0.225376	-0.232395	-0.201266	-0.206455	-0.220188	-0.225986
0.284500	-0.207370	-0.203708	-0.236667	-0.213169	-0.225071	-0.223545	-0.214694	-0.204929	-0.216220	-0.221714
0.284600	-0.207065	-0.208896	-0.234226	-0.208896	-0.225986	-0.220188	-0.213474	-0.206455	-0.214389	-0.225986
0.284700	-0.210727	-0.203403	-0.230259	-0.210727	-0.229648	-0.233616	-0.202792	-0.204624	-0.217441	-0.226597
0.284800	-0.209506	-0.198520	-0.232395	-0.212863	-0.229954	-0.242771	-0.197604	-0.203098	-0.217746	-0.220798
0.284900	-0.203098	-0.196078	-0.237888	-0.207065	-0.224155	-0.234836	-0.196078	-0.207675	-0.218662	-0.212863
0.285000	-0.206149	-0.199130	-0.236057	-0.198825	-0.211032	-0.222019	-0.200351	-0.210422	-0.218967	-0.211337
0.285100	-0.213779	-0.205539	-0.226291	-0.198520	-0.202182	-0.210422	-0.207675	-0.203708	-0.218357	-0.212863
0.285200	-0.214389	-0.204318	-0.220493	-0.198520	-0.210422	-0.208896	-0.207370	-0.198520	-0.220493	-0.217441
0.285300	-0.211643	-0.193942	-0.222629	-0.198520	-0.217746	-0.218357	-0.197909	-0.189059	-0.224155	-0.216831
0.285400	-0.208286	-0.192111	-0.222629	-0.201877	-0.205539	-0.225986	-0.193942	-0.186313	-0.225071	-0.209201
0.285500	-0.208896	-0.195163	-0.220798	-0.197299	-0.196689	-0.220188	-0.196994	-0.193027	-0.217746	-0.201572
0.285600	-0.212863	-0.195163	-0.216526	-0.187533	-0.195468	-0.208286	-0.204318	-0.202792	-0.213169	-0.198825
0.285700	-0.210422	-0.194552	-0.206455	-0.179904	-0.192111	-0.203098	-0.204318	-0.199435	-0.209506	-0.196078
0.285800	-0.204624	-0.191806	-0.200961	-0.175631	-0.193027	-0.202792	-0.197604	-0.191195	-0.214389	-0.200656
0.285900	-0.201572	-0.190280	-0.200351	-0.176547	-0.191195	-0.206455	-0.193637	-0.184482	-0.221714	-0.207065
0.286000	-0.203098	-0.189670	-0.204318	-0.184176	-0.186923	-0.207675	-0.193942	-0.185092	-0.221714	-0.210422
0.286100	-0.205234	-0.189059	-0.200961	-0.184482	-0.182956	-0.206760	-0.195468	-0.195773	-0.210727	-0.208896
0.286200	-0.203403	-0.189975	-0.190890	-0.177768	-0.180209	-0.202487	-0.198520	-0.199435	-0.202792	-0.202792
0.286300	-0.193027	-0.189975	-0.182345	-0.174411	-0.178683	-0.194552	-0.195163	-0.196384	-0.198825	-0.199130
0.286400	-0.186313	-0.188144	-0.182956	-0.172579	-0.178378	-0.191501	-0.187228	-0.191195	-0.200961	-0.200351
0.286500	-0.185397	-0.190585	-0.175631	-0.173190	-0.180209	-0.201266	-0.183566	-0.189975	-0.202792	-0.197604
0.286600	-0.183566	-0.190280	-0.171054	-0.176852	-0.183261	-0.203098	-0.189670	-0.186923	-0.197909	-0.196078
0.286700	-0.181735	-0.182956	-0.170748	-0.177157	-0.182040	-0.194552	-0.194858	-0.187839	-0.193027	-0.195468
0.286800	-0.183871	-0.181125	-0.171664	-0.184176	-0.181430	-0.192111	-0.189364	-0.189670	-0.194247	-0.195163
0.286900	-0.180514	-0.184482	-0.171664	-0.188144	-0.186313	-0.193332	-0.176242	-0.187839	-0.193942	-0.192721
0.287000	-0.174411	-0.182040	-0.172579	-0.184787	-0.187533	-0.197909	-0.171969	-0.190280	-0.192721	-0.189364
0.287100	-0.169833	-0.180514	-0.161593	-0.180209	-0.178683	-0.197604	-0.174411	-0.189364	-0.186007	-0.183261
0.287200	-0.165866	-0.181430	-0.151522	-0.180209	-0.174411	-0.191501	-0.177768	-0.185702	-0.184482	-0.179904
0.287300	-0.168002	-0.179599	-0.152438	-0.186313	-0.176242	-0.181125	-0.177768	-0.181125	-0.182345	-0.179293
0.287400	-0.172579	-0.174105	-0.159152	-0.196384	-0.184482	-0.181735	-0.170748	-0.177768	-0.177462	-0.183566
0.287500	-0.173190	-0.173800	-0.166781	-0.202487	-0.187533	-0.191195	-0.168612	-0.178073	-0.174716	-0.185702
0.287600	-0.174411	-0.173190	-0.164645	-0.203098	-0.184482	-0.196384	-0.171054	-0.178378	-0.177157	-0.176852
0.287700	-0.176852	-0.177157	-0.164950	-0.201266	-0.179904	-0.190890	-0.176242	-0.180514	-0.175631	-0.163729
0.287800	-0.178073	-0.178988	-0.164340	-0.195773	-0.179599	-0.180209	-0.175936	-0.180209	-0.181125	-0.160067
0.287900	-0.182956	-0.176852	-0.162814	-0.195163	-0.183871	-0.176547	-0.172885	-0.183871	-0.189975	-0.161593
0.288000	-0.188754	-0.172579	-0.165255	-0.206760	-0.191806	-0.182650	-0.173800	-0.184176	-0.198520	-0.166476
0.288100	-0.191501	-0.169833	-0.174716	-0.216831	-0.192111	-0.187533	-0.175631	-0.178683	-0.201572	-0.170138
0.288200	-0.195163	-0.171054	-0.180514	-0.220798	-0.187228	-0.186923	-0.179599	-0.174411	-0.200656	-0.168917
0.288300	-0.199741	-0.177462	-0.181735	-0.214694	-0.185702	-0.181430	-0.188449	-0.185397	-0.196384	-0.165866
0.288400	-0.200961	-0.180209	-0.177462	-0.208591	-0.186007	-0.171664	-0.191806	-0.194247	-0.191195	-0.166476
0.288500	-0.201572	-0.180514	-0.175936	-0.211032	-0.186923	-0.172274	-0.191195	-0.193637	-0.189670	-0.170138
0.288600	-0.204318	-0.184787	-0.181735	-0.214694	-0.183261	-0.182345	-0.185702	-0.189975	-0.191806	-0.172885
0.288700	-0.204318	-0.187839	-0.189364	-0.213169	-0.180514	-0.189059	-0.192721	-0.184482	-0.194247	-0.170138
0.288800	-0.208591	-0.183871	-0.193332	-0.207370	-0.181430	-0.182040	-0.204318	-0.187533	-0.194247	-0.171359
0.288900	-0.218051	-0.180514	-0.188754	-0.206149	-0.185702	-0.169833	-0.205234	-0.200961	-0.197299	-0.174411
0.289000	-0.218662	-0.185702	-0.180514	-0.206149	-0.184787	-0.168002	-0.205539	-0.209201	-0.200351	-0.176242
0.289100	-0.212253	-0.196384	-0.183871	-0.204318	-0.185702	-0.177462	-0.201572	-0.207675	-0.201877	-0.177768
0.289200	-0.207981	-0.200961	-0.193332	-0.205539	-0.177462	-0.183566	-0.198520	-0.206760	-0.203403	-0.182040
0.289300	-0.207981	-0.201877	-0.184787	-0.201572	-0.173190	-0.177768	-0.204624	-0.206455	-0.200961	-0.180209
0.289400	-0.210727	-0.201572	-0.178378	-0.197604	-0.181430	-0.168307	-0.213474	-0.211337	-0.193637	-0.179599
0.289500	-0.207981	-0.197909	-0.178683	-0.196994	-0.188754	-0.168917	-0.211032	-0.211032	-0.191195	-0.183261
0.289600	-0.202792	-0.200656	-0.175936	-0.199741	-0.187839	-0.179599	-0.204929	-0.202487	-0.190280	-0.188449
0.289700	-0.203403	-0.205234	-0.177768	-0.200046	-0.186923	-0.190280	-0.205234	-0.200046	-0.187533	-0.190280
0.289800	-0.205234	-0.208286	-0.183261	-0.199741	-0.186313	-0.191806	-0.208896	-0.207981	-0.182956	-0.186923
0.289900	-0.205539	-0.207065	-0.185397	-0.197909	-0.190280	-0.189059	-0.211337	-0.210117	-0.177768	-0.184176
0.290000	-0.203403	-0.215915	-0.183871	-0.197604	-0.192111	-0.184176	-0.212863	-0.215305	-0.177157	-0.185702
0.290100	-0.198825	-0.222019	-0.186923	-0.194552	-0.196994	-0.186007	-0.212558	-0.211948	-0.183871	-0.191501
0.290200	-0.196994	-0.215000	-0.184787	-0.203098	-0.202792	-0.194247	-0.208286	-0.208286	-0.193027	-0.198520
0.290300	-0.201572	-0.208286	-0.184176	-0.215915	-0.208286	-0.200046	-0.202182	-0.211032	-0.197909	-0.199741
0.290400	-0.203708	-0.212863	-0.184787	-0.218662	-0.212558	-0.201572	-0.213169	-0.215000	-0.195163	-0.195468
0.290500	-0.202792	-0.217136	-0.189364	-0.213474	-0.219577	-0.196078	-0.224460	-0.216526	-0.188144	-0.199435
0.290600	-0.203098	-0.222019	-0.196689	-0.217746	-0.220798	-0.190890	-0.218357	-0.218051	-0.190890	-0.204929
0.290700	-0.206455	-0.224155	-0.203403	-0.227512	-0.224765	-0.197604	-0.210422	-0.210422	-0.196994	-0.210117
0.290800	-0.204318	-0.222934	-0.208286	-0.230869	-0.233310	-0.211337	-0.211032	-0.207065	-0.197299	-0.212558
0.290900	-0.200351	-0.220493	-0.218662	-0.233005	-0.237278	-0.219272	-0.214084	-0.211948	-0.196689	-0.211643
0.291000	-0.208896	-0.223240	-0.221103	-0.236667	-0.236973	-0.221103	-0.222324	-0.219883	-0.203403	-0.212863
0.291100	-0.220798	-0.227207	-0.223850	-0.234836	-0.243076	-0.212863	-0.227817	-0.224155	-0.207065	-0.218662
0.291200	-0.223240	-0.226291	-0.233921	-0.236057	-0.249180	-0.212863	-0.223240	-0.224155	-0.211948	-0.219272
0.291300	-0.221714	-0.224155	-0.237583	-0.243992	-0.246738	-0.219883	-0.219577	-0.220798	-0.216831	-0.218051
0.291400	-0.220493	-0.226291	-0.233005	-0.245823	-0.246738	-0.226291	-0.224155	-0.222324	-0.215915	-0.222019
0.291500	-0.222324	-0.228428	-0.225376	-0.240330	-0.244602	-0.225376	-0.228733	-0.227512	-0.216831	-0.223545
0.291600	-0.231479	-0.222324	-0.226597	-0.232395	-0.240024	-0.219577	-0.227817	-0.227207	-0.221714	-0.225376
0.291700	-0.237278	-0.222934	-0.233616	-0.230869	-0.234531	-0.212558	-0.218967	-0.224765	-0.225681	-0.228122
0.291800	-0.233616	-0.228122	-0.245212	-0.235752	-0.237583	-0.213779	-0.217441	-0.223545	-0.226597	-0.227817
0.291900	-0.230869	-0.228428	-0.254978	-0.236973	-0.241550	-0.222019	-0.222019	-0.219577	-0.223240	-0.229038
0.292000	-0.229038	-0.227207	-0.256809	-0.232395	-0.239109	-0.220188	-0.228428	-0.221103	-0.217746	-0.231174
0.292100	-0.233310	-0.226597	-0.249790	-0.222629	-0.233616	-0.213169	-0.233616	-0.222934	-0.215000	-0.234531
0.292200	-0.236362	-0.224460	-0.237278	-0.214694	-0.222934	-0.214084	-0.232090	-0.224155	-0.213474	-0.232395
0.292300	-0.231479	-0.225681	-0.230564	-0.209201	-0.213474	-0.217441	-0.223545	-0.225986	-0.208286	-0.225986
0.292400	-0.227512	-0.228122	-0.232395	-0.210727	-0.210727	-0.216220	-0.217746	-0.228122	-0.209201	-0.227207
0.292500	-0.224460	-0.226597	-0.233921	-0.204318	-0.211948	-0.215305	-0.220798	-0.224460	-0.207370	-0.224155
0.292600	-0.219883	-0.220798	-0.226291	-0.197909	-0.208591	-0.212558	-0.226291	-0.216831	-0.203098	-0.218967
0.292700	-0.218051	-0.216526	-0.224155	-0.195468	-0.198520	-0.203098	-0.227207	-0.214389	-0.198520	-0.219272
0.292800	-0.221714	-0.218357	-0.225376	-0.186923	-0.193942	-0.195773	-0.225986	-0.212863	-0.196994	-0.223545
0.292900	-0.218051	-0.224765	-0.225071	-0.182040	-0.193942	-0.199130	-0.214389	-0.206455	-0.196994	-0.225376
0.293000	-0.211337	-0.222629	-0.226597	-0.182345	-0.190890	-0.210727	-0.203403	-0.200961	-0.196689	-0.228428
0.293100	-0.210727	-0.217746	-0.221103	-0.178683	-0.192111	-0.219883	-0.213779	-0.199435	-0.200656	-0.227817
0.293200	-0.212253	-0.213474	-0.218662	-0.174716	-0.193637	-0.211337	-0.219272	-0.199741	-0.199741	-0.220798
0.293300	-0.209201	-0.210727	-0.217441	-0.182650	-0.194552	-0.206455	-0.214694	-0.205539	-0.194858	-0.217746
0.293400	-0.205234	-0.213779	-0.209201	-0.188449	-0.193027	-0.208286	-0.203708	-0.203098	-0.189975	-0.217746
0.293500	-0.200046	-0.220188	-0.210117	-0.188754	-0.196384	-0.214389	-0.205234	-0.195773	-0.191806	-0.218051
0.293600	-0.195773	-0.219883	-0.208591	-0.183566	-0.196384	-0.220493	-0.205539	-0.192111	-0.194858	-0.215000
0.293700	-0.193942	-0.211337	-0.205844	-0.178988	-0.190585	-0.219883	-0.198520	-0.194552	-0.196078	-0.214389
0.293800	-0.199435	-0.206149	-0.211643	-0.180209	-0.195773	-0.213779	-0.193942	-0.194858	-0.195163	-0.216831
0.293900	-0.198825	-0.204624	-0.219272	-0.178683	-0.209506	-0.217441	-0.199130	-0.193637	-0.197299	-0.218967
0.294000	-0.189975	-0.202487	-0.220493	-0.186313	-0.216526	-0.220798	-0.198825	-0.192721	-0.203403	-0.219577
0.294100	-0.191195	-0.204318	-0.224155	-0.201877	-0.222934	-0.223545	-0.195773	-0.192721	-0.207675	-0.221103
0.294200	-0.205844	-0.207675	-0.229343	-0.201572	-0.228122	-0.223545	-0.196994	-0.192721	-0.210422	-0.219577
0.294300	-0.214084	-0.205844	-0.225986	-0.199741	-0.225681	-0.216220	-0.196384	-0.197604	-0.211032	-0.218051
0.294400	-0.210727	-0.210727	-0.219272	-0.204318	-0.218357	-0.215305	-0.193637	-0.203098	-0.216526	-0.218967
0.294500	-0.205844	-0.211643	-0.223545	-0.207675	-0.215915	-0.227512	-0.189670	-0.201266	-0.219577	-0.221103
0.294600	-0.200351	-0.205844	-0.221714	-0.208286	-0.220188	-0.234531	-0.189059	-0.199130	-0.221103	-0.216831
0.294700	-0.197909	-0.201572	-0.219577	-0.207065	-0.218662	-0.229954	-0.192111	-0.199130	-0.215915	-0.212253
0.294800	-0.204318	-0.199130	-0.218662	-0.201266	-0.214389	-0.216220	-0.187839	-0.196078	-0.207675	-0.210422
0.294900	-0.210422	-0.196994	-0.217746	-0.196078	-0.215305	-0.204624	-0.183566	-0.193332	-0.208591	-0.209506
0.295000	-0.207065	-0.195468	-0.217441	-0.196994	-0.215305	-0.202487	-0.182040	-0.192721	-0.214694	-0.212253
0.295100	-0.201877	-0.194552	-0.218357	-0.200961	-0.208286	-0.208896	-0.183871	-0.194858	-0.221103	-0.211337
0.295200	-0.206455	-0.193027	-0.218662	-0.202182	-0.208286	-0.212253	-0.190280	-0.196689	-0.222019	-0.211948
0.295300	-0.212863	-0.195773	-0.215000	-0.197909	-0.211643	-0.208591	-0.199435	-0.202792	-0.223850	-0.213474
0.295400	-0.215000	-0.196384	-0.210727	-0.200351	-0.201572	-0.207065	-0.201572	-0.205234	-0.227207	-0.214694
0.295500	-0.212558	-0.199435	-0.210422	-0.205844	-0.197299	-0.204929	-0.196078	-0.202182	-0.224460	-0.212253
0.295600	-0.211643	-0.202792	-0.213169	-0.203403	-0.205539	-0.201572	-0.189670	-0.199435	-0.221714	-0.216526
0.295700	-0.209506	-0.202182	-0.207065	-0.199130	-0.200961	-0.201266	-0.194858	-0.200961	-0.225681	-0.212253
0.295800	-0.210727	-0.204318	-0.204624	-0.196689	-0.192721	-0.206455	-0.204624	-0.204929	-0.228122	-0.206760
0.295900	-0.213779	-0.204318	-0.206455	-0.189364	-0.193332	-0.211337	-0.206760	-0.206455	-0.225376	-0.211948
0.296000	-0.216831	-0.200351	-0.209506	-0.186923	-0.194247	-0.212863	-0.204929	-0.208896	-0.224460	-0.220493
0.296100	-0.217441	-0.201572	-0.213474	-0.193637	-0.193942	-0.210117	-0.206455	-0.209506	-0.224765	-0.223545
0.296200	-0.215305	-0.202487	-0.217746	-0.201877	-0.198825	-0.208286	-0.208896	-0.207065	-0.226597	-0.223545
0.296300	-0.217441	-0.200961	-0.213779	-0.203098	-0.205234	-0.210727	-0.210422	-0.206455	-0.230869	-0.221103
0.296400	-0.219577	-0.208591	-0.208591	-0.205539	-0.206760	-0.215915	-0.214084	-0.216220	-0.234531	-0.219577
0.296500	-0.220798	-0.218051	-0.205234	-0.207675	-0.200351	-0.218967	-0.218662	-0.224765	-0.232395	-0.218967
0.296600	-0.220798	-0.218967	-0.204624	-0.204318	-0.203098	-0.221103	-0.228122	-0.227817	-0.232090	-0.222629
0.296700	-0.218662	-0.218051	-0.207981	-0.203708	-0.206455	-0.225986	-0.227817	-0.224765	-0.236057	-0.228733
0.296800	-0.214084	-0.213779	-0.210117	-0.211948	-0.204624	-0.231785	-0.223240	-0.223545	-0.232395	-0.225376
0.296900	-0.212558	-0.210422	-0.204929	-0.215915	-0.210117	-0.236057	-0.225986	-0.222019	-0.227512	-0.217136
0.297000	-0.215305	-0.211643	-0.206149	-0.217746	-0.218662	-0.229343	-0.229038	-0.225071	-0.228733	-0.222019
0.297100	-0.224765	-0.218357	-0.204929	-0.222934	-0.215305	-0.226597	-0.225986	-0.233616	-0.233921	-0.226597
0.297200	-0.226291	-0.222324	-0.204318	-0.230259	-0.212863	-0.231785	-0.226597	-0.232090	-0.233921	-0.228428
0.297300	-0.221103	-0.224155	-0.207981	-0.232090	-0.220798	-0.238804	-0.222629	-0.224765	-0.236057	-0.223545
0.297400	-0.217441	-0.225376	-0.208286	-0.230869	-0.228122	-0.240330	-0.219272	-0.231785	-0.237888	-0.220188
0.297500	-0.216526	-0.223240	-0.207065	-0.233921	-0.229954	-0.242466	-0.225071	-0.234226	-0.241856	-0.218357
0.297600	-0.218051	-0.214084	-0.209201	-0.241550	-0.229038	-0.235752	-0.231785	-0.232090	-0.236667	-0.217746
0.297700	-0.225071	-0.214084	-0.203708	-0.247044	-0.233005	-0.234836	-0.233921	-0.233921	-0.238193	-0.218357
0.297800	-0.228733	-0.224155	-0.207370	-0.254673	-0.234226	-0.230869	-0.230259	-0.233616	-0.247959	-0.221714
0.297900	-0.229648	-0.230564	-0.214389	-0.254368	-0.234531	-0.231174	-0.229954	-0.234836	-0.253452	-0.218051
0.298000	-0.234531	-0.227207	-0.210117	-0.250706	-0.238193	-0.237583	-0.232395	-0.235752	-0.252537	-0.219272
0.298100	-0.240940	-0.218662	-0.213169	-0.250401	-0.234531	-0.235447	-0.229648	-0.237888	-0.253758	-0.223850
0.298200	-0.241245	-0.213474	-0.223240	-0.259251	-0.230259	-0.229648	-0.228428	-0.239109	-0.247044	-0.225986
0.298300	-0.241245	-0.215000	-0.227512	-0.260777	-0.235752	-0.234226	-0.234531	-0.237583	-0.243076	-0.225376
0.298400	-0.236057	-0.220493	-0.225986	-0.260472	-0.238804	-0.233005	-0.230869	-0.238804	-0.251011	-0.223545
0.298500	-0.235752	-0.227817	-0.215000	-0.262608	-0.233005	-0.230259	-0.226291	-0.240024	-0.250706	-0.221103
0.298600	-0.239719	-0.225376	-0.208896	-0.256504	-0.227512	-0.223850	-0.229038	-0.238193	-0.239719	-0.215000
0.298700	-0.240330	-0.222019	-0.213474	-0.246738	-0.226597	-0.213779	-0.232395	-0.243381	-0.235447	-0.214694
0.298800	-0.235752	-0.226597	-0.215915	-0.242466	-0.225376	-0.210727	-0.236667	-0.248875	-0.233616	-0.222019
0.298900	-0.231785	-0.224765	-0.217441	-0.243076	-0.216831	-0.213474	-0.243381	-0.242466	-0.235142	-0.226291
0.299000	-0.231174	-0.219577	-0.217746	-0.241245	-0.209201	-0.216831	-0.245212	-0.237583	-0.233310	-0.222324
0.299100	-0.235447	-0.218357	-0.210727	-0.232395	-0.211337	-0.207981	-0.239109	-0.236057	-0.228733	-0.213779
0.299200	-0.240635	-0.221714	-0.207675	-0.228122	-0.207981	-0.194858	-0.235447	-0.236973	-0.222934	-0.213779
0.299300	-0.237278	-0.224765	-0.207675	-0.224765	-0.202182	-0.196078	-0.229648	-0.236667	-0.213779	-0.213169
0.299400	-0.225681	-0.227207	-0.195163	-0.222934	-0.196689	-0.200656	-0.223240	-0.230259	-0.203403	-0.209506
0.299500	-0.211337	-0.225376	-0.190585	-0.220493	-0.190280	-0.200961	-0.219577	-0.223545	-0.197909	-0.206455
0.299600	-0.203708	-0.216831	-0.195773	-0.215000	-0.185397	-0.201266	-0.220798	-0.220493	-0.185702	-0.199130
0.299700	-0.203708	-0.209506	-0.187839	-0.201266	-0.189059	-0.196078	-0.221103	-0.211948	-0.177462	-0.191501
0.299800	-0.200351	-0.206760	-0.178988	-0.190585	-0.187228	-0.183566	-0.216526	-0.205234	-0.176547	-0.185702
0.299900	-0.194247	-0.207675	-0.177462	-0.188449	-0.179599	-0.175631	-0.207981	-0.201572	-0.169528	-0.178988
0.300000	-0.193942	-0.207065	-0.172579	-0.187839	-0.172579	-0.178073	-0.200961	-0.193332	-0.159457	-0.174105
0.300100	-0.188754	-0.201572	-0.169528	-0.183261	-0.172274	-0.182650	-0.195468	-0.186007	-0.157931	-0.168002
0.300200	-0.187228	-0.193942	-0.172579	-0.178683	-0.170748	-0.178073	-0.188449	-0.181125	-0.152438	-0.162509
0.300300	-0.181735	-0.183871	-0.166171	-0.174716	-0.170138	-0.170443	-0.180514	-0.175936	-0.144808	-0.164950
0.300400	-0.169528	-0.182040	-0.160678	-0.168307	-0.170138	-0.169833	-0.173495	-0.168002	-0.142977	-0.164034
0.300500	-0.155184	-0.186313	-0.156405	-0.169833	-0.165866	-0.162814	-0.166781	-0.157015	-0.139010	-0.153353
0.300600	-0.153964	-0.182345	-0.153048	-0.166781	-0.158236	-0.160983	-0.158846	-0.148470	-0.126497	-0.136568
0.300700	-0.155489	-0.165560	-0.147860	-0.156710	-0.156100	-0.161898	-0.149081	-0.144503	-0.117952	-0.124361
0.300800	-0.152743	-0.156710	-0.143282	-0.153353	-0.159152	-0.150912	-0.139620	-0.142062	-0.114595	-0.118868
0.300900	-0.144503	-0.155489	-0.145113	-0.153353	-0.154574	-0.143587	-0.138705	-0.135348	-0.111543	-0.118257
0.301000	-0.137179	-0.153048	-0.149996	-0.151217	-0.148776	-0.139925	-0.142367	-0.128023	-0.109407	-0.121004
0.301100	-0.133516	-0.145113	-0.149081	-0.150607	-0.149691	-0.135042	-0.135958	-0.120699	-0.110323	-0.122225
0.301200	-0.137484	-0.138705	-0.146944	-0.149386	-0.153353	-0.130160	-0.124361	-0.121004	-0.114595	-0.118563
0.301300	-0.143587	-0.135958	-0.148776	-0.146944	-0.149081	-0.124361	-0.121004	-0.127108	-0.114900	-0.115816
0.301400	-0.146334	-0.138399	-0.149386	-0.146639	-0.148776	-0.120699	-0.126497	-0.131075	-0.117952	-0.113680
0.301500	-0.141146	-0.147860	-0.149691	-0.153964	-0.149081	-0.123751	-0.128328	-0.130160	-0.123140	-0.116426
0.301600	-0.135348	-0.144808	-0.154269	-0.152743	-0.148776	-0.124971	-0.123751	-0.129854	-0.122225	-0.120089
0.301700	-0.134127	-0.136263	-0.151522	-0.149081	-0.150301	-0.126803	-0.115511	-0.128939	-0.120089	-0.122530
0.301800	-0.133822	-0.134127	-0.142977	-0.144808	-0.147250	-0.121920	-0.113680	-0.126803	-0.117647	-0.124361
0.301900	-0.134737	-0.136263	-0.145419	-0.133822	-0.142367	-0.112154	-0.115816	-0.124666	-0.113375	-0.120699
0.302000	-0.141756	-0.132906	-0.145419	-0.128328	-0.132906	-0.106050	-0.121920	-0.125887	-0.110323	-0.121309
0.302100	-0.145113	-0.132906	-0.136873	-0.132296	-0.133211	-0.103609	-0.124971	-0.130160	-0.110628	-0.131380
0.302200	-0.139620	-0.135348	-0.136568	-0.135653	-0.142062	-0.104830	-0.125277	-0.128328	-0.113069	-0.139925
0.302300	-0.135653	-0.138094	-0.143587	-0.130465	-0.139925	-0.109102	-0.120394	-0.126192	-0.115511	-0.138399
0.302400	-0.136873	-0.142977	-0.143282	-0.124361	-0.132601	-0.112154	-0.117342	-0.133211	-0.118257	-0.135042
0.302500	-0.133822	-0.140536	-0.148776	-0.115206	-0.130770	-0.104219	-0.120699	-0.136568	-0.117952	-0.138705
0.302600	-0.131075	-0.138705	-0.146334	-0.108492	-0.134737	-0.102693	-0.128023	-0.132601	-0.113069	-0.148165
0.302700	-0.131075	-0.136568	-0.136263	-0.106355	-0.134737	-0.108797	-0.135042	-0.132601	-0.116121	-0.152743
0.302800	-0.132296	-0.139925	-0.132296	-0.116121	-0.131991	-0.115206	-0.129244	-0.130160	-0.121920	-0.148776
0.302900	-0.137789	-0.144808	-0.137789	-0.120394	-0.132296	-0.116732	-0.128939	-0.125582	-0.123751	-0.142977
0.303000	-0.138399	-0.147250	-0.142672	-0.107576	-0.132296	-0.117342	-0.130160	-0.127718	-0.116121	-0.142977
0.303100	-0.131380	-0.142977	-0.139925	-0.103304	-0.132296	-0.119478	-0.132906	-0.137789	-0.112764	-0.143587
0.303200	-0.128023	-0.149081	-0.136873	-0.113680	-0.137179	-0.124971	-0.137484	-0.137484	-0.116426	-0.151217
0.303300	-0.126192	-0.149386	-0.141146	-0.117342	-0.137179	-0.133211	-0.142977	-0.128023	-0.124971	-0.155795
0.303400	-0.130160	-0.145724	-0.142672	-0.117952	-0.134737	-0.143282	-0.142977	-0.126803	-0.135042	-0.153964
0.303500	-0.136873	-0.144503	-0.149081	-0.120699	-0.144198	-0.149691	-0.144503	-0.132296	-0.135042	-0.156710
0.303600	-0.141146	-0.146944	-0.162203	-0.124666	-0.159457	-0.146944	-0.151522	-0.138705	-0.135348	-0.165255
0.303700	-0.145113	-0.153048	-0.165866	-0.132296	-0.166781	-0.159152	-0.157321	-0.144808	-0.148165	-0.169833
0.303800	-0.142062	-0.162814	-0.169528	-0.139925	-0.166171	-0.176547	-0.154574	-0.148470	-0.162203	-0.174105
0.303900	-0.141756	-0.164034	-0.181430	-0.148776	-0.177462	-0.184176	-0.160067	-0.149386	-0.168002	-0.174105
0.304000	-0.154574	-0.166781	-0.189059	-0.151217	-0.187228	-0.188754	-0.171054	-0.153353	-0.174105	-0.175936
0.304100	-0.172579	-0.172885	-0.188449	-0.159152	-0.188449	-0.193332	-0.178988	-0.168307	-0.184787	-0.188449
0.304200	-0.182040	-0.176242	-0.196078	-0.177157	-0.199130	-0.199130	-0.186007	-0.181125	-0.199130	-0.200656
0.304300	-0.185092	-0.183261	-0.211032	-0.188754	-0.212558	-0.209201	-0.193637	-0.182956	-0.204929	-0.205539
0.304400	-0.182345	-0.193637	-0.220493	-0.189975	-0.213474	-0.225376	-0.186923	-0.182650	-0.213474	-0.210422
0.304500	-0.183261	-0.196078	-0.226291	-0.200961	-0.218967	-0.235447	-0.189059	-0.187533	-0.223850	-0.213474
0.304600	-0.197299	-0.198825	-0.236667	-0.211643	-0.232395	-0.236973	-0.203098	-0.196689	-0.239719	-0.220493
0.304700	-0.209506	-0.200961	-0.245212	-0.213169	-0.239109	-0.241245	-0.216220	-0.212558	-0.254368	-0.230564
0.304800	-0.218967	-0.205844	-0.249790	-0.220188	-0.243076	-0.253758	-0.225071	-0.228428	-0.262608	-0.245518
0.304900	-0.228428	-0.214389	-0.252842	-0.234531	-0.251926	-0.261387	-0.233921	-0.231174	-0.269017	-0.256809
0.305000	-0.243687	-0.224765	-0.260472	-0.243076	-0.262303	-0.263829	-0.238804	-0.233921	-0.274815	-0.265354
0.305100	-0.255589	-0.236973	-0.266880	-0.246738	-0.265660	-0.266270	-0.237888	-0.246738	-0.285191	-0.270237
0.305200	-0.258946	-0.247044	-0.271763	-0.253452	-0.266270	-0.268101	-0.244602	-0.260166	-0.293126	-0.274815
0.305300	-0.257420	-0.250706	-0.276951	-0.263523	-0.277256	-0.273899	-0.257115	-0.268406	-0.300145	-0.282750
0.305400	-0.263218	-0.254978	-0.280613	-0.273899	-0.286107	-0.283665	-0.269322	-0.273594	-0.305028	-0.290074
0.305500	-0.271763	-0.262608	-0.279698	-0.278782	-0.285801	-0.290379	-0.276341	-0.278477	-0.313268	-0.303502
0.305600	-0.280308	-0.264134	-0.278172	-0.288853	-0.282139	-0.293431	-0.280308	-0.285496	-0.315404	-0.307775
0.305700	-0.289158	-0.269017	-0.287633	-0.289769	-0.285191	-0.297704	-0.286412	-0.290379	-0.316319	-0.308385
0.305800	-0.292210	-0.276951	-0.293126	-0.286107	-0.283055	-0.297704	-0.292210	-0.294041	-0.319066	-0.316625
0.305900	-0.294347	-0.286717	-0.288548	-0.290379	-0.291905	-0.296788	-0.303502	-0.300145	-0.330968	-0.327611
0.306000	-0.294041	-0.292210	-0.287022	-0.295872	-0.299840	-0.301976	-0.315709	-0.303502	-0.336767	-0.328527
0.306100	-0.300755	-0.294347	-0.294347	-0.297704	-0.295262	-0.310216	-0.317540	-0.308995	-0.334325	-0.322728
0.306200	-0.307775	-0.299535	-0.295872	-0.305028	-0.294041	-0.312047	-0.316014	-0.318151	-0.331884	-0.328222
0.306300	-0.315404	-0.304418	-0.300145	-0.315404	-0.299535	-0.310216	-0.316625	-0.321202	-0.330663	-0.336156
0.306400	-0.313573	-0.300450	-0.302892	-0.317845	-0.302586	-0.316014	-0.324559	-0.316014	-0.333410	-0.344091
0.306500	-0.308995	-0.299229	-0.298009	-0.314183	-0.303197	-0.327001	-0.329748	-0.316930	-0.328527	-0.342260
0.306600	-0.308385	-0.307164	-0.297093	-0.316319	-0.304418	-0.331579	-0.331579	-0.312047	-0.324254	-0.330053
0.306700	-0.307775	-0.312657	-0.298314	-0.312352	-0.303197	-0.334325	-0.323949	-0.309911	-0.330053	-0.322728
0.306800	-0.308995	-0.314183	-0.301671	-0.314488	-0.306554	-0.336461	-0.324559	-0.320287	-0.332799	-0.325170
0.306900	-0.313573	-0.315404	-0.303197	-0.318456	-0.309300	-0.333715	-0.335851	-0.327001	-0.327001	-0.329748
0.307000	-0.317540	-0.317235	-0.301671	-0.319982	-0.308995	-0.335241	-0.340734	-0.319371	-0.320287	-0.322728
0.307100	-0.320897	-0.315099	-0.300450	-0.321508	-0.308690	-0.341649	-0.334020	-0.312657	-0.313573	-0.309911
0.307200	-0.317845	-0.314794	-0.298619	-0.320592	-0.307164	-0.343175	-0.327001	-0.311742	-0.312352	-0.304112
0.307300	-0.311742	-0.318151	-0.296178	-0.318456	-0.301671	-0.343481	-0.316930	-0.311131	-0.314794	-0.301976
0.307400	-0.308995	-0.312962	-0.299535	-0.317845	-0.300145	-0.338598	-0.317540	-0.310216	-0.309911	-0.293126
0.307500	-0.308385	-0.300755	-0.304418	-0.313573	-0.305943	-0.334935	-0.317235	-0.308385	-0.305638	-0.288243
0.307600	-0.308690	-0.296788	-0.299229	-0.314183	-0.306554	-0.334325	-0.309300	-0.303807	-0.305028	-0.283970
0.307700	-0.303197	-0.297093	-0.286412	-0.318456	-0.301061	-0.334630	-0.301976	-0.290990	-0.301671	-0.278172
0.307800	-0.297704	-0.287938	-0.283055	-0.315709	-0.290379	-0.324865	-0.294957	-0.277562	-0.296788	-0.273594
0.307900	-0.300755	-0.285801	-0.283055	-0.310216	-0.282139	-0.311131	-0.287633	-0.279393	-0.290990	-0.266575
0.308000	-0.307164	-0.290074	-0.283970	-0.303807	-0.283970	-0.298619	-0.284276	-0.278172	-0.284581	-0.255589
0.308100	-0.309300	-0.288548	-0.281529	-0.296178	-0.281529	-0.291905	-0.280613	-0.270848	-0.288243	-0.252842
0.308200	-0.304112	-0.280919	-0.272373	-0.293431	-0.276646	-0.289769	-0.276646	-0.269017	-0.285801	-0.247349
0.308300	-0.293431	-0.276951	-0.269017	-0.297398	-0.272068	-0.283970	-0.270237	-0.266575	-0.272373	-0.243076
0.308400	-0.285801	-0.271763	-0.267186	-0.292821	-0.262608	-0.269627	-0.259251	-0.265354	-0.271458	-0.237888
0.308500	-0.286107	-0.265354	-0.263218	-0.287633	-0.257420	-0.256199	-0.257115	-0.263829	-0.272984	-0.238804
0.308600	-0.284276	-0.259861	-0.258030	-0.280613	-0.257115	-0.252232	-0.258030	-0.258946	-0.263523	-0.236973
0.308700	-0.274510	-0.253147	-0.251316	-0.274205	-0.247959	-0.247044	-0.250401	-0.250401	-0.255589	-0.234531
0.308800	-0.264439	-0.247654	-0.241550	-0.266575	-0.234531	-0.233921	-0.239109	-0.246738	-0.254673	-0.224460
0.308900	-0.260777	-0.245518	-0.236973	-0.260166	-0.227207	-0.216220	-0.235752	-0.249790	-0.247349	-0.220188
0.309000	-0.258946	-0.246128	-0.233310	-0.250706	-0.229954	-0.204624	-0.236667	-0.257420	-0.241550	-0.220798
0.309100	-0.254673	-0.244602	-0.222324	-0.246128	-0.228122	-0.193027	-0.243381	-0.257115	-0.235752	-0.222019
0.309200	-0.251621	-0.241550	-0.211337	-0.241550	-0.211948	-0.187839	-0.236362	-0.246738	-0.226597	-0.215000
0.309300	-0.240024	-0.236057	-0.209506	-0.232090	-0.199130	-0.191501	-0.219272	-0.234836	-0.216220	-0.202487
0.309400	-0.228122	-0.232395	-0.204624	-0.222934	-0.196689	-0.188449	-0.216220	-0.228122	-0.211337	-0.193637
0.309500	-0.221103	-0.227817	-0.196384	-0.213169	-0.193027	-0.176242	-0.216831	-0.229038	-0.206455	-0.196384
0.309600	-0.214389	-0.217746	-0.185092	-0.209201	-0.181430	-0.171664	-0.209506	-0.233005	-0.192721	-0.193332
0.309700	-0.202182	-0.206149	-0.168307	-0.201266	-0.171969	-0.168307	-0.202487	-0.228428	-0.175936	-0.181735
0.309800	-0.189670	-0.199130	-0.159762	-0.185092	-0.166476	-0.155489	-0.188449	-0.214694	-0.167086	-0.168917
0.309900	-0.181430	-0.189975	-0.157015	-0.173190	-0.161593	-0.146639	-0.182956	-0.200046	-0.153964	-0.164645
0.310000	-0.177768	-0.185702	-0.149081	-0.168612	-0.157015	-0.142672	-0.182956	-0.192111	-0.139925	-0.161288
0.310100	-0.175936	-0.179904	-0.136568	-0.166781	-0.156100	-0.132296	-0.177157	-0.192111	-0.136873	-0.155184
0.310200	-0.163119	-0.168917	-0.134737	-0.157321	-0.152133	-0.127108	-0.165255	-0.186313	-0.131075	-0.143282
0.310300	-0.152743	-0.164034	-0.133211	-0.147555	-0.143587	-0.131075	-0.154574	-0.174105	-0.114595	-0.133211
0.310400	-0.143587	-0.157931	-0.126192	-0.139315	-0.138399	-0.133822	-0.149386	-0.160372	-0.102388	-0.128939
0.310500	-0.139010	-0.154269	-0.124056	-0.135958	-0.138705	-0.125582	-0.143282	-0.148165	-0.100862	-0.126497
0.310600	-0.139010	-0.146944	-0.123140	-0.133211	-0.137484	-0.116426	-0.132296	-0.137484	-0.102388	-0.120089
0.310700	-0.134127	-0.139925	-0.119173	-0.130770	-0.139620	-0.117647	-0.123140	-0.134737	-0.096590	-0.110018
0.310800	-0.124056	-0.128023	-0.114900	-0.125582	-0.136263	-0.115816	-0.121309	-0.129244	-0.090486	-0.102388
0.310900	-0.120089	-0.123751	-0.110933	-0.119478	-0.126803	-0.114900	-0.118563	-0.117952	-0.085603	-0.098421
0.311000	-0.121614	-0.119478	-0.113985	-0.120089	-0.125582	-0.112764	-0.113985	-0.109102	-0.083162	-0.098726
0.311100	-0.120394	-0.114900	-0.122530	-0.117342	-0.131380	-0.102693	-0.108797	-0.112764	-0.088350	-0.101778
0.311200	-0.119783	-0.112154	-0.126192	-0.115816	-0.130465	-0.097505	-0.102693	-0.110628	-0.094148	-0.100862
0.311300	-0.120394	-0.112459	-0.128939	-0.113680	-0.122530	-0.102998	-0.103914	-0.101167	-0.088655	-0.101472
0.311400	-0.125887	-0.112764	-0.129549	-0.113985	-0.127108	-0.110628	-0.109407	-0.097505	-0.088350	-0.096590
0.311500	-0.127413	-0.110933	-0.131075	-0.115206	-0.127718	-0.112154	-0.106966	-0.102083	-0.097505	-0.093233
0.311600	-0.120089	-0.112764	-0.140841	-0.117647	-0.124971	-0.110628	-0.101778	-0.102388	-0.107881	-0.099947
0.311700	-0.113985	-0.115511	-0.141451	-0.116732	-0.123445	-0.109712	-0.099947	-0.102388	-0.113069	-0.106050
0.311800	-0.117647	-0.119783	-0.134127	-0.116426	-0.125582	-0.107271	-0.102693	-0.106966	-0.111849	-0.113069
0.311900	-0.124666	-0.117952	-0.131380	-0.113375	-0.126497	-0.107576	-0.099336	-0.109407	-0.109407	-0.119783
0.312000	-0.130160	-0.113680	-0.133211	-0.113069	-0.123445	-0.109102	-0.103914	-0.106966	-0.109712	-0.120394
0.312100	-0.129854	-0.115816	-0.136263	-0.109102	-0.122225	-0.106661	-0.112764	-0.112459	-0.113680	-0.124056
0.312200	-0.123751	-0.125277	-0.142062	-0.109712	-0.120699	-0.105135	-0.118257	-0.125277	-0.124666	-0.131991
0.312300	-0.123751	-0.135042	-0.143587	-0.115206	-0.116732	-0.108492	-0.118563	-0.131685	-0.131991	-0.139620
0.312400	-0.129549	-0.133516	-0.136873	-0.115511	-0.120699	-0.113985	-0.118563	-0.131380	-0.122530	-0.145724
0.312500	-0.127718	-0.127413	-0.135348	-0.112154	-0.127413	-0.117952	-0.115206	-0.128328	-0.117342	-0.146639
0.312600	-0.121920	-0.131991	-0.141146	-0.109407	-0.123140	-0.114595	-0.111849	-0.124361	-0.127108	-0.149691
0.312700	-0.124971	-0.145113	-0.144198	-0.110628	-0.116732	-0.119173	-0.118868	-0.128328	-0.136568	-0.153964
0.312800	-0.131685	-0.155489	-0.139925	-0.117952	-0.124056	-0.125887	-0.128939	-0.145113	-0.139315	-0.160678
0.312900	-0.131685	-0.152743	-0.135348	-0.119478	-0.137789	-0.127718	-0.136873	-0.152743	-0.139620	-0.164340
0.313000	-0.136568	-0.152133	-0.136568	-0.120089	-0.140536	-0.134127	-0.137484	-0.150607	-0.137484	-0.170748
0.313100	-0.141146	-0.152438	-0.140841	-0.120089	-0.139010	-0.143893	-0.130160	-0.148165	-0.134737	-0.171664
0.313200	-0.142977	-0.157015	-0.146944	-0.121309	-0.141146	-0.146944	-0.135958	-0.149691	-0.142367	-0.177157
0.313300	-0.141451	-0.160678	-0.150607	-0.124056	-0.138705	-0.145419	-0.147250	-0.156405	-0.152743	-0.191806
0.313400	-0.137179	-0.158541	-0.154574	-0.130465	-0.144503	-0.157015	-0.156710	-0.161288	-0.150912	-0.193942
0.313500	-0.135348	-0.158236	-0.153353	-0.137179	-0.157931	-0.172274	-0.161593	-0.159457	-0.145113	-0.187839
0.313600	-0.138705	-0.162814	-0.150301	-0.143282	-0.159152	-0.182040	-0.155184	-0.157015	-0.142367	-0.183261
0.313700	-0.135653	-0.164034	-0.154574	-0.143587	-0.159152	-0.186313	-0.149386	-0.149081	-0.142367	-0.180514
0.313800	-0.137179	-0.161593	-0.161288	-0.148776	-0.165255	-0.179293	-0.149996	-0.151522	-0.149386	-0.187533
0.313900	-0.142062	-0.164645	-0.166476	-0.154269	-0.174105	-0.173495	-0.155795	-0.158846	-0.159762	-0.195468
0.314000	-0.150301	-0.171054	-0.169528	-0.159457	-0.184482	-0.179904	-0.163729	-0.155795	-0.170748	-0.197299
0.314100	-0.159457	-0.177462	-0.177157	-0.163729	-0.192721	-0.198825	-0.168002	-0.152743	-0.168307	-0.191501
0.314200	-0.164645	-0.178073	-0.184176	-0.170748	-0.197604	-0.214389	-0.170748	-0.159152	-0.167697	-0.188754
0.314300	-0.168917	-0.178683	-0.198825	-0.176242	-0.203708	-0.216831	-0.180209	-0.161288	-0.176852	-0.196994
0.314400	-0.178378	-0.178683	-0.216831	-0.182650	-0.210727	-0.213779	-0.185092	-0.165560	-0.195773	-0.209201
0.314500	-0.188449	-0.186007	-0.221714	-0.198825	-0.221714	-0.222324	-0.187228	-0.175326	-0.211032	-0.211643
0.314600	-0.194247	-0.188449	-0.218357	-0.204624	-0.227512	-0.239109	-0.189059	-0.173190	-0.215305	-0.207981
0.314700	-0.199130	-0.191195	-0.221103	-0.203098	-0.223240	-0.241856	-0.189670	-0.172579	-0.212863	-0.206149
0.314800	-0.203098	-0.196384	-0.227512	-0.204624	-0.223240	-0.238193	-0.191195	-0.174105	-0.216526	-0.210117
0.314900	-0.215305	-0.204624	-0.239109	-0.210117	-0.230259	-0.230259	-0.199741	-0.177462	-0.230259	-0.220188
0.315000	-0.229648	-0.213779	-0.250706	-0.216526	-0.236362	-0.235752	-0.211643	-0.185702	-0.244907	-0.224460
0.315100	-0.238804	-0.220188	-0.253758	-0.227817	-0.243687	-0.253758	-0.220798	-0.194858	-0.248875	-0.221714
0.315200	-0.242771	-0.219577	-0.256809	-0.231479	-0.241856	-0.257115	-0.215000	-0.199435	-0.252537	-0.218967
0.315300	-0.245212	-0.222324	-0.257725	-0.224155	-0.231174	-0.247349	-0.210422	-0.203098	-0.256504	-0.226597
0.315400	-0.245823	-0.225376	-0.259861	-0.218662	-0.225376	-0.239414	-0.214084	-0.206149	-0.265660	-0.240330
0.315500	-0.247654	-0.228733	-0.260777	-0.222324	-0.228733	-0.237888	-0.222324	-0.210422	-0.272679	-0.244602
0.315600	-0.247654	-0.234836	-0.257725	-0.229038	-0.233005	-0.243687	-0.232395	-0.222629	-0.273899	-0.243992
0.315700	-0.248569	-0.240330	-0.253758	-0.236057	-0.235447	-0.257725	-0.236667	-0.229343	-0.268406	-0.243076
0.315800	-0.249485	-0.243687	-0.253147	-0.233921	-0.233310	-0.261387	-0.237583	-0.229038	-0.270237	-0.245518
0.315900	-0.249180	-0.241856	-0.247654	-0.233310	-0.227207	-0.251011	-0.235752	-0.232090	-0.276341	-0.249180
0.316000	-0.250706	-0.245518	-0.249180	-0.234836	-0.224155	-0.244602	-0.236667	-0.241245	-0.279698	-0.252842
0.316100	-0.253758	-0.252842	-0.249180	-0.233005	-0.223240	-0.242161	-0.240024	-0.247959	-0.280919	-0.256504
0.316200	-0.254063	-0.254063	-0.242771	-0.235447	-0.229343	-0.239719	-0.244602	-0.250401	-0.279698	-0.261997
0.316300	-0.251316	-0.247044	-0.239109	-0.237278	-0.234531	-0.245212	-0.246128	-0.249485	-0.277256	-0.262303
0.316400	-0.253147	-0.246128	-0.245518	-0.237278	-0.233616	-0.254978	-0.254978	-0.255589	-0.277256	-0.263829
0.316500	-0.251621	-0.251621	-0.247959	-0.248264	-0.230564	-0.254368	-0.261997	-0.270237	-0.282444	-0.272679
0.316600	-0.247959	-0.256504	-0.247044	-0.254978	-0.231174	-0.254368	-0.262303	-0.276951	-0.290074	-0.278782
0.316700	-0.247959	-0.263523	-0.241856	-0.260166	-0.241550	-0.267796	-0.265354	-0.279393	-0.291295	-0.276951
0.316800	-0.251926	-0.265965	-0.235752	-0.263218	-0.248569	-0.277256	-0.269627	-0.280613	-0.280613	-0.270237
0.316900	-0.254673	-0.263523	-0.232395	-0.265354	-0.252232	-0.277562	-0.265354	-0.282750	-0.274815	-0.268101
0.317000	-0.256504	-0.265354	-0.236973	-0.270237	-0.257725	-0.275120	-0.268406	-0.286107	-0.277256	-0.270848
0.317100	-0.259251	-0.269627	-0.244602	-0.276951	-0.261387	-0.279393	-0.277256	-0.290074	-0.282444	-0.273899
0.317200	-0.265354	-0.271458	-0.252232	-0.282444	-0.264134	-0.287327	-0.285496	-0.287633	-0.285496	-0.275120
0.317300	-0.270848	-0.271458	-0.256809	-0.290074	-0.273594	-0.293126	-0.288243	-0.283665	-0.287633	-0.271153
0.317400	-0.275120	-0.264134	-0.259556	-0.293736	-0.280919	-0.294652	-0.284276	-0.288243	-0.284276	-0.265660
0.317500	-0.276646	-0.261997	-0.260777	-0.290990	-0.280308	-0.292821	-0.276951	-0.287327	-0.282139	-0.265049
0.317600	-0.277867	-0.262608	-0.263829	-0.294347	-0.278172	-0.282750	-0.277562	-0.287327	-0.286107	-0.268406
0.317700	-0.280003	-0.264744	-0.269017	-0.303197	-0.281529	-0.282444	-0.288243	-0.288243	-0.286717	-0.265660
0.317800	-0.285496	-0.269322	-0.266270	-0.308385	-0.281834	-0.295262	-0.293126	-0.285801	-0.282444	-0.257420
0.317900	-0.287327	-0.271153	-0.262913	-0.300145	-0.276646	-0.301671	-0.288243	-0.283665	-0.279698	-0.248569
0.318000	-0.286412	-0.261387	-0.264439	-0.294041	-0.277867	-0.293431	-0.277256	-0.278782	-0.283360	-0.243992
0.318100	-0.285191	-0.251926	-0.270848	-0.290990	-0.276036	-0.282444	-0.271763	-0.270237	-0.286107	-0.240635
0.318200	-0.285191	-0.253147	-0.270237	-0.288243	-0.272373	-0.274205	-0.272068	-0.270848	-0.280919	-0.241856
0.318300	-0.287938	-0.252842	-0.268101	-0.287327	-0.271763	-0.272068	-0.276951	-0.276646	-0.274205	-0.240940
0.318400	-0.289769	-0.249790	-0.266575	-0.293126	-0.276036	-0.270848	-0.276646	-0.276341	-0.274510	-0.237888
0.318500	-0.285801	-0.248875	-0.261997	-0.291600	-0.272679	-0.264744	-0.271458	-0.273594	-0.276341	-0.235142
0.318600	-0.283360	-0.248875	-0.262303	-0.281224	-0.263523	-0.256504	-0.267186	-0.269017	-0.281529	-0.233005
0.318700	-0.284276	-0.251621	-0.270237	-0.276036	-0.263218	-0.246738	-0.276036	-0.271763	-0.285496	-0.239414
0.318800	-0.281834	-0.256809	-0.269017	-0.277256	-0.265965	-0.245823	-0.285496	-0.281224	-0.278172	-0.244907
0.318900	-0.281529	-0.259251	-0.253452	-0.275730	-0.260777	-0.253147	-0.288243	-0.284581	-0.269017	-0.242771
0.319000	-0.281529	-0.259556	-0.246433	-0.272373	-0.253147	-0.251011	-0.283970	-0.282750	-0.264134	-0.237278
0.319100	-0.274510	-0.254368	-0.251011	-0.266880	-0.252232	-0.240024	-0.275120	-0.281529	-0.263218	-0.234836
0.319200	-0.270237	-0.254063	-0.251011	-0.259556	-0.248264	-0.232395	-0.271458	-0.276951	-0.264134	-0.240940
0.319300	-0.269322	-0.258335	-0.251316	-0.251316	-0.246738	-0.233310	-0.281529	-0.280003	-0.269932	-0.249180
0.319400	-0.268406	-0.255589	-0.249180	-0.248569	-0.249485	-0.236973	-0.289769	-0.284581	-0.269932	-0.250706
0.319500	-0.264744	-0.256809	-0.243076	-0.251011	-0.247654	-0.242161	-0.281224	-0.287327	-0.257420	-0.243687
0.319600	-0.257420	-0.265965	-0.233616	-0.255283	-0.240635	-0.243687	-0.274205	-0.291905	-0.244602	-0.243381
0.319700	-0.251316	-0.265049	-0.227817	-0.251011	-0.237278	-0.235447	-0.274205	-0.287938	-0.241550	-0.247959
0.319800	-0.249485	-0.258640	-0.229648	-0.248569	-0.241245	-0.225986	-0.277562	-0.280308	-0.241550	-0.248569
0.319900	-0.245823	-0.260777	-0.233616	-0.250401	-0.250401	-0.231785	-0.275730	-0.279393	-0.236057	-0.251926
0.320000	-0.241245	-0.258640	-0.227207	-0.248875	-0.245823	-0.238804	-0.272984	-0.278172	-0.226597	-0.247654
0.320100	-0.234226	-0.254063	-0.219272	-0.240024	-0.242771	-0.236973	-0.267186	-0.272373	-0.215000	-0.240024
0.320200	-0.221103	-0.252232	-0.212558	-0.238804	-0.245518	-0.234226	-0.258335	-0.262608	-0.205234	-0.238193
0.320300	-0.215915	-0.248264	-0.214084	-0.236057	-0.248264	-0.224765	-0.256504	-0.256809	-0.201266	-0.238193
0.320400	-0.218357	-0.245518	-0.216831	-0.238193	-0.249180	-0.220493	-0.258946	-0.256199	-0.199741	-0.241550
0.320500	-0.217746	-0.238804	-0.218357	-0.245823	-0.246738	-0.227207	-0.251926	-0.253758	-0.197604	-0.238193
0.320600	-0.214084	-0.233921	-0.215915	-0.247349	-0.243687	-0.236667	-0.237888	-0.243687	-0.188449	-0.227207
0.320700	-0.211948	-0.230564	-0.212253	-0.243076	-0.244602	-0.235752	-0.228428	-0.237888	-0.175936	-0.222019
0.320800	-0.207981	-0.222934	-0.205234	-0.240330	-0.241550	-0.218662	-0.223850	-0.228122	-0.171969	-0.216526
0.320900	-0.200961	-0.214389	-0.202182	-0.234531	-0.236973	-0.210422	-0.219577	-0.218662	-0.168002	-0.206149
0.321000	-0.195468	-0.212558	-0.203403	-0.232090	-0.232090	-0.211032	-0.217746	-0.208286	-0.159762	-0.204929
0.321100	-0.194858	-0.207981	-0.204624	-0.229648	-0.225986	-0.210727	-0.215000	-0.202487	-0.154574	-0.197909
0.321200	-0.196994	-0.200046	-0.206149	-0.227207	-0.218051	-0.202487	-0.200351	-0.197604	-0.148470	-0.185092
0.321300	-0.192111	-0.193942	-0.211032	-0.225071	-0.211948	-0.192721	-0.186007	-0.185092	-0.151522	-0.180209
0.321400	-0.189059	-0.188754	-0.212863	-0.216220	-0.207675	-0.185092	-0.185702	-0.174411	-0.153964	-0.183871
0.321500	-0.189059	-0.182040	-0.207370	-0.206149	-0.205539	-0.182956	-0.185397	-0.168917	-0.150301	-0.176547
0.321600	-0.189364	-0.182956	-0.200351	-0.200961	-0.201266	-0.183871	-0.178988	-0.166476	-0.145724	-0.169833
0.321700	-0.189059	-0.186923	-0.195163	-0.195773	-0.191806	-0.181125	-0.174105	-0.164340	-0.140536	-0.165866
0.321800	-0.189364	-0.183871	-0.189364	-0.187839	-0.182650	-0.167697	-0.164645	-0.160983	-0.136568	-0.161288
0.321900	-0.180514	-0.167086	-0.188449	-0.179904	-0.174105	-0.153964	-0.154879	-0.154574	-0.141451	-0.157321
0.322000	-0.173190	-0.160678	-0.186923	-0.169833	-0.165560	-0.150301	-0.153658	-0.142672	-0.139315	-0.154879
0.322100	-0.167391	-0.160983	-0.179293	-0.153658	-0.154879	-0.155184	-0.154574	-0.135042	-0.130770	-0.145113
0.322200	-0.165560	-0.158236	-0.172274	-0.144808	-0.151217	-0.151217	-0.154574	-0.133822	-0.127108	-0.137179
0.322300	-0.158236	-0.153658	-0.167391	-0.141451	-0.143282	-0.137789	-0.146944	-0.129854	-0.124666	-0.139010
0.322400	-0.146334	-0.154574	-0.164645	-0.131380	-0.131991	-0.124361	-0.138399	-0.126192	-0.118868	-0.143587
0.322500	-0.138399	-0.147250	-0.162203	-0.118257	-0.125277	-0.117647	-0.136568	-0.128328	-0.122530	-0.143282
0.322600	-0.137789	-0.140841	-0.158236	-0.110018	-0.123140	-0.114595	-0.134127	-0.124971	-0.120089	-0.139010
0.322700	-0.135348	-0.142062	-0.154574	-0.104830	-0.122225	-0.122530	-0.130465	-0.120394	-0.117952	-0.137789
0.322800	-0.132296	-0.144808	-0.143282	-0.109102	-0.123751	-0.127413	-0.124971	-0.119783	-0.118563	-0.135348
0.322900	-0.128328	-0.144198	-0.130160	-0.108492	-0.120394	-0.123445	-0.118563	-0.120089	-0.117952	-0.138399
0.323000	-0.119478	-0.141756	-0.129244	-0.100862	-0.113069	-0.115511	-0.113985	-0.116732	-0.110018	-0.144808
0.323100	-0.113375	-0.139010	-0.123140	-0.091096	-0.109102	-0.117342	-0.113069	-0.113985	-0.107271	-0.145113
0.323200	-0.107881	-0.133822	-0.115206	-0.083162	-0.105135	-0.118257	-0.112459	-0.109407	-0.100862	-0.137179
0.323300	-0.100252	-0.127108	-0.112764	-0.078889	-0.107881	-0.119478	-0.103914	-0.100252	-0.095369	-0.128023
0.323400	-0.093538	-0.126192	-0.113375	-0.083162	-0.104830	-0.120394	-0.094759	-0.099947	-0.091707	-0.123445
0.323500	-0.089570	-0.126497	-0.103304	-0.085603	-0.102083	-0.115816	-0.088350	-0.098726	-0.094148	-0.120699
0.323600	-0.087129	-0.119173	-0.099336	-0.082856	-0.100252	-0.107881	-0.087129	-0.091096	-0.091402	-0.119783
0.323700	-0.086519	-0.117342	-0.095979	-0.077363	-0.103304	-0.110628	-0.088960	-0.081941	-0.084382	-0.123751
0.323800	-0.078889	-0.115206	-0.094759	-0.075532	-0.105135	-0.121920	-0.081636	-0.086213	-0.079194	-0.121614
0.323900	-0.074006	-0.108797	-0.087129	-0.080720	-0.104830	-0.119783	-0.069429	-0.086519	-0.079805	-0.118868
0.324000	-0.075837	-0.104830	-0.086824	-0.086519	-0.100862	-0.115206	-0.065156	-0.078889	-0.085908	-0.114900
0.324100	-0.078584	-0.105745	-0.094148	-0.084688	-0.099947	-0.115511	-0.064546	-0.072480	-0.090791	-0.109712
0.324200	-0.081331	-0.098116	-0.097505	-0.081331	-0.103609	-0.113985	-0.067903	-0.070344	-0.094453	-0.103609
0.324300	-0.083772	-0.090181	-0.099947	-0.087434	-0.109102	-0.115206	-0.067903	-0.067903	-0.098421	-0.103304
0.324400	-0.087434	-0.088655	-0.109102	-0.092317	-0.110018	-0.122225	-0.067597	-0.067597	-0.102388	-0.103609
0.324500	-0.092317	-0.093233	-0.110933	-0.098116	-0.110628	-0.124666	-0.067903	-0.069734	-0.105135	-0.104524
0.324600	-0.101167	-0.099031	-0.106355	-0.102693	-0.110018	-0.120089	-0.066987	-0.075532	-0.114290	-0.106050
0.324700	-0.106661	-0.095674	-0.113680	-0.099031	-0.108797	-0.117647	-0.068818	-0.073396	-0.124971	-0.104830
0.324800	-0.112154	-0.093538	-0.124666	-0.099947	-0.113069	-0.121309	-0.078279	-0.072175	-0.134737	-0.104524
0.324900	-0.116426	-0.092927	-0.133516	-0.109712	-0.119783	-0.124971	-0.082856	-0.080720	-0.138705	-0.111849
0.325000	-0.122225	-0.095674	-0.137789	-0.116732	-0.121309	-0.125887	-0.085298	-0.087434	-0.142672	-0.117952
0.325100	-0.129244	-0.104830	-0.135958	-0.115816	-0.120089	-0.124971	-0.092622	-0.095979	-0.149691	-0.126497
0.325200	-0.133822	-0.108187	-0.134737	-0.114900	-0.119783	-0.124361	-0.097505	-0.102693	-0.162814	-0.133211
0.325300	-0.139620	-0.107881	-0.137789	-0.112459	-0.118563	-0.124361	-0.104219	-0.101472	-0.172274	-0.132296
0.325400	-0.145724	-0.111543	-0.146334	-0.114595	-0.117342	-0.129854	-0.115511	-0.107271	-0.177768	-0.133211
0.325500	-0.149996	-0.120699	-0.155184	-0.121920	-0.118563	-0.135653	-0.121004	-0.121614	-0.179904	-0.139010
0.325600	-0.154574	-0.126497	-0.159457	-0.128328	-0.119173	-0.134127	-0.122225	-0.132296	-0.184482	-0.145419
0.325700	-0.160983	-0.130770	-0.156100	-0.132296	-0.121309	-0.132601	-0.131380	-0.138705	-0.194247	-0.153964
0.325800	-0.166171	-0.137484	-0.159457	-0.130770	-0.128328	-0.135958	-0.141756	-0.145724	-0.201877	-0.160678
0.325900	-0.168307	-0.147860	-0.159762	-0.130465	-0.137484	-0.144503	-0.149081	-0.152133	-0.206149	-0.166476
0.326000	-0.169833	-0.155795	-0.154879	-0.138399	-0.139925	-0.153658	-0.152743	-0.158236	-0.207370	-0.176547
0.326100	-0.170748	-0.161288	-0.154269	-0.138399	-0.133822	-0.160372	-0.159152	-0.170443	-0.212863	-0.187533
0.326200	-0.171664	-0.165560	-0.156710	-0.142062	-0.135653	-0.165866	-0.163119	-0.177157	-0.215915	-0.189364
0.326300	-0.173190	-0.166781	-0.164340	-0.151522	-0.142062	-0.166171	-0.171664	-0.182345	-0.220493	-0.194247
0.326400	-0.180209	-0.172885	-0.175326	-0.156100	-0.155489	-0.172274	-0.180209	-0.188144	-0.225376	-0.204624
0.326500	-0.188144	-0.185397	-0.179599	-0.165255	-0.170138	-0.187228	-0.192111	-0.200351	-0.233005	-0.213169
0.326600	-0.196384	-0.202487	-0.179293	-0.181125	-0.184176	-0.199435	-0.207370	-0.214084	-0.241550	-0.221714
0.326700	-0.207065	-0.211948	-0.183871	-0.198520	-0.191195	-0.211337	-0.216220	-0.227207	-0.248264	-0.231174
0.326800	-0.213779	-0.220493	-0.186923	-0.205844	-0.197909	-0.220493	-0.220493	-0.237888	-0.252842	-0.241245
0.326900	-0.218967	-0.224155	-0.196384	-0.214694	-0.205234	-0.231174	-0.228733	-0.243687	-0.258946	-0.248264
0.327000	-0.227207	-0.228428	-0.207370	-0.223850	-0.220493	-0.242466	-0.235752	-0.242466	-0.261082	-0.254673
0.327100	-0.236057	-0.241245	-0.217441	-0.240940	-0.235447	-0.249790	-0.244907	-0.250401	-0.266880	-0.261082
0.327200	-0.241245	-0.257115	-0.225986	-0.258946	-0.247959	-0.253147	-0.252842	-0.260472	-0.271458	-0.262303
0.327300	-0.247044	-0.259556	-0.230564	-0.270543	-0.257725	-0.258030	-0.257115	-0.266575	-0.282750	-0.262608
0.327400	-0.257115	-0.257725	-0.234226	-0.277256	-0.269322	-0.261082	-0.266575	-0.274205	-0.294347	-0.270848
0.327500	-0.273594	-0.263829	-0.245823	-0.287633	-0.280308	-0.276036	-0.281529	-0.282444	-0.301061	-0.277867
0.327600	-0.285191	-0.272373	-0.267796	-0.301976	-0.292210	-0.290074	-0.291905	-0.289158	-0.300755	-0.285191
0.327700	-0.297093	-0.282750	-0.284276	-0.317540	-0.304418	-0.292821	-0.298619	-0.297398	-0.308385	-0.292821
0.327800	-0.307164	-0.293736	-0.294347	-0.331579	-0.312047	-0.298009	-0.300450	-0.306859	-0.316319	-0.298619
0.327900	-0.315404	-0.301061	-0.304418	-0.340429	-0.319066	-0.300450	-0.307164	-0.312352	-0.326085	-0.301061
0.328000	-0.325780	-0.300145	-0.312962	-0.344701	-0.328527	-0.306249	-0.322118	-0.320897	-0.333105	-0.305028
0.328100	-0.340429	-0.299535	-0.316625	-0.349279	-0.334020	-0.316625	-0.329442	-0.328527	-0.336156	-0.306249
0.328200	-0.346227	-0.306554	-0.317540	-0.352941	-0.333715	-0.325780	-0.332799	-0.335546	-0.337987	-0.306249
0.328300	-0.347143	-0.314183	-0.320897	-0.362707	-0.337682	-0.321813	-0.331579	-0.337682	-0.341344	-0.307469
0.328400	-0.347753	-0.314183	-0.324559	-0.365454	-0.339208	-0.315099	-0.333715	-0.339818	-0.341649	-0.310826
0.328500	-0.350805	-0.316930	-0.334325	-0.364538	-0.341039	-0.315709	-0.343175	-0.341955	-0.347448	-0.312962
0.328600	-0.356298	-0.324559	-0.347143	-0.365148	-0.341039	-0.318151	-0.361486	-0.347143	-0.351415	-0.315709
0.328700	-0.360571	-0.330053	-0.348363	-0.366980	-0.345006	-0.323339	-0.368505	-0.351110	-0.348058	-0.323644
0.328800	-0.362097	-0.334020	-0.341344	-0.364233	-0.347448	-0.323644	-0.364233	-0.357519	-0.345006	-0.327001
0.328900	-0.359350	-0.341344	-0.338292	-0.364538	-0.342565	-0.321813	-0.359655	-0.363317	-0.344091	-0.321202
0.329000	-0.356298	-0.341039	-0.339208	-0.357214	-0.335546	-0.319982	-0.362402	-0.362097	-0.339513	-0.316930
0.329100	-0.355688	-0.334020	-0.338292	-0.349584	-0.330053	-0.318151	-0.367895	-0.355077	-0.340124	-0.318151
0.329200	-0.356909	-0.332799	-0.333715	-0.344396	-0.322728	-0.319066	-0.368811	-0.356298	-0.335546	-0.318761
0.329300	-0.351110	-0.335546	-0.327306	-0.339818	-0.316319	-0.317235	-0.366369	-0.358129	-0.322728	-0.316319
0.329400	-0.336461	-0.334630	-0.317845	-0.334935	-0.308995	-0.308385	-0.361486	-0.354162	-0.308385	-0.307164
0.329500	-0.329137	-0.332799	-0.301671	-0.320592	-0.298924	-0.301366	-0.352026	-0.347753	-0.305638	-0.295262
0.329600	-0.326085	-0.326696	-0.294041	-0.308995	-0.297093	-0.294347	-0.343481	-0.334630	-0.299229	-0.289769
0.329700	-0.321508	-0.323033	-0.294652	-0.305028	-0.296788	-0.288243	-0.342565	-0.323644	-0.285496	-0.291295
0.329800	-0.315404	-0.318151	-0.292821	-0.298924	-0.291295	-0.291295	-0.335241	-0.318456	-0.270543	-0.292210
0.329900	-0.305333	-0.316625	-0.286717	-0.292821	-0.280003	-0.286412	-0.325170	-0.318151	-0.264134	-0.285191
0.330000	-0.291600	-0.315404	-0.279393	-0.285496	-0.273594	-0.276036	-0.321508	-0.312352	-0.256809	-0.277562
0.330100	-0.280919	-0.305028	-0.270848	-0.275120	-0.275425	-0.275425	-0.313573	-0.303502	-0.248264	-0.272373
0.330200	-0.273899	-0.290990	-0.269932	-0.269322	-0.279393	-0.275120	-0.303502	-0.297398	-0.239109	-0.265049
0.330300	-0.268711	-0.289464	-0.266270	-0.269932	-0.277867	-0.272679	-0.296788	-0.287938	-0.228428	-0.251316
0.330400	-0.264439	-0.288853	-0.257115	-0.275120	-0.271153	-0.271763	-0.289464	-0.276341	-0.218051	-0.241856
0.330500	-0.253147	-0.281834	-0.245212	-0.272984	-0.263218	-0.264439	-0.281834	-0.276646	-0.215915	-0.240635
0.330600	-0.243992	-0.271458	-0.242161	-0.265049	-0.260777	-0.256504	-0.272984	-0.274815	-0.210727	-0.237583
0.330700	-0.239109	-0.257725	-0.245823	-0.258335	-0.260472	-0.249790	-0.263829	-0.255589	-0.199741	-0.234531
0.330800	-0.233616	-0.247959	-0.243687	-0.255283	-0.262913	-0.244907	-0.255589	-0.241245	-0.190585	-0.228428
0.330900	-0.228428	-0.244602	-0.236667	-0.254063	-0.258030	-0.242771	-0.242161	-0.236362	-0.187533	-0.222019
0.331000	-0.222019	-0.242771	-0.229954	-0.253452	-0.252232	-0.239414	-0.230869	-0.231479	-0.181735	-0.217746
0.331100	-0.211948	-0.233310	-0.219883	-0.245823	-0.248569	-0.235752	-0.219883	-0.225681	-0.171054	-0.207065
0.331200	-0.207675	-0.215305	-0.214389	-0.234531	-0.240635	-0.229648	-0.208896	-0.215305	-0.163119	-0.188754
0.331300	-0.206760	-0.200656	-0.213779	-0.223240	-0.230259	-0.221103	-0.200656	-0.201266	-0.161898	-0.177768
0.331400	-0.202182	-0.194858	-0.210117	-0.215305	-0.225681	-0.208591	-0.191806	-0.188144	-0.154879	-0.177462
0.331500	-0.189364	-0.182956	-0.200046	-0.205234	-0.216220	-0.195468	-0.174411	-0.180209	-0.147250	-0.173190
0.331600	-0.174105	-0.171664	-0.188144	-0.195773	-0.201877	-0.184482	-0.164340	-0.174105	-0.143587	-0.159152
0.331700	-0.163729	-0.164950	-0.179904	-0.185092	-0.185397	-0.168917	-0.157931	-0.162509	-0.137484	-0.149386
0.331800	-0.160678	-0.154879	-0.168612	-0.175326	-0.175936	-0.159457	-0.149386	-0.148776	-0.131685	-0.141756
0.331900	-0.160067	-0.145113	-0.166781	-0.164340	-0.168917	-0.159762	-0.141146	-0.139620	-0.125887	-0.136873
0.332000	-0.157321	-0.138094	-0.166476	-0.151217	-0.161593	-0.152743	-0.135958	-0.134737	-0.116732	-0.135958
0.332100	-0.149386	-0.130770	-0.161288	-0.139925	-0.152438	-0.141756	-0.129549	-0.130770	-0.113069	-0.136568
0.332200	-0.137179	-0.124361	-0.149996	-0.133516	-0.141146	-0.130465	-0.126192	-0.127108	-0.113069	-0.131380
0.332300	-0.128328	-0.120394	-0.145113	-0.116121	-0.126803	-0.123751	-0.123140	-0.124361	-0.109407	-0.125582
0.332400	-0.122530	-0.111849	-0.141756	-0.102693	-0.119783	-0.118257	-0.117342	-0.118257	-0.107271	-0.124056
0.332500	-0.121309	-0.104524	-0.135042	-0.099336	-0.119478	-0.110323	-0.113375	-0.110933	-0.103914	-0.119478
0.332600	-0.119478	-0.102693	-0.129244	-0.096284	-0.116732	-0.106050	-0.113069	-0.107576	-0.098116	-0.114595
0.332700	-0.113069	-0.108492	-0.129244	-0.086519	-0.105745	-0.104830	-0.110628	-0.102998	-0.092622	-0.113069
0.332800	-0.106355	-0.113985	-0.124056	-0.075532	-0.097200	-0.105135	-0.106966	-0.102083	-0.090486	-0.113375
0.332900	-0.098116	-0.108797	-0.114290	-0.066377	-0.089570	-0.102083	-0.102693	-0.102083	-0.087739	-0.112154
0.333000	-0.087739	-0.099336	-0.113985	-0.060578	-0.089876	-0.101167	-0.099031	-0.095979	-0.086213	-0.113680
0.333100	-0.081331	-0.101778	-0.111849	-0.062104	-0.089265	-0.103609	-0.094148	-0.092622	-0.089265	-0.120394
0.333200	-0.081636	-0.103914	-0.098726	-0.066682	-0.091096	-0.102388	-0.093233	-0.094759	-0.087129	-0.124361
0.333300	-0.075227	-0.102998	-0.092012	-0.064546	-0.089265	-0.107881	-0.090181	-0.090791	-0.082856	-0.115816
0.333400	-0.073091	-0.099947	-0.094759	-0.056611	-0.087129	-0.110628	-0.087739	-0.084993	-0.077058	-0.108492
0.333500	-0.075837	-0.094759	-0.090486	-0.052644	-0.096284	-0.106661	-0.089876	-0.084993	-0.078279	-0.113985
0.333600	-0.072480	-0.093233	-0.092317	-0.059968	-0.097200	-0.106661	-0.084993	-0.082856	-0.084993	-0.117952
0.333700	-0.066682	-0.094453	-0.093233	-0.060578	-0.093538	-0.109712	-0.083467	-0.087434	-0.092622	-0.123445
0.333800	-0.061494	-0.094453	-0.092012	-0.062715	-0.097200	-0.110018	-0.081025	-0.089876	-0.094453	-0.123751
0.333900	-0.062409	-0.098116	-0.095979	-0.067903	-0.105745	-0.112459	-0.077058	-0.085298	-0.091707	-0.121004
0.334000	-0.070344	-0.100557	-0.099947	-0.074617	-0.105745	-0.117952	-0.077363	-0.078279	-0.092317	-0.122225
0.334100	-0.077363	-0.099336	-0.106355	-0.083467	-0.109407	-0.126497	-0.079194	-0.073396	-0.100252	-0.125582
0.334200	-0.082856	-0.101778	-0.116732	-0.096895	-0.118868	-0.136568	-0.083162	-0.079805	-0.114290	-0.135042
0.334300	-0.090181	-0.106355	-0.123445	-0.107881	-0.130465	-0.141146	-0.091707	-0.098116	-0.130160	-0.146944
0.334400	-0.096284	-0.111543	-0.130770	-0.116426	-0.134127	-0.141756	-0.089876	-0.107576	-0.142062	-0.150607
0.334500	-0.110323	-0.117647	-0.139010	-0.122530	-0.141451	-0.147860	-0.090486	-0.104830	-0.155184	-0.154269
0.334600	-0.125887	-0.118868	-0.148165	-0.138094	-0.150912	-0.155184	-0.102998	-0.108492	-0.164340	-0.159457
0.334700	-0.132906	-0.124361	-0.165866	-0.153353	-0.164034	-0.161288	-0.117647	-0.117647	-0.172579	-0.165866
0.334800	-0.139925	-0.138399	-0.183261	-0.165255	-0.170443	-0.176547	-0.130770	-0.131380	-0.184482	-0.178378
0.334900	-0.155795	-0.150912	-0.188449	-0.172274	-0.174411	-0.183871	-0.142672	-0.143282	-0.197604	-0.189059
0.335000	-0.165866	-0.158541	-0.189975	-0.176547	-0.175631	-0.188449	-0.142672	-0.153353	-0.209506	-0.190585
0.335100	-0.174411	-0.161593	-0.196384	-0.184176	-0.179904	-0.189670	-0.142672	-0.154879	-0.220493	-0.190890
0.335200	-0.187533	-0.164950	-0.208591	-0.193637	-0.196689	-0.189975	-0.154574	-0.160067	-0.229954	-0.204624
0.335300	-0.196689	-0.172885	-0.221103	-0.202182	-0.207370	-0.194858	-0.171054	-0.175936	-0.239414	-0.220798
0.335400	-0.210727	-0.191501	-0.224460	-0.214084	-0.202182	-0.203403	-0.188144	-0.189364	-0.245212	-0.226597
0.335500	-0.224765	-0.204318	-0.228122	-0.225681	-0.199130	-0.211643	-0.200046	-0.190890	-0.249180	-0.228428
0.335600	-0.227207	-0.210727	-0.236362	-0.231174	-0.209201	-0.217136	-0.210117	-0.200656	-0.254978	-0.234836
0.335700	-0.233005	-0.218051	-0.239109	-0.233616	-0.218051	-0.217441	-0.219883	-0.215305	-0.267796	-0.241550
0.335800	-0.241245	-0.229648	-0.242466	-0.233616	-0.219577	-0.221103	-0.228122	-0.224460	-0.272373	-0.247349
0.335900	-0.243076	-0.242771	-0.248264	-0.236973	-0.220493	-0.228122	-0.230564	-0.229954	-0.277867	-0.253758
0.336000	-0.246128	-0.250706	-0.250706	-0.239719	-0.225376	-0.230564	-0.242161	-0.240940	-0.281529	-0.264134
0.336100	-0.257420	-0.256504	-0.255589	-0.248875	-0.233616	-0.238804	-0.251011	-0.252232	-0.288243	-0.271763
0.336200	-0.266575	-0.264134	-0.265354	-0.258335	-0.242466	-0.250706	-0.255283	-0.251926	-0.290074	-0.277256
0.336300	-0.275120	-0.272984	-0.265660	-0.261997	-0.246738	-0.259861	-0.265049	-0.254978	-0.293431	-0.280308
0.336400	-0.286412	-0.284581	-0.262913	-0.263523	-0.250706	-0.265049	-0.275730	-0.266270	-0.297398	-0.281834
0.336500	-0.292515	-0.293736	-0.264134	-0.269932	-0.254978	-0.271458	-0.279698	-0.276341	-0.295262	-0.285191
0.336600	-0.291295	-0.294347	-0.265660	-0.272068	-0.258946	-0.275730	-0.283665	-0.282444	-0.294347	-0.294652
0.336700	-0.292210	-0.295567	-0.259861	-0.276036	-0.260472	-0.282139	-0.288548	-0.287633	-0.297398	-0.301366
0.336800	-0.298314	-0.302586	-0.259861	-0.285496	-0.268711	-0.285801	-0.299229	-0.287022	-0.298619	-0.293431
0.336900	-0.302892	-0.306859	-0.265965	-0.289158	-0.272984	-0.293736	-0.305333	-0.284581	-0.298619	-0.285496
0.337000	-0.302586	-0.312047	-0.270848	-0.287938	-0.277867	-0.301366	-0.302586	-0.287327	-0.301671	-0.290379
0.337100	-0.301061	-0.313573	-0.267186	-0.291295	-0.282444	-0.302892	-0.294957	-0.292821	-0.301366	-0.291600
0.337200	-0.301061	-0.312962	-0.265049	-0.297093	-0.280613	-0.305028	-0.289464	-0.289158	-0.296788	-0.286717
0.337300	-0.300145	-0.312352	-0.268406	-0.298924	-0.284276	-0.306859	-0.294347	-0.283970	-0.292515	-0.287633
0.337400	-0.301366	-0.312657	-0.275730	-0.306554	-0.298314	-0.305028	-0.302892	-0.290379	-0.294652	-0.288243
0.337500	-0.312047	-0.311131	-0.277562	-0.316625	-0.301671	-0.311131	-0.304112	-0.298314	-0.301366	-0.288243
0.337600	-0.315709	-0.310521	-0.277562	-0.318456	-0.295262	-0.318761	-0.300755	-0.297704	-0.301366	-0.280919
0.337700	-0.307775	-0.309300	-0.277256	-0.316625	-0.294041	-0.312352	-0.298619	-0.291600	-0.298009	-0.275425
0.337800	-0.307164	-0.308690	-0.276951	-0.321508	-0.296788	-0.305943	-0.293736	-0.281834	-0.299535	-0.272373
0.337900	-0.311437	-0.310216	-0.284581	-0.326085	-0.299840	-0.301366	-0.296788	-0.284581	-0.298009	-0.265965
0.338000	-0.312047	-0.313268	-0.288548	-0.326085	-0.303197	-0.298924	-0.300450	-0.293431	-0.295262	-0.261387
0.338100	-0.311437	-0.310826	-0.280003	-0.324559	-0.299840	-0.298619	-0.293126	-0.292821	-0.298009	-0.267796
0.338200	-0.307469	-0.303197	-0.273594	-0.325780	-0.292821	-0.294652	-0.283360	-0.286107	-0.294041	-0.262608
0.338300	-0.304112	-0.295872	-0.274510	-0.321813	-0.287938	-0.287938	-0.278782	-0.277867	-0.288548	-0.254063
0.338400	-0.309606	-0.294347	-0.276036	-0.315709	-0.285191	-0.274815	-0.278477	-0.272984	-0.289158	-0.251926
0.338500	-0.315709	-0.293126	-0.276646	-0.314183	-0.280919	-0.263218	-0.280308	-0.278172	-0.287327	-0.251316
0.338600	-0.317540	-0.290074	-0.273899	-0.308385	-0.269932	-0.260777	-0.281834	-0.285496	-0.280613	-0.242771
0.338700	-0.310216	-0.287022	-0.270848	-0.300145	-0.258640	-0.260166	-0.280919	-0.286717	-0.271763	-0.237278
0.338800	-0.300755	-0.282139	-0.263523	-0.291295	-0.253758	-0.251926	-0.274510	-0.280919	-0.260472	-0.236667
0.338900	-0.294041	-0.270543	-0.248569	-0.280308	-0.246433	-0.237583	-0.268406	-0.269322	-0.255589	-0.233921
0.339000	-0.286412	-0.265660	-0.240635	-0.272679	-0.234226	-0.223850	-0.264439	-0.261997	-0.254673	-0.227512
0.339100	-0.276646	-0.264439	-0.235752	-0.265049	-0.225376	-0.213779	-0.258946	-0.259556	-0.248875	-0.217746
0.339200	-0.270848	-0.262608	-0.226291	-0.255283	-0.213474	-0.210727	-0.253452	-0.260166	-0.238804	-0.207370
0.339300	-0.261997	-0.254368	-0.212863	-0.238804	-0.197299	-0.206760	-0.243076	-0.257420	-0.222324	-0.200961
0.339400	-0.251926	-0.239414	-0.196689	-0.218051	-0.186923	-0.195468	-0.233005	-0.242466	-0.207065	-0.196384
0.339500	-0.243076	-0.224155	-0.188754	-0.203403	-0.182345	-0.182040	-0.230259	-0.230869	-0.193942	-0.193027
0.339600	-0.230564	-0.218967	-0.184787	-0.199130	-0.178988	-0.173800	-0.228428	-0.228733	-0.187228	-0.186923
0.339700	-0.218967	-0.218051	-0.181735	-0.195163	-0.172274	-0.173190	-0.222019	-0.225376	-0.179904	-0.177462
0.339800	-0.213779	-0.216526	-0.166171	-0.182650	-0.162509	-0.171359	-0.211337	-0.220188	-0.171359	-0.172274
0.339900	-0.205234	-0.203708	-0.154574	-0.160678	-0.149081	-0.163729	-0.199130	-0.214389	-0.160678	-0.168002
0.340000	-0.192721	-0.184787	-0.145113	-0.147250	-0.142367	-0.150912	-0.187533	-0.202487	-0.147860	-0.155489
0.340100	-0.181125	-0.176547	-0.140536	-0.141451	-0.145419	-0.143282	-0.192721	-0.191195	-0.136873	-0.146334
0.340200	-0.170748	-0.171359	-0.138094	-0.144198	-0.149081	-0.141756	-0.189670	-0.187839	-0.130465	-0.148165
0.340300	-0.161898	-0.167391	-0.132296	-0.149081	-0.152133	-0.144503	-0.174716	-0.189670	-0.128328	-0.150912
0.340400	-0.152133	-0.164645	-0.126497	-0.149691	-0.144503	-0.149081	-0.166476	-0.178988	-0.118868	-0.149386
0.340500	-0.147250	-0.159152	-0.127108	-0.141146	-0.142672	-0.147250	-0.165866	-0.166476	-0.111849	-0.144808
0.340600	-0.142672	-0.149081	-0.131685	-0.137484	-0.153658	-0.141451	-0.163119	-0.160678	-0.112459	-0.137484
0.340700	-0.139010	-0.144808	-0.138399	-0.142062	-0.155795	-0.135958	-0.164034	-0.157931	-0.111849	-0.128023
0.340800	-0.137484	-0.139620	-0.139925	-0.141146	-0.148165	-0.137789	-0.163729	-0.157321	-0.109102	-0.123140
0.340900	-0.136873	-0.135348	-0.137179	-0.131380	-0.146944	-0.142977	-0.151522	-0.155489	-0.103609	-0.124971
0.341000	-0.130465	-0.130770	-0.137789	-0.130465	-0.150301	-0.141451	-0.136568	-0.149386	-0.102388	-0.130160
0.341100	-0.121309	-0.124056	-0.140536	-0.130160	-0.155489	-0.134127	-0.130770	-0.141451	-0.105745	-0.129854
0.341200	-0.119783	-0.117647	-0.142977	-0.135042	-0.163729	-0.130465	-0.132601	-0.136873	-0.111849	-0.130770
0.341300	-0.122530	-0.113680	-0.146639	-0.142367	-0.164340	-0.128328	-0.135653	-0.137789	-0.118563	-0.126497
0.341400	-0.125277	-0.109407	-0.153048	-0.145113	-0.154269	-0.136568	-0.135958	-0.135348	-0.121004	-0.118563
0.341500	-0.127718	-0.111543	-0.149996	-0.132601	-0.145419	-0.142977	-0.131380	-0.128939	-0.114900	-0.120394
0.341600	-0.124056	-0.109407	-0.150912	-0.127718	-0.148165	-0.135958	-0.124056	-0.129244	-0.114595	-0.129549
0.341700	-0.119173	-0.104219	-0.152438	-0.131991	-0.153658	-0.126497	-0.122530	-0.132601	-0.117952	-0.130160
0.341800	-0.120394	-0.104219	-0.153353	-0.135653	-0.160372	-0.126497	-0.130465	-0.137484	-0.120699	-0.129549
0.341900	-0.121309	-0.107576	-0.157015	-0.139010	-0.161593	-0.126192	-0.132296	-0.140841	-0.131075	-0.135042
0.342000	-0.126803	-0.108492	-0.160372	-0.135958	-0.158541	-0.130160	-0.127413	-0.141756	-0.139315	-0.143893
0.342100	-0.132601	-0.113680	-0.159152	-0.128939	-0.150912	-0.130465	-0.128023	-0.142977	-0.140841	-0.153353
0.342200	-0.135348	-0.116732	-0.161593	-0.124056	-0.149386	-0.124056	-0.138705	-0.147555	-0.148165	-0.159457
0.342300	-0.138705	-0.122225	-0.165255	-0.124666	-0.156405	-0.124666	-0.150301	-0.150912	-0.156710	-0.163729
0.342400	-0.139315	-0.130770	-0.171359	-0.133516	-0.160067	-0.135653	-0.156100	-0.162814	-0.156100	-0.168612
0.342500	-0.136263	-0.136568	-0.177157	-0.143282	-0.162203	-0.145113	-0.157015	-0.174716	-0.160983	-0.177768
0.342600	-0.139315	-0.140536	-0.179293	-0.145113	-0.160983	-0.146944	-0.162509	-0.173495	-0.165560	-0.188754
0.342700	-0.146334	-0.146334	-0.178988	-0.142062	-0.162203	-0.147555	-0.170443	-0.170748	-0.168002	-0.197604
0.342800	-0.150912	-0.149081	-0.183871	-0.140841	-0.164950	-0.151217	-0.176547	-0.172579	-0.171969	-0.202792
0.342900	-0.155489	-0.156405	-0.187228	-0.141146	-0.163119	-0.160983	-0.180514	-0.181735	-0.175631	-0.202487
0.343000	-0.156710	-0.165255	-0.189670	-0.139315	-0.168002	-0.173800	-0.183566	-0.193027	-0.174716	-0.207981
0.343100	-0.156100	-0.172274	-0.192721	-0.142062	-0.180209	-0.178378	-0.184176	-0.196994	-0.179904	-0.214084
0.343200	-0.158236	-0.179293	-0.193637	-0.145724	-0.190585	-0.178073	-0.186007	-0.197299	-0.188449	-0.223240
0.343300	-0.159152	-0.182956	-0.201877	-0.158236	-0.203098	-0.186923	-0.192721	-0.196078	-0.198825	-0.236667
0.343400	-0.159762	-0.184482	-0.216220	-0.171969	-0.213474	-0.206455	-0.205844	-0.200351	-0.207981	-0.244602
0.343500	-0.167697	-0.191501	-0.221714	-0.184787	-0.217441	-0.227207	-0.215915	-0.212253	-0.211948	-0.243992
0.343600	-0.174716	-0.201877	-0.222019	-0.191806	-0.218967	-0.241245	-0.220188	-0.218051	-0.214389	-0.245212
0.343700	-0.181735	-0.210422	-0.223240	-0.189975	-0.224765	-0.251011	-0.226291	-0.219883	-0.212253	-0.249180
0.343800	-0.183566	-0.212863	-0.229038	-0.187228	-0.235752	-0.251621	-0.222934	-0.221714	-0.212863	-0.254368
0.343900	-0.183871	-0.210727	-0.234836	-0.203708	-0.249485	-0.248875	-0.219272	-0.222934	-0.217746	-0.253452
0.344000	-0.184787	-0.210727	-0.241245	-0.219883	-0.261387	-0.259556	-0.221103	-0.221103	-0.229038	-0.250401
0.344100	-0.189059	-0.214084	-0.245518	-0.225681	-0.269017	-0.277256	-0.222019	-0.222934	-0.231785	-0.252842
0.344200	-0.194247	-0.221103	-0.249790	-0.228733	-0.272373	-0.282139	-0.220493	-0.220188	-0.234836	-0.259556
0.344300	-0.206455	-0.225681	-0.250401	-0.228733	-0.272984	-0.283665	-0.224460	-0.220798	-0.240940	-0.259556
0.344400	-0.215000	-0.229954	-0.249485	-0.230564	-0.274815	-0.285496	-0.224765	-0.218967	-0.246433	-0.259861
0.344500	-0.216831	-0.228428	-0.255589	-0.243992	-0.280003	-0.289769	-0.222019	-0.217136	-0.253452	-0.254978
0.344600	-0.213779	-0.225986	-0.268101	-0.255589	-0.277256	-0.292210	-0.223850	-0.218051	-0.262913	-0.251316
0.344700	-0.221714	-0.232090	-0.272068	-0.257725	-0.275120	-0.295872	-0.222934	-0.220493	-0.263218	-0.253758
0.344800	-0.235142	-0.236057	-0.274205	-0.259861	-0.277562	-0.291905	-0.216831	-0.217746	-0.260166	-0.257115
0.344900	-0.241856	-0.233921	-0.270237	-0.259251	-0.281529	-0.285801	-0.220493	-0.216220	-0.268711	-0.254673
0.345000	-0.248569	-0.235447	-0.272068	-0.257725	-0.280919	-0.283970	-0.232395	-0.219272	-0.285801	-0.260472
0.345100	-0.253147	-0.240024	-0.282750	-0.262608	-0.277867	-0.286717	-0.239719	-0.229038	-0.294041	-0.266880
0.345200	-0.254368	-0.247959	-0.288548	-0.269322	-0.273594	-0.286412	-0.241550	-0.240330	-0.298009	-0.271458
0.345300	-0.256504	-0.256809	-0.283970	-0.272068	-0.266575	-0.283970	-0.238193	-0.237583	-0.300450	-0.276341
0.345400	-0.265049	-0.260472	-0.283970	-0.272373	-0.269932	-0.276951	-0.243076	-0.235752	-0.300755	-0.282750
0.345500	-0.269017	-0.260777	-0.288243	-0.275425	-0.280919	-0.278782	-0.251621	-0.244602	-0.310216	-0.289769
0.345600	-0.271458	-0.266270	-0.294957	-0.287327	-0.276341	-0.283360	-0.259251	-0.256504	-0.321508	-0.293126
0.345700	-0.276951	-0.275120	-0.293431	-0.292515	-0.264439	-0.286717	-0.268711	-0.260777	-0.320897	-0.288243
0.345800	-0.283665	-0.285801	-0.286107	-0.285801	-0.258946	-0.287938	-0.272679	-0.265049	-0.312657	-0.290990
0.345900	-0.283055	-0.281529	-0.280003	-0.274815	-0.250706	-0.278782	-0.267796	-0.266575	-0.310216	-0.294347
0.346000	-0.278172	-0.275425	-0.275730	-0.272679	-0.253147	-0.270543	-0.268406	-0.268711	-0.311742	-0.294957
0.346100	-0.277867	-0.278172	-0.276036	-0.276951	-0.261387	-0.272068	-0.273899	-0.274815	-0.305638	-0.296178
0.346200	-0.277562	-0.282750	-0.272373	-0.280003	-0.260472	-0.272068	-0.272679	-0.281529	-0.301061	-0.291600
0.346300	-0.275120	-0.285496	-0.262303	-0.277256	-0.252232	-0.275120	-0.269627	-0.280308	-0.301061	-0.285191
0.346400	-0.277256	-0.289769	-0.248875	-0.268406	-0.240024	-0.274815	-0.265354	-0.270848	-0.294652	-0.287938
0.346500	-0.276036	-0.287327	-0.243381	-0.264744	-0.233616	-0.270237	-0.262913	-0.261997	-0.282750	-0.286412
0.346600	-0.263523	-0.281529	-0.239109	-0.266880	-0.234531	-0.265660	-0.263829	-0.259556	-0.275425	-0.272984
0.346700	-0.258335	-0.277562	-0.233616	-0.262608	-0.235142	-0.265354	-0.265354	-0.263218	-0.266575	-0.257115
0.346800	-0.258030	-0.268101	-0.227817	-0.256504	-0.234531	-0.265354	-0.253758	-0.261082	-0.251926	-0.246128
0.346900	-0.253452	-0.260166	-0.218051	-0.254368	-0.229343	-0.259556	-0.237888	-0.253758	-0.240635	-0.242161
0.347000	-0.248569	-0.258946	-0.208286	-0.242161	-0.219272	-0.251316	-0.230259	-0.237583	-0.233616	-0.236362
0.347100	-0.245823	-0.256199	-0.202487	-0.235142	-0.222019	-0.241550	-0.225986	-0.228122	-0.225681	-0.222019
0.347200	-0.240940	-0.246433	-0.199435	-0.243076	-0.222934	-0.237278	-0.218967	-0.226291	-0.221714	-0.210117
0.347300	-0.237888	-0.241550	-0.193637	-0.247349	-0.215000	-0.236973	-0.218357	-0.219577	-0.220798	-0.202182
0.347400	-0.233310	-0.235447	-0.188144	-0.243687	-0.203098	-0.232395	-0.216831	-0.214084	-0.212863	-0.194247
0.347500	-0.228428	-0.224460	-0.181125	-0.237583	-0.197604	-0.223240	-0.202792	-0.202182	-0.196384	-0.187228
0.347600	-0.225071	-0.215915	-0.176852	-0.231785	-0.192111	-0.213474	-0.190585	-0.189364	-0.189364	-0.175936
0.347700	-0.218967	-0.209201	-0.179293	-0.228428	-0.188144	-0.204929	-0.186313	-0.182650	-0.191501	-0.156100
0.347800	-0.218051	-0.202182	-0.183566	-0.227207	-0.189670	-0.203403	-0.182956	-0.182040	-0.191806	-0.148470
0.347900	-0.216220	-0.197604	-0.182956	-0.220188	-0.182345	-0.200961	-0.175936	-0.178073	-0.185092	-0.145113
0.348000	-0.211032	-0.191806	-0.172885	-0.214389	-0.169528	-0.188449	-0.171969	-0.170138	-0.173800	-0.136568
0.348100	-0.204318	-0.181735	-0.163119	-0.205844	-0.158846	-0.170443	-0.168307	-0.164034	-0.168002	-0.129549
0.348200	-0.203098	-0.169833	-0.156710	-0.202792	-0.156710	-0.157931	-0.160067	-0.161593	-0.168002	-0.123751
0.348300	-0.201266	-0.162814	-0.157015	-0.199130	-0.158541	-0.152133	-0.153048	-0.159762	-0.168002	-0.118868
0.348400	-0.202182	-0.164340	-0.157321	-0.193637	-0.160372	-0.146944	-0.157015	-0.158541	-0.169833	-0.122530
0.348500	-0.203403	-0.171359	-0.154879	-0.192111	-0.150607	-0.142977	-0.159457	-0.160678	-0.170443	-0.126803
0.348600	-0.205234	-0.173190	-0.153353	-0.188144	-0.142672	-0.134737	-0.160983	-0.157321	-0.168917	-0.129549
0.348700	-0.206455	-0.167697	-0.154879	-0.185702	-0.145113	-0.126192	-0.166171	-0.157321	-0.172579	-0.130770
0.348800	-0.204624	-0.162814	-0.158541	-0.185702	-0.147860	-0.124666	-0.171664	-0.168917	-0.172885	-0.132296
0.348900	-0.203403	-0.160983	-0.161593	-0.184176	-0.153964	-0.128939	-0.175326	-0.183871	-0.168002	-0.137789
0.349000	-0.202487	-0.165255	-0.160678	-0.180209	-0.156100	-0.124666	-0.177768	-0.187533	-0.169528	-0.146639
0.349100	-0.201572	-0.172885	-0.160678	-0.175936	-0.155184	-0.120394	-0.181735	-0.183871	-0.175326	-0.155489
0.349200	-0.206760	-0.179599	-0.164034	-0.168307	-0.157321	-0.119478	-0.185397	-0.186923	-0.177768	-0.160678
0.349300	-0.213474	-0.189059	-0.167697	-0.167391	-0.162814	-0.119478	-0.193027	-0.201266	-0.178378	-0.160372
0.349400	-0.211032	-0.195468	-0.165255	-0.174716	-0.159152	-0.127718	-0.195773	-0.211337	-0.177157	-0.158846
0.349500	-0.209201	-0.196994	-0.159762	-0.180514	-0.156710	-0.134737	-0.200656	-0.214389	-0.180209	-0.165866
0.349600	-0.212863	-0.200961	-0.159457	-0.182345	-0.160678	-0.137179	-0.206455	-0.210117	-0.180514	-0.174105
0.349700	-0.211032	-0.199741	-0.161593	-0.171664	-0.161898	-0.138705	-0.209201	-0.201266	-0.171054	-0.173190
0.349800	-0.205539	-0.197299	-0.165866	-0.166171	-0.166171	-0.139620	-0.209506	-0.204624	-0.163119	-0.171969
0.349900	-0.203708	-0.203098	-0.166171	-0.174105	-0.171664	-0.138399	-0.211948	-0.214389	-0.163729	-0.172885
0.350000	-0.209201	-0.211643	-0.166781	-0.184787	-0.175631	-0.147250	-0.214084	-0.224765	-0.160678	-0.174411
0.350100	-0.207370	-0.212863	-0.166171	-0.186007	-0.169833	-0.158236	-0.212863	-0.224460	-0.155489	-0.178988
0.350200	-0.199741	-0.204929	-0.164034	-0.181430	-0.166171	-0.160067	-0.207981	-0.218051	-0.147250	-0.177462
0.350300	-0.189975	-0.197299	-0.162203	-0.171054	-0.164645	-0.153964	-0.201877	-0.206455	-0.138399	-0.168917
0.350400	-0.184176	-0.191195	-0.166476	-0.172274	-0.172274	-0.152438	-0.200351	-0.195468	-0.134737	-0.160067
0.350500	-0.183566	-0.194247	-0.168002	-0.177462	-0.182345	-0.159152	-0.203098	-0.193027	-0.139620	-0.160372
0.350600	-0.185397	-0.197909	-0.171054	-0.184482	-0.185092	-0.165866	-0.200961	-0.195163	-0.141451	-0.165560
0.350700	-0.185702	-0.197299	-0.167697	-0.187228	-0.179599	-0.166781	-0.197604	-0.196078	-0.136568	-0.167697
0.350800	-0.181125	-0.194247	-0.168612	-0.180209	-0.176547	-0.170443	-0.195163	-0.184787	-0.132906	-0.162509
0.350900	-0.180514	-0.184787	-0.178683	-0.176547	-0.185397	-0.169528	-0.196078	-0.180514	-0.132296	-0.160678
0.351000	-0.183261	-0.173190	-0.186923	-0.184176	-0.199435	-0.171359	-0.191806	-0.182650	-0.135348	-0.160372
0.351100	-0.182650	-0.171054	-0.191806	-0.189975	-0.200046	-0.181125	-0.185397	-0.183871	-0.138399	-0.162203
0.351200	-0.184482	-0.172274	-0.197604	-0.188449	-0.195163	-0.183566	-0.186007	-0.179599	-0.142672	-0.167086
0.351300	-0.189670	-0.172885	-0.199741	-0.184482	-0.202792	-0.173800	-0.187839	-0.173495	-0.149691	-0.172274
0.351400	-0.194858	-0.175936	-0.203708	-0.181125	-0.208591	-0.173190	-0.185702	-0.171969	-0.157015	-0.171359
0.351500	-0.196994	-0.178988	-0.210117	-0.183566	-0.210117	-0.183261	-0.190585	-0.178683	-0.164950	-0.175631
0.351600	-0.199435	-0.181430	-0.208896	-0.189670	-0.211337	-0.188754	-0.193332	-0.182040	-0.169833	-0.182040
0.351700	-0.199130	-0.185092	-0.213474	-0.192721	-0.213779	-0.192721	-0.193637	-0.175936	-0.175936	-0.185702
0.351800	-0.204929	-0.189364	-0.215915	-0.185702	-0.212863	-0.194247	-0.200961	-0.178073	-0.178683	-0.189975
0.351900	-0.205234	-0.183566	-0.210422	-0.175631	-0.211337	-0.189670	-0.202487	-0.177462	-0.182956	-0.192721
0.352000	-0.201572	-0.178073	-0.213474	-0.169528	-0.213169	-0.184482	-0.200046	-0.180514	-0.187839	-0.197604
0.352100	-0.197604	-0.183261	-0.220798	-0.171054	-0.215000	-0.184176	-0.199435	-0.190585	-0.188754	-0.207675
0.352200	-0.198520	-0.193332	-0.226291	-0.181735	-0.212253	-0.192111	-0.201572	-0.198825	-0.194552	-0.211337
0.352300	-0.197604	-0.199130	-0.224765	-0.184482	-0.208591	-0.199130	-0.205539	-0.197909	-0.196994	-0.215000
0.352400	-0.196689	-0.200351	-0.216526	-0.176547	-0.204318	-0.195163	-0.207065	-0.200351	-0.198825	-0.222324
0.352500	-0.193027	-0.198825	-0.210727	-0.167391	-0.206149	-0.188754	-0.204624	-0.199741	-0.203708	-0.228733
0.352600	-0.189975	-0.196384	-0.216526	-0.165560	-0.210422	-0.185397	-0.204624	-0.203403	-0.204624	-0.233921
0.352700	-0.190280	-0.205539	-0.215000	-0.169528	-0.211337	-0.189975	-0.211643	-0.210727	-0.207065	-0.239414
0.352800	-0.188449	-0.214389	-0.210727	-0.170443	-0.207675	-0.200656	-0.217746	-0.214084	-0.214084	-0.242466
0.352900	-0.182040	-0.216831	-0.213169	-0.168002	-0.199741	-0.207675	-0.218662	-0.211643	-0.204929	-0.246738
0.353000	-0.176852	-0.213474	-0.208591	-0.164645	-0.196078	-0.205844	-0.211948	-0.208591	-0.196384	-0.249790
0.353100	-0.174716	-0.212253	-0.204624	-0.167391	-0.200351	-0.203708	-0.202182	-0.210422	-0.202792	-0.249180
0.353200	-0.176547	-0.210727	-0.205844	-0.173495	-0.205234	-0.215000	-0.205539	-0.218357	-0.205844	-0.250706
0.353300	-0.180209	-0.210117	-0.205539	-0.175326	-0.208896	-0.224765	-0.210422	-0.223850	-0.201877	-0.252842
0.353400	-0.175326	-0.210422	-0.201877	-0.173495	-0.209506	-0.225376	-0.211032	-0.210727	-0.197909	-0.255283
0.353500	-0.169528	-0.211337	-0.201877	-0.170443	-0.207675	-0.222019	-0.206149	-0.198825	-0.192721	-0.250706
0.353600	-0.167086	-0.207675	-0.199130	-0.173495	-0.207981	-0.222934	-0.202182	-0.195163	-0.189364	-0.243687
0.353700	-0.166476	-0.207981	-0.196384	-0.183261	-0.213169	-0.229648	-0.197299	-0.197604	-0.194552	-0.240940
0.353800	-0.166781	-0.212863	-0.198520	-0.192111	-0.218357	-0.236057	-0.189670	-0.201572	-0.197909	-0.241856
0.353900	-0.167086	-0.208591	-0.196078	-0.194552	-0.216526	-0.240330	-0.186007	-0.202487	-0.197909	-0.237583
0.354000	-0.166781	-0.199741	-0.193637	-0.184482	-0.212253	-0.240635	-0.188144	-0.189670	-0.195163	-0.235142
0.354100	-0.165866	-0.193027	-0.199435	-0.173800	-0.213779	-0.231785	-0.186007	-0.173800	-0.190280	-0.227207
0.354200	-0.167391	-0.188144	-0.207370	-0.177462	-0.218051	-0.231479	-0.178988	-0.175631	-0.190585	-0.220493
0.354300	-0.166476	-0.185702	-0.204624	-0.189670	-0.207370	-0.240635	-0.168612	-0.178988	-0.195163	-0.212558
0.354400	-0.163119	-0.180209	-0.196384	-0.192721	-0.197604	-0.242466	-0.158236	-0.173800	-0.195163	-0.203098
0.354500	-0.160067	-0.172579	-0.189364	-0.187839	-0.197299	-0.234531	-0.152743	-0.161288	-0.194552	-0.194858
0.354600	-0.156100	-0.163119	-0.188144	-0.181735	-0.198520	-0.223240	-0.147860	-0.150301	-0.197604	-0.188144
0.354700	-0.154879	-0.151217	-0.193332	-0.174105	-0.197909	-0.214389	-0.144198	-0.142367	-0.202792	-0.189670
0.354800	-0.159152	-0.148776	-0.196689	-0.169833	-0.197299	-0.215305	-0.141451	-0.142977	-0.209201	-0.193942
0.354900	-0.164034	-0.152438	-0.197299	-0.176242	-0.192721	-0.221103	-0.145724	-0.152133	-0.208591	-0.191806
0.355000	-0.167697	-0.155489	-0.192111	-0.177462	-0.189059	-0.220798	-0.152438	-0.154879	-0.206455	-0.190280
0.355100	-0.167391	-0.150912	-0.189975	-0.171664	-0.181735	-0.212253	-0.149386	-0.142977	-0.209506	-0.192111
0.355200	-0.163729	-0.145113	-0.190280	-0.166781	-0.177462	-0.197604	-0.148165	-0.141756	-0.217136	-0.188144
0.355300	-0.162203	-0.138705	-0.185397	-0.167391	-0.171664	-0.193637	-0.147860	-0.152743	-0.222629	-0.182345
0.355400	-0.163119	-0.140536	-0.183261	-0.164645	-0.164340	-0.197299	-0.144198	-0.158236	-0.220188	-0.186313
0.355500	-0.165560	-0.144198	-0.186007	-0.161898	-0.158236	-0.189059	-0.146944	-0.156405	-0.216220	-0.188144
0.355600	-0.162509	-0.152133	-0.183261	-0.160983	-0.156100	-0.182650	-0.153353	-0.156405	-0.215000	-0.187228
0.355700	-0.160372	-0.153658	-0.177462	-0.160067	-0.153658	-0.183261	-0.155795	-0.153658	-0.216831	-0.186007
0.355800	-0.161288	-0.154269	-0.175936	-0.165560	-0.152743	-0.176547	-0.152743	-0.155795	-0.218662	-0.189975
0.355900	-0.163729	-0.161898	-0.172274	-0.168612	-0.154574	-0.175936	-0.158236	-0.167697	-0.222629	-0.191501
0.356000	-0.164950	-0.168307	-0.174105	-0.167086	-0.153353	-0.180209	-0.160983	-0.174716	-0.223240	-0.192721
0.356100	-0.164645	-0.162814	-0.171969	-0.166476	-0.147555	-0.175631	-0.161898	-0.172579	-0.217746	-0.194858
0.356200	-0.168612	-0.164950	-0.164950	-0.162203	-0.142062	-0.174716	-0.164034	-0.173495	-0.211337	-0.196689
0.356300	-0.174105	-0.172274	-0.163119	-0.157321	-0.146639	-0.175631	-0.169833	-0.177462	-0.202792	-0.194247
0.356400	-0.172885	-0.174716	-0.169528	-0.164950	-0.158846	-0.169833	-0.170748	-0.183261	-0.200961	-0.192111
0.356500	-0.170138	-0.185092	-0.167391	-0.177157	-0.159152	-0.171664	-0.165866	-0.184482	-0.208286	-0.190585
0.356600	-0.167391	-0.190280	-0.162203	-0.183871	-0.153048	-0.179904	-0.168917	-0.187533	-0.215305	-0.180514
0.356700	-0.164645	-0.179904	-0.161288	-0.186007	-0.155795	-0.183566	-0.178378	-0.189059	-0.210422	-0.178683
0.356800	-0.168612	-0.179904	-0.168002	-0.188144	-0.159762	-0.182956	-0.180514	-0.190585	-0.199741	-0.185702
0.356900	-0.177462	-0.188144	-0.165560	-0.190890	-0.166476	-0.183261	-0.183871	-0.196384	-0.194858	-0.193332
0.357000	-0.183566	-0.187228	-0.162509	-0.198520	-0.182650	-0.191501	-0.189670	-0.200656	-0.201877	-0.188754
0.357100	-0.189059	-0.192111	-0.169528	-0.211032	-0.190585	-0.203098	-0.187533	-0.204624	-0.200656	-0.188449
0.357200	-0.196384	-0.202487	-0.176242	-0.224460	-0.191806	-0.204624	-0.189059	-0.210117	-0.201572	-0.189364
0.357300	-0.200656	-0.205234	-0.182956	-0.231785	-0.200351	-0.204929	-0.200961	-0.207981	-0.206149	-0.189364
0.357400	-0.205844	-0.201266	-0.184787	-0.236667	-0.211032	-0.205234	-0.210727	-0.203403	-0.208896	-0.191195
0.357500	-0.210727	-0.200351	-0.185092	-0.243076	-0.212558	-0.207981	-0.208591	-0.206760	-0.210117	-0.186313
0.357600	-0.217136	-0.203098	-0.189364	-0.247959	-0.218051	-0.217441	-0.204624	-0.216220	-0.210727	-0.173190
0.357700	-0.224765	-0.207370	-0.199741	-0.247654	-0.223850	-0.222629	-0.207370	-0.221714	-0.216526	-0.173800
0.357800	-0.228733	-0.205234	-0.212558	-0.259861	-0.229343	-0.222019	-0.216526	-0.216831	-0.223240	-0.188449
0.357900	-0.235447	-0.210727	-0.228733	-0.269017	-0.239414	-0.222934	-0.221714	-0.215915	-0.232395	-0.190890
0.358000	-0.246738	-0.216831	-0.230564	-0.277256	-0.245518	-0.227512	-0.223850	-0.222629	-0.233921	-0.185092
0.358100	-0.252232	-0.215000	-0.228122	-0.281529	-0.243076	-0.234836	-0.228122	-0.230869	-0.234226	-0.183871
0.358200	-0.259556	-0.223240	-0.229343	-0.281224	-0.244602	-0.231785	-0.234226	-0.237583	-0.236362	-0.193027
0.358300	-0.265660	-0.230564	-0.232090	-0.275730	-0.240330	-0.225681	-0.242161	-0.240330	-0.240635	-0.197299
0.358400	-0.268406	-0.220493	-0.237278	-0.274510	-0.239719	-0.225071	-0.251621	-0.239109	-0.245823	-0.196689
0.358500	-0.274510	-0.220188	-0.248875	-0.279698	-0.250401	-0.223850	-0.254063	-0.243381	-0.249485	-0.197604
0.358600	-0.283360	-0.240024	-0.263829	-0.284581	-0.262303	-0.223850	-0.255589	-0.253147	-0.253758	-0.203098
0.358700	-0.283970	-0.254673	-0.272373	-0.287022	-0.263829	-0.225071	-0.261997	-0.254673	-0.260777	-0.211032
0.358800	-0.283970	-0.263218	-0.271763	-0.291600	-0.258640	-0.227207	-0.272373	-0.255589	-0.266270	-0.222629
0.358900	-0.286412	-0.267796	-0.271458	-0.293126	-0.254368	-0.229343	-0.284276	-0.265660	-0.263523	-0.233310
0.359000	-0.291905	-0.265660	-0.276036	-0.286717	-0.254978	-0.227512	-0.286717	-0.276646	-0.257420	-0.228122
0.359100	-0.296178	-0.272679	-0.274510	-0.281834	-0.252842	-0.223545	-0.286412	-0.283665	-0.254368	-0.226291
0.359200	-0.297704	-0.282750	-0.267796	-0.281529	-0.251316	-0.229648	-0.287327	-0.283665	-0.257115	-0.227817
0.359300	-0.297398	-0.294347	-0.270237	-0.278172	-0.249485	-0.234226	-0.282444	-0.282444	-0.252232	-0.226291
0.359400	-0.295262	-0.300755	-0.272984	-0.270543	-0.246433	-0.229648	-0.287633	-0.277562	-0.243381	-0.226597
0.359500	-0.293126	-0.295872	-0.268101	-0.265354	-0.247349	-0.226597	-0.300145	-0.276951	-0.232090	-0.232090
0.359600	-0.289769	-0.292210	-0.264439	-0.267186	-0.251316	-0.225376	-0.295872	-0.278172	-0.224155	-0.234836
0.359700	-0.284581	-0.299535	-0.257115	-0.267186	-0.245212	-0.222934	-0.288548	-0.278172	-0.222934	-0.232395
0.359800	-0.281834	-0.304418	-0.247654	-0.265354	-0.240940	-0.226291	-0.282139	-0.273899	-0.229343	-0.223850
0.359900	-0.287327	-0.306859	-0.249180	-0.264439	-0.244602	-0.231479	-0.282750	-0.269932	-0.225376	-0.222324
0.360000	-0.288243	-0.306554	-0.256809	-0.259556	-0.247044	-0.225376	-0.286717	-0.267796	-0.212863	-0.231174
0.360100	-0.280308	-0.303807	-0.251926	-0.252232	-0.248264	-0.224460	-0.284276	-0.269322	-0.199435	-0.231479
0.360200	-0.265354	-0.300145	-0.242161	-0.256809	-0.251316	-0.227512	-0.275425	-0.268711	-0.192721	-0.225376
0.360300	-0.258030	-0.300755	-0.233921	-0.261997	-0.254673	-0.227207	-0.268711	-0.267796	-0.193027	-0.223240
0.360400	-0.257115	-0.295567	-0.229038	-0.250706	-0.252537	-0.228428	-0.268101	-0.267186	-0.197299	-0.220188
0.360500	-0.257420	-0.286107	-0.223545	-0.243076	-0.248569	-0.229343	-0.265660	-0.260777	-0.191195	-0.215305
0.360600	-0.255589	-0.272984	-0.228122	-0.242771	-0.251316	-0.227512	-0.263523	-0.251316	-0.180209	-0.216526
0.360700	-0.247959	-0.268406	-0.237888	-0.242161	-0.259251	-0.226291	-0.251621	-0.241856	-0.176547	-0.215000
0.360800	-0.236362	-0.268711	-0.239109	-0.245823	-0.260472	-0.228428	-0.237888	-0.241245	-0.184787	-0.213169
0.360900	-0.227207	-0.256504	-0.233921	-0.253758	-0.262913	-0.238804	-0.236362	-0.242771	-0.186923	-0.212253
0.361000	-0.222324	-0.243076	-0.232395	-0.256199	-0.261387	-0.241856	-0.240635	-0.242466	-0.184482	-0.213779
0.361100	-0.223545	-0.237583	-0.234226	-0.253147	-0.254063	-0.230259	-0.236973	-0.233310	-0.182345	-0.214694
0.361200	-0.228733	-0.233310	-0.233005	-0.245212	-0.254368	-0.220493	-0.229038	-0.224460	-0.180514	-0.208286
0.361300	-0.233921	-0.227207	-0.230869	-0.238804	-0.254368	-0.224460	-0.223545	-0.225071	-0.182650	-0.201572
0.361400	-0.232395	-0.225071	-0.234226	-0.229648	-0.247349	-0.222019	-0.218357	-0.224460	-0.189364	-0.204929
0.361500	-0.230259	-0.216526	-0.238804	-0.223850	-0.239414	-0.216220	-0.208591	-0.215305	-0.192721	-0.206455
0.361600	-0.226597	-0.207981	-0.243687	-0.227512	-0.237888	-0.217441	-0.207675	-0.208286	-0.188144	-0.200961
0.361700	-0.229038	-0.207370	-0.245212	-0.226597	-0.238193	-0.214389	-0.215305	-0.202487	-0.189975	-0.207981
0.361800	-0.230869	-0.207065	-0.237888	-0.221714	-0.239414	-0.206149	-0.216220	-0.200656	-0.196384	-0.212558
0.361900	-0.230259	-0.206455	-0.233616	-0.218967	-0.232090	-0.211032	-0.211643	-0.205539	-0.195773	-0.211643
0.362000	-0.223850	-0.207981	-0.236057	-0.212253	-0.219272	-0.214084	-0.205539	-0.204929	-0.192721	-0.208896
0.362100	-0.224155	-0.206760	-0.240330	-0.201266	-0.208591	-0.204318	-0.201877	-0.198520	-0.191806	-0.202487
0.362200	-0.224765	-0.208896	-0.235752	-0.196994	-0.202792	-0.196384	-0.205844	-0.199435	-0.193637	-0.204929
0.362300	-0.228428	-0.206455	-0.233005	-0.188449	-0.204929	-0.191806	-0.205234	-0.200046	-0.191195	-0.211948
0.362400	-0.229954	-0.208591	-0.227817	-0.177768	-0.207981	-0.184176	-0.204929	-0.196994	-0.193332	-0.219577
0.362500	-0.224765	-0.217746	-0.218967	-0.171664	-0.197604	-0.185092	-0.201572	-0.193332	-0.191806	-0.220188
0.362600	-0.218357	-0.220188	-0.210117	-0.164950	-0.183871	-0.188754	-0.198520	-0.191501	-0.189975	-0.213474
0.362700	-0.214084	-0.212253	-0.202487	-0.149996	-0.173495	-0.185702	-0.195773	-0.186923	-0.187533	-0.206455
0.362800	-0.206455	-0.207065	-0.199741	-0.141756	-0.168917	-0.176242	-0.190585	-0.182345	-0.184482	-0.204624
0.362900	-0.200351	-0.203098	-0.197909	-0.137179	-0.169528	-0.168002	-0.181125	-0.181430	-0.183261	-0.206455
0.363000	-0.193942	-0.211032	-0.193332	-0.139315	-0.170138	-0.173800	-0.176547	-0.176242	-0.183871	-0.210117
0.363100	-0.186313	-0.216831	-0.186313	-0.142672	-0.169833	-0.187839	-0.178683	-0.179599	-0.183566	-0.218662
0.363200	-0.179293	-0.210727	-0.182956	-0.137179	-0.167697	-0.187839	-0.184482	-0.182956	-0.178988	-0.223240
0.363300	-0.169833	-0.195468	-0.166781	-0.124056	-0.159762	-0.183566	-0.182956	-0.179293	-0.169528	-0.218357
0.363400	-0.156710	-0.179904	-0.152438	-0.113680	-0.156405	-0.183566	-0.167697	-0.170138	-0.161288	-0.211337
0.363500	-0.147250	-0.169528	-0.148776	-0.110628	-0.157015	-0.182956	-0.153048	-0.166476	-0.160678	-0.207065
0.363600	-0.135653	-0.171664	-0.145724	-0.109712	-0.154879	-0.183261	-0.145419	-0.167391	-0.162203	-0.207370
0.363700	-0.132296	-0.168612	-0.141451	-0.109407	-0.148776	-0.189975	-0.145419	-0.160067	-0.164034	-0.209506
0.363800	-0.130770	-0.158236	-0.135958	-0.111543	-0.152743	-0.187228	-0.147555	-0.151522	-0.157321	-0.210422
0.363900	-0.120089	-0.145113	-0.131075	-0.119478	-0.156405	-0.178073	-0.145113	-0.149996	-0.152133	-0.204929
0.364000	-0.106355	-0.132601	-0.125582	-0.126192	-0.152438	-0.178073	-0.134737	-0.147860	-0.156100	-0.194247
0.364100	-0.098421	-0.123445	-0.125887	-0.124361	-0.149996	-0.182956	-0.124666	-0.143282	-0.161898	-0.187533
0.364200	-0.094453	-0.115206	-0.131075	-0.121920	-0.150607	-0.185092	-0.118563	-0.139010	-0.161593	-0.186313
0.364300	-0.101167	-0.109102	-0.138705	-0.119173	-0.150607	-0.186923	-0.120699	-0.135653	-0.162814	-0.181125
0.364400	-0.114290	-0.104524	-0.143893	-0.125887	-0.157321	-0.184176	-0.125887	-0.129854	-0.164950	-0.180209
0.364500	-0.120699	-0.108187	-0.149691	-0.140536	-0.167697	-0.184787	-0.128023	-0.130770	-0.172885	-0.190585
0.364600	-0.123445	-0.112154	-0.156100	-0.143282	-0.171664	-0.185702	-0.123751	-0.135653	-0.187228	-0.196078
0.364700	-0.125277	-0.114290	-0.155184	-0.144808	-0.167697	-0.187228	-0.121614	-0.135958	-0.200046	-0.189364
0.364800	-0.127718	-0.110018	-0.157321	-0.153048	-0.164950	-0.196078	-0.124361	-0.135653	-0.205234	-0.187839
0.364900	-0.138705	-0.110933	-0.174411	-0.158541	-0.172274	-0.196689	-0.135348	-0.137484	-0.210422	-0.191806
0.365000	-0.156100	-0.120089	-0.188144	-0.166476	-0.182345	-0.192111	-0.147250	-0.142367	-0.216526	-0.196689
0.365100	-0.170138	-0.131991	-0.189670	-0.181430	-0.182650	-0.194858	-0.154574	-0.150607	-0.228733	-0.206149
0.365200	-0.181430	-0.146944	-0.198520	-0.190280	-0.188754	-0.201877	-0.160678	-0.156405	-0.242161	-0.213779
0.365300	-0.184787	-0.157015	-0.206455	-0.196384	-0.195163	-0.208591	-0.171359	-0.167391	-0.253452	-0.216831
0.365400	-0.195468	-0.161288	-0.212253	-0.202182	-0.193942	-0.212558	-0.179599	-0.177768	-0.259556	-0.218051
0.365500	-0.211337	-0.166781	-0.215915	-0.199130	-0.195773	-0.213169	-0.186313	-0.182650	-0.261082	-0.227817
0.365600	-0.222324	-0.176852	-0.219883	-0.202487	-0.200656	-0.211948	-0.198520	-0.192721	-0.266880	-0.241550
0.365700	-0.228733	-0.189059	-0.225376	-0.209506	-0.196994	-0.221714	-0.210727	-0.207675	-0.276341	-0.247044
0.365800	-0.231479	-0.200351	-0.235447	-0.216220	-0.199435	-0.234531	-0.216220	-0.210422	-0.283055	-0.249485
0.365900	-0.230869	-0.210422	-0.244907	-0.227207	-0.206455	-0.232395	-0.226597	-0.211948	-0.287938	-0.257420
0.366000	-0.239109	-0.224765	-0.241550	-0.233921	-0.211032	-0.232395	-0.234836	-0.223545	-0.290074	-0.260777
0.366100	-0.245518	-0.231174	-0.230564	-0.233310	-0.205539	-0.237278	-0.236057	-0.229954	-0.287633	-0.263523
0.366200	-0.241856	-0.233616	-0.220798	-0.230259	-0.203403	-0.237888	-0.241856	-0.234226	-0.283055	-0.269627
0.366300	-0.238193	-0.236973	-0.218967	-0.224460	-0.207981	-0.243381	-0.244907	-0.245823	-0.289769	-0.273899
0.366400	-0.240940	-0.235447	-0.222019	-0.224460	-0.207065	-0.251011	-0.247959	-0.247654	-0.290379	-0.268711
0.366500	-0.240024	-0.232395	-0.219883	-0.222324	-0.203708	-0.254368	-0.250401	-0.247959	-0.282444	-0.263523
0.366600	-0.236667	-0.233921	-0.221714	-0.222934	-0.209506	-0.252537	-0.249180	-0.247044	-0.272373	-0.267186
0.366700	-0.232395	-0.236667	-0.215000	-0.230259	-0.220798	-0.245823	-0.253147	-0.245823	-0.272984	-0.272984
0.366800	-0.224155	-0.241245	-0.200351	-0.233616	-0.225986	-0.251926	-0.256199	-0.250401	-0.275120	-0.272068
0.366900	-0.217746	-0.243076	-0.198520	-0.236057	-0.228733	-0.261082	-0.254368	-0.258640	-0.277256	-0.269627
0.367000	-0.215000	-0.243076	-0.208896	-0.242161	-0.232090	-0.265965	-0.258335	-0.266575	-0.269322	-0.267186
0.367100	-0.218357	-0.242771	-0.214389	-0.250706	-0.229954	-0.265965	-0.258335	-0.265354	-0.266575	-0.262303
0.367200	-0.219272	-0.242466	-0.214389	-0.259861	-0.235752	-0.265660	-0.258335	-0.255283	-0.268711	-0.258640
0.367300	-0.216831	-0.240330	-0.212253	-0.270848	-0.253147	-0.260166	-0.264439	-0.252842	-0.274815	-0.259861
0.367400	-0.214694	-0.242771	-0.212863	-0.278477	-0.260166	-0.262303	-0.269322	-0.260777	-0.274205	-0.258030
0.367500	-0.218662	-0.242161	-0.216220	-0.277562	-0.257115	-0.275120	-0.265049	-0.266880	-0.267186	-0.251926
0.367600	-0.226291	-0.239109	-0.223240	-0.274205	-0.256809	-0.275425	-0.259556	-0.267796	-0.255283	-0.245518
0.367700	-0.235142	-0.236057	-0.225376	-0.276646	-0.258640	-0.267796	-0.259861	-0.265965	-0.249485	-0.236973
0.367800	-0.238193	-0.234836	-0.227512	-0.285191	-0.264439	-0.266880	-0.250401	-0.260166	-0.254673	-0.229038
0.367900	-0.240024	-0.231785	-0.236973	-0.295567	-0.268101	-0.269932	-0.246128	-0.254978	-0.262303	-0.222324
0.368000	-0.237278	-0.237278	-0.248875	-0.303197	-0.265354	-0.272373	-0.245823	-0.251926	-0.262913	-0.219883
0.368100	-0.241856	-0.240635	-0.251926	-0.305638	-0.260472	-0.261082	-0.247959	-0.247044	-0.258946	-0.216526
0.368200	-0.247959	-0.240330	-0.240635	-0.303197	-0.254673	-0.251316	-0.251621	-0.246738	-0.251316	-0.209201
0.368300	-0.251926	-0.237888	-0.233005	-0.301061	-0.255589	-0.247044	-0.249180	-0.249180	-0.244907	-0.207981
0.368400	-0.260166	-0.234836	-0.239414	-0.298924	-0.257725	-0.238193	-0.245823	-0.247959	-0.245518	-0.207675
0.368500	-0.266880	-0.235752	-0.247959	-0.295872	-0.251621	-0.235142	-0.244602	-0.249180	-0.248875	-0.202792
0.368600	-0.269932	-0.240330	-0.250401	-0.291600	-0.246433	-0.235142	-0.250706	-0.248875	-0.251926	-0.205539
0.368700	-0.278172	-0.247654	-0.258335	-0.288853	-0.246433	-0.228428	-0.261082	-0.245823	-0.250706	-0.208896
0.368800	-0.280613	-0.251926	-0.258030	-0.285191	-0.244907	-0.218357	-0.264744	-0.254978	-0.240330	-0.205234
0.368900	-0.277562	-0.254063	-0.248875	-0.284276	-0.242161	-0.211643	-0.256504	-0.256809	-0.238193	-0.203403
0.369000	-0.276036	-0.258030	-0.242466	-0.277867	-0.233616	-0.207675	-0.251926	-0.253147	-0.234531	-0.204318
0.369100	-0.267796	-0.263523	-0.235142	-0.266575	-0.219883	-0.207675	-0.253147	-0.261387	-0.231174	-0.196384
0.369200	-0.261387	-0.260777	-0.234531	-0.254368	-0.211032	-0.198520	-0.251621	-0.258640	-0.225986	-0.190890
0.369300	-0.265049	-0.257115	-0.236057	-0.242771	-0.210117	-0.185397	-0.253452	-0.245518	-0.220493	-0.192111
0.369400	-0.265049	-0.258640	-0.230564	-0.236973	-0.212558	-0.177768	-0.253758	-0.241245	-0.218357	-0.202182
0.369500	-0.258640	-0.258946	-0.226597	-0.231479	-0.215305	-0.178683	-0.259556	-0.249790	-0.218662	-0.207370
0.369600	-0.248875	-0.262303	-0.216220	-0.223545	-0.207065	-0.189364	-0.263829	-0.259861	-0.212863	-0.206149
0.369700	-0.239414	-0.253452	-0.203708	-0.214084	-0.200961	-0.197299	-0.253452	-0.262608	-0.196384	-0.198825
0.369800	-0.238804	-0.242466	-0.206760	-0.208896	-0.197604	-0.191806	-0.243687	-0.258946	-0.179904	-0.194247
0.369900	-0.235752	-0.241856	-0.203403	-0.206760	-0.198520	-0.182345	-0.244907	-0.253452	-0.172885	-0.188449
0.370000	-0.225071	-0.246738	-0.199435	-0.204318	-0.203098	-0.180209	-0.245823	-0.244907	-0.178988	-0.192111
0.370100	-0.214389	-0.248569	-0.206455	-0.204624	-0.212253	-0.186313	-0.243687	-0.238804	-0.182650	-0.200046
0.370200	-0.205539	-0.250706	-0.201266	-0.203098	-0.209201	-0.195773	-0.240635	-0.240330	-0.178683	-0.196078
0.370300	-0.195468	-0.246128	-0.187228	-0.197604	-0.206149	-0.196384	-0.231479	-0.235447	-0.168002	-0.188144
0.370400	-0.196078	-0.235447	-0.184482	-0.196384	-0.205844	-0.186923	-0.218051	-0.229343	-0.158846	-0.188754
0.370500	-0.193332	-0.233616	-0.182040	-0.198825	-0.206455	-0.182956	-0.214694	-0.232395	-0.155489	-0.185702
0.370600	-0.185702	-0.223240	-0.182956	-0.198520	-0.212863	-0.184176	-0.211948	-0.226291	-0.154879	-0.177157
0.370700	-0.182650	-0.205234	-0.190890	-0.194858	-0.217746	-0.187839	-0.200961	-0.215915	-0.144198	-0.171359
0.370800	-0.180209	-0.194247	-0.196384	-0.193637	-0.215305	-0.189670	-0.193332	-0.211948	-0.129244	-0.168002
0.370900	-0.174411	-0.194552	-0.200656	-0.194858	-0.217441	-0.179599	-0.190890	-0.206149	-0.125887	-0.163729
0.371000	-0.171359	-0.197909	-0.202487	-0.200351	-0.221103	-0.172579	-0.184176	-0.197604	-0.126497	-0.167086
0.371100	-0.173495	-0.197909	-0.193942	-0.202792	-0.217746	-0.171359	-0.175631	-0.192721	-0.129549	-0.165560
0.371200	-0.175631	-0.189364	-0.191195	-0.198520	-0.213474	-0.174411	-0.165866	-0.185702	-0.136873	-0.153048
0.371300	-0.177768	-0.182956	-0.192721	-0.194552	-0.210422	-0.170443	-0.158236	-0.179293	-0.132906	-0.139315
0.371400	-0.177157	-0.177157	-0.193637	-0.188754	-0.200046	-0.165560	-0.149996	-0.169833	-0.122225	-0.129854
0.371500	-0.179904	-0.170443	-0.191195	-0.184787	-0.193332	-0.152743	-0.144198	-0.154879	-0.117647	-0.130465
0.371600	-0.179904	-0.162509	-0.194247	-0.181430	-0.190890	-0.143282	-0.142367	-0.144808	-0.116732	-0.133211
0.371700	-0.175631	-0.154574	-0.187839	-0.169528	-0.186007	-0.141146	-0.142367	-0.145113	-0.113680	-0.132906
0.371800	-0.171664	-0.147250	-0.182956	-0.157321	-0.177768	-0.142672	-0.134127	-0.142062	-0.111849	-0.130770
0.371900	-0.173190	-0.149386	-0.181125	-0.152743	-0.163729	-0.139620	-0.124361	-0.139620	-0.105135	-0.126192
0.372000	-0.171054	-0.146944	-0.179599	-0.148470	-0.156710	-0.131991	-0.121920	-0.138399	-0.098726	-0.117647
0.372100	-0.171359	-0.139925	-0.182345	-0.145419	-0.154269	-0.120089	-0.125582	-0.133211	-0.101167	-0.124361
0.372200	-0.171969	-0.137179	-0.181125	-0.136568	-0.152133	-0.115511	-0.131075	-0.130770	-0.115511	-0.133211
0.372300	-0.166476	-0.137484	-0.178073	-0.127718	-0.146639	-0.119478	-0.133822	-0.130770	-0.130770	-0.139925
0.372400	-0.164034	-0.138705	-0.175326	-0.120699	-0.137484	-0.116121	-0.134127	-0.128939	-0.135653	-0.146334
0.372500	-0.169833	-0.149691	-0.173495	-0.115206	-0.132601	-0.110018	-0.135958	-0.126803	-0.136568	-0.152133
0.372600	-0.174716	-0.157321	-0.175631	-0.113069	-0.136873	-0.113680	-0.142062	-0.133211	-0.135653	-0.152743
0.372700	-0.177768	-0.161288	-0.178378	-0.113680	-0.143282	-0.124361	-0.147860	-0.140841	-0.135348	-0.158236
0.372800	-0.176852	-0.164950	-0.177157	-0.111849	-0.139315	-0.135653	-0.151522	-0.145419	-0.135042	-0.164034
0.372900	-0.172885	-0.166781	-0.179599	-0.104830	-0.141146	-0.144808	-0.155184	-0.151522	-0.134127	-0.169528
0.373000	-0.168612	-0.168612	-0.184787	-0.109407	-0.148165	-0.147860	-0.159762	-0.159762	-0.139925	-0.181735
0.373100	-0.165560	-0.173800	-0.183871	-0.115206	-0.155184	-0.148165	-0.166171	-0.156710	-0.148776	-0.187533
0.373200	-0.160067	-0.177157	-0.178683	-0.111849	-0.166171	-0.155184	-0.174411	-0.151522	-0.159762	-0.196078
0.373300	-0.161288	-0.177462	-0.179293	-0.112764	-0.176242	-0.172885	-0.177157	-0.155184	-0.169833	-0.204318
0.373400	-0.164950	-0.173495	-0.177768	-0.121920	-0.173800	-0.188144	-0.175936	-0.165866	-0.173800	-0.204318
0.373500	-0.161288	-0.171359	-0.182956	-0.131991	-0.174716	-0.201266	-0.172579	-0.173190	-0.173190	-0.203098
0.373600	-0.160678	-0.175936	-0.191501	-0.137789	-0.186923	-0.200961	-0.174105	-0.174105	-0.172274	-0.206760
0.373700	-0.162203	-0.186313	-0.193332	-0.142672	-0.196078	-0.206455	-0.179599	-0.170748	-0.170138	-0.208591
0.373800	-0.160678	-0.196078	-0.193942	-0.153048	-0.205844	-0.212253	-0.182650	-0.166781	-0.169833	-0.212253
0.373900	-0.162509	-0.196384	-0.195773	-0.159152	-0.210422	-0.225071	-0.181735	-0.168917	-0.173190	-0.214389
0.374000	-0.166171	-0.193027	-0.199130	-0.165866	-0.211032	-0.239414	-0.178073	-0.174716	-0.172885	-0.212253
0.374100	-0.166476	-0.189059	-0.195163	-0.173495	-0.207065	-0.240940	-0.167391	-0.178073	-0.170138	-0.200961
0.374200	-0.167391	-0.182956	-0.193942	-0.173800	-0.204624	-0.234226	-0.160372	-0.166476	-0.168917	-0.187533
0.374300	-0.164950	-0.170443	-0.196994	-0.174716	-0.203098	-0.231785	-0.157015	-0.153964	-0.169833	-0.183261
0.374400	-0.163729	-0.161288	-0.197604	-0.182345	-0.205539	-0.225986	-0.153353	-0.146944	-0.180514	-0.183871
0.374500	-0.167697	-0.159152	-0.200046	-0.182956	-0.206149	-0.226291	-0.146944	-0.138094	-0.192721	-0.184176
0.374600	-0.173190	-0.163119	-0.201266	-0.181735	-0.201572	-0.225071	-0.141451	-0.136568	-0.188754	-0.179904
0.374700	-0.178988	-0.168917	-0.194858	-0.183871	-0.196384	-0.220493	-0.136873	-0.135653	-0.183261	-0.177462
0.374800	-0.186923	-0.170138	-0.193332	-0.186007	-0.193027	-0.216831	-0.137789	-0.130160	-0.182040	-0.171664
0.374900	-0.193027	-0.167391	-0.199741	-0.187533	-0.192111	-0.216831	-0.147860	-0.132601	-0.189670	-0.175326
0.375000	-0.201572	-0.165866	-0.201572	-0.187228	-0.197604	-0.216831	-0.156100	-0.142672	-0.202182	-0.182650
0.375100	-0.205844	-0.169833	-0.201572	-0.188754	-0.198825	-0.212863	-0.151522	-0.145419	-0.211337	-0.184176
0.375200	-0.202182	-0.171664	-0.196384	-0.190585	-0.187839	-0.201266	-0.148470	-0.144198	-0.213474	-0.188144
0.375300	-0.199741	-0.170748	-0.197909	-0.191501	-0.183261	-0.195468	-0.152438	-0.143893	-0.228122	-0.196078
0.375400	-0.204624	-0.168002	-0.203708	-0.195163	-0.186923	-0.197604	-0.162203	-0.150301	-0.240635	-0.202792
0.375500	-0.207675	-0.168307	-0.204624	-0.193942	-0.187839	-0.199741	-0.172885	-0.160983	-0.251011	-0.208896
0.375600	-0.213169	-0.172274	-0.199435	-0.191195	-0.179293	-0.206149	-0.179904	-0.167391	-0.251316	-0.208896
0.375700	-0.214084	-0.178988	-0.194552	-0.187533	-0.169833	-0.208896	-0.182345	-0.170443	-0.242466	-0.205844
0.375800	-0.211948	-0.188144	-0.194247	-0.190280	-0.168002	-0.201266	-0.184482	-0.173495	-0.239414	-0.214084
0.375900	-0.216220	-0.200351	-0.199741	-0.194247	-0.174411	-0.191806	-0.194858	-0.182040	-0.247654	-0.227512
0.376000	-0.221103	-0.210117	-0.205234	-0.195468	-0.177768	-0.197299	-0.210422	-0.195468	-0.258335	-0.236362
0.376100	-0.220798	-0.215305	-0.198520	-0.197299	-0.180209	-0.203708	-0.220493	-0.207675	-0.266270	-0.241245
0.376200	-0.222019	-0.213779	-0.190890	-0.203098	-0.177157	-0.218051	-0.219272	-0.213474	-0.264439	-0.242161
0.376300	-0.219577	-0.210422	-0.188144	-0.207065	-0.173190	-0.225071	-0.218967	-0.212558	-0.258030	-0.240024
0.376400	-0.213474	-0.207981	-0.190280	-0.205234	-0.177462	-0.222934	-0.224460	-0.211948	-0.257725	-0.233921
0.376500	-0.211032	-0.208591	-0.190585	-0.203403	-0.188144	-0.217746	-0.227512	-0.212863	-0.258335	-0.236057
0.376600	-0.213169	-0.216220	-0.186007	-0.203098	-0.192721	-0.224155	-0.233310	-0.217441	-0.255283	-0.244907
0.376700	-0.212863	-0.224765	-0.178988	-0.207675	-0.197299	-0.236667	-0.232090	-0.223240	-0.252842	-0.246433
0.376800	-0.210727	-0.230564	-0.178378	-0.214389	-0.196689	-0.247654	-0.231174	-0.231174	-0.244602	-0.240635
0.376900	-0.206760	-0.230564	-0.177768	-0.220493	-0.196994	-0.251011	-0.233921	-0.233005	-0.229648	-0.234531
0.377000	-0.205539	-0.225986	-0.173800	-0.218357	-0.197299	-0.245212	-0.233616	-0.226597	-0.217441	-0.225376
0.377100	-0.205539	-0.221103	-0.173190	-0.214084	-0.202792	-0.242466	-0.231785	-0.221714	-0.216831	-0.218357
0.377200	-0.207981	-0.224155	-0.173800	-0.223240	-0.205844	-0.242466	-0.226597	-0.216831	-0.218662	-0.220188
0.377300	-0.212863	-0.229648	-0.172274	-0.234531	-0.209201	-0.241856	-0.217441	-0.219883	-0.218051	-0.217746
0.377400	-0.211643	-0.230259	-0.170748	-0.242771	-0.200656	-0.240940	-0.208286	-0.218662	-0.216831	-0.201266
0.377500	-0.203708	-0.224155	-0.168612	-0.243687	-0.193332	-0.234531	-0.200656	-0.206149	-0.214084	-0.185397
0.377600	-0.200961	-0.210727	-0.172274	-0.236057	-0.198520	-0.228733	-0.196994	-0.191806	-0.208896	-0.180514
0.377700	-0.204929	-0.200046	-0.181735	-0.232395	-0.204929	-0.226597	-0.200046	-0.189059	-0.206149	-0.181735
0.377800	-0.215000	-0.200046	-0.183566	-0.236667	-0.201266	-0.220188	-0.201572	-0.191501	-0.203708	-0.182956
0.377900	-0.225376	-0.207065	-0.181735	-0.241245	-0.194552	-0.213779	-0.197909	-0.195773	-0.206455	-0.182040
0.378000	-0.226291	-0.215000	-0.182345	-0.243687	-0.196689	-0.212863	-0.201877	-0.196689	-0.218051	-0.183261
0.378100	-0.227512	-0.219577	-0.189670	-0.250706	-0.205539	-0.207370	-0.206149	-0.204929	-0.233616	-0.189059
0.378200	-0.232395	-0.216526	-0.196384	-0.256504	-0.214389	-0.206760	-0.212253	-0.212863	-0.245212	-0.198825
0.378300	-0.237888	-0.213474	-0.199741	-0.260166	-0.214389	-0.208591	-0.216831	-0.221714	-0.248875	-0.204624
0.378400	-0.247044	-0.209201	-0.201877	-0.258030	-0.207675	-0.204929	-0.219272	-0.227817	-0.249180	-0.204624
0.378500	-0.251011	-0.206760	-0.211032	-0.256199	-0.202792	-0.198825	-0.221103	-0.231479	-0.250401	-0.203708
0.378600	-0.244907	-0.212253	-0.217746	-0.258946	-0.210422	-0.199435	-0.229954	-0.235752	-0.253758	-0.212253
0.378700	-0.241245	-0.218662	-0.217746	-0.261997	-0.215915	-0.196078	-0.242161	-0.242466	-0.260472	-0.224460
0.378800	-0.247349	-0.222324	-0.212863	-0.259251	-0.216526	-0.195468	-0.248875	-0.249180	-0.261082	-0.228428
0.378900	-0.253452	-0.228428	-0.211948	-0.254978	-0.211948	-0.192721	-0.250401	-0.257725	-0.256809	-0.228428
0.379000	-0.251621	-0.231479	-0.213474	-0.251011	-0.213779	-0.185092	-0.253452	-0.269017	-0.254978	-0.232395
0.379100	-0.249180	-0.232395	-0.220493	-0.250401	-0.215305	-0.185092	-0.263218	-0.278782	-0.255589	-0.233921
0.379200	-0.248264	-0.235142	-0.222019	-0.247044	-0.210422	-0.189059	-0.269932	-0.283665	-0.251316	-0.239414
0.379300	-0.247349	-0.235142	-0.215305	-0.242771	-0.211032	-0.189670	-0.272373	-0.277256	-0.243687	-0.243687
0.379400	-0.243076	-0.236973	-0.204624	-0.242161	-0.208286	-0.186923	-0.268711	-0.268711	-0.244602	-0.236057
0.379500	-0.235447	-0.236973	-0.194552	-0.238193	-0.199435	-0.182040	-0.262303	-0.268711	-0.239414	-0.227817
0.379600	-0.224765	-0.234226	-0.190585	-0.223850	-0.190585	-0.174716	-0.254063	-0.269932	-0.220798	-0.219883
0.379700	-0.214084	-0.230259	-0.193027	-0.210117	-0.191195	-0.174411	-0.250401	-0.265049	-0.201266	-0.214084
0.379800	-0.207981	-0.222324	-0.195773	-0.199741	-0.190585	-0.178378	-0.245212	-0.258640	-0.188144	-0.216220
0.379900	-0.205234	-0.218051	-0.193027	-0.193027	-0.187839	-0.182040	-0.243687	-0.250401	-0.177462	-0.210727
0.380000	-0.198825	-0.224460	-0.179599	-0.187839	-0.184787	-0.180514	-0.240940	-0.247044	-0.167697	-0.199130
0.380100	-0.187839	-0.228428	-0.165560	-0.189670	-0.182345	-0.175631	-0.229648	-0.240940	-0.159152	-0.189059
0.380200	-0.182040	-0.222324	-0.160983	-0.190890	-0.175936	-0.168307	-0.219883	-0.228122	-0.150301	-0.178683
0.380300	-0.173495	-0.216831	-0.161898	-0.184176	-0.178378	-0.164645	-0.214694	-0.223850	-0.142672	-0.171359
0.380400	-0.166781	-0.208286	-0.165560	-0.181125	-0.187839	-0.164950	-0.199435	-0.218357	-0.140536	-0.167697
0.380500	-0.164645	-0.195468	-0.164340	-0.177462	-0.185702	-0.161898	-0.188449	-0.204929	-0.133211	-0.161898
0.380600	-0.159152	-0.179599	-0.158236	-0.166781	-0.175631	-0.162814	-0.179599	-0.196994	-0.117952	-0.150607
0.380700	-0.149691	-0.168002	-0.153658	-0.160983	-0.173495	-0.155489	-0.166781	-0.183871	-0.104219	-0.144503
0.380800	-0.144198	-0.165560	-0.158541	-0.160067	-0.172885	-0.153353	-0.166476	-0.167697	-0.104524	-0.139925
0.380900	-0.138705	-0.161898	-0.166476	-0.157015	-0.170748	-0.150607	-0.171359	-0.165560	-0.107271	-0.139315
0.381000	-0.141756	-0.160067	-0.168612	-0.159152	-0.177157	-0.144808	-0.161288	-0.170443	-0.110933	-0.143587
0.381100	-0.147555	-0.159762	-0.171054	-0.164034	-0.183871	-0.139925	-0.147860	-0.170443	-0.115511	-0.146334
0.381200	-0.146944	-0.153658	-0.177768	-0.166781	-0.191806	-0.148165	-0.142367	-0.168307	-0.124056	-0.151522
0.381300	-0.153658	-0.148165	-0.196078	-0.175631	-0.202487	-0.153964	-0.152438	-0.166781	-0.137789	-0.164034
0.381400	-0.162814	-0.158846	-0.210117	-0.185702	-0.215305	-0.157931	-0.167697	-0.169528	-0.154879	-0.175936
0.381500	-0.168002	-0.166171	-0.218357	-0.192721	-0.225071	-0.165866	-0.178378	-0.175631	-0.170748	-0.186007
0.381600	-0.175936	-0.165866	-0.225986	-0.200656	-0.229038	-0.168917	-0.185397	-0.178988	-0.182956	-0.193027
0.381700	-0.183566	-0.171054	-0.234836	-0.205234	-0.231479	-0.174105	-0.193027	-0.191806	-0.193942	-0.196994
0.381800	-0.187533	-0.175936	-0.243687	-0.208591	-0.243381	-0.187533	-0.202182	-0.205844	-0.207065	-0.209506
0.381900	-0.200046	-0.182040	-0.258335	-0.218967	-0.256504	-0.199741	-0.215915	-0.214389	-0.219883	-0.231174
0.382000	-0.216220	-0.196384	-0.274510	-0.222019	-0.266270	-0.206149	-0.235142	-0.225681	-0.225681	-0.252232
0.382100	-0.226291	-0.215305	-0.285191	-0.229038	-0.280308	-0.215305	-0.245518	-0.241550	-0.239414	-0.266880
0.382200	-0.238804	-0.233616	-0.291295	-0.244602	-0.282444	-0.222934	-0.254673	-0.254978	-0.260166	-0.276341
0.382300	-0.246738	-0.245212	-0.297093	-0.252842	-0.276036	-0.233310	-0.265660	-0.264134	-0.271153	-0.280003
0.382400	-0.245518	-0.249485	-0.305638	-0.254673	-0.281224	-0.242771	-0.270543	-0.269627	-0.270237	-0.284581
0.382500	-0.245518	-0.253147	-0.305943	-0.251316	-0.283055	-0.244907	-0.272068	-0.269627	-0.265965	-0.286717
0.382600	-0.246433	-0.253758	-0.297093	-0.241245	-0.274510	-0.247959	-0.271458	-0.268711	-0.254063	-0.277867
0.382700	-0.244907	-0.250706	-0.290379	-0.229648	-0.265965	-0.253758	-0.265965	-0.265049	-0.238804	-0.274815
0.382800	-0.245518	-0.252232	-0.283055	-0.220188	-0.254368	-0.248569	-0.258640	-0.260777	-0.230564	-0.269932
0.382900	-0.240024	-0.252232	-0.274815	-0.211032	-0.240940	-0.247349	-0.251011	-0.249790	-0.224765	-0.261387
0.383000	-0.229954	-0.247349	-0.270237	-0.201266	-0.235142	-0.249180	-0.245212	-0.237278	-0.220188	-0.254673
0.383100	-0.224460	-0.250706	-0.263829	-0.197299	-0.233005	-0.249180	-0.240940	-0.235447	-0.218662	-0.252537
0.383200	-0.216526	-0.254978	-0.250706	-0.193027	-0.230869	-0.251621	-0.233921	-0.235142	-0.214694	-0.247654
0.383300	-0.210422	-0.249485	-0.236667	-0.186923	-0.228733	-0.249790	-0.222019	-0.229343	-0.206149	-0.242466
0.383400	-0.202487	-0.241245	-0.228733	-0.184482	-0.222629	-0.241550	-0.209201	-0.217441	-0.190890	-0.234531
0.383500	-0.191501	-0.233310	-0.220798	-0.178378	-0.216526	-0.236057	-0.197604	-0.200351	-0.179293	-0.227512
0.383600	-0.184482	-0.219577	-0.218357	-0.172885	-0.210727	-0.236973	-0.189364	-0.185702	-0.174411	-0.219577
0.383700	-0.178073	-0.210727	-0.216831	-0.173190	-0.210117	-0.234226	-0.186007	-0.178988	-0.172274	-0.212558
0.383800	-0.170443	-0.205844	-0.207981	-0.174411	-0.212558	-0.231785	-0.179293	-0.177157	-0.171359	-0.207370
0.383900	-0.168002	-0.203403	-0.194552	-0.169528	-0.212253	-0.234836	-0.172579	-0.172885	-0.172885	-0.201266
0.384000	-0.159762	-0.197299	-0.194858	-0.165560	-0.206455	-0.233921	-0.163729	-0.164645	-0.168612	-0.192721
0.384100	-0.150301	-0.186007	-0.195468	-0.165560	-0.202487	-0.227207	-0.154879	-0.158236	-0.166171	-0.190890
0.384200	-0.151522	-0.175326	-0.194552	-0.171054	-0.203708	-0.228733	-0.149081	-0.154574	-0.178378	-0.200961
0.384300	-0.156405	-0.170443	-0.200656	-0.178378	-0.211337	-0.232395	-0.148165	-0.153964	-0.192111	-0.203403
0.384400	-0.161898	-0.164950	-0.206760	-0.186313	-0.224155	-0.233616	-0.153964	-0.155184	-0.200046	-0.201877
0.384500	-0.165866	-0.166781	-0.215000	-0.196078	-0.235752	-0.237583	-0.162509	-0.157321	-0.211337	-0.207981
0.384600	-0.171054	-0.171969	-0.222629	-0.205539	-0.237583	-0.247044	-0.171359	-0.158541	-0.226291	-0.222629
0.384700	-0.178988	-0.176852	-0.232395	-0.214694	-0.243076	-0.251926	-0.177768	-0.161593	-0.236057	-0.227207
0.384800	-0.194552	-0.179293	-0.243076	-0.224765	-0.247349	-0.259251	-0.184787	-0.174105	-0.244602	-0.229343
0.384900	-0.206760	-0.187533	-0.248569	-0.224765	-0.254063	-0.268711	-0.189975	-0.191501	-0.255589	-0.229648
0.385000	-0.212863	-0.193637	-0.252537	-0.228428	-0.262303	-0.272373	-0.195468	-0.201266	-0.266270	-0.234531
0.385100	-0.215915	-0.196078	-0.263218	-0.236057	-0.269017	-0.270237	-0.206760	-0.203098	-0.281224	-0.246128
0.385200	-0.229343	-0.205539	-0.275425	-0.250401	-0.275120	-0.271153	-0.222324	-0.214694	-0.294652	-0.263218
0.385300	-0.245823	-0.215000	-0.289464	-0.264744	-0.283360	-0.279698	-0.237583	-0.231785	-0.307469	-0.269627
0.385400	-0.263218	-0.222934	-0.299535	-0.272373	-0.288243	-0.288243	-0.253452	-0.243076	-0.320592	-0.272679
0.385500	-0.280308	-0.240024	-0.294652	-0.276341	-0.283665	-0.292210	-0.263218	-0.253147	-0.323949	-0.275425
0.385600	-0.287938	-0.254673	-0.289769	-0.277867	-0.276036	-0.291905	-0.261387	-0.256199	-0.322118	-0.282139
0.385700	-0.289158	-0.266270	-0.293431	-0.280308	-0.273594	-0.292515	-0.263829	-0.254063	-0.316014	-0.285801
0.385800	-0.292515	-0.278782	-0.289769	-0.283665	-0.272984	-0.287938	-0.276341	-0.261997	-0.315404	-0.285496
0.385900	-0.295872	-0.285496	-0.287022	-0.279698	-0.270543	-0.288548	-0.283665	-0.270543	-0.321813	-0.286717
0.386000	-0.296178	-0.290379	-0.283055	-0.274205	-0.261997	-0.293126	-0.280308	-0.273899	-0.323949	-0.284581
0.386100	-0.296788	-0.290990	-0.274205	-0.273899	-0.248264	-0.292210	-0.271458	-0.272373	-0.314183	-0.277867
0.386200	-0.298009	-0.283665	-0.269017	-0.268711	-0.236973	-0.288548	-0.268711	-0.270543	-0.303197	-0.273899
0.386300	-0.298924	-0.282139	-0.260472	-0.262303	-0.231174	-0.282750	-0.266880	-0.273899	-0.292821	-0.268101
0.386400	-0.290074	-0.282750	-0.240024	-0.252232	-0.226291	-0.271763	-0.260777	-0.271153	-0.285191	-0.258030
0.386500	-0.283970	-0.275120	-0.223545	-0.246128	-0.216526	-0.268406	-0.252537	-0.258030	-0.271153	-0.249485
0.386600	-0.275120	-0.269322	-0.211948	-0.240024	-0.206149	-0.266575	-0.245823	-0.250401	-0.253758	-0.240330
0.386700	-0.259556	-0.254978	-0.196994	-0.234531	-0.202182	-0.258335	-0.232395	-0.237278	-0.244602	-0.229648
0.386800	-0.244602	-0.245518	-0.185397	-0.229954	-0.191806	-0.245518	-0.227207	-0.224155	-0.237583	-0.225681
0.386900	-0.233005	-0.243381	-0.168612	-0.217441	-0.176242	-0.238804	-0.222629	-0.218357	-0.223240	-0.218357
0.387000	-0.222019	-0.233310	-0.153048	-0.202182	-0.167391	-0.227512	-0.210117	-0.216526	-0.204624	-0.205844
0.387100	-0.207065	-0.214694	-0.138094	-0.200961	-0.162814	-0.220188	-0.197299	-0.210422	-0.185397	-0.193332
0.387200	-0.192111	-0.197604	-0.128023	-0.193637	-0.156405	-0.210727	-0.182956	-0.202792	-0.176242	-0.175631
0.387300	-0.180209	-0.181430	-0.126497	-0.181735	-0.157015	-0.196384	-0.172885	-0.189975	-0.173495	-0.162814
0.387400	-0.170138	-0.171969	-0.129854	-0.186007	-0.154574	-0.185092	-0.168612	-0.177462	-0.175936	-0.157931
0.387500	-0.169528	-0.165866	-0.124971	-0.189364	-0.147860	-0.184482	-0.163119	-0.170138	-0.165560	-0.148165
0.387600	-0.171054	-0.153964	-0.123445	-0.187533	-0.146639	-0.177157	-0.155184	-0.166171	-0.153964	-0.133822
0.387700	-0.167697	-0.148165	-0.118868	-0.185397	-0.148165	-0.166781	-0.153964	-0.160067	-0.149386	-0.124361
0.387800	-0.163729	-0.143282	-0.117952	-0.184176	-0.149691	-0.156710	-0.149081	-0.149691	-0.156405	-0.118868
0.387900	-0.166171	-0.141451	-0.124056	-0.184482	-0.145113	-0.148470	-0.151217	-0.143282	-0.164034	-0.123445
0.388000	-0.172579	-0.142977	-0.133822	-0.189059	-0.146334	-0.152438	-0.160983	-0.148470	-0.169833	-0.127718
0.388100	-0.183871	-0.144198	-0.140536	-0.198520	-0.152438	-0.161898	-0.170443	-0.164950	-0.180514	-0.129549
0.388200	-0.191806	-0.145113	-0.144808	-0.201266	-0.155795	-0.161288	-0.173495	-0.171664	-0.184787	-0.126192
0.388300	-0.197299	-0.151522	-0.153353	-0.199741	-0.162509	-0.154574	-0.172885	-0.171054	-0.189364	-0.123445
0.388400	-0.205539	-0.158541	-0.168002	-0.201877	-0.173800	-0.148165	-0.177462	-0.173800	-0.189975	-0.127108
0.388500	-0.220493	-0.168917	-0.183871	-0.211948	-0.182956	-0.142977	-0.189059	-0.182956	-0.205234	-0.141146
0.388600	-0.238804	-0.183871	-0.193942	-0.222019	-0.187533	-0.148165	-0.199741	-0.193637	-0.214389	-0.155795
0.388700	-0.252232	-0.200046	-0.201572	-0.229343	-0.191806	-0.157931	-0.213169	-0.211643	-0.218662	-0.165866
0.388800	-0.257420	-0.211643	-0.205234	-0.233616	-0.196689	-0.161593	-0.224765	-0.220798	-0.219883	-0.172885
0.388900	-0.259556	-0.218357	-0.207981	-0.233921	-0.196689	-0.161898	-0.233616	-0.219272	-0.224460	-0.179599
0.389000	-0.266880	-0.224460	-0.214389	-0.234226	-0.199435	-0.155795	-0.243076	-0.230564	-0.220493	-0.187533
0.389100	-0.277867	-0.236057	-0.216526	-0.235752	-0.196078	-0.156100	-0.250401	-0.246128	-0.223850	-0.193637
0.389200	-0.287022	-0.240635	-0.213474	-0.233005	-0.194552	-0.165560	-0.249180	-0.251316	-0.224765	-0.195163
0.389300	-0.289464	-0.246128	-0.213474	-0.225376	-0.197604	-0.167391	-0.247959	-0.254368	-0.218967	-0.200656
0.389400	-0.286412	-0.257725	-0.209506	-0.225071	-0.202182	-0.166476	-0.253147	-0.253452	-0.218051	-0.206149
0.389500	-0.278477	-0.269017	-0.205844	-0.225681	-0.200046	-0.166781	-0.258030	-0.255589	-0.218357	-0.211643
0.389600	-0.278172	-0.270848	-0.205539	-0.223850	-0.199130	-0.165866	-0.256199	-0.257115	-0.215915	-0.217441
0.389700	-0.277256	-0.274510	-0.205539	-0.222629	-0.195468	-0.164950	-0.251621	-0.259251	-0.211643	-0.220798
0.389800	-0.271763	-0.270848	-0.193027	-0.216220	-0.193942	-0.176547	-0.248569	-0.256809	-0.197299	-0.215305
0.389900	-0.256504	-0.259556	-0.180209	-0.206455	-0.188754	-0.177768	-0.243992	-0.250401	-0.182956	-0.208896
0.390000	-0.237583	-0.251316	-0.175326	-0.197909	-0.181735	-0.170443	-0.243381	-0.239414	-0.177157	-0.207675
0.390100	-0.225681	-0.250401	-0.172885	-0.199130	-0.176547	-0.164950	-0.240635	-0.240635	-0.176242	-0.208591
0.390200	-0.224155	-0.243381	-0.167391	-0.200961	-0.176852	-0.164034	-0.238193	-0.243992	-0.171664	-0.211337
0.390300	-0.219577	-0.236362	-0.165255	-0.196078	-0.177768	-0.169528	-0.233005	-0.237888	-0.164340	-0.210117
0.390400	-0.207981	-0.231785	-0.158846	-0.187533	-0.177768	-0.175631	-0.219883	-0.231174	-0.149691	-0.195468
0.390500	-0.189059	-0.222629	-0.146334	-0.178073	-0.177157	-0.171969	-0.207065	-0.218662	-0.133822	-0.176547
0.390600	-0.169528	-0.207065	-0.140536	-0.169833	-0.168307	-0.164034	-0.187228	-0.195773	-0.118257	-0.160983
0.390700	-0.154574	-0.190890	-0.137179	-0.166171	-0.159152	-0.154574	-0.168917	-0.181735	-0.106050	-0.152438
0.390800	-0.142672	-0.174411	-0.132601	-0.161288	-0.152743	-0.146944	-0.158846	-0.168612	-0.101472	-0.149996
0.390900	-0.131075	-0.162509	-0.128939	-0.150301	-0.149996	-0.141756	-0.152438	-0.152438	-0.097200	-0.142672
0.391000	-0.125277	-0.152438	-0.135958	-0.142672	-0.153658	-0.135348	-0.146334	-0.136263	-0.093538	-0.139010
0.391100	-0.126192	-0.148776	-0.142062	-0.142367	-0.157321	-0.129854	-0.142977	-0.132601	-0.091402	-0.133516
0.391200	-0.128023	-0.145724	-0.142672	-0.138705	-0.156710	-0.134127	-0.139620	-0.136873	-0.089570	-0.124666
0.391300	-0.131685	-0.138705	-0.143587	-0.139010	-0.157931	-0.135958	-0.131991	-0.135653	-0.087739	-0.116732
0.391400	-0.130160	-0.130770	-0.146639	-0.134127	-0.153048	-0.135042	-0.121920	-0.123445	-0.089570	-0.114900
0.391500	-0.125582	-0.124971	-0.143282	-0.128023	-0.155184	-0.127413	-0.113985	-0.108797	-0.091402	-0.113375
0.391600	-0.122225	-0.122225	-0.143893	-0.127108	-0.162203	-0.119173	-0.113985	-0.098116	-0.094453	-0.114595
0.391700	-0.124971	-0.127413	-0.153353	-0.128023	-0.159457	-0.114900	-0.117952	-0.102083	-0.101472	-0.120089
0.391800	-0.135348	-0.136568	-0.160678	-0.130465	-0.151522	-0.116732	-0.116121	-0.108187	-0.106355	-0.126192
0.391900	-0.144808	-0.137179	-0.164340	-0.131991	-0.153048	-0.124666	-0.116121	-0.112154	-0.106050	-0.131991
0.392000	-0.144503	-0.137179	-0.168307	-0.131685	-0.152743	-0.124361	-0.115206	-0.110933	-0.110018	-0.132601
0.392100	-0.145724	-0.139620	-0.166171	-0.129244	-0.153964	-0.114290	-0.121309	-0.115206	-0.114595	-0.140841
0.392200	-0.141756	-0.145724	-0.164950	-0.126192	-0.149996	-0.110933	-0.135958	-0.119478	-0.121614	-0.148776
0.392300	-0.142672	-0.152133	-0.173190	-0.120089	-0.147555	-0.115511	-0.144503	-0.124971	-0.129854	-0.153048
0.392400	-0.152743	-0.157321	-0.178988	-0.121614	-0.149691	-0.122225	-0.143893	-0.135348	-0.137179	-0.164950
0.392500	-0.159762	-0.161898	-0.184482	-0.123445	-0.159152	-0.134737	-0.146944	-0.143893	-0.138705	-0.176242
0.392600	-0.158236	-0.166476	-0.186923	-0.120394	-0.162509	-0.139315	-0.149996	-0.148776	-0.142367	-0.175631
0.392700	-0.149996	-0.171664	-0.182040	-0.119173	-0.159457	-0.136263	-0.147250	-0.153964	-0.147555	-0.177768
0.392800	-0.139925	-0.172274	-0.177157	-0.118257	-0.149081	-0.137484	-0.147860	-0.155184	-0.148776	-0.187228
0.392900	-0.137179	-0.166781	-0.172274	-0.117342	-0.142672	-0.141451	-0.151522	-0.153048	-0.153658	-0.191501
0.393000	-0.131685	-0.159457	-0.168917	-0.114900	-0.146944	-0.150912	-0.153048	-0.153658	-0.155489	-0.197299
0.393100	-0.119478	-0.155184	-0.164645	-0.109712	-0.145419	-0.158541	-0.155184	-0.152438	-0.155795	-0.202487
0.393200	-0.110018	-0.157321	-0.156405	-0.105135	-0.146334	-0.159762	-0.156100	-0.153048	-0.149691	-0.201572
0.393300	-0.106050	-0.157015	-0.155489	-0.102998	-0.152133	-0.163729	-0.157931	-0.154269	-0.147860	-0.197604
0.393400	-0.107576	-0.156405	-0.159152	-0.112459	-0.153048	-0.166476	-0.152743	-0.161593	-0.147860	-0.198520
0.393500	-0.108187	-0.154879	-0.155489	-0.114595	-0.145113	-0.173495	-0.146944	-0.162814	-0.146334	-0.193942
0.393600	-0.094148	-0.145419	-0.143587	-0.108797	-0.138399	-0.184482	-0.136568	-0.155184	-0.137179	-0.182650
0.393700	-0.070954	-0.131685	-0.130160	-0.100557	-0.133516	-0.184787	-0.128023	-0.139620	-0.123140	-0.169528
0.393800	-0.052338	-0.120394	-0.119173	-0.092622	-0.136568	-0.178683	-0.115511	-0.121614	-0.113069	-0.159152
0.393900	-0.047150	-0.109102	-0.119478	-0.093233	-0.135042	-0.173495	-0.102998	-0.108187	-0.112764	-0.150912
0.394000	-0.051423	-0.099336	-0.127108	-0.103609	-0.129854	-0.168307	-0.094453	-0.100252	-0.114900	-0.145419
0.394100	-0.056611	-0.092622	-0.128328	-0.108492	-0.132296	-0.168307	-0.087434	-0.097810	-0.113069	-0.145724
0.394200	-0.056306	-0.089265	-0.125277	-0.106966	-0.136873	-0.169833	-0.084077	-0.092622	-0.108492	-0.140841
0.394300	-0.053559	-0.086213	-0.121614	-0.103304	-0.132906	-0.168002	-0.081636	-0.084688	-0.102693	-0.119783
0.394400	-0.050507	-0.074617	-0.121004	-0.095674	-0.126803	-0.162509	-0.072786	-0.069123	-0.101472	-0.105135
0.394500	-0.052338	-0.067903	-0.125887	-0.092927	-0.119783	-0.152743	-0.061799	-0.055695	-0.102388	-0.101472
0.394600	-0.058137	-0.065156	-0.127108	-0.094148	-0.115816	-0.147555	-0.058442	-0.050813	-0.102998	-0.094148
0.394700	-0.059358	-0.059358	-0.122530	-0.092927	-0.119783	-0.147250	-0.056001	-0.049897	-0.106050	-0.092622
0.394800	-0.059663	-0.057221	-0.123751	-0.089876	-0.115816	-0.139315	-0.041047	-0.043488	-0.106050	-0.089570
0.394900	-0.060884	-0.051118	-0.130770	-0.085603	-0.113069	-0.129549	-0.032807	-0.042573	-0.117952	-0.081636
0.395000	-0.069734	-0.046845	-0.142367	-0.094453	-0.109102	-0.122530	-0.039826	-0.048066	-0.131685	-0.086519
0.395100	-0.080110	-0.047150	-0.147555	-0.107271	-0.106966	-0.124971	-0.050813	-0.053864	-0.135653	-0.098116
0.395200	-0.088960	-0.051728	-0.148470	-0.111849	-0.112459	-0.129549	-0.064240	-0.057832	-0.142367	-0.108492
0.395300	-0.101472	-0.061494	-0.147860	-0.112459	-0.120699	-0.129854	-0.078584	-0.066377	-0.153658	-0.117342
0.395400	-0.113069	-0.073396	-0.156100	-0.113375	-0.123140	-0.128023	-0.084688	-0.079194	-0.156710	-0.117647
0.395500	-0.123751	-0.084077	-0.168307	-0.115511	-0.120089	-0.130770	-0.089265	-0.089265	-0.166781	-0.120394
0.395600	-0.137179	-0.094453	-0.176852	-0.124971	-0.123140	-0.134737	-0.102083	-0.102388	-0.187533	-0.140536
0.395700	-0.147250	-0.107576	-0.182345	-0.135653	-0.129854	-0.136873	-0.118563	-0.117647	-0.205844	-0.157015
0.395800	-0.149996	-0.121309	-0.183566	-0.138705	-0.136263	-0.148165	-0.139010	-0.133822	-0.212253	-0.170748
0.395900	-0.149386	-0.128328	-0.177768	-0.140536	-0.139315	-0.154269	-0.151522	-0.146334	-0.214389	-0.178683
0.396000	-0.152438	-0.129854	-0.179599	-0.146639	-0.138094	-0.152438	-0.156405	-0.156100	-0.217136	-0.177462
0.396100	-0.163119	-0.136263	-0.182345	-0.157015	-0.137484	-0.160678	-0.166781	-0.161593	-0.222019	-0.182650
0.396200	-0.175936	-0.142672	-0.186923	-0.166476	-0.144808	-0.171969	-0.168917	-0.173800	-0.227817	-0.198825
0.396300	-0.185397	-0.149081	-0.189670	-0.179904	-0.155489	-0.181735	-0.178988	-0.186313	-0.240635	-0.210422
0.396400	-0.192111	-0.168002	-0.191195	-0.190280	-0.169833	-0.200656	-0.197909	-0.199130	-0.251926	-0.223545
0.396500	-0.197299	-0.188754	-0.196078	-0.196689	-0.186007	-0.205844	-0.211337	-0.206455	-0.252537	-0.226597
0.396600	-0.208896	-0.200351	-0.200961	-0.204929	-0.193637	-0.209506	-0.218662	-0.213779	-0.252842	-0.226291
0.396700	-0.215305	-0.216220	-0.198825	-0.215000	-0.196078	-0.226597	-0.229954	-0.232395	-0.249790	-0.233616
0.396800	-0.212558	-0.217136	-0.194247	-0.212863	-0.200656	-0.238804	-0.226291	-0.245823	-0.239414	-0.232090
0.396900	-0.207065	-0.205539	-0.179293	-0.217136	-0.201572	-0.243687	-0.220188	-0.237583	-0.233921	-0.225376
0.397000	-0.198825	-0.200351	-0.164340	-0.224460	-0.199130	-0.240330	-0.217441	-0.226597	-0.223545	-0.217746
0.397100	-0.189670	-0.196689	-0.164645	-0.223850	-0.196384	-0.233005	-0.209201	-0.222629	-0.207675	-0.202792
0.397200	-0.190280	-0.187533	-0.171359	-0.224155	-0.188754	-0.222629	-0.199435	-0.213779	-0.196078	-0.184787
0.397300	-0.194858	-0.187228	-0.171664	-0.229038	-0.185092	-0.215305	-0.194247	-0.203708	-0.191501	-0.178683
0.397400	-0.201266	-0.189364	-0.168002	-0.235752	-0.192721	-0.213474	-0.187533	-0.194552	-0.189670	-0.175936
0.397500	-0.204318	-0.195468	-0.160678	-0.235447	-0.201266	-0.218051	-0.188449	-0.193027	-0.183871	-0.164034
0.397600	-0.202792	-0.199130	-0.157015	-0.228428	-0.210117	-0.217441	-0.185092	-0.190585	-0.174411	-0.147860
0.397700	-0.202792	-0.193637	-0.159457	-0.233005	-0.197299	-0.206455	-0.170748	-0.183261	-0.172274	-0.142062
0.397800	-0.204624	-0.189364	-0.155489	-0.236057	-0.179904	-0.196384	-0.167391	-0.178683	-0.174411	-0.134127
0.397900	-0.197299	-0.177157	-0.150301	-0.232090	-0.174716	-0.190890	-0.161898	-0.171664	-0.162509	-0.124361
0.398000	-0.189975	-0.158541	-0.139925	-0.223240	-0.174105	-0.184176	-0.151217	-0.160983	-0.154269	-0.113680
0.398100	-0.186007	-0.155184	-0.142367	-0.215305	-0.179599	-0.175631	-0.148165	-0.156100	-0.158846	-0.106050
0.398200	-0.195163	-0.156100	-0.153353	-0.213169	-0.184176	-0.160067	-0.150607	-0.154269	-0.163119	-0.100252
0.398300	-0.212863	-0.153353	-0.155489	-0.222934	-0.175936	-0.154269	-0.157931	-0.156405	-0.166781	-0.107576
0.398400	-0.223240	-0.162203	-0.149691	-0.227512	-0.166476	-0.155184	-0.168307	-0.163729	-0.172885	-0.119783
0.398500	-0.221714	-0.168917	-0.152743	-0.218051	-0.165560	-0.154574	-0.172885	-0.167391	-0.175326	-0.122530
0.398600	-0.213169	-0.167086	-0.154574	-0.208591	-0.174105	-0.147860	-0.176852	-0.165255	-0.171969	-0.116732
0.398700	-0.207065	-0.168917	-0.158236	-0.206149	-0.180514	-0.138705	-0.178988	-0.162203	-0.168307	-0.117647
0.398800	-0.208286	-0.173190	-0.153353	-0.205844	-0.178683	-0.131991	-0.187533	-0.171359	-0.170443	-0.124361
0.398900	-0.212558	-0.176242	-0.155184	-0.209201	-0.180514	-0.129549	-0.201877	-0.191195	-0.185092	-0.141146
0.399000	-0.222629	-0.181125	-0.165866	-0.215915	-0.179904	-0.129244	-0.217441	-0.203098	-0.188449	-0.159762
0.399100	-0.230564	-0.189364	-0.167697	-0.214084	-0.175631	-0.138705	-0.226291	-0.206760	-0.187533	-0.163119
0.399200	-0.224765	-0.197909	-0.159762	-0.208591	-0.175326	-0.144503	-0.226291	-0.209506	-0.184787	-0.157931
0.399300	-0.218662	-0.202487	-0.159152	-0.199130	-0.179904	-0.140536	-0.225986	-0.214389	-0.179293	-0.155489
0.399400	-0.220493	-0.203708	-0.161593	-0.194858	-0.175326	-0.137484	-0.228428	-0.219272	-0.179599	-0.163119
0.399500	-0.220188	-0.211948	-0.164340	-0.196078	-0.173495	-0.139315	-0.238193	-0.228733	-0.187533	-0.171969
0.399600	-0.222629	-0.219577	-0.166171	-0.195468	-0.180514	-0.146944	-0.248569	-0.234226	-0.182650	-0.183566
0.399700	-0.228122	-0.225681	-0.166476	-0.192721	-0.195468	-0.153658	-0.254978	-0.239414	-0.176852	-0.194247
0.399800	-0.227512	-0.234226	-0.165866	-0.195163	-0.197909	-0.160678	-0.255589	-0.250401	-0.177157	-0.197299
