Timestamp,R_A,R_B,Delta_H_km,GM,Error_Pct,Term_Time,Term_Kinetic,Term_Potential
1528158030,26222881.28128025,30474288.3431477,4251.407,4.01303e14,0.6780,4.25567e6,-2.12071e6,5.32009e-9
1528158060,26241407.86399203,30488766.925927777,4247.359,3.99435e14,0.2094,4.23669e6,-2.11619e6,5.30875e-9
1528158090,26259953.67031019,30503204.005488187,4243.250,3.98207e14,0.0987,4.22110e6,-2.11166e6,5.29736e-9
1528158120,26278518.2920317,30517599.458303645,4239.081,3.98082e14,0.1301,4.21133e6,-2.10710e6,5.28592e-9
1528158150,26297101.32221299,30531953.161609992,4234.852,3.97490e14,0.2785,4.19906e6,-2.10253e6,5.27443e-9
1528158180,26315702.355176944,30546264.99340047,4230.563,3.98556e14,0.0113,4.19549e6,-2.09793e6,5.26290e-9
1528158210,26334320.986519743,30560534.83242206,4226.214,3.95957e14,0.6631,4.17262e6,-2.09332e6,5.25132e-9
1528158240,26352956.813117422,30574762.558171757,4221.806,3.95054e14,0.8897,4.15865e6,-2.08869e6,5.23969e-9
1528158270,26371609.433132358,30588948.05089294,4217.339,3.96092e14,0.6293,4.15482e6,-2.08404e6,5.22802e-9
1528158300,26390278.446019568,30603091.191571698,4212.813,4.00509e14,0.4789,4.16855e6,-2.07938e6,5.21630e-9
1528158330,26408963.452521972,30617191.861946624,4208.228,4.01953e14,0.8411,4.16667e6,-2.07469e6,5.20454e-9
1528158360,26427664.054709606,30631249.944463823,4203.586,3.98136e14,0.1165,4.13741e6,-2.06999e6,5.19274e-9
1528158390,26446379.85595207,30645265.3223147,4198.885,3.96872e14,0.4336,4.12142e6,-2.06527e6,5.18089e-9
1528158420,26465110.46093474,30659237.8794191,4194.127,4.00702e14,0.5274,4.13177e6,-2.06054e6,5.16900e-9
1528158450,26483855.475664195,30673167.50042177,4189.312,4.01208e14,0.6541,4.12484e6,-2.05578e6,5.15707e-9
1528158480,26502614.507473297,30687054.070689034,4184.440,3.99971e14,0.3439,4.10890e6,-2.05101e6,5.14509e-9
1528158510,26521387.16502628,30700897.476305228,4179.510,4.01732e14,0.7856,4.10835e6,-2.04623e6,5.13308e-9
1528158540,26540173.058323573,30714697.604069326,4174.525,3.96486e14,0.5305,4.07184e6,-2.04143e6,5.12103e-9
1528158570,26558971.798706476,30728454.341491535,4169.483,4.00862e14,0.5675,4.08459e6,-2.03661e6,5.10893e-9
1528158600,26577782.9988617,30742167.576789863,4164.385,4.03267e14,1.1707,4.08715e6,-2.03178e6,5.09680e-9
1528158630,26596606.272835594,30755837.198873945,4159.231,3.97330e14,0.3187,4.04721e6,-2.02693e6,5.08463e-9
1528158660,26615441.23600818,30769463.09738115,4154.022,3.98834e14,0.0586,4.04512e6,-2.02207e6,5.07242e-9
1528158690,26634287.50512751,30783045.162633646,4148.758,3.99238e14,0.1599,4.03740e6,-2.01719e6,5.06017e-9
1528158720,26653144.698303908,30796583.285647795,4143.439,4.00383e14,0.4471,4.03338e6,-2.01230e6,5.04789e-9
1528158750,26672012.435013838,30810077.358130705,4138.065,4.00432e14,0.4596,4.02379e6,-2.00739e6,5.03557e-9
1528158780,26690890.33610367,30823527.27247668,4132.637,4.00434e14,0.4601,4.01394e6,-2.00247e6,5.02322e-9
1528158810,26709778.023793254,30836932.92176404,4127.155,4.02404e14,0.9542,4.01391e6,-1.99753e6,5.01083e-9
1528158840,26728675.12167941,30850294.199751478,4121.619,3.97502e14,0.2755,3.97946e6,-1.99258e6,4.99840e-9
1528158870,26747581.254739255,30863611.000874903,4116.030,3.98038e14,0.1412,3.97221e6,-1.98762e6,4.98594e-9
1528158900,26766496.049333338,30876883.220243886,4110.387,4.00863e14,0.5675,3.97631e6,-1.98264e6,4.97345e-9
1528158930,26785419.133205418,30890110.753650386,4104.692,3.97083e14,0.3807,3.94755e6,-1.97765e6,4.96092e-9
1528158960,26804350.135495648,30903293.497528646,4098.943,3.97703e14,0.2251,3.94063e6,-1.97265e6,4.94837e-9
1528158990,26823288.68673297,30916431.348988686,4093.143,3.95769e14,0.7104,3.92106e6,-1.96764e6,4.93578e-9
1528159020,26842234.418841075,30929524.20580122,4087.290,3.96265e14,0.5860,3.91348e6,-1.96261e6,4.92316e-9
1528159050,26861186.96514087,30942571.966394525,4081.385,3.99942e14,0.3365,3.92148e6,-1.95757e6,4.91050e-9
1528159080,26880145.960352853,30955574.529851254,4075.429,4.02668e14,1.0205,3.92471e6,-1.95252e6,4.89782e-9
1528159110,26899111.040599313,30968531.795905363,4069.421,4.01692e14,0.7757,3.90976e6,-1.94745e6,4.88511e-9
1528159140,26918081.84340632,30981443.66493899,4063.362,4.00324e14,0.4325,3.89290e6,-1.94237e6,4.87236e-9
1528159170,26937058.00770579,30994310.037979335,4057.252,4.00573e14,0.4949,3.88391e6,-1.93729e6,4.85959e-9
1528159200,26956039.173837185,31007130.8166957,4051.092,3.99934e14,0.3345,3.87058e6,-1.93219e6,4.84679e-9
1528159230,26975024.98354129,31019905.903390434,4044.881,4.01519e14,0.7322,3.86800e6,-1.92708e6,4.83396e-9
1528159260,26994015.079986233,31032635.201014128,4038.620,3.97374e14,0.3078,3.83774e6,-1.92195e6,4.82111e-9
1528159290,27013009.107744493,31045318.613144338,4032.310,3.94260e14,1.0890,3.81251e6,-1.91682e6,4.80822e-9
1528159320,27032006.712801974,31057956.043988448,4025.949,4.00353e14,0.4396,3.83150e6,-1.91168e6,4.79532e-9
1528159350,27051007.54255923,31070547.398380585,4019.540,4.00794e14,0.5503,3.82327e6,-1.90653e6,4.78238e-9
1528159380,27070011.245832417,31083092.58177866,4013.081,3.95107e14,0.8763,3.78579e6,-1.90136e6,4.76942e-9
1528159410,27089017.47285425,31095591.50026127,4006.574,3.97754e14,0.2123,3.78808e6,-1.89619e6,4.75643e-9
1528159440,27108025.875274774,31108044.060524736,4000.018,4.00128e14,0.3831,3.78897e6,-1.89100e6,4.74342e-9
1528159470,27127036.106162094,31120450.169880122,3993.414,3.97949e14,0.1636,3.76826e6,-1.88581e6,4.73038e-9
1528159500,27146047.8200029,31132809.736250132,3986.762,4.01514e14,0.7309,3.77468e6,-1.88061e6,4.71732e-9
1528159530,27165060.67272036,31145122.668163367,3980.062,3.99721e14,0.2811,3.75577e6,-1.87539e6,4.70424e-9
1528159560,27184074.32162126,31157388.87476014,3973.315,3.96638e14,0.4924,3.73085e6,-1.87017e6,4.69113e-9
1528159590,27203088.425449546,31169608.265780747,3966.520,3.98446e14,0.0388,3.72887e6,-1.86494e6,4.67800e-9
1528159620,27222102.644369487,31181780.75156533,3959.678,4.00329e14,0.4336,3.72717e6,-1.85970e6,4.66485e-9
1528159650,27241116.63996593,31193906.243050937,3952.790,4.02383e14,0.9490,3.72620e6,-1.85445e6,4.65167e-9
1528159680,27260130.07524445,31205984.651768554,3945.855,3.98048e14,0.1385,3.69553e6,-1.84919e6,4.63848e-9
1528159710,27279142.6146314,31218015.88984018,3938.873,4.00338e14,0.4359,3.69559e6,-1.84393e6,4.62526e-9
1528159740,27298153.923973918,31229999.869975965,3931.846,4.05918e14,1.8357,3.71075e6,-1.83865e6,4.61202e-9
1528159770,27317163.670539733,31241936.505471263,3924.773,4.01953e14,0.8412,3.68186e6,-1.83337e6,4.59876e-9
1528159800,27336171.523017004,31253825.710203763,3917.654,3.97666e14,0.2345,3.65157e6,-1.82808e6,4.58548e-9
1528159830,27355177.151494954,31265667.398639083,3910.490,3.97255e14,0.3375,3.63910e6,-1.82278e6,4.57219e-9
1528159860,27374180.227522086,31277461.485802118,3903.281,4.00204e14,0.4022,3.64195e6,-1.81747e6,4.55887e-9
1528159890,27393180.424046922,31289207.887299933,3896.027,4.01808e14,0.8048,3.63859e6,-1.81216e6,4.54553e-9
1528159920,27412177.415436164,31300906.519310765,3888.729,4.00471e14,0.4692,3.62184e6,-1.80684e6,4.53218e-9
1528159950,27431170.877473984,31312557.298581272,3881.386,3.96451e14,0.5393,3.59300e6,-1.80151e6,4.51881e-9
1528159980,27450160.487360947,31324160.1424239,3874.000,3.98584e14,0.0041,3.59196e6,-1.79618e6,4.50542e-9
1528160010,27469145.923713118,31335714.96871419,3866.569,3.98996e14,0.0992,3.58313e6,-1.79083e6,4.49201e-9
1528160040,27488126.86656083,31347221.69588817,3859.095,3.99002e14,0.1008,3.57245e6,-1.78548e6,4.47859e-9
1528160070,27507102.997347586,31358680.242939666,3851.577,3.99529e14,0.2329,3.56409e6,-1.78013e6,4.46515e-9
1528160100,27526073.998928715,31370090.529417764,3844.017,3.99227e14,0.1573,3.55201e6,-1.77477e6,4.45169e-9
1528160130,27545039.555584773,31381452.475413613,3836.413,3.99190e14,0.1480,3.54109e6,-1.76940e6,4.43822e-9
1528160160,27563999.35297471,31392766.001590237,3828.767,4.00223e14,0.4071,3.53491e6,-1.76402e6,4.42473e-9
1528160190,27582953.07817996,31404031.029147703,3821.078,4.02379e14,0.9481,3.53363e6,-1.75864e6,4.41123e-9
1528160220,27601900.419688232,31415247.479830876,3813.347,4.01266e14,0.6687,3.51791e6,-1.75326e6,4.39771e-9
1528160250,27620841.067391973,31426415.27592681,3805.574,4.02431e14,0.9610,3.51219e6,-1.74787e6,4.38418e-9
1528160280,27639774.71258677,31437534.340262096,3797.760,3.99593e14,0.2490,3.48894e6,-1.74247e6,4.37063e-9
1528160310,27658701.047969725,31448604.596200358,3789.904,3.94644e14,0.9926,3.45656e6,-1.73706e6,4.35707e-9
1528160340,27677619.767637715,31459625.967639558,3782.006,4.00117e14,0.3805,3.46956e6,-1.73166e6,4.34350e-9
1528160370,27696530.56708555,31470598.379009515,3774.068,4.04863e14,1.5712,3.47927e6,-1.72624e6,4.32991e-9
1528160400,27715433.143204175,31481521.755269285,3766.089,3.98632e14,0.0079,3.44144e6,-1.72082e6,4.31632e-9
1528160430,27734327.1942702,31492396.021919828,3758.069,3.95473e14,0.7845,3.41700e6,-1.71540e6,4.30270e-9
1528160460,27753212.41997018,31503221.104954887,3750.009,3.98221e14,0.0953,3.41797e6,-1.70997e6,4.28908e-9
1528160490,27772088.521372158,31513996.93090505,3741.908,4.00530e14,0.4842,3.41698e6,-1.70453e6,4.27544e-9
1528160520,27790955.20093195,31524723.42682027,3733.768,3.98191e14,0.1027,3.39611e6,-1.69910e6,4.26180e-9
1528160550,27809812.162491005,31535400.520267613,3725.588,4.01542e14,0.7380,3.39946e6,-1.69365e6,4.24814e-9
1528160580,27828659.111273937,31546028.13932884,3717.369,4.03273e14,1.1722,3.39585e6,-1.68821e6,4.23447e-9
1528160610,27847495.75388628,31556606.21259815,3709.110,3.95167e14,0.8614,3.35067e6,-1.68275e6,4.22079e-9
1528160640,27866321.798311956,31567134.669179827,3700.813,3.94147e14,1.1173,3.33551e6,-1.67730e6,4.20709e-9
1528160670,27885136.95391081,31577613.438685928,3692.476,3.97571e14,0.2582,3.33901e6,-1.67184e6,4.19339e-9
1528160700,27903940.931416024,31588042.451233994,3684.102,3.96893e14,0.4284,3.32526e6,-1.66637e6,4.17968e-9
1528160730,27922733.442934554,31598421.637420483,3675.688,3.96821e14,0.4464,3.31405e6,-1.66091e6,4.16596e-9
1528160760,27941514.201935105,31608750.92839326,3667.237,3.95165e14,0.8618,3.29625e6,-1.65543e6,4.15223e-9
1528160790,27960282.92325484,31619030.25577451,3658.747,3.99145e14,0.1367,3.30182e6,-1.64996e6,4.13849e-9
1528160820,27979039.32309357,31629259.551682424,3650.220,4.01241e14,0.6625,3.29950e6,-1.64448e6,4.12475e-9
1528160850,27997783.11901098,31639438.748728786,3641.656,3.96727e14,0.4700,3.26994e6,-1.63900e6,4.11099e-9
1528160880,28016514.02992373,31649567.78001655,3633.054,3.96650e14,0.4894,3.25868e6,-1.63351e6,4.09723e-9
1528160910,28035231.776102643,31659646.57913739,3624.415,3.97204e14,0.3504,3.24999e6,-1.62802e6,4.08345e-9
1528160940,28053936.079169724,31669675.08016937,3615.739,3.92277e14,1.5864,3.21897e6,-1.62253e6,4.06967e-9
1528160970,28072626.662095208,31679653.217674464,3607.027,3.94351e14,1.0660,3.21648e6,-1.61704e6,4.05589e-9
1528161000,28091303.2491945,31689580.92669632,3598.278,3.97756e14,0.2117,3.21931e6,-1.61154e6,4.04209e-9
1528161030,28109965.56612601,31699458.142790977,3589.493,3.96708e14,0.4749,3.20409e6,-1.60604e6,4.02829e-9
1528161060,28128613.33988537,31709284.801922575,3580.671,3.98581e14,0.0049,3.20063e6,-1.60054e6,4.01448e-9
1528161090,28147246.298804913,31719060.84056328,3571.815,4.02762e14,1.0441,3.20635e6,-1.59503e6,4.00067e-9
1528161120,28165864.172549672,31728786.1956582,3562.922,4.05334e14,1.6894,3.20553e6,-1.58952e6,3.98685e-9
1528161150,28184466.692114145,31738460.80462349,3553.994,3.95083e14,0.8825,3.15369e6,-1.58401e6,3.97302e-9
1528161180,28203053.589818966,31748084.60534432,3545.031,3.93314e14,1.3262,3.13571e6,-1.57850e6,3.95919e-9
1528161210,28221624.599307686,31757657.53617305,3536.033,4.02464e14,0.9693,3.16085e6,-1.57299e6,3.94535e-9
1528161240,28240179.455543343,31767179.53592722,3527.000,3.97698e14,0.2263,3.13102e6,-1.56747e6,3.93151e-9
1528161270,28258717.894805115,31776650.543887734,3517.933,3.93256e14,1.3408,3.10259e6,-1.56195e6,3.91766e-9
1528161300,28277239.65468487,31786070.49979687,3508.831,3.98996e14,0.0992,3.11403e6,-1.55643e6,3.90381e-9
1528161330,28295744.474080734,31795439.34382016,3499.695,4.02015e14,0.8565,3.11472e6,-1.55091e6,3.88995e-9
1528161360,28314232.093202792,31804757.016656358,3490.525,4.01265e14,0.6684,3.10072e6,-1.54538e6,3.87609e-9
1528161390,28332702.253560342,31814023.459423456,3481.321,3.97639e14,0.2412,3.07563e6,-1.53985e6,3.86222e-9
1528161420,28351154.697961207,31823238.613692727,3472.084,3.95389e14,0.8057,3.05592e6,-1.53433e6,3.84835e-9
1528161450,28369589.170508206,31832402.421486605,3462.813,3.95138e14,0.8686,3.04395e6,-1.52880e6,3.83448e-9
1528161480,28388005.41659542,31841514.82527651,3453.509,3.95360e14,0.8130,3.03378e6,-1.52327e6,3.82060e-9
1528161510,28406403.182904575,31850575.767980732,3444.173,3.96024e14,0.6463,3.02529e6,-1.51773e6,3.80672e-9
1528161540,28424782.217401292,31859585.19296224,3434.803,3.98920e14,0.0803,3.02524e6,-1.51220e6,3.79284e-9
1528161570,28443142.269331302,31868543.04402661,3425.401,4.00625e14,0.5080,3.02061e6,-1.50667e6,3.77895e-9
1528161600,28461483.089216795,31877449.26541986,3415.966,3.99920e14,0.3310,3.00685e6,-1.50113e6,3.76506e-9
1528161630,28479804.42885562,31886303.801860094,3406.499,4.02212e14,0.9060,3.00436e6,-1.49559e6,3.75117e-9
1528161660,28498106.041307975,31895106.59843166,3397.001,3.99267e14,0.1673,2.98223e6,-1.49006e6,3.73728e-9
1528161690,28516387.680902105,31903857.600687124,3387.470,3.93033e14,1.3967,2.94793e6,-1.48452e6,3.72338e-9
1528161720,28534649.10322742,31912556.754611887,3377.908,3.98455e14,0.0366,2.95704e6,-1.47898e6,3.70949e-9
1528161750,28552890.06513055,31921204.00662245,3368.314,4.03451e14,1.2169,2.96443e6,-1.47344e6,3.69559e-9
1528161780,28571110.324711576,31929799.303564645,3358.689,4.02562e14,0.9938,2.95000e6,-1.46790e6,3.68168e-9
1528161810,28589309.641320065,31938342.59271211,3349.033,3.97565e14,0.2598,2.92054e6,-1.46236e6,3.66778e-9
1528161840,28607487.775551166,31946833.821764436,3339.346,3.90013e14,2.1544,2.88187e6,-1.45681e6,3.65388e-9
1528161870,28625644.489241704,31955272.938845612,3329.628,3.92367e14,1.5638,2.87948e6,-1.45127e6,3.63997e-9
1528161900,28643779.545466136,31963659.89250239,3319.880,3.96957e14,0.4123,2.88512e6,-1.44573e6,3.62607e-9
1528161930,28661892.708532304,31971994.631674904,3310.102,4.03079e14,1.1235,2.89617e6,-1.44019e6,3.61216e-9
1528161960,28679983.7439785,31980277.1057805,3300.293,4.00635e14,0.5104,2.87623e6,-1.43464e6,3.59825e-9
1528161990,28698052.41856839,31988507.264626365,3290.455,4.00404e14,0.4524,2.86428e6,-1.42910e6,3.58434e-9
1528162020,28716098.500287317,31996685.05843551,3280.587,3.96525e14,0.5206,2.83932e6,-1.42356e6,3.57043e-9
1528162050,28734121.75833818,32004810.437844858,3270.689,3.86430e14,3.0533,2.79236e6,-1.41801e6,3.55653e-9
1528162080,28752121.963137433,32012883.353903476,3260.761,3.93853e14,1.1910,2.80774e6,-1.41247e6,3.54262e-9
1528162110,28770098.886310916,32020903.75807079,3250.805,3.99883e14,0.3217,2.81799e6,-1.40692e6,3.52871e-9
1528162140,28788052.300689727,32028871.602214713,3240.819,3.96043e14,0.6417,2.79339e6,-1.40138e6,3.51480e-9
1528162170,28805981.98030615,32036786.83860994,3230.805,3.97431e14,0.2934,2.78720e6,-1.39584e6,3.50090e-9
1528162200,28823887.700389378,32044649.419936128,3220.762,3.97903e14,0.1750,2.77778e6,-1.39029e6,3.48699e-9
1528162230,28841769.23735705,32052459.299297355,3210.690,3.93540e14,1.2697,2.75155e6,-1.38475e6,3.47308e-9
1528162260,28859626.36882449,32060216.430154953,3200.590,3.88608e14,2.5069,2.72347e6,-1.37921e6,3.45918e-9
1528162290,28877458.873586945,32067920.766391516,3190.462,3.91789e14,1.7088,2.72349e6,-1.37367e6,3.44527e-9
1528162320,28895266.53161971,32075572.262288082,3180.306,3.93948e14,1.1671,2.71991e6,-1.36813e6,3.43137e-9
1528162350,28913049.124073815,32083170.872522622,3170.122,3.93705e14,1.2281,2.70806e6,-1.36258e6,3.41747e-9
1528162380,28930806.43327181,32090716.552168522,3159.910,4.04120e14,1.3847,2.73249e6,-1.35704e6,3.40357e-9
1528162410,28948538.242703456,32098209.2566931,3149.671,4.02905e14,1.0799,2.71722e6,-1.35150e6,3.38967e-9
1528162440,28966244.33702136,32105648.941956174,3139.405,3.98041e14,0.1403,2.68966e6,-1.34596e6,3.37578e-9
1528162470,28983924.502036765,32113035.56420854,3129.111,4.03555e14,1.2430,2.69713e6,-1.34043e6,3.36188e-9
1528162500,29001578.524715148,32120369.080090575,3118.791,3.97468e14,0.2841,2.66561e6,-1.33489e6,3.34799e-9
1528162530,29019206.1931803,32127649.446614984,3108.443,3.93671e14,1.2368,2.64189e6,-1.32935e6,3.33410e-9
1528162560,29036807.296684295,32134876.621214177,3098.069,3.95892e14,0.6795,2.63826e6,-1.32382e6,3.32021e-9
1528162590,29054381.625628974,32142050.56168979,3087.669,3.98205e14,0.0993,2.63487e6,-1.31828e6,3.30632e-9
1528162620,29071928.971553314,32149171.226226993,3077.242,4.00314e14,0.4298,2.63076e6,-1.31275e6,3.29244e-9
1528162650,29089449.12712916,32156238.57339303,3066.789,3.95048e14,0.8912,2.60240e6,-1.30721e6,3.27856e-9
1528162680,29106941.88615699,32163252.56213564,3056.311,4.00956e14,0.5910,2.61068e6,-1.30168e6,3.26468e-9
1528162710,29124407.04356164,32170213.151781656,3045.806,4.04827e14,1.5622,2.61217e6,-1.29615e6,3.25081e-9
1528162740,29141844.39538803,32177120.302035417,3035.276,3.97671e14,0.2332,2.57786e6,-1.29062e6,3.23693e-9
1528162770,29159253.738796856,32183973.972977344,3024.720,4.00534e14,0.4852,2.57604e6,-1.28509e6,3.22307e-9
1528162800,29176634.872060344,32190774.125062466,3014.139,3.99880e14,0.3210,2.56286e6,-1.27957e6,3.20920e-9
1528162830,29193987.594548035,32197520.719130665,3003.533,3.94283e14,1.0831,2.53391e6,-1.27404e6,3.19534e-9
1528162860,29211311.706753023,32204213.716369107,2992.902,4.02537e14,0.9876,2.54918e6,-1.26851e6,3.18148e-9
1528162890,29228607.010257035,32210853.078347266,2982.246,4.01987e14,0.8495,2.53633e6,-1.26299e6,3.16762e-9
1528162920,29245873.30773594,32217438.767003726,2971.565,3.98980e14,0.0953,2.51576e6,-1.25747e6,3.15377e-9
1528162950,29263110.402955353,32223970.74464502,2960.860,4.00065e14,0.3674,2.50812e6,-1.25195e6,3.13992e-9
1528162980,29280318.10076626,32230448.973944206,2950.131,3.96914e14,0.4232,2.48721e6,-1.24643e6,3.12607e-9
1528163010,29297496.20710061,32236873.41793973,2939.377,3.92189e14,1.6085,2.46150e6,-1.24091e6,3.11223e-9
1528163040,29314644.52896692,32243244.04003411,2928.600,3.91358e14,1.8169,2.44798e6,-1.23540e6,3.09839e-9
1528163070,29331762.87444587,32249560.8039927,2917.798,3.90350e14,2.0699,2.43394e6,-1.22988e6,3.08456e-9
1528163100,29348851.052685853,32255823.67394247,2906.973,3.90024e14,2.1515,2.42203e6,-1.22437e6,3.07073e-9
1528163130,29365908.87390798,32262032.61436319,2896.124,3.95410e14,0.8004,2.42759e6,-1.21886e6,3.05690e-9
1528163160,29382936.149372894,32268187.59010976,2885.251,4.00613e14,0.5050,2.43245e6,-1.21335e6,3.04308e-9
1528163190,29399932.691405263,32274288.566387277,2874.356,4.02378e14,0.9476,2.42675e6,-1.20784e6,3.02927e-9
1528163220,29416898.313380085,32280335.50875738,2863.437,4.00721e14,0.5319,2.41069e6,-1.20233e6,3.01545e-9
1528163250,29433832.82971839,32286328.38313718,2852.496,4.01140e14,0.6370,2.40091e6,-1.19683e6,3.00165e-9
1528163280,29450736.055882927,32292267.155797854,2841.531,4.00405e14,0.4526,2.38767e6,-1.19133e6,2.98784e-9
1528163310,29467607.808373887,32298151.793363582,2830.544,3.91775e14,1.7123,2.35098e6,-1.18583e6,2.97404e-9
1528163340,29484447.904724564,32303982.262810253,2819.534,3.92163e14,1.6150,2.34123e6,-1.18033e6,2.96025e-9
1528163370,29501256.16349708,32309758.53146423,2808.502,3.94904e14,0.9275,2.33840e6,-1.17483e6,2.94646e-9
1528163400,29518032.40427807,32315480.56700127,2797.448,3.95270e14,0.8357,2.32853e6,-1.16934e6,2.93268e-9
1528163430,29534776.447666787,32321148.337447353,2786.372,4.04517e14,1.4842,2.34458e6,-1.16384e6,2.91890e-9
1528163460,29551488.115294375,32326761.81117107,2775.274,4.07046e14,2.1187,2.34087e6,-1.15835e6,2.90512e-9
1528163490,29568167.229795836,32332320.95688908,2764.154,4.05874e14,1.8247,2.32639e6,-1.15286e6,2.89135e-9
1528163520,29584813.614813376,32337825.743662886,2753.012,3.93525e14,1.2734,2.27978e6,-1.14737e6,2.87759e-9
1528163550,29601427.094992094,32343276.140897673,2741.849,3.91445e14,1.7951,2.26292e6,-1.14189e6,2.86383e-9
1528163580,29618007.495975606,32348672.118341256,2730.665,3.96387e14,0.5552,2.26614e6,-1.13641e6,2.85007e-9
1528163610,29634554.644401792,32354013.646083035,2719.459,3.95458e14,0.7884,2.25257e6,-1.13093e6,2.83632e-9
1528163640,29651068.367898416,32359300.694552895,2708.232,4.03271e14,1.1716,2.26371e6,-1.12545e6,2.82258e-9
1528163670,29667548.495078865,32364533.234520227,2696.985,4.04094e14,1.3781,2.25501e6,-1.11997e6,2.80884e-9
1528163700,29683994.855537783,32369711.237092867,2685.716,3.99153e14,0.1387,2.23017e6,-1.11450e6,2.79511e-9
1528163730,29700407.27985483,32374834.67372237,2674.427,4.00648e14,0.5136,2.22338e6,-1.10902e6,2.78138e-9
1528163760,29716785.599565603,32379903.516183693,2663.118,4.01546e14,0.7389,2.21490e6,-1.10355e6,2.76766e-9
1528163790,29733129.64718234,32384917.736593563,2651.788,3.94300e14,1.0790,2.18397e6,-1.09809e6,2.75395e-9
1528163820,29749439.25618165,32389877.30740325,2640.438,3.94945e14,0.9171,2.17486e6,-1.09262e6,2.74024e-9
1528163850,29765714.261000227,32394782.201397706,2629.068,3.98855e14,0.0638,2.17465e6,-1.08716e6,2.72653e-9
1528163880,29781954.49703068,32399632.39169458,2617.678,3.94307e14,1.0771,2.15138e6,-1.08170e6,2.71283e-9
1528163910,29798159.800617322,32404427.85174341,2606.268,4.00767e14,0.5436,2.15796e6,-1.07624e6,2.69914e-9
1528163940,29814330.009051953,32409168.555324633,2594.839,4.02234e14,0.9116,2.15096e6,-1.07078e6,2.68545e-9
1528163970,29830464.960569683,32413854.476548728,2583.390,3.96171e14,0.6096,2.12380e6,-1.06533e6,2.67177e-9
1528164000,29846564.494344685,32418485.58985529,2571.921,4.03090e14,1.1262,2.13133e6,-1.05988e6,2.65810e-9
1528164030,29862628.450472027,32423061.869995106,2560.433,4.07254e14,2.1709,2.13138e6,-1.05443e6,2.64443e-9
1528164060,29878656.670006834,32427583.29208194,2548.927,4.05021e14,1.6109,2.11449e6,-1.04898e6,2.63076e-9
1528164090,29894648.99491637,32432049.831538778,2537.401,4.00643e14,0.5123,2.09206e6,-1.04353e6,2.61711e-9
1528164120,29910605.26809003,32436461.46411397,2525.856,3.93974e14,1.1607,2.06379e6,-1.03809e6,2.60345e-9
1528164150,29926525.333334956,32440818.16588021,2514.293,3.90265e14,2.0911,2.04337e6,-1.03265e6,2.58981e-9
1528164180,29942409.03537184,32445119.91323359,2502.711,3.93059e14,1.3902,2.03980e6,-1.02722e6,2.57617e-9
1528164210,29958256.219830662,32449366.682892613,2491.110,3.94415e14,1.0500,2.03248e6,-1.02178e6,2.56254e-9
1528164240,29974066.733246483,32453558.45189727,2479.492,3.94822e14,0.9479,2.02272e6,-1.01635e6,2.54891e-9
1528164270,29989840.423055183,32457695.19760812,2467.855,4.02029e14,0.8601,2.03018e6,-1.01092e6,2.53529e-9
1528164300,30005577.13758939,32461776.89770535,2456.200,4.00859e14,0.5667,2.01633e6,-1.00549e6,2.52168e-9
1528164330,30021276.726097923,32465803.530214798,2444.527,3.91794e14,1.7077,1.98271e6,-1.00007e6,2.50807e-9
1528164360,30036939.038668495,32469775.07342429,2432.836,3.82144e14,4.1287,1.94789e6,-9.94644e5,2.49447e-9
1528164390,30052563.926297184,32473691.50596592,2421.128,3.94902e14,0.9278,1.96893e6,-9.89224e5,2.48087e-9
1528164420,30068151.240860604,32477552.806788463,2409.402,4.02368e14,0.9451,1.97656e6,-9.83807e5,2.46728e-9
1528164450,30083700.835112073,32481358.955156848,2397.658,4.04062e14,1.3703,1.96984e6,-9.78392e5,2.45370e-9
1528164480,30099212.562677704,32485109.930651568,2385.897,4.02731e14,1.0362,1.95569e6,-9.72980e5,2.44013e-9
1528164510,30114686.27805257,32488805.713168133,2374.119,3.98383e14,0.0544,1.93427e6,-9.67571e5,2.42656e-9
1528164540,30130121.8365968,32492446.28291653,2362.324,3.99208e14,0.1524,1.92545e6,-9.62164e5,2.41299e-9
1528164570,30145519.094531737,32496031.620420653,2350.513,3.93738e14,1.2199,1.90151e6,-9.56759e5,2.39944e-9
1528164600,30160877.90893608,32499561.706517756,2338.684,3.99739e14,0.2855,1.90509e6,-9.51357e5,2.38589e-9
1528164630,30176198.137712583,32503036.52232817,2326.838,3.95129e14,0.8708,1.88334e6,-9.45958e5,2.37234e-9
1528164660,30191479.639674976,32506456.049346555,2314.976,3.87788e14,2.7126,1.85528e6,-9.40561e5,2.35881e-9
1528164690,30206722.27445303,32509820.269349206,2303.098,3.88748e14,2.4717,1.84689e6,-9.35167e5,2.34528e-9
1528164720,30221925.902517933,32513129.164423116,2291.203,3.98527e14,0.0185,1.85904e6,-9.29776e5,2.33175e-9
1528164750,30237090.38517827,32516382.716965217,2279.292,3.94612e14,1.0006,1.83919e6,-9.24387e5,2.31824e-9
1528164780,30252215.584575802,32519580.909681544,2267.365,3.86322e14,3.0805,1.80937e6,-9.19001e5,2.30473e-9
1528164810,30267301.363681495,32522723.725586526,2255.422,3.97874e14,0.1822,1.82524e6,-9.13617e5,2.29122e-9
1528164840,30282347.586291388,32525811.148002174,2243.464,3.97917e14,0.1716,1.81458e6,-9.08237e5,2.27773e-9
1528164870,30297354.117022585,32528843.160557356,2231.489,3.96564e14,0.5110,1.80077e6,-9.02858e5,2.26423e-9
1528164900,30312320.821309105,32531819.747187037,2219.499,3.96732e14,0.4687,1.79043e6,-8.97483e5,2.25075e-9
1528164930,30327247.56542449,32534740.892154437,2207.493,3.92229e14,1.5985,1.76963e6,-8.92110e5,2.23727e-9
1528164960,30342134.21639606,32537606.579979755,2195.472,3.85873e14,3.1931,1.74484e6,-8.86739e5,2.22380e-9
1528164990,30356980.64208279,32540416.795510378,2183.436,3.88947e14,2.4218,1.74108e6,-8.81371e5,2.21034e-9
1528165020,30371786.7111451,32543171.523897365,2171.385,4.07633e14,2.2661,1.77153e6,-8.76006e5,2.19688e-9
1528165050,30386552.29304112,32545870.750595033,2159.318,3.94710e14,0.9761,1.73247e6,-8.70644e5,2.18343e-9
1528165080,30401277.258023005,32548514.461360537,2147.237,3.94314e14,1.0755,1.72094e6,-8.65284e5,2.16999e-9
1528165110,30415961.477133263,32551102.64225341,2135.141,3.99643e14,0.2616,1.72178e6,-8.59927e5,2.15655e-9
1528165140,30430604.822201107,32553635.279635172,2123.030,3.88767e14,2.4669,1.68775e6,-8.54573e5,2.14312e-9
1528165170,30445207.165838793,32556112.360168952,2110.905,3.97920e14,0.1706,1.69667e6,-8.49221e5,2.12969e-9
1528165200,30459768.381438043,32558533.870819103,2098.765,3.99312e14,0.1785,1.68893e6,-8.43872e5,2.11628e-9
1528165230,30474288.3431477,32560899.79884261,2086.611,4.03000e14,1.1037,1.68598e6,-8.38525e5,2.10287e-9
1528165260,30488766.925927777,32563210.131814152,2074.443,4.01645e14,0.7639,1.67240e6,-8.33181e5,2.08946e-9
1528165290,30503204.005488187,32565464.857600246,2062.261,3.93001e14,1.4048,1.64373e6,-8.27840e5,2.07606e-9
1528165320,30517599.458303645,32567663.964367032,2050.065,3.94556e14,1.0148,1.63634e6,-8.22501e5,2.06267e-9
1528165350,30531953.161609992,32569807.440579943,2037.854,4.00977e14,0.5963,1.63888e6,-8.17165e5,2.04929e-9
1528165380,30546264.99340047,32571895.275003273,2025.630,4.05814e14,1.8096,1.63803e6,-8.11832e5,2.03591e-9
1528165410,30560534.83242206,32573927.456699796,2013.393,3.99966e14,0.3427,1.61545e6,-8.06501e5,2.02254e-9
1528165440,30574762.558171757,32575903.97503035,2001.141,4.05814e14,1.8098,1.61653e6,-8.01173e5,2.00918e-9
1528174740,32575622.148226902,30572906.346353263,2002.716,3.94359e14,1.0641,-1.59469e6,8.01671e5,-2.01090e-9
1528174770,32573637.622293506,30558674.534614153,2014.963,3.94636e14,0.9946,-1.60585e6,8.07000e5,-2.02426e-9
1528174800,32571597.436757755,30544400.638531815,2027.197,3.82793e14,3.9657,-1.59232e6,8.12331e5,-2.03763e-9
1528174830,32569501.602338023,30530084.778741598,2039.417,3.87850e14,2.6971,-1.61315e6,8.17664e5,-2.05101e-9
1528174860,32567350.13010277,30515727.076564044,2051.623,3.93649e14,1.2423,-1.63564e6,8.23000e5,-2.06439e-9
1528174890,32565143.03139436,30501327.654103037,2063.815,3.97988e14,0.1537,-1.65527e6,8.28339e5,-2.07778e-9
1528174920,32562880.31785411,30486886.634218924,2075.994,4.01762e14,0.7933,-1.67384e6,8.33681e5,-2.09117e-9
1528174950,32560562.001422673,30472404.14053238,2088.158,4.04208e14,1.4068,-1.68971e6,8.39025e5,-2.10458e-9
1528174980,32558188.09434028,30457880.297428183,2100.308,3.96948e14,0.4146,-1.68510e6,8.44371e5,-2.11799e-9
1528175010,32555758.609147094,30443315.230059147,2112.443,3.90700e14,1.9820,-1.68246e6,8.49721e5,-2.13140e-9
1528175040,32553273.55868349,30428709.064349882,2124.564,3.96458e14,0.5374,-1.70541e6,8.55073e5,-2.14482e-9
1528175070,32550732.956090365,30414061.927000802,2136.671,4.04816e14,1.5592,-1.73412e6,8.60428e5,-2.15825e-9
1528175100,32548136.814809535,30399373.945491903,2148.763,4.04057e14,1.3689,-1.74327e6,8.65785e5,-2.17169e-9
1528175130,32545485.148604978,30384645.24806113,2160.840,3.86945e14,2.9241,-1.71667e6,8.71145e5,-2.18513e-9
1528175160,32542777.971498635,30369875.963787228,2172.902,3.85281e14,3.3415,-1.72358e6,8.76508e5,-2.19858e-9
1528175190,32540015.297835693,30355066.222514454,2184.949,3.95815e14,0.6989,-1.75743e6,8.81873e5,-2.21204e-9
1528175220,32537197.14226412,30340216.15488183,2196.981,3.93997e14,1.1549,-1.76408e6,8.87241e5,-2.22550e-9
1528175250,32534323.519735258,30325325.892326947,2208.998,3.92195e14,1.6070,-1.77072e6,8.92612e5,-2.23897e-9
1528175280,32531394.4455044,30310395.567089655,2220.999,4.01428e14,0.7093,-1.80218e6,8.97985e5,-2.25244e-9
1528175310,32528409.9351315,30295425.31221577,2232.985,4.03324e14,1.1850,-1.81726e6,9.03361e5,-2.26593e-9
1528175340,32525370.0044817,30280415.261560842,2244.955,4.03930e14,1.3371,-1.82946e6,9.08740e5,-2.27942e-9
1528175370,32522274.66972605,30265365.549793817,2256.909,4.02825e14,1.0599,-1.83776e6,9.14121e5,-2.29291e-9
1528175400,32519123.947342142,30250276.312400866,2268.848,4.02082e14,0.8734,-1.84687e6,9.19505e5,-2.30641e-9
1528175430,32515917.854100544,30235147.685701743,2280.770,3.99708e14,0.2778,-1.85218e6,9.24891e5,-2.31992e-9
1528175460,32512656.4071095,30219979.806814417,2292.677,3.91950e14,1.6684,-1.84487e6,9.30280e5,-2.33344e-9
1528175490,32509339.623771295,30204772.813698288,2304.567,3.93798e14,1.2049,-1.85990e6,9.35672e5,-2.34696e-9
1528175520,32505967.521797244,30189526.845145244,2316.441,4.00383e14,0.4473,-1.88617e6,9.41066e5,-2.36049e-9
1528175550,32502540.119208258,30174242.040783625,2328.298,3.94161e14,1.1137,-1.88221e6,9.46463e5,-2.37402e-9
1528175580,32499057.43433546,30158918.541082136,2340.139,3.92382e14,1.5601,-1.88870e6,9.51863e5,-2.38756e-9
1528175610,32495519.48582078,30143556.4873538,2351.963,3.97018e14,0.3971,-1.91055e6,9.57265e5,-2.40111e-9
1528175640,32491926.292617604,30128156.02175994,2363.770,3.94288e14,1.0820,-1.91474e6,9.62670e5,-2.41467e-9
1528175670,32488277.87399139,30112717.287314143,2375.561,3.86671e14,2.9927,-1.90700e6,9.68077e5,-2.42823e-9
1528175700,32484574.249520283,30097240.427886244,2387.334,3.94525e14,1.0223,-1.93684e6,9.73487e5,-2.44180e-9
1528175730,32480815.43910853,30081725.588202834,2399.090,4.09387e14,2.7062,-1.98410e6,9.78900e5,-2.45537e-9
1528175760,32477001.46294794,30066172.91386232,2410.829,4.00946e14,0.5885,-1.97423e6,9.84315e5,-2.46895e-9
1528175790,32473132.341557954,30050582.551327758,2422.550,3.97129e14,0.3692,-1.97562e6,9.89732e5,-2.48254e-9
1528175820,32469208.095773704,30034954.647934563,2434.253,3.99162e14,0.1408,-1.99151e6,9.95152e5,-2.49613e-9
1528175850,32465228.746746786,30019289.35189452,2445.939,4.01394e14,0.7008,-2.00796e6,1.00058e6,-2.50973e-9
1528175880,32461194.315946024,30003586.812299892,2457.608,3.98603e14,0.0007,-2.01181e6,1.00600e6,-2.52333e-9
1528175910,32457104.825158417,29987847.179127492,2469.258,3.89797e14,2.2087,-2.00032e6,1.01143e6,-2.53695e-9
1528175940,32452960.296489846,29972070.603242796,2480.890,3.90310e14,2.0798,-2.01237e6,1.01686e6,-2.55056e-9
1528175970,32448760.75236595,29956257.236403987,2492.504,4.01538e14,0.7369,-2.05191e6,1.02229e6,-2.56419e-9
1528176000,32444506.215532962,29940407.23126619,2504.099,4.00532e14,0.4845,-2.06022e6,1.02773e6,-2.57782e-9
1528176030,32440196.709038038,29924520.741391875,2515.676,3.97668e14,0.2339,-2.06370e6,1.03316e6,-2.59146e-9
1528176060,32435832.25629335,29908597.9212354,2527.234,4.00010e14,0.3535,-2.08067e6,1.03860e6,-2.60510e-9
1528176090,32431412.88101345,29892638.92616698,2538.774,3.92970e14,1.4126,-2.07314e6,1.04405e6,-2.61875e-9
1528176120,32426938.60723652,29876643.912470445,2550.295,3.94606e14,1.0021,-2.08825e6,1.04949e6,-2.63240e-9
1528176150,32422409.45932512,29860613.03734746,2561.796,3.98144e14,0.1146,-2.10845e6,1.05494e6,-2.64607e-9
1528176180,32417825.46196684,29844546.458921783,2573.279,3.98689e14,0.0223,-2.12080e6,1.06039e6,-2.65973e-9
1528176210,32413186.640175104,29828444.336243488,2584.742,4.00345e14,0.4376,-2.13612e6,1.06584e6,-2.67341e-9
1528176240,32408493.019289907,29812306.829293188,2596.186,3.99012e14,0.1032,-2.14347e6,1.07129e6,-2.68709e-9
1528176270,32403744.62497858,29796134.098986246,2607.611,3.93753e14,1.2160,-2.14019e6,1.07675e6,-2.70077e-9
1528176300,32398941.48323663,29779926.307177067,2619.015,3.99740e14,0.2859,-2.16729e6,1.08221e6,-2.71446e-9
1528176330,32394083.62042236,29763683.616647027,2630.400,4.03636e14,1.2633,-2.18885e6,1.08767e6,-2.72816e-9
1528176360,32389171.063153468,29747406.191158775,2641.765,3.99363e14,0.1913,-2.18813e6,1.09314e6,-2.74186e-9
1528176390,32384203.83841251,29731094.19541025,2653.110,3.91713e14,1.7278,-2.17799e6,1.09860e6,-2.75557e-9
1528176420,32379181.973514188,29714747.79505505,2664.434,3.89635e14,2.2492,-2.18308e6,1.10407e6,-2.76928e-9
1528176450,32374105.496106558,29698367.156706512,2675.738,3.92626e14,1.4988,-2.20222e6,1.10954e6,-2.78300e-9
1528176480,32368974.43417217,29681952.447941847,2687.022,3.99958e14,0.3406,-2.23359e6,1.11501e6,-2.79673e-9
1528176510,32363788.816029362,29665503.837306265,2698.285,3.97710e14,0.2234,-2.23823e6,1.12049e6,-2.81046e-9
1528176540,32358548.670333397,29649021.494317107,2709.527,3.85677e14,3.2421,-2.21519e6,1.12596e6,-2.82419e-9
1528176570,32353254.026077688,29632505.589467965,2720.748,3.95424e14,0.7970,-2.25363e6,1.13144e6,-2.83793e-9
1528176600,32347904.91259503,29615956.29423291,2731.949,3.99066e14,0.1167,-2.27493e6,1.13693e6,-2.85168e-9
1528176630,32342501.35951561,29599373.781091567,2743.128,3.95981e14,0.6572,-2.27706e6,1.14241e6,-2.86543e-9
1528176660,32337043.396901328,29582758.223468736,2754.285,3.98425e14,0.0441,-2.29503e6,1.14789e6,-2.87919e-9
1528176690,32331531.055113513,29566109.795803383,2765.421,4.07012e14,2.1104,-2.33085e6,1.15338e6,-2.89295e-9
1528176720,32325964.36485696,29549428.673532072,2776.536,4.03800e14,1.3045,-2.33260e6,1.15887e6,-2.90672e-9
1528176750,32320343.35718079,29532715.033093408,2787.628,3.95100e14,0.8783,-2.31825e6,1.16436e6,-2.92049e-9
1528176780,32314668.063479275,29515969.051932395,2798.699,4.01775e14,0.7964,-2.34877e6,1.16986e6,-2.93427e-9
1528176810,32308938.51549282,29499190.908504963,2809.748,4.00944e14,0.5880,-2.35735e6,1.17535e6,-2.94805e-9
1528176840,32303154.74530869,29482380.78228232,2820.774,3.92909e14,1.4279,-2.34458e6,1.18085e6,-2.96183e-9
1528176870,32297316.78536202,29465538.853755508,2831.778,3.92378e14,1.5610,-2.35392e6,1.18635e6,-2.97563e-9
1528176900,32291424.668436624,29448665.304439798,2842.759,3.90871e14,1.9392,-2.36033e6,1.19185e6,-2.98942e-9
1528176930,32285478.427707516,29431760.316865787,2853.718,3.93452e14,1.2915,-2.37898e6,1.19735e6,-3.00322e-9
1528176960,32279478.096613877,29414824.074625023,2864.654,3.99352e14,0.1885,-2.40771e6,1.20286e6,-3.01703e-9
1528176990,32273423.708988443,29397856.762333263,2875.567,3.95664e14,0.7367,-2.40756e6,1.20836e6,-3.03084e-9
1528177020,32267315.299017232,29380858.56564807,2886.457,3.94449e14,1.0414,-2.41483e6,1.21387e6,-3.04465e-9
1528177050,32261152.901240986,29363829.671273205,2897.323,3.96998e14,0.4021,-2.43359e6,1.21938e6,-3.05847e-9
1528177080,32254936.550556485,29346770.26696288,2908.166,3.96281e14,0.5820,-2.44239e6,1.22489e6,-3.07229e-9
1528177110,32248666.28221808,29329680.541526176,2918.986,4.00225e14,0.4075,-2.46555e6,1.23041e6,-3.08612e-9
1528177140,32242342.131839015,29312560.684831243,2929.781,4.03197e14,1.1531,-2.48581e6,1.23592e6,-3.09995e-9
1528177170,32235964.135392923,29295410.887809623,2940.553,3.96997e14,0.4023,-2.47760e6,1.24144e6,-3.11379e-9
1528177200,32229532.329215284,29278231.34246056,2951.301,4.02452e14,0.9661,-2.50568e6,1.24696e6,-3.12762e-9
1528177230,32223046.74997733,29261022.24185244,2962.025,4.03543e14,1.2400,-2.52019e6,1.25248e6,-3.14147e-9
1528177260,32216507.434772603,29243783.780135754,2972.724,3.99099e14,0.1251,-2.51728e6,1.25800e6,-3.15531e-9
1528177290,32209914.42103295,29226516.15253863,2983.398,3.98073e14,0.1323,-2.52508e6,1.26352e6,-3.16916e-9
1528177320,32203267.74655751,29209219.55537393,2994.048,3.97824e14,0.1949,-2.53532e6,1.26904e6,-3.18302e-9
1528177350,32196567.44951395,29191894.186043475,3004.673,3.94385e14,1.0575,-2.53537e6,1.27457e6,-3.19687e-9
1528177380,32189813.568439696,29174540.24304227,3015.273,3.93215e14,1.3510,-2.54261e6,1.28010e6,-3.21073e-9
1528177410,32183006.142243233,29157157.92596286,3025.848,3.98471e14,0.0324,-2.57053e6,1.28562e6,-3.22460e-9
1528177440,32176145.21020535,29139747.43549952,3036.398,3.98456e14,0.0363,-2.58154e6,1.29115e6,-3.23846e-9
1528177470,32169230.811980367,29122308.973452486,3046.922,3.96901e14,0.4263,-2.58754e6,1.29668e6,-3.25233e-9
1528177500,32162262.987597458,29104842.742732335,3057.420,3.93907e14,1.1776,-2.58879e6,1.30222e6,-3.26620e-9
1528177530,32155241.77746666,29087348.947380327,3067.893,3.91047e14,1.8951,-2.59041e6,1.30775e6,-3.28008e-9
1528177560,32148167.222365394,29069827.792523038,3078.339,3.95519e14,0.7731,-2.61610e6,1.31328e6,-3.29396e-9
1528177590,32141039.363454774,29052279.48442643,3088.760,4.03794e14,1.3029,-2.65450e6,1.31882e6,-3.30784e-9
1528177620,32133858.242276013,29034704.23048423,3099.154,3.95950e14,0.6649,-2.63959e6,1.32435e6,-3.32172e-9
1528177650,32126623.900751866,29017102.239222296,3109.522,3.95248e14,0.8409,-2.64828e6,1.32989e6,-3.33560e-9
1528177680,32119336.381188035,28999473.72030312,3119.863,4.05121e14,1.6358,-2.69237e6,1.33543e6,-3.34949e-9
1528177710,32111995.72627457,28981818.88453019,3130.177,4.05435e14,1.7145,-2.70459e6,1.34096e6,-3.36338e-9
1528177740,32104601.97908739,28964137.943852503,3140.464,3.98747e14,0.0366,-2.69318e6,1.34650e6,-3.37727e-9
1528177770,32097155.183089685,28946431.11136887,3150.724,3.93867e14,1.1876,-2.68771e6,1.35204e6,-3.39116e-9
1528177800,32089655.382133495,28928698.60133241,3160.957,4.05963e14,1.8472,-2.73991e6,1.35758e6,-3.40506e-9
1528177830,32082102.62048186,28910940.629136946,3171.162,4.06571e14,1.9997,-2.75317e6,1.36312e6,-3.41895e-9
1528177860,32074496.942746773,28893157.41137665,3181.340,3.93826e14,1.1978,-2.72061e6,1.36867e6,-3.43285e-9
1528177890,32066838.393954493,28875349.1657951,3191.489,3.94369e14,1.0617,-2.73350e6,1.37421e6,-3.44675e-9
1528177920,32059127.0195266,28857516.111307286,3201.611,4.00681e14,0.5220,-2.76637e6,1.37975e6,-3.46065e-9
1528177950,32051362.86528187,28839658.468003858,3211.704,4.02063e14,0.8687,-2.78228e6,1.38529e6,-3.47455e-9
1528177980,32043545.977437966,28821776.457155168,3221.770,4.03318e14,1.1836,-2.79779e6,1.39084e6,-3.48846e-9
1528178010,32035676.402613323,28803870.301215492,3231.806,4.08951e14,2.5968,-2.82867e6,1.39638e6,-3.50236e-9
1528178040,32027754.187828854,28785940.223827098,3241.814,4.06011e14,1.8593,-2.82957e6,1.40192e6,-3.51626e-9
1528178070,32019779.380509775,28767986.44982426,3251.793,3.98360e14,0.0604,-2.81374e6,1.40747e6,-3.53017e-9
1528178100,32011752.02848739,28750009.205237452,3261.743,3.92183e14,1.6099,-2.80294e6,1.41301e6,-3.54407e-9
1528178130,32003672.179960646,28732008.71730823,3271.663,3.91860e14,1.6909,-2.81279e6,1.41856e6,-3.55797e-9
1528178160,31995539.88362184,28713985.214459702,3281.555,3.96933e14,0.4183,-2.84190e6,1.42410e6,-3.57188e-9
1528178190,31987355.188534245,28695938.92633407,3291.416,4.00112e14,0.3793,-2.86436e6,1.42965e6,-3.58578e-9
1528178220,31979118.144173667,28677870.083785914,3301.248,3.96509e14,0.5247,-2.86250e6,1.43519e6,-3.59969e-9
1528178250,31970828.800430015,28659778.918886315,3311.050,3.93555e14,1.2658,-2.86288e6,1.44073e6,-3.61359e-9
1528178280,31962487.207608633,28641665.664926864,3320.822,3.96756e14,0.4628,-2.88551e6,1.44628e6,-3.62749e-9
1528178310,31954093.416431986,28623530.556423776,3330.563,3.99175e14,0.1442,-2.90538e6,1.45182e6,-3.64140e-9
1528178340,31945647.478040963,28605373.82912193,3340.274,3.95040e14,0.8933,-2.90135e6,1.45736e6,-3.65530e-9
1528178370,31937149.443996556,28587195.719998885,3349.954,3.99259e14,0.1653,-2.92787e6,1.46291e6,-3.66920e-9
1528178400,31928599.366281293,28568996.467268948,3359.603,4.00190e14,0.3989,-2.94239e6,1.46845e6,-3.68310e-9
1528178430,31919997.297349736,28550776.31038061,3369.221,4.01670e14,0.7701,-2.95896e6,1.47399e6,-3.69699e-9
1528178460,31911343.28997955,28532535.490040597,3378.808,3.95573e14,0.7595,-2.94746e6,1.47953e6,-3.71089e-9
1528178490,31902637.397424042,28514274.248197943,3388.363,3.88336e14,2.5752,-2.93154e6,1.48507e6,-3.72478e-9
1528178520,31893879.673365362,28495992.828054268,3397.887,3.98424e14,0.0443,-2.98019e6,1.49061e6,-3.73868e-9
1528178550,31885070.171916623,28477691.474067733,3407.379,3.97943e14,0.1648,-2.98946e6,1.49615e6,-3.75257e-9
1528178580,31876208.947623946,28459370.43195678,3416.839,4.02303e14,0.9289,-3.01694e6,1.50169e6,-3.76645e-9
1528178610,31867296.055468667,28441029.948704112,3426.266,3.99304e14,0.1765,-3.01673e6,1.50722e6,-3.78034e-9
1528178640,31858331.550869428,28422670.27256038,3435.661,3.96903e14,0.4258,-3.01870e6,1.51276e6,-3.79422e-9
1528178670,31849315.489684325,28404291.653048057,3445.024,4.10647e14,3.0223,-3.08208e6,1.51829e6,-3.80810e-9
1528178700,31840247.92821305,28385894.340965163,3454.354,4.05820e14,1.8113,-3.07486e6,1.52382e6,-3.82197e-9
1528178730,31831128.923150472,28367478.58840084,3463.650,3.96892e14,0.4287,-3.05177e6,1.52936e6,-3.83585e-9
1528178760,31821958.53173866,28349044.648702748,3472.914,3.98865e14,0.0663,-3.07040e6,1.53489e6,-3.84972e-9
1528178790,31812736.811618783,28330592.776516944,3482.144,3.94500e14,1.0286,-3.06460e6,1.54041e6,-3.86358e-9
1528178820,31803463.820881486,28312123.22777998,3491.341,4.00176e14,0.3953,-3.09760e6,1.54594e6,-3.87744e-9
1528178850,31794139.61806868,28293636.259722598,3500.503,4.06050e14,1.8690,-3.13153e6,1.55147e6,-3.89130e-9
1528178880,31784764.262175314,28275132.130873386,3509.632,3.97511e14,0.2734,-3.10933e6,1.55699e6,-3.90515e-9
1528178910,31775337.812651217,28256611.101062525,3518.727,3.91828e14,1.6989,-3.09809e6,1.56251e6,-3.91900e-9
1528178940,31765860.329402786,28238073.431425273,3527.787,3.93157e14,1.3657,-3.11426e6,1.56803e6,-3.93284e-9
1528178970,31756331.872794904,28219519.38440562,3536.812,3.98734e14,0.0334,-3.14722e6,1.57355e6,-3.94668e-9
1528179000,31746752.50365271,28200949.22375976,3545.803,3.98096e14,0.1266,-3.15573e6,1.57907e6,-3.96051e-9
1528179030,31737122.28330947,28182363.21453809,3554.759,3.95782e14,0.7070,-3.15755e6,1.58458e6,-3.97434e-9
1528179060,31727441.27346675,28163761.623154856,3563.680,3.95884e14,0.6814,-3.16894e6,1.59009e6,-3.98816e-9
1528179090,31717709.536338314,28145144.71732535,3572.565,3.99122e14,0.1309,-3.19288e6,1.59560e6,-4.00198e-9
1528179120,31707927.13460653,28126512.766090408,3581.414,3.98171e14,0.1077,-3.20008e6,1.60111e6,-4.01579e-9
1528179150,31698094.13142464,28107866.03981963,3590.228,4.00331e14,0.4341,-3.21978e6,1.60661e6,-4.02959e-9
1528179180,31688210.590419125,28089204.81021439,3599.006,3.96200e14,0.6022,-3.21410e6,1.61211e6,-4.04339e-9
1528179210,31678276.575692084,28070529.350310933,3607.747,3.91536e14,1.7724,-3.20614e6,1.61761e6,-4.05718e-9
1528179240,31668292.15182362,28051839.934483357,3616.452,3.99348e14,0.1875,-3.24883e6,1.62310e6,-4.07096e-9
1528179270,31658257.383874234,28033136.838446572,3625.121,3.97452e14,0.2881,-3.25208e6,1.62860e6,-4.08473e-9
1528179300,31648172.337387174,28014420.33925925,3633.752,3.96592e14,0.5040,-3.25952e6,1.63408e6,-4.09850e-9
1528179330,31638037.07834601,27995690.715350546,3642.346,3.94371e14,1.0612,-3.26132e6,1.63957e6,-4.11226e-9
1528179360,31627851.673315387,27976948.246449515,3650.903,3.96837e14,0.4424,-3.28241e6,1.64505e6,-4.12601e-9
1528179390,31617616.18930483,27958193.213661432,3659.423,3.99786e14,0.2976,-3.30555e6,1.65053e6,-4.13975e-9
1528179420,31607330.693815615,27939425.899447046,3667.905,4.01706e14,0.7792,-3.32449e6,1.65601e6,-4.15349e-9
1528179450,31596995.254842844,27920646.58762549,3676.349,4.02572e14,0.9963,-3.33908e6,1.66148e6,-4.16721e-9
1528179480,31586609.940877553,27901855.563377142,3684.754,4.03876e14,1.3234,-3.35552e6,1.66695e6,-4.18093e-9
1528179510,31576174.820908763,27883053.11324653,3693.122,4.02042e14,0.8635,-3.35883e6,1.67241e6,-4.19463e-9
1528179540,31565689.964425594,27864239.52514513,3701.450,3.92316e14,1.5767,-3.32887e6,1.67788e6,-4.20833e-9
1528179570,31555155.441419363,27845415.08835409,3709.740,3.97801e14,0.2005,-3.36285e6,1.68333e6,-4.22201e-9
1528179600,31544571.322385773,27826580.09352698,3717.991,4.04384e14,1.4510,-3.40163e6,1.68878e6,-4.23569e-9
1528179630,31533937.678371385,27807734.8326794,3726.203,3.94815e14,0.9497,-3.37194e6,1.69423e6,-4.24935e-9
1528179660,31523254.58083922,27788879.59923169,3734.375,3.95602e14,0.7523,-3.38613e6,1.69968e6,-4.26300e-9
1528179690,31512522.101807795,27770014.687971313,3742.507,4.02111e14,0.8806,-3.42480e6,1.70512e6,-4.27665e-9
1528179720,31501740.313809488,27751140.395068154,3750.600,4.02664e14,1.0194,-3.43809e6,1.71055e6,-4.29028e-9
1528179750,31490909.289893195,27732257.01807682,3758.652,4.01661e14,0.7679,-3.44469e6,1.71598e6,-4.30390e-9
1528179780,31480029.103626907,27713364.855938893,3766.664,3.98576e14,0.0060,-3.44226e6,1.72141e6,-4.31750e-9
1528179810,31469099.829100482,27694464.2089851,3774.636,3.99460e14,0.2158,-3.45693e6,1.72683e6,-4.33110e-9
1528179840,31458121.5409283,27675555.378937304,3782.566,4.01066e14,0.6186,-3.47474e6,1.73224e6,-4.34468e-9
1528179870,31447094.31425197,27656638.668910593,3790.456,4.03928e14,1.3365,-3.49806e6,1.73765e6,-4.35824e-9
1528179900,31436018.224743064,27637714.383415148,3798.304,4.06994e14,2.1057,-3.52235e6,1.74305e6,-4.37180e-9
1528179930,31424893.348566387,27618782.828352083,3806.111,4.01016e14,0.6059,-3.50704e6,1.74845e6,-4.38534e-9
1528179960,31413719.76250419,27599844.31103383,3813.875,3.95998e14,0.6529,-3.49579e6,1.75385e6,-4.39886e-9
1528179990,31402497.54383728,27580899.140167214,3821.598,3.99868e14,0.3180,-3.52360e6,1.75923e6,-4.41238e-9
1528180020,31391226.77038674,27561947.62586105,3829.279,3.98509e14,0.0229,-3.52836e6,1.76461e6,-4.42587e-9
1528180050,31379907.5205164,27542990.079627737,3836.917,4.03451e14,1.2169,-3.56105e6,1.76999e6,-4.43935e-9
1528180080,31368539.873135157,27524026.814384565,3844.513,4.07303e14,2.1834,-3.58901e6,1.77536e6,-4.45282e-9
1528180110,31357123.907699548,27505058.144455306,3852.066,3.93559e14,1.2648,-3.53846e6,1.78072e6,-4.46627e-9
1528180140,31345659.704216074,27486084.385571316,3859.575,3.88945e14,2.4223,-3.52843e6,1.78608e6,-4.47970e-9
1528180170,31334147.343243673,27467105.854872964,3867.041,3.96157e14,0.6130,-3.57141e6,1.79143e6,-4.49312e-9
1528180200,31322586.90589617,27448122.870910723,3874.464,3.98679e14,0.0197,-3.59342e6,1.79677e6,-4.50652e-9
1528180230,31310978.47387254,27429135.75366773,3881.843,3.94810e14,0.9509,-3.58661e6,1.80210e6,-4.51990e-9
1528180260,31299322.129373893,27410144.82449493,3889.177,3.94632e14,0.9956,-3.59641e6,1.80743e6,-4.53327e-9
1528180290,31287617.955191568,27391150.406178072,3896.468,3.96168e14,0.6103,-3.61398e6,1.81275e6,-4.54662e-9
1528180320,31275866.034682263,27372152.82291746,3903.713,3.92222e14,1.6002,-3.60658e6,1.81807e6,-4.55994e-9
1528180350,31264066.45177081,27353152.40032894,3910.914,3.98859e14,0.0648,-3.64746e6,1.82338e6,-4.57326e-9
1528180380,31252219.290952954,27334149.46544479,3918.070,4.04386e14,1.4515,-3.68341e6,1.82867e6,-4.58655e-9
1528180410,31240324.637298282,27315144.346714694,3925.180,3.98354e14,0.0619,-3.66632e6,1.83397e6,-4.59982e-9
1528180440,31228382.576453,27296137.374006364,3932.245,3.96483e14,0.5312,-3.66825e6,1.83925e6,-4.61307e-9
1528180470,31216393.194642864,27277128.878606267,3939.264,4.00351e14,0.4391,-3.69667e6,1.84452e6,-4.62630e-9
1528180500,31204356.57867609,27258119.193220153,3946.237,4.02198e14,0.9026,-3.71579e6,1.84979e6,-4.63951e-9
1528180530,31192272.81593265,27239108.65195065,3953.164,4.02342e14,0.9386,-3.72702e6,1.85505e6,-4.65270e-9
1528180560,31180141.99440923,27220097.590368237,3960.044,3.96115e14,0.6236,-3.70852e6,1.86030e6,-4.66587e-9
1528180590,31167964.202680178,27201086.345440697,3966.878,3.96374e14,0.5587,-3.72018e6,1.86554e6,-4.67901e-9
1528180620,31155739.529913828,27182075.25555605,3973.664,4.01602e14,0.7530,-3.75514e6,1.87077e6,-4.69213e-9
1528180650,31143468.065875538,27163064.660522323,3980.403,3.97508e14,0.2740,-3.74636e6,1.87599e6,-4.70524e-9
1528180680,31131149.900930498,27144054.901567355,3987.095,3.95971e14,0.6598,-3.74952e6,1.88121e6,-4.71831e-9
1528180710,31118785.126046676,27125046.321338378,3993.739,3.93948e14,1.1672,-3.75032e6,1.88641e6,-4.73137e-9
1528180740,31106373.832797695,27106039.263901543,4000.335,3.95204e14,0.8521,-3.76661e6,1.89161e6,-4.74440e-9
1528180770,31093916.113365773,27087034.07474135,4006.882,4.02867e14,1.0703,-3.81339e6,1.89679e6,-4.75740e-9
1528180800,31081412.060544685,27068031.1007599,4013.381,4.04208e14,1.4067,-3.83019e6,1.90197e6,-4.77038e-9
1528180830,31068861.76774736,27049030.690287348,4019.831,4.00149e14,0.3884,-3.82118e6,1.90713e6,-4.78333e-9
1528180860,31056265.328994397,27030033.193046458,4026.232,3.96009e14,0.6502,-3.81165e6,1.91228e6,-4.79626e-9
1528180890,31043622.838931583,27011038.96018605,4032.584,3.95831e14,0.6947,-3.82105e6,1.91743e6,-4.80917e-9
1528180920,31030934.392828114,26992048.34426882,4038.886,4.03054e14,1.1174,-3.86611e6,1.92256e6,-4.82204e-9
1528180950,31018200.086579762,26973061.699270282,4045.138,4.03392e14,1.2020,-3.87804e6,1.92768e6,-4.83489e-9
1528180980,31005420.016711816,26954079.380577378,4051.341,3.97053e14,0.3881,-3.85759e6,1.93279e6,-4.84771e-9
1528181010,30992594.280382242,26935101.744987246,4057.493,3.97294e14,0.3277,-3.86894e6,1.93789e6,-4.86050e-9
1528181040,30979722.975384716,26916129.150705706,4063.594,4.02055e14,0.8667,-3.90230e6,1.94298e6,-4.87327e-9
1528181070,30966806.20015172,26897161.957345705,4069.644,4.00142e14,0.3867,-3.90315e6,1.94806e6,-4.88600e-9
1528181100,30953844.053757664,26878200.525925644,4075.644,3.97251e14,0.3386,-3.89914e6,1.95312e6,-4.89871e-9
1528181130,30940836.63591706,26859245.218870044,4081.591,4.02402e14,0.9537,-3.93453e6,1.95818e6,-4.91138e-9
1528181160,30927784.047002964,26840296.39999994,4087.488,4.03325e14,1.1854,-3.94920e6,1.96322e6,-4.92403e-9
1528181190,30914686.38803481,26821354.43453875,4093.332,4.01419e14,0.7071,-3.94991e6,1.96825e6,-4.93664e-9
1528181220,30901543.760686487,26802419.68910755,4099.124,3.97677e14,0.2318,-3.94145e6,1.97326e6,-4.94922e-9
1528181250,30888356.26728951,26783492.53172277,4104.864,3.98877e14,0.0694,-3.95740e6,1.97827e6,-4.96177e-9
1528181280,30875124.01083619,26764573.33179386,4110.551,4.01577e14,0.7468,-3.98082e6,1.98326e6,-4.97429e-9
1528181310,30861847.094982862,26745662.460120793,4116.185,4.00098e14,0.3756,-3.98343e6,1.98823e6,-4.98677e-9
1528181340,30848525.624053027,26726760.288891286,4121.765,4.02463e14,0.9691,-4.00520e6,1.99319e6,-4.99922e-9
1528181370,30835159.703040656,26707867.1916781,4127.293,3.98272e14,0.0825,-3.99414e6,1.99814e6,-5.01164e-9
1528181400,30821749.43761342,26688983.54343606,4132.766,3.95556e14,0.7637,-3.99036e6,2.00308e6,-5.02402e-9
1528181430,30808294.934129268,26670109.720490105,4138.185,3.99258e14,0.1649,-4.01881e6,2.00800e6,-5.03637e-9
1528181460,30794796.29959872,26651246.100559495,4143.550,4.00810e14,0.5544,-4.03647e6,2.01291e6,-5.04868e-9
1528181490,30781253.641729277,26632393.062726703,4148.861,3.98683e14,0.0206,-4.03552e6,2.01780e6,-5.06095e-9
1528181520,30767667.068915546,26613550.987442877,4154.116,3.97599e14,0.2513,-4.03977e6,2.02268e6,-5.07319e-9
1528181550,30754036.690242697,26594720.256524093,4159.316,3.99389e14,0.1977,-4.05859e6,2.02754e6,-5.08539e-9
1528181580,30740362.615489908,26575901.253147375,4164.461,4.02434e14,0.9617,-4.08382e6,2.03239e6,-5.09755e-9
1528181610,30726644.955133863,26557094.361846786,4169.551,4.00508e14,0.4785,-4.08369e6,2.03722e6,-5.10968e-9
1528181640,30712883.820352253,26538299.96850916,4174.584,4.01594e14,0.7509,-4.09891e6,2.04204e6,-5.12176e-9
1528181670,30699079.32302721,26519518.460369762,4179.561,4.00819e14,0.5567,-4.10457e6,2.04684e6,-5.13381e-9
1528181700,30685231.575748816,26500750.22600785,4184.481,3.95202e14,0.8526,-4.08526e6,2.05163e6,-5.14581e-9
1528181730,30671340.691794246,26481995.655352347,4189.345,3.99929e14,0.3332,-4.11914e6,2.05640e6,-5.15778e-9
1528181760,30657406.785206486,26463255.139645062,4194.152,4.00236e14,0.4102,-4.13025e6,2.06115e6,-5.16970e-9
1528181790,30643429.970722437,26444529.071468,4198.901,3.96133e14,0.6191,-4.11848e6,2.06589e6,-5.18158e-9
1528181820,30629410.363800693,26425817.844727825,4203.593,3.93655e14,1.2407,-4.11502e6,2.07060e6,-5.19342e-9
1528181850,30615348.080624774,26407121.854650743,4208.226,3.98619e14,0.0046,-4.15020e6,2.07531e6,-5.20522e-9
1528181880,30601243.238106605,26388441.497777052,4212.802,4.01160e14,0.6420,-4.17283e6,2.07999e6,-5.21697e-9
1528181910,30587095.953889854,26369777.171955764,4217.319,4.02071e14,0.8706,-4.18695e6,2.08466e6,-5.22868e-9
1528181940,30572906.346353263,26351129.276338838,4221.777,3.98847e14,0.0619,-4.17940e6,2.08931e6,-5.24034e-9
1528181970,30558674.534614153,26332498.2113753,4226.176,3.92566e14,1.5138,-4.15568e6,2.09394e6,-5.25196e-9
1528182000,30544400.638531815,26313884.378805295,4230.516,4.00915e14,0.5807,-4.20878e6,2.09855e6,-5.26353e-9
1528182030,30530084.778741598,26295288.18164103,4234.797,4.02998e14,1.1032,-4.22897e6,2.10314e6,-5.27505e-9
1528182060,30515727.076564044,26276710.024199884,4239.017,3.98330e14,0.0678,-4.21350e6,2.10771e6,-5.28653e-9
1528182090,30501327.654103037,26258150.312058207,4243.177,3.97924e14,0.1697,-4.22045e6,2.11227e6,-5.29796e-9
1528182120,30486886.634218924,26239609.452057328,4247.277,3.99514e14,0.2293,-4.23796e6,2.11680e6,-5.30934e-9
1528182150,30472404.14053238,26221087.852296483,4251.316,3.97784e14,0.2048,-4.23780e6,2.12132e6,-5.32067e-9
1528182180,30457880.297428183,26202585.922125693,4255.294,4.00011e14,0.3540,-4.25866e6,2.12582e6,-5.33195e-9
1528182210,30443315.230059147,26184104.072138306,4259.211,3.99490e14,0.2232,-4.26484e6,2.13029e6,-5.34318e-9
1528182240,30428709.064349882,26165642.714163467,4263.066,3.98115e14,0.1218,-4.26640e6,2.13475e6,-5.35435e-9
1528182270,30414061.927000802,26147202.261258334,4266.860,3.98058e14,0.1361,-4.27496e6,2.13918e6,-5.36548e-9
1528182300,30399373.945491903,26128783.12770023,4270.591,3.97862e14,0.1853,-4.28272e6,2.14360e6,-5.37656e-9
1528182330,30384645.24806113,26110385.728993237,4274.260,3.97141e14,0.3662,-4.28761e6,2.14799e6,-5.38758e-9
1528182360,30369875.963787228,26092010.48181445,4277.865,3.94755e14,0.9647,-4.28346e6,2.15236e6,-5.39854e-9
1528182390,30355066.222514454,26073657.80405105,4281.408,3.96713e14,0.4736,-4.30271e6,2.15671e6,-5.40946e-9
1528182420,30340216.15488183,26055328.114777066,4284.888,3.97925e14,0.1695,-4.31791e6,2.16103e6,-5.42031e-9
1528182450,30325325.892326947,26037021.834244695,4288.304,3.99248e14,0.1624,-4.33370e6,2.16534e6,-5.43111e-9
1528182480,30310395.567089655,26018739.38387524,4291.656,3.97009e14,0.3992,-4.33008e6,2.16962e6,-5.44186e-9
1528182510,30295425.31221577,26000481.18625022,4294.944,3.95997e14,0.6532,-4.33307e6,2.17388e6,-5.45254e-9
1528182540,30280415.261560842,25982247.66510191,4298.168,3.97658e14,0.2364,-4.35059e6,2.17811e6,-5.46317e-9
1528182570,30265365.549793817,25964039.245303925,4301.326,4.00465e14,0.4679,-4.37437e6,2.18232e6,-5.47374e-9
1528182600,30250276.312400866,25945856.352861516,4304.420,4.02156e14,0.8920,-4.39204e6,2.18651e6,-5.48425e-9
1528182630,30235147.685701743,25927699.414890926,4307.448,4.02474e14,0.9719,-4.40215e6,2.19068e6,-5.49470e-9
1528182660,30219979.806814417,25909568.85964235,4310.411,3.99801e14,0.3012,-4.39576e6,2.19482e6,-5.50509e-9
1528182690,30204772.813698288,25891465.116456527,4313.308,3.98885e14,0.0713,-4.39895e6,2.19893e6,-5.51542e-9
1528182720,30189526.845145244,25873388.615764853,4316.138,4.00972e14,0.5950,-4.41866e6,2.20302e6,-5.52568e-9
1528182750,30174242.040783625,25855339.78907849,4318.902,4.03515e14,1.2329,-4.44090e6,2.20709e6,-5.53588e-9
1528182780,30158918.541082136,25837319.06897738,4321.599,4.02057e14,0.8671,-4.44094e6,2.21112e6,-5.54602e-9
1528182810,30143556.4873538,25819326.88909893,4324.230,3.99722e14,0.2814,-4.43603e6,2.21514e6,-5.55609e-9
1528182840,30128156.02175994,25801363.684126593,4326.792,3.99710e14,0.2784,-4.44395e6,2.21913e6,-5.56610e-9
1528182870,30112717.287314143,25783429.88977805,4329.287,4.03789e14,1.3018,-4.47463e6,2.22309e6,-5.57604e-9
1528182900,30097240.427886244,25765525.9427934,4331.714,4.05841e14,1.8165,-4.49401e6,2.22702e6,-5.58591e-9
1528182930,30081725.588202834,25747652.280925363,4334.073,3.99940e14,0.3361,-4.46888e6,2.23093e6,-5.59572e-9
1528182960,30066172.91386232,25729809.342919473,4336.364,4.00973e14,0.5952,-4.48244e6,2.23481e6,-5.60546e-9
1528182990,30050582.551327758,25711997.568508897,4338.585,4.01077e14,0.6212,-4.49075e6,2.23866e6,-5.61512e-9
1528183020,30034954.647934563,25694217.398399293,4340.737,3.97963e14,0.1599,-4.48091e6,2.24248e6,-5.62472e-9
1528183050,30019289.35189452,25676469.27425577,4342.820,3.98367e14,0.0586,-4.49078e6,2.24628e6,-5.63425e-9
1528183080,30003586.812299892,25658753.638689637,4344.833,3.94854e14,0.9398,-4.47849e6,2.25005e6,-5.64371e-9
1528183110,29987847.179127492,25641070.935244918,4346.776,4.00352e14,0.4394,-4.51701e6,2.25378e6,-5.65309e-9
1528183140,29972070.603242796,25623421.608384777,4348.649,4.03588e14,1.2514,-4.54277e6,2.25749e6,-5.66240e-9
1528183170,29956257.236403987,25605806.10347747,4350.451,3.95473e14,0.7845,-4.50415e6,2.26117e6,-5.67164e-9
1528183200,29940407.23126619,25588224.866782323,4352.182,3.95875e14,0.6837,-4.51371e6,2.26482e6,-5.68080e-9
1528183230,29924520.741391875,25570678.34543789,4353.842,3.98516e14,0.0211,-4.53595e6,2.26844e6,-5.68988e-9
1528183260,29908597.9212354,25553166.987439543,4355.431,4.00290e14,0.4238,-4.55324e6,2.27203e6,-5.69889e-9
1528183290,29892638.92616698,25535691.241632484,4356.948,4.02285e14,0.9244,-4.57176e6,2.27559e6,-5.70782e-9
1528183320,29876643.912470445,25518251.557694305,4358.392,4.02981e14,1.0989,-4.58282e6,2.27911e6,-5.71668e-9
1528183350,29860613.03734746,25500848.386119615,4359.765,3.99711e14,0.2785,-4.57113e6,2.28261e6,-5.72545e-9
1528183380,29844546.458921783,25483482.178204674,4361.064,3.97610e14,0.2485,-4.56602e6,2.28607e6,-5.73415e-9
1528183410,29828444.336243488,25466153.386031643,4362.291,3.98406e14,0.0489,-4.57745e6,2.28950e6,-5.74276e-9
1528183440,29812306.829293188,25448862.462452658,4363.444,4.01353e14,0.6906,-4.60120e6,2.29290e6,-5.75129e-9
1528183470,29796134.098986246,25431609.86107368,4364.524,4.03216e14,1.1579,-4.61869e6,2.29627e6,-5.75974e-9
1528183500,29779926.307177067,25414396.03623806,4365.530,3.98801e14,0.0503,-4.59993e6,2.29960e6,-5.76811e-9
1528183530,29763683.616647027,25397221.44301175,4366.462,3.99500e14,0.2256,-4.61057e6,2.30290e6,-5.77639e-9
1528183560,29747406.191158775,25380086.53716082,4367.320,3.98161e14,0.1102,-4.60936e6,2.30616e6,-5.78459e-9
1528183590,29731094.19541025,25362991.775139943,4368.102,4.01851e14,0.8155,-4.63720e6,2.30939e6,-5.79271e-9
1528183620,29714747.79505505,25345937.614073165,4368.810,4.03829e14,1.3117,-4.65509e6,2.31259e6,-5.80073e-9
1528183650,29698367.156706512,25328924.5117364,4369.443,4.02838e14,1.0632,-4.65571e6,2.31575e6,-5.80867e-9
1528183680,29681952.447941847,25311952.926539503,4370.000,4.00895e14,0.5757,-4.65069e6,2.31888e6,-5.81652e-9
1528183710,29665503.837306265,25295023.317508284,4370.481,3.99601e14,0.2509,-4.64935e6,2.32197e6,-5.82428e-9
1528183740,29649021.494317107,25278136.14426604,4370.885,4.01394e14,0.7008,-4.66593e6,2.32502e6,-5.83195e-9
1528183770,29632505.589467965,25261291.867015064,4371.214,3.99070e14,0.1179,-4.65842e6,2.32804e6,-5.83953e-9
1528183800,29615956.29423291,25244490.946517766,4371.465,3.99600e14,0.2506,-4.66749e6,2.33102e6,-5.84702e-9
1528183830,29599373.781091567,25227733.844066232,4371.640,3.99109e14,0.1276,-4.67052e6,2.33397e6,-5.85442e-9
1528183860,29582758.223468736,25211021.02149774,4371.737,3.97403e14,0.3003,-4.66634e6,2.33687e6,-5.86172e-9
1528183890,29566109.795803383,25194352.941140313,4371.757,3.96001e14,0.6522,-4.66384e6,2.33974e6,-5.86893e-9
1528183920,29549428.673532072,25177730.065804042,4371.699,4.01528e14,0.7344,-4.70196e6,2.34257e6,-5.87604e-9
1528183950,29532715.033093408,25161152.858760905,4371.562,4.01585e14,0.7487,-4.70791e6,2.34537e6,-5.88305e-9
1528183980,29515969.051932395,25144621.78372432,4371.347,3.98697e14,0.0242,-4.69643e6,2.34812e6,-5.88997e-9
1528184010,29499190.908504963,25128137.30482848,4371.054,3.97980e14,0.1556,-4.69764e6,2.35083e6,-5.89679e-9
1528184040,29482380.78228232,25111699.8866074,4370.681,4.00330e14,0.4339,-4.71686e6,2.35351e6,-5.90351e-9
1528184070,29465538.853755508,25095309.993973807,4370.229,3.99900e14,0.3259,-4.71960e6,2.35614e6,-5.91013e-9
1528184100,29448665.304439798,25078968.09219767,4369.697,4.00716e14,0.5307,-4.72964e6,2.35874e6,-5.91665e-9
1528184130,29431760.316865787,25062674.64690178,4369.086,4.02640e14,1.0135,-4.74616e6,2.36129e6,-5.92307e-9
1528184160,29414824.074625023,25046430.123987075,4368.394,4.01080e14,0.6220,-4.74196e6,2.36381e6,-5.92939e-9
1528184190,29397856.762333263,25030234.989663303,4367.622,4.01811e14,0.8055,-4.75127e6,2.36628e6,-5.93560e-9
1528184220,29380858.56564807,25014089.71040973,4366.769,4.00794e14,0.5503,-4.75011e6,2.36871e6,-5.94170e-9
1528184250,29363829.671273205,24997994.75295274,4365.835,3.98802e14,0.0506,-4.74305e6,2.37110e6,-5.94771e-9
1528184280,29346770.26696288,24981950.584243115,4364.820,3.98125e14,0.1192,-4.74372e6,2.37344e6,-5.95360e-9
1528184310,29329680.541526176,24965957.6714332,4363.723,3.96846e14,0.4401,-4.74070e6,2.37574e6,-5.95939e-9
1528184340,29312560.684831243,24950016.481853634,4362.544,3.96790e14,0.4542,-4.74488e6,2.37800e6,-5.96507e-9
1528184370,29295410.887809623,24934127.48299009,4361.283,3.99070e14,0.1177,-4.76292e6,2.38022e6,-5.97064e-9
1528184400,29278231.34246056,24918291.14245952,4359.940,3.99240e14,0.1604,-4.76828e6,2.38239e6,-5.97609e-9
1528184430,29261022.24185244,24902507.92797474,4358.514,3.97922e14,0.1702,-4.76466e6,2.38452e6,-5.98144e-9
1528184460,29243783.780135754,24886778.307355985,4357.005,3.98060e14,0.1355,-4.76966e6,2.38660e6,-5.98668e-9
1528184490,29226516.15253863,24871102.74847097,4355.413,3.97938e14,0.1661,-4.77300e6,2.38863e6,-5.99180e-9
1528184520,29209219.55537393,24855481.719221573,4353.738,3.94342e14,1.0683,-4.75542e6,2.39063e6,-5.99681e-9
1528184550,29191894.186043475,24839915.687518977,4351.978,3.99442e14,0.2112,-4.78991e6,2.39257e6,-6.00170e-9
1528184580,29174540.24304227,24824405.1212584,4350.135,4.03495e14,1.2278,-4.81805e6,2.39447e6,-6.00648e-9
1528184610,29157157.92596286,24808950.488293648,4348.207,3.97942e14,0.1653,-4.78840e6,2.39632e6,-6.01114e-9
1528184640,29139747.43549952,24793552.25641143,4346.195,4.00562e14,0.4921,-4.80778e6,2.39813e6,-6.01568e-9
1528184670,29122308.973452486,24778210.89330538,4344.098,4.03975e14,1.3483,-4.83185e6,2.39989e6,-6.02010e-9
1528184700,29104842.742732335,24762926.8665499,4341.916,4.04329e14,1.4372,-4.83744e6,2.40160e6,-6.02441e-9
1528184730,29087348.947380327,24747700.64357259,4339.648,4.05272e14,1.6738,-4.84648e6,2.40326e6,-6.02859e-9
1528184760,29069827.792523038,24732532.691631105,4337.295,3.98125e14,0.1193,-4.80662e6,2.40487e6,-6.03265e-9
1528184790,29052279.48442643,24717423.477782577,4334.856,3.97947e14,0.1639,-4.80868e6,2.40643e6,-6.03658e-9
1528184820,29034704.23048423,24702373.46885768,4332.331,4.06040e14,1.8664,-4.86059e6,2.40795e6,-6.04040e-9
1528184850,29017102.239222296,24687383.1314333,4329.719,4.08462e14,2.4741,-4.87819e6,2.40941e6,-6.04409e-9
1528184880,28999473.72030312,24672452.931804914,4327.021,4.00286e14,0.4229,-4.83162e6,2.41083e6,-6.04765e-9
1528184910,28981818.88453019,24657583.33595886,4324.236,3.94127e14,1.1224,-4.79709e6,2.41219e6,-6.05108e-9
1528184940,28964137.943852503,24642774.80954426,4321.363,3.95834e14,0.6939,-4.81004e6,2.41350e6,-6.05439e-9
1528184970,28946431.11136887,24628027.817844823,4318.403,3.99427e14,0.2075,-4.83433e6,2.41477e6,-6.05757e-9
1528185000,28928698.60133241,24613342.82575046,4315.356,3.97137e14,0.3672,-4.82287e6,2.41598e6,-6.06062e-9
1528185030,28910940.629136946,24598720.297741015,4312.220,3.94966e14,0.9117,-4.81203e6,2.41713e6,-6.06354e-9
1528185060,28893157.41137665,24584160.697819114,4308.997,4.02500e14,0.9783,-4.85993e6,2.41824e6,-6.06633e-9
1528185090,28875349.1657951,24569664.48951968,4305.685,4.02970e14,1.0963,-4.86491e6,2.41929e6,-6.06898e-9
1528185120,28857516.111307286,24555232.135868307,4302.284,4.00914e14,0.5805,-4.85444e6,2.42029e6,-6.07150e-9
1528185150,28839658.468003858,24540864.099351905,4298.794,3.99963e14,0.3417,-4.85056e6,2.42123e6,-6.07389e-9
1528185180,28821776.457155168,24526560.841889143,4295.216,3.97838e14,0.1913,-4.83944e6,2.42212e6,-6.07614e-9
1528185210,28803870.301215492,24512322.82480078,4291.547,3.94643e14,0.9929,-4.82170e6,2.42296e6,-6.07825e-9
1528185240,28785940.223827098,24498150.50877963,4287.790,3.95401e14,0.8026,-4.82787e6,2.42374e6,-6.08023e-9
1528185270,28767986.44982426,24484044.353860546,4283.942,4.00614e14,0.5053,-4.86103e6,2.42447e6,-6.08206e-9
1528185300,28750009.205237452,24470004.819389928,4280.004,4.01703e14,0.7784,-4.86900e6,2.42514e6,-6.08376e-9
1528185330,28732008.71730823,24456032.363981184,4275.976,4.03574e14,1.2479,-4.88163e6,2.42575e6,-6.08532e-9
1528185360,28713985.214459702,24442127.445527613,4271.858,4.02445e14,0.9644,-4.87588e6,2.42631e6,-6.08673e-9
1528185390,28695938.92633407,24428290.521127608,4267.648,3.97192e14,0.3534,-4.84492e6,2.42681e6,-6.08801e-9
1528185420,28677870.083785914,24414522.04706772,4263.348,3.95742e14,0.7171,-4.83698e6,2.42725e6,-6.08914e-9
1528185450,28659778.918886315,24400822.478791147,4258.956,3.99787e14,0.2977,-4.86239e6,2.42764e6,-6.09012e-9
1528185480,28641665.664926864,24387192.27086622,4254.473,3.99685e14,0.2721,-4.86243e6,2.42797e6,-6.09096e-9
1528185510,28623530.556423776,24373631.876954626,4249.899,3.98533e14,0.0169,-4.85596e6,2.42824e6,-6.09165e-9
1528185540,28605373.82912193,24360141.749779433,4245.232,4.00570e14,0.4942,-4.86880e6,2.42845e6,-6.09220e-9
1528185570,28587195.719998885,24346722.34109302,4240.473,3.97294e14,0.3277,-4.84915e6,2.42860e6,-6.09259e-9
1528185600,28568996.467268948,24333374.101644725,4235.622,3.97775e14,0.2071,-4.85227e6,2.42869e6,-6.09284e-9
1528185630,28550776.31038061,24320097.4811582,4230.679,3.99018e14,0.1047,-4.85991e6,2.42872e6,-6.09294e-9
1528185660,28532535.490040597,24306892.92826887,4225.643,3.98717e14,0.0292,-4.85803e6,2.42869e6,-6.09288e-9
1528185690,28514274.248197943,24293760.890521213,4220.513,4.01868e14,0.8197,-4.87705e6,2.42860e6,-6.09268e-9
1528185720,28495992.828054268,24280701.81432623,4215.291,3.97353e14,0.3130,-4.84925e6,2.42845e6,-6.09232e-9
1528185750,28477691.474067733,24267716.144928478,4209.975,3.99090e14,0.1229,-4.85942e6,2.42824e6,-6.09180e-9
1528185780,28459370.43195678,24254804.326372985,4204.566,3.99726e14,0.2824,-4.86275e6,2.42796e6,-6.09113e-9
1528185810,28441029.948704112,24241966.801472023,4199.063,3.97824e14,0.1947,-4.85050e6,2.42763e6,-6.09031e-9
1528185840,28422670.27256038,24229204.01177174,4193.466,3.99774e14,0.2944,-4.86158e6,2.42723e6,-6.08932e-9
1528185870,28404291.653048057,24216516.397518635,4187.775,3.89568e14,2.2661,-4.79853e6,2.42677e6,-6.08818e-9
1528185900,28385894.340965163,24203904.397626024,4181.990,3.92648e14,1.4932,-4.81625e6,2.42624e6,-6.08688e-9
1528185930,28367478.58840084,24191368.449635044,4176.110,4.01323e14,0.6830,-4.86787e6,2.42565e6,-6.08542e-9
1528185960,28349044.648702748,24178908.989696898,4170.136,4.00752e14,0.5397,-4.86309e6,2.42500e6,-6.08380e-9
1528185990,28330592.776516944,24166526.452522736,4164.066,4.03929e14,1.3368,-4.88098e6,2.42428e6,-6.08202e-9
1528186020,28312123.22777998,24154221.27135476,4157.902,4.02511e14,0.9810,-4.87079e6,2.42350e6,-6.08007e-9
1528186050,28293636.259722598,24141993.8779321,4151.642,4.01772e14,0.7957,-4.86460e6,2.42265e6,-6.07796e-9
1528186080,28275132.130873386,24129844.702456433,4145.287,4.00025e14,0.3573,-4.85216e6,2.42173e6,-6.07569e-9
1528186110,28256611.101062525,24117774.173557628,4138.837,4.00168e14,0.3931,-4.85107e6,2.42075e6,-6.07325e-9
1528186140,28238073.431425273,24105782.718259264,4132.291,4.01641e14,0.7627,-4.85792e6,2.41970e6,-6.07064e-9
1528186170,28219519.38440562,24093870.761944093,4125.649,3.98630e14,0.0074,-4.83742e6,2.41859e6,-6.06787e-9
1528186200,28200949.22375976,24082038.728319384,4118.910,3.97580e14,0.2561,-4.82870e6,2.41741e6,-6.06492e-9
1528186230,28182363.21453809,24070287.039389014,4112.076,3.98582e14,0.0047,-4.83229e6,2.41616e6,-6.06181e-9
1528186260,28163761.623154856,24058616.115397833,4105.146,3.97439e14,0.2914,-4.82274e6,2.41485e6,-6.05853e-9
1528186290,28145144.71732535,24047026.374817703,4098.118,3.97081e14,0.3811,-4.81782e6,2.41346e6,-6.05508e-9
1528186320,28126512.766090408,24035518.234305985,4090.995,4.00114e14,0.3798,-4.83328e6,2.41201e6,-6.05145e-9
1528186350,28107866.03981963,24024092.10867058,4083.774,3.99084e14,0.1214,-4.82401e6,2.41049e6,-6.04765e-9
1528186380,28089204.81021439,24012748.41083504,4076.456,4.02001e14,0.8532,-4.83846e6,2.40889e6,-6.04368e-9
1528186410,28070529.350310933,24001487.551803626,4069.042,4.01768e14,0.7946,-4.83372e6,2.40723e6,-6.03953e-9
1528186440,28051839.934483357,23990309.94062628,4061.530,3.97694e14,0.2274,-4.80567e6,2.40550e6,-6.03521e-9
1528186470,28033136.838446572,23979215.984363567,4053.921,3.98023e14,0.1448,-4.80406e6,2.40370e6,-6.03071e-9
1528186500,28014420.33925925,23968206.088051636,4046.214,3.98296e14,0.0764,-4.80197e6,2.40183e6,-6.02604e-9
1528186530,27995690.715350546,23957280.65465387,4038.410,3.99636e14,0.2598,-4.80617e6,2.39988e6,-6.02118e-9
1528186560,27976948.246449515,23946440.08506651,4030.508,3.97463e14,0.2854,-4.78906e6,2.39787e6,-6.01615e-9
1528186590,27958193.213661432,23935684.77804288,4022.508,3.96789e14,0.4545,-4.78086e6,2.39578e6,-6.01093e-9
1528186620,27939425.899447046,23925015.13017125,4014.411,3.97573e14,0.2578,-4.78126e6,2.39362e6,-6.00554e-9
1528186650,27920646.58762549,23914431.53583963,4006.215,3.97928e14,0.1686,-4.77895e6,2.39139e6,-5.99997e-9
1528186680,27901855.563377142,23903934.387200527,3997.921,3.96058e14,0.6378,-4.76314e6,2.38909e6,-5.99421e-9
1528186710,27883053.11324653,23893524.074135777,3989.529,3.96546e14,0.5155,-4.76133e6,2.38671e6,-5.98827e-9
1528186740,27864239.52514513,23883200.98422133,3981.039,4.00663e14,0.5173,-4.78108e6,2.38426e6,-5.98214e-9
1528186770,27845415.08835409,23872965.502692115,3972.450,4.00336e14,0.4355,-4.77408e6,2.38174e6,-5.97583e-9
1528186800,27826580.09352698,23862818.012406915,3963.762,3.99121e14,0.1305,-4.76163e6,2.37914e6,-5.96934e-9
1528186830,27807734.8326794,23852758.893836334,3954.976,3.99337e14,0.1848,-4.75758e6,2.37647e6,-5.96265e-9
1528186860,27788879.59923169,23842788.52495713,3946.091,3.98470e14,0.0327,-4.74692e6,2.37372e6,-5.95579e-9
1528186890,27770014.687971313,23832907.281287782,3937.107,3.97012e14,0.3986,-4.73262e6,2.37090e6,-5.94873e-9
1528186920,27751140.395068154,23823115.53583107,3928.025,3.98361e14,0.0602,-4.73486e6,2.36800e6,-5.94148e-9
1528186950,27732257.01807682,23813413.65903943,3918.843,4.01346e14,0.6889,-4.74664e6,2.36503e6,-5.93405e-9
1528186980,27713364.855938893,23803802.018780425,3909.563,4.04390e14,1.4525,-4.75857e6,2.36198e6,-5.92642e-9
1528187010,27694464.2089851,23794280.980302278,3900.183,3.95241e14,0.8429,-4.69813e6,2.35886e6,-5.91861e-9
1528187040,27675555.378937304,23784850.906199545,3890.704,3.88267e14,2.5925,-4.65055e6,2.35566e6,-5.91060e-9
1528187070,27656638.668910593,23775512.156378746,3881.127,3.93176e14,1.3610,-4.67306e6,2.35238e6,-5.90240e-9
1528187100,27637714.383415148,23766265.088024255,3871.449,3.96870e14,0.4340,-4.68818e6,2.34903e6,-5.89401e-9
1528187130,27618782.828352083,23757110.055531505,3861.673,4.00278e14,0.4209,-4.70140e6,2.34560e6,-5.88542e-9
1528187160,27599844.31103383,23748047.41057346,3851.797,4.00344e14,0.4375,-4.69477e6,2.34209e6,-5.87664e-9
1528187190,27580899.140167214,23739077.501966372,3841.822,3.97107e14,0.3746,-4.66859e6,2.33850e6,-5.86766e-9
1528187220,27561947.62586105,23730200.67566816,3831.747,3.99710e14,0.2784,-4.67653e6,2.33484e6,-5.85849e-9
1528187250,27542990.079627737,23721417.274744533,3821.573,3.98818e14,0.0546,-4.66383e6,2.33109e6,-5.84912e-9
1528187280,27524026.814384565,23712727.639335155,3811.299,3.97518e14,0.2716,-4.64860e6,2.32727e6,-5.83955e-9
1528187310,27505058.144455306,23704132.10662015,3800.926,4.00368e14,0.4434,-4.65743e6,2.32337e6,-5.82979e-9
1528187340,27486084.385571316,23695631.010786526,3790.453,4.01781e14,0.7979,-4.65769e6,2.31939e6,-5.81983e-9
1528187370,27467105.854872964,23687224.68299491,3779.881,4.02789e14,1.0509,-4.65540e6,2.31533e6,-5.80966e-9
1528187400,27448122.870910723,23678913.45134641,3769.209,4.00390e14,0.4488,-4.63317e6,2.31119e6,-5.79930e-9
1528187430,27429135.75366773,23670697.64088819,3758.438,3.96780e14,0.4566,-4.60383e6,2.30697e6,-5.78874e-9
1528187460,27410144.82449493,23662577.57346224,3747.567,3.94526e14,1.0221,-4.58224e6,2.30268e6,-5.77798e-9
1528187490,27391150.406178072,23654553.56779126,3736.597,3.99453e14,0.2140,-4.60195e6,2.29830e6,-5.76702e-9
1528187520,27372152.82291746,23646625.93940839,3725.527,4.02252e14,0.9162,-4.60914e6,2.29384e6,-5.75585e-9
1528187550,27353152.40032894,23638795.000625357,3714.357,3.98700e14,0.0250,-4.57962e6,2.28930e6,-5.74448e-9
1528187580,27334149.46544479,23631061.060500827,3703.088,3.98596e14,0.0012,-4.56979e6,2.28468e6,-5.73291e-9
1528187610,27315144.346714694,23623424.424809113,3691.720,3.99682e14,0.2713,-4.56661e6,2.27997e6,-5.72114e-9
1528187640,27296137.374006364,23615885.396008916,3680.252,3.99889e14,0.3232,-4.55822e6,2.27519e6,-5.70916e-9
1528187670,27277128.878606267,23608444.27321245,3668.685,4.01871e14,0.8205,-4.55978e6,2.27033e6,-5.69698e-9
1528187700,27258119.193220153,23601101.352154687,3657.018,4.03799e14,1.3042,-4.56081e6,2.26538e6,-5.68459e-9
1528187730,27239108.65195065,23593856.92512733,3645.252,4.00776e14,0.5457,-4.53355e6,2.26035e6,-5.67199e-9
1528187760,27220097.590368237,23586711.281058215,3633.386,4.02376e14,0.9473,-4.53237e6,2.25524e6,-5.65919e-9
1528187790,27201086.345440697,23579664.705371562,3621.422,4.01409e14,0.7045,-4.51648e6,2.25005e6,-5.64619e-9
1528187820,27182075.25555605,23572717.479993444,3609.358,3.95873e14,0.6842,-4.47471e6,2.24477e6,-5.63297e-9
1528187850,27163064.660522323,23565869.883322015,3597.195,3.99835e14,0.3098,-4.48631e6,2.23941e6,-5.61955e-9
1528187880,27144054.901567355,23559122.19019799,3584.933,3.98644e14,0.0108,-4.46874e6,2.23397e6,-5.60592e-9
1528187910,27125046.321338378,23552474.671875447,3572.572,4.02715e14,1.0322,-4.48047e6,2.22845e6,-5.59209e-9
1528187940,27106039.263901543,23545927.595992867,3560.112,4.02343e14,0.9390,-4.46713e6,2.22284e6,-5.57804e-9
1528187970,27087034.07474135,23539481.226544447,3547.553,3.93288e14,1.3328,-4.40532e6,2.21715e6,-5.56379e-9
1528188000,27068031.1007599,23533135.823851768,3534.895,3.95692e14,0.7296,-4.40720e6,2.21138e6,-5.54932e-9
1528188030,27049030.690287348,23526891.64455723,3522.139,4.00223e14,0.4070,-4.42061e6,2.20552e6,-5.53465e-9
1528188060,27030033.193046458,23520748.94153011,3509.284,4.00837e14,0.5612,-4.41211e6,2.19958e6,-5.51977e-9
1528188090,27011038.96018605,23514707.96390547,3496.331,3.99496e14,0.2246,-4.39265e6,2.19356e6,-5.50467e-9
1528188120,26992048.34426882,23508768.95703581,3483.279,3.97831e14,0.1931,-4.37129e6,2.18745e6,-5.48937e-9
1528188150,26973061.699270282,23502932.16246453,3470.130,3.97021e14,0.3963,-4.35449e6,2.18126e6,-5.47386e-9
1528188180,26954079.380577378,23497197.817899745,3456.882,3.98311e14,0.0727,-4.34901e6,2.17498e6,-5.45813e-9
1528188210,26935101.744987246,23491566.15718842,3443.536,4.00583e14,0.4973,-4.34867e6,2.16862e6,-5.44219e-9
1528188240,26916129.150705706,23486037.410290934,3430.092,3.97913e14,0.1724,-4.32127e6,2.16217e6,-5.42604e-9
1528188270,26897161.957345705,23480611.803255945,3416.550,4.01388e14,0.6994,-4.32703e6,2.15564e6,-5.40968e-9
1528188300,26878200.525925644,23475289.5581957,3402.911,4.00882e14,0.5725,-4.31103e6,2.14903e6,-5.39311e-9
1528188330,26859245.218870044,23470070.89325831,3389.174,3.96693e14,0.4786,-4.27508e6,2.14233e6,-5.37633e-9
1528188360,26840296.39999994,23464956.022614066,3375.340,3.99296e14,0.1746,-4.27551e6,2.13555e6,-5.35933e-9
1528188390,26821354.43453875,23459945.156421605,3361.409,4.00221e14,0.4064,-4.26671e6,2.12868e6,-5.34212e-9
1528188420,26802419.68910755,23455038.500807974,3347.381,4.02096e14,0.8769,-4.26277e6,2.12173e6,-5.32470e-9
1528188450,26783492.53172277,23450236.25784583,3333.256,3.97252e14,0.3384,-4.22293e6,2.11469e6,-5.30706e-9
1528188480,26764573.33179386,23445538.62553095,3319.035,3.95961e14,0.6623,-4.20189e6,2.10757e6,-5.28922e-9
1528188510,26745662.460120793,23440945.797760274,3304.717,3.99616e14,0.2549,-4.20680e6,2.10036e6,-5.27115e-9
1528188540,26726760.288891286,23436457.964310184,3290.302,3.96967e14,0.4097,-4.17829e6,2.09307e6,-5.25288e-9
1528188570,26707867.1916781,23432075.310815323,3275.792,3.97038e14,0.3921,-4.16395e6,2.08570e6,-5.23439e-9
1528188600,26688983.54343606,23427798.01874774,3261.186,4.02516e14,0.9824,-4.17764e6,2.07823e6,-5.21569e-9
1528188630,26670109.720490105,23423626.265388466,3246.483,3.97898e14,0.1763,-4.13848e6,2.07069e6,-5.19678e-9
1528188660,26651246.100559495,23419560.223832466,3231.686,3.94127e14,1.1222,-4.10371e6,2.06306e6,-5.17765e-9
1528188690,26632393.062726703,23415600.06294394,3216.793,3.96226e14,0.5956,-4.09920e6,2.05534e6,-5.15831e-9
1528188720,26613550.987442877,23411745.947345346,3201.805,3.97146e14,0.3649,-4.08838e6,2.04754e6,-5.13876e-9
1528188750,26594720.256524093,23407998.03739862,3186.722,4.01411e14,0.7052,-4.09448e6,2.03965e6,-5.11899e-9
1528188780,26575901.253147375,23404356.489186913,3171.545,3.97076e14,0.3824,-4.05638e6,2.03168e6,-5.09901e-9
1528188810,26557094.361846786,23400821.454496745,3156.273,3.97387e14,0.3044,-4.04189e6,2.02363e6,-5.07882e-9
1528188840,26538299.96850916,23397393.080800608,3140.907,3.99937e14,0.3353,-4.03853e6,2.01549e6,-5.05842e-9
1528188870,26519518.460369762,23394071.511240084,3125.447,3.98174e14,0.1069,-4.01318e6,2.00726e6,-5.03780e-9
1528188900,26500750.22600785,23390856.884609368,3109.893,4.00160e14,0.3912,-4.00654e6,1.99895e6,-5.01697e-9
1528188930,26481995.655352347,23387749.33534401,3094.246,4.00195e14,0.4000,-3.98990e6,1.99056e6,-4.99592e-9
1528188960,26463255.139645062,23384748.993490808,3078.506,3.98529e14,0.0180,-3.96463e6,1.98208e6,-4.97467e-9
1528188990,26444529.071468,23381855.98470765,3062.673,3.99857e14,0.3153,-3.95409e6,1.97352e6,-4.95320e-9
1528189020,26425817.844727825,23379070.430244174,3046.747,4.05319e14,1.6856,-3.96371e6,1.96487e6,-4.93152e-9
1528189050,26407121.854650743,23376392.446927786,3030.729,3.97824e14,0.1948,-3.90930e6,1.95614e6,-4.90963e-9
1528189080,26388441.497777052,23373822.14715015,3014.619,3.93393e14,1.3064,-3.87004e6,1.94732e6,-4.88753e-9
1528189110,26369777.171955764,23371359.638854265,2998.418,3.95427e14,0.7961,-3.86225e6,1.93842e6,-4.86521e-9
1528189140,26351129.276338838,23369005.025521867,2982.124,3.98537e14,0.0158,-3.85943e6,1.92943e6,-4.84269e-9
1528189170,26332498.2113753,23366758.406161517,2965.740,4.07125e14,2.1386,-3.88269e6,1.92037e6,-4.81995e-9
1528189200,26313884.378805295,23364619.875297118,2949.265,4.04085e14,1.3758,-3.84961e6,1.91121e6,-4.79700e-9
1528189230,26295288.18164103,23362589.522960965,2932.699,3.97990e14,0.1531,-3.80192e6,1.90198e6,-4.77385e-9
1528189260,26276710.024199884,23360667.434671056,2916.043,3.97190e14,0.3538,-3.77950e6,1.89266e6,-4.75048e-9
1528189290,26258150.312058207,23358853.691433217,2899.297,3.97010e14,0.3991,-3.75988e6,1.88326e6,-4.72691e-9
1528189320,26239609.452057328,23357148.369727883,2882.461,3.93407e14,1.3030,-3.72401e6,1.87377e6,-4.70312e-9
1528189350,26221087.852296483,23355551.541501228,2865.536,3.90394e14,2.0589,-3.69090e6,1.86420e6,-4.67913e-9
1528189380,26202585.922125693,23354063.274156816,2848.523,3.94419e14,1.0490,-3.69054e6,1.85455e6,-4.65493e-9
1528189410,26184104.072138306,23352683.630547844,2831.420,3.95675e14,0.7339,-3.67700e6,1.84482e6,-4.63052e-9
1528189440,26165642.714163467,23351412.668969832,2814.230,3.94701e14,0.9783,-3.65295e6,1.83500e6,-4.60591e-9
1528189470,26147202.261258334,23350250.443153854,2796.952,3.97057e14,0.3872,-3.64405e6,1.82510e6,-4.58108e-9
1528189500,26128783.12770023,23349197.002260324,2779.586,3.99531e14,0.2335,-3.63541e6,1.81512e6,-4.55606e-9
1528189530,26110385.728993237,23348252.390865482,2762.133,4.03854e14,1.3181,-3.63485e6,1.80506e6,-4.53082e-9
1528189560,26092010.48181445,23347416.648980238,2744.594,4.03299e14,1.1788,-3.61193e6,1.79491e6,-4.50538e-9
1528189590,26073657.80405105,23346689.812021602,2726.968,3.97953e14,0.1624,-3.56741e6,1.78469e6,-4.47974e-9
1528189620,26055328.114777066,23346071.91081623,2709.256,3.96157e14,0.6131,-3.53882e6,1.77438e6,-4.45389e-9
1528189650,26037021.834244695,23345562.97159673,2691.459,3.97830e14,0.1932,-3.52552e6,1.76399e6,-4.42784e-9
1528189680,26018739.38387524,23345163.015998617,2673.576,3.99748e14,0.2880,-3.51305e6,1.75352e6,-4.40159e-9
1528189710,26000481.18625022,23344872.061057676,2655.609,3.99300e14,0.1755,-3.48996e6,1.74297e6,-4.37513e-9
1528189740,25982247.66510191,23344690.11920794,2637.558,4.01085e14,0.6233,-3.47645e6,1.73234e6,-4.34848e-9
1528189770,25964039.245303925,23344617.198280152,2619.422,3.96303e14,0.5764,-3.43431e6,1.72163e6,-4.32162e-9
1528189800,25945856.352861516,23344653.301500782,2601.203,3.95866e14,0.6860,-3.41092e6,1.71085e6,-4.29456e-9
1528189830,25927699.414890926,23344798.427491557,2582.901,4.01215e14,0.6560,-3.41209e6,1.69998e6,-4.26730e-9
1528189860,25909568.85964235,23345052.570269696,2564.516,4.02836e14,1.0625,-3.39699e6,1.68903e6,-4.23985e-9
1528189890,25891465.116456527,23345415.71924832,2546.049,3.98527e14,0.0183,-3.35668e6,1.67800e6,-4.21220e-9
1528189920,25873388.615764853,23345887.85923769,2527.501,3.91782e14,1.7106,-3.30625e6,1.66690e6,-4.18435e-9
1528189950,25855339.78907849,23346468.97044695,2508.871,3.93566e14,1.2630,-3.29150e6,1.65572e6,-4.15630e-9
1528189980,25837319.06897738,23347159.02848637,2490.160,3.97845e14,0.1896,-3.28678e6,1.64446e6,-4.12806e-9
1528190010,25819326.88909893,23347958.00437015,2471.369,3.99373e14,0.1939,-3.27040e6,1.63312e6,-4.09962e-9
1528190040,25801363.684126593,23348865.864519753,2452.498,3.96390e14,0.5546,-3.23540e6,1.62171e6,-4.07099e-9
1528190070,25783429.88977805,23349882.570767798,2433.547,3.90381e14,2.0622,-3.18820e6,1.61021e6,-4.04217e-9
1528190100,25765525.9427934,23351008.08036253,2414.518,3.86311e14,3.0832,-3.14897e6,1.59865e6,-4.01315e-9
1528190130,25747652.280925363,23352242.345984194,2395.410,3.88482e14,2.5384,-3.13470e6,1.58700e6,-3.98395e-9
1528190160,25729809.342919473,23353585.315715164,2376.224,3.97383e14,0.3055,-3.14675e6,1.57528e6,-3.95455e-9
1528190190,25711997.568508897,23355036.93308159,2356.961,4.02253e14,0.9164,-3.14232e6,1.56349e6,-3.92497e-9
1528190220,25694217.398399293,23356597.137048483,2337.620,3.99495e14,0.2244,-3.10773e6,1.55162e6,-3.89519e-9
1528190250,25676469.27425577,23358265.862026945,2318.203,3.97489e14,0.2789,-3.07606e6,1.53967e6,-3.86523e-9
1528190280,25658753.638689637,23360043.037881866,2298.711,4.02094e14,0.8766,-3.06972e6,1.52766e6,-3.83509e-9
1528190310,25641070.935244918,23361928.589940187,2279.142,3.90037e14,2.1483,-2.99956e6,1.51556e6,-3.80475e-9
1528190340,25623421.608384777,23363922.438999683,2259.499,3.88648e14,2.4968,-2.97025e6,1.50340e6,-3.77424e-9
1528190370,25605806.10347747,23366024.501338128,2239.782,4.02069e14,0.8701,-2.99632e6,1.49116e6,-3.74354e-9
1528190400,25588224.866782323,23368234.6887232,2219.990,4.03039e14,1.1135,-2.97520e6,1.47885e6,-3.71266e-9
1528190430,25570678.34543789,23370552.9084023,2200.125,4.00901e14,0.5771,-2.94242e6,1.46647e6,-3.68160e-9
1528190460,25553166.987439543,23372979.06317631,2180.188,3.97463e14,0.2854,-2.90490e6,1.45402e6,-3.65036e-9
1528190490,25535691.241632484,23375513.051347643,2160.178,3.95285e14,0.8317,-2.87200e6,1.44149e6,-3.61894e-9
1528190520,25518251.557694305,23378154.766752366,2140.097,3.96242e14,0.5916,-2.85035e6,1.42890e6,-3.58734e-9
1528190550,25500848.386119615,23380904.09877235,2119.944,4.02550e14,0.9908,-2.84752e6,1.41623e6,-3.55556e-9
1528190580,25483482.178204674,23383760.93234788,2099.721,3.95028e14,0.8962,-2.79542e6,1.40349e6,-3.52362e-9
1528190610,25466153.386031643,23386725.147990793,2079.428,3.96927e14,0.4198,-2.77656e6,1.39069e6,-3.49149e-9
1528190640,25448862.462452658,23389796.621798158,2059.066,3.94513e14,1.0255,-2.74252e6,1.37782e6,-3.45920e-9
1528190670,25431609.86107368,23392975.225466292,2038.635,3.94505e14,1.0274,-2.71674e6,1.36488e6,-3.42673e-9
1528190700,25414396.03623806,23396260.826305468,2018.135,4.00062e14,0.3668,-2.70972e6,1.35187e6,-3.39410e-9
1528196040,23397393.080800608,25408862.928673036,2011.470,3.95429e14,0.7956,2.68606e6,-1.34814e6,3.38346e-9
1528196070,23394071.511240084,25426066.306755528,2031.995,3.97345e14,0.3150,2.71856e6,-1.36117e6,3.41616e-9
1528196100,23390856.884609368,25443308.620241072,2052.452,4.02404e14,0.9542,2.76189e6,-1.37412e6,3.44868e-9
1528196130,23387749.33534401,25460589.41435639,2072.840,4.03590e14,1.2519,2.79193e6,-1.38701e6,3.48104e-9
1528196160,23384748.993490808,25477908.235015135,2093.159,4.03157e14,1.1430,2.81621e6,-1.39983e6,3.51322e-9
1528196190,23381855.98470765,25495264.628900006,2113.409,3.99165e14,0.1416,2.82771e6,-1.41258e6,3.54523e-9
1528196220,23379070.430244174,25512658.14345802,2133.588,4.06085e14,1.8778,2.87786e6,-1.42526e6,3.57707e-9
1528196250,23376392.446927786,25530088.326916654,2153.696,4.01362e14,0.6928,2.88628e6,-1.43787e6,3.60873e-9
1528196280,23373822.14715015,25547554.728299867,2173.733,3.90799e14,1.9572,2.87301e6,-1.45041e6,3.64022e-9
1528196310,23371359.638854265,25565056.8974439,2193.697,3.87091e14,2.8874,2.88410e6,-1.46288e6,3.67152e-9
1528196340,23369005.025521867,25582594.38501272,2213.589,3.93648e14,1.2424,2.93282e6,-1.47528e6,3.70265e-9
1528196370,23366758.406161517,25600166.742513333,2233.408,4.02612e14,1.0063,2.99080e6,-1.48761e6,3.73359e-9
1528196400,23364619.875297118,25617773.52231085,2253.154,4.08160e14,2.3984,3.03632e6,-1.49986e6,3.76436e-9
1528196430,23362589.522960965,25635414.27762182,2272.825,4.02304e14,0.9290,3.03876e6,-1.51204e6,3.79494e-9
1528196460,23360667.434671056,25653088.56259485,2292.421,3.93768e14,1.2123,3.03045e6,-1.52415e6,3.82534e-9
1528196490,23358853.691433217,25670795.932258658,2311.942,4.03692e14,1.2774,3.09264e6,-1.53619e6,3.85555e-9
1528196520,23357148.369727883,25688535.94255743,2331.388,4.00695e14,0.5255,3.10508e6,-1.54815e6,3.88558e-9
1528196550,23355551.541501228,25706308.150364473,2350.757,3.85715e14,3.2326,3.07027e6,-1.56003e6,3.91542e-9
1528196580,23354063.274156816,25724112.11349563,2370.049,3.91890e14,1.6836,3.11788e6,-1.57185e6,3.94507e-9
1528196610,23352683.630547844,25741947.39072249,2389.264,3.91580e14,1.7613,3.13993e6,-1.58358e6,3.97453e-9
1528196640,23351412.668969832,25759813.541785315,2408.401,3.92909e14,1.4278,3.16838e6,-1.59524e6,4.00380e-9
1528196670,23350250.443153854,25777710.12740576,2427.460,4.05470e14,1.7233,3.24204e6,-1.60683e6,4.03289e-9
1528196700,23349197.002260324,25795636.709299393,2446.440,4.04858e14,1.5700,3.26278e6,-1.61834e6,4.06178e-9
1528196730,23348252.390865482,25813592.850195784,2465.340,3.96215e14,0.5986,3.25048e6,-1.62977e6,4.09048e-9
1528196760,23347416.648980238,25831578.113826446,2484.161,3.92742e14,1.4698,3.25882e6,-1.64112e6,4.11898e-9
1528196790,23346689.812021602,25849592.064960916,2502.902,3.95641e14,0.7425,3.29324e6,-1.65240e6,4.14729e-9
1528196820,23346071.91081623,25867634.269410603,2521.562,3.95723e14,0.7218,3.31591e6,-1.66360e6,4.17541e-9
1528196850,23345562.97159673,25885704.294040285,2540.141,3.91813e14,1.7027,3.32164e6,-1.67472e6,4.20333e-9
1528196880,23345163.015998617,25903801.706779357,2558.639,3.90712e14,1.9790,3.33889e6,-1.68577e6,4.23105e-9
1528196910,23344872.061057676,25921926.07663307,2577.054,4.02981e14,1.0990,3.41286e6,-1.69673e6,4.25858e-9
1528196940,23344690.11920794,25940076.97369321,2595.387,4.03943e14,1.3404,3.43888e6,-1.70762e6,4.28591e-9
1528196970,23344617.198280152,25958253.96914902,2613.637,4.02893e14,1.0770,3.45612e6,-1.71843e6,4.31304e-9
1528197000,23344653.301500782,25976456.635297544,2631.803,4.05778e14,1.8007,3.49021e6,-1.72915e6,4.33996e-9
1528197030,23344798.427491557,25994684.545569,2649.886,4.04088e14,1.3768,3.50433e6,-1.73980e6,4.36669e-9
1528197060,23345052.570269696,26012937.274490844,2667.885,4.02389e14,0.9505,3.51815e6,-1.75037e6,4.39322e-9
1528197090,23345415.71924832,26031214.397743657,2685.799,3.97955e14,0.1620,3.51963e6,-1.76086e6,4.41954e-9
1528197120,23345887.85923769,26049515.492156252,2703.628,4.00227e14,0.4080,3.55054e6,-1.77126e6,4.44567e-9
1528197150,23346468.97044695,26067840.135715198,2721.371,4.02332e14,0.9363,3.58065e6,-1.78159e6,4.47159e-9
1528197180,23347159.02848637,26086187.907574315,2739.029,3.99887e14,0.3227,3.59024e6,-1.79183e6,4.49730e-9
1528197210,23347958.00437015,26104558.38806396,2756.600,3.97529e14,0.2689,3.59994e6,-1.80200e6,4.52281e-9
1528197240,23348865.864519753,26122951.158699967,2774.085,3.95329e14,0.8208,3.61008e6,-1.81208e6,4.54812e-9
1528197270,23349882.570767798,26141365.80219258,2791.483,3.96304e14,0.5762,3.63446e6,-1.82208e6,4.57322e-9
1528197300,23351008.08036253,26159801.902454995,2808.794,3.94232e14,1.0960,3.64472e6,-1.83200e6,4.59811e-9
1528197330,23352242.345984194,26178259.044579744,2826.017,3.90506e14,2.0308,3.64706e6,-1.84183e6,4.62280e-9
1528197360,23353585.315715164,26196736.8149457,2843.151,3.95857e14,0.6882,3.69125e6,-1.85159e6,4.64728e-9
1528197390,23355036.93308159,26215234.801127233,2860.198,3.99341e14,0.1858,3.72680e6,-1.86126e6,4.67156e-9
1528197420,23356597.137048483,26233752.591933608,2877.155,3.96048e14,0.6403,3.73054e6,-1.87084e6,4.69562e-9
1528197450,23358265.862026945,26252289.777416453,2894.024,3.96033e14,0.6442,3.74942e6,-1.88035e6,4.71948e-9
1528197480,23360043.037881866,26270845.94887687,2910.803,3.95912e14,0.6744,3.76764e6,-1.88977e6,4.74313e-9
1528197510,23361928.589940187,26289420.698872462,2927.492,3.95332e14,0.8201,3.78349e6,-1.89911e6,4.76657e-9
1528197540,23363922.438999683,26308013.621224027,2944.091,3.99291e14,0.1731,3.82089e6,-1.90837e6,4.78980e-9
1528197570,23366024.501338128,26326624.311022285,2960.600,4.01129e14,0.6344,3.84810e6,-1.91754e6,4.81282e-9
1528197600,23368234.6887232,26345252.36463425,2977.018,3.98765e14,0.0414,3.85491e6,-1.92663e6,4.83563e-9
1528197630,23370552.9084023,26363897.379742566,2993.344,3.94642e14,0.9930,3.85289e6,-1.93563e6,4.85823e-9
1528197660,23372979.06317631,26382558.9552499,3009.580,3.95535e14,0.7691,3.87501e6,-1.94455e6,4.88062e-9
1528197690,23375513.051347643,26401236.691386767,3025.724,3.94958e14,0.9137,3.88979e6,-1.95339e6,4.90280e-9
1528197720,23378154.766752366,26419930.18968464,3041.775,3.99743e14,0.2867,3.93078e6,-1.96214e6,4.92476e-9
1528197750,23380904.09877235,26438639.05298187,3057.735,4.03986e14,1.3511,3.96913e6,-1.97081e6,4.94652e-9
1528197780,23383760.93234788,26457362.885429468,3073.602,3.92791e14,1.4575,3.93080e6,-1.97939e6,4.96806e-9
1528197810,23386725.147990793,26476101.29249672,3089.376,3.97874e14,0.1824,3.97304e6,-1.98789e6,4.98939e-9
1528197840,23389796.621798158,26494853.88097664,3105.057,3.95059e14,0.8884,3.97575e6,-1.99631e6,5.01051e-9
1528197870,23392975.225466292,26513620.258991245,3120.645,3.96437e14,0.5428,3.99927e6,-2.00464e6,5.03141e-9
1528197900,23396260.826305468,26532400.035996776,3136.139,4.04850e14,1.5680,4.05823e6,-2.01288e6,5.05210e-9
1528197930,23399653.28727426,26551192.822769534,3151.540,3.91996e14,1.6569,4.00947e6,-2.02104e6,5.07258e-9
1528197960,23403152.466935527,26569998.231469505,3166.846,3.94986e14,0.9068,4.04072e6,-2.02912e6,5.09285e-9
1528197990,23406758.219532512,26588815.875586253,3182.058,4.00949e14,0.5891,4.08712e6,-2.03711e6,5.11291e-9
1528198020,23410470.39498608,26607645.369962204,3197.175,3.96750e14,0.4641,4.08144e6,-2.04502e6,5.13275e-9
1528198050,23414288.838911843,26626486.330796942,3212.197,4.00375e14,0.4453,4.11572e6,-2.05284e6,5.15237e-9
1528198080,23418213.392637867,26645338.37565115,3227.125,3.94522e14,1.0231,4.10096e6,-2.06057e6,5.17179e-9
1528198110,23422243.893222727,26664201.123450536,3241.957,3.91913e14,1.6778,4.10264e6,-2.06823e6,5.19099e-9
1528198140,23426380.173474103,26683074.19448955,3256.694,3.97970e14,0.1581,4.14921e6,-2.07579e6,5.20998e-9
1528198170,23430622.06196777,26701957.2104349,3271.335,3.92353e14,1.5674,4.13479e6,-2.08328e6,5.22875e-9
1528198200,23434969.383067053,26720849.794329,3285.880,3.97597e14,0.2517,4.17699e6,-2.09067e6,5.24731e-9
1528198230,23439421.956931956,26739751.57059599,3300.330,4.03192e14,1.1518,4.22106e6,-2.09799e6,5.26566e-9
1528198260,23443979.59957273,26758662.165036302,3314.683,3.95809e14,0.7004,4.19659e6,-2.10521e6,5.28380e-9
1528198290,23448642.122837093,26777581.2048381,3328.939,3.98653e14,0.0131,4.22590e6,-2.11236e6,5.30172e-9
1528198320,23453409.33444214,26796508.318577457,3343.099,4.02280e14,0.9232,4.25931e6,-2.11941e6,5.31943e-9
1528198350,23458281.037995894,26815443.136220984,3357.162,3.95867e14,0.6859,4.23910e6,-2.12639e6,5.33693e-9
1528198380,23463257.033019107,26834385.28912846,3371.128,4.00750e14,0.5392,4.27897e6,-2.13328e6,5.35421e-9
1528198410,23468337.11496767,26853334.410055306,3384.997,4.02037e14,0.8623,4.29953e6,-2.14008e6,5.37128e-9
1528198440,23473521.07525523,26872290.133154847,3398.769,3.95847e14,0.6908,4.27968e6,-2.14680e6,5.38814e-9
1528198470,23478808.701276295,26891252.09398058,3412.443,3.98802e14,0.0505,4.30887e6,-2.15343e6,5.40478e-9
1528198500,23484199.776429716,26910219.929488182,3426.020,4.01184e14,0.6480,4.33489e6,-2.15998e6,5.42122e-9
1528198530,23489694.08014165,26929193.278039735,3439.499,3.95710e14,0.7250,4.31810e6,-2.16645e6,5.43744e-9
1528198560,23495291.38789252,26948171.779398754,3452.880,3.94827e14,0.9468,4.32600e6,-2.17283e6,5.45345e-9
1528198590,23500991.471238967,26967155.0747388,3466.164,3.92948e14,1.4181,4.32826e6,-2.17913e6,5.46925e-9
1528198620,23506794.09783974,26986142.8066428,3479.349,3.98120e14,0.1205,4.36897e6,-2.18534e6,5.48484e-9
1528198650,23512699.03148096,27005134.619104676,3492.436,4.07732e14,2.2910,4.43409e6,-2.19147e6,5.50021e-9
1528198680,23518706.032101855,27024130.157530654,3505.424,3.99636e14,0.2597,4.40166e6,-2.19752e6,5.51538e-9
1528198710,23524814.855820842,27043129.068740677,3518.314,3.96209e14,0.6000,4.39465e6,-2.20348e6,5.53034e-9
1528198740,23531025.254961904,27062131.000969496,3531.106,3.97963e14,0.1599,4.41610e6,-2.20936e6,5.54508e-9
1528198770,23537336.978081334,27081135.60386785,3543.799,4.00931e14,0.5847,4.44418e6,-2.21515e6,5.55962e-9
1528198800,23543749.769994844,27100142.528503377,3556.393,3.97482e14,0.2805,4.43641e6,-2.22086e6,5.57394e-9
1528198830,23550263.371814165,27119151.42737011,3568.888,3.95445e14,0.7916,4.43626e6,-2.22649e6,5.58806e-9
1528198860,23556877.520946283,27138161.954362776,3581.284,3.96952e14,0.4135,4.45575e6,-2.23204e6,5.60197e-9
1528198890,23563591.95115018,27157173.764804017,3593.582,3.91538e14,1.7717,4.43625e6,-2.23750e6,5.61567e-9
1528198920,23570406.392555926,27176186.51543639,3605.780,3.95307e14,0.8263,4.46813e6,-2.24288e6,5.62916e-9
1528198950,23577320.57169339,27195199.86442284,3617.879,3.99440e14,0.2105,4.50199e6,-2.24818e6,5.64245e-9
1528198980,23584334.211521268,27214213.471347146,3629.879,3.98963e14,0.0910,4.50974e6,-2.25339e6,5.65552e-9
1528199010,23591447.031456333,27233226.997214206,3641.780,4.04154e14,1.3933,4.54943e6,-2.25852e6,5.66839e-9
1528199040,23598658.747403033,27252240.104450185,3653.581,4.03999e14,1.3543,4.55871e6,-2.26357e6,5.68106e-9
1528199070,23605969.07178327,27271252.456902575,3665.283,4.00245e14,0.4126,4.54734e6,-2.26854e6,5.69352e-9
1528199100,23613377.713566534,27290263.719840128,3676.886,3.98841e14,0.0605,4.54912e6,-2.27343e6,5.70577e-9
1528199130,23620884.37828469,27309273.559926774,3688.389,3.98711e14,0.0278,4.55799e6,-2.27823e6,5.71782e-9
1528199160,23628488.76811052,27328281.645301443,3699.793,3.98211e14,0.0977,4.56457e6,-2.28296e6,5.72966e-9
1528199190,23636190.5818403,27347287.64549726,3711.097,3.95077e14,0.8839,4.55586e6,-2.28760e6,5.74130e-9
1528199220,23643989.514940362,27366291.23146695,3722.302,3.95320e14,0.8230,4.56633e6,-2.29216e6,5.75274e-9
1528199250,23651885.259578303,27385292.075582027,3733.407,3.98210e14,0.0979,4.59191e6,-2.29664e6,5.76398e-9
1528199280,23659877.504654408,27404289.851631995,3744.412,3.97992e14,0.1527,4.59944e6,-2.30104e6,5.77501e-9
1528199310,23667965.935833253,27423284.234823383,3755.318,3.97388e14,0.3041,4.60458e6,-2.30536e6,5.78584e-9
1528199340,23676150.23557556,27442274.901778735,3766.125,4.00149e14,0.3886,4.62905e6,-2.30960e6,5.79647e-9
1528199370,23684430.0831703,27461261.53053554,3776.831,4.01081e14,0.6224,4.64280e6,-2.31376e6,5.80690e-9
1528199400,23692805.154766895,27480243.800545044,3787.439,3.99412e14,0.2037,4.64127e6,-2.31784e6,5.81713e-9
1528199430,23701275.123429548,27499221.39270716,3797.946,3.99754e14,0.2894,4.65127e6,-2.32184e6,5.82716e-9
1528199460,23709839.65910258,27518193.98925776,3808.354,3.99489e14,0.2229,4.65758e6,-2.32576e6,5.83699e-9
1528199490,23718498.42871098,27537161.273879245,3818.663,3.97821e14,0.1956,4.65551e6,-2.32961e6,5.84662e-9
1528199520,23727251.09617166,27556122.931663096,3828.872,4.02760e14,1.0435,4.69195e6,-2.33337e6,5.85606e-9
1528199550,23736097.322426826,27575078.64910877,3838.981,4.04820e14,1.5604,4.71145e6,-2.33706e6,5.86530e-9
1528199580,23745036.765477475,27594028.11412234,3848.991,4.03509e14,1.2314,4.71101e6,-2.34066e6,5.87434e-9
1528199610,23754069.080417108,27612971.016015235,3858.902,4.03281e14,1.1742,4.71677e6,-2.34419e6,5.88319e-9
1528199640,23763193.91946552,27631907.045502834,3868.713,4.02238e14,0.9125,4.71757e6,-2.34765e6,5.89184e-9
1528199670,23772410.932002712,27650835.894702945,3878.425,3.93627e14,1.2477,4.67354e6,-2.35102e6,5.90030e-9
1528199700,23781719.764602974,27669757.257134233,3888.037,3.92912e14,1.4270,4.67587e6,-2.35432e6,5.90856e-9
1528199730,23791120.061045103,27688670.827682562,3897.551,3.99878e14,0.3205,4.72347e6,-2.35754e6,5.91664e-9
1528199760,23800611.462420575,27707576.30269835,3906.965,3.99083e14,0.1211,4.72506e6,-2.36069e6,5.92452e-9
1528199790,23810193.60709364,27726473.379895154,3916.280,4.03567e14,1.2461,4.75780e6,-2.36376e6,5.93220e-9
1528199820,23819866.130759634,27745361.758379817,3925.496,4.05597e14,1.7553,4.77587e6,-2.36675e6,5.93970e-9
1528199850,23829628.666479364,27764241.13865029,3934.612,3.97468e14,0.2840,4.73342e6,-2.36967e6,5.94701e-9
1528199880,23839480.844713483,27783111.222593352,3943.630,4.00706e14,0.5282,4.75836e6,-2.37251e6,5.95413e-9
1528199910,23849422.29335708,27801971.713482272,3952.549,3.96321e14,0.5718,4.73777e6,-2.37528e6,5.96106e-9
1528199940,23859452.637774218,27820822.3159744,3961.370,3.88709e14,2.4816,4.69771e6,-2.37797e6,5.96781e-9
1528199970,23869571.500832547,27839662.736108635,3970.091,3.96362e14,0.5615,4.74860e6,-2.38059e6,5.97437e-9
1528200000,23879778.502938095,27858492.68130299,3978.714,3.96889e14,0.4295,4.75682e6,-2.38313e6,5.98074e-9
1528200030,23890073.262083188,27877311.86037091,3987.239,3.99933e14,0.3343,4.77997e6,-2.38560e6,5.98693e-9
1528200060,23900455.393840548,27896119.983459983,3995.665,4.06011e14,1.8591,4.82119e6,-2.38800e6,5.99293e-9
1528200090,23910924.51143929,27914916.762108386,4003.992,3.98960e14,0.0901,4.78358e6,-2.39032e6,5.99875e-9
1528200120,23921480.225786556,27933701.909223,4012.222,3.93648e14,1.2424,4.75619e6,-2.39258e6,6.00438e-9
1528200150,23932122.145502713,27952475.13907688,4020.353,3.99224e14,0.1563,4.79402e6,-2.39476e6,6.00984e-9
1528200180,23942849.8769564,27971236.167306498,4028.386,3.97251e14,0.3385,4.78637e6,-2.39686e6,6.01511e-9
1528200210,23953663.02429977,27989984.710909072,4036.322,3.95093e14,0.8801,4.77743e6,-2.39890e6,6.02020e-9
1528200240,23964561.18950366,28008720.488239758,4044.159,3.98350e14,0.0629,4.80097e6,-2.40086e6,6.02512e-9
1528200270,23975543.972392764,28027443.21900884,4051.899,3.97429e14,0.2940,4.79919e6,-2.40275e6,6.02985e-9
1528200300,23986610.970680945,28046152.624278832,4059.542,3.93090e14,1.3824,4.77664e6,-2.40458e6,6.03441e-9
1528200330,23997761.780017227,28064848.42645393,4067.087,3.92757e14,1.4660,4.77810e6,-2.40633e6,6.03879e-9
1528200360,24008995.99398793,28083530.349300884,4074.534,4.00631e14,0.5095,4.82902e6,-2.40801e6,6.04300e-9
1528200390,24020313.20418474,28102198.117921855,4081.885,4.02844e14,1.0647,4.84563e6,-2.40962e6,6.04703e-9
1528200420,24031713.000229556,28120851.458759177,4089.138,3.96546e14,0.5154,4.81061e6,-2.41116e6,6.05088e-9
1528200450,24043194.969809633,28139490.09959224,4096.295,3.94125e14,1.1228,4.79889e6,-2.41264e6,6.05456e-9
1528200480,24054758.698712796,28158113.769534208,4103.355,3.94711e14,0.9757,4.80523e6,-2.41404e6,6.05807e-9
1528200510,24066403.77086269,28176722.199028954,4110.318,3.96221e14,0.5970,4.81703e6,-2.41538e6,6.06141e-9
1528200540,24078129.768353842,28195315.119847663,4117.185,3.97175e14,0.3576,4.82534e6,-2.41664e6,6.06458e-9
1528200570,24089936.271486737,28213892.26508559,4123.956,3.97708e14,0.2238,4.83097e6,-2.41785e6,6.06758e-9
1528200600,24101822.858802777,28232453.36915871,4130.631,4.03088e14,1.1259,4.86589e6,-2.41898e6,6.07041e-9
1528200630,24113789.107087836,28250998.167806342,4137.209,3.99784e14,0.2968,4.84796e6,-2.42005e6,6.07307e-9
1528200660,24125834.591503613,28269526.398069188,4143.692,3.91580e14,1.7612,4.80012e6,-2.42105e6,6.07556e-9
1528200690,24137958.88552592,28288037.798304636,4150.079,3.98469e14,0.0331,4.84383e6,-2.42198e6,6.07789e-9
1528200720,24150161.561010133,28306532.10817723,4156.371,3.98394e14,0.0517,4.84511e6,-2.42285e6,6.08006e-9
1528200750,24162442.188225593,28325009.068655197,4162.567,3.94055e14,1.1405,4.82031e6,-2.42365e6,6.08205e-9
1528200780,24174800.335889794,28343468.42200691,4168.668,3.98914e14,0.0785,4.85134e6,-2.42439e6,6.08389e-9
1528200810,24187235.571202464,28361909.911797404,4174.674,4.04306e14,1.4315,4.88549e6,-2.42506e6,6.08556e-9
1528200840,24199747.45987961,28380333.282884724,4180.586,3.99410e14,0.2031,4.85691e6,-2.42567e6,6.08708e-9
1528200870,24212335.566187434,28398738.281416323,4186.403,3.97904e14,0.1748,4.84882e6,-2.42622e6,6.08843e-9
1528200900,24224999.452976093,28417124.654825397,4192.125,4.05236e14,1.6648,4.89443e6,-2.42670e6,6.08962e-9
1528200930,24237738.68174693,28435492.151815116,4197.753,4.01066e14,0.6185,4.86987e6,-2.42712e6,6.09066e-9
1528200960,24250552.812583204,28453840.522392213,4203.288,4.00138e14,0.3857,4.86492e6,-2.42747e6,6.09153e-9
1528200990,24263441.404286433,28472169.517825663,4208.728,4.01337e14,0.6865,4.87281e6,-2.42777e6,6.09225e-9
1528201020,24276404.014376868,28490478.890654996,4214.075,3.97053e14,0.3881,4.84717e6,-2.42800e6,6.09282e-9
1528201050,24289440.19912708,28508768.394686356,4219.328,3.96987e14,0.4049,4.84710e6,-2.42817e6,6.09323e-9
1528201080,24302549.51359538,28527037.784988545,4224.488,3.95374e14,0.8096,4.83748e6,-2.42827e6,6.09348e-9
1528201110,24315731.511659205,28545286.817889117,4229.555,3.92101e14,1.6305,4.81762e6,-2.42832e6,6.09359e-9
1528201140,24328985.746048287,28563515.250970334,4234.530,4.00650e14,0.5142,4.86969e6,-2.42831e6,6.09354e-9
1528201170,24342311.76837778,28581722.843065206,4239.411,4.07378e14,2.2021,4.91053e6,-2.42824e6,6.09334e-9
1528201200,24355709.12918119,28599909.354253456,4244.200,3.96101e14,0.6271,4.84154e6,-2.42810e6,6.09299e-9
1528201230,24369177.377926726,28618074.545875866,4248.897,3.90519e14,2.0274,4.80715e6,-2.42791e6,6.09249e-9
1528201260,24382716.06310045,28636218.18047359,4253.502,3.98293e14,0.0772,4.85400e6,-2.42766e6,6.09185e-9
1528201290,24396324.7321884,28654340.02184095,4258.015,4.05126e14,1.6372,4.89500e6,-2.42735e6,6.09105e-9
1528201320,24410002.93172499,28672439.835003134,4262.437,4.04726e14,1.5367,4.89181e6,-2.42698e6,6.09011e-9
1528201350,24423750.207325052,28690517.386212252,4266.767,4.01011e14,0.6049,4.86833e6,-2.42656e6,6.08903e-9
1528201380,24437566.103715558,28708572.44294335,4271.006,3.98125e14,0.1192,4.84978e6,-2.42608e6,6.08780e-9
1528201410,24451450.16476738,28726604.773890514,4275.155,3.99798e14,0.3005,4.85888e6,-2.42554e6,6.08643e-9
1528201440,24465401.933526635,28744614.148962792,4279.212,4.01698e14,0.7772,4.86924e6,-2.42494e6,6.08492e-9
1528201470,24479420.95224593,28762600.339280292,4283.179,4.02730e14,1.0361,4.87420e6,-2.42429e6,6.08327e-9
1528201500,24493506.76241547,28780563.117170088,4287.056,3.97452e14,0.2880,4.84067e6,-2.42358e6,6.08148e-9
1528201530,24507658.904790662,28798502.25614224,4290.843,3.93546e14,1.2681,4.81539e6,-2.42282e6,6.07954e-9
1528201560,24521876.919432826,28816417.53094733,4294.541,3.99715e14,0.2797,4.85126e6,-2.42200e6,6.07747e-9
1528201590,24536160.34572929,28834308.717510503,4298.148,4.02371e14,0.9458,4.86563e6,-2.42112e6,6.07527e-9
1528201620,24550508.722427074,28852175.592947256,4301.667,4.03580e14,1.2492,4.87110e6,-2.42020e6,6.07292e-9
1528201650,24564921.587662917,28870017.935559202,4305.096,4.02234e14,0.9115,4.86095e6,-2.41921e6,6.07044e-9
1528201680,24579398.478993077,28887835.52482967,4308.437,4.00857e14,0.5662,4.85051e6,-2.41818e6,6.06783e-9
1528201710,24593938.93342308,28905628.141419496,4311.689,4.00280e14,0.4213,4.84482e6,-2.41709e6,6.06509e-9
1528201740,24608542.487437084,28923395.567162674,4314.853,4.01347e14,0.6891,4.84900e6,-2.41595e6,6.06221e-9
1528201770,24623208.677027192,28941137.585061956,4317.929,4.05071e14,1.6233,4.86916e6,-2.41476e6,6.05920e-9
1528201800,24637937.037722502,28958853.9792846,4320.917,4.01650e14,0.7651,4.84593e6,-2.41351e6,6.05606e-9
1528201830,24652727.104630098,28976544.53517488,4323.817,3.93940e14,1.1693,4.79665e6,-2.41222e6,6.05279e-9
1528201860,24667578.412426148,28994209.039197598,4326.631,3.93360e14,1.3148,4.79046e6,-2.41087e6,6.04940e-9
1528201890,24682490.4954223,29011847.2789861,4329.357,3.94837e14,0.9441,4.79661e6,-2.40947e6,6.04587e-9
1528201920,24697462.887581673,29029459.04332111,4331.996,3.98273e14,0.0822,4.81448e6,-2.40803e6,6.04222e-9
1528201950,24712495.122546997,29047044.122126464,4334.549,4.02866e14,1.0702,4.83921e6,-2.40653e6,6.03845e-9
1528201980,24727586.733668543,29064602.306464918,4337.016,4.00689e14,0.5239,4.82296e6,-2.40498e6,6.03455e-9
1528202010,24742737.254031815,29082133.38853392,4339.396,3.99544e14,0.2368,4.81285e6,-2.40338e6,6.03053e-9
1528202040,24757946.21648507,29099637.16166137,4341.691,4.00419e14,0.4562,4.81482e6,-2.40174e6,6.02638e-9
1528202070,24773213.15366653,29117113.42030137,4343.900,4.02193e14,0.9013,4.82210e6,-2.40004e6,6.02212e-9
1528202100,24788537.5980314,29134561.960029967,4346.024,4.01954e14,0.8412,4.81715e6,-2.39830e6,6.01773e-9
1528202130,24803919.081870846,29151982.577531468,4348.063,3.97606e14,0.2495,4.78741e6,-2.39651e6,6.01323e-9
1528202160,24819357.137362823,29169375.07062342,4350.018,3.97103e14,0.3756,4.78071e6,-2.39468e6,6.00860e-9
1528202190,24834851.29657396,29186739.23822292,4351.888,4.00495e14,0.4752,4.79731e6,-2.39279e6,6.00386e-9
1528202220,24850401.091493484,29204074.88035178,4353.674,4.03616e14,1.2584,4.81216e6,-2.39086e6,5.99900e-9
1528202250,24866006.054059017,29221381.798132215,4355.376,3.98100e14,0.1256,4.77511e6,-2.38889e6,5.99403e-9
1528202280,24881665.716182128,29238659.793782372,4356.994,3.99079e14,0.1200,4.77693e6,-2.38687e6,5.98894e-9
1528202310,24897379.609773595,29255908.670612063,4358.529,3.98956e14,0.0892,4.77205e6,-2.38480e6,5.98374e-9
1528202340,24913147.2667685,29273128.23301828,4359.981,3.97009e14,0.3993,4.75618e6,-2.38269e6,5.97843e-9
1528202370,24928968.219151005,29290318.286480855,4361.350,4.02158e14,0.8924,4.78262e6,-2.38053e6,5.97300e-9
1528202400,24944841.998978954,29307478.637558006,4362.637,3.99101e14,0.1255,4.75995e6,-2.37833e6,5.96746e-9
1528202430,24960768.138408057,29324609.09387861,4363.841,3.98412e14,0.0474,4.75135e6,-2.37609e6,5.96182e-9
1528202460,24976746.16971632,29341709.464148175,4364.963,4.00498e14,0.4761,4.75919e6,-2.37380e6,5.95606e-9
1528202490,24992775.625327528,29358779.558134023,4366.004,4.02025e14,0.8591,4.76360e6,-2.37147e6,5.95020e-9
1528202520,25008856.037834883,29375819.186664253,4366.963,3.99896e14,0.3250,4.74617e6,-2.36910e6,5.94423e-9
1528202550,25024986.94002451,29392828.16162331,4367.841,3.93509e14,1.2772,4.70340e6,-2.36668e6,5.93816e-9
1528202580,25041167.86489841,29409806.29594753,4368.638,3.99397e14,0.1999,4.73344e6,-2.36423e6,5.93198e-9
1528202610,25057398.34569747,29426753.40362082,4369.355,4.05229e14,1.6630,4.76299e6,-2.36173e6,5.92569e-9
1528202640,25073677.915924035,29443669.299670227,4369.991,4.00665e14,0.5180,4.73085e6,-2.35919e6,5.91930e-9
1528202670,25090006.10936431,29460553.80016148,4370.548,3.97650e14,0.2385,4.70784e6,-2.35661e6,5.91281e-9
1528202700,25106382.460110493,29477406.722194806,4371.024,3.98619e14,0.0047,4.70832e6,-2.35399e6,5.90622e-9
1528202730,25122806.50258958,29494227.883920603,4371.421,3.96870e14,0.4342,4.69267e6,-2.35132e6,5.89953e-9
1528202760,25139277.771563787,29511017.1044729,4371.739,3.94991e14,0.9055,4.67620e6,-2.34862e6,5.89274e-9
1528202790,25155795.802173454,29527774.204027504,4371.978,3.95551e14,0.7651,4.67404e6,-2.34588e6,5.88585e-9
1528202820,25172360.12995126,29544499.003777526,4372.139,4.02217e14,0.9074,4.70769e6,-2.34311e6,5.87886e-9
1528202850,25188970.290843196,29561191.325929295,4372.221,4.02823e14,1.0595,4.70558e6,-2.34029e6,5.87178e-9
1528202880,25205625.82122932,29577850.993698142,4372.225,3.97883e14,0.1800,4.67086e6,-2.33743e6,5.86460e-9
1528202910,25222326.25794428,29594477.831304323,4372.152,3.98212e14,0.0975,4.66699e6,-2.33454e6,5.85733e-9
1528202940,25239071.138297472,29611071.66396876,4372.001,3.99140e14,0.1353,4.66656e6,-2.33161e6,5.84996e-9
1528202970,25255860.00009307,29627632.31790892,4371.772,4.03432e14,1.2122,4.68569e6,-2.32864e6,5.84250e-9
1528203000,25272692.381649725,29644159.62033462,4371.467,3.98088e14,0.1286,4.64846e6,-2.32564e6,5.83494e-9
1528203030,25289567.82180652,29660653.399408724,4371.086,3.98593e14,0.0019,4.64531e6,-2.32259e6,5.82730e-9
1528203060,25306485.85998404,29677113.484351214,4370.628,4.03707e14,1.2811,4.66891e6,-2.31952e6,5.81956e-9
1528203090,25323446.036161225,29693539.70532643,4370.094,3.95721e14,0.7225,4.61623e6,-2.31640e6,5.81174e-9
1528203120,25340447.890907675,29709931.893473696,4369.484,3.96810e14,0.4491,4.61627e6,-2.31326e6,5.80382e-9
1528203150,25357490.96540199,29726289.880902875,4368.799,4.04512e14,1.4830,4.65455e6,-2.31007e6,5.79582e-9
1528203180,25374574.80144995,29742613.500689834,4368.039,3.97938e14,0.1661,4.61002e6,-2.30685e6,5.78773e-9
1528203210,25391698.941502437,29758902.58687204,4367.204,3.97216e14,0.3473,4.59934e6,-2.30360e6,5.77956e-9
1528203240,25408862.928673036,29775156.974443987,4366.294,4.01174e14,0.6458,4.61561e6,-2.30032e6,5.77130e-9
1528203270,25426066.306755528,29791376.499352857,4365.310,3.98765e14,0.0414,4.59506e6,-2.29700e6,5.76296e-9
1528203300,25443308.620241072,29807560.99849405,4364.252,3.96245e14,0.5908,4.57385e6,-2.29364e6,5.75453e-9
1528203330,25460589.41435639,29823710.309748434,4363.121,3.92170e14,1.6133,4.54367e6,-2.29026e6,5.74602e-9
1528203360,25477908.235015135,29839824.271849528,4361.916,3.96120e14,0.6222,4.55955e6,-2.28684e6,5.73743e-9
1528203390,25495264.628900006,29855902.724507913,4360.638,3.97884e14,0.1798,4.56277e6,-2.28339e6,5.72876e-9
1528203420,25512658.14345802,29871945.50836559,4359.287,3.93590e14,1.2570,4.53124e6,-2.27990e6,5.72000e-9
1528203450,25530088.326916654,29887952.46499197,4357.864,3.98539e14,0.0154,4.55251e6,-2.27639e6,5.71117e-9
1528203480,25547554.728299867,29903923.436879914,4356.369,4.05739e14,1.7909,4.58647e6,-2.27284e6,5.70226e-9
1528203510,25565056.8974439,29919858.267441794,4354.801,4.06563e14,1.9976,4.58394e6,-2.26927e6,5.69327e-9
1528203540,25582594.38501272,29935756.80100557,4353.162,4.01687e14,0.7744,4.54893e6,-2.26566e6,5.68421e-9
1528203570,25600166.742513333,29951618.882810865,4351.452,3.98361e14,0.0601,4.52275e6,-2.26202e6,5.67507e-9
1528203600,25617773.52231085,29967444.359005023,4349.671,3.91777e14,1.7118,4.47811e6,-2.25835e6,5.66585e-9
1528203630,25635414.27762182,29983233.07660208,4347.819,3.93259e14,1.3400,4.47915e6,-2.25466e6,5.65656e-9
1528203660,25653088.56259485,29998984.88359331,4345.896,4.02120e14,0.8830,4.52178e6,-2.25093e6,5.64720e-9
1528203690,25670795.932258658,30014699.628828548,4343.904,3.95518e14,0.7733,4.47701e6,-2.24717e6,5.63776e-9
1528203720,25688535.94255743,30030377.162049096,4341.841,3.91723e14,1.7255,4.44810e6,-2.24339e6,5.62826e-9
1528203750,25706308.150364473,30046017.333883513,4339.709,4.02487e14,0.9749,4.50102e6,-2.23958e6,5.61868e-9
1528203780,25724112.11349563,30061619.99584337,4337.508,4.03388e14,1.2011,4.49835e6,-2.23573e6,5.60903e-9
1528203810,25741947.39072249,30077185.00031903,4335.238,4.02037e14,0.8621,4.48299e6,-2.23187e6,5.59931e-9
1528203840,25759813.541785315,30092712.200575463,4332.899,4.02533e14,0.9866,4.47794e6,-2.22797e6,5.58952e-9
1528203870,25777710.12740576,30108201.45074794,4330.491,3.95050e14,0.8908,4.42829e6,-2.22405e6,5.57966e-9
1528203900,25795636.709299393,30123652.60583793,4328.016,3.95463e14,0.7871,4.42272e6,-2.22010e6,5.56974e-9
1528203930,25813592.850195784,30139065.521733683,4325.473,3.99030e14,0.1077,4.43463e6,-2.21612e6,5.55975e-9
1528203960,25831578.113826446,30154440.05512953,4322.862,4.00882e14,0.5724,4.43689e6,-2.21212e6,5.54970e-9
1528203990,25849592.064960916,30169776.063598443,4320.184,4.02671e14,1.0212,4.43871e6,-2.20809e6,5.53958e-9
1528204020,25867634.269410603,30185073.405563183,4317.439,3.98864e14,0.0661,4.40951e6,-2.20403e6,5.52939e-9
1528204050,25885704.294040285,30200331.940292593,4314.628,4.02005e14,0.8541,4.41867e6,-2.19995e6,5.51914e-9
1528204080,25903801.706779357,30215551.52789745,4311.750,4.06422e14,1.9622,4.43476e6,-2.19585e6,5.50883e-9
1528204110,25921926.07663307,30230732.0293268,4308.806,3.92483e14,1.5348,4.34977e6,-2.19172e6,5.49846e-9
1528204140,25940076.97369321,30245873.306364,4305.796,3.93134e14,1.3713,4.34510e6,-2.18756e6,5.48803e-9
1528204170,25958253.96914902,30260975.22162292,4302.721,3.94210e14,1.1015,4.34268e6,-2.18339e6,5.47753e-9
1528204200,25976456.635297544,30276037.638544094,4299.581,3.93494e14,1.2810,4.33041e6,-2.17918e6,5.46698e-9
1528204230,25994684.545569,30291060.42137903,4296.376,3.99653e14,0.2641,4.35561e6,-2.17496e6,5.45636e-9
1528204260,26012937.274490844,30306043.43522313,4293.106,3.99534e14,0.2342,4.34645e6,-2.17071e6,5.44569e-9
1528204290,26031214.397743657,30320986.545975234,4289.772,4.02003e14,0.8536,4.35131e6,-2.16644e6,5.43496e-9
1528204320,26049515.492156252,30335889.62034554,4286.374,4.01587e14,0.7493,4.34042e6,-2.16214e6,5.42417e-9
1528204350,26067840.135715198,30350752.525851816,4282.912,3.97697e14,0.2266,4.31069e6,-2.15783e6,5.41333e-9
1528204380,26086187.907574315,30365575.13081551,4279.387,3.98907e14,0.0769,4.30856e6,-2.15349e6,5.40243e-9
1528204410,26104558.38806396,30380357.304358013,4275.799,3.99392e14,0.1985,4.30244e6,-2.14912e6,5.39148e-9
1528204440,26122951.158699967,30395098.91639668,4272.148,4.01025e14,0.6082,4.30244e6,-2.14474e6,5.38047e-9
1528204470,26141365.80219258,30409799.837641157,4268.434,4.03024e14,1.1098,4.30434e6,-2.14034e6,5.36941e-9
1528204500,26159801.902454995,30424459.939589486,4264.658,4.01860e14,0.8177,4.28920e6,-2.13591e6,5.35830e-9
1528204530,26178259.044579744,30439079.094527718,4260.820,4.00380e14,0.4464,4.27235e6,-2.13147e6,5.34713e-9
1528204560,26196736.8149457,30453657.17551585,4256.920,4.06051e14,1.8693,4.29365e6,-2.12700e6,5.33591e-9
1528204590,26215234.801127233,30468194.056394212,4252.959,4.06495e14,1.9806,4.28695e6,-2.12251e6,5.32465e-9
1528204620,26233752.591933608,30482689.611776464,4248.937,3.99394e14,0.1991,4.24011e6,-2.11800e6,5.31333e-9
1528204650,26252289.777416453,30497143.71704589,4244.854,3.97678e14,0.2313,4.22195e6,-2.11348e6,5.30196e-9
1528204680,26270845.94887687,30511556.248351764,4240.710,3.97247e14,0.3397,4.21058e6,-2.10893e6,5.29054e-9
1528204710,26289420.698872462,30525927.082605634,4236.506,3.97621e14,0.2457,4.20344e6,-2.10436e6,5.27908e-9
1528204740,26308013.621224027,30540256.097477656,4232.242,3.97933e14,0.1676,4.19591e6,-2.09978e6,5.26756e-9
1528204770,26326624.311022285,30554543.17139299,4227.919,3.99172e14,0.1433,4.19322e6,-2.09518e6,5.25600e-9
1528204800,26345252.36463425,30568788.18352817,4223.536,4.03278e14,1.1734,4.20550e6,-2.09055e6,5.24440e-9
1528204830,26363897.379742566,30582991.013809096,4219.094,4.08805e14,2.5600,4.22508e6,-2.08591e6,5.23275e-9
1528204860,26382558.9552499,30597151.542902447,4214.593,4.04174e14,1.3984,4.19147e6,-2.08125e6,5.22105e-9
1528204890,26401236.691386767,30611269.652217336,4210.033,4.00797e14,0.5512,4.16445e6,-2.07658e6,5.20931e-9
1528204920,26419930.18968464,30625345.223899968,4205.415,3.96973e14,0.4084,4.13516e6,-2.07188e6,5.19752e-9
1528204950,26438639.05298187,30639378.140830204,4200.739,3.94367e14,1.0621,4.11224e6,-2.06717e6,5.18569e-9
1528204980,26457362.885429468,30653368.28661797,4196.005,4.00090e14,0.3738,4.13244e6,-2.06244e6,5.17382e-9
1528205010,26476101.29249672,30667315.545599826,4191.214,4.02697e14,1.0278,4.13639e6,-2.05770e6,5.16191e-9
1528205040,26494853.88097664,30681219.802835368,4186.366,4.07681e14,2.2782,4.15248e6,-2.05294e6,5.14995e-9
1528205070,26513620.258991245,30695080.94410387,4181.461,4.00989e14,0.5992,4.10842e6,-2.04816e6,5.13795e-9
1528205100,26532400.035996776,30708898.85590071,4176.499,3.94268e14,1.0869,4.06435e6,-2.04337e6,5.12592e-9
1528205130,26551192.822769534,30722673.425429523,4171.481,3.99481e14,0.2209,4.08144e6,-2.03856e6,5.11384e-9
1528205160,26569998.231469505,30736404.540612474,4166.406,3.98248e14,0.0885,4.06548e6,-2.03373e6,5.10172e-9
1528205190,26588815.875586253,30750092.090072908,4161.276,3.98127e14,0.1187,4.05519e6,-2.02889e6,5.08957e-9
1528205220,26607645.369962204,30763735.963136394,4156.091,4.01735e14,0.7863,4.06379e6,-2.02403e6,5.07738e-9
1528205250,26626486.330796942,30777336.049827315,4150.850,3.99886e14,0.3225,4.04464e6,-2.01916e6,5.06515e-9
1528205280,26645338.37565115,30790892.240865383,4145.554,4.01530e14,0.7349,4.04316e6,-2.01427e6,5.05288e-9
1528205310,26664201.123450536,30804404.42766232,4140.203,4.07044e14,2.1183,4.06111e6,-2.00937e6,5.04058e-9
1528205340,26683074.19448955,30817872.502318338,4134.798,4.04489e14,1.4772,4.03832e6,-2.00446e6,5.02824e-9
1528205370,26701957.2104349,30831296.35761888,4129.339,4.03080e14,1.1238,4.02132e6,-1.99953e6,5.01586e-9
1528205400,26720849.794329,30844675.88703114,4123.826,3.95796e14,0.7036,3.97493e6,-1.99459e6,5.00345e-9
1528205430,26739751.57059599,30858010.984703884,4118.259,3.93086e14,1.3835,3.95152e6,-1.98963e6,4.99101e-9
1528205460,26758662.165036302,30871301.54545452,4112.639,4.06558e14,1.9964,4.00872e6,-1.98466e6,4.97853e-9
1528205490,26777581.2048381,30884547.464775577,4106.966,4.03117e14,1.1330,3.98156e6,-1.97968e6,4.96602e-9
1528205520,26796508.318577457,30897748.638828162,4101.240,3.93906e14,1.1777,3.92588e6,-1.97468e6,4.95348e-9
1528205550,26815443.136220984,30910904.96443885,4095.462,4.01453e14,0.7157,3.95321e6,-1.96967e6,4.94090e-9
1528205580,26834385.28912846,30924016.339096334,4089.631,4.00768e14,0.5438,3.93975e6,-1.96465e6,4.92829e-9
1528205610,26853334.410055306,30937082.66094835,4083.748,3.95841e14,0.6922,3.90543e6,-1.95961e6,4.91565e-9
1528205640,26872290.133154847,30950103.82879842,4077.814,3.96939e14,0.4169,3.90075e6,-1.95456e6,4.90299e-9
1528205670,26891252.09398058,30963079.742102675,4071.828,3.99438e14,0.2101,3.90287e6,-1.94951e6,4.89029e-9
1528205700,26910219.929488182,30976010.300966788,4065.790,4.00888e14,0.5739,3.89979e6,-1.94443e6,4.87756e-9
1528205730,26929193.278039735,30988895.406147417,4059.702,4.04753e14,1.5436,3.90839e6,-1.93935e6,4.86480e-9
1528205760,26948171.779398754,31001734.959034868,4053.563,4.05777e14,1.8004,3.90309e6,-1.93426e6,4.85201e-9
1528205790,26967155.0747388,31014528.861664187,4047.374,4.04791e14,1.5531,3.88801e6,-1.92915e6,4.83919e-9
1528205820,26986142.8066428,31027277.016707554,4041.134,3.99778e14,0.2954,3.85350e6,-1.92403e6,4.82635e-9
1528205850,27005134.619104676,31039979.32747123,4034.845,3.98899e14,0.0748,3.83900e6,-1.91891e6,4.81348e-9
1528205880,27024130.157530654,31052635.697892535,4028.506,4.03079e14,1.1235,3.84878e6,-1.91377e6,4.80058e-9
1528205910,27043129.068740677,31065246.03253687,4022.117,3.98797e14,0.0492,3.81792e6,-1.90862e6,4.78766e-9
1528205940,27062131.000969496,31077810.236594666,4015.679,4.01669e14,0.7698,3.82131e6,-1.90346e6,4.77471e-9
1528205970,27081135.60386785,31090328.215878457,4009.193,3.97445e14,0.2900,3.79081e6,-1.89829e6,4.76173e-9
1528206000,27100142.528503377,31102799.876819793,4002.657,3.98216e14,0.0965,3.78413e6,-1.89311e6,4.74873e-9
1528206030,27119151.42737011,31115225.12645113,3996.074,3.99589e14,0.2479,3.78025e6,-1.88792e6,4.73570e-9
1528206060,27138161.954362776,31127603.87244975,3989.442,3.97629e14,0.2436,3.76059e6,-1.88272e6,4.72265e-9
1528206090,27157173.764804017,31139936.02308781,3982.762,4.08499e14,2.4834,3.80137e6,-1.87751e6,4.70958e-9
1528206120,27176186.51543639,31152221.487244517,3976.035,4.04548e14,1.4921,3.77225e6,-1.87230e6,4.69648e-9
1528206150,27195199.86442284,31164460.174402967,3969.260,4.02481e14,0.9735,3.75203e6,-1.86707e6,4.68336e-9
1528206180,27214213.471347146,31176651.994647205,3962.439,4.02371e14,0.9460,3.74099e6,-1.86183e6,4.67022e-9
1528206210,27233226.997214206,31188796.858659238,3955.570,3.94111e14,1.1263,3.69198e6,-1.85659e6,4.65705e-9
1528206240,27252240.104450185,31200894.677715868,3948.655,3.94041e14,1.1438,3.68121e6,-1.85133e6,4.64387e-9
1528206270,27271252.456902575,31212945.36368587,3941.693,4.00900e14,0.5770,3.70250e6,-1.84607e6,4.63066e-9
1528206300,27290263.719840128,31224948.829026967,3934.685,4.01694e14,0.7760,3.69559e6,-1.84080e6,4.61743e-9
1528206330,27309273.559926774,31236904.986804463,3927.631,4.00693e14,0.5249,3.68038e6,-1.83552e6,4.60418e-9
1528206360,27328281.645301443,31248813.75062193,3920.532,4.01288e14,0.6743,3.67251e6,-1.83023e6,4.59091e-9
1528206390,27347287.64549726,31260675.034684848,3913.387,3.93127e14,1.3732,3.62453e6,-1.82494e6,4.57763e-9
1528206420,27366291.23146695,31272488.75377641,3906.198,3.94028e14,1.1470,3.61811e6,-1.81964e6,4.56432e-9
1528206450,27385292.075582027,31284254.82325479,3898.963,4.06850e14,2.0696,3.66590e6,-1.81433e6,4.55099e-9
1528206480,27404289.851631995,31295973.159050614,3891.683,4.04648e14,1.5172,3.64516e6,-1.80901e6,4.53764e-9
1528206510,27423284.234823383,31307643.67766424,3884.359,3.97619e14,0.2462,3.60263e6,-1.80369e6,4.52428e-9
1528206540,27442274.901778735,31319266.296163216,3876.991,3.98223e14,0.0948,3.59470e6,-1.79835e6,4.51090e-9
1528206570,27461261.53053554,31330840.932179622,3869.579,3.99433e14,0.2088,3.58946e6,-1.79301e6,4.49750e-9
1528206600,27480243.800545044,31342367.50390756,3862.124,4.02788e14,1.0505,3.59380e6,-1.78767e6,4.48408e-9
1528206630,27499221.39270716,31353845.93008079,3854.625,4.01478e14,0.7220,3.57719e6,-1.78232e6,4.47065e-9
1528206660,27518193.98925776,31365276.130031012,3847.082,3.94468e14,1.0367,3.53518e6,-1.77696e6,4.45720e-9
1528206690,27537161.273879245,31376658.023624416,3839.497,3.98027e14,0.1437,3.54032e6,-1.77159e6,4.44374e-9
1528206720,27556122.931663096,31387991.531278633,3831.869,3.93497e14,1.2803,3.50951e6,-1.76622e6,4.43026e-9
1528206750,27575078.64910877,31399276.57396009,3824.198,3.89600e14,2.2580,3.48161e6,-1.76084e6,4.41676e-9
1528206780,27594028.11412234,31410513.073181264,3816.485,3.93357e14,1.3154,3.48751e6,-1.75546e6,4.40325e-9
1528206810,27612971.016015235,31421700.95099806,3808.730,3.92234e14,1.5972,3.47187e6,-1.75007e6,4.38973e-9
1528206840,27631907.045502834,31432840.130007107,3800.933,3.97981e14,0.1555,3.48631e6,-1.74467e6,4.37619e-9
1528206870,27650835.894702945,31443930.533343088,3793.095,4.07848e14,2.3201,3.51857e6,-1.73927e6,4.36263e-9
1528206900,27669757.257134233,31454972.084676083,3785.215,4.03257e14,1.1683,3.48766e6,-1.73387e6,4.34906e-9
1528206930,27688670.827682562,31465964.70822221,3777.294,4.00863e14,0.5675,3.46639e6,-1.72846e6,4.33548e-9
1528206960,27707576.30269835,31476908.32870027,3769.332,4.03839e14,1.3142,3.46839e6,-1.72304e6,4.32189e-9
1528206990,27726473.379895154,31487802.87136986,3761.329,3.96758e14,0.4623,3.42696e6,-1.71762e6,4.30828e-9
1528207020,27745361.758379817,31498648.26201574,3753.287,3.95028e14,0.8962,3.40870e6,-1.71219e6,4.29467e-9
1528207050,27764241.13865029,31509444.426945403,3745.203,4.01601e14,0.7527,3.42603e6,-1.70676e6,4.28104e-9
1528207080,27783111.222593352,31520191.292986587,3737.080,3.98144e14,0.1145,3.40036e6,-1.70132e6,4.26739e-9
1528207110,27801971.713482272,31530888.787484948,3728.917,3.95272e14,0.8351,3.37726e6,-1.69588e6,4.25374e-9
1528207140,27820822.3159744,31541536.838301573,3720.715,4.01944e14,0.8389,3.39471e6,-1.69044e6,4.24007e-9
1528207170,27839662.736108635,31552135.373810668,3712.473,4.01706e14,0.7790,3.38275e6,-1.68499e6,4.22640e-9
1528207200,27858492.68130299,31562684.322897136,3704.192,4.00111e14,0.3790,3.36508e6,-1.67953e6,4.21271e-9
1528207230,27877311.86037091,31573183.61494516,3695.872,3.95502e14,0.7773,3.33479e6,-1.67407e6,4.19902e-9
1528207260,27896119.983459983,31583633.179863952,3687.513,3.90760e14,1.9671,3.30406e6,-1.66861e6,4.18531e-9
1528207290,27914916.762108386,31594032.948057428,3679.116,3.96938e14,0.4171,3.31901e6,-1.66315e6,4.17159e-9
1528207320,27933701.909223,31604382.85043078,3670.681,4.09922e14,2.8403,3.36208e6,-1.65768e6,4.15787e-9
1528207350,27952475.13907688,31614682.818388227,3662.208,4.02180e14,0.8980,3.31889e6,-1.65220e6,4.14413e-9
1528207380,27971236.167306498,31624932.78383066,3653.697,3.97487e14,0.2793,3.28850e6,-1.64673e6,4.13039e-9
1528207410,27989984.710909072,31635132.67915328,3645.148,3.98559e14,0.0103,3.28197e6,-1.64125e6,4.11664e-9
1528207440,28008720.488239758,31645282.437243335,3636.562,4.00132e14,0.3842,3.27745e6,-1.63576e6,4.10288e-9
1528207470,28027443.21900884,31655381.991477814,3627.939,4.01092e14,0.6251,3.27038e6,-1.63027e6,4.08911e-9
1528207500,28046152.624278832,31665431.275721155,3619.279,3.95343e14,0.8171,3.23594e6,-1.62478e6,4.07534e-9
1528207530,28064848.42645393,31675430.22433369,3610.582,3.98374e14,0.0567,3.23731e6,-1.61929e6,4.06155e-9
1528207560,28083530.349300884,31685378.772136573,3601.848,3.91067e14,1.8899,3.19674e6,-1.61380e6,4.04776e-9
1528207590,28102198.117921855,31695276.854442377,3593.079,3.85894e14,3.1877,3.16498e6,-1.60830e6,4.03396e-9
1528207620,28120851.458759177,31705124.407042313,3584.273,3.94949e14,0.9161,3.19055e6,-1.60280e6,4.02016e-9
1528207650,28139490.09959224,31714921.366204217,3575.431,4.06286e14,1.9282,3.22502e6,-1.59729e6,4.00635e-9
1528207680,28158113.769534208,31724667.668670375,3566.554,4.05535e14,1.7398,3.21090e6,-1.59178e6,3.99253e-9
1528207710,28176722.199028954,31734363.251655526,3557.641,3.95838e14,0.6931,3.16120e6,-1.58628e6,3.97871e-9
1528207740,28195315.119847663,31744008.052844703,3548.693,4.04925e14,1.5866,3.18624e6,-1.58076e6,3.96488e-9
1528207770,28213892.26508559,31753602.010391247,3539.710,4.10842e14,3.0710,3.19850e6,-1.57525e6,3.95104e-9
1528207800,28232453.36915871,31763145.062914748,3530.692,3.91203e14,1.8559,3.10998e6,-1.56973e6,3.93720e-9
1528207830,28250998.167806342,31772637.149486434,3521.639,3.88053e14,2.6462,3.08668e6,-1.56422e6,3.92336e-9
1528207860,28269526.398069188,31782078.20966581,3512.552,3.98428e14,0.0432,3.11635e6,-1.55870e6,3.90951e-9
1528207890,28288037.798304636,31791468.18345996,3503.430,3.98688e14,0.0220,3.10632e6,-1.55317e6,3.89565e-9
1528207920,28306532.10817723,31800807.011333965,3494.275,4.01235e14,0.6609,3.10516e6,-1.54765e6,3.88179e-9
1528207950,28325009.068655197,31810094.634208705,3485.086,4.02274e14,0.9215,3.09809e6,-1.54213e6,3.86793e-9
1528207980,28343468.42200691,31819330.993458863,3475.863,4.04754e14,1.5437,3.09654e6,-1.53660e6,3.85406e-9
1528208010,28361909.911797404,31828516.03091085,3466.606,4.01198e14,0.6518,3.07175e6,-1.53107e6,3.84019e-9
1528208040,28380333.282884724,31837649.688840657,3457.316,4.02914e14,1.0821,3.06721e6,-1.52554e6,3.82631e-9
1528208070,28398738.281416323,31846731.909971844,3447.994,3.95236e14,0.8441,3.02682e6,-1.52001e6,3.81244e-9
1528208100,28417124.654825397,31855762.637473457,3438.638,3.83964e14,3.6718,2.97299e6,-1.51448e6,3.79855e-9
1528208130,28435492.151815116,31864741.81496622,3429.250,3.90670e14,1.9896,2.98750e6,-1.50894e6,3.78467e-9
1528208160,28453840.522392213,31873669.386495378,3419.829,3.97302e14,0.3258,3.00155e6,-1.50341e6,3.77078e-9
1528208190,28472169.517825663,31882545.296553828,3410.376,3.98122e14,0.1201,2.99357e6,-1.49787e6,3.75689e-9
1528208220,28490478.890654996,31891369.49007208,3400.891,3.99468e14,0.2177,2.98754e6,-1.49233e6,3.74300e-9
1528208250,28508768.394686356,31900141.91241643,3391.374,4.00969e14,0.5942,2.98205e6,-1.48680e6,3.72910e-9
1528208280,28527037.784988545,31908862.509386957,3381.825,3.98615e14,0.0036,2.96219e6,-1.48126e6,3.71521e-9
1528208310,28545286.817889117,31917531.22721587,3372.244,4.04029e14,1.3619,2.97115e6,-1.47572e6,3.70131e-9
1528208340,28563515.250970334,31926148.012565516,3362.633,3.94929e14,0.9210,2.92644e6,-1.47018e6,3.68741e-9
1528208370,28581722.843065206,31934712.81252665,3352.990,3.88831e14,2.4509,2.89301e6,-1.46464e6,3.67351e-9
1528208400,28599909.354253456,31943225.57461662,3343.316,4.02145e14,0.8893,2.93079e6,-1.45909e6,3.65960e-9
1528208430,28618074.545875866,31951686.246779967,3333.612,4.04011e14,1.3574,2.92646e6,-1.45355e6,3.64570e-9
1528208460,28636218.18047359,31960094.777379435,3323.877,3.96203e14,0.6015,2.88694e6,-1.44801e6,3.63179e-9
1528208490,28654340.02184095,31968451.115201518,3314.111,3.85238e14,3.3523,2.83622e6,-1.44247e6,3.61789e-9
1528208520,28672439.835003134,31976755.20945236,3304.315,3.82763e14,3.9733,2.81639e6,-1.43692e6,3.60398e-9
1528208550,28690517.386212252,31985007.009756092,3294.490,3.90833e14,1.9487,2.83450e6,-1.43138e6,3.59007e-9
1528208580,28708572.44294335,31993206.466153115,3284.634,4.02015e14,0.8566,2.86351e6,-1.42584e6,3.57617e-9
1528208610,28726604.773890514,32001353.529098477,3274.749,4.00455e14,0.4653,2.84682e6,-1.42029e6,3.56226e-9
1528208640,28744614.148962792,32009448.149460174,3264.834,3.99694e14,0.2743,2.83300e6,-1.41475e6,3.54835e-9
1528208670,28762600.339280292,32017490.27851746,3254.890,4.01270e14,0.6697,2.82747e6,-1.40921e6,3.53444e-9
1528208700,28780563.117170088,32025479.867959205,3244.917,3.99931e14,0.3339,2.81164e6,-1.40366e6,3.52053e-9
1528208730,28798502.25614224,32033416.869870722,3234.915,4.05746e14,1.7926,2.82092e6,-1.39812e6,3.50663e-9
1528208760,28816417.53094733,32041301.236767758,3224.884,3.98590e14,0.0027,2.78474e6,-1.39258e6,3.49272e-9
1528208790,28834308.717510503,32049132.92155907,3214.824,3.93418e14,1.3001,2.75567e6,-1.38704e6,3.47882e-9
1528208820,28852175.592947256,32056911.877556253,3204.736,3.94508e14,1.0266,2.74843e6,-1.38149e6,3.46491e-9
1528208850,28870017.935559202,32064638.05847208,3194.620,3.96423e14,0.5463,2.74401e6,-1.37595e6,3.45101e-9
1528208880,28887835.52482967,32072311.418418743,3184.476,3.95350e14,0.8154,2.72927e6,-1.37041e6,3.43710e-9
1528208910,28905628.141419496,32079931.911906254,3174.304,3.98907e14,0.0769,2.73041e6,-1.36487e6,3.42320e-9
1528208940,28923395.567162674,32087499.49384069,3164.104,3.94106e14,1.1276,2.70295e6,-1.35933e6,3.40930e-9
1528208970,28941137.585061956,32095014.119522534,3153.877,3.85348e14,3.3247,2.66220e6,-1.35379e6,3.39540e-9
1528209000,28958853.9792846,32102475.744645093,3143.622,3.94968e14,0.9114,2.68383e6,-1.34825e6,3.38151e-9
1528209030,28976544.53517488,32109884.32530455,3133.340,3.98004e14,0.1498,2.68303e6,-1.34271e6,3.36761e-9
1528209060,28994209.039197598,32117239.817962196,3123.031,4.05933e14,1.8397,2.69856e6,-1.33717e6,3.35372e-9
1528209090,29011847.2789861,32124542.179479215,3112.695,4.09480e14,2.7293,2.69923e6,-1.33164e6,3.33983e-9
1528209120,29029459.04332111,32131791.3671034,3102.332,3.97757e14,0.2117,2.64901e6,-1.32610e6,3.32594e-9
1528209150,29047044.122126464,32138987.33846773,3091.943,3.94922e14,0.9229,2.62857e6,-1.32056e6,3.31205e-9
1528209180,29064602.306464918,32146130.051588897,3081.528,3.97040e14,0.3914,2.62454e6,-1.31503e6,3.29817e-9
1528209210,29082133.38853392,32153219.464865964,3071.086,3.90019e14,2.1528,2.59043e6,-1.30950e6,3.28429e-9
1528209240,29099637.16166137,32160255.537078924,3060.618,3.91975e14,1.6622,2.58588e6,-1.30396e6,3.27041e-9
1528209270,29117113.42030137,32167238.227387287,3050.125,3.96380e14,0.5569,2.58926e6,-1.29843e6,3.25653e-9
1528209300,29134561.960029967,32174167.49532882,3039.606,3.98939e14,0.0850,2.58653e6,-1.29290e6,3.24266e-9
1528209330,29151982.577531468,32181043.300818045,3029.061,4.02142e14,0.8884,2.58580e6,-1.28737e6,3.22879e-9
1528209360,29169375.07062342,32187865.60414523,3018.491,4.00652e14,0.5146,2.56991e6,-1.28185e6,3.21492e-9
1528209390,29186739.23822292,32194634.365974672,3007.895,3.96557e14,0.5126,2.54572e6,-1.27632e6,3.20106e-9
1528209420,29204074.88035178,32201349.54734348,2997.275,3.93958e14,1.1646,2.52642e6,-1.27079e6,3.18720e-9
1528209450,29221381.798132215,32208011.109660324,2986.629,3.98314e14,0.0720,2.52926e6,-1.26527e6,3.17334e-9
1528209480,29238659.793782372,32214619.014704093,2975.959,3.92144e14,1.6197,2.49872e6,-1.25975e6,3.15949e-9
1528209510,29255908.670612063,32221173.22462261,2965.265,3.97796e14,0.2017,2.50555e6,-1.25423e6,3.14564e-9
1528209540,29273128.23301828,32227673.701931342,2954.545,3.96134e14,0.6189,2.48932e6,-1.24871e6,3.13179e-9
1528209570,29290318.286480855,32234120.40951209,2943.802,3.92443e14,1.5448,2.46681e6,-1.24319e6,3.11795e-9
1528209600,29307478.637558006,32240513.31061171,2933.035,4.00560e14,0.4917,2.48106e6,-1.23767e6,3.10411e-9
1528209630,29324609.09387861,32246852.368822522,2922.243,3.92407e14,1.5539,2.44480e6,-1.23216e6,3.09027e-9
1528209660,29341709.464148175,32253137.54813736,2911.428,3.91083e14,1.8858,2.42979e6,-1.22665e6,3.07644e-9
1528209690,29358779.558134023,32259368.81289192,2900.589,3.98126e14,0.1189,2.44044e6,-1.22113e6,3.06261e-9
1528209720,29375819.186664253,32265546.127781566,2889.727,3.90401e14,2.0571,2.40587e6,-1.21562e6,3.04879e-9
1528209750,29392828.16162331,32271669.45785997,2878.841,3.99672e14,0.2688,2.42311e6,-1.21011e6,3.03497e-9
1528209780,29409806.29594753,32277738.768537663,2867.932,4.03549e14,1.2415,2.42379e6,-1.20461e6,3.02116e-9
1528209810,29426753.40362082,32283754.025580704,2857.001,3.90407e14,2.0555,2.37319e6,-1.19910e6,3.00735e-9
1528209840,29443669.299670227,32289715.195109367,2846.046,3.88333e14,2.5759,2.35609e6,-1.19360e6,2.99354e-9
1528209870,29460553.80016148,32295622.243596744,2835.068,3.88753e14,2.4706,2.34648e6,-1.18810e6,2.97974e-9
1528209900,29477406.722194806,32301475.137867473,2824.068,3.94419e14,1.0490,2.35243e6,-1.18260e6,2.96595e-9
1528209930,29494227.883920603,32307273.84513112,2813.046,4.00991e14,0.5997,2.36089e6,-1.17710e6,2.95216e-9
1528209960,29511017.1044729,32313018.332874212,2802.001,4.02628e14,1.0105,2.35468e6,-1.17161e6,2.93837e-9
1528209990,29527774.204027504,32318708.568965912,2790.934,3.98602e14,0.0003,2.33186e6,-1.16611e6,2.92459e-9
1528210020,29544499.003777526,32324344.52162255,2779.846,3.97243e14,0.3406,2.31692e6,-1.16062e6,2.91081e-9
1528210050,29561191.325929295,32329926.159406636,2768.735,4.00406e14,0.4529,2.31512e6,-1.15513e6,2.89704e-9
1528210080,29577850.993698142,32335453.451226052,2757.602,4.06093e14,1.8797,2.32052e6,-1.14964e6,2.88328e-9
1528210110,29594477.831304323,32340926.366333075,2746.449,4.02261e14,0.9184,2.29845e6,-1.14416e6,2.86951e-9
1528210140,29611071.66396876,32346344.874323614,2735.273,3.89481e14,2.2879,2.25094e6,-1.13867e6,2.85576e-9
1528210170,29627632.31790892,32351708.945136208,2724.077,3.89579e14,2.2632,2.24038e6,-1.13319e6,2.84201e-9
1528210200,29644159.62033462,32357018.549051225,2712.859,4.03798e14,1.3039,2.26976e6,-1.12771e6,2.82826e-9
1528210230,29660653.399408724,32362273.656647403,2701.620,4.01157e14,0.6414,2.25130e6,-1.12223e6,2.81452e-9
1528210260,29677113.484351214,32367474.23893225,2690.361,3.89752e14,2.2199,2.20837e6,-1.11676e6,2.80079e-9
1528210290,29693539.70532643,32372620.26720952,2679.081,3.95680e14,0.7328,2.21407e6,-1.11129e6,2.78706e-9
1528210320,29709931.893473696,32377711.71312058,2667.780,4.06603e14,2.0076,2.23346e6,-1.10582e6,2.77333e-9
1528210350,29726289.880902875,32382748.54864321,2656.459,4.02311e14,0.9309,2.21057e6,-1.10035e6,2.75962e-9
1528210380,29742613.500689834,32387730.746090364,2645.117,3.98582e14,0.0046,2.18935e6,-1.09488e6,2.74590e-9
1528210410,29758902.58687204,32392658.278109055,2633.756,3.88324e14,2.5780,2.15040e6,-1.08942e6,2.73220e-9
1528210440,29775156.974443987,32397531.117679026,2622.374,3.94483e14,1.0331,2.15635e6,-1.08395e6,2.71850e-9
1528210470,29791376.499352857,32402349.23811167,2610.973,3.99713e14,0.2790,2.15964e6,-1.07849e6,2.70480e-9
1528210500,29807560.99849405,32407112.613048837,2599.552,3.97809e14,0.1985,2.14359e6,-1.07304e6,2.69111e-9
1528210530,29823710.309748434,32411821.216502573,2588.111,4.09336e14,2.6932,2.16355e6,-1.06758e6,2.67743e-9
1528210560,29839824.271849528,32416475.022727963,2576.651,4.04229e14,1.4120,2.13889e6,-1.06213e6,2.66375e-9
1528210590,29855902.724507913,32421074.00634847,2565.171,4.04807e14,1.5570,2.12945e6,-1.05668e6,2.65008e-9
1528210620,29871945.50836559,32425618.142314285,2553.673,4.02771e14,1.0464,2.11310e6,-1.05123e6,2.63641e-9
1528210650,29887952.46499197,32430107.405901607,2542.155,3.93678e14,1.2349,2.07831e6,-1.04579e6,2.62275e-9
1528210680,29903923.436879914,32434541.772711914,2530.618,3.91833e14,1.6979,2.06267e6,-1.04034e6,2.60910e-9
1528210710,29919858.267441794,32438921.21867136,2519.063,3.94868e14,0.9364,2.05976e6,-1.03490e6,2.59545e-9
1528210740,29935756.80100557,32443245.720030043,2507.489,3.91559e14,1.7666,2.04040e6,-1.02946e6,2.58181e-9
1528210770,29951618.882810865,32447515.25336143,2495.896,3.92478e14,1.5359,2.03198e6,-1.02403e6,2.56818e-9
1528210800,29967444.359005023,32451729.79556162,2484.285,4.02362e14,0.9436,2.04645e6,-1.01860e6,2.55455e-9
1528210830,29983233.07660208,32455889.323817186,2472.656,4.06709e14,2.0344,2.04658e6,-1.01317e6,2.54092e-9
1528210860,29998984.88359331,32459993.815701995,2461.009,4.03375e14,1.1978,2.02719e6,-1.00774e6,2.52731e-9
1528210890,30014699.628828548,32464043.249078795,2449.344,4.02525e14,0.9847,2.01414e6,-1.00231e6,2.51370e-9
1528210920,30030377.162049096,32468037.60212998,2437.660,4.02607e14,1.0053,2.00344e6,-9.96888e5,2.50009e-9
1528210950,30046017.333883513,32471976.85335673,2425.960,3.96015e14,0.6486,1.97616e6,-9.91467e5,2.48650e-9
1528210980,30061619.99584337,32475860.981578052,2414.241,3.92427e14,1.5488,1.95648e6,-9.86049e5,2.47291e-9
1528211010,30077185.00031903,32479689.96593002,2402.505,3.89446e14,2.2967,1.93841e6,-9.80633e5,2.45932e-9
1528211040,30092712.200575463,32483463.78586481,2390.752,3.85721e14,3.2312,1.91859e6,-9.75220e5,2.44574e-9
1528211070,30108201.45074794,32487182.421149876,2378.981,3.99889e14,0.3232,1.94241e6,-9.69809e5,2.43217e-9
1528211100,30123652.60583793,32490845.851867016,2367.193,4.04604e14,1.5061,1.94298e6,-9.64401e5,2.41861e-9
1528211130,30139065.521733683,32494454.058431305,2355.389,3.97120e14,0.3713,1.91409e6,-9.58996e5,2.40505e-9
1528211160,30154440.05512953,32498007.021529548,2343.567,3.96229e14,0.5949,1.90117e6,-9.53593e5,2.39149e-9
1528211190,30169776.063598443,32501504.722180296,2331.729,3.91511e14,1.7785,1.87919e6,-9.48193e5,2.37795e-9
1528211220,30185073.405563183,32504947.14171348,2319.874,4.03819e14,1.3092,1.89759e6,-9.42795e5,2.36441e-9
1528211250,30200331.940292593,32508334.26176983,2308.002,4.07583e14,2.2534,1.89558e6,-9.37400e5,2.35088e-9
1528211280,30215551.52789745,32511666.064300206,2296.115,4.02182e14,0.8984,1.87205e6,-9.32008e5,2.33735e-9
1528211310,30230732.0293268,32514942.531565063,2284.211,4.14038e14,3.8729,1.88877e6,-9.26618e5,2.32383e-9
1528211340,30245873.306364,32518163.64613388,2272.290,4.03749e14,1.2916,1.85402e6,-9.21231e5,2.31032e-9
1528211370,30260975.22162292,32521329.390884526,2260.354,3.88304e14,2.5833,1.80771e6,-9.15846e5,2.29681e-9
1528211400,30276037.638544094,32524439.749002792,2248.402,3.87501e14,2.7846,1.79525e6,-9.10464e5,2.28331e-9
1528211430,30291060.42137903,32527494.703970045,2236.434,3.95560e14,0.7628,1.80293e6,-9.05085e5,2.26982e-9
1528211460,30306043.43522313,32530494.239598956,2224.451,3.96406e14,0.5505,1.79413e6,-8.99708e5,2.25633e-9
1528211490,30320986.545975234,32533438.339996703,2212.452,3.94637e14,0.9943,1.77945e6,-8.94334e5,2.24285e-9
1528211520,30335889.62034554,32536326.989576142,2200.437,3.86094e14,3.1376,1.74971e6,-8.88963e5,2.22938e-9
1528211550,30350752.525851816,32539160.173055153,2188.408,3.89831e14,2.2001,1.74742e6,-8.83594e5,2.21591e-9
1528211580,30365575.13081551,32541937.87545613,2176.363,4.02687e14,1.0253,1.76513e6,-8.78228e5,2.20245e-9
1528211610,30380357.304358013,32544660.082105387,2164.303,4.03164e14,1.1450,1.75539e6,-8.72864e5,2.18900e-9
1528211640,30395098.91639668,32547326.778632615,2152.228,4.00653e14,0.5148,1.73914e6,-8.67503e5,2.17555e-9
1528211670,30409799.837641157,32549937.950970307,2140.138,3.91258e14,1.8421,1.70809e6,-8.62145e5,2.16211e-9
1528211700,30424459.939589486,32552493.58535328,2128.034,3.97689e14,0.2286,1.71130e6,-8.56790e5,2.14868e-9
1528211730,30439079.094527718,32554993.66832992,2115.915,4.06068e14,1.8733,1.71849e6,-8.51437e5,2.13525e-9
1528211760,30453657.17551585,32557438.186725363,2103.781,3.82410e14,4.0619,1.65750e6,-8.46086e5,2.12183e-9
1528211790,30468194.056394212,32559827.127677366,2091.633,3.76788e14,5.4723,1.63517e6,-8.40739e5,2.10842e-9
1528211820,30482689.611776464,32562160.478624124,2079.471,3.94502e14,1.0281,1.66188e6,-8.35394e5,2.09501e-9
1528211850,30497143.71704589,32564438.22730393,2067.295,4.01896e14,0.8267,1.66664e6,-8.30052e5,2.08161e-9
1528211880,30511556.248351764,32566660.36175476,2055.104,4.14079e14,3.8831,1.68112e6,-8.24712e5,2.06822e-9
1528211910,30525927.082605634,32568826.870314013,2042.900,4.10550e14,2.9979,1.66299e6,-8.19375e5,2.05483e-9
1528211940,30540256.097477656,32570937.741618037,2030.682,3.89115e14,2.3796,1.60840e6,-8.14040e5,2.04145e-9
1528211970,30554543.17139299,32572992.964601845,2018.450,3.96669e14,0.4845,1.61318e6,-8.08709e5,2.02808e-9
1528212000,30568788.18352817,32574992.528498776,2006.204,3.94151e14,1.1162,1.59748e6,-8.03380e5,2.01471e-9
1528221330,32574365.6606924,30564473.415161714,2009.892,4.12429e14,3.4693,-1.63740e6,8.04817e5,-2.01874e-9
1528221360,32572348.5052835,30550217.029692322,2022.131,4.00703e14,0.5274,-1.62442e6,8.10146e5,-2.03210e-9
1528221390,32570275.696375106,30535918.6320398,2034.357,3.91913e14,1.6778,-1.61713e6,8.15479e5,-2.04548e-9
1528221420,32568147.244888194,30521578.343256004,2046.569,4.04023e14,1.3603,-1.65264e6,8.20814e5,-2.05886e-9
1528221450,32565963.162041556,30507196.285144847,2058.767,4.04324e14,1.4358,-1.66401e6,8.26152e5,-2.07224e-9
1528221480,32563723.45935217,30492772.58026601,2070.951,3.95442e14,0.7923,-1.65624e6,8.31492e5,-2.08564e-9
1528221510,32561428.148635626,30478307.351938702,2083.121,3.87845e14,2.6984,-1.65094e6,8.36835e5,-2.09904e-9
1528221540,32559077.242006432,30463800.72424543,2095.277,3.97857e14,0.1865,-1.68263e6,8.42181e5,-2.11244e-9
1528221570,32556670.751878526,30449252.82203567,2107.418,4.16686e14,4.5372,-1.73334e6,8.47529e5,-2.12586e-9
1528221600,32554208.690965623,30434663.770929698,2119.545,4.14357e14,3.9529,-1.73930e6,8.52880e5,-2.13928e-9
1528221630,32551691.07229258,30420033.697299857,2131.657,4.03525e14,1.2356,-1.72690e6,8.58234e5,-2.15270e-9
1528221660,32549117.909162343,30405362.728343558,2143.755,4.08547e14,2.4954,-1.74856e6,8.63590e5,-2.16614e-9
1528221690,32546489.215190075,30390650.992017552,2155.838,3.96930e14,0.4191,-1.73409e6,8.68949e5,-2.17958e-9
1528221720,32543805.004292764,30375898.617064003,2167.906,3.84608e14,3.5104,-1.71776e6,8.74311e5,-2.19302e-9
1528221750,32541065.290689938,30361105.733014133,2179.960,3.96245e14,0.5910,-1.75398e6,8.79675e5,-2.20648e-9
1528221780,32538270.08890416,30346272.470191795,2191.998,3.93961e14,1.1639,-1.75961e6,8.85042e5,-2.21994e-9
1528221810,32535419.413761742,30331398.95971714,2204.020,3.85167e14,3.3702,-1.75064e6,8.90412e5,-2.23340e-9
1528221840,32532513.280393247,30316485.333510183,2216.028,3.93204e14,1.3538,-1.77926e6,8.95784e5,-2.24687e-9
1528221870,32529551.704234228,30301531.724294566,2228.020,4.00702e14,0.5273,-1.80689e6,9.01159e5,-2.26035e-9
1528221900,32526534.70102575,30286538.265601203,2239.996,4.09501e14,2.7347,-1.83768e6,9.06536e5,-2.27384e-9
1528221930,32523462.286797088,30271505.091800924,2251.957,3.94298e14,1.0793,-1.81381e6,9.11916e5,-2.28733e-9
1528221960,32520334.477921836,30256432.33801896,2263.902,3.78356e14,5.0788,-1.78783e6,9.17299e5,-2.30083e-9
1528221990,32517151.29106293,30241320.14022834,2275.831,3.88749e14,2.4714,-1.82238e6,9.22685e5,-2.31434e-9
1528222020,32513912.743191045,30226168.63522479,2287.744,3.90966e14,1.9154,-1.83818e6,9.28073e5,-2.32785e-9
1528222050,32510618.85158522,30210977.960630875,2299.641,3.78032e14,5.1603,-1.81858e6,9.33463e5,-2.34137e-9
1528222080,32507269.63383329,30195748.254899982,2311.521,3.89055e14,2.3947,-1.85504e6,9.38857e5,-2.35490e-9
1528222110,32503865.107832443,30180479.657320492,2323.385,3.96576e14,0.5079,-1.88351e6,9.44252e5,-2.36843e-9
1528222140,32500405.291789733,30165172.308019757,2335.233,3.91050e14,1.8942,-1.88112e6,9.49651e5,-2.38197e-9
1528222170,32496890.204222593,30149826.34796832,2347.064,4.13881e14,3.8335,-1.94651e6,9.55052e5,-2.39551e-9
1528222200,32493319.86395945,30134441.918983944,2358.878,4.16304e14,4.4414,-1.96336e6,9.60456e5,-2.40906e-9
1528222230,32489694.290160395,30119019.163709883,2370.675,3.98624e14,0.0058,-1.93158e6,9.65862e5,-2.42262e-9
1528222260,32486013.50225569,30103558.225698803,2382.455,3.97796e14,0.2017,-1.94038e6,9.71271e5,-2.43619e-9
1528222290,32482277.52000859,30088059.249336872,2394.218,4.00482e14,0.4721,-1.95777e6,9.76682e5,-2.44976e-9
1528222320,32478486.363496065,30072522.379873548,2405.964,3.84160e14,3.6228,-1.92841e6,9.82096e5,-2.46334e-9
1528222350,32474640.053109467,30056947.76342556,2417.692,3.90949e14,1.9196,-1.95586e6,9.87513e5,-2.47692e-9
1528222380,32470738.60955546,30041335.546980787,2429.403,3.99757e14,0.2901,-1.98853e6,9.92932e5,-2.49051e-9
1528222410,32466782.05385681,30025685.878402237,2441.096,3.95572e14,0.7598,-1.98891e6,9.98353e5,-2.50411e-9
1528222440,32462770.407353193,30009998.906431958,2452.772,3.99536e14,0.2347,-2.00969e6,1.00378e6,-2.51771e-9
1528222470,32458703.691702053,29994274.78069494,2464.429,3.95783e14,0.7069,-2.01106e6,1.00920e6,-2.53132e-9
1528222500,32454581.928879485,29978513.651703186,2476.068,3.85330e14,3.3293,-1.99527e6,1.01463e6,-2.54493e-9
1528222530,32450405.14116102,29962715.670878652,2487.689,3.89594e14,2.2594,-2.01686e6,1.02006e6,-2.55856e-9
1528222560,32446173.351184316,29946880.99049847,2499.292,4.10580e14,3.0055,-2.08159e6,1.02550e6,-2.57218e-9
1528222590,32441886.581888076,29931009.76375791,2510.877,4.06998e14,2.1067,-2.08336e6,1.03094e6,-2.58582e-9
1528222620,32437544.856532786,29915102.144755453,2522.443,3.91456e14,1.7925,-2.05395e6,1.03637e6,-2.59946e-9
1528222650,32433148.19870154,29899158.28849697,2533.990,3.98122e14,0.1200,-2.08215e6,1.04182e6,-2.61310e-9
1528222680,32428696.632300638,29883178.35089992,2545.518,3.97745e14,0.2146,-2.09204e6,1.04726e6,-2.62676e-9
1528222710,32424190.181560483,29867162.48879755,2557.028,3.94479e14,1.0340,-2.09429e6,1.05271e6,-2.64042e-9
1528222740,32419628.871036295,29851110.859943107,2568.518,3.87995e14,2.6606,-2.08793e6,1.05815e6,-2.65408e-9
1528222770,32415012.725608863,29835023.623014078,2579.989,3.84727e14,3.4804,-2.08996e6,1.06361e6,-2.66775e-9
1528222800,32410341.770485345,29818900.937616434,2591.441,4.11856e14,3.3254,-2.17342e6,1.06906e6,-2.68143e-9
1528222830,32405616.031219702,29802742.964273088,2602.873,4.06834e14,2.0655,-2.17098e6,1.07451e6,-2.69511e-9
1528222860,32400835.533653118,29786549.864476755,2614.286,3.98566e14,0.0086,-2.15961e6,1.07997e6,-2.70880e-9
1528222890,32396000.303975433,29770321.800645564,2625.679,4.04622e14,1.5106,-2.18701e6,1.08543e6,-2.72249e-9
1528222920,32391110.368706547,29754058.936142813,2637.051,3.92895e14,1.4315,-2.16593e6,1.09090e6,-2.73619e-9
1528222950,32386165.75469742,29737761.43528129,2648.404,3.91558e14,1.7667,-2.17311e6,1.09636e6,-2.74990e-9
1528222980,32381166.489131164,29721429.46332731,2659.737,4.02984e14,1.0997,-2.21552e6,1.10183e6,-2.76361e-9
1528223010,32376112.59952411,29705063.18650494,2671.049,4.06039e14,1.8662,-2.23500e6,1.10730e6,-2.77733e-9
1528223040,32371004.11372687,29688662.77200021,2682.341,3.93071e14,1.3872,-2.20985e6,1.11277e6,-2.79105e-9
1528223070,32365841.059925422,29672228.387965214,2693.613,3.91259e14,1.8419,-2.21564e6,1.11824e6,-2.80478e-9
1528223100,32360623.46664217,29655760.203522414,2704.863,3.90159e14,2.1178,-2.22339e6,1.12372e6,-2.81851e-9
1528223130,32355351.362721458,29639258.388786975,2716.093,3.99156e14,0.1393,-2.25971e6,1.12920e6,-2.83225e-9
1528223160,32350024.777378928,29622723.11481496,2727.302,4.08251e14,2.4211,-2.29656e6,1.13468e6,-2.84599e-9
1528223190,32344643.740154166,29606154.55366373,2738.489,4.02801e14,1.0538,-2.29207e6,1.14016e6,-2.85974e-9
1528223220,32339208.280927364,29589552.878378246,2749.655,3.97643e14,0.2402,-2.28827e6,1.14565e6,-2.87350e-9
1528223250,32333718.42992036,29572918.262995355,2760.800,3.95777e14,0.7083,-2.29384e6,1.15113e6,-2.88725e-9
1528223280,32328174.217697572,29556250.88254825,2771.923,3.95065e14,0.8871,-2.30271e6,1.15662e6,-2.90102e-9
1528223310,32322575.67516708,29539550.913070895,2783.025,3.91995e14,1.6571,-2.30470e6,1.16211e6,-2.91479e-9
1528223340,32316922.83358154,29522818.531602383,2794.104,4.04427e14,1.4616,-2.35199e6,1.16760e6,-2.92856e-9
1528223370,32311215.724539317,29506053.91619138,2805.162,4.03938e14,1.3391,-2.36162e6,1.17310e6,-2.94234e-9
1528223400,32305454.37998541,29489257.245900515,2816.197,4.05025e14,1.6119,-2.37590e6,1.17860e6,-2.95613e-9
1528223430,32299638.832216933,29472428.70078812,2827.210,3.98381e14,0.0551,-2.36725e6,1.18409e6,-2.96992e-9
1528223460,32293769.11387063,29455568.461982492,2838.201,3.88047e14,2.6476,-2.34741e6,1.18959e6,-2.98371e-9
1528223490,32287845.25793756,29438676.711616267,2849.169,4.00011e14,0.3540,-2.39413e6,1.19510e6,-2.99751e-9
1528223520,32281867.297759812,29421753.63285324,2860.114,3.97182e14,0.3559,-2.39664e6,1.20060e6,-3.01131e-9
1528223550,32275835.267031632,29404799.40989265,2871.036,3.88629e14,2.5017,-2.38176e6,1.20611e6,-3.02512e-9
1528223580,32269749.19980058,29387814.227973264,2881.935,3.89081e14,2.3883,-2.39400e6,1.21161e6,-3.03893e-9
1528223610,32263609.13046877,29370798.273377746,2892.811,3.95064e14,0.8873,-2.42315e6,1.21712e6,-3.05275e-9
1528223640,32257415.093794014,29353751.733436733,2903.663,4.11827e14,3.3182,-2.48553e6,1.22263e6,-3.06657e-9
1528223670,32251167.12489109,29336674.796533093,2914.492,4.03138e14,1.1384,-2.46997e6,1.22815e6,-3.08040e-9
1528223700,32244865.259232957,29319567.65210612,2925.298,3.99886e14,0.3225,-2.47100e6,1.23366e6,-3.09423e-9
1528223730,32238509.53266544,29302430.490680262,2936.079,3.98446e14,0.0387,-2.47757e6,1.23918e6,-3.10806e-9
1528223760,32232099.981367268,29285263.50379403,2946.836,3.94668e14,0.9865,-2.47681e6,1.24469e6,-3.12190e-9
1528223790,32225636.641892705,29268066.884079657,2957.570,3.97883e14,0.1799,-2.49787e6,1.25021e6,-3.13574e-9
1528223820,32219119.551159564,29250840.825243164,2968.279,3.97675e14,0.2322,-2.50824e6,1.25573e6,-3.14958e-9
1528223850,32212548.74645067,29233585.522068843,2978.963,4.00882e14,0.5724,-2.52942e6,1.26125e6,-3.16343e-9
1528223880,32205924.26541529,29216301.170423668,2989.623,3.94377e14,1.0595,-2.51982e6,1.26678e6,-3.17728e-9
1528223910,32199246.146070566,29198987.967261836,3000.258,3.91107e14,1.8799,-2.52038e6,1.27230e6,-3.19113e-9
1528223940,32192514.426802967,29181646.11062919,3010.868,3.89235e14,2.3496,-2.52532e6,1.27783e6,-3.20499e-9
1528223970,32185729.14636971,29164275.799667753,3021.453,3.91409e14,1.8042,-2.54324e6,1.28336e6,-3.21885e-9
1528224000,32178890.343900245,29146877.234620105,3032.013,3.99198e14,0.1500,-2.57938e6,1.28888e6,-3.23272e-9
1528224030,32171998.05886677,29129450.61681239,3042.547,3.96259e14,0.5875,-2.58090e6,1.29441e6,-3.24659e-9
1528224060,32165052.331180893,29111996.148725014,3053.056,3.91543e14,1.7706,-2.57655e6,1.29994e6,-3.26046e-9
1528224090,32158053.201099616,29094514.033930797,3063.539,3.98757e14,0.0393,-2.61114e6,1.30548e6,-3.27433e-9
1528224120,32151000.709257405,29077004.477120616,3073.996,4.01369e14,0.6945,-2.63079e6,1.31101e6,-3.28821e-9
1528224150,32143894.896667458,29059467.684107706,3084.427,3.96406e14,0.5506,-2.62551e6,1.31654e6,-3.30209e-9
1528224180,32136735.804722853,29041903.86183184,3094.832,3.91805e14,1.7049,-2.62129e6,1.32208e6,-3.31597e-9
1528224210,32129523.47519786,29024313.218363624,3105.210,3.98524e14,0.0193,-2.65464e6,1.32761e6,-3.32985e-9
1528224240,32122257.95024913,29006695.9629086,3115.562,4.09139e14,2.6439,-2.70120e6,1.33315e6,-3.34374e-9
1528224270,32114939.272417016,28989052.30581151,3125.887,3.98662e14,0.0155,-2.67725e6,1.33869e6,-3.35762e-9
1528224300,32107567.484626856,28971382.45856044,3136.185,3.83767e14,3.7214,-2.63810e6,1.34423e6,-3.37151e-9
1528224330,32100142.630230486,28953686.633806065,3146.456,3.90246e14,2.0960,-2.67091e6,1.34977e6,-3.38541e-9
1528224360,32092664.752883743,28935965.045319647,3156.700,3.96583e14,0.5061,-2.70341e6,1.35531e6,-3.39930e-9
1528224390,32085133.896672036,28918217.90804329,3166.916,3.96940e14,0.4165,-2.71568e6,1.36085e6,-3.41320e-9
1528224420,32077550.106071964,28900445.43807937,3177.105,4.01552e14,0.7404,-2.74254e6,1.36639e6,-3.42709e-9
1528224450,32069913.42595296,28882647.8526948,3187.266,4.04340e14,1.4400,-2.76326e6,1.37193e6,-3.44099e-9
1528224480,32062223.90157913,28864825.370325305,3197.399,4.04983e14,1.6013,-2.77665e6,1.37747e6,-3.45489e-9
1528224510,32054481.578611083,28846978.210579734,3207.503,4.02952e14,1.0916,-2.78077e6,1.38302e6,-3.46879e-9
1528224540,32046686.50310771,28829106.594244286,3217.580,3.90076e14,2.1386,-2.74707e6,1.38856e6,-3.48269e-9
1528224570,32038838.721528023,28811210.743286815,3227.628,3.94820e14,0.9484,-2.77463e6,1.39410e6,-3.49659e-9
1528224600,32030938.28073295,28793290.880861033,3237.647,3.96655e14,0.4881,-2.79210e6,1.39965e6,-3.51050e-9
1528224630,32022985.227950886,28775347.2313034,3247.638,3.93005e14,1.4038,-2.79030e6,1.40519e6,-3.52440e-9
1528224660,32014979.61089153,28757380.020160124,3257.600,3.90103e14,2.1318,-2.79104e6,1.41073e6,-3.53830e-9
1528224690,32006921.47763538,28739389.474168677,3267.532,3.93048e14,1.3930,-2.81247e6,1.41628e6,-3.55221e-9
1528224720,31998810.876671657,28721375.821269207,3277.435,4.11041e14,3.1211,-2.88764e6,1.42182e6,-3.56611e-9
1528224750,31990647.85689979,28703339.29060871,3287.309,4.03647e14,1.2661,-2.87243e6,1.42737e6,-3.58002e-9
1528224780,31982432.467631012,28685280.112545162,3297.152,3.96798e14,0.4521,-2.85897e6,1.43291e6,-3.59392e-9
1528224810,31974164.75858986,28667198.51865155,3306.966,4.03105e14,1.1302,-2.89279e6,1.43845e6,-3.60782e-9
1528224840,31965844.779915754,28649094.741719995,3316.750,4.03333e14,1.1874,-2.90476e6,1.44400e6,-3.62173e-9
1528224870,31957472.582164474,28630969.015765745,3326.504,3.93569e14,1.2623,-2.88041e6,1.44954e6,-3.63563e-9
1528224900,31949048.216309816,28612821.576031256,3336.227,3.87413e14,2.8066,-2.86896e6,1.45508e6,-3.64953e-9
1528224930,31940571.73376507,28594652.65899062,3345.919,4.01830e14,0.8102,-2.93270e6,1.46063e6,-3.66343e-9
1528224960,31932043.18632313,28576462.50235214,3355.581,4.08068e14,2.3752,-2.96677e6,1.46617e6,-3.67733e-9
1528224990,31923462.626219723,28558251.345063683,3365.211,3.97195e14,0.3526,-2.93785e6,1.47171e6,-3.69123e-9
1528225020,31914830.106115334,28540019.42731617,3374.811,3.94809e14,0.9513,-2.94007e6,1.47725e6,-3.70512e-9
1528225050,31906145.67909694,28521766.99054751,3384.379,3.99892e14,0.3240,-2.97000e6,1.48279e6,-3.71902e-9
1528225080,31897409.398679927,28503494.27744647,3393.915,4.06297e14,1.9310,-3.00500e6,1.48833e6,-3.73291e-9
1528225110,31888621.318809964,28485201.53195659,3403.420,4.08597e14,2.5080,-3.02480e6,1.49387e6,-3.74680e-9
1528225140,31879781.4938649,28466888.999280047,3412.892,3.98895e14,0.0740,-2.99953e6,1.49941e6,-3.76069e-9
1528225170,31870889.9786567,28448556.925881434,3422.333,3.95297e14,0.8289,-2.99702e6,1.50494e6,-3.77457e-9
1528225200,31861946.828433413,28430205.559491657,3431.741,4.02574e14,0.9969,-3.03561e6,1.51048e6,-3.78846e-9
1528225230,31852952.09888266,28411835.14911663,3441.117,4.07773e14,2.3013,-3.06650e6,1.51601e6,-3.80234e-9
1528225260,31843905.84612895,28393445.945025835,3450.460,4.01924e14,0.8339,-3.05538e6,1.52155e6,-3.81621e-9
1528225290,31834808.126740415,28375038.198771294,3459.770,4.00448e14,0.4636,-3.06083e6,1.52708e6,-3.83009e-9
1528225320,31825658.99772936,28356612.16318639,3469.047,3.94660e14,0.9885,-3.04967e6,1.53261e6,-3.84396e-9
1528225350,31816458.516554285,28338168.092389666,3478.290,3.92222e14,1.6002,-3.05126e6,1.53814e6,-3.85782e-9
1528225380,31807206.741121948,28319706.241788466,3487.500,4.02511e14,0.9812,-3.10206e6,1.54367e6,-3.87168e-9
1528225410,31797903.729789462,28301226.868082684,3496.677,4.00171e14,0.3939,-3.10407e6,1.54919e6,-3.88554e-9
1528225440,31788549.54136635,28282730.22926836,3505.819,3.94028e14,1.1471,-3.09119e6,1.55471e6,-3.89940e-9
1528225470,31779144.235116616,28264216.584641356,3514.928,4.00971e14,0.5947,-3.12934e6,1.56024e6,-3.91325e-9
1528225500,31769687.870760825,28245686.194800887,3524.002,4.07323e14,2.1883,-3.16535e6,1.56576e6,-3.92709e-9
1528225530,31760180.50846259,28227139.321646757,3533.041,3.94397e14,1.0545,-3.12557e6,1.57128e6,-3.94093e-9
1528225560,31750622.20887882,28208576.22840234,3542.046,3.90429e14,2.0500,-3.12085e6,1.57679e6,-3.95477e-9
1528225590,31741013.03311346,28189997.179598648,3551.016,4.00341e14,0.4367,-3.17110e6,1.58231e6,-3.96860e-9
1528225620,31731353.0427351,28171402.44108399,3559.951,3.94612e14,1.0006,-3.15933e6,1.58782e6,-3.98242e-9
1528225650,31721642.299778953,28152792.28002725,3568.850,3.88896e14,2.4345,-3.14745e6,1.59333e6,-3.99624e-9
1528225680,31711880.866748836,28134166.964921206,3577.714,4.00243e14,0.4120,-3.20383e6,1.59883e6,-4.01005e-9
1528225710,31702068.806619227,28115526.765585795,3586.542,3.93080e14,1.3849,-3.18604e6,1.60434e6,-4.02385e-9
1528225740,31692206.182837196,28096871.953171305,3595.334,3.96774e14,0.4583,-3.21187e6,1.60984e6,-4.03765e-9
1528225770,31682293.059324447,28078202.800161548,3604.090,4.03869e14,1.3218,-3.25159e6,1.61534e6,-4.05144e-9
1528225800,31672329.50047939,28059519.580376897,3612.810,3.96904e14,0.4257,-3.23434e6,1.62084e6,-4.06523e-9
1528225830,31662315.5711935,28040822.568978574,3621.493,3.98615e14,0.0037,-3.25228e6,1.62633e6,-4.07900e-9
1528225860,31652251.336809177,28022112.042468343,3630.139,3.94825e14,0.9471,-3.24775e6,1.63182e6,-4.09277e-9
1528225890,31642136.863166295,28003388.27869461,3638.749,3.90926e14,1.9253,-3.24266e6,1.63731e6,-4.10654e-9
1528225920,31631972.21659004,27984651.55685444,3647.321,3.95851e14,0.6899,-3.27381e6,1.64279e6,-4.12029e-9
1528225950,31621757.463893175,27965902.15749643,3655.855,4.08141e14,2.3936,-3.33554e6,1.64827e6,-4.13404e-9
1528225980,31611492.6723783,27947140.36252356,3664.352,4.07581e14,2.2529,-3.34430e6,1.65375e6,-4.14777e-9
1528226010,31601177.909840245,27928366.455196112,3672.811,4.05613e14,1.7593,-3.34718e6,1.65922e6,-4.16150e-9
1528226040,31590813.244568314,27909580.72013441,3681.233,4.04009e14,1.3570,-3.35152e6,1.66469e6,-4.17522e-9
1528226070,31580398.745348666,27890783.443321552,3689.615,4.03207e14,1.1557,-3.35916e6,1.67016e6,-4.18893e-9
1528226100,31569934.481466725,27871974.912106153,3697.960,4.01391e14,0.7000,-3.36251e6,1.67562e6,-4.20263e-9
1528226130,31559420.52270662,27853155.415212646,3706.265,3.95404e14,0.8019,-3.34823e6,1.68108e6,-4.21632e-9
1528226160,31548856.939362664,27834325.242720183,3714.532,3.96549e14,0.5146,-3.36393e6,1.68653e6,-4.22999e-9
1528226190,31538243.802232638,27815484.686089195,3722.759,4.03360e14,1.1940,-3.40370e6,1.69198e6,-4.24366e-9
1528226220,31527581.182623126,27796634.038156066,3730.947,4.03744e14,1.2904,-3.41629e6,1.69743e6,-4.25732e-9
1528226250,31516869.15235197,27777773.59313579,3739.096,3.92832e14,1.4471,-3.38064e6,1.70287e6,-4.27097e-9
1528226280,31506107.78375079,27758903.646624304,3747.204,3.93255e14,1.3412,-3.39324e6,1.70830e6,-4.28460e-9
1528226310,31495297.149667334,27740024.49560096,3755.273,4.05234e14,1.6643,-3.45552e6,1.71374e6,-4.29822e-9
1528226340,31484437.323468067,27721136.438430835,3763.301,4.00088e14,0.3731,-3.44427e6,1.71916e6,-4.31183e-9
1528226370,31473528.379040573,27702239.774866972,3771.289,3.96178e14,0.6077,-3.43823e6,1.72458e6,-4.32543e-9
1528226400,31462570.39079604,27683334.806052607,3779.236,4.00438e14,0.4609,-3.46751e6,1.73000e6,-4.33902e-9
1528226430,31451563.433666866,27664421.834512282,3787.142,4.01866e14,0.8192,-3.48457e6,1.73541e6,-4.35259e-9
1528226460,31440507.58312436,27645501.164187834,3795.006,3.99380e14,0.1956,-3.48457e6,1.74082e6,-4.36615e-9
1528226490,31429402.915166117,27626573.10040618,3802.830,4.00283e14,0.4220,-3.49933e6,1.74622e6,-4.37969e-9
1528226520,31418249.50632339,27607637.949892253,3810.612,3.98445e14,0.0390,-3.50207e6,1.75161e6,-4.39322e-9
1528226550,31407047.43366361,27588696.02077067,3818.351,3.95320e14,0.8229,-3.49908e6,1.75700e6,-4.40674e-9
1528226580,31395796.774792816,27569747.62256747,3826.049,3.96051e14,0.6397,-3.51303e6,1.76239e6,-4.42024e-9
1528226610,31384497.607858285,27550793.066211663,3833.705,3.98608e14,0.0018,-3.53508e6,1.76776e6,-4.43373e-9
1528226640,31373150.011551004,27531832.664036766,3841.317,4.01651e14,0.7654,-3.55936e6,1.77313e6,-4.44720e-9
1528226670,31361754.065108202,27512866.729782194,3848.887,3.97020e14,0.3965,-3.54947e6,1.77850e6,-4.46066e-9
1528226700,31350309.848315906,27493895.57859467,3856.414,3.94690e14,0.9811,-3.54974e6,1.78386e6,-4.47410e-9
1528226730,31338817.44151179,27474919.527033065,3863.898,3.97007e14,0.3999,-3.57079e6,1.78921e6,-4.48752e-9
1528226760,31327276.925587077,27455938.893058546,3871.338,4.05740e14,1.7911,-3.62076e6,1.79455e6,-4.50093e-9
1528226790,31315688.381989684,27436953.996046994,3878.734,4.00023e14,0.3570,-3.60573e6,1.79989e6,-4.51432e-9
1528226820,31304051.892726734,27417965.156786364,3886.087,4.01781e14,0.7979,-3.62436e6,1.80522e6,-4.52769e-9
1528226850,31292367.540367205,27398972.697477754,3893.395,4.04307e14,1.4317,-3.64652e6,1.81055e6,-4.54104e-9
1528226880,31280635.40804453,27379976.94173639,3900.658,3.93031e14,1.3973,-3.60588e6,1.81586e6,-4.55438e-9
1528226910,31268855.57945939,27360978.214592405,3907.877,3.95279e14,0.8332,-3.62669e6,1.82117e6,-4.56770e-9
1528226940,31257028.138882373,27341976.842491735,3915.051,4.04316e14,1.4339,-3.67865e6,1.82648e6,-4.58100e-9
1528226970,31245153.171156753,27322973.15329677,3922.180,4.06026e14,1.8629,-3.69717e6,1.83177e6,-4.59427e-9
1528227000,31233230.761701245,27303967.476287015,3929.263,3.97408e14,0.2992,-3.66813e6,1.83706e6,-4.60753e-9
1528227030,31221260.996528827,27284960.142168574,3936.301,3.95073e14,0.8850,-3.66788e6,1.84233e6,-4.62077e-9
1528227060,31209243.962200195,27265951.48304716,3943.292,4.00244e14,0.4124,-3.70233e6,1.84760e6,-4.63399e-9
1528227090,31197179.745876104,27246941.832455937,3950.238,3.99262e14,0.1659,-3.70831e6,1.85287e6,-4.64719e-9
1528227120,31185068.435304347,27227931.525346998,3957.137,3.99307e14,0.1773,-3.71903e6,1.85812e6,-4.66036e-9
1528227150,31172910.1188227,27208920.898091644,3963.989,4.03618e14,1.2588,-3.74968e6,1.86336e6,-4.67352e-9
1528227180,31160704.885362003,27189910.28848055,3970.795,3.96258e14,0.5876,-3.72572e6,1.86860e6,-4.68665e-9
1528227210,31148452.82444909,27170900.035723865,3977.553,3.97851e14,0.1881,-3.74363e6,1.87382e6,-4.69976e-9
1528227240,31136154.026209906,27151890.480451144,3984.264,4.01749e14,0.7898,-3.77242e6,1.87904e6,-4.71284e-9
1528227270,31123808.581372466,27132881.96471125,3990.927,4.00313e14,0.4296,-3.77609e6,1.88425e6,-4.72591e-9
1528227300,31111416.581269857,27113874.83197208,3997.542,4.03702e14,1.2799,-3.80257e6,1.88945e6,-4.73894e-9
1528227330,31098978.117809176,27094869.4271039,4004.109,4.04204e14,1.4057,-3.81539e6,1.89464e6,-4.75196e-9
1528227360,31086493.283579767,27075866.096429206,4010.627,4.04103e14,1.3804,-3.82534e6,1.89981e6,-4.76495e-9
1528227390,31073962.171750773,27056865.187671706,4017.097,3.99011e14,0.1030,-3.81142e6,1.90498e6,-4.77791e-9
1528227420,31061384.876108013,27037867.04997178,4023.518,3.93037e14,1.3958,-3.79312e6,1.91014e6,-4.79085e-9
1528227450,31048761.49105674,27018872.033885613,4029.889,4.00051e14,0.3640,-3.83704e6,1.91529e6,-4.80376e-9
1528227480,31036092.111624453,26999880.491384007,4036.212,4.02774e14,1.0471,-3.86045e6,1.92042e6,-4.81665e-9
1528227510,31023376.833463643,26980892.77585142,4042.484,3.94661e14,0.9884,-3.83157e6,1.92555e6,-4.82951e-9
1528227540,31010615.752854668,26961909.242084477,4048.707,3.94225e14,1.0978,-3.83964e6,1.93067e6,-4.84234e-9
1528227570,30997808.966708526,26942930.246290717,4054.879,4.00773e14,0.5450,-3.88158e6,1.93577e6,-4.85514e-9
1528227600,30984956.572569795,26923956.14608698,4061.000,4.05807e14,1.8079,-3.91630e6,1.94086e6,-4.86792e-9
1528227630,30972058.668661892,26904987.300514285,4067.071,4.03197e14,1.1532,-3.91381e6,1.94594e6,-4.88066e-9
1528227660,30959115.35375933,26886024.069985375,4073.091,4.00724e14,0.5326,-3.91191e6,1.95101e6,-4.89338e-9
1528227690,30946126.72732164,26867066.81633372,4079.060,4.02235e14,0.9118,-3.92946e6,1.95607e6,-4.90607e-9
1528227720,30933092.88945437,26848115.902795147,4084.977,4.04542e14,1.4907,-3.95095e6,1.96112e6,-4.91872e-9
1528227750,30920013.94091242,26829171.69400596,4090.842,3.96116e14,0.6234,-3.91953e6,1.96615e6,-4.93135e-9
1528227780,30906889.983103447,26810234.55600076,4096.655,3.99515e14,0.2294,-3.94635e6,1.97117e6,-4.94394e-9
1528227810,30893721.11809132,26791304.85621032,4102.416,4.05632e14,1.7640,-3.98669e6,1.97618e6,-4.95651e-9
1528227840,30880507.448599525,26772382.963459197,4108.124,3.99310e14,0.1780,-3.96536e6,1.98117e6,-4.96904e-9
1528227870,30867249.078014642,26753469.2479632,4113.780,3.98836e14,0.0590,-3.97297e6,1.98615e6,-4.98153e-9
1528227900,30853946.110389825,26734564.08132688,4119.382,4.04729e14,1.5375,-4.01234e6,1.99112e6,-4.99400e-9
1528227930,30840598.650413424,26715667.83652434,4124.931,4.02286e14,0.9247,-4.01009e6,1.99608e6,-5.00643e-9
1528227960,30827206.803519826,26696780.887946885,4130.426,4.01432e14,0.7104,-4.01573e6,2.00102e6,-5.01882e-9
1528227990,30813770.67578544,26677903.611349355,4135.867,4.02687e14,1.0253,-4.03194e6,2.00595e6,-5.03118e-9
1528228020,30800290.373966638,26659036.383863196,4141.254,3.96956e14,0.4124,-4.01291e6,2.01086e6,-5.04351e-9
1528228050,30786766.005502958,26640179.583993062,4146.586,3.99342e14,0.1860,-4.03475e6,2.01576e6,-5.05580e-9
1528228080,30773197.678520355,26621333.59161323,4151.864,3.98840e14,0.0602,-4.04198e6,2.02064e6,-5.06805e-9
1528228110,30759585.501834404,26602498.787963875,4157.087,3.99521e14,0.2309,-4.05518e6,2.02551e6,-5.08026e-9
1528228140,30745929.58495349,26583675.555647265,4162.254,3.96697e14,0.4775,-4.05052e6,2.03036e6,-5.09244e-9
1528228170,30732230.038082056,26564864.278623678,4167.366,4.00469e14,0.4687,-4.07943e6,2.03520e6,-5.10458e-9
1528228200,30718486.97212379,26546065.34220737,4172.422,4.07792e14,2.3059,-4.12656e6,2.04003e6,-5.11668e-9
1528228230,30704700.4987005,26527279.13308448,4177.421,4.02066e14,0.8694,-4.10692e6,2.04483e6,-5.12874e-9
1528228260,30690870.730107367,26508506.03923999,4182.365,3.94476e14,1.0348,-4.07753e6,2.04962e6,-5.14076e-9
1528228290,30676997.779364232,26489746.45002195,4187.251,3.92889e14,1.4328,-4.07886e6,2.05440e6,-5.15274e-9
1528228320,30663081.760203507,26471000.756114673,4192.081,3.98137e14,0.1163,-4.11541e6,2.05916e6,-5.16468e-9
1528228350,30649122.78707365,26452269.349534005,4196.853,3.98271e14,0.0826,-4.12558e6,2.06390e6,-5.17658e-9
1528228380,30635120.97514259,26433552.623622492,4201.568,4.03339e14,1.1887,-4.16132e6,2.06863e6,-5.18843e-9
1528228410,30621076.44030127,26414850.973044336,4206.225,4.02127e14,0.8846,-4.16449e6,2.07333e6,-5.20025e-9
1528228440,30606989.29916716,26396164.793780174,4210.825,3.95569e14,0.7606,-4.13973e6,2.07802e6,-5.21202e-9
1528228470,30592859.66908781,26377494.48312179,4215.365,4.00883e14,0.5726,-4.17681e6,2.08270e6,-5.22374e-9
1528228500,30578687.66814444,26358840.439666454,4219.847,3.98826e14,0.0567,-4.17538e6,2.08735e6,-5.23542e-9
1528228530,30564473.415161714,26340203.063279826,4224.270,3.91238e14,1.8470,-4.14484e6,2.09199e6,-5.24706e-9
1528228560,30550217.029692322,26321582.755186982,4228.634,3.99381e14,0.1959,-4.19681e6,2.09661e6,-5.25864e-9
1528228590,30535918.6320398,26302979.917869218,4232.939,4.00593e14,0.4999,-4.21241e6,2.10121e6,-5.27019e-9
1528228620,30521578.343256004,26284394.955088906,4237.183,3.97180e14,0.3564,-4.20357e6,2.10579e6,-5.28168e-9
1528228650,30507196.285144847,26265828.27188284,4241.368,4.02702e14,1.0289,-4.24190e6,2.11035e6,-5.29313e-9
1528228680,30492772.58026601,26247280.274555285,4245.492,4.02834e14,1.0621,-4.25174e6,2.11490e6,-5.30453e-9
1528228710,30478307.351938702,26228751.37067107,4249.556,4.01374e14,0.6959,-4.25308e6,2.11942e6,-5.31588e-9
1528228740,30463800.72424543,26210241.969048165,4253.559,3.96999e14,0.4018,-4.23881e6,2.12392e6,-5.32718e-9
1528228770,30449252.82203567,26191752.47975042,4257.500,3.95120e14,0.8731,-4.23773e6,2.12841e6,-5.33843e-9
1528228800,30434663.770929698,26173283.314079903,4261.380,3.96032e14,0.6444,-4.25149e6,2.13287e6,-5.34963e-9
1528228830,30420033.697299857,26154834.884606175,4265.199,3.95059e14,0.8884,-4.25514e6,2.13731e6,-5.36078e-9
1528228860,30405362.728343558,26136407.60504442,4268.955,3.95641e14,0.7424,-4.26707e6,2.14173e6,-5.37187e-9
1528228890,30390650.992017552,26118001.890361458,4272.649,4.00996e14,0.6010,-4.30466e6,2.14613e6,-5.38291e-9
1528228920,30375898.617064003,26099618.156730857,4276.280,4.01605e14,0.7538,-4.31673e6,2.15051e6,-5.39390e-9
1528228950,30361105.733014133,26081256.821524784,4279.849,3.96491e14,0.5291,-4.29784e6,2.15487e6,-5.40483e-9
1528228980,30346272.470191795,26062918.30330563,4283.354,3.95962e14,0.6619,-4.30362e6,2.15921e6,-5.41571e-9
1528229010,30331398.95971714,26044603.021817546,4286.796,4.00307e14,0.4281,-4.33580e6,2.16352e6,-5.42654e-9
1528229040,30316485.333510183,26026311.397977687,4290.174,4.02409e14,0.9554,-4.35583e6,2.16781e6,-5.43730e-9
1528229070,30301531.724294566,26008043.853867322,4293.488,3.99932e14,0.3341,-4.35091e6,2.17208e6,-5.44801e-9
1528229100,30286538.265601203,25989800.81272266,4296.737,3.99692e14,0.2737,-4.35810e6,2.17632e6,-5.45866e-9
1528229130,30271505.091800924,25971582.698891267,4299.922,3.98923e14,0.0810,-4.36235e6,2.18054e6,-5.46926e-9
1528229160,30256432.33801896,25953389.937928323,4303.042,4.00236e14,0.4102,-4.37795e6,2.18474e6,-5.47979e-9
1528229190,30241320.14022834,25935222.956480894,4306.097,4.03474e14,1.2227,-4.40409e6,2.18891e6,-5.49026e-9
1528229220,30226168.63522479,25917082.182311945,4309.086,4.01886e14,0.8243,-4.40371e6,2.19306e6,-5.50068e-9
1528229250,30210977.960630875,25898968.044289928,4312.010,3.99606e14,0.2522,-4.39942e6,2.19719e6,-5.51103e-9
1528229280,30195748.254899982,25880880.97237812,4314.867,4.02654e14,1.0170,-4.42447e6,2.20129e6,-5.52132e-9
1528229310,30180479.657320492,25862821.397623714,4317.658,4.01686e14,0.7741,-4.42730e6,2.20536e6,-5.53154e-9
1528229340,30165172.308019757,25844789.752146766,4320.383,4.00419e14,0.4561,-4.42841e6,2.20941e6,-5.54170e-9
1528229370,30149826.34796832,25826786.469128836,4323.040,3.96162e14,0.6118,-4.41285e6,2.21343e6,-5.55180e-9
1528229400,30134441.918983944,25808811.98280152,4325.630,3.92394e14,1.5571,-4.39986e6,2.21743e6,-5.56184e-9
1528229430,30119019.163709883,25790866.728460584,4328.152,3.99143e14,0.1360,-4.44535e6,2.22140e6,-5.57180e-9
1528229460,30103558.225698803,25772951.142374225,4330.607,3.97396e14,0.3023,-4.44349e6,2.22535e6,-5.58170e-9
1528229490,30088059.249336872,25755065.66185092,4332.994,3.98524e14,0.0193,-4.45762e6,2.22926e6,-5.59154e-9
1528229520,30072522.379873548,25737210.725201305,4335.312,4.06438e14,1.9662,-4.50973e6,2.23315e6,-5.60130e-9
1528229550,30056947.76342556,25719386.77172589,4337.561,4.00637e14,0.5110,-4.48499e6,2.23702e6,-5.61100e-9
1528229580,30041335.546980787,25701594.24170244,4339.741,3.92133e14,1.6225,-4.44489e6,2.24085e6,-5.62062e-9
1528229610,30025685.878402237,25683833.57637323,4341.852,3.95715e14,0.7238,-4.47261e6,2.24466e6,-5.63018e-9
1528229640,30009998.906431958,25666105.217931986,4343.894,4.02306e14,0.9296,-4.51731e6,2.24844e6,-5.63966e-9
1528229670,29994274.78069494,25648409.609510653,4345.865,4.03905e14,1.3307,-4.53387e6,2.25219e6,-5.64908e-9
1528229700,29978513.651703186,25630747.195165973,4347.766,4.04392e14,1.4530,-4.54412e6,2.25591e6,-5.65842e-9
1528229730,29962715.670878652,25613118.419850204,4349.597,4.04556e14,1.4940,-4.55249e6,2.25960e6,-5.66768e-9
1528229760,29946880.99049847,25595523.729445208,4351.357,3.97180e14,0.3563,-4.51800e6,2.26326e6,-5.67687e-9
1528229790,29931009.76375791,25577963.57070026,4353.046,3.94994e14,0.9047,-4.51282e6,2.26689e6,-5.68599e-9
1528229820,29915102.144755453,25560438.391233005,4354.664,4.00967e14,0.5936,-4.55401e6,2.27049e6,-5.69503e-9
1528229850,29899158.28849697,25542948.639514875,4356.210,3.97687e14,0.2292,-4.54246e6,2.27406e6,-5.70399e-9
1528229880,29883178.35089992,25525494.76485591,4357.684,3.98445e14,0.0390,-4.55386e6,2.27760e6,-5.71288e-9
1528229910,29867162.48879755,25508077.217389766,4359.085,4.03536e14,1.2381,-4.59001e6,2.28111e6,-5.72168e-9
1528229940,29851110.859943107,25490696.448058095,4360.414,4.03441e14,1.2143,-4.59646e6,2.28458e6,-5.73041e-9
1528229970,29835023.623014078,25473352.90859493,4361.671,4.04508e14,1.4820,-4.60952e6,2.28803e6,-5.73905e-9
1528230000,29818900.937616434,25456047.051510762,4362.854,3.94440e14,1.0437,-4.55853e6,2.29144e6,-5.74762e-9
1528230030,29802742.964273088,25438779.330083124,4363.964,3.91975e14,1.6621,-4.55107e6,2.29482e6,-5.75610e-9
1528230060,29786549.864476755,25421550.198319342,4365.000,3.94492e14,1.0308,-4.57221e6,2.29816e6,-5.76450e-9
1528230090,29770321.800645564,25404360.11096082,4365.962,3.94888e14,0.9313,-4.58109e6,2.30147e6,-5.77282e-9
1528230120,29754058.936142813,25387209.523459394,4366.849,3.96688e14,0.4797,-4.59803e6,2.30475e6,-5.78105e-9
1528230150,29737761.43528129,25370098.891960327,4367.663,3.97086e14,0.3800,-4.60681e6,2.30800e6,-5.78920e-9
1528230180,29721429.46332731,25353028.67328499,4368.401,3.98467e14,0.0336,-4.62122e6,2.31121e6,-5.79726e-9
1528230210,29705063.18650494,25335999.32491337,4369.064,3.99297e14,0.1747,-4.63239e6,2.31438e6,-5.80524e-9
1528230240,29688662.77200021,25319011.30496624,4369.651,4.04405e14,1.4561,-4.66837e6,2.31752e6,-5.81312e-9
1528230270,29672228.387965214,25302065.072187185,4370.163,4.02139e14,0.8877,-4.66144e6,2.32063e6,-5.82092e-9
1528230300,29655760.203522414,25285161.085924365,4370.599,4.02100e14,0.8780,-4.66739e6,2.32370e6,-5.82863e-9
1528230330,29639258.388786975,25268299.80611334,4370.959,4.01004e14,0.6030,-4.66708e6,2.32673e6,-5.83624e-9
1528230360,29622723.11481496,25251481.69325422,4371.241,3.94487e14,1.0320,-4.63501e6,2.32972e6,-5.84377e-9
1528230390,29606154.55366373,25234707.20839682,4371.447,3.92735e14,1.4715,-4.63066e6,2.33268e6,-5.85120e-9
1528230420,29589552.878378246,25217976.813120164,4371.576,3.95268e14,0.8360,-4.65130e6,2.33560e6,-5.85854e-9
1528230450,29572918.262995355,25201290.969512932,4371.627,3.98075e14,0.1317,-4.67351e6,2.33849e6,-5.86579e-9
1528230480,29556250.88254825,25184650.140153844,4371.601,3.99848e14,0.3130,-4.68962e6,2.34134e6,-5.87294e-9
1528230510,29539550.913070895,25168054.78809166,4371.496,4.04457e14,1.4693,-4.72235e6,2.34414e6,-5.87999e-9
1528230540,29522818.531602383,25151505.37682504,4371.313,3.98681e14,0.0202,-4.69393e6,2.34691e6,-5.88695e-9
1528230570,29506053.91619138,25135002.370282043,4371.052,3.91135e14,1.8730,-4.65492e6,2.34964e6,-5.89381e-9
1528230600,29489257.245900515,25118546.23279941,4370.711,3.92854e14,1.4417,-4.67039e6,2.35233e6,-5.90057e-9
1528230630,29472428.70078812,25102137.429093767,4370.291,3.99706e14,0.2775,-4.71614e6,2.35498e6,-5.90723e-9
1528230660,29455568.461982492,25085776.424264792,4369.792,4.02119e14,0.8827,-4.73564e6,2.35760e6,-5.91379e-9
1528230690,29438676.711616267,25069463.683749355,4369.213,4.00192e14,0.3992,-4.72940e6,2.36017e6,-5.92025e-9
1528230720,29421753.63285324,25053199.673307605,4368.554,4.06928e14,2.0891,-4.77439e6,2.36270e6,-5.92660e-9
1528230750,29404799.40989265,25036984.85900103,4367.815,4.03409e14,1.2064,-4.75855e6,2.36518e6,-5.93286e-9
1528230780,29387814.227973264,25020819.70717011,4366.995,3.99041e14,0.1104,-4.73753e6,2.36763e6,-5.93901e-9
1528230810,29370798.273377746,25004704.684411976,4366.094,4.04054e14,1.3681,-4.77215e6,2.37003e6,-5.94505e-9
1528230840,29353751.733436733,24988640.257557534,4365.111,3.99658e14,0.2654,-4.75076e6,2.37240e6,-5.95099e-9
1528230870,29336674.796533093,24972626.893648565,4364.048,3.96896e14,0.4276,-4.73895e6,2.37472e6,-5.95682e-9
1528230900,29319567.65210612,24956665.059914492,4362.903,4.00008e14,0.3530,-4.76205e6,2.37699e6,-5.96254e-9
1528230930,29302430.490680262,24940755.22376127,4361.675,4.06610e14,2.0093,-4.80593e6,2.37923e6,-5.96815e-9
1528230960,29285263.50379403,24924897.852709595,4360.366,4.04606e14,1.5067,-4.79839e6,2.38141e6,-5.97366e-9
1528230990,29268066.884079657,24909093.414409168,4358.973,4.00375e14,0.4451,-4.77742e6,2.38356e6,-5.97905e-9
1528231020,29250840.825243164,24893342.3766023,4357.498,3.95282e14,0.8326,-4.75115e6,2.38566e6,-5.98433e-9
1528231050,29233585.522068843,24877645.20709955,4355.940,3.95662e14,0.7372,-4.75753e6,2.38771e6,-5.98950e-9
1528231080,29216301.170423668,24862002.37375519,4354.299,4.02686e14,1.0251,-4.80365e6,2.38972e6,-5.99455e-9
1528231110,29198987.967261836,24846414.344442457,4352.574,4.00364e14,0.4424,-4.79367e6,2.39169e6,-5.99949e-9
1528231140,29181646.11062919,24830881.58702847,4350.765,4.00106e14,0.3776,-4.79597e6,2.39360e6,-6.00432e-9
1528231170,29164275.799667753,24815404.569349017,4348.871,3.98925e14,0.0815,-4.79263e6,2.39548e6,-6.00902e-9
1528231200,29146877.234620105,24799983.759182997,4346.893,3.96968e14,0.4097,-4.78451e6,2.39730e6,-6.01361e-9
1528231230,29129450.61681239,24784619.624214817,4344.831,3.98099e14,0.1258,-4.79487e6,2.39908e6,-6.01809e-9
1528231260,29111996.148725014,24769312.632045146,4342.684,3.98993e14,0.0984,-4.80371e6,2.40081e6,-6.02244e-9
1528231290,29094514.033930797,24754063.25012783,4340.451,4.01839e14,0.8124,-4.82423e6,2.40249e6,-6.02667e-9
1528231320,29077004.477120616,24738871.945755266,4338.133,3.96410e14,0.5496,-4.79478e6,2.40412e6,-6.03078e-9
1528231350,29059467.684107706,24723739.186031625,4335.728,4.00929e14,0.5842,-4.82521e6,2.40570e6,-6.03476e-9
1528231380,29041903.86183184,24708665.43784583,4333.238,4.09900e14,2.8349,-4.88247e6,2.40724e6,-6.03863e-9
1528231410,29024313.218363624,24693651.16784435,4330.662,3.99326e14,0.1819,-4.82159e6,2.40872e6,-6.04237e-9
1528231440,29006695.9629086,24678696.84240371,4327.999,3.94232e14,1.0961,-4.79367e6,2.41016e6,-6.04598e-9
1528231470,28989052.30581151,24663802.9276028,4325.249,4.02834e14,1.0621,-4.84847e6,2.41154e6,-6.04947e-9
1528231500,28971382.45856044,24648969.88919495,4322.413,4.04246e14,1.4162,-4.85970e6,2.41287e6,-6.05283e-9
1528231530,28953686.633806065,24634198.19258671,4319.488,3.95425e14,0.7965,-4.80888e6,2.41416e6,-6.05606e-9
1528231560,28935965.045319647,24619488.30278828,4316.477,3.94342e14,1.0683,-4.80477e6,2.41539e6,-6.05916e-9
1528231590,28918217.90804329,24604840.68440626,4313.377,3.97167e14,0.3596,-4.82424e6,2.41656e6,-6.06213e-9
1528231620,28900445.43807937,24590255.801608,4310.190,3.97279e14,0.3314,-4.82718e6,2.41769e6,-6.06497e-9
1528231650,28882647.8526948,24575734.118092716,4306.914,4.00023e14,0.3570,-4.84598e6,2.41876e6,-6.06768e-9
1528231680,28864825.370325305,24561276.097062383,4303.549,3.98370e14,0.0577,-4.83799e6,2.41978e6,-6.07025e-9
1528231710,28846978.210579734,24546882.201192416,4300.096,3.94632e14,0.9956,-4.81723e6,2.42075e6,-6.07270e-9
1528231740,28829106.594244286,24532552.892602123,4296.554,4.03912e14,1.3327,-4.87543e6,2.42166e6,-6.07500e-9
1528231770,28811210.743286815,24518288.63282504,4292.922,4.01599e14,0.7524,-4.86311e6,2.42252e6,-6.07717e-9
1528231800,28793290.880861033,24504089.88277893,4289.201,3.97334e14,0.3176,-4.83880e6,2.42332e6,-6.07920e-9
1528231830,28775347.2313034,24489957.102740202,4285.390,3.99013e14,0.1035,-4.85051e6,2.42407e6,-6.08109e-9
1528231860,28757380.020160124,24475890.752299853,4281.489,4.00127e14,0.3830,-4.85868e6,2.42477e6,-6.08285e-9
1528231890,28739389.474168677,24461891.290346812,4277.498,4.02828e14,1.0606,-4.87640e6,2.42540e6,-6.08446e-9
1528231920,28721375.821269207,24447959.175032746,4273.417,3.99089e14,0.1227,-4.85481e6,2.42598e6,-6.08594e-9
1528231950,28703339.29060871,24434094.86374124,4269.244,4.01398e14,0.7020,-4.86993e6,2.42651e6,-6.08727e-9
1528231980,28685280.112545162,24420298.81305675,4264.981,4.00105e14,0.3774,-4.86299e6,2.42697e6,-6.08845e-9
1528232010,28667198.51865155,24406571.47873338,4260.627,3.92955e14,1.4163,-4.82028e6,2.42738e6,-6.08950e-9
1528232040,28649094.741719995,24392913.315663453,4256.181,3.94738e14,0.9691,-4.83184e6,2.42773e6,-6.09040e-9
1528232070,28630969.015765745,24379324.777845938,4251.644,4.03954e14,1.3431,-4.88857e6,2.42803e6,-6.09115e-9
1528232100,28612821.576031256,24365806.318354577,4247.015,4.04876e14,1.5745,-4.89467e6,2.42826e6,-6.09175e-9
1528232130,28594652.65899062,24352358.389288902,4242.294,3.98212e14,0.0975,-4.85443e6,2.42843e6,-6.09221e-9
1528232160,28576462.50235214,24338981.441794973,4237.481,3.97296e14,0.3272,-4.84908e6,2.42855e6,-6.09252e-9
1528232190,28558251.345063683,24325675.92597981,4232.575,3.98391e14,0.0525,-4.85588e6,2.42861e6,-6.09268e-9
1528232220,28540019.42731617,24312442.29089611,4227.577,3.97675e14,0.2322,-4.85151e6,2.42860e6,-6.09268e-9
1528232250,28521766.99054751,24299280.98450945,4222.486,3.98146e14,0.1140,-4.85426e6,2.42854e6,-6.09254e-9
1528232280,28503494.27744647,24286192.453665398,4217.302,3.96065e14,0.6362,-4.84133e6,2.42841e6,-6.09224e-9
1528232310,28485201.53195659,24273177.14405653,4212.024,3.91689e14,1.7339,-4.81431e6,2.42822e6,-6.09179e-9
1528232340,28466888.999280047,24260235.500189174,4206.653,3.96271e14,0.5843,-4.84174e6,2.42797e6,-6.09118e-9
1528232370,28448556.925881434,24247367.96535016,4201.189,4.02441e14,0.9635,-4.87870e6,2.42766e6,-6.09042e-9
1528232400,28430205.559491657,24234574.981573377,4195.631,3.97056e14,0.3875,-4.84516e6,2.42729e6,-6.08950e-9
1528232430,28411835.14911663,24221856.98963094,4189.978,3.90158e14,2.1179,-4.80230e6,2.42685e6,-6.08843e-9
1528232460,28393445.945025835,24209214.42892316,4184.232,3.94157e14,1.1148,-4.82566e6,2.42635e6,-6.08719e-9
1528232490,28375038.198771294,24196647.73752169,4178.390,3.97414e14,0.2977,-4.84437e6,2.42579e6,-6.08580e-9
1528232520,28356612.16318639,24184157.352110863,4172.455,4.01135e14,0.6359,-4.86576e6,2.42516e6,-6.08424e-9
1528232550,28338168.092389666,24171743.707953904,4166.424,4.00869e14,0.5692,-4.86276e6,2.42447e6,-6.08252e-9
1528232580,28319706.241788466,24159407.238859043,4160.299,3.95582e14,0.7572,-4.82911e6,2.42371e6,-6.08064e-9
1528232610,28301226.868082684,24147148.377145555,4154.078,3.96391e14,0.5542,-4.83239e6,2.42289e6,-6.07860e-9
1528232640,28282730.22926836,24134967.55360958,4147.763,4.03778e14,1.2989,-4.87551e6,2.42200e6,-6.07639e-9
1528232670,28264216.584641356,24122865.197489984,4141.351,4.01269e14,0.6694,-4.85836e6,2.42105e6,-6.07402e-9
1528232700,28245686.194800887,24110841.736434057,4134.844,3.90932e14,1.9239,-4.79356e6,2.42003e6,-6.07148e-9
1528232730,28227139.321646757,24098897.596440967,4128.242,3.96906e14,0.4252,-4.82767e6,2.41894e6,-6.06878e-9
1528232760,28208576.22840234,24087033.201895885,4121.543,4.03391e14,1.2019,-4.86472e6,2.41779e6,-6.06590e-9
1528232790,28189997.179598648,24075248.975466218,4114.748,3.97360e14,0.3113,-4.82570e6,2.41657e6,-6.06286e-9
1528232820,28171402.44108399,24063545.338089243,4107.857,3.98196e14,0.1013,-4.82821e6,2.41528e6,-6.05965e-9
1528232850,28152792.28002725,24051922.708937295,4100.870,4.05584e14,1.7519,-4.87024e6,2.41392e6,-6.05626e-9
1528232880,28134166.964921206,24040381.505382832,4093.785,3.96262e14,0.5867,-4.81095e6,2.41249e6,-6.05271e-9
1528232910,28115526.765585795,24028922.142963413,4086.605,3.98828e14,0.0571,-4.82350e6,2.41100e6,-6.04898e-9
1528232940,28096871.953171305,24017545.0353467,4079.327,3.99501e14,0.2260,-4.82445e6,2.40944e6,-6.04508e-9
1528232970,28078202.800161548,24006250.594295334,4071.952,3.92102e14,1.6302,-4.77650e6,2.40780e6,-6.04100e-9
1528233000,28059519.580376897,23995039.2296319,4064.480,3.96127e14,0.6205,-4.79742e6,2.40610e6,-6.03675e-9
1528233030,28040822.568978574,23983911.349220075,4056.911,4.00021e14,0.3564,-4.81739e6,2.40433e6,-6.03233e-9
1528233060,28022112.042468343,23972867.358878665,4049.245,4.01453e14,0.7156,-4.82233e6,2.40249e6,-6.02772e-9
1528233090,28003388.27869461,23961907.662397966,4041.481,4.00169e14,0.3935,-4.81076e6,2.40057e6,-6.02294e-9
1528233120,27984651.55685444,23951032.661487862,4033.619,3.97932e14,0.1677,-4.79333e6,2.39859e6,-6.01798e-9
1528233150,27965902.15749643,23940242.75574277,4025.659,3.94286e14,1.0823,-4.76731e6,2.39653e6,-6.01284e-9
1528233180,27947140.36252356,23929538.342606552,4017.602,3.99341e14,0.1858,-4.79345e6,2.39440e6,-6.00752e-9
1528233210,27928366.455196112,23918919.817337427,4009.447,3.96259e14,0.5873,-4.77055e6,2.39220e6,-6.00202e-9
1528233240,27909580.72013441,23908387.572972868,4001.193,3.97888e14,0.1788,-4.77579e6,2.38992e6,-5.99634e-9
1528233270,27890783.443321552,23897942.00029456,3992.841,3.97547e14,0.2644,-4.76907e6,2.38758e6,-5.99047e-9
1528233300,27871974.912106153,23887583.487793244,3984.391,3.95826e14,0.6961,-4.75394e6,2.38516e6,-5.98442e-9
1528233330,27853155.415212646,23877312.421618983,3975.843,3.96858e14,0.4373,-4.75515e6,2.38266e6,-5.97819e-9
1528233360,27834325.242720183,23867129.185592107,3967.196,3.98411e14,0.0476,-4.75931e6,2.38010e6,-5.97177e-9
1528233390,27815484.686089195,23857034.16112152,3958.451,3.95620e14,0.7477,-4.73739e6,2.37745e6,-5.96516e-9
1528233420,27796634.038156066,23847027.72718492,3949.606,3.90272e14,2.0895,-4.70012e6,2.37474e6,-5.95837e-9
1528233450,27777773.59313579,23837110.26029378,3940.663,3.99106e14,0.1270,-4.74718e6,2.37195e6,-5.95139e-9
1528233480,27758903.646624304,23827282.13445837,3931.622,4.00485e14,0.4728,-4.74965e6,2.36908e6,-5.94422e-9
1528233510,27740024.49560096,23817543.72115297,3922.481,3.94775e14,0.9598,-4.70986e6,2.36614e6,-5.93686e-9
1528233540,27721136.438430835,23807895.389281057,3913.241,3.95088e14,0.8812,-4.70572e6,2.36312e6,-5.92932e-9
1528233570,27702239.774866972,23798337.505140584,3903.902,3.96093e14,0.6291,-4.70552e6,2.36003e6,-5.92158e-9
1528233600,27683334.806052607,23788870.43238942,3894.464,3.98653e14,0.0131,-4.71435e6,2.35686e6,-5.91365e-9
1528233630,27664421.834512282,23779494.532028943,3884.927,3.97118e14,0.3720,-4.69880e6,2.35361e6,-5.90553e-9
1528233660,27645501.164187834,23770210.1623136,3875.291,3.96137e14,0.6180,-4.68640e6,2.35029e6,-5.89721e-9
1528233690,27626573.10040618,23761017.67877327,3865.555,3.96311e14,0.5742,-4.68065e6,2.34689e6,-5.88871e-9
1528233720,27607637.949892253,23751917.434160825,3855.721,3.94458e14,1.0392,-4.66283e6,2.34341e6,-5.88000e-9
1528233750,27588696.02077067,23742909.778418258,3845.786,4.01341e14,0.6874,-4.69617e6,2.33986e6,-5.87111e-9
1528233780,27569747.62256747,23733995.05864288,3835.753,3.98736e14,0.0339,-4.67362e6,2.33622e6,-5.86202e-9
1528233810,27550793.066211663,23725173.619053725,3825.619,3.92967e14,1.4134,-4.63244e6,2.33251e6,-5.85273e-9
1528233840,27531832.664036766,23716445.800958004,3815.387,3.96264e14,0.5861,-4.64419e6,2.32872e6,-5.84324e-9
1528233870,27512866.729782194,23707811.942717742,3805.055,3.99323e14,0.1813,-4.65433e6,2.32486e6,-5.83356e-9
1528233900,27493895.57859467,23699272.379716557,3794.623,4.01071e14,0.6198,-4.65662e6,2.32091e6,-5.82368e-9
1528233930,27474919.527033065,23690827.444308486,3784.092,4.02351e14,0.9408,-4.65599e6,2.31688e6,-5.81360e-9
1528233960,27455938.893058546,23682477.465841006,3773.461,3.96247e14,0.5904,-4.61232e6,2.31278e6,-5.80332e-9
1528233990,27436953.996046994,23674222.770565797,3762.731,3.94347e14,1.0670,-4.59298e6,2.30859e6,-5.79284e-9
1528234020,27417965.156786364,23666063.681624364,3751.901,3.98137e14,0.1162,-4.60642e6,2.30432e6,-5.78216e-9
1528234050,27398972.697477754,23658000.51901547,3740.972,3.97671e14,0.2331,-4.59505e6,2.29998e6,-5.77128e-9
1528234080,27379976.94173639,23650033.599562667,3729.943,3.99420e14,0.2055,-4.59629e6,2.29555e6,-5.76020e-9
1528234110,27360978.214592405,23642163.236882236,3718.815,4.00450e14,0.4641,-4.59320e6,2.29105e6,-5.74891e-9
1528234140,27341976.842491735,23634389.74135105,3707.587,3.96603e14,0.5012,-4.56194e6,2.28646e6,-5.73743e-9
1528234170,27322973.15329677,23626713.420074906,3696.260,3.95296e14,0.8291,-4.54515e6,2.28179e6,-5.72573e-9
1528234200,27303967.476287015,23619134.576856904,3684.833,3.98807e14,0.0518,-4.55576e6,2.27704e6,-5.71384e-9
1528234230,27284960.142168574,23611653.512175888,3673.307,3.98838e14,0.0597,-4.54628e6,2.27221e6,-5.70174e-9
1528234260,27265951.48304716,23604270.523125064,3661.681,3.94913e14,0.9251,-4.51413e6,2.26729e6,-5.68944e-9
1528234290,27246941.832455937,23596985.903411802,3649.956,3.94952e14,0.9153,-4.50441e6,2.26230e6,-5.67693e-9
1528234320,27227931.525346998,23589799.943317134,3638.132,3.97149e14,0.3641,-4.50676e6,2.25722e6,-5.66421e-9
1528234350,27208920.898091644,23582712.929665506,3626.208,3.94193e14,1.1057,-4.47976e6,2.25206e6,-5.65129e-9
1528234380,27189910.28848055,23575725.1457947,3614.185,3.96350e14,0.5645,-4.48151e6,2.24682e6,-5.63816e-9
1528234410,27170900.035723865,23568836.87152623,3602.063,3.97514e14,0.2726,-4.47744e6,2.24150e6,-5.62483e-9
1528234440,27151890.480451144,23562048.383135796,3589.842,4.01374e14,0.6957,-4.48831e6,2.23609e6,-5.61128e-9
