Timestamp,R_A,R_B,Delta_H_km,GM,Error_Pct,Term_Time,Term_Kinetic,Term_Potential
1545872130,32594868.96186581,30588901.545978613,2005.967,3.98471e14,0.0325,-1.60387e6,8.02178e5,-2.01192e-9
1545872160,32592892.274079945,30574632.683264967,2018.260,4.00516e14,0.4806,-1.61869e6,8.07519e5,-2.02532e-9
1545872190,32590859.75969156,30560321.52213105,2030.538,4.02315e14,0.9319,-1.63307e6,8.12863e5,-2.03872e-9
1545872220,32588771.42935086,30545968.182942312,2042.803,3.99630e14,0.2583,-1.63830e6,8.18210e5,-2.05213e-9
1545872250,32586627.294004668,30531572.786815345,2055.055,3.97277e14,0.3321,-1.64415e6,8.23559e5,-2.06555e-9
1545872280,32584427.364896845,30517135.455621265,2067.292,4.05546e14,1.7424,-1.67203e6,8.28911e5,-2.07897e-9
1545872310,32582171.65356869,30502656.31198933,2079.515,4.04516e14,1.4842,-1.68068e6,8.34266e5,-2.09240e-9
1545872340,32579860.17185938,30488135.479310382,2091.725,4.05144e14,1.6416,-1.69279e6,8.39623e5,-2.10584e-9
1545872370,32577492.931906458,30473573.08174038,2103.920,3.91910e14,1.6785,-1.67555e6,8.44984e5,-2.11928e-9
1545872400,32575069.94614625,30458969.24420396,2116.101,4.04394e14,1.4534,-1.71281e6,8.50346e5,-2.13273e-9
1545872430,32572591.227312274,30444324.092421383,2128.267,4.24747e14,6.5596,-1.76730e6,8.55712e5,-2.14619e-9
1545872460,32570056.788442187,30429637.75284005,2140.419,4.14544e14,3.9999,-1.75635e6,8.61080e5,-2.15965e-9
1545872490,32567466.6428719,30414910.352710254,2152.556,4.07452e14,2.2207,-1.75189e6,8.66451e5,-2.17312e-9
1545872520,32564820.80423805,30400142.020065665,2164.679,4.04263e14,1.4206,-1.75579e6,8.71825e5,-2.18660e-9
1545872550,32562119.286478575,30385332.883727122,2176.786,3.98546e14,0.0136,-1.75404e6,8.77201e5,-2.20008e-9
1545872580,32559362.10383319,30370483.073306534,2188.879,4.02873e14,1.0719,-1.77437e6,8.82581e5,-2.21357e-9
1545872610,32556549.27084395,30355592.719210748,2200.957,4.04801e14,1.5556,-1.78948e6,8.87962e5,-2.22707e-9
1545872640,32553680.80235574,30340661.952645455,2213.019,4.00468e14,0.4684,-1.79063e6,8.93347e5,-2.24058e-9
1545872670,32550756.713516828,30325690.905619103,2225.066,4.05377e14,1.7000,-1.81249e6,8.98734e5,-2.25409e-9
1545872700,32547777.019779388,30310679.710946843,2237.097,4.04923e14,1.5863,-1.82233e6,9.04124e5,-2.26761e-9
1545872730,32544741.73689679,30295628.50224288,2249.113,3.99576e14,0.2447,-1.82100e6,9.09517e5,-2.28113e-9
1545872760,32541650.880934305,30280537.41396024,2261.113,4.01891e14,0.8254,-1.83712e6,9.14912e5,-2.29466e-9
1545872790,32538504.468259435,30265406.58135891,2273.098,3.98753e14,0.0382,-1.84071e6,9.20310e5,-2.30820e-9
1545872820,32535302.515545808,30250236.140521348,2285.066,3.96251e14,0.5894,-1.84571e6,9.25711e5,-2.32175e-9
1545872850,32532045.039773706,30235026.228356384,2297.019,4.04118e14,1.3843,-1.87485e6,9.31114e5,-2.33530e-9
1545872880,32528732.058230672,30219776.98260316,2308.955,4.04887e14,1.5772,-1.88754e6,9.36520e5,-2.34886e-9
1545872910,32525363.58851208,30204488.541835114,2320.875,3.97695e14,0.2271,-1.88145e6,9.41929e5,-2.36243e-9
1545872940,32521939.648521706,30189161.045463823,2332.779,3.95559e14,0.7630,-1.88719e6,9.47341e5,-2.37600e-9
1545872970,32518460.25647239,30173794.63374304,2344.666,3.99503e14,0.2264,-1.90740e6,9.52755e5,-2.38958e-9
1545873000,32514925.430886593,30158389.447772603,2356.536,4.07729e14,2.2901,-1.93801e6,9.58172e5,-2.40316e-9
1545873030,32511335.19060402,30142945.629504666,2368.390,4.07382e14,2.2032,-1.94813e6,9.63591e5,-2.41676e-9
1545873060,32507689.55476091,30127463.321740806,2380.226,4.02313e14,0.9314,-1.94678e6,9.69013e5,-2.43035e-9
1545873090,32503988.542812128,30111942.668142952,2392.046,4.05317e14,1.6850,-1.96502e6,9.74438e5,-2.44396e-9
1545873120,32500232.17452489,30096383.81323509,2403.848,4.11804e14,3.3124,-1.99190e6,9.79865e5,-2.45757e-9
1545873150,32496420.46997962,30080786.90240731,2415.634,4.00932e14,0.5849,-1.97608e6,9.85296e5,-2.47119e-9
1545873180,32492553.4495706,30065152.08191994,2427.401,3.90837e14,1.9477,-1.96189e6,9.90728e5,-2.48482e-9
1545873210,32488631.13400685,30049479.49890745,2439.152,3.99971e14,0.3438,-1.99547e6,9.96163e5,-2.49845e-9
1545873240,32484653.544312857,30033769.301382657,2450.884,4.00997e14,0.6013,-2.00894e6,1.00160e6,-2.51209e-9
1545873270,32480620.70182937,30018021.638240695,2462.599,4.04166e14,1.3962,-2.02786e6,1.00704e6,-2.52573e-9
1545873300,32476532.62821421,30002236.659263153,2474.296,4.01696e14,0.7767,-2.03255e6,1.01248e6,-2.53938e-9
1545873330,32472389.345434103,29986414.515123926,2485.975,3.98567e14,0.0084,-2.03549e6,1.01793e6,-2.55304e-9
1545873360,32468190.875793125,29970555.357388005,2497.636,4.04809e14,1.5575,-2.06240e6,1.02338e6,-2.56671e-9
1545873390,32463937.2419059,29954659.338520847,2509.278,4.07193e14,2.1556,-2.07954e6,1.02883e6,-2.58038e-9
1545873420,32459628.46670729,29938726.61189085,2520.902,4.00480e14,0.4716,-2.07315e6,1.03428e6,-2.59405e-9
1545873450,32455264.573453147,29922757.33177353,2532.507,4.04068e14,1.3718,-2.09344e6,1.03974e6,-2.60774e-9
1545873480,32450845.585721113,29906751.653355666,2544.094,4.13168e14,3.6547,-2.12829e6,1.04520e6,-2.62143e-9
1545873510,32446371.527411386,29890709.732739586,2555.662,4.05995e14,1.8552,-2.12051e6,1.05066e6,-2.63512e-9
1545873540,32441842.422747552,29874631.726947285,2567.211,4.11727e14,3.2932,-2.14671e6,1.05612e6,-2.64883e-9
1545873570,32437258.29627734,29858517.793924678,2578.741,4.03611e14,1.2569,-2.13621e6,1.06159e6,-2.66253e-9
1545873600,32432619.172873486,29842368.092545845,2590.251,3.91235e14,1.8477,-2.11410e6,1.06705e6,-2.67625e-9
1545873630,32427925.07774391,29826182.782617755,2601.742,3.97150e14,0.3638,-2.14085e6,1.07253e6,-2.68997e-9
1545873660,32423176.0364038,29809962.02488295,2613.214,3.95076e14,0.8841,-2.14616e6,1.07800e6,-2.70370e-9
1545873690,32418372.07470526,29793705.98102546,2624.666,3.98129e14,0.1184,-2.16536e6,1.08347e6,-2.71743e-9
1545873720,32413513.218828887,29777414.813674547,2636.098,3.98374e14,0.0567,-2.17698e6,1.08895e6,-2.73117e-9
1545873750,32408599.495284826,29761088.6864089,2647.511,4.04544e14,1.4912,-2.20487e6,1.09443e6,-2.74491e-9
1545873780,32403630.930913705,29744727.763761025,2658.903,4.11419e14,3.2158,-2.23488e6,1.09991e6,-2.75866e-9
1545873810,32398607.552887674,29728332.21122147,2670.275,3.97780e14,0.2058,-2.20821e6,1.10540e6,-2.77242e-9
1545873840,32393529.38871141,29711902.19524312,2681.627,3.98442e14,0.0396,-2.22102e6,1.11089e6,-2.78618e-9
1545873870,32388396.466223083,29695437.883245494,2692.959,3.92678e14,1.4858,-2.21586e6,1.11638e6,-2.79995e-9
1545873900,32383208.81359548,29678939.44361904,2704.269,3.83553e14,3.7751,-2.20108e6,1.12187e6,-2.81373e-9
1545873930,32377966.45933006,29662407.045721147,2715.559,4.02409e14,0.9554,-2.26517e6,1.12736e6,-2.82750e-9
1545873960,32372669.43227938,29645840.859906,2726.829,4.05856e14,1.8204,-2.28601e6,1.13286e6,-2.84129e-9
1545873990,32367317.76162687,29629241.05750325,2738.077,4.00021e14,0.3563,-2.28045e6,1.13836e6,-2.85508e-9
1545874020,32361911.47689465,29612607.810830515,2749.304,3.99807e14,0.3028,-2.29086e6,1.14386e6,-2.86888e-9
1545874050,32356450.60794462,29595941.293197744,2760.509,3.98687e14,0.0217,-2.29865e6,1.14936e6,-2.88268e-9
1545874080,32350935.1849795,29579241.678911313,2771.694,4.03958e14,1.3442,-2.32492e6,1.15486e6,-2.89649e-9
1545874110,32345365.238543883,29562509.1432785,2782.856,4.06478e14,1.9762,-2.34334e6,1.16037e6,-2.91030e-9
1545874140,32339740.799525283,29545743.86261159,2793.997,4.02078e14,0.8725,-2.34160e6,1.16588e6,-2.92412e-9
1545874170,32334061.899155185,29528946.014232274,2805.116,4.02809e14,1.0558,-2.35482e6,1.17139e6,-2.93794e-9
1545874200,32328328.569010112,29512115.776475936,2816.213,4.04344e14,1.4410,-2.37043e6,1.17691e6,-2.95177e-9
1545874230,32322540.841014773,29495253.328712363,2827.288,4.00420e14,0.4564,-2.36990e6,1.18242e6,-2.96560e-9
1545874260,32316698.747436926,29478358.85129956,2838.340,3.97120e14,0.3713,-2.37113e6,1.18794e6,-2.97944e-9
1545874290,32310802.320894726,29461432.52563875,2849.370,3.95468e14,0.7858,-2.37720e6,1.19346e6,-2.99328e-9
1545874320,32304851.594355803,29444474.534162495,2860.377,4.03559e14,1.2440,-2.41253e6,1.19898e6,-3.00713e-9
1545874350,32298846.601138473,29427485.06033918,2871.362,4.05239e14,1.6655,-2.42872e6,1.20450e6,-3.02098e-9
1545874380,32292787.3749128,29410464.288677488,2882.323,4.05053e14,1.6189,-2.43930e6,1.21003e6,-3.03484e-9
1545874410,32286673.949701943,29393412.404731,2893.262,4.11138e14,3.1454,-2.46899e6,1.21555e6,-3.04870e-9
1545874440,32280506.359883174,29376329.595102627,2904.177,4.07977e14,2.3525,-2.47054e6,1.22108e6,-3.06256e-9
1545874470,32274284.64018921,29359216.047449123,2915.069,4.00755e14,0.5406,-2.45951e6,1.22661e6,-3.07643e-9
1545874500,32268008.825709384,29342071.950485654,2925.937,4.02279e14,0.9230,-2.47531e6,1.23214e6,-3.09031e-9
1545874530,32261678.951893725,29324897.493974883,2936.781,4.06410e14,1.9593,-2.49925e6,1.23768e6,-3.10419e-9
1545874560,32255295.05454551,29307692.86877893,2947.602,4.02799e14,1.0533,-2.49917e6,1.24321e6,-3.11807e-9
1545874590,32248857.16983126,29290458.26681624,2958.399,4.02237e14,0.9123,-2.50854e6,1.24875e6,-3.13196e-9
1545874620,32242365.334279127,29273193.881081343,2969.171,3.99199e14,0.1503,-2.51011e6,1.25429e6,-3.14585e-9
1545874650,32235819.584780395,29255899.905649286,2979.920,3.95113e14,0.8750,-2.50829e6,1.25983e6,-3.15975e-9
1545874680,32229219.95859061,29238576.535679832,2990.643,4.07270e14,2.1750,-2.55790e6,1.26537e6,-3.17365e-9
1545874710,32222566.493331127,29221223.967421953,3001.343,4.12794e14,3.5608,-2.58671e6,1.27091e6,-3.18755e-9
1545874740,32215859.226990364,29203842.398218025,3012.017,4.03938e14,1.3390,-2.56965e6,1.27646e6,-3.20146e-9
1545874770,32209098.19792518,29186432.02650822,3022.666,3.96486e14,0.5304,-2.55685e6,1.28200e6,-3.21537e-9
1545874800,32202283.444862317,29168993.05183475,3033.290,3.93992e14,1.1561,-2.55986e6,1.28755e6,-3.22928e-9
1545874830,32195415.00689582,29151525.67484718,3043.889,3.98919e14,0.0800,-2.58688e6,1.29310e6,-3.24320e-9
1545874860,32188492.92350052,29134030.097303726,3054.463,4.00953e14,0.5902,-2.60460e6,1.29865e6,-3.25712e-9
1545874890,32181517.23452141,29116506.52207861,3065.011,3.99750e14,0.2884,-2.61180e6,1.30420e6,-3.27104e-9
1545874920,32174487.980179023,29098955.153165426,3075.533,4.01598e14,0.7521,-2.62899e6,1.30976e6,-3.28497e-9
1545874950,32167405.201070726,29081376.19568136,3086.029,4.05352e14,1.6939,-2.65252e6,1.31531e6,-3.29890e-9
1545874980,32160268.938172136,29063769.855871577,3096.499,4.04720e14,1.5352,-2.66163e6,1.32086e6,-3.31283e-9
1545875010,32153079.232838605,29046136.34111349,3106.943,4.05327e14,1.6875,-2.67485e6,1.32642e6,-3.32677e-9
1545875040,32145836.126806628,29028475.85992114,3117.360,3.99041e14,0.1106,-2.66506e6,1.33198e6,-3.34070e-9
1545875070,32138539.662195217,29010788.62194946,3127.751,4.05489e14,1.7283,-2.69781e6,1.33753e6,-3.35464e-9
1545875100,32131189.881507427,28993074.837998707,3138.115,4.10634e14,3.0190,-2.72635e6,1.34309e6,-3.36859e-9
1545875130,32123786.82763315,28975334.7200378,3148.452,3.98417e14,0.0460,-2.69631e6,1.34865e6,-3.38253e-9
1545875160,32116330.543846454,28957568.481149994,3158.762,3.96330e14,0.5697,-2.70034e6,1.35421e6,-3.39648e-9
1545875190,32108821.073811058,28939776.335595943,3169.045,4.00742e14,0.5372,-2.72648e6,1.35978e6,-3.41043e-9
1545875220,32101258.46158064,28921958.498799246,3179.300,3.96116e14,0.6234,-2.72179e6,1.36534e6,-3.42438e-9
1545875250,32093642.751600303,28904115.18735094,3189.528,3.96089e14,0.6302,-2.73278e6,1.37090e6,-3.43833e-9
1545875280,32085973.988708086,28886246.61901392,3199.727,4.06041e14,1.8667,-2.77823e6,1.37646e6,-3.45228e-9
1545875310,32078252.218136605,28868353.01272752,3209.899,4.05866e14,1.8228,-2.78886e6,1.38203e6,-3.46624e-9
1545875340,32070477.485514544,28850434.588611905,3220.043,3.99921e14,0.3313,-2.77940e6,1.38759e6,-3.48020e-9
1545875370,32062649.83686829,28832491.56797251,3230.158,3.98824e14,0.0561,-2.78671e6,1.39316e6,-3.49416e-9
1545875400,32054769.31862351,28814524.17330446,3240.245,4.01169e14,0.6445,-2.80607e6,1.39872e6,-3.50811e-9
1545875430,32046835.977606967,28796532.62826529,3250.303,4.01200e14,0.6521,-2.81734e6,1.40429e6,-3.52207e-9
1545875460,32038849.861047525,28778517.157776944,3260.333,4.00925e14,0.5832,-2.82754e6,1.40985e6,-3.53604e-9
1545875490,32030811.01657851,28760477.987932328,3270.333,3.97053e14,0.3882,-2.82496e6,1.41542e6,-3.55000e-9
1545875520,32022719.492239196,28742415.346030995,3280.304,3.94615e14,0.9999,-2.82738e6,1.42099e6,-3.56396e-9
1545875550,32014575.33647641,28724329.460583195,3290.246,3.96307e14,0.5754,-2.84451e6,1.42655e6,-3.57792e-9
1545875580,32006378.598146282,28706220.561313853,3300.158,3.99988e14,0.3481,-2.86883e6,1.43212e6,-3.59188e-9
1545875610,31998129.32651593,28688088.8791666,3310.040,4.04293e14,1.4281,-2.89550e6,1.43769e6,-3.60585e-9
1545875640,31989827.571265243,28669934.64630775,3319.893,4.00755e14,0.5406,-2.89391e6,1.44325e6,-3.61981e-9
1545875670,31981473.38248855,28651758.09613022,3329.715,3.93956e14,1.1653,-2.88036e6,1.44882e6,-3.63377e-9
1545875700,31973066.81069646,28633559.463257484,3339.507,3.92428e14,1.5486,-2.88586e6,1.45439e6,-3.64773e-9
1545875730,31964607.90682074,28615338.98357896,3349.269,3.99608e14,0.2527,-2.92319e6,1.45995e6,-3.66169e-9
1545875760,31956096.72220638,28597096.894157153,3359.000,4.03461e14,1.2195,-2.94850e6,1.46552e6,-3.67565e-9
1545875790,31947533.30862314,28578833.43332846,3368.700,4.02954e14,1.0922,-2.95783e6,1.47108e6,-3.68961e-9
1545875820,31938917.71826418,28560548.840676013,3378.369,4.03437e14,1.2133,-2.97080e6,1.47665e6,-3.70357e-9
1545875850,31930250.00374796,28542243.357033826,3388.007,4.03284e14,1.1749,-2.98143e6,1.48221e6,-3.71752e-9
1545875880,31921530.218120024,28523917.224490907,3397.613,4.04187e14,1.4017,-2.99599e6,1.48778e6,-3.73148e-9
1545875910,31912758.414854936,28505570.686395474,3407.188,4.01001e14,0.6023,-2.99526e6,1.49334e6,-3.74543e-9
1545875940,31903934.647858165,28487203.98735896,3416.731,3.98038e14,0.1412,-2.99528e6,1.49890e6,-3.75938e-9
1545875970,31895058.97146787,28468817.373260185,3426.242,3.98038e14,0.1411,-3.00639e6,1.50446e6,-3.77333e-9
1545876000,31886131.440456863,28450411.091249373,3435.720,3.99335e14,0.1844,-3.02242e6,1.51002e6,-3.78728e-9
1545876030,31877152.11002426,28431985.389729276,3445.167,3.98661e14,0.0151,-3.03098e6,1.51558e6,-3.80122e-9
1545876060,31868121.035828926,28413540.518429916,3454.581,3.99636e14,0.2599,-3.04582e6,1.52114e6,-3.81517e-9
1545876090,31859038.273959816,28395076.728341736,3463.962,3.98657e14,0.0141,-3.05320e6,1.52670e6,-3.82911e-9
1545876120,31849903.88094804,28376594.27174227,3473.310,3.98822e14,0.0556,-3.06494e6,1.53225e6,-3.84304e-9
1545876150,31840717.91376869,28358093.40219991,3482.625,4.01278e14,0.6717,-3.08553e6,1.53781e6,-3.85697e-9
1545876180,31831480.429842766,28339574.374577515,3491.906,4.01011e14,0.6048,-3.09564e6,1.54336e6,-3.87090e-9
1545876210,31822191.48703911,28321037.445036203,3501.154,4.04228e14,1.4119,-3.11927e6,1.54891e6,-3.88483e-9
1545876240,31812851.143676206,28302482.871038873,3510.368,3.98862e14,0.0656,-3.10953e6,1.55446e6,-3.89875e-9
1545876270,31803459.458524223,28283910.91135381,3519.549,3.94644e14,0.9926,-3.10412e6,1.56001e6,-3.91267e-9
1545876300,31794016.490806922,28265321.82605832,3528.695,3.94619e14,0.9990,-3.11506e6,1.56556e6,-3.92658e-9
1545876330,31784522.30021945,28246715.876555905,3537.806,3.97637e14,0.2416,-3.13799e6,1.57110e6,-3.94049e-9
1545876360,31774976.946881674,28228093.325537488,3546.884,4.09477e14,2.7286,-3.19588e6,1.57665e6,-3.95440e-9
1545876390,31765380.49138893,28209454.437027194,3555.926,4.01846e14,0.8143,-3.17683e6,1.58219e6,-3.96830e-9
1545876420,31755732.994798478,28190799.47637222,3564.934,3.96514e14,0.5234,-3.16672e6,1.58773e6,-3.98219e-9
1545876450,31746034.518631637,28172128.710246306,3573.906,4.01194e14,0.6507,-3.19647e6,1.59327e6,-3.99608e-9
1545876480,31736285.12487599,28153442.40665325,3582.843,3.98333e14,0.0670,-3.19610e6,1.59880e6,-4.00996e-9
1545876510,31726484.875987694,28134740.834930364,3591.744,4.01560e14,0.7425,-3.22015e6,1.60433e6,-4.02384e-9
1545876540,31716633.834893618,28116024.26575179,3600.610,4.00803e14,0.5526,-3.22819e6,1.60986e6,-4.03771e-9
1545876570,31706732.06499367,28097292.97113201,3609.439,3.95504e14,0.7769,-3.21780e6,1.61539e6,-4.05157e-9
1545876600,31696779.630163025,28078547.224429056,3618.232,3.97359e14,0.3116,-3.23635e6,1.62091e6,-4.06543e-9
1545876630,31686776.594739426,28059787.300340015,3626.989,3.99054e14,0.1137,-3.25429e6,1.62644e6,-4.07928e-9
1545876660,31676723.02357164,28041013.474928383,3635.710,3.98429e14,0.0431,-3.26277e6,1.63196e6,-4.09313e-9
1545876690,31666618.98197552,28022226.02560321,3644.393,3.96039e14,0.6427,-3.26399e6,1.63747e6,-4.10696e-9
1545876720,31656464.535751168,28003425.23113001,3653.039,3.94853e14,0.9401,-3.27009e6,1.64298e6,-4.12079e-9
1545876750,31646259.751185063,27984611.371633727,3661.648,4.05458e14,1.7204,-3.32491e6,1.64849e6,-4.13461e-9
1545876780,31636004.69505228,27965784.728601806,3670.220,4.02700e14,1.0286,-3.32457e6,1.65400e6,-4.14843e-9
1545876810,31625699.434618726,27946945.584887117,3678.754,3.96653e14,0.4885,-3.31047e6,1.65950e6,-4.16223e-9
1545876840,31615344.037643265,27928094.224710844,3687.250,4.01100e14,0.6270,-3.34001e6,1.66500e6,-4.17603e-9
1545876870,31604938.57238,27909230.933665324,3695.708,4.02212e14,0.9061,-3.35569e6,1.67050e6,-4.18981e-9
1545876900,31594483.107580483,27890355.99871689,3704.127,3.99059e14,0.1151,-3.35348e6,1.67599e6,-4.20359e-9
1545876930,31583977.712504357,27871469.70821493,3712.508,4.00918e14,0.5814,-3.37230e6,1.68148e6,-4.21736e-9
1545876960,31573422.456895784,27852572.35187521,3720.850,4.01631e14,0.7604,-3.38632e6,1.68697e6,-4.23112e-9
1545876990,31562817.411011517,27833664.22080169,3729.153,3.90233e14,2.0993,-3.34893e6,1.69245e6,-4.24487e-9
1545877020,31552162.64561495,27814745.60748304,3737.417,3.89871e14,2.1899,-3.35823e6,1.69792e6,-4.25860e-9
1545877050,31541458.231978446,27795816.80579521,3745.641,3.95939e14,0.6677,-3.39498e6,1.70340e6,-4.27233e-9
1545877080,31530704.241885763,27776878.111003965,3753.826,3.95674e14,0.7342,-3.40474e6,1.70886e6,-4.28605e-9
1545877110,31519900.7476345,27757929.819767382,3761.971,3.98096e14,0.1265,-3.42604e6,1.71433e6,-4.29975e-9
1545877140,31509047.822038513,27738972.23013826,3770.076,3.98427e14,0.0436,-3.43838e6,1.71979e6,-4.31345e-9
1545877170,31498145.53843036,27720005.64156649,3778.140,3.96058e14,0.6379,-3.43903e6,1.72524e6,-4.32713e-9
1545877200,31487193.970663812,27701030.354901332,3786.164,3.98263e14,0.0846,-3.45947e6,1.73069e6,-4.34080e-9
1545877230,31476193.193115093,27682046.672385912,3794.147,3.96643e14,0.4911,-3.46330e6,1.73613e6,-4.35445e-9
1545877260,31465143.280689225,27663054.897683192,3802.088,3.97975e14,0.1569,-3.47997e6,1.74157e6,-4.36810e-9
1545877290,31454044.308818765,27644055.33585453,3809.989,3.97808e14,0.1987,-3.49009e6,1.74701e6,-4.38173e-9
1545877320,31442896.35346761,27625048.293369144,3817.848,3.96249e14,0.5899,-3.49409e6,1.75243e6,-4.39535e-9
1545877350,31431699.491133526,27606034.07810611,3825.665,3.99078e14,0.1199,-3.51737e6,1.75786e6,-4.40895e-9
1545877380,31420453.79885072,27587012.99935611,3833.441,3.98906e14,0.0768,-3.52745e6,1.76327e6,-4.42254e-9
1545877410,31409159.354192454,27567985.367823254,3841.174,3.97088e14,0.3794,-3.53021e6,1.76869e6,-4.43611e-9
1545877440,31397816.235273667,27548951.49562672,3848.865,3.97149e14,0.3642,-3.54127e6,1.77409e6,-4.44967e-9
1545877470,31386424.520753544,27529911.696302395,3856.513,4.01619e14,0.7574,-3.57201e6,1.77949e6,-4.46322e-9
1545877500,31374984.28983818,27510866.28480438,3864.118,4.00653e14,0.5149,-3.57850e6,1.78488e6,-4.47675e-9
1545877530,31363495.622280587,27491815.57751479,3871.680,3.96485e14,0.5306,-3.57059e6,1.79027e6,-4.49026e-9
1545877560,31351958.598391466,27472759.89221968,3879.199,4.02830e14,1.0611,-3.60990e6,1.79565e6,-4.50376e-9
1545877590,31340373.299033765,27453699.54813557,3886.674,4.04995e14,1.6043,-3.63048e6,1.80102e6,-4.51724e-9
1545877620,31328739.80562797,27434634.865902673,3894.105,4.00304e14,0.4273,-3.62005e6,1.80639e6,-4.53070e-9
1545877650,31317058.20015478,27415566.16758606,3901.492,3.99487e14,0.2224,-3.62708e6,1.81175e6,-4.54415e-9
1545877680,31305328.565157764,27396493.776676893,3908.835,3.93124e14,1.3740,-3.60880e6,1.81710e6,-4.55758e-9
1545877710,31293550.983746152,27377418.018093456,3916.133,3.90294e14,2.0838,-3.60648e6,1.82245e6,-4.57099e-9
1545877740,31281725.53959745,27358339.21818216,3923.386,3.94383e14,1.0581,-3.63579e6,1.82779e6,-4.58438e-9
1545877770,31269852.316960253,27339257.704718478,3930.595,3.96678e14,0.4823,-3.65695e6,1.83312e6,-4.59775e-9
1545877800,31257931.40065695,27320173.806907758,3937.758,3.98190e14,0.1029,-3.67454e6,1.83844e6,-4.61111e-9
1545877830,31245962.876090832,27301087.855380364,3944.875,3.96467e14,0.5351,-3.67720e6,1.84376e6,-4.62444e-9
1545877860,31233946.82923563,27282000.182209548,3951.947,3.96960e14,0.4114,-3.69007e6,1.84906e6,-4.63776e-9
1545877890,31221883.34665148,27262911.120894954,3958.972,3.98597e14,0.0008,-3.70826e6,1.85436e6,-4.65105e-9
1545877920,31209772.515483562,27243821.006368592,3965.952,3.96548e14,0.5149,-3.70928e6,1.85965e6,-4.66432e-9
1545877950,31197614.42346494,27224730.17499513,3972.884,3.97607e14,0.2492,-3.72477e6,1.86494e6,-4.67758e-9
1545877980,31185409.15891943,27205638.964572135,3979.770,3.97874e14,0.1823,-3.73656e6,1.87021e6,-4.69081e-9
1545878010,31173156.810764577,27186547.714330237,3986.609,3.95684e14,0.7316,-3.73678e6,1.87548e6,-4.70402e-9
1545878040,31160857.46851451,27167456.764933158,3993.401,3.99493e14,0.2240,-3.76522e6,1.88073e6,-4.71720e-9
1545878070,31148511.22228289,27148366.458477646,4000.145,4.01032e14,0.6101,-3.78301e6,1.88598e6,-4.73037e-9
1545878100,31136118.16278593,27129277.138493292,4006.841,3.98265e14,0.0841,-3.78039e6,1.89122e6,-4.74351e-9
1545878130,31123678.381338373,27110189.14994473,4013.489,3.96398e14,0.5525,-3.78196e6,1.89644e6,-4.75662e-9
1545878160,31111191.969877668,27091102.839223813,4020.089,3.98806e14,0.0517,-3.80385e6,1.90166e6,-4.76971e-9
1545878190,31098659.020945936,27072018.554156464,4026.640,4.02466e14,0.9699,-3.83178e6,1.90687e6,-4.78278e-9
1545878220,31086079.627699666,27052936.6439997,4033.143,3.97580e14,0.2561,-3.81879e6,1.91207e6,-4.79582e-9
1545878250,31073453.883912735,27033857.45944102,4039.596,3.93221e14,1.3495,-3.80820e6,1.91726e6,-4.80884e-9
1545878280,31060781.88397935,27014781.352597516,4046.001,3.94904e14,0.9274,-3.82659e6,1.92244e6,-4.82183e-9
1545878310,31048063.722917106,26995708.67701507,4052.355,3.99409e14,0.2028,-3.85866e6,1.92760e6,-4.83480e-9
1545878340,31035299.49636997,26976639.78766725,4058.660,4.00550e14,0.4890,-3.87452e6,1.93276e6,-4.84773e-9
1545878370,31022489.300611358,26957575.04095421,4064.914,4.00430e14,0.4590,-3.88425e6,1.93791e6,-4.86065e-9
1545878400,31009633.232547116,26938514.79470144,4071.118,4.03471e14,1.2219,-3.90937e6,1.94304e6,-4.87353e-9
1545878430,30996731.389731362,26919459.40815536,4077.272,3.98630e14,0.0073,-3.89602e6,1.94816e6,-4.88638e-9
1545878460,30983783.870330554,26900409.241991144,4083.375,3.99006e14,0.1016,-3.90809e6,1.95327e6,-4.89921e-9
1545878490,30970790.773165587,26881364.658301853,4089.426,4.01407e14,0.7041,-3.93009e6,1.95838e6,-4.91200e-9
1545878520,30957752.197702378,26862326.02059966,4095.426,3.99839e14,0.3108,-3.93258e6,1.96346e6,-4.92477e-9
1545878550,30944668.244055156,26843293.69381399,4101.375,3.98356e14,0.0614,-3.93542e6,1.96854e6,-4.93751e-9
1545878580,30931539.012989674,26824268.044289485,4107.271,3.97833e14,0.1926,-3.94296e6,1.97360e6,-4.95021e-9
1545878610,30918364.605926532,26805249.439784,4113.115,4.02589e14,1.0005,-3.97666e6,1.97865e6,-4.96289e-9
1545878640,30905145.12494441,26786238.249466263,4118.907,4.01461e14,0.7177,-3.98118e6,1.98369e6,-4.97553e-9
1545878670,30891880.672783386,26767234.84391351,4124.646,3.97911e14,0.1731,-3.97355e6,1.98872e6,-4.98814e-9
1545878700,30878571.352848183,26748239.59510908,4130.332,3.99467e14,0.2174,-3.99135e6,1.99373e6,-5.00072e-9
1545878730,30865217.26918987,26729252.876447566,4135.964,3.98918e14,0.0796,-3.99861e6,1.99873e6,-5.01326e-9
1545878760,30851818.526575886,26710275.06270781,4141.543,3.91719e14,1.7264,-3.97241e6,2.00372e6,-5.02578e-9
1545878790,30838375.23042655,26691306.530074414,4147.069,3.96318e14,0.5727,-4.00544e6,2.00869e6,-5.03825e-9
1545878820,30824887.486839786,26672347.6561268,4152.540,3.98889e14,0.0723,-4.02831e6,2.01365e6,-5.05069e-9
1545878850,30811355.402594417,26653398.819836184,4157.957,3.98024e14,0.1446,-4.03383e6,2.01859e6,-5.06310e-9
1545878880,30797779.085153222,26634460.401562262,4163.319,4.01995e14,0.8516,-4.06384e6,2.02352e6,-5.07547e-9
1545878910,30784158.642666273,26615532.783049867,4168.626,3.98787e14,0.0467,-4.05739e6,2.02844e6,-5.08781e-9
1545878940,30770494.183974102,26596616.347425397,4173.878,3.97944e14,0.1648,-4.06289e6,2.03334e6,-5.10010e-9
1545878970,30756785.81861098,26577711.479193125,4179.074,3.98560e14,0.0101,-4.07581e6,2.03822e6,-5.11236e-9
1545879000,30743033.65680823,26558818.564231336,4184.215,4.00323e14,0.4322,-4.09458e6,2.04309e6,-5.12458e-9
1545879030,30729237.80952737,26539937.9897759,4189.300,3.98552e14,0.0120,-4.09522e6,2.04795e6,-5.13677e-9
1545879060,30715398.38837145,26521070.14445449,4194.328,3.94721e14,0.9731,-4.08517e6,2.05279e6,-5.14891e-9
1545879090,30701515.50568062,26502215.418243706,4199.300,3.97401e14,0.3009,-4.10860e6,2.05761e6,-5.16101e-9
1545879120,30687589.274505932,26483374.20247704,4204.215,4.00167e14,0.3930,-4.13251e6,2.06242e6,-5.17308e-9
1545879150,30673619.808612976,26464546.889840048,4209.073,3.98245e14,0.0891,-4.13215e6,2.06721e6,-5.18510e-9
1545879180,30659607.22248558,26445733.87436549,4213.873,3.99648e14,0.2627,-4.14898e6,2.07198e6,-5.19708e-9
1545879210,30645551.631329548,26426935.551428314,4218.616,4.01115e14,0.6308,-4.16615e6,2.07674e6,-5.20902e-9
1545879240,30631453.15107625,26408152.31774037,4223.301,3.99334e14,0.1840,-4.16637e6,2.08148e6,-5.22091e-9
1545879270,30617311.89838646,26389384.571345046,4227.927,3.97976e14,0.1567,-4.16872e6,2.08620e6,-5.23276e-9
1545879300,30603127.990654044,26370632.71161174,4232.495,4.02079e14,0.8728,-4.19964e6,2.09091e6,-5.24457e-9
1545879330,30588901.545978613,26351897.139241103,4237.004,4.03146e14,1.1405,-4.21467e6,2.09560e6,-5.25634e-9
1545879360,30574632.683264967,26333178.25622534,4241.454,3.99659e14,0.2656,-4.20569e6,2.10027e6,-5.26805e-9
1545879390,30560321.52213105,26314476.465876218,4245.845,3.98531e14,0.0175,-4.20905e6,2.10492e6,-5.27973e-9
1545879420,30545968.182942312,26295792.172807854,4250.176,3.98333e14,0.0670,-4.21727e6,2.10955e6,-5.29135e-9
1545879450,30531572.786815345,26277125.782930482,4254.447,3.99643e14,0.2615,-4.23344e6,2.11416e6,-5.30293e-9
1545879480,30517135.455621265,26258477.70344401,4258.658,3.97592e14,0.2530,-4.23175e6,2.11876e6,-5.31446e-9
1545879510,30502656.31198933,26239848.34283142,4262.808,3.98317e14,0.0710,-4.24475e6,2.12333e6,-5.32595e-9
1545879540,30488135.479310382,26221238.11085194,4266.897,3.98114e14,0.1221,-4.25277e6,2.12789e6,-5.33738e-9
1545879570,30473573.08174038,26202647.41853412,4270.926,3.99443e14,0.2113,-4.26895e6,2.13242e6,-5.34876e-9
1545879600,30458969.24420396,26184076.67816864,4274.893,4.00956e14,0.5910,-4.28611e6,2.13694e6,-5.36010e-9
1545879630,30444324.092421383,26165526.303300884,4278.798,3.94566e14,1.0121,-4.26080e6,2.14144e6,-5.37138e-9
1545879660,30429637.75284005,26146996.708723858,4282.641,3.93793e14,1.2060,-4.26555e6,2.14591e6,-5.38261e-9
1545879690,30414910.352710254,26128488.31046998,4286.422,3.98064e14,0.1345,-4.29744e6,2.15036e6,-5.39379e-9
1545879720,30400142.020065665,26110001.525803342,4290.140,3.99882e14,0.3214,-4.31612e6,2.15480e6,-5.40492e-9
1545879750,30385332.883727122,26091536.77321167,4293.796,4.01891e14,0.8254,-4.33584e6,2.15921e6,-5.41599e-9
1545879780,30370483.073306534,26073094.47239788,4297.389,3.98929e14,0.0824,-4.32859e6,2.16360e6,-5.42701e-9
1545879810,30355592.719210748,26054675.044271767,4300.918,3.92880e14,1.4351,-4.30444e6,2.16797e6,-5.43797e-9
1545879840,30340661.952645455,26036278.910941146,4304.383,3.93528e14,1.2727,-4.31659e6,2.17231e6,-5.44888e-9
1545879870,30325690.905619103,26017906.49570301,4307.784,3.98052e14,0.1377,-4.34989e6,2.17663e6,-5.45973e-9
1545879900,30310679.710946843,25999558.223034363,4311.121,3.95165e14,0.8618,-4.34269e6,2.18093e6,-5.47052e-9
1545879930,30295628.50224288,25981234.518566437,4314.394,3.96504e14,0.5259,-4.35855e6,2.18521e6,-5.48126e-9
1545879960,30280537.41396024,25962935.809125964,4317.602,4.01007e14,0.6038,-4.39177e6,2.18946e6,-5.49193e-9
1545879990,30265406.58135891,25944662.522674482,4320.744,3.98341e14,0.0651,-4.38558e6,2.19369e6,-5.50255e-9
1545880020,30250236.140521348,25926415.088314686,4323.821,3.99557e14,0.2401,-4.40070e6,2.19790e6,-5.51311e-9
1545880050,30235026.228356384,25908193.936280224,4326.832,4.00625e14,0.5080,-4.41498e6,2.20208e6,-5.52360e-9
1545880080,30219776.98260316,25889999.49792512,4329.777,3.96162e14,0.6118,-4.39861e6,2.20624e6,-5.53404e-9
1545880110,30204488.541835114,25871832.20571313,4332.656,3.98359e14,0.0606,-4.41903e6,2.21037e6,-5.54441e-9
1545880140,30189161.045463823,25853692.493206818,4335.469,4.00553e14,0.4899,-4.43944e6,2.21448e6,-5.55472e-9
1545880170,30173794.63374304,25835580.795056447,4338.214,3.93951e14,1.1665,-4.41088e6,2.21856e6,-5.56497e-9
1545880200,30158389.447772603,25817497.546988707,4340.892,3.92072e14,1.6379,-4.40847e6,2.22261e6,-5.57515e-9
1545880230,30142945.629504666,25799443.185826533,4343.502,3.96398e14,0.5526,-4.44063e6,2.22664e6,-5.58527e-9
1545880260,30127463.321740806,25781418.149380777,4346.045,3.94722e14,0.9731,-4.43924e6,2.23065e6,-5.59532e-9
1545880290,30111942.668142952,25763422.876535248,4348.520,3.92929e14,1.4229,-4.43711e6,2.23462e6,-5.60530e-9
1545880320,30096383.81323509,25745457.807203386,4350.926,3.98939e14,0.0851,-4.47870e6,2.23857e6,-5.61522e-9
1545880350,30080786.90240731,25727523.38231628,4353.264,4.02645e14,1.0146,-4.50740e6,2.24249e6,-5.62507e-9
1545880380,30065152.08191994,25709620.043810282,4355.532,3.99090e14,0.1229,-4.49520e6,2.24639e6,-5.63485e-9
1545880410,30049479.49890745,25691748.234614532,4357.731,3.97836e14,0.1919,-4.49586e6,2.25026e6,-5.64456e-9
1545880440,30033769.301382657,25673908.398638178,4359.861,4.01100e14,0.6270,-4.52199e6,2.25409e6,-5.65420e-9
1545880470,30018021.638240695,25656100.98075744,4361.921,3.98645e14,0.0112,-4.51574e6,2.25790e6,-5.66376e-9
1545880500,30002236.659263153,25638326.426802274,4363.910,3.96508e14,0.5249,-4.51118e6,2.26169e6,-5.67326e-9
1545880530,29986414.515123926,25620585.18350467,4365.829,4.00016e14,0.3553,-4.53860e6,2.26544e6,-5.68268e-9
1545880560,29970555.357388005,25602877.698603153,4367.678,3.96690e14,0.4794,-4.52713e6,2.26916e6,-5.69203e-9
1545880590,29954659.338520847,25585204.420710266,4369.455,3.92893e14,1.4319,-4.51285e6,2.27285e6,-5.70130e-9
1545880620,29938726.61189085,25567565.799336355,4371.161,4.00183e14,0.3970,-4.56176e6,2.27652e6,-5.71050e-9
1545880650,29922757.33177353,25549962.28487493,4372.795,3.98566e14,0.0086,-4.55980e6,2.28015e6,-5.71962e-9
1545880680,29906751.653355666,25532394.328587655,4374.357,3.93231e14,1.3470,-4.53644e6,2.28375e6,-5.72867e-9
1545880710,29890709.732739586,25514862.382589128,4375.847,3.99040e14,0.1103,-4.57686e6,2.28732e6,-5.73763e-9
1545880740,29874631.726947285,25497366.899831362,4377.265,4.00188e14,0.3984,-4.59055e6,2.29086e6,-5.74652e-9
1545880770,29858517.793924678,25479908.334088188,4378.609,3.96516e14,0.5230,-4.57644e6,2.29437e6,-5.75533e-9
1545880800,29842368.092545845,25462487.139939275,4379.881,3.96557e14,0.5126,-4.58362e6,2.29784e6,-5.76406e-9
1545880830,29826182.782617755,25445103.772792276,4381.079,3.98599e14,0.0004,-4.60228e6,2.30128e6,-5.77270e-9
1545880860,29809962.02488295,25427758.688748434,4382.203,3.98303e14,0.0747,-4.60739e6,2.30469e6,-5.78127e-9
1545880890,29793705.98102546,25410452.344704326,4383.254,3.95017e14,0.8990,-4.59512e6,2.30807e6,-5.78975e-9
1545880920,29777414.813674547,25393185.19829703,4384.230,3.96905e14,0.4253,-4.61273e6,2.31141e6,-5.79815e-9
1545880950,29761088.6864089,25375957.707887333,4385.131,3.97854e14,0.1873,-4.62484e6,2.31472e6,-5.80646e-9
1545880980,29744727.763761025,25358770.33254279,4385.957,3.96260e14,0.5873,-4.62212e6,2.31800e6,-5.81469e-9
1545881010,29728332.21122147,25341623.532020412,4386.709,3.98840e14,0.0601,-4.64361e6,2.32124e6,-5.82283e-9
1545881040,29711902.19524312,25324517.766749293,4387.384,3.97786e14,0.2043,-4.64389e6,2.32444e6,-5.83088e-9
1545881070,29695437.883245494,25307453.49781278,4387.984,4.01155e14,0.6409,-4.66990e6,2.32761e6,-5.83884e-9
1545881100,29678939.44361904,25290431.186930586,4388.508,4.04538e14,1.4897,-4.69597e6,2.33075e6,-5.84672e-9
1545881130,29662407.045721147,25273451.296408188,4388.956,3.99155e14,0.1390,-4.67070e6,2.33385e6,-5.85451e-9
1545881160,29645840.859906,25256514.28921801,4389.327,3.97160e14,0.3613,-4.66515e6,2.33691e6,-5.86220e-9
1545881190,29629241.05750325,25239620.62888077,4389.620,3.98137e14,0.1162,-4.67692e6,2.33994e6,-5.86980e-9
1545881220,29612607.810830515,25222770.779478543,4389.837,3.99379e14,0.1952,-4.69020e6,2.34293e6,-5.87731e-9
1545881250,29595941.293197744,25205965.20563525,4389.976,3.99449e14,0.2128,-4.69653e6,2.34588e6,-5.88473e-9
1545881280,29579241.678911313,25189204.372496877,4390.037,3.96206e14,0.6007,-4.68326e6,2.34879e6,-5.89205e-9
1545881310,29562509.1432785,25172488.745711494,4390.020,3.95866e14,0.6859,-4.68699e6,2.35167e6,-5.89928e-9
1545881340,29545743.86261159,25155818.79140892,4389.925,3.99750e14,0.2883,-4.71559e6,2.35451e6,-5.90641e-9
1545881370,29528946.014232274,25139194.9761802,4389.751,3.96339e14,0.5674,-4.70103e6,2.35730e6,-5.91345e-9
1545881400,29512115.776475936,25122617.76705681,4389.498,3.95648e14,0.7406,-4.70245e6,2.36006e6,-5.92038e-9
1545881430,29495253.328712363,25106087.6315128,4389.166,4.00342e14,0.4370,-4.73570e6,2.36278e6,-5.92722e-9
1545881460,29478358.85129956,25089605.03737209,4388.754,4.01315e14,0.6810,-4.74685e6,2.36546e6,-5.93395e-9
1545881490,29461432.52563875,25073170.452858616,4388.262,3.99784e14,0.2969,-4.74305e6,2.36810e6,-5.94059e-9
1545881520,29444474.534162495,25056784.346551552,4387.690,3.99906e14,0.3276,-4.74899e6,2.37070e6,-5.94712e-9
1545881550,29427485.06033918,25040447.187363494,4387.038,3.95983e14,0.6568,-4.73076e6,2.37326e6,-5.95355e-9
1545881580,29410464.288677488,25024159.444518317,4386.305,3.93022e14,1.3994,-4.71814e6,2.37578e6,-5.95988e-9
1545881610,29393412.404731,25007921.587528966,4385.491,3.95381e14,0.8077,-4.73713e6,2.37825e6,-5.96610e-9
1545881640,29376329.595102627,24991734.086174823,4384.596,3.94158e14,1.1145,-4.73468e6,2.38068e6,-5.97222e-9
1545881670,29359216.047449123,24975597.41047895,4383.619,3.94574e14,1.0102,-4.74193e6,2.38307e6,-5.97823e-9
1545881700,29342071.950485654,24959512.03068497,4382.560,3.94498e14,1.0292,-4.74615e6,2.38542e6,-5.98413e-9
1545881730,29324897.493974883,24943478.41722018,4381.419,3.95058e14,0.8888,-4.75409e6,2.38772e6,-5.98992e-9
1545881760,29307692.86877893,24927497.040714245,4380.196,3.96480e14,0.5319,-4.76713e6,2.38998e6,-5.99561e-9
1545881790,29290458.26681624,24911568.371932864,4378.890,3.95951e14,0.6647,-4.76838e6,2.39220e6,-6.00118e-9
1545881820,29273193.881081343,24895692.881767374,4377.501,3.96031e14,0.6445,-4.77319e6,2.39437e6,-6.00664e-9
1545881850,29255899.905649286,24879871.041210383,4376.029,3.97958e14,0.1613,-4.78902e6,2.39650e6,-6.01199e-9
1545881880,29238576.535679832,24864103.321331162,4374.473,3.94976e14,0.9092,-4.77524e6,2.39858e6,-6.01723e-9
1545881910,29221223.967421953,24848390.19325075,4372.834,3.94861e14,0.9382,-4.77861e6,2.40062e6,-6.02235e-9
1545881940,29203842.398218025,24832732.128116835,4371.110,4.00083e14,0.3720,-4.81405e6,2.40261e6,-6.02736e-9
1545881970,29186432.02650822,24817129.59707837,4369.302,3.99047e14,0.1120,-4.81170e6,2.40455e6,-6.03225e-9
1545882000,29168993.05183475,24801583.07126,4367.410,4.02509e14,0.9805,-4.83640e6,2.40645e6,-6.03703e-9
1545882030,29151525.67484718,24786093.02174472,4365.433,4.01450e14,0.7150,-4.83373e6,2.40830e6,-6.04168e-9
1545882060,29134030.097303726,24770659.919521343,4363.370,4.00923e14,0.5828,-4.83417e6,2.41010e6,-6.04622e-9
1545882090,29116506.52207861,24755284.235485036,4361.222,4.02403e14,0.9540,-4.84665e6,2.41185e6,-6.05064e-9
1545882120,29098955.153165426,24739966.440402076,4358.989,3.94945e14,0.9172,-4.80492e6,2.41356e6,-6.05493e-9
1545882150,29081376.19568136,24724707.004883062,4356.669,3.92461e14,1.5402,-4.79318e6,2.41522e6,-6.05910e-9
1545882180,29063769.855871577,24709506.399356082,4354.263,3.96735e14,0.4680,-4.82229e6,2.41682e6,-6.06316e-9
1545882210,29046136.34111349,24694365.094039403,4351.771,3.96411e14,0.5492,-4.82344e6,2.41838e6,-6.06708e-9
1545882240,29028475.85992114,24679283.558914095,4349.192,3.94654e14,0.9900,-4.81579e6,2.41989e6,-6.07088e-9
1545882270,29010788.62194946,24664262.263696343,4346.526,3.91139e14,1.8720,-4.79734e6,2.42135e6,-6.07456e-9
1545882300,28993074.837998707,24649301.67780957,4343.773,3.91124e14,1.8756,-4.80005e6,2.42276e6,-6.07811e-9
1545882330,28975334.7200378,24634402.27035055,4340.932,4.00070e14,0.3688,-4.85715e6,2.42411e6,-6.08153e-9
1545882360,28957568.481149994,24619564.510079004,4338.004,4.03832e14,1.3126,-4.88267e6,2.42542e6,-6.08482e-9
1545882390,28939776.335595943,24604788.86537066,4334.987,3.98103e14,0.1249,-4.85031e6,2.42667e6,-6.08798e-9
1545882420,28921958.498799246,24590075.80419442,4331.883,3.94251e14,1.0913,-4.82926e6,2.42787e6,-6.09101e-9
1545882450,28904115.18735094,24575425.79408331,4328.689,3.96400e14,0.5521,-4.84464e6,2.42902e6,-6.09391e-9
1545882480,28886246.61901392,24560839.30210515,4325.407,3.95063e14,0.8875,-4.83869e6,2.43012e6,-6.09667e-9
1545882510,28868353.01272752,24546316.794833172,4322.036,3.99152e14,0.1384,-4.86571e6,2.43116e6,-6.09930e-9
1545882540,28850434.588611905,24531858.738316186,4318.576,4.00457e14,0.4657,-4.87565e6,2.43215e6,-6.10180e-9
1545882570,28832491.56797251,24517465.598048814,4315.026,3.99176e14,0.1445,-4.86972e6,2.43308e6,-6.10416e-9
1545882600,28814524.17330446,24503137.838941284,4311.386,4.00284e14,0.4223,-4.87824e6,2.43396e6,-6.10638e-9
1545882630,28796532.62826529,24488875.92529258,4307.657,3.97825e14,0.1946,-4.86488e6,2.43478e6,-6.10846e-9
1545882660,28778517.157776944,24474680.320749216,4303.837,3.98939e14,0.0850,-4.87323e6,2.43555e6,-6.11041e-9
1545882690,28760477.987932328,24460551.488285635,4299.926,4.01839e14,0.8126,-4.89239e6,2.43627e6,-6.11222e-9
1545882720,28742415.346030995,24446489.890169706,4295.925,4.00732e14,0.5349,-4.88695e6,2.43692e6,-6.11388e-9
1545882750,28724329.460583195,24432495.98793162,4291.833,3.98355e14,0.0616,-4.87362e6,2.43752e6,-6.11540e-9
1545882780,28706220.561313853,24418570.24233268,4287.650,3.95351e14,0.8151,-4.85634e6,2.43806e6,-6.11678e-9
1545882810,28688088.8791666,24404713.113333885,4283.376,3.95128e14,0.8711,-4.85595e6,2.43855e6,-6.11802e-9
1545882840,28669934.64630775,24390925.060064256,4279.010,3.98572e14,0.0071,-4.87788e6,2.43898e6,-6.11911e-9
1545882870,28651758.09613022,24377206.540789124,4274.552,4.00568e14,0.4936,-4.89085e6,2.43935e6,-6.12006e-9
1545882900,28633559.463257484,24363558.012878027,4270.001,3.99290e14,0.1729,-4.88365e6,2.43966e6,-6.12085e-9
1545882930,28615338.98357896,24349979.932773527,4265.359,3.96714e14,0.4732,-4.86840e6,2.43991e6,-6.12150e-9
1545882960,28597096.894157153,24336472.755956337,4260.624,3.97037e14,0.3923,-4.87076e6,2.44010e6,-6.12200e-9
1545882990,28578833.43332846,24323036.93691507,4255.796,3.94232e14,1.0960,-4.85386e6,2.44023e6,-6.12236e-9
1545883020,28560548.840676013,24309672.929112907,4250.876,3.97461e14,0.2859,-4.87378e6,2.44031e6,-6.12256e-9
1545883050,28542243.357033826,24296381.18495478,4245.862,4.00029e14,0.3583,-4.88954e6,2.44032e6,-6.12260e-9
1545883080,28523917.224490907,24283162.155754376,4240.755,3.97117e14,0.3723,-4.87161e6,2.44027e6,-6.12250e-9
1545883110,28505570.686395474,24270016.291701026,4235.554,3.96736e14,0.4677,-4.86907e6,2.44016e6,-6.12224e-9
1545883140,28487203.98735896,24256944.041826405,4230.260,3.97536e14,0.2671,-4.87363e6,2.43999e6,-6.12183e-9
1545883170,28468817.373260185,24243945.85397112,4224.872,4.00741e14,0.5369,-4.89279e6,2.43975e6,-6.12126e-9
1545883200,28450411.091249373,24231022.174751118,4219.389,3.99796e14,0.2998,-4.88642e6,2.43945e6,-6.12053e-9
1545883230,28431985.389729276,24218173.4495191,4213.812,3.97577e14,0.2567,-4.87213e6,2.43909e6,-6.11965e-9
1545883260,28413540.518429916,24205400.12234574,4208.140,3.97860e14,0.1857,-4.87302e6,2.43867e6,-6.11861e-9
1545883290,28395076.728341736,24192702.63597069,4202.374,3.98379e14,0.0556,-4.87523e6,2.43818e6,-6.11741e-9
1545883320,28376594.27174227,24180081.431773316,4196.513,3.98532e14,0.0171,-4.87507e6,2.43763e6,-6.11604e-9
1545883350,28358093.40219991,24167536.949738447,4190.556,3.94925e14,0.9220,-4.85180e6,2.43702e6,-6.11452e-9
1545883380,28339574.374577515,24155069.628421985,4184.505,3.93128e14,1.3730,-4.83946e6,2.43634e6,-6.11283e-9
1545883410,28321037.445036203,24142679.90491651,4178.358,3.98354e14,0.0619,-4.86992e6,2.43559e6,-6.11098e-9
1545883440,28302482.871038873,24130368.214816626,4172.115,4.00526e14,0.4830,-4.88158e6,2.43478e6,-6.10897e-9
1545883470,28283910.91135381,24118134.992184356,4165.776,3.97962e14,0.1601,-4.86417e6,2.43390e6,-6.10679e-9
1545883500,28265321.82605832,24105980.66951435,4159.341,3.98555e14,0.0113,-4.86592e6,2.43296e6,-6.10444e-9
1545883530,28246715.876555905,24093905.677708007,4152.810,3.98430e14,0.0429,-4.86314e6,2.43195e6,-6.10193e-9
1545883560,28228093.325537488,24081910.44601084,4146.183,3.95094e14,0.8797,-4.84065e6,2.43087e6,-6.09924e-9
1545883590,28209454.437027194,24069995.402005278,4139.459,3.98603e14,0.0006,-4.85977e6,2.42973e6,-6.09639e-9
1545883620,28190799.47637222,24058160.97156664,4132.639,3.98573e14,0.0069,-4.85717e6,2.42852e6,-6.09337e-9
1545883650,28172128.710246306,24046407.578828026,4125.721,3.93589e14,1.2572,-4.82426e6,2.42724e6,-6.09018e-9
1545883680,28153442.40665325,24034735.646145146,4118.707,3.94863e14,0.9376,-4.82935e6,2.42589e6,-6.08681e-9
1545883710,28134740.834930364,24023145.59406113,4111.595,3.97690e14,0.2284,-4.84373e6,2.42447e6,-6.08328e-9
1545883740,28116024.26575179,24011637.84127119,4104.386,3.97935e14,0.1669,-4.84225e6,2.42298e6,-6.07957e-9
1545883770,28097292.97113201,24000212.80458734,4097.080,3.97175e14,0.3576,-4.83453e6,2.42142e6,-6.07568e-9
1545883800,28078547.224429056,23988870.898902915,4089.676,3.98121e14,0.1203,-4.83704e6,2.41980e6,-6.07162e-9
1545883830,28059787.300340015,23977612.53714679,4082.175,3.97288e14,0.3292,-4.82860e6,2.41810e6,-6.06738e-9
1545883860,28041013.474928383,23966438.13028009,4074.575,3.96244e14,0.5911,-4.81875e6,2.41633e6,-6.06297e-9
1545883890,28022226.02560321,23955348.087228287,4066.878,4.00658e14,0.5162,-4.84183e6,2.41449e6,-6.05837e-9
1545883920,28003425.23113001,23944342.81485609,4059.082,4.02077e14,0.8722,-4.84660e6,2.41258e6,-6.05360e-9
1545883950,27984611.371633727,23933422.717931807,4051.189,3.97671e14,0.2331,-4.81598e6,2.41060e6,-6.04865e-9
1545883980,27965784.728601806,23922588.199091677,4043.197,3.95660e14,0.7376,-4.79973e6,2.40855e6,-6.04352e-9
1545884010,27946945.584887117,23911839.658804268,4035.106,3.95615e14,0.7489,-4.79522e6,2.40642e6,-6.03820e-9
1545884040,27928094.224710844,23901177.49533475,4026.917,3.98572e14,0.0072,-4.80869e6,2.40422e6,-6.03270e-9
1545884070,27909230.933665324,23890602.104709316,4018.629,3.98144e14,0.1146,-4.80157e6,2.40195e6,-6.02702e-9
1545884100,27890355.99871689,23880113.880679518,4010.242,3.97466e14,0.2845,-4.79281e6,2.39960e6,-6.02116e-9
1545884130,27871469.70821493,23869713.214693245,4001.756,3.98501e14,0.0250,-4.79421e6,2.39718e6,-6.01511e-9
1545884160,27852572.35187521,23859400.495838977,3993.172,3.96942e14,0.4160,-4.77987e6,2.39469e6,-6.00887e-9
1545884190,27833664.22080169,23849176.110830445,3984.488,3.98976e14,0.0943,-4.78696e6,2.39212e6,-6.00245e-9
1545884220,27814745.60748304,23839040.443964705,3975.705,4.00673e14,0.5200,-4.79185e6,2.38948e6,-5.99584e-9
1545884250,27795816.80579521,23828993.877086744,3966.823,3.97394e14,0.3028,-4.76677e6,2.38676e6,-5.98905e-9
1545884280,27776878.111003965,23819036.789554164,3957.841,3.96455e14,0.5382,-4.75559e6,2.38397e6,-5.98206e-9
1545884310,27757929.819767382,23809169.558202,3948.760,3.97485e14,0.2798,-4.75603e6,2.38110e6,-5.97488e-9
1545884340,27738972.23013826,23799392.55730744,3939.580,4.00491e14,0.4742,-4.76809e6,2.37816e6,-5.96752e-9
1545884370,27720005.64156649,23789706.15855488,3930.299,4.01119e14,0.6318,-4.76579e6,2.37514e6,-5.95996e-9
1545884400,27701030.354901332,23780110.731000785,3920.920,3.99325e14,0.1817,-4.74890e6,2.37204e6,-5.95221e-9
1545884430,27682046.672385912,23770606.641044654,3911.440,4.01918e14,0.8323,-4.75797e6,2.36886e6,-5.94427e-9
1545884460,27663054.897683192,23761194.252376135,3901.861,4.00201e14,0.4016,-4.74126e6,2.36561e6,-5.93613e-9
1545884490,27644055.33585453,23751873.92595857,3892.181,3.98227e14,0.0937,-4.72289e6,2.36228e6,-5.92780e-9
1545884520,27625048.293369144,23742646.01998844,3882.402,4.01015e14,0.6057,-4.73259e6,2.35888e6,-5.91927e-9
1545884550,27606034.07810611,23733510.889860876,3872.523,3.99992e14,0.3490,-4.71956e6,2.35539e6,-5.91055e-9
1545884580,27587012.99935611,23724468.888135277,3862.544,3.96894e14,0.4280,-4.69416e6,2.35183e6,-5.90163e-9
1545884610,27567985.367823254,23715520.364501074,3852.465,3.95737e14,0.7184,-4.68008e6,2.34819e6,-5.89252e-9
1545884640,27548951.49562672,23706665.665743552,3842.286,3.91737e14,1.7218,-4.64914e6,2.34447e6,-5.88321e-9
1545884670,27529911.696302395,23697905.13570983,3832.007,3.95291e14,0.8303,-4.66249e6,2.34067e6,-5.87370e-9
1545884700,27510866.28480438,23689239.115274925,3821.627,3.99763e14,0.2916,-4.68100e6,2.33679e6,-5.86399e-9
1545884730,27491815.57751479,23680667.942284692,3811.148,4.01111e14,0.6297,-4.68097e6,2.33284e6,-5.85408e-9
1545884760,27472759.89221968,23672191.95159443,3800.568,3.98351e14,0.0625,-4.65675e6,2.32880e6,-5.84397e-9
1545884790,27453699.54813557,23663811.4749627,3789.888,3.93739e14,1.2196,-4.62162e6,2.32468e6,-5.83366e-9
1545884820,27434634.865902673,23655526.841041464,3779.108,3.97946e14,0.1643,-4.63778e6,2.32048e6,-5.82314e-9
1545884850,27415566.16758606,23647338.3753428,3768.228,4.00202e14,0.4017,-4.64235e6,2.31620e6,-5.81243e-9
1545884880,27396493.776676893,23639246.400205802,3757.247,4.02742e14,1.0391,-4.64836e6,2.31184e6,-5.80151e-9
1545884910,27377418.018093456,23631251.23476374,3746.167,4.03316e14,1.1831,-4.64276e6,2.30740e6,-5.79039e-9
1545884940,27358339.21818216,23623353.19491134,3734.986,4.00588e14,0.4986,-4.61791e6,2.30288e6,-5.77907e-9
1545884970,27339257.704718478,23615552.593272343,3723.705,3.97522e14,0.2706,-4.59100e6,2.29828e6,-5.76754e-9
1545885000,27320173.806907758,23607849.739167336,3712.324,3.94305e14,1.0776,-4.56314e6,2.29360e6,-5.75580e-9
1545885030,27301087.855380364,23600244.93862,3700.843,3.95894e14,0.6790,-4.56279e6,2.28883e6,-5.74386e-9
1545885060,27282000.182209548,23592738.49420731,3689.262,3.95192e14,0.8550,-4.54911e6,2.28398e6,-5.73172e-9
1545885090,27262911.120894954,23585330.705146734,3677.580,3.95844e14,0.6914,-4.54303e6,2.27905e6,-5.71937e-9
1545885120,27243821.006368592,23578021.86722684,3665.799,4.00704e14,0.5277,-4.56078e6,2.27404e6,-5.70681e-9
1545885150,27224730.17499513,23570812.272776663,3653.918,3.96236e14,0.5933,-4.52512e6,2.26894e6,-5.69404e-9
1545885180,27205638.964572135,23563702.210635364,3641.937,3.95006e14,0.9017,-4.50782e6,2.26376e6,-5.68107e-9
1545885210,27186547.714330237,23556691.966122024,3629.856,3.99826e14,0.3074,-4.52466e6,2.25850e6,-5.66788e-9
1545885240,27167456.764933158,23549781.821005903,3617.675,3.94741e14,0.9681,-4.48522e6,2.25315e6,-5.65449e-9
1545885270,27148366.458477646,23542972.05347675,3605.394,3.94850e14,0.9408,-4.47503e6,2.24773e6,-5.64089e-9
1545885300,27129277.138493292,23536262.938115556,3593.014,3.98807e14,0.0518,-4.48633e6,2.24221e6,-5.62708e-9
1545885330,27110189.14994473,23529654.745822538,3580.534,4.02391e14,0.9509,-4.49526e6,2.23662e6,-5.61306e-9
1545885360,27091102.839223813,23523147.743920837,3567.955,4.00690e14,0.5242,-4.47433e6,2.23094e6,-5.59883e-9
1545885390,27072018.554156464,23516742.19599509,3555.276,3.95700e14,0.7277,-4.43492e6,2.22518e6,-5.58439e-9
1545885420,27052936.6439997,23510438.361905996,3542.498,4.01692e14,0.7755,-4.45664e6,2.21933e6,-5.56973e-9
1545885450,27033857.45944102,23504236.497762028,3529.621,4.03770e14,1.2969,-4.45629e6,2.21340e6,-5.55487e-9
1545885480,27014781.352597516,23498136.85589157,3516.644,3.99789e14,0.2982,-4.42213e6,2.20738e6,-5.53979e-9
1545885510,26995708.67701507,23492139.684815314,3503.569,3.97720e14,0.2209,-4.39849e6,2.20128e6,-5.52450e-9
1545885540,26976639.78766725,23486245.229218945,3490.395,3.96925e14,0.4203,-4.38176e6,2.19509e6,-5.50900e-9
1545885570,26957575.04095421,23480453.729926296,3477.121,3.98291e14,0.0776,-4.37675e6,2.18883e6,-5.49329e-9
1545885600,26938514.79470144,23474765.42387272,3463.749,3.98459e14,0.0355,-4.36497e6,2.18247e6,-5.47736e-9
1545885630,26919459.40815536,23469180.544113614,3450.279,3.96504e14,0.5259,-4.34143e6,2.17603e6,-5.46122e-9
1545885660,26900409.241991144,23463699.31969154,3436.710,3.98428e14,0.0433,-4.33889e6,2.16951e6,-5.44487e-9
1545885690,26881364.658301853,23458321.97571817,3423.043,4.02334e14,0.9365,-4.34688e6,2.16290e6,-5.42830e-9
1545885720,26862326.02059966,23453048.733314734,3409.277,4.01804e14,0.8037,-4.33057e6,2.15620e6,-5.41152e-9
1545885750,26843293.69381399,23447879.80958764,3395.414,3.98328e14,0.0684,-4.29821e6,2.14942e6,-5.39453e-9
1545885780,26824268.044289485,23442815.417604398,3381.453,3.94688e14,0.9816,-4.26492e6,2.14256e6,-5.37732e-9
1545885810,26805249.439784,23437855.76637009,3367.394,3.93578e14,1.2601,-4.24514e6,2.13560e6,-5.35989e-9
1545885840,26786238.249466263,23433001.060804173,3353.237,3.95747e14,0.7159,-4.24275e6,2.12857e6,-5.34226e-9
1545885870,26767234.84391351,23428251.501717657,3338.983,3.94199e14,1.1041,-4.22032e6,2.12145e6,-5.32440e-9
1545885900,26748239.59510908,23423607.285790756,3324.632,3.95397e14,0.8037,-4.21235e6,2.11424e6,-5.30633e-9
1545885930,26729252.876447566,23419068.605529606,3310.184,3.99738e14,0.2854,-4.22078e6,2.10695e6,-5.28805e-9
1545885960,26710275.06270781,23414635.649310626,3295.639,4.04865e14,1.5718,-4.23303e6,2.09957e6,-5.26955e-9
1545885990,26691306.530074414,23410308.601293173,3280.998,4.02159e14,0.8927,-4.20378e6,2.09210e6,-5.25084e-9
1545886020,26672347.6561268,23406087.641420133,3266.260,3.98431e14,0.0426,-4.16911e6,2.08455e6,-5.23192e-9
1545886050,26653398.819836184,23401972.94539752,3251.426,4.02549e14,0.9906,-4.17532e6,2.07692e6,-5.21277e-9
1545886080,26634460.401562262,23397964.6846745,3236.496,3.96542e14,0.5163,-4.12861e6,2.06920e6,-5.19342e-9
1545886110,26615532.783049867,23394063.026423875,3221.470,3.96336e14,0.5681,-4.11197e6,2.06139e6,-5.17384e-9
1545886140,26596616.347425397,23390268.133522987,3206.348,4.00443e14,0.4623,-4.11741e6,2.05350e6,-5.15406e-9
1545886170,26577711.479193125,23386580.164535083,3191.131,3.98654e14,0.0135,-4.09223e6,2.04552e6,-5.13405e-9
1545886200,26558818.564231336,23382999.27369114,3175.819,4.00026e14,0.3577,-4.08313e6,2.03746e6,-5.11384e-9
1545886230,26539937.9897759,23379525.61088402,3160.412,4.01561e14,0.7429,-4.07463e6,2.02931e6,-5.09340e-9
1545886260,26521070.14445449,23376159.321614556,3144.911,4.01046e14,0.6135,-4.05549e6,2.02108e6,-5.07276e-9
1545886290,26502215.418243706,23372900.547011796,3129.315,3.98729e14,0.0323,-4.02710e6,2.01276e6,-5.05190e-9
1545886320,26483374.20247704,23369749.423804805,3113.625,3.97280e14,0.3313,-4.00300e6,2.00435e6,-5.03082e-9
1545886350,26464546.889840048,23366706.084306926,3097.841,3.99610e14,0.2533,-3.99772e6,1.99586e6,-5.00953e-9
1545886380,26445733.87436549,23363770.65640055,3081.963,3.98444e14,0.0393,-3.97474e6,1.98729e6,-4.98803e-9
1545886410,26426935.551428314,23360943.263522383,3065.992,3.95105e14,0.8770,-3.94084e6,1.97863e6,-4.96631e-9
1545886440,26408152.31774037,23358224.024649173,3049.928,3.96631e14,0.4940,-3.93098e6,1.96988e6,-4.94438e-9
1545886470,26389384.571345046,23355613.05428397,3033.772,3.97502e14,0.2756,-3.91765e6,1.96105e6,-4.92223e-9
1545886500,26370632.71161174,23353110.462442774,3017.522,3.96669e14,0.4846,-3.89576e6,1.95214e6,-4.89988e-9
1545886530,26351897.139241103,23350716.354628064,3001.181,3.97081e14,0.3812,-3.87982e6,1.94314e6,-4.87731e-9
1545886560,26333178.25622534,23348430.8318592,2984.747,3.99441e14,0.2108,-3.87314e6,1.93405e6,-4.85452e-9
1545886590,26314476.465876218,23346253.99061757,2968.222,3.97144e14,0.3654,-3.84369e6,1.92488e6,-4.83153e-9
1545886620,26295792.172807854,23344185.92284925,2951.606,3.95178e14,0.8587,-3.81577e6,1.91563e6,-4.80832e-9
1545886650,26277125.782930482,23342226.715954173,2934.899,3.95036e14,0.8943,-3.79650e6,1.90629e6,-4.78490e-9
1545886680,26258477.70344401,23340376.452775754,2918.101,3.97531e14,0.2682,-3.78962e6,1.89687e6,-4.76127e-9
1545886710,26239848.34283142,23338635.21159121,2901.213,3.97687e14,0.2291,-3.77138e6,1.88736e6,-4.73743e-9
1545886740,26221238.11085194,23337003.06610222,2884.235,3.97161e14,0.3611,-3.74974e6,1.87777e6,-4.71338e-9
1545886770,26202647.41853412,23335480.08542627,2867.167,3.99345e14,0.1867,-3.74067e6,1.86810e6,-4.68912e-9
1545886800,26184076.67816864,23334066.33408843,2850.010,3.95668e14,0.7357,-3.70399e6,1.85834e6,-4.66465e-9
1545886830,26165526.303300884,23332761.872036148,2832.764,4.00917e14,0.5812,-3.70874e6,1.84850e6,-4.63997e-9
1545886860,26146996.708723858,23331566.754563138,2815.430,4.03415e14,1.2079,-3.70037e6,1.83858e6,-4.61508e-9
1545886890,26128488.31046998,23330481.03237214,2798.007,3.99077e14,0.1197,-3.66033e6,1.82858e6,-4.58998e-9
1545886920,26110001.525803342,23329504.751546677,2780.497,4.01347e14,0.6889,-3.65050e6,1.81849e6,-4.56468e-9
1545886950,26091536.77321167,23328637.953545775,2762.899,3.98549e14,0.0128,-3.61740e6,1.80832e6,-4.53916e-9
1545886980,26073094.47239788,23327880.675199203,2745.214,3.95727e14,0.7208,-3.58416e6,1.79806e6,-4.51345e-9
1545887010,26054675.044271767,23327232.948703337,2727.442,3.99531e14,0.2336,-3.58063e6,1.78773e6,-4.48752e-9
1545887040,26036278.910941146,23326694.801617496,2709.584,4.00728e14,0.5337,-3.56512e6,1.77731e6,-4.46139e-9
1545887070,26017906.49570301,23326266.25686079,2691.640,3.97237e14,0.3422,-3.52858e6,1.76681e6,-4.43506e-9
1545887100,25999558.223034363,23325947.332709566,2673.611,3.98035e14,0.1417,-3.51098e6,1.75623e6,-4.40852e-9
1545887130,25981234.518566437,23325738.04276298,2655.496,3.97945e14,0.1645,-3.48928e6,1.74557e6,-4.38178e-9
1545887160,25962935.809125964,23325638.39604135,2637.297,3.99329e14,0.1828,-3.47385e6,1.73483e6,-4.35484e-9
1545887190,25944662.522674482,23325648.396884996,2619.014,4.00142e14,0.3868,-3.45570e6,1.72401e6,-4.32769e-9
1545887220,25926415.088314686,23325768.044985976,2600.647,3.94089e14,1.1318,-3.40783e6,1.71311e6,-4.30034e-9
1545887250,25908193.936280224,23325997.335387908,2582.197,3.95478e14,0.7833,-3.39193e6,1.70213e6,-4.27279e-9
1545887280,25889999.49792512,23326336.258486386,2563.663,4.00029e14,0.3583,-3.38921e6,1.69107e6,-4.24505e-9
1545887310,25871832.20571313,23326784.800029896,2545.047,3.97216e14,0.3474,-3.35503e6,1.67993e6,-4.21710e-9
1545887340,25853692.493206818,23327342.94112128,2526.350,4.01217e14,0.6563,-3.34939e6,1.66871e6,-4.18895e-9
1545887370,25835580.795056447,23328010.65821979,2507.570,4.06125e14,1.8877,-3.34714e6,1.65741e6,-4.16061e-9
1545887400,25817497.546988707,23328787.92314366,2488.710,3.97409e14,0.2989,-3.28816e6,1.64604e6,-4.13207e-9
1545887430,25799443.185826533,23329674.703108598,2469.768,3.95503e14,0.7770,-3.25747e6,1.63458e6,-4.10334e-9
1545887460,25781418.149380777,23330670.96062254,2450.747,4.03515e14,1.2331,-3.26714e6,1.62305e6,-4.07441e-9
1545887490,25763422.876535248,23331776.653599136,2431.646,4.03552e14,1.2422,-3.24393e6,1.61145e6,-4.04528e-9
1545887520,25745457.807203386,23332991.735327527,2412.466,3.97114e14,0.3730,-3.19456e6,1.59976e6,-4.01597e-9
1545887550,25727523.38231628,23334316.154477928,2393.207,3.91741e14,1.7208,-3.14966e6,1.58800e6,-3.98646e-9
1545887580,25709620.043810282,23335749.855107848,2373.870,3.96987e14,0.4048,-3.14694e6,1.57616e6,-3.95676e-9
1545887610,25691748.234614532,23337292.77666884,2354.455,3.98818e14,0.0545,-3.13035e6,1.56425e6,-3.92687e-9
1545887640,25673908.398638178,23338944.854013722,2334.964,3.97563e14,0.2604,-3.10148e6,1.55226e6,-3.89679e-9
1545887670,25656100.98075744,23340706.017404426,2315.395,4.00848e14,0.5639,-3.09008e6,1.54020e6,-3.86652e-9
1545887700,25638326.426802274,23342576.192520298,2295.750,3.98262e14,0.0850,-3.05582e6,1.52806e6,-3.83607e-9
1545887730,25620585.18350467,23344555.300436214,2276.030,3.98330e14,0.0679,-3.03166e6,1.51585e6,-3.80543e-9
1545887760,25602877.698603153,23346643.257726777,2256.234,4.06241e14,1.9168,-3.03696e6,1.50356e6,-3.77460e-9
1545887790,25585204.420710266,23348839.976381075,2236.364,4.08985e14,2.6052,-3.02227e6,1.49120e6,-3.74359e-9
1545887820,25567565.799336355,23351145.36384364,2216.420,4.03729e14,1.2867,-2.97758e6,1.47877e6,-3.71240e-9
1545887850,25549962.28487493,23353559.323025092,2196.403,4.04111e14,1.3824,-2.95381e6,1.46627e6,-3.68102e-9
1545887880,25532394.328587655,23356081.752313316,2176.313,4.01478e14,0.7218,-2.91887e6,1.45369e6,-3.64947e-9
1545887910,25514862.382589128,23358712.5455852,2156.150,3.96534e14,0.5185,-2.87560e6,1.44105e6,-3.61774e-9
1545887940,25497366.899831362,23361451.59221874,2135.915,3.93737e14,1.2202,-2.84020e6,1.42833e6,-3.58582e-9
1545887970,25479908.334088188,23364298.777105786,2115.610,3.95323e14,0.8223,-2.82041e6,1.41554e6,-3.55373e-9
1545888000,25462487.139939275,23367253.980665207,2095.233,3.98214e14,0.0969,-2.80498e6,1.40268e6,-3.52147e-9
1545888030,25445103.772792276,23370317.078873325,2074.787,3.92667e14,1.4885,-2.75978e6,1.38976e6,-3.48903e-9
1545888060,25427758.688748434,23373487.94322662,2054.271,3.98049e14,0.1383,-2.75258e6,1.37676e6,-3.45642e-9
1545888090,25410452.344704326,23376766.440808047,2033.686,4.06666e14,2.0235,-2.75597e6,1.36369e6,-3.42363e-9
1545888120,25393185.19829703,23380152.43428575,2013.033,4.00642e14,0.5122,-2.70901e6,1.35056e6,-3.39068e-9
1545893430,23379525.61088402,25396548.987507306,2017.023,4.05799e14,1.8059,2.73183e6,-1.35331e6,3.39704e-9
1545893460,23376159.321614556,25413825.57885953,2037.666,3.98776e14,0.0440,2.73422e6,-1.36643e6,3.42997e-9
1545893490,23372900.547011796,25431141.289642043,2058.241,3.93911e14,1.1765,2.74348e6,-1.37948e6,3.46272e-9
1545893520,23369749.423804805,25448495.662185114,2078.746,4.03561e14,1.2445,2.80303e6,-1.39246e6,3.49531e-9
1545893550,23366706.084306926,25465888.239563067,2099.182,4.07769e14,2.3001,2.84387e6,-1.40537e6,3.52772e-9
1545893580,23363770.65640055,25483318.56561083,2119.548,4.02155e14,0.8918,2.84987e6,-1.41822e6,3.55995e-9
1545893610,23360943.263522383,25500786.18494022,2139.843,3.94424e14,1.0478,2.84776e6,-1.43099e6,3.59201e-9
1545893640,23358224.024649173,25518290.642956026,2160.067,3.94161e14,1.1138,2.87209e6,-1.44369e6,3.62390e-9
1545893670,23355613.05428397,25535831.485871766,2180.218,3.98934e14,0.0837,2.91466e6,-1.45632e6,3.65560e-9
1545893700,23353110.462442774,25553408.2607253,2200.298,4.02517e14,0.9825,2.95301e6,-1.46888e6,3.68713e-9
1545893730,23350716.354628064,25571020.51542304,2220.304,4.01121e14,0.6323,2.97292e6,-1.48137e6,3.71847e-9
1545893760,23348430.8318592,25588667.798666123,2240.237,4.03035e14,1.1127,3.00502e6,-1.49378e6,3.74963e-9
1545893790,23346253.99061757,25606349.66005447,2260.096,4.05426e14,1.7123,3.03888e6,-1.50612e6,3.78061e-9
1545893820,23344185.92284925,25624065.65007276,2279.880,3.95154e14,0.8646,3.02449e6,-1.51839e6,3.81141e-9
1545893850,23342226.715954173,25641815.3201052,2299.589,3.95106e14,0.8767,3.04859e6,-1.53059e6,3.84202e-9
1545893880,23340376.452775754,25659598.222449865,2319.222,4.02430e14,0.9608,3.10109e6,-1.54271e6,3.87244e-9
1545893910,23338635.21159121,25677413.910332974,2338.779,3.97178e14,0.3568,3.10481e6,-1.55476e6,3.90268e-9
1545893940,23337003.06610222,25695261.93792283,2358.259,3.95808e14,0.7006,3.12333e6,-1.56673e6,3.93272e-9
1545893970,23335480.08542627,25713141.860343605,2377.662,4.00972e14,0.5949,3.16751e6,-1.57862e6,3.96258e-9
1545894000,23334066.33408843,25731053.23368882,2396.987,4.00922e14,0.5823,3.19102e6,-1.59044e6,3.99225e-9
1545894030,23332761.872036148,25748995.615007963,2416.234,4.01889e14,0.8249,3.21847e6,-1.60219e6,4.02173e-9
1545894060,23331566.754563138,25766968.56240167,2435.402,4.05212e14,1.6588,3.25537e6,-1.61386e6,4.05101e-9
1545894090,23330481.03237214,25784971.634952303,2454.491,4.02071e14,0.8707,3.26594e6,-1.62545e6,4.08010e-9
1545894120,23329504.751546677,25803004.392762866,2473.500,4.02893e14,1.0769,3.29245e6,-1.63696e6,4.10900e-9
1545894150,23328637.953545775,25821066.39696916,2492.428,3.99718e14,0.2804,3.30231e6,-1.64840e6,4.13770e-9
1545894180,23327880.675199203,25839157.209751688,2511.277,3.97777e14,0.2067,3.31697e6,-1.65975e6,4.16621e-9
1545894210,23327232.948703337,25857276.39434734,2530.043,3.99336e14,0.1846,3.34606e6,-1.67103e6,4.19452e-9
1545894240,23326694.801617496,25875423.515060842,2548.729,3.97161e14,0.3611,3.35930e6,-1.68223e6,4.22263e-9
1545894270,23326266.25686079,25893598.137276012,2567.332,3.98651e14,0.0126,3.38784e6,-1.69336e6,4.25054e-9
1545894300,23325947.332709566,25911799.82746677,2585.852,4.00128e14,0.3832,3.41625e6,-1.70440e6,4.27826e-9
1545894330,23325738.04276298,25930028.153229862,2604.290,3.93777e14,1.2102,3.41088e6,-1.71536e6,4.30577e-9
1545894360,23325638.39604135,25948282.68322807,2622.644,3.91045e14,1.8954,3.42068e6,-1.72625e6,4.33309e-9
1545894390,23325648.396884996,25966562.98726811,2640.915,3.95562e14,0.7623,3.46178e6,-1.73705e6,4.36020e-9
1545894420,23325768.044985976,25984868.636289146,2659.101,3.96206e14,0.6008,3.48597e6,-1.74777e6,4.38711e-9
1545894450,23325997.335387908,26003199.20237308,2677.202,4.00147e14,0.3879,3.52459e6,-1.75842e6,4.41381e-9
1545894480,23326336.258486386,26021554.25875444,2695.218,4.01493e14,0.7258,3.55174e6,-1.76898e6,4.44032e-9
1545894510,23326784.800029896,26039933.379830252,2713.149,4.02157e14,0.8922,3.57574e6,-1.77946e6,4.46662e-9
1545894540,23327342.94112128,26058336.141169596,2730.993,4.04463e14,1.4709,3.60699e6,-1.78986e6,4.49271e-9
1545894570,23328010.65821979,26076762.11952306,2748.751,3.99490e14,0.2233,3.60531e6,-1.80017e6,4.51860e-9
1545894600,23328787.92314366,26095210.89283188,2766.423,3.96347e14,0.5654,3.61152e6,-1.81041e6,4.54429e-9
1545894630,23329674.703108598,26113682.04022402,2784.007,3.98286e14,0.0789,3.64063e6,-1.82056e6,4.56976e-9
1545894660,23330670.96062254,26132175.142062936,2801.504,4.00341e14,0.4366,3.67021e6,-1.83063e6,4.59503e-9
1545894690,23331776.653599136,26150689.779916216,2818.913,4.01721e14,0.7830,3.69661e6,-1.84062e6,4.62009e-9
1545894720,23332991.735327527,26169225.536576826,2836.234,3.99953e14,0.3393,3.70828e6,-1.85052e6,4.64495e-9
1545894750,23334316.154477928,26187781.996071182,2853.466,3.95037e14,0.8940,3.70500e6,-1.86034e6,4.66959e-9
1545894780,23335749.855107848,26206358.743667085,2870.609,3.97039e14,0.3916,3.73379e6,-1.87008e6,4.69403e-9
1545894810,23337292.77666884,26224955.365881458,2887.663,3.97577e14,0.2568,3.75560e6,-1.87974e6,4.71825e-9
1545894840,23338944.854013722,26243571.450487886,2904.627,3.96131e14,0.6196,3.76786e6,-1.88931e6,4.74227e-9
1545894870,23340706.017404426,26262206.586523887,2921.501,3.98430e14,0.0429,3.79774e6,-1.89879e6,4.76607e-9
1545894900,23342576.192520298,26280860.364298135,2938.284,4.00237e14,0.4106,3.82520e6,-1.90820e6,4.78967e-9
1545894930,23344555.300436214,26299532.37540049,2954.977,3.99466e14,0.2171,3.84016e6,-1.91752e6,4.81305e-9
1545894960,23346643.257726777,26318222.212699283,2971.579,4.00817e14,0.5560,3.86519e6,-1.92675e6,4.83622e-9
1545894990,23348839.976381075,26336929.470357366,2988.089,4.04485e14,1.4764,3.90137e6,-1.93590e6,4.85918e-9
1545895020,23351145.36384364,26355653.743835494,3004.508,4.04819e14,1.5600,3.92126e6,-1.94497e6,4.88193e-9
1545895050,23353559.323025092,26374394.629898652,3020.835,4.03326e14,1.1854,3.93205e6,-1.95395e6,4.90446e-9
1545895080,23356081.752313316,26393151.726622127,3037.070,4.03011e14,1.1064,3.94839e6,-1.96285e6,4.92678e-9
1545895110,23358712.5455852,26411924.633397467,3053.212,4.02723e14,1.0343,3.96469e6,-1.97166e6,4.94889e-9
1545895140,23361451.59221874,26430712.950938255,3069.261,3.98985e14,0.0964,3.96365e6,-1.98039e6,4.97079e-9
1545895170,23364298.777105786,26449516.281285726,3085.218,3.96140e14,0.6173,3.96674e6,-1.98903e6,4.99247e-9
1545895200,23367253.980665207,26468334.22781422,3101.080,3.99850e14,0.3135,4.00241e6,-1.99758e6,5.01394e-9
1545895230,23370317.078873325,26487166.395241417,3116.849,3.95244e14,0.8422,3.99618e6,-2.00606e6,5.03519e-9
1545895260,23373487.94322662,26506012.389618114,3132.524,3.89674e14,2.2394,3.98472e6,-2.01444e6,5.05623e-9
1545895290,23376766.440808047,26524871.81834871,3148.105,3.98380e14,0.0553,4.04534e6,-2.02274e6,5.07705e-9
1545895320,23380152.43428575,26543744.29019102,3163.592,4.02284e14,0.9241,4.08167e6,-2.03096e6,5.09766e-9
1545895350,23383645.781928815,26562629.415260945,3178.984,3.99613e14,0.2539,4.08433e6,-2.03909e6,5.11806e-9
1545895380,23387246.337623626,26581526.805036984,3194.280,4.01449e14,0.7145,4.10987e6,-2.04713e6,5.13824e-9
1545895410,23390953.9508907,26600436.072364707,3209.482,4.02989e14,1.1010,4.13379e6,-2.05509e6,5.15820e-9
1545895440,23394768.46690195,26619356.83146087,3224.588,4.01668e14,0.7696,4.14278e6,-2.06297e6,5.17795e-9
1545895470,23398689.72649846,26638288.69791757,3239.599,3.97325e14,0.3199,4.13585e6,-2.07075e6,5.19749e-9
1545895500,23402717.566208795,26657231.288706057,3254.514,3.97026e14,0.3950,4.14966e6,-2.07846e6,5.21681e-9
1545895530,23406851.81826967,26676184.22217184,3269.332,4.00891e14,0.5748,4.18510e6,-2.08607e6,5.23591e-9
1545895560,23411092.310638808,26695147.11806526,3284.055,3.98894e14,0.0736,4.18971e6,-2.09360e6,5.25480e-9
1545895590,23415438.867021,26714119.597517762,3298.681,3.98319e14,0.0706,4.20158e6,-2.10105e6,5.27348e-9
1545895620,23419891.306886066,26733101.283054,3313.210,3.98813e14,0.0532,4.21890e6,-2.10841e6,5.29194e-9
1545895650,23424449.445489362,26752091.798594855,3327.642,3.93918e14,1.1748,4.20746e6,-2.11568e6,5.31018e-9
1545895680,23429113.093892697,26771090.769460462,3341.978,3.93107e14,1.3782,4.21743e6,-2.12287e6,5.32821e-9
1545895710,23433882.05898571,26790097.82237297,3356.216,3.97331e14,0.3185,4.25412e6,-2.12998e6,5.34603e-9
1545895740,23438756.143507637,26809112.585459266,3370.356,3.99544e14,0.2367,4.28000e6,-2.13699e6,5.36363e-9
1545895770,23443735.146069422,26828134.68825348,3384.400,4.02530e14,0.9860,4.30995e6,-2.14393e6,5.38102e-9
1545895800,23448818.861176353,26847163.761699416,3398.345,4.00387e14,0.4481,4.31214e6,-2.15077e6,5.39819e-9
1545895830,23454007.07922859,26866199.438159317,3412.192,3.95825e14,0.6964,4.30098e6,-2.15754e6,5.41515e-9
1545895860,23459299.586613756,26885241.351395983,3425.942,3.96735e14,0.4680,4.31923e6,-2.16421e6,5.43189e-9
1545895890,23464696.16566104,26904289.13659501,3439.593,4.00644e14,0.5128,4.35368e6,-2.17080e6,5.44842e-9
1545895920,23470196.59468779,26923342.43036015,3453.146,3.96992e14,0.4036,4.34677e6,-2.17731e6,5.46474e-9
1545895950,23475800.64802384,26942400.870715212,3466.600,3.97406e14,0.2996,4.36185e6,-2.18373e6,5.48084e-9
1545895980,23481508.096036226,26961464.09710575,3479.956,4.01710e14,0.7800,4.39816e6,-2.19007e6,5.49673e-9
1545896010,23487318.705154356,26980531.75040069,3493.213,3.99915e14,0.3297,4.40081e6,-2.19632e6,5.51241e-9
1545896040,23493232.237895496,26999603.472893804,3506.371,3.98813e14,0.0533,4.40707e6,-2.20249e6,5.52787e-9
1545896070,23499248.45289063,27018678.908305064,3519.430,4.01782e14,0.7981,4.43569e6,-2.20857e6,5.54312e-9
1545896100,23505367.104910742,27037757.70178198,3532.391,3.99093e14,0.1236,4.43279e6,-2.21457e6,5.55816e-9
1545896130,23511587.94493039,27056839.499900732,3545.252,3.96621e14,0.4966,4.43084e6,-2.22048e6,5.57299e-9
1545896160,23517910.720040504,27075923.95066707,3558.013,3.95314e14,0.8244,4.43517e6,-2.22631e6,5.58760e-9
1545896190,23524335.173590507,27095010.70351732,3570.676,3.95215e14,0.8494,4.44605e6,-2.23206e6,5.60201e-9
1545896220,23530861.045179114,27114099.409319196,3583.238,3.99519e14,0.2304,4.48150e6,-2.23772e6,5.61620e-9
1545896250,23537488.070682548,27133189.72037247,3595.702,3.98406e14,0.0488,4.48640e6,-2.24330e6,5.63019e-9
1545896280,23544215.98228318,27152281.290409576,3608.065,3.98209e14,0.0982,4.49627e6,-2.24879e6,5.64396e-9
1545896310,23551044.508498468,27171373.774596166,3620.329,4.01725e14,0.7839,4.52697e6,-2.25420e6,5.65752e-9
1545896340,23557973.374210127,27190466.82953138,3632.493,3.97744e14,0.2149,4.51509e6,-2.25953e6,5.67088e-9
1545896370,23565002.30069367,27209560.11324818,3644.558,3.95280e14,0.8330,4.51155e6,-2.26477e6,5.68402e-9
1545896400,23572131.005648136,27228653.285213493,3656.522,3.98339e14,0.0656,4.53926e6,-2.26993e6,5.69696e-9
1545896430,23579359.2031837,27247746.006324116,3668.387,3.97790e14,0.2032,4.54627e6,-2.27501e6,5.70969e-9
1545896460,23586686.603983063,27266837.93891948,3680.151,4.00076e14,0.3702,4.56933e6,-2.28001e6,5.72221e-9
1545896490,23594112.91520024,27285928.746768788,3691.816,3.98050e14,0.1382,4.56755e6,-2.28492e6,5.73453e-9
1545896520,23601637.840533752,27305018.09507476,3703.380,3.93321e14,1.3245,4.55003e6,-2.28975e6,5.74664e-9
1545896550,23609261.08025729,27324105.65047332,3714.845,3.97287e14,0.3295,4.58230e6,-2.29450e6,5.75854e-9
1545896580,23616982.331250694,27343191.08103308,3726.209,4.02394e14,0.9518,4.62108e6,-2.29917e6,5.77024e-9
1545896610,23624801.28703111,27362274.056254838,3737.473,3.98421e14,0.0450,4.60732e6,-2.30376e6,5.78173e-9
1545896640,23632717.63778442,27381354.247070853,3748.637,3.98267e14,0.0836,4.61543e6,-2.30826e6,5.79302e-9
1545896670,23640731.070396878,27400431.325844124,3759.700,3.98065e14,0.1343,4.62310e6,-2.31269e6,5.80410e-9
1545896700,23648841.268487,27419504.96636754,3770.664,3.97823e14,0.1952,4.63036e6,-2.31703e6,5.81498e-9
1545896730,23657047.91247413,27438574.843864564,3781.527,3.97858e14,0.1863,4.63907e6,-2.32129e6,5.82566e-9
1545896760,23665350.679498278,27457640.634983234,3792.290,3.98920e14,0.0802,4.65362e6,-2.32547e6,5.83614e-9
1545896790,23673749.24356563,27476702.017800048,3802.953,4.01892e14,0.8258,4.67920e6,-2.32957e6,5.84641e-9
1545896820,23682243.275544986,27495758.671817146,3813.515,3.98324e14,0.0693,4.66637e6,-2.33359e6,5.85648e-9
1545896850,23690832.44320103,27514810.277961135,3823.978,3.96730e14,0.4694,4.66489e6,-2.33753e6,5.86636e-9
1545896880,23699516.411227804,27533856.518581707,3834.340,3.97727e14,0.2190,4.67845e6,-2.34140e6,5.87603e-9
1545896910,23708294.841282237,27552897.077450298,3844.602,3.98694e14,0.0234,4.69169e6,-2.34518e6,5.88551e-9
1545896940,23717167.39201806,27571931.63975863,3854.764,4.00727e14,0.5335,4.71108e6,-2.34888e6,5.89478e-9
1545896970,23726133.719119716,27590959.89211712,3864.826,3.98547e14,0.0133,4.70547e6,-2.35251e6,5.90386e-9
1545897000,23735193.47533645,27609981.522553317,3874.788,3.94532e14,1.0206,4.68882e6,-2.35605e6,5.91274e-9
1545897030,23744346.31049623,27628996.22051454,3884.650,3.97969e14,0.1584,4.71607e6,-2.35952e6,5.92143e-9
1545897060,23753591.871603094,27648003.676852822,3894.412,3.99347e14,0.1873,4.73101e6,-2.36291e6,5.92992e-9
1545897090,23762929.8028084,27667003.583836462,3904.074,3.98933e14,0.0834,4.73517e6,-2.36622e6,5.93821e-9
1545897120,23772359.745465837,27685995.635143925,3913.636,3.99275e14,0.1693,4.74368e6,-2.36946e6,5.94632e-9
1545897150,23781881.338165946,27704979.52586184,3923.098,3.95851e14,0.6898,4.72960e6,-2.37262e6,5.95422e-9
1545897180,23791494.216770805,27723954.952483043,3932.461,3.98181e14,0.1052,4.74963e6,-2.37570e6,5.96194e-9
1545897210,23801198.01444885,27742921.61290459,3941.724,4.00360e14,0.4414,4.76864e6,-2.37871e6,5.96946e-9
1545897240,23810992.36170964,27761879.20642558,3950.887,3.99722e14,0.2813,4.77069e6,-2.38163e6,5.97679e-9
1545897270,23820876.88643886,27780827.43374501,3959.951,4.00644e14,0.5127,4.78192e6,-2.38449e6,5.98393e-9
1545897300,23830851.21393329,27799765.99695953,3968.915,3.98607e14,0.0016,4.77527e6,-2.38727e6,5.99089e-9
1545897330,23840914.966936138,27818694.599552173,3977.780,4.00248e14,0.4132,4.79051e6,-2.38997e6,5.99765e-9
1545897360,23851067.765671354,27837612.94641763,3986.545,3.99068e14,0.1174,4.78869e6,-2.39259e6,6.00422e-9
1545897390,23861309.227879807,27856520.743832067,3995.212,3.95873e14,0.6842,4.77459e6,-2.39515e6,6.01061e-9
1545897420,23871638.968854148,27875417.69945953,4003.779,3.98530e14,0.0177,4.79550e6,-2.39763e6,6.01681e-9
1545897450,23882056.601474203,27894303.52234934,4012.247,3.99487e14,0.2225,4.80607e6,-2.40003e6,6.02283e-9
1545897480,23892561.736242265,27913177.922933396,4020.616,3.99181e14,0.1457,4.80889e6,-2.40236e6,6.02866e-9
1545897510,23903153.98131858,27932040.613023523,4028.887,3.99660e14,0.2657,4.81629e6,-2.40462e6,6.03430e-9
1545897540,23913832.942556772,27950891.305808593,4037.058,3.99909e14,0.3283,4.82216e6,-2.40680e6,6.03977e-9
1545897570,23924598.223539293,27969729.715851743,4045.131,4.00817e14,0.5561,4.83187e6,-2.40892e6,6.04505e-9
1545897600,23935449.425612986,27988555.559087496,4053.106,4.01315e14,0.6811,4.83897e6,-2.41096e6,6.05015e-9
1545897630,23946386.147941343,28007368.55283011,4060.982,4.00756e14,0.5409,4.83953e6,-2.41292e6,6.05507e-9
1545897660,23957407.98748861,28026168.41573577,4068.760,3.99254e14,0.1640,4.83422e6,-2.41482e6,6.05980e-9
1545897690,23968514.539106768,28044954.867834613,4076.440,3.99982e14,0.3466,4.84228e6,-2.41664e6,6.06436e-9
1545897720,23979705.395554632,28063727.630516343,4084.022,4.01437e14,0.7116,4.85462e6,-2.41840e6,6.06875e-9
1545897750,23990980.147533547,28082486.426527258,4091.506,3.97451e14,0.2883,4.83378e6,-2.42008e6,6.07295e-9
1545897780,24002338.38372309,28101230.9799672,4098.893,3.96468e14,0.5349,4.83102e6,-2.42169e6,6.07698e-9
1545897810,24013779.690816764,28119961.016286455,4106.181,4.01029e14,0.6093,4.86183e6,-2.42324e6,6.08083e-9
1545897840,24025303.653557576,28138676.26228256,4113.373,4.01170e14,0.6447,4.86563e6,-2.42471e6,6.08451e-9
1545897870,24036909.85477371,28157376.446097188,4120.467,4.01550e14,0.7399,4.87075e6,-2.42611e6,6.08801e-9
1545897900,24048597.87541404,28176061.297212847,4127.463,4.06102e14,1.8820,4.90116e6,-2.42745e6,6.09134e-9
1545897930,24060367.294557303,28194730.546439435,4134.363,4.01079e14,0.6218,4.87309e6,-2.42872e6,6.09450e-9
1545897960,24072217.689528562,28213383.92594243,4141.166,3.99746e14,0.2874,4.86736e6,-2.42992e6,6.09749e-9
1545897990,24084148.63585367,28232021.1692078,4147.873,4.03706e14,1.2808,4.89378e6,-2.43105e6,6.10031e-9
1545898020,24096159.707320448,28250642.011048872,4154.482,3.97987e14,0.1540,4.86101e6,-2.43211e6,6.10296e-9
1545898050,24108250.476013742,28269246.18760271,4160.996,3.96308e14,0.5750,4.85275e6,-2.43311e6,6.10545e-9
1545898080,24120420.512350343,28287833.43632661,4167.413,3.97712e14,0.2229,4.86317e6,-2.43404e6,6.10776e-9
1545898110,24132669.385113902,28306403.495994445,4173.734,3.98428e14,0.0433,4.86926e6,-2.43490e6,6.10991e-9
1545898140,24144996.661489643,28324956.106693048,4179.959,3.99013e14,0.1035,4.87442e6,-2.43570e6,6.11189e-9
1545898170,24157401.90709909,28343491.009818528,4186.089,4.00779e14,0.5465,4.88668e6,-2.43643e6,6.11371e-9
1545898200,24169884.68603463,28362007.94807253,4192.123,3.97288e14,0.3294,4.86666e6,-2.43710e6,6.11537e-9
1545898230,24182444.56092453,28380506.665461652,4198.062,3.97787e14,0.2041,4.87091e6,-2.43770e6,6.11686e-9
1545898260,24195081.092873633,28398986.907283984,4203.906,4.02784e14,1.0494,4.90255e6,-2.43824e6,6.11819e-9
1545898290,24207793.841591332,28417448.420135103,4209.655,4.00829e14,0.5590,4.89153e6,-2.43872e6,6.11936e-9
1545898320,24220582.365395788,28435890.951901037,4215.309,4.00994e14,0.6006,4.89336e6,-2.43913e6,6.12037e-9
1545898350,24233446.22124828,28454314.251754493,4220.868,4.01108e14,0.6292,4.89475e6,-2.43948e6,6.12123e-9
1545898380,24246384.96478742,28472718.070150983,4226.333,4.01095e14,0.6259,4.89523e6,-2.43976e6,6.12192e-9
1545898410,24259398.150363315,28491102.158825047,4231.704,4.00241e14,0.4115,4.89044e6,-2.43998e6,6.12246e-9
1545898440,24272485.331071496,28509466.270786237,4236.981,3.96025e14,0.6462,4.86494e6,-2.44014e6,6.12284e-9
1545898470,24285646.058786843,28527810.160315298,4242.164,3.96232e14,0.5941,4.86640e6,-2.44024e6,6.12307e-9
1545898500,24298879.88419726,28546133.582960285,4247.254,3.98145e14,0.1143,4.87818e6,-2.44028e6,6.12315e-9
1545898530,24312186.35680915,28564436.295540668,4252.250,3.95116e14,0.8743,4.85958e6,-2.44026e6,6.12307e-9
1545898560,24325565.025067464,28582718.056118317,4257.153,4.00270e14,0.4188,4.89096e6,-2.44017e6,6.12284e-9
1545898590,24339015.436302226,28600978.62401875,4261.963,3.99609e14,0.2530,4.88661e6,-2.44003e6,6.12246e-9
1545898620,24352537.136789445,28619217.759818964,4266.681,3.96004e14,0.6514,4.86413e6,-2.43982e6,6.12193e-9
1545898650,24366129.67178387,28637435.225343514,4271.306,3.98822e14,0.0556,4.88085e6,-2.43956e6,6.12125e-9
1545898680,24379792.585551493,28655630.783660542,4275.838,3.99639e14,0.2606,4.88520e6,-2.43924e6,6.12042e-9
1545898710,24393525.42140196,28673804.199077785,4280.279,3.99277e14,0.1696,4.88221e6,-2.43886e6,6.11945e-9
1545898740,24407327.72172077,28691955.237138536,4284.628,3.97322e14,0.3206,4.86937e6,-2.43842e6,6.11833e-9
1545898770,24421199.028001305,28710083.66461754,4288.885,3.99753e14,0.2892,4.88324e6,-2.43792e6,6.11706e-9
1545898800,24435138.880876675,28728189.24951698,4293.050,3.96660e14,0.4869,4.86320e6,-2.43737e6,6.11565e-9
1545898830,24449146.820171043,28746271.761045933,4297.125,3.91124e14,1.8757,4.82813e6,-2.43676e6,6.11410e-9
1545898860,24463222.384870574,28764330.969666954,4301.109,3.95125e14,0.8718,4.85126e6,-2.43609e6,6.11241e-9
1545898890,24477365.113215555,28782366.647041004,4305.002,3.95818e14,0.6981,4.85404e6,-2.43537e6,6.11058e-9
1545898920,24491574.54271196,28800378.566039585,4308.804,3.96812e14,0.4488,4.85855e6,-2.43459e6,6.10860e-9
1545898950,24505850.21016261,28818366.500740495,4312.516,4.00414e14,0.4549,4.87888e6,-2.43375e6,6.10649e-9
1545898980,24520191.651698064,28836330.22642342,4316.139,4.01876e14,0.8218,4.88601e6,-2.43287e6,6.10424e-9
1545899010,24534598.40280739,28854269.51956571,4319.671,4.00910e14,0.5794,4.87821e6,-2.43192e6,6.10185e-9
1545899040,24549069.998368647,28872184.157837905,4323.114,3.97130e14,0.3688,4.85315e6,-2.43092e6,6.09933e-9
1545899070,24563605.972679283,28890073.92009944,4326.468,3.97308e14,0.3242,4.85213e6,-2.42987e6,6.09667e-9
1545899100,24578205.85948623,28907938.58639425,4329.733,4.00109e14,0.3785,4.86698e6,-2.42877e6,6.09388e-9
1545899130,24592869.192010384,28925777.937963694,4332.909,4.00720e14,0.5316,4.86837e6,-2.42761e6,6.09095e-9
1545899160,24607595.502993364,28943591.75718871,4335.996,3.94473e14,1.0355,4.82791e6,-2.42640e6,6.08790e-9
1545899190,24622384.32470975,28961379.82763926,4338.996,3.98409e14,0.0481,4.84934e6,-2.42513e6,6.08471e-9
1545899220,24637235.189001907,28979141.93405261,4341.907,4.02216e14,0.9071,4.86985e6,-2.42382e6,6.08139e-9
1545899250,24652147.627309117,28996877.86232904,4344.730,3.93028e14,1.3981,4.81125e6,-2.42245e6,6.07795e-9
1545899280,24667121.17069628,29014587.399527617,4347.466,3.93236e14,1.3459,4.80969e6,-2.42104e6,6.07437e-9
1545899310,24682155.34988262,29032270.33386194,4350.115,3.97673e14,0.2327,4.83371e6,-2.41957e6,6.07067e-9
1545899340,24697249.69526997,29049926.45469582,4352.677,4.01894e14,0.8263,4.85628e6,-2.41805e6,6.06684e-9
1545899370,24712403.736970905,29067555.55253902,4355.152,4.03853e14,1.3177,4.86500e6,-2.41648e6,6.06289e-9
1545899400,24727617.004836664,29085157.41904297,4357.540,3.99237e14,0.1598,4.83377e6,-2.41486e6,6.05882e-9
1545899430,24742889.028475616,29102731.846982677,4359.843,3.98881e14,0.0703,4.82827e6,-2.41320e6,6.05462e-9
1545899460,24758219.3373089,29120278.630295016,4362.059,3.99942e14,0.3367,4.83125e6,-2.41148e6,6.05030e-9
1545899490,24773607.460569624,29137797.564031444,4364.190,3.95882e14,0.6819,4.80317e6,-2.40972e6,6.04585e-9
1545899520,24789052.927338712,29155288.444367602,4366.236,3.99066e14,0.1167,4.81878e6,-2.40791e6,6.04129e-9
1545899550,24804555.266571607,29172751.06859879,4368.196,4.01780e14,0.7977,4.83144e6,-2.40605e6,6.03661e-9
1545899580,24820114.007124674,29190185.235135518,4370.071,4.00729e14,0.5340,4.82127e6,-2.40414e6,6.03181e-9
1545899610,24835728.677781425,29207590.74349911,4371.862,3.97154e14,0.3629,4.79580e6,-2.40219e6,6.02690e-9
1545899640,24851398.80727845,29224967.394317213,4373.569,3.93170e14,1.3624,4.76781e6,-2.40019e6,6.02187e-9
1545899670,24867123.924331132,29242314.98931936,4375.191,3.99780e14,0.2958,4.80351e6,-2.39815e6,6.01672e-9
1545899700,24882903.55765913,29259633.331332482,4376.730,4.02210e14,0.9054,4.81392e6,-2.39606e6,6.01146e-9
1545899730,24898737.23603384,29276922.22428773,4378.185,4.01057e14,0.6164,4.80271e6,-2.39392e6,6.00608e-9
1545899760,24914624.488235198,29294181.473181326,4379.557,3.97677e14,0.2318,4.77804e6,-2.39174e6,6.00060e-9
1545899790,24930564.843144625,29311410.88410504,4380.846,3.96386e14,0.5555,4.76585e6,-2.38952e6,5.99500e-9
1545899820,24946557.829747707,29328610.264230542,4382.052,4.01636e14,0.7614,4.79276e6,-2.38725e6,5.98929e-9
1545899850,24962602.977158695,29345779.421804987,4383.176,4.01338e14,0.6867,4.78633e6,-2.38494e6,5.98347e-9
1545899880,24978699.814644758,29362918.166146677,4384.218,3.96398e14,0.5525,4.75207e6,-2.38258e6,5.97755e-9
1545899910,24994847.871649936,29380026.30764076,4385.178,3.98555e14,0.0114,4.76016e6,-2.38019e6,5.97152e-9
1545899940,25011046.677818924,29397103.657734852,4386.057,4.00850e14,0.5643,4.76897e6,-2.37775e6,5.96538e-9
1545899970,25027295.76302054,29414150.028934617,4386.854,3.96483e14,0.5312,4.73796e6,-2.37526e6,5.95913e-9
1545900000,25043594.657370947,29431165.234799493,4387.571,3.98727e14,0.0318,4.74628e6,-2.37274e6,5.95278e-9
1545900030,25059942.89122667,29448149.089926783,4388.206,4.01370e14,0.6947,4.75685e6,-2.37017e6,5.94633e-9
1545900060,25076339.995299663,29465101.409982912,4388.761,3.97221e14,0.3460,4.72697e6,-2.36757e6,5.93977e-9
1545900090,25092785.500587326,29482022.01166329,4389.237,3.98313e14,0.0722,4.72816e6,-2.36492e6,5.93312e-9
1545900120,25109278.93842436,29498910.71269933,4389.632,3.99879e14,0.3208,4.73206e6,-2.36223e6,5.92636e-9
1545900150,25125819.840504453,29515767.33185414,4389.947,3.99354e14,0.1890,4.72348e6,-2.35951e6,5.91950e-9
1545900180,25142407.73890178,29532591.68891801,4390.184,3.97094e14,0.3778,4.70458e6,-2.35674e6,5.91254e-9
1545900210,25159042.16609217,29549383.604704063,4390.341,3.97338e14,0.3166,4.70041e6,-2.35393e6,5.90549e-9
1545900240,25175722.65497408,29566142.901043717,4390.420,3.99998e14,0.3506,4.71041e6,-2.35109e6,5.89834e-9
1545900270,25192448.738889284,29582869.40078233,4390.421,3.96714e14,0.4732,4.68529e6,-2.34821e6,5.89109e-9
1545900300,25209219.951643314,29599562.927774776,4390.343,3.97140e14,0.3665,4.68195e6,-2.34529e6,5.88374e-9
1545900330,25226035.827558305,29616223.30689567,4390.187,4.00405e14,0.4528,4.69523e6,-2.34233e6,5.87631e-9
1545900360,25242895.901392583,29632850.363989808,4389.954,3.97763e14,0.2101,4.67371e6,-2.33933e6,5.86877e-9
1545900390,25259799.708460934,29649443.925913192,4389.644,3.96259e14,0.5875,4.65883e6,-2.33630e6,5.86115e-9
1545900420,25276746.784621876,29666003.82051404,4389.257,3.93650e14,1.2419,4.63744e6,-2.33323e6,5.85343e-9
1545900450,25293736.66629714,29682529.876628555,4388.793,3.92908e14,1.4281,4.62692e6,-2.33012e6,5.84563e-9
1545900480,25310768.89049094,29699021.924076654,4388.253,3.97049e14,0.3891,4.64485e6,-2.32698e6,5.83773e-9
1545900510,25327842.99480904,29715479.793657724,4387.637,3.94840e14,0.9435,4.62562e6,-2.32381e6,5.82975e-9
1545900540,25344958.517477516,29731903.317146424,4386.945,3.94201e14,1.1037,4.61550e6,-2.32059e6,5.82167e-9
1545900570,25362114.997361276,29748292.32728837,4386.177,3.98080e14,0.1305,4.63159e6,-2.31735e6,5.81351e-9
1545900600,25379311.9739824,29764646.657795943,4385.335,3.99561e14,0.2409,4.63362e6,-2.31406e6,5.80527e-9
1545900630,25396548.987507306,29780966.14332394,4384.417,3.98704e14,0.0260,4.62201e6,-2.31075e6,5.79693e-9
1545900660,25413825.57885953,29797250.619527392,4383.425,3.97992e14,0.1526,4.61119e6,-2.30740e6,5.78852e-9
1545900690,25431141.289642043,29813499.922994956,4382.359,4.00824e14,0.5578,4.62079e6,-2.30402e6,5.78002e-9
1545900720,25448495.662185114,29829713.891264793,4381.218,3.98299e14,0.0756,4.59936e6,-2.30060e6,5.77143e-9
1545900750,25465888.239563067,29845892.362820126,4380.004,3.95190e14,0.8557,4.57454e6,-2.29715e6,5.76277e-9
1545900780,25483318.56561083,29862035.17708489,4378.717,3.95554e14,0.7643,4.56970e6,-2.29367e6,5.75402e-9
1545900810,25500786.18494022,29878142.17441936,4377.356,3.99069e14,0.1176,4.58289e6,-2.29016e6,5.74519e-9
1545900840,25518290.642956026,29894213.196115837,4375.923,4.03755e14,1.2931,4.60267e6,-2.28662e6,5.73629e-9
1545900870,25535831.485871766,29910248.084394258,4374.417,3.96636e14,0.4929,4.55469e6,-2.28304e6,5.72730e-9
1545900900,25553408.2607253,29926246.682397936,4372.838,3.95648e14,0.7408,4.54184e6,-2.27943e6,5.71824e-9
1545900930,25571020.51542304,29942208.834214434,4371.188,3.97330e14,0.3187,4.54419e6,-2.27579e6,5.70910e-9
1545900960,25588667.798666123,29958134.384793576,4369.467,3.93898e14,1.1797,4.51730e6,-2.27213e6,5.69988e-9
1545900990,25606349.66005447,29974023.180021223,4367.674,3.92351e14,1.5679,4.50114e6,-2.26843e6,5.69059e-9
1545901020,25624065.65007276,29989875.066689957,4365.809,3.96894e14,0.4281,4.51954e6,-2.26470e6,5.68123e-9
1545901050,25641815.3201052,30005689.89249508,4363.875,4.02031e14,0.8606,4.54117e6,-2.26094e6,5.67179e-9
1545901080,25659598.222449865,30021467.506030597,4361.869,3.97269e14,0.3339,4.50660e6,-2.25716e6,5.66227e-9
1545901110,25677413.910332974,30037207.756785195,4359.794,3.95057e14,0.8889,4.48648e6,-2.25334e6,5.65269e-9
1545901140,25695261.93792283,30052910.495138332,4357.649,4.00671e14,0.5194,4.51049e6,-2.24950e6,5.64303e-9
1545901170,25713141.860343605,30068575.572356205,4355.434,3.98446e14,0.0387,4.49019e6,-2.24562e6,5.63331e-9
1545901200,25731053.23368882,30084202.840587746,4353.150,3.96219e14,0.5974,4.46987e6,-2.24172e6,5.62351e-9
1545901230,25748995.615007963,30099792.15283658,4350.797,3.98331e14,0.0675,4.47389e6,-2.23780e6,5.61365e-9
1545901260,25766968.56240167,30115343.36303161,4348.375,3.98502e14,0.0247,4.46693e6,-2.23384e6,5.60371e-9
1545901290,25784971.634952303,30130856.325948097,4345.885,4.00409e14,0.4537,4.46963e6,-2.22986e6,5.59371e-9
1545901320,25803004.392762866,30146330.897227835,4343.327,3.96793e14,0.4534,4.44140e6,-2.22585e6,5.58364e-9
1545901350,25821066.39696916,30161766.93337497,4340.701,3.95927e14,0.6706,4.42852e6,-2.22182e6,5.57351e-9
1545901380,25839157.209751688,30177164.291751835,4338.007,3.97716e14,0.2219,4.43038e6,-2.21776e6,5.56331e-9
1545901410,25857276.39434734,30192522.83057489,4335.246,3.96865e14,0.4355,4.41748e6,-2.21367e6,5.55305e-9
1545901440,25875423.515060842,30207842.408910472,4332.419,4.00143e14,0.3869,4.42744e6,-2.20956e6,5.54272e-9
1545901470,25893598.137276012,30223122.8866708,4329.525,3.99902e14,0.3266,4.41782e6,-2.20542e6,5.53234e-9
1545901500,25911799.82746677,30238364.124609776,4326.564,3.94813e14,0.9501,4.38138e6,-2.20126e6,5.52188e-9
1545901530,25930028.153229862,30253565.984332558,4323.538,3.98429e14,0.0429,4.39297e6,-2.19708e6,5.51137e-9
1545901560,25948282.68322807,30268728.32824935,4320.446,4.03067e14,1.1205,4.41006e6,-2.19287e6,5.50080e-9
1545901590,25966562.98726811,30283851.01961378,4317.288,4.01862e14,0.8182,4.39492e6,-2.18863e6,5.49017e-9
1545901620,25984868.636289146,30298933.922505163,4314.065,3.98763e14,0.0407,4.36939e6,-2.18437e6,5.47947e-9
1545901650,26003199.20237308,30313976.901824627,4310.778,3.93277e14,1.3355,4.33082e6,-2.18009e6,5.46872e-9
1545901680,26021554.25875444,30328979.823291216,4307.426,3.94423e14,1.0481,4.32852e6,-2.17579e6,5.45791e-9
1545901710,26039933.379830252,30343942.55343806,4304.009,3.97113e14,0.3732,4.33456e6,-2.17146e6,5.44705e-9
1545901740,26058336.141169596,30358864.95960851,4300.529,3.97705e14,0.2246,4.32909e6,-2.16711e6,5.43613e-9
1545901770,26076762.11952306,30373746.909952305,4296.985,4.01354e14,0.6907,4.34015e6,-2.16274e6,5.42515e-9
1545901800,26095210.89283188,30388588.273421805,4293.377,3.98330e14,0.0677,4.31496e6,-2.15835e6,5.41412e-9
1545901830,26113682.04022402,30403388.919770107,4289.707,3.96806e14,0.4502,4.29789e6,-2.15393e6,5.40303e-9
1545901860,26132175.142062936,30418148.719541494,4285.974,3.99414e14,0.2041,4.30309e6,-2.14950e6,5.39189e-9
1545901890,26150689.779916216,30432867.54407336,4282.178,3.95889e14,0.6802,4.27520e6,-2.14504e6,5.38070e-9
1545901920,26169225.536576826,30447545.265490707,4278.320,3.97324e14,0.3204,4.27397e6,-2.14056e6,5.36945e-9
1545901950,26187781.996071182,30462181.75670236,4274.400,4.01917e14,0.8322,4.28960e6,-2.13606e6,5.35816e-9
1545901980,26206358.743667085,30476776.891397394,4270.418,4.00670e14,0.5192,4.27385e6,-2.13154e6,5.34681e-9
1545902010,26224955.365881458,30491330.544041358,4266.375,4.01256e14,0.6662,4.26787e6,-2.12700e6,5.33541e-9
1545902040,26243571.450487886,30505842.589872684,4262.271,4.00686e14,0.5232,4.25568e6,-2.12244e6,5.32396e-9
1545902070,26262206.586523887,30520312.90489895,4258.106,3.99273e14,0.1687,4.23899e6,-2.11786e6,5.31247e-9
1545902100,26280860.364298135,30534741.365893282,4253.881,3.96288e14,0.5801,4.21396e6,-2.11327e6,5.30092e-9
1545902130,26299532.37540049,30549127.850379612,4249.595,3.98643e14,0.0106,4.21720e6,-2.10865e6,5.28933e-9
1545902160,26318222.212699283,30563472.236663073,4245.250,4.02217e14,0.9073,4.22679e6,-2.10401e6,5.27769e-9
1545902190,26336929.470357366,30577774.403792348,4240.845,3.97481e14,0.2808,4.19250e6,-2.09936e6,5.26601e-9
1545902220,26355653.743835494,30592034.231566958,4236.380,3.94269e14,1.0866,4.16628e6,-2.09469e6,5.25428e-9
1545902250,26374394.629898652,30606251.600533523,4231.857,3.96480e14,0.5319,4.16854e6,-2.08999e6,5.24250e-9
1545902280,26393151.726622127,30620426.391982056,4227.275,3.96075e14,0.6335,4.15703e6,-2.08529e6,5.23068e-9
1545902310,26411924.633397467,30634558.487942345,4222.634,3.94589e14,1.0063,4.13985e6,-2.08056e6,5.21881e-9
1545902340,26430712.950938255,30648647.771180183,4217.935,3.97964e14,0.1596,4.14798e6,-2.07582e6,5.20691e-9
1545902370,26449516.281285726,30662694.125193726,4213.178,3.96271e14,0.5844,4.12967e6,-2.07106e6,5.19495e-9
1545902400,26468334.22781422,30676697.434209876,4208.363,3.92541e14,1.5202,4.10080e6,-2.06628e6,5.18296e-9
1545902430,26487166.395241417,30690657.58318653,4203.491,3.97623e14,0.2451,4.11757e6,-2.06148e6,5.17093e-9
1545902460,26506012.389618114,30704574.457790777,4198.562,4.04033e14,1.3630,4.14102e6,-2.05667e6,5.15885e-9
1545902490,26524871.81834871,30718447.944413472,4193.576,4.01221e14,0.6574,4.11683e6,-2.05185e6,5.14674e-9
1545902520,26543744.29019102,30732277.930159867,4188.534,3.95612e14,0.7497,4.07831e6,-2.04701e6,5.13458e-9
1545902550,26562629.415260945,30746064.30284609,4183.435,3.98147e14,0.1137,4.08161e6,-2.04215e6,5.12239e-9
1545902580,26581526.805036984,30759806.950995646,4178.280,3.99030e14,0.1077,4.07638e6,-2.03727e6,5.11015e-9
1545902610,26600436.072364707,30773505.763836022,4173.070,3.95661e14,0.7373,4.04942e6,-2.03239e6,5.09788e-9
1545902640,26619356.83146087,30787160.631295227,4167.804,3.98866e14,0.0666,4.05595e6,-2.02748e6,5.08558e-9
1545902670,26638288.69791757,30800771.443998393,4162.483,4.02121e14,0.8833,4.06262e6,-2.02256e6,5.07323e-9
1545902700,26657231.288706057,30814338.09326442,4157.107,4.00548e14,0.4885,4.04474e6,-2.01763e6,5.06085e-9
1545902730,26676184.22217184,30827860.47111045,4151.676,3.97999e14,0.1509,4.02195e6,-2.01268e6,5.04843e-9
1545902760,26695147.11806526,30841338.470224354,4146.191,3.95756e14,0.7136,4.00074e6,-2.00772e6,5.03598e-9
1545902790,26714119.597517762,30854771.98398575,4140.652,3.96561e14,0.5116,3.99487e6,-2.00275e6,5.02349e-9
1545902820,26733101.283054,30868160.906454872,4135.060,3.96653e14,0.4886,3.98537e6,-1.99776e6,5.01097e-9
1545902850,26752091.798594855,30881505.13236939,4129.413,3.98696e14,0.0240,3.98560e6,-1.99276e6,4.99841e-9
1545902880,26771090.769460462,30894804.55714119,4123.714,4.00990e14,0.5995,3.98701e6,-1.98774e6,4.98582e-9
1545902910,26790097.82237297,30908059.0768532,4117.961,3.97811e14,0.1982,3.96111e6,-1.98271e6,4.97320e-9
1545902940,26809112.585459266,30921268.588256236,4112.156,3.95941e14,0.6673,3.94176e6,-1.97767e6,4.96055e-9
1545902970,26828134.68825348,30934432.988765802,4106.298,3.94609e14,1.0013,3.92509e6,-1.97262e6,4.94787e-9
1545903000,26847163.761699416,30947552.176458918,4100.388,3.97821e14,0.1955,3.93086e6,-1.96755e6,4.93515e-9
1545903030,26866199.438159317,30960626.050056368,4094.427,4.01600e14,0.7524,3.93931e6,-1.96247e6,4.92240e-9
1545903060,26885241.351395983,30973654.50896471,4088.413,4.00193e14,0.3995,3.92218e6,-1.95738e6,4.90963e-9
1545903090,26904289.13659501,30986637.45322776,4082.348,3.96727e14,0.4701,3.89498e6,-1.95228e6,4.89682e-9
1545903120,26923342.43036015,30999574.78353804,4076.232,3.96490e14,0.5295,3.88362e6,-1.94716e6,4.88398e-9
1545903150,26942400.870715212,31012466.401233476,4070.066,3.98712e14,0.0280,3.88421e6,-1.94204e6,4.87112e-9
1545903180,26961464.09710575,31025312.208294213,4063.848,3.96953e14,0.4132,3.86539e6,-1.93690e6,4.85823e-9
1545903210,26980531.75040069,31038112.107339352,4057.580,3.96783e14,0.4559,3.85429e6,-1.93175e6,4.84531e-9
1545903240,26999603.472893804,31050866.001623746,4051.263,4.00093e14,0.3746,3.85999e6,-1.92659e6,4.83236e-9
1545903270,27018678.908305064,31063573.795034733,4044.895,3.97967e14,0.1590,3.83938e6,-1.92143e6,4.81939e-9
1545903300,27037757.70178198,31076235.392089,4038.478,3.99494e14,0.2241,3.83636e6,-1.91624e6,4.80639e-9
1545903330,27056839.499900732,31088850.697934896,4032.011,3.99341e14,0.1859,3.82524e6,-1.91105e6,4.79336e-9
1545903360,27075923.95066707,31101419.61833216,4025.496,3.98549e14,0.0129,3.81104e6,-1.90585e6,4.78031e-9
1545903390,27095010.70351732,31113942.05966605,4018.931,4.01491e14,0.7253,3.81465e6,-1.90064e6,4.76723e-9
1545903420,27114099.409319196,31126417.928938642,4012.319,3.97323e14,0.3205,3.78435e6,-1.89542e6,4.75413e-9
1545903450,27133189.72037247,31138847.133765772,4005.657,4.01353e14,0.6905,3.79301e6,-1.89019e6,4.74101e-9
1545903480,27152281.290409576,31151229.582374014,3998.948,4.02522e14,0.9837,3.78802e6,-1.88495e6,4.72786e-9
1545903510,27171373.774596166,31163565.183597725,3992.191,3.98429e14,0.0430,3.75817e6,-1.87970e6,4.71468e-9
1545903540,27190466.82953138,31175853.846876036,3985.387,3.98854e14,0.0636,3.74965e6,-1.87445e6,4.70149e-9
1545903570,27209560.11324818,31188095.482249893,3978.535,3.97131e14,0.3686,3.73104e6,-1.86918e6,4.68827e-9
1545903600,27228653.285213493,31200290.000359192,3971.637,3.98930e14,0.0826,3.72891e6,-1.86390e6,4.67503e-9
1545903630,27247746.006324116,31212437.31245204,3964.691,4.01853e14,0.8160,3.73197e6,-1.85862e6,4.66177e-9
1545903660,27266837.93891948,31224537.330344424,3957.699,3.96744e14,0.4658,3.69759e6,-1.85333e6,4.64849e-9
1545903690,27285928.746768788,31236589.966454837,3950.661,3.95044e14,0.8923,3.67913e6,-1.84802e6,4.63519e-9
1545903720,27305018.09507476,31248595.133789457,3943.577,4.01401e14,0.7025,3.69794e6,-1.84272e6,4.62187e-9
1545903750,27324105.65047332,31260552.745939486,3936.447,4.03198e14,1.1535,3.69555e6,-1.83740e6,4.60852e-9
1545903780,27343191.08103308,31272462.71707831,3929.272,3.99419e14,0.2054,3.66747e6,-1.83207e6,4.59516e-9
1545903810,27362274.056254838,31284324.96195902,3922.051,3.98302e14,0.0748,3.65167e6,-1.82674e6,4.58178e-9
1545903840,27381354.247070853,31296139.39591162,3914.785,3.98877e14,0.0695,3.64362e6,-1.82140e6,4.56838e-9
1545903870,27400431.325844124,31307905.93484036,3907.475,4.01899e14,0.8276,3.64669e6,-1.81605e6,4.55496e-9
1545903900,27419504.96636754,31319624.49522116,3900.120,4.04701e14,1.5306,3.64866e6,-1.81070e6,4.54153e-9
1545903930,27438574.843864564,31331294.994075324,3892.720,4.05995e14,1.8551,3.64371e6,-1.80534e6,4.52807e-9
1545903960,27457640.634983234,31342917.34903946,3885.277,4.01911e14,0.8305,3.61443e6,-1.79997e6,4.51460e-9
1545903990,27476702.017800048,31354491.47829024,3877.789,3.98755e14,0.0388,3.58943e6,-1.79459e6,4.50111e-9
1545904020,27495758.671817146,31366017.300565,3870.259,4.01151e14,0.6398,3.58942e6,-1.78921e6,4.48761e-9
1545904050,27514810.277961135,31377494.735158943,3862.684,4.04887e14,1.5771,3.59532e6,-1.78382e6,4.47409e-9
1545904080,27533856.518581707,31388923.701922316,3855.067,4.04377e14,1.4493,3.58217e6,-1.77843e6,4.46055e-9
1545904110,27552897.077450298,31400304.1212576,3847.407,3.97269e14,0.3339,3.53968e6,-1.77303e6,4.44700e-9
1545904140,27571931.63975863,31411635.914116714,3839.704,3.93081e14,1.3847,3.51032e6,-1.76762e6,4.43343e-9
1545904170,27590959.89211712,31422919.001998212,3831.959,3.98424e14,0.0442,3.52318e6,-1.76221e6,4.41985e-9
1545904200,27609981.522553317,31434153.306944516,3824.172,4.02084e14,0.8739,3.52847e6,-1.75679e6,4.40625e-9
1545904230,27628996.22051454,31445338.75156225,3816.343,3.97135e14,0.3676,3.49584e6,-1.75136e6,4.39264e-9
1545904260,27648003.676852822,31456475.258948535,3808.472,3.98440e14,0.0404,3.49071e6,-1.74593e6,4.37902e-9
1545904290,27667003.583836462,31467562.752759267,3800.559,3.97360e14,0.3111,3.47513e6,-1.74050e6,4.36538e-9
1545904320,27685995.635143925,31478601.15718371,3792.606,3.96774e14,0.4583,3.46171e6,-1.73506e6,4.35173e-9
1545904350,27704979.52586184,31489590.396941997,3784.611,4.00634e14,0.5102,3.46759e6,-1.72961e6,4.33807e-9
1545904380,27723954.952483043,31500530.397282664,3776.575,3.95291e14,0.8302,3.43355e6,-1.72416e6,4.32439e-9
1545904410,27742921.61290459,31511421.083980296,3768.499,3.97868e14,0.1836,3.43380e6,-1.71870e6,4.31070e-9
1545904440,27761879.20642558,31522262.38333307,3760.383,4.02037e14,0.8623,3.44080e6,-1.71324e6,4.29701e-9
1545904470,27780827.43374501,31533054.22216037,3752.227,3.95969e14,0.6600,3.40383e6,-1.70778e6,4.28329e-9
1545904500,27799765.99695953,31543796.527800467,3744.031,3.95546e14,0.7662,3.39112e6,-1.70231e6,4.26957e-9
1545904530,27818694.599552173,31554489.22809026,3735.795,3.97119e14,0.3717,3.38691e6,-1.69684e6,4.25584e-9
1545904560,27837612.94641763,31565132.25141795,3727.519,4.01216e14,0.6562,3.39335e6,-1.69136e6,4.24209e-9
1545904590,27856520.743832067,31575725.526665777,3719.205,4.02347e14,0.9398,3.38713e6,-1.68588e6,4.22834e-9
1545904620,27875417.69945953,31586268.983225293,3710.851,3.95662e14,0.7372,3.34794e6,-1.68039e6,4.21458e-9
1545904650,27894303.52234934,31596762.550994907,3702.459,3.96603e14,0.5011,3.34095e6,-1.67490e6,4.20080e-9
1545904680,27913177.922933396,31607206.160377506,3694.028,3.95898e14,0.6780,3.32704e6,-1.66941e6,4.18702e-9
1545904710,27932040.613023523,31617599.742278032,3685.559,3.93289e14,1.3325,3.30519e6,-1.66391e6,4.17323e-9
1545904740,27950891.305808593,31627943.228101045,3677.052,3.98067e14,0.1337,3.31414e6,-1.65841e6,4.15942e-9
1545904770,27969729.715851743,31638236.54974838,3668.507,3.98231e14,0.0927,3.30381e6,-1.65290e6,4.14561e-9
1545904800,27988555.559087496,31648479.639616724,3659.924,3.95074e14,0.8846,3.27976e6,-1.64739e6,4.13179e-9
1545904830,28007368.55283011,31658672.430610504,3651.304,3.95364e14,0.8121,3.26998e6,-1.64188e6,4.11797e-9
1545904860,28026168.41573577,31668814.856092837,3642.646,3.99670e14,0.2682,3.27667e6,-1.63637e6,4.10413e-9
1545904890,28044954.867834613,31678906.849929832,3633.952,3.99885e14,0.3222,3.26650e6,-1.63085e6,4.09029e-9
1545904920,28063727.630516343,31688948.346473403,3625.221,3.99510e14,0.2281,3.25391e6,-1.62533e6,4.07644e-9
1545904950,28082486.426527258,31698939.280559033,3616.453,4.00865e14,0.5681,3.24836e6,-1.61981e6,4.06259e-9
1545904980,28101230.9799672,31708879.58750368,3607.649,4.01338e14,0.6868,3.23919e6,-1.61428e6,4.04872e-9
1545905010,28119961.016286455,31718769.203103684,3598.808,3.99946e14,0.3377,3.22248e6,-1.60875e6,4.03485e-9
1545905040,28138676.26228256,31728608.06363256,3589.932,4.00167e14,0.3929,3.21228e6,-1.60322e6,4.02098e-9
1545905070,28157376.446097188,31738396.10583901,3581.020,4.01065e14,0.6183,3.20479e6,-1.59769e6,4.00709e-9
1545905100,28176061.297212847,31748133.26694476,3572.072,3.94954e14,0.9148,3.16928e6,-1.59215e6,3.99321e-9
1545905130,28194730.546439435,31757819.48463075,3563.089,3.95757e14,0.7133,3.16146e6,-1.58661e6,3.97931e-9
1545905160,28213383.92594243,31767454.69707129,3554.071,3.96713e14,0.4734,3.15421e6,-1.58107e6,3.96541e-9
1545905190,28232021.1692078,31777038.842895783,3545.018,3.98275e14,0.0816,3.14932e6,-1.57553e6,3.95151e-9
1545905220,28250642.011048872,31786571.861198362,3535.930,4.01423e14,0.7081,3.15063e6,-1.56999e6,3.93760e-9
1545905250,28269246.18760271,31796053.69153563,3526.808,3.99023e14,0.1061,3.13008e6,-1.56444e6,3.92369e-9
1545905280,28287833.43632661,31805484.27392461,3517.651,4.03151e14,1.1416,3.13512e6,-1.55889e6,3.90977e-9
1545905310,28306403.495994445,31814863.548840646,3508.460,4.01397e14,0.7017,3.11712e6,-1.55334e6,3.89585e-9
1545905340,28324956.106693048,31824191.457215205,3499.235,4.00044e14,0.3622,3.10073e6,-1.54779e6,3.88192e-9
1545905370,28343491.009818528,31833467.94043385,3489.977,3.99208e14,0.1525,3.08637e6,-1.54224e6,3.86799e-9
1545905400,28362007.94807253,31842692.94033405,3480.685,3.97885e14,0.1796,3.07015e6,-1.53668e6,3.85406e-9
1545905430,28380506.665461652,31851866.399205383,3471.360,3.97116e14,0.3724,3.05610e6,-1.53113e6,3.84012e-9
1545905460,28398986.907283984,31860988.259780783,3462.001,3.93806e14,1.2028,3.03234e6,-1.52557e6,3.82618e-9
1545905490,28417448.420135103,31870058.465240996,3452.610,3.96880e14,0.4315,3.03301e6,-1.52001e6,3.81223e-9
1545905520,28435890.951901037,31879076.959210515,3443.186,3.96837e14,0.4424,3.02175e6,-1.51445e6,3.79829e-9
1545905550,28454314.251754493,31888043.685755547,3433.729,3.97606e14,0.2495,3.01357e6,-1.50889e6,3.78434e-9
1545905580,28472718.070150983,31896958.58938206,3424.241,3.96434e14,0.5436,2.99804e6,-1.50333e6,3.77039e-9
1545905610,28491102.158825047,31905821.615033828,3414.719,3.94379e14,1.0590,2.97923e6,-1.49777e6,3.75643e-9
1545905640,28509466.270786237,31914632.708090466,3405.166,3.98806e14,0.0515,2.98473e6,-1.49221e6,3.74248e-9
1545905670,28527810.160315298,31923391.81436557,3395.582,3.98392e14,0.0524,2.97205e6,-1.48664e6,3.72852e-9
1545905700,28546133.582960285,31932098.88010482,3385.965,3.95120e14,0.8732,2.94877e6,-1.48108e6,3.71456e-9
1545905730,28564436.295540668,31940753.851994153,3376.318,4.02712e14,1.0315,2.96579e6,-1.47551e6,3.70060e-9
1545905760,28582718.056118317,31949356.677126892,3366.639,4.00232e14,0.4093,2.94546e6,-1.46995e6,3.68664e-9
1545905790,28600978.62401875,31957907.303033154,3356.929,3.96436e14,0.5429,2.92036e6,-1.46438e6,3.67268e-9
1545905820,28619217.759818964,31966405.67766798,3347.188,4.01279e14,0.6721,2.92698e6,-1.45881e6,3.65871e-9
1545905850,28637435.225343514,31974851.74940966,3337.417,4.02854e14,1.0672,2.92155e6,-1.45325e6,3.64475e-9
1545905880,28655630.783660542,31983245.467058025,3327.615,3.99454e14,0.2142,2.89801e6,-1.44768e6,3.63078e-9
1545905910,28673804.199077785,31991586.779832795,3317.783,3.98724e14,0.0310,2.88422e6,-1.44211e6,3.61682e-9
1545905940,28691955.237138536,31999875.63737188,3307.920,4.07226e14,2.1640,2.90372e6,-1.43654e6,3.60285e-9
1545905970,28710083.66461754,32008111.989729732,3298.028,4.02389e14,0.9504,2.87510e6,-1.43098e6,3.58889e-9
1545906000,28728189.24951698,32016295.787375707,3288.107,4.00039e14,0.3610,2.85552e6,-1.42541e6,3.57492e-9
1545906030,28746271.761045933,32024426.98117687,3278.155,4.05627e14,1.7627,2.86426e6,-1.41984e6,3.56096e-9
1545906060,28764330.969666954,32032505.52244423,3268.175,4.04729e14,1.5375,2.84984e6,-1.41427e6,3.54699e-9
1545906090,28782366.647041004,32040531.36288308,3258.165,4.03082e14,1.1243,2.83280e6,-1.40871e6,3.53303e-9
1545906120,28800378.566039585,32048504.45460678,3248.126,3.96791e14,0.4539,2.79947e6,-1.40314e6,3.51906e-9
1545906150,28818366.500740495,32056424.75013498,3238.058,3.95578e14,0.7582,2.78411e6,-1.39757e6,3.50510e-9
1545906180,28836330.22642342,32064292.202391908,3227.962,3.95707e14,0.7258,2.77347e6,-1.39201e6,3.49114e-9
1545906210,28854269.51956571,32072106.764704637,3217.837,3.93550e14,1.2671,2.75488e6,-1.38644e6,3.47717e-9
1545906240,28872184.157837905,32079868.39080133,3207.684,3.98265e14,0.0842,2.76015e6,-1.38087e6,3.46321e-9
1545906270,28890073.92009944,32087577.034809526,3197.503,4.01273e14,0.6704,2.75940e6,-1.37531e6,3.44926e-9
1545906300,28907938.58639425,32095232.651254434,3187.294,3.97721e14,0.2207,2.73604e6,-1.36975e6,3.43530e-9
1545906330,28925777.937963694,32102835.1950683,3177.057,3.92756e14,1.4663,2.70793e6,-1.36418e6,3.42134e-9
1545906360,28943591.75718871,32110384.62155472,3166.793,4.03080e14,1.1238,2.73207e6,-1.35862e6,3.40739e-9
1545906390,28961379.82763926,32117880.886421073,3156.501,4.01994e14,0.8515,2.71720e6,-1.35306e6,3.39344e-9
1545906420,28979141.93405261,32125323.94576591,3146.182,3.98315e14,0.0715,2.69360e6,-1.34750e6,3.37949e-9
1545906450,28996877.86232904,32132713.756077494,3135.836,4.05911e14,1.8342,2.70805e6,-1.34193e6,3.36554e-9
1545906480,29014587.399527617,32140050.27423224,3125.463,4.02509e14,0.9806,2.68542e6,-1.33637e6,3.35159e-9
1545906510,29032270.33386194,32147333.457493227,3115.063,3.98212e14,0.0974,2.65991e6,-1.33082e6,3.33765e-9
1545906540,29049926.45469582,32154563.26350881,3104.637,3.96141e14,0.6169,2.64192e6,-1.32526e6,3.32371e-9
1545906570,29067555.55253902,32161739.650311068,3094.184,3.95347e14,0.8161,2.62821e6,-1.31970e6,3.30977e-9
1545906600,29085157.41904297,32168862.576314434,3083.705,4.00924e14,0.5828,2.63552e6,-1.31415e6,3.29584e-9
1545906630,29102731.846982677,32175932.000312712,3073.200,3.97095e14,0.3777,2.61182e6,-1.30859e6,3.28190e-9
1545906660,29120278.630295016,32182947.88148241,3062.669,3.92702e14,1.4799,2.58638e6,-1.30304e6,3.26798e-9
1545906690,29137797.564031444,32189910.179376688,3052.113,4.03899e14,1.3292,2.61179e6,-1.29749e6,3.25405e-9
1545906720,29155288.444367602,32196818.853925455,3041.530,3.98928e14,0.0823,2.58451e6,-1.29193e6,3.24013e-9
1545906750,29172751.06859879,32203673.865434013,3030.923,3.92165e14,1.6146,2.55159e6,-1.28639e6,3.22621e-9
1545906780,29190185.235135518,32210475.174581617,3020.290,3.93750e14,1.2169,2.54568e6,-1.28084e6,3.21229e-9
1545906810,29207590.74349911,32217222.742420185,3009.632,3.98805e14,0.0513,2.55082e6,-1.27529e6,3.19838e-9
1545906840,29224967.394317213,32223916.530372925,2998.949,4.02320e14,0.9331,2.55092e6,-1.26974e6,3.18447e-9
1545906870,29242314.98931936,32230556.50023293,2988.242,3.94791e14,0.9558,2.51591e6,-1.26420e6,3.17056e-9
1545906900,29259633.331332482,32237142.6141619,2977.509,3.95851e14,0.6898,2.50822e6,-1.25866e6,3.15666e-9
1545906930,29276922.22428773,32243674.834681336,2966.753,3.99566e14,0.2422,2.50886e6,-1.25312e6,3.14276e-9
1545906960,29294181.473181326,32250153.124694202,2955.972,3.97367e14,0.3094,2.49089e6,-1.24758e6,3.12887e-9
1545906990,29311410.88410504,32256577.44746045,2945.167,3.96583e14,0.5062,2.47739e6,-1.24204e6,3.11498e-9
1545907020,29328610.264230542,32262947.766603183,2934.338,3.95641e14,0.7425,2.46342e6,-1.23650e6,3.10109e-9
1545907050,29345779.421804987,32269264.04610729,2923.485,3.95020e14,0.8982,2.45048e6,-1.23097e6,3.08721e-9
1545907080,29362918.166146677,32275526.2503181,2912.608,4.03426e14,1.2107,2.46530e6,-1.22544e6,3.07333e-9
1545907110,29380026.30764076,32281734.34394009,2901.708,4.02361e14,0.9435,2.45091e6,-1.21991e6,3.05946e-9
1545907140,29397103.657734852,32287888.292035535,2890.785,4.00140e14,0.3863,2.43304e6,-1.21438e6,3.04559e-9
1545907170,29414150.028934617,32293988.060023244,2879.838,4.04608e14,1.5072,2.43551e6,-1.20885e6,3.03173e-9
1545907200,29431165.234799493,32300033.613677293,2868.868,3.98694e14,0.0236,2.40653e6,-1.20332e6,3.01787e-9
1545907230,29448149.089926783,32306024.919139843,2857.876,3.90767e14,1.9653,2.37167e6,-1.19780e6,3.00401e-9
1545907260,29465101.409982912,32311961.942876402,2846.861,3.98300e14,0.0754,2.38326e6,-1.19228e6,2.99016e-9
1545907290,29482022.01166329,32317844.65171839,2835.823,4.07448e14,2.2196,2.39945e6,-1.18676e6,2.97632e-9
1545907320,29498910.71269933,32323673.01284777,2824.762,4.03626e14,1.2607,2.37697e6,-1.18124e6,2.96248e-9
1545907350,29515767.33185414,32329446.993796043,2813.680,4.01480e14,0.7225,2.35955e6,-1.17572e6,2.94864e-9
1545907380,29532591.68891801,32335166.562443163,2802.575,4.02413e14,0.9564,2.35122e6,-1.17021e6,2.93481e-9
1545907410,29549383.604704063,32340831.687016524,2791.448,4.01180e14,0.6470,2.33654e6,-1.16470e6,2.92099e-9
1545907440,29566142.901043717,32346442.33608986,2780.299,3.95915e14,0.6737,2.31018e6,-1.15919e6,2.90717e-9
1545907470,29582869.40078233,32351998.47858229,2769.129,4.01582e14,0.7479,2.31560e6,-1.15368e6,2.89336e-9
1545907500,29599562.927774776,32357500.08375719,2757.937,4.04790e14,1.5529,2.31379e6,-1.14817e6,2.87955e-9
1545907530,29616223.30689567,32362947.121203568,2746.724,3.96806e14,0.4501,2.27982e6,-1.14267e6,2.86574e-9
1545907560,29632850.363989808,32368339.56088956,2735.489,3.99056e14,0.1143,2.27526e6,-1.13717e6,2.85195e-9
1545907590,29649443.925913192,32373677.373106692,2724.233,4.00605e14,0.5029,2.26865e6,-1.13167e6,2.83815e-9
1545907620,29666003.82051404,32378960.5284865,2712.957,4.05976e14,1.8504,2.27280e6,-1.12617e6,2.82437e-9
1545907650,29682529.876628555,32384188.99799928,2701.659,4.04749e14,1.5425,2.25826e6,-1.12068e6,2.81058e-9
1545907680,29699021.924076654,32389362.752953034,2690.341,3.99771e14,0.2938,2.23327e6,-1.11519e6,2.79681e-9
1545907710,29715479.793657724,32394481.764992356,2679.002,3.99869e14,0.3181,2.22255e6,-1.10970e6,2.78304e-9
1545907740,29731903.317146424,32399546.006097227,2667.643,4.00843e14,0.5627,2.21425e6,-1.10421e6,2.76927e-9
1545907770,29748292.32728837,32404555.44858204,2656.263,3.95717e14,0.7233,2.18913e6,-1.09872e6,2.75552e-9
1545907800,29764646.657795943,32409510.065094363,2644.863,3.90463e14,2.0415,2.16380e6,-1.09324e6,2.74176e-9
1545907830,29780966.14332394,32414409.82863153,2633.444,3.96709e14,0.4744,2.16999e6,-1.08776e6,2.72802e-9
1545907860,29797250.619527392,32419254.712485496,2622.004,3.95944e14,0.6664,2.15698e6,-1.08228e6,2.71428e-9
1545907890,29813499.922994956,32424044.690296,2610.545,3.93651e14,1.2417,2.13988e6,-1.07680e6,2.70054e-9
1545907920,29829713.891264793,32428779.736032087,2599.066,4.00756e14,0.5409,2.14809e6,-1.07133e6,2.68681e-9
1545907950,29845892.362820126,32433459.8239913,2587.567,4.01350e14,0.6899,2.13871e6,-1.06586e6,2.67309e-9
1545907980,29862035.17708489,32438084.928798806,2576.050,4.00892e14,0.5748,2.12651e6,-1.06039e6,2.65938e-9
1545908010,29878142.17441936,32442655.02540662,2564.513,3.94710e14,0.9761,2.09919e6,-1.05492e6,2.64567e-9
1545908040,29894213.196115837,32447170.089092746,2552.957,3.89636e14,2.2491,2.07497e6,-1.04946e6,2.63196e-9
1545908070,29910248.084394258,32451630.095460344,2541.382,4.00940e14,0.5870,2.09377e6,-1.04400e6,2.61826e-9
1545908100,29926246.682397936,32456035.020437036,2529.788,4.00636e14,0.5107,2.08203e6,-1.03854e6,2.60457e-9
1545908130,29942208.834214434,32460384.840259653,2518.176,3.96247e14,0.5905,2.05971e6,-1.03308e6,2.59089e-9
1545908160,29958134.384793576,32464679.531517822,2506.545,4.01622e14,0.7581,2.06269e6,-1.02763e6,2.57721e-9
1545908190,29974023.180021223,32468919.071108792,2494.896,4.03333e14,1.1873,2.05614e6,-1.02218e6,2.56354e-9
1545908220,29989875.066689957,32473103.436250895,2483.228,3.99887e14,0.3227,2.03639e6,-1.01673e6,2.54987e-9
1545908250,30005689.89249508,32477232.604482736,2471.543,3.94011e14,1.1514,2.01058e6,-1.01128e6,2.53621e-9
1545908280,30021467.506030597,32481306.553662263,2459.839,3.94681e14,0.9833,2.00145e6,-1.00584e6,2.52256e-9
1545908310,30037207.756785195,32485325.26196604,2448.118,4.00493e14,0.4748,2.00520e6,-1.00040e6,2.50891e-9
1545908340,30052910.495138332,32489288.707888268,2436.378,3.91847e14,1.6943,1.97272e6,-9.94960e5,2.49527e-9
1545908370,30068575.572356205,32493196.87024007,2424.621,3.95854e14,0.6890,1.97189e6,-9.89524e5,2.48164e-9
1545908400,30084202.840587746,32497049.728148617,2412.847,4.09756e14,2.7986,1.99537e6,-9.84091e5,2.46801e-9
1545908430,30099792.15283658,32500847.261066087,2401.055,4.00481e14,0.4717,1.96160e6,-9.78660e5,2.45439e-9
1545908460,30115343.36303161,32504589.448738836,2389.246,3.89040e14,2.3985,1.92279e6,-9.73232e5,2.44078e-9
1545908490,30130856.325948097,32508276.271236736,2377.420,3.98559e14,0.0105,1.93518e6,-9.67807e5,2.42717e-9
1545908520,30146330.897227835,32511907.708942775,2365.577,4.01972e14,0.8459,1.93257e6,-9.62384e5,2.41357e-9
1545908550,30161766.93337497,32515483.74255237,2353.717,4.02884e14,1.0747,1.92388e6,-9.56964e5,2.39998e-9
1545908580,30177164.291751835,32519004.35307267,2341.840,4.08759e14,2.5486,1.92701e6,-9.51547e5,2.38639e-9
1545908610,30192522.83057489,32522469.521821998,2329.947,4.02562e14,0.9939,1.90134e6,-9.46132e5,2.37281e-9
1545908640,30207842.408910472,32525879.230429143,2318.037,3.90934e14,1.9233,1.86303e6,-9.40720e5,2.35924e-9
1545908670,30223122.8866708,32529233.460832775,2306.111,4.01242e14,0.6627,1.87649e6,-9.35310e5,2.34567e-9
1545908700,30238364.124609776,32532532.195280828,2294.168,4.10109e14,2.8873,1.88632e6,-9.29904e5,2.33211e-9
1545908730,30253565.984332558,32535775.41632694,2282.209,4.02184e14,0.8992,1.85699e6,-9.24500e5,2.31856e-9
1545908760,30268728.32824935,32538963.10683907,2270.235,4.05994e14,1.8550,1.85492e6,-9.19098e5,2.30501e-9
1545908790,30283851.01961378,32542095.249989662,2258.244,3.98234e14,0.0920,1.82624e6,-9.13700e5,2.29147e-9
1545908820,30298933.922505163,32545171.829258014,2246.238,3.88605e14,2.5076,1.79352e6,-9.08304e5,2.27794e-9
1545908850,30313976.901824627,32548192.82842974,2234.216,3.98204e14,0.0995,1.80461e6,-9.02911e5,2.26441e-9
1545908880,30328979.823291216,32551158.231596116,2222.178,3.97942e14,0.1651,1.79325e6,-8.97520e5,2.25089e-9
1545908910,30343942.55343806,32554068.023153637,2210.125,3.92823e14,1.4494,1.77103e6,-8.92132e5,2.23738e-9
1545908940,30358864.95960851,32556922.187803295,2198.057,3.97389e14,0.3039,1.77049e6,-8.86747e5,2.22387e-9
1545908970,30373746.909952305,32559720.710550137,2185.974,4.03244e14,1.1651,1.77269e6,-8.81365e5,2.21037e-9
1545909000,30388588.273421805,32562463.57670266,2173.875,3.99380e14,0.1956,1.75338e6,-8.75985e5,2.19688e-9
1545909030,30403388.919770107,32565150.7718666,2161.762,3.96661e14,0.4865,1.73668e6,-8.70608e5,2.18340e-9
1545909060,30418148.719541494,32567782.28196183,2149.634,3.94075e14,1.1354,1.72034e6,-8.65234e5,2.16992e-9
1545909090,30432867.54407336,32570358.093204435,2137.491,4.04216e14,1.4089,1.73153e6,-8.59862e5,2.15645e-9
1545909120,30447545.265490707,32572878.19211169,2125.333,4.05203e14,1.6564,1.72284e6,-8.54494e5,2.14298e-9
1545909150,30462181.75670236,32575342.56550159,2113.161,3.90045e14,2.1465,1.67974e6,-8.49128e5,2.12952e-9
1545909180,30476776.891397394,32577751.20049227,2100.974,3.89403e14,2.3075,1.66777e6,-8.43764e5,2.11607e-9
1545909210,30491330.544041358,32580104.084501516,2088.774,3.88340e14,2.5742,1.65494e6,-8.38404e5,2.10263e-9
1545909240,30505842.589872684,32582401.205246214,2076.559,3.98728e14,0.0320,1.66606e6,-8.33046e5,2.08919e-9
1545909270,30520312.90489895,32584642.550741874,2064.330,4.00403e14,0.4522,1.65883e6,-8.27690e5,2.07576e-9
1545909300,30534741.365893282,32586828.10930216,2052.087,3.96269e14,0.5850,1.63958e6,-8.22338e5,2.06234e-9
1545909330,30549127.850379612,32588957.8695504,2039.830,3.93761e14,1.2141,1.62377e6,-8.16988e5,2.04892e-9
1545909360,30563472.236663073,32591031.8203822,2027.560,3.96284e14,0.5812,1.61828e6,-8.11641e5,2.03551e-9
1545909390,30577774.403792348,32593049.951002087,2015.276,4.08025e14,2.3645,1.63137e6,-8.06296e5,2.02210e-9
1545909420,30592034.231566958,32595012.250911158,2002.978,4.07820e14,2.3130,1.62015e6,-8.00955e5,2.00871e-9
1545918690,32595281.29751827,30594255.53623426,2001.026,3.98315e14,0.0716,-1.59931e6,8.00059e5,-2.00659e-9
1545918720,32593326.811621152,30580004.031965014,2013.323,3.96830e14,0.4441,-1.60699e6,8.05399e5,-2.01998e-9
1545918750,32591316.49633983,30565710.185125783,2025.606,4.06821e14,2.0623,-1.63796e6,8.10742e5,-2.03338e-9
1545918780,32589250.36220749,30551374.115795504,2037.876,4.03952e14,1.3427,-1.64289e6,8.16088e5,-2.04679e-9
1545918810,32587128.420053724,30536995.944802657,2050.132,4.03332e14,1.1870,-1.65238e6,8.21436e5,-2.06020e-9
1545918840,32584950.68100483,30522575.7937289,2062.375,4.07726e14,2.2894,-1.67226e6,8.26787e5,-2.07362e-9
1545918870,32582717.156484224,30508113.7849129,2074.603,3.93158e14,1.3653,-1.65268e6,8.32141e5,-2.08705e-9
1545918900,32580427.85821302,30493610.041453958,2086.818,3.96569e14,0.5096,-1.67048e6,8.37497e5,-2.10048e-9
1545918930,32578082.79820646,30479064.68719301,2099.018,4.03410e14,1.2066,-1.69563e6,8.42856e5,-2.11392e-9
1545918960,32575681.988786533,30464477.846786838,2111.204,3.95018e14,0.8987,-1.68857e6,8.48218e5,-2.12737e-9
1545918990,32573225.442570336,30449849.645640895,2123.376,4.07240e14,2.1674,-1.72541e6,8.53582e5,-2.14082e-9
1545919020,32570713.1724745,30435180.209935877,2135.533,4.12238e14,3.4213,-1.74703e6,8.58949e5,-2.15428e-9
1545919050,32568145.19171572,30420469.666631304,2147.676,3.96084e14,0.6313,-1.72293e6,8.64319e5,-2.16775e-9
1545919080,32565521.513811182,30405718.143469088,2159.803,3.98815e14,0.0538,-1.73960e6,8.69692e5,-2.18123e-9
1545919110,32562842.15257919,30390925.768977188,2171.916,4.04366e14,1.4465,-1.76253e6,8.75067e5,-2.19471e-9
1545919140,32560107.122139636,30376092.6724732,2184.014,3.98548e14,0.0131,-1.76052e6,8.80445e5,-2.20820e-9
1545919170,32557316.436914533,30361218.98406801,2196.097,3.87677e14,2.7405,-1.74712e6,8.85826e5,-2.22169e-9
1545919200,32554470.11162863,30346304.834669493,2208.165,3.96230e14,0.5946,-1.77686e6,8.91209e5,-2.23519e-9
1545919230,32551568.16131098,30331350.35601357,2220.218,4.14066e14,3.8800,-1.82771e6,8.96595e5,-2.24870e-9
1545919260,32548610.601292204,30316355.680583395,2232.255,4.06971e14,2.1000,-1.82264e6,9.01984e5,-2.26222e-9
1545919290,32545597.44720846,30301320.941698134,2244.277,4.04278e14,1.4245,-1.82741e6,9.07376e5,-2.27574e-9
1545919320,32542528.715000875,30286246.27348937,2256.282,4.02141e14,0.8883,-1.83338e6,9.12770e5,-2.28927e-9
1545919350,32539404.420916196,30271131.81090514,2268.273,3.97870e14,0.1834,-1.83438e6,9.18167e5,-2.30280e-9
1545919380,32536224.58150731,30255977.689713936,2280.247,3.97682e14,0.2303,-1.84474e6,9.23567e5,-2.31635e-9
1545919410,32532989.213633932,30240784.04650885,2292.205,3.92316e14,1.5767,-1.84302e6,9.28969e5,-2.32990e-9
1545919440,32529698.334463157,30225551.01871155,2304.147,3.94899e14,0.9286,-1.85980e6,9.34374e5,-2.34345e-9
1545919470,32526351.96147006,30210278.744576417,2316.073,3.92216e14,1.6018,-1.86424e6,9.39782e5,-2.35701e-9
1545919500,32522950.112438332,30194967.36319466,2327.983,3.92717e14,1.4761,-1.87616e6,9.45192e5,-2.37058e-9
1545919530,32519492.805450838,30179617.014477883,2339.876,4.00908e14,0.5790,-1.90643e6,9.50605e5,-2.38416e-9
1545919560,32515980.058921244,30164227.83922553,2351.752,4.00761e14,0.5419,-1.91694e6,9.56021e5,-2.39774e-9
1545919590,32512411.891563527,30148799.979065273,2363.612,3.99267e14,0.1672,-1.92420e6,9.61439e5,-2.41133e-9
1545919620,32508788.32240266,30133333.57647767,2375.455,3.98308e14,0.0733,-1.93273e6,9.66860e5,-2.42493e-9
1545919650,32505109.370775092,30117828.774800055,2387.281,4.00088e14,0.3731,-1.94791e6,9.72284e5,-2.43853e-9
1545919680,32501375.05632942,30102285.718230564,2399.089,4.03100e14,1.1289,-1.96617e6,9.77710e5,-2.45214e-9
1545919710,32497585.39902696,30086704.5518321,2410.881,3.95764e14,0.7115,-1.95900e6,9.83139e5,-2.46576e-9
1545919740,32493740.41914241,30071085.4215363,2422.655,3.97353e14,0.3129,-1.97376e6,9.88571e5,-2.47938e-9
1545919770,32489840.137264423,30055428.474147517,2434.412,3.94479e14,1.0341,-1.97744e6,9.94005e5,-2.49301e-9
1545919800,32485884.574296325,30039733.8573468,2446.151,3.88648e14,2.4969,-1.97364e6,9.99441e5,-2.50664e-9
1545919830,32481873.751477867,30024001.719704587,2457.872,4.02280e14,0.9230,-2.01874e6,1.00488e6,-2.52028e-9
1545919860,32477807.69032101,30008232.21065789,2469.575,4.02363e14,0.9440,-2.02988e6,1.01032e6,-2.53393e-9
1545919890,32473686.41267572,29992425.480541475,2481.261,3.93626e14,1.2480,-2.01856e6,1.01577e6,-2.54759e-9
1545919920,32469509.94070987,29976581.680583093,2492.928,3.95732e14,0.7197,-2.03478e6,1.02121e6,-2.56125e-9
1545919950,32465278.29691011,29960700.96290767,2504.577,4.05220e14,1.6607,-2.07007e6,1.02666e6,-2.57492e-9
1545919980,32460991.504082832,29944783.48054134,2516.208,4.04447e14,1.4669,-2.07907e6,1.03212e6,-2.58859e-9
1545920010,32456649.585355192,29928829.38741571,2527.820,4.03320e14,1.1841,-2.08712e6,1.03757e6,-2.60227e-9
1545920040,32452252.564175997,29912838.83837194,2539.414,4.05130e14,1.6381,-2.10283e6,1.04303e6,-2.61596e-9
1545920070,32447800.46431669,29896811.98916493,2550.988,3.93479e14,1.2849,-2.08320e6,1.04849e6,-2.62965e-9
1545920100,32443293.30987235,29880748.99646748,2562.544,3.89740e14,2.2229,-2.08417e6,1.05395e6,-2.64335e-9
1545920130,32438731.125237495,29864650.017872628,2574.081,3.96671e14,0.4841,-2.11339e6,1.05941e6,-2.65706e-9
1545920160,32434113.93518467,29848515.211903907,2585.599,3.96678e14,0.4823,-2.12432e6,1.06488e6,-2.67077e-9
1545920190,32429441.76478766,29832344.73801319,2597.097,3.99598e14,0.2502,-2.14307e6,1.07035e6,-2.68449e-9
1545920220,32424714.63944736,29816138.756587014,2608.576,3.98146e14,0.1141,-2.15010e6,1.07582e6,-2.69821e-9
1545920250,32419932.58489265,29799897.42895087,2620.035,3.94776e14,0.9596,-2.15191e6,1.08130e6,-2.71194e-9
1545920280,32415095.627181087,29783620.91737338,2631.475,3.98331e14,0.0675,-2.17250e6,1.08677e6,-2.72568e-9
1545920310,32410203.792699836,29767309.385070644,2642.894,3.94699e14,0.9789,-2.17350e6,1.09225e6,-2.73942e-9
1545920340,32405257.108166337,29750962.99621043,2654.294,3.91119e14,1.8770,-2.17455e6,1.09773e6,-2.75317e-9
1545920370,32400255.600629214,29734581.915916484,2665.674,3.97660e14,0.2359,-2.20351e6,1.10322e6,-2.76692e-9
1545920400,32395199.29746904,29718166.310272884,2677.033,3.99655e14,0.2645,-2.22002e6,1.10870e6,-2.78068e-9
1545920430,32390088.22642067,29701716.346332777,2688.372,3.99716e14,0.2799,-2.23118e6,1.11419e6,-2.79445e-9
1545920460,32384922.41550797,29685232.19210879,2699.690,4.06525e14,1.9881,-2.26129e6,1.11968e6,-2.80822e-9
1545920490,32379701.893110916,29668714.01659155,2710.988,4.01133e14,0.6353,-2.25717e6,1.12518e6,-2.82199e-9
1545920520,32374426.687945325,29652161.98974943,2722.265,3.93422e14,1.2992,-2.24633e6,1.13067e6,-2.83578e-9
1545920550,32369096.82906387,29635576.282532934,2733.521,3.93039e14,1.3953,-2.25616e6,1.13617e6,-2.84956e-9
1545920580,32363712.345857132,29618957.066879023,2744.755,3.99011e14,0.1029,-2.28418e6,1.14167e6,-2.86336e-9
1545920610,32358273.268054854,29602304.51571558,2755.969,4.04338e14,1.4393,-2.31051e6,1.14717e6,-2.87716e-9
1545920640,32352779.625726964,29585618.80296578,2767.161,4.04256e14,1.4187,-2.32136e6,1.15268e6,-2.89096e-9
1545920670,32347231.44928483,29568900.10355237,2778.331,4.03411e14,1.2069,-2.33000e6,1.15818e6,-2.90477e-9
1545920700,32341628.769482292,29552148.593402192,2789.480,4.01959e14,0.8426,-2.33684e6,1.16369e6,-2.91858e-9
1545920730,32335971.61740172,29535364.44943887,2800.607,4.01710e14,0.7802,-2.34718e6,1.16920e6,-2.93240e-9
1545920760,32330260.024502143,29518547.84962307,2811.712,3.96680e14,0.4818,-2.34342e6,1.17471e6,-2.94623e-9
1545920790,32324494.02257337,29501698.972920716,2822.795,3.98341e14,0.0651,-2.35934e6,1.18023e6,-2.96006e-9
1545920820,32318673.64375228,29484817.99931902,2833.856,4.00505e14,0.4779,-2.37680e6,1.18574e6,-2.97390e-9
1545920850,32312798.920523938,29467905.10983081,2844.894,3.99241e14,0.1606,-2.38409e6,1.19126e6,-2.98774e-9
1545920880,32306869.885722704,29450960.486498725,2855.909,3.97788e14,0.2039,-2.39077e6,1.19678e6,-3.00158e-9
1545920910,32300886.572533358,29433984.312399585,2866.902,3.90923e14,1.9260,-2.38111e6,1.20230e6,-3.01543e-9
1545920940,32294849.014492184,29416976.77164871,2877.872,3.98131e14,0.1177,-2.41388e6,1.20783e6,-3.02929e-9
1545920970,32288757.24548813,29399938.049404144,2888.819,3.99268e14,0.1674,-2.42838e6,1.21335e6,-3.04314e-9
1545921000,32282611.299763963,29382868.331871033,2899.743,3.95273e14,0.8348,-2.42723e6,1.21888e6,-3.05701e-9
1545921030,32276411.2119285,29365767.806323316,2910.643,4.01993e14,0.8510,-2.45888e6,1.22441e6,-3.07088e-9
1545921060,32270157.016923625,29348636.661054436,2921.520,3.97357e14,0.3119,-2.45569e6,1.22994e6,-3.08475e-9
1545921090,32263848.750059716,29331475.085435625,2932.374,4.02271e14,0.9210,-2.48196e6,1.23547e6,-3.09863e-9
1545921120,32257486.44700587,29314283.269902874,2943.203,4.03364e14,1.1952,-2.49648e6,1.24101e6,-3.11251e-9
1545921150,32251070.14379118,29297061.40596148,2954.009,3.94860e14,0.9384,-2.48103e6,1.24654e6,-3.12639e-9
1545921180,32244599.876806073,29279809.68619046,2964.790,3.99210e14,0.1528,-2.50571e6,1.25208e6,-3.14028e-9
1545921210,32238075.68280367,29262528.304247137,2975.547,3.90965e14,1.9155,-2.49080e6,1.25762e6,-3.15418e-9
1545921240,32231497.598901074,29245217.45487155,2986.280,3.98599e14,0.0003,-2.52596e6,1.26316e6,-3.16807e-9
1545921270,32224865.662580818,29227877.33389101,2996.988,4.05827e14,1.8130,-2.56004e6,1.26871e6,-3.18197e-9
1545921300,32218179.911692105,29210508.13822453,3007.672,3.97192e14,0.3533,-2.54363e6,1.27425e6,-3.19588e-9
1545921330,32211440.384444308,29193110.065866183,3018.330,3.95026e14,0.8967,-2.54774e6,1.27979e6,-3.20979e-9
1545921360,32204647.11943301,29175683.31595484,3028.964,3.93557e14,1.2653,-2.55405e6,1.28534e6,-3.22370e-9
1545921390,32197800.15561662,29158228.088712938,3039.572,3.99207e14,0.1521,-2.58337e6,1.29089e6,-3.23761e-9
1545921420,32190899.532325756,29140744.58547217,3050.155,4.02938e14,1.0883,-2.60661e6,1.29644e6,-3.25153e-9
1545921450,32183945.289264575,29123233.008677628,3060.712,4.00770e14,0.5444,-2.61069e6,1.30199e6,-3.26545e-9
1545921480,32176937.46651215,29105693.561892174,3071.244,3.92441e14,1.5453,-2.59450e6,1.30754e6,-3.27938e-9
1545921510,32169876.104523886,29088126.449800666,3081.750,3.96094e14,0.6288,-2.61755e6,1.31309e6,-3.29331e-9
1545921540,32162761.244132843,29070531.878214274,3092.229,4.02249e14,0.9152,-2.64898e6,1.31865e6,-3.30724e-9
1545921570,32155592.926551174,29052910.05407469,3102.683,4.00008e14,0.3530,-2.65270e6,1.32420e6,-3.32117e-9
1545921600,32148371.193371482,29035261.185458492,3113.110,4.04778e14,1.5498,-2.67974e6,1.32976e6,-3.33511e-9
1545921630,32141096.086573556,29017585.481605835,3123.511,3.98975e14,0.0940,-2.67150e6,1.33532e6,-3.34905e-9
1545921660,32133767.648509603,28999883.152849186,3133.884,3.98286e14,0.0789,-2.68031e6,1.34088e6,-3.36299e-9
1545921690,32126385.921921916,28982154.410693634,3144.232,4.06557e14,1.9962,-2.71935e6,1.34643e6,-3.37693e-9
1545921720,32118950.94993914,28964399.467796613,3154.551,3.96591e14,0.5041,-2.69679e6,1.35199e6,-3.39087e-9
1545921750,32111462.776077773,28946618.53797255,3164.844,4.00425e14,0.4577,-2.72093e6,1.35756e6,-3.40482e-9
1545921780,32103921.44424364,28928811.836197153,3175.110,3.96603e14,0.5011,-2.71901e6,1.36312e6,-3.41877e-9
1545921810,32096326.99873358,28910979.57861201,3185.347,3.93419e14,1.2999,-2.71918e6,1.36868e6,-3.43272e-9
1545921840,32088679.484236848,28893121.982528977,3195.558,3.97715e14,0.2222,-2.74504e6,1.37424e6,-3.44667e-9
1545921870,32080978.94583678,28875239.26643458,3205.740,3.96391e14,0.5543,-2.75157e6,1.37981e6,-3.46063e-9
1545921900,32073225.42901231,28857331.649994485,3215.894,3.99859e14,0.3158,-2.77471e6,1.38537e6,-3.47458e-9
1545921930,32065418.979633886,28839399.354029737,3226.020,3.99754e14,0.2893,-2.78549e6,1.39093e6,-3.48854e-9
1545921960,32057559.643982735,28821442.600607928,3236.117,4.03100e14,1.1288,-2.80836e6,1.39650e6,-3.50250e-9
1545921990,32049647.46873474,28803461.612960342,3246.186,4.02782e14,1.0490,-2.81843e6,1.40206e6,-3.51646e-9
1545922020,32041682.500967786,28785456.615514334,3256.226,3.98626e14,0.0065,-2.81495e6,1.40763e6,-3.53042e-9
1545922050,32033664.78816334,28767427.833897404,3266.237,3.92631e14,1.4976,-2.80483e6,1.41320e6,-3.54438e-9
1545922080,32025594.3782081,28749375.494941283,3276.219,3.93574e14,1.2609,-2.81923e6,1.41876e6,-3.55834e-9
1545922110,32017471.319395658,28731299.82668603,3286.171,3.94959e14,0.9135,-2.83524e6,1.42433e6,-3.57230e-9
1545922140,32009295.660428092,28713201.058384024,3296.095,3.93898e14,1.1799,-2.84251e6,1.42989e6,-3.58626e-9
1545922170,32001067.45041771,28695079.42050404,3305.988,4.02464e14,0.9692,-2.88442e6,1.43546e6,-3.60022e-9
1545922200,31992786.738888692,28676935.144735314,3315.852,4.09758e14,2.7993,-2.92197e6,1.44103e6,-3.61418e-9
1545922230,31984453.57578851,28658768.46402324,3325.685,4.03545e14,1.2405,-2.91071e6,1.44659e6,-3.62815e-9
1545922260,31976068.011459824,28640579.612475615,3335.488,3.97992e14,0.1526,-2.90169e6,1.45216e6,-3.64211e-9
1545922290,31967630.096672215,28622368.825464804,3345.261,3.98296e14,0.0765,-2.91392e6,1.45773e6,-3.65607e-9
1545922320,31959139.882614218,28604136.339600313,3355.004,4.00364e14,0.4425,-2.93264e6,1.46329e6,-3.67003e-9
1545922350,31950597.420895267,28585882.392732933,3364.715,4.02515e14,0.9820,-2.95171e6,1.46886e6,-3.68398e-9
1545922380,31942002.763547532,28567607.22395899,3374.396,4.01173e14,0.6455,-2.95794e6,1.47442e6,-3.69794e-9
1545922410,31933355.963027865,28549311.073624622,3384.045,4.00189e14,0.3985,-2.96544e6,1.47998e6,-3.71190e-9
1545922440,31924657.072219618,28530994.18332992,3393.663,4.02690e14,1.0259,-2.98591e6,1.48555e6,-3.72585e-9
1545922470,31915906.144434612,28512656.795933098,3403.249,3.98947e14,0.0870,-2.98310e6,1.49111e6,-3.73980e-9
1545922500,31907103.23341501,28494299.155554637,3412.804,3.93725e14,1.2232,-2.97462e6,1.49667e6,-3.75376e-9
1545922530,31898248.393326305,28475921.507548496,3422.327,3.99677e14,0.2700,-3.00810e6,1.50223e6,-3.76770e-9
1545922560,31889341.678786945,28457524.098607652,3431.818,3.99703e14,0.2765,-3.01933e6,1.50779e6,-3.78165e-9
1545922590,31880383.144842457,28439107.1766663,3441.276,3.94132e14,1.1210,-3.00932e6,1.51335e6,-3.79560e-9
1545922620,31871372.846976344,28420670.990936514,3450.702,3.98787e14,0.0467,-3.03811e6,1.51891e6,-3.80954e-9
1545922650,31862310.84111192,28402215.791912,3460.095,4.02780e14,1.0485,-3.06449e6,1.52447e6,-3.82348e-9
1545922680,31853197.183614224,28383741.83137171,3469.455,3.99512e14,0.2286,-3.06312e6,1.53003e6,-3.83741e-9
1545922710,31844031.931291953,28365249.362383544,3478.783,4.02330e14,0.9357,-3.08509e6,1.53558e6,-3.85135e-9
1545922740,31834815.141399283,28346738.639307916,3488.077,4.05648e14,1.7680,-3.10908e6,1.54113e6,-3.86528e-9
1545922770,31825546.8716378,28328209.91780131,3497.337,4.00775e14,0.5455,-3.10137e6,1.54669e6,-3.87920e-9
1545922800,31816227.18015844,28309663.45481987,3506.564,4.00557e14,0.4909,-3.11166e6,1.55224e6,-3.89313e-9
1545922830,31806856.12556129,28291099.508651555,3515.757,4.02312e14,0.9311,-3.12964e6,1.55779e6,-3.90704e-9
1545922860,31797433.766904,28272518.338831272,3524.915,3.93656e14,1.2406,-3.10684e6,1.56333e6,-3.92096e-9
1545922890,31787960.1636973,28253920.206233095,3534.040,3.89160e14,2.3683,-3.10017e6,1.56888e6,-3.93487e-9
1545922920,31778435.37590902,28235305.373045243,3543.130,3.96107e14,0.6255,-3.13856e6,1.57442e6,-3.94877e-9
1545922950,31768859.463966034,28216674.102773704,3552.185,3.93918e14,1.1747,-3.14093e6,1.57996e6,-3.96267e-9
1545922980,31759232.488756336,28198026.660245836,3561.206,3.94068e14,1.1371,-3.15254e6,1.58550e6,-3.97657e-9
1545923010,31749554.51163099,28179363.31161406,3570.191,3.99243e14,0.1613,-3.18420e6,1.59104e6,-3.99046e-9
1545923040,31739825.594406262,28160684.32435939,3579.141,4.03616e14,1.2584,-3.21279e6,1.59658e6,-4.00434e-9
1545923070,31730045.799365632,28141989.96729494,3588.056,4.02117e14,0.8823,-3.21790e6,1.60211e6,-4.01822e-9
1545923100,31720215.189261876,28123280.51056946,3596.935,3.95851e14,0.6897,-3.20375e6,1.60764e6,-4.03209e-9
1545923130,31710333.82733768,28104556.225649342,3605.778,3.95081e14,0.8828,-3.21165e6,1.61317e6,-4.04596e-9
1545923160,31700401.777270984,28085817.385388203,3614.584,3.95727e14,0.7209,-3.22527e6,1.61869e6,-4.05982e-9
1545923190,31690419.103234075,28067064.26396374,3623.355,3.96485e14,0.5306,-3.23937e6,1.62422e6,-4.07367e-9
1545923220,31680385.869877532,28048297.13690249,3632.089,4.02728e14,1.0356,-3.27589e6,1.62973e6,-4.08752e-9
1545923250,31670302.142332524,28029516.281082857,3640.786,4.01573e14,0.7458,-3.28225e6,1.63525e6,-4.10135e-9
1545923280,31660167.98621324,28010721.9747382,3649.446,3.94184e14,1.1080,-3.26291e6,1.64077e6,-4.11519e-9
1545923310,31649983.467619244,27991914.4974599,3658.069,4.01097e14,0.6264,-3.30241e6,1.64628e6,-4.12901e-9
1545923340,31639748.653137863,27973094.130200237,3666.655,4.00357e14,0.4407,-3.31039e6,1.65178e6,-4.14282e-9
1545923370,31629463.609846547,27954261.15527543,3675.202,3.92238e14,1.5961,-3.28768e6,1.65729e6,-4.15663e-9
1545923400,31619128.40531533,27935415.856368374,3683.713,3.97258e14,0.3369,-3.31952e6,1.66279e6,-4.17043e-9
1545923430,31608743.10757892,27916558.518549927,3692.185,4.01903e14,0.8286,-3.34994e6,1.66829e6,-4.18422e-9
1545923460,31598307.785232477,27897689.428225055,3700.618,4.00560e14,0.4917,-3.35533e6,1.67378e6,-4.19800e-9
1545923490,31587822.507340353,27878808.873192433,3709.014,3.97384e14,0.3053,-3.35296e6,1.67927e6,-4.21177e-9
1545923520,31577287.343468595,27859917.142628912,3717.370,4.00637e14,0.5109,-3.37766e6,1.68476e6,-4.22553e-9
1545923550,31566702.363687072,27841014.52709222,3725.688,4.01929e14,0.8351,-3.39413e6,1.69024e6,-4.23928e-9
1545923580,31556067.638571747,27822101.3185237,3733.966,3.97835e14,0.1921,-3.38771e6,1.69571e6,-4.25302e-9
1545923610,31545383.23920686,27803177.810251076,3742.205,3.96372e14,0.5590,-3.39241e6,1.70119e6,-4.26675e-9
1545923640,31534649.237187132,27784244.296990946,3750.405,3.96192e14,0.6041,-3.40255e6,1.70666e6,-4.28047e-9
1545923670,31523865.70462004,27765301.074851397,3758.565,3.95818e14,0.6981,-3.41184e6,1.71212e6,-4.29418e-9
1545923700,31513032.714128055,27746348.441334445,3766.684,3.95360e14,0.8130,-3.42074e6,1.71758e6,-4.30788e-9
1545923730,31502150.338885214,27727386.69531784,3774.764,3.96485e14,0.5306,-3.43647e6,1.72304e6,-4.32156e-9
1545923760,31491218.652513813,27708416.137121063,3782.803,3.95841e14,0.6922,-3.44455e6,1.72849e6,-4.33523e-9
1545923790,31480237.729192715,27689437.06844367,3790.801,3.99131e14,0.1332,-3.46971e6,1.73393e6,-4.34889e-9
1545923820,31469207.643625714,27670449.79238808,3798.758,4.03170e14,1.1465,-3.49822e6,1.73937e6,-4.36254e-9
1545923850,31458128.471044216,27651454.61346149,3806.674,4.02669e14,1.0206,-3.50696e6,1.74481e6,-4.37618e-9
1545923880,31447000.28720987,27632451.837577812,3814.548,3.98123e14,0.1197,-3.49792e6,1.75024e6,-4.38980e-9
1545923910,31435823.168417316,27613441.77205948,3822.381,3.92790e14,1.4576,-3.48528e6,1.75566e6,-4.40341e-9
1545923940,31424597.191496935,27594424.72563925,3830.172,3.98077e14,0.1313,-3.51939e6,1.76108e6,-4.41700e-9
1545923970,31413322.433817524,27575401.008461848,3837.921,4.02825e14,1.0598,-3.55124e6,1.76650e6,-4.43058e-9
1545924000,31401998.97328908,27556370.932085697,3845.628,3.97664e14,0.2349,-3.53918e6,1.77190e6,-4.44414e-9
1545924030,31390626.88833413,27537334.809504967,3853.292,3.97004e14,0.4006,-3.54702e6,1.77730e6,-4.45769e-9
1545924060,31379206.257987328,27518292.955087718,3860.913,4.00830e14,0.5593,-3.57490e6,1.78270e6,-4.47123e-9
1545924090,31367737.161801096,27499245.68464096,3868.491,4.00511e14,0.4794,-3.58428e6,1.78809e6,-4.48474e-9
1545924120,31356219.67987949,27480193.315391604,3876.026,3.95360e14,0.8130,-3.57190e6,1.79347e6,-4.49825e-9
1545924150,31344653.89288083,27461136.165987916,3883.518,3.99157e14,0.1396,-3.59973e6,1.79885e6,-4.51173e-9
1545924180,31333039.882020153,27442074.556500982,3890.965,4.03768e14,1.2964,-3.63135e6,1.80421e6,-4.52520e-9
1545924210,31321377.7290718,27423008.808426008,3898.369,4.00693e14,0.5249,-3.62818e6,1.80958e6,-4.53865e-9
1545924240,31309667.516371906,27403939.244683612,3905.728,4.01705e14,0.7790,-3.64353e6,1.81493e6,-4.55209e-9
1545924270,31297909.326820992,27384866.189620983,3913.043,4.03687e14,1.2760,-3.66331e6,1.82028e6,-4.56550e-9
1545924300,31286103.243886564,27365789.969013017,3920.313,3.94757e14,0.9643,-3.63317e6,1.82562e6,-4.57890e-9
1545924330,31274249.351629164,27346710.910050206,3927.538,3.94973e14,0.9101,-3.64478e6,1.83095e6,-4.59228e-9
1545924360,31262347.734632593,27327629.341380015,3934.718,4.02827e14,1.0603,-3.69156e6,1.83628e6,-4.60564e-9
1545924390,31250398.47807917,27308545.593067177,3941.853,4.02480e14,0.9732,-3.70064e6,1.84160e6,-4.61898e-9
1545924420,31238401.667729106,27289459.996607434,3948.942,4.03212e14,1.1569,-3.71471e6,1.84691e6,-4.63230e-9
1545924450,31226357.38992338,27270372.88492811,3955.985,3.96881e14,0.4313,-3.69596e6,1.85221e6,-4.64560e-9
1545924480,31214265.731586583,27251284.59238853,3962.981,3.95301e14,0.8279,-3.69916e6,1.85750e6,-4.65888e-9
1545924510,31202126.780229997,27232195.45478043,3969.931,3.99900e14,0.3261,-3.73118e6,1.86279e6,-4.67214e-9
1545924540,31189940.6239544,27213105.809328105,3976.835,4.03346e14,1.1904,-3.75789e6,1.86806e6,-4.68538e-9
1545924570,31177707.351453137,27194015.994688638,3983.691,4.00960e14,0.5919,-3.75728e6,1.87333e6,-4.69860e-9
1545924600,31165427.05201508,27174926.350951925,3990.501,3.94944e14,0.9173,-3.73948e6,1.87859e6,-4.71179e-9
1545924630,31153099.815513168,27155837.219644655,3997.263,3.98019e14,0.1459,-3.76446e6,1.88384e6,-4.72496e-9
1545924660,31140725.732451983,27136748.94371756,4003.977,4.00616e14,0.5056,-3.78724e6,1.88908e6,-4.73811e-9
1545924690,31128304.893926207,27117661.867557842,4010.643,3.96549e14,0.5147,-3.77841e6,1.89431e6,-4.75123e-9
1545924720,31115837.391637985,27098576.33698472,4017.261,3.95903e14,0.6767,-3.78575e6,1.89953e6,-4.76433e-9
1545924750,31103323.317899834,27079492.699248917,4023.831,4.01046e14,0.6135,-3.82071e6,1.90474e6,-4.77741e-9
1545924780,31090762.76563762,27060411.30303219,4030.351,3.99200e14,0.1504,-3.82230e6,1.90995e6,-4.79046e-9
1545924810,31078155.82839351,27041332.498446587,4036.823,3.95207e14,0.8514,-3.81351e6,1.91514e6,-4.80348e-9
1545924840,31065502.60032897,27022256.637033764,4043.246,3.97759e14,0.2110,-3.83612e6,1.92032e6,-4.81648e-9
1545924870,31052803.176227756,27003184.07176403,4049.619,3.96464e14,0.5359,-3.84020e6,1.92549e6,-4.82946e-9
1545924900,31040057.65149884,26984115.15703532,4055.942,3.97667e14,0.2342,-3.85631e6,1.93065e6,-4.84240e-9
1545924930,31027266.12218885,26965050.248669915,4062.216,3.97897e14,0.1764,-3.86772e6,1.93580e6,-4.85532e-9
1545924960,31014428.68495644,26945989.703920297,4068.439,3.97856e14,0.1868,-3.87779e6,1.94094e6,-4.86822e-9
1545924990,31001545.437103886,26926933.88146056,4074.612,3.98554e14,0.0116,-3.89144e6,1.94607e6,-4.88108e-9
1545925020,30988616.476570986,26907883.141387343,4080.733,3.96197e14,0.6030,-3.89014e6,1.95118e6,-4.89392e-9
1545925050,30975641.901938252,26888837.84521822,4086.804,3.94957e14,0.9139,-3.89423e6,1.95629e6,-4.90672e-9
1545925080,30962621.812430073,26869798.35589003,4092.823,3.98036e14,0.1416,-3.91951e6,1.96138e6,-4.91950e-9
1545925110,30949556.30791792,26850765.037757073,4098.791,4.03072e14,1.1219,-3.95451e6,1.96646e6,-4.93225e-9
1545925140,30936445.488923542,26831738.256589163,4104.707,3.97269e14,0.3341,-3.93600e6,1.97153e6,-4.94496e-9
1545925170,30923289.45662221,26812718.37956961,4110.571,3.97617e14,0.2468,-3.94783e6,1.97658e6,-4.95765e-9
1545925200,30910088.312845938,26793705.775293022,4116.383,4.01157e14,0.6414,-3.97550e6,1.98162e6,-4.97030e-9
1545925230,30896842.1600794,26774700.813771445,4122.141,3.94681e14,0.9833,-3.95332e6,1.98665e6,-4.98292e-9
1545925260,30883551.101485763,26755703.866405863,4127.847,4.00307e14,0.4282,-3.99141e6,1.99167e6,-4.99551e-9
1545925290,30870215.240887515,26736715.306009956,4133.500,4.04233e14,1.4130,-4.02110e6,1.99668e6,-5.00807e-9
1545925320,30856834.682776954,26717735.506798904,4139.099,3.94260e14,1.0890,-3.98108e6,2.00167e6,-5.02059e-9
1545925350,30843409.532319397,26698764.844386645,4144.645,3.99166e14,0.1419,-4.01568e6,2.00664e6,-5.03308e-9
1545925380,30829939.895356465,26679803.695782993,4150.136,3.97713e14,0.2227,-4.01828e6,2.01161e6,-5.04553e-9
1545925410,30816425.878409367,26660852.439390562,4155.573,3.91591e14,1.7586,-3.99720e6,2.01656e6,-5.05795e-9
1545925440,30802867.58868215,26641911.455001634,4160.956,4.01460e14,0.7175,-4.05703e6,2.02149e6,-5.07033e-9
1545925470,30789265.134065002,26622981.123794746,4166.284,4.05267e14,1.6724,-4.08625e6,2.02641e6,-5.08268e-9
1545925500,30775618.62313757,26604061.82833122,4171.557,4.00488e14,0.4736,-4.07180e6,2.03132e6,-5.09499e-9
1545925530,30761928.165174402,26585153.952535942,4176.774,3.94574e14,1.0102,-4.05140e6,2.03621e6,-5.10726e-9
1545925560,30748193.870141927,26566257.881741773,4181.936,3.97146e14,0.3648,-4.07427e6,2.04108e6,-5.11950e-9
1545925590,30734415.84870797,26547374.002637044,4187.042,3.96946e14,0.4151,-4.08295e6,2.04594e6,-5.13169e-9
1545925620,30720594.212243248,26528502.70327708,4192.092,3.92856e14,1.4413,-4.07158e6,2.05079e6,-5.14385e-9
1545925650,30706729.072824754,26509644.37307979,4197.085,3.97654e14,0.2374,-4.10591e6,2.05562e6,-5.15597e-9
1545925680,30692820.5432392,26490799.40282112,4202.021,3.98300e14,0.0754,-4.11886e6,2.06043e6,-5.16805e-9
1545925710,30678868.736986537,26471968.184630375,4206.901,3.94073e14,1.1358,-4.10656e6,2.06523e6,-5.18008e-9
1545925740,30664873.768283404,26453151.111985303,4211.723,3.90781e14,1.9618,-4.09897e6,2.07001e6,-5.19208e-9
1545925770,30650835.752066664,26434348.57970713,4216.487,3.95597e14,0.7534,-4.13347e6,2.07477e6,-5.20403e-9
1545925800,30636754.803996954,26415560.98395538,4221.194,3.99065e14,0.1166,-4.16102e6,2.07951e6,-5.21594e-9
1545925830,30622631.040472165,26396788.722241674,4225.842,3.96600e14,0.5018,-4.15759e6,2.08424e6,-5.22781e-9
1545925860,30608464.57860035,26378032.193365153,4230.432,3.97614e14,0.2474,-4.17231e6,2.08895e6,-5.23963e-9
1545925890,30594255.53623426,26359291.797466267,4234.964,3.99063e14,0.1161,-4.18929e6,2.09365e6,-5.25141e-9
1545925920,30580004.031965014,26340567.93600184,4239.436,3.99376e14,0.1945,-4.20030e6,2.09832e6,-5.26315e-9
1545925950,30565710.185125783,26321861.011739276,4243.849,3.93005e14,1.4038,-4.17602e6,2.10298e6,-5.27483e-9
1545925980,30551374.115795504,26303171.428750537,4248.203,3.98985e14,0.0965,-4.21685e6,2.10762e6,-5.28648e-9
1545926010,30536995.944802657,26284499.59240603,4252.496,4.04156e14,1.3937,-4.25349e6,2.11224e6,-5.29807e-9
1545926040,30522575.7937289,26265845.90936823,4256.730,3.96296e14,0.5782,-4.22102e6,2.11684e6,-5.30962e-9
1545926070,30508113.7849129,26247210.7875852,4260.903,3.99406e14,0.2022,-4.24671e6,2.12142e6,-5.32112e-9
1545926100,30493610.041453958,26228594.636283834,4265.015,3.97636e14,0.2421,-4.24641e6,2.12599e6,-5.33257e-9
1545926130,30479064.68719301,26209997.865943037,4269.067,3.95794e14,0.7042,-4.24564e6,2.13053e6,-5.34397e-9
1545926160,30464477.846786838,26191420.88834843,4273.057,3.98150e14,0.1131,-4.26727e6,2.13505e6,-5.35533e-9
1545926190,30449849.645640895,26172864.116522957,4276.986,3.92597e14,1.5061,-4.24648e6,2.13955e6,-5.36663e-9
1545926220,30435180.209935877,26154327.964739393,4280.852,3.95156e14,0.8642,-4.26914e6,2.14404e6,-5.37788e-9
1545926250,30420469.666631304,26135812.848512616,4284.657,4.02480e14,0.9732,-4.31749e6,2.14850e6,-5.38907e-9
1545926280,30405718.143469088,26117319.184591543,4288.399,3.99327e14,0.1822,-4.30939e6,2.15294e6,-5.40022e-9
1545926310,30390925.768977188,26098847.390951034,4292.078,3.96934e14,0.4180,-4.30529e6,2.15736e6,-5.41131e-9
1545926340,30376092.6724732,26080397.886783462,4295.695,3.98687e14,0.0218,-4.32357e6,2.16175e6,-5.42235e-9
1545926370,30361218.98406801,26061971.092490245,4299.248,4.03270e14,1.1715,-4.35723e6,2.16613e6,-5.43333e-9
1545926400,30346304.834669493,26043567.429673005,4302.737,4.02538e14,0.9878,-4.36200e6,2.17048e6,-5.44426e-9
1545926430,30331350.35601357,26025187.321145725,4306.163,3.97105e14,0.3753,-4.34107e6,2.17481e6,-5.45513e-9
1545926460,30316355.680583395,26006831.19086075,4309.524,3.99054e14,0.1139,-4.36033e6,2.17912e6,-5.46594e-9
1545926490,30301320.941698134,25988499.46396467,4312.821,3.97487e14,0.2793,-4.36032e6,2.18341e6,-5.47670e-9
1545926520,30286246.27348937,25970192.56676784,4316.054,3.95615e14,0.7490,-4.35856e6,2.18767e6,-5.48739e-9
1545926550,30271131.81090514,25951910.926734865,4319.221,3.97376e14,0.3071,-4.37669e6,2.19191e6,-5.49803e-9
1545926580,30255977.689713936,25933654.97247479,4322.323,4.00344e14,0.4374,-4.40146e6,2.19612e6,-5.50861e-9
1545926610,30240784.04650885,25915425.13373124,4325.359,4.03628e14,1.2614,-4.42799e6,2.20031e6,-5.51913e-9
1545926640,30225551.01871155,25897221.841372218,4328.329,4.00794e14,0.5504,-4.42070e6,2.20448e6,-5.52959e-9
1545926670,30210278.744576417,25879045.5273797,4331.233,4.00491e14,0.4743,-4.42733e6,2.20862e6,-5.53998e-9
1545926700,30194967.36319466,25860896.624839116,4334.071,4.01271e14,0.6701,-4.43992e6,2.21273e6,-5.55032e-9
1545926730,30179617.014477883,25842775.567908004,4336.841,3.99008e14,0.1022,-4.43554e6,2.21682e6,-5.56059e-9
1545926760,30164227.83922553,25824682.791868288,4339.545,3.99358e14,0.1900,-4.44563e6,2.22089e6,-5.57079e-9
1545926790,30148799.979065273,25806618.733051438,4342.181,3.99475e14,0.2195,-4.45437e6,2.22493e6,-5.58093e-9
1545926820,30133333.57647767,25788583.82884734,4344.750,3.98283e14,0.0796,-4.45574e6,2.22894e6,-5.59101e-9
1545926850,30117828.774800055,25770578.517692566,4347.250,3.95940e14,0.6676,-4.45059e6,2.23293e6,-5.60102e-9
1545926880,30102285.718230564,25752603.239058245,4349.682,3.97483e14,0.2803,-4.46715e6,2.23688e6,-5.61096e-9
1545926910,30086704.5518321,25734658.43343777,4352.046,4.00495e14,0.4754,-4.49193e6,2.24082e6,-5.62083e-9
1545926940,30071085.4215363,25716744.54233429,4354.341,3.95077e14,0.8840,-4.46926e6,2.24472e6,-5.63063e-9
1545926970,30055428.474147517,25698862.00824795,4356.566,3.98006e14,0.1492,-4.49350e6,2.24860e6,-5.64037e-9
1545927000,30039733.8573468,25681011.274662953,4358.723,4.02149e14,0.8903,-4.52460e6,2.25245e6,-5.65003e-9
1545927030,30024001.719704587,25663192.786050834,4360.809,3.96052e14,0.6394,-4.49777e6,2.25627e6,-5.65963e-9
1545927060,30008232.21065789,25645406.9878062,4362.825,3.94832e14,0.9455,-4.49842e6,2.26006e6,-5.66915e-9
1545927090,29992425.480541475,25627654.326284286,4364.771,3.99366e14,0.1920,-4.53166e6,2.26382e6,-5.67860e-9
1545927120,29976581.680583093,25609935.24877065,4366.646,4.02784e14,1.0497,-4.55858e6,2.26756e6,-5.68797e-9
1545927150,29960700.96290767,25592250.203467242,4368.451,3.98173e14,0.1072,-4.53976e6,2.27126e6,-5.69727e-9
1545927180,29944783.48054134,25574599.639478214,4370.184,3.97797e14,0.2015,-4.54496e6,2.27493e6,-5.70650e-9
1545927210,29928829.38741571,25556984.006795574,4371.845,3.96251e14,0.5894,-4.54341e6,2.27858e6,-5.71565e-9
1545927240,29912838.83837194,25539403.756284524,4373.435,3.94590e14,1.0062,-4.54111e6,2.28219e6,-5.72472e-9
1545927270,29896811.98916493,25521859.339668624,4374.953,4.00040e14,0.3610,-4.57948e6,2.28577e6,-5.73372e-9
1545927300,29880748.99646748,25504351.209514692,4376.398,4.01004e14,0.6030,-4.59214e6,2.28932e6,-5.74263e-9
1545927330,29864650.017872628,25486879.819207925,4377.770,3.97228e14,0.3442,-4.57749e6,2.29284e6,-5.75147e-9
1545927360,29848515.211903907,25469445.622965824,4379.070,3.97458e14,0.2865,-4.58578e6,2.29633e6,-5.76023e-9
1545927390,29832344.73801319,25452049.07579268,4380.296,4.02720e14,1.0335,-4.62303e6,2.29978e6,-5.76890e-9
1545927420,29816138.756587014,25434690.633473095,4381.448,4.02786e14,1.0500,-4.63030e6,2.30320e6,-5.77750e-9
1545927450,29799897.42895087,25417370.75255559,4382.527,3.96444e14,0.5410,-4.60042e6,2.30659e6,-5.78601e-9
1545927480,29783620.91737338,25400089.89033597,4383.531,3.95963e14,0.6617,-4.60433e6,2.30995e6,-5.79444e-9
1545927510,29767309.385070644,25382848.504840508,4384.461,3.98406e14,0.0489,-4.62513e6,2.31327e6,-5.80278e-9
1545927540,29750962.99621043,25365647.05480875,4385.316,3.97990e14,0.1531,-4.62929e6,2.31656e6,-5.81104e-9
1545927570,29734581.915916484,25348485.999676205,4386.096,3.95571e14,0.7601,-4.62172e6,2.31981e6,-5.81921e-9
1545927600,29718166.310272884,25331365.79955676,4386.801,3.95952e14,0.6644,-4.63036e6,2.32303e6,-5.82730e-9
1545927630,29701716.346332777,25314286.915229276,4387.429,3.99767e14,0.2928,-4.65897e6,2.32621e6,-5.83530e-9
1545927660,29685232.19210879,25297249.808105662,4387.982,3.99189e14,0.1475,-4.66190e6,2.32936e6,-5.84320e-9
1545927690,29668714.01659155,25280254.940226424,4388.459,3.99105e14,0.1267,-4.66765e6,2.33247e6,-5.85102e-9
1545927720,29652161.98974943,25263302.774237636,4388.859,4.01270e14,0.6697,-4.68649e6,2.33555e6,-5.85875e-9
1545927750,29635576.282532934,25246393.773372147,4389.183,3.99747e14,0.2876,-4.68366e6,2.33859e6,-5.86639e-9
1545927780,29618957.066879023,25229528.40143051,4389.429,3.97055e14,0.3878,-4.67386e6,2.34159e6,-5.87393e-9
1545927810,29602304.51571558,25212707.122761752,4389.597,3.96962e14,0.4111,-4.67924e6,2.34455e6,-5.88139e-9
1545927840,29585618.80296578,25195930.402243786,4389.688,3.95860e14,0.6876,-4.67860e6,2.34748e6,-5.88874e-9
1545927870,29568900.10355237,25179198.70526364,4389.701,3.97103e14,0.3758,-4.69169e6,2.35037e6,-5.89601e-9
1545927900,29552148.593402192,25162512.49769747,4389.636,3.97508e14,0.2741,-4.69978e6,2.35322e6,-5.90317e-9
1545927930,29535364.44943887,25145872.245887242,4389.492,3.98502e14,0.0246,-4.71128e6,2.35604e6,-5.91024e-9
1545927960,29518547.84962307,25129278.416629385,4389.269,3.99801e14,0.3012,-4.72452e6,2.35881e6,-5.91721e-9
1545927990,29501698.972920716,25112731.477144923,4388.967,3.99104e14,0.1263,-4.72587e6,2.36154e6,-5.92409e-9
1545928020,29484817.99931902,25096231.895061336,4388.586,3.98661e14,0.0152,-4.72864e6,2.36424e6,-5.93086e-9
1545928050,29467905.10983081,25079780.138391223,4388.125,3.96994e14,0.4031,-4.72406e6,2.36689e6,-5.93753e-9
1545928080,29450960.486498725,25063376.675510813,4387.584,3.96242e14,0.5917,-4.72481e6,2.36951e6,-5.94410e-9
1545928110,29433984.312399585,25047021.97513813,4386.962,4.00597e14,0.5008,-4.75586e6,2.37208e6,-5.95057e-9
1545928140,29416976.77164871,25030716.506310984,4386.260,3.99332e14,0.1836,-4.75341e6,2.37461e6,-5.95694e-9
1545928170,29399938.049404144,25014460.738364585,4385.477,3.97430e14,0.2937,-4.74706e6,2.37710e6,-5.96320e-9
1545928200,29382868.331871033,24998255.14090911,4384.613,3.98287e14,0.0787,-4.75707e6,2.37955e6,-5.96935e-9
1545928230,29365767.806323316,24982100.1838097,4383.668,3.96377e14,0.5577,-4.75047e6,2.38196e6,-5.97540e-9
1545928260,29348636.661054436,24965996.337154623,4382.640,3.99280e14,0.1704,-4.77255e6,2.38432e6,-5.98135e-9
1545928290,29331475.085435625,24949944.0712408,4381.531,3.98701e14,0.0253,-4.77374e6,2.38664e6,-5.98718e-9
1545928320,29314283.269902874,24933943.856547445,4380.339,4.00968e14,0.5941,-4.79188e6,2.38892e6,-5.99291e-9
1545928350,29297061.40596148,24917996.163712326,4379.065,4.05706e14,1.7827,-4.82479e6,2.39115e6,-5.99852e-9
1545928380,29279809.68619046,24902101.463507753,4377.708,3.98981e14,0.0955,-4.78883e6,2.39334e6,-6.00403e-9
1545928410,29262528.304247137,24886260.22681633,4376.268,3.98692e14,0.0229,-4.79139e6,2.39548e6,-6.00942e-9
1545928440,29245217.45487155,24870472.924606517,4374.745,3.98612e14,0.0030,-4.79511e6,2.39758e6,-6.01470e-9
1545928470,29227877.33389101,24854740.02790784,4373.137,3.96889e14,0.4295,-4.78885e6,2.39963e6,-6.01986e-9
1545928500,29210508.13822453,24839062.007785957,4371.446,4.01072e14,0.6201,-4.81806e6,2.40164e6,-6.02491e-9
1545928530,29193110.065866183,24823439.33531995,4369.671,4.01577e14,0.7468,-4.82505e6,2.40360e6,-6.02985e-9
1545928560,29175683.31595484,24807872.481569175,4367.811,3.99634e14,0.2594,-4.81717e6,2.40551e6,-6.03467e-9
1545928590,29158228.088712938,24792361.917555258,4365.866,3.98761e14,0.0402,-4.81564e6,2.40738e6,-6.03937e-9
1545928620,29140744.58547217,24776908.11423365,4363.836,3.97495e14,0.2774,-4.81164e6,2.40920e6,-6.04395e-9
1545928650,29123233.008677628,24761511.54246755,4361.721,3.97402e14,0.3007,-4.81462e6,2.41097e6,-6.04841e-9
1545928680,29105693.561892174,24746172.6730014,4359.521,4.01774e14,0.7962,-4.84453e6,2.41270e6,-6.05275e-9
1545928710,29088126.449800666,24730891.97643437,4357.234,4.02168e14,0.8950,-4.85029e6,2.41437e6,-6.05697e-9
1545928740,29070531.878214274,24715669.923193365,4354.862,3.98854e14,0.0637,-4.83348e6,2.41600e6,-6.06107e-9
1545928770,29052910.05407469,24700506.98350596,4352.403,3.97901e14,0.1754,-4.83086e6,2.41758e6,-6.06504e-9
1545928800,29035261.185458492,24685403.627373055,4349.858,3.96219e14,0.5974,-4.82371e6,2.41910e6,-6.06889e-9
1545928830,29017585.481605835,24670360.3245269,4347.225,3.98642e14,0.0103,-4.84137e6,2.42058e6,-6.07261e-9
1545928860,28999883.152849186,24655377.54444741,4344.506,4.00324e14,0.4323,-4.85446e6,2.42201e6,-6.07621e-9
1545928890,28982154.410693634,24640455.75629002,4341.699,3.97680e14,0.2310,-4.84115e6,2.42338e6,-6.07967e-9
1545928920,28964399.467796613,24625595.428871512,4338.804,3.98398e14,0.0508,-4.84817e6,2.42471e6,-6.08301e-9
1545928950,28946618.53797255,24610797.030641403,4335.822,3.97592e14,0.2531,-4.84581e6,2.42598e6,-6.08622e-9
1545928980,28928811.836197153,24596061.029653072,4332.751,4.00169e14,0.3934,-4.86395e6,2.42720e6,-6.08930e-9
1545929010,28910979.57861201,24581387.8935348,4329.592,4.01039e14,0.6118,-4.87160e6,2.42837e6,-6.09225e-9
1545929040,28893121.982528977,24566778.08946043,4326.344,3.99486e14,0.2221,-4.86437e6,2.42948e6,-6.09507e-9
1545929070,28875239.26643458,24552232.0841199,4323.007,3.99374e14,0.1940,-4.86582e6,2.43054e6,-6.09775e-9
1545929100,28857331.649994485,24537750.343689654,4319.581,3.98689e14,0.0223,-4.86368e6,2.43155e6,-6.10029e-9
1545929130,28839399.354029737,24523333.333832067,4316.066,3.97119e14,0.3717,-4.85601e6,2.43251e6,-6.10270e-9
1545929160,28821442.600607928,24508981.519574955,4312.461,3.95987e14,0.6557,-4.85090e6,2.43341e6,-6.10498e-9
1545929190,28803461.612960342,24494695.365371834,4308.766,3.94331e14,1.0712,-4.84247e6,2.43425e6,-6.10712e-9
1545929220,28785456.615514334,24480475.335042536,4304.981,3.92700e14,1.4802,-4.83409e6,2.43504e6,-6.10911e-9
1545929250,28767427.833897404,24466321.891742643,4301.106,3.97679e14,0.2312,-4.86598e6,2.43577e6,-6.11097e-9
1545929280,28749375.494941283,24452235.497933008,4297.140,3.99094e14,0.1239,-4.87599e6,2.43645e6,-6.11269e-9
1545929310,28731299.82668603,24438216.615348864,4293.083,3.96408e14,0.5501,-4.86082e6,2.43707e6,-6.11427e-9
1545929340,28713201.058384024,24424265.704968926,4288.935,4.01026e14,0.6086,-4.89019e6,2.43764e6,-6.11570e-9
1545929370,28695079.42050404,24410383.226984084,4284.696,3.99504e14,0.2266,-4.88190e6,2.43814e6,-6.11699e-9
1545929400,28676935.144735314,24396569.64076611,4280.366,3.93205e14,1.3536,-4.84428e6,2.43859e6,-6.11814e-9
1545929430,28658768.46402324,24382825.404796127,4275.943,3.96133e14,0.6191,-4.86298e6,2.43898e6,-6.11914e-9
1545929460,28640579.612475615,24369150.976755783,4271.429,3.99326e14,0.1821,-4.88319e6,2.43932e6,-6.11999e-9
1545929490,28622368.825464804,24355546.81337215,4266.822,3.99354e14,0.1892,-4.88392e6,2.43959e6,-6.12070e-9
1545929520,28604136.339600313,24342013.370425098,4262.123,3.98773e14,0.0434,-4.88080e6,2.43981e6,-6.12126e-9
1545929550,28585882.392732933,24328551.10271462,4257.331,4.00365e14,0.4427,-4.89086e6,2.43996e6,-6.12167e-9
1545929580,28567607.22395899,24315160.464028053,4252.447,4.00183e14,0.3970,-4.88995e6,2.44006e6,-6.12192e-9
1545929610,28549311.073624622,24301841.907107107,4247.469,3.97006e14,0.4000,-4.87057e6,2.44009e6,-6.12203e-9
1545929640,28530994.18332992,24288595.88361469,4242.398,3.93783e14,1.2087,-4.85080e6,2.44006e6,-6.12198e-9
1545929670,28512656.795933098,24275422.84410169,4237.234,3.97942e14,0.1653,-4.87609e6,2.43998e6,-6.12178e-9
1545929700,28494299.155554637,24262323.237973493,4231.976,3.99752e14,0.2888,-4.88688e6,2.43983e6,-6.12143e-9
1545929730,28475921.507548496,24249297.513500676,4226.624,3.95805e14,0.7012,-4.86231e6,2.43962e6,-6.12092e-9
1545929760,28457524.098607652,24236346.117648985,4221.178,3.97928e14,0.1686,-4.87477e6,2.43934e6,-6.12025e-9
1545929790,28439107.1766663,24223469.496182214,4215.638,3.99638e14,0.2604,-4.88457e6,2.43901e6,-6.11943e-9
1545929820,28420670.990936514,24210668.09358437,4210.003,3.98159e14,0.1108,-4.87472e6,2.43861e6,-6.11845e-9
1545929850,28402215.791912,24197942.35302595,4204.273,3.98244e14,0.0895,-4.87432e6,2.43815e6,-6.11731e-9
1545929880,28383741.83137171,24185292.71633014,4198.449,3.99389e14,0.1978,-4.88028e6,2.43762e6,-6.11601e-9
1545929910,28365249.362383544,24172719.62393888,4192.530,3.95676e14,0.7336,-4.85641e6,2.43703e6,-6.11454e-9
1545929940,28346738.639307916,24160223.51487879,4186.515,3.97309e14,0.3239,-4.86509e6,2.43637e6,-6.11292e-9
1545929970,28328209.91780131,24147804.82672701,4180.405,3.98543e14,0.0144,-4.87120e6,2.43565e6,-6.11113e-9
1545930000,28309663.45481987,24135463.995576885,4174.199,3.95710e14,0.7250,-4.85233e6,2.43487e6,-6.10918e-9
1545930030,28291099.508651555,24123201.455961354,4167.898,3.94988e14,0.9063,-4.84623e6,2.43401e6,-6.10706e-9
1545930060,28272518.338831272,24111017.640948713,4161.501,3.97690e14,0.2285,-4.86090e6,2.43310e6,-6.10478e-9
1545930090,28253920.206233095,24098912.98197728,4155.007,3.99971e14,0.3440,-4.87287e6,2.43211e6,-6.10233e-9
1545930120,28235305.373045243,24086887.908862643,4148.417,3.96074e14,0.6338,-4.84700e6,2.43106e6,-6.09971e-9
1545930150,28216674.102773704,24074942.849762537,4141.731,4.01330e14,0.6848,-4.87682e6,2.42994e6,-6.09692e-9
1545930180,28198026.660245836,24063078.231141593,4134.948,4.03422e14,1.2097,-4.88720e6,2.42875e6,-6.09397e-9
1545930210,28179363.31161406,24051294.477736037,4128.069,3.97480e14,0.2810,-4.84849e6,2.42750e6,-6.09084e-9
1545930240,28160684.32435939,24039592.012518335,4121.092,3.95931e14,0.6697,-4.83642e6,2.42618e6,-6.08754e-9
1545930270,28141989.96729494,24027971.256661687,4114.019,3.98054e14,0.1371,-4.84657e6,2.42478e6,-6.08407e-9
1545930300,28123280.51056946,24016432.629504584,4106.848,3.97834e14,0.1923,-4.84232e6,2.42332e6,-6.08043e-9
1545930330,28104556.225649342,24004976.54855266,4099.580,3.97362e14,0.3108,-4.83640e6,2.42179e6,-6.07661e-9
1545930360,28085817.385388203,23993603.42932766,4092.214,4.00915e14,0.5806,-4.85479e6,2.42019e6,-6.07262e-9
1545930390,28067064.26396374,23982313.685447827,4084.751,4.00316e14,0.4304,-4.84782e6,2.41852e6,-6.06845e-9
1545930420,28048297.13690249,23971107.728554934,4077.189,3.98335e14,0.0665,-4.83233e6,2.41678e6,-6.06410e-9
1545930450,28029516.281082857,23959985.968278963,4069.530,3.98715e14,0.0288,-4.83101e6,2.41497e6,-6.05957e-9
1545930480,28010721.9747382,23948948.81220269,4061.773,4.01043e14,0.6127,-4.84135e6,2.41309e6,-6.05487e-9
1545930510,27991914.4974599,23937996.66582634,4053.918,3.97736e14,0.2168,-4.81743e6,2.41113e6,-6.04999e-9
1545930540,27973094.130200237,23927129.932532124,4045.964,3.97628e14,0.2439,-4.81274e6,2.40911e6,-6.04493e-9
1545930570,27954261.15527543,23916349.01354888,4037.912,4.02463e14,0.9690,-4.83775e6,2.40701e6,-6.03968e-9
1545930600,27935415.856368374,23905654.30791657,4029.762,4.00738e14,0.5363,-4.82299e6,2.40484e6,-6.03425e-9
1545930630,27916558.518549927,23895046.21241965,4021.512,3.96963e14,0.4108,-4.79574e6,2.40259e6,-6.02864e-9
1545930660,27897689.428225055,23884525.121648274,4013.164,3.96991e14,0.4038,-4.79129e6,2.40027e6,-6.02285e-9
1545930690,27878808.873192433,23874091.427865643,4004.717,3.95642e14,0.7422,-4.77841e6,2.39788e6,-6.01687e-9
1545930720,27859917.142628912,23863745.521003947,3996.172,3.92169e14,1.6134,-4.75263e6,2.39542e6,-6.01071e-9
1545930750,27841014.52709222,23853487.788628694,3987.527,3.95078e14,0.8836,-4.76507e6,2.39288e6,-6.00436e-9
1545930780,27822101.3185237,23843318.615903176,3978.783,3.99962e14,0.3415,-4.78916e6,2.39026e6,-5.99782e-9
1545930810,27803177.810251076,23833238.38555293,3969.939,3.99232e14,0.1586,-4.77942e6,2.38758e6,-5.99110e-9
1545930840,27784244.296990946,23823247.4778302,3960.997,3.98787e14,0.0469,-4.77123e6,2.38481e6,-5.98418e-9
1545930870,27765301.074851397,23813346.270478617,3951.955,4.00499e14,0.4762,-4.77579e6,2.38197e6,-5.97708e-9
1545930900,27746348.441334445,23803535.13869773,3942.813,4.00358e14,0.4408,-4.76911e6,2.37906e6,-5.96979e-9
1545930930,27727386.69531784,23793814.455133706,3933.572,3.99550e14,0.2382,-4.75830e6,2.37607e6,-5.96230e-9
1545930960,27708416.137121063,23784184.589764114,3924.232,3.98469e14,0.0330,-4.74573e6,2.37300e6,-5.95463e-9
1545930990,27689437.06844367,23774645.909943335,3914.791,3.98199e14,0.1008,-4.73784e6,2.36985e6,-5.94676e-9
1545931020,27670449.79238808,23765198.78034166,3905.251,3.97809e14,0.1985,-4.72910e6,2.36663e6,-5.93870e-9
1545931050,27651454.61346149,23755843.56291061,3895.611,3.96832e14,0.4436,-4.71672e6,2.36333e6,-5.93044e-9
1545931080,27632451.837577812,23746580.616848264,3885.871,3.96597e14,0.5027,-4.70860e6,2.35996e6,-5.92199e-9
1545931110,27613441.77205948,23737410.298564915,3876.031,3.97452e14,0.2882,-4.70677e6,2.35650e6,-5.91335e-9
1545931140,27594424.72563925,23728332.961648602,3866.092,3.96120e14,0.6223,-4.69186e6,2.35297e6,-5.90451e-9
1545931170,27575401.008461848,23719348.956830904,3856.052,3.95427e14,0.7962,-4.68059e6,2.34936e6,-5.89547e-9
1545931200,27556370.932085697,23710458.631952822,3845.912,3.96976e14,0.4075,-4.68236e6,2.34567e6,-5.88623e-9
1545931230,27537334.809504967,23701662.331911642,3835.672,4.00047e14,0.3629,-4.69290e6,2.34190e6,-5.87680e-9
1545931260,27518292.955087718,23692960.39868629,3825.333,3.97833e14,0.1926,-4.67220e6,2.33805e6,-5.86717e-9
1545931290,27499245.68464096,23684353.171243973,3814.893,3.95849e14,0.6902,-4.65275e6,2.33413e6,-5.85733e-9
1545931320,27480193.315391604,23675840.985525798,3804.352,3.99200e14,0.1503,-4.66436e6,2.33012e6,-5.84730e-9
1545931350,27461136.165987916,23667424.174413234,3793.712,3.96806e14,0.4503,-4.64222e6,2.32603e6,-5.83707e-9
1545931380,27442074.556500982,23659103.067694712,3782.971,3.95360e14,0.8130,-4.62548e6,2.32187e6,-5.82664e-9
1545931410,27423008.808426008,23650877.992032416,3772.131,3.99018e14,0.1048,-4.63831e6,2.31762e6,-5.81600e-9
1545931440,27403939.244683612,23642749.270929225,3761.190,3.97506e14,0.2745,-4.62088e6,2.31329e6,-5.80516e-9
1545931470,27384866.189620983,23634717.22469586,3750.149,3.93908e14,1.1773,-4.59123e6,2.30888e6,-5.79412e-9
1545931500,27365789.969013017,23626782.170418262,3739.008,3.99855e14,0.3149,-4.61671e6,2.30439e6,-5.78287e-9
1545931530,27346710.910050206,23618944.42193503,3727.766,4.00942e14,0.5875,-4.61383e6,2.29982e6,-5.77143e-9
1545931560,27327629.341380015,23611204.289774414,3716.425,3.97188e14,0.3543,-4.58288e6,2.29517e6,-5.75977e-9
1545931590,27308545.593067177,23603562.08115351,3704.984,3.96606e14,0.5004,-4.57009e6,2.29043e6,-5.74791e-9
1545931620,27289459.996607434,23596018.099936355,3693.442,3.97199e14,0.3516,-4.56389e6,2.28562e6,-5.73585e-9
1545931650,27270372.88492811,23588572.646602537,3681.800,4.00223e14,0.4072,-4.57143e6,2.28072e6,-5.72358e-9
1545931680,27251284.59238853,23581226.018215857,3670.059,4.03772e14,1.2974,-4.58172e6,2.27574e6,-5.71110e-9
1545931710,27232195.45478043,23573978.508393466,3658.217,3.99343e14,0.1863,-4.54629e6,2.27067e6,-5.69841e-9
1545931740,27213105.809328105,23566830.407275088,3646.275,3.93479e14,1.2849,-4.50266e6,2.26553e6,-5.68552e-9
1545931770,27194015.994688638,23559782.001492567,3634.234,3.97427e14,0.2943,-4.51467e6,2.26030e6,-5.67242e-9
1545931800,27174926.350951925,23552833.57413971,3622.093,3.98178e14,0.1060,-4.50832e6,2.25498e6,-5.65911e-9
1545931830,27155837.219644655,23545985.404741198,3609.852,3.96446e14,0.5404,-4.48776e6,2.24959e6,-5.64559e-9
1545931860,27136748.94371756,23539237.769226804,3597.511,3.98291e14,0.0776,-4.48723e6,2.24411e6,-5.63186e-9
1545931890,27117661.867557842,23532590.939897798,3585.071,4.03081e14,1.1240,-4.50302e6,2.23855e6,-5.61792e-9
1545931920,27098576.33698472,23526045.185399406,3572.531,4.00859e14,0.5666,-4.47922e6,2.23290e6,-5.60377e-9
1545931950,27079492.699248917,23519600.770692024,3559.892,3.95493e14,0.7795,-4.43775e6,2.22717e6,-5.58941e-9
1545931980,27060411.30303219,23513257.95702281,3547.153,3.98797e14,0.0493,-4.44459e6,2.22135e6,-5.57484e-9
1545932010,27041332.498446587,23507017.0018976,3534.315,3.99085e14,0.1215,-4.43439e6,2.21546e6,-5.56006e-9
1545932040,27022256.637033764,23500878.159053102,3521.378,3.97675e14,0.2323,-4.41461e6,2.20947e6,-5.54507e-9
1545932070,27003184.07176403,23494841.678429455,3508.342,4.00141e14,0.3866,-4.41613e6,2.20340e6,-5.52986e-9
1545932100,26984115.15703532,23488907.806143105,3495.207,3.99053e14,0.1134,-4.39781e6,2.19725e6,-5.51445e-9
1545932130,26965050.248669915,23483076.784456655,3481.973,3.96895e14,0.4278,-4.37347e6,2.19102e6,-5.49882e-9
1545932160,26945989.703920297,23477348.85176256,3468.641,3.96094e14,0.6288,-4.35647e6,2.18469e6,-5.48297e-9
1545932190,26926933.88146056,23471724.242547374,3455.210,3.99264e14,0.1664,-4.36103e6,2.17829e6,-5.46692e-9
1545932220,26907883.141387343,23466203.187369008,3441.680,4.02650e14,1.0159,-4.36650e6,2.17180e6,-5.45065e-9
1545932250,26888837.84521822,23460785.912831347,3428.052,4.00312e14,0.4295,-4.34058e6,2.16522e6,-5.43416e-9
1545932280,26869798.35589003,23455472.641559243,3414.326,3.96818e14,0.4471,-4.30831e6,2.15856e6,-5.41747e-9
1545932310,26850765.037757073,23450263.59217384,3400.501,3.96334e14,0.5685,-4.29224e6,2.15181e6,-5.40056e-9
1545932340,26831738.256589163,23445158.97926829,3386.579,4.02784e14,1.0495,-4.31334e6,2.14498e6,-5.38343e-9
1545932370,26812718.37956961,23440159.013383884,3372.559,4.00110e14,0.3788,-4.28509e6,2.13806e6,-5.36609e-9
1545932400,26793705.775293022,23435263.900986493,3358.442,3.97464e14,0.2850,-4.25691e6,2.13106e6,-5.34854e-9
1545932430,26774700.813771445,23430473.844444472,3344.227,4.01075e14,0.6209,-4.26201e6,2.12397e6,-5.33077e-9
1545932460,26755703.866405863,23425789.04200324,3329.915,3.96954e14,0.4130,-4.22573e6,2.11680e6,-5.31279e-9
1545932490,26736715.306009956,23421209.68776527,3315.506,3.97038e14,0.3921,-4.21169e6,2.10954e6,-5.29459e-9
1545932520,26717735.506798904,23416735.971667513,3301.000,4.02470e14,0.9708,-4.22570e6,2.10219e6,-5.27618e-9
1545932550,26698764.844386645,23412368.07946007,3286.397,4.01089e14,0.6242,-4.20351e6,2.09476e6,-5.25755e-9
1545932580,26679803.695782993,23408106.19268509,3271.698,4.01765e14,0.7939,-4.19198e6,2.08725e6,-5.23871e-9
1545932610,26660852.439390562,23403950.488656256,3256.902,4.03657e14,1.2685,-4.18659e6,2.07965e6,-5.21965e-9
1545932640,26641911.455001634,23399901.14043868,3242.010,3.98878e14,0.0695,-4.14627e6,2.07196e6,-5.20038e-9
1545932670,26622981.123794746,23395958.3168292,3227.023,3.96199e14,0.6024,-4.11685e6,2.06419e6,-5.18089e-9
1545932700,26604061.82833122,23392122.18233723,3211.940,3.98031e14,0.1428,-4.11064e6,2.05633e6,-5.16119e-9
1545932730,26585153.952535942,23388392.89717127,3196.761,4.03344e14,1.1900,-4.12209e6,2.04838e6,-5.14127e-9
1545932760,26566257.881741773,23384770.617204078,3181.487,3.99707e14,0.2776,-4.08731e6,2.04036e6,-5.12114e-9
1545932790,26547374.002637044,23381255.493971806,3166.119,3.99145e14,0.1367,-4.06820e6,2.03224e6,-5.10079e-9
1545932820,26528502.70327708,23377847.674651165,3150.655,4.02662e14,1.0191,-4.06966e6,2.02404e6,-5.08023e-9
1545932850,26509644.37307979,23374547.302042544,3135.097,4.00193e14,0.3995,-4.04051e6,2.01575e6,-5.05946e-9
1545932880,26490799.40282112,23371354.514553707,3119.445,4.02623e14,1.0091,-4.03598e6,2.00738e6,-5.03847e-9
1545932910,26471968.184630375,23368269.446183853,3103.699,4.04387e14,1.4517,-4.02784e6,1.99893e6,-5.01726e-9
1545932940,26453151.111985303,23365292.22650827,3087.859,4.03836e14,1.3135,-4.00789e6,1.99039e6,-4.99584e-9
1545932970,26434348.57970713,23362422.98066334,3071.926,3.97562e14,0.2605,-3.95932e6,1.98176e6,-4.97421e-9
1545933000,26415560.98395538,23359661.829332147,3055.899,3.94624e14,0.9976,-3.92737e6,1.97305e6,-4.95236e-9
1545933030,26396788.722241674,23357008.888716485,3039.780,4.00446e14,0.4630,-3.93857e6,1.96425e6,-4.93031e-9
1545933060,26378032.193365153,23354464.2705668,3023.568,3.98944e14,0.0862,-3.91340e6,1.95537e6,-4.90803e-9
1545933090,26359291.797466267,23352028.082125418,3007.264,3.99458e14,0.2150,-3.89797e6,1.94640e6,-4.88555e-9
1545933120,26340567.93600184,23349700.42612824,2990.868,3.99095e14,0.1241,-3.87809e6,1.93735e6,-4.86285e-9
1545933150,26321861.011739276,23347481.400792643,2974.380,4.00933e14,0.5851,-3.86870e6,1.92822e6,-4.83994e-9
1545933180,26303171.428750537,23345371.09980595,2957.800,3.98891e14,0.0730,-3.84038e6,1.91900e6,-4.81681e-9
1545933210,26284499.59240603,23343369.612314437,2941.130,3.88330e14,2.5766,-3.77114e6,1.90969e6,-4.79348e-9
1545933240,26265845.90936823,23341477.022912744,2924.369,3.95333e14,0.8198,-3.78601e6,1.90030e6,-4.76993e-9
1545933270,26247210.7875852,23339693.411634,2907.517,3.99410e14,0.2030,-3.78650e6,1.89083e6,-4.74618e-9
1545933300,26228594.636283834,23338018.85394032,2890.576,3.98312e14,0.0722,-3.76219e6,1.88127e6,-4.72221e-9
1545933330,26209997.865943037,23336453.420733344,2873.544,4.01869e14,0.8199,-3.75963e6,1.87163e6,-4.69803e-9
1545933360,26191420.88834843,23334997.178285852,2856.424,4.02135e14,0.8867,-3.74135e6,1.86191e6,-4.67365e-9
1545933390,26172864.116522957,23333650.188294373,2839.214,3.98274e14,0.0819,-3.70370e6,1.85210e6,-4.64905e-9
1545933420,26154327.964739393,23332412.50785242,2821.915,3.96603e14,0.5011,-3.67620e6,1.84222e6,-4.62424e-9
1545933450,26135812.848512616,23331284.189443912,2804.529,3.97698e14,0.2263,-3.66135e6,1.83224e6,-4.59923e-9
1545933480,26117319.184591543,23330265.28093711,2787.054,3.95895e14,0.6788,-3.63301e6,1.82219e6,-4.57401e-9
1545933510,26098847.390951034,23329355.825579114,2769.492,3.96873e14,0.4333,-3.61726e6,1.81205e6,-4.54858e-9
1545933540,26080397.886783462,23328555.861990884,2751.842,3.99710e14,0.2785,-3.60970e6,1.80183e6,-4.52295e-9
1545933570,26061971.092490245,23327865.42416281,2734.106,3.94419e14,1.0490,-3.56527e6,1.79153e6,-4.49711e-9
1545933600,26043567.429673005,23327284.54145076,2716.283,3.95449e14,0.7906,-3.54922e6,1.78114e6,-4.47106e-9
1545933630,26025187.321145725,23326813.23855079,2698.374,3.98210e14,0.0980,-3.54064e6,1.77068e6,-4.44481e-9
1545933660,26006831.19086075,23326451.535564113,2680.380,3.93406e14,1.3033,-3.49834e6,1.76013e6,-4.41835e-9
1545933690,25988499.46396467,23326199.447926637,2662.300,3.96616e14,0.4978,-3.49132e6,1.74950e6,-4.39169e-9
1545933720,25970192.56676784,23326056.98642913,2644.136,3.99307e14,0.1772,-3.48170e6,1.73880e6,-4.36483e-9
1545933750,25951910.926734865,23326024.157215796,2625.887,4.02518e14,0.9827,-3.47403e6,1.72801e6,-4.33776e-9
1545933780,25933654.97247479,23326100.961783495,2607.554,3.98454e14,0.0368,-3.43467e6,1.71714e6,-4.31050e-9
1545933810,25915425.13373124,23326287.396981362,2589.138,3.97727e14,0.2191,-3.40967e6,1.70619e6,-4.28303e-9
1545933840,25897221.841372218,23326583.455011122,2570.638,4.01761e14,0.7929,-3.40480e6,1.69516e6,-4.25536e-9
1545933870,25879045.5273797,23326989.12342784,2552.056,3.95264e14,0.8371,-3.35503e6,1.68405e6,-4.22750e-9
1545933900,25860896.624839116,23327504.3851413,2533.392,3.96409e14,0.5497,-3.33756e6,1.67287e6,-4.19943e-9
1545933930,25842775.567908004,23328129.21843896,2514.646,3.98668e14,0.0171,-3.32451e6,1.66160e6,-4.17117e-9
1545933960,25824682.791868288,23328863.596923467,2495.819,3.97498e14,0.2765,-3.29698e6,1.65026e6,-4.14271e-9
1545933990,25806618.733051438,23329707.489580818,2476.911,3.98151e14,0.1127,-3.27685e6,1.63883e6,-4.11405e-9
1545934020,25788583.82884734,23330660.860763017,2457.923,3.98783e14,0.0458,-3.25645e6,1.62733e6,-4.08520e-9
1545934050,25770578.517692566,23331723.67019228,2438.855,4.02397e14,0.9525,-3.24794e6,1.61576e6,-4.05616e-9
1545934080,25752603.239058245,23332895.87296599,2419.707,4.03229e14,1.1612,-3.22787e6,1.60410e6,-4.02692e-9
1545934110,25734658.43343777,23334177.419561964,2400.481,4.00150e14,0.3887,-3.19197e6,1.59237e6,-3.99749e-9
1545934140,25716744.54233429,23335568.25584445,2381.176,4.00079e14,0.3709,-3.16803e6,1.58057e6,-3.96787e-9
1545934170,25698862.00824795,23337068.323070507,2361.794,3.97310e14,0.3238,-3.13331e6,1.56868e6,-3.93805e-9
1545934200,25681011.274662953,23338677.557897057,2342.334,3.97967e14,0.1588,-3.11200e6,1.55673e6,-3.90805e-9
1545934230,25663192.786050834,23340395.892367378,2322.797,4.02112e14,0.8809,-3.10403e6,1.54469e6,-3.87786e-9
1545934260,25645406.9878062,23342223.253983676,2303.184,4.02564e14,0.9944,-3.08145e6,1.53259e6,-3.84748e-9
1545934290,25627654.326284286,23344159.565651182,2283.495,3.99245e14,0.1617,-3.04429e6,1.52041e6,-3.81692e-9
1545934320,25609935.24877065,23346204.745707806,2263.731,3.95820e14,0.6975,-3.00679e6,1.50815e6,-3.78617e-9
1545934350,25592250.203467242,23348358.707933646,2243.891,4.00667e14,0.5185,-3.00042e6,1.49582e6,-3.75523e-9
1545934380,25574599.639478214,23350621.36156092,2223.978,3.99196e14,0.1495,-2.97007e6,1.48342e6,-3.72412e-9
1545934410,25556984.006795574,23352992.611284424,2203.991,4.03075e14,1.1226,-2.95943e6,1.47095e6,-3.69282e-9
1545934440,25539403.756284524,23355472.3572725,2183.931,4.04901e14,1.5807,-2.94088e6,1.45840e6,-3.66134e-9
1545934470,25521859.339668624,23358060.49517852,2163.799,4.00474e14,0.4700,-2.89937e6,1.44578e6,-3.62968e-9
1545934500,25504351.209514692,23360756.916152924,2143.594,3.99894e14,0.3246,-2.87185e6,1.43309e6,-3.59784e-9
1545934530,25486879.819207925,23363561.506871518,2123.318,3.96473e14,0.5336,-2.83409e6,1.42033e6,-3.56582e-9
1545934560,25469445.622965824,23366474.149499893,2102.971,4.02180e14,0.8981,-2.82866e6,1.40751e6,-3.53363e-9
1545934590,25452049.07579268,23369494.721755486,2082.554,3.93356e14,1.3157,-2.77185e6,1.39461e6,-3.50126e-9
1545934620,25434690.633473095,23372623.096906096,2062.068,3.89022e14,2.4030,-2.73105e6,1.38164e6,-3.46872e-9
1545934650,25417370.75255559,23375859.143784575,2041.512,4.09807e14,2.8115,-2.77670e6,1.36860e6,-3.43600e-9
1545934680,25400089.89033597,23379202.72680395,2020.887,4.08127e14,2.3900,-2.74440e6,1.35550e6,-3.40312e-9
1545934710,25382848.504840508,23382653.705973223,2000.195,3.99712e14,0.2788,-2.68938e6,1.34233e6,-3.37006e-9
1545939990,23381255.493971806,25389956.392900787,2008.701,3.99820e14,0.3060,2.70082e6,-1.34797e6,3.38365e-9
1545940020,23377847.674651165,25407215.72263332,2029.368,4.03867e14,1.3212,2.74098e6,-1.36111e6,3.41664e-9
1545940050,23374547.302042544,25424514.350195672,2049.967,3.99750e14,0.2884,2.75311e6,-1.37419e6,3.44946e-9
1545940080,23371354.514553707,25441851.817707185,2070.497,4.01221e14,0.6575,2.78429e6,-1.38719e6,3.48211e-9
1545940110,23368269.446183853,25459227.66802374,2090.958,4.05274e14,1.6744,2.82450e6,-1.40013e6,3.51458e-9
1545940140,23365292.22650827,25476641.44475443,2111.349,4.09743e14,2.7955,2.86631e6,-1.41300e6,3.54688e-9
1545940170,23362422.98066334,25494092.6922779,2131.670,3.98085e14,0.1293,2.85054e6,-1.42580e6,3.57901e-9
1545940200,23359661.829332147,25511580.95575853,2151.919,3.89364e14,2.3172,2.84450e6,-1.43852e6,3.61095e-9
1545940230,23357008.888716485,25529105.781200692,2172.097,4.00414e14,0.4549,2.90978e6,-1.45118e6,3.64272e-9
1545940260,23354464.2705668,25546666.715346538,2192.202,4.04350e14,1.4425,2.94948e6,-1.46377e6,3.67432e-9
1545940290,23352028.082125418,25564263.305809446,2212.235,4.04461e14,1.4704,2.97510e6,-1.47628e6,3.70573e-9
1545940320,23349700.42612824,25581895.101051398,2232.195,3.99368e14,0.1925,2.98114e6,-1.48872e6,3.73696e-9
1545940350,23347481.400792643,25599561.650398366,2252.080,4.00699e14,0.5264,3.01092e6,-1.50109e6,3.76800e-9
1545940380,23345371.09980595,25617262.504055336,2271.891,4.00356e14,0.4404,3.03428e6,-1.51338e6,3.79887e-9
1545940410,23343369.612314437,25634997.213121217,2291.628,3.96534e14,0.5185,3.04415e6,-1.52561e6,3.82955e-9
1545940440,23341477.022912744,25652765.329603396,2311.288,3.99792e14,0.2989,3.08097e6,-1.53776e6,3.86004e-9
1545940470,23339693.411634,25670566.406432167,2330.873,3.95372e14,0.8100,3.08796e6,-1.54983e6,3.89034e-9
1545940500,23338018.85394032,25688399.997474793,2350.381,3.94966e14,0.9118,3.11028e6,-1.56183e6,3.92046e-9
1545940530,23336453.420733344,25706265.657497525,2369.812,4.00314e14,0.4299,3.15515e6,-1.57375e6,3.95039e-9
1545940560,23334997.178285852,25724162.942339044,2389.166,3.97882e14,0.1803,3.16922e6,-1.58560e6,3.98013e-9
1545940590,23333650.188294373,25742091.408763856,2408.441,3.92893e14,1.4318,3.17275e6,-1.59737e6,4.00968e-9
1545940620,23332412.50785242,25760050.614526786,2427.638,3.95713e14,0.7244,3.20737e6,-1.60907e6,4.03903e-9
1545940650,23331284.189443912,25778040.118385404,2446.756,4.00304e14,0.4273,3.24920e6,-1.62069e6,4.06820e-9
1545940680,23330265.28093711,25796059.480112348,2465.794,3.95956e14,0.6634,3.25453e6,-1.63223e6,4.09717e-9
1545940710,23329355.825579114,25814108.260507375,2484.752,3.93096e14,1.3809,3.26559e6,-1.64370e6,4.12594e-9
1545940740,23328555.861990884,25832186.021409158,2503.630,3.97789e14,0.2036,3.30771e6,-1.65508e6,4.15452e-9
1545940770,23327865.42416281,25850292.325706847,2522.427,3.94553e14,1.0153,3.31677e6,-1.66639e6,4.18291e-9
1545940800,23327284.54145076,25868426.737351574,2541.142,3.96210e14,0.5997,3.34610e6,-1.67762e6,4.21109e-9
1545940830,23326813.23855079,25886588.821427792,2559.776,4.00940e14,0.5870,3.38839e6,-1.68877e6,4.23908e-9
1545940860,23326451.535564113,25904778.1439789,2578.327,3.97994e14,0.1522,3.39803e6,-1.69985e6,4.26687e-9
1545940890,23326199.447926637,25922994.272203673,2596.795,3.95183e14,0.8574,3.40794e6,-1.71084e6,4.29446e-9
1545940920,23326056.98642913,25941236.77440738,2615.180,3.94290e14,1.0815,3.42581e6,-1.72175e6,4.32185e-9
1545940950,23326024.157215796,25959505.2200127,2633.481,4.01488e14,0.7243,3.47867e6,-1.73259e6,4.34904e-9
1545940980,23326100.961783495,25977799.17957036,2651.698,3.99087e14,0.1221,3.48975e6,-1.74334e6,4.37602e-9
1545941010,23326287.396981362,25996118.22476972,2669.831,3.98046e14,0.1390,3.50653e6,-1.75401e6,4.40281e-9
1545941040,23326583.455011122,26014461.92844909,2687.878,4.01269e14,0.6694,3.54198e6,-1.76460e6,4.42939e-9
1545941070,23326989.12342784,26032829.864605777,2705.841,3.96056e14,0.6384,3.53984e6,-1.77511e6,4.45576e-9
1545941100,23327504.3851413,26051221.608406022,2723.717,3.96197e14,0.6029,3.56127e6,-1.78554e6,4.48194e-9
1545941130,23328129.21843896,26069636.73613778,2741.508,3.96293e14,0.5789,3.58234e6,-1.79589e6,4.50790e-9
1545941160,23328863.596923467,26088074.8253954,2759.211,3.95942e14,0.6669,3.60122e6,-1.80615e6,4.53366e-9
1545941190,23329707.489580818,26106535.45491343,2776.828,3.97480e14,0.2810,3.62854e6,-1.81634e6,4.55922e-9
1545941220,23330660.860763017,26125018.20463186,2794.357,3.98995e14,0.0990,3.65566e6,-1.82644e6,4.58457e-9
1545941250,23331723.67019228,26143522.655704528,2811.799,4.01273e14,0.6706,3.68621e6,-1.83646e6,4.60971e-9
1545941280,23332895.87296599,26162048.390507277,2829.153,4.00860e14,0.5669,3.70424e6,-1.84639e6,4.63464e-9
1545941310,23334177.419561964,26180594.99264586,2846.418,3.96205e14,0.6010,3.70231e6,-1.85625e6,4.65936e-9
1545941340,23335568.25584445,26199162.04696368,2863.594,3.95154e14,0.8645,3.71687e6,-1.86602e6,4.68388e-9
1545941370,23337068.323070507,26217749.13954938,2880.681,3.97712e14,0.2228,3.74821e6,-1.87570e6,4.70818e-9
1545941400,23338677.557897057,26236355.85774412,2897.678,3.97592e14,0.2529,3.76682e6,-1.88530e6,4.73228e-9
1545941430,23340395.892367378,26254981.790191222,2914.586,3.99036e14,0.1092,3.79270e6,-1.89482e6,4.75617e-9
1545941460,23342223.253983676,26273626.526712555,2931.403,4.01470e14,0.7200,3.82322e6,-1.90426e6,4.77984e-9
1545941490,23344159.565651182,26292289.658446126,2948.130,3.98358e14,0.0608,3.82704e6,-1.91361e6,4.80330e-9
1545941520,23346204.745707806,26310970.77781079,2964.766,3.99633e14,0.2592,3.85173e6,-1.92288e6,4.82656e-9
1545941550,23348358.707933646,26329669.47851314,2981.311,4.03784e14,1.3005,3.89025e6,-1.93206e6,4.84960e-9
1545941580,23350621.36156092,26348385.35555413,2997.764,4.02295e14,0.9269,3.90131e6,-1.94116e6,4.87242e-9
1545941610,23352992.611284424,26367118.005235646,3014.125,4.00752e14,0.5399,3.91187e6,-1.95017e6,4.89504e-9
1545941640,23355472.3572725,26385867.025166832,3030.395,4.01475e14,0.7212,3.93333e6,-1.95910e6,4.91744e-9
1545941670,23358060.49517852,26404632.014270317,3046.572,4.02783e14,1.0493,3.95754e6,-1.96794e6,4.93963e-9
1545941700,23360756.916152924,26423412.572788212,3062.656,3.99918e14,0.3307,3.96094e6,-1.97670e6,4.96161e-9
1545941730,23363561.506871518,26442208.302265134,3078.647,3.94590e14,1.0061,3.95177e6,-1.98538e6,4.98337e-9
1545941760,23366474.149499893,26461018.80562429,3094.545,3.99598e14,0.2502,3.99392e6,-1.99397e6,5.00492e-9
1545941790,23369494.721755486,26479843.68710261,3110.349,3.97806e14,0.1993,4.00194e6,-2.00247e6,5.02625e-9
1545941820,23372623.096906096,26498682.552278593,3126.059,3.94041e14,1.1438,3.99976e6,-2.01089e6,5.04737e-9
1545941850,23375859.143784575,26517535.00807742,3141.676,4.02596e14,1.0025,4.05969e6,-2.01922e6,5.06828e-9
1545941880,23379202.72680395,26536400.66277569,3157.198,4.03028e14,1.1108,4.07847e6,-2.02747e6,5.08897e-9
1545941910,23382653.705973223,26555279.126006164,3172.625,4.00501e14,0.4769,4.08197e6,-2.03563e6,5.10945e-9
1545941940,23386211.936913397,26574170.008762207,3187.958,4.03797e14,1.3037,4.11507e6,-2.04371e6,5.12971e-9
1545941970,23389877.270874247,26593072.92340214,3203.196,4.01671e14,0.7704,4.12021e6,-2.05170e6,5.14976e-9
1545942000,23393649.55475141,26611987.483653415,3218.338,3.95534e14,0.7692,4.10436e6,-2.05961e6,5.16959e-9
1545942030,23397528.631102465,26630913.304623928,3233.385,3.95878e14,0.6829,4.12172e6,-2.06743e6,5.18921e-9
1545942060,23401514.33816976,26649850.00278344,3248.336,3.96446e14,0.5404,4.14010e6,-2.07516e6,5.20861e-9
1545942090,23405606.50989434,26668797.19598965,3263.191,3.96580e14,0.5068,4.15606e6,-2.08281e6,5.22780e-9
1545942120,23409804.975936394,26687754.503484618,3277.950,3.99748e14,0.2880,4.18777e6,-2.09038e6,5.24677e-9
1545942150,23414109.56169469,26706721.54589821,3292.612,3.97042e14,0.3910,4.18849e6,-2.09786e6,5.26553e-9
1545942180,23418520.088326443,26725697.945251465,3307.178,3.97291e14,0.3285,4.20456e6,-2.10525e6,5.28408e-9
1545942210,23423036.37276761,26744683.324959785,3321.647,3.97578e14,0.2565,4.22067e6,-2.11255e6,5.30240e-9
1545942240,23427658.22775366,26763677.309835974,3336.019,3.97846e14,0.1892,4.23652e6,-2.11978e6,5.32052e-9
1545942270,23432385.461840626,26782679.526093185,3350.294,4.01600e14,0.7525,4.27082e6,-2.12691e6,5.33842e-9
1545942300,23437217.87942675,26801689.601347677,3364.472,4.00331e14,0.4342,4.27818e6,-2.13396e6,5.35610e-9
1545942330,23442155.28075216,26820707.164619803,3378.552,4.00289e14,0.4237,4.29191e6,-2.14093e6,5.37357e-9
1545942360,23447197.46198976,26839731.84634174,3392.534,4.00559e14,0.4913,4.30715e6,-2.14781e6,5.39082e-9
1545942390,23452344.21519932,26858763.278354794,3406.419,3.99444e14,0.2117,4.31474e6,-2.15460e6,5.40786e-9
1545942420,23457595.328372672,26877801.093913227,3420.206,4.00198e14,0.4007,4.33226e6,-2.16131e6,5.42469e-9
1545942450,23462950.585457128,26896844.927686464,3433.894,4.02472e14,0.9712,4.35791e6,-2.16794e6,5.44130e-9
1545942480,23468409.766379245,26915894.41576106,3447.485,3.97580e14,0.2561,4.34435e6,-2.17448e6,5.45770e-9
1545942510,23473972.647069026,26934949.19564259,3460.977,3.98146e14,0.1141,4.36034e6,-2.18093e6,5.47389e-9
1545942540,23479638.99948449,26954008.906257454,3474.370,4.02433e14,0.9615,4.39660e6,-2.18730e6,5.48986e-9
1545942570,23485408.591636624,26973073.187954437,3487.665,3.98556e14,0.0113,4.38788e6,-2.19358e6,5.50562e-9
1545942600,23491281.187614746,26992141.682506323,3500.860,3.95947e14,0.6656,4.38588e6,-2.19978e6,5.52117e-9
1545942630,23497256.54765419,27011214.03311833,3513.957,3.97463e14,0.2853,4.40646e6,-2.20590e6,5.53650e-9
1545942660,23503334.42803315,27030289.884407617,3526.955,3.97366e14,0.3097,4.41796e6,-2.21193e6,5.55162e-9
1545942690,23509514.581228744,27049368.882426206,3539.854,3.97177e14,0.3571,4.42878e6,-2.21788e6,5.56653e-9
1545942720,23515796.75590229,27068450.674655102,3552.654,3.96825e14,0.4453,4.43851e6,-2.22374e6,5.58123e-9
1545942750,23522180.696926765,27087534.910005253,3565.354,3.96765e14,0.4605,4.44970e6,-2.22952e6,5.59572e-9
1545942780,23528666.145414714,27106621.2388184,3577.955,3.96483e14,0.5313,4.45948e6,-2.23521e6,5.60999e-9
1545942810,23535252.83874644,27125709.31286795,3590.456,3.94942e14,0.9178,4.46200e6,-2.24082e6,5.62406e-9
1545942840,23541940.51059853,27144798.78535949,3602.858,3.98414e14,0.0467,4.49257e6,-2.24635e6,5.63791e-9
1545942870,23548728.890972607,27163889.310931444,3615.160,3.99564e14,0.2417,4.50995e6,-2.25179e6,5.65156e-9
1545942900,23555617.70622451,27182980.54565538,3627.363,3.97064e14,0.3855,4.50652e6,-2.25715e6,5.66499e-9
1545942930,23562606.67904716,27202072.147017643,3639.465,3.95869e14,0.6853,4.51026e6,-2.26243e6,5.67822e-9
1545942960,23569695.528643597,27221163.77397732,3651.468,3.98016e14,0.1466,4.53283e6,-2.26762e6,5.69124e-9
1545942990,23576883.970613144,27240255.08690847,3663.371,4.02000e14,0.8528,4.56576e6,-2.27273e6,5.70405e-9
1545943020,23584171.717027742,27259345.74761865,3675.174,3.99643e14,0.2615,4.56238e6,-2.27776e6,5.71665e-9
1545943050,23591558.476462062,27278435.419348687,3686.877,3.95848e14,0.6905,4.55054e6,-2.28271e6,5.72905e-9
1545943080,23599043.954023834,27297523.766772304,3698.480,3.96160e14,0.6122,4.56202e6,-2.28757e6,5.74124e-9
1545943110,23606627.85138445,27316610.455995727,3709.983,3.98978e14,0.0948,4.58776e6,-2.29235e6,5.75322e-9
1545943140,23614309.866809804,27335695.15455707,3721.385,3.96066e14,0.6359,4.58037e6,-2.29705e6,5.76500e-9
1545943170,23622089.695191327,27354777.531425823,3732.688,3.96015e14,0.6486,4.58928e6,-2.30167e6,5.77657e-9
1545943200,23629967.02807738,27373857.25700203,3743.890,3.96363e14,0.5614,4.60033e6,-2.30620e6,5.78794e-9
1545943230,23637941.553739764,27392934.003145028,3754.992,3.97411e14,0.2984,4.61529e6,-2.31066e6,5.79910e-9
1545943260,23646012.957097467,27412007.44308192,3765.994,4.01642e14,0.7632,4.64860e6,-2.31503e6,5.81006e-9
1545943290,23654180.919857174,27431077.251497492,3776.896,3.96519e14,0.5221,4.62739e6,-2.31933e6,5.82082e-9
1545943320,23662445.120510656,27450143.10450404,3787.698,3.95971e14,0.6595,4.63260e6,-2.32354e6,5.83138e-9
1545943350,23670805.2343675,27469204.679640573,3798.399,3.97967e14,0.1590,4.65249e6,-2.32767e6,5.84173e-9
1545943380,23679260.933588024,27488261.655871753,3809.001,3.96996e14,0.4026,4.65490e6,-2.33172e6,5.85188e-9
1545943410,23687811.88721648,27507313.71358704,3819.502,3.94546e14,1.0171,4.64846e6,-2.33570e6,5.86184e-9
1545943440,23696457.76121432,27526360.534599476,3829.903,3.95214e14,0.8496,4.66012e6,-2.33959e6,5.87159e-9
1545943470,23705198.218493767,27545401.80214459,3840.204,4.02283e14,0.9239,4.70929e6,-2.34340e6,5.88114e-9
1545943500,23714032.918951456,27564437.200879052,3850.404,4.01317e14,0.6814,4.71109e6,-2.34714e6,5.89049e-9
1545943530,23722961.519483786,27583466.416844685,3860.505,3.93378e14,1.3101,4.67159e6,-2.35079e6,5.89965e-9
1545943560,23731983.67407808,27602489.13757401,3870.505,3.93731e14,1.2216,4.68078e6,-2.35437e6,5.90861e-9
1545943590,23741099.033789344,27621505.05198138,3880.406,3.99809e14,0.3032,4.72369e6,-2.35787e6,5.91737e-9
1545943620,23750307.24679294,27640513.850395896,3890.207,3.95723e14,0.7219,4.70632e6,-2.36129e6,5.92594e-9
1545943650,23759607.958418943,27659515.224559378,3899.907,3.93191e14,1.3572,4.69795e6,-2.36463e6,5.93431e-9
1545943680,23769000.811186388,27678508.867624406,3909.508,3.99066e14,0.1169,4.73935e6,-2.36790e6,5.94249e-9
1545943710,23778485.44483792,27697494.474152185,3919.009,4.01307e14,0.6789,4.75905e6,-2.37109e6,5.95047e-9
1545943740,23788061.49637429,27716471.74011035,3928.410,3.99546e14,0.2372,4.75480e6,-2.37420e6,5.95827e-9
1545943770,23797728.60008907,27735440.362870798,3937.712,3.97506e14,0.2746,4.74870e6,-2.37724e6,5.96586e-9
1545943800,23807486.387603503,27754400.041207355,3946.914,3.97465e14,0.2849,4.75436e6,-2.38019e6,5.97327e-9
1545943830,23817334.48790834,27773350.47532849,3956.016,3.97048e14,0.3894,4.75762e6,-2.38308e6,5.98049e-9
1545943860,23827272.52737737,27792291.366766848,3965.019,3.97330e14,0.3186,4.76491e6,-2.38589e6,5.98751e-9
1545943890,23837300.12982395,27811222.41848526,3973.922,3.98837e14,0.0592,4.77938e6,-2.38862e6,5.99435e-9
1545943920,23847416.91652926,27830143.334839374,3982.726,3.95045e14,0.8920,4.76194e6,-2.39127e6,6.00100e-9
1545943950,23857622.50627761,27849053.82157541,3991.431,3.95647e14,0.7409,4.77069e6,-2.39386e6,6.00746e-9
1545943980,23867916.515391674,27867953.585827842,4000.037,4.00707e14,0.5284,4.80611e6,-2.39636e6,6.01374e-9
1545944010,23878298.557768002,27886842.33611703,4008.544,3.99682e14,0.2713,4.80481e6,-2.39880e6,6.01983e-9
1545944040,23888768.244912338,27905719.782346778,4016.952,3.94679e14,0.9837,4.77939e6,-2.40116e6,6.02573e-9
1545944070,23899325.18597517,27924585.6358019,4025.260,3.95515e14,0.7741,4.78897e6,-2.40344e6,6.03145e-9
1545944100,23909968.98778725,27943439.609145574,4033.471,3.96545e14,0.5156,4.79960e6,-2.40566e6,6.03698e-9
1545944130,23920699.25489221,27962281.416386414,4041.582,3.95664e14,0.7366,4.79854e6,-2.40780e6,6.04234e-9
1545944160,23931515.589590963,27981110.772969607,4049.595,3.98986e14,0.0966,4.82274e6,-2.40987e6,6.04751e-9
1545944190,23942417.591968633,27999927.395680044,4057.510,3.99770e14,0.2933,4.83147e6,-2.41186e6,6.05250e-9
1545944220,23953404.85993285,28018731.002669707,4065.326,4.00191e14,0.3991,4.83787e6,-2.41379e6,6.05731e-9
1545944250,23964476.98924936,28037521.313454658,4073.044,3.99478e14,0.2203,4.83725e6,-2.41564e6,6.06194e-9
1545944280,23975633.573577605,28056298.048911847,4080.664,3.97971e14,0.1579,4.83167e6,-2.41742e6,6.06639e-9
1545944310,23986874.204506304,28075060.931275953,4088.187,4.00725e14,0.5331,4.85180e6,-2.41913e6,6.07067e-9
1545944340,23998198.471588966,28093809.684136104,4095.611,4.01806e14,0.8042,4.86165e6,-2.42078e6,6.07476e-9
1545944370,24009605.962379437,28112544.03243258,4102.938,3.99541e14,0.2361,4.85103e6,-2.42235e6,6.07869e-9
1545944400,24021096.26246742,28131263.70245351,4110.167,3.96777e14,0.4574,4.83722e6,-2.42385e6,6.08243e-9
1545944430,24032668.955519237,28149968.42185204,4117.299,3.95900e14,0.6775,4.83473e6,-2.42528e6,6.08601e-9
1545944460,24044323.623296954,28168657.919579413,4124.334,3.98176e14,0.1064,4.85130e6,-2.42664e6,6.08941e-9
1545944490,24056059.84571003,28187331.925945282,4131.272,3.98083e14,0.1299,4.85331e6,-2.42794e6,6.09264e-9
1545944520,24067877.200845435,28205990.17259382,4138.113,4.00174e14,0.3948,4.86850e6,-2.42916e6,6.09569e-9
1545944550,24079775.265002992,28224632.392500263,4144.857,4.01111e14,0.6299,4.87653e6,-2.43032e6,6.09858e-9
1545944580,24091753.61273063,28243258.31996758,4151.505,3.97223e14,0.3455,4.85499e6,-2.43141e6,6.10130e-9
1545944610,24103811.81685961,28261867.690623075,4158.056,3.93916e14,1.1753,4.83684e6,-2.43244e6,6.10385e-9
1545944640,24115949.4485396,28280460.24141491,4164.511,3.97567e14,0.2592,4.86103e6,-2.43339e6,6.10623e-9
1545944670,24128166.077273756,28299035.710608635,4170.870,3.96729e14,0.4696,4.85768e6,-2.43428e6,6.10844e-9
1545944700,24140461.270953685,28317593.837783746,4177.133,3.94042e14,1.1436,4.84290e6,-2.43511e6,6.11049e-9
1545944730,24152834.595883097,28336134.36381893,4183.300,4.00255e14,0.4152,4.88238e6,-2.43587e6,6.11238e-9
1545944760,24165285.616847124,28354657.030922957,4189.371,3.99696e14,0.2749,4.88034e6,-2.43656e6,6.11410e-9
1545944790,24177813.89711244,28373161.582596492,4195.348,3.97374e14,0.3078,4.86739e6,-2.43719e6,6.11566e-9
1545944820,24190418.998472907,28391647.763639547,4201.229,3.99068e14,0.1172,4.87887e6,-2.43775e6,6.11705e-9
1545944850,24203100.481283993,28410115.320147745,4207.015,3.99929e14,0.3334,4.88514e6,-2.43825e6,6.11829e-9
1545944880,24215857.904497076,28428563.999508616,4212.706,3.96345e14,0.5659,4.86407e6,-2.43869e6,6.11937e-9
1545944910,24228690.825693607,28446993.55039774,4218.303,3.97444e14,0.2902,4.87153e6,-2.43906e6,6.12028e-9
1545944940,24241598.80111922,28465403.722774938,4223.805,4.00346e14,0.4379,4.88991e6,-2.43937e6,6.12104e-9
1545944970,24254581.38571757,28483794.26788048,4229.213,3.97064e14,0.3855,4.87030e6,-2.43962e6,6.12164e-9
1545945000,24267638.1331643,28502164.93823111,4234.527,3.99388e14,0.1976,4.88489e6,-2.43981e6,6.12209e-9
1545945030,24280768.59591923,28520515.487626787,4239.747,4.00623e14,0.5074,4.89269e6,-2.43993e6,6.12238e-9
1545945060,24293972.32520266,28538845.671114165,4244.873,3.99223e14,0.1562,4.88424e6,-2.43999e6,6.12251e-9
1545945090,24307248.871086314,28557155.245015398,4249.906,3.97378e14,0.3068,4.87294e6,-2.43999e6,6.12250e-9
1545945120,24320597.782508206,28575443.966913667,4254.846,3.94502e14,1.0281,4.85521e6,-2.43993e6,6.12233e-9
1545945150,24334018.60730587,28593711.595649224,4259.693,3.99924e14,0.3320,4.88815e6,-2.43981e6,6.12201e-9
1545945180,24347510.892249554,28611957.89131547,4264.447,4.01360e14,0.6923,4.89657e6,-2.43963e6,6.12154e-9
1545945210,24361074.183075167,28630182.615255017,4269.108,3.95826e14,0.6960,4.86222e6,-2.43939e6,6.12092e-9
1545945240,24374708.024517156,28648385.53005566,4273.678,3.98660e14,0.0149,4.87895e6,-2.43910e6,6.12015e-9
1545945270,24388411.960341085,28666566.399546348,4278.154,3.97367e14,0.3095,4.87032e6,-2.43874e6,6.11924e-9
1545945300,24402185.533376165,28684724.98879314,4282.539,3.97430e14,0.2937,4.86987e6,-2.43832e6,6.11818e-9
1545945330,24416028.285523247,28702861.06407764,4286.833,3.97948e14,0.1637,4.87209e6,-2.43785e6,6.11697e-9
1545945360,24429939.75786188,28720974.39294686,4291.035,3.93093e14,1.3817,4.84133e6,-2.43732e6,6.11562e-9
1545945390,24443919.490606967,28739064.744154878,4295.145,3.94749e14,0.9661,4.85028e6,-2.43673e6,6.11413e-9
1545945420,24457967.02316472,28757131.887676112,4299.165,3.98088e14,0.1285,4.86940e6,-2.43609e6,6.11249e-9
1545945450,24472081.894164022,28775175.594701022,4303.094,4.01818e14,0.8073,4.89078e6,-2.43539e6,6.11071e-9
1545945480,24486263.641487595,28793195.63763169,4306.932,4.02579e14,0.9981,4.89390e6,-2.43463e6,6.10880e-9
1545945510,24500511.802303027,28811191.7900776,4310.680,3.97677e14,0.2318,4.86233e6,-2.43382e6,6.10674e-9
1545945540,24514825.913093526,28829163.82685117,4314.338,3.97418e14,0.2967,4.85901e6,-2.43295e6,6.10454e-9
1545945570,24529205.509688564,28847111.523963444,4317.906,3.98325e14,0.0691,4.86270e6,-2.43203e6,6.10221e-9
1545945600,24543650.12729431,28865034.65861971,4321.385,3.98185e14,0.1043,4.85988e6,-2.43105e6,6.09974e-9
1545945630,24558159.300552998,28882933.009235583,4324.774,3.99263e14,0.1661,4.86439e6,-2.43002e6,6.09714e-9
1545945660,24572732.563483115,28900806.355369505,4328.074,3.97871e14,0.1830,4.85373e6,-2.42894e6,6.09440e-9
1545945690,24587369.449599393,28918654.47778171,4331.285,3.98682e14,0.0204,4.85639e6,-2.42780e6,6.09153e-9
1545945720,24602069.491913542,28936477.158409473,4334.408,3.99048e14,0.1122,4.85623e6,-2.42662e6,6.08853e-9
1545945750,24616832.22296388,28954274.18036294,4337.442,3.99175e14,0.1443,4.85451e6,-2.42537e6,6.08540e-9
1545945780,24631657.174844842,28972045.327920914,4340.388,3.99077e14,0.1195,4.85132e6,-2.42408e6,6.08213e-9
1545945810,24646543.879236206,28989790.386526614,4343.247,3.96016e14,0.6483,4.83001e6,-2.42273e6,6.07874e-9
1545945840,24661491.86743217,29007509.14278352,4346.017,3.97713e14,0.2226,4.83753e6,-2.42134e6,6.07522e-9
1545945870,24676500.670370102,29025201.38445108,4348.701,3.98531e14,0.0174,4.83960e6,-2.41989e6,6.07157e-9
1545945900,24691569.818659168,29042866.900440544,4351.297,3.97864e14,0.1847,4.83255e6,-2.41839e6,6.06779e-9
1545945930,24706698.842576846,29060505.480796974,4353.807,3.99128e14,0.1323,4.83711e6,-2.41685e6,6.06389e-9
1545945960,24721887.272195052,29078116.916737333,4356.230,4.01797e14,0.8021,4.85009e6,-2.41525e6,6.05986e-9
1545945990,24737134.637309827,29095701.000603847,4358.566,3.99850e14,0.3136,4.83498e6,-2.41360e6,6.05572e-9
1545946020,24752440.467500474,29113257.525873307,4360.817,3.96014e14,0.6489,4.80836e6,-2.41191e6,6.05144e-9
1545946050,24767804.292156644,29130786.287152704,4362.982,3.95117e14,0.8738,4.79946e6,-2.41016e6,6.04705e-9
1545946080,24783225.640505277,29148287.080174822,4365.061,3.92916e14,1.4262,4.78258e6,-2.40837e6,6.04254e-9
1545946110,24798704.041637246,29165759.70179386,4367.056,3.96640e14,0.4919,4.80141e6,-2.40653e6,6.03791e-9
1545946140,24814239.02453375,29183203.94998099,4368.965,4.01824e14,0.8088,4.82892e6,-2.40465e6,6.03316e-9
1545946170,24829830.11809251,29200619.623819925,4370.790,4.01894e14,0.8262,4.82545e6,-2.40272e6,6.02829e-9
1545946200,24845476.85115371,29218006.52350249,4372.530,3.96835e14,0.4428,4.79100e6,-2.40074e6,6.02330e-9
1545946230,24861178.7525575,29235364.450328737,4374.186,3.97251e14,0.3384,4.78945e6,-2.39871e6,6.01821e-9
1545946260,24876935.35107171,29252693.20668846,4375.758,3.99285e14,0.1717,4.79754e6,-2.39664e6,6.01299e-9
1545946290,24892746.17551483,29269992.59607076,4377.246,3.98849e14,0.0624,4.79067e6,-2.39452e6,6.00766e-9
1545946320,24908610.754749816,29287262.4230551,4378.652,3.98854e14,0.0636,4.78637e6,-2.39236e6,6.00222e-9
1545946350,24924528.617709044,29304502.49330691,4379.974,3.97153e14,0.3632,4.77175e6,-2.39016e6,5.99667e-9
1545946380,24940499.293419193,29321712.613573086,4381.213,3.94556e14,1.0148,4.75169e6,-2.38791e6,5.99101e-9
1545946410,24956522.311025828,29338892.591677688,4382.370,3.93888e14,1.1822,4.74312e6,-2.38561e6,5.98524e-9
1545946440,24972597.199817702,29356042.236517437,4383.445,3.99159e14,0.1401,4.76999e6,-2.38327e6,5.97936e-9
