Timestamp,R_A,R_B,Delta_H_km,GM,Error_Pct,Term_Time,Term_Kinetic,Term_Potential
1529108430,32281667.672235426,29407408.452743344,2874.259,4.06769e14,2.0494,-2.43860e6,1.20702e6,-3.02770e-9
1529108460,32275574.78913016,29390402.509330537,2885.172,4.00844e14,0.5629,-2.43172e6,1.21254e6,-3.04153e-9
1529108490,32269427.854490254,29373365.72940923,2896.062,3.94895e14,0.9295,-2.42460e6,1.21805e6,-3.05536e-9
1529108520,32263226.903008796,29356298.300336126,2906.929,3.91117e14,1.8774,-2.42399e6,1.22357e6,-3.06920e-9
1529108550,32256971.96973498,29339200.410522114,2917.772,3.96430e14,0.5446,-2.45130e6,1.22909e6,-3.08304e-9
1529108580,32250663.090075508,29322072.249436766,2928.591,3.99393e14,0.1988,-2.47149e6,1.23461e6,-3.09689e-9
1529108610,32244300.29979604,29304914.00761271,2939.386,4.02454e14,0.9669,-2.49206e6,1.24013e6,-3.11074e-9
1529108640,32237883.63502259,29287725.876650177,2950.158,4.05556e14,1.7450,-2.51285e6,1.24566e6,-3.12459e-9
1529108670,32231413.132243082,29270508.04922131,2960.905,3.96350e14,0.5647,-2.49511e6,1.25118e6,-3.13845e-9
1529108700,32224888.828308716,29253260.71907472,2971.628,3.92299e14,1.5808,-2.49336e6,1.25671e6,-3.15231e-9
1529108730,32218310.76041463,29235984.081022374,2982.327,3.92514e14,1.5270,-2.50501e6,1.26224e6,-3.16617e-9
1529108760,32211678.96616582,29218678.330997877,2993.001,3.95774e14,0.7090,-2.52635e6,1.26777e6,-3.18004e-9
1529108790,32204993.483514152,29201343.66600709,3003.650,4.01436e14,0.7114,-2.55545e6,1.27330e6,-3.19391e-9
1529108820,32198254.350780495,29183980.284149773,3014.274,4.09724e14,2.7907,-2.59314e6,1.27883e6,-3.20779e-9
1529108850,32191461.606656108,29166588.384623896,3024.873,4.07656e14,2.2719,-2.59770e6,1.28437e6,-3.22167e-9
1529108880,32184615.29020403,29149168.167729937,3035.447,3.96125e14,0.6211,-2.57159e6,1.28990e6,-3.23555e-9
1529108910,32177715.44086034,29131719.83487514,3045.996,3.90149e14,2.1202,-2.56321e6,1.29544e6,-3.24944e-9
1529108940,32170762.098435555,29114243.58857781,3056.519,3.93998e14,1.1547,-2.58672e6,1.30098e6,-3.26332e-9
1529108970,32163755.30311596,29096739.632471558,3067.016,4.01521e14,0.7326,-2.62239e6,1.30652e6,-3.27721e-9
1529109000,32156695.095464878,29079208.171309646,3077.487,4.02271e14,0.9208,-2.63598e6,1.31206e6,-3.29111e-9
1529109030,32149581.516421877,29061649.410991363,3087.932,4.01954e14,0.8414,-2.64606e6,1.31760e6,-3.30501e-9
1529109060,32142414.607311014,29044063.55849805,3098.351,4.01283e14,0.6731,-2.65496e6,1.32314e6,-3.31890e-9
1529109090,32135194.409835137,29026450.821965754,3108.744,3.95194e14,0.8547,-2.64579e6,1.32869e6,-3.33281e-9
1529109120,32127920.96607955,29008811.410667606,3119.110,4.01740e14,0.7877,-2.67874e6,1.33423e6,-3.34671e-9
1529109150,32120594.318513375,28991145.53501819,3129.449,4.09592e14,2.7576,-2.71626e6,1.33977e6,-3.36062e-9
1529109180,32113214.509990912,28973453.40657802,3139.761,3.93840e14,1.1942,-2.67434e6,1.34532e6,-3.37452e-9
1529109210,32105781.583753094,28955735.238058038,3150.046,3.96762e14,0.4612,-2.69527e6,1.35087e6,-3.38843e-9
1529109240,32098295.583428845,28937991.243323874,3160.304,4.07691e14,2.2805,-2.74352e6,1.35642e6,-3.40235e-9
1529109270,32090756.55303657,28920221.637400392,3170.535,4.02355e14,0.9419,-2.73651e6,1.36196e6,-3.41626e-9
1529109300,32083164.536985625,28902426.636475973,3180.738,3.92481e14,1.5351,-2.71379e6,1.36751e6,-3.43018e-9
1529109330,32075519.580095325,28884606.45787937,3190.913,3.95536e14,0.7688,-2.73532e6,1.37306e6,-3.44409e-9
1529109360,32067821.727542493,28866761.320169028,3201.060,3.99675e14,0.2696,-2.76069e6,1.37861e6,-3.45801e-9
1529109390,32060071.024917167,28848891.443052247,3211.180,3.92132e14,1.6228,-2.74562e6,1.38416e6,-3.47193e-9
1529109420,32052267.51820678,28830997.047416758,3221.270,4.01012e14,0.6051,-2.78758e6,1.38971e6,-3.48585e-9
1529109450,32044411.253797855,28813078.355334885,3231.333,4.00868e14,0.5690,-2.79821e6,1.39526e6,-3.49977e-9
1529109480,32036502.278477814,28795135.59006752,3241.367,3.99826e14,0.3075,-2.80568e6,1.40082e6,-3.51369e-9
1529109510,32028540.63943673,28777168.976068277,3251.372,4.07187e14,2.1541,-2.84277e6,1.40637e6,-3.52762e-9
1529109540,32020526.384269044,28759178.7389874,3261.348,3.99513e14,0.2289,-2.82681e6,1.41192e6,-3.54154e-9
1529109570,32012459.560975477,28741165.105675865,3271.294,3.97769e14,0.2087,-2.83172e6,1.41747e6,-3.55546e-9
1529109600,32004340.217964724,28723128.3041894,3281.212,4.02953e14,1.0920,-2.86132e6,1.42302e6,-3.56939e-9
1529109630,31996168.404036954,28705068.563820854,3291.100,3.99610e14,0.2534,-2.86050e6,1.42858e6,-3.58331e-9
1529109660,31987944.168442186,28686986.11501673,3300.958,3.93967e14,1.1625,-2.85132e6,1.43413e6,-3.59723e-9
1529109690,31979667.560825385,28668881.189468894,3310.786,3.98442e14,0.0399,-2.87852e6,1.43968e6,-3.61116e-9
1529109720,31971338.631246474,28650754.02009044,3320.585,3.96903e14,0.4257,-2.88404e6,1.44523e6,-3.62508e-9
1529109750,31962957.430182055,28632604.84101987,3330.353,3.92088e14,1.6337,-2.87759e6,1.45078e6,-3.63900e-9
1529109780,31954524.00852701,28614433.88762533,3340.090,3.93965e14,1.1630,-2.89546e6,1.45634e6,-3.65292e-9
1529109810,31946038.41759628,28596241.39650886,3349.797,3.89985e14,2.1613,-2.89190e6,1.46189e6,-3.66684e-9
1529109840,31937500.709126502,28578027.60551051,3359.473,3.91319e14,1.8268,-2.90779e6,1.46744e6,-3.68076e-9
1529109870,31928910.93527767,28559792.753712557,3369.118,4.00244e14,0.4123,-2.95176e6,1.47299e6,-3.69468e-9
1529109900,31920269.148634944,28541537.081443664,3378.732,3.94953e14,0.9152,-2.94326e6,1.47854e6,-3.70860e-9
1529109930,31911575.402219716,28523260.83026284,3388.315,3.88848e14,2.4466,-2.93158e6,1.48408e6,-3.72251e-9
1529109960,31902829.749462277,28504964.243025567,3397.866,3.94127e14,1.1223,-2.96226e6,1.48963e6,-3.73643e-9
1529109990,31894032.24423273,28486647.563825764,3407.385,3.97521e14,0.2708,-2.98602e6,1.49518e6,-3.75034e-9
1529110020,31885182.940833397,28468311.038019747,3416.872,3.98606e14,0.0014,-3.00118e6,1.50073e6,-3.76425e-9
1529110050,31876281.894000657,28449954.912230067,3426.327,3.99101e14,0.1255,-3.01413e6,1.50627e6,-3.77815e-9
1529110080,31867329.158906817,28431579.43434926,3435.750,4.02790e14,1.0512,-3.03922e6,1.51182e6,-3.79206e-9
1529110110,31858324.79116205,28413184.853543725,3445.140,4.00420e14,0.4565,-3.04134e6,1.51736e6,-3.80596e-9
1529110140,31849268.846816257,28394771.42025732,3454.497,3.94514e14,1.0251,-3.02989e6,1.52290e6,-3.81986e-9
1529110170,31840161.38236101,28376339.386215128,3463.822,3.96466e14,0.5355,-3.04839e6,1.52844e6,-3.83375e-9
1529110200,31831002.45473153,28357889.004427094,3473.113,3.97500e14,0.2760,-3.06342e6,1.53398e6,-3.84764e-9
1529110230,31821792.1213055,28339420.529195588,3482.372,3.99384e14,0.1967,-3.08175e6,1.53952e6,-3.86153e-9
1529110260,31812530.43991471,28320934.216106936,3491.596,4.01981e14,0.8482,-3.10290e6,1.54506e6,-3.87542e-9
1529110290,31803217.468837436,28302430.322046973,3500.787,4.03339e14,1.1888,-3.11930e6,1.55059e6,-3.88930e-9
1529110320,31793853.26680354,28283909.10520075,3509.944,4.04039e14,1.3643,-3.13315e6,1.55612e6,-3.90317e-9
1529110350,31784437.89299647,28265370.82505607,3519.067,4.04737e14,1.5395,-3.14703e6,1.56165e6,-3.91704e-9
1529110380,31774971.407055352,28246815.74240702,3528.156,4.02032e14,0.8608,-3.14753e6,1.56718e6,-3.93091e-9
1529110410,31765453.869077012,28228244.11935753,3537.210,3.94212e14,1.1011,-3.12779e6,1.57271e6,-3.94477e-9
1529110440,31755885.339618057,28209656.21932471,3546.229,3.94846e14,0.9418,-3.14129e6,1.57824e6,-3.95863e-9
1529110470,31746265.87969695,28191052.30704245,3555.214,3.95235e14,0.8443,-3.15382e6,1.58376e6,-3.97248e-9
1529110500,31736595.550796155,28172432.648564763,3564.163,3.93788e14,1.2074,-3.15905e6,1.58928e6,-3.98633e-9
1529110530,31726874.41487225,28153797.51128339,3573.077,3.94320e14,1.0739,-3.17215e6,1.59480e6,-4.00017e-9
1529110560,31717102.534333367,28135147.16388739,3581.955,3.97722e14,0.2204,-3.19677e6,1.60032e6,-4.01400e-9
1529110590,31707279.972066127,28116481.876410503,3590.798,3.98081e14,0.1303,-3.20923e6,1.60583e6,-4.02783e-9
1529110620,31697406.79142976,28097801.920220293,3599.605,3.98738e14,0.0344,-3.22290e6,1.61134e6,-4.04165e-9
1529110650,31687483.05625845,28079107.568021547,3608.375,4.01214e14,0.6558,-3.24396e6,1.61685e6,-4.05547e-9
1529110680,31677508.83086351,28060399.09385956,3617.110,4.00192e14,0.3994,-3.25085e6,1.62236e6,-4.06927e-9
1529110710,31667484.18003567,28041676.773123454,3625.807,3.96785e14,0.4554,-3.24796e6,1.62786e6,-4.08307e-9
1529110740,31657409.16904732,28022940.882549405,3634.468,3.93913e14,1.1761,-3.24717e6,1.63336e6,-4.09687e-9
1529110770,31647283.863654792,28004191.70022383,3643.092,4.00271e14,0.4192,-3.28423e6,1.63886e6,-4.11065e-9
1529110800,31637108.330100562,27985429.505586434,3651.679,4.02172e14,0.8959,-3.30308e6,1.64435e6,-4.12443e-9
1529110830,31626882.635095265,27966654.57940588,3660.228,3.97062e14,0.3859,-3.29296e6,1.64984e6,-4.13820e-9
1529110860,31616606.84588262,27947867.203867592,3668.740,3.94837e14,0.9441,-3.29468e6,1.65533e6,-4.15196e-9
1529110890,31606281.030178912,27929067.66249145,3677.213,3.98459e14,0.0356,-3.32067e6,1.66081e6,-4.16571e-9
1529110920,31595905.256195422,27910256.240162123,3685.649,3.99333e14,0.1837,-3.33528e6,1.66629e6,-4.17945e-9
1529110950,31585479.592640582,27891433.223131616,3694.046,3.99672e14,0.2689,-3.34767e6,1.67177e6,-4.19319e-9
1529110980,31575004.108722124,27872598.899021868,3702.405,4.02175e14,0.8967,-3.36915e6,1.67724e6,-4.20691e-9
1529111010,31564478.874149296,27853753.556827236,3710.725,3.99089e14,0.1225,-3.36711e6,1.68271e6,-4.22062e-9
1529111040,31553903.95913503,27834897.486916978,3719.006,3.95807e14,0.7008,-3.36415e6,1.68817e6,-4.23433e-9
1529111070,31543279.434398167,27816030.98103758,3727.248,3.95188e14,0.8562,-3.37240e6,1.69363e6,-4.24802e-9
1529111100,31532605.3711657,27797154.332315214,3735.451,3.94752e14,0.9656,-3.38140e6,1.69909e6,-4.26170e-9
1529111130,31521881.841203596,27778267.83528943,3743.614,3.97661e14,0.2358,-3.40468e6,1.70454e6,-4.27537e-9
1529111160,31511108.916731168,27759371.78581837,3751.737,4.05922e14,1.8369,-3.45100e6,1.70998e6,-4.28903e-9
1529111190,31500286.670511536,27740466.481178533,3759.820,4.00433e14,0.4597,-3.43836e6,1.71543e6,-4.30268e-9
1529111220,31489415.17582569,27721552.220035553,3767.863,3.94440e14,1.0438,-3.42339e6,1.72086e6,-4.31631e-9
1529111250,31478494.506475136,27702629.302446604,3775.865,3.96078e14,0.6328,-3.44129e6,1.72630e6,-4.32994e-9
1529111280,31467524.73678444,27683698.02986265,3783.827,3.94716e14,0.9744,-3.44619e6,1.73172e6,-4.34355e-9
1529111310,31456505.94160399,27664758.705130808,3791.747,3.94800e14,0.9534,-3.45735e6,1.73714e6,-4.35714e-9
1529111340,31445438.1963126,27645811.63249643,3799.627,3.95922e14,0.6720,-3.47303e6,1.74256e6,-4.37073e-9
1529111370,31434321.576820206,27626857.117605306,3807.464,3.95400e14,0.8030,-3.48152e6,1.74797e6,-4.38430e-9
1529111400,31423156.159570552,27607895.46750565,3815.261,3.98621e14,0.0052,-3.50646e6,1.75338e6,-4.39786e-9
1529111430,31411942.021519184,27588926.99062315,3823.015,4.02386e14,0.9497,-3.53386e6,1.75878e6,-4.41140e-9
1529111460,31400679.240212433,27569951.996846184,3830.727,3.99669e14,0.2681,-3.53268e6,1.76417e6,-4.42493e-9
1529111490,31389367.893713627,27550970.797443863,3838.397,4.02936e14,1.0876,-3.55797e6,1.76956e6,-4.43844e-9
1529111520,31378008.06063036,27531983.705094717,3846.024,4.01182e14,0.6477,-3.56098e6,1.77494e6,-4.45194e-9
1529111550,31366599.820117075,27512991.033888146,3853.609,3.99631e14,0.2586,-3.56484e6,1.78032e6,-4.46542e-9
1529111580,31355143.25187751,27493993.099325787,3861.150,3.99286e14,0.1721,-3.57405e6,1.78569e6,-4.47889e-9
1529111610,31343638.43616731,27474990.218322843,3868.648,3.95539e14,0.7680,-3.56795e6,1.79105e6,-4.49234e-9
1529111640,31332085.453796532,27455982.70920926,3876.103,3.96349e14,0.5648,-3.58226e6,1.79641e6,-4.50577e-9
1529111670,31320484.38613219,27436970.891730882,3883.513,3.95636e14,0.7436,-3.58971e6,1.80176e6,-4.51919e-9
1529111700,31308835.315100852,27417955.087050535,3890.880,3.97056e14,0.3875,-3.60679e6,1.80710e6,-4.53258e-9
1529111730,31297138.32320438,27398935.617769595,3898.203,3.97277e14,0.3320,-3.61844e6,1.81243e6,-4.54597e-9
1529111760,31285393.493481863,27379912.80786515,3905.481,3.97570e14,0.2585,-3.63041e6,1.81776e6,-4.55933e-9
1529111790,31273600.909553036,27360886.98275504,3912.714,3.99211e14,0.1531,-3.64854e6,1.82308e6,-4.57267e-9
1529111820,31261760.655607745,27341858.469277907,3919.902,3.93995e14,1.1553,-3.63526e6,1.82840e6,-4.58600e-9
1529111850,31249872.816408746,27322827.595694046,3927.045,3.98910e14,0.0776,-3.66841e6,1.83370e6,-4.59930e-9
1529111880,31237937.477294486,27303794.69168611,3934.143,4.01945e14,0.8392,-3.69301e6,1.83900e6,-4.61259e-9
1529111910,31225954.7241819,27284760.08835982,3941.195,3.94880e14,0.9334,-3.67094e6,1.84429e6,-4.62586e-9
1529111940,31213924.643569253,27265724.118244424,3948.201,3.97993e14,0.1524,-3.69590e6,1.84957e6,-4.63910e-9
1529111970,31201847.3225389,27246687.115293253,3955.160,3.98770e14,0.0426,-3.71005e6,1.85484e6,-4.65233e-9
1529112000,31189722.848760277,27227649.414884027,3962.073,3.96166e14,0.6108,-3.70843e6,1.86011e6,-4.66553e-9
1529112030,31177551.310487133,27208611.353800297,3968.940,3.94921e14,0.9231,-3.71308e6,1.86536e6,-4.67871e-9
1529112060,31165332.796577524,27189573.270289827,3975.760,4.01489e14,0.7246,-3.75434e6,1.87061e6,-4.69187e-9
1529112090,31153067.396479722,27170535.50400608,3982.532,4.03512e14,1.2321,-3.77437e6,1.87585e6,-4.70501e-9
1529112120,31140755.200240564,27151498.39602694,3989.257,4.01095e14,0.6257,-3.77349e6,1.88108e6,-4.71812e-9
1529112150,31128396.298508406,27132462.28885455,3995.934,3.99581e14,0.2459,-3.77680e6,1.88630e6,-4.73121e-9
1529112180,31115990.78253603,27113427.52641481,4002.563,3.99363e14,0.1913,-3.78619e6,1.89151e6,-4.74428e-9
1529112210,31103538.74418362,27094394.45405697,4009.144,4.01710e14,0.7802,-3.80777e6,1.89671e6,-4.75732e-9
1529112240,31091040.27592168,27075363.418552954,4015.677,4.03165e14,1.1451,-3.82513e6,1.90190e6,-4.77034e-9
1529112270,31078495.4708341,27056334.768096745,4022.161,4.00666e14,0.5182,-3.82359e6,1.90708e6,-4.78333e-9
1529112300,31065904.422621038,27037308.852303516,4028.596,3.96242e14,0.5917,-3.81274e6,1.91225e6,-4.79630e-9
1529112330,31053267.225611057,27018286.022230055,4034.981,4.00029e14,0.3584,-3.84124e6,1.91741e6,-4.80924e-9
1529112360,31040583.974736437,26999266.630308107,4041.317,3.99929e14,0.3333,-3.85107e6,1.92255e6,-4.82215e-9
1529112390,31027854.765563875,26980251.030409265,4047.604,3.97667e14,0.2341,-3.85043e6,1.92769e6,-4.83504e-9
1529112420,31015079.694288675,26961239.577822566,4053.840,3.96885e14,0.4304,-3.85688e6,1.93282e6,-4.84790e-9
1529112450,31002258.857737955,26942232.62925331,4060.026,4.00970e14,0.5944,-3.88694e6,1.93794e6,-4.86073e-9
1529112480,30989392.353373695,26923230.54282177,4066.162,3.99541e14,0.2359,-3.89022e6,1.94304e6,-4.87354e-9
1529112510,30976480.279296096,26904233.678061865,4072.247,4.01090e14,0.6245,-3.90798e6,1.94813e6,-4.88631e-9
1529112540,30963522.734246586,26885242.395919632,4078.280,4.04645e14,1.5165,-3.93560e6,1.95322e6,-4.89906e-9
1529112570,30950519.817611136,26866257.058751572,4084.263,3.98854e14,0.0635,-3.91737e6,1.95829e6,-4.91178e-9
1529112600,30937471.629423354,26847278.030322865,4090.194,3.96934e14,0.4180,-3.91803e6,1.96334e6,-4.92446e-9
1529112630,30924378.27034911,26828305.675783683,4096.073,3.97109e14,0.3743,-3.92896e6,1.96839e6,-4.93712e-9
1529112660,30911239.841747202,26809340.361734603,4101.899,3.96680e14,0.4818,-3.93688e6,1.97342e6,-4.94974e-9
1529112690,30898056.445615105,26790382.45615659,4107.674,3.95801e14,0.7024,-3.94254e6,1.97844e6,-4.96233e-9
1529112720,30884828.184610553,26771432.328430507,4113.396,3.97816e14,0.1967,-3.96254e6,1.98345e6,-4.97489e-9
1529112750,30871555.16205471,26752490.34933451,4119.065,3.98146e14,0.1140,-3.97417e6,1.98844e6,-4.98742e-9
1529112780,30858237.48193526,26733556.891041264,4124.681,3.95949e14,0.6653,-3.97313e6,1.99342e6,-4.99991e-9
1529112810,30844875.248909514,26714632.327115085,4130.243,3.98681e14,0.0202,-3.99673e6,1.99839e6,-5.01237e-9
1529112840,30831468.568307567,26695717.03250887,4135.752,3.97894e14,0.1771,-4.00268e6,2.00335e6,-5.02480e-9
1529112870,30818017.546135493,26676811.38356098,4141.206,3.97358e14,0.3117,-4.00985e6,2.00829e6,-5.03719e-9
1529112900,30804522.28907841,26657915.757991888,4146.607,3.98394e14,0.0518,-4.02492e6,2.01321e6,-5.04954e-9
1529112930,30790982.904527593,26639030.534917355,4151.952,4.00695e14,0.5254,-4.04638e6,2.01812e6,-5.06186e-9
1529112960,30777399.500510447,26620156.094793633,4157.243,4.02571e14,0.9960,-4.06572e6,2.02302e6,-5.07415e-9
1529112990,30763772.18576705,26601292.819465242,4162.479,3.96560e14,0.5120,-4.04496e6,2.02790e6,-5.08639e-9
1529113020,30750101.06972994,26582441.09214456,4167.660,4.00426e14,0.4579,-4.07438e6,2.03277e6,-5.09860e-9
1529113050,30736386.262527566,26563601.29740802,4172.785,4.06662e14,2.0225,-4.11597e6,2.03762e6,-5.11077e-9
1529113080,30722627.874987897,26544773.82119201,4177.854,4.02260e14,0.9182,-4.10319e6,2.04245e6,-5.12290e-9
1529113110,30708826.018641867,26525959.0507888,4182.867,3.97711e14,0.2233,-4.08952e6,2.04728e6,-5.13499e-9
1529113140,30694980.80572702,26507157.374842267,4187.823,3.96919e14,0.4219,-4.09504e6,2.05208e6,-5.14704e-9
1529113170,30681092.349191044,26488369.183343377,4192.723,4.01395e14,0.7011,-4.12769e6,2.05687e6,-5.15905e-9
1529113200,30667160.76269538,26469594.86762564,4197.566,4.00743e14,0.5376,-4.13389e6,2.06164e6,-5.17103e-9
1529113230,30653186.160600197,26450834.82035323,4202.351,3.97268e14,0.3342,-4.12542e6,2.06639e6,-5.18295e-9
1529113260,30639168.65802544,26432089.43553801,4207.079,3.97705e14,0.2248,-4.13715e6,2.07113e6,-5.19484e-9
1529113290,30625108.370796952,26413359.108512413,4211.749,3.94379e14,1.0592,-4.12926e6,2.07585e6,-5.20668e-9
1529113320,30611005.415468503,26394644.235931262,4216.361,3.95480e14,0.7829,-4.14436e6,2.08056e6,-5.21848e-9
1529113350,30596859.909325358,26375945.215766314,4220.915,3.98229e14,0.0933,-4.16808e6,2.08524e6,-5.23024e-9
1529113380,30582671.970387723,26357262.44730057,4225.410,3.98862e14,0.0656,-4.18073e6,2.08991e6,-5.24195e-9
1529113410,30568441.71741433,26338596.33112252,4229.845,4.04870e14,1.5729,-4.22160e6,2.09456e6,-5.25362e-9
1529113440,30554169.269905884,26319947.269120093,4234.222,4.00407e14,0.4533,-4.20744e6,2.09920e6,-5.26524e-9
1529113470,30539854.748108625,26301315.664474484,4238.539,3.97216e14,0.3472,-4.19985e6,2.10381e6,-5.27681e-9
1529113500,30525498.273017846,26282701.92165382,4242.796,3.97719e14,0.2211,-4.21168e6,2.10840e6,-5.28834e-9
1529113530,30511099.96638873,26264106.446404286,4246.994,3.98251e14,0.0878,-4.22364e6,2.11298e6,-5.29982e-9
1529113560,30496659.950717498,26245529.645750728,4251.130,4.00856e14,0.5657,-4.24658e6,2.11754e6,-5.31125e-9
1529113590,30482178.34926749,26226971.927982364,4255.206,3.98581e14,0.0050,-4.24357e6,2.12207e6,-5.32263e-9
1529113620,30467655.286065508,26208433.702648077,4259.222,4.01469e14,0.7196,-4.26801e6,2.12659e6,-5.33396e-9
1529113650,30453090.885905534,26189915.38054925,4263.176,4.01912e14,0.8308,-4.27941e6,2.13109e6,-5.34525e-9
1529113680,30438485.274352312,26171417.373732228,4267.068,4.00332e14,0.4344,-4.27993e6,2.13556e6,-5.35648e-9
1529113710,30423838.577745188,26152940.095480826,4270.898,3.99294e14,0.1740,-4.28329e6,2.14002e6,-5.36766e-9
1529113740,30409150.92320169,26134483.96030841,4274.667,4.00566e14,0.4932,-4.29901e6,2.14445e6,-5.37878e-9
1529113770,30394422.438621394,26116049.383950043,4278.373,4.04160e14,1.3948,-4.32723e6,2.14887e6,-5.38986e-9
1529113800,30379653.252689566,26097636.783354238,4282.016,3.96656e14,0.4877,-4.29555e6,2.15326e6,-5.40088e-9
1529113830,30364843.49488454,26079246.576685857,4285.597,3.95490e14,0.7802,-4.29796e6,2.15763e6,-5.41184e-9
1529113860,30349993.295470733,26060879.183283046,4289.114,3.99117e14,0.1295,-4.32629e6,2.16198e6,-5.42275e-9
1529113890,30335102.785513084,26042535.023683276,4292.568,3.98979e14,0.0950,-4.33420e6,2.16631e6,-5.43361e-9
1529113920,30320172.09687753,26024214.519603197,4295.958,3.97835e14,0.1920,-4.33659e6,2.17061e6,-5.44441e-9
1529113950,30305201.36223482,26005918.09392967,4299.283,3.98434e14,0.0418,-4.34841e6,2.17489e6,-5.45515e-9
1529113980,30290190.715064462,25987646.17071051,4302.545,3.96726e14,0.4704,-4.34759e6,2.17915e6,-5.46583e-9
1529114010,30275140.289658595,25969399.175145127,4305.741,3.94028e14,1.1470,-4.34126e6,2.18338e6,-5.47646e-9
1529114040,30260050.22112592,25951177.533574842,4308.873,4.00110e14,0.3787,-4.38301e6,2.18759e6,-5.48703e-9
1529114070,30244920.64539557,25932981.673473045,4311.939,3.99575e14,0.2444,-4.38846e6,2.19178e6,-5.49753e-9
1529114100,30229751.69922114,25914812.023435175,4314.940,3.97962e14,0.1603,-4.38791e6,2.19594e6,-5.50798e-9
1529114130,30214543.52017458,25896669.013148267,4317.875,4.01947e14,0.8395,-4.41817e6,2.20008e6,-5.51836e-9
1529114160,30199296.246680804,25878553.073442645,4320.743,4.03245e14,1.1653,-4.43361e6,2.20420e6,-5.52868e-9
1529114190,30184010.017991155,25860464.63621886,4323.545,3.98635e14,0.0087,-4.41630e6,2.20828e6,-5.53894e-9
1529114220,30168684.974197086,25842404.134456757,4326.281,3.97554e14,0.2624,-4.41843e6,2.21235e6,-5.54914e-9
1529114250,30153321.256234128,25824372.00220419,4328.949,3.99126e14,0.1319,-4.43523e6,2.21638e6,-5.55927e-9
1529114280,30137919.005885724,25806368.67456557,4331.550,4.01658e14,0.7671,-4.45736e6,2.22040e6,-5.56933e-9
1529114310,30122478.365787223,25788394.58769015,4334.084,4.01834e14,0.8112,-4.46635e6,2.22438e6,-5.57933e-9
1529114340,30106999.479429778,25770450.178759996,4336.549,3.96258e14,0.5876,-4.44313e6,2.22834e6,-5.58927e-9
1529114370,30091482.491164286,25752535.885977987,4338.947,3.94156e14,1.1149,-4.43920e6,2.23227e6,-5.59913e-9
1529114400,30075927.546205357,25734652.14855536,4341.275,3.92163e14,1.6151,-4.43579e6,2.23617e6,-5.60893e-9
1529114430,30060334.790647466,25716799.406727172,4343.535,3.93962e14,1.1637,-4.45359e6,2.24005e6,-5.61866e-9
1529114460,30044704.3714315,25698978.101653304,4345.726,4.01743e14,0.7884,-4.50504e6,2.24390e6,-5.62832e-9
1529114490,30029036.436386123,25681188.675491925,4347.848,4.03121e14,1.1342,-4.52048e6,2.24772e6,-5.63791e-9
1529114520,30013331.134219825,25663431.571358606,4349.900,4.00689e14,0.5239,-4.51437e6,2.25151e6,-5.64742e-9
1529114550,29997588.61452506,25645707.233313072,4351.881,4.01563e14,0.7433,-4.52687e6,2.25528e6,-5.65687e-9
1529114580,29981809.027782388,25628016.106345765,4353.793,4.01796e14,0.8016,-4.53568e6,2.25901e6,-5.66624e-9
1529114610,29965992.525364634,25610358.63636424,4355.634,3.99399e14,0.2003,-4.52952e6,2.26271e6,-5.67554e-9
1529114640,29950139.25954105,25592735.27017929,4357.404,3.97363e14,0.3104,-4.52530e6,2.26639e6,-5.68476e-9
1529114670,29934249.383481525,25575146.455490857,4359.103,3.95672e14,0.7346,-4.52296e6,2.27003e6,-5.69391e-9
1529114700,29918323.051260736,25557592.640873604,4360.730,3.96961e14,0.4113,-4.53751e6,2.27365e6,-5.70298e-9
1529114730,29902360.417850573,25540074.27573334,4362.286,3.96334e14,0.5687,-4.54108e6,2.27723e6,-5.71198e-9
1529114760,29886361.639160693,25522591.810381882,4363.770,3.94119e14,1.1242,-4.53550e6,2.28078e6,-5.72090e-9
1529114790,29870326.87200646,25505145.69593195,4365.181,3.99616e14,0.2547,-4.57400e6,2.28431e6,-5.72973e-9
1529114820,29854256.274124723,25487736.384310726,4366.520,4.02506e14,0.9798,-4.59757e6,2.28780e6,-5.73849e-9
1529114850,29838150.00417803,25470364.328244112,4367.786,4.02328e14,0.9351,-4.60350e6,2.29125e6,-5.74717e-9
1529114880,29822008.221758734,25453029.981240667,4368.978,3.99295e14,0.1743,-4.59293e6,2.29468e6,-5.75577e-9
1529114910,29805831.08739319,25435733.797575347,4370.097,3.97147e14,0.3645,-4.58734e6,2.29807e6,-5.76429e-9
1529114940,29789618.76254588,25418476.23227295,4371.143,3.97933e14,0.1674,-4.59859e6,2.30143e6,-5.77272e-9
1529114970,29773371.409623604,25401257.741091385,4372.114,3.96993e14,0.4031,-4.59980e6,2.30476e6,-5.78107e-9
1529115000,29757089.191979654,25384078.780504655,4373.010,3.98747e14,0.0368,-4.61653e6,2.30805e6,-5.78933e-9
1529115030,29740772.273929473,25366939.807705857,4373.832,3.98718e14,0.0296,-4.62288e6,2.31131e6,-5.79751e-9
1529115060,29724420.820719592,25349841.280527256,4374.580,4.00349e14,0.4386,-4.63880e6,2.31453e6,-5.80561e-9
1529115090,29708034.998567108,25332783.65748539,4375.251,3.98290e14,0.0779,-4.63322e6,2.31772e6,-5.81361e-9
1529115120,29691614.974652544,25315767.397742834,4375.848,3.99299e14,0.1752,-4.64540e6,2.32087e6,-5.82153e-9
1529115150,29675160.917124253,25298792.961090334,4376.368,4.04219e14,1.4096,-4.68033e6,2.32399e6,-5.82936e-9
1529115180,29658672.995102674,25281860.807928454,4376.812,4.04540e14,1.4901,-4.68841e6,2.32707e6,-5.83710e-9
1529115210,29642151.378684755,25264971.39924917,4377.180,3.99545e14,0.2369,-4.66536e6,2.33012e6,-5.84475e-9
1529115240,29625596.23894819,25248125.196617167,4377.471,3.96342e14,0.5667,-4.65264e6,2.33313e6,-5.85231e-9
1529115270,29609007.74795589,25231322.662150834,4377.685,3.96432e14,0.5441,-4.65910e6,2.33610e6,-5.85977e-9
1529115300,29592386.07876019,25214564.258503083,4377.822,3.97063e14,0.3858,-4.66866e6,2.33903e6,-5.86714e-9
1529115330,29575731.405394796,25197850.44884046,4377.881,4.02843e14,1.0643,-4.70840e6,2.34193e6,-5.87442e-9
1529115360,29559043.902917687,25181181.696828138,4377.862,4.00681e14,0.5218,-4.70144e6,2.34479e6,-5.88160e-9
1529115390,29542323.747376896,25164558.46660512,4377.765,3.99305e14,0.1767,-4.69899e6,2.34761e6,-5.88869e-9
1529115420,29525571.115827244,25147981.222765688,4377.590,4.01578e14,0.7470,-4.71797e6,2.35040e6,-5.89568e-9
1529115450,29508786.18633457,25131450.43033895,4377.336,4.00199e14,0.4011,-4.71534e6,2.35314e6,-5.90257e-9
1529115480,29491969.137979995,25114966.554768097,4377.003,3.97830e14,0.1932,-4.70677e6,2.35584e6,-5.90936e-9
1529115510,29475120.150864292,25098530.061889447,4376.590,3.99839e14,0.3108,-4.72398e6,2.35851e6,-5.91605e-9
1529115540,29458239.40611198,25082141.41791129,4376.098,4.00516e14,0.4806,-4.73325e6,2.36113e6,-5.92264e-9
1529115570,29441327.085875783,25065801.08939233,4375.526,3.98999e14,0.0999,-4.72943e6,2.36372e6,-5.92913e-9
1529115600,29424383.373340756,25049509.54321994,4374.874,3.96137e14,0.6181,-4.71754e6,2.36626e6,-5.93552e-9
1529115630,29407408.452743344,25033267.246569328,4374.141,3.93226e14,1.3484,-4.70523e6,2.36876e6,-5.94181e-9
1529115660,29390402.509330537,25017074.66693952,4373.328,3.97629e14,0.2437,-4.73631e6,2.37122e6,-5.94799e-9
1529115690,29373365.72940923,25000932.27207245,4372.433,4.01165e14,0.6434,-4.76220e6,2.37364e6,-5.95406e-9
1529115720,29356298.300336126,24984840.529948942,4371.458,4.02986e14,1.1001,-4.77782e6,2.37601e6,-5.96003e-9
1529115750,29339200.410522114,24968799.908765595,4370.401,3.99901e14,0.3263,-4.76411e6,2.37834e6,-5.96589e-9
1529115780,29322072.249436766,24952810.876911327,4369.261,3.93612e14,1.2515,-4.73114e6,2.38063e6,-5.97164e-9
1529115810,29304914.00761271,24936873.902943805,4368.040,3.95174e14,0.8597,-4.74495e6,2.38288e6,-5.97729e-9
1529115840,29287725.876650177,24920989.455565497,4366.736,3.98287e14,0.0786,-4.76796e6,2.38508e6,-5.98282e-9
1529115870,29270508.04922131,24905158.003599633,4365.350,3.97075e14,0.3826,-4.76502e6,2.38724e6,-5.98824e-9
1529115900,29253260.71907472,24889380.0159658,4363.881,4.00197e14,0.4004,-4.78795e6,2.38935e6,-5.99356e-9
1529115930,29235984.081022374,24873655.961687855,4362.328,4.05712e14,1.7840,-4.82518e6,2.39142e6,-5.99875e-9
1529115960,29218678.330997877,24857986.30976913,4360.692,4.03122e14,1.1343,-4.81372e6,2.39344e6,-6.00384e-9
1529115990,29201343.66600709,24842371.52926772,4358.972,4.02246e14,0.9147,-4.81244e6,2.39542e6,-6.00881e-9
1529116020,29183980.284149773,24826812.08923899,4357.168,3.98682e14,0.0205,-4.79489e6,2.39735e6,-6.01366e-9
1529116050,29166588.384623896,24811308.458710395,4355.280,3.98397e14,0.0511,-4.79694e6,2.39923e6,-6.01840e-9
1529116080,29149168.167729937,24795861.10665595,4353.307,4.00773e14,0.5451,-4.81493e6,2.40107e6,-6.02301e-9
1529116110,29131719.83487514,24780470.501970615,4351.249,3.97577e14,0.2568,-4.79926e6,2.40286e6,-6.02751e-9
1529116140,29114243.58857781,24765137.11344431,4349.106,4.00089e14,0.3734,-4.81789e6,2.40460e6,-6.03190e-9
1529116170,29096739.632471558,24749861.409735788,4346.878,4.02042e14,0.8633,-4.83308e6,2.40629e6,-6.03615e-9
1529116200,29079208.171309646,24734643.859346166,4344.564,3.97405e14,0.2998,-4.80838e6,2.40794e6,-6.04029e-9
1529116230,29061649.410991363,24719484.93055845,4342.164,3.96468e14,0.5349,-4.80591e6,2.40953e6,-6.04431e-9
1529116260,29044063.55849805,24704385.091515187,4339.678,3.99577e14,0.2449,-4.82780e6,2.41108e6,-6.04820e-9
1529116290,29026450.821965754,24689344.810086332,4337.106,3.95130e14,0.8707,-4.80389e6,2.41257e6,-6.05197e-9
1529116320,29008811.410667606,24674364.553875603,4334.447,3.95007e14,0.9016,-4.80603e6,2.41402e6,-6.05561e-9
1529116350,28991145.53501819,24659444.790192626,4331.701,3.96538e14,0.5174,-4.81809e6,2.41542e6,-6.05912e-9
1529116380,28973453.40657802,24644585.986024834,4328.867,3.99730e14,0.2834,-4.84013e6,2.41676e6,-6.06251e-9
1529116410,28955735.238058038,24629788.60800918,4325.947,3.99956e14,0.3400,-4.84409e6,2.41805e6,-6.06577e-9
1529116440,28937991.243323874,24615053.12240353,4322.938,3.93966e14,1.1627,-4.81024e6,2.41930e6,-6.06890e-9
1529116470,28920221.637400392,24600379.995057918,4319.842,3.98055e14,0.1368,-4.83744e6,2.42049e6,-6.07190e-9
1529116500,28902426.636475973,24585769.69138561,4316.657,4.04153e14,1.3929,-4.87675e6,2.42162e6,-6.07476e-9
1529116530,28884606.45787937,24571222.67636079,4313.384,4.01129e14,0.6345,-4.86057e6,2.42271e6,-6.07750e-9
1529116560,28866761.320169028,24556739.414406054,4310.022,3.99078e14,0.1197,-4.85017e6,2.42374e6,-6.08010e-9
1529116590,28848891.443052247,24542320.36944644,4306.571,4.00549e14,0.4889,-4.86108e6,2.42472e6,-6.08257e-9
1529116620,28830997.047416758,24527966.00485273,4303.031,3.95882e14,0.6819,-4.83454e6,2.42564e6,-6.08490e-9
1529116650,28813078.355334885,24513676.78341169,4299.402,3.96579e14,0.5072,-4.84052e6,2.42651e6,-6.08709e-9
1529116680,28795135.59006752,24499453.167296093,4295.682,4.01292e14,0.6752,-4.87085e6,2.42732e6,-6.08915e-9
1529116710,28777168.976068277,24485295.618034616,4291.873,3.97567e14,0.2593,-4.84969e6,2.42808e6,-6.09107e-9
1529116740,28759178.7389874,24471204.596481435,4287.974,3.98584e14,0.0041,-4.85730e6,2.42879e6,-6.09285e-9
1529116770,28741165.105675865,24457180.562785685,4283.985,3.98106e14,0.1240,-4.85569e6,2.42943e6,-6.09449e-9
1529116800,28723128.3041894,24443223.97636078,4279.904,3.99678e14,0.2703,-4.86645e6,2.43002e6,-6.09598e-9
1529116830,28705068.563820854,24429335.295840643,4275.733,4.00625e14,0.5080,-4.87331e6,2.43056e6,-6.09734e-9
1529116860,28686986.11501673,24415514.979088165,4271.471,3.95626e14,0.7462,-4.84378e6,2.43103e6,-6.09855e-9
1529116890,28668881.189468894,24401763.483124,4267.118,3.95754e14,0.7142,-4.84540e6,2.43145e6,-6.09962e-9
1529116920,28650754.02009044,24388081.264107954,4262.673,4.02371e14,0.9459,-4.88649e6,2.43182e6,-6.10054e-9
1529116950,28632604.84101987,24374468.777307194,4258.136,4.04626e14,1.5116,-4.90087e6,2.43212e6,-6.10132e-9
1529116980,28614433.88762533,24360926.477064293,4253.507,4.03044e14,1.1147,-4.89171e6,2.43236e6,-6.10194e-9
1529117010,28596241.39650886,24347454.816765085,4248.787,4.05164e14,1.6466,-4.90503e6,2.43255e6,-6.10242e-9
1529117040,28578027.60551051,24334054.248806346,4243.973,4.01361e14,0.6925,-4.88208e6,2.43267e6,-6.10275e-9
1529117070,28559792.753712557,24320725.224563345,4239.068,3.97997e14,0.1513,-4.86169e6,2.43274e6,-6.10294e-9
1529117100,28541537.081443664,24307468.194357164,4234.069,3.99423e14,0.2064,-4.87041e6,2.43274e6,-6.10296e-9
1529117130,28523260.83026284,24294283.60741635,4228.977,3.98615e14,0.0037,-4.86537e6,2.43269e6,-6.10284e-9
1529117160,28504964.243025567,24281171.91186111,4223.792,3.98025e14,0.1443,-4.86155e6,2.43257e6,-6.10256e-9
1529117190,28486647.563825764,24268133.554653075,4218.514,3.99655e14,0.2646,-4.87114e6,2.43239e6,-6.10213e-9
1529117220,28468311.038019747,24255168.981567603,4213.142,4.00261e14,0.4166,-4.87436e6,2.43215e6,-6.10155e-9
1529117250,28449954.912230067,24242278.637160286,4207.676,3.97108e14,0.3744,-4.85453e6,2.43185e6,-6.10081e-9
1529117280,28431579.43434926,24229462.964733455,4202.116,3.97314e14,0.3228,-4.85506e6,2.43148e6,-6.09991e-9
1529117310,28413184.853543725,24216722.406302523,4196.462,4.02830e14,1.0610,-4.88785e6,2.43106e6,-6.09885e-9
1529117340,28394771.42025732,24204057.40256215,4190.714,4.00565e14,0.4929,-4.87306e6,2.43056e6,-6.09764e-9
1529117370,28376339.386215128,24191468.392852403,4184.871,3.98115e14,0.1217,-4.85702e6,2.43001e6,-6.09626e-9
1529117400,28357889.004427094,24178955.81512472,4178.933,3.98024e14,0.1446,-4.85523e6,2.42939e6,-6.09472e-9
1529117430,28339420.529195588,24166520.10593009,4172.900,3.98675e14,0.0187,-4.85784e6,2.42870e6,-6.09302e-9
1529117460,28320934.216106936,24154161.70031616,4166.773,3.99671e14,0.2685,-4.86241e6,2.42795e6,-6.09116e-9
1529117490,28302430.322046973,24141881.031861883,4160.549,3.98571e14,0.0074,-4.85410e6,2.42714e6,-6.08914e-9
1529117520,28283909.10520075,24129678.532620974,4154.231,3.99717e14,0.2802,-4.85932e6,2.42626e6,-6.08695e-9
1529117550,28265370.82505607,24117554.633087624,4147.816,3.95459e14,0.7882,-4.83152e6,2.42531e6,-6.08459e-9
1529117580,28246815.74240702,24105509.76216203,4141.306,3.90482e14,2.0367,-4.79924e6,2.42430e6,-6.08207e-9
1529117610,28228244.11935753,24093544.347115975,4134.700,3.96148e14,0.6153,-4.83156e6,2.42322e6,-6.07938e-9
1529117640,28209656.21932471,24081658.81355822,4127.997,3.98355e14,0.0615,-4.84269e6,2.42208e6,-6.07652e-9
1529117670,28191052.30704245,24069853.585399866,4121.199,3.97884e14,0.1798,-4.83741e6,2.42086e6,-6.07350e-9
1529117700,28172432.648564763,24058129.084819537,4114.304,3.96844e14,0.4406,-4.82854e6,2.41958e6,-6.07030e-9
1529117730,28153797.51128339,24046485.732203174,4107.312,3.99414e14,0.2040,-4.84144e6,2.41823e6,-6.06693e-9
1529117760,28135147.16388739,24034923.94618781,4100.223,4.02732e14,1.0365,-4.85873e6,2.41681e6,-6.06339e-9
1529117790,28116481.876410503,24023444.14354746,4093.038,3.99056e14,0.1143,-4.83347e6,2.41532e6,-6.05968e-9
1529117820,28097801.920220293,24012046.73918351,4085.755,3.98052e14,0.1376,-4.82428e6,2.41376e6,-6.05579e-9
1529117850,28079107.568021547,24000732.146089472,4078.375,3.98195e14,0.1016,-4.82191e6,2.41214e6,-6.05173e-9
1529117880,28060399.09385956,23989500.77531568,4070.898,3.99163e14,0.1412,-4.82438e6,2.41044e6,-6.04749e-9
1529117910,28041676.773123454,23978353.035933897,4063.324,4.01211e14,0.6550,-4.83322e6,2.40867e6,-6.04308e-9
1529117940,28022940.882549405,23967289.335001938,4055.652,3.98559e14,0.0104,-4.81353e6,2.40684e6,-6.03849e-9
1529117970,28004191.70022383,23956310.07752826,4047.882,3.94987e14,0.9066,-4.78816e6,2.40493e6,-6.03372e-9
1529118000,27985429.505586434,23945415.666436512,4040.014,3.98529e14,0.0178,-4.80559e6,2.40295e6,-6.02877e-9
1529118030,27966654.57940588,23934606.502543468,4032.048,4.00292e14,0.4244,-4.81211e6,2.40089e6,-6.02364e-9
1529118060,27947867.203867592,23923882.984482255,4023.984,3.97033e14,0.3932,-4.78824e6,2.39877e6,-6.01833e-9
1529118090,27929067.66249145,23913245.50870867,4015.822,3.96897e14,0.4273,-4.78305e6,2.39657e6,-6.01284e-9
1529118120,27910256.240162123,23902694.469452266,4007.562,3.99945e14,0.3374,-4.79684e6,2.39430e6,-6.00716e-9
1529118150,27891433.223131616,23892230.25868115,3999.203,3.99028e14,0.1073,-4.78665e6,2.39196e6,-6.00131e-9
1529118180,27872598.899021868,23881853.266066693,3990.746,3.96135e14,0.6185,-4.76448e6,2.38954e6,-5.99527e-9
1529118210,27853753.556827236,23871563.87894836,3982.190,3.94332e14,1.0709,-4.74872e6,2.38705e6,-5.98904e-9
1529118240,27834897.486916978,23861362.48229854,3973.535,3.96793e14,0.4534,-4.75836e6,2.38449e6,-5.98263e-9
1529118270,27816030.98103758,23851249.45868739,3964.782,3.98323e14,0.0697,-4.76224e6,2.38185e6,-5.97603e-9
1529118300,27797154.332315214,23841225.18824783,3955.929,3.99535e14,0.2343,-4.76406e6,2.37914e6,-5.96925e-9
1529118330,27778267.83528943,23831290.048645698,3946.978,4.00930e14,0.5845,-4.76681e6,2.37635e6,-5.96227e-9
1529118360,27759371.78581837,23821444.415028825,3937.927,3.96305e14,0.5759,-4.73353e6,2.37349e6,-5.95511e-9
1529118390,27740466.481178533,23811688.6600081,3928.778,4.00321e14,0.4318,-4.75157e6,2.37055e6,-5.94776e-9
1529118420,27721552.220035553,23802023.15361756,3919.529,4.02886e14,1.0751,-4.76077e6,2.36754e6,-5.94022e-9
1529118450,27702629.302446604,23792448.26327969,3910.181,4.00566e14,0.4931,-4.74080e6,2.36445e6,-5.93249e-9
1529118480,27683698.02986265,23782964.35377079,3900.734,4.00895e14,0.5756,-4.73640e6,2.36128e6,-5.92456e-9
1529118510,27664758.705130808,23773571.787186448,3891.187,3.98402e14,0.0499,-4.71516e6,2.35803e6,-5.91644e-9
1529118540,27645811.63249643,23764270.922907088,3881.541,3.99869e14,0.3184,-4.71720e6,2.35471e6,-5.90813e-9
1529118570,27626857.117605306,23755062.117563594,3871.795,3.99833e14,0.3093,-4.71018e6,2.35132e6,-5.89963e-9
1529118600,27607895.46750565,23745945.7250031,3861.950,3.96901e14,0.4264,-4.68595e6,2.34784e6,-5.89093e-9
1529118630,27588926.99062315,23736922.096238203,3852.005,3.97021e14,0.3963,-4.67957e6,2.34429e6,-5.88204e-9
1529118660,27569951.996846184,23727991.57946419,3841.960,3.99199e14,0.1502,-4.68513e6,2.34065e6,-5.87294e-9
1529118690,27550970.797443863,23719154.519973617,3831.816,4.00153e14,0.3894,-4.68330e6,2.33694e6,-5.86366e-9
1529118720,27531983.705094717,23710411.260139104,3821.572,3.99400e14,0.2007,-4.67131e6,2.33315e6,-5.85417e-9
1529118750,27512991.033888146,23701762.139379542,3811.229,3.96262e14,0.5866,-4.64524e6,2.32929e6,-5.84449e-9
1529118780,27493993.099325787,23693207.49412648,3800.786,3.95768e14,0.7106,-4.63449e6,2.32534e6,-5.83461e-9
1529118810,27474990.218322843,23684747.65779068,3790.243,3.97414e14,0.2976,-4.63606e6,2.32131e6,-5.82453e-9
1529118840,27455982.70920926,23676382.960728817,3779.600,3.97889e14,0.1786,-4.63063e6,2.31721e6,-5.81425e-9
1529118870,27436970.891730882,23668113.730210353,3768.857,4.01834e14,0.8111,-4.64517e6,2.31302e6,-5.80377e-9
1529118900,27417955.087050535,23659940.290384594,3758.015,3.99768e14,0.2930,-4.62465e6,2.30875e6,-5.79308e-9
1529118930,27398935.617769595,23651862.962263647,3747.073,3.99354e14,0.1889,-4.61355e6,2.30441e6,-5.78220e-9
1529118960,27379912.80786515,23643882.063641425,3736.031,3.99599e14,0.2505,-4.60611e6,2.29998e6,-5.77111e-9
1529118990,27360886.98275504,23635997.90911006,3724.889,3.98168e14,0.1085,-4.58885e6,2.29547e6,-5.75982e-9
1529119020,27341858.469277907,23628210.810012158,3713.648,3.99592e14,0.2488,-4.58787e6,2.29088e6,-5.74833e-9
1529119050,27322827.595694046,23620521.07440893,3702.307,4.00816e14,0.5559,-4.58555e6,2.28621e6,-5.73664e-9
1529119080,27303794.69168611,23612929.007048704,3690.866,4.00991e14,0.5997,-4.57703e6,2.28146e6,-5.72473e-9
1529119110,27284760.08835982,23605434.909335595,3679.325,4.02060e14,0.8680,-4.57345e6,2.27663e6,-5.71263e-9
1529119140,27265724.118244424,23598039.07929848,3667.685,4.01274e14,0.6708,-4.55910e6,2.27171e6,-5.70032e-9
1529119170,27246687.115293253,23590741.811560083,3655.945,4.01154e14,0.6405,-4.54839e6,2.26671e6,-5.68780e-9
1529119200,27227649.414884027,23583543.397306435,3644.106,4.04590e14,1.5027,-4.55771e6,2.26163e6,-5.67508e-9
1529119230,27208611.353800297,23576444.12424863,3632.167,4.01794e14,0.8013,-4.53149e6,2.25647e6,-5.66215e-9
1529119260,27189573.270289827,23569444.276617162,3620.129,3.96392e14,0.5540,-4.49045e6,2.25123e6,-5.64901e-9
1529119290,27170535.50400608,23562544.13510757,3607.991,3.94247e14,1.0922,-4.46774e6,2.24590e6,-5.63566e-9
1529119320,27151498.39602694,23555743.976858772,3595.754,3.95336e14,0.8189,-4.46311e6,2.24049e6,-5.62211e-9
1529119350,27132462.28885455,23549044.075423747,3583.418,3.98752e14,0.0381,-4.47133e6,2.23499e6,-5.60835e-9
1529119380,27113427.52641481,23542444.700740498,3570.983,4.00330e14,0.4338,-4.46901e6,2.22942e6,-5.59438e-9
1529119410,27094394.45405697,23535946.119103268,3558.448,3.99222e14,0.1560,-4.45149e6,2.22376e6,-5.58020e-9
1529119440,27075363.418552954,23529548.593134094,3545.815,3.95402e14,0.8025,-4.41874e6,2.21801e6,-5.56581e-9
1529119470,27056334.768096745,23523252.381754637,3533.082,3.93347e14,1.3179,-4.39574e6,2.21218e6,-5.55121e-9
1529119500,27037308.852303516,23517057.740158323,3520.251,3.98176e14,0.1065,-4.41073e6,2.20627e6,-5.53640e-9
1529119530,27018286.022230055,23510964.9197845,3507.321,3.98150e14,0.1130,-4.39861e6,2.20028e6,-5.52138e-9
1529119560,26999266.630308107,23504974.168286182,3494.292,3.98265e14,0.0841,-4.38710e6,2.19420e6,-5.50614e-9
1529119590,26980251.030409265,23499085.72950808,3481.165,4.00517e14,0.4809,-4.38715e6,2.18803e6,-5.49070e-9
1529119620,26961239.577822566,23493299.84345855,3467.940,3.99926e14,0.3325,-4.37140e6,2.18179e6,-5.47504e-9
1529119650,26942232.62925331,23487616.746283405,3454.616,3.98039e14,0.1409,-4.34842e6,2.17545e6,-5.45918e-9
1529119680,26923230.54282177,23482036.670240078,3441.194,3.97849e14,0.1885,-4.33457e6,2.16904e6,-5.44310e-9
1529119710,26904233.678061865,23476559.843672253,3427.674,3.98166e14,0.1089,-4.32331e6,2.16254e6,-5.42681e-9
1529119740,26885242.395919632,23471186.490984622,3414.056,3.98045e14,0.1392,-4.30950e6,2.15595e6,-5.41030e-9
1529119770,26866257.058751572,23465916.83261832,3400.340,3.98929e14,0.0824,-4.30094e6,2.14928e6,-5.39359e-9
1529119800,26847278.030322865,23460751.085026473,3386.527,4.00389e14,0.4488,-4.29528e6,2.14252e6,-5.37666e-9
1529119830,26828305.675783683,23455689.460646987,3372.616,3.99961e14,0.3413,-4.27928e6,2.13568e6,-5.35951e-9
1529119860,26809340.361734603,23450732.167889055,3358.608,4.01930e14,0.8353,-4.27593e6,2.12876e6,-5.34216e-9
1529119890,26790382.45615659,23445879.411100063,3344.503,4.02953e14,1.0919,-4.26730e6,2.12175e6,-5.32459e-9
1529119920,26771432.328430507,23441131.390545998,3330.301,3.99726e14,0.2823,-4.23592e6,2.11465e6,-5.30681e-9
1529119950,26752490.34933451,23436488.302389003,3316.002,3.97814e14,0.1973,-4.21143e6,2.10747e6,-5.28881e-9
1529119980,26733556.891041264,23431950.338665426,3301.607,3.96205e14,0.6011,-4.18844e6,2.10020e6,-5.27060e-9
1529120010,26714632.327115085,23427517.68726425,3287.115,3.98959e14,0.0899,-4.18825e6,2.09285e6,-5.25218e-9
1529120040,26695717.03250887,23423190.531905953,3272.527,3.98678e14,0.0195,-4.17191e6,2.08542e6,-5.23354e-9
1529120070,26676811.38356098,23418969.052121777,3257.842,3.99548e14,0.2376,-4.16141e6,2.07789e6,-5.21469e-9
1529120100,26657915.757991888,23414853.423233453,3243.062,4.00668e14,0.5188,-4.15201e6,2.07029e6,-5.19562e-9
1529120130,26639030.534917355,23410843.81634407,3228.187,3.98114e14,0.1221,-4.12337e6,2.06260e6,-5.17634e-9
1529120160,26620156.094793633,23406940.398285817,3213.216,3.96693e14,0.4785,-4.10051e6,2.05482e6,-5.15685e-9
1529120190,26601292.819465242,23403143.331633735,3198.149,4.00405e14,0.4527,-4.10390e6,2.04696e6,-5.13714e-9
1529120220,26582441.09214456,23399452.774676792,3182.988,4.02410e14,0.9557,-4.09823e6,2.03901e6,-5.11722e-9
1529120250,26563601.29740802,23395868.881399855,3167.732,3.96114e14,0.6239,-4.05001e6,2.03098e6,-5.09709e-9
1529120280,26544773.82119201,23392391.801466264,3152.382,3.98088e14,0.1286,-4.04385e6,2.02286e6,-5.07674e-9
1529120310,26525959.0507888,23389021.68020068,3136.937,3.99165e14,0.1417,-4.03291e6,2.01466e6,-5.05618e-9
1529120340,26507157.374842267,23385758.65857262,3121.399,3.97842e14,0.1902,-4.00967e6,2.00637e6,-5.03541e-9
1529120370,26488369.183343377,23382602.873180263,3105.766,3.95764e14,0.7116,-3.98253e6,1.99800e6,-5.01442e-9
1529120400,26469594.86762564,23379554.45623482,3090.040,3.94832e14,0.9453,-3.96103e6,1.98954e6,-4.99322e-9
1529120430,26450834.82035323,23376613.53552431,3074.221,3.97884e14,0.1797,-3.95920e6,1.98100e6,-4.97181e-9
1529120460,26432089.43553801,23373780.234463833,3058.309,4.00282e14,0.4218,-3.95384e6,1.97237e6,-4.95018e-9
1529120490,26413359.108512413,23371054.672016304,3042.304,4.04062e14,1.3702,-3.95502e6,1.96366e6,-4.92834e-9
1529120520,26394644.235931262,23368436.962699592,3026.207,3.98937e14,0.0845,-3.91217e6,1.95487e6,-4.90629e-9
1529120550,26375945.215766314,23365927.216573168,3010.018,4.00767e14,0.5436,-3.90335e6,1.94599e6,-4.88403e-9
1529120580,26357262.44730057,23363525.539225224,2993.737,4.00621e14,0.5069,-3.88466e6,1.93702e6,-4.86155e-9
1529120610,26338596.33112252,23361232.03176028,2977.364,3.94316e14,1.0748,-3.83602e6,1.92798e6,-4.83887e-9
1529120640,26319947.269120093,23359046.79078735,2960.900,3.97976e14,0.1566,-3.83548e6,1.91884e6,-4.81597e-9
1529120670,26301315.664474484,23356969.908408567,2944.346,3.98893e14,0.0733,-3.82146e6,1.90963e6,-4.79286e-9
1529120700,26282701.92165382,23355001.472208366,2927.700,4.00992e14,0.6001,-3.81288e6,1.90033e6,-4.76954e-9
1529120730,26264106.446404286,23353141.565270606,2910.965,3.96311e14,0.5744,-3.77184e6,1.89094e6,-4.74601e-9
1529120760,26245529.645750728,23351390.266084258,2894.139,3.93778e14,1.2098,-3.74100e6,1.88147e6,-4.72228e-9
1529120790,26226971.927982364,23349747.64861894,2877.224,3.98262e14,0.0849,-3.74309e6,1.87192e6,-4.69833e-9
1529120820,26208433.702648077,23348213.78228899,2860.220,3.95710e14,0.7253,-3.71190e6,1.86229e6,-4.67417e-9
1529120850,26189915.38054925,23346788.73194549,2843.127,3.94937e14,0.9190,-3.68895e6,1.85257e6,-4.64981e-9
1529120880,26171417.373732228,23345472.557868835,2825.945,3.98558e14,0.0106,-3.68620e6,1.84277e6,-4.62523e-9
1529120910,26152940.095480826,23344265.315761812,2808.675,3.99369e14,0.1927,-3.67017e6,1.83289e6,-4.60045e-9
1529120940,26134483.96030841,23343167.05674326,2791.317,3.93912e14,1.1762,-3.62526e6,1.82293e6,-4.57547e-9
1529120970,26116049.383950043,23342177.82734217,2773.872,3.92746e14,1.4686,-3.59998e6,1.81288e6,-4.55027e-9
1529121000,26097636.783354238,23341297.669492386,2756.339,3.99377e14,0.1948,-3.60988e6,1.80275e6,-4.52487e-9
1529121030,26079246.576685857,23340526.620497864,2738.720,3.94997e14,0.9040,-3.56974e6,1.79254e6,-4.49927e-9
1529121060,26060879.183283046,23339864.71312075,2721.014,3.91845e14,1.6948,-3.53515e6,1.78225e6,-4.47346e-9
1529121090,26042535.023683276,23339311.975484982,2703.223,4.01511e14,0.7303,-3.55757e6,1.77187e6,-4.44744e-9
1529121120,26024214.519603197,23338868.431102846,2685.346,4.03032e14,1.1119,-3.54332e6,1.76142e6,-4.42123e-9
1529121150,26005918.09392967,23338534.098872058,2667.384,4.01566e14,0.7439,-3.51569e6,1.75088e6,-4.39481e-9
1529121180,25987646.17071051,23338308.993073348,2649.337,4.02166e14,0.8945,-3.49700e6,1.74027e6,-4.36818e-9
1529121210,25969399.175145127,23338193.12336866,2631.206,3.97463e14,0.2853,-3.45510e6,1.72957e6,-4.34136e-9
1529121240,25951177.533574842,23338186.494799837,2612.991,3.95678e14,0.7333,-3.42588e6,1.71880e6,-4.31433e-9
1529121270,25932981.673473045,23338289.107787803,2594.693,3.97639e14,0.2412,-3.41266e6,1.70794e6,-4.28711e-9
1529121300,25914812.023435175,23338500.95813243,2576.311,3.97365e14,0.3100,-3.38965e6,1.69701e6,-4.25968e-9
1529121330,25896669.013148267,23338822.037040982,2557.847,3.98066e14,0.1340,-3.37063e6,1.68599e6,-4.23206e-9
1529121360,25878553.073442645,23339252.331042226,2539.301,3.98980e14,0.0953,-3.35231e6,1.67490e6,-4.20424e-9
1529121390,25860464.63621886,23339791.822074886,2520.673,3.98555e14,0.0115,-3.32818e6,1.66373e6,-4.17622e-9
1529121420,25842404.134456757,23340440.487461656,2501.964,3.91912e14,1.6781,-3.27813e6,1.65248e6,-4.14800e-9
1529121450,25824372.00220419,23341198.29991201,2483.174,3.92191e14,1.6081,-3.25681e6,1.64115e6,-4.11959e-9
1529121480,25806368.67456557,23342065.22752546,2464.303,4.01378e14,0.6969,-3.27178e6,1.62974e6,-4.09099e-9
1529121510,25788394.58769015,23343041.23379545,2445.353,4.04869e14,1.5728,-3.26292e6,1.61826e6,-4.06219e-9
1529121540,25770450.178759996,23344126.277613718,2426.324,3.99330e14,0.1831,-3.21728e6,1.60670e6,-4.03319e-9
1529121570,25752535.885977987,23345320.313275293,2407.216,3.96130e14,0.6197,-3.18118e6,1.59507e6,-4.00401e-9
1529121600,25734652.14855536,23346623.290483844,2388.029,4.02799e14,1.0534,-3.18434e6,1.58336e6,-3.97463e-9
1529121630,25716799.406727172,23348035.154329818,2368.764,4.04013e14,1.3580,-3.16543e6,1.57157e6,-3.94507e-9
1529121660,25698978.101653304,23349555.845383048,2349.422,3.93791e14,1.2067,-3.10152e6,1.55971e6,-3.91531e-9
1529121690,25681188.675491925,23351185.299613524,2330.003,3.91222e14,1.8511,-3.06781e6,1.54777e6,-3.88537e-9
1529121720,25663431.571358606,23352923.44842668,2310.508,3.97662e14,0.2355,-3.06884e6,1.53576e6,-3.85524e-9
1529121750,25645707.233313072,23354770.21867122,2290.937,3.97330e14,0.3186,-3.04343e6,1.52367e6,-3.82492e-9
1529121780,25628016.106345765,23356725.532647558,2271.291,3.90081e14,2.1374,-2.99164e6,1.51151e6,-3.79442e-9
1529121810,25610358.63636424,23358789.30811668,2251.569,3.93562e14,1.2641,-2.98054e6,1.49928e6,-3.76374e-9
1529121840,25592735.27017929,23360961.458309636,2231.774,4.02156e14,0.8921,-2.98817e6,1.48697e6,-3.73287e-9
1529121870,25575146.455490857,23363241.891937442,2211.905,4.00662e14,0.5171,-2.95777e6,1.47460e6,-3.70182e-9
1529121900,25557592.640873604,23365630.513201583,2191.962,3.97476e14,0.2821,-2.92112e6,1.46215e6,-3.67059e-9
1529121930,25540074.27573334,23368127.221833717,2171.947,3.95716e14,0.7235,-2.88971e6,1.44962e6,-3.63918e-9
1529121960,25522591.810381882,23370731.91301876,2151.860,4.07172e14,2.1503,-2.90594e6,1.43703e6,-3.60759e-9
1529121990,25505145.69593195,23373444.477495473,2131.701,4.07663e14,2.2735,-2.88210e6,1.42437e6,-3.57582e-9
1529122020,25487736.384310726,23376264.801540565,2111.472,3.96116e14,0.6233,-2.81542e6,1.41164e6,-3.54388e-9
1529122050,25470364.328244112,23379192.766982,2091.172,3.97244e14,0.3402,-2.79386e6,1.39883e6,-3.51176e-9
1529122080,25453029.981240667,23382228.251212735,2070.802,3.98006e14,0.1491,-2.77081e6,1.38596e6,-3.47947e-9
1529122110,25435733.797575347,23385371.127205007,2050.363,3.92407e14,1.5538,-2.72565e6,1.37302e6,-3.44701e-9
1529122140,25418476.23227295,23388621.263525087,2029.855,3.96822e14,0.4463,-2.71491e6,1.36001e6,-3.41437e-9
1529122170,25401257.741091385,23391978.52434851,2009.279,4.07013e14,2.1106,-2.72328e6,1.34694e6,-3.38157e-9
1529127480,23392391.801466264,25399423.226647295,2007.031,4.01180e14,0.6472,2.70118e6,-1.34600e6,3.37797e-9
1529127510,23389021.68020068,25416639.47375297,2027.618,3.98350e14,0.0629,2.71777e6,-1.35908e6,3.41080e-9
1529127540,23385758.65857262,25433894.85435668,2048.136,3.98405e14,0.0490,2.74398e6,-1.37209e6,3.44346e-9
1529127570,23382602.873180263,25451188.912420522,2068.586,3.99239e14,0.1602,2.77276e6,-1.38503e6,3.47594e-9
1529127600,23379554.45623482,25468521.192637462,2088.967,3.95839e14,0.6927,2.78661e6,-1.39790e6,3.50826e-9
1529127630,23376613.53552431,25485891.240475196,2109.278,3.96110e14,0.6247,2.81309e6,-1.41070e6,3.54040e-9
1529127660,23373780.234463833,25503298.602108072,2129.518,4.06465e14,1.9730,2.87548e6,-1.42344e6,3.57237e-9
1529127690,23371054.672016304,25520742.82451795,2149.688,4.03603e14,1.2550,2.89075e6,-1.43610e6,3.60416e-9
1529127720,23368436.962699592,25538223.455482837,2169.786,3.91913e14,1.6778,2.87360e6,-1.44869e6,3.63577e-9
1529127750,23365927.216573168,25555740.04359278,2189.813,4.00278e14,0.4209,2.92912e6,-1.46122e6,3.66721e-9
1529127780,23363525.539225224,25573292.13826548,2209.767,4.01107e14,0.6287,2.95714e6,-1.47367e6,3.69846e-9
1529127810,23361232.03176028,25590879.289761744,2229.647,3.97463e14,0.2854,2.96840e6,-1.48605e6,3.72954e-9
1529127840,23359046.79078735,25608501.049200617,2249.454,3.96448e14,0.5399,2.98917e6,-1.49835e6,3.76043e-9
1529127870,23356969.908408567,25626156.968574308,2269.187,3.95237e14,0.8437,3.00899e6,-1.51059e6,3.79114e-9
1529127900,23355001.472208366,25643846.600762893,2288.845,4.02613e14,1.0067,3.06140e6,-1.52275e6,3.82167e-9
1529127930,23353141.565270606,25661569.49951496,2308.428,3.97634e14,0.2425,3.06652e6,-1.53483e6,3.85201e-9
1529127960,23351390.266084258,25679325.219565894,2327.935,3.96638e14,0.4924,3.08666e6,-1.54685e6,3.88217e-9
1529127990,23349747.64861894,25697113.31654762,2347.366,3.99566e14,0.2422,3.12194e6,-1.55878e6,3.91214e-9
1529128020,23348213.78228899,25714933.347035654,2366.720,3.96791e14,0.4539,3.13477e6,-1.57065e6,3.94192e-9
1529128050,23346788.73194549,25732784.868562434,2385.996,3.95227e14,0.8463,3.15208e6,-1.58244e6,3.97151e-9
1529128080,23345472.557868835,25750667.439630285,2405.195,3.99654e14,0.2643,3.19313e6,-1.59415e6,4.00091e-9
1529128110,23344265.315761812,25768580.619724177,2424.315,4.00024e14,0.3572,3.21793e6,-1.60578e6,4.03012e-9
1529128140,23343167.05674326,25786523.969324242,2443.357,3.95167e14,0.8613,3.22139e6,-1.61734e6,4.05914e-9
1529128170,23342177.82734217,25804497.049918156,2462.319,3.96080e14,0.6322,3.24799e6,-1.62883e6,4.08797e-9
1529128200,23341297.669492386,25822499.42401316,2481.202,3.99099e14,0.1250,3.28316e6,-1.64023e6,4.11660e-9
1529128230,23340526.620497864,25840530.65518657,2500.004,3.96644e14,0.4907,3.29567e6,-1.65156e6,4.14504e-9
1529128260,23339864.71312075,25858590.307978813,2518.726,3.95278e14,0.8335,3.31242e6,-1.66281e6,4.17328e-9
1529128290,23339311.975484982,25876677.948023733,2537.366,4.02376e14,0.9472,3.36450e6,-1.67399e6,4.20133e-9
1529128320,23338868.431102846,25894793.142021738,2555.925,4.00469e14,0.4687,3.37873e6,-1.68508e6,4.22918e-9
1529128350,23338534.098872058,25912935.457751255,2574.401,3.97531e14,0.2683,3.38832e6,-1.69610e6,4.25683e-9
1529128380,23338308.993073348,25931104.464079853,2592.795,3.97935e14,0.1670,3.41190e6,-1.70703e6,4.28428e-9
1529128410,23338193.12336866,25949299.73097529,2611.107,3.95238e14,0.8436,3.42197e6,-1.71789e6,4.31153e-9
1529128440,23338186.494799837,25967520.829516266,2629.334,3.99697e14,0.2751,3.46279e6,-1.72867e6,4.33859e-9
1529128470,23338289.107787803,25985767.331902962,2647.478,4.00124e14,0.3823,3.48608e6,-1.73937e6,4.36544e-9
1529128500,23338500.95813243,26004038.81146747,2665.538,3.99329e14,0.1827,3.50387e6,-1.74998e6,4.39209e-9
1529128530,23338822.037040982,26022334.842645694,2683.513,4.01363e14,0.6930,3.53396e6,-1.76052e6,4.41854e-9
1529128560,23339252.331042226,26040655.001104888,2701.403,3.99339e14,0.1852,3.54595e6,-1.77098e6,4.44478e-9
1529128590,23339791.822074886,26058998.863635566,2719.207,3.97875e14,0.1821,3.56018e6,-1.78135e6,4.47082e-9
1529128620,23340440.487461656,26077366.008198883,2736.926,3.91507e14,1.7795,3.55212e6,-1.79164e6,4.49666e-9
1529128650,23341198.29991201,26095756.013935488,2754.558,3.93572e14,1.2615,3.58171e6,-1.80186e6,4.52229e-9
1529128680,23342065.22752546,26114168.46117436,2772.103,4.03611e14,1.2569,3.64750e6,-1.81199e6,4.54772e-9
1529128710,23343041.23379545,26132602.9314414,2789.562,4.11098e14,3.1353,3.70196e6,-1.82204e6,4.57294e-9
1529128740,23344126.277613718,26151059.00746774,2806.933,4.01003e14,0.6027,3.67580e6,-1.83200e6,4.59796e-9
1529128770,23345320.313275293,26169536.27319798,2824.216,3.90507e14,2.0304,3.64711e6,-1.84189e6,4.62277e-9
1529128800,23346623.290483844,26188034.313798092,2841.411,3.98992e14,0.0983,3.70595e6,-1.85169e6,4.64737e-9
1529128830,23348035.154329818,26206552.715695325,2858.518,4.00267e14,0.4181,3.73136e6,-1.86141e6,4.67176e-9
1529128860,23349555.845383048,26225091.066487163,2875.535,3.97588e14,0.2539,3.73810e6,-1.87104e6,4.69595e-9
1529128890,23351185.299613524,26243648.95504757,2892.464,3.97356e14,0.3123,3.75608e6,-1.88060e6,4.71992e-9
1529128920,23352923.44842668,26262225.971502487,2909.303,4.00084e14,0.3722,3.78794e6,-1.89006e6,4.74369e-9
1529128950,23354770.21867122,26280821.707237285,2926.051,3.98308e14,0.0734,3.79828e6,-1.89945e6,4.76724e-9
1529128980,23356725.532647558,26299435.754903905,2942.710,3.93506e14,1.2780,3.79388e6,-1.90875e6,4.79059e-9
1529129010,23358789.30811668,26318067.708427887,2959.278,3.95556e14,0.7637,3.82207e6,-1.91797e6,4.81373e-9
1529129040,23360961.458309636,26336717.163015172,2975.756,3.96980e14,0.4067,3.84716e6,-1.92711e6,4.83665e-9
1529129070,23363241.891937442,26355383.715158775,2992.142,4.00985e14,0.5983,3.88469e6,-1.93616e6,4.85937e-9
1529129100,23365630.513201583,26374066.96264534,3008.436,4.01078e14,0.6216,3.90313e6,-1.94512e6,4.88187e-9
1529129130,23368127.221833717,26392766.504537564,3024.639,3.95748e14,0.7156,3.89482e6,-1.95401e6,4.90416e-9
1529129160,23370731.91301876,26411481.941253703,3040.750,4.02720e14,1.0336,3.94670e6,-1.96280e6,4.92624e-9
1529129190,23373444.477495473,26430212.87450015,3056.768,4.03973e14,1.3478,3.97042e6,-1.97152e6,4.94811e-9
1529129220,23376264.801540565,26448958.90730074,3072.694,3.95355e14,0.8142,3.94497e6,-1.98014e6,4.96976e-9
1529129250,23379192.766982,26467719.644002166,3088.527,3.95332e14,0.8199,3.96187e6,-1.98869e6,4.99120e-9
1529129280,23382228.251212735,26486494.69027931,3104.266,3.98318e14,0.0708,3.99369e6,-1.99715e6,5.01243e-9
1529129310,23385371.127205007,26505283.653140265,3119.913,3.97199e14,0.3515,4.00481e6,-2.00552e6,5.03345e-9
1529129340,23388621.263525087,26524086.140931323,3135.465,3.96063e14,0.6365,4.01562e6,-2.01381e6,5.05425e-9
1529129370,23391978.52434851,26542901.763341695,3150.923,4.00691e14,0.5245,4.05546e6,-2.02202e6,5.07484e-9
1529129400,23395442.76947575,26561730.131408133,3166.287,4.00987e14,0.5988,4.07325e6,-2.03014e6,5.09522e-9
1529129430,23399013.85431847,26580570.857537426,3181.557,3.98019e14,0.1459,4.07419e6,-2.03817e6,5.11538e-9
1529129460,23402691.630008604,26599423.55545523,3196.732,3.97110e14,0.3739,4.08541e6,-2.04612e6,5.13533e-9
1529129490,23406475.94332282,26618287.84026568,3211.812,3.95248e14,0.8409,4.09152e6,-2.05399e6,5.15506e-9
1529129520,23410366.63672981,26637163.328437645,3226.797,3.93829e14,1.1969,4.09967e6,-2.06177e6,5.17458e-9
1529129550,23414363.548408076,26656049.637808785,3241.686,3.94368e14,1.0619,4.11776e6,-2.06946e6,5.19389e-9
1529129580,23418466.51226414,26674946.387589306,3256.480,4.00711e14,0.5296,4.16597e6,-2.07707e6,5.21298e-9
1529129610,23422675.357951257,26693853.198365793,3271.178,3.99674e14,0.2694,4.17563e6,-2.08459e6,5.23186e-9
1529129640,23426989.910888515,26712769.69210473,3285.780,3.95720e14,0.7226,4.16977e6,-2.09203e6,5.25053e-9
1529129670,23431409.992280386,26731695.49215599,3300.285,4.01079e14,0.6218,4.21266e6,-2.09939e6,5.26898e-9
1529129700,23435935.419136763,26750630.22325605,3314.695,3.97278e14,0.3319,4.20715e6,-2.10665e6,5.28722e-9
1529129730,23440566.004319075,26769573.511518694,3329.008,3.96529e14,0.5197,4.21752e6,-2.11384e6,5.30524e-9
1529129760,23445301.556482065,26788524.984476633,3343.223,3.99967e14,0.3427,4.24998e6,-2.12094e6,5.32305e-9
1529129790,23450141.880174372,26807484.271045756,3357.342,3.95520e14,0.7729,4.24028e6,-2.12795e6,5.34065e-9
1529129820,23455086.775834825,26826451.001540203,3371.364,3.99950e14,0.3386,4.27782e6,-2.13488e6,5.35803e-9
1529129850,23460136.039814793,26845424.80767489,3385.289,4.02886e14,1.0751,4.30732e6,-2.14172e6,5.37520e-9
1529129880,23465289.464401018,26864405.322567865,3399.116,3.98258e14,0.0858,4.29595e6,-2.14848e6,5.39216e-9
1529129910,23470546.837838843,26883392.180742513,3412.845,4.01564e14,0.7434,4.32717e6,-2.15515e6,5.40890e-9
1529129940,23475907.94435573,26902385.018129617,3426.477,3.99318e14,0.1801,4.32822e6,-2.16174e6,5.42544e-9
1529129970,23481372.564185377,26921383.472069334,3440.011,3.93835e14,1.1954,4.31140e6,-2.16825e6,5.44175e-9
1529130000,23486940.473591957,26940387.18131302,3453.447,3.95861e14,0.6872,4.33522e6,-2.17467e6,5.45786e-9
1529130030,23492611.44487926,26959395.78602685,3466.784,3.97049e14,0.3893,4.35435e6,-2.18100e6,5.47376e-9
1529130060,23498385.246464264,26978408.927787412,3480.024,4.03081e14,1.1240,4.39994e6,-2.18726e6,5.48944e-9
1529130090,23504261.642854117,26997426.249589097,3493.165,4.02529e14,0.9856,4.40931e6,-2.19342e6,5.50491e-9
1529130120,23510240.394687533,27016447.395843547,3506.207,3.98635e14,0.0086,4.40004e6,-2.19951e6,5.52017e-9
1529130150,23516321.258760843,27035472.012380887,3519.151,3.98788e14,0.0471,4.41288e6,-2.20551e6,5.53522e-9
1529130180,23522503.98805442,27054499.746450886,3531.996,3.94385e14,1.0575,4.40028e6,-2.21142e6,5.55005e-9
1529130210,23528788.331759393,27073530.24672397,3544.742,3.96633e14,0.4936,4.42439e6,-2.21725e6,5.56468e-9
1529130240,23535174.03530471,27092563.163292136,3557.389,3.97701e14,0.2257,4.44181e6,-2.22300e6,5.57910e-9
1529130270,23541660.84038449,27111598.147669826,3569.937,3.97244e14,0.3402,4.45057e6,-2.22866e6,5.59330e-9
1529130300,23548248.484985784,27130634.85279456,3582.386,3.97303e14,0.3255,4.46204e6,-2.23424e6,5.60730e-9
1529130330,23554936.703419022,27149672.933042325,3594.736,3.98675e14,0.0188,4.48073e6,-2.23974e6,5.62109e-9
1529130360,23561725.226338662,27168712.0441829,3606.987,3.97077e14,0.3823,4.48255e6,-2.24516e6,5.63467e-9
1529130390,23568613.78077942,27187751.843425572,3619.138,3.96923e14,0.4209,4.49232e6,-2.25049e6,5.64804e-9
1529130420,23575602.09018273,27206791.98940492,3631.190,4.00588e14,0.4986,4.52354e6,-2.25574e6,5.66120e-9
1529130450,23582689.87442599,27225832.14218114,3643.142,4.00157e14,0.3906,4.53146e6,-2.26090e6,5.67416e-9
1529130480,23589876.849852074,27244871.96324034,3654.995,4.03258e14,1.1685,4.55928e6,-2.26598e6,5.68691e-9
1529130510,23597162.729299113,27263911.115494624,3666.748,3.99948e14,0.3382,4.55047e6,-2.27099e6,5.69945e-9
1529130540,23604547.222130574,27282949.263282098,3678.402,3.98237e14,0.0912,4.55055e6,-2.27591e6,5.71179e-9
1529130570,23612030.034265626,27301986.07236689,3689.956,3.97302e14,0.3256,4.55487e6,-2.28074e6,5.72392e-9
1529130600,23619610.868209697,27321021.20993883,3701.410,3.95805e14,0.7014,4.55577e6,-2.28550e6,5.73585e-9
1529130630,23627289.423094295,27340054.34458247,3712.765,3.98707e14,0.0267,4.58177e6,-2.29017e6,5.74757e-9
1529130660,23635065.394680593,27359085.1463716,3724.020,3.98177e14,0.1062,4.58790e6,-2.29477e6,5.75909e-9
1529130690,23642938.47541843,27378113.286773533,3735.175,3.97239e14,0.3415,4.59151e6,-2.29928e6,5.77040e-9
1529130720,23650908.35446901,27397138.43867905,3746.230,3.96427e14,0.5454,4.59566e6,-2.30371e6,5.78151e-9
1529130750,23658974.717736788,27416160.276401516,3757.186,3.97748e14,0.2139,4.61199e6,-2.30806e6,5.79242e-9
1529130780,23667137.247901548,27435178.4756758,3768.041,3.95215e14,0.8492,4.60582e6,-2.31233e6,5.80313e-9
1529130810,23675395.624450736,27454192.71365723,3778.797,3.94081e14,1.1338,4.60756e6,-2.31652e6,5.81363e-9
1529130840,23683749.523711927,27473202.66892039,3789.453,3.99638e14,0.2602,4.64810e6,-2.32063e6,5.82394e-9
1529130870,23692198.61888552,27492208.021457855,3800.009,4.00738e14,0.5362,4.66259e6,-2.32466e6,5.83404e-9
1529130900,23700742.580077626,27511208.452678837,3810.466,3.98594e14,0.0016,4.65798e6,-2.32862e6,5.84395e-9
1529130930,23709381.074317027,27530203.645446613,3820.823,3.96911e14,0.4237,4.65587e6,-2.33249e6,5.85366e-9
1529130960,23718113.76563784,27549193.283957463,3831.080,3.97781e14,0.2056,4.66854e6,-2.33628e6,5.86317e-9
1529130990,23726940.31506338,27568177.053859137,3841.237,3.98484e14,0.0292,4.68009e6,-2.34000e6,5.87248e-9
1529131020,23735860.380655523,27587154.642210763,3851.294,3.98663e14,0.0158,4.68841e6,-2.34363e6,5.88159e-9
1529131050,23744873.617548265,27606125.73748145,3861.252,4.00088e14,0.3731,4.70391e6,-2.34719e6,5.89051e-9
1529131080,23753979.67798139,27625090.029548872,3871.110,3.96787e14,0.4548,4.69141e6,-2.35067e6,5.89923e-9
1529131110,23763178.211334337,27644047.209697884,3880.869,3.99780e14,0.2959,4.71588e6,-2.35407e6,5.90776e-9
1529131140,23772468.864160057,27662996.970618844,3890.528,3.99287e14,0.1723,4.71962e6,-2.35740e6,5.91609e-9
1529131170,23781851.280219153,27681939.00640607,3900.088,3.98407e14,0.0486,4.72090e6,-2.36065e6,5.92423e-9
1529131200,23791325.100514058,27700873.012556106,3909.548,4.01402e14,0.7029,4.74501e6,-2.36382e6,5.93218e-9
1529131230,23800889.963341795,27719798.68593183,3918.909,3.96602e14,0.5014,4.72270e6,-2.36692e6,5.93994e-9
1529131260,23810545.504271682,27738715.724866,3928.170,3.95982e14,0.6569,4.72504e6,-2.36993e6,5.94750e-9
1529131290,23820291.356236592,27757623.8290534,3937.332,4.01580e14,0.7475,4.76424e6,-2.37288e6,5.95488e-9
1529131320,23830127.14954936,27776522.699582864,3946.396,4.04528e14,1.4871,4.78757e6,-2.37575e6,5.96206e-9
1529131350,23840052.511937734,27795412.038934976,3955.360,3.97146e14,0.3650,4.74912e6,-2.37854e6,5.96906e-9
1529131380,23850067.068579264,27814291.55097959,3964.224,3.98157e14,0.1112,4.76059e6,-2.38126e6,5.97586e-9
1529131410,23860170.442136426,27833160.940973405,3972.990,3.97634e14,0.2424,4.76274e6,-2.38390e6,5.98248e-9
1529131440,23870362.252791643,27852019.915557362,3981.658,3.93388e14,1.3077,4.74244e6,-2.38647e6,5.98892e-9
1529131470,23880642.11828254,27870868.18275402,3990.226,3.96204e14,0.6013,4.76427e6,-2.38896e6,5.99516e-9
1529131500,23891009.65393712,27889705.451964933,3998.696,3.96031e14,0.6445,4.76806e6,-2.39138e6,6.00123e-9
1529131530,23901464.472692657,27908531.433986813,4007.067,3.97961e14,0.1604,4.78432e6,-2.39373e6,6.00710e-9
1529131560,23912006.185181327,27927345.840950247,4015.340,4.00331e14,0.4341,4.80311e6,-2.39600e6,6.01280e-9
1529131590,23922634.399715386,27946148.386375844,4023.514,4.00515e14,0.4804,4.80863e6,-2.39821e6,6.01831e-9
1529131620,23933348.722338524,27964938.78515237,4031.590,3.99009e14,0.1024,4.80382e6,-2.40034e6,6.02364e-9
1529131650,23944148.756861128,27983716.753533985,4039.568,3.97701e14,0.2256,4.80005e6,-2.40239e6,6.02879e-9
1529131680,23955034.10489553,28002482.009137426,4047.448,3.95765e14,0.7114,4.79233e6,-2.40438e6,6.03376e-9
1529131710,23966004.365891244,28021234.270939242,4055.230,3.97674e14,0.2324,4.80767e6,-2.40629e6,6.03855e-9
1529131740,23977059.13717022,28039973.259272818,4062.914,4.00376e14,0.4454,4.82767e6,-2.40814e6,6.04316e-9
1529131770,23988198.01396204,28058698.6958255,4070.501,4.00399e14,0.4512,4.83136e6,-2.40991e6,6.04759e-9
1529131800,23999420.58943917,28077410.30363562,4077.990,4.00103e14,0.3769,4.83297e6,-2.41161e6,6.05185e-9
1529131830,24010726.45476363,28096107.807089143,4085.381,4.01862e14,0.8182,4.84689e6,-2.41324e6,6.05593e-9
1529131860,24022115.199087046,28114790.931917917,4092.676,3.98692e14,0.0231,4.83082e6,-2.41480e6,6.05984e-9
1529131890,24033586.40962077,28133459.405195005,4099.873,3.94465e14,1.0375,4.80816e6,-2.41630e6,6.06357e-9
1529131920,24045139.67165981,28152112.95533213,4106.973,3.97412e14,0.2982,4.82887e6,-2.41772e6,6.06713e-9
1529131950,24056774.568618078,28170751.312076434,4113.977,3.98890e14,0.0726,4.84055e6,-2.41908e6,6.07052e-9
1529131980,24068490.682063535,28189374.206507348,4120.884,3.98383e14,0.0544,4.84004e6,-2.42036e6,6.07374e-9
1529132010,24080287.59175334,28207981.371033303,4127.694,3.98735e14,0.0338,4.84461e6,-2.42158e6,6.07678e-9
1529132040,24092164.875668906,28226572.539388407,4134.408,3.95812e14,0.6996,4.82914e6,-2.42274e6,6.07966e-9
1529132070,24104122.110050943,28245147.44662906,4141.025,3.92916e14,1.4261,4.81368e6,-2.42382e6,6.08237e-9
1529132100,24116158.86943441,28263705.82913064,4147.547,3.91751e14,1.7185,4.80861e6,-2.42484e6,6.08491e-9
1529132130,24128274.72667898,28282247.42456963,4153.973,3.94582e14,1.0081,4.82772e6,-2.42579e6,6.08728e-9
1529132160,24140469.25301741,28300771.97196438,4160.303,4.03025e14,1.1100,4.88089e6,-2.42668e6,6.08949e-9
1529132190,24152742.018077023,28319279.21162742,4166.537,4.02144e14,0.8891,4.87717e6,-2.42750e6,6.09153e-9
1529132220,24165092.589918513,28337768.88517612,4172.676,3.98170e14,0.1081,4.85446e6,-2.42825e6,6.09341e-9
1529132250,24177520.535070505,28356240.735528883,4178.720,3.96517e14,0.5227,4.84576e6,-2.42894e6,6.09513e-9
1529132280,24190025.418564018,28374694.506901473,4184.669,3.96489e14,0.5296,4.84684e6,-2.42956e6,6.09668e-9
1529132310,24202606.803966824,28393129.94480324,4190.523,3.99903e14,0.3268,4.86877e6,-2.43013e6,6.09808e-9
1529132340,24215264.2534176,28411546.796033338,4196.283,4.01751e14,0.7904,4.88103e6,-2.43062e6,6.09931e-9
1529132370,24227997.327660102,28429944.808676846,4201.947,3.99984e14,0.3470,4.87111e6,-2.43106e6,6.10038e-9
1529132400,24240805.586077128,28448323.73210099,4207.518,3.98848e14,0.0621,4.86492e6,-2.43143e6,6.10130e-9
1529132430,24253688.586723514,28466683.316975202,4212.995,3.99750e14,0.2885,4.87104e6,-2.43174e6,6.10206e-9
1529132460,24266645.886362724,28485023.315193497,4218.377,4.00451e14,0.4642,4.87580e6,-2.43198e6,6.10266e-9
1529132490,24279677.040497467,28503343.479944345,4223.666,3.96415e14,0.5484,4.85153e6,-2.43217e6,6.10311e-9
1529132520,24292781.603404153,28521643.5656831,4228.862,3.93206e14,1.3534,4.83218e6,-2.43229e6,6.10340e-9
1529132550,24305959.128166247,28539923.328128263,4233.964,3.99119e14,0.1302,4.86839e6,-2.43235e6,6.10354e-9
1529132580,24319209.16670748,28558182.52425763,4238.973,4.02824e14,1.0596,4.89099e6,-2.43235e6,6.10352e-9
1529132610,24332531.269824903,28576420.912304588,4243.890,4.00840e14,0.5617,4.87876e6,-2.43229e6,6.10336e-9
1529132640,24345924.98722181,28594638.25175419,4248.713,4.00630e14,0.5091,4.87723e6,-2.43217e6,6.10304e-9
1529132670,24359389.867540482,28612834.30333936,4253.444,3.98189e14,0.1033,4.86197e6,-2.43199e6,6.10258e-9
1529132700,24372925.458394844,28631008.829037007,4258.083,3.93779e14,1.2097,4.83458e6,-2.43175e6,6.10197e-9
1529132730,24386531.306406282,28649161.592033964,4262.630,3.97638e14,0.2414,4.85753e6,-2.43146e6,6.10121e-9
1529132760,24400206.957225557,28667292.356815863,4267.085,3.98862e14,0.0656,4.86428e6,-2.43110e6,6.10030e-9
1529132790,24413951.95557538,28685400.88907021,4271.449,3.96255e14,0.5884,4.84754e6,-2.43069e6,6.09925e-9
1529132820,24427765.845279098,28703486.955712203,4275.721,4.00765e14,0.5431,4.87410e6,-2.43021e6,6.09805e-9
1529132850,24441648.16929244,28721550.324880444,4279.902,4.00639e14,0.5114,4.87226e6,-2.42969e6,6.09671e-9
1529132880,24455598.469735272,28739590.765932765,4283.992,3.96521e14,0.5216,4.84599e6,-2.42910e6,6.09523e-9
1529132910,24469616.287923086,28757608.04944184,4287.992,3.96960e14,0.4117,4.84737e6,-2.42846e6,6.09360e-9
1529132940,24483701.16439827,28775601.9471909,4291.901,3.99299e14,0.1752,4.86022e6,-2.42776e6,6.09184e-9
1529132970,24497852.638961267,28793572.232169487,4295.720,3.96643e14,0.4911,4.84254e6,-2.42701e6,6.08993e-9
1529133000,24512070.250701506,28811518.678568996,4299.448,3.96724e14,0.4707,4.84141e6,-2.42620e6,6.08789e-9
1529133030,24526353.538026858,28829441.06181043,4303.088,4.02401e14,0.9534,4.87423e6,-2.42534e6,6.08571e-9
1529133060,24540702.038698193,28847339.158441473,4306.637,4.04344e14,1.4408,4.88420e6,-2.42442e6,6.08339e-9
1529133090,24555115.289855823,28865212.746231005,4310.097,4.00704e14,0.5277,4.86010e6,-2.42345e6,6.08093e-9
1529133120,24569592.828050867,28883061.60413299,4313.469,3.94254e14,1.0905,4.81883e6,-2.42242e6,6.07835e-9
1529133150,24584134.189275198,28900885.512282416,4316.751,3.97889e14,0.1784,4.83877e6,-2.42134e6,6.07563e-9
1529133180,24598738.908991203,28918684.251991197,4319.945,4.00374e14,0.4449,4.85159e6,-2.42021e6,6.07277e-9
1529133210,24613406.52216126,28936457.60574411,4323.051,3.96297e14,0.5780,4.82446e6,-2.41903e6,6.06978e-9
1529133240,24628136.563277062,28954205.35719466,4326.069,3.95654e14,0.7391,4.81809e6,-2.41779e6,6.06667e-9
1529133270,24642928.566388723,28971927.29116094,4328.999,3.96580e14,0.5069,4.82113e6,-2.41650e6,6.06342e-9
1529133300,24657782.0651336,28989623.1936216,4331.841,3.97895e14,0.1770,4.82642e6,-2.41516e6,6.06005e-9
1529133330,24672696.592762597,29007292.851683833,4334.596,4.00910e14,0.5795,4.84190e6,-2.41377e6,6.05654e-9
1529133360,24687671.682176065,29024936.05366488,4337.264,3.97581e14,0.2556,4.81886e6,-2.41233e6,6.05291e-9
1529133390,24702706.865944363,29042552.58900197,4339.846,3.95554e14,0.7644,4.80361e6,-2.41084e6,6.04916e-9
1529133420,24717801.67633833,29060142.24827566,4342.341,3.99738e14,0.2853,4.82583e6,-2.40930e6,6.04528e-9
1529133450,24732955.645357035,29077704.823205523,4344.749,3.97855e14,0.1870,4.81126e6,-2.40771e6,6.04127e-9
1529133480,24748168.304755293,29095240.10664556,4347.072,4.00242e14,0.4119,4.82239e6,-2.40607e6,6.03715e-9
1529133510,24763439.18607102,29112747.89257987,4349.309,4.04214e14,1.4084,4.84297e6,-2.40438e6,6.03290e-9
1529133540,24778767.820652224,29130227.976118103,4351.460,4.01779e14,0.7975,4.82479e6,-2.40265e6,6.02853e-9
1529133570,24794153.73968396,29147680.15349103,4353.526,3.96727e14,0.4699,4.79077e6,-2.40087e6,6.02404e-9
1529133600,24809596.474214848,29165104.222046085,4355.508,3.95813e14,0.6992,4.78161e6,-2.39903e6,6.01943e-9
1529133630,24825095.55518983,29182499.980263278,4357.404,3.98475e14,0.0316,4.79386e6,-2.39716e6,6.01471e-9
1529133660,24840650.513456915,29199867.227687627,4359.217,4.00517e14,0.4807,4.80228e6,-2.39523e6,6.00986e-9
1529133690,24856260.879812703,29217205.764988102,4360.945,3.97438e14,0.2916,4.77984e6,-2.39326e6,6.00490e-9
1529133720,24871926.185021747,29234515.39393267,4362.589,3.96115e14,0.6235,4.76787e6,-2.39124e6,5.99983e-9
1529133750,24887645.959842112,29251795.91738411,4364.150,3.98733e14,0.0332,4.77944e6,-2.38918e6,5.99464e-9
1529133780,24903419.7350506,29269047.139295604,4365.627,3.97913e14,0.1724,4.77031e6,-2.38708e6,5.98934e-9
1529133810,24919247.04146783,29286268.86470649,4367.022,3.96096e14,0.6282,4.75514e6,-2.38492e6,5.98393e-9
1529133840,24935127.409983058,29303460.899737928,4368.333,3.97142e14,0.3658,4.75700e6,-2.38273e6,5.97840e-9
1529133870,24951060.371578667,29320623.05158856,4369.563,4.00013e14,0.3545,4.76968e6,-2.38049e6,5.97277e-9
1529133900,24967045.457354534,29337755.128530297,4370.710,3.94654e14,0.9902,4.73311e6,-2.37820e6,5.96703e-9
1529133930,24983082.19854313,29354856.939887397,4371.775,3.97789e14,0.2036,4.74717e6,-2.37588e6,5.96117e-9
1529133960,24999170.12656097,29371928.29608309,4372.758,4.00745e14,0.5380,4.76003e6,-2.37351e6,5.95521e-9
1529133990,25015308.77300437,29388969.0085842,4373.660,3.97117e14,0.3722,4.73360e6,-2.37110e6,5.94915e-9
1529134020,25031497.669681743,29405978.889913235,4374.481,3.97490e14,0.2787,4.73091e6,-2.36864e6,5.94298e-9
1529134050,25047736.34863659,29422957.753643923,4375.221,3.96816e14,0.4478,4.72192e6,-2.36615e6,5.93670e-9
1529134080,25064024.342170253,29439905.41439674,4375.881,4.00376e14,0.4454,4.73797e6,-2.36361e6,5.93032e-9
1529134110,25080361.1828645,29456821.687834594,4376.461,3.96225e14,0.5960,4.70820e6,-2.36103e6,5.92384e-9
1529134140,25096746.403603744,29473706.390658256,4376.960,3.94519e14,1.0239,4.69288e6,-2.35841e6,5.91726e-9
1529134170,25113179.537597112,29490559.340602007,4377.380,3.97319e14,0.3216,4.70413e6,-2.35575e6,5.91057e-9
1529134200,25129660.118400197,29507380.356429197,4377.720,3.99614e14,0.2543,4.71229e6,-2.35305e6,5.90379e-9
1529134230,25146187.67995026,29524169.257945668,4377.982,3.99924e14,0.3320,4.70863e6,-2.35032e6,5.89690e-9
1529134260,25162761.75654549,29540925.865940437,4378.164,3.99616e14,0.2549,4.70125e6,-2.34754e6,5.88992e-9
1529134290,25179381.882908337,29557650.002236344,4378.268,3.99733e14,0.2842,4.69629e6,-2.34472e6,5.88284e-9
1529134320,25196047.59419268,29574341.489668075,4378.294,3.97780e14,0.2058,4.67909e6,-2.34187e6,5.87567e-9
1529134350,25212758.426004566,29591000.152077835,4378.242,3.97198e14,0.3518,4.66990e6,-2.33898e6,5.86840e-9
1529134380,25229513.91442258,29607625.814311188,4378.112,3.95815e14,0.6988,4.65593e6,-2.33605e6,5.86104e-9
1529134410,25246313.59601802,29624218.302212857,4377.905,3.99101e14,0.1256,4.66925e6,-2.33308e6,5.85358e-9
1529134440,25263157.00787484,29640777.442622446,4377.620,3.97155e14,0.3625,4.65186e6,-2.33008e6,5.84603e-9
1529134470,25280043.687609274,29657303.063370302,4377.259,3.96937e14,0.4174,4.64450e6,-2.32703e6,5.83839e-9
1529134500,25296973.173389282,29673794.99327324,4376.822,4.01686e14,0.7740,4.66605e6,-2.32396e6,5.83065e-9
1529134530,25313945.003933556,29690253.06210946,4376.308,4.00011e14,0.3539,4.65004e6,-2.32084e6,5.82283e-9
1529134560,25330958.718592487,29706677.10067873,4375.718,3.99831e14,0.3088,4.64268e6,-2.31770e6,5.81492e-9
1529134590,25348013.857304465,29723066.9407337,4375.053,3.96919e14,0.4217,4.61939e6,-2.31451e6,5.80692e-9
1529134620,25365109.96063437,29739422.41499632,4374.312,4.00385e14,0.4477,4.63306e6,-2.31129e6,5.79883e-9
1529134650,25382246.569791485,29755743.357153494,4373.497,4.01997e14,0.8522,4.63587e6,-2.30804e6,5.79066e-9
1529134680,25399423.226647295,29772029.601852667,4372.606,3.97610e14,0.2484,4.60390e6,-2.30476e6,5.78240e-9
1529134710,25416639.47375297,29788280.984697536,4371.642,4.00272e14,0.4193,4.61263e6,-2.30143e6,5.77406e-9
1529134740,25433894.85435668,29804497.34224352,4370.602,4.00276e14,0.4202,4.60592e6,-2.29808e6,5.76563e-9
1529134770,25451188.912420522,29820678.511993546,4369.490,3.97167e14,0.3595,4.58123e6,-2.29469e6,5.75712e-9
1529134800,25468521.192637462,29836824.332393605,4368.303,3.99736e14,0.2848,4.58916e6,-2.29127e6,5.74853e-9
1529134830,25485891.240475196,29852934.64285103,4367.043,4.00508e14,0.4787,4.58668e6,-2.28782e6,5.73985e-9
1529134860,25503298.602108072,29869009.28366065,4365.711,3.96383e14,0.5562,4.55605e6,-2.28434e6,5.73110e-9
1529134890,25520742.82451795,29885048.096070047,4364.305,3.98915e14,0.0789,4.56352e6,-2.28082e6,5.72226e-9
1529134920,25538223.455482837,29901050.92225295,4362.827,4.04958e14,1.5949,4.59094e6,-2.27727e6,5.71335e-9
1529134950,25555740.04359278,29917017.605305098,4361.278,4.02992e14,1.1017,4.57250e6,-2.27369e6,5.70436e-9
1529134980,25573292.13826548,29932947.98924024,4359.656,3.98842e14,0.0606,4.54161e6,-2.27008e6,5.69529e-9
1529135010,25590879.289761744,29948841.918985978,4357.963,4.01038e14,0.6116,4.54681e6,-2.26645e6,5.68615e-9
1529135040,25608501.049200617,29964699.24037983,4356.198,4.02542e14,0.9889,4.54798e6,-2.26278e6,5.67693e-9
1529135070,25626156.968574308,29980519.80016507,4354.363,3.99839e14,0.3106,4.52522e6,-2.25908e6,5.66764e-9
1529135100,25643846.600762893,29996303.445986725,4352.457,4.01306e14,0.6788,4.52604e6,-2.25535e6,5.65827e-9
1529135130,25661569.49951496,30012050.026364595,4350.481,4.02808e14,1.0555,4.52698e6,-2.25159e6,5.64883e-9
1529135160,25679325.219565894,30027759.390760023,4348.434,3.97751e14,0.2131,4.49084e6,-2.24780e6,5.63932e-9
1529135190,25697113.31654762,30043431.389501028,4346.318,3.96870e14,0.4340,4.47826e6,-2.24398e6,5.62973e-9
1529135220,25714933.347035654,30059065.87380098,4344.133,4.00409e14,0.4536,4.49047e6,-2.24014e6,5.62008e-9
1529135250,25732784.868562434,30074662.69575444,4341.878,3.99426e14,0.2070,4.47719e6,-2.23627e6,5.61035e-9
1529135280,25750667.439630285,30090221.70833298,4339.554,3.99113e14,0.1286,4.46763e6,-2.23237e6,5.60056e-9
1529135310,25768580.619724177,30105742.765381034,4337.162,4.01787e14,0.7994,4.47471e6,-2.22844e6,5.59070e-9
1529135340,25786523.969324242,30121225.721611723,4334.702,4.00640e14,0.5117,4.46037e6,-2.22449e6,5.58077e-9
1529135370,25804497.049918156,30136670.432602715,4332.173,3.98567e14,0.0085,4.44083e6,-2.22051e6,5.57077e-9
1529135400,25822499.42401316,30152076.754792087,4329.577,3.97127e14,0.3695,4.42481e6,-2.21650e6,5.56071e-9
1529135430,25840530.65518657,30167444.545496505,4326.914,3.96911e14,0.4239,4.41555e6,-2.21247e6,5.55058e-9
1529135460,25858590.307978813,30182773.662838556,4324.183,3.95663e14,0.7370,4.40054e6,-2.20841e6,5.54039e-9
1529135490,25876677.948023733,30198063.965811335,4321.386,3.95692e14,0.7298,4.39256e6,-2.20433e6,5.53013e-9
1529135520,25894793.142021738,30213315.31425239,4318.522,3.98567e14,0.0083,4.40024e6,-2.20022e6,5.51981e-9
1529135550,25912935.457751255,30228527.568839815,4315.592,4.03479e14,1.2240,4.41903e6,-2.19609e6,5.50943e-9
1529135580,25931104.464079853,30243700.591088403,4312.596,4.02804e14,1.0545,4.40694e6,-2.19193e6,5.49899e-9
1529135610,25949299.73097529,30258834.24334589,4309.535,3.97934e14,0.1672,4.37180e6,-2.18775e6,5.48849e-9
1529135640,25967520.829516266,30273928.388789047,4306.408,3.95624e14,0.7467,4.35074e6,-2.18354e6,5.47792e-9
1529135670,25985767.331902962,30288982.891419884,4303.216,3.99256e14,0.1644,4.36216e6,-2.17931e6,5.46730e-9
1529135700,26004038.81146747,30303997.61606195,4299.959,4.00228e14,0.4083,4.35895e6,-2.17506e6,5.45662e-9
1529135730,26022334.842645694,30318972.4283389,4296.638,3.99339e14,0.1854,4.34553e6,-2.17078e6,5.44588e-9
1529135760,26040655.001104888,30333907.19472485,4293.252,4.01261e14,0.6675,4.34737e6,-2.16648e6,5.43508e-9
1529135790,26058998.863635566,30348801.782486323,4289.803,3.99675e14,0.2696,4.33009e6,-2.16216e6,5.42423e-9
1529135820,26077366.008198883,30363656.059695948,4286.290,3.98761e14,0.0402,4.31643e6,-2.15781e6,5.41332e-9
1529135850,26095756.013935488,30378469.89522858,4282.714,3.98638e14,0.0095,4.30703e6,-2.15345e6,5.40236e-9
1529135880,26114168.46117436,30393243.158757295,4279.075,3.98794e14,0.0485,4.29909e6,-2.14906e6,5.39134e-9
1529135910,26132602.9314414,30407975.720749665,4275.373,3.95901e14,0.6773,4.27470e6,-2.14465e6,5.38027e-9
1529135940,26151059.00746774,30422667.452463754,4271.608,3.96645e14,0.4907,4.26986e6,-2.14022e6,5.36914e-9
1529135970,26169536.27319798,30437318.225944296,4267.782,4.04502e14,1.4806,4.30307e6,-2.13577e6,5.35796e-9
1529136000,26188034.313798092,30451927.914018895,4263.894,4.01267e14,0.6689,4.27676e6,-2.13129e6,5.34674e-9
1529136030,26206552.715695325,30466496.390301038,4259.944,3.97335e14,0.3174,4.24677e6,-2.12680e6,5.33545e-9
1529136060,26225091.066487163,30481023.529164977,4255.932,3.98083e14,0.1297,4.24174e6,-2.12229e6,5.32412e-9
1529136090,26243648.95504757,30495509.205763344,4251.860,3.97163e14,0.3607,4.22778e6,-2.11776e6,5.31274e-9
1529136120,26262225.971502487,30509953.296016477,4247.727,3.99287e14,0.1722,4.22995e6,-2.11320e6,5.30131e-9
1529136150,26280821.707237285,30524355.67660872,4243.534,4.02624e14,1.0093,4.23845e6,-2.10863e6,5.28984e-9
1529136180,26299435.754903905,30538716.224984776,4239.280,4.00268e14,0.4183,4.21678e6,-2.10404e6,5.27831e-9
1529136210,26318067.708427887,30553034.819345996,4234.967,3.97382e14,0.3058,4.19234e6,-2.09943e6,5.26674e-9
1529136240,26336717.163015172,30567311.338646773,4230.594,4.01332e14,0.6853,4.20385e6,-2.09480e6,5.25512e-9
1529136270,26355383.715158775,30581545.662590947,4226.162,4.02178e14,0.8974,4.19896e6,-2.09016e6,5.24345e-9
1529136300,26374066.96264534,30595737.671628136,4221.671,4.00350e14,0.4389,4.18002e6,-2.08549e6,5.23174e-9
1529136330,26392766.504537564,30609887.24695829,4217.121,4.00029e14,0.3585,4.16896e6,-2.08081e6,5.21999e-9
1529136360,26411481.941253703,30623994.270503342,4212.512,4.00078e14,0.3708,4.15979e6,-2.07611e6,5.20819e-9
1529136390,26430212.87450015,30638058.624928497,4207.846,4.01886e14,0.8243,4.15973e6,-2.07139e6,5.19634e-9
1529136420,26448958.90730074,30652080.193630718,4203.121,4.06277e14,1.9258,4.17298e6,-2.06666e6,5.18446e-9
1529136450,26467719.644002166,30666058.8607353,4198.339,4.04322e14,1.4354,4.15328e6,-2.06191e6,5.17253e-9
1529136480,26486494.69027931,30679994.511092417,4193.500,3.92626e14,1.4989,4.08331e6,-2.05714e6,5.16056e-9
1529136510,26505283.653140265,30693887.03027375,4188.603,3.89729e14,2.2258,4.05889e6,-2.05236e6,5.14855e-9
1529136540,26524086.140931323,30707736.304569006,4183.650,3.98378e14,0.0559,4.09382e6,-2.04755e6,5.13650e-9
1529136570,26542901.763341695,30721542.220982537,4178.640,3.98912e14,0.0782,4.08693e6,-2.04274e6,5.12441e-9
1529136600,26561730.131408133,30735304.667229947,4173.575,3.97934e14,0.1671,4.07226e6,-2.03791e6,5.11228e-9
1529136630,26580570.857537426,30749023.531710986,4168.453,3.97909e14,0.1736,4.06243e6,-2.03306e6,5.10011e-9
1529136660,26599423.55545523,30762698.703579124,4163.275,3.98137e14,0.1164,4.05387e6,-2.02819e6,5.08790e-9
1529136690,26618287.84026568,30776330.072665025,4158.042,4.01453e14,0.7156,4.06095e6,-2.02332e6,5.07565e-9
1529136720,26637163.328437645,30789917.529496655,4152.754,4.00492e14,0.4746,4.04626e6,-2.01842e6,5.06337e-9
1529136750,26656049.637808785,30803460.965295747,4147.411,3.97573e14,0.2578,4.02168e6,-2.01352e6,5.05105e-9
1529136780,26674946.387589306,30816960.271974213,4142.014,3.97398e14,0.3017,4.01096e6,-2.00859e6,5.03870e-9
1529136810,26693853.198365793,30830415.342130683,4136.562,4.00572e14,0.4946,4.01705e6,-2.00366e6,5.02631e-9
1529136840,26712769.69210473,30843826.069046944,4131.056,4.00221e14,0.4066,4.00537e6,-1.99871e6,5.01388e-9
1529136870,26731695.49215599,30857192.34668456,4125.497,3.97015e14,0.3979,3.97938e6,-1.99374e6,5.00142e-9
1529136900,26750630.22325605,30870514.069681305,4119.884,3.99395e14,0.1992,3.98132e6,-1.98877e6,4.98893e-9
1529136930,26769573.511518694,30883791.133385066,4114.218,3.96805e14,0.4503,3.95844e6,-1.98378e6,4.97640e-9
1529136960,26788524.984476633,30897023.43373573,4108.498,3.95706e14,0.7262,3.94299e6,-1.97877e6,4.96384e-9
1529136990,26807484.271045756,30910210.86737678,4102.727,3.96198e14,0.6027,3.93543e6,-1.97375e6,4.95125e-9
1529137020,26826451.001540203,30923353.331615042,4096.902,3.99062e14,0.1157,3.93954e6,-1.96872e6,4.93862e-9
1529137050,26845424.80767489,30936450.72441773,4091.026,4.02347e14,0.9400,3.94563e6,-1.96368e6,4.92597e-9
1529137080,26864405.322567865,30949502.944409326,4085.098,3.98684e14,0.0209,3.91747e6,-1.95863e6,4.91328e-9
1529137110,26883392.180742513,30962509.890868735,4079.118,3.95796e14,0.7036,3.89318e6,-1.95356e6,4.90056e-9
1529137140,26902385.018129617,30975471.4637262,4073.086,3.96684e14,0.4808,3.88740e6,-1.94848e6,4.88782e-9
1529137170,26921383.472069334,30988387.563560415,4067.004,4.02232e14,0.9111,3.90429e6,-1.94339e6,4.87504e-9
1529137200,26940387.18131302,31001258.0915955,4060.871,3.99805e14,0.3022,3.88224e6,-1.93829e6,4.86224e-9
1529137230,26959395.78602685,31014082.949652288,4054.687,3.95280e14,0.8329,3.85005e6,-1.93318e6,4.84940e-9
1529137260,26978408.927787412,31026862.04028653,4048.453,3.93581e14,1.2593,3.83162e6,-1.92805e6,4.83654e-9
1529137290,26997426.249589097,31039595.266644347,4042.169,3.97061e14,0.3861,3.83821e6,-1.92292e6,4.82365e-9
1529137320,27016447.395843547,31052282.532504793,4035.835,3.97534e14,0.2675,3.83021e6,-1.91777e6,4.81074e-9
1529137350,27035472.012380887,31064923.742276464,4029.452,3.95506e14,0.7764,3.81017e6,-1.91262e6,4.79780e-9
1529137380,27054499.746450886,31077518.80099421,4023.019,4.01174e14,0.6455,3.82700e6,-1.90745e6,4.78483e-9
1529137410,27073530.24672397,31090067.61431592,4016.537,4.01985e14,0.8490,3.82048e6,-1.90227e6,4.77183e-9
1529137440,27092563.163292136,31102570.088519104,4010.007,4.06625e14,2.0131,3.83214e6,-1.89708e6,4.75881e-9
1529137470,27111598.147669826,31115026.130497765,4003.428,4.03706e14,1.2808,3.80778e6,-1.89189e6,4.74577e-9
1529137500,27130634.85279456,31127435.647759072,3996.801,4.00644e14,0.5127,3.78281e6,-1.88668e6,4.73270e-9
1529137530,27149672.933042325,31139798.548466202,3990.126,3.97537e14,0.2668,3.75768e6,-1.88146e6,4.71961e-9
1529137560,27168712.0441829,31152114.741293333,3983.403,3.91927e14,1.6742,3.72084e6,-1.87624e6,4.70650e-9
1529137590,27187751.843425572,31164384.13556481,3976.632,3.94277e14,1.0845,3.72149e6,-1.87100e6,4.69336e-9
1529137620,27206791.98940492,31176606.641206235,3969.815,3.97006e14,0.4001,3.72382e6,-1.86576e6,4.68020e-9
1529137650,27225832.14218114,31188782.168741863,3962.950,3.97846e14,0.1892,3.71726e6,-1.86051e6,4.66701e-9
1529137680,27244871.96324034,31200910.629291832,3956.039,3.94984e14,0.9074,3.69342e6,-1.85524e6,4.65381e-9
1529137710,27263911.115494624,31212991.93456952,3949.081,4.01175e14,0.6459,3.71166e6,-1.84997e6,4.64058e-9
1529137740,27282949.263282098,31225025.996878885,3942.077,4.01970e14,0.8454,3.70475e6,-1.84470e6,4.62734e-9
1529137770,27301986.07236689,31237012.729111843,3935.027,4.00666e14,0.5183,3.68811e6,-1.83941e6,4.61407e-9
1529137800,27321021.20993883,31248952.044745605,3927.931,4.01321e14,0.6825,3.68050e6,-1.83411e6,4.60078e-9
1529137830,27340054.34458247,31260843.857803047,3920.790,3.99835e14,0.3096,3.66304e6,-1.82881e6,4.58747e-9
1529137860,27359085.1463716,31272688.08296441,3913.603,4.00687e14,0.5236,3.65630e6,-1.82350e6,4.57415e-9
1529137890,27378113.286773533,31284484.635449883,3906.371,4.01532e14,0.7355,3.64949e6,-1.81818e6,4.56080e-9
1529137920,27397138.43867905,31296233.43105395,3899.095,4.00300e14,0.4264,3.63320e6,-1.81286e6,4.54744e-9
1529137950,27416160.276401516,31307934.3861424,3891.774,3.95810e14,0.7001,3.60215e6,-1.80752e6,4.53405e-9
1529137980,27435178.4756758,31319587.417649545,3884.409,3.95743e14,0.7168,3.59120e6,-1.80218e6,4.52065e-9
1529138010,27454192.71365723,31331192.44307529,3877.000,3.99698e14,0.2752,3.59837e6,-1.79684e6,4.50723e-9
1529138040,27473202.66892039,31342749.380482245,3869.547,4.05729e14,1.7883,3.61475e6,-1.79148e6,4.49380e-9
1529138070,27492208.021457855,31354258.148492943,3862.050,4.03618e14,1.2589,3.59447e6,-1.78612e6,4.48035e-9
1529138100,27511208.452678837,31365718.666286945,3854.510,3.95808e14,0.7005,3.54878e6,-1.78076e6,4.46688e-9
1529138130,27530203.645446613,31377130.85362131,3846.927,3.97987e14,0.1539,3.54778e6,-1.77538e6,4.45340e-9
1529138160,27549193.283957463,31388494.630755957,3839.301,3.99134e14,0.1339,3.54212e6,-1.77000e6,4.43990e-9
1529138190,27568177.053859137,31399809.91852311,3831.633,3.98954e14,0.0887,3.53054e6,-1.76462e6,4.42638e-9
1529138220,27587154.642210763,31411076.63830127,3823.922,3.99276e14,0.1694,3.52117e6,-1.75923e6,4.41285e-9
1529138250,27606125.73748145,31422294.71201277,3816.169,3.97843e14,0.1901,3.50406e6,-1.75383e6,4.39931e-9
1529138280,27625090.029548872,31433464.062121116,3808.374,4.00509e14,0.4787,3.50495e6,-1.74842e6,4.38575e-9
1529138310,27644047.209697884,31444584.611628614,3800.537,3.94185e14,1.1077,3.46646e6,-1.74302e6,4.37217e-9
1529138340,27662996.970618844,31455656.284073852,3792.659,3.95156e14,0.8641,3.45992e6,-1.73760e6,4.35859e-9
1529138370,27681939.00640607,31466679.0035292,3784.740,3.99132e14,0.1333,3.46640e6,-1.73218e6,4.34499e-9
1529138400,27700873.012556106,31477652.694598414,3776.780,4.01424e14,0.7085,3.46548e6,-1.72676e6,4.33138e-9
1529138430,27719798.68593183,31488577.282405253,3768.779,4.05688e14,1.7782,3.47299e6,-1.72133e6,4.31775e-9
1529138460,27738715.724866,31499452.69261865,3760.737,3.98989e14,0.0974,3.43318e6,-1.71589e6,4.30411e-9
1529138490,27757623.8290534,31510278.85142257,3752.655,3.92725e14,1.4740,3.39542e6,-1.71045e6,4.29046e-9
1529138520,27776522.699582864,31521055.68552253,3744.533,3.92568e14,1.5134,3.38394e6,-1.70501e6,4.27680e-9
1529138550,27795412.038934976,31531783.12214314,3736.371,3.95077e14,0.8840,3.38382e6,-1.69956e6,4.26313e-9
1529138580,27814291.55097959,31542461.089025658,3728.170,3.96435e14,0.5432,3.37873e6,-1.69410e6,4.24944e-9
1529138610,27833160.940973405,31553089.514425572,3719.929,3.99779e14,0.2957,3.38201e6,-1.68865e6,4.23575e-9
1529138640,27852019.915557362,31563668.32711008,3711.648,4.04752e14,1.5432,3.39206e6,-1.68318e6,4.22204e-9
1529138670,27870868.18275402,31574197.456355773,3703.329,4.07472e14,2.2257,3.39249e6,-1.67772e6,4.20833e-9
1529138700,27889705.451964933,31584676.8319461,3694.971,4.02814e14,1.0571,3.36189e6,-1.67225e6,4.19460e-9
1529138730,27908531.433986813,31595106.384163722,3686.575,3.97019e14,0.3968,3.32666e6,-1.66677e6,4.18087e-9
1529138760,27927345.840950247,31605486.04380456,3678.140,3.97486e14,0.2795,3.31767e6,-1.66130e6,4.16712e-9
1529138790,27946148.386375844,31615815.74215888,3669.667,3.99118e14,0.1299,3.31350e6,-1.65582e6,4.15337e-9
1529138820,27964938.78515237,31626095.41101423,3661.157,3.98069e14,0.1333,3.29818e6,-1.65033e6,4.13960e-9
1529138850,27983716.753533985,31636324.982653063,3652.608,3.98236e14,0.0913,3.28790e6,-1.64484e6,4.12583e-9
1529138880,28002482.009137426,31646504.38985037,3644.022,3.98911e14,0.0780,3.27969e6,-1.63935e6,4.11205e-9
1529138910,28021234.270939242,31656633.565871406,3635.399,3.98597e14,0.0009,3.26741e6,-1.63385e6,4.09827e-9
1529138940,28039973.259272818,31666712.444469266,3626.739,3.97407e14,0.2994,3.25155e6,-1.62836e6,4.08447e-9
1529138970,28058698.6958255,31676740.959882703,3618.042,3.97574e14,0.2575,3.24125e6,-1.62286e6,4.07067e-9
1529139000,28077410.30363562,31686719.046833787,3609.309,3.95202e14,0.8525,3.22063e6,-1.61735e6,4.05686e-9
1529139030,28096107.807089143,31696646.64054512,3600.539,3.94649e14,0.9914,3.20742e6,-1.61184e6,4.04304e-9
1529139060,28114790.931917917,31706523.676677722,3591.733,4.02148e14,0.8899,3.22667e6,-1.60633e6,4.02922e-9
1529139090,28133459.405195005,31716350.09138894,3582.891,4.06075e14,1.8753,3.23137e6,-1.60082e6,4.01539e-9
1529139120,28152112.95533213,31726125.821310963,3574.013,4.02484e14,0.9743,3.20587e6,-1.59531e6,4.00155e-9
1529139150,28170751.312076434,31735850.803548876,3565.099,4.01767e14,0.7944,3.19192e6,-1.58979e6,3.98771e-9
1529139180,28189374.206507348,31745524.975678522,3556.151,4.01449e14,0.7146,3.17957e6,-1.58427e6,3.97386e-9
1529139210,28207981.371033303,31755148.275744647,3547.167,3.96802e14,0.4513,3.15008e6,-1.57875e6,3.96000e-9
1529139240,28226572.539388407,31764720.642258883,3538.148,4.03786e14,1.3010,3.16662e6,-1.57323e6,3.94614e-9
1529139270,28245147.44662906,31774242.014197756,3529.095,4.03868e14,1.3215,3.15582e6,-1.56770e6,3.93228e-9
1529139300,28263705.82913064,31783712.331000686,3520.007,3.96553e14,0.5135,3.11603e6,-1.56217e6,3.91841e-9
1529139330,28282247.42456963,31793131.532538418,3510.884,3.97350e14,0.3136,3.10811e6,-1.55664e6,3.90453e-9
1529139360,28300771.97196438,31802499.559202544,3501.728,3.92590e14,1.5078,3.07854e6,-1.55111e6,3.89066e-9
1529139390,28319279.21162742,31811816.351811673,3492.537,3.93236e14,1.3459,3.07006e6,-1.54558e6,3.87677e-9
1529139420,28337768.88517612,31821081.851638958,3483.313,3.96969e14,0.4093,3.07349e6,-1.54004e6,3.86289e-9
1529139450,28356240.735528883,31830296.00040995,3474.055,4.00414e14,0.4550,3.07570e6,-1.53450e6,3.84900e-9
1529139480,28374694.506901473,31839458.74030039,3464.764,4.01216e14,0.6563,3.06767e6,-1.52897e6,3.83510e-9
1529139510,28393129.94480324,31848570.01393406,3455.440,3.98387e14,0.0537,3.04574e6,-1.52343e6,3.82120e-9
1529139540,28411546.796033338,31857629.764380652,3446.083,4.02268e14,0.9201,3.04944e6,-1.51789e6,3.80730e-9
1529139570,28429944.808676846,31866637.93515357,3436.693,3.97135e14,0.3677,3.01884e6,-1.51235e6,3.79340e-9
1529139600,28448323.73210099,31875594.470207915,3427.271,3.96744e14,0.4657,3.00629e6,-1.50680e6,3.77949e-9
1529139630,28466683.316975202,31884499.313970868,3417.816,4.01562e14,0.7429,3.01337e6,-1.50126e6,3.76558e-9
1529139660,28485023.315193497,31893352.41123929,3408.329,3.98246e14,0.0890,2.98980e6,-1.49571e6,3.75167e-9
1529139690,28503343.479944345,31902153.707278416,3398.810,3.98232e14,0.0925,2.97866e6,-1.49017e6,3.73776e-9
1529139720,28521643.5656831,31910903.147787526,3389.260,3.99070e14,0.1179,2.97070e6,-1.48462e6,3.72384e-9
1529139750,28539923.328128263,31919600.678898156,3379.677,3.99329e14,0.1829,2.96056e6,-1.47907e6,3.70992e-9
1529139780,28558182.52425763,31928246.24717241,3370.064,3.94488e14,1.0317,2.93156e6,-1.47353e6,3.69600e-9
1529139810,28576420.912304588,31936839.799601275,3360.419,4.00700e14,0.5268,2.94339e6,-1.46798e6,3.68208e-9
1529139840,28594638.25175419,31945381.283602975,3350.743,4.02022e14,0.8585,2.93711e6,-1.46243e6,3.66816e-9
1529139870,28612834.30333936,31953870.64702127,3341.036,3.98014e14,0.1472,2.91131e6,-1.45688e6,3.65424e-9
1529139900,28631008.829037007,31962307.83812379,3331.299,4.03948e14,1.3417,2.92183e6,-1.45133e6,3.64031e-9
1529139930,28649161.592033964,31970692.805571508,3321.531,3.95934e14,0.6689,2.88159e6,-1.44578e6,3.62639e-9
1529139960,28667292.356815863,31979025.49850628,3311.733,3.95471e14,0.7851,2.86885e6,-1.44023e6,3.61246e-9
1529139990,28685400.88907021,31987305.866459735,3301.905,3.96836e14,0.4427,2.86270e6,-1.43468e6,3.59854e-9
1529140020,28703486.955712203,31995533.859380305,3292.047,3.96991e14,0.4037,2.85218e6,-1.42913e6,3.58461e-9
1529140050,28721550.324880444,32003709.427631468,3282.159,4.00874e14,0.5703,2.85497e6,-1.42357e6,3.57068e-9
1529140080,28739590.765932765,32011832.521989826,3272.242,3.96978e14,0.4070,2.82998e6,-1.41802e6,3.55676e-9
1529140110,28757608.04944184,32019903.093643326,3262.295,4.01313e14,0.6805,2.83426e6,-1.41247e6,3.54283e-9
1529140140,28775601.9471909,32027921.09418941,3252.319,3.98594e14,0.0017,2.81352e6,-1.40692e6,3.52891e-9
1529140170,28793572.232169487,32035886.475633178,3242.314,3.96974e14,0.4081,2.79672e6,-1.40137e6,3.51498e-9
1529140200,28811518.678568996,32043799.190385617,3232.281,3.98161e14,0.1103,2.78980e6,-1.39582e6,3.50105e-9
1529140230,28829441.06181043,32051659.19128432,3222.218,4.01182e14,0.6477,2.78924e6,-1.39027e6,3.48713e-9
1529140260,28847339.158441473,32059466.431522314,3212.127,4.00476e14,0.4706,2.77566e6,-1.38472e6,3.47321e-9
1529140290,28865212.746231005,32067220.86471598,3202.008,3.90736e14,1.9730,2.73084e6,-1.37917e6,3.45928e-9
1529140320,28883061.60413299,32074922.44488093,3191.861,4.04812e14,1.5583,2.76835e6,-1.37362e6,3.44536e-9
1529140350,28900885.512282416,32082571.126430523,3181.686,4.09189e14,2.6565,2.77218e6,-1.36807e6,3.43144e-9
1529140380,28918684.251991197,32090166.864174284,3171.483,3.95692e14,0.7296,2.71481e6,-1.36252e6,3.41753e-9
1529140410,28936457.60574411,32097709.61331653,3161.252,3.92467e14,1.5387,2.69278e6,-1.35698e6,3.40361e-9
1529140440,28954205.35719466,32105199.329454854,3150.994,3.92888e14,1.4331,2.68320e6,-1.35143e6,3.38969e-9
1529140470,28971927.29116094,32112635.96857865,3140.709,4.01397e14,0.7016,2.70091e6,-1.34588e6,3.37578e-9
1529140500,28989623.1936216,32120019.4870677,3130.396,4.02910e14,1.0811,2.69487e6,-1.34034e6,3.36187e-9
1529140530,29007292.851683833,32127349.841674495,3120.057,3.94870e14,0.9360,2.65680e6,-1.33480e6,3.34796e-9
1529140560,29024936.05366488,32134626.9895729,3109.691,4.00699e14,0.5264,2.66520e6,-1.32925e6,3.33405e-9
1529140590,29042552.58900197,32141850.888306554,3099.298,4.00468e14,0.4686,2.65332e6,-1.32371e6,3.32015e-9
1529140620,29060142.24827566,32149021.495803513,3088.879,3.94609e14,1.0014,2.62284e6,-1.31817e6,3.30625e-9
1529140650,29077704.823205523,32156138.77037485,3078.434,4.00497e14,0.4759,2.63120e6,-1.31263e6,3.29235e-9
1529140680,29095240.10664556,32163202.67071301,3067.963,4.00003e14,0.3518,2.61848e6,-1.30709e6,3.27845e-9
1529140710,29112747.89257987,32170213.15589038,3057.465,3.93580e14,1.2595,2.58642e6,-1.30155e6,3.26456e-9
1529140740,29130227.976118103,32177170.185357783,3046.942,3.93342e14,1.3193,2.57464e6,-1.29601e6,3.25067e-9
1529140770,29147680.15349103,32184073.718942974,3036.394,4.01071e14,0.6198,2.58865e6,-1.29048e6,3.23678e-9
1529140800,29165104.222046085,32190923.716849152,3025.819,3.95704e14,0.7266,2.56025e6,-1.28494e6,3.22289e-9
1529140830,29182499.980263278,32197720.139666885,3015.220,3.95066e14,0.8868,2.54718e6,-1.27941e6,3.20901e-9
1529140860,29199867.227687627,32204462.948331535,3004.596,4.01370e14,0.6949,2.55631e6,-1.27388e6,3.19513e-9
1529140890,29217205.764988102,32211152.104162987,2993.946,3.99071e14,0.1180,2.53789e6,-1.26835e6,3.18126e-9
1529140920,29234515.39393267,32217787.568851024,2983.272,4.00037e14,0.3604,2.52989e6,-1.26282e6,3.16739e-9
1529140950,29251795.91738411,32224369.304454044,2972.573,3.95194e14,0.8547,2.50354e6,-1.25729e6,3.15352e-9
1529140980,29269047.139295604,32230897.273397688,2961.850,4.03051e14,1.1165,2.51720e6,-1.25176e6,3.13966e-9
1529141010,29286268.86470649,32237371.438473716,2951.103,4.08768e14,2.5508,2.52396e6,-1.24624e6,3.12580e-9
1529141040,29303460.899737928,32243791.762838613,2940.331,3.97781e14,0.2055,2.47858e6,-1.24071e6,3.11194e-9
1529141070,29320623.05158856,32250158.210012384,2929.535,3.95404e14,0.8019,2.46019e6,-1.23519e6,3.09809e-9
1529141100,29337755.128530297,32256470.743877318,2918.716,4.06327e14,1.9385,2.48288e6,-1.22967e6,3.08424e-9
1529141130,29354856.939887397,32262729.328661475,2907.872,4.00049e14,0.3634,2.45246e6,-1.22415e6,3.07040e-9
1529141160,29371928.29608309,32268933.928984504,2897.006,4.00403e14,0.4523,2.44249e6,-1.21864e6,3.05656e-9
1529141190,29388969.0085842,32275084.5098093,2886.116,4.09899e14,2.8345,2.46033e6,-1.21312e6,3.04272e-9
1529141220,29405978.889913235,32281181.036455933,2875.202,4.03230e14,1.1613,2.42894e6,-1.20761e6,3.02889e-9
1529141250,29422957.753643923,32287223.474600315,2864.266,3.95719e14,0.7228,2.39521e6,-1.20209e6,3.01506e-9
1529141280,29439905.41439674,32293211.7902729,2853.306,3.96340e14,0.5671,2.38610e6,-1.19659e6,3.00124e-9
1529141310,29456821.687834594,32299145.94985741,2842.324,4.01725e14,0.7839,2.39120e6,-1.19108e6,2.98742e-9
1529141340,29473706.390658256,32305025.920089543,2831.320,4.04349e14,1.4423,2.38795e6,-1.18557e6,2.97361e-9
1529141370,29490559.340602007,32310851.66805572,2820.292,4.03233e14,1.1621,2.37356e6,-1.18007e6,2.95980e-9
1529141400,29507380.356429197,32316623.161191866,2809.243,3.96395e14,0.5532,2.34234e6,-1.17456e6,2.94600e-9
1529141430,29524169.257945668,32322340.367299657,2798.171,4.00258e14,0.4158,2.34270e6,-1.16906e6,2.93220e-9
1529141460,29540925.865940437,32328003.254491378,2787.077,3.98588e14,0.0031,2.32681e6,-1.16357e6,2.91841e-9
1529141490,29557650.002236344,32333611.79124283,2775.962,3.92461e14,1.5401,2.29802e6,-1.15807e6,2.90462e-9
1529141520,29574341.489668075,32339165.946374856,2764.824,3.95583e14,0.7569,2.29614e6,-1.15257e6,2.89084e-9
1529141550,29591000.152077835,32344665.689052254,2753.666,4.05519e14,1.7356,2.31378e6,-1.14708e6,2.87706e-9
1529141580,29607625.814311188,32350110.98878282,2742.485,4.07258e14,2.1720,2.30769e6,-1.14159e6,2.86329e-9
1529141610,29624218.302212857,32355501.815416384,2731.284,4.02880e14,1.0735,2.28412e6,-1.13610e6,2.84952e-9
1529141640,29640777.442622446,32360838.139143847,2720.061,3.99103e14,0.1260,2.26238e6,-1.13062e6,2.83576e-9
1529141670,29657303.063370302,32366119.93049621,2708.817,3.92656e14,1.4912,2.23321e6,-1.12513e6,2.82200e-9
1529141700,29673794.99327324,32371347.16034364,2697.552,3.92431e14,1.5478,2.22170e6,-1.11965e6,2.80825e-9
1529141730,29690253.06210946,32376519.799882416,2686.267,3.93838e14,1.1948,2.21476e6,-1.11417e6,2.79451e-9
1529141760,29706677.10067873,32381637.82067144,2674.961,3.95539e14,0.7681,2.20860e6,-1.10870e6,2.78077e-9
1529141790,29723066.9407337,32386701.194593705,2663.634,4.07732e14,2.2908,2.23143e6,-1.10322e6,2.76703e-9
1529141820,29739422.41499632,32391709.893867478,2652.287,4.02239e14,0.9129,2.20524e6,-1.09775e6,2.75330e-9
1529141850,29755743.357153494,32396663.891045276,2640.921,3.93450e14,1.2921,2.17017e6,-1.09228e6,2.73958e-9
1529141880,29772029.601852667,32401563.159012835,2629.534,4.00756e14,0.5407,2.17922e6,-1.08681e6,2.72586e-9
1529141910,29788280.984697536,32406407.670988154,2618.127,3.92643e14,1.4947,2.14625e6,-1.08134e6,2.71215e-9
1529141940,29804497.34224352,32411197.400520463,2606.700,3.93007e14,1.4032,2.13639e6,-1.07588e6,2.69845e-9
1529141970,29820678.511993546,32415932.321489207,2595.254,4.01053e14,0.6154,2.14715e6,-1.07042e6,2.68475e-9
1529142000,29836824.332393605,32420612.408103097,2583.788,3.92313e14,1.5774,2.11285e6,-1.06496e6,2.67106e-9
1529142030,29852934.64285103,32425237.634897202,2572.303,3.93273e14,1.3365,2.10458e6,-1.05951e6,2.65737e-9
1529142060,29869009.28366065,32429807.97673778,2560.799,3.98822e14,0.0555,2.10841e6,-1.05405e6,2.64369e-9
1529142090,29885048.096070047,32434323.40881557,2549.275,3.91556e14,1.7672,2.07840e6,-1.04860e6,2.63001e-9
1529142120,29901050.92225295,32438783.906646688,2537.733,3.86362e14,3.0703,2.05401e6,-1.04315e6,2.61634e-9
1529142150,29917017.605305098,32443189.446071625,2526.172,3.90385e14,2.0612,2.05375e6,-1.03770e6,2.60268e-9
1529142180,29932947.98924024,32447540.003254365,2514.592,4.02313e14,0.9313,2.07386e6,-1.03226e6,2.58903e-9
1529142210,29948841.918985978,32451835.55468147,2502.994,3.93423e14,1.2989,2.04003e6,-1.02682e6,2.57537e-9
1529142240,29964699.24037983,32456076.07716114,2491.377,3.91349e14,1.8191,2.02391e6,-1.02138e6,2.56173e-9
1529142270,29980519.80016507,32460261.5478224,2479.742,4.00094e14,0.3747,2.03542e6,-1.01594e6,2.54809e-9
1529142300,29996303.445986725,32464391.944114182,2468.088,3.84920e14,3.4321,1.98607e6,-1.01051e6,2.53446e-9
1529142330,30012050.026364595,32468467.243820768,2456.417,3.84895e14,3.4383,1.97534e6,-1.00508e6,2.52084e-9
1529142360,30027759.390760023,32472487.425010957,2444.728,4.03373e14,1.1972,2.01099e6,-9.99648e5,2.50722e-9
1529142390,30043431.389501028,32476452.466087364,2433.021,4.02157e14,0.8922,1.99704e6,-9.94222e5,2.49361e-9
1529142420,30059065.87380098,32480362.34576959,2421.296,3.95733e14,0.7194,1.97022e6,-9.88798e5,2.48000e-9
1529142450,30074662.69575444,32484217.043093573,2409.554,4.04227e14,1.4115,1.98036e6,-9.83376e5,2.46640e-9
1529142480,30090221.70833298,32488016.537410922,2397.795,4.03160e14,1.1440,1.96683e6,-9.77958e5,2.45281e-9
1529142510,30105742.765381034,32491760.808388416,2386.018,3.91157e14,1.8673,1.92666e6,-9.72541e5,2.43922e-9
1529142540,30121225.721611723,32495449.836007282,2374.224,3.91346e14,1.8201,1.91639e6,-9.67128e5,2.42564e-9
1529142570,30136670.432602715,32499083.600562666,2362.413,3.93133e14,1.3717,1.90998e6,-9.61717e5,2.41207e-9
1529142600,30152076.754792087,32502662.082663048,2350.585,3.87058e14,2.8958,1.88467e6,-9.56308e5,2.39850e-9
1529142630,30167444.545496505,32506185.26320791,2338.741,3.98229e14,0.0932,1.90065e6,-9.50902e5,2.38494e-9
1529142660,30182773.662838556,32509653.123454064,2326.879,4.03130e14,1.1364,1.90148e6,-9.45499e5,2.37139e-9
1529142690,30198063.965811335,32513065.64494798,2315.002,3.96334e14,0.5685,1.87459e6,-9.40099e5,2.35784e-9
1529142720,30213315.31425239,32516422.80954678,2303.107,3.97370e14,0.3086,1.86626e6,-9.34701e5,2.34430e-9
1529142750,30228527.568839815,32519724.599417385,2291.197,3.84691e14,3.4896,1.82593e6,-9.29306e5,2.33077e-9
1529142780,30243700.591088403,32522970.99703588,2279.270,3.85717e14,3.2321,1.81771e6,-9.23913e5,2.31724e-9
1529142810,30258834.24334589,32526161.985186726,2267.328,3.97919e14,0.1710,1.83522e6,-9.18523e5,2.30372e-9
1529142840,30273928.388789047,32529297.546962008,2255.369,3.98027e14,0.1439,1.82470e6,-9.13136e5,2.29020e-9
1529142870,30288982.891419884,32532377.665760722,2243.395,3.92511e14,1.5276,1.80138e6,-9.07751e5,2.27670e-9
1529142900,30303997.61606195,32535402.325288102,2231.405,3.90974e14,1.9132,1.78722e6,-9.02369e5,2.26320e-9
1529142930,30318972.4283389,32538371.50957172,2219.399,3.90026e14,2.1512,1.77443e6,-8.96990e5,2.24970e-9
1529142960,30333907.19472485,32541285.202908825,2207.378,3.94350e14,1.0664,1.77346e6,-8.91613e5,2.23622e-9
1529142990,30348801.782486323,32544143.389917865,2195.342,3.95316e14,0.8241,1.76492e6,-8.86239e5,2.22274e-9
1529143020,30363656.059695948,32546946.05552109,2183.290,3.90552e14,2.0193,1.74370e6,-8.80868e5,2.20926e-9
1529143050,30378469.89522858,32549693.184944026,2171.223,3.97763e14,0.2100,1.74891e6,-8.75499e5,2.19579e-9
1529143080,30393243.158757295,32552384.76371498,2159.142,3.96929e14,0.4194,1.73636e6,-8.70133e5,2.18233e-9
1529143110,30407975.720749665,32555020.777664684,2147.045,3.87963e14,2.6686,1.70622e6,-8.64770e5,2.16888e-9
1529143140,30422667.452463754,32557601.212925714,2134.934,3.90846e14,1.9455,1.70185e6,-8.59409e5,2.15543e-9
1529143170,30437318.225944296,32560126.055932138,2122.808,3.94386e14,1.0573,1.69882e6,-8.54051e5,2.14199e-9
1529143200,30451927.914018895,32562595.293419104,2110.667,3.99787e14,0.2977,1.69967e6,-8.48696e5,2.12856e-9
1529143230,30466496.390301038,32565008.912414234,2098.513,3.99797e14,0.3003,1.68897e6,-8.43343e5,2.11513e-9
1529143260,30481023.529164977,32567366.90026241,2086.343,3.92288e14,1.5836,1.66247e6,-8.37993e5,2.10171e-9
1529143290,30495509.205763344,32569669.244600195,2074.160,3.93024e14,1.3991,1.65340e6,-8.32646e5,2.08830e-9
1529143320,30509953.296016477,32571915.933363486,2061.963,3.88319e14,2.5793,1.63302e6,-8.27301e5,2.07489e-9
1529143350,30524355.67660872,32574106.954787146,2049.751,3.92215e14,1.6020,1.63051e6,-8.21960e5,2.06149e-9
1529143380,30538716.224984776,32576242.297404543,2037.526,3.99503e14,0.2265,1.63484e6,-8.16620e5,2.04810e-9
1529143410,30553034.819345996,32578321.95004716,2025.287,3.97804e14,0.1999,1.62070e6,-8.11284e5,2.03471e-9
1529143440,30567311.338646773,32580345.901844174,2013.035,3.96852e14,0.4387,1.60812e6,-8.05950e5,2.02134e-9
1529143470,30581545.662590947,32582314.142222013,2000.768,3.89822e14,2.2022,1.58337e6,-8.00618e5,2.00796e-9
1529152770,32581336.768660735,30574599.39089505,2006.737,3.99038e14,0.1099,-1.60690e6,8.03045e5,-2.01447e-9
1529152800,32579340.687395416,30560345.70752849,2018.995,4.01794e14,0.8011,-1.62315e6,8.08378e5,-2.02784e-9
1529152830,32577288.901877943,30546049.899743397,2031.239,4.02833e14,1.0617,-1.63599e6,8.13713e5,-2.04123e-9
1529152860,32575181.422850743,30531712.08821109,2043.469,4.03464e14,1.2203,-1.64801e6,8.19051e5,-2.05461e-9
1529152890,32573018.261382863,30517332.394356206,2055.686,4.06805e14,2.0582,-1.66567e6,8.24392e5,-2.06801e-9
1529152920,32570799.428840607,30502910.940357752,2067.888,4.11181e14,3.1563,-1.68557e6,8.29735e5,-2.08141e-9
1529152950,32568524.93688819,30488447.849152636,2080.077,4.07070e14,2.1249,-1.68782e6,8.35081e5,-2.09482e-9
1529152980,32566194.79748819,30473943.244439356,2092.252,4.03545e14,1.2404,-1.69120e6,8.40429e5,-2.10823e-9
1529153010,32563809.022902183,30459397.250681657,2104.412,3.96026e14,0.6459,-1.68601e6,8.45781e5,-2.12165e-9
1529153040,32561367.62569137,30444809.993112255,2116.558,3.87338e14,2.8254,-1.67813e6,8.51135e5,-2.13508e-9
1529153070,32558870.618717037,30430181.597736478,2128.689,3.88814e14,2.4552,-1.69186e6,8.56491e5,-2.14851e-9
1529153100,32556318.015141327,30415512.191336032,2140.806,3.94747e14,0.9668,-1.71528e6,8.61851e5,-2.16196e-9
1529153130,32553709.828400888,30400801.901480395,2152.908,3.93554e14,1.2661,-1.72335e6,8.67213e5,-2.17540e-9
1529153160,32551046.072290212,30386050.85650703,2164.995,3.92088e14,1.6338,-1.73080e6,8.72578e5,-2.18886e-9
1529153190,32548326.76087941,30371259.185548835,2177.068,4.01884e14,0.8239,-1.76302e6,8.77945e5,-2.20232e-9
1529153220,32545551.90854138,30356427.0185304,2189.125,3.98068e14,0.1336,-1.76535e6,8.83315e5,-2.21579e-9
1529153250,32542721.52995219,30341554.486171804,2201.167,3.92913e14,1.4268,-1.76459e6,8.88688e5,-2.22926e-9
1529153280,32539835.64009151,30326641.71999252,2213.194,3.94286e14,1.0824,-1.77835e6,8.94063e5,-2.24274e-9
1529153310,32536894.254243024,30311688.852315407,2225.205,3.91533e14,1.7732,-1.78283e6,8.99441e5,-2.25623e-9
1529153340,32533897.387994807,30296696.016270507,2237.201,3.82727e14,3.9822,-1.77351e6,9.04822e5,-2.26973e-9
1529153370,32530845.057239786,30281663.345799014,2249.182,3.93641e14,1.2441,-1.80898e6,9.10205e5,-2.28323e-9
1529153400,32527737.278176114,30266590.975657195,2261.146,4.04565e14,1.4964,-1.84477e6,9.15592e5,-2.29674e-9
1529153430,32524574.067323375,30251479.04140527,2273.095,3.99405e14,0.2018,-1.84371e6,9.20980e5,-2.31025e-9
1529153460,32521355.441474564,30236327.67945777,2285.028,3.98127e14,0.1189,-1.85153e6,9.26372e5,-2.32377e-9
1529153490,32518081.41774523,30221137.027040835,2296.944,3.99945e14,0.3374,-1.86656e6,9.31766e5,-2.33730e-9
1529153520,32514752.013558228,30205907.22221116,2308.845,4.03655e14,1.2681,-1.88609e6,9.37162e5,-2.35084e-9
1529153550,32511367.24664452,30190638.403859854,2320.729,3.93290e14,1.3323,-1.87245e6,9.42562e5,-2.36438e-9
1529153580,32507927.135043703,30175330.71171624,2332.596,3.90791e14,1.9592,-1.87724e6,9.47964e5,-2.37793e-9
1529153610,32504431.697104797,30159984.286351737,2344.447,3.92022e14,1.6505,-1.89088e6,9.53368e5,-2.39148e-9
1529153640,32500880.951486886,30144599.26918372,2356.282,3.93905e14,1.1780,-1.90613e6,9.58776e5,-2.40504e-9
1529153670,32497274.917159867,30129175.802479383,2368.099,3.98456e14,0.0363,-1.92789e6,9.64185e5,-2.41861e-9
1529153700,32493613.6134052,30113714.02935971,2379.900,4.00590e14,0.4992,-1.94391e6,9.69598e5,-2.43218e-9
1529153730,32489897.059819136,30098214.09381894,2391.683,4.08843e14,2.5697,-1.97495e6,9.75013e5,-2.44576e-9
1529153760,32486125.27630591,30082676.14068031,2403.449,4.00354e14,0.4398,-1.96504e6,9.80431e5,-2.45935e-9
1529153790,32482298.283086125,30067100.315648388,2415.198,3.91776e14,1.7122,-1.95469e6,9.85851e5,-2.47294e-9
1529153820,32478416.100695018,30051486.765297554,2426.929,3.95828e14,0.6955,-1.97552e6,9.91274e5,-2.48655e-9
1529153850,32474478.749983404,30035835.63707607,2438.643,3.99914e14,0.3295,-1.99654e6,9.96699e5,-2.50015e-9
1529153880,32470486.25211841,30020147.07931015,2450.339,3.94182e14,1.1085,-1.99301e6,1.00213e6,-2.51376e-9
1529153910,32466438.62858443,30004421.24120825,2462.017,3.90629e14,1.9998,-1.99483e6,1.00756e6,-2.52738e-9
1529153940,32462335.901183836,29988658.272865113,2473.678,3.95880e14,0.6826,-2.01892e6,1.01299e6,-2.54101e-9
1529153970,32458178.092037898,29972858.32526596,2485.320,3.99327e14,0.1822,-2.03856e6,1.01843e6,-2.55464e-9
1529154000,32453965.22358761,29957021.5502907,2496.944,3.98481e14,0.0301,-2.04727e6,1.02386e6,-2.56828e-9
1529154030,32449697.31857434,29941148.1007059,2508.549,3.96470e14,0.5345,-2.05296e6,1.02930e6,-2.58192e-9
1529154060,32445374.400102798,29925238.13020662,2520.136,3.94071e14,1.1364,-2.05759e6,1.03475e6,-2.59558e-9
1529154090,32440996.491579678,29909291.79338286,2531.705,4.02784e14,1.0495,-2.09115e6,1.04019e6,-2.60923e-9
1529154120,32436563.616734445,29893309.245735943,2543.254,3.98304e14,0.0744,-2.09035e6,1.04564e6,-2.62290e-9
1529154150,32432075.79962007,29877290.643682595,2554.785,3.95853e14,0.6893,-2.09478e6,1.05109e6,-2.63656e-9
1529154180,32427533.064613696,29861236.144559067,2566.297,4.00425e14,0.4578,-2.11777e6,1.05654e6,-2.65024e-9
1529154210,32422935.436417367,29845145.906625323,2577.790,3.93345e14,1.3186,-2.10984e6,1.06200e6,-2.66392e-9
1529154240,32418282.940058768,29829020.089069143,2589.263,3.96115e14,0.6235,-2.12810e6,1.06746e6,-2.67761e-9
1529154270,32413575.60089193,29812858.85201025,2600.717,3.94326e14,1.0723,-2.13417e6,1.07292e6,-2.69130e-9
1529154300,32408813.44459804,29796662.35650451,2612.151,3.81774e14,4.2213,-2.11108e6,1.07838e6,-2.70500e-9
1529154330,32403996.497217514,29780430.764556814,2623.566,3.93637e14,1.2453,-2.15403e6,1.08384e6,-2.71871e-9
1529154360,32399124.785054382,29764164.23909838,2634.961,4.07489e14,2.2301,-2.20274e6,1.08931e6,-2.73242e-9
1529154390,32394198.33477375,29747862.94401785,2646.335,3.99342e14,0.1861,-2.19143e6,1.09478e6,-2.74613e-9
1529154420,32389217.173371587,29731527.044156887,2657.690,4.02142e14,0.8885,-2.21011e6,1.10025e6,-2.75986e-9
1529154450,32384181.32817593,29715156.705314383,2669.025,3.98896e14,0.0743,-2.21210e6,1.10573e6,-2.77359e-9
1529154480,32379090.826847915,29698752.094250806,2680.339,3.95254e14,0.8396,-2.21290e6,1.11120e6,-2.78732e-9
1529154510,32373945.697383,29682313.378692463,2691.632,3.99337e14,0.1848,-2.23525e6,1.11668e6,-2.80106e-9
1529154540,32368745.968112078,29665840.727335807,2702.905,3.97713e14,0.2227,-2.24165e6,1.12216e6,-2.81480e-9
1529154570,32363491.667702653,29649334.309851743,2714.157,3.96105e14,0.6261,-2.24805e6,1.12765e6,-2.82856e-9
1529154600,32358182.825160004,29632794.296889935,2725.389,3.89363e14,2.3175,-2.23982e6,1.13313e6,-2.84231e-9
1529154630,32352819.469791293,29616220.8600752,2736.599,3.91717e14,1.7269,-2.25739e6,1.13862e6,-2.85607e-9
1529154660,32347401.63132096,29599614.172036327,2747.787,4.00835e14,0.5605,-2.29444e6,1.14411e6,-2.86984e-9
1529154690,32341929.33977742,29582974.40638583,2758.955,3.96458e14,0.5376,-2.29283e6,1.14960e6,-2.88361e-9
1529154720,32336402.625530925,29566301.737732198,2770.101,4.00260e14,0.4162,-2.31480e6,1.15509e6,-2.89739e-9
1529154750,32330821.519294526,29549596.341684155,2781.225,3.97995e14,0.1519,-2.31922e6,1.16059e6,-2.91117e-9
1529154780,32325186.052124895,29532858.394854933,2792.328,3.93381e14,1.3095,-2.31671e6,1.16609e6,-2.92496e-9
1529154810,32319496.255423367,29516088.074866645,2803.408,3.95854e14,0.6890,-2.33490e6,1.17159e6,-2.93875e-9
1529154840,32313752.16093677,29499285.56035452,2814.467,3.99335e14,0.1842,-2.35614e6,1.17709e6,-2.95255e-9
1529154870,32307953.800758358,29482451.030971233,2825.503,4.02999e14,1.1035,-2.37803e6,1.18259e6,-2.96635e-9
1529154900,32302101.207328875,29465584.667391215,2836.517,3.99086e14,0.1218,-2.37744e6,1.18810e6,-2.98016e-9
1529154930,32296194.4134783,29448686.65132794,2847.508,3.95879e14,0.6827,-2.37885e6,1.19360e6,-2.99397e-9
1529154960,32290233.45230095,29431757.165498357,2858.476,4.04291e14,1.4275,-2.41513e6,1.19911e6,-3.00779e-9
1529154990,32284218.35728287,29414796.393667214,2869.422,4.03023e14,1.1094,-2.42240e6,1.20462e6,-3.02161e-9
1529155020,32278149.162262328,29397804.520638585,2880.345,3.95430e14,0.7954,-2.41044e6,1.21014e6,-3.03543e-9
1529155050,32272025.901431166,29380781.73226027,2891.244,4.01293e14,0.6754,-2.43930e6,1.21565e6,-3.04927e-9
1529155080,32265848.609336283,29363728.215428226,2902.120,4.07493e14,2.2310,-2.46936e6,1.22117e6,-3.06310e-9
1529155110,32259617.320881058,29346644.15809106,2912.973,4.05840e14,1.8162,-2.47543e6,1.22669e6,-3.07694e-9
1529155140,32253332.071326774,29329529.749254394,2923.802,4.03720e14,1.2845,-2.48002e6,1.23221e6,-3.09078e-9
1529155170,32246992.896294054,29312385.17898534,2934.608,4.01331e14,0.6851,-2.48371e6,1.23773e6,-3.10463e-9
1529155200,32240599.83176436,29295210.638416823,2945.389,3.99938e14,0.3356,-2.49045e6,1.24325e6,-3.11848e-9
1529155230,32234152.91404006,29278006.31972651,2956.147,3.92862e14,1.4397,-2.47935e6,1.24878e6,-3.13234e-9
1529155260,32227652.1798734,29260772.41622003,2966.880,3.91903e14,1.6802,-2.48731e6,1.25430e6,-3.14619e-9
1529155290,32221097.666340068,29243509.12225627,2977.589,4.06587e14,2.0036,-2.54467e6,1.25983e6,-3.16006e-9
1529155320,32214489.410881642,29226216.633277167,2988.273,4.01684e14,0.7736,-2.54027e6,1.26536e6,-3.17392e-9
1529155350,32207827.451306753,29208895.145811904,2998.932,3.91655e14,1.7426,-2.51940e6,1.27089e6,-3.18779e-9
1529155380,32201111.82579218,29191544.857481077,3009.567,3.93788e14,1.2074,-2.53720e6,1.27642e6,-3.20167e-9
1529155410,32194342.57288408,29174165.96700091,3020.177,3.92138e14,1.6212,-2.54289e6,1.28195e6,-3.21554e-9
1529155440,32187519.731498998,29156758.67418747,3030.761,3.95661e14,0.7374,-2.56525e6,1.28749e6,-3.22942e-9
1529155470,32180643.340925097,29139323.179960843,3041.320,3.94628e14,0.9967,-2.57292e6,1.29303e6,-3.24331e-9
1529155500,32173713.440823298,29121859.686349362,3051.854,3.91234e14,1.8481,-2.57289e6,1.29856e6,-3.25719e-9
1529155530,32166730.0712643,29104368.396535143,3062.362,3.91570e14,1.7639,-2.58496e6,1.30410e6,-3.27108e-9
1529155560,32159693.272619434,29086849.514731128,3072.844,3.97042e14,0.3911,-2.61391e6,1.30964e6,-3.28497e-9
1529155590,32152603.08567258,29069303.246312886,3083.300,3.97545e14,0.2647,-2.62663e6,1.31518e6,-3.29887e-9
1529155620,32145459.55158592,29051729.79778192,3093.730,3.95377e14,0.8086,-2.63051e6,1.32072e6,-3.31277e-9
1529155650,32138262.711901546,29034129.376770258,3104.133,3.95857e14,0.6884,-2.64315e6,1.32626e6,-3.32667e-9
1529155680,32131012.608542975,29016502.192045074,3114.510,3.93112e14,1.3768,-2.64503e6,1.33181e6,-3.34057e-9
1529155710,32123709.283816867,28998848.453513224,3124.861,3.98433e14,0.0419,-2.67389e6,1.33735e6,-3.35447e-9
1529155740,32116352.78041456,28981168.37222588,3135.184,4.02510e14,0.9808,-2.69870e6,1.34290e6,-3.36838e-9
1529155770,32108943.141413853,28963462.160383068,3145.481,3.93700e14,1.2294,-2.68005e6,1.34844e6,-3.38229e-9
1529155800,32101480.410280555,28945730.03133813,3155.750,3.96400e14,0.5520,-2.70024e6,1.35399e6,-3.39620e-9
1529155830,32093964.63084529,28927972.199552678,3165.992,3.98748e14,0.0371,-2.71931e6,1.35954e6,-3.41011e-9
1529155860,32086395.847382125,28910188.880754147,3176.207,3.92879e14,1.4354,-2.71031e6,1.36509e6,-3.42403e-9
1529155890,32078774.104533043,28892380.29178669,3186.394,4.02425e14,0.9594,-2.75415e6,1.37064e6,-3.43794e-9
1529155920,32071099.447334416,28874546.650664877,3196.553,3.95690e14,0.7302,-2.74205e6,1.37618e6,-3.45186e-9
1529155950,32063371.921218548,28856688.17657773,3206.684,3.86398e14,3.0613,-2.72090e6,1.38173e6,-3.46578e-9
1529155980,32055591.572015125,28838805.08989272,3216.786,3.89747e14,2.2212,-2.74349e6,1.38728e6,-3.47969e-9
1529156010,32047758.445952807,28820897.612159744,3226.861,4.02193e14,0.9013,-2.79794e6,1.39284e6,-3.49362e-9
1529156040,32039872.58966066,28802965.966115046,3236.907,3.99546e14,0.2372,-2.79981e6,1.39839e6,-3.50754e-9
1529156070,32031934.050169747,28785010.375685196,3246.924,3.89485e14,2.2870,-2.77549e6,1.40394e6,-3.52146e-9
1529156100,32023942.8749146,28767031.065991018,3256.912,3.94018e14,1.1496,-2.80249e6,1.40949e6,-3.53538e-9
1529156130,32015899.111747745,28749028.263396896,3266.871,4.01508e14,0.7295,-2.84012e6,1.41504e6,-3.54930e-9
1529156160,32007802.80890143,28731002.19537482,3276.801,4.01276e14,0.6713,-2.85043e6,1.42059e6,-3.56323e-9
1529156190,31999654.015029177,28712953.090648677,3286.701,3.96762e14,0.4611,-2.84542e6,1.42614e6,-3.57715e-9
1529156220,31991452.77919446,28694881.17915313,3296.572,3.92525e14,1.5241,-2.84128e6,1.43170e6,-3.59107e-9
1529156250,31983199.150872514,28676786.69203789,3306.412,3.96112e14,0.6243,-2.86523e6,1.43725e6,-3.60499e-9
1529156280,31974893.17995203,28658669.86167203,3316.223,4.01310e14,0.6798,-2.89511e6,1.44280e6,-3.61892e-9
1529156310,31966534.916736912,28640530.921648283,3326.004,3.90829e14,1.9497,-2.86817e6,1.44835e6,-3.63284e-9
1529156340,31958124.41194806,28622370.10678733,3335.754,3.91333e14,1.8233,-2.88100e6,1.45390e6,-3.64676e-9
1529156370,31949661.71672517,28604187.65314207,3345.474,3.97873e14,0.1825,-2.91594e6,1.45945e6,-3.66068e-9
1529156400,31941146.882628508,28585983.798001803,3355.163,3.96500e14,0.5269,-2.92198e6,1.46500e6,-3.67460e-9
1529156430,31932579.96163768,28567758.779863395,3364.821,3.96884e14,0.4306,-2.93447e6,1.47055e6,-3.68852e-9
1529156460,31923961.00616302,28549512.83853767,3374.448,4.05369e14,1.6980,-2.97695e6,1.47610e6,-3.70243e-9
1529156490,31915290.06903783,28531246.215051025,3384.044,4.04709e14,1.5325,-2.98569e6,1.48165e6,-3.71635e-9
1529156520,31906567.203523327,28512959.151682474,3393.608,3.97918e14,0.1712,-2.97154e6,1.48720e6,-3.73026e-9
1529156550,31897792.46331055,28494651.89196753,3403.141,3.99455e14,0.2145,-2.98837e6,1.49275e6,-3.74417e-9
1529156580,31888965.90252217,28476324.680701964,3412.641,3.97641e14,0.2408,-2.99266e6,1.49829e6,-3.75808e-9
1529156610,31880087.575714417,28457977.763945624,3422.110,3.96118e14,0.6228,-2.99799e6,1.50384e6,-3.77199e-9
1529156640,31871157.537878957,28439611.389026128,3431.546,3.97562e14,0.2606,-3.01451e6,1.50938e6,-3.78589e-9
1529156670,31862175.84444478,28421225.80454262,3440.950,3.99618e14,0.2552,-3.03339e6,1.51492e6,-3.79979e-9
1529156700,31853142.551280145,28402821.260369428,3450.321,4.05182e14,1.6512,-3.06571e6,1.52047e6,-3.81369e-9
1529156730,31844057.714692745,28384398.007681187,3459.660,4.00182e14,0.3969,-3.05774e6,1.52601e6,-3.82759e-9
1529156760,31834921.391437024,28365956.29889038,3468.965,3.93476e14,1.2857,-3.04308e6,1.53155e6,-3.84148e-9
1529156790,31825733.638710756,28347496.387717135,3478.237,3.94114e14,1.1254,-3.05654e6,1.53708e6,-3.85537e-9
1529156820,31816494.514158737,28329018.529171653,3487.476,3.97892e14,0.1778,-3.08217e6,1.54262e6,-3.86926e-9
1529156850,31807204.075874705,28310522.97955788,3496.681,4.03961e14,1.3448,-3.11679e6,1.54816e6,-3.88314e-9
1529156880,31797862.382403366,28292009.996477228,3505.852,4.06377e14,1.9510,-3.13735e6,1.55369e6,-3.89701e-9
1529156910,31788469.49274235,28273479.838832296,3514.990,4.06198e14,1.9062,-3.14782e6,1.55922e6,-3.91089e-9
1529156940,31779025.466344237,28254932.766830496,3524.093,3.99338e14,0.1852,-3.13206e6,1.56475e6,-3.92475e-9
1529156970,31769530.36311852,28236369.04198772,3533.161,3.98399e14,0.0506,-3.13942e6,1.57028e6,-3.93862e-9
1529157000,31759984.243433677,28217788.927131914,3542.195,4.00285e14,0.4226,-3.15792e6,1.57581e6,-3.95248e-9
1529157030,31750387.168119594,28199192.686392993,3551.194,4.04160e14,1.3949,-3.18436e6,1.58133e6,-3.96633e-9
1529157060,31740739.19846839,28180580.58524841,3560.159,4.01449e14,0.7146,-3.18469e6,1.58685e6,-3.98018e-9
1529157090,31731040.396237735,28161952.89048457,3569.088,3.91825e14,1.6998,-3.15733e6,1.59237e6,-3.99402e-9
1529157120,31721290.82365254,28143309.8702138,3577.981,3.95241e14,0.8429,-3.18195e6,1.59789e6,-4.00785e-9
1529157150,31711490.54340707,28124651.79387759,3586.839,3.92904e14,1.4290,-3.18354e6,1.60340e6,-4.02168e-9
1529157180,31701639.618667014,28105978.932249878,3595.661,3.94745e14,0.9672,-3.20191e6,1.60891e6,-4.03551e-9
1529157210,31691738.113071736,28087291.557440262,3604.447,4.09513e14,2.7377,-3.27267e6,1.61442e6,-4.04933e-9
1529157240,31681786.09073636,28068589.94289714,3613.196,4.05869e14,1.8235,-3.26903e6,1.61993e6,-4.06314e-9
1529157270,31671783.61625392,28049874.363410845,3621.909,4.00894e14,0.5755,-3.25985e6,1.62543e6,-4.07694e-9
1529157300,31661730.754697658,28031145.095116686,3630.586,4.02181e14,0.8984,-3.27615e6,1.63093e6,-4.09073e-9
1529157330,31651627.57162946,28012402.415506005,3639.225,3.97844e14,0.1899,-3.26939e6,1.63643e6,-4.10452e-9
1529157360,31641474.13308269,27993646.60340458,3647.828,3.98805e14,0.0514,-3.28433e6,1.64193e6,-4.11830e-9
1529157390,31631270.505583864,27974877.939000122,3656.393,3.99771e14,0.2937,-3.29930e6,1.64742e6,-4.13207e-9
1529157420,31621016.75614872,27956096.70383727,3664.920,3.98679e14,0.0196,-3.30576e6,1.65291e6,-4.14584e-9
1529157450,31610712.952284474,27937303.18082054,3673.410,4.01645e14,0.7638,-3.32907e6,1.65839e6,-4.15959e-9
1529157480,31600359.161992222,27918497.65421719,3681.862,3.95374e14,0.8095,-3.31390e6,1.66387e6,-4.17334e-9
1529157510,31589955.453769233,27899680.40966004,3690.275,3.93723e14,1.2236,-3.31790e6,1.66935e6,-4.18707e-9
1529157540,31579501.89661138,27880851.73415025,3698.650,3.97400e14,0.3012,-3.34422e6,1.67482e6,-4.20080e-9
1529157570,31568998.560015406,27862011.916060023,3706.987,3.96959e14,0.4119,-3.35328e6,1.68029e6,-4.21452e-9
1529157600,31558445.5139814,27843161.24513531,3715.284,4.01168e14,0.6442,-3.38199e6,1.68576e6,-4.22822e-9
1529157630,31547842.828999568,27824300.012495507,3723.543,3.96088e14,0.6304,-3.37139e6,1.69122e6,-4.24192e-9
1529157660,31537190.576100532,27805428.510645017,3731.762,3.97179e14,0.3567,-3.38691e6,1.69667e6,-4.25561e-9
1529157690,31526488.826809816,27786547.033466775,3739.942,4.03196e14,1.1530,-3.42349e6,1.70213e6,-4.26928e-9
1529157720,31515737.653165575,27767655.876227625,3748.082,4.01617e14,0.7568,-3.42768e6,1.70758e6,-4.28294e-9
1529157750,31504937.12772093,27748755.335580613,3756.182,3.96855e14,0.4380,-3.41814e6,1.71302e6,-4.29660e-9
1529157780,31494087.323546343,27729845.709567342,3764.242,3.97770e14,0.2084,-3.43294e6,1.71846e6,-4.31024e-9
1529157810,31483188.3142319,27710927.297620263,3772.261,4.01367e14,0.6941,-3.45935e6,1.72389e6,-4.32386e-9
1529157840,31472240.173889656,27692000.400564797,3780.240,3.97742e14,0.2154,-3.45452e6,1.72932e6,-4.33748e-9
1529157870,31461242.97715608,27673065.32062149,3788.178,3.97317e14,0.3221,-3.46350e6,1.73474e6,-4.35108e-9
1529157900,31450196.7991944,27654122.36140807,3796.074,3.96201e14,0.6020,-3.46945e6,1.74016e6,-4.36467e-9
1529157930,31439101.7157205,27635171.827939857,3803.930,3.97744e14,0.2149,-3.48700e6,1.74558e6,-4.37825e-9
1529157960,31427957.80293311,27616214.026636556,3811.744,4.01989e14,0.8500,-3.51644e6,1.75098e6,-4.39181e-9
1529157990,31416765.13758872,27597249.265319217,3819.516,4.03287e14,1.1756,-3.53301e6,1.75638e6,-4.40536e-9
1529158020,31405523.79698077,27578277.853213564,3827.246,3.99946e14,0.3376,-3.52910e6,1.76178e6,-4.41889e-9
1529158050,31394233.858942416,27559300.100951757,3834.934,3.95183e14,0.8574,-3.51878e6,1.76717e6,-4.43241e-9
1529158080,31382895.401849188,27540316.320573978,3842.579,3.98858e14,0.0647,-3.54584e6,1.77256e6,-4.44591e-9
1529158110,31371508.504621796,27521326.82553001,3850.182,3.99650e14,0.2632,-3.56013e6,1.77793e6,-4.45940e-9
1529158140,31360073.24672882,27502331.930680737,3857.741,4.01866e14,0.8193,-3.58080e6,1.78330e6,-4.47287e-9
1529158170,31348589.708189473,27483331.952299524,3865.258,4.00801e14,0.5520,-3.58679e6,1.78867e6,-4.48633e-9
1529158200,31337057.969576415,27464327.208073597,3872.731,3.93101e14,1.3798,-3.56289e6,1.79403e6,-4.49977e-9
1529158230,31325478.111991297,27445318.01711085,3880.160,3.99933e14,0.3343,-3.60435e6,1.79938e6,-4.51319e-9
1529158260,31313850.217151385,27426304.699923903,3887.546,3.97887e14,0.1791,-3.60580e6,1.80473e6,-4.52660e-9
1529158290,31302174.367308315,27407287.57844844,3894.887,3.96901e14,0.4262,-3.61199e6,1.81006e6,-4.53998e-9
1529158320,31290450.645277847,27388266.976038657,3902.184,3.99669e14,0.2682,-3.63523e6,1.81539e6,-4.55335e-9
1529158350,31278679.134442486,27369243.217468332,3909.436,3.95234e14,0.8445,-3.62564e6,1.82072e6,-4.56670e-9
1529158380,31266859.91875404,27350216.628931627,3916.643,3.98102e14,0.1251,-3.64935e6,1.82603e6,-4.58004e-9
1529158410,31254993.082736313,27331187.538044013,3923.806,3.98807e14,0.0519,-3.66320e6,1.83134e6,-4.59335e-9
1529158440,31243078.711487655,27312156.27384289,3930.922,3.96260e14,0.5872,-3.66207e6,1.83664e6,-4.60664e-9
1529158470,31231116.890683636,27293123.16678832,3937.994,4.00568e14,0.4937,-3.69253e6,1.84193e6,-4.61992e-9
1529158500,31219107.70657975,27274088.54876348,3945.019,4.02512e14,0.9813,-3.71212e6,1.84722e6,-4.63317e-9
1529158530,31207051.24604031,27255052.753067076,3951.998,4.00924e14,0.5830,-3.71535e6,1.85249e6,-4.64640e-9
1529158560,31194947.59646021,27236016.11443873,3958.931,3.97455e14,0.2874,-3.70975e6,1.85776e6,-4.65962e-9
1529158590,31182796.84584888,27216978.969034024,3965.818,3.89081e14,2.3881,-3.68112e6,1.86302e6,-4.67281e-9
1529158620,31170599.082807012,27197941.654432718,3972.657,3.93714e14,1.2258,-3.71321e6,1.86827e6,-4.68597e-9
1529158650,31158354.396529444,27178904.50963882,3979.450,3.98653e14,0.0131,-3.74683e6,1.87351e6,-4.69912e-9
1529158680,31146062.876808245,27159867.875080444,3986.195,4.00400e14,0.4516,-3.76553e6,1.87874e6,-4.71224e-9
1529158710,31133724.614035778,27140832.09260963,3992.893,3.97973e14,0.1574,-3.76453e6,1.88397e6,-4.72534e-9
1529158740,31121339.69920768,27121797.50550208,3999.542,3.99884e14,0.3221,-3.78400e6,1.88918e6,-4.73842e-9
1529158770,31108908.223925967,27102764.458456695,4006.144,4.03667e14,1.2710,-3.81240e6,1.89438e6,-4.75147e-9
1529158800,31096430.280402098,27083733.29759516,4012.697,3.98651e14,0.0126,-3.79895e6,1.89958e6,-4.76450e-9
1529158830,31083905.961439323,27064704.3704686,4019.202,4.04388e14,1.4520,-3.83673e6,1.90476e6,-4.77750e-9
1529158860,31071335.360499773,27045678.026034232,4025.657,4.02934e14,1.0871,-3.84018e6,1.90994e6,-4.79048e-9
1529158890,31058718.571643345,27026654.614677504,4032.064,3.97851e14,0.1880,-3.82615e6,1.91510e6,-4.80343e-9
1529158920,31046055.689551476,27007634.488203738,4038.421,4.00590e14,0.4991,-3.84964e6,1.92025e6,-4.81636e-9
1529158950,31033346.809530046,26988617.999837212,4044.729,3.96785e14,0.4555,-3.84157e6,1.92540e6,-4.82926e-9
1529158980,31020592.02751237,26969605.50422004,4050.987,3.98680e14,0.0198,-3.86098e6,1.93053e6,-4.84213e-9
1529159010,31007791.440062203,26950597.357411038,4057.194,3.96661e14,0.4865,-3.86143e6,1.93565e6,-4.85497e-9
1529159040,30994945.14437667,26931593.916884404,4063.351,3.92552e14,1.5174,-3.85162e6,1.94076e6,-4.86779e-9
1529159070,30982053.23828929,26912595.541528273,4069.458,4.00296e14,0.4254,-3.89953e6,1.94586e6,-4.88057e-9
1529159100,30969115.82027299,26893602.59164318,4075.513,4.01433e14,0.7107,-3.91529e6,1.95094e6,-4.89333e-9
1529159130,30956132.989453755,26874615.428936463,4081.518,4.01173e14,0.6453,-3.92419e6,1.95602e6,-4.90606e-9
1529159160,30943104.84558091,26855634.416532755,4087.470,3.99439e14,0.2104,-3.92582e6,1.96108e6,-4.91876e-9
1529159190,30930031.489063114,26836659.918959603,4093.372,3.98465e14,0.0340,-3.93113e6,1.96613e6,-4.93142e-9
1529159220,30916913.020960823,26817692.30214944,4099.221,4.03871e14,1.3222,-3.96793e6,1.97117e6,-4.94406e-9
1529159250,30903749.542989526,26798731.933437396,4105.018,4.01681e14,0.7730,-3.96719e6,1.97619e6,-4.95667e-9
1529159280,30890541.15752296,26779779.181558955,4110.762,3.97198e14,0.3520,-3.95497e6,1.98120e6,-4.96924e-9
1529159310,30877287.96759635,26760834.416647557,4116.454,3.97231e14,0.3435,-3.96512e6,1.98620e6,-4.98178e-9
1529159340,30863990.076909665,26741898.010231927,4122.092,3.99790e14,0.2985,-3.98786e6,1.99119e6,-4.99429e-9
1529159370,30850647.58983089,26722970.335233387,4127.677,3.98698e14,0.0246,-3.99235e6,1.99616e6,-5.00676e-9
1529159400,30837260.611399353,26704051.765962973,4133.209,3.94801e14,0.9532,-3.98271e6,2.00112e6,-5.01920e-9
1529159430,30823829.247330166,26685142.678121746,4138.687,3.96519e14,0.5221,-4.00119e6,2.00607e6,-5.03160e-9
1529159460,30810353.604014203,26666243.448787533,4144.110,3.99322e14,0.1811,-4.02517e6,2.01100e6,-5.04397e-9
1529159490,30796833.788524754,26647354.456421833,4149.479,3.96210e14,0.5997,-4.01928e6,2.01591e6,-5.05631e-9
1529159520,30783269.90861984,26628476.08086313,4154.794,4.00029e14,0.3583,-4.04840e6,2.02082e6,-5.06860e-9
1529159550,30769662.07274565,26609608.703323342,4160.053,4.01193e14,0.6504,-4.06411e6,2.02570e6,-5.08087e-9
1529159580,30756010.390039973,26590752.70638415,4165.258,4.00149e14,0.3885,-4.06857e6,2.03058e6,-5.09309e-9
1529159610,30742314.97033557,26571908.473993156,4170.406,4.02886e14,1.0752,-4.09228e6,2.03543e6,-5.10527e-9
1529159640,30728575.924163673,26553076.391459934,4175.500,4.02203e14,0.9038,-4.09852e6,2.04028e6,-5.11742e-9
1529159670,30714793.362757396,26534256.845451828,4180.537,3.96857e14,0.4374,-4.08079e6,2.04510e6,-5.12953e-9
1529159700,30700967.39805524,26515450.22398973,4185.517,3.94578e14,1.0093,-4.07867e6,2.04991e6,-5.14160e-9
1529159730,30687098.142697465,26496656.91643503,4190.441,3.98369e14,0.0581,-4.10775e6,2.05471e6,-5.15363e-9
1529159760,30673185.710051313,26477877.31351138,4195.308,3.98634e14,0.0084,-4.11868e6,2.05949e6,-5.16561e-9
1529159790,30659230.214192774,26459111.807273544,4200.118,3.97049e14,0.3893,-4.11999e6,2.06425e6,-5.17756e-9
1529159820,30645231.769917086,26440360.79111093,4204.871,4.01530e14,0.7349,-4.15272e6,2.06899e6,-5.18946e-9
1529159850,30631190.492742132,26421624.659742463,4209.566,4.04099e14,1.3793,-4.17557e6,2.07372e6,-5.20132e-9
1529159880,30617106.49891194,26402903.80921121,4214.203,3.97395e14,0.3025,-4.15011e6,2.07843e6,-5.21314e-9
1529159910,30602979.90540011,26384198.636879,4218.781,3.95489e14,0.7807,-4.14952e6,2.08313e6,-5.22492e-9
1529159940,30588810.829913378,26365509.541420713,4223.301,3.96477e14,0.5326,-4.16402e6,2.08780e6,-5.23665e-9
1529159970,30574599.39089505,26346836.922818493,4227.762,3.99608e14,0.2528,-4.18974e6,2.09246e6,-5.24833e-9
1529160000,30560345.70752849,26328181.182355795,4232.165,4.00375e14,0.4453,-4.20306e6,2.09710e6,-5.25997e-9
1529160030,30546049.899743397,26309542.72262847,4236.507,4.00065e14,0.3675,-4.21069e6,2.10172e6,-5.27157e-9
1529160060,30531712.08821109,26290921.947485585,4240.790,4.00035e14,0.3598,-4.21975e6,2.10632e6,-5.28311e-9
1529160090,30517332.394356206,26272319.262075864,4245.013,3.97749e14,0.2136,-4.21683e6,2.11091e6,-5.29461e-9
1529160120,30502910.940357752,26253735.0728241,4249.176,3.94923e14,0.9226,-4.21096e6,2.11547e6,-5.30606e-9
1529160150,30488447.849152636,26235169.787424475,4253.278,3.93642e14,1.2441,-4.21319e6,2.12002e6,-5.31746e-9
1529160180,30473943.244439356,26216623.81483379,4257.319,3.97906e14,0.1742,-4.24491e6,2.12454e6,-5.32882e-9
1529160210,30459397.250681657,26198097.565264367,4261.300,4.00371e14,0.4443,-4.26708e6,2.12905e6,-5.34012e-9
1529160240,30444809.993112255,26179591.45017691,4265.219,4.00696e14,0.5257,-4.27780e6,2.13353e6,-5.35137e-9
1529160270,30430181.597736478,26161105.882273115,4269.076,4.01290e14,0.6748,-4.28994e6,2.13800e6,-5.36257e-9
1529160300,30415512.191336032,26142641.275488,4272.871,3.96831e14,0.4439,-4.27490e6,2.14244e6,-5.37372e-9
1529160330,30400801.901480395,26124198.04495812,4276.604,3.94469e14,1.0366,-4.27100e6,2.14686e6,-5.38482e-9
1529160360,30386050.85650703,26105776.607087817,4280.274,4.01266e14,0.6687,-4.31644e6,2.15126e6,-5.39586e-9
1529160390,30371259.185548835,26087377.379466783,4283.882,4.06952e14,2.0952,-4.35597e6,2.15564e6,-5.40685e-9
1529160420,30356427.0185304,26069000.780885443,4287.426,4.02347e14,0.9399,-4.33983e6,2.16000e6,-5.41778e-9
1529160450,30341554.486171804,26050647.231326263,4290.907,3.97876e14,0.1818,-4.32427e6,2.16434e6,-5.42866e-9
1529160480,30326641.71999252,26032317.151954737,4294.325,3.97529e14,0.2689,-4.33100e6,2.16865e6,-5.43948e-9
1529160510,30311688.852315407,26014010.965110302,4297.678,3.94619e14,0.9989,-4.32371e6,2.17294e6,-5.45025e-9
1529160540,30296696.016270507,25995729.09429695,4300.967,4.01176e14,0.6460,-4.36801e6,2.17721e6,-5.46096e-9
1529160570,30281663.345799014,25977471.96417364,4304.191,4.04608e14,1.5071,-4.39531e6,2.18145e6,-5.47161e-9
1529160600,30266590.975657195,25959240.000544596,4307.351,3.98291e14,0.0776,-4.36918e6,2.18567e6,-5.48220e-9
1529160630,30251479.04140527,25941033.630377483,4310.445,3.97366e14,0.3098,-4.37249e6,2.18987e6,-5.49273e-9
1529160660,30236327.67945777,25922853.28170678,4313.474,4.02171e14,0.8957,-4.40727e6,2.19404e6,-5.50320e-9
1529160690,30221137.027040835,25904699.38370994,4316.438,4.01638e14,0.7621,-4.41267e6,2.19819e6,-5.51361e-9
1529160720,30205907.22221116,25886572.366669074,4319.335,3.97211e14,0.3485,-4.39649e6,2.20231e6,-5.52396e-9
1529160750,30190638.403859854,25868472.661960594,4322.166,3.98244e14,0.0895,-4.41039e6,2.20641e6,-5.53424e-9
1529160780,30175330.71171624,25850400.70204434,4324.930,3.97727e14,0.2191,-4.41567e6,2.21049e6,-5.54447e-9
1529160810,30159984.286351737,25832356.920452796,4327.627,3.98728e14,0.0320,-4.42932e6,2.21453e6,-5.55462e-9
1529160840,30144599.26918372,25814341.75177992,4330.258,3.98126e14,0.1190,-4.43402e6,2.21856e6,-5.56472e-9
1529160870,30129175.802479383,25796355.631669816,4332.820,3.97024e14,0.3956,-4.43586e6,2.22255e6,-5.57475e-9
1529160900,30113714.02935971,25778398.996805172,4335.315,3.96870e14,0.4341,-4.44292e6,2.22652e6,-5.58471e-9
1529160930,30098214.09381894,25760472.284866177,4337.742,3.97413e14,0.2979,-4.45383e6,2.23046e6,-5.59460e-9
1529160960,30082676.14068031,25742575.934608676,4340.100,3.99338e14,0.1852,-4.47244e6,2.23438e6,-5.60443e-9
1529160990,30067100.315648388,25724710.38576187,4342.390,3.97231e14,0.3436,-4.46840e6,2.23827e6,-5.61419e-9
1529161020,30051486.765297554,25706876.079044662,4344.611,4.01199e14,0.6518,-4.49842e6,2.24213e6,-5.62387e-9
1529161050,30035835.63707607,25689073.456152797,4346.762,4.02754e14,1.0421,-4.51487e6,2.24596e6,-5.63349e-9
1529161080,30020147.07931015,25671302.959745616,4348.844,4.00384e14,0.4474,-4.50915e6,2.24976e6,-5.64304e-9
1529161110,30004421.24120825,25653565.03343276,4350.856,3.97094e14,0.3780,-4.49812e6,2.25354e6,-5.65252e-9
1529161140,29988658.272865113,25635860.12176047,4352.798,3.97709e14,0.2235,-4.50908e6,2.25729e6,-5.66192e-9
1529161170,29972858.32526596,25618188.670197804,4354.670,4.01178e14,0.6467,-4.53618e6,2.26100e6,-5.67125e-9
1529161200,29957021.5502907,25600551.125122476,4356.470,3.96680e14,0.4818,-4.51803e6,2.26469e6,-5.68050e-9
1529161230,29941148.1007059,25582947.93383615,4358.200,3.94997e14,0.9040,-4.51576e6,2.26835e6,-5.68968e-9
1529161260,29925238.13020662,25565379.544459138,4359.859,3.97888e14,0.1786,-4.53946e6,2.27197e6,-5.69879e-9
1529161290,29909291.79338286,25547846.406006288,4361.445,3.98655e14,0.0137,-4.55102e6,2.27557e6,-5.70782e-9
1529161320,29893309.245735943,25530348.96834301,4362.960,4.01812e14,0.8056,-4.57620e6,2.27914e6,-5.71677e-9
1529161350,29877290.643682595,25512887.68217027,4364.403,3.98955e14,0.0888,-4.56694e6,2.28267e6,-5.72564e-9
1529161380,29861236.144559067,25495462.999009423,4365.773,3.97083e14,0.3807,-4.56322e6,2.28617e6,-5.73443e-9
1529161410,29845145.906625323,25478075.37118679,4367.071,4.01021e14,0.6071,-4.59276e6,2.28964e6,-5.74315e-9
1529161440,29829020.089069143,25460725.251818027,4368.295,3.99949e14,0.3382,-4.59350e6,2.29308e6,-5.75178e-9
1529161470,29812858.85201025,25443413.094792183,4369.446,4.00157e14,0.3904,-4.60152e6,2.29649e6,-5.76033e-9
1529161500,29796662.35650451,25426139.354755618,4370.523,4.02429e14,0.9604,-4.62139e6,2.29986e6,-5.76880e-9
1529161530,29780430.764556814,25408904.487067573,4371.526,4.02796e14,1.0526,-4.63023e6,2.30320e6,-5.77718e-9
1529161560,29764164.23909838,25391708.947869882,4372.455,4.01601e14,0.7529,-4.62997e6,2.30651e6,-5.78548e-9
1529161590,29747862.94401785,25374553.193983797,4373.310,3.99547e14,0.2374,-4.62464e6,2.30978e6,-5.79370e-9
1529161620,29731527.044156887,25357437.6829205,4374.089,3.96127e14,0.6206,-4.61128e6,2.31302e6,-5.80183e-9
1529161650,29715156.705314383,25340362.87286356,4374.794,3.97053e14,0.3882,-4.62305e6,2.31622e6,-5.80987e-9
1529161680,29698752.094250806,25323329.222651105,4375.423,3.97083e14,0.3806,-4.62955e6,2.31939e6,-5.81783e-9
1529161710,29682313.378692463,25306337.191757746,4375.976,3.99654e14,0.2643,-4.65079e6,2.32252e6,-5.82570e-9
1529161740,29665840.727335807,25289387.240276232,4376.453,4.02318e14,0.9326,-4.67253e6,2.32562e6,-5.83348e-9
1529161770,29649334.309851743,25272479.828898907,4376.854,4.02197e14,0.9024,-4.67798e6,2.32868e6,-5.84116e-9
1529161800,29632794.296889935,25255615.41889888,4377.179,3.98874e14,0.0685,-4.66462e6,2.33171e6,-5.84876e-9
1529161830,29616220.8600752,25238794.472135477,4377.426,3.95765e14,0.7113,-4.65240e6,2.33470e6,-5.85626e-9
1529161860,29599614.172036327,25222017.450959425,4377.597,3.98311e14,0.0727,-4.67321e6,2.33765e6,-5.86367e-9
1529161890,29582974.40638583,25205284.818269037,4377.690,3.97227e14,0.3446,-4.67268e6,2.34056e6,-5.87099e-9
1529161920,29566301.737732198,25188597.037466083,4377.705,3.98131e14,0.1179,-4.68373e6,2.34344e6,-5.87822e-9
1529161950,29549596.341684155,25171954.572435997,4377.642,3.97123e14,0.3706,-4.68348e6,2.34627e6,-5.88534e-9
1529161980,29532858.394854933,25155357.887527794,4377.501,3.95475e14,0.7840,-4.67936e6,2.34907e6,-5.89237e-9
1529162010,29516088.074866645,25138807.44753377,4377.281,4.00156e14,0.3903,-4.71248e6,2.35183e6,-5.89931e-9
1529162040,29499285.56035452,25122303.717668917,4376.982,4.02384e14,0.9492,-4.73109e6,2.35455e6,-5.90614e-9
1529162070,29482451.030971233,25105847.163550142,4376.604,3.98002e14,0.1501,-4.71057e6,2.35724e6,-5.91288e-9
1529162100,29465584.667391215,25089438.251175184,4376.146,3.98732e14,0.0330,-4.72017e6,2.35988e6,-5.91951e-9
1529162130,29448686.65132794,25073077.446881887,4375.609,4.00340e14,0.4363,-4.73491e6,2.36248e6,-5.92605e-9
1529162160,29431757.165498357,25056765.21738668,4374.992,3.96634e14,0.4933,-4.71806e6,2.36504e6,-5.93248e-9
1529162190,29414796.393667214,25040502.029702444,4374.294,3.97219e14,0.3465,-4.72657e6,2.36756e6,-5.93881e-9
1529162220,29397804.520638585,25024288.3511358,4373.516,3.98685e14,0.0212,-4.74023e6,2.37003e6,-5.94503e-9
1529162250,29380781.73226027,25008124.649264738,4372.657,3.97409e14,0.2988,-4.73751e6,2.37247e6,-5.95115e-9
1529162280,29363728.215428226,24992011.39191587,4371.717,3.96265e14,0.5860,-4.73548e6,2.37486e6,-5.95716e-9
1529162310,29346644.15809106,24975949.04714148,4370.695,3.96501e14,0.5268,-4.74158e6,2.37721e6,-5.96307e-9
1529162340,29329529.749254394,24959938.083196424,4369.592,3.95342e14,0.8176,-4.73926e6,2.37952e6,-5.96887e-9
1529162370,29312385.17898534,24943978.968514606,4368.406,3.99201e14,0.1508,-4.76684e6,2.38179e6,-5.97456e-9
1529162400,29295210.638416823,24928072.17168531,4367.138,4.00133e14,0.3845,-4.77686e6,2.38401e6,-5.98014e-9
1529162430,29278006.31972651,24912218.1614477,4365.788,4.00583e14,0.4973,-4.78392e6,2.38618e6,-5.98561e-9
1529162460,29260772.41622003,24896417.40661003,4364.355,3.99849e14,0.3132,-4.78380e6,2.38831e6,-5.99097e-9
1529162490,29243509.12225627,24880670.376082234,4362.839,3.94448e14,1.0418,-4.75560e6,2.39040e6,-5.99622e-9
1529162520,29226216.633277167,24864977.53883296,4361.239,3.98850e14,0.0625,-4.78608e6,2.39244e6,-6.00135e-9
1529162550,29208895.145811904,24849339.363864835,4359.556,4.04025e14,1.3609,-4.82116e6,2.39444e6,-6.00637e-9
1529162580,29191544.857481077,24833756.320189554,4357.789,4.01006e14,0.6036,-4.80695e6,2.39639e6,-6.01128e-9
1529162610,29174165.96700091,24818228.876802668,4355.937,3.99347e14,0.1873,-4.80079e6,2.39829e6,-6.01606e-9
1529162640,29156758.67418747,24802757.502658144,4354.001,3.97817e14,0.1966,-4.79530e6,2.40015e6,-6.02073e-9
1529162670,29139323.179960843,24787342.666642666,4351.981,3.99370e14,0.1930,-4.80827e6,2.40196e6,-6.02528e-9
1529162700,29121859.686349362,24771984.837549694,4349.875,4.00995e14,0.6007,-4.82160e6,2.40372e6,-6.02972e-9
1529162730,29104368.396535143,24756684.484033834,4347.684,4.00334e14,0.4349,-4.82106e6,2.40543e6,-6.03403e-9
1529162760,29086849.514731128,24741442.074644588,4345.407,3.99173e14,0.1436,-4.81739e6,2.40710e6,-6.03822e-9
1529162790,29069303.246312886,24726258.07773922,4343.045,4.01858e14,0.8173,-4.83686e6,2.40872e6,-6.04229e-9
1529162820,29051729.79778192,24711132.961475268,4340.597,4.02866e14,1.0701,-4.84610e6,2.41028e6,-6.04623e-9
1529162850,29034129.376770258,24696067.193783276,4338.062,4.00096e14,0.3753,-4.83240e6,2.41180e6,-6.05005e-9
1529162880,29016502.192045074,24681061.24233929,4335.441,4.00156e14,0.3902,-4.83571e6,2.41327e6,-6.05375e-9
1529162910,28998848.453513224,24666115.574537102,4332.733,3.99303e14,0.1763,-4.83339e6,2.41469e6,-6.05732e-9
1529162940,28981168.37222588,24651230.657460213,4329.938,3.98311e14,0.0727,-4.83012e6,2.41605e6,-6.06076e-9
1529162970,28963462.160383068,24636406.957853742,4327.055,3.98604e14,0.0009,-4.83453e6,2.41737e6,-6.06408e-9
1529163000,28945730.03133813,24621644.942095924,4324.085,3.96326e14,0.5705,-4.82325e6,2.41863e6,-6.06726e-9
1529163030,28927972.199552678,24606945.076186642,4321.027,4.00084e14,0.3722,-4.84848e6,2.41985e6,-6.07032e-9
1529163060,28910188.880754147,24592307.82566585,4317.881,4.01293e14,0.6755,-4.85816e6,2.42101e6,-6.07324e-9
1529163090,28892380.29178669,24577733.655637473,4314.647,3.97585e14,0.2546,-4.83786e6,2.42211e6,-6.07603e-9
1529163120,28874546.650664877,24563223.03072315,4311.324,4.01776e14,0.7967,-4.86544e6,2.42317e6,-6.07869e-9
1529163150,28856688.17657773,24548776.415032946,4307.912,4.02668e14,1.0205,-4.87288e6,2.42417e6,-6.08122e-9
1529163180,28838805.08989272,24534394.272135835,4304.411,3.99206e14,0.1519,-4.85373e6,2.42512e6,-6.08361e-9
1529163210,28820897.612159744,24520077.06503005,4300.821,3.94855e14,0.9395,-4.82904e6,2.42601e6,-6.08586e-9
1529163240,28802965.966115046,24505825.25611318,4297.141,3.98140e14,0.1154,-4.85071e6,2.42685e6,-6.08798e-9
1529163270,28785010.375685196,24491639.307152037,4293.371,4.02011e14,0.8556,-4.87586e6,2.42763e6,-6.08996e-9
1529163300,28767031.065991018,24477519.679252423,4289.511,4.01360e14,0.6923,-4.87336e6,2.42836e6,-6.09180e-9
1529163330,28749028.263396896,24463466.832821447,4285.561,3.96353e14,0.5638,-4.84420e6,2.42903e6,-6.09350e-9
1529163360,28731002.19537482,24449481.227559123,4281.521,3.95783e14,0.7069,-4.84196e6,2.42964e6,-6.09506e-9
1529163390,28712953.090648677,24435563.32240514,4277.390,4.03476e14,1.2231,-4.88998e6,2.43020e6,-6.09647e-9
1529163420,28694881.17915313,24421713.57551504,4273.168,4.03076e14,1.1228,-4.88856e6,2.43070e6,-6.09775e-9
1529163450,28676786.69203789,24407932.4442289,4268.854,3.99204e14,0.1513,-4.86584e6,2.43115e6,-6.09888e-9
1529163480,28658669.86167203,24394220.385039844,4264.449,3.99962e14,0.3415,-4.87124e6,2.43153e6,-6.09986e-9
1529163510,28640530.921648283,24380577.85356241,4259.953,3.99271e14,0.1682,-4.86769e6,2.43186e6,-6.10070e-9
1529163540,28622370.10678733,24367005.304500684,4255.365,4.01308e14,0.6792,-4.88067e6,2.43213e6,-6.10139e-9
1529163570,28604187.65314207,24353503.191616308,4250.684,4.01801e14,0.8029,-4.88410e6,2.43234e6,-6.10194e-9
1529163600,28585983.798001803,24340071.96769621,4245.912,3.99323e14,0.1813,-4.86930e6,2.43249e6,-6.10233e-9
1529163630,28567758.779863395,24326712.08451943,4241.047,3.99025e14,0.1066,-4.86767e6,2.43258e6,-6.10258e-9
1529163660,28549512.83853767,24313423.992827356,4236.089,3.97648e14,0.2390,-4.85933e6,2.43262e6,-6.10267e-9
1529163690,28531246.215051025,24300208.14228821,4231.038,3.99927e14,0.3329,-4.87319e6,2.43259e6,-6.10262e-9
1529163720,28512959.151682474,24287064.981465086,4225.894,3.99421e14,0.2059,-4.86993e6,2.43250e6,-6.10241e-9
1529163750,28494651.89196753,24273994.957782947,4220.657,3.97226e14,0.3448,-4.85624e6,2.43234e6,-6.10205e-9
1529163780,28476324.680701964,24260998.517495494,4215.326,3.98812e14,0.0530,-4.86549e6,2.43213e6,-6.10153e-9
1529163810,28457977.763945624,24248076.105651867,4209.902,4.00402e14,0.4520,-4.87465e6,2.43186e6,-6.10085e-9
1529163840,28439611.389026128,24235228.166063208,4204.383,3.99098e14,0.1248,-4.86602e6,2.43152e6,-6.10002e-9
1529163870,28421225.80454262,24222455.14126907,4198.771,3.96128e14,0.6202,-4.84712e6,2.43112e6,-6.09904e-9
1529163900,28402821.260369428,24209757.472503774,4193.064,3.96729e14,0.4694,-4.84986e6,2.43065e6,-6.09789e-9
1529163930,28384398.007681187,24197135.599663634,4187.262,3.99677e14,0.2701,-4.86679e6,2.43012e6,-6.09658e-9
1529163960,28365956.29889038,24184589.961269677,4181.366,4.00790e14,0.5494,-4.87240e6,2.42953e6,-6.09512e-9
1529163990,28347496.387717135,24172120.994436976,4175.375,4.00719e14,0.5316,-4.87066e6,2.42888e6,-6.09349e-9
1529164020,28329018.529171653,24159729.13483945,4169.289,4.01873e14,0.8210,-4.87625e6,2.42816e6,-6.09170e-9
1529164050,28310522.97955788,24147414.816675548,4163.108,3.99478e14,0.2202,-4.86009e6,2.42737e6,-6.08975e-9
1529164080,28292009.996477228,24135178.472633936,4156.832,3.94628e14,0.9966,-4.82887e6,2.42652e6,-6.08763e-9
1529164110,28273479.838832296,24123020.533859085,4150.459,3.94491e14,1.0309,-4.82622e6,2.42560e6,-6.08535e-9
1529164140,28254932.766830496,24110941.429916713,4143.991,4.00158e14,0.3907,-4.85874e6,2.42462e6,-6.08290e-9
1529164170,28236369.04198772,24098941.588759188,4137.427,4.01484e14,0.7234,-4.86470e6,2.42357e6,-6.08028e-9
1529164200,28217788.927131914,24087021.436690856,4130.767,3.99334e14,0.1839,-4.84940e6,2.42245e6,-6.07750e-9
1529164230,28199192.686392993,24075181.3983369,4124.011,3.96742e14,0.4663,-4.83129e6,2.42127e6,-6.07454e-9
1529164260,28180580.58524841,24063421.896597296,4117.159,4.00434e14,0.4600,-4.85122e6,2.42001e6,-6.07142e-9
1529164290,28161952.89048457,24051743.3526232,4110.210,4.02375e14,0.9470,-4.86036e6,2.41869e6,-6.06813e-9
1529164320,28143309.8702138,24040146.185778387,4103.164,4.00248e14,0.4134,-4.84467e6,2.41730e6,-6.06466e-9
1529164350,28124651.79387759,24028630.813604265,4096.021,4.03375e14,1.1979,-4.86071e6,2.41585e6,-6.06102e-9
1529164380,28105978.932249878,24017197.651784807,4088.781,4.00314e14,0.4300,-4.83911e6,2.41432e6,-6.05721e-9
1529164410,28087291.557440262,24005847.114111554,4081.444,3.94032e14,1.1460,-4.79789e6,2.41272e6,-6.05323e-9
1529164440,28068589.94289714,23994579.612448417,4074.010,3.95696e14,0.7287,-4.80465e6,2.41106e6,-6.04907e-9
1529164470,28049874.363410845,23983395.556696538,4066.479,3.97153e14,0.3631,-4.81000e6,2.40932e6,-6.04473e-9
1529164500,28031145.095116686,23972295.35475914,4058.850,3.95543e14,0.7672,-4.79668e6,2.40751e6,-6.04022e-9
1529164530,28012402.415506005,23961279.412505046,4051.123,3.98245e14,0.0891,-4.80925e6,2.40563e6,-6.03553e-9
1529164560,27993646.60340458,23950348.13373729,4043.298,3.99259e14,0.1651,-4.81148e6,2.40369e6,-6.03066e-9
1529164590,27974877.939000122,23939501.920153923,4035.376,4.01096e14,0.6262,-4.81851e6,2.40166e6,-6.02561e-9
1529164620,27956096.70383727,23928741.17131404,4027.356,3.97755e14,0.2122,-4.79420e6,2.39957e6,-6.02038e-9
1529164650,27937303.18082054,23918066.284602452,4019.237,3.94718e14,0.9740,-4.77162e6,2.39741e6,-6.01496e-9
1529164680,27918497.65421719,23907477.65519447,4011.020,3.98302e14,0.0750,-4.78871e6,2.39517e6,-6.00937e-9
1529164710,27899680.40966004,23896975.676020533,4002.705,4.00509e14,0.4789,-4.79735e6,2.39286e6,-6.00359e-9
1529164740,27880851.73415025,23886560.737731032,3994.291,4.02125e14,0.8842,-4.80227e6,2.39047e6,-5.99764e-9
1529164770,27862011.916060023,23876233.228660967,3985.779,4.01426e14,0.7089,-4.79316e6,2.38802e6,-5.99149e-9
1529164800,27843161.24513531,23865993.534794766,3977.168,4.00533e14,0.4849,-4.78274e6,2.38549e6,-5.98516e-9
1529164830,27824300.012495507,23855842.039720915,3968.458,4.02856e14,1.0675,-4.79141e6,2.38288e6,-5.97865e-9
1529164860,27805428.510645017,23845779.124628063,3959.649,4.01468e14,0.7195,-4.77775e6,2.38020e6,-5.97194e-9
1529164890,27786547.033466775,23835805.16823863,3950.742,3.98948e14,0.0872,-4.75719e6,2.37745e6,-5.96505e-9
1529164920,27767655.876227625,23825920.546783715,3941.735,4.01030e14,0.6096,-4.76394e6,2.37462e6,-5.95797e-9
1529164950,27748755.335580613,23816125.633968096,3932.630,3.97285e14,0.3300,-4.73584e6,2.37171e6,-5.95071e-9
1529164980,27729845.709567342,23806420.800935153,3923.425,3.95308e14,0.8260,-4.71814e6,2.36873e6,-5.94325e-9
1529165010,27710927.297620263,23796806.416231986,3914.121,3.96755e14,0.4630,-4.72065e6,2.36567e6,-5.93560e-9
1529165040,27692000.400564797,23787282.84577457,3904.718,4.01890e14,0.8253,-4.74485e6,2.36254e6,-5.92776e-9
1529165070,27673065.32062149,23777850.452813014,3895.215,4.01209e14,0.6544,-4.73438e6,2.35933e6,-5.91973e-9
1529165100,27654122.36140807,23768509.597896893,3885.613,3.98968e14,0.0921,-4.71454e6,2.35604e6,-5.91150e-9
1529165130,27635171.827939857,23759260.638861407,3875.911,3.97428e14,0.2942,-4.69873e6,2.35268e6,-5.90308e-9
1529165160,27616214.026636556,23750103.930729296,3866.110,3.95032e14,0.8952,-4.67774e6,2.34924e6,-5.89447e-9
1529165190,27597249.265319217,23741039.82574048,3856.209,3.97847e14,0.1890,-4.68731e6,2.34572e6,-5.88566e-9
1529165220,27578277.853213564,23732068.673297346,3846.209,4.01065e14,0.6184,-4.69904e6,2.34212e6,-5.87665e-9
1529165250,27559300.100951757,23723190.819930933,3836.109,4.03793e14,1.3028,-4.70768e6,2.33844e6,-5.86745e-9
1529165280,27540316.320573978,23714406.609267157,3825.910,4.00166e14,0.3927,-4.67888e6,2.33469e6,-5.85806e-9
1529165310,27521326.82553001,23705716.381993283,3815.610,4.00368e14,0.4435,-4.67239e6,2.33086e6,-5.84846e-9
1529165340,27502331.930680737,23697120.4758245,3805.211,4.02475e14,0.9720,-4.67686e6,2.32694e6,-5.83867e-9
1529165370,27483331.952299524,23688619.225470595,3794.713,3.99801e14,0.3012,-4.65326e6,2.32295e6,-5.82867e-9
1529165400,27464327.208073597,23680212.962602858,3784.114,3.98109e14,0.1232,-4.63527e6,2.31888e6,-5.81848e-9
1529165430,27445318.01711085,23671902.0158014,3773.416,3.98640e14,0.0099,-4.63007e6,2.31473e6,-5.80809e-9
1529165460,27426304.699923903,23663686.710583467,3762.618,3.98356e14,0.0614,-4.61997e6,2.31050e6,-5.79750e-9
1529165490,27407287.57844844,23655567.36930919,3751.720,3.95772e14,0.7095,-4.59640e6,2.30619e6,-5.78670e-9
1529165520,27388266.976038657,23647544.311169058,3740.723,4.01587e14,0.7492,-4.62124e6,2.30180e6,-5.77570e-9
1529165550,27369243.217468332,23639617.852151506,3729.625,4.06382e14,1.9521,-4.63991e6,2.29732e6,-5.76450e-9
1529165580,27350216.628931627,23631788.305010643,3718.428,3.97519e14,0.2714,-4.57974e6,2.29277e6,-5.75310e-9
1529165610,27331187.538044013,23624055.97923441,3707.132,3.95294e14,0.8296,-4.55771e6,2.28814e6,-5.74150e-9
1529165640,27312156.27384289,23616421.18101266,3695.735,3.99007e14,0.1020,-4.56960e6,2.28342e6,-5.72969e-9
1529165670,27293123.16678832,23608884.21320565,3684.239,3.96873e14,0.4334,-4.54781e6,2.27862e6,-5.71767e-9
1529165700,27274088.54876348,23601445.375312768,3672.643,3.97366e14,0.3098,-4.54089e6,2.27374e6,-5.70545e-9
1529165730,27255052.753067076,23594104.96345142,3660.948,3.98339e14,0.0657,-4.53653e6,2.26878e6,-5.69302e-9
1529165760,27236016.11443873,23586863.27029494,3649.153,3.99857e14,0.3153,-4.53508e6,2.26374e6,-5.68039e-9
1529165790,27216978.969034024,23579720.58507379,3637.258,4.05918e14,1.8357,-4.55917e6,2.25861e6,-5.66755e-9
1529165820,27197941.654432718,23572677.193534978,3625.264,4.03569e14,1.2465,-4.53539e6,2.25340e6,-5.65451e-9
1529165850,27178904.50963882,23565733.377911992,3613.171,3.97322e14,0.3208,-4.48951e6,2.24811e6,-5.64125e-9
1529165880,27159867.875080444,23558889.41689513,3600.978,3.97273e14,0.3329,-4.47851e6,2.24274e6,-5.62779e-9
1529165910,27140832.09260963,23552145.585602026,3588.687,4.01307e14,0.6790,-4.49027e6,2.23728e6,-5.61412e-9
1529165940,27121797.50550208,23545502.15554856,3576.295,3.98695e14,0.0237,-4.46453e6,2.23174e6,-5.60024e-9
1529165970,27102764.458456695,23538959.394619897,3563.805,3.95981e14,0.6571,-4.43813e6,2.22612e6,-5.58616e-9
1529166000,27083733.29759516,23532517.567041982,3551.216,3.99762e14,0.2915,-4.44783e6,2.22041e6,-5.57186e-9
1529166030,27064704.3704686,23526176.93335221,3538.527,3.97598e14,0.2515,-4.42421e6,2.21462e6,-5.55735e-9
1529166060,27045678.026034232,23519937.750374995,3525.740,3.96130e14,0.6197,-4.40435e6,2.20875e6,-5.54263e-9
1529166090,27026654.614677504,23513800.271190077,3512.854,3.96026e14,0.6459,-4.39190e6,2.20279e6,-5.52771e-9
1529166120,27007634.488203738,23507764.745106712,3499.870,3.96399e14,0.5523,-4.38192e6,2.19675e6,-5.51257e-9
1529166150,26988617.999837212,23501831.417636532,3486.787,4.00414e14,0.4551,-4.39179e6,2.19062e6,-5.49722e-9
1529166180,26969605.50422004,23496000.530467022,3473.605,3.99110e14,0.1279,-4.37220e6,2.18441e6,-5.48166e-9
1529166210,26950597.357411038,23490272.32143513,3460.325,4.02537e14,0.9876,-4.37834e6,2.17811e6,-5.46588e-9
1529166240,26931593.916884404,23484647.024501365,3446.947,4.00959e14,0.5918,-4.35692e6,2.17174e6,-5.44990e-9
1529166270,26912595.541528273,23479124.86972416,3433.471,3.94747e14,0.9668,-4.31021e6,2.16527e6,-5.43370e-9
1529166300,26893602.59164318,23473706.083234664,3419.897,3.98733e14,0.0333,-4.31878e6,2.15872e6,-5.41729e-9
1529166330,26874615.428936463,23468390.88720695,3406.225,4.02078e14,0.8724,-4.32358e6,2.15209e6,-5.40067e-9
1529166360,26855634.416532755,23463179.49984848,3392.455,3.99868e14,0.3180,-4.29819e6,2.14537e6,-5.38384e-9
1529166390,26836659.918959603,23458072.13536147,3378.588,3.97789e14,0.2035,-4.27342e6,2.13857e6,-5.36679e-9
1529166420,26817692.30214944,23453069.003923606,3364.623,3.97520e14,0.2711,-4.25822e6,2.13168e6,-5.34953e-9
1529166450,26798731.933437396,23448170.31166483,3350.562,3.96979e14,0.4067,-4.24142e6,2.12471e6,-5.33205e-9
1529166480,26779779.181558955,23443376.260644265,3336.403,3.97883e14,0.1799,-4.23215e6,2.11765e6,-5.31436e-9
1529166510,26760834.416647557,23438687.048827715,3322.147,3.94667e14,0.9867,-4.20085e6,2.11051e6,-5.29646e-9
1529166540,26741898.010231927,23434102.87006548,3307.795,3.96418e14,0.5474,-4.19571e6,2.10328e6,-5.27835e-9
1529166570,26722970.335233387,23429623.914070547,3293.346,3.98640e14,0.0098,-4.19282e6,2.09597e6,-5.26002e-9
1529166600,26704051.765962973,23425250.366397332,3278.801,3.97950e14,0.1631,-4.17442e6,2.08857e6,-5.24148e-9
1529166630,26685142.678121746,23420982.408428896,3264.160,3.98506e14,0.0237,-4.16237e6,2.08109e6,-5.22272e-9
1529166660,26666243.448787533,23416820.217331465,3249.423,3.96205e14,0.6010,-4.13527e6,2.07352e6,-5.20375e-9
1529166690,26647354.456421833,23412763.96605914,3234.590,3.96443e14,0.5412,-4.12125e6,2.06586e6,-5.18457e-9
1529166720,26628476.08086313,23408813.823326457,3219.662,3.99815e14,0.3048,-4.12324e6,2.05812e6,-5.16517e-9
1529166750,26609608.703323342,23404969.95358925,3204.639,3.99962e14,0.3415,-4.10833e6,2.05030e6,-5.14556e-9
1529166780,26590752.70638415,23401232.51702599,3189.520,3.97832e14,0.1927,-4.08157e6,2.04239e6,-5.12573e-9
1529166810,26571908.473993156,23397601.669519622,3174.307,3.96613e14,0.4985,-4.05938e6,2.03440e6,-5.10569e-9
1529166840,26553076.391459934,23394077.56263982,3158.999,3.96080e14,0.6324,-4.04056e6,2.02632e6,-5.08544e-9
1529166870,26534256.845451828,23390660.34362571,3143.597,3.99416e14,0.2046,-4.04119e6,2.01815e6,-5.06498e-9
1529166900,26515450.22398973,23387350.155369073,3128.100,3.99020e14,0.1052,-4.02268e6,2.00990e6,-5.04430e-9
1529166930,26496656.91643503,23384147.136387084,3112.510,3.99831e14,0.3088,-4.01008e6,2.00157e6,-5.02340e-9
1529166960,26477877.31351138,23381051.420840003,3096.826,3.99203e14,0.1512,-3.99008e6,1.99315e6,-5.00230e-9
1529166990,26459111.807273544,23378063.138482325,3081.049,4.00434e14,0.4600,-3.97920e6,1.98465e6,-4.98098e-9
1529167020,26440360.79111093,23375182.41465856,3065.178,3.98924e14,0.0811,-3.95450e6,1.97606e6,-4.95945e-9
1529167050,26421624.659742463,23372409.370288752,3049.215,3.90733e14,1.9739,-3.89671e6,1.96739e6,-4.93770e-9
1529167080,26402903.80921121,23369744.12185444,3033.160,3.97342e14,0.3158,-3.91186e6,1.95863e6,-4.91575e-9
1529167110,26384198.636879,23367186.781385187,3017.012,4.00257e14,0.4156,-3.90848e6,1.94979e6,-4.89358e-9
1529167140,26365509.541420713,23364737.456445478,3000.772,3.98249e14,0.0883,-3.88081e6,1.94086e6,-4.87120e-9
1529167170,26346836.922818493,23362396.25012226,2984.441,3.97541e14,0.2659,-3.85937e6,1.93185e6,-4.84861e-9
1529167200,26328181.182355795,23360163.26101288,2968.018,3.95572e14,0.7599,-3.83171e6,1.92275e6,-4.82581e-9
1529167230,26309542.72262847,23358038.58322448,2951.504,3.96269e14,0.5849,-3.81677e6,1.91357e6,-4.80279e-9
1529167260,26290921.947485585,23356022.306329563,2934.900,3.97496e14,0.2770,-3.80417e6,1.90431e6,-4.77957e-9
1529167290,26272319.262075864,23354114.515388913,2918.205,3.98978e14,0.0948,-3.79256e6,1.89497e6,-4.75613e-9
1529167320,26253735.0728241,23352315.29093097,2901.420,4.00149e14,0.3885,-3.77924e6,1.88554e6,-4.73249e-9
1529167350,26235169.787424475,23350624.70894248,2884.545,4.04427e14,1.4617,-3.78032e6,1.87602e6,-4.70863e-9
1529167380,26216623.81483379,23349042.840859603,2867.581,3.98909e14,0.0775,-3.73514e6,1.86643e6,-4.68457e-9
1529167410,26198097.565264367,23347569.75355973,2850.528,3.97629e14,0.2438,-3.70982e6,1.85675e6,-4.66030e-9
1529167440,26179591.45017691,23346205.50935363,2833.386,4.02216e14,0.9070,-3.71158e6,1.84698e6,-4.63582e-9
1529167470,26161105.882273115,23344950.165978253,2816.156,3.95206e14,0.8517,-3.65948e6,1.83714e6,-4.61113e-9
1529167500,26142641.275488,23343803.77658997,2798.837,4.00234e14,0.4097,-3.66278e6,1.82721e6,-4.58624e-9
1529167530,26124198.04495812,23342766.38974731,2781.432,4.03980e14,1.3496,-3.65981e6,1.81720e6,-4.56114e-9
1529167560,26105776.607087817,23341838.04943952,2763.939,3.94674e14,0.9850,-3.59728e6,1.80711e6,-4.53583e-9
1529167590,26087377.379466783,23341018.795047227,2746.359,3.92533e14,1.5222,-3.56738e6,1.79694e6,-4.51032e-9
1529167620,26069000.780885443,23340308.66134881,2728.692,3.94826e14,0.9469,-3.55732e6,1.78668e6,-4.48460e-9
1529167650,26050647.231326263,23339707.678516217,2710.940,3.98694e14,0.0236,-3.55399e6,1.77634e6,-4.45868e-9
1529167680,26032317.151954737,23339215.872111402,2693.101,3.99942e14,0.3365,-3.53869e6,1.76592e6,-4.43255e-9
1529167710,26014010.965110302,23338833.263083253,2675.178,4.08911e14,2.5866,-3.55718e6,1.75543e6,-4.40622e-9
1529167740,25995729.09429695,23338559.86776499,2657.169,4.04277e14,1.4240,-3.51545e6,1.74485e6,-4.37969e-9
1529167770,25977471.96417364,23338395.69787227,2639.076,3.91926e14,1.6745,-3.44022e6,1.73419e6,-4.35295e-9
1529167800,25959240.000544596,23338340.760501623,2620.899,3.96610e14,0.4993,-3.43919e6,1.72345e6,-4.32602e-9
1529167830,25941033.630377483,23338395.058140013,2602.639,3.96367e14,0.5603,-3.41656e6,1.71263e6,-4.29888e-9
1529167860,25922853.28170678,23338558.58863253,2584.295,3.91120e14,1.8767,-3.37241e6,1.70173e6,-4.27155e-9
1529167890,25904699.38370994,23338831.34521444,2565.868,3.92602e14,1.5048,-3.35696e6,1.69075e6,-4.24401e-9
1529167920,25886572.366669074,23339213.316501696,2547.359,4.01806e14,0.8042,-3.37382e6,1.67969e6,-4.21628e-9
1529167950,25868472.661960594,23339704.486492313,2528.768,4.02062e14,0.8685,-3.35253e6,1.66855e6,-4.18835e-9
1529167980,25850400.70204434,23340304.83456825,2510.096,3.95517e14,0.7736,-3.30278e6,1.65734e6,-4.16022e-9
1529168010,25832356.920452796,23341014.335497893,2491.343,3.98047e14,0.1390,-3.29074e6,1.64605e6,-4.13190e-9
1529168040,25814341.75177992,23341832.95943901,2472.509,4.03875e14,1.3233,-3.29193e6,1.63468e6,-4.10338e-9
1529168070,25796355.631669816,23342760.671942268,2453.595,3.99823e14,0.3066,-3.25238e6,1.62323e6,-4.07467e-9
1529168100,25778398.996805172,23343797.433955356,2434.602,3.99933e14,0.3344,-3.22974e6,1.61171e6,-4.04576e-9
1529168130,25760472.284866177,23344943.201815356,2415.529,3.96346e14,0.5656,-3.19209e6,1.60011e6,-4.01667e-9
1529168160,25742575.934608676,23346197.92729136,2396.378,3.94081e14,1.1338,-3.15978e6,1.58843e6,-3.98738e-9
1529168190,25724710.38576187,23347561.557552744,2377.149,4.02292e14,0.9261,-3.16891e6,1.57668e6,-3.95790e-9
1529168220,25706876.079044662,23349034.035187326,2357.842,3.96594e14,0.5034,-3.12276e6,1.56485e6,-3.92823e-9
1529168250,25689073.456152797,23350615.29820801,2338.458,3.90728e14,1.9751,-3.07615e6,1.55294e6,-3.89837e-9
1529168280,25671302.959745616,23352305.28005998,2318.998,3.97538e14,0.2666,-3.07877e6,1.54097e6,-3.86832e-9
1529168310,25653565.03343276,23354103.909628365,2299.461,4.00836e14,0.5609,-3.06736e6,1.52891e6,-3.83809e-9
1529168340,25635860.12176047,23356011.11124649,2279.849,3.94592e14,1.0056,-3.01927e6,1.51679e6,-3.80767e-9
1529168370,25618188.670197804,23358026.80470461,2260.162,3.91305e14,1.8303,-2.98257e6,1.50459e6,-3.77707e-9
1529168400,25600551.125122476,23360150.905259192,2240.400,4.00054e14,0.3647,-2.99103e6,1.49232e6,-3.74628e-9
1529168430,25582947.93383615,23362383.323657554,2220.565,4.02664e14,1.0194,-2.97599e6,1.47997e6,-3.71532e-9
1529168460,25565379.544459138,23364723.966102514,2200.656,3.98820e14,0.0551,-2.93687e6,1.46755e6,-3.68417e-9
1529168490,25547846.406006288,23367172.73430891,2180.674,3.97576e14,0.2570,-2.90735e6,1.45507e6,-3.65284e-9
1529168520,25530348.96834301,23369729.52550027,2160.619,3.92654e14,1.4920,-2.86443e6,1.44251e6,-3.62133e-9
1529168550,25512887.68217027,23372394.232420877,2140.493,4.00455e14,0.4652,-2.86736e6,1.42987e6,-3.58964e-9
1529168580,25495462.999009423,23375166.74334815,2120.296,4.00278e14,0.4209,-2.84127e6,1.41717e6,-3.55778e-9
1529168610,25478075.37118679,23378046.942105748,2100.028,3.88894e14,2.4350,-2.77554e6,1.40440e6,-3.52574e-9
1529168640,25460725.251818027,23381034.708076987,2079.691,3.96116e14,0.6234,-2.77540e6,1.39156e6,-3.49353e-9
1529168670,25443413.094792183,23384129.916218817,2059.283,4.00074e14,0.3697,-2.76337e6,1.37865e6,-3.46114e-9
1529168700,25426139.354755618,23387332.43707635,2038.807,3.95439e14,0.7931,-2.72147e6,1.36568e6,-3.42859e-9
1529168730,25408904.487067573,23390642.136778932,2018.262,3.93264e14,1.3387,-2.68810e6,1.35263e6,-3.39586e-9
1529174070,23390660.34362571,25409087.028697792,2018.427,3.98650e14,0.0124,2.70706e6,-1.35320e6,3.39611e-9
1529174100,23387350.155369073,25426324.52065223,2038.974,3.98445e14,0.0391,2.73244e6,-1.36624e6,3.42884e-9
1529174130,23384147.136387084,25443600.892565466,2059.454,3.96534e14,0.5184,2.75177e6,-1.37921e6,3.46140e-9
1529174160,23381051.420840003,25460915.688841663,2079.864,3.99482e14,0.2213,2.78782e6,-1.39211e6,3.49379e-9
1529174190,23378063.138482325,25478268.454609312,2100.205,4.03676e14,1.2734,2.82831e6,-1.40495e6,3.52601e-9
1529174220,23375182.41465856,25495658.7357542,2120.476,4.00280e14,0.4213,2.84193e6,-1.41771e6,3.55805e-9
1529174250,23372409.370288752,25513086.0789356,2140.677,3.94707e14,0.9767,2.84737e6,-1.43040e6,3.58992e-9
1529174280,23369744.12185444,25530550.031602263,2160.806,3.95304e14,0.8270,2.87467e6,-1.44303e6,3.62161e-9
1529174310,23367186.781385187,25548050.142008215,2180.863,3.95698e14,0.7282,2.90111e6,-1.45558e6,3.65312e-9
1529174340,23364737.456445478,25565585.959228173,2200.849,3.96788e14,0.4548,2.93001e6,-1.46806e6,3.68446e-9
1529174370,23362396.25012226,25583157.03317285,2220.761,3.96634e14,0.4934,2.95421e6,-1.48047e6,3.71561e-9
1529174400,23360163.26101288,25600762.91460396,2240.600,3.94055e14,1.1403,2.96917e6,-1.49281e6,3.74658e-9
1529174430,23358038.58322448,25618403.15516054,2260.365,3.95174e14,0.8595,2.99780e6,-1.50508e6,3.77737e-9
1529174460,23356022.306329563,25636077.30733805,2280.055,3.96866e14,0.4352,3.02853e6,-1.51727e6,3.80798e-9
1529174490,23354114.515388913,25653784.9245381,2299.670,3.97617e14,0.2468,3.05560e6,-1.52939e6,3.83840e-9
1529174520,23352315.29093097,25671525.56107123,2319.210,4.01604e14,0.7536,3.09510e6,-1.54143e6,3.86864e-9
1529174550,23350624.70894248,25689298.772170875,2338.674,4.06210e14,1.9092,3.13709e6,-1.55340e6,3.89869e-9
1529174580,23349042.840859603,25707104.1140071,2358.061,4.00364e14,0.4424,3.13815e6,-1.56530e6,3.92856e-9
1529174610,23347569.75355973,25724941.14370012,2377.371,3.99101e14,0.1257,3.15686e6,-1.57712e6,3.95823e-9
1529174640,23346205.50935363,25742809.419333644,2396.604,4.01595e14,0.7512,3.19031e6,-1.58887e6,3.98771e-9
1529174670,23344950.165978253,25760708.499967925,2415.758,3.97522e14,0.2705,3.19739e6,-1.60054e6,4.01701e-9
1529174700,23343803.77658997,25778637.945652615,2434.834,4.00983e14,0.5978,3.23455e6,-1.61213e6,4.04611e-9
1529174730,23342766.38974731,25796597.317434475,2453.831,4.00517e14,0.4808,3.25576e6,-1.62365e6,4.07502e-9
1529174760,23341838.04943952,25814586.17738509,2472.748,3.96214e14,0.5987,3.26104e6,-1.63509e6,4.10374e-9
1529174790,23341018.795047227,25832604.088597815,2491.585,4.01743e14,0.7883,3.30656e6,-1.64645e6,4.13226e-9
1529174820,23340308.66134881,25850650.615204647,2510.342,3.97374e14,0.3076,3.31105e6,-1.65773e6,4.16059e-9
1529174850,23339707.678516217,25868725.322388005,2529.018,3.96051e14,0.6396,3.32789e6,-1.66894e6,4.18872e-9
1529174880,23339215.872111402,25886827.77639213,2547.612,3.99704e14,0.2769,3.36549e6,-1.68007e6,4.21666e-9
1529174910,23338833.263083253,25904957.544534534,2566.124,4.02388e14,0.9502,3.39901e6,-1.69112e6,4.24439e-9
1529174940,23338559.86776499,25923114.19521698,2584.554,4.01875e14,0.8215,3.41888e6,-1.70209e6,4.27193e-9
1529174970,23338395.69787227,25941297.29793643,2602.902,3.94860e14,0.9384,3.41060e6,-1.71298e6,4.29927e-9
1529175000,23338340.760501623,25959506.4232956,2621.166,3.96647e14,0.4900,3.43986e6,-1.72380e6,4.32641e-9
1529175030,23338395.058140013,25977741.14301384,2639.346,3.99131e14,0.1332,3.47209e6,-1.73453e6,4.35335e-9
1529175060,23338558.58863253,25996001.02993632,2657.442,3.97834e14,0.1923,3.48773e6,-1.74518e6,4.38009e-9
1529175090,23338831.34521444,26014285.65804511,2675.454,3.99893e14,0.3243,3.51793e6,-1.75575e6,4.40663e-9
1529175120,23339213.316501696,26032594.602468602,2693.381,4.05435e14,1.7146,3.56352e6,-1.76625e6,4.43296e-9
1529175150,23339704.486492313,26050927.439491186,2711.223,4.02457e14,0.9675,3.57125e6,-1.77666e6,4.45909e-9
1529175180,23340304.83456825,26069283.746562663,2728.979,3.95866e14,0.6860,3.56245e6,-1.78699e6,4.48502e-9
1529175210,23341014.335497893,26087663.1023075,2746.649,3.96524e14,0.5210,3.58585e6,-1.79723e6,4.51074e-9
1529175240,23341832.95943901,26106065.08653381,2764.232,4.00737e14,0.5360,3.62525e6,-1.80740e6,4.53626e-9
1529175270,23342760.671942268,26124489.28024223,2781.729,3.96798e14,0.4521,3.62751e6,-1.81749e6,4.56157e-9
1529175300,23343797.433955356,26142935.26563452,2799.138,3.99425e14,0.2068,3.65952e6,-1.82749e6,4.58668e-9
1529175330,23344943.201815356,26161402.6261248,2816.459,4.01497e14,0.7266,3.68894e6,-1.83741e6,4.61158e-9
1529175360,23346197.92729136,26179890.94633937,2833.693,3.99492e14,0.2236,3.69940e6,-1.84725e6,4.63627e-9
1529175390,23347561.557552744,26198399.812133122,2850.838,3.98719e14,0.0298,3.71533e6,-1.85700e6,4.66076e-9
1529175420,23349034.035187326,26216928.810594827,2867.895,3.97069e14,0.3841,3.72696e6,-1.86667e6,4.68503e-9
1529175450,23350615.29820801,26235477.53005476,2884.862,3.96836e14,0.4427,3.74500e6,-1.87626e6,4.70910e-9
1529175480,23352305.28005998,26254045.560092296,2901.740,3.98377e14,0.0561,3.77127e6,-1.88577e6,4.73296e-9
1529175510,23354103.909628365,26272632.491543297,2918.529,3.97207e14,0.3496,3.78455e6,-1.89519e6,4.75661e-9
1529175540,23356011.11124649,26291237.91650721,2935.227,3.95042e14,0.8928,3.79285e6,-1.90453e6,4.78004e-9
1529175570,23358026.80470461,26309861.428354144,2951.835,3.96487e14,0.5301,3.81822e6,-1.91379e6,4.80327e-9
1529175600,23360150.905259192,26328502.621731628,2968.352,3.97702e14,0.2255,3.84238e6,-1.92296e6,4.82629e-9
1529175630,23362383.323657554,26347161.092568226,2984.778,3.97564e14,0.2601,3.85987e6,-1.93205e6,4.84910e-9
1529175660,23364723.966102514,26365836.43808925,3001.112,3.95081e14,0.8831,3.86576e6,-1.94105e6,4.87169e-9
1529175690,23367172.73430891,26384528.256813947,3017.356,3.97814e14,0.1973,3.89690e6,-1.94997e6,4.89408e-9
1529175720,23369729.52550027,26403236.14856448,3033.507,3.99874e14,0.3194,3.92468e6,-1.95880e6,4.91625e-9
1529175750,23372394.232420877,26421959.714471813,3049.565,4.00135e14,0.3849,3.94350e6,-1.96755e6,4.93821e-9
1529175780,23375166.74334815,26440698.556981437,3065.532,3.98720e14,0.0300,3.95386e6,-1.97622e6,4.95996e-9
1529175810,23378046.942105748,26459452.279859006,3081.405,3.96382e14,0.5566,3.95938e6,-1.98480e6,4.98150e-9
1529175840,23381034.708076987,26478220.48819562,3097.186,3.98780e14,0.0451,3.98832e6,-1.99330e6,5.00282e-9
1529175870,23384129.916218817,26497002.788413066,3112.873,3.98066e14,0.1341,4.00157e6,-2.00171e6,5.02393e-9
1529175900,23387332.43707635,26515798.788268924,3128.466,3.93337e14,1.3205,3.99436e6,-2.01004e6,5.04482e-9
1529175930,23390642.136778932,26534608.096859336,3143.966,3.95898e14,0.6780,4.02370e6,-2.01828e6,5.06551e-9
1529175960,23394058.877113465,26553430.324630264,3159.371,4.02876e14,1.0726,4.07546e6,-2.02644e6,5.08598e-9
1529175990,23397582.51548246,26572265.083375335,3174.683,4.03495e14,1.2278,4.09485e6,-2.03451e6,5.10623e-9
1529176020,23401212.904938936,26591111.986242454,3189.899,4.01487e14,0.7242,4.10063e6,-2.04250e6,5.12628e-9
1529176050,23404949.89420309,26609970.647738125,3205.021,4.00479e14,0.4713,4.11131e6,-2.05040e6,5.14611e-9
1529176080,23408793.32767944,26628840.683731467,3220.047,3.96188e14,0.6053,4.10481e6,-2.05822e6,5.16572e-9
1529176110,23412743.045474473,26647721.71145829,3234.979,3.97807e14,0.1990,4.12863e6,-2.06595e6,5.18512e-9
1529176140,23416798.883414693,26666613.349524833,3249.814,3.96957e14,0.4124,4.13948e6,-2.07360e6,5.20431e-9
1529176170,23420960.673065115,26685515.21791157,3264.555,3.95751e14,0.7149,4.14828e6,-2.08116e6,5.22328e-9
1529176200,23425228.241748247,26704426.93797668,3279.199,3.99348e14,0.1877,4.18204e6,-2.08863e6,5.24204e-9
1529176230,23429601.412583563,26723348.132472172,3293.747,3.99430e14,0.2080,4.19726e6,-2.09603e6,5.26059e-9
1529176260,23434080.004445795,26742278.42550806,3308.198,3.93577e14,1.2603,4.18099e6,-2.10333e6,5.27892e-9
1529176290,23438663.83204675,26761217.442594845,3322.554,3.92020e14,1.6510,4.18710e6,-2.11055e6,5.29704e-9
1529176320,23443352.705936365,26780164.81063401,3336.812,3.93511e14,1.2768,4.20918e6,-2.11769e6,5.31495e-9
1529176350,23448146.432524037,26799120.157920767,3350.974,3.93136e14,1.3710,4.22119e6,-2.12474e6,5.33264e-9
1529176380,23453044.81410039,26818083.114147115,3365.038,3.99420e14,0.2056,4.26865e6,-2.13171e6,5.35011e-9
1529176410,23458047.648859523,26837053.310404442,3379.006,4.01793e14,0.8009,4.29516e6,-2.13859e6,5.36738e-9
1529176440,23463154.730921548,26856030.379186105,3392.876,3.98832e14,0.0580,4.29287e6,-2.14539e6,5.38443e-9
1529176470,23468365.850355633,26875013.95438988,3406.648,3.99988e14,0.3481,4.31254e6,-2.15210e6,5.40127e-9
1529176500,23473680.793203384,26894003.671320196,3420.323,3.99782e14,0.2965,4.32470e6,-2.15872e6,5.41789e-9
1529176530,23479099.341482114,26912999.16666672,3433.900,4.00220e14,0.4063,4.34018e6,-2.16527e6,5.43431e-9
1529176560,23484621.27327216,26932000.078579165,3447.379,4.03219e14,1.1587,4.36947e6,-2.17172e6,5.45051e-9
1529176590,23490246.362678442,26951006.046596076,3460.760,4.00912e14,0.5800,4.36968e6,-2.17810e6,5.46649e-9
1529176620,23495974.379875533,26970016.711670097,3474.042,3.98930e14,0.0827,4.37143e6,-2.18439e6,5.48227e-9
1529176650,23501805.091132756,26989031.716169324,3487.227,3.99291e14,0.1734,4.38583e6,-2.19059e6,5.49783e-9
1529176680,23507738.258839674,27008050.70387863,3500.312,3.95122e14,0.8727,4.37509e6,-2.19671e6,5.51319e-9
1529176710,23513773.641531926,27027073.320000883,3513.300,3.93746e14,1.2178,4.37951e6,-2.20275e6,5.52833e-9
1529176740,23519910.993917357,27046099.21115799,3526.188,3.94435e14,1.0451,4.39515e6,-2.20870e6,5.54326e-9
1529176770,23526150.06690257,27065128.025391843,3538.978,3.91804e14,1.7050,4.39221e6,-2.21457e6,5.55798e-9
1529176800,23532490.607619725,27084159.41216519,3551.669,3.94225e14,1.0977,4.41717e6,-2.22035e6,5.57249e-9
1529176830,23538932.35947414,27103193.022391174,3564.261,3.99298e14,0.1750,4.45685e6,-2.22605e6,5.58679e-9
1529176860,23545475.06210924,27122228.508345272,3576.753,3.99213e14,0.1536,4.46761e6,-2.23167e6,5.60088e-9
1529176890,23552118.4514967,27141265.523754824,3589.147,3.92253e14,1.5924,4.43961e6,-2.23721e6,5.61476e-9
1529176920,23558862.25994471,27160303.72377083,3601.441,3.94248e14,1.0919,4.46166e6,-2.24266e6,5.62843e-9
1529176950,23565706.21612659,27179342.764968675,3613.637,3.97120e14,0.3715,4.48853e6,-2.24803e6,5.64190e-9
1529176980,23572650.0451097,27198382.30534853,3625.732,3.97668e14,0.2339,4.50219e6,-2.25331e6,5.65515e-9
1529177010,23579693.46838471,27217422.004335824,3637.729,3.99247e14,0.1623,4.52153e6,-2.25852e6,5.66820e-9
1529177040,23586836.20389511,27236461.52278154,3649.625,3.97858e14,0.1863,4.52388e6,-2.26364e6,5.68104e-9
1529177070,23594077.96606701,27255500.522962425,3661.423,3.99190e14,0.1479,4.54153e6,-2.26867e6,5.69368e-9
1529177100,23601418.465839244,27274538.66858104,3673.120,4.00046e14,0.3627,4.55634e6,-2.27363e6,5.70610e-9
1529177130,23608857.410673838,27293575.62474096,3684.718,4.01347e14,0.6890,4.57353e6,-2.27850e6,5.71833e-9
1529177160,23616394.504647594,27312611.058023278,3696.217,3.97887e14,0.1791,4.56332e6,-2.28330e6,5.73034e-9
1529177190,23624029.448422145,27331644.636409663,3707.615,3.98495e14,0.0265,4.57623e6,-2.28801e6,5.74216e-9
1529177220,23631761.93929451,27350676.02930662,3718.914,4.01357e14,0.6917,4.60195e6,-2.29264e6,5.75376e-9
1529177250,23639591.671228226,27369704.907545008,3730.113,3.97781e14,0.2056,4.59046e6,-2.29719e6,5.76517e-9
1529177280,23647518.33488476,27388730.943379153,3741.213,3.96925e14,0.4202,4.59444e6,-2.30165e6,5.77637e-9
1529177310,23655541.617655117,27407753.81048622,3752.212,3.95537e14,0.7685,4.59516e6,-2.30604e6,5.78737e-9
1529177340,23663661.203691658,27426773.1839652,3763.112,3.94552e14,1.0157,4.59802e6,-2.31035e6,5.79816e-9
1529177370,23671876.773940116,27445788.740335967,3773.912,3.98805e14,0.0514,4.63114e6,-2.31457e6,5.80876e-9
1529177400,23680188.006171834,27464800.157538135,3784.612,4.00399e14,0.4513,4.64870e6,-2.31872e6,5.81915e-9
1529177430,23688594.57503547,27483807.11494275,3795.213,3.98339e14,0.0657,4.64484e6,-2.32279e6,5.82935e-9
1529177460,23697096.15203041,27502809.29331177,3805.713,4.00982e14,0.5975,4.66824e6,-2.32677e6,5.83934e-9
1529177490,23705692.405598637,27521806.37483599,3816.114,4.01102e14,0.6276,4.67678e6,-2.33068e6,5.84914e-9
1529177520,23714383.001138907,27540798.043121006,3826.415,3.97458e14,0.2866,4.66311e6,-2.33451e6,5.85873e-9
1529177550,23723167.60103993,27559783.98318598,3836.616,3.97578e14,0.2565,4.67130e6,-2.33826e6,5.86813e-9
1529177580,23732045.864713933,27578763.88146213,3846.718,3.99897e14,0.3253,4.69226e6,-2.34193e6,5.87733e-9
1529177610,23741017.448630236,27597737.425791323,3856.720,3.98349e14,0.0632,4.69034e6,-2.34552e6,5.88634e-9
1529177640,23750082.00634907,27616704.305424485,3866.622,3.96606e14,0.5003,4.68709e6,-2.34904e6,5.89515e-9
1529177670,23759239.18855548,27635664.211020075,3876.425,4.01162e14,0.6425,4.72084e6,-2.35248e6,5.90376e-9
1529177700,23768488.643093403,27654616.834642272,3886.128,3.98404e14,0.0492,4.71128e6,-2.35584e6,5.91218e-9
1529177730,23777830.01497938,27673561.869763315,3895.732,3.97644e14,0.2400,4.71333e6,-2.35912e6,5.92041e-9
1529177760,23787262.94649989,27692499.01124944,3905.236,4.00766e14,0.5433,4.73824e6,-2.36233e6,5.92844e-9
1529177790,23796787.07718265,27711427.955371402,3914.641,3.98656e14,0.0140,4.73199e6,-2.36545e6,5.93628e-9
1529177820,23806402.04385135,27730348.399798583,3923.946,3.95890e14,0.6801,4.72165e6,-2.36851e6,5.94393e-9
1529177850,23816107.480660193,27749260.04359698,3933.153,3.94992e14,0.9052,4.72224e6,-2.37149e6,5.95139e-9
1529177880,23825903.01912838,27768162.58722715,3942.260,3.95927e14,0.6707,4.73358e6,-2.37439e6,5.95866e-9
1529177910,23835788.288174834,27787055.732542165,3951.267,3.96413e14,0.5489,4.74211e6,-2.37721e6,5.96574e-9
1529177940,23845762.914152887,27805939.18278531,3960.176,3.96227e14,0.5954,4.74648e6,-2.37996e6,5.97263e-9
1529177970,23855826.520885125,27824812.642587923,3968.986,3.98109e14,0.1233,4.76307e6,-2.38264e6,5.97933e-9
1529178000,23865978.729698252,27843675.817967024,3977.697,4.01613e14,0.7558,4.78924e6,-2.38524e6,5.98585e-9
1529178030,23876219.15948174,27862528.41630424,3986.309,4.00705e14,0.5279,4.78887e6,-2.38777e6,5.99218e-9
1529178060,23886547.42664978,27881370.146401,3994.823,4.00710e14,0.5292,4.79381e6,-2.39022e6,5.99833e-9
1529178090,23896963.145249814,27900200.718418013,4003.238,4.02115e14,0.8817,4.80702e6,-2.39260e6,6.00429e-9
1529178120,23907465.92697397,27919019.8438913,4011.554,3.98041e14,0.1403,4.78716e6,-2.39491e6,6.01006e-9
1529178150,23918055.381194465,27937827.23572944,4019.772,3.95046e14,0.8917,4.77361e6,-2.39715e6,6.01565e-9
1529178180,23928731.114998933,27956622.608210657,4027.891,3.97870e14,0.1832,4.79491e6,-2.39931e6,6.02107e-9
1529178210,23939492.733225875,27975405.676979944,4035.913,3.98567e14,0.0085,4.80328e6,-2.40140e6,6.02630e-9
1529178240,23950339.838500064,27994176.159046125,4043.836,3.96609e14,0.4996,4.79550e6,-2.40342e6,6.03135e-9
1529178270,23961272.03126791,28012933.772778824,4051.662,3.98186e14,0.1040,4.80890e6,-2.40536e6,6.03622e-9
1529178300,23972288.909832925,28031678.237905443,4059.389,3.98992e14,0.0982,4.81751e6,-2.40724e6,6.04091e-9
1529178330,23983390.07036484,28050409.275533002,4067.019,4.00984e14,0.5979,4.83315e6,-2.40904e6,6.04542e-9
1529178360,23994575.107016195,28069126.608068258,4074.552,3.99451e14,0.2135,4.82736e6,-2.41077e6,6.04976e-9
1529178390,24005843.611875996,28087829.959291663,4081.986,3.96617e14,0.4975,4.81353e6,-2.41244e6,6.05392e-9
1529178420,24017195.175031345,28106519.054329418,4089.324,4.02305e14,0.9295,4.85116e6,-2.41403e6,6.05790e-9
1529178450,24028629.384602614,28125193.619650465,4096.564,4.03694e14,1.2778,4.86263e6,-2.41556e6,6.06171e-9
1529178480,24040145.826778475,28143853.383063402,4103.708,4.01191e14,0.6499,4.85037e6,-2.41701e6,6.06535e-9
1529178510,24051744.085851017,28162498.073713545,4110.754,3.96040e14,0.6423,4.82189e6,-2.41840e6,6.06881e-9
1529178540,24063423.74425073,28181127.42207967,4117.704,3.94462e14,1.0382,4.81493e6,-2.41972e6,6.07211e-9
1529178570,24075184.382581517,28199741.159970943,4124.557,3.98562e14,0.0097,4.84232e6,-2.42097e6,6.07523e-9
1529178600,24087025.57965563,28218339.020523675,4131.313,4.00237e14,0.4106,4.85486e6,-2.42215e6,6.07818e-9
1529178630,24098946.912556082,28236920.738177214,4137.974,3.98829e14,0.0574,4.84853e6,-2.42326e6,6.08096e-9
1529178660,24110947.95658639,28255486.048735134,4144.538,3.97043e14,0.3907,4.83975e6,-2.42431e6,6.08358e-9
1529178690,24123028.285391126,28274034.68929721,4151.006,3.96883e14,0.4309,4.84073e6,-2.42529e6,6.08603e-9
1529178720,24135187.47096301,28292566.398276795,4157.379,3.94575e14,1.0099,4.82850e6,-2.42621e6,6.08831e-9
1529178750,24147425.083677758,28311080.915397286,4163.656,3.94967e14,0.9116,4.83257e6,-2.42706e6,6.09042e-9
1529178780,24159740.692328885,28329577.981688417,4169.837,3.98623e14,0.0057,4.85640e6,-2.42784e6,6.09238e-9
1529178810,24172133.8641624,28348057.33948272,4175.923,3.99654e14,0.2644,4.86412e6,-2.42856e6,6.09417e-9
1529178840,24184604.164911386,28366518.732411735,4181.915,3.98238e14,0.0909,4.85679e6,-2.42921e6,6.09579e-9
1529178870,24197151.158830497,28384961.905402258,4187.811,3.98234e14,0.0918,4.85794e6,-2.42980e6,6.09726e-9
1529178900,24209774.408730343,28403386.604672637,4193.612,3.98020e14,0.1457,4.85768e6,-2.43033e6,6.09856e-9
1529178930,24222473.47598534,28421792.577741448,4199.319,3.95576e14,0.7588,4.84369e6,-2.43079e6,6.09971e-9
1529178960,24235247.92064961,28440179.573385034,4204.932,3.94144e14,1.1180,4.83574e6,-2.43119e6,6.10069e-9
1529178990,24248097.301408574,28458547.34167246,4210.450,3.98543e14,0.0144,4.86325e6,-2.43153e6,6.10152e-9
1529179020,24261021.175639372,28476895.63394913,4215.874,4.00074e14,0.3696,4.87313e6,-2.43180e6,6.10219e-9
1529179050,24274019.099444512,28495224.20283296,4221.205,3.96192e14,0.6042,4.84986e6,-2.43201e6,6.10271e-9
1529179080,24287090.627685204,28513532.80221063,4226.442,3.97956e14,0.1617,4.86091e6,-2.43216e6,6.10307e-9
1529179110,24300235.31401476,28531821.187233668,4231.586,4.02507e14,0.9802,4.88887e6,-2.43225e6,6.10328e-9
1529179140,24313452.710911658,28550089.114314623,4236.636,4.01807e14,0.8044,4.88464e6,-2.43228e6,6.10333e-9
1529179170,24326742.369712677,28568336.341123134,4241.594,3.98817e14,0.0543,4.86632e6,-2.43225e6,6.10324e-9
1529179200,24340103.84064575,28586562.626582045,4246.459,4.01138e14,0.6365,4.88029e6,-2.43215e6,6.10299e-9
1529179230,24353536.672888625,28604767.73085659,4251.231,4.02155e14,0.8918,4.88619e6,-2.43200e6,6.10259e-9
1529179260,24367040.414521303,28622951.41537166,4255.911,3.97053e14,0.3882,4.85463e6,-2.43179e6,6.10204e-9
1529179290,24380614.612639386,28641113.442786537,4260.499,3.96630e14,0.4945,4.85149e6,-2.43152e6,6.10135e-9
1529179320,24394258.8133603,28659253.576997697,4264.995,3.97595e14,0.2521,4.85672e6,-2.43119e6,6.10051e-9
1529179350,24407972.561855655,28677371.58313476,4269.399,4.02825e14,1.0598,4.88784e6,-2.43080e6,6.09952e-9
1529179380,24421755.40238343,28695467.227556445,4273.712,4.02368e14,0.9451,4.88415e6,-2.43036e6,6.09839e-9
1529179410,24435606.878320023,28713540.27784644,4277.933,3.98739e14,0.0347,4.86101e6,-2.42986e6,6.09711e-9
1529179440,24449526.532192033,28731590.502809305,4282.064,4.00234e14,0.4098,4.86900e6,-2.42930e6,6.09569e-9
1529179470,24463513.905707933,28749617.67246628,4286.104,3.97935e14,0.1670,4.85375e6,-2.42868e6,6.09413e-9
1529179500,24477568.539789505,28767621.55805121,4290.053,3.99517e14,0.2299,4.86203e6,-2.42801e6,6.09243e-9
1529179530,24491689.97457568,28785601.932012927,4293.912,4.00308e14,0.4283,4.86539e6,-2.42728e6,6.09059e-9
1529179560,24505877.74953851,28803558.56799069,4297.681,3.99677e14,0.2701,4.85997e6,-2.42650e6,6.08860e-9
1529179590,24520131.4034285,28821491.240830585,4301.360,3.97722e14,0.2203,4.84639e6,-2.42566e6,6.08648e-9
1529179620,24534450.474332817,28839399.726574607,4304.949,3.99437e14,0.2098,4.85503e6,-2.42476e6,6.08423e-9
1529179650,24548834.499705583,28857283.80245663,4308.449,4.02364e14,0.9443,4.87093e6,-2.42382e6,6.08184e-9
1529179680,24563283.01639788,28875143.246898044,4311.860,4.01194e14,0.6507,4.86180e6,-2.42281e6,6.07931e-9
1529179710,24577795.560687684,28892977.839503698,4315.182,3.99466e14,0.2172,4.84917e6,-2.42176e6,6.07665e-9
1529179740,24592371.668309476,28910787.36105759,4318.416,3.99223e14,0.1563,4.84548e6,-2.42065e6,6.07385e-9
1529179770,24607010.87448375,28928571.593518652,4321.561,3.96839e14,0.4419,4.82867e6,-2.41949e6,6.07092e-9
1529179800,24621712.713946275,28946330.320016507,4324.618,3.97563e14,0.2603,4.83064e6,-2.41828e6,6.06787e-9
1529179830,24636476.721008174,28964063.3248365,4327.587,3.99297e14,0.1747,4.83862e6,-2.41701e6,6.06468e-9
1529179860,24651302.429489054,28981770.39344856,4330.468,3.98500e14,0.0252,4.83115e6,-2.41570e6,6.06136e-9
1529179890,24666189.372842025,28999451.312469423,4333.262,3.99263e14,0.1662,4.83303e6,-2.41433e6,6.05791e-9
1529179920,24681137.08415113,29017105.86966923,4335.969,3.99029e14,0.1076,4.82877e6,-2.41291e6,6.05434e-9
1529179950,24696145.096159898,29034733.85396699,4338.589,3.99687e14,0.2725,4.82980e6,-2.41144e6,6.05064e-9
1529179980,24711212.941299565,29052335.055426333,4341.122,4.03005e14,1.1051,4.84683e6,-2.40993e6,6.04682e-9
1529180010,24726340.15171723,29069909.265251078,4343.569,4.00111e14,0.3791,4.82618e6,-2.40836e6,6.04287e-9
1529180040,24741526.25930362,29087456.27578079,4345.930,3.94140e14,1.1189,4.78688e6,-2.40674e6,6.03880e-9
1529180070,24756770.79572073,29104975.88048648,4348.205,3.95183e14,0.8573,4.78985e6,-2.40508e6,6.03460e-9
1529180100,24772073.292429164,29122467.873966176,4350.395,3.98396e14,0.0513,4.80581e6,-2.40336e6,6.03029e-9
1529180130,24787433.280684803,29139932.051957786,4352.499,4.00483e14,0.4723,4.81485e6,-2.40160e6,6.02585e-9
1529180160,24802850.291659858,29157368.211281434,4354.518,3.99100e14,0.1253,4.80289e6,-2.39979e6,6.02130e-9
1529180190,24818323.856374856,29174776.149888787,4356.452,3.99470e14,0.2181,4.80140e6,-2.39794e6,6.01663e-9
1529180220,24833853.505755417,29192155.666841365,4358.302,3.98859e14,0.0648,4.79391e6,-2.39603e6,6.01184e-9
1529180250,24849438.77065823,29209506.56230631,4360.068,4.00204e14,0.4024,4.79808e6,-2.39408e6,6.00693e-9
1529180280,24865079.181896705,29226828.63755213,4361.749,3.99728e14,0.2828,4.79121e6,-2.39209e6,6.00191e-9
1529180310,24880774.270266443,29244121.694944467,4363.347,3.99373e14,0.1937,4.78499e6,-2.39005e6,5.99677e-9
1529180340,24896523.566570356,29261385.53794185,4364.862,3.98347e14,0.0636,4.77466e6,-2.38796e6,5.99152e-9
1529180370,24912326.60164368,29278619.97109136,4366.293,3.98636e14,0.0089,4.77212e6,-2.38583e6,5.98616e-9
1529180400,24928182.906378664,29295824.80002441,4367.642,4.00583e14,0.4974,4.77941e6,-2.38365e6,5.98068e-9
1529180430,24944092.01177457,29312999.831428897,4368.908,4.00004e14,0.3521,4.77149e6,-2.38143e6,5.97510e-9
1529180460,24960053.44888316,29330144.873117577,4370.091,3.98717e14,0.0292,4.75927e6,-2.37917e6,5.96940e-9
1529180490,24976066.74891189,29347259.733950656,4371.193,3.95219e14,0.8483,4.73379e6,-2.37686e6,5.96360e-9
1529180520,24992131.443222214,29364344.22385502,4372.213,3.95717e14,0.7233,4.73207e6,-2.37451e6,5.95769e-9
1529180550,25008247.06335333,29381398.15381971,4373.151,3.97140e14,0.3664,4.73576e6,-2.37212e6,5.95167e-9
1529180580,25024413.141045645,29398421.335891366,4374.008,4.00861e14,0.5670,4.75302e6,-2.36968e6,5.94555e-9
1529180610,25040629.20826409,29415413.583169773,4374.784,4.01775e14,0.7963,4.75347e6,-2.36720e6,5.93932e-9
1529180640,25056894.797221117,29432374.70980332,4375.480,3.99315e14,0.1793,4.73382e6,-2.36469e6,5.93298e-9
1529180670,25073209.440399442,29449304.530984472,4376.095,3.97767e14,0.2090,4.71951e6,-2.36213e6,5.92655e-9
1529180700,25089572.67057456,29466202.862945367,4376.630,3.95857e14,0.6882,4.70301e6,-2.35953e6,5.92001e-9
1529180730,25105984.020817064,29483069.522980563,4377.086,3.95149e14,0.8659,4.69355e6,-2.35689e6,5.91337e-9
1529180760,25122443.02457632,29499904.32935835,4377.461,3.97127e14,0.3697,4.69989e6,-2.35421e6,5.90663e-9
1529180790,25138949.21564028,29516707.10140088,4377.758,3.98959e14,0.0901,4.70526e6,-2.35149e6,5.89979e-9
1529180820,25155502.12817687,29533477.65945255,4377.976,3.95573e14,0.7596,4.67978e6,-2.34873e6,5.89285e-9
1529180850,25172101.29675517,29550215.824875787,4378.115,3.96280e14,0.5820,4.67836e6,-2.34593e6,5.88582e-9
1529180880,25188746.256366167,29566921.42004682,4378.175,3.98330e14,0.0678,4.68475e6,-2.34309e6,5.87869e-9
1529180910,25205436.542443454,29583594.268351585,4378.158,3.97135e14,0.3677,4.67198e6,-2.34022e6,5.87146e-9
1529180940,25222171.690883543,29600234.194181412,4378.063,4.00937e14,0.5863,4.68846e6,-2.33730e6,5.86414e-9
1529180970,25238951.23806594,29616841.02292892,4377.890,3.99691e14,0.2737,4.67523e6,-2.33435e6,5.85672e-9
1529181000,25255774.72087309,29633414.580983788,4377.640,3.95435e14,0.7940,4.64435e6,-2.33136e6,5.84922e-9
1529181030,25272641.67672833,29649954.69570018,4377.313,4.00686e14,0.5233,4.66900e6,-2.32834e6,5.84161e-9
1529181060,25289551.6435587,29666461.19548015,4376.910,4.03171e14,1.1466,4.67735e6,-2.32528e6,5.83392e-9
1529181090,25306504.159870826,29682933.90968158,4376.430,3.98620e14,0.0048,4.64460e6,-2.32218e6,5.82614e-9
1529181120,25323498.764751613,29699372.668642234,4375.874,3.97025e14,0.3953,4.62905e6,-2.31905e6,5.81827e-9
1529181150,25340534.997887056,29715777.303675283,4375.242,3.96802e14,0.4512,4.62143e6,-2.31588e6,5.81031e-9
1529181180,25357612.39958084,29732147.64706491,4374.535,3.94772e14,0.9606,4.60325e6,-2.31268e6,5.80226e-9
1529181210,25374730.510772686,29748483.532061927,4373.753,3.96156e14,0.6132,4.60482e6,-2.30944e6,5.79413e-9
1529181240,25391888.873056404,29764784.79287927,4372.896,4.00053e14,0.3644,4.62084e6,-2.30617e6,5.78591e-9
1529181270,25409087.028697792,29781051.26468772,4371.964,3.96188e14,0.6053,4.59188e6,-2.30287e6,5.77760e-9
1529181300,25426324.52065223,29797282.783611383,4370.958,3.95220e14,0.8481,4.57964e6,-2.29953e6,5.76921e-9
1529181330,25443600.892565466,29813479.186751384,4369.878,3.96194e14,0.6037,4.57853e6,-2.29616e6,5.76074e-9
1529181360,25460915.688841663,29829640.312095273,4368.725,3.94432e14,1.0458,4.56160e6,-2.29275e6,5.75218e-9
1529181390,25478268.454609312,29845765.99859908,4367.498,3.97178e14,0.3568,4.57053e6,-2.28931e6,5.74355e-9
1529181420,25495658.7357542,29861856.08615524,4366.197,3.99142e14,0.1359,4.57485e6,-2.28584e6,5.73483e-9
1529181450,25513086.0789356,29877910.415588517,4364.824,3.98922e14,0.0807,4.56658e6,-2.28234e6,5.72603e-9
1529181480,25530550.031602263,29893928.82865194,4363.379,4.00536e14,0.4855,4.56873e6,-2.27881e6,5.71715e-9
1529181510,25548050.142008215,29909911.168022733,4361.861,4.01689e14,0.7750,4.56817e6,-2.27525e6,5.70820e-9
1529181540,25565585.959228173,29925857.27729822,4360.271,3.98613e14,0.0031,4.54341e6,-2.27165e6,5.69916e-9
1529181570,25583157.03317285,29941767.00099184,4358.610,3.97846e14,0.1893,4.53179e6,-2.26802e6,5.69005e-9
1529181600,25600762.91460396,29957640.18452908,4356.877,4.00209e14,0.4036,4.53790e6,-2.26437e6,5.68087e-9
1529181630,25618403.15516054,29973476.674216375,4355.074,3.99202e14,0.1508,4.52480e6,-2.26068e6,5.67161e-9
1529181660,25636077.30733805,29989276.31732049,4353.199,3.99358e14,0.1899,4.51824e6,-2.25697e6,5.66228e-9
1529181690,25653784.9245381,30005038.961980883,4351.254,4.01759e14,0.7923,4.52431e6,-2.25322e6,5.65287e-9
1529181720,25671525.56107123,30020764.457232494,4349.239,4.00229e14,0.4085,4.50809e6,-2.24945e6,5.64339e-9
1529181750,25689298.772170875,30036452.653001584,4347.154,3.97245e14,0.3401,4.48365e6,-2.24564e6,5.63383e-9
1529181780,25707104.1140071,30052103.400101405,4344.999,3.98035e14,0.1419,4.48045e6,-2.24181e6,5.62421e-9
1529181810,25724941.14370012,30067716.5502281,4342.775,3.99773e14,0.2940,4.48248e6,-2.23795e6,5.61452e-9
1529181840,25742809.419333644,30083291.955956377,4340.483,4.00717e14,0.5310,4.47999e6,-2.23407e6,5.60476e-9
1529181870,25760708.499967925,30098829.47073543,4338.121,3.98878e14,0.0696,4.46184e6,-2.23015e6,5.59492e-9
1529181900,25778637.945652615,30114328.948884666,4335.691,3.96072e14,0.6343,4.43828e6,-2.22621e6,5.58503e-9
1529181930,25796597.317434475,30129790.24561513,4333.193,3.99138e14,0.1348,4.44746e6,-2.22224e6,5.57506e-9
1529181960,25814586.17738509,30145213.21694668,4330.627,4.02282e14,0.9235,4.45696e6,-2.21825e6,5.56503e-9
1529181990,25832604.088597815,30160597.71978276,4327.994,3.99745e14,0.2871,4.43478e6,-2.21423e6,5.55493e-9
1529182020,25850650.615204647,30175943.611880947,4325.293,4.00411e14,0.4541,4.43037e6,-2.21018e6,5.54477e-9
1529182050,25868725.322388005,30191250.751849107,4322.525,3.98724e14,0.0311,4.41286e6,-2.20611e6,5.53454e-9
1529182080,25886827.77639213,30206518.999141507,4319.691,3.93005e14,1.4037,4.37307e6,-2.20201e6,5.52425e-9
1529182110,25904957.544534534,30221748.214054983,4316.791,3.96170e14,0.6098,4.38233e6,-2.19789e6,5.51390e-9
1529182140,25923114.19521698,30236938.257725105,4313.824,3.99757e14,0.2902,4.39380e6,-2.19374e6,5.50348e-9
1529182170,25941297.29793643,30252088.992122322,4310.792,3.99276e14,0.1695,4.38280e6,-2.18957e6,5.49300e-9
1529182200,25959506.4232956,30267200.280048214,4307.694,3.97266e14,0.3348,4.36337e6,-2.18538e6,5.48247e-9
1529182230,25977741.14301384,30282271.98510951,4304.531,3.96879e14,0.4318,4.35283e6,-2.18116e6,5.47187e-9
1529182260,25996001.02993632,30297303.971782546,4301.303,3.98447e14,0.0386,4.35292e6,-2.17691e6,5.46122e-9
1529182290,26014285.65804511,30312296.105341002,4298.010,3.97816e14,0.1967,4.34095e6,-2.17265e6,5.45050e-9
1529182320,26032594.602468602,30327248.251874123,4294.654,3.96930e14,0.4190,4.32755e6,-2.16836e6,5.43973e-9
1529182350,26050927.439491186,30342160.278282743,4291.233,3.97826e14,0.1943,4.32381e6,-2.16405e6,5.42891e-9
1529182380,26069283.746562663,30357032.052275352,4287.748,3.96936e14,0.4175,4.31032e6,-2.15971e6,5.41802e-9
1529182410,26087663.1023075,30371863.442364193,4284.200,3.95203e14,0.8522,4.29226e6,-2.15536e6,5.40708e-9
1529182440,26106065.08653381,30386654.3178613,4280.589,3.97145e14,0.3652,4.29401e6,-2.15098e6,5.39609e-9
1529182470,26124489.28024223,30401404.548874572,4276.915,3.96109e14,0.6250,4.27964e6,-2.14658e6,5.38504e-9
1529182500,26142935.26563452,30416114.006303918,4273.179,3.98807e14,0.0519,4.28532e6,-2.14216e6,5.37394e-9
1529182530,26161402.6261248,30430782.56185374,4269.380,4.00486e14,0.4730,4.28544e6,-2.13772e6,5.36279e-9
1529182560,26179890.94633937,30445410.08797858,4265.519,3.98390e14,0.0528,4.26527e6,-2.13325e6,5.35158e-9
1529182590,26198399.812133122,30459996.457929913,4261.597,4.01727e14,0.7844,4.27412e6,-2.12877e6,5.34033e-9
1529182620,26216928.810594827,30474541.54573613,4257.613,4.00741e14,0.5371,4.25982e6,-2.12427e6,5.32902e-9
1529182650,26235477.53005476,30489045.226198778,4253.568,4.01855e14,0.8165,4.25667e6,-2.11974e6,5.31766e-9
1529182680,26254045.560092296,30503507.37488894,4249.462,4.00738e14,0.5363,4.24162e6,-2.11520e6,5.30625e-9
1529182710,26272632.491543297,30517927.868143667,4245.295,3.98040e14,0.1405,4.21818e6,-2.11064e6,5.29480e-9
1529182740,26291237.91650721,30532306.583062265,4241.069,3.97724e14,0.2198,4.20735e6,-2.10605e6,5.28329e-9
1529182770,26309861.428354144,30546643.39750276,4236.782,3.95745e14,0.7164,4.18772e6,-2.10145e6,5.27174e-9
1529182800,26328502.621731628,30560938.190078266,4232.436,4.01077e14,0.6214,4.20656e6,-2.09683e6,5.26014e-9
1529182830,26347161.092568226,30575190.84014462,4228.030,4.01813e14,0.8060,4.20111e6,-2.09220e6,5.24850e-9
1529182860,26365836.43808925,30589401.227824096,4223.565,4.00859e14,0.5666,4.18676e6,-2.08754e6,5.23681e-9
1529182890,26384528.256813947,30603569.23397444,4219.041,4.00319e14,0.4312,4.17456e6,-2.08287e6,5.22507e-9
1529182920,26403236.14856448,30617694.74019418,4214.459,4.00599e14,0.5013,4.16661e6,-2.07817e6,5.21329e-9
1529182950,26421959.714471813,30631777.628818978,4209.818,4.01020e14,0.6071,4.15936e6,-2.07346e6,5.20147e-9
1529182980,26440698.556981437,30645817.782918118,4205.119,3.99106e14,0.1269,4.13994e6,-2.06874e6,5.18960e-9
1529183010,26459452.279859006,30659815.086290855,4200.363,3.98711e14,0.0278,4.12840e6,-2.06399e6,5.17769e-9
1529183040,26478220.48819562,30673769.423462883,4195.549,3.96020e14,0.6473,4.10497e6,-2.05923e6,5.16574e-9
1529183070,26497002.788413066,30687680.67968281,4190.678,3.96871e14,0.4338,4.09983e6,-2.05446e6,5.15375e-9
1529183100,26515798.788268924,30701548.740918573,4185.750,4.01066e14,0.6185,4.11183e6,-2.04966e6,5.14172e-9
1529183130,26534608.096859336,30715373.493853696,4180.765,3.98659e14,0.0148,4.08983e6,-2.04485e6,5.12965e-9
1529183160,26553430.324630264,30729154.825884495,4175.725,3.94895e14,0.9296,4.06092e6,-2.04003e6,5.11753e-9
1529183190,26572265.083375335,30742892.62511587,4170.628,3.97140e14,0.3665,4.06274e6,-2.03519e6,5.10538e-9
1529183220,26591111.986242454,30756586.780358102,4165.475,3.95033e14,0.8949,4.04231e6,-2.03033e6,5.09319e-9
1529183250,26609970.647738125,30770237.18112331,4160.267,3.96113e14,0.6241,4.03809e6,-2.02546e6,5.08096e-9
1529183280,26628840.683731467,30783843.717622023,4155.003,3.99375e14,0.1944,4.04489e6,-2.02057e6,5.06870e-9
1529183310,26647721.71145829,30797406.28075984,4149.685,3.96841e14,0.4414,4.02226e6,-2.01567e6,5.05639e-9
1529183340,26666613.349524833,30810924.76213389,4144.311,3.99385e14,0.1968,4.02528e6,-2.01076e6,5.04405e-9
1529183370,26685515.21791157,30824399.054029584,4138.884,4.01251e14,0.6649,4.02479e6,-2.00583e6,5.03168e-9
1529183400,26704426.93797668,30837829.049417138,4133.402,3.99312e14,0.1784,4.00514e6,-2.00088e6,5.01927e-9
1529183430,26723348.132472172,30851214.641958456,4127.867,3.96268e14,0.5851,3.97997e6,-1.99593e6,5.00683e-9
1529183460,26742278.42550806,30864555.725972563,4122.277,4.01520e14,0.7324,3.99628e6,-1.99095e6,4.99435e-9
1529183490,26761217.442594845,30877852.196463536,4116.635,4.03773e14,1.2978,3.99750e6,-1.98597e6,4.98184e-9
1529183520,26780164.81063401,30891103.949107222,4110.939,3.96926e14,0.4200,3.95341e6,-1.98097e6,4.96929e-9
1529183550,26799120.157920767,30904310.880248062,4105.191,3.97200e14,0.3513,3.94477e6,-1.97596e6,4.95671e-9
1529183580,26818083.114147115,30917472.886895876,4099.390,3.95779e14,0.7078,3.92771e6,-1.97094e6,4.94410e-9
1529183610,26837053.310404442,30930589.866722744,4093.537,3.97391e14,0.3034,3.92562e6,-1.96590e6,4.93146e-9
1529183640,26856030.379186105,30943661.718059894,4087.631,4.02151e14,0.8908,3.93895e6,-1.96085e6,4.91879e-9
1529183670,26875013.95438988,30956688.339894485,4081.674,3.98833e14,0.0583,3.91250e6,-1.95579e6,4.90609e-9
1529183700,26894003.671320196,30969669.63186654,4075.666,3.98136e14,0.1165,3.89894e6,-1.95072e6,4.89335e-9
1529183730,26912999.16666672,30982605.494248625,4069.606,3.99375e14,0.1943,3.89482e6,-1.94563e6,4.88059e-9
1529183760,26932000.078579165,30995495.827995695,4063.496,3.95648e14,0.7407,3.86647e6,-1.94054e6,4.86780e-9
1529183790,26951006.046596076,31008340.534688972,4057.334,3.99312e14,0.1786,3.87408e6,-1.93543e6,4.85498e-9
1529183820,26970016.711670097,31021139.516549874,4051.123,4.01941e14,0.8380,3.87656e6,-1.93031e6,4.84213e-9
1529183850,26989031.716169324,31033892.676436733,4044.861,4.00558e14,0.4911,3.85958e6,-1.92518e6,4.82925e-9
1529183880,27008050.70387863,31046599.917841673,4038.549,3.99422e14,0.2062,3.84380e6,-1.92004e6,4.81635e-9
1529183910,27027073.320000883,31059261.144887347,4032.188,3.98842e14,0.0606,3.83069e6,-1.91489e6,4.80342e-9
1529183940,27046099.21115799,31071876.262323827,4025.777,4.04437e14,1.4643,3.84717e6,-1.90972e6,4.79046e-9
1529183970,27065128.025391843,31084445.17552534,4019.317,4.03312e14,1.1821,3.83137e6,-1.90455e6,4.77748e-9
1529184000,27084159.41216519,31096967.79048722,4012.808,3.99770e14,0.2934,3.80406e6,-1.89937e6,4.76447e-9
1529184030,27103193.022391174,31109444.01383954,4006.251,3.99582e14,0.2461,3.79277e6,-1.89418e6,4.75144e-9
1529184060,27122228.508345272,31121873.752792228,3999.645,3.99591e14,0.2486,3.78239e6,-1.88897e6,4.73839e-9
1529184090,27141265.523754824,31134256.915183898,3992.991,4.03583e14,1.2499,3.79081e6,-1.88376e6,4.72530e-9
1529184120,27160303.72377083,31146593.409462076,3986.290,3.99614e14,0.2543,3.76160e6,-1.87854e6,4.71220e-9
1529184150,27179342.764968675,31158883.14468039,3979.540,3.98805e14,0.0513,3.74732e6,-1.87331e6,4.69907e-9
1529184180,27198382.30534853,31171126.03049557,3972.744,4.03707e14,1.2811,3.75981e6,-1.86807e6,4.68592e-9
1529184210,27217422.004335824,31183321.97716476,3965.900,4.03145e14,1.1401,3.74662e6,-1.86282e6,4.67275e-9
1529184240,27236461.52278154,31195470.895542536,3959.009,4.00320e14,0.4315,3.72288e6,-1.85756e6,4.65955e-9
1529184270,27255500.522962425,31207572.69707816,3952.072,3.95226e14,0.8466,3.68865e6,-1.85230e6,4.64634e-9
1529184300,27274538.66858104,31219627.2938128,3945.089,3.95072e14,0.8853,3.67743e6,-1.84702e6,4.63310e-9
1529184330,27293575.62474096,31231634.59836795,3938.059,3.92942e14,1.4196,3.65707e6,-1.84174e6,4.61984e-9
1529184360,27312611.058023278,31243594.523969676,3930.983,3.95486e14,0.7814,3.65828e6,-1.83645e6,4.60656e-9
1529184390,27331644.636409663,31255506.984418843,3923.862,4.01400e14,0.7024,3.67489e6,-1.83115e6,4.59326e-9
1529184420,27350676.02930662,31267371.894097026,3916.696,3.99117e14,0.1295,3.65378e6,-1.82584e6,4.57995e-9
1529184450,27369704.907545008,31279189.167963725,3909.484,3.95780e14,0.7076,3.62790e6,-1.82053e6,4.56661e-9
1529184480,27388730.943379153,31290958.721553594,3902.228,3.97753e14,0.2126,3.62628e6,-1.81521e6,4.55325e-9
1529184510,27407753.81048622,31302680.470973656,3894.927,3.98135e14,0.1169,3.61736e6,-1.80988e6,4.53988e-9
1529184540,27426773.1839652,31314354.3329005,3887.581,4.00395e14,0.4501,3.61692e6,-1.80454e6,4.52649e-9
1529184570,27445788.740335967,31325980.224577613,3880.191,3.97929e14,0.1686,3.59508e6,-1.79920e6,4.51308e-9
1529184600,27464800.157538135,31337558.06381252,3872.758,3.98414e14,0.0468,3.58657e6,-1.79384e6,4.49965e-9
1529184630,27483807.11494275,31349087.768972404,3865.281,4.00014e14,0.3546,3.58303e6,-1.78849e6,4.48621e-9
1529184660,27502809.29331177,31360569.258986708,3857.760,3.94239e14,1.0942,3.54645e6,-1.78312e6,4.47275e-9
1529184690,27521806.37483599,31372002.453339037,3850.196,3.97005e14,0.4002,3.54811e6,-1.77775e6,4.45927e-9
1529184720,27540798.043121006,31383387.272066213,3842.589,4.03033e14,1.1120,3.56417e6,-1.77238e6,4.44578e-9
1529184750,27559783.98318598,31394723.635755565,3834.940,4.01510e14,0.7299,3.54659e6,-1.76699e6,4.43227e-9
1529184780,27578763.88146213,31406011.46554225,3827.248,3.96970e14,0.4089,3.51572e6,-1.76160e6,4.41875e-9
1529184810,27597737.425791323,31417250.683106657,3819.513,3.98599e14,0.0003,3.51212e6,-1.75621e6,4.40521e-9
1529184840,27616704.305424485,31428441.210671693,3811.737,3.97803e14,0.2002,3.49782e6,-1.75081e6,4.39166e-9
