Timestamp,R_A,R_B,Delta_H_km,GM,Error_Pct,Term_Time,Term_Kinetic,Term_Potential
1466559990,32410178.15725195,30401246.287304454,2008.932,3.66637e14,8.0189,-1.55997e6,8.12437e5,-2.03888e-9
1466560020,32407975.18155537,30387210.755318347,2020.764,3.73927e14,6.1901,-1.58495e6,8.17658e5,-2.05198e-9
1466560050,32405717.97563506,30373135.264829382,2032.583,4.17180e14,4.6613,-1.68439e6,8.22882e5,-2.06508e-9
1466560080,32403406.551962323,30359019.94039372,2044.387,4.23878e14,6.3415,-1.70900e6,8.28107e5,-2.07819e-9
1466560110,32401040.923314586,30344864.90732008,2056.176,3.79351e14,4.8294,-1.62667e6,8.33335e5,-2.09130e-9
1466560140,32398621.10277563,30330670.291673258,2067.951,3.59864e14,9.7181,-1.59587e6,8.38565e5,-2.10442e-9
1466560170,32396147.103735983,30316436.220277775,2079.711,3.83833e14,3.7048,-1.65658e6,8.43797e5,-2.11754e-9
1466560200,32393618.939893253,30302162.820721406,2091.456,3.81925e14,4.1835,-1.66279e6,8.49032e5,-2.13067e-9
1466560230,32391036.625262927,30287850.22133761,2103.186,3.68378e14,7.5822,-1.64400e6,8.54268e5,-2.14380e-9
1466560260,32388400.17414674,30273498.55127442,2114.902,3.65670e14,8.2615,-1.64824e6,8.59507e5,-2.15694e-9
1466560290,32385709.601165093,30259107.940432776,2126.602,3.85546e14,3.2750,-1.70142e6,8.64748e5,-2.17008e-9
1466560320,32382964.92124714,30244678.51949104,2138.286,3.86664e14,2.9945,-1.71417e6,8.69991e5,-2.18323e-9
1466560350,32380166.149631422,30230210.41990847,2149.956,3.87749e14,2.7224,-1.72688e6,8.75236e5,-2.19639e-9
1466560380,32377313.30186624,30215703.773928598,2161.610,3.95010e14,0.9007,-1.75328e6,8.80484e5,-2.20955e-9
1466560410,32374406.3938104,30201158.714582752,2173.248,4.08042e14,2.3687,-1.79269e6,8.85733e5,-2.22272e-9
1466560440,32371445.441633645,30186575.37569345,2184.870,3.94886e14,0.9318,-1.77391e6,8.90985e5,-2.23589e-9
1466560470,32368430.46181731,30171953.89187786,2196.477,3.64988e14,8.4326,-1.71712e6,8.96238e5,-2.24906e-9
1466560500,32365361.471154924,30157294.398551296,2208.067,3.61354e14,9.3444,-1.71896e6,9.01494e5,-2.26224e-9
1466560530,32362238.486752667,30142597.031943966,2219.641,3.48539e14,12.5593,-1.69983e6,9.06752e5,-2.27543e-9
1466560560,32359061.52603044,30127861.929063562,2231.200,3.60337e14,9.5994,-1.73669e6,9.12012e5,-2.28862e-9
1466560590,32355830.60672223,30113089.227739573,2242.741,3.96501e14,0.5266,-1.82995e6,9.17274e5,-2.30182e-9
1466560620,32352545.746876813,30098279.06661378,2254.267,3.99229e14,0.1576,-1.84676e6,9.22538e5,-2.31502e-9
1466560650,32349206.964858435,30083431.585143838,2265.775,3.78988e14,4.9203,-1.81018e6,9.27805e5,-2.32823e-9
1466560680,32345814.279347494,30068546.923606966,2277.267,3.78085e14,5.1469,-1.81834e6,9.33073e5,-2.34144e-9
1466560710,32342367.709341228,30053625.223103642,2288.742,3.89724e14,2.2268,-1.85601e6,9.38343e5,-2.35466e-9
1466560740,32338867.27415442,30038666.625561282,2300.201,3.76063e14,5.6542,-1.83409e6,9.43616e5,-2.36788e-9
1466560770,32335312.993420064,30023671.273737967,2311.642,3.74210e14,6.1190,-1.83993e6,9.48890e5,-2.38111e-9
1466560800,32331704.887090076,30008639.311226178,2323.066,3.76425e14,5.5633,-1.85546e6,9.54167e5,-2.39434e-9
1466560830,32328042.9754321,29993570.88245619,2334.472,3.82934e14,3.9304,-1.88139e6,9.59445e5,-2.40758e-9
1466560860,32324327.279042292,29978466.13270087,2345.861,3.91977e14,1.6617,-1.91363e6,9.64726e5,-2.42083e-9
1466560890,32320557.818833835,29963325.208078604,2357.233,3.82791e14,3.9663,-1.90175e6,9.70008e5,-2.43407e-9
1466560920,32316734.616041534,29948148.255557235,2368.586,3.81381e14,4.3200,-1.90866e6,9.75293e5,-2.44733e-9
1466560950,32312857.69222257,29932935.422957953,2379.922,3.79401e14,4.8167,-1.91413e6,9.80579e5,-2.46058e-9
1466560980,32308927.069257107,29917686.858958997,2391.240,3.84090e14,3.6402,-1.93605e6,9.85868e5,-2.47385e-9
1466561010,32304942.769349057,29902402.713099588,2402.540,3.84364e14,3.5716,-1.94711e6,9.91158e5,-2.48711e-9
1466561040,32300904.815026756,29887083.135783587,2413.822,3.67675e14,7.7585,-1.91578e6,9.96450e5,-2.50039e-9
1466561070,32296813.229143634,29871728.278283402,2425.085,3.67710e14,7.7497,-1.92604e6,1.00174e6,-2.51366e-9
1466561100,32292668.034878954,29856338.292743724,2436.330,3.84106e14,3.6363,-1.97765e6,1.00704e6,-2.52694e-9
1466561130,32288469.255733266,29840913.332174607,2447.556,3.91203e14,1.8558,-2.00608e6,1.01234e6,-2.54023e-9
1466561160,32284216.915545363,29825453.550488416,2458.763,3.98513e14,0.0220,-2.03525e6,1.01764e6,-2.55352e-9
1466561190,32279911.038476814,29809959.102470335,2469.952,3.86098e14,3.1366,-2.01398e6,1.02294e6,-2.56682e-9
1466561220,32275551.64901794,29794430.143792894,2481.122,3.79222e14,4.8616,-2.00668e6,1.02824e6,-2.58012e-9
1466561250,32271138.77198851,29778866.831019662,2492.272,3.93851e14,1.1916,-2.05497e6,1.03355e6,-2.59342e-9
1466561280,32266672.43253855,29763269.321608976,2503.403,3.95711e14,0.7248,-2.07037e6,1.03886e6,-2.60673e-9
1466561310,32262152.6561491,29747637.77391768,2514.515,3.90687e14,1.9853,-2.06778e6,1.04416e6,-2.62004e-9
1466561340,32257579.468633022,29731972.347204838,2525.607,3.92795e14,1.4564,-2.08385e6,1.04947e6,-2.63336e-9
1466561370,32252952.896135874,29716273.201635547,2536.680,3.91514e14,1.7777,-2.09100e6,1.05479e6,-2.64668e-9
1466561400,32248272.965136647,29700540.498284608,2547.732,3.96492e14,0.5290,-2.11477e6,1.06010e6,-2.66001e-9
1466561430,32243539.702471614,29684774.3991559,2558.765,4.07449e14,2.2199,-2.15467e6,1.06542e6,-2.67334e-9
1466561460,32238753.135264784,29668975.067138318,2569.778,4.03143e14,1.1396,-2.15385e6,1.07073e6,-2.68667e-9
1466561490,32233913.290999334,29653142.666057445,2580.771,3.75146e14,5.8842,-2.08895e6,1.07605e6,-2.70001e-9
1466561520,32229020.197495975,29637277.360664036,2591.743,3.80780e14,4.4708,-2.11456e6,1.08137e6,-2.71335e-9
1466561550,32224073.882913988,29621379.31663792,2602.695,3.97279e14,0.3315,-2.16996e6,1.08670e6,-2.72670e-9
1466561580,32219074.37575242,29605448.70059201,2613.626,3.75165e14,5.8795,-2.11999e6,1.09202e6,-2.74005e-9
1466561610,32214021.704851247,29589485.680076238,2624.536,3.85787e14,3.2147,-2.15957e6,1.09734e6,-2.75341e-9
1466561640,32208915.899392456,29573490.42358153,2635.425,3.98396e14,0.0513,-2.20494e6,1.10267e6,-2.76676e-9
1466561670,32203756.98890125,29557463.100543812,2646.294,3.82166e14,4.1230,-2.17047e6,1.10800e6,-2.78013e-9
1466561700,32198545.003247168,29541403.881347924,2657.141,3.88538e14,2.5245,-2.19871e6,1.11333e6,-2.79349e-9
1466561730,32193279.972608298,29525312.937318645,2667.967,4.13116e14,3.6415,-2.27822e6,1.11866e6,-2.80686e-9
1466561760,32187961.927586257,29509190.440764762,2678.771,3.98167e14,0.1086,-2.24692e6,1.12399e6,-2.82023e-9
1466561790,32182590.89909321,29493036.564942908,2689.554,3.78196e14,5.1190,-2.20099e6,1.12933e6,-2.83361e-9
1466561820,32177166.918389603,29476851.484074436,2700.315,4.06859e14,2.0719,-2.29299e6,1.13466e6,-2.84699e-9
1466561850,32171690.01708504,29460635.37334924,2711.055,4.20277e14,5.4381,-2.34215e6,1.14000e6,-2.86037e-9
1466561880,32166160.227139127,29444388.408929642,2721.772,3.99167e14,0.1421,-2.29245e6,1.14534e6,-2.87376e-9
1466561910,32160577.580862332,29428110.767954223,2732.467,3.99805e14,0.3023,-2.30497e6,1.15068e6,-2.88715e-9
1466561940,32154942.11091685,29411802.6285417,2743.139,4.11903e14,3.3373,-2.35076e6,1.15602e6,-2.90054e-9
1466561970,32149253.85031747,29395464.169794712,2753.790,4.21236e14,5.6786,-2.38881e6,1.16136e6,-2.91393e-9
1466562000,32143512.832432516,29379095.571803704,2764.417,4.18659e14,5.0322,-2.39226e6,1.16670e6,-2.92733e-9
1466562030,32137719.09102738,29362697.015655216,2775.022,3.97798e14,0.2012,-2.34186e6,1.17205e6,-2.94073e-9
1466562060,32131872.660134062,29346268.68342207,2785.604,3.88652e14,2.4958,-2.32552e6,1.17739e6,-2.95414e-9
1466562090,32125973.574183915,29329810.75818072,2796.163,3.90518e14,2.0278,-2.34162e6,1.18274e6,-2.96754e-9
1466562120,32120021.86796637,29313323.424010854,2806.698,3.99923e14,0.3319,-2.38024e6,1.18809e6,-2.98095e-9
1466562150,32114017.576630294,29296806.86599919,2817.211,4.21166e14,5.6613,-2.45456e6,1.19343e6,-2.99436e-9
1466562180,32107960.735685263,29280261.270243406,2827.699,4.12926e14,3.5939,-2.44077e6,1.19878e6,-3.00778e-9
1466562210,32101851.381003093,29263686.823856052,2838.165,3.99925e14,0.3322,-2.41238e6,1.20413e6,-3.02119e-9
1466562240,32095689.548819155,29247083.71496841,2848.606,4.00425e14,0.4578,-2.42462e6,1.20949e6,-3.03461e-9
1466562270,32089475.275733802,29230452.132734418,2859.023,3.92606e14,1.5038,-2.41151e6,1.21484e6,-3.04803e-9
1466562300,32083208.598713785,29213792.267334595,2869.416,3.90248e14,2.0954,-2.41492e6,1.22019e6,-3.06145e-9
1466562330,32076889.555049177,29197104.309986856,2879.785,3.90939e14,1.9220,-2.42764e6,1.22554e6,-3.07488e-9
1466562360,32070518.182492003,29180388.452929053,2890.130,3.99580e14,0.2457,-2.46492e6,1.23090e6,-3.08831e-9
1466562390,32064094.519120034,29163644.889444448,2900.450,4.11478e14,3.2306,-2.51255e6,1.23625e6,-3.10173e-9
1466562420,32057618.60338235,29146873.813858643,2910.745,4.01250e14,0.6647,-2.49157e6,1.24161e6,-3.11516e-9
1466562450,32051090.474100474,29130075.421543643,2921.015,4.04674e14,1.5237,-2.51303e6,1.24697e6,-3.12860e-9
1466562480,32044510.170469448,29113249.90892169,2931.260,4.15248e14,4.1766,-2.55705e6,1.25232e6,-3.14203e-9
1466562510,32037877.732058924,29096397.4734693,2941.480,4.13580e14,3.7581,-2.56272e6,1.25768e6,-3.15546e-9
1466562540,32031193.198814247,29079518.31372121,2951.675,4.07257e14,2.1716,-2.55359e6,1.26304e6,-3.16890e-9
1466562570,32024456.61105763,29062612.629274257,2961.844,4.23051e14,6.1342,-2.61469e6,1.26840e6,-3.18233e-9
1466562600,32017668.00948926,29045680.62079128,2971.987,4.25656e14,6.7876,-2.63406e6,1.27376e6,-3.19577e-9
1466562630,32010827.435235623,29028722.489989378,2982.105,3.91118e14,1.8772,-2.53430e6,1.27912e6,-3.20921e-9
1466562660,32003934.929705366,29011738.43969216,2992.196,4.00216e14,0.4052,-2.57423e6,1.28448e6,-3.22265e-9
1466562690,31996990.5347364,28994728.67378499,3002.262,4.00966e14,0.5936,-2.58740e6,1.28984e6,-3.23609e-9
1466562720,31989994.292550217,28977693.397234518,3012.301,3.75279e14,5.8509,-2.51467e6,1.29520e6,-3.24953e-9
1466562750,31982946.24575359,28960632.816092335,3022.313,3.75938e14,5.6856,-2.52723e6,1.30056e6,-3.26297e-9
1466562780,31975846.437340196,28943547.137498662,3032.299,3.84898e14,3.4376,-2.56700e6,1.30592e6,-3.27641e-9
1466562810,31968694.91069233,28926436.56968612,3042.258,3.81551e14,4.2773,-2.56652e6,1.31128e6,-3.28985e-9
1466562840,31961491.709582545,28909301.321983334,3052.190,3.90185e14,2.1112,-2.60553e6,1.31664e6,-3.30329e-9
1466562870,31954236.87817537,28892141.604818605,3062.095,3.90186e14,2.1109,-2.61614e6,1.32200e6,-3.31673e-9
1466562900,31946930.461028934,28874957.62972364,3071.973,3.85284e14,3.3408,-2.61042e6,1.32736e6,-3.33017e-9
1466562930,31939572.503048897,28857749.60935483,3081.823,3.98259e14,0.0856,-2.66435e6,1.33272e6,-3.34361e-9
1466562960,31932163.049637582,28840517.7574424,3091.645,4.05652e14,1.7692,-2.69988e6,1.33808e6,-3.35705e-9
1466562990,31924702.14654765,28823262.288848765,3101.440,3.99507e14,0.2274,-2.68997e6,1.34344e6,-3.37049e-9
1466563020,31917189.839931283,28805983.419554666,3111.206,3.80613e14,4.5126,-2.63677e6,1.34880e6,-3.38393e-9
1466563050,31909626.176341504,28788681.36666284,3120.945,3.82375e14,4.0705,-2.65323e6,1.35416e6,-3.39737e-9
1466563080,31902011.20273347,28771356.34840189,3130.655,3.90847e14,1.9451,-2.69262e6,1.35952e6,-3.41080e-9
1466563110,31894344.966465734,28754008.584129978,3140.336,3.93653e14,1.2411,-2.71284e6,1.36488e6,-3.42424e-9
1466563140,31886627.515301622,28736638.294338614,3149.989,3.85087e14,3.3903,-2.69404e6,1.37023e6,-3.43767e-9
1466563170,31878858.89741048,28719245.70065633,3159.613,3.98432e14,0.0423,-2.75062e6,1.37559e6,-3.45110e-9
1466563200,31871039.161369074,28701831.025852457,3169.208,4.01452e14,0.7155,-2.77179e6,1.38095e6,-3.46453e-9
1466563230,31863168.356204282,28684394.493826732,3178.774,3.85337e14,3.3276,-2.72649e6,1.38630e6,-3.47796e-9
1466563260,31855246.531267006,28666936.329656295,3188.310,3.99227e14,0.1571,-2.78551e6,1.39166e6,-3.49139e-9
1466563290,31847273.736361522,28649456.75955589,3197.817,4.12878e14,3.5819,-2.84407e6,1.39701e6,-3.50481e-9
1466563320,31839250.021705866,28631956.010895424,3207.294,3.95736e14,0.7187,-2.79466e6,1.40237e6,-3.51824e-9
1466563350,31831175.437933594,28614434.31220345,3216.741,3.90469e14,2.0401,-2.78672e6,1.40772e6,-3.53165e-9
1466563380,31823050.03609563,28596891.893170655,3226.158,4.10894e14,3.0841,-2.86972e6,1.41307e6,-3.54507e-9
1466563410,31814873.86766217,28579328.98465333,3235.545,3.96836e14,0.4426,-2.83055e6,1.41842e6,-3.55849e-9
1466563440,31806646.984524515,28561745.818676766,3244.901,3.75970e14,5.6776,-2.76669e6,1.42377e6,-3.57190e-9
1466563470,31798369.438997008,28544142.628438618,3254.227,3.80398e14,4.5665,-2.79296e6,1.42912e6,-3.58530e-9
1466563500,31790041.283818886,28526519.648312334,3263.522,3.83544e14,3.7773,-2.81473e6,1.43446e6,-3.59871e-9
1466563530,31781662.57212805,28508877.113860402,3272.785,3.83183e14,3.8678,-2.82391e6,1.43981e6,-3.61211e-9
1466563560,31773233.357549924,28491215.26180709,3282.018,4.14540e14,3.9988,-2.94807e6,1.44515e6,-3.62551e-9
1466563590,31764753.69411216,28473534.330072455,3291.219,4.29076e14,7.6457,-3.01186e6,1.45049e6,-3.63890e-9
1466563620,31756223.636274632,28455834.55776578,3300.389,4.00176e14,0.3952,-2.91739e6,1.45583e6,-3.65229e-9
1466563650,31747643.238931023,28438116.185188893,3309.527,3.81265e14,4.3492,-2.85876e6,1.46117e6,-3.66567e-9
1466563680,31739012.55741069,28420379.453839485,3318.633,3.80320e14,4.5862,-2.86572e6,1.46651e6,-3.67905e-9
1466563710,31730331.647480305,28402624.606414396,3327.707,3.91342e14,1.8211,-2.91684e6,1.47184e6,-3.69243e-9
1466563740,31721600.565345593,28384851.886812914,3336.749,3.98666e14,0.0166,-2.95455e6,1.47718e6,-3.70580e-9
1466563770,31712819.367653064,28367061.540139932,3345.758,4.01741e14,0.7880,-2.97665e6,1.48251e6,-3.71916e-9
1466563800,31703988.111491755,28349253.81270919,3354.734,4.07250e14,2.1700,-3.00791e6,1.48784e6,-3.73252e-9
1466563830,31695106.85441181,28331428.95203574,3363.678,3.93682e14,1.2340,-2.96785e6,1.49316e6,-3.74588e-9
1466563860,31686175.65437442,28313587.206872106,3372.588,3.96655e14,0.4881,-2.98960e6,1.49849e6,-3.75923e-9
1466563890,31677194.569805533,28295728.827178225,3381.466,4.06971e14,2.1000,-3.03914e6,1.50381e6,-3.77257e-9
1466563920,31668163.659581013,28277854.0641352,3390.310,3.95616e14,0.7487,-3.00689e6,1.50913e6,-3.78591e-9
1466563950,31659082.983028535,28259963.170148246,3399.120,3.94088e14,1.1322,-3.01168e6,1.51445e6,-3.79924e-9
1466563980,31649952.599929575,28242056.398849603,3407.896,3.99225e14,0.1566,-3.04183e6,1.51976e6,-3.81256e-9
1466564010,31640772.570521366,28224134.005101424,3416.639,3.87483e14,2.7891,-3.00754e6,1.52507e6,-3.82588e-9
1466564040,31631542.955498952,28206196.24499868,3425.347,3.87504e14,2.7838,-3.01808e6,1.53038e6,-3.83919e-9
1466564070,31622263.816017114,28188243.37587189,3434.020,3.92141e14,1.6205,-3.04641e6,1.53569e6,-3.85249e-9
1466564100,31612935.213692416,28170275.656290054,3442.660,3.89620e14,2.2531,-3.04718e6,1.54099e6,-3.86579e-9
1466564130,31603557.21059128,28152293.346080586,3451.264,3.97935e14,0.1669,-3.08991e6,1.54629e6,-3.87908e-9
1466564160,31594129.869275037,28134296.706278823,3459.833,3.94003e14,1.1534,-3.08519e6,1.55159e6,-3.89236e-9
1466564190,31584653.252758954,28116285.999184128,3468.367,4.00526e14,0.4830,-3.12119e6,1.55688e6,-3.90563e-9
1466564220,31575127.424528,28098261.48834545,3476.866,4.12466e14,3.4785,-3.17858e6,1.56217e6,-3.91889e-9
1466564250,31565552.448538933,28080223.43856399,3485.329,3.89907e14,2.1809,-3.10063e6,1.56746e6,-3.93215e-9
1466564280,31555928.38922224,28062172.11589597,3493.756,3.84589e14,3.5151,-3.09010e6,1.57274e6,-3.94539e-9
1466564310,31546255.31148408,28044107.78765532,3502.148,4.09646e14,2.7712,-3.19966e6,1.57802e6,-3.95863e-9
1466564340,31536533.280708417,28026030.722416222,3510.503,4.03845e14,1.3158,-3.18732e6,1.58330e6,-3.97186e-9
1466564370,31526762.36275894,28007941.190015744,3518.821,4.06671e14,2.0248,-3.20919e6,1.58857e6,-3.98508e-9
1466564400,31516942.623981133,27989839.461556323,3527.103,4.01601e14,0.7527,-3.19955e6,1.59384e6,-3.99828e-9
1466564430,31507074.13122175,27971725.809383273,3535.348,3.87478e14,2.7903,-3.15347e6,1.59911e6,-4.01148e-9
1466564460,31497156.951777402,27953600.50716411,3543.556,3.90241e14,2.0971,-3.17496e6,1.60437e6,-4.02467e-9
1466564490,31487191.153450243,27935463.829813752,3551.727,4.01182e14,0.6475,-3.22953e6,1.60962e6,-4.03785e-9
1466564520,31477176.804532867,27917316.053521514,3559.861,4.07213e14,2.1608,-3.26450e6,1.61487e6,-4.05101e-9
1466564550,31467113.973810606,27899157.45575321,3567.957,3.99020e14,0.1052,-3.24181e6,1.62012e6,-4.06417e-9
1466564580,31457002.73056383,27880988.3152531,3576.014,3.91321e14,1.8263,-3.22090e6,1.62536e6,-4.07731e-9
1466564610,31446843.144570272,27862808.912045866,3584.034,3.83832e14,3.7051,-3.20064e6,1.63060e6,-4.09044e-9
1466564640,31436635.286107328,27844619.527438443,3592.016,3.91186e14,1.8602,-3.24109e6,1.63584e6,-4.10356e-9
1466564670,31426379.22595437,27826420.44402191,3599.959,3.77774e14,5.2248,-3.19624e6,1.64106e6,-4.11667e-9
1466564700,31416075.035395112,27808211.945673212,3607.863,3.88325e14,2.5779,-3.24998e6,1.64629e6,-4.12976e-9
1466564730,31405722.786200743,27789994.31758376,3615.728,4.10245e14,2.9213,-3.35109e6,1.65151e6,-4.14284e-9
1466564760,31395322.550691556,27771767.84617834,3623.555,3.87196e14,2.8610,-3.26587e6,1.65672e6,-4.15591e-9
1466564790,31384874.401679844,27753532.81919993,3631.342,3.81011e14,4.4128,-3.25035e6,1.66193e6,-4.16897e-9
1466564820,31374378.41249141,27735289.525684565,3639.089,3.95402e14,0.8023,-3.32070e6,1.66713e6,-4.18201e-9
1466564850,31363834.656967726,27717038.25596305,3646.796,3.89619e14,2.2532,-3.30679e6,1.67233e6,-4.19503e-9
1466564880,31353243.209468223,27698779.3016627,3654.464,3.95604e14,0.7516,-3.34224e6,1.67752e6,-4.20805e-9
1466564910,31342604.144872513,27680512.955708995,3662.091,4.04835e14,1.5641,-3.39153e6,1.68270e6,-4.22104e-9
1466564940,31331917.538582627,27662239.51232712,3669.678,4.07521e14,2.2379,-3.41333e6,1.68788e6,-4.23403e-9
1466564970,31321183.46652532,27643959.267043494,3677.224,3.94276e14,1.0849,-3.36754e6,1.69305e6,-4.24699e-9
1466565000,31310402.00515434,27625672.51668723,3684.729,3.89512e14,2.2800,-3.35752e6,1.69822e6,-4.25995e-9
1466565030,31299573.231468678,27607379.559371017,3692.194,3.98955e14,0.0890,-3.40807e6,1.70338e6,-4.27288e-9
1466565060,31288697.22296571,27589080.694555685,3699.617,4.06425e14,1.9631,-3.45039e6,1.70853e6,-4.28580e-9
1466565090,31277774.057692867,27570776.222987764,3706.998,4.03226e14,1.1604,-3.44703e6,1.71368e6,-4.29870e-9
1466565120,31266803.814234164,27552466.446721118,3714.337,4.00362e14,0.4418,-3.44502e6,1.71882e6,-4.31159e-9
1466565150,31255786.571712695,27534151.669117853,3721.635,4.13726e14,3.7946,-3.51309e6,1.72395e6,-4.32446e-9
1466565180,31244722.409793135,27515832.194849156,3728.890,4.05833e14,1.8145,-3.48930e6,1.72908e6,-4.33731e-9
1466565210,31233611.408684358,27497508.32989602,3736.103,3.99708e14,0.2780,-3.47299e6,1.73420e6,-4.35014e-9
1466565240,31222453.649141908,27479180.381549962,3743.273,3.93222e14,1.3493,-3.45492e6,1.73931e6,-4.36295e-9
1466565270,31211249.21247065,27460848.65841357,3750.401,3.94506e14,1.0271,-3.47068e6,1.74442e6,-4.37575e-9
1466565300,31199998.18052733,27442513.47040105,3757.485,3.97066e14,0.3849,-3.49205e6,1.74951e6,-4.38853e-9
1466565330,31188700.635713805,27424175.12874768,3764.526,3.87370e14,2.8175,-3.45953e6,1.75460e6,-4.40128e-9
1466565360,31177356.66100858,27405833.945982262,3771.523,3.88793e14,2.4606,-3.47582e6,1.75968e6,-4.41402e-9
1466565390,31165966.339940444,27387490.235955607,3778.476,3.83439e14,3.8037,-3.46214e6,1.76476e6,-4.42674e-9
1466565420,31154529.75660042,27369144.3138317,3785.385,3.94518e14,1.0243,-3.52126e6,1.76982e6,-4.43943e-9
1466565450,31143046.995644335,27350796.496087845,3792.250,4.04679e14,1.5250,-3.57655e6,1.77488e6,-4.45211e-9
1466565480,31131518.142295435,27332447.100514833,3799.071,3.99104e14,0.1264,-3.56183e6,1.77993e6,-4.46476e-9
1466565510,31119943.28234695,27314096.44621697,3805.847,3.99309e14,0.1778,-3.57283e6,1.78497e6,-4.47740e-9
1466565540,31108322.50216473,27295744.85361207,3812.578,3.99419e14,0.2054,-3.58339e6,1.79000e6,-4.49001e-9
1466565570,31096655.888689857,27277392.644431293,3819.263,4.04638e14,1.5148,-3.61694e6,1.79502e6,-4.50260e-9
1466565600,31084943.529441267,27259040.14171897,3825.903,3.98546e14,0.0137,-3.59953e6,1.80003e6,-4.51516e-9
1466565630,31073185.512521386,27240687.669834334,3832.498,4.03213e14,1.1572,-3.63066e6,1.80504e6,-4.52770e-9
1466565660,31061381.926609617,27222335.554445013,3839.046,4.10052e14,2.8728,-3.67176e6,1.81003e6,-4.54022e-9
1466565690,31049532.860974245,27203984.122532535,3845.549,4.03383e14,1.1997,-3.65150e6,1.81501e6,-4.55272e-9
1466565720,31037638.405472096,27185633.70238986,3852.005,4.03631e14,1.2619,-3.66264e6,1.81999e6,-4.56519e-9
1466565750,31025698.65055132,27167284.62362073,3858.414,4.09159e14,2.6488,-3.69793e6,1.82495e6,-4.57763e-9
1466565780,31013713.68725413,27148937.21713894,3864.776,4.07487e14,2.2295,-3.70030e6,1.82991e6,-4.59005e-9
1466565810,31001683.60721952,27130591.81516751,3871.092,3.97116e14,0.3725,-3.66256e6,1.83485e6,-4.60245e-9
1466565840,30989608.502686087,27112248.751237698,3877.360,3.96155e14,0.6136,-3.66797e6,1.83979e6,-4.61482e-9
1466565870,30977488.466494802,27093908.360187985,3883.580,3.86008e14,3.1592,-3.63083e6,1.84471e6,-4.62716e-9
1466565900,30965323.592091814,27075570.978162874,3889.753,3.86405e14,3.0597,-3.64234e6,1.84963e6,-4.63947e-9
1466565930,30953113.973532893,27057236.94260318,3895.877,4.01477e14,0.7217,-3.72210e6,1.85453e6,-4.65176e-9
1466565960,30940859.70548126,27038906.592270784,3901.953,4.11582e14,3.2568,-3.77905e6,1.85942e6,-4.66402e-9
1466565990,30928560.883215457,27020580.267221052,3907.981,4.14247e14,3.9254,-3.80142e6,1.86430e6,-4.67625e-9
1466566020,30916217.602630593,27002258.30880958,3913.959,3.98732e14,0.0330,-3.73860e6,1.86917e6,-4.68846e-9
1466566050,30903829.960241247,26983941.059690416,3919.889,3.91239e14,1.8469,-3.71309e6,1.87402e6,-4.70063e-9
1466566080,30891398.053184383,26965628.863814246,3925.769,3.92261e14,1.5904,-3.72751e6,1.87887e6,-4.71277e-9
1466566110,30878921.97922224,26947322.066426326,3931.600,3.95088e14,0.8811,-3.75045e6,1.88370e6,-4.72489e-9
1466566140,30866401.836745366,26929021.014064416,3937.381,3.93907e14,1.1774,-3.75445e6,1.88852e6,-4.73697e-9
1466566170,30853837.724775396,26910726.05455655,3943.112,3.84449e14,3.5503,-3.71909e6,1.89333e6,-4.74903e-9
1466566200,30841229.742968217,26892437.537018687,3948.792,3.93749e14,1.2171,-3.77279e6,1.89813e6,-4.76105e-9
1466566230,30828577.991611943,26874155.81186116,3954.422,4.12844e14,3.5735,-3.87343e6,1.90291e6,-4.77304e-9
1466566260,30815882.57164483,26855881.23075883,3960.001,4.01175e14,0.6458,-3.82730e6,1.90768e6,-4.78499e-9
1466566290,30803143.584643483,26837614.146675676,3965.529,4.05011e14,1.6083,-3.85524e6,1.91244e6,-4.79692e-9
1466566320,30790361.132830482,26819354.91385326,3971.006,4.09181e14,2.6544,-3.88485e6,1.91718e6,-4.80881e-9
1466566350,30777535.31907749,26801103.88780792,3976.431,4.05133e14,1.6389,-3.87492e6,1.92191e6,-4.82067e-9
1466566380,30764666.246908233,26782861.42532774,3981.805,4.06852e14,2.0700,-3.89273e6,1.92663e6,-4.83249e-9
1466566410,30751754.020501472,26764627.884469576,3987.126,3.90813e14,1.9537,-3.82454e6,1.93133e6,-4.84428e-9
1466566440,30738798.744694103,26746403.62455579,3992.395,3.90143e14,2.1218,-3.83057e6,1.93602e6,-4.85603e-9
1466566470,30725800.524984136,26728189.00617093,3997.612,4.03533e14,1.2374,-3.90499e6,1.94069e6,-4.86775e-9
1466566500,30712759.467533786,26709984.39115829,4002.775,3.98145e14,0.1144,-3.88807e6,1.94535e6,-4.87943e-9
1466566530,30699675.679181144,26691790.14261268,4007.886,3.96831e14,0.4439,-3.89093e6,1.95000e6,-4.89107e-9
1466566560,30686549.267416842,26673606.624887954,4012.943,4.01662e14,0.7680,-3.92385e6,1.95463e6,-4.90268e-9
1466566590,30673380.340413556,26655434.203581955,4017.946,3.98840e14,0.0601,-3.91924e6,1.95925e6,-4.91424e-9
1466566620,30660169.007020738,26637273.245536078,4022.896,3.95198e14,0.8535,-3.91050e6,1.96385e6,-4.92577e-9
1466566650,30646915.376767732,26619124.118831147,4027.791,3.85312e14,3.3339,-3.87082e6,1.96843e6,-4.93726e-9
1466566680,30633619.55986703,26600987.19278308,4032.632,3.93735e14,1.2207,-3.92148e6,1.97300e6,-4.94872e-9
1466566710,30620281.667217486,26582862.837938514,4037.419,3.95901e14,0.6772,-3.94127e6,1.97755e6,-4.96013e-9
1466566740,30606901.810407586,26564751.42607017,4042.150,3.91242e14,1.8460,-3.92715e6,1.98209e6,-4.97150e-9
1466566770,30593480.101718627,26546653.330172114,4046.827,3.93757e14,1.2152,-3.94863e6,1.98661e6,-4.98283e-9
1466566800,30580016.654127993,26528568.9244549,4051.448,3.98818e14,0.0545,-3.98285e6,1.99111e6,-4.99412e-9
1466566830,30566511.58129792,26510498.584335905,4056.013,3.98505e14,0.0240,-3.99026e6,1.99560e6,-5.00536e-9
1466566860,30552964.9976235,26492442.686448324,4060.522,3.96662e14,0.4864,-3.98995e6,2.00007e6,-5.01657e-9
1466566890,30539377.018191177,26474401.608621698,4064.975,3.97890e14,0.1783,-4.00500e6,2.00452e6,-5.02773e-9
1466566920,30525747.75879636,26456375.729880903,4069.372,4.05399e14,1.7057,-4.05170e6,2.00896e6,-5.03884e-9
1466566950,30512077.335946657,26438365.430440538,4073.712,4.10358e14,2.9497,-4.08565e6,2.01337e6,-5.04991e-9
1466566980,30498365.866865005,26420371.09169905,4077.995,3.96785e14,0.4555,-4.02588e6,2.01777e6,-5.06094e-9
1466567010,30484613.46949299,26402393.096232787,4082.220,4.01608e14,0.7545,-4.05908e6,2.02215e6,-5.07192e-9
1466567040,30470820.262493968,26384431.827789877,4086.388,4.11417e14,3.2153,-4.11769e6,2.02652e6,-5.08286e-9
1466567070,30456986.365256358,26366487.67128391,4090.499,4.02896e14,1.0776,-4.08311e6,2.03086e6,-5.09374e-9
1466567100,30443111.8978969,26348561.01278754,4094.551,3.96800e14,0.4517,-4.06068e6,2.03519e6,-5.10458e-9
1466567130,30429196.981284603,26330652.239537913,4098.545,4.04381e14,1.4503,-4.10805e6,2.03949e6,-5.11538e-9
1466567160,30415241.736980468,26312761.739892993,4102.480,4.01522e14,0.7330,-4.10203e6,2.04378e6,-5.12612e-9
1466567190,30401246.287304454,26294889.903361503,4106.356,3.95969e14,0.6602,-4.08206e6,2.04804e6,-5.13681e-9
1466567220,30387210.755318347,26277037.120584164,4110.174,4.02312e14,0.9311,-4.12317e6,2.05229e6,-5.14746e-9
1466567250,30373135.264829382,26259203.78332647,4113.931,3.93324e14,1.3237,-4.08531e6,2.05652e6,-5.15805e-9
1466567280,30359019.94039372,26241390.284471508,4117.630,3.95029e14,0.8959,-4.10247e6,2.06072e6,-5.16860e-9
1466567310,30344864.90732008,26223597.018012475,4121.268,4.14880e14,4.0841,-4.21361e6,2.06491e6,-5.17909e-9
1466567340,30330670.291673258,26205824.37904512,4124.846,4.20224e14,5.4249,-4.24984e6,2.06908e6,-5.18953e-9
1466567370,30316436.220277775,26188072.763759885,4128.363,4.02792e14,1.0516,-4.16771e6,2.07322e6,-5.19991e-9
1466567400,30302162.820721406,26170342.569434047,4131.820,3.89475e14,2.2894,-4.10660e6,2.07734e6,-5.21025e-9
1466567430,30287850.22133761,26152634.194408998,4135.216,4.12232e14,3.4198,-4.23351e6,2.08144e6,-5.22053e-9
1466567460,30273498.55127442,26134948.038126655,4138.551,4.17502e14,4.7420,-4.26937e6,2.08552e6,-5.23075e-9
1466567490,30259107.940432776,26117284.501076423,4141.823,4.01619e14,0.7573,-4.19443e6,2.08958e6,-5.24092e-9
1466567520,30244678.51949104,26099643.98480075,4145.035,4.01245e14,0.6634,-4.20056e6,2.09361e6,-5.25103e-9
1466567550,30230210.41990847,26082026.891886152,4148.184,3.96937e14,0.4173,-4.18595e6,2.09763e6,-5.26109e-9
1466567580,30215703.773928598,26064433.62595409,4151.270,3.89034e14,2.4000,-4.15224e6,2.10161e6,-5.27108e-9
1466567610,30201158.714582752,26046864.591651615,4154.294,3.93743e14,1.2187,-4.18495e6,2.10558e6,-5.28102e-9
1466567640,30186575.37569345,26029320.194641788,4157.255,4.05178e14,1.6501,-4.25328e6,2.10952e6,-5.29091e-9
1466567670,30171953.89187786,26011800.841594018,4160.153,4.08813e14,2.5622,-4.28045e6,2.11344e6,-5.30073e-9
1466567700,30157294.398551296,25994306.940174084,4162.987,4.09172e14,2.6521,-4.29024e6,2.11734e6,-5.31049e-9
1466567730,30142597.031943966,25976838.899047904,4165.758,4.09228e14,2.6662,-4.29838e6,2.12121e6,-5.32019e-9
1466567760,30127861.929063562,25959397.127828833,4168.465,4.16988e14,4.6130,-4.34752e6,2.12505e6,-5.32983e-9
1466567790,30113089.227739573,25941982.03710943,4171.107,4.08084e14,2.3791,-4.30780e6,2.12887e6,-5.33941e-9
1466567820,30098279.06661378,25924594.03843731,4173.685,4.02180e14,0.8980,-4.28389e6,2.13267e6,-5.34892e-9
1466567850,30083431.585143838,25907233.544304375,4176.198,4.11815e14,3.3151,-4.34309e6,2.13644e6,-5.35837e-9
1466567880,30068546.923606966,25889900.968135882,4178.646,4.01460e14,0.7175,-4.29512e6,2.14018e6,-5.36776e-9
1466567910,30053625.223103642,25872596.72427938,4181.028,3.96287e14,0.5803,-4.27477e6,2.14390e6,-5.37708e-9
1466567940,30038666.625561282,25855321.227993343,4183.345,3.97220e14,0.3463,-4.28715e6,2.14759e6,-5.38633e-9
1466567970,30023671.273737967,25838074.895435646,4185.596,4.13066e14,3.6290,-4.37997e6,2.15126e6,-5.39552e-9
1466568000,30008639.311226178,25820858.143651947,4187.781,4.20463e14,5.4849,-4.42735e6,2.15490e6,-5.40464e-9
1466568030,29993570.88245619,25803671.390548937,4189.899,4.07311e14,2.1854,-4.36357e6,2.15851e6,-5.41370e-9
1466568060,29978466.13270087,25786515.054927792,4191.951,4.03382e14,1.1997,-4.34951e6,2.16210e6,-5.42268e-9
1466568090,29963325.208078604,25769389.55642639,4193.936,3.97459e14,0.2864,-4.32449e6,2.16565e6,-5.43160e-9
1466568120,29948148.255557235,25752295.315521378,4195.853,4.00153e14,0.3895,-4.34619e6,2.16918e6,-5.44044e-9
1466568150,29932935.422957953,25735232.75351535,4197.703,4.07174e14,2.1509,-4.39146e6,2.17268e6,-5.44922e-9
1466568180,29917686.858958997,25718202.292523894,4199.485,4.07808e14,2.3099,-4.40194e6,2.17616e6,-5.45792e-9
1466568210,29902402.713099588,25701204.35546235,4201.198,4.10492e14,2.9834,-4.42358e6,2.17960e6,-5.46655e-9
1466568240,29887083.135783587,25684239.36603243,4202.844,4.05817e14,1.8104,-4.40491e6,2.18301e6,-5.47511e-9
1466568270,29871728.278283402,25667307.748708583,4204.421,3.94964e14,0.9124,-4.35222e6,2.18640e6,-5.48360e-9
1466568300,29856338.292743724,25650409.928724233,4205.928,3.95697e14,0.7283,-4.36293e6,2.18975e6,-5.49201e-9
1466568330,29840913.332174607,25633546.33207611,4207.367,3.96845e14,0.4404,-4.37586e6,2.19308e6,-5.50034e-9
1466568360,29825453.550488416,25616717.38545343,4208.736,3.94961e14,0.9132,-4.37205e6,2.19637e6,-5.50860e-9
1466568390,29809959.102470335,25599923.5162803,4210.036,3.98851e14,0.0630,-4.40001e6,2.19964e6,-5.51678e-9
1466568420,29794430.143792894,25583165.15268283,4211.265,3.96438e14,0.5426,-4.39314e6,2.20287e6,-5.52488e-9
1466568450,29778866.831019662,25566442.72347447,4212.424,4.00393e14,0.4498,-4.42141e6,2.20607e6,-5.53291e-9
1466568480,29763269.321608976,25549756.65814113,4213.513,4.10564e14,3.0014,-4.48412e6,2.20924e6,-5.54086e-9
1466568510,29747637.77391768,25533107.386826146,4214.530,4.07766e14,2.2995,-4.47496e6,2.21238e6,-5.54872e-9
1466568540,29731972.347204838,25516495.3403149,4215.477,4.01359e14,0.6920,-4.44564e6,2.21549e6,-5.55651e-9
1466568570,29716273.201635547,25499920.95001934,4216.352,4.05124e14,1.6366,-4.47275e6,2.21856e6,-5.56421e-9
1466568600,29700540.498284608,25483384.647962235,4217.156,4.07233e14,2.1658,-4.49064e6,2.22160e6,-5.57183e-9
1466568630,29684774.3991559,25466886.866745047,4217.888,4.00784e14,0.5478,-4.46073e6,2.22461e6,-5.57937e-9
1466568660,29668975.067138318,25450428.039581593,4218.547,3.96183e14,0.6065,-4.44099e6,2.22758e6,-5.58683e-9
1466568690,29653142.666057445,25434008.600231614,4219.134,4.07494e14,2.2312,-4.51012e6,2.23052e6,-5.59420e-9
1466568720,29637277.360664036,25417628.983000208,4219.648,4.18241e14,4.9273,-4.57619e6,2.23343e6,-5.60148e-9
1466568750,29621379.31663792,25401289.62272086,4220.090,3.99061e14,0.1156,-4.47450e6,2.23630e6,-5.60868e-9
1466568780,29605448.70059201,25384990.954738196,4220.458,4.00475e14,0.4702,-4.48812e6,2.23913e6,-5.61579e-9
1466568810,29589485.680076238,25368733.414890576,4220.752,4.15458e14,4.2291,-4.57798e6,2.24194e6,-5.62281e-9
1466568840,29573490.42358153,25352517.439492404,4220.973,4.08921e14,2.5892,-4.54682e6,2.24470e6,-5.62975e-9
1466568870,29557463.100543812,25336343.465316243,4221.120,4.03998e14,1.3541,-4.52460e6,2.24743e6,-5.63659e-9
1466568900,29541403.881347924,25320211.929574702,4221.192,3.95575e14,0.7590,-4.48249e6,2.25013e6,-5.64335e-9
1466568930,29525312.937318645,25304123.269906394,4221.190,3.89227e14,2.3517,-4.45192e6,2.25278e6,-5.65001e-9
1466568960,29509190.440764762,25288077.924344286,4221.113,4.01379e14,0.6972,-4.52584e6,2.25540e6,-5.65658e-9
1466568990,29493036.564942908,25272076.331310093,4220.960,4.05669e14,1.7735,-4.55532e6,2.25799e6,-5.66306e-9
1466569020,29476851.484074436,25256118.929591056,4220.733,3.96832e14,0.4436,-4.51035e6,2.26053e6,-5.66944e-9
1466569050,29460635.37334924,25240206.158320855,4220.429,3.90598e14,2.0076,-4.47997e6,2.26304e6,-5.67573e-9
1466569080,29444388.408929642,25224338.456960212,4220.050,4.00810e14,0.5542,-4.54288e6,2.26551e6,-5.68192e-9
1466569110,29428110.767954223,25208516.265277382,4219.595,4.04102e14,1.3803,-4.56649e6,2.26795e6,-5.68802e-9
1466569140,29411802.6285417,25192740.02332838,4219.063,3.93629e14,1.2471,-4.51167e6,2.27034e6,-5.69402e-9
1466569170,29395464.169794712,25177010.171436984,4218.454,4.00166e14,0.3927,-4.55361e6,2.27269e6,-5.69992e-9
1466569200,29379095.571803704,25161327.15017462,4217.768,4.03858e14,1.3191,-4.57931e6,2.27501e6,-5.70572e-9
1466569230,29362697.015655216,25145691.400352042,4217.006,4.05435e14,1.7146,-4.59289e6,2.27728e6,-5.71143e-9
1466569260,29346268.68342207,25130103.362961493,4216.165,4.00249e14,0.4136,-4.56775e6,2.27952e6,-5.71703e-9
1466569290,29329810.75818072,25114563.479193304,4215.247,3.95131e14,0.8705,-4.54286e6,2.28171e6,-5.72253e-9
1466569320,29313323.424010854,25099072.190402865,4214.251,4.03262e14,1.1695,-4.59372e6,2.28386e6,-5.72793e-9
1466569350,29296806.86599919,25083629.938089512,4213.177,3.93458e14,1.2900,-4.54176e6,2.28598e6,-5.73323e-9
1466569380,29280261.270243406,25068237.1638752,4212.024,3.90154e14,2.1191,-4.52691e6,2.28805e6,-5.73842e-9
1466569410,29263686.823856052,25052894.30948295,4210.793,4.01332e14,0.6853,-4.59513e6,2.29007e6,-5.74350e-9
1466569440,29247083.71496841,25037601.816715095,4209.482,4.10005e14,2.8612,-4.64897e6,2.29206e6,-5.74848e-9
1466569470,29230452.132734418,25022360.127431266,4208.092,4.15682e14,4.2855,-4.68557e6,2.29400e6,-5.75336e-9
1466569500,29213792.267334595,25007169.683526177,4206.623,4.15732e14,4.2978,-4.68974e6,2.29590e6,-5.75812e-9
1466569530,29197104.309986856,24992030.92688643,4205.073,4.15043e14,4.1250,-4.68956e6,2.29776e6,-5.76278e-9
1466569560,29180388.452929053,24976944.299431957,4203.444,4.02954e14,1.0921,-4.62354e6,2.29958e6,-5.76733e-9
1466569590,29163644.889444448,24961910.243028857,4201.735,3.95801e14,0.7022,-4.58582e6,2.30135e6,-5.77177e-9
1466569620,29146873.813858643,24946929.19948691,4199.945,4.02731e14,1.0363,-4.62928e6,2.30307e6,-5.77610e-9
1466569650,29130075.421543643,24932001.610536166,4198.074,4.02265e14,0.9194,-4.62997e6,2.30475e6,-5.78031e-9
1466569680,29113249.90892169,24917127.91780316,4196.122,3.91087e14,1.8849,-4.56860e6,2.30639e6,-5.78441e-9
1466569710,29096397.4734693,24902308.562787168,4194.089,3.90967e14,1.9152,-4.57105e6,2.30798e6,-5.78840e-9
1466569740,29079518.31372121,24887543.986835968,4191.974,3.97963e14,0.1600,-4.61463e6,2.30952e6,-5.79228e-9
1466569770,29062612.629274257,24872834.63112159,4189.778,4.05216e14,1.6598,-4.65967e6,2.31102e6,-5.79604e-9
1466569800,29045680.62079128,24858180.93661583,4187.500,3.97096e14,0.3775,-4.61550e6,2.31247e6,-5.79968e-9
1466569830,29028722.489989378,24843583.344082303,4185.139,3.92426e14,1.5491,-4.59120e6,2.31388e6,-5.80320e-9
1466569860,29011738.43969216,24829042.29399979,4182.696,4.01808e14,0.8046,-4.64837e6,2.31523e6,-5.80661e-9
1466569890,28994728.67378499,24814558.226589136,4180.170,3.99128e14,0.1324,-4.63544e6,2.31654e6,-5.80990e-9
1466569920,28977693.397234518,24800131.581771296,4177.562,3.99949e14,0.3382,-4.64273e6,2.31781e6,-5.81306e-9
1466569950,28960632.816092335,24785762.79914197,4174.870,4.04060e14,1.3696,-4.66908e6,2.31902e6,-5.81611e-9
1466569980,28943547.137498662,24771452.31794618,4172.095,4.06890e14,2.0796,-4.68789e6,2.32019e6,-5.81903e-9
1466570010,28926436.56968612,24757200.577052526,4169.236,4.05050e14,1.6180,-4.67944e6,2.32130e6,-5.82184e-9
1466570040,28909301.321983334,24743008.014927335,4166.293,3.93604e14,1.2535,-4.61492e6,2.32237e6,-5.82451e-9
1466570070,28892141.604818605,24728875.069608647,4163.267,3.93564e14,1.2636,-4.61671e6,2.32339e6,-5.82707e-9
1466570100,28874957.62972364,24714802.178679954,4160.155,3.97830e14,0.1932,-4.64350e6,2.32435e6,-5.82950e-9
1466570130,28857749.60935483,24700789.77924359,4156.960,3.95353e14,0.8146,-4.63089e6,2.32527e6,-5.83180e-9
1466570160,28840517.7574424,24686838.307894904,4153.679,3.97028e14,0.3946,-4.64239e6,2.32614e6,-5.83397e-9
1466570190,28823262.288848765,24672948.20069462,4150.314,4.02217e14,0.9073,-4.67430e6,2.32695e6,-5.83602e-9
1466570220,28805983.419554666,24659119.893142223,4146.864,4.05358e14,1.6953,-4.69417e6,2.32772e6,-5.83794e-9
1466570250,28788681.36666284,24645353.820148792,4143.328,3.98899e14,0.0748,-4.65789e6,2.32843e6,-5.83973e-9
1466570280,28771356.34840189,24631650.41600969,4139.706,3.96982e14,0.4060,-4.64801e6,2.32909e6,-5.84138e-9
1466570310,28754008.584129978,24618010.114377137,4135.998,4.03493e14,1.2275,-4.68727e6,2.32969e6,-5.84291e-9
1466570340,28736638.294338614,24604433.348232437,4132.205,4.08271e14,2.4262,-4.71631e6,2.33025e6,-5.84430e-9
1466570370,28719245.70065633,24590920.54985822,4128.325,3.89024e14,2.4025,-4.60481e6,2.33075e6,-5.84556e-9
1466570400,28701831.025852457,24577472.1508104,4124.359,3.93020e14,1.4001,-4.62906e6,2.33119e6,-5.84668e-9
1466570430,28684394.493826732,24564088.581869666,4120.306,4.06196e14,1.9056,-4.70689e6,2.33159e6,-5.84767e-9
1466570460,28666936.329656295,24550770.273075663,4116.166,3.95783e14,0.7068,-4.64667e6,2.33193e6,-5.84853e-9
1466570490,28649456.75955589,24537517.6536359,4111.939,3.97343e14,0.3156,-4.65636e6,2.33221e6,-5.84924e-9
1466570520,28631956.010895424,24524331.151917078,4107.625,4.02937e14,1.0880,-4.68955e6,2.33244e6,-5.84982e-9
1466570550,28614434.31220345,24511211.19541618,4103.223,4.00460e14,0.4666,-4.67541e6,2.33261e6,-5.85026e-9
1466570580,28596891.893170655,24498158.210731313,4098.734,3.92062e14,1.6404,-4.62651e6,2.33273e6,-5.85056e-9
1466570610,28579328.98465333,24485172.623532444,4094.156,3.90423e14,2.0516,-4.61704e6,2.33279e6,-5.85072e-9
1466570640,28561745.818676766,24472254.858532034,4089.491,3.95991e14,0.6547,-4.64963e6,2.33279e6,-5.85074e-9
1466570670,28544142.628438618,24459405.33945546,4084.737,4.03415e14,1.2079,-4.69297e6,2.33274e6,-5.85061e-9
1466570700,28526519.648312334,24446624.489011426,4079.895,4.06529e14,1.9890,-4.71096e6,2.33263e6,-5.85034e-9
1466570730,28508877.113860402,24433912.728898987,4074.964,4.10272e14,2.9282,-4.73253e6,2.33247e6,-5.84993e-9
1466570760,28491215.26180709,24421270.479664188,4069.945,3.97648e14,0.2389,-4.65823e6,2.33224e6,-5.84937e-9
1466570790,28473534.330072455,24408698.160783913,4064.836,3.86040e14,3.1510,-4.58978e6,2.33196e6,-5.84867e-9
1466570820,28455834.55776578,24396196.19059924,4059.638,3.95790e14,0.7051,-4.64612e6,2.33162e6,-5.84782e-9
1466570850,28438116.185188893,24383764.986285493,4054.351,4.12199e14,3.4115,-4.74127e6,2.33122e6,-5.84682e-9
1466570880,28420379.453839485,24371404.963822242,4048.974,4.16344e14,4.4516,-4.76457e6,2.33076e6,-5.84567e-9
1466570910,28402624.606414396,24359116.537963185,4043.508,4.03356e14,1.1931,-4.68760e6,2.33024e6,-5.84438e-9
1466570940,28384851.886812914,24346900.122205887,4037.952,3.99337e14,0.1849,-4.66296e6,2.32966e6,-5.84293e-9
1466570970,28367061.540139932,24334756.1287614,4032.305,4.01853e14,0.8160,-4.67638e6,2.32902e6,-5.84133e-9
1466571000,28349253.81270919,24322684.968523823,4026.569,4.04753e14,1.5434,-4.69190e6,2.32832e6,-5.83958e-9
1466571030,28331428.95203574,24310687.0509985,4020.742,4.09397e14,2.7085,-4.71748e6,2.32755e6,-5.83768e-9
1466571060,28313587.206872106,24298762.784398492,4014.824,4.05067e14,1.6224,-4.69055e6,2.32673e6,-5.83563e-9
1466571090,28295728.827178225,24286912.575486127,4008.816,3.92200e14,1.6057,-4.61371e6,2.32585e6,-5.83342e-9
1466571120,28277854.0641352,24275136.82958319,4002.717,3.94468e14,1.0366,-4.62507e6,2.32490e6,-5.83105e-9
1466571150,28259963.170148246,24263435.950539567,3996.527,3.96340e14,0.5670,-4.63397e6,2.32389e6,-5.82853e-9
1466571180,28242056.398849603,24251810.34070187,3990.246,3.97689e14,0.2286,-4.63970e6,2.32282e6,-5.82585e-9
1466571210,28224134.005101424,24240260.400882002,3983.874,4.07531e14,2.2405,-4.69474e6,2.32168e6,-5.82301e-9
1466571240,28206196.24499868,24228786.53032556,3977.410,4.03446e14,1.2158,-4.66855e6,2.32049e6,-5.82002e-9
1466571270,28188243.37587189,24217389.126680333,3970.854,4.02973e14,1.0970,-4.66326e6,2.31922e6,-5.81686e-9
1466571300,28170275.656290054,24206068.585964568,3964.207,4.02865e14,1.0699,-4.65997e6,2.31790e6,-5.81354e-9
1466571330,28152293.346080586,24194825.302568942,3957.468,3.98903e14,0.0758,-4.63416e6,2.31651e6,-5.81007e-9
1466571360,28134296.706278823,24183659.669121165,3950.637,4.02892e14,1.0766,-4.65442e6,2.31505e6,-5.80643e-9
1466571390,28116285.999184128,24172572.07655829,3943.714,3.97776e14,0.2069,-4.62168e6,2.31353e6,-5.80263e-9
1466571420,28098261.48834545,24161562.914061513,3936.699,3.93012e14,1.4020,-4.59089e6,2.31195e6,-5.79866e-9
1466571450,28080223.43856399,24150632.56902461,3929.591,4.08418e14,2.4631,-4.67689e6,2.31030e6,-5.79453e-9
1466571480,28062172.11589597,24139781.427022416,3922.391,4.11709e14,3.2887,-4.69247e6,2.30858e6,-5.79024e-9
1466571510,28044107.78765532,24129009.871779263,3915.098,3.95101e14,0.8779,-4.59276e6,2.30680e6,-5.78577e-9
1466571540,28026030.722416222,24118318.285137396,3907.712,3.96231e14,0.5944,-4.59562e6,2.30495e6,-5.78115e-9
1466571570,28007941.190015744,24107707.047025412,3900.234,3.95263e14,0.8374,-4.58621e6,2.30303e6,-5.77635e-9
1466571600,27989839.461556323,24097176.535426613,3892.663,3.92574e14,1.5119,-4.56675e6,2.30105e6,-5.77139e-9
1466571630,27971725.809383273,24086727.12632827,3884.999,3.98271e14,0.0825,-4.59553e6,2.29900e6,-5.76625e-9
1466571660,27953600.50716411,24076359.19374928,3877.241,4.00960e14,0.5921,-4.60679e6,2.29688e6,-5.76095e-9
1466571690,27935463.829813752,24066073.109649047,3869.391,4.00880e14,0.5719,-4.60195e6,2.29469e6,-5.75548e-9
1466571720,27917316.053521514,24055869.243915033,3861.447,3.99375e14,0.1943,-4.58878e6,2.29244e6,-5.74983e-9
1466571750,27899157.45575321,24045747.964331005,3853.409,3.98886e14,0.0717,-4.58132e6,2.29011e6,-5.74402e-9
1466571780,27880988.3152531,24035709.63654531,3845.279,4.01623e14,0.7583,-4.59224e6,2.28772e6,-5.73803e-9
1466571810,27862808.912045866,24025754.62403918,3837.054,4.13649e14,3.7753,-4.65624e6,2.28526e6,-5.73187e-9
1466571840,27844619.527438443,24015883.28809505,3828.736,4.09334e14,2.6928,-4.62638e6,2.28273e6,-5.72553e-9
1466571870,27826420.44402191,24006095.987764895,3820.324,4.01424e14,0.7083,-4.57587e6,2.28012e6,-5.71902e-9
1466571900,27808211.945673212,23996393.079838634,3811.819,3.97162e14,0.3609,-4.54617e6,2.27745e6,-5.71233e-9
1466571930,27789994.31758376,23986774.9188208,3803.219,3.85465e14,3.2954,-4.47397e6,2.27471e6,-5.70547e-9
1466571960,27771767.84617834,23977241.856873736,3794.526,3.98630e14,0.0074,-4.54346e6,2.27190e6,-5.69842e-9
1466571990,27753532.81919993,23967794.243811432,3785.739,4.17011e14,4.6187,-4.64231e6,2.26901e6,-5.69121e-9
1466572020,27735289.525684565,23958432.427060034,3776.857,4.07324e14,2.1886,-4.58121e6,2.26606e6,-5.68381e-9
1466572050,27717038.25596305,23949156.751626592,3767.882,4.03556e14,1.2431,-4.55371e6,2.26303e6,-5.67623e-9
1466572080,27698779.3016627,23939967.56006792,3758.812,3.92700e14,1.4803,-4.48595e6,2.25994e6,-5.66848e-9
1466572110,27680512.955708995,23930865.19245949,3749.648,3.75082e14,5.9002,-4.37993e6,2.25677e6,-5.66054e-9
1466572140,27662239.51232712,23921849.98636451,3740.390,3.78914e14,4.9390,-4.39530e6,2.25352e6,-5.65242e-9
1466572170,27643959.267043494,23912922.276802935,3731.037,3.95659e14,0.7379,-4.48336e6,2.25021e6,-5.64413e-9
1466572200,27625672.51668723,23904082.396220785,3721.590,4.00116e14,0.3803,-4.50174e6,2.24682e6,-5.63564e-9
1466572230,27607379.559371017,23895330.67445612,3712.049,4.00115e14,0.3799,-4.49480e6,2.24336e6,-5.62698e-9
1466572260,27589080.694555685,23886667.438718412,3702.413,3.95756e14,0.7135,-4.46324e6,2.23983e6,-5.61813e-9
1466572290,27570776.222987764,23878093.013548348,3692.683,3.96119e14,0.6225,-4.45809e6,2.23622e6,-5.60910e-9
1466572320,27552466.446721118,23869607.720790565,3682.859,4.01063e14,0.6177,-4.47845e6,2.23254e6,-5.59989e-9
1466572350,27534151.669117853,23861211.87956341,3672.940,3.95002e14,0.9027,-4.43704e6,2.22879e6,-5.59049e-9
1466572380,27515832.194849156,23852905.806228813,3662.926,4.04177e14,1.3990,-4.48063e6,2.22496e6,-5.58090e-9
1466572410,27497508.32989602,23844689.814362388,3652.819,4.03097e14,1.1281,-4.46676e6,2.22105e6,-5.57113e-9
1466572440,27479180.381549962,23836564.214723557,3642.616,3.95858e14,0.6879,-4.41851e6,2.21708e6,-5.56117e-9
1466572470,27460848.65841357,23828529.315225877,3632.319,4.02024e14,0.8588,-4.44467e6,2.21302e6,-5.55102e-9
1466572500,27442513.47040105,23820585.420907497,3621.928,3.97679e14,0.2311,-4.41231e6,2.20890e6,-5.54069e-9
1466572530,27424175.12874768,23812732.83390172,3611.442,3.94033e14,1.1458,-4.38376e6,2.20470e6,-5.53016e-9
1466572560,27405833.945982262,23804971.85340836,3600.862,3.94971e14,0.9106,-4.38044e6,2.20042e6,-5.51945e-9
1466572590,27387490.235955607,23797302.77566394,3590.187,3.97288e14,0.3293,-4.38454e6,2.19606e6,-5.50855e-9
1466572620,27369144.3138317,23789725.893913142,3579.418,3.98480e14,0.0301,-4.38226e6,2.19163e6,-5.49746e-9
1466572650,27350796.496087845,23782241.49838022,3568.555,4.04945e14,1.5917,-4.40873e6,2.18713e6,-5.48617e-9
1466572680,27332447.100514833,23774849.87624048,3557.597,3.99844e14,0.3119,-4.37157e6,2.18255e6,-5.47470e-9
1466572710,27314096.44621697,23767551.311592154,3546.545,3.95376e14,0.8089,-4.33785e6,2.17789e6,-5.46304e-9
1466572740,27295744.85361207,23760346.085428298,3535.399,4.08231e14,2.4162,-4.39850e6,2.17316e6,-5.45118e-9
1466572770,27277392.644431293,23753234.475608986,3524.158,3.98566e14,0.0086,-4.33620e6,2.16835e6,-5.43913e-9
1466572800,27259040.14171897,23746216.756833766,3512.823,3.97724e14,0.2199,-4.32186e6,2.16346e6,-5.42689e-9
1466572830,27240687.669834334,23739293.20062039,3501.394,4.02250e14,0.9155,-4.33646e6,2.15849e6,-5.41446e-9
1466572860,27222335.554445013,23732464.075258713,3489.871,3.97679e14,0.2311,-4.30165e6,2.15345e6,-5.40183e-9
1466572890,27203984.122532535,23725729.645803034,3478.254,3.94730e14,0.9709,-4.27554e6,2.14833e6,-5.38901e-9
1466572920,27185633.70238986,23719090.174039267,3466.544,3.89454e14,2.2946,-4.23684e6,2.14314e6,-5.37600e-9
1466572950,27167284.62362073,23712545.918458544,3454.739,3.82434e14,4.0557,-4.18878e6,2.13786e6,-5.36279e-9
1466572980,27148937.21713894,23706097.13423108,3442.840,3.79977e14,4.6723,-4.16515e6,2.13251e6,-5.34939e-9
1466573010,27130591.81516751,23699744.073180348,3430.848,3.99204e14,0.1513,-4.25715e6,2.12708e6,-5.33579e-9
1466573040,27112248.751237698,23693486.983757455,3418.762,4.11673e14,3.2797,-4.31250e6,2.12158e6,-5.32199e-9
1466573070,27093908.360187985,23687326.111015767,3406.582,4.11987e14,3.3584,-4.30282e6,2.11599e6,-5.30800e-9
1466573100,27075570.978162874,23681261.696585868,3394.309,4.03061e14,1.1191,-4.24406e6,2.11033e6,-5.29382e-9
1466573130,27057236.94260318,23675293.978635546,3381.943,3.95279e14,0.8334,-4.19143e6,2.10458e6,-5.27944e-9
1466573160,27038906.592270784,23669423.191892218,3369.483,3.91846e14,1.6944,-4.16178e6,2.09876e6,-5.26486e-9
1466573190,27020580.267221052,23663649.56757134,3356.931,3.87293e14,2.8367,-4.12619e6,2.09287e6,-5.25008e-9
1466573220,27002258.30880958,23657973.333367694,3344.285,3.91965e14,1.6648,-4.13887e6,2.08689e6,-5.23511e-9
1466573250,26983941.059690416,23652394.71343166,3331.546,4.06798e14,2.0567,-4.20429e6,2.08083e6,-5.21994e-9
1466573280,26965628.863814246,23646913.928345677,3318.715,4.16985e14,4.6122,-4.24492e6,2.07470e6,-5.20457e-9
1466573310,26947322.066426326,23641531.1951012,3305.791,4.03515e14,1.2330,-4.16232e6,2.06848e6,-5.18901e-9
1466573340,26929021.014064416,23636246.727075804,3292.774,3.86000e14,3.1611,-4.05906e6,2.06219e6,-5.17324e-9
1466573370,26910726.05455655,23631060.734010745,3279.665,4.04747e14,1.5421,-4.14321e6,2.05582e6,-5.15728e-9
1466573400,26892437.537018687,23625973.421988793,3266.464,4.09993e14,2.8582,-4.15719e6,2.04937e6,-5.14112e-9
1466573430,26874155.81186116,23620984.993437283,3253.171,3.87549e14,2.7725,-4.02894e6,2.04284e6,-5.12477e-9
1466573460,26855881.23075883,23616095.64702985,3239.786,3.85889e14,3.1891,-4.00743e6,2.03623e6,-5.10821e-9
1466573490,26837614.146675676,23611305.57774266,3226.309,3.86664e14,2.9945,-3.99823e6,2.02954e6,-5.09146e-9
1466573520,26819354.91385326,23606614.976808693,3212.740,4.01499e14,0.7271,-4.06018e6,2.02277e6,-5.07450e-9
1466573550,26801103.88780792,23602024.031697612,3199.080,4.06949e14,2.0945,-4.07401e6,2.01593e6,-5.05735e-9
1466573580,26782861.42532774,23597532.926095862,3185.328,3.97443e14,0.2903,-4.01212e6,2.00900e6,-5.04000e-9
1466573610,26764627.884469576,23593141.8398872,3171.486,3.95915e14,0.6737,-3.99046e6,2.00200e6,-5.02245e-9
1466573640,26746403.62455579,23588850.949133568,3157.553,3.94175e14,1.1101,-3.96764e6,1.99491e6,-5.00470e-9
1466573670,26728189.00617093,23584660.426056247,3143.529,3.92059e14,1.6410,-3.94285e6,1.98775e6,-4.98676e-9
1466573700,26709984.39115829,23580570.43901749,3129.414,3.98580e14,0.0050,-3.96090e6,1.98051e6,-4.96861e-9
1466573730,26691790.14261268,23576581.152467027,3115.209,4.03207e14,1.1557,-3.96917e6,1.97318e6,-4.95027e-9
1466573760,26673606.624887954,23572692.727033794,3100.914,4.00342e14,0.4369,-3.94016e6,1.96578e6,-4.93172e-9
1466573790,26655434.203581955,23568905.31939864,3086.529,4.05083e14,1.6264,-3.94847e6,1.95830e6,-4.91298e-9
1466573820,26637273.245536078,23565219.08231277,3072.054,4.01644e14,0.7635,-3.91640e6,1.95074e6,-4.89404e-9
1466573850,26619124.118831147,23561634.164580934,3057.490,3.96856e14,0.4377,-3.87774e6,1.94310e6,-4.87490e-9
1466573880,26600987.19278308,23558150.711044997,3042.836,3.93252e14,1.3418,-3.84484e6,1.93538e6,-4.85556e-9
1466573910,26582862.837938514,23554768.86256798,3028.094,4.03830e14,1.3119,-3.88052e6,1.92759e6,-4.83603e-9
1466573940,26564751.42607017,23551488.756018404,3013.263,4.11346e14,3.1976,-3.90087e6,1.91971e6,-4.81629e-9
1466573970,26546653.330172114,23548310.52425513,2998.343,4.02548e14,0.9905,-3.84252e6,1.91175e6,-4.79636e-9
1466574000,26528568.9244549,23545234.296112668,2983.335,4.02907e14,1.0804,-3.82809e6,1.90372e6,-4.77623e-9
1466574030,26510498.584335905,23542260.19642819,2968.238,4.01316e14,0.6812,-3.80422e6,1.89561e6,-4.75590e-9
1466574060,26492442.686448324,23539388.34590006,2953.054,4.02694e14,1.0269,-3.79432e6,1.88741e6,-4.73537e-9
1466574090,26474401.608621698,23536618.861202538,2937.783,4.06534e14,1.9903,-3.79581e6,1.87914e6,-4.71465e-9
1466574120,26456375.729880903,23533951.854931682,2922.424,3.97642e14,0.2404,-3.73722e6,1.87079e6,-4.69373e-9
1466574150,26438365.430440538,23531387.4355931,2906.978,3.93249e14,1.3425,-3.69986e6,1.86236e6,-4.67261e-9
1466574180,26420371.09169905,23528925.70759016,2891.445,3.97830e14,0.1933,-3.70428e6,1.85386e6,-4.65130e-9
1466574210,26402393.096232787,23526566.77121274,2875.826,3.94312e14,1.0758,-3.67085e6,1.84527e6,-4.62978e-9
1466574240,26384431.827789877,23524310.722626302,2860.121,3.86981e14,2.9150,-3.61985e6,1.83661e6,-4.60808e-9
1466574270,26366487.67128391,23522157.653861452,2844.330,3.93402e14,1.3042,-3.63208e6,1.82787e6,-4.58617e-9
1466574300,26348561.01278754,23520107.65280395,2828.453,4.00180e14,0.3963,-3.64550e6,1.81905e6,-4.56408e-9
1466574330,26330652.239537913,23518160.803144146,2812.491,3.82187e14,4.1178,-3.54596e6,1.81015e6,-4.54178e-9
1466574360,26312761.739892993,23516317.184494395,2796.445,3.86281e14,3.0906,-3.54690e6,1.80118e6,-4.51929e-9
1466574390,26294889.903361503,23514576.8722533,2780.313,4.02249e14,0.9153,-3.60088e6,1.79213e6,-4.49661e-9
1466574420,26277037.120584164,23512939.937638275,2764.097,3.94667e14,0.9869,-3.54863e6,1.78300e6,-4.47373e-9
1466574450,26259203.78332647,23511406.44767748,2747.797,3.97258e14,0.3368,-3.54185e6,1.77379e6,-4.45066e-9
1466574480,26241390.284471508,23509976.46520208,2731.414,3.95058e14,0.8886,-3.51359e6,1.76451e6,-4.42740e-9
1466574510,26223597.018012475,23508650.04883912,2714.947,3.93070e14,1.3875,-3.48620e6,1.75515e6,-4.40394e-9
1466574540,26205824.37904512,23507427.253004707,2698.397,3.90471e14,2.0394,-3.45609e6,1.74571e6,-4.38029e-9
1466574570,26188072.763759885,23506308.12789773,2681.765,3.87597e14,2.7605,-3.42474e6,1.73619e6,-4.35645e-9
1466574600,26170342.569434047,23505292.719494063,2665.050,4.00121e14,0.3814,-3.46010e6,1.72660e6,-4.33242e-9
1466574630,26152634.194408998,23504381.06957495,2648.253,3.87222e14,2.8545,-3.38517e6,1.71694e6,-4.30819e-9
1466574660,26134948.038126655,23503573.215617966,2631.375,3.83573e14,3.7700,-3.35034e6,1.70720e6,-4.28378e-9
1466574690,26117284.501076423,23502869.190897353,2614.415,3.91831e14,1.6982,-3.36626e6,1.69738e6,-4.25918e-9
1466574720,26099643.98480075,23502269.024446383,2597.375,3.95976e14,0.6584,-3.36420e6,1.68749e6,-4.23438e-9
1466574750,26082026.891886152,23501772.741054233,2580.254,4.04515e14,1.4837,-3.38028e6,1.67752e6,-4.20940e-9
1466574780,26064433.62595409,23501380.361263324,2563.053,4.04303e14,1.4305,-3.35917e6,1.66748e6,-4.18423e-9
1466574810,26046864.591651615,23501091.901367065,2545.773,3.96896e14,0.4277,-3.30800e6,1.65736e6,-4.15888e-9
1466574840,26029320.194641788,23500907.373408206,2528.413,3.83838e14,3.7036,-3.23370e6,1.64717e6,-4.13333e-9
1466574870,26011800.841594018,23500826.7851775,2510.974,3.75419e14,5.8158,-3.17897e6,1.63690e6,-4.10760e-9
1466574900,25994306.940174084,23500850.14021296,2493.457,3.84394e14,3.5640,-3.19554e6,1.62656e6,-4.08169e-9
1466574930,25976838.899047904,23500977.43777082,2475.861,3.98267e14,0.0836,-3.23136e6,1.61615e6,-4.05559e-9
1466574960,25959397.127828833,23501208.67291443,2458.188,3.80584e14,4.5200,-3.13915e6,1.60566e6,-4.02931e-9
1466574990,25941982.03710943,23501543.836425655,2440.438,3.76699e14,5.4946,-3.10297e6,1.59510e6,-4.00284e-9
1466575020,25924594.03843731,23501982.914834697,2422.611,3.87929e14,2.6773,-3.12695e6,1.58447e6,-3.97619e-9
1466575050,25907233.544304375,23502525.890421428,2404.708,3.85375e14,3.3181,-3.09575e6,1.57376e6,-3.94936e-9
1466575080,25889900.968135882,23503172.741217203,2386.728,3.97839e14,0.1910,-3.12345e6,1.56298e6,-3.92235e-9
1466575110,25872596.72427938,23503923.44100721,2368.673,4.07420e14,2.2127,-3.13910e6,1.55214e6,-3.89516e-9
1466575140,25855321.227993343,23504777.95933321,2350.543,4.08117e14,2.3874,-3.11972e6,1.54122e6,-3.86778e-9
1466575170,25838074.895435646,23505736.261496775,2332.339,4.03913e14,1.3327,-3.08134e6,1.53022e6,-3.84023e-9
1466575200,25820858.143651947,23506798.308563102,2314.060,3.94332e14,1.0708,-3.02255e6,1.51916e6,-3.81251e-9
1466575230,25803671.390548937,23507964.0573936,2295.707,3.88948e14,2.4216,-2.98004e6,1.50803e6,-3.78460e-9
1466575260,25786515.054927792,23509233.46056283,2277.282,3.79169e14,4.8750,-2.92118e6,1.49683e6,-3.75652e-9
1466575290,25769389.55642639,23510606.466451924,2258.783,3.93355e14,1.3159,-2.95208e6,1.48555e6,-3.72826e-9
1466575320,25752295.315521378,23512083.019225866,2240.212,4.12281e14,3.4322,-2.99958e6,1.47421e6,-3.69983e-9
1466575350,25735232.75351535,23513663.05883978,2221.570,4.08841e14,2.5691,-2.96375e6,1.46280e6,-3.67123e-9
1466575380,25718202.292523894,23515346.521045834,2202.856,3.99848e14,0.3130,-2.90775e6,1.45132e6,-3.64245e-9
1466575410,25701204.35546235,23517133.33740046,2184.071,3.93986e14,1.1576,-2.86344e6,1.43977e6,-3.61351e-9
1466575440,25684239.36603243,23519023.43527211,2165.216,4.07801e14,2.3081,-2.88987e6,1.42816e6,-3.58439e-9
1466575470,25667307.748708583,23521016.73784943,2146.291,4.23751e14,6.3097,-2.92295e6,1.41647e6,-3.55510e-9
1466575500,25650409.928724233,23523113.16414992,2127.297,4.11434e14,3.2196,-2.85529e6,1.40472e6,-3.52565e-9
1466575530,25633546.33207611,23525312.628996056,2108.234,4.02419e14,0.9580,-2.79977e6,1.39291e6,-3.49603e-9
1466575560,25616717.38545343,23527615.043126386,2089.102,3.94161e14,1.1137,-2.74728e6,1.38102e6,-3.46624e-9
1466575590,25599923.5162803,23530020.313103538,2069.903,3.86610e14,3.0083,-2.69757e6,1.36907e6,-3.43628e-9
1466575620,25583165.15268283,23532528.34135738,2050.637,4.06282e14,1.9272,-2.74093e6,1.35706e6,-3.40617e-9
1466575650,25566442.72347447,23535139.02619559,2031.304,4.00599e14,0.5013,-2.69736e6,1.34498e6,-3.37589e-9
1466575680,25549756.65814113,23537852.26181466,2011.904,3.80568e14,4.5238,-2.60601e6,1.33284e6,-3.34544e-9
1466581260,23539388.34590006,25541049.13987781,2001.661,4.09319e14,2.6891,2.69022e6,-1.32746e6,3.32933e-9
1466581290,23536618.861202538,25557719.507861413,2021.101,4.20119e14,5.3985,2.75117e6,-1.33962e6,3.35986e-9
1466581320,23533951.854931682,25574426.48254716,2040.475,4.00071e14,0.3690,2.70806e6,-1.35172e6,3.39024e-9
1466581350,23531387.4355931,25591169.63374151,2059.782,3.91989e14,1.6588,2.70453e6,-1.36375e6,3.42045e-9
1466581380,23528925.70759016,25607948.531915065,2079.023,4.09013e14,2.6123,2.78702e6,-1.37572e6,3.45050e-9
1466581410,23526566.77121274,25624762.74821765,2098.196,4.14933e14,4.0975,2.83175e6,-1.38762e6,3.48039e-9
1466581440,23524310.722626302,25641611.85449317,2117.301,4.05975e14,1.8501,2.82447e6,-1.39946e6,3.51011e-9
1466581470,23522157.653861452,25658495.4232943,2136.338,4.07396e14,2.2065,2.85327e6,-1.41123e6,3.53966e-9
1466581500,23520107.65280395,25675413.027896967,2155.305,4.03862e14,1.3200,2.86433e6,-1.42293e6,3.56905e-9
1466581530,23518160.803144146,25692364.242334552,2174.203,3.80371e14,4.5733,2.80324e6,-1.43456e6,3.59826e-9
1466581560,23516317.184494395,25709348.641350474,2193.031,3.92379e14,1.5608,2.86941e6,-1.44613e6,3.62731e-9
1466581590,23514576.8722533,25726365.80047372,2211.789,4.13877e14,3.8325,2.97084e6,-1.45763e6,3.65618e-9
1466581620,23512939.937638275,25743415.296012767,2230.475,4.11934e14,3.3451,2.98699e6,-1.46906e6,3.68489e-9
1466581650,23511406.44767748,25760496.70506919,2249.090,4.10308e14,2.9373,3.00407e6,-1.48042e6,3.71342e-9
1466581680,23509976.46520208,25777609.605551083,2267.633,4.05209e14,1.6579,3.00792e6,-1.49172e6,3.74178e-9
1466581710,23508650.04883912,25794753.57618635,2286.104,3.92355e14,1.5669,2.98210e6,-1.50294e6,3.76996e-9
1466581740,23507427.253004707,25811928.196535673,2304.501,3.93621e14,1.2493,3.00905e6,-1.51409e6,3.79797e-9
1466581770,23506308.12789773,25829133.047005393,2322.825,3.93193e14,1.3567,3.02945e6,-1.52518e6,3.82580e-9
1466581800,23505292.719494063,25846367.70886004,2341.075,3.83647e14,3.7516,3.01455e6,-1.53619e6,3.85345e-9
1466581830,23504381.06957495,25863631.764209595,2359.251,3.91075e14,1.8879,3.06487e6,-1.54713e6,3.88093e-9
1466581860,23503573.215617966,25880924.796099413,2377.352,3.91991e14,1.6581,3.08999e6,-1.55800e6,3.90823e-9
1466581890,23502869.190897353,25898246.388444267,2395.377,3.92159e14,1.6159,3.11208e6,-1.56880e6,3.93534e-9
1466581920,23502269.024446383,25915596.126065068,2413.327,4.01988e14,0.8498,3.17231e6,-1.57953e6,3.96228e-9
1466581950,23501772.741054233,25932973.594700344,2431.201,3.88470e14,2.5414,3.13980e6,-1.59018e6,3.98904e-9
1466581980,23501380.361263324,25950378.38101734,2448.998,3.90545e14,2.0209,3.16904e6,-1.60076e6,4.01561e-9
1466582010,23501091.901367065,25967810.07262307,2466.718,4.01435e14,0.7110,3.23387e6,-1.61127e6,4.04200e-9
1466582040,23500907.373408206,25985268.25807501,2484.361,4.03059e14,1.1186,3.26143e6,-1.62171e6,4.06821e-9
1466582070,23500826.7851775,26002752.52689178,2501.926,3.99124e14,0.1313,3.26617e6,-1.63207e6,4.09423e-9
1466582100,23500850.14021296,26020262.469563436,2519.412,3.90320e14,2.0775,3.25050e6,-1.64236e6,4.12006e-9
1466582130,23500977.43777082,26037797.67758377,2536.820,3.90256e14,2.0934,3.27046e6,-1.65257e6,4.14572e-9
1466582160,23501208.67291443,26055357.743392576,2554.149,3.92358e14,1.5660,3.29931e6,-1.66271e6,4.17118e-9
1466582190,23501543.836425655,26072942.260453407,2571.398,3.99404e14,0.2015,3.34886e6,-1.67278e6,4.19646e-9
1466582220,23501982.914834697,26090550.823241457,2588.568,3.93545e14,1.2683,3.34413e6,-1.68277e6,4.22155e-9
1466582250,23502525.890421428,26108183.02725327,2605.657,3.96175e14,0.6085,3.37502e6,-1.69268e6,4.24645e-9
1466582280,23503172.741217203,26125838.46901617,2622.666,4.06774e14,2.0505,3.43992e6,-1.70252e6,4.27116e-9
1466582310,23503923.44100721,26143516.746097647,2639.593,4.04395e14,1.4537,3.44944e6,-1.71229e6,4.29569e-9
1466582340,23504777.95933321,26161217.457114507,2656.439,4.01371e14,0.6950,3.45591e6,-1.72198e6,4.32002e-9
1466582370,23505736.261496775,26178940.201741803,2673.204,4.18683e14,5.0382,3.55041e6,-1.73159e6,4.34416e-9
1466582400,23506798.308563102,26196684.580721628,2689.886,4.16457e14,4.4798,3.56026e6,-1.74113e6,4.36812e-9
1466582430,23507964.0573936,26214450.19585821,2706.486,3.97619e14,0.2462,3.49688e6,-1.75059e6,4.39188e-9
1466582460,23509233.46056283,26232236.65006805,2723.003,3.91131e14,1.8738,3.48699e6,-1.75997e6,4.41544e-9
1466582490,23510606.466451924,26250043.54734635,2739.437,4.03171e14,1.1466,3.55888e6,-1.76928e6,4.43882e-9
1466582520,23512083.019225866,26267870.492788527,2755.787,4.15280e14,4.1844,3.63149e6,-1.77851e6,4.46200e-9
1466582550,23513663.05883978,26285717.092597976,2772.054,4.12880e14,3.5824,3.63943e6,-1.78766e6,4.48499e-9
1466582580,23515346.521045834,26303582.954093657,2788.236,4.12642e14,3.5226,3.65684e6,-1.79674e6,4.50779e-9
1466582610,23517133.33740046,26321467.68571756,2804.334,4.01009e14,0.6043,3.62246e6,-1.80574e6,4.53039e-9
1466582640,23519023.43527211,26339370.8970419,2820.347,3.96865e14,0.4355,3.62150e6,-1.81466e6,4.55279e-9
1466582670,23521016.73784943,26357292.19877623,2836.275,4.11459e14,3.2260,3.70593e6,-1.82350e6,4.57500e-9
1466582700,23523113.16414992,26375231.202774327,2852.118,4.14998e14,4.1139,3.74002e6,-1.83227e6,4.59702e-9
1466582730,23525312.628996056,26393187.522042762,2867.875,4.11165e14,3.1522,3.74006e6,-1.84096e6,4.61884e-9
1466582760,23527615.043126386,26411160.770741977,2883.546,4.03892e14,1.3276,3.72381e6,-1.84957e6,4.64046e-9
1466582790,23530020.313103538,26429150.564198107,2899.130,3.86295e14,3.0872,3.65896e6,-1.85810e6,4.66189e-9
1466582820,23532528.34135738,26447156.51890756,2914.628,3.96503e14,0.5262,3.72342e6,-1.86655e6,4.68312e-9
1466582850,23535139.02619559,26465178.252543114,2930.039,4.08997e14,2.6084,3.79891e6,-1.87493e6,4.70416e-9
1466582880,23537852.26181466,26483215.383959908,2945.363,3.95497e14,0.7786,3.75194e6,-1.88322e6,4.72499e-9
1466582910,23540667.938311417,26501267.533201292,2960.600,3.84523e14,3.5318,3.71624e6,-1.89144e6,4.74563e-9
1466582940,23543585.941694856,26519334.321504496,2975.748,3.94234e14,1.0954,3.77853e6,-1.89958e6,4.76608e-9
1466582970,23546606.15389848,26537415.371306185,2990.809,4.06348e14,1.9438,3.85255e6,-1.90764e6,4.78632e-9
1466583000,23549728.452793147,26555510.306247845,3005.782,4.12309e14,3.4391,3.89733e6,-1.91562e6,4.80637e-9
1466583030,23552952.712232977,26573618.75119253,3020.666,4.07146e14,2.1439,3.88850e6,-1.92352e6,4.82621e-9
1466583060,23556278.801967986,26591740.33219467,3035.462,3.96384e14,0.5560,3.85217e6,-1.93135e6,4.84586e-9
1466583090,23559706.58775963,26609874.676540513,3050.168,3.92412e14,1.5527,3.84830e6,-1.93909e6,4.86532e-9
1466583120,23563235.931362703,26628021.412741534,3064.785,4.02267e14,0.9198,3.91166e6,-1.94676e6,4.88457e-9
1466583150,23566866.690540586,26646180.170539267,3079.313,4.10741e14,3.0458,3.96846e6,-1.95434e6,4.90362e-9
1466583180,23570598.71908082,26664350.580909904,3093.752,4.03646e14,1.2658,3.94879e6,-1.96185e6,4.92248e-9
1466583210,23574431.866811242,26682532.276068874,3108.100,4.05314e14,1.6844,3.97199e6,-1.96928e6,4.94114e-9
1466583240,23578365.979616378,26700724.889475126,3122.359,4.00888e14,0.5739,3.96487e6,-1.97663e6,4.95959e-9
1466583270,23582400.8994543,26718928.055835374,3136.527,3.97322e14,0.3208,3.96170e6,-1.98389e6,4.97785e-9
1466583300,23586536.464373887,26737141.41110816,3150.605,4.08230e14,2.4159,4.03057e6,-1.99108e6,4.99591e-9
1466583330,23590772.508507416,26755364.59248409,3164.592,4.03815e14,1.3082,4.02283e6,-1.99820e6,5.01377e-9
1466583360,23595108.8621658,26773597.238462545,3178.488,4.04477e14,1.4743,4.04033e6,-2.00523e6,5.03144e-9
1466583390,23599545.351779517,26791838.988782257,3192.294,4.09778e14,2.8042,4.08111e6,-2.01218e6,5.04890e-9
1466583420,23604081.799942207,26810089.48444824,3206.008,4.02690e14,1.0259,4.05915e6,-2.01905e6,5.06616e-9
1466583450,23608718.025429644,26828348.36773498,3219.630,4.10103e14,2.8858,4.11050e6,-2.02585e6,5.08323e-9
1466583480,23613453.84321896,26846615.282189447,3233.161,4.09256e14,2.6733,4.11981e6,-2.03256e6,5.10010e-9
1466583510,23618289.064508334,26864889.87263406,3246.601,4.07019e14,2.1119,4.12182e6,-2.03920e6,5.11676e-9
1466583540,23623223.496736944,26883171.78516944,3259.948,4.11583e14,3.2571,4.15851e6,-2.04576e6,5.13323e-9
1466583570,23628256.943605352,26901460.667177107,3273.204,4.06363e14,1.9474,4.14480e6,-2.05223e6,5.14951e-9
1466583600,23633389.205096133,26919756.16732204,3286.367,4.00711e14,0.5296,4.12854e6,-2.05863e6,5.16558e-9
1466583630,23638620.07750805,26938057.93558905,3299.438,4.06500e14,1.9817,4.17121e6,-2.06495e6,5.18145e-9
1466583660,23643949.353437133,26956365.62318069,3312.416,4.16066e14,4.3818,4.23354e6,-2.07119e6,5.19713e-9
1466583690,23649376.821838725,26974678.882624034,3325.302,4.08538e14,2.4932,4.20691e6,-2.07736e6,5.21261e-9
1466583720,23654902.268036615,26992997.367739275,3338.095,3.92281e14,1.5853,4.13424e6,-2.08344e6,5.22789e-9
1466583750,23660525.473745488,27011320.733642064,3350.795,3.94364e14,1.0629,4.15708e6,-2.08944e6,5.24297e-9
1466583780,23666246.217093825,27029648.636745628,3363.402,4.15649e14,4.2772,4.28080e6,-2.09537e6,5.25786e-9
1466583810,23672064.272646945,27047980.734762907,3375.916,4.08810e14,2.5613,4.25669e6,-2.10122e6,5.27255e-9
1466583840,23677979.411430568,27066316.686708502,3388.337,3.96047e14,0.6405,4.20091e6,-2.10699e6,5.28704e-9
1466583870,23683991.400954515,27084656.152900517,3400.665,3.98262e14,0.0849,4.22400e6,-2.11268e6,5.30134e-9
1466583900,23690100.00523682,27102998.7949623,3412.899,4.06070e14,1.8739,4.27673e6,-2.11829e6,5.31544e-9
1466583930,23696304.984821126,27121344.275783483,3425.039,4.08847e14,2.5707,4.30272e6,-2.12383e6,5.32934e-9
1466583960,23702606.09682275,27139692.259646464,3437.086,4.00913e14,0.5801,4.27139e6,-2.12929e6,5.34305e-9
1466583990,23709003.094932314,27158042.412102673,3449.039,3.97812e14,0.1979,4.26557e6,-2.13467e6,5.35657e-9
1466584020,23715495.729447827,27176394.400013972,3460.899,4.00598e14,0.5011,4.29113e6,-2.13997e6,5.36988e-9
1466584050,23722083.747300077,27194747.89155347,3472.664,3.94983e14,0.9074,4.27139e6,-2.14519e6,5.38301e-9
1466584080,23728766.892078403,27213102.55620623,3484.336,3.95031e14,0.8955,4.28190e6,-2.15034e6,5.39594e-9
1466584110,23735544.904056683,27231458.06477001,3495.913,4.12438e14,3.4715,4.38615e6,-2.15541e6,5.40867e-9
1466584140,23742417.520219516,27249814.08935563,3507.397,4.08002e14,2.3585,4.37227e6,-2.16040e6,5.42121e-9
1466584170,23749384.47428876,27268170.30338753,3518.786,3.91745e14,1.7199,4.29389e6,-2.16532e6,5.43356e-9
1466584200,23756445.49675027,27286526.38160401,3530.081,3.91161e14,1.8664,4.30031e6,-2.17016e6,5.44572e-9
1466584230,23763600.314890236,27304882.000098284,3541.282,3.98709e14,0.0271,4.35094e6,-2.17492e6,5.45768e-9
1466584260,23770848.652793523,27323236.836193185,3552.388,4.09518e14,2.7390,4.41944e6,-2.17961e6,5.46945e-9
1466584290,23778190.23139994,27341590.56856693,3563.400,4.07532e14,2.2408,4.41791e6,-2.18422e6,5.48103e-9
1466584320,23785624.768522725,27359942.87721281,3574.318,3.90943e14,1.9211,4.33597e6,-2.18875e6,5.49242e-9
1466584350,23793151.978876438,27378293.443439484,3585.141,4.06303e14,1.9325,4.42934e6,-2.19321e6,5.50361e-9
1466584380,23800771.574105065,27396641.949871115,3595.870,4.21200e14,5.6697,4.52035e6,-2.19759e6,5.51462e-9
1466584410,23808483.262810476,27414988.080447562,3606.505,4.11499e14,3.2359,4.47561e6,-2.20190e6,5.52544e-9
1466584440,23816286.750580892,27433331.520424314,3617.045,4.04964e14,1.5964,4.44803e6,-2.20613e6,5.53607e-9
1466584470,23824181.740019638,27451671.956372533,3627.490,3.96876e14,0.4325,4.41156e6,-2.21028e6,5.54651e-9
1466584500,23832167.930774033,27470009.076178834,3637.841,3.87067e14,2.8935,4.36520e6,-2.21436e6,5.55676e-9
1466584530,23840245.01954978,27488342.56901132,3648.098,3.92312e14,1.5775,4.40230e6,-2.21837e6,5.56682e-9
1466584560,23848412.70018565,27506672.125423487,3658.259,4.07534e14,2.2412,4.49499e6,-2.22230e6,5.57670e-9
1466584590,23856670.663637314,27524997.437249277,3668.327,4.13243e14,3.6734,4.53469e6,-2.22616e6,5.58639e-9
1466584620,23865018.598021585,27543318.197636183,3678.300,4.08283e14,2.4292,4.51465e6,-2.22994e6,5.59589e-9
1466584650,23873456.18864599,27561634.101044398,3688.178,4.00816e14,0.5558,4.48031e6,-2.23365e6,5.60521e-9
1466584680,23881983.11803854,27579944.84324587,3697.962,3.93266e14,1.3383,4.44522e6,-2.23729e6,5.61434e-9
1466584710,23890599.065977722,27598250.121323355,3707.651,3.91753e14,1.7180,4.44379e6,-2.24085e6,5.62329e-9
1466584740,23899303.709522437,27616549.633669324,3717.246,4.06098e14,1.8809,4.53150e6,-2.24434e6,5.63205e-9
1466584770,23908096.72304229,27634843.07998475,3726.746,4.13271e14,3.6805,4.57886e6,-2.24775e6,5.64063e-9
1466584800,23916977.778247844,27653130.161278,3736.152,3.96784e14,0.4557,4.49254e6,-2.25110e6,5.64903e-9
1466584830,23925946.54423923,27671410.579886716,3745.464,3.95975e14,0.6586,4.49450e6,-2.25437e6,5.65725e-9
1466584860,23935002.68748089,27689684.03940468,3754.681,3.99322e14,0.1811,4.51984e6,-2.25757e6,5.66528e-9
1466584890,23944145.871888265,27707950.24475255,3763.804,3.94652e14,0.9906,4.49961e6,-2.26069e6,5.67314e-9
1466584920,23953375.758840613,27726208.9021532,3772.833,3.96322e14,0.5715,4.51518e6,-2.26375e6,5.68081e-9
1466584950,23962692.00721205,27744459.719130374,3781.768,3.91402e14,1.8059,4.49315e6,-2.26673e6,5.68831e-9
1466584980,23972094.27340273,27762702.40450723,3790.608,4.01491e14,0.7251,4.55638e6,-2.26965e6,5.69562e-9
1466585010,23981582.21137006,27780936.66840494,3799.354,4.11693e14,3.2845,4.62027e6,-2.27249e6,5.70276e-9
1466585040,23991155.472660065,27799162.222241174,3808.007,4.07304e14,2.1837,4.60085e6,-2.27526e6,5.70972e-9
1466585070,24000813.706438735,27817378.77872846,3816.565,4.05914e14,1.8348,4.59837e6,-2.27796e6,5.71650e-9
1466585100,24010556.559523515,27835586.05187257,3825.029,4.09118e14,2.6386,4.62202e6,-2.28059e6,5.72311e-9
1466585130,24020383.676395286,27853783.75695798,3833.400,4.06524e14,1.9878,4.61235e6,-2.28315e6,5.72954e-9
1466585160,24030294.699290086,27871971.610585872,3841.677,3.99810e14,0.3034,4.57887e6,-2.28564e6,5.73580e-9
1466585190,24040289.268170524,27890149.33063225,3849.860,4.04205e14,1.4061,4.60896e6,-2.28806e6,5.74188e-9
1466585220,24050367.020776726,27908316.636258945,3857.950,4.08156e14,2.3973,4.63641e6,-2.29042e6,5.74779e-9
1466585250,24060527.592657857,27926473.24791161,3865.946,4.01732e14,0.7857,4.60408e6,-2.29270e6,5.75353e-9
1466585280,24070770.617203746,27944618.887317598,3873.848,3.98759e14,0.0398,4.59141e6,-2.29492e6,5.75910e-9
1466585310,24081095.725676507,27962753.277483884,3881.658,4.07478e14,2.2271,4.64597e6,-2.29706e6,5.76449e-9
1466585340,24091502.547242124,27980876.142694782,3889.374,4.08381e14,2.4538,4.65539e6,-2.29914e6,5.76972e-9
1466585370,24101990.7090021,27998987.208509754,3896.996,4.01476e14,0.7215,4.61959e6,-2.30116e6,5.77477e-9
1466585400,24112559.836025205,28017086.201761097,3904.526,4.04524e14,1.4862,4.64111e6,-2.30310e6,5.77966e-9
1466585430,24123209.55140012,28035172.850557636,3911.963,3.97075e14,0.3827,4.60181e6,-2.30498e6,5.78438e-9
1466585460,24133939.476202372,28053246.88426352,3919.307,3.98572e14,0.0072,4.61409e6,-2.30679e6,5.78893e-9
1466585490,24144749.22959091,28071308.033514883,3926.559,4.09912e14,2.8379,4.68329e6,-2.30854e6,5.79331e-9
1466585520,24155638.428819105,28089356.03021118,3933.718,4.06938e14,2.0918,4.66945e6,-2.31021e6,5.79753e-9
1466585550,24166606.689266473,28107390.607512657,3940.784,4.01242e14,0.6627,4.63967e6,-2.31183e6,5.80158e-9
1466585580,24177653.62447062,28125411.499837857,3947.758,4.10570e14,3.0029,4.69693e6,-2.31338e6,5.80547e-9
1466585610,24188778.846159074,28143418.442861024,3954.640,4.10080e14,2.8800,4.69710e6,-2.31486e6,5.80920e-9
1466585640,24199981.964281067,28161411.173509415,3961.429,4.07785e14,2.3041,4.68663e6,-2.31628e6,5.81276e-9
1466585670,24211262.587039337,28179389.42996075,3968.127,4.12309e14,3.4392,4.71569e6,-2.31763e6,5.81616e-9
1466585700,24222620.320921894,28197352.95164034,3974.733,4.05225e14,1.6620,4.67709e6,-2.31892e6,5.81940e-9
1466585730,24234054.770715483,28215301.479212094,3981.247,4.00370e14,0.4439,4.65130e6,-2.32015e6,5.82248e-9
1466585760,24245565.539593343,28233234.754595462,3987.669,4.00819e14,0.5565,4.65625e6,-2.32131e6,5.82541e-9
1466585790,24257152.229090557,28251152.520942494,3994.000,4.12398e14,3.4615,4.72594e6,-2.32241e6,5.82817e-9
1466585820,24268814.439153634,28269054.522641502,4000.240,4.18457e14,4.9816,4.76338e6,-2.32345e6,5.83077e-9
1466585850,24280551.76817181,28286940.50531408,4006.389,4.09209e14,2.6615,4.71143e6,-2.32443e6,5.83322e-9
1466585880,24292363.813008353,28304810.215812113,4012.446,4.05187e14,1.6525,4.68981e6,-2.32534e6,5.83552e-9
1466585910,24304250.169031687,28322663.40221484,4018.413,4.13093e14,3.6358,4.73768e6,-2.32619e6,5.83765e-9
1466585940,24316210.430146523,28340499.81382571,4024.289,4.03419e14,1.2089,4.68280e6,-2.32698e6,5.83964e-9
1466585970,24328244.18882489,28358319.20116942,4030.075,3.75600e14,5.7704,4.52176e6,-2.32771e6,5.84147e-9
1466586000,24340351.036137052,28376121.31598873,4035.770,3.84406e14,3.5610,4.57452e6,-2.32838e6,5.84314e-9
1466586030,24352530.56179168,28393905.911254562,4041.375,4.09028e14,2.6162,4.71962e6,-2.32898e6,5.84467e-9
1466586060,24364782.35413797,28411672.741122235,4046.890,4.07821e14,2.3132,4.71367e6,-2.32953e6,5.84604e-9
1466586090,24377106.000225134,28429421.56096925,4052.316,4.01583e14,0.7483,4.67818e6,-2.33002e6,5.84727e-9
1466586120,24389501.085823733,28447152.12737886,4057.651,4.02322e14,0.9336,4.68336e6,-2.33045e6,5.84834e-9
1466586150,24401967.19545625,28464864.19813702,4062.897,4.02343e14,0.9390,4.68423e6,-2.33082e6,5.84927e-9
1466586180,24414503.912427586,28482557.53222918,4068.054,4.09783e14,2.8054,4.72838e6,-2.33113e6,5.85005e-9
1466586210,24427110.818855457,28500231.88983716,4073.121,4.04182e14,1.4002,4.69612e6,-2.33138e6,5.85069e-9
1466586240,24439787.49570064,28517887.03233594,4078.100,3.98177e14,0.1063,4.66138e6,-2.33157e6,5.85117e-9
1466586270,24452533.522797186,28535522.7222904,4082.989,4.01990e14,0.8503,4.68396e6,-2.33171e6,5.85152e-9
1466586300,24465348.47888244,28553138.723452028,4087.790,4.03550e14,1.2418,4.69325e6,-2.33179e6,5.85172e-9
1466586330,24478231.941629354,28570734.800736435,4092.503,4.12081e14,3.3819,4.74322e6,-2.33181e6,5.85177e-9
1466586360,24491183.487669088,28588310.72027929,4097.127,4.06993e14,2.1056,4.71338e6,-2.33178e6,5.85169e-9
1466586390,24504202.69262791,28605866.24937333,4101.664,4.03413e14,1.2075,4.69225e6,-2.33169e6,5.85146e-9
1466586420,24517289.131154425,28623401.1564841,4106.112,4.05965e14,1.8476,4.70688e6,-2.33154e6,5.85109e-9
1466586450,24530442.376949,28640915.21124641,4110.473,4.07672e14,2.2758,4.71646e6,-2.33134e6,5.85059e-9
1466586480,24543662.002793137,28658408.18446064,4114.746,4.06627e14,2.0136,4.70983e6,-2.33108e6,5.84994e-9
1466586510,24556947.5805786,28675879.848089177,4118.932,4.00232e14,0.4093,4.67179e6,-2.33077e6,5.84916e-9
1466586540,24570298.681336414,28693329.9752527,4123.031,3.95218e14,0.8486,4.64174e6,-2.33041e6,5.84824e-9
1466586570,24583714.87526574,28710758.340226557,4127.043,3.89956e14,2.1686,4.61013e6,-2.32999e6,5.84719e-9
1466586600,24597195.731762603,28728164.718437023,4130.969,4.02644e14,1.0145,4.68337e6,-2.32951e6,5.84600e-9
1466586630,24610740.81944035,28745548.88647666,4134.808,4.07493e14,2.2309,4.71065e6,-2.32899e6,5.84467e-9
1466586660,24624349.70618284,28762910.622041855,4138.561,3.93889e14,1.1821,4.62998e6,-2.32841e6,5.84321e-9
1466586690,24638021.95914785,28780249.703988094,4142.228,3.97163e14,0.3607,4.64785e6,-2.32777e6,5.84162e-9
1466586720,24651757.14480311,28797565.912307322,4145.809,3.94927e14,0.9217,4.63342e6,-2.32709e6,5.83990e-9
1466586750,24665554.8289541,28814859.02812425,4149.304,4.04258e14,1.4194,4.68643e6,-2.32635e6,5.83805e-9
1466586780,24679414.57677171,28832128.83369285,4152.714,4.02652e14,1.0164,4.67547e6,-2.32556e6,5.83607e-9
1466586810,24693335.952819727,28849375.112392724,4156.039,3.92810e14,1.4527,4.61636e6,-2.32472e6,5.83396e-9
1466586840,24707318.521082092,28866597.648725465,4159.279,4.06121e14,1.8868,4.69222e6,-2.32383e6,5.83172e-9
1466586870,24721361.84499009,28883796.228311077,4162.434,4.07487e14,2.2295,4.69828e6,-2.32289e6,5.82936e-9
1466586900,24735465.487449244,28900970.637884248,4165.505,3.98980e14,0.0952,4.64670e6,-2.32190e6,5.82687e-9
1466586930,24749629.010871727,28918120.665275995,4168.492,4.03080e14,1.1239,4.66850e6,-2.32086e6,5.82425e-9
1466586960,24763851.97718579,28935246.09945558,4171.394,4.00813e14,0.5552,4.65311e6,-2.31977e6,5.82151e-9
1466586990,24778133.947879285,28952346.730481006,4174.213,4.03750e14,1.2919,4.66791e6,-2.31863e6,5.81865e-9
1466587020,24792474.484020423,28969422.349510066,4176.948,4.09396e14,2.7085,4.69835e6,-2.31744e6,5.81566e-9
1466587050,24806873.14628395,28986472.74879648,4179.600,4.03983e14,1.3504,4.66438e6,-2.31620e6,5.81256e-9
1466587080,24821329.494976975,29003497.721686024,4182.168,4.07723e14,2.2886,4.68351e6,-2.31492e6,5.80933e-9
1466587110,24835843.090064827,29020497.06261277,4184.654,4.13141e14,3.6480,4.71228e6,-2.31359e6,5.80598e-9
1466587140,24850413.491196513,29037470.567095082,4187.057,4.09619e14,2.7643,4.68903e6,-2.31221e6,5.80252e-9
1466587170,24865040.25773017,29054418.03173183,4189.378,4.03101e14,1.1291,4.64834e6,-2.31078e6,5.79893e-9
1466587200,24879722.948758207,29071339.254198484,4191.616,3.97245e14,0.3401,4.61143e6,-2.30931e6,5.79523e-9
1466587230,24894461.123136554,29088234.03325471,4193.773,3.93998e14,1.1546,4.58959e6,-2.30779e6,5.79142e-9
1466587260,24909254.33949632,29105102.168704934,4195.848,3.99739e14,0.2855,4.61970e6,-2.30622e6,5.78748e-9
1466587290,24924102.15628165,29121943.46143018,4197.841,3.93547e14,1.2678,4.58066e6,-2.30461e6,5.78344e-9
1466587320,24939004.131769877,29138757.713372607,4199.754,4.00231e14,0.4090,4.61600e6,-2.30295e6,5.77928e-9
1466587350,24953959.824095685,29155544.727531716,4201.585,4.03666e14,1.2709,4.63243e6,-2.30125e6,5.77501e-9
1466587380,24968968.791275155,29172304.307960544,4203.336,3.99426e14,0.2072,4.60445e6,-2.29951e6,5.77062e-9
1466587410,24984030.591229558,29189036.259761814,4205.006,4.05041e14,1.6157,4.63324e6,-2.29772e6,5.76613e-9
1466587440,24999144.781808935,29205740.389084067,4206.596,4.03187e14,1.1507,4.61886e6,-2.29589e6,5.76152e-9
1466587470,25014310.920815464,29222416.50311785,4208.106,4.01424e14,0.7085,4.60493e6,-2.29401e6,5.75681e-9
1466587500,25029528.566026602,29239064.410091825,4209.536,4.02414e14,0.9567,4.60677e6,-2.29209e6,5.75199e-9
1466587530,25044797.275202524,29255683.91925975,4210.887,3.94478e14,1.0342,4.55722e6,-2.29013e6,5.74706e-9
1466587560,25060116.60615666,29272274.84092502,4212.158,3.92873e14,1.4369,4.54401e6,-2.28812e6,5.74203e-9
1466587590,25075486.11673017,29288836.986408193,4213.351,4.02409e14,0.9554,4.59465e6,-2.28608e6,5.73688e-9
1466587620,25090905.36482963,29305370.168052275,4214.465,4.04806e14,1.5568,4.60419e6,-2.28399e6,5.73164e-9
1466587650,25106373.90844897,29321874.19921882,4215.500,4.03164e14,1.1448,4.59049e6,-2.28186e6,5.72629e-9
1466587680,25121891.305691227,29338348.89428393,4216.458,4.08674e14,2.5273,4.61765e6,-2.27969e6,5.72084e-9
1466587710,25137457.11479008,29354794.068634328,4217.337,4.00444e14,0.4625,4.56613e6,-2.27748e6,5.71529e-9
1466587740,25153070.894131083,29371209.538663376,4218.139,3.90810e14,1.9546,4.50660e6,-2.27523e6,5.70963e-9
1466587770,25168732.20227283,29387595.12176709,4218.863,3.82112e14,4.1366,4.45245e6,-2.27293e6,5.70388e-9
1466587800,25184440.597967856,29403950.636340182,4219.510,3.74918e14,5.9414,4.40689e6,-2.27060e6,5.69802e-9
1466587830,25200195.640203852,29420275.90177793,4220.080,3.96780e14,0.4567,4.52673e6,-2.26823e6,5.69207e-9
1466587860,25215996.888160698,29436570.7384542,4220.574,4.06557e14,1.9961,4.57751e6,-2.26582e6,5.68602e-9
1466587890,25231843.901294466,29452834.96773572,4220.991,3.97617e14,0.2467,4.52179e6,-2.26338e6,5.67987e-9
1466587920,25247736.239337016,29469068.411972165,4221.332,3.96319e14,0.5723,4.50946e6,-2.26089e6,5.67363e-9
1466587950,25263673.46231602,29485270.894492324,4221.597,3.96129e14,0.6200,4.50334e6,-2.25837e6,5.66729e-9
1466587980,25279655.13057479,29501442.239600103,4221.787,4.05205e14,1.6568,4.54961e6,-2.25581e6,5.66085e-9
1466588010,25295680.804791912,29517582.272570733,4221.901,3.96761e14,0.4615,4.49662e6,-2.25321e6,5.65433e-9
1466588040,25311750.046000607,29533690.819646806,4221.941,3.88022e14,2.6539,4.44201e6,-2.25057e6,5.64771e-9
1466588070,25327862.415607948,29549767.708034344,4221.905,4.00638e14,0.5113,4.50790e6,-2.24790e6,5.64100e-9
1466588100,25344017.47541379,29565812.765898954,4221.795,4.03389e14,1.2015,4.51797e6,-2.24519e6,5.63420e-9
1466588130,25360214.787617043,29581825.822357643,4221.611,4.02754e14,1.0419,4.50886e6,-2.24245e6,5.62730e-9
1466588160,25376453.91487272,29597806.7074882,4221.353,3.99768e14,0.2929,4.48649e6,-2.23967e6,5.62032e-9
1466588190,25392734.42027158,29613755.25231189,4221.021,4.03724e14,1.2854,4.50306e6,-2.23685e6,5.61325e-9
1466588220,25409055.86737056,29629671.288793847,4220.615,3.99610e14,0.2533,4.47425e6,-2.23400e6,5.60609e-9
1466588250,25425417.820210546,29645554.649839263,4220.137,3.89795e14,2.2092,4.41352e6,-2.23112e6,5.59885e-9
1466588280,25441819.843333878,29661405.16928939,4219.585,3.92963e14,1.4144,4.42546e6,-2.22820e6,5.59152e-9
1466588310,25458261.501801644,29677222.681917764,4218.961,3.99787e14,0.2977,4.45770e6,-2.22525e6,5.58410e-9
1466588340,25474742.361210745,29693007.023426194,4218.265,3.99990e14,0.3485,4.45285e6,-2.22226e6,5.57660e-9
1466588370,25491261.987710662,29708758.030441012,4217.496,3.82906e14,3.9374,4.35165e6,-2.21924e6,5.56902e-9
1466588400,25507819.948020138,29724475.540509116,4216.656,3.86289e14,3.0888,4.36448e6,-2.21619e6,5.56135e-9
1466588430,25524415.809438784,29740159.39210506,4215.744,3.99547e14,0.2374,4.43203e6,-2.21310e6,5.55361e-9
1466588460,25541049.13987781,29755809.42459357,4214.760,3.95966e14,0.6609,4.40593e6,-2.20999e6,5.54578e-9
1466588490,25557719.507861413,29771425.47825944,4213.706,3.98307e14,0.0736,4.41261e6,-2.20684e6,5.53787e-9
1466588520,25574426.48254716,29787007.39429295,4212.581,3.99135e14,0.1341,4.41082e6,-2.20366e6,5.52988e-9
1466588550,25591169.63374151,29802555.01478599,4211.385,3.91141e14,1.8714,4.36025e6,-2.20044e6,5.52181e-9
1466588580,25607948.531915065,29818068.18272839,4210.120,3.86723e14,2.9798,4.32946e6,-2.19720e6,5.51366e-9
1466588610,25624762.74821765,29833546.74200414,4208.784,4.00562e14,0.4920,4.39919e6,-2.19392e6,5.50544e-9
1466588640,25641611.85449317,29848990.537387643,4207.379,4.03962e14,1.3451,4.41125e6,-2.19062e6,5.49714e-9
1466588670,25658495.4232943,29864399.41453995,4205.904,3.97600e14,0.2509,4.36962e6,-2.18728e6,5.48876e-9
1466588700,25675413.027896967,29879773.220005002,4204.360,4.04934e14,1.5890,4.40308e6,-2.18392e6,5.48031e-9
1466588730,25692364.242334552,29895111.801180217,4202.748,4.07465e14,2.2238,4.41008e6,-2.18052e6,5.47179e-9
1466588760,25709348.641350474,29910415.006391834,4201.066,3.95674e14,0.7341,4.33874e6,-2.17710e6,5.46319e-9
1466588790,25726365.80047372,29925682.68481178,4199.317,3.89987e14,2.1609,4.30084e6,-2.17365e6,5.45452e-9
1466588820,25743415.296012767,29940914.686479397,4197.499,3.92954e14,1.4165,4.31010e6,-2.17017e6,5.44577e-9
1466588850,25760496.70506919,29956110.862297475,4195.614,3.98344e14,0.0642,4.33244e6,-2.16666e6,5.43696e-9
1466588880,25777609.605551083,29971271.06402831,4193.661,3.97126e14,0.3699,4.31875e6,-2.16312e6,5.42807e-9
1466588910,25794753.57618635,29986395.144289818,4191.642,4.00929e14,0.5843,4.33223e6,-2.15955e6,5.41912e-9
1466588940,25811928.196535673,30001482.956551507,4189.555,4.01639e14,0.7622,4.32886e6,-2.15596e6,5.41009e-9
1466588970,25829133.047005393,30016534.3551307,4187.401,3.94229e14,1.0966,4.28157e6,-2.15234e6,5.40100e-9
1466589000,25846367.70886004,30031549.195188552,4185.181,4.04726e14,1.5366,4.33091e6,-2.14869e6,5.39184e-9
1466589030,25863631.764209595,30046527.33276657,4182.896,4.09414e14,2.7128,4.34873e6,-2.14502e6,5.38261e-9
1466589060,25880924.796099413,30061468.624658674,4180.544,4.01916e14,0.8319,4.30094e6,-2.14132e6,5.37332e-9
1466589090,25898246.388444267,30076372.928531777,4178.127,3.98182e14,0.1049,4.27342e6,-2.13759e6,5.36396e-9
1466589120,25915596.126065068,30091240.102882106,4175.644,4.01331e14,0.6850,4.28278e6,-2.13384e6,5.35454e-9
1466589150,25932973.594700344,30106070.007031735,4173.096,4.16906e14,4.5924,4.35844e6,-2.13006e6,5.34505e-9
1466589180,25950378.38101734,30120862.5011252,4170.484,4.14748e14,4.0510,4.33914e6,-2.12626e6,5.33550e-9
1466589210,25967810.07262307,30135617.44612609,4167.807,4.07315e14,2.1863,4.29174e6,-2.12243e6,5.32589e-9
1466589240,25985268.25807501,30150334.703813642,4165.066,4.01309e14,0.6795,4.25202e6,-2.11858e6,5.31622e-9
1466589270,26002752.52689178,30165014.136779368,4162.262,3.89647e14,2.2462,4.18235e6,-2.11470e6,5.30648e-9
1466589300,26020262.469563436,30179655.60842361,4159.393,4.02280e14,0.9231,4.24155e6,-2.11080e6,5.29668e-9
1466589330,26037797.67758377,30194258.98290796,4156.461,4.16911e14,4.5937,4.31101e6,-2.10687e6,5.28683e-9
1466589360,26055357.743392576,30208824.125288103,4153.466,4.06144e14,1.8924,4.24611e6,-2.10292e6,5.27691e-9
1466589390,26072942.260453407,30223350.90137386,4150.409,3.93169e14,1.3627,4.16975e6,-2.09895e6,5.26694e-9
1466589420,26090550.823241457,30237839.177769553,4147.288,4.03119e14,1.1337,4.21412e6,-2.09496e6,5.25691e-9
1466589450,26108183.02725327,30252288.821870275,4144.106,4.02111e14,0.8806,4.20074e6,-2.09094e6,5.24682e-9
1466589480,26125838.46901617,30266699.701858,4140.861,3.94660e14,0.9887,4.15360e6,-2.08690e6,5.23667e-9
1466589510,26143516.746097647,30281071.6866979,4137.555,4.04777e14,1.5495,4.19839e6,-2.08284e6,5.22647e-9
1466589540,26161217.457114507,30295404.646134496,4134.187,4.13176e14,3.6568,4.23397e6,-2.07875e6,5.21621e-9
1466589570,26178940.201741803,30309698.450687855,4130.758,4.00504e14,0.4775,4.15963e6,-2.07465e6,5.20590e-9
1466589600,26196684.580721628,30323952.971649855,4127.268,3.90984e14,1.9108,4.10189e6,-2.07052e6,5.19554e-9
1466589630,26214450.19585821,30338168.081113346,4123.718,3.99915e14,0.3298,4.13998e6,-2.06637e6,5.18512e-9
1466589660,26232236.65006805,30352343.651867073,4120.107,4.06366e14,1.9483,4.16500e6,-2.06220e6,5.17465e-9
1466589690,26250043.54734635,30366479.557493404,4116.436,4.06066e14,1.8728,4.15498e6,-2.05801e6,5.16413e-9
1466589720,26267870.492788527,30380575.672332127,4112.705,4.00738e14,0.5363,4.11902e6,-2.05380e6,5.15355e-9
1466589750,26285717.092597976,30394631.871477097,4108.915,4.03675e14,1.2730,4.12564e6,-2.04957e6,5.14293e-9
1466589780,26303582.954093657,30408648.03077282,4105.065,4.01137e14,0.6362,4.10405e6,-2.04531e6,5.13225e-9
1466589810,26321467.68571756,30422624.0268112,4101.156,4.00320e14,0.4313,4.09129e6,-2.04104e6,5.12153e-9
1466589840,26339370.8970419,30436559.736928243,4097.189,4.13196e14,3.6616,4.14849e6,-2.03675e6,5.11075e-9
1466589870,26357292.19877623,30450455.039200746,4093.163,3.99107e14,0.1271,4.06786e6,-2.03244e6,5.09993e-9
1466589900,26375231.202774327,30464309.812443096,4089.079,3.95767e14,0.7110,4.04219e6,-2.02811e6,5.08906e-9
1466589930,26393187.522042762,30478123.936192248,4084.936,4.07954e14,2.3466,4.09542e6,-2.02377e6,5.07815e-9
1466589960,26411160.770741977,30491897.29074068,4080.737,4.12855e14,3.5761,4.11141e6,-2.01940e6,5.06718e-9
1466589990,26429150.564198107,30505629.757097233,4076.479,4.20049e14,5.3809,4.13885e6,-2.01502e6,5.05617e-9
1466590020,26447156.51890756,30519321.216995288,4072.165,4.11283e14,3.1817,4.08558e6,-2.01061e6,5.04512e-9
1466590050,26465178.252543114,30532971.55288962,4067.793,3.96004e14,0.6515,3.99968e6,-2.00619e6,5.03402e-9
1466590080,26483215.383959908,30546580.647953067,4063.365,3.90018e14,2.1532,3.96077e6,-2.00175e6,5.02288e-9
1466590110,26501267.533201292,30560148.386073288,4058.881,3.87434e14,2.8015,3.93900e6,-1.99730e6,5.01169e-9
1466590140,26519334.321504496,30573674.651849415,4054.340,3.84209e14,3.6105,3.91405e6,-1.99283e6,5.00046e-9
1466590170,26537415.371306185,30587159.330588877,4049.744,3.96035e14,0.6436,3.96423e6,-1.98834e6,4.98919e-9
1466590200,26555510.306247845,30600602.30830403,4045.092,3.98918e14,0.0796,3.96959e6,-1.98383e6,4.97787e-9
1466590230,26573618.75119253,30614003.47170261,4040.385,3.97096e14,0.3775,3.95149e6,-1.97931e6,4.96652e-9
1466590260,26591740.33219467,30627362.708204083,4035.622,4.04770e14,1.5478,3.98045e6,-1.97477e6,4.95512e-9
1466590290,26609874.676540513,30640679.905916516,4030.805,4.08611e14,2.5114,3.99025e6,-1.97021e6,4.94368e-9
1466590320,26628021.412741534,30653954.953639675,4025.934,3.97117e14,0.3721,3.92431e6,-1.96564e6,4.93221e-9
1466590350,26646180.170539267,30667187.740861766,4021.008,3.92437e14,1.5463,3.89212e6,-1.96106e6,4.92069e-9
1466590380,26664350.580909904,30680378.157756183,4016.028,4.05036e14,1.6146,3.94483e6,-1.95645e6,4.90913e-9
1466590410,26682532.276068874,30693526.09517822,4010.994,4.00350e14,0.4390,3.91257e6,-1.95184e6,4.89754e-9
1466590440,26700724.889475126,30706631.444661792,4005.907,3.92330e14,1.5730,3.86410e6,-1.94720e6,4.88591e-9
1466590470,26718928.055835374,30719694.09841625,4000.766,4.05400e14,1.7058,3.91857e6,-1.94256e6,4.87424e-9
1466590500,26737141.41110816,30732713.949323144,3995.573,4.12680e14,3.5322,3.94457e6,-1.93789e6,4.86254e-9
1466590530,26755364.59248409,30745690.89094629,3990.326,3.99154e14,0.1389,3.86944e6,-1.93322e6,4.85080e-9
1466590560,26773597.238462545,30758624.81748768,3985.028,3.90664e14,1.9911,3.81896e6,-1.92853e6,4.83902e-9
1466590590,26791838.988782257,30771515.623825524,3979.677,4.01645e14,0.7638,3.86265e6,-1.92382e6,4.82721e-9
1466590620,26810089.48444824,30784363.20549794,3974.274,4.09482e14,2.7299,3.89091e6,-1.91911e6,4.81537e-9
1466590650,26828348.36773498,30797167.45869978,3968.819,4.00187e14,0.3981,3.83667e6,-1.91437e6,4.80349e-9
1466590680,26846615.282189447,30809928.280279823,3963.313,3.98103e14,0.1249,3.81717e6,-1.90963e6,4.79157e-9
1466590710,26864889.87263406,30822645.567737747,3957.756,3.93726e14,1.2229,3.78673e6,-1.90487e6,4.77963e-9
1466590740,26883171.78516944,30835319.219221123,3952.147,3.82726e14,3.9825,3.72480e6,-1.90010e6,4.76765e-9
1466590770,26901460.667177107,30847949.13352256,3946.488,3.91921e14,1.6757,3.75915e6,-1.89532e6,4.75564e-9
1466590800,26919756.16732204,30860535.21007667,3940.779,4.05701e14,1.7813,3.81500e6,-1.89052e6,4.74359e-9
1466590830,26938057.93558905,30873077.348945644,3935.019,4.04737e14,1.5394,3.80073e6,-1.88571e6,4.73152e-9
1466590860,26956365.62318069,30885575.450852137,3929.210,3.96906e14,0.4252,3.75405e6,-1.88089e6,4.71942e-9
1466590890,26974678.882624034,30898029.41714036,3923.351,4.05722e14,1.7866,3.78590e6,-1.87605e6,4.70728e-9
1466590920,26992997.367739275,30910439.149784762,3917.442,4.09195e14,2.6580,3.79243e6,-1.87121e6,4.69512e-9
1466590950,27011320.733642064,30922804.551387034,3911.484,4.00256e14,0.4154,3.74072e6,-1.86635e6,4.68292e-9
1466590980,27029648.636745628,30935125.52517315,3905.477,3.90553e14,2.0190,3.68564e6,-1.86148e6,4.67070e-9
1466591010,27047980.734762907,30947401.97499048,3899.421,4.03872e14,1.3226,3.73802e6,-1.85660e6,4.65845e-9
1466591040,27066316.686708502,30959633.805304766,3893.317,4.13777e14,3.8075,3.77419e6,-1.85171e6,4.64617e-9
1466591070,27084656.152900517,30971820.92119723,3887.165,4.08292e14,2.4315,3.73878e6,-1.84681e6,4.63386e-9
1466591100,27102998.7949623,30983963.22836167,3880.964,4.05696e14,1.7801,3.71683e6,-1.84190e6,4.62153e-9
1466591130,27121344.275783483,30996060.633109804,3874.716,4.07080e14,2.1273,3.71327e6,-1.83697e6,4.60916e-9
1466591160,27139692.259646464,31008113.042342983,3868.421,4.08142e14,2.3938,3.70818e6,-1.83204e6,4.59678e-9
1466591190,27158042.412102673,31020120.363574818,3862.078,3.97232e14,0.3434,3.64815e6,-1.82709e6,4.58436e-9
1466591220,27176394.400013972,31032082.504920073,3855.688,3.99544e14,0.2368,3.64883e6,-1.82214e6,4.57193e-9
1466591250,27194747.89155347,31043999.375092007,3849.251,4.12626e14,3.5187,3.69853e6,-1.81718e6,4.55946e-9
1466591280,27213102.55620623,31055870.883399565,3842.768,4.06191e14,1.9042,3.65914e6,-1.81220e6,4.54697e-9
1466591310,27231458.06477001,31067696.939744737,3836.239,3.97447e14,0.2893,3.60943e6,-1.80722e6,4.53446e-9
1466591340,27249814.08935563,31079477.45461979,3829.663,4.12169e14,3.4040,3.66602e6,-1.80222e6,4.52192e-9
1466591370,27268170.30338753,31091212.339104567,3823.042,4.15682e14,4.2853,3.67168e6,-1.79722e6,4.50937e-9
1466591400,27286526.38160401,31102901.504863877,3816.375,4.04680e14,1.5253,3.61197e6,-1.79221e6,4.49678e-9
1466591430,27304882.000098284,31114544.864139743,3809.663,4.00521e14,0.4819,3.58319e6,-1.78719e6,4.48418e-9
1466591460,27323236.836193185,31126142.329764243,3802.905,3.95304e14,0.8270,3.54978e6,-1.78216e6,4.47155e-9
1466591490,27341590.56856693,31137693.81514149,3796.103,3.83366e14,3.8221,3.48651e6,-1.77712e6,4.45890e-9
1466591520,27359942.87721281,31149199.23424993,3789.256,4.05153e14,1.6439,3.57347e6,-1.77207e6,4.44623e-9
1466591550,27378293.443439484,31160658.50163963,3782.365,4.11311e14,3.1887,3.59058e6,-1.76702e6,4.43354e-9
1466591580,27396641.949871115,31172071.53242969,3775.430,3.95476e14,0.7838,3.51028e6,-1.76195e6,4.42083e-9
1466591610,27414988.080447562,31183438.242305584,3768.450,3.95090e14,0.8807,3.49847e6,-1.75688e6,4.40809e-9
1466591640,27433331.520424314,31194758.547516577,3761.427,4.01204e14,0.6531,3.51523e6,-1.75180e6,4.39534e-9
1466591670,27451671.956372533,31206032.36487303,3754.360,4.08901e14,2.5843,3.53875e6,-1.74671e6,4.38257e-9
1466591700,27470009.076178834,31217259.611743797,3747.251,4.14890e14,4.0866,3.55459e6,-1.74162e6,4.36978e-9
1466591730,27488342.56901132,31228440.2060541,3740.098,4.13339e14,3.6976,3.53742e6,-1.73651e6,4.35697e-9
1466591760,27506672.125423487,31239574.06628176,3732.902,3.81698e14,4.2405,3.38955e6,-1.73140e6,4.34414e-9
1466591790,27524997.437249277,31250661.111455668,3725.664,3.74555e14,6.0326,3.34859e6,-1.72628e6,4.33129e-9
1466591820,27543318.197636183,31261701.261152916,3718.383,3.95226e14,0.8466,3.42791e6,-1.72116e6,4.31842e-9
1466591850,27561634.101044398,31272694.435496256,3711.060,3.99923e14,0.3319,3.43791e6,-1.71603e6,4.30554e-9
1466591880,27579944.84324587,31283640.55515159,3703.696,3.92558e14,1.5160,3.39600e6,-1.71089e6,4.29264e-9
1466591910,27598250.121323355,31294539.541325483,3696.289,3.96911e14,0.4238,3.40441e6,-1.70574e6,4.27972e-9
1466591940,27616549.633669324,31305391.31576266,3688.842,4.03275e14,1.1727,3.42128e6,-1.70059e6,4.26679e-9
1466591970,27634843.07998475,31316195.800743554,3681.353,4.01053e14,0.6154,3.40145e6,-1.69543e6,4.25384e-9
1466592000,27653130.161278,31326952.919081856,3673.823,4.15324e14,4.1956,3.45161e6,-1.69027e6,4.24088e-9
1466592030,27671410.579886716,31337662.5941277,3666.252,4.03744e14,1.2904,3.39208e6,-1.68510e6,4.22790e-9
1466592060,27689684.03940468,31348324.74974801,3658.641,3.92900e14,1.4302,3.33595e6,-1.67992e6,4.21490e-9
1466592090,27707950.24475255,31358939.310341414,3650.989,4.06818e14,2.0615,3.38414e6,-1.67474e6,4.20189e-9
1466592120,27726208.9021532,31369506.200830273,3643.297,4.15941e14,4.3503,3.41187e6,-1.66955e6,4.18887e-9
1466592150,27744459.719130374,31380025.346658416,3635.566,4.24461e14,6.4878,3.43683e6,-1.66435e6,4.17583e-9
1466592180,27762702.40450723,31390496.673788857,3627.794,4.22473e14,5.9892,3.41781e6,-1.65915e6,4.16277e-9
1466592210,27780936.66840494,31400920.10870148,3619.983,4.13117e14,3.6419,3.36826e6,-1.65395e6,4.14971e-9
1466592240,27799162.222241174,31411295.578390796,3612.133,3.98146e14,0.1139,3.29572e6,-1.64874e6,4.13663e-9
1466592270,27817378.77872846,31421623.010363698,3604.244,3.98349e14,0.0631,3.28613e6,-1.64352e6,4.12353e-9
1466592300,27835586.05187257,31431902.332637187,3596.316,4.08785e14,2.5552,3.31858e6,-1.63830e6,4.11043e-9
1466592330,27853783.75695798,31442133.473727733,3588.350,3.99551e14,0.2385,3.27016e6,-1.63307e6,4.09731e-9
1466592360,27871971.610585872,31452316.362674892,3580.345,3.98704e14,0.0259,3.25622e6,-1.62784e6,4.08418e-9
1466592390,27890149.33063225,31462450.929013297,3572.302,3.98381e14,0.0551,3.24443e6,-1.62261e6,4.07103e-9
1466592420,27908316.636258945,31472537.102778684,3564.220,3.96520e14,0.5218,3.22640e6,-1.61737e6,4.05788e-9
1466592450,27926473.24791161,31482574.81450569,3556.102,4.09776e14,2.8038,3.26955e6,-1.61212e6,4.04471e-9
1466592480,27944618.887317598,31492563.99522541,3547.945,4.06748e14,2.0441,3.24669e6,-1.60687e6,4.03154e-9
1466592510,27962753.277483884,31502504.576463345,3539.751,3.97758e14,0.2113,3.19995e6,-1.60162e6,4.01835e-9
1466592540,27980876.142694782,31512396.490236994,3531.520,4.06800e14,2.0570,3.22565e6,-1.59636e6,4.00515e-9
1466592570,27998987.208509754,31522239.669053685,3523.252,4.09698e14,2.7841,3.22659e6,-1.59110e6,3.99194e-9
1466592600,28017086.201761097,31532034.045908287,3514.948,4.03644e14,1.2653,3.19182e6,-1.58583e6,3.97873e-9
1466592630,28035172.850557636,31541779.55428429,3506.607,4.08988e14,2.6059,3.20240e6,-1.58056e6,3.96550e-9
1466592660,28053246.88426352,31551476.12814172,3498.229,3.95921e14,0.6722,3.14007e6,-1.57529e6,3.95226e-9
1466592690,28071308.033514883,31561123.701924648,3489.816,3.86623e14,3.0049,3.09292e6,-1.57001e6,3.93901e-9
1466592720,28089356.03021118,31570722.210555933,3481.366,4.08023e14,2.3640,3.16653e6,-1.56473e6,3.92576e-9
1466592750,28107390.607512657,31580271.58943514,3472.881,4.08795e14,2.5576,3.15885e6,-1.55944e6,3.91249e-9
1466592780,28125411.499837857,31589771.774436392,3464.360,3.82189e14,4.1172,3.04440e6,-1.55416e6,3.89922e-9
1466592810,28143418.442861024,31599222.701906383,3455.804,3.98821e14,0.0553,3.09866e6,-1.54887e6,3.88594e-9
1466592840,28161411.173509415,31608624.308662258,3447.213,4.06014e14,1.8598,3.11592e6,-1.54357e6,3.87265e-9
1466592870,28179389.42996075,31617976.531989615,3438.587,3.90771e14,1.9642,3.04640e6,-1.53827e6,3.85935e-9
1466592900,28197352.95164034,31627279.309640538,3429.926,3.90691e14,1.9844,3.03559e6,-1.53297e6,3.84605e-9
1466592930,28215301.479212094,31636532.579839963,3421.231,3.98391e14,0.0526,3.05460e6,-1.52767e6,3.83274e-9
1466592960,28233234.754595462,31645736.281257726,3412.502,4.05623e14,1.7619,3.07161e6,-1.52236e6,3.81942e-9
1466592990,28251152.520942494,31654890.353032917,3403.738,3.93819e14,1.1996,3.01596e6,-1.51705e6,3.80609e-9
1466593020,28269054.522641502,31663994.73476344,3394.940,3.86038e14,3.1516,2.97589e6,-1.51174e6,3.79276e-9
1466593050,28286940.50531408,31673049.36650421,3386.109,3.77819e14,5.2136,2.93436e6,-1.50643e6,3.77942e-9
1466593080,28304810.215812113,31682054.188765287,3377.244,3.78299e14,5.0931,2.92581e6,-1.50111e6,3.76607e-9
1466593110,28322663.40221484,31691009.14251006,3368.346,3.81462e14,4.2998,2.92731e6,-1.49579e6,3.75272e-9
1466593140,28340499.81382571,31699914.169153415,3359.414,3.98943e14,0.0860,2.98227e6,-1.49047e6,3.73937e-9
1466593170,28358319.20116942,31708769.21055987,3350.450,4.16579e14,4.5104,3.03732e6,-1.48515e6,3.72600e-9
1466593200,28376121.31598873,31717574.209041838,3341.453,4.03528e14,1.2362,2.97797e6,-1.47982e6,3.71264e-9
1466593230,28393905.911254562,31726329.10733907,3332.423,3.94262e14,1.0884,2.93297e6,-1.47449e6,3.69926e-9
1466593260,28411672.741122235,31735033.848674502,3323.361,3.92333e14,1.5723,2.91526e6,-1.46916e6,3.68588e-9
1466593290,28429421.56096925,31743688.376694478,3314.267,4.04022e14,1.3601,2.94760e6,-1.46383e6,3.67250e-9
1466593320,28447152.12737886,31752292.635485638,3305.141,4.01255e14,0.6660,2.92674e6,-1.45850e6,3.65911e-9
1466593350,28464864.19813702,31760846.569572903,3295.982,3.93316e14,1.3257,2.88708e6,-1.45316e6,3.64572e-9
1466593380,28482557.53222918,31769350.12391756,3286.793,3.95632e14,0.7446,2.88489e6,-1.44782e6,3.63233e-9
1466593410,28500231.88983716,31777803.24391535,3277.571,3.97713e14,0.2227,2.88178e6,-1.44249e6,3.61893e-9
1466593440,28517887.03233594,31786205.87539451,3268.319,3.95862e14,0.6870,2.86444e6,-1.43714e6,3.60552e-9
1466593470,28535522.7222904,31794557.964613903,3259.035,3.88147e14,2.6225,2.82607e6,-1.43180e6,3.59212e-9
1466593500,28553138.723452028,31802859.458261132,3249.721,3.91165e14,1.8654,2.82632e6,-1.42646e6,3.57871e-9
1466593530,28570734.800736435,31811110.303472903,3240.376,3.95924e14,0.6714,2.83270e6,-1.42112e6,3.56529e-9
1466593560,28588310.72027929,31819310.447764635,3231.000,3.94516e14,1.0247,2.81704e6,-1.41577e6,3.55187e-9
1466593590,28605866.24937333,31827459.83909744,3221.594,3.88834e14,2.4502,2.78629e6,-1.41042e6,3.53845e-9
1466593620,28623401.1564841,31835558.425854217,3212.157,3.92938e14,1.4207,2.79019e6,-1.40507e6,3.52503e-9
1466593650,28640915.21124641,31843606.156838052,3202.691,3.97986e14,0.1543,2.79729e6,-1.39973e6,3.51161e-9
1466593680,28658408.18446064,31851602.981270608,3193.195,3.91390e14,1.8088,2.76353e6,-1.39438e6,3.49818e-9
1466593710,28675879.848089177,31859548.848790634,3183.669,4.06998e14,2.1069,2.80731e6,-1.38902e6,3.48475e-9
1466593740,28693329.9752527,31867443.709452324,3174.114,4.23685e14,6.2932,2.85442e6,-1.38367e6,3.47132e-9
1466593770,28710758.340226557,31875287.513723824,3164.529,4.09814e14,2.8133,2.79541e6,-1.37832e6,3.45788e-9
1466593800,28728164.718437023,31883080.21248567,3154.915,3.90473e14,2.0389,2.71793e6,-1.37297e6,3.44445e-9
1466593830,28745548.88647666,31890821.75701046,3145.273,3.99869e14,0.3183,2.73957e6,-1.36761e6,3.43101e-9
1466593860,28762910.622041855,31898512.0990193,3135.601,4.11500e14,3.2361,2.76859e6,-1.36226e6,3.41757e-9
1466593890,28780249.703988094,31906151.190622214,3125.901,3.95681e14,0.7325,2.70385e6,-1.35690e6,3.40413e-9
1466593920,28797565.912307322,31913738.984335206,3116.173,3.93454e14,1.2912,2.68563e6,-1.35155e6,3.39069e-9
1466593950,28814859.02812425,31921275.433078688,3106.416,3.93981e14,1.1589,2.67676e6,-1.34619e6,3.37725e-9
1466593980,28832128.83369285,31928760.49017574,3096.632,3.96084e14,0.6313,2.67319e6,-1.34084e6,3.36380e-9
1466594010,28849375.112392724,31936194.109350517,3086.819,4.03069e14,1.1209,2.68590e6,-1.33548e6,3.35036e-9
1466594040,28866597.648725465,31943576.244726628,3076.979,3.95610e14,0.7502,2.65024e6,-1.33012e6,3.33692e-9
1466594070,28883796.228311077,31950906.850825433,3067.111,3.95907e14,0.6758,2.64055e6,-1.32477e6,3.32347e-9
1466594100,28900970.637884248,31958185.882564437,3057.215,4.14402e14,3.9643,2.69109e6,-1.31941e6,3.31003e-9
1466594130,28918120.665275995,31965413.29526204,3047.293,4.11589e14,3.2585,2.67089e6,-1.31405e6,3.29658e-9
1466594160,28935246.09945558,31972589.04461657,3037.343,4.08994e14,2.6074,2.65148e6,-1.30869e6,3.28314e-9
1466594190,28952346.730481006,31979713.086723994,3027.366,4.00792e14,0.5499,2.61380e6,-1.30334e6,3.26969e-9
1466594220,28969422.349510066,31986785.378070246,3017.363,3.79165e14,4.8759,2.53263e6,-1.29798e6,3.25625e-9
1466594250,28986472.74879648,31993805.875529747,3007.333,3.80302e14,4.5907,2.52587e6,-1.29262e6,3.24280e-9
1466594280,29003497.721686024,32000774.536363948,2997.277,4.01435e14,0.7112,2.58364e6,-1.28727e6,3.22936e-9
1466594310,29020497.06261277,32007691.318219934,2987.194,4.01040e14,0.6120,2.57162e6,-1.28191e6,3.21591e-9
1466594340,29037470.567095082,32014556.179129057,2977.086,4.03499e14,1.2290,2.56875e6,-1.27655e6,3.20247e-9
1466594370,29054418.03173183,32021369.07750557,2966.951,3.92203e14,1.6050,2.52194e6,-1.27120e6,3.18903e-9
1466594400,29071339.254198484,32028129.97214525,2956.791,3.90509e14,2.0300,2.50594e6,-1.26584e6,3.17559e-9
1466594430,29088234.03325471,32034838.82223634,2946.605,3.91046e14,1.8953,2.49703e6,-1.26049e6,3.16215e-9
1466594460,29105102.168704934,32041495.587320663,2936.393,3.87020e14,2.9052,2.47374e6,-1.25513e6,3.14871e-9
1466594490,29121943.46143018,32048100.22733016,2926.157,4.10160e14,2.9000,2.53574e6,-1.24978e6,3.13527e-9
1466594520,29138757.713372607,32054652.702573467,2915.895,4.03807e14,1.3062,2.50504e6,-1.24442e6,3.12183e-9
1466594550,29155544.727531716,32061152.973734792,2905.608,4.06140e14,1.8916,2.50152e6,-1.23907e6,3.10840e-9
1466594580,29172304.307960544,32067601.001872756,2895.297,4.01878e14,0.8224,2.47752e6,-1.23372e6,3.09497e-9
1466594610,29189036.259761814,32073996.748419352,2884.960,4.02295e14,0.9269,2.46805e6,-1.22836e6,3.08153e-9
1466594640,29205740.389084067,32080340.17517875,2874.600,3.97847e14,0.1890,2.44365e6,-1.22301e6,3.06810e-9
1466594670,29222416.50311785,32086631.24432616,2864.215,3.87505e14,2.7836,2.40137e6,-1.21766e6,3.05468e-9
1466594700,29239064.410091825,32092869.918406777,2853.806,4.02752e14,1.0416,2.43718e6,-1.21231e6,3.04125e-9
1466594730,29255683.91925975,32099056.16031445,2843.372,4.17259e14,4.6811,2.47035e6,-1.20696e6,3.02783e-9
1466594760,29272274.84092502,32105189.933352742,2832.915,4.21828e14,5.8273,2.47318e6,-1.20162e6,3.01441e-9
1466594790,29288836.986408193,32111271.201171394,2822.434,4.04165e14,1.3961,2.40916e6,-1.19627e6,3.00099e-9
1466594820,29305370.168052275,32117299.92778509,2811.930,3.86580e14,3.0157,2.34586e6,-1.19092e6,2.98757e-9
1466594850,29321874.19921882,32123276.07757232,2801.402,3.72996e14,6.4236,2.29493e6,-1.18558e6,2.97416e-9
1466594880,29338348.89428393,32129199.61527394,2790.851,3.80882e14,4.4451,2.30793e6,-1.18023e6,2.96075e-9
1466594910,29354794.068634328,32135070.505991977,2780.276,3.94177e14,1.1098,2.33666e6,-1.17489e6,2.94734e-9
1466594940,29371209.538663376,32140888.715188183,2769.679,4.04488e14,1.4771,2.35629e6,-1.16955e6,2.93393e-9
1466594970,29387595.12176709,32146654.208682835,2759.059,4.06206e14,1.9081,2.35054e6,-1.16421e6,2.92053e-9
1466595000,29403950.636340182,32152366.95265336,2748.416,4.21398e14,5.7195,2.38393e6,-1.15887e6,2.90713e-9
1466595030,29420275.90177793,32158026.91364244,2737.751,4.09762e14,2.8002,2.33927e6,-1.15353e6,2.89373e-9
1466595060,29436570.7384542,32163634.058527857,2727.063,3.61572e14,9.2896,2.18964e6,-1.14819e6,2.88033e-9
1466595090,29452834.96773572,32169188.354550257,2716.353,3.86221e14,3.1058,2.25013e6,-1.14286e6,2.86694e-9
1466595120,29469068.411972165,32174689.769302502,2705.621,4.14418e14,3.9683,2.32009e6,-1.13752e6,2.85355e-9
1466595150,29485270.894492324,32180138.27072863,2694.867,3.98210e14,0.0979,2.26317e6,-1.13219e6,2.84017e-9
1466595180,29501442.239600103,32185533.827122614,2684.092,3.88912e14,2.4305,2.22623e6,-1.12686e6,2.82679e-9
1466595210,29517582.272570733,32190876.407127343,2673.294,4.15081e14,4.1347,2.28932e6,-1.12153e6,2.81341e-9
1466595240,29533690.819646806,32196165.979733486,2662.475,4.22653e14,6.0343,2.29964e6,-1.11620e6,2.80004e-9
1466595270,29549767.708034344,32201402.51427844,2651.635,3.94853e14,0.9401,2.21119e6,-1.11087e6,2.78667e-9
1466595300,29565812.765898954,32206585.98044528,2640.773,3.86251e14,3.0981,2.17673e6,-1.10554e6,2.77330e-9
1466595330,29581825.822357643,32211716.34826625,2629.891,3.85935e14,3.1775,2.16537e6,-1.10022e6,2.75993e-9
1466595360,29597806.7074882,32216793.58810791,2618.987,3.72199e14,6.6235,2.11717e6,-1.09489e6,2.74658e-9
1466595390,29613755.25231189,32221817.670684047,2608.062,3.99307e14,0.1773,2.18096e6,-1.08957e6,2.73322e-9
1466595420,29629671.288793847,32226788.567050245,2597.117,4.21829e14,5.8275,2.23157e6,-1.08425e6,2.71987e-9
1466595450,29645554.649839263,32231706.248602994,2586.152,4.14647e14,4.0258,2.20118e6,-1.07893e6,2.70652e-9
1466595480,29661405.16928939,32236570.687078763,2575.166,4.11239e14,3.1707,2.18115e6,-1.07361e6,2.69318e-9
1466595510,29677222.681917764,32241381.85455316,2564.159,3.98438e14,0.0407,2.13605e6,-1.06830e6,2.67984e-9
1466595540,29693007.023426194,32246139.72344007,2553.133,3.86106e14,3.1346,2.09254e6,-1.06298e6,2.66650e-9
1466595570,29708758.030441012,32250844.266490754,2542.086,3.74830e14,5.9636,2.05216e6,-1.05767e6,2.65317e-9
1466595600,29724475.540509116,32255495.456793047,2531.020,3.92049e14,1.6436,2.08731e6,-1.05236e6,2.63984e-9
1466595630,29740159.39210506,32260093.267767422,2519.934,4.25811e14,6.8265,2.16545e6,-1.04705e6,2.62652e-9
1466595660,29755809.42459357,32264637.673175726,2508.828,4.08511e14,2.4864,2.10927e6,-1.04174e6,2.61320e-9
1466595690,29771425.47825944,32269128.6471107,2497.703,3.87100e14,2.8853,2.04285e6,-1.03644e6,2.59988e-9
1466595720,29787007.39429295,32273566.163998313,2486.559,4.14605e14,4.0151,2.10354e6,-1.03113e6,2.58657e-9
1466595750,29802555.01478599,32277950.198596865,2475.395,4.20013e14,5.3718,2.10664e6,-1.02583e6,2.57327e-9
1466595780,29818068.18272839,32282280.725996144,2464.213,4.09269e14,2.6765,2.06825e6,-1.02053e6,2.55997e-9
1466595810,29833546.74200414,32286557.721616633,2453.011,3.88037e14,2.6501,2.00344e6,-1.01523e6,2.54667e-9
1466595840,29848990.537387643,32290781.16120867,2441.791,3.80271e14,4.5986,1.97331e6,-1.00994e6,2.53338e-9
1466595870,29864399.41453995,32294951.02085157,2430.552,3.71673e14,6.7556,1.94129e6,-1.00464e6,2.52009e-9
1466595900,29879773.220005002,32299067.276952814,2419.294,3.72061e14,6.6582,1.93204e6,-9.99350e5,2.50681e-9
1466595930,29895111.801180217,32303129.906235952,2408.018,4.00093e14,0.3744,1.99170e6,-9.94059e5,2.49353e-9
1466595960,29910415.006391834,32307138.885774504,2396.724,3.99900e14,0.3261,1.98063e6,-9.88769e5,2.48026e-9
1466595990,29925682.68481178,32311094.19295636,2385.412,4.05086e14,1.6271,1.98283e6,-9.83482e5,2.46699e-9
1466596020,29940914.686479397,32314995.805494133,2374.081,4.21188e14,5.6666,2.01168e6,-9.78197e5,2.45373e-9
1466596050,29956110.862297475,32318843.70142425,2362.733,4.10219e14,2.9147,1.97404e6,-9.72914e5,2.44047e-9
1466596080,29971271.06402831,32322637.859106086,2351.367,3.92002e14,1.6554,1.91911e6,-9.67632e5,2.42722e-9
1466596110,29986395.144289818,32326378.25722116,2339.983,4.05157e14,1.6450,1.94039e6,-9.62353e5,2.41397e-9
1466596140,30001482.956551507,32330064.87477223,2328.582,4.22994e14,6.1197,1.97257e6,-9.57075e5,2.40072e-9
1466596170,30016534.3551307,32333697.69108252,2317.163,4.39441e14,10.2460,2.00096e6,-9.51800e5,2.38749e-9
1466596200,30031549.195188552,32337276.6857949,2305.727,4.39744e14,10.3219,1.99059e6,-9.46526e5,2.37425e-9
1466596230,30046527.33276657,32340801.838895194,2294.275,4.10954e14,3.0993,1.91153e6,-9.41255e5,2.36102e-9
1466596260,30061468.624658674,32344273.130637314,2282.805,4.05524e14,1.7369,1.88807e6,-9.35985e5,2.34780e-9
1466596290,30076372.928531777,32347690.541616816,2271.318,4.04022e14,1.3602,1.87394e6,-9.30718e5,2.33458e-9
1466596320,30091240.102882106,32351054.052746415,2259.814,3.89108e14,2.3815,1.82872e6,-9.25452e5,2.32137e-9
1466596350,30106070.007031735,32354363.64525537,2248.294,3.93297e14,1.3305,1.82798e6,-9.20189e5,2.30816e-9
1466596380,30120862.5011252,32357619.30068908,2236.757,4.07371e14,2.2004,1.84983e6,-9.14928e5,2.29496e-9
1466596410,30135617.44612609,32360821.000908628,2225.204,3.96123e14,0.6214,1.81353e6,-9.09668e5,2.28176e-9
1466596440,30150334.703813642,32363968.728090294,2213.634,3.76814e14,5.4657,1.75924e6,-9.04411e5,2.26857e-9
1466596470,30165014.136779368,32367062.464725103,2202.048,3.91836e14,1.6971,1.78290e6,-8.99156e5,2.25538e-9
1466596500,30179655.60842361,32370102.193618406,2190.447,3.93332e14,1.3217,1.77583e6,-8.93903e5,2.24220e-9
1466596530,30194258.98290796,32373087.89786411,2178.829,3.63202e14,8.8808,1.69824e6,-8.88652e5,2.22902e-9
1466596560,30208824.125288103,32376019.560922224,2167.195,3.74592e14,6.0233,1.71344e6,-8.83404e5,2.21585e-9
1466596590,30223350.90137386,32378897.166540243,2155.546,3.89027e14,2.4017,1.73506e6,-8.78157e5,2.20269e-9
1466596620,30237839.177769553,32381720.698777735,2143.882,3.88456e14,2.5449,1.72345e6,-8.72912e5,2.18953e-9
1466596650,30252288.821870275,32384490.1420058,2132.201,3.99374e14,0.1940,1.73686e6,-8.67670e5,2.17637e-9
1466596680,30266699.701858,32387205.48090636,2120.506,3.97674e14,0.2323,1.72269e6,-8.62430e5,2.16322e-9
1466596710,30281071.6866979,32389866.700471543,2108.795,3.78865e14,4.9512,1.67178e6,-8.57192e5,2.15008e-9
1466596740,30295404.646134496,32392473.78600309,2097.069,3.74980e14,5.9260,1.65326e6,-8.51956e5,2.13694e-9
1466596770,30309698.450687855,32395026.723111667,2085.328,4.04717e14,1.5346,1.70626e6,-8.46722e5,2.12380e-9
1466596800,30323952.971649855,32397525.49771629,2073.573,4.35947e14,9.3693,1.76163e6,-8.41490e5,2.11068e-9
1466596830,30338168.081113346,32399970.096056774,2061.802,4.22461e14,5.9861,1.72240e6,-8.36261e5,2.09755e-9
1466596860,30352343.651867073,32402360.50465294,2050.017,3.97811e14,0.1979,1.66025e6,-8.31033e5,2.08444e-9
1466596890,30366479.557493404,32404696.71034436,2038.217,3.62942e14,8.9458,1.57758e6,-8.25808e5,2.07132e-9
1466596920,30380575.672332127,32406978.700276915,2026.403,3.64796e14,8.4807,1.57141e6,-8.20585e5,2.05822e-9
1466596950,30394631.871477097,32409206.46190235,2014.575,4.00572e14,0.4947,1.63458e6,-8.15364e5,2.04512e-9
1466596980,30408648.03077282,32411379.98297786,2002.732,4.16427e14,4.4723,1.65633e6,-8.10145e5,2.03202e-9
1466606550,32411170.126260195,30407521.39912987,2003.649,4.08230e14,2.4158,-1.64008e6,8.10135e5,-2.03304e-9
1466606580,32408991.34768641,30393503.79904388,2015.488,4.00148e14,0.3882,-1.63411e6,8.15355e5,-2.04613e-9
1466606610,32406758.33271313,30379446.1859804,2027.312,4.13527e14,3.7446,-1.67212e6,8.20578e5,-2.05923e-9
1466606640,32404471.093680974,30365348.684163224,2039.122,4.13263e14,3.6785,-1.68222e6,8.25802e5,-2.07234e-9
1466606670,32402129.64323611,30351211.418567307,2050.918,4.07464e14,2.2236,-1.68077e6,8.31029e5,-2.08545e-9
1466606700,32399733.994330693,30337034.51492224,2062.699,3.91530e14,1.7737,-1.65791e6,8.36258e5,-2.09856e-9
1466606730,32397284.16022675,30322818.09969722,2074.466,3.98664e14,0.0161,-1.68334e6,8.41489e5,-2.11168e-9
1466606760,32394780.15448644,30308562.300161794,2086.218,4.10843e14,3.0713,-1.71968e6,8.46723e5,-2.12481e-9
1466606790,32392221.990982972,30294267.24433189,2097.955,4.13357e14,3.7020,-1.73569e6,8.51958e5,-2.13794e-9
1466606820,32389609.683897823,30279933.060991786,2109.677,4.27336e14,7.2092,-1.77643e6,8.57196e5,-2.15107e-9
1466606850,32386943.247721255,30265559.879697483,2121.383,4.02436e14,0.9623,-1.73339e6,8.62435e5,-2.16422e-9
1466606880,32384222.69725294,30251147.83078022,2133.075,3.84213e14,3.6095,-1.70425e6,8.67677e5,-2.17736e-9
1466606910,32381448.04760252,30236697.045349702,2144.751,4.16319e14,4.4452,-1.78487e6,8.72921e5,-2.19052e-9
1466606940,32378619.314190213,30222207.655297734,2156.412,4.20336e14,5.4531,-1.80445e6,8.78168e5,-2.20367e-9
1466606970,32375736.5127473,30207679.7933015,2168.057,3.87393e14,2.8117,-1.74220e6,8.83416e5,-2.21684e-9
1466607000,32372799.65931675,30193113.59282713,2179.686,3.74350e14,6.0838,-1.72347e6,8.88667e5,-2.23000e-9
1466607030,32369808.770232055,30178509.188156806,2191.300,3.78515e14,5.0391,-1.74300e6,8.93919e5,-2.24318e-9
1466607060,32366763.86218484,30163866.714319255,2202.897,4.04042e14,1.3652,-1.81084e6,8.99174e5,-2.25636e-9
1466607090,32363664.95215805,30149186.30716664,2214.479,4.02892e14,1.0766,-1.81881e6,9.04431e5,-2.26954e-9
1466607120,32360512.057448205,30134468.10335451,2226.044,4.03612e14,1.2572,-1.83103e6,9.09690e5,-2.28273e-9
1466607150,32357305.195665747,30119712.240345534,2237.593,4.08713e14,2.5371,-1.85333e6,9.14951e5,-2.29593e-9
1466607180,32354044.38473551,30104918.85641324,2249.126,3.99110e14,0.1279,-1.84181e6,9.20214e5,-2.30913e-9
1466607210,32350729.64289709,30090088.09064585,2260.642,4.09753e14,2.7980,-1.87706e6,9.25479e5,-2.32233e-9
1466607240,32347360.98870537,30075220.082949985,2272.141,4.08269e14,2.4256,-1.88428e6,9.30746e5,-2.33554e-9
1466607270,32343938.441030897,30060314.974054433,2283.623,4.15704e14,4.2910,-1.91240e6,9.36016e5,-2.34876e-9
1466607300,32340462.01906042,30045372.905514024,2295.089,4.17533e14,4.7498,-1.92749e6,9.41287e5,-2.36198e-9
1466607330,32336931.74233016,30030394.01968675,2306.538,4.31659e14,8.2938,-1.97184e6,9.46560e5,-2.37520e-9
1466607360,32333347.630625293,30015378.45981955,2317.969,4.51034e14,13.1545,-2.02910e6,9.51836e5,-2.38843e-9
1466607390,32329709.704081994,30000326.369969767,2329.383,4.26593e14,7.0226,-1.98165e6,9.57113e5,-2.40167e-9
1466607420,32326017.983155355,29985237.89503538,2340.780,4.07189e14,2.1547,-1.94572e6,9.62393e5,-2.41491e-9
1466607450,32322272.48862033,29970113.180758588,2352.159,4.13999e14,3.8633,-1.97293e6,9.67674e5,-2.42816e-9
1466607480,32318473.24157253,29954952.373729393,2363.521,4.05133e14,1.6389,-1.96205e6,9.72958e5,-2.44141e-9
1466607510,32314620.26342924,29939755.621389214,2374.865,3.94117e14,1.1248,-1.94567e6,9.78243e5,-2.45466e-9
1466607540,32310713.57593026,29924523.07203446,2386.191,4.06714e14,2.0356,-1.98727e6,9.83530e5,-2.46792e-9
1466607570,32306753.201138847,29909254.874820203,2397.498,4.29465e14,7.7431,-2.05440e6,9.88820e5,-2.48119e-9
1466607600,32302739.161442623,29893951.179763705,2408.788,4.18579e14,5.0122,-2.03824e6,9.94111e5,-2.49446e-9
1466607630,32298671.479522306,29878612.137773693,2420.059,4.07097e14,2.1315,-2.02029e6,9.99404e5,-2.50773e-9
1466607660,32294550.17845205,29863237.900575183,2431.312,4.25320e14,6.7033,-2.07693e6,1.00470e6,-2.52101e-9
1466607690,32290375.281600583,29847828.62079235,2442.547,3.85150e14,3.3744,-1.98608e6,1.01000e6,-2.53429e-9
1466607720,32286146.81266419,29832384.451926768,2453.762,3.54925e14,10.9573,-1.91949e6,1.01529e6,-2.54758e-9
1466607750,32281864.795667376,29816905.548361327,2464.959,3.75550e14,5.7828,-1.98233e6,1.02060e6,-2.56088e-9
1466607780,32277529.254963573,29801392.065364104,2476.137,3.68485e14,7.5553,-1.97444e6,1.02590e6,-2.57417e-9
1466607810,32273140.215235814,29785844.159092385,2487.296,3.68563e14,7.5358,-1.98485e6,1.03120e6,-2.58748e-9
1466607840,32268697.701497417,29770261.98659652,2498.436,3.94113e14,1.1258,-2.06151e6,1.03651e6,-2.60078e-9
1466607870,32264201.7390927,29754645.705823906,2509.556,4.22021e14,5.8756,-2.14502e6,1.04182e6,-2.61409e-9
1466607900,32259652.353697658,29738995.47562293,2520.657,4.01432e14,0.7104,-2.10185e6,1.04713e6,-2.62741e-9
1466607930,32255049.571345612,29723311.455725785,2531.738,3.76951e14,5.4315,-2.04786e6,1.05244e6,-2.64073e-9
1466607960,32250393.418351185,29707593.806817576,2542.800,4.04729e14,1.5374,-2.13192e6,1.05775e6,-2.65405e-9
1466607990,32245683.921388116,29691842.690474775,2553.841,4.08217e14,2.4125,-2.15193e6,1.06306e6,-2.66738e-9
1466608020,32240921.107465316,29676058.269190233,2564.863,4.04389e14,1.4521,-2.15243e6,1.06838e6,-2.68071e-9
1466608050,32236105.003927823,29660240.706376906,2575.864,4.20621e14,5.5244,-2.20687e6,1.07370e6,-2.69405e-9
1466608080,32231235.638457824,29644390.166371666,2586.845,4.29976e14,7.8715,-2.24313e6,1.07902e6,-2.70739e-9
1466608110,32226313.039075714,29628506.814439014,2597.806,4.18649e14,5.0297,-2.22337e6,1.08434e6,-2.72074e-9
1466608140,32221337.234141085,29612590.81677493,2608.746,4.08369e14,2.4507,-2.20618e6,1.08966e6,-2.73408e-9
1466608170,32216308.252353806,29596642.340510562,2619.666,4.19933e14,5.3518,-2.24873e6,1.09499e6,-2.74744e-9
1466608200,32211226.1227551,29580661.55371606,2630.565,4.20651e14,5.5320,-2.26164e6,1.10031e6,-2.76079e-9
1466608230,32206090.8747124,29564648.625419326,2641.442,4.12567e14,3.5038,-2.25016e6,1.10564e6,-2.77415e-9
1466608260,32200902.537970472,29548603.725563563,2652.299,4.20854e14,5.5828,-2.28411e6,1.11097e6,-2.78752e-9
1466608290,32195661.142602175,29532527.02505752,2663.134,4.01668e14,0.7695,-2.24132e6,1.11630e6,-2.80088e-9
1466608320,32190366.71902574,29516418.69576438,2673.948,3.93571e14,1.2618,-2.22924e6,1.12163e6,-2.81425e-9
1466608350,32185019.2980058,29500278.91050573,2684.740,4.05681e14,1.7764,-2.27408e6,1.12696e6,-2.82763e-9
1466608380,32179618.9106543,29484107.84306544,2695.511,4.02418e14,0.9578,-2.27557e6,1.13230e6,-2.84101e-9
1466608410,32174165.588431507,29467905.668193683,2706.260,4.09046e14,2.6207,-2.30521e6,1.13764e6,-2.85439e-9
1466608440,32168659.36314707,29451672.561610885,2716.987,4.10223e14,2.9157,-2.31940e6,1.14297e6,-2.86777e-9
1466608470,32163100.266960938,29435408.70001165,2727.692,4.07826e14,2.3146,-2.32332e6,1.14831e6,-2.88116e-9
1466608500,32157488.33238445,29419114.26106877,2738.374,4.14053e14,3.8768,-2.35215e6,1.15365e6,-2.89455e-9
1466608530,32151823.592290685,29402789.423426446,2749.034,4.07036e14,2.1163,-2.34263e6,1.15899e6,-2.90794e-9
1466608560,32146106.079886585,29386434.366737284,2759.672,3.82568e14,4.0223,-2.28194e6,1.16433e6,-2.92134e-9
1466608590,32140335.82874323,29370049.271633167,2770.287,3.96088e14,0.6304,-2.33209e6,1.16968e6,-2.93474e-9
1466608620,32134512.872787457,29353634.319739927,2780.879,3.99236e14,0.1594,-2.35203e6,1.17502e6,-2.94814e-9
1466608650,32128637.246303026,29337189.693681065,2791.448,3.92656e14,1.4914,-2.34324e6,1.18037e6,-2.96155e-9
1466608680,32122708.98393177,29320715.577081706,2801.993,4.22568e14,6.0130,-2.44284e6,1.18572e6,-2.97495e-9
1466608710,32116728.12067485,29304212.15457253,2812.516,4.10233e14,2.9183,-2.41699e6,1.19106e6,-2.98837e-9
1466608740,32110694.691893853,29287679.61179349,2823.015,3.96870e14,0.4341,-2.38773e6,1.19641e6,-3.00178e-9
1466608770,32104608.733312014,29271118.13539779,2833.491,4.01615e14,0.7562,-2.41271e6,1.20176e6,-3.01519e-9
1466608800,32098470.28101548,29254527.913055725,2843.942,4.00906e14,0.5785,-2.42130e6,1.20711e6,-3.02861e-9
1466608830,32092279.371447917,29237909.133469295,2854.370,4.14228e14,3.9207,-2.47256e6,1.21246e6,-3.04203e-9
1466608860,32086036.041432068,29221261.986342948,2864.774,3.81938e14,4.1801,-2.38481e6,1.21782e6,-3.05545e-9
1466608890,32079740.328150455,29204586.662420563,2875.154,3.84503e14,3.5367,-2.40316e6,1.22317e6,-3.06887e-9
1466608920,32073392.26915329,29187883.353478637,2885.509,4.18945e14,5.1039,-2.51984e6,1.22852e6,-3.08230e-9
1466608950,32066991.902359627,29171152.25233033,2895.840,4.08248e14,2.4203,-2.49770e6,1.23388e6,-3.09573e-9
1466608980,32060539.26605868,29154393.552829307,2906.146,4.19231e14,5.1758,-2.54269e6,1.23923e6,-3.10916e-9
1466609010,32054034.39891099,29137607.449873794,2916.427,4.23395e14,6.2205,-2.56668e6,1.24459e6,-3.12259e-9
1466609040,32047477.339949757,29120794.13941041,2926.683,3.96758e14,0.4622,-2.49419e6,1.24995e6,-3.13602e-9
1466609070,32040868.12858204,29103953.81843822,2936.914,3.90656e14,1.9930,-2.48566e6,1.25530e6,-3.14945e-9
1466609100,32034206.80459012,29087086.685012527,2947.120,3.95064e14,0.8873,-2.51020e6,1.26066e6,-3.16289e-9
1466609130,32027493.40813989,29070192.938235193,2957.300,3.78732e14,4.9847,-2.46899e6,1.26602e6,-3.17632e-9
1466609160,32020727.979760155,29053272.7783006,2967.455,3.88693e14,2.4854,-2.51122e6,1.27138e6,-3.18976e-9
1466609190,32013910.56036624,29036326.40645753,2977.584,4.12619e14,3.5170,-2.59844e6,1.27674e6,-3.20320e-9
1466609220,32007041.191254154,29019354.02502648,2987.687,4.18831e14,5.0755,-2.62932e6,1.28210e6,-3.21664e-9
1466609250,32000119.914102014,29002355.83740349,2997.764,4.04995e14,1.6043,-2.59562e6,1.28746e6,-3.23007e-9
1466609280,31993146.770971477,28985332.048063807,3007.815,3.94220e14,1.0990,-2.57147e6,1.29282e6,-3.24351e-9
1466609310,31986121.804309238,28968282.862565722,3017.839,4.04878e14,1.5750,-2.61685e6,1.29818e6,-3.25695e-9
1466609340,31979045.056948453,28951208.487554263,3027.837,4.02418e14,0.9578,-2.61960e6,1.30354e6,-3.27040e-9
1466609370,31971916.5721102,28934109.130764917,3037.807,3.58468e14,10.0682,-2.48605e6,1.30890e6,-3.28384e-9
1466609400,31964736.393404994,28916985.001027327,3047.751,3.56999e14,10.4369,-2.49138e6,1.31426e6,-3.29728e-9
1466609430,31957504.564827528,28899836.3082848,3057.668,4.01239e14,0.6618,-2.64800e6,1.31962e6,-3.31072e-9
1466609460,31950221.13077899,28882663.263549536,3067.558,4.03114e14,1.1322,-2.66499e6,1.32498e6,-3.32416e-9
1466609490,31942886.136047557,28865466.078954764,3077.420,3.94921e14,0.9232,-2.64842e6,1.33034e6,-3.33760e-9
1466609520,31935499.62581673,28848244.967742946,3087.255,4.09354e14,2.6977,-2.70746e6,1.33570e6,-3.35104e-9
1466609550,31928061.64566672,28831000.14426952,3097.062,4.15354e14,4.2031,-2.73851e6,1.34106e6,-3.36448e-9
1466609580,31920572.24157599,28813731.824006714,3106.840,3.98745e14,0.0362,-2.69334e6,1.34642e6,-3.37792e-9
1466609610,31913031.4599227,28796440.223547343,3116.591,3.93747e14,1.2177,-2.68711e6,1.35178e6,-3.39135e-9
1466609640,31905439.347486235,28779125.560608547,3126.314,3.83931e14,3.6803,-2.66434e6,1.35714e6,-3.40479e-9
1466609670,31897795.95144868,28761788.054035578,3136.008,3.66256e14,8.1146,-2.61444e6,1.36249e6,-3.41822e-9
1466609700,31890101.319396343,28744427.92380544,3145.673,3.67651e14,7.7646,-2.62950e6,1.36785e6,-3.43166e-9
1466609730,31882355.499325473,28727045.39101596,3155.310,3.96118e14,0.6227,-2.73787e6,1.37321e6,-3.44509e-9
1466609760,31874558.539630882,28709640.67793498,3164.918,4.04494e14,1.4785,-2.77752e6,1.37857e6,-3.45852e-9
1466609790,31866710.48912055,28692214.007958308,3174.496,3.96612e14,0.4988,-2.76094e6,1.38392e6,-3.47195e-9
1466609820,31858811.397012945,28674765.60562808,3184.046,3.96360e14,0.5622,-2.77074e6,1.38928e6,-3.48538e-9
1466609850,31850861.31293869,28657295.696636282,3193.566,3.84173e14,3.6195,-2.73878e6,1.39463e6,-3.49880e-9
1466609880,31842860.28694212,28639804.507828213,3203.056,3.93409e14,1.3025,-2.78172e6,1.39998e6,-3.51223e-9
1466609910,31834808.36948304,28622292.26720603,3212.516,4.08080e14,2.3782,-2.84408e6,1.40534e6,-3.52565e-9
1466609940,31826705.611438252,28604759.203932133,3221.946,4.07780e14,2.3028,-2.85385e6,1.41069e6,-3.53906e-9
1466609970,31818552.0641033,28587205.548332676,3231.347,3.98656e14,0.0140,-2.83226e6,1.41604e6,-3.55248e-9
1466610000,31810347.779194128,28569631.5319009,3240.716,4.20691e14,5.5421,-2.92153e6,1.42139e6,-3.56589e-9
1466610030,31802092.808845107,28552037.387310963,3250.055,4.27018e14,7.1292,-2.95516e6,1.42674e6,-3.57930e-9
1466610060,31793787.20562209,28534423.348389313,3259.364,3.95523e14,0.7721,-2.85308e6,1.43208e6,-3.59270e-9
1466610090,31785431.02251272,28516789.650150254,3268.641,3.95819e14,0.6979,-2.86479e6,1.43743e6,-3.60611e-9
1466610120,31777024.312931806,28499136.528788917,3277.888,4.12381e14,3.4572,-2.93539e6,1.44277e6,-3.61950e-9
1466610150,31768567.130723048,28481464.22168464,3287.103,4.08860e14,2.5739,-2.93346e6,1.44811e6,-3.63290e-9
1466610180,31760059.530160822,28463772.967404384,3296.287,3.98102e14,0.1250,-2.90505e6,1.45345e6,-3.64629e-9
1466610210,31751501.565951902,28446063.005706128,3305.439,3.96523e14,0.5213,-2.90994e6,1.45879e6,-3.65968e-9
1466610240,31742893.293237235,28428334.577542093,3314.559,3.98473e14,0.0319,-2.92775e6,1.46413e6,-3.67306e-9
1466610270,31734234.76759374,28410587.925062187,3323.647,3.92332e14,1.5725,-2.91577e6,1.46947e6,-3.68644e-9
1466610300,31725526.045036122,28392823.29161714,3332.703,3.91960e14,1.6659,-2.92498e6,1.47480e6,-3.69981e-9
1466610330,31716767.18202608,28375040.921758354,3341.726,4.00877e14,0.5711,-2.96866e6,1.48013e6,-3.71318e-9
1466610360,31707958.235451277,28357241.06125209,3350.717,3.93318e14,1.3252,-2.95118e6,1.48546e6,-3.72654e-9
1466610390,31699099.262650266,28339423.95707142,3359.675,3.97757e14,0.2116,-2.97836e6,1.49079e6,-3.73989e-9
1466610420,31690190.32140686,28321589.857403066,3368.600,4.01617e14,0.7569,-3.00348e6,1.49611e6,-3.75325e-9
1466610450,31681231.46995217,28303739.011650465,3377.492,4.04973e14,1.5988,-3.02681e6,1.50144e6,-3.76659e-9
1466610480,31672222.766966447,28285871.67043683,3386.351,4.00772e14,0.5448,-3.02165e6,1.50676e6,-3.77993e-9
1466610510,31663164.271581188,28267988.08560824,3395.176,3.92202e14,1.6053,-2.99980e6,1.51208e6,-3.79326e-9
1466610540,31654056.043380946,28250088.510236595,3403.968,4.06912e14,2.0851,-3.06634e6,1.51739e6,-3.80659e-9
1466610570,31644898.142405488,28232173.19862258,3412.725,4.05508e14,1.7330,-3.07171e6,1.52270e6,-3.81991e-9
1466610600,31635690.629151624,28214242.406298585,3421.448,3.92591e14,1.5077,-3.03290e6,1.52801e6,-3.83322e-9
1466610630,31626433.564564325,28196296.39002926,3430.137,4.05612e14,1.7592,-3.09352e6,1.53332e6,-3.84653e-9
1466610660,31617127.010072593,28178335.407821506,3438.792,4.16251e14,4.4281,-3.14528e6,1.53863e6,-3.85983e-9
1466610690,31607771.027557407,28160359.718920305,3447.411,3.91572e14,1.7634,-3.06053e6,1.54393e6,-3.87312e-9
1466610720,31598365.67936469,28142369.583813686,3455.996,3.81955e14,4.1761,-3.03366e6,1.54923e6,-3.88640e-9
1466610750,31588911.028307233,28124365.26423539,3464.546,3.93325e14,1.3234,-3.08836e6,1.55452e6,-3.89968e-9
1466610780,31579407.137666725,28106347.02316761,3473.060,3.92201e14,1.6056,-3.09447e6,1.55981e6,-3.91295e-9
1466610810,31569854.071195614,28088315.12484362,3481.539,4.09682e14,2.7802,-3.17360e6,1.56510e6,-3.92621e-9
1466610840,31560251.89311922,28070269.83475033,3489.982,4.07742e14,2.2934,-3.17667e6,1.57039e6,-3.93946e-9
1466610870,31550600.668137606,28052211.41963084,3498.389,4.03295e14,1.1777,-3.16977e6,1.57567e6,-3.95270e-9
1466610900,31540900.46142767,28034140.147486966,3506.760,4.09808e14,2.8117,-3.20621e6,1.58095e6,-3.96593e-9
1466610930,31531151.33865587,28016056.287585717,3515.095,4.00072e14,0.3691,-3.17817e6,1.58622e6,-3.97915e-9
1466610960,31521353.365947176,27997960.110449336,3523.393,3.94358e14,1.0643,-3.16591e6,1.59149e6,-3.99236e-9
1466610990,31511506.60992041,27979851.887870003,3531.655,3.94999e14,0.9036,-3.17895e6,1.59676e6,-4.00556e-9
1466611020,31501611.137679644,27961731.892908227,3539.879,3.96123e14,0.6215,-3.19394e6,1.60202e6,-4.01876e-9
1466611050,31491667.016816348,27943600.399895135,3548.067,4.09374e14,2.7028,-3.25785e6,1.60728e6,-4.03194e-9
1466611080,31481674.31541163,27925457.68443475,3556.217,4.15236e14,4.1735,-3.29221e6,1.61253e6,-4.04511e-9
1466611110,31471633.10203842,27907304.023406252,3564.329,4.00058e14,0.3657,-3.24132e6,1.61778e6,-4.05827e-9
1466611140,31461543.445763703,27889139.69496613,3572.404,3.96957e14,0.4122,-3.23920e6,1.62302e6,-4.07142e-9
1466611170,31451405.416150764,27870964.978550278,3580.440,3.72291e14,6.6004,-3.14891e6,1.62826e6,-4.08455e-9
1466611200,31441219.083261445,27852780.154876117,3588.439,3.56447e14,10.5754,-3.09410e6,1.63350e6,-4.09768e-9
1466611230,31430984.51765,27834585.505943492,3596.399,3.75469e14,5.8031,-3.18220e6,1.63873e6,-4.11079e-9
1466611260,31420701.79039134,27816381.31504002,3604.320,3.91981e14,1.6608,-3.26044e6,1.64396e6,-4.12389e-9
1466611290,31410370.973057214,27798167.866739668,3612.203,3.98557e14,0.0108,-3.29800e6,1.64918e6,-4.13698e-9
1466611320,31399992.137726877,27779945.44690569,3620.047,3.92467e14,1.5388,-3.28315e6,1.65439e6,-4.15005e-9
1466611350,31389565.356989402,27761714.342692386,3627.851,3.77768e14,5.2264,-3.23229e6,1.65960e6,-4.16311e-9
1466611380,31379090.703945845,27743474.84254683,3635.616,3.70414e14,7.0714,-3.21171e6,1.66480e6,-4.17616e-9
1466611410,31368568.252211597,27725227.23621059,3643.341,3.76203e14,5.6191,-3.24599e6,1.67000e6,-4.18919e-9
1466611440,31357998.075918663,27706971.814721256,3651.026,3.85293e14,3.3387,-3.29428e6,1.67520e6,-4.20221e-9
1466611470,31347380.249717914,27688708.870414034,3658.671,3.96615e14,0.4982,-3.35220e6,1.68038e6,-4.21521e-9
1466611500,31336714.848781455,27670438.696923193,3666.276,4.01926e14,0.8344,-3.38499e6,1.68557e6,-4.22820e-9
1466611530,31326001.948812447,27652161.58917919,3673.840,3.98665e14,0.0162,-3.38155e6,1.69074e6,-4.24118e-9
1466611560,31315241.626024287,27633877.843423285,3681.364,4.00082e14,0.3718,-3.39791e6,1.69591e6,-4.25413e-9
1466611590,31304433.95716623,27615587.757195443,3688.846,3.94000e14,1.1542,-3.38230e6,1.70107e6,-4.26708e-9
1466611620,31293579.019518323,27597291.629339844,3696.287,3.92381e14,1.5603,-3.38562e6,1.70623e6,-4.28000e-9
1466611650,31282676.890893824,27578989.760006014,3703.687,4.02814e14,1.0570,-3.44062e6,1.71138e6,-4.29291e-9
1466611680,31271727.64964174,27560682.450649805,3711.045,4.12996e14,3.6115,-3.49480e6,1.71652e6,-4.30581e-9
1466611710,31260731.37464923,27542370.004034452,3718.361,3.99602e14,0.2512,-3.44741e6,1.72166e6,-4.31868e-9
1466611740,31249688.145344168,27524052.724231437,3725.635,3.81950e14,4.1773,-3.38122e6,1.72679e6,-4.33154e-9
1466611770,31238598.041697618,27505730.91662128,3732.867,3.87655e14,2.7458,-3.41603e6,1.73191e6,-4.34438e-9
1466611800,31227461.144226376,27487404.887894418,3740.056,3.92572e14,1.5125,-3.44754e6,1.73703e6,-4.35720e-9
1466611830,31216277.53398635,27469074.94606175,3747.203,3.98737e14,0.0342,-3.48461e6,1.74213e6,-4.37001e-9
1466611860,31205047.292603303,27450741.400424495,3754.306,4.04367e14,1.4467,-3.51949e6,1.74723e6,-4.38279e-9
1466611890,31193770.50224717,27432404.56160584,3761.366,4.03364e14,1.1951,-3.52533e6,1.75233e6,-4.39556e-9
1466611920,31182447.24564366,27414064.741541304,3768.383,3.96726e14,0.4703,-3.50630e6,1.75741e6,-4.40830e-9
1466611950,31171077.6060768,27395722.253479276,3775.355,3.99982e14,0.3467,-3.53082e6,1.76249e6,-4.42103e-9
1466611980,31159661.66739143,27377377.411981344,3782.284,4.04217e14,1.4090,-3.55974e6,1.76756e6,-4.43373e-9
1466612010,31148199.513995785,27359030.53292266,3789.169,4.02909e14,1.0809,-3.56412e6,1.77262e6,-4.44642e-9
1466612040,31136691.23086403,27340681.933492072,3796.009,3.95888e14,0.6805,-3.54296e6,1.77767e6,-4.45908e-9
1466612070,31125136.90353882,27322331.932192292,3802.805,3.86698e14,2.9859,-3.51192e6,1.78271e6,-4.47172e-9
1466612100,31113536.618133888,27303980.848839883,3809.556,4.01231e14,0.6600,-3.58700e6,1.78775e6,-4.48434e-9
1466612130,31101890.46134886,27285629.00454911,3816.261,4.02808e14,1.0556,-3.60418e6,1.79277e6,-4.49694e-9
1466612160,31090198.520434346,27267276.721781652,3822.922,3.98208e14,0.0985,-3.59351e6,1.79779e6,-4.50952e-9
1466612190,31078460.883232195,27248924.324296046,3829.537,3.97058e14,0.3870,-3.59832e6,1.80280e6,-4.52207e-9
1466612220,31066677.638166066,27230572.137163557,3836.106,3.96000e14,0.6523,-3.60350e6,1.80779e6,-4.53460e-9
1466612250,31054848.874244206,27212220.486767612,3842.628,3.88667e14,2.4922,-3.58009e6,1.81278e6,-4.54711e-9
1466612280,31042974.68106221,27193869.70080318,3849.105,3.80719e14,4.4861,-3.55368e6,1.81776e6,-4.55959e-9
1466612310,31031055.148805894,27175520.108276013,3855.535,3.91028e14,1.8998,-3.61053e6,1.82273e6,-4.57204e-9
1466612340,31019090.368254054,27157172.039501872,3861.918,3.88593e14,2.5106,-3.60918e6,1.82769e6,-4.58447e-9
1466612370,31007080.430781327,27138825.826105535,3868.255,3.92324e14,1.5746,-3.63610e6,1.83264e6,-4.59688e-9
1466612400,30995025.42836092,27120481.801019903,3874.544,3.97240e14,0.3413,-3.66856e6,1.83758e6,-4.60926e-9
1466612430,30982925.45355481,27102140.298509955,3880.785,3.87535e14,2.7761,-3.63354e6,1.84251e6,-4.62161e-9
1466612460,30970780.59955597,27083801.65409392,3886.979,3.81295e14,4.3415,-3.61432e6,1.84742e6,-4.63394e-9
1466612490,30958590.960151672,27065466.204620317,3893.125,3.89041e14,2.3981,-3.65991e6,1.85233e6,-4.64624e-9
1466612520,30946356.629739042,27047134.288241237,3899.222,3.97348e14,0.3141,-3.70828e6,1.85723e6,-4.65851e-9
1466612550,30934077.703327905,27028806.244411197,3905.271,3.94823e14,0.9477,-3.70623e6,1.86211e6,-4.67076e-9
1466612580,30921754.27654346,27010482.41388565,3911.272,3.86198e14,3.1115,-3.67554e6,1.86698e6,-4.68297e-9
1466612610,30909386.445629165,26992163.13871951,3917.223,3.92138e14,1.6214,-3.71299e6,1.87185e6,-4.69516e-9
1466612640,30896974.307449497,26973848.76226557,3923.126,4.00741e14,0.5371,-3.76311e6,1.87670e6,-4.70732e-9
1466612670,30884517.959492765,26955539.62917259,3928.978,3.88714e14,2.4802,-3.71605e6,1.88153e6,-4.71944e-9
1466612700,30872017.499873966,26937236.0853836,3934.781,3.84851e14,3.4495,-3.70730e6,1.88636e6,-4.73154e-9
1466612730,30859473.027345024,26918938.47809568,3940.535,3.90146e14,2.1211,-3.74187e6,1.89117e6,-4.74361e-9
1466612760,30846884.641274836,26900647.155875485,3946.237,3.86263e14,3.0951,-3.73291e6,1.89598e6,-4.75564e-9
1466612790,30834252.441675026,26882362.46853866,3951.890,3.96564e14,0.5109,-3.79144e6,1.90076e6,-4.76765e-9
1466612820,30821576.529195487,26864084.767185505,3957.492,3.99739e14,0.2857,-3.81614e6,1.90554e6,-4.77962e-9
1466612850,30808857.005127396,26845814.40419817,3963.043,3.91285e14,1.8352,-3.78517e6,1.91030e6,-4.79156e-9
1466612880,30796093.971406177,26827551.73323771,3968.542,3.89649e14,2.2456,-3.78672e6,1.91505e6,-4.80346e-9
1466612910,30783287.530614547,26809297.10924104,3973.990,3.96520e14,0.5219,-3.82917e6,1.91979e6,-4.81533e-9
1466612940,30770437.785985578,26791050.888417777,3979.387,3.98085e14,0.1293,-3.84614e6,1.92451e6,-4.82717e-9
1466612970,30757544.84140572,26772813.428246956,3984.731,4.01803e14,0.8035,-3.87354e6,1.92922e6,-4.83897e-9
1466613000,30744608.8014179,26754585.08747368,3990.024,4.00096e14,0.3752,-3.87468e6,1.93392e6,-4.85074e-9
1466613030,30731629.771226898,26736366.22615735,3995.264,3.94869e14,0.9361,-3.85864e6,1.93860e6,-4.86248e-9
1466613060,30718607.856695466,26718157.205508407,4000.451,3.94846e14,0.9419,-3.86781e6,1.94326e6,-4.87417e-9
1466613090,30705543.164354537,26699958.38804509,4005.585,3.84507e14,3.5358,-3.82655e6,1.94792e6,-4.88583e-9
1466613120,30692435.801404048,26681770.137537986,4010.666,3.94525e14,1.0224,-3.88472e6,1.95255e6,-4.89746e-9
1466613150,30679285.87571617,26663592.81900651,4015.693,3.93273e14,1.3364,-3.88777e6,1.95717e6,-4.90904e-9
1466613180,30666093.49583845,26645426.79871523,4020.667,3.82389e14,4.0670,-3.84336e6,1.96178e6,-4.92059e-9
1466613210,30652858.77099706,26627272.444170132,4025.586,3.93533e14,1.2714,-3.90731e6,1.96637e6,-4.93210e-9
1466613240,30639581.811099924,26609130.124114618,4030.452,4.00573e14,0.4949,-3.95121e6,1.97095e6,-4.94356e-9
1466613270,30626262.72674006,26591000.20852537,4035.263,3.82145e14,4.1284,-3.86903e6,1.97551e6,-4.95499e-9
1466613300,30612901.62919862,26572883.068608202,4040.019,3.76092e14,5.6469,-3.84787e6,1.98005e6,-4.96638e-9
1466613330,30599498.630438313,26554779.07673374,4044.720,3.93069e14,1.3876,-3.94117e6,1.98458e6,-4.97773e-9
1466613360,30586053.843137365,26536688.606617365,4049.365,4.02968e14,1.0957,-3.99951e6,1.98909e6,-4.98904e-9
1466613390,30572567.380661786,26518612.033129238,4053.955,4.07741e14,2.2932,-4.03241e6,1.99358e6,-5.00030e-9
1466613420,30559039.357078593,26500549.73234889,4058.490,3.86450e14,3.0482,-3.93477e6,1.99806e6,-5.01152e-9
1466613450,30545469.887159027,26482502.08155971,4062.968,3.76766e14,5.4777,-3.89491e6,2.00252e6,-5.02270e-9
1466613480,30531859.086381678,26464469.459243152,4067.390,3.96328e14,0.5701,-4.00202e6,2.00696e6,-5.03384e-9
1466613510,30518207.07093579,26446452.245072942,4071.755,4.04684e14,1.5263,-4.05299e6,2.01139e6,-5.04493e-9
1466613540,30504513.957724426,26428450.819909,4076.063,4.05402e14,1.7064,-4.06550e6,2.01580e6,-5.05598e-9
1466613570,30490779.864367712,26410465.56579129,4080.314,3.96432e14,0.5440,-4.02890e6,2.02019e6,-5.06698e-9
1466613600,30477004.909206137,26392496.8659335,4084.508,3.96427e14,0.5452,-4.03759e6,2.02456e6,-5.07793e-9
1466613630,30463189.211318046,26374545.104774773,4088.644,3.96086e14,0.6308,-4.04453e6,2.02891e6,-5.08884e-9
1466613660,30449332.890478935,26356610.667793803,4092.722,4.03378e14,1.1986,-4.09035e6,2.03324e6,-5.09970e-9
1466613690,30435436.067208976,26338693.941681974,4096.742,3.95773e14,0.7095,-4.06016e6,2.03756e6,-5.11052e-9
1466613720,30421498.862762213,26320795.314278767,4100.704,3.88694e14,2.4854,-4.03246e6,2.04185e6,-5.12128e-9
1466613750,30407521.39912987,26302915.174565203,4104.606,4.01486e14,0.7239,-4.10655e6,2.04613e6,-5.13200e-9
1466613780,30393503.79904388,26285053.912657138,4108.450,3.95313e14,0.8247,-4.08334e6,2.05038e6,-5.14267e-9
1466613810,30379446.1859804,26267211.919798434,4112.234,3.91479e14,1.7866,-4.07202e6,2.05462e6,-5.15328e-9
1466613840,30365348.684163224,26249389.58835401,4115.959,3.92563e14,1.5147,-4.08597e6,2.05883e6,-5.16385e-9
1466613870,30351211.418567307,26231587.311802577,4119.624,3.88203e14,2.6085,-4.07173e6,2.06303e6,-5.17436e-9
1466613900,30337034.51492224,26213805.48472938,4123.229,4.00539e14,0.4863,-4.14393e6,2.06720e6,-5.18483e-9
1466613930,30322818.09969722,26196044.502770122,4126.774,4.07601e14,2.2581,-4.18894e6,2.07136e6,-5.19524e-9
1466613960,30308562.300161794,26178304.762752846,4130.258,3.96093e14,0.6291,-4.13739e6,2.07549e6,-5.20559e-9
1466613990,30294267.24433189,26160586.6625401,4133.681,3.93742e14,1.2188,-4.13332e6,2.07960e6,-5.21590e-9
1466614020,30279933.060991786,26142890.60106897,4137.042,3.93914e14,1.1756,-4.14234e6,2.08369e6,-5.22615e-9
1466614050,30265559.879697483,26125216.978342444,4140.343,3.97804e14,0.1997,-4.17079e6,2.08775e6,-5.23634e-9
1466614080,30251147.83078022,26107566.195420552,4143.582,4.05777e14,1.8004,-4.22070e6,2.09180e6,-5.24648e-9
1466614110,30236697.045349702,26089938.654411368,4146.758,3.99898e14,0.3255,-4.19791e6,2.09582e6,-5.25656e-9
1466614140,30222207.655297734,26072334.758461755,4149.873,3.91792e14,1.7082,-4.16322e6,2.09982e6,-5.26658e-9
1466614170,30207679.7933015,26054754.911747962,4152.925,3.94061e14,1.1389,-4.18307e6,2.10379e6,-5.27655e-9
1466614200,30193113.59282713,26037199.51946604,4155.914,4.01535e14,0.7362,-4.23044e6,2.10775e6,-5.28645e-9
1466614230,30178509.188156806,26019668.987859447,4158.840,4.06903e14,2.0829,-4.26676e6,2.11168e6,-5.29630e-9
1466614260,30163866.714319255,26002163.724094085,4161.703,4.00205e14,0.4025,-4.23910e6,2.11558e6,-5.30609e-9
1466614290,30149186.30716664,25984684.136363383,4164.502,4.03196e14,1.1530,-4.26278e6,2.11946e6,-5.31582e-9
1466614320,30134468.10335451,25967230.633841038,4167.237,4.01086e14,0.6237,-4.25930e6,2.12332e6,-5.32548e-9
1466614350,30119712.240345534,25949803.626670837,4169.909,3.90219e14,2.1028,-4.20900e6,2.12715e6,-5.33509e-9
1466614380,30104918.85641324,25932403.52595634,4172.515,3.95168e14,0.8610,-4.24299e6,2.13096e6,-5.34463e-9
1466614410,30090088.09064585,25915030.743750323,4175.057,3.95784e14,0.7066,-4.25381e6,2.13474e6,-5.35411e-9
1466614440,30075220.082949985,25897685.693044096,4177.534,3.90477e14,2.0381,-4.23283e6,2.13850e6,-5.36352e-9
1466614470,30060314.974054433,25880368.78775656,4179.946,3.91985e14,1.6598,-4.24831e6,2.14223e6,-5.37287e-9
1466614500,30045372.905514024,25863080.442723107,4182.292,3.98684e14,0.0208,-4.29171e6,2.14593e6,-5.38216e-9
1466614530,30030394.01968675,25845821.073657397,4184.573,3.93251e14,1.3420,-4.26977e6,2.14961e6,-5.39138e-9
1466614560,30015378.45981955,25828591.097222842,4186.787,3.82146e14,4.1281,-4.21705e6,2.15326e6,-5.40053e-9
1466614590,30000326.369969767,25811390.930937864,4188.935,3.80523e14,4.5353,-4.21536e6,2.15688e6,-5.40961e-9
1466614620,29985237.89503538,25794220.993190594,4191.017,3.92069e14,1.6386,-4.28496e6,2.16048e6,-5.41863e-9
1466614650,29970113.180758588,25777081.703226544,4193.031,3.93467e14,1.2878,-4.29962e6,2.16405e6,-5.42758e-9
1466614680,29954952.373729393,25759973.481135987,4194.979,3.79214e14,4.8637,-4.22917e6,2.16759e6,-5.43645e-9
1466614710,29939755.621389214,25742896.747841343,4196.859,3.86713e14,2.9822,-4.27686e6,2.17111e6,-5.44526e-9
1466614740,29924523.07203446,25725851.9250841,4198.671,3.98366e14,0.0587,-4.34728e6,2.17459e6,-5.45400e-9
1466614770,29909254.874820203,25708839.435411647,4200.415,4.02091e14,0.8756,-4.37453e6,2.17805e6,-5.46266e-9
1466614800,29893951.179763705,25691859.70216394,4202.091,4.07544e14,2.2437,-4.41125e6,2.18147e6,-5.47125e-9
1466614830,29878612.137773693,25674913.149475608,4203.699,3.96603e14,0.5010,-4.35817e6,2.18487e6,-5.47977e-9
1466614860,29863237.900575183,25658000.202213805,4205.238,3.87597e14,2.7605,-4.31545e6,2.18824e6,-5.48821e-9
1466614890,29847828.62079235,25641121.286012527,4206.707,4.01425e14,0.7086,-4.39804e6,2.19158e6,-5.49658e-9
1466614920,29832384.451926768,25624276.827242956,4208.108,4.00536e14,0.4856,-4.39979e6,2.19489e6,-5.50487e-9
1466614950,29816905.548361327,25607467.2529992,4209.438,3.92159e14,1.6160,-4.36017e6,2.19816e6,-5.51309e-9
1466614980,29801392.065364104,25590692.99108381,4210.699,4.02033e14,0.8612,-4.42113e6,2.20141e6,-5.52123e-9
1466615010,29785844.159092385,25573954.469993208,4211.890,3.97022e14,0.3961,-4.39987e6,2.20463e6,-5.52929e-9
1466615040,29770261.98659652,25557252.11890269,4213.010,3.80566e14,4.5245,-4.31511e6,2.20781e6,-5.53727e-9
1466615070,29754645.705823906,25540586.367651522,4214.059,3.85249e14,3.3497,-4.34723e6,2.21096e6,-5.54517e-9
1466615100,29738995.47562293,25523957.64672755,4215.038,3.99907e14,0.3277,-4.43476e6,2.21408e6,-5.55299e-9
1466615130,29723311.455725785,25507366.387249157,4215.945,4.07956e14,2.3472,-4.48571e6,2.21717e6,-5.56073e-9
1466615160,29707593.806817576,25490813.020957634,4216.781,4.01420e14,0.7074,-4.45549e6,2.22023e6,-5.56839e-9
1466615190,29691842.690474775,25474297.980193425,4217.545,3.95729e14,0.7203,-4.42982e6,2.22325e6,-5.57597e-9
1466615220,29676058.269190233,25457821.697882418,4218.237,3.92144e14,1.6199,-4.41576e6,2.22624e6,-5.58346e-9
1466615250,29660240.706376906,25441384.607519712,4218.856,3.90129e14,2.1252,-4.41035e6,2.22919e6,-5.59087e-9
1466615280,29644390.166371666,25424987.143152997,4219.403,3.94719e14,0.9738,-4.44183e6,2.23211e6,-5.59819e-9
1466615310,29628506.814439014,25408629.739365842,4219.877,3.97017e14,0.3973,-4.46045e6,2.23500e6,-5.60543e-9
1466615340,29612590.81677493,25392312.8312606,4220.278,4.00440e14,0.4616,-4.48536e6,2.23785e6,-5.61258e-9
1466615370,29596642.340510562,25376036.85444127,4220.605,3.99910e14,0.3286,-4.48802e6,2.24067e6,-5.61964e-9
1466615400,29580661.55371606,25359802.244996022,4220.859,3.97521e14,0.2708,-4.48015e6,2.24345e6,-5.62661e-9
1466615430,29564648.625419326,25343609.439473327,4221.039,3.95526e14,0.7714,-4.47439e6,2.24620e6,-5.63350e-9
1466615460,29548603.725563563,25327458.874883153,4221.145,4.04201e14,1.4050,-4.52872e6,2.24891e6,-5.64029e-9
1466615490,29532527.02505752,25311350.98865962,4221.176,4.08577e14,2.5028,-4.55881e6,2.25158e6,-5.64700e-9
1466615520,29516418.69576438,25295286.218648862,4221.132,3.97776e14,0.2067,-4.50309e6,2.25422e6,-5.65361e-9
1466615550,29500278.91050573,25279265.003090404,4221.014,4.00707e14,0.5286,-4.52487e6,2.25682e6,-5.66013e-9
1466615580,29484107.84306544,25263287.78059829,4220.820,3.99389e14,0.1978,-4.52254e6,2.25938e6,-5.66655e-9
1466615610,29467905.668193683,25247354.99014208,4220.551,3.89331e14,2.3255,-4.47054e6,2.26191e6,-5.67288e-9
1466615640,29451672.561610885,25231467.07102757,4220.205,3.92203e14,1.6049,-4.49177e6,2.26440e6,-5.67912e-9
1466615670,29435408.70001165,25215624.462877236,4219.784,4.00102e14,0.3766,-4.54153e6,2.26685e6,-5.68526e-9
1466615700,29419114.26106877,25199827.60561065,4219.287,3.94279e14,1.0842,-4.51322e6,2.26926e6,-5.69131e-9
1466615730,29402789.423426446,25184076.939430747,4218.712,3.91689e14,1.7340,-4.50318e6,2.27163e6,-5.69725e-9
1466615760,29386434.366737284,25168372.904784326,4218.061,4.04443e14,1.4657,-4.58054e6,2.27396e6,-5.70310e-9
1466615790,29370049.271633167,25152715.94236119,4217.333,4.00326e14,0.4329,-4.56165e6,2.27625e6,-5.70885e-9
1466615820,29353634.319739927,25137106.493067402,4216.528,3.98076e14,0.1316,-4.55331e6,2.27850e6,-5.71449e-9
1466615850,29337189.693681065,25121544.99800449,4215.645,3.93709e14,1.2272,-4.53275e6,2.28072e6,-5.72004e-9
1466615880,29320715.577081706,25106031.89844855,4214.684,3.81761e14,4.2247,-4.46865e6,2.28289e6,-5.72549e-9
1466615910,29304212.15457253,25090567.635829173,4213.645,3.82493e14,4.0410,-4.47702e6,2.28502e6,-5.73083e-9
1466615940,29287679.61179349,25075152.65170802,4212.527,3.91042e14,1.8962,-4.53015e6,2.28711e6,-5.73607e-9
1466615970,29271118.13539779,25059787.3877574,4211.331,4.02642e14,1.0140,-4.60080e6,2.28916e6,-5.74120e-9
1466616000,29254527.913055725,25044472.285738368,4210.056,4.00153e14,0.3894,-4.59053e6,2.29116e6,-5.74623e-9
1466616030,29237909.133469295,25029207.787482027,4208.701,3.91463e14,1.7905,-4.54449e6,2.29312e6,-5.75115e-9
1466616060,29221261.986342948,25013994.33485766,4207.268,3.87793e14,2.7114,-4.52716e6,2.29504e6,-5.75596e-9
1466616090,29204586.662420563,24998832.369760014,4205.754,3.91287e14,1.8348,-4.55100e6,2.29692e6,-5.76067e-9
1466616120,29187883.353478637,24983722.33408351,4204.161,3.92730e14,1.4727,-4.56295e6,2.29875e6,-5.76527e-9
1466616150,29171152.25233033,24968664.669699553,4202.488,3.91152e14,1.8686,-4.55740e6,2.30054e6,-5.76976e-9
1466616180,29154393.552829307,24953659.81843355,4200.734,3.91014e14,1.9034,-4.56005e6,2.30229e6,-5.77413e-9
1466616210,29137607.449873794,24938708.222041648,4198.899,3.91998e14,1.6565,-4.56911e6,2.30399e6,-5.77840e-9
1466616240,29120794.13941041,24923810.322187364,4196.984,3.94508e14,1.0267,-4.58691e6,2.30564e6,-5.78255e-9
1466616270,29103953.81843822,24908966.56041794,4194.987,3.91181e14,1.8615,-4.57086e6,2.30726e6,-5.78659e-9
1466616300,29087086.685012527,24894177.378140446,4192.909,3.94464e14,1.0377,-4.59297e6,2.30882e6,-5.79052e-9
1466616330,29070192.938235193,24879443.21658075,4190.750,3.98573e14,0.0068,-4.61980e6,2.31034e6,-5.79433e-9
1466616360,29053272.7783006,24864764.516811684,4188.508,3.92852e14,1.4421,-4.58958e6,2.31181e6,-5.79802e-9
1466616390,29036326.40645753,24850141.719676167,4186.185,3.92965e14,1.4138,-4.59307e6,2.31324e6,-5.80160e-9
1466616420,29019354.02502648,24835575.26577926,4183.779,3.90864e14,1.9409,-4.58361e6,2.31462e6,-5.80506e-9
1466616450,29002355.83740349,24821065.595463242,4181.290,3.98037e14,0.1415,-4.62790e6,2.31595e6,-5.80840e-9
1466616480,28985332.048063807,24806613.14878229,4178.719,4.08191e14,2.4060,-4.68948e6,2.31723e6,-5.81162e-9
1466616510,28968282.862565722,24792218.365477182,4176.064,3.92823e14,1.4494,-4.60263e6,2.31847e6,-5.81472e-9
1466616540,28951208.487554263,24777881.684949633,4173.327,3.89702e14,2.2325,-4.58682e6,2.31966e6,-5.81770e-9
1466616570,28934109.130764917,24763603.54623654,4170.506,3.95562e14,0.7622,-4.62319e6,2.32079e6,-5.82056e-9
1466616600,28916985.001027327,24749384.38798405,4167.601,3.95786e14,0.7060,-4.62666e6,2.32188e6,-5.82329e-9
1466616630,28899836.3082848,24735224.648453552,4164.612,3.95730e14,0.7202,-4.62841e6,2.32292e6,-5.82590e-9
1466616660,28882663.263549536,24721124.76539641,4161.538,4.01459e14,0.7170,-4.66377e6,2.32391e6,-5.82839e-9
1466616690,28865466.078954764,24707085.176126402,4158.381,4.04280e14,1.4248,-4.68210e6,2.32485e6,-5.83075e-9
1466616720,28848244.967742946,24693106.317461416,4155.139,3.94831e14,0.9456,-4.62878e6,2.32574e6,-5.83298e-9
1466616750,28831000.14426952,24679188.62569683,4151.812,3.94282e14,1.0833,-4.62725e6,2.32658e6,-5.83508e-9
1466616780,28813731.824006714,24665332.536578756,4148.399,3.94185e14,1.1077,-4.62825e6,2.32737e6,-5.83706e-9
1466616810,28796440.223547343,24651538.485277165,4144.902,3.91759e14,1.7164,-4.61554e6,2.32810e6,-5.83890e-9
1466616840,28779125.560608547,24637806.906358752,4141.319,4.06209e14,1.9089,-4.70130e6,2.32878e6,-5.84062e-9
1466616870,28761788.054035578,24624138.23375965,4137.650,4.10486e14,2.9817,-4.72755e6,2.32941e6,-5.84221e-9
1466616900,28744427.92380544,24610532.900758028,4133.895,3.95186e14,0.8565,-4.63932e6,2.32999e6,-5.84366e-9
1466616930,28727045.39101596,24596991.339903995,4130.054,3.90697e14,1.9829,-4.61413e6,2.33052e6,-5.84498e-9
1466616960,28709640.67793498,24583513.983122338,4126.127,3.94692e14,0.9806,-4.63842e6,2.33099e6,-5.84616e-9
1466616990,28692214.007958308,24570101.261554006,4122.113,4.02774e14,1.0471,-4.68651e6,2.33140e6,-5.84721e-9
1466617020,28674765.60562808,24556753.605569754,4118.012,4.05322e14,1.6862,-4.70214e6,2.33177e6,-5.84813e-9
1466617050,28657295.696636282,24543471.44474147,4113.824,3.97207e14,0.3496,-4.65530e6,2.33207e6,-5.84890e-9
1466617080,28639804.507828213,24530255.2078134,4109.549,3.93726e14,1.2228,-4.63545e6,2.33233e6,-5.84954e-9
1466617110,28622292.26720603,24517105.32267317,4105.187,3.90587e14,2.0104,-4.61748e6,2.33253e6,-5.85005e-9
1466617140,28604759.203932133,24504022.216322616,4100.737,3.89271e14,2.3406,-4.61006e6,2.33267e6,-5.85041e-9
1466617170,28587205.548332676,24491006.314848527,4096.199,3.94115e14,1.1253,-4.63858e6,2.33276e6,-5.85063e-9
1466617200,28569631.5319009,24478058.04339324,4091.573,3.99998e14,0.3507,-4.67306e6,2.33279e6,-5.85071e-9
1466617230,28552037.387310963,24465177.82616891,4086.860,3.99800e14,0.3011,-4.67185e6,2.33276e6,-5.85065e-9
1466617260,28534423.348389313,24452366.08629299,4082.057,3.94969e14,0.9111,-4.64342e6,2.33268e6,-5.85045e-9
1466617290,28516789.650150254,24439623.24589347,4077.166,3.97203e14,0.3505,-4.65621e6,2.33253e6,-5.85010e-9
1466617320,28499136.528788917,24426949.726035677,4072.187,3.92076e14,1.6367,-4.62583e6,2.33234e6,-5.84961e-9
1466617350,28481464.22168464,24414345.946692657,4067.118,3.88838e14,2.4491,-4.60638e6,2.33208e6,-5.84897e-9
1466617380,28463772.967404384,24401812.326715313,4061.961,3.97284e14,0.3302,-4.65516e6,2.33176e6,-5.84819e-9
1466617410,28446063.005706128,24389349.28380269,4056.714,3.95014e14,0.8998,-4.64114e6,2.33139e6,-5.84725e-9
1466617440,28428334.577542093,24376957.234471887,4051.377,3.88928e14,2.4266,-4.60470e6,2.33096e6,-5.84617e-9
1466617470,28410587.925062187,24364636.59402799,4045.951,3.97298e14,0.3267,-4.65265e6,2.33046e6,-5.84495e-9
1466617500,28392823.29161714,24352387.776533917,4040.436,3.98754e14,0.0385,-4.66006e6,2.32991e6,-5.84357e-9
1466617530,28375040.921758354,24340211.194748893,4034.830,3.93703e14,1.2287,-4.62932e6,2.32930e6,-5.84204e-9
1466617560,28357241.06125209,24328107.260194145,4029.134,3.86312e14,3.0829,-4.58483e6,2.32863e6,-5.84036e-9
1466617590,28339423.95707142,24316076.383026138,4023.348,3.82801e14,3.9637,-4.56289e6,2.32789e6,-5.83852e-9
1466617620,28321589.857403066,24304118.97203672,4017.471,3.96565e14,0.5106,-4.64166e6,2.32710e6,-5.83654e-9
1466617650,28303739.011650465,24292235.434622254,4011.504,3.98475e14,0.0315,-4.65110e6,2.32624e6,-5.83440e-9
1466617680,28285871.67043683,24280426.17675253,4005.445,3.92799e14,1.4556,-4.61616e6,2.32532e6,-5.83210e-9
1466617710,28267988.08560824,24268691.602939565,3999.296,4.03377e14,1.1984,-4.67589e6,2.32434e6,-5.82965e-9
1466617740,28250088.510236595,24257032.116206337,3993.056,4.00861e14,0.5670,-4.65913e6,2.32330e6,-5.82704e-9
1466617770,28232173.19862258,24245448.11805545,3986.725,3.88587e14,2.5122,-4.58543e6,2.32219e6,-5.82427e-9
1466617800,28214242.406298585,24233940.008437734,3980.302,4.01535e14,0.7363,-4.65850e6,2.32102e6,-5.82135e-9
1466617830,28196296.39002926,24222508.185729608,3973.788,4.00564e14,0.4926,-4.65037e6,2.31979e6,-5.81827e-9
1466617860,28178335.407821506,24211153.046674065,3967.182,3.82997e14,3.9145,-4.54563e6,2.31849e6,-5.81502e-9
1466617890,28160359.718920305,24199874.986376736,3960.485,3.92110e14,1.6282,-4.59592e6,2.31713e6,-5.81162e-9
1466617920,28142369.583813686,24188674.398265313,3953.695,4.08404e14,2.4595,-4.68773e6,2.31570e6,-5.80805e-9
1466617950,28124365.26423539,24177551.674057946,3946.814,4.11616e14,3.2653,-4.70337e6,2.31421e6,-5.80432e-9
1466617980,28106347.02316761,24166507.20373159,3939.840,3.97215e14,0.3475,-4.61668e6,2.31266e6,-5.80043e-9
1466618010,28088315.12484362,24155541.37549029,3932.774,3.82082e14,4.1442,-4.52572e6,2.31104e6,-5.79638e-9
1466618040,28070269.83475033,24144654.575733528,3925.615,3.92554e14,1.5169,-4.58308e6,2.30935e6,-5.79215e-9
1466618070,28052211.41963084,24133847.189024467,3918.364,4.05796e14,1.8053,-4.65625e6,2.30760e6,-5.78777e-9
1466618100,28034140.147486966,24123119.598058254,3911.021,3.97250e14,0.3388,-4.60316e6,2.30578e6,-5.78322e-9
1466618130,28016056.287585717,24112472.183642335,3903.584,3.91936e14,1.6721,-4.56869e6,2.30389e6,-5.77850e-9
1466618160,27997960.110449336,24101905.324627772,3896.055,4.00425e14,0.4577,-4.61383e6,2.30194e6,-5.77361e-9
1466618190,27979851.887870003,24091419.3979143,3888.432,4.05408e14,1.7078,-4.63853e6,2.29992e6,-5.76855e-9
1466618220,27961731.892908227,24081014.778406877,3880.717,4.01334e14,0.6859,-4.61085e6,2.29783e6,-5.76333e-9
1466618250,27943600.399895135,24070691.83898407,3872.909,3.93765e14,1.2132,-4.56294e6,2.29567e6,-5.75793e-9
1466618280,27925457.68443475,24060450.950466435,3865.007,3.94396e14,1.0547,-4.56216e6,2.29345e6,-5.75236e-9
1466618310,27907304.023406252,24050292.481585033,3857.012,3.97258e14,0.3369,-4.57404e6,2.29115e6,-5.74662e-9
1466618340,27889139.69496613,24040216.798949774,3848.923,3.90507e14,2.0305,-4.53058e6,2.28879e6,-5.74071e-9
1466618370,27870964.978550278,24030224.26701796,3840.741,3.97531e14,0.2683,-4.56605e6,2.28636e6,-5.73463e-9
1466618400,27852780.154876117,24020315.24806274,3832.465,4.07496e14,2.2318,-4.61815e6,2.28386e6,-5.72837e-9
1466618430,27834585.505943492,24010490.10212371,3824.095,4.03966e14,1.3460,-4.59276e6,2.28129e6,-5.72194e-9
1466618460,27816381.31504002,24000749.187030494,3815.632,3.96394e14,0.5536,-4.54417e6,2.27865e6,-5.71533e-9
1466618490,27798167.866739668,23991092.858316552,3807.075,3.91084e14,1.8858,-4.50846e6,2.27594e6,-5.70854e-9
1466618520,27779945.44690569,23981521.4692053,3798.424,3.95090e14,0.8807,-4.52580e6,2.27316e6,-5.70158e-9
1466618550,27761714.342692386,23972035.37057861,3789.679,4.02881e14,1.0740,-4.56449e6,2.27031e6,-5.69444e-9
1466618580,27743474.84254683,23962634.9109454,3780.840,4.04816e14,1.5594,-4.56963e6,2.26739e6,-5.68713e-9
1466618610,27725227.23621059,23953320.436410237,3771.907,4.06255e14,1.9204,-4.57177e6,2.26439e6,-5.67963e-9
1466618640,27706971.814721256,23944092.290642034,3762.880,3.95767e14,0.7109,-4.50610e6,2.26133e6,-5.67196e-9
1466618670,27688708.870414034,23934950.814842764,3753.758,3.86849e14,2.9481,-4.44934e6,2.25819e6,-5.66410e-9
1466618700,27670438.696923193,23925896.347716305,3744.542,3.93500e14,1.2796,-4.48064e6,2.25498e6,-5.65607e-9
1466618730,27652161.58917919,23916929.22544481,3735.232,3.96677e14,0.4826,-4.49207e6,2.25170e6,-5.64785e-9
1466618760,27633877.843423285,23908049.781635053,3725.828,3.99090e14,0.1228,-4.49899e6,2.24834e6,-5.63945e-9
1466618790,27615587.757195443,23899258.34730977,3716.329,4.02505e14,0.9796,-4.51137e6,2.24492e6,-5.63087e-9
1466618820,27597291.629339844,23890555.250869863,3706.736,4.00778e14,0.5464,-4.49463e6,2.24141e6,-5.62211e-9
1466618850,27578989.760006014,23881940.818063833,3697.049,3.89677e14,2.2387,-4.42516e6,2.23784e6,-5.61316e-9
1466618880,27560682.450649805,23873415.371957302,3687.267,3.75647e14,5.7585,-4.33933e6,2.23419e6,-5.60403e-9
1466618910,27542370.004034452,23864979.232902735,3677.391,3.92400e14,1.5554,-4.42584e6,2.23047e6,-5.59471e-9
1466618940,27524052.724231437,23856632.718509253,3667.420,4.01022e14,0.6076,-4.46647e6,2.22668e6,-5.58521e-9
1466618970,27505730.91662128,23848376.14361264,3657.355,3.95209e14,0.8508,-4.42630e6,2.22281e6,-5.57552e-9
1466619000,27487404.887894418,23840209.820245557,3647.195,4.01583e14,0.7484,-4.45393e6,2.21886e6,-5.56564e-9
1466619030,27469074.94606175,23832134.05761842,3636.941,3.97754e14,0.2124,-4.42460e6,2.21485e6,-5.55558e-9
1466619060,27450741.400424495,23824149.162056815,3626.592,3.95974e14,0.6589,-4.40656e6,2.21075e6,-5.54533e-9
1466619090,27432404.56160584,23816255.4370058,3616.149,3.94020e14,1.1492,-4.38744e6,2.20658e6,-5.53489e-9
1466619120,27414064.741541304,23808453.1829898,3605.612,3.93175e14,1.3611,-4.37434e6,2.20234e6,-5.52426e-9
1466619150,27395722.253479276,23800742.697583705,3594.980,3.90227e14,2.1007,-4.34952e6,2.19802e6,-5.51345e-9
1466619180,27377377.411981344,23793124.275384095,3584.253,3.99138e14,0.1350,-4.38986e6,2.19363e6,-5.50244e-9
1466619210,27359030.53292266,23785598.20798072,3573.432,3.95186e14,0.8565,-4.35922e6,2.18916e6,-5.49124e-9
1466619240,27340681.933492072,23778164.783928037,3562.517,3.98213e14,0.0972,-4.36676e6,2.18461e6,-5.47986e-9
1466619270,27322331.932192292,23770824.288717046,3551.508,4.06309e14,1.9338,-4.40180e6,2.17999e6,-5.46828e-9
1466619300,27303980.848839883,23763577.0047472,3540.404,3.93549e14,1.2674,-4.32269e6,2.17529e6,-5.45651e-9
1466619330,27285629.00454911,23756423.211272188,3529.206,3.94756e14,0.9645,-4.31978e6,2.17051e6,-5.44455e-9
1466619360,27267276.721781652,23749363.184453864,3517.914,3.94879e14,0.9337,-4.31080e6,2.16566e6,-5.43240e-9
1466619390,27248924.324296046,23742397.1972528,3506.527,3.86775e14,2.9667,-4.25707e6,2.16073e6,-5.42005e-9
1466619420,27230572.137163557,23735525.51942735,3495.047,3.85700e14,3.2363,-4.24140e6,2.15572e6,-5.40751e-9
1466619450,27212220.486767612,23728748.417506576,3483.472,3.92053e14,1.6426,-4.26568e6,2.15064e6,-5.39478e-9
1466619480,27193869.70080318,23722066.154763147,3471.804,3.94252e14,1.0908,-4.26728e6,2.14548e6,-5.38185e-9
1466619510,27175520.108276013,23715478.99118669,3460.041,3.90656e14,1.9931,-4.23756e6,2.14024e6,-5.36873e-9
1466619540,27157172.039501872,23708987.183457263,3448.185,3.90622e14,2.0016,-4.22686e6,2.13492e6,-5.35541e-9
1466619570,27138825.826105535,23702590.984919146,3436.235,3.96911e14,0.4239,-4.24978e6,2.12953e6,-5.34190e-9
1466619600,27120481.801019903,23696290.64555491,3424.191,3.96004e14,0.6515,-4.23404e6,2.12405e6,-5.32820e-9
1466619630,27102140.298509955,23690086.411992032,3412.054,3.89618e14,2.2535,-4.18905e6,2.11850e6,-5.31429e-9
1466619660,27083801.65409392,23683978.527377978,3399.823,3.99610e14,0.2532,-4.23089e6,2.11288e6,-5.30020e-9
1466619690,27065466.204620317,23677967.23145493,3387.499,4.01593e14,0.7508,-4.22995e6,2.10717e6,-5.28590e-9
1466619720,27047134.288241237,23672052.760502964,3375.082,3.98043e14,0.1398,-4.19963e6,2.10138e6,-5.27141e-9
1466619750,27028806.244411197,23666235.347315855,3362.571,4.02239e14,0.9128,-4.20998e6,2.09552e6,-5.25673e-9
1466619780,27010482.41388565,23660515.221177075,3349.967,4.01683e14,0.7734,-4.19514e6,2.08958e6,-5.24184e-9
1466619810,26992163.13871951,23654892.60783629,3337.271,4.02328e14,0.9352,-4.18643e6,2.08356e6,-5.22676e-9
1466619840,26973848.76226557,23649367.729486007,3324.481,3.95280e14,0.8331,-4.13745e6,2.07746e6,-5.21148e-9
1466619870,26955539.62917259,23643940.804738596,3311.599,3.94768e14,0.9615,-4.12250e6,2.07128e6,-5.19601e-9
1466619900,26937236.0853836,23638612.048603594,3298.624,4.02824e14,1.0595,-4.15179e6,2.06502e6,-5.18033e-9
1466619930,26918938.47809568,23633381.672438823,3285.557,4.04513e14,1.4833,-4.14778e6,2.05869e6,-5.16446e-9
1466619960,26900647.155875485,23628249.88401014,3272.397,4.03626e14,1.2609,-4.13030e6,2.05227e6,-5.14839e-9
1466619990,26882362.46853866,23623216.887387805,3259.146,3.97857e14,0.1865,-4.08763e6,2.04578e6,-5.13213e-9
1466620020,26864084.767185505,23618282.882951353,3245.802,4.01404e14,0.7033,-4.09265e6,2.03921e6,-5.11566e-9
1466620050,26845814.40419817,23613448.067368273,3232.366,4.03410e14,1.2067,-4.08954e6,2.03255e6,-5.09899e-9
1466620080,26827551.73323771,23608712.63357309,3218.839,3.96293e14,0.5788,-4.03984e6,2.02582e6,-5.08213e-9
1466620110,26809297.10924104,23604076.770746723,3205.220,3.92145e14,1.6195,-4.00525e6,2.01901e6,-5.06507e-9
1466620140,26791050.888417777,23599540.664296202,3191.510,3.94082e14,1.1336,-4.00137e6,2.01212e6,-5.04781e-9
1466620170,26772813.428246956,23595104.49583474,3177.709,3.81306e14,4.3388,-3.92325e6,2.00515e6,-5.03035e-9
1466620200,26754585.08747368,23590768.443162143,3163.817,3.83116e14,3.8847,-3.91855e6,1.99810e6,-5.01269e-9
1466620230,26736366.22615735,23586532.68025829,3149.834,3.92295e14,1.5820,-3.95042e6,1.99098e6,-4.99483e-9
1466620260,26718157.205508407,23582397.377225313,3135.760,3.93169e14,1.3627,-3.94048e6,1.98377e6,-4.97678e-9
1466620290,26699958.38804509,23578362.700308084,3121.596,4.11419e14,3.2160,-4.01651e6,1.97648e6,-4.95852e-9
1466620320,26681770.137537986,23574428.81186365,3107.341,4.01325e14,0.6834,-3.95169e6,1.96912e6,-4.94007e-9
1466620350,26663592.81900651,23570595.870343633,3092.997,3.96012e14,0.6495,-3.91061e6,1.96167e6,-4.92142e-9
1466620380,26645426.79871523,23566864.03027706,3078.563,4.08049e14,2.3705,-3.95464e6,1.95415e6,-4.90257e-9
1466620410,26627272.444170132,23563233.442253597,3064.039,4.10755e14,3.0493,-3.95247e6,1.94654e6,-4.88352e-9
1466620440,26609130.124114618,23559704.25290712,3049.426,4.00271e14,0.4192,-3.88589e6,1.93886e6,-4.86427e-9
1466620470,26591000.20852537,23556276.604899757,3034.724,3.86579e14,3.0159,-3.80401e6,1.93110e6,-4.84482e-9
1466620500,26572883.068608202,23552950.636906378,3019.932,3.98317e14,0.0710,-3.84521e6,1.92326e6,-4.82518e-9
1466620530,26554779.07673374,23549726.4835966,3005.053,4.12215e14,3.4157,-3.89617e6,1.91534e6,-4.80533e-9
1466620560,26536688.606617365,23546604.275628682,2990.084,4.03455e14,1.2178,-3.83799e6,1.90734e6,-4.78529e-9
1466620590,26518612.033129238,23543584.13962668,2975.028,3.91316e14,1.8276,-3.76390e6,1.89926e6,-4.76505e-9
1466620620,26500549.73234889,23540666.19816928,2959.884,4.02732e14,1.0365,-3.80191e6,1.89110e6,-4.74462e-9
1466620650,26482502.08155971,23537850.569776356,2944.652,4.07094e14,2.1309,-3.80597e6,1.88287e6,-4.72398e-9
1466620680,26464469.459243152,23535137.368895926,2929.332,3.90542e14,2.0218,-3.71133e6,1.87456e6,-4.70315e-9
1466620710,26446452.245072942,23532526.70589159,2913.926,3.88227e14,2.6024,-3.68389e6,1.86616e6,-4.68212e-9
1466620740,26428450.819909,23530018.687030293,2898.432,3.87232e14,2.8521,-3.66254e6,1.85769e6,-4.66089e-9
1466620770,26410465.56579129,23527613.414470684,2882.852,3.87886e14,2.6880,-3.64873e6,1.84914e6,-4.63947e-9
1466620800,26392496.8659335,23525310.986251768,2867.186,3.94304e14,1.0778,-3.66135e6,1.84051e6,-4.61785e-9
1466620830,26374545.104774773,23523111.496281706,2851.434,4.03791e14,1.3022,-3.68765e6,1.83181e6,-4.59604e-9
1466620860,26356610.667793803,23521015.03432856,2835.596,4.00466e14,0.4680,-3.65477e6,1.82302e6,-4.57403e-9
1466620890,26338693.941681974,23519021.68600928,2819.672,4.00844e14,0.5628,-3.63873e6,1.81416e6,-4.55182e-9
1466620920,26320795.314278767,23517131.532780476,2803.664,4.01440e14,0.7124,-3.62351e6,1.80522e6,-4.52942e-9
1466620950,26302915.174565203,23515344.65192942,2787.571,3.95528e14,0.7707,-3.57878e6,1.79621e6,-4.50682e-9
1466620980,26285053.912657138,23513661.116565414,2771.393,4.05097e14,1.6298,-3.60358e6,1.78711e6,-4.48403e-9
1466621010,26267211.919798434,23512080.99561164,2755.131,4.06665e14,2.0232,-3.59209e6,1.77794e6,-4.46105e-9
1466621040,26249389.58835401,23510604.353797503,2738.785,4.12729e14,3.5445,-3.60033e6,1.76869e6,-4.43787e-9
1466621070,26231587.311802577,23509231.251651347,2722.356,4.19583e14,5.2641,-3.61162e6,1.75937e6,-4.41450e-9
1466621100,26213805.48472938,23507961.745493695,2705.844,3.99552e14,0.2386,-3.50437e6,1.74996e6,-4.39094e-9
1466621130,26196044.502770122,23506795.8874298,2689.249,3.89856e14,2.1937,-3.44306e6,1.74048e6,-4.36719e-9
1466621160,26178304.762752846,23505733.725347426,2672.571,3.97130e14,0.3689,-3.45576e6,1.73093e6,-4.34324e-9
1466621190,26160586.6625401,23504775.302907716,2655.811,4.04724e14,1.5362,-3.46934e6,1.72130e6,-4.31910e-9
1466621220,26142890.60106897,23503920.659541477,2638.970,4.07349e14,2.1949,-3.46106e6,1.71159e6,-4.29478e-9
1466621250,26125216.978342444,23503169.83044475,2622.047,4.02341e14,0.9385,-3.41991e6,1.70181e6,-4.27026e-9
1466621280,26107566.195420552,23502522.846574817,2605.043,3.88261e14,2.5941,-3.34033e6,1.69195e6,-4.24555e-9
1466621310,26089938.654411368,23501979.734646723,2587.959,3.75398e14,5.8210,-3.26644e6,1.68201e6,-4.22066e-9
1466621340,26072334.758461755,23501540.51713018,2570.794,3.90007e14,2.1558,-3.30831e6,1.67200e6,-4.19557e-9
1466621370,26054754.911747962,23501205.21224706,2553.550,3.99258e14,0.1649,-3.32694e6,1.66192e6,-4.17030e-9
1466621400,26037199.51946604,23500973.833969288,2536.226,3.85984e14,3.1652,-3.25160e6,1.65176e6,-4.14484e-9
1466621430,26019668.987859447,23500846.39201771,2518.823,3.93316e14,1.3257,-3.26167e6,1.64153e6,-4.11919e-9
1466621460,26002163.724094085,23500822.891859453,2501.341,4.13109e14,3.6399,-3.32223e6,1.63122e6,-4.09336e-9
1466621490,25984684.136363383,23500903.33470887,2483.781,4.11172e14,3.1540,-3.29322e6,1.62084e6,-4.06735e-9
1466621520,25967230.633841038,23501087.717526827,2466.143,4.10011e14,2.8628,-3.26731e6,1.61039e6,-4.04115e-9
1466621550,25949803.626670837,23501376.03302102,2448.428,4.09631e14,2.7672,-3.24443e6,1.59986e6,-4.01476e-9
1466621580,25932403.52595634,23501768.269646753,2430.635,3.94917e14,0.9242,-3.16427e6,1.58926e6,-3.98820e-9
1466621610,25915030.743750323,23502264.411608163,2412.766,3.91995e14,1.6572,-3.13146e6,1.57859e6,-3.96145e-9
1466621640,25897685.693044096,23502864.43886004,2394.821,3.97420e14,0.2962,-3.13150e6,1.56784e6,-3.93452e-9
1466621670,25880368.78775656,23503568.327109955,2376.800,4.04634e14,1.5136,-3.13810e6,1.55703e6,-3.90741e-9
1466621700,25863080.442723107,23504376.04782096,2358.704,4.00301e14,0.4267,-3.09935e6,1.54614e6,-3.88011e-9
1466621730,25845821.073657397,23505287.568216123,2340.534,3.98776e14,0.0441,-3.07152e6,1.53518e6,-3.85264e-9
1466621760,25828591.097222842,23506302.851278022,2322.288,4.07698e14,2.2823,-3.08359e6,1.52415e6,-3.82500e-9
1466621790,25811390.930937864,23507421.85575693,2303.969,4.00122e14,0.3818,-3.03238e6,1.51305e6,-3.79717e-9
1466621820,25794220.993190594,23508644.536174096,2285.576,3.95435e14,0.7942,-2.99234e6,1.50188e6,-3.76917e-9
1466621850,25777081.703226544,23509970.84282679,2267.111,4.09040e14,2.6191,-3.02085e6,1.49064e6,-3.74099e-9
1466621880,25759973.481135987,23511400.72179382,2248.573,4.22893e14,6.0945,-3.04938e6,1.47933e6,-3.71264e-9
1466621910,25742896.747841343,23512934.11494153,2229.963,4.03820e14,1.3094,-2.95566e6,1.46795e6,-3.68412e-9
1466621940,25725851.9250841,23514570.959930237,2211.281,3.91074e14,1.8882,-2.88604e6,1.45650e6,-3.65542e-9
1466621970,25708839.435411647,23516311.190221153,2192.528,3.89542e14,2.2726,-2.85767e6,1.44498e6,-3.62655e-9
1466622000,25691859.70216394,23518154.735083733,2173.705,3.70701e14,6.9993,-2.76700e6,1.43339e6,-3.59751e-9
1466622030,25674913.149475608,23520101.5195951,2154.812,3.77289e14,5.3466,-2.76802e6,1.42174e6,-3.56830e-9
1466622060,25658000.202213805,23522151.464674305,2135.849,4.10688e14,3.0326,-2.86342e6,1.41002e6,-3.53892e-9
1466622090,25641121.286012527,23524304.487065066,2116.817,4.07224e14,2.1636,-2.82734e6,1.39824e6,-3.50937e-9
1466622120,25624276.827242956,23526560.49935328,2097.716,3.88364e14,2.5681,-2.73776e6,1.38638e6,-3.47966e-9
1466622150,25607467.2529992,23528919.409976657,2078.548,3.88920e14,2.4285,-2.71615e6,1.37446e6,-3.44978e-9
1466622180,25590692.99108381,23531381.123234745,2059.312,3.89867e14,2.1909,-2.69572e6,1.36248e6,-3.41974e-9
1466622210,25573954.469993208,23533945.539299425,2040.009,3.87865e14,2.6933,-2.66511e6,1.35043e6,-3.38953e-9
1466622240,25557252.11890269,23536612.55422589,2020.640,3.99922e14,0.3314,-2.68172e6,1.33831e6,-3.35916e-9
1466622270,25540586.367651522,23539382.059964035,2001.204,4.04144e14,1.3907,-2.67138e6,1.32614e6,-3.32863e-9
1466627850,23537850.569776356,25550202.14606106,2012.352,3.99254e14,0.1640,2.67010e6,-1.33415e6,3.34613e-9
1466627880,23535137.368895926,25566892.768155217,2031.755,3.95532e14,0.7698,2.68182e6,-1.34627e6,3.37658e-9
1466627910,23532526.70589159,25583619.761284925,2051.093,3.95469e14,0.7857,2.70564e6,-1.35833e6,3.40686e-9
1466627940,23530018.687030293,25600382.695611775,2070.364,3.87335e14,2.8263,2.70160e6,-1.37033e6,3.43699e-9
1466627970,23527613.414470684,25617181.141969956,2089.568,3.80754e14,4.4773,2.70232e6,-1.38226e6,3.46695e-9
1466628000,23525310.986251768,25634014.67188131,2108.704,4.01979e14,0.8477,2.79975e6,-1.39413e6,3.49674e-9
1466628030,23523111.496281706,25650882.857578933,2127.771,4.11880e14,3.3315,2.85837e6,-1.40593e6,3.52637e-9
1466628060,23521015.03432856,25667785.27199468,2146.770,4.03852e14,1.3174,2.85369e6,-1.41766e6,3.55583e-9
1466628090,23519021.68600928,25684721.48880111,2165.700,4.06455e14,1.9705,2.88652e6,-1.42933e6,3.58512e-9
1466628120,23517131.532780476,25701691.08241679,2184.560,4.06820e14,2.0621,2.91127e6,-1.44092e6,3.61425e-9
1466628150,23515344.65192942,25718693.628020428,2203.349,4.09642e14,2.7702,2.94486e6,-1.45245e6,3.64320e-9
1466628180,23513661.116565414,25735728.70156469,2222.068,4.14648e14,4.0260,2.98650e6,-1.46392e6,3.67198e-9
1466628210,23512080.99561164,25752795.879789937,2240.715,4.06641e14,2.0171,2.98012e6,-1.47531e6,3.70059e-9
1466628240,23510604.353797503,25769894.740237612,2259.290,4.18623e14,5.0232,3.04769e6,-1.48663e6,3.72903e-9
1466628270,23509231.251651347,25787024.861263465,2277.794,4.21065e14,5.6359,3.07995e6,-1.49789e6,3.75729e-9
1466628300,23507961.745493695,25804185.822050568,2296.224,4.09547e14,2.7463,3.05936e6,-1.50907e6,3.78538e-9
1466628330,23506795.8874298,25821377.20259926,2314.581,4.15486e14,4.2362,3.10456e6,-1.52019e6,3.81329e-9
1466628360,23505733.725347426,25838598.58381025,2332.865,4.05210e14,1.6582,3.08766e6,-1.53123e6,3.84102e-9
1466628390,23504775.302907716,25855849.547426153,2351.074,4.07542e14,2.2431,3.11881e6,-1.54221e6,3.86858e-9
1466628420,23503920.659541477,25873129.676066402,2369.209,4.16208e14,4.4172,3.17464e6,-1.55311e6,3.89596e-9
1466628450,23503169.83044475,25890438.553239048,2387.269,4.01501e14,0.7278,3.13909e6,-1.56394e6,3.92315e-9
1466628480,23502522.846574817,25907775.76335234,2405.253,3.84126e14,3.6312,3.09207e6,-1.57470e6,3.95017e-9
1466628510,23501979.734646723,25925140.89172614,2423.161,3.78632e14,5.0097,3.09121e6,-1.58539e6,3.97701e-9
1466628540,23501540.51713018,25942533.52460311,2440.993,3.95505e14,0.7766,3.17947e6,-1.59600e6,4.00367e-9
1466628570,23501205.21224706,25959953.24915979,2458.748,4.07881e14,2.3282,3.25036e6,-1.60654e6,4.03014e-9
1466628600,23500973.833969288,25977399.653517373,2476.426,4.01784e14,0.7987,3.24682e6,-1.61701e6,4.05643e-9
1466628630,23500846.39201771,25994872.326785658,2494.026,4.06348e14,1.9436,3.28633e6,-1.62741e6,4.08253e-9
1466628660,23500822.891859453,26012370.858971115,2511.548,4.14623e14,4.0198,3.34119e6,-1.63773e6,4.10845e-9
1466628690,23500903.33470887,26029894.84108998,2528.992,4.11586e14,3.2578,3.34955e6,-1.64798e6,4.13419e-9
1466628720,23501087.717526827,26047443.865145393,2546.356,4.03877e14,1.3237,3.33817e6,-1.65815e6,4.15974e-9
1466628750,23501376.03302102,26065017.524137665,2563.641,3.97879e14,0.1809,3.33341e6,-1.66825e6,4.18510e-9
1466628780,23501768.269646753,26082615.412074327,2580.847,3.97504e14,0.2752,3.35187e6,-1.67827e6,4.21028e-9
1466628810,23502264.411608163,26100237.12398005,2597.973,3.92057e14,1.6416,3.34869e6,-1.68822e6,4.23526e-9
1466628840,23502864.43886004,26117882.25590634,2615.018,3.97504e14,0.2750,3.39149e6,-1.69810e6,4.26006e-9
1466628870,23503568.327109955,26135550.404941063,2631.982,4.18148e14,4.9041,3.49952e6,-1.70790e6,4.28467e-9
1466628900,23504376.04782096,26153241.169217806,2648.865,4.11114e14,3.1393,3.48915e6,-1.71762e6,4.30909e-9
1466628930,23505287.568216123,26170954.147898898,2665.667,3.98655e14,0.0137,3.45477e6,-1.72727e6,4.33332e-9
1466628960,23506302.851278022,26188688.941264916,2682.386,3.90945e14,1.9207,3.44032e6,-1.73684e6,4.35736e-9
1466628990,23507421.85575693,26206445.15064264,2699.023,3.98567e14,0.0085,3.49254e6,-1.74633e6,4.38120e-9
1466629020,23508644.536174096,26224222.378439564,2715.578,4.09633e14,2.7678,3.56013e6,-1.75575e6,4.40486e-9
1466629050,23509970.84282679,26242020.22815208,2732.049,4.11997e14,3.3608,3.58955e6,-1.76510e6,4.42832e-9
1466629080,23511400.72179382,26259838.304373495,2748.438,4.15706e14,4.2914,3.62491e6,-1.77436e6,4.45159e-9
1466629110,23512934.11494153,26277676.212801814,2764.742,3.97196e14,0.3523,3.56087e6,-1.78355e6,4.47467e-9
1466629140,23514570.959930237,26295533.56024736,2780.963,3.96747e14,0.4649,3.57705e6,-1.79266e6,4.49755e-9
1466629170,23516311.190221153,26313409.95464019,2797.099,4.04448e14,1.4670,3.62990e6,-1.80170e6,4.52024e-9
1466629200,23518154.735083733,26331305.005037375,2813.150,3.85792e14,3.2133,3.56320e6,-1.81065e6,4.54273e-9
1466629230,23520101.5195951,26349218.32163273,2829.117,3.83079e14,3.8940,3.56830e6,-1.81953e6,4.56503e-9
1466629260,23522151.464674305,26367149.515755422,2844.998,4.15512e14,4.2426,3.73434e6,-1.82833e6,4.58714e-9
1466629290,23524304.487065066,26385098.19988517,2860.794,4.09965e14,2.8511,3.72660e6,-1.83705e6,4.60905e-9
1466629320,23526560.49935328,26403063.987656146,2876.503,3.77872e14,5.2004,3.59553e6,-1.84570e6,4.63076e-9
1466629350,23528919.409976657,26421046.49386337,2892.127,3.73688e14,6.2499,3.59277e6,-1.85427e6,4.65227e-9
1466629380,23531381.123234745,26439045.334468994,2907.664,3.87471e14,2.7920,3.67364e6,-1.86276e6,4.67359e-9
1466629410,23533945.539299425,26457060.126608517,2923.115,3.95862e14,0.6871,3.72963e6,-1.87117e6,4.69472e-9
1466629440,23536612.55422589,26475090.48859679,2938.478,3.90591e14,2.0093,3.72139e6,-1.87950e6,4.71564e-9
1466629470,23539382.059964035,26493136.039933804,2953.754,3.89165e14,2.3672,3.73098e6,-1.88775e6,4.73637e-9
1466629500,23542253.94437026,26511196.40131053,2968.942,3.99883e14,0.3218,3.79813e6,-1.89593e6,4.75690e-9
1466629530,23545228.09123811,26529271.194634385,2984.043,4.04195e14,1.4036,3.83496e6,-1.90402e6,4.77724e-9
1466629560,23548304.38025466,26547360.042973313,2999.056,3.89493e14,2.2849,3.78058e6,-1.91204e6,4.79737e-9
1466629590,23551482.687070146,26565462.57062249,3013.980,3.83125e14,3.8825,3.76561e6,-1.91998e6,4.81731e-9
1466629620,23554762.883293428,26583578.403089836,3028.816,3.90341e14,2.0721,3.81594e6,-1.92784e6,4.83705e-9
1466629650,23558144.836506207,26601707.16710123,3043.562,3.91308e14,1.8294,3.83604e6,-1.93562e6,4.85659e-9
1466629680,23561628.410277557,26619848.49060551,3058.220,3.92366e14,1.5641,3.85647e6,-1.94332e6,4.87593e-9
1466629710,23565213.464178976,26638002.002779488,3072.789,3.93641e14,1.2442,3.87784e6,-1.95094e6,4.89508e-9
1466629740,23568899.853799794,26656167.334032644,3087.267,3.98457e14,0.0359,3.91651e6,-1.95848e6,4.91402e-9
1466629770,23572687.430762984,26674344.116011787,3101.657,4.01965e14,0.8440,3.94875e6,-1.96595e6,4.93277e-9
1466629800,23576576.04274137,26692531.98160554,3115.956,4.01888e14,0.8248,3.96321e6,-1.97333e6,4.95132e-9
1466629830,23580565.533448797,26710730.564921938,3130.165,4.04717e14,1.5345,3.99194e6,-1.98064e6,4.96967e-9
1466629860,23584655.74273559,26728939.501374967,3144.284,3.98877e14,0.0693,3.97739e6,-1.98786e6,4.98782e-9
1466629890,23588846.506527193,26747158.427606188,3158.312,3.93333e14,1.3215,3.96394e6,-1.99501e6,5.00577e-9
1466629920,23593137.65686722,26765386.98151502,3172.249,3.88267e14,2.5925,3.95254e6,-2.00208e6,5.02352e-9
1466629950,23597529.02193538,26783624.802262332,3186.096,3.97335e14,0.3175,4.01206e6,-2.00907e6,5.04107e-9
1466629980,23602020.426065765,26801871.5302738,3199.851,4.07634e14,2.2664,4.07796e6,-2.01597e6,5.05843e-9
1466630010,23606611.689765554,26820126.807243187,3213.515,3.95473e14,0.7846,4.03006e6,-2.02280e6,5.07558e-9
1466630040,23611302.629734043,26838390.27613545,3227.088,3.94665e14,0.9874,4.03940e6,-2.02956e6,5.09254e-9
1466630070,23616093.058882076,26856661.5811897,3240.569,4.17330e14,4.6988,4.16849e6,-2.03623e6,5.10930e-9
1466630100,23620982.7863518,26874940.367922097,3253.958,4.01403e14,0.7030,4.10035e6,-2.04282e6,5.12586e-9
1466630130,23625971.61755763,26893226.283147376,3267.255,3.82307e14,4.0878,4.01524e6,-2.04933e6,5.14222e-9
1466630160,23631059.35414256,26911518.9749235,3280.460,3.94820e14,0.9486,4.09240e6,-2.05577e6,5.15838e-9
1466630190,23636245.79406354,26929818.092612185,3293.572,3.95849e14,0.6903,4.11038e6,-2.06212e6,5.17434e-9
1466630220,23641530.731591977,26948123.286862716,3306.593,3.98845e14,0.0615,4.13845e6,-2.06840e6,5.19011e-9
1466630250,23646913.95733544,26966434.209614273,3319.520,3.98242e14,0.0900,4.14772e6,-2.07460e6,5.20568e-9
1466630280,23652395.25825972,26984750.514098305,3332.355,3.95846e14,0.6911,4.14745e6,-2.08072e6,5.22105e-9
1466630310,23657974.41771133,27003071.85484072,3345.097,3.98140e14,0.1154,4.17151e6,-2.08676e6,5.23622e-9
1466630340,23663651.215440124,27021397.887663938,3357.747,4.02923e14,1.0845,4.20855e6,-2.09272e6,5.25120e-9
1466630370,23669425.427622493,27039728.26968894,3370.303,4.08795e14,2.5576,4.25131e6,-2.09861e6,5.26598e-9
1466630400,23675296.82688465,27058062.65933708,3382.766,3.99413e14,0.2037,4.21353e6,-2.10441e6,5.28056e-9
1466630430,23681265.182321068,27076400.71632283,3395.136,3.89179e14,2.3637,4.17082e6,-2.11014e6,5.29494e-9
1466630460,23687330.25953507,27094742.101683468,3407.412,3.92480e14,1.5354,4.19952e6,-2.11579e6,5.30913e-9
1466630490,23693491.820646208,27113086.477752514,3419.595,3.98592e14,0.0021,4.24311e6,-2.12136e6,5.32312e-9
1466630520,23699749.62432029,27131433.508170195,3431.684,3.94899e14,0.9285,4.23440e6,-2.12685e6,5.33692e-9
1466630550,23706103.425794285,27149782.85788478,3443.679,3.96553e14,0.5137,4.25403e6,-2.13226e6,5.35052e-9
1466630580,23712552.97690137,27168134.19315375,3455.581,3.94866e14,0.9368,4.25564e6,-2.13760e6,5.36393e-9
1466630610,23719098.02609636,27186487.181544915,3467.389,3.96664e14,0.4857,4.27578e6,-2.14286e6,5.37714e-9
1466630640,23725738.31848129,27204841.49193735,3479.103,4.02605e14,1.0048,4.31815e6,-2.14804e6,5.39016e-9
1466630670,23732473.595831342,27223196.79452236,3490.723,4.03514e14,1.2327,4.33333e6,-2.15315e6,5.40298e-9
1466630700,23739303.596621,27241552.76080419,3502.249,4.01014e14,0.6054,4.32991e6,-2.15818e6,5.41561e-9
1466630730,23746228.056037903,27259909.063610245,3513.681,3.93712e14,1.2264,4.30021e6,-2.16313e6,5.42804e-9
1466630760,23753246.706047777,27278265.377062447,3525.019,3.94268e14,1.0868,4.31293e6,-2.16800e6,5.44029e-9
1466630790,23760359.275383342,27296621.37660715,3536.262,4.00366e14,0.4430,4.35573e6,-2.17280e6,5.45234e-9
1466630820,23767565.489583474,27314976.73900609,3547.411,4.03830e14,1.3120,4.38412e6,-2.17752e6,5.46419e-9
1466630850,23774865.071020413,27333331.142336737,3558.466,4.04788e14,1.5522,4.39872e6,-2.18216e6,5.47586e-9
1466630880,23782257.738927208,27351684.2659926,3569.427,4.11343e14,3.1967,4.44390e6,-2.18673e6,5.48733e-9
1466630910,23789743.20942544,27370035.790683422,3580.293,4.15773e14,4.3082,4.47740e6,-2.19122e6,5.49862e-9
1466630940,23797321.19555295,27388385.398435242,3591.064,4.07634e14,2.2663,4.44158e6,-2.19564e6,5.50971e-9
1466630970,23804991.407292064,27406732.77259042,3601.741,3.96505e14,0.5257,4.38893e6,-2.19998e6,5.52061e-9
1466631000,23812753.551597755,27425077.597807482,3612.324,3.99095e14,0.1241,4.41177e6,-2.20425e6,5.53133e-9
1466631030,23820607.33244771,27443419.560040005,3622.812,3.98880e14,0.0701,4.41897e6,-2.20844e6,5.54185e-9
1466631060,23828552.45080497,27461758.346601054,3633.206,3.96928e14,0.4195,4.41637e6,-2.21255e6,5.55219e-9
1466631090,23836588.60471257,27480093.646097712,3643.505,3.98056e14,0.1365,4.43071e6,-2.21659e6,5.56233e-9
1466631120,23844715.489301573,27498425.14845157,3653.710,4.01839e14,0.8125,4.45972e6,-2.22056e6,5.57229e-9
1466631150,23852932.796820536,27516752.544898007,3663.820,4.06795e14,2.0557,4.49520e6,-2.22445e6,5.58207e-9
1466631180,23861240.216665044,27535075.52798543,3673.835,4.06075e14,1.8753,4.49890e6,-2.22826e6,5.59166e-9
1466631210,23869637.435407538,27553393.79157445,3683.756,3.99210e14,0.1530,4.46801e6,-2.23201e6,5.60106e-9
1466631240,23878124.136827216,27571707.03083693,3693.583,4.02308e14,0.9302,4.49273e6,-2.23568e6,5.61027e-9
