Timestamp,R_A,R_B,Delta_H_km,GM,Error_Pct,Term_Time,Term_Kinetic,Term_Potential
1457828430,23760658.50577399,27179222.81100178,3418.564,3.85808e14,3.2094,4.15182e6,-2.10952e6,5.29356e-9
1457828460,23767161.759853773,27197375.339022644,3430.214,3.89357e14,2.3191,4.18088e6,-2.11472e6,5.30661e-9
1457828490,23773758.789140984,27215529.272607073,3441.770,3.96551e14,0.5140,4.22927e6,-2.11983e6,5.31946e-9
1457828520,23780449.339584854,27233684.2858175,3453.235,3.98723e14,0.0307,4.25091e6,-2.12487e6,5.33212e-9
1457828550,23787233.15391678,27251840.05399665,3464.607,4.06175e14,1.9003,4.30067e6,-2.12983e6,5.34459e-9
1457828580,23794109.97167595,27269996.253768254,3475.886,4.03393e14,1.2022,4.29564e6,-2.13472e6,5.35687e-9
1457828610,23801079.529235173,27288152.563037757,3487.073,3.93556e14,1.2656,4.25252e6,-2.13953e6,5.36896e-9
1457828640,23808141.559826963,27306308.660992786,3498.167,3.96161e14,0.6119,4.27596e6,-2.14427e6,5.38086e-9
1457828670,23815295.79356985,27324464.228103664,3509.168,4.02172e14,0.8961,4.31768e6,-2.14894e6,5.39258e-9
1457828700,23822541.957494944,27342618.946123704,3520.077,4.04718e14,1.5347,4.34066e6,-2.15352e6,5.40411e-9
1457828730,23829879.77557618,27360772.498111,3530.893,3.96822e14,0.4462,4.30700e6,-2.15804e6,5.41545e-9
1457828760,23837308.968746465,27378924.56836248,3541.616,4.03439e14,1.2140,4.35178e6,-2.16248e6,5.42660e-9
1457828790,23844829.25493581,27397074.842480432,3552.246,4.04628e14,1.5121,4.36703e6,-2.16684e6,5.43757e-9
1457828820,23852440.349095188,27415223.00735117,3562.783,3.95265e14,0.8367,4.32467e6,-2.17113e6,5.44835e-9
1457828850,23860141.963224094,27433368.75114524,3573.227,3.98458e14,0.0358,4.35050e6,-2.17535e6,5.45894e-9
1457828880,23867933.806398362,27451511.763317388,3583.578,4.06762e14,2.0475,4.40421e6,-2.17949e6,5.46935e-9
1457828910,23875815.584798075,27469651.734606564,3593.836,4.00177e14,0.3956,4.37636e6,-2.18356e6,5.47958e-9
1457828940,23883787.001735725,27487788.35703584,3604.001,3.91658e14,1.7417,4.33761e6,-2.18756e6,5.48962e-9
1457828970,23891847.75768444,27505921.323912125,3614.074,4.02320e14,0.9332,4.40403e6,-2.19148e6,5.49947e-9
1457829000,23899997.55030646,27524050.329825956,3624.053,3.91878e14,1.6865,4.35424e6,-2.19533e6,5.50915e-9
1457829030,23908236.074465174,27542175.070625447,3633.939,3.88532e14,2.5260,4.34327e6,-2.19911e6,5.51864e-9
1457829060,23916563.022304934,27560295.2434949,3643.732,4.03492e14,1.2272,4.43330e6,-2.20281e6,5.52795e-9
1457829090,23924978.083228532,27578410.546874944,3653.432,4.08486e14,2.4800,4.46826e6,-2.20645e6,5.53707e-9
1457829120,23933480.943942804,27596520.680487387,3663.040,3.94309e14,1.0767,4.39685e6,-2.21001e6,5.54602e-9
1457829150,23942071.288487554,27614625.345334318,3672.554,3.87249e14,2.8477,4.36458e6,-2.21349e6,5.55479e-9
1457829180,23950748.798264783,27632724.24369714,3681.975,3.94464e14,1.0379,4.41146e6,-2.21691e6,5.56337e-9
1457829210,23959513.15206797,27650817.079135567,3691.304,3.88022e14,2.6538,4.38223e6,-2.22026e6,5.57178e-9
1457829240,23968364.026111405,27668903.55648646,3700.540,3.89635e14,2.2493,4.39770e6,-2.22353e6,5.58001e-9
1457829270,23977301.094059825,27686983.381862663,3709.682,4.06792e14,2.0550,4.49991e6,-2.22674e6,5.58806e-9
1457829300,23986324.027057976,27705056.262651827,3718.732,4.01645e14,0.7639,4.47745e6,-2.22987e6,5.59593e-9
1457829330,23995432.493786935,27723121.90754679,3727.689,3.97829e14,0.1937,4.46221e6,-2.23293e6,5.60362e-9
1457829360,24004626.16041211,27741180.026446495,3736.554,4.07458e14,2.2222,4.52223e6,-2.23592e6,5.61114e-9
1457829390,24013904.690695547,27759230.330552675,3745.326,3.94774e14,0.9601,4.45688e6,-2.23885e6,5.61849e-9
1457829420,24023267.745999496,27777272.532336846,3754.005,4.03093e14,1.1271,4.50936e6,-2.24170e6,5.62566e-9
1457829450,24032714.98531678,27795306.345539108,3762.591,4.08972e14,2.6019,4.54808e6,-2.24448e6,5.63265e-9
1457829480,24042246.06530122,27813331.485166814,3771.085,3.95069e14,0.8859,4.47518e6,-2.24720e6,5.63947e-9
1457829510,24051860.640298173,27831347.667493265,3779.487,3.98394e14,0.0518,4.49922e6,-2.24984e6,5.64612e-9
1457829540,24061558.362375062,27849354.610056207,3787.796,4.06944e14,2.0933,4.55271e6,-2.25242e6,5.65259e-9
1457829570,24071338.881352026,27867352.031656384,3796.013,4.05995e14,1.8551,4.55241e6,-2.25493e6,5.65890e-9
1457829600,24081201.84483252,27885339.652355973,3804.138,3.98196e14,0.1015,4.51316e6,-2.25737e6,5.66503e-9
1457829630,24091146.898203142,27903317.193439737,3812.170,3.97202e14,0.3509,4.51227e6,-2.25974e6,5.67099e-9
1457829660,24101173.68475988,27921284.377528124,3820.111,4.08907e14,2.5857,4.58333e6,-2.26205e6,5.67678e-9
1457829690,24111281.845642824,27939240.928460438,3827.959,4.18232e14,4.9252,4.64085e6,-2.26429e6,5.68241e-9
1457829720,24121471.019897755,27957186.57132994,3835.716,4.07549e14,2.2451,4.58454e6,-2.26646e6,5.68786e-9
1457829750,24131740.84450683,27975121.032481715,3843.380,3.98731e14,0.0327,4.53860e6,-2.26856e6,5.69315e-9
1457829780,24142090.954419073,27993044.039510418,3850.953,3.92804e14,1.4542,4.50890e6,-2.27060e6,5.69827e-9
1457829810,24152520.982581053,28010955.321258064,3858.434,3.90226e14,2.1010,4.49812e6,-2.27257e6,5.70323e-9
1457829840,24163030.559967417,28028854.607811645,3865.824,3.93344e14,1.3188,4.51969e6,-2.27448e6,5.70802e-9
1457829870,24173619.31561158,28046741.630500775,3873.122,3.97316e14,0.3222,4.54604e6,-2.27632e6,5.71264e-9
1457829900,24184286.87663638,28064616.121895306,3880.329,4.02247e14,0.9147,4.57778e6,-2.27809e6,5.71711e-9
1457829930,24195032.8683157,28082477.815841265,3887.445,4.03918e14,1.3341,4.59078e6,-2.27981e6,5.72140e-9
1457829960,24205856.914009396,28100326.447340026,3894.470,4.13723e14,3.7940,4.65024e6,-2.28145e6,5.72554e-9
1457829990,24216758.63529023,28118161.75266453,3901.403,4.08697e14,2.5329,4.62467e6,-2.28303e6,5.72952e-9
1457830020,24227737.651943594,28135983.469318643,3908.246,3.89699e14,2.2331,4.51883e6,-2.28455e6,5.73333e-9
1457830050,24238793.58199835,28153791.336034838,3914.998,3.96798e14,0.4523,4.56243e6,-2.28601e6,5.73698e-9
1457830080,24249926.041757707,28171585.092771932,3921.659,4.09082e14,2.6296,4.63572e6,-2.28740e6,5.74048e-9
1457830110,24261134.645830132,28189364.480712745,3928.230,4.05553e14,1.7443,4.61815e6,-2.28872e6,5.74382e-9
1457830140,24272419.007160086,28207129.242261693,3934.710,4.02058e14,0.8673,4.60061e6,-2.28999e6,5.74699e-9
1457830170,24283778.73705883,28224879.121042408,3941.100,3.89268e14,2.3412,4.52949e6,-2.29119e6,5.75002e-9
1457830200,24295213.445235122,28242613.86189521,3947.400,3.86035e14,3.1525,4.51314e6,-2.29233e6,5.75288e-9
1457830230,24306722.739803694,28260333.210841313,3953.610,3.89908e14,2.1807,4.53757e6,-2.29341e6,5.75559e-9
1457830260,24318306.22738443,28278036.915183175,3959.731,3.98588e14,0.0030,4.58956e6,-2.29443e6,5.75815e-9
1457830290,24329963.513063896,28295724.723398548,3965.761,3.99855e14,0.3148,4.59877e6,-2.29539e6,5.76055e-9
1457830320,24341694.200448003,28313396.385171015,3971.702,3.97922e14,0.1703,4.58942e6,-2.29628e6,5.76280e-9
1457830350,24353497.891692188,28331051.65138701,3977.554,4.05013e14,1.6088,4.63198e6,-2.29712e6,5.76490e-9
1457830380,24365374.187531535,28348690.27413293,3983.316,4.03591e14,1.2519,4.62534e6,-2.29789e6,5.76685e-9
1457830410,24377322.68731085,28366312.006691992,3988.989,4.06610e14,2.0093,4.64419e6,-2.29861e6,5.76865e-9
1457830440,24389342.989014547,28383916.603541195,3994.574,4.06722e14,2.0375,4.64617e6,-2.29926e6,5.77029e-9
1457830470,24401434.689296544,28401503.820348274,4000.069,4.11075e14,3.1295,4.67249e6,-2.29986e6,5.77179e-9
1457830500,24413597.383510053,28419073.413968485,4005.476,3.95224e14,0.8471,4.58208e6,-2.30039e6,5.77314e-9
1457830530,24425830.66574019,28436625.142467234,4010.794,3.85214e14,3.3582,4.52524e6,-2.30087e6,5.77435e-9
1457830560,24438134.128824227,28454158.76503743,4016.025,3.95555e14,0.7640,4.58579e6,-2.30129e6,5.77541e-9
1457830590,24450507.364390742,28471674.04207615,4021.167,3.85098e14,3.3876,4.52610e6,-2.30166e6,5.77632e-9
1457830620,24462949.96288579,28489170.735155717,4026.221,3.84140e14,3.6277,4.52118e6,-2.30196e6,5.77709e-9
1457830650,24475461.51360231,28506648.607020665,4031.187,3.94235e14,1.0952,4.57999e6,-2.30221e6,5.77771e-9
1457830680,24488041.604709283,28524107.421584643,4036.066,4.01328e14,0.6843,4.62136e6,-2.30240e6,5.77819e-9
1457830710,24500689.82328094,28541546.94392739,4040.857,4.00117e14,0.3806,4.61463e6,-2.30254e6,5.77853e-9
1457830740,24513405.755325723,28558966.94029154,4045.561,3.96968e14,0.4095,4.59659e6,-2.30262e6,5.77873e-9
1457830770,24526188.9858152,28576367.178079527,4050.178,3.88189e14,2.6121,4.54590e6,-2.30264e6,5.77879e-9
1457830800,24539039.098712936,28593747.425850376,4054.708,3.81962e14,4.1742,4.50986e6,-2.30261e6,5.77871e-9
1457830830,24551955.677022018,28611107.45329484,4059.152,3.89549e14,2.2708,4.55353e6,-2.30252e6,5.77849e-9
1457830860,24564938.30275565,28628447.031299155,4063.509,3.93001e14,1.4047,4.57319e6,-2.30238e6,5.77814e-9
1457830890,24577986.55702357,28645765.931874476,4067.779,3.91147e14,1.8700,4.56209e6,-2.30218e6,5.77764e-9
1457830920,24591100.020041835,28663063.928175185,4071.964,3.86095e14,3.1374,4.53241e6,-2.30193e6,5.77701e-9
1457830950,24604278.271161202,28680340.794495486,4076.063,3.98136e14,0.1166,4.60136e6,-2.30163e6,5.77625e-9
1457830980,24617520.888895318,28697596.306265876,4080.075,4.05649e14,1.7684,4.64403e6,-2.30127e6,5.77535e-9
1457831010,24630827.45094882,28714830.24004967,4084.003,3.99525e14,0.2321,4.60785e6,-2.30086e6,5.77432e-9
1457831040,24644197.534245323,28732042.373539414,4087.845,3.99499e14,0.2255,4.60677e6,-2.30039e6,5.77316e-9
1457831070,24657630.71495514,28749232.48555343,4091.602,3.98495e14,0.0266,4.59993e6,-2.29988e6,5.77186e-9
1457831100,24671126.56852291,28766400.356032178,4095.274,3.95787e14,0.7059,4.58317e6,-2.29931e6,5.77043e-9
1457831130,24684684.669668276,28783545.76605788,4098.861,3.95160e14,0.8631,4.57832e6,-2.29869e6,5.76888e-9
1457831160,24698304.592495758,28800668.49777963,4102.364,4.04966e14,1.5970,4.63354e6,-2.29802e6,5.76719e-9
1457831190,24711985.910439238,28817768.334481366,4105.782,3.97558e14,0.2615,4.58937e6,-2.29730e6,5.76538e-9
1457831220,24725728.19631533,28834845.06055538,4109.117,3.87421e14,2.8047,4.52940e6,-2.29653e6,5.76344e-9
1457831250,24739531.022350024,28851898.461498793,4112.367,3.97177e14,0.3572,4.58399e6,-2.29570e6,5.76137e-9
1457831280,24753393.960204996,28868928.323910184,4115.534,4.04835e14,1.5642,4.62635e6,-2.29483e6,5.75918e-9
1457831310,24767316.581003875,28885934.435486164,4118.618,4.04218e14,1.4094,4.62094e6,-2.29391e6,5.75687e-9
1457831340,24781298.4553582,28902916.585017905,4121.618,3.89096e14,2.3844,4.53196e6,-2.29294e6,5.75443e-9
1457831370,24795339.153393302,28919874.562387694,4124.535,3.90472e14,2.0393,4.53786e6,-2.29192e6,5.75186e-9
1457831400,24809438.24477393,28936808.158565387,4127.370,3.98498e14,0.0258,4.58188e6,-2.29085e6,5.74918e-9
1457831430,24823595.29874818,28953717.16558062,4130.122,4.01473e14,0.7208,4.59675e6,-2.28973e6,5.74637e-9
1457831460,24837809.884116195,28970601.37659428,4132.791,4.10302e14,2.9358,4.64512e6,-2.28857e6,5.74345e-9
1457831490,24852081.569311917,28987460.585819706,4135.379,4.04564e14,1.4962,4.60972e6,-2.28736e6,5.74040e-9
1457831520,24866409.92240992,29004294.588543236,4137.885,3.94518e14,1.0243,4.54954e6,-2.28610e6,5.73724e-9
1457831550,24880794.51115032,29021103.181120493,4140.309,4.05724e14,1.7872,4.61120e6,-2.28479e6,5.73396e-9
1457831580,24895234.902963575,29037886.160972506,4142.651,4.11596e14,3.2603,4.64211e6,-2.28344e6,5.73056e-9
1457831610,24909730.66499508,29054643.32658194,4144.913,4.01505e14,0.7286,4.58148e6,-2.28204e6,5.72705e-9
1457831640,24924281.364129554,29071374.477489263,4147.093,4.02581e14,0.9987,4.58474e6,-2.28059e6,5.72342e-9
1457831670,24938886.56701528,29088079.414288867,4149.193,4.00236e14,0.4103,4.56833e6,-2.27910e6,5.71968e-9
1457831700,24953545.84008819,29104757.938625235,4151.212,3.95682e14,0.7323,4.53921e6,-2.27757e6,5.71582e-9
1457831730,24968258.749591574,29121409.853208546,4153.151,3.93688e14,1.2323,4.52468e6,-2.27599e6,5.71185e-9
1457831760,24983024.86161237,29138034.961750913,4155.010,3.93078e14,1.3855,4.51797e6,-2.27437e6,5.70777e-9
1457831790,24997843.74209214,29154633.069022622,4156.789,3.95069e14,0.8860,4.52601e6,-2.27270e6,5.70358e-9
1457831820,25012714.956854396,29171203.980828952,4158.489,3.87133e14,2.8770,4.47737e6,-2.27099e6,5.69928e-9
1457831850,25027638.071627565,29187747.504006512,4160.109,3.98531e14,0.0175,4.53881e6,-2.26923e6,5.69488e-9
1457831880,25042612.652067915,29204263.44641953,4161.651,4.13413e14,3.7162,4.61990e6,-2.26743e6,5.69036e-9
1457831910,25057638.26378217,29220751.616956208,4163.113,4.03034e14,1.1122,4.55714e6,-2.26559e6,5.68574e-9
1457831940,25072714.47235001,29237211.825524997,4164.497,3.97336e14,0.3173,4.52098e6,-2.26371e6,5.68101e-9
1457831970,25087840.843346223,29253643.88305093,4165.803,3.88920e14,2.4286,4.46936e6,-2.26178e6,5.67617e-9
1457832000,25103016.942362826,29270047.601471882,4167.031,3.86647e14,2.9988,4.45258e6,-2.25982e6,5.67123e-9
1457832030,25118242.33502645,29286422.793725956,4168.180,3.98820e14,0.0551,4.51760e6,-2.25781e6,5.66619e-9
1457832060,25133516.587033633,29302769.273775615,4169.253,4.04675e14,1.5239,4.54664e6,-2.25576e6,5.66104e-9
1457832090,25148839.264158383,29319086.85657595,4170.248,3.99634e14,0.2593,4.51392e6,-2.25367e6,5.65579e-9
1457832120,25164209.932277855,29335375.358080044,4171.165,3.89083e14,2.3878,4.45003e6,-2.25154e6,5.65044e-9
1457832150,25179628.157393325,29351634.59523513,4172.006,3.97139e14,0.3666,4.49122e6,-2.24937e6,5.64499e-9
1457832180,25195093.505650945,29367864.38597886,4172.771,4.04991e14,1.6032,4.53109e6,-2.24716e6,5.63944e-9
1457832210,25210605.54336232,29384064.54923548,4173.459,3.88259e14,2.5945,4.43228e6,-2.24492e6,5.63379e-9
1457832240,25226163.837024838,29400234.904912096,4174.071,3.86748e14,2.9735,4.41927e6,-2.24263e6,5.62805e-9
1457832270,25241767.95334185,29416375.273894742,4174.607,3.97491e14,0.2784,4.47508e6,-2.24030e6,5.62221e-9
1457832300,25257417.459242556,29432485.47804473,4175.068,3.96784e14,0.4557,4.46638e6,-2.23794e6,5.61627e-9
1457832330,25273111.921908826,29448565.340194296,4175.453,4.03648e14,1.2663,4.50009e6,-2.23553e6,5.61023e-9
1457832360,25288850.90877302,29464614.684144154,4175.764,4.08968e14,2.6011,4.52499e6,-2.23309e6,5.60410e-9
1457832390,25304633.987559214,29480633.334658403,4175.999,4.05262e14,1.6712,4.49922e6,-2.23062e6,5.59788e-9
1457832420,25320460.726295233,29496621.117461123,4176.160,4.04515e14,1.4838,4.48997e6,-2.22810e6,5.59156e-9
1457832450,25336330.693331677,29512577.85923251,4176.247,4.02672e14,1.0215,4.47454e6,-2.22555e6,5.58516e-9
1457832480,25352243.45736062,29528503.3876051,4176.260,4.06242e14,1.9170,4.48925e6,-2.22296e6,5.57866e-9
1457832510,25368198.587434288,29544397.531159926,4176.199,4.07986e14,2.3546,4.49367e6,-2.22034e6,5.57207e-9
1457832540,25384195.65298327,29560260.119422726,4176.064,4.03221e14,1.1592,4.46176e6,-2.21768e6,5.56539e-9
1457832570,25400234.223834753,29576090.98286007,4175.857,3.99385e14,0.1969,4.43502e6,-2.21499e6,5.55862e-9
1457832600,25416313.870230395,29591889.95287564,4175.576,3.93543e14,1.2688,4.39712e6,-2.21226e6,5.55177e-9
1457832630,25432434.162838284,29607656.861810274,4175.223,4.04641e14,1.5155,4.45316e6,-2.20950e6,5.54482e-9
1457832660,25448594.672788285,29623391.54292611,4174.797,4.18632e14,5.0254,4.52499e6,-2.20670e6,5.53779e-9
1457832690,25464794.97167133,29639093.830414888,4174.299,4.09618e14,2.7641,4.46933e6,-2.20386e6,5.53068e-9
1457832720,25481034.631562356,29654763.559390225,4173.729,3.98423e14,0.0446,4.40168e6,-2.20100e6,5.52348e-9
1457832750,25497313.225037023,29670400.565883975,4173.087,4.05356e14,1.6949,4.43412e6,-2.19810e6,5.51620e-9
1457832780,25513630.325188354,29686004.686842352,4172.374,4.07419e14,2.2125,4.43957e6,-2.19517e6,5.50883e-9
1457832810,25529985.50564316,29701575.760122348,4171.590,3.97535e14,0.2672,4.37919e6,-2.19220e6,5.50138e-9
1457832840,25546378.340578165,29717113.624487862,4170.735,4.01101e14,0.6274,4.39279e6,-2.18920e6,5.49385e-9
1457832870,25562808.40473601,29732618.119606078,4169.810,4.14593e14,4.0123,4.46073e6,-2.18617e6,5.48624e-9
1457832900,25579275.273441013,29748089.086043674,4168.814,4.05841e14,1.8164,4.40652e6,-2.18311e6,5.47854e-9
1457832930,25595778.522617828,29763526.365262043,4167.748,3.97561e14,0.2607,4.35498e6,-2.18002e6,5.47077e-9
1457832960,25612317.728797216,29778929.799617123,4166.612,4.06642e14,2.0175,4.39834e6,-2.17689e6,5.46292e-9
1457832990,25628892.469140843,29794299.232352067,4165.407,3.99480e14,0.2206,4.35289e6,-2.17373e6,5.45500e-9
1457833020,25645502.321453065,29809634.507594824,4164.132,3.91581e14,1.7609,4.30349e6,-2.17055e6,5.44699e-9
1457833050,25662146.864195745,29824935.470354296,4162.789,3.92509e14,1.5283,4.30215e6,-2.16733e6,5.43891e-9
1457833080,25678825.67650279,29840201.966516722,4161.376,4.01208e14,0.6543,4.34295e6,-2.16408e6,5.43075e-9
1457833110,25695538.33819455,29855433.842842076,4159.896,4.07763e14,2.2987,4.37191e6,-2.16081e6,5.42252e-9
1457833140,25712284.429791953,29870630.94696021,4158.347,4.10047e14,2.8716,4.37758e6,-2.15750e6,5.41422e-9
1457833170,25729063.532530483,29885793.12736733,4156.730,4.12177e14,3.4061,4.38233e6,-2.15416e6,5.40584e-9
1457833200,25745875.228373937,29900920.233422246,4155.045,3.99283e14,0.1713,4.30588e6,-2.15080e6,5.39739e-9
1457833230,25762719.100026228,29916012.1153382,4153.293,3.96361e14,0.5619,4.28334e6,-2.14741e6,5.38886e-9
1457833260,25779594.730950236,29931068.62419308,4151.474,3.97887e14,0.1790,4.28472e6,-2.14398e6,5.38027e-9
1457833290,25796501.705375522,29946089.61191195,4149.588,3.88448e14,2.5471,4.22712e6,-2.14053e6,5.37160e-9
1457833320,25813439.60831301,29961074.9312678,4147.635,4.04202e14,1.4053,4.30474e6,-2.13706e6,5.36287e-9
1457833350,25830408.025567804,29976024.435877837,4145.616,4.09601e14,2.7597,4.32658e6,-2.13355e6,5.35407e-9
1457833380,25847406.543751758,29990937.980199832,4143.531,3.99876e14,0.3200,4.26744e6,-2.13002e6,5.34520e-9
1457833410,25864434.750295855,30005815.419528496,4141.381,4.08719e14,2.5385,4.30749e6,-2.12646e6,5.33626e-9
1457833440,25881492.233462397,30020656.60999177,4139.164,4.06116e14,1.8856,4.28636e6,-2.12288e6,5.32725e-9
1457833470,25898578.582357038,30035461.40854718,4136.883,4.04519e14,1.4848,4.27057e6,-2.11926e6,5.31818e-9
1457833500,25915693.386940546,30050229.67297822,4134.536,3.98580e14,0.0052,4.23170e6,-2.11563e6,5.30904e-9
1457833530,25932836.238045335,30064961.261901144,4132.125,3.98417e14,0.0461,4.22351e6,-2.11196e6,5.29984e-9
1457833560,25950006.727371868,30079656.03472931,4129.649,3.97313e14,0.3229,4.21029e6,-2.10827e6,5.29057e-9
1457833590,25967204.447514974,30094313.851701587,4127.109,3.92116e14,1.6268,4.17542e6,-2.10456e6,5.28125e-9
1457833620,25984428.991970014,30108934.57386855,4124.506,3.97501e14,0.2758,4.19639e6,-2.10082e6,5.27185e-9
1457833650,26001679.955143806,30123518.063088916,4121.838,3.93393e14,1.3065,4.16725e6,-2.09706e6,5.26240e-9
1457833680,26018956.932365373,30138064.182026092,4119.107,3.93783e14,1.2085,4.16177e6,-2.09327e6,5.25288e-9
1457833710,26036259.51989641,30152572.79414476,4116.313,3.92116e14,1.6268,4.14544e6,-2.08945e6,5.24331e-9
1457833740,26053587.314941667,30167043.76370728,4113.456,3.96667e14,0.4850,4.16164e6,-2.08562e6,5.23367e-9
1457833770,26070939.91565902,30181476.95577035,4110.537,4.01436e14,0.7114,4.17885e6,-2.08176e6,5.22398e-9
1457833800,26088316.92116952,30195872.23618148,4107.555,3.94749e14,0.9663,4.13618e6,-2.07787e6,5.21423e-9
1457833830,26105717.93155744,30210229.47156016,4104.512,4.06497e14,1.9811,4.18955e6,-2.07397e6,5.20441e-9
1457833860,26123142.547909636,30224548.529341858,4101.406,4.14873e14,4.0824,4.22512e6,-2.07004e6,5.19455e-9
1457833890,26140590.37229514,30238829.277727097,4098.239,3.96206e14,0.6006,4.12027e6,-2.06609e6,5.18462e-9
1457833920,26158061.007783964,30253071.585693285,4095.011,3.98434e14,0.0417,4.12387e6,-2.06211e6,5.17464e-9
1457833950,26175554.058456007,30267275.322991125,4091.721,4.15637e14,4.2742,4.20472e6,-2.05812e6,5.16460e-9
1457833980,26193069.129409917,30281440.360141102,4088.371,4.04678e14,1.5247,4.14002e6,-2.05410e6,5.15451e-9
1457834010,26210605.82677164,30295566.568429966,4084.961,3.95219e14,0.8483,4.08321e6,-2.05006e6,5.14436e-9
1457834040,26228163.75770292,30309653.81990721,4081.490,4.08549e14,2.4960,4.14356e6,-2.04600e6,5.13417e-9
1457834070,26245742.530409567,30323701.987381548,4077.959,4.17071e14,4.6340,4.17895e6,-2.04192e6,5.12391e-9
1457834100,26263341.754149493,30337710.944417495,4074.369,4.07669e14,2.2751,4.12247e6,-2.03781e6,5.11361e-9
1457834130,26280961.039251257,30351680.56534952,4070.720,3.98765e14,0.0413,4.06869e6,-2.03369e6,5.10325e-9
1457834160,26298599.99708953,30365610.725224167,4067.011,3.94475e14,1.0349,4.03855e6,-2.02955e6,5.09285e-9
1457834190,26316258.240124986,30379501.299851168,4063.243,3.97374e14,0.3077,4.04499e6,-2.02538e6,5.08239e-9
1457834220,26333935.381901417,30393352.165782493,4059.417,4.08306e14,2.4348,4.09208e6,-2.02120e6,5.07188e-9
1457834250,26351631.0370532,30407163.200309183,4055.532,4.11689e14,3.2837,4.10069e6,-2.01700e6,5.06133e-9
1457834280,26369344.82131245,30420934.28145799,4051.589,4.12065e14,3.3779,4.09400e6,-2.01277e6,5.05072e-9
1457834310,26387076.35151619,30434665.28798829,4047.589,4.02931e14,1.0866,4.03934e6,-2.00853e6,5.04007e-9
1457834340,26404825.245613266,30448356.099388722,4043.531,3.89316e14,2.3294,3.96228e6,-2.00427e6,5.02937e-9
1457834370,26422591.122671127,30462006.595874142,4039.415,4.10101e14,2.8851,4.05813e6,-1.99999e6,5.01862e-9
1457834400,26440373.60288246,30475616.658382315,4035.243,4.17811e14,4.8195,4.08802e6,-1.99570e6,5.00783e-9
1457834430,26458172.30756577,30489186.16855606,4031.014,4.03171e14,1.1466,4.00602e6,-1.99138e6,4.99699e-9
1457834460,26475986.859189738,30502715.0087855,4026.728,4.02113e14,0.8811,3.99202e6,-1.98705e6,4.98611e-9
1457834490,26493816.88136151,30516203.062159378,4022.386,3.95814e14,0.6992,3.95194e6,-1.98269e6,4.97518e-9
1457834520,26511661.998838443,30529650.212476507,4017.988,3.96602e14,0.5013,3.94714e6,-1.97833e6,4.96421e-9
1457834550,26529521.837533813,30543056.34424243,4013.535,4.14115e14,3.8922,4.02513e6,-1.97394e6,4.95319e-9
1457834580,26547396.02452255,30556421.342666294,4009.025,4.10629e14,3.0176,3.99892e6,-1.96954e6,4.94213e-9
1457834610,26565284.18804674,30569745.093657494,4004.461,3.97272e14,0.3332,3.92408e6,-1.96511e6,4.93103e-9
1457834640,26583185.95752089,30583027.483822428,3999.842,4.02312e14,0.9312,3.94001e6,-1.96068e6,4.91989e-9
1457834670,26601100.963537224,30596268.400461342,3995.167,4.04110e14,1.3823,3.93988e6,-1.95622e6,4.90870e-9
1457834700,26619028.837870616,30609467.73156498,3990.439,3.93829e14,1.1971,3.88052e6,-1.95175e6,4.89748e-9
1457834730,26636969.21348562,30622625.36581944,3985.656,3.96903e14,0.4258,3.88662e6,-1.94727e6,4.88622e-9
1457834760,26654921.724535078,30635741.192578405,3980.819,4.08251e14,2.4211,3.93295e6,-1.94277e6,4.87491e-9
1457834790,26672886.00637058,30648815.101884507,3975.929,4.06885e14,2.0785,3.91717e6,-1.93825e6,4.86357e-9
1457834820,26690861.695545103,30661846.984458316,3970.985,4.01491e14,0.7252,3.88183e6,-1.93372e6,4.85219e-9
1457834850,26708848.429817375,30674836.731695198,3965.988,4.01100e14,0.6271,3.87080e6,-1.92917e6,4.84077e-9
1457834880,26726845.84815609,30687784.235662233,3960.938,4.08120e14,2.3884,3.89555e6,-1.92461e6,4.82931e-9
1457834910,26744853.59074402,30700689.389095258,3955.836,4.02221e14,0.9084,3.85786e6,-1.92003e6,4.81781e-9
1457834940,26762871.29898188,30713552.085395627,3950.681,3.92139e14,1.6209,3.80017e6,-1.91544e6,4.80628e-9
1457834970,26780898.615492307,30726372.21862738,3945.474,3.94518e14,1.0241,3.80244e6,-1.91083e6,4.79471e-9
1457835000,26798935.184123408,30739149.6835141,3940.214,3.96962e14,0.4111,3.80492e6,-1.90621e6,4.78311e-9
1457835030,26816980.649947766,30751884.37543317,3934.904,3.98896e14,0.0742,3.80490e6,-1.90158e6,4.77147e-9
1457835060,26835034.659280047,30764576.190421365,3929.542,3.95251e14,0.8404,3.77824e6,-1.89693e6,4.75980e-9
1457835090,26853096.859666377,30777225.025163323,3924.128,3.89252e14,2.3452,3.74048e6,-1.89227e6,4.74809e-9
1457835120,26871166.899891946,30789830.77699132,3918.664,3.83639e14,3.7535,3.70464e6,-1.88759e6,4.73635e-9
1457835150,26889244.429984078,30802393.343882266,3913.149,3.94335e14,1.0700,3.74597e6,-1.88290e6,4.72458e-9
1457835180,26907329.101215124,30814912.624454856,3907.584,4.04964e14,1.5965,3.78671e6,-1.87820e6,4.71278e-9
1457835210,26925420.56610532,30827388.517966524,3901.968,3.89352e14,2.3202,3.70381e6,-1.87349e6,4.70094e-9
1457835240,26943518.478425443,30839820.92431057,3896.302,3.91397e14,1.8072,3.70405e6,-1.86876e6,4.68907e-9
1457835270,26961622.493199408,30852209.744013216,3890.587,3.97603e14,0.2504,3.72368e6,-1.86402e6,4.67717e-9
1457835300,26979732.266706705,30864554.878230765,3884.823,3.97373e14,0.3079,3.71311e6,-1.85927e6,4.66524e-9
1457835330,26997847.45649662,30876856.228749085,3879.009,4.01170e14,0.6446,3.72126e6,-1.85451e6,4.65327e-9
1457835360,27015967.72135409,30889113.697973363,3873.146,3.99206e14,0.1519,3.70256e6,-1.84973e6,4.64128e-9
1457835390,27034092.72133817,30901327.188932553,3867.234,3.98872e14,0.0682,3.69143e6,-1.84495e6,4.62926e-9
1457835420,27052222.117772423,30913496.60527423,3861.274,3.99043e14,0.1111,3.68261e6,-1.84015e6,4.61721e-9
1457835450,27070355.573246915,30925621.85126174,3855.266,4.04455e14,1.4688,3.69790e6,-1.83534e6,4.60513e-9
1457835480,27088492.75162011,30937702.831771456,3849.210,4.08757e14,2.5481,3.70795e6,-1.83052e6,4.59302e-9
1457835510,27106633.318020705,30949739.45229001,3843.106,3.95310e14,0.8255,3.63655e6,-1.82568e6,4.58089e-9
1457835540,27124776.938849304,30961731.618911445,3836.955,3.92738e14,1.4706,3.61515e6,-1.82084e6,4.56873e-9
1457835570,27142923.28177994,30973679.238334604,3830.756,3.98280e14,0.0804,3.63076e6,-1.81599e6,4.55654e-9
1457835600,27161072.015761595,30985582.217860267,3824.510,4.09537e14,2.7438,3.67219e6,-1.81112e6,4.54432e-9
1457835630,27179222.81100178,30997440.46538657,3818.218,4.01732e14,0.7856,3.62693e6,-1.80625e6,4.53208e-9
1457835660,27197375.339022644,31009253.88941206,3811.879,3.91975e14,1.6622,3.57302e6,-1.80136e6,4.51982e-9
1457835690,27215529.272607073,31021022.39902737,3805.493,4.04301e14,1.4301,3.61886e6,-1.79647e6,4.50752e-9
1457835720,27233684.2858175,31032745.903914317,3799.062,3.93698e14,1.2299,3.56131e6,-1.79156e6,4.49521e-9
1457835750,27251840.05399665,31044424.31434313,3792.584,3.93138e14,1.3705,3.54903e6,-1.78665e6,4.48287e-9
1457835780,27269996.253768254,31056057.541169785,3786.061,4.11305e14,3.1873,3.62046e6,-1.78172e6,4.47050e-9
1457835810,27288152.563037757,31067645.495833345,3779.493,4.06305e14,1.9330,3.58814e6,-1.77679e6,4.45811e-9
1457835840,27306308.660992786,31079188.090353206,3772.879,3.98245e14,0.0891,3.54232e6,-1.77184e6,4.44570e-9
1457835870,27324464.228103664,31090685.237326473,3766.221,3.98074e14,0.1322,3.53166e6,-1.76689e6,4.43327e-9
1457835900,27342618.946123704,31102136.849925257,3759.518,3.94353e14,1.0655,3.50529e6,-1.76193e6,4.42081e-9
1457835930,27360772.498111,31113542.84188902,3752.770,3.92107e14,1.6292,3.48550e6,-1.75696e6,4.40833e-9
1457835960,27378924.56836248,31124903.127537522,3745.979,3.99123e14,0.1311,3.50646e6,-1.75198e6,4.39583e-9
1457835990,27397074.842480432,31136217.621752378,3739.143,4.07512e14,2.2358,3.53325e6,-1.74700e6,4.38331e-9
1457836020,27415223.00735117,31147486.23997949,3732.263,4.04318e14,1.4344,3.50918e6,-1.74200e6,4.37077e-9
1457836050,27433368.75114524,31158708.89822647,3725.340,3.95335e14,0.8193,3.45994e6,-1.73700e6,4.35820e-9
1457836080,27451511.763317388,31169885.51306002,3718.374,3.91556e14,1.7674,3.43354e6,-1.73198e6,4.34562e-9
1457836110,27469651.734606564,31181016.001603372,3711.364,3.93528e14,1.2726,3.43213e6,-1.72697e6,4.33301e-9
1457836140,27487788.35703584,31192100.28153363,3704.312,3.97838e14,0.1912,3.44076e6,-1.72194e6,4.32039e-9
1457836170,27505921.323912125,31203138.271079347,3697.217,4.04639e14,1.5150,3.45999e6,-1.71690e6,4.30775e-9
1457836200,27524050.329825956,31214129.889017895,3690.080,3.98650e14,0.0123,3.42410e6,-1.71186e6,4.29509e-9
1457836230,27542175.070625447,31225075.054687757,3682.900,3.87602e14,2.7593,3.36668e6,-1.70681e6,4.28241e-9
1457836260,27560295.2434949,31235973.687940583,3675.678,3.98969e14,0.0926,3.40524e6,-1.70175e6,4.26971e-9
1457836290,27578410.546874944,31246825.70918454,3668.415,4.04307e14,1.4316,3.41782e6,-1.69669e6,4.25700e-9
1457836320,27596520.680487387,31257631.039367117,3661.110,4.02943e14,1.0893,3.40181e6,-1.69162e6,4.24426e-9
1457836350,27614625.345334318,31268389.599972825,3653.764,4.07609e14,2.2601,3.41134e6,-1.68654e6,4.23151e-9
1457836380,27632724.24369714,31279101.313020974,3646.377,4.03015e14,1.1075,3.38167e6,-1.68146e6,4.21875e-9
1457836410,27650817.079135567,31289766.101063326,3638.949,4.07005e14,2.1085,3.38821e6,-1.67636e6,4.20597e-9
1457836440,27668903.55648646,31300383.887181915,3631.480,4.16778e14,4.5603,3.41889e6,-1.67127e6,4.19317e-9
1457836470,27686983.381862663,31310954.594986707,3623.971,4.04151e14,1.3925,3.35566e6,-1.66616e6,4.18035e-9
1457836500,27705056.262651827,31321478.148613453,3616.422,3.91314e14,1.8281,3.29186e6,-1.66105e6,4.16752e-9
1457836530,27723121.90754679,31331954.472705897,3608.833,3.93294e14,1.3314,3.28994e6,-1.65594e6,4.15468e-9
1457836560,27741180.026446495,31342383.492461417,3601.203,4.00758e14,0.5412,3.31068e6,-1.65081e6,4.14182e-9
1457836590,27759230.330552675,31352765.13358061,3593.535,4.06492e14,1.9797,3.32407e6,-1.64569e6,4.12894e-9
1457836620,27777272.532336846,31363099.322280496,3585.827,3.94796e14,0.9544,3.26555e6,-1.64055e6,4.11605e-9
1457836650,27795306.345539108,31373385.985292282,3578.080,3.95878e14,0.6831,3.25976e6,-1.63541e6,4.10315e-9
1457836680,27813331.485166814,31383625.04985891,3570.294,4.06714e14,2.0356,3.29382e6,-1.63027e6,4.09023e-9
1457836710,27831347.667493265,31393816.443732806,3562.469,3.99101e14,0.1256,3.25237e6,-1.62512e6,4.07730e-9
1457836740,27849354.610056207,31403960.095173478,3554.605,3.99337e14,0.1847,3.24301e6,-1.61996e6,4.06436e-9
1457836770,27867352.031656384,31414055.932945263,3546.704,4.05644e14,1.7671,3.25823e6,-1.61480e6,4.05140e-9
1457836800,27885339.652355973,31424103.88631492,3538.764,3.94749e14,0.9662,3.20380e6,-1.60964e6,4.03843e-9
1457836830,27903317.193439737,31434103.88505279,3530.787,3.98572e14,0.0071,3.20890e6,-1.60447e6,4.02545e-9
1457836860,27921284.377528124,31444055.859419942,3522.771,3.98783e14,0.0459,3.19939e6,-1.59929e6,4.01246e-9
1457836890,27939240.928460438,31453959.740176696,3514.719,3.87535e14,2.7761,3.14404e6,-1.59411e6,3.99945e-9
1457836920,27957186.57132994,31463815.458576847,3506.629,3.93212e14,1.3518,3.15644e6,-1.58893e6,3.98644e-9
1457836950,27975121.032481715,31473622.946365457,3498.502,3.87055e14,2.8964,3.12167e6,-1.58374e6,3.97341e-9
1457836980,27993044.039510418,31483382.1357767,3490.338,4.00126e14,0.3827,3.16319e6,-1.57854e6,3.96037e-9
1457837010,28010955.321258064,31493092.95953166,3482.138,4.15362e14,4.2050,3.21291e6,-1.57335e6,3.94732e-9
1457837040,28028854.607811645,31502755.350836225,3473.901,4.00197e14,0.4006,3.14263e6,-1.56815e6,3.93426e-9
1457837070,28046741.630500775,31512369.243378934,3465.628,4.00748e14,0.5387,3.13435e6,-1.56294e6,3.92119e-9
1457837100,28064616.121895306,31521934.571328882,3457.318,4.05269e14,1.6729,3.14157e6,-1.55773e6,3.90812e-9
1457837130,28082477.815841265,31531451.269344922,3448.973,3.97232e14,0.3433,3.09975e6,-1.55252e6,3.89503e-9
1457837160,28100326.447340026,31540919.272539012,3440.593,3.79993e14,4.6682,3.02240e6,-1.54730e6,3.88193e-9
1457837190,28118161.75266453,31550338.51650866,3432.177,3.98486e14,0.0286,3.08375e6,-1.54208e6,3.86882e-9
1457837220,28135983.469318643,31559708.937323943,3423.725,4.32967e14,8.6219,3.20625e6,-1.53685e6,3.85571e-9
1457837250,28153791.336034838,31569030.471525513,3415.239,4.11510e14,3.2387,3.11289e6,-1.53163e6,3.84258e-9
1457837280,28171585.092771932,31578303.056122728,3406.718,3.97764e14,0.2098,3.04961e6,-1.52639e6,3.82945e-9
1457837310,28189364.480712745,31587526.628591806,3398.162,3.99907e14,0.3277,3.04733e6,-1.52116e6,3.81631e-9
1457837340,28207129.242261693,31596701.12687388,3389.572,3.95924e14,0.6714,3.02168e6,-1.51592e6,3.80316e-9
1457837370,28224879.121042408,31605826.489373248,3380.947,4.20267e14,5.4357,3.10349e6,-1.51068e6,3.79000e-9
1457837400,28242613.86189521,31614902.654955395,3372.289,4.22499e14,5.9956,3.10115e6,-1.50544e6,3.77684e-9
1457837430,28260333.210841313,31623929.56293146,3363.596,4.07641e14,2.2680,3.03441e6,-1.50019e6,3.76366e-9
1457837460,28278036.915183175,31632907.15309884,3354.870,4.04687e14,1.5271,3.01271e6,-1.49494e6,3.75048e-9
1457837490,28295724.723398548,31641835.36569678,3346.111,4.04523e14,1.4858,3.00151e6,-1.48969e6,3.73730e-9
1457837520,28313396.385171015,31650714.14141823,3337.318,3.96160e14,0.6122,2.95978e6,-1.48443e6,3.72411e-9
1457837550,28331051.65138701,31659543.42140792,3328.492,3.96469e14,0.5347,2.95044e6,-1.47918e6,3.71091e-9
1457837580,28348690.27413293,31668323.14726038,3319.633,4.09727e14,2.7913,2.98896e6,-1.47392e6,3.69770e-9
1457837610,28366312.006691992,31677053.26101802,3310.741,4.03927e14,1.3363,2.95692e6,-1.46865e6,3.68449e-9
1457837640,28383916.603541195,31685733.705169223,3301.817,3.99318e14,0.1800,2.92939e6,-1.46339e6,3.67128e-9
1457837670,28401503.820348274,31694364.42264643,3292.861,4.03840e14,1.3145,2.93539e6,-1.45812e6,3.65805e-9
1457837700,28419073.413968485,31702945.356824152,3283.872,4.12176e14,3.4058,2.95516e6,-1.45285e6,3.64483e-9
1457837730,28436625.142467234,31711476.451517917,3274.851,4.05686e14,1.7776,2.92087e6,-1.44758e6,3.63159e-9
1457837760,28454158.76503743,31719957.650980003,3265.799,3.96942e14,0.4160,2.87859e6,-1.44231e6,3.61835e-9
1457837790,28471674.04207615,31728388.899899907,3256.715,4.13318e14,3.6923,2.92709e6,-1.43703e6,3.60511e-9
1457837820,28489170.735155717,31736770.143401712,3247.599,4.11411e14,3.2138,2.90949e6,-1.43175e6,3.59186e-9
1457837850,28506648.607020665,31745101.32704232,3238.453,3.99155e14,0.1390,2.85490e6,-1.42648e6,3.57861e-9
1457837880,28524107.421584643,31753382.39680952,3229.275,4.08865e14,2.5750,2.87894e6,-1.42120e6,3.56536e-9
1457837910,28541546.94392739,31761613.29912036,3220.066,4.08931e14,2.5917,2.86848e6,-1.41591e6,3.55210e-9
1457837940,28558966.94029154,31769793.980819203,3210.827,4.12092e14,3.3848,2.86895e6,-1.41063e6,3.53883e-9
1457837970,28576367.178079527,31777924.38917611,3201.557,4.11903e14,3.3374,2.85754e6,-1.40534e6,3.52556e-9
1457838000,28593747.425850376,31786004.47188508,3192.257,4.01977e14,0.8471,2.81192e6,-1.40006e6,3.51229e-9
1457838030,28611107.45329484,31794034.177079253,3182.927,4.16339e14,4.4502,2.85155e6,-1.39477e6,3.49902e-9
1457838060,28628447.031299155,31802013.453277137,3173.566,4.13621e14,3.7682,2.83125e6,-1.38948e6,3.48574e-9
1457838090,28645765.931874476,31809942.249433216,3164.176,4.05589e14,1.7532,2.79258e6,-1.38419e6,3.47246e-9
1457838120,28663063.928175185,31817820.514919482,3154.757,4.26075e14,6.8928,2.85277e6,-1.37890e6,3.45918e-9
1457838150,28680340.794495486,31825648.19952405,3145.307,4.36008e14,9.3848,2.87604e6,-1.37360e6,3.44589e-9
1457838180,28697596.306265876,31833425.2534496,3135.829,4.15280e14,4.1845,2.79380e6,-1.36831e6,3.43260e-9
1457838210,28714830.24004967,31841151.627311975,3126.321,3.99297e14,0.1746,2.72833e6,-1.36302e6,3.41931e-9
1457838240,28732042.373539414,31848827.272138737,3116.785,4.00912e14,0.5799,2.72323e6,-1.35772e6,3.40602e-9
1457838270,28749232.48555343,31856452.13936761,3107.220,3.96783e14,0.4558,2.69860e6,-1.35242e6,3.39272e-9
1457838300,28766400.356032178,31864026.18084522,3097.626,3.88331e14,2.5763,2.65946e6,-1.34713e6,3.37942e-9
1457838330,28783545.76605788,31871549.34880005,3088.004,4.06400e14,1.9568,2.70982e6,-1.34183e6,3.36613e-9
1457838360,28800668.49777963,31879021.59591949,3078.353,4.12805e14,3.5636,2.72059e6,-1.33653e6,3.35282e-9
1457838390,28817768.334481366,31886442.875269778,3068.675,4.17575e14,4.7602,2.72573e6,-1.33123e6,3.33952e-9
1457838420,28834845.06055538,31893813.140319776,3058.968,4.21856e14,5.8342,2.72911e6,-1.32593e6,3.32622e-9
1457838450,28851898.461498793,31901132.344939306,3049.234,4.11463e14,3.2268,2.68377e6,-1.32063e6,3.31291e-9
1457838480,28868928.323910184,31908400.443397544,3039.472,3.91964e14,1.6649,2.60866e6,-1.31533e6,3.29961e-9
1457838510,28885934.435486164,31915617.390361436,3029.683,3.84871e14,3.4443,2.57483e6,-1.31003e6,3.28630e-9
1457838540,28902916.585017905,31922783.140893962,3019.867,4.10654e14,3.0240,2.64880e6,-1.30473e6,3.27299e-9
1457838570,28919874.562387694,31929897.650452632,3010.023,4.18256e14,4.9311,2.66281e6,-1.29942e6,3.25969e-9
1457838600,28936808.158565387,31936960.87488781,3000.153,4.10445e14,2.9716,2.62658e6,-1.29412e6,3.24638e-9
1457838630,28953717.16558062,31943972.770464078,2990.256,3.94375e14,1.0602,2.56386e6,-1.28882e6,3.23307e-9
1457838660,28970601.37659428,31950933.29378813,2980.332,3.76715e14,5.4907,2.49645e6,-1.28352e6,3.21976e-9
1457838690,28987460.585819706,31957842.40187791,2970.382,3.90656e14,1.9930,2.53084e6,-1.27822e6,3.20645e-9
1457838720,29004294.588543236,31964700.052138403,2960.405,4.06319e14,1.9363,2.57035e6,-1.27291e6,3.19314e-9
1457838750,29021103.181120493,31971506.20236029,2950.403,4.01955e14,0.8415,2.54576e6,-1.26761e6,3.17983e-9
1457838780,29037886.160972506,31978260.810718697,2940.375,3.91532e14,1.7734,2.50210e6,-1.26231e6,3.16652e-9
1457838810,29054643.32658194,31984963.835771892,2930.321,3.92655e14,1.4915,2.49513e6,-1.25701e6,3.15322e-9
1457838840,29071374.477489263,31991615.236459985,2920.241,4.04580e14,1.5001,2.52205e6,-1.25171e6,3.13991e-9
1457838870,29088079.414288867,31998214.972103745,2910.136,3.92417e14,1.5513,2.47334e6,-1.24640e6,3.12660e-9
1457838900,29104757.938625235,32004763.002403304,2900.005,3.88107e14,2.6325,2.44939e6,-1.24110e6,3.11329e-9
1457838930,29121409.853208546,32011259.287417203,2889.849,3.95714e14,0.7241,2.46251e6,-1.23580e6,3.09999e-9
1457838960,29138034.961750913,32017703.78762198,2879.669,4.14054e14,3.8770,2.50856e6,-1.23050e6,3.08668e-9
1457838990,29154633.069022622,32024096.463850085,2869.463,4.00658e14,0.5163,2.45658e6,-1.22520e6,3.07338e-9
1457839020,29171203.980828952,32030437.277308278,2859.233,3.88801e14,2.4586,2.40966e6,-1.21990e6,3.06008e-9
1457839050,29187747.504006512,32036726.189576197,2848.979,3.88049e14,2.6471,2.39690e6,-1.21460e6,3.04678e-9
1457839080,29204263.44641953,32042963.162604995,2838.700,3.86678e14,2.9910,2.38228e6,-1.20930e6,3.03348e-9
1457839110,29220751.616956208,32049148.158716206,2828.397,3.96212e14,0.5993,2.40063e6,-1.20400e6,3.02018e-9
1457839140,29237211.825524997,32055281.140600167,2818.069,3.95752e14,0.7147,2.38868e6,-1.19871e6,3.00688e-9
1457839170,29253643.88305093,32061362.071314942,2807.718,4.06781e14,2.0524,2.41114e6,-1.19341e6,2.99358e-9
1457839200,29270047.601471882,32067390.914284915,2797.343,3.92769e14,1.4630,2.35868e6,-1.18811e6,2.98029e-9
1457839230,29286422.793725956,32073367.63332487,2786.945,3.79863e14,4.7008,2.30987e6,-1.18282e6,2.96700e-9
1457839260,29302769.273775615,32079292.192560893,2776.523,3.85828e14,3.2044,2.31715e6,-1.17752e6,2.95371e-9
1457839290,29319086.85657595,32085164.556507017,2766.078,3.73008e14,6.4207,2.26903e6,-1.17223e6,2.94042e-9
1457839320,29335375.358080044,32090984.69003901,2755.609,3.74789e14,5.9737,2.26399e6,-1.16694e6,2.92714e-9
1457839350,29351634.59523513,32096752.5583934,2745.118,4.01222e14,0.6576,2.33074e6,-1.16164e6,2.91385e-9
1457839380,29367864.38597886,32102468.127166428,2734.604,3.98088e14,0.1286,2.31103e6,-1.15635e6,2.90057e-9
1457839410,29384064.54923548,32108131.362313185,2724.067,4.03687e14,1.2762,2.31662e6,-1.15106e6,2.88729e-9
1457839440,29400234.904912096,32113742.230146494,2713.507,4.12570e14,3.5047,2.33151e6,-1.14577e6,2.87402e-9
1457839470,29416375.273894742,32119300.697336033,2702.925,4.16342e14,4.4509,2.33153e6,-1.14048e6,2.86074e-9
1457839500,29432485.47804473,32124806.73090731,2692.321,4.15318e14,4.1942,2.31780e6,-1.13520e6,2.84747e-9
1457839530,29448565.340194296,32130260.29820485,2681.695,3.83965e14,3.6718,2.21814e6,-1.12991e6,2.83420e-9
1457839560,29464614.684144154,32135661.367001623,2671.047,3.71703e14,6.7479,2.17318e6,-1.12462e6,2.82094e-9
1457839590,29480633.334658403,32141009.90538757,2660.377,3.69617e14,7.2713,2.15710e6,-1.11934e6,2.80767e-9
1457839620,29496621.117461123,32146305.881804053,2649.685,3.84793e14,3.4639,2.18933e6,-1.11406e6,2.79441e-9
1457839650,29512577.85923251,32151549.265042573,2638.971,4.09115e14,2.6378,2.24659e6,-1.10877e6,2.78116e-9
1457839680,29528503.3876051,32156740.024243552,2628.237,3.98389e14,0.0532,2.20619e6,-1.10349e6,2.76790e-9
1457839710,29544397.531159926,32161878.128895085,2617.481,3.79746e14,4.7302,2.14428e6,-1.09821e6,2.75465e-9
1457839740,29560260.119422726,32166963.54883169,2606.703,3.92205e14,1.6045,2.16813e6,-1.09294e6,2.74141e-9
1457839770,29576090.98286007,32171996.254233137,2595.905,3.83222e14,3.8580,2.13315e6,-1.08766e6,2.72816e-9
1457839800,29591889.95287564,32176976.215623155,2585.086,3.89166e14,2.3669,2.13894e6,-1.08238e6,2.71492e-9
1457839830,29607656.861810274,32181903.403908633,2574.247,4.11270e14,3.1785,2.18823e6,-1.07711e6,2.70168e-9
1457839860,29623391.54292611,32186777.790254418,2563.386,3.91279e14,1.8369,2.12377e6,-1.07184e6,2.68845e-9
1457839890,29639093.830414888,32191599.346206434,2552.506,4.13729e14,3.7953,2.17338e6,-1.06656e6,2.67522e-9
1457839920,29654763.559390225,32196368.043650653,2541.604,4.29930e14,7.8599,2.20576e6,-1.06129e6,2.66199e-9
1457839950,29670400.565883975,32201083.854812432,2530.683,3.97840e14,0.1908,2.10981e6,-1.05602e6,2.64877e-9
1457839980,29686004.686842352,32205746.75225573,2519.742,3.93249e14,1.3425,2.08718e6,-1.05076e6,2.63555e-9
1457840010,29701575.760122348,32210356.708882466,2508.781,4.16572e14,4.5087,2.13788e6,-1.04549e6,2.62233e-9
1457840040,29717113.624487862,32214913.69793179,2497.800,4.09630e14,2.7670,2.10900e6,-1.04023e6,2.60912e-9
1457840070,29732618.119606078,32219417.692979377,2486.800,3.75497e14,5.7961,2.00972e6,-1.03496e6,2.59591e-9
1457840100,29748089.086043674,32223868.66793684,2475.780,3.94744e14,0.9676,2.04921e6,-1.02970e6,2.58271e-9
1457840130,29763526.365262043,32228266.59701699,2464.740,4.19346e14,5.2047,2.10196e6,-1.02444e6,2.56951e-9
1457840160,29778929.799617123,32232611.454838026,2453.682,4.02894e14,1.0772,2.04911e6,-1.01919e6,2.55631e-9
1457840190,29794299.232352067,32236903.21631785,2442.604,4.20698e14,5.5437,2.08381e6,-1.01393e6,2.54312e-9
1457840220,29809634.507594824,32241141.85670711,2431.507,4.39930e14,10.3686,2.12167e6,-1.00867e6,2.52993e-9
1457840250,29824935.470354296,32245327.35158828,2420.392,4.16338e14,4.4501,2.05124e6,-1.00342e6,2.51675e-9
1457840280,29840201.966516722,32249459.676874697,2409.258,3.85761e14,3.2212,1.96395e6,-9.98169e5,2.50357e-9
1457840310,29855433.842842076,32253538.80880974,2398.105,3.83780e14,3.7181,1.94868e6,-9.92919e5,2.49039e-9
1457840340,29870630.94696021,32257564.723965768,2386.934,3.91428e14,1.7993,1.95732e6,-9.87671e5,2.47722e-9
1457840370,29885793.12736733,32261537.399243344,2375.744,3.81455e14,4.3014,1.92235e6,-9.82424e5,2.46405e-9
1457840400,29900920.233422246,32265456.81187022,2364.537,3.86044e14,3.1501,1.92333e6,-9.77179e5,2.45089e-9
1457840430,29916012.1153382,32269322.939425036,2353.311,4.03575e14,1.2480,1.95574e6,-9.71936e5,2.43773e-9
1457840460,29931068.62419308,32273135.75976081,2342.067,4.27590e14,7.2729,2.00342e6,-9.66695e5,2.42458e-9
1457840490,29946089.61191195,32276895.251079872,2330.806,4.20337e14,5.4532,1.97507e6,-9.61455e5,2.41143e-9
1457840520,29961074.9312678,32280601.391908657,2319.526,3.97771e14,0.2080,1.91019e6,-9.56218e5,2.39828e-9
1457840550,29976024.435877837,32284254.16109708,2308.230,4.01245e14,0.6635,1.90801e6,-9.50982e5,2.38514e-9
1457840580,29990937.980199832,32287853.537817877,2296.916,3.90113e14,2.1293,1.87110e6,-9.45747e5,2.37201e-9
1457840610,30005815.419528496,32291399.501566023,2285.584,3.76253e14,5.6064,1.82805e6,-9.40515e5,2.35887e-9
1457840640,30020656.60999177,32294892.03215813,2274.235,3.91492e14,1.7834,1.85363e6,-9.35284e5,2.34575e-9
1457840670,30035461.40854718,32298331.109731823,2262.870,3.89378e14,2.3137,1.83833e6,-9.30056e5,2.33263e-9
1457840700,30050229.67297822,32301716.714745138,2251.487,3.99289e14,0.1729,1.85098e6,-9.24829e5,2.31951e-9
1457840730,30064961.261901144,32305048.827955987,2240.088,4.04235e14,1.4135,1.85193e6,-9.19604e5,2.30640e-9
1457840760,30079656.03472931,32308327.430483267,2228.671,4.08884e14,2.5800,1.85207e6,-9.14381e5,2.29329e-9
1457840790,30094313.851701587,32311552.50374443,2217.239,4.15728e14,4.2970,1.85710e6,-9.09160e5,2.28019e-9
1457840820,30108934.57386855,32314724.029474825,2205.789,4.04727e14,1.5370,1.82149e6,-9.03940e5,2.26709e-9
1457840850,30123518.063088916,32317841.98972692,2194.324,4.15009e14,4.1166,1.83415e6,-8.98723e5,2.25399e-9
1457840880,30138064.182026092,32320906.366869662,2182.842,4.01341e14,0.6876,1.79287e6,-8.93507e5,2.24091e-9
1457840910,30152572.79414476,32323917.143587787,2171.344,4.12303e14,3.4377,1.80683e6,-8.88294e5,2.22782e-9
1457840940,30167043.76370728,32326874.30288113,2159.831,4.03922e14,1.3352,1.77767e6,-8.83082e5,2.21474e-9
1457840970,30181476.95577035,32329777.828063957,2148.301,3.80984e14,4.4197,1.71667e6,-8.77872e5,2.20167e-9
1457841000,30195872.23618148,32332627.702764336,2136.755,4.29691e14,7.7998,1.81309e6,-8.72664e5,2.18860e-9
1457841030,30210229.47156016,32335423.91094317,2125.194,4.25374e14,6.7170,1.79288e6,-8.67459e5,2.17554e-9
1457841060,30224548.529341858,32338166.436833054,2113.618,3.92051e14,1.6431,1.71006e6,-8.62255e5,2.16248e-9
1457841090,30238829.277727097,32340855.26499832,2102.026,4.16047e14,4.3770,1.75131e6,-8.57053e5,2.14942e-9
1457841120,30253071.585693285,32343490.380314976,2090.419,4.11673e14,3.2796,1.73134e6,-8.51853e5,2.13637e-9
1457841150,30267275.322991125,32346071.767970346,2078.796,4.06525e14,1.9880,1.70984e6,-8.46655e5,2.12333e-9
1457841180,30281440.360141102,32348599.413462665,2067.159,4.14333e14,3.9468,1.71582e6,-8.41459e5,2.11029e-9
1457841210,30295566.568429966,32351073.30260076,2055.507,4.05288e14,1.6777,1.68626e6,-8.36265e5,2.09725e-9
1457841240,30309653.81990721,32353493.42150362,2043.840,3.84746e14,3.4759,1.63297e6,-8.31073e5,2.08423e-9
1457841270,30323701.987381548,32355859.75660011,2032.158,3.45157e14,13.4078,1.54077e6,-8.25883e5,2.07120e-9
1457841300,30337710.944417495,32358172.294628616,2020.461,3.66207e14,8.1268,1.57442e6,-8.20695e5,2.05818e-9
1457841330,30351680.56534952,32360431.02262138,2008.750,4.18039e14,4.8767,1.67047e6,-8.15509e5,2.04517e-9
1457850990,32361912.1553455,30361031.447847467,2000.881,3.91408e14,1.8045,-1.60858e6,8.11508e5,-2.03643e-9
1457851020,32359689.43761758,30347088.58065515,2012.601,3.68708e14,7.4995,-1.57234e6,8.16696e5,-2.04945e-9
1457851050,32357412.901534796,30333106.297310192,2024.307,3.59345e14,9.8483,-1.56302e6,8.21886e5,-2.06246e-9
1457851080,32355082.55984888,30319084.723017294,2035.998,3.77035e14,5.4103,-1.60961e6,8.27078e5,-2.07548e-9
1457851110,32352698.42562051,30305023.98373132,2047.674,4.17921e14,4.8471,-1.70510e6,8.32272e5,-2.08851e-9
1457851140,32350260.512219537,30290924.20616034,2059.336,4.13124e14,3.6437,-1.70566e6,8.37468e5,-2.10154e-9
1457851170,32347768.83332531,30276785.5177689,2070.983,3.61230e14,9.3754,-1.60651e6,8.42666e5,-2.11457e-9
1457851200,32345223.402926903,30262608.046781223,2082.615,3.58523e14,10.0546,-1.61066e6,8.47866e5,-2.12761e-9
1457851230,32342624.23534221,30248391.922226373,2094.232,3.89456e14,2.2941,-1.68676e6,8.53068e5,-2.14066e-9
1457851260,32339971.345160544,30234137.273812238,2105.834,4.06099e14,1.8812,-1.73289e6,8.58272e5,-2.15371e-9
1457851290,32337264.747300766,30219844.232058488,2117.421,4.15420e14,4.2197,-1.76360e6,8.63478e5,-2.16676e-9
1457851320,32334504.45699304,30205512.92825823,2128.992,4.12453e14,3.4752,-1.76776e6,8.68686e5,-2.17982e-9
1457851350,32331690.489779413,30191143.49448169,2140.547,4.07629e14,2.2651,-1.76778e6,8.73896e5,-2.19289e-9
1457851380,32328822.861514263,30176736.06357989,2152.087,4.08702e14,2.5342,-1.78069e6,8.79108e5,-2.20596e-9
1457851410,32325901.588364936,30162290.769188367,2163.611,4.07386e14,2.2040,-1.78832e6,8.84321e5,-2.21904e-9
1457851440,32322926.686812285,30147807.745730877,2175.119,4.00287e14,0.4231,-1.78302e6,8.89537e5,-2.23212e-9
1457851470,32319898.17365126,30133287.128423084,2186.611,3.75877e14,5.7009,-1.73867e6,8.94755e5,-2.24520e-9
1457851500,32316816.065991554,30118729.053276323,2198.087,3.69965e14,7.1839,-1.73546e6,8.99975e5,-2.25829e-9
1457851530,32313680.38125921,30104133.657060552,2209.547,3.90897e14,1.9325,-1.79307e6,9.05196e5,-2.27138e-9
1457851560,32310491.1371942,30089501.07743367,2220.990,3.82803e14,3.9632,-1.78493e6,9.10420e5,-2.28448e-9
1457851590,32307248.351854224,30074831.45281926,2232.417,3.85637e14,3.2522,-1.80168e6,9.15645e5,-2.29759e-9
1457851620,32303952.043614328,30060124.92245075,2243.827,4.13825e14,3.8196,-1.87710e6,9.20873e5,-2.31070e-9
1457851650,32300602.23116762,30045381.62637478,2255.221,4.04296e14,1.4288,-1.86561e6,9.26102e5,-2.32381e-9
1457851680,32297198.933526002,30030601.705454573,2266.597,4.04326e14,1.4365,-1.87621e6,9.31333e5,-2.33693e-9
1457851710,32293742.170020863,30015785.30137336,2277.957,4.04422e14,1.4604,-1.88698e6,9.36566e5,-2.35005e-9
1457851740,32290231.960303772,30000932.556637727,2289.299,3.75447e14,5.8088,-1.82905e6,9.41801e5,-2.36318e-9
1457851770,32286668.32434722,29986043.614581008,2300.625,3.69012e14,7.4231,-1.82393e6,9.47038e5,-2.37631e-9
1457851800,32283051.28244532,29971118.619366687,2311.933,3.90350e14,2.0698,-1.88500e6,9.52277e5,-2.38945e-9
1457851830,32279380.85520032,29956157.71602297,2323.223,3.96641e14,0.4916,-1.91048e6,9.57517e5,-2.40259e-9
1457851860,32275657.063567102,29941161.050350208,2334.496,4.06014e14,1.8599,-1.94358e6,9.62759e5,-2.41574e-9
1457851890,32271879.928810034,29926128.769020658,2345.751,3.86866e14,2.9438,-1.90766e6,9.68004e5,-2.42889e-9
1457851920,32268049.47251779,29911061.019551028,2356.988,4.05079e14,1.6253,-1.96247e6,9.73249e5,-2.44204e-9
1457851950,32264165.71660398,29895957.95030622,2368.208,4.24390e14,6.4699,-2.02046e6,9.78497e5,-2.45520e-9
1457851980,32260228.68330771,29880819.71050309,2379.409,3.93811e14,1.2015,-1.95582e6,9.83746e5,-2.46836e-9
1457852010,32256238.395194326,29865646.450214196,2390.592,3.85536e14,3.2777,-1.94572e6,9.88997e5,-2.48153e-9
1457852040,32252194.875155956,29850438.320371624,2401.757,3.85190e14,3.3645,-1.95518e6,9.94250e5,-2.49470e-9
1457852070,32248098.146412198,29835195.4727708,2412.903,3.90896e14,1.9328,-1.97983e6,9.99505e5,-2.50788e-9
1457852100,32243948.232510816,29819918.060074236,2424.030,4.12807e14,3.5640,-2.04547e6,1.00476e6,-2.52106e-9
1457852130,32239745.15734633,29804606.23579886,2435.139,4.08737e14,2.5430,-2.04586e6,1.01002e6,-2.53425e-9
1457852160,32235488.94510553,29789260.154370908,2446.229,3.75161e14,5.8806,-1.97098e6,1.01528e6,-2.54743e-9
1457852190,32231179.620323498,29773879.971078407,2457.300,3.81949e14,4.1775,-1.99857e6,1.02054e6,-2.56063e-9
1457852220,32226817.207866564,29758465.84209157,2468.351,3.97689e14,0.2287,-2.04938e6,1.02580e6,-2.57383e-9
1457852250,32222401.732933246,29743017.92446644,2479.384,3.99105e14,0.1267,-2.06356e6,1.03107e6,-2.58703e-9
1457852280,32217933.22105516,29727536.37614853,2490.397,4.04690e14,1.5277,-2.08862e6,1.03633e6,-2.60023e-9
1457852310,32213411.698097914,29712021.355976634,2501.390,4.14385e14,3.9600,-2.12457e6,1.04160e6,-2.61344e-9
1457852340,32208837.190262146,29696473.02368639,2512.364,4.06908e14,2.0842,-2.11568e6,1.04687e6,-2.62665e-9
1457852370,32204209.7240844,29680891.53991406,2523.318,4.14401e14,3.9640,-2.14610e6,1.05214e6,-2.63987e-9
1457852400,32199529.326438084,29665277.066200115,2534.252,4.23298e14,6.1961,-2.18046e6,1.05741e6,-2.65309e-9
1457852430,32194796.024519116,29649629.764995724,2545.166,4.05130e14,1.6380,-2.14289e6,1.06269e6,-2.66631e-9
1457852460,32190009.84589434,29633949.799658027,2556.060,3.82708e14,3.9871,-2.09344e6,1.06796e6,-2.67954e-9
1457852490,32185170.818455037,29618237.334462255,2566.933,3.88664e14,2.4927,-2.11982e6,1.07324e6,-2.69277e-9
1457852520,32180278.970433053,29602492.534602717,2577.786,4.09758e14,2.7991,-2.18732e6,1.07852e6,-2.70601e-9
1457852550,32175334.330401793,29586715.566196524,2588.619,4.09945e14,2.8461,-2.19854e6,1.08379e6,-2.71924e-9
1457852580,32170336.927277062,29570906.596287325,2599.430,4.06671e14,2.0248,-2.20030e6,1.08908e6,-2.73249e-9
1457852610,32165286.790318023,29555065.79284901,2610.221,3.95289e14,0.8308,-2.17971e6,1.09436e6,-2.74573e-9
1457852640,32160183.949128017,29539193.3247895,2620.991,4.08269e14,2.4256,-2.22605e6,1.09964e6,-2.75898e-9
1457852670,32155028.43365556,29523289.361954443,2631.739,3.98782e14,0.0456,-2.21044e6,1.10493e6,-2.77223e-9
1457852700,32149820.27419522,29507354.075130988,2642.466,3.88487e14,2.5371,-2.19234e6,1.11021e6,-2.78548e-9
1457852730,32144559.501400262,29491387.636057988,2653.172,4.05618e14,1.7606,-2.25072e6,1.11550e6,-2.79874e-9
1457852760,32139246.146247655,29475390.21740995,2663.856,4.09472e14,2.7275,-2.27222e6,1.12079e6,-2.81200e-9
1457852790,32133880.240075037,29459361.99282069,2674.518,4.14812e14,4.0672,-2.29803e6,1.12608e6,-2.82526e-9
1457852820,32128461.814570136,29443303.13688066,2685.159,3.90376e14,2.0632,-2.23946e6,1.13137e6,-2.83853e-9
1457852850,32122990.901771836,29427213.82514081,2695.777,3.88748e14,2.4718,-2.24529e6,1.13666e6,-2.85180e-9
1457852880,32117467.534071323,29411094.23411644,2706.373,4.00321e14,0.4316,-2.28890e6,1.14195e6,-2.86507e-9
1457852910,32111891.744213186,29394944.541291,2716.947,3.97414e14,0.2978,-2.29114e6,1.14724e6,-2.87834e-9
1457852940,32106263.56529654,29378764.925119948,2727.499,3.95045e14,0.8920,-2.29486e6,1.15254e6,-2.89162e-9
1457852970,32100583.03077615,29362555.565034512,2738.027,3.82803e14,3.9632,-2.26984e6,1.15783e6,-2.90490e-9
1457853000,32094850.174463592,29346316.64144558,2748.534,3.76386e14,5.5732,-2.26149e6,1.16313e6,-2.91818e-9
1457853030,32089065.030521117,29330048.335737422,2759.017,3.78355e14,5.0791,-2.27756e6,1.16843e6,-2.93146e-9
1457853060,32083227.63348539,29313750.830302533,2769.477,3.89494e14,2.2846,-2.32069e6,1.17373e6,-2.94475e-9
1457853090,32077338.018245973,29297424.308514316,2779.914,3.84718e14,3.4828,-2.31704e6,1.17903e6,-2.95804e-9
1457853120,32071396.220053867,29281068.954740867,2790.327,3.95673e14,0.7344,-2.36000e6,1.18433e6,-2.97133e-9
1457853150,32065402.27452257,29264684.954348695,2800.717,4.12277e14,3.4311,-2.42012e6,1.18963e6,-2.98462e-9
1457853180,32059356.21762928,29248272.49370646,2811.084,4.01322e14,0.6828,-2.39806e6,1.19493e6,-2.99791e-9
1457853210,32053258.085716058,29231831.76018869,2821.426,3.79665e14,4.7505,-2.34348e6,1.20023e6,-3.01121e-9
1457853240,32047107.915490936,29215362.94217944,2831.745,3.75864e14,5.7040,-2.34234e6,1.20553e6,-3.02450e-9
1457853270,32040905.744029183,29198866.2290761,2842.040,3.91954e14,1.6675,-2.40152e6,1.21084e6,-3.03780e-9
1457853300,32034651.608774383,29182341.81129299,2852.310,4.04962e14,1.5960,-2.45172e6,1.21614e6,-3.05110e-9
1457853330,32028345.547540087,29165789.880272128,2862.556,4.02293e14,0.9265,-2.45424e6,1.22145e6,-3.06440e-9
1457853360,32021987.598509815,29149210.628465354,2872.777,4.17651e14,4.7794,-2.51216e6,1.22675e6,-3.07770e-9
1457853390,32015577.80023954,29132604.24935977,2882.974,4.18149e14,4.9044,-2.52456e6,1.23206e6,-3.09101e-9
1457853420,32009116.19165847,29115970.937474437,2893.145,3.78632e14,5.0097,-2.41276e6,1.23736e6,-3.10431e-9
1457853450,32002602.812070344,29099310.88836412,2903.292,3.82560e14,4.0243,-2.43535e6,1.24267e6,-3.11762e-9
1457853480,31996037.701154657,29082624.298623063,2913.413,3.97979e14,0.1558,-2.49402e6,1.24798e6,-3.13092e-9
1457853510,31989420.898968004,29065911.365888827,2923.510,3.94407e14,1.0519,-2.49339e6,1.25328e6,-3.14423e-9
1457853540,31982752.445945315,29049172.288845927,2933.580,3.81681e14,4.2447,-2.46376e6,1.25859e6,-3.15754e-9
1457853570,31976032.38290122,29032407.267229658,2943.625,3.94326e14,1.0723,-2.51425e6,1.26390e6,-3.17084e-9
1457853600,31969260.751031328,29015616.501829848,2953.644,3.73178e14,6.3778,-2.45746e6,1.26921e6,-3.18415e-9
1457853630,31962437.59192313,28998800.194499616,2963.637,3.64733e14,8.4966,-2.44073e6,1.27452e6,-3.19746e-9
1457853660,31955562.94752813,28981958.548143636,2973.604,3.99372e14,0.1937,-2.56212e6,1.27982e6,-3.21077e-9
1457853690,31948636.860192467,28965091.766737293,2983.545,3.87455e14,2.7960,-2.53432e6,1.28513e6,-3.22408e-9
1457853720,31941659.372648835,28948200.055325422,2993.459,3.78838e14,4.9580,-2.51688e6,1.29044e6,-3.23738e-9
1457853750,31934630.528018076,28931283.620026104,3003.347,3.96022e14,0.6468,-2.58309e6,1.29575e6,-3.25069e-9
1457853780,31927550.369810622,28914342.66803429,3013.208,4.09198e14,2.6587,-2.63668e6,1.30105e6,-3.26400e-9
1457853810,31920418.94192799,28897377.407625616,3023.042,4.04003e14,1.3553,-2.63040e6,1.30636e6,-3.27731e-9
1457853840,31913236.288664307,28880388.048159953,3032.848,3.94880e14,0.9334,-2.61106e6,1.31167e6,-3.29061e-9
1457853870,31906002.45470778,28863374.800085153,3042.628,4.01544e14,0.7386,-2.64364e6,1.31697e6,-3.30392e-9
1457853900,31898717.48514228,28846337.87494063,3052.380,3.95363e14,0.8122,-2.63379e6,1.32228e6,-3.31722e-9
1457853930,31891381.425430853,28829277.48533923,3062.104,3.92581e14,1.5100,-2.63509e6,1.32759e6,-3.33053e-9
1457853960,31883994.321472544,28812193.845037814,3071.800,3.96699e14,0.4771,-2.65938e6,1.33289e6,-3.34383e-9
1457853990,31876556.219548564,28795087.16887373,3081.469,3.90944e14,1.9207,-2.65065e6,1.33820e6,-3.35713e-9
1457854020,31869067.166341618,28777957.67278981,3091.109,3.83947e14,3.6763,-2.63757e6,1.34350e6,-3.37043e-9
1457854050,31861527.208937213,28760805.573837794,3100.722,3.88571e14,2.5161,-2.66362e6,1.34881e6,-3.38373e-9
1457854080,31853936.394825175,28743631.09018166,3110.305,3.84852e14,3.4491,-2.66146e6,1.35411e6,-3.39702e-9
1457854110,31846294.771901004,28726434.44110095,3119.860,3.80508e14,4.5391,-2.65706e6,1.35941e6,-3.41032e-9
1457854140,31838602.388467353,28709215.84699412,3129.387,4.08876e14,2.5778,-2.76454e6,1.36471e6,-3.42361e-9
1457854170,31830859.293235406,28691975.529381797,3138.884,3.97102e14,0.3759,-2.73481e6,1.37001e6,-3.43690e-9
1457854200,31823065.53532644,28674713.710910153,3148.352,3.93173e14,1.3617,-2.73183e6,1.37531e6,-3.45018e-9
1457854230,31815221.16429337,28657430.61538628,3157.791,4.01353e14,0.6906,-2.77068e6,1.38061e6,-3.46347e-9
1457854260,31807326.23006022,28640126.467682466,3167.200,3.76391e14,5.5718,-2.69453e6,1.38591e6,-3.47675e-9
1457854290,31799380.78298584,28622801.49383891,3176.579,3.83560e14,3.7733,-2.72984e6,1.39120e6,-3.49003e-9
1457854320,31791384.873845562,28605455.921035036,3185.929,3.92706e14,1.4789,-2.77227e6,1.39650e6,-3.50330e-9
1457854350,31783338.553832818,28588089.977593046,3195.249,3.80199e14,4.6165,-2.73879e6,1.40179e6,-3.51658e-9
1457854380,31775241.874560937,28570703.892981403,3204.538,3.80466e14,4.5495,-2.75007e6,1.40709e6,-3.52984e-9
1457854410,31767094.888064936,28553297.89781839,3213.797,4.02521e14,0.9836,-2.83855e6,1.41238e6,-3.54311e-9
1457854440,31758897.64680325,28535872.223875497,3223.025,4.06220e14,1.9115,-2.86233e6,1.41767e6,-3.55637e-9
1457854470,31750650.203659575,28518427.104080997,3232.223,3.90369e14,2.0650,-2.81643e6,1.42295e6,-3.56963e-9
1457854500,31742352.611944586,28500962.772523228,3241.390,3.87777e14,2.7153,-2.81760e6,1.42824e6,-3.58288e-9
1457854530,31734004.925382867,28483479.464423843,3250.525,3.90344e14,2.0714,-2.83725e6,1.43353e6,-3.59613e-9
1457854560,31725607.198160876,28465977.416234437,3259.630,3.99619e14,0.2556,-2.88118e6,1.43881e6,-3.60938e-9
1457854590,31717159.48488251,28448456.865546096,3268.703,4.02666e14,1.0198,-2.90279e6,1.44409e6,-3.62262e-9
1457854620,31708661.840585716,28430918.051122896,3277.744,3.90883e14,1.9362,-2.87056e6,1.44937e6,-3.63585e-9
1457854650,31700114.32074427,28413361.212904844,3286.753,3.87494e14,2.7864,-2.86864e6,1.45465e6,-3.64908e-9
1457854680,31691516.981269494,28395786.59201085,3295.730,3.95369e14,0.8106,-2.90788e6,1.45992e6,-3.66231e-9
1457854710,31682869.878512066,28378194.43074167,3304.675,4.12688e14,3.5342,-2.98204e6,1.46519e6,-3.67553e-9
1457854740,31674173.069263656,28360584.972582806,3313.588,4.16387e14,4.4623,-3.00641e6,1.47046e6,-3.68874e-9
1457854770,31665426.610758767,28342958.462207373,3322.468,3.93376e14,1.3108,-2.93199e6,1.47573e6,-3.70195e-9
1457854800,31656630.560676433,28325315.145478897,3331.315,3.85011e14,3.4094,-2.91137e6,1.48100e6,-3.71515e-9
1457854830,31647784.977146626,28307655.269475292,3340.130,3.99384e14,0.1965,-2.97530e6,1.48626e6,-3.72835e-9
1457854860,31638889.91873793,28289979.08242647,3348.911,4.04244e14,1.4158,-3.00401e6,1.49152e6,-3.74153e-9
1457854890,31629945.44447351,28272286.833782554,3357.659,4.08655e14,2.5224,-3.03116e6,1.49678e6,-3.75472e-9
1457854920,31620951.613828372,28254578.774195556,3366.373,4.26384e14,6.9703,-3.10861e6,1.50204e6,-3.76789e-9
1457854950,31611908.48673127,28236855.155522253,3375.053,4.20169e14,5.4110,-3.09597e6,1.50729e6,-3.78106e-9
1457854980,31602816.123566538,28219116.23082703,3383.700,4.07266e14,2.1739,-3.05779e6,1.51254e6,-3.79422e-9
1457855010,31593674.585176088,28201362.25438467,3392.312,4.07376e14,2.2016,-3.06882e6,1.51778e6,-3.80737e-9
1457855040,31584483.932861302,28183593.48168314,3400.890,4.03200e14,1.1539,-3.06346e6,1.52303e6,-3.82052e-9
1457855070,31575244.228384946,28165810.169426326,3409.434,3.94336e14,1.0699,-3.04002e6,1.52827e6,-3.83366e-9
1457855100,31565955.53397322,28148012.57553673,3417.943,4.10571e14,3.0032,-3.11288e6,1.53351e6,-3.84679e-9
1457855130,31556617.912327085,28130200.95914563,3426.417,4.07622e14,2.2634,-3.11212e6,1.53874e6,-3.85991e-9
1457855160,31547231.42659534,28112375.58063427,3434.856,3.93327e14,1.3231,-3.06733e6,1.54397e6,-3.87302e-9
1457855190,31537796.140405666,28094536.701597698,3443.259,3.88471e14,2.5414,-3.05884e6,1.54920e6,-3.88612e-9
1457855220,31528312.117857285,28076684.584859733,3451.628,3.99559e14,0.2405,-3.11239e6,1.55442e6,-3.89922e-9
1457855250,31518779.423523124,28058819.49447532,3459.960,4.11806e14,3.3130,-3.17075e6,1.55964e6,-3.91230e-9
1457855280,31509198.122451924,28040941.69573292,3468.256,3.84648e14,3.5004,-3.07474e6,1.56485e6,-3.92538e-9
1457855310,31499568.2801704,28023051.45515677,3476.517,3.99902e14,0.3265,-3.14506e6,1.57007e6,-3.93844e-9
1457855340,31489889.96268535,28005149.040509127,3484.741,4.26587e14,7.0212,-3.26093e6,1.57527e6,-3.95150e-9
1457855370,31480163.236485813,27987234.720792495,3492.929,4.06933e14,2.0905,-3.19378e6,1.58048e6,-3.96454e-9
1457855400,31470388.168545213,27969308.766251694,3501.079,3.90450e14,2.0446,-3.13872e6,1.58567e6,-3.97757e-9
1457855430,31460564.82629977,27951371.448382862,3509.193,4.04660e14,1.5203,-3.20570e6,1.59087e6,-3.99060e-9
1457855460,31450693.277723767,27933423.039914507,3517.270,4.03950e14,1.3422,-3.21332e6,1.59606e6,-4.00361e-9
1457855490,31440773.591258492,27915463.814830538,3525.310,3.96483e14,0.5311,-3.19376e6,1.60124e6,-4.01661e-9
1457855520,31430805.83583784,27897494.0483655,3533.312,3.98931e14,0.0830,-3.21396e6,1.60643e6,-4.02959e-9
1457855550,31420790.080890317,27879514.01700653,3541.276,3.91447e14,1.7946,-3.19405e6,1.61160e6,-4.04257e-9
1457855580,31410726.3963411,27861523.998495277,3549.202,3.89946e14,2.1712,-3.19821e6,1.61677e6,-4.05553e-9
1457855610,31400614.85261398,27843524.27182984,3557.091,3.93421e14,1.2993,-3.22257e6,1.62194e6,-4.06848e-9
1457855640,31390455.520633444,27825515.117266487,3564.940,3.96090e14,0.6299,-3.24371e6,1.62710e6,-4.08142e-9
1457855670,31380248.471826695,27807496.816321522,3572.752,4.08765e14,2.5501,-3.30588e6,1.63226e6,-4.09435e-9
1457855700,31369993.77812573,27789469.651772946,3580.524,4.13545e14,3.7493,-3.33594e6,1.63741e6,-4.10726e-9
1457855730,31359691.51200142,27771433.90765778,3588.258,4.07847e14,2.3198,-3.32294e6,1.64255e6,-4.12015e-9
1457855760,31349341.746367227,27753389.8692871,3595.952,4.03685e14,1.2756,-3.31614e6,1.64769e6,-4.13304e-9
1457855790,31338944.554679938,27735337.823234137,3603.607,3.88168e14,2.6174,-3.26213e6,1.65282e6,-4.14591e-9
1457855820,31328500.01091027,27717278.057340097,3611.222,3.89517e14,2.2789,-3.27786e6,1.65795e6,-4.15876e-9
1457855850,31318008.18954525,27699210.860715535,3618.797,3.96128e14,0.6202,-3.31556e6,1.66307e6,-4.17160e-9
1457855880,31307469.165590778,27681136.52374164,3626.333,3.99316e14,0.1796,-3.33910e6,1.66819e6,-4.18442e-9
1457855910,31296883.014574055,27663055.338071615,3633.828,4.02560e14,0.9934,-3.36294e6,1.67330e6,-4.19723e-9
1457855940,31286249.812546168,27644967.596631765,3641.282,3.94665e14,0.9872,-3.33995e6,1.67840e6,-4.21003e-9
1457855970,31275569.63608455,27626873.593622692,3648.696,3.88088e14,2.6372,-3.32232e6,1.68350e6,-4.22280e-9
1457856000,31264842.562295604,27608773.62452035,3656.069,3.88292e14,2.5862,-3.33322e6,1.68859e6,-4.23556e-9
1457856030,31254068.66878929,27590667.986084577,3663.401,3.99505e14,0.2269,-3.39089e6,1.69367e6,-4.24830e-9
1457856060,31243248.033767644,27572556.976336837,3670.691,4.03663e14,1.2700,-3.41877e6,1.69875e6,-4.26103e-9
1457856090,31232380.735941205,27554440.89458434,3677.940,4.00165e14,0.3925,-3.41402e6,1.70382e6,-4.27374e-9
1457856120,31221466.854559176,27536320.041413337,3685.147,4.00158e14,0.3909,-3.42413e6,1.70888e6,-4.28643e-9
1457856150,31210506.46941175,27518194.71868991,3692.312,4.04361e14,1.4452,-3.45232e6,1.71393e6,-4.29910e-9
1457856180,31199499.66083249,27500065.229560677,3699.434,3.86229e14,3.1038,-3.38431e6,1.71898e6,-4.31175e-9
1457856210,31188446.509700656,27481931.87845341,3706.515,3.86734e14,2.9770,-3.39641e6,1.72402e6,-4.32439e-9
1457856240,31177347.0974435,27463794.971077573,3713.552,4.09165e14,2.6503,-3.50360e6,1.72905e6,-4.33700e-9
1457856270,31166201.50603864,27445654.81442475,3720.547,4.05371e14,1.6986,-3.49728e6,1.73408e6,-4.34960e-9
1457856300,31155009.81801647,27427511.716769062,3727.498,4.02682e14,1.0239,-3.49566e6,1.73910e6,-4.36218e-9
1457856330,31143772.116474677,27409365.987650935,3734.406,4.00631e14,0.5094,-3.49676e6,1.74410e6,-4.37473e-9
1457856360,31132488.485042922,27391217.93792815,3741.271,3.97250e14,0.3388,-3.49195e6,1.74911e6,-4.38727e-9
1457856390,31121159.007923145,27373067.879725005,3748.091,3.90913e14,1.9287,-3.47403e6,1.75410e6,-4.39978e-9
1457856420,31109783.769879747,27354916.126448616,3754.868,3.85691e14,3.2387,-3.46085e6,1.75908e6,-4.41227e-9
1457856450,31098362.856242236,27336762.99278887,3761.600,3.98935e14,0.0840,-3.52924e6,1.76406e6,-4.42474e-9
1457856480,31086896.352907684,27318608.79471809,3768.288,4.06005e14,1.8576,-3.57054e6,1.76902e6,-4.43719e-9
1457856510,31075384.346343394,27300453.849490713,3774.930,4.00401e14,0.4516,-3.55561e6,1.77398e6,-4.44962e-9
1457856540,31063826.923589498,27282298.475642882,3781.528,4.06765e14,2.0484,-3.59392e6,1.77893e6,-4.46202e-9
1457856570,31052224.172261603,27264142.99299194,3788.081,4.03293e14,1.1772,-3.58836e6,1.78387e6,-4.47440e-9
1457856600,31040576.18055341,27245987.722635876,3794.588,3.89614e14,2.2546,-3.53690e6,1.78879e6,-4.48675e-9
1457856630,31028883.037247326,27227832.986977074,3801.050,3.97490e14,0.2786,-3.58206e6,1.79371e6,-4.49909e-9
1457856660,31017144.831692908,27209679.109646257,3807.466,4.02007e14,0.8546,-3.61224e6,1.79862e6,-4.51139e-9
1457856690,31005361.653833885,27191526.41557724,3813.835,3.92327e14,1.5739,-3.57828e6,1.80352e6,-4.52368e-9
1457856720,30993533.594203033,27173375.23098185,3820.158,3.98065e14,0.1344,-3.61401e6,1.80841e6,-4.53593e-9
1457856750,30981660.7439251,27155225.88334905,3826.435,3.99032e14,0.1084,-3.62816e6,1.81329e6,-4.54816e-9
1457856780,30969743.194719512,27137078.701444037,3832.664,3.95508e14,0.7758,-3.62183e6,1.81816e6,-4.56037e-9
1457856810,30957781.038903303,27118934.01530738,3838.847,3.98335e14,0.0666,-3.64443e6,1.82302e6,-4.57255e-9
1457856840,30945774.369393915,27100792.1562538,3844.982,4.13213e14,3.6659,-3.72233e6,1.82787e6,-4.58470e-9
1457856870,30933723.279712,27082653.45687109,3851.070,4.19898e14,5.3431,-3.76290e6,1.83271e6,-4.59683e-9
1457856900,30921627.863984324,27064518.251018766,3857.110,4.07155e14,2.1462,-3.71408e6,1.83753e6,-4.60892e-9
1457856930,30909488.216923136,27046386.87380233,3863.101,3.97073e14,0.3833,-3.67721e6,1.84235e6,-4.62099e-9
1457856960,30897304.433901258,27028259.661646966,3869.045,3.98575e14,0.0065,-3.69376e6,1.84715e6,-4.63303e-9
1457856990,30885076.610882543,27010136.952220388,3874.940,4.02246e14,0.9145,-3.72039e6,1.85194e6,-4.64504e-9
1457857020,30872804.844447967,26992019.084455352,3880.786,3.91771e14,1.7134,-3.68121e6,1.85672e6,-4.65702e-9
1457857050,30860489.231798287,26973906.398547612,3886.583,3.87407e14,2.8081,-3.67028e6,1.86149e6,-4.66897e-9
1457857080,30848129.870756745,26955799.23595375,3892.331,3.92935e14,1.4213,-3.70553e6,1.86624e6,-4.68089e-9
1457857110,30835726.85977178,26937697.939388897,3898.029,3.89733e14,2.2247,-3.69992e6,1.87099e6,-4.69278e-9
1457857140,30823280.297919683,26919602.852824323,3903.677,3.89642e14,2.2475,-3.70884e6,1.87572e6,-4.70464e-9
1457857170,30810790.28490737,26901514.3214849,3909.276,4.02585e14,0.9997,-3.77921e6,1.88044e6,-4.71647e-9
1457857200,30798256.921075147,26883432.69184653,3914.824,4.01005e14,0.6033,-3.78120e6,1.88514e6,-4.72826e-9
1457857230,30785680.307428956,26865358.311650686,3920.322,3.97739e14,0.2160,-3.77513e6,1.88983e6,-4.74002e-9
1457857260,30773060.545552228,26847291.529847987,3925.769,4.01964e14,0.8438,-3.80454e6,1.89451e6,-4.75175e-9
1457857290,30760397.73769989,26829232.696649097,3931.165,3.94718e14,0.9740,-3.77939e6,1.89918e6,-4.76344e-9
1457857320,30747691.986771896,26811182.1635043,3936.510,3.93521e14,1.2744,-3.78293e6,1.90383e6,-4.77510e-9
1457857350,30734943.39631639,26793140.283100426,3941.803,4.06831e14,2.0648,-3.85586e6,1.90847e6,-4.78673e-9
1457857380,30722152.070532806,26775107.40935769,3947.045,4.00041e14,0.3614,-3.83262e6,1.91309e6,-4.79832e-9
1457857410,30709318.114275,26757083.897426356,3952.234,3.95825e14,0.6962,-3.82157e6,1.91770e6,-4.80987e-9
1457857440,30696441.63305443,26739070.10368332,3957.372,4.04455e14,1.4687,-3.87233e6,1.92230e6,-4.82139e-9
1457857470,30683522.733043287,26721066.38572856,3962.456,3.97927e14,0.1690,-3.85001e6,1.92688e6,-4.83287e-9
1457857500,30670561.521077737,26703073.10238143,3967.488,3.92479e14,1.5359,-3.83273e6,1.93144e6,-4.84432e-9
1457857530,30657558.10463188,26685090.613667615,3972.467,3.95403e14,0.8022,-3.85596e6,1.93599e6,-4.85573e-9
1457857560,30644512.591910914,26667119.280843798,3977.393,3.88080e14,2.6393,-3.82935e6,1.94053e6,-4.86709e-9
1457857590,30631425.09176419,26649159.466364767,3982.266,3.92506e14,1.5289,-3.85986e6,1.94505e6,-4.87842e-9
1457857620,30618295.71371737,26631211.53388847,3987.084,4.01041e14,0.6122,-3.91053e6,1.94955e6,-4.88971e-9
1457857650,30605124.567975383,26613275.84827157,3991.849,4.00147e14,0.3879,-3.91515e6,1.95404e6,-4.90096e-9
1457857680,30591911.76542543,26595352.775564928,3996.559,3.92237e14,1.5964,-3.88525e6,1.95851e6,-4.91218e-9
1457857710,30578657.417640023,26577442.683008865,4001.215,3.87509e14,2.7825,-3.87081e6,1.96297e6,-4.92334e-9
1457857740,30565361.636879947,26559545.939028326,4005.816,4.04077e14,1.3739,-3.96132e6,1.96741e6,-4.93447e-9
1457857770,30552024.53609735,26541662.913227905,4010.362,3.94761e14,0.9632,-3.92415e6,1.97183e6,-4.94556e-9
1457857800,30538646.228938732,26523793.976386704,4014.852,3.95635e14,0.7440,-3.93724e6,1.97624e6,-4.95660e-9
1457857830,30525226.829778418,26505939.500457164,4019.287,4.11871e14,3.3294,-4.02664e6,1.98063e6,-4.96760e-9
1457857860,30511766.453628007,26488099.858546972,4023.667,4.08790e14,2.5563,-4.02018e6,1.98500e6,-4.97856e-9
1457857890,30498265.21623333,26470275.424926333,4027.990,4.04659e14,1.5199,-4.00839e6,1.98935e6,-4.98947e-9
1457857920,30484723.234047417,26452466.5750181,4032.257,4.11060e14,3.1259,-4.04913e6,1.99369e6,-5.00034e-9
1457857950,30471140.624233883,26434673.68539198,4036.467,4.20008e14,5.3707,-4.10274e6,1.99801e6,-5.01117e-9
1457857980,30457517.504670307,26416897.133758534,4040.620,4.15429e14,4.2220,-4.08857e6,2.00231e6,-5.02194e-9
1457858010,30443853.99395164,26399137.298963092,4044.717,4.11957e14,3.3508,-4.07983e6,2.00659e6,-5.03267e-9
1457858040,30430150.21139358,26381394.560979426,4048.756,3.99164e14,0.1415,-4.02398e6,2.01085e6,-5.04336e-9
1457858070,30416406.277036004,26363669.300903328,4052.737,4.06361e14,1.9469,-4.06884e6,2.01509e6,-5.05399e-9
1457858100,30402622.31164635,26345961.900946047,4056.660,4.06603e14,2.0076,-4.07859e6,2.01932e6,-5.06458e-9
1457858130,30388798.43668675,26328272.744422566,4060.526,4.04081e14,1.3750,-4.07428e6,2.02352e6,-5.07512e-9
1457858160,30374934.774429336,26310602.215760123,4064.333,4.00922e14,0.5825,-4.06664e6,2.02771e6,-5.08561e-9
1457858190,30361031.447847467,26292950.70047554,4068.081,3.92826e14,1.4486,-4.03373e6,2.03187e6,-5.09605e-9
1457858220,30347088.58065515,26275318.585173048,4071.770,4.11516e14,3.2402,-4.13740e6,2.03602e6,-5.10644e-9
1457858250,30333106.297310192,26257706.257536937,4075.400,3.98110e14,0.1231,-4.07718e6,2.04014e6,-5.11678e-9
1457858280,30319084.723017294,26240114.106323898,4078.971,4.02477e14,0.9724,-4.10777e6,2.04424e6,-5.12706e-9
1457858310,30305023.98373132,26222542.52135537,4082.481,4.07709e14,2.2853,-4.14285e6,2.04833e6,-5.13730e-9
1457858340,30290924.20616034,26204991.893509608,4085.932,3.94603e14,1.0028,-4.08360e6,2.05239e6,-5.14748e-9
1457858370,30276785.5177689,26187462.61471369,4089.323,4.00267e14,0.4180,-4.12085e6,2.05643e6,-5.15761e-9
1457858400,30262608.046781223,26169955.077935234,4092.653,4.05065e14,1.6217,-4.15369e6,2.06045e6,-5.16768e-9
1457858430,30248391.922226373,26152469.677188355,4095.922,3.96522e14,0.5214,-4.11752e6,2.06444e6,-5.17770e-9
1457858460,30234137.273812238,26135006.80748107,4099.130,3.93117e14,1.3757,-4.10778e6,2.06842e6,-5.18766e-9
1457858490,30219844.232058488,26117566.864850868,4102.277,3.93999e14,1.1545,-4.12021e6,2.07237e6,-5.19757e-9
1457858520,30205512.92825823,26100150.24634163,4105.363,3.85831e14,3.2037,-4.08548e6,2.07630e6,-5.20742e-9
1457858550,30191143.49448169,26082757.349994607,4108.386,3.92634e14,1.4967,-4.12866e6,2.08021e6,-5.21721e-9
1457858580,30176736.06357989,26065388.574839335,4111.347,4.03465e14,1.2204,-4.19298e6,2.08409e6,-5.22694e-9
1457858610,30162290.769188367,26048044.32088431,4114.246,4.02365e14,0.9443,-4.19498e6,2.08795e6,-5.23662e-9
1457858640,30147807.745730877,26030724.989107452,4117.083,3.91849e14,1.6939,-4.14752e6,2.09179e6,-5.24623e-9
1457858670,30133287.128423084,26013430.98144649,4119.856,4.02462e14,0.9687,-4.21085e6,2.09560e6,-5.25579e-9
1457858700,30118729.053276323,25996162.70078894,4122.566,4.11614e14,3.2647,-4.26665e6,2.09939e6,-5.26528e-9
1457858730,30104133.657060552,25978920.550935496,4125.213,4.07382e14,2.2032,-4.25198e6,2.10315e6,-5.27472e-9
1457858760,30089501.07743367,25961704.93667195,4127.796,4.06297e14,1.9308,-4.25380e6,2.10689e6,-5.28409e-9
1457858790,30074831.45281926,25944516.263676006,4130.315,4.02295e14,0.9268,-4.24011e6,2.11060e6,-5.29340e-9
1457858820,30060124.92245075,25927354.93853328,4132.770,4.00213e14,0.4045,-4.23648e6,2.11429e6,-5.30264e-9
1457858850,30045381.62637478,25910221.368726145,4135.160,4.03135e14,1.1377,-4.25934e6,2.11795e6,-5.31182e-9
1457858880,30030601.705454573,25893115.96262255,4137.486,4.06313e14,1.9349,-4.28355e6,2.12159e6,-5.32094e-9
1457858910,30015785.30137336,25876039.129464515,4139.746,3.98364e14,0.0593,-4.24848e6,2.12520e6,-5.32999e-9
1457858940,30000932.556637727,25858991.279356554,4141.941,4.00055e14,0.3649,-4.26467e6,2.12878e6,-5.33897e-9
1457858970,29986043.614581008,25841972.823253825,4144.071,4.07051e14,2.1199,-4.30920e6,2.13234e6,-5.34789e-9
1457859000,29971118.619366687,25824984.172950212,4146.134,4.05796e14,1.8053,-4.30962e6,2.13587e6,-5.35674e-9
1457859030,29956157.71602297,25808025.741099693,4148.132,4.00202e14,0.4018,-4.28667e6,2.13938e6,-5.36552e-9
1457859060,29941161.050350208,25791097.941100303,4150.063,3.99334e14,0.1839,-4.28896e6,2.14285e6,-5.37423e-9
1457859090,29926128.769020658,25774201.187185876,4151.928,4.17555e14,4.7553,-4.39394e6,2.14630e6,-5.38287e-9
1457859120,29911061.019551028,25757335.894379783,4153.725,4.07438e14,2.2172,-4.34640e6,2.14972e6,-5.39144e-9
1457859150,29895957.95030622,25740502.478482343,4155.455,3.94080e14,1.1341,-4.28112e6,2.15311e6,-5.39994e-9
1457859180,29880819.71050309,25723701.35605796,4157.118,4.05142e14,1.6411,-4.34763e6,2.15647e6,-5.40837e-9
1457859210,29865646.450214196,25706932.944422204,4158.714,4.10058e14,2.8745,-4.38098e6,2.15980e6,-5.41673e-9
1457859240,29850438.320371624,25690197.66162845,4160.241,4.11917e14,3.3408,-4.39776e6,2.16311e6,-5.42501e-9
1457859270,29835195.4727708,25673495.92645465,4161.700,4.04437e14,1.4644,-4.36378e6,2.16638e6,-5.43321e-9
1457859300,29819918.060074236,25656828.158389535,4163.090,3.96697e14,0.4775,-4.32819e6,2.16963e6,-5.44135e-9
1457859330,29804606.23579886,25640194.777585927,4164.411,3.92875e14,1.4364,-4.31377e6,2.17284e6,-5.44940e-9
1457859360,29789260.154370908,25623596.204948436,4165.664,3.92890e14,1.4326,-4.32017e6,2.17602e6,-5.45738e-9
1457859390,29773879.971078407,25607032.862016957,4166.847,4.02339e14,0.9380,-4.37807e6,2.17918e6,-5.46529e-9
1457859420,29758465.84209157,25590505.170985036,4167.961,4.06818e14,2.0617,-4.40886e6,2.18230e6,-5.47311e-9
1457859450,29743017.92446644,25574013.55468502,4169.004,4.00322e14,0.4320,-4.37950e6,2.18539e6,-5.48086e-9
1457859480,29727536.37614853,25557558.43657276,4169.978,3.97404e14,0.3002,-4.36960e6,2.18844e6,-5.48852e-9
1457859510,29712021.355976634,25541140.240712438,4170.881,3.99042e14,0.1108,-4.38465e6,2.19147e6,-5.49611e-9
1457859540,29696473.02368639,25524759.391760856,4171.714,3.95145e14,0.8668,-4.36919e6,2.19446e6,-5.50361e-9
1457859570,29680891.53991406,25508416.314951766,4172.475,3.94469e14,1.0364,-4.37136e6,2.19743e6,-5.51104e-9
1457859600,29665277.066200115,25492111.436079852,4173.166,3.96892e14,0.4286,-4.39056e6,2.20035e6,-5.51838e-9
1457859630,29649629.764995724,25475845.18151474,4173.785,3.98338e14,0.0659,-4.40432e6,2.20325e6,-5.52563e-9
1457859660,29633949.799658027,25459617.978091665,4174.332,4.03624e14,1.2603,-4.43928e6,2.20611e6,-5.53281e-9
1457859690,29618237.334462255,25443430.253188245,4174.807,3.97387e14,0.3045,-4.41042e6,2.20894e6,-5.53990e-9
1457859720,29602492.534602717,25427282.43467777,4175.210,3.93139e14,1.3701,-4.39243e6,2.21173e6,-5.54690e-9
1457859750,29586715.566196524,25411174.950912412,4175.541,3.96535e14,0.5182,-4.41677e6,2.21449e6,-5.55381e-9
1457859780,29570906.596287325,25395108.230706412,4175.798,3.95574e14,0.7592,-4.41686e6,2.21721e6,-5.56064e-9
1457859810,29555065.79284901,25379082.703318913,4175.983,4.01951e14,0.8405,-4.45771e6,2.21990e6,-5.56738e-9
1457859840,29539193.3247895,25363098.798436582,4176.095,4.02042e14,0.8635,-4.46355e6,2.22255e6,-5.57403e-9
1457859870,29523289.361954443,25347156.946156185,4176.132,4.01129e14,0.6345,-4.46371e6,2.22517e6,-5.58059e-9
1457859900,29507354.075130988,25331257.57696672,4176.096,4.08560e14,2.4986,-4.51040e6,2.22775e6,-5.58706e-9
1457859930,29491387.636057988,25315401.121706832,4175.987,4.07557e14,2.2470,-4.50994e6,2.23030e6,-5.59344e-9
1457859960,29475390.21740995,25299588.01162268,4175.802,4.00925e14,0.5832,-4.47787e6,2.23280e6,-5.59973e-9
1457859990,29459361.99282069,25283818.678273268,4175.543,4.04596e14,1.5040,-4.50340e6,2.23527e6,-5.60592e-9
1457860020,29443303.13688066,25268093.55353625,4175.210,4.05295e14,1.6796,-4.51223e6,2.23771e6,-5.61202e-9
1457860050,29427213.82514081,25252413.069588933,4174.801,3.91449e14,1.7941,-4.43927e6,2.24010e6,-5.61803e-9
1457860080,29411094.23411644,25236777.658888996,4174.317,3.87796e14,2.7106,-4.42340e6,2.24246e6,-5.62394e-9
1457860110,29394944.541291,25221187.75415497,4173.757,3.99415e14,0.2043,-4.49338e6,2.24478e6,-5.62975e-9
1457860140,29378764.925119948,25205643.78834658,4173.121,4.07645e14,2.2691,-4.54433e6,2.24706e6,-5.63546e-9
1457860170,29362555.565034512,25190146.194644798,4172.409,4.06693e14,2.0301,-4.54348e6,2.24930e6,-5.64108e-9
1457860200,29346316.64144558,25174695.406431742,4171.621,4.04487e14,1.4769,-4.53548e6,2.25150e6,-5.64660e-9
1457860230,29330048.335737422,25159291.857282627,4170.756,4.08647e14,2.5204,-4.56334e6,2.25366e6,-5.65202e-9
1457860260,29313750.830302533,25143935.980907448,4169.815,4.07162e14,2.1478,-4.55923e6,2.25578e6,-5.65734e-9
1457860290,29297424.308514316,25128628.211168017,4168.796,4.00211e14,0.4042,-4.52408e6,2.25786e6,-5.66255e-9
1457860320,29281068.954740867,25113368.982044972,4167.700,4.00621e14,0.5070,-4.53049e6,2.25990e6,-5.66767e-9
1457860350,29264684.954348695,25098158.727616746,4166.526,4.03407e14,1.2060,-4.55030e6,2.26190e6,-5.67268e-9
1457860380,29248272.49370646,25082997.882038314,4165.275,4.06846e14,2.0685,-4.57376e6,2.26386e6,-5.67759e-9
1457860410,29231831.76018869,25067886.87951987,4163.945,4.16581e14,4.5108,-4.63294e6,2.26577e6,-5.68239e-9
1457860440,29215362.94217944,25052826.15430519,4162.537,4.07341e14,2.1928,-4.58423e6,2.26764e6,-5.68709e-9
1457860470,29198866.2290761,25037816.14064984,4161.050,4.00064e14,0.3672,-4.54651e6,2.26947e6,-5.69168e-9
1457860500,29182341.81129299,25022857.272799272,4159.485,4.08746e14,2.5452,-4.59954e6,2.27126e6,-5.69616e-9
1457860530,29165789.880272128,25007949.984975066,4157.840,4.08903e14,2.5847,-4.60397e6,2.27301e6,-5.70054e-9
1457860560,29149210.628465354,24993094.71132639,4156.116,3.96598e14,0.5024,-4.53722e6,2.27471e6,-5.70481e-9
1457860590,29132604.24935977,24978291.885933895,4154.312,3.89651e14,2.2452,-4.50087e6,2.27636e6,-5.70896e-9
1457860620,29115970.937474437,24963541.942778416,4152.429,4.09615e14,2.7633,-4.61811e6,2.27798e6,-5.71301e-9
1457860650,29099310.88836412,24948845.315718114,4150.466,4.05839e14,1.8160,-4.59970e6,2.27954e6,-5.71694e-9
1457860680,29082624.298623063,24934202.438465327,4148.422,3.96892e14,0.4287,-4.55159e6,2.28107e6,-5.72076e-9
1457860710,29065911.365888827,24919613.744563345,4146.298,4.05959e14,1.8462,-4.60645e6,2.28255e6,-5.72447e-9
1457860740,29049172.288845927,24905079.667362854,4144.093,4.05402e14,1.7065,-4.60615e6,2.28398e6,-5.72806e-9
1457860770,29032407.267229658,24890600.6399982,4141.807,4.04214e14,1.4083,-4.60213e6,2.28536e6,-5.73154e-9
1457860800,29015616.501829848,24876177.095363524,4139.439,4.14754e14,4.0527,-4.66528e6,2.28670e6,-5.73490e-9
1457860830,28998800.194499616,24861809.4660613,4136.991,4.15364e14,4.2056,-4.67142e6,2.28800e6,-5.73815e-9
1457860860,28981958.548143636,24847498.184462234,4134.460,4.00757e14,0.5410,-4.59010e6,2.28924e6,-5.74128e-9
1457860890,28965091.766737293,24833243.682596132,4131.848,4.02250e14,0.9155,-4.60108e6,2.29044e6,-5.74429e-9
1457860920,28948200.055325422,24819046.39215426,4129.154,4.01752e14,0.7907,-4.60053e6,2.29159e6,-5.74717e-9
1457860950,28931283.620026104,24804906.744464397,4126.377,3.95670e14,0.7352,-4.56778e6,2.29270e6,-5.74994e-9
1457860980,28914342.66803429,24790825.170465324,4123.517,3.91591e14,1.7585,-4.54642e6,2.29375e6,-5.75259e-9
1457861010,28897377.407625616,24776802.100681487,4120.575,4.03538e14,1.2387,-4.61717e6,2.29476e6,-5.75512e-9
1457861040,28880388.048159953,24762837.965197228,4117.550,4.17072e14,4.6342,-4.69702e6,2.29572e6,-5.75752e-9
1457861070,28863374.800085153,24748933.193630997,4114.442,4.02252e14,0.9160,-4.61351e6,2.29662e6,-5.75980e-9
1457861100,28846337.87494063,24735088.21510931,4111.250,3.97022e14,0.3959,-4.58510e6,2.29748e6,-5.76195e-9
1457861130,28829277.48533923,24721303.45827537,4107.974,4.03904e14,1.3305,-4.62638e6,2.29829e6,-5.76398e-9
1457861160,28812193.845037814,24707579.351155546,4104.614,4.11568e14,3.2534,-4.67210e6,2.29905e6,-5.76588e-9
1457861190,28795087.16887373,24693916.32124064,4101.171,4.09001e14,2.6093,-4.65873e6,2.29975e6,-5.76766e-9
1457861220,28777957.67278981,24680314.795424588,4097.643,4.07077e14,2.1265,-4.64896e6,2.30041e6,-5.76930e-9
1457861250,28760805.573837794,24666775.199978024,4094.030,4.00811e14,0.5546,-4.61402e6,2.30101e6,-5.77082e-9
1457861280,28743631.09018166,24653297.960521564,4090.333,3.99401e14,0.2009,-4.60699e6,2.30156e6,-5.77221e-9
1457861310,28726434.44110095,24639883.501999095,4086.551,4.15147e14,4.1512,-4.69890e6,2.30206e6,-5.77347e-9
1457861340,28709215.84699412,24626532.248650704,4082.684,4.10252e14,2.9230,-4.67154e6,2.30251e6,-5.77459e-9
1457861370,28691975.529381797,24613244.62398569,4078.731,3.97634e14,0.2424,-4.59947e6,2.30290e6,-5.77558e-9
1457861400,28674713.710910153,24600021.05075517,4074.693,4.01859e14,0.8175,-4.62456e6,2.30324e6,-5.77644e-9
1457861430,28657430.61538628,24586861.9508969,4070.569,3.99471e14,0.2184,-4.61134e6,2.30353e6,-5.77716e-9
1457861460,28640126.467682466,24573767.74559367,4066.359,4.02204e14,0.9040,-4.62760e6,2.30376e6,-5.77775e-9
1457861490,28622801.49383891,24560738.855159044,4062.063,4.09323e14,2.6899,-4.66909e6,2.30394e6,-5.77821e-9
1457861520,28605455.921035036,24547775.699037295,4057.680,3.98977e14,0.0944,-4.60956e6,2.30406e6,-5.77852e-9
1457861550,28588089.977593046,24534878.695775177,4053.211,4.05869e14,1.8236,-4.64953e6,2.30413e6,-5.77870e-9
1457861580,28570703.892981403,24522048.262993466,4048.656,4.11433e14,3.2193,-4.68171e6,2.30415e6,-5.77874e-9
1457861610,28553297.89781839,24509284.81735849,4044.013,4.01884e14,0.8238,-4.62645e6,2.30410e6,-5.77864e-9
1457861640,28535872.223875497,24496588.77455341,4039.283,4.11095e14,3.1346,-4.67948e6,2.30401e6,-5.77840e-9
1457861670,28518427.104080997,24483960.54924943,4034.467,4.21015e14,5.6234,-4.73649e6,2.30385e6,-5.77802e-9
1457861700,28500962.772523228,24471400.55507683,4029.562,4.14417e14,3.9680,-4.69793e6,2.30364e6,-5.77749e-9
1457861730,28483479.464423843,24458909.204612847,4024.570,4.01119e14,0.6319,-4.62057e6,2.30337e6,-5.77683e-9
1457861760,28465977.416234437,24446486.909300227,4019.491,3.98016e14,0.1466,-4.60199e6,2.30305e6,-5.77602e-9
1457861790,28448456.865546096,24434134.07947067,4014.323,4.06563e14,1.9977,-4.65059e6,2.30266e6,-5.77506e-9
1457861820,28430918.051122896,24421851.12429843,4009.067,4.01590e14,0.7499,-4.62098e6,2.30222e6,-5.77396e-9
1457861850,28413361.212904844,24409638.45177095,4003.723,4.09157e14,2.6485,-4.66367e6,2.30172e6,-5.77271e-9
1457861880,28395786.59201085,24397496.468659405,3998.290,4.06872e14,2.0750,-4.64935e6,2.30116e6,-5.77132e-9
1457861910,28378194.43074167,24385425.58048918,3992.769,3.82245e14,4.1033,-4.50601e6,2.30054e6,-5.76978e-9
1457861940,28360584.972582806,24373426.19151015,3987.159,3.92571e14,1.5126,-4.56425e6,2.29987e6,-5.76809e-9
1457861970,28342958.462207373,24361498.70466693,3981.460,4.11017e14,3.1150,-4.66915e6,2.29913e6,-5.76625e-9
1457862000,28325315.145478897,24349643.5215691,3975.672,4.10528e14,2.9924,-4.66472e6,2.29833e6,-5.76425e-9
1457862030,28307655.269475292,24337861.042450923,3969.794,4.00707e14,0.5285,-4.60639e6,2.29748e6,-5.76211e-9
1457862060,28289979.08242647,24326151.666173194,3963.827,3.91810e14,1.7037,-4.55331e6,2.29656e6,-5.75982e-9
1457862090,28272286.833782554,24314515.79016102,3957.771,3.91391e14,1.8086,-4.54896e6,2.29558e6,-5.75737e-9
1457862120,28254578.774195556,24302953.810383942,3951.625,3.86740e14,2.9754,-4.52014e6,2.29454e6,-5.75477e-9
1457862150,28236855.155522253,24291466.121325683,3945.389,3.95496e14,0.7788,-4.56833e6,2.29343e6,-5.75201e-9
1457862180,28219116.23082703,24280053.115953766,3939.063,4.01215e14,0.6559,-4.59890e6,2.29227e6,-5.74910e-9
1457862210,28201362.25438467,24268715.185689073,3932.647,3.92190e14,1.6083,-4.54458e6,2.29104e6,-5.74603e-9
1457862240,28183593.48168314,24257452.72037537,3926.141,3.92839e14,1.4453,-4.54576e6,2.28975e6,-5.74281e-9
1457862270,28165810.169426326,24246266.108248785,3919.544,4.04110e14,1.3821,-4.60776e6,2.28840e6,-5.73943e-9
1457862300,28148012.57553673,24235155.7359072,3912.857,4.06076e14,1.8754,-4.61619e6,2.28699e6,-5.73588e-9
1457862330,28130200.95914563,24224121.988287304,3906.079,4.02773e14,1.0469,-4.59428e6,2.28551e6,-5.73218e-9
1457862360,28112375.58063427,24213165.2486104,3899.210,3.93154e14,1.3663,-4.53608e6,2.28396e6,-5.72832e-9
1457862390,28094536.701597698,24202285.89837547,3892.251,4.03512e14,1.2322,-4.59218e6,2.28235e6,-5.72430e-9
1457862420,28076684.584859733,24191484.3173209,3885.200,4.03483e14,1.2249,-4.58865e6,2.28068e6,-5.72012e-9
1457862450,28058819.49447532,24180760.88339377,3878.059,3.89150e14,2.3708,-4.50324e6,2.27895e6,-5.71577e-9
1457862480,28040941.69573292,24170115.97271922,3870.826,4.05206e14,1.6572,-4.59138e6,2.27714e6,-5.71126e-9
1457862510,28023051.45515677,24159549.959569752,3863.501,3.95653e14,0.7394,-4.53311e6,2.27528e6,-5.70659e-9
1457862540,28005149.040509127,24149063.216334626,3856.086,3.82929e14,3.9316,-4.45671e6,2.27334e6,-5.70175e-9
1457862570,27987234.720792495,24138656.113489084,3848.579,3.97608e14,0.2491,-4.53642e6,2.27134e6,-5.69675e-9
1457862600,27969308.766251694,24128329.019563694,3840.980,4.03604e14,1.2552,-4.56642e6,2.26928e6,-5.69158e-9
1457862630,27951371.448382862,24118082.301117014,3833.289,3.96142e14,0.6168,-4.51971e6,2.26715e6,-5.68625e-9
1457862660,27933423.039914507,24107916.322694615,3825.507,3.98763e14,0.0407,-4.53021e6,2.26495e6,-5.68074e-9
1457862690,27915463.814830538,24097831.44680866,3817.632,3.95204e14,0.8521,-4.50549e6,2.26268e6,-5.67507e-9
1457862720,27897494.0483655,24087828.03390393,3809.666,3.89786e14,2.2115,-4.47013e6,2.26035e6,-5.66923e-9
1457862750,27879514.01700653,24077906.442327183,3801.608,4.02255e14,0.9168,-4.53600e6,2.25794e6,-5.66322e-9
1457862780,27861523.998495277,24068067.028296582,3793.457,4.03185e14,1.1501,-4.53631e6,2.25547e6,-5.65704e-9
1457862810,27843524.27182984,24058310.145871017,3785.214,3.94049e14,1.1418,-4.47959e6,2.25294e6,-5.65069e-9
1457862840,27825515.117266487,24048636.146919597,3776.879,3.94773e14,0.9602,-4.47849e6,2.25033e6,-5.64416e-9
1457862870,27807496.816321522,24039045.381091032,3768.451,3.91750e14,1.7187,-4.45613e6,2.24765e6,-5.63746e-9
1457862900,27789469.651772946,24029538.195783176,3759.931,3.88203e14,2.6086,-4.43072e6,2.24491e6,-5.63059e-9
1457862930,27771433.90765778,24020114.936089087,3751.319,3.94081e14,1.1338,-4.45823e6,2.24210e6,-5.62355e-9
1457862960,27753389.8692871,24010775.9448388,3742.614,4.02058e14,0.8674,-4.49730e6,2.23921e6,-5.61633e-9
1457862990,27735337.823234137,24001521.562496584,3733.816,4.12416e14,3.4660,-4.54948e6,2.23626e6,-5.60894e-9
1457863020,27717278.057340097,23992352.127153844,3724.926,4.09129e14,2.6414,-4.52492e6,2.23324e6,-5.60137e-9
1457863050,27699210.860715535,23983267.974498745,3715.943,3.99160e14,0.1404,-4.46289e6,2.23014e6,-5.59362e-9
1457863080,27681136.52374164,23974269.43778585,3706.867,3.94940e14,0.9184,-4.43299e6,2.22698e6,-5.58570e-9
1457863110,27663055.338071615,23965356.847805873,3697.698,4.00198e14,0.4007,-4.45589e6,2.22374e6,-5.57760e-9
1457863140,27644967.596631765,23956530.53285561,3688.437,4.06553e14,1.9952,-4.48466e6,2.22043e6,-5.56932e-9
1457863170,27626873.593622692,23947790.81870784,3679.083,3.95233e14,0.8448,-4.41489e6,2.21706e6,-5.56087e-9
1457863200,27608773.62452035,23939138.02858143,3669.636,3.91248e14,1.8445,-4.38591e6,2.21361e6,-5.55223e-9
1457863230,27590667.986084577,23930572.48314912,3660.096,3.97351e14,0.3134,-4.41277e6,2.21009e6,-5.54341e-9
1457863260,27572556.976336837,23922094.50039234,3650.462,4.02713e14,1.0319,-4.43527e6,2.20649e6,-5.53441e-9
1457863290,27554440.89458434,23913704.395687502,3640.736,3.98291e14,0.0777,-4.40348e6,2.20283e6,-5.52524e-9
1457863320,27536320.041413337,23905402.481739484,3630.918,3.90722e14,1.9766,-4.35426e6,2.19909e6,-5.51588e-9
1457863350,27518194.71868991,23897189.068552718,3621.006,4.02533e14,0.9867,-4.41176e6,2.19528e6,-5.50633e-9
1457863380,27500065.229560677,23889064.463402454,3611.001,4.10176e14,2.9041,-4.44597e6,2.19139e6,-5.49661e-9
1457863410,27481931.87845341,23881028.97080617,3600.903,3.99039e14,0.1101,-4.37684e6,2.18743e6,-5.48670e-9
1457863440,27463794.971077573,23873082.892495118,3590.712,3.93896e14,1.1803,-4.34062e6,2.18340e6,-5.47661e-9
1457863470,27445654.81442475,23865226.52738601,3580.428,3.99266e14,0.1670,-4.36182e6,2.17930e6,-5.46633e-9
1457863500,27427511.716769062,23857460.171552926,3570.052,4.08273e14,2.4267,-4.40261e6,2.17512e6,-5.45587e-9
1457863530,27409365.987650935,23849784.118165348,3559.582,4.11541e14,3.2465,-4.41180e6,2.17087e6,-5.44522e-9
1457863560,27391217.93792815,23842198.65756501,3549.019,3.92725e14,1.4741,-4.30076e6,2.16654e6,-5.43439e-9
1457863590,27373067.879725005,23834704.07713333,3538.364,3.93964e14,1.1631,-4.29876e6,2.16214e6,-5.42337e-9
1457863620,27354916.126448616,23827300.661297698,3527.615,4.06263e14,1.9224,-4.35643e6,2.15767e6,-5.41216e-9
1457863650,27336762.99278887,23819988.69150375,3516.774,3.99720e14,0.2810,-4.31192e6,2.15312e6,-5.40077e-9
1457863680,27318608.79471809,23812768.44618805,3505.840,4.03231e14,1.1617,-4.32159e6,2.14850e6,-5.38919e-9
1457863710,27300453.849490713,23805640.200750902,3494.814,4.02200e14,0.9031,-4.30660e6,2.14380e6,-5.37742e-9
1457863740,27282298.475642882,23798604.22752921,3483.694,4.04213e14,1.4081,-4.30782e6,2.13902e6,-5.36547e-9
1457863770,27264142.99299194,23791660.79576974,3472.482,4.16169e14,4.4076,-4.36206e6,2.13417e6,-5.35332e-9
1457863800,27245987.722635876,23784810.17160248,3461.178,4.18381e14,4.9625,-4.36382e6,2.12925e6,-5.34099e-9
1457863830,27227832.986977074,23778052.618035547,3449.780,4.04564e14,1.4961,-4.27995e6,2.12425e6,-5.32846e-9
1457863860,27209679.109646257,23771388.394863382,3438.291,4.03023e14,1.1096,-4.26154e6,2.11917e6,-5.31575e-9
1457863890,27191526.41557724,23764817.75870654,3426.709,4.05865e14,1.8226,-4.26626e6,2.11402e6,-5.30285e-9
1457863920,27173375.23098185,23758340.96296489,3415.034,4.03305e14,1.1802,-4.24217e6,2.10879e6,-5.28975e-9
1457863950,27155225.88334905,23751958.25779233,3403.268,3.97980e14,0.1556,-4.20342e6,2.10348e6,-5.27647e-9
1457863980,27137078.701444037,23745669.890071757,3391.409,3.91670e14,1.7387,-4.15946e6,2.09810e6,-5.26299e-9
1457864010,27118934.01530738,23739476.103390276,3379.458,4.00459e14,0.4663,-4.19479e6,2.09265e6,-5.24932e-9
1457864040,27100792.1562538,23733377.138014738,3367.415,3.92597e14,1.5061,-4.14254e6,2.08711e6,-5.23546e-9
1457864070,27082653.45687109,23727373.230867412,3355.280,3.80094e14,4.6429,-4.06613e6,2.08150e6,-5.22141e-9
1457864100,27064518.251018766,23721464.615502097,3343.054,3.85988e14,3.1642,-4.08572e6,2.07582e6,-5.20717e-9
1457864130,27046386.87380233,23715651.522066403,3330.735,3.98179e14,0.1057,-4.13769e6,2.07005e6,-5.19273e-9
1457864160,27028259.661646966,23709934.177321427,3318.325,4.01596e14,0.7514,-4.14371e6,2.06421e6,-5.17810e-9
1457864190,27010136.952220388,23704312.804575395,3305.824,3.91216e14,1.8525,-4.07825e6,2.05829e6,-5.16328e-9
1457864220,26992019.084455352,23698787.62367478,3293.231,3.98511e14,0.0225,-4.10394e6,2.05230e6,-5.14826e-9
1457864250,26973906.398547612,23693358.850981586,3280.548,4.06376e14,1.9508,-4.13218e6,2.04623e6,-5.13305e-9
1457864280,26955799.23595375,23688026.699350994,3267.773,4.01460e14,0.7175,-4.09461e6,2.04008e6,-5.11765e-9
1457864310,26937697.939388897,23682791.37810933,3254.907,3.98203e14,0.0997,-4.06550e6,2.03385e6,-5.10206e-9
1457864340,26919602.852824323,23677653.093032368,3241.950,3.97110e14,0.3738,-4.04736e6,2.02755e6,-5.08626e-9
1457864370,26901514.3214849,23672612.04632383,3228.902,3.97704e14,0.2249,-4.03764e6,2.02117e6,-5.07028e-9
1457864400,26883432.69184653,23667668.436594404,3215.764,3.95009e14,0.9011,-4.01112e6,2.01471e6,-5.05410e-9
1457864430,26865358.311650686,23662822.458853036,3202.536,3.94835e14,0.9447,-3.99724e6,2.00817e6,-5.03773e-9
1457864460,26847291.529847987,23658074.30444909,3189.217,4.04045e14,1.3660,-4.03033e6,2.00156e6,-5.02116e-9
1457864490,26829232.696649097,23653424.161089875,3175.809,4.00222e14,0.4067,-3.99773e6,1.99486e6,-5.00440e-9
1457864520,26811182.1635043,23648872.212808784,3162.310,3.88762e14,2.4683,-3.92702e6,1.98810e6,-4.98744e-9
1457864550,26793140.283100426,23644418.639946017,3148.722,3.95607e14,0.7510,-3.94753e6,1.98125e6,-4.97029e-9
1457864580,26775107.40935769,23640063.619129613,3135.044,3.93968e14,1.1621,-3.92563e6,1.97433e6,-4.95295e-9
1457864610,26757083.897426356,23635807.323256854,3121.277,3.91720e14,1.7262,-3.90062e6,1.96732e6,-4.93541e-9
1457864640,26739070.10368332,23631649.921476003,3107.420,3.93823e14,1.1986,-3.89694e6,1.96024e6,-4.91767e-9
1457864670,26721066.38572856,23627591.57916846,3093.475,3.92911e14,1.4273,-3.87825e6,1.95309e6,-4.89974e-9
1457864700,26703073.10238143,23623632.45793116,3079.441,3.95322e14,0.8224,-3.87567e6,1.94585e6,-4.88162e-9
1457864730,26685090.613667615,23619772.715549514,3065.318,4.02220e14,0.9082,-3.89466e6,1.93854e6,-4.86330e-9
1457864760,26667119.280843798,23616012.506011352,3051.107,4.00020e14,0.3560,-3.86916e6,1.93115e6,-4.84479e-9
1457864790,26649159.466364767,23612351.979459606,3036.807,3.94511e14,1.0258,-3.82763e6,1.92368e6,-4.82608e-9
1457864820,26631211.53388847,23608791.282186154,3022.420,3.92525e14,1.5242,-3.80308e6,1.91614e6,-4.80718e-9
1457864850,26613275.84827157,23605330.556616105,3007.945,3.90726e14,1.9756,-3.77934e6,1.90852e6,-4.78808e-9
1457864880,26595352.775564928,23601969.94129243,2993.383,3.93328e14,1.3227,-3.77651e6,1.90082e6,-4.76879e-9
1457864910,26577442.683008865,23598709.57086099,2978.733,3.95394e14,0.8045,-3.77088e6,1.89304e6,-4.74931e-9
1457864940,26559545.939028326,23595549.576055933,2963.996,3.93400e14,1.3048,-3.74582e6,1.88518e6,-4.72963e-9
1457864970,26541662.913227905,23592490.083685543,2949.173,3.89201e14,2.3582,-3.71029e6,1.87725e6,-4.70975e-9
1457865000,26523793.976386704,23589531.21661841,2934.263,3.91629e14,1.7491,-3.70586e6,1.86924e6,-4.68969e-9
1457865030,26505939.500457164,23586673.093769453,2919.266,3.96268e14,0.5851,-3.71150e6,1.86116e6,-4.66943e-9
1457865060,26488099.858546972,23583915.830088932,2904.184,3.88753e14,2.4706,-3.66029e6,1.85299e6,-4.64898e-9
1457865090,26470275.424926333,23581259.536547888,2889.016,3.84410e14,3.5601,-3.62393e6,1.84475e6,-4.62833e-9
1457865120,26452466.5750181,23578704.3201267,2873.762,3.83990e14,3.6653,-3.60567e6,1.83644e6,-4.60749e-9
1457865150,26434673.68539198,23576250.28380337,2858.423,3.76322e14,5.5890,-3.55403e6,1.82804e6,-4.58646e-9
1457865180,26416897.133758534,23573897.526542254,2843.000,3.74092e14,6.1487,-3.52739e6,1.81957e6,-4.56524e-9
1457865210,26399137.298963092,23571646.143283214,2827.491,3.71684e14,6.7526,-3.49989e6,1.81102e6,-4.54383e-9
1457865240,26381394.560979426,23569496.224931248,2811.898,3.87020e14,2.9052,-3.55259e6,1.80240e6,-4.52222e-9
1457865270,26363669.300903328,23567447.858346518,2796.221,3.97351e14,0.3134,-3.58195e6,1.79370e6,-4.50042e-9
1457865300,26345961.900946047,23565501.126334872,2780.461,3.94802e14,0.9529,-3.55302e6,1.78493e6,-4.47843e-9
1457865330,26328272.744422566,23563656.10765654,2764.617,3.90550e14,2.0196,-3.51647e6,1.77607e6,-4.45625e-9
1457865360,26310602.215760123,23561912.87696255,2748.689,3.85046e14,3.4005,-3.47440e6,1.76715e6,-4.43388e-9
1457865390,26292950.70047554,23560271.50484177,2732.679,3.94619e14,0.9988,-3.49894e6,1.75814e6,-4.41132e-9
1457865420,26275318.585173048,23558732.057795398,2716.587,3.99028e14,0.1074,-3.50023e6,1.74907e6,-4.38858e-9
1457865450,26257706.257536937,23557294.598229803,2700.412,4.09591e14,2.7572,-3.52804e6,1.73991e6,-4.36564e-9
1457865480,26240114.106323898,23555959.184449803,2684.155,3.98958e14,0.0898,-3.46316e6,1.73068e6,-4.34251e-9
1457865510,26222542.52135537,23554725.87065239,2667.817,3.86669e14,2.9934,-3.39148e6,1.72138e6,-4.31920e-9
1457865540,26204991.893509608,23553594.70692087,2651.397,3.84898e14,3.4377,-3.36540e6,1.71200e6,-4.29570e-9
1457865570,26187462.61471369,23552565.739219442,2634.897,3.87450e14,2.7974,-3.35774e6,1.70255e6,-4.27201e-9
1457865600,26169955.077935234,23551639.00938818,2618.316,3.99157e14,0.1396,-3.38869e6,1.69302e6,-4.24813e-9
1457865630,26152469.677188355,23550814.55510061,2601.655,3.90432e14,2.0492,-3.33263e6,1.68342e6,-4.22407e-9
1457865660,26135006.80748107,23550092.40997658,2584.914,3.92510e14,1.5279,-3.32221e6,1.67374e6,-4.19982e-9
1457865690,26117566.864850868,23549472.60346117,2568.094,3.94372e14,1.0609,-3.31065e6,1.66399e6,-4.17539e-9
1457865720,26100150.24634163,23548955.160859123,2551.195,3.98445e14,0.0389,-3.30802e6,1.65417e6,-4.15077e-9
1457865750,26082757.349994607,23548540.103331845,2534.217,4.02252e14,0.9161,-3.30395e6,1.64427e6,-4.12597e-9
1457865780,26065388.574839335,23548227.44789475,2517.161,3.89880e14,2.1877,-3.23320e6,1.63430e6,-4.10099e-9
1457865810,26048044.32088431,23548017.207415134,2500.027,3.76411e14,5.5668,-3.15844e6,1.62426e6,-4.07582e-9
1457865840,26030724.989107452,23547909.390610464,2482.816,3.82370e14,4.0719,-3.16292e6,1.61414e6,-4.05047e-9
1457865870,26013430.98144649,23547904.00204715,2465.527,3.90383e14,2.0615,-3.17523e6,1.60396e6,-4.02494e-9
1457865900,25996162.70078894,23548001.042139843,2448.162,3.86550e14,3.0231,-3.13960e6,1.59370e6,-3.99923e-9
1457865930,25978920.550935496,23548200.507202283,2430.720,3.84891e14,3.4395,-3.11267e6,1.58337e6,-3.97334e-9
1457865960,25961704.93667195,23548502.38928975,2413.203,3.83907e14,3.6862,-3.08835e6,1.57296e6,-3.94727e-9
1457865990,25944516.263676006,23548906.67635812,2395.610,3.84862e14,3.4466,-3.07155e6,1.56249e6,-3.92103e-9
1457866020,25927354.93853328,23549413.352214165,2377.942,3.81760e14,4.2248,-3.03875e6,1.55195e6,-3.89460e-9
1457866050,25910221.368726145,23550022.396517552,2360.199,3.78901e14,4.9420,-3.00692e6,1.54133e6,-3.86800e-9
1457866080,25893115.96262255,23550733.784783367,2342.382,3.84636e14,3.5034,-3.00812e6,1.53065e6,-3.84122e-9
1457866110,25876039.129464515,23551547.488385104,2324.492,4.01996e14,0.8519,-3.05321e6,1.51989e6,-3.81426e-9
1457866140,25858991.279356554,23552463.474558022,2306.528,4.07632e14,2.2658,-3.05283e6,1.50907e6,-3.78713e-9
1457866170,25841972.823253825,23553481.706403054,2288.491,3.92138e14,1.6213,-2.97255e6,1.49818e6,-3.75983e-9
1457866200,25824984.172950212,23554602.142891075,2270.382,3.85636e14,3.2526,-2.92654e6,1.48721e6,-3.73236e-9
1457866230,25808025.741099693,23555824.738811392,2252.201,3.98077e14,0.1314,-2.95094e6,1.47618e6,-3.70471e-9
1457866260,25791097.941100303,23557149.444950428,2233.948,3.93432e14,1.2967,-2.91169e6,1.46508e6,-3.67689e-9
1457866290,25774201.187185876,23558576.20792321,2215.625,3.66445e14,8.0671,-2.79104e6,1.45392e6,-3.64890e-9
1457866320,25757335.894379783,23560104.97023528,2197.231,3.67749e14,7.7399,-2.77421e6,1.44268e6,-3.62074e-9
1457866350,25740502.478482343,23561735.670288783,2178.767,3.87423e14,2.8041,-2.82317e6,1.43138e6,-3.59241e-9
1457866380,25723701.35605796,23563468.24238887,2160.233,3.95247e14,0.8413,-2.82864e6,1.42001e6,-3.56392e-9
1457866410,25706932.944422204,23565302.616750628,2141.630,4.03744e14,1.2904,-2.83592e6,1.40858e6,-3.53526e-9
1457866440,25690197.66162845,23567238.719506435,2122.959,4.02785e14,1.0499,-2.80942e6,1.39708e6,-3.50643e-9
1457866470,25673495.92645465,23569276.472713687,2104.219,3.83621e14,3.7581,-2.71953e6,1.38551e6,-3.47744e-9
1457866500,25656828.158389535,23571415.794363085,2085.412,3.74079e14,6.1518,-2.66381e6,1.37388e6,-3.44829e-9
1457866530,25640194.777585927,23573656.59843878,2066.538,3.94099e14,1.1292,-2.70960e6,1.36218e6,-3.41897e-9
1457866560,25623596.204948436,23575998.794768766,2047.597,4.08576e14,2.5026,-2.73529e6,1.35042e6,-3.38949e-9
1457866590,25607032.862016957,23578442.289193742,2028.591,3.99170e14,0.1429,-2.67975e6,1.33860e6,-3.35985e-9
1457866620,25590505.170985036,23580986.98352606,2009.518,3.85629e14,3.2542,-2.61088e6,1.32671e6,-3.33005e-9
1457872290,23581259.536547888,25589137.332304567,2007.878,4.10765e14,3.0517,2.69359e6,-1.32678e6,3.32747e-9
1457872320,23578704.3201267,25605664.721591238,2026.960,4.12851e14,3.5750,2.72472e6,-1.33866e6,3.35729e-9
1457872350,23576250.28380337,25622227.810501214,2045.978,3.97949e14,0.1635,2.69830e6,-1.35047e6,3.38695e-9
1457872380,23573897.526542254,25638826.176513053,2064.929,3.90806e14,1.9554,2.69739e6,-1.36222e6,3.41645e-9
1457872410,23571646.143283214,25655459.3977578,2083.813,3.88854e14,2.4451,2.71381e6,-1.37390e6,3.44579e-9
1457872440,23569496.224931248,25672127.053033527,2102.631,3.92427e14,1.5488,2.74919e6,-1.38552e6,3.47497e-9
1457872470,23567447.858346518,25688828.721819837,2121.381,4.04622e14,1.5107,2.81486e6,-1.39707e6,3.50398e-9
1457872500,23565501.126334872,25705563.984292053,2140.063,3.99496e14,0.2248,2.81991e6,-1.40856e6,3.53283e-9
1457872530,23563656.10765654,25722332.421338264,2158.676,3.91510e14,1.7790,2.81435e6,-1.41998e6,3.56151e-9
1457872560,23561912.87696255,25739133.614563953,2177.221,3.95132e14,0.8701,2.84987e6,-1.43134e6,3.59003e-9
1457872590,23560271.50484177,25755967.14631485,2195.696,3.92211e14,1.6030,2.86179e6,-1.44263e6,3.61838e-9
1457872620,23558732.057795398,25772832.599687304,2214.101,3.95192e14,0.8551,2.89494e6,-1.45385e6,3.64656e-9
1457872650,23557294.598229803,25789729.558541622,2232.435,4.10418e14,2.9648,2.97311e6,-1.46500e6,3.67457e-9
1457872680,23555959.184449803,25806657.60751512,2250.698,3.99785e14,0.2971,2.95626e6,-1.47609e6,3.70241e-9
1457872710,23554725.87065239,25823616.332034893,2268.890,4.04430e14,1.4624,2.99566e6,-1.48711e6,3.73008e-9
1457872740,23553594.70692087,25840605.318330597,2287.011,4.09329e14,2.6916,3.03614e6,-1.49806e6,3.75758e-9
1457872770,23552565.739219442,25857624.15344683,2305.058,4.01695e14,0.7764,3.02932e6,-1.50894e6,3.78491e-9
1457872800,23551639.00938818,25874672.425255377,2323.033,4.02529e14,0.9856,3.05421e6,-1.51975e6,3.81206e-9
1457872830,23550814.55510061,25891749.7224672,2340.935,3.93086e14,1.3835,3.03956e6,-1.53049e6,3.83903e-9
1457872860,23550092.40997658,25908855.634644832,2358.763,3.99931e14,0.3339,3.08723e6,-1.54116e6,3.86584e-9
1457872890,23549472.60346117,25925989.752213445,2376.517,3.97358e14,0.3116,3.09847e6,-1.55176e6,3.89246e-9
1457872920,23548955.160859123,25943151.66647253,2394.197,3.95141e14,0.8679,3.11082e6,-1.56230e6,3.91891e-9
1457872950,23548540.103331845,25960340.969607275,2411.801,4.02985e14,1.1000,3.16261e6,-1.57276e6,3.94518e-9
1457872980,23548227.44789475,25977557.254699606,2429.330,4.00462e14,0.4670,3.17349e6,-1.58315e6,3.97127e-9
1457873010,23548017.207415134,25994800.115739223,2446.783,3.87595e14,2.7609,3.14276e6,-1.59346e6,3.99719e-9
1457873040,23547909.390610464,26012069.147634238,2464.160,3.89471e14,2.2904,3.17052e6,-1.60371e6,4.02292e-9
1457873070,23547904.00204715,26029363.946221802,2481.460,3.95585e14,0.7565,3.21540e6,-1.61388e6,4.04847e-9
1457873100,23548001.042139843,26046684.108278457,2498.683,3.83899e14,3.6882,3.18793e6,-1.62399e6,4.07385e-9
1457873130,23548200.507202283,26064029.23152466,2515.829,3.92795e14,1.4564,3.24410e6,-1.63402e6,4.09904e-9
1457873160,23548502.38928975,26081398.914652176,2532.897,3.91006e14,1.9053,3.25650e6,-1.64397e6,4.12404e-9
1457873190,23548906.67635812,26098792.75731662,2549.886,3.82877e14,3.9447,3.24236e6,-1.65386e6,4.14887e-9
1457873220,23549413.352214165,26116210.36015259,2566.797,3.89967e14,2.1659,3.29120e6,-1.66367e6,4.17351e-9
1457873250,23550022.396517552,26133651.324783143,2583.629,3.81231e14,4.3575,3.27380e6,-1.67340e6,4.19796e-9
1457873280,23550733.784783367,26151115.253828976,2600.381,3.85896e14,3.1872,3.31241e6,-1.68307e6,4.22224e-9
1457873310,23551547.488385104,26168601.75091755,2617.054,4.14569e14,4.0062,3.45305e6,-1.69266e6,4.24632e-9
1457873340,23552463.474558022,26186110.42069196,2633.647,4.16973e14,4.6092,3.48274e6,-1.70217e6,4.27022e-9
1457873370,23553481.706403054,26203640.868819643,2650.159,4.06261e14,1.9219,3.45607e6,-1.71161e6,4.29393e-9
1457873400,23554602.142891075,26221192.702000994,2666.591,4.16228e14,4.4223,3.51803e6,-1.72098e6,4.31746e-9
1457873430,23555824.738811392,26238765.527991373,2682.941,4.13324e14,3.6937,3.52442e6,-1.73027e6,4.34080e-9
1457873460,23557149.444950428,26256358.955567263,2699.210,4.00287e14,0.4232,3.48632e6,-1.73949e6,4.36395e-9
1457873490,23558576.20792321,26273972.594576392,2715.396,3.95101e14,0.8779,3.48190e6,-1.74863e6,4.38691e-9
1457873520,23560104.97023528,26291606.055932205,2731.501,4.03464e14,1.2202,3.53684e6,-1.75769e6,4.40968e-9
1457873550,23561735.670288783,26309258.951621603,2747.523,4.15352e14,4.2025,3.60763e6,-1.76669e6,4.43226e-9
1457873580,23563468.24238887,26326930.894712653,2763.463,4.16675e14,4.5346,3.63175e6,-1.77560e6,4.45466e-9
1457873610,23565302.616750628,26344621.499362104,2779.319,4.17070e14,4.6336,3.65160e6,-1.78444e6,4.47686e-9
1457873640,23567238.719506435,26362330.380822703,2795.092,4.17685e14,4.7878,3.67231e6,-1.79320e6,4.49887e-9
1457873670,23569276.472713687,26380057.155450374,2810.781,4.03718e14,1.2839,3.62698e6,-1.80189e6,4.52069e-9
1457873700,23571415.794363085,26397801.440711197,2826.386,3.98462e14,0.0346,3.62045e6,-1.81050e6,4.54232e-9
1457873730,23573656.59843878,26415562.855166994,2841.906,4.07970e14,2.3507,3.68092e6,-1.81904e6,4.56376e-9
1457873760,23575998.794768766,26433341.018547617,2857.342,4.09023e14,2.6148,3.70287e6,-1.82750e6,4.58501e-9
1457873790,23578442.289193742,26451135.551691648,2872.693,4.00529e14,0.4837,3.68074e6,-1.83588e6,4.60606e-9
1457873820,23580986.98352606,26468946.076573953,2887.959,3.98172e14,0.1076,3.68649e6,-1.84418e6,4.62692e-9
1457873850,23583632.7755605,26486772.216311622,2903.139,3.99706e14,0.2774,3.71008e6,-1.85241e6,4.64759e-9
1457873880,23586379.55908571,26504613.59516987,2918.234,4.02437e14,0.9626,3.73917e6,-1.86056e6,4.66807e-9
1457873910,23589227.22389591,26522469.83856783,2933.243,4.03672e14,1.2723,3.76119e6,-1.86864e6,4.68835e-9
1457873940,23592175.655803107,26540340.573084094,2948.165,4.01629e14,0.7597,3.76768e6,-1.87663e6,4.70844e-9
1457873970,23595224.73664969,26558225.426462136,2963.001,3.91971e14,1.6632,3.73793e6,-1.88455e6,4.72834e-9
1457874000,23598374.34432146,26576124.02761565,2977.750,3.97054e14,0.3879,3.77763e6,-1.89240e6,4.74804e-9
1457874030,23601624.3527187,26594036.006659303,2992.412,4.04738e14,1.5399,3.82977e6,-1.90016e6,4.76755e-9
1457874060,23604974.631900553,26611960.99483479,3006.986,4.00146e14,0.3878,3.82330e6,-1.90785e6,4.78686e-9
1457874090,23608425.047968294,26629898.624595035,3021.474,3.99936e14,0.3352,3.83755e6,-1.91546e6,4.80598e-9
1457874120,23611975.463121954,26647848.52958344,3035.873,3.98468e14,0.0333,3.84557e6,-1.92300e6,4.82491e-9
1457874150,23615625.73567502,26665810.344638746,3050.185,4.09037e14,2.6183,3.91168e6,-1.93045e6,4.84364e-9
1457874180,23619375.72006938,26683783.705799706,3064.408,4.16008e14,4.3671,3.96054e6,-1.93783e6,4.86218e-9
1457874210,23623225.266890854,26701768.250309687,3078.543,4.00742e14,0.5373,3.90096e6,-1.94513e6,4.88052e-9
1457874240,23627174.222884886,26719763.616621014,3092.589,3.89174e14,2.3648,3.85879e6,-1.95236e6,4.89867e-9
1457874270,23631222.430972777,26737769.444399305,3106.547,3.86819e14,2.9558,3.86135e6,-1.95950e6,4.91662e-9
1457874300,23635369.73026824,26755785.374527622,3120.416,3.91337e14,1.8222,3.89758e6,-1.96657e6,4.93438e-9
1457874330,23639615.956128515,26773811.049086392,3134.195,4.07472e14,2.2256,3.99134e6,-1.97356e6,4.95194e-9
1457874360,23643960.94006633,26791846.111431554,3147.885,4.04862e14,1.5708,3.99236e6,-1.98048e6,4.96931e-9
1457874390,23648404.50987317,26809890.206123654,3161.486,3.93081e14,1.3848,3.94741e6,-1.98731e6,4.98648e-9
1457874420,23652946.489603527,26827942.97895537,3174.996,3.93954e14,1.1657,3.96521e6,-1.99407e6,5.00346e-9
1457874450,23657586.699593484,26846004.07695487,3188.417,4.02081e14,0.8731,4.01930e6,-2.00075e6,5.02025e-9
1457874480,23662324.95647985,26864073.148388892,3201.748,4.08562e14,2.4992,4.06522e6,-2.00736e6,5.03684e-9
1457874510,23667161.07321956,26882149.842765804,3214.989,3.99638e14,0.2603,4.03335e6,-2.01388e6,5.05323e-9
1457874540,23672094.85910942,26900233.810838453,3228.139,3.85730e14,3.2288,3.97577e6,-2.02033e6,5.06943e-9
1457874570,23677126.119806208,26918324.704606958,3241.199,3.97150e14,0.3638,4.04639e6,-2.02671e6,5.08544e-9
1457874600,23682254.657347094,26936422.177321345,3254.168,4.03810e14,1.3069,4.09293e6,-2.03300e6,5.10125e-9
1457874630,23687480.270137247,26954525.883501,3267.046,3.88057e14,2.6451,4.02486e6,-2.03922e6,5.11687e-9
1457874660,23692802.75307307,26972635.478884842,3279.833,3.88626e14,2.5023,4.03990e6,-2.04536e6,5.13230e-9
1457874690,23698221.89746129,26990750.620486293,3292.529,4.01513e14,0.7308,4.11822e6,-2.05142e6,5.14753e-9
1457874720,23703737.491073404,27008870.966578502,3305.133,3.95314e14,0.8245,4.09824e6,-2.05740e6,5.16257e-9
1457874750,23709349.31816748,27026996.17669662,3317.647,3.94621e14,0.9983,4.10643e6,-2.06331e6,5.17741e-9
1457874780,23715057.159510188,27045125.911639873,3330.069,4.07275e14,2.1763,4.18374e6,-2.06915e6,5.19206e-9
1457874810,23720860.79239914,27063259.833473645,3342.399,3.97591e14,0.2533,4.14497e6,-2.07490e6,5.20652e-9
1457874840,23726759.990685545,27081397.60553134,3354.638,3.96688e14,0.4799,4.15160e6,-2.08058e6,5.22079e-9
1457874870,23732754.52479715,27099538.89241624,3366.784,4.04262e14,1.4204,4.20244e6,-2.08618e6,5.23486e-9
1457874900,23738844.161761466,27117683.36000313,3378.839,3.98472e14,0.0323,4.18318e6,-2.09171e6,5.24874e-9
1457874930,23745028.665265605,27135830.67543133,3390.802,3.96249e14,0.5899,4.18239e6,-2.09715e6,5.26243e-9
1457874960,23751307.795568258,27153980.507133022,3402.673,4.02394e14,0.9517,4.22553e6,-2.10253e6,5.27593e-9
1457874990,23757681.30963582,27172132.52480744,3414.451,4.05503e14,1.7316,4.25262e6,-2.10782e6,5.28924e-9
1457875020,23764148.961130835,27190286.399430905,3426.137,3.98836e14,0.0591,4.22781e6,-2.11304e6,5.30235e-9
1457875050,23770710.50043692,27208441.803258028,3437.731,3.87219e14,2.8553,4.17637e6,-2.11819e6,5.31528e-9
1457875080,23777365.67468395,27226598.40982267,3449.233,3.91947e14,1.6691,4.21156e6,-2.12326e6,5.32801e-9
1457875110,23784114.22777352,27244755.89393895,3460.642,3.98619e14,0.0047,4.25710e6,-2.12825e6,5.34056e-9
1457875140,23790955.90040468,27262913.931702,3471.958,3.90904e14,1.9308,4.22564e6,-2.13317e6,5.35291e-9
1457875170,23797890.4300998,27281072.20048876,3483.182,3.91298e14,1.8319,4.23736e6,-2.13801e6,5.36508e-9
1457875200,23804917.551230755,27299230.378958654,3494.313,3.95201e14,0.8529,4.26779e6,-2.14278e6,5.37706e-9
1457875230,23812036.995006487,27317388.14705809,3505.351,3.97071e14,0.3837,4.28722e6,-2.14747e6,5.38885e-9
1457875260,23819248.489619326,27335545.186008528,3516.297,3.95527e14,0.7712,4.28811e6,-2.15209e6,5.40045e-9
1457875290,23826551.76015173,27353701.17831957,3527.149,3.88362e14,2.5687,4.25839e6,-2.15663e6,5.41186e-9
1457875320,23833946.52864186,27371855.807785127,3537.909,3.94233e14,1.0957,4.29905e6,-2.16110e6,5.42309e-9
1457875350,23841432.514110483,27390008.75948365,3548.576,3.99066e14,0.1167,4.33406e6,-2.16549e6,5.43412e-9
1457875380,23849009.432588004,27408159.71977831,3559.150,3.95213e14,0.8498,4.32174e6,-2.16981e6,5.44498e-9
1457875410,23856676.997141838,27426308.376317102,3569.631,3.94286e14,1.0824,4.32514e6,-2.17405e6,5.45564e-9
1457875440,23864434.91790382,27444454.418032765,3580.020,3.94818e14,0.9490,4.33635e6,-2.17823e6,5.46613e-9
1457875470,23872282.90209788,27462597.535142742,3590.315,3.97251e14,0.3386,4.35784e6,-2.18232e6,5.47642e-9
1457875500,23880220.65406793,27480737.41914897,3600.517,3.95798e14,0.7031,4.35791e6,-2.18635e6,5.48653e-9
1457875530,23888247.87534429,27498873.76283524,3610.626,4.05172e14,1.6486,4.41731e6,-2.19030e6,5.49646e-9
1457875560,23896364.264553264,27517006.260274276,3620.642,4.09708e14,2.7867,4.45012e6,-2.19418e6,5.50621e-9
1457875590,23904569.51756464,27535134.606819794,3630.565,4.00463e14,0.4673,4.40685e6,-2.19798e6,5.51577e-9
1457875620,23912863.32748195,27553258.49910839,3640.395,3.94823e14,0.9477,4.38317e6,-2.20172e6,5.52515e-9
1457875650,23921245.38467148,27571377.635058943,3650.132,4.05498e14,1.7305,4.44954e6,-2.20538e6,5.53435e-9
1457875680,23929715.376791354,27589491.71387199,3659.776,4.10102e14,2.8854,4.48231e6,-2.20897e6,5.54336e-9
1457875710,23938272.98882091,27607600.436028916,3669.327,3.95295e14,0.8292,4.40724e6,-2.21248e6,5.55220e-9
1457875740,23946917.903090082,27625703.50329114,3678.786,3.90209e14,2.1053,4.38582e6,-2.21593e6,5.56085e-9
1457875770,23955649.79930892,27643800.61869925,3688.151,3.91719e14,1.7265,4.40091e6,-2.21930e6,5.56933e-9
1457875800,23964468.354597274,27661891.486571956,3697.423,3.96130e14,0.6198,4.43207e6,-2.22260e6,5.57763e-9
1457875830,23973373.243481077,27679975.812506635,3706.603,3.92333e14,1.5724,4.41730e6,-2.22583e6,5.58575e-9
1457875860,23982364.138025552,27698053.30337364,3715.689,3.86187e14,3.1142,4.38920e6,-2.22899e6,5.59369e-9
1457875890,23991440.707761273,27716123.667319633,3724.683,3.97315e14,0.3226,4.45762e6,-2.23208e6,5.60145e-9
1457875920,24000602.61974762,27734186.613764983,3733.584,4.00667e14,0.5185,4.48246e6,-2.23510e6,5.60904e-9
1457875950,24009849.538602658,27752241.85340244,3742.392,4.07742e14,2.2933,4.52811e6,-2.23805e6,5.61645e-9
1457875980,24019181.12653306,27770289.098195735,3751.108,4.07324e14,2.1886,4.53159e6,-2.24093e6,5.62368e-9
1457876010,24028597.043364156,27788328.06137831,3759.731,3.99190e14,0.1480,4.49148e6,-2.24374e6,5.63075e-9
1457876040,24038096.946570024,27806358.45745175,3768.262,4.01513e14,0.7308,4.51007e6,-2.24648e6,5.63763e-9
1457876070,24047680.491303667,27824380.002184294,3776.700,4.03895e14,1.3282,4.52888e6,-2.24915e6,5.64435e-9
1457876100,24057347.330427263,27842392.412609283,3785.045,4.00494e14,0.4752,4.51491e6,-2.25176e6,5.65089e-9
1457876130,24067097.11456558,27860395.407022376,3793.298,3.97515e14,0.2724,4.50314e6,-2.25429e6,5.65726e-9
1457876160,24076929.492065,27878388.704983305,3801.459,3.90247e14,2.0958,4.46690e6,-2.25676e6,5.66346e-9
1457876190,24086844.10909581,27896372.027310748,3809.528,3.91195e14,1.8579,4.47703e6,-2.25916e6,5.66948e-9
1457876220,24096840.609659567,27914345.096081555,3817.504,3.97770e14,0.2083,4.51897e6,-2.26149e6,5.67534e-9
1457876250,24106918.635619827,27932307.634628996,3825.389,3.91666e14,1.7397,4.48882e6,-2.26375e6,5.68103e-9
1457876280,24117077.82673294,27950259.367540736,3833.182,3.97074e14,0.3830,4.52393e6,-2.26595e6,5.68655e-9
1457876310,24127317.820678867,27968200.020656973,3840.882,4.05808e14,1.8082,4.57790e6,-2.26808e6,5.69190e-9
1457876340,24137638.253091995,27986129.321068376,3848.491,3.99768e14,0.2930,4.54766e6,-2.27014e6,5.69709e-9
1457876370,24148038.75759202,28004046.997114033,3856.008,3.87968e14,2.6674,4.48438e6,-2.27214e6,5.70211e-9
1457876400,24158518.965814833,28021952.77837934,3863.434,3.81558e14,4.2755,4.45161e6,-2.27407e6,5.70696e-9
1457876430,24169078.50743385,28039846.395694137,3870.768,3.85738e14,3.2270,4.47913e6,-2.27594e6,5.71165e-9
1457876460,24179717.0102205,28057727.581129674,3878.011,3.92374e14,1.5622,4.52061e6,-2.27774e6,5.71617e-9
1457876490,24190434.100045245,28075596.06799715,3885.162,3.94327e14,1.0720,4.53523e6,-2.27947e6,5.72053e-9
1457876520,24201229.40091807,28093451.59084522,3892.222,3.92500e14,1.5305,4.52810e6,-2.28114e6,5.72473e-9
1457876550,24212102.53501933,28111293.88545765,3899.191,3.93315e14,1.3259,4.53596e6,-2.28275e6,5.72877e-9
1457876580,24223053.12273043,28129122.688850872,3906.070,4.00370e14,0.4438,4.57947e6,-2.28429e6,5.73264e-9
1457876610,24234080.782664675,28146937.739271693,3912.857,4.00179e14,0.3959,4.58134e6,-2.28577e6,5.73636e-9
1457876640,24245185.1316979,28164738.776194718,3919.554,3.92172e14,1.6128,4.53822e6,-2.28718e6,5.73991e-9
1457876670,24256365.78499918,28182525.540319934,3926.160,3.89652e14,2.2450,4.52643e6,-2.28854e6,5.74331e-9
1457876700,24267622.356061514,28200297.773570113,3932.675,3.89368e14,2.3162,4.52735e6,-2.28982e6,5.74655e-9
1457876730,24278954.456733145,28218055.219093513,3939.101,3.92601e14,1.5050,4.54836e6,-2.29105e6,5.74963e-9
1457876760,24290361.697245784,28235797.621245135,3945.436,4.02880e14,1.0737,4.60981e6,-2.29221e6,5.75256e-9
1457876790,24301843.686247546,28253524.725600254,3951.681,4.06044e14,1.8673,4.63023e6,-2.29332e6,5.75533e-9
1457876820,24313400.030832622,28271236.278946444,3957.836,3.97814e14,0.1972,4.58495e6,-2.29436e6,5.75794e-9
1457876850,24325030.336571686,28288932.02928093,3963.902,3.98164e14,0.1095,4.58892e6,-2.29534e6,5.76040e-9
1457876880,24336734.20754226,28306611.725807894,3969.878,3.95409e14,0.8006,4.57488e6,-2.29626e6,5.76271e-9
1457876910,24348511.246359035,28324275.118935592,3975.764,3.88416e14,2.5551,4.53628e6,-2.29711e6,5.76487e-9
1457876940,24360361.054204103,28341921.960273642,3981.561,3.94630e14,0.9961,4.57369e6,-2.29791e6,5.76687e-9
1457876970,24372283.23085707,28359552.002630048,3987.269,4.05034e14,1.6140,4.63518e6,-2.29865e6,5.76873e-9
1457877000,24384277.374725193,28377165.000008393,3992.888,4.00264e14,0.4172,4.60902e6,-2.29933e6,5.77043e-9
1457877030,24396343.082875103,28394760.707589697,3998.418,3.82671e14,3.9964,4.50871e6,-2.29994e6,5.77199e-9
1457877060,24408479.9510573,28412338.88177615,4003.859,3.93925e14,1.1731,4.57478e6,-2.30050e6,5.77339e-9
1457877090,24420687.573741566,28429899.280141234,4009.212,4.01923e14,0.8335,4.62197e6,-2.30100e6,5.77465e-9
1457877120,24432965.54414484,28447441.661441747,4014.476,3.87241e14,2.8499,4.53806e6,-2.30145e6,5.77576e-9
1457877150,24445313.454260927,28464965.785614554,4019.652,3.89768e14,2.2158,4.55342e6,-2.30183e6,5.77673e-9
1457877180,24457730.894890044,28482471.413773395,4024.741,4.04931e14,1.5882,4.64167e6,-2.30216e6,5.77755e-9
1457877210,24470217.45566829,28499958.30820566,4029.741,4.09747e14,2.7964,4.67004e6,-2.30243e6,5.77823e-9
1457877240,24482772.725096963,28517426.23236909,4034.654,4.07289e14,2.1797,4.65627e6,-2.30264e6,5.77877e-9
1457877270,24495396.29057187,28534874.95088845,4039.479,3.98211e14,0.0977,4.60412e6,-2.30280e6,5.77916e-9
1457877300,24508087.73841237,28552304.229552332,4044.216,3.88727e14,2.4770,4.54951e6,-2.30290e6,5.77941e-9
1457877330,24520846.653888788,28569713.835330278,4048.867,3.84705e14,3.4861,4.52635e6,-2.30294e6,5.77953e-9
1457877360,24533672.621256493,28587103.53630611,4053.431,3.91560e14,1.7663,4.56595e6,-2.30293e6,5.77950e-9
1457877390,24546565.223779313,28604473.10173827,4057.908,4.03285e14,1.1753,4.63358e6,-2.30286e6,5.77933e-9
1457877420,24559524.043759927,28621822.302035965,4062.298,4.04522e14,1.4855,4.64048e6,-2.30274e6,5.77903e-9
1457877450,24572548.662568405,28639150.90875596,4066.602,4.01261e14,0.6674,4.62128e6,-2.30256e6,5.77858e-9
1457877480,24585638.660670523,28656458.69459938,4070.820,3.98902e14,0.0756,4.60719e6,-2.30233e6,5.77800e-9
1457877510,24598793.617656052,28673745.4334085,4074.952,3.95684e14,0.7318,4.58803e6,-2.30205e6,5.77729e-9
1457877540,24612013.11226689,28691010.900163405,4078.998,3.96946e14,0.4151,4.59465e6,-2.30171e6,5.77644e-9
1457877570,24625296.72242496,28708254.870978862,4082.958,3.94645e14,0.9924,4.58058e6,-2.30132e6,5.77546e-9
1457877600,24638644.02526013,28725477.123100895,4086.833,3.87053e14,2.8970,4.53585e6,-2.30088e6,5.77435e-9
1457877630,24652054.59714416,28742677.43489147,4090.623,3.82284e14,4.0935,4.50734e6,-2.30038e6,5.77310e-9
1457877660,24665528.013698705,28759855.585862484,4094.328,3.88604e14,2.5079,4.54275e6,-2.29983e6,5.77172e-9
1457877690,24679063.849842433,28777011.35663482,4097.948,4.00542e14,0.4872,4.61045e6,-2.29923e6,5.77022e-9
1457877720,24692661.679811914,28794144.52894704,4101.483,3.94611e14,1.0008,4.57493e6,-2.29858e6,5.76858e-9
1457877750,24706321.07718868,28811254.885651898,4104.934,3.99192e14,0.1483,4.59994e6,-2.29788e6,5.76681e-9
1457877780,24720041.614926256,28828342.210712727,4108.301,4.06282e14,1.9271,4.63931e6,-2.29712e6,5.76492e-9
1457877810,24733822.865376968,28845406.28920004,4111.583,4.00550e14,0.4891,4.60465e6,-2.29632e6,5.76290e-9
1457877840,24747664.400318474,28862446.90728775,4114.783,4.07602e14,2.2583,4.64356e6,-2.29546e6,5.76076e-9
1457877870,24761565.790980328,28879463.85224967,4117.898,4.13611e14,3.7658,4.67633e6,-2.29456e6,5.75849e-9
1457877900,24775526.60807017,28896456.912455827,4120.930,4.03756e14,1.2934,4.61766e6,-2.29361e6,5.75609e-9
1457877930,24789546.42178534,28913425.877360575,4123.879,3.93781e14,1.2090,4.55825e6,-2.29260e6,5.75358e-9
1457877960,24803624.801883638,28930370.537524257,4126.746,3.87277e14,2.8408,4.51876e6,-2.29155e6,5.75094e-9
1457877990,24817761.31766399,28947290.68458426,4129.529,3.90338e14,2.0729,4.53419e6,-2.29045e6,5.74818e-9
1457878020,24831955.538006533,28964186.11125936,4132.231,4.01945e14,0.8391,4.59860e6,-2.28931e6,5.74529e-9
1457878050,24846207.031397812,28981056.61134599,4134.850,4.14264e14,3.9296,4.66694e6,-2.28811e6,5.74229e-9
1457878080,24860515.365955956,28997901.979714397,4137.387,4.08864e14,2.5748,4.63341e6,-2.28687e6,5.73917e-9
1457878110,24874880.109455492,29014722.012304917,4139.842,3.93986e14,1.1577,4.54546e6,-2.28558e6,5.73594e-9
1457878140,24889300.829352137,29031516.50612416,4142.216,3.90400e14,2.0574,4.52224e6,-2.28425e6,5.73258e-9
1457878170,24903777.09280731,29048285.25924123,4144.508,3.97335e14,0.3174,4.55924e6,-2.28286e6,5.72911e-9
1457878200,24918308.466712512,29065028.07078394,4146.720,3.92580e14,1.5104,4.52916e6,-2.28144e6,5.72553e-9
1457878230,24932894.517734434,29081744.74096319,4148.850,3.87038e14,2.9007,4.49453e6,-2.27996e6,5.72183e-9
1457878260,24947534.81227439,29098435.070982542,4150.900,3.94647e14,0.9917,4.53504e6,-2.27845e6,5.71801e-9
1457878290,24962228.91655699,29115098.86312124,4152.870,3.94214e14,1.1006,4.52945e6,-2.27688e6,5.71409e-9
1457878320,24976976.396632973,29131735.92070258,4154.760,3.92153e14,1.6175,4.51449e6,-2.27527e6,5.71005e-9
1457878350,24991776.818402775,29148346.048090413,4156.569,3.93365e14,1.3134,4.51812e6,-2.27362e6,5.70590e-9
1457878380,25006629.747639954,29164929.050685555,4158.299,4.00335e14,0.4353,4.55449e6,-2.27193e6,5.70164e-9
1457878410,25021534.750014473,29181484.734922312,4159.950,3.90884e14,1.9360,4.49716e6,-2.27019e6,5.69727e-9
1457878440,25036491.391115643,29198012.908264816,4161.522,3.94649e14,0.9912,4.51506e6,-2.26840e6,5.69279e-9
1457878470,25051499.23647499,29214513.37920356,4163.014,4.02724e14,1.0346,4.55736e6,-2.26658e6,5.68821e-9
1457878500,25066557.85158893,29230985.957251735,4164.428,3.97348e14,0.3143,4.52304e6,-2.26471e6,5.68352e-9
1457878530,25081666.8019216,29247430.45290631,4165.764,3.95594e14,0.7543,4.50927e6,-2.26280e6,5.67872e-9
1457878560,25096825.65298734,29263846.677753463,4167.021,3.94069e14,1.1368,4.49673e6,-2.26085e6,5.67382e-9
1457878590,25112033.97031212,29280234.444355547,4168.200,3.91842e14,1.6957,4.48013e6,-2.25886e6,5.66881e-9
1457878620,25127291.319474768,29296593.566282608,4169.302,3.91985e14,1.6597,4.47691e6,-2.25682e6,5.66370e-9
1457878650,25142597.266128473,29312923.85810836,4170.327,4.01081e14,0.6224,4.52426e6,-2.25475e6,5.65849e-9
1457878680,25157951.376021907,29329225.13540629,4171.274,3.98843e14,0.0609,4.50737e6,-2.25263e6,5.65318e-9
1457878710,25173353.2150203,29345497.214745708,4172.144,3.89811e14,2.2050,4.45204e6,-2.25048e6,5.64777e-9
1457878740,25188802.34912624,29361739.91368769,4172.938,3.90066e14,2.1410,4.44914e6,-2.24828e6,5.64225e-9
1457878770,25204298.344500177,29377953.0507812,4173.655,3.96562e14,0.5114,4.48133e6,-2.24605e6,5.63664e-9
1457878800,25219840.767480914,29394136.44555903,4174.296,3.97474e14,0.2827,4.48192e6,-2.24378e6,5.63093e-9
1457878830,25235429.1846176,29410289.91856196,4174.861,4.05130e14,1.6380,4.52037e6,-2.24146e6,5.62512e-9
1457878860,25251063.16265293,29426413.291248165,4175.350,4.03578e14,1.2488,4.50691e6,-2.23911e6,5.61922e-9
1457878890,25266742.26858007,29442506.38607621,4175.764,4.05664e14,1.7720,4.51380e6,-2.23672e6,5.61322e-9
1457878920,25282466.06965021,29458569.02647321,4176.103,4.09643e14,2.7702,4.53121e6,-2.23430e6,5.60712e-9
1457878950,25298234.13339204,29474601.036831066,4176.367,4.05417e14,1.7100,4.50255e6,-2.23183e6,5.60093e-9
1457878980,25314046.02763096,29490602.242502764,4176.556,4.01915e14,0.8316,4.47791e6,-2.22933e6,5.59465e-9
1457879010,25329901.320508167,29506572.46979872,4176.671,3.91877e14,1.6868,4.41671e6,-2.22679e6,5.58828e-9
1457879040,25345799.58049945,29522511.54598309,4176.712,3.89154e14,2.3699,4.39641e6,-2.22422e6,5.58181e-9
1457879070,25361740.376433846,29538419.299270075,4176.679,4.02538e14,0.9877,4.46586e6,-2.22161e6,5.57526e-9
1457879100,25377723.277512003,29554295.558820207,4176.572,4.09220e14,2.6642,4.49775e6,-2.21896e6,5.56861e-9
1457879130,25393747.85332146,29570140.154723305,4176.392,4.02132e14,0.8859,4.45289e6,-2.21628e6,5.56187e-9
1457879160,25409813.673863966,29585952.918036357,4176.139,4.09590e14,2.7571,4.48886e6,-2.21357e6,5.55505e-9
1457879190,25425920.309563674,29601733.680738006,4175.813,4.08128e14,2.3904,4.47517e6,-2.21081e6,5.54814e-9
1457879220,25442067.331287812,29617482.27573829,4175.415,3.95674e14,0.7343,4.40051e6,-2.20803e6,5.54114e-9
1457879250,25458254.3103641,29633198.53687496,4174.944,3.93611e14,1.2517,4.38347e6,-2.20521e6,5.53406e-9
1457879280,25474480.818597835,29648882.298909582,4174.401,3.92907e14,1.4284,4.37390e6,-2.20235e6,5.52689e-9
1457879310,25490746.428288843,29664533.397523858,4173.787,3.90672e14,1.9890,4.35583e6,-2.19947e6,5.51963e-9
1457879340,25507050.712248232,29680151.669315737,4173.101,3.95255e14,0.8393,4.37531e6,-2.19654e6,5.51230e-9
1457879370,25523393.243814837,29695736.951795723,4172.344,4.07172e14,2.1505,4.43502e6,-2.19359e6,5.50488e-9
1457879400,25539773.59687163,29711289.08338301,4171.515,4.11321e14,3.1914,4.45179e6,-2.19060e6,5.49737e-9
1457879430,25556191.34585961,29726807.9034011,4170.617,4.02180e14,0.8981,4.39547e6,-2.18758e6,5.48979e-9
1457879460,25572646.06580019,29742293.252075866,4169.647,3.93997e14,1.1548,4.34448e6,-2.18453e6,5.48213e-9
1457879490,25589137.332304567,29757744.970530078,4168.608,3.88232e14,2.6012,4.30678e6,-2.18145e6,5.47439e-9
1457879520,25605664.721591238,29773162.90078009,4167.498,3.88552e14,2.5209,4.30238e6,-2.17834e6,5.46656e-9
1457879550,25622227.810501214,29788546.885732096,4166.319,3.97361e14,0.3110,4.34425e6,-2.17519e6,5.45866e-9
1457879580,25638826.176513053,29803896.769178376,4165.071,4.00960e14,0.5920,4.35752e6,-2.17202e6,5.45069e-9
1457879610,25655459.3977578,29819212.395793535,4163.753,3.98325e14,0.0690,4.33675e6,-2.16881e6,5.44263e-9
1457879640,25672127.053033527,29834493.61113078,4162.367,4.00087e14,0.3729,4.33985e6,-2.16557e6,5.43450e-9
1457879670,25688828.721819837,29849740.261618145,4160.912,4.01570e14,0.7450,4.34134e6,-2.16231e6,5.42630e-9
1457879700,25705563.984292053,29864952.194554802,4159.388,4.05966e14,1.8478,4.35854e6,-2.15901e6,5.41802e-9
1457879730,25722332.421338264,29880129.258118976,4157.797,4.08210e14,2.4108,4.36396e6,-2.15568e6,5.40967e-9
1457879760,25739133.614563953,29895271.301328488,4156.138,4.02726e14,1.0351,4.32755e6,-2.15233e6,5.40124e-9
1457879790,25755967.14631485,29910378.174072795,4154.411,3.94939e14,0.9185,4.27875e6,-2.14895e6,5.39274e-9
1457879820,25772832.599687304,29925449.727097914,4152.617,3.95547e14,0.7661,4.27523e6,-2.14553e6,5.38417e-9
1457879850,25789729.558541622,29940485.812002774,4150.756,4.00620e14,0.5066,4.29564e6,-2.14209e6,5.37553e-9
1457879880,25806657.60751512,29955486.281235725,4148.829,4.11914e14,3.3401,4.34930e6,-2.13863e6,5.36682e-9
1457879910,25823616.332034893,29970450.98809097,4146.835,3.99874e14,0.3194,4.27767e6,-2.13513e6,5.35805e-9
1457879940,25840605.318330597,29985379.786704898,4144.774,3.89482e14,2.2876,4.21502e6,-2.13161e6,5.34920e-9
1457879970,25857624.15344683,30000272.53205274,4142.648,3.95610e14,0.7501,4.24073e6,-2.12806e6,5.34028e-9
1457880000,25874672.425255377,30015129.079944793,4140.457,3.97500e14,0.2761,4.24367e6,-2.12448e6,5.33130e-9
1457880030,25891749.7224672,30029949.28700466,4138.200,4.12553e14,3.5005,4.31659e6,-2.12088e6,5.32225e-9
1457880060,25908855.634644832,30044733.010722246,4135.877,4.11279e14,3.1807,4.30243e6,-2.11725e6,5.31314e-9
1457880090,25925989.752213445,30059480.109393526,4133.490,3.93080e14,1.3850,4.19848e6,-2.11360e6,5.30396e-9
1457880120,25943151.66647253,30074190.442135252,4131.039,3.91246e14,1.8450,4.18145e6,-2.10992e6,5.29472e-9
1457880150,25960340.969607275,30088863.868881173,4128.523,3.97529e14,0.2689,4.20731e6,-2.10621e6,5.28541e-9
1457880180,25977557.254699606,30103500.25037837,4125.943,3.95563e14,0.7621,4.18948e6,-2.10248e6,5.27604e-9
1457880210,25994800.115739223,30118099.44818369,4123.299,3.89529e14,2.2759,4.15022e6,-2.09872e6,5.26661e-9
1457880240,26012069.147634238,30132661.32465993,4120.592,3.89265e14,2.3421,4.14135e6,-2.09494e6,5.25711e-9
1457880270,26029363.946221802,30147185.742972244,4117.822,3.98988e14,0.0973,4.18486e6,-2.09114e6,5.24756e-9
1457880300,26046684.108278457,30161672.567084543,4114.988,4.03666e14,1.2708,4.20169e6,-2.08731e6,5.23794e-9
1457880330,26064029.23152466,30176121.661774557,4112.092,4.02756e14,1.0426,4.18918e6,-2.08346e6,5.22827e-9
1457880360,26081398.914652176,30190532.8925725,4109.134,4.11451e14,3.2239,4.22676e6,-2.07958e6,5.21854e-9
1457880390,26098792.75731662,30204906.12581526,4106.113,4.10035e14,2.8687,4.21145e6,-2.07569e6,5.20874e-9
1457880420,26116210.36015259,30219241.22862439,4103.031,3.95551e14,0.7651,4.12819e6,-2.07176e6,5.19890e-9
1457880450,26133651.324783143,30233538.068902552,4099.887,4.01290e14,0.6748,4.15011e6,-2.06782e6,5.18899e-9
1457880480,26151115.253828976,30247796.515330233,4096.681,4.08345e14,2.4447,4.17868e6,-2.06385e6,5.17903e-9
1457880510,26168601.75091755,30262016.437362343,4093.415,3.94875e14,0.9346,4.10098e6,-2.05987e6,5.16901e-9
1457880540,26186110.42069196,30276197.705224834,4090.087,3.85998e14,3.1616,4.04719e6,-2.05585e6,5.15894e-9
1457880570,26203640.868819643,30290340.189911384,4086.699,3.84217e14,3.6084,4.03009e6,-2.05182e6,5.14881e-9
1457880600,26221192.702000994,30304443.763180036,4083.251,3.75043e14,5.9101,3.97497e6,-2.04777e6,5.13863e-9
1457880630,26238765.527991373,30318508.29753765,4079.743,3.82319e14,4.0848,4.00438e6,-2.04369e6,5.12840e-9
1457880660,26256358.955567263,30332533.66627435,4076.175,3.97233e14,0.3430,4.07268e6,-2.03960e6,5.11811e-9
1457880690,26273972.594576392,30346519.743422404,4072.547,3.94683e14,0.9828,4.05143e6,-2.03548e6,5.10777e-9
1457880720,26291606.055932205,30360466.40376505,4068.860,3.91352e14,1.8184,4.02622e6,-2.03135e6,5.09738e-9
1457880750,26309258.951621603,30374373.522833053,4065.115,3.94489e14,1.0314,4.03393e6,-2.02719e6,5.08694e-9
1457880780,26326930.894712653,30388240.976901382,4061.310,3.95517e14,0.7735,4.03084e6,-2.02301e6,5.07645e-9
1457880810,26344621.499362104,30402068.642985836,4057.447,3.95639e14,0.7430,4.02309e6,-2.01881e6,5.06591e-9
1457880840,26362330.380822703,30415856.398839653,4053.526,3.93568e14,1.2625,4.00421e6,-2.01460e6,5.05533e-9
1457880870,26380057.155450374,30429604.122950096,4049.547,3.85601e14,3.2613,3.95560e6,-2.01036e6,5.04469e-9
1457880900,26397801.440711197,30443311.694535155,4045.510,3.81828e14,4.2078,3.92823e6,-2.00611e6,5.03401e-9
1457880930,26415562.855166994,30456978.993541673,4041.416,3.94311e14,1.0760,3.98257e6,-2.00184e6,5.02327e-9
1457880960,26433341.018547617,30470605.90063744,4037.265,3.98995e14,0.0989,3.99750e6,-1.99754e6,5.01250e-9
1457880990,26451135.551691648,30484192.297212414,4033.057,3.98437e14,0.0411,3.98608e6,-1.99324e6,5.00167e-9
1457881020,26468946.076573953,30497738.065373946,4028.792,4.10089e14,2.8821,4.03558e6,-1.98891e6,4.99080e-9
1457881050,26486772.216311622,30511243.087943505,4024.471,4.11107e14,3.1377,4.03183e6,-1.98456e6,4.97989e-9
1457881080,26504613.59516987,30524707.24845341,4020.094,3.98670e14,0.0176,3.96117e6,-1.98020e6,4.96893e-9
1457881110,26522469.83856783,30538130.43114358,4015.661,3.87571e14,2.7669,3.89737e6,-1.97582e6,4.95793e-9
1457881140,26540340.573084094,30551512.520958345,4011.172,3.97876e14,0.1816,3.93967e6,-1.97142e6,4.94689e-9
1457881170,26558225.426462136,30564853.403543144,4006.628,3.89758e14,2.2185,3.89077e6,-1.96701e6,4.93580e-9
1457881200,26576124.02761565,30578152.965241414,4002.029,3.85374e14,3.3183,3.86041e6,-1.96257e6,4.92467e-9
1457881230,26594036.006659303,30591411.093103208,3997.375,4.08166e14,2.3999,3.96365e6,-1.95813e6,4.91350e-9
1457881260,26611960.99483479,30604627.67484555,3992.667,3.96826e14,0.4452,3.89902e6,-1.95366e6,4.90229e-9
1457881290,26629898.624595035,30617802.598885983,3987.904,3.94275e14,1.0853,3.87759e6,-1.94918e6,4.89104e-9
1457881320,26647848.52958344,30630935.754327565,3983.087,4.01028e14,0.6090,3.90160e6,-1.94468e6,4.87975e-9
1457881350,26665810.344638746,30644027.03095587,3978.217,4.01093e14,0.6254,3.89286e6,-1.94017e6,4.86842e-9
1457881380,26683783.705799706,30657076.319235995,3973.293,4.00792e14,0.5497,3.88231e6,-1.93565e6,4.85705e-9
1457881410,26701768.250309687,30670083.510309517,3968.315,4.04582e14,1.5005,3.89156e6,-1.93110e6,4.84564e-9
1457881440,26719763.616621014,30683048.49599153,3963.285,4.06490e14,1.9793,3.89160e6,-1.92654e6,4.83420e-9
1457881470,26737769.444399305,30695971.168767564,3958.202,4.07056e14,2.1214,3.88509e6,-1.92197e6,4.82271e-9
1457881500,26755785.374527622,30708851.421790607,3953.066,3.96900e14,0.4266,3.82695e6,-1.91739e6,4.81119e-9
1457881530,26773811.049086392,30721689.148851875,3947.878,3.75406e14,5.8189,3.71460e6,-1.91278e6,4.79964e-9
1457881560,26791846.111431554,30734484.24445875,3942.638,3.81070e14,4.3980,3.73275e6,-1.90817e6,4.78805e-9
1457881590,26809890.206123654,30747236.60375056,3937.346,4.04317e14,1.4342,3.83473e6,-1.90354e6,4.77642e-9
1457881620,26827942.97895537,30759946.122521702,3932.003,4.14351e14,3.9514,3.87318e6,-1.89889e6,4.76476e-9
1457881650,26846004.07695487,30772612.69721839,3926.609,4.06730e14,2.0394,3.82745e6,-1.89424e6,4.75306e-9
1457881680,26864073.148388892,30785236.224935524,3921.163,3.99813e14,0.3043,3.78521e6,-1.88957e6,4.74133e-9
1457881710,26882149.842765804,30797816.603413608,3915.667,3.94623e14,0.9978,3.75128e6,-1.88488e6,4.72957e-9
1457881740,26900233.810838453,30810353.73103552,3910.120,4.04514e14,1.4836,3.78859e6,-1.88018e6,4.71778e-9
1457881770,26918324.704606958,30822847.50682343,3904.523,3.93160e14,1.3649,3.72567e6,-1.87547e6,4.70595e-9
1457881800,26936422.177321345,30835297.830435805,3898.876,3.89586e14,2.2614,3.69950e6,-1.87075e6,4.69409e-9
1457881830,26954525.883501,30847704.60220265,3893.179,4.06572e14,1.9998,3.76967e6,-1.86602e6,4.68220e-9
1457881860,26972635.478884842,30860067.72300417,3887.432,3.97542e14,0.2655,3.71790e6,-1.86127e6,4.67028e-9
1457881890,26990750.620486293,30872387.09438649,3881.636,3.93853e14,1.1911,3.69120e6,-1.85651e6,4.65832e-9
1457881920,27008870.966578502,30884662.618520577,3875.792,3.99509e14,0.2279,3.70799e6,-1.85174e6,4.64634e-9
1457881950,27026996.17669662,30896894.198199593,3869.898,4.01174e14,0.6456,3.70612e6,-1.84695e6,4.63433e-9
1457881980,27045125.911639873,30909081.736836284,3863.956,3.97938e14,0.1662,3.68154e6,-1.84216e6,4.62229e-9
1457882010,27063259.833473645,30921225.138460327,3857.965,4.06594e14,2.0053,3.71184e6,-1.83735e6,4.61022e-9
1457882040,27081397.60553134,30933324.307715848,3851.927,4.03541e14,1.2394,3.68806e6,-1.83253e6,4.59812e-9
1457882070,27099538.89241624,30945379.149858706,3845.840,3.95909e14,0.6752,3.64334e6,-1.82770e6,4.58599e-9
1457882100,27117683.36000313,30957389.570753988,3839.706,4.02748e14,1.0405,3.66497e6,-1.82286e6,4.57384e-9
1457882130,27135830.67543133,30969355.47682988,3833.525,4.07232e14,2.1655,3.67567e6,-1.81801e6,4.56166e-9
1457882160,27153980.507133022,30981276.77520918,3827.296,4.01709e14,0.7798,3.64071e6,-1.81315e6,4.54945e-9
1457882190,27172132.52480744,30993153.373572353,3821.021,3.94987e14,0.9066,3.60042e6,-1.80828e6,4.53722e-9
1457882220,27190286.399430905,31004985.180197965,3814.699,4.04247e14,1.4166,3.63260e6,-1.80340e6,4.52496e-9
1457882250,27208441.803258028,31016772.103959832,3808.330,4.13376e14,3.7068,3.66394e6,-1.79851e6,4.51268e-9
1457882280,27226598.40982267,31028514.054324023,3801.916,4.02703e14,1.0293,3.60592e6,-1.79360e6,4.50037e-9
1457882310,27244755.89393895,31040210.941346,3795.455,3.99348e14,0.1875,3.58098e6,-1.78869e6,4.48804e-9
1457882340,27262913.931702,31051862.675667647,3788.949,4.02517e14,0.9827,3.58531e6,-1.78377e6,4.47568e-9
1457882370,27281072.20048876,31063469.168514352,3782.397,4.06385e14,1.9531,3.59266e6,-1.77884e6,4.46330e-9
1457882400,27299230.378958654,31075030.331692185,3775.800,4.10854e14,3.0742,3.60257e6,-1.77390e6,4.45089e-9
1457882430,27317388.14705809,31086546.077624574,3769.158,4.02163e14,0.8937,3.55393e6,-1.76895e6,4.43846e-9
1457882460,27335545.186008528,31098016.319227494,3762.471,3.95588e14,0.7557,3.51487e6,-1.76399e6,4.42601e-9
1457882490,27353701.17831957,31109440.970028933,3755.740,3.95500e14,0.7778,3.50458e6,-1.75902e6,4.41354e-9
1457882520,27371855.807785127,31120819.944126736,3748.964,4.01177e14,0.6464,3.51965e6,-1.75405e6,4.40105e-9
1457882550,27390008.75948365,31132153.15618636,3742.144,3.95718e14,0.7232,3.48568e6,-1.74906e6,4.38853e-9
1457882580,27408159.71977831,31143440.521438286,3735.281,3.97306e14,0.3248,3.48268e6,-1.74407e6,4.37599e-9
1457882610,27426308.376317102,31154681.955675844,3728.374,4.03895e14,1.3283,3.50144e6,-1.73907e6,4.36344e-9
1457882640,27444454.418032765,31165877.375252612,3721.423,3.92702e14,1.4797,3.44265e6,-1.73406e6,4.35086e-9
1457882670,27462597.535142742,31177026.697080303,3714.429,3.92079e14,1.6360,3.42998e6,-1.72904e6,4.33826e-9
1457882700,27480737.41914897,31188129.838626273,3707.392,3.97928e14,0.1687,3.44531e6,-1.72402e6,4.32564e-9
1457882730,27498873.76283524,31199186.7178836,3700.313,3.95416e14,0.7989,3.42442e6,-1.71898e6,4.31301e-9
1457882760,27517006.260274276,31210197.25345393,3693.191,4.02128e14,0.8850,3.44324e6,-1.71394e6,4.30035e-9
1457882790,27535134.606819794,31221161.364459977,3686.027,4.03649e14,1.2666,3.43961e6,-1.70890e6,4.28768e-9
1457882820,27553258.49910839,31232078.9705705,3678.820,4.06560e14,1.9969,3.44188e6,-1.70384e6,4.27499e-9
1457882850,27571377.635058943,31242949.991997797,3671.572,3.94749e14,0.9663,3.38131e6,-1.69878e6,4.26228e-9
1457882880,27589491.71387199,31253774.349495143,3664.283,3.78521e14,5.0376,3.30225e6,-1.69371e6,4.24955e-9
1457882910,27607600.436028916,31264551.964354347,3656.952,3.88510e14,2.5314,3.33467e6,-1.68863e6,4.23680e-9
1457882940,27625703.50329114,31275282.758403163,3649.579,3.96524e14,0.5209,3.35849e6,-1.68355e6,4.22404e-9
1457882970,27643800.61869925,31285966.65400278,3642.166,3.93745e14,1.2182,3.33662e6,-1.67846e6,4.21126e-9
1457883000,27661891.486571956,31296603.574045278,3634.712,3.99615e14,0.2545,3.35114e6,-1.67336e6,4.19847e-9
1457883030,27679975.812506635,31307193.44196316,3627.218,4.12124e14,3.3928,3.39327e6,-1.66826e6,4.18566e-9
1457883060,27698053.30337364,31317736.1816901,3619.683,4.01370e14,0.6948,3.33800e6,-1.66315e6,4.17283e-9
1457883090,27716123.667319633,31328231.717695095,3612.108,3.90167e14,2.1157,3.28113e6,-1.65804e6,4.15999e-9
1457883120,27734186.613764983,31338679.974968247,3604.493,3.93177e14,1.3606,3.28348e6,-1.65292e6,4.14713e-9
1457883150,27752241.85340244,31349080.879018527,3596.839,3.88107e14,2.6325,3.25233e6,-1.64779e6,4.13426e-9
1457883180,27770289.098195735,31359434.35587129,3589.145,3.97134e14,0.3680,3.27940e6,-1.64266e6,4.12138e-9
1457883210,27788328.06137831,31369740.332066216,3581.412,4.03453e14,1.2175,3.29510e6,-1.63752e6,4.10848e-9
1457883240,27806358.45745175,31379998.734654833,3573.640,3.93504e14,1.2786,3.24400e6,-1.63238e6,4.09556e-9
1457883270,27824380.002184294,31390209.491198387,3565.829,3.95284e14,0.8321,3.24103e6,-1.62723e6,4.08264e-9
1457883300,27842392.412609283,31400372.52976562,3557.980,4.02121e14,0.8833,3.25859e6,-1.62208e6,4.06970e-9
1457883330,27860395.407022376,31410487.778931696,3550.092,4.08316e14,2.4374,3.27335e6,-1.61692e6,4.05674e-9
1457883360,27878388.704983305,31420555.167772252,3542.166,4.19258e14,5.1825,3.30714e6,-1.61175e6,4.04378e-9
1457883390,27896372.027310748,31430574.625865247,3534.203,4.08561e14,2.4988,3.25341e6,-1.60658e6,4.03080e-9
1457883420,27914345.096081555,31440546.08328755,3526.201,4.01862e14,0.8182,3.21601e6,-1.60141e6,4.01781e-9
1457883450,27932307.634628996,31450469.470612686,3518.162,4.04070e14,1.3722,3.21445e6,-1.59623e6,4.00481e-9
1457883480,27950259.367540736,31460344.71890881,3510.085,3.92367e14,1.5638,3.15730e6,-1.59105e6,3.99180e-9
1457883510,27968200.020656973,31470171.75973658,3501.972,3.98474e14,0.0317,3.17130e6,-1.58586e6,3.97877e-9
1457883540,27986129.321068376,31479950.525147077,3493.821,4.11590e14,3.2588,3.21292e6,-1.58067e6,3.96574e-9
1457883570,28004046.997114033,31489680.947679657,3485.634,4.12476e14,3.4811,3.20586e6,-1.57547e6,3.95269e-9
1457883600,28021952.77837934,31499362.960359905,3477.410,4.12053e14,3.3750,3.19361e6,-1.57027e6,3.93963e-9
1457883630,28039846.395694137,31508996.496690717,3469.150,4.09040e14,2.6192,3.17119e6,-1.56506e6,3.92657e-9
1457883660,28057727.581129674,31518581.490671426,3460.854,4.00312e14,0.4295,3.12647e6,-1.55985e6,3.91349e-9
1457883690,28075596.06799715,31528117.876774352,3452.522,4.07506e14,2.2341,3.14408e6,-1.55464e6,3.90040e-9
1457883720,28093451.59084522,31537605.58994954,3444.154,4.24242e14,6.4329,3.19858e6,-1.54943e6,3.88731e-9
1457883750,28111293.88545765,31547044.56562282,3435.751,4.19143e14,5.1536,3.16805e6,-1.54421e6,3.87420e-9
1457883780,28129122.688850872,31556434.739693567,3427.312,3.98106e14,0.1240,3.07610e6,-1.53898e6,3.86109e-9
1457883810,28146937.739271693,31565776.04853276,3418.838,4.01166e14,0.6436,3.07743e6,-1.53375e6,3.84796e-9
1457883840,28164738.776194718,31575068.428980786,3410.330,4.06868e14,2.0743,3.08880e6,-1.52852e6,3.83483e-9
1457883870,28182525.540319934,31584311.818345517,3401.786,4.05794e14,1.8047,3.07411e6,-1.52329e6,3.82169e-9
1457883900,28200297.773570113,31593506.15440016,3393.208,4.11119e14,3.1406,3.08382e6,-1.51805e6,3.80854e-9
1457883930,28218055.219093513,31602651.37538558,3384.596,4.00907e14,0.5787,3.03441e6,-1.51281e6,3.79539e-9
1457883960,28235797.621245135,31611747.41999506,3375.950,3.83543e14,3.7775,2.95822e6,-1.50757e6,3.78223e-9
1457883990,28253524.725600254,31620794.22738573,3367.270,3.96493e14,0.5288,2.99673e6,-1.50232e6,3.76905e-9
1457884020,28271236.278946444,31629791.73717216,3358.555,4.18220e14,4.9220,3.06785e6,-1.49707e6,3.75588e-9
1457884050,28288932.02928093,31638739.889424555,3349.808,4.13617e14,3.7673,3.03986e6,-1.49182e6,3.74269e-9
1457884080,28306611.725807894,31647638.62466677,3341.027,4.19291e14,5.1908,3.05031e6,-1.48657e6,3.72950e-9
1457884110,28324275.118935592,31656487.883874558,3332.213,4.25683e14,6.7945,3.06328e6,-1.48131e6,3.71630e-9
1457884140,28341921.960273642,31665287.6084736,3323.366,4.16766e14,4.5574,3.01938e6,-1.47605e6,3.70310e-9
1457884170,28359552.002630048,31674037.74033766,3314.486,4.05982e14,1.8519,2.96882e6,-1.47079e6,3.68989e-9
1457884200,28377165.000008393,31682738.221786868,3305.573,4.05722e14,1.7867,2.95723e6,-1.46552e6,3.67667e-9
1457884230,28394760.707589697,31691388.995591234,3296.628,4.18435e14,4.9760,2.99317e6,-1.46026e6,3.66345e-9
1457884260,28412338.88177615,31699990.004952177,3287.651,3.93838e14,1.1948,2.89258e6,-1.45499e6,3.65022e-9
1457884290,28429899.280141234,31708541.193517447,3278.642,3.87897e14,2.6853,2.86049e6,-1.44972e6,3.63699e-9
1457884320,28447441.661441747,31717042.505374018,3269.601,4.20314e14,5.4474,2.96756e6,-1.44444e6,3.62376e-9
1457884350,28464965.785614554,31725493.885046292,3260.528,4.10646e14,3.0220,2.92181e6,-1.43917e6,3.61051e-9
1457884380,28482471.413773395,31733895.27749447,3251.424,3.75470e14,5.8030,2.78456e6,-1.43389e6,3.59727e-9
1457884410,28499958.30820566,31742246.628112778,3242.288,3.79968e14,4.6745,2.79042e6,-1.42861e6,3.58401e-9
1457884440,28517426.23236909,31750547.8827278,3233.122,3.91748e14,1.7192,2.82217e6,-1.42333e6,3.57076e-9
1457884470,28534874.95088845,31758798.987596773,3223.924,3.89279e14,2.3385,2.80291e6,-1.41805e6,3.55750e-9
1457884500,28552304.229552332,31766999.889405876,3214.696,4.03380e14,1.1991,2.84244e6,-1.41277e6,3.54423e-9
1457884530,28569713.835330278,31775150.535248633,3205.437,4.12581e14,3.5073,2.86429e6,-1.40748e6,3.53097e-9
1457884560,28587103.53630611,31783250.87268552,3196.147,3.99921e14,0.3314,2.80899e6,-1.40219e6,3.51770e-9
1457884590,28604473.10173827,31791300.84968096,3186.828,3.74676e14,6.0021,2.70993e6,-1.39691e6,3.50442e-9
1457884620,28621822.302035965,31799300.414621238,3177.478,3.86503e14,3.0351,2.74095e6,-1.39162e6,3.49114e-9
1457884650,28639150.90875596,31807249.516312763,3168.099,3.92317e14,1.5764,2.75075e6,-1.38633e6,3.47786e-9
1457884680,28656458.69459938,31815148.10398021,3158.689,3.90705e14,1.9807,2.73466e6,-1.38103e6,3.46458e-9
1457884710,28673745.4334085,31822996.12726478,3149.251,4.08902e14,2.5843,2.78698e6,-1.37574e6,3.45129e-9
1457884740,28691010.900163405,31830793.536222413,3139.783,3.98954e14,0.0886,2.74205e6,-1.37045e6,3.43800e-9
1457884770,28708254.870978862,31838540.281322017,3130.285,4.40518e14,10.5163,2.87380e6,-1.36515e6,3.42471e-9
1457884800,28725477.123100895,31846236.313443765,3120.759,4.61625e14,15.8115,2.93465e6,-1.35986e6,3.41142e-9
1457884830,28742677.43489147,31853881.58391239,3111.204,4.18698e14,5.0420,2.77734e6,-1.35456e6,3.39812e-9
1457884860,28759855.585862484,31861476.044387758,3101.620,4.05924e14,1.8374,2.72324e6,-1.34926e6,3.38482e-9
1457884890,28777011.35663482,31869019.64697114,3092.008,3.91295e14,1.8327,2.66322e6,-1.34396e6,3.37152e-9
1457884920,28794144.52894704,31876512.344168954,3082.368,4.03835e14,1.3131,2.69483e6,-1.33866e6,3.35822e-9
1457884950,28811254.885651898,31883954.08889143,3072.699,4.11785e14,3.3077,2.71075e6,-1.33336e6,3.34492e-9
1457884980,28828342.210712727,31891344.834451344,3063.003,4.04940e14,1.5904,2.67717e6,-1.32806e6,3.33162e-9
1457885010,28845406.28920004,31898684.53456269,3053.278,4.06806e14,2.0585,2.67267e6,-1.32276e6,3.31831e-9
1457885040,28862446.90728775,31905973.143339396,3043.526,4.01575e14,0.7464,2.64467e6,-1.31746e6,3.30500e-9
1457885070,28879463.85224967,31913210.61529403,3033.747,3.79526e14,4.7855,2.56144e6,-1.31216e6,3.29170e-9
1457885100,28896456.912455827,31920396.905336566,3023.940,3.74129e14,6.1394,2.53340e6,-1.30686e6,3.27839e-9
1457885130,28913425.877360575,31927531.96872815,3014.106,4.18849e14,5.0800,2.66913e6,-1.30156e6,3.26508e-9
1457885160,28930370.537524257,31934615.761218105,3004.245,4.47754e14,12.3315,2.75225e6,-1.29625e6,3.25177e-9
1457885190,28947290.68458426,31941648.23890421,2994.358,4.36451e14,9.4959,2.70438e6,-1.29095e6,3.23846e-9
1457885220,28964186.11125936,31948629.35827575,2984.443,4.05530e14,1.7384,2.59354e6,-1.28565e6,3.22515e-9
1457885250,28981056.61134599,31955559.076211892,2974.502,3.96766e14,0.4602,2.55469e6,-1.28035e6,3.21184e-9
1457885280,28997901.979714397,31962437.349980075,2964.535,3.95432e14,0.7950,2.53984e6,-1.27504e6,3.19853e-9
1457885310,29014722.012304917,31969264.137234375,2954.542,3.94002e14,1.1537,2.52472e6,-1.26974e6,3.18522e-9
1457885340,29031516.50612416,31976039.396013793,2944.523,3.93368e14,1.3127,2.51216e6,-1.26444e6,3.17191e-9
1457885370,29048285.25924123,31982763.084740724,2934.478,3.93392e14,1.3067,2.50170e6,-1.25914e6,3.15860e-9
1457885400,29065028.07078394,31989435.162219316,2924.407,4.15523e14,4.2455,2.56077e6,-1.25383e6,3.14529e-9
1457885430,29081744.74096319,31996055.58767952,2914.311,4.04651e14,1.5180,2.51589e6,-1.24853e6,3.13198e-9
1457885460,29098435.070982542,32002624.320635095,2904.189,3.93240e14,1.3448,2.46962e6,-1.24323e6,3.11867e-9
1457885490,29115098.86312124,32009141.321022775,2894.042,3.99270e14,0.1679,2.47781e6,-1.23793e6,3.10536e-9
1457885520,29131735.92070258,32015606.549155615,2883.871,3.91549e14,1.7690,2.44332e6,-1.23263e6,3.09206e-9
1457885550,29148346.048090413,32022019.96572192,2873.674,3.92827e14,1.4485,2.43674e6,-1.22732e6,3.07875e-9
1457885580,29164929.050685555,32028381.53178413,2863.452,3.98552e14,0.0122,2.44376e6,-1.22202e6,3.06545e-9
1457885610,29181484.734922312,32034691.208777804,2853.206,4.20783e14,5.5651,2.50101e6,-1.21672e6,3.05215e-9
1457885640,29198012.908264816,32040948.95851051,2842.936,4.08009e14,2.3604,2.45130e6,-1.21142e6,3.03884e-9
1457885670,29214513.37920356,32047154.74316087,2832.641,3.82502e14,4.0386,2.36340e6,-1.20613e6,3.02554e-9
1457885700,29230985.957251735,32053308.525277484,2822.323,4.03182e14,1.1494,2.41531e6,-1.20083e6,3.01225e-9
1457885730,29247430.45290631,32059410.26774064,2811.980,4.19879e14,5.3383,2.45473e6,-1.19553e6,2.99895e-9
1457885760,29263846.677753463,32065459.93387622,2801.613,3.98775e14,0.0439,2.38084e6,-1.19023e6,2.98565e-9
1457885790,29280234.444355547,32071457.487339534,2791.223,3.79565e14,4.7756,2.31314e6,-1.18494e6,2.97236e-9
1457885820,29296593.566282608,32077402.89215123,2780.809,3.95207e14,0.8515,2.34908e6,-1.17964e6,2.95907e-9
1457885850,29312923.85810836,32083296.112696044,2770.372,4.10095e14,2.8836,2.38239e6,-1.17435e6,2.94578e-9
1457885880,29329225.13540629,32089137.113721397,2759.912,4.14370e14,3.9561,2.38419e6,-1.16905e6,2.93249e-9
1457885910,29345497.214745708,32094925.860336214,2749.429,4.20090e14,5.3911,2.39009e6,-1.16376e6,2.91921e-9
1457885940,29361739.91368769,32100662.3180095,2738.922,4.01399e14,0.7020,2.32490e6,-1.15847e6,2.90592e-9
1457885970,29377953.0507812,32106346.452569105,2728.393,3.73582e14,6.2766,2.23381e6,-1.15318e6,2.89264e-9
1457886000,29394136.44555903,32111978.230200388,2717.842,3.70932e14,6.9414,2.21593e6,-1.14788e6,2.87936e-9
1457886030,29410289.91856196,32117557.617470454,2707.268,3.77514e14,5.2902,2.22458e6,-1.14260e6,2.86609e-9
1457886060,29426413.291248165,32123084.581248447,2696.671,3.83264e14,3.8476,2.23069e6,-1.13731e6,2.85281e-9
1457886090,29442506.38607621,32128559.088782866,2686.053,3.84600e14,3.5124,2.22411e6,-1.13202e6,2.83954e-9
1457886120,29458569.02647321,32133981.107675157,2675.412,3.87517e14,2.7807,2.22196e6,-1.12673e6,2.82628e-9
1457886150,29474601.036831066,32139350.6058787,2664.750,3.80930e14,4.4332,2.19301e6,-1.12145e6,2.81301e-9
1457886180,29490602.242502764,32144667.551697746,2654.065,3.77186e14,5.3723,2.17219e6,-1.11616e6,2.79975e-9
1457886210,29506572.46979872,32149931.913786646,2643.359,3.85244e14,3.3509,2.18436e6,-1.11088e6,2.78649e-9
1457886240,29522511.54598309,32155143.66114866,2632.632,3.89468e14,2.2912,2.18568e6,-1.10560e6,2.77323e-9
1457886270,29538419.299270075,32160302.763135202,2621.883,3.76207e14,5.6180,2.13864e6,-1.10032e6,2.75998e-9
1457886300,29554295.558820207,32165409.189444806,2611.114,3.81732e14,4.2319,2.14356e6,-1.09504e6,2.74673e-9
1457886330,29570140.154723305,32170462.9101054,2600.323,4.09625e14,2.7657,2.20947e6,-1.08976e6,2.73348e-9
1457886360,29585952.918036357,32175463.8955254,2589.511,3.95867e14,0.6859,2.16134e6,-1.08449e6,2.72024e-9
1457886390,29601733.680738006,32180412.116440725,2578.678,3.95786e14,0.7061,2.15060e6,-1.07921e6,2.70700e-9
1457886420,29617482.27573829,32185307.543930598,2567.825,4.05737e14,1.7903,2.16690e6,-1.07394e6,2.69376e-9
1457886450,29633198.53687496,32190150.14941659,2556.952,4.05139e14,1.6404,2.15465e6,-1.06866e6,2.68053e-9
1457886480,29648882.298909582,32194939.904661495,2546.058,4.18638e14,5.0269,2.18003e6,-1.06339e6,2.66730e-9
1457886510,29664533.397523858,32199676.78176854,2535.143,4.13635e14,3.7719,2.15594e6,-1.05812e6,2.65408e-9
1457886540,29680151.669315737,32204360.75318021,2524.209,4.08242e14,2.4188,2.13096e6,-1.05286e6,2.64085e-9
1457886570,29695736.951795723,32208991.79167736,2513.255,3.71839e14,6.7139,2.02465e6,-1.04759e6,2.62764e-9
1457886600,29711289.08338301,32213569.87037827,2502.281,3.56565e14,10.5457,1.97454e6,-1.04232e6,2.61442e-9
1457886630,29726807.9034011,32218094.96275125,2491.287,3.90547e14,2.0205,2.05295e6,-1.03706e6,2.60121e-9
1457886660,29742293.252075866,32222567.04257185,2480.274,3.88728e14,2.4768,2.03783e6,-1.03180e6,2.58800e-9
1457886690,29757744.970530078,32226986.08396384,2469.241,3.89020e14,2.4036,2.02818e6,-1.02654e6,2.57480e-9
1457886720,29773162.90078009,32231352.061384946,2458.189,3.97414e14,0.2977,2.03929e6,-1.02128e6,2.56160e-9
1457886750,29788546.885732096,32235664.949625943,2447.118,3.94292e14,1.0809,2.02084e6,-1.01602e6,2.54841e-9
1457886780,29803896.769178376,32239924.723809972,2436.028,3.81087e14,4.3939,1.97690e6,-1.01076e6,2.53522e-9
1457886810,29819212.395793535,32244131.359391738,2424.919,3.78399e14,5.0681,1.95984e6,-1.00551e6,2.52203e-9
1457886840,29834493.61113078,32248284.83215677,2413.791,3.98091e14,0.1278,1.99901e6,-1.00026e6,2.50885e-9
1457886870,29849740.261618145,32252385.118220706,2402.645,3.84871e14,3.4443,1.95552e6,-9.95007e5,2.49567e-9
1457886900,29864952.194554802,32256432.194028515,2391.480,3.88503e14,2.5333,1.95421e6,-9.89757e5,2.48250e-9
1457886930,29880129.258118976,32260426.036343485,2380.297,3.93046e14,1.3935,1.95507e6,-9.84510e5,2.46933e-9
1457886960,29895271.301328488,32264366.622278325,2369.095,3.78281e14,5.0976,1.90838e6,-9.79264e5,2.45616e-9
1457886990,29910378.174072795,32268253.929262597,2357.876,4.05248e14,1.6677,1.96404e6,-9.74020e5,2.44300e-9
1457887020,29925449.727097914,32272087.935052153,2346.638,4.24246e14,6.4338,1.99963e6,-9.68778e5,2.42984e-9
1457887050,29940485.812002774,32275868.617728475,2335.383,4.02660e14,1.0184,1.93664e6,-9.63537e5,2.41669e-9
1457887080,29955486.281235725,32279595.95569779,2324.110,3.84053e14,3.6496,1.88139e6,-9.58298e5,2.40354e-9
1457887110,29970450.98809097,32283269.927690387,2312.819,4.10279e14,2.9299,1.93379e6,-9.53061e5,2.39040e-9
1457887140,29985379.786704898,32286890.512759797,2301.511,4.10223e14,2.9159,1.92303e6,-9.47826e5,2.37726e-9
1457887170,30000272.53205274,32290457.690282073,2290.185,3.98160e14,0.1106,1.88389e6,-9.42593e5,2.36413e-9
1457887200,30015129.079944793,32293971.43995501,2278.842,4.11798e14,3.3111,1.90550e6,-9.37361e5,2.35100e-9
1457887230,30029949.28700466,32297431.74179957,2267.482,3.81348e14,4.3283,1.82368e6,-9.32132e5,2.33788e-9
1457887260,30044733.010722246,32300838.576152578,2256.106,3.86276e14,3.0920,1.82490e6,-9.26904e5,2.32476e-9
1457887290,30059480.109393526,32304191.923672635,2244.712,4.13946e14,3.8500,1.87857e6,-9.21678e5,2.31164e-9
1457887320,30074190.442135252,32307491.765337165,2233.301,4.05470e14,1.7234,1.84844e6,-9.16454e5,2.29853e-9
1457887350,30088863.868881173,32310738.082441933,2221.874,4.03379e14,1.1988,1.83312e6,-9.11231e5,2.28542e-9
1457887380,30103500.25037837,32313930.85660027,2210.431,4.10005e14,2.8612,1.83767e6,-9.06011e5,2.27232e-9
1457887410,30118099.44818369,32317070.069742497,2198.971,4.31135e14,8.1622,1.87482e6,-9.00793e5,2.25923e-9
1457887440,30132661.32465993,32320155.70411529,2187.494,4.22621e14,6.0263,1.84484e6,-8.95576e5,2.24614e-9
1457887470,30147185.742972244,32323187.742281146,2176.002,3.96151e14,0.6144,1.77499e6,-8.90361e5,2.23305e-9
1457887500,30161672.567084543,32326166.167117704,2164.494,3.93943e14,1.1684,1.75969e6,-8.85149e5,2.21997e-9
1457887530,30176121.661774557,32329090.961825863,2152.969,3.96834e14,0.4432,1.75571e6,-8.79938e5,2.20689e-9
1457887560,30190532.8925725,32331962.10990267,2141.429,3.77295e14,5.3450,1.70245e6,-8.74729e5,2.19382e-9
1457887590,30204906.12581526,32334779.595167458,2129.873,3.88734e14,2.4752,1.71726e6,-8.69522e5,2.18075e-9
1457887620,30219241.22862439,32337543.40175281,2118.302,4.14982e14,4.1097,1.76387e6,-8.64318e5,2.16769e-9
1457887650,30233538.068902552,32340253.514103997,2106.715,4.16124e14,4.3962,1.75571e6,-8.59115e5,2.15463e-9
1457887680,30247796.515330233,32342909.916978657,2095.113,4.24162e14,6.4129,1.76229e6,-8.53914e5,2.14158e-9
1457887710,30262016.437362343,32345512.595446277,2083.496,4.01109e14,0.6293,1.70249e6,-8.48715e5,2.12854e-9
1457887740,30276197.705224834,32348061.534887835,2071.864,3.88081e14,2.6391,1.66450e6,-8.43518e5,2.11549e-9
1457887770,30290340.189911384,32350556.72099534,2060.217,4.19620e14,5.2734,1.72056e6,-8.38323e5,2.10246e-9
1457887800,30304443.763180036,32352998.139771435,2048.554,4.43430e14,11.2468,1.75964e6,-8.33130e5,2.08942e-9
1457887830,30318508.29753765,32355385.77751496,2036.877,4.04417e14,1.4592,1.66767e6,-8.27939e5,2.07640e-9
1457887860,30332533.66627435,32357719.62086381,2025.186,3.99844e14,0.3119,1.64778e6,-8.22750e5,2.06338e-9
1457887890,30346519.743422404,32359999.65675097,2013.480,4.19182e14,5.1634,1.67704e6,-8.17563e5,2.05036e-9
1457887920,30360466.40376505,32362225.872418158,2001.759,3.82845e14,3.9527,1.59237e6,-8.12378e5,2.03735e-9
1457897580,32361023.949629784,30352929.854901556,2008.094,4.01816e14,0.8067,-1.63613e6,8.14668e5,-2.04438e-9
1457897610,32358768.51646961,30338962.175631247,2019.806,3.60600e14,9.5335,-1.56175e6,8.19858e5,-2.05739e-9
1457897640,32356459.2702013,30324955.151158143,2031.504,3.71024e14,6.9183,-1.59322e6,8.25049e5,-2.07041e-9
1457897670,32354096.223761287,30310908.90712072,2043.187,4.02492e14,0.9763,-1.66881e6,8.30242e5,-2.08343e-9
1457897700,32351679.39039421,30296823.569909874,2054.856,3.93978e14,1.1596,-1.66140e6,8.35438e5,-2.09646e-9
1457897730,32349208.78368874,30282699.26666315,2066.510,3.90484e14,2.0363,-1.66436e6,8.40635e5,-2.10950e-9
1457897760,32346684.417468313,30268536.125296965,2078.148,3.93546e14,1.2680,-1.68115e6,8.45834e5,-2.12254e-9
1457897790,32344106.305901308,30254334.274481066,2089.772,3.95772e14,0.7096,-1.69624e6,8.51036e5,-2.13558e-9
1457897820,32341474.463466115,30240093.84365137,2101.381,3.88419e14,2.5543,-1.69081e6,8.56239e5,-2.14863e-9
1457897850,32338788.904951762,30225814.96301335,2112.974,3.92637e14,1.4961,-1.71020e6,8.61445e5,-2.16168e-9
1457897880,32336049.64545864,30211497.76354546,2124.552,4.10360e14,2.9502,-1.75908e6,8.66652e5,-2.17474e-9
1457897910,32333256.700399134,30197142.377002556,2136.114,3.97684e14,0.2299,-1.74192e6,8.71861e5,-2.18781e-9
1457897940,32330410.08549837,30182748.935919378,2147.661,3.90447e14,2.0454,-1.73640e6,8.77073e5,-2.20088e-9
1457897970,32327509.81679486,30168317.573613904,2159.192,3.73729e14,6.2396,-1.70970e6,8.82286e5,-2.21395e-9
1457898000,32324555.910641205,30153848.42419088,2170.707,3.51079e14,11.9220,-1.66937e6,8.87501e5,-2.22703e-9
1457898030,32321548.383670997,30139341.62254515,2182.207,3.70092e14,7.1522,-1.72177e6,8.92718e5,-2.24011e-9
1457898060,32318487.25290389,30124797.30436524,2193.690,3.92122e14,1.6254,-1.78147e6,8.97938e5,-2.25320e-9
1457898090,32315372.535641603,30110215.606136926,2205.157,3.92971e14,1.4123,-1.79375e6,9.03159e5,-2.26630e-9
1457898120,32312204.249502253,30095596.66514661,2216.608,3.73557e14,6.2829,-1.75987e6,9.08382e5,-2.27939e-9
1457898150,32308982.412420798,30080940.619484868,2228.042,3.75855e14,5.7064,-1.77525e6,9.13607e5,-2.29250e-9
1457898180,32305707.04264949,30066247.608049877,2239.459,4.08688e14,2.5307,-1.86111e6,9.18834e5,-2.30560e-9
1457898210,32302378.158758324,30051517.770551044,2250.860,4.09864e14,2.8258,-1.87442e6,9.24063e5,-2.31872e-9
1457898240,32298995.779635485,30036751.247512445,2262.245,3.79717e14,4.7375,-1.81473e6,9.29293e5,-2.33183e-9
1457898270,32295559.924487818,30021948.180276394,2273.612,3.73529e14,6.2900,-1.81043e6,9.34526e5,-2.34496e-9
1457898300,32292070.612841308,30007108.71100701,2284.962,3.76119e14,5.6400,-1.82668e6,9.39760e5,-2.35808e-9
1457898330,32288527.864567034,29992232.982699733,2296.295,3.69376e14,7.3317,-1.82087e6,9.44997e5,-2.37121e-9
1457898360,32284931.6998032,29977321.13916659,2307.611,3.81316e14,4.3363,-1.85943e6,9.50235e5,-2.38435e-9
1457898390,32281282.13903447,29962373.325058047,2318.909,3.94580e14,1.0087,-1.90148e6,9.55475e5,-2.39749e-9
1457898420,32277579.203067143,29947389.68586076,2330.190,3.78954e14,4.9289,-1.87424e6,9.60717e5,-2.41063e-9
1457898450,32273822.91302998,29932370.36790122,2341.453,3.61990e14,9.1847,-1.84335e6,9.65960e5,-2.42378e-9
1457898480,32270013.290375017,29917315.518349424,2352.698,4.05657e14,1.7702,-1.95977e6,9.71206e5,-2.43694e-9
1457898510,32266150.356878344,29902225.285222642,2363.925,4.18792e14,5.0657,-2.00253e6,9.76453e5,-2.45010e-9
1457898540,32262234.13464097,29887099.817389008,2375.134,3.72625e14,6.5166,-1.89957e6,9.81702e5,-2.46326e-9
1457898570,32258264.64608966,29871939.264571298,2386.325,3.72279e14,6.6035,-1.90887e6,9.86953e5,-2.47643e-9
1457898600,32254241.913977772,29856743.777350586,2397.498,3.91556e14,1.7673,-1.96702e6,9.92205e5,-2.48960e-9
1457898630,32250165.961374067,29841513.50716531,2408.652,3.86840e14,2.9505,-1.96563e6,9.97459e5,-2.50277e-9
1457898660,32246036.811700944,29826248.606329422,2419.788,3.80345e14,4.5798,-1.95965e6,1.00272e6,-2.51595e-9
1457898690,32241854.48869775,29810949.228021756,2430.905,4.02401e14,0.9534,-2.02570e6,1.00797e6,-2.52914e-9
1457898720,32237619.016433813,29795615.526294276,2442.003,4.13804e14,3.8142,-2.06526e6,1.01323e6,-2.54232e-9
1457898750,32233330.41930915,29780247.656075865,2453.083,3.93643e14,1.2437,-2.02445e6,1.01849e6,-2.55552e-9
1457898780,32228988.72205534,29764845.77317599,2464.143,3.94618e14,0.9991,-2.03742e6,1.02376e6,-2.56871e-9
1457898810,32224593.949736323,29749410.03428842,2475.184,3.76664e14,5.5035,-2.00153e6,1.02902e6,-2.58191e-9
1457898840,32220146.127749212,29733940.596994903,2486.206,3.67856e14,7.7131,-1.98891e6,1.03429e6,-2.59512e-9
1457898870,32215645.281825077,29718437.6197689,2497.208,4.05976e14,1.8505,-2.09847e6,1.03955e6,-2.60833e-9
1457898900,32211091.43802979,29702901.261979245,2508.190,4.06212e14,1.9097,-2.10972e6,1.04482e6,-2.62154e-9
1457898930,32206484.622764036,29687331.683892198,2519.153,3.91233e14,1.8484,-2.08089e6,1.05009e6,-2.63475e-9
1457898960,32201824.86276669,29671729.046680436,2530.096,3.85594e14,3.2630,-2.07641e6,1.05536e6,-2.64797e-9
1457898990,32197112.185113132,29656093.512421403,2541.019,3.79241e14,4.8569,-2.06987e6,1.06064e6,-2.66120e-9
1457899020,32192346.61721693,29640425.244102757,2551.921,3.97202e14,0.3508,-2.12820e6,1.06591e6,-2.67442e-9
1457899050,32187528.18683067,29624724.405626077,2562.804,3.89043e14,2.3978,-2.11680e6,1.07119e6,-2.68765e-9
1457899080,32182656.922046803,29608991.16181055,2573.666,3.92605e14,1.5042,-2.13685e6,1.07647e6,-2.70089e-9
1457899110,32177732.851298634,29593225.678396754,2584.507,3.96828e14,0.4448,-2.15878e6,1.08174e6,-2.71413e-9
1457899140,32172756.003361102,29577428.122050297,2595.328,3.97471e14,0.2832,-2.17108e6,1.08703e6,-2.72737e-9
1457899170,32167726.407351762,29561598.660365596,2606.128,4.24810e14,6.5753,-2.25654e6,1.09231e6,-2.74061e-9
1457899200,32162644.0927317,29545737.461869594,2616.907,4.09153e14,2.6474,-2.22434e6,1.09759e6,-2.75386e-9
1457899230,32157509.089314934,29529844.69603367,2627.664,3.93446e14,1.2931,-2.19158e6,1.10287e6,-2.76711e-9
1457899260,32152321.42724333,29513920.533252317,2638.401,4.21339e14,5.7046,-2.27964e6,1.10816e6,-2.78036e-9
1457899290,32147081.137013625,29497965.144871976,2649.116,4.14576e14,4.0078,-2.27161e6,1.11345e6,-2.79362e-9
1457899320,32141788.249470152,29481978.703186788,2659.810,3.74501e14,6.0460,-2.16991e6,1.11874e6,-2.80688e-9
1457899350,32136442.79580581,29465961.381442375,2670.481,3.89565e14,2.2668,-2.22265e6,1.12402e6,-2.82014e-9
1457899380,32131044.80756317,29449913.353839733,2681.131,4.04372e14,1.4479,-2.27507e6,1.12931e6,-2.83341e-9
1457899410,32125594.316635665,29433834.79553904,2691.760,3.90689e14,1.9849,-2.24677e6,1.13461e6,-2.84668e-9
1457899440,32120091.355268564,29417725.882663492,2702.365,3.94736e14,0.9696,-2.26882e6,1.13990e6,-2.85995e-9
1457899470,32114535.956060223,29401586.792303167,2712.949,3.95571e14,0.7600,-2.28176e6,1.14519e6,-2.87322e-9
1457899500,32108928.15196313,29385417.702518824,2723.510,3.92024e14,1.6499,-2.28206e6,1.15049e6,-2.88650e-9
1457899530,32103267.976274163,29369218.79233395,2734.049,4.15448e14,4.2267,-2.36049e6,1.15578e6,-2.89978e-9
1457899560,32097555.4626694,29352990.24177497,2744.565,4.15730e14,4.2974,-2.37213e6,1.16108e6,-2.91306e-9
1457899590,32091790.645171568,29336732.23183864,2755.058,3.96271e14,0.5844,-2.32600e6,1.16638e6,-2.92634e-9
1457899620,32085973.55816201,29320444.944507577,2765.529,4.00933e14,0.5851,-2.35027e6,1.17168e6,-2.93963e-9
1457899650,32080104.23638178,29304128.56275395,2775.976,3.93378e14,1.3102,-2.33859e6,1.17698e6,-2.95292e-9
1457899680,32074182.71493274,29287783.270543203,2786.399,3.86093e14,3.1380,-2.32751e6,1.18228e6,-2.96621e-9
1457899710,32068209.029278696,29271409.25283779,2796.800,4.08032e14,2.3661,-2.40331e6,1.18758e6,-2.97950e-9
1457899740,32062183.21524647,29255006.695600912,2807.177,4.21142e14,5.6551,-2.45327e6,1.19288e6,-2.99279e-9
1457899770,32056105.309027065,29238575.785800174,2817.530,4.18530e14,4.9998,-2.45632e6,1.19818e6,-3.00609e-9
1457899800,32049975.34717676,29222116.71141132,2827.859,4.11495e14,3.2350,-2.44595e6,1.20348e6,-3.01938e-9
1457899830,32043793.36663121,29205629.661435902,2838.164,4.03988e14,1.3517,-2.43396e6,1.20879e6,-3.03268e-9
1457899860,32037559.40466694,29189114.82586208,2848.445,4.16130e14,4.3978,-2.48162e6,1.21409e6,-3.04598e-9
1457899890,32031273.49894218,29172572.395711277,2858.701,3.97143e14,0.3656,-2.43437e6,1.21940e6,-3.05928e-9
1457899920,32024935.687485393,29156002.5630281,2868.933,4.00351e14,0.4392,-2.45482e6,1.22470e6,-3.07259e-9
1457899950,32018546.008696545,29139405.52088417,2879.140,4.22006e14,5.8719,-2.53227e6,1.23001e6,-3.08589e-9
1457899980,32012104.501348417,29122781.463381946,2889.323,4.23248e14,6.1835,-2.54704e6,1.23532e6,-3.09920e-9
1457900010,32005611.204587966,29106130.585658524,2899.481,4.23651e14,6.2847,-2.55924e6,1.24062e6,-3.11250e-9
1457900040,31999066.157937642,29089453.08388944,2909.613,3.86265e14,3.0947,-2.45332e6,1.24593e6,-3.12581e-9
1457900070,31992469.401296772,29072749.155292474,2919.720,3.94643e14,0.9928,-2.49007e6,1.25124e6,-3.13912e-9
1457900100,31985820.97494283,29056018.998131424,2929.802,4.13565e14,3.7542,-2.56028e6,1.25654e6,-3.15242e-9
1457900130,31979120.919515472,29039262.811703146,2939.858,3.92100e14,1.6309,-2.50313e6,1.26185e6,-3.16573e-9
1457900160,31972369.27607158,29022480.796392888,2949.888,3.81043e14,4.4047,-2.47851e6,1.26716e6,-3.17904e-9
1457900190,31965566.086032826,29005673.15362638,2959.893,3.93056e14,1.3909,-2.52724e6,1.27247e6,-3.19235e-9
1457900220,31958711.39120434,28988840.085890193,2969.871,4.00816e14,0.5559,-2.56266e6,1.27778e6,-3.20566e-9
1457900250,31951805.233775932,28971981.796735276,2979.823,3.97962e14,0.1601,-2.56411e6,1.28308e6,-3.21897e-9
1457900280,31944847.656323418,28955098.49078056,2989.749,4.08872e14,2.5770,-2.60998e6,1.28839e6,-3.23228e-9
1457900310,31937838.70180987,28938190.37371656,2999.648,3.92528e14,1.5234,-2.56769e6,1.29370e6,-3.24559e-9
1457900340,31930778.413586926,28921257.65230893,3009.521,3.92018e14,1.6513,-2.57656e6,1.29901e6,-3.25890e-9
1457900370,31923666.835396115,28904300.53440199,3019.366,4.08501e14,2.4837,-2.64102e6,1.30432e6,-3.27221e-9
1457900400,31916504.01137019,28887319.228922334,3029.185,4.09052e14,2.6220,-2.65357e6,1.30963e6,-3.28551e-9
1457900430,31909289.986057114,28870313.94590343,3038.976,4.08195e14,2.4071,-2.66149e6,1.31493e6,-3.29882e-9
1457900460,31902024.804351736,28853284.896424197,3048.740,3.98161e14,0.1104,-2.63900e6,1.32024e6,-3.31213e-9
1457900490,31894708.511567034,28836232.29267763,3058.476,3.93238e14,1.3454,-2.63323e6,1.32555e6,-3.32543e-9
1457900520,31887341.153413076,28819156.347953416,3068.185,4.02253e14,0.9163,-2.67387e6,1.33085e6,-3.33873e-9
1457900550,31879922.775998723,28802057.276641708,3077.865,4.05231e14,1.6634,-2.69451e6,1.33616e6,-3.35204e-9
1457900580,31872453.425833177,28784935.294236634,3087.518,3.92972e14,1.4121,-2.66395e6,1.34146e6,-3.36534e-9
1457900610,31864933.149827693,28767790.617340114,3097.143,3.91051e14,1.8940,-2.66799e6,1.34677e6,-3.37864e-9
1457900640,31857361.995297223,28750623.463665403,3106.739,3.94294e14,1.0805,-2.68949e6,1.35207e6,-3.39194e-9
1457900670,31849740.0099621,28733434.052040756,3116.306,4.04550e14,1.4926,-2.73496e6,1.35737e6,-3.40523e-9
1457900700,31842067.241949677,28716222.602412965,3125.845,4.22951e14,6.1090,-2.80854e6,1.36268e6,-3.41853e-9
1457900730,31834343.73977331,28698989.33582544,3135.354,4.06120e14,1.8866,-2.76171e6,1.36798e6,-3.43182e-9
1457900760,31826569.55240408,28681734.474500503,3144.835,3.91120e14,1.8767,-2.72073e6,1.37328e6,-3.44511e-9
1457900790,31818744.72920237,28664458.24176396,3154.286,3.91402e14,1.8058,-2.73220e6,1.37858e6,-3.45839e-9
1457900820,31810869.319941986,28647160.862073924,3163.708,3.84655e14,3.4987,-2.71927e6,1.38388e6,-3.47168e-9
1457900850,31802943.374811716,28629842.56102414,3173.101,3.93591e14,1.2568,-2.76082e6,1.38917e6,-3.48496e-9
1457900880,31794966.944416855,28612503.565347143,3182.463,3.83357e14,3.8242,-2.73554e6,1.39447e6,-3.49824e-9
1457900910,31786940.079780713,28595144.102917574,3191.796,3.74711e14,5.9933,-2.71557e6,1.39977e6,-3.51151e-9
1457900940,31778862.832346167,28577764.402755305,3201.098,3.99104e14,0.1262,-2.81181e6,1.40506e6,-3.52478e-9
1457900970,31770735.253977124,28560364.695028674,3210.371,4.21937e14,5.8546,-2.90319e6,1.41035e6,-3.53805e-9
1457901000,31762557.396960184,28542945.21105764,3219.612,4.19090e14,5.1404,-2.90396e6,1.41564e6,-3.55132e-9
1457901030,31754329.314022403,28525506.18334469,3228.823,4.04472e14,1.4731,-2.86270e6,1.42093e6,-3.56458e-9
1457901060,31746051.05828272,28508047.84549246,3238.003,3.94451e14,1.0410,-2.83750e6,1.42622e6,-3.57783e-9
1457901090,31737722.683303818,28490570.432292555,3247.152,3.99199e14,0.1502,-2.86506e6,1.43150e6,-3.59109e-9
1457901120,31729344.243077584,28473074.179701187,3256.270,4.08222e14,2.4138,-2.90816e6,1.43679e6,-3.60433e-9
1457901150,31720915.79202689,28455559.32484245,3265.356,3.94869e14,0.9362,-2.87054e6,1.44207e6,-3.61758e-9
1457901180,31712437.385007367,28438026.106011588,3274.411,3.90532e14,2.0241,-2.86530e6,1.44735e6,-3.63082e-9
1457901210,31703909.077309184,28420474.762678336,3283.434,3.95505e14,0.7765,-2.89387e6,1.45263e6,-3.64405e-9
1457901240,31695330.92465894,28402905.53549012,3292.425,3.83125e14,3.8824,-2.85910e6,1.45791e6,-3.65728e-9
1457901270,31686702.983221393,28385318.666275248,3301.384,3.99817e14,0.3052,-2.93071e6,1.46318e6,-3.67050e-9
1457901300,31678025.309601407,28367714.398046106,3310.311,4.32741e14,8.5650,-3.06255e6,1.46845e6,-3.68372e-9
1457901330,31669297.960836284,28350092.97497524,3319.205,4.20223e14,5.4246,-3.02726e6,1.47372e6,-3.69693e-9
1457901360,31660520.99442683,28332454.6424819,3328.066,4.07560e14,2.2477,-2.99109e6,1.47899e6,-3.71014e-9
1457901390,31651694.468310095,28314799.64715148,3336.895,4.11968e14,3.3536,-3.01815e6,1.48426e6,-3.72333e-9
1457901420,31642818.440870628,28297128.236765377,3345.690,4.01777e14,0.7969,-2.99077e6,1.48952e6,-3.73653e-9
1457901450,31633892.970942277,28279440.660303738,3354.452,4.03070e14,1.1214,-3.00618e6,1.49478e6,-3.74971e-9
1457901480,31624918.11781013,28261737.167948246,3363.181,3.99681e14,0.2712,-3.00399e6,1.50003e6,-3.76289e-9
1457901510,31615893.941212352,28244018.01108477,3371.876,3.91445e14,1.7952,-2.98341e6,1.50529e6,-3.77607e-9
1457901540,31606820.50134207,28226283.442306098,3380.537,3.95307e14,0.8263,-3.00845e6,1.51054e6,-3.78923e-9
1457901570,31597697.858849254,28208533.71541448,3389.164,3.93729e14,1.2222,-3.01290e6,1.51579e6,-3.80239e-9
1457901600,31588526.074842706,28190769.085424274,3397.757,3.95342e14,0.8175,-3.02948e6,1.52103e6,-3.81554e-9
1457901630,31579305.210901402,28172989.808589373,3406.315,3.87898e14,2.6849,-3.01142e6,1.52628e6,-3.82868e-9
1457901660,31570035.32904726,28155196.142329037,3414.839,3.89271e14,2.3407,-3.02702e6,1.53152e6,-3.84182e-9
1457901690,31560716.491776317,28137388.3453073,3423.328,3.91298e14,1.8321,-3.04518e6,1.53675e6,-3.85494e-9
1457901720,31551348.76205133,28119566.677410737,3431.782,3.93184e14,1.3589,-3.06284e6,1.54198e6,-3.86806e-9
1457901750,31541932.203303818,28101731.39975109,3440.201,3.85794e14,3.2128,-3.04454e6,1.54721e6,-3.88117e-9
1457901780,31532466.87943614,28083882.77466788,3448.584,3.75954e14,5.6816,-3.01650e6,1.55244e6,-3.89427e-9
1457901810,31522952.854823582,28066021.06573095,3456.932,3.81813e14,4.2116,-3.04954e6,1.55766e6,-3.90736e-9
1457901840,31513390.19431645,28048146.537742987,3465.244,4.04261e14,1.4201,-3.14776e6,1.56288e6,-3.92044e-9
1457901870,31503778.9632421,28030259.456742,3473.520,4.09713e14,2.7878,-3.17970e6,1.56809e6,-3.93351e-9
1457901900,31494119.227407105,28012360.090003688,3481.759,3.93255e14,1.3410,-3.12531e6,1.57330e6,-3.94657e-9
1457901930,31484411.053083777,27994448.706021618,3489.962,3.89344e14,2.3222,-3.12016e6,1.57851e6,-3.95962e-9
1457901960,31474654.50706021,27976525.57457819,3498.129,4.00477e14,0.4708,-3.17467e6,1.58371e6,-3.97266e-9
1457901990,31464849.656594384,27958590.96667802,3506.259,4.08234e14,2.4168,-3.21600e6,1.58890e6,-3.98569e-9
1457902020,31454996.569431745,27940645.154572245,3514.351,3.92718e14,1.4757,-3.16446e6,1.59410e6,-3.99870e-9
1457902050,31445095.313807186,27922688.411760584,3522.407,3.93856e14,1.1902,-3.17932e6,1.59929e6,-4.01171e-9
1457902080,31435145.95844705,27904721.012993187,3530.425,3.98202e14,0.0999,-3.20711e6,1.60447e6,-4.02470e-9
1457902110,31425148.57257127,27886743.234272566,3538.405,4.06738e14,2.0415,-3.25193e6,1.60965e6,-4.03769e-9
1457902140,31415103.22589532,27868755.352855396,3546.348,4.11536e14,3.2452,-3.28181e6,1.61482e6,-4.05066e-9
1457902170,31405009.988632336,27850757.647254303,3554.252,4.01887e14,0.8245,-3.25310e6,1.61999e6,-4.06361e-9
1457902200,31394868.93149522,27832750.39723957,3562.119,4.03837e14,1.3137,-3.27142e6,1.62515e6,-4.07656e-9
1457902230,31384680.12571923,27814733.883858893,3569.946,3.98042e14,0.1400,-3.25810e6,1.63031e6,-4.08949e-9
1457902260,31374443.643001,27796708.38938324,3577.735,4.09979e14,2.8545,-3.31736e6,1.63547e6,-4.10241e-9
1457902290,31364159.555563927,27778674.19736446,3585.485,4.19278e14,5.1874,-3.36607e6,1.64061e6,-4.11531e-9
1457902320,31353827.936140075,27760631.592618704,3593.196,3.81311e14,4.3375,-3.21989e6,1.64576e6,-4.12820e-9
1457902350,31343448.857972506,27742580.861228146,3600.868,3.86467e14,3.0440,-3.25128e6,1.65089e6,-4.14108e-9
1457902380,31333022.39481765,27724522.290542457,3608.500,4.10891e14,3.0834,-3.36284e6,1.65602e6,-4.15394e-9
1457902410,31322548.620947786,27706456.169180375,3616.092,4.04506e14,1.4816,-3.34664e6,1.66115e6,-4.16679e-9
1457902440,31312027.611153346,27688382.7870311,3623.645,3.92025e14,1.6496,-3.30478e6,1.66627e6,-4.17962e-9
1457902470,31301459.440745387,27670302.43525569,3631.157,3.96002e14,0.6518,-3.33159e6,1.67138e6,-4.19244e-9
1457902500,31290844.185558047,27652215.406288363,3638.629,4.06321e14,1.9369,-3.38516e6,1.67649e6,-4.20524e-9
1457902530,31280181.921931427,27634121.99382775,3646.060,4.04261e14,1.4200,-3.38677e6,1.68159e6,-4.21802e-9
1457902560,31269472.726774238,27616022.492869057,3653.450,4.07279e14,2.1774,-3.40979e6,1.68668e6,-4.23079e-9
1457902590,31258716.677505895,27597917.199673954,3660.799,3.96182e14,0.6067,-3.37298e6,1.69177e6,-4.24354e-9
1457902620,31247913.852078453,27579806.41178166,3668.107,3.75758e14,5.7307,-3.29618e6,1.69685e6,-4.25628e-9
1457902650,31237064.328978825,27561690.428009845,3675.374,3.88712e14,2.4808,-3.36133e6,1.70192e6,-4.26899e-9
1457902680,31226168.18723114,27543569.548455436,3682.599,4.11423e14,3.2170,-3.46857e6,1.70699e6,-4.28169e-9
1457902710,31215225.50639912,27525444.07449533,3689.781,4.12305e14,3.4381,-3.48263e6,1.71204e6,-4.29437e-9
1457902740,31204236.366588347,27507314.308787078,3696.922,4.00584e14,0.4976,-3.44243e6,1.71710e6,-4.30704e-9
1457902770,31193200.848448694,27489180.555269465,3704.020,3.97438e14,0.2917,-3.43894e6,1.72214e6,-4.31968e-9
1457902800,31182119.033176623,27471043.11916298,3711.076,4.02674e14,1.0220,-3.47168e6,1.72718e6,-4.33231e-9
1457902830,31170991.00253169,27452902.306968447,3718.089,4.06205e14,1.9079,-3.49713e6,1.73221e6,-4.34491e-9
1457902860,31159816.838795632,27434758.426472876,3725.058,4.17429e14,4.7237,-3.55617e6,1.73723e6,-4.35750e-9
1457902890,31148596.62481815,27416611.786744367,3731.985,4.17682e14,4.7870,-3.56753e6,1.74224e6,-4.37006e-9
1457902920,31137330.444005497,27398462.698134005,3738.868,3.98567e14,0.0083,-3.49401e6,1.74724e6,-4.38261e-9
1457902950,31126018.38032294,27380311.472275905,3745.707,3.99360e14,0.1905,-3.50748e6,1.75224e6,-4.39513e-9
1457902980,31114660.51829744,27362158.422087286,3752.502,4.11036e14,3.1199,-3.56893e6,1.75723e6,-4.40763e-9
1457903010,31103256.943020225,27344003.861768376,3759.253,4.03226e14,1.1603,-3.54451e6,1.76221e6,-4.42012e-9
1457903040,31091807.740149383,27325848.10680231,3765.960,4.00105e14,0.3775,-3.54067e6,1.76718e6,-4.43257e-9
1457903070,31080312.995912544,27307691.473954838,3772.622,3.93757e14,1.2151,-3.52239e6,1.77214e6,-4.44501e-9
1457903100,31068772.7971095,27289534.281274114,3779.239,4.02130e14,0.8854,-3.56955e6,1.77709e6,-4.45743e-9
1457903130,31057187.23110581,27271376.848103516,3785.810,4.02061e14,0.8682,-3.57917e6,1.78203e6,-4.46982e-9
1457903160,31045556.385863476,27253219.495040383,3792.337,3.99052e14,0.1133,-3.57559e6,1.78697e6,-4.48218e-9
1457903190,31033880.34991558,27235062.543976285,3798.818,4.01695e14,0.7764,-3.59732e6,1.79189e6,-4.49453e-9
1457903220,31022159.21237795,27216906.318083268,3805.253,3.90787e14,1.9603,-3.55802e6,1.79681e6,-4.50685e-9
1457903250,31010393.062951848,27198751.1418133,3811.642,3.85290e14,3.3392,-3.54289e6,1.80171e6,-4.51914e-9
1457903280,30998581.991926633,27180597.340897497,3817.985,3.96970e14,0.4089,-3.60544e6,1.80661e6,-4.53141e-9
1457903310,30986726.09018239,27162445.242345333,3824.281,4.06042e14,1.8670,-3.65641e6,1.81149e6,-4.54365e-9
1457903340,30974825.449192688,27144295.174443755,3830.530,3.94194e14,1.1055,-3.61226e6,1.81637e6,-4.55587e-9
1457903370,30962880.16102721,27126147.46675616,3836.733,4.00451e14,0.4642,-3.65051e6,1.82123e6,-4.56806e-9
1457903400,30950890.31835452,27108002.45012127,3842.888,4.05585e14,1.7522,-3.68375e6,1.82608e6,-4.58023e-9
1457903430,30938856.014454402,27089860.45663172,3848.996,3.97896e14,0.1767,-3.65821e6,1.83092e6,-4.59236e-9
1457903460,30926777.34319086,27071721.819695096,3855.056,4.03199e14,1.1537,-3.69228e6,1.83576e6,-4.60447e-9
1457903490,30914654.39904475,27053586.873969972,3861.068,3.98685e14,0.0212,-3.68113e6,1.84058e6,-4.61656e-9
1457903520,30902487.277106907,27035455.95538442,3867.031,3.85936e14,3.1773,-3.63173e6,1.84538e6,-4.62861e-9
1457903550,30890276.073081043,27017329.401134282,3872.947,3.86706e14,2.9841,-3.64474e6,1.85018e6,-4.64063e-9
1457903580,30878020.883286577,26999207.549681205,3878.813,3.99085e14,0.1215,-3.71176e6,1.85497e6,-4.65263e-9
1457903610,30865721.80466158,26981090.740750644,3884.631,4.09419e14,2.7141,-3.76951e6,1.85974e6,-4.66459e-9
1457903640,30853378.934765574,26962979.315329727,3890.400,3.99838e14,0.3104,-3.73435e6,1.86450e6,-4.67653e-9
1457903670,30840992.37178246,26944873.61566505,3896.119,3.81855e14,4.2010,-3.65955e6,1.86925e6,-4.68843e-9
1457903700,30828562.2145234,26926773.9852603,3901.788,4.03318e14,1.1835,-3.76971e6,1.87399e6,-4.70031e-9
1457903730,30816088.562413882,26908680.768896427,3907.408,4.16356e14,4.4545,-3.84064e6,1.87871e6,-4.71215e-9
1457903760,30803571.51554558,26890594.31255938,3912.977,3.96898e14,0.4272,-3.75835e6,1.88342e6,-4.72396e-9
1457903790,30791011.1746302,26872514.96350752,3918.496,4.03413e14,1.2073,-3.79858e6,1.88812e6,-4.73573e-9
1457903820,30778407.64101806,26854443.07024623,3923.965,4.01055e14,0.6157,-3.79680e6,1.89281e6,-4.74748e-9
1457903850,30765761.01670102,26836378.982525308,3929.382,3.89681e14,2.2376,-3.75204e6,1.89748e6,-4.75919e-9
1457903880,30753071.404315315,26818323.051336046,3934.748,3.99234e14,0.1589,-3.80683e6,1.90214e6,-4.77086e-9
1457903910,30740338.90714437,26800275.62890834,3940.063,3.99641e14,0.2610,-3.81806e6,1.90678e6,-4.78250e-9
1457903940,30727563.629121684,26782237.06870758,3945.327,4.09232e14,2.6671,-3.87331e6,1.91141e6,-4.79411e-9
1457903970,30714745.674833708,26764207.725431465,3950.538,4.07539e14,2.2426,-3.87453e6,1.91603e6,-4.80568e-9
1457904000,30701885.149522796,26746187.955006562,3955.697,3.94024e14,1.1481,-3.81873e6,1.92063e6,-4.81722e-9
1457904030,30688982.159112282,26728178.114563134,3960.804,3.90848e14,1.9450,-3.81251e6,1.92522e6,-4.82871e-9
1457904060,30676036.810141042,26710178.562498994,3965.858,3.82904e14,3.9378,-3.78311e6,1.92979e6,-4.84018e-9
1457904090,30663049.20983513,26692189.658407778,3970.860,3.87349e14,2.8228,-3.81361e6,1.93435e6,-4.85160e-9
1457904120,30650019.46608871,26674211.7630969,3975.808,4.00905e14,0.5781,-3.88848e6,1.93889e6,-4.86299e-9
1457904150,30636947.68746727,26656245.238583453,3980.702,4.06030e14,1.8639,-3.92254e6,1.94342e6,-4.87433e-9
1457904180,30623833.9832108,26638290.448089782,3985.544,4.10481e14,2.9806,-3.95339e6,1.94793e6,-4.88564e-9
1457904210,30610678.46323704,26620347.756039146,3990.331,4.01434e14,0.7110,-3.91821e6,1.95242e6,-4.89691e-9
1457904240,30597481.23814476,26602417.52805105,3995.064,3.98820e14,0.0551,-3.91437e6,1.95690e6,-4.90814e-9
1457904270,30584242.41921693,26584500.13093654,3999.742,4.01193e14,0.6505,-3.93497e6,1.96137e6,-4.91933e-9
1457904300,30570962.118424013,26566595.93269335,4004.366,3.98682e14,0.0205,-3.93151e6,1.96582e6,-4.93048e-9
1457904330,30557640.44840436,26548705.302518643,4008.935,4.08610e14,2.5112,-3.98943e6,1.97025e6,-4.94158e-9
1457904360,30544277.52253806,26530828.6107491,4013.449,4.05571e14,1.7487,-3.98331e6,1.97466e6,-4.95264e-9
1457904390,30530873.454879336,26512966.228910882,4017.907,4.12398e14,3.4615,-4.02606e6,1.97906e6,-4.96366e-9
1457904420,30517428.360182617,26495118.529696513,4022.310,4.13248e14,3.6747,-4.03920e6,1.98344e6,-4.97464e-9
1457904450,30503942.353905596,26477285.886959385,4026.656,3.94244e14,1.0930,-3.95333e6,1.98780e6,-4.98557e-9
1457904480,30490415.552212376,26459468.675708324,4030.947,3.99312e14,0.1785,-3.98729e6,1.99214e6,-4.99646e-9
1457904510,30476848.07197658,26441667.272101842,4035.181,4.14816e14,4.0682,-4.07358e6,1.99647e6,-5.00731e-9
1457904540,30463240.030784458,26423882.053442348,4039.358,4.07520e14,2.2377,-4.04575e6,2.00078e6,-5.01810e-9
1457904570,30449591.546938013,26406113.398170166,4043.478,3.89386e14,2.3118,-3.96323e6,2.00507e6,-5.02886e-9
1457904600,30435902.739458222,26388361.685857326,4047.541,3.95093e14,0.8800,-4.00043e6,2.00934e6,-5.03956e-9
1457904630,30422173.728105936,26370627.29719311,4051.546,3.98521e14,0.0198,-4.02621e6,2.01359e6,-5.05022e-9
1457904660,30408404.633330103,26352910.6140033,4055.494,3.91712e14,1.7281,-4.00021e6,2.01782e6,-5.06083e-9
1457904690,30394595.576326214,26335212.019217394,4059.384,4.01203e14,0.6530,-4.05669e6,2.02204e6,-5.07139e-9
1457904720,30380746.679021783,26317531.89687034,4063.215,4.10357e14,2.9495,-4.11162e6,2.02623e6,-5.08190e-9
1457904750,30366858.06407969,26299870.63209551,4066.987,4.08152e14,2.3962,-4.10886e6,2.03040e6,-5.09236e-9
1457904780,30352929.854901556,26282228.611117512,4070.701,4.04215e14,1.4085,-4.09717e6,2.03456e6,-5.10278e-9
1457904810,30338962.175631247,26264606.221244898,4074.356,4.16846e14,4.5773,-4.17008e6,2.03869e6,-5.11314e-9
1457904840,30324955.151158143,26247003.85086258,4077.951,4.17246e14,4.6777,-4.18054e6,2.04280e6,-5.12345e-9
