Timestamp,R_A,R_B,Delta_H_km,GM,Error_Pct,Term_Time,Term_Kinetic,Term_Potential
1481242830,27373710.59537737,23766771.65137281,3606.939,4.00010e14,0.3536,-4.42770e6,2.20998e6,-5.54415e-9
1481242860,27355250.220252335,23759207.03140395,3596.043,4.02546e14,0.9898,-4.43273e6,2.20549e6,-5.53289e-9
1481242890,27336788.043809462,23751735.83657044,3585.052,4.02922e14,1.0841,-4.42562e6,2.20091e6,-5.52144e-9
1481242920,27318324.386510473,23744358.35526109,3573.966,3.99790e14,0.2984,-4.39903e6,2.19626e6,-5.50980e-9
1481242950,27299859.570147615,23737074.8727308,3562.785,3.95212e14,0.8502,-4.36440e6,2.19154e6,-5.49796e-9
1481242980,27281393.91784368,23729885.671072215,3551.508,3.96787e14,0.4550,-4.36348e6,2.18673e6,-5.48593e-9
1481243010,27262927.75405205,23722791.029187616,3540.137,3.98057e14,0.1363,-4.36070e6,2.18185e6,-5.47371e-9
1481243040,27244461.404556554,23715791.222760957,3528.670,4.02951e14,1.0914,-4.37752e6,2.17689e6,-5.46129e-9
1481243070,27225995.196471266,23708886.524230227,3517.109,4.02116e14,0.8820,-4.36285e6,2.17185e6,-5.44867e-9
1481243100,27207529.4582403,23702077.20276,3505.452,3.95722e14,0.7221,-4.31782e6,2.16673e6,-5.43586e-9
1481243130,27189064.519623697,23695363.524206284,3493.701,3.91270e14,1.8391,-4.28334e6,2.16154e6,-5.42286e-9
1481243160,27170600.711738814,23688745.751114354,3481.855,3.96003e14,0.6517,-4.29850e6,2.15627e6,-5.40965e-9
1481243190,27152138.36701817,23682224.142666914,3469.914,3.97991e14,0.1528,-4.29858e6,2.15092e6,-5.39625e-9
1481243220,27133677.819221966,23675798.95466577,3457.879,3.97727e14,0.2190,-4.28632e6,2.14549e6,-5.38265e-9
1481243250,27115219.403437216,23669470.43950568,3445.749,4.01742e14,0.7881,-4.29687e6,2.13998e6,-5.36886e-9
1481243280,27096763.456076764,23663238.846148346,3433.525,3.98068e14,0.1335,-4.26599e6,2.13439e6,-5.35487e-9
1481243310,27078310.314878095,23657104.42009676,3421.206,3.94271e14,1.0861,-4.23440e6,2.12872e6,-5.34067e-9
1481243340,27059860.318902124,23651067.403369863,3408.793,3.91970e14,1.6635,-4.21072e6,2.12298e6,-5.32628e-9
1481243370,27041413.808531865,23645128.03447739,3396.286,3.95738e14,0.7181,-4.21919e6,2.11715e6,-5.31170e-9
1481243400,27022971.1254709,23639286.54839512,3383.685,3.98959e14,0.0899,-4.22450e6,2.11125e6,-5.29691e-9
1481243430,27004532.61274967,23633543.176539674,3370.989,3.96790e14,0.4543,-4.20108e6,2.10526e6,-5.28192e-9
1481243460,26986098.614700034,23627898.146746133,3358.200,4.03172e14,1.1469,-4.22260e6,2.09920e6,-5.26673e-9
1481243490,26967669.476976894,23622351.683242742,3345.318,4.03992e14,1.3526,-4.21456e6,2.09306e6,-5.25135e-9
1481243520,26949245.546548855,23616904.006627742,3332.342,3.96486e14,0.5305,-4.16274e6,2.08683e6,-5.23576e-9
1481243550,26930827.17169636,23611555.33384606,3319.272,3.97085e14,0.3803,-4.15330e6,2.08053e6,-5.21998e-9
1481243580,26912414.702009507,23606305.878166407,3306.109,3.96843e14,0.4408,-4.13932e6,2.07415e6,-5.20399e-9
1481243610,26894008.488386065,23601155.849158715,3292.853,3.97836e14,0.1917,-4.13158e6,2.06769e6,-5.18780e-9
1481243640,26875608.883029126,23596105.452671807,3279.503,4.05254e14,1.6693,-4.15688e6,2.06114e6,-5.17142e-9
1481243670,26857216.239444766,23591154.890811525,3266.061,4.08469e14,2.4758,-4.16011e6,2.05452e6,-5.15483e-9
1481243700,26838830.91243958,23586304.361919124,3252.527,4.03279e14,1.1739,-4.11989e6,2.04782e6,-5.13804e-9
1481243730,26820453.258121,23581554.06055764,3238.899,3.94768e14,0.9615,-4.06266e6,2.04104e6,-5.12105e-9
1481243760,26802083.63388538,23576904.177467983,3225.179,3.94925e14,0.9221,-4.04981e6,2.03418e6,-5.10386e-9
1481243790,26783722.398424733,23572354.899571065,3211.367,4.02371e14,0.9460,-4.07388e6,2.02723e6,-5.08647e-9
1481243820,26765369.911720667,23567906.409940552,3197.464,4.05954e14,1.8448,-4.07794e6,2.02021e6,-5.06887e-9
1481243850,26747026.535041302,23563558.88778311,3183.468,4.05054e14,1.6191,-4.05907e6,2.01311e6,-5.05108e-9
1481243880,26728692.630938057,23559312.50841909,3169.380,4.01606e14,0.7542,-4.02724e6,2.00592e6,-5.03308e-9
1481243910,26710368.563242342,23555167.44326366,3155.201,3.95067e14,0.8865,-3.97987e6,1.99866e6,-5.01488e-9
1481243940,26692054.69706204,23551123.859808136,3140.931,3.92469e14,1.5382,-3.95228e6,1.99132e6,-4.99649e-9
1481243970,26673751.398777995,23547181.921601936,3126.569,3.92332e14,1.5727,-3.93687e6,1.98389e6,-4.97789e-9
1481244000,26655459.036040045,23543341.78823473,3112.117,3.94017e14,1.1499,-3.93035e6,1.97639e6,-4.95909e-9
1481244030,26637177.97775011,23539603.615307223,3097.574,4.00245e14,0.4127,-3.94605e6,1.96880e6,-4.94008e-9
1481244060,26618908.59409894,23535967.554450516,3082.941,4.00288e14,0.4234,-3.93091e6,1.96114e6,-4.92088e-9
1481244090,26600651.2565206,23532433.753273472,3068.218,3.96031e14,0.6446,-3.89453e6,1.95339e6,-4.90148e-9
1481244120,26582406.337701466,23529002.355358053,3053.404,3.97407e14,0.2993,-3.88566e6,1.94557e6,-4.88187e-9
1481244150,26564174.211575665,23525673.500243407,3038.501,3.96758e14,0.4622,-3.86673e6,1.93766e6,-4.86207e-9
1481244180,26545955.253320225,23522447.323410437,3023.508,4.01060e14,0.6170,-3.87163e6,1.92968e6,-4.84206e-9
1481244210,26527749.839350305,23519323.95626678,3008.426,3.97979e14,0.1560,-3.84061e6,1.92161e6,-4.82185e-9
1481244240,26509558.347314127,23516303.52613217,2993.255,3.94435e14,1.0450,-3.80733e6,1.91347e6,-4.80145e-9
1481244270,26491381.156087782,23513386.156224206,2977.995,4.01015e14,0.6058,-3.82243e6,1.90524e6,-4.78084e-9
1481244300,26473218.645769972,23510571.965644617,2962.647,3.98577e14,0.0059,-3.79418e6,1.89694e6,-4.76003e-9
1481244330,26455071.197695322,23507861.06937208,2947.210,3.95359e14,0.8132,-3.76217e6,1.88856e6,-4.73903e-9
1481244360,26436939.194370784,23505253.57823053,2931.686,3.96554e14,0.5135,-3.75096e6,1.88009e6,-4.71782e-9
1481244390,26418823.01952827,23502749.59889526,2916.073,3.94127e14,1.1223,-3.72253e6,1.87155e6,-4.69641e-9
1481244420,26400723.05809997,23500349.233875003,2900.374,3.98476e14,0.0312,-3.72573e6,1.86293e6,-4.67481e-9
1481244450,26382639.696212493,23498052.581500527,2884.587,3.98919e14,0.0800,-3.71040e6,1.85423e6,-4.65301e-9
1481244480,26364573.321180794,23495859.735913478,2868.714,3.96411e14,0.5493,-3.68123e6,1.84545e6,-4.63100e-9
1481244510,26346524.32150205,23493770.787055943,2852.754,4.01675e14,0.7713,-3.68783e6,1.83659e6,-4.60880e-9
1481244540,26328493.086849254,23491785.82066028,2836.707,4.02820e14,1.0585,-3.67515e6,1.82765e6,-4.58641e-9
1481244570,26310480.008064687,23489904.91823952,2820.575,3.96158e14,0.6129,-3.62662e6,1.81864e6,-4.56381e-9
1481244600,26292485.477153264,23488128.15707822,2804.357,3.91421e14,1.8011,-3.58699e6,1.80954e6,-4.54102e-9
1481244630,26274509.887254465,23486455.61022548,2788.054,3.95515e14,0.7740,-3.58732e6,1.80037e6,-4.51803e-9
1481244660,26256553.632700607,23484887.34648146,2771.666,3.96249e14,0.5900,-3.57219e6,1.79112e6,-4.49485e-9
1481244690,26238617.10894414,23483423.43039515,2755.194,4.00614e14,0.5052,-3.57312e6,1.78179e6,-4.47146e-9
1481244720,26220700.712571356,23482063.922255274,2738.637,4.02180e14,0.8981,-3.56123e6,1.77238e6,-4.44789e-9
1481244750,26202804.84129451,23480808.87808362,2721.996,4.02047e14,0.8645,-3.54160e6,1.76289e6,-4.42412e-9
1481244780,26184929.893944066,23479658.349628728,2705.272,4.03243e14,1.1646,-3.52766e6,1.75333e6,-4.40015e-9
1481244810,26167076.270460546,23478612.38436014,2688.464,3.98797e14,0.0493,-3.48883e6,1.74369e6,-4.37599e-9
1481244840,26149244.371886272,23477671.025463067,2671.573,3.99035e14,0.1090,-3.47043e6,1.73398e6,-4.35164e-9
1481244870,26131434.60035697,23476834.311833598,2654.600,3.99656e14,0.2649,-3.45353e6,1.72418e6,-4.32709e-9
1481244900,26113647.359093104,23476102.27807431,2637.545,3.97266e14,0.3347,-3.42349e6,1.71431e6,-4.30236e-9
1481244930,26095883.05241705,23475474.954486415,2620.408,3.99692e14,0.2738,-3.41402e6,1.70437e6,-4.27743e-9
1481244960,26078142.085664548,23474952.367078736,2603.190,4.02875e14,1.0724,-3.40749e6,1.69434e6,-4.25231e-9
1481244990,26060424.865255136,23474534.537552394,2585.890,4.02602e14,1.0040,-3.38604e6,1.68424e6,-4.22699e-9
1481245020,26042731.79865738,23474221.48330235,2568.510,3.93610e14,1.2521,-3.32782e6,1.67407e6,-4.20149e-9
1481245050,26025063.294379603,23474013.217415433,2551.050,3.94805e14,0.9523,-3.31245e6,1.66382e6,-4.17580e-9
1481245080,26007419.761960443,23473909.74866883,2533.510,4.01873e14,0.8210,-3.32124e6,1.65350e6,-4.14992e-9
1481245110,25989801.611959208,23473911.08152911,2515.891,3.97396e14,0.3022,-3.28190e6,1.64310e6,-4.12385e-9
1481245140,25972209.25594609,23474017.216151625,2498.192,3.98140e14,0.1154,-3.26404e6,1.63262e6,-4.09760e-9
1481245170,25954643.106492113,23474228.148380503,2480.415,3.98906e14,0.0766,-3.24608e6,1.62207e6,-4.07116e-9
1481245200,25937103.577158965,23474543.86974903,2462.560,3.98766e14,0.0416,-3.22427e6,1.61145e6,-4.04453e-9
1481245230,25919591.08245662,23474964.36747991,2444.627,3.94269e14,1.0866,-3.18482e6,1.60075e6,-4.01772e-9
1481245260,25902106.037930906,23475489.62448878,2426.616,3.97103e14,0.3757,-3.17471e6,1.58998e6,-3.99072e-9
1481245290,25884648.860054623,23476119.61938394,2408.529,4.01336e14,0.6862,-3.16985e6,1.57914e6,-3.96354e-9
1481245320,25867219.966247912,23476854.32646936,2390.366,3.92711e14,1.4776,-3.11401e6,1.56823e6,-3.93618e-9
1481245350,25849819.774866793,23477693.71574756,2372.126,3.93611e14,1.2518,-3.09572e6,1.55724e6,-3.90863e-9
1481245380,25832448.70519137,23478637.752922907,2353.811,3.99444e14,0.2117,-3.09638e6,1.54618e6,-3.88091e-9
1481245410,25815107.177414063,23479686.399405446,2335.421,4.05106e14,1.6320,-3.09592e6,1.53505e6,-3.85300e-9
1481245440,25797795.612627394,23480839.612315174,2316.956,4.04635e14,1.5140,-3.07154e6,1.52384e6,-3.82491e-9
1481245470,25780514.43281169,23482097.34448685,2298.417,3.95059e14,0.8884,-3.01247e6,1.51257e6,-3.79665e-9
1481245500,25763264.060822614,23483459.544475198,2279.805,3.96271e14,0.5844,-2.99445e6,1.50122e6,-3.76821e-9
1481245530,25746044.92041166,23484926.156564627,2261.119,3.96324e14,0.5711,-2.97189e6,1.48981e6,-3.73959e-9
1481245560,25728857.43611105,23486497.120763335,2242.360,3.96975e14,0.4078,-2.95141e6,1.47832e6,-3.71079e-9
1481245590,25711702.03332271,23488172.372822117,2223.530,4.03722e14,1.2849,-2.95320e6,1.46677e6,-3.68182e-9
1481245620,25694579.13827234,23489951.84423771,2204.627,4.06000e14,1.8565,-2.93813e6,1.45514e6,-3.65268e-9
1481245650,25677489.17799612,23491835.46226042,2185.654,4.05327e14,1.6874,-2.91209e6,1.44345e6,-3.62336e-9
1481245680,25660432.580327354,23493823.14990229,2166.609,4.03842e14,1.3149,-2.88304e6,1.43169e6,-3.59387e-9
1481245710,25643409.773882836,23495914.82594577,2147.495,4.02337e14,0.9374,-2.85387e6,1.41986e6,-3.56422e-9
1481245740,25626421.188049007,23498110.40495277,2128.311,4.01188e14,0.6492,-2.82591e6,1.40796e6,-3.53439e-9
1481245770,25609467.25296798,23500409.797274254,2109.057,4.03709e14,1.2815,-2.81075e6,1.39599e6,-3.50439e-9
1481245800,25592548.399523295,23502812.90906021,2089.735,3.98986e14,0.0968,-2.77013e6,1.38396e6,-3.47423e-9
1481245830,25575665.059299674,23505319.642265324,2070.345,3.92511e14,1.5277,-2.72363e6,1.37187e6,-3.44389e-9
1481245860,25558817.664647654,23507929.894674826,2050.888,3.97250e14,0.3387,-2.71568e6,1.35970e6,-3.41340e-9
1481245890,25542006.648589533,23510643.559900958,2031.363,4.00344e14,0.4374,-2.70173e6,1.34747e6,-3.38274e-9
1481245920,25525232.444829613,23513460.527399536,2011.772,3.97801e14,0.2005,-2.66858e6,1.33518e6,-3.35191e-9
1481251470,23513386.156224206,25526056.070553042,2012.670,4.02007e14,0.8546,2.68479e6,-1.33674e6,3.35331e-9
1481251500,23510571.965644617,25542835.02165509,2032.263,3.93907e14,1.1775,2.68205e6,-1.34902e6,3.38413e-9
1481251530,23507861.06937208,25559650.778112922,2051.790,3.97033e14,0.3933,2.71701e6,-1.36123e6,3.41480e-9
1481251560,23505253.57823053,25576502.905949157,2071.249,3.97651e14,0.2382,2.74340e6,-1.37337e6,3.44529e-9
1481251590,23502749.59889526,25593390.971867297,2090.641,3.98874e14,0.0687,2.77179e6,-1.38545e6,3.47563e-9
1481251620,23500349.233875003,25610314.543268338,2109.965,4.00863e14,0.5676,2.80280e6,-1.39746e6,3.50579e-9
1481251650,23498052.581500527,25627273.188265815,2129.221,3.96044e14,0.6414,2.80974e6,-1.40941e6,3.53579e-9
1481251680,23495859.735913478,25644266.47570057,2148.407,3.95204e14,0.8521,2.83043e6,-1.42129e6,3.56562e-9
1481251710,23493770.787055943,25661293.97515535,2167.523,3.92295e14,1.5820,2.84351e6,-1.43310e6,3.59528e-9
1481251740,23491785.82066028,25678355.2569692,2186.569,3.97896e14,0.1768,2.88712e6,-1.44484e6,3.62477e-9
1481251770,23489904.91823952,25695449.89225161,2205.545,3.99770e14,0.2935,2.91731e6,-1.45652e6,3.65408e-9
1481251800,23488128.15707822,25712577.452896513,2224.449,3.96540e14,0.5169,2.92867e6,-1.46812e6,3.68323e-9
1481251830,23486455.61022548,25729737.51161685,2243.282,3.98085e14,0.1292,2.95743e6,-1.47966e6,3.71220e-9
1481251860,23484887.34648146,25746929.641894255,2262.042,3.99863e14,0.3167,2.98701e6,-1.49112e6,3.74099e-9
1481251890,23483423.43039515,25764153.41805618,2280.730,4.05826e14,1.8126,3.03232e6,-1.50252e6,3.76961e-9
1481251920,23482063.922255274,25781408.41526866,2299.344,4.00972e14,0.5948,3.03676e6,-1.51385e6,3.79805e-9
1481251950,23480808.87808362,25798694.20954947,2317.885,4.01196e14,0.6513,3.06021e6,-1.52510e6,3.82632e-9
1481251980,23479658.349628728,25816010.377781004,2336.352,4.02160e14,0.8931,3.08637e6,-1.53629e6,3.85441e-9
1481252010,23478612.38436014,25833356.49772306,2354.744,3.97906e14,0.1743,3.09219e6,-1.54740e6,3.88231e-9
1481252040,23477671.025463067,25850732.1480253,2373.061,3.98087e14,0.1289,3.11497e6,-1.55844e6,3.91004e-9
1481252070,23476834.311833598,25868136.908239607,2391.303,3.94739e14,0.9688,3.12372e6,-1.56941e6,3.93758e-9
1481252100,23476102.27807431,25885570.35883213,2409.468,3.97530e14,0.2684,3.15649e6,-1.58030e6,3.96495e-9
1481252130,23475474.954486415,25903032.081162862,2427.557,4.00494e14,0.4750,3.18995e6,-1.59113e6,3.99213e-9
1481252160,23474952.367078736,25920521.657596838,2445.569,4.01259e14,0.6671,3.21459e6,-1.60188e6,4.01913e-9
1481252190,23474534.537552394,25938038.671416022,2463.504,4.00512e14,0.4795,3.23300e6,-1.61255e6,4.04594e-9
1481252220,23474221.48330235,25955582.70686248,2481.361,3.97608e14,0.2490,3.24244e6,-1.62316e6,4.07256e-9
1481252250,23474013.217415433,25973153.349149123,2499.140,3.99375e14,0.1943,3.27073e6,-1.63369e6,4.09901e-9
1481252280,23473909.74866883,25990750.184470356,2516.840,3.98807e14,0.0518,3.28932e6,-1.64414e6,4.12526e-9
1481252310,23473911.08152911,26008372.800012402,2534.462,3.96106e14,0.6259,3.29888e6,-1.65452e6,4.15133e-9
1481252340,23474017.216151625,26026020.783963524,2552.004,3.95066e14,0.8867,3.31510e6,-1.66482e6,4.17721e-9
1481252370,23474228.148380503,26043693.72552398,2569.466,3.95226e14,0.8466,3.33615e6,-1.67505e6,4.20290e-9
1481252400,23474543.86974903,26061391.214915838,2586.847,4.01417e14,0.7065,3.38256e6,-1.68521e6,4.22840e-9
1481252430,23474964.36747991,26079112.843422797,2604.148,4.00748e14,0.5387,3.39995e6,-1.69529e6,4.25371e-9
1481252460,23475489.62448878,26096858.20330664,2621.369,4.01690e14,0.7752,3.42406e6,-1.70529e6,4.27883e-9
1481252490,23476119.61938394,26114626.887909614,2638.507,4.02037e14,0.8622,3.44549e6,-1.71522e6,4.30376e-9
1481252520,23476854.32646936,26132418.49163367,2655.564,3.92199e14,1.6060,3.42270e6,-1.72507e6,4.32850e-9
1481252550,23477693.71574756,26150232.609949585,2672.539,3.95042e14,0.8927,3.45448e6,-1.73484e6,4.35304e-9
1481252580,23478637.752922907,26168068.83940599,2689.431,4.02808e14,1.0557,3.50779e6,-1.74454e6,4.37740e-9
1481252610,23479686.399405446,26185926.77763817,2706.240,4.05922e14,1.8368,3.54085e6,-1.75416e6,4.40155e-9
1481252640,23480839.612315174,26203806.02337672,2722.966,3.98763e14,0.0409,3.52843e6,-1.76370e6,4.42552e-9
1481252670,23482097.34448685,26221706.176455997,2739.609,3.94540e14,1.0187,3.52859e6,-1.77316e6,4.44929e-9
1481252700,23483459.544475198,26239626.83782246,2756.167,4.03579e14,1.2490,3.58771e6,-1.78255e6,4.47287e-9
1481252730,23484926.156564627,26257567.60952581,2772.641,4.00390e14,0.4490,3.59211e6,-1.79186e6,4.49625e-9
1481252760,23486497.120763335,26275528.09477931,2789.031,3.94487e14,1.0320,3.58395e6,-1.80109e6,4.51943e-9
1481252790,23488172.372822117,26293507.897915002,2805.336,3.97995e14,0.1518,3.61811e6,-1.81025e6,4.54242e-9
1481252820,23489951.84423771,26311506.624408208,2821.555,3.99723e14,0.2817,3.64414e6,-1.81932e6,4.56521e-9
1481252850,23491835.46226042,26329523.880884826,2837.688,3.97219e14,0.3466,3.65068e6,-1.82832e6,4.58780e-9
1481252880,23493823.14990229,26347559.27512844,2853.736,3.97607e14,0.2491,3.67029e6,-1.83724e6,4.61020e-9
1481252910,23495914.82594577,26365612.416087296,2869.698,3.99412e14,0.2036,3.69631e6,-1.84608e6,4.63240e-9
1481252940,23498110.40495277,26383682.91388104,2885.573,4.02406e14,0.9548,3.72780e6,-1.85484e6,4.65440e-9
1481252970,23500409.797274254,26401770.37980735,2901.361,4.03387e14,1.2007,3.74983e6,-1.86352e6,4.67620e-9
1481253000,23502812.90906021,26419874.426348347,2917.062,3.98354e14,0.0618,3.74351e6,-1.87212e6,4.69781e-9
1481253030,23505319.642265324,26437994.667179853,2932.675,3.99471e14,0.2184,3.76583e6,-1.88064e6,4.71921e-9
1481253060,23507929.894674826,26456130.717168234,2948.201,4.01080e14,0.6221,3.79037e6,-1.88909e6,4.74041e-9
1481253090,23510643.559900958,26474282.192385804,2963.639,3.97503e14,0.2753,3.79013e6,-1.89745e6,4.76142e-9
1481253120,23513460.527399536,26492448.710113484,2978.988,3.94998e14,0.9039,3.79470e6,-1.90573e6,4.78223e-9
1481253150,23516380.68248224,26510629.888846517,2994.249,3.99275e14,0.1692,3.83159e6,-1.91394e6,4.80283e-9
1481253180,23519403.906329256,26528825.348299887,3009.421,4.03441e14,1.2144,3.86796e6,-1.92206e6,4.82324e-9
1481253210,23522530.076002434,26547034.70941373,3024.505,4.00125e14,0.3826,3.86810e6,-1.93011e6,4.84344e-9
1481253240,23525759.064458784,26565257.59435848,3039.499,3.96415e14,0.5482,3.86602e6,-1.93808e6,4.86345e-9
1481253270,23529090.7405645,26583493.626539923,3054.403,3.95085e14,0.8819,3.87526e6,-1.94596e6,4.88325e-9
1481253300,23532524.969109353,26601742.430604063,3069.217,3.95766e14,0.7110,3.89415e6,-1.95377e6,4.90285e-9
1481253330,23536061.610822804,26620003.63244449,3083.942,3.97851e14,0.1880,3.91982e6,-1.96149e6,4.92226e-9
1481253360,23539700.52238535,26638276.85919913,3098.576,3.99719e14,0.2807,3.94433e6,-1.96914e6,4.94146e-9
1481253390,23543441.556448143,26656561.73926239,3113.120,3.97083e14,0.3807,3.94642e6,-1.97670e6,4.96046e-9
1481253420,23547284.561647855,26674857.902287073,3127.573,3.90637e14,1.9979,3.92927e6,-1.98419e6,4.97926e-9
1481253450,23551229.38262316,26693164.979188554,3141.936,3.95280e14,0.8330,3.96715e6,-1.99159e6,4.99785e-9
1481253480,23555275.86003167,26711482.602148917,3156.207,3.98434e14,0.0417,3.99757e6,-1.99892e6,5.01625e-9
1481253510,23559423.830567308,26729810.404620867,3170.387,3.97853e14,0.1875,4.00913e6,-2.00616e6,5.03445e-9
1481253540,23563673.12697803,26748148.021331564,3184.475,4.00954e14,0.5906,4.03913e6,-2.01333e6,5.05244e-9
1481253570,23568023.578083962,26766495.08828628,3198.472,4.02300e14,0.9281,4.06017e6,-2.02041e6,5.07023e-9
1481253600,23572475.008795943,26784851.24277203,3212.376,3.98737e14,0.0343,4.05612e6,-2.02742e6,5.08782e-9
1481253630,23577027.24013715,26803216.123363152,3226.189,3.96067e14,0.6355,4.05635e6,-2.03434e6,5.10521e-9
1481253660,23581680.089254197,26821589.369917702,3239.909,3.98948e14,0.0873,4.08476e6,-2.04119e6,5.12240e-9
1481253690,23586433.36944496,26839970.623587742,3253.537,3.96082e14,0.6317,4.08357e6,-2.04795e6,5.13939e-9
1481253720,23591286.890176047,26858359.52682003,3267.073,3.97058e14,0.3869,4.10194e6,-2.05464e6,5.15618e-9
1481253750,23596240.457103264,26876755.72335902,3280.515,3.99986e14,0.3475,4.13027e6,-2.06124e6,5.17276e-9
1481253780,23601293.87209249,26895158.858249567,3293.865,3.99748e14,0.2878,4.14212e6,-2.06777e6,5.18915e-9
1481253810,23606446.933240823,26913568.577839706,3307.122,3.98988e14,0.0971,4.15107e6,-2.07421e6,5.20533e-9
1481253840,23611699.434898157,26931984.52978314,3320.285,3.99821e14,0.3063,4.16817e6,-2.08058e6,5.22131e-9
1481253870,23617051.16768909,26950406.363041677,3333.355,3.97730e14,0.2183,4.16981e6,-2.08686e6,5.23710e-9
1481253900,23622501.91853517,26968833.72788751,3346.332,3.98012e14,0.1475,4.18370e6,-2.09307e6,5.25268e-9
1481253930,23628051.470674038,26987266.275893793,3359.215,4.03195e14,1.1526,4.22325e6,-2.09919e6,5.26806e-9
1481253960,23633699.603692763,27005703.65997248,3372.004,4.00216e14,0.4053,4.21968e6,-2.10524e6,5.28325e-9
1481253990,23639446.093540844,27024145.53434027,3384.699,3.96273e14,0.5839,4.21075e6,-2.11120e6,5.29823e-9
1481254020,23645290.712557018,27042591.554532018,3397.301,3.94317e14,1.0746,4.21210e6,-2.11709e6,5.31301e-9
1481254050,23651233.229493074,27061041.377402272,3409.808,3.96583e14,0.5060,4.23574e6,-2.12290e6,5.32760e-9
1481254080,23657273.40953804,27079494.66112683,3422.221,3.95512e14,0.7748,4.24145e6,-2.12863e6,5.34199e-9
1481254110,23663411.014342614,27097951.06520408,3434.540,3.92891e14,1.4323,4.23867e6,-2.13428e6,5.35618e-9
1481254140,23669645.802043926,27116410.250456337,3446.764,3.95681e14,0.7324,4.26472e6,-2.13985e6,5.37017e-9
1481254170,23675977.527290553,27134871.879030935,3458.894,4.00958e14,0.5914,4.30408e6,-2.14534e6,5.38396e-9
1481254200,23682405.941267848,27153335.614401422,3470.930,3.98584e14,0.0041,4.30213e6,-2.15076e6,5.39755e-9
1481254230,23688930.791722164,27171801.121386334,3482.870,3.97725e14,0.2195,4.30816e6,-2.15609e6,5.41095e-9
1481254260,23695551.822991148,27190268.066095058,3494.716,4.04521e14,1.4852,4.35553e6,-2.16135e6,5.42415e-9
1481254290,23702268.776025303,27208736.115983885,3506.467,4.03550e14,1.2418,4.36069e6,-2.16653e6,5.43715e-9
1481254320,23709081.38841588,27227204.93983898,3518.124,3.99800e14,0.3009,4.35052e6,-2.17163e6,5.44996e-9
1481254350,23715989.39442164,27245674.207777146,3529.685,4.00049e14,0.3634,4.36194e6,-2.17665e6,5.46257e-9
1481254380,23722992.52499567,27264143.59124644,3541.151,3.97583e14,0.2554,4.35835e6,-2.18159e6,5.47499e-9
1481254410,23730090.5078127,27282612.763026863,3552.522,3.95266e14,0.8364,4.35537e6,-2.18646e6,5.48721e-9
1481254440,23737283.06729644,27301081.39723075,3563.798,3.96354e14,0.5635,4.37089e6,-2.19125e6,5.49923e-9
1481254470,23744569.924647324,27319549.1693032,3574.979,3.95872e14,0.6845,4.37764e6,-2.19596e6,5.51107e-9
1481254500,23751950.797870405,27338015.75602236,3586.065,3.99761e14,0.2911,4.40836e6,-2.20060e6,5.52271e-9
1481254530,23759425.401810355,27356480.83548369,3597.055,3.97933e14,0.1674,4.40738e6,-2.20516e6,5.53415e-9
1481254560,23766993.448158734,27374944.087149203,3607.951,3.93039e14,1.3953,4.38919e6,-2.20964e6,5.54540e-9
1481254590,23774654.64550387,27393405.191798218,3618.751,3.98114e14,0.1220,4.42615e6,-2.21404e6,5.55646e-9
1481254620,23782408.699352767,27411863.83154304,3629.455,3.99699e14,0.2755,4.44362e6,-2.21837e6,5.56733e-9
1481254650,23790255.312160257,27430319.68982869,3640.064,3.96344e14,0.5661,4.43343e6,-2.22262e6,5.57801e-9
1481254680,23798194.183358204,27448772.45143251,3650.578,3.94873e14,0.9352,4.43354e6,-2.22680e6,5.58849e-9
1481254710,23806225.009385046,27467221.80246366,3660.997,3.96671e14,0.4841,4.45178e6,-2.23090e6,5.59879e-9
1481254740,23814347.483715378,27485667.430362523,3671.320,3.99098e14,0.1248,4.47342e6,-2.23492e6,5.60889e-9
1481254770,23822561.296889834,27504109.02390009,3681.548,3.96606e14,0.5005,4.46733e6,-2.23887e6,5.61881e-9
1481254800,23830866.136545055,27522546.273177177,3691.680,3.95660e14,0.7376,4.46974e6,-2.24275e6,5.62854e-9
1481254830,23839261.68743772,27540978.869629618,3701.717,3.98523e14,0.0195,4.49345e6,-2.24655e6,5.63808e-9
1481254860,23847747.631493676,27559406.50600886,3711.659,3.93498e14,1.2802,4.47252e6,-2.25027e6,5.64743e-9
1481254890,23856323.647819582,27577828.876399573,3721.505,3.94577e14,1.0095,4.48588e6,-2.25392e6,5.65659e-9
1481254920,23864989.41273955,27596245.676212594,3731.256,4.00631e14,0.5093,4.52730e6,-2.25750e6,5.66557e-9
1481254950,23873744.59982578,27614656.602183927,3740.912,3.98411e14,0.0475,4.52173e6,-2.26100e6,5.67437e-9
1481254980,23882588.879929412,27633061.352373585,3750.472,4.00128e14,0.3833,4.53835e6,-2.26443e6,5.68297e-9
1481255010,23891521.921211433,27651459.626164436,3759.938,4.00293e14,0.4246,4.54601e6,-2.26779e6,5.69140e-9
1481255040,23900543.389173742,27669851.12426088,3769.308,3.99337e14,0.1849,4.54714e6,-2.27107e6,5.69963e-9
1481255070,23909652.946690246,27688235.548687622,3778.583,4.00392e14,0.4495,4.55959e6,-2.27428e6,5.70769e-9
1481255100,23918850.254038177,27706612.602788243,3787.762,3.97282e14,0.3307,4.54810e6,-2.27741e6,5.71556e-9
1481255130,23928134.96892905,27724981.99122994,3796.847,3.96115e14,0.6236,4.54754e6,-2.28048e6,5.72325e-9
1481255160,23937506.746541362,27743343.4199831,3805.837,3.98602e14,0.0004,4.56776e6,-2.28347e6,5.73076e-9
1481255190,23946965.23955082,27761696.596338745,3814.731,3.98049e14,0.1383,4.57043e6,-2.28639e6,5.73809e-9
1481255220,23956510.09816236,27780041.228900775,3823.531,4.00957e14,0.5913,4.59283e6,-2.28923e6,5.74524e-9
1481255250,23966140.97014195,27798377.02758441,3832.236,4.02122e14,0.8835,4.60510e6,-2.29201e6,5.75221e-9
1481255280,23975857.50084831,27816703.70361444,3840.846,3.96367e14,0.5602,4.57740e6,-2.29472e6,5.75900e-9
1481255310,23985659.333264876,27835020.969523553,3849.362,3.97319e14,0.3216,4.58814e6,-2.29735e6,5.76561e-9
1481255340,23995546.10803165,27853328.539150517,3857.782,3.98891e14,0.0728,4.60233e6,-2.29992e6,5.77205e-9
1481255370,24005517.463477317,27871626.127638273,3866.109,4.00433e14,0.4598,4.61624e6,-2.30241e6,5.77831e-9
1481255400,24015573.035651207,27889913.451432053,3874.340,4.01856e14,0.8167,4.62933e6,-2.30483e6,5.78439e-9
1481255430,24025712.458359815,27908190.228265185,3882.478,3.99858e14,0.3155,4.62249e6,-2.30719e6,5.79030e-9
1481255460,24035935.363185555,27926456.17719455,3890.521,3.95789e14,0.7053,4.60348e6,-2.30947e6,5.79603e-9
1481255490,24046241.37953254,27944711.01856091,3898.470,3.99683e14,0.2716,4.63049e6,-2.31169e6,5.80159e-9
1481255520,24056630.13465447,27962954.473998785,3906.324,4.02677e14,1.0227,4.65217e6,-2.31384e6,5.80698e-9
1481255550,24067101.25368693,27981186.266434137,3914.085,3.97171e14,0.3586,4.62435e6,-2.31591e6,5.81220e-9
1481255580,24077654.359679766,27999406.12008193,3921.752,3.97636e14,0.2420,4.63107e6,-2.31792e6,5.81724e-9
1481255610,24088289.07362944,28017613.760443788,3929.325,3.97981e14,0.1553,4.63696e6,-2.31987e6,5.82212e-9
1481255640,24099005.014511418,28035808.9143054,3936.804,3.96524e14,0.5209,4.63222e6,-2.32174e6,5.82682e-9
1481255670,24109801.799312506,28053991.309734065,3944.190,3.98547e14,0.0134,4.64762e6,-2.32355e6,5.83135e-9
1481255700,24120679.04306333,28072160.67607602,3951.482,4.02261e14,0.9184,4.67278e6,-2.32529e6,5.83572e-9
1481255730,24131636.358871635,28090316.74396157,3958.680,3.96826e14,0.4452,4.64440e6,-2.32696e6,5.83992e-9
1481255760,24142673.357951637,28108459.245278705,3965.786,3.98085e14,0.1292,4.65497e6,-2.32857e6,5.84396e-9
1481255790,24153789.649659324,28126587.913194098,3972.798,4.00744e14,0.5378,4.67360e6,-2.33011e6,5.84782e-9
1481255820,24164984.84152387,28144702.48214275,3979.718,3.98820e14,0.0551,4.66530e6,-2.33159e6,5.85153e-9
1481255850,24176258.53927987,28162802.68782527,3986.544,4.00132e14,0.3843,4.67580e6,-2.33300e6,5.85506e-9
1481255880,24187610.346899703,28180888.26720509,3993.278,3.98929e14,0.0825,4.67145e6,-2.33435e6,5.85844e-9
1481255910,24199039.86662567,28198958.958505716,3999.919,4.01530e14,0.7350,4.68926e6,-2.33563e6,5.86165e-9
1481255940,24210546.699002203,28217014.501207884,4006.468,4.01737e14,0.7870,4.69292e6,-2.33685e6,5.86470e-9
1481255970,24222130.442907996,28235054.636046678,4012.924,3.90648e14,1.9950,4.63016e6,-2.33800e6,5.86759e-9
1481256000,24233790.69558801,28253079.105008706,4019.288,3.89258e14,2.3438,4.62416e6,-2.33909e6,5.87032e-9
1481256030,24245527.05267769,28271087.651333585,4025.561,3.94843e14,0.9428,4.65898e6,-2.34011e6,5.87289e-9
1481256060,24257339.10825904,28289080.0194973,4031.741,3.96893e14,0.4282,4.67295e6,-2.34108e6,5.87531e-9
1481256090,24269226.454868317,28307055.95522297,4037.830,3.97368e14,0.3093,4.67753e6,-2.34198e6,5.87756e-9
1481256120,24281188.683535565,28325015.205473363,4043.827,3.95719e14,0.7229,4.66951e6,-2.34282e6,5.87966e-9
1481256150,24293225.383816242,28342957.518447954,4049.732,3.99687e14,0.2726,4.69439e6,-2.34359e6,5.88161e-9
1481256180,24305336.143822797,28360882.643579822,4055.546,4.00318e14,0.4308,4.69953e6,-2.34431e6,5.88340e-9
1481256210,24317520.55025618,28378790.331532586,4061.270,4.01258e14,0.6668,4.70638e6,-2.34496e6,5.88503e-9
1481256240,24329778.18843716,28396680.33419727,4066.902,3.98086e14,0.1290,4.68889e6,-2.34555e6,5.88651e-9
1481256270,24342108.64233767,28414552.40468912,4072.444,3.95959e14,0.6628,4.67742e6,-2.34608e6,5.88784e-9
1481256300,24354511.494611982,28432406.2973444,4077.895,3.95152e14,0.8651,4.67361e6,-2.34655e6,5.88902e-9
1481256330,24366986.326634523,28450241.767701156,4083.255,3.96093e14,0.6292,4.67997e6,-2.34697e6,5.89005e-9
1481256360,24379532.718510274,28468058.572545152,4088.526,3.97747e14,0.2140,4.69042e6,-2.34732e6,5.89093e-9
1481256390,24392150.249126304,28485856.469857313,4093.706,3.96930e14,0.4190,4.68619e6,-2.34761e6,5.89165e-9
1481256420,24404838.49617592,28503635.21882611,4098.797,3.98086e14,0.1290,4.69346e6,-2.34784e6,5.89224e-9
1481256450,24417597.036189415,28521394.579844076,4103.798,3.97755e14,0.2122,4.69186e6,-2.34802e6,5.89267e-9
1481256480,24430425.444564722,28539134.314504236,4108.709,4.00285e14,0.4227,4.70700e6,-2.34814e6,5.89296e-9
1481256510,24443323.29559794,28556854.185596578,4113.531,3.98055e14,0.1368,4.69398e6,-2.34820e6,5.89310e-9
1481256540,24456290.162513692,28574553.95710439,4118.264,3.97299e14,0.3265,4.68952e6,-2.34820e6,5.89310e-9
1481256570,24469325.617495432,28592233.39420067,4122.908,3.98111e14,0.1228,4.69420e6,-2.34814e6,5.89296e-9
1481256600,24482429.231715597,28609892.263244495,4127.463,3.96722e14,0.4713,4.68579e6,-2.34803e6,5.89267e-9
1481256630,24495600.575368512,28627530.3317963,4131.930,3.97389e14,0.3038,4.68938e6,-2.34786e6,5.89225e-9
1481256660,24508839.217691366,28645147.368555926,4136.308,3.99847e14,0.3126,4.70341e6,-2.34764e6,5.89168e-9
1481256690,24522144.72700295,28662743.14341724,4140.598,4.02169e14,0.8954,4.71653e6,-2.34736e6,5.89097e-9
1481256720,24535516.670730304,28680317.427445743,4144.801,4.00396e14,0.4505,4.70541e6,-2.34703e6,5.89012e-9
1481256750,24548954.615438297,28697869.99287507,4148.915,3.98012e14,0.1476,4.69059e6,-2.34664e6,5.88914e-9
1481256780,24562458.126858864,28715400.613103367,4152.942,3.98059e14,0.1359,4.68997e6,-2.34619e6,5.88802e-9
1481256810,24576026.76992024,28732909.06268983,4156.882,3.96218e14,0.5978,4.67813e6,-2.34569e6,5.88676e-9
1481256840,24589660.108775932,28750395.117351003,4160.735,4.01820e14,0.8078,4.71000e6,-2.34514e6,5.88537e-9
1481256870,24603357.706833567,28767858.553957365,4164.501,4.02683e14,1.0241,4.71386e6,-2.34454e6,5.88384e-9
1481256900,24617119.126783572,28785299.15052955,4168.180,3.92626e14,1.4988,4.65338e6,-2.34388e6,5.88218e-9
1481256930,24630943.930618778,28802716.686222218,4171.773,3.93950e14,1.1667,4.65975e6,-2.34317e6,5.88039e-9
1481256960,24644831.679690145,28820110.941359222,4175.279,3.99530e14,0.2332,4.69103e6,-2.34240e6,5.87847e-9
1481256990,24658781.934707426,28837481.69739121,4178.700,3.96903e14,0.4257,4.67396e6,-2.34159e6,5.87641e-9
1481257020,24672794.25577591,28854828.73690434,4182.034,3.97011e14,0.3988,4.67285e6,-2.34072e6,5.87423e-9
1481257050,24686868.20242422,28872151.843616527,4185.284,4.01647e14,0.7642,4.69824e6,-2.33980e6,5.87191e-9
1481257080,24701003.33363173,28889450.802373588,4188.447,3.98385e14,0.0541,4.67714e6,-2.33883e6,5.86947e-9
1481257110,24715199.207856055,28906725.399145443,4191.526,3.96261e14,0.5869,4.66264e6,-2.33781e6,5.86691e-9
1481257140,24729455.383060057,28923975.421022255,4194.520,3.96647e14,0.4901,4.66276e6,-2.33674e6,5.86421e-9
1481257170,24743771.41673893,28941200.656210534,4197.429,3.94930e14,0.9209,4.65046e6,-2.33562e6,5.86139e-9
1481257200,24758146.86594695,28958400.89402928,4200.254,3.95895e14,0.6787,4.65379e6,-2.33445e6,5.85845e-9
1481257230,24772581.287329126,28975575.924911972,4202.995,3.96217e14,0.5980,4.65324e6,-2.33324e6,5.85539e-9
1481257260,24787074.23713195,28992725.54038454,4205.651,3.93977e14,1.1600,4.63760e6,-2.33197e6,5.85220e-9
1481257290,24801625.271245427,29009849.533079404,4208.224,3.95399e14,0.8032,4.64330e6,-2.33065e6,5.84889e-9
1481257320,24816233.945223972,29026947.696725797,4210.714,3.99831e14,0.3087,4.66648e6,-2.32929e6,5.84546e-9
1481257350,24830899.81431233,29044019.82614589,4213.120,3.99276e14,0.1696,4.66041e6,-2.32788e6,5.84191e-9
1481257380,24845622.43347124,29061065.717250764,4215.443,3.99524e14,0.2317,4.65893e6,-2.32642e6,5.83824e-9
1481257410,24860401.357402958,29078085.16703665,4217.684,3.99718e14,0.2803,4.65705e6,-2.32491e6,5.83445e-9
1481257440,24875236.14057654,29095077.973580852,4219.842,4.01381e14,0.6977,4.66364e6,-2.32336e6,5.83055e-9
1481257470,24890126.337252937,29112043.93603785,4221.918,4.02029e14,0.8602,4.66420e6,-2.32176e6,5.82653e-9
1481257500,24905071.50150989,29128982.854635417,4223.911,4.00358e14,0.4409,4.65116e6,-2.32012e6,5.82240e-9
1481257530,24920071.187273193,29145894.530662484,4225.823,3.98573e14,0.0069,4.63739e6,-2.31843e6,5.81815e-9
1481257560,24935124.94832108,29162778.76649004,4227.654,3.94987e14,0.9065,4.61307e6,-2.31670e6,5.81378e-9
1481257590,24950232.33832862,29179635.365542453,4229.403,3.98105e14,0.1243,4.62763e6,-2.31492e6,5.80931e-9
1481257620,24965392.91088531,29196464.132301398,4231.071,3.99486e14,0.2221,4.63200e6,-2.31309e6,5.80473e-9
1481257650,24980606.21951909,29213264.872301873,4232.659,3.97901e14,0.1754,4.61907e6,-2.31123e6,5.80003e-9
1481257680,24995871.817719903,29230037.392128084,4234.166,3.97087e14,0.3796,4.61052e6,-2.30932e6,5.79522e-9
1481257710,25011189.25896332,29246781.49940948,4235.592,3.98895e14,0.0739,4.61709e6,-2.30736e6,5.79031e-9
1481257740,25026558.096733727,29263497.002816733,4236.939,4.02231e14,0.9107,4.63238e6,-2.30536e6,5.78529e-9
1481257770,25041977.884547375,29280183.712057665,4238.206,3.97111e14,0.3737,4.59869e6,-2.30332e6,5.78016e-9
1481257800,25057448.17597521,29296841.437873248,4239.393,3.95126e14,0.8717,4.58306e6,-2.30124e6,5.77492e-9
1481257830,25072968.524648175,29313469.992050767,4240.501,4.01240e14,0.6622,4.61410e6,-2.29912e6,5.76958e-9
1481257860,25088538.484332938,29330069.187367056,4241.531,4.01168e14,0.6441,4.60934e6,-2.29695e6,5.76414e-9
1481257890,25104157.608900487,29346638.837637216,4242.481,3.98869e14,0.0674,4.59167e6,-2.29474e6,5.75859e-9
1481257920,25119825.452365264,29363178.757693756,4243.353,3.96133e14,0.6190,4.57142e6,-2.29250e6,5.75294e-9
1481257950,25135541.568906765,29379688.763382696,4244.147,3.96249e14,0.5900,4.56752e6,-2.29021e6,5.74718e-9
1481257980,25151305.512890827,29396168.6715597,4244.863,3.99229e14,0.1577,4.57998e6,-2.28788e6,5.74133e-9
1481258010,25167116.83889081,29412618.30008628,4245.501,3.98549e14,0.0130,4.57134e6,-2.28551e6,5.73538e-9
1481258040,25182975.101708513,29429037.467825875,4246.062,3.97744e14,0.2149,4.56191e6,-2.28310e6,5.72932e-9
1481258070,25198879.856394812,29445425.99464003,4246.546,3.93402e14,1.3043,4.53216e6,-2.28065e6,5.72317e-9
1481258100,25214830.65827024,29461783.701384462,4246.953,3.92126e14,1.6243,4.51992e6,-2.27817e6,5.71692e-9
1481258130,25230827.062966514,29478110.409883004,4247.283,3.99448e14,0.2126,4.55672e6,-2.27564e6,5.71058e-9
1481258160,25246868.626380753,29494405.942992248,4247.537,4.00975e14,0.5957,4.56030e6,-2.27308e6,5.70414e-9
1481258190,25262954.90476154,29510670.12452896,4247.715,3.97607e14,0.2491,4.53589e6,-2.27048e6,5.69760e-9
1481258220,25279085.45470721,29526902.779288266,4247.817,3.94511e14,1.0258,4.51300e6,-2.26784e6,5.69097e-9
1481258250,25295259.833185486,29543103.733039487,4247.844,3.96439e14,0.5423,4.51863e6,-2.26517e6,5.68425e-9
1481258280,25311477.5975528,29559272.812522124,4247.795,3.98017e14,0.1464,4.52217e6,-2.26246e6,5.67744e-9
1481258310,25327738.305573482,29575409.84544172,4247.672,3.95311e14,0.8251,4.50134e6,-2.25971e6,5.67053e-9
1481258340,25344041.51543865,29591514.66046576,4247.473,3.94422e14,1.0483,4.49075e6,-2.25693e6,5.66353e-9
1481258370,25360386.78578492,29607587.08721958,4247.200,3.97936e14,0.1667,4.50501e6,-2.25411e6,5.65645e-9
1481258400,25376773.675712865,29623626.95628231,4246.853,4.00094e14,0.3747,4.51149e6,-2.25125e6,5.64927e-9
1481258430,25393201.74479079,29639634.099201664,4246.432,3.97739e14,0.2161,4.49241e6,-2.24836e6,5.64201e-9
1481258460,25409670.553117644,29655608.34843156,4245.938,3.96130e14,0.6197,4.47750e6,-2.24544e6,5.63466e-9
1481258490,25426179.661295522,29671549.537386484,4245.370,3.97613e14,0.2478,4.47993e6,-2.24248e6,5.62722e-9
1481258520,25442728.63046185,29687457.50041868,4244.729,4.00061e14,0.3665,4.48771e6,-2.23948e6,5.61970e-9
1481258550,25459317.022306588,29703332.072814263,4244.015,3.98777e14,0.0444,4.47443e6,-2.23646e6,5.61209e-9
1481258580,25475944.39908921,29719173.09078932,4243.229,3.95950e14,0.6649,4.45246e6,-2.23340e6,5.60440e-9
1481258610,25492610.32365554,29734980.391486045,4242.370,3.96619e14,0.4972,4.45003e6,-2.23030e6,5.59663e-9
1481258640,25509314.359454215,29750753.8129689,4241.439,3.93625e14,1.2482,4.42706e6,-2.22718e6,5.58877e-9
1481258670,25526056.070553042,29766493.194220707,4240.437,3.93071e14,1.3872,4.41768e6,-2.22402e6,5.58084e-9
1481258700,25542835.02165509,29782198.375138886,4239.363,4.01213e14,0.6555,4.45672e6,-2.22083e6,5.57282e-9
1481258730,25559650.778112922,29797869.196517933,4238.218,3.99527e14,0.2325,4.44086e6,-2.21760e6,5.56472e-9
1481258760,25576502.905949157,29813505.500087503,4237.003,3.98275e14,0.0815,4.42738e6,-2.21435e6,5.55654e-9
1481258790,25593390.971867297,29829107.128466677,4235.716,3.96242e14,0.5916,4.40953e6,-2.21106e6,5.54829e-9
1481258820,25610314.543268338,29844673.925173584,4234.359,3.96410e14,0.5496,4.40384e6,-2.20775e6,5.53995e-9
1481258850,25627273.188265815,29860205.73462147,4232.933,4.00258e14,0.4157,4.41844e6,-2.20440e6,5.53154e-9
1481258880,25644266.47570057,29875702.40211473,4231.436,3.98690e14,0.0225,4.40301e6,-2.20102e6,5.52305e-9
1481258910,25661293.97515535,29891163.77384511,4229.870,4.00760e14,0.5419,4.40761e6,-2.19762e6,5.51449e-9
1481258940,25678355.2569692,29906589.696887717,4228.234,3.97679e14,0.2311,4.38374e6,-2.19418e6,5.50586e-9
1481258970,25695449.89225161,29921980.019197118,4226.530,3.95847e14,0.6908,4.36674e6,-2.19071e6,5.49715e-9
1481259000,25712577.452896513,29937334.58960352,4224.757,3.98990e14,0.0978,4.37702e6,-2.18722e6,5.48837e-9
1481259030,25729737.51161685,29952653.257820494,4222.916,3.99234e14,0.1590,4.37130e6,-2.18369e6,5.47951e-9
1481259060,25746929.641894255,29967935.87440527,4221.006,3.97450e14,0.2885,4.35442e6,-2.18014e6,5.47058e-9
1481259090,25764153.41805618,29983182.29079074,4219.029,3.94394e14,1.0554,4.33057e6,-2.17656e6,5.46159e-9
1481259120,25781408.41526866,29998392.35927017,4216.984,3.97371e14,0.3085,4.33962e6,-2.17295e6,5.45252e-9
1481259150,25798694.20954947,30013565.932993393,4214.872,3.97209e14,0.3490,4.33148e6,-2.16931e6,5.44338e-9
1481259180,25816010.377781004,30028702.86596316,4212.692,3.94410e14,1.0514,4.30894e6,-2.16565e6,5.43418e-9
1481259210,25833356.49772306,30043803.01303138,4210.447,3.98343e14,0.0645,4.32293e6,-2.16196e6,5.42491e-9
1481259240,25850732.1480253,30058866.229895476,4208.134,3.99992e14,0.3491,4.32442e6,-2.15824e6,5.41557e-9
1481259270,25868136.908239607,30073892.37309467,4205.755,3.99185e14,0.1468,4.31256e6,-2.15450e6,5.40616e-9
1481259300,25885570.35883213,30088881.300006296,4203.311,3.97594e14,0.2526,4.29642e6,-2.15073e6,5.39669e-9
1481259330,25903032.081162862,30103832.86883251,4200.801,3.96302e14,0.5765,4.28188e6,-2.14693e6,5.38716e-9
1481259360,25920521.657596838,30118746.93862625,4198.225,3.97132e14,0.3685,4.27871e6,-2.14311e6,5.37756e-9
1481259390,25938038.671416022,30133623.36925797,4195.585,3.93943e14,1.1685,4.25391e6,-2.13926e6,5.36789e-9
1481259420,25955582.70686248,30148462.021421447,4192.879,3.93608e14,1.2526,4.24441e6,-2.13539e6,5.35817e-9
1481259450,25973153.349149123,30163262.7566301,4190.109,3.96574e14,0.5085,4.25252e6,-2.13150e6,5.34838e-9
1481259480,25990750.184470356,30178025.43721321,4187.275,3.97362e14,0.3108,4.24890e6,-2.12758e6,5.33853e-9
1481259510,26008372.800012402,30192749.92631222,4184.377,3.99094e14,0.1239,4.25025e6,-2.12363e6,5.32862e-9
1481259540,26026020.783963524,30207436.08787711,4181.415,4.00698e14,0.5263,4.25084e6,-2.11966e6,5.31865e-9
1481259570,26043693.72552398,30222083.786662534,4178.390,4.01338e14,0.6867,4.24622e6,-2.11567e6,5.30862e-9
1481259600,26061391.214915838,30236692.888224244,4175.302,3.97731e14,0.2182,4.21904e6,-2.11165e6,5.29854e-9
1481259630,26079112.843422797,30251263.258918654,4172.150,3.97625e14,0.2448,4.21041e6,-2.10762e6,5.28839e-9
1481259660,26096858.20330664,30265794.765888993,4168.937,3.95574e14,0.7592,4.19147e6,-2.10355e6,5.27819e-9
1481259690,26114626.887909614,30280287.277071863,4165.660,3.93320e14,1.3249,4.17145e6,-2.09947e6,5.26793e-9
1481259720,26132418.49163367,30294740.66119023,4162.322,3.99931e14,0.3338,4.19805e6,-2.09536e6,5.25762e-9
1481259750,26150232.609949585,30309154.787749898,4158.922,4.02846e14,1.0651,4.20507e6,-2.09124e6,5.24725e-9
1481259780,26168068.83940599,30323529.52703584,4155.461,4.01468e14,0.7193,4.18950e6,-2.08709e6,5.23682e-9
1481259810,26185926.77763817,30337864.750108656,4151.938,3.97350e14,0.3138,4.15960e6,-2.08291e6,5.22634e-9
1481259840,26203806.02337672,30352160.328801025,4148.354,3.94502e14,1.0283,4.13637e6,-2.07872e6,5.21581e-9
1481259870,26221706.176455997,30366416.13571405,4144.710,3.99363e14,0.1913,4.15328e6,-2.07451e6,5.20523e-9
1481259900,26239626.83782246,30380632.044213858,4141.005,3.97295e14,0.3276,4.13406e6,-2.07027e6,5.19459e-9
1481259930,26257567.60952581,30394807.92843248,4137.240,3.94111e14,1.1262,4.10905e6,-2.06602e6,5.18390e-9
1481259960,26275528.09477931,30408943.663250618,4133.416,3.98967e14,0.0920,4.12566e6,-2.06174e6,5.17316e-9
1481259990,26293507.897915002,30423039.124307886,4129.531,3.97651e14,0.2381,4.11027e6,-2.05745e6,5.16238e-9
1481260020,26311506.624408208,30437094.187994957,4125.588,3.92483e14,1.5348,4.07502e6,-2.05313e6,5.15154e-9
1481260050,26329523.880884826,30451108.731450133,4121.585,3.97427e14,0.2944,4.09183e6,-2.04880e6,5.14065e-9
1481260080,26347559.27512844,30465082.63255595,4117.523,3.99169e14,0.1425,4.09207e6,-2.04444e6,5.12972e-9
1481260110,26365612.416087296,30479015.769935824,4113.403,3.97134e14,0.3679,4.07289e6,-2.04007e6,5.11873e-9
1481260140,26383682.91388104,30492908.02295066,4109.225,3.96005e14,0.6511,4.05836e6,-2.03568e6,5.10770e-9
1481260170,26401770.37980735,30506759.271695454,4104.989,3.93887e14,1.1824,4.03877e6,-2.03127e6,5.09663e-9
1481260200,26419874.426348347,30520569.396995988,4100.695,4.00909e14,0.5791,4.06566e6,-2.02684e6,5.08550e-9
1481260230,26437994.667179853,30534338.28039658,4096.344,3.97272e14,0.3334,4.03828e6,-2.02240e6,5.07434e-9
1481260260,26456130.717168234,30548065.80418414,4091.935,3.93151e14,1.3671,4.00850e6,-2.01793e6,5.06313e-9
1481260290,26474282.192385804,30561751.85135746,4087.470,3.98014e14,0.1470,4.02417e6,-2.01345e6,5.05187e-9
1481260320,26492448.710113484,30575396.30563275,4082.948,4.00596e14,0.5007,4.02818e6,-2.00895e6,5.04057e-9
1481260350,26510629.888846517,30588999.05144017,4078.369,3.96900e14,0.4267,4.00053e6,-2.00443e6,5.02923e-9
1481260380,26528825.348299887,30602559.97392051,4073.735,3.96129e14,0.6200,3.98761e6,-1.99990e6,5.01784e-9
1481260410,26547034.70941373,30616078.95892187,4069.044,4.00023e14,0.3569,3.99803e6,-1.99535e6,5.00641e-9
1481260440,26565257.59435848,30629555.892996244,4064.298,4.01356e14,0.6912,3.99553e6,-1.99078e6,4.99495e-9
1481260470,26583493.626539923,30642990.663396254,4059.497,3.93929e14,1.1719,3.94932e6,-1.98620e6,4.98344e-9
1481260500,26601742.430604063,30656383.158071823,4054.641,3.92097e14,1.6317,3.93106e6,-1.98160e6,4.97189e-9
1481260530,26620003.63244449,30669733.265676793,4049.730,4.01402e14,0.7028,3.96806e6,-1.97699e6,4.96030e-9
1481260560,26638276.85919913,30683040.875535052,4044.764,4.01110e14,0.6295,3.95732e6,-1.97236e6,4.94867e-9
1481260590,26656561.73926239,30696305.87766785,4039.744,4.00364e14,0.4424,3.94431e6,-1.96771e6,4.93701e-9
1481260620,26674857.902287073,30709528.162780747,4034.670,4.00095e14,0.3750,3.93364e6,-1.96305e6,4.92530e-9
1481260650,26693164.979188554,30722707.62226043,4029.543,3.93567e14,1.2628,3.89219e6,-1.95838e6,4.91356e-9
1481260680,26711482.602148917,30735844.1481716,4024.362,3.93274e14,1.3362,3.88143e6,-1.95369e6,4.90178e-9
1481260710,26729810.404620867,30748937.633253798,4019.127,3.95664e14,0.7366,3.88377e6,-1.94898e6,4.88997e-9
1481260740,26748148.021331564,30761987.970918372,4013.840,3.94961e14,0.9131,3.87093e6,-1.94426e6,4.87811e-9
1481260770,26766495.08828628,30774995.05524527,4008.500,3.93980e14,1.1591,3.85673e6,-1.93953e6,4.86623e-9
1481260800,26784851.24277203,30787958.780979987,4003.108,3.95273e14,0.8349,3.85356e6,-1.93478e6,4.85431e-9
1481260830,26803216.123363152,30800879.043520436,3997.663,4.03023e14,1.1096,3.88160e6,-1.93002e6,4.84235e-9
1481260860,26821589.369917702,30813755.73894492,3992.166,4.05373e14,1.6992,3.88335e6,-1.92525e6,4.83036e-9
1481260890,26839970.623587742,30826588.763978,3986.618,4.03333e14,1.1874,3.86385e6,-1.92046e6,4.81834e-9
1481260920,26858359.52682003,30839378.015997414,3981.018,3.99133e14,0.1335,3.83400e6,-1.91566e6,4.80628e-9
1481260950,26876755.72335902,30852123.393030982,3975.368,3.97798e14,0.2014,3.81796e6,-1.91084e6,4.79419e-9
1481260980,26895158.858249567,30864824.79375346,3969.666,4.00873e14,0.5701,3.82302e6,-1.90602e6,4.78207e-9
1481261010,26913568.577839706,30877482.11748353,3963.914,3.99203e14,0.1512,3.80534e6,-1.90118e6,4.76992e-9
1481261040,26931984.52978314,30890095.26418071,3958.111,3.94036e14,1.1452,3.77104e6,-1.89633e6,4.75774e-9
1481261070,26950406.363041677,30902664.13444226,3952.258,3.97182e14,0.3560,3.77630e6,-1.89146e6,4.74552e-9
1481261100,26968833.72788751,30915188.629500184,3946.355,4.01135e14,0.6358,3.78527e6,-1.88659e6,4.73328e-9
1481261130,26987266.275893793,30927668.65122798,3940.402,3.94734e14,0.9701,3.74524e6,-1.88170e6,4.72101e-9
1481261160,27005703.65997248,30940104.102107525,3934.400,3.93958e14,1.1646,3.73183e6,-1.87680e6,4.70870e-9
1481261190,27024145.53434027,30952494.88525624,3928.349,3.99682e14,0.2713,3.74894e6,-1.87189e6,4.69637e-9
1481261220,27042591.554532018,30964840.904414453,3922.249,4.01666e14,0.7690,3.74837e6,-1.86697e6,4.68401e-9
1481261250,27061041.377402272,30977142.063942533,3916.101,3.96032e14,0.6444,3.71215e6,-1.86203e6,4.67163e-9
1481261280,27079494.66112683,30989398.268818013,3909.904,3.99360e14,0.1906,3.71779e6,-1.85709e6,4.65921e-9
1481261310,27097951.06520408,31001609.424632795,3903.658,4.01362e14,0.6928,3.71717e6,-1.85213e6,4.64677e-9
1481261340,27116410.250456337,31013775.43759027,3897.365,4.02383e14,0.9489,3.71193e6,-1.84717e6,4.63430e-9
1481261370,27134871.879030935,31025896.214502573,3891.024,3.98603e14,0.0006,3.68446e6,-1.84219e6,4.62181e-9
1481261400,27153335.614401422,31037971.66278774,3884.636,3.92498e14,1.5311,3.64634e6,-1.83721e6,4.60929e-9
1481261430,27171801.121386334,31050001.69045903,3878.201,3.97862e14,0.1852,3.66108e6,-1.83221e6,4.59674e-9
1481261460,27190268.066095058,31061986.206146587,3871.718,3.96767e14,0.4600,3.64605e6,-1.82720e6,4.58417e-9
1481261490,27208736.115983885,31073925.119070187,3865.189,3.92042e14,1.6454,3.61444e6,-1.82219e6,4.57158e-9
1481261520,27227204.93983898,31085818.33904437,3858.613,3.93520e14,1.2746,3.61121e6,-1.81716e6,4.55896e-9
1481261550,27245674.207777146,31097665.776475616,3851.992,3.98963e14,0.0910,3.62594e6,-1.81213e6,4.54632e-9
1481261580,27264143.59124644,31109467.342359584,3845.324,3.98295e14,0.0766,3.61282e6,-1.80708e6,4.53366e-9
1481261610,27282612.763026863,31121222.948278364,3838.610,3.99807e14,0.3026,3.60954e6,-1.80203e6,4.52097e-9
1481261640,27301081.39723075,31132932.506397706,3831.851,3.98855e14,0.0638,3.59511e6,-1.79697e6,4.50826e-9
1481261670,27319549.1693032,31144595.929464225,3825.047,3.97641e14,0.2408,3.57950e6,-1.79190e6,4.49553e-9
1481261700,27338015.75602236,31156213.130802754,3818.197,4.01191e14,0.6500,3.58527e6,-1.78682e6,4.48277e-9
1481261730,27356480.83548369,31167784.024317957,3811.303,4.00014e14,0.3546,3.56979e6,-1.78173e6,4.47000e-9
1481261760,27374944.087149203,31179308.524478108,3804.364,3.99176e14,0.1445,3.55585e6,-1.77664e6,4.45720e-9
1481261790,27393405.191798218,31190786.546326056,3797.381,3.99942e14,0.3365,3.54903e6,-1.77153e6,4.44439e-9
1481261820,27411863.83154304,31202218.0054721,3790.354,3.98980e14,0.0952,3.53452e6,-1.76642e6,4.43155e-9
1481261850,27430319.68982869,31213602.818091433,3783.283,4.00190e14,0.3987,3.52962e6,-1.76130e6,4.41870e-9
1481261880,27448772.45143251,31224940.900921475,3776.168,4.01512e14,0.7304,3.52516e6,-1.75617e6,4.40582e-9
1481261910,27467221.80246366,31236232.17125936,3769.010,4.02838e14,1.0632,3.52067e6,-1.75103e6,4.39293e-9
1481261940,27485667.430362523,31247476.546959322,3761.809,3.96673e14,0.4836,3.48332e6,-1.74589e6,4.38001e-9
1481261970,27504109.02390009,31258673.946430095,3754.565,3.94985e14,0.9070,3.46567e6,-1.74074e6,4.36708e-9
1481262000,27522546.273177177,31269824.288632434,3747.278,4.00773e14,0.5450,3.48060e6,-1.73558e6,4.35413e-9
1481262030,27540978.869629618,31280927.493077986,3739.949,3.95674e14,0.7342,3.44811e6,-1.73042e6,4.34117e-9
1481262060,27559406.50600886,31291983.47982243,3732.577,4.00616e14,0.5057,3.45919e6,-1.72525e6,4.32819e-9
1481262090,27577828.876399573,31302992.16946726,3725.163,4.04189e14,1.4021,3.46422e6,-1.72007e6,4.31518e-9
1481262120,27596245.676212594,31313953.48315588,3717.708,3.98923e14,0.0809,3.43112e6,-1.71488e6,4.30217e-9
1481262150,27614656.602183927,31324867.342571236,3710.211,3.98220e14,0.0954,3.41771e6,-1.70969e6,4.28913e-9
1481262180,27633061.352373585,31335733.669933304,3702.672,3.98603e14,0.0006,3.40896e6,-1.70450e6,4.27609e-9
1481262210,27651459.626164436,31346552.38799662,3695.093,3.99725e14,0.2823,3.40333e6,-1.69929e6,4.26302e-9
1481262240,27669851.12426088,31357323.42004796,3687.472,3.98599e14,0.0003,3.38811e6,-1.69408e6,4.24994e-9
1481262270,27688235.548687622,31368046.689903792,3679.811,3.97894e14,0.1771,3.37468e6,-1.68887e6,4.23685e-9
1481262300,27706612.602788243,31378722.12190795,3672.110,4.02001e14,0.8531,3.38159e6,-1.68364e6,4.22374e-9
1481262330,27724981.99122994,31389349.64091952,3664.368,4.02415e14,0.9571,3.37283e6,-1.67842e6,4.21061e-9
1481262360,27743343.4199831,31399929.1723403,3656.586,3.95592e14,0.7548,3.33367e6,-1.67318e6,4.19748e-9
1481262390,27761696.596338745,31410460.642082594,3648.764,3.98634e14,0.0085,3.33596e6,-1.66795e6,4.18433e-9
1481262420,27780041.228900775,31420943.9765764,3640.903,3.99624e14,0.2568,3.32960e6,-1.66270e6,4.17116e-9
1481262450,27798377.02758441,31431379.102767028,3633.002,3.96211e14,0.5996,3.30489e6,-1.65745e6,4.15798e-9
1481262480,27816703.70361444,31441765.948112596,3625.062,3.97897e14,0.1766,3.30140e6,-1.65220e6,4.14479e-9
1481262510,27835020.969523553,31452104.440581795,3617.083,3.95587e14,0.7560,3.28134e6,-1.64694e6,4.13159e-9
1481262540,27853328.539150517,31462394.508651353,3609.066,3.97565e14,0.2598,3.27900e6,-1.64168e6,4.11838e-9
1481262570,27871626.127638273,31472636.08130381,3601.010,3.93411e14,1.3019,3.25142e6,-1.63641e6,4.10515e-9
1481262600,27889913.451432053,31482829.088025093,3592.916,3.91511e14,1.7785,3.23316e6,-1.63113e6,4.09191e-9
1481262630,27908190.228265185,31492973.458820034,3584.783,3.99031e14,0.1080,3.25337e6,-1.62586e6,4.07866e-9
1481262660,27926456.17719455,31503069.12415528,3576.613,4.05261e14,1.6711,3.26812e6,-1.62057e6,4.06540e-9
1481262690,27944711.01856091,31513116.015011944,3568.405,3.96502e14,0.5264,3.22196e6,-1.61529e6,4.05213e-9
1481262720,27962954.473998785,31523114.062865674,3560.160,3.93827e14,1.1975,3.20060e6,-1.61000e6,4.03885e-9
1481262750,27981186.266434137,31533063.199684594,3551.877,4.05014e14,1.6091,3.23511e6,-1.60470e6,4.02555e-9
1481262780,27999406.12008193,31542963.35792718,3543.557,4.01346e14,0.6888,3.20970e6,-1.59940e6,4.01225e-9
1481262810,28017613.760443788,31552814.47054026,3535.201,4.02009e14,0.8552,3.20171e6,-1.59410e6,3.99894e-9
1481262840,28035808.9143054,31562616.470956933,3526.808,3.98317e14,0.0710,3.17633e6,-1.58879e6,3.98562e-9
1481262870,28053991.309734065,31572369.293094464,3518.378,3.92203e14,1.6051,3.14142e6,-1.58348e6,3.97229e-9
1481262900,28072160.67607602,31582072.87135231,3509.912,3.93599e14,1.2548,3.13640e6,-1.57817e6,3.95895e-9
1481262930,28090316.74396157,31591727.140588276,3501.410,3.98782e14,0.0455,3.14628e6,-1.57285e6,3.94560e-9
1481262960,28108459.245278705,31601332.03618377,3492.873,4.01230e14,0.6597,3.14526e6,-1.56753e6,3.93224e-9
1481262990,28126587.913194098,31610887.493974235,3484.300,4.03749e14,1.2917,3.14445e6,-1.56220e6,3.91888e-9
1481263020,28144702.48214275,31620393.45026884,3475.691,4.01027e14,0.6088,3.12309e6,-1.55688e6,3.90551e-9
1481263050,28162802.68782527,31629849.841848332,3467.047,3.95299e14,0.8281,3.09010e6,-1.55155e6,3.89212e-9
1481263080,28180888.26720509,31639256.605962854,3458.368,3.94680e14,0.9835,3.07707e6,-1.54621e6,3.87874e-9
1481263110,28198958.958505716,31648613.680329844,3449.655,3.92209e14,1.6036,3.05690e6,-1.54088e6,3.86534e-9
1481263140,28217014.501207884,31657921.003131907,3440.907,3.92761e14,1.4650,3.04843e6,-1.53554e6,3.85194e-9
1481263170,28235054.636046678,31667178.513014648,3432.124,4.03552e14,1.2423,3.07924e6,-1.53020e6,3.83853e-9
1481263200,28253079.105008706,31676386.149084635,3423.307,4.05119e14,1.6354,3.07448e6,-1.52485e6,3.82511e-9
1481263230,28271087.651333585,31685543.850929387,3414.456,3.96586e14,0.5055,3.03117e6,-1.51950e6,3.81169e-9
1481263260,28289080.0194973,31694651.55854711,3405.572,3.96869e14,0.4343,3.02157e6,-1.51415e6,3.79826e-9
1481263290,28307055.95522297,31703709.212413248,3396.653,3.99035e14,0.1089,3.01908e6,-1.50880e6,3.78483e-9
1481263320,28325015.205473363,31712716.75345645,3387.702,3.98809e14,0.0523,3.00751e6,-1.50345e6,3.77139e-9
1481263350,28342957.518447954,31721674.123056687,3378.717,3.99813e14,0.3042,3.00057e6,-1.49809e6,3.75795e-9
1481263380,28360882.643579822,31730581.263043404,3369.699,4.03480e14,1.2243,3.00356e6,-1.49273e6,3.74450e-9
1481263410,28378790.331532586,31739438.11569379,3360.648,3.96824e14,0.4456,2.96794e6,-1.48737e6,3.73104e-9
1481263440,28396680.33419727,31748244.623730924,3351.564,3.94282e14,1.0833,2.94779e6,-1.48201e6,3.71758e-9
1481263470,28414552.40468912,31757000.73032201,3342.448,4.00752e14,0.5398,2.96108e6,-1.47665e6,3.70411e-9
1481263500,28432406.2973444,31765706.379076563,3333.300,4.06323e14,1.9375,2.97088e6,-1.47128e6,3.69065e-9
1481263530,28450241.767701156,31774361.514023248,3324.120,4.06717e14,2.0363,2.96148e6,-1.46591e6,3.67717e-9
1481263560,28468058.572545152,31782966.07967438,3314.908,4.06092e14,1.8794,2.94834e6,-1.46054e6,3.66369e-9
1481263590,28485856.469857313,31791520.02095734,3305.664,3.97977e14,0.1565,2.90787e6,-1.45517e6,3.65021e-9
1481263620,28503635.21882611,31800023.283234414,3296.388,3.95922e14,0.6719,2.88966e6,-1.44980e6,3.63673e-9
1481263650,28521394.579844076,31808475.81230081,3287.081,3.96432e14,0.5440,2.88079e6,-1.44442e6,3.62324e-9
1481263680,28539134.314504236,31816877.55438281,3277.743,3.92385e14,1.5592,2.85546e6,-1.43905e6,3.60975e-9
1481263710,28556854.185596578,31825228.456135876,3268.374,4.03008e14,1.1057,2.88299e6,-1.43367e6,3.59625e-9
1481263740,28574553.95710439,31833528.46464279,3258.975,3.99139e14,0.1350,2.85831e6,-1.42829e6,3.58275e-9
1481263770,28592233.39420067,31841777.52741182,3249.544,3.92031e14,1.6482,2.82217e6,-1.42292e6,3.56925e-9
1481263800,28609892.263244495,31849975.592374824,3240.083,3.97629e14,0.2437,2.83140e6,-1.41754e6,3.55575e-9
1481263830,28627530.3317963,31858122.607906345,3230.592,3.97366e14,0.3097,2.81972e6,-1.41215e6,3.54224e-9
1481263860,28645147.368555926,31866218.52275752,3221.071,3.91188e14,1.8596,2.78717e6,-1.40677e6,3.52873e-9
1481263890,28662743.14341724,31874263.286119018,3211.520,3.92557e14,1.5162,2.78131e6,-1.40139e6,3.51522e-9
1481263920,28680317.427445743,31882256.8475985,3201.939,3.99150e14,0.1379,2.79371e6,-1.39601e6,3.50171e-9
1481263950,28697869.99287507,31890199.157219052,3192.329,4.00354e14,0.4399,2.78713e6,-1.39062e6,3.48820e-9
1481263980,28715400.613103367,31898090.165417567,3182.690,3.99299e14,0.1753,2.77267e6,-1.38524e6,3.47468e-9
1481264010,28732909.06268983,31905929.823043346,3173.021,4.01201e14,0.6524,2.76847e6,-1.37985e6,3.46116e-9
1481264040,28750395.117351003,31913718.081356462,3163.323,3.94689e14,0.9814,2.73521e6,-1.37446e6,3.44764e-9
1481264070,28767858.553957365,31921454.892026294,3153.596,3.87078e14,2.8906,2.69835e6,-1.36908e6,3.43412e-9
1481264100,28785299.15052955,31929140.20713,3143.841,4.07644e14,2.2690,2.75808e6,-1.36369e6,3.42060e-9
1481264130,28802716.686222218,31936773.97913291,3134.057,4.15246e14,4.1759,2.77308e6,-1.35830e6,3.40708e-9
1481264160,28820110.941359222,31944356.160943024,3124.245,3.96362e14,0.5617,2.69799e6,-1.35292e6,3.39356e-9
1481264190,28837481.69739121,31951886.705853153,3114.405,4.00491e14,0.4743,2.70120e6,-1.34753e6,3.38004e-9
1481264220,28854828.73690434,31959365.56755756,3104.537,4.03804e14,1.3055,2.70155e6,-1.34214e6,3.36651e-9
1481264250,28872151.843616527,31966792.700150322,3094.641,4.01398e14,0.7019,2.68263e6,-1.33675e6,3.35299e-9
1481264280,28889450.802373588,31974168.058123752,3084.717,4.08576e14,2.5028,2.69579e6,-1.33136e6,3.33946e-9
1481264310,28906725.399145443,31981491.596366756,3074.766,3.96551e14,0.5142,2.64488e6,-1.32597e6,3.32594e-9
1481264340,28923975.421022255,31988763.270163264,3064.788,3.95895e14,0.6787,2.63195e6,-1.32059e6,3.31242e-9
1481264370,28941200.656210534,31995983.035190605,3054.782,4.07153e14,2.1456,2.65835e6,-1.31520e6,3.29889e-9
1481264400,28958400.89402928,32003150.847517934,3044.750,4.05195e14,1.6544,2.64102e6,-1.30981e6,3.28537e-9
1481264430,28975575.924911972,32010266.66361636,3034.691,4.04595e14,1.5038,2.62819e6,-1.30442e6,3.27185e-9
1481264460,28992725.54038454,32017330.440321427,3024.605,4.03727e14,1.2861,2.61451e6,-1.29903e6,3.25833e-9
1481264490,29009849.533079404,32024342.134867832,3014.493,4.04611e14,1.5078,2.60653e6,-1.29365e6,3.24480e-9
1481264520,29026947.696725797,32031301.704876155,3004.354,4.01070e14,0.6197,2.58423e6,-1.28826e6,3.23128e-9
1481264550,29044019.82614589,32038209.108351555,2994.189,3.99274e14,0.1689,2.56764e6,-1.28287e6,3.21776e-9
1481264580,29061065.717250764,32045064.3036824,2983.999,4.05540e14,1.7410,2.57694e6,-1.27749e6,3.20425e-9
1481264610,29078085.16703665,32051867.2496389,2973.782,4.07344e14,2.1935,2.57182e6,-1.27210e6,3.19073e-9
1481264640,29095077.973580852,32058617.905371778,2963.540,4.00596e14,0.5006,2.53949e6,-1.26671e6,3.17721e-9
1481264670,29112043.93603785,32065316.23041095,2953.272,3.94496e14,1.0297,2.50940e6,-1.26133e6,3.16370e-9
1481264700,29128982.854635417,32071962.18466424,2942.979,3.96751e14,0.4640,2.50578e6,-1.25594e6,3.15019e-9
1481264730,29145894.530662484,32078555.728413858,2932.661,3.98762e14,0.0406,2.50135e6,-1.25056e6,3.13668e-9
1481264760,29162778.76649004,32085096.822321992,2922.318,4.04374e14,1.4485,2.50811e6,-1.24518e6,3.12317e-9
1481264790,29179635.365542453,32091585.427422646,2911.950,4.00270e14,0.4190,2.48450e6,-1.23980e6,3.10966e-9
1481264820,29196464.132301398,32098021.505122554,2901.557,4.01782e14,0.7981,2.47839e6,-1.23441e6,3.09615e-9
1481264850,29213264.872301873,32104405.017199997,2891.140,4.02325e14,0.9344,2.46926e6,-1.22903e6,3.08265e-9
1481264880,29230037.392128084,32110735.925803468,2880.699,3.99461e14,0.2159,2.44966e6,-1.22365e6,3.06915e-9
1481264910,29246781.49940948,32117014.193450518,2870.233,3.93189e14,1.3575,2.41973e6,-1.21828e6,3.05565e-9
1481264940,29263497.002816733,32123239.783026442,2859.743,3.89812e14,2.2048,2.39877e6,-1.21290e6,3.04216e-9
1481264970,29280183.712057665,32129412.65778308,2849.229,4.08280e14,2.4284,2.44406e6,-1.20752e6,3.02866e-9
1481265000,29296841.437873248,32135532.781337578,2838.691,4.10578e14,3.0049,2.44011e6,-1.20215e6,3.01517e-9
1481265030,29313469.992050767,32141600.117665343,2828.130,3.98495e14,0.0265,2.39292e6,-1.19677e6,3.00168e-9
1481265060,29330069.187367056,32147614.631116793,2817.545,3.97712e14,0.2230,2.37984e6,-1.19140e6,2.98820e-9
1481265090,29346638.837637216,32153576.286398172,2806.937,4.04288e14,1.4269,2.38867e6,-1.18602e6,2.97471e-9
1481265120,29363178.757693756,32159485.048576105,2796.306,4.03398e14,1.2035,2.37521e6,-1.18065e6,2.96123e-9
1481265150,29379688.763382696,32165340.883076403,2785.652,4.01524e14,0.7334,2.35888e6,-1.17528e6,2.94776e-9
1481265180,29396168.6715597,32171143.755682778,2774.975,4.05238e14,1.6652,2.35900e6,-1.16991e6,2.93428e-9
1481265210,29412618.30008628,32176893.632535666,2764.275,4.04381e14,1.4501,2.34566e6,-1.16455e6,2.92081e-9
1481265240,29429037.467825875,32182590.480131052,2753.553,3.95617e14,0.7484,2.30937e6,-1.15918e6,2.90734e-9
1481265270,29445425.99464003,32188234.2653192,2742.808,4.05375e14,1.6996,2.32692e6,-1.15381e6,2.89388e-9
1481265300,29461783.701384462,32193824.955303535,2732.041,4.13004e14,3.6135,2.33807e6,-1.14845e6,2.88042e-9
1481265330,29478110.409883004,32199362.51764957,2721.252,4.04482e14,1.4755,2.30272e6,-1.14309e6,2.86696e-9
1481265360,29494405.942992248,32204846.92025265,2710.441,4.00216e14,0.4052,2.27974e6,-1.13773e6,2.85351e-9
1481265390,29510670.12452896,32210278.13136802,2699.608,4.03234e14,1.1626,2.27757e6,-1.13237e6,2.84006e-9
1481265420,29526902.779288266,32215656.11959959,2688.753,4.06070e14,1.8739,2.27481e6,-1.12701e6,2.82661e-9
1481265450,29543103.733039487,32220980.85389901,2677.877,4.02213e14,0.9063,2.25314e6,-1.12165e6,2.81317e-9
1481265480,29559272.812522124,32226252.303564657,2666.979,4.03819e14,1.3093,2.24688e6,-1.11630e6,2.79973e-9
1481265510,29575409.84544172,32231470.438240577,2656.061,4.08285e14,2.4296,2.24854e6,-1.11094e6,2.78629e-9
1481265540,29591514.66046576,32236635.227915585,2645.121,4.02227e14,0.9099,2.22091e6,-1.10559e6,2.77286e-9
1481265570,29607587.08721958,32241746.642922264,2634.160,3.90482e14,2.0368,2.17775e6,-1.10024e6,2.75944e-9
1481265600,29623626.95628231,32246804.653935943,2623.178,3.86105e14,3.1348,2.15514e6,-1.09489e6,2.74601e-9
1481265630,29639634.099201664,32251809.23196056,2612.175,3.88016e14,2.6554,2.14983e6,-1.08954e6,2.73260e-9
1481265660,29655608.34843156,32256760.3483686,2601.152,4.01212e14,0.6553,2.17517e6,-1.08420e6,2.71918e-9
1481265690,29671549.537386484,32261657.9748592,2590.108,4.07985e14,2.3543,2.18277e6,-1.07885e6,2.70577e-9
1481265720,29687457.50041868,32266502.083470322,2579.045,3.97293e14,0.3280,2.14317e6,-1.07351e6,2.69237e-9
1481265750,29703332.072814263,32271292.64657782,2567.961,3.90566e14,2.0158,2.11448e6,-1.06817e6,2.67896e-9
1481265780,29719173.09078932,32276029.63689434,2556.857,3.99611e14,0.2536,2.12802e6,-1.06283e6,2.66557e-9
1481265810,29734980.391486045,32280713.027468465,2545.733,4.01915e14,0.8316,2.12344e6,-1.05749e6,2.65217e-9
1481265840,29750753.8129689,32285342.79168363,2534.589,3.97850e14,0.1882,2.10200e6,-1.05216e6,2.63879e-9
1481265870,29766493.194220707,32289918.90325719,2523.426,3.96322e14,0.5716,2.08733e6,-1.04683e6,2.62540e-9
1481265900,29782198.375138886,32294441.33623952,2512.243,3.85575e14,3.2678,2.04863e6,-1.04149e6,2.61202e-9
1481265930,29797869.196517933,32298910.06503128,2501.041,3.91025e14,1.9006,2.05230e6,-1.03616e6,2.59865e-9
1481265960,29813505.500087503,32303325.06432633,2489.820,4.05789e14,1.8035,2.07992e6,-1.03084e6,2.58528e-9
1481265990,29829107.128466677,32307686.309167195,2478.579,4.06613e14,2.0101,2.07128e6,-1.02551e6,2.57192e-9
1481266020,29844673.925173584,32311993.774926055,2467.320,3.99974e14,0.3446,2.04354e6,-1.02019e6,2.55856e-9
1481266050,29860205.73462147,32316247.43730407,2456.042,4.02624e14,1.0094,2.03962e6,-1.01486e6,2.54520e-9
1481266080,29875702.40211473,32320447.2723306,2444.745,4.15868e14,4.3321,2.06246e6,-1.00954e6,2.53185e-9
1481266110,29891163.77384511,32324593.256362617,2433.429,4.09298e14,2.6838,2.03505e6,-1.00423e6,2.51851e-9
1481266140,29906589.696887717,32328685.366083864,2422.096,4.00613e14,0.5050,2.00251e6,-9.98909e5,2.50517e-9
1481266170,29921980.019197118,32332723.578504313,2410.744,3.92852e14,1.4422,1.97251e6,-9.93595e5,2.49183e-9
1481266200,29937334.58960352,32336707.870959338,2399.373,3.87617e14,2.7555,1.94899e6,-9.88283e5,2.47850e-9
1481266230,29952653.257820494,32340638.221087858,2387.985,3.95437e14,0.7935,1.95779e6,-9.82972e5,2.46517e-9
1481266260,29967935.87440527,32344514.60689724,2376.579,3.95952e14,0.6644,1.94848e6,-9.77664e5,2.45185e-9
1481266290,29983182.29079074,32348337.006696753,2365.155,3.98843e14,0.0609,1.94495e6,-9.72358e5,2.43854e-9
1481266320,29998392.35927017,32352105.39911807,2353.713,3.99820e14,0.3060,1.93671e6,-9.67053e5,2.42523e-9
1481266350,30013565.932993393,32355819.76311439,2342.254,4.03696e14,1.2783,1.93544e6,-9.61751e5,2.41193e-9
1481266380,30028702.86596316,32359480.077959638,2330.777,4.10431e14,2.9680,1.94092e6,-9.56451e5,2.39863e-9
1481266410,30043803.01303138,32363086.32324761,2319.283,4.02772e14,1.0466,1.91190e6,-9.51153e5,2.38533e-9
1481266440,30058866.229895476,32366638.478891183,2307.772,3.98899e14,0.0749,1.89206e6,-9.45857e5,2.37204e-9
1481266470,30073892.37309467,32370136.525121454,2296.244,4.01694e14,0.7762,1.88806e6,-9.40563e5,2.35876e-9
1481266500,30088881.300006296,32373580.44248699,2284.699,4.02664e14,1.0194,1.87971e6,-9.35272e5,2.34548e-9
1481266530,30103832.86883251,32376970.21187092,2273.137,3.97228e14,0.3444,1.85640e6,-9.29982e5,2.33221e-9
1481266560,30118746.93862625,32380305.81443499,2261.559,3.94571e14,1.0108,1.83968e6,-9.24695e5,2.31894e-9
1481266590,30133623.36925797,32383587.231674206,2249.964,4.04124e14,1.3858,1.85119e6,-9.19409e5,2.30568e-9
1481266620,30148462.021421447,32386814.445398368,2238.352,4.01889e14,0.8250,1.83543e6,-9.14126e5,2.29242e-9
1481266650,30163262.7566301,32389987.4377314,2226.725,3.96368e14,0.5602,1.81224e6,-9.08845e5,2.27917e-9
1481266680,30178025.43721321,32393106.191110868,2215.081,4.06892e14,2.0802,1.82555e6,-9.03566e5,2.26593e-9
1481266710,30192749.92631222,32396170.688287452,2203.421,4.13152e14,3.6506,1.82899e6,-8.98290e5,2.25269e-9
1481266740,30207436.08787711,32399180.912324432,2191.745,4.13104e14,3.6387,1.81814e6,-8.93015e5,2.23945e-9
1481266770,30222083.786662534,32402136.84659716,2180.053,3.98536e14,0.0162,1.77497e6,-8.87743e5,2.22622e-9
1481266800,30236692.888224244,32405038.474792607,2168.346,3.82663e14,3.9984,1.72931e6,-8.82473e5,2.21300e-9
1481266830,30251263.258918654,32407885.780899562,2156.623,3.96894e14,0.4282,1.75029e6,-8.77205e5,2.19978e-9
1481266860,30265794.765888993,32410678.74923684,2144.884,4.12613e14,3.5154,1.77415e6,-8.71939e5,2.18657e-9
1481266890,30280287.277071863,32413417.364424106,2133.130,4.02987e14,1.1006,1.74251e6,-8.66676e5,2.17336e-9
1481266920,30294740.66119023,32416101.611390527,2121.361,3.92883e14,1.4344,1.71011e6,-8.61414e5,2.16016e-9
1481266950,30309154.787749898,32418731.475374386,2109.577,3.88948e14,2.4216,1.69121e6,-8.56155e5,2.14697e-9
1481266980,30323529.52703584,32421306.941922512,2097.777,3.80808e14,4.4638,1.66346e6,-8.50899e5,2.13378e-9
1481267010,30337864.750108656,32423827.996889785,2085.963,3.93017e14,1.4008,1.67907e6,-8.45644e5,2.12059e-9
1481267040,30352160.328801025,32426294.626438662,2074.134,4.16950e14,4.6036,1.71908e6,-8.40392e5,2.10741e-9
1481267070,30366416.13571405,32428706.81703861,2062.291,4.00392e14,0.4495,1.67366e6,-8.35141e5,2.09424e-9
1481267100,30380632.044213858,32431064.55546571,2050.433,3.87491e14,2.7872,1.63629e6,-8.29893e5,2.08107e-9
1481267130,30394807.92843248,32433367.828802343,2038.560,3.97127e14,0.3696,1.64587e6,-8.24648e5,2.06791e-9
1481267160,30408943.663250618,32435616.624435987,2026.673,3.96024e14,0.6463,1.63314e6,-8.19404e5,2.05476e-9
1481267190,30423039.124307886,32437810.9300596,2014.772,3.96352e14,0.5640,1.62336e6,-8.14163e5,2.04161e-9
1481267220,30437094.187994957,32439950.73367083,2002.857,4.03361e14,1.1943,1.62713e6,-8.08924e5,2.02846e-9
1481276760,32438447.969068028,30427236.18400546,2011.212,3.94986e14,0.9067,-1.61700e6,8.12148e5,-2.03768e-9
1481276790,32436269.747605197,30413153.239600547,2023.117,4.01875e14,0.8214,-1.64157e6,8.17391e5,-2.05082e-9
1481276820,32434037.032875467,30399029.990752243,2035.007,3.99813e14,0.3042,-1.64784e6,8.22637e5,-2.06398e-9
1481276850,32431749.83710361,30384866.561627403,2046.883,3.93588e14,1.2576,-1.64542e6,8.27884e5,-2.07714e-9
1481276880,32429408.172819264,30370663.077146787,2058.745,3.98398e14,0.0507,-1.66591e6,8.33134e5,-2.09030e-9
1481276910,32427012.05285755,30356419.662988573,2070.592,4.00293e14,0.4246,-1.68039e6,8.38387e5,-2.10347e-9
1481276940,32424561.490359396,30342136.4455917,2082.425,4.02907e14,1.0803,-1.69645e6,8.43641e5,-2.11665e-9
1481276970,32422056.498772185,30327813.552159294,2094.243,4.03155e14,1.1425,-1.70755e6,8.48898e5,-2.12983e-9
1481277000,32419497.091850273,30313451.110662114,2106.046,4.00043e14,0.3618,-1.71146e6,8.54157e5,-2.14302e-9
1481277030,32416883.28365213,30299049.249855325,2117.834,3.91557e14,1.7670,-1.70370e6,8.59418e5,-2.15621e-9
1481277060,32414215.088551223,30284608.09924078,2129.607,3.95473e14,0.7846,-1.72263e6,8.64682e5,-2.16941e-9
1481277090,32411492.521226272,30270127.78911169,2141.365,4.00178e14,0.3957,-1.74338e6,8.69947e5,-2.18262e-9
1481277120,32408715.596665125,30255608.450542852,2153.107,3.87977e14,2.6652,-1.72714e6,8.75215e5,-2.19583e-9
1481277150,32405884.330165263,30241050.215394255,2164.834,3.89551e14,2.2702,-1.74102e6,8.80485e5,-2.20904e-9
1481277180,32402998.737334337,30226453.216314588,2176.546,4.04555e14,1.4939,-1.78479e6,8.85758e5,-2.22226e-9
1481277210,32400058.834090773,30211817.58674495,2188.241,4.03246e14,1.1654,-1.79248e6,8.91032e5,-2.23549e-9
1481277240,32397064.63666425,30197143.460922386,2199.921,3.94064e14,1.1380,-1.78245e6,8.96309e5,-2.24872e-9
1481277270,32394016.161596242,30182430.97388354,2211.585,3.96083e14,0.6315,-1.79751e6,9.01588e5,-2.26196e-9
1481277300,32390913.425740637,30167680.26146831,2223.233,4.09468e14,2.7265,-1.83849e6,9.06869e5,-2.27520e-9
1481277330,32387756.44625576,30152891.46031383,2234.865,4.12258e14,3.4264,-1.85558e6,9.12153e5,-2.28845e-9
1481277360,32384545.240631096,30138064.707887784,2246.481,4.03802e14,1.3050,-1.84687e6,9.17438e5,-2.30170e-9
1481277390,32381279.82666161,30123200.142462485,2258.080,4.02329e14,0.9353,-1.85410e6,9.22726e5,-2.31496e-9
1481277420,32377960.222456723,30108297.90312799,2269.662,4.03072e14,1.1218,-1.86646e6,9.28016e5,-2.32823e-9
1481277450,32374586.44644085,30093358.129795745,2281.228,3.94594e14,1.0050,-1.85725e6,9.33308e5,-2.34150e-9
1481277480,32371158.517353944,30078380.963202257,2292.778,3.86028e14,3.1541,-1.84761e6,9.38602e5,-2.35477e-9
1481277510,32367676.454252046,30063366.5449127,2304.310,3.89956e14,2.1686,-1.86734e6,9.43899e5,-2.36805e-9
1481277540,32364140.276507854,30048315.017324615,2315.825,3.98671e14,0.0177,-1.89857e6,9.49197e5,-2.38134e-9
1481277570,32360550.003811304,30033226.52367151,2327.323,4.06163e14,1.8974,-1.92711e6,9.54498e5,-2.39463e-9
1481277600,32356905.65617017,30018101.20802668,2338.804,4.09411e14,2.7122,-1.94563e6,9.59800e5,-2.40793e-9
1481277630,32353207.25392944,30002939.215320442,2350.268,3.90617e14,2.0028,-1.91088e6,9.65105e5,-2.42123e-9
1481277660,32349454.817714173,29987740.691301953,2361.714,3.90327e14,2.0755,-1.92068e6,9.70412e5,-2.43454e-9
1481277690,32345648.36848818,29972505.782584943,2373.143,4.12450e14,3.4746,-1.98534e6,9.75721e5,-2.44785e-9
1481277720,32341787.927536096,29957234.636637997,2384.553,4.07694e14,2.2813,-1.98443e6,9.81032e5,-2.46117e-9
1481277750,32337873.516464133,29941927.401788455,2395.946,3.95591e14,0.7551,-1.96523e6,9.86345e5,-2.47449e-9
1481277780,32333905.15720105,29926584.227226257,2407.321,4.00079e14,0.3710,-1.98698e6,9.91660e5,-2.48782e-9
1481277810,32329882.87199896,29911205.263007924,2418.678,4.08605e14,2.5098,-2.01896e6,9.96977e5,-2.50115e-9
1481277840,32325806.683434233,29895790.66006043,2430.016,4.05471e14,1.7235,-2.02185e6,1.00230e6,-2.51449e-9
1481277870,32321676.614408374,29880340.57018512,2441.336,4.17687e14,4.7885,-2.06346e6,1.00762e6,-2.52783e-9
1481277900,32317492.688148886,29864855.14606166,2452.638,4.04789e14,1.5525,-2.04158e6,1.01294e6,-2.54118e-9
1481277930,32313254.9281861,29849334.541238755,2463.920,3.91292e14,1.8335,-2.01783e6,1.01827e6,-2.55453e-9
1481277960,32308963.358428467,29833778.91017875,2475.184,3.94811e14,0.9508,-2.03742e6,1.02359e6,-2.56789e-9
1481277990,32304618.003088716,29818188.408220895,2486.430,3.94254e14,1.0903,-2.04659e6,1.02892e6,-2.58125e-9
1481278020,32300218.886708822,29802563.191598203,2497.656,3.97607e14,0.2493,-2.06589e6,1.03425e6,-2.59462e-9
1481278050,32295766.0341607,29786903.417441435,2508.863,3.97093e14,0.3781,-2.07520e6,1.03959e6,-2.60799e-9
1481278080,32291259.47064693,29771209.243782874,2520.050,3.97768e14,0.2087,-2.08762e6,1.04492e6,-2.62137e-9
1481278110,32286699.2217015,29755480.829560164,2531.218,3.92586e14,1.5088,-2.08462e6,1.05026e6,-2.63475e-9
1481278140,32282085.313190572,29739718.334620144,2542.367,3.98328e14,0.0683,-2.11042e6,1.05559e6,-2.64813e-9
1481278170,32277417.77131322,29723921.91972268,2553.496,4.01024e14,0.6081,-2.12827e6,1.06093e6,-2.66152e-9
1481278200,32272696.622602236,29708091.74654453,2564.605,3.96044e14,0.6414,-2.12566e6,1.06628e6,-2.67492e-9
1481278230,32267921.893953156,29692227.97768953,2575.694,3.99097e14,0.1247,-2.14452e6,1.07162e6,-2.68832e-9
1481278260,32263093.61253803,29676330.77667278,2586.763,4.01960e14,0.8429,-2.16295e6,1.07697e6,-2.70172e-9
1481278290,32258211.805893604,29660400.30794428,2597.811,4.08397e14,2.4578,-2.19116e6,1.08231e6,-2.71513e-9
1481278320,32253276.5018941,29644436.736886386,2608.840,4.07398e14,2.2071,-2.19926e6,1.08766e6,-2.72854e-9
1481278350,32248287.72875233,29628440.22981775,2619.847,3.95204e14,0.8520,-2.17665e6,1.09301e6,-2.74196e-9
1481278380,32243245.515020758,29612410.953997243,2630.835,4.03249e14,1.1662,-2.20947e6,1.09836e6,-2.75538e-9
1481278410,32238149.889592703,29596349.07762786,2641.801,3.97685e14,0.2296,-2.20483e6,1.10372e6,-2.76880e-9
1481278440,32233000.881703362,29580254.76986065,2652.746,3.89591e14,2.2603,-2.19301e6,1.10907e6,-2.78223e-9
1481278470,32227798.52093101,29564128.200798705,2663.670,4.01807e14,0.8044,-2.23775e6,1.11443e6,-2.79566e-9
1481278500,32222542.8371981,29547969.541500993,2674.573,4.00878e14,0.5714,-2.24590e6,1.11979e6,-2.80910e-9
1481278530,32217233.860738523,29531778.96398356,2685.455,4.05270e14,1.6733,-2.26904e6,1.12515e6,-2.82254e-9
1481278560,32211871.62220311,29515556.641232282,2696.315,4.02105e14,0.8792,-2.27087e6,1.13051e6,-2.83598e-9
1481278590,32206456.152556147,29499302.747197904,2707.153,3.99022e14,0.1058,-2.27286e6,1.13587e6,-2.84943e-9
1481278620,32200987.483110048,29483017.456802886,2717.970,4.12439e14,3.4718,-2.32200e6,1.14124e6,-2.86288e-9
1481278650,32195465.645526297,29466700.945945382,2728.765,4.08946e14,2.5955,-2.32287e6,1.14661e6,-2.87634e-9
1481278680,32189890.67181623,29450353.39150318,2739.537,3.97109e14,0.3742,-2.29954e6,1.15197e6,-2.88980e-9
1481278710,32184262.59434203,29433974.971337628,2750.288,4.02155e14,0.8918,-2.32490e6,1.15734e6,-2.90326e-9
1481278740,32178581.44581751,29417565.864297673,2761.016,4.09070e14,2.6267,-2.35586e6,1.16271e6,-2.91672e-9
1481278770,32172847.259309117,29401126.2502238,2771.721,4.03689e14,1.2765,-2.35097e6,1.16808e6,-2.93019e-9
1481278800,32167060.068236813,29384656.30995201,2782.404,3.93700e14,1.2294,-2.33238e6,1.17346e6,-2.94366e-9
1481278830,32161219.906411972,29368156.225325376,2793.064,3.99648e14,0.2627,-2.36064e6,1.17883e6,-2.95714e-9
1481278860,32155326.80792466,29351626.1791748,2803.701,3.93807e14,1.2025,-2.35406e6,1.18421e6,-2.97062e-9
1481278890,32149380.8072586,29335066.355346274,2814.314,3.92036e14,1.6470,-2.35945e6,1.18958e6,-2.98410e-9
1481278920,32143381.939255606,29318476.93869742,2824.905,4.05881e14,1.8265,-2.41162e6,1.19496e6,-2.99758e-9
1481278950,32137330.239117008,29301858.115101546,2835.472,4.03160e14,1.1439,-2.41428e6,1.20034e6,-3.01107e-9
1481278980,32131225.74240496,29285210.07145168,2846.016,3.94368e14,1.0619,-2.39850e6,1.20572e6,-3.02456e-9
1481279010,32125068.485043857,29268532.99566467,2856.535,3.92378e14,1.5610,-2.40316e6,1.21110e6,-3.03805e-9
1481279040,32118858.503321804,29251827.076685186,2867.031,3.99821e14,0.3062,-2.43655e6,1.21648e6,-3.05154e-9
1481279070,32112595.833891913,29235092.50448976,2877.503,4.01559e14,0.7423,-2.45266e6,1.22186e6,-3.06504e-9
1481279100,32106280.51377391,29218329.47009084,2887.951,3.89386e14,2.3118,-2.42599e6,1.22725e6,-3.07854e-9
1481279130,32099912.58032376,29201538.16552773,2898.374,4.03899e14,1.3293,-2.48150e6,1.23263e6,-3.09204e-9
1481279160,32093492.07133279,29184718.783910863,2908.773,4.17732e14,4.7997,-2.53530e6,1.23802e6,-3.10554e-9
1481279190,32087019.024931274,29167871.519385483,2919.148,4.06405e14,1.9580,-2.51100e6,1.24340e6,-3.11905e-9
1481279220,32080493.47962123,29150996.567148525,2929.497,4.06929e14,2.0895,-2.52352e6,1.24879e6,-3.13255e-9
1481279250,32073915.474277724,29134094.123452548,2939.821,3.95341e14,0.8177,-2.49795e6,1.25418e6,-3.14606e-9
1481279280,32067285.04814995,29117164.38560954,2950.121,3.91305e14,1.8304,-2.49592e6,1.25957e6,-3.15957e-9
1481279310,32060602.240862522,29100207.551994853,2960.395,3.94610e14,1.0011,-2.51709e6,1.26496e6,-3.17309e-9
1481279340,32053867.092416614,29083223.822050985,2970.643,3.93559e14,1.2649,-2.52446e6,1.27035e6,-3.18660e-9
1481279370,32047079.64319116,29066213.396291472,2980.866,3.97688e14,0.2290,-2.54838e6,1.27574e6,-3.20011e-9
1481279400,32040239.933944136,29049176.47630467,2991.063,4.01745e14,0.7889,-2.57219e6,1.28113e6,-3.21363e-9
1481279430,32033348.005834583,29032113.264768407,3001.235,4.02055e14,0.8668,-2.58401e6,1.28652e6,-3.22715e-9
1481279460,32026403.90035949,29015023.96542062,3011.380,3.98989e14,0.0974,-2.58490e6,1.29191e6,-3.24067e-9
1481279490,32019407.65941972,28997908.783096436,3021.499,4.04606e14,1.5066,-2.61396e6,1.29730e6,-3.25419e-9
1481279520,32012359.325300436,28980767.92372138,3031.591,4.08869e14,2.5763,-2.63876e6,1.30269e6,-3.26771e-9
1481279550,32005258.940672614,28963601.594315216,3041.657,3.97714e14,0.2223,-2.61308e6,1.30809e6,-3.28123e-9
1481279580,31998106.548594464,28946410.002995882,3051.697,3.97766e14,0.2093,-2.62402e6,1.31348e6,-3.29475e-9
1481279610,31990902.192512967,28929193.358983386,3061.709,4.06416e14,1.9608,-2.66341e6,1.31887e6,-3.30827e-9
1481279640,31983645.916265335,28911951.872603763,3071.694,4.03749e14,1.2917,-2.66544e6,1.32427e6,-3.32179e-9
1481279670,31976337.764080502,28894685.755292848,3081.652,4.06111e14,1.8843,-2.68417e6,1.32966e6,-3.33532e-9
1481279700,31968977.78058071,28877395.21960029,3091.583,4.07524e14,2.2387,-2.69978e6,1.33505e6,-3.34884e-9
1481279730,31961566.010769412,28860080.479191944,3101.486,4.07442e14,2.2181,-2.71041e6,1.34044e6,-3.36236e-9
1481279760,31954102.50007484,28842741.748858217,3111.361,4.07409e14,2.2098,-2.72120e6,1.34584e6,-3.37588e-9
1481279790,31946587.294309314,28825379.244513337,3121.208,4.04672e14,1.5231,-2.72283e6,1.35123e6,-3.38940e-9
1481279820,31939020.4396844,28807993.183200736,3131.027,3.98435e14,0.0415,-2.71247e6,1.35662e6,-3.40292e-9
1481279850,31931401.98281243,28790583.78309684,3140.818,3.90901e14,1.9315,-2.69751e6,1.36202e6,-3.41644e-9
1481279880,31923731.970707946,28773151.263514865,3150.581,3.91760e14,1.7162,-2.71113e6,1.36741e6,-3.42996e-9
1481279910,31916010.450789303,28755695.844908644,3160.315,4.04278e14,1.4244,-2.76492e6,1.37280e6,-3.44348e-9
1481279940,31908237.47088012,28738217.748876363,3170.020,4.02387e14,0.9498,-2.76924e6,1.37819e6,-3.45700e-9
1481279970,31900413.07921087,28720717.19816435,3179.696,4.00963e14,0.5927,-2.77513e6,1.38358e6,-3.47052e-9
1481280000,31892537.324420467,28703194.416670777,3189.343,4.08201e14,2.4085,-2.81116e6,1.38897e6,-3.48403e-9
1481280030,31884610.25557063,28685649.62944168,3198.961,4.05759e14,1.7960,-2.81352e6,1.39436e6,-3.49754e-9
1481280060,31876631.922107894,28668083.06269828,3208.549,3.99902e14,0.3266,-2.80383e6,1.39975e6,-3.51105e-9
1481280090,31868602.37390517,28650494.9438171,3218.107,3.94809e14,0.9513,-2.79667e6,1.40514e6,-3.52456e-9
1481280120,31860521.66125045,28632885.501341168,3227.636,3.97294e14,0.3279,-2.81618e6,1.41053e6,-3.53807e-9
1481280150,31852389.834848627,28615254.96498352,3237.135,3.94315e14,1.0751,-2.81635e6,1.41591e6,-3.55158e-9
1481280180,31844206.94582326,28597603.56563076,3246.603,3.91195e14,1.8578,-2.81594e6,1.42130e6,-3.56508e-9
1481280210,31835973.045718312,28579931.535346635,3256.042,3.99706e14,0.2773,-2.85706e6,1.42668e6,-3.57858e-9
1481280240,31827688.18650006,28562239.10737544,3265.449,3.99141e14,0.1357,-2.86581e6,1.43207e6,-3.59208e-9
1481280270,31819352.42055873,28544526.516145553,3274.826,3.96425e14,0.5458,-2.86679e6,1.43745e6,-3.60557e-9
1481280300,31810965.800710406,28526793.99727284,3284.172,3.98376e14,0.0562,-2.88458e6,1.44283e6,-3.61906e-9
1481280330,31802528.38018845,28509041.787577823,3293.487,3.93283e14,1.3341,-2.87683e6,1.44821e6,-3.63255e-9
1481280360,31794040.21267741,28491270.125047,3302.770,3.94755e14,0.9648,-2.89288e6,1.45359e6,-3.64603e-9
1481280390,31785501.35228252,28473479.248878248,3312.022,4.03191e14,1.1516,-2.93445e6,1.45896e6,-3.65952e-9
1481280420,31776911.853541948,28455669.39947076,3321.242,4.02034e14,0.8615,-2.94101e6,1.46434e6,-3.67299e-9
1481280450,31768271.771428477,28437840.81842848,3330.431,3.97384e14,0.3052,-2.93465e6,1.46971e6,-3.68647e-9
1481280480,31759581.16135135,28419993.748563487,3339.587,3.93548e14,1.2675,-2.93119e6,1.47508e6,-3.69993e-9
1481280510,31750840.079157963,28402128.43389951,3348.712,3.98450e14,0.0378,-2.96006e6,1.48045e6,-3.71340e-9
1481280540,31742048.581135646,28384245.119675193,3357.803,3.98501e14,0.0250,-2.97098e6,1.48582e6,-3.72686e-9
1481280570,31733206.72401348,28366344.052347504,3366.863,3.94930e14,0.9207,-2.96835e6,1.49119e6,-3.74031e-9
1481280600,31724314.564963955,28348425.479594994,3375.889,4.03182e14,1.1493,-3.01000e6,1.49655e6,-3.75376e-9
1481280630,31715372.16160361,28330489.650300793,3384.883,4.01470e14,0.7199,-3.01434e6,1.50192e6,-3.76721e-9
1481280660,31706379.571998775,28312536.814618424,3393.843,3.99342e14,0.1861,-3.01705e6,1.50728e6,-3.78065e-9
1481280690,31697336.854663476,28294567.22391239,3402.770,3.99653e14,0.2642,-3.02895e6,1.51263e6,-3.79408e-9
1481280720,31688244.068562504,28276581.13078143,3411.663,4.04019e14,1.3593,-3.05630e6,1.51799e6,-3.80751e-9
1481280750,31679101.273113284,28258578.789061483,3420.522,4.02661e14,1.0186,-3.06188e6,1.52334e6,-3.82093e-9
1481280780,31669908.528187733,28240560.45382866,3429.348,3.94515e14,1.0249,-3.04140e6,1.52869e6,-3.83435e-9
1481280810,31660665.89411422,28222526.38140217,3438.140,3.93348e14,1.3177,-3.04755e6,1.53404e6,-3.84776e-9
1481280840,31651373.431679428,28204476.82934715,3446.897,3.92080e14,1.6358,-3.05327e6,1.53939e6,-3.86116e-9
1481280870,31642031.202130347,28186412.056477644,3455.619,3.92001e14,1.6558,-3.06356e6,1.54473e6,-3.87455e-9
1481280900,31632639.267176203,28168332.32285927,3464.307,3.97530e14,0.2685,-3.09565e6,1.55007e6,-3.88794e-9
1481280930,31623197.68900933,28150237.88983993,3472.960,4.01936e14,0.8368,-3.12349e6,1.55541e6,-3.90132e-9
1481280960,31613706.530249197,28132129.019966993,3481.578,3.91435e14,1.7977,-3.09309e6,1.56074e6,-3.91470e-9
1481280990,31604165.854002498,28114005.977075737,3490.160,3.98417e14,0.0461,-3.13108e6,1.56607e6,-3.92806e-9
1481281020,31594575.72384664,28095869.026264533,3498.707,4.08255e14,2.4220,-3.18050e6,1.57140e6,-3.94142e-9
1481281050,31584936.203831945,28077718.433897782,3507.218,3.98853e14,0.0634,-3.15410e6,1.57672e6,-3.95477e-9
1481281080,31575247.358483806,28059554.46760874,3515.693,3.99832e14,0.3090,-3.16862e6,1.58205e6,-3.96811e-9
1481281110,31565509.25280508,28041377.39630241,3524.132,3.96692e14,0.4788,-3.16677e6,1.58736e6,-3.98144e-9
1481281140,31555721.952278253,28023187.490158223,3532.534,3.95069e14,0.8860,-3.17088e6,1.59268e6,-3.99476e-9
1481281170,31545885.522867683,28004985.020632852,3540.901,4.00079e14,0.3710,-3.20153e6,1.59799e6,-4.00807e-9
1481281200,31536000.03102191,27986770.260462817,3549.230,4.05254e14,1.6691,-3.23297e6,1.60329e6,-4.02138e-9
1481281230,31526065.543645088,27968543.483639415,3557.522,3.95172e14,0.8600,-3.20298e6,1.60859e6,-4.03467e-9
1481281260,31516082.12819417,27950304.965496734,3565.777,3.91637e14,1.7471,-3.19922e6,1.61389e6,-4.04795e-9
1481281290,31506049.852586027,27932054.98262847,3573.995,4.04847e14,1.5670,-3.26336e6,1.61919e6,-4.06123e-9
1481281320,31495968.78523026,27913793.812917884,3582.175,4.03148e14,1.1409,-3.26710e6,1.62448e6,-4.07449e-9
1481281350,31485838.995031185,27895521.735539928,3590.317,3.98302e14,0.0750,-3.25791e6,1.62976e6,-4.08774e-9
1481281380,31475660.551389888,27877239.03096336,3598.422,3.95291e14,0.8304,-3.25612e6,1.63504e6,-4.10098e-9
1481281410,31465433.524206273,27858945.98095273,3606.488,3.94903e14,0.9277,-3.26503e6,1.64032e6,-4.11421e-9
1481281440,31455157.983881086,27840642.868570395,3614.515,4.00708e14,0.5288,-3.29948e6,1.64559e6,-4.12742e-9
1481281470,31444834.001318,27822329.978178345,3622.504,4.03195e14,1.1528,-3.32034e6,1.65086e6,-4.14063e-9
1481281500,31434461.647925686,27804007.595440146,3630.454,3.96886e14,0.4300,-3.30471e6,1.65612e6,-4.15382e-9
1481281530,31424040.99565076,27785676.007337898,3638.365,3.96592e14,0.5040,-3.31397e6,1.66137e6,-4.16700e-9
1481281560,31413572.116884936,27767335.50212697,3646.237,4.04143e14,1.3904,-3.35601e6,1.66663e6,-4.18016e-9
1481281590,31403055.084562384,27748986.36938488,3654.069,3.95907e14,0.6757,-3.33204e6,1.67187e6,-4.19332e-9
1481281620,31392489.97213135,27730628.899997752,3661.861,3.96832e14,0.4436,-3.34637e6,1.67711e6,-4.20646e-9
1481281650,31381876.853556633,27712263.386162024,3669.613,3.99112e14,0.1282,-3.36643e6,1.68235e6,-4.21958e-9
1481281680,31371215.803322025,27693890.12138607,3677.326,3.90215e14,2.1038,-3.33924e6,1.68758e6,-4.23269e-9
1481281710,31360506.89643288,27675509.400491886,3684.997,3.92383e14,1.5597,-3.35878e6,1.69280e6,-4.24579e-9
1481281740,31349750.20841862,27657121.51961653,3692.629,3.93593e14,1.2563,-3.37428e6,1.69802e6,-4.25887e-9
1481281770,31338945.815335233,27638726.77621369,3700.219,3.92579e14,1.5106,-3.38030e6,1.70323e6,-4.27194e-9
1481281800,31328093.79376791,27620325.469055086,3707.768,3.94197e14,1.1048,-3.39756e6,1.70844e6,-4.28499e-9
1481281830,31317194.220811784,27601917.89823298,3715.276,4.01924e14,0.8338,-3.44111e6,1.71364e6,-4.29803e-9
1481281860,31306247.174141653,27583504.36515812,3722.743,4.03211e14,1.1567,-3.45709e6,1.71883e6,-4.31105e-9
1481281890,31295252.731947314,27565085.17256426,3730.168,3.98203e14,0.0996,-3.44586e6,1.72401e6,-4.32405e-9
1481281920,31284210.972957775,27546660.624508392,3737.550,3.94421e14,1.0486,-3.43981e6,1.72919e6,-4.33703e-9
1481281950,31273121.97644363,27528231.02637182,3744.891,3.94820e14,0.9484,-3.45184e6,1.73437e6,-4.35000e-9
1481281980,31261985.822219558,27509796.684861187,3752.189,3.97109e14,0.3742,-3.47210e6,1.73953e6,-4.36296e-9
1481282010,31250802.590646725,27491357.908009533,3759.445,3.97070e14,0.3839,-3.48223e6,1.74469e6,-4.37589e-9
1481282040,31239572.362635225,27472915.005177137,3766.657,3.96537e14,0.5177,-3.49017e6,1.74984e6,-4.38881e-9
1481282070,31228295.21964657,27454468.287052363,3773.827,4.01349e14,0.6897,-3.52161e6,1.75499e6,-4.40170e-9
1481282100,31216971.24369611,27436018.065652415,3780.953,3.98978e14,0.0946,-3.52144e6,1.76012e6,-4.41458e-9
1481282130,31205600.517366245,27417564.654315684,3788.036,3.91054e14,1.8932,-3.49662e6,1.76525e6,-4.42744e-9
1481282160,31194183.12377604,27399108.367727805,3795.075,3.96438e14,0.5425,-3.53067e6,1.77037e6,-4.44028e-9
1481282190,31182719.146616545,27380649.521896683,3802.070,3.98339e14,0.0655,-3.54933e6,1.77549e6,-4.45310e-9
1481282220,31171208.670142822,27362188.434161045,3809.020,3.90650e14,1.9945,-3.52520e6,1.78059e6,-4.46590e-9
1481282250,31159651.779176608,27343725.4231907,3815.926,3.93460e14,1.2895,-3.54787e6,1.78569e6,-4.47868e-9
1481282280,31148048.55910892,27325260.808986608,3822.788,4.01761e14,0.7928,-3.59526e6,1.79078e6,-4.49143e-9
1481282310,31136399.095902745,27306794.912880998,3829.604,4.04889e14,1.5778,-3.61955e6,1.79586e6,-4.50417e-9
1481282340,31124703.476095732,27288328.0575373,3836.375,3.99056e14,0.1143,-3.60342e6,1.80093e6,-4.51688e-9
1481282370,31112961.786802888,27269860.566949997,3843.101,3.95528e14,0.7708,-3.59756e6,1.80599e6,-4.52958e-9
1481282400,31101174.1157193,27251392.7664444,3849.781,3.97866e14,0.1843,-3.61825e6,1.81104e6,-4.54225e-9
1481282430,31089340.551123038,27232924.982679788,3856.416,3.90871e14,1.9392,-3.59646e6,1.81609e6,-4.55489e-9
1481282460,31077461.18187743,27214457.54363843,3863.004,3.95662e14,0.7372,-3.62831e6,1.82112e6,-4.56751e-9
1481282490,31065536.09743444,27195990.77863555,3869.545,4.04221e14,1.4100,-3.67752e6,1.82615e6,-4.58011e-9
1481282520,31053565.38783718,27177525.01831534,3876.040,4.02152e14,0.8909,-3.67812e6,1.83116e6,-4.59269e-9
1481282550,31041549.143722735,27159060.59465039,3882.489,3.99876e14,0.3200,-3.67769e6,1.83617e6,-4.60524e-9
1481282580,31029487.456325013,27140597.840940867,3888.890,3.98132e14,0.1175,-3.67964e6,1.84116e6,-4.61776e-9
1481282610,31017380.417477515,27122137.091813706,3895.243,3.98202e14,0.0999,-3.68993e6,1.84615e6,-4.63026e-9
1481282640,31005228.119616162,27103678.683221634,3901.549,3.98376e14,0.0564,-3.70068e6,1.85112e6,-4.64274e-9
1481282670,30993030.65578212,27085222.952442225,3907.808,3.95906e14,0.6759,-3.69911e6,1.85609e6,-4.65518e-9
1481282700,30980788.119624656,27066770.238076665,3914.018,3.98819e14,0.0549,-3.72257e6,1.86104e6,-4.66760e-9
1481282730,30968500.605390176,27048320.880052652,3920.180,3.99012e14,0.1032,-3.73336e6,1.86599e6,-4.68000e-9
1481282760,30956168.207967605,27029875.219610512,3926.293,3.98616e14,0.0039,-3.74137e6,1.87092e6,-4.69236e-9
1481282790,30943791.022848587,27011433.59931448,3932.357,3.97920e14,0.1708,-3.74793e6,1.87584e6,-4.70470e-9
1481282820,30931369.14614405,26992996.363047082,3938.373,3.91438e14,1.7969,-3.72716e6,1.88075e6,-4.71701e-9
1481282850,30918902.67458701,26974563.856007505,3944.339,3.88348e14,2.5722,-3.72225e6,1.88565e6,-4.72929e-9
1481282880,30906391.70553533,26956136.42470988,3950.255,3.94725e14,0.9722,-3.76214e6,1.89053e6,-4.74154e-9
1481282910,30893836.336974666,26937714.416981492,3956.122,3.97679e14,0.2311,-3.78588e6,1.89541e6,-4.75376e-9
1481282940,30881236.66752119,26919298.18196078,3961.938,3.92145e14,1.6195,-3.76921e6,1.90027e6,-4.76595e-9
1481282970,30868592.79642453,26900888.070095357,3967.705,3.96153e14,0.6139,-3.79798e6,1.90512e6,-4.77811e-9
1481283000,30855904.823570702,26882484.433139686,3973.420,3.98637e14,0.0092,-3.81952e6,1.90995e6,-4.79024e-9
1481283030,30843172.84951591,26864087.624148507,3979.085,3.98533e14,0.0170,-3.82866e6,1.91478e6,-4.80233e-9
1481283060,30830396.97539424,26845697.997488037,3984.699,3.96574e14,0.5084,-3.82885e6,1.91959e6,-4.81439e-9
1481283090,30817577.303016152,26827315.908819534,3990.261,3.99445e14,0.2118,-3.85228e6,1.92439e6,-4.82643e-9
1481283120,30804713.934840858,26808941.71510111,3995.772,4.01079e14,0.6217,-3.86976e6,1.92917e6,-4.83842e-9
1481283150,30791806.973979607,26790575.774584893,4001.231,3.95289e14,0.8307,-3.85125e6,1.93395e6,-4.85039e-9
1481283180,30778856.524198864,26772218.44681399,4006.638,3.96297e14,0.5779,-3.86562e6,1.93870e6,-4.86232e-9
1481283210,30765862.68992374,26753870.092619453,4011.993,3.96402e14,0.5515,-3.87560e6,1.94345e6,-4.87421e-9
1481283240,30752825.57624127,26735531.074116945,4017.295,4.01351e14,0.6899,-3.90921e6,1.94818e6,-4.88607e-9
1481283270,30739745.288903616,26717201.75470346,4022.544,4.01869e14,0.8199,-3.92120e6,1.95289e6,-4.89790e-9
1481283300,30726621.934331503,26698882.4990537,4027.739,3.99540e14,0.2357,-3.91921e6,1.95760e6,-4.90968e-9
1481283330,30713455.619573604,26680573.673113167,4032.882,4.01794e14,0.8011,-3.93968e6,1.96228e6,-4.92143e-9
1481283360,30700246.45244492,26662275.644104637,4037.971,3.97117e14,0.3720,-3.92599e6,1.96695e6,-4.93315e-9
1481283390,30686994.54139478,26643988.78051401,4043.006,3.92836e14,1.4462,-3.91411e6,1.97161e6,-4.94482e-9
1481283420,30673699.99555347,26625713.452089492,4047.987,3.95848e14,0.6904,-3.93826e6,1.97625e6,-4.95646e-9
1481283450,30660362.924735293,26607450.02983743,4052.913,3.98331e14,0.0676,-3.95981e6,1.98088e6,-4.96806e-9
1481283480,30646983.439441334,26589198.886017922,4057.785,3.92672e14,1.4874,-3.94084e6,1.98549e6,-4.97962e-9
1481283510,30633561.650862645,26570960.394140404,4062.601,3.93659e14,1.2397,-3.95489e6,1.99008e6,-4.99114e-9
1481283540,30620097.67088301,26552734.92895898,4067.363,4.02118e14,0.8826,-4.00630e6,1.99466e6,-5.00261e-9
1481283570,30606591.612081997,26534522.866467662,4072.069,4.01125e14,0.6334,-4.01048e6,1.99922e6,-5.01405e-9
1481283600,30593043.587737985,26516324.583895504,4076.719,3.97222e14,0.3459,-3.99998e6,2.00377e6,-5.02545e-9
1481283630,30579453.711874004,26498140.45971497,4081.313,3.95903e14,0.6767,-4.00238e6,2.00829e6,-5.03680e-9
1481283660,30565822.09912879,26479970.873595465,4085.851,3.95943e14,0.6667,-4.01157e6,2.01280e6,-5.04811e-9
1481283690,30552148.86489214,26461816.20643935,4090.333,3.99464e14,0.2168,-4.03834e6,2.01730e6,-5.05938e-9
1481283720,30538434.125265583,26443676.840363316,4094.757,4.00359e14,0.4411,-4.05183e6,2.02177e6,-5.07060e-9
1481283750,30524677.997065872,26425553.15869275,4099.125,3.99478e14,0.2201,-4.05629e6,2.02623e6,-5.08178e-9
1481283780,30510880.59782848,26407445.545956124,4103.435,3.95962e14,0.6618,-4.04728e6,2.03067e6,-5.09292e-9
1481283810,30497042.045811187,26389354.38787918,4107.688,3.96005e14,0.6513,-4.05630e6,2.03509e6,-5.10400e-9
1481283840,30483162.45999763,26371280.07137894,4111.882,4.00032e14,0.3592,-4.08568e6,2.03950e6,-5.11504e-9
1481283870,30469241.960100904,26353222.98455752,4116.019,4.01170e14,0.6447,-4.10030e6,2.04388e6,-5.12604e-9
1481283900,30455280.6665671,26335183.516695853,4120.097,4.00375e14,0.4453,-4.10497e6,2.04825e6,-5.13699e-9
1481283930,30441278.700550713,26317162.05822747,4124.117,3.96977e14,0.4072,-4.09619e6,2.05260e6,-5.14789e-9
1481283960,30427236.18400546,26299159.000792712,4128.077,3.96645e14,0.4905,-4.10311e6,2.05692e6,-5.15874e-9
1481283990,30413153.239600547,26281174.737170786,4131.979,3.97305e14,0.3249,-4.11512e6,2.06123e6,-5.16954e-9
1481284020,30399029.990752243,26263209.6612925,4135.820,4.02020e14,0.8578,-4.14810e6,2.06552e6,-5.18029e-9
1481284050,30384866.561627403,26245264.1682328,4139.602,4.05670e14,1.7737,-4.17562e6,2.06979e6,-5.19099e-9
1481284080,30370663.077146787,26227338.654203292,4143.324,4.04269e14,1.4221,-4.17690e6,2.07403e6,-5.20164e-9
1481284110,30356419.662988573,26209433.516544696,4146.986,3.99034e14,0.1087,-4.15812e6,2.07826e6,-5.21224e-9
1481284140,30342136.4455917,26191549.153718818,4150.587,3.95357e14,0.8136,-4.14733e6,2.08247e6,-5.22279e-9
1481284170,30327813.552159294,26173685.96530065,4154.128,3.94303e14,1.0781,-4.15015e6,2.08665e6,-5.23328e-9
1481284200,30313451.110662114,26155844.351970162,4157.607,3.93739e14,1.2197,-4.15547e6,2.09081e6,-5.24372e-9
1481284230,30299049.249855325,26138024.715524606,4161.025,4.02417e14,0.9574,-4.20929e6,2.09495e6,-5.25410e-9
1481284260,30284608.09924078,26120227.458806165,4164.381,4.02837e14,1.0630,-4.21978e6,2.09907e6,-5.26443e-9
1481284290,30270127.78911169,26102452.985757362,4167.675,3.97543e14,0.2654,-4.20009e6,2.10317e6,-5.27471e-9
1481284320,30255608.450542852,26084701.70139157,4170.907,3.97568e14,0.2589,-4.20836e6,2.10725e6,-5.28492e-9
1481284350,30241050.215394255,26066974.011784125,4174.076,4.00186e14,0.3978,-4.23032e6,2.11130e6,-5.29508e-9
1481284380,30226453.216314588,26049270.32406321,4177.183,3.99879e14,0.3208,-4.23676e6,2.11533e6,-5.30519e-9
1481284410,30211817.58674495,26031591.046400767,4180.227,3.97919e14,0.1709,-4.23437e6,2.11933e6,-5.31523e-9
1481284440,30197143.460922386,26013936.588002857,4183.207,3.99019e14,0.1050,-4.24818e6,2.12331e6,-5.32522e-9
1481284470,30182430.97388354,25996307.359100204,4186.124,3.99862e14,0.3164,-4.26059e6,2.12727e6,-5.33514e-9
1481284500,30167680.26146831,25978703.770938292,4188.976,4.03451e14,1.2168,-4.28765e6,2.13121e6,-5.34501e-9
1481284530,30152891.46031383,25961126.23575251,4191.765,4.00551e14,0.4893,-4.27999e6,2.13512e6,-5.35481e-9
1481284560,30138064.707887784,25943575.16680399,4194.490,3.94386e14,1.0572,-4.25471e6,2.13900e6,-5.36456e-9
1481284590,30123200.142462485,25926050.978322886,4197.149,3.94200e14,1.1039,-4.26139e6,2.14286e6,-5.37424e-9
1481284620,30108297.90312799,25908554.085512698,4199.744,3.92315e14,1.5769,-4.25886e6,2.14670e6,-5.38386e-9
1481284650,30093358.129795745,25891084.904539295,4202.273,3.92683e14,1.4846,-4.26840e6,2.15051e6,-5.39341e-9
1481284680,30078380.963202257,25873643.85251989,4204.737,4.01497e14,0.7267,-4.32354e6,2.15429e6,-5.40290e-9
1481284710,30063366.5449127,25856231.347511686,4207.135,4.07455e14,2.2214,-4.36332e6,2.15805e6,-5.41232e-9
1481284740,30048315.017324615,25838847.808500346,4209.467,3.97141e14,0.3660,-4.31495e6,2.16178e6,-5.42168e-9
1481284770,30033226.52367151,25821493.655388292,4211.733,3.88653e14,2.4956,-4.27625e6,2.16548e6,-5.43097e-9
1481284800,30018101.20802668,25804169.30898281,4213.932,3.94159e14,1.1142,-4.31346e6,2.16916e6,-5.44019e-9
1481284830,30002939.215320442,25786875.190985724,4216.064,4.03701e14,1.2797,-4.37272e6,2.17281e6,-5.44935e-9
1481284860,29987740.691301953,25769611.72397524,4218.129,4.04622e14,1.5106,-4.38504e6,2.17643e6,-5.45844e-9
1481284890,29972505.782584943,25752379.33139957,4220.126,3.94539e14,1.0188,-4.33715e6,2.18003e6,-5.46745e-9
1481284920,29957234.636637997,25735178.437562156,4222.056,3.94321e14,1.0737,-4.34305e6,2.18360e6,-5.47640e-9
1481284950,29941927.401788455,25718009.467608776,4223.918,3.99318e14,0.1801,-4.37751e6,2.18713e6,-5.48527e-9
1481284980,29926584.227226257,25700872.847514406,4225.711,3.98010e14,0.1480,-4.37734e6,2.19064e6,-5.49408e-9
1481285010,29911205.263007924,25683769.004069977,4227.436,4.00153e14,0.3894,-4.39609e6,2.19412e6,-5.50281e-9
1481285040,29895790.66006043,25666698.3648688,4229.092,3.97398e14,0.3016,-4.38782e6,2.19758e6,-5.51147e-9
1481285070,29880340.57018512,25649661.358292896,4230.679,3.93815e14,1.2006,-4.37487e6,2.20100e6,-5.52005e-9
1481285100,29864855.14606166,25632658.41349903,4232.197,4.02518e14,0.9829,-4.42974e6,2.20439e6,-5.52856e-9
1481285130,29849334.541238755,25615689.96041899,4233.645,3.99462e14,0.2162,-4.41957e6,2.20775e6,-5.53699e-9
1481285160,29833778.91017875,25598756.429701254,4235.022,3.94195e14,1.1052,-4.39703e6,2.21108e6,-5.54535e-9
1481285190,29818188.408220895,25581858.252740275,4236.330,3.99598e14,0.2502,-4.43360e6,2.21438e6,-5.55362e-9
1481285220,29802563.191598203,25564995.861647766,4237.567,3.98637e14,0.0091,-4.43480e6,2.21765e6,-5.56182e-9
1481285250,29786903.417441435,25548169.68923784,4238.734,3.99327e14,0.1823,-4.44512e6,2.22089e6,-5.56995e-9
1481285280,29771209.243782874,25531380.16901196,4239.829,4.05386e14,1.7023,-4.48533e6,2.22410e6,-5.57799e-9
1481285310,29755480.829560164,25514627.735143732,4240.853,4.05735e14,1.7898,-4.49368e6,2.22727e6,-5.58595e-9
1481285340,29739718.334620144,25497912.822463397,4241.806,3.99966e14,0.3426,-4.46775e6,2.23041e6,-5.59383e-9
1481285370,29723921.91972268,25481235.866442073,4242.686,3.95687e14,0.7308,-4.45001e6,2.23352e6,-5.60163e-9
1481285400,29708091.74654453,25464597.303175945,4243.494,3.93293e14,1.3316,-4.44271e6,2.23660e6,-5.60934e-9
1481285430,29692227.97768953,25447997.56934711,4244.230,3.96574e14,0.5084,-4.46718e6,2.23964e6,-5.61698e-9
1481285460,29676330.77667278,25431437.102277696,4244.894,3.95580e14,0.7578,-4.46759e6,2.24265e6,-5.62452e-9
1481285490,29660400.30794428,25414916.339842852,4245.484,3.95719e14,0.7230,-4.47430e6,2.24562e6,-5.63199e-9
1481285520,29644436.736886386,25398435.720476463,4246.001,3.98843e14,0.0608,-4.49778e6,2.24856e6,-5.63936e-9
1481285550,29628440.22981775,25381995.683153894,4246.445,3.98651e14,0.0126,-4.50251e6,2.25147e6,-5.64665e-9
1481285580,29612410.953997243,25365596.66737447,4246.814,3.99562e14,0.2411,-4.51340e6,2.25434e6,-5.65385e-9
1481285610,29596349.07762786,25349239.11314383,4247.110,4.05413e14,1.7091,-4.55220e6,2.25717e6,-5.66096e-9
1481285640,29580254.76986065,25332923.460955907,4247.331,4.04415e14,1.4588,-4.55219e6,2.25997e6,-5.66799e-9
1481285670,29564128.200798705,25316650.15177481,4247.478,3.97999e14,0.1509,-4.52135e6,2.26273e6,-5.67492e-9
1481285700,29547969.541500993,25300419.627016436,4247.550,3.92328e14,1.5735,-4.49458e6,2.26546e6,-5.68176e-9
1481285730,29531778.96398356,25284232.32854973,4247.547,3.89296e14,2.3342,-4.48267e6,2.26815e6,-5.68851e-9
1481285760,29515556.641232282,25268088.698616788,4247.468,3.96305e14,0.5758,-4.52783e6,2.27080e6,-5.69517e-9
1481285790,29499302.747197904,25251989.179874793,4247.314,3.98987e14,0.0971,-4.54834e6,2.27342e6,-5.70173e-9
1481285820,29483017.456802886,25235934.215357225,4247.083,3.97139e14,0.3666,-4.54295e6,2.27600e6,-5.70820e-9
1481285850,29466700.945945382,25219924.24845459,4246.777,3.97809e14,0.1987,-4.55185e6,2.27854e6,-5.71458e-9
1481285880,29450353.39150318,25203959.722894922,4246.394,4.02595e14,1.0022,-4.58423e6,2.28104e6,-5.72086e-9
1481285910,29433974.971337628,25188041.082724027,4245.934,4.00794e14,0.5503,-4.57886e6,2.28350e6,-5.72704e-9
1481285940,29417565.864297673,25172168.77228557,4245.397,3.96702e14,0.4762,-4.56027e6,2.28593e6,-5.73312e-9
1481285970,29401126.2502238,25156343.236200914,4244.783,3.97137e14,0.3672,-4.56752e6,2.28831e6,-5.73910e-9
1481286000,29384656.30995201,25140564.9193488,4244.091,4.00681e14,0.5221,-4.59256e6,2.29065e6,-5.74499e-9
1481286030,29368156.225325376,25124834.26683536,4243.322,4.01067e14,0.6189,-4.59941e6,2.29296e6,-5.75077e-9
1481286060,29351626.1791748,25109151.724002026,4242.474,4.02314e14,0.9316,-4.61112e6,2.29522e6,-5.75645e-9
1481286090,29335066.355346274,25093517.736376017,4241.549,4.00171e14,0.3939,-4.60324e6,2.29745e6,-5.76203e-9
1481286120,29318476.93869742,25077932.74965821,4240.544,3.98670e14,0.0175,-4.59896e6,2.29963e6,-5.76751e-9
1481286150,29301858.115101546,25062397.20970158,4239.461,4.01327e14,0.6841,-4.61858e6,2.30177e6,-5.77288e-9
1481286180,29285210.07145168,25046911.562489416,4238.299,4.04931e14,1.5881,-4.64362e6,2.30387e6,-5.77815e-9
1481286210,29268532.99566467,25031476.254113387,4237.057,4.05383e14,1.7017,-4.65038e6,2.30592e6,-5.78332e-9
1481286240,29251827.076685186,25016091.73075122,4235.735,4.00781e14,0.5472,-4.62781e6,2.30794e6,-5.78837e-9
1481286270,29235092.50448976,25000758.438644376,4234.334,3.96924e14,0.4205,-4.60942e6,2.30991e6,-5.79332e-9
1481286300,29218329.47009084,24985476.82407524,4232.853,3.98879e14,0.0699,-4.62460e6,2.31183e6,-5.79816e-9
1481286330,29201538.16552773,24970247.3333441,4231.291,3.98938e14,0.0847,-4.62871e6,2.31372e6,-5.80289e-9
1481286360,29184718.783910863,24955070.41274693,4229.648,3.97274e14,0.3327,-4.62273e6,2.31556e6,-5.80751e-9
1481286390,29167871.519385483,24939946.508550886,4227.925,3.93889e14,1.1820,-4.60664e6,2.31735e6,-5.81202e-9
1481286420,29150996.567148525,24924876.066971127,4226.121,3.91693e14,1.7329,-4.59735e6,2.31910e6,-5.81642e-9
1481286450,29134094.123452548,24909859.53414716,4224.235,4.02069e14,0.8703,-4.66113e6,2.32081e6,-5.82070e-9
1481286480,29117164.38560954,24894897.356118795,4222.267,4.06346e14,1.9432,-4.68938e6,2.32247e6,-5.82487e-9
1481286510,29100207.551994853,24879989.978802055,4220.218,4.06855e14,2.0709,-4.69561e6,2.32408e6,-5.82893e-9
1481286540,29083223.822050985,24865137.847964738,4218.086,4.03331e14,1.1869,-4.67823e6,2.32565e6,-5.83287e-9
1481286570,29066213.396291472,24850341.40920189,4215.872,3.97978e14,0.1563,-4.65004e6,2.32717e6,-5.83669e-9
1481286600,29049176.47630467,24835601.107911006,4213.575,3.92295e14,1.5819,-4.61980e6,2.32865e6,-5.84040e-9
1481286630,29032113.264768407,24820917.389274076,4211.196,3.88869e14,2.4413,-4.60262e6,2.33007e6,-5.84398e-9
1481286660,29015023.96542062,24806290.698210742,4208.733,3.98116e14,0.1216,-4.65942e6,2.33145e6,-5.84745e-9
1481286690,28997908.783096436,24791721.479374863,4206.187,3.96032e14,0.6443,-4.64989e6,2.33279e6,-5.85080e-9
1481286720,28980767.92372138,24777210.17712185,4203.558,3.90052e14,2.1447,-4.61744e6,2.33407e6,-5.85403e-9
1481286750,28963601.594315216,24762757.235482942,4200.844,4.01726e14,0.7842,-4.68827e6,2.33531e6,-5.85713e-9
1481286780,28946410.002995882,24748363.098139357,4198.047,4.00626e14,0.5082,-4.68421e6,2.33649e6,-5.86011e-9
1481286810,28929193.358983386,24734028.208396178,4195.165,3.91891e14,1.6834,-4.63527e6,2.33763e6,-5.86297e-9
1481286840,28911951.872603763,24719753.009156045,4192.199,3.97311e14,0.3236,-4.66922e6,2.33871e6,-5.86571e-9
1481286870,28894685.755292848,24705537.942892697,4189.148,3.98810e14,0.0527,-4.68009e6,2.33975e6,-5.86831e-9
1481286900,28877395.21960029,24691383.451624207,4186.012,3.96734e14,0.4683,-4.66988e6,2.34074e6,-5.87080e-9
1481286930,28860080.479191944,24677289.976876255,4182.791,3.94881e14,0.9331,-4.66087e6,2.34167e6,-5.87315e-9
1481286960,28842741.748858217,24663257.959685765,4179.484,3.95274e14,0.8346,-4.66494e6,2.34255e6,-5.87538e-9
1481286990,28825379.244513337,24649287.84054273,4176.091,4.00319e14,0.4312,-4.69625e6,2.34339e6,-5.87747e-9
1481287020,28807993.183200736,24635380.059372686,4172.613,4.01280e14,0.6722,-4.70347e6,2.34417e6,-5.87944e-9
1481287050,28790583.78309684,24621535.055509046,4169.049,4.02273e14,0.9214,-4.71077e6,2.34489e6,-5.88127e-9
1481287080,28773151.263514865,24607753.2676652,4165.398,4.00590e14,0.4992,-4.70223e6,2.34557e6,-5.88298e-9
1481287110,28755695.844908644,24594035.13390646,4161.661,3.93763e14,1.2135,-4.66331e6,2.34619e6,-5.88455e-9
1481287140,28738217.748876363,24580381.09162183,4157.837,3.96868e14,0.4347,-4.68272e6,2.34676e6,-5.88598e-9
1481287170,28720717.19816435,24566791.577495605,4153.926,3.97020e14,0.3966,-4.68464e6,2.34727e6,-5.88728e-9
1481287200,28703194.416670777,24553267.027478844,4149.927,3.95642e14,0.7421,-4.67745e6,2.34774e6,-5.88845e-9
1481287230,28685649.62944168,24539807.876775067,4145.842,4.00611e14,0.5044,-4.70753e6,2.34814e6,-5.88948e-9
1481287260,28668083.06269828,24526414.559766766,4141.669,3.97509e14,0.2738,-4.68997e6,2.34849e6,-5.89037e-9
1481287290,28650494.9438171,24513087.510031097,4137.407,3.93783e14,1.2086,-4.66861e6,2.34879e6,-5.89112e-9
1481287320,28632885.501341168,24499827.160296384,4133.058,3.97636e14,0.2418,-4.69180e6,2.34903e6,-5.89174e-9
1481287350,28615254.96498352,24486633.942412768,4128.621,4.03075e14,1.1226,-4.72422e6,2.34921e6,-5.89221e-9
1481287380,28597603.56563076,24473508.287322953,4124.095,4.03292e14,1.1771,-4.72576e6,2.34934e6,-5.89254e-9
1481287410,28579931.535346635,24460450.62503256,4119.481,3.99158e14,0.1398,-4.70154e6,2.34941e6,-5.89273e-9
1481287440,28562239.10737544,24447461.384580527,4114.778,3.96449e14,0.5397,-4.68562e6,2.34943e6,-5.89278e-9
1481287470,28544526.516145553,24434540.994009268,4109.986,3.97472e14,0.2830,-4.69156e6,2.34938e6,-5.89269e-9
1481287500,28526793.99727284,24421689.8803346,4105.104,3.99391e14,0.1982,-4.70267e6,2.34928e6,-5.89244e-9
1481287530,28509041.787577823,24408908.46949269,4100.133,4.00862e14,0.5673,-4.71102e6,2.34912e6,-5.89206e-9
1481287560,28491270.125047,24396197.186380807,4095.073,3.99742e14,0.2864,-4.70400e6,2.34891e6,-5.89152e-9
1481287590,28473479.248878248,24383556.454755835,4089.923,3.94478e14,1.0343,-4.67244e6,2.34863e6,-5.89084e-9
1481287620,28455669.39947076,24370986.697226465,4084.683,3.97320e14,0.3214,-4.68851e6,2.34829e6,-5.89002e-9
1481287650,28437840.81842848,24358488.3352225,4079.352,4.03769e14,1.2966,-4.72571e6,2.34790e6,-5.88904e-9
1481287680,28419993.748563487,24346061.788963873,4073.932,3.99630e14,0.2582,-4.70043e6,2.34744e6,-5.88791e-9
1481287710,28402128.43389951,24333707.477429554,4068.421,3.96983e14,0.4058,-4.68382e6,2.34693e6,-5.88663e-9
1481287740,28384245.119675193,24321425.818326507,4062.819,3.99033e14,0.1086,-4.69474e6,2.34635e6,-5.88520e-9
1481287770,28366344.052347504,24309217.22805835,4057.127,4.02595e14,1.0020,-4.71443e6,2.34571e6,-5.88361e-9
1481287800,28348425.479594994,24297082.121694077,4051.343,4.01518e14,0.7319,-4.70670e6,2.34502e6,-5.88188e-9
1481287830,28330489.650300793,24285020.91296656,4045.469,3.97814e14,0.1974,-4.68340e6,2.34426e6,-5.87999e-9
1481287860,28312536.814618424,24273034.014148977,4039.503,3.98009e14,0.1484,-4.68291e6,2.34344e6,-5.87794e-9
1481287890,28294567.22391239,24261121.83611537,4033.445,3.99764e14,0.2920,-4.69146e6,2.34255e6,-5.87574e-9
1481287920,28276581.13078143,24249284.788279496,4027.296,3.94587e14,1.0069,-4.65916e6,2.34160e6,-5.87338e-9
1481287950,28258578.789061483,24237523.27856339,4021.056,3.96162e14,0.6119,-4.66640e6,2.34059e6,-5.87086e-9
1481287980,28240560.45382866,24225837.713365808,4014.723,4.02973e14,1.0969,-4.70424e6,2.33952e6,-5.86818e-9
1481288010,28222526.38140217,24214228.49753069,4008.298,3.99475e14,0.2195,-4.68144e6,2.33838e6,-5.86534e-9
1481288040,28204476.82934715,24202696.034315538,4001.781,3.98244e14,0.0895,-4.67183e6,2.33718e6,-5.86235e-9
1481288070,28186412.056477644,24191240.72535968,3995.171,3.99437e14,0.2098,-4.67629e6,2.33592e6,-5.85919e-9
1481288100,28168332.32285927,24179862.97065258,3988.469,3.92804e14,1.4541,-4.63480e6,2.33459e6,-5.85587e-9
1481288130,28150237.88983993,24168563.1684819,3981.675,3.92215e14,1.6021,-4.62858e6,2.33319e6,-5.85238e-9
1481288160,28132129.019966993,24157341.715463437,3974.787,4.01566e14,0.7440,-4.68039e6,2.33173e6,-5.84874e-9
1481288190,28114005.977075737,24146199.006447464,3967.807,3.97595e14,0.2521,-4.65412e6,2.33021e6,-5.84493e-9
1481288220,28095869.026264533,24135135.434506495,3960.734,3.95892e14,0.6796,-4.64100e6,2.32861e6,-5.84095e-9
1481288250,28077718.433897782,24124151.390903115,3953.567,3.98256e14,0.0864,-4.65150e6,2.32696e6,-5.83681e-9
1481288280,28059554.46760874,24113247.26505775,3946.307,3.97275e14,0.3326,-4.64233e6,2.32523e6,-5.83250e-9
1481288310,28041377.39630241,24102423.444516405,3938.954,4.00286e14,0.4228,-4.65631e6,2.32344e6,-5.82802e-9
1481288340,28023187.490158223,24091680.314918295,3931.507,3.94034e14,1.1456,-4.61619e6,2.32158e6,-5.82337e-9
1481288370,28004985.020632852,24081018.259963516,3923.967,3.99367e14,0.1924,-4.64339e6,2.31965e6,-5.81855e-9
1481288400,27986770.260462817,24070437.661380652,3916.333,4.04854e14,1.5688,-4.67130e6,2.31766e6,-5.81357e-9
1481288430,27968543.483639415,24059938.898891613,3908.605,4.05720e14,1.7863,-4.67219e6,2.31559e6,-5.80841e-9
1481288460,27950304.965496734,24049522.350187786,3900.783,4.04122e14,1.3851,-4.65861e6,2.31346e6,-5.80308e-9
1481288490,27932054.98262847,24039188.390888955,3892.867,3.96260e14,0.5872,-4.60861e6,2.31126e6,-5.79758e-9
1481288520,27913793.812917884,24028937.3945137,3884.856,4.01583e14,0.7482,-4.63492e6,2.30899e6,-5.79191e-9
1481288550,27895521.735539928,24018769.732446983,3876.752,4.00690e14,0.5243,-4.62507e6,2.30665e6,-5.78606e-9
1481288580,27877239.03096336,24008685.77390771,3868.553,3.95137e14,0.8690,-4.58815e6,2.30425e6,-5.78003e-9
1481288610,27858945.98095273,23998685.885916475,3860.260,3.97948e14,0.1637,-4.59945e6,2.30177e6,-5.77384e-9
1481288640,27840642.868570395,23988770.433263157,3851.872,4.01340e14,0.6872,-4.61393e6,2.29922e6,-5.76746e-9
1481288670,27822329.978178345,23978939.778474692,3843.390,3.96697e14,0.4776,-4.58193e6,2.29660e6,-5.76091e-9
1481288700,27804007.595440146,23969194.281782888,3834.813,4.00571e14,0.4944,-4.59887e6,2.29391e6,-5.75418e-9
1481288730,27785676.007337898,23959534.301113024,3826.142,4.10116e14,2.8889,-4.64819e6,2.29115e6,-5.74727e-9
1481288760,27767335.50212697,23949960.191987842,3817.375,4.02746e14,1.0399,-4.60015e6,2.28831e6,-5.74018e-9
1481288790,27748986.36938488,23940472.307559613,3808.514,3.96123e14,0.6216,-4.55635e6,2.28541e6,-5.73292e-9
1481288820,27730628.899997752,23931070.998557642,3799.558,3.99947e14,0.3379,-4.57232e6,2.28243e6,-5.72547e-9
1481288850,27712263.386162024,23921756.613256626,3790.507,4.02661e14,1.0188,-4.58174e6,2.27938e6,-5.71784e-9
1481288880,27693890.12138607,23912529.4974451,3781.361,4.03827e14,1.3112,-4.58213e6,2.27626e6,-5.71003e-9
1481288910,27675509.400491886,23903389.9943939,3772.119,4.02002e14,0.8533,-4.56530e6,2.27307e6,-5.70204e-9
1481288940,27657121.51961653,23894338.444824826,3762.783,3.97827e14,0.1941,-4.53497e6,2.26980e6,-5.69387e-9
1481288970,27638726.77621369,23885375.186879307,3753.352,3.96029e14,0.6450,-4.51809e6,2.26646e6,-5.68551e-9
1481289000,27620325.469055086,23876500.55608721,3743.825,3.90947e14,1.9200,-4.48244e6,2.26304e6,-5.67696e-9
1481289030,27601917.89823298,23867714.885312527,3734.203,3.90683e14,1.9863,-4.47404e6,2.25956e6,-5.66823e-9
1481289060,27583504.36515812,23859018.50479381,3724.486,3.96386e14,0.5556,-4.49927e6,2.25599e6,-5.65932e-9
1481289090,27565085.17256426,23850411.742041927,3714.673,4.00190e14,0.3989,-4.51352e6,2.25236e6,-5.65022e-9
1481289120,27546660.624508392,23841894.921832092,3704.766,4.00571e14,0.4944,-4.50824e6,2.24865e6,-5.64093e-9
1481289150,27528231.02637182,23833468.36617305,3694.763,3.98078e14,0.1311,-4.48662e6,2.24486e6,-5.63146e-9
1481289180,27509796.684861187,23825132.394276403,3684.664,3.98680e14,0.0200,-4.48230e6,2.24100e6,-5.62180e-9
1481289210,27491357.908009533,23816887.322526008,3674.471,3.98850e14,0.0626,-4.47539e6,2.23707e6,-5.61195e-9
1481289240,27472915.005177137,23808733.464447524,3664.182,4.02025e14,0.8593,-4.48516e6,2.23306e6,-5.60191e-9
1481289270,27454468.287052363,23800671.13067818,3653.797,4.01870e14,0.8202,-4.47609e6,2.22897e6,-5.59168e-9
1481289300,27436018.065652415,23792700.628936578,3643.317,4.00755e14,0.5406,-4.46153e6,2.22481e6,-5.58126e-9
1481289330,27417564.654315684,23784822.264007125,3632.742,4.04396e14,1.4540,-4.47332e6,2.22057e6,-5.57065e-9
1481289360,27399108.367727805,23777036.337666225,3622.072,3.99885e14,0.3222,-4.43955e6,2.21625e6,-5.55985e-9
1481289390,27380649.521896683,23769343.1486965,3611.306,3.99511e14,0.2284,-4.42869e6,2.21186e6,-5.54886e-9
1481289420,27362188.434161045,23761742.9928434,3600.445,4.04689e14,1.5274,-4.44843e6,2.20739e6,-5.53767e-9
1481289450,27343725.4231907,23754236.1627861,3589.489,4.02301e14,0.9284,-4.42608e6,2.20285e6,-5.52629e-9
1481289480,27325260.808986608,23746822.94810863,3578.438,4.00436e14,0.4605,-4.40652e6,2.19823e6,-5.51472e-9
1481289510,27306794.912880998,23739503.635271206,3567.291,4.00632e14,0.5097,-4.39819e6,2.19353e6,-5.50296e-9
1481289540,27288328.0575373,23732278.507581796,3556.050,4.04144e14,1.3906,-4.40790e6,2.18875e6,-5.49100e-9
1481289570,27269860.566949997,23725147.845167927,3544.713,4.03162e14,1.1444,-4.39276e6,2.18390e6,-5.47885e-9
1481289600,27251392.7664444,23718111.924948655,3533.281,4.01979e14,0.8477,-4.37639e6,2.17897e6,-5.46650e-9
1481289630,27232924.982679788,23711171.020606108,3521.754,4.04628e14,1.5122,-4.38078e6,2.17396e6,-5.45396e-9
1481289660,27214457.54363843,23704325.402560078,3510.132,4.04352e14,1.4429,-4.36904e6,2.16887e6,-5.44122e-9
1481289690,27195990.77863555,23697575.33793896,3498.415,4.01025e14,0.6084,-4.34058e6,2.16370e6,-5.42828e-9
1481289720,27177525.01831534,23690921.090553187,3486.604,3.98834e14,0.0585,-4.31821e6,2.15846e6,-5.41515e-9
1481289750,27159060.59465039,23684362.920868475,3474.698,4.00228e14,0.4084,-4.31510e6,2.15314e6,-5.40183e-9
1481289780,27140597.840940867,23677901.085979298,3462.697,3.97037e14,0.3922,-4.28709e6,2.14774e6,-5.38830e-9
1481289810,27122137.091813706,23671535.839582592,3450.601,3.98033e14,0.1424,-4.28152e6,2.14226e6,-5.37458e-9
1481289840,27103678.683221634,23665267.43195177,3438.411,4.00950e14,0.5895,-4.28606e6,2.13670e6,-5.36066e-9
1481289870,27085222.952442225,23659096.10991091,3426.127,4.02858e14,1.0681,-4.28496e6,2.13106e6,-5.34654e-9
1481289900,27066770.238076665,23653022.11680928,3413.748,4.01312e14,0.6803,-4.26523e6,2.12534e6,-5.33222e-9
1481289930,27048320.880052652,23647045.692480717,3401.275,3.95234e14,0.8445,-4.22129e6,2.11955e6,-5.31771e-9
1481289960,27029875.219610512,23641167.07326646,3388.708,3.96049e14,0.6402,-4.21392e6,2.11367e6,-5.30299e-9
1481289990,27011433.59931448,23635386.491942354,3376.047,3.98129e14,0.1184,-4.21305e6,2.10772e6,-5.28808e-9
1481290020,26992996.363047082,23629704.177710027,3363.292,3.98101e14,0.1253,-4.20086e6,2.10168e6,-5.27297e-9
1481290050,26974563.856007505,23624120.356172767,3350.443,4.01822e14,0.8083,-4.20821e6,2.09557e6,-5.25766e-9
1481290080,26956136.42470988,23618635.249311667,3337.501,3.99685e14,0.2721,-4.18458e6,2.08938e6,-5.24214e-9
1481290110,26937714.416981492,23613249.07546217,3324.465,4.01456e14,0.7164,-4.18129e6,2.08310e6,-5.22643e-9
1481290140,26919298.18196078,23607962.049290854,3311.336,4.05132e14,1.6387,-4.18770e6,2.07675e6,-5.21052e-9
1481290170,26900888.070095357,23602774.381772645,3298.114,3.96071e14,0.6346,-4.12767e6,2.07032e6,-5.19441e-9
1481290200,26882484.433139686,23597686.28016835,3284.798,3.96733e14,0.4684,-4.11813e6,2.06380e6,-5.17809e-9
1481290230,26864087.624148507,23592697.94803148,3271.390,3.98465e14,0.0340,-4.11392e6,2.05721e6,-5.16158e-9
1481290260,26845697.997488037,23587809.585097138,3257.888,3.97427e14,0.2943,-4.09525e6,2.05054e6,-5.14486e-9
1481290290,26827315.908819534,23583021.387350433,3244.295,3.95559e14,0.7630,-4.07219e6,2.04378e6,-5.12795e-9
1481290320,26808941.71510111,23578333.546976563,3230.608,3.90815e14,1.9533,-4.03434e6,2.03695e6,-5.11083e-9
1481290350,26790575.774584893,23573746.252340406,3216.830,3.99907e14,0.3278,-4.06697e6,2.03004e6,-5.09351e-9
1481290380,26772218.44681399,23569259.687966447,3202.959,4.04742e14,1.5407,-4.07751e6,2.02304e6,-5.07599e-9
1481290410,26753870.092619453,23564874.034519095,3188.996,3.93841e14,1.1940,-4.00813e6,2.01597e6,-5.05827e-9
1481290440,26735531.074116945,23560589.468783382,3174.942,3.93583e14,1.2589,-3.99261e6,2.00882e6,-5.04035e-9
1481290470,26717201.75470346,23556406.16364598,3160.796,4.01196e14,0.6512,-4.01648e6,2.00158e6,-5.02223e-9
1481290500,26698882.4990537,23552324.288076594,3146.558,3.96089e14,0.6300,-3.97626e6,1.99427e6,-5.00390e-9
1481290530,26680573.673113167,23548344.00707797,3132.230,3.95319e14,0.8232,-3.95769e6,1.98687e6,-4.98538e-9
1481290560,26662275.644104637,23544465.481766406,3117.810,3.98449e14,0.0380,-3.95835e6,1.97940e6,-4.96665e-9
1481290590,26643988.78051401,23540688.869255442,3103.300,4.00422e14,0.4569,-3.95302e6,1.97184e6,-4.94772e-9
1481290620,26625713.452089492,23537014.322670605,3088.699,4.02543e14,0.9892,-3.94818e6,1.96421e6,-4.92859e-9
1481290650,26607450.02983743,23533441.99113244,3074.008,3.97372e14,0.3083,-3.90729e6,1.95649e6,-4.90926e-9
1481290680,26589198.886017922,23529972.01974,3059.227,3.97874e14,0.1821,-3.89419e6,1.94869e6,-4.88973e-9
1481290710,26570960.394140404,23526604.54955477,3044.356,4.01254e14,0.6658,-3.89493e6,1.94082e6,-4.87000e-9
1481290740,26552734.92895898,23523339.717584874,3029.395,3.97685e14,0.2296,-3.86166e6,1.93286e6,-4.85007e-9
1481290770,26534522.866467662,23520177.65676981,3014.345,4.01483e14,0.7233,-3.86397e6,1.92483e6,-4.82993e-9
1481290800,26516324.583895504,23517118.495965596,2999.206,3.98923e14,0.0808,-3.83537e6,1.91671e6,-4.80960e-9
1481290830,26498140.45971497,23514162.359950334,2983.978,3.91032e14,1.8988,-3.78119e6,1.90852e6,-4.78906e-9
1481290860,26479970.873595465,23511309.369348302,2968.662,3.93229e14,1.3476,-3.77529e6,1.90024e6,-4.76833e-9
1481290890,26461816.20643935,23508559.640678693,2953.257,3.94694e14,0.9801,-3.76566e6,1.89189e6,-4.74740e-9
1481290920,26443676.840363316,23505913.286322456,2937.764,3.98932e14,0.0833,-3.76891e6,1.88345e6,-4.72626e-9
1481290950,26425553.15869275,23503370.414509762,2922.183,4.02455e14,0.9669,-3.76846e6,1.87494e6,-4.70493e-9
1481290980,26407445.545956124,23500931.129307944,2906.514,4.02702e14,1.0290,-3.75236e6,1.86635e6,-4.68340e-9
1481291010,26389354.38787918,23498595.530609973,2890.759,4.00757e14,0.5411,-3.72587e6,1.85767e6,-4.66167e-9
1481291040,26371280.07137894,23496363.71412324,2874.916,3.97303e14,0.3256,-3.69230e6,1.84892e6,-4.63974e-9
1481291070,26353222.98455752,23494235.771358915,2858.987,3.94133e14,1.1207,-3.66004e6,1.84009e6,-4.61761e-9
1481291100,26335183.516695853,23492211.78962172,2842.972,3.93674e14,1.2359,-3.64023e6,1.83118e6,-4.59528e-9
1481291130,26317162.05822747,23490291.851991564,2826.870,4.01553e14,0.7408,-3.65840e6,1.82219e6,-4.57276e-9
1481291160,26299159.000792712,23488476.03734099,2810.683,4.04777e14,1.5497,-3.65488e6,1.81313e6,-4.55004e-9
1481291190,26281174.737170786,23486764.420299366,2794.410,3.99663e14,0.2665,-3.61330e6,1.80398e6,-4.52712e-9
1481291220,26263209.6612925,23485157.071253203,2778.053,3.93355e14,1.3160,-3.56643e6,1.79476e6,-4.50401e-9
1481291250,26245264.1682328,23483654.05633826,2761.610,3.92538e14,1.5209,-3.54430e6,1.78546e6,-4.48070e-9
1481291280,26227338.654203292,23482255.437432084,2745.083,3.96750e14,0.4643,-3.54447e6,1.77608e6,-4.45719e-9
1481291310,26209433.516544696,23480961.27214699,2728.472,4.02358e14,0.9427,-3.55047e6,1.76662e6,-4.43349e-9
1481291340,26191549.153718818,23479771.61382359,2711.778,4.00649e14,0.5138,-3.52379e6,1.75709e6,-4.40960e-9
1481291370,26173685.96530065,23478686.51152475,2694.999,3.98626e14,0.0065,-3.49565e6,1.74748e6,-4.38551e-9
1481291400,26155844.351970162,23477706.01003004,2678.138,3.99048e14,0.1124,-3.47813e6,1.73779e6,-4.36123e-9
1481291430,26138024.715524606,23476830.149834324,2661.195,3.93116e14,1.3760,-3.43287e6,1.72802e6,-4.33675e-9
1481291460,26120227.458806165,23476058.96713186,2644.168,3.93118e14,1.3754,-3.41334e6,1.71818e6,-4.31208e-9
1481291490,26102452.985757362,23475392.49382378,2627.060,3.97313e14,0.3229,-3.41163e6,1.70826e6,-4.28722e-9
1481291520,26084701.70139157,23474830.75751072,2609.871,4.04323e14,1.4358,-3.42156e6,1.69826e6,-4.26217e-9
1481291550,26066974.011784125,23474373.781489737,2592.600,3.99937e14,0.3353,-3.38269e6,1.68819e6,-4.23693e-9
1481291580,26049270.32406321,23474021.584751688,2575.249,3.96572e14,0.5089,-3.34821e6,1.67804e6,-4.21149e-9
1481291610,26031591.046400767,23473774.18197918,2557.817,3.99658e14,0.2652,-3.34074e6,1.66782e6,-4.18587e-9
1481291640,26013936.588002857,23473631.58354485,2540.305,3.99696e14,0.2748,-3.32028e6,1.65752e6,-4.16006e-9
1481291670,25996307.359100204,23473593.795510292,2522.714,3.96821e14,0.4464,-3.28763e6,1.64715e6,-4.13406e-9
1481291700,25978703.770938292,23473660.81962534,2505.043,3.90708e14,1.9801,-3.24168e6,1.63670e6,-4.10787e-9
1481291730,25961126.23575251,23473832.6533286,2487.294,3.89316e14,2.3293,-3.21517e6,1.62618e6,-4.08150e-9
1481291760,25943575.16680399,23474109.289745778,2469.466,3.95128e14,0.8713,-3.21780e6,1.61558e6,-4.05494e-9
1481291790,25926050.978322886,23474490.71769223,2451.560,4.02700e14,1.0285,-3.22707e6,1.60491e6,-4.02819e-9
1481291820,25908554.085512698,23474976.92167371,2433.577,4.09266e14,2.6759,-3.23175e6,1.59417e6,-4.00126e-9
1481291850,25891084.904539295,23475567.88188814,2415.517,4.09711e14,2.7874,-3.21160e6,1.58335e6,-3.97415e-9
1481291880,25873643.85251989,23476263.574227788,2397.380,3.95763e14,0.7119,-3.13448e6,1.57246e6,-3.94685e-9
1481291910,25856231.347511686,23477063.970282022,2379.167,3.94247e14,1.0922,-3.10670e6,1.56150e6,-3.91937e-9
1481291940,25838847.808500346,23477969.0373405,2360.879,4.01478e14,0.7219,-3.11290e6,1.55047e6,-3.89171e-9
1481291970,25821493.655388292,23478978.73839682,2342.515,4.05796e14,1.8052,-3.10730e6,1.53936e6,-3.86386e-9
1481292000,25804169.30898281,23480093.032152638,2324.076,4.03488e14,1.2262,-3.07590e6,1.52818e6,-3.83584e-9
1481292030,25786875.190985724,23481311.873011358,2305.563,3.94986e14,0.9068,-3.02090e6,1.51693e6,-3.80764e-9
1481292060,25769611.72397524,23482635.211116973,2286.977,3.94458e14,1.0393,-2.99637e6,1.50561e6,-3.77926e-9
1481292090,25752379.33139957,23484062.99232589,2268.316,3.99804e14,0.3019,-2.99377e6,1.49422e6,-3.75071e-9
1481292120,25735178.437562156,23485595.158223793,2249.583,4.06291e14,1.9293,-2.99496e6,1.48276e6,-3.72197e-9
1481292150,25718009.467608776,23487231.646132056,2230.778,4.03924e14,1.3355,-2.96295e6,1.47123e6,-3.69307e-9
1481292180,25700872.847514406,23488972.38911465,2211.900,3.94957e14,0.9140,-2.90675e6,1.45963e6,-3.66399e-9
1481292210,25683769.004069977,23490817.315985575,2192.952,3.88826e14,2.4521,-2.86124e6,1.44796e6,-3.63473e-9
1481292240,25666698.3648688,23492766.351316676,2173.932,3.93606e14,1.2530,-2.85529e6,1.43622e6,-3.60530e-9
1481292270,25649661.358292896,23494819.41544596,2154.842,3.99134e14,0.1338,-2.85160e6,1.42442e6,-3.57570e-9
1481292300,25632658.41349903,23496976.424486432,2135.682,4.00538e14,0.4861,-2.83283e6,1.41254e6,-3.54594e-9
1481292330,25615689.96041899,23499237.290351924,2116.453,4.10777e14,3.0549,-2.84490e6,1.40060e6,-3.51600e-9
1481292360,25598756.429701254,23501601.92071584,2097.155,4.10631e14,3.0181,-2.82001e6,1.38860e6,-3.48589e-9
1481292390,25581858.252740275,23504070.219072487,2077.788,3.93654e14,1.2408,-2.73684e6,1.37652e6,-3.45562e-9
1481292420,25564995.861647766,23506642.08473138,2058.354,3.86816e14,2.9564,-2.68930e6,1.36438e6,-3.42518e-9
1481292450,25548169.68923784,23509317.412828464,2038.852,3.94968e14,0.9114,-2.69293e6,1.35218e6,-3.39458e-9
1481292480,25531380.16901196,23512096.094337862,2019.284,3.97977e14,0.1563,-2.67863e6,1.33991e6,-3.36381e-9
1481298030,23514162.359950334,25519663.505087223,2005.501,3.88832e14,2.4507,2.63180e6,-1.33229e6,3.34209e-9
1481298060,23511309.369348302,25536429.81339008,2025.120,3.90498e14,2.0328,2.66173e6,-1.34459e6,3.37298e-9
1481298090,23508559.640678693,25553233.09004978,2044.673,3.91768e14,1.7141,2.69029e6,-1.35682e6,3.40371e-9
1481298120,23505913.286322456,25570072.90080351,2064.160,3.97529e14,0.2688,2.73422e6,-1.36899e6,3.43427e-9
1481298150,23503370.414509762,25586948.812065784,2083.578,4.10953e14,3.0991,2.80491e6,-1.38110e6,3.46466e-9
1481298180,23500931.129307944,25603860.390943654,2102.929,4.00663e14,0.5174,2.79341e6,-1.39314e6,3.49490e-9
1481298210,23498595.530609973,25620807.20525186,2122.212,3.96166e14,0.6107,2.80158e6,-1.40511e6,3.52496e-9
1481298240,23496363.71412324,25637788.823527616,2141.425,3.99085e14,0.1216,2.83570e6,-1.41701e6,3.55485e-9
1481298270,23494235.771358915,25654804.815045267,2160.569,3.94559e14,1.0139,2.84318e6,-1.42885e6,3.58458e-9
1481298300,23492211.78962172,25671854.74983065,2179.643,3.95387e14,0.8061,2.86960e6,-1.44062e6,3.61413e-9
1481298330,23490291.851991564,25688938.198688414,2198.646,4.03426e14,1.2106,2.92221e6,-1.45232e6,3.64352e-9
1481298360,23488476.03734099,25706054.73317587,2217.579,4.05496e14,1.7299,2.95323e6,-1.46395e6,3.67273e-9
1481298390,23486764.420299366,25723203.925656803,2236.440,3.91064e14,1.8907,2.92314e6,-1.47551e6,3.70177e-9
1481298420,23485157.071253203,25740385.34930222,2255.228,3.88339e14,2.5743,2.93576e6,-1.48701e6,3.73063e-9
1481298450,23483654.05633826,25757598.578103833,2273.945,3.96773e14,0.4585,2.99003e6,-1.49843e6,3.75932e-9
1481298480,23482255.437432084,25774843.186887346,2292.588,4.00001e14,0.3514,3.02492e6,-1.50978e6,3.78783e-9
1481298510,23480961.27214699,25792118.751325548,2311.157,3.94954e14,0.9147,3.02828e6,-1.52107e6,3.81616e-9
1481298540,23479771.61382359,25809424.84795118,2329.653,3.92491e14,1.5328,3.04114e6,-1.53228e6,3.84432e-9
1481298570,23478686.51152475,25826761.054169625,2348.075,3.94375e14,1.0599,3.07056e6,-1.54342e6,3.87229e-9
1481298600,23477706.01003004,25844126.948271368,2366.421,3.94044e14,1.1431,3.09129e6,-1.55449e6,3.90009e-9
1481298630,23476830.149834324,25861522.109442066,2384.692,3.93782e14,1.2089,3.11214e6,-1.56548e6,3.92770e-9
1481298660,23476058.96713186,25878946.11778148,2402.887,3.99681e14,0.2711,3.15720e6,-1.57641e6,3.95514e-9
1481298690,23475392.49382378,25896398.55430859,2421.006,4.06530e14,1.9894,3.20622e6,-1.58726e6,3.98239e-9
1481298720,23474830.75751072,25913879.00097553,2439.048,4.06894e14,2.0807,3.22946e6,-1.59804e6,4.00946e-9
1481298750,23474373.781489737,25931387.040678907,2457.013,3.92098e14,1.6314,3.19138e6,-1.60874e6,4.03634e-9
1481298780,23474021.584751688,25948922.25727117,2474.901,3.89050e14,2.3959,3.20010e6,-1.61937e6,4.06304e-9
1481298810,23473774.18197918,25966484.235571608,2492.710,4.00752e14,0.5397,3.26882e6,-1.62993e6,4.08955e-9
1481298840,23473631.58354485,25984072.561377216,2510.441,4.00770e14,0.5443,3.28993e6,-1.64041e6,4.11588e-9
1481298870,23473593.795510292,26001686.82147333,2528.093,3.97530e14,0.2686,3.29740e6,-1.65082e6,4.14202e-9
1481298900,23473660.81962534,26019326.603644118,2545.666,3.97219e14,0.3465,3.31675e6,-1.66115e6,4.16797e-9
1481298930,23473832.6533286,26036991.496674478,2563.159,3.86450e14,3.0482,3.29208e6,-1.67141e6,4.19373e-9
1481298960,23474109.289745778,26054681.090385787,2580.572,3.88696e14,2.4848,3.32162e6,-1.68160e6,4.21931e-9
1481298990,23474490.71769223,26072394.975619912,2597.904,4.00721e14,0.5319,3.39264e6,-1.69170e6,4.24469e-9
1481299020,23474976.92167371,26090132.74425717,2615.156,3.97722e14,0.2204,3.39996e6,-1.70173e6,4.26988e-9
1481299050,23475567.88188814,26107893.98922577,2632.326,3.98929e14,0.0825,3.42505e6,-1.71169e6,4.29489e-9
1481299080,23476263.574227788,26125678.304511033,2649.415,3.93763e14,1.2136,3.42251e6,-1.72157e6,4.31970e-9
1481299110,23477063.970282022,26143485.28516445,2666.421,3.96651e14,0.4891,3.45455e6,-1.73137e6,4.34432e-9
1481299140,23477969.0373405,26161314.527312532,2683.345,3.96699e14,0.4771,3.47417e6,-1.74110e6,4.36874e-9
1481299170,23478978.73839682,26179165.62816553,2700.187,4.01550e14,0.7399,3.51475e6,-1.75075e6,4.39298e-9
1481299200,23480093.032152638,26197038.186025947,2716.945,4.02953e14,1.0920,3.54017e6,-1.76032e6,4.41701e-9
1481299230,23481311.873011358,26214931.80031373,2733.620,3.92267e14,1.5890,3.51182e6,-1.76981e6,4.44086e-9
1481299260,23482635.211116973,26232846.071522593,2750.211,4.00734e14,0.5353,3.56831e6,-1.77923e6,4.46451e-9
1481299290,23484062.99232589,26250780.601280037,2766.718,4.04006e14,1.3561,3.60173e6,-1.78857e6,4.48796e-9
1481299320,23485595.158223793,26268734.992338467,2783.140,4.02772e14,1.0464,3.61482e6,-1.79783e6,4.51122e-9
1481299350,23487231.646132056,26286708.848583072,2799.477,3.99406e14,0.2021,3.61803e6,-1.80701e6,4.53429e-9
1481299380,23488972.38911465,26304701.77503945,2815.729,3.95321e14,0.8227,3.61766e6,-1.81612e6,4.55715e-9
1481299410,23490817.315985575,26322713.37788108,2831.896,3.94087e14,1.1324,3.62999e6,-1.82514e6,4.57982e-9
1481299440,23492766.351316676,26340743.264436632,2847.977,3.92158e14,1.6163,3.63892e6,-1.83409e6,4.60229e-9
1481299470,23494819.41544596,26358791.04319713,2863.972,3.96149e14,0.6150,3.67498e6,-1.84296e6,4.62457e-9
1481299500,23496976.424486432,26376856.323822908,2879.880,4.02545e14,0.9896,3.72224e6,-1.85175e6,4.64664e-9
1481299530,23499237.290351924,26394938.717129014,2895.701,4.06465e14,1.9730,3.75805e6,-1.86046e6,4.66852e-9
1481299560,23501601.92071584,26413037.835157603,2911.436,4.03779e14,1.2993,3.76290e6,-1.86909e6,4.69020e-9
1481299590,23504070.219072487,26431153.291118655,2927.083,3.88821e14,2.4533,3.70965e6,-1.87765e6,4.71168e-9
1481299620,23506642.08473138,26449284.699417267,2942.643,3.82749e14,3.9768,3.69766e6,-1.88612e6,4.73296e-9
1481299650,23509317.412828464,26467431.675659616,2958.114,3.92176e14,1.6119,3.75893e6,-1.89452e6,4.75404e-9
1481299680,23512096.094337862,26485593.836658765,2973.498,3.98360e14,0.0603,3.80497e6,-1.90283e6,4.77492e-9
1481299710,23514978.0160841,26503770.80044025,2988.793,4.02535e14,0.9872,3.84147e6,-1.91106e6,4.79561e-9
1481299740,23517963.060754713,26521962.186247543,3003.999,4.00520e14,0.4815,3.84816e6,-1.91922e6,4.81609e-9
1481299770,23521051.106913283,26540167.614547323,3019.117,3.96043e14,0.6415,3.84271e6,-1.92730e6,4.83637e-9
1481299800,23524242.029013027,26558386.70703466,3034.145,3.94596e14,1.0046,3.85163e6,-1.93529e6,4.85645e-9
1481299830,23527535.697396565,26576619.086658444,3049.083,3.96951e14,0.4137,3.87887e6,-1.94321e6,4.87633e-9
1481299860,23530931.978353962,26594864.377563488,3063.932,4.02334e14,0.9368,3.92088e6,-1.95104e6,4.89601e-9
1481299890,23534430.73409366,26613122.205157816,3078.691,4.02254e14,0.9165,3.93607e6,-1.95880e6,4.91549e-9
1481299920,23538031.82277182,26631392.19609735,3093.360,3.96740e14,0.4667,3.92429e6,-1.96647e6,4.93477e-9
1481299950,23541735.09850784,26649673.97829044,3107.939,3.91747e14,1.7194,3.91472e6,-1.97407e6,4.95384e-9
1481299980,23545540.411400292,26667967.180902325,3122.427,3.95943e14,0.6668,3.95050e6,-1.98159e6,4.97272e-9
1481300010,23549447.607543346,26686271.434359558,3136.824,4.03855e14,1.3183,4.00482e6,-1.98902e6,4.99139e-9
1481300040,23553456.52904344,26704586.370354176,3151.130,3.99065e14,0.1164,3.99563e6,-1.99638e6,5.00986e-9
1481300070,23557567.014036525,26722911.621847797,3165.345,3.92450e14,1.5430,3.97694e6,-2.00365e6,5.02813e-9
1481300100,23561778.896705594,26741246.82307559,3179.468,3.97599e14,0.2512,4.01721e6,-2.01085e6,5.04620e-9
1481300130,23566092.007308383,26759591.60953562,3193.500,4.03445e14,1.2154,4.06104e6,-2.01796e6,5.06407e-9
1481300160,23570506.172165636,26777945.618036866,3207.439,4.01987e14,0.8497,4.06779e6,-2.02500e6,5.08174e-9
1481300190,23575021.21371024,26796308.48665868,3221.287,3.96718e14,0.4723,4.05490e6,-2.03195e6,5.09920e-9
1481300220,23579636.95049654,26814679.854768205,3235.043,3.93651e14,1.2418,4.05293e6,-2.03882e6,5.11647e-9
1481300250,23584353.197219897,26833059.36302358,3248.706,4.02013e14,0.8561,4.10936e6,-2.04562e6,5.13353e-9
1481300280,23589169.76473667,26851446.65337696,3262.277,4.01263e14,0.6680,4.11900e6,-2.05233e6,5.15039e-9
1481300310,23594086.460084535,26869841.369077384,3275.755,3.93059e14,1.3902,4.08993e6,-2.05897e6,5.16706e-9
1481300340,23599103.086503156,26888243.154673558,3289.140,3.93623e14,1.2487,4.10587e6,-2.06552e6,5.18352e-9
1481300370,23604219.443455223,26906651.656016413,3302.432,3.97914e14,0.1723,4.14106e6,-2.07200e6,5.19978e-9
1481300400,23609435.326647826,26925066.52026164,3315.631,4.01647e14,0.7642,4.17331e6,-2.07839e6,5.21583e-9
1481300430,23614750.52803939,26943487.39587792,3328.737,3.98519e14,0.0203,4.16964e6,-2.08471e6,5.23169e-9
1481300460,23620164.83590766,26961913.93263125,3341.749,3.98976e14,0.0943,4.18451e6,-2.09094e6,5.24735e-9
1481300490,23625678.03482576,26980345.781604763,3354.668,3.97210e14,0.3487,4.18754e6,-2.09710e6,5.26281e-9
1481300520,23631289.905699976,26998782.59519511,3367.493,3.98960e14,0.0901,4.20891e6,-2.10317e6,5.27807e-9
1481300550,23637000.22579268,27017224.027114466,3380.224,4.08612e14,2.5116,4.27200e6,-2.10917e6,5.29313e-9
1481300580,23642808.768745665,27035669.732392278,3392.861,3.99824e14,0.3069,4.23735e6,-2.11509e6,5.30799e-9
1481300610,23648715.304603804,27054119.36737709,3405.404,3.88414e14,2.5556,4.18831e6,-2.12092e6,5.32265e-9
1481300640,23654719.599839028,27072572.589738116,3417.853,3.97293e14,0.3279,4.24708e6,-2.12668e6,5.33711e-9
1481300670,23660821.417374596,27091029.058466807,3430.208,4.05299e14,1.6806,4.30127e6,-2.13236e6,5.35137e-9
1481300700,23667020.516609788,27109488.433878273,3442.468,4.02889e14,1.0758,4.29963e6,-2.13796e6,5.36544e-9
1481300730,23673316.65347453,27127950.377615146,3454.634,3.97377e14,0.3069,4.28110e6,-2.14348e6,5.37930e-9
1481300760,23679709.580362704,27146414.552640866,3466.705,3.97307e14,0.3244,4.29159e6,-2.14893e6,5.39297e-9
1481300790,23686199.046250205,27164880.623248965,3478.682,3.99280e14,0.1705,4.31298e6,-2.15429e6,5.40644e-9
1481300820,23692784.79669099,27183348.255061403,3490.563,4.01464e14,0.7184,4.33540e6,-2.15958e6,5.41972e-9
1481300850,23699466.57384338,27201817.115029573,3502.351,3.99113e14,0.1285,4.33308e6,-2.16478e6,5.43279e-9
1481300880,23706244.11649664,27220286.87143507,3514.043,3.95923e14,0.6718,4.32598e6,-2.16991e6,5.44567e-9
1481300910,23713117.160097882,27238757.19389052,3525.640,4.01359e14,0.6920,4.36573e6,-2.17497e6,5.45836e-9
1481300940,23720085.436779086,27257227.753340133,3537.142,3.99958e14,0.3406,4.36805e6,-2.17994e6,5.47085e-9
1481300970,23727148.67538444,27275698.222060315,3548.550,4.00648e14,0.5136,4.38164e6,-2.18484e6,5.48314e-9
1481301000,23734306.601497892,27294168.273660045,3559.862,3.98598e14,0.0006,4.38004e6,-2.18965e6,5.49524e-9
1481301030,23741558.937424902,27312637.583074328,3571.079,3.95080e14,0.8832,4.37016e6,-2.19439e6,5.50715e-9
1481301060,23748905.402362417,27331105.82658583,3582.200,3.98395e14,0.0515,4.39774e6,-2.19906e6,5.51886e-9
1481301090,23756345.71228442,27349572.681803465,3593.227,3.98587e14,0.0034,4.40798e6,-2.20364e6,5.53037e-9
1481301120,23763879.580016106,27368037.827669375,3604.158,3.95604e14,0.7517,4.40047e6,-2.20815e6,5.54170e-9
1481301150,23771506.715262216,27386500.944458872,3614.994,3.97017e14,0.3971,4.41716e6,-2.21259e6,5.55283e-9
1481301180,23779226.824635427,27404961.713780146,3625.735,3.94728e14,0.9715,4.41312e6,-2.21694e6,5.56377e-9
1481301210,23787039.611685,27423419.8185741,3636.380,3.90749e14,1.9697,4.39946e6,-2.22123e6,5.57452e-9
1481301240,23794944.776925664,27441874.94311389,3646.930,3.99536e14,0.2346,4.45687e6,-2.22543e6,5.58507e-9
1481301270,23802942.017866626,27460326.77300452,3657.385,4.04443e14,1.4656,4.49259e6,-2.22956e6,5.59544e-9
1481301300,23811031.02904086,27478774.995182294,3667.744,3.97884e14,0.1798,4.46399e6,-2.23361e6,5.60562e-9
1481301330,23819211.502087604,27497219.297917884,3678.008,3.95344e14,0.8170,4.45768e6,-2.23759e6,5.61560e-9
1481301360,23827483.12561841,27515659.370804317,3688.176,4.01174e14,0.6457,4.49826e6,-2.24149e6,5.62540e-9
1481301390,23835845.585411217,27534094.90476757,3698.249,3.96357e14,0.5629,4.47879e6,-2.24532e6,5.63501e-9
1481301420,23844298.56438764,27552525.592062093,3708.227,3.95387e14,0.8061,4.48081e6,-2.24907e6,5.64443e-9
1481301450,23852841.74264357,27570951.126269925,3718.109,4.00616e14,0.5056,4.51770e6,-2.25275e6,5.65367e-9
1481301480,23861474.797479942,27589371.202299777,3727.896,3.98177e14,0.1062,4.51112e6,-2.25635e6,5.66272e-9
1481301510,23870197.403433695,27607785.51638603,3737.588,3.99687e14,0.2725,4.52674e6,-2.25988e6,5.67158e-9
1481301540,23879009.232308824,27626193.76608764,3747.185,4.01895e14,0.8267,4.54621e6,-2.26334e6,5.68025e-9
1481301570,23887909.953207623,27644595.650287054,3756.686,3.96048e14,0.6403,4.51974e6,-2.26672e6,5.68874e-9
1481301600,23896899.23256192,27662990.869188946,3766.092,3.95763e14,0.7117,4.52471e6,-2.27003e6,5.69705e-9
1481301630,23905976.73411885,27681379.124323882,3775.402,4.04126e14,1.3861,4.57887e6,-2.27327e6,5.70518e-9
1481301660,23915142.119113427,27699760.11853196,3784.618,4.01405e14,0.7035,4.56970e6,-2.27643e6,5.71312e-9
1481301690,23924395.04615862,27718133.555976547,3793.739,3.97568e14,0.2589,4.55396e6,-2.27952e6,5.72087e-9
1481301720,23933735.17132239,27736499.14213792,3802.764,4.01514e14,0.7308,4.58259e6,-2.28254e6,5.72845e-9
1481301750,23943162.148159254,27754856.583811823,3811.694,3.97927e14,0.1688,4.56793e6,-2.28548e6,5.73585e-9
1481301780,23952675.62774168,27773205.589107912,3820.530,3.95365e14,0.8117,4.55896e6,-2.28836e6,5.74306e-9
1481301810,23962275.258691702,27791545.86744817,3829.271,3.96039e14,0.6427,4.56842e6,-2.29116e6,5.75010e-9
1481301840,23971960.687212493,27809877.129565176,3837.916,4.00624e14,0.5077,4.60027e6,-2.29389e6,5.75696e-9
1481301870,23981731.557120092,27828199.08750043,3846.468,4.00726e14,0.5333,4.60619e6,-2.29655e6,5.76363e-9
1481301900,23991587.50987515,27846511.454602484,3854.924,3.98785e14,0.0463,4.60019e6,-2.29914e6,5.77014e-9
1481301930,24001528.18464138,27864813.945515614,3863.286,4.01655e14,0.7664,4.62181e6,-2.30166e6,5.77646e-9
1481301960,24011553.2182353,27883106.27620715,3871.553,4.01028e14,0.6091,4.62310e6,-2.30411e6,5.78261e-9
1481301990,24021662.245240603,27901388.163936075,3879.726,3.94813e14,0.9502,4.59190e6,-2.30649e6,5.78858e-9
1481302020,24031854.89801372,27919659.327260397,3887.804,4.00527e14,0.4833,4.62961e6,-2.30880e6,5.79438e-9
1481302050,24042130.80671606,27937919.486034937,3895.789,4.05825e14,1.8124,4.66483e6,-2.31104e6,5.80001e-9
1481302080,24052489.59934628,27956168.361409105,3903.679,3.94891e14,0.9306,4.60574e6,-2.31322e6,5.80546e-9
1481302110,24062930.901772693,27974405.675824556,3911.475,3.93071e14,1.3871,4.59936e6,-2.31532e6,5.81074e-9
1481302140,24073454.337765608,27992631.153012823,3919.177,3.99085e14,0.1216,4.63837e6,-2.31736e6,5.81584e-9
1481302170,24084059.529029787,28010844.517992932,3926.785,3.99177e14,0.1447,4.64285e6,-2.31932e6,5.82078e-9
1481302200,24094746.09523681,28029045.497068852,3934.299,3.95188e14,0.8560,4.62341e6,-2.32122e6,5.82555e-9
1481302230,24105513.654056292,28047233.817830916,3941.720,3.96511e14,0.5241,4.63477e6,-2.32306e6,5.83015e-9
1481302260,24116361.821192354,28065409.209141318,3949.047,4.00759e14,0.5416,4.66308e6,-2.32482e6,5.83457e-9
1481302290,24127290.21041194,28083571.40114348,3956.281,3.98061e14,0.1353,4.65073e6,-2.32652e6,5.83884e-9
1481302320,24138298.433578588,28101720.125255566,3963.422,3.95692e14,0.7296,4.64015e6,-2.32815e6,5.84293e-9
1481302350,24149386.100684818,28119855.11416782,3970.469,3.95840e14,0.6926,4.64414e6,-2.32972e6,5.84686e-9
1481302380,24160552.819884494,28137976.10183989,3977.423,3.95142e14,0.8676,4.64305e6,-2.33122e6,5.85062e-9
1481302410,24171798.19752523,28156082.823498126,3984.285,4.02979e14,1.0984,4.69178e6,-2.33265e6,5.85422e-9
1481302440,24183121.838180587,28174175.015632827,3991.053,4.08161e14,2.3986,4.72489e6,-2.33402e6,5.85766e-9
1481302470,24194523.34468239,28192252.415995426,3997.729,4.01454e14,0.7160,4.68822e6,-2.33533e6,5.86093e-9
1481302500,24206002.31815289,28210314.763595693,4004.312,3.97133e14,0.3682,4.66537e6,-2.33657e6,5.86404e-9
1481302530,24217558.35801714,28228361.798706524,4010.803,3.97799e14,0.2009,4.67163e6,-2.33775e6,5.86699e-9
1481302560,24229191.062096007,28246393.262837555,4017.202,3.97712e14,0.2228,4.67334e6,-2.33886e6,5.86978e-9
1481302590,24240900.02657713,28264408.89875586,4023.509,3.97386e14,0.3047,4.67352e6,-2.33991e6,5.87241e-9
1481302620,24252684.8460664,28282408.450475335,4029.724,4.03375e14,1.1978,4.71067e6,-2.34089e6,5.87488e-9
1481302650,24264545.113619786,28300391.663253844,4035.847,4.05888e14,1.8283,4.72730e6,-2.34182e6,5.87719e-9
1481302680,24276480.420774862,28318358.283590235,4041.878,3.97472e14,0.2831,4.67955e6,-2.34268e6,5.87935e-9
1481302710,24288490.35758254,28336308.059221383,4047.818,3.97703e14,0.2251,4.68251e6,-2.34348e6,5.88135e-9
1481302740,24300574.512638446,28354240.739119127,4053.666,3.99172e14,0.1434,4.69262e6,-2.34421e6,5.88320e-9
1481302770,24312732.473114435,28372156.073487192,4059.424,3.93879e14,1.1844,4.66282e6,-2.34489e6,5.88489e-9
1481302800,24324963.82478994,28390053.81375809,4065.090,3.96468e14,0.5351,4.67928e6,-2.34550e6,5.88643e-9
1481302830,24337268.15211153,28407933.71257674,4070.666,3.99693e14,0.2741,4.69937e6,-2.34606e6,5.88781e-9
1481302860,24349645.03813686,28425795.52383801,4076.150,3.96095e14,0.6286,4.67917e6,-2.34655e6,5.88905e-9
1481302890,24362094.064653367,28443639.0026427,4081.545,3.98869e14,0.0674,4.69637e6,-2.34698e6,5.89013e-9
1481302920,24374614.812181175,28461463.905307308,4086.849,4.03661e14,1.2695,4.72535e6,-2.34736e6,5.89106e-9
1481302950,24387206.860004246,28479269.989360653,4092.063,4.02345e14,0.9393,4.71823e6,-2.34767e6,5.89185e-9
1481302980,24399869.78620142,28497057.01354041,4097.187,4.00518e14,0.4811,4.70797e6,-2.34793e6,5.89248e-9
1481303010,24412603.167677376,28514824.73778964,4102.222,3.97497e14,0.2769,4.69056e6,-2.34812e6,5.89297e-9
1481303040,24425406.580193467,28532572.923253268,4107.166,3.94019e14,1.1495,4.67034e6,-2.34826e6,5.89331e-9
1481303070,24438279.59839845,28550301.33227455,4112.022,3.96818e14,0.4472,4.68700e6,-2.34834e6,5.89351e-9
1481303100,24451221.79585905,28568009.72839144,4116.788,4.01328e14,0.6844,4.71362e6,-2.34837e6,5.89356e-9
1481303130,24464232.745069776,28585697.87633935,4121.465,4.00697e14,0.5260,4.70983e6,-2.34833e6,5.89347e-9
1481303160,24477312.017547075,28603365.54202826,4126.054,3.97897e14,0.1764,4.69315e6,-2.34824e6,5.89324e-9
1481303190,24490459.183795333,28621012.49255831,4130.553,4.01688e14,0.7747,4.71519e6,-2.34809e6,5.89286e-9
1481303220,24503673.813357472,28638638.49620999,4134.965,3.99872e14,0.3191,4.70408e6,-2.34789e6,5.89235e-9
1481303250,24516955.47484481,28656243.322440527,4139.288,3.96452e14,0.5391,4.68340e6,-2.34763e6,5.89169e-9
1481303280,24530303.73596651,28673826.741880275,4143.523,4.00755e14,0.5405,4.70812e6,-2.34732e6,5.89089e-9
1481303310,24543718.163559094,28691388.52632916,4147.670,4.03017e14,1.1081,4.72070e6,-2.34695e6,5.88996e-9
1481303340,24557198.323615592,28708928.448752936,4151.730,4.00918e14,0.5815,4.70749e6,-2.34652e6,5.88889e-9
1481303370,24570743.781314738,28726446.283279642,4155.703,3.97076e14,0.3826,4.68390e6,-2.34605e6,5.88768e-9
1481303400,24584354.101049844,28743941.805195905,4159.588,3.96980e14,0.4066,4.68227e6,-2.34551e6,5.88634e-9
1481303430,24598028.846463975,28761414.79095096,4163.386,3.99370e14,0.1932,4.69517e6,-2.34493e6,5.88486e-9
1481303460,24611767.580458734,28778865.018129334,4167.097,3.98565e14,0.0090,4.68914e6,-2.34429e6,5.88325e-9
1481303490,24625569.86524282,28796292.265470996,4170.722,3.96640e14,0.4917,4.67644e6,-2.34360e6,5.88150e-9
1481303520,24639435.262353804,28813696.312859982,4174.261,3.96903e14,0.4258,4.67649e6,-2.34285e6,5.87963e-9
1481303550,24653363.33268628,28831076.94132077,4177.714,3.98723e14,0.0308,4.68560e6,-2.34205e6,5.87762e-9
1481303580,24667353.6365198,28848433.933014605,4181.080,4.01090e14,0.6246,4.69780e6,-2.34121e6,5.87548e-9
1481303610,24681405.73354678,28865767.071235884,4184.361,3.98190e14,0.1030,4.67896e6,-2.34031e6,5.87322e-9
1481303640,24695519.182900004,28883076.14040833,4187.557,3.96767e14,0.4601,4.66870e6,-2.33935e6,5.87082e-9
1481303670,24709693.543180216,28900360.926081404,4190.667,3.99266e14,0.1669,4.68137e6,-2.33835e6,5.86830e-9
1481303700,24723928.37248329,28917621.21492645,4193.693,3.95835e14,0.6938,4.65913e6,-2.33730e6,5.86566e-9
1481303730,24738223.228431396,28934856.79471687,4196.634,3.95517e14,0.7734,4.65507e6,-2.33620e6,5.86288e-9
1481303760,24752577.668187663,28952067.45437415,4199.490,3.97804e14,0.1997,4.66618e6,-2.33505e6,5.85999e-9
1481303790,24766991.24849496,28969252.98391395,4202.262,3.98383e14,0.0546,4.66716e6,-2.33385e6,5.85696e-9
1481303820,24781463.5256986,28986413.17445837,4204.950,3.97708e14,0.2239,4.66071e6,-2.33260e6,5.85382e-9
1481303850,24795994.05577277,29003547.818232007,4207.554,3.96031e14,0.6445,4.64830e6,-2.33130e6,5.85055e-9
1481303880,24810582.394346636,29020656.708557937,4210.074,3.99584e14,0.2467,4.66639e6,-2.32995e6,5.84717e-9
1481303910,24825228.096730445,29037739.639853746,4212.512,3.98057e14,0.1363,4.65467e6,-2.32856e6,5.84366e-9
1481303940,24839930.71794127,29054796.407627493,4214.866,4.01212e14,0.6553,4.67021e6,-2.32712e6,5.84004e-9
1481303970,24854689.812728602,29071826.80847367,4217.137,4.05085e14,1.6269,4.68983e6,-2.32563e6,5.83629e-9
1481304000,24869504.935599852,29088830.64006925,4219.326,3.97041e14,0.3912,4.63981e6,-2.32410e6,5.83243e-9
1481304030,24884375.64083859,29105807.70118405,4221.432,3.93507e14,1.2778,4.61605e6,-2.32251e6,5.82845e-9
1481304060,24899301.482550643,29122757.79163204,4223.456,3.98108e14,0.1236,4.63961e6,-2.32089e6,5.82436e-9
1481304090,24914282.014667958,29139680.712312285,4225.399,4.01806e14,0.8043,4.65779e6,-2.31921e6,5.82015e-9
1481304120,24929316.790979832,29156576.265190385,4227.259,3.99736e14,0.2849,4.64229e6,-2.31750e6,5.81583e-9
1481304150,24944405.36515731,29173444.253294587,4229.039,3.98075e14,0.1318,4.62911e6,-2.31573e6,5.81140e-9
1481304180,24959547.290777206,29190284.48071188,4230.737,3.99744e14,0.2870,4.63518e6,-2.31393e6,5.80686e-9
1481304210,24974742.121346127,29207096.752584066,4232.355,3.98873e14,0.0684,4.62641e6,-2.31207e6,5.80220e-9
1481304240,24989989.410324052,29223880.87510383,4233.891,3.99367e14,0.1924,4.62548e6,-2.31018e6,5.79743e-9
1481304270,25005288.711147875,29240636.65551079,4235.348,3.99237e14,0.1597,4.62084e6,-2.30824e6,5.79256e-9
1481304300,25020639.577254627,29257363.902087633,4236.724,3.94654e14,0.9900,4.59035e6,-2.30626e6,5.78757e-9
1481304330,25036041.562114056,29274062.424147137,4238.021,3.93499e14,1.2799,4.57963e6,-2.30423e6,5.78248e-9
1481304360,25051494.2192223,29290732.032056056,4239.238,3.95229e14,0.8458,4.58552e6,-2.30217e6,5.77729e-9
1481304390,25066997.10215358,29307372.537203223,4240.375,3.98341e14,0.0652,4.59927e6,-2.30006e6,5.77198e-9
1481304420,25082549.764573332,29323983.75200456,4241.434,3.98788e14,0.0470,4.59755e6,-2.29791e6,5.76658e-9
1481304450,25098151.760260433,29340565.48989914,4242.414,4.00400e14,0.4516,4.60245e6,-2.29571e6,5.76107e-9
1481304480,25113802.64312923,29357117.565345112,4243.315,4.01306e14,0.6787,4.60318e6,-2.29348e6,5.75545e-9
1481304510,25129501.967251413,29373639.79381575,4244.138,3.99626e14,0.2574,4.58895e6,-2.29121e6,5.74974e-9
1481304540,25145249.28687756,29390131.991795443,4244.883,3.97390e14,0.3036,4.57147e6,-2.28889e6,5.74392e-9
1481304570,25161044.156458516,29406593.97677564,4245.550,4.02681e14,1.0237,4.59712e6,-2.28654e6,5.73800e-9
1481304600,25176886.130666576,29423025.56725091,4246.139,4.06979e14,2.1021,4.61694e6,-2.28414e6,5.73198e-9
1481304630,25192774.764401052,29439426.582722086,4246.652,4.01291e14,0.6750,4.57945e6,-2.28171e6,5.72587e-9
1481304660,25208709.61285611,29455796.84367006,4247.087,4.01187e14,0.6489,4.57389e6,-2.27924e6,5.71965e-9
1481304690,25224690.23149412,29472136.171574153,4247.446,4.01746e14,0.7892,4.57204e6,-2.27673e6,5.71334e-9
1481304720,25240716.17608104,29488444.388900943,4247.728,3.96616e14,0.4978,4.53764e6,-2.27418e6,5.70694e-9
1481304750,25256787.00270623,29504721.319100317,4247.934,3.93264e14,1.3388,4.51337e6,-2.27159e6,5.70044e-9
1481304780,25272902.267802175,29520966.78660153,4248.065,3.94308e14,1.0768,4.51410e6,-2.26897e6,5.69384e-9
1481304810,25289061.528163947,29537180.616809256,4248.119,3.94625e14,0.9974,4.51060e6,-2.26631e6,5.68715e-9
1481304840,25305264.340968423,29553362.636099674,4248.098,4.00256e14,0.4153,4.53721e6,-2.26361e6,5.68037e-9
1481304870,25321510.263793267,29569512.671816558,4248.002,4.04229e14,1.4122,4.55427e6,-2.26088e6,5.67350e-9
1481304900,25337798.85463578,29585630.552267205,4247.832,3.98548e14,0.0132,4.51649e6,-2.25810e6,5.66654e-9
1481304930,25354129.6719525,29601716.10670978,4247.586,3.98368e14,0.0583,4.50985e6,-2.25530e6,5.65948e-9
1481304960,25370502.27461281,29617769.165376678,4247.267,3.98233e14,0.0922,4.50340e6,-2.25246e6,5.65234e-9
1481304990,25386916.22198185,29633789.559443045,4246.873,3.95540e14,0.7679,4.48244e6,-2.24958e6,5.64511e-9
1481305020,25403371.073917706,29649777.121031754,4246.406,3.97978e14,0.1562,4.49038e6,-2.24667e6,5.63779e-9
1481305050,25419866.390789326,29665731.683209337,4245.865,3.99821e14,0.3062,4.49486e6,-2.24372e6,5.63038e-9
1481305080,25436401.73349419,29681653.07998193,4245.251,3.94961e14,0.9130,4.46156e6,-2.24074e6,5.62289e-9
1481305110,25452976.663475737,29697541.146291338,4244.564,3.97480e14,0.2810,4.46970e6,-2.23772e6,5.61531e-9
1481305140,25469590.74274068,29713395.71801104,4243.805,4.01264e14,0.6683,4.48482e6,-2.23467e6,5.60765e-9
1481305170,25486243.53387601,29729216.631942097,4242.973,3.97713e14,0.2226,4.45875e6,-2.23159e6,5.59991e-9
1481305200,25502934.600065738,29745003.72580926,4242.069,3.99909e14,0.3282,4.46480e6,-2.22848e6,5.59208e-9
1481305230,25519663.505087223,29760756.838265907,4241.093,3.97347e14,0.3145,4.44418e6,-2.22533e6,5.58417e-9
1481305260,25536429.81339008,29776475.808862433,4240.046,3.96026e14,0.6458,4.43047e6,-2.22215e6,5.57618e-9
1481305290,25553233.09004978,29792160.478070054,4238.927,4.01056e14,0.6161,4.45207e6,-2.21894e6,5.56811e-9
1481305320,25570072.90080351,29807810.68726788,4237.738,3.95572e14,0.7597,4.41506e6,-2.21570e6,5.55996e-9
1481305350,25586948.812065784,29823426.27873916,4236.477,3.92077e14,1.6365,4.38913e6,-2.21242e6,5.55174e-9
1481305380,25603860.390943654,29839007.0956673,4235.147,4.00899e14,0.5766,4.43147e6,-2.20912e6,5.54343e-9
1481305410,25620807.20525186,29854552.982132155,4233.746,3.99533e14,0.2339,4.41721e6,-2.20578e6,5.53505e-9
1481305440,25637788.823527616,29870063.7831061,4232.275,3.96822e14,0.4462,4.39548e6,-2.20241e6,5.52659e-9
1481305470,25654804.815045267,29885539.344450247,4230.735,4.00259e14,0.4161,4.40767e6,-2.19902e6,5.51805e-9
1481305500,25671854.74983065,29900979.512910668,4229.125,3.98500e14,0.0252,4.39110e6,-2.19559e6,5.50944e-9
1481305530,25688938.198688414,29916384.136109598,4227.446,3.96336e14,0.5682,4.37228e6,-2.19213e6,5.50076e-9
1481305560,25706054.73317587,29931753.06255689,4225.698,3.98956e14,0.0892,4.37972e6,-2.18865e6,5.49200e-9
1481305590,25723203.925656803,29947086.141630936,4223.882,4.02372e14,0.9462,4.39141e6,-2.18513e6,5.48318e-9
1481305620,25740385.34930222,29962383.223579846,4221.998,4.01631e14,0.7604,4.38023e6,-2.18159e6,5.47428e-9
1481305650,25757598.578103833,29977644.15951759,4220.046,4.01141e14,0.6373,4.37038e6,-2.17802e6,5.46530e-9
1481305680,25774843.186887346,29992868.80142017,4218.026,3.98859e14,0.0648,4.35070e6,-2.17442e6,5.45626e-9
1481305710,25792118.751325548,30008057.00212191,4215.938,3.98260e14,0.0854,4.34018e6,-2.17080e6,5.44715e-9
1481305740,25809424.84795118,30023208.61531156,4213.784,4.00152e14,0.3893,4.34316e6,-2.16714e6,5.43797e-9
1481305770,25826761.054169625,30038323.495528586,4211.562,3.96839e14,0.4420,4.31779e6,-2.16346e6,5.42872e-9
1481305800,25844126.948271368,30053401.498159334,4209.275,3.98953e14,0.0885,4.32184e6,-2.15975e6,5.41941e-9
1481305830,25861522.109442066,30068442.479432195,4206.920,4.01989e14,0.8501,4.33079e6,-2.15602e6,5.41003e-9
1481305860,25878946.11778148,30083446.296417143,4204.500,3.96190e14,0.6047,4.29191e6,-2.15226e6,5.40058e-9
1481305890,25896398.55430859,30098412.80701874,4202.014,3.89793e14,2.2096,4.24987e6,-2.14847e6,5.39106e-9
1481305920,25913879.00097553,30113341.86997336,4199.463,3.91306e14,1.8300,4.25047e6,-2.14466e6,5.38149e-9
1481305950,25931387.040678907,30128233.344845507,4196.846,3.98945e14,0.0864,4.28389e6,-2.14082e6,5.37185e-9
1481305980,25948922.25727117,30143087.092024006,4194.165,4.00734e14,0.5352,4.28575e6,-2.13696e6,5.36214e-9
1481306010,25966484.235571608,30157902.972718332,4191.419,3.97058e14,0.3869,4.25828e6,-2.13307e6,5.35238e-9
1481306040,25984072.561377216,30172680.84895489,4188.608,3.97717e14,0.2215,4.25398e6,-2.12916e6,5.34255e-9
1481306070,26001686.82147333,30187420.58357324,4185.734,4.01025e14,0.6083,4.26375e6,-2.12522e6,5.33266e-9
1481306100,26019326.603644118,30202122.040222466,4182.795,3.96035e14,0.6436,4.22924e6,-2.12126e6,5.32271e-9
1481306130,26036991.496674478,30216785.083362974,4179.794,3.99961e14,0.3414,4.24216e6,-2.11728e6,5.31271e-9
1481306160,26054681.090385787,30231409.57824594,4176.728,4.03255e14,1.1678,4.25159e6,-2.11327e6,5.30264e-9
1481306190,26072394.975619912,30245995.390926506,4173.600,3.98204e14,0.0994,4.21674e6,-2.10924e6,5.29251e-9
1481306220,26090132.74425717,30260542.388254758,4170.410,4.00824e14,0.5579,4.22248e6,-2.10519e6,5.28233e-9
1481306250,26107893.98922577,30275050.437872093,4167.156,3.99752e14,0.2890,4.20864e6,-2.10111e6,5.27209e-9
1481306280,26125678.304511033,30289519.408207715,4163.841,4.03616e14,1.2582,4.22076e6,-2.09701e6,5.26180e-9
1481306310,26143485.28516445,30303949.168475047,4160.464,4.07442e14,2.2183,4.23256e6,-2.09289e6,5.25145e-9
1481306340,26161314.527312532,30318339.588668164,4157.025,4.02070e14,0.8705,4.19602e6,-2.08875e6,5.24104e-9
1481306370,26179165.62816553,30332690.53955829,4153.525,3.92702e14,1.4797,4.13865e6,-2.08459e6,5.23058e-9
1481306400,26197038.186025947,30347001.892690267,4149.964,3.96109e14,0.6251,4.14812e6,-2.08040e6,5.22007e-9
1481306430,26214931.80031373,30361273.520371508,4146.342,4.01855e14,0.8164,4.16966e6,-2.07619e6,5.20950e-9
1481306460,26232846.071522593,30375505.29569169,4142.659,3.96552e14,0.5139,4.13360e6,-2.07197e6,5.19889e-9
1481306490,26250780.601280037,30389697.092496082,4138.916,3.96672e14,0.4837,4.12574e6,-2.06772e6,5.18822e-9
1481306520,26268734.992338467,30403848.785389468,4135.114,3.99620e14,0.2558,4.13248e6,-2.06345e6,5.17750e-9
1481306550,26286708.848583072,30417960.249732655,4131.251,4.00307e14,0.4281,4.12744e6,-2.05916e6,5.16672e-9
1481306580,26304701.77503945,30432031.361638904,4127.330,3.99774e14,0.2944,4.11605e6,-2.05486e6,5.15590e-9
1481306610,26322713.37788108,30446061.997970536,4123.349,4.00441e14,0.4617,4.11081e6,-2.05053e6,5.14503e-9
1481306640,26340743.264436632,30460052.03633536,4119.309,4.00300e14,0.4263,4.10137e6,-2.04618e6,5.13412e-9
1481306670,26358791.04319713,30474001.355083212,4115.210,4.00672e14,0.5197,4.09452e6,-2.04181e6,5.12315e-9
1481306700,26376856.323822908,30487909.833302516,4111.054,4.01219e14,0.6571,4.08852e6,-2.03743e6,5.11214e-9
1481306730,26394938.717129014,30501777.350826953,4106.839,3.97024e14,0.3955,4.05828e6,-2.03303e6,5.10108e-9
1481306760,26413037.835157603,30515603.788200885,4102.566,3.99346e14,0.1871,4.06126e6,-2.02860e6,5.08997e-9
1481306790,26431153.291118655,30529389.026707135,4098.236,4.03475e14,1.2229,4.07334e6,-2.02416e6,5.07882e-9
1481306820,26449284.699417267,30543132.94835361,4093.848,3.96165e14,0.6111,4.02732e6,-2.01971e6,5.06762e-9
1481306850,26467431.675659616,30556835.435869925,4089.404,3.97899e14,0.1759,4.02716e6,-2.01523e6,5.05638e-9
1481306880,26485593.836658765,30570496.37270414,4084.903,4.02812e14,1.0566,4.04296e6,-2.01074e6,5.04510e-9
1481306910,26503770.80044025,30584115.643019527,4080.345,3.93845e14,1.1931,3.98875e6,-2.00623e6,5.03377e-9
1481306940,26521962.186247543,30597693.131691232,4075.731,3.92189e14,1.6086,3.97143e6,-2.00170e6,5.02240e-9
1481306970,26540167.614547323,30611228.72430306,4071.061,3.94274e14,1.0855,3.97286e6,-1.99716e6,5.01099e-9
1481307000,26558386.70703466,30624722.307144124,4066.336,3.96571e14,0.5090,3.97527e6,-1.99260e6,4.99953e-9
1481307030,26576619.086658444,30638173.767190576,4061.555,4.03066e14,1.1203,3.99853e6,-1.98802e6,4.98804e-9
1481307060,26594864.377563488,30651582.99214895,4056.719,3.96928e14,0.4196,3.95874e6,-1.98343e6,4.97650e-9
1481307090,26613122.205157816,30664949.87040625,4051.828,3.95724e14,0.7216,3.94356e6,-1.97882e6,4.96493e-9
1481307120,26631392.19609735,30678274.29104167,4046.882,4.02287e14,0.9248,3.96684e6,-1.97419e6,4.95331e-9
1481307150,26649673.97829044,30691556.14382327,4041.882,4.00544e14,0.4877,3.94891e6,-1.96955e6,4.94166e-9
1481307180,26667967.180902325,30704795.319204684,4036.828,3.96548e14,0.5149,3.91987e6,-1.96490e6,4.92997e-9
1481307210,26686271.434359558,30717991.70832183,4031.720,3.95597e14,0.7535,3.90587e6,-1.96023e6,4.91824e-9
1481307240,26704586.370354176,30731145.202989545,4026.559,3.94257e14,1.0898,3.88995e6,-1.95554e6,4.90647e-9
1481307270,26722911.621847797,30744255.695698418,4021.344,3.95673e14,0.7344,3.88753e6,-1.95084e6,4.89467e-9
1481307300,26741246.82307559,30757323.079611443,4016.076,3.98569e14,0.0079,3.89227e6,-1.94613e6,4.88283e-9
1481307330,26759591.60953562,30770347.248581093,4010.756,4.00099e14,0.3758,3.89026e6,-1.94140e6,4.87096e-9
1481307360,26777945.618036866,30783328.097083814,4005.382,4.00908e14,0.5789,3.88469e6,-1.93666e6,4.85905e-9
1481307390,26796308.48665868,30796265.520279143,3999.957,3.98653e14,0.0131,3.86421e6,-1.93190e6,4.84710e-9
1481307420,26814679.854768205,30809159.413986634,3994.480,4.00349e14,0.4386,3.86287e6,-1.92713e6,4.83513e-9
1481307450,26833059.36302358,30822009.674682766,3988.950,3.94590e14,1.0062,3.82550e6,-1.92235e6,4.82311e-9
1481307480,26851446.65337696,30834816.199498076,3983.370,3.97333e14,0.3179,3.82915e6,-1.91755e6,4.81107e-9
1481307510,26869841.369077384,30847578.88621418,3977.738,4.00578e14,0.4960,3.83511e6,-1.91274e6,4.79899e-9
1481307540,26888243.154673558,30860297.633260872,3972.054,3.96453e14,0.5387,3.80569e6,-1.90792e6,4.78688e-9
1481307570,26906651.656016413,30872972.339713156,3966.321,3.97579e14,0.2564,3.80142e6,-1.90308e6,4.77474e-9
1481307600,26925066.52026164,30885602.90528839,3960.536,4.04299e14,1.4295,3.82374e6,-1.89824e6,4.76257e-9
1481307630,26943487.39587792,30898189.23032302,3954.702,4.01215e14,0.6558,3.79929e6,-1.89338e6,4.75036e-9
1481307660,26961913.93263125,30910731.215832356,3948.817,3.93221e14,1.3496,3.75164e6,-1.88851e6,4.73813e-9
1481307690,26980345.781604763,30923228.763445012,3942.883,3.98226e14,0.0940,3.76558e6,-1.88362e6,4.72587e-9
1481307720,26998782.59519511,30935681.775420096,3936.899,4.00298e14,0.4259,3.76556e6,-1.87873e6,4.71357e-9
1481307750,27017224.027114466,30948090.15464419,3930.866,3.90079e14,2.1378,3.70768e6,-1.87382e6,4.70125e-9
1481307780,27035669.732392278,30960453.804628335,3924.784,3.92099e14,1.6310,3.70742e6,-1.86890e6,4.68890e-9
1481307810,27054119.36737709,30972772.62950504,3918.653,4.00063e14,0.3668,3.73488e6,-1.86397e6,4.67653e-9
1481307840,27072572.589738116,30985046.5340252,3912.474,3.93722e14,1.2240,3.69540e6,-1.85903e6,4.66412e-9
1481307870,27091029.058466807,30997275.42355515,3906.246,3.98694e14,0.0236,3.70868e6,-1.85408e6,4.65169e-9
1481307900,27109488.433878273,31009459.204073697,3899.971,4.04046e14,1.3663,3.72358e6,-1.84912e6,4.63923e-9
1481307930,27127950.377615146,31021597.782183263,3893.647,4.01320e14,0.6824,3.70095e6,-1.84415e6,4.62674e-9
1481307960,27146414.552640866,31033691.065063346,3887.277,3.98239e14,0.0907,3.67673e6,-1.83916e6,4.61423e-9
1481307990,27164880.623248965,31045738.96051123,3880.858,4.00772e14,0.5447,3.67840e6,-1.83417e6,4.60170e-9
1481308020,27183348.255061403,31057741.376925066,3874.393,3.99330e14,0.1829,3.66175e6,-1.82917e6,4.58914e-9
1481308050,27201817.115029573,31069698.223301098,3867.881,4.00122e14,0.3818,3.65534e6,-1.82416e6,4.57655e-9
1481308080,27220286.87143507,31081609.40923087,3861.323,4.02160e14,0.8929,3.65457e6,-1.81913e6,4.56394e-9
1481308110,27238757.19389052,31093474.844898544,3854.718,3.96263e14,0.5864,3.61762e6,-1.81410e6,4.55131e-9
1481308140,27257227.753340133,31105294.441078126,3848.067,3.98908e14,0.0773,3.61957e6,-1.80906e6,4.53865e-9
1481308170,27275698.222060315,31117068.109130785,3841.370,4.03402e14,1.2047,3.62980e6,-1.80401e6,4.52597e-9
1481308200,27294168.273660045,31128795.761002157,3834.627,4.02608e14,1.0053,3.61603e6,-1.79895e6,4.51327e-9
1481308230,27312637.583074328,31140477.309214015,3827.840,3.98174e14,0.1070,3.58588e6,-1.79389e6,4.50054e-9
1481308260,27331105.82658583,31152112.66687912,3821.007,3.94807e14,0.9518,3.56062e6,-1.78881e6,4.48780e-9
1481308290,27349572.681803465,31163701.747681063,3814.129,3.95410e14,0.8004,3.55319e6,-1.78372e6,4.47503e-9
1481308320,27368037.827669375,31175244.465877302,3807.207,3.98850e14,0.0626,3.55840e6,-1.77863e6,4.46224e-9
1481308350,27386500.944458872,31186740.736296423,3800.240,3.99509e14,0.2280,3.55112e6,-1.77353e6,4.44943e-9
1481308380,27404961.713780146,31198190.47433557,3793.229,4.03926e14,1.3361,3.56048e6,-1.76842e6,4.43660e-9
1481308410,27423419.8185741,31209593.59595783,3786.174,4.07553e14,2.2460,3.56622e6,-1.76330e6,4.42375e-9
1481308440,27441874.94311389,31220950.01768954,3779.075,4.05187e14,1.6524,3.54541e6,-1.75818e6,4.41088e-9
1481308470,27460326.77300452,31232259.656617768,3771.933,3.98345e14,0.0640,3.50496e6,-1.75304e6,4.39800e-9
1481308500,27478774.995182294,31243522.430387657,3764.747,3.96085e14,0.6311,3.48477e6,-1.74790e6,4.38509e-9
1481308530,27497219.297917884,31254738.25720017,3757.519,3.98337e14,0.0662,3.48435e6,-1.74275e6,4.37216e-9
1481308560,27515659.370804317,31265907.05580865,3750.248,3.92950e14,1.4175,3.45056e6,-1.73760e6,4.35922e-9
1481308590,27534094.90476757,31277028.745517083,3742.934,3.95761e14,0.7122,3.45252e6,-1.73244e6,4.34626e-9
1481308620,27552525.592062093,31288103.246177327,3735.578,4.01535e14,0.7361,3.46723e6,-1.72727e6,4.33328e-9
1481308650,27570951.126269925,31299130.478186548,3728.179,3.96976e14,0.4076,3.43714e6,-1.72209e6,4.32029e-9
1481308680,27589371.202299777,31310110.36248472,3720.739,3.97300e14,0.3263,3.42819e6,-1.71691e6,4.30728e-9
1481308710,27607785.51638603,31321042.82055215,3713.257,3.97650e14,0.2385,3.41933e6,-1.71172e6,4.29425e-9
1481308740,27626193.76608764,31331927.77440694,3705.734,3.95298e14,0.8286,3.39888e6,-1.70653e6,4.28121e-9
1481308770,27644595.650287054,31342765.146602597,3698.169,4.04962e14,1.5960,3.42976e6,-1.70132e6,4.26815e-9
1481308800,27662990.869188946,31353554.860225488,3690.564,3.99084e14,0.1212,3.39424e6,-1.69612e6,4.25507e-9
1481308830,27681379.124323882,31364296.83889293,3682.918,3.88726e14,2.4772,3.33987e6,-1.69090e6,4.24198e-9
1481308860,27699760.11853196,31374991.006749254,3675.231,3.94405e14,1.0526,3.35357e6,-1.68568e6,4.22888e-9
1481308890,27718133.555976547,31385637.288464934,3667.504,4.03749e14,1.2917,3.38256e6,-1.68046e6,4.21576e-9
1481308920,27736499.14213792,31396235.609233715,3659.736,3.98627e14,0.0068,3.35051e6,-1.67523e6,4.20262e-9
1481308950,27754856.583811823,31406785.89477014,3651.929,3.91404e14,1.8055,3.30976e6,-1.66999e6,4.18948e-9
1481308980,27773205.589107912,31417288.0713073,3644.082,3.99008e14,0.1023,3.33113e6,-1.66475e6,4.17632e-9
1481309010,27791545.86744817,31427742.065594412,3636.196,4.04244e14,1.4158,3.34242e6,-1.65950e6,4.16314e-9
1481309040,27809877.129565176,31438147.80489448,3628.271,4.00420e14,0.4565,3.31597e6,-1.65425e6,4.14996e-9
1481309070,27828199.08750043,31448505.216982026,3620.306,3.97198e14,0.3519,3.29210e6,-1.64899e6,4.13676e-9
1481309100,27846511.454602484,31458814.2301407,3612.303,3.96767e14,0.4600,3.27981e6,-1.64373e6,4.12355e-9
1481309130,27864813.945515614,31469074.77316363,3604.261,3.97780e14,0.2058,3.27347e6,-1.63846e6,4.11032e-9
1481309160,27883106.27620715,31479286.77534324,3596.180,3.97243e14,0.3407,3.26073e6,-1.63319e6,4.09709e-9
1481309190,27901388.163936075,31489450.166476812,3588.062,4.02658e14,1.0179,3.27230e6,-1.62791e6,4.08384e-9
1481309220,27919659.327260397,31499564.87686171,3579.906,3.96002e14,0.6519,3.23459e6,-1.62263e6,4.07059e-9
1481309250,27937919.486034937,31509630.837293193,3571.711,3.88417e14,2.5549,3.19327e6,-1.61734e6,4.05732e-9
1481309280,27956168.361409105,31519647.979062147,3563.480,4.05942e14,1.8420,3.25370e6,-1.61206e6,4.04404e-9
1481309310,27974405.675824556,31529616.233953033,3555.211,4.05988e14,1.8534,3.24320e6,-1.60676e6,4.03075e-9
1481309340,27992631.153012823,31539535.534241516,3546.904,3.98450e14,0.0378,3.20222e6,-1.60146e6,4.01745e-9
1481309370,28010844.517992932,31549405.81269247,3538.561,3.94659e14,0.9889,3.17643e6,-1.59616e6,4.00414e-9
1481309400,28029045.497068852,31559227.002557676,3530.182,3.99475e14,0.2194,3.18509e6,-1.59086e6,3.99082e-9
1481309430,28047233.817830916,31568999.037565403,3521.765,4.05694e14,1.7796,3.19919e6,-1.58555e6,3.97749e-9
1481309460,28065409.209141318,31578721.851943973,3513.313,3.96267e14,0.5855,3.15110e6,-1.58023e6,3.96416e-9
1481309490,28083571.40114348,31588395.38039396,3504.824,3.95913e14,0.6743,3.13909e6,-1.57492e6,3.95081e-9
1481309520,28101720.125255566,31598019.558094244,3496.299,4.01677e14,0.7718,3.15118e6,-1.56960e6,3.93746e-9
1481309550,28119855.11416782,31607594.320699967,3487.739,3.98289e14,0.0781,3.12720e6,-1.56428e6,3.92409e-9
1481309580,28137976.10183989,31617119.604340218,3479.144,3.93633e14,1.2462,3.09834e6,-1.55895e6,3.91072e-9
1481309610,28156082.823498126,31626595.345616054,3470.513,3.89510e14,2.2806,3.07167e6,-1.55362e6,3.89735e-9
1481309640,28174175.015632827,31636021.481598314,3461.846,3.89455e14,2.2944,3.06091e6,-1.54829e6,3.88396e-9
1481309670,28192252.415995426,31645397.949825495,3453.146,4.00022e14,0.3566,3.09126e6,-1.54295e6,3.87057e-9
1481309700,28210314.763595693,31654724.688301727,3444.410,4.02406e14,0.9547,3.08976e6,-1.53761e6,3.85717e-9
1481309730,28228361.798706524,31664001.635508712,3435.640,3.94048e14,1.1422,3.04690e6,-1.53227e6,3.84376e-9
1481309760,28246393.262837555,31673228.73036052,3426.835,3.98727e14,0.0318,3.05419e6,-1.52693e6,3.83035e-9
1481309790,28264408.89875586,31682405.912244733,3417.997,4.06293e14,1.9299,3.07237e6,-1.52158e6,3.81692e-9
1481309820,28282408.450475335,31691533.121006615,3409.125,3.99160e14,0.1403,3.03444e6,-1.51623e6,3.80350e-9
1481309850,28300391.663253844,31700610.296947252,3400.219,3.93821e14,1.1990,3.00349e6,-1.51088e6,3.79007e-9
1481309880,28318358.283590235,31709637.38082162,3391.279,4.02497e14,0.9776,3.02561e6,-1.50553e6,3.77663e-9
1481309910,28336308.059221383,31718614.31383686,3382.306,3.99059e14,0.1151,3.00191e6,-1.50017e6,3.76318e-9
1481309940,28354240.739119127,31727541.03765039,3373.300,3.98041e14,0.1403,2.98736e6,-1.49481e6,3.74973e-9
1481309970,28372156.073487192,31736417.494368054,3364.261,4.12339e14,3.4466,3.03007e6,-1.48945e6,3.73628e-9
1481310000,28390053.81375809,31745243.626542404,3355.190,4.10617e14,3.0147,3.01275e6,-1.48409e6,3.72282e-9
1481310030,28407933.71257674,31754019.377156425,3346.086,3.96013e14,0.6491,2.94768e6,-1.47873e6,3.70936e-9
1481310060,28425795.52383801,31762744.68966611,3336.949,3.98050e14,0.1382,2.94451e6,-1.47336e6,3.69589e-9
1481310090,28443639.0026427,31771419.50795437,3327.781,3.98466e14,0.0338,2.93531e6,-1.46800e6,3.68242e-9
1481310120,28461463.905307308,31780043.776343413,3318.580,3.92822e14,1.4496,2.90387e6,-1.46263e6,3.66894e-9
1481310150,28479269.989360653,31788617.43959288,3309.347,3.97488e14,0.2792,2.91026e6,-1.45726e6,3.65546e-9
1481310180,28497057.01354041,31797140.442897968,3300.083,3.97499e14,0.2763,2.89957e6,-1.45188e6,3.64197e-9
1481310210,28514824.73778964,31805612.731887568,3290.788,4.01916e14,0.8317,2.90486e6,-1.44651e6,3.62849e-9
1481310240,28532572.923253268,31814034.25262241,3281.461,4.06365e14,1.9480,2.91014e6,-1.44114e6,3.61499e-9
1481310270,28550301.33227455,31822404.95159317,3272.104,4.01831e14,0.8105,2.88295e6,-1.43576e6,3.60150e-9
1481310300,28568009.72839144,31830724.77571866,3262.715,3.95405e14,0.8017,2.84909e6,-1.43038e6,3.58800e-9
1481310330,28585697.87633935,31838993.672352903,3253.296,3.91951e14,1.6682,2.82603e6,-1.42500e6,3.57450e-9
1481310360,28603365.54202826,31847211.589255877,3243.846,3.92548e14,1.5185,2.81748e6,-1.41962e6,3.56100e-9
1481310390,28621012.49255831,31855378.474619173,3234.366,3.92393e14,1.5573,2.80625e6,-1.41424e6,3.54749e-9
1481310420,28638638.49620999,31863494.27705535,3224.856,4.00867e14,0.5687,2.82552e6,-1.40886e6,3.53398e-9
1481310450,28656243.322440527,31871558.945596285,3215.316,4.06415e14,1.9605,2.83425e6,-1.40348e6,3.52047e-9
1481310480,28673826.741880275,31879572.4296915,3205.746,3.98256e14,0.0863,2.79476e6,-1.39809e6,3.50696e-9
1481310510,28691388.52632916,31887534.67920649,3196.146,3.99472e14,0.2187,2.78824e6,-1.39271e6,3.49345e-9
1481310540,28708928.448752936,31895445.644421052,3186.517,4.01162e14,0.6426,2.78334e6,-1.38732e6,3.47993e-9
1481310570,28726446.283279642,31903305.27602768,3176.859,3.98328e14,0.0683,2.76271e6,-1.38194e6,3.46641e-9
1481310600,28743941.805195905,31911113.52512997,3167.172,4.02131e14,0.8858,2.76507e6,-1.37655e6,3.45289e-9
1481310630,28761414.79095096,31918870.34323756,3157.456,4.03991e14,1.3523,2.76064e6,-1.37117e6,3.43937e-9
1481310660,28778865.018129334,31926575.682275113,3147.711,3.98104e14,0.1246,2.72963e6,-1.36578e6,3.42585e-9
1481310690,28796292.265470996,31934229.49457033,3137.937,4.00827e14,0.5587,2.72815e6,-1.36039e6,3.41233e-9
1481310720,28813696.312859982,31941831.732855562,3128.135,3.99774e14,0.2943,2.71376e6,-1.35500e6,3.39881e-9
1481310750,28831076.94132077,31949382.350266438,3118.305,3.95304e14,0.8270,2.68783e6,-1.34962e6,3.38529e-9
1481310780,28848433.933014605,31956881.300340198,3108.447,4.00226e14,0.4078,2.69369e6,-1.34423e6,3.37176e-9
1481310810,28865767.071235884,31964328.537014253,3098.561,4.02957e14,1.0930,2.69207e6,-1.33884e6,3.35824e-9
1481310840,28883076.14040833,31971724.014624562,3088.648,4.05008e14,1.6074,2.68809e6,-1.33345e6,3.34471e-9
1481310870,28900360.926081404,31979067.687904175,3078.707,4.03904e14,1.3306,2.67354e6,-1.32806e6,3.33119e-9
1481310900,28917621.21492645,31986359.511981726,3068.738,4.01546e14,0.7389,2.65487e6,-1.32267e6,3.31766e-9
1481310930,28934856.79471687,31993599.44238422,3058.743,4.03919e14,1.3344,2.65189e6,-1.31729e6,3.30414e-9
1481310960,28952067.45437415,32000787.4350224,3048.720,4.04150e14,1.3923,2.64180e6,-1.31190e6,3.29062e-9
1481310990,28969252.98391395,32007923.446202394,3038.670,3.91516e14,1.7774,2.58954e6,-1.30651e6,3.27709e-9
1481311020,28986413.17445837,32015007.432620093,3028.594,3.97044e14,0.3904,2.59690e6,-1.30112e6,3.26357e-9
1481311050,29003547.818232007,32022039.351359688,3018.492,4.10569e14,3.0027,2.63010e6,-1.29573e6,3.25005e-9
1481311080,29020656.708557937,32029019.1598923,3008.362,4.05357e14,1.6950,2.60229e6,-1.29035e6,3.23653e-9
1481311110,29037739.639853746,32035946.816074565,2998.207,4.01555e14,0.7413,2.57917e6,-1.28496e6,3.22301e-9
1481311140,29054796.407627493,32042822.278147265,2988.026,3.93922e14,1.1736,2.54386e6,-1.27957e6,3.20949e-9
1481311170,29071826.80847367,32049645.50473391,2977.819,3.95758e14,0.7131,2.53902e6,-1.27419e6,3.19597e-9
1481311200,29088830.64006925,32056416.454839356,2967.586,4.01324e14,0.6832,2.54599e6,-1.26880e6,3.18245e-9
1481311230,29105807.70118405,32063135.08783759,2957.327,4.02010e14,0.8555,2.53736e6,-1.26341e6,3.16894e-9
1481311260,29122757.79163204,32069801.363503892,2947.044,4.13916e14,3.8423,2.56411e6,-1.25803e6,3.15542e-9
1481311290,29139680.712312285,32076415.241979904,2936.735,4.10930e14,3.0933,2.54375e6,-1.25265e6,3.14191e-9
1481311320,29156576.265190385,32082976.683783047,2926.400,3.94502e14,1.0281,2.48143e6,-1.24726e6,3.12840e-9
1481311350,29173444.253294587,32089485.649805117,2916.041,4.00500e14,0.4766,2.48940e6,-1.24188e6,3.11489e-9
1481311380,29190284.48071188,32095942.101310838,2905.658,3.96132e14,0.6193,2.46506e6,-1.23650e6,3.10139e-9
1481311410,29207096.752584066,32102345.999936547,2895.249,3.92546e14,1.5190,2.44325e6,-1.23112e6,3.08788e-9
1481311440,29223880.87510383,32108697.30768874,2884.816,4.00266e14,0.4178,2.45631e6,-1.22574e6,3.07438e-9
1481311470,29240636.65551079,32114995.986942742,2874.359,3.91503e14,1.7807,2.41870e6,-1.22036e6,3.06088e-9
1481311500,29257363.902087633,32121242.0004414,2863.878,3.91368e14,1.8145,2.40763e6,-1.21498e6,3.04738e-9
1481311530,29274062.424147137,32127435.311309256,2853.373,4.02617e14,1.0078,2.43110e6,-1.20960e6,3.03389e-9
1481311560,29290732.032056056,32133575.88300339,2842.844,4.07302e14,2.1830,2.43444e6,-1.20423e6,3.02039e-9
1481311590,29307372.537203223,32139663.679360084,2832.291,3.99420e14,0.2057,2.39987e6,-1.19885e6,3.00690e-9
1481311620,29323983.75200456,32145698.664578192,2821.715,3.99524e14,0.2317,2.38942e6,-1.19348e6,2.99342e-9
1481311650,29340565.48989914,32151680.803217974,2811.115,4.01554e14,0.7409,2.38471e6,-1.18810e6,2.97993e-9
1481311680,29357117.565345112,32157610.06020007,2800.492,4.00718e14,0.5313,2.37144e6,-1.18273e6,2.96645e-9
1481311710,29373639.79381575,32163486.40080441,2789.847,3.96335e14,0.5683,2.34773e6,-1.17736e6,2.95297e-9
1481311740,29390131.991795443,32169309.79066911,2779.178,3.91412e14,1.8033,2.32255e6,-1.17199e6,2.93950e-9
1481311770,29406593.97677564,32175080.195789475,2768.486,3.85672e14,3.2436,2.29511e6,-1.16662e6,2.92602e-9
1481311800,29423025.56725091,32180797.58251694,2757.772,3.91346e14,1.8200,2.30107e6,-1.16126e6,2.91256e-9
1481311830,29439426.582722086,32186461.91754802,2747.035,4.03599e14,1.2540,2.32596e6,-1.15589e6,2.89909e-9
1481311860,29455796.84367006,32192073.16795413,2736.276,4.00798e14,0.5513,2.30708e6,-1.15053e6,2.88563e-9
1481311890,29472136.171574153,32197631.301149733,2725.495,3.98409e14,0.0481,2.28946e6,-1.14516e6,2.87217e-9
1481311920,29488444.388900943,32203136.284901254,2714.692,4.02883e14,1.0744,2.29153e6,-1.13980e6,2.85871e-9
1481311950,29504721.319100317,32208588.087325953,2703.867,4.10031e14,2.8678,2.30109e6,-1.13444e6,2.84526e-9
1481311980,29520966.78660153,32213986.676890768,2693.020,4.04722e14,1.5357,2.27518e6,-1.12908e6,2.83181e-9
1481312010,29537180.616809256,32219332.022411402,2682.151,4.00371e14,0.4443,2.25212e6,-1.12372e6,2.81837e-9
1481312040,29553362.636099674,32224624.093051065,2671.261,3.91403e14,1.8058,2.21622e6,-1.11837e6,2.80493e-9
1481312070,29569512.671816558,32229862.85831946,2660.350,3.84354e14,3.5740,2.18594e6,-1.11301e6,2.79149e-9
1481312100,29585630.552267205,32235048.28807168,2649.418,3.96062e14,0.6368,2.20794e6,-1.10766e6,2.77806e-9
1481312130,29601716.10670978,32240180.35250207,2638.464,3.97193e14,0.3532,2.20040e6,-1.10231e6,2.76463e-9
1481312160,29617769.165376678,32245259.022158854,2627.490,3.95427e14,0.7962,2.18486e6,-1.09696e6,2.75120e-9
1481312190,29633789.559443045,32250284.267927215,2616.495,3.98251e14,0.0877,2.18194e6,-1.09161e6,2.73778e-9
1481312220,29649777.121031754,32255256.06103336,2605.479,3.99607e14,0.2525,2.17494e6,-1.08627e6,2.72437e-9
1481312250,29665731.683209337,32260174.373043425,2594.443,3.96220e14,0.5972,2.15506e6,-1.08092e6,2.71095e-9
1481312280,29681653.07998193,32265039.175862435,2583.386,4.09569e14,2.7517,2.18041e6,-1.07558e6,2.69755e-9
1481312310,29697541.146291338,32269850.441733252,2572.309,4.08245e14,2.4195,2.16602e6,-1.07024e6,2.68414e-9
1481312340,29713395.71801104,32274608.14323555,2561.212,3.98932e14,0.0832,2.13034e6,-1.06490e6,2.67074e-9
1481312370,29729216.631942097,32279312.25328481,2550.096,4.04841e14,1.5656,2.13536e6,-1.05956e6,2.65735e-9
1481312400,29745003.72580926,32283962.745131377,2538.959,3.93440e14,1.2946,2.09446e6,-1.05422e6,2.64396e-9
1481312430,29760756.838265907,32288559.59238048,2527.803,3.98693e14,0.0232,2.09768e6,-1.04889e6,2.63057e-9
1481312460,29776475.808862433,32293102.768926498,2516.627,3.94951e14,0.9157,2.07722e6,-1.04356e6,2.61719e-9
1481312490,29792160.478070054,32297592.24901716,2505.432,3.89754e14,2.2193,2.05308e6,-1.03823e6,2.60382e-9
1481312520,29807810.68726788,32302028.007231656,2494.217,4.02812e14,1.0565,2.07636e6,-1.03290e6,2.59045e-9
1481312550,29823426.27873916,32306410.018480062,2482.984,4.01451e14,0.7151,2.06214e6,-1.02757e6,2.57708e-9
1481312580,29839007.0956673,32310738.25800245,2471.731,3.91638e14,1.7468,2.02629e6,-1.02225e6,2.56372e-9
1481312610,29854552.982132155,32315012.701368354,2460.460,3.98567e14,0.0083,2.03341e6,-1.01692e6,2.55036e-9
1481312640,29870063.7831061,32319233.32447603,2449.170,4.01278e14,0.6717,2.02965e6,-1.01160e6,2.53701e-9
1481312670,29885539.344450247,32323400.103551757,2437.861,3.96598e14,0.5024,2.00716e6,-1.00628e6,2.52366e-9
1481312700,29900979.512910668,32327513.015149157,2426.534,3.99523e14,0.2315,2.00390e6,-1.00097e6,2.51032e-9
1481312730,29916384.136109598,32331572.036117934,2415.188,3.99947e14,0.3379,1.99431e6,-9.95651e5,2.49698e-9
1481312760,29931753.06255689,32335577.14369759,2403.824,3.95022e14,0.8979,1.97143e6,-9.90338e5,2.48365e-9
1481312790,29947086.141630936,32339528.315421995,2392.442,3.97446e14,0.2897,1.96685e6,-9.85027e5,2.47032e-9
1481312820,29962383.223579846,32343425.529149104,2381.042,3.94837e14,0.9443,1.94983e6,-9.79718e5,2.45700e-9
1481312850,29977644.15951759,32347268.7630601,2369.625,3.98212e14,0.0975,1.94751e6,-9.74411e5,2.44368e-9
1481312880,29992868.80142017,32351057.995658424,2358.189,4.03103e14,1.1297,1.94880e6,-9.69106e5,2.43037e-9
1481312910,30008057.00212191,32354793.20576891,2346.736,4.06376e14,1.9508,1.94604e6,-9.63803e5,2.41706e-9
1481312940,30023208.61531156,32358474.372536927,2335.266,4.12121e14,3.3921,1.94914e6,-9.58502e5,2.40376e-9
1481312970,30038323.495528586,32362101.475427393,2323.778,4.13155e14,3.6513,1.94083e6,-9.53203e5,2.39046e-9
1481313000,30053401.498159334,32365674.49422405,2312.273,4.01649e14,0.7648,1.90270e6,-9.47906e5,2.37717e-9
1481313030,30068442.479432195,32369193.40906249,2300.751,3.93759e14,1.2147,1.87341e6,-9.42612e5,2.36389e-9
1481313060,30083446.296417143,32372658.200324688,2289.212,4.03157e14,1.1430,1.88498e6,-9.37319e5,2.35061e-9
1481313090,30098412.80701874,32376068.848743264,2277.656,4.07797e14,2.3072,1.88519e6,-9.32029e5,2.33733e-9
1481313120,30113341.86997336,32379425.33536693,2266.083,4.10750e14,3.0480,1.88135e6,-9.26740e5,2.32406e-9
1481313150,30128233.344845507,32382727.641560055,2254.494,4.06393e14,1.9551,1.86055e6,-9.21454e5,2.31080e-9
1481313180,30143087.092024006,32385975.74900214,2242.889,4.01672e14,0.7707,1.83903e6,-9.16170e5,2.29754e-9
1481313210,30157902.972718332,32389169.63968745,2231.267,3.96110e14,0.6247,1.81572e6,-9.10888e5,2.28429e-9
1481313240,30172680.84895489,32392309.2959245,2219.628,4.01552e14,0.7404,1.81755e6,-9.05609e5,2.27104e-9
1481313270,30187420.58357324,32395394.70033562,2207.974,3.99520e14,0.2307,1.80237e6,-9.00331e5,2.25780e-9
1481313300,30202122.040222466,32398425.83585661,2196.304,4.06399e14,1.9566,1.80724e6,-8.95056e5,2.24456e-9
1481313330,30216785.083362974,32401402.685702097,2184.618,4.08701e14,2.5339,1.80173e6,-8.89783e5,2.23133e-9
1481313360,30231409.57824594,32404325.23347031,2172.916,3.95465e14,0.7866,1.76169e6,-8.84512e5,2.21810e-9
1481313390,30245995.390926506,32407193.463037185,2161.198,3.93952e14,1.1662,1.74786e6,-8.79243e5,2.20488e-9
1481313420,30260542.388254758,32410007.35858981,2149.465,3.98510e14,0.0227,1.74738e6,-8.73977e5,2.19167e-9
1481313450,30275050.437872093,32412766.904625725,2137.716,4.01542e14,0.7379,1.74345e6,-8.68712e5,2.17846e-9
1481313480,30289519.408207715,32415472.085952222,2125.953,3.98640e14,0.0100,1.72661e6,-8.63450e5,2.16525e-9
1481313510,30303949.168475047,32418122.887685675,2114.174,3.81498e14,4.2906,1.67920e6,-8.58190e5,2.15206e-9
1481313540,30318339.588668164,32420719.29525084,2102.380,3.89356e14,2.3192,1.68571e6,-8.52932e5,2.13886e-9
1481313570,30332690.53955829,32423261.294380236,2090.571,3.92617e14,1.5011,1.68225e6,-8.47677e5,2.12568e-9
1481313600,30347001.892690267,32425748.87111345,2078.747,3.83809e14,3.7109,1.65322e6,-8.42424e5,2.11250e-9
1481313630,30361273.520371508,32428182.011829585,2066.908,4.05972e14,1.8495,1.68944e6,-8.37173e5,2.09932e-9
1481313660,30375505.29569169,32430560.703144755,2055.055,4.01633e14,0.7608,1.66979e6,-8.31924e5,2.08615e-9
1481313690,30389697.092496082,32432884.93201372,2043.188,3.93718e14,1.2249,1.64285e6,-8.26677e5,2.07299e-9
1481313720,30403848.785389468,32435154.68569637,2031.306,3.93011e14,1.4022,1.63097e6,-8.21433e5,2.05983e-9
1481313750,30417960.249732655,32437369.951757606,2019.410,3.91637e14,1.7470,1.61774e6,-8.16191e5,2.04667e-9
1481313780,30432031.361638904,32439530.718066942,2007.499,3.95275e14,0.8342,1.61475e6,-8.10951e5,2.03353e-9
