Timestamp,R_A,R_B,Delta_H_km,GM,Error_Pct,Term_Time,Term_Kinetic,Term_Potential
1481509590,32443185.17470942,30442677.905191053,2000.507,4.02477e14,0.9727,-1.62242e6,8.07197e5,-2.02551e-9
1481509620,32441058.972730253,30428627.22415604,2012.432,4.07940e14,2.3431,-1.64409e6,8.12440e5,-2.03866e-9
1481509650,32438878.247826487,30414536.085733265,2024.342,4.07559e14,2.2474,-1.65392e6,8.17686e5,-2.05181e-9
1481509680,32436643.01188181,30400404.613308787,2036.238,4.00167e14,0.3930,-1.64927e6,8.22934e5,-2.06497e-9
1481509710,32434353.27708457,30386232.931019284,2048.120,3.90930e14,1.9244,-1.64059e6,8.28184e5,-2.07813e-9
1481509740,32432009.0559283,30372021.163755648,2059.988,3.81257e14,4.3511,-1.63076e6,8.33436e5,-2.09130e-9
1481509770,32429610.361212235,30357769.43716668,2071.841,4.05345e14,1.6920,-1.69173e6,8.38691e5,-2.10448e-9
1481509800,32427157.20604185,30343477.877662756,2083.679,4.06526e14,1.9883,-1.70483e6,8.43948e5,-2.11766e-9
1481509830,32424649.60380087,30329146.61238897,2095.503,3.86097e14,3.1369,-1.67192e6,8.49207e5,-2.13085e-9
1481509860,32422087.568239763,30314775.769322943,2107.312,3.94236e14,1.0950,-1.69973e6,8.54468e5,-2.14404e-9
1481509890,32419471.113388043,30300365.477184117,2119.106,3.93942e14,1.1687,-1.70956e6,8.59732e5,-2.15724e-9
1481509920,32416800.253583115,30285915.865467776,2130.884,3.93825e14,1.1981,-1.71977e6,8.64998e5,-2.17045e-9
1481509950,32414075.003470607,30271427.064448386,2142.648,3.96165e14,0.6111,-1.73535e6,8.70266e5,-2.18366e-9
1481509980,32411295.37800474,30256899.205183167,2154.396,3.91616e14,1.7521,-1.73587e6,8.75536e5,-2.19687e-9
1481510010,32408461.39244857,30242332.419515464,2166.129,3.99716e14,0.2800,-1.76422e6,8.80809e5,-2.21009e-9
1481510040,32405573.062374417,30227726.840078242,2177.846,4.02970e14,1.0963,-1.78202e6,8.86084e5,-2.22332e-9
1481510070,32402630.4036642,30213082.600297503,2189.548,3.91089e14,1.8845,-1.76605e6,8.91361e5,-2.23655e-9
1481510100,32399633.432509813,30198399.834395815,2201.234,3.96459e14,0.5373,-1.78859e6,8.96640e5,-2.24979e-9
1481510130,32396582.165448222,30183678.67741855,2212.903,4.02812e14,1.0565,-1.81350e6,9.01922e5,-2.26303e-9
1481510160,32393476.61925506,30168919.26516715,2224.557,3.87810e14,2.7072,-1.78997e6,9.07206e5,-2.27628e-9
1481510190,32390316.811052233,30154121.734273158,2236.195,3.92582e14,1.5099,-1.81132e6,9.12492e5,-2.28954e-9
1481510220,32387102.758273993,30139286.222179074,2247.817,3.90990e14,1.9093,-1.81815e6,9.17780e5,-2.30280e-9
1481510250,32383834.478667714,30124412.867142104,2259.422,3.92695e14,1.4815,-1.83258e6,9.23070e5,-2.31606e-9
1481510280,32380511.99029466,30109501.808237933,2271.010,3.96252e14,0.5891,-1.85137e6,9.28363e5,-2.32933e-9
1481510310,32377135.311530866,30094553.185364477,2282.582,3.90721e14,1.9768,-1.84896e6,9.33658e5,-2.34261e-9
1481510340,32373704.461067893,30079567.139245696,2294.137,3.90803e14,1.9563,-1.85964e6,9.38955e5,-2.35589e-9
1481510370,32370219.457913697,30064543.81143531,2305.676,3.98832e14,0.0582,-1.88916e6,9.44254e5,-2.36918e-9
1481510400,32366680.32139342,30049483.34432068,2317.197,4.01119e14,0.6319,-1.90521e6,9.49555e5,-2.38247e-9
1481510430,32363087.071117908,30034385.881109837,2328.701,4.03092e14,1.1268,-1.92057e6,9.54858e5,-2.39577e-9
1481510460,32359439.727084346,30019251.56588704,2340.188,4.03464e14,1.2203,-1.93214e6,9.60164e5,-2.40907e-9
1481510490,32355738.30957694,30004080.543564677,2351.658,4.01199e14,0.6518,-1.93733e6,9.65471e5,-2.42238e-9
1481510520,32351982.839199968,29988872.959903743,2363.110,3.99253e14,0.1637,-1.94324e6,9.70781e5,-2.43569e-9
1481510550,32348173.336878296,29973628.961517602,2374.544,3.88832e14,2.4506,-1.92835e6,9.76093e5,-2.44901e-9
1481510580,32344309.823857997,29958348.695875715,2385.961,3.95600e14,0.7527,-1.95551e6,9.81407e5,-2.46234e-9
1481510610,32340392.32170695,29943032.31130738,2397.360,3.97516e14,0.2721,-1.97084e6,9.86723e5,-2.47567e-9
1481510640,32336420.85231541,29927679.957005475,2408.741,3.91436e14,1.7973,-1.96633e6,9.92041e5,-2.48900e-9
1481510670,32332395.437896598,29912291.783030182,2420.104,4.01890e14,0.8252,-2.00303e6,9.97361e5,-2.50234e-9
1481510700,32328316.100987338,29896867.940312836,2431.448,3.99150e14,0.1380,-2.00682e6,1.00268e6,-2.51568e-9
1481510730,32324182.864472155,29881408.58067841,2442.774,3.95498e14,0.7783,-2.00823e6,1.00801e6,-2.52903e-9
1481510760,32319995.75151153,29865913.856791466,2454.082,4.10727e14,3.0422,-2.05756e6,1.01333e6,-2.54239e-9
1481510790,32315754.78561515,29850383.92221811,2465.371,4.07352e14,2.1955,-2.05975e6,1.01866e6,-2.55575e-9
1481510820,32311459.99061932,29834818.931411073,2476.641,3.98845e14,0.0614,-2.04867e6,1.02399e6,-2.56911e-9
1481510850,32307111.39068782,29819219.03971372,2487.892,4.01360e14,0.6924,-2.06583e6,1.02932e6,-2.58248e-9
1481510880,32302709.01031276,29803584.40336405,2499.125,4.02142e14,0.8885,-2.07856e6,1.03466e6,-2.59586e-9
1481510910,32298252.874315586,29787915.17949861,2510.338,3.93426e14,1.2981,-2.06653e6,1.03999e6,-2.60923e-9
1481510940,32293743.007847954,29772211.526156552,2521.531,3.82760e14,3.9741,-2.04916e6,1.04533e6,-2.62262e-9
1481510970,32289179.436392702,29756473.602283575,2532.706,4.03865e14,1.3207,-2.11526e6,1.05067e6,-2.63601e-9
1481511000,32284562.185764793,29740701.567735862,2543.861,3.96443e14,0.5414,-2.10635e6,1.05601e6,-2.64940e-9
1481511030,32279891.28209873,29724895.58325612,2554.996,3.98012e14,0.1477,-2.12118e6,1.06135e6,-2.66280e-9
1481511060,32275166.751891386,29709055.81056392,2566.111,4.08732e14,2.5419,-2.16055e6,1.06670e6,-2.67620e-9
1481511090,32270388.621961065,29693182.412272885,2577.206,3.97014e14,0.3981,-2.13986e6,1.07205e6,-2.68960e-9
1481511120,32265556.919461876,29677275.551922616,2588.281,3.88958e14,2.4191,-2.12875e6,1.07740e6,-2.70301e-9
1481511150,32260671.67188473,29661335.39398236,2599.336,3.93091e14,1.3821,-2.15055e6,1.08275e6,-2.71643e-9
1481511180,32255732.907058153,29645362.103854783,2610.371,4.06737e14,2.0413,-2.19843e6,1.08810e6,-2.72985e-9
1481511210,32250740.653149292,29629355.847879775,2621.385,3.92303e14,1.5798,-2.16965e6,1.09345e6,-2.74327e-9
1481511240,32245694.93866474,29613316.79333819,2632.378,3.95490e14,0.7803,-2.18905e6,1.09881e6,-2.75670e-9
1481511270,32240595.792451505,29597245.10845565,2643.351,4.04130e14,1.3873,-2.22366e6,1.10416e6,-2.77013e-9
1481511300,32235443.243697934,29581140.962406375,2654.302,3.96112e14,0.6243,-2.21213e6,1.10952e6,-2.78357e-9
1481511330,32230237.321940653,29565004.525354743,2665.233,3.91977e14,1.6616,-2.21125e6,1.11488e6,-2.79701e-9
1481511360,32224978.057047132,29548835.96834269,2676.142,3.96592e14,0.5038,-2.23485e6,1.12025e6,-2.81045e-9
1481511390,32219665.479235016,29532635.463410426,2687.030,3.98219e14,0.0957,-2.25014e6,1.12561e6,-2.82390e-9
1481511420,32214299.619067237,29516403.183562826,2697.896,3.99540e14,0.2357,-2.26461e6,1.13097e6,-2.83735e-9
1481511450,32208880.50745308,29500139.30277358,2708.741,3.89483e14,2.2873,-2.24668e6,1.13634e6,-2.85081e-9
1481511480,32203408.17564918,29483843.99598939,2719.564,3.93003e14,1.4042,-2.26737e6,1.14171e6,-2.86427e-9
1481511510,32197882.65526072,29467517.43913421,2730.365,4.00358e14,0.4408,-2.29920e6,1.14708e6,-2.87773e-9
1481511540,32192303.978242397,29451159.80911343,2741.144,3.91878e14,1.6866,-2.28544e6,1.15245e6,-2.89120e-9
1481511570,32186672.176899634,29434771.283818096,2751.901,4.01490e14,0.7248,-2.32401e6,1.15782e6,-2.90466e-9
1481511600,32180987.28388961,29418352.042129032,2762.635,4.08529e14,2.4908,-2.35534e6,1.16320e6,-2.91814e-9
1481511630,32175249.33222288,29401902.263881,2773.347,3.99184e14,0.1463,-2.33882e6,1.16857e6,-2.93161e-9
1481511660,32169458.355263196,29385422.129990533,2784.036,3.98062e14,0.1352,-2.34628e6,1.17395e6,-2.94509e-9
1481511690,32163614.38673009,29368911.82233592,2794.703,4.08792e14,2.5568,-2.38877e6,1.17933e6,-2.95858e-9
1481511720,32157717.460699484,29352371.523801304,2805.346,4.02984e14,1.0999,-2.38240e6,1.18470e6,-2.97206e-9
1481511750,32151767.61160497,29335801.4182804,2815.966,3.91640e14,1.7461,-2.35935e6,1.19008e6,-2.98555e-9
1481511780,32145764.87423894,29319201.69068031,2826.563,4.01311e14,0.6800,-2.39901e6,1.19547e6,-2.99904e-9
1481511810,32139709.28375384,29302572.526925348,2837.137,4.07852e14,2.3210,-2.42952e6,1.20085e6,-3.01254e-9
1481511840,32133600.87566334,29285914.113960795,2847.687,3.93861e14,1.1891,-2.39807e6,1.20623e6,-3.02604e-9
1481511870,32127439.68584354,29269226.63975662,2858.213,3.89372e14,2.3152,-2.39513e6,1.21162e6,-3.03954e-9
1481511900,32121225.75053421,29252510.293311376,2868.715,3.87171e14,2.8675,-2.39905e6,1.21700e6,-3.05304e-9
1481511930,32114959.10633349,29235765.264688127,2879.194,3.90629e14,1.9998,-2.42027e6,1.22239e6,-3.06654e-9
1481511960,32108639.79021928,29218991.744918868,2889.648,4.04529e14,1.4874,-2.47375e6,1.22778e6,-3.08005e-9
1481511990,32102267.839530207,29202189.926108066,2900.078,4.03762e14,1.2949,-2.48223e6,1.23316e6,-3.09356e-9
1481512020,32095843.291973416,29185360.00140446,2910.483,3.89753e14,2.2197,-2.44954e6,1.23855e6,-3.10707e-9
1481512050,32089366.185625765,29168502.165005077,2920.864,3.92142e14,1.6202,-2.46766e6,1.24394e6,-3.12059e-9
1481512080,32082836.55893503,29151616.612159334,2931.220,3.98383e14,0.0545,-2.49791e6,1.24933e6,-3.13410e-9
1481512110,32076254.450721193,29134703.539173197,2941.551,3.92587e14,1.5086,-2.49044e6,1.25473e6,-3.14762e-9
1481512140,32069619.90017764,29117763.143413186,2951.857,3.97834e14,0.1923,-2.51773e6,1.26012e6,-3.16114e-9
1481512170,32062932.946872428,29100795.623310495,2962.137,4.10755e14,3.0493,-2.56952e6,1.26551e6,-3.17466e-9
1481512200,32056193.630749587,29083801.178365085,2972.392,4.01804e14,0.8038,-2.55193e6,1.27091e6,-3.18818e-9
1481512230,32049401.992141917,29066780.009130392,2982.622,3.93692e14,1.2314,-2.53679e6,1.27630e6,-3.20171e-9
1481512260,32042558.071736872,29049732.31727722,2992.826,3.98627e14,0.0067,-2.56337e6,1.28169e6,-3.21523e-9
1481512290,32035661.910613414,29032658.305537704,3003.004,4.02240e14,0.9131,-2.58583e6,1.28709e6,-3.22876e-9
1481512320,32028713.55023192,29015558.177728742,3013.155,3.98838e14,0.0597,-2.58563e6,1.29249e6,-3.24228e-9
1481512350,32021713.032435678,28998432.138755847,3023.281,3.91052e14,1.8936,-2.57107e6,1.29788e6,-3.25581e-9
1481512380,32014660.39945235,28981280.39461699,3033.380,3.94597e14,1.0043,-2.59335e6,1.30328e6,-3.26934e-9
1481512410,32007555.693895444,28964103.152406503,3043.453,4.01006e14,0.6034,-2.62513e6,1.30867e6,-3.28287e-9
1481512440,32000398.958765887,28946900.6203189,3053.498,3.99359e14,0.1904,-2.63052e6,1.31407e6,-3.29640e-9
1481512470,31993190.237453382,28929673.007652692,3063.517,3.97785e14,0.2045,-2.63611e6,1.31947e6,-3.30993e-9
1481512500,31985929.573738094,28912420.52481425,3073.509,3.96662e14,0.4864,-2.64316e6,1.32487e6,-3.32346e-9
1481512530,31978617.011777118,28895143.383330707,3083.474,3.91246e14,1.8450,-2.63585e6,1.33026e6,-3.33700e-9
1481512560,31971252.59615213,28877841.79582557,3093.411,3.98580e14,0.0051,-2.67111e6,1.33566e6,-3.35053e-9
1481512590,31963836.371824767,28860515.976050813,3103.320,4.00780e14,0.5467,-2.68930e6,1.34106e6,-3.36406e-9
1481512620,31956368.38415302,28843166.13888162,3113.202,3.92708e14,1.4783,-2.67286e6,1.34646e6,-3.37759e-9
1481512650,31948848.67889267,28825792.50032009,3123.056,3.94281e14,1.0836,-2.68891e6,1.35185e6,-3.39112e-9
1481512680,31941277.302198708,28808395.27749918,3132.882,3.91099e14,1.8820,-2.68881e6,1.35725e6,-3.40465e-9
1481512710,31933654.30062687,28790974.688686445,3142.680,3.96693e14,0.4785,-2.71862e6,1.36265e6,-3.41818e-9
1481512740,31925979.72113509,28773530.953287855,3152.449,4.05862e14,1.8218,-2.76084e6,1.36804e6,-3.43171e-9
1481512770,31918253.611084994,28756064.29185162,3162.189,3.95507e14,0.7760,-2.73606e6,1.37344e6,-3.44524e-9
1481512800,31910476.018243436,28738574.926071897,3171.901,4.02478e14,0.9729,-2.77091e6,1.37883e6,-3.45877e-9
1481512830,31902646.990802392,28721063.078789547,3181.584,4.05366e14,1.6973,-2.79178e6,1.38423e6,-3.47229e-9
1481512860,31894766.577323876,28703528.9740053,3191.238,3.91339e14,1.8218,-2.75376e6,1.38962e6,-3.48582e-9
1481512890,31886834.826798268,28685972.836873904,3200.862,3.95210e14,0.8506,-2.77799e6,1.39502e6,-3.49934e-9
1481512920,31878851.788627673,28668394.89371098,3210.457,3.96570e14,0.5094,-2.79351e6,1.40041e6,-3.51286e-9
1481512950,31870817.51262766,28650795.37199658,3220.022,3.91323e14,1.8257,-2.78576e6,1.40580e6,-3.52638e-9
1481512980,31862732.049029022,28633174.500378937,3229.558,3.94583e14,1.0078,-2.80798e6,1.41120e6,-3.53990e-9
1481513010,31854595.448479574,28615532.50867805,3239.063,3.99968e14,0.3432,-2.83784e6,1.41659e6,-3.55341e-9
1481513040,31846407.762045853,28597869.627889246,3248.538,3.99219e14,0.1552,-2.84596e6,1.42198e6,-3.56692e-9
1481513070,31838169.041215025,28580186.090186838,3257.983,3.99300e14,0.1755,-2.85703e6,1.42737e6,-3.58043e-9
1481513100,31829879.337896533,28562482.128927648,3267.397,4.06807e14,2.0590,-2.89480e6,1.43275e6,-3.59394e-9
1481513130,31821538.704403356,28544757.97865089,3276.781,3.98060e14,0.1355,-2.87412e6,1.43814e6,-3.60745e-9
1481513160,31813147.19351746,28527013.875092786,3286.133,4.00424e14,0.4574,-2.89344e6,1.44353e6,-3.62095e-9
1481513190,31804704.858427774,28509250.05517916,3295.455,4.11689e14,3.2835,-2.94517e6,1.44891e6,-3.63445e-9
1481513220,31796211.752752487,28491466.757032357,3304.745,3.97929e14,0.1685,-2.90592e6,1.45429e6,-3.64794e-9
1481513250,31787667.93054069,28473664.219974667,3314.004,3.88488e14,2.5369,-2.88210e6,1.45968e6,-3.66143e-9
1481513280,31779073.446274094,28455842.684531674,3323.231,3.96897e14,0.4274,-2.92362e6,1.46506e6,-3.67492e-9
1481513310,31770428.354868684,28438002.39243571,3332.426,4.06004e14,1.8573,-2.96794e6,1.47043e6,-3.68840e-9
1481513340,31761732.711676445,28420143.586629115,3341.589,3.96249e14,0.5900,-2.94268e6,1.47581e6,-3.70188e-9
1481513370,31752986.57248699,28402266.511267614,3350.720,3.95386e14,0.8066,-2.95019e6,1.48119e6,-3.71536e-9
1481513400,31744189.993529364,28384371.411723565,3359.819,4.05029e14,1.6129,-2.99685e6,1.48656e6,-3.72883e-9
1481513430,31735343.031491894,28366458.534602616,3368.884,4.04618e14,1.5096,-3.00613e6,1.49193e6,-3.74229e-9
1481513460,31726445.743468028,28348528.127706036,3377.918,4.02023e14,0.8586,-3.00720e6,1.49730e6,-3.75575e-9
1481513490,31717498.187014192,28330580.440074645,3386.918,3.97809e14,0.1985,-3.00210e6,1.50267e6,-3.76921e-9
1481513520,31708500.420133617,28312615.721979003,3395.885,3.95317e14,0.8238,-3.00338e6,1.50803e6,-3.78266e-9
1481513550,31699452.501278274,28294634.224922676,3404.818,3.97356e14,0.3123,-3.02180e6,1.51340e6,-3.79610e-9
1481513580,31690354.48935088,28276636.201645482,3413.718,4.05558e14,1.7454,-3.06375e6,1.51876e6,-3.80954e-9
1481513610,31681206.443706937,28258621.906126752,3422.585,4.01469e14,0.7198,-3.05892e6,1.52412e6,-3.82298e-9
1481513640,31672008.424156677,28240591.5935884,3431.417,3.89902e14,2.1823,-3.02529e6,1.52947e6,-3.83640e-9
1481513670,31662760.490967162,28222545.520498168,3440.215,3.96301e14,0.5770,-3.06051e6,1.53482e6,-3.84982e-9
1481513700,31653462.70486438,28204483.94457268,3448.979,3.97557e14,0.2618,-3.07603e6,1.54018e6,-3.86324e-9
1481513730,31644115.12702472,28186407.12475902,3457.708,3.96671e14,0.4841,-3.08327e6,1.54552e6,-3.87664e-9
1481513760,31634717.81910956,28168315.321303736,3466.402,4.00897e14,0.5762,-3.11037e6,1.55087e6,-3.89004e-9
1481513790,31625270.84323472,28150208.795689944,3475.062,3.97040e14,0.3915,-3.10603e6,1.55621e6,-3.90343e-9
1481513820,31615774.26198313,28132087.810661387,3483.686,4.04379e14,1.4498,-3.14543e6,1.56155e6,-3.91682e-9
1481513850,31606228.138406787,28113952.630225003,3492.276,4.07968e14,2.3502,-3.17028e6,1.56689e6,-3.93019e-9
1481513880,31596632.53602883,28095803.51965371,3500.829,3.98513e14,0.0220,-3.14378e6,1.57222e6,-3.94356e-9
1481513910,31586987.518845588,28077640.745488968,3509.347,3.93621e14,1.2492,-3.13508e6,1.57755e6,-3.95692e-9
1481513940,31577293.151328657,28059464.57554333,3517.829,3.99704e14,0.2768,-3.16981e6,1.58287e6,-3.97027e-9
1481513970,31567549.49842695,28041275.27890298,3526.274,3.99715e14,0.2796,-3.18051e6,1.58820e6,-3.98362e-9
1481514000,31557756.625568785,28023073.125930183,3534.683,3.97274e14,0.3327,-3.18140e6,1.59351e6,-3.99695e-9
1481514030,31547914.598667093,28004858.388286203,3543.056,3.96426e14,0.5454,-3.18861e6,1.59883e6,-4.01027e-9
1481514060,31538023.48411187,27986631.33887081,3551.392,3.97029e14,0.3943,-3.20162e6,1.60414e6,-4.02359e-9
1481514090,31528083.34878209,27968392.251887463,3559.691,4.02183e14,0.8989,-3.23302e6,1.60945e6,-4.03689e-9
1481514120,31518094.260044646,27950141.402825534,3567.953,4.00825e14,0.5580,-3.23817e6,1.61475e6,-4.05019e-9
1481514150,31508056.285756517,27931879.06846271,3576.177,3.99184e14,0.1463,-3.24212e6,1.62005e6,-4.06347e-9
1481514180,31497969.49426695,27913605.52686744,3584.364,4.02440e14,0.9632,-3.26599e6,1.62535e6,-4.07675e-9
1481514210,31487833.95441967,27895321.05740127,3592.513,3.98259e14,0.0857,-3.25952e6,1.63064e6,-4.09001e-9
1481514240,31477649.73555503,27877025.940721188,3600.624,3.89582e14,2.2625,-3.23448e6,1.63592e6,-4.10326e-9
1481514270,31467416.907512285,27858720.458781864,3608.696,3.90374e14,2.0637,-3.24818e6,1.64120e6,-4.11650e-9
1481514300,31457135.540631786,27840404.894837935,3616.731,4.01379e14,0.6972,-3.30407e6,1.64648e6,-4.12973e-9
1481514330,31446805.70575566,27822079.53343763,3624.726,4.09418e14,2.7140,-3.34795e6,1.65175e6,-4.14294e-9
1481514360,31436427.474234987,27803744.6604511,3632.683,4.02788e14,1.0505,-3.33107e6,1.65702e6,-4.15615e-9
1481514390,31426000.917927008,27785400.56304631,3640.600,3.94729e14,0.9711,-3.30804e6,1.66228e6,-4.16934e-9
1481514420,31415526.1091991,27767047.52969937,3648.479,3.99554e14,0.2393,-3.33868e6,1.66754e6,-4.18252e-9
1481514450,31405003.120931033,27748685.850196455,3656.317,3.96334e14,0.5686,-3.33568e6,1.67279e6,-4.19568e-9
1481514480,31394432.02651731,27730315.815635603,3664.116,3.94120e14,1.1241,-3.33682e6,1.67804e6,-4.20883e-9
1481514510,31383812.89986949,27711937.71842849,3671.875,4.01910e14,0.8303,-3.38013e6,1.68328e6,-4.22197e-9
1481514540,31373145.81541854,27693551.85230205,3679.594,3.96424e14,0.5461,-3.36741e6,1.68851e6,-4.23510e-9
1481514570,31362430.8481172,27675158.512300115,3687.272,3.96267e14,0.5853,-3.37717e6,1.69374e6,-4.24820e-9
1481514600,31351668.073442355,27656757.994784925,3694.910,3.99838e14,0.3106,-3.40280e6,1.69897e6,-4.26130e-9
1481514630,31340857.567404125,27638350.59743144,3702.507,3.97052e14,0.3886,-3.40133e6,1.70418e6,-4.27438e-9
1481514660,31329999.4065278,27619936.61925065,3710.063,3.95270e14,0.8354,-3.40409e6,1.70940e6,-4.28744e-9
1481514690,31319093.66787677,27601516.360569045,3717.577,3.99797e14,0.3002,-3.43392e6,1.71460e6,-4.30049e-9
1481514720,31308140.42904856,27583090.123036772,3725.050,4.01199e14,0.6520,-3.45038e6,1.71980e6,-4.31352e-9
1481514750,31297139.768177137,27564658.209628828,3732.482,4.02960e14,1.0938,-3.46841e6,1.72499e6,-4.32654e-9
1481514780,31286091.763935596,27546220.924646035,3739.871,4.02871e14,1.0713,-3.47845e6,1.73018e6,-4.33954e-9
1481514810,31274996.495538622,27527778.573716052,3747.218,3.98060e14,0.1356,-3.46792e6,1.73536e6,-4.35252e-9
1481514840,31263854.042745065,27509331.463794254,3754.523,3.99917e14,0.3303,-3.48636e6,1.74053e6,-4.36548e-9
1481514870,31252664.485860545,27490879.903164525,3761.785,3.97231e14,0.3437,-3.48494e6,1.74569e6,-4.37843e-9
1481514900,31241427.90573992,27472424.20144007,3769.004,3.95972e14,0.6595,-3.48970e6,1.75085e6,-4.39136e-9
1481514930,31230144.3837757,27453964.66958053,3776.180,3.99335e14,0.1843,-3.51478e6,1.75600e6,-4.40427e-9
1481514960,31218814.001944505,27435501.619842004,3783.312,3.97016e14,0.3975,-3.51482e6,1.76114e6,-4.41716e-9
1481514990,31207436.84276566,27417035.36582816,3790.401,3.97977e14,0.1564,-3.52933e6,1.76628e6,-4.43003e-9
1481515020,31196012.989317887,27398566.222474564,3797.447,4.01825e14,0.8089,-3.55666e6,1.77140e6,-4.44288e-9
1481515050,31184542.525241837,27380094.506049138,3804.448,3.96554e14,0.5135,-3.54345e6,1.77652e6,-4.45571e-9
1481515080,31173025.534742564,27361620.534152675,3811.405,3.88855e14,2.4448,-3.51924e6,1.78163e6,-4.46853e-9
1481515110,31161462.10259213,27343144.62571919,3818.317,3.94491e14,1.0309,-3.55458e6,1.78674e6,-4.48132e-9
1481515140,31149852.31413203,27324667.101016235,3825.185,4.02148e14,0.8901,-3.59912e6,1.79183e6,-4.49409e-9
1481515170,31138196.25527587,27306188.281645115,3832.008,4.06352e14,1.9446,-3.62828e6,1.79692e6,-4.50684e-9
1481515200,31126494.012511883,27287708.490541004,3838.786,4.05955e14,1.8451,-3.63673e6,1.80199e6,-4.51956e-9
1481515230,31114745.67292402,27269228.05195764,3845.518,4.02827e14,1.0603,-3.63278e6,1.80706e6,-4.53227e-9
1481515260,31102951.32413761,27250747.29151449,3852.204,4.00033e14,0.3593,-3.63025e6,1.81212e6,-4.54495e-9
1481515290,31091111.054379147,27232266.536149405,3858.845,3.91650e14,1.7436,-3.60216e6,1.81717e6,-4.55761e-9
1481515320,31079224.952460557,27213786.11413341,3865.439,3.91426e14,1.7998,-3.61113e6,1.82221e6,-4.57025e-9
1481515350,31067293.1077821,27195306.35507034,3871.987,3.97662e14,0.2354,-3.64967e6,1.82724e6,-4.58286e-9
1481515380,31055315.610335167,27176827.589896183,3878.488,3.95839e14,0.6928,-3.65132e6,1.83226e6,-4.59545e-9
1481515410,31043292.550705265,27158350.150878437,3884.942,3.97110e14,0.3739,-3.66716e6,1.83728e6,-4.60801e-9
1481515440,31031224.020074736,27139874.37161534,3891.350,3.97441e14,0.2908,-3.67867e6,1.84228e6,-4.62055e-9
1481515470,31019110.11022585,27121400.58703493,3897.710,3.95837e14,0.6933,-3.68121e6,1.84727e6,-4.63306e-9
1481515500,31006950.91354358,27102929.133394107,3904.022,3.97636e14,0.2419,-3.69949e6,1.85225e6,-4.64555e-9
1481515530,30994746.523003493,27084460.34828413,3910.286,4.02456e14,0.9672,-3.73186e6,1.85722e6,-4.65801e-9
1481515560,30982497.032221276,27065994.5706091,3916.502,4.03323e14,1.1848,-3.74588e6,1.86218e6,-4.67044e-9
1481515590,30970202.535408955,27047532.140604973,3922.670,3.93583e14,1.2588,-3.71022e6,1.86713e6,-4.68285e-9
1481515620,30957863.127392832,27029073.39983169,3928.790,3.95627e14,0.7459,-3.72963e6,1.87207e6,-4.69523e-9
1481515650,30945478.903616354,27010618.691171657,3934.860,3.97318e14,0.3218,-3.74740e6,1.87700e6,-4.70758e-9
1481515680,30933049.960142933,26992168.35882824,3940.882,3.96029e14,0.6452,-3.75113e6,1.88191e6,-4.71990e-9
1481515710,30920576.39365886,26973722.748324085,3946.854,3.97896e14,0.1768,-3.76974e6,1.88681e6,-4.73219e-9
1481515740,30908058.301476106,26955282.206499353,3952.776,3.97547e14,0.2644,-3.77785e6,1.89171e6,-4.74446e-9
1481515770,30895495.7815352,26936847.081509855,3958.649,3.97193e14,0.3531,-3.78591e6,1.89659e6,-4.75669e-9
1481515800,30882888.9324082,26918417.722825058,3964.471,3.96234e14,0.5936,-3.79106e6,1.90146e6,-4.76890e-9
1481515830,30870237.853305638,26899994.4812306,3970.243,3.95359e14,0.8131,-3.79655e6,1.90631e6,-4.78107e-9
1481515860,30857542.644066628,26881577.708811965,3975.965,3.96511e14,0.5243,-3.81171e6,1.91115e6,-4.79321e-9
1481515890,30844803.4051748,26863167.758966316,3981.636,4.01225e14,0.6585,-3.84400e6,1.91599e6,-4.80532e-9
1481515920,30832020.237756986,26844764.98639544,3987.255,4.06203e14,1.9072,-3.87764e6,1.92080e6,-4.81740e-9
1481515950,30819193.243586253,26826369.747103345,3992.823,4.04443e14,1.4657,-3.87884e6,1.92561e6,-4.82944e-9
1481515980,30806322.525084954,26807982.3983935,3998.340,3.98809e14,0.0523,-3.86121e6,1.93040e6,-4.84145e-9
1481516010,30793408.1853277,26789603.29886618,4003.805,3.99934e14,0.3346,-3.87623e6,1.93518e6,-4.85343e-9
1481516040,30780450.328044526,26771232.808415458,4009.218,4.01337e14,0.6866,-3.89260e6,1.93994e6,-4.86537e-9
1481516070,30767449.057623845,26752871.288226273,4014.578,3.98778e14,0.0445,-3.88964e6,1.94469e6,-4.87728e-9
1481516100,30754404.47911568,26734519.100771178,4019.885,3.98287e14,0.0787,-3.89671e6,1.94943e6,-4.88916e-9
1481516130,30741316.69824548,26716176.60979317,4025.140,3.97043e14,0.3908,-3.90005e6,1.95415e6,-4.90099e-9
1481516160,30728185.821384102,26697844.180345092,4030.342,3.96497e14,0.5277,-3.90677e6,1.95886e6,-4.91280e-9
1481516190,30715011.955584142,26679522.178743176,4035.490,3.99787e14,0.2976,-3.93232e6,1.96355e6,-4.92456e-9
1481516220,30701795.20857251,26661210.972577073,4040.584,4.06241e14,1.9167,-3.97355e6,1.96823e6,-4.93629e-9
1481516250,30688535.68875369,26642910.930705864,4045.625,4.08953e14,2.5972,-3.99638e6,1.97289e6,-4.94798e-9
1481516280,30675233.505212985,26624622.42325398,4050.611,3.96427e14,0.5452,-3.94367e6,1.97754e6,-4.95963e-9
1481516310,30661888.767719865,26606345.821606968,4055.543,3.93623e14,1.2487,-3.93897e6,1.98217e6,-4.97124e-9
1481516340,30648501.586731244,26588081.498407062,4060.420,4.00633e14,0.5098,-3.98307e6,1.98679e6,-4.98281e-9
1481516370,30635072.07339476,26569829.827548664,4065.242,4.00619e14,0.5063,-3.99222e6,1.99139e6,-4.99435e-9
1481516400,30621600.33955209,26551591.184173726,4070.009,3.97451e14,0.2885,-3.98555e6,1.99597e6,-5.00584e-9
1481516430,30608086.497717608,26533365.944686614,4074.721,3.97831e14,0.1930,-3.99658e6,2.00054e6,-5.01729e-9
1481516460,30594530.661157735,26515154.486688465,4079.376,4.00802e14,0.5524,-4.02061e6,2.00509e6,-5.02870e-9
1481516490,30580932.94381807,26496957.189032868,4083.976,4.03543e14,1.2399,-4.04351e6,2.00963e6,-5.04007e-9
1481516520,30567293.460351136,26478774.431801215,4088.519,3.99572e14,0.2438,-4.03254e6,2.01414e6,-5.05139e-9
1481516550,30553612.3261196,26460606.59629736,4093.006,3.99540e14,0.2357,-4.04138e6,2.01864e6,-5.06267e-9
1481516580,30539889.65719936,26442454.06504237,4097.436,4.00810e14,0.5542,-4.05680e6,2.02313e6,-5.07391e-9
1481516610,30526125.570382703,26424317.22176893,4101.808,4.01107e14,0.6289,-4.06726e6,2.02759e6,-5.08510e-9
1481516640,30512320.1831816,26406196.45141571,4106.124,4.01848e14,0.8147,-4.07996e6,2.03204e6,-5.09625e-9
1481516670,30498473.61383076,26388092.140121497,4110.381,3.87284e14,2.8390,-4.01446e6,2.03647e6,-5.10735e-9
1481516700,30484585.98129095,26370004.67521924,4114.581,3.96641e14,0.4916,-4.07105e6,2.04088e6,-5.11841e-9
1481516730,30470657.405284487,26351934.445207387,4118.723,4.07943e14,2.3439,-4.13778e6,2.04527e6,-5.12942e-9
1481516760,30456688.006199136,26333881.839812867,4122.806,3.97042e14,0.3911,-4.09059e6,2.04964e6,-5.14038e-9
1481516790,30442677.905191053,26315847.24991514,4126.831,4.02267e14,0.9199,-4.12619e6,2.05399e6,-5.15130e-9
1481516820,30428627.22415604,26297831.067561805,4130.796,4.01775e14,0.7963,-4.13235e6,2.05833e6,-5.16216e-9
1481516850,30414536.085733265,26279833.68596167,4134.702,3.96164e14,0.6113,-4.11199e6,2.06264e6,-5.17298e-9
1481516880,30400404.613308787,26261855.49947751,4138.549,3.97596e14,0.2519,-4.12797e6,2.06694e6,-5.18374e-9
1481516910,30386232.931019284,26243896.903618757,4142.336,4.02183e14,0.8988,-4.16033e6,2.07121e6,-5.19446e-9
1481516940,30372021.163755648,26225958.295033976,4146.063,4.06362e14,1.9473,-4.19063e6,2.07546e6,-5.20512e-9
1481516970,30357769.43716668,26208040.07150321,4149.729,3.96961e14,0.4112,-4.15014e6,2.07970e6,-5.21573e-9
1481517000,30343477.877662756,26190142.631930094,4153.335,3.94963e14,0.9124,-4.14810e6,2.08391e6,-5.22629e-9
1481517030,30329146.61238897,26172266.376358163,4156.880,4.04129e14,1.3869,-4.20444e6,2.08810e6,-5.23680e-9
1481517060,30314775.769322943,26154411.70588776,4160.364,4.00540e14,0.4867,-4.19400e6,2.09227e6,-5.24725e-9
1481517090,30300365.477184117,26136579.02274291,4163.786,3.98471e14,0.0326,-4.19144e6,2.09642e6,-5.25765e-9
1481517120,30285915.865467776,26118768.730238512,4167.147,3.99989e14,0.3483,-4.20768e6,2.10054e6,-5.26800e-9
1481517150,30271427.064448386,26100981.232771933,4170.446,4.01577e14,0.7469,-4.22428e6,2.10464e6,-5.27828e-9
1481517180,30256899.205183167,26083216.935814276,4173.682,4.04441e14,1.4652,-4.24762e6,2.10873e6,-5.28852e-9
1481517210,30242332.419515464,26065476.245901544,4176.856,4.01102e14,0.6275,-4.23810e6,2.11278e6,-5.29869e-9
1481517240,30227726.840078242,26047759.570625566,4179.967,3.95998e14,0.6530,-4.21909e6,2.11682e6,-5.30881e-9
1481517270,30213082.600297503,26030067.31862472,4183.015,3.97708e14,0.2238,-4.23619e6,2.12083e6,-5.31887e-9
1481517300,30198399.834395815,26012399.899574574,4186.000,4.03540e14,1.2392,-4.27523e6,2.12482e6,-5.32887e-9
1481517330,30183678.67741855,25994757.72415188,4188.921,4.02588e14,1.0003,-4.27812e6,2.12878e6,-5.33881e-9
1481517360,30168919.26516715,25977141.20410594,4191.778,4.00376e14,0.4454,-4.27421e6,2.13272e6,-5.34869e-9
1481517390,30154121.734273158,25959550.752167094,4194.571,3.97630e14,0.2435,-4.26734e6,2.13664e6,-5.35851e-9
1481517420,30139286.222179074,25941986.78206268,4197.299,3.97045e14,0.3901,-4.27198e6,2.14053e6,-5.36826e-9
1481517450,30124412.867142104,25924449.708506405,4199.963,3.92068e14,1.6389,-4.25292e6,2.14440e6,-5.37796e-9
1481517480,30109501.808237933,25906939.947187524,4202.562,3.94231e14,1.0961,-4.27220e6,2.14824e6,-5.38759e-9
1481517510,30094553.185364477,25889457.914759863,4205.095,3.96684e14,0.4808,-4.29302e6,2.15205e6,-5.39716e-9
1481517540,30079567.139245696,25872004.02883058,4207.563,3.96961e14,0.4112,-4.30208e6,2.15584e6,-5.40666e-9
1481517570,30064543.81143531,25854578.70794878,4209.965,4.01881e14,0.8231,-4.33624e6,2.15961e6,-5.41610e-9
1481517600,30049483.34432068,25837182.37159392,4212.301,3.99890e14,0.3236,-4.33294e6,2.16335e6,-5.42547e-9
1481517630,30034385.881109837,25819815.4401927,4214.570,3.94819e14,0.9486,-4.31281e6,2.16706e6,-5.43477e-9
1481517660,30019251.56588704,25802478.33501867,4216.773,3.97926e14,0.1691,-4.33706e6,2.17074e6,-5.44401e-9
1481517690,30004080.543564677,25785171.47826891,4218.909,4.03253e14,1.1673,-4.37341e6,2.17440e6,-5.45318e-9
1481517720,29988872.959903743,25767895.29302305,4220.978,3.98827e14,0.0569,-4.35653e6,2.17803e6,-5.46228e-9
1481517750,29973628.961517602,25750650.203231048,4222.979,3.99856e14,0.3150,-4.36936e6,2.18163e6,-5.47131e-9
1481517780,29958348.695875715,25733436.633700546,4224.912,4.02142e14,0.8884,-4.38905e6,2.18520e6,-5.48027e-9
1481517810,29943032.31130738,25716255.01008422,4226.777,4.03841e14,1.3148,-4.40549e6,2.18875e6,-5.48916e-9
1481517840,29927679.957005475,25699105.758866835,4228.574,3.98888e14,0.0721,-4.38534e6,2.19226e6,-5.49798e-9
1481517870,29912291.783030182,25681989.30735204,4230.302,3.89750e14,2.2205,-4.34199e6,2.19575e6,-5.50672e-9
1481517900,29896867.940312836,25664906.083649024,4231.962,3.94693e14,0.9804,-4.37609e6,2.19921e6,-5.51539e-9
1481517930,29881408.58067841,25647856.516630795,4233.552,4.02338e14,0.9376,-4.42514e6,2.20263e6,-5.52399e-9
1481517960,29865913.856791466,25630841.036007162,4235.073,3.94927e14,0.9216,-4.39097e6,2.20603e6,-5.53251e-9
1481517990,29850383.92221811,25613860.072223548,4236.524,3.93394e14,1.3061,-4.38918e6,2.20940e6,-5.54096e-9
1481518020,29834818.931411073,25596914.056474697,4237.905,4.02704e14,1.0294,-4.44747e6,2.21274e6,-5.54933e-9
1481518050,29819219.03971372,25580003.420690015,4239.216,3.98984e14,0.0962,-4.43344e6,2.21604e6,-5.55762e-9
1481518080,29803584.40336405,25563128.597518645,4240.456,3.96671e14,0.4840,-4.42712e6,2.21932e6,-5.56583e-9
1481518110,29787915.17949861,25546290.02031432,4241.625,4.02081e14,0.8732,-4.46375e6,2.22256e6,-5.57397e-9
1481518140,29772211.526156552,25529488.123120043,4242.723,4.00648e14,0.5138,-4.46220e6,2.22577e6,-5.58202e-9
1481518170,29756473.602283575,25512723.340652473,4243.750,3.96066e14,0.6358,-4.44296e6,2.22895e6,-5.59000e-9
1481518200,29740701.567735862,25495996.108286135,4244.705,3.93488e14,1.2827,-4.43480e6,2.23210e6,-5.59789e-9
1481518230,29724895.58325612,25479306.862060353,4245.589,3.93195e14,1.3561,-4.43935e6,2.23522e6,-5.60570e-9
1481518260,29709055.81056392,25462656.038592506,4246.400,3.98668e14,0.0169,-4.47619e6,2.23830e6,-5.61343e-9
1481518290,29693182.412272885,25446044.075132415,4247.138,3.99030e14,0.1078,-4.48432e6,2.24134e6,-5.62108e-9
1481518320,29677275.551922616,25429471.40952298,4247.804,3.97869e14,0.1835,-4.48382e6,2.24436e6,-5.62864e-9
1481518350,29661335.39398236,25412938.480183516,4248.397,3.95794e14,0.7040,-4.47808e6,2.24734e6,-5.63611e-9
1481518380,29645362.103854783,25396445.726092927,4248.916,3.99312e14,0.1786,-4.50380e6,2.25028e6,-5.64350e-9
1481518410,29629355.847879775,25379993.586772636,4249.362,4.01965e14,0.8441,-4.52462e6,2.25320e6,-5.65080e-9
1481518440,29613316.79333819,25363582.502269283,4249.734,3.99340e14,0.1855,-4.51554e6,2.25607e6,-5.65802e-9
1481518470,29597245.10845565,25347212.913137246,4250.032,4.00431e14,0.4592,-4.52741e6,2.25891e6,-5.66514e-9
1481518500,29581140.962406375,25330885.260420848,4250.256,3.99782e14,0.2963,-4.52935e6,2.26172e6,-5.67218e-9
1481518530,29565004.525354743,25314599.985622965,4250.405,4.02856e14,1.0676,-4.55235e6,2.26449e6,-5.67912e-9
1481518560,29548835.96834269,25298357.530728538,4250.478,4.02184e14,0.8991,-4.55403e6,2.26722e6,-5.68598e-9
1481518590,29532635.463410426,25282158.33814438,4250.477,3.99878e14,0.3206,-4.54632e6,2.26991e6,-5.69274e-9
1481518620,29516403.183562826,25266002.85069392,4250.400,4.00200e14,0.4014,-4.55348e6,2.27257e6,-5.69941e-9
1481518650,29500139.30277358,25249891.511598278,4250.248,4.03816e14,1.3085,-4.57936e6,2.27519e6,-5.70599e-9
1481518680,29483843.99598939,25233824.764457032,4250.019,3.97924e14,0.1697,-4.55090e6,2.27778e6,-5.71247e-9
1481518710,29467517.43913421,25217803.05322883,4249.714,3.95547e14,0.7661,-4.54239e6,2.28032e6,-5.71885e-9
1481518740,29451159.80911343,25201826.82221169,4249.333,4.00187e14,0.3979,-4.57395e6,2.28283e6,-5.72514e-9
1481518770,29434771.283818096,25185896.51602314,4248.875,3.95410e14,0.8003,-4.55153e6,2.28530e6,-5.73134e-9
1481518800,29418352.042129032,25170012.57958011,4248.339,3.95527e14,0.7712,-4.55703e6,2.28773e6,-5.73743e-9
1481518830,29401902.263881,25154175.458084606,4247.727,4.05175e14,1.6493,-4.61721e6,2.29011e6,-5.74343e-9
1481518860,29385422.129990533,25138385.596984766,4247.037,4.03144e14,1.1398,-4.61027e6,2.29246e6,-5.74932e-9
1481518890,29368911.82233592,25122643.441972315,4246.268,3.91084e14,1.8858,-4.54551e6,2.29477e6,-5.75512e-9
1481518920,29352371.523801304,25106949.438955743,4245.422,3.94204e14,1.1030,-4.56798e6,2.29704e6,-5.76081e-9
1481518950,29335801.4182804,25091304.03403917,4244.497,3.97970e14,0.1582,-4.59413e6,2.29927e6,-5.76640e-9
1481518980,29319201.69068031,25075707.673500974,4243.494,3.98360e14,0.0603,-4.60075e6,2.30146e6,-5.77189e-9
1481519010,29302572.526925348,25060160.803772204,4242.412,3.95159e14,0.8635,-4.58654e6,2.30360e6,-5.77728e-9
1481519040,29285914.113960795,25044663.871414755,4241.250,3.95017e14,0.8989,-4.58992e6,2.30571e6,-5.78256e-9
1481519070,29269226.63975662,25029217.3230994,4240.009,4.01419e14,0.7070,-4.63107e6,2.30777e6,-5.78773e-9
1481519100,29252510.293311376,25013821.605583526,4238.689,4.04985e14,1.6018,-4.65578e6,2.30979e6,-5.79280e-9
1481519130,29235765.264688127,24998477.165687602,4237.288,4.03714e14,1.2830,-4.65240e6,2.31176e6,-5.79776e-9
1481519160,29218991.744918868,24983184.45027566,4235.807,4.03920e14,1.3345,-4.65748e6,2.31369e6,-5.80261e-9
1481519190,29202189.926108066,24967943.906229638,4234.246,4.03957e14,1.3440,-4.66150e6,2.31558e6,-5.80735e-9
1481519220,29185360.00140446,24952755.980427124,4232.604,4.02706e14,1.0301,-4.65795e6,2.31743e6,-5.81198e-9
1481519250,29168502.165005077,24937621.119717974,4230.881,3.99266e14,0.1670,-4.64156e6,2.31923e6,-5.81650e-9
1481519280,29151616.612159334,24922539.770900816,4229.077,3.99567e14,0.2426,-4.64682e6,2.32098e6,-5.82091e-9
1481519310,29134703.539173197,24907512.38069928,4227.191,4.03877e14,1.3238,-4.67536e6,2.32269e6,-5.82520e-9
1481519340,29117763.143413186,24892539.395738017,4225.224,3.97805e14,0.1997,-4.64331e6,2.32436e6,-5.82938e-9
1481519370,29100795.623310495,24877621.262518506,4223.174,3.94360e14,1.0638,-4.62645e6,2.32597e6,-5.83345e-9
1481519400,29083801.178365085,24862758.42739462,4221.043,3.98593e14,0.0019,-4.65429e6,2.32755e6,-5.83740e-9
1481519430,29066780.009130392,24847951.336544592,4218.829,4.01073e14,0.6203,-4.67183e6,2.32907e6,-5.84123e-9
1481519460,29049732.31727722,24833200.435957048,4216.532,3.98989e14,0.0974,-4.66262e6,2.33055e6,-5.84495e-9
1481519490,29032658.305537704,24818506.171394657,4214.152,3.95178e14,0.8585,-4.64320e6,2.33198e6,-5.84854e-9
1481519520,29015558.177728742,24803868.988372654,4211.689,3.99407e14,0.2025,-4.67071e6,2.33337e6,-5.85202e-9
1481519550,28998432.138755847,24789289.33213332,4209.143,4.05512e14,1.7339,-4.70913e6,2.33470e6,-5.85538e-9
1481519580,28981280.39461699,24774767.64762032,4206.513,3.99015e14,0.1039,-4.67366e6,2.33599e6,-5.85862e-9
1481519610,28964103.152406503,24760304.37945287,4203.799,3.98719e14,0.0297,-4.67441e6,2.33723e6,-5.86173e-9
1481519640,28946900.6203189,24745899.97189971,4201.001,3.99394e14,0.1991,-4.68075e6,2.33842e6,-5.86472e-9
1481519670,28929673.007652692,24731554.86885282,4198.118,3.94572e14,1.0105,-4.65475e6,2.33956e6,-5.86759e-9
1481519700,28912420.52481425,24717269.51380103,4195.151,4.00715e14,0.5304,-4.69298e6,2.34065e6,-5.87033e-9
1481519730,28895143.383330707,24703044.34981516,4192.099,4.08040e14,2.3681,-4.73809e6,2.34169e6,-5.87295e-9
1481519760,28877841.79582557,24688879.819484893,4188.962,4.01217e14,0.6565,-4.70001e6,2.34268e6,-5.87544e-9
1481519790,28860515.976050813,24674776.364928514,4185.740,3.94484e14,1.0327,-4.66232e6,2.34362e6,-5.87780e-9
1481519820,28843166.13888162,24660734.42775389,4182.432,3.95412e14,0.8000,-4.66954e6,2.34450e6,-5.88004e-9
1481519850,28825792.50032009,24646754.44903126,4179.038,3.95304e14,0.8269,-4.67058e6,2.34534e6,-5.88214e-9
1481519880,28808395.27749918,24632836.869265772,4175.558,4.01012e14,0.6049,-4.70572e6,2.34612e6,-5.88411e-9
1481519910,28790974.688686445,24618982.12836992,4171.993,4.00615e14,0.5055,-4.70486e6,2.34685e6,-5.88596e-9
1481519940,28773530.953287855,24605190.665635694,4168.340,4.02023e14,0.8585,-4.71451e6,2.34753e6,-5.88767e-9
1481519970,28756064.29185162,24591462.919706624,4164.601,4.03717e14,1.2836,-4.72574e6,2.34816e6,-5.88925e-9
1481520000,28738574.926071897,24577799.328549616,4160.776,3.98242e14,0.0899,-4.69465e6,2.34873e6,-5.89069e-9
1481520030,28721063.078789547,24564200.329405956,4156.863,3.97840e14,0.1909,-4.69332e6,2.34925e6,-5.89200e-9
1481520060,28703528.9740053,24550666.3588265,4152.863,3.99704e14,0.2769,-4.70524e6,2.34971e6,-5.89317e-9
1481520090,28685972.836873904,24537197.85257896,4148.775,4.00092e14,0.3741,-4.70834e6,2.35012e6,-5.89421e-9
1481520120,28668394.89371098,24523795.2456396,4144.600,4.03246e14,1.1655,-4.72765e6,2.35047e6,-5.89510e-9
1481520150,28650795.37199658,24510458.972164076,4140.336,4.01497e14,0.7266,-4.71794e6,2.35077e6,-5.89586e-9
1481520180,28633174.500378937,24497189.465458058,4135.985,3.93208e14,1.3527,-4.66956e6,2.35102e6,-5.89648e-9
1481520210,28615532.50867805,24483987.157947715,4131.545,3.94793e14,0.9552,-4.67928e6,2.35120e6,-5.89696e-9
1481520240,28597869.627889246,24470852.48115009,4127.017,3.95798e14,0.7031,-4.68547e6,2.35133e6,-5.89730e-9
1481520270,28580186.090186838,24457785.86564329,4122.400,3.95416e14,0.7988,-4.68337e6,2.35141e6,-5.89750e-9
1481520300,28562482.128927648,24444787.741036545,4117.694,3.94773e14,0.9603,-4.67962e6,2.35142e6,-5.89755e-9
1481520330,28544757.97865089,24431858.535970815,4112.899,3.96758e14,0.4623,-4.69125e6,2.35138e6,-5.89746e-9
1481520360,28527013.875092786,24418998.67799409,4108.015,4.02477e14,0.9726,-4.72478e6,2.35128e6,-5.89723e-9
1481520390,28509250.05517916,24406208.593625847,4103.041,3.97813e14,0.1977,-4.69697e6,2.35113e6,-5.89685e-9
1481520420,28491466.757032357,24393488.70829617,4097.978,3.97916e14,0.1718,-4.69715e6,2.35091e6,-5.89632e-9
1481520450,28473664.219974667,24380839.44631542,4092.825,4.01357e14,0.6917,-4.71690e6,2.35064e6,-5.89564e-9
1481520480,28455842.684531674,24368261.230843794,4087.581,3.97995e14,0.1518,-4.69641e6,2.35030e6,-5.89482e-9
1481520510,28438002.39243571,24355754.483860806,4082.248,3.95379e14,0.8082,-4.68021e6,2.34991e6,-5.89384e-9
1481520540,28420143.586629115,24343319.626134496,4076.824,4.03230e14,1.1614,-4.72558e6,2.34946e6,-5.89272e-9
1481520570,28402266.511267614,24330957.07719072,4071.309,4.05132e14,1.6386,-4.73575e6,2.34894e6,-5.89145e-9
1481520600,28384371.411723565,24318667.255282145,4065.704,3.98332e14,0.0673,-4.69455e6,2.34837e6,-5.89002e-9
1481520630,28366458.534602616,24306450.57731491,4060.008,4.01056e14,0.6161,-4.70933e6,2.34773e6,-5.88844e-9
1481520660,28348528.127706036,24294307.45894785,4054.221,4.00868e14,0.5689,-4.70683e6,2.34704e6,-5.88671e-9
1481520690,28330580.440074645,24282238.314430572,4048.342,3.97211e14,0.3487,-4.68379e6,2.34628e6,-5.88482e-9
1481520720,28312615.721979003,24270243.556614026,4042.372,3.97047e14,0.3898,-4.68119e6,2.34546e6,-5.88277e-9
1481520750,28294634.224922676,24258323.596918676,4036.311,3.97015e14,0.3978,-4.67925e6,2.34457e6,-5.88057e-9
1481520780,28276636.201645482,24246478.845302574,4030.157,3.96899e14,0.4268,-4.67669e6,2.34363e6,-5.87822e-9
1481520810,28258621.906126752,24234709.710229415,4023.912,3.96755e14,0.4629,-4.67384e6,2.34262e6,-5.87570e-9
1481520840,28240591.5935884,24223016.59863652,4017.575,3.99167e14,0.1421,-4.68586e6,2.34155e6,-5.87303e-9
1481520870,28222545.520498168,24211399.915902622,4011.146,4.01145e14,0.6383,-4.69521e6,2.34041e6,-5.87019e-9
1481520900,28204483.94457268,24199860.06581584,4004.624,3.99746e14,0.2875,-4.68460e6,2.33921e6,-5.86720e-9
1481520930,28186407.12475902,24188397.450591728,3998.010,3.99343e14,0.1862,-4.67971e6,2.33795e6,-5.86404e-9
1481520960,28168315.321303736,24177012.470686015,3991.303,4.01196e14,0.6511,-4.68791e6,2.33662e6,-5.86072e-9
1481520990,28150208.795689944,24165705.524917614,3984.503,4.01419e14,0.7072,-4.68643e6,2.33522e6,-5.85724e-9
1481521020,28132087.810661387,24154477.01038652,3977.611,3.93511e14,1.2769,-4.63721e6,2.33376e6,-5.85360e-9
1481521050,28113952.630225003,24143327.32244188,3970.625,3.95379e14,0.8082,-4.64512e6,2.33224e6,-5.84978e-9
1481521080,28095803.51965371,24132256.854650088,3963.547,4.01354e14,0.6909,-4.67688e6,2.33064e6,-5.84581e-9
1481521110,28077640.745488968,24121265.99876277,3956.375,3.95084e14,0.8822,-4.63693e6,2.32899e6,-5.84167e-9
1481521140,28059464.57554333,24110355.144684862,3949.109,3.95007e14,0.9016,-4.63306e6,2.32726e6,-5.83736e-9
1481521170,28041275.27890298,24099524.680442594,3941.751,3.96272e14,0.5842,-4.63687e6,2.32547e6,-5.83288e-9
1481521200,28023073.125930183,24088774.992151413,3934.298,3.96887e14,0.4299,-4.63676e6,2.32361e6,-5.82823e-9
1481521230,28004858.388286203,24078106.46393973,3926.752,4.05183e14,1.6515,-4.68123e6,2.32168e6,-5.82342e-9
1481521260,27986631.33887081,24067519.478053167,3919.112,4.00928e14,0.5840,-4.65246e6,2.31969e6,-5.81843e-9
1481521290,27968392.251887463,24057014.414685983,3911.378,3.93355e14,1.3160,-4.60430e6,2.31762e6,-5.81327e-9
1481521320,27950141.402825534,24046591.65199266,3903.550,3.94124e14,1.1232,-4.60454e6,2.31549e6,-5.80794e-9
1481521350,27931879.06846271,24036251.56605554,3895.628,3.96910e14,0.4241,-4.61634e6,2.31329e6,-5.80244e-9
1481521380,27913605.52686744,24025994.530852288,3887.611,3.96195e14,0.6034,-4.60767e6,2.31102e6,-5.79676e-9
1481521410,27895321.05740127,24015820.91822344,3879.500,4.01444e14,0.7134,-4.63341e6,2.30868e6,-5.79091e-9
1481521440,27877025.940721188,24005731.097839914,3871.295,4.05199e14,1.6554,-4.65030e6,2.30627e6,-5.78489e-9
1481521470,27858720.458781864,23995725.43717057,3862.995,4.02456e14,0.9673,-4.62946e6,2.30379e6,-5.77869e-9
1481521500,27840404.894837935,23985804.30144977,3854.601,4.01714e14,0.7810,-4.62005e6,2.30124e6,-5.77231e-9
1481521530,27822079.53343763,23975968.05367922,3846.111,3.96027e14,0.6456,-4.58202e6,2.29862e6,-5.76575e-9
1481521560,27803744.6604511,23966217.054490257,3837.528,3.96207e14,0.6006,-4.57769e6,2.29593e6,-5.75902e-9
1481521590,27785400.56304631,23956551.662216984,3828.849,3.96535e14,0.5182,-4.57408e6,2.29316e6,-5.75211e-9
1481521620,27767047.52969937,23946972.23283025,3820.075,3.96569e14,0.5096,-4.56863e6,2.29033e6,-5.74502e-9
1481521650,27748685.850196455,23937479.1199057,3811.207,4.01425e14,0.7086,-4.59070e6,2.28742e6,-5.73775e-9
1481521680,27730315.815635603,23928072.67459193,3802.243,4.02059e14,0.8677,-4.58836e6,2.28444e6,-5.73030e-9
1481521710,27711937.71842849,23918753.245578736,3793.184,3.96693e14,0.4786,-4.55154e6,2.28139e6,-5.72267e-9
1481521740,27693551.85230205,23909521.17906541,3784.031,3.93102e14,1.3793,-4.52479e6,2.27827e6,-5.71485e-9
1481521770,27675158.512300115,23900376.8187291,3774.782,3.95092e14,0.8801,-4.52981e6,2.27507e6,-5.70686e-9
1481521800,27656757.994784925,23891320.505693294,3765.437,3.99993e14,0.3493,-4.55123e6,2.27180e6,-5.69868e-9
1481521830,27638350.59743144,23882352.578458928,3755.998,4.00340e14,0.4364,-4.54652e6,2.26846e6,-5.69031e-9
1481521860,27619936.61925065,23873473.372988325,3746.463,4.01912e14,0.8307,-4.54861e6,2.26504e6,-5.68176e-9
1481521890,27601516.360569045,23864683.22255851,3736.833,4.01323e14,0.6832,-4.53827e6,2.26155e6,-5.67303e-9
1481521920,27583090.123036772,23855982.457767103,3727.108,3.99636e14,0.2598,-4.52157e6,2.25799e6,-5.66411e-9
1481521950,27564658.209628828,23847371.406501025,3717.287,4.02358e14,0.9428,-4.52969e6,2.25435e6,-5.65500e-9
1481521980,27546220.924646035,23838850.39390525,3707.371,4.01787e14,0.7994,-4.51901e6,2.25064e6,-5.64571e-9
1481522010,27527778.573716052,23830419.742351793,3697.359,4.03276e14,1.1729,-4.51980e6,2.24685e6,-5.63623e-9
1481522040,27509331.463794254,23822079.77140878,3687.252,3.94432e14,1.0457,-4.46228e6,2.24298e6,-5.62656e-9
1481522070,27490879.903164525,23813830.797809698,3677.049,3.95231e14,0.8452,-4.45894e6,2.23905e6,-5.61670e-9
1481522100,27472424.20144007,23805673.135422852,3666.751,3.98408e14,0.0483,-4.46877e6,2.23503e6,-5.60666e-9
1481522130,27453964.66958053,23797607.095271543,3656.358,3.96733e14,0.4686,-4.45122e6,2.23094e6,-5.59642e-9
1481522160,27435501.619842004,23789632.98534797,3645.869,4.06955e14,2.0959,-4.50002e6,2.22678e6,-5.58599e-9
1481522190,27417035.36582816,23781751.110739294,3635.284,4.02729e14,1.0358,-4.46790e6,2.22253e6,-5.57537e-9
1481522220,27398566.222474564,23773961.7735477,3624.604,3.97381e14,0.3060,-4.42947e6,2.21821e6,-5.56457e-9
1481522250,27380094.506049138,23766265.272861216,3613.829,4.01266e14,0.6687,-4.44228e6,2.21382e6,-5.55356e-9
1481522280,27361620.534152675,23758661.904724594,3602.959,4.00356e14,0.4404,-4.42827e6,2.20935e6,-5.54237e-9
1481522310,27343144.62571919,23751151.96211056,3591.993,3.95794e14,0.7041,-4.39393e6,2.20480e6,-5.53098e-9
1481522340,27324667.101016235,23743735.734891128,3580.931,3.90738e14,1.9724,-4.35681e6,2.20017e6,-5.51940e-9
1481522370,27306188.281645115,23736413.509809144,3569.775,3.90989e14,1.9096,-4.34889e6,2.19547e6,-5.50763e-9
1481522400,27287708.490541004,23729185.570450068,3558.523,3.98332e14,0.0673,-4.37979e6,2.19069e6,-5.49566e-9
1481522430,27269228.05195764,23722052.197156806,3547.176,4.00007e14,0.3530,-4.37927e6,2.18583e6,-5.48350e-9
1481522460,27250747.29151449,23715013.667177778,3535.734,4.01840e14,0.8128,-4.37942e6,2.18089e6,-5.47114e-9
1481522490,27232266.536149405,23708070.25446318,3524.196,4.04555e14,1.4938,-4.38417e6,2.17588e6,-5.45859e-9
1481522520,27213786.11413341,23701222.22969404,3512.564,4.01574e14,0.7460,-4.35769e6,2.17079e6,-5.44584e-9
1481522550,27195306.35507034,23694469.860254552,3500.836,3.97124e14,0.3704,-4.32315e6,2.16562e6,-5.43289e-9
1481522580,27176827.589896183,23687813.410204727,3489.014,3.97591e14,0.2532,-4.31521e6,2.16037e6,-5.41975e-9
1481522610,27158350.150878437,23681253.14025313,3477.097,4.00081e14,0.3714,-4.31804e6,2.15504e6,-5.40641e-9
1481522640,27139874.37161534,23674789.307730027,3465.085,4.00588e14,0.4987,-4.30995e6,2.14963e6,-5.39287e-9
1481522670,27121400.58703493,23668422.16656065,3452.978,4.00280e14,0.4213,-4.29731e6,2.14415e6,-5.37913e-9
1481522700,27102929.133394107,23662151.96723885,3440.777,3.99481e14,0.2210,-4.28188e6,2.13858e6,-5.36520e-9
1481522730,27084460.34828413,23655978.956853155,3428.481,4.02065e14,0.8692,-4.28442e6,2.13294e6,-5.35107e-9
1481522760,27065994.5706091,23649903.37890028,3416.091,3.97593e14,0.2527,-4.24907e6,2.12722e6,-5.33674e-9
1481522790,27047532.140604973,23643925.47342043,3403.607,3.98081e14,0.1303,-4.24009e6,2.12141e6,-5.32221e-9
1481522820,27029073.39983169,23638045.476920627,3391.028,3.99467e14,0.2173,-4.23569e6,2.11553e6,-5.30748e-9
1481522850,27010618.691171657,23632263.622350074,3378.355,3.96915e14,0.4229,-4.21026e6,2.10957e6,-5.29256e-9
1481522880,26992168.35882824,23626580.139076136,3365.588,3.99783e14,0.2968,-4.21336e6,2.10353e6,-5.27743e-9
1481522910,26973722.748324085,23620995.25286041,3352.727,4.01840e14,0.8128,-4.21193e6,2.09741e6,-5.26210e-9
1481522940,26955282.206499353,23615509.18583526,3339.773,4.03027e14,1.1106,-4.20572e6,2.09121e6,-5.24657e-9
1481522970,26936847.081509855,23610122.156480625,3326.725,4.01822e14,0.8081,-4.18680e6,2.08493e6,-5.23085e-9
1481523000,26918417.722825058,23604834.379601125,3313.583,3.99055e14,0.1141,-4.15961e6,2.07857e6,-5.21492e-9
1481523030,26899994.4812306,23599646.066257425,3300.348,4.01291e14,0.6750,-4.15835e6,2.07213e6,-5.19879e-9
1481523060,26881577.708811965,23594557.423886135,3287.020,4.01266e14,0.6687,-4.14515e6,2.06561e6,-5.18246e-9
1481523090,26863167.758966316,23589568.65613559,3273.599,3.96317e14,0.5728,-4.10636e6,2.05901e6,-5.16593e-9
1481523120,26844764.98639544,23584679.96288998,3260.085,3.90365e14,2.0661,-4.06239e6,2.05233e6,-5.14919e-9
1481523150,26826369.747103345,23579891.54024777,3246.478,3.90684e14,1.9861,-4.05066e6,2.04557e6,-5.13226e-9
1481523180,26807982.3983935,23575203.580500554,3232.779,3.97353e14,0.3130,-4.07124e6,2.03873e6,-5.11513e-9
1481523210,26789603.29886618,23570616.272112172,3218.987,3.99419e14,0.2053,-4.06796e6,2.03180e6,-5.09779e-9
1481523240,26771232.808415458,23566129.799698226,3205.103,3.98638e14,0.0095,-4.04999e6,2.02480e6,-5.08025e-9
1481523270,26752871.288226273,23561744.344006013,3191.127,4.01312e14,0.6803,-4.04937e6,2.01772e6,-5.06251e-9
1481523300,26734519.100771178,23557460.081894763,3177.059,4.01911e14,0.8305,-4.03803e6,2.01056e6,-5.04457e-9
1481523330,26716176.60979317,23553277.18635808,3162.899,4.04457e14,1.4693,-4.03629e6,2.00332e6,-5.02643e-9
1481523360,26697844.180345092,23549195.8263763,3148.648,4.02138e14,0.8874,-4.00993e6,1.99599e6,-5.00809e-9
1481523390,26679522.178743176,23545216.16702703,3134.306,3.95490e14,0.7803,-3.96190e6,1.98859e6,-4.98954e-9
1481523420,26661210.972577073,23541338.369425565,3119.873,3.94567e14,1.0119,-3.94242e6,1.98110e6,-4.97079e-9
1481523450,26642910.930705864,23537562.590707492,3105.348,3.91446e14,1.7949,-3.91192e6,1.97354e6,-4.95185e-9
1481523480,26624622.42325398,23533888.984011717,3090.733,3.98036e14,0.1416,-3.92929e6,1.96590e6,-4.93270e-9
1481523510,26606345.821606968,23530317.698463906,3076.028,4.02718e14,1.0331,-3.93687e6,1.95817e6,-4.91335e-9
1481523540,26588081.498407062,23526848.879160266,3061.233,3.97370e14,0.3086,-3.89501e6,1.95037e6,-4.89379e-9
1481523570,26569829.827548664,23523482.66715187,3046.347,3.94908e14,0.9265,-3.86728e6,1.94248e6,-4.87404e-9
1481523600,26551591.184173726,23520219.199429248,3031.372,3.99226e14,0.1570,-3.87239e6,1.93452e6,-4.85408e-9
1481523630,26533365.944686614,23517058.608874734,3016.307,4.01964e14,0.8438,-3.86953e6,1.92647e6,-4.83393e-9
1481523660,26515154.486688465,23514001.02434908,3001.153,3.97999e14,0.1508,-3.83414e6,1.91835e6,-4.81357e-9
1481523690,26496957.189032868,23511046.570575736,2985.911,3.95007e14,0.9014,-3.80342e6,1.91014e6,-4.79302e-9
1481523720,26478774.431801215,23508195.368159857,2970.579,3.97805e14,0.1995,-3.80029e6,1.90186e6,-4.77226e-9
1481523750,26460606.59629736,23505447.53357476,2955.159,3.93528e14,1.2725,-3.76326e6,1.89349e6,-4.75130e-9
1481523780,26442454.06504237,23502803.179148834,2939.651,3.98577e14,0.0059,-3.77037e6,1.88505e6,-4.73014e-9
1481523810,26424317.22176893,23500262.41305292,2924.055,4.02348e14,0.9402,-3.77109e6,1.87652e6,-4.70879e-9
1481523840,26406196.45141571,23497825.339288015,2908.371,3.97713e14,0.2225,-3.73209e6,1.86792e6,-4.68723e-9
1481523870,26388092.140121497,23495492.057673573,2892.600,4.02540e14,0.9883,-3.73727e6,1.85924e6,-4.66547e-9
1481523900,26370004.67521924,23493262.663836103,2876.742,3.90402e14,2.0569,-3.66331e6,1.85047e6,-4.64352e-9
1481523930,26351934.445207387,23491137.249212146,2860.797,3.88892e14,2.4357,-3.63884e6,1.84163e6,-4.62137e-9
1481523960,26333881.839812867,23489115.90099512,2844.766,3.99738e14,0.2853,-3.67111e6,1.83271e6,-4.59902e-9
1481523990,26315847.24991514,23487198.70216843,2828.649,3.91565e14,1.7651,-3.61570e6,1.82371e6,-4.57647e-9
1481524020,26297831.067561805,23485385.731482126,2812.445,3.96034e14,0.6438,-3.61806e6,1.81463e6,-4.55372e-9
1481524050,26279833.68596167,23483677.063443992,2796.157,4.04407e14,1.4567,-3.63776e6,1.80548e6,-4.53078e-9
1481524080,26261855.49947751,23482072.7683111,2779.783,4.08874e14,2.5774,-3.63930e6,1.79624e6,-4.50764e-9
1481524110,26243896.903618757,23480572.912081894,2763.324,4.04279e14,1.4246,-3.59984e6,1.78693e6,-4.48430e-9
1481524140,26225958.295033976,23479177.556488708,2746.781,3.90492e14,2.0343,-3.51943e6,1.77754e6,-4.46077e-9
1481524170,26208040.07150321,23477886.75899081,2730.153,3.95908e14,0.6754,-3.52473e6,1.76807e6,-4.43704e-9
1481524200,26190142.631930094,23476700.5727678,2713.442,3.99622e14,0.2562,-3.52210e6,1.75853e6,-4.41312e-9
1481524230,26172266.376358163,23475619.04671185,2696.647,3.97441e14,0.2908,-3.49327e6,1.74890e6,-4.38900e-9
1481524260,26154411.70588776,23474642.22542805,2679.769,3.96842e14,0.4411,-3.47129e6,1.73920e6,-4.36469e-9
1481524290,26136579.02274291,23473770.149223223,2662.809,3.97792e14,0.2027,-3.45592e6,1.72942e6,-4.34019e-9
1481524320,26118768.730238512,23473002.854103427,2645.766,4.01010e14,0.6045,-3.45012e6,1.71957e6,-4.31549e-9
1481524350,26100981.232771933,23472340.371769834,2628.641,3.97077e14,0.3823,-3.41333e6,1.70964e6,-4.29060e-9
1481524380,26083216.935814276,23471782.72961521,2611.434,3.95179e14,0.8583,-3.38527e6,1.69963e6,-4.26552e-9
1481524410,26065476.245901544,23471329.95072083,2594.146,3.99890e14,0.3236,-3.38518e6,1.68954e6,-4.24025e-9
1481524440,26047759.570625566,23470982.053853847,2576.778,4.01274e14,0.6708,-3.37067e6,1.67938e6,-4.21478e-9
1481524470,26030067.31862472,23470739.053465243,2559.328,4.01835e14,0.8115,-3.35249e6,1.66915e6,-4.18913e-9
1481524500,26012399.899574574,23470600.959688235,2541.799,4.02846e14,1.0650,-3.33600e6,1.65884e6,-4.16329e-9
1481524530,25994757.72415188,23470567.77834273,2524.190,3.96182e14,0.6067,-3.28756e6,1.64845e6,-4.13726e-9
1481524560,25977141.20410594,23470639.51091743,2506.502,3.94721e14,0.9734,-3.26070e6,1.63799e6,-4.11104e-9
1481524590,25959550.752167094,23470816.154587142,2488.735,3.99277e14,0.1696,-3.25835e6,1.62746e6,-4.08463e-9
1481524620,25941986.78206268,23471097.702207584,2470.889,3.93874e14,1.1857,-3.21520e6,1.61685e6,-4.05804e-9
1481524650,25924449.708506405,23471484.14231619,2452.966,4.06291e14,1.9294,-3.24403e6,1.60616e6,-4.03127e-9
1481524680,25906939.947187524,23471975.459133532,2434.964,4.10110e14,2.8875,-3.23761e6,1.59540e6,-4.00430e-9
1481524710,25889457.914759863,23472571.632565178,2416.886,3.98096e14,0.1266,-3.16786e6,1.58457e6,-3.97716e-9
1481524740,25872004.02883058,23473272.638204005,2398.731,4.01286e14,0.6738,-3.15868e6,1.57367e6,-3.94983e-9
1481524770,25854578.70794878,23474078.44733299,2380.500,4.00010e14,0.3537,-3.13166e6,1.56269e6,-3.92231e-9
1481524800,25837182.37159392,23474989.026928525,2362.193,3.92813e14,1.4519,-3.08150e6,1.55165e6,-3.89462e-9
1481524830,25819815.4401927,23476004.339647375,2343.811,3.98819e14,0.0549,-3.08266e6,1.54052e6,-3.86674e-9
1481524860,25802478.33501867,23477124.343882684,2325.354,4.02107e14,0.8797,-3.07290e6,1.52933e6,-3.83869e-9
1481524890,25785171.47826891,23478348.99371667,2306.822,3.87757e14,2.7203,-2.99560e6,1.51807e6,-3.81045e-9
1481524920,25767895.29302305,23479678.238942515,2288.217,3.97788e14,0.2039,-3.01118e6,1.50673e6,-3.78204e-9
1481524950,25750650.203231048,23481112.02506987,2269.538,4.07180e14,2.1525,-3.02366e6,1.49533e6,-3.75345e-9
1481524980,25733436.633700546,23482650.293330837,2250.786,4.04592e14,1.5033,-2.99083e6,1.48385e6,-3.72468e-9
1481525010,25716255.01008422,23484292.98068649,2231.962,4.03533e14,1.2374,-2.96366e6,1.47231e6,-3.69574e-9
1481525040,25699105.758866835,23486040.01983373,2213.066,4.03429e14,1.2114,-2.93992e6,1.46069e6,-3.66663e-9
1481525070,25681989.30735204,23487891.33921278,2194.098,4.14094e14,3.8869,-2.95521e6,1.44901e6,-3.63734e-9
1481525100,25664906.083649024,23489846.863015044,2175.059,4.07328e14,2.1896,-2.90684e6,1.43726e6,-3.60787e-9
1481525130,25647856.516630795,23491906.511211537,2155.950,3.96612e14,0.4989,-2.84461e6,1.42544e6,-3.57824e-9
1481525160,25630841.036007162,23494070.19949993,2136.771,4.08187e14,2.4050,-2.86197e6,1.41355e6,-3.54843e-9
1481525190,25613860.072223548,23496337.839375906,2117.522,4.08924e14,2.5899,-2.84037e6,1.40159e6,-3.51846e-9
1481525220,25596914.056474697,23498709.338123,2098.205,3.97041e14,0.3913,-2.77457e6,1.38957e6,-3.48832e-9
1481525250,25580003.420690015,23501184.598823074,2078.819,4.04356e14,1.4438,-2.77574e6,1.37748e6,-3.45801e-9
1481525280,25563128.597518645,23503763.520367153,2059.365,4.04210e14,1.4072,-2.75077e6,1.36532e6,-3.42754e-9
1481525310,25546290.02031432,23506445.99746684,2039.844,3.96159e14,0.6125,-2.69881e6,1.35310e6,-3.39690e-9
1481525340,25529488.123120043,23509231.920666046,2020.256,4.00399e14,0.4513,-2.68860e6,1.34082e6,-3.36609e-9
1481525370,25512723.340652473,23512121.176353313,2000.602,4.00154e14,0.3898,-2.66303e6,1.32846e6,-3.33512e-9
1481530890,23511046.570575736,25519108.30500197,2008.062,3.98552e14,0.0123,2.66817e6,-1.33427e6,3.34688e-9
1481530920,23508195.368159857,25535888.825007454,2027.693,3.96148e14,0.6153,2.68468e6,-1.34658e6,3.37779e-9
1481530950,23505447.53357476,25552706.299434416,2047.259,3.95110e14,0.8757,2.70557e6,-1.35882e6,3.40853e-9
1481530980,23502803.179148834,25569560.293643728,2066.757,3.95907e14,0.6757,2.73257e6,-1.37100e6,3.43911e-9
1481531010,23500262.41305292,25586450.37367706,2086.188,4.05199e14,1.6555,2.78896e6,-1.38311e6,3.46953e-9
1481531040,23497825.339288015,25603376.106272303,2105.551,4.07320e14,2.1875,2.82069e6,-1.39516e6,3.49978e-9
1481531070,23495492.057673573,25620337.058878936,2124.845,3.96857e14,0.4374,2.80799e6,-1.40714e6,3.52986e-9
1481531100,23493262.663836103,25637332.79967299,2144.070,3.93719e14,1.2247,2.82060e6,-1.41905e6,3.55978e-9
1481531130,23491137.249212146,25654362.897551414,2163.226,3.91759e14,1.7163,2.83712e6,-1.43089e6,3.58952e-9
1481531160,23489115.90099512,25671426.92220979,2182.311,3.94873e14,0.9351,2.87175e6,-1.44267e6,3.61909e-9
1481531190,23487198.70216843,25688524.444093525,2201.326,3.96877e14,0.4324,2.90238e6,-1.45438e6,3.64850e-9
1481531220,23485385.731482126,25705655.03443227,2220.269,3.95635e14,0.7439,2.92105e6,-1.46601e6,3.67773e-9
1481531250,23483677.063443992,25722818.265253656,2239.141,4.01541e14,0.7377,2.96601e6,-1.47758e6,3.70678e-9
1481531280,23482072.7683111,25740013.709396914,2257.941,4.07572e14,2.2508,3.01163e6,-1.48908e6,3.73566e-9
1481531310,23480572.912081894,25757240.940526176,2276.668,4.00638e14,0.5113,3.00866e6,-1.50051e6,3.76436e-9
1481531340,23479177.556488708,25774499.533143587,2295.322,3.86337e14,3.0766,2.97721e6,-1.51187e6,3.79289e-9
1481531370,23477886.75899081,25791789.062602263,2313.902,3.88116e14,2.6303,3.00625e6,-1.52316e6,3.82124e-9
1481531400,23476700.5727678,25809109.105118956,2332.409,3.96776e14,0.4577,3.06173e6,-1.53438e6,3.84941e-9
1481531430,23475619.04671185,25826459.23780421,2350.840,3.99288e14,0.1724,3.09372e6,-1.54552e6,3.87741e-9
1481531460,23474642.22542805,25843839.03862044,2369.197,3.93854e14,1.1908,3.09468e6,-1.55660e6,3.90522e-9
1481531490,23473770.149223223,25861248.086448282,2387.478,3.94095e14,1.1302,3.11752e6,-1.56760e6,3.93285e-9
1481531520,23473002.854103427,25878685.96108112,2405.683,3.96391e14,0.5543,3.14835e6,-1.57853e6,3.96030e-9
1481531550,23472340.371769834,25896152.243236966,2423.812,3.94256e14,1.0899,3.16151e6,-1.58939e6,3.98756e-9
1481531580,23471782.72961521,25913646.514570072,2441.864,3.96795e14,0.4530,3.19316e6,-1.60017e6,4.01464e-9
1481531610,23471329.95072083,25931168.357682478,2459.838,4.00779e14,0.5465,3.23064e6,-1.61088e6,4.04154e-9
1481531640,23470982.053853847,25948717.356135238,2477.735,4.02659e14,1.0182,3.25963e6,-1.62151e6,4.06825e-9
1481531670,23470739.053465243,25966293.094459552,2495.554,4.01106e14,0.6285,3.27451e6,-1.63208e6,4.09478e-9
1481531700,23470600.959688235,25983895.15816762,2513.294,4.02360e14,0.9433,3.30074e6,-1.64256e6,4.12112e-9
1481531730,23470567.77834273,26001523.13375253,2530.955,3.97871e14,0.1830,3.30305e6,-1.65298e6,4.14727e-9
1481531760,23470639.51091743,26019176.608732074,2548.537,3.93598e14,1.2549,3.30589e6,-1.66331e6,4.17323e-9
1481531790,23470816.154587142,26036855.171625834,2566.039,3.96931e14,0.4188,3.34029e6,-1.67358e6,4.19901e-9
1481531820,23471097.702207584,26054558.411975916,2583.461,3.92174e14,1.6123,3.34054e6,-1.68376e6,4.22459e-9
1481531850,23471484.14231619,26072285.92035679,2600.802,3.98840e14,0.0601,3.38894e6,-1.69388e6,4.24999e-9
1481531880,23471975.459133532,26090037.288384926,2618.062,4.00067e14,0.3678,3.41427e6,-1.70391e6,4.27519e-9
1481531910,23472571.632565178,26107812.108728286,2635.240,3.91313e14,1.8283,3.39660e6,-1.71387e6,4.30020e-9
1481531940,23473272.638204005,26125609.975115534,2652.337,3.95045e14,0.8920,3.43233e6,-1.72375e6,4.32503e-9
1481531970,23474078.44733299,26143430.482345153,2669.352,3.97308e14,0.3242,3.46171e6,-1.73356e6,4.34965e-9
1481532000,23474989.026928525,26161273.226294283,2686.284,3.91625e14,1.7499,3.45629e6,-1.74329e6,4.37409e-9
1481532030,23476004.339647375,26179137.80393366,2703.133,3.97400e14,0.3011,3.50084e6,-1.75294e6,4.39833e-9
1481532060,23477124.343882684,26197023.81331727,2719.899,4.03695e14,1.2781,3.54781e6,-1.76252e6,4.42238e-9
1481532090,23478348.99371667,26214930.853609316,2736.582,3.98430e14,0.0427,3.54353e6,-1.77201e6,4.44623e-9
1481532120,23479678.238942515,26232858.525086507,2753.180,3.99595e14,0.2495,3.56758e6,-1.78143e6,4.46989e-9
1481532150,23481112.02506987,26250806.429146085,2769.694,3.98548e14,0.0133,3.58159e6,-1.79077e6,4.49335e-9
1481532180,23482650.293330837,26268774.1683137,2786.124,4.02456e14,0.9673,3.61778e6,-1.80004e6,4.51662e-9
1481532210,23484292.98068649,26286761.34625117,2802.468,3.99864e14,0.3169,3.62448e6,-1.80922e6,4.53969e-9
1481532240,23486040.01983373,26304767.56776398,2818.728,3.96086e14,0.6308,3.62550e6,-1.81833e6,4.56256e-9
1481532270,23487891.33921278,26322792.438808683,2834.901,3.99308e14,0.1775,3.65828e6,-1.82736e6,4.58524e-9
1481532300,23489846.863015044,26340835.5665001,2850.989,4.00024e14,0.3571,3.67950e6,-1.83631e6,4.60772e-9
1481532330,23491906.511211537,26358896.55911341,2866.990,4.01130e14,0.6347,3.70241e6,-1.84518e6,4.63000e-9
1481532360,23494070.19949993,26376975.02610611,2882.905,4.02272e14,0.9210,3.72537e6,-1.85397e6,4.65208e-9
1481532390,23496337.839375906,26395070.578109954,2898.733,4.04678e14,1.5248,3.75413e6,-1.86268e6,4.67396e-9
1481532420,23498709.338123,26413182.826942146,2914.473,4.03557e14,1.2434,3.76628e6,-1.87132e6,4.69565e-9
1481532450,23501184.598823074,26431311.385611665,2930.127,4.02137e14,0.8873,3.77681e6,-1.87987e6,4.71713e-9
1481532480,23503763.520367153,26449455.868325494,2945.692,4.00165e14,0.3925,3.78449e6,-1.88835e6,4.73842e-9
1481532510,23506445.99746684,26467615.8904946,2961.170,3.98031e14,0.1428,3.79117e6,-1.89674e6,4.75950e-9
1481532540,23509231.920666046,26485791.068739783,2976.559,3.97150e14,0.3638,3.80359e6,-1.90506e6,4.78039e-9
1481532570,23512121.176353313,26503981.02089739,2991.860,3.98813e14,0.0534,3.82802e6,-1.91329e6,4.80107e-9
1481532600,23515113.64677445,26522185.36602482,3007.072,3.98648e14,0.0120,3.84355e6,-1.92145e6,4.82156e-9
1481532630,23518209.210028604,26540403.724413555,3022.195,3.98961e14,0.0904,3.86123e6,-1.92952e6,4.84184e-9
1481532660,23521407.740134533,26558635.71757107,3037.228,3.95527e14,0.7710,3.86054e6,-1.93752e6,4.86193e-9
1481532690,23524709.106991805,26576880.968248926,3052.172,3.91125e14,1.8755,3.85483e6,-1.94544e6,4.88181e-9
1481532720,23528113.17641216,26595139.10044043,3067.026,4.01802e14,0.8032,3.92270e6,-1.95327e6,4.90149e-9
1481532750,23531619.81013424,26613409.739385426,3081.790,4.00036e14,0.3601,3.92959e6,-1.96103e6,4.92097e-9
1481532780,23535228.8658387,26631692.51157499,3096.464,3.92223e14,1.6000,3.90638e6,-1.96870e6,4.94025e-9
1481532810,23538940.197163783,26649987.044756003,3111.047,3.99484e14,0.2217,3.95747e6,-1.97630e6,4.95933e-9
1481532840,23542753.65372128,26668292.967935536,3125.539,4.01051e14,0.6148,3.98033e6,-1.98381e6,4.97820e-9
1481532870,23546669.08111289,26686609.91138512,3139.941,3.97873e14,0.1824,3.97937e6,-1.99125e6,4.99688e-9
1481532900,23550686.320947032,26704937.506644864,3154.251,3.98542e14,0.0147,3.99743e6,-1.99860e6,5.01535e-9
1481532930,23554805.210865773,26723275.386511344,3168.470,4.01023e14,0.6078,4.02448e6,-2.00588e6,5.03362e-9
1481532960,23559025.584532544,26741623.185090967,3182.598,3.97569e14,0.2588,4.02147e6,-2.01307e6,5.05169e-9
1481532990,23563347.271679927,26759980.537754275,3196.633,3.95589e14,0.7554,4.02565e6,-2.02019e6,5.06956e-9
1481533020,23567770.098118618,26778347.08115529,3210.577,3.94142e14,1.1186,4.03231e6,-2.02722e6,5.08722e-9
1481533050,23572293.88575621,26796722.45323488,3224.429,3.90758e14,1.9675,4.02887e6,-2.03417e6,5.10469e-9
1481533080,23576918.452616543,26815106.29322398,3238.188,3.97168e14,0.3593,4.07532e6,-2.04105e6,5.12195e-9
1481533110,23581643.61285937,26833498.24164663,3251.855,4.00423e14,0.4571,4.10562e6,-2.04784e6,5.13901e-9
1481533140,23586469.17680038,26851897.940322928,3265.429,3.99538e14,0.2353,4.11452e6,-2.05455e6,5.15587e-9
1481533170,23591394.95093167,26870305.032371912,3278.910,4.01179e14,0.6470,4.13630e6,-2.06119e6,5.17253e-9
1481533200,23596420.737942513,26888719.162214227,3292.298,3.99657e14,0.2652,4.14156e6,-2.06774e6,5.18899e-9
1481533230,23601546.336740546,26907139.975605953,3305.594,4.03556e14,1.2431,4.17482e6,-2.07421e6,5.20525e-9
1481533260,23606771.54247325,26925567.119545,3318.796,4.03706e14,1.2809,4.18848e6,-2.08061e6,5.22130e-9
1481533290,23612096.146550026,26944000.242369737,3331.904,4.00220e14,0.4063,4.18293e6,-2.08692e6,5.23716e-9
1481533320,23617519.936664358,26962438.993730377,3344.919,3.99074e14,0.1187,4.18941e6,-2.09315e6,5.25282e-9
1481533350,23623042.696816336,26980883.024591375,3357.840,3.97052e14,0.3884,4.19108e6,-2.09930e6,5.26827e-9
1481533380,23628664.207335558,26999331.98723363,3370.668,3.98207e14,0.0988,4.20931e6,-2.10538e6,5.28352e-9
1481533410,23634384.244904384,27017785.535256736,3383.401,3.91750e14,1.7187,4.18709e6,-2.11137e6,5.29858e-9
1481533440,23640202.582581412,27036243.32358092,3396.041,3.93273e14,1.3365,4.20692e6,-2.11729e6,5.31343e-9
1481533470,23646118.989825383,27054705.008448966,3408.586,3.99986e14,0.3476,4.25428e6,-2.12312e6,5.32809e-9
1481533500,23652133.232519273,27073170.24742798,3421.037,3.98459e14,0.0356,4.25766e6,-2.12888e6,5.34255e-9
1481533530,23658245.07298518,27091638.6993637,3433.394,3.97761e14,0.2106,4.26528e6,-2.13455e6,5.35680e-9
1481533560,23664454.27003875,27110110.024527937,3445.656,3.98110e14,0.1230,4.27835e6,-2.14015e6,5.37086e-9
1481533590,23670760.578984335,27128583.884473614,3457.823,3.98992e14,0.0982,4.29413e6,-2.14567e6,5.38472e-9
1481533620,23677163.75164995,27147059.942083064,3469.896,3.98861e14,0.0655,4.30432e6,-2.15111e6,5.39839e-9
1481533650,23683663.536412746,27165537.861568756,3481.874,3.96169e14,0.6101,4.30048e6,-2.15647e6,5.41185e-9
1481533680,23690259.678224884,27184017.30847403,3493.758,3.94563e14,1.0129,4.30231e6,-2.16176e6,5.42512e-9
1481533710,23696951.91863961,27202497.949673668,3505.546,3.97761e14,0.2106,4.33006e6,-2.16696e6,5.43819e-9
1481533740,23703739.995837606,27220979.45337433,3517.239,4.03194e14,1.1523,4.36992e6,-2.17209e6,5.45106e-9
1481533770,23710623.644653596,27239461.48911502,3528.838,4.03830e14,1.3121,4.38356e6,-2.17713e6,5.46374e-9
1481533800,23717602.59660327,27257943.72776734,3540.341,3.98371e14,0.0577,4.36367e6,-2.18210e6,5.47622e-9
1481533830,23724676.57992218,27276425.84159128,3551.749,3.98293e14,0.0771,4.37303e6,-2.18700e6,5.48851e-9
1481533860,23731845.31955688,27294907.504064195,3563.062,3.95806e14,0.7011,4.36898e6,-2.19181e6,5.50060e-9
1481533890,23739108.53722899,27313388.390052594,3574.280,3.96462e14,0.5366,4.38204e6,-2.19655e6,5.51250e-9
1481533920,23746465.951451384,27331868.175757054,3585.402,4.00510e14,0.4790,4.41370e6,-2.20121e6,5.52420e-9
1481533950,23753917.277556397,27350346.538712546,3596.429,3.95771e14,0.7098,4.39666e6,-2.20579e6,5.53571e-9
1481533980,23761462.227724332,27368823.157788754,3607.361,3.92415e14,1.5517,4.38703e6,-2.21030e6,5.54703e-9
1481534010,23769100.511012096,27387297.71319033,3618.197,3.92304e14,1.5795,4.39521e6,-2.21472e6,5.55815e-9
1481534040,23776831.83338212,27405769.886456978,3628.938,3.98985e14,0.0965,4.44106e6,-2.21908e6,5.56908e-9
1481534070,23784655.897731468,27424239.36046356,3639.583,3.99009e14,0.1025,4.44975e6,-2.22335e6,5.57982e-9
1481534100,23792572.403921124,27442705.819419954,3650.133,3.97425e14,0.2949,4.44931e6,-2.22755e6,5.59037e-9
1481534130,23800581.04880195,27461168.948818766,3660.588,4.00150e14,0.3887,4.47281e6,-2.23168e6,5.60073e-9
1481534160,23808681.526255317,27479628.435596235,3670.947,3.99979e14,0.3458,4.47996e6,-2.23573e6,5.61089e-9
1481534190,23816873.52721202,27498083.96797014,3681.210,4.02242e14,0.9135,4.50065e6,-2.23970e6,5.62087e-9
1481534220,23825156.739685766,27516535.235491335,3691.378,3.97106e14,0.3748,4.47957e6,-2.24360e6,5.63066e-9
1481534250,23833530.84880339,27534981.929042794,3701.451,3.96703e14,0.4762,4.48492e6,-2.24742e6,5.64026e-9
1481534280,23841995.53683515,27553423.74083861,3711.428,3.97649e14,0.2386,4.49775e6,-2.25117e6,5.64967e-9
1481534310,23850550.483225234,27571860.364422906,3721.310,3.95046e14,0.8917,4.49036e6,-2.25484e6,5.65889e-9
1481534340,23859195.364622306,27590291.494668595,3731.096,3.93627e14,1.2477,4.48949e6,-2.25844e6,5.66793e-9
1481534370,23867929.854910314,27608716.82777617,3740.787,3.95806e14,0.7010,4.50887e6,-2.26196e6,5.67678e-9
1481534400,23876753.625239305,27627136.06127233,3750.382,3.99528e14,0.2327,4.53691e6,-2.26541e6,5.68544e-9
1481534430,23885666.344049025,27645548.894050978,3759.883,4.01555e14,0.7411,4.55521e6,-2.26879e6,5.69392e-9
1481534460,23894667.677122865,27663955.02624113,3769.287,4.00751e14,0.5396,4.55727e6,-2.27209e6,5.70222e-9
1481534490,23903757.28759626,27682354.15933651,3778.597,4.01845e14,0.8139,4.56999e6,-2.27533e6,5.71033e-9
1481534520,23912934.835995298,27700745.99615187,3787.811,4.01481e14,0.7227,4.57426e6,-2.27848e6,5.71826e-9
1481534550,23922199.9802681,27719130.240821686,3796.930,3.97686e14,0.2294,4.55872e6,-2.28157e6,5.72601e-9
1481534580,23931552.375816304,27737506.59879885,3805.954,3.99821e14,0.3063,4.57698e6,-2.28458e6,5.73357e-9
1481534610,23940991.67552666,27755874.776853263,3814.883,4.01440e14,0.7123,4.59217e6,-2.28752e6,5.74096e-9
1481534640,23950517.529802617,27774234.483070403,3823.717,3.96865e14,0.4355,4.57163e6,-2.29039e6,5.74816e-9
1481534670,23960129.58659612,27792585.42684976,3832.456,3.98785e14,0.0462,4.58827e6,-2.29319e6,5.75518e-9
1481534700,23969827.49143941,27810927.318903305,3841.100,4.01160e14,0.6421,4.60741e6,-2.29591e6,5.76203e-9
1481534730,23979610.88748779,27829259.871223338,3849.649,3.96376e14,0.5582,4.58514e6,-2.29857e6,5.76869e-9
1481534760,23989479.415518217,27847582.797174778,3858.103,4.00608e14,0.5036,4.61473e6,-2.30115e6,5.77518e-9
1481534790,23999432.713994697,27865895.811399084,3866.463,3.98089e14,0.1283,4.60521e6,-2.30367e6,5.78149e-9
1481534820,24009470.41908972,27884198.629842672,3874.728,3.97423e14,0.2953,4.60625e6,-2.30611e6,5.78763e-9
1481534850,24019592.16471652,27902490.96975473,3882.899,4.00469e14,0.4689,4.62864e6,-2.30848e6,5.79359e-9
1481534880,24029797.582561348,27920772.549685057,3890.975,3.96561e14,0.5116,4.61059e6,-2.31079e6,5.79937e-9
1481534910,24040086.30211588,27939043.089481775,3898.957,3.95481e14,0.7826,4.60878e6,-2.31302e6,5.80498e-9
1481534940,24050457.95070956,27957302.310288925,3906.844,3.95774e14,0.7091,4.61480e6,-2.31519e6,5.81042e-9
1481534970,24060912.153542057,27975549.934544142,3914.638,3.94544e14,1.0176,4.61183e6,-2.31729e6,5.81568e-9
1481535000,24071448.533715703,27993785.68597612,3922.337,3.95579e14,0.7581,4.62189e6,-2.31932e6,5.82078e-9
1481535030,24082066.712263852,28012009.289619338,3929.943,3.99645e14,0.2621,4.64949e6,-2.32128e6,5.82570e-9
1481535060,24092766.30819593,28030220.47175866,3937.454,3.99697e14,0.2751,4.65359e6,-2.32317e6,5.83045e-9
1481535090,24103546.93851751,28048418.959979706,3944.872,3.99266e14,0.1671,4.65473e6,-2.32500e6,5.83504e-9
1481535120,24114408.218266737,28066604.48314927,3952.196,3.99947e14,0.3378,4.66222e6,-2.32675e6,5.83945e-9
1481535150,24125349.76054672,28084776.771412764,3959.427,3.98353e14,0.0621,4.65630e6,-2.32845e6,5.84370e-9
1481535180,24136371.17655801,28102935.55619165,3966.564,3.95713e14,0.7243,4.64412e6,-2.33007e6,5.84778e-9
1481535210,24147472.075630993,28121080.570180856,3973.608,3.96579e14,0.5071,4.65229e6,-2.33163e6,5.85169e-9
1481535240,24158652.065258164,28139211.547346182,3980.559,3.99958e14,0.3407,4.67506e6,-2.33313e6,5.85544e-9
1481535270,24169910.751126595,28157328.22292156,3987.417,3.99739e14,0.2856,4.67663e6,-2.33455e6,5.85902e-9
1481535300,24181247.737150125,28175430.333406407,3994.183,3.98687e14,0.0216,4.67319e6,-2.33592e6,5.86244e-9
1481535330,24192662.625497486,28193517.616560053,4000.855,4.04684e14,1.5261,4.71097e6,-2.33721e6,5.86570e-9
1481535360,24204155.016637474,28211589.81140763,4007.435,4.03941e14,1.3399,4.70910e6,-2.33845e6,5.86880e-9
1481535390,24215724.50935793,28229646.6582286,4013.922,3.97802e14,0.2003,4.67540e6,-2.33962e6,5.87173e-9
1481535420,24227370.700802006,28247687.898556624,4020.317,3.96786e14,0.4553,4.67164e6,-2.34072e6,5.87450e-9
1481535450,24239093.186500344,28265713.27517671,4026.620,3.97695e14,0.2272,4.67906e6,-2.34177e6,5.87712e-9
1481535480,24250891.560402915,28283722.5321222,4032.831,3.98937e14,0.0844,4.68832e6,-2.34274e6,5.87957e-9
1481535510,24262765.41491097,28301715.414671797,4038.950,3.98270e14,0.0828,4.68623e6,-2.34366e6,5.88187e-9
1481535540,24274714.340908863,28319691.669346504,4044.977,3.98429e14,0.0430,4.68888e6,-2.34451e6,5.88401e-9
1481535570,24286737.927795786,28337651.04390656,4050.913,3.94966e14,0.9117,4.67008e6,-2.34531e6,5.88600e-9
1481535600,24298835.763517544,28355593.287348267,4056.758,3.92818e14,1.4506,4.65888e6,-2.34604e6,5.88782e-9
1481535630,24311007.43460676,28373518.14989185,4062.511,3.95201e14,0.8528,4.67424e6,-2.34670e6,5.88950e-9
1481535660,24323252.52618759,28391425.38300613,4068.173,3.97659e14,0.2361,4.68993e6,-2.34731e6,5.89102e-9
1481535690,24335570.622034326,28409314.739377238,4073.744,4.00797e14,0.5511,4.70951e6,-2.34786e6,5.89239e-9
1481535720,24347961.304593977,28427185.9729144,4079.225,3.96199e14,0.6024,4.68339e6,-2.34834e6,5.89361e-9
1481535750,24360424.155017585,28445038.83874656,4084.615,3.95931e14,0.6697,4.68265e6,-2.34877e6,5.89467e-9
1481535780,24372958.753191486,28462873.093218945,4089.914,3.97213e14,0.3482,4.69094e6,-2.34914e6,5.89559e-9
1481535810,24385564.677768454,28480688.49388969,4095.124,3.95333e14,0.8196,4.68047e6,-2.34944e6,5.89636e-9
1481535840,24398241.506198686,28498484.799526334,4100.243,3.97910e14,0.1733,4.69616e6,-2.34969e6,5.89698e-9
1481535870,24410988.814760692,28516261.77010239,4105.273,3.97702e14,0.2254,4.69531e6,-2.34988e6,5.89745e-9
1481535900,24423806.1785921,28534019.16679385,4110.213,3.98155e14,0.1119,4.69824e6,-2.35001e6,5.89777e-9
1481535930,24436693.171711694,28551756.751991984,4115.064,4.01949e14,0.8402,4.72076e6,-2.35008e6,5.89795e-9
1481535960,24449649.36707654,28569474.289249532,4119.825,4.02181e14,0.8983,4.72216e6,-2.35010e6,5.89799e-9
1481535990,24462674.336585585,28587171.54332759,4124.497,4.00518e14,0.4811,4.71227e6,-2.35006e6,5.89788e-9
1481536020,24475767.651118513,28604848.28017583,4129.081,3.99459e14,0.2154,4.70582e6,-2.34996e6,5.89763e-9
1481536050,24488928.880565826,28622504.266929094,4133.575,3.96787e14,0.4548,4.68975e6,-2.34981e6,5.89724e-9
1481536080,24502157.593858737,28640139.271903865,4137.982,4.00824e14,0.5579,4.71313e6,-2.34959e6,5.89670e-9
1481536110,24515453.35899894,28657753.06459487,4142.300,3.99661e14,0.2661,4.70574e6,-2.34933e6,5.89603e-9
1481536140,24528815.74308822,28675345.41567145,4146.530,3.94872e14,0.9354,4.67686e6,-2.34900e6,5.89521e-9
1481536170,24542244.312357925,28692916.096974112,4150.672,3.97718e14,0.2213,4.69288e6,-2.34863e6,5.89426e-9
1481536200,24555738.632198293,28710464.881510925,4154.726,3.99785e14,0.2971,4.70420e6,-2.34820e6,5.89317e-9
1481536230,24569298.267195866,28727991.54343468,4158.693,3.97359e14,0.3113,4.68893e6,-2.34771e6,5.89195e-9
1481536260,24582922.781137023,28745495.85809856,4162.573,3.97797e14,0.2016,4.69043e6,-2.34717e6,5.89059e-9
1481536290,24596611.73706245,28762977.601993177,4166.366,3.98700e14,0.0249,4.69455e6,-2.34658e6,5.88909e-9
1481536320,24610364.69728762,28780436.552761927,4170.072,3.93181e14,1.3595,4.66077e6,-2.34593e6,5.88746e-9
1481536350,24624181.223431334,28797872.489197105,4173.691,3.92872e14,1.4372,4.65755e6,-2.34523e6,5.88570e-9
1481536380,24638060.876444183,28815285.19123606,4177.224,3.98115e14,0.1219,4.68690e6,-2.34448e6,5.88381e-9
1481536410,24652003.216636773,28832674.43995736,4180.671,4.03185e14,1.1501,4.71512e6,-2.34367e6,5.88178e-9
1481536440,24666007.80370785,28850040.017576814,4184.032,4.02700e14,1.0285,4.71054e6,-2.34282e6,5.87963e-9
1481536470,24680074.19677213,28867381.70744357,4187.308,3.95864e14,0.6866,4.66853e6,-2.34191e6,5.87734e-9
1481536500,24694201.954388082,28884699.294036236,4190.497,3.94917e14,0.9242,4.66106e6,-2.34095e6,5.87493e-9
1481536530,24708390.63457809,28901992.562975626,4193.602,3.99438e14,0.2100,4.68559e6,-2.33994e6,5.87239e-9
1481536560,24722639.794878494,28919261.30096943,4196.622,4.03521e14,1.2345,4.70744e6,-2.33888e6,5.86973e-9
1481536590,24736948.992343944,28936505.29585958,4199.556,4.00404e14,0.4524,4.68691e6,-2.33777e6,5.86693e-9
1481536620,24751317.783581674,28953724.33660187,4202.407,3.94626e14,0.9970,4.65071e6,-2.33661e6,5.86402e-9
1481536650,24765745.7247783,28970918.213262197,4205.172,3.96822e14,0.4462,4.66117e6,-2.33540e6,5.86098e-9
1481536680,24780232.371726293,28988086.7170127,4207.854,4.00775e14,0.5454,4.68181e6,-2.33414e6,5.85782e-9
1481536710,24794777.279850364,29005229.64012801,4210.452,4.01234e14,0.6606,4.68187e6,-2.33284e6,5.85453e-9
1481536740,24809380.004233614,29022346.77598139,4212.967,4.01739e14,0.7874,4.68211e6,-2.33148e6,5.85113e-9
1481536770,24824040.099643476,29039437.919041008,4215.398,3.98788e14,0.0470,4.66204e6,-2.33008e6,5.84760e-9
1481536800,24838757.120557457,29056502.86486604,4217.746,3.99108e14,0.1274,4.66101e6,-2.32863e6,5.84396e-9
1481536830,24853530.62119328,29073541.410095572,4220.011,3.98537e14,0.0160,4.65467e6,-2.32714e6,5.84020e-9
1481536860,24868360.155520137,29090553.35246725,4222.193,3.92012e14,1.6529,4.61350e6,-2.32559e6,5.83632e-9
1481536890,24883245.277298156,29107538.490791194,4224.293,3.95739e14,0.7178,4.63208e6,-2.32401e6,5.83232e-9
1481536920,24898185.540098693,29124496.62495324,4226.311,4.00556e14,0.4906,4.65690e6,-2.32237e6,5.82821e-9
1481536950,24913180.49732913,29141427.555910982,4228.247,3.98770e14,0.0425,4.64312e6,-2.32069e6,5.82399e-9
1481536980,24928229.702257514,29158331.085689887,4230.101,3.95164e14,0.8622,4.61868e6,-2.31896e6,5.81965e-9
1481537010,24943332.7080369,29175207.017379336,4231.874,3.95849e14,0.6904,4.61913e6,-2.31719e6,5.81520e-9
1481537040,24958489.067729548,29192055.155128695,4233.566,3.99419e14,0.2054,4.63626e6,-2.31538e6,5.81063e-9
1481537070,24973698.334330875,29208875.30414324,4235.177,4.01507e14,0.7291,4.64465e6,-2.31352e6,5.80596e-9
1481537100,24988960.060793187,29225667.270680204,4236.707,4.03585e14,1.2505,4.65288e6,-2.31161e6,5.80117e-9
1481537130,25004273.800050437,29242430.862041607,4238.157,4.03240e14,1.1640,4.64696e6,-2.30967e6,5.79628e-9
1481537160,25019639.105038002,29259165.886580158,4239.527,4.00316e14,0.4304,4.62602e6,-2.30768e6,5.79128e-9
1481537190,25035055.528719235,29275872.15368505,4240.817,3.95686e14,0.7312,4.59515e6,-2.30564e6,5.78617e-9
1481537220,25050522.624107238,29292549.4737812,4242.027,3.96217e14,0.5981,4.59408e6,-2.30357e6,5.78095e-9
1481537250,25066039.944287594,29309197.658325158,4243.158,3.99007e14,0.1021,4.60597e6,-2.30145e6,5.77563e-9
1481537280,25081607.04244081,29325816.519801084,4244.209,3.98439e14,0.0405,4.59837e6,-2.29929e6,5.77021e-9
1481537310,25097223.471864603,29342405.8717166,4245.182,3.98306e14,0.0739,4.59320e6,-2.29709e6,5.76468e-9
1481537340,25112888.78599588,29358965.52859875,4246.077,3.95902e14,0.6770,4.57487e6,-2.29485e6,5.75904e-9
1481537370,25128602.538432594,29375495.305989902,4246.893,3.98581e14,0.0050,4.58573e6,-2.29257e6,5.75331e-9
1481537400,25144364.2829553,29391995.02044368,4247.631,4.02297e14,0.9273,4.60244e6,-2.29025e6,5.74747e-9
1481537430,25160173.573545445,29408464.489525836,4248.291,3.97083e14,0.3808,4.56775e6,-2.28789e6,5.74154e-9
1481537460,25176029.96441595,29424903.531795,4248.874,3.97697e14,0.2266,4.56648e6,-2.28549e6,5.73550e-9
1481537490,25191933.010022696,29441311.966813866,4249.379,4.00966e14,0.5936,4.58033e6,-2.28304e6,5.72937e-9
1481537520,25207882.265088283,29457689.61514029,4249.807,3.97406e14,0.2995,4.55498e6,-2.28056e6,5.72314e-9
1481537550,25223877.284622334,29474036.29832327,4250.159,3.99559e14,0.2405,4.56225e6,-2.27805e6,5.71681e-9
1481537580,25239917.623941824,29490351.838898964,4250.434,3.98610e14,0.0025,4.55171e6,-2.27549e6,5.71039e-9
1481537610,25256002.838691022,29506636.06038678,4250.633,3.99910e14,0.3285,4.55393e6,-2.27290e6,5.70387e-9
1481537640,25272132.48486122,29522888.78728538,4250.756,4.02551e14,0.9910,4.56370e6,-2.27026e6,5.69725e-9
1481537670,25288306.118810315,29539109.845068756,4250.804,4.03382e14,1.1995,4.56306e6,-2.26760e6,5.69055e-9
1481537700,25304523.297282025,29555299.06018232,4250.776,4.01888e14,0.8247,4.54912e6,-2.26489e6,5.68375e-9
1481537730,25320783.577421598,29571456.26004378,4250.673,3.98200e14,0.1005,4.52267e6,-2.26215e6,5.67686e-9
1481537760,25337086.516805246,29587581.273024186,4250.495,3.99536e14,0.2347,4.52469e6,-2.25937e6,5.66987e-9
1481537790,25353431.673448183,29603673.928459294,4250.242,3.98741e14,0.0352,4.51454e6,-2.25655e6,5.66280e-9
1481537820,25369818.605826423,29619734.05664064,4249.915,3.99755e14,0.2897,4.51457e6,-2.25370e6,5.65564e-9
1481537850,25386246.872894924,29635761.488811724,4249.515,4.00353e14,0.4397,4.51217e6,-2.25082e6,5.64839e-9
1481537880,25402716.034105565,29651756.057164107,4249.040,4.00432e14,0.4595,4.50676e6,-2.24790e6,5.64105e-9
1481537910,25419225.649424877,29667717.59483353,4248.492,3.99538e14,0.2353,4.49579e6,-2.24494e6,5.63363e-9
1481537940,25435775.279351536,29683645.935895972,4247.871,4.00556e14,0.4906,4.49553e6,-2.24196e6,5.62612e-9
1481537970,25452364.484933693,29699540.9153638,4247.176,4.03278e14,1.1735,4.50476e6,-2.23893e6,5.61853e-9
1481538000,25468992.827786032,29715402.369181816,4246.410,4.01154e14,0.6406,4.48669e6,-2.23588e6,5.61085e-9
1481538030,25485659.87012142,29731230.134205773,4245.570,3.97986e14,0.1541,4.46274e6,-2.23279e6,5.60309e-9
1481538060,25502365.17472218,29747024.04825284,4244.659,3.97393e14,0.3028,4.45318e6,-2.22967e6,5.59524e-9
1481538090,25519108.30500197,29762783.950042915,4243.676,3.98641e14,0.0101,4.45384e6,-2.22651e6,5.58731e-9
1481538120,25535888.825007454,29778509.679212328,4242.621,4.00753e14,0.5401,4.45925e6,-2.22332e6,5.57931e-9
1481538150,25552706.299434416,29794201.076309785,4241.495,4.00495e14,0.4754,4.45135e6,-2.22010e6,5.57122e-9
1481538180,25569560.293643728,29809857.982792307,4240.298,3.98255e14,0.0867,4.43237e6,-2.21685e6,5.56305e-9
1481538210,25586450.37367706,29825480.24102126,4239.030,3.92545e14,1.5191,4.39408e6,-2.21357e6,5.55481e-9
1481538240,25603376.106272303,29841067.6942582,4237.692,3.96690e14,0.4794,4.41049e6,-2.21026e6,5.54648e-9
1481538270,25620337.058878936,29856620.18666099,4236.283,4.02713e14,1.0316,4.43717e6,-2.20691e6,5.53808e-9
1481538300,25637332.79967299,29872137.563279755,4234.805,3.95605e14,0.7515,4.39108e6,-2.20354e6,5.52961e-9
1481538330,25654362.897551414,29887619.670076944,4233.257,3.97521e14,0.2708,4.39487e6,-2.20014e6,5.52105e-9
1481538360,25671426.92220979,29903066.353849124,4231.639,3.96818e14,0.4471,4.38413e6,-2.19670e6,5.51243e-9
1481538390,25688524.444093525,29918477.462297708,4229.953,3.95381e14,0.8077,4.36931e6,-2.19324e6,5.50373e-9
1481538420,25705655.03443227,29933852.844001047,4228.198,4.02477e14,0.9725,4.40134e6,-2.18975e6,5.49495e-9
1481538450,25722818.265253656,29949192.348410703,4226.374,4.01451e14,0.7151,4.38863e6,-2.18623e6,5.48611e-9
1481538480,25740013.709396914,29964495.82584774,4224.482,4.00646e14,0.5132,4.37709e6,-2.18268e6,5.47719e-9
1481538510,25757240.940526176,29979763.127499074,4222.522,3.99622e14,0.2563,4.36431e6,-2.17910e6,5.46820e-9
1481538540,25774499.533143587,29994994.10541373,4220.495,4.01262e14,0.6676,4.36604e6,-2.17549e6,5.45914e-9
1481538570,25791789.062602263,30010188.61249925,4218.400,4.04905e14,1.5818,4.37860e6,-2.17186e6,5.45001e-9
1481538600,25809109.105118956,30025346.50251792,4216.237,4.01384e14,0.6983,4.35205e6,-2.16820e6,5.44082e-9
1481538630,25826459.23780421,30040467.63005974,4214.008,4.00707e14,0.5284,4.34097e6,-2.16451e6,5.43155e-9
1481538660,25843839.03862044,30055551.850611154,4211.713,4.00487e14,0.4732,4.33232e6,-2.16079e6,5.42222e-9
1481538690,25861248.086448282,30070599.020478595,4209.351,3.97235e14,0.3424,4.30722e6,-2.15705e6,5.41282e-9
1481538720,25878685.96108112,30085608.996808246,4206.923,3.97654e14,0.2374,4.30195e6,-2.15328e6,5.40336e-9
1481538750,25896152.243236966,30100581.63758218,4204.429,4.00169e14,0.3934,4.30793e6,-2.14949e6,5.39383e-9
1481538780,25913646.514570072,30115516.80161451,4201.870,4.02166e14,0.8945,4.31103e6,-2.14567e6,5.38423e-9
1481538810,25931168.357682478,30130414.348547626,4199.246,3.97989e14,0.1534,4.28085e6,-2.14183e6,5.37457e-9
1481538840,25948717.356135238,30145274.13884826,4196.557,3.94623e14,0.9978,4.25505e6,-2.13796e6,5.36485e-9
1481538870,25966293.094459552,30160096.033803776,4193.803,3.96691e14,0.4790,4.25837e6,-2.13406e6,5.35507e-9
1481538900,25983895.15816762,30174879.8955183,4190.985,4.02609e14,1.0057,4.28218e6,-2.13014e6,5.34523e-9
1481538930,26001523.13375253,30189625.58693217,4188.102,4.02100e14,0.8780,4.27153e6,-2.12620e6,5.33532e-9
1481538960,26019176.608732074,30204332.971746713,4185.156,3.98813e14,0.0533,4.24606e6,-2.12223e6,5.32536e-9
1481538990,26036855.171625834,30219001.91449208,4182.147,3.97089e14,0.3792,4.22890e6,-2.11824e6,5.31533e-9
1481539020,26054558.411975916,30233632.28050063,4179.074,3.94539e14,1.0189,4.20736e6,-2.11423e6,5.30525e-9
1481539050,26072285.92035679,30248223.935903274,4175.938,3.94585e14,1.0073,4.19956e6,-2.11019e6,5.29511e-9
1481539080,26090037.288384926,30262776.747625984,4172.739,3.97800e14,0.2008,4.20847e6,-2.10613e6,5.28491e-9
1481539110,26107812.108728286,30277290.58338632,4169.478,3.96433e14,0.5438,4.19310e6,-2.10205e6,5.27466e-9
1481539140,26125609.975115534,30291765.311689872,4166.155,3.96053e14,0.6391,4.18290e6,-2.09794e6,5.26435e-9
1481539170,26143430.482345153,30306200.80182679,4162.770,3.99053e14,0.1136,4.19043e6,-2.09382e6,5.25398e-9
1481539200,26161273.226294283,30320596.923868243,4159.324,4.01365e14,0.6937,4.19425e6,-2.08967e6,5.24356e-9
1481539230,26179137.80393366,30334953.548633527,4155.816,4.01082e14,0.6225,4.18439e6,-2.08550e6,5.23308e-9
1481539260,26197023.81331727,30349270.547777254,4152.247,3.95411e14,0.8002,4.14636e6,-2.08130e6,5.22255e-9
1481539290,26214930.853609316,30363547.793695033,4148.617,3.92312e14,1.5776,4.12181e6,-2.07709e6,5.21197e-9
1481539320,26232858.525086507,30377785.15954914,4144.927,3.94739e14,0.9688,4.12603e6,-2.07286e6,5.20134e-9
1481539350,26250806.429146085,30391982.519264776,4141.176,3.99291e14,0.1731,4.14118e6,-2.06860e6,5.19065e-9
1481539380,26268774.1683137,30406139.747526422,4137.366,3.95807e14,0.7008,4.11458e6,-2.06433e6,5.17992e-9
1481539410,26286761.34625117,30420256.719774146,4133.495,4.01058e14,0.6167,4.13316e6,-2.06003e6,5.16913e-9
1481539440,26304767.56776398,30434333.312199943,4129.566,4.01651e14,0.7652,4.12755e6,-2.05572e6,5.15829e-9
1481539470,26322792.438808683,30448369.40174408,4125.577,3.99215e14,0.1542,4.10631e6,-2.05138e6,5.14741e-9
1481539500,26340835.5665001,30462364.866091482,4121.529,4.01416e14,0.7063,4.10889e6,-2.04703e6,5.13648e-9
1481539530,26358896.55911341,30476319.58370619,4117.423,4.01098e14,0.6266,4.09848e6,-2.04266e6,5.12549e-9
1481539560,26376975.02610611,30490233.43371074,4113.258,4.00670e14,0.5193,4.08748e6,-2.03827e6,5.11447e-9
1481539590,26395070.578109954,30504106.29599983,4109.036,3.96246e14,0.5906,4.05606e6,-2.03386e6,5.10339e-9
1481539620,26413182.826942146,30517938.051199194,4104.755,3.95297e14,0.8287,4.04239e6,-2.02943e6,5.09227e-9
1481539650,26431311.385611665,30531728.580662414,4100.417,3.96567e14,0.5101,4.03998e6,-2.02498e6,5.08110e-9
1481539680,26449455.868325494,30545477.766467836,4096.022,3.97089e14,0.3793,4.03372e6,-2.02052e6,5.06989e-9
1481539710,26467615.8904946,30559185.49141536,4091.570,3.98644e14,0.0108,4.03263e6,-2.01604e6,5.05864e-9
1481539740,26485791.068739783,30572851.639023416,4087.061,3.98882e14,0.0705,4.02483e6,-2.01154e6,5.04734e-9
1481539770,26503981.02089739,30586476.09352576,4082.495,3.98681e14,0.0202,4.01478e6,-2.00702e6,5.03599e-9
1481539800,26522185.36602482,30600058.73986843,4077.873,3.97832e14,0.1928,4.00144e6,-2.00249e6,5.02461e-9
1481539830,26540403.724413555,30613599.463669416,4073.196,3.97600e14,0.2509,3.99118e6,-1.99794e6,5.01318e-9
1481539860,26558635.71757107,30627098.15133016,4068.462,4.00306e14,0.4278,3.99559e6,-1.99337e6,5.00171e-9
1481539890,26576880.968248926,30640554.689917706,4063.674,4.01208e14,0.6542,3.99090e6,-1.98879e6,4.99020e-9
1481539920,26595139.10044043,30653968.96719851,4058.830,3.97893e14,0.1775,3.96516e6,-1.98419e6,4.97865e-9
1481539950,26613409.739385426,30667340.871634882,4053.931,3.97388e14,0.3042,3.95343e6,-1.97958e6,4.96706e-9
1481539980,26631692.51157499,30680670.29238164,4048.978,4.03516e14,1.2332,3.97454e6,-1.97494e6,4.95543e-9
1481540010,26649987.044756003,30693957.11928275,4043.970,4.01310e14,0.6799,3.95428e6,-1.97030e6,4.94377e-9
1481540040,26668292.967935536,30707201.242867835,4038.908,3.98183e14,0.1047,3.92950e6,-1.96564e6,4.93206e-9
1481540070,26686609.91138512,30720402.55434881,4033.793,3.97309e14,0.3241,3.91585e6,-1.96096e6,4.92032e-9
1481540100,26704937.506644864,30733560.9456165,4028.623,3.94737e14,0.9693,3.89385e6,-1.95627e6,4.90854e-9
1481540130,26723275.386511344,30746676.3092601,4023.401,3.95007e14,0.9015,3.88580e6,-1.95156e6,4.89672e-9
1481540160,26741623.185090967,30759748.538493473,4018.125,3.99083e14,0.1212,3.89632e6,-1.94684e6,4.88487e-9
1481540190,26759980.537754275,30772777.52722218,4012.797,3.99417e14,0.2049,3.88846e6,-1.94211e6,4.87298e-9
1481540220,26778347.08115529,30785763.17001756,4007.416,3.98736e14,0.0340,3.87564e6,-1.93736e6,4.86106e-9
1481540250,26796722.45323488,30798705.362113733,4001.983,4.04335e14,1.4386,3.89326e6,-1.93260e6,4.84910e-9
1481540280,26815106.29322398,30811603.99940435,3996.498,3.99293e14,0.1737,3.85925e6,-1.92783e6,4.83711e-9
1481540310,26833498.24164663,30824458.978439692,3990.961,3.95812e14,0.6996,3.83286e6,-1.92304e6,4.82508e-9
1481540340,26851897.940322928,30837270.196423575,3985.372,3.99145e14,0.1367,3.83933e6,-1.91823e6,4.81302e-9
1481540370,26870305.032371912,30850037.55121034,3979.733,3.93785e14,1.2081,3.80395e6,-1.91342e6,4.80093e-9
1481540400,26888719.162214227,30862760.9413019,3974.042,3.97802e14,0.2002,3.81359e6,-1.90859e6,4.78881e-9
1481540430,26907139.975605953,30875440.2658415,3968.300,4.00310e14,0.4288,3.81589e6,-1.90375e6,4.77665e-9
1481540460,26925567.119545,30888075.4246208,3962.508,3.98881e14,0.0705,3.79936e6,-1.89890e6,4.76447e-9
1481540490,26944000.242369737,30900666.318067096,3956.666,3.99416e14,0.2046,3.79216e6,-1.89403e6,4.75225e-9
1481540520,26962438.993730377,30913212.847243447,3950.774,3.95981e14,0.6572,3.76611e6,-1.88916e6,4.74001e-9
1481540550,26980883.024591375,30925714.913845908,3944.832,3.94470e14,1.0362,3.74921e6,-1.88427e6,4.72773e-9
1481540580,26999331.98723363,30938172.42020048,3938.840,3.98545e14,0.0138,3.75868e6,-1.87937e6,4.71542e-9
1481540610,27017785.535256736,30950585.269260343,3932.800,4.02891e14,1.0763,3.76929e6,-1.87445e6,4.70309e-9
1481540640,27036243.32358092,30962953.36460286,3926.710,3.96679e14,0.4820,3.73025e6,-1.86953e6,4.69073e-9
1481540670,27054705.008448966,30975276.610426754,3920.572,3.95241e14,0.8428,3.71367e6,-1.86460e6,4.67834e-9
1481540700,27073170.24742798,30987554.91154918,3914.385,3.97140e14,0.3664,3.71267e6,-1.85965e6,4.66592e-9
1481540730,27091638.6993637,30999788.17339207,3908.149,3.98180e14,0.1054,3.70762e6,-1.85469e6,4.65347e-9
1481540760,27110110.024527937,31011976.30201271,3901.866,4.01234e14,0.6607,3.71186e6,-1.84973e6,4.64100e-9
1481540790,27128583.884473614,31024119.204067152,3895.535,3.99666e14,0.2673,3.69461e6,-1.84475e6,4.62850e-9
1481540820,27147059.942083064,31036216.78681831,3889.157,3.98921e14,0.0804,3.68117e6,-1.83976e6,4.61598e-9
1481540850,27165537.861568756,31048268.958132923,3882.731,4.00309e14,0.4287,3.67756e6,-1.83477e6,4.60343e-9
1481540880,27184017.30847403,31060275.62647875,3876.258,3.99940e14,0.3361,3.66583e6,-1.82976e6,4.59086e-9
1481540910,27202497.949673668,31072236.70092159,3869.739,3.98787e14,0.0468,3.65049e6,-1.82474e6,4.57826e-9
1481540940,27220979.45337433,31084152.091122486,3863.173,3.97418e14,0.2968,3.63418e6,-1.81971e6,4.56564e-9
1481540970,27239461.48911502,31096021.707334828,3856.560,3.97380e14,0.3062,3.62394e6,-1.81468e6,4.55299e-9
1481541000,27257943.72776734,31107845.460401498,3849.902,4.02907e14,1.0805,3.63896e6,-1.80963e6,4.54032e-9
1481541030,27276425.84159128,31119623.261768803,3843.197,4.00291e14,0.4240,3.61694e6,-1.80458e6,4.52763e-9
1481541060,27294907.504064195,31131355.023432065,3836.448,3.97507e14,0.2744,3.59422e6,-1.79951e6,4.51492e-9
1481541090,27313388.390052594,31143040.657984715,3829.652,3.99491e14,0.2235,3.59302e6,-1.79444e6,4.50218e-9
1481541120,27331868.175757054,31154680.07859891,3822.812,4.01083e14,0.6229,3.58999e6,-1.78936e6,4.48942e-9
1481541150,27350346.538712546,31166273.19902286,3815.927,4.04957e14,1.5947,3.59712e6,-1.78427e6,4.47664e-9
1481541180,27368823.157788754,31177819.933578223,3808.997,4.00017e14,0.3554,3.56478e6,-1.77917e6,4.46384e-9
1481541210,27387297.71319033,31189320.197157614,3802.022,3.99851e14,0.3137,3.55381e6,-1.77406e6,4.45102e-9
1481541240,27405769.886456978,31200773.905221935,3795.004,4.00369e14,0.4437,3.54586e6,-1.76895e6,4.43818e-9
1481541270,27424239.36046356,31212180.973797902,3787.942,3.97302e14,0.3257,3.52202e6,-1.76383e6,4.42532e-9
1481541300,27442705.819419954,31223541.319475424,3780.836,3.94832e14,0.9454,3.50087e6,-1.75870e6,4.41244e-9
1481541330,27461168.948818766,31234854.859387018,3773.686,3.92263e14,1.5899,3.47934e6,-1.75356e6,4.39954e-9
1481541360,27479628.435596235,31246121.511261176,3766.493,3.96303e14,0.5764,3.48685e6,-1.74842e6,4.38662e-9
1481541390,27498083.96797014,31257341.193363596,3759.257,3.98387e14,0.0536,3.48568e6,-1.74326e6,4.37369e-9
1481541420,27516535.235491335,31268513.824512795,3751.979,3.97990e14,0.1532,3.47363e6,-1.73810e6,4.36073e-9
1481541450,27534981.929042794,31279639.324077416,3744.657,3.96512e14,0.5240,3.45687e6,-1.73294e6,4.34776e-9
1481541480,27553423.74083861,31290717.611973636,3737.294,4.01712e14,0.7805,3.46909e6,-1.72776e6,4.33477e-9
1481541510,27571860.364422906,31301748.608662542,3729.888,4.03134e14,1.1373,3.46483e6,-1.72258e6,4.32177e-9
1481541540,27590291.494668595,31312732.23514755,3722.441,4.00153e14,0.3894,3.44155e6,-1.71740e6,4.30874e-9
1481541570,27608716.82777617,31323668.412971776,3714.952,3.98901e14,0.0753,3.42576e6,-1.71220e6,4.29570e-9
1481541600,27627136.06127233,31334557.064215533,3707.421,3.94944e14,0.9172,3.39841e6,-1.70700e6,4.28265e-9
1481541630,27645548.894050978,31345398.111513402,3699.849,3.96440e14,0.5420,3.39443e6,-1.70180e6,4.26958e-9
1481541660,27663955.02624113,31356191.477991104,3692.236,3.97196e14,0.3524,3.38725e6,-1.69658e6,4.25649e-9
1481541690,27682354.15933651,31366937.08732393,3684.583,3.90984e14,1.9107,3.35047e6,-1.69137e6,4.24339e-9
1481541720,27700745.99615187,31377634.86371462,3676.889,3.94008e14,1.1521,3.35291e6,-1.68614e6,4.23028e-9
1481541750,27719130.240821686,31388284.73189111,3669.154,3.99381e14,0.1958,3.36516e6,-1.68091e6,4.21715e-9
1481541780,27737506.59879885,31398886.617104225,3661.380,3.96902e14,0.4261,3.34425e6,-1.67568e6,4.20400e-9
1481541810,27755874.776853263,31409440.445125375,3653.566,3.94475e14,1.0349,3.32362e6,-1.67044e6,4.19085e-9
1481541840,27774234.483070403,31419946.142244328,3645.712,4.02611e14,1.0062,3.34717e6,-1.66519e6,4.17768e-9
1481541870,27792585.42684976,31430403.63526693,3637.818,4.05662e14,1.7715,3.34931e6,-1.65994e6,4.16449e-9
1481541900,27810927.318903305,31440812.851512883,3629.886,3.98607e14,0.0016,3.30942e6,-1.65468e6,4.15130e-9
1481541930,27829259.871223338,31451173.718789995,3621.914,3.99207e14,0.1521,3.30137e6,-1.64942e6,4.13809e-9
1481541960,27847582.797174778,31461486.1654643,3613.903,3.96037e14,0.6430,3.27776e6,-1.64415e6,4.12487e-9
1481541990,27865895.811399084,31471750.120385297,3605.854,4.00028e14,0.3581,3.28365e6,-1.63888e6,4.11163e-9
1481542020,27884198.629842672,31481965.51290697,3597.767,4.02016e14,0.8568,3.28122e6,-1.63361e6,4.09839e-9
1481542050,27902490.96975473,31492132.272885464,3589.641,4.00886e14,0.5733,3.26600e6,-1.62833e6,4.08513e-9
1481542080,27920772.549685057,31502250.330676645,3581.478,4.03875e14,1.3233,3.26757e6,-1.62304e6,4.07186e-9
1481542110,27939043.089481775,31512319.61713374,3573.277,3.97414e14,0.2976,3.23069e6,-1.61775e6,4.05859e-9
1481542140,27957302.310288925,31522340.063605033,3565.038,3.98646e14,0.0114,3.22510e6,-1.61246e6,4.04530e-9
1481542170,27975549.934544142,31532311.60193142,3556.762,4.07446e14,2.2191,3.24998e6,-1.60716e6,4.03200e-9
1481542200,27993785.68597612,31542234.164444227,3548.448,4.04921e14,1.5856,3.22911e6,-1.60186e6,4.01869e-9
1481542230,28012009.289619338,31552107.683990337,3540.098,3.96908e14,0.4246,3.18632e6,-1.59656e6,4.00537e-9
1481542260,28030220.47175866,31561932.0938452,3531.712,3.94162e14,1.1134,3.16476e6,-1.59125e6,3.99204e-9
1481542290,28048418.959979706,31571707.32779557,3523.288,3.96658e14,0.4874,3.16412e6,-1.58593e6,3.97870e-9
1481542320,28066604.48314927,31581433.320109945,3514.829,3.95151e14,0.8655,3.14753e6,-1.58062e6,3.96536e-9
1481542350,28084776.771412764,31591110.005536675,3506.333,3.96646e14,0.4902,3.14285e6,-1.57530e6,3.95200e-9
1481542380,28102935.55619165,31600737.31930193,3497.802,4.04298e14,1.4294,3.16236e6,-1.56997e6,3.93864e-9
1481542410,28121080.570180856,31610315.197107814,3489.235,4.02886e14,1.0751,3.14608e6,-1.56465e6,3.92527e-9
1481542440,28139211.547346182,31619843.575130403,3480.632,3.96325e14,0.5708,3.10970e6,-1.55932e6,3.91189e-9
1481542470,28157328.22292156,31629322.39001788,3471.994,3.97604e14,0.2500,3.10404e6,-1.55398e6,3.89850e-9
1481542500,28175430.333406407,31638751.57888853,3463.321,4.01521e14,0.7327,3.10860e6,-1.54865e6,3.88511e-9
1481542530,28193517.616560053,31648131.07930354,3454.613,3.95757e14,0.7133,3.07556e6,-1.54331e6,3.87170e-9
1481542560,28211589.81140763,31657460.82934334,3445.871,3.94488e14,1.0316,3.06002e6,-1.53797e6,3.85829e-9
1481542590,28229646.6582286,31666740.767527264,3437.094,4.00909e14,0.5793,3.07407e6,-1.53262e6,3.84488e-9
1481542620,28247687.898556624,31675970.832836814,3428.283,3.97383e14,0.3055,3.04983e6,-1.52728e6,3.83146e-9
1481542650,28265713.27517671,31685150.964713596,3419.438,3.96538e14,0.5175,3.03592e6,-1.52193e6,3.81803e-9
1481542680,28283722.5321222,31694281.103057206,3410.559,4.01168e14,0.6441,3.04285e6,-1.51657e6,3.80459e-9
1481542710,28301715.414671797,31703361.18822314,3401.646,4.00702e14,0.5272,3.03034e6,-1.51122e6,3.79115e-9
1481542740,28319691.669346504,31712391.16102071,3392.699,3.99210e14,0.1528,3.01396e6,-1.50586e6,3.77770e-9
1481542770,28337651.04390656,31721370.962711036,3383.720,4.01069e14,0.6194,3.01023e6,-1.50050e6,3.76425e-9
1481542800,28355593.287348267,31730300.535004836,3374.707,4.02655e14,1.0172,3.00542e6,-1.49514e6,3.75079e-9
1481542830,28373518.14989185,31739179.82007339,3365.662,4.06024e14,1.8624,3.00723e6,-1.48978e6,3.73733e-9
1481542860,28391425.38300613,31748008.760506798,3356.583,4.02012e14,0.8558,2.98145e6,-1.48442e6,3.72386e-9
1481542890,28409314.739377238,31756787.299351703,3347.473,3.94534e14,1.0201,2.94293e6,-1.47905e6,3.71039e-9
1481542920,28427185.9729144,31765515.380096544,3338.329,4.00747e14,0.5385,2.95521e6,-1.47368e6,3.69691e-9
1481542950,28445038.83874656,31774192.946669675,3329.154,3.97802e14,0.2004,2.93359e6,-1.46831e6,3.68343e-9
1481542980,28462873.093218945,31782819.943437565,3319.947,4.06472e14,1.9747,2.95467e6,-1.46294e6,3.66995e-9
1481543010,28480688.49388969,31791396.315202937,3310.708,4.10786e14,3.0570,2.95958e6,-1.45756e6,3.65646e-9
1481543040,28498484.799526334,31799922.007203028,3301.437,3.99013e14,0.1035,2.90578e6,-1.45219e6,3.64297e-9
1481543070,28516261.77010239,31808396.965107746,3292.135,3.98119e14,0.1209,2.89177e6,-1.44681e6,3.62947e-9
1481543100,28534019.16679385,31816821.135017995,3282.802,3.96260e14,0.5870,2.87430e6,-1.44143e6,3.61597e-9
1481543130,28551756.751991984,31825194.46347049,3273.438,3.93074e14,1.3863,2.85209e6,-1.43605e6,3.60247e-9
1481543160,28569474.289249532,31833516.897415802,3264.043,3.91037e14,1.8975,2.83409e6,-1.43067e6,3.58896e-9
1481543190,28587171.54332759,31841788.38423699,3254.617,3.95261e14,0.8379,2.83853e6,-1.42529e6,3.57545e-9
1481543220,28604848.28017583,31850008.871741377,3245.161,3.99718e14,0.2805,2.84368e6,-1.41991e6,3.56194e-9
1481543250,28622504.266929094,31858178.308158964,3235.674,4.02171e14,0.8958,2.84160e6,-1.41453e6,3.54843e-9
1481543280,28640139.271903865,31866296.64214082,3226.157,3.99476e14,0.2197,2.82125e6,-1.40914e6,3.53491e-9
1481543310,28657753.06459487,31874363.822757475,3216.611,3.99551e14,0.2386,2.81073e6,-1.40376e6,3.52140e-9
1481543340,28675345.41567145,31882379.79949735,3207.034,3.98825e14,0.0563,2.79740e6,-1.39837e6,3.50788e-9
1481543370,28692916.096974112,31890344.522265162,3197.428,4.00656e14,0.5156,2.79302e6,-1.39298e6,3.49435e-9
1481543400,28710464.881510925,31898257.94138028,3187.793,4.06430e14,1.9643,2.80231e6,-1.38759e6,3.48083e-9
1481543430,28727991.54343468,31906120.007551614,3178.128,4.04067e14,1.3715,2.78323e6,-1.38221e6,3.46731e-9
1481543460,28745495.85809856,31913930.67194871,3168.435,3.95292e14,0.8299,2.74207e6,-1.37682e6,3.45378e-9
1481543490,28762977.601993177,31921689.886127315,3158.712,3.97200e14,0.3514,2.73790e6,-1.37143e6,3.44025e-9
1481543520,28780436.552761927,31929397.602051143,3148.961,4.03716e14,1.2834,2.74946e6,-1.36604e6,3.42672e-9
1481543550,28797872.489197105,31937053.772090107,3139.181,4.00002e14,0.3515,2.72593e6,-1.36065e6,3.41320e-9
1481543580,28815285.19123606,31944658.349018604,3129.373,4.00461e14,0.4667,2.71669e6,-1.35526e6,3.39967e-9
1481543610,28832674.43995736,31952211.286013775,3119.537,3.94164e14,1.1129,2.68456e6,-1.34987e6,3.38614e-9
1481543640,28850040.017576814,31959712.53665375,3109.673,3.93396e14,1.3057,2.67124e6,-1.34448e6,3.37260e-9
1481543670,28867381.70744357,31967162.054915965,3099.780,4.03355e14,1.1927,2.69398e6,-1.33909e6,3.35907e-9
1481543700,28884699.294036236,31974559.795175504,3089.861,4.00683e14,0.5225,2.67420e6,-1.33369e6,3.34554e-9
1481543730,28901992.562975626,31981905.7122357,3079.913,3.96228e14,0.5953,2.64854e6,-1.32830e6,3.33201e-9
1481543760,28919261.30096943,31989199.7612269,3069.938,3.99843e14,0.3116,2.64978e6,-1.32291e6,3.31848e-9
1481543790,28936505.29585958,31996441.89770475,3059.937,4.04099e14,1.3795,2.65305e6,-1.31752e6,3.30495e-9
1481543820,28953724.33660187,32003632.077616524,3049.908,4.01628e14,0.7596,2.63406e6,-1.31213e6,3.29142e-9
1481543850,28970918.213262197,32010770.257299785,3039.852,4.02738e14,1.0379,2.62687e6,-1.30674e6,3.27789e-9
1481543880,28988086.7170127,32017856.39348111,3029.770,4.02901e14,1.0790,2.61656e6,-1.30135e6,3.26436e-9
1481543910,29005229.64012801,32024890.443274852,3019.661,3.93709e14,1.2272,2.57584e6,-1.29596e6,3.25083e-9
1481543940,29022346.77598139,32031872.3641818,3009.526,3.94637e14,0.9943,2.56813e6,-1.29057e6,3.23730e-9
1481543970,29039437.919041008,32038802.11408803,2999.364,3.87897e14,2.6852,2.53568e6,-1.28518e6,3.22378e-9
1481544000,29056502.86486604,32045679.651263513,2989.177,3.87068e14,2.8931,2.52238e6,-1.27979e6,3.21025e-9
1481544030,29073541.410095572,32052504.934327375,2978.964,4.03176e14,1.1479,2.56325e6,-1.27440e6,3.19672e-9
1481544060,29090553.35246725,32059277.922350235,2968.725,4.03789e14,1.3016,2.55436e6,-1.26902e6,3.18320e-9
1481544090,29107538.490791194,32065998.57474913,2958.460,4.01718e14,0.7821,2.53695e6,-1.26363e6,3.16968e-9
1481544120,29124496.62495324,32072666.851319563,2948.170,3.94147e14,1.1172,2.50223e6,-1.25824e6,3.15616e-9
1481544150,29141427.555910982,32079282.71223402,2937.855,3.90396e14,2.0583,2.47973e6,-1.25286e6,3.14264e-9
1481544180,29158331.085689887,32085846.118040506,2927.515,4.04104e14,1.3808,2.51196e6,-1.24747e6,3.12913e-9
1481544210,29175207.017379336,32092357.02966106,2917.150,4.01412e14,0.7054,2.49273e6,-1.24209e6,3.11561e-9
1481544240,29192055.155128695,32098815.408390224,2906.760,3.95606e14,0.7512,2.46391e6,-1.23670e6,3.10210e-9
1481544270,29208875.30414324,32105221.215893652,2896.346,4.04100e14,1.3797,2.47942e6,-1.23132e6,3.08859e-9
1481544300,29225667.270680204,32111574.414206617,2885.907,4.01226e14,0.6587,2.45974e6,-1.22594e6,3.07508e-9
1481544330,29242430.862041607,32117874.965763092,2875.444,3.92412e14,1.5525,2.42195e6,-1.22056e6,3.06157e-9
1481544360,29259165.886580158,32124122.833300423,2864.957,4.03585e14,1.2506,2.44533e6,-1.21518e6,3.04807e-9
1481544390,29275872.15368505,32130317.979952026,2854.446,4.04610e14,1.5076,2.43761e6,-1.20980e6,3.03457e-9
1481544420,29292549.4737812,32136460.36921589,2843.911,3.92594e14,1.5069,2.39047e6,-1.20442e6,3.02107e-9
1481544450,29309197.658325158,32142549.964953423,2833.352,4.00128e14,0.3832,2.40246e6,-1.19904e6,3.00757e-9
1481544480,29325816.519801084,32148586.7313884,2822.770,4.06715e14,2.0356,2.41140e6,-1.19366e6,2.99408e-9
1481544510,29342405.8717166,32154570.633105904,2812.165,4.01958e14,0.8423,2.38636e6,-1.18829e6,2.98059e-9
1481544540,29358965.52859875,32160501.63505122,2801.536,4.06144e14,1.8924,2.38798e6,-1.18292e6,2.96710e-9
1481544570,29375495.305989902,32166379.702528927,2790.884,4.08938e14,2.5936,2.38539e6,-1.17754e6,2.95362e-9
1481544600,29391995.02044368,32172204.8012017,2780.210,3.98400e14,0.0504,2.34352e6,-1.17217e6,2.94014e-9
1481544630,29408464.489525836,32177976.897066936,2769.512,3.95809e14,0.7004,2.32520e6,-1.16680e6,2.92666e-9
1481544660,29424903.531795,32183695.956525058,2758.792,3.91118e14,1.8773,2.30083e6,-1.16143e6,2.91318e-9
1481544690,29441311.966813866,32189361.946308956,2748.050,3.94008e14,1.1522,2.29857e6,-1.15606e6,2.89971e-9
1481544720,29457689.61514029,32194974.833505325,2737.285,4.03189e14,1.1511,2.31440e6,-1.15070e6,2.88625e-9
1481544750,29474036.29832327,32200534.585553437,2726.498,4.01459e14,0.7170,2.29864e6,-1.14533e6,2.87278e-9
1481544780,29490351.838898964,32206041.170243997,2715.689,4.03872e14,1.3225,2.29477e6,-1.13997e6,2.85932e-9
1481544810,29506636.06038678,32211494.555717964,2704.858,3.96366e14,0.5607,2.26261e6,-1.13461e6,2.84586e-9
1481544840,29522888.78728538,32216894.710465327,2694.006,3.91131e14,1.8740,2.23709e6,-1.12925e6,2.83241e-9
1481544870,29539109.845068756,32222241.603324,2683.132,3.90650e14,1.9947,2.22511e6,-1.12389e6,2.81896e-9
1481544900,29555299.06018232,32227535.203478586,2672.236,3.90137e14,2.1232,2.21307e6,-1.11853e6,2.80551e-9
1481544930,29571456.26004378,32232775.48046888,2661.319,3.96894e14,0.4280,2.22133e6,-1.11317e6,2.79207e-9
1481544960,29587581.273024186,32237962.404159106,2650.381,3.95572e14,0.7599,2.20697e6,-1.10782e6,2.77863e-9
1481544990,29603673.928459294,32243095.9447665,2639.422,3.99534e14,0.2343,2.20726e6,-1.10247e6,2.76520e-9
1481545020,29619734.05664064,32248176.072850604,2628.442,4.00579e14,0.4965,2.19942e6,-1.09712e6,2.75177e-9
1481545050,29635761.488811724,32253202.759312294,2617.441,3.98473e14,0.0320,2.18292e6,-1.09177e6,2.73834e-9
1481545080,29651756.057164107,32258175.975392777,2606.420,3.95373e14,0.8097,2.16378e6,-1.08642e6,2.72492e-9
1481545110,29667717.59483353,32263095.692672607,2595.378,3.91121e14,1.8764,2.14160e6,-1.08107e6,2.71151e-9
1481545140,29683645.935895972,32267961.88307073,2584.316,3.97086e14,0.3798,2.14710e6,-1.07573e6,2.69809e-9
1481545170,29699540.9153638,32272774.51884355,2573.234,4.03457e14,1.2183,2.15354e6,-1.07038e6,2.68468e-9
1481545200,29715402.369181816,32277533.572584014,2562.131,3.98150e14,0.1130,2.12861e6,-1.06504e6,2.67128e-9
1481545230,29731230.134205773,32282239.017224107,2551.009,3.98330e14,0.0679,2.11842e6,-1.05970e6,2.65788e-9
1481545260,29747024.04825284,32286890.826023407,2539.867,4.00629e14,0.5089,2.11382e6,-1.05437e6,2.64449e-9
1481545290,29762783.950042915,32291488.972578865,2528.705,4.00641e14,0.5119,2.10316e6,-1.04903e6,2.63110e-9
1481545320,29778509.679212328,32296033.430820514,2517.524,4.05866e14,1.8227,2.10614e6,-1.04370e6,2.61771e-9
1481545350,29794201.076309785,32300524.17501059,2506.323,3.98473e14,0.0319,2.07612e6,-1.03837e6,2.60433e-9
1481545380,29809857.982792307,32304961.179742843,2495.103,3.97201e14,0.3510,2.06217e6,-1.03304e6,2.59095e-9
1481545410,29825480.24102126,32309344.419941645,2483.864,4.05268e14,1.6728,2.07232e6,-1.02771e6,2.57758e-9
1481545440,29841067.6942582,32313673.87086123,2472.606,3.91290e14,1.8340,2.02573e6,-1.02238e6,2.56421e-9
1481545470,29856620.18666099,32317949.508084908,2461.329,3.84418e14,3.5580,1.99765e6,-1.01706e6,2.55085e-9
1481545500,29872137.563279755,32322171.307524286,2450.034,3.99623e14,0.2564,2.02577e6,-1.01173e6,2.53750e-9
1481545530,29887619.670076944,32326339.245408297,2438.720,4.02359e14,0.9429,2.02203e6,-1.00641e6,2.52414e-9
1481545560,29903066.353849124,32330453.298313893,2427.387,4.00555e14,0.4903,2.00681e6,-1.00110e6,2.51080e-9
1481545590,29918477.462297708,32334513.443133716,2416.036,4.04009e14,1.3569,2.00477e6,-9.95779e5,2.49745e-9
1481545620,29933852.844001047,32338519.657085486,2404.667,4.03473e14,1.2224,1.99274e6,-9.90465e5,2.48412e-9
1481545650,29949192.348410703,32342471.917711142,2393.280,3.97650e14,0.2385,1.96766e6,-9.85152e5,2.47079e-9
1481545680,29964495.82584774,32346370.202876016,2381.874,3.92465e14,1.5393,1.94431e6,-9.79842e5,2.45746e-9
1481545710,29979763.127499074,32350214.49076812,2370.451,3.98445e14,0.0389,1.94839e6,-9.74534e5,2.44414e-9
1481545740,29994994.10541373,32354004.759897206,2359.011,4.08681e14,2.5291,1.96266e6,-9.69227e5,2.43082e-9
1481545770,30010188.61249925,32357740.989094034,2347.552,3.89102e14,2.3829,1.90458e6,-9.63923e5,2.41751e-9
1481545800,30025346.50251792,32361423.157509606,2336.077,3.84571e14,3.5196,1.88321e6,-9.58621e5,2.40420e-9
1481545830,30040467.63005974,32365051.244625736,2324.584,4.00810e14,0.5542,1.91162e6,-9.53321e5,2.39090e-9
1481545860,30055551.850611154,32368625.230219238,2313.073,4.00566e14,0.4930,1.90041e6,-9.48023e5,2.37761e-9
1481545890,30070599.020478595,32372145.094396375,2301.546,4.10899e14,3.0854,1.91422e6,-9.42727e5,2.36432e-9
1481545920,30085608.996808246,32375610.817580834,2290.002,4.18794e14,5.0661,1.92203e6,-9.37434e5,2.35103e-9
1481545950,30100581.63758218,32379022.380513053,2278.441,4.08307e14,2.4350,1.88666e6,-9.32142e5,2.33776e-9
1481545980,30115516.80161451,32382379.764249668,2266.863,3.96751e14,0.4640,1.84909e6,-9.26853e5,2.32448e-9
1481546010,30130414.348547626,32385682.950162854,2255.269,3.94649e14,0.9914,1.83368e6,-9.21565e5,2.31121e-9
1481546040,30145274.13884826,32388931.919939768,2243.658,4.00781e14,0.5471,1.83726e6,-9.16280e5,2.29795e-9
1481546070,30160096.033803776,32392126.655581947,2232.031,4.06350e14,1.9442,1.83938e6,-9.10997e5,2.28469e-9
1481546100,30174879.8955183,32395267.139404684,2220.387,3.92759e14,1.4654,1.79785e6,-9.05717e5,2.27144e-9
1481546130,30189625.58693217,32398353.354023654,2208.728,3.94875e14,0.9346,1.79214e6,-9.00438e5,2.25820e-9
1481546160,30204332.971746713,32401385.28239406,2197.052,3.96410e14,0.5494,1.78509e6,-8.95162e5,2.24495e-9
1481546190,30219001.91449208,32404362.907770224,2185.361,3.93083e14,1.3841,1.76714e6,-8.89888e5,2.23172e-9
1481546220,30233632.28050063,32407286.213717807,2173.654,3.99432e14,0.2087,1.77075e6,-8.84616e5,2.21849e-9
1481546250,30248223.935903274,32410155.184113204,2161.931,3.98414e14,0.0468,1.75795e6,-8.79346e5,2.20527e-9
1481546280,30262776.747625984,32412969.803142913,2150.193,4.01354e14,0.6907,1.75386e6,-8.74078e5,2.19205e-9
1481546310,30277290.58338632,32415730.055302944,2138.439,4.12640e14,3.5222,1.76789e6,-8.68813e5,2.17883e-9
1481546340,30291765.311689872,32418435.925398212,2126.671,4.05804e14,1.8071,1.74237e6,-8.63550e5,2.16563e-9
1481546370,30306200.80182679,32421087.398541953,2114.887,3.99531e14,0.2334,1.71825e6,-8.58289e5,2.15242e-9
1481546400,30320596.923868243,32423684.460155156,2103.088,3.90295e14,2.0835,1.68796e6,-8.53030e5,2.13923e-9
1481546430,30334953.548633527,32426227.095982786,2091.274,3.91092e14,1.8836,1.67925e6,-8.47774e5,2.12604e-9
1481546460,30349270.547777254,32428715.292041637,2079.445,4.16415e14,4.4692,1.72234e6,-8.42520e5,2.11285e-9
1481546490,30363547.793695033,32431149.03467154,2067.601,4.12320e14,3.4418,1.70300e6,-8.37268e5,2.09967e-9
1481546520,30377785.15954914,32433528.310518324,2055.743,4.03600e14,1.2542,1.67413e6,-8.32018e5,2.08650e-9
1481546550,30391982.519264776,32435853.106533404,2043.871,4.03179e14,1.1486,1.66269e6,-8.26771e5,2.07333e-9
1481546580,30406139.747526422,32438123.40997343,2031.984,4.04345e14,1.4412,1.65455e6,-8.21525e5,2.06017e-9
1481546610,30420256.719774146,32440339.20840002,2020.082,4.01501e14,0.7277,1.63816e6,-8.16282e5,2.04701e-9
1481546640,30434333.312199943,32442500.48967939,2008.167,3.91948e14,1.6689,1.60821e6,-8.11042e5,2.03386e-9
1481556180,32442615.216809906,30434933.07845244,2007.682,4.10927e14,3.0924,-1.64584e6,8.10290e5,-2.03332e-9
1481556210,32440456.839855283,30420857.227547113,2019.600,3.92533e14,1.5223,-1.61884e6,8.15535e5,-2.04648e-9
1481556240,32438243.94293425,30406740.984574955,2031.503,3.95334e14,0.8194,-1.63503e6,8.20782e5,-2.05963e-9
1481556270,32435976.538109895,30392584.47334815,2043.392,4.04235e14,1.4136,-1.66393e6,8.26032e5,-2.07280e-9
1481556300,32433654.63774932,30378387.818431426,2055.267,4.00723e14,0.5324,-1.66718e6,8.31284e5,-2.08597e-9
1481556330,32431278.254554205,30364151.145152062,2067.127,4.17364e14,4.7073,-1.71264e6,8.36537e5,-2.09914e-9
1481556360,32428847.401468053,30349874.579583284,2078.973,4.17416e14,4.7204,-1.72351e6,8.41794e5,-2.11232e-9
1481556390,32426362.09176988,30335558.248567924,2090.804,4.03006e14,1.1053,-1.70365e6,8.47052e5,-2.12551e-9
1481556420,32423822.339044653,30321202.27971543,2102.620,3.92858e14,1.4407,-1.69252e6,8.52313e5,-2.13870e-9
1481556450,32421228.15718396,30306806.801405452,2114.421,3.92224e14,1.5997,-1.70160e6,8.57576e5,-2.15190e-9
1481556480,32418579.560386624,30292371.942791417,2126.208,4.05296e14,1.6798,-1.74035e6,8.62841e5,-2.16510e-9
1481556510,32415876.56315947,30277897.833804164,2137.979,4.14476e14,3.9828,-1.77097e6,8.68109e5,-2.17831e-9
1481556540,32413119.180317894,30263384.60515549,2149.735,3.99635e14,0.2597,-1.74919e6,8.73379e5,-2.19153e-9
1481556570,32410307.426986627,30248832.38834181,2161.475,3.85185e14,3.3656,-1.72789e6,8.78651e5,-2.20475e-9
1481556600,32407441.318600383,30234241.315647796,2173.200,4.03924e14,1.3356,-1.77982e6,8.83925e5,-2.21797e-9
1481556630,32404520.870871402,30219611.520140354,2184.909,4.10222e14,2.9156,-1.80449e6,8.89202e5,-2.23120e-9
1481556660,32401546.09989228,30204943.13570183,2196.603,3.98573e14,0.0068,-1.78905e6,8.94481e5,-2.24444e-9
1481556690,32398517.022034254,30190236.29700414,2208.281,3.99667e14,0.2676,-1.80208e6,8.99762e5,-2.25768e-9
1481556720,32395433.653980732,30175491.13952187,2219.943,3.94086e14,1.1326,-1.79999e6,9.05045e5,-2.27093e-9
1481556750,32392296.012727685,30160707.79953587,2231.588,3.94302e14,1.0785,-1.81099e6,9.10330e5,-2.28418e-9
1481556780,32389104.11558406,30145886.414136842,2243.218,3.91072e14,1.8888,-1.81408e6,9.15618e5,-2.29744e-9
1481556810,32385857.980172247,30131027.121228997,2254.831,3.92028e14,1.6489,-1.82677e6,9.20908e5,-2.31071e-9
1481556840,32382557.624428347,30116130.059533644,2266.428,3.93753e14,1.2161,-1.84127e6,9.26200e5,-2.32398e-9
1481556870,32379203.066602763,30101195.368592843,2278.008,3.81788e14,4.2178,-1.82383e6,9.31494e5,-2.33725e-9
1481556900,32375794.32526046,30086223.188773017,2289.571,3.89836e14,2.1989,-1.85311e6,9.36790e5,-2.35053e-9
1481556930,32372331.419303633,30071213.66128285,2301.118,4.04845e14,1.5667,-1.89907e6,9.42089e5,-2.36382e-9
1481556960,32368814.3679041,30056166.928133365,2312.647,4.01243e14,0.6629,-1.90119e6,9.47390e5,-2.37711e-9
1481556990,32365243.190571956,30041083.132185176,2324.160,3.92799e14,1.4554,-1.89164e6,9.52692e5,-2.39041e-9
1481557020,32361617.907134216,30025962.417138252,2335.655,3.93410e14,1.3022,-1.90364e6,9.57997e5,-2.40371e-9
1481557050,32357938.53773556,30010804.9275357,2347.134,4.03118e14,1.1333,-1.93765e6,9.63305e5,-2.41701e-9
1481557080,32354205.102839004,29995610.808767714,2358.594,4.06482e14,1.9774,-1.95650e6,9.68614e5,-2.43033e-9
1481557110,32350417.623226807,29980380.20707533,2370.037,4.09417e14,2.7137,-1.97440e6,9.73925e5,-2.44365e-9
1481557140,32346576.12000111,29965113.269554373,2381.463,4.15339e14,4.1993,-1.99971e6,9.79239e5,-2.45697e-9
1481557170,32342680.614584904,29949810.144159324,2392.870,4.12549e14,3.4995,-2.00367e6,9.84554e5,-2.47030e-9
1481557200,32338731.128722772,29934470.979707126,2404.260,4.01280e14,0.6723,-1.98650e6,9.89872e5,-2.48363e-9
1481557230,32334727.68448305,29919095.925864268,2415.632,3.95440e14,0.7929,-1.98259e6,9.95191e5,-2.49697e-9
1481557260,32330670.30425485,29903685.133202635,2426.985,3.96315e14,0.5733,-1.99539e6,1.00051e6,-2.51031e-9
1481557290,32326559.01075283,29888238.753151417,2438.320,3.95252e14,0.8399,-2.00332e6,1.00584e6,-2.52366e-9
1481557320,32322393.827016845,29872756.938017644,2449.637,3.93841e14,1.1941,-2.01034e6,1.01116e6,-2.53701e-9
1481557350,32318174.776412856,29857239.840989973,2460.935,3.98758e14,0.0394,-2.03347e6,1.01649e6,-2.55037e-9
1481557380,32313901.882633816,29841687.61614244,2472.214,4.06293e14,1.9299,-2.06345e6,1.02182e6,-2.56374e-9
1481557410,32309575.16970062,29826100.418438222,2483.475,4.10292e14,2.9332,-2.08452e6,1.02715e6,-2.57710e-9
1481557440,32305194.66196304,29810478.403733443,2494.716,4.12371e14,3.4547,-2.10072e6,1.03248e6,-2.59048e-9
1481557470,32300760.384100534,29794821.728780925,2505.939,4.00345e14,0.4378,-2.08026e6,1.03782e6,-2.60386e-9
1481557500,32296272.361123223,29779130.551233932,2517.142,4.03180e14,1.1490,-2.09838e6,1.04316e6,-2.61724e-9
1481557530,32291730.618348826,29763405.02966349,2528.326,4.05513e14,1.7342,-2.11525e6,1.04850e6,-2.63063e-9
1481557560,32287135.181477364,29747645.323520795,2539.490,3.96141e14,0.6171,-2.10124e6,1.05384e6,-2.64402e-9
1481557590,32282486.076517988,29731851.593182363,2550.634,3.91897e14,1.6818,-2.10061e6,1.05918e6,-2.65741e-9
1481557620,32277783.329813696,29716023.99994065,2561.759,4.00370e14,0.4440,-2.13384e6,1.06453e6,-2.67082e-9
1481557650,32273026.96804196,29700162.70600798,2572.864,4.00885e14,0.5732,-2.14594e6,1.06987e6,-2.68422e-9
1481557680,32268217.01821554,29684267.87452047,2583.949,3.91016e14,1.9026,-2.13004e6,1.07522e6,-2.69763e-9
1481557710,32263353.507683124,29668339.669542134,2595.014,4.00231e14,0.4090,-2.16561e6,1.08057e6,-2.71105e-9
1481557740,32258436.464130126,29652378.25606876,2606.058,4.02333e14,0.9364,-2.18207e6,1.08592e6,-2.72447e-9
1481557770,32253465.915579434,29636383.800031926,2617.082,4.02390e14,0.9507,-2.19297e6,1.09128e6,-2.73789e-9
1481557800,32248441.890392203,29620356.468303088,2628.085,4.04549e14,1.4923,-2.20967e6,1.09663e6,-2.75132e-9
1481557830,32243364.41730349,29604296.4286937,2639.068,4.03197e14,1.1533,-2.21673e6,1.10199e6,-2.76475e-9
1481557860,32238233.525315676,29588203.849971,2650.030,3.96623e14,0.4961,-2.20924e6,1.10735e6,-2.77818e-9
1481557890,32233049.243807048,29572078.9018504,2660.970,4.00608e14,0.5037,-2.23106e6,1.11271e6,-2.79162e-9
1481557920,32227811.60249815,29555921.755003158,2671.890,4.00155e14,0.3900,-2.24053e6,1.11807e6,-2.80507e-9
1481557950,32222520.63145292,29539732.581060484,2682.788,3.95799e14,0.7027,-2.23900e6,1.12343e6,-2.81851e-9
1481557980,32217176.361079868,29523511.552617457,2693.665,4.00160e14,0.3913,-2.26204e6,1.12880e6,-2.83197e-9
1481558010,32211778.82213338,29507258.84323712,2704.520,4.04369e14,1.4472,-2.28476e6,1.13416e6,-2.84542e-9
1481558040,32206328.04571487,29490974.627454385,2715.353,4.08407e14,2.4601,-2.30712e6,1.13953e6,-2.85888e-9
1481558070,32200824.063274063,29474659.08078006,2726.165,4.09821e14,2.8150,-2.32205e6,1.14490e6,-2.87234e-9
1481558100,32195266.90661024,29458312.379704855,2736.955,3.99642e14,0.2612,-2.30356e6,1.15027e6,-2.88581e-9
1481558130,32189656.60783933,29441934.701697245,2747.722,3.97103e14,0.3756,-2.30696e6,1.15565e6,-2.89928e-9
1481558160,32183993.199500524,29425526.225226294,2758.467,3.98303e14,0.0747,-2.32118e6,1.16102e6,-2.91275e-9
1481558190,32178276.71445185,29409087.12974672,2769.190,3.80203e14,4.6155,-2.27896e6,1.16639e6,-2.92623e-9
1481558220,32172507.18590534,29392617.59570892,2779.890,3.90406e14,2.0557,-2.31945e6,1.17177e6,-2.93971e-9
1481558250,32166684.647428103,29376117.80456292,2790.567,3.99847e14,0.3127,-2.35797e6,1.17715e6,-2.95319e-9
1481558280,32160809.132943217,29359587.93876231,2801.221,3.88121e14,2.6290,-2.33396e6,1.18253e6,-2.96668e-9
1481558310,32154880.676730838,29343028.181768145,2811.852,3.84368e14,3.5706,-2.33339e6,1.18791e6,-2.98017e-9
1481558340,32148899.313429113,29326438.718052905,2822.461,3.84777e14,3.4680,-2.34518e6,1.19329e6,-2.99366e-9
1481558370,32142865.078035306,29309819.733104438,2833.045,3.96120e14,0.6222,-2.38987e6,1.19867e6,-3.00715e-9
1481558400,32136778.005906776,29293171.413429808,2843.607,3.98710e14,0.0274,-2.40842e6,1.20406e6,-3.02065e-9
1481558430,32130638.132791407,29276493.94657081,2854.144,3.93007e14,1.4034,-2.40188e6,1.20944e6,-3.03415e-9
1481558460,32124445.49473809,29259787.521072574,2864.658,3.96609e14,0.4997,-2.42355e6,1.21483e6,-3.04766e-9
1481558490,32118200.12818875,29243052.32652288,2875.148,4.04358e14,1.4445,-2.45802e6,1.22021e6,-3.06116e-9
1481558520,32111902.06995024,29226288.553544793,2885.614,4.09024e14,2.6149,-2.48321e6,1.22560e6,-3.07467e-9
1481558550,32105551.35719571,29209496.39380064,2896.055,4.01343e14,0.6880,-2.47041e6,1.23099e6,-3.08818e-9
1481558580,32099148.027465943,29192676.03999614,2906.472,4.02311e14,0.9309,-2.48422e6,1.23638e6,-3.10169e-9
1481558610,32092692.118670814,29175827.68588438,2916.864,4.06766e14,2.0485,-2.50893e6,1.24177e6,-3.11521e-9
1481558640,32086183.669090644,29158951.526269898,2927.232,4.06946e14,2.0936,-2.52038e6,1.24716e6,-3.12872e-9
1481558670,32079622.717377614,29142047.757012688,2937.575,4.06495e14,1.9805,-2.52986e6,1.25255e6,-3.14224e-9
1481558700,32073009.302557223,29125116.57503223,2947.893,3.98144e14,0.1146,-2.51439e6,1.25795e6,-3.15576e-9
1481558730,32066343.464003574,29108158.178298596,2958.185,3.92497e14,1.5313,-2.50727e6,1.26334e6,-3.16928e-9
1481558760,32059625.241521362,29091172.765876345,2968.452,4.00862e14,0.5673,-2.54460e6,1.26873e6,-3.18281e-9
1481558790,32052854.675266452,29074160.537888534,2978.694,4.06935e14,2.0909,-2.57483e6,1.27413e6,-3.19633e-9
1481558820,32046031.80577333,29057121.69553355,2988.910,4.05405e14,1.7071,-2.58082e6,1.27952e6,-3.20986e-9
1481558850,32039156.673956323,29040056.44108898,2999.100,3.97824e14,0.1947,-2.56726e6,1.28492e6,-3.22339e-9
1481558880,32032229.321110845,29022964.97791549,3009.264,3.87365e14,2.8188,-2.54418e6,1.29031e6,-3.23692e-9
1481558910,32025249.7889147,29005847.51046069,3019.402,3.95083e14,0.8824,-2.57991e6,1.29571e6,-3.25045e-9
1481558940,32018218.11942938,28988704.24426302,3029.514,3.96396e14,0.5531,-2.59493e6,1.30111e6,-3.26398e-9
1481558970,32011134.35510126,28971535.385955535,3039.599,3.88580e14,2.5139,-2.58008e6,1.30651e6,-3.27751e-9
1481559000,32003998.538763046,28954341.14326977,3049.657,3.85234e14,3.3533,-2.57972e6,1.31190e6,-3.29104e-9
1481559030,31996810.71366018,28937121.725052524,3059.689,3.90737e14,1.9728,-2.60852e6,1.31730e6,-3.30457e-9
1481559060,31989570.923374586,28919877.34122987,3069.694,4.05991e14,1.8542,-2.66982e6,1.32270e6,-3.31811e-9
1481559090,31982279.211903963,28902608.202850856,3079.671,4.07264e14,2.1736,-2.68495e6,1.32810e6,-3.33164e-9
1481559120,31974935.62363822,28885314.52207851,3089.621,3.91637e14,1.7471,-2.64359e6,1.33350e6,-3.34517e-9
1481559150,31967540.203360964,28867996.512193803,3099.544,3.86290e14,3.0884,-2.63633e6,1.33889e6,-3.35871e-9
1481559180,31960092.99625119,28850654.387599483,3109.439,4.02667e14,1.0202,-2.70218e6,1.34429e6,-3.37224e-9
1481559210,31952594.047884922,28833288.363824032,3119.306,4.11269e14,3.1782,-2.74215e6,1.34969e6,-3.38577e-9
1481559240,31945043.40423684,28815898.657525506,3129.145,4.04679e14,1.5249,-2.73071e6,1.35509e6,-3.39930e-9
1481559270,31937441.1116819,28798485.486495417,3138.956,3.98390e14,0.0527,-2.72013e6,1.36049e6,-3.41284e-9
1481559300,31929787.216997065,28781049.069662567,3148.738,4.05080e14,1.6255,-2.75383e6,1.36588e6,-3.42637e-9
1481559330,31922081.767337434,28763589.627086315,3158.492,4.06434e14,1.9653,-2.76937e6,1.37128e6,-3.43990e-9
1481559360,31914324.81031661,28746107.3799931,3168.217,3.95350e14,0.8153,-2.74199e6,1.37668e6,-3.45343e-9
1481559390,31906516.39392939,28728602.55074739,3177.914,4.02975e14,1.0976,-2.77917e6,1.38207e6,-3.46696e-9
1481559420,31898656.56657877,28711075.36286604,3187.581,4.07033e14,2.1156,-2.80414e6,1.38747e6,-3.48048e-9
1481559450,31890745.377077527,28693526.041021887,3197.219,3.94636e14,0.9946,-2.77172e6,1.39286e6,-3.49401e-9
1481559480,31882782.874649655,28675954.81104751,3206.828,3.92417e14,1.5512,-2.77467e6,1.39826e6,-3.50753e-9
1481559510,31874769.108931925,28658361.89993883,3216.407,4.01059e14,0.6169,-2.81580e6,1.40365e6,-3.52105e-9
1481559540,31866704.12997536,28640747.535858687,3225.957,4.04584e14,1.5011,-2.83908e6,1.40904e6,-3.53457e-9
1481559570,31858587.98824682,28623111.948140487,3235.476,4.04024e14,1.3607,-2.84795e6,1.41444e6,-3.54809e-9
1481559600,31850420.734630544,28605455.36729175,3244.965,4.04251e14,1.4176,-2.85961e6,1.41983e6,-3.56161e-9
1481559630,31842202.42045712,28587778.025003057,3254.424,3.99813e14,0.3042,-2.85460e6,1.42522e6,-3.57512e-9
1481559660,31833933.09742063,28570080.15413489,3263.853,3.99182e14,0.1459,-2.86312e6,1.43061e6,-3.58863e-9
1481559690,31825612.81766509,28552361.98873799,3273.251,3.98156e14,0.1115,-2.87021e6,1.43600e6,-3.60214e-9
1481559720,31817241.633758727,28534623.76405147,3282.618,3.87270e14,2.8427,-2.84161e6,1.44138e6,-3.61564e-9
1481559750,31808819.59869602,28516865.716506284,3291.954,3.84207e14,3.6109,-2.84111e6,1.44677e6,-3.62915e-9
1481559780,31800346.76589941,28499088.083728697,3301.259,3.97391e14,0.3035,-2.89971e6,1.45215e6,-3.64264e-9
1481559810,31791823.189221423,28481291.10454379,3310.532,4.07486e14,2.2291,-2.94736e6,1.45754e6,-3.65614e-9
1481559840,31783248.922946367,28463475.018978897,3319.774,4.05815e14,1.8100,-2.95211e6,1.46292e6,-3.66963e-9
1481559870,31774624.021792408,28445640.06826704,3328.984,4.03734e14,1.2880,-2.95530e6,1.46830e6,-3.68312e-9
1481559900,31765948.540913433,28427786.494850256,3338.162,3.98496e14,0.0262,-2.94676e6,1.47368e6,-3.69660e-9
1481559930,31757222.53586988,28409914.54238223,3347.308,3.98714e14,0.0284,-2.95831e6,1.47905e6,-3.71008e-9
1481559960,31748446.062726583,28392024.455734305,3356.422,4.07088e14,2.1294,-3.00024e6,1.48443e6,-3.72355e-9
1481559990,31739619.177958537,28374116.480995897,3365.503,4.05201e14,1.6559,-3.00405e6,1.48980e6,-3.73702e-9
1481560020,31730741.938483715,28356190.865478747,3374.551,4.00160e14,0.3912,-2.99597e6,1.49517e6,-3.75049e-9
1481560050,31721814.401664786,28338247.857720178,3383.567,4.03234e14,1.1625,-3.01829e6,1.50054e6,-3.76395e-9
1481560080,31712836.625310816,28320287.70748641,3392.549,3.92165e14,1.6144,-2.98728e6,1.50591e6,-3.77740e-9
1481560110,31703808.667679004,28302310.665775687,3401.498,3.89208e14,2.3564,-2.98670e6,1.51127e6,-3.79085e-9
1481560140,31694730.587476417,28284316.984821513,3410.414,4.01320e14,0.6823,-3.04338e6,1.51664e6,-3.80430e-9
1481560170,31685602.443861764,28266306.91809578,3419.296,4.09750e14,2.7971,-3.08631e6,1.52200e6,-3.81773e-9
1481560200,31676424.29644714,28248280.720311925,3428.144,4.06492e14,1.9799,-3.08469e6,1.52735e6,-3.83116e-9
1481560230,31667196.205334086,28230238.64742896,3436.958,3.87802e14,2.7092,-3.02365e6,1.53271e6,-3.84459e-9
1481560260,31657918.231010024,28212180.956651367,3445.737,3.88254e14,2.5957,-3.03595e6,1.53806e6,-3.85801e-9
1481560290,31648590.434455637,28194107.906435587,3454.483,3.95745e14,0.7163,-3.07551e6,1.54341e6,-3.87142e-9
1481560320,31639212.877113014,28176019.756491773,3463.193,3.99329e14,0.1828,-3.10008e6,1.54876e6,-3.88482e-9
1481560350,31629785.620887697,28157916.76778679,3471.869,4.02573e14,0.9966,-3.12342e6,1.55410e6,-3.89822e-9
1481560380,31620308.728150908,28139799.202547133,3480.510,3.99135e14,0.1342,-3.12071e6,1.55944e6,-3.91161e-9
1481560410,31610782.261741843,28121667.32426174,3489.115,3.97316e14,0.3222,-3.12425e6,1.56478e6,-3.92499e-9
1481560440,31601206.284969833,28103521.39768486,3497.685,3.96149e14,0.6151,-3.13030e6,1.57012e6,-3.93837e-9
1481560470,31591580.86161656,28085361.68883879,3506.219,3.96054e14,0.6388,-3.14055e6,1.57545e6,-3.95173e-9
1481560500,31581906.055938415,28067188.465016548,3514.718,3.95545e14,0.7666,-3.14915e6,1.58078e6,-3.96509e-9
1481560530,31572181.93263528,28049001.994780604,3523.180,3.96936e14,0.4175,-3.16529e6,1.58610e6,-3.97844e-9
1481560560,31562408.556955706,28030802.54797804,3531.606,4.01553e14,0.7407,-3.19434e6,1.59142e6,-3.99178e-9
1481560590,31552585.994596105,28012590.395730298,3539.996,4.04220e14,1.4099,-3.21569e6,1.59674e6,-4.00511e-9
1481560620,31542714.311736148,27994365.810439847,3548.349,4.06300e14,1.9316,-3.23474e6,1.60206e6,-4.01843e-9
1481560650,31532793.575040672,27976129.06579268,3556.665,3.98248e14,0.0883,-3.21300e6,1.60737e6,-4.03174e-9
1481560680,31522823.851661786,27957880.436760664,3564.943,3.98875e14,0.0688,-3.22614e6,1.61267e6,-4.04504e-9
1481560710,31512805.209240865,27939620.1996039,3573.185,4.04964e14,1.5964,-3.26145e6,1.61797e6,-4.05834e-9
1481560740,31502737.71591055,27921348.631873053,3581.389,3.91713e14,1.7280,-3.21818e6,1.62327e6,-4.07162e-9
1481560770,31492621.440296814,27903066.012411576,3589.555,3.98837e14,0.0594,-3.25777e6,1.62857e6,-4.08489e-9
1481560800,31482456.451521,27884772.621357933,3597.684,4.11695e14,3.2851,-3.32104e6,1.63386e6,-4.09814e-9
1481560830,31472242.819232356,27866468.74015248,3605.774,4.01349e14,0.6894,-3.28924e6,1.63914e6,-4.11139e-9
1481560860,31461980.61351642,27848154.65152497,3613.826,3.95815e14,0.6987,-3.27701e6,1.64442e6,-4.12463e-9
1481560890,31451669.904990904,27829830.639511365,3621.839,4.00146e14,0.3878,-3.30544e6,1.64969e6,-4.13785e-9
1481560920,31441310.76477781,27811496.9894511,3629.814,3.98246e14,0.0889,-3.30811e6,1.65497e6,-4.15106e-9
1481560950,31430903.26450575,27793153.987989057,3637.749,3.90873e14,1.9388,-3.28793e6,1.66023e6,-4.16426e-9
1481560980,31420447.476312418,27774801.923077572,3645.646,3.88723e14,2.4779,-3.28936e6,1.66549e6,-4.17745e-9
1481561010,31409943.47284698,27756441.08397827,3653.502,3.92314e14,1.5771,-3.31479e6,1.67075e6,-4.19062e-9
1481561040,31399391.327272635,27738071.761263914,3661.320,3.95031e14,0.8956,-3.33662e6,1.67600e6,-4.20378e-9
1481561070,31388791.113268927,27719694.24682025,3669.097,3.99570e14,0.2434,-3.36620e6,1.68124e6,-4.21693e-9
1481561100,31378142.90503431,27701308.833847605,3676.834,4.02839e14,1.0634,-3.39051e6,1.68648e6,-4.23006e-9
1481561130,31367446.77725927,27682915.816858374,3684.531,3.98186e14,0.1039,-3.38129e6,1.69171e6,-4.24318e-9
1481561160,31356702.805219173,27664515.491691764,3692.187,3.97560e14,0.2609,-3.38907e6,1.69694e6,-4.25628e-9
1481561190,31345911.06468641,27646108.155502122,3699.803,3.98942e14,0.0856,-3.40539e6,1.70216e6,-4.26937e-9
1481561220,31335071.63196176,27627694.10676464,3707.378,3.94708e14,0.9766,-3.39769e6,1.70738e6,-4.28244e-9
1481561250,31324184.58387675,27609273.645276688,3714.911,3.91392e14,1.8084,-3.39381e6,1.71258e6,-4.29550e-9
1481561280,31313249.997795902,27590847.072159175,3722.403,3.95776e14,0.7085,-3.42301e6,1.71779e6,-4.30854e-9
1481561310,31302267.951619156,27572414.68985779,3729.853,4.03923e14,1.3353,-3.46856e6,1.72298e6,-4.32157e-9
1481561340,31291238.52378401,27553976.802144103,3737.262,4.00827e14,0.5587,-3.46559e6,1.72817e6,-4.33457e-9
1481561370,31280161.79326794,27535533.714116722,3744.628,3.97995e14,0.1520,-3.46366e6,1.73335e6,-4.34757e-9
1481561400,31269037.839590777,27517085.73220231,3751.952,3.98130e14,0.1181,-3.47459e6,1.73853e6,-4.36054e-9
1481561430,31257866.742845062,27498633.16416631,3759.234,3.92627e14,1.4987,-3.46085e6,1.74370e6,-4.37350e-9
1481561460,31246648.583612166,27480176.319083735,3766.472,3.96281e14,0.5820,-3.48712e6,1.74886e6,-4.38644e-9
1481561490,31235383.44305106,27461715.50737009,3773.668,4.05038e14,1.6149,-3.53592e6,1.75402e6,-4.39936e-9
1481561520,31224071.4028731,27443251.040772412,3780.820,4.04838e14,1.5648,-3.54541e6,1.75916e6,-4.41226e-9
1481561550,31212712.54534468,27424783.23237003,3787.929,3.96421e14,0.5468,-3.51852e6,1.76430e6,-4.42514e-9
1481561580,31201306.953289967,27406312.396575183,3794.995,3.97561e14,0.2607,-3.53381e6,1.76943e6,-4.43800e-9
1481561610,31189854.710093666,27387838.849133614,3802.016,4.03258e14,1.1685,-3.56940e6,1.77456e6,-4.45085e-9
1481561640,31178355.89970378,27369362.907125015,3808.993,4.02593e14,1.0016,-3.57671e6,1.77967e6,-4.46367e-9
1481561670,31166810.606634308,27350884.88896336,3815.926,4.00148e14,0.3883,-3.57603e6,1.78478e6,-4.47648e-9
1481561700,31155218.91596817,27332405.114397302,3822.814,3.95649e14,0.7405,-3.56605e6,1.78988e6,-4.48926e-9
1481561730,31143580.91334071,27313923.90448856,3829.657,3.99560e14,0.2406,-3.59379e6,1.79497e6,-4.50202e-9
1481561760,31131896.685001668,27295441.58167876,3836.455,4.01816e14,0.8067,-3.61415e6,1.80005e6,-4.51476e-9
1481561790,31120166.31775881,27276958.46972279,3843.208,3.96136e14,0.6184,-3.59862e6,1.80512e6,-4.52747e-9
1481561820,31108389.89899975,27258474.89370998,3849.915,4.01038e14,0.6115,-3.63097e6,1.81019e6,-4.54017e-9
1481561850,31096567.516694594,27239991.180063818,3856.576,4.01554e14,0.7410,-3.64346e6,1.81524e6,-4.55284e-9
1481561880,31084699.25939864,27221507.656541374,3863.192,3.98002e14,0.1502,-3.63736e6,1.82029e6,-4.56549e-9
1481561910,31072785.216255073,27203024.652232915,3869.761,4.00297e14,0.4255,-3.65793e6,1.82533e6,-4.57812e-9
1481561940,31060825.47699761,27184542.497561052,3876.283,3.97439e14,0.2913,-3.65488e6,1.83035e6,-4.59072e-9
1481561970,31048820.131953184,27166061.524280194,3882.759,3.99580e14,0.2457,-3.67475e6,1.83537e6,-4.60329e-9
1481562000,31036769.27204465,27147582.065475594,3889.187,4.00852e14,0.5650,-3.69065e6,1.84038e6,-4.61584e-9
1481562030,31024672.98879649,27129104.455592364,3895.569,3.98169e14,0.1082,-3.68825e6,1.84537e6,-4.62837e-9
1481562060,31012531.37432833,27110629.030342557,3901.902,3.96988e14,0.4045,-3.69273e6,1.85036e6,-4.64087e-9
1481562090,31000344.52136686,27092156.126796,3908.188,3.95254e14,0.8397,-3.69459e6,1.85534e6,-4.65335e-9
1481562120,30988112.523245554,27073686.08334964,3914.426,3.93878e14,1.1847,-3.69806e6,1.86030e6,-4.66579e-9
1481562150,30975835.47390756,27055219.23972655,3920.616,3.96813e14,0.4483,-3.72164e6,1.86526e6,-4.67822e-9
1481562180,30963513.467908416,27036755.93697477,3926.758,3.98236e14,0.0915,-3.73817e6,1.87020e6,-4.69061e-9
1481562210,30951146.600418918,27018296.517466154,3932.850,3.96060e14,0.6372,-3.73780e6,1.87514e6,-4.70298e-9
1481562240,30938734.967227954,26999841.324894994,3938.894,4.02592e14,1.0013,-3.77840e6,1.88006e6,-4.71531e-9
1481562270,30926278.66474539,26981390.70427664,3944.888,3.98766e14,0.0414,-3.77018e6,1.88497e6,-4.72762e-9
1481562300,30913777.79000492,26962945.001945976,3950.833,3.91714e14,1.7277,-3.74655e6,1.88987e6,-4.73990e-9
1481562330,30901232.44067781,26944504.56552953,3956.728,3.96229e14,0.5948,-3.77769e6,1.89475e6,-4.75215e-9
1481562360,30888642.715042602,26926069.744024277,3962.573,4.01731e14,0.7853,-3.81362e6,1.89963e6,-4.76437e-9
1481562390,30876008.712021388,26907640.8877153,3968.368,4.05627e14,1.7628,-3.84199e6,1.90449e6,-4.77656e-9
1481562420,30863330.53117205,26889218.348199524,3974.112,4.04845e14,1.5667,-3.84803e6,1.90934e6,-4.78872e-9
1481562450,30850608.272691436,26870802.47838331,3979.806,3.96988e14,0.4045,-3.82006e6,1.91418e6,-4.80084e-9
1481562480,30837842.037418377,26852393.632480007,3985.448,3.97459e14,0.2865,-3.83195e6,1.91900e6,-4.81294e-9
1481562510,30825031.9268369,26833992.166007336,3991.040,3.97250e14,0.3388,-3.84055e6,1.92381e6,-4.82500e-9
1481562540,30812178.04307928,26815598.435784586,3996.580,3.97708e14,0.2239,-3.85234e6,1.92861e6,-4.83703e-9
1481562570,30799280.48892924,26797212.7999297,4002.068,4.09032e14,2.6170,-3.91680e6,1.93340e6,-4.84902e-9
1481562600,30786339.3678251,26778835.617856305,4007.504,4.00914e14,0.5804,-3.88700e6,1.93817e6,-4.86098e-9
1481562630,30773354.783848733,26760467.25028377,4012.888,3.93431e14,1.2968,-3.86008e6,1.94293e6,-4.87291e-9
1481562660,30760326.84177253,26742108.05919324,4018.219,3.99065e14,0.1164,-3.89702e6,1.94767e6,-4.88480e-9
1481562690,30747255.647018686,26723758.40786474,4023.497,3.95879e14,0.6828,-3.89088e6,1.95240e6,-4.89666e-9
1481562720,30734141.305676535,26705418.660860687,4028.723,3.98640e14,0.0100,-3.91383e6,1.95712e6,-4.90848e-9
1481562750,30720983.924505506,26687089.184022322,4033.895,3.98213e14,0.0971,-3.92113e6,1.96182e6,-4.92026e-9
1481562780,30707783.610938367,26668770.34446605,4039.013,3.90241e14,2.0971,-3.89118e6,1.96650e6,-4.93201e-9
1481562810,30694540.473084256,26650462.51057959,4044.078,3.89461e14,2.2929,-3.89656e6,1.97117e6,-4.94372e-9
1481562840,30681254.619731743,26632166.052018087,4049.089,3.96066e14,0.6359,-3.93849e6,1.97583e6,-4.95539e-9
1481562870,30667926.160352092,26613881.33969999,4054.045,4.00993e14,0.6002,-3.97221e6,1.98047e6,-4.96702e-9
1481562900,30654555.205102235,26595608.745802935,4058.946,3.95529e14,0.7705,-3.95428e6,1.98509e6,-4.97861e-9
1481562930,30641141.864838284,26577348.64376012,4063.793,4.00840e14,0.5618,-3.98996e6,1.98970e6,-4.99017e-9
1481562960,30627686.251087043,26559101.408253357,4068.585,4.08755e14,2.5476,-4.03876e6,1.99429e6,-5.00168e-9
1481562990,30614188.476080906,26540867.415211227,4073.321,4.00873e14,0.5702,-4.00851e6,1.99887e6,-5.01315e-9
1481563020,30600648.652750857,26522647.04180334,4078.002,4.00933e14,0.5853,-4.01795e6,2.00343e6,-5.02458e-9
1481563050,30587066.894729722,26504440.666435502,4082.626,4.06261e14,1.9219,-4.05389e6,2.00797e6,-5.03597e-9
1481563080,30573443.316355564,26486248.668744665,4087.195,4.00002e14,0.3517,-4.03144e6,2.01250e6,-5.04732e-9
1481563110,30559778.03267493,26468071.429593716,4091.707,3.96860e14,0.4367,-4.02457e6,2.01701e6,-5.05862e-9
1481563140,30546071.15944625,26449909.33106617,4096.162,4.05048e14,1.6174,-4.07504e6,2.02150e6,-5.06988e-9
1481563170,30532322.813143134,26431762.756460596,4100.560,3.99656e14,0.2648,-4.05666e6,2.02597e6,-5.08109e-9
1481563200,30518533.110957757,26413632.090285014,4104.901,3.95732e14,0.7196,-4.04560e6,2.03043e6,-5.09226e-9
1481563230,30504702.170797735,26395517.718240984,4109.184,4.01197e14,0.6515,-4.08233e6,2.03487e6,-5.10339e-9
1481563260,30490830.111309644,26377420.027248554,4113.410,4.00606e14,0.5030,-4.08817e6,2.03929e6,-5.11447e-9
1481563290,30476917.05186221,26359339.405409038,4117.578,3.98576e14,0.0062,-4.08659e6,2.04369e6,-5.12550e-9
1481563320,30462963.112556227,26341276.242008626,4121.687,3.95519e14,0.7730,-4.07965e6,2.04807e6,-5.13649e-9
1481563350,30448968.414227944,26323230.927511826,4125.737,3.98729e14,0.0323,-4.10486e6,2.05243e6,-5.14742e-9
1481563380,30434933.07845244,26305203.85355474,4129.729,3.94379e14,1.0591,-4.09110e6,2.05677e6,-5.15831e-9
1481563410,30420857.227547113,26287195.412938125,4133.662,3.95819e14,0.6978,-4.10715e6,2.06110e6,-5.16915e-9
1481563440,30406740.984574955,26269205.999620337,4137.535,4.04063e14,1.3705,-4.15843e6,2.06540e6,-5.17994e-9
1481563470,30392584.47334815,26251236.008710083,4141.348,3.99050e14,0.1129,-4.14103e6,2.06969e6,-5.19068e-9
1481563500,30378387.818431426,26233285.83645902,4145.102,4.01952e14,0.8409,-4.16465e6,2.07395e6,-5.20137e-9
1481563530,30364151.145152062,26215355.88026763,4148.795,4.01000e14,0.6019,-4.16821e6,2.07819e6,-5.21201e-9
1481563560,30349874.579583284,26197446.53863604,4152.428,3.95711e14,0.7248,-4.14906e6,2.08242e6,-5.22259e-9
1481563590,30335558.248567924,26179558.211197656,4156.000,3.97463e14,0.2854,-4.16659e6,2.08662e6,-5.23313e-9
1481563620,30321202.27971543,26161691.29869777,4159.511,3.99925e14,0.3322,-4.18784e6,2.09080e6,-5.24361e-9
1481563650,30306806.801405452,26143846.20298541,4162.961,4.02964e14,1.0946,-4.21214e6,2.09496e6,-5.25403e-9
1481563680,30292371.942791417,26126023.32700501,4166.349,3.99845e14,0.3122,-4.20404e6,2.09909e6,-5.26440e-9
1481563710,30277897.833804164,26108223.074788004,4169.675,3.97920e14,0.1708,-4.20212e6,2.10321e6,-5.27472e-9
1481563740,30263384.60515549,26090445.85144406,4172.939,3.98871e14,0.0678,-4.21532e6,2.10730e6,-5.28498e-9
1481563770,30248832.38834181,26072692.06315234,4176.140,4.04496e14,1.4791,-4.25325e6,2.11137e6,-5.29518e-9
1481563800,30234241.315647796,26054962.11715237,4179.279,4.01904e14,0.8287,-4.24764e6,2.11541e6,-5.30532e-9
1481563830,30219611.520140354,26037256.42172116,4182.355,3.98344e14,0.0643,-4.23680e6,2.11944e6,-5.31541e-9
1481563860,30204943.13570183,26019575.38620611,4185.368,3.99765e14,0.2921,-4.25236e6,2.12344e6,-5.32544e-9
1481563890,30190236.29700414,26001919.420973066,4188.317,3.97194e14,0.3529,-4.24660e6,2.12741e6,-5.33541e-9
1481563920,30175491.13952187,25984288.93741012,4191.202,4.00363e14,0.4421,-4.27143e6,2.13137e6,-5.34532e-9
1481563950,30160707.79953587,25966684.347917505,4194.023,4.01408e14,0.7044,-4.28490e6,2.13529e6,-5.35516e-9
1481563980,30145886.414136842,25949106.06589736,4196.780,4.01571e14,0.7451,-4.29360e6,2.13920e6,-5.36495e-9
1481564010,30131027.121228997,25931554.505743217,4199.473,3.98959e14,0.0900,-4.28735e6,2.14308e6,-5.37468e-9
1481564040,30116130.059533644,25914030.08282937,4202.100,3.99999e14,0.3508,-4.30066e6,2.14693e6,-5.38434e-9
1481564070,30101195.368592843,25896533.213499986,4204.662,4.06714e14,2.0356,-4.34455e6,2.15076e6,-5.39394e-9
1481564100,30086223.188773017,25879064.315058082,4207.159,4.00085e14,0.3726,-4.31641e6,2.15456e6,-5.40347e-9
1481564130,30071213.66128285,25861623.805769417,4209.590,3.96178e14,0.6078,-4.30282e6,2.15834e6,-5.41294e-9
1481564160,30056166.928133365,25844212.104804523,4211.955,3.98525e14,0.0189,-4.32302e6,2.16209e6,-5.42234e-9
1481564190,30041083.132185176,25826829.632273477,4214.253,3.98903e14,0.0759,-4.33252e6,2.16581e6,-5.43168e-9
1481564220,30025962.417138252,25809476.80919931,4216.486,4.02032e14,0.8610,-4.35694e6,2.16951e6,-5.44095e-9
1481564250,30010804.9275357,25792154.057506,4218.651,3.97698e14,0.2264,-4.34069e6,2.17318e6,-5.45015e-9
1481564280,29995610.808767714,25774861.800006423,4220.749,3.94753e14,0.9653,-4.33188e6,2.17682e6,-5.45928e-9
1481564310,29980380.20707533,25757600.460390076,4222.780,3.96140e14,0.6173,-4.34666e6,2.18043e6,-5.46834e-9
1481564340,29965113.269554373,25740370.463210512,4224.743,3.95279e14,0.8332,-4.34910e6,2.18402e6,-5.47734e-9
1481564370,29949810.144159324,25723172.23387266,4226.638,3.93169e14,1.3626,-4.34461e6,2.18758e6,-5.48626e-9
1481564400,29934470.979707126,25706006.198619943,4228.465,3.98570e14,0.0077,-4.38129e6,2.19111e6,-5.49511e-9
1481564430,29919095.925864268,25688872.784503993,4230.223,4.05679e14,1.7757,-4.42742e6,2.19461e6,-5.50389e-9
1481564460,29903685.133202635,25671772.41942378,4231.913,4.04382e14,1.4505,-4.42728e6,2.19808e6,-5.51260e-9
1481564490,29888238.753151417,25654705.532059833,4233.533,3.96438e14,0.5426,-4.39034e6,2.20152e6,-5.52123e-9
1481564520,29872756.938017644,25637672.55187707,4235.084,3.94377e14,1.0596,-4.38575e6,2.20494e6,-5.52978e-9
1481564550,29857239.840989973,25620673.90911074,4236.566,3.98949e14,0.0875,-4.41780e6,2.20832e6,-5.53827e-9
1481564580,29841687.61614244,25603710.034752045,4237.978,3.97420e14,0.2961,-4.41603e6,2.21167e6,-5.54667e-9
1481564610,29826100.418438222,25586781.360533543,4239.319,3.93105e14,1.3787,-4.39869e6,2.21499e6,-5.55500e-9
1481564640,29810478.403733443,25569888.318914387,4240.590,3.95186e14,0.8565,-4.41680e6,2.21828e6,-5.56325e-9
1481564670,29794821.728780925,25553031.34306528,4241.790,3.97953e14,0.1624,-4.43870e6,2.22154e6,-5.57142e-9
1481564700,29779130.551233932,25536210.866853256,4242.920,3.92590e14,1.5079,-4.41523e6,2.22477e6,-5.57951e-9
1481564730,29763405.02966349,25519427.324843336,4243.978,3.93208e14,1.3529,-4.42502e6,2.22796e6,-5.58753e-9
1481564760,29747645.323520795,25502681.15223045,4244.964,3.97038e14,0.3919,-4.45273e6,2.23112e6,-5.59546e-9
1481564790,29731851.593182363,25485972.784875754,4245.879,3.98316e14,0.0714,-4.46614e6,2.23425e6,-5.60331e-9
1481564820,29716023.99994065,25469302.659273863,4246.721,3.96907e14,0.4249,-4.46442e6,2.23735e6,-5.61107e-9
1481564850,29700162.70600798,25452671.21253673,4247.491,3.95763e14,0.7119,-4.46411e6,2.24041e6,-5.61876e-9
1481564880,29684267.87452047,25436078.88237724,4248.189,3.94623e14,0.9979,-4.46373e6,2.24344e6,-5.62636e-9
1481564910,29668339.669542134,25419526.107092705,4248.814,3.95809e14,0.7004,-4.47638e6,2.24644e6,-5.63387e-9
1481564940,29652378.25606876,25403013.32554798,4249.365,4.02021e14,0.8581,-4.51732e6,2.24940e6,-5.64130e-9
1481564970,29636383.800031926,25386540.97715855,4249.843,4.01438e14,0.7120,-4.51991e6,2.25233e6,-5.64864e-9
1481565000,29620356.468303088,25370109.501873244,4250.247,3.97799e14,0.2011,-4.50513e6,2.25522e6,-5.65590e-9
1481565030,29604296.4286937,25353719.340142723,4250.577,3.97272e14,0.3334,-4.50785e6,2.25808e6,-5.66306e-9
1481565060,29588203.849971,25337370.932945117,4250.833,4.01617e14,0.7567,-4.53812e6,2.26090e6,-5.67014e-9
1481565090,29572078.9018504,25321064.721725043,4251.014,4.00788e14,0.5487,-4.53901e6,2.26368e6,-5.67713e-9
1481565120,29555921.755003158,25304801.14838923,4251.121,3.99273e14,0.1686,-4.53591e6,2.26643e6,-5.68403e-9
1481565150,29539732.581060484,25288580.65528815,4251.152,4.01407e14,0.7041,-4.55349e6,2.26915e6,-5.69083e-9
1481565180,29523511.552617457,25272403.68519724,4251.108,3.99322e14,0.1810,-4.54698e6,2.27182e6,-5.69754e-9
1481565210,29507258.84323712,25256270.681298133,4250.988,3.94293e14,1.0807,-4.52357e6,2.27446e6,-5.70416e-9
1481565240,29490974.627454385,25240182.087159418,4250.793,3.94390e14,1.0562,-4.52930e6,2.27706e6,-5.71069e-9
1481565270,29474659.08078006,25224138.346717358,4250.521,3.96528e14,0.5199,-4.54662e6,2.27962e6,-5.71712e-9
1481565300,29458312.379704855,25208139.904256284,4250.172,3.97664e14,0.2349,-4.55816e6,2.28215e6,-5.72345e-9
1481565330,29441934.701697245,25192187.204401016,4249.747,3.99783e14,0.2968,-4.57527e6,2.28464e6,-5.72969e-9
1481565360,29425526.225226294,25176280.692059383,4249.246,3.97302e14,0.3258,-4.56594e6,2.28708e6,-5.73583e-9
1481565390,29409087.12974672,25160420.812439255,4248.666,3.96949e14,0.4143,-4.56872e6,2.28949e6,-5.74187e-9
1481565420,29392617.59570892,25144608.011016246,4248.010,3.97115e14,0.3726,-4.57440e6,2.29186e6,-5.74781e-9
1481565450,29376117.80456292,25128842.73351304,4247.275,4.00564e14,0.4927,-4.59889e6,2.29419e6,-5.75365e-9
1481565480,29359587.93876231,25113125.425878596,4246.463,4.02662e14,1.0190,-4.61556e6,2.29647e6,-5.75939e-9
1481565510,29343028.181768145,25097456.53426719,4245.572,4.02493e14,0.9765,-4.61910e6,2.29872e6,-5.76503e-9
1481565540,29326438.718052905,25081836.50501708,4244.602,4.00594e14,0.5003,-4.61258e6,2.30093e6,-5.77056e-9
1481565570,29309819.733104438,25066265.78462913,4243.554,4.03700e14,1.2794,-4.63486e6,2.30309e6,-5.77600e-9
1481565600,29293171.413429808,25050744.819745053,4242.427,4.06054e14,1.8699,-4.65274e6,2.30521e6,-5.78132e-9
1481565630,29276493.94657081,25035274.057112034,4241.220,4.00576e14,0.4956,-4.62524e6,2.30729e6,-5.78655e-9
1481565660,29259787.521072574,25019853.94360209,4239.934,3.97298e14,0.3268,-4.61035e6,2.30933e6,-5.79166e-9
1481565690,29243052.32652288,25004484.92614833,4238.567,3.99116e14,0.1295,-4.62487e6,2.31133e6,-5.79667e-9
1481565720,29226288.553544793,24989167.451735638,4237.121,3.99995e14,0.3498,-4.63388e6,2.31328e6,-5.80157e-9
1481565750,29209496.39380064,24973901.96737779,4235.594,3.96664e14,0.4858,-4.61836e6,2.31519e6,-5.80636e-9
1481565780,29192676.03999614,24958688.9200943,4233.987,3.94192e14,1.1060,-4.60772e6,2.31705e6,-5.81104e-9
1481565810,29175827.68588438,24943528.756887145,4232.299,3.97375e14,0.3075,-4.62985e6,2.31887e6,-5.81561e-9
1481565840,29158951.526269898,24928421.924717218,4230.530,3.98061e14,0.1352,-4.63739e6,2.32065e6,-5.82007e-9
1481565870,29142047.757012688,24913368.870480534,4228.679,3.97273e14,0.3330,-4.63626e6,2.32238e6,-5.82441e-9
1481565900,29125116.57503223,24898370.040984306,4226.747,3.97766e14,0.2093,-4.64250e6,2.32406e6,-5.82865e-9
1481565930,29108158.178298596,24883425.882942647,4224.732,3.97187e14,0.3545,-4.64240e6,2.32570e6,-5.83276e-9
1481565960,29091172.765876345,24868536.84289111,4222.636,3.98010e14,0.1481,-4.65039e6,2.32730e6,-5.83676e-9
1481565990,29074160.537888534,24853703.367223147,4220.457,3.95706e14,0.7262,-4.64002e6,2.32884e6,-5.84065e-9
1481566020,29057121.69553355,24838925.902145747,4218.196,3.95325e14,0.8218,-4.64079e6,2.33034e6,-5.84442e-9
1481566050,29040056.44108898,24824204.893654633,4215.852,3.98509e14,0.0229,-4.66230e6,2.33180e6,-5.84807e-9
1481566080,29022964.97791549,24809540.787509236,4213.424,3.99600e14,0.2509,-4.67150e6,2.33320e6,-5.85160e-9
1481566110,29005847.51046069,24794934.02920747,4210.913,3.98504e14,0.0243,-4.66780e6,2.33456e6,-5.85501e-9
1481566140,28988704.24426302,24780385.063960347,4208.319,4.00456e14,0.4655,-4.68186e6,2.33587e6,-5.85830e-9
1481566170,28971535.385955535,24765894.33666624,4205.641,4.03865e14,1.3207,-4.70437e6,2.33713e6,-5.86147e-9
1481566200,28954341.14326977,24751462.291885126,4202.879,4.03902e14,1.3299,-4.70703e6,2.33834e6,-5.86452e-9
1481566230,28937121.725052524,24737089.3737858,4200.032,3.98644e14,0.0109,-4.67852e6,2.33950e6,-5.86744e-9
1481566260,28919877.34122987,24722776.026201814,4197.101,3.91579e14,1.7614,-4.63928e6,2.34062e6,-5.87024e-9
1481566290,28902608.202850856,24708522.69252289,4194.086,3.91176e14,1.8626,-4.63902e6,2.34168e6,-5.87291e-9
1481566320,28885314.52207851,24694329.815694544,4190.985,4.01496e14,0.7263,-4.70166e6,2.34269e6,-5.87546e-9
1481566350,28867996.512193803,24680197.838191073,4187.799,4.03417e14,1.2084,-4.71489e6,2.34365e6,-5.87788e-9
1481566380,28850654.387599483,24666127.20198825,4184.527,4.01980e14,0.8479,-4.70827e6,2.34456e6,-5.88017e-9
1481566410,28833288.363824032,24652118.348535974,4181.170,4.02686e14,1.0249,-4.71415e6,2.34542e6,-5.88233e-9
1481566440,28815898.657525506,24638171.718730565,4177.727,3.97727e14,0.2191,-4.68660e6,2.34623e6,-5.88436e-9
1481566470,28798485.486495417,24624287.752886984,4174.198,3.95113e14,0.8749,-4.67272e6,2.34698e6,-5.88626e-9
1481566500,28781049.069662567,24610466.890710857,4170.582,3.94975e14,0.9095,-4.67331e6,2.34768e6,-5.88803e-9
1481566530,28763589.627086315,24596709.57129811,4166.880,3.99958e14,0.3405,-4.70395e6,2.34833e6,-5.88967e-9
1481566560,28746107.3799931,24583016.233021166,4163.091,4.01736e14,0.7867,-4.71563e6,2.34893e6,-5.89117e-9
1481566590,28728602.55074739,24569387.313586023,4159.215,3.97642e14,0.2406,-4.69259e6,2.34947e6,-5.89254e-9
1481566620,28711075.36286604,24555823.249976173,4155.252,3.96668e14,0.4849,-4.68783e6,2.34996e6,-5.89377e-9
1481566650,28693526.041021887,24542324.478424132,4151.202,3.99444e14,0.2117,-4.70506e6,2.35039e6,-5.89487e-9
1481566680,28675954.81104751,24528891.434382565,4147.063,4.01328e14,0.6843,-4.71693e6,2.35077e6,-5.89583e-9
1481566710,28658361.89993883,24515524.552495576,4142.837,3.97699e14,0.2260,-4.69619e6,2.35109e6,-5.89665e-9
1481566740,28640747.535858687,24502224.266569596,4138.523,3.97991e14,0.1530,-4.69844e6,2.35136e6,-5.89733e-9
1481566770,28623111.948140487,24488991.00954425,4134.121,4.02228e14,0.9102,-4.72386e6,2.35157e6,-5.89787e-9
1481566800,28605455.36729175,24475825.213462997,4129.630,3.98535e14,0.0164,-4.70240e6,2.35173e6,-5.89827e-9
1481566830,28587778.025003057,24462727.309428383,4125.051,3.94565e14,1.0123,-4.67918e6,2.35183e6,-5.89853e-9
1481566860,28570080.15413489,24449697.727619622,4120.382,3.94704e14,0.9775,-4.68009e6,2.35187e6,-5.89865e-9
1481566890,28552361.98873799,24436736.897215508,4115.625,3.96092e14,0.6292,-4.68825e6,2.35185e6,-5.89862e-9
1481566920,28534623.76405147,24423845.246379633,4110.779,4.00338e14,0.4359,-4.71315e6,2.35178e6,-5.89845e-9
1481566950,28516865.716506284,24411023.202230245,4105.843,3.98217e14,0.0963,-4.70038e6,2.35165e6,-5.89813e-9
1481566980,28499088.083728697,24398271.190809883,4100.817,3.96057e14,0.6381,-4.68727e6,2.35146e6,-5.89767e-9
1481567010,28481291.10454379,24385589.63705489,4095.701,3.96597e14,0.5026,-4.68997e6,2.35121e6,-5.89706e-9
1481567040,28463475.018978897,24372978.964764826,4090.496,3.96243e14,0.5913,-4.68727e6,2.35090e6,-5.89630e-9
1481567070,28445640.06826704,24360439.596571673,4085.200,4.00631e14,0.5093,-4.71241e6,2.35054e6,-5.89539e-9
1481567100,28427786.494850256,24347971.953908943,4079.815,4.03550e14,1.2418,-4.72877e6,2.35011e6,-5.89433e-9
1481567130,28409914.54238223,24335576.456976082,4074.338,3.96319e14,0.5723,-4.68518e6,2.34962e6,-5.89312e-9
1481567160,28392024.455734305,24323253.52472151,4068.771,3.93852e14,1.1913,-4.66956e6,2.34907e6,-5.89176e-9
1481567190,28374116.480995897,24311003.574797224,4063.113,3.95997e14,0.6532,-4.68099e6,2.34847e6,-5.89025e-9
1481567220,28356190.865478747,24298827.023532014,4057.364,3.95187e14,0.8564,-4.67489e6,2.34780e6,-5.88858e-9
1481567250,28338247.857720178,24286724.28589996,4051.524,3.99730e14,0.2834,-4.70018e6,2.34706e6,-5.88676e-9
1481567280,28320287.70748641,24274695.775488812,4045.592,4.02260e14,0.9181,-4.71349e6,2.34627e6,-5.88479e-9
1481567310,28302310.665775687,24262741.904468413,4039.569,4.03649e14,1.2666,-4.71994e6,2.34541e6,-5.88265e-9
1481567340,28284316.984821513,24250863.083558876,4033.454,4.03195e14,1.1526,-4.71543e6,2.34450e6,-5.88036e-9
1481567370,28266306.91809578,24239059.72199884,4027.247,3.96695e14,0.4779,-4.67526e6,2.34352e6,-5.87792e-9
1481567400,28248280.720311925,24227332.227513537,4020.948,4.00924e14,0.5829,-4.69802e6,2.34247e6,-5.87531e-9
1481567430,28230238.64742896,24215681.00629871,4014.558,4.04631e14,1.5129,-4.71758e6,2.34136e6,-5.87255e-9
1481567460,28212180.956651367,24204106.462940037,4008.074,4.03143e14,1.1397,-4.70649e6,2.34019e6,-5.86962e-9
1481567490,28194107.906435587,24192609.000429574,4001.499,4.03378e14,1.1985,-4.70538e6,2.33895e6,-5.86653e-9
1481567520,28176019.756491773,24181189.02011817,3994.831,4.00488e14,0.4736,-4.68583e6,2.33765e6,-5.86329e-9
1481567550,28157916.76778679,24169846.921683468,3988.070,3.97394e14,0.3028,-4.66496e6,2.33629e6,-5.85987e-9
1481567580,28139799.202547133,24158583.10309787,3981.216,3.96070e14,0.6347,-4.65436e6,2.33485e6,-5.85630e-9
1481567610,28121667.32426174,24147397.960596517,3974.269,3.98311e14,0.0727,-4.66449e6,2.33336e6,-5.85256e-9
1481567640,28103521.39768486,24136291.888645176,3967.230,3.97452e14,0.2880,-4.65636e6,2.33179e6,-5.84866e-9
1481567670,28085361.68883879,24125265.27990814,3960.096,3.99958e14,0.3406,-4.66775e6,2.33016e6,-5.84458e-9
1481567700,28067188.465016548,24114318.52521608,3952.870,3.99413e14,0.2038,-4.66118e6,2.32847e6,-5.84035e-9
1481567730,28049001.994780604,24103452.013526797,3945.550,3.97925e14,0.1696,-4.64897e6,2.32670e6,-5.83594e-9
1481567760,28030802.54797804,24092666.1319147,3938.136,4.01158e14,0.6416,-4.66417e6,2.32487e6,-5.83137e-9
1481567790,28012590.395730298,24081961.26551717,3930.629,3.99065e14,0.1165,-4.64818e6,2.32298e6,-5.82662e-9
1481567820,27994365.810439847,24071337.797509182,3923.028,3.93104e14,1.3790,-4.60955e6,2.32101e6,-5.82171e-9
1481567850,27976129.06579268,24060796.10907097,3915.333,3.94402e14,1.0533,-4.61307e6,2.31898e6,-5.81663e-9
1481567880,27957880.436760664,24050336.579355694,3907.544,3.99749e14,0.2883,-4.63997e6,2.31687e6,-5.81137e-9
1481567910,27939620.1996039,24039959.585457142,3899.661,3.98778e14,0.0445,-4.62998e6,2.31470e6,-5.80594e-9
1481567940,27921348.631873053,24029665.502377354,3891.683,4.02531e14,0.9860,-4.64728e6,2.31246e6,-5.80034e-9
1481567970,27903066.012411576,24019454.702994283,3883.611,4.02475e14,0.9721,-4.64232e6,2.31015e6,-5.79456e-9
1481568000,27884772.621357933,24009327.558029488,3875.445,3.93917e14,1.1751,-4.58800e6,2.30777e6,-5.78861e-9
1481568030,27866468.74015248,23999284.436010163,3867.184,3.97629e14,0.2436,-4.60461e6,2.30532e6,-5.78249e-9
1481568060,27848154.65152497,23989325.70325437,3858.829,3.99680e14,0.2708,-4.61143e6,2.30280e6,-5.77618e-9
1481568090,27829830.639511365,23979451.723820765,3850.379,3.96418e14,0.5475,-4.58743e6,2.30021e6,-5.76971e-9
1481568120,27811496.9894511,23969662.85948216,3841.834,4.00679e14,0.5214,-4.60668e6,2.29755e6,-5.76305e-9
1481568150,27793153.987989057,23959959.469693337,3833.195,4.03713e14,1.2827,-4.61868e6,2.29482e6,-5.75621e-9
1481568180,27774801.923077572,23950341.91155882,3824.460,4.04926e14,1.5870,-4.62002e6,2.29201e6,-5.74920e-9
1481568210,27756441.08397827,23940810.539800715,3815.631,4.06080e14,1.8764,-4.62085e6,2.28914e6,-5.74201e-9
1481568240,27738071.761263914,23931365.706726663,3806.706,4.02705e14,1.0297,-4.59555e6,2.28619e6,-5.73463e-9
1481568270,27719694.24682025,23922007.762197804,3797.686,3.98523e14,0.0194,-4.56554e6,2.28317e6,-5.72708e-9
1481568300,27701308.833847605,23912737.053596873,3788.572,3.98123e14,0.1198,-4.55708e6,2.28008e6,-5.71934e-9
1481568330,27682915.816858374,23903553.925800394,3779.362,3.96570e14,0.5094,-4.54189e6,2.27691e6,-5.71142e-9
1481568360,27664515.491691764,23894458.721134197,3770.057,3.97474e14,0.2826,-4.54060e6,2.27367e6,-5.70332e-9
1481568390,27646108.155502122,23885451.779355053,3760.656,4.00548e14,0.4886,-4.55149e6,2.27036e6,-5.69503e-9
1481568420,27627694.10676464,23876533.43761473,3751.161,4.01502e14,0.7280,-4.55014e6,2.26698e6,-5.68656e-9
1481568450,27609273.645276688,23867704.030428655,3741.570,4.01568e14,0.7445,-4.54358e6,2.26352e6,-5.67791e-9
1481568480,27590847.072159175,23858963.889644552,3731.883,4.01613e14,0.7558,-4.53675e6,2.25998e6,-5.66906e-9
1481568510,27572414.68985779,23850313.344411362,3722.101,3.99300e14,0.1755,-4.51643e6,2.25638e6,-5.66004e-9
1481568540,27553976.802144103,23841752.72114818,3712.224,3.96879e14,0.4318,-4.49539e6,2.25269e6,-5.65082e-9
1481568570,27535533.714116722,23833282.34351332,3702.251,4.00281e14,0.4216,-4.50709e6,2.24894e6,-5.64142e-9
1481568600,27517085.73220231,23824902.532373592,3692.183,4.01585e14,0.7488,-4.50677e6,2.24511e6,-5.63183e-9
1481568630,27498633.16416631,23816613.60578174,3682.020,4.00893e14,0.5752,-4.49504e6,2.24120e6,-5.62205e-9
1481568660,27480176.319083735,23808415.878921464,3671.760,3.96716e14,0.4729,-4.46362e6,2.23722e6,-5.61209e-9
1481568690,27461715.50737009,23800309.6641012,3661.406,3.93432e14,1.2967,-4.43714e6,2.23316e6,-5.60193e-9
1481568720,27443251.040772412,23792295.270716354,3650.956,3.96927e14,0.4198,-4.44847e6,2.22902e6,-5.59158e-9
1481568750,27424783.23237003,23784373.005219407,3640.410,3.98101e14,0.1254,-4.44663e6,2.22481e6,-5.58104e-9
1481568780,27406312.396575183,23776543.17109014,3629.769,4.01228e14,0.6592,-4.45549e6,2.22053e6,-5.57031e-9
1481568810,27387838.849133614,23768806.068806175,3619.033,3.99429e14,0.2078,-4.43674e6,2.21616e6,-5.55939e-9
1481568840,27369362.907125015,23761161.995813478,3608.201,3.94788e14,0.9565,-4.40212e6,2.21172e6,-5.54828e-9
1481568870,27350884.88896336,23753611.24649729,3597.274,3.94196e14,1.1049,-4.38986e6,2.20721e6,-5.53697e-9
1481568900,27332405.114397302,23746154.1121531,3586.251,3.98268e14,0.0834,-4.40323e6,2.20261e6,-5.52547e-9
1481568930,27313923.90448856,23738790.880941764,3575.133,3.97739e14,0.2162,-4.39099e6,2.19794e6,-5.51378e-9
1481568960,27295441.58167876,23731521.837910354,3563.920,3.97819e14,0.1960,-4.38195e6,2.19319e6,-5.50189e-9
1481568990,27276958.46972279,23724347.264914602,3552.611,4.03729e14,1.2866,-4.40476e6,2.18837e6,-5.48981e-9
1481569020,27258474.89370998,23717267.440606453,3541.207,3.98682e14,0.0205,-4.36726e6,2.18346e6,-5.47754e-9
1481569050,27239991.180063818,23710282.640405964,3529.709,3.97077e14,0.3822,-4.34853e6,2.17848e6,-5.46506e-9
1481569080,27221507.656541374,23703393.13647353,3518.115,4.00173e14,0.3946,-4.35533e6,2.17342e6,-5.45239e-9
1481569110,27203024.652232915,23696599.197682288,3506.425,3.98832e14,0.0580,-4.33774e6,2.16828e6,-5.43953e-9
1481569140,27184542.497561052,23689901.08959069,3494.641,3.97823e14,0.1950,-4.32184e6,2.16307e6,-5.42647e-9
1481569170,27166061.524280194,23683299.07441548,3482.762,3.92988e14,1.4081,-4.28510e6,2.15777e6,-5.41321e-9
1481569200,27147582.065475594,23676793.41100474,3470.789,3.96498e14,0.5275,-4.29339e6,2.15240e6,-5.39976e-9
1481569230,27129104.455592364,23670384.354827885,3458.720,4.01088e14,0.6241,-4.30725e6,2.14695e6,-5.38610e-9
1481569260,27110629.030342557,23664072.15789858,3446.557,3.97987e14,0.1539,-4.27950e6,2.14141e6,-5.37225e-9
1481569290,27092156.126796,23657857.068799328,3434.299,3.98397e14,0.0509,-4.27050e6,2.13580e6,-5.35820e-9
1481569320,27073686.08334964,23651739.332639482,3421.947,4.00341e14,0.4366,-4.26952e6,2.13011e6,-5.34395e-9
1481569350,27055219.23972655,23645719.19102994,3409.500,3.99444e14,0.2117,-4.25319e6,2.12434e6,-5.32951e-9
1481569380,27036755.93697477,23639796.882058054,3396.959,3.97512e14,0.2731,-4.23122e6,2.11850e6,-5.31486e-9
1481569410,27018296.517466154,23633972.640262887,3384.324,4.00582e14,0.4972,-4.23566e6,2.11257e6,-5.30002e-9
1481569440,26999841.324894994,23628246.69661081,3371.595,3.95071e14,0.8856,-4.19450e6,2.10656e6,-5.28497e-9
1481569470,26981390.70427664,23622619.27847129,3358.771,3.95369e14,0.8108,-4.18396e6,2.10047e6,-5.26973e-9
1481569500,26962945.001945976,23617090.609593123,3345.854,4.06034e14,1.8650,-4.22772e6,2.09431e6,-5.25428e-9
1481569530,26944504.56552953,23611660.91006364,3332.844,4.03696e14,1.2783,-4.20287e6,2.08806e6,-5.23864e-9
1481569560,26926069.744024277,23606330.39633871,3319.739,3.98627e14,0.0068,-4.16368e6,2.08173e6,-5.22279e-9
1481569590,26907640.8877153,23601099.281166676,3306.542,3.93485e14,1.2834,-4.12410e6,2.07532e6,-5.20674e-9
1481569620,26889218.348199524,23595967.773582887,3293.251,3.96774e14,0.4581,-4.12829e6,2.06884e6,-5.19050e-9
1481569650,26870802.47838331,23590936.078887396,3279.866,4.03191e14,1.1517,-4.14840e6,2.06227e6,-5.17405e-9
1481569680,26852393.632480007,23586004.398622975,3266.389,3.94924e14,0.9224,-4.09240e6,2.05562e6,-5.15740e-9
1481569710,26833992.166007336,23581172.930553526,3252.819,3.96661e14,0.4865,-4.08795e6,2.04889e6,-5.14055e-9
1481569740,26815598.435784586,23576441.868642796,3239.157,4.02141e14,0.8883,-4.10245e6,2.04208e6,-5.12349e-9
1481569770,26797212.7999297,23571811.40303348,3225.401,3.90171e14,2.1148,-4.02750e6,2.03520e6,-5.10624e-9
1481569800,26778835.617856305,23567281.720026743,3211.554,3.96198e14,0.6027,-4.04439e6,2.02823e6,-5.08878e-9
1481569830,26760467.25028377,23562853.00207999,3197.614,4.01269e14,0.6694,-4.05606e6,2.02118e6,-5.07113e-9
1481569860,26742108.05919324,23558525.427731786,3183.583,3.94799e14,0.9536,-4.00907e6,2.01405e6,-5.05327e-9
1481569890,26723758.40786474,23554299.171637945,3169.459,3.96545e14,0.5156,-4.00353e6,2.00684e6,-5.03521e-9
1481569920,26705418.660860687,23550174.4045347,3155.244,3.95688e14,0.7306,-3.98469e6,1.99955e6,-5.01695e-9
1481569950,26687089.184022322,23546151.29322032,3140.938,3.98963e14,0.0910,-3.98639e6,1.99218e6,-4.99848e-9
1481569980,26668770.34446605,23542230.00053701,3126.540,4.01119e14,0.6320,-3.98223e6,1.98473e6,-4.97982e-9
1481570010,26650462.51057959,23538410.685353328,3112.052,4.05977e14,1.8505,-3.99122e6,1.97719e6,-4.96095e-9
1481570040,26632166.052018087,23534693.502546903,3097.473,4.03648e14,1.2664,-3.96436e6,1.96958e6,-4.94188e-9
1481570070,26613881.33969999,23531078.602987614,3082.803,3.96841e14,0.4414,-3.91538e6,1.96189e6,-4.92261e-9
1481570100,26595608.745802935,23527566.133521125,3068.043,3.99991e14,0.3488,-3.91533e6,1.95412e6,-4.90314e-9
1481570130,26577348.64376012,23524156.236944024,3053.192,3.95529e14,0.7706,-3.87782e6,1.94626e6,-4.88347e-9
1481570160,26559101.408253357,23520849.052015662,3038.252,3.94689e14,0.9812,-3.85794e6,1.93833e6,-4.86360e-9
1481570190,26540867.415211227,23517644.713415373,3023.223,4.04104e14,1.3807,-3.88760e6,1.93032e6,-4.84352e-9
1481570220,26522647.04180334,23514543.351736527,3008.104,3.98858e14,0.0646,-3.84602e6,1.92223e6,-4.82325e-9
1481570250,26504440.666435502,23511545.093472105,2992.896,3.94157e14,1.1148,-3.80710e6,1.91405e6,-4.80277e-9
1481570280,26486248.668744665,23508650.06100067,2977.599,3.98205e14,0.0991,-3.81005e6,1.90580e6,-4.78209e-9
1481570310,26468071.429593716,23505858.372572757,2962.213,3.99284e14,0.1715,-3.79854e6,1.89747e6,-4.76122e-9
1481570340,26449909.33106617,23503170.14229769,2946.739,3.97500e14,0.2762,-3.77326e6,1.88905e6,-4.74014e-9
1481570370,26431762.756460596,23500585.480130807,2931.177,3.97874e14,0.1823,-3.75807e6,1.88056e6,-4.71886e-9
1481570400,26413632.090285014,23498104.491861142,2915.528,3.97722e14,0.2204,-3.74024e6,1.87199e6,-4.69739e-9
1481570430,26395517.718240984,23495727.279084824,2899.790,3.98024e14,0.1447,-3.72438e6,1.86334e6,-4.67571e-9
1481570460,26377420.027248554,23493453.939238895,2883.966,3.98231e14,0.0926,-3.70791e6,1.85461e6,-4.65383e-9
1481570490,26359339.405409038,23491284.565545008,2868.055,4.02180e14,0.8979,-3.70860e6,1.84580e6,-4.63176e-9
1481570520,26341276.242008626,23489219.247013412,2852.057,4.04229e14,1.4122,-3.70020e6,1.83691e6,-4.60949e-9
1481570550,26323230.927511826,23487258.06843272,2835.973,3.96212e14,0.5993,-3.64537e6,1.82794e6,-4.58702e-9
1481570580,26305203.85355474,23485401.11036017,2819.803,3.98974e14,0.0938,-3.63995e6,1.81890e6,-4.56435e-9
1481570610,26287195.412938125,23483648.44911238,2803.547,3.95646e14,0.7412,-3.60659e6,1.80977e6,-4.54149e-9
1481570640,26269205.999620337,23482000.156756558,2787.206,3.91356e14,1.8176,-3.56888e6,1.80057e6,-4.51842e-9
1481570670,26251236.008710083,23480456.301102143,2770.780,3.99707e14,0.2775,-3.58803e6,1.79128e6,-4.49517e-9
1481570700,26233285.83645902,23479016.945693083,2754.269,3.98276e14,0.0813,-3.56290e6,1.78192e6,-4.47171e-9
1481570730,26215355.88026763,23477682.149831433,2737.674,3.98916e14,0.0791,-3.54689e6,1.77249e6,-4.44806e-9
1481570760,26197446.53863604,23476451.96847521,2720.995,4.00923e14,0.5827,-3.53674e6,1.76297e6,-4.42422e-9
1481570790,26179558.211197656,23475326.45232747,2704.232,4.02451e14,0.9661,-3.52423e6,1.75338e6,-4.40018e-9
1481570820,26161691.29869777,23474305.647799924,2687.386,3.98914e14,0.0786,-3.48933e6,1.74371e6,-4.37594e-9
1481570850,26143846.20298541,23473389.597007852,2670.457,3.97436e14,0.2921,-3.46341e6,1.73396e6,-4.35151e-9
1481570880,26126023.32700501,23472578.337765537,2653.445,3.98299e14,0.0755,-3.44753e6,1.72413e6,-4.32689e-9
1481570910,26108223.074788004,23471871.90358223,2636.351,3.95457e14,0.7885,-3.41552e6,1.71423e6,-4.30208e-9
1481570940,26090445.85144406,23471270.323658526,2619.176,3.98658e14,0.0145,-3.40935e6,1.70426e6,-4.27707e-9
1481570970,26072692.06315234,23470773.622883327,2601.918,3.97969e14,0.1585,-3.38631e6,1.69420e6,-4.25187e-9
1481571000,26054962.11715237,23470381.82183122,2584.580,3.98891e14,0.0729,-3.36998e6,1.68407e6,-4.22649e-9
1481571030,26037256.42172116,23470094.936733767,2567.161,4.00694e14,0.5253,-3.35714e6,1.67386e6,-4.20091e-9
1481571060,26019575.38620611,23469912.979559675,2549.662,3.98207e14,0.0987,-3.32615e6,1.66358e6,-4.17514e-9
1481571090,26001919.420973066,23469835.95793196,2532.083,3.96740e14,0.4668,-3.29937e6,1.65323e6,-4.14918e-9
1481571120,25984288.93741012,23469863.87515335,2514.425,3.94483e14,1.0329,-3.26926e6,1.64279e6,-4.12304e-9
1481571150,25966684.347917505,23469996.73020594,2496.688,3.95935e14,0.6688,-3.25432e6,1.63229e6,-4.09670e-9
1481571180,25949106.06589736,23470234.517751187,2478.872,3.96264e14,0.5862,-3.23457e6,1.62171e6,-4.07019e-9
1481571210,25931554.505743217,23470577.22813047,2460.977,3.99168e14,0.1424,-3.22508e6,1.61105e6,-4.04348e-9
1481571240,25914030.08282937,23471024.847366054,2443.005,4.01824e14,0.8088,-3.21429e6,1.60032e6,-4.01659e-9
1481571270,25896533.213499986,23471577.35716257,2424.956,3.96905e14,0.4253,-3.17298e6,1.58952e6,-3.98951e-9
1481571300,25879064.315058082,23472234.73490892,2406.830,4.02776e14,1.0477,-3.17455e6,1.57865e6,-3.96225e-9
1481571330,25861623.805769417,23472996.953690227,2388.627,4.02163e14,0.8937,-3.15013e6,1.56770e6,-3.93481e-9
1481571360,25844212.104804523,23473863.982261702,2370.348,3.95487e14,0.7812,-3.10192e6,1.55668e6,-3.90719e-9
1481571390,25826829.632273477,23474835.785080757,2351.994,3.98677e14,0.0193,-3.09220e6,1.54558e6,-3.87938e-9
1481571420,25809476.80919931,23475912.32230173,2333.564,4.03019e14,1.1085,-3.08660e6,1.53442e6,-3.85140e-9
1481571450,25792154.057506,23477093.549780324,2315.061,4.08333e14,2.4417,-3.08433e6,1.52318e6,-3.82323e-9
1481571480,25774861.800006423,23478379.419078495,2296.482,4.05224e14,1.6618,-3.04965e6,1.51187e6,-3.79489e-9
1481571510,25757600.460390076,23479769.87746994,2277.831,3.99337e14,0.1847,-3.00454e6,1.50050e6,-3.76636e-9
1481571540,25740370.463210512,23481264.86794591,2259.106,4.00973e14,0.5953,-2.98775e6,1.48905e6,-3.73766e-9
1481571570,25723172.23387266,23482864.329221647,2240.308,3.99473e14,0.2190,-2.95909e6,1.47753e6,-3.70879e-9
1481571600,25706006.198619943,23484568.195743274,2221.438,3.98605e14,0.0011,-2.93270e6,1.46594e6,-3.67974e-9
1481571630,25688872.784503993,23486376.39769597,2202.496,3.97624e14,0.2450,-2.90581e6,1.45428e6,-3.65052e-9
1481571660,25671772.41942378,23488288.86100894,2183.484,3.94083e14,1.1333,-2.86958e6,1.44256e6,-3.62112e-9
1481571690,25654705.532059833,23490305.507367,2164.400,4.02370e14,0.9458,-2.87589e6,1.43076e6,-3.59155e-9
1481571720,25637672.55187707,23492426.254218217,2145.246,4.00063e14,0.3670,-2.84385e6,1.41890e6,-3.56181e-9
1481571750,25620673.90911074,23494651.014783185,2126.023,3.94574e14,1.0101,-2.80056e6,1.40697e6,-3.53190e-9
1481571780,25603710.034752045,23496979.69806472,2106.730,3.99766e14,0.2924,-2.79488e6,1.39497e6,-3.50182e-9
1481571810,25586781.360533543,23499412.208858084,2087.369,3.95896e14,0.6784,-2.75729e6,1.38290e6,-3.47158e-9
1481571840,25569888.318914387,23501948.447761603,2067.940,3.95293e14,0.8298,-2.73104e6,1.37077e6,-3.44116e-9
1481571870,25553031.34306528,23504588.31118774,2048.443,3.99751e14,0.2886,-2.72196e6,1.35858e6,-3.41058e-9
1481571900,25536210.866853256,23507331.691374663,2028.879,4.01010e14,0.6046,-2.70167e6,1.34631e6,-3.37984e-9
1481571930,25519427.324843336,23510178.47639568,2009.249,3.99345e14,0.1868,-2.67137e6,1.33399e6,-3.34894e-9
1481577450,23511545.093472105,25511815.223876465,2000.270,3.96908e14,0.4247,2.65307e6,-1.32947e6,3.33477e-9
1481577480,23508650.06100067,25528583.394330986,2019.933,3.95370e14,0.8105,2.67252e6,-1.34181e6,3.36576e-9
1481577510,23505858.372572757,25545388.702263143,2039.530,3.95601e14,0.7524,2.69777e6,-1.35408e6,3.39658e-9
1481577540,23503170.14229769,25562230.712641705,2059.061,4.01668e14,0.7696,2.74290e6,-1.36629e6,3.42724e-9
1481577570,23500585.480130807,25579108.99111052,2078.524,4.02056e14,0.8670,2.76863e6,-1.37843e6,3.45773e-9
1481577600,23498104.491861142,25596023.104004137,2097.919,4.01678e14,0.7721,2.79158e6,-1.39051e6,3.48805e-9
1481577630,23495727.279084824,25612972.61834006,2117.245,4.05892e14,1.8292,2.83053e6,-1.40252e6,3.51821e-9
1481577660,23493453.939238895,25629957.101905376,2136.503,3.98965e14,0.0915,2.83007e6,-1.41446e6,3.54821e-9
1481577690,23491284.565545008,25646976.123199962,2155.692,4.00297e14,0.4256,2.85861e6,-1.42633e6,3.57803e-9
1481577720,23489219.247013412,25664029.251474198,2174.810,4.05236e14,1.6646,2.90010e6,-1.43814e6,3.60768e-9
1481577750,23487258.06843272,25681116.056743372,2193.858,3.99543e14,0.2365,2.90308e6,-1.44988e6,3.63716e-9
1481577780,23485401.11036017,25698236.109801732,2212.835,3.98342e14,0.0649,2.92206e6,-1.46155e6,3.66647e-9
1481577810,23483648.44911238,25715388.982236356,2231.741,3.91862e14,1.6905,2.92132e6,-1.47315e6,3.69560e-9
1481577840,23482000.156756558,25732574.246440843,2250.574,3.94528e14,1.0217,2.95413e6,-1.48468e6,3.72456e-9
1481577870,23480456.301102143,25749791.47562874,2269.335,3.97396e14,0.3023,2.98771e6,-1.49615e6,3.75334e-9
1481577900,23479016.945693083,25767040.24384679,2288.023,3.97733e14,0.2177,3.01174e6,-1.50754e6,3.78195e-9
1481577930,23477682.149831433,25784320.125999894,2306.638,4.05050e14,1.6181,3.06225e6,-1.51886e6,3.81038e-9
1481577960,23476451.96847521,25801630.697827034,2325.179,4.01259e14,0.6671,3.07039e6,-1.53011e6,3.83863e-9
1481577990,23475326.45232747,25818971.535951026,2343.645,3.98794e14,0.0487,3.08331e6,-1.54128e6,3.86671e-9
1481578020,23474305.647799924,25836342.217879016,2362.037,3.98246e14,0.0890,3.10340e6,-1.55239e6,3.89460e-9
1481578050,23473389.597007852,25853742.32201472,2380.353,4.03693e14,1.2776,3.14683e6,-1.56343e6,3.92231e-9
1481578080,23472578.337765537,25871171.42767057,2398.593,4.00061e14,0.3664,3.15457e6,-1.57439e6,3.94984e-9
1481578110,23471871.90358223,25888629.115079656,2416.757,3.97052e14,0.3885,3.16443e6,-1.58528e6,3.97719e-9
1481578140,23471270.323658526,25906114.9654074,2434.845,3.96358e14,0.5626,3.18325e6,-1.59609e6,4.00435e-9
1481578170,23470773.622883327,25923628.56076307,2452.855,3.92934e14,1.4215,3.19088e6,-1.60684e6,4.03133e-9
1481578200,23470381.82183122,25941169.484211102,2470.788,3.99146e14,0.1368,3.23729e6,-1.61750e6,4.05813e-9
1481578230,23470094.936733767,25958737.319780115,2488.642,4.03783e14,1.3003,3.27745e6,-1.62810e6,4.08474e-9
1481578260,23469912.979559675,25976331.652480546,2506.419,3.99234e14,0.1590,3.27994e6,-1.63862e6,4.11116e-9
1481578290,23469835.95793196,25993952.068308473,2524.116,3.93548e14,1.2674,3.27733e6,-1.64907e6,4.13739e-9
1481578320,23469863.87515335,26011598.154258434,2541.734,3.98723e14,0.0308,3.31950e6,-1.65944e6,4.16344e-9
1481578350,23469996.73020594,26029269.498333752,2559.273,3.98946e14,0.0867,3.34104e6,-1.66973e6,4.18930e-9
1481578380,23470234.517751187,26046965.689556688,2576.731,3.97656e14,0.2369,3.35606e6,-1.67995e6,4.21497e-9
1481578410,23470577.22813047,26064686.31797841,2594.109,4.00797e14,0.5511,3.38966e6,-1.69010e6,4.24045e-9
1481578440,23471024.847366054,26082430.974688713,2611.406,4.03904e14,1.3306,3.42312e6,-1.70017e6,4.26574e-9
